STATE,DISTRICT,STATION,TEMP,DATE_TEMP,TIME_TEMP,RH,DATE_RH,TIME_RH,LOGGED_AT (IST),EHI (in shade °C),Light Work Heat Stress Zone,EHI_350 (in shade °C),Hard Labor Heat Stress Zone,EHI_3_shade,Zone_3_shade,EHI_3_sun,Zone_3_sun,EHI_4_shade,Zone_4_shade,EHI_4_sun,Zone_4_sun,EHI_5_shade,Zone_5_shade,EHI_5_sun,Zone_5_sun,EHI_6_shade,Zone_6_shade,EHI_6_sun,Zone_6_sun
Andaman And Nicobar,Nicobar,Campbell Bay,26.5,2026-07-13,00:30:00,94.0,2026-07-12,00:30:00,2026-07-13 00:51:19,30.450000000000045,Zone 4,62.8,Zone 5,30.5,Zone 4,57.9,Zone 5,39.9,Zone 5,62.4,Zone 5,59.3,Zone 5,65.1,Zone 5,62.8,Zone 5,67.1,Zone 5
Andaman And Nicobar,Nicobar,Car Nicobar,28.2,2026-07-13,00:30:00,88.0,2026-07-12,00:30:00,2026-07-13 00:51:19,33.650000000000034,Zone 4,64.0,Zone 5,33.1,Zone 4,60.1,Zone 5,46.6,Zone 5,63.6,Zone 5,60.7,Zone 5,66.1,Zone 5,64.0,Zone 5,68.0,Zone 5
Andaman And Nicobar,Nicobar,Nancowry,27.3,2026-07-13,00:30:00,97.0,2026-07-12,00:30:00,2026-07-13 00:51:19,32.950000000000045,Zone 4,65.2,Zone 5,33.5,Zone 4,61.5,Zone 5,53.6,Zone 5,64.8,Zone 5,62.1,Zone 5,67.1,Zone 5,65.2,Zone 5,68.8,Zone 5
Andaman And Nicobar,N M Andaman,Mayabunder,27.4,2026-07-13,00:30:00,96.0,2026-07-12,00:30:00,2026-07-13 00:51:19,33.05000000000001,Zone 4,65.0,Zone 5,33.3,Zone 4,61.3,Zone 5,52.3,Zone 5,64.6,Zone 5,61.8,Zone 5,66.9,Zone 5,65.0,Zone 5,68.7,Zone 5
Andaman And Nicobar,South Andaman,Ferrargunj,27.8,2026-07-13,00:45:00,80.0,2026-07-12,00:45:00,2026-07-13 00:51:19,31.450000000000045,Zone 4,62.2,Zone 5,31.8,Zone 4,55.0,Zone 5,38.6,Zone 4,61.8,Zone 5,57.2,Zone 5,64.5,Zone 5,62.2,Zone 5,66.6,Zone 5
Andaman And Nicobar,South Andaman,Hut Bay,27.2,2026-07-13,00:30:00,92.0,2026-07-12,00:30:00,2026-07-13 00:51:19,31.850000000000023,Zone 4,63.2,Zone 5,31.4,Zone 4,59.2,Zone 5,42.1,Zone 5,62.8,Zone 5,59.8,Zone 5,65.4,Zone 5,63.2,Zone 5,67.4,Zone 5
Andaman And Nicobar,South Andaman,Shaheed Dweep,27.0,2026-07-13,00:30:00,97.0,2026-07-12,00:30:00,2026-07-13 00:51:19,32.150000000000034,Zone 4,64.3,Zone 5,32.1,Zone 4,60.5,Zone 5,48.4,Zone 5,63.9,Zone 5,61.1,Zone 5,66.4,Zone 5,64.3,Zone 5,68.2,Zone 5
Andaman And Nicobar,South Andaman,Sri Vijaya Puram Aws400,28.1,2026-07-13,00:45:00,82.0,2026-07-12,00:45:00,2026-07-13 00:51:19,32.35000000000002,Zone 4,62.6,Zone 5,32.1,Zone 4,57.1,Zone 5,39.1,Zone 4,62.2,Zone 5,59.1,Zone 5,64.9,Zone 5,62.6,Zone 5,66.9,Zone 5
Andaman And Nicobar,South Andaman,Swaraj Deep,28.2,2026-07-13,00:45:00,74.0,2026-07-12,00:45:00,2026-07-13 00:51:19,31.450000000000045,Zone 4,60.7,Zone 5,31.0,Zone 4,48.1,Zone 5,37.4,Zone 4,60.3,Zone 5,50.4,Zone 5,63.3,Zone 5,60.7,Zone 5,65.5,Zone 5
Andhra Pradesh,Alluri Sitharama Raju,Araku Valley,25.4,2026-07-13,00:30:00,86.0,2026-07-12,00:30:00,2026-07-13 00:51:19,27.55000000000001,Zone 4,59.5,Zone 5,27.7,Zone 4,42.1,Zone 5,34.2,Zone 4,59.1,Zone 5,44.2,Zone 5,62.2,Zone 5,59.5,Zone 5,64.6,Zone 5
Andhra Pradesh,Alluri Sitharama Raju,Chintapalli Amfu,22.9,2026-07-13,00:30:00,88.0,2026-07-12,00:30:00,2026-07-13 00:51:19,24.25,Zone 3,46.6,Zone 5,24.3,Zone 3,35.0,Zone 4,30.0,Zone 4,45.1,Zone 5,35.5,Zone 4,59.1,Zone 5,46.6,Zone 5,61.9,Zone 5
Andhra Pradesh,Alluri Sitharama Raju,Pandirimamidi Hrs,26.5,2026-07-13,00:30:00,80.0,2026-07-12,00:30:00,2026-07-13 00:51:19,28.950000000000045,Zone 4,59.8,Zone 5,28.9,Zone 4,43.4,Zone 5,35.3,Zone 4,59.4,Zone 5,45.7,Zone 5,62.5,Zone 5,59.8,Zone 5,64.8,Zone 5
Andhra Pradesh,Anantapur,Kh Govtdegcollege Dharmavaram,27.4,2026-07-13,00:45:00,74.0,2026-07-12,00:45:00,2026-07-13 00:51:19,29.950000000000045,Zone 4,60.0,Zone 5,30.1,Zone 4,44.3,Zone 5,36.3,Zone 4,59.6,Zone 5,46.6,Zone 5,62.6,Zone 5,60.0,Zone 5,65.0,Zone 5
Andhra Pradesh,Bapatla,Chirala,29.3,2026-07-13,00:45:00,75.0,2026-07-12,00:45:00,2026-07-13 00:51:19,33.85000000000002,Zone 4,63.4,Zone 5,34.3,Zone 4,59.4,Zone 5,42.8,Zone 5,63.0,Zone 5,59.9,Zone 5,65.5,Zone 5,63.4,Zone 5,67.5,Zone 5
Andhra Pradesh,Eluru,Vijayarai,26.6,2026-07-13,00:30:00,61.0,2026-07-12,00:30:00,2026-07-13 00:51:19,27.55000000000001,Zone 4,44.6,Zone 5,27.4,Zone 4,37.3,Zone 4,32.8,Zone 4,43.2,Zone 5,37.7,Zone 4,58.0,Zone 5,44.6,Zone 5,61.6,Zone 5
Andhra Pradesh,Kakinada,Kakinada,29.7,2026-07-13,00:30:00,76.0,2026-07-12,00:30:00,2026-07-13 00:51:19,35.05000000000001,Zone 4,63.6,Zone 5,34.5,Zone 4,59.7,Zone 5,44.2,Zone 5,63.2,Zone 5,60.2,Zone 5,65.8,Zone 5,63.6,Zone 5,67.7,Zone 5
Andhra Pradesh,Kakinada,Peddapuram,30.5,2026-07-13,00:30:00,68.0,2026-07-12,00:30:00,2026-07-13 00:51:19,35.150000000000034,Zone 4,63.1,Zone 5,35.2,Zone 4,59.1,Zone 5,41.8,Zone 4,62.7,Zone 5,59.6,Zone 5,65.3,Zone 5,63.1,Zone 5,67.3,Zone 5
Andhra Pradesh,Konaseema,Ambajipeta Arg,28.5,2026-07-13,00:30:00,100.0,2026-07-12,00:30:00,2026-07-13 00:51:19,43.05000000000001,Zone 5,67.6,Zone 5,43.1,Zone 5,64.5,Zone 5,61.2,Zone 5,67.2,Zone 5,65.0,Zone 5,69.2,Zone 5,67.6,Zone 5,70.6,Zone 5
Andhra Pradesh,Konaseema,Ambajipeta Aws,27.8,2026-07-13,00:45:00,100.0,2026-07-12,00:45:00,2026-07-13 00:51:19,35.05000000000001,Zone 5,66.7,Zone 5,37.1,Zone 5,63.4,Zone 5,59.8,Zone 5,66.3,Zone 5,63.9,Zone 5,68.4,Zone 5,66.7,Zone 5,70.0,Zone 5
Andhra Pradesh,Ntr,Mylavaram College Of  Engineer,28.1,2026-07-13,00:45:00,91.0,2026-07-12,00:45:00,2026-07-13 00:51:19,33.950000000000045,Zone 4,64.7,Zone 5,33.7,Zone 4,61.0,Zone 5,50.8,Zone 5,64.3,Zone 5,61.5,Zone 5,66.7,Zone 5,64.7,Zone 5,68.5,Zone 5
Andhra Pradesh,Palnadu,Rentachintala,30.9,2026-07-13,00:30:00,56.0,2026-07-12,00:30:00,2026-07-13 00:51:19,33.650000000000034,Zone 4,60.5,Zone 5,33.9,Zone 4,47.2,Zone 5,39.6,Zone 4,60.1,Zone 5,49.4,Zone 5,63.1,Zone 5,60.5,Zone 5,65.4,Zone 5
Andhra Pradesh,Prakasam,Cs Puram,32.7,2026-07-13,00:45:00,43.0,2026-07-12,00:45:00,2026-07-13 00:51:19,34.450000000000045,Zone 4,57.8,Zone 5,34.1,Zone 4,43.5,Zone 4,39.2,Zone 4,56.4,Zone 5,44.0,Zone 4,61.6,Zone 5,57.8,Zone 5,64.0,Zone 5
Andhra Pradesh,Srikakulam,Nagaralapeta Kalingapatnam,28.8,2026-07-13,00:45:00,90.0,2026-07-12,00:45:00,2026-07-13 00:51:19,35.75,Zone 4,66.2,Zone 5,36.4,Zone 4,62.7,Zone 5,59.1,Zone 5,65.8,Zone 5,63.3,Zone 5,68.0,Zone 5,66.2,Zone 5,69.6,Zone 5
Andhra Pradesh,Srikakulam,Ragolu,28.7,2026-07-13,00:30:00,81.0,2026-07-12,00:30:00,2026-07-13 00:51:19,33.55000000000001,Zone 4,63.2,Zone 5,33.1,Zone 4,59.2,Zone 5,42.0,Zone 5,62.8,Zone 5,59.7,Zone 5,65.4,Zone 5,63.2,Zone 5,67.4,Zone 5
Andhra Pradesh,Sri Potti Sriramulu Nellore,Podalakur,30.5,2026-07-13,00:30:00,,,,2026-07-13 00:51:19,,,,,,,,,,,,,,,,,,,,
Andhra Pradesh,Visakhapatnam,Anandapuram Arg,29.9,2026-07-13,00:30:00,55.0,2026-07-12,00:30:00,2026-07-13 00:51:19,31.850000000000023,Zone 4,58.3,Zone 5,32.0,Zone 4,42.1,Zone 4,37.5,Zone 4,56.9,Zone 5,42.7,Zone 4,61.7,Zone 5,58.3,Zone 5,64.1,Zone 5
Andhra Pradesh,Visakhapatnam,Gangavaram Port,31.1,2026-07-13,00:45:00,59.0,2026-07-12,00:45:00,2026-07-13 00:51:19,34.650000000000034,Zone 4,61.4,Zone 5,34.4,Zone 4,51.3,Zone 5,40.4,Zone 4,61.0,Zone 5,53.6,Zone 5,63.9,Zone 5,61.4,Zone 5,66.0,Zone 5
Andhra Pradesh,Visakhapatnam,Mehadrigadda Dam,42.2,2026-07-13,00:45:00,72.0,2026-07-12,00:45:00,2026-07-13 00:51:19,88.85000000000002,Zone 6,96.6,Zone 6,88.0,Zone 6,93.0,Zone 6,90.9,Zone 6,95.8,Zone 6,93.8,Zone 6,98.7,Zone 6,96.6,Zone 6,101.5,Zone 6
Andhra Pradesh,Vizianagaram,Bobbili,30.2,2026-07-13,00:45:00,60.0,2026-07-12,00:45:00,2026-07-13 00:51:19,33.05000000000001,Zone 4,60.2,Zone 5,32.7,Zone 4,45.5,Zone 5,38.6,Zone 4,59.8,Zone 5,47.8,Zone 5,62.8,Zone 5,60.2,Zone 5,65.1,Zone 5
Andhra Pradesh,Vizianagaram,Vizianagaram,30.5,2026-07-13,00:30:00,72.0,2026-07-12,00:30:00,2026-07-13 00:51:19,36.05000000000001,Zone 4,64.2,Zone 5,36.1,Zone 4,60.3,Zone 5,47.6,Zone 5,63.8,Zone 5,60.9,Zone 5,66.2,Zone 5,64.2,Zone 5,68.1,Zone 5
Andhra Pradesh,West Godavari,Bhimavaram,,,,83.0,2026-07-12,00:45:00,2026-07-13 00:51:19,,,,,,,,,,,,,,,,,,,,
Andhra Pradesh,West Godavari,Kv Gopannapalem Eluru,27.8,2026-07-13,00:45:00,56.0,2026-07-12,00:45:00,2026-07-13 00:51:19,28.850000000000023,Zone 4,48.2,Zone 5,29.1,Zone 4,38.9,Zone 4,34.4,Zone 4,46.7,Zone 5,39.3,Zone 4,59.5,Zone 5,48.2,Zone 5,62.2,Zone 5
Andhra Pradesh,West Godavari,Maruteru,30.3,2026-07-13,00:30:00,90.0,2026-07-12,00:30:00,2026-07-13 00:51:19,49.450000000000045,Zone 5,68.7,Zone 5,52.3,Zone 5,65.9,Zone 5,62.9,Zone 5,68.4,Zone 5,66.4,Zone 5,70.2,Zone 5,68.7,Zone 5,71.5,Zone 5
Andhra Pradesh,West Godavari,Narsapur,29.5,2026-07-13,00:45:00,76.0,2026-07-12,00:45:00,2026-07-13 00:51:19,34.55000000000001,Zone 4,63.6,Zone 5,34.5,Zone 4,59.7,Zone 5,44.2,Zone 5,63.2,Zone 5,60.2,Zone 5,65.8,Zone 5,63.6,Zone 5,67.7,Zone 5
Andhra Pradesh,Ysr Kadapa,Agricultural College  Badvel,30.9,2026-07-13,00:45:00,49.0,2026-07-12,00:45:00,2026-07-13 00:51:19,32.55000000000001,Zone 4,57.2,Zone 5,32.7,Zone 4,42.5,Zone 4,38.0,Zone 4,55.7,Zone 5,43.0,Zone 4,61.4,Zone 5,57.2,Zone 5,63.9,Zone 5
Arunachal Pradesh,Anjaw,Hayuliang Circle,24.0,2026-07-13,00:45:00,86.0,2026-07-12,00:45:00,2026-07-13 00:51:19,25.350000000000023,Zone 4,51.5,Zone 5,25.3,Zone 4,36.5,Zone 4,31.4,Zone 4,49.9,Zone 5,37.0,Zone 4,60.2,Zone 5,51.5,Zone 5,62.8,Zone 5
Arunachal Pradesh,Changlang,Miao,25.7,2026-07-13,00:45:00,100.0,2026-07-12,00:45:00,2026-07-13 00:51:19,29.450000000000045,Zone 4,62.4,Zone 5,29.0,Zone 4,55.9,Zone 5,37.6,Zone 5,62.0,Zone 5,58.0,Zone 5,64.7,Zone 5,62.4,Zone 5,66.7,Zone 5
Arunachal Pradesh,Dibang Valley,Anini,20.0,2026-07-13,00:30:00,100.0,2026-07-12,00:30:00,2026-07-13 00:51:19,21.450000000000045,Zone 3,36.9,Zone 5,21.5,Zone 3,31.3,Zone 4,26.3,Zone 4,36.3,Zone 4,31.7,Zone 4,50.8,Zone 5,36.9,Zone 5,60.0,Zone 5
Arunachal Pradesh,East Kameng,Seppa Pampoli,30.2,2026-07-13,00:45:00,92.0,2026-07-12,00:45:00,2026-07-13 00:51:19,51.950000000000045,Zone 5,68.4,Zone 5,49.2,Zone 5,65.4,Zone 5,62.3,Zone 5,68.0,Zone 5,65.9,Zone 5,69.8,Zone 5,68.4,Zone 5,71.2,Zone 5
Arunachal Pradesh,East Siang,Pashighat,26.6,2026-07-13,00:45:00,98.0,2026-07-12,00:45:00,2026-07-13 00:51:19,31.25,Zone 4,63.7,Zone 5,31.0,Zone 4,59.7,Zone 5,44.5,Zone 5,63.3,Zone 5,60.3,Zone 5,65.8,Zone 5,63.7,Zone 5,67.7,Zone 5
Arunachal Pradesh,Kurung Kumey,Koloraing,22.6,2026-07-13,00:15:00,,,,2026-07-13 00:51:19,,,,,,,,,,,,,,,,,,,,
Arunachal Pradesh,Kurung Kumey,Nyapin,24.4,2026-07-13,00:30:00,100.0,2026-07-12,00:45:00,2026-07-13 00:51:19,26.850000000000023,Zone 4,60.7,Zone 5,27.0,Zone 4,47.6,Zone 5,34.0,Zone 4,60.2,Zone 5,50.0,Zone 5,63.2,Zone 5,60.7,Zone 5,65.5,Zone 5
Arunachal Pradesh,Kurung Kumey,Nyapin,22.7,2026-07-13,00:45:00,100.0,2026-07-12,00:45:00,2026-07-13 00:51:19,24.450000000000045,Zone 3,52.5,Zone 5,24.3,Zone 3,35.4,Zone 4,30.1,Zone 4,50.9,Zone 5,36.0,Zone 4,60.4,Zone 5,52.5,Zone 5,63.0,Zone 5
Arunachal Pradesh,Leparada,Basar,24.6,2026-07-13,00:45:00,100.0,2026-07-12,00:45:00,2026-07-13 00:51:19,27.25,Zone 4,60.7,Zone 5,27.0,Zone 4,47.6,Zone 5,34.0,Zone 4,60.2,Zone 5,50.0,Zone 5,63.2,Zone 5,60.7,Zone 5,65.5,Zone 5
Arunachal Pradesh,Lohit,Wakro,25.9,2026-07-13,00:15:00,,,,2026-07-13 00:51:19,,,,,,,,,,,,,,,,,,,,
Arunachal Pradesh,Longding,Longding,26.3,2026-07-13,00:30:00,,,,2026-07-13 00:51:19,,,,,,,,,,,,,,,,,,,,
Arunachal Pradesh,Longding,Longding New,23.2,2026-07-13,00:30:00,100.0,2026-07-12,00:30:00,2026-07-13 00:51:19,24.950000000000045,Zone 3,55.8,Zone 5,24.8,Zone 3,36.7,Zone 5,31.0,Zone 4,54.3,Zone 5,38.5,Zone 5,61.1,Zone 5,55.8,Zone 5,63.6,Zone 5
Arunachal Pradesh,Lower Siang,Kangku,25.9,2026-07-13,00:45:00,100.0,2026-07-12,00:45:00,2026-07-13 00:51:19,29.850000000000023,Zone 4,63.2,Zone 5,30.1,Zone 4,59.2,Zone 5,42.0,Zone 5,62.8,Zone 5,59.8,Zone 5,65.4,Zone 5,63.2,Zone 5,67.4,Zone 5
Arunachal Pradesh,Lower Subansiri,Deed,21.8,2026-07-13,00:45:00,100.0,2026-07-12,00:45:00,2026-07-13 00:51:19,23.55000000000001,Zone 3,49.1,Zone 5,23.7,Zone 3,34.5,Zone 4,29.3,Zone 4,47.5,Zone 5,35.0,Zone 4,59.7,Zone 5,49.1,Zone 5,62.4,Zone 5
Arunachal Pradesh,Lower Subansiri,Ziro Manipolyang,20.4,2026-07-13,00:45:00,100.0,2026-07-12,00:45:00,2026-07-13 00:51:19,21.950000000000045,Zone 3,39.6,Zone 5,22.0,Zone 3,32.0,Zone 4,27.0,Zone 4,38.4,Zone 5,32.4,Zone 4,53.6,Zone 5,39.6,Zone 5,60.6,Zone 5
Arunachal Pradesh,Namsai,Lekang,26.1,2026-07-13,00:30:00,94.0,2026-07-12,00:30:00,2026-07-13 00:51:19,29.650000000000034,Zone 4,62.0,Zone 5,29.4,Zone 4,54.1,Zone 5,36.6,Zone 4,61.6,Zone 5,56.3,Zone 5,64.4,Zone 5,62.0,Zone 5,66.5,Zone 5
Arunachal Pradesh,Namsai,Namsai Kvk,26.3,2026-07-13,00:45:00,100.0,2026-07-12,00:45:00,2026-07-13 00:51:19,30.850000000000023,Zone 4,64.1,Zone 5,31.3,Zone 4,60.2,Zone 5,47.0,Zone 5,63.7,Zone 5,60.8,Zone 5,66.2,Zone 5,64.1,Zone 5,68.0,Zone 5
Arunachal Pradesh,Papumpare,Itanagar,26.0,2026-07-13,00:45:00,100.0,2026-07-12,00:45:00,2026-07-13 00:51:19,30.150000000000034,Zone 4,63.2,Zone 5,30.1,Zone 4,59.2,Zone 5,42.0,Zone 5,62.8,Zone 5,59.8,Zone 5,65.4,Zone 5,63.2,Zone 5,67.4,Zone 5
Arunachal Pradesh,Papumpare,Yupia,26.5,2026-07-13,00:30:00,,,,2026-07-13 00:51:19,,,,,,,,,,,,,,,,,,,,
Arunachal Pradesh,Tawang,Domane,,,,97.0,2026-07-12,00:30:00,2026-07-13 00:51:19,,,,,,,,,,,,,,,,,,,,
Arunachal Pradesh,Tirap,Deomali,26.6,2026-07-13,00:30:00,100.0,2026-07-12,00:30:00,2026-07-13 00:51:19,31.55000000000001,Zone 4,64.1,Zone 5,31.3,Zone 4,60.2,Zone 5,47.0,Zone 5,63.7,Zone 5,60.8,Zone 5,66.2,Zone 5,64.1,Zone 5,68.0,Zone 5
Arunachal Pradesh,Tirap,Longding,22.9,2026-07-13,00:30:00,,,,2026-07-13 00:51:19,,,,,,,,,,,,,,,,,,,,
Arunachal Pradesh,Upper Siang,Tenali,16.3,2026-07-13,00:30:00,100.0,2026-07-12,00:30:00,2026-07-13 00:51:19,16.950000000000045,Zone 3,31.6,Zone 4,17.2,Zone 3,26.9,Zone 4,23.2,Zone 3,31.4,Zone 4,27.0,Zone 4,35.7,Zone 4,31.6,Zone 4,46.6,Zone 5
Arunachal Pradesh,Upper Siang,Yingkiong,26.8,2026-07-13,00:30:00,10.0,2026-07-12,00:30:00,2026-07-13 00:51:19,25.05000000000001,Zone 3,35.9,Zone 4,25.3,Zone 4,32.6,Zone 4,29.1,Zone 4,35.9,Zone 4,32.6,Zone 4,39.0,Zone 4,35.9,Zone 4,42.1,Zone 4
Arunachal Pradesh,Upper Subhanseri,Daporijo,26.7,2026-07-13,00:45:00,95.0,2026-07-12,00:45:00,2026-07-13 00:51:19,31.05000000000001,Zone 4,63.0,Zone 5,30.6,Zone 4,58.8,Zone 5,41.0,Zone 5,62.6,Zone 5,59.5,Zone 5,65.3,Zone 5,63.0,Zone 5,67.2,Zone 5
Arunachal Pradesh,West Kameng,Bomdila,20.3,2026-07-13,00:30:00,,,,2026-07-13 00:51:19,,,,,,,,,,,,,,,,,,,,
Arunachal Pradesh,West Kameng,Dirang,23.5,2026-07-13,00:30:00,100.0,2026-07-12,00:45:00,2026-07-13 00:51:19,25.25,Zone 3,58.9,Zone 5,25.3,Zone 3,39.9,Zone 5,31.9,Zone 4,57.4,Zone 5,42.0,Zone 5,61.8,Zone 5,58.9,Zone 5,64.2,Zone 5
Arunachal Pradesh,West Kameng,Dirang,19.6,2026-07-13,00:45:00,100.0,2026-07-12,00:45:00,2026-07-13 00:51:19,21.05000000000001,Zone 3,35.9,Zone 4,20.9,Zone 3,30.6,Zone 4,25.7,Zone 4,35.5,Zone 4,30.9,Zone 4,48.0,Zone 5,35.9,Zone 4,59.4,Zone 5
Arunachal Pradesh,West Kameng,Kalaktang,21.1,2026-07-13,00:30:00,100.0,2026-07-12,00:30:00,2026-07-13 00:51:19,22.75,Zone 3,42.5,Zone 5,22.6,Zone 3,32.8,Zone 4,27.7,Zone 4,41.2,Zone 5,33.3,Zone 4,56.3,Zone 5,42.5,Zone 5,61.2,Zone 5
Arunachal Pradesh,West Siang,Yomcha,24.2,2026-07-13,00:45:00,100.0,2026-07-12,00:45:00,2026-07-13 00:51:19,26.450000000000045,Zone 4,59.8,Zone 5,26.1,Zone 4,43.6,Zone 5,32.9,Zone 4,59.4,Zone 5,45.9,Zone 5,62.5,Zone 5,59.8,Zone 5,64.8,Zone 5
Assam,Barpeta,Bajali University,27.0,2026-07-13,00:45:00,100.0,2026-07-12,00:45:00,2026-07-13 00:51:19,32.650000000000034,Zone 4,65.0,Zone 5,32.7,Zone 4,61.3,Zone 5,52.3,Zone 5,64.6,Zone 5,61.8,Zone 5,66.9,Zone 5,65.0,Zone 5,68.7,Zone 5
Assam,Barpeta,Barpeta Kvk,26.6,2026-07-13,00:45:00,100.0,2026-07-12,00:45:00,2026-07-13 00:51:19,31.55000000000001,Zone 4,64.1,Zone 5,31.3,Zone 4,60.2,Zone 5,47.0,Zone 5,63.7,Zone 5,60.8,Zone 5,66.2,Zone 5,64.1,Zone 5,68.0,Zone 5
Assam,Cachar,Silchar,27.3,2026-07-13,00:30:00,,,,2026-07-13 00:51:19,,,,,,,,,,,,,,,,,,,,
Assam,Charaideo,Sonari Aegcl,15.0,2026-07-13,00:45:00,100.0,2026-07-12,00:45:00,2026-07-13 00:51:19,15.25,Zone 3,29.8,Zone 4,15.3,Zone 3,25.3,Zone 3,22.0,Zone 3,29.6,Zone 4,25.4,Zone 4,33.8,Zone 4,29.8,Zone 4,40.0,Zone 5
Assam,Chirang,Chirang,27.2,2026-07-13,00:45:00,100.0,2026-07-12,00:45:00,2026-07-13 00:51:19,33.25,Zone 4,65.0,Zone 5,32.7,Zone 4,61.3,Zone 5,52.3,Zone 5,64.6,Zone 5,61.8,Zone 5,66.9,Zone 5,65.0,Zone 5,68.7,Zone 5
Assam,Darrang,Garukhuti,26.9,2026-07-13,00:45:00,,,,2026-07-13 00:51:19,,,,,,,,,,,,,,,,,,,,
Assam,Darrang,Mangaldai,25.2,2026-07-13,00:30:00,92.0,2026-07-12,00:30:00,2026-07-13 00:51:19,27.650000000000034,Zone 4,59.9,Zone 5,27.3,Zone 4,44.0,Zone 5,34.0,Zone 4,59.5,Zone 5,46.3,Zone 5,62.6,Zone 5,59.9,Zone 5,64.9,Zone 5
Assam,Dhemaji,Silapathar Science College,26.4,2026-07-13,00:45:00,100.0,2026-07-12,00:45:00,2026-07-13 00:51:19,31.05000000000001,Zone 4,64.1,Zone 5,31.3,Zone 4,60.2,Zone 5,47.0,Zone 5,63.7,Zone 5,60.8,Zone 5,66.2,Zone 5,64.1,Zone 5,68.0,Zone 5
Assam,Dhubri,Agomani,27.4,2026-07-13,00:45:00,,,,2026-07-13 00:51:19,,,,,,,,,,,,,,,,,,,,
Assam,Dhubri,Bn College,27.0,2026-07-13,00:45:00,99.0,2026-07-12,00:45:00,2026-07-13 00:51:19,32.450000000000045,Zone 4,64.7,Zone 5,32.5,Zone 4,61.0,Zone 5,51.0,Zone 5,64.3,Zone 5,61.6,Zone 5,66.7,Zone 5,64.7,Zone 5,68.5,Zone 5
Assam,Dhubri,Gauripur Aegcl,26.7,2026-07-13,00:45:00,20.0,2026-07-12,00:45:00,2026-07-13 00:51:19,25.450000000000045,Zone 4,36.5,Zone 4,25.3,Zone 3,33.0,Zone 4,29.3,Zone 4,36.5,Zone 4,33.0,Zone 4,39.8,Zone 4,36.5,Zone 4,43.0,Zone 4
Assam,Dibrugarh,Bcpl Dibrugarh,,,,50.0,2026-07-12,00:30:00,2026-07-13 00:51:19,,,,,,,,,,,,,,,,,,,,
Assam,Dibrugarh,Dc Ofc Dibrugarh,26.4,2026-07-13,00:00:00,,,,2026-07-13 00:51:19,,,,,,,,,,,,,,,,,,,,
Assam,Dibrugarh,Dibrugarh,25.0,2026-07-13,00:30:00,,,,2026-07-13 00:51:19,,,,,,,,,,,,,,,,,,,,
Assam,Dibrugarh,Lahowal,,,,14.0,2026-07-12,00:45:00,2026-07-13 00:51:19,,,,,,,,,,,,,,,,,,,,
Assam,Dima Hasao,Haflong,24.6,2026-07-13,00:30:00,83.0,2026-07-12,00:30:00,2026-07-13 00:51:19,26.05000000000001,Zone 4,52.2,Zone 5,25.9,Zone 4,37.0,Zone 4,32.0,Zone 4,50.7,Zone 5,37.6,Zone 4,60.3,Zone 5,52.2,Zone 5,62.9,Zone 5
Assam,Dima Hasao,Haflong Aegcl,25.3,2026-07-13,00:45:00,100.0,2026-07-12,00:45:00,2026-07-13 00:51:19,28.55000000000001,Zone 4,62.4,Zone 5,29.0,Zone 4,55.9,Zone 5,37.6,Zone 5,62.0,Zone 5,58.0,Zone 5,64.7,Zone 5,62.4,Zone 5,66.7,Zone 5
Assam,Dima Hasao,Lkhep,26.9,2026-07-13,00:30:00,100.0,2026-07-12,00:30:00,2026-07-13 00:51:19,32.35000000000002,Zone 4,65.0,Zone 5,32.7,Zone 4,61.3,Zone 5,52.3,Zone 5,64.6,Zone 5,61.8,Zone 5,66.9,Zone 5,65.0,Zone 5,68.7,Zone 5
Assam,Golaghat,Cnb Collage Bokakhat,27.6,2026-07-13,00:45:00,100.0,2026-07-12,00:45:00,2026-07-13 00:51:19,34.450000000000045,Zone 4,65.8,Zone 5,34.1,Zone 4,62.3,Zone 5,57.3,Zone 5,65.4,Zone 5,62.9,Zone 5,67.7,Zone 5,65.8,Zone 5,69.3,Zone 5
Assam,Hailakandi,Algapur Circle,27.3,2026-07-13,00:15:00,,,,2026-07-13 00:51:19,,,,,,,,,,,,,,,,,,,,
Assam,Hailakandi,Panchgram Aegcl,27.3,2026-07-13,00:45:00,100.0,2026-07-12,00:45:00,2026-07-13 00:51:19,33.55000000000001,Zone 4,65.8,Zone 5,34.1,Zone 4,62.3,Zone 5,57.3,Zone 5,65.4,Zone 5,62.9,Zone 5,67.7,Zone 5,65.8,Zone 5,69.3,Zone 5
Assam,Hajoi,Lumding,27.3,2026-07-13,00:30:00,90.0,2026-07-12,00:30:00,2026-07-13 00:51:19,31.75,Zone 4,63.6,Zone 5,32.3,Zone 4,59.7,Zone 5,44.3,Zone 5,63.2,Zone 5,60.2,Zone 5,65.8,Zone 5,63.6,Zone 5,67.7,Zone 5
Assam,Jorhat,Mariyani Aegcl,26.5,2026-07-13,00:45:00,100.0,2026-07-12,00:45:00,2026-07-13 00:51:19,31.350000000000023,Zone 4,64.1,Zone 5,31.3,Zone 4,60.2,Zone 5,47.0,Zone 5,63.7,Zone 5,60.8,Zone 5,66.2,Zone 5,64.1,Zone 5,68.0,Zone 5
Assam,Kamrup,Amingaon,27.5,2026-07-13,00:45:00,95.0,2026-07-12,00:45:00,2026-07-13 00:51:19,33.150000000000034,Zone 4,64.7,Zone 5,33.1,Zone 4,61.0,Zone 5,51.0,Zone 5,64.3,Zone 5,61.6,Zone 5,66.7,Zone 5,64.7,Zone 5,68.5,Zone 5
Assam,Kamrup,Boko Aegcl,26.6,2026-07-13,00:45:00,100.0,2026-07-12,00:45:00,2026-07-13 00:51:19,31.55000000000001,Zone 4,64.1,Zone 5,31.3,Zone 4,60.2,Zone 5,47.0,Zone 5,63.7,Zone 5,60.8,Zone 5,66.2,Zone 5,64.1,Zone 5,68.0,Zone 5
Assam,Kamrup,Chandubi,29.9,2026-07-13,00:45:00,,,,2026-07-13 00:51:19,,,,,,,,,,,,,,,,,,,,
Assam,Kamrup,Kukurmara Mirza Aegcl,27.9,2026-07-13,00:45:00,100.0,2026-07-12,00:45:00,2026-07-13 00:51:19,36.05000000000001,Zone 5,66.7,Zone 5,37.1,Zone 5,63.4,Zone 5,59.8,Zone 5,66.3,Zone 5,63.9,Zone 5,68.4,Zone 5,66.7,Zone 5,70.0,Zone 5
Assam,Kamrup Metropolitan,Aau Hrs,27.8,2026-07-13,00:30:00,100.0,2026-07-12,00:30:00,2026-07-13 00:51:19,35.05000000000001,Zone 5,66.7,Zone 5,37.1,Zone 5,63.4,Zone 5,59.8,Zone 5,66.3,Zone 5,63.9,Zone 5,68.4,Zone 5,66.7,Zone 5,70.0,Zone 5
Assam,Kamrup Metropolitan,Down Town University,27.4,2026-07-13,00:45:00,98.0,2026-07-12,00:45:00,2026-07-13 00:51:19,33.450000000000045,Zone 4,65.4,Zone 5,33.7,Zone 4,61.8,Zone 5,54.9,Zone 5,65.0,Zone 5,62.4,Zone 5,67.3,Zone 5,65.4,Zone 5,69.0,Zone 5
Assam,Kamrup Metropolitan,Gauhati University,27.7,2026-07-13,00:30:00,,,,2026-07-13 00:51:19,,,,,,,,,,,,,,,,,,,,
Assam,Kamrup Metropolitan,Guwahati,27.2,2026-07-13,00:30:00,93.0,2026-07-12,00:30:00,2026-07-13 00:51:19,32.05000000000001,Zone 4,63.4,Zone 5,31.5,Zone 4,59.5,Zone 5,43.3,Zone 5,63.0,Zone 5,60.0,Zone 5,65.6,Zone 5,63.4,Zone 5,67.5,Zone 5
Assam,Kamrup Metropolitan,Guwahati City,27.6,2026-07-13,00:30:00,100.0,2026-07-12,00:30:00,2026-07-13 00:51:19,34.450000000000045,Zone 4,65.8,Zone 5,34.1,Zone 4,62.3,Zone 5,57.3,Zone 5,65.4,Zone 5,62.9,Zone 5,67.7,Zone 5,65.8,Zone 5,69.3,Zone 5
Assam,Kamrup Metropolitan,Kalakshetra,28.4,2026-07-13,00:30:00,,,,2026-07-13 00:51:19,,,,,,,,,,,,,,,,,,,,
Assam,Kamrup Metropolitan,Kamakhya,27.6,2026-07-13,00:45:00,100.0,2026-07-12,00:45:00,2026-07-13 00:51:19,34.450000000000045,Zone 4,65.8,Zone 5,34.1,Zone 4,62.3,Zone 5,57.3,Zone 5,65.4,Zone 5,62.9,Zone 5,67.7,Zone 5,65.8,Zone 5,69.3,Zone 5
Assam,Kamrup Metropolitan,N Ght College,28.0,2026-07-13,00:30:00,100.0,2026-07-12,00:30:00,2026-07-13 00:51:19,37.150000000000034,Zone 5,66.7,Zone 5,37.1,Zone 5,63.4,Zone 5,59.8,Zone 5,66.3,Zone 5,63.9,Zone 5,68.4,Zone 5,66.7,Zone 5,70.0,Zone 5
Assam,Kamrup Metropolitan,Sonapur,30.4,2026-07-13,00:30:00,,,,2026-07-13 00:51:19,,,,,,,,,,,,,,,,,,,,
Assam,Kamrup Metropolitan,Vcbc Rani,27.6,2026-07-13,00:30:00,100.0,2026-07-12,00:30:00,2026-07-13 00:51:19,34.450000000000045,Zone 4,65.8,Zone 5,34.1,Zone 4,62.3,Zone 5,57.3,Zone 5,65.4,Zone 5,62.9,Zone 5,67.7,Zone 5,65.8,Zone 5,69.3,Zone 5
Assam,Karbi Anglong(East),Bakulia,28.0,2026-07-13,00:30:00,87.0,2026-07-12,00:30:00,2026-07-13 00:51:19,32.950000000000045,Zone 4,63.8,Zone 5,33.0,Zone 4,59.9,Zone 5,45.3,Zone 5,63.4,Zone 5,60.4,Zone 5,65.9,Zone 5,63.8,Zone 5,67.8,Zone 5
Assam,Karbi Anglong(East),Diphu,26.4,2026-07-13,00:30:00,100.0,2026-07-12,00:30:00,2026-07-13 00:51:19,31.05000000000001,Zone 4,64.1,Zone 5,31.3,Zone 4,60.2,Zone 5,47.0,Zone 5,63.7,Zone 5,60.8,Zone 5,66.2,Zone 5,64.1,Zone 5,68.0,Zone 5
Assam,Karbi Anglong(West),Habang Circle,23.9,2026-07-13,00:45:00,100.0,2026-07-12,00:45:00,2026-07-13 00:51:19,25.950000000000045,Zone 4,59.8,Zone 5,26.1,Zone 4,43.6,Zone 5,32.9,Zone 4,59.4,Zone 5,45.9,Zone 5,62.5,Zone 5,59.8,Zone 5,64.8,Zone 5
Assam,Karbi Anglong(West),Kheronighat,27.8,2026-07-13,00:15:00,,,,2026-07-13 00:51:19,,,,,,,,,,,,,,,,,,,,
Assam,Karbi Anglong(West),Umlapher,24.1,2026-07-13,00:45:00,100.0,2026-07-12,00:45:00,2026-07-13 00:51:19,26.350000000000023,Zone 4,59.8,Zone 5,26.1,Zone 4,43.6,Zone 5,32.9,Zone 4,59.4,Zone 5,45.9,Zone 5,62.5,Zone 5,59.8,Zone 5,64.8,Zone 5
Assam,Karbi Anglong(West),Umpanai Apdcl,25.0,2026-07-13,00:45:00,100.0,2026-07-12,00:45:00,2026-07-13 00:51:19,27.950000000000045,Zone 4,61.5,Zone 5,28.0,Zone 4,51.8,Zone 5,35.2,Zone 4,61.1,Zone 5,54.1,Zone 5,64.0,Zone 5,61.5,Zone 5,66.1,Zone 5
Assam,Karimganj,Harinagar,,,,14.0,2026-07-12,00:30:00,2026-07-13 00:51:19,,,,,,,,,,,,,,,,,,,,
Assam,Kokrajhar,Salakati Aegcl,27.2,2026-07-13,00:45:00,100.0,2026-07-12,00:45:00,2026-07-13 00:51:19,33.25,Zone 4,65.0,Zone 5,32.7,Zone 4,61.3,Zone 5,52.3,Zone 5,64.6,Zone 5,61.8,Zone 5,66.9,Zone 5,65.0,Zone 5,68.7,Zone 5
Assam,Lakhimpur,Lakhimpur,26.4,2026-07-13,00:15:00,,,,2026-07-13 00:51:19,,,,,,,,,,,,,,,,,,,,
Assam,Majuli,Majuli,26.5,2026-07-13,00:45:00,100.0,2026-07-12,00:45:00,2026-07-13 00:51:19,31.350000000000023,Zone 4,64.1,Zone 5,31.3,Zone 4,60.2,Zone 5,47.0,Zone 5,63.7,Zone 5,60.8,Zone 5,66.2,Zone 5,64.1,Zone 5,68.0,Zone 5
Assam,Marigaon,Dharamtul,28.1,2026-07-13,00:00:00,,,,2026-07-13 00:51:19,,,,,,,,,,,,,,,,,,,,
Assam,Marigaon,Laharighat,27.5,2026-07-13,00:30:00,89.0,2026-07-12,00:30:00,2026-07-13 00:51:19,32.05000000000001,Zone 4,63.4,Zone 5,32.1,Zone 4,59.4,Zone 5,43.1,Zone 5,63.0,Zone 5,60.0,Zone 5,65.6,Zone 5,63.4,Zone 5,67.5,Zone 5
Assam,Marigaon,Marigaon,27.9,2026-07-13,00:30:00,100.0,2026-07-12,00:30:00,2026-07-13 00:51:19,36.05000000000001,Zone 5,66.7,Zone 5,37.1,Zone 5,63.4,Zone 5,59.8,Zone 5,66.3,Zone 5,63.9,Zone 5,68.4,Zone 5,66.7,Zone 5,70.0,Zone 5
Assam,Nagaon,Kampur,26.9,2026-07-13,00:00:00,,,,2026-07-13 00:51:19,,,,,,,,,,,,,,,,,,,,
Assam,Nagaon,Samaguri Aegcl,27.1,2026-07-13,00:45:00,100.0,2026-07-12,00:45:00,2026-07-13 00:51:19,32.950000000000045,Zone 4,65.0,Zone 5,32.7,Zone 4,61.3,Zone 5,52.3,Zone 5,64.6,Zone 5,61.8,Zone 5,66.9,Zone 5,65.0,Zone 5,68.7,Zone 5
Assam,Nalbari,Chamata,32.5,2026-07-13,00:30:00,15.0,2026-07-12,00:30:00,2026-07-13 00:51:19,30.450000000000045,Zone 4,41.4,Zone 4,30.4,Zone 4,37.8,Zone 4,34.3,Zone 4,41.2,Zone 4,37.9,Zone 4,44.5,Zone 4,41.4,Zone 4,50.6,Zone 5
Assam,Nalbari,Nalbari,32.0,2026-07-13,00:30:00,100.0,2026-07-12,00:30:00,2026-07-13 00:51:19,67.45000000000005,Zone 5,76.2,Zone 6,67.4,Zone 5,72.7,Zone 6,70.6,Zone 5,75.6,Zone 6,73.3,Zone 6,78.5,Zone 6,76.2,Zone 6,81.4,Zone 6
Assam,Nalbari,Nalbari Kvk,27.4,2026-07-13,00:30:00,100.0,2026-07-12,00:30:00,2026-07-13 00:51:19,33.85000000000002,Zone 4,65.8,Zone 5,34.1,Zone 4,62.3,Zone 5,57.3,Zone 5,65.4,Zone 5,62.9,Zone 5,67.7,Zone 5,65.8,Zone 5,69.3,Zone 5
Assam,Nalbari,Tihu,27.6,2026-07-13,00:30:00,92.0,2026-07-12,00:30:00,2026-07-13 00:51:19,32.85000000000002,Zone 4,64.1,Zone 5,32.6,Zone 4,60.2,Zone 5,47.0,Zone 5,63.7,Zone 5,60.8,Zone 5,66.2,Zone 5,64.1,Zone 5,68.0,Zone 5
Assam,Sivasagar,Sivsagar Aegcl,26.8,2026-07-13,00:45:00,100.0,2026-07-12,00:45:00,2026-07-13 00:51:19,32.150000000000034,Zone 4,65.0,Zone 5,32.7,Zone 4,61.3,Zone 5,52.3,Zone 5,64.6,Zone 5,61.8,Zone 5,66.9,Zone 5,65.0,Zone 5,68.7,Zone 5
Assam,Sonitpur,Dhekiajuli Aegcl,27.2,2026-07-13,00:15:00,,,,2026-07-13 00:51:19,,,,,,,,,,,,,,,,,,,,
Assam,Sonitpur,Ghoramara Aegcl,26.5,2026-07-13,00:45:00,100.0,2026-07-12,00:45:00,2026-07-13 00:51:19,31.350000000000023,Zone 4,64.1,Zone 5,31.3,Zone 4,60.2,Zone 5,47.0,Zone 5,63.7,Zone 5,60.8,Zone 5,66.2,Zone 5,64.1,Zone 5,68.0,Zone 5
Assam,Sonitpur,Neriwalam,26.6,2026-07-13,00:45:00,100.0,2026-07-12,00:45:00,2026-07-13 00:51:19,31.55000000000001,Zone 4,64.1,Zone 5,31.3,Zone 4,60.2,Zone 5,47.0,Zone 5,63.7,Zone 5,60.8,Zone 5,66.2,Zone 5,64.1,Zone 5,68.0,Zone 5
Assam,Tinsukia,Margherita,26.9,2026-07-13,00:45:00,100.0,2026-07-12,00:45:00,2026-07-13 00:51:19,32.35000000000002,Zone 4,65.0,Zone 5,32.7,Zone 4,61.3,Zone 5,52.3,Zone 5,64.6,Zone 5,61.8,Zone 5,66.9,Zone 5,65.0,Zone 5,68.7,Zone 5
Assam,Tinsukia,Ntps Apdcl,26.7,2026-07-13,00:45:00,100.0,2026-07-12,00:45:00,2026-07-13 00:51:19,31.850000000000023,Zone 4,64.1,Zone 5,31.3,Zone 4,60.2,Zone 5,47.0,Zone 5,63.7,Zone 5,60.8,Zone 5,66.2,Zone 5,64.1,Zone 5,68.0,Zone 5
Assam,Tinsukia,Rupai Aegcl,26.4,2026-07-13,00:45:00,100.0,2026-07-12,00:45:00,2026-07-13 00:51:19,31.05000000000001,Zone 4,64.1,Zone 5,31.3,Zone 4,60.2,Zone 5,47.0,Zone 5,63.7,Zone 5,60.8,Zone 5,66.2,Zone 5,64.1,Zone 5,68.0,Zone 5
Assam,Tinsukia,Tinsukia,26.0,2026-07-13,00:30:00,98.0,2026-07-12,00:30:00,2026-07-13 00:51:19,29.850000000000023,Zone 4,62.8,Zone 5,29.9,Zone 4,57.9,Zone 5,39.8,Zone 5,62.4,Zone 5,59.3,Zone 5,65.1,Zone 5,62.8,Zone 5,67.1,Zone 5
Assam,Udalguri,Rowta Aegcl,26.4,2026-07-13,00:45:00,100.0,2026-07-12,00:45:00,2026-07-13 00:51:19,31.05000000000001,Zone 4,64.1,Zone 5,31.3,Zone 4,60.2,Zone 5,47.0,Zone 5,63.7,Zone 5,60.8,Zone 5,66.2,Zone 5,64.1,Zone 5,68.0,Zone 5
Assam,Udalguri,Udalguri,23.8,2026-07-13,00:30:00,80.0,2026-07-12,00:30:00,2026-07-13 00:51:19,24.850000000000023,Zone 3,46.5,Zone 5,25.1,Zone 3,35.8,Zone 4,30.9,Zone 4,45.0,Zone 5,36.2,Zone 4,59.1,Zone 5,46.5,Zone 5,61.9,Zone 5
Assam,Udalguri,Udi Kvk,26.8,2026-07-13,00:45:00,,,,2026-07-13 00:51:19,,,,,,,,,,,,,,,,,,,,
Bihar,Arwal,Arwal Aws400,28.4,2026-07-13,00:45:00,85.0,2026-07-12,00:45:00,2026-07-13 00:51:19,33.55000000000001,Zone 4,64.2,Zone 5,33.9,Zone 4,60.3,Zone 5,47.5,Zone 5,63.8,Zone 5,60.9,Zone 5,66.2,Zone 5,64.2,Zone 5,68.1,Zone 5
Bihar,Aurangabad,Aurangabad Kvk,30.1,2026-07-13,00:30:00,80.0,2026-07-12,00:30:00,2026-07-13 00:51:19,37.05000000000001,Zone 4,65.4,Zone 5,36.8,Zone 4,61.8,Zone 5,55.1,Zone 5,65.0,Zone 5,62.4,Zone 5,67.3,Zone 5,65.4,Zone 5,69.0,Zone 5
Bihar,Buxar,Buxar,29.5,2026-07-13,00:30:00,83.0,2026-07-12,00:30:00,2026-07-13 00:51:19,36.150000000000034,Zone 4,65.3,Zone 5,36.1,Zone 4,61.7,Zone 5,54.6,Zone 5,64.9,Zone 5,62.3,Zone 5,67.2,Zone 5,65.3,Zone 5,68.9,Zone 5
Bihar,Buxar,Dumaraon,27.7,2026-07-13,00:45:00,83.0,2026-07-12,00:45:00,2026-07-13 00:51:19,31.650000000000034,Zone 4,62.0,Zone 5,31.2,Zone 4,54.4,Zone 5,38.1,Zone 4,61.6,Zone 5,56.6,Zone 5,64.4,Zone 5,62.0,Zone 5,66.5,Zone 5
Bihar,Darbhanga,Darbhanga Aws400,26.7,2026-07-13,00:45:00,100.0,2026-07-12,00:45:00,2026-07-13 00:51:19,31.850000000000023,Zone 4,64.1,Zone 5,31.3,Zone 4,60.2,Zone 5,47.0,Zone 5,63.7,Zone 5,60.8,Zone 5,66.2,Zone 5,64.1,Zone 5,68.0,Zone 5
Bihar,East Champaran,East Champaran Kvk,,,,22.0,2026-07-12,00:30:00,2026-07-13 00:51:19,,,,,,,,,,,,,,,,,,,,
Bihar,Gaya,Bodhgaya,28.1,2026-07-13,00:45:00,85.0,2026-07-12,00:45:00,2026-07-13 00:51:19,32.85000000000002,Zone 4,63.3,Zone 5,32.6,Zone 4,59.3,Zone 5,42.6,Zone 5,62.9,Zone 5,59.9,Zone 5,65.5,Zone 5,63.3,Zone 5,67.5,Zone 5
Bihar,Jehanabad,Jehanabad,28.4,2026-07-13,00:30:00,92.0,2026-07-12,00:30:00,2026-07-13 00:51:19,35.05000000000001,Zone 4,65.8,Zone 5,35.4,Zone 4,62.3,Zone 5,57.1,Zone 5,65.4,Zone 5,62.8,Zone 5,67.6,Zone 5,65.8,Zone 5,69.3,Zone 5
Bihar,Kaimur,Bhabua,32.0,2026-07-13,00:30:00,79.0,2026-07-12,00:30:00,2026-07-13 00:51:19,50.150000000000034,Zone 5,68.5,Zone 5,50.2,Zone 5,65.6,Zone 5,62.5,Zone 5,68.1,Zone 5,66.1,Zone 5,69.9,Zone 5,68.5,Zone 5,71.3,Zone 5
Bihar,Madhepura,Madhepura,27.6,2026-07-13,00:45:00,,,,2026-07-13 00:51:19,,,,,,,,,,,,,,,,,,,,
Bihar,Madhubani,Sukhet,26.4,2026-07-13,00:45:00,,,,2026-07-13 00:51:19,,,,,,,,,,,,,,,,,,,,
Bihar,Munger,Kvk Munger,28.9,2026-07-13,00:45:00,90.0,2026-07-12,00:45:00,2026-07-13 00:51:19,36.150000000000034,Zone 4,66.2,Zone 5,36.4,Zone 4,62.7,Zone 5,59.1,Zone 5,65.8,Zone 5,63.3,Zone 5,68.0,Zone 5,66.2,Zone 5,69.6,Zone 5
Bihar,Nalanda,Harnaut,28.1,2026-07-13,00:30:00,100.0,2026-07-12,00:30:00,2026-07-13 00:51:19,38.25,Zone 5,66.7,Zone 5,37.1,Zone 5,63.4,Zone 5,59.8,Zone 5,66.3,Zone 5,63.9,Zone 5,68.4,Zone 5,66.7,Zone 5,70.0,Zone 5
Bihar,Nalanda,Rajgir,28.7,2026-07-13,00:45:00,91.0,2026-07-12,00:45:00,2026-07-13 00:51:19,35.75,Zone 4,65.5,Zone 5,35.1,Zone 4,62.0,Zone 5,55.8,Zone 5,65.2,Zone 5,62.5,Zone 5,67.4,Zone 5,65.5,Zone 5,69.1,Zone 5
Bihar,Patna,Baldwin Academy,28.7,2026-07-13,00:30:00,92.0,2026-07-12,00:30:00,2026-07-13 00:51:19,35.950000000000045,Zone 4,65.8,Zone 5,35.4,Zone 4,62.3,Zone 5,57.1,Zone 5,65.4,Zone 5,62.8,Zone 5,67.6,Zone 5,65.8,Zone 5,69.3,Zone 5
Bihar,Patna,Danapur Dps,29.0,2026-07-13,00:00:00,,,,2026-07-13 00:51:19,,,,,,,,,,,,,,,,,,,,
Bihar,Patna,Iit Patna,26.6,2026-07-13,00:30:00,100.0,2026-07-12,00:30:00,2026-07-13 00:51:19,31.55000000000001,Zone 4,64.1,Zone 5,31.3,Zone 4,60.2,Zone 5,47.0,Zone 5,63.7,Zone 5,60.8,Zone 5,66.2,Zone 5,64.1,Zone 5,68.0,Zone 5
Bihar,Patna,Kvk Barh,26.0,2026-07-13,00:45:00,100.0,2026-07-12,00:45:00,2026-07-13 00:51:19,30.150000000000034,Zone 4,63.2,Zone 5,30.1,Zone 4,59.2,Zone 5,42.0,Zone 5,62.8,Zone 5,59.8,Zone 5,65.4,Zone 5,63.2,Zone 5,67.4,Zone 5
Bihar,Patna,Patna,28.0,2026-07-13,00:30:00,93.0,2026-07-12,00:30:00,2026-07-13 00:51:19,34.150000000000034,Zone 4,65.1,Zone 5,34.1,Zone 4,61.5,Zone 5,53.5,Zone 5,64.8,Zone 5,62.1,Zone 5,67.1,Zone 5,65.1,Zone 5,68.8,Zone 5
Bihar,Purnea,Purnea Imd,38.8,2026-07-13,00:30:00,94.0,2026-07-12,00:30:00,2026-07-13 00:51:19,91.15000000000003,Zone 6,100.6,Zone 6,92.0,Zone 6,97.0,Zone 6,94.9,Zone 6,99.8,Zone 6,97.8,Zone 6,102.6,Zone 6,100.6,Zone 6,105.4,Zone 6
Bihar,Rohtas,Bikramganj,38.5,2026-07-13,00:45:00,95.0,2026-07-12,00:45:00,2026-07-13 00:51:19,90.55000000000001,Zone 6,99.2,Zone 6,90.6,Zone 6,95.5,Zone 6,93.5,Zone 6,98.4,Zone 6,96.3,Zone 6,101.2,Zone 6,99.2,Zone 6,104.0,Zone 6
Bihar,Rohtas,Dehri,27.4,2026-07-13,00:30:00,85.0,2026-07-12,00:30:00,2026-07-13 00:51:19,31.25,Zone 4,62.5,Zone 5,31.5,Zone 4,56.5,Zone 5,38.5,Zone 4,62.1,Zone 5,58.6,Zone 5,64.8,Zone 5,62.5,Zone 5,66.8,Zone 5
Bihar,Saharsa,Agwanpur Aws400,27.7,2026-07-13,00:45:00,100.0,2026-07-12,00:45:00,2026-07-13 00:51:19,34.75,Zone 4,65.8,Zone 5,34.1,Zone 4,62.3,Zone 5,57.3,Zone 5,65.4,Zone 5,62.9,Zone 5,67.7,Zone 5,65.8,Zone 5,69.3,Zone 5
Bihar,Samastipur,Pusa Aws400,26.5,2026-07-13,00:45:00,100.0,2026-07-12,00:45:00,2026-07-13 00:51:19,31.350000000000023,Zone 4,64.1,Zone 5,31.3,Zone 4,60.2,Zone 5,47.0,Zone 5,63.7,Zone 5,60.8,Zone 5,66.2,Zone 5,64.1,Zone 5,68.0,Zone 5
Bihar,Sheikpura,Sheikpura Kvk,29.3,2026-07-13,00:30:00,,,,2026-07-13 00:51:19,,,,,,,,,,,,,,,,,,,,
Bihar,Siwan,Ziradei,25.8,2026-07-13,00:45:00,100.0,2026-07-12,00:45:00,2026-07-13 00:51:19,29.650000000000034,Zone 4,63.2,Zone 5,30.1,Zone 4,59.2,Zone 5,42.0,Zone 5,62.8,Zone 5,59.8,Zone 5,65.4,Zone 5,63.2,Zone 5,67.4,Zone 5
Bihar,Vaishali,Vaishali,26.1,2026-07-13,00:30:00,100.0,2026-07-12,00:30:00,2026-07-13 00:51:19,30.350000000000023,Zone 4,63.2,Zone 5,30.1,Zone 4,59.2,Zone 5,42.0,Zone 5,62.8,Zone 5,59.8,Zone 5,65.4,Zone 5,63.2,Zone 5,67.4,Zone 5
Chandigarh,Chandigarh,Chandigarh,27.4,2026-07-13,00:30:00,,,,2026-07-13 00:51:19,,,,,,,,,,,,,,,,,,,,
Chandigarh,Chandigarh,Dav School,27.2,2026-07-13,00:45:00,72.0,2026-07-12,00:45:00,2026-07-13 00:51:19,29.350000000000023,Zone 4,57.9,Zone 5,29.0,Zone 4,40.0,Zone 4,35.0,Zone 4,56.5,Zone 5,40.9,Zone 5,61.6,Zone 5,57.9,Zone 5,64.0,Zone 5
Chhattisgarh,Balrampur,Balrampur Aws400,27.2,2026-07-13,00:45:00,87.0,2026-07-12,00:45:00,2026-07-13 00:51:19,31.150000000000034,Zone 4,62.1,Zone 5,30.7,Zone 4,54.8,Zone 5,37.7,Zone 4,61.7,Zone 5,57.0,Zone 5,64.5,Zone 5,62.1,Zone 5,66.6,Zone 5
Chhattisgarh,Bemetara,Bemetara,27.7,2026-07-13,00:45:00,77.0,2026-07-12,00:45:00,2026-07-13 00:51:19,30.850000000000023,Zone 4,60.7,Zone 5,30.5,Zone 4,47.7,Zone 5,36.9,Zone 4,60.3,Zone 5,50.0,Zone 5,63.2,Zone 5,60.7,Zone 5,65.5,Zone 5
Chhattisgarh,Bemetara,Bemetara Durg,28.9,2026-07-13,00:30:00,80.0,2026-07-12,00:30:00,2026-07-13 00:51:19,33.85000000000002,Zone 4,63.8,Zone 5,34.1,Zone 4,59.9,Zone 5,45.3,Zone 5,63.4,Zone 5,60.4,Zone 5,65.9,Zone 5,63.8,Zone 5,67.8,Zone 5
Chhattisgarh,Bilaspur,Bilaspur,28.2,2026-07-13,00:30:00,72.0,2026-07-12,00:30:00,2026-07-13 00:51:19,31.150000000000034,Zone 4,60.3,Zone 5,30.8,Zone 4,45.7,Zone 5,37.0,Zone 4,59.9,Zone 5,48.0,Zone 5,62.9,Zone 5,60.3,Zone 5,65.2,Zone 5
Chhattisgarh,Dhamtari,Dhamtari,,,,17.0,2026-07-12,00:45:00,2026-07-13 00:51:19,,,,,,,,,,,,,,,,,,,,
Chhattisgarh,Dhamtari,Nagri,,,,76.0,2026-07-12,00:30:00,2026-07-13 00:51:19,,,,,,,,,,,,,,,,,,,,
Chhattisgarh,Gariaband,Gariaband,28.1,2026-07-13,00:30:00,84.0,2026-07-12,00:30:00,2026-07-13 00:51:19,32.650000000000034,Zone 4,63.1,Zone 5,32.5,Zone 4,59.0,Zone 5,41.4,Zone 5,62.7,Zone 5,59.6,Zone 5,65.3,Zone 5,63.1,Zone 5,67.3,Zone 5
Chhattisgarh,Janjgir Champa,Janjgir,28.0,2026-07-13,00:30:00,14.0,2026-07-12,00:30:00,2026-07-13 00:51:19,26.350000000000023,Zone 4,37.2,Zone 4,26.3,Zone 4,33.7,Zone 4,30.2,Zone 4,37.1,Zone 4,33.8,Zone 4,40.4,Zone 4,37.2,Zone 4,43.5,Zone 4
Chhattisgarh,Janjgir Champa,Nawagarh,27.7,2026-07-13,00:30:00,79.0,2026-07-12,00:30:00,2026-07-13 00:51:19,31.05000000000001,Zone 4,61.1,Zone 5,30.7,Zone 4,50.0,Zone 5,37.3,Zone 4,60.7,Zone 5,52.3,Zone 5,63.6,Zone 5,61.1,Zone 5,65.8,Zone 5
Chhattisgarh,Janjgir Champa,Sakti,28.1,2026-07-13,00:30:00,88.0,2026-07-12,00:30:00,2026-07-13 00:51:19,33.450000000000045,Zone 4,64.0,Zone 5,33.1,Zone 4,60.1,Zone 5,46.6,Zone 5,63.6,Zone 5,60.7,Zone 5,66.1,Zone 5,64.0,Zone 5,68.0,Zone 5
Chhattisgarh,Kabirdham,Pandaria,30.2,2026-07-13,00:30:00,45.0,2026-07-12,00:30:00,2026-07-13 00:51:19,31.05000000000001,Zone 4,47.0,Zone 5,30.8,Zone 4,40.0,Zone 4,35.7,Zone 4,45.6,Zone 5,40.4,Zone 4,59.3,Zone 5,47.0,Zone 5,62.0,Zone 5
Chhattisgarh,Korba,Lakhanpur Kvk,26.6,2026-07-13,00:45:00,,,,2026-07-13 00:51:19,,,,,,,,,,,,,,,,,,,,
Chhattisgarh,Mahasamund,Pithora,27.7,2026-07-13,00:30:00,65.0,2026-07-12,00:30:00,2026-07-13 00:51:19,29.450000000000045,Zone 4,54.5,Zone 5,29.2,Zone 4,39.6,Zone 4,34.9,Zone 4,52.9,Zone 5,40.2,Zone 4,60.8,Zone 5,54.5,Zone 5,63.4,Zone 5
Chhattisgarh,Mungeli,Lormi,27.7,2026-07-13,00:30:00,82.0,2026-07-12,00:30:00,2026-07-13 00:51:19,31.450000000000045,Zone 4,61.8,Zone 5,31.1,Zone 4,53.3,Zone 5,37.9,Zone 4,61.4,Zone 5,55.6,Zone 5,64.2,Zone 5,61.8,Zone 5,66.3,Zone 5
Chhattisgarh,Mungeli,Mungeli,27.7,2026-07-13,00:30:00,80.0,2026-07-12,00:30:00,2026-07-13 00:51:19,31.25,Zone 4,61.4,Zone 5,30.8,Zone 4,51.1,Zone 5,37.5,Zone 4,61.0,Zone 5,53.4,Zone 5,63.8,Zone 5,61.4,Zone 5,66.0,Zone 5
Chhattisgarh,Mungeli,Mungeli Aws400,27.5,2026-07-13,00:45:00,76.0,2026-07-12,00:45:00,2026-07-13 00:51:19,30.350000000000023,Zone 4,60.4,Zone 5,30.3,Zone 4,46.6,Zone 5,36.7,Zone 4,60.0,Zone 5,48.9,Zone 5,63.0,Zone 5,60.4,Zone 5,65.3,Zone 5
Chhattisgarh,Pendra Road,Pendra Road,25.6,2026-07-13,00:45:00,66.0,2026-07-12,00:45:00,2026-07-13 00:51:19,26.55000000000001,Zone 4,43.5,Zone 5,26.4,Zone 4,36.4,Zone 4,31.8,Zone 4,42.1,Zone 5,36.9,Zone 4,57.1,Zone 5,43.5,Zone 5,61.3,Zone 5
Chhattisgarh,Raigarh,Dharamjaigarh,27.7,2026-07-13,00:30:00,89.0,2026-07-12,00:30:00,2026-07-13 00:51:19,32.55000000000001,Zone 4,63.4,Zone 5,32.1,Zone 4,59.4,Zone 5,43.1,Zone 5,63.0,Zone 5,60.0,Zone 5,65.6,Zone 5,63.4,Zone 5,67.5,Zone 5
Chhattisgarh,Raigarh,Saranggarh,29.4,2026-07-13,00:30:00,69.0,2026-07-12,00:30:00,2026-07-13 00:51:19,33.05000000000001,Zone 4,61.8,Zone 5,33.2,Zone 4,53.4,Zone 5,39.6,Zone 4,61.4,Zone 5,55.6,Zone 5,64.2,Zone 5,61.8,Zone 5,66.3,Zone 5
Chhattisgarh,Raipur,Naya Raipur,28.9,2026-07-13,00:30:00,72.0,2026-07-12,00:30:00,2026-07-13 00:51:19,32.450000000000045,Zone 4,61.8,Zone 5,32.7,Zone 4,53.3,Zone 5,39.2,Zone 4,61.4,Zone 5,55.6,Zone 5,64.2,Zone 5,61.8,Zone 5,66.3,Zone 5
Chhattisgarh,Raipur,Raipur,28.4,2026-07-13,00:45:00,72.0,2026-07-12,00:45:00,2026-07-13 00:51:19,31.55000000000001,Zone 4,61.0,Zone 5,31.7,Zone 4,49.5,Zone 5,38.0,Zone 4,60.6,Zone 5,51.8,Zone 5,63.6,Zone 5,61.0,Zone 5,65.8,Zone 5
Chhattisgarh,Rajnandgaon,Rajnandgaon,28.0,2026-07-13,00:30:00,70.0,2026-07-12,00:30:00,2026-07-13 00:51:19,30.55000000000001,Zone 4,59.8,Zone 5,30.5,Zone 4,43.5,Zone 5,36.6,Zone 4,59.4,Zone 5,45.7,Zone 5,62.5,Zone 5,59.8,Zone 5,64.8,Zone 5
Chhattisgarh,Sukma,Sukma,27.6,2026-07-13,00:45:00,97.0,2026-07-12,00:45:00,2026-07-13 00:51:19,33.75,Zone 4,65.2,Zone 5,33.5,Zone 4,61.5,Zone 5,53.6,Zone 5,64.8,Zone 5,62.1,Zone 5,67.1,Zone 5,65.2,Zone 5,68.8,Zone 5
Chhattisgarh,Surajpur,Surajpur Aws400,26.5,2026-07-13,00:45:00,90.0,2026-07-12,00:45:00,2026-07-13 00:51:19,30.05000000000001,Zone 4,62.0,Zone 5,30.0,Zone 4,54.0,Zone 5,37.1,Zone 4,61.6,Zone 5,56.2,Zone 5,64.3,Zone 5,62.0,Zone 5,66.4,Zone 5
Dadra And Nagar Haveli,Dadar Nagar,Silvassa,28.0,2026-07-13,00:45:00,87.0,2026-07-12,00:45:00,2026-07-13 00:51:19,32.950000000000045,Zone 4,63.8,Zone 5,33.0,Zone 4,59.9,Zone 5,45.3,Zone 5,63.4,Zone 5,60.4,Zone 5,65.9,Zone 5,63.8,Zone 5,67.8,Zone 5
Daman And Diu,Daman,Daman Aws,28.0,2026-07-13,00:30:00,99.0,2026-07-12,00:30:00,2026-07-13 00:51:19,35.85000000000002,Zone 5,66.5,Zone 5,35.8,Zone 5,63.1,Zone 5,59.5,Zone 5,66.1,Zone 5,63.7,Zone 5,68.2,Zone 5,66.5,Zone 5,69.8,Zone 5
Daman And Diu,Diu,Diu,28.1,2026-07-13,00:30:00,84.0,2026-07-12,00:30:00,2026-07-13 00:51:19,32.650000000000034,Zone 4,63.1,Zone 5,32.5,Zone 4,59.0,Zone 5,41.4,Zone 5,62.7,Zone 5,59.6,Zone 5,65.3,Zone 5,63.1,Zone 5,67.3,Zone 5
Delhi,East Delhi,Salwan Public School,29.7,2026-07-13,00:30:00,99.0,2026-07-12,00:30:00,2026-07-13 00:51:19,57.85000000000002,Zone 5,69.1,Zone 5,55.2,Zone 5,66.4,Zone 5,63.5,Zone 5,68.8,Zone 5,66.9,Zone 5,70.5,Zone 5,69.1,Zone 5,72.1,Zone 6
Delhi,New Delhi,Pragati Maidan,31.8,2026-07-13,00:30:00,,,,2026-07-13 00:51:19,,,,,,,,,,,,,,,,,,,,
Delhi,North West Delhi,Mungeshpur,31.1,2026-07-13,00:45:00,76.0,2026-07-12,00:45:00,2026-07-13 00:51:19,38.85000000000002,Zone 4,66.0,Zone 5,38.6,Zone 4,62.6,Zone 5,58.5,Zone 5,65.7,Zone 5,63.1,Zone 5,67.8,Zone 5,66.0,Zone 5,69.5,Zone 5
Delhi,North West Delhi,Pitampura,33.6,2026-07-13,00:30:00,75.0,2026-07-12,00:30:00,2026-07-13 00:51:19,59.75,Zone 5,69.9,Zone 5,59.5,Zone 5,67.3,Zone 5,64.6,Zone 5,69.5,Zone 5,67.8,Zone 5,71.1,Zone 5,69.9,Zone 5,73.6,Zone 6
Delhi,South Delhi,Pharma Science And Research Un,31.4,2026-07-13,00:45:00,69.0,2026-07-12,00:45:00,2026-07-13 00:51:19,37.650000000000034,Zone 4,65.0,Zone 5,37.9,Zone 4,61.3,Zone 5,52.3,Zone 5,64.6,Zone 5,61.8,Zone 5,66.9,Zone 5,65.0,Zone 5,68.7,Zone 5
Delhi,South West Delhi,Ayanagar,31.3,2026-07-13,00:30:00,63.0,2026-07-12,00:30:00,2026-07-13 00:51:19,35.85000000000002,Zone 4,63.3,Zone 5,36.3,Zone 4,59.3,Zone 5,42.7,Zone 4,62.9,Zone 5,59.8,Zone 5,65.5,Zone 5,63.3,Zone 5,67.4,Zone 5
Delhi,South West Delhi,Ignou,31.1,2026-07-13,00:45:00,53.0,2026-07-12,00:45:00,2026-07-13 00:51:19,33.55000000000001,Zone 4,59.7,Zone 5,33.4,Zone 4,43.5,Zone 4,38.9,Zone 4,59.3,Zone 5,45.2,Zone 5,62.4,Zone 5,59.7,Zone 5,64.8,Zone 5
Delhi,South West Delhi,Jafarpur,30.4,2026-07-13,00:45:00,,,,2026-07-13 00:51:19,,,,,,,,,,,,,,,,,,,,
Delhi,South West Delhi,Kvk Crpf Campus,31.1,2026-07-13,00:45:00,64.0,2026-07-12,00:45:00,2026-07-13 00:51:19,35.650000000000034,Zone 4,62.8,Zone 5,35.4,Zone 4,57.9,Zone 5,41.8,Zone 4,62.4,Zone 5,59.2,Zone 5,65.1,Zone 5,62.8,Zone 5,67.1,Zone 5
Delhi,South West Delhi,Kv Narayna,30.8,2026-07-13,00:45:00,57.0,2026-07-12,00:45:00,2026-07-13 00:51:19,33.650000000000034,Zone 4,60.8,Zone 5,34.0,Zone 4,48.6,Zone 5,39.9,Zone 4,60.4,Zone 5,50.8,Zone 5,63.4,Zone 5,60.8,Zone 5,65.6,Zone 5
Delhi,South West Delhi,Najafgarh,30.9,2026-07-13,00:30:00,100.0,2026-07-12,00:30:00,2026-07-13 00:51:19,63.450000000000045,Zone 5,72.6,Zone 6,63.8,Zone 5,70.0,Zone 5,67.9,Zone 5,72.0,Zone 6,70.4,Zone 5,74.9,Zone 6,72.6,Zone 6,77.8,Zone 6
Delhi,West Delhi,Kv Janakpuri,32.1,2026-07-13,00:45:00,65.0,2026-07-12,00:45:00,2026-07-13 00:51:19,38.25,Zone 4,64.6,Zone 5,38.0,Zone 4,60.9,Zone 5,50.3,Zone 5,64.2,Zone 5,61.4,Zone 5,66.6,Zone 5,64.6,Zone 5,68.4,Zone 5
Goa,North Goa,Goa State Biodiversity Board,27.2,2026-07-13,00:30:00,99.0,2026-07-12,00:30:00,2026-07-13 00:51:19,33.05000000000001,Zone 4,64.7,Zone 5,32.5,Zone 4,61.0,Zone 5,51.0,Zone 5,64.3,Zone 5,61.6,Zone 5,66.7,Zone 5,64.7,Zone 5,68.5,Zone 5
Goa,North Goa,Mopa Airport,26.2,2026-07-13,00:45:00,96.0,2026-07-12,00:45:00,2026-07-13 00:51:19,30.05000000000001,Zone 4,62.4,Zone 5,29.6,Zone 4,56.0,Zone 5,37.8,Zone 5,62.0,Zone 5,58.2,Zone 5,64.7,Zone 5,62.4,Zone 5,66.8,Zone 5
Goa,Panaji,Altinho Imdoffice,26.8,2026-07-13,00:45:00,81.0,2026-07-12,00:45:00,2026-07-13 00:51:19,29.55000000000001,Zone 4,60.8,Zone 5,30.0,Zone 4,48.3,Zone 5,36.5,Zone 4,60.4,Zone 5,50.6,Zone 5,63.3,Zone 5,60.8,Zone 5,65.6,Zone 5
Gujarat,Ahmedabad,Ahmedabad,30.3,2026-07-13,00:30:00,76.0,2026-07-12,00:30:00,2026-07-13 00:51:19,36.55000000000001,Zone 4,65.2,Zone 5,37.1,Zone 4,61.6,Zone 5,53.9,Zone 5,64.8,Zone 5,62.2,Zone 5,67.1,Zone 5,65.2,Zone 5,68.9,Zone 5
Gujarat,Ahmedabad,Dhorela,29.3,2026-07-13,00:45:00,74.0,2026-07-12,00:45:00,2026-07-13 00:51:19,33.650000000000034,Zone 4,63.1,Zone 5,34.1,Zone 4,59.0,Zone 5,41.4,Zone 5,62.7,Zone 5,59.6,Zone 5,65.3,Zone 5,63.1,Zone 5,67.3,Zone 5
Gujarat,Ahmedabad,Science City,29.4,2026-07-13,00:45:00,69.0,2026-07-12,00:45:00,2026-07-13 00:51:19,33.05000000000001,Zone 4,61.8,Zone 5,33.2,Zone 4,53.4,Zone 5,39.6,Zone 4,61.4,Zone 5,55.6,Zone 5,64.2,Zone 5,61.8,Zone 5,66.3,Zone 5
Gujarat,Amreli,Dhari Aws400,27.6,2026-07-13,00:45:00,88.0,2026-07-12,00:45:00,2026-07-13 00:51:19,32.150000000000034,Zone 4,63.2,Zone 5,31.9,Zone 4,59.1,Zone 5,41.8,Zone 5,62.8,Zone 5,59.7,Zone 5,65.4,Zone 5,63.2,Zone 5,67.4,Zone 5
Gujarat,Amreli,Rajula,28.9,2026-07-13,00:30:00,88.0,2026-07-12,00:30:00,2026-07-13 00:51:19,35.650000000000034,Zone 4,65.7,Zone 5,35.9,Zone 4,62.2,Zone 5,56.7,Zone 5,65.3,Zone 5,62.7,Zone 5,67.5,Zone 5,65.7,Zone 5,69.2,Zone 5
Gujarat,Banaskantha,Ambaji Temple,28.1,2026-07-13,00:15:00,,,,2026-07-13 00:51:19,,,,,,,,,,,,,,,,,,,,
Gujarat,Banaskantha,Tharad Aws400,28.7,2026-07-13,00:45:00,66.0,2026-07-12,00:45:00,2026-07-13 00:51:19,31.25,Zone 4,59.5,Zone 5,30.9,Zone 4,42.4,Zone 5,36.9,Zone 4,59.1,Zone 5,44.6,Zone 5,62.3,Zone 5,59.5,Zone 5,64.6,Zone 5
Gujarat,Bharuch,Hansot Aws400,28.4,2026-07-13,00:45:00,94.0,2026-07-12,00:45:00,2026-07-13 00:51:19,35.55000000000001,Zone 4,66.2,Zone 5,35.9,Zone 4,62.8,Zone 5,59.1,Zone 5,65.8,Zone 5,63.4,Zone 5,68.0,Zone 5,66.2,Zone 5,69.6,Zone 5
Gujarat,Bhavnagar,Bhavnagar,28.8,2026-07-13,00:45:00,83.0,2026-07-12,00:45:00,2026-07-13 00:51:19,34.25,Zone 4,64.5,Zone 5,34.7,Zone 4,60.7,Zone 5,49.6,Zone 5,64.1,Zone 5,61.3,Zone 5,66.5,Zone 5,64.5,Zone 5,68.3,Zone 5
Gujarat,Bhavnagar,Talaja Aws400,28.7,2026-07-13,00:45:00,84.0,2026-07-12,00:45:00,2026-07-13 00:51:19,34.150000000000034,Zone 4,63.9,Zone 5,33.7,Zone 4,60.0,Zone 5,46.1,Zone 5,63.5,Zone 5,60.6,Zone 5,66.0,Zone 5,63.9,Zone 5,67.9,Zone 5
Gujarat,Botad,Botad,28.5,2026-07-13,00:45:00,80.0,2026-07-12,00:45:00,2026-07-13 00:51:19,32.950000000000045,Zone 4,63.0,Zone 5,32.9,Zone 4,58.6,Zone 5,40.7,Zone 5,62.6,Zone 5,59.5,Zone 5,65.2,Zone 5,63.0,Zone 5,67.2,Zone 5
Gujarat,Dahod,Dahod Kvk,27.5,2026-07-13,00:45:00,73.0,2026-07-12,00:45:00,2026-07-13 00:51:19,29.950000000000045,Zone 4,59.7,Zone 5,30.0,Zone 4,43.2,Zone 5,36.1,Zone 4,59.3,Zone 5,45.4,Zone 5,62.4,Zone 5,59.7,Zone 5,64.8,Zone 5
Gujarat,Dang,Dang Kvk,27.9,2026-07-13,00:45:00,85.0,2026-07-12,00:45:00,2026-07-13 00:51:19,32.35000000000002,Zone 4,63.3,Zone 5,32.6,Zone 4,59.3,Zone 5,42.6,Zone 5,62.9,Zone 5,59.9,Zone 5,65.5,Zone 5,63.3,Zone 5,67.5,Zone 5
Gujarat,Dwarka,Dwarka,28.7,2026-07-13,00:45:00,91.0,2026-07-12,00:45:00,2026-07-13 00:51:19,35.75,Zone 4,65.5,Zone 5,35.1,Zone 4,62.0,Zone 5,55.8,Zone 5,65.2,Zone 5,62.5,Zone 5,67.4,Zone 5,65.5,Zone 5,69.1,Zone 5
Gujarat,Gandhinagar,Gandhinagar,29.4,2026-07-13,00:30:00,61.0,2026-07-12,00:30:00,2026-07-13 00:51:19,31.850000000000023,Zone 4,59.7,Zone 5,32.0,Zone 4,43.3,Zone 5,37.8,Zone 4,59.3,Zone 5,45.5,Zone 5,62.4,Zone 5,59.7,Zone 5,64.8,Zone 5
Gujarat,Gir Somnath,Veraval   Aws400,28.6,2026-07-13,00:45:00,87.0,2026-07-12,00:45:00,2026-07-13 00:51:19,34.55000000000001,Zone 4,64.6,Zone 5,34.3,Zone 4,60.9,Zone 5,50.3,Zone 5,64.2,Zone 5,61.4,Zone 5,66.6,Zone 5,64.6,Zone 5,68.4,Zone 5
Gujarat,Kachchh,Bachau Amfu,29.1,2026-07-13,00:30:00,80.0,2026-07-12,00:30:00,2026-07-13 00:51:19,34.35000000000002,Zone 4,63.8,Zone 5,34.1,Zone 4,59.9,Zone 5,45.3,Zone 5,63.4,Zone 5,60.4,Zone 5,65.9,Zone 5,63.8,Zone 5,67.8,Zone 5
Gujarat,Kachchh,Kandla,29.7,2026-07-13,00:30:00,81.0,2026-07-12,00:30:00,2026-07-13 00:51:19,36.150000000000034,Zone 4,64.8,Zone 5,35.6,Zone 4,61.1,Zone 5,51.7,Zone 5,64.5,Zone 5,61.7,Zone 5,66.8,Zone 5,64.8,Zone 5,68.6,Zone 5
Gujarat,Kachchh,Mundra,29.2,2026-07-13,00:45:00,79.0,2026-07-12,00:45:00,2026-07-13 00:51:19,34.450000000000045,Zone 4,63.5,Zone 5,33.9,Zone 4,59.6,Zone 5,43.8,Zone 5,63.1,Zone 5,60.1,Zone 5,65.7,Zone 5,63.5,Zone 5,67.6,Zone 5
Gujarat,Kachchh,Rapar,29.1,2026-07-13,00:45:00,81.0,2026-07-12,00:45:00,2026-07-13 00:51:19,34.55000000000001,Zone 4,64.0,Zone 5,34.3,Zone 4,60.2,Zone 5,46.7,Zone 5,63.6,Zone 5,60.7,Zone 5,66.1,Zone 5,64.0,Zone 5,68.0,Zone 5
Gujarat,Mahesana,Jagudan,29.5,2026-07-13,00:30:00,71.0,2026-07-12,00:30:00,2026-07-13 00:51:19,33.55000000000001,Zone 4,62.3,Zone 5,33.6,Zone 4,55.8,Zone 5,40.1,Zone 4,61.9,Zone 5,57.9,Zone 5,64.7,Zone 5,62.3,Zone 5,66.7,Zone 5
Gujarat,Mahisagar,Lunavada,28.3,2026-07-13,00:45:00,99.0,2026-07-12,00:45:00,2026-07-13 00:51:19,39.05000000000001,Zone 5,67.4,Zone 5,41.5,Zone 5,64.2,Zone 5,60.8,Zone 5,67.0,Zone 5,64.7,Zone 5,69.0,Zone 5,67.4,Zone 5,70.4,Zone 5
Gujarat,Morbi,Halwad,29.5,2026-07-13,00:45:00,73.0,2026-07-12,00:45:00,2026-07-13 00:51:19,33.950000000000045,Zone 4,62.8,Zone 5,33.9,Zone 4,58.1,Zone 5,40.7,Zone 4,62.4,Zone 5,59.3,Zone 5,65.1,Zone 5,62.8,Zone 5,67.1,Zone 5
Gujarat,Patan,Patan,29.8,2026-07-13,00:30:00,71.0,2026-07-12,00:30:00,2026-07-13 00:51:19,34.25,Zone 4,63.1,Zone 5,34.7,Zone 4,59.1,Zone 5,41.5,Zone 5,62.7,Zone 5,59.6,Zone 5,65.3,Zone 5,63.1,Zone 5,67.3,Zone 5
Gujarat,Patan,Radhanpur,29.8,2026-07-13,00:45:00,71.0,2026-07-12,00:45:00,2026-07-13 00:51:19,34.25,Zone 4,63.1,Zone 5,34.7,Zone 4,59.1,Zone 5,41.5,Zone 5,62.7,Zone 5,59.6,Zone 5,65.3,Zone 5,63.1,Zone 5,67.3,Zone 5
Gujarat,Porbandar,Porbandar,19.8,2026-07-13,00:45:00,89.0,2026-07-12,00:45:00,2026-07-13 00:51:19,20.75,Zone 3,35.6,Zone 4,21.0,Zone 3,30.6,Zone 4,25.9,Zone 4,35.4,Zone 4,30.9,Zone 4,44.4,Zone 5,35.6,Zone 4,57.5,Zone 5
Gujarat,Sabarkantha,Bayad,28.6,2026-07-13,00:30:00,100.0,2026-07-12,00:30:00,2026-07-13 00:51:19,44.450000000000045,Zone 5,67.6,Zone 5,43.1,Zone 5,64.5,Zone 5,61.2,Zone 5,67.2,Zone 5,65.0,Zone 5,69.2,Zone 5,67.6,Zone 5,70.6,Zone 5
Gujarat,Sabarkantha,Himatnagar,28.4,2026-07-13,00:45:00,75.0,2026-07-12,00:45:00,2026-07-13 00:51:19,31.950000000000045,Zone 4,61.8,Zone 5,32.1,Zone 4,53.1,Zone 5,38.7,Zone 4,61.4,Zone 5,55.4,Zone 5,64.2,Zone 5,61.8,Zone 5,66.3,Zone 5
Gujarat,Surat,Surat,29.6,2026-07-13,00:30:00,91.0,2026-07-12,00:30:00,2026-07-13 00:51:19,42.05000000000001,Zone 5,67.3,Zone 5,40.8,Zone 5,64.1,Zone 5,60.7,Zone 5,66.9,Zone 5,64.6,Zone 5,68.9,Zone 5,67.3,Zone 5,70.4,Zone 5
Gujarat,Surat,Surat Kvk,29.0,2026-07-13,00:45:00,,,,2026-07-13 00:51:19,,,,,,,,,,,,,,,,,,,,
Gujarat,Surendranagar,Surendranagar,28.9,2026-07-13,00:30:00,73.0,2026-07-12,00:30:00,2026-07-13 00:51:19,32.650000000000034,Zone 4,62.1,Zone 5,32.9,Zone 4,54.5,Zone 5,39.4,Zone 4,61.7,Zone 5,56.7,Zone 5,64.4,Zone 5,62.1,Zone 5,66.5,Zone 5
Gujarat,Tapi,Vyara Aws400,,,,9.0,2026-07-12,00:45:00,2026-07-13 00:51:19,,,,,,,,,,,,,,,,,,,,
Gujarat,Vadodara,Vadodara Aws400,28.7,2026-07-13,00:45:00,84.0,2026-07-12,00:45:00,2026-07-13 00:51:19,34.150000000000034,Zone 4,63.9,Zone 5,33.7,Zone 4,60.0,Zone 5,46.1,Zone 5,63.5,Zone 5,60.6,Zone 5,66.0,Zone 5,63.9,Zone 5,67.9,Zone 5
Haryana,Charkhi Dadri,Revenue Office Aws400,31.2,2026-07-13,00:45:00,58.0,2026-07-12,00:45:00,2026-07-13 00:51:19,34.650000000000034,Zone 4,61.1,Zone 5,34.2,Zone 4,49.9,Zone 5,40.1,Zone 4,60.7,Zone 5,52.2,Zone 5,63.6,Zone 5,61.1,Zone 5,65.8,Zone 5
Haryana,Faridabad,Bopani,32.5,2026-07-13,00:45:00,90.0,2026-07-12,00:45:00,2026-07-13 00:51:19,64.15000000000003,Zone 5,72.9,Zone 6,64.2,Zone 5,70.2,Zone 5,68.2,Zone 5,72.4,Zone 6,70.6,Zone 5,75.3,Zone 6,72.9,Zone 6,78.2,Zone 6
Haryana,Fatehabad,Fatehabad,31.1,2026-07-13,00:45:00,59.0,2026-07-12,00:45:00,2026-07-13 00:51:19,34.650000000000034,Zone 4,61.4,Zone 5,34.4,Zone 4,51.3,Zone 5,40.4,Zone 4,61.0,Zone 5,53.6,Zone 5,63.9,Zone 5,61.4,Zone 5,66.0,Zone 5
Haryana,Gurgaon,Gurgaon,30.9,2026-07-13,00:30:00,76.0,2026-07-12,00:30:00,2026-07-13 00:51:19,38.25,Zone 4,66.0,Zone 5,38.6,Zone 4,62.6,Zone 5,58.5,Zone 5,65.7,Zone 5,63.1,Zone 5,67.8,Zone 5,66.0,Zone 5,69.5,Zone 5
Haryana,Gurgaon,Gurgaon Kvk,31.2,2026-07-13,00:45:00,19.0,2026-07-12,00:45:00,2026-07-13 00:51:19,29.55000000000001,Zone 4,40.6,Zone 4,29.4,Zone 4,36.9,Zone 4,33.4,Zone 4,40.5,Zone 4,37.1,Zone 4,43.9,Zone 4,40.6,Zone 4,50.5,Zone 5
Haryana,Gurgaon,Northcap University,31.7,2026-07-13,00:45:00,61.0,2026-07-12,00:45:00,2026-07-13 00:51:19,36.25,Zone 4,62.7,Zone 5,35.8,Zone 4,57.5,Zone 5,42.1,Zone 4,62.3,Zone 5,59.1,Zone 5,65.0,Zone 5,62.7,Zone 5,67.0,Zone 5
Haryana,Hisar,Sadalpur,30.6,2026-07-13,00:45:00,60.0,2026-07-12,00:45:00,2026-07-13 00:51:19,33.85000000000002,Zone 4,60.9,Zone 5,33.6,Zone 4,49.1,Zone 5,39.6,Zone 4,60.5,Zone 5,51.4,Zone 5,63.5,Zone 5,60.9,Zone 5,65.7,Zone 5
Haryana,Jhajjar,Jhajjar,30.3,2026-07-13,00:45:00,,,,2026-07-13 00:51:19,,,,,,,,,,,,,,,,,,,,
Haryana,Jind,Pandu Pindara,30.9,2026-07-13,00:45:00,76.0,2026-07-12,00:45:00,2026-07-13 00:51:19,38.25,Zone 4,66.0,Zone 5,38.6,Zone 4,62.6,Zone 5,58.5,Zone 5,65.7,Zone 5,63.1,Zone 5,67.8,Zone 5,66.0,Zone 5,69.5,Zone 5
Haryana,Kaithal,Kaithal,29.6,2026-07-13,00:45:00,86.0,2026-07-12,00:45:00,2026-07-13 00:51:19,37.25,Zone 4,66.1,Zone 5,36.9,Zone 4,62.6,Zone 5,58.6,Zone 5,65.7,Zone 5,63.2,Zone 5,67.9,Zone 5,66.1,Zone 5,69.5,Zone 5
Haryana,Kaithal,Kaul Amfu,29.5,2026-07-13,00:45:00,100.0,2026-07-12,00:45:00,2026-07-13 00:51:19,56.950000000000045,Zone 5,69.3,Zone 5,56.9,Zone 5,66.6,Zone 5,63.8,Zone 5,69.0,Zone 5,67.1,Zone 5,70.7,Zone 5,69.3,Zone 5,72.6,Zone 6
Haryana,Karnal,Indri Rest House,29.1,2026-07-13,00:45:00,,,,2026-07-13 00:51:19,,,,,,,,,,,,,,,,,,,,
Haryana,Karnal,Karnal,29.6,2026-07-13,00:30:00,,,,2026-07-13 00:51:19,,,,,,,,,,,,,,,,,,,,
Haryana,Karnal,Uchani,30.3,2026-07-13,00:30:00,97.0,2026-07-12,00:30:00,2026-07-13 00:51:19,59.85000000000002,Zone 5,70.4,Zone 5,60.6,Zone 5,68.0,Zone 5,65.4,Zone 5,70.1,Zone 5,68.4,Zone 5,71.7,Zone 6,70.4,Zone 5,74.7,Zone 6
Haryana,Kurukshetra,Pehowa,27.2,2026-07-13,00:45:00,,,,2026-07-13 00:51:19,,,,,,,,,,,,,,,,,,,,
Haryana,Mahendragarh,Mahendragarh Aws,29.9,2026-07-13,00:30:00,64.0,2026-07-12,00:30:00,2026-07-13 00:51:19,33.150000000000034,Zone 4,61.3,Zone 5,33.4,Zone 4,50.7,Zone 5,39.5,Zone 4,60.9,Zone 5,53.0,Zone 5,63.8,Zone 5,61.3,Zone 5,65.9,Zone 5
Haryana,Mewat,Mandkola,30.0,2026-07-13,00:45:00,19.0,2026-07-12,00:45:00,2026-07-13 00:51:19,28.450000000000045,Zone 4,39.7,Zone 4,28.4,Zone 4,36.0,Zone 4,32.4,Zone 4,39.5,Zone 4,36.1,Zone 4,42.9,Zone 4,39.7,Zone 4,47.4,Zone 5
Haryana,Mewat,Nuh,31.3,2026-07-13,00:30:00,,,,2026-07-13 00:51:19,,,,,,,,,,,,,,,,,,,,
Haryana,Palwal,Palwal Water Service Division,30.6,2026-07-13,00:45:00,,,,2026-07-13 00:51:19,,,,,,,,,,,,,,,,,,,,
Haryana,Rewari,Bawal,30.3,2026-07-13,00:15:00,,,,2026-07-13 00:51:19,,,,,,,,,,,,,,,,,,,,
Haryana,Rohtak,Canal Rest House,30.7,2026-07-13,00:45:00,58.0,2026-07-12,00:45:00,2026-07-13 00:51:19,33.650000000000034,Zone 4,60.4,Zone 5,33.3,Zone 4,46.4,Zone 5,39.1,Zone 4,60.0,Zone 5,48.6,Zone 5,63.0,Zone 5,60.4,Zone 5,65.3,Zone 5
Haryana,Rohtak,Rohtak,31.5,2026-07-13,00:30:00,66.0,2026-07-12,00:30:00,2026-07-13 00:51:19,37.05000000000001,Zone 4,64.1,Zone 5,37.1,Zone 4,60.3,Zone 5,47.3,Zone 5,63.7,Zone 5,60.8,Zone 5,66.2,Zone 5,64.1,Zone 5,68.0,Zone 5
Haryana,Sirsa,Canal Colony Village Ottu,31.3,2026-07-13,00:45:00,59.0,2026-07-12,00:45:00,2026-07-13 00:51:19,35.05000000000001,Zone 4,62.1,Zone 5,35.4,Zone 4,54.9,Zone 5,41.5,Zone 4,61.7,Zone 5,57.0,Zone 5,64.5,Zone 5,62.1,Zone 5,66.6,Zone 5
Haryana,Sirsa,Sirsa,31.8,2026-07-13,00:45:00,65.0,2026-07-12,00:45:00,2026-07-13 00:51:19,37.55000000000001,Zone 4,64.6,Zone 5,38.0,Zone 4,60.9,Zone 5,50.3,Zone 5,64.2,Zone 5,61.4,Zone 5,66.6,Zone 5,64.6,Zone 5,68.4,Zone 5
Haryana,Sonipat,Canal Resthouse Saragthal,29.9,2026-07-13,00:45:00,100.0,2026-07-12,00:45:00,2026-07-13 00:51:19,59.85000000000002,Zone 5,70.2,Zone 5,60.2,Zone 5,67.7,Zone 5,65.2,Zone 5,69.9,Zone 5,68.2,Zone 5,71.4,Zone 5,70.2,Zone 5,74.3,Zone 6
Haryana,Sonipat,Jagdishpur,29.9,2026-07-13,00:30:00,,,,2026-07-13 00:51:19,,,,,,,,,,,,,,,,,,,,
Haryana,Yamunanagar,Hathinkundberaj,25.5,2026-07-13,00:45:00,100.0,2026-07-12,00:45:00,2026-07-13 00:51:19,29.05000000000001,Zone 4,62.4,Zone 5,29.0,Zone 4,55.9,Zone 5,37.6,Zone 5,62.0,Zone 5,58.0,Zone 5,64.7,Zone 5,62.4,Zone 5,66.7,Zone 5
Himachal Pradesh,Bilaspur,Berthin,23.2,2026-07-13,00:30:00,100.0,2026-07-12,00:30:00,2026-07-13 00:51:19,24.950000000000045,Zone 3,55.8,Zone 5,24.8,Zone 3,36.7,Zone 5,31.0,Zone 4,54.3,Zone 5,38.5,Zone 5,61.1,Zone 5,55.8,Zone 5,63.6,Zone 5
Himachal Pradesh,Bilaspur,Bilaspur Kvk,22.6,2026-07-13,00:45:00,100.0,2026-07-12,00:45:00,2026-07-13 00:51:19,24.350000000000023,Zone 3,52.5,Zone 5,24.3,Zone 3,35.4,Zone 4,30.1,Zone 4,50.9,Zone 5,36.0,Zone 4,60.4,Zone 5,52.5,Zone 5,63.0,Zone 5
Himachal Pradesh,Hamirpur,Hamirpur Neri,25.2,2026-07-13,00:45:00,67.0,2026-07-12,00:45:00,2026-07-13 00:51:19,26.05000000000001,Zone 4,41.6,Zone 5,25.8,Zone 4,35.8,Zone 4,31.2,Zone 4,40.6,Zone 4,36.2,Zone 4,55.5,Zone 5,41.6,Zone 5,61.0,Zone 5
Himachal Pradesh,Kangra,Dharmshala,23.9,2026-07-13,00:30:00,99.0,2026-07-12,00:30:00,2026-07-13 00:51:19,25.950000000000045,Zone 4,59.6,Zone 5,26.1,Zone 4,42.7,Zone 5,32.8,Zone 4,59.2,Zone 5,45.0,Zone 5,62.3,Zone 5,59.6,Zone 5,64.7,Zone 5
Himachal Pradesh,Kinnaur,Kalpa,12.1,2026-07-13,00:30:00,34.0,2026-07-12,00:30:00,2026-07-13 00:51:19,9.850000000000023,Zone 2,25.3,Zone 4,9.7,Zone 2,22.7,Zone 3,17.6,Zone 3,25.5,Zone 4,22.5,Zone 3,28.8,Zone 4,25.3,Zone 4,32.0,Zone 4
Himachal Pradesh,Kinnaur,Reckon,14.3,2026-07-13,00:30:00,100.0,2026-07-12,00:30:00,2026-07-13 00:51:19,14.350000000000023,Zone 3,29.2,Zone 4,14.6,Zone 3,25.0,Zone 3,21.5,Zone 3,29.1,Zone 4,25.1,Zone 3,33.2,Zone 4,29.2,Zone 4,38.1,Zone 5
Himachal Pradesh,Kullu,Sainj,18.0,2026-07-13,00:30:00,100.0,2026-07-12,00:30:00,2026-07-13 00:51:19,19.05000000000001,Zone 3,33.6,Zone 4,19.1,Zone 3,28.6,Zone 4,24.4,Zone 3,33.3,Zone 4,28.9,Zone 4,40.2,Zone 5,33.6,Zone 4,53.7,Zone 5
Himachal Pradesh,Kullu,Seobagh Amfu,,,,92.0,2026-07-12,00:30:00,2026-07-13 00:51:19,,,,,,,,,,,,,,,,,,,,
Himachal Pradesh,Lahaul And Spiti,Tabo,13.3,2026-07-13,00:45:00,59.0,2026-07-12,00:45:00,2026-07-13 00:51:19,11.850000000000023,Zone 2,27.0,Zone 4,12.0,Zone 2,23.9,Zone 3,19.6,Zone 3,27.1,Zone 4,23.8,Zone 3,30.7,Zone 4,27.0,Zone 4,34.1,Zone 4
Himachal Pradesh,Mandi,Mandi,23.8,2026-07-13,00:30:00,88.0,2026-07-12,00:30:00,2026-07-13 00:51:19,25.150000000000034,Zone 3,53.1,Zone 5,25.5,Zone 4,36.8,Zone 4,31.6,Zone 4,51.6,Zone 5,37.3,Zone 4,60.5,Zone 5,53.1,Zone 5,63.1,Zone 5
Himachal Pradesh,Mandi,Sundernagar Kvk,21.2,2026-07-13,00:45:00,100.0,2026-07-12,00:45:00,2026-07-13 00:51:19,22.850000000000023,Zone 3,42.5,Zone 5,22.6,Zone 3,32.8,Zone 4,27.7,Zone 4,41.2,Zone 5,33.3,Zone 4,56.3,Zone 5,42.5,Zone 5,61.2,Zone 5
Himachal Pradesh,Shimla,Fagu,14.1,2026-07-13,00:30:00,,,,2026-07-13 00:51:19,,,,,,,,,,,,,,,,,,,,
Himachal Pradesh,Shimla,Hipa,18.0,2026-07-13,00:30:00,78.0,2026-07-12,00:30:00,2026-07-13 00:51:19,18.05000000000001,Zone 3,32.2,Zone 4,18.0,Zone 3,27.8,Zone 4,23.9,Zone 3,32.1,Zone 4,27.9,Zone 4,36.2,Zone 4,32.2,Zone 4,43.2,Zone 5
Himachal Pradesh,Shimla,Kotkhai,16.6,2026-07-13,00:30:00,100.0,2026-07-12,00:30:00,2026-07-13 00:51:19,17.350000000000023,Zone 3,31.6,Zone 4,17.2,Zone 3,26.9,Zone 4,23.2,Zone 3,31.4,Zone 4,27.0,Zone 4,35.7,Zone 4,31.6,Zone 4,46.6,Zone 5
Himachal Pradesh,Shimla,Kufri,15.8,2026-07-13,00:30:00,87.0,2026-07-12,00:30:00,2026-07-13 00:51:19,15.75,Zone 3,30.4,Zone 4,16.0,Zone 3,26.0,Zone 4,22.5,Zone 3,30.2,Zone 4,26.1,Zone 4,34.3,Zone 4,30.4,Zone 4,39.1,Zone 5
Himachal Pradesh,Shimla,Mashobra,18.5,2026-07-13,00:45:00,92.0,2026-07-12,00:45:00,2026-07-13 00:51:19,19.350000000000023,Zone 3,33.7,Zone 4,19.3,Zone 3,28.9,Zone 4,24.6,Zone 3,33.5,Zone 4,29.1,Zone 4,38.8,Zone 5,33.7,Zone 4,52.2,Zone 5
Himachal Pradesh,Shimla,Narkanda,13.1,2026-07-13,00:30:00,97.0,2026-07-12,00:30:00,2026-07-13 00:51:19,12.950000000000045,Zone 2,27.5,Zone 4,12.9,Zone 2,24.1,Zone 3,20.2,Zone 3,27.5,Zone 4,24.1,Zone 3,31.5,Zone 4,27.5,Zone 4,35.3,Zone 4
Himachal Pradesh,Shimla,Shimala Cpri,19.0,2026-07-13,00:30:00,63.0,2026-07-12,00:30:00,2026-07-13 00:51:19,18.450000000000045,Zone 3,32.4,Zone 4,18.5,Zone 3,28.2,Zone 4,24.3,Zone 3,32.3,Zone 4,28.4,Zone 4,36.2,Zone 4,32.4,Zone 4,40.0,Zone 5
Himachal Pradesh,Solan,Nauni Amfu,21.6,2026-07-13,00:45:00,81.0,2026-07-12,00:45:00,2026-07-13 00:51:19,22.55000000000001,Zone 3,37.1,Zone 4,22.4,Zone 3,32.1,Zone 4,27.4,Zone 4,36.8,Zone 4,32.4,Zone 4,47.4,Zone 5,37.1,Zone 4,59.2,Zone 5
Jammu And Kashmir,Anantnag,Amarnath,7.5,2026-07-13,00:30:00,96.0,2026-07-12,00:30:00,2026-07-13 00:51:19,7.350000000000023,Zone 2,23.8,Zone 3,7.4,Zone 2,20.7,Zone 3,15.3,Zone 3,23.8,Zone 3,20.6,Zone 3,26.4,Zone 4,23.8,Zone 3,29.9,Zone 4
Jammu And Kashmir,Anantnag,Anantnag,15.9,2026-07-13,00:30:00,,,,2026-07-13 00:51:19,,,,,,,,,,,,,,,,,,,,
Jammu And Kashmir,Anantnag,Chandanwari,11.7,2026-07-13,00:45:00,90.0,2026-07-12,00:45:00,2026-07-13 00:51:19,11.350000000000023,Zone 2,26.0,Zone 4,11.2,Zone 2,23.1,Zone 3,18.7,Zone 3,26.0,Zone 4,23.1,Zone 3,29.8,Zone 4,26.0,Zone 4,33.4,Zone 4
Jammu And Kashmir,Anantnag,Khudwani,20.1,2026-07-13,00:30:00,94.0,2026-07-12,00:30:00,2026-07-13 00:51:19,21.350000000000023,Zone 3,36.1,Zone 4,21.2,Zone 3,30.9,Zone 4,26.1,Zone 4,35.8,Zone 4,31.2,Zone 4,47.3,Zone 5,36.1,Zone 4,59.2,Zone 5
Jammu And Kashmir,Anantnag,Larnoo,13.8,2026-07-13,00:30:00,99.0,2026-07-12,00:30:00,2026-07-13 00:51:19,13.75,Zone 2,28.6,Zone 4,14.0,Zone 2,24.7,Zone 3,21.1,Zone 3,28.5,Zone 4,24.7,Zone 3,32.6,Zone 4,28.6,Zone 4,36.6,Zone 4
Jammu And Kashmir,Anantnag,Pahalgam,11.7,2026-07-13,00:30:00,100.0,2026-07-12,00:30:00,2026-07-13 00:51:19,11.650000000000034,Zone 2,26.2,Zone 4,11.5,Zone 2,23.2,Zone 3,18.9,Zone 3,26.2,Zone 4,23.2,Zone 3,30.0,Zone 4,26.2,Zone 4,33.8,Zone 4
Jammu And Kashmir,Anantnag,Panchtarni,7.0,2026-07-13,00:30:00,100.0,2026-07-12,00:30:00,2026-07-13 00:51:19,7.050000000000011,Zone 2,23.6,Zone 3,7.0,Zone 2,20.5,Zone 3,14.9,Zone 3,23.6,Zone 3,20.3,Zone 3,26.1,Zone 4,23.6,Zone 3,29.5,Zone 4
Jammu And Kashmir,Anantnag,Sheshnag,7.5,2026-07-13,00:30:00,94.0,2026-07-12,00:30:00,2026-07-13 00:51:19,7.350000000000023,Zone 2,23.8,Zone 3,7.3,Zone 2,20.7,Zone 3,15.2,Zone 3,23.8,Zone 3,20.6,Zone 3,26.4,Zone 4,23.8,Zone 3,29.9,Zone 4
Jammu And Kashmir,Badgam,Harran,16.0,2026-07-13,00:45:00,98.0,2026-07-12,00:45:00,2026-07-13 00:51:19,16.450000000000045,Zone 3,30.9,Zone 4,16.5,Zone 3,26.3,Zone 4,22.7,Zone 3,30.7,Zone 4,26.4,Zone 4,35.0,Zone 4,30.9,Zone 4,43.4,Zone 5
Jammu And Kashmir,Bandipora,Bandipora,16.9,2026-07-13,00:30:00,100.0,2026-07-12,00:30:00,2026-07-13 00:51:19,17.650000000000034,Zone 3,32.2,Zone 4,17.8,Zone 3,27.4,Zone 4,23.6,Zone 3,32.0,Zone 4,27.6,Zone 4,36.4,Zone 4,32.2,Zone 4,48.9,Zone 5
Jammu And Kashmir,Baramulla,Baramulla Kvk,17.1,2026-07-13,00:45:00,90.0,2026-07-12,00:45:00,2026-07-13 00:51:19,17.450000000000045,Zone 3,31.7,Zone 4,17.4,Zone 3,27.1,Zone 4,23.4,Zone 3,31.5,Zone 4,27.3,Zone 4,35.7,Zone 4,31.7,Zone 4,44.4,Zone 5
Jammu And Kashmir,Baramulla,Gulmarg,10.6,2026-07-13,00:30:00,87.0,2026-07-12,00:30:00,2026-07-13 00:51:19,10.150000000000034,Zone 2,25.1,Zone 3,10.1,Zone 2,22.5,Zone 3,17.7,Zone 3,25.2,Zone 3,22.4,Zone 3,28.8,Zone 4,25.1,Zone 3,32.3,Zone 4
Jammu And Kashmir,Doda,Bhella,20.6,2026-07-13,00:00:00,,,,2026-07-13 00:51:19,,,,,,,,,,,,,,,,,,,,
Jammu And Kashmir,Ganderbal,Baltal,8.9,2026-07-13,00:45:00,100.0,2026-07-12,00:45:00,2026-07-13 00:51:19,8.850000000000023,Zone 2,24.5,Zone 3,9.0,Zone 2,21.7,Zone 3,16.7,Zone 3,24.6,Zone 3,21.7,Zone 3,27.7,Zone 4,24.5,Zone 3,31.3,Zone 4
Jammu And Kashmir,Ganderbal,Bararri,6.8,2026-07-13,00:45:00,90.0,2026-07-12,00:45:00,2026-07-13 00:51:19,6.550000000000011,Zone 2,23.5,Zone 3,6.7,Zone 2,20.3,Zone 3,14.7,Zone 3,23.6,Zone 3,20.2,Zone 3,26.0,Zone 4,23.5,Zone 3,29.4,Zone 4
Jammu And Kashmir,Ganderbal,Ganderbal,15.9,2026-07-13,00:30:00,86.0,2026-07-12,00:30:00,2026-07-13 00:51:19,15.75,Zone 3,30.3,Zone 4,15.9,Zone 3,26.0,Zone 4,22.4,Zone 3,30.2,Zone 4,26.1,Zone 4,34.3,Zone 4,30.3,Zone 4,38.8,Zone 5
Jammu And Kashmir,Ganderbal,Sangam,7.9,2026-07-13,00:45:00,100.0,2026-07-12,00:45:00,2026-07-13 00:51:19,7.9500000000000455,Zone 2,24.1,Zone 3,8.0,Zone 2,21.1,Zone 3,15.8,Zone 3,24.1,Zone 3,21.0,Zone 3,26.9,Zone 4,24.1,Zone 3,30.4,Zone 4
Jammu And Kashmir,Ganderbal,Sonemarg,10.9,2026-07-13,00:30:00,100.0,2026-07-12,00:30:00,2026-07-13 00:51:19,10.950000000000045,Zone 2,25.7,Zone 4,11.0,Zone 2,22.9,Zone 3,18.5,Zone 3,25.7,Zone 4,22.9,Zone 3,29.6,Zone 4,25.7,Zone 4,33.3,Zone 4
Jammu And Kashmir,Jammu,Chatha Amfu,26.7,2026-07-13,00:30:00,91.0,2026-07-12,00:30:00,2026-07-13 00:51:19,30.55000000000001,Zone 4,62.2,Zone 5,30.1,Zone 4,55.0,Zone 5,37.3,Zone 4,61.8,Zone 5,57.2,Zone 5,64.5,Zone 5,62.2,Zone 5,66.6,Zone 5
Jammu And Kashmir,Jammu,Jammu,25.6,2026-07-13,00:30:00,95.0,2026-07-12,00:30:00,2026-07-13 00:51:19,28.75,Zone 4,61.3,Zone 5,28.5,Zone 4,51.0,Zone 5,35.6,Zone 4,60.9,Zone 5,53.4,Zone 5,63.8,Zone 5,61.3,Zone 5,66.0,Zone 5
Jammu And Kashmir,Kathua,Kathua Kvk,25.4,2026-07-13,00:45:00,56.0,2026-07-12,00:45:00,2026-07-13 00:51:19,25.75,Zone 4,40.0,Zone 4,25.8,Zone 4,35.3,Zone 4,30.9,Zone 4,39.7,Zone 4,35.6,Zone 4,49.3,Zone 5,40.0,Zone 4,59.6,Zone 5
Jammu And Kashmir,Kishtwar,Gulabgarh,10.6,2026-07-13,00:30:00,94.0,2026-07-12,00:30:00,2026-07-13 00:51:19,10.450000000000045,Zone 2,25.2,Zone 3,10.3,Zone 2,22.6,Zone 3,17.9,Zone 3,25.2,Zone 3,22.5,Zone 3,28.9,Zone 4,25.2,Zone 3,32.6,Zone 4
Jammu And Kashmir,Kishtwar,Kishtwar,18.2,2026-07-13,00:30:00,100.0,2026-07-12,00:30:00,2026-07-13 00:51:19,19.350000000000023,Zone 3,33.6,Zone 4,19.1,Zone 3,28.6,Zone 4,24.4,Zone 3,33.3,Zone 4,28.9,Zone 4,40.2,Zone 5,33.6,Zone 4,53.7,Zone 5
Jammu And Kashmir,Kulgam,Kulgam Amfu,15.4,2026-07-13,00:45:00,100.0,2026-07-12,00:45:00,2026-07-13 00:51:19,15.75,Zone 3,30.4,Zone 4,15.9,Zone 3,25.8,Zone 4,22.4,Zone 3,30.2,Zone 4,25.9,Zone 4,34.4,Zone 4,30.4,Zone 4,42.1,Zone 5
Jammu And Kashmir,Kupwara,Kupw Kvk,17.7,2026-07-13,00:45:00,84.0,2026-07-12,00:45:00,2026-07-13 00:51:19,17.950000000000045,Zone 3,31.9,Zone 4,17.7,Zone 3,27.4,Zone 4,23.6,Zone 3,31.8,Zone 4,27.6,Zone 4,36.0,Zone 4,31.9,Zone 4,43.9,Zone 5
Jammu And Kashmir,Poonch,Poonch,21.5,2026-07-13,00:45:00,89.0,2026-07-12,00:45:00,2026-07-13 00:51:19,22.75,Zone 3,38.4,Zone 5,22.7,Zone 3,32.7,Zone 4,27.8,Zone 4,37.7,Zone 4,33.1,Zone 4,52.5,Zone 5,38.4,Zone 5,60.3,Zone 5
Jammu And Kashmir,Poonch,Rajpura Mandi,17.9,2026-07-13,00:30:00,100.0,2026-07-12,00:30:00,2026-07-13 00:51:19,18.950000000000045,Zone 3,33.6,Zone 4,19.1,Zone 3,28.6,Zone 4,24.4,Zone 3,33.3,Zone 4,28.9,Zone 4,40.2,Zone 5,33.6,Zone 4,53.7,Zone 5
Jammu And Kashmir,Pulwama,Malangpura,17.6,2026-07-13,00:45:00,98.0,2026-07-12,00:45:00,2026-07-13 00:51:19,18.450000000000045,Zone 3,32.8,Zone 4,18.4,Zone 3,27.9,Zone 4,23.9,Zone 3,32.5,Zone 4,28.1,Zone 4,37.1,Zone 5,32.8,Zone 4,50.4,Zone 5
Jammu And Kashmir,Pulwama,Tral,17.7,2026-07-13,00:30:00,91.0,2026-07-12,00:30:00,2026-07-13 00:51:19,18.25,Zone 3,32.3,Zone 4,18.0,Zone 3,27.7,Zone 4,23.8,Zone 3,32.2,Zone 4,27.9,Zone 4,36.5,Zone 4,32.3,Zone 4,47.1,Zone 5
Jammu And Kashmir,Rajouri,Rajouri,21.7,2026-07-13,00:30:00,96.0,2026-07-12,00:30:00,2026-07-13 00:51:19,23.25,Zone 3,43.0,Zone 5,23.0,Zone 3,33.3,Zone 4,28.2,Zone 4,41.6,Zone 5,33.7,Zone 4,56.7,Zone 5,43.0,Zone 5,61.2,Zone 5
Jammu And Kashmir,Rajouri,Rajouri Arg,20.9,2026-07-13,00:30:00,100.0,2026-07-12,00:30:00,2026-07-13 00:51:19,22.55000000000001,Zone 3,42.5,Zone 5,22.6,Zone 3,32.8,Zone 4,27.7,Zone 4,41.2,Zone 5,33.3,Zone 4,56.3,Zone 5,42.5,Zone 5,61.2,Zone 5
Jammu And Kashmir,Ramban,Govindpura,22.5,2026-07-13,00:30:00,89.0,2026-07-12,00:30:00,2026-07-13 00:51:19,23.850000000000023,Zone 3,44.2,Zone 5,23.8,Zone 3,34.3,Zone 4,29.3,Zone 4,42.8,Zone 5,34.7,Zone 4,57.7,Zone 5,44.2,Zone 5,61.5,Zone 5
Jammu And Kashmir,Reasi,Reasi Kvk,23.6,2026-07-13,00:45:00,100.0,2026-07-12,00:45:00,2026-07-13 00:51:19,25.450000000000045,Zone 4,58.9,Zone 5,25.3,Zone 3,39.9,Zone 5,31.9,Zone 4,57.4,Zone 5,42.0,Zone 5,61.8,Zone 5,58.9,Zone 5,64.2,Zone 5
Jammu And Kashmir,Samba,Samba,24.1,2026-07-13,00:45:00,100.0,2026-07-12,00:45:00,2026-07-13 00:51:19,26.350000000000023,Zone 4,59.8,Zone 5,26.1,Zone 4,43.6,Zone 5,32.9,Zone 4,59.4,Zone 5,45.9,Zone 5,62.5,Zone 5,59.8,Zone 5,64.8,Zone 5
Jammu And Kashmir,Shopian,Shopian,13.4,2026-07-13,00:30:00,99.0,2026-07-12,00:30:00,2026-07-13 00:51:19,13.350000000000023,Zone 2,28.1,Zone 4,13.5,Zone 2,24.4,Zone 3,20.7,Zone 3,28.0,Zone 4,24.4,Zone 3,32.1,Zone 4,28.1,Zone 4,36.0,Zone 4
Jammu And Kashmir,Srinagar,Rambagh,18.3,2026-07-13,00:30:00,85.0,2026-07-12,00:30:00,2026-07-13 00:51:19,18.75,Zone 3,33.2,Zone 4,19.0,Zone 3,28.6,Zone 4,24.4,Zone 3,33.0,Zone 4,28.8,Zone 4,37.3,Zone 4,33.2,Zone 4,48.8,Zone 5
Jammu And Kashmir,Srinagar,Srinagar Amfu,16.6,2026-07-13,00:30:00,100.0,2026-07-12,00:30:00,2026-07-13 00:51:19,17.350000000000023,Zone 3,31.6,Zone 4,17.2,Zone 3,26.9,Zone 4,23.2,Zone 3,31.4,Zone 4,27.0,Zone 4,35.7,Zone 4,31.6,Zone 4,46.6,Zone 5
Jammu And Kashmir,Udhampur,Kawa,25.0,2026-07-13,00:45:00,100.0,2026-07-12,00:45:00,2026-07-13 00:51:19,27.950000000000045,Zone 4,61.5,Zone 5,28.0,Zone 4,51.8,Zone 5,35.2,Zone 4,61.1,Zone 5,54.1,Zone 5,64.0,Zone 5,61.5,Zone 5,66.1,Zone 5
Jharkhand,Bokaro,Kv Bokaro,28.4,2026-07-13,00:45:00,98.0,2026-07-12,00:45:00,2026-07-13 00:51:19,38.75,Zone 5,67.1,Zone 5,39.9,Zone 5,63.9,Zone 5,60.5,Zone 5,66.8,Zone 5,64.5,Zone 5,68.8,Zone 5,67.1,Zone 5,70.3,Zone 5
Jharkhand,Deoghar,Deoghar Aws400,26.3,2026-07-13,00:45:00,100.0,2026-07-12,00:45:00,2026-07-13 00:51:19,30.850000000000023,Zone 4,64.1,Zone 5,31.3,Zone 4,60.2,Zone 5,47.0,Zone 5,63.7,Zone 5,60.8,Zone 5,66.2,Zone 5,64.1,Zone 5,68.0,Zone 5
Jharkhand,East Singhbhum,Bahragora,28.8,2026-07-13,00:45:00,96.0,2026-07-12,00:45:00,2026-07-13 00:51:19,40.450000000000045,Zone 5,67.6,Zone 5,42.9,Zone 5,64.4,Zone 5,61.1,Zone 5,67.2,Zone 5,65.0,Zone 5,69.1,Zone 5,67.6,Zone 5,70.6,Zone 5
Jharkhand,Giridih,Giridih-Bengabad Kvk,16.3,2026-07-13,00:30:00,62.0,2026-07-12,00:30:00,2026-07-13 00:51:19,15.050000000000011,Zone 3,29.8,Zone 4,15.3,Zone 3,25.9,Zone 4,22.2,Zone 3,29.8,Zone 4,25.9,Zone 4,33.6,Zone 4,29.8,Zone 4,37.2,Zone 4
Jharkhand,Gumla,Gumla-Bishnupur Kvk,25.4,2026-07-13,00:45:00,91.0,2026-07-12,00:45:00,2026-07-13 00:51:19,27.950000000000045,Zone 4,60.5,Zone 5,28.1,Zone 4,47.0,Zone 5,34.9,Zone 4,60.1,Zone 5,49.3,Zone 5,63.1,Zone 5,60.5,Zone 5,65.4,Zone 5
Jharkhand,Hazaribagh,Barhi,28.0,2026-07-13,00:45:00,91.0,2026-07-12,00:45:00,2026-07-13 00:51:19,33.75,Zone 4,64.7,Zone 5,33.7,Zone 4,61.0,Zone 5,50.8,Zone 5,64.3,Zone 5,61.5,Zone 5,66.7,Zone 5,64.7,Zone 5,68.5,Zone 5
Jharkhand,Khunti,Diyakel-Khunti Kvk,26.4,2026-07-13,00:45:00,,,,2026-07-13 00:51:19,,,,,,,,,,,,,,,,,,,,
Jharkhand,Kodarma,Kodarma,26.8,2026-07-13,00:45:00,100.0,2026-07-12,00:45:00,2026-07-13 00:51:19,32.150000000000034,Zone 4,65.0,Zone 5,32.7,Zone 4,61.3,Zone 5,52.3,Zone 5,64.6,Zone 5,61.8,Zone 5,66.9,Zone 5,65.0,Zone 5,68.7,Zone 5
Jharkhand,Latehar,Netarhat,23.6,2026-07-13,00:45:00,100.0,2026-07-12,00:45:00,2026-07-13 00:51:19,25.450000000000045,Zone 4,58.9,Zone 5,25.3,Zone 3,39.9,Zone 5,31.9,Zone 4,57.4,Zone 5,42.0,Zone 5,61.8,Zone 5,58.9,Zone 5,64.2,Zone 5
Jharkhand,Lohardaga,Lohardaga Kvk,25.5,2026-07-13,00:45:00,,,,2026-07-13 00:51:19,,,,,,,,,,,,,,,,,,,,
Jharkhand,Pakur,Pakur Kvk,28.7,2026-07-13,00:45:00,,,,2026-07-13 00:51:19,,,,,,,,,,,,,,,,,,,,
Jharkhand,Ramgarh,Ramgarh Kvk,,,,100.0,2026-07-12,00:45:00,2026-07-13 00:51:19,,,,,,,,,,,,,,,,,,,,
Jharkhand,Saraikela,Saraikela,28.1,2026-07-13,00:45:00,100.0,2026-07-12,00:45:00,2026-07-13 00:51:19,38.25,Zone 5,66.7,Zone 5,37.1,Zone 5,63.4,Zone 5,59.8,Zone 5,66.3,Zone 5,63.9,Zone 5,68.4,Zone 5,66.7,Zone 5,70.0,Zone 5
Jharkhand,Simdega,Bano-Simdega Kvk,26.7,2026-07-13,00:45:00,86.0,2026-07-12,00:45:00,2026-07-13 00:51:19,29.950000000000045,Zone 4,61.1,Zone 5,29.6,Zone 4,49.8,Zone 5,36.3,Zone 4,60.7,Zone 5,52.1,Zone 5,63.6,Zone 5,61.1,Zone 5,65.8,Zone 5
Jharkhand,Simdega,Simdega,26.8,2026-07-13,00:45:00,93.0,2026-07-12,00:45:00,2026-07-13 00:51:19,31.05000000000001,Zone 4,63.4,Zone 5,31.5,Zone 4,59.5,Zone 5,43.3,Zone 5,63.0,Zone 5,60.0,Zone 5,65.6,Zone 5,63.4,Zone 5,67.5,Zone 5
Jharkhand,West Singhbhum,Jagannathpur-Bau Kvk,25.4,2026-07-13,00:45:00,,,,2026-07-13 00:51:19,,,,,,,,,,,,,,,,,,,,
Karnataka,Bagalkot,Bagalkot Kvk,24.6,2026-07-13,00:30:00,77.0,2026-07-12,00:30:00,2026-07-13 00:51:19,25.75,Zone 4,47.1,Zone 5,25.6,Zone 4,36.2,Zone 4,31.4,Zone 4,45.6,Zone 5,36.7,Zone 4,59.3,Zone 5,47.1,Zone 5,62.0,Zone 5
Karnataka,Bangalore Rural,Doddaballapura,22.8,2026-07-13,00:30:00,81.0,2026-07-12,00:30:00,2026-07-13 00:51:19,23.850000000000023,Zone 3,41.3,Zone 5,24.1,Zone 3,34.3,Zone 4,29.4,Zone 4,40.0,Zone 5,34.7,Zone 4,55.3,Zone 5,41.3,Zone 5,60.9,Zone 5
Karnataka,Bangalore Urban,Bangalore,23.5,2026-07-13,00:30:00,82.0,2026-07-12,00:30:00,2026-07-13 00:51:19,24.650000000000034,Zone 3,45.0,Zone 5,24.7,Zone 3,35.2,Zone 4,30.3,Zone 4,43.6,Zone 5,35.6,Zone 4,58.3,Zone 5,45.0,Zone 5,61.6,Zone 5
Karnataka,Bangalore Urban,Electronic City(Nice),23.2,2026-07-13,00:30:00,80.0,2026-07-12,00:30:00,2026-07-13 00:51:19,24.25,Zone 3,40.6,Zone 5,24.0,Zone 3,34.2,Zone 4,29.4,Zone 4,39.3,Zone 5,34.6,Zone 4,54.6,Zone 5,40.6,Zone 5,60.8,Zone 5
Karnataka,Bangalore Urban,Gopal Nagar,23.9,2026-07-13,00:30:00,88.0,2026-07-12,00:30:00,2026-07-13 00:51:19,25.25,Zone 3,53.1,Zone 5,25.5,Zone 4,36.8,Zone 4,31.6,Zone 4,51.6,Zone 5,37.3,Zone 4,60.5,Zone 5,53.1,Zone 5,63.1,Zone 5
Karnataka,Bangalore Urban,Madhavara(Nice),23.3,2026-07-13,00:30:00,82.0,2026-07-12,00:30:00,2026-07-13 00:51:19,24.450000000000045,Zone 3,45.0,Zone 5,24.7,Zone 3,35.2,Zone 4,30.3,Zone 4,43.6,Zone 5,35.6,Zone 4,58.3,Zone 5,45.0,Zone 5,61.6,Zone 5
Karnataka,Bellary,Hagari Kvk,27.3,2026-07-13,00:45:00,66.0,2026-07-12,00:45:00,2026-07-13 00:51:19,28.950000000000045,Zone 4,55.4,Zone 5,29.3,Zone 4,39.8,Zone 4,35.0,Zone 4,53.9,Zone 5,40.4,Zone 4,61.0,Zone 5,55.4,Zone 5,63.5,Zone 5
Karnataka,Bijapur,Tidagundi Amfu,25.0,2026-07-13,00:30:00,83.0,2026-07-12,00:30:00,2026-07-13 00:51:19,26.650000000000034,Zone 4,55.4,Zone 5,26.7,Zone 4,38.0,Zone 4,32.8,Zone 4,53.9,Zone 5,38.5,Zone 4,61.0,Zone 5,55.4,Zone 5,63.5,Zone 5
Karnataka,Chikmagalur,Mudigere Kvk,20.2,2026-07-13,00:45:00,100.0,2026-07-12,00:45:00,2026-07-13 00:51:19,21.75,Zone 3,36.9,Zone 5,21.5,Zone 3,31.3,Zone 4,26.3,Zone 4,36.3,Zone 4,31.7,Zone 4,50.8,Zone 5,36.9,Zone 5,60.0,Zone 5
Karnataka,Chitradurga,Hiriyur,24.2,2026-07-13,00:45:00,88.0,2026-07-12,00:45:00,2026-07-13 00:51:19,25.75,Zone 4,53.1,Zone 5,25.5,Zone 4,36.8,Zone 4,31.6,Zone 4,51.6,Zone 5,37.3,Zone 4,60.5,Zone 5,53.1,Zone 5,63.1,Zone 5
Karnataka,Dakshina Kannada,Mangaluru,27.2,2026-07-13,00:45:00,92.0,2026-07-12,00:45:00,2026-07-13 00:51:19,31.850000000000023,Zone 4,63.2,Zone 5,31.4,Zone 4,59.2,Zone 5,42.1,Zone 5,62.8,Zone 5,59.8,Zone 5,65.4,Zone 5,63.2,Zone 5,67.4,Zone 5
Karnataka,Dharwad,Mugad,22.6,2026-07-13,00:30:00,94.0,2026-07-12,00:30:00,2026-07-13 00:51:19,24.150000000000034,Zone 3,48.0,Zone 5,24.0,Zone 3,34.8,Zone 4,29.6,Zone 4,46.4,Zone 5,35.3,Zone 4,59.4,Zone 5,48.0,Zone 5,62.2,Zone 5
Karnataka,Gadag,Gadag,23.5,2026-07-13,00:30:00,92.0,2026-07-12,00:30:00,2026-07-13 00:51:19,25.05000000000001,Zone 3,53.1,Zone 5,25.0,Zone 3,36.4,Zone 4,31.1,Zone 4,51.5,Zone 5,36.9,Zone 4,60.5,Zone 5,53.1,Zone 5,63.1,Zone 5
Karnataka,Gulbarga,Gulbarga,27.0,2026-07-13,00:30:00,60.0,2026-07-12,00:30:00,2026-07-13 00:51:19,28.05000000000001,Zone 4,46.5,Zone 5,28.0,Zone 4,38.0,Zone 4,33.4,Zone 4,45.0,Zone 5,38.4,Zone 4,59.1,Zone 5,46.5,Zone 5,61.9,Zone 5
Karnataka,Gulbarga,Raddewadgi,27.1,2026-07-13,00:30:00,60.0,2026-07-12,00:30:00,2026-07-13 00:51:19,28.150000000000034,Zone 4,46.5,Zone 5,28.0,Zone 4,38.0,Zone 4,33.4,Zone 4,45.0,Zone 5,38.4,Zone 4,59.1,Zone 5,46.5,Zone 5,61.9,Zone 5
Karnataka,Hassan,Hassan,20.4,2026-07-13,00:45:00,100.0,2026-07-12,00:45:00,2026-07-13 00:51:19,21.950000000000045,Zone 3,39.6,Zone 5,22.0,Zone 3,32.0,Zone 4,27.0,Zone 4,38.4,Zone 5,32.4,Zone 4,53.6,Zone 5,39.6,Zone 5,60.6,Zone 5
Karnataka,Koppal,Koppal,29.5,2026-07-13,00:45:00,67.0,2026-07-12,00:45:00,2026-07-13 00:51:19,32.85000000000002,Zone 4,61.3,Zone 5,32.9,Zone 4,50.9,Zone 5,39.1,Zone 4,60.9,Zone 5,53.2,Zone 5,63.8,Zone 5,61.3,Zone 5,66.0,Zone 5
Karnataka,Mandya,Mandya Kvk,21.5,2026-07-13,00:45:00,84.0,2026-07-12,00:45:00,2026-07-13 00:51:19,22.55000000000001,Zone 3,37.5,Zone 4,22.5,Zone 3,32.3,Zone 4,27.6,Zone 4,37.1,Zone 4,32.7,Zone 4,49.3,Zone 5,37.5,Zone 4,59.6,Zone 5
Karnataka,Ramanagara,Chandurayanghalli Kvk,21.8,2026-07-13,00:45:00,80.0,2026-07-12,00:45:00,2026-07-13 00:51:19,22.650000000000034,Zone 3,37.8,Zone 4,22.9,Zone 3,32.7,Zone 4,28.0,Zone 4,37.5,Zone 4,33.0,Zone 4,49.3,Zone 5,37.8,Zone 4,59.6,Zone 5
Karnataka,Shivamogga,Agumbe,23.0,2026-07-13,00:45:00,100.0,2026-07-12,00:45:00,2026-07-13 00:51:19,24.75,Zone 3,55.8,Zone 5,24.8,Zone 3,36.7,Zone 5,31.0,Zone 4,54.3,Zone 5,38.5,Zone 5,61.1,Zone 5,55.8,Zone 5,63.6,Zone 5
Karnataka,Tumkur,Chikkanakalli,23.2,2026-07-13,00:45:00,99.0,2026-07-12,00:45:00,2026-07-13 00:51:19,24.950000000000045,Zone 3,55.1,Zone 5,24.7,Zone 3,36.3,Zone 4,30.9,Zone 4,53.5,Zone 5,37.7,Zone 5,60.9,Zone 5,55.1,Zone 5,63.5,Zone 5
Kerala,Alappuzha,Karumadi,27.0,2026-07-13,00:30:00,,,,2026-07-13 00:51:19,,,,,,,,,,,,,,,,,,,,
Kerala,Alappuzha,Kayamkulam,26.4,2026-07-13,00:45:00,100.0,2026-07-12,00:45:00,2026-07-13 00:51:19,31.05000000000001,Zone 4,64.1,Zone 5,31.3,Zone 4,60.2,Zone 5,47.0,Zone 5,63.7,Zone 5,60.8,Zone 5,66.2,Zone 5,64.1,Zone 5,68.0,Zone 5
Kerala,Alappuzha,Nooranad,25.7,2026-07-13,00:45:00,92.0,2026-07-12,00:45:00,2026-07-13 00:51:19,28.650000000000034,Zone 4,60.7,Zone 5,28.2,Zone 4,48.0,Zone 5,35.1,Zone 4,60.3,Zone 5,50.3,Zone 5,63.3,Zone 5,60.7,Zone 5,65.5,Zone 5
Kerala,Alappuzha,Thycattussery,26.4,2026-07-13,00:45:00,91.0,2026-07-12,00:45:00,2026-07-13 00:51:19,29.950000000000045,Zone 4,62.2,Zone 5,30.1,Zone 4,55.0,Zone 5,37.3,Zone 4,61.8,Zone 5,57.2,Zone 5,64.5,Zone 5,62.2,Zone 5,66.6,Zone 5
Kerala,Ernakulam,Aluva,26.6,2026-07-13,00:45:00,100.0,2026-07-12,00:45:00,2026-07-13 00:51:19,31.55000000000001,Zone 4,64.1,Zone 5,31.3,Zone 4,60.2,Zone 5,47.0,Zone 5,63.7,Zone 5,60.8,Zone 5,66.2,Zone 5,64.1,Zone 5,68.0,Zone 5
Kerala,Ernakulam,Choondi,25.6,2026-07-13,00:45:00,,,,2026-07-13 00:51:19,,,,,,,,,,,,,,,,,,,,
Kerala,Ernakulam,Kalamassery,25.2,2026-07-13,00:45:00,90.0,2026-07-12,00:45:00,2026-07-13 00:51:19,27.55000000000001,Zone 4,59.5,Zone 5,27.2,Zone 4,42.2,Zone 5,33.7,Zone 4,59.1,Zone 5,44.3,Zone 5,62.2,Zone 5,59.5,Zone 5,64.6,Zone 5
Kerala,Ernakulam,Koothattukulam,25.0,2026-07-13,00:45:00,100.0,2026-07-12,00:45:00,2026-07-13 00:51:19,27.950000000000045,Zone 4,61.5,Zone 5,28.0,Zone 4,51.8,Zone 5,35.2,Zone 4,61.1,Zone 5,54.1,Zone 5,64.0,Zone 5,61.5,Zone 5,66.1,Zone 5
Kerala,Ernakulam,Odakkali,25.2,2026-07-13,00:45:00,100.0,2026-07-12,00:45:00,2026-07-13 00:51:19,28.350000000000023,Zone 4,61.5,Zone 5,28.0,Zone 4,51.8,Zone 5,35.2,Zone 4,61.1,Zone 5,54.1,Zone 5,64.0,Zone 5,61.5,Zone 5,66.1,Zone 5
Kerala,Idukki,Anayirankal Dam,19.2,2026-07-13,00:00:00,,,,2026-07-13 00:51:19,,,,,,,,,,,,,,,,,,,,
Kerala,Idukki,Ayyappankovil,22.0,2026-07-13,00:15:00,,,,2026-07-13 00:51:19,,,,,,,,,,,,,,,,,,,,
Kerala,Idukki,Cheruthoni,22.4,2026-07-13,00:45:00,100.0,2026-07-12,00:45:00,2026-07-13 00:51:19,24.150000000000034,Zone 3,52.5,Zone 5,24.3,Zone 3,35.4,Zone 4,30.1,Zone 4,50.9,Zone 5,36.0,Zone 4,60.4,Zone 5,52.5,Zone 5,63.0,Zone 5
Kerala,Idukki,Kovilkadavu,22.2,2026-07-13,00:45:00,73.0,2026-07-12,00:45:00,2026-07-13 00:51:19,22.850000000000023,Zone 3,37.0,Zone 4,22.6,Zone 3,32.2,Zone 4,27.6,Zone 4,36.7,Zone 4,32.5,Zone 4,44.7,Zone 5,37.0,Zone 4,57.7,Zone 5
Kerala,Idukki,Kundala Dam,13.1,2026-07-13,00:45:00,100.0,2026-07-12,00:45:00,2026-07-13 00:51:19,13.050000000000011,Zone 2,27.6,Zone 4,13.0,Zone 2,24.1,Zone 3,20.3,Zone 3,27.6,Zone 4,24.2,Zone 3,31.6,Zone 4,27.6,Zone 4,35.4,Zone 4
Kerala,Idukki,Munnar,15.3,2026-07-13,00:45:00,100.0,2026-07-12,00:45:00,2026-07-13 00:51:19,15.650000000000034,Zone 3,30.4,Zone 4,15.9,Zone 3,25.8,Zone 4,22.4,Zone 3,30.2,Zone 4,25.9,Zone 4,34.4,Zone 4,30.4,Zone 4,42.1,Zone 5
Kerala,Idukki,Pampadumpara,20.0,2026-07-13,00:45:00,100.0,2026-07-12,00:45:00,2026-07-13 00:51:19,21.450000000000045,Zone 3,36.9,Zone 5,21.5,Zone 3,31.3,Zone 4,26.3,Zone 4,36.3,Zone 4,31.7,Zone 4,50.8,Zone 5,36.9,Zone 5,60.0,Zone 5
Kerala,Idukki,Sengulam Dam,21.0,2026-07-13,00:45:00,,,,2026-07-13 00:51:19,,,,,,,,,,,,,,,,,,,,
Kerala,Idukki,Vattavada,14.9,2026-07-13,00:45:00,84.0,2026-07-12,00:45:00,2026-07-13 00:51:19,14.450000000000045,Zone 3,29.2,Zone 4,14.5,Zone 3,25.1,Zone 3,21.6,Zone 3,29.1,Zone 4,25.1,Zone 3,33.1,Zone 4,29.2,Zone 4,36.9,Zone 4
Kerala,Idukki,Vellathooval,22.7,2026-07-13,00:30:00,100.0,2026-07-12,00:30:00,2026-07-13 00:51:19,24.450000000000045,Zone 3,52.5,Zone 5,24.3,Zone 3,35.4,Zone 4,30.1,Zone 4,50.9,Zone 5,36.0,Zone 4,60.4,Zone 5,52.5,Zone 5,63.0,Zone 5
Kerala,Kannur,Aralam,25.3,2026-07-13,00:45:00,100.0,2026-07-12,00:45:00,2026-07-13 00:51:19,28.55000000000001,Zone 4,62.4,Zone 5,29.0,Zone 4,55.9,Zone 5,37.6,Zone 5,62.0,Zone 5,58.0,Zone 5,64.7,Zone 5,62.4,Zone 5,66.7,Zone 5
Kerala,Kannur,Ayyankunnu,24.5,2026-07-13,00:45:00,100.0,2026-07-12,00:45:00,2026-07-13 00:51:19,27.05000000000001,Zone 4,60.7,Zone 5,27.0,Zone 4,47.6,Zone 5,34.0,Zone 4,60.2,Zone 5,50.0,Zone 5,63.2,Zone 5,60.7,Zone 5,65.5,Zone 5
Kerala,Kannur,Chemberi,25.4,2026-07-13,00:45:00,100.0,2026-07-12,00:45:00,2026-07-13 00:51:19,28.75,Zone 4,62.4,Zone 5,29.0,Zone 4,55.9,Zone 5,37.6,Zone 5,62.0,Zone 5,58.0,Zone 5,64.7,Zone 5,62.4,Zone 5,66.7,Zone 5
Kerala,Kannur,Cheruvanchery,25.5,2026-07-13,00:45:00,100.0,2026-07-12,00:45:00,2026-07-13 00:51:19,29.05000000000001,Zone 4,62.4,Zone 5,29.0,Zone 4,55.9,Zone 5,37.6,Zone 5,62.0,Zone 5,58.0,Zone 5,64.7,Zone 5,62.4,Zone 5,66.7,Zone 5
Kerala,Kannur,Kannur-Icar,26.4,2026-07-13,00:45:00,100.0,2026-07-12,00:45:00,2026-07-13 00:51:19,31.05000000000001,Zone 4,64.1,Zone 5,31.3,Zone 4,60.2,Zone 5,47.0,Zone 5,63.7,Zone 5,60.8,Zone 5,66.2,Zone 5,64.1,Zone 5,68.0,Zone 5
Kerala,Kannur,Peringome,25.8,2026-07-13,00:45:00,100.0,2026-07-12,00:45:00,2026-07-13 00:51:19,29.650000000000034,Zone 4,63.2,Zone 5,30.1,Zone 4,59.2,Zone 5,42.0,Zone 5,62.8,Zone 5,59.8,Zone 5,65.4,Zone 5,63.2,Zone 5,67.4,Zone 5
Kerala,Kannur,Pinarayi,,,,100.0,2026-07-12,05:15:00,2026-07-13 00:51:19,,,,,,,,,,,,,,,,,,,,
Kerala,Kasaragod,Erikkulam,26.1,2026-07-13,00:45:00,100.0,2026-07-12,00:45:00,2026-07-13 00:51:19,30.350000000000023,Zone 4,63.2,Zone 5,30.1,Zone 4,59.2,Zone 5,42.0,Zone 5,62.8,Zone 5,59.8,Zone 5,65.4,Zone 5,63.2,Zone 5,67.4,Zone 5
Kerala,Kasaragod,Kudlu Afmu,28.1,2026-07-13,00:45:00,100.0,2026-07-12,00:45:00,2026-07-13 00:51:19,38.25,Zone 5,66.7,Zone 5,37.1,Zone 5,63.4,Zone 5,59.8,Zone 5,66.3,Zone 5,63.9,Zone 5,68.4,Zone 5,66.7,Zone 5,70.0,Zone 5
Kerala,Kasaragod,Muliyar,25.5,2026-07-13,00:45:00,100.0,2026-07-12,00:45:00,2026-07-13 00:51:19,29.05000000000001,Zone 4,62.4,Zone 5,29.0,Zone 4,55.9,Zone 5,37.6,Zone 5,62.0,Zone 5,58.0,Zone 5,64.7,Zone 5,62.4,Zone 5,66.7,Zone 5
Kerala,Kasaragod,Padannakkad,26.6,2026-07-13,00:45:00,97.0,2026-07-12,00:45:00,2026-07-13 00:51:19,31.150000000000034,Zone 4,63.5,Zone 5,30.9,Zone 4,59.5,Zone 5,43.3,Zone 5,63.0,Zone 5,60.0,Zone 5,65.6,Zone 5,63.5,Zone 5,67.5,Zone 5
Kerala,Kasaragod,Panathur,25.0,2026-07-13,00:30:00,100.0,2026-07-12,00:30:00,2026-07-13 00:51:19,27.950000000000045,Zone 4,61.5,Zone 5,28.0,Zone 4,51.8,Zone 5,35.2,Zone 4,61.1,Zone 5,54.1,Zone 5,64.0,Zone 5,61.5,Zone 5,66.1,Zone 5
Kerala,Kollam,Chavara,27.1,2026-07-13,00:45:00,100.0,2026-07-12,00:45:00,2026-07-13 00:51:19,32.950000000000045,Zone 4,65.0,Zone 5,32.7,Zone 4,61.3,Zone 5,52.3,Zone 5,64.6,Zone 5,61.8,Zone 5,66.9,Zone 5,65.0,Zone 5,68.7,Zone 5
Kerala,Kollam,Karuvelil Tkmit,26.2,2026-07-13,00:45:00,87.0,2026-07-12,00:45:00,2026-07-13 00:51:19,29.05000000000001,Zone 4,60.5,Zone 5,28.7,Zone 4,46.9,Zone 5,35.4,Zone 4,60.1,Zone 5,49.2,Zone 5,63.1,Zone 5,60.5,Zone 5,65.4,Zone 5
Kerala,Kollam,Punalur,25.0,2026-07-13,00:45:00,100.0,2026-07-12,00:45:00,2026-07-13 00:51:19,27.950000000000045,Zone 4,61.5,Zone 5,28.0,Zone 4,51.8,Zone 5,35.2,Zone 4,61.1,Zone 5,54.1,Zone 5,64.0,Zone 5,61.5,Zone 5,66.1,Zone 5
Kerala,Kottayam,Kottayam,27.6,2026-07-13,00:00:00,,,,2026-07-13 00:51:19,,,,,,,,,,,,,,,,,,,,
Kerala,Kottayam,Vadavathoor,25.9,2026-07-13,00:45:00,100.0,2026-07-12,00:45:00,2026-07-13 00:51:19,29.850000000000023,Zone 4,63.2,Zone 5,30.1,Zone 4,59.2,Zone 5,42.0,Zone 5,62.8,Zone 5,59.8,Zone 5,65.4,Zone 5,63.2,Zone 5,67.4,Zone 5
Kerala,Kottayam,Vaikkom,26.4,2026-07-13,00:45:00,90.0,2026-07-12,00:45:00,2026-07-13 00:51:19,29.75,Zone 4,62.0,Zone 5,30.0,Zone 4,54.0,Zone 5,37.1,Zone 4,61.6,Zone 5,56.2,Zone 5,64.3,Zone 5,62.0,Zone 5,66.4,Zone 5
Kerala,Kozhikode,Kozhikode,27.5,2026-07-13,00:00:00,,,,2026-07-13 00:51:19,,,,,,,,,,,,,,,,,,,,
Kerala,Kozhikode,Kunnamangalam,25.6,2026-07-13,00:45:00,100.0,2026-07-12,00:45:00,2026-07-13 00:51:19,29.25,Zone 4,62.4,Zone 5,29.0,Zone 4,55.9,Zone 5,37.6,Zone 5,62.0,Zone 5,58.0,Zone 5,64.7,Zone 5,62.4,Zone 5,66.7,Zone 5
Kerala,Kozhikode,Urumi,24.7,2026-07-13,00:45:00,100.0,2026-07-12,00:45:00,2026-07-13 00:51:19,27.350000000000023,Zone 4,60.7,Zone 5,27.0,Zone 4,47.6,Zone 5,34.0,Zone 4,60.2,Zone 5,50.0,Zone 5,63.2,Zone 5,60.7,Zone 5,65.5,Zone 5
Kerala,Kozhikode,Vadakara,25.5,2026-07-13,00:45:00,100.0,2026-07-12,00:45:00,2026-07-13 00:51:19,29.05000000000001,Zone 4,62.4,Zone 5,29.0,Zone 4,55.9,Zone 5,37.6,Zone 5,62.0,Zone 5,58.0,Zone 5,64.7,Zone 5,62.4,Zone 5,66.7,Zone 5
Kerala,Kozhikode,Vilangad,24.6,2026-07-13,00:45:00,100.0,2026-07-12,00:45:00,2026-07-13 00:51:19,27.25,Zone 4,60.7,Zone 5,27.0,Zone 4,47.6,Zone 5,34.0,Zone 4,60.2,Zone 5,50.0,Zone 5,63.2,Zone 5,60.7,Zone 5,65.5,Zone 5
Kerala,Malappuram,Nilambur,25.4,2026-07-13,00:45:00,100.0,2026-07-12,00:45:00,2026-07-13 00:51:19,28.75,Zone 4,62.4,Zone 5,29.0,Zone 4,55.9,Zone 5,37.6,Zone 5,62.0,Zone 5,58.0,Zone 5,64.7,Zone 5,62.4,Zone 5,66.7,Zone 5
Kerala,Malappuram,Palemad,25.5,2026-07-13,00:45:00,100.0,2026-07-12,00:45:00,2026-07-13 00:51:19,29.05000000000001,Zone 4,62.4,Zone 5,29.0,Zone 4,55.9,Zone 5,37.6,Zone 5,62.0,Zone 5,58.0,Zone 5,64.7,Zone 5,62.4,Zone 5,66.7,Zone 5
Kerala,Malappuram,Thavanur Kvk,26.2,2026-07-13,00:45:00,100.0,2026-07-12,00:45:00,2026-07-13 00:51:19,30.55000000000001,Zone 4,63.2,Zone 5,30.1,Zone 4,59.2,Zone 5,42.0,Zone 5,62.8,Zone 5,59.8,Zone 5,65.4,Zone 5,63.2,Zone 5,67.4,Zone 5
Kerala,Palakkad,Adakkaputhur,26.4,2026-07-13,00:30:00,100.0,2026-07-12,00:30:00,2026-07-13 00:51:19,31.05000000000001,Zone 4,64.1,Zone 5,31.3,Zone 4,60.2,Zone 5,47.0,Zone 5,63.7,Zone 5,60.8,Zone 5,66.2,Zone 5,64.1,Zone 5,68.0,Zone 5
Kerala,Palakkad,Kollengode,26.8,2026-07-13,00:45:00,93.0,2026-07-12,00:45:00,2026-07-13 00:51:19,31.05000000000001,Zone 4,63.4,Zone 5,31.5,Zone 4,59.5,Zone 5,43.3,Zone 5,63.0,Zone 5,60.0,Zone 5,65.6,Zone 5,63.4,Zone 5,67.5,Zone 5
Kerala,Palakkad,Malampuzha Dam,26.1,2026-07-13,00:45:00,99.0,2026-07-12,00:45:00,2026-07-13 00:51:19,30.25,Zone 4,63.0,Zone 5,30.0,Zone 4,58.7,Zone 5,40.9,Zone 5,62.6,Zone 5,59.5,Zone 5,65.2,Zone 5,63.0,Zone 5,67.2,Zone 5
Kerala,Palakkad,Mangalam Dam,26.7,2026-07-13,00:45:00,92.0,2026-07-12,00:45:00,2026-07-13 00:51:19,30.650000000000034,Zone 4,62.4,Zone 5,30.2,Zone 4,56.0,Zone 5,37.7,Zone 5,62.0,Zone 5,58.1,Zone 5,64.7,Zone 5,62.4,Zone 5,66.8,Zone 5
Kerala,Palakkad,Mankara,30.9,2026-07-13,00:30:00,89.0,2026-07-12,00:30:00,2026-07-13 00:51:19,55.75,Zone 5,69.4,Zone 5,57.0,Zone 5,66.7,Zone 5,63.8,Zone 5,69.0,Zone 5,67.1,Zone 5,70.7,Zone 5,69.4,Zone 5,72.6,Zone 6
Kerala,Palakkad,Mannarkkad,25.8,2026-07-13,00:45:00,100.0,2026-07-12,00:45:00,2026-07-13 00:51:19,29.650000000000034,Zone 4,63.2,Zone 5,30.1,Zone 4,59.2,Zone 5,42.0,Zone 5,62.8,Zone 5,59.8,Zone 5,65.4,Zone 5,63.2,Zone 5,67.4,Zone 5
Kerala,Palakkad,Ottapalam,26.3,2026-07-13,00:45:00,100.0,2026-07-12,00:45:00,2026-07-13 00:51:19,30.850000000000023,Zone 4,64.1,Zone 5,31.3,Zone 4,60.2,Zone 5,47.0,Zone 5,63.7,Zone 5,60.8,Zone 5,66.2,Zone 5,64.1,Zone 5,68.0,Zone 5
Kerala,Palakkad,Pothundy Dam,26.7,2026-07-13,00:45:00,98.0,2026-07-12,00:45:00,2026-07-13 00:51:19,31.55000000000001,Zone 4,63.7,Zone 5,31.0,Zone 4,59.7,Zone 5,44.5,Zone 5,63.3,Zone 5,60.3,Zone 5,65.8,Zone 5,63.7,Zone 5,67.7,Zone 5
Kerala,Palakkad,Vannamada,26.2,2026-07-13,00:45:00,100.0,2026-07-12,00:45:00,2026-07-13 00:51:19,30.55000000000001,Zone 4,63.2,Zone 5,30.1,Zone 4,59.2,Zone 5,42.0,Zone 5,62.8,Zone 5,59.8,Zone 5,65.4,Zone 5,63.2,Zone 5,67.4,Zone 5
Kerala,Pathanamthitta,Konni,25.1,2026-07-13,00:30:00,98.0,2026-07-12,00:30:00,2026-07-13 00:51:19,27.950000000000045,Zone 4,61.1,Zone 5,27.8,Zone 4,49.9,Zone 5,34.9,Zone 4,60.7,Zone 5,52.2,Zone 5,63.6,Zone 5,61.1,Zone 5,65.8,Zone 5
Kerala,Pathanamthitta,Kunnamthanam,26.0,2026-07-13,00:45:00,100.0,2026-07-12,00:45:00,2026-07-13 00:51:19,30.150000000000034,Zone 4,63.2,Zone 5,30.1,Zone 4,59.2,Zone 5,42.0,Zone 5,62.8,Zone 5,59.8,Zone 5,65.4,Zone 5,63.2,Zone 5,67.4,Zone 5
Kerala,Pathanamthitta,Laha,24.6,2026-07-13,00:45:00,100.0,2026-07-12,00:45:00,2026-07-13 00:51:19,27.25,Zone 4,60.7,Zone 5,27.0,Zone 4,47.6,Zone 5,34.0,Zone 4,60.2,Zone 5,50.0,Zone 5,63.2,Zone 5,60.7,Zone 5,65.5,Zone 5
Kerala,Pathanamthitta,Pathanamthitta,26.1,2026-07-13,00:15:00,,,,2026-07-13 00:51:19,,,,,,,,,,,,,,,,,,,,
Kerala,Pathanamthitta,Thiruvalla Kallunkal,29.6,2026-07-13,00:45:00,100.0,2026-07-12,00:45:00,2026-07-13 00:51:19,58.25,Zone 5,69.3,Zone 5,56.9,Zone 5,66.6,Zone 5,63.8,Zone 5,69.0,Zone 5,67.1,Zone 5,70.7,Zone 5,69.3,Zone 5,72.6,Zone 6
Kerala,Pathanamthitta,Ulanadu,26.2,2026-07-13,00:45:00,100.0,2026-07-12,00:45:00,2026-07-13 00:51:19,30.55000000000001,Zone 4,63.2,Zone 5,30.1,Zone 4,59.2,Zone 5,42.0,Zone 5,62.8,Zone 5,59.8,Zone 5,65.4,Zone 5,63.2,Zone 5,67.4,Zone 5
Kerala,Pathanamthitta,Venkurinji,25.4,2026-07-13,00:00:00,,,,2026-07-13 00:51:19,,,,,,,,,,,,,,,,,,,,
Kerala,Thiruvananthapuram,Palode,25.4,2026-07-13,00:45:00,100.0,2026-07-12,00:45:00,2026-07-13 00:51:19,28.75,Zone 4,62.4,Zone 5,29.0,Zone 4,55.9,Zone 5,37.6,Zone 5,62.0,Zone 5,58.0,Zone 5,64.7,Zone 5,62.4,Zone 5,66.7,Zone 5
Kerala,Thiruvananthapuram,Pirappancode,26.2,2026-07-13,00:45:00,99.0,2026-07-12,00:45:00,2026-07-13 00:51:19,30.450000000000045,Zone 4,63.0,Zone 5,30.0,Zone 4,58.7,Zone 5,40.9,Zone 5,62.6,Zone 5,59.5,Zone 5,65.2,Zone 5,63.0,Zone 5,67.2,Zone 5
Kerala,Thiruvananthapuram,Ponmudi,20.2,2026-07-13,00:45:00,99.0,2026-07-12,00:45:00,2026-07-13 00:51:19,21.650000000000034,Zone 3,36.6,Zone 4,21.4,Zone 3,31.2,Zone 4,26.3,Zone 4,36.2,Zone 4,31.6,Zone 4,50.3,Zone 5,36.6,Zone 4,59.8,Zone 5
Kerala,Thiruvananthapuram,Thattathumala,25.8,2026-07-13,00:30:00,100.0,2026-07-12,00:30:00,2026-07-13 00:51:19,29.650000000000034,Zone 4,63.2,Zone 5,30.1,Zone 4,59.2,Zone 5,42.0,Zone 5,62.8,Zone 5,59.8,Zone 5,65.4,Zone 5,63.2,Zone 5,67.4,Zone 5
Kerala,Thiruvananthapuram,Thiruvananthapuram,26.4,2026-07-13,00:45:00,81.0,2026-07-12,00:45:00,2026-07-13 00:51:19,28.850000000000023,Zone 4,60.0,Zone 5,29.0,Zone 4,44.5,Zone 5,35.5,Zone 4,59.6,Zone 5,46.7,Zone 5,62.7,Zone 5,60.0,Zone 5,65.0,Zone 5
Kerala,Thiruvananthapuram,Varkala,26.4,2026-07-13,00:45:00,100.0,2026-07-12,00:45:00,2026-07-13 00:51:19,31.05000000000001,Zone 4,64.1,Zone 5,31.3,Zone 4,60.2,Zone 5,47.0,Zone 5,63.7,Zone 5,60.8,Zone 5,66.2,Zone 5,64.1,Zone 5,68.0,Zone 5
Kerala,Thrissur,Athirappilly,25.8,2026-07-13,00:45:00,100.0,2026-07-12,00:45:00,2026-07-13 00:51:19,29.650000000000034,Zone 4,63.2,Zone 5,30.1,Zone 4,59.2,Zone 5,42.0,Zone 5,62.8,Zone 5,59.8,Zone 5,65.4,Zone 5,63.2,Zone 5,67.4,Zone 5
Kerala,Thrissur,Lower Sholayar,21.9,2026-07-13,00:45:00,100.0,2026-07-12,00:45:00,2026-07-13 00:51:19,23.650000000000034,Zone 3,49.1,Zone 5,23.7,Zone 3,34.5,Zone 4,29.3,Zone 4,47.5,Zone 5,35.0,Zone 4,59.7,Zone 5,49.1,Zone 5,62.4,Zone 5
Kerala,Thrissur,Munakkal,27.2,2026-07-13,00:45:00,95.0,2026-07-12,00:45:00,2026-07-13 00:51:19,32.35000000000002,Zone 4,63.9,Zone 5,31.8,Zone 4,60.0,Zone 5,45.8,Zone 5,63.5,Zone 5,60.5,Zone 5,66.0,Zone 5,63.9,Zone 5,67.9,Zone 5
Kerala,Thrissur,Peechi,26.3,2026-07-13,00:45:00,100.0,2026-07-12,00:45:00,2026-07-13 00:51:19,30.850000000000023,Zone 4,64.1,Zone 5,31.3,Zone 4,60.2,Zone 5,47.0,Zone 5,63.7,Zone 5,60.8,Zone 5,66.2,Zone 5,64.1,Zone 5,68.0,Zone 5
Kerala,Thrissur,Vilangankunnu,,,,98.0,2026-07-12,00:30:00,2026-07-13 00:51:19,,,,,,,,,,,,,,,,,,,,
Kerala,Wayanad,Kabanigiri,21.7,2026-07-13,00:45:00,100.0,2026-07-12,00:45:00,2026-07-13 00:51:19,23.350000000000023,Zone 3,45.7,Zone 5,23.2,Zone 3,33.6,Zone 4,28.5,Zone 4,44.3,Zone 5,34.1,Zone 4,58.9,Zone 5,45.7,Zone 5,61.8,Zone 5
Kerala,Wayanad,Kalpeta,21.2,2026-07-13,00:45:00,100.0,2026-07-12,00:45:00,2026-07-13 00:51:19,22.850000000000023,Zone 3,42.5,Zone 5,22.6,Zone 3,32.8,Zone 4,27.7,Zone 4,41.2,Zone 5,33.3,Zone 4,56.3,Zone 5,42.5,Zone 5,61.2,Zone 5
Kerala,Wayanad,Karapuzha,21.2,2026-07-13,00:45:00,100.0,2026-07-12,00:45:00,2026-07-13 00:51:19,22.850000000000023,Zone 3,42.5,Zone 5,22.6,Zone 3,32.8,Zone 4,27.7,Zone 4,41.2,Zone 5,33.3,Zone 4,56.3,Zone 5,42.5,Zone 5,61.2,Zone 5
Kerala,Wayanad,Kuppadi,20.2,2026-07-13,00:45:00,100.0,2026-07-12,00:45:00,2026-07-13 00:51:19,21.75,Zone 3,36.9,Zone 5,21.5,Zone 3,31.3,Zone 4,26.3,Zone 4,36.3,Zone 4,31.7,Zone 4,50.8,Zone 5,36.9,Zone 5,60.0,Zone 5
Kerala,Wayanad,Meenangadi,21.1,2026-07-13,00:15:00,,,,2026-07-13 00:51:19,,,,,,,,,,,,,,,,,,,,
Kerala,Wayanad,Padamala,21.5,2026-07-13,00:45:00,100.0,2026-07-12,00:45:00,2026-07-13 00:51:19,23.150000000000034,Zone 3,45.7,Zone 5,23.2,Zone 3,33.6,Zone 4,28.5,Zone 4,44.3,Zone 5,34.1,Zone 4,58.9,Zone 5,45.7,Zone 5,61.8,Zone 5
Ladakh,Kargil,Dras,9.1,2026-07-13,00:45:00,75.0,2026-07-12,00:45:00,2026-07-13 00:51:19,8.350000000000023,Zone 2,24.3,Zone 3,8.3,Zone 2,21.4,Zone 3,16.1,Zone 3,24.4,Zone 3,21.3,Zone 3,27.3,Zone 4,24.3,Zone 3,30.7,Zone 4
Ladakh,Kargil,Garkon,16.1,2026-07-13,00:30:00,66.0,2026-07-12,00:30:00,2026-07-13 00:51:19,15.050000000000011,Zone 3,29.5,Zone 4,14.9,Zone 3,25.5,Zone 4,21.9,Zone 3,29.5,Zone 4,25.5,Zone 4,33.3,Zone 4,29.5,Zone 4,36.9,Zone 4
Ladakh,Kargil,Kargil,15.5,2026-07-13,00:30:00,54.0,2026-07-12,00:30:00,2026-07-13 00:51:19,13.75,Zone 2,28.6,Zone 4,13.8,Zone 2,25.0,Zone 3,21.2,Zone 3,28.6,Zone 4,25.0,Zone 3,32.2,Zone 4,28.6,Zone 4,35.7,Zone 4
Ladakh,Kargil,Padum Kvk,14.0,2026-07-13,00:30:00,29.0,2026-07-12,00:30:00,2026-07-13 00:51:19,11.350000000000023,Zone 2,26.7,Zone 4,11.3,Zone 2,23.8,Zone 3,19.2,Zone 3,26.8,Zone 4,23.6,Zone 3,30.2,Zone 4,26.7,Zone 4,33.3,Zone 4
Ladakh,Leh,Khaltse,18.5,2026-07-13,00:30:00,46.0,2026-07-12,00:30:00,2026-07-13 00:51:19,16.950000000000045,Zone 3,31.0,Zone 4,16.9,Zone 3,27.2,Zone 4,23.4,Zone 3,31.0,Zone 4,27.2,Zone 4,34.6,Zone 4,31.0,Zone 4,38.1,Zone 4
Ladakh,Leh,Leh Amfu,17.7,2026-07-13,00:45:00,58.0,2026-07-12,00:45:00,2026-07-13 00:51:19,16.650000000000034,Zone 3,30.6,Zone 4,16.4,Zone 3,26.7,Zone 4,22.9,Zone 3,30.6,Zone 4,26.7,Zone 4,34.3,Zone 4,30.6,Zone 4,37.9,Zone 4
Ladakh,Leh,Mc Leh,13.5,2026-07-13,00:30:00,53.0,2026-07-12,00:30:00,2026-07-13 00:51:19,11.850000000000023,Zone 2,26.9,Zone 4,11.8,Zone 2,23.8,Zone 3,19.4,Zone 3,27.0,Zone 4,23.7,Zone 3,30.5,Zone 4,26.9,Zone 4,33.9,Zone 4
Ladakh,Leh,Nubra Hunder,12.7,2026-07-13,00:30:00,78.0,2026-07-12,00:30:00,2026-07-13 00:51:19,11.950000000000045,Zone 2,26.6,Zone 4,11.8,Zone 2,23.6,Zone 3,19.3,Zone 3,26.6,Zone 4,23.5,Zone 3,30.4,Zone 4,26.6,Zone 4,33.9,Zone 4
Ladakh,Leh,Nyoma Kvk,13.8,2026-07-13,00:30:00,42.0,2026-07-12,00:30:00,2026-07-13 00:51:19,11.650000000000034,Zone 2,27.0,Zone 4,11.9,Zone 2,23.9,Zone 3,19.6,Zone 3,27.1,Zone 4,23.9,Zone 3,30.5,Zone 4,27.0,Zone 4,33.8,Zone 4
Ladakh,Leh,Tangtse Durbuk,10.8,2026-07-13,00:30:00,67.0,2026-07-12,00:30:00,2026-07-13 00:51:19,9.75,Zone 2,25.2,Zone 3,9.9,Zone 2,22.5,Zone 3,17.7,Zone 3,25.2,Zone 3,22.4,Zone 3,28.8,Zone 4,25.2,Zone 3,32.2,Zone 4
Ladakh,Leh,Upshi,16.1,2026-07-13,00:30:00,51.0,2026-07-12,00:30:00,2026-07-13 00:51:19,14.25,Zone 3,29.0,Zone 4,14.1,Zone 3,25.2,Zone 3,21.5,Zone 3,29.0,Zone 4,25.2,Zone 3,32.6,Zone 4,29.0,Zone 4,36.0,Zone 4
Madhya Pradesh,Agar,Agar Malwa,26.9,2026-07-13,00:45:00,82.0,2026-07-12,00:45:00,2026-07-13 00:51:19,29.850000000000023,Zone 4,61.0,Zone 5,30.1,Zone 4,49.4,Zone 5,36.7,Zone 4,60.6,Zone 5,51.8,Zone 5,63.5,Zone 5,61.0,Zone 5,65.7,Zone 5
Madhya Pradesh,Alirajpur,Alirajpur,26.5,2026-07-13,00:30:00,73.0,2026-07-12,00:30:00,2026-07-13 00:51:19,28.350000000000023,Zone 4,56.0,Zone 5,28.3,Zone 4,39.2,Zone 4,34.3,Zone 4,54.4,Zone 5,39.8,Zone 4,61.1,Zone 5,56.0,Zone 5,63.6,Zone 5
Madhya Pradesh,Ashoknagar,Aonwari Kvk,27.3,2026-07-13,00:45:00,66.0,2026-07-12,00:45:00,2026-07-13 00:51:19,28.950000000000045,Zone 4,55.4,Zone 5,29.3,Zone 4,39.8,Zone 4,35.0,Zone 4,53.9,Zone 5,40.4,Zone 4,61.0,Zone 5,55.4,Zone 5,63.5,Zone 5
Madhya Pradesh,Betul,Betul,24.3,2026-07-13,00:30:00,99.0,2026-07-12,00:30:00,2026-07-13 00:51:19,26.55000000000001,Zone 4,60.5,Zone 5,27.0,Zone 4,46.7,Zone 5,33.9,Zone 4,60.1,Zone 5,49.1,Zone 5,63.1,Zone 5,60.5,Zone 5,65.3,Zone 5
Madhya Pradesh,Bhopal,Berasia,27.6,2026-07-13,00:30:00,76.0,2026-07-12,00:30:00,2026-07-13 00:51:19,30.55000000000001,Zone 4,60.4,Zone 5,30.3,Zone 4,46.6,Zone 5,36.7,Zone 4,60.0,Zone 5,48.9,Zone 5,63.0,Zone 5,60.4,Zone 5,65.3,Zone 5
Madhya Pradesh,Bhopal,Islamnagar,,,,75.0,2026-07-12,00:30:00,2026-07-13 00:51:19,,,,,,,,,,,,,,,,,,,,
Madhya Pradesh,Bhopal ,Bhopal,27.9,2026-07-13,00:30:00,73.0,2026-07-12,00:30:00,2026-07-13 00:51:19,30.75,Zone 4,60.5,Zone 5,30.9,Zone 4,46.9,Zone 5,37.2,Zone 4,60.1,Zone 5,49.2,Zone 5,63.1,Zone 5,60.5,Zone 5,65.4,Zone 5
Madhya Pradesh,Datia,Datia,30.1,2026-07-13,00:30:00,64.0,2026-07-12,00:30:00,2026-07-13 00:51:19,33.55000000000001,Zone 4,61.3,Zone 5,33.4,Zone 4,50.7,Zone 5,39.5,Zone 4,60.9,Zone 5,53.0,Zone 5,63.8,Zone 5,61.3,Zone 5,65.9,Zone 5
Madhya Pradesh,Dewas,Kannod,27.3,2026-07-13,00:30:00,81.0,2026-07-12,00:30:00,2026-07-13 00:51:19,30.55000000000001,Zone 4,61.6,Zone 5,30.9,Zone 4,52.2,Zone 5,37.7,Zone 4,61.2,Zone 5,54.5,Zone 5,64.0,Zone 5,61.6,Zone 5,66.2,Zone 5
Madhya Pradesh,Dhar,Dhar,25.4,2026-07-13,00:30:00,82.0,2026-07-12,00:30:00,2026-07-13 00:51:19,27.25,Zone 4,57.6,Zone 5,27.4,Zone 4,38.8,Zone 4,33.6,Zone 4,56.1,Zone 5,40.4,Zone 5,61.5,Zone 5,57.6,Zone 5,64.0,Zone 5
Madhya Pradesh,Hoshangabad,Pachmarhi Aec,23.3,2026-07-13,00:45:00,89.0,2026-07-12,00:45:00,2026-07-13 00:51:19,24.650000000000034,Zone 3,50.7,Zone 5,24.9,Zone 3,36.0,Zone 4,30.9,Zone 4,49.1,Zone 5,36.5,Zone 4,60.0,Zone 5,50.7,Zone 5,62.7,Zone 5
Madhya Pradesh,Mandsaur,Mandsour,26.7,2026-07-13,00:30:00,82.0,2026-07-12,00:30:00,2026-07-13 00:51:19,29.55000000000001,Zone 4,60.2,Zone 5,29.1,Zone 4,45.5,Zone 5,35.6,Zone 4,59.8,Zone 5,47.8,Zone 5,62.9,Zone 5,60.2,Zone 5,65.1,Zone 5
Madhya Pradesh,Narsinghpur,Narsinghpur,26.4,2026-07-13,00:30:00,92.0,2026-07-12,00:30:00,2026-07-13 00:51:19,30.05000000000001,Zone 4,62.4,Zone 5,30.2,Zone 4,56.0,Zone 5,37.7,Zone 5,62.0,Zone 5,58.1,Zone 5,64.7,Zone 5,62.4,Zone 5,66.8,Zone 5
Madhya Pradesh,Neemuch,Marukheda Kvk,27.1,2026-07-13,00:30:00,90.0,2026-07-12,00:30:00,2026-07-13 00:51:19,31.350000000000023,Zone 4,62.8,Zone 5,31.1,Zone 4,57.8,Zone 5,39.7,Zone 5,62.4,Zone 5,59.2,Zone 5,65.1,Zone 5,62.8,Zone 5,67.1,Zone 5
Madhya Pradesh,Niwari,Prithvipur,29.0,2026-07-13,00:30:00,67.0,2026-07-12,00:30:00,2026-07-13 00:51:19,31.950000000000045,Zone 4,60.5,Zone 5,31.9,Zone 4,47.2,Zone 5,38.1,Zone 4,60.1,Zone 5,49.5,Zone 5,63.1,Zone 5,60.5,Zone 5,65.4,Zone 5
Madhya Pradesh,Rajgarh,Rajgarh Kvk,28.4,2026-07-13,00:45:00,71.0,2026-07-12,00:45:00,2026-07-13 00:51:19,31.350000000000023,Zone 4,60.8,Zone 5,31.6,Zone 4,48.3,Zone 5,37.8,Zone 4,60.4,Zone 5,50.6,Zone 5,63.3,Zone 5,60.8,Zone 5,65.6,Zone 5
Madhya Pradesh,Sagar,Khurai,27.5,2026-07-13,00:30:00,71.0,2026-07-12,00:30:00,2026-07-13 00:51:19,29.75,Zone 4,59.2,Zone 5,29.8,Zone 4,41.1,Zone 5,35.8,Zone 4,58.4,Zone 5,43.2,Zone 5,62.0,Zone 5,59.2,Zone 5,64.4,Zone 5
Madhya Pradesh,Sagar,Sagar,,,,81.0,2026-07-12,00:30:00,2026-07-13 00:51:19,,,,,,,,,,,,,,,,,,,,
Madhya Pradesh,Satna,Gramoday Vv Chitrakoot,27.5,2026-07-13,00:45:00,89.0,2026-07-12,00:45:00,2026-07-13 00:51:19,32.05000000000001,Zone 4,63.4,Zone 5,32.1,Zone 4,59.4,Zone 5,43.1,Zone 5,63.0,Zone 5,60.0,Zone 5,65.6,Zone 5,63.4,Zone 5,67.5,Zone 5
Madhya Pradesh,Satna,Satna,26.4,2026-07-13,00:30:00,76.0,2026-07-12,00:30:00,2026-07-13 00:51:19,28.450000000000045,Zone 4,58.5,Zone 5,28.6,Zone 4,39.8,Zone 4,34.7,Zone 4,57.1,Zone 5,41.5,Zone 5,61.7,Zone 5,58.5,Zone 5,64.1,Zone 5
Madhya Pradesh,Sehore,Ahmadpur Iitm,26.2,2026-07-13,00:45:00,70.0,2026-07-12,00:45:00,2026-07-13 00:51:19,27.650000000000034,Zone 4,50.2,Zone 5,27.3,Zone 4,37.8,Zone 4,33.0,Zone 4,48.6,Zone 5,38.3,Zone 4,59.9,Zone 5,50.2,Zone 5,62.6,Zone 5
Madhya Pradesh,Sehore,Bhairunda,28.2,2026-07-13,00:30:00,,,,2026-07-13 00:51:19,,,,,,,,,,,,,,,,,,,,
Madhya Pradesh,Shajapur,Shajapur,26.9,2026-07-13,00:30:00,84.0,2026-07-12,00:30:00,2026-07-13 00:51:19,30.150000000000034,Zone 4,61.5,Zone 5,30.3,Zone 4,51.6,Zone 5,37.1,Zone 4,61.1,Zone 5,53.9,Zone 5,63.9,Zone 5,61.5,Zone 5,66.1,Zone 5
Madhya Pradesh,Sheopur,Sheopur,21.6,2026-07-13,00:30:00,68.0,2026-07-12,00:30:00,2026-07-13 00:51:19,21.950000000000045,Zone 3,35.8,Zone 4,21.8,Zone 3,31.2,Zone 4,26.8,Zone 4,35.6,Zone 4,31.4,Zone 4,39.8,Zone 4,35.8,Zone 4,52.9,Zone 5
Madhya Pradesh,Shivpuri,Shivpuri,27.8,2026-07-13,00:30:00,70.0,2026-07-12,00:30:00,2026-07-13 00:51:19,30.150000000000034,Zone 4,59.8,Zone 5,30.5,Zone 4,43.5,Zone 5,36.6,Zone 4,59.4,Zone 5,45.7,Zone 5,62.5,Zone 5,59.8,Zone 5,64.8,Zone 5
Madhya Pradesh,Sidhi,Rampur Naikin,26.9,2026-07-13,00:30:00,84.0,2026-07-12,00:30:00,2026-07-13 00:51:19,30.150000000000034,Zone 4,61.5,Zone 5,30.3,Zone 4,51.6,Zone 5,37.1,Zone 4,61.1,Zone 5,53.9,Zone 5,63.9,Zone 5,61.5,Zone 5,66.1,Zone 5
Madhya Pradesh,Sidhi,Sidhi,28.2,2026-07-13,00:30:00,76.0,2026-07-12,00:30:00,2026-07-13 00:51:19,31.650000000000034,Zone 4,61.2,Zone 5,31.3,Zone 4,50.4,Zone 5,37.8,Zone 4,60.8,Zone 5,52.7,Zone 5,63.7,Zone 5,61.2,Zone 5,65.9,Zone 5
Madhya Pradesh,Ujjain,Tarana,27.1,2026-07-13,00:15:00,,,,2026-07-13 00:51:19,,,,,,,,,,,,,,,,,,,,
Madhya Pradesh,Ujjain,Vikram Vv Ujjain,26.6,2026-07-13,00:45:00,92.0,2026-07-12,00:45:00,2026-07-13 00:51:19,30.450000000000045,Zone 4,62.4,Zone 5,30.2,Zone 4,56.0,Zone 5,37.7,Zone 5,62.0,Zone 5,58.1,Zone 5,64.7,Zone 5,62.4,Zone 5,66.8,Zone 5
Madhya Pradesh,Vidisha,Kurwai,,,,78.0,2026-07-12,00:30:00,2026-07-13 00:51:19,,,,,,,,,,,,,,,,,,,,
Madhya Pradesh,Vidisha,Lateri,,,,74.0,2026-07-12,00:30:00,2026-07-13 00:51:19,,,,,,,,,,,,,,,,,,,,
Maharashtra,Amravati,Morshi,28.3,2026-07-13,00:30:00,72.0,2026-07-12,00:30:00,2026-07-13 00:51:19,31.350000000000023,Zone 4,61.0,Zone 5,31.7,Zone 4,49.5,Zone 5,38.0,Zone 4,60.6,Zone 5,51.8,Zone 5,63.6,Zone 5,61.0,Zone 5,65.8,Zone 5
Maharashtra,Beed,Beed Pto,26.4,2026-07-13,00:45:00,66.0,2026-07-12,00:45:00,2026-07-13 00:51:19,27.650000000000034,Zone 4,49.4,Zone 5,27.8,Zone 4,38.1,Zone 4,33.3,Zone 4,47.9,Zone 5,38.5,Zone 4,59.7,Zone 5,49.4,Zone 5,62.4,Zone 5
Maharashtra,Buldhana,Hiwara,26.4,2026-07-13,00:30:00,71.0,2026-07-12,00:30:00,2026-07-13 00:51:19,28.05000000000001,Zone 4,54.2,Zone 5,28.2,Zone 4,38.9,Zone 4,34.0,Zone 4,52.6,Zone 5,39.4,Zone 4,60.7,Zone 5,54.2,Zone 5,63.3,Zone 5
Maharashtra,Chandrapur,Chandrapur Aws400,28.2,2026-07-13,00:45:00,74.0,2026-07-12,00:45:00,2026-07-13 00:51:19,31.450000000000045,Zone 4,60.7,Zone 5,31.0,Zone 4,48.1,Zone 5,37.4,Zone 4,60.3,Zone 5,50.4,Zone 5,63.3,Zone 5,60.7,Zone 5,65.5,Zone 5
Maharashtra,Dhule,Dhule,29.0,2026-07-13,00:30:00,70.0,2026-07-12,00:30:00,2026-07-13 00:51:19,32.35000000000002,Zone 4,61.3,Zone 5,32.4,Zone 4,50.9,Zone 5,38.7,Zone 4,60.9,Zone 5,53.2,Zone 5,63.8,Zone 5,61.3,Zone 5,66.0,Zone 5
Maharashtra,Gondia,Gondia Aws400,26.3,2026-07-13,00:00:00,,,,2026-07-13 00:51:19,,,,,,,,,,,,,,,,,,,,
Maharashtra,Gondia,Tiroda,,,,92.0,2026-07-12,00:30:00,2026-07-13 00:51:19,,,,,,,,,,,,,,,,,,,,
Maharashtra,Hingoli,Tondapur Aws400,28.1,2026-07-13,00:45:00,61.0,2026-07-12,00:45:00,2026-07-13 00:51:19,29.75,Zone 4,53.4,Zone 5,29.6,Zone 4,39.8,Zone 4,35.1,Zone 4,51.9,Zone 5,40.3,Zone 4,60.6,Zone 5,53.4,Zone 5,63.2,Zone 5
Maharashtra,Kolhapur,Radhanagri Ars,24.2,2026-07-13,00:45:00,100.0,2026-07-12,00:45:00,2026-07-13 00:51:19,26.450000000000045,Zone 4,59.8,Zone 5,26.1,Zone 4,43.6,Zone 5,32.9,Zone 4,59.4,Zone 5,45.9,Zone 5,62.5,Zone 5,59.8,Zone 5,64.8,Zone 5
Maharashtra,Latur,Udgir Aws400,26.6,2026-07-13,00:45:00,64.0,2026-07-12,00:45:00,2026-07-13 00:51:19,27.75,Zone 4,47.5,Zone 5,27.6,Zone 4,37.8,Zone 4,33.1,Zone 4,46.0,Zone 5,38.2,Zone 4,59.3,Zone 5,47.5,Zone 5,62.1,Zone 5
Maharashtra,Mumbai Suburban,Bandra,28.6,2026-07-13,00:30:00,,,,2026-07-13 00:51:19,,,,,,,,,,,,,,,,,,,,
Maharashtra,Mumbai Suburban,Ram Mandir,28.7,2026-07-13,00:45:00,,,,2026-07-13 00:51:19,,,,,,,,,,,,,,,,,,,,
Maharashtra,Mumbai Suburban,Vikhroli,28.8,2026-07-13,00:45:00,83.0,2026-07-12,00:45:00,2026-07-13 00:51:19,34.25,Zone 4,64.5,Zone 5,34.7,Zone 4,60.7,Zone 5,49.6,Zone 5,64.1,Zone 5,61.3,Zone 5,66.5,Zone 5,64.5,Zone 5,68.3,Zone 5
Maharashtra,Mumbai City,Byculla Mumbai,28.8,2026-07-13,00:45:00,100.0,2026-07-12,00:45:00,2026-07-13 00:51:19,47.150000000000034,Zone 5,68.5,Zone 5,50.0,Zone 5,65.5,Zone 5,62.5,Zone 5,68.1,Zone 5,66.1,Zone 5,69.9,Zone 5,68.5,Zone 5,71.3,Zone 5
Maharashtra,Mumbai City,Mahalaxmi,28.6,2026-07-13,00:45:00,99.0,2026-07-12,00:45:00,2026-07-13 00:51:19,42.75,Zone 5,67.4,Zone 5,41.5,Zone 5,64.2,Zone 5,60.8,Zone 5,67.0,Zone 5,64.7,Zone 5,69.0,Zone 5,67.4,Zone 5,70.4,Zone 5
Maharashtra,Mumbai City,Mumbai Santa Cruz,28.5,2026-07-13,00:30:00,100.0,2026-07-12,00:30:00,2026-07-13 00:51:19,43.05000000000001,Zone 5,67.6,Zone 5,43.1,Zone 5,64.5,Zone 5,61.2,Zone 5,67.2,Zone 5,65.0,Zone 5,69.2,Zone 5,67.6,Zone 5,70.6,Zone 5
Maharashtra,Nagpur,Nagpur Kvk,27.6,2026-07-13,00:45:00,74.0,2026-07-12,00:45:00,2026-07-13 00:51:19,30.25,Zone 4,60.0,Zone 5,30.1,Zone 4,44.3,Zone 5,36.3,Zone 4,59.6,Zone 5,46.6,Zone 5,62.6,Zone 5,60.0,Zone 5,65.0,Zone 5
Maharashtra,Nagpur,Ramtek Aws400,26.7,2026-07-13,00:45:00,96.0,2026-07-12,00:45:00,2026-07-13 00:51:19,31.25,Zone 4,63.2,Zone 5,30.8,Zone 4,59.2,Zone 5,42.1,Zone 5,62.8,Zone 5,59.8,Zone 5,65.4,Zone 5,63.2,Zone 5,67.4,Zone 5
Maharashtra,Nanded,Nanded,28.6,2026-07-13,00:30:00,79.0,2026-07-12,00:30:00,2026-07-13 00:51:19,32.950000000000045,Zone 4,62.7,Zone 5,32.8,Zone 4,57.6,Zone 5,39.7,Zone 4,62.3,Zone 5,59.2,Zone 5,65.0,Zone 5,62.7,Zone 5,67.0,Zone 5
Maharashtra,Nanded,Sagroli Kvk,29.1,2026-07-13,00:45:00,54.0,2026-07-12,00:45:00,2026-07-13 00:51:19,30.450000000000045,Zone 4,51.8,Zone 5,30.3,Zone 4,40.2,Zone 4,35.7,Zone 4,50.3,Zone 5,40.6,Zone 4,60.2,Zone 5,51.8,Zone 5,62.9,Zone 5
Maharashtra,Nandurbar,Shahada Aws400,28.0,2026-07-13,00:45:00,79.0,2026-07-12,00:45:00,2026-07-13 00:51:19,31.650000000000034,Zone 4,61.9,Zone 5,31.7,Zone 4,53.9,Zone 5,38.4,Zone 4,61.5,Zone 5,56.1,Zone 5,64.3,Zone 5,61.9,Zone 5,66.4,Zone 5
Maharashtra,Nashik,Kalwan,25.4,2026-07-13,00:30:00,25.0,2026-07-12,00:30:00,2026-07-13 00:51:19,24.150000000000034,Zone 3,36.1,Zone 4,24.3,Zone 3,32.5,Zone 4,28.7,Zone 4,36.1,Zone 4,32.5,Zone 4,39.5,Zone 4,36.1,Zone 4,42.8,Zone 4
Maharashtra,Nashik,Malegaon,27.2,2026-07-13,00:30:00,74.0,2026-07-12,00:30:00,2026-07-13 00:51:19,29.55000000000001,Zone 4,59.2,Zone 5,29.2,Zone 4,40.8,Zone 5,35.3,Zone 4,58.2,Zone 5,42.9,Zone 5,62.0,Zone 5,59.2,Zone 5,64.4,Zone 5
Maharashtra,Nashik,Trimbakeshwar,24.1,2026-07-13,00:30:00,,,,2026-07-13 00:51:19,,,,,,,,,,,,,,,,,,,,
Maharashtra,Nashik,Vilholi,23.9,2026-07-13,00:45:00,92.0,2026-07-12,00:45:00,2026-07-13 00:51:19,25.55000000000001,Zone 4,56.3,Zone 5,25.7,Zone 4,37.3,Zone 4,32.0,Zone 4,54.7,Zone 5,38.9,Zone 5,61.2,Zone 5,56.3,Zone 5,63.7,Zone 5
Maharashtra,Palghar,Palghar Aws400,28.1,2026-07-13,00:45:00,100.0,2026-07-12,00:45:00,2026-07-13 00:51:19,38.25,Zone 5,66.7,Zone 5,37.1,Zone 5,63.4,Zone 5,59.8,Zone 5,66.3,Zone 5,63.9,Zone 5,68.4,Zone 5,66.7,Zone 5,70.0,Zone 5
Maharashtra,Pune, Nimgiri Junnar,22.8,2026-07-13,00:30:00,,,,2026-07-13 00:51:19,,,,,,,,,,,,,,,,,,,,
Maharashtra,Pune,Ballalwadi Junnar,23.4,2026-07-13,00:30:00,84.0,2026-07-12,00:30:00,2026-07-13 00:51:19,24.650000000000034,Zone 3,46.6,Zone 5,24.7,Zone 3,35.4,Zone 4,30.4,Zone 4,45.1,Zone 5,35.9,Zone 4,59.2,Zone 5,46.6,Zone 5,61.9,Zone 5
Maharashtra,Pune,Chinchwad Pune,24.9,2026-07-13,00:30:00,79.0,2026-07-12,00:30:00,2026-07-13 00:51:19,26.25,Zone 4,52.0,Zone 5,26.4,Zone 4,37.4,Zone 4,32.4,Zone 4,50.4,Zone 5,37.9,Zone 4,60.3,Zone 5,52.0,Zone 5,62.9,Zone 5
Maharashtra,Pune,Cme Dapodi,25.2,2026-07-13,00:30:00,86.0,2026-07-12,00:30:00,2026-07-13 00:51:19,27.25,Zone 4,57.8,Zone 5,26.9,Zone 4,38.7,Zone 5,33.2,Zone 4,56.3,Zone 5,40.6,Zone 5,61.5,Zone 5,57.8,Zone 5,64.0,Zone 5
Maharashtra,Pune,Dps Hadapsar Pune,25.7,2026-07-13,00:30:00,83.0,2026-07-12,00:30:00,2026-07-13 00:51:19,27.850000000000023,Zone 4,58.4,Zone 5,27.5,Zone 4,39.4,Zone 5,33.8,Zone 4,56.9,Zone 5,41.3,Zone 5,61.7,Zone 5,58.4,Zone 5,64.1,Zone 5
Maharashtra,Pune,Girivan,23.8,2026-07-13,00:00:00,,,,2026-07-13 00:51:19,,,,,,,,,,,,,,,,,,,,
Maharashtra,Pune,Khadakwadi Ambegaon,23.8,2026-07-13,00:30:00,86.0,2026-07-12,00:30:00,2026-07-13 00:51:19,25.150000000000034,Zone 3,51.5,Zone 5,25.3,Zone 4,36.5,Zone 4,31.4,Zone 4,49.9,Zone 5,37.0,Zone 4,60.2,Zone 5,51.5,Zone 5,62.8,Zone 5
Maharashtra,Pune,Khutbav Daund,24.6,2026-07-13,00:00:00,,,,2026-07-13 00:51:19,,,,,,,,,,,,,,,,,,,,
Maharashtra,Pune,Lavale,21.5,2026-07-13,00:30:00,90.0,2026-07-12,00:30:00,2026-07-13 00:51:19,22.75,Zone 3,39.0,Zone 5,22.8,Zone 3,32.8,Zone 4,27.9,Zone 4,37.9,Zone 5,33.2,Zone 4,53.1,Zone 5,39.0,Zone 5,60.4,Zone 5
Maharashtra,Pune,Lonikalbhor Haveli,23.5,2026-07-13,00:30:00,88.0,2026-07-12,00:30:00,2026-07-13 00:51:19,24.850000000000023,Zone 3,49.9,Zone 5,24.9,Zone 3,35.9,Zone 4,30.8,Zone 4,48.3,Zone 5,36.4,Zone 4,59.8,Zone 5,49.9,Zone 5,62.5,Zone 5
Maharashtra,Pune,Malin Ambegaon,23.9,2026-07-13,00:30:00,92.0,2026-07-12,00:30:00,2026-07-13 00:51:19,25.55000000000001,Zone 4,56.3,Zone 5,25.7,Zone 4,37.3,Zone 4,32.0,Zone 4,54.7,Zone 5,38.9,Zone 5,61.2,Zone 5,56.3,Zone 5,63.7,Zone 5
Maharashtra,Pune,Mti Pashan Pune,25.4,2026-07-13,00:30:00,91.0,2026-07-12,00:30:00,2026-07-13 00:51:19,27.950000000000045,Zone 4,60.5,Zone 5,28.1,Zone 4,47.0,Zone 5,34.9,Zone 4,60.1,Zone 5,49.3,Zone 5,63.1,Zone 5,60.5,Zone 5,65.4,Zone 5
Maharashtra,Pune,Narayangoan Krishi Kendra,24.1,2026-07-13,00:30:00,100.0,2026-07-12,00:30:00,2026-07-13 00:51:19,26.350000000000023,Zone 4,59.8,Zone 5,26.1,Zone 4,43.6,Zone 5,32.9,Zone 4,59.4,Zone 5,45.9,Zone 5,62.5,Zone 5,59.8,Zone 5,64.8,Zone 5
Maharashtra,Pune,Nes Lakadi Indapur,23.9,2026-07-13,00:30:00,,,,2026-07-13 00:51:19,,,,,,,,,,,,,,,,,,,,
Maharashtra,Pune,Niasm Baramati,23.2,2026-07-13,00:30:00,96.0,2026-07-12,00:30:00,2026-07-13 00:51:19,24.850000000000023,Zone 3,52.8,Zone 5,24.6,Zone 3,35.9,Zone 4,30.6,Zone 4,51.3,Zone 5,36.5,Zone 4,60.4,Zone 5,52.8,Zone 5,63.1,Zone 5
Maharashtra,Pune,Pabal Shirur,21.0,2026-07-13,00:30:00,99.0,2026-07-12,00:30:00,2026-07-13 00:51:19,22.55000000000001,Zone 3,41.9,Zone 5,22.6,Zone 3,32.7,Zone 4,27.7,Zone 4,40.6,Zone 5,33.2,Zone 4,55.8,Zone 5,41.9,Zone 5,61.0,Zone 5
Maharashtra,Pune,Pashan Aws Lab,23.9,2026-07-13,00:30:00,100.0,2026-07-12,00:30:00,2026-07-13 00:51:19,25.950000000000045,Zone 4,59.8,Zone 5,26.1,Zone 4,43.6,Zone 5,32.9,Zone 4,59.4,Zone 5,45.9,Zone 5,62.5,Zone 5,59.8,Zone 5,64.8,Zone 5
Maharashtra,Pune,Pashan Tdma Test,26.0,2026-07-13,00:30:00,73.0,2026-07-12,00:30:00,2026-07-13 00:51:19,27.55000000000001,Zone 4,52.9,Zone 5,27.5,Zone 4,38.3,Zone 4,33.4,Zone 4,51.4,Zone 5,38.8,Zone 4,60.5,Zone 5,52.9,Zone 5,63.1,Zone 5
Maharashtra,Pune,Rajgurunagar,24.8,2026-07-13,00:30:00,100.0,2026-07-12,00:30:00,2026-07-13 00:51:19,27.55000000000001,Zone 4,61.5,Zone 5,28.0,Zone 4,51.8,Zone 5,35.2,Zone 4,61.1,Zone 5,54.1,Zone 5,64.0,Zone 5,61.5,Zone 5,66.1,Zone 5
Maharashtra,Pune,Rjspmcop Dudulgaon,25.1,2026-07-13,00:30:00,100.0,2026-07-12,00:30:00,2026-07-13 00:51:19,28.150000000000034,Zone 4,61.5,Zone 5,28.0,Zone 4,51.8,Zone 5,35.2,Zone 4,61.1,Zone 5,54.1,Zone 5,64.0,Zone 5,61.5,Zone 5,66.1,Zone 5
Maharashtra,Pune,Talegaon,23.6,2026-07-13,00:30:00,,,,2026-07-13 00:51:19,,,,,,,,,,,,,,,,,,,,
Maharashtra,Pune,Wadgaonsheri Pune,24.8,2026-07-13,00:30:00,73.0,2026-07-12,00:30:00,2026-07-13 00:51:19,25.850000000000023,Zone 4,46.7,Zone 5,26.1,Zone 4,36.6,Zone 4,31.8,Zone 4,45.2,Zone 5,37.0,Zone 4,59.2,Zone 5,46.7,Zone 5,61.9,Zone 5
Maharashtra,Pune,Walhe Purandar,24.4,2026-07-13,00:30:00,88.0,2026-07-12,00:30:00,2026-07-13 00:51:19,26.05000000000001,Zone 4,56.3,Zone 5,26.2,Zone 4,37.8,Zone 4,32.5,Zone 4,54.8,Zone 5,39.0,Zone 5,61.2,Zone 5,56.3,Zone 5,63.7,Zone 5
Maharashtra,Raigad,Iighq Newpanvel,28.0,2026-07-13,00:30:00,100.0,2026-07-12,00:30:00,2026-07-13 00:51:19,37.150000000000034,Zone 5,66.7,Zone 5,37.1,Zone 5,63.4,Zone 5,59.8,Zone 5,66.3,Zone 5,63.9,Zone 5,68.4,Zone 5,66.7,Zone 5,70.0,Zone 5
Maharashtra,Raigad,Karjat,27.5,2026-07-13,00:30:00,81.0,2026-07-12,00:30:00,2026-07-13 00:51:19,30.950000000000045,Zone 4,61.6,Zone 5,30.9,Zone 4,52.2,Zone 5,37.7,Zone 4,61.2,Zone 5,54.5,Zone 5,64.0,Zone 5,61.6,Zone 5,66.2,Zone 5
Maharashtra,Raigad,Matheran,22.4,2026-07-13,00:45:00,100.0,2026-07-12,00:45:00,2026-07-13 00:51:19,24.150000000000034,Zone 3,52.5,Zone 5,24.3,Zone 3,35.4,Zone 4,30.1,Zone 4,50.9,Zone 5,36.0,Zone 4,60.4,Zone 5,52.5,Zone 5,63.0,Zone 5
Maharashtra,Ratnagiri,Dapoli,27.8,2026-07-13,00:30:00,92.0,2026-07-12,00:30:00,2026-07-13 00:51:19,33.35000000000002,Zone 4,64.9,Zone 5,33.9,Zone 4,61.2,Zone 5,52.1,Zone 5,64.5,Zone 5,61.8,Zone 5,66.9,Zone 5,64.9,Zone 5,68.6,Zone 5
Maharashtra,Ratnagiri,Ratnagiri Aws400,27.8,2026-07-13,00:30:00,93.0,2026-07-12,00:30:00,2026-07-13 00:51:19,33.55000000000001,Zone 4,65.1,Zone 5,34.1,Zone 4,61.5,Zone 5,53.5,Zone 5,64.8,Zone 5,62.1,Zone 5,67.1,Zone 5,65.1,Zone 5,68.8,Zone 5
Maharashtra,Ratnagiri,Savarde(Golwane),26.5,2026-07-13,00:30:00,,,,2026-07-13 00:51:19,,,,,,,,,,,,,,,,,,,,
Maharashtra,Satara,Bgrl Karad,,,,64.0,2026-07-12,00:30:00,2026-07-13 00:51:19,,,,,,,,,,,,,,,,,,,,
Maharashtra,Satara,Mahabaleshwar,18.2,2026-07-13,00:30:00,,,,2026-07-13 00:51:19,,,,,,,,,,,,,,,,,,,,
Maharashtra,Satara,Satara,24.9,2026-07-13,00:30:00,74.0,2026-07-12,00:30:00,2026-07-13 00:51:19,26.05000000000001,Zone 4,47.6,Zone 5,26.1,Zone 4,36.7,Zone 4,31.9,Zone 4,46.1,Zone 5,37.1,Zone 4,59.4,Zone 5,47.6,Zone 5,62.1,Zone 5
Maharashtra,Sindhudurg,Devgad,28.0,2026-07-13,00:30:00,89.0,2026-07-12,00:30:00,2026-07-13 00:51:19,33.35000000000002,Zone 4,64.2,Zone 5,33.3,Zone 4,60.4,Zone 5,48.0,Zone 5,63.8,Zone 5,61.0,Zone 5,66.3,Zone 5,64.2,Zone 5,68.1,Zone 5
Maharashtra,Solapur,Mohol Kvk,25.4,2026-07-13,00:45:00,65.0,2026-07-12,00:45:00,2026-07-13 00:51:19,26.150000000000034,Zone 4,42.6,Zone 5,26.3,Zone 4,36.3,Zone 4,31.7,Zone 4,41.3,Zone 5,36.7,Zone 4,56.4,Zone 5,42.6,Zone 5,61.2,Zone 5
Maharashtra,Solapur,Sangola Mahavidyalaya,24.5,2026-07-13,00:45:00,87.0,2026-07-12,00:45:00,2026-07-13 00:51:19,26.150000000000034,Zone 4,55.5,Zone 5,26.2,Zone 4,37.6,Zone 4,32.4,Zone 4,54.0,Zone 5,38.2,Zone 4,61.0,Zone 5,55.5,Zone 5,63.6,Zone 5
Maharashtra,Solapur,Solapur,26.8,2026-07-13,00:30:00,68.0,2026-07-12,00:30:00,2026-07-13 00:51:19,28.350000000000023,Zone 4,54.4,Zone 5,28.7,Zone 4,39.3,Zone 4,34.4,Zone 4,52.8,Zone 5,39.8,Zone 4,60.8,Zone 5,54.4,Zone 5,63.3,Zone 5
Maharashtra,Thane,Bhayander,27.7,2026-07-13,00:45:00,,,,2026-07-13 00:51:19,,,,,,,,,,,,,,,,,,,,
Maharashtra,Wardha,Wardha,28.0,2026-07-13,00:30:00,77.0,2026-07-12,00:30:00,2026-07-13 00:51:19,31.450000000000045,Zone 4,61.5,Zone 5,31.4,Zone 4,51.6,Zone 5,38.0,Zone 4,61.0,Zone 5,53.9,Zone 5,63.9,Zone 5,61.5,Zone 5,66.1,Zone 5
Maharashtra,Yavatmal,Pushad Aws400,28.1,2026-07-13,00:45:00,67.0,2026-07-12,00:45:00,2026-07-13 00:51:19,30.350000000000023,Zone 4,59.0,Zone 5,30.2,Zone 4,41.0,Zone 4,36.1,Zone 4,57.7,Zone 5,42.2,Zone 5,61.8,Zone 5,59.0,Zone 5,64.3,Zone 5
Maharashtra,Yavatmal,Yavatmal,28.6,2026-07-13,00:30:00,68.0,2026-07-12,00:30:00,2026-07-13 00:51:19,31.350000000000023,Zone 4,60.0,Zone 5,31.2,Zone 4,44.7,Zone 5,37.2,Zone 4,59.6,Zone 5,47.0,Zone 5,62.7,Zone 5,60.0,Zone 5,65.0,Zone 5
Manipur,Chandel,Chandel Kvk,22.8,2026-07-13,00:45:00,100.0,2026-07-12,00:45:00,2026-07-13 00:51:19,24.55000000000001,Zone 3,55.8,Zone 5,24.8,Zone 3,36.7,Zone 5,31.0,Zone 4,54.3,Zone 5,38.5,Zone 5,61.1,Zone 5,55.8,Zone 5,63.6,Zone 5
Manipur,Churachandpur,Geljang Resort,23.8,2026-07-13,00:15:00,,,,2026-07-13 00:51:19,,,,,,,,,,,,,,,,,,,,
Manipur,Imphal East,Jiribam,26.2,2026-07-13,00:30:00,99.0,2026-07-12,00:30:00,2026-07-13 00:51:19,30.450000000000045,Zone 4,63.0,Zone 5,30.0,Zone 4,58.7,Zone 5,40.9,Zone 5,62.6,Zone 5,59.5,Zone 5,65.2,Zone 5,63.0,Zone 5,67.2,Zone 5
Manipur,Imphal East,Porompat,23.9,2026-07-13,00:30:00,98.0,2026-07-12,00:30:00,2026-07-13 00:51:19,25.850000000000023,Zone 4,59.4,Zone 5,26.0,Zone 4,41.9,Zone 5,32.7,Zone 4,59.0,Zone 5,44.1,Zone 5,62.2,Zone 5,59.4,Zone 5,64.6,Zone 5
Manipur,Kamjong,Kamjong,19.1,2026-07-13,00:45:00,100.0,2026-07-12,00:45:00,2026-07-13 00:51:19,20.450000000000045,Zone 3,35.1,Zone 4,20.3,Zone 3,29.9,Zone 4,25.1,Zone 3,34.8,Zone 4,30.2,Zone 4,45.3,Zone 5,35.1,Zone 4,58.2,Zone 5
Manipur,Kangpokpi,Saikul,,,,100.0,2026-07-12,00:45:00,2026-07-13 00:51:19,,,,,,,,,,,,,,,,,,,,
Manipur,Kangpokpi,Tujangvaichong,23.1,2026-07-13,00:15:00,,,,2026-07-13 00:51:19,,,,,,,,,,,,,,,,,,,,
Manipur,Noney,Khoupum,24.2,2026-07-13,00:45:00,100.0,2026-07-12,00:45:00,2026-07-13 00:51:19,26.450000000000045,Zone 4,59.8,Zone 5,26.1,Zone 4,43.6,Zone 5,32.9,Zone 4,59.4,Zone 5,45.9,Zone 5,62.5,Zone 5,59.8,Zone 5,64.8,Zone 5
Meghalaya,East Garo Hills,Williamnagar,28.1,2026-07-13,00:30:00,95.0,2026-07-12,00:30:00,2026-07-13 00:51:19,34.85000000000002,Zone 4,65.6,Zone 5,34.5,Zone 4,62.0,Zone 5,56.1,Zone 5,65.2,Zone 5,62.6,Zone 5,67.5,Zone 5,65.6,Zone 5,69.1,Zone 5
Meghalaya,East Jaintia Hills,Mynkre Substation,23.3,2026-07-13,00:45:00,99.0,2026-07-12,00:45:00,2026-07-13 00:51:19,25.05000000000001,Zone 3,58.2,Zone 5,25.2,Zone 3,39.2,Zone 5,31.8,Zone 4,56.7,Zone 5,41.2,Zone 5,61.6,Zone 5,58.2,Zone 5,64.1,Zone 5
Meghalaya,East Khasi Hills,Laban,19.3,2026-07-13,00:30:00,92.0,2026-07-12,00:30:00,2026-07-13 00:51:19,20.25,Zone 3,35.2,Zone 4,20.5,Zone 3,30.1,Zone 4,25.4,Zone 4,34.9,Zone 4,30.4,Zone 4,43.5,Zone 5,35.2,Zone 4,56.7,Zone 5
Meghalaya,East Khasi Hills,Mawryngkneng,23.7,2026-07-13,00:30:00,,,,2026-07-13 00:51:19,,,,,,,,,,,,,,,,,,,,
Meghalaya,East Khasi Hills,Nehu,22.5,2026-07-13,00:00:00,,,,2026-07-13 00:51:19,,,,,,,,,,,,,,,,,,,,
Meghalaya,East Khasi Hills,Shillong,24.5,2026-07-13,00:30:00,97.0,2026-07-12,00:30:00,2026-07-13 00:51:19,26.850000000000023,Zone 4,60.1,Zone 5,26.8,Zone 4,44.8,Zone 5,33.6,Zone 4,59.7,Zone 5,47.1,Zone 5,62.7,Zone 5,60.1,Zone 5,65.0,Zone 5
Meghalaya,Jaintia Hills,Anlarem,22.5,2026-07-13,00:00:00,,,,2026-07-13 00:51:19,,,,,,,,,,,,,,,,,,,,
Meghalaya,North Garo Hills,Resubelpara,27.4,2026-07-13,00:45:00,99.0,2026-07-12,00:45:00,2026-07-13 00:51:19,33.650000000000034,Zone 4,65.6,Zone 5,33.9,Zone 4,62.1,Zone 5,56.1,Zone 5,65.2,Zone 5,62.6,Zone 5,67.5,Zone 5,65.6,Zone 5,69.1,Zone 5
Meghalaya,Ri Bhoi,Umtrewdam,36.0,2026-07-13,00:30:00,9.0,2026-07-12,00:30:00,2026-07-13 00:51:19,32.950000000000045,Zone 4,43.3,Zone 4,32.9,Zone 4,39.8,Zone 4,36.5,Zone 4,43.1,Zone 4,40.0,Zone 4,46.3,Zone 4,43.3,Zone 4,52.8,Zone 5
Meghalaya,South West Garo Hills,Ampati,26.8,2026-07-13,00:45:00,100.0,2026-07-12,00:45:00,2026-07-13 00:51:19,32.150000000000034,Zone 4,65.0,Zone 5,32.7,Zone 4,61.3,Zone 5,52.3,Zone 5,64.6,Zone 5,61.8,Zone 5,66.9,Zone 5,65.0,Zone 5,68.7,Zone 5
Meghalaya,South West Khasi Hills,Mawkyrwat,20.0,2026-07-13,00:45:00,100.0,2026-07-12,00:45:00,2026-07-13 00:51:19,21.450000000000045,Zone 3,36.9,Zone 5,21.5,Zone 3,31.3,Zone 4,26.3,Zone 4,36.3,Zone 4,31.7,Zone 4,50.8,Zone 5,36.9,Zone 5,60.0,Zone 5
Meghalaya,West Garo Hills,Tura,26.4,2026-07-13,00:30:00,91.0,2026-07-12,00:30:00,2026-07-13 00:51:19,29.950000000000045,Zone 4,62.2,Zone 5,30.1,Zone 4,55.0,Zone 5,37.3,Zone 4,61.8,Zone 5,57.2,Zone 5,64.5,Zone 5,62.2,Zone 5,66.6,Zone 5
Meghalaya,West Khasi Hills,Nongstoin,21.2,2026-07-13,00:30:00,99.0,2026-07-12,00:30:00,2026-07-13 00:51:19,22.850000000000023,Zone 3,41.9,Zone 5,22.6,Zone 3,32.7,Zone 4,27.7,Zone 4,40.6,Zone 5,33.2,Zone 4,55.8,Zone 5,41.9,Zone 5,61.0,Zone 5
Mizoram,Aizawl,Lengpui,26.2,2026-07-13,00:45:00,86.0,2026-07-12,00:45:00,2026-07-13 00:51:19,28.950000000000045,Zone 4,60.3,Zone 5,28.6,Zone 4,45.8,Zone 5,35.2,Zone 4,59.9,Zone 5,48.1,Zone 5,62.9,Zone 5,60.3,Zone 5,65.2,Zone 5
Mizoram,Aizawl,Mizoram University,24.0,2026-07-13,00:30:00,91.0,2026-07-12,00:30:00,2026-07-13 00:51:19,25.650000000000034,Zone 4,55.5,Zone 5,25.6,Zone 4,37.2,Zone 4,31.9,Zone 4,54.0,Zone 5,38.1,Zone 5,61.0,Zone 5,55.5,Zone 5,63.5,Zone 5
Mizoram,Champhai,Champhai Aws,19.2,2026-07-13,00:45:00,100.0,2026-07-12,00:45:00,2026-07-13 00:51:19,20.55000000000001,Zone 3,35.1,Zone 4,20.3,Zone 3,29.9,Zone 4,25.1,Zone 3,34.8,Zone 4,30.2,Zone 4,45.3,Zone 5,35.1,Zone 4,58.2,Zone 5
Mizoram,Hnathial,Hnathial,22.2,2026-07-13,00:45:00,100.0,2026-07-12,00:45:00,2026-07-13 00:51:19,23.950000000000045,Zone 3,49.1,Zone 5,23.7,Zone 3,34.5,Zone 4,29.3,Zone 4,47.5,Zone 5,35.0,Zone 4,59.7,Zone 5,49.1,Zone 5,62.4,Zone 5
Mizoram,Khawzawl,Khawzawl,21.5,2026-07-13,00:45:00,100.0,2026-07-12,00:45:00,2026-07-13 00:51:19,23.150000000000034,Zone 3,45.7,Zone 5,23.2,Zone 3,33.6,Zone 4,28.5,Zone 4,44.3,Zone 5,34.1,Zone 4,58.9,Zone 5,45.7,Zone 5,61.8,Zone 5
Mizoram,Kolasib,Kolasib,24.2,2026-07-13,00:45:00,100.0,2026-07-12,00:45:00,2026-07-13 00:51:19,26.450000000000045,Zone 4,59.8,Zone 5,26.1,Zone 4,43.6,Zone 5,32.9,Zone 4,59.4,Zone 5,45.9,Zone 5,62.5,Zone 5,59.8,Zone 5,64.8,Zone 5
Mizoram,Lawngtlai,Chawnhu,21.6,2026-07-13,00:45:00,94.0,2026-07-12,00:45:00,2026-07-13 00:51:19,23.05000000000001,Zone 3,41.6,Zone 5,22.9,Zone 3,33.1,Zone 4,28.1,Zone 4,40.3,Zone 5,33.5,Zone 4,55.5,Zone 5,41.6,Zone 5,61.0,Zone 5
Mizoram,Saiha,Saiha,20.5,2026-07-13,00:45:00,100.0,2026-07-12,00:45:00,2026-07-13 00:51:19,22.05000000000001,Zone 3,39.6,Zone 5,22.0,Zone 3,32.0,Zone 4,27.0,Zone 4,38.4,Zone 5,32.4,Zone 4,53.6,Zone 5,39.6,Zone 5,60.6,Zone 5
Mizoram,Serchhip,Serchhip,22.2,2026-07-13,00:45:00,57.0,2026-07-12,00:45:00,2026-07-13 00:51:19,22.05000000000001,Zone 3,35.4,Zone 4,21.8,Zone 3,31.1,Zone 4,26.9,Zone 4,35.3,Zone 4,31.3,Zone 4,39.3,Zone 4,35.4,Zone 4,48.3,Zone 5
Nagaland,Dimapur,Dimapur,26.5,2026-07-13,00:30:00,100.0,2026-07-12,00:30:00,2026-07-13 00:51:19,31.350000000000023,Zone 4,64.1,Zone 5,31.3,Zone 4,60.2,Zone 5,47.0,Zone 5,63.7,Zone 5,60.8,Zone 5,66.2,Zone 5,64.1,Zone 5,68.0,Zone 5
Nagaland,Dimapur,Jharnapani Amfu,26.2,2026-07-13,00:45:00,100.0,2026-07-12,00:45:00,2026-07-13 00:51:19,30.55000000000001,Zone 4,63.2,Zone 5,30.1,Zone 4,59.2,Zone 5,42.0,Zone 5,62.8,Zone 5,59.8,Zone 5,65.4,Zone 5,63.2,Zone 5,67.4,Zone 5
Nagaland,Kiphire,Kiphire Aws400,22.0,2026-07-13,00:45:00,100.0,2026-07-12,00:45:00,2026-07-13 00:51:19,23.75,Zone 3,49.1,Zone 5,23.7,Zone 3,34.5,Zone 4,29.3,Zone 4,47.5,Zone 5,35.0,Zone 4,59.7,Zone 5,49.1,Zone 5,62.4,Zone 5
Nagaland,Kohima,Chiephobozou Nerhema,21.4,2026-07-13,00:45:00,100.0,2026-07-12,00:45:00,2026-07-13 00:51:19,23.05000000000001,Zone 3,45.7,Zone 5,23.2,Zone 3,33.6,Zone 4,28.5,Zone 4,44.3,Zone 5,34.1,Zone 4,58.9,Zone 5,45.7,Zone 5,61.8,Zone 5
Nagaland,Kohima,Kohima,21.5,2026-07-13,00:30:00,100.0,2026-07-12,00:30:00,2026-07-13 00:51:19,23.150000000000034,Zone 3,45.7,Zone 5,23.2,Zone 3,33.6,Zone 4,28.5,Zone 4,44.3,Zone 5,34.1,Zone 4,58.9,Zone 5,45.7,Zone 5,61.8,Zone 5
Nagaland,Kohima,Sechu,21.7,2026-07-13,00:30:00,99.0,2026-07-12,00:30:00,2026-07-13 00:51:19,23.350000000000023,Zone 3,45.0,Zone 5,23.1,Zone 3,33.5,Zone 4,28.4,Zone 4,43.6,Zone 5,34.0,Zone 4,58.3,Zone 5,45.0,Zone 5,61.6,Zone 5
Nagaland,Longleng,Sakshi,23.2,2026-07-13,00:45:00,100.0,2026-07-12,00:45:00,2026-07-13 00:51:19,24.950000000000045,Zone 3,55.8,Zone 5,24.8,Zone 3,36.7,Zone 5,31.0,Zone 4,54.3,Zone 5,38.5,Zone 5,61.1,Zone 5,55.8,Zone 5,63.6,Zone 5
Nagaland,Peren,Jalukie,25.5,2026-07-13,00:45:00,100.0,2026-07-12,00:45:00,2026-07-13 00:51:19,29.05000000000001,Zone 4,62.4,Zone 5,29.0,Zone 4,55.9,Zone 5,37.6,Zone 5,62.0,Zone 5,58.0,Zone 5,64.7,Zone 5,62.4,Zone 5,66.7,Zone 5
Nagaland,Tuensang,Thonoknyu,19.4,2026-07-13,00:45:00,100.0,2026-07-12,00:45:00,2026-07-13 00:51:19,20.75,Zone 3,35.9,Zone 4,20.9,Zone 3,30.6,Zone 4,25.7,Zone 4,35.5,Zone 4,30.9,Zone 4,48.0,Zone 5,35.9,Zone 4,59.4,Zone 5
Nagaland,Wokha,Wokha,21.8,2026-07-13,00:45:00,98.0,2026-07-12,00:45:00,2026-07-13 00:51:19,23.450000000000045,Zone 3,47.6,Zone 5,23.6,Zone 3,34.3,Zone 4,29.1,Zone 4,46.1,Zone 5,34.8,Zone 4,59.4,Zone 5,47.6,Zone 5,62.1,Zone 5
Odisha,Balangir,Bolangir,28.8,2026-07-13,00:30:00,100.0,2026-07-12,00:30:00,2026-07-13 00:51:19,47.150000000000034,Zone 5,68.5,Zone 5,50.0,Zone 5,65.5,Zone 5,62.5,Zone 5,68.1,Zone 5,66.1,Zone 5,69.9,Zone 5,68.5,Zone 5,71.3,Zone 5
Odisha,Balasore,Fm University,29.1,2026-07-13,00:45:00,94.0,2026-07-12,00:45:00,2026-07-13 00:51:19,40.85000000000002,Zone 5,67.1,Zone 5,39.7,Zone 5,63.9,Zone 5,60.4,Zone 5,66.7,Zone 5,64.4,Zone 5,68.7,Zone 5,67.1,Zone 5,70.2,Zone 5
Odisha,Bargarh,Barapalli,27.6,2026-07-13,00:30:00,,,,2026-07-13 00:51:19,,,,,,,,,,,,,,,,,,,,
Odisha,Cuttack,Cuttack Kvk,28.6,2026-07-13,00:45:00,,,,2026-07-13 00:51:19,,,,,,,,,,,,,,,,,,,,
Odisha,Gajapati,Paralakhemundi,,,,85.0,2026-07-12,00:30:00,2026-07-13 00:51:19,,,,,,,,,,,,,,,,,,,,
Odisha,Ganjam,Benakuda Kvk,28.3,2026-07-13,00:45:00,83.0,2026-07-12,00:45:00,2026-07-13 00:51:19,32.950000000000045,Zone 4,63.7,Zone 5,33.5,Zone 4,59.7,Zone 5,44.7,Zone 5,63.3,Zone 5,60.3,Zone 5,65.8,Zone 5,63.7,Zone 5,67.7,Zone 5
Odisha,Jharsuguda,Jharsuguda,29.1,2026-07-13,00:30:00,100.0,2026-07-12,00:30:00,2026-07-13 00:51:19,51.450000000000045,Zone 5,68.5,Zone 5,50.0,Zone 5,65.5,Zone 5,62.5,Zone 5,68.1,Zone 5,66.1,Zone 5,69.9,Zone 5,68.5,Zone 5,71.3,Zone 5
Odisha,Jharsuguda,Likera,19.5,2026-07-13,00:30:00,,,,2026-07-13 00:51:19,,,,,,,,,,,,,,,,,,,,
Odisha,Kandhamal,Phulbani,26.9,2026-07-13,00:00:00,,,,2026-07-13 00:51:19,,,,,,,,,,,,,,,,,,,,
Odisha,Khurdha,Bhubneshwar Arg,29.0,2026-07-13,00:30:00,,,,2026-07-13 00:51:19,,,,,,,,,,,,,,,,,,,,
Odisha,Khurdha,Pitapalli,29.1,2026-07-13,00:45:00,99.0,2026-07-12,00:45:00,2026-07-13 00:51:19,49.650000000000034,Zone 5,68.2,Zone 5,48.2,Zone 5,65.3,Zone 5,62.1,Zone 5,67.9,Zone 5,65.8,Zone 5,69.7,Zone 5,68.2,Zone 5,71.1,Zone 5
Odisha,Mayurbhanj,Baripada,28.9,2026-07-13,00:30:00,100.0,2026-07-12,00:30:00,2026-07-13 00:51:19,48.55000000000001,Zone 5,68.5,Zone 5,50.0,Zone 5,65.5,Zone 5,62.5,Zone 5,68.1,Zone 5,66.1,Zone 5,69.9,Zone 5,68.5,Zone 5,71.3,Zone 5
Odisha,Puri,Janhukuda(Near Satapada),28.7,2026-07-13,00:45:00,100.0,2026-07-12,00:45:00,2026-07-13 00:51:19,45.75,Zone 5,67.6,Zone 5,43.1,Zone 5,64.5,Zone 5,61.2,Zone 5,67.2,Zone 5,65.0,Zone 5,69.2,Zone 5,67.6,Zone 5,70.6,Zone 5
Odisha,Puri,Puri Kvk,28.3,2026-07-13,00:45:00,,,,2026-07-13 00:51:19,,,,,,,,,,,,,,,,,,,,
Odisha,Rayagada,Gunupur Kvk,28.2,2026-07-13,00:45:00,100.0,2026-07-12,00:45:00,2026-07-13 00:51:19,39.35000000000002,Zone 5,66.7,Zone 5,37.1,Zone 5,63.4,Zone 5,59.8,Zone 5,66.3,Zone 5,63.9,Zone 5,68.4,Zone 5,66.7,Zone 5,70.0,Zone 5
Odisha,Sambalpur,Dhankauda,28.2,2026-07-13,00:45:00,75.0,2026-07-12,00:45:00,2026-07-13 00:51:19,31.55000000000001,Zone 4,61.0,Zone 5,31.2,Zone 4,49.2,Zone 5,37.6,Zone 4,60.6,Zone 5,51.6,Zone 5,63.5,Zone 5,61.0,Zone 5,65.7,Zone 5
Odisha,Sonepur,Sonepur,27.9,2026-07-13,00:45:00,87.0,2026-07-12,00:45:00,2026-07-13 00:51:19,32.75,Zone 4,63.8,Zone 5,33.0,Zone 4,59.9,Zone 5,45.3,Zone 5,63.4,Zone 5,60.4,Zone 5,65.9,Zone 5,63.8,Zone 5,67.8,Zone 5
Odisha,Subarnapur,Dungripalli,27.5,2026-07-13,00:30:00,,,,2026-07-13 00:51:19,,,,,,,,,,,,,,,,,,,,
Odisha,Sundergarh,Sundergarh,27.3,2026-07-13,00:45:00,96.0,2026-07-12,00:45:00,2026-07-13 00:51:19,32.75,Zone 4,65.0,Zone 5,33.3,Zone 4,61.3,Zone 5,52.3,Zone 5,64.6,Zone 5,61.8,Zone 5,66.9,Zone 5,65.0,Zone 5,68.7,Zone 5
Puducherry,Karaikal,Karaikal,28.0,2026-07-13,00:30:00,99.0,2026-07-12,00:30:00,2026-07-13 00:51:19,35.85000000000002,Zone 5,66.5,Zone 5,35.8,Zone 5,63.1,Zone 5,59.5,Zone 5,66.1,Zone 5,63.7,Zone 5,68.2,Zone 5,66.5,Zone 5,69.8,Zone 5
Puducherry,Mahe,Mahe Jnv,25.9,2026-07-13,00:45:00,100.0,2026-07-12,00:45:00,2026-07-13 00:51:19,29.850000000000023,Zone 4,63.2,Zone 5,30.1,Zone 4,59.2,Zone 5,42.0,Zone 5,62.8,Zone 5,59.8,Zone 5,65.4,Zone 5,63.2,Zone 5,67.4,Zone 5
Puducherry,Puducherry,Puducherry,29.4,2026-07-13,00:30:00,83.0,2026-07-12,00:30:00,2026-07-13 00:51:19,35.85000000000002,Zone 4,65.3,Zone 5,36.1,Zone 4,61.7,Zone 5,54.6,Zone 5,64.9,Zone 5,62.3,Zone 5,67.2,Zone 5,65.3,Zone 5,68.9,Zone 5
Puducherry,Puducherry,Puducherry Kvk,28.7,2026-07-13,00:45:00,91.0,2026-07-12,00:45:00,2026-07-13 00:51:19,35.75,Zone 4,65.5,Zone 5,35.1,Zone 4,62.0,Zone 5,55.8,Zone 5,65.2,Zone 5,62.5,Zone 5,67.4,Zone 5,65.5,Zone 5,69.1,Zone 5
Punjab,Barnala,Barnala,29.5,2026-07-13,00:45:00,72.0,2026-07-12,00:45:00,2026-07-13 00:51:19,33.75,Zone 4,62.6,Zone 5,33.8,Zone 4,57.0,Zone 5,40.4,Zone 4,62.2,Zone 5,59.0,Zone 5,64.9,Zone 5,62.6,Zone 5,66.9,Zone 5
Punjab,Bathinda,Bhatinda Amfu,29.9,2026-07-13,00:45:00,77.0,2026-07-12,00:45:00,2026-07-13 00:51:19,35.75,Zone 4,64.7,Zone 5,36.0,Zone 4,60.9,Zone 5,50.6,Zone 5,64.3,Zone 5,61.5,Zone 5,66.7,Zone 5,64.7,Zone 5,68.5,Zone 5
Punjab,Faridkot,Faridkot Amfu,29.6,2026-07-13,00:45:00,,,,2026-07-13 00:51:19,,,,,,,,,,,,,,,,,,,,
Punjab,Fazilka,Fasc Abohar,30.0,2026-07-13,00:45:00,,,,2026-07-13 00:51:19,,,,,,,,,,,,,,,,,,,,
Punjab,Firozpur,Ferojpur,28.1,2026-07-13,00:30:00,93.0,2026-07-12,00:30:00,2026-07-13 00:51:19,34.450000000000045,Zone 4,65.1,Zone 5,34.1,Zone 4,61.5,Zone 5,53.5,Zone 5,64.8,Zone 5,62.1,Zone 5,67.1,Zone 5,65.1,Zone 5,68.8,Zone 5
Punjab,Firozpur,Firozpur Kvk,28.5,2026-07-13,00:45:00,99.0,2026-07-12,00:45:00,2026-07-13 00:51:19,41.450000000000045,Zone 5,67.4,Zone 5,41.5,Zone 5,64.2,Zone 5,60.8,Zone 5,67.0,Zone 5,64.7,Zone 5,69.0,Zone 5,67.4,Zone 5,70.4,Zone 5
Punjab,Hoshiarpur,Hosiyarpur,24.3,2026-07-13,00:30:00,100.0,2026-07-12,00:30:00,2026-07-13 00:51:19,26.650000000000034,Zone 4,60.7,Zone 5,27.0,Zone 4,47.6,Zone 5,34.0,Zone 4,60.2,Zone 5,50.0,Zone 5,63.2,Zone 5,60.7,Zone 5,65.5,Zone 5
Punjab,Hoshiarpur,Salern,24.8,2026-07-13,00:30:00,100.0,2026-07-12,00:30:00,2026-07-13 00:51:19,27.55000000000001,Zone 4,61.5,Zone 5,28.0,Zone 4,51.8,Zone 5,35.2,Zone 4,61.1,Zone 5,54.1,Zone 5,64.0,Zone 5,61.5,Zone 5,66.1,Zone 5
Punjab,Ludhiana,Ludhiyana Amfu,26.6,2026-07-13,00:45:00,99.0,2026-07-12,00:45:00,2026-07-13 00:51:19,31.450000000000045,Zone 4,63.9,Zone 5,31.2,Zone 4,60.0,Zone 5,45.8,Zone 5,63.5,Zone 5,60.5,Zone 5,66.0,Zone 5,63.9,Zone 5,67.9,Zone 5
Punjab,Ludhiana,Raikot,28.2,2026-07-13,00:45:00,,,,2026-07-13 00:51:19,,,,,,,,,,,,,,,,,,,,
Punjab,Moga,Moga,27.7,2026-07-13,00:30:00,90.0,2026-07-12,00:30:00,2026-07-13 00:51:19,32.75,Zone 4,63.6,Zone 5,32.3,Zone 4,59.7,Zone 5,44.3,Zone 5,63.2,Zone 5,60.2,Zone 5,65.8,Zone 5,63.6,Zone 5,67.7,Zone 5
Punjab,Mohali,Mohali,29.1,2026-07-13,00:30:00,55.0,2026-07-12,00:30:00,2026-07-13 00:51:19,30.650000000000034,Zone 4,52.9,Zone 5,30.5,Zone 4,40.4,Zone 4,35.8,Zone 4,51.4,Zone 5,40.8,Zone 4,60.5,Zone 5,52.9,Zone 5,63.1,Zone 5
Punjab,Muktsar,Muktsar,29.6,2026-07-13,00:45:00,89.0,2026-07-12,00:45:00,2026-07-13 00:51:19,38.75,Zone 5,66.8,Zone 5,37.8,Zone 4,63.5,Zone 5,60.0,Zone 5,66.4,Zone 5,64.0,Zone 5,68.5,Zone 5,66.8,Zone 5,70.0,Zone 5
Punjab,Pathankot,Kvk Pathankot,24.4,2026-07-13,00:45:00,,,,2026-07-13 00:51:19,,,,,,,,,,,,,,,,,,,,
Punjab,Pathankot,Thein Dam,23.5,2026-07-13,00:45:00,100.0,2026-07-12,00:45:00,2026-07-13 00:51:19,25.25,Zone 3,58.9,Zone 5,25.3,Zone 3,39.9,Zone 5,31.9,Zone 4,57.4,Zone 5,42.0,Zone 5,61.8,Zone 5,58.9,Zone 5,64.2,Zone 5
Punjab,Rupnagar,Bhakra Dam Imdnagal,24.0,2026-07-13,00:45:00,100.0,2026-07-12,00:45:00,2026-07-13 00:51:19,26.150000000000034,Zone 4,59.8,Zone 5,26.1,Zone 4,43.6,Zone 5,32.9,Zone 4,59.4,Zone 5,45.9,Zone 5,62.5,Zone 5,59.8,Zone 5,64.8,Zone 5
Punjab,Rupnagar,Sri Anadpur Sahib Imdjindwadi,30.2,2026-07-13,00:45:00,100.0,2026-07-12,00:45:00,2026-07-13 00:51:19,60.85000000000002,Zone 5,70.2,Zone 5,60.2,Zone 5,67.7,Zone 5,65.2,Zone 5,69.9,Zone 5,68.2,Zone 5,71.4,Zone 5,70.2,Zone 5,74.3,Zone 6
Punjab,Sangrur,Sangrur,28.6,2026-07-13,00:45:00,100.0,2026-07-12,00:45:00,2026-07-13 00:51:19,44.450000000000045,Zone 5,67.6,Zone 5,43.1,Zone 5,64.5,Zone 5,61.2,Zone 5,67.2,Zone 5,65.0,Zone 5,69.2,Zone 5,67.6,Zone 5,70.6,Zone 5
Rajasthan,Ajmer,Ajmer,29.4,2026-07-13,00:30:00,72.0,2026-07-12,00:30:00,2026-07-13 00:51:19,33.55000000000001,Zone 4,62.6,Zone 5,33.8,Zone 4,57.0,Zone 5,40.4,Zone 4,62.2,Zone 5,59.0,Zone 5,64.9,Zone 5,62.6,Zone 5,66.9,Zone 5
Rajasthan,Ajmer,Central University Kishangarh,27.9,2026-07-13,00:30:00,89.0,2026-07-12,00:30:00,2026-07-13 00:51:19,33.05000000000001,Zone 4,64.2,Zone 5,33.3,Zone 4,60.4,Zone 5,48.0,Zone 5,63.8,Zone 5,61.0,Zone 5,66.3,Zone 5,64.2,Zone 5,68.1,Zone 5
Rajasthan,Bikaner,Bikaner Amfu,31.8,2026-07-13,00:30:00,59.0,2026-07-12,00:30:00,2026-07-13 00:51:19,36.05000000000001,Zone 4,62.9,Zone 5,36.5,Zone 4,58.2,Zone 5,42.7,Zone 4,62.5,Zone 5,59.4,Zone 5,65.1,Zone 5,62.9,Zone 5,67.1,Zone 5
Rajasthan,Chittaurgarh,Chittorgarh Kvk,27.9,2026-07-13,00:30:00,,,,2026-07-13 00:51:19,,,,,,,,,,,,,,,,,,,,
Rajasthan,Churu,Churu,29.9,2026-07-13,00:00:00,,,,2026-07-13 00:51:19,,,,,,,,,,,,,,,,,,,,
Rajasthan,Dausa,Khedali,29.3,2026-07-13,00:45:00,46.0,2026-07-12,00:45:00,2026-07-13 00:51:19,29.950000000000045,Zone 4,45.5,Zone 5,30.2,Zone 4,39.4,Zone 4,35.2,Zone 4,44.1,Zone 5,39.8,Zone 4,58.7,Zone 5,45.5,Zone 5,61.7,Zone 5
Rajasthan,Dungarpur,Dungarpur Kvk,15.6,2026-07-13,00:45:00,,,,2026-07-13 00:51:19,,,,,,,,,,,,,,,,,,,,
Rajasthan,Jaipur,Amity University,27.0,2026-07-13,00:45:00,82.0,2026-07-12,00:45:00,2026-07-13 00:51:19,30.05000000000001,Zone 4,61.0,Zone 5,30.1,Zone 4,49.4,Zone 5,36.7,Zone 4,60.6,Zone 5,51.8,Zone 5,63.5,Zone 5,61.0,Zone 5,65.7,Zone 5
Rajasthan,Jaisalmer,Jaisalmer,28.3,2026-07-13,00:30:00,70.0,2026-07-12,00:30:00,2026-07-13 00:51:19,31.05000000000001,Zone 4,60.5,Zone 5,31.4,Zone 4,47.1,Zone 5,37.6,Zone 4,60.1,Zone 5,49.4,Zone 5,63.1,Zone 5,60.5,Zone 5,65.4,Zone 5
Rajasthan,Jhunjhunu,Jhunjhunu(Aws),28.5,2026-07-13,00:30:00,67.0,2026-07-12,00:30:00,2026-07-13 00:51:19,31.05000000000001,Zone 4,59.8,Zone 5,31.0,Zone 4,43.6,Zone 5,37.0,Zone 4,59.4,Zone 5,45.8,Zone 5,62.5,Zone 5,59.8,Zone 5,64.8,Zone 5
Rajasthan,Jhunjhunu,Pilani,25.8,2026-07-13,00:30:00,74.0,2026-07-12,00:30:00,2026-07-13 00:51:19,27.350000000000023,Zone 4,53.8,Zone 5,27.6,Zone 4,38.5,Zone 4,33.5,Zone 4,52.3,Zone 5,39.0,Zone 4,60.7,Zone 5,53.8,Zone 5,63.2,Zone 5
Rajasthan,Jodhpur,Jodhpur,31.8,2026-07-13,00:30:00,69.0,2026-07-12,00:30:00,2026-07-13 00:51:19,38.75,Zone 4,65.7,Zone 5,39.3,Zone 4,62.2,Zone 5,56.9,Zone 5,65.4,Zone 5,62.8,Zone 5,67.6,Zone 5,65.7,Zone 5,69.3,Zone 5
Rajasthan,Karauli,Karauli Kvk,30.4,2026-07-13,00:45:00,,,,2026-07-13 00:51:19,,,,,,,,,,,,,,,,,,,,
Rajasthan,Nagaur,Krishi Vishwavidhyalaya,29.3,2026-07-13,00:45:00,71.0,2026-07-12,00:45:00,2026-07-13 00:51:19,33.150000000000034,Zone 4,62.3,Zone 5,33.6,Zone 4,55.8,Zone 5,40.1,Zone 4,61.9,Zone 5,57.9,Zone 5,64.7,Zone 5,62.3,Zone 5,66.7,Zone 5
Rajasthan,Pali,Pali,31.8,2026-07-13,00:45:00,67.0,2026-07-12,00:45:00,2026-07-13 00:51:19,38.150000000000034,Zone 4,65.2,Zone 5,38.6,Zone 4,61.6,Zone 5,53.7,Zone 5,64.8,Zone 5,62.1,Zone 5,67.1,Zone 5,65.2,Zone 5,68.8,Zone 5
Rajasthan,Pratapgarh,Pratapgarh,26.5,2026-07-13,00:45:00,93.0,2026-07-12,00:45:00,2026-07-13 00:51:19,30.350000000000023,Zone 4,62.6,Zone 5,30.4,Zone 4,57.0,Zone 5,38.8,Zone 5,62.2,Zone 5,59.0,Zone 5,64.9,Zone 5,62.6,Zone 5,66.9,Zone 5
Rajasthan,Sirohi,Mount Abu,20.9,2026-07-13,00:30:00,99.0,2026-07-12,00:30:00,2026-07-13 00:51:19,22.450000000000045,Zone 3,41.9,Zone 5,22.6,Zone 3,32.7,Zone 4,27.7,Zone 4,40.6,Zone 5,33.2,Zone 4,55.8,Zone 5,41.9,Zone 5,61.0,Zone 5
Rajasthan,Sirohi,Sirohi Kvk,22.9,2026-07-13,00:30:00,67.0,2026-07-12,00:30:00,2026-07-13 00:51:19,23.350000000000023,Zone 3,37.8,Zone 4,23.5,Zone 3,33.0,Zone 4,28.5,Zone 4,37.5,Zone 4,33.3,Zone 4,45.6,Zone 5,37.8,Zone 4,58.4,Zone 5
Rajasthan,Sri Ganganagar,Gharsana,32.6,2026-07-13,00:30:00,60.0,2026-07-12,00:30:00,2026-07-13 00:51:19,38.05000000000001,Zone 4,63.9,Zone 5,37.8,Zone 4,60.0,Zone 5,46.1,Zone 5,63.5,Zone 5,60.6,Zone 5,66.0,Zone 5,63.9,Zone 5,67.9,Zone 5
Sikkim,Gangtok,Gangtok,20.4,2026-07-13,00:45:00,100.0,2026-07-12,00:45:00,2026-07-13 00:51:19,21.950000000000045,Zone 3,39.6,Zone 5,22.0,Zone 3,32.0,Zone 4,27.0,Zone 4,38.4,Zone 5,32.4,Zone 4,53.6,Zone 5,39.6,Zone 5,60.6,Zone 5
Sikkim,Gangtok,Tadong,,,,80.0,2026-07-12,00:30:00,2026-07-13 00:51:19,,,,,,,,,,,,,,,,,,,,
Sikkim,Namchi,Namchi,21.9,2026-07-13,00:45:00,100.0,2026-07-12,00:45:00,2026-07-13 00:51:19,23.650000000000034,Zone 3,49.1,Zone 5,23.7,Zone 3,34.5,Zone 4,29.3,Zone 4,47.5,Zone 5,35.0,Zone 4,59.7,Zone 5,49.1,Zone 5,62.4,Zone 5
Sikkim,Soreng,Soreng,20.7,2026-07-13,00:45:00,100.0,2026-07-12,00:45:00,2026-07-13 00:51:19,22.25,Zone 3,39.6,Zone 5,22.0,Zone 3,32.0,Zone 4,27.0,Zone 4,38.4,Zone 5,32.4,Zone 4,53.6,Zone 5,39.6,Zone 5,60.6,Zone 5
Tamil Nadu,Ariyalur,Ariyalur,28.4,2026-07-13,00:30:00,69.0,2026-07-12,00:30:00,2026-07-13 00:51:19,31.150000000000034,Zone 4,60.3,Zone 5,31.3,Zone 4,45.9,Zone 5,37.4,Zone 4,59.9,Zone 5,48.2,Zone 5,62.9,Zone 5,60.3,Zone 5,65.2,Zone 5
Tamil Nadu,Chengalpattu,Mahabalipuram,29.1,2026-07-13,00:45:00,80.0,2026-07-12,00:45:00,2026-07-13 00:51:19,34.35000000000002,Zone 4,63.8,Zone 5,34.1,Zone 4,59.9,Zone 5,45.3,Zone 5,63.4,Zone 5,60.4,Zone 5,65.9,Zone 5,63.8,Zone 5,67.8,Zone 5
Tamil Nadu,Chennai,Anna University,28.2,2026-07-13,00:30:00,93.0,2026-07-12,00:30:00,2026-07-13 00:51:19,34.650000000000034,Zone 4,65.1,Zone 5,34.1,Zone 4,61.5,Zone 5,53.5,Zone 5,64.8,Zone 5,62.1,Zone 5,67.1,Zone 5,65.1,Zone 5,68.8,Zone 5
Tamil Nadu,Chennai,Chennai,29.3,2026-07-13,00:30:00,100.0,2026-07-12,00:30:00,2026-07-13 00:51:19,54.25,Zone 5,69.3,Zone 5,56.9,Zone 5,66.6,Zone 5,63.8,Zone 5,69.0,Zone 5,67.1,Zone 5,70.7,Zone 5,69.3,Zone 5,72.6,Zone 6
Tamil Nadu,Chennai,Chennai Rimc Lab,26.9,2026-07-13,00:45:00,63.0,2026-07-12,00:45:00,2026-07-13 00:51:19,28.150000000000034,Zone 4,49.5,Zone 5,28.3,Zone 4,38.4,Zone 4,33.8,Zone 4,48.0,Zone 5,38.9,Zone 4,59.8,Zone 5,49.5,Zone 5,62.4,Zone 5
Tamil Nadu,Chennai,Ennore Port,28.2,2026-07-13,00:30:00,86.0,2026-07-12,00:30:00,2026-07-13 00:51:19,33.25,Zone 4,63.6,Zone 5,32.8,Zone 4,59.6,Zone 5,43.9,Zone 5,63.2,Zone 5,60.2,Zone 5,65.7,Zone 5,63.6,Zone 5,67.6,Zone 5
Tamil Nadu,Chennai,Meenambakkam Isro,28.0,2026-07-13,00:30:00,83.0,2026-07-12,00:30:00,2026-07-13 00:51:19,32.35000000000002,Zone 4,62.9,Zone 5,32.3,Zone 4,58.1,Zone 5,40.1,Zone 5,62.5,Zone 5,59.3,Zone 5,65.1,Zone 5,62.9,Zone 5,67.1,Zone 5
Tamil Nadu,Chennai,Niot Pallikaranai,29.1,2026-07-13,00:30:00,80.0,2026-07-12,00:30:00,2026-07-13 00:51:19,34.35000000000002,Zone 4,63.8,Zone 5,34.1,Zone 4,59.9,Zone 5,45.3,Zone 5,63.4,Zone 5,60.4,Zone 5,65.9,Zone 5,63.8,Zone 5,67.8,Zone 5
Tamil Nadu,Coimbatore,Coimbatore Amfu,24.2,2026-07-13,00:45:00,82.0,2026-07-12,00:45:00,2026-07-13 00:51:19,25.450000000000045,Zone 4,48.2,Zone 5,25.2,Zone 3,36.0,Zone 4,31.0,Zone 4,46.6,Zone 5,36.5,Zone 4,59.5,Zone 5,48.2,Zone 5,62.2,Zone 5
Tamil Nadu,Coimbatore,P N Palayam,24.0,2026-07-13,00:30:00,86.0,2026-07-12,00:30:00,2026-07-13 00:51:19,25.350000000000023,Zone 4,51.5,Zone 5,25.3,Zone 4,36.5,Zone 4,31.4,Zone 4,49.9,Zone 5,37.0,Zone 4,60.2,Zone 5,51.5,Zone 5,62.8,Zone 5
Tamil Nadu,Coimbatore,Upasi Tea Research Foundation,19.5,2026-07-13,00:45:00,68.0,2026-07-12,00:45:00,2026-07-13 00:51:19,19.350000000000023,Zone 3,33.3,Zone 4,19.4,Zone 3,29.0,Zone 4,24.8,Zone 3,33.2,Zone 4,29.1,Zone 4,37.2,Zone 4,33.3,Zone 4,44.4,Zone 5
Tamil Nadu,Cuddalore,Neyveli,28.1,2026-07-13,00:45:00,99.0,2026-07-12,00:45:00,2026-07-13 00:51:19,36.85000000000002,Zone 5,66.5,Zone 5,35.8,Zone 5,63.1,Zone 5,59.5,Zone 5,66.1,Zone 5,63.7,Zone 5,68.2,Zone 5,66.5,Zone 5,69.8,Zone 5
Tamil Nadu,Cuddalore,Vridha Chalam,28.8,2026-07-13,00:30:00,66.0,2026-07-12,00:30:00,2026-07-13 00:51:19,31.450000000000045,Zone 4,60.3,Zone 5,31.8,Zone 4,45.9,Zone 5,37.8,Zone 4,59.9,Zone 5,48.2,Zone 5,62.9,Zone 5,60.3,Zone 5,65.2,Zone 5
Tamil Nadu,Dharmapuri,Palacode,27.3,2026-07-13,00:30:00,57.0,2026-07-12,00:30:00,2026-07-13 00:51:19,28.25,Zone 4,46.3,Zone 5,28.5,Zone 4,38.3,Zone 4,33.8,Zone 4,44.9,Zone 5,38.7,Zone 4,59.1,Zone 5,46.3,Zone 5,61.9,Zone 5
Tamil Nadu,Dindigul,Palani,24.9,2026-07-13,00:30:00,61.0,2026-07-12,00:30:00,2026-07-13 00:51:19,25.350000000000023,Zone 4,40.0,Zone 4,25.5,Zone 4,35.1,Zone 4,30.7,Zone 4,39.7,Zone 4,35.5,Zone 4,50.9,Zone 5,40.0,Zone 4,60.0,Zone 5
Tamil Nadu,Dindigul,Vedasandur,27.2,2026-07-13,00:30:00,56.0,2026-07-12,00:30:00,2026-07-13 00:51:19,28.05000000000001,Zone 4,42.6,Zone 5,27.7,Zone 4,37.4,Zone 4,32.9,Zone 4,41.9,Zone 4,37.7,Zone 4,56.4,Zone 5,42.6,Zone 5,61.2,Zone 5
Tamil Nadu,Erode,Erode Isro,27.2,2026-07-13,00:30:00,71.0,2026-07-12,00:30:00,2026-07-13 00:51:19,29.25,Zone 4,57.1,Zone 5,29.0,Zone 4,39.8,Zone 4,34.9,Zone 4,55.6,Zone 5,40.4,Zone 4,61.4,Zone 5,57.1,Zone 5,63.9,Zone 5
Tamil Nadu,Kallakurichi,Kallakurichi,33.4,2026-07-13,00:30:00,55.0,2026-07-12,00:30:00,2026-07-13 00:51:19,38.450000000000045,Zone 4,63.9,Zone 5,38.7,Zone 4,60.0,Zone 5,45.9,Zone 5,63.5,Zone 5,60.6,Zone 5,66.0,Zone 5,63.9,Zone 5,67.9,Zone 5
Tamil Nadu,Kallakurichi,Kallakurichi(Taluk Office),29.6,2026-07-13,00:45:00,63.0,2026-07-12,00:45:00,2026-07-13 00:51:19,32.450000000000045,Zone 4,60.3,Zone 5,32.3,Zone 4,45.8,Zone 5,38.2,Zone 4,59.9,Zone 5,48.1,Zone 5,62.9,Zone 5,60.3,Zone 5,65.2,Zone 5
Tamil Nadu,Kallakurichi,Thirukoilur,28.6,2026-07-13,00:45:00,67.0,2026-07-12,00:45:00,2026-07-13 00:51:19,31.25,Zone 4,59.8,Zone 5,31.0,Zone 4,43.6,Zone 5,37.0,Zone 4,59.4,Zone 5,45.8,Zone 5,62.5,Zone 5,59.8,Zone 5,64.8,Zone 5
Tamil Nadu,Kanchipuram,Acs Medical College,30.4,2026-07-13,00:30:00,87.0,2026-07-12,00:30:00,2026-07-13 00:51:19,45.05000000000001,Zone 5,68.0,Zone 5,46.4,Zone 5,65.0,Zone 5,61.8,Zone 5,67.6,Zone 5,65.5,Zone 5,69.5,Zone 5,68.0,Zone 5,70.9,Zone 5
Tamil Nadu,Kanchipuram,Chembarambakkam,28.6,2026-07-13,00:45:00,88.0,2026-07-12,00:45:00,2026-07-13 00:51:19,34.75,Zone 4,64.9,Zone 5,34.5,Zone 4,61.2,Zone 5,51.7,Zone 5,64.5,Zone 5,61.7,Zone 5,66.8,Zone 5,64.9,Zone 5,68.6,Zone 5
Tamil Nadu,Kanchipuram,Kanchipuram Isro,28.8,2026-07-13,00:45:00,37.0,2026-07-12,00:45:00,2026-07-13 00:51:19,28.55000000000001,Zone 4,41.6,Zone 4,28.8,Zone 4,37.3,Zone 4,33.3,Zone 4,41.4,Zone 4,37.6,Zone 4,48.0,Zone 5,41.6,Zone 4,59.3,Zone 5
Tamil Nadu,Kanchipuram,Sathyabama  University,29.1,2026-07-13,00:30:00,90.0,2026-07-12,00:30:00,2026-07-13 00:51:19,36.75,Zone 4,66.2,Zone 5,36.4,Zone 4,62.7,Zone 5,59.1,Zone 5,65.8,Zone 5,63.3,Zone 5,68.0,Zone 5,66.2,Zone 5,69.6,Zone 5
Tamil Nadu,Kanyakumari,Lower Kothaiyar,24.5,2026-07-13,00:30:00,,,,2026-07-13 00:51:19,,,,,,,,,,,,,,,,,,,,
Tamil Nadu,Kanyakumari,Neyyoor,26.4,2026-07-13,00:30:00,92.0,2026-07-12,00:30:00,2026-07-13 00:51:19,30.05000000000001,Zone 4,62.4,Zone 5,30.2,Zone 4,56.0,Zone 5,37.7,Zone 5,62.0,Zone 5,58.1,Zone 5,64.7,Zone 5,62.4,Zone 5,66.8,Zone 5
Tamil Nadu,Kanyakumari,Thirupathisaram Amfu,26.8,2026-07-13,00:30:00,89.0,2026-07-12,00:30:00,2026-07-13 00:51:19,30.55000000000001,Zone 4,62.6,Zone 5,31.0,Zone 4,56.8,Zone 5,38.6,Zone 5,62.2,Zone 5,58.9,Zone 5,64.9,Zone 5,62.6,Zone 5,66.9,Zone 5
Tamil Nadu,Krishnagiri,Denkanikottai,22.3,2026-07-13,00:45:00,77.0,2026-07-12,00:45:00,2026-07-13 00:51:19,23.150000000000034,Zone 3,38.2,Zone 4,23.4,Zone 3,33.2,Zone 4,28.5,Zone 4,37.9,Zone 4,33.5,Zone 4,50.0,Zone 5,38.2,Zone 4,59.8,Zone 5
Tamil Nadu,Krishnagiri,Hosur,22.7,2026-07-13,00:30:00,90.0,2026-07-12,00:30:00,2026-07-13 00:51:19,24.05000000000001,Zone 3,44.9,Zone 5,23.9,Zone 3,34.4,Zone 4,29.3,Zone 4,43.5,Zone 5,34.8,Zone 4,58.3,Zone 5,44.9,Zone 5,61.6,Zone 5
Tamil Nadu,Madurai,Madurai Isro,28.6,2026-07-13,00:30:00,,,,2026-07-13 00:51:19,,,,,,,,,,,,,,,,,,,,
Tamil Nadu,Mayiladuthurai,Mayiladuthurai,28.1,2026-07-13,00:45:00,,,,2026-07-13 00:51:19,,,,,,,,,,,,,,,,,,,,
Tamil Nadu,Nagapattinam,Mo Nagapattinam Campus,28.3,2026-07-13,00:00:00,,,,2026-07-13 00:51:19,,,,,,,,,,,,,,,,,,,,
Tamil Nadu,Nctpl Marg Ecr,New Chennai Township Private L,27.9,2026-07-13,00:45:00,93.0,2026-07-12,00:45:00,2026-07-13 00:51:19,33.85000000000002,Zone 4,65.1,Zone 5,34.1,Zone 4,61.5,Zone 5,53.5,Zone 5,64.8,Zone 5,62.1,Zone 5,67.1,Zone 5,65.1,Zone 5,68.8,Zone 5
Tamil Nadu,Ramanathapuram,Ramnadu Kvk,29.2,2026-07-13,00:45:00,,,,2026-07-13 00:51:19,,,,,,,,,,,,,,,,,,,,
Tamil Nadu,Ranipet,Kalavai,28.8,2026-07-13,00:00:00,,,,2026-07-13 00:51:19,,,,,,,,,,,,,,,,,,,,
Tamil Nadu,Ranipet,Ranipet,28.4,2026-07-13,00:30:00,99.0,2026-07-12,00:30:00,2026-07-13 00:51:19,40.25,Zone 5,67.4,Zone 5,41.5,Zone 5,64.2,Zone 5,60.8,Zone 5,67.0,Zone 5,64.7,Zone 5,69.0,Zone 5,67.4,Zone 5,70.4,Zone 5
Tamil Nadu,Salem,Govt Hss Mettur,27.2,2026-07-13,00:45:00,78.0,2026-07-12,00:45:00,2026-07-13 00:51:19,30.05000000000001,Zone 4,60.1,Zone 5,29.6,Zone 4,45.0,Zone 5,36.0,Zone 4,59.7,Zone 5,47.3,Zone 5,62.8,Zone 5,60.1,Zone 5,65.1,Zone 5
Tamil Nadu,Salem,Sandhiyur Kvk,27.2,2026-07-13,00:30:00,53.0,2026-07-12,00:30:00,2026-07-13 00:51:19,27.75,Zone 4,41.7,Zone 4,27.5,Zone 4,36.9,Zone 4,32.6,Zone 4,41.4,Zone 4,37.3,Zone 4,53.9,Zone 5,41.7,Zone 4,60.6,Zone 5
Tamil Nadu,Salem,Vazhapadi,28.1,2026-07-13,00:30:00,,,,2026-07-13 00:51:19,,,,,,,,,,,,,,,,,,,,
Tamil Nadu,Sivaganga,Sethu Bhaskar Agri College Kar,27.2,2026-07-13,00:45:00,100.0,2026-07-12,00:45:00,2026-07-13 00:51:19,33.25,Zone 4,65.0,Zone 5,32.7,Zone 4,61.3,Zone 5,52.3,Zone 5,64.6,Zone 5,61.8,Zone 5,66.9,Zone 5,65.0,Zone 5,68.7,Zone 5
Tamil Nadu,Tenkasi,Tenkasi,27.2,2026-07-13,00:00:00,,,,2026-07-13 00:51:19,,,,,,,,,,,,,,,,,,,,
Tamil Nadu,The Nilgiris,Coonoor,15.0,2026-07-13,00:00:00,,,,2026-07-13 00:51:19,,,,,,,,,,,,,,,,,,,,
Tamil Nadu,Thiruninravur,Jaya Engineering Clg,29.3,2026-07-13,00:45:00,64.0,2026-07-12,00:45:00,2026-07-13 00:51:19,32.05000000000001,Zone 4,60.5,Zone 5,32.4,Zone 4,47.1,Zone 5,38.4,Zone 4,60.1,Zone 5,49.4,Zone 5,63.1,Zone 5,60.5,Zone 5,65.4,Zone 5
Tamil Nadu,Thoothukudi,Sattankulam,27.5,2026-07-13,00:30:00,65.0,2026-07-12,00:30:00,2026-07-13 00:51:19,29.150000000000034,Zone 4,54.5,Zone 5,29.2,Zone 4,39.6,Zone 4,34.9,Zone 4,52.9,Zone 5,40.2,Zone 4,60.8,Zone 5,54.5,Zone 5,63.4,Zone 5
Tamil Nadu,Thoothukudi,Thiruchendur,28.1,2026-07-13,00:30:00,67.0,2026-07-12,00:30:00,2026-07-13 00:51:19,30.350000000000023,Zone 4,59.0,Zone 5,30.2,Zone 4,41.0,Zone 4,36.1,Zone 4,57.7,Zone 5,42.2,Zone 5,61.8,Zone 5,59.0,Zone 5,64.3,Zone 5
Tamil Nadu,Thoothukudi,Tuticorin Airport,29.8,2026-07-13,00:30:00,52.0,2026-07-12,00:30:00,2026-07-13 00:51:19,31.350000000000023,Zone 4,55.2,Zone 5,31.6,Zone 4,41.5,Zone 4,36.9,Zone 4,53.7,Zone 5,41.9,Zone 4,61.0,Zone 5,55.2,Zone 5,63.5,Zone 5
Tamil Nadu,Thoothukudi,Tuticorin Railway Station,28.7,2026-07-13,00:30:00,60.0,2026-07-12,00:30:00,2026-07-13 00:51:19,30.55000000000001,Zone 4,55.3,Zone 5,30.2,Zone 4,40.5,Zone 4,35.8,Zone 4,53.8,Zone 5,41.0,Zone 4,61.0,Zone 5,55.3,Zone 5,63.5,Zone 5
Tamil Nadu,Tiruchirappalli,Thuvakudi Isro,27.9,2026-07-13,00:30:00,64.0,2026-07-12,00:30:00,2026-07-13 00:51:19,29.75,Zone 4,56.4,Zone 5,29.9,Zone 4,40.4,Zone 4,35.6,Zone 4,54.9,Zone 5,40.9,Zone 4,61.2,Zone 5,56.4,Zone 5,63.7,Zone 5
Tamil Nadu,Tirunelveli,Radhapuram,29.1,2026-07-13,00:45:00,62.0,2026-07-12,00:45:00,2026-07-13 00:51:19,31.450000000000045,Zone 4,59.2,Zone 5,31.3,Zone 4,41.9,Zone 4,37.1,Zone 4,58.5,Zone 5,43.3,Zone 5,62.0,Zone 5,59.2,Zone 5,64.4,Zone 5
Tamil Nadu,Tirunelveli,Tirunelveli,29.1,2026-07-13,00:30:00,56.0,2026-07-12,00:30:00,2026-07-13 00:51:19,30.75,Zone 4,54.0,Zone 5,30.6,Zone 4,40.6,Zone 4,36.0,Zone 4,52.4,Zone 5,41.0,Zone 4,60.7,Zone 5,54.0,Zone 5,63.3,Zone 5
Tamil Nadu,Tirupattur,Tirupattur Collectoroffice,29.0,2026-07-13,00:45:00,,,,2026-07-13 00:51:19,,,,,,,,,,,,,,,,,,,,
Tamil Nadu,Tirupattur,Yelagiri Hill,37.4,2026-07-13,00:45:00,62.0,2026-07-12,00:45:00,2026-07-13 00:51:19,64.05000000000001,Zone 5,73.2,Zone 6,64.4,Zone 5,70.4,Zone 5,68.4,Zone 5,72.6,Zone 6,70.8,Zone 5,75.5,Zone 6,73.2,Zone 6,78.4,Zone 6
Tamil Nadu,Tiruppur,Tiruppur Collector Office,26.1,2026-07-13,00:45:00,86.0,2026-07-12,00:45:00,2026-07-13 00:51:19,28.75,Zone 4,60.3,Zone 5,28.6,Zone 4,45.8,Zone 5,35.2,Zone 4,59.9,Zone 5,48.1,Zone 5,62.9,Zone 5,60.3,Zone 5,65.2,Zone 5
Tamil Nadu,Tiruvallur,Good Will School Villivakkam,29.1,2026-07-13,00:45:00,85.0,2026-07-12,00:45:00,2026-07-13 00:51:19,35.450000000000045,Zone 4,65.0,Zone 5,35.2,Zone 4,61.3,Zone 5,52.5,Zone 5,64.6,Zone 5,61.9,Zone 5,66.9,Zone 5,65.0,Zone 5,68.7,Zone 5
Tamil Nadu,Tiruvallur,Poonamallee,28.5,2026-07-13,00:30:00,84.0,2026-07-12,00:30:00,2026-07-13 00:51:19,33.650000000000034,Zone 4,63.9,Zone 5,33.7,Zone 4,60.0,Zone 5,46.1,Zone 5,63.5,Zone 5,60.6,Zone 5,66.0,Zone 5,63.9,Zone 5,67.9,Zone 5
Tamil Nadu,Tiruvallur,Puzhal,29.2,2026-07-13,00:45:00,,,,2026-07-13 00:51:19,,,,,,,,,,,,,,,,,,,,
Tamil Nadu,Tiruvallur,R.K.Pet,28.5,2026-07-13,00:30:00,79.0,2026-07-12,00:30:00,2026-07-13 00:51:19,32.75,Zone 4,62.7,Zone 5,32.8,Zone 4,57.6,Zone 5,39.7,Zone 4,62.3,Zone 5,59.2,Zone 5,65.0,Zone 5,62.7,Zone 5,67.0,Zone 5
Tamil Nadu,Tiruvallur,Tirur Kvk,29.1,2026-07-13,00:45:00,,,,2026-07-13 00:51:19,,,,,,,,,,,,,,,,,,,,
Tamil Nadu,Tiruvannamalai,Cheyyar,29.2,2026-07-13,00:45:00,79.0,2026-07-12,00:45:00,2026-07-13 00:51:19,34.450000000000045,Zone 4,63.5,Zone 5,33.9,Zone 4,59.6,Zone 5,43.8,Zone 5,63.1,Zone 5,60.1,Zone 5,65.7,Zone 5,63.5,Zone 5,67.6,Zone 5
Tamil Nadu,Tiruvannamalai,Tiruvannamalai Isro,30.5,2026-07-13,00:30:00,46.0,2026-07-12,00:30:00,2026-07-13 00:51:19,31.55000000000001,Zone 4,51.0,Zone 5,31.6,Zone 4,41.0,Zone 4,36.7,Zone 4,49.5,Zone 5,41.4,Zone 4,60.1,Zone 5,51.0,Zone 5,62.7,Zone 5
Tamil Nadu,Vellore,Virinjipuram Kvk,30.2,2026-07-13,00:45:00,,,,2026-07-13 00:51:19,,,,,,,,,,,,,,,,,,,,
Tamil Nadu,Viluppuram,Mailam,29.1,2026-07-13,00:30:00,84.0,2026-07-12,00:30:00,2026-07-13 00:51:19,35.25,Zone 4,64.7,Zone 5,35.0,Zone 4,61.0,Zone 5,51.1,Zone 5,64.4,Zone 5,61.6,Zone 5,66.7,Zone 5,64.7,Zone 5,68.5,Zone 5
Tamil Nadu,Virudhunagar,Aruppukottai Kvk,28.0,2026-07-13,00:30:00,62.0,2026-07-12,00:30:00,2026-07-13 00:51:19,29.650000000000034,Zone 4,54.4,Zone 5,29.7,Zone 4,40.0,Zone 4,35.3,Zone 4,52.9,Zone 5,40.5,Zone 4,60.8,Zone 5,54.4,Zone 5,63.3,Zone 5
Telangana,Adilabad,Adilabad Kvk,28.0,2026-07-13,00:15:00,,,,2026-07-13 00:51:19,,,,,,,,,,,,,,,,,,,,
Telangana,Hanumakonda,Hanumakonda,27.2,2026-07-13,00:30:00,,,,2026-07-13 00:51:19,,,,,,,,,,,,,,,,,,,,
Telangana,Hyderabad,Golkonda,29.9,2026-07-13,00:15:00,,,,2026-07-13 00:51:19,,,,,,,,,,,,,,,,,,,,
Telangana,Hyderabad,Hyderabad,29.0,2026-07-13,00:30:00,56.0,2026-07-12,00:30:00,2026-07-13 00:51:19,30.55000000000001,Zone 4,54.0,Zone 5,30.6,Zone 4,40.6,Zone 4,36.0,Zone 4,52.4,Zone 5,41.0,Zone 4,60.7,Zone 5,54.0,Zone 5,63.3,Zone 5
Telangana,Kamareddy,Nagireddypet,28.6,2026-07-13,00:45:00,61.0,2026-07-12,00:45:00,2026-07-13 00:51:19,30.55000000000001,Zone 4,56.3,Zone 5,30.3,Zone 4,40.7,Zone 4,36.0,Zone 4,54.8,Zone 5,41.2,Zone 4,61.2,Zone 5,56.3,Zone 5,63.7,Zone 5
Telangana,Karimnagar,Karimnagar,28.1,2026-07-13,00:45:00,81.0,2026-07-12,00:45:00,2026-07-13 00:51:19,32.25,Zone 4,62.4,Zone 5,32.0,Zone 4,56.1,Zone 5,38.9,Zone 4,62.0,Zone 5,58.2,Zone 5,64.7,Zone 5,62.4,Zone 5,66.8,Zone 5
Telangana,Khammam,Wyra Kvk,28.0,2026-07-13,00:45:00,16.0,2026-07-12,00:45:00,2026-07-13 00:51:19,26.450000000000045,Zone 4,37.4,Zone 4,26.4,Zone 4,33.9,Zone 4,30.4,Zone 4,37.3,Zone 4,34.0,Zone 4,40.6,Zone 4,37.4,Zone 4,43.8,Zone 4
Telangana,Kumuram Bheem Asifabad ,Asifabad,27.1,2026-07-13,00:30:00,76.0,2026-07-12,00:30:00,2026-07-13 00:51:19,29.650000000000034,Zone 4,59.6,Zone 5,29.4,Zone 4,42.9,Zone 5,35.7,Zone 4,59.2,Zone 5,45.1,Zone 5,62.4,Zone 5,59.6,Zone 5,64.7,Zone 5
Telangana,Mahbubnagar,Mahbubnagar,28.1,2026-07-13,00:30:00,64.0,2026-07-12,00:30:00,2026-07-13 00:51:19,30.05000000000001,Zone 4,56.4,Zone 5,29.9,Zone 4,40.4,Zone 4,35.6,Zone 4,54.9,Zone 5,40.9,Zone 4,61.2,Zone 5,56.4,Zone 5,63.7,Zone 5
Telangana,Medak,Ars Basanthpur,26.4,2026-07-13,00:15:00,,,,2026-07-13 00:51:19,,,,,,,,,,,,,,,,,,,,
Telangana,Medak,Ars Narsapur,25.3,2026-07-13,00:45:00,68.0,2026-07-12,00:45:00,2026-07-13 00:51:19,26.25,Zone 4,45.3,Zone 5,26.5,Zone 4,36.7,Zone 4,32.0,Zone 4,43.8,Zone 5,37.1,Zone 4,58.5,Zone 5,45.3,Zone 5,61.7,Zone 5
Telangana,Medak,Medak,26.3,2026-07-13,00:45:00,81.0,2026-07-12,00:45:00,2026-07-13 00:51:19,28.650000000000034,Zone 4,60.0,Zone 5,29.0,Zone 4,44.5,Zone 5,35.5,Zone 4,59.6,Zone 5,46.7,Zone 5,62.7,Zone 5,60.0,Zone 5,65.0,Zone 5
Telangana,Medchal Malkajgiri,Cgwb Nagole,29.0,2026-07-13,00:30:00,51.0,2026-07-12,00:30:00,2026-07-13 00:51:19,30.05000000000001,Zone 4,48.4,Zone 5,30.0,Zone 4,39.6,Zone 4,35.2,Zone 4,47.0,Zone 5,40.0,Zone 4,59.5,Zone 5,48.4,Zone 5,62.3,Zone 5
Telangana,Medchal Malkajgiri,Kukatpally Jntu,28.7,2026-07-13,00:45:00,68.0,2026-07-12,00:45:00,2026-07-13 00:51:19,31.55000000000001,Zone 4,60.0,Zone 5,31.2,Zone 4,44.7,Zone 5,37.2,Zone 4,59.6,Zone 5,47.0,Zone 5,62.7,Zone 5,60.0,Zone 5,65.0,Zone 5
Telangana,Medchal Malkajgiri,Uppal,29.3,2026-07-13,00:30:00,53.0,2026-07-12,00:30:00,2026-07-13 00:51:19,30.650000000000034,Zone 4,53.5,Zone 5,31.0,Zone 4,40.8,Zone 4,36.3,Zone 4,52.0,Zone 5,41.3,Zone 4,60.6,Zone 5,53.5,Zone 5,63.2,Zone 5
Telangana,Nalgonda,Devarakonda,32.1,2026-07-13,00:30:00,51.0,2026-07-12,00:30:00,2026-07-13 00:51:19,34.950000000000045,Zone 4,60.5,Zone 5,34.7,Zone 4,47.0,Zone 5,40.3,Zone 4,60.1,Zone 5,49.2,Zone 5,63.1,Zone 5,60.5,Zone 5,65.4,Zone 5
Telangana,Nirmal ,Bhainsa Arg,29.0,2026-07-13,00:45:00,73.0,2026-07-12,00:45:00,2026-07-13 00:51:19,32.85000000000002,Zone 4,62.1,Zone 5,32.9,Zone 4,54.5,Zone 5,39.4,Zone 4,61.7,Zone 5,56.7,Zone 5,64.4,Zone 5,62.1,Zone 5,66.5,Zone 5
Telangana,Peddapalli,Ars Peddapally,26.4,2026-07-13,00:45:00,88.0,2026-07-12,00:45:00,2026-07-13 00:51:19,29.55000000000001,Zone 4,61.5,Zone 5,29.8,Zone 4,51.9,Zone 5,36.7,Zone 4,61.1,Zone 5,54.2,Zone 5,64.0,Zone 5,61.5,Zone 5,66.1,Zone 5
Telangana,Peddapalli,Kunaram,28.4,2026-07-13,00:30:00,30.0,2026-07-12,00:30:00,2026-07-13 00:51:19,27.650000000000034,Zone 4,39.8,Zone 4,27.7,Zone 4,35.8,Zone 4,32.0,Zone 4,39.7,Zone 4,36.0,Zone 4,43.3,Zone 4,39.8,Zone 4,52.9,Zone 5
Telangana,Rajanna Sircilla,Sircilla,28.8,2026-07-13,00:45:00,61.0,2026-07-12,00:45:00,2026-07-13 00:51:19,30.850000000000023,Zone 4,58.9,Zone 5,31.2,Zone 4,41.6,Zone 4,36.9,Zone 4,57.6,Zone 5,42.2,Zone 4,61.8,Zone 5,58.9,Zone 5,64.2,Zone 5
Telangana,Ranga Reddy,Cbit Gandipet,28.0,2026-07-13,00:30:00,59.0,2026-07-12,00:30:00,2026-07-13 00:51:19,29.350000000000023,Zone 4,51.3,Zone 5,29.4,Zone 4,39.4,Zone 4,34.8,Zone 4,49.8,Zone 5,39.9,Zone 4,60.1,Zone 5,51.3,Zone 5,62.8,Zone 5
Telangana,Ranga Reddy,Chevella,27.0,2026-07-13,00:30:00,56.0,2026-07-12,00:30:00,2026-07-13 00:51:19,27.75,Zone 4,42.6,Zone 5,27.7,Zone 4,37.4,Zone 4,32.9,Zone 4,41.9,Zone 4,37.7,Zone 4,56.4,Zone 5,42.6,Zone 5,61.2,Zone 5
Telangana,Ranga Reddy,Daira,28.7,2026-07-13,00:30:00,54.0,2026-07-12,00:30:00,2026-07-13 00:51:19,29.950000000000045,Zone 4,48.9,Zone 5,29.6,Zone 4,39.4,Zone 4,34.9,Zone 4,47.4,Zone 5,39.8,Zone 4,59.6,Zone 5,48.9,Zone 5,62.3,Zone 5
Telangana,Ranga Reddy,Dullapally,14.8,2026-07-13,00:30:00,67.0,2026-07-12,00:30:00,2026-07-13 00:51:19,13.550000000000011,Zone 2,28.6,Zone 4,13.8,Zone 2,24.9,Zone 3,21.1,Zone 3,28.6,Zone 4,24.9,Zone 3,32.3,Zone 4,28.6,Zone 4,35.9,Zone 4
Telangana,Ranga Reddy,Esci Gachibowli,26.9,2026-07-13,00:30:00,63.0,2026-07-12,00:30:00,2026-07-13 00:51:19,28.150000000000034,Zone 4,49.5,Zone 5,28.3,Zone 4,38.4,Zone 4,33.8,Zone 4,48.0,Zone 5,38.9,Zone 4,59.8,Zone 5,49.5,Zone 5,62.4,Zone 5
Telangana,Ranga Reddy,Ghatkesar,29.1,2026-07-13,00:30:00,53.0,2026-07-12,00:30:00,2026-07-13 00:51:19,30.350000000000023,Zone 4,50.7,Zone 5,30.2,Zone 4,40.0,Zone 4,35.5,Zone 4,49.2,Zone 5,40.4,Zone 4,60.0,Zone 5,50.7,Zone 5,62.7,Zone 5
Telangana,Ranga Reddy,Hayathnagar,28.5,2026-07-13,00:30:00,53.0,2026-07-12,00:30:00,2026-07-13 00:51:19,29.55000000000001,Zone 4,47.8,Zone 5,29.5,Zone 4,39.2,Zone 4,34.7,Zone 4,46.3,Zone 5,39.6,Zone 4,59.4,Zone 5,47.8,Zone 5,62.2,Zone 5
Telangana,Ranga Reddy,Serilingampally,28.8,2026-07-13,00:30:00,71.0,2026-07-12,00:30:00,2026-07-13 00:51:19,32.150000000000034,Zone 4,61.6,Zone 5,32.5,Zone 4,52.1,Zone 5,38.9,Zone 4,61.2,Zone 5,54.4,Zone 5,64.0,Zone 5,61.6,Zone 5,66.1,Zone 5
Telangana,Sangareddy,Kandi,28.1,2026-07-13,00:45:00,57.0,2026-07-12,00:45:00,2026-07-13 00:51:19,29.350000000000023,Zone 4,49.2,Zone 5,29.2,Zone 4,39.1,Zone 4,34.5,Zone 4,47.7,Zone 5,39.5,Zone 4,59.7,Zone 5,49.2,Zone 5,62.4,Zone 5
Telangana,Siddipet,Kaveri Siddipet,26.7,2026-07-13,00:30:00,64.0,2026-07-12,00:30:00,2026-07-13 00:51:19,27.950000000000045,Zone 4,47.5,Zone 5,27.6,Zone 4,37.8,Zone 4,33.1,Zone 4,46.0,Zone 5,38.2,Zone 4,59.3,Zone 5,47.5,Zone 5,62.1,Zone 5
Telangana,Vikarabad,Tandur,27.3,2026-07-13,00:30:00,56.0,2026-07-12,00:30:00,2026-07-13 00:51:19,28.150000000000034,Zone 4,45.3,Zone 5,28.4,Zone 4,38.1,Zone 4,33.6,Zone 4,43.9,Zone 5,38.5,Zone 4,58.6,Zone 5,45.3,Zone 5,61.7,Zone 5
Telangana,Wanaparthy,Horticultural University Mojer,28.7,2026-07-13,00:45:00,58.0,2026-07-12,00:45:00,2026-07-13 00:51:19,30.350000000000023,Zone 4,53.2,Zone 5,30.0,Zone 4,40.1,Zone 4,35.5,Zone 4,51.7,Zone 5,40.6,Zone 4,60.5,Zone 5,53.2,Zone 5,63.1,Zone 5
Telangana,Warangal Rural,Siddhapur,27.5,2026-07-13,00:45:00,70.0,2026-07-12,00:45:00,2026-07-13 00:51:19,29.650000000000034,Zone 4,59.0,Zone 5,29.7,Zone 4,40.6,Zone 4,35.6,Zone 4,57.6,Zone 5,42.1,Zone 5,61.8,Zone 5,59.0,Zone 5,64.3,Zone 5
Tripura,Dhalai,Dholai Kvk,25.9,2026-07-13,00:45:00,96.0,2026-07-12,00:45:00,2026-07-13 00:51:19,29.450000000000045,Zone 4,62.4,Zone 5,29.6,Zone 4,56.0,Zone 5,37.8,Zone 5,62.0,Zone 5,58.2,Zone 5,64.7,Zone 5,62.4,Zone 5,66.8,Zone 5
Tripura,Dhalai,Gandachara,25.4,2026-07-13,00:45:00,99.0,2026-07-12,00:45:00,2026-07-13 00:51:19,28.650000000000034,Zone 4,62.2,Zone 5,28.9,Zone 4,54.9,Zone 5,36.7,Zone 5,61.7,Zone 5,57.1,Zone 5,64.5,Zone 5,62.2,Zone 5,66.6,Zone 5
Tripura,Khowai,Khowai,27.0,2026-07-13,00:30:00,,,,2026-07-13 00:51:19,,,,,,,,,,,,,,,,,,,,
Tripura,North Tripura,Ashapara,26.2,2026-07-13,00:45:00,100.0,2026-07-12,00:45:00,2026-07-13 00:51:19,30.55000000000001,Zone 4,63.2,Zone 5,30.1,Zone 4,59.2,Zone 5,42.0,Zone 5,62.8,Zone 5,59.8,Zone 5,65.4,Zone 5,63.2,Zone 5,67.4,Zone 5
Tripura,North Tripura,Eden Laouge,23.8,2026-07-13,00:15:00,,,,2026-07-13 00:51:19,,,,,,,,,,,,,,,,,,,,
Tripura,North Tripura,Kamalpur,27.0,2026-07-13,00:45:00,82.0,2026-07-12,00:45:00,2026-07-13 00:51:19,30.05000000000001,Zone 4,61.0,Zone 5,30.1,Zone 4,49.4,Zone 5,36.7,Zone 4,60.6,Zone 5,51.8,Zone 5,63.5,Zone 5,61.0,Zone 5,65.7,Zone 5
Tripura,Sipahijala,Cti,26.6,2026-07-13,00:45:00,100.0,2026-07-12,00:45:00,2026-07-13 00:51:19,31.55000000000001,Zone 4,64.1,Zone 5,31.3,Zone 4,60.2,Zone 5,47.0,Zone 5,63.7,Zone 5,60.8,Zone 5,66.2,Zone 5,64.1,Zone 5,68.0,Zone 5
Tripura,Sipahijala,Sipahijala,26.2,2026-07-13,00:45:00,100.0,2026-07-12,00:45:00,2026-07-13 00:51:19,30.55000000000001,Zone 4,63.2,Zone 5,30.1,Zone 4,59.2,Zone 5,42.0,Zone 5,62.8,Zone 5,59.8,Zone 5,65.4,Zone 5,63.2,Zone 5,67.4,Zone 5
Tripura,Sipahijala,Sonamura,27.0,2026-07-13,00:45:00,100.0,2026-07-12,00:45:00,2026-07-13 00:51:19,32.650000000000034,Zone 4,65.0,Zone 5,32.7,Zone 4,61.3,Zone 5,52.3,Zone 5,64.6,Zone 5,61.8,Zone 5,66.9,Zone 5,65.0,Zone 5,68.7,Zone 5
Tripura,South Tripura,Sabroom,25.7,2026-07-13,00:45:00,13.0,2026-07-12,00:45:00,2026-07-13 00:51:19,23.75,Zone 3,35.0,Zone 4,23.5,Zone 3,31.6,Zone 4,28.1,Zone 4,35.0,Zone 4,31.6,Zone 4,38.2,Zone 4,35.0,Zone 4,41.3,Zone 4
Tripura,Unakoti,Kailashahar,26.4,2026-07-13,00:45:00,100.0,2026-07-12,00:45:00,2026-07-13 00:51:19,31.05000000000001,Zone 4,64.1,Zone 5,31.3,Zone 4,60.2,Zone 5,47.0,Zone 5,63.7,Zone 5,60.8,Zone 5,66.2,Zone 5,64.1,Zone 5,68.0,Zone 5
Tripura,West Tripura,Agartala Airport,27.0,2026-07-13,00:30:00,99.0,2026-07-12,00:30:00,2026-07-13 00:51:19,32.450000000000045,Zone 4,64.7,Zone 5,32.5,Zone 4,61.0,Zone 5,51.0,Zone 5,64.3,Zone 5,61.6,Zone 5,66.7,Zone 5,64.7,Zone 5,68.5,Zone 5
Tripura,West Tripura,A D Nagar Amfu,26.6,2026-07-13,00:45:00,,,,2026-07-13 00:51:19,,,,,,,,,,,,,,,,,,,,
Tripura,West Tripura,Dm Office West Agartala,26.6,2026-07-13,00:30:00,,,,2026-07-13 00:51:19,,,,,,,,,,,,,,,,,,,,
Tripura,West Tripura,Hrc Nagicherra,26.4,2026-07-13,00:30:00,,,,2026-07-13 00:51:19,,,,,,,,,,,,,,,,,,,,
Tripura,West Tripura,Khumluwang,26.0,2026-07-13,00:45:00,,,,2026-07-13 00:51:19,,,,,,,,,,,,,,,,,,,,
Tripura,West Tripura,Met Agartala,26.4,2026-07-13,00:45:00,100.0,2026-07-12,00:45:00,2026-07-13 00:51:19,31.05000000000001,Zone 4,64.1,Zone 5,31.3,Zone 4,60.2,Zone 5,47.0,Zone 5,63.7,Zone 5,60.8,Zone 5,66.2,Zone 5,64.1,Zone 5,68.0,Zone 5
Tripura,West Tripura,Secretariat,26.9,2026-07-13,00:30:00,,,,2026-07-13 00:51:19,,,,,,,,,,,,,,,,,,,,
Uttarakhand,Almora,Chaubatia Ranikhet,18.0,2026-07-13,00:45:00,100.0,2026-07-12,00:45:00,2026-07-13 00:51:19,19.05000000000001,Zone 3,33.6,Zone 4,19.1,Zone 3,28.6,Zone 4,24.4,Zone 3,33.3,Zone 4,28.9,Zone 4,40.2,Zone 5,33.6,Zone 4,53.7,Zone 5
Uttarakhand,Almora,Matela Kvk,22.2,2026-07-13,00:30:00,100.0,2026-07-12,00:30:00,2026-07-13 00:51:19,23.950000000000045,Zone 3,49.1,Zone 5,23.7,Zone 3,34.5,Zone 4,29.3,Zone 4,47.5,Zone 5,35.0,Zone 4,59.7,Zone 5,49.1,Zone 5,62.4,Zone 5
Uttarakhand,Chamoli,Chamoli,24.2,2026-07-13,00:30:00,79.0,2026-07-12,00:30:00,2026-07-13 00:51:19,25.25,Zone 3,45.7,Zone 5,25.1,Zone 3,35.6,Zone 4,30.8,Zone 4,44.2,Zone 5,36.1,Zone 4,58.8,Zone 5,45.7,Zone 5,61.8,Zone 5
Uttarakhand,Chamoli,Tharali,,,,21.0,2026-07-12,00:30:00,2026-07-13 00:51:19,,,,,,,,,,,,,,,,,,,,
Uttarakhand,Champawat,Champawat,19.9,2026-07-13,00:30:00,,,,2026-07-13 00:51:19,,,,,,,,,,,,,,,,,,,,
Uttarakhand,Dehradun,Dehradun,,,,83.0,2026-07-12,00:30:00,2026-07-13 00:51:19,,,,,,,,,,,,,,,,,,,,
Uttarakhand,Dehradun,Hatibharkala,25.8,2026-07-13,00:45:00,100.0,2026-07-12,00:45:00,2026-07-13 00:51:19,29.650000000000034,Zone 4,63.2,Zone 5,30.1,Zone 4,59.2,Zone 5,42.0,Zone 5,62.8,Zone 5,59.8,Zone 5,65.4,Zone 5,63.2,Zone 5,67.4,Zone 5
Uttarakhand,Dehradun,Jollygrant,28.7,2026-07-13,00:30:00,82.0,2026-07-12,00:30:00,2026-07-13 00:51:19,33.75,Zone 4,63.4,Zone 5,33.3,Zone 4,59.5,Zone 5,43.3,Zone 5,63.0,Zone 5,60.0,Zone 5,65.6,Zone 5,63.4,Zone 5,67.5,Zone 5
Uttarakhand,Dehradun,Maldevta,25.4,2026-07-13,00:45:00,100.0,2026-07-12,00:45:00,2026-07-13 00:51:19,28.75,Zone 4,62.4,Zone 5,29.0,Zone 4,55.9,Zone 5,37.6,Zone 5,62.0,Zone 5,58.0,Zone 5,64.7,Zone 5,62.4,Zone 5,66.7,Zone 5
Uttarakhand,Dehradun,Massouri,19.9,2026-07-13,00:30:00,,,,2026-07-13 00:51:19,,,,,,,,,,,,,,,,,,,,
Uttarakhand,Dehradun,Mohakampur,26.3,2026-07-13,00:45:00,98.0,2026-07-12,00:45:00,2026-07-13 00:51:19,30.55000000000001,Zone 4,63.7,Zone 5,31.0,Zone 4,59.7,Zone 5,44.5,Zone 5,63.3,Zone 5,60.3,Zone 5,65.8,Zone 5,63.7,Zone 5,67.7,Zone 5
Uttarakhand,Dehradun,Rishikesh,,,,95.0,2026-07-12,00:30:00,2026-07-13 00:51:19,,,,,,,,,,,,,,,,,,,,
Uttarakhand,Haridwar,Roorkee Amfu,29.0,2026-07-13,00:30:00,100.0,2026-07-12,00:30:00,2026-07-13 00:51:19,50.05000000000001,Zone 5,68.5,Zone 5,50.0,Zone 5,65.5,Zone 5,62.5,Zone 5,68.1,Zone 5,66.1,Zone 5,69.9,Zone 5,68.5,Zone 5,71.3,Zone 5
Uttarakhand,Nainital,Mukteshwar,29.4,2026-07-13,00:30:00,,,,2026-07-13 00:51:19,,,,,,,,,,,,,,,,,,,,
Uttarakhand,Nainital,Nainital(Jeolikot) Kvk,24.6,2026-07-13,00:45:00,79.0,2026-07-12,00:45:00,2026-07-13 00:51:19,25.850000000000023,Zone 4,48.8,Zone 5,25.7,Zone 4,36.5,Zone 4,31.6,Zone 4,47.3,Zone 5,37.0,Zone 4,59.6,Zone 5,48.8,Zone 5,62.3,Zone 5
Uttarakhand,Nainital,Th Kosiyakutoli,28.7,2026-07-13,00:45:00,100.0,2026-07-12,00:45:00,2026-07-13 00:51:19,45.75,Zone 5,67.6,Zone 5,43.1,Zone 5,64.5,Zone 5,61.2,Zone 5,67.2,Zone 5,65.0,Zone 5,69.2,Zone 5,67.6,Zone 5,70.6,Zone 5
Uttarakhand,Pauri Garhwal,Bharsar,17.0,2026-07-13,00:30:00,100.0,2026-07-12,00:30:00,2026-07-13 00:51:19,17.850000000000023,Zone 3,32.2,Zone 4,17.8,Zone 3,27.4,Zone 4,23.6,Zone 3,32.0,Zone 4,27.6,Zone 4,36.4,Zone 4,32.2,Zone 4,48.9,Zone 5
Uttarakhand,Pauri Garhwal,Srinagar Arg,29.1,2026-07-13,00:30:00,,,,2026-07-13 00:51:19,,,,,,,,,,,,,,,,,,,,
Uttarakhand,Rudraprayag,Rudra Prayag,26.8,2026-07-13,00:30:00,90.0,2026-07-12,00:30:00,2026-07-13 00:51:19,30.650000000000034,Zone 4,62.8,Zone 5,31.1,Zone 4,57.8,Zone 5,39.7,Zone 5,62.4,Zone 5,59.2,Zone 5,65.1,Zone 5,62.8,Zone 5,67.1,Zone 5
Uttarakhand,Tehri Garhwal,Devprayag,26.4,2026-07-13,00:30:00,89.0,2026-07-12,00:30:00,2026-07-13 00:51:19,29.650000000000034,Zone 4,61.7,Zone 5,29.9,Zone 4,53.0,Zone 5,36.9,Zone 4,61.3,Zone 5,55.3,Zone 5,64.2,Zone 5,61.7,Zone 5,66.3,Zone 5
Uttarakhand,Tehri Garhwal,Rani Chawri,,,,62.0,2026-07-12,00:30:00,2026-07-13 00:51:19,,,,,,,,,,,,,,,,,,,,
Uttarakhand,Udham Singh Nagar,Kashipur Aws400,29.5,2026-07-13,00:45:00,100.0,2026-07-12,00:45:00,2026-07-13 00:51:19,56.950000000000045,Zone 5,69.3,Zone 5,56.9,Zone 5,66.6,Zone 5,63.8,Zone 5,69.0,Zone 5,67.1,Zone 5,70.7,Zone 5,69.3,Zone 5,72.6,Zone 6
Uttarakhand,Uttarkashi,Purola,20.2,2026-07-13,00:30:00,,,,2026-07-13 00:51:19,,,,,,,,,,,,,,,,,,,,
Uttar Pradesh,Agra,Hydrogen Factory Bindukatra,29.8,2026-07-13,00:30:00,97.0,2026-07-12,00:30:00,2026-07-13 00:51:19,55.75,Zone 5,69.5,Zone 5,58.3,Zone 5,66.9,Zone 5,64.1,Zone 5,69.2,Zone 5,67.4,Zone 5,70.8,Zone 5,69.5,Zone 5,72.9,Zone 6
Uttar Pradesh,Aligarh,Quarsi Farms Quarsi,33.8,2026-07-13,00:30:00,86.0,2026-07-12,00:30:00,2026-07-13 00:51:19,66.65000000000003,Zone 5,76.1,Zone 6,67.3,Zone 5,72.6,Zone 6,70.6,Zone 5,75.5,Zone 6,73.2,Zone 6,78.4,Zone 6,76.1,Zone 6,81.3,Zone 6
Uttar Pradesh,Amethi,Tala Gram 400Aws,29.8,2026-07-13,00:45:00,62.0,2026-07-12,00:45:00,2026-07-13 00:51:19,32.650000000000034,Zone 4,60.7,Zone 5,33.0,Zone 4,48.1,Zone 5,39.0,Zone 4,60.3,Zone 5,50.4,Zone 5,63.3,Zone 5,60.7,Zone 5,65.5,Zone 5
Uttar Pradesh,Amroha,Amroha 400Aws,29.4,2026-07-13,00:45:00,99.0,2026-07-12,00:45:00,2026-07-13 00:51:19,53.85000000000002,Zone 5,69.1,Zone 5,55.2,Zone 5,66.4,Zone 5,63.5,Zone 5,68.8,Zone 5,66.9,Zone 5,70.5,Zone 5,69.1,Zone 5,72.1,Zone 6
Uttar Pradesh,Ayodhya,Ayodhya 400Aws,30.3,2026-07-13,00:45:00,90.0,2026-07-12,00:45:00,2026-07-13 00:51:19,49.450000000000045,Zone 5,68.7,Zone 5,52.3,Zone 5,65.9,Zone 5,62.9,Zone 5,68.4,Zone 5,66.4,Zone 5,70.2,Zone 5,68.7,Zone 5,71.5,Zone 5
Uttar Pradesh,Ballia,Ballia  400Aws,26.8,2026-07-13,00:45:00,11.0,2026-07-12,00:45:00,2026-07-13 00:51:19,25.150000000000034,Zone 3,36.0,Zone 4,25.3,Zone 4,32.7,Zone 4,29.2,Zone 4,36.0,Zone 4,32.7,Zone 4,39.2,Zone 4,36.0,Zone 4,42.2,Zone 4
Uttar Pradesh,Banda,Banda 400Aws,28.3,2026-07-13,00:45:00,82.0,2026-07-12,00:45:00,2026-07-13 00:51:19,32.85000000000002,Zone 4,63.4,Zone 5,33.3,Zone 4,59.5,Zone 5,43.3,Zone 5,63.0,Zone 5,60.0,Zone 5,65.6,Zone 5,63.4,Zone 5,67.5,Zone 5
Uttar Pradesh,Barabanki,Barabanki 400Aws,30.3,2026-07-13,00:45:00,84.0,2026-07-12,00:45:00,2026-07-13 00:51:19,38.950000000000045,Zone 4,67.3,Zone 5,40.8,Zone 5,64.1,Zone 5,60.7,Zone 5,66.9,Zone 5,64.6,Zone 5,68.9,Zone 5,67.3,Zone 5,70.4,Zone 5
Uttar Pradesh,Bareilly,Bareilly Bilwa 400Aws,30.0,2026-07-13,00:45:00,76.0,2026-07-12,00:45:00,2026-07-13 00:51:19,35.75,Zone 4,64.4,Zone 5,35.8,Zone 4,60.6,Zone 5,49.0,Zone 5,64.0,Zone 5,61.2,Zone 5,66.4,Zone 5,64.4,Zone 5,68.3,Zone 5
Uttar Pradesh,Bijnor,Prithvipur 400Aws,29.1,2026-07-13,00:45:00,,,,2026-07-13 00:51:19,,,,,,,,,,,,,,,,,,,,
Uttar Pradesh,Bulandshahar,Bulandshahar Kvk,30.9,2026-07-13,00:30:00,66.0,2026-07-12,00:30:00,2026-07-13 00:51:19,35.650000000000034,Zone 4,63.3,Zone 5,35.9,Zone 4,59.3,Zone 5,42.7,Zone 5,63.0,Zone 5,59.9,Zone 5,65.5,Zone 5,63.3,Zone 5,67.5,Zone 5
Uttar Pradesh,Chitrakoot,Ganivan Kvk,28.8,2026-07-13,00:45:00,,,,2026-07-13 00:51:19,,,,,,,,,,,,,,,,,,,,
Uttar Pradesh,Etawah,Bbrau Agriculture College,31.3,2026-07-13,00:30:00,56.0,2026-07-12,00:30:00,2026-07-13 00:51:19,34.450000000000045,Zone 4,61.3,Zone 5,34.8,Zone 4,50.7,Zone 5,40.6,Zone 4,60.9,Zone 5,53.0,Zone 5,63.8,Zone 5,61.3,Zone 5,65.9,Zone 5
Uttar Pradesh,Fatehpur,Fatehpur Kvk,29.2,2026-07-13,00:30:00,,,,2026-07-13 00:51:19,,,,,,,,,,,,,,,,,,,,
Uttar Pradesh,Firozabad,Firozabad 400Aws,29.5,2026-07-13,00:45:00,86.0,2026-07-12,00:45:00,2026-07-13 00:51:19,36.950000000000045,Zone 4,66.1,Zone 5,36.9,Zone 4,62.6,Zone 5,58.6,Zone 5,65.7,Zone 5,63.2,Zone 5,67.9,Zone 5,66.1,Zone 5,69.5,Zone 5
Uttar Pradesh,Gautam Buddha Nagar,Kvk Chholas 400Aws,30.7,2026-07-13,00:45:00,85.0,2026-07-12,00:45:00,2026-07-13 00:51:19,45.150000000000034,Zone 5,67.5,Zone 5,42.6,Zone 5,64.4,Zone 5,61.1,Zone 5,67.1,Zone 5,64.9,Zone 5,69.1,Zone 5,67.5,Zone 5,70.6,Zone 5
Uttar Pradesh,Ghaziabad,Kv2 Airforce Hindon,32.0,2026-07-13,00:45:00,63.0,2026-07-12,00:45:00,2026-07-13 00:51:19,37.450000000000045,Zone 4,64.0,Zone 5,37.5,Zone 4,60.2,Zone 5,46.8,Zone 5,63.7,Zone 5,60.7,Zone 5,66.1,Zone 5,64.0,Zone 5,68.0,Zone 5
Uttar Pradesh,Ghaziabad,Kv Kamala Nehru Nagar,30.9,2026-07-13,00:45:00,76.0,2026-07-12,00:45:00,2026-07-13 00:51:19,38.25,Zone 4,66.0,Zone 5,38.6,Zone 4,62.6,Zone 5,58.5,Zone 5,65.7,Zone 5,63.1,Zone 5,67.8,Zone 5,66.0,Zone 5,69.5,Zone 5
Uttar Pradesh,Gorakhpur,Met Office Singhariya,25.8,2026-07-13,00:45:00,100.0,2026-07-12,00:45:00,2026-07-13 00:51:19,29.650000000000034,Zone 4,63.2,Zone 5,30.1,Zone 4,59.2,Zone 5,42.0,Zone 5,62.8,Zone 5,59.8,Zone 5,65.4,Zone 5,63.2,Zone 5,67.4,Zone 5
Uttar Pradesh,Hamirpur,Hamirpur 400Aws,29.1,2026-07-13,00:45:00,80.0,2026-07-12,00:45:00,2026-07-13 00:51:19,34.35000000000002,Zone 4,63.8,Zone 5,34.1,Zone 4,59.9,Zone 5,45.3,Zone 5,63.4,Zone 5,60.4,Zone 5,65.9,Zone 5,63.8,Zone 5,67.8,Zone 5
Uttar Pradesh,Hapur,Hapur 400Aws,30.0,2026-07-13,00:45:00,91.0,2026-07-12,00:45:00,2026-07-13 00:51:19,47.25,Zone 5,68.1,Zone 5,47.3,Zone 5,65.1,Zone 5,62.0,Zone 5,67.8,Zone 5,65.6,Zone 5,69.6,Zone 5,68.1,Zone 5,71.0,Zone 5
Uttar Pradesh,Hardoi,Hardoi 400Aws,29.1,2026-07-13,00:45:00,20.0,2026-07-12,00:45:00,2026-07-13 00:51:19,27.650000000000034,Zone 4,38.8,Zone 4,27.6,Zone 4,35.2,Zone 4,31.6,Zone 4,38.7,Zone 4,35.3,Zone 4,42.1,Zone 4,38.8,Zone 4,45.4,Zone 4
Uttar Pradesh,Jhansi,Bhundelkhand University,26.9,2026-07-13,00:45:00,,,,2026-07-13 00:51:19,,,,,,,,,,,,,,,,,,,,
Uttar Pradesh,Kashganj,Kashganj 400Aws,28.9,2026-07-13,00:45:00,100.0,2026-07-12,00:45:00,2026-07-13 00:51:19,48.55000000000001,Zone 5,68.5,Zone 5,50.0,Zone 5,65.5,Zone 5,62.5,Zone 5,68.1,Zone 5,66.1,Zone 5,69.9,Zone 5,68.5,Zone 5,71.3,Zone 5
Uttar Pradesh,Kushinagar,Kushinagar Kvk,25.8,2026-07-13,00:45:00,100.0,2026-07-12,00:45:00,2026-07-13 00:51:19,29.650000000000034,Zone 4,63.2,Zone 5,30.1,Zone 4,59.2,Zone 5,42.0,Zone 5,62.8,Zone 5,59.8,Zone 5,65.4,Zone 5,63.2,Zone 5,67.4,Zone 5
Uttar Pradesh,Lucknow,Integral University,32.6,2026-07-13,00:30:00,,,,2026-07-13 00:51:19,,,,,,,,,,,,,,,,,,,,
Uttar Pradesh,Lucknow,Lucknow Lab,33.9,2026-07-13,00:45:00,,,,2026-07-13 00:51:19,,,,,,,,,,,,,,,,,,,,
Uttar Pradesh,Lucknow,Meteorological Centre Amausi,31.8,2026-07-13,00:45:00,76.0,2026-07-12,00:45:00,2026-07-13 00:51:19,41.35000000000002,Zone 5,67.7,Zone 5,43.8,Zone 5,64.6,Zone 5,61.3,Zone 5,67.3,Zone 5,65.1,Zone 5,69.2,Zone 5,67.7,Zone 5,70.7,Zone 5
Uttar Pradesh,Mainpuri,Mainpuri Kvk,29.6,2026-07-13,00:45:00,66.0,2026-07-12,00:45:00,2026-07-13 00:51:19,32.950000000000045,Zone 4,61.0,Zone 5,32.7,Zone 4,49.6,Zone 5,38.9,Zone 4,60.6,Zone 5,51.9,Zone 5,63.6,Zone 5,61.0,Zone 5,65.8,Zone 5
Uttar Pradesh,Mathura,Collectorate Office,32.1,2026-07-13,00:30:00,80.0,2026-07-12,00:30:00,2026-07-13 00:51:19,53.650000000000034,Zone 5,68.7,Zone 5,52.3,Zone 5,65.9,Zone 5,62.9,Zone 5,68.4,Zone 5,66.4,Zone 5,70.2,Zone 5,68.7,Zone 5,71.5,Zone 5
Uttar Pradesh,Mathura,Mathura 400Aws,30.0,2026-07-13,00:45:00,74.0,2026-07-12,00:45:00,2026-07-13 00:51:19,35.35000000000002,Zone 4,63.9,Zone 5,35.3,Zone 4,60.0,Zone 5,45.9,Zone 5,63.5,Zone 5,60.6,Zone 5,66.0,Zone 5,63.9,Zone 5,67.9,Zone 5
Uttar Pradesh,Meerut,Ccsu Campus,32.1,2026-07-13,00:30:00,94.0,2026-07-12,00:30:00,2026-07-13 00:51:19,64.75,Zone 5,73.2,Zone 6,64.4,Zone 5,70.4,Zone 5,68.4,Zone 5,72.6,Zone 6,70.8,Zone 5,75.6,Zone 6,73.2,Zone 6,78.4,Zone 6
Uttar Pradesh,Mirzapur,Dagmapur 400Aws,29.4,2026-07-13,00:45:00,88.0,2026-07-12,00:45:00,2026-07-13 00:51:19,37.150000000000034,Zone 4,66.5,Zone 5,37.5,Zone 4,63.2,Zone 5,59.6,Zone 5,66.2,Zone 5,63.7,Zone 5,68.3,Zone 5,66.5,Zone 5,69.8,Zone 5
Uttar Pradesh,Moradabad,Ucheti 400Aws,29.8,2026-07-13,00:45:00,95.0,2026-07-12,00:45:00,2026-07-13 00:51:19,52.150000000000034,Zone 5,69.1,Zone 5,54.9,Zone 5,66.3,Zone 5,63.4,Zone 5,68.7,Zone 5,66.8,Zone 5,70.4,Zone 5,69.1,Zone 5,72.0,Zone 6
Uttar Pradesh,Muzaffarnagar,Sohanjani Tajan 400Aws,29.8,2026-07-13,00:45:00,88.0,2026-07-12,00:45:00,2026-07-13 00:51:19,39.35000000000002,Zone 5,67.4,Zone 5,41.8,Zone 5,64.2,Zone 5,60.9,Zone 5,67.0,Zone 5,64.8,Zone 5,69.0,Zone 5,67.4,Zone 5,70.5,Zone 5
Uttar Pradesh,Pratapgarh,Pratapgarh 400Aws,29.2,2026-07-13,00:45:00,80.0,2026-07-12,00:45:00,2026-07-13 00:51:19,34.650000000000034,Zone 4,63.8,Zone 5,34.1,Zone 4,59.9,Zone 5,45.3,Zone 5,63.4,Zone 5,60.4,Zone 5,65.9,Zone 5,63.8,Zone 5,67.8,Zone 5
Uttar Pradesh,Raebareli,Airport Fursatganj,29.8,2026-07-13,00:30:00,100.0,2026-07-12,00:30:00,2026-07-13 00:51:19,59.450000000000045,Zone 5,70.2,Zone 5,60.2,Zone 5,67.7,Zone 5,65.2,Zone 5,69.9,Zone 5,68.2,Zone 5,71.4,Zone 5,70.2,Zone 5,74.3,Zone 6
Uttar Pradesh,Saharanpur,Saharanpur 400Aws,27.9,2026-07-13,00:45:00,85.0,2026-07-12,00:45:00,2026-07-13 00:51:19,32.35000000000002,Zone 4,63.3,Zone 5,32.6,Zone 4,59.3,Zone 5,42.6,Zone 5,62.9,Zone 5,59.9,Zone 5,65.5,Zone 5,63.3,Zone 5,67.5,Zone 5
Uttar Pradesh,Sambhal,Sambhal Paltha 400Aws,30.2,2026-07-13,00:45:00,90.0,2026-07-12,00:45:00,2026-07-13 00:51:19,48.150000000000034,Zone 5,67.9,Zone 5,45.4,Zone 5,64.8,Zone 5,61.6,Zone 5,67.5,Zone 5,65.4,Zone 5,69.4,Zone 5,67.9,Zone 5,70.8,Zone 5
Uttar Pradesh,Shahjahanpur,Shahjahanpur 400Aws,29.9,2026-07-13,00:45:00,59.0,2026-07-12,00:45:00,2026-07-13 00:51:19,32.450000000000045,Zone 4,59.9,Zone 5,32.6,Zone 4,44.2,Zone 5,38.3,Zone 4,59.5,Zone 5,46.4,Zone 5,62.6,Zone 5,59.9,Zone 5,64.9,Zone 5
Uttar Pradesh,Shamli,Shamli 400Aws,29.4,2026-07-13,00:45:00,100.0,2026-07-12,00:45:00,2026-07-13 00:51:19,55.650000000000034,Zone 5,69.3,Zone 5,56.9,Zone 5,66.6,Zone 5,63.8,Zone 5,69.0,Zone 5,67.1,Zone 5,70.7,Zone 5,69.3,Zone 5,72.6,Zone 6
Uttar Pradesh,Sitapur,Ramkot 400Aws,29.7,2026-07-13,00:45:00,,,,2026-07-13 00:51:19,,,,,,,,,,,,,,,,,,,,
Uttar Pradesh,Sultanpur,Krishi Vigyan Kendra Barasin,29.6,2026-07-13,00:30:00,72.0,2026-07-12,00:30:00,2026-07-13 00:51:19,33.950000000000045,Zone 4,62.6,Zone 5,33.8,Zone 4,57.0,Zone 5,40.4,Zone 4,62.2,Zone 5,59.0,Zone 5,64.9,Zone 5,62.6,Zone 5,66.9,Zone 5
West Bengal,Cooch Behar,Dinhata Aws400,26.1,2026-07-13,00:45:00,100.0,2026-07-12,00:45:00,2026-07-13 00:51:19,30.350000000000023,Zone 4,63.2,Zone 5,30.1,Zone 4,59.2,Zone 5,42.0,Zone 5,62.8,Zone 5,59.8,Zone 5,65.4,Zone 5,63.2,Zone 5,67.4,Zone 5
West Bengal,Cooch Behar,Pundibari Amfu,27.3,2026-07-13,00:30:00,,,,2026-07-13 00:51:19,,,,,,,,,,,,,,,,,,,,
West Bengal,Darjeeling,Darjeeling Mo,19.3,2026-07-13,00:45:00,100.0,2026-07-12,00:45:00,2026-07-13 00:51:19,20.650000000000034,Zone 3,35.9,Zone 4,20.9,Zone 3,30.6,Zone 4,25.7,Zone 4,35.5,Zone 4,30.9,Zone 4,48.0,Zone 5,35.9,Zone 4,59.4,Zone 5
West Bengal,Darjeeling,Kharibari,27.2,2026-07-13,00:30:00,100.0,2026-07-12,00:30:00,2026-07-13 00:51:19,33.25,Zone 4,65.0,Zone 5,32.7,Zone 4,61.3,Zone 5,52.3,Zone 5,64.6,Zone 5,61.8,Zone 5,66.9,Zone 5,65.0,Zone 5,68.7,Zone 5
West Bengal,East Burdwan,Kvk Burdwan Budbud,29.1,2026-07-13,00:45:00,,,,2026-07-13 00:51:19,,,,,,,,,,,,,,,,,,,,
West Bengal,Howrah,Kvk Howrah Jagatballavapur,27.4,2026-07-13,00:45:00,98.0,2026-07-12,00:45:00,2026-07-13 00:51:19,33.450000000000045,Zone 4,65.4,Zone 5,33.7,Zone 4,61.8,Zone 5,54.9,Zone 5,65.0,Zone 5,62.4,Zone 5,67.3,Zone 5,65.4,Zone 5,69.0,Zone 5
West Bengal,Howrah,Uluberia,29.1,2026-07-13,00:30:00,96.0,2026-07-12,00:30:00,2026-07-13 00:51:19,44.25,Zone 5,67.6,Zone 5,42.9,Zone 5,64.4,Zone 5,61.1,Zone 5,67.2,Zone 5,65.0,Zone 5,69.1,Zone 5,67.6,Zone 5,70.6,Zone 5
West Bengal,Jalpaiguri,Banarhat,26.4,2026-07-13,00:45:00,94.0,2026-07-12,00:45:00,2026-07-13 00:51:19,30.25,Zone 4,62.8,Zone 5,30.5,Zone 4,57.9,Zone 5,39.9,Zone 5,62.4,Zone 5,59.3,Zone 5,65.1,Zone 5,62.8,Zone 5,67.1,Zone 5
West Bengal,Jalpaiguri,Dhupguri,27.0,2026-07-13,00:30:00,97.0,2026-07-12,00:30:00,2026-07-13 00:51:19,32.150000000000034,Zone 4,64.3,Zone 5,32.1,Zone 4,60.5,Zone 5,48.4,Zone 5,63.9,Zone 5,61.1,Zone 5,66.4,Zone 5,64.3,Zone 5,68.2,Zone 5
West Bengal,Jalpaiguri,Jalpaiguri,27.0,2026-07-13,00:30:00,93.0,2026-07-12,00:30:00,2026-07-13 00:51:19,31.55000000000001,Zone 4,63.4,Zone 5,31.5,Zone 4,59.5,Zone 5,43.3,Zone 5,63.0,Zone 5,60.0,Zone 5,65.6,Zone 5,63.4,Zone 5,67.5,Zone 5
West Bengal,Jalpaiguri,Mal,26.7,2026-07-13,00:15:00,,,,2026-07-13 00:51:19,,,,,,,,,,,,,,,,,,,,
West Bengal,Jalpaiguri,Ramshai Kvk,27.0,2026-07-13,00:45:00,,,,2026-07-13 00:51:19,,,,,,,,,,,,,,,,,,,,
West Bengal,Jhargram,Jhargram,28.2,2026-07-13,00:30:00,93.0,2026-07-12,00:30:00,2026-07-13 00:51:19,34.650000000000034,Zone 4,65.1,Zone 5,34.1,Zone 4,61.5,Zone 5,53.5,Zone 5,64.8,Zone 5,62.1,Zone 5,67.1,Zone 5,65.1,Zone 5,68.8,Zone 5
West Bengal,Malda,Malda,28.5,2026-07-13,00:45:00,,,,2026-07-13 00:51:19,,,,,,,,,,,,,,,,,,,,
West Bengal,Murshidabad,Berhampore,28.7,2026-07-13,00:30:00,98.0,2026-07-12,00:30:00,2026-07-13 00:51:19,42.35000000000002,Zone 5,67.1,Zone 5,39.9,Zone 5,63.9,Zone 5,60.5,Zone 5,66.8,Zone 5,64.5,Zone 5,68.8,Zone 5,67.1,Zone 5,70.3,Zone 5
West Bengal,Nadia,Bijpur,27.7,2026-07-13,00:45:00,100.0,2026-07-12,00:45:00,2026-07-13 00:51:19,34.75,Zone 4,65.8,Zone 5,34.1,Zone 4,62.3,Zone 5,57.3,Zone 5,65.4,Zone 5,62.9,Zone 5,67.7,Zone 5,65.8,Zone 5,69.3,Zone 5
West Bengal,Nadia,Kalyani Amfu,28.1,2026-07-13,00:30:00,100.0,2026-07-12,00:30:00,2026-07-13 00:51:19,38.25,Zone 5,66.7,Zone 5,37.1,Zone 5,63.4,Zone 5,59.8,Zone 5,66.3,Zone 5,63.9,Zone 5,68.4,Zone 5,66.7,Zone 5,70.0,Zone 5
West Bengal,North Dinajpur,Raiganj,27.8,2026-07-13,00:30:00,99.0,2026-07-12,00:30:00,2026-07-13 00:51:19,34.85000000000002,Zone 4,66.5,Zone 5,35.8,Zone 5,63.1,Zone 5,59.5,Zone 5,66.1,Zone 5,63.7,Zone 5,68.2,Zone 5,66.5,Zone 5,69.8,Zone 5
West Bengal,North Twenty Four Parganas,Barrackpore Aws400,28.6,2026-07-13,00:45:00,92.0,2026-07-12,00:45:00,2026-07-13 00:51:19,35.650000000000034,Zone 4,65.8,Zone 5,35.4,Zone 4,62.3,Zone 5,57.1,Zone 5,65.4,Zone 5,62.8,Zone 5,67.6,Zone 5,65.8,Zone 5,69.3,Zone 5
West Bengal,North Twenty Four Parganas,Jisu Agarpara,29.5,2026-07-13,00:30:00,87.0,2026-07-12,00:30:00,2026-07-13 00:51:19,37.150000000000034,Zone 4,66.3,Zone 5,37.2,Zone 4,62.9,Zone 5,59.3,Zone 5,65.9,Zone 5,63.5,Zone 5,68.1,Zone 5,66.3,Zone 5,69.7,Zone 5
West Bengal,Purulia,Purulia Kvk,27.2,2026-07-13,00:45:00,,,,2026-07-13 00:51:19,,,,,,,,,,,,,,,,,,,,
West Bengal,South Dinajpur,Balurghat,28.0,2026-07-13,00:45:00,100.0,2026-07-12,00:45:00,2026-07-13 00:51:19,37.150000000000034,Zone 5,66.7,Zone 5,37.1,Zone 5,63.4,Zone 5,59.8,Zone 5,66.3,Zone 5,63.9,Zone 5,68.4,Zone 5,66.7,Zone 5,70.0,Zone 5
West Bengal,South Dinajpur,Majhian Amfu,28.4,2026-07-13,00:30:00,100.0,2026-07-12,00:30:00,2026-07-13 00:51:19,41.75,Zone 5,67.6,Zone 5,43.1,Zone 5,64.5,Zone 5,61.2,Zone 5,67.2,Zone 5,65.0,Zone 5,69.2,Zone 5,67.6,Zone 5,70.6,Zone 5
West Bengal,South Twenty Four Parganas,Gangasagar,29.3,2026-07-13,00:45:00,,,,2026-07-13 00:51:19,,,,,,,,,,,,,,,,,,,,
,,,,,,,,,2026-07-13 00:51:19,,,,,,,,,,,,,,,,,,,,
,,,,,,,,,2026-07-13 00:51:19,,,,,,,,,,,,,,,,,,,,
,,,,,,,,,2026-07-13 00:51:19,,,,,,,,,,,,,,,,,,,,
,,,,,,,,,2026-07-13 00:51:19,,,,,,,,,,,,,,,,,,,,
