STATE,DISTRICT,STATION,LAT,LON,TEMP,DATE_TEMP,TIME_TEMP,RH,DATE_RH,TIME_RH,LOGGED_AT (IST),EHI (in shade °C),Light Work Heat Stress Zone,EHI_350 (in shade °C),Hard Labor Heat Stress Zone,EHI_3_shade,Zone_3_shade,EHI_3_sun,Zone_3_sun,EHI_4_shade,Zone_4_shade,EHI_4_sun,Zone_4_sun,EHI_5_shade,Zone_5_shade,EHI_5_sun,Zone_5_sun,EHI_6_shade,Zone_6_shade,EHI_6_sun,Zone_6_sun
Andaman And Nicobar,Nicobar,Campbell Bay,7.0076,93.9048,24.2,2026-09-21,02:00:00,98.0,2026-09-20,02:00:00,2026-09-21 02:14:45,26.350000000000023,Zone 4,58.11,Zone 5,25.29,Zone 3,53.74,Zone 5,31.95,Zone 4,61.09,Zone 5,41.16,Zone 5,63.66,Zone 5,58.11,Zone 5,65.64,Zone 5
Andaman And Nicobar,Nicobar,Car Nicobar,9.1573,92.7581,25.2,2026-09-21,02:00:00,97.0,2026-09-20,02:00:00,2026-09-21 02:14:45,28.150000000000034,Zone 4,60.28,Zone 5,26.99,Zone 4,59.16,Zone 5,33.93,Zone 4,62.42,Zone 5,48.3,Zone 5,64.81,Zone 5,60.28,Zone 5,66.66,Zone 5
Andaman And Nicobar,Nicobar,Nancowry,7.9768,93.5509,42.5,2026-09-21,02:00:00,98.0,2026-09-20,02:00:00,2026-09-21 02:14:45,110.85000000000002,Zone 6,126.02,Zone 6,115.94,Zone 6,123.85,Zone 6,119.37,Zone 6,127.2,Zone 6,122.71,Zone 6,130.47,Zone 6,126.02,Zone 6,133.7,Zone 6
Andaman And Nicobar,N M Andaman,Mayabunder,12.8755,92.8922,26.2,2026-09-21,01:45:00,97.0,2026-09-20,01:45:00,2026-09-21 02:14:45,30.25,Zone 4,62.03,Zone 5,28.98,Zone 4,60.95,Zone 5,36.34,Zone 4,63.94,Zone 5,56.66,Zone 5,66.13,Zone 5,62.03,Zone 5,67.82,Zone 5
Andaman And Nicobar,South Andaman,Ferrargunj,11.7206,92.6542,25.9,2026-09-21,02:00:00,82.0,2026-09-20,02:00:00,2026-09-21 02:14:45,28.05000000000001,Zone 4,58.05,Zone 5,27.59,Zone 4,53.69,Zone 5,33.88,Zone 4,61.08,Zone 5,41.07,Zone 5,63.64,Zone 5,58.05,Zone 5,65.63,Zone 5
Andaman And Nicobar,South Andaman,Hut Bay,10.5962,92.5364,25.0,2026-09-21,02:00:00,99.0,2026-09-20,02:00:00,2026-09-21 02:14:45,27.850000000000023,Zone 4,60.7,Zone 5,27.14,Zone 4,59.58,Zone 5,34.22,Zone 4,62.78,Zone 5,50.32,Zone 5,65.12,Zone 5,60.7,Zone 5,66.93,Zone 5
Andaman And Nicobar,South Andaman,Shaheed Dweep,11.6562,92.7432,26.8,2026-09-21,02:00:00,96.0,2026-09-20,02:00:00,2026-09-21 02:14:45,31.450000000000045,Zone 4,63.57,Zone 5,31.16,Zone 4,62.54,Zone 5,44.25,Zone 5,65.29,Zone 5,60.2,Zone 5,67.3,Zone 5,63.57,Zone 5,68.84,Zone 5
Andaman And Nicobar,South Andaman,Sri Vijaya Puram Aws400,11.0,92.744,26.6,2026-09-21,02:00:00,91.0,2026-09-20,02:00:00,2026-09-21 02:14:45,30.350000000000023,Zone 4,61.59,Zone 5,29.38,Zone 4,60.5,Zone 5,36.46,Zone 4,63.56,Zone 5,54.64,Zone 5,65.8,Zone 5,61.59,Zone 5,67.53,Zone 5
Andaman And Nicobar,South Andaman,Swaraj Deep,12.0124,92.9824,27.2,2026-09-21,02:00:00,77.0,2026-09-20,02:00:00,2026-09-21 02:14:45,29.850000000000023,Zone 4,59.22,Zone 5,28.88,Zone 4,55.62,Zone 5,35.11,Zone 4,61.5,Zone 5,43.21,Zone 5,64.01,Zone 5,59.22,Zone 5,65.95,Zone 5
Andhra Pradesh,Alluri Sitharama Raju,Araku Valley,18.32,82.87,22.0,2026-09-21,02:00:00,97.0,2026-09-20,02:00:00,2026-09-21 02:14:45,23.650000000000034,Zone 3,43.79,Zone 5,23.05,Zone 3,39.41,Zone 5,28.37,Zone 4,55.19,Zone 5,33.88,Zone 4,60.94,Zone 5,43.79,Zone 5,63.25,Zone 5
Andhra Pradesh,Alluri Sitharama Raju,Chintapalli Amfu,17.895,82.3417,22.0,2026-09-21,02:00:00,91.0,2026-09-20,02:00:00,2026-09-21 02:14:45,23.350000000000023,Zone 3,39.61,Zone 5,22.8,Zone 3,37.0,Zone 4,28.0,Zone 4,51.28,Zone 5,33.28,Zone 4,60.09,Zone 5,39.61,Zone 5,62.5,Zone 5
Andhra Pradesh,Anakapalli,Yellamanchilli Vskp,17.5709,82.8535,26.1,2026-09-21,01:15:00,,,,2026-09-21 02:14:45,,,,,,,,,,,,,,,,,,,,
Andhra Pradesh,Anantapur,Kh Govtdegcollege Dharmavaram,14.4308,77.7065,26.4,2026-09-21,02:00:00,100.0,2026-09-20,02:00:00,2026-09-21 02:14:45,31.05000000000001,Zone 4,63.56,Zone 5,30.49,Zone 4,62.52,Zone 5,44.17,Zone 5,65.28,Zone 5,60.18,Zone 5,67.29,Zone 5,63.56,Zone 5,68.83,Zone 5
Andhra Pradesh,Bapatla,Bapatla Aws400,15.919,80.4838,27.5,2026-09-21,02:00:00,100.0,2026-09-20,02:00:00,2026-09-21 02:14:45,34.150000000000034,Zone 4,65.36,Zone 5,33.22,Zone 4,64.38,Zone 5,54.9,Zone 5,66.86,Zone 5,62.33,Zone 5,68.65,Zone 5,65.36,Zone 5,71.14,Zone 6
Andhra Pradesh,Bapatla,Chirala,15.8295,80.3803,27.4,2026-09-21,02:00:00,84.0,2026-09-20,02:00:00,2026-09-21 02:14:45,31.150000000000034,Zone 4,61.7,Zone 5,30.62,Zone 4,60.61,Zone 5,37.52,Zone 4,63.66,Zone 5,55.14,Zone 5,65.88,Zone 5,61.7,Zone 5,67.6,Zone 5
Andhra Pradesh,Eluru,Vijayarai,16.63,81.04,25.5,2026-09-21,02:00:00,71.0,2026-09-20,02:00:00,2026-09-21 02:14:45,26.650000000000034,Zone 4,44.89,Zone 5,26.08,Zone 4,40.45,Zone 5,31.7,Zone 4,56.16,Zone 5,36.81,Zone 4,61.16,Zone 5,44.89,Zone 5,63.44,Zone 5
Andhra Pradesh,Kakinada,Kakinada,16.96,82.23,27.3,2026-09-21,02:00:00,88.0,2026-09-20,02:00:00,2026-09-21 02:14:45,31.450000000000045,Zone 4,62.63,Zone 5,31.17,Zone 4,61.57,Zone 5,39.14,Zone 5,64.47,Zone 5,59.08,Zone 5,66.59,Zone 5,62.63,Zone 5,68.22,Zone 5
Andhra Pradesh,Kakinada,Peddapuram,17.0717,82.165,27.1,2026-09-21,02:00:00,,,,2026-09-21 02:14:45,,,,,,,,,,,,,,,,,,,,
Andhra Pradesh,Konaseema,Ambajipeta Arg,16.6,81.94,25.8,2026-09-21,02:00:00,100.0,2026-09-20,02:00:00,2026-09-21 02:14:45,29.650000000000034,Zone 4,62.67,Zone 5,29.31,Zone 4,61.61,Zone 5,39.34,Zone 5,64.5,Zone 5,59.12,Zone 5,66.62,Zone 5,62.67,Zone 5,68.24,Zone 5
Andhra Pradesh,Konaseema,Ambajipeta Aws,16.602,81.9448,26.0,2026-09-21,02:00:00,98.0,2026-09-20,02:00:00,2026-09-21 02:14:45,29.850000000000023,Zone 4,62.24,Zone 5,29.09,Zone 4,61.17,Zone 5,37.27,Zone 5,64.13,Zone 5,57.6,Zone 5,66.29,Zone 5,62.24,Zone 5,67.96,Zone 5
Andhra Pradesh,Krishna,Kv Gopalnagar Machilipatnam,16.1983,81.1258,27.4,2026-09-21,02:00:00,96.0,2026-09-20,02:00:00,2026-09-21 02:14:45,33.05000000000001,Zone 4,64.46,Zone 5,32.46,Zone 4,63.45,Zone 5,49.54,Zone 5,66.07,Zone 5,61.26,Zone 5,67.97,Zone 5,64.46,Zone 5,69.55,Zone 6
Andhra Pradesh,Ntr,Mylavaram College Of  Engineer,16.751,80.6327,26.0,2026-09-21,02:00:00,100.0,2026-09-20,02:00:00,2026-09-21 02:14:45,30.150000000000034,Zone 4,62.67,Zone 5,29.31,Zone 4,61.61,Zone 5,39.34,Zone 5,64.5,Zone 5,59.12,Zone 5,66.62,Zone 5,62.67,Zone 5,68.24,Zone 5
Andhra Pradesh,Prakasam,Cs Puram,15.1627,79.2892,25.3,2026-09-21,02:00:00,100.0,2026-09-20,02:00:00,2026-09-21 02:14:45,28.55000000000001,Zone 4,61.78,Zone 5,28.23,Zone 4,60.7,Zone 5,35.61,Zone 4,63.73,Zone 5,55.54,Zone 5,65.94,Zone 5,61.78,Zone 5,67.65,Zone 5
Andhra Pradesh,Srikakulam,Nagaralapeta Kalingapatnam,18.3334,84.1163,27.4,2026-09-21,02:00:00,100.0,2026-09-20,02:00:00,2026-09-21 02:14:45,33.85000000000002,Zone 4,65.36,Zone 5,33.22,Zone 4,64.38,Zone 5,54.9,Zone 5,66.86,Zone 5,62.33,Zone 5,68.65,Zone 5,65.36,Zone 5,71.14,Zone 6
Andhra Pradesh,Srikakulam,Ragolu,18.4101,83.903,26.1,2026-09-21,02:00:00,99.0,2026-09-20,02:00:00,2026-09-21 02:14:45,30.25,Zone 4,62.46,Zone 5,29.2,Zone 4,61.39,Zone 5,38.29,Zone 5,64.32,Zone 5,58.51,Zone 5,66.45,Zone 5,62.46,Zone 5,68.1,Zone 5
Andhra Pradesh,Visakhapatnam,Anandapuram Arg,17.89,83.37,26.4,2026-09-21,02:00:00,89.0,2026-09-20,02:00:00,2026-09-21 02:14:45,29.650000000000034,Zone 4,61.15,Zone 5,29.16,Zone 4,60.05,Zone 5,36.08,Zone 4,63.17,Zone 5,52.52,Zone 5,65.46,Zone 5,61.15,Zone 5,67.23,Zone 5
Andhra Pradesh,Visakhapatnam,Gangavaram Port,17.6247,83.2283,28.0,2026-09-21,02:00:00,95.0,2026-09-20,02:00:00,2026-09-21 02:14:45,34.55000000000001,Zone 4,65.12,Zone 5,33.68,Zone 4,64.14,Zone 5,53.52,Zone 5,66.65,Zone 5,62.05,Zone 5,68.47,Zone 5,65.12,Zone 5,70.72,Zone 6
Andhra Pradesh,Vizianagaram,Bobbili,18.57,83.35,26.0,2026-09-21,02:00:00,97.0,2026-09-20,02:00:00,2026-09-21 02:14:45,29.75,Zone 4,62.03,Zone 5,28.98,Zone 4,60.95,Zone 5,36.34,Zone 4,63.94,Zone 5,56.66,Zone 5,66.13,Zone 5,62.03,Zone 5,67.82,Zone 5
Andhra Pradesh,Vizianagaram,Vizianagaram,18.1417,83.415,27.5,2026-09-21,02:00:00,100.0,2026-09-20,02:00:00,2026-09-21 02:14:45,34.150000000000034,Zone 4,65.36,Zone 5,33.22,Zone 4,64.38,Zone 5,54.9,Zone 5,66.86,Zone 5,62.33,Zone 5,68.65,Zone 5,65.36,Zone 5,71.14,Zone 6
Andhra Pradesh,West Godavari,Bhimavaram,16.5449,81.4932,26.6,2026-09-21,02:00:00,100.0,2026-09-20,02:00:00,2026-09-21 02:14:45,31.55000000000001,Zone 4,63.56,Zone 5,30.49,Zone 4,62.52,Zone 5,44.17,Zone 5,65.28,Zone 5,60.18,Zone 5,67.29,Zone 5,63.56,Zone 5,68.83,Zone 5
Andhra Pradesh,West Godavari,Kv Gopannapalem Eluru,16.7687,81.1191,26.0,2026-09-21,02:00:00,56.0,2026-09-20,02:00:00,2026-09-21 02:14:45,26.450000000000045,Zone 4,39.92,Zone 4,25.91,Zone 4,38.88,Zone 4,30.98,Zone 4,46.34,Zone 5,35.57,Zone 4,59.04,Zone 5,39.92,Zone 4,61.57,Zone 5
Andhra Pradesh,West Godavari,Maruteru,16.6467,81.7633,28.1,2026-09-21,02:00:00,,,,2026-09-21 02:14:45,,,,,,,,,,,,,,,,,,,,
Arunachal Pradesh,Anjaw,Kibitoo Circle,28.2598,97.0716,18.5,2026-09-21,01:30:00,88.0,2026-09-20,01:30:00,2026-09-21 02:14:45,19.150000000000034,Zone 3,32.63,Zone 4,18.31,Zone 3,31.72,Zone 4,24.05,Zone 3,36.06,Zone 4,28.22,Zone 4,45.11,Zone 5,32.63,Zone 4,56.95,Zone 5
Arunachal Pradesh,Changlang,Miao,27.4821,96.1978,23.5,2026-09-21,01:45:00,100.0,2026-09-20,01:45:00,2026-09-21 02:14:45,25.25,Zone 3,56.39,Zone 5,24.83,Zone 3,51.81,Zone 5,31.19,Zone 4,60.68,Zone 5,39.18,Zone 5,63.3,Zone 5,56.39,Zone 5,65.33,Zone 5
Arunachal Pradesh,Dibang Valley,Anini,28.7928,95.8956,18.0,2026-09-21,02:00:00,100.0,2026-09-20,02:00:00,2026-09-21 02:14:45,19.05000000000001,Zone 3,32.74,Zone 4,18.26,Zone 3,31.74,Zone 4,23.94,Zone 3,36.28,Zone 4,28.13,Zone 4,48.64,Zone 5,32.74,Zone 4,59.21,Zone 5
Arunachal Pradesh,East Kameng,Seppa Pampoli,27.3178,93.0042,31.5,2026-09-21,02:00:00,92.0,2026-09-20,02:00:00,2026-09-21 02:14:45,61.650000000000034,Zone 5,71.89,Zone 6,61.02,Zone 5,70.45,Zone 6,65.85,Zone 5,74.0,Zone 6,68.75,Zone 5,77.47,Zone 6,71.89,Zone 6,80.89,Zone 6
Arunachal Pradesh,East Siang,Pashighat,28.0695,95.3323,24.3,2026-09-21,02:00:00,100.0,2026-09-20,02:00:00,2026-09-21 02:14:45,26.650000000000034,Zone 4,60.03,Zone 5,26.29,Zone 4,58.62,Zone 5,33.24,Zone 4,62.19,Zone 5,47.04,Zone 5,64.61,Zone 5,60.03,Zone 5,66.49,Zone 5
Arunachal Pradesh,Kamle,Raga,27.7923,94.0753,21.6,2026-09-21,02:00:00,100.0,2026-09-20,02:00:00,2026-09-21 02:14:45,23.25,Zone 3,42.68,Zone 5,22.6,Zone 3,38.42,Zone 5,27.79,Zone 4,54.2,Zone 5,33.3,Zone 4,60.72,Zone 5,42.68,Zone 5,63.06,Zone 5
Arunachal Pradesh,Kurung Kumey,Koloraing,27.8989,93.352,20.7,2026-09-21,02:00:00,100.0,2026-09-20,02:00:00,2026-09-21 02:14:45,22.25,Zone 3,36.83,Zone 5,21.41,Zone 3,35.41,Zone 4,26.35,Zone 4,48.28,Zone 5,31.64,Zone 4,59.46,Zone 5,36.83,Zone 5,61.94,Zone 5
Arunachal Pradesh,Kurung Kumey,Nyapin,27.7505,93.3989,19.9,2026-09-21,02:00:00,100.0,2026-09-20,02:00:00,2026-09-21 02:14:45,21.350000000000023,Zone 3,35.8,Zone 4,20.79,Zone 3,34.6,Zone 4,25.68,Zone 4,45.37,Zone 5,30.87,Zone 4,58.37,Zone 5,35.8,Zone 4,61.39,Zone 5
Arunachal Pradesh,Leparada,Basar,27.995,94.704,21.6,2026-09-21,02:00:00,100.0,2026-09-20,02:00:00,2026-09-21 02:14:45,23.25,Zone 3,42.68,Zone 5,22.6,Zone 3,38.42,Zone 5,27.79,Zone 4,54.2,Zone 5,33.3,Zone 4,60.72,Zone 5,42.68,Zone 5,63.06,Zone 5
Arunachal Pradesh,Lohit,Wakro,27.7834,96.3498,23.6,2026-09-21,02:00:00,87.0,2026-09-20,02:00:00,2026-09-21 02:14:45,24.950000000000045,Zone 3,45.95,Zone 5,24.34,Zone 3,41.38,Zone 5,30.0,Zone 4,56.99,Zone 5,35.43,Zone 4,61.35,Zone 5,45.95,Zone 5,63.62,Zone 5
Arunachal Pradesh,Longding,Longding,27.0243,95.1844,25.1,2026-09-21,02:00:00,,,,2026-09-21 02:14:45,,,,,,,,,,,,,,,,,,,,
Arunachal Pradesh,Longding,Longding New,26.8863,95.3257,22.9,2026-09-21,02:00:00,100.0,2026-09-20,02:00:00,2026-09-21 02:14:45,24.650000000000034,Zone 3,53.01,Zone 5,24.29,Zone 3,48.21,Zone 5,30.26,Zone 4,59.93,Zone 5,36.15,Zone 4,62.65,Zone 5,53.01,Zone 5,64.76,Zone 5
Arunachal Pradesh,Lower Siang,Kangku,27.5767,94.4999,24.8,2026-09-21,02:00:00,100.0,2026-09-20,02:00:00,2026-09-21 02:14:45,27.55000000000001,Zone 4,60.9,Zone 5,27.22,Zone 4,59.79,Zone 5,34.38,Zone 4,62.96,Zone 5,51.33,Zone 5,65.28,Zone 5,60.9,Zone 5,67.07,Zone 5
Arunachal Pradesh,Lower Subansiri,Deed,27.5937,93.5671,19.2,2026-09-21,02:00:00,100.0,2026-09-20,02:00:00,2026-09-21 02:14:45,20.55000000000001,Zone 3,34.2,Zone 4,19.54,Zone 3,33.11,Zone 4,24.73,Zone 3,40.0,Zone 5,29.44,Zone 4,53.66,Zone 5,34.2,Zone 4,60.29,Zone 5
Arunachal Pradesh,Lower Subansiri,Yachuli,27.46,93.7669,22.0,2026-09-21,02:00:00,99.0,2026-09-20,02:00:00,2026-09-21 02:14:45,23.650000000000034,Zone 3,45.26,Zone 5,23.14,Zone 3,40.73,Zone 5,28.5,Zone 4,56.42,Zone 5,34.09,Zone 4,61.22,Zone 5,45.26,Zone 5,63.5,Zone 5
Arunachal Pradesh,Lower Subansiri,Ziro Manipolyang,27.5298,93.8385,16.5,2026-09-21,02:00:00,100.0,2026-09-20,02:00:00,2026-09-21 02:14:45,17.150000000000034,Zone 3,30.76,Zone 4,16.29,Zone 3,29.89,Zone 4,22.7,Zone 3,34.23,Zone 4,26.35,Zone 4,41.49,Zone 5,30.76,Zone 4,53.72,Zone 5
Arunachal Pradesh,Namsai,Namsai Kvk,27.7804,95.9747,24.7,2026-09-21,02:00:00,100.0,2026-09-20,02:00:00,2026-09-21 02:14:45,27.350000000000023,Zone 4,60.03,Zone 5,26.29,Zone 4,58.62,Zone 5,33.24,Zone 4,62.19,Zone 5,47.04,Zone 5,64.61,Zone 5,60.03,Zone 5,66.49,Zone 5
Arunachal Pradesh,Papumpare,Itanagar,27.076,93.6043,24.7,2026-09-21,02:00:00,100.0,2026-09-20,02:00:00,2026-09-21 02:14:45,27.350000000000023,Zone 4,60.03,Zone 5,26.29,Zone 4,58.62,Zone 5,33.24,Zone 4,62.19,Zone 5,47.04,Zone 5,64.61,Zone 5,60.03,Zone 5,66.49,Zone 5
Arunachal Pradesh,Papumpare,Yupia,27.1389,93.7169,25.8,2026-09-21,02:00:00,11.0,2026-09-20,02:00:00,2026-09-21 02:14:45,23.75,Zone 3,34.61,Zone 4,23.31,Zone 3,34.16,Zone 4,27.94,Zone 4,37.33,Zone 4,31.38,Zone 4,40.32,Zone 4,34.61,Zone 4,43.21,Zone 4
Arunachal Pradesh,Shiyomi,Lamang 2,,,,,,97.0,2026-09-20,01:30:00,2026-09-21 02:14:45,,,,,,,,,,,,,,,,,,,,
Arunachal Pradesh,Siang,Pangin Circle,28.2162,94.9955,23.5,2026-09-21,02:00:00,100.0,2026-09-20,02:00:00,2026-09-21 02:14:45,25.25,Zone 3,56.39,Zone 5,24.83,Zone 3,51.81,Zone 5,31.19,Zone 4,60.68,Zone 5,39.18,Zone 5,63.3,Zone 5,56.39,Zone 5,65.33,Zone 5
Arunachal Pradesh,Tawang,Domane,,,,,,97.0,2026-09-20,01:30:00,2026-09-21 02:14:45,,,,,,,,,,,,,,,,,,,,
Arunachal Pradesh,Tirap,Deomali,27.1919,95.4636,24.5,2026-09-21,02:00:00,100.0,2026-09-20,02:00:00,2026-09-21 02:14:45,27.05000000000001,Zone 4,60.03,Zone 5,26.29,Zone 4,58.62,Zone 5,33.24,Zone 4,62.19,Zone 5,47.04,Zone 5,64.61,Zone 5,60.03,Zone 5,66.49,Zone 5
Arunachal Pradesh,Tirap,Longding,26.8869,95.3219,22.5,2026-09-21,02:00:00,,,,2026-09-21 02:14:45,,,,,,,,,,,,,,,,,,,,
Arunachal Pradesh,Upper Siang,Tenali,29.0796,95.1171,14.1,2026-09-21,01:30:00,100.0,2026-09-20,01:30:00,2026-09-21 02:14:45,14.150000000000034,Zone 3,27.9,Zone 4,13.19,Zone 2,27.21,Zone 4,20.52,Zone 3,31.28,Zone 4,24.34,Zone 3,35.14,Zone 4,27.9,Zone 4,43.15,Zone 5
Arunachal Pradesh,Upper Siang,Yingkiong,28.64,95.0228,25.1,2026-09-21,02:00:00,7.0,2026-09-20,02:00:00,2026-09-21 02:14:45,22.650000000000034,Zone 3,33.52,Zone 4,21.64,Zone 3,33.12,Zone 4,26.96,Zone 4,36.22,Zone 4,30.34,Zone 4,39.14,Zone 4,33.52,Zone 4,41.97,Zone 4
Arunachal Pradesh,Upper Subhanseri,Daporijo,27.9883,94.22,25.9,2026-09-21,02:00:00,95.0,2026-09-20,02:00:00,2026-09-21 02:14:45,29.350000000000023,Zone 4,61.6,Zone 5,28.77,Zone 4,60.51,Zone 5,35.97,Zone 4,63.57,Zone 5,54.69,Zone 5,65.81,Zone 5,61.6,Zone 5,67.53,Zone 5
Arunachal Pradesh,West Kameng,Bomdila,27.2645,92.4159,25.2,2026-09-21,02:00:00,71.0,2026-09-20,02:00:00,2026-09-21 02:14:45,26.25,Zone 4,41.91,Zone 5,25.39,Zone 4,39.5,Zone 4,30.94,Zone 4,53.55,Zone 5,35.97,Zone 4,60.58,Zone 5,41.91,Zone 5,62.93,Zone 5
Arunachal Pradesh,West Kameng,Dirang,27.36,92.2439,21.0,2026-09-21,02:00:00,100.0,2026-09-20,02:00:00,2026-09-21 02:14:45,22.650000000000034,Zone 3,39.6,Zone 5,22.01,Zone 3,36.25,Zone 4,27.05,Zone 4,51.26,Zone 5,32.45,Zone 4,60.09,Zone 5,39.6,Zone 5,62.5,Zone 5
Arunachal Pradesh,West Kameng,Dirang,27.3813,92.2319,17.4,2026-09-21,02:00:00,100.0,2026-09-20,02:00:00,2026-09-21 02:14:45,18.350000000000023,Zone 3,32.06,Zone 4,17.61,Zone 3,31.1,Zone 4,23.53,Zone 3,35.57,Zone 4,27.51,Zone 4,46.16,Zone 5,32.06,Zone 4,57.8,Zone 5
Arunachal Pradesh,West Kameng,Kalaktang,27.1042,92.1205,19.0,2026-09-21,02:00:00,100.0,2026-09-20,02:00:00,2026-09-21 02:14:45,20.25,Zone 3,34.2,Zone 4,19.54,Zone 3,33.11,Zone 4,24.73,Zone 3,40.0,Zone 5,29.44,Zone 4,53.66,Zone 5,34.2,Zone 4,60.29,Zone 5
Arunachal Pradesh,West Siang,Along,28.2028,94.8025,25.1,2026-09-21,02:00:00,100.0,2026-09-20,02:00:00,2026-09-21 02:14:45,28.150000000000034,Zone 4,60.9,Zone 5,27.22,Zone 4,59.79,Zone 5,34.38,Zone 4,62.96,Zone 5,51.33,Zone 5,65.28,Zone 5,60.9,Zone 5,67.07,Zone 5
Arunachal Pradesh,West Siang,Yomcha,28.1297,94.5716,22.6,2026-09-21,02:00:00,100.0,2026-09-20,02:00:00,2026-09-21 02:14:45,24.350000000000023,Zone 3,49.49,Zone 5,23.74,Zone 3,44.71,Zone 5,29.39,Zone 4,59.19,Zone 5,35.14,Zone 4,62.0,Zone 5,49.49,Zone 5,64.19,Zone 5
Assam,Barpeta,Bajali University,26.5045,91.1854,26.3,2026-09-21,02:00:00,100.0,2026-09-20,02:00:00,2026-09-21 02:14:45,30.850000000000023,Zone 4,63.56,Zone 5,30.49,Zone 4,62.52,Zone 5,44.17,Zone 5,65.28,Zone 5,60.18,Zone 5,67.29,Zone 5,63.56,Zone 5,68.83,Zone 5
Assam,Barpeta,Barpeta,26.4689,90.9,26.5,2026-09-21,02:00:00,99.0,2026-09-20,02:00:00,2026-09-21 02:14:45,31.150000000000034,Zone 4,63.34,Zone 5,30.36,Zone 4,62.3,Zone 5,42.95,Zone 5,65.09,Zone 5,59.93,Zone 5,67.13,Zone 5,63.34,Zone 5,68.69,Zone 5
Assam,Barpeta,Barpeta Kvk,26.4421,90.9824,26.9,2026-09-21,02:00:00,100.0,2026-09-20,02:00:00,2026-09-21 02:14:45,32.35000000000002,Zone 4,64.46,Zone 5,31.79,Zone 4,63.45,Zone 5,49.51,Zone 5,66.07,Zone 5,61.26,Zone 5,67.97,Zone 5,64.46,Zone 5,69.54,Zone 6
Assam,Charaideo,Sonari Aegcl,27.0309,95.0531,25.5,2026-09-21,02:00:00,100.0,2026-09-20,02:00:00,2026-09-21 02:14:45,29.05000000000001,Zone 4,61.78,Zone 5,28.23,Zone 4,60.7,Zone 5,35.61,Zone 4,63.73,Zone 5,55.54,Zone 5,65.94,Zone 5,61.78,Zone 5,67.65,Zone 5
Assam,Chirang,Chirang,26.5296,90.5018,26.0,2026-09-21,02:00:00,,,,2026-09-21 02:14:45,,,,,,,,,,,,,,,,,,,,
Assam,Chirang,Kajalgaon,26.5225,90.4997,26.0,2026-09-21,02:00:00,94.0,2026-09-20,02:00:00,2026-09-21 02:14:45,29.450000000000045,Zone 4,61.38,Zone 5,28.67,Zone 4,60.29,Zone 5,35.78,Zone 4,63.38,Zone 5,53.66,Zone 5,65.64,Zone 5,61.38,Zone 5,67.39,Zone 5
Assam,Darrang,Dalgaon,26.5689,92.1958,25.8,2026-09-21,02:00:00,90.0,2026-09-20,02:00:00,2026-09-21 02:14:45,28.650000000000034,Zone 4,60.51,Zone 5,28.28,Zone 4,59.4,Zone 5,35.1,Zone 4,62.62,Zone 5,49.43,Zone 5,64.99,Zone 5,60.51,Zone 5,66.81,Zone 5
Assam,Darrang,Garukhuti,26.3184,91.8986,25.7,2026-09-21,02:00:00,,,,2026-09-21 02:14:45,,,,,,,,,,,,,,,,,,,,
Assam,Dhemaji,Silapathar Science College,27.6071,94.7327,25.4,2026-09-21,01:45:00,100.0,2026-09-20,01:45:00,2026-09-21 02:14:45,28.75,Zone 4,61.78,Zone 5,28.23,Zone 4,60.7,Zone 5,35.61,Zone 4,63.73,Zone 5,55.54,Zone 5,65.94,Zone 5,61.78,Zone 5,67.65,Zone 5
Assam,Dhubri,Agomani,26.1969,89.7902,26.4,2026-09-21,02:00:00,,,,2026-09-21 02:14:45,,,,,,,,,,,,,,,,,,,,
Assam,Dhubri,Bn College,26.024,89.9697,26.9,2026-09-21,02:00:00,100.0,2026-09-20,02:00:00,2026-09-21 02:14:45,32.35000000000002,Zone 4,64.46,Zone 5,31.79,Zone 4,63.45,Zone 5,49.51,Zone 5,66.07,Zone 5,61.26,Zone 5,67.97,Zone 5,64.46,Zone 5,69.54,Zone 6
Assam,Dhubri,Gauripur Aegcl,26.094,89.9854,26.4,2026-09-21,02:00:00,,,,2026-09-21 02:14:45,,,,,,,,,,,,,,,,,,,,
Assam,Dibrugarh,Bcpl Dibrugarh,,,,,,21.0,2026-09-20,02:00:00,2026-09-21 02:14:45,,,,,,,,,,,,,,,,,,,,
Assam,Dibrugarh,Dc Ofc Dibrugarh,27.4667,94.9116,24.8,2026-09-21,02:00:00,100.0,2026-09-20,02:00:00,2026-09-21 02:14:45,27.55000000000001,Zone 4,60.9,Zone 5,27.22,Zone 4,59.79,Zone 5,34.38,Zone 4,62.96,Zone 5,51.33,Zone 5,65.28,Zone 5,60.9,Zone 5,67.07,Zone 5
Assam,Dibrugarh,Lahowal,,,,,,13.0,2026-09-20,02:00:00,2026-09-21 02:14:45,,,,,,,,,,,,,,,,,,,,
Assam,Dima Hasao,Haflong Aegcl,25.191,93.0181,22.8,2026-09-21,02:00:00,100.0,2026-09-20,02:00:00,2026-09-21 02:14:45,24.55000000000001,Zone 3,53.01,Zone 5,24.29,Zone 3,48.21,Zone 5,30.26,Zone 4,59.93,Zone 5,36.15,Zone 4,62.65,Zone 5,53.01,Zone 5,64.76,Zone 5
Assam,Dima Hasao,Lkhep,25.6657,92.7825,23.9,2026-09-21,02:00:00,100.0,2026-09-20,02:00:00,2026-09-21 02:14:45,25.950000000000045,Zone 4,59.15,Zone 5,25.42,Zone 4,55.33,Zone 5,32.18,Zone 4,61.44,Zone 5,42.93,Zone 5,63.96,Zone 5,59.15,Zone 5,65.91,Zone 5
Assam,Goalpara,Agia Aegcl,,,,,,66.0,2026-09-20,02:00:00,2026-09-21 02:14:45,,,,,,,,,,,,,,,,,,,,
Assam,Goalpara,Goalpara,26.1594,90.6292,26.3,2026-09-21,02:00:00,99.0,2026-09-20,02:00:00,2026-09-21 02:14:45,30.650000000000034,Zone 4,63.34,Zone 5,30.36,Zone 4,62.3,Zone 5,42.95,Zone 5,65.09,Zone 5,59.93,Zone 5,67.13,Zone 5,63.34,Zone 5,68.69,Zone 5
Assam,Golaghat,Cnb Collage Bokakhat,26.639,93.592,25.7,2026-09-21,02:00:00,100.0,2026-09-20,02:00:00,2026-09-21 02:14:45,29.450000000000045,Zone 4,61.78,Zone 5,28.23,Zone 4,60.7,Zone 5,35.61,Zone 4,63.73,Zone 5,55.54,Zone 5,65.94,Zone 5,61.78,Zone 5,67.65,Zone 5
Assam,Golaghat,Golaghat,26.5,93.9167,25.4,2026-09-21,02:00:00,95.0,2026-09-20,02:00:00,2026-09-21 02:14:45,28.350000000000023,Zone 4,60.73,Zone 5,27.77,Zone 4,59.62,Zone 5,34.76,Zone 4,62.81,Zone 5,50.5,Zone 5,65.15,Zone 5,60.73,Zone 5,66.96,Zone 5
Assam,Hailakandi,Algapur Circle,24.7543,92.5947,26.6,2026-09-21,02:00:00,100.0,2026-09-20,02:00:00,2026-09-21 02:14:45,31.55000000000001,Zone 4,63.56,Zone 5,30.49,Zone 4,62.52,Zone 5,44.17,Zone 5,65.28,Zone 5,60.18,Zone 5,67.29,Zone 5,63.56,Zone 5,68.83,Zone 5
Assam,Hailakandi,Panchgram Aegcl,24.8663,92.5938,25.5,2026-09-21,02:00:00,100.0,2026-09-20,02:00:00,2026-09-21 02:14:45,29.05000000000001,Zone 4,61.78,Zone 5,28.23,Zone 4,60.7,Zone 5,35.61,Zone 4,63.73,Zone 5,55.54,Zone 5,65.94,Zone 5,61.78,Zone 5,67.65,Zone 5
Assam,Hajoi,Lumding,25.75,93.1779,25.3,2026-09-21,02:00:00,92.0,2026-09-20,02:00:00,2026-09-21 02:14:45,27.850000000000023,Zone 4,60.09,Zone 5,27.52,Zone 4,58.87,Zone 5,34.3,Zone 4,62.25,Zone 5,47.37,Zone 5,64.67,Zone 5,60.09,Zone 5,66.53,Zone 5
Assam,Jorhat,Mariyani Aegcl,26.6318,94.3357,25.0,2026-09-21,02:00:00,100.0,2026-09-20,02:00:00,2026-09-21 02:14:45,27.950000000000045,Zone 4,60.9,Zone 5,27.22,Zone 4,59.79,Zone 5,34.38,Zone 4,62.96,Zone 5,51.33,Zone 5,65.28,Zone 5,60.9,Zone 5,67.07,Zone 5
Assam,Kamrup,Boko Aegcl,26.0159,91.1833,25.6,2026-09-21,02:00:00,100.0,2026-09-20,02:00:00,2026-09-21 02:14:45,29.25,Zone 4,61.78,Zone 5,28.23,Zone 4,60.7,Zone 5,35.61,Zone 4,63.73,Zone 5,55.54,Zone 5,65.94,Zone 5,61.78,Zone 5,67.65,Zone 5
Assam,Kamrup,Chandubi,25.8733,91.4317,26.4,2026-09-21,02:00:00,,,,2026-09-21 02:14:45,,,,,,,,,,,,,,,,,,,,
Assam,Kamrup Metropolitan,Aau Hrs,26.103,91.611,26.3,2026-09-21,02:00:00,100.0,2026-09-20,02:00:00,2026-09-21 02:14:45,30.850000000000023,Zone 4,63.56,Zone 5,30.49,Zone 4,62.52,Zone 5,44.17,Zone 5,65.28,Zone 5,60.18,Zone 5,67.29,Zone 5,63.56,Zone 5,68.83,Zone 5
Assam,Kamrup Metropolitan,Down Town University,26.2036,91.8654,25.4,2026-09-21,02:00:00,100.0,2026-09-20,02:00:00,2026-09-21 02:14:45,28.75,Zone 4,61.78,Zone 5,28.23,Zone 4,60.7,Zone 5,35.61,Zone 4,63.73,Zone 5,55.54,Zone 5,65.94,Zone 5,61.78,Zone 5,67.65,Zone 5
Assam,Kamrup Metropolitan,Gauhati University,26.1521,91.6566,26.4,2026-09-21,02:00:00,,,,2026-09-21 02:14:45,,,,,,,,,,,,,,,,,,,,
Assam,Kamrup Metropolitan,Guwahati,26.1,91.5667,25.5,2026-09-21,02:00:00,92.0,2026-09-20,02:00:00,2026-09-21 02:14:45,28.25,Zone 4,60.09,Zone 5,27.52,Zone 4,58.87,Zone 5,34.3,Zone 4,62.25,Zone 5,47.37,Zone 5,64.67,Zone 5,60.09,Zone 5,66.53,Zone 5
Assam,Kamrup Metropolitan,Guwahati City,26.1642,91.7566,25.9,2026-09-21,02:00:00,100.0,2026-09-20,02:00:00,2026-09-21 02:14:45,29.850000000000023,Zone 4,62.67,Zone 5,29.31,Zone 4,61.61,Zone 5,39.34,Zone 5,64.5,Zone 5,59.12,Zone 5,66.62,Zone 5,62.67,Zone 5,68.24,Zone 5
Assam,Kamrup Metropolitan,Kalakshetra,26.1313,91.8237,27.1,2026-09-21,02:00:00,,,,2026-09-21 02:14:45,,,,,,,,,,,,,,,,,,,,
Assam,Kamrup Metropolitan,Kamakhya,26.1036,91.5896,25.9,2026-09-21,02:00:00,100.0,2026-09-20,02:00:00,2026-09-21 02:14:45,29.850000000000023,Zone 4,62.67,Zone 5,29.31,Zone 4,61.61,Zone 5,39.34,Zone 5,64.5,Zone 5,59.12,Zone 5,66.62,Zone 5,62.67,Zone 5,68.24,Zone 5
Assam,Kamrup Metropolitan,N Ght College,26.2023,91.7454,29.8,2026-09-21,02:00:00,,,,2026-09-21 02:14:45,,,,,,,,,,,,,,,,,,,,
Assam,Kamrup Metropolitan,Vcbc Rani,26.00194,91.547729,25.6,2026-09-21,02:00:00,100.0,2026-09-20,02:00:00,2026-09-21 02:14:45,29.25,Zone 4,61.78,Zone 5,28.23,Zone 4,60.7,Zone 5,35.61,Zone 4,63.73,Zone 5,55.54,Zone 5,65.94,Zone 5,61.78,Zone 5,67.65,Zone 5
Assam,Karbi Anglong(East),Bakulia,26.0545,93.2009,26.4,2026-09-21,02:00:00,88.0,2026-09-20,02:00:00,2026-09-21 02:14:45,29.55000000000001,Zone 4,60.92,Zone 5,29.05,Zone 4,59.82,Zone 5,35.9,Zone 4,62.98,Zone 5,51.43,Zone 5,65.29,Zone 5,60.92,Zone 5,67.08,Zone 5
Assam,Karbi Anglong(East),Diphu,25.8363,93.4348,24.8,2026-09-21,02:00:00,100.0,2026-09-20,02:00:00,2026-09-21 02:14:45,27.55000000000001,Zone 4,60.9,Zone 5,27.22,Zone 4,59.79,Zone 5,34.38,Zone 4,62.96,Zone 5,51.33,Zone 5,65.28,Zone 5,60.9,Zone 5,67.07,Zone 5
Assam,Karbi Anglong(West),Habang Circle,25.7152,92.2087,20.3,2026-09-21,02:00:00,99.0,2026-09-20,02:00:00,2026-09-21 02:14:45,21.75,Zone 3,36.55,Zone 4,21.36,Zone 3,35.31,Zone 4,26.3,Zone 4,47.67,Zone 5,31.56,Zone 4,59.32,Zone 5,36.55,Zone 4,61.83,Zone 5
Assam,Karbi Anglong(West),Kheronighat,25.8495,92.8816,24.6,2026-09-21,02:00:00,90.0,2026-09-20,02:00:00,2026-09-21 02:14:45,26.55000000000001,Zone 4,55.2,Zone 5,25.67,Zone 4,50.53,Zone 5,32.02,Zone 4,60.42,Zone 5,37.94,Zone 5,63.07,Zone 5,55.2,Zone 5,65.13,Zone 5
Assam,Karbi Anglong(West),Umlapher,25.796,92.2356,19.5,2026-09-21,02:00:00,100.0,2026-09-20,02:00:00,2026-09-21 02:14:45,20.850000000000023,Zone 3,34.98,Zone 4,20.17,Zone 3,33.84,Zone 4,25.12,Zone 3,42.59,Zone 5,30.14,Zone 4,56.08,Zone 5,34.98,Zone 4,60.84,Zone 5
Assam,Karbi Anglong(West),Umpanai Apdcl,,,,,,36.0,2026-09-20,02:00:00,2026-09-21 02:14:45,,,,,,,,,,,,,,,,,,,,
Assam,Karimganj,Harinagar,,,,,,14.0,2026-09-20,02:00:00,2026-09-21 02:14:45,,,,,,,,,,,,,,,,,,,,
Assam,Karimganj,Karimganj Amfu,24.8339,92.3833,26.5,2026-09-21,02:00:00,100.0,2026-09-20,02:00:00,2026-09-21 02:14:45,31.350000000000023,Zone 4,63.56,Zone 5,30.49,Zone 4,62.52,Zone 5,44.17,Zone 5,65.28,Zone 5,60.18,Zone 5,67.29,Zone 5,63.56,Zone 5,68.83,Zone 5
Assam,Kokrajhar,Salakati Aegcl,26.4407,90.368,26.3,2026-09-21,02:00:00,100.0,2026-09-20,02:00:00,2026-09-21 02:14:45,30.850000000000023,Zone 4,63.56,Zone 5,30.49,Zone 4,62.52,Zone 5,44.17,Zone 5,65.28,Zone 5,60.18,Zone 5,67.29,Zone 5,63.56,Zone 5,68.83,Zone 5
Assam,Lakhimpur,Lakhimpur,27.2808,94.1103,24.9,2026-09-21,02:00:00,100.0,2026-09-20,02:00:00,2026-09-21 02:14:45,27.75,Zone 4,60.9,Zone 5,27.22,Zone 4,59.79,Zone 5,34.38,Zone 4,62.96,Zone 5,51.33,Zone 5,65.28,Zone 5,60.9,Zone 5,67.07,Zone 5
Assam,Majuli,Majuli,26.9778,94.1445,24.8,2026-09-21,02:00:00,100.0,2026-09-20,02:00:00,2026-09-21 02:14:45,27.55000000000001,Zone 4,60.9,Zone 5,27.22,Zone 4,59.79,Zone 5,34.38,Zone 4,62.96,Zone 5,51.33,Zone 5,65.28,Zone 5,60.9,Zone 5,67.07,Zone 5
Assam,Marigaon,Dharamtul,26.1689,92.3569,26.3,2026-09-21,02:00:00,100.0,2026-09-20,02:00:00,2026-09-21 02:14:45,30.850000000000023,Zone 4,63.56,Zone 5,30.49,Zone 4,62.52,Zone 5,44.17,Zone 5,65.28,Zone 5,60.18,Zone 5,67.29,Zone 5,63.56,Zone 5,68.83,Zone 5
Assam,Marigaon,Laharighat,26.42,92.33,26.4,2026-09-21,02:00:00,89.0,2026-09-20,02:00:00,2026-09-21 02:14:45,29.650000000000034,Zone 4,61.15,Zone 5,29.16,Zone 4,60.05,Zone 5,36.08,Zone 4,63.17,Zone 5,52.52,Zone 5,65.46,Zone 5,61.15,Zone 5,67.23,Zone 5
Assam,Marigaon,Marigaon,26.2394,92.2939,26.7,2026-09-21,02:00:00,100.0,2026-09-20,02:00:00,2026-09-21 02:14:45,31.850000000000023,Zone 4,63.56,Zone 5,30.49,Zone 4,62.52,Zone 5,44.17,Zone 5,65.28,Zone 5,60.18,Zone 5,67.29,Zone 5,63.56,Zone 5,68.83,Zone 5
Assam,Nagaon,Kampur,26.1625,92.6646,22.1,2026-09-21,02:00:00,43.0,2026-09-20,02:00:00,2026-09-21 02:14:45,21.150000000000034,Zone 3,33.58,Zone 4,20.26,Zone 3,32.93,Zone 4,25.78,Zone 4,36.61,Zone 4,29.81,Zone 4,40.09,Zone 4,33.58,Zone 4,47.24,Zone 5
Assam,Nagaon,Samaguri Aegcl,26.4055,92.843,26.4,2026-09-21,02:00:00,100.0,2026-09-20,02:00:00,2026-09-21 02:14:45,31.05000000000001,Zone 4,63.56,Zone 5,30.49,Zone 4,62.52,Zone 5,44.17,Zone 5,65.28,Zone 5,60.18,Zone 5,67.29,Zone 5,63.56,Zone 5,68.83,Zone 5
Assam,Nalbari,Nalbari,26.4446,91.4411,29.9,2026-09-21,02:00:00,98.0,2026-09-20,02:00:00,2026-09-21 02:14:45,58.75,Zone 5,69.51,Zone 6,57.45,Zone 5,68.66,Zone 5,63.98,Zone 5,71.67,Zone 6,67.25,Zone 5,75.14,Zone 6,69.51,Zone 6,78.58,Zone 6
Assam,Nalbari,Nalbari Kvk,26.4707,91.4285,26.4,2026-09-21,02:00:00,100.0,2026-09-20,02:00:00,2026-09-21 02:14:45,31.05000000000001,Zone 4,63.56,Zone 5,30.49,Zone 4,62.52,Zone 5,44.17,Zone 5,65.28,Zone 5,60.18,Zone 5,67.29,Zone 5,63.56,Zone 5,68.83,Zone 5
Assam,Nalbari,Tihu,26.47,91.26,26.8,2026-09-21,02:00:00,90.0,2026-09-20,02:00:00,2026-09-21 02:14:45,30.650000000000034,Zone 4,62.23,Zone 5,30.33,Zone 4,61.16,Zone 5,37.53,Zone 4,64.12,Zone 5,57.53,Zone 5,66.28,Zone 5,62.23,Zone 5,67.95,Zone 5
Assam,Sivasagar,Sivsagar Aegcl,27.0212,94.6722,25.0,2026-09-21,02:00:00,100.0,2026-09-20,02:00:00,2026-09-21 02:14:45,27.950000000000045,Zone 4,60.9,Zone 5,27.22,Zone 4,59.79,Zone 5,34.38,Zone 4,62.96,Zone 5,51.33,Zone 5,65.28,Zone 5,60.9,Zone 5,67.07,Zone 5
Assam,Sonitpur,Dhekiajuli Aegcl,26.6928,92.3765,26.4,2026-09-21,02:00:00,100.0,2026-09-20,02:00:00,2026-09-21 02:14:45,31.05000000000001,Zone 4,63.56,Zone 5,30.49,Zone 4,62.52,Zone 5,44.17,Zone 5,65.28,Zone 5,60.18,Zone 5,67.29,Zone 5,63.56,Zone 5,68.83,Zone 5
Assam,Sonitpur,Ghoramara Aegcl,26.7622,92.7604,26.5,2026-09-21,02:00:00,100.0,2026-09-20,02:00:00,2026-09-21 02:14:45,31.350000000000023,Zone 4,63.56,Zone 5,30.49,Zone 4,62.52,Zone 5,44.17,Zone 5,65.28,Zone 5,60.18,Zone 5,67.29,Zone 5,63.56,Zone 5,68.83,Zone 5
Assam,Sonitpur,Neriwalam,26.6405,92.817,26.4,2026-09-21,01:15:00,,,,2026-09-21 02:14:45,,,,,,,,,,,,,,,,,,,,
Assam,Tamulpur,Mushalpur,26.6594,91.3409,26.1,2026-09-21,02:00:00,97.0,2026-09-20,02:00:00,2026-09-21 02:14:45,29.950000000000045,Zone 4,62.03,Zone 5,28.98,Zone 4,60.95,Zone 5,36.34,Zone 4,63.94,Zone 5,56.66,Zone 5,66.13,Zone 5,62.03,Zone 5,67.82,Zone 5
Assam,Tinsukia,Margherita,27.2954,95.6564,24.8,2026-09-21,02:00:00,100.0,2026-09-20,02:00:00,2026-09-21 02:14:45,27.55000000000001,Zone 4,60.9,Zone 5,27.22,Zone 4,59.79,Zone 5,34.38,Zone 4,62.96,Zone 5,51.33,Zone 5,65.28,Zone 5,60.9,Zone 5,67.07,Zone 5
Assam,Tinsukia,Ntps Apdcl,27.1791,95.3749,25.0,2026-09-21,02:00:00,100.0,2026-09-20,02:00:00,2026-09-21 02:14:45,27.950000000000045,Zone 4,60.9,Zone 5,27.22,Zone 4,59.79,Zone 5,34.38,Zone 4,62.96,Zone 5,51.33,Zone 5,65.28,Zone 5,60.9,Zone 5,67.07,Zone 5
Assam,Tinsukia,Rupai Aegcl,27.5989,95.566,24.5,2026-09-21,02:00:00,100.0,2026-09-20,02:00:00,2026-09-21 02:14:45,27.05000000000001,Zone 4,60.03,Zone 5,26.29,Zone 4,58.62,Zone 5,33.24,Zone 4,62.19,Zone 5,47.04,Zone 5,64.61,Zone 5,60.03,Zone 5,66.49,Zone 5
Assam,Tinsukia,Tinsukia,27.4886,95.3558,24.6,2026-09-21,02:00:00,94.0,2026-09-20,02:00:00,2026-09-21 02:14:45,26.75,Zone 4,58.28,Zone 5,25.91,Zone 4,53.94,Zone 5,32.48,Zone 4,61.13,Zone 5,41.36,Zone 5,63.69,Zone 5,58.28,Zone 5,65.68,Zone 5
Assam,Udalguri,Rowta Aegcl,26.7224,92.1909,26.2,2026-09-21,02:00:00,100.0,2026-09-20,02:00:00,2026-09-21 02:14:45,30.55000000000001,Zone 4,62.67,Zone 5,29.31,Zone 4,61.61,Zone 5,39.34,Zone 5,64.5,Zone 5,59.12,Zone 5,66.62,Zone 5,62.67,Zone 5,68.24,Zone 5
Assam,Udalguri,Tangla,26.6589,91.91,26.2,2026-09-21,02:00:00,100.0,2026-09-20,02:00:00,2026-09-21 02:14:45,30.55000000000001,Zone 4,62.67,Zone 5,29.31,Zone 4,61.61,Zone 5,39.34,Zone 5,64.5,Zone 5,59.12,Zone 5,66.62,Zone 5,62.67,Zone 5,68.24,Zone 5
Assam,Udalguri,Udalguri,26.7322,92.0939,26.4,2026-09-21,02:00:00,100.0,2026-09-20,02:00:00,2026-09-21 02:14:45,31.05000000000001,Zone 4,63.56,Zone 5,30.49,Zone 4,62.52,Zone 5,44.17,Zone 5,65.28,Zone 5,60.18,Zone 5,67.29,Zone 5,63.56,Zone 5,68.83,Zone 5
Assam,Udalguri,Udi Kvk,26.6531,92.1803,25.7,2026-09-21,02:00:00,,,,2026-09-21 02:14:45,,,,,,,,,,,,,,,,,,,,
Bihar,Araria,Araria Kvk,26.1183,87.4492,26.3,2026-09-21,02:00:00,100.0,2026-09-20,02:00:00,2026-09-21 02:14:45,30.850000000000023,Zone 4,63.56,Zone 5,30.49,Zone 4,62.52,Zone 5,44.17,Zone 5,65.28,Zone 5,60.18,Zone 5,67.29,Zone 5,63.56,Zone 5,68.83,Zone 5
Bihar,Arwal,Arwal Aws400,25.1495,84.5135,24.7,2026-09-21,02:00:00,100.0,2026-09-20,02:00:00,2026-09-21 02:14:45,27.350000000000023,Zone 4,60.03,Zone 5,26.29,Zone 4,58.62,Zone 5,33.24,Zone 4,62.19,Zone 5,47.04,Zone 5,64.61,Zone 5,60.03,Zone 5,66.49,Zone 5
Bihar,Aurangabad,Aurangabad Kvk,24.8373,84.2844,25.4,2026-09-21,02:00:00,100.0,2026-09-20,02:00:00,2026-09-21 02:14:45,28.75,Zone 4,61.78,Zone 5,28.23,Zone 4,60.7,Zone 5,35.61,Zone 4,63.73,Zone 5,55.54,Zone 5,65.94,Zone 5,61.78,Zone 5,67.65,Zone 5
Bihar,Buxar,Dumaraon,25.5333,84.1592,24.7,2026-09-21,02:00:00,100.0,2026-09-20,02:00:00,2026-09-21 02:14:45,27.350000000000023,Zone 4,60.03,Zone 5,26.29,Zone 4,58.62,Zone 5,33.24,Zone 4,62.19,Zone 5,47.04,Zone 5,64.61,Zone 5,60.03,Zone 5,66.49,Zone 5
Bihar,Darbhanga,Darbhanga Aws400,26.1642,85.9004,25.8,2026-09-21,02:00:00,100.0,2026-09-20,02:00:00,2026-09-21 02:14:45,29.650000000000034,Zone 4,62.67,Zone 5,29.31,Zone 4,61.61,Zone 5,39.34,Zone 5,64.5,Zone 5,59.12,Zone 5,66.62,Zone 5,62.67,Zone 5,68.24,Zone 5
Bihar,Gaya,Bodhgaya,24.6837,84.9635,25.1,2026-09-21,02:00:00,100.0,2026-09-20,02:00:00,2026-09-21 02:14:45,28.150000000000034,Zone 4,60.9,Zone 5,27.22,Zone 4,59.79,Zone 5,34.38,Zone 4,62.96,Zone 5,51.33,Zone 5,65.28,Zone 5,60.9,Zone 5,67.07,Zone 5
Bihar,Jehanabad,Jehanabad,25.18143,85.13712,26.3,2026-09-21,02:00:00,100.0,2026-09-20,02:00:00,2026-09-21 02:14:45,30.850000000000023,Zone 4,63.56,Zone 5,30.49,Zone 4,62.52,Zone 5,44.17,Zone 5,65.28,Zone 5,60.18,Zone 5,67.29,Zone 5,63.56,Zone 5,68.83,Zone 5
Bihar,Kaimur,Bhabua,25.0481,83.6139,31.4,2026-09-21,02:00:00,91.0,2026-09-20,02:00:00,2026-09-21 02:14:45,60.85000000000002,Zone 5,71.4,Zone 6,60.51,Zone 5,69.96,Zone 6,65.46,Zone 5,73.52,Zone 6,68.43,Zone 5,76.98,Zone 6,71.4,Zone 6,80.41,Zone 6
Bihar,Madhepura,Madhepura,25.9184,86.8043,26.0,2026-09-21,02:00:00,100.0,2026-09-20,02:00:00,2026-09-21 02:14:45,30.150000000000034,Zone 4,62.67,Zone 5,29.31,Zone 4,61.61,Zone 5,39.34,Zone 5,64.5,Zone 5,59.12,Zone 5,66.62,Zone 5,62.67,Zone 5,68.24,Zone 5
Bihar,Madhubani,Sukhet,26.2644,86.3199,26.4,2026-09-21,02:00:00,100.0,2026-09-20,02:00:00,2026-09-21 02:14:45,31.05000000000001,Zone 4,63.56,Zone 5,30.49,Zone 4,62.52,Zone 5,44.17,Zone 5,65.28,Zone 5,60.18,Zone 5,67.29,Zone 5,63.56,Zone 5,68.83,Zone 5
Bihar,Munger,Kvk Munger,25.3706,86.4997,26.4,2026-09-21,02:00:00,,,,2026-09-21 02:14:45,,,,,,,,,,,,,,,,,,,,
Bihar,Nalanda,Rajgir,25.0119,85.3755,25.4,2026-09-21,02:00:00,100.0,2026-09-20,02:00:00,2026-09-21 02:14:45,28.75,Zone 4,61.78,Zone 5,28.23,Zone 4,60.7,Zone 5,35.61,Zone 4,63.73,Zone 5,55.54,Zone 5,65.94,Zone 5,61.78,Zone 5,67.65,Zone 5
Bihar,Patna,Baldwin Academy,25.5634,85.2214,28.0,2026-09-21,02:00:00,93.0,2026-09-20,02:00:00,2026-09-21 02:14:45,34.150000000000034,Zone 4,64.66,Zone 5,33.27,Zone 4,63.66,Zone 5,50.75,Zone 5,66.25,Zone 5,61.5,Zone 5,68.12,Zone 5,64.66,Zone 5,69.91,Zone 6
Bihar,Patna,Iit Patna,25.538424,84.845999,25.4,2026-09-21,02:00:00,100.0,2026-09-20,02:00:00,2026-09-21 02:14:45,28.75,Zone 4,61.78,Zone 5,28.23,Zone 4,60.7,Zone 5,35.61,Zone 4,63.73,Zone 5,55.54,Zone 5,65.94,Zone 5,61.78,Zone 5,67.65,Zone 5
Bihar,Patna,Kvk Barh,25.4542,85.7213,26.3,2026-09-21,02:00:00,100.0,2026-09-20,02:00:00,2026-09-21 02:14:45,30.850000000000023,Zone 4,63.56,Zone 5,30.49,Zone 4,62.52,Zone 5,44.17,Zone 5,65.28,Zone 5,60.18,Zone 5,67.29,Zone 5,63.56,Zone 5,68.83,Zone 5
Bihar,Rohtas,Bikramganj,25.2225,84.24,24.8,2026-09-21,02:00:00,100.0,2026-09-20,02:00:00,2026-09-21 02:14:45,27.55000000000001,Zone 4,60.9,Zone 5,27.22,Zone 4,59.79,Zone 5,34.38,Zone 4,62.96,Zone 5,51.33,Zone 5,65.28,Zone 5,60.9,Zone 5,67.07,Zone 5
Bihar,Rohtas,Dehri,24.8895,84.1715,31.1,2026-09-21,02:00:00,92.0,2026-09-20,02:00:00,2026-09-21 02:14:45,60.25,Zone 5,70.16,Zone 6,59.23,Zone 5,69.01,Zone 5,64.49,Zone 5,72.3,Zone 6,67.65,Zone 5,75.77,Zone 6,70.16,Zone 6,79.2,Zone 6
Bihar,Saharsa,Agwanpur Aws400,25.9288,86.5597,25.4,2026-09-21,02:00:00,100.0,2026-09-20,02:00:00,2026-09-21 02:14:45,28.75,Zone 4,61.78,Zone 5,28.23,Zone 4,60.7,Zone 5,35.61,Zone 4,63.73,Zone 5,55.54,Zone 5,65.94,Zone 5,61.78,Zone 5,67.65,Zone 5
Bihar,Samastipur,Pusa Aws400,25.9793,85.6771,25.4,2026-09-21,02:00:00,100.0,2026-09-20,02:00:00,2026-09-21 02:14:45,28.75,Zone 4,61.78,Zone 5,28.23,Zone 4,60.7,Zone 5,35.61,Zone 4,63.73,Zone 5,55.54,Zone 5,65.94,Zone 5,61.78,Zone 5,67.65,Zone 5
Bihar,Saran,Manjhi,25.8419,84.5898,25.8,2026-09-21,02:00:00,71.0,2026-09-20,02:00:00,2026-09-21 02:14:45,27.150000000000034,Zone 4,48.03,Zone 5,26.8,Zone 4,43.36,Zone 5,32.49,Zone 4,58.61,Zone 5,37.69,Zone 4,61.74,Zone 5,48.03,Zone 5,63.96,Zone 5
Bihar,Sheikpura,Sheikpura Kvk,25.0739,85.851,26.3,2026-09-21,02:00:00,,,,2026-09-21 02:14:45,,,,,,,,,,,,,,,,,,,,
Bihar,Siwan,Ziradei,26.1484,84.2689,25.4,2026-09-21,02:00:00,100.0,2026-09-20,02:00:00,2026-09-21 02:14:45,28.75,Zone 4,61.78,Zone 5,28.23,Zone 4,60.7,Zone 5,35.61,Zone 4,63.73,Zone 5,55.54,Zone 5,65.94,Zone 5,61.78,Zone 5,67.65,Zone 5
Bihar,Supaul,Supaul Aws400,26.3047,86.8382,26.0,2026-09-21,02:00:00,100.0,2026-09-20,02:00:00,2026-09-21 02:14:45,30.150000000000034,Zone 4,62.67,Zone 5,29.31,Zone 4,61.61,Zone 5,39.34,Zone 5,64.5,Zone 5,59.12,Zone 5,66.62,Zone 5,62.67,Zone 5,68.24,Zone 5
Bihar,Vaishali,Vaishali,25.7373,85.2498,25.3,2026-09-21,02:00:00,100.0,2026-09-20,02:00:00,2026-09-21 02:14:45,28.55000000000001,Zone 4,61.78,Zone 5,28.23,Zone 4,60.7,Zone 5,35.61,Zone 4,63.73,Zone 5,55.54,Zone 5,65.94,Zone 5,61.78,Zone 5,67.65,Zone 5
Chandigarh,Chandigarh,Chandigarh,30.6833,76.8333,25.8,2026-09-21,02:00:00,,,,2026-09-21 02:14:45,,,,,,,,,,,,,,,,,,,,
Chandigarh,Chandigarh,Dav School,30.7347,76.806,25.2,2026-09-21,02:00:00,87.0,2026-09-20,02:00:00,2026-09-21 02:14:45,27.25,Zone 4,55.98,Zone 5,26.29,Zone 4,51.38,Zone 5,32.61,Zone 4,60.59,Zone 5,38.74,Zone 5,63.22,Zone 5,55.98,Zone 5,65.26,Zone 5
Chhattisgarh,Balrampur,Balrampur,23.6022,83.6093,24.7,2026-09-21,01:45:00,91.0,2026-09-20,01:45:00,2026-09-21 02:14:45,26.75,Zone 4,56.0,Zone 5,25.73,Zone 4,51.39,Zone 5,32.13,Zone 4,60.6,Zone 5,38.76,Zone 5,63.22,Zone 5,56.0,Zone 5,65.26,Zone 5
Chhattisgarh,Balrampur,Balrampur Aws400,23.6026,83.6098,23.7,2026-09-21,02:00:00,100.0,2026-09-20,02:00:00,2026-09-21 02:14:45,25.650000000000034,Zone 4,56.39,Zone 5,24.83,Zone 3,51.81,Zone 5,31.19,Zone 4,60.68,Zone 5,39.18,Zone 5,63.3,Zone 5,56.39,Zone 5,65.33,Zone 5
Chhattisgarh,Bemetara,Bemetara,21.7014,81.5474,25.0,2026-09-21,02:00:00,100.0,2026-09-20,02:00:00,2026-09-21 02:14:45,27.950000000000045,Zone 4,60.9,Zone 5,27.22,Zone 4,59.79,Zone 5,34.38,Zone 4,62.96,Zone 5,51.33,Zone 5,65.28,Zone 5,60.9,Zone 5,67.07,Zone 5
Chhattisgarh,Bilaspur,Bilaspur,22.106,82.1426,25.1,2026-09-21,02:00:00,96.0,2026-09-20,02:00:00,2026-09-21 02:14:45,27.850000000000023,Zone 4,60.08,Zone 5,26.91,Zone 4,58.8,Zone 5,33.78,Zone 4,62.24,Zone 5,47.28,Zone 5,64.65,Zone 5,60.08,Zone 5,66.52,Zone 5
Chhattisgarh,Gariaband,Gariaband,20.6321,82.0606,26.6,2026-09-21,02:00:00,,,,2026-09-21 02:14:45,,,,,,,,,,,,,,,,,,,,
Chhattisgarh,Janjgir Champa,Janjgir,22.01,82.6004,21.9,2026-09-21,02:00:00,34.0,2026-09-20,02:00:00,2026-09-21 02:14:45,20.450000000000045,Zone 3,32.94,Zone 4,19.68,Zone 3,32.38,Zone 4,25.47,Zone 4,35.9,Zone 4,29.33,Zone 4,39.22,Zone 4,32.94,Zone 4,42.42,Zone 4
Chhattisgarh,Janjgir Champa,Nawagarh,21.8339,82.6411,25.7,2026-09-21,02:00:00,100.0,2026-09-20,02:00:00,2026-09-21 02:14:45,29.450000000000045,Zone 4,61.78,Zone 5,28.23,Zone 4,60.7,Zone 5,35.61,Zone 4,63.73,Zone 5,55.54,Zone 5,65.94,Zone 5,61.78,Zone 5,67.65,Zone 5
Chhattisgarh,Janjgir Champa,Sakti,22.0242,82.9583,24.1,2026-09-21,02:00:00,100.0,2026-09-20,02:00:00,2026-09-21 02:14:45,26.350000000000023,Zone 4,59.15,Zone 5,25.42,Zone 4,55.33,Zone 5,32.18,Zone 4,61.44,Zone 5,42.93,Zone 5,63.96,Zone 5,59.15,Zone 5,65.91,Zone 5
Chhattisgarh,Jashpur,Pathalgaon,,,,,,100.0,2026-09-20,02:00:00,2026-09-21 02:14:45,,,,,,,,,,,,,,,,,,,,
Chhattisgarh,Kabirdham,Chilpi,,,,,,61.0,2026-09-20,02:00:00,2026-09-21 02:14:45,,,,,,,,,,,,,,,,,,,,
Chhattisgarh,Kabirdham,Kawardha,22.0103,81.2204,25.1,2026-09-21,02:00:00,100.0,2026-09-20,02:00:00,2026-09-21 02:14:45,28.150000000000034,Zone 4,60.9,Zone 5,27.22,Zone 4,59.79,Zone 5,34.38,Zone 4,62.96,Zone 5,51.33,Zone 5,65.28,Zone 5,60.9,Zone 5,67.07,Zone 5
Chhattisgarh,Korba,Lakhanpur Kvk,22.472,82.5232,24.6,2026-09-21,02:00:00,,,,2026-09-21 02:14:45,,,,,,,,,,,,,,,,,,,,
Chhattisgarh,Mahasamund,Pithora,21.2193,82.5092,24.4,2026-09-21,02:00:00,90.0,2026-09-20,02:00:00,2026-09-21 02:14:45,26.150000000000034,Zone 4,55.2,Zone 5,25.67,Zone 4,50.53,Zone 5,32.02,Zone 4,60.42,Zone 5,37.94,Zone 5,63.07,Zone 5,55.2,Zone 5,65.13,Zone 5
Chhattisgarh,Mungeli,Lormi,22.2711,81.6869,25.6,2026-09-21,02:00:00,100.0,2026-09-20,02:00:00,2026-09-21 02:14:45,29.25,Zone 4,61.78,Zone 5,28.23,Zone 4,60.7,Zone 5,35.61,Zone 4,63.73,Zone 5,55.54,Zone 5,65.94,Zone 5,61.78,Zone 5,67.65,Zone 5
Chhattisgarh,Mungeli,Mungeli Aws400,22.0839,81.7266,25.6,2026-09-21,02:00:00,,,,2026-09-21 02:14:45,,,,,,,,,,,,,,,,,,,,
Chhattisgarh,Pendra Road,Pendra Road,22.7595,81.8993,23.1,2026-09-21,02:00:00,98.0,2026-09-20,02:00:00,2026-09-21 02:14:45,24.850000000000023,Zone 3,51.44,Zone 5,24.22,Zone 3,46.63,Zone 5,30.09,Zone 4,59.6,Zone 5,35.88,Zone 4,62.36,Zone 5,51.44,Zone 5,64.5,Zone 5
Chhattisgarh,Raipur,Naya Raipur,21.1592,81.803,25.6,2026-09-21,02:00:00,,,,2026-09-21 02:14:45,,,,,,,,,,,,,,,,,,,,
Chhattisgarh,Raipur,Raipur,21.2115,81.6596,26.3,2026-09-21,02:00:00,83.0,2026-09-20,02:00:00,2026-09-21 02:14:45,28.850000000000023,Zone 4,59.79,Zone 5,28.56,Zone 4,57.79,Zone 5,35.05,Zone 4,61.99,Zone 5,45.9,Zone 5,64.44,Zone 5,59.79,Zone 5,66.33,Zone 5
Chhattisgarh,Rajnandgaon,Rajnandgaon,21.1007,81.0326,25.7,2026-09-21,02:00:00,89.0,2026-09-20,02:00:00,2026-09-21 02:14:45,28.350000000000023,Zone 4,59.45,Zone 5,27.28,Zone 4,56.49,Zone 5,33.86,Zone 4,61.69,Zone 5,44.28,Zone 5,64.18,Zone 5,59.45,Zone 5,66.1,Zone 5
Chhattisgarh,Sukma,Sukma,18.3909,81.6569,25.2,2026-09-21,02:00:00,100.0,2026-09-20,02:00:00,2026-09-21 02:14:45,28.350000000000023,Zone 4,60.9,Zone 5,27.22,Zone 4,59.79,Zone 5,34.38,Zone 4,62.96,Zone 5,51.33,Zone 5,65.28,Zone 5,60.9,Zone 5,67.07,Zone 5
Chhattisgarh,Surajpur,Surajpur Aws400,23.2137,82.8687,23.9,2026-09-21,02:00:00,90.0,2026-09-20,02:00:00,2026-09-21 02:14:45,25.450000000000045,Zone 4,51.84,Zone 5,25.0,Zone 3,47.05,Zone 5,31.11,Zone 4,59.69,Zone 5,36.78,Zone 4,62.44,Zone 5,51.84,Zone 5,64.57,Zone 5
Dadra And Nagar Haveli,Dadar Nagar,Silvassa,20.2703,73.0049,26.7,2026-09-21,02:00:00,100.0,2026-09-20,02:00:00,2026-09-21 02:14:45,31.850000000000023,Zone 4,63.56,Zone 5,30.49,Zone 4,62.52,Zone 5,44.17,Zone 5,65.28,Zone 5,60.18,Zone 5,67.29,Zone 5,63.56,Zone 5,68.83,Zone 5
Daman And Diu,Daman,Daman Aws,20.4,72.8331,26.1,2026-09-21,02:00:00,100.0,2026-09-20,02:00:00,2026-09-21 02:14:45,30.350000000000023,Zone 4,62.67,Zone 5,29.31,Zone 4,61.61,Zone 5,39.34,Zone 5,64.5,Zone 5,59.12,Zone 5,66.62,Zone 5,62.67,Zone 5,68.24,Zone 5
Daman And Diu,Diu,Diu,20.72,70.9167,23.5,2026-09-21,02:00:00,96.0,2026-09-20,02:00:00,2026-09-21 02:14:45,25.150000000000034,Zone 3,53.32,Zone 5,24.69,Zone 3,48.54,Zone 5,30.8,Zone 4,60.0,Zone 5,36.63,Zone 4,62.71,Zone 5,53.32,Zone 5,64.81,Zone 5
Delhi,East Delhi,Salwan Public School,28.6127,77.3075,26.4,2026-09-21,02:00:00,99.0,2026-09-20,02:00:00,2026-09-21 02:14:45,30.950000000000045,Zone 4,63.34,Zone 5,30.36,Zone 4,62.3,Zone 5,42.95,Zone 5,65.09,Zone 5,59.93,Zone 5,67.13,Zone 5,63.34,Zone 5,68.69,Zone 5
Delhi,North West Delhi,Mungeshpur,28.8084,76.9697,27.1,2026-09-21,02:00:00,89.0,2026-09-20,02:00:00,2026-09-21 02:14:45,31.150000000000034,Zone 4,62.0,Zone 5,30.2,Zone 4,60.92,Zone 5,37.32,Zone 4,63.92,Zone 5,56.53,Zone 5,66.11,Zone 5,62.0,Zone 5,67.8,Zone 5
Delhi,North West Delhi,Pitampura,28.7042,77.1504,27.8,2026-09-21,02:00:00,97.0,2026-09-20,02:00:00,2026-09-21 02:14:45,34.35000000000002,Zone 4,65.58,Zone 5,34.11,Zone 4,64.62,Zone 5,56.17,Zone 5,67.05,Zone 5,62.6,Zone 5,68.82,Zone 5,65.58,Zone 5,71.54,Zone 6
Delhi,South Delhi,Lodi Road,28.5885,77.2224,26.4,2026-09-21,02:00:00,,,,2026-09-21 02:14:45,,,,,,,,,,,,,,,,,,,,
Delhi,South Delhi,Pharma Science And Research Un,28.5168,77.2234,25.5,2026-09-21,02:00:00,100.0,2026-09-20,02:00:00,2026-09-21 02:14:45,29.05000000000001,Zone 4,61.78,Zone 5,28.23,Zone 4,60.7,Zone 5,35.61,Zone 4,63.73,Zone 5,55.54,Zone 5,65.94,Zone 5,61.78,Zone 5,67.65,Zone 5
Delhi,South West Delhi,Ayanagar,28.4837,77.1271,23.3,2026-09-21,02:00:00,88.0,2026-09-20,02:00:00,2026-09-21 02:14:45,24.650000000000034,Zone 3,46.77,Zone 5,24.38,Zone 3,42.14,Zone 5,30.08,Zone 4,57.63,Zone 5,35.55,Zone 4,61.5,Zone 5,46.77,Zone 5,63.75,Zone 5
Delhi,South West Delhi,Ignou,28.4935,77.2013,24.4,2026-09-21,02:00:00,83.0,2026-09-20,02:00:00,2026-09-21 02:14:45,25.75,Zone 4,49.22,Zone 5,25.28,Zone 3,44.48,Zone 5,31.28,Zone 4,59.14,Zone 5,36.74,Zone 4,61.96,Zone 5,49.22,Zone 5,64.15,Zone 5
Delhi,South West Delhi,Jafarpur,28.5938,76.9093,25.6,2026-09-21,02:00:00,,,,2026-09-21 02:14:45,,,,,,,,,,,,,,,,,,,,
Delhi,South West Delhi,Kvk Crpf Campus,28.6322,76.9547,25.0,2026-09-21,02:00:00,98.0,2026-09-20,02:00:00,2026-09-21 02:14:45,27.850000000000023,Zone 4,60.49,Zone 5,27.07,Zone 4,59.37,Zone 5,34.07,Zone 4,62.6,Zone 5,49.31,Zone 5,64.97,Zone 5,60.49,Zone 5,66.8,Zone 5
Delhi,South West Delhi,Kv Narayna,28.6155,77.1367,25.4,2026-09-21,02:00:00,85.0,2026-09-20,02:00:00,2026-09-21 02:14:45,27.450000000000045,Zone 4,57.47,Zone 5,26.98,Zone 4,53.03,Zone 5,33.31,Zone 4,60.94,Zone 5,40.39,Zone 5,63.52,Zone 5,57.47,Zone 5,65.53,Zone 5
Delhi,South West Delhi,Najafgarh,28.6357,77.0005,25.9,2026-09-21,02:00:00,100.0,2026-09-20,02:00:00,2026-09-21 02:14:45,29.850000000000023,Zone 4,62.67,Zone 5,29.31,Zone 4,61.61,Zone 5,39.34,Zone 5,64.5,Zone 5,59.12,Zone 5,66.62,Zone 5,62.67,Zone 5,68.24,Zone 5
Delhi,West Delhi,Kv Janakpuri,28.6178,77.0858,26.4,2026-09-21,02:00:00,,,,2026-09-21 02:14:45,,,,,,,,,,,,,,,,,,,,
Goa,North Goa,Goa State Biodiversity Board,15.5345,73.7916,26.1,2026-09-21,02:00:00,99.0,2026-09-20,02:00:00,2026-09-21 02:14:45,30.25,Zone 4,62.46,Zone 5,29.2,Zone 4,61.39,Zone 5,38.29,Zone 5,64.32,Zone 5,58.51,Zone 5,66.45,Zone 5,62.46,Zone 5,68.1,Zone 5
Goa,North Goa,Mopa Airport,15.7342,73.8602,25.9,2026-09-21,02:00:00,99.0,2026-09-20,02:00:00,2026-09-21 02:14:45,29.75,Zone 4,62.46,Zone 5,29.2,Zone 4,61.39,Zone 5,38.29,Zone 5,64.32,Zone 5,58.51,Zone 5,66.45,Zone 5,62.46,Zone 5,68.1,Zone 5
Goa,North Goa,Pernem,15.71,73.79,25.4,2026-09-21,02:00:00,8.0,2026-09-20,02:00:00,2026-09-21 02:14:45,23.05000000000001,Zone 3,33.97,Zone 4,22.4,Zone 3,33.56,Zone 4,27.39,Zone 4,36.67,Zone 4,30.79,Zone 4,39.61,Zone 4,33.97,Zone 4,42.45,Zone 4
Goa,Panaji,Altinho Imdoffice,15.492,73.8252,25.8,2026-09-21,02:00:00,84.0,2026-09-20,02:00:00,2026-09-21 02:14:45,28.05000000000001,Zone 4,59.19,Zone 5,27.76,Zone 4,55.48,Zone 5,34.17,Zone 4,61.47,Zone 5,43.07,Zone 5,63.98,Zone 5,59.19,Zone 5,65.93,Zone 5
Gujarat,Ahmedabad,Ahmedabad,23.07,72.6167,27.1,2026-09-21,02:00:00,100.0,2026-09-20,02:00:00,2026-09-21 02:14:45,32.950000000000045,Zone 4,64.46,Zone 5,31.79,Zone 4,63.45,Zone 5,49.51,Zone 5,66.07,Zone 5,61.26,Zone 5,67.97,Zone 5,64.46,Zone 5,69.54,Zone 6
Gujarat,Ahmedabad,Dhorela,22.2586,72.185,26.6,2026-09-21,02:00:00,100.0,2026-09-20,02:00:00,2026-09-21 02:14:45,31.55000000000001,Zone 4,63.56,Zone 5,30.49,Zone 4,62.52,Zone 5,44.17,Zone 5,65.28,Zone 5,60.18,Zone 5,67.29,Zone 5,63.56,Zone 5,68.83,Zone 5
Gujarat,Ahmedabad,Science City,23.0808,72.4943,26.3,2026-09-21,02:00:00,100.0,2026-09-20,02:00:00,2026-09-21 02:14:45,30.850000000000023,Zone 4,63.56,Zone 5,30.49,Zone 4,62.52,Zone 5,44.17,Zone 5,65.28,Zone 5,60.18,Zone 5,67.29,Zone 5,63.56,Zone 5,68.83,Zone 5
Gujarat,Amreli,Dhari Aws400,21.344,71.0193,23.3,2026-09-21,02:00:00,100.0,2026-09-20,02:00:00,2026-09-21 02:14:45,25.05000000000001,Zone 3,56.39,Zone 5,24.83,Zone 3,51.81,Zone 5,31.19,Zone 4,60.68,Zone 5,39.18,Zone 5,63.3,Zone 5,56.39,Zone 5,65.33,Zone 5
Gujarat,Amreli,Jafrabad,,,,,,94.0,2026-09-20,02:00:00,2026-09-21 02:14:45,,,,,,,,,,,,,,,,,,,,
Gujarat,Arawali,Modasa,23.4643,73.2988,25.0,2026-09-21,02:00:00,100.0,2026-09-20,02:00:00,2026-09-21 02:14:45,27.950000000000045,Zone 4,60.9,Zone 5,27.22,Zone 4,59.79,Zone 5,34.38,Zone 4,62.96,Zone 5,51.33,Zone 5,65.28,Zone 5,60.9,Zone 5,67.07,Zone 5
Gujarat,Banaskantha,Ambaji Temple,24.331,72.8517,24.6,2026-09-21,02:00:00,100.0,2026-09-20,02:00:00,2026-09-21 02:14:45,27.25,Zone 4,60.03,Zone 5,26.29,Zone 4,58.62,Zone 5,33.24,Zone 4,62.19,Zone 5,47.04,Zone 5,64.61,Zone 5,60.03,Zone 5,66.49,Zone 5
Gujarat,Banaskantha,Tharad Aws400,24.4033,71.5849,25.0,2026-09-21,02:00:00,93.0,2026-09-20,02:00:00,2026-09-21 02:14:45,27.450000000000045,Zone 4,59.45,Zone 5,26.7,Zone 4,56.49,Zone 5,33.37,Zone 4,61.69,Zone 5,44.29,Zone 5,64.18,Zone 5,59.45,Zone 5,66.1,Zone 5
Gujarat,Bharuch,Hansot Aws400,21.5822,72.8164,26.8,2026-09-21,02:00:00,100.0,2026-09-20,02:00:00,2026-09-21 02:14:45,32.150000000000034,Zone 4,64.46,Zone 5,31.79,Zone 4,63.45,Zone 5,49.51,Zone 5,66.07,Zone 5,61.26,Zone 5,67.97,Zone 5,64.46,Zone 5,69.54,Zone 6
Gujarat,Bhavnagar,Bhavnagar,21.7851,72.0793,25.3,2026-09-21,02:00:00,100.0,2026-09-20,02:00:00,2026-09-21 02:14:45,28.55000000000001,Zone 4,61.78,Zone 5,28.23,Zone 4,60.7,Zone 5,35.61,Zone 4,63.73,Zone 5,55.54,Zone 5,65.94,Zone 5,61.78,Zone 5,67.65,Zone 5
Gujarat,Bhavnagar,Talaja Aws400,21.3646,72.0261,24.4,2026-09-21,02:00:00,100.0,2026-09-20,02:00:00,2026-09-21 02:14:45,26.850000000000023,Zone 4,60.03,Zone 5,26.29,Zone 4,58.62,Zone 5,33.24,Zone 4,62.19,Zone 5,47.04,Zone 5,64.61,Zone 5,60.03,Zone 5,66.49,Zone 5
Gujarat,Dang,Dang Kvk,20.776,73.5063,25.9,2026-09-21,02:00:00,100.0,2026-09-20,02:00:00,2026-09-21 02:14:45,29.850000000000023,Zone 4,62.67,Zone 5,29.31,Zone 4,61.61,Zone 5,39.34,Zone 5,64.5,Zone 5,59.12,Zone 5,66.62,Zone 5,62.67,Zone 5,68.24,Zone 5
Gujarat,Dwarka,Dwarka,22.2403,68.9597,26.0,2026-09-21,02:00:00,92.0,2026-09-20,02:00:00,2026-09-21 02:14:45,29.25,Zone 4,60.95,Zone 5,28.47,Zone 4,59.85,Zone 5,35.43,Zone 4,63.0,Zone 5,51.57,Zone 5,65.32,Zone 5,60.95,Zone 5,67.1,Zone 5
Gujarat,Gandhinagar,Gandhinagar,23.27,72.65,26.4,2026-09-21,02:00:00,74.0,2026-09-20,02:00:00,2026-09-21 02:14:45,28.25,Zone 4,54.12,Zone 5,27.78,Zone 4,49.43,Zone 5,33.72,Zone 4,60.18,Zone 5,39.15,Zone 4,62.87,Zone 5,54.12,Zone 5,64.95,Zone 5
Gujarat,Gir Somnath,Veraval   Aws400,20.9076,70.3571,25.0,2026-09-21,02:00:00,98.0,2026-09-20,02:00:00,2026-09-21 02:14:45,27.850000000000023,Zone 4,60.49,Zone 5,27.07,Zone 4,59.37,Zone 5,34.07,Zone 4,62.6,Zone 5,49.31,Zone 5,64.97,Zone 5,60.49,Zone 5,66.8,Zone 5
Gujarat,Kachchh,Bachau Amfu,23.3031,70.36,26.9,2026-09-21,02:00:00,87.0,2026-09-20,02:00:00,2026-09-21 02:14:45,30.450000000000045,Zone 4,61.55,Zone 5,29.95,Zone 4,60.46,Zone 5,36.91,Zone 4,63.52,Zone 5,54.43,Zone 5,65.77,Zone 5,61.55,Zone 5,67.5,Zone 5
Gujarat,Kachchh,Kandla,23.15,70.2167,27.2,2026-09-21,02:00:00,84.0,2026-09-20,02:00:00,2026-09-21 02:14:45,30.75,Zone 4,60.85,Zone 5,29.61,Zone 4,59.75,Zone 5,36.33,Zone 4,62.92,Zone 5,51.1,Zone 5,65.25,Zone 5,60.85,Zone 5,67.04,Zone 5
Gujarat,Kachchh,Mundra,22.8237,69.7225,25.9,2026-09-21,02:00:00,96.0,2026-09-20,02:00:00,2026-09-21 02:14:45,29.450000000000045,Zone 4,61.82,Zone 5,28.87,Zone 4,60.73,Zone 5,36.15,Zone 4,63.76,Zone 5,55.69,Zone 5,65.97,Zone 5,61.82,Zone 5,67.68,Zone 5
Gujarat,Kachchh,Rapar,23.5507,70.6429,26.4,2026-09-21,02:00:00,98.0,2026-09-20,02:00:00,2026-09-21 02:14:45,30.75,Zone 4,63.13,Zone 5,30.22,Zone 4,62.08,Zone 5,41.75,Zone 5,64.9,Zone 5,59.67,Zone 5,66.96,Zone 5,63.13,Zone 5,68.55,Zone 5
Gujarat,Mahesana,Jagudan,23.5119,72.4023,26.6,2026-09-21,02:00:00,100.0,2026-09-20,02:00:00,2026-09-21 02:14:45,31.55000000000001,Zone 4,63.56,Zone 5,30.49,Zone 4,62.52,Zone 5,44.17,Zone 5,65.28,Zone 5,60.18,Zone 5,67.29,Zone 5,63.56,Zone 5,68.83,Zone 5
Gujarat,Mahisagar,Lunavada,23.1267,73.603,26.4,2026-09-21,02:00:00,100.0,2026-09-20,02:00:00,2026-09-21 02:14:45,31.05000000000001,Zone 4,63.56,Zone 5,30.49,Zone 4,62.52,Zone 5,44.17,Zone 5,65.28,Zone 5,60.18,Zone 5,67.29,Zone 5,63.56,Zone 5,68.83,Zone 5
Gujarat,Morbi,Halwad,23.0096,71.1891,25.6,2026-09-21,02:00:00,92.0,2026-09-20,02:00:00,2026-09-21 02:14:45,28.450000000000045,Zone 4,60.09,Zone 5,27.52,Zone 4,58.87,Zone 5,34.3,Zone 4,62.25,Zone 5,47.37,Zone 5,64.67,Zone 5,60.09,Zone 5,66.53,Zone 5
Gujarat,Patan,Patan,23.86,72.13,26.3,2026-09-21,02:00:00,91.0,2026-09-20,02:00:00,2026-09-21 02:14:45,29.75,Zone 4,61.59,Zone 5,29.38,Zone 4,60.5,Zone 5,36.46,Zone 4,63.56,Zone 5,54.64,Zone 5,65.8,Zone 5,61.59,Zone 5,67.53,Zone 5
Gujarat,Patan,Radhanpur,23.8335,71.5867,27.1,2026-09-21,02:00:00,100.0,2026-09-20,02:00:00,2026-09-21 02:14:45,32.950000000000045,Zone 4,64.46,Zone 5,31.79,Zone 4,63.45,Zone 5,49.51,Zone 5,66.07,Zone 5,61.26,Zone 5,67.97,Zone 5,64.46,Zone 5,69.54,Zone 6
Gujarat,Porbandar,Porbandar,21.6423,69.6626,24.4,2026-09-21,02:00:00,100.0,2026-09-20,02:00:00,2026-09-21 02:14:45,26.850000000000023,Zone 4,60.03,Zone 5,26.29,Zone 4,58.62,Zone 5,33.24,Zone 4,62.19,Zone 5,47.04,Zone 5,64.61,Zone 5,60.03,Zone 5,66.49,Zone 5
Gujarat,Sabarkantha,Bayad,23.21,73.21,27.2,2026-09-21,02:00:00,,,,2026-09-21 02:14:45,,,,,,,,,,,,,,,,,,,,
Gujarat,Sabarkantha,Himatnagar,,,,,,100.0,2026-09-20,02:00:00,2026-09-21 02:14:45,,,,,,,,,,,,,,,,,,,,
Gujarat,Surat,Surat,21.1439,72.75,28.5,2026-09-21,02:00:00,97.0,2026-09-20,02:00:00,2026-09-21 02:14:45,38.450000000000045,Zone 5,66.48,Zone 5,35.74,Zone 4,65.55,Zone 5,59.56,Zone 5,67.84,Zone 5,63.68,Zone 5,69.7,Zone 6,66.48,Zone 5,73.15,Zone 6
Gujarat,Surat,Surat Kvk,21.1677,72.8032,26.3,2026-09-21,02:00:00,,,,2026-09-21 02:14:45,,,,,,,,,,,,,,,,,,,,
Gujarat,Surendranagar,Surendranagar,22.73,71.62,25.6,2026-09-21,02:00:00,99.0,2026-09-20,02:00:00,2026-09-21 02:14:45,29.150000000000034,Zone 4,61.57,Zone 5,28.13,Zone 4,60.48,Zone 5,35.43,Zone 4,63.54,Zone 5,54.56,Zone 5,65.79,Zone 5,61.57,Zone 5,67.51,Zone 5
Gujarat,Tapi,Vyara Aws400,21.1024,73.3939,26.1,2026-09-21,02:00:00,100.0,2026-09-20,02:00:00,2026-09-21 02:14:45,30.350000000000023,Zone 4,62.67,Zone 5,29.31,Zone 4,61.61,Zone 5,39.34,Zone 5,64.5,Zone 5,59.12,Zone 5,66.62,Zone 5,62.67,Zone 5,68.24,Zone 5
Gujarat,Vadodara,Vadodara Aws400,22.3114,73.1826,26.8,2026-09-21,02:00:00,92.0,2026-09-20,02:00:00,2026-09-21 02:14:45,30.950000000000045,Zone 4,62.68,Zone 5,30.59,Zone 4,61.62,Zone 5,39.39,Zone 5,64.51,Zone 5,59.13,Zone 5,66.63,Zone 5,62.68,Zone 5,68.25,Zone 5
Haryana,Bhiwani,Bhiwani,28.8,76.13,24.0,2026-09-21,02:00:00,99.0,2026-09-20,02:00:00,2026-09-21 02:14:45,26.05000000000001,Zone 4,58.82,Zone 5,25.36,Zone 4,54.54,Zone 5,32.06,Zone 4,61.26,Zone 5,42.03,Zone 5,63.81,Zone 5,58.82,Zone 5,65.78,Zone 5
Haryana,Charkhi Dadri,Revenue Office Aws400,,,,,,99.0,2026-09-20,02:00:00,2026-09-21 02:14:45,,,,,,,,,,,,,,,,,,,,
Haryana,Faridabad,Faridabad,28.37,77.27,26.4,2026-09-21,02:00:00,84.0,2026-09-20,02:00:00,2026-09-21 02:14:45,29.150000000000034,Zone 4,60.02,Zone 5,28.65,Zone 4,58.61,Zone 5,35.21,Zone 4,62.19,Zone 5,47.0,Zone 5,64.61,Zone 5,60.02,Zone 5,66.48,Zone 5
Haryana,Fatehabad,Fatehabad,29.31,75.2833,23.0,2026-09-21,02:00:00,99.0,2026-09-20,02:00:00,2026-09-21 02:14:45,24.75,Zone 3,52.23,Zone 5,24.26,Zone 3,47.42,Zone 5,30.17,Zone 4,59.77,Zone 5,36.02,Zone 4,62.5,Zone 5,52.23,Zone 5,64.63,Zone 5
Haryana,Gurgaon,Gurgaon,28.42,77.0,22.6,2026-09-21,02:00:00,99.0,2026-09-20,02:00:00,2026-09-21 02:14:45,24.350000000000023,Zone 3,48.72,Zone 5,23.7,Zone 3,43.96,Zone 5,29.31,Zone 4,59.03,Zone 5,35.02,Zone 4,61.86,Zone 5,48.72,Zone 5,64.06,Zone 5
Haryana,Gurgaon,Gurgaon Kvk,28.372,76.9881,24.0,2026-09-21,02:00:00,29.0,2026-09-20,02:00:00,2026-09-21 02:14:45,22.650000000000034,Zone 3,34.44,Zone 4,21.93,Zone 3,33.86,Zone 4,27.09,Zone 4,37.33,Zone 4,30.88,Zone 4,40.62,Zone 4,34.44,Zone 4,44.85,Zone 5
Haryana,Gurgaon,Northcap University,28.5029,77.0511,25.8,2026-09-21,02:00:00,90.0,2026-09-20,02:00:00,2026-09-21 02:14:45,28.650000000000034,Zone 4,60.51,Zone 5,28.28,Zone 4,59.4,Zone 5,35.1,Zone 4,62.62,Zone 5,49.43,Zone 5,64.99,Zone 5,60.51,Zone 5,66.81,Zone 5
Haryana,Hisar,Balasmand,29.0716,75.4898,24.0,2026-09-21,02:00:00,97.0,2026-09-20,02:00:00,2026-09-21 02:14:45,25.950000000000045,Zone 4,57.39,Zone 5,25.25,Zone 3,52.92,Zone 5,31.84,Zone 4,60.92,Zone 5,40.3,Zone 5,63.5,Zone 5,57.39,Zone 5,65.51,Zone 5
Haryana,Hisar,Sadalpur,29.2833,75.45,23.3,2026-09-21,02:00:00,99.0,2026-09-20,02:00:00,2026-09-21 02:14:45,25.05000000000001,Zone 3,55.64,Zone 5,24.8,Zone 3,51.0,Zone 5,31.09,Zone 4,60.51,Zone 5,38.4,Zone 5,63.15,Zone 5,55.64,Zone 5,65.2,Zone 5
Haryana,Jhajjar,Jhajjar,28.5833,76.65,23.5,2026-09-21,02:00:00,95.0,2026-09-20,02:00:00,2026-09-21 02:14:45,25.150000000000034,Zone 3,52.52,Zone 5,24.65,Zone 3,47.72,Zone 5,30.7,Zone 4,59.83,Zone 5,36.49,Zone 4,62.56,Zone 5,52.52,Zone 5,64.68,Zone 5
Haryana,Kaithal,Kaithal,29.78,76.4,24.8,2026-09-21,02:00:00,99.0,2026-09-20,02:00:00,2026-09-21 02:14:45,27.55000000000001,Zone 4,60.7,Zone 5,27.14,Zone 4,59.58,Zone 5,34.22,Zone 4,62.78,Zone 5,50.32,Zone 5,65.12,Zone 5,60.7,Zone 5,66.93,Zone 5
Haryana,Karnal,Indri Rest House,29.8829,77.0504,24.3,2026-09-21,02:00:00,,,,2026-09-21 02:14:45,,,,,,,,,,,,,,,,,,,,
Haryana,Karnal,Karnal,29.42,76.57,23.7,2026-09-21,02:00:00,,,,2026-09-21 02:14:45,,,,,,,,,,,,,,,,,,,,
Haryana,Karnal,Uchani,29.68,77.0,26.0,2026-09-21,02:00:00,,,,2026-09-21 02:14:45,,,,,,,,,,,,,,,,,,,,
Haryana,Kurukshetra,Kurukshetra,29.58,76.51,26.2,2026-09-21,02:00:00,100.0,2026-09-20,02:00:00,2026-09-21 02:14:45,30.55000000000001,Zone 4,62.67,Zone 5,29.31,Zone 4,61.61,Zone 5,39.34,Zone 5,64.5,Zone 5,59.12,Zone 5,66.62,Zone 5,62.67,Zone 5,68.24,Zone 5
Haryana,Kurukshetra,Kurukshetra Kvk,29.97,76.8538,25.8,2026-09-21,02:00:00,,,,2026-09-21 02:14:45,,,,,,,,,,,,,,,,,,,,
Haryana,Kurukshetra,Pehowa,29.98,76.57,23.4,2026-09-21,02:00:00,,,,2026-09-21 02:14:45,,,,,,,,,,,,,,,,,,,,
Haryana,Mahendragarh,Mahendragarh Aws,28.1,76.1,24.7,2026-09-21,02:00:00,99.0,2026-09-20,02:00:00,2026-09-21 02:14:45,27.350000000000023,Zone 4,59.82,Zone 5,26.22,Zone 4,57.89,Zone 5,33.1,Zone 4,62.02,Zone 5,46.06,Zone 5,64.46,Zone 5,59.82,Zone 5,66.35,Zone 5
Haryana,Mewat,Mandkola,28.1,77.0,25.8,2026-09-21,02:00:00,18.0,2026-09-20,02:00:00,2026-09-21 02:14:45,24.25,Zone 3,35.26,Zone 4,23.81,Zone 3,34.73,Zone 4,28.31,Zone 4,38.03,Zone 4,31.89,Zone 4,41.15,Zone 4,35.26,Zone 4,44.15,Zone 4
Haryana,Mewat,Nuh,28.84,76.9967,28.1,2026-09-21,02:00:00,,,,2026-09-21 02:14:45,,,,,,,,,,,,,,,,,,,,
Haryana,Palwal,Palwal Water Service Division,28.1082,77.3312,26.3,2026-09-21,02:00:00,87.0,2026-09-20,02:00:00,2026-09-21 02:14:45,29.25,Zone 4,60.7,Zone 5,28.95,Zone 4,59.59,Zone 5,35.72,Zone 4,62.78,Zone 5,50.33,Zone 5,65.13,Zone 5,60.7,Zone 5,66.93,Zone 5
Haryana,Panchkula,Panchkula,30.67,76.98,24.0,2026-09-21,02:00:00,100.0,2026-09-20,02:00:00,2026-09-21 02:14:45,26.150000000000034,Zone 4,59.15,Zone 5,25.42,Zone 4,55.33,Zone 5,32.18,Zone 4,61.44,Zone 5,42.93,Zone 5,63.96,Zone 5,59.15,Zone 5,65.91,Zone 5
Haryana,Panipat,Ujha,29.38,77.0,24.5,2026-09-21,02:00:00,93.0,2026-09-20,02:00:00,2026-09-21 02:14:45,26.55000000000001,Zone 4,57.54,Zone 5,25.85,Zone 4,53.1,Zone 5,32.36,Zone 4,60.95,Zone 5,40.47,Zone 5,63.54,Zone 5,57.54,Zone 5,65.54,Zone 5
Haryana,Rewari,Bawal,28.08,76.59,25.2,2026-09-21,02:00:00,99.0,2026-09-20,02:00:00,2026-09-21 02:14:45,28.25,Zone 4,60.7,Zone 5,27.14,Zone 4,59.58,Zone 5,34.22,Zone 4,62.78,Zone 5,50.32,Zone 5,65.12,Zone 5,60.7,Zone 5,66.93,Zone 5
Haryana,Rohtak,Canal Rest House,28.7785,76.7758,24.7,2026-09-21,02:00:00,91.0,2026-09-20,02:00:00,2026-09-21 02:14:45,26.75,Zone 4,56.0,Zone 5,25.73,Zone 4,51.39,Zone 5,32.13,Zone 4,60.6,Zone 5,38.76,Zone 5,63.22,Zone 5,56.0,Zone 5,65.26,Zone 5
Haryana,Rohtak,Rohtak,28.88,76.62,26.4,2026-09-21,02:00:00,,,,2026-09-21 02:14:45,,,,,,,,,,,,,,,,,,,,
Haryana,Sirsa,Canal Colony Village Ottu,29.4932,74.8925,24.2,2026-09-21,02:00:00,100.0,2026-09-20,02:00:00,2026-09-21 02:14:45,26.450000000000045,Zone 4,59.15,Zone 5,25.42,Zone 4,55.33,Zone 5,32.18,Zone 4,61.44,Zone 5,42.93,Zone 5,63.96,Zone 5,59.15,Zone 5,65.91,Zone 5
Haryana,Sirsa,Sirsa,29.54,75.04,24.1,2026-09-21,02:00:00,100.0,2026-09-20,02:00:00,2026-09-21 02:14:45,26.350000000000023,Zone 4,59.15,Zone 5,25.42,Zone 4,55.33,Zone 5,32.18,Zone 4,61.44,Zone 5,42.93,Zone 5,63.96,Zone 5,59.15,Zone 5,65.91,Zone 5
Haryana,Sonipat,Canal Resthouse Saragthal,,,,,,67.0,2026-09-20,02:00:00,2026-09-21 02:14:45,,,,,,,,,,,,,,,,,,,,
Haryana,Sonipat,Jagdishpur,30.48,77.1,24.4,2026-09-21,02:00:00,,,,2026-09-21 02:14:45,,,,,,,,,,,,,,,,,,,,
Haryana,Yamunanagar,Damla,30.1,77.28,24.1,2026-09-21,02:00:00,100.0,2026-09-20,02:00:00,2026-09-21 02:14:45,26.350000000000023,Zone 4,59.15,Zone 5,25.42,Zone 4,55.33,Zone 5,32.18,Zone 4,61.44,Zone 5,42.93,Zone 5,63.96,Zone 5,59.15,Zone 5,65.91,Zone 5
Haryana,Yamunanagar,Hathinkundberaj,30.3159,77.5824,23.8,2026-09-21,02:00:00,100.0,2026-09-20,02:00:00,2026-09-21 02:14:45,25.75,Zone 4,59.15,Zone 5,25.42,Zone 4,55.33,Zone 5,32.18,Zone 4,61.44,Zone 5,42.93,Zone 5,63.96,Zone 5,59.15,Zone 5,65.91,Zone 5
Himachal Pradesh,Bilaspur,Bilaspur Kvk,31.414,76.649,20.3,2026-09-21,02:00:00,100.0,2026-09-20,02:00:00,2026-09-21 02:14:45,21.850000000000023,Zone 3,36.83,Zone 5,21.41,Zone 3,35.41,Zone 4,26.35,Zone 4,48.28,Zone 5,31.64,Zone 4,59.46,Zone 5,36.83,Zone 5,61.94,Zone 5
Himachal Pradesh,Chamba,Udaipur,32.5894,76.1022,17.4,2026-09-21,01:30:00,99.0,2026-09-20,01:30:00,2026-09-21 02:14:45,18.25,Zone 3,32.0,Zone 4,17.56,Zone 3,31.05,Zone 4,23.51,Zone 3,35.5,Zone 4,27.47,Zone 4,45.69,Zone 5,32.0,Zone 4,57.42,Zone 5
Himachal Pradesh,Hamirpur,Hamirpur Neri,31.4152,76.2803,23.3,2026-09-21,02:00:00,100.0,2026-09-20,02:00:00,2026-09-21 02:14:45,25.05000000000001,Zone 3,56.39,Zone 5,24.83,Zone 3,51.81,Zone 5,31.19,Zone 4,60.68,Zone 5,39.18,Zone 5,63.3,Zone 5,56.39,Zone 5,65.33,Zone 5
Himachal Pradesh,Kangra,Malan,32.115,76.415,19.3,2026-09-21,02:00:00,,,,2026-09-21 02:14:45,,,,,,,,,,,,,,,,,,,,
Himachal Pradesh,Kangra,Palampur Amfu,32.0978,76.5483,18.7,2026-09-21,02:00:00,,,,2026-09-21 02:14:45,,,,,,,,,,,,,,,,,,,,
Himachal Pradesh,Kinnaur,Kalpa,31.54,78.25,11.1,2026-09-21,01:30:00,34.0,2026-09-20,01:30:00,2026-09-21 02:14:45,8.850000000000023,Zone 2,24.4,Zone 3,7.76,Zone 2,24.22,Zone 3,15.95,Zone 3,27.05,Zone 4,21.29,Zone 3,30.15,Zone 4,24.4,Zone 3,33.15,Zone 4
Himachal Pradesh,Kullu,Bajaura,31.8456,77.1642,16.7,2026-09-21,02:00:00,,,,2026-09-21 02:14:45,,,,,,,,,,,,,,,,,,,,
Himachal Pradesh,Kullu,Seobagh Amfu,,,,,,86.0,2026-09-20,02:00:00,2026-09-21 02:14:45,,,,,,,,,,,,,,,,,,,,
Himachal Pradesh,Lahaul And Spiti,Keylong,32.5719,77.0353,8.9,2026-09-21,01:30:00,75.0,2026-09-20,01:30:00,2026-09-21 02:14:45,8.150000000000034,Zone 2,23.85,Zone 3,7.2,Zone 2,23.61,Zone 3,15.29,Zone 3,26.19,Zone 4,20.68,Zone 3,29.5,Zone 4,23.85,Zone 3,32.73,Zone 4
Himachal Pradesh,Lahaul And Spiti,Tabo,32.0915,78.3851,6.8,2026-09-21,02:00:00,57.0,2026-09-20,02:00:00,2026-09-21 02:14:45,5.650000000000034,Zone 2,22.63,Zone 3,4.67,Zone 2,22.45,Zone 3,13.23,Zone 2,24.84,Zone 3,19.03,Zone 3,27.68,Zone 4,22.63,Zone 3,30.73,Zone 4
Himachal Pradesh,Mandi,Sundernagar,31.53,76.9,19.6,2026-09-21,01:30:00,,,,2026-09-21 02:14:45,,,,,,,,,,,,,,,,,,,,
Himachal Pradesh,Mandi,Sundernagar Kvk,32.56,76.12,19.6,2026-09-21,02:00:00,100.0,2026-09-20,02:00:00,2026-09-21 02:14:45,21.05000000000001,Zone 3,34.98,Zone 4,20.17,Zone 3,33.84,Zone 4,25.12,Zone 3,42.59,Zone 5,30.14,Zone 4,56.08,Zone 5,34.98,Zone 4,60.84,Zone 5
Himachal Pradesh,Shimla,Fagu,31.08,77.3,13.6,2026-09-21,01:30:00,,,,2026-09-21 02:14:45,,,,,,,,,,,,,,,,,,,,
Himachal Pradesh,Shimla,Shimala Cpri,31.0958,77.1717,17.4,2026-09-21,02:00:00,58.0,2026-09-20,02:00:00,2026-09-21 02:14:45,16.25,Zone 3,29.93,Zone 4,15.38,Zone 3,29.35,Zone 4,22.4,Zone 3,33.08,Zone 4,26.1,Zone 4,36.6,Zone 4,29.93,Zone 4,40.0,Zone 4
Himachal Pradesh,Solan,Majhouli,31.02,76.64,24.0,2026-09-21,02:00:00,99.0,2026-09-20,02:00:00,2026-09-21 02:14:45,26.05000000000001,Zone 4,58.82,Zone 5,25.36,Zone 4,54.54,Zone 5,32.06,Zone 4,61.26,Zone 5,42.03,Zone 5,63.81,Zone 5,58.82,Zone 5,65.78,Zone 5
Himachal Pradesh,Solan,Ramshar,31.0888,76.7935,20.9,2026-09-21,02:00:00,,,,2026-09-21 02:14:45,,,,,,,,,,,,,,,,,,,,
Jammu And Kashmir,Anantnag,Anantnag,33.6692,75.1719,12.3,2026-09-21,02:00:00,100.0,2026-09-20,02:00:00,2026-09-21 02:14:45,12.350000000000023,Zone 2,26.39,Zone 4,11.62,Zone 2,25.79,Zone 4,19.17,Zone 3,29.72,Zone 4,23.39,Zone 3,33.46,Zone 4,26.39,Zone 4,37.7,Zone 5
Jammu And Kashmir,Anantnag,Khudwani,33.72,75.09,12.8,2026-09-21,02:00:00,97.0,2026-09-20,02:00:00,2026-09-21 02:14:45,12.650000000000034,Zone 2,26.8,Zone 4,12.04,Zone 2,26.19,Zone 4,19.55,Zone 3,30.13,Zone 4,23.67,Zone 3,33.87,Zone 4,26.8,Zone 4,38.53,Zone 5
Jammu And Kashmir,Anantnag,Larnoo,33.62,75.38,8.9,2026-09-21,02:00:00,99.0,2026-09-20,02:00:00,2026-09-21 02:14:45,8.850000000000023,Zone 2,24.1,Zone 3,7.95,Zone 2,23.82,Zone 3,15.9,Zone 3,26.53,Zone 4,21.06,Zone 3,30.01,Zone 4,24.1,Zone 3,33.41,Zone 4
Jammu And Kashmir,Badgam,Harran,34.0619,74.71,12.1,2026-09-21,02:00:00,97.0,2026-09-20,02:00:00,2026-09-21 02:14:45,12.050000000000011,Zone 2,25.85,Zone 4,11.0,Zone 2,25.27,Zone 3,18.64,Zone 3,29.15,Zone 4,23.02,Zone 3,32.82,Zone 4,25.85,Zone 4,36.37,Zone 4
Jammu And Kashmir,Bandipora,Bandipora,34.5,74.68,12.0,2026-09-21,02:00:00,100.0,2026-09-20,02:00:00,2026-09-21 02:14:45,12.050000000000011,Zone 2,25.91,Zone 4,11.1,Zone 2,25.34,Zone 4,18.71,Zone 3,29.23,Zone 4,23.07,Zone 3,32.93,Zone 4,25.91,Zone 4,36.51,Zone 4
Jammu And Kashmir,Baramulla,Baramulla Kvk,34.096,74.525,14.6,2026-09-21,02:00:00,81.0,2026-09-20,02:00:00,2026-09-21 02:14:45,13.950000000000045,Zone 2,27.83,Zone 4,12.99,Zone 2,27.23,Zone 4,20.46,Zone 3,31.1,Zone 4,24.36,Zone 3,34.76,Zone 4,27.83,Zone 4,38.62,Zone 5
Jammu And Kashmir,Baramulla,Gulmarg,34.0339,74.3658,10.9,2026-09-21,02:00:00,50.0,2026-09-20,02:00:00,2026-09-21 02:14:45,9.25,Zone 2,24.59,Zone 3,8.34,Zone 2,24.37,Zone 3,16.42,Zone 3,27.32,Zone 4,21.58,Zone 3,30.53,Zone 4,24.59,Zone 3,33.64,Zone 4
Jammu And Kashmir,Doda,Bhella,33.129137,75.662562,17.7,2026-09-21,01:45:00,84.0,2026-09-20,01:45:00,2026-09-21 02:14:45,17.950000000000045,Zone 3,31.16,Zone 4,16.8,Zone 3,30.36,Zone 4,23.13,Zone 3,34.52,Zone 4,26.92,Zone 4,39.0,Zone 5,31.16,Zone 4,51.2,Zone 5
Jammu And Kashmir,Ganderbal,Ganderbal,34.24,74.78,14.5,2026-09-21,02:00:00,67.0,2026-09-20,02:00:00,2026-09-21 02:14:45,13.25,Zone 2,27.43,Zone 4,12.44,Zone 2,26.92,Zone 4,20.06,Zone 3,30.61,Zone 4,24.13,Zone 3,34.11,Zone 4,27.43,Zone 4,37.49,Zone 4
Jammu And Kashmir,Ganderbal,Sonemarg,34.25611111,75.41694444,9.6,2026-09-21,02:00:00,93.0,2026-09-20,02:00:00,2026-09-21 02:14:45,9.350000000000023,Zone 2,24.29,Zone 3,8.28,Zone 2,24.02,Zone 3,16.22,Zone 3,26.85,Zone 4,21.3,Zone 3,30.32,Zone 4,24.29,Zone 3,33.69,Zone 4
Jammu And Kashmir,Jammu,Chatha Amfu,,,,,,95.0,2026-09-20,02:00:00,2026-09-21 02:14:45,,,,,,,,,,,,,,,,,,,,
Jammu And Kashmir,Jammu,Jammu,32.7266,74.857,25.3,2026-09-21,02:00:00,93.0,2026-09-20,02:00:00,2026-09-21 02:14:45,27.950000000000045,Zone 4,60.31,Zone 5,27.6,Zone 4,59.19,Zone 5,34.45,Zone 4,62.44,Zone 5,48.41,Zone 5,64.83,Zone 5,60.31,Zone 5,66.67,Zone 5
Jammu And Kashmir,Kishtwar,Gulabgarh,33.2667,76.172,8.4,2026-09-21,02:00:00,73.0,2026-09-20,02:00:00,2026-09-21 02:14:45,7.650000000000034,Zone 2,23.58,Zone 3,6.64,Zone 2,23.35,Zone 3,14.78,Zone 3,25.78,Zone 4,20.31,Zone 3,29.07,Zone 4,23.58,Zone 3,32.25,Zone 4
Jammu And Kashmir,Kishtwar,Kishtwar,33.3,75.76,17.2,2026-09-21,02:00:00,77.0,2026-09-20,02:00:00,2026-09-21 02:14:45,16.950000000000045,Zone 3,30.26,Zone 4,15.78,Zone 3,29.55,Zone 4,22.52,Zone 3,33.54,Zone 4,26.18,Zone 4,37.31,Zone 4,30.26,Zone 4,46.1,Zone 5
Jammu And Kashmir,Kulgam,Kulgam Amfu,33.6447,74.9433,13.7,2026-09-21,02:00:00,86.0,2026-09-20,02:00:00,2026-09-21 02:14:45,13.25,Zone 2,27.01,Zone 4,12.15,Zone 2,26.43,Zone 4,19.7,Zone 3,30.28,Zone 4,23.81,Zone 3,33.94,Zone 4,27.01,Zone 4,37.47,Zone 4
Jammu And Kashmir,Kupwara,Kupw Kvk,34.516,74.256,12.7,2026-09-21,02:00:00,87.0,2026-09-20,02:00:00,2026-09-21 02:14:45,12.25,Zone 2,26.1,Zone 4,11.16,Zone 2,25.57,Zone 4,18.82,Zone 3,29.36,Zone 4,23.19,Zone 3,32.96,Zone 4,26.1,Zone 4,36.45,Zone 4
Jammu And Kashmir,Poonch,Poonch,33.7665,74.111,19.5,2026-09-21,02:00:00,88.0,2026-09-20,02:00:00,2026-09-21 02:14:45,20.350000000000023,Zone 3,33.99,Zone 4,19.59,Zone 3,33.0,Zone 4,24.85,Zone 3,37.45,Zone 4,29.45,Zone 4,49.9,Zone 5,33.99,Zone 4,59.47,Zone 5
Jammu And Kashmir,Poonch,Rajpura Mandi,33.8,74.26,15.2,2026-09-21,02:00:00,82.0,2026-09-20,02:00:00,2026-09-21 02:14:45,14.75,Zone 3,28.36,Zone 4,13.54,Zone 2,27.73,Zone 4,20.92,Zone 3,31.64,Zone 4,24.68,Zone 3,35.34,Zone 4,28.36,Zone 4,40.63,Zone 5
Jammu And Kashmir,Pulwama,Malangpura,33.8892,74.9808,10.8,2026-09-21,02:00:00,98.0,2026-09-20,02:00:00,2026-09-21 02:14:45,10.75,Zone 2,25.09,Zone 3,10.0,Zone 2,24.8,Zone 3,17.74,Zone 3,28.25,Zone 4,22.38,Zone 3,31.85,Zone 4,25.09,Zone 3,35.35,Zone 4
Jammu And Kashmir,Pulwama,Tral,33.93,75.11,12.9,2026-09-21,02:00:00,92.0,2026-09-20,02:00:00,2026-09-21 02:14:45,12.650000000000034,Zone 2,26.68,Zone 4,11.86,Zone 2,26.1,Zone 4,19.41,Zone 3,29.98,Zone 4,23.59,Zone 3,33.67,Zone 4,26.68,Zone 4,37.23,Zone 4
Jammu And Kashmir,Rajouri,Rajouri,33.375627,74.290072,18.3,2026-09-21,02:00:00,96.0,2026-09-20,02:00:00,2026-09-21 02:14:45,19.25,Zone 3,33.17,Zone 4,18.71,Zone 3,32.17,Zone 4,24.24,Zone 3,36.68,Zone 4,28.58,Zone 4,49.15,Zone 5,33.17,Zone 4,59.31,Zone 5
Jammu And Kashmir,Rajouri,Rajouri Arg,33.39,74.34,16.4,2026-09-21,01:15:00,,,,2026-09-21 02:14:45,,,,,,,,,,,,,,,,,,,,
Jammu And Kashmir,Ramban,Govindpura,33.2219,75.2614,24.5,2026-09-21,02:00:00,87.0,2026-09-20,02:00:00,2026-09-21 02:14:45,26.150000000000034,Zone 4,52.7,Zone 5,25.5,Zone 4,47.92,Zone 5,31.69,Zone 4,59.87,Zone 5,37.34,Zone 4,62.59,Zone 5,52.7,Zone 5,64.71,Zone 5
Jammu And Kashmir,Samba,Samba,32.5703,75.1203,22.1,2026-09-21,02:00:00,100.0,2026-09-20,02:00:00,2026-09-21 02:14:45,23.850000000000023,Zone 3,46.01,Zone 5,23.18,Zone 3,41.41,Zone 5,28.57,Zone 4,57.02,Zone 5,34.19,Zone 4,61.36,Zone 5,46.01,Zone 5,63.62,Zone 5
Jammu And Kashmir,Shopian,Shopian,33.5872,74.8722,9.4,2026-09-21,02:00:00,99.0,2026-09-20,02:00:00,2026-09-21 02:14:45,9.350000000000023,Zone 2,24.35,Zone 3,8.47,Zone 2,24.07,Zone 3,16.37,Zone 3,26.95,Zone 4,21.4,Zone 3,30.46,Zone 4,24.35,Zone 3,33.88,Zone 4
Jammu And Kashmir,Shopian,Zainapora,33.78,75.0,10.8,2026-09-21,02:00:00,93.0,2026-09-20,02:00:00,2026-09-21 02:14:45,10.550000000000011,Zone 2,25.04,Zone 3,9.83,Zone 2,24.76,Zone 3,17.61,Zone 3,28.14,Zone 4,22.31,Zone 3,31.7,Zone 4,25.04,Zone 3,35.16,Zone 4
Jammu And Kashmir,Srinagar,Srinagar Amfu,34.1497,74.8822,12.6,2026-09-21,02:00:00,,,,2026-09-21 02:14:45,,,,,,,,,,,,,,,,,,,,
Jammu And Kashmir,Udhampur,Kawa,32.9022,75.1667,21.7,2026-09-21,02:00:00,100.0,2026-09-20,02:00:00,2026-09-21 02:14:45,23.350000000000023,Zone 3,42.68,Zone 5,22.6,Zone 3,38.42,Zone 5,27.79,Zone 4,54.2,Zone 5,33.3,Zone 4,60.72,Zone 5,42.68,Zone 5,63.06,Zone 5
Jharkhand,Bokaro,Kv Bokaro,23.6688,86.1536,25.0,2026-09-21,02:00:00,100.0,2026-09-20,02:00:00,2026-09-21 02:14:45,27.950000000000045,Zone 4,60.9,Zone 5,27.22,Zone 4,59.79,Zone 5,34.38,Zone 4,62.96,Zone 5,51.33,Zone 5,65.28,Zone 5,60.9,Zone 5,67.07,Zone 5
Jharkhand,Deoghar,Deoghar Aws400,24.4925,86.6611,25.1,2026-09-21,02:00:00,,,,2026-09-21 02:14:45,,,,,,,,,,,,,,,,,,,,
Jharkhand,East Singhbhum,Bahragora,22.2757,86.7119,25.4,2026-09-21,02:00:00,99.0,2026-09-20,02:00:00,2026-09-21 02:14:45,28.650000000000034,Zone 4,61.57,Zone 5,28.13,Zone 4,60.48,Zone 5,35.43,Zone 4,63.54,Zone 5,54.56,Zone 5,65.79,Zone 5,61.57,Zone 5,67.51,Zone 5
Jharkhand,Gumla,Gumla-Bishnupur Kvk,23.4363,84.3216,22.5,2026-09-21,02:00:00,100.0,2026-09-20,02:00:00,2026-09-21 02:14:45,24.25,Zone 3,49.49,Zone 5,23.74,Zone 3,44.71,Zone 5,29.39,Zone 4,59.19,Zone 5,35.14,Zone 4,62.0,Zone 5,49.49,Zone 5,64.19,Zone 5
Jharkhand,Hazaribagh,Barhi,24.2812,85.3497,24.4,2026-09-21,02:00:00,100.0,2026-09-20,02:00:00,2026-09-21 02:14:45,26.850000000000023,Zone 4,60.03,Zone 5,26.29,Zone 4,58.62,Zone 5,33.24,Zone 4,62.19,Zone 5,47.04,Zone 5,64.61,Zone 5,60.03,Zone 5,66.49,Zone 5
Jharkhand,Khunti,Diyakel-Khunti Kvk,22.9558,85.1182,23.3,2026-09-21,02:00:00,,,,2026-09-21 02:14:45,,,,,,,,,,,,,,,,,,,,
Jharkhand,Kodarma,Kodarma,24.4757,85.5938,24.3,2026-09-21,02:00:00,100.0,2026-09-20,02:00:00,2026-09-21 02:14:45,26.650000000000034,Zone 4,60.03,Zone 5,26.29,Zone 4,58.62,Zone 5,33.24,Zone 4,62.19,Zone 5,47.04,Zone 5,64.61,Zone 5,60.03,Zone 5,66.49,Zone 5
Jharkhand,Latehar,Netarhat,23.4742,84.2609,19.5,2026-09-21,02:00:00,100.0,2026-09-20,02:00:00,2026-09-21 02:14:45,20.850000000000023,Zone 3,34.98,Zone 4,20.17,Zone 3,33.84,Zone 4,25.12,Zone 3,42.59,Zone 5,30.14,Zone 4,56.08,Zone 5,34.98,Zone 4,60.84,Zone 5
Jharkhand,Lohardaga,Lohardaga Kvk,,,,,,13.0,2026-09-20,02:00:00,2026-09-21 02:14:45,,,,,,,,,,,,,,,,,,,,
Jharkhand,Pakur,Pakur Kvk,24.4717,87.7629,26.5,2026-09-21,02:00:00,,,,2026-09-21 02:14:45,,,,,,,,,,,,,,,,,,,,
Jharkhand,Ramgarh,Ramgarh Kvk,,,,,,100.0,2026-09-20,02:00:00,2026-09-21 02:14:45,,,,,,,,,,,,,,,,,,,,
Jharkhand,Ranchi,Ranchi Amfu,23.4444,85.3161,21.4,2026-09-21,02:00:00,98.0,2026-09-20,02:00:00,2026-09-21 02:14:45,22.950000000000045,Zone 3,41.31,Zone 5,22.51,Zone 3,37.23,Zone 5,27.67,Zone 4,52.94,Zone 5,33.11,Zone 4,60.45,Zone 5,41.31,Zone 5,62.82,Zone 5
Jharkhand,Saraikela,Saraikela,22.7158,85.954,25.4,2026-09-21,02:00:00,99.0,2026-09-20,02:00:00,2026-09-21 02:14:45,28.650000000000034,Zone 4,61.57,Zone 5,28.13,Zone 4,60.48,Zone 5,35.43,Zone 4,63.54,Zone 5,54.56,Zone 5,65.79,Zone 5,61.57,Zone 5,67.51,Zone 5
Jharkhand,Simdega,Bano-Simdega Kvk,22.6358,84.9077,23.3,2026-09-21,02:00:00,61.0,2026-09-20,02:00:00,2026-09-21 02:14:45,23.55000000000001,Zone 3,37.0,Zone 4,23.17,Zone 3,36.06,Zone 4,28.21,Zone 4,40.25,Zone 4,32.73,Zone 4,52.22,Zone 5,37.0,Zone 4,59.97,Zone 5
Jharkhand,Simdega,Simdega,22.5899,84.5173,23.5,2026-09-21,02:00:00,100.0,2026-09-20,02:00:00,2026-09-21 02:14:45,25.25,Zone 3,56.39,Zone 5,24.83,Zone 3,51.81,Zone 5,31.19,Zone 4,60.68,Zone 5,39.18,Zone 5,63.3,Zone 5,56.39,Zone 5,65.33,Zone 5
Jharkhand,West Singhbhum,Jagannathpur-Bau Kvk,22.2185,85.6394,23.8,2026-09-21,02:00:00,,,,2026-09-21 02:14:45,,,,,,,,,,,,,,,,,,,,
Karnataka,Bagalkot,Bagalkot Kvk,16.2861,76.1672,23.8,2026-09-21,02:00:00,99.0,2026-09-20,02:00:00,2026-09-21 02:14:45,25.75,Zone 4,58.82,Zone 5,25.36,Zone 4,54.54,Zone 5,32.06,Zone 4,61.26,Zone 5,42.03,Zone 5,63.81,Zone 5,58.82,Zone 5,65.78,Zone 5
Karnataka,Bangalore Rural,Doddaballapura,13.3727,77.5498,22.6,2026-09-21,01:30:00,100.0,2026-09-20,01:30:00,2026-09-21 02:14:45,24.350000000000023,Zone 3,49.49,Zone 5,23.74,Zone 3,44.71,Zone 5,29.39,Zone 4,59.19,Zone 5,35.14,Zone 4,62.0,Zone 5,49.49,Zone 5,64.19,Zone 5
Karnataka,Bangalore Urban,Bangalore,12.97,77.5667,22.1,2026-09-21,02:00:00,89.0,2026-09-20,02:00:00,2026-09-21 02:14:45,23.450000000000045,Zone 3,38.32,Zone 5,22.71,Zone 3,36.78,Zone 4,27.88,Zone 4,49.94,Zone 5,33.09,Zone 4,59.81,Zone 5,38.32,Zone 5,62.25,Zone 5
Karnataka,Bangalore Urban,Gopal Nagar,12.89,77.51,22.5,2026-09-21,01:30:00,94.0,2026-09-20,01:30:00,2026-09-21 02:14:45,24.05000000000001,Zone 3,44.85,Zone 5,23.5,Zone 3,40.37,Zone 5,28.95,Zone 4,56.09,Zone 5,34.45,Zone 4,61.14,Zone 5,44.85,Zone 5,63.43,Zone 5
Karnataka,Bangalore Urban,Madhavara(Nice),13.0428,77.4758,21.8,2026-09-21,02:00:00,99.0,2026-09-20,02:00:00,2026-09-21 02:14:45,23.450000000000045,Zone 3,45.26,Zone 5,23.14,Zone 3,40.73,Zone 5,28.5,Zone 4,56.42,Zone 5,34.09,Zone 4,61.22,Zone 5,45.26,Zone 5,63.5,Zone 5
Karnataka,Bellary,Hagari Kvk,15.1385,77.0612,25.4,2026-09-21,02:00:00,81.0,2026-09-20,02:00:00,2026-09-21 02:14:45,27.150000000000034,Zone 4,54.09,Zone 5,26.7,Zone 4,49.37,Zone 5,32.81,Zone 4,60.17,Zone 5,38.39,Zone 4,62.86,Zone 5,54.09,Zone 5,64.94,Zone 5
Karnataka,Bijapur,Tidagundi Amfu,16.98,75.75,23.3,2026-09-21,02:00:00,95.0,2026-09-20,02:00:00,2026-09-21 02:14:45,24.950000000000045,Zone 3,52.52,Zone 5,24.65,Zone 3,47.72,Zone 5,30.7,Zone 4,59.83,Zone 5,36.49,Zone 4,62.56,Zone 5,52.52,Zone 5,64.68,Zone 5
Karnataka,Chikmagalur,Mudigere Kvk,13.1156,75.6392,21.4,2026-09-21,02:00:00,100.0,2026-09-20,02:00:00,2026-09-21 02:14:45,23.05000000000001,Zone 3,42.68,Zone 5,22.6,Zone 3,38.42,Zone 5,27.79,Zone 4,54.2,Zone 5,33.3,Zone 4,60.72,Zone 5,42.68,Zone 5,63.06,Zone 5
Karnataka,Chitradurga,Hiriyur,13.9596,76.6456,25.4,2026-09-21,02:00:00,77.0,2026-09-20,02:00:00,2026-09-21 02:14:45,26.950000000000045,Zone 4,50.46,Zone 5,26.44,Zone 4,45.69,Zone 5,32.34,Zone 4,59.4,Zone 5,37.72,Zone 4,62.18,Zone 5,50.46,Zone 5,64.35,Zone 5
Karnataka,Dakshina Kannada,Mangaluru,12.893,74.8684,26.7,2026-09-21,02:00:00,100.0,2026-09-20,02:00:00,2026-09-21 02:14:45,31.850000000000023,Zone 4,63.56,Zone 5,30.49,Zone 4,62.52,Zone 5,44.17,Zone 5,65.28,Zone 5,60.18,Zone 5,67.29,Zone 5,63.56,Zone 5,68.83,Zone 5
Karnataka,Dharwad,Mugad,15.43,74.91,24.1,2026-09-21,02:00:00,94.0,2026-09-20,02:00:00,2026-09-21 02:14:45,25.950000000000045,Zone 4,55.1,Zone 5,25.15,Zone 3,50.42,Zone 5,31.51,Zone 4,60.39,Zone 5,37.85,Zone 5,63.05,Zone 5,55.1,Zone 5,65.11,Zone 5
Karnataka,Gulbarga,Gulbarga,17.3333,76.8,26.2,2026-09-21,01:30:00,89.0,2026-09-20,01:30:00,2026-09-21 02:14:45,29.25,Zone 4,60.29,Zone 5,28.19,Zone 4,59.18,Zone 5,34.93,Zone 4,62.43,Zone 5,48.35,Zone 5,64.82,Zone 5,60.29,Zone 5,66.67,Zone 5
Karnataka,Gulbarga,Raddewadgi,17.04,76.8,25.7,2026-09-21,02:00:00,80.0,2026-09-20,02:00:00,2026-09-21 02:14:45,27.55000000000001,Zone 4,53.2,Zone 5,26.64,Zone 4,48.45,Zone 5,32.69,Zone 4,59.98,Zone 5,38.22,Zone 4,62.69,Zone 5,53.2,Zone 5,64.79,Zone 5
Karnataka,Hassan,Hassan,12.9795,76.0427,22.3,2026-09-21,02:00:00,100.0,2026-09-20,02:00:00,2026-09-21 02:14:45,24.05000000000001,Zone 3,49.49,Zone 5,23.74,Zone 3,44.71,Zone 5,29.39,Zone 4,59.19,Zone 5,35.14,Zone 4,62.0,Zone 5,49.49,Zone 5,64.19,Zone 5
Karnataka,Koppal,Gangavathi Kvk,15.455,76.5303,23.8,2026-09-21,02:00:00,97.0,2026-09-20,02:00:00,2026-09-21 02:14:45,25.650000000000034,Zone 4,57.39,Zone 5,25.25,Zone 3,52.92,Zone 5,31.84,Zone 4,60.92,Zone 5,40.3,Zone 5,63.5,Zone 5,57.39,Zone 5,65.51,Zone 5
Karnataka,Mandya,Mandya Kvk,12.5685,76.8322,22.0,2026-09-21,02:00:00,100.0,2026-09-20,02:00:00,2026-09-21 02:14:45,23.75,Zone 3,46.01,Zone 5,23.18,Zone 3,41.41,Zone 5,28.57,Zone 4,57.02,Zone 5,34.19,Zone 4,61.36,Zone 5,46.01,Zone 5,63.62,Zone 5
Karnataka,Ramanagara,Chandurayanghalli Kvk,12.9788,77.1925,22.0,2026-09-21,02:00:00,90.0,2026-09-20,02:00:00,2026-09-21 02:14:45,23.350000000000023,Zone 3,38.96,Zone 5,22.75,Zone 3,36.89,Zone 4,27.94,Zone 4,50.61,Zone 5,33.19,Zone 4,59.95,Zone 5,38.96,Zone 5,62.38,Zone 5
Karnataka,Shivamogga,Agumbe,13.5062,75.0384,22.3,2026-09-21,02:00:00,100.0,2026-09-20,02:00:00,2026-09-21 02:14:45,24.05000000000001,Zone 3,49.49,Zone 5,23.74,Zone 3,44.71,Zone 5,29.39,Zone 4,59.19,Zone 5,35.14,Zone 4,62.0,Zone 5,49.49,Zone 5,64.19,Zone 5
Karnataka,Tumkur,Chikkanakalli,,,,,,99.0,2026-09-20,02:00:00,2026-09-21 02:14:45,,,,,,,,,,,,,,,,,,,,
Kerala,Alappuzha,Kayamkulam,9.1767,76.5167,28.0,2026-09-21,02:00:00,100.0,2026-09-20,02:00:00,2026-09-21 02:14:45,37.150000000000034,Zone 5,66.26,Zone 5,34.81,Zone 4,65.32,Zone 5,59.24,Zone 5,67.65,Zone 5,63.42,Zone 5,69.34,Zone 5,66.26,Zone 5,72.76,Zone 6
Kerala,Alappuzha,Nooranad,9.17,76.62,25.1,2026-09-21,02:00:00,100.0,2026-09-20,02:00:00,2026-09-21 02:14:45,28.150000000000034,Zone 4,60.9,Zone 5,27.22,Zone 4,59.79,Zone 5,34.38,Zone 4,62.96,Zone 5,51.33,Zone 5,65.28,Zone 5,60.9,Zone 5,67.07,Zone 5
Kerala,Alappuzha,Thycattussery,9.74,76.36,26.3,2026-09-21,02:00:00,77.0,2026-09-20,02:00:00,2026-09-21 02:14:45,28.350000000000023,Zone 4,56.84,Zone 5,28.02,Zone 4,52.35,Zone 5,34.14,Zone 4,60.79,Zone 5,39.73,Zone 4,63.4,Zone 5,56.84,Zone 5,65.41,Zone 5
Kerala,Ernakulam,Aluva,10.1053,76.3567,25.8,2026-09-21,02:00:00,93.0,2026-09-20,02:00:00,2026-09-21 02:14:45,28.950000000000045,Zone 4,61.17,Zone 5,28.57,Zone 4,60.07,Zone 5,35.61,Zone 4,63.19,Zone 5,52.62,Zone 5,65.48,Zone 5,61.17,Zone 5,67.25,Zone 5
Kerala,Ernakulam,Boat Jetty Kgov,9.9724,76.2789,27.2,2026-09-21,02:00:00,90.0,2026-09-20,02:00:00,2026-09-21 02:14:45,31.55000000000001,Zone 4,62.23,Zone 5,30.33,Zone 4,61.16,Zone 5,37.53,Zone 4,64.12,Zone 5,57.53,Zone 5,66.28,Zone 5,62.23,Zone 5,67.95,Zone 5
Kerala,Ernakulam,Choondi,9.96692,76.4409,25.6,2026-09-21,02:00:00,100.0,2026-09-20,02:00:00,2026-09-21 02:14:45,29.25,Zone 4,61.78,Zone 5,28.23,Zone 4,60.7,Zone 5,35.61,Zone 4,63.73,Zone 5,55.54,Zone 5,65.94,Zone 5,61.78,Zone 5,67.65,Zone 5
Kerala,Ernakulam,Dhground Kgov,9.9684,76.284,27.2,2026-09-21,02:00:00,90.0,2026-09-20,02:00:00,2026-09-21 02:14:45,31.55000000000001,Zone 4,62.23,Zone 5,30.33,Zone 4,61.16,Zone 5,37.53,Zone 4,64.12,Zone 5,57.53,Zone 5,66.28,Zone 5,62.23,Zone 5,67.95,Zone 5
Kerala,Ernakulam,Kadavanthra Kgov,9.97061,76.296229,26.8,2026-09-21,02:00:00,93.0,2026-09-20,02:00:00,2026-09-21 02:14:45,31.05000000000001,Zone 4,62.9,Zone 5,30.73,Zone 4,61.85,Zone 5,40.55,Zone 5,64.71,Zone 5,59.4,Zone 5,66.79,Zone 5,62.9,Zone 5,68.4,Zone 5
Kerala,Ernakulam,Kalamassery,10.0557,76.3317,26.4,2026-09-21,02:00:00,100.0,2026-09-20,02:00:00,2026-09-21 02:14:45,31.05000000000001,Zone 4,63.56,Zone 5,30.49,Zone 4,62.52,Zone 5,44.17,Zone 5,65.28,Zone 5,60.18,Zone 5,67.29,Zone 5,63.56,Zone 5,68.83,Zone 5
Kerala,Ernakulam,Koothattukulam,9.8616,76.5957,25.5,2026-09-21,02:00:00,100.0,2026-09-20,02:00:00,2026-09-21 02:14:45,29.05000000000001,Zone 4,61.78,Zone 5,28.23,Zone 4,60.7,Zone 5,35.61,Zone 4,63.73,Zone 5,55.54,Zone 5,65.94,Zone 5,61.78,Zone 5,67.65,Zone 5
Kerala,Ernakulam,Mattancherry,9.91,76.26,26.9,2026-09-21,02:00:00,94.0,2026-09-20,02:00:00,2026-09-21 02:14:45,31.450000000000045,Zone 4,63.13,Zone 5,30.87,Zone 4,62.08,Zone 5,41.75,Zone 5,64.9,Zone 5,59.67,Zone 5,66.96,Zone 5,63.13,Zone 5,68.55,Zone 5
Kerala,Ernakulam,Odakkali,10.093,76.559,24.2,2026-09-21,02:00:00,100.0,2026-09-20,02:00:00,2026-09-21 02:14:45,26.450000000000045,Zone 4,59.15,Zone 5,25.42,Zone 4,55.33,Zone 5,32.18,Zone 4,61.44,Zone 5,42.93,Zone 5,63.96,Zone 5,59.15,Zone 5,65.91,Zone 5
Kerala,Ernakulam,Palluruthy,9.9264,76.2621,26.9,2026-09-21,02:00:00,100.0,2026-09-20,02:00:00,2026-09-21 02:14:45,32.35000000000002,Zone 4,64.46,Zone 5,31.79,Zone 4,63.45,Zone 5,49.51,Zone 5,66.07,Zone 5,61.26,Zone 5,67.97,Zone 5,64.46,Zone 5,69.54,Zone 6
Kerala,Idukki,Anayirankal Dam,10.0104,77.2087,19.7,2026-09-21,02:00:00,88.0,2026-09-20,02:00:00,2026-09-21 02:14:45,20.55000000000001,Zone 3,33.99,Zone 4,19.59,Zone 3,33.0,Zone 4,24.85,Zone 3,37.45,Zone 4,29.45,Zone 4,49.9,Zone 5,33.99,Zone 4,59.47,Zone 5
Kerala,Idukki,Ayyappankovil,9.71,77.01,21.6,2026-09-21,02:00:00,100.0,2026-09-20,02:00:00,2026-09-21 02:14:45,23.25,Zone 3,42.68,Zone 5,22.6,Zone 3,38.42,Zone 5,27.79,Zone 4,54.2,Zone 5,33.3,Zone 4,60.72,Zone 5,42.68,Zone 5,63.06,Zone 5
Kerala,Idukki,Cheruthoni,9.865,76.9983,21.5,2026-09-21,02:00:00,100.0,2026-09-20,02:00:00,2026-09-21 02:14:45,23.150000000000034,Zone 3,42.68,Zone 5,22.6,Zone 3,38.42,Zone 5,27.79,Zone 4,54.2,Zone 5,33.3,Zone 4,60.72,Zone 5,42.68,Zone 5,63.06,Zone 5
Kerala,Idukki,Kovilkadavu,10.2597,77.1688,22.9,2026-09-21,02:00:00,95.0,2026-09-20,02:00:00,2026-09-21 02:14:45,24.450000000000045,Zone 3,49.05,Zone 5,24.1,Zone 3,44.28,Zone 5,29.84,Zone 4,59.1,Zone 5,35.5,Zone 4,61.92,Zone 5,49.05,Zone 5,64.12,Zone 5
Kerala,Idukki,Kundala Dam,10.1461,77.2019,16.9,2026-09-21,02:00:00,100.0,2026-09-20,02:00:00,2026-09-21 02:14:45,17.650000000000034,Zone 3,31.4,Zone 4,16.95,Zone 3,30.48,Zone 4,23.12,Zone 3,34.88,Zone 4,26.92,Zone 4,43.77,Zone 5,31.4,Zone 4,55.81,Zone 5
Kerala,Idukki,Pampadumpara,9.7986,77.1614,20.1,2026-09-21,02:00:00,100.0,2026-09-20,02:00:00,2026-09-21 02:14:45,21.55000000000001,Zone 3,35.8,Zone 4,20.79,Zone 3,34.6,Zone 4,25.68,Zone 4,45.37,Zone 5,30.87,Zone 4,58.37,Zone 5,35.8,Zone 4,61.39,Zone 5
Kerala,Idukki,Sengulam Dam,10.0124,77.0318,21.2,2026-09-21,02:00:00,100.0,2026-09-20,02:00:00,2026-09-21 02:14:45,22.850000000000023,Zone 3,39.6,Zone 5,22.01,Zone 3,36.25,Zone 4,27.05,Zone 4,51.26,Zone 5,32.45,Zone 4,60.09,Zone 5,39.6,Zone 5,62.5,Zone 5
Kerala,Idukki,Udumbannoor,9.8667,76.8586,24.0,2026-09-21,02:00:00,100.0,2026-09-20,02:00:00,2026-09-21 02:14:45,26.150000000000034,Zone 4,59.15,Zone 5,25.42,Zone 4,55.33,Zone 5,32.18,Zone 4,61.44,Zone 5,42.93,Zone 5,63.96,Zone 5,59.15,Zone 5,65.91,Zone 5
Kerala,Idukki,Vattavada,10.1777,77.2538,17.7,2026-09-21,02:00:00,97.0,2026-09-20,02:00:00,2026-09-21 02:14:45,18.55000000000001,Zone 3,31.88,Zone 4,17.46,Zone 3,30.96,Zone 4,23.46,Zone 3,35.36,Zone 4,27.4,Zone 4,44.76,Zone 5,31.88,Zone 4,56.65,Zone 5
Kerala,Idukki,Vellathooval,9.98,77.01,22.4,2026-09-21,02:00:00,100.0,2026-09-20,02:00:00,2026-09-21 02:14:45,24.150000000000034,Zone 3,49.49,Zone 5,23.74,Zone 3,44.71,Zone 5,29.39,Zone 4,59.19,Zone 5,35.14,Zone 4,62.0,Zone 5,49.49,Zone 5,64.19,Zone 5
Kerala,Kannur,Ayyankunnu,12.0074,75.6825,24.0,2026-09-21,02:00:00,100.0,2026-09-20,02:00:00,2026-09-21 02:14:45,26.150000000000034,Zone 4,59.15,Zone 5,25.42,Zone 4,55.33,Zone 5,32.18,Zone 4,61.44,Zone 5,42.93,Zone 5,63.96,Zone 5,59.15,Zone 5,65.91,Zone 5
Kerala,Kannur,Chemberi,12.0964,75.5614,24.7,2026-09-21,02:00:00,100.0,2026-09-20,02:00:00,2026-09-21 02:14:45,27.350000000000023,Zone 4,60.03,Zone 5,26.29,Zone 4,58.62,Zone 5,33.24,Zone 4,62.19,Zone 5,47.04,Zone 5,64.61,Zone 5,60.03,Zone 5,66.49,Zone 5
Kerala,Kannur,Cheruvanchery,11.82,75.66,24.1,2026-09-21,02:00:00,100.0,2026-09-20,02:00:00,2026-09-21 02:14:45,26.350000000000023,Zone 4,59.15,Zone 5,25.42,Zone 4,55.33,Zone 5,32.18,Zone 4,61.44,Zone 5,42.93,Zone 5,63.96,Zone 5,59.15,Zone 5,65.91,Zone 5
Kerala,Kannur,Peringome,12.2216,75.3073,24.8,2026-09-21,02:00:00,100.0,2026-09-20,02:00:00,2026-09-21 02:14:45,27.55000000000001,Zone 4,60.9,Zone 5,27.22,Zone 4,59.79,Zone 5,34.38,Zone 4,62.96,Zone 5,51.33,Zone 5,65.28,Zone 5,60.9,Zone 5,67.07,Zone 5
Kerala,Kannur,Pinarayi,11.8107,75.4918,25.4,2026-09-21,02:00:00,100.0,2026-09-20,02:00:00,2026-09-21 02:14:45,28.75,Zone 4,61.78,Zone 5,28.23,Zone 4,60.7,Zone 5,35.61,Zone 4,63.73,Zone 5,55.54,Zone 5,65.94,Zone 5,61.78,Zone 5,67.65,Zone 5
Kerala,Kasaragod,Bayar,12.6917,75.0305,25.5,2026-09-21,02:00:00,100.0,2026-09-20,02:00:00,2026-09-21 02:14:45,29.05000000000001,Zone 4,61.78,Zone 5,28.23,Zone 4,60.7,Zone 5,35.61,Zone 4,63.73,Zone 5,55.54,Zone 5,65.94,Zone 5,61.78,Zone 5,67.65,Zone 5
Kerala,Kasaragod,Erikkulam,12.3006,75.1587,25.6,2026-09-21,02:00:00,100.0,2026-09-20,02:00:00,2026-09-21 02:14:45,29.25,Zone 4,61.78,Zone 5,28.23,Zone 4,60.7,Zone 5,35.61,Zone 4,63.73,Zone 5,55.54,Zone 5,65.94,Zone 5,61.78,Zone 5,67.65,Zone 5
Kerala,Kasaragod,Kudlu Afmu,12.65,74.96,26.4,2026-09-21,02:00:00,100.0,2026-09-20,02:00:00,2026-09-21 02:14:45,31.05000000000001,Zone 4,63.56,Zone 5,30.49,Zone 4,62.52,Zone 5,44.17,Zone 5,65.28,Zone 5,60.18,Zone 5,67.29,Zone 5,63.56,Zone 5,68.83,Zone 5
Kerala,Kasaragod,Muliyar,12.5061,75.0908,24.8,2026-09-21,02:00:00,100.0,2026-09-20,02:00:00,2026-09-21 02:14:45,27.55000000000001,Zone 4,60.9,Zone 5,27.22,Zone 4,59.79,Zone 5,34.38,Zone 4,62.96,Zone 5,51.33,Zone 5,65.28,Zone 5,60.9,Zone 5,67.07,Zone 5
Kerala,Kasaragod,Padannakkad,12.1875,75.1783,25.8,2026-09-21,02:00:00,100.0,2026-09-20,02:00:00,2026-09-21 02:14:45,29.650000000000034,Zone 4,62.67,Zone 5,29.31,Zone 4,61.61,Zone 5,39.34,Zone 5,64.5,Zone 5,59.12,Zone 5,66.62,Zone 5,62.67,Zone 5,68.24,Zone 5
Kerala,Kasaragod,Panathur,12.456,75.3671,24.9,2026-09-21,02:00:00,100.0,2026-09-20,02:00:00,2026-09-21 02:14:45,27.75,Zone 4,60.9,Zone 5,27.22,Zone 4,59.79,Zone 5,34.38,Zone 4,62.96,Zone 5,51.33,Zone 5,65.28,Zone 5,60.9,Zone 5,67.07,Zone 5
Kerala,Kollam,Chavara,8.9944,76.5331,26.2,2026-09-21,02:00:00,95.0,2026-09-20,02:00:00,2026-09-21 02:14:45,29.950000000000045,Zone 4,61.6,Zone 5,28.77,Zone 4,60.51,Zone 5,35.97,Zone 4,63.57,Zone 5,54.69,Zone 5,65.81,Zone 5,61.6,Zone 5,67.53,Zone 5
Kerala,Kollam,Karuvelil Tkmit,8.99472,76.6953,24.5,2026-09-21,02:00:00,100.0,2026-09-20,02:00:00,2026-09-21 02:14:45,27.05000000000001,Zone 4,60.03,Zone 5,26.29,Zone 4,58.62,Zone 5,33.24,Zone 4,62.19,Zone 5,47.04,Zone 5,64.61,Zone 5,60.03,Zone 5,66.49,Zone 5
Kerala,Kollam,Parippally,8.8136,76.7461,24.6,2026-09-21,02:00:00,100.0,2026-09-20,02:00:00,2026-09-21 02:14:45,27.25,Zone 4,60.03,Zone 5,26.29,Zone 4,58.62,Zone 5,33.24,Zone 4,62.19,Zone 5,47.04,Zone 5,64.61,Zone 5,60.03,Zone 5,66.49,Zone 5
Kerala,Kollam,Punalur,9.01333,76.9433,25.2,2026-09-21,02:00:00,100.0,2026-09-20,02:00:00,2026-09-21 02:14:45,28.350000000000023,Zone 4,60.9,Zone 5,27.22,Zone 4,59.79,Zone 5,34.38,Zone 4,62.96,Zone 5,51.33,Zone 5,65.28,Zone 5,60.9,Zone 5,67.07,Zone 5
Kerala,Kottayam,Kottayam,9.5916,76.5222,25.2,2026-09-21,02:00:00,100.0,2026-09-20,02:00:00,2026-09-21 02:14:45,28.350000000000023,Zone 4,60.9,Zone 5,27.22,Zone 4,59.79,Zone 5,34.38,Zone 4,62.96,Zone 5,51.33,Zone 5,65.28,Zone 5,60.9,Zone 5,67.07,Zone 5
Kerala,Kottayam,Vadavathoor,9.585,76.5708,25.7,2026-09-21,02:00:00,100.0,2026-09-20,02:00:00,2026-09-21 02:14:45,29.450000000000045,Zone 4,61.78,Zone 5,28.23,Zone 4,60.7,Zone 5,35.61,Zone 4,63.73,Zone 5,55.54,Zone 5,65.94,Zone 5,61.78,Zone 5,67.65,Zone 5
Kerala,Kottayam,Vaikkom,9.72388,76.3925,26.1,2026-09-21,02:00:00,98.0,2026-09-20,02:00:00,2026-09-21 02:14:45,30.05000000000001,Zone 4,62.24,Zone 5,29.09,Zone 4,61.17,Zone 5,37.27,Zone 5,64.13,Zone 5,57.6,Zone 5,66.29,Zone 5,62.24,Zone 5,67.96,Zone 5
Kerala,Kozhikode,Kunnamangalam,11.28,75.87,24.5,2026-09-21,02:00:00,100.0,2026-09-20,02:00:00,2026-09-21 02:14:45,27.05000000000001,Zone 4,60.03,Zone 5,26.29,Zone 4,58.62,Zone 5,33.24,Zone 4,62.19,Zone 5,47.04,Zone 5,64.61,Zone 5,60.03,Zone 5,66.49,Zone 5
Kerala,Kozhikode,Urumi,11.34,76.01,24.6,2026-09-21,02:00:00,100.0,2026-09-20,02:00:00,2026-09-21 02:14:45,27.25,Zone 4,60.03,Zone 5,26.29,Zone 4,58.62,Zone 5,33.24,Zone 4,62.19,Zone 5,47.04,Zone 5,64.61,Zone 5,60.03,Zone 5,66.49,Zone 5
Kerala,Kozhikode,Vadakara,11.59,75.62,25.2,2026-09-21,02:00:00,100.0,2026-09-20,02:00:00,2026-09-21 02:14:45,28.350000000000023,Zone 4,60.9,Zone 5,27.22,Zone 4,59.79,Zone 5,34.38,Zone 4,62.96,Zone 5,51.33,Zone 5,65.28,Zone 5,60.9,Zone 5,67.07,Zone 5
Kerala,Kozhikode,Vilangad,11.7803,75.7639,24.3,2026-09-21,02:00:00,100.0,2026-09-20,02:00:00,2026-09-21 02:14:45,26.650000000000034,Zone 4,60.03,Zone 5,26.29,Zone 4,58.62,Zone 5,33.24,Zone 4,62.19,Zone 5,47.04,Zone 5,64.61,Zone 5,60.03,Zone 5,66.49,Zone 5
Kerala,Malappuram,Munderi,11.4472,76.2494,25.7,2026-09-21,02:00:00,100.0,2026-09-20,02:00:00,2026-09-21 02:14:45,29.450000000000045,Zone 4,61.78,Zone 5,28.23,Zone 4,60.7,Zone 5,35.61,Zone 4,63.73,Zone 5,55.54,Zone 5,65.94,Zone 5,61.78,Zone 5,67.65,Zone 5
Kerala,Malappuram,Nilambur,11.2283,76.1894,24.7,2026-09-21,01:30:00,100.0,2026-09-20,01:30:00,2026-09-21 02:14:45,27.350000000000023,Zone 4,60.03,Zone 5,26.29,Zone 4,58.62,Zone 5,33.24,Zone 4,62.19,Zone 5,47.04,Zone 5,64.61,Zone 5,60.03,Zone 5,66.49,Zone 5
Kerala,Malappuram,Palemad,11.381,76.3061,25.4,2026-09-21,02:00:00,100.0,2026-09-20,02:00:00,2026-09-21 02:14:45,28.75,Zone 4,61.78,Zone 5,28.23,Zone 4,60.7,Zone 5,35.61,Zone 4,63.73,Zone 5,55.54,Zone 5,65.94,Zone 5,61.78,Zone 5,67.65,Zone 5
Kerala,Malappuram,Thavanur Kvk,10.852,75.9855,24.9,2026-09-21,02:00:00,100.0,2026-09-20,02:00:00,2026-09-21 02:14:45,27.75,Zone 4,60.9,Zone 5,27.22,Zone 4,59.79,Zone 5,34.38,Zone 4,62.96,Zone 5,51.33,Zone 5,65.28,Zone 5,60.9,Zone 5,67.07,Zone 5
Kerala,Palakkad,Adakkaputhur,10.87,76.373,25.4,2026-09-21,01:30:00,99.0,2026-09-20,01:30:00,2026-09-21 02:14:45,28.650000000000034,Zone 4,61.57,Zone 5,28.13,Zone 4,60.48,Zone 5,35.43,Zone 4,63.54,Zone 5,54.56,Zone 5,65.79,Zone 5,61.57,Zone 5,67.51,Zone 5
Kerala,Palakkad,Kollengode,10.6436,76.6867,25.7,2026-09-21,01:30:00,100.0,2026-09-20,01:30:00,2026-09-21 02:14:45,29.450000000000045,Zone 4,61.78,Zone 5,28.23,Zone 4,60.7,Zone 5,35.61,Zone 4,63.73,Zone 5,55.54,Zone 5,65.94,Zone 5,61.78,Zone 5,67.65,Zone 5
Kerala,Palakkad,Malampuzha Dam,10.8403,76.6892,24.9,2026-09-21,02:00:00,100.0,2026-09-20,02:00:00,2026-09-21 02:14:45,27.75,Zone 4,60.9,Zone 5,27.22,Zone 4,59.79,Zone 5,34.38,Zone 4,62.96,Zone 5,51.33,Zone 5,65.28,Zone 5,60.9,Zone 5,67.07,Zone 5
Kerala,Palakkad,Mangalam Dam,10.517,76.5356,26.4,2026-09-21,02:00:00,95.0,2026-09-20,02:00:00,2026-09-21 02:14:45,30.450000000000045,Zone 4,62.47,Zone 5,29.84,Zone 4,61.41,Zone 5,38.37,Zone 5,64.33,Zone 5,58.58,Zone 5,66.47,Zone 5,62.47,Zone 5,68.11,Zone 5
Kerala,Palakkad,Mankara,10.77,76.6833,26.7,2026-09-21,02:00:00,91.0,2026-09-20,02:00:00,2026-09-21 02:14:45,30.55000000000001,Zone 4,61.59,Zone 5,29.38,Zone 4,60.5,Zone 5,36.46,Zone 4,63.56,Zone 5,54.64,Zone 5,65.8,Zone 5,61.59,Zone 5,67.53,Zone 5
Kerala,Palakkad,Mannarkkad,10.975,76.442,24.4,2026-09-21,02:00:00,100.0,2026-09-20,02:00:00,2026-09-21 02:14:45,26.850000000000023,Zone 4,60.03,Zone 5,26.29,Zone 4,58.62,Zone 5,33.24,Zone 4,62.19,Zone 5,47.04,Zone 5,64.61,Zone 5,60.03,Zone 5,66.49,Zone 5
Kerala,Palakkad,Ottapalam,10.8169,76.4561,25.6,2026-09-21,02:00:00,100.0,2026-09-20,02:00:00,2026-09-21 02:14:45,29.25,Zone 4,61.78,Zone 5,28.23,Zone 4,60.7,Zone 5,35.61,Zone 4,63.73,Zone 5,55.54,Zone 5,65.94,Zone 5,61.78,Zone 5,67.65,Zone 5
Kerala,Palakkad,Pothundy Dam,10.54,76.62,25.7,2026-09-21,02:00:00,100.0,2026-09-20,02:00:00,2026-09-21 02:14:45,29.450000000000045,Zone 4,61.78,Zone 5,28.23,Zone 4,60.7,Zone 5,35.61,Zone 4,63.73,Zone 5,55.54,Zone 5,65.94,Zone 5,61.78,Zone 5,67.65,Zone 5
Kerala,Pathanamthitta,Konni,9.2267,76.8497,24.1,2026-09-21,02:00:00,98.0,2026-09-20,02:00:00,2026-09-21 02:14:45,26.150000000000034,Zone 4,58.11,Zone 5,25.29,Zone 3,53.74,Zone 5,31.95,Zone 4,61.09,Zone 5,41.16,Zone 5,63.66,Zone 5,58.11,Zone 5,65.64,Zone 5
Kerala,Pathanamthitta,Kunnamthanam,9.4325,76.5969,25.4,2026-09-21,02:00:00,100.0,2026-09-20,02:00:00,2026-09-21 02:14:45,28.75,Zone 4,61.78,Zone 5,28.23,Zone 4,60.7,Zone 5,35.61,Zone 4,63.73,Zone 5,55.54,Zone 5,65.94,Zone 5,61.78,Zone 5,67.65,Zone 5
Kerala,Pathanamthitta,Laha,9.36222,76.8406,23.6,2026-09-21,02:00:00,100.0,2026-09-20,02:00:00,2026-09-21 02:14:45,25.450000000000045,Zone 4,56.39,Zone 5,24.83,Zone 3,51.81,Zone 5,31.19,Zone 4,60.68,Zone 5,39.18,Zone 5,63.3,Zone 5,56.39,Zone 5,65.33,Zone 5
Kerala,Pathanamthitta,Pathanamthitta,9.27,76.78,25.5,2026-09-21,02:00:00,100.0,2026-09-20,02:00:00,2026-09-21 02:14:45,29.05000000000001,Zone 4,61.78,Zone 5,28.23,Zone 4,60.7,Zone 5,35.61,Zone 4,63.73,Zone 5,55.54,Zone 5,65.94,Zone 5,61.78,Zone 5,67.65,Zone 5
Kerala,Pathanamthitta,Ranni Chethackal,9.41354,76.822,24.9,2026-09-21,02:00:00,100.0,2026-09-20,02:00:00,2026-09-21 02:14:45,27.75,Zone 4,60.9,Zone 5,27.22,Zone 4,59.79,Zone 5,34.38,Zone 4,62.96,Zone 5,51.33,Zone 5,65.28,Zone 5,60.9,Zone 5,67.07,Zone 5
Kerala,Pathanamthitta,Thiruvalla Kallunkal,9.35778,76.5553,29.1,2026-09-21,02:00:00,100.0,2026-09-20,02:00:00,2026-09-21 02:14:45,51.450000000000045,Zone 5,68.08,Zone 5,46.82,Zone 5,67.23,Zone 5,61.95,Zone 5,69.26,Zone 5,65.61,Zone 5,72.63,Zone 6,68.08,Zone 5,76.07,Zone 6
Kerala,Pathanamthitta,Ulanadu,9.2377,76.6886,25.2,2026-09-21,02:00:00,100.0,2026-09-20,02:00:00,2026-09-21 02:14:45,28.350000000000023,Zone 4,60.9,Zone 5,27.22,Zone 4,59.79,Zone 5,34.38,Zone 4,62.96,Zone 5,51.33,Zone 5,65.28,Zone 5,60.9,Zone 5,67.07,Zone 5
Kerala,Pathanamthitta,Venkurinji,9.45222,76.8578,24.8,2026-09-21,02:00:00,100.0,2026-09-20,02:00:00,2026-09-21 02:14:45,27.55000000000001,Zone 4,60.9,Zone 5,27.22,Zone 4,59.79,Zone 5,34.38,Zone 4,62.96,Zone 5,51.33,Zone 5,65.28,Zone 5,60.9,Zone 5,67.07,Zone 5
Kerala,Thiruvananthapuram,Palode,8.75333,77.0264,24.1,2026-09-21,02:00:00,87.0,2026-09-20,02:00:00,2026-09-21 02:14:45,25.55000000000001,Zone 4,49.31,Zone 5,24.89,Zone 3,44.55,Zone 5,30.82,Zone 4,59.16,Zone 5,36.36,Zone 4,61.97,Zone 5,49.31,Zone 5,64.16,Zone 5
Kerala,Thiruvananthapuram,Peppara,8.6249,77.1442,24.6,2026-09-21,01:15:00,,,,2026-09-21 02:14:45,,,,,,,,,,,,,,,,,,,,
Kerala,Thiruvananthapuram,Pirappancode,8.65944,76.9114,25.0,2026-09-21,02:00:00,100.0,2026-09-20,02:00:00,2026-09-21 02:14:45,27.950000000000045,Zone 4,60.9,Zone 5,27.22,Zone 4,59.79,Zone 5,34.38,Zone 4,62.96,Zone 5,51.33,Zone 5,65.28,Zone 5,60.9,Zone 5,67.07,Zone 5
Kerala,Thiruvananthapuram,Ponmudi,8.7599,77.1169,19.8,2026-09-21,02:00:00,100.0,2026-09-20,02:00:00,2026-09-21 02:14:45,21.25,Zone 3,35.8,Zone 4,20.79,Zone 3,34.6,Zone 4,25.68,Zone 4,45.37,Zone 5,30.87,Zone 4,58.37,Zone 5,35.8,Zone 4,61.39,Zone 5
Kerala,Thiruvananthapuram,Thattathumala,8.79972,76.8803,24.6,2026-09-21,01:45:00,77.0,2026-09-20,01:45:00,2026-09-21 02:14:45,25.75,Zone 4,44.01,Zone 5,25.05,Zone 3,39.64,Zone 5,30.72,Zone 4,55.4,Zone 5,35.92,Zone 4,60.99,Zone 5,44.01,Zone 5,63.29,Zone 5
Kerala,Thiruvananthapuram,Thiruvananthapuram,8.4667,76.95,24.7,2026-09-21,02:00:00,82.0,2026-09-20,02:00:00,2026-09-21 02:14:45,26.150000000000034,Zone 4,48.35,Zone 5,25.24,Zone 3,43.64,Zone 5,31.19,Zone 4,58.82,Zone 5,36.6,Zone 4,61.8,Zone 5,48.35,Zone 5,64.01,Zone 5
Kerala,Thrissur,Athirappilly,10.2879,76.5558,24.9,2026-09-21,02:00:00,100.0,2026-09-20,02:00:00,2026-09-21 02:14:45,27.75,Zone 4,60.9,Zone 5,27.22,Zone 4,59.79,Zone 5,34.38,Zone 4,62.96,Zone 5,51.33,Zone 5,65.28,Zone 5,60.9,Zone 5,67.07,Zone 5
Kerala,Thrissur,Kunnamkulam,10.6466,76.075,26.4,2026-09-21,02:00:00,100.0,2026-09-20,02:00:00,2026-09-21 02:14:45,31.05000000000001,Zone 4,63.56,Zone 5,30.49,Zone 4,62.52,Zone 5,44.17,Zone 5,65.28,Zone 5,60.18,Zone 5,67.29,Zone 5,63.56,Zone 5,68.83,Zone 5
Kerala,Thrissur,Lower Sholayar,10.3187,76.734,22.0,2026-09-21,02:00:00,100.0,2026-09-20,02:00:00,2026-09-21 02:14:45,23.75,Zone 3,46.01,Zone 5,23.18,Zone 3,41.41,Zone 5,28.57,Zone 4,57.02,Zone 5,34.19,Zone 4,61.36,Zone 5,46.01,Zone 5,63.62,Zone 5
Kerala,Thrissur,Munakkal,,,,,,12.0,2026-09-20,02:00:00,2026-09-21 02:14:45,,,,,,,,,,,,,,,,,,,,
Kerala,Thrissur,Peechi,10.5303,76.3997,26.1,2026-09-21,02:00:00,100.0,2026-09-20,02:00:00,2026-09-21 02:14:45,30.350000000000023,Zone 4,62.67,Zone 5,29.31,Zone 4,61.61,Zone 5,39.34,Zone 5,64.5,Zone 5,59.12,Zone 5,66.62,Zone 5,62.67,Zone 5,68.24,Zone 5
Kerala,Wayanad,Kabanigiri,11.8544,76.1781,22.6,2026-09-21,02:00:00,100.0,2026-09-20,02:00:00,2026-09-21 02:14:45,24.350000000000023,Zone 3,49.49,Zone 5,23.74,Zone 3,44.71,Zone 5,29.39,Zone 4,59.19,Zone 5,35.14,Zone 4,62.0,Zone 5,49.49,Zone 5,64.19,Zone 5
Kerala,Wayanad,Karapuzha,11.618,76.167,22.3,2026-09-21,02:00:00,100.0,2026-09-20,02:00:00,2026-09-21 02:14:45,24.05000000000001,Zone 3,49.49,Zone 5,23.74,Zone 3,44.71,Zone 5,29.39,Zone 4,59.19,Zone 5,35.14,Zone 4,62.0,Zone 5,49.49,Zone 5,64.19,Zone 5
Kerala,Wayanad,Kuppadi,11.6786,76.2269,21.5,2026-09-21,02:00:00,100.0,2026-09-20,02:00:00,2026-09-21 02:14:45,23.150000000000034,Zone 3,42.68,Zone 5,22.6,Zone 3,38.42,Zone 5,27.79,Zone 4,54.2,Zone 5,33.3,Zone 4,60.72,Zone 5,42.68,Zone 5,63.06,Zone 5
Kerala,Wayanad,Padamala,11.8111,76.0758,22.2,2026-09-21,02:00:00,100.0,2026-09-20,02:00:00,2026-09-21 02:14:45,23.950000000000045,Zone 3,46.01,Zone 5,23.18,Zone 3,41.41,Zone 5,28.57,Zone 4,57.02,Zone 5,34.19,Zone 4,61.36,Zone 5,46.01,Zone 5,63.62,Zone 5
Ladakh,Kargil,Dras,34.3667,75.8333,6.8,2026-09-21,02:00:00,70.0,2026-09-20,02:00:00,2026-09-21 02:14:45,5.9500000000000455,Zone 2,22.77,Zone 3,5.04,Zone 2,22.57,Zone 3,13.48,Zone 2,24.92,Zone 3,19.24,Zone 3,27.87,Zone 4,22.77,Zone 3,30.98,Zone 4
Ladakh,Kargil,Garkon,34.56,76.482,18.1,2026-09-21,02:00:00,27.0,2026-09-20,02:00:00,2026-09-21 02:14:45,15.350000000000023,Zone 3,29.13,Zone 4,14.13,Zone 3,28.74,Zone 4,21.84,Zone 3,32.08,Zone 4,25.68,Zone 4,35.23,Zone 4,29.13,Zone 4,38.27,Zone 4
Ladakh,Kargil,Kargil,34.5222,76.1422,11.9,2026-09-21,02:00:00,35.0,2026-09-20,02:00:00,2026-09-21 02:14:45,9.650000000000034,Zone 2,24.91,Zone 3,8.74,Zone 2,24.71,Zone 3,16.87,Zone 3,27.78,Zone 4,21.96,Zone 3,30.91,Zone 4,24.91,Zone 3,33.93,Zone 4
Ladakh,Kargil,Padum Kvk,33.479,76.869,9.6,2026-09-21,02:00:00,37.0,2026-09-20,02:00:00,2026-09-21 02:14:45,7.650000000000034,Zone 2,23.69,Zone 3,6.45,Zone 2,23.51,Zone 3,14.71,Zone 3,26.04,Zone 4,20.36,Zone 3,29.14,Zone 4,23.69,Zone 3,32.13,Zone 4
Ladakh,Leh,Khaltse,34.556,77.01,16.5,2026-09-21,02:00:00,26.0,2026-09-20,02:00:00,2026-09-21 02:14:45,13.550000000000011,Zone 2,27.92,Zone 4,12.62,Zone 2,27.57,Zone 4,20.51,Zone 3,30.89,Zone 4,24.64,Zone 3,34.0,Zone 4,27.92,Zone 4,37.01,Zone 4
Ladakh,Leh,Mc Leh,34.17,77.5767,7.9,2026-09-21,02:00:00,29.0,2026-09-20,02:00:00,2026-09-21 02:14:45,5.850000000000023,Zone 2,22.84,Zone 3,4.78,Zone 2,22.69,Zone 3,13.36,Zone 2,25.06,Zone 3,19.22,Zone 3,27.97,Zone 4,22.84,Zone 3,30.89,Zone 4
Ladakh,Leh,Nubra Hunder,34.783,77.566,9.6,2026-09-21,02:00:00,40.0,2026-09-20,02:00:00,2026-09-21 02:14:45,7.75,Zone 2,23.72,Zone 3,6.55,Zone 2,23.54,Zone 3,14.8,Zone 3,26.08,Zone 4,20.41,Zone 3,29.2,Zone 4,23.72,Zone 3,32.21,Zone 4
Ladakh,Leh,Nyoma Kvk,33.209,78.646,9.5,2026-09-21,02:00:00,26.0,2026-09-20,02:00:00,2026-09-21 02:14:45,7.150000000000034,Zone 2,23.56,Zone 3,6.08,Zone 2,23.41,Zone 3,14.4,Zone 3,25.9,Zone 4,20.16,Zone 3,28.93,Zone 4,23.56,Zone 3,31.86,Zone 4
Ladakh,Leh,Tangtse Durbuk,33.98,78.23,7.2,2026-09-21,02:00:00,28.0,2026-09-20,02:00:00,2026-09-21 02:14:45,5.150000000000034,Zone 2,22.31,Zone 3,3.82,Zone 2,22.19,Zone 3,12.66,Zone 2,24.66,Zone 3,18.54,Zone 3,27.29,Zone 4,22.31,Zone 3,30.2,Zone 4
Ladakh,Leh,Upshi,33.83,77.81,8.9,2026-09-21,02:00:00,42.0,2026-09-20,02:00:00,2026-09-21 02:14:45,7.150000000000034,Zone 2,23.49,Zone 3,6.14,Zone 2,23.31,Zone 3,14.41,Zone 3,25.76,Zone 4,20.12,Zone 3,28.87,Zone 4,23.49,Zone 3,31.89,Zone 4
Madhya Pradesh,Agar,Agar Malwa,23.6806,75.9941,23.9,2026-09-21,02:00:00,100.0,2026-09-20,02:00:00,2026-09-21 02:14:45,25.950000000000045,Zone 4,59.15,Zone 5,25.42,Zone 4,55.33,Zone 5,32.18,Zone 4,61.44,Zone 5,42.93,Zone 5,63.96,Zone 5,59.15,Zone 5,65.91,Zone 5
Madhya Pradesh,Alirajpur,Alirajpur,22.3139,74.3531,24.2,2026-09-21,02:00:00,89.0,2026-09-20,02:00:00,2026-09-21 02:14:45,25.850000000000023,Zone 4,51.0,Zone 5,24.97,Zone 3,46.21,Zone 5,31.01,Zone 4,59.51,Zone 5,36.64,Zone 4,62.28,Zone 5,51.0,Zone 5,64.43,Zone 5
Madhya Pradesh,Balaghat,Pala Kvk,21.6477,80.3152,24.4,2026-09-21,02:00:00,96.0,2026-09-20,02:00:00,2026-09-21 02:14:45,26.55000000000001,Zone 4,59.21,Zone 5,26.03,Zone 4,55.57,Zone 5,32.72,Zone 4,61.49,Zone 5,43.2,Zone 5,64.0,Zone 5,59.21,Zone 5,65.95,Zone 5
Madhya Pradesh,Barwani,Talun Kvk,22.0328,74.9744,25.4,2026-09-21,02:00:00,96.0,2026-09-20,02:00:00,2026-09-21 02:14:45,28.450000000000045,Zone 4,60.94,Zone 5,27.86,Zone 4,59.84,Zone 5,34.92,Zone 4,62.99,Zone 5,51.53,Zone 5,65.31,Zone 5,60.94,Zone 5,67.1,Zone 5
Madhya Pradesh,Betul,Betul,,,,,,99.0,2026-09-20,02:00:00,2026-09-21 02:14:45,,,,,,,,,,,,,,,,,,,,
Madhya Pradesh,Betul,Multai,21.77,78.25,22.9,2026-09-21,02:00:00,100.0,2026-09-20,02:00:00,2026-09-21 02:14:45,24.650000000000034,Zone 3,53.01,Zone 5,24.29,Zone 3,48.21,Zone 5,30.26,Zone 4,59.93,Zone 5,36.15,Zone 4,62.65,Zone 5,53.01,Zone 5,64.76,Zone 5
Madhya Pradesh,Bhopal,Berasia,23.62,77.43,23.4,2026-09-21,02:00:00,100.0,2026-09-20,02:00:00,2026-09-21 02:14:45,25.150000000000034,Zone 3,56.39,Zone 5,24.83,Zone 3,51.81,Zone 5,31.19,Zone 4,60.68,Zone 5,39.18,Zone 5,63.3,Zone 5,56.39,Zone 5,65.33,Zone 5
Madhya Pradesh,Bhopal,Islamnagar,,,,,,100.0,2026-09-20,02:00:00,2026-09-21 02:14:45,,,,,,,,,,,,,,,,,,,,
Madhya Pradesh,Bhopal ,Bhopal,23.28,77.35,24.2,2026-09-21,02:00:00,99.0,2026-09-20,02:00:00,2026-09-21 02:14:45,26.450000000000045,Zone 4,58.82,Zone 5,25.36,Zone 4,54.54,Zone 5,32.06,Zone 4,61.26,Zone 5,42.03,Zone 5,63.81,Zone 5,58.82,Zone 5,65.78,Zone 5
Madhya Pradesh,Chhindwara,Amarwada,22.3,79.16,21.9,2026-09-21,02:00:00,98.0,2026-09-20,02:00:00,2026-09-21 02:14:45,23.55000000000001,Zone 3,44.52,Zone 5,23.1,Zone 3,40.07,Zone 5,28.43,Zone 4,55.81,Zone 5,33.98,Zone 4,61.08,Zone 5,44.52,Zone 5,63.38,Zone 5
Madhya Pradesh,Chhindwara,New Chhindwara,22.0572,78.9382,21.8,2026-09-21,02:00:00,100.0,2026-09-20,02:00:00,2026-09-21 02:14:45,23.55000000000001,Zone 3,46.01,Zone 5,23.18,Zone 3,41.41,Zone 5,28.57,Zone 4,57.02,Zone 5,34.19,Zone 4,61.36,Zone 5,46.01,Zone 5,63.62,Zone 5
Madhya Pradesh,Chhindwara,Sausar,21.66,78.8,24.2,2026-09-21,02:00:00,96.0,2026-09-20,02:00:00,2026-09-21 02:14:45,26.25,Zone 4,56.65,Zone 5,25.22,Zone 3,52.1,Zone 5,31.73,Zone 4,60.74,Zone 5,39.46,Zone 5,63.35,Zone 5,56.65,Zone 5,65.38,Zone 5
Madhya Pradesh,Guna,Aron Kvk,,,,,,22.0,2026-09-20,02:00:00,2026-09-21 02:14:45,,,,,,,,,,,,,,,,,,,,
Madhya Pradesh,Hoshangabad,Pachmarhi Aec,22.4695,78.4318,20.8,2026-09-21,02:00:00,99.0,2026-09-20,02:00:00,2026-09-21 02:14:45,22.350000000000023,Zone 3,38.98,Zone 5,21.96,Zone 3,36.15,Zone 4,27.0,Zone 4,50.63,Zone 5,32.36,Zone 4,59.95,Zone 5,38.98,Zone 5,62.38,Zone 5
Madhya Pradesh,Mandsaur,Mandsour,24.06,75.1,23.0,2026-09-21,02:00:00,96.0,2026-09-20,02:00:00,2026-09-21 02:14:45,24.650000000000034,Zone 3,49.85,Zone 5,24.14,Zone 3,45.06,Zone 5,29.92,Zone 4,59.27,Zone 5,35.62,Zone 4,62.07,Zone 5,49.85,Zone 5,64.25,Zone 5
Madhya Pradesh,Narsinghpur,Narsinghpur,22.94,79.22,24.1,2026-09-21,02:00:00,100.0,2026-09-20,02:00:00,2026-09-21 02:14:45,26.350000000000023,Zone 4,59.15,Zone 5,25.42,Zone 4,55.33,Zone 5,32.18,Zone 4,61.44,Zone 5,42.93,Zone 5,63.96,Zone 5,59.15,Zone 5,65.91,Zone 5
Madhya Pradesh,Neemuch,Marukheda Kvk,24.4738,74.8969,23.6,2026-09-21,02:00:00,100.0,2026-09-20,02:00:00,2026-09-21 02:14:45,25.450000000000045,Zone 4,56.39,Zone 5,24.83,Zone 3,51.81,Zone 5,31.19,Zone 4,60.68,Zone 5,39.18,Zone 5,63.3,Zone 5,56.39,Zone 5,65.33,Zone 5
Madhya Pradesh,Niwari,Prithvipur,25.213579,78.749008,25.8,2026-09-21,02:00:00,99.0,2026-09-20,02:00:00,2026-09-21 02:14:45,29.55000000000001,Zone 4,62.46,Zone 5,29.2,Zone 4,61.39,Zone 5,38.29,Zone 5,64.32,Zone 5,58.51,Zone 5,66.45,Zone 5,62.46,Zone 5,68.1,Zone 5
Madhya Pradesh,Sagar,Khurai,24.04,78.33,23.5,2026-09-21,02:00:00,99.0,2026-09-20,02:00:00,2026-09-21 02:14:45,25.25,Zone 3,55.64,Zone 5,24.8,Zone 3,51.0,Zone 5,31.09,Zone 4,60.51,Zone 5,38.4,Zone 5,63.15,Zone 5,55.64,Zone 5,65.2,Zone 5
Madhya Pradesh,Sagar,Sagar,23.83,78.69,21.5,2026-09-21,02:00:00,99.0,2026-09-20,02:00:00,2026-09-21 02:14:45,23.150000000000034,Zone 3,41.99,Zone 5,22.56,Zone 3,37.82,Zone 5,27.73,Zone 4,53.58,Zone 5,33.2,Zone 4,60.58,Zone 5,41.99,Zone 5,62.94,Zone 5
Madhya Pradesh,Satna,Satna,24.57,80.82,24.1,2026-09-21,02:00:00,99.0,2026-09-20,02:00:00,2026-09-21 02:14:45,26.25,Zone 4,58.82,Zone 5,25.36,Zone 4,54.54,Zone 5,32.06,Zone 4,61.26,Zone 5,42.03,Zone 5,63.81,Zone 5,58.82,Zone 5,65.78,Zone 5
Madhya Pradesh,Shajapur,Shajapur,23.4317,76.2636,22.8,2026-09-21,02:00:00,60.0,2026-09-20,02:00:00,2026-09-21 02:14:45,22.950000000000045,Zone 3,36.23,Zone 4,22.51,Zone 3,35.33,Zone 4,27.57,Zone 4,39.45,Zone 4,32.03,Zone 4,49.36,Zone 5,36.23,Zone 4,59.36,Zone 5
Madhya Pradesh,Sidhi,Sidhi,24.41,81.86,25.3,2026-09-21,02:00:00,90.0,2026-09-20,02:00:00,2026-09-21 02:14:45,27.75,Zone 4,59.66,Zone 5,27.36,Zone 4,57.31,Zone 5,34.0,Zone 4,61.88,Zone 5,45.3,Zone 5,64.34,Zone 5,59.66,Zone 5,66.25,Zone 5
Madhya Pradesh,Ujjain,Vikram Vv Ujjain,23.1578,75.806,23.7,2026-09-21,02:00:00,100.0,2026-09-20,02:00:00,2026-09-21 02:14:45,25.650000000000034,Zone 4,56.39,Zone 5,24.83,Zone 3,51.81,Zone 5,31.19,Zone 4,60.68,Zone 5,39.18,Zone 5,63.3,Zone 5,56.39,Zone 5,65.33,Zone 5
Madhya Pradesh,Vidisha,Lateri,,,,,,100.0,2026-09-20,02:00:00,2026-09-21 02:14:45,,,,,,,,,,,,,,,,,,,,
Maharashtra,Amravati,Morshi,21.2833,78.01,25.2,2026-09-21,02:00:00,90.0,2026-09-20,02:00:00,2026-09-21 02:14:45,27.55000000000001,Zone 4,58.33,Zone 5,26.49,Zone 4,54.0,Zone 5,32.98,Zone 4,61.15,Zone 5,41.42,Zone 5,63.7,Zone 5,58.33,Zone 5,65.69,Zone 5
Maharashtra,Beed,Beed Pto,18.990814,75.748339,24.6,2026-09-21,02:00:00,100.0,2026-09-20,02:00:00,2026-09-21 02:14:45,27.25,Zone 4,60.03,Zone 5,26.29,Zone 4,58.62,Zone 5,33.24,Zone 4,62.19,Zone 5,47.04,Zone 5,64.61,Zone 5,60.03,Zone 5,66.49,Zone 5
Maharashtra,Buldhana,Hiwara,20.14,76.29,24.5,2026-09-21,02:00:00,86.0,2026-09-20,02:00:00,2026-09-21 02:14:45,26.150000000000034,Zone 4,51.84,Zone 5,25.45,Zone 4,47.05,Zone 5,31.59,Zone 4,59.69,Zone 5,37.18,Zone 4,62.44,Zone 5,51.84,Zone 5,64.57,Zone 5
Maharashtra,Buldhana,Lonar,19.9722,76.5323,23.6,2026-09-21,01:15:00,,,,2026-09-21 02:14:45,,,,,,,,,,,,,,,,,,,,
Maharashtra,Chandrapur,Chandrapur Aws400,19.97,79.2984,25.2,2026-09-21,02:00:00,100.0,2026-09-20,02:00:00,2026-09-21 02:14:45,28.350000000000023,Zone 4,60.9,Zone 5,27.22,Zone 4,59.79,Zone 5,34.38,Zone 4,62.96,Zone 5,51.33,Zone 5,65.28,Zone 5,60.9,Zone 5,67.07,Zone 5
Maharashtra,Hingoli,Tondapur Aws400,19.422844,77.401916,24.9,2026-09-21,02:00:00,94.0,2026-09-20,02:00:00,2026-09-21 02:14:45,27.350000000000023,Zone 4,59.66,Zone 5,26.77,Zone 4,57.29,Zone 5,33.5,Zone 4,61.88,Zone 5,45.28,Zone 5,64.34,Zone 5,59.66,Zone 5,66.24,Zone 5
Maharashtra,Kolhapur,Radhanagri Ars,16.41029,73.994119,23.9,2026-09-21,02:00:00,100.0,2026-09-20,02:00:00,2026-09-21 02:14:45,25.950000000000045,Zone 4,59.15,Zone 5,25.42,Zone 4,55.33,Zone 5,32.18,Zone 4,61.44,Zone 5,42.93,Zone 5,63.96,Zone 5,59.15,Zone 5,65.91,Zone 5
Maharashtra,Latur,Udgir Aws400,18.387928,77.118043,23.8,2026-09-21,02:00:00,100.0,2026-09-20,02:00:00,2026-09-21 02:14:45,25.75,Zone 4,59.15,Zone 5,25.42,Zone 4,55.33,Zone 5,32.18,Zone 4,61.44,Zone 5,42.93,Zone 5,63.96,Zone 5,59.15,Zone 5,65.91,Zone 5
Maharashtra,Mumbai Suburban,Mumbai Airport,19.0931,72.8568,30.4,2026-09-21,02:00:00,,,,2026-09-21 02:14:45,,,,,,,,,,,,,,,,,,,,
Maharashtra,Mumbai Suburban,Ram Mandir,19.1531,72.8497,27.6,2026-09-21,02:00:00,,,,2026-09-21 02:14:45,,,,,,,,,,,,,,,,,,,,
Maharashtra,Mumbai Suburban,Vikhroli,19.1096,72.9282,27.2,2026-09-21,02:00:00,74.0,2026-09-20,02:00:00,2026-09-21 02:14:45,29.55000000000001,Zone 4,57.19,Zone 5,28.59,Zone 4,52.74,Zone 5,34.64,Zone 4,60.88,Zone 5,40.18,Zone 4,63.47,Zone 5,57.19,Zone 5,65.48,Zone 5
Maharashtra,Mumbai City,Byculla Mumbai,18.9836,72.8345,27.9,2026-09-21,02:00:00,100.0,2026-09-20,02:00:00,2026-09-21 02:14:45,36.05000000000001,Zone 5,66.26,Zone 5,34.81,Zone 4,65.32,Zone 5,59.24,Zone 5,67.65,Zone 5,63.42,Zone 5,69.34,Zone 5,66.26,Zone 5,72.76,Zone 6
Maharashtra,Mumbai City,Mahalaxmi,18.9799,72.8231,28.1,2026-09-21,02:00:00,,,,2026-09-21 02:14:45,,,,,,,,,,,,,,,,,,,,
Maharashtra,Mumbai City,Mumbai Santa Cruz,19.100662,72.858223,26.8,2026-09-21,02:00:00,,,,2026-09-21 02:14:45,,,,,,,,,,,,,,,,,,,,
Maharashtra,Nagpur,Nagpur,,,,,,82.0,2026-09-20,02:00:00,2026-09-21 02:14:45,,,,,,,,,,,,,,,,,,,,
Maharashtra,Nagpur,Nagpur Kvk,21.0383,79.0572,24.9,2026-09-21,02:00:00,92.0,2026-09-20,02:00:00,2026-09-21 02:14:45,27.150000000000034,Zone 4,59.24,Zone 5,26.63,Zone 4,55.68,Zone 5,33.24,Zone 4,61.51,Zone 5,43.32,Zone 5,64.02,Zone 5,59.24,Zone 5,65.97,Zone 5
Maharashtra,Nagpur,Ramtek Aws400,21.3937,79.3235,25.1,2026-09-21,02:00:00,90.0,2026-09-20,02:00:00,2026-09-21 02:14:45,27.350000000000023,Zone 4,58.33,Zone 5,26.49,Zone 4,54.0,Zone 5,32.98,Zone 4,61.15,Zone 5,41.42,Zone 5,63.7,Zone 5,58.33,Zone 5,65.69,Zone 5
Maharashtra,Nanded,Sagroli Kvk,18.69124,77.732679,24.3,2026-09-21,02:00:00,100.0,2026-09-20,02:00:00,2026-09-21 02:14:45,26.650000000000034,Zone 4,60.03,Zone 5,26.29,Zone 4,58.62,Zone 5,33.24,Zone 4,62.19,Zone 5,47.04,Zone 5,64.61,Zone 5,60.03,Zone 5,66.49,Zone 5
Maharashtra,Nandurbar,Shahada Aws400,21.53515,74.485958,25.7,2026-09-21,02:00:00,100.0,2026-09-20,02:00:00,2026-09-21 02:14:45,29.450000000000045,Zone 4,61.78,Zone 5,28.23,Zone 4,60.7,Zone 5,35.61,Zone 4,63.73,Zone 5,55.54,Zone 5,65.94,Zone 5,61.78,Zone 5,67.65,Zone 5
Maharashtra,Nashik,Malegaon,20.569239,74.513275,26.7,2026-09-21,02:00:00,82.0,2026-09-20,02:00:00,2026-09-21 02:14:45,29.55000000000001,Zone 4,59.56,Zone 5,28.46,Zone 4,56.94,Zone 5,34.89,Zone 4,61.8,Zone 5,44.82,Zone 5,64.27,Zone 5,59.56,Zone 5,66.18,Zone 5
Maharashtra,Nashik,Vilholi,19.937324,73.721246,24.1,2026-09-21,02:00:00,100.0,2026-09-20,02:00:00,2026-09-21 02:14:45,26.350000000000023,Zone 4,59.15,Zone 5,25.42,Zone 4,55.33,Zone 5,32.18,Zone 4,61.44,Zone 5,42.93,Zone 5,63.96,Zone 5,59.15,Zone 5,65.91,Zone 5
Maharashtra,Palghar,Palghar Aws400,19.7319,72.7609,25.8,2026-09-21,02:00:00,100.0,2026-09-20,02:00:00,2026-09-21 02:14:45,29.650000000000034,Zone 4,62.67,Zone 5,29.31,Zone 4,61.61,Zone 5,39.34,Zone 5,64.5,Zone 5,59.12,Zone 5,66.62,Zone 5,62.67,Zone 5,68.24,Zone 5
Maharashtra,Pune, Nimgiri Junnar,19.2092,73.8725,21.5,2026-09-21,02:00:00,,,,2026-09-21 02:14:45,,,,,,,,,,,,,,,,,,,,
Maharashtra,Pune,Blindschool Kp Pune,18.54,73.8886,25.3,2026-09-21,02:00:00,90.0,2026-09-20,02:00:00,2026-09-21 02:14:45,27.75,Zone 4,59.66,Zone 5,27.36,Zone 4,57.31,Zone 5,34.0,Zone 4,61.88,Zone 5,45.3,Zone 5,64.34,Zone 5,59.66,Zone 5,66.25,Zone 5
Maharashtra,Pune,Chinchwad Pune,18.6595,73.7987,24.6,2026-09-21,02:00:00,93.0,2026-09-20,02:00:00,2026-09-21 02:14:45,26.75,Zone 4,57.54,Zone 5,25.85,Zone 4,53.1,Zone 5,32.36,Zone 4,60.95,Zone 5,40.47,Zone 5,63.54,Zone 5,57.54,Zone 5,65.54,Zone 5
Maharashtra,Pune,Dps Hadapsar Pune,18.4659,73.9244,25.6,2026-09-21,02:00:00,92.0,2026-09-20,02:00:00,2026-09-21 02:14:45,28.450000000000045,Zone 4,60.09,Zone 5,27.52,Zone 4,58.87,Zone 5,34.3,Zone 4,62.25,Zone 5,47.37,Zone 5,64.67,Zone 5,60.09,Zone 5,66.53,Zone 5
Maharashtra,Pune,Girivan,18.5607,73.5211,22.4,2026-09-21,02:00:00,100.0,2026-09-20,02:00:00,2026-09-21 02:14:45,24.150000000000034,Zone 3,49.49,Zone 5,23.74,Zone 3,44.71,Zone 5,29.39,Zone 4,59.19,Zone 5,35.14,Zone 4,62.0,Zone 5,49.49,Zone 5,64.19,Zone 5
Maharashtra,Pune,Khadakwadi Ambegaon,18.9052,74.0938,22.8,2026-09-21,02:00:00,99.0,2026-09-20,02:00:00,2026-09-21 02:14:45,24.55000000000001,Zone 3,52.23,Zone 5,24.26,Zone 3,47.42,Zone 5,30.17,Zone 4,59.77,Zone 5,36.02,Zone 4,62.5,Zone 5,52.23,Zone 5,64.63,Zone 5
Maharashtra,Pune,Khutbav Daund,18.5056,74.3304,24.0,2026-09-21,02:00:00,,,,2026-09-21 02:14:45,,,,,,,,,,,,,,,,,,,,
Maharashtra,Pune,Lavale,18.5363,73.7325,23.1,2026-09-21,02:00:00,97.0,2026-09-20,02:00:00,2026-09-21 02:14:45,24.75,Zone 3,50.65,Zone 5,24.18,Zone 3,45.84,Zone 5,30.0,Zone 4,59.44,Zone 5,35.75,Zone 4,62.21,Zone 5,50.65,Zone 5,64.37,Zone 5
Maharashtra,Pune,Lonikalbhor Haveli,18.4697,74.0013,22.8,2026-09-21,02:00:00,98.0,2026-09-20,02:00:00,2026-09-21 02:14:45,24.450000000000045,Zone 3,51.44,Zone 5,24.22,Zone 3,46.63,Zone 5,30.09,Zone 4,59.6,Zone 5,35.88,Zone 4,62.36,Zone 5,51.44,Zone 5,64.5,Zone 5
Maharashtra,Pune,Magarpatta Pune,18.5115,73.9285,24.2,2026-09-21,02:00:00,99.0,2026-09-20,02:00:00,2026-09-21 02:14:45,26.450000000000045,Zone 4,58.82,Zone 5,25.36,Zone 4,54.54,Zone 5,32.06,Zone 4,61.26,Zone 5,42.03,Zone 5,63.81,Zone 5,58.82,Zone 5,65.78,Zone 5
Maharashtra,Pune,Malin Ambegaon,19.1574,73.6811,22.6,2026-09-21,02:00:00,100.0,2026-09-20,02:00:00,2026-09-21 02:14:45,24.350000000000023,Zone 3,49.49,Zone 5,23.74,Zone 3,44.71,Zone 5,29.39,Zone 4,59.19,Zone 5,35.14,Zone 4,62.0,Zone 5,49.49,Zone 5,64.19,Zone 5
Maharashtra,Pune,Mti Pashan Pune,18.5383,73.8045,25.5,2026-09-21,02:00:00,96.0,2026-09-20,02:00:00,2026-09-21 02:14:45,28.650000000000034,Zone 4,60.94,Zone 5,27.86,Zone 4,59.84,Zone 5,34.92,Zone 4,62.99,Zone 5,51.53,Zone 5,65.31,Zone 5,60.94,Zone 5,67.1,Zone 5
Maharashtra,Pune,Narayangoan Krishi Kendra,19.1003,73.9655,22.5,2026-09-21,02:00:00,100.0,2026-09-20,02:00:00,2026-09-21 02:14:45,24.25,Zone 3,49.49,Zone 5,23.74,Zone 3,44.71,Zone 5,29.39,Zone 4,59.19,Zone 5,35.14,Zone 4,62.0,Zone 5,49.49,Zone 5,64.19,Zone 5
Maharashtra,Pune,Nda Pune,18.47,73.78,22.5,2026-09-21,02:00:00,99.0,2026-09-20,02:00:00,2026-09-21 02:14:45,24.25,Zone 3,48.72,Zone 5,23.7,Zone 3,43.96,Zone 5,29.31,Zone 4,59.03,Zone 5,35.02,Zone 4,61.86,Zone 5,48.72,Zone 5,64.06,Zone 5
Maharashtra,Pune,Nes Lakadi Indapur,18.1748,74.689,22.5,2026-09-21,02:00:00,99.0,2026-09-20,02:00:00,2026-09-21 02:14:45,24.25,Zone 3,48.72,Zone 5,23.7,Zone 3,43.96,Zone 5,29.31,Zone 4,59.03,Zone 5,35.02,Zone 4,61.86,Zone 5,48.72,Zone 5,64.06,Zone 5
Maharashtra,Pune,Niasm Baramati,18.153,74.5003,24.3,2026-09-21,02:00:00,100.0,2026-09-20,02:00:00,2026-09-21 02:14:45,26.650000000000034,Zone 4,60.03,Zone 5,26.29,Zone 4,58.62,Zone 5,33.24,Zone 4,62.19,Zone 5,47.04,Zone 5,64.61,Zone 5,60.03,Zone 5,66.49,Zone 5
Maharashtra,Pune,Pabal Shirur,18.8344,74.0536,20.7,2026-09-21,02:00:00,99.0,2026-09-20,02:00:00,2026-09-21 02:14:45,22.25,Zone 3,36.55,Zone 4,21.36,Zone 3,35.31,Zone 4,26.3,Zone 4,47.67,Zone 5,31.56,Zone 4,59.32,Zone 5,36.55,Zone 4,61.83,Zone 5
Maharashtra,Pune,Pashan Aws Lab,18.5167,73.85,24.1,2026-09-21,01:45:00,100.0,2026-09-20,01:45:00,2026-09-21 02:14:45,26.350000000000023,Zone 4,59.15,Zone 5,25.42,Zone 4,55.33,Zone 5,32.18,Zone 4,61.44,Zone 5,42.93,Zone 5,63.96,Zone 5,59.15,Zone 5,65.91,Zone 5
Maharashtra,Pune,Pashan Tdma Test,18.5246,73.8786,25.2,2026-09-21,02:00:00,85.0,2026-09-20,02:00:00,2026-09-21 02:14:45,27.150000000000034,Zone 4,54.31,Zone 5,26.17,Zone 4,49.59,Zone 5,32.37,Zone 4,60.22,Zone 5,38.04,Zone 4,62.9,Zone 5,54.31,Zone 5,64.98,Zone 5
Maharashtra,Pune,Rjspmcop Dudulgaon,18.6751,73.8772,25.3,2026-09-21,02:00:00,100.0,2026-09-20,02:00:00,2026-09-21 02:14:45,28.55000000000001,Zone 4,61.78,Zone 5,28.23,Zone 4,60.7,Zone 5,35.61,Zone 4,63.73,Zone 5,55.54,Zone 5,65.94,Zone 5,61.78,Zone 5,67.65,Zone 5
Maharashtra,Pune,Talegaon,18.722,73.6632,22.6,2026-09-21,02:00:00,,,,2026-09-21 02:14:45,,,,,,,,,,,,,,,,,,,,
Maharashtra,Pune,Talegaon Dhamdhere,18.671,74.148,24.1,2026-09-21,02:00:00,99.0,2026-09-20,02:00:00,2026-09-21 02:14:45,26.25,Zone 4,58.82,Zone 5,25.36,Zone 4,54.54,Zone 5,32.06,Zone 4,61.26,Zone 5,42.03,Zone 5,63.81,Zone 5,58.82,Zone 5,65.78,Zone 5
Maharashtra,Pune,Wadgaonsheri Pune,18.5482,73.9278,25.3,2026-09-21,02:00:00,82.0,2026-09-20,02:00:00,2026-09-21 02:14:45,27.150000000000034,Zone 4,54.96,Zone 5,26.77,Zone 4,50.3,Zone 5,32.93,Zone 4,60.37,Zone 5,38.56,Zone 4,63.02,Zone 5,54.96,Zone 5,65.09,Zone 5
Maharashtra,Pune,Walhe Purandar,18.1748,74.1498,23.0,2026-09-21,02:00:00,99.0,2026-09-20,02:00:00,2026-09-21 02:14:45,24.75,Zone 3,52.23,Zone 5,24.26,Zone 3,47.42,Zone 5,30.17,Zone 4,59.77,Zone 5,36.02,Zone 4,62.5,Zone 5,52.23,Zone 5,64.63,Zone 5
Maharashtra,Raigad,Iighq Newpanvel,19.0088,73.106,27.6,2026-09-21,02:00:00,100.0,2026-09-20,02:00:00,2026-09-21 02:14:45,34.450000000000045,Zone 4,65.36,Zone 5,33.22,Zone 4,64.38,Zone 5,54.9,Zone 5,66.86,Zone 5,62.33,Zone 5,68.65,Zone 5,65.36,Zone 5,71.14,Zone 6
Maharashtra,Raigad,Iig Mo Alibag,18.644514,72.869026,26.9,2026-09-21,02:00:00,100.0,2026-09-20,02:00:00,2026-09-21 02:14:45,32.35000000000002,Zone 4,64.46,Zone 5,31.79,Zone 4,63.45,Zone 5,49.51,Zone 5,66.07,Zone 5,61.26,Zone 5,67.97,Zone 5,64.46,Zone 5,69.54,Zone 6
Maharashtra,Raigad,Karjat,18.915956,73.317216,25.9,2026-09-21,02:00:00,97.0,2026-09-20,02:00:00,2026-09-21 02:14:45,29.55000000000001,Zone 4,62.03,Zone 5,28.98,Zone 4,60.95,Zone 5,36.34,Zone 4,63.94,Zone 5,56.66,Zone 5,66.13,Zone 5,62.03,Zone 5,67.82,Zone 5
Maharashtra,Raigad,Matheran,18.99012,73.266534,22.4,2026-09-21,02:00:00,100.0,2026-09-20,02:00:00,2026-09-21 02:14:45,24.150000000000034,Zone 3,49.49,Zone 5,23.74,Zone 3,44.71,Zone 5,29.39,Zone 4,59.19,Zone 5,35.14,Zone 4,62.0,Zone 5,49.49,Zone 5,64.19,Zone 5
Maharashtra,Ratnagiri,Dapoli,17.754206,73.176743,25.7,2026-09-21,02:00:00,,,,2026-09-21 02:14:45,,,,,,,,,,,,,,,,,,,,
Maharashtra,Ratnagiri,Ratnagiri Aws400,16.9859,73.3285,26.6,2026-09-21,02:00:00,100.0,2026-09-20,02:00:00,2026-09-21 02:14:45,31.55000000000001,Zone 4,63.56,Zone 5,30.49,Zone 4,62.52,Zone 5,44.17,Zone 5,65.28,Zone 5,60.18,Zone 5,67.29,Zone 5,63.56,Zone 5,68.83,Zone 5
Maharashtra,Ratnagiri,Savarde(Golwane),17.23,73.29,26.1,2026-09-21,02:00:00,,,,2026-09-21 02:14:45,,,,,,,,,,,,,,,,,,,,
Maharashtra,Satara,Bgrl Karad,,,,,,64.0,2026-09-20,02:00:00,2026-09-21 02:14:45,,,,,,,,,,,,,,,,,,,,
Maharashtra,Satara,Mahabaleshwar,17.92478,73.66034,18.6,2026-09-21,02:00:00,,,,2026-09-21 02:14:45,,,,,,,,,,,,,,,,,,,,
Maharashtra,Solapur,Mohol Kvk,17.4833,75.3815,25.4,2026-09-21,02:00:00,82.0,2026-09-20,02:00:00,2026-09-21 02:14:45,27.25,Zone 4,54.96,Zone 5,26.77,Zone 4,50.3,Zone 5,32.93,Zone 4,60.37,Zone 5,38.56,Zone 4,63.02,Zone 5,54.96,Zone 5,65.09,Zone 5
Maharashtra,Solapur,Sangola Mahavidyalaya,17.4208,75.1947,25.2,2026-09-21,02:00:00,95.0,2026-09-20,02:00:00,2026-09-21 02:14:45,27.950000000000045,Zone 4,59.87,Zone 5,26.84,Zone 4,58.06,Zone 5,33.64,Zone 4,62.06,Zone 5,46.28,Zone 5,64.5,Zone 5,59.87,Zone 5,66.38,Zone 5
Maharashtra,Solapur,Solapur,17.2,75.9,26.7,2026-09-21,02:00:00,80.0,2026-09-20,02:00:00,2026-09-21 02:14:45,29.350000000000023,Zone 4,59.1,Zone 5,28.28,Zone 4,55.16,Zone 5,34.58,Zone 4,61.4,Zone 5,42.69,Zone 5,63.92,Zone 5,59.1,Zone 5,65.88,Zone 5
Maharashtra,Thane,Bhayander,19.3147,72.852,26.8,2026-09-21,02:00:00,,,,2026-09-21 02:14:45,,,,,,,,,,,,,,,,,,,,
Maharashtra,Wardha,Wardha,20.78,78.59,25.7,2026-09-21,02:00:00,92.0,2026-09-20,02:00:00,2026-09-21 02:14:45,28.650000000000034,Zone 4,60.09,Zone 5,27.52,Zone 4,58.87,Zone 5,34.3,Zone 4,62.25,Zone 5,47.37,Zone 5,64.67,Zone 5,60.09,Zone 5,66.53,Zone 5
Maharashtra,Yavatmal,Pushad Aws400,19.9547,77.579,24.3,2026-09-21,02:00:00,100.0,2026-09-20,02:00:00,2026-09-21 02:14:45,26.650000000000034,Zone 4,60.03,Zone 5,26.29,Zone 4,58.62,Zone 5,33.24,Zone 4,62.19,Zone 5,47.04,Zone 5,64.61,Zone 5,60.03,Zone 5,66.49,Zone 5
Maharashtra,Yavatmal,Yavatmal,20.4025,78.1169,23.3,2026-09-21,02:00:00,99.0,2026-09-20,02:00:00,2026-09-21 02:14:45,25.05000000000001,Zone 3,55.64,Zone 5,24.8,Zone 3,51.0,Zone 5,31.09,Zone 4,60.51,Zone 5,38.4,Zone 5,63.15,Zone 5,55.64,Zone 5,65.2,Zone 5
Manipur,Chandel,Chakpikarong,24.207,93.9039,21.7,2026-09-21,02:00:00,100.0,2026-09-20,02:00:00,2026-09-21 02:14:45,23.350000000000023,Zone 3,42.68,Zone 5,22.6,Zone 3,38.42,Zone 5,27.79,Zone 4,54.2,Zone 5,33.3,Zone 4,60.72,Zone 5,42.68,Zone 5,63.06,Zone 5
Manipur,Chandel,Chandel Kvk,24.3265,94.0224,21.0,2026-09-21,02:00:00,100.0,2026-09-20,02:00:00,2026-09-21 02:14:45,22.650000000000034,Zone 3,39.6,Zone 5,22.01,Zone 3,36.25,Zone 4,27.05,Zone 4,51.26,Zone 5,32.45,Zone 4,60.09,Zone 5,39.6,Zone 5,62.5,Zone 5
Manipur,Imphal East,Jiribam,24.7864,93.1539,26.2,2026-09-21,02:00:00,99.0,2026-09-20,02:00:00,2026-09-21 02:14:45,30.450000000000045,Zone 4,62.46,Zone 5,29.2,Zone 4,61.39,Zone 5,38.29,Zone 5,64.32,Zone 5,58.51,Zone 5,66.45,Zone 5,62.46,Zone 5,68.1,Zone 5
Manipur,Imphal East,Porompat,24.8067,93.9603,21.7,2026-09-21,02:00:00,97.0,2026-09-20,02:00:00,2026-09-21 02:14:45,23.25,Zone 3,40.65,Zone 5,22.47,Zone 3,36.8,Zone 4,27.61,Zone 4,52.3,Zone 5,33.01,Zone 4,60.31,Zone 5,40.65,Zone 5,62.7,Zone 5
Manipur,Kamjong,Kamjong,,,,,,100.0,2026-09-20,02:00:00,2026-09-21 02:14:45,,,,,,,,,,,,,,,,,,,,
Manipur,Kangpokpi,Saikul,25.0626,94.0251,19.9,2026-09-21,02:00:00,100.0,2026-09-20,02:00:00,2026-09-21 02:14:45,21.350000000000023,Zone 3,35.8,Zone 4,20.79,Zone 3,34.6,Zone 4,25.68,Zone 4,45.37,Zone 5,30.87,Zone 4,58.37,Zone 5,35.8,Zone 4,61.39,Zone 5
Manipur,Kangpokpi,Tujangvaichong,25.2294,93.8488,19.5,2026-09-21,02:00:00,100.0,2026-09-20,02:00:00,2026-09-21 02:14:45,20.850000000000023,Zone 3,34.98,Zone 4,20.17,Zone 3,33.84,Zone 4,25.12,Zone 3,42.59,Zone 5,30.14,Zone 4,56.08,Zone 5,34.98,Zone 4,60.84,Zone 5
Manipur,Noney,Khoupum,24.8547,93.6167,26.5,2026-09-21,02:00:00,86.0,2026-09-20,02:00:00,2026-09-21 02:14:45,29.55000000000001,Zone 4,60.47,Zone 5,28.85,Zone 4,59.36,Zone 5,35.55,Zone 4,62.59,Zone 5,49.22,Zone 5,64.95,Zone 5,60.47,Zone 5,66.78,Zone 5
Manipur,Senapati,Mao,25.5088,94.1497,19.0,2026-09-21,02:00:00,91.0,2026-09-20,02:00:00,2026-09-21 02:14:45,19.850000000000023,Zone 3,33.51,Zone 4,19.11,Zone 3,32.53,Zone 4,24.52,Zone 3,36.99,Zone 4,28.97,Zone 4,49.05,Zone 5,33.51,Zone 4,59.29,Zone 5
Manipur,Tengnoupal,Adc Moreh,24.2596,94.2897,25.5,2026-09-21,02:00:00,100.0,2026-09-20,02:00:00,2026-09-21 02:14:45,29.05000000000001,Zone 4,61.78,Zone 5,28.23,Zone 4,60.7,Zone 5,35.61,Zone 4,63.73,Zone 5,55.54,Zone 5,65.94,Zone 5,61.78,Zone 5,67.65,Zone 5
Meghalaya,East Garo Hills,Williamnagar,25.5094,90.5989,25.9,2026-09-21,02:00:00,94.0,2026-09-20,02:00:00,2026-09-21 02:14:45,29.25,Zone 4,61.38,Zone 5,28.67,Zone 4,60.29,Zone 5,35.78,Zone 4,63.38,Zone 5,53.66,Zone 5,65.64,Zone 5,61.38,Zone 5,67.39,Zone 5
Meghalaya,East Jaintia Hills,Mynkre Substation,25.2347,92.368,23.0,2026-09-21,02:00:00,88.0,2026-09-20,02:00:00,2026-09-21 02:14:45,24.350000000000023,Zone 3,43.51,Zone 5,23.82,Zone 3,39.17,Zone 5,29.29,Zone 4,54.95,Zone 5,34.66,Zone 4,60.89,Zone 5,43.51,Zone 5,63.2,Zone 5
Meghalaya,East Khasi Hills,Khatarshnong Laitkroh,25.439,91.8016,15.6,2026-09-21,02:00:00,,,,2026-09-21 02:14:45,,,,,,,,,,,,,,,,,,,,
Meghalaya,East Khasi Hills,Laban,,,,,,97.0,2026-09-20,02:00:00,2026-09-21 02:14:45,,,,,,,,,,,,,,,,,,,,
Meghalaya,East Khasi Hills,Mawryngkneng,25.5514,92.0501,21.9,2026-09-21,01:45:00,84.0,2026-09-20,01:45:00,2026-09-21 02:14:45,22.950000000000045,Zone 3,37.41,Zone 4,22.48,Zone 3,36.25,Zone 4,27.6,Zone 4,46.55,Zone 5,32.64,Zone 4,59.08,Zone 5,37.41,Zone 4,61.61,Zone 5
Meghalaya,East Khasi Hills,Shillong,25.5658,91.8597,18.5,2026-09-21,02:00:00,96.0,2026-09-20,02:00:00,2026-09-21 02:14:45,19.55000000000001,Zone 3,33.17,Zone 4,18.71,Zone 3,32.17,Zone 4,24.24,Zone 3,36.68,Zone 4,28.58,Zone 4,49.15,Zone 5,33.17,Zone 4,59.31,Zone 5
Meghalaya,North Garo Hills,Resubelpara,25.8907,90.6135,26.0,2026-09-21,02:00:00,100.0,2026-09-20,02:00:00,2026-09-21 02:14:45,30.150000000000034,Zone 4,62.67,Zone 5,29.31,Zone 4,61.61,Zone 5,39.34,Zone 5,64.5,Zone 5,59.12,Zone 5,66.62,Zone 5,62.67,Zone 5,68.24,Zone 5
Meghalaya,Ri Bhoi,Umtrewdam,26.0072,91.8118,28.8,2026-09-21,02:00:00,,,,2026-09-21 02:14:45,,,,,,,,,,,,,,,,,,,,
Meghalaya,South West Garo Hills,Ampati,25.4616,89.9258,25.8,2026-09-21,02:00:00,100.0,2026-09-20,02:00:00,2026-09-21 02:14:45,29.650000000000034,Zone 4,62.67,Zone 5,29.31,Zone 4,61.61,Zone 5,39.34,Zone 5,64.5,Zone 5,59.12,Zone 5,66.62,Zone 5,62.67,Zone 5,68.24,Zone 5
Meghalaya,South West Khasi Hills,Mawkyrwat,25.3706,91.4765,17.4,2026-09-21,02:00:00,100.0,2026-09-20,02:00:00,2026-09-21 02:14:45,18.350000000000023,Zone 3,32.06,Zone 4,17.61,Zone 3,31.1,Zone 4,23.53,Zone 3,35.57,Zone 4,27.51,Zone 4,46.16,Zone 5,32.06,Zone 4,57.8,Zone 5
Meghalaya,West Garo Hills,Tura,25.495,90.2094,24.4,2026-09-21,02:00:00,88.0,2026-09-20,02:00:00,2026-09-21 02:14:45,26.05000000000001,Zone 4,53.54,Zone 5,25.56,Zone 4,48.79,Zone 5,31.8,Zone 4,60.05,Zone 5,37.49,Zone 4,62.75,Zone 5,53.54,Zone 5,64.85,Zone 5
Meghalaya,West Khasi Hills,Nongstoin,25.5219,91.265,17.8,2026-09-21,02:00:00,66.0,2026-09-20,02:00:00,2026-09-21 02:14:45,17.150000000000034,Zone 3,30.81,Zone 4,16.48,Zone 3,30.13,Zone 4,23.06,Zone 3,34.02,Zone 4,26.83,Zone 4,37.68,Zone 4,30.81,Zone 4,45.02,Zone 5
Mizoram,Aizawl,Lengpui,23.84,92.62,24.5,2026-09-21,02:00:00,100.0,2026-09-20,02:00:00,2026-09-21 02:14:45,27.05000000000001,Zone 4,60.03,Zone 5,26.29,Zone 4,58.62,Zone 5,33.24,Zone 4,62.19,Zone 5,47.04,Zone 5,64.61,Zone 5,60.03,Zone 5,66.49,Zone 5
Mizoram,Aizawl,Mizoram University,23.7371,92.6518,23.5,2026-09-21,02:00:00,91.0,2026-09-20,02:00:00,2026-09-21 02:14:45,24.950000000000045,Zone 3,49.25,Zone 5,24.5,Zone 3,44.48,Zone 5,30.34,Zone 4,59.14,Zone 5,35.94,Zone 4,61.96,Zone 5,49.25,Zone 5,64.15,Zone 5
Mizoram,Champhai,Champhai Aws,23.495,93.3094,18.8,2026-09-21,02:00:00,100.0,2026-09-20,02:00:00,2026-09-21 02:14:45,20.05000000000001,Zone 3,34.2,Zone 4,19.54,Zone 3,33.11,Zone 4,24.73,Zone 3,40.0,Zone 5,29.44,Zone 4,53.66,Zone 5,34.2,Zone 4,60.29,Zone 5
Mizoram,Hnathial,Hnathial,22.9522,92.9328,22.1,2026-09-21,02:00:00,100.0,2026-09-20,02:00:00,2026-09-21 02:14:45,23.850000000000023,Zone 3,46.01,Zone 5,23.18,Zone 3,41.41,Zone 5,28.57,Zone 4,57.02,Zone 5,34.19,Zone 4,61.36,Zone 5,46.01,Zone 5,63.62,Zone 5
Mizoram,Khawzawl,Khawzawl,23.5266,93.1789,19.3,2026-09-21,02:00:00,98.0,2026-09-20,02:00:00,2026-09-21 02:14:45,20.55000000000001,Zone 3,34.81,Zone 4,20.08,Zone 3,33.69,Zone 4,25.07,Zone 3,41.5,Zone 5,30.02,Zone 4,55.11,Zone 5,34.81,Zone 4,60.61,Zone 5
Mizoram,Kolasib,Kolasib,24.208,92.6757,25.2,2026-09-21,02:00:00,100.0,2026-09-20,02:00:00,2026-09-21 02:14:45,28.350000000000023,Zone 4,60.9,Zone 5,27.22,Zone 4,59.79,Zone 5,34.38,Zone 4,62.96,Zone 5,51.33,Zone 5,65.28,Zone 5,60.9,Zone 5,67.07,Zone 5
Mizoram,Lawngtlai,Chawnhu,22.5055,92.8949,24.1,2026-09-21,02:00:00,66.0,2026-09-20,02:00:00,2026-09-21 02:14:45,24.650000000000034,Zone 3,38.34,Zone 4,24.01,Zone 3,37.28,Zone 4,29.15,Zone 4,44.36,Zone 5,33.87,Zone 4,57.57,Zone 5,38.34,Zone 4,61.19,Zone 5
Mizoram,Mamit,Lengpui Kvk,23.8381,92.6357,24.6,2026-09-21,02:00:00,100.0,2026-09-20,02:00:00,2026-09-21 02:14:45,27.25,Zone 4,60.03,Zone 5,26.29,Zone 4,58.62,Zone 5,33.24,Zone 4,62.19,Zone 5,47.04,Zone 5,64.61,Zone 5,60.03,Zone 5,66.49,Zone 5
Mizoram,Saiha,Saiha,22.4949,92.9988,22.6,2026-09-21,02:00:00,84.0,2026-09-20,02:00:00,2026-09-21 02:14:45,23.75,Zone 3,38.26,Zone 4,23.07,Zone 3,37.05,Zone 4,28.29,Zone 4,49.36,Zone 5,33.41,Zone 4,59.68,Zone 5,38.26,Zone 4,62.14,Zone 5
Mizoram,Serchhip,Serchhip,24.3425,92.8463,22.5,2026-09-21,02:00:00,11.0,2026-09-20,02:00:00,2026-09-21 02:14:45,19.650000000000034,Zone 3,31.9,Zone 4,18.67,Zone 3,31.52,Zone 4,25.14,Zone 3,34.68,Zone 4,28.65,Zone 4,37.66,Zone 4,31.9,Zone 4,40.54,Zone 4
Nagaland,Dimapur,Dimapur,25.9091,93.7266,25.4,2026-09-21,02:00:00,100.0,2026-09-20,02:00:00,2026-09-21 02:14:45,28.75,Zone 4,61.78,Zone 5,28.23,Zone 4,60.7,Zone 5,35.61,Zone 4,63.73,Zone 5,55.54,Zone 5,65.94,Zone 5,61.78,Zone 5,67.65,Zone 5
Nagaland,Kiphire,Kiphire Aws400,25.8833,94.7833,21.4,2026-09-21,02:00:00,100.0,2026-09-20,02:00:00,2026-09-21 02:14:45,23.05000000000001,Zone 3,42.68,Zone 5,22.6,Zone 3,38.42,Zone 5,27.79,Zone 4,54.2,Zone 5,33.3,Zone 4,60.72,Zone 5,42.68,Zone 5,63.06,Zone 5
Nagaland,Kohima,Chiephobozou Nerhema,25.7929,94.1312,19.0,2026-09-21,02:00:00,100.0,2026-09-20,02:00:00,2026-09-21 02:14:45,20.25,Zone 3,34.2,Zone 4,19.54,Zone 3,33.11,Zone 4,24.73,Zone 3,40.0,Zone 5,29.44,Zone 4,53.66,Zone 5,34.2,Zone 4,60.29,Zone 5
Nagaland,Kohima,Kohima,25.65,94.1167,19.7,2026-09-21,02:00:00,91.0,2026-09-20,02:00:00,2026-09-21 02:14:45,20.75,Zone 3,34.23,Zone 4,19.74,Zone 3,33.2,Zone 4,24.92,Zone 3,37.93,Zone 5,29.61,Zone 4,51.5,Zone 5,34.23,Zone 4,59.82,Zone 5
Nagaland,Kohima,Sechu,25.7,94.0333,19.7,2026-09-21,02:00:00,100.0,2026-09-20,02:00:00,2026-09-21 02:14:45,21.150000000000034,Zone 3,34.98,Zone 4,20.17,Zone 3,33.84,Zone 4,25.12,Zone 3,42.59,Zone 5,30.14,Zone 4,56.08,Zone 5,34.98,Zone 4,60.84,Zone 5
Nagaland,Peren,Jalukie,25.6534,93.6669,23.7,2026-09-21,02:00:00,100.0,2026-09-20,02:00:00,2026-09-21 02:14:45,25.650000000000034,Zone 4,56.39,Zone 5,24.83,Zone 3,51.81,Zone 5,31.19,Zone 4,60.68,Zone 5,39.18,Zone 5,63.3,Zone 5,56.39,Zone 5,65.33,Zone 5
Nagaland,Tuensang,Thonoknyu,25.9888,94.9058,18.4,2026-09-21,02:00:00,100.0,2026-09-20,02:00:00,2026-09-21 02:14:45,19.55000000000001,Zone 3,33.46,Zone 4,18.9,Zone 3,32.41,Zone 4,24.34,Zone 3,37.62,Zone 5,28.77,Zone 4,51.16,Zone 5,33.46,Zone 4,59.75,Zone 5
Nagaland,Wokha,Wokha,26.0852,94.255,20.9,2026-09-21,02:00:00,23.0,2026-09-20,02:00:00,2026-09-21 02:14:45,18.450000000000045,Zone 3,31.39,Zone 4,17.64,Zone 3,30.95,Zone 4,24.27,Zone 3,34.28,Zone 4,27.97,Zone 4,37.41,Zone 4,31.39,Zone 4,40.44,Zone 4
Odisha,Balangir,Bolangir,20.7,83.47,25.5,2026-09-21,02:00:00,100.0,2026-09-20,02:00:00,2026-09-21 02:14:45,29.05000000000001,Zone 4,61.78,Zone 5,28.23,Zone 4,60.7,Zone 5,35.61,Zone 4,63.73,Zone 5,55.54,Zone 5,65.94,Zone 5,61.78,Zone 5,67.65,Zone 5
Odisha,Balasore,Fm University,21.553,86.8147,26.0,2026-09-21,02:00:00,100.0,2026-09-20,02:00:00,2026-09-21 02:14:45,30.150000000000034,Zone 4,62.67,Zone 5,29.31,Zone 4,61.61,Zone 5,39.34,Zone 5,64.5,Zone 5,59.12,Zone 5,66.62,Zone 5,62.67,Zone 5,68.24,Zone 5
Odisha,Bargarh,Barapalli,21.18,83.59,25.8,2026-09-21,02:00:00,,,,2026-09-21 02:14:45,,,,,,,,,,,,,,,,,,,,
Odisha,Cuttack,Cuttack Kvk,20.5958,86.0239,26.4,2026-09-21,02:00:00,,,,2026-09-21 02:14:45,,,,,,,,,,,,,,,,,,,,
Odisha,Ganjam,Benakuda Kvk,19.9508,84.5929,25.9,2026-09-21,02:00:00,94.0,2026-09-20,02:00:00,2026-09-21 02:14:45,29.25,Zone 4,61.38,Zone 5,28.67,Zone 4,60.29,Zone 5,35.78,Zone 4,63.38,Zone 5,53.66,Zone 5,65.64,Zone 5,61.38,Zone 5,67.39,Zone 5
Odisha,Jharsuguda,Jharsuguda,21.89,84.03,24.7,2026-09-21,02:00:00,100.0,2026-09-20,02:00:00,2026-09-21 02:14:45,27.350000000000023,Zone 4,60.03,Zone 5,26.29,Zone 4,58.62,Zone 5,33.24,Zone 4,62.19,Zone 5,47.04,Zone 5,64.61,Zone 5,60.03,Zone 5,66.49,Zone 5
Odisha,Kandhamal,Phulbani,20.4786,84.2913,24.1,2026-09-21,02:00:00,100.0,2026-09-20,02:00:00,2026-09-21 02:14:45,26.350000000000023,Zone 4,59.15,Zone 5,25.42,Zone 4,55.33,Zone 5,32.18,Zone 4,61.44,Zone 5,42.93,Zone 5,63.96,Zone 5,59.15,Zone 5,65.91,Zone 5
Odisha,Khurdha,Pitapalli,20.201,85.6671,26.2,2026-09-21,02:00:00,100.0,2026-09-20,02:00:00,2026-09-21 02:14:45,30.55000000000001,Zone 4,62.67,Zone 5,29.31,Zone 4,61.61,Zone 5,39.34,Zone 5,64.5,Zone 5,59.12,Zone 5,66.62,Zone 5,62.67,Zone 5,68.24,Zone 5
Odisha,Mayurbhanj,Baripada,21.9228,86.7405,25.7,2026-09-21,01:45:00,100.0,2026-09-20,01:45:00,2026-09-21 02:14:45,29.450000000000045,Zone 4,61.78,Zone 5,28.23,Zone 4,60.7,Zone 5,35.61,Zone 4,63.73,Zone 5,55.54,Zone 5,65.94,Zone 5,61.78,Zone 5,67.65,Zone 5
Odisha,Puri,Janhukuda(Near Satapada),19.646,85.4058,28.5,2026-09-21,02:00:00,100.0,2026-09-20,02:00:00,2026-09-21 02:14:45,43.05000000000001,Zone 5,67.17,Zone 5,40.02,Zone 5,66.27,Zone 5,60.59,Zone 5,68.45,Zone 5,64.51,Zone 5,70.96,Zone 6,67.17,Zone 5,74.4,Zone 6
Odisha,Puri,Puri Kvk,19.9335,85.8181,27.2,2026-09-21,02:00:00,,,,2026-09-21 02:14:45,,,,,,,,,,,,,,,,,,,,
Odisha,Sambalpur,Dhankauda,21.4691,84.0018,24.8,2026-09-21,02:00:00,79.0,2026-09-20,02:00:00,2026-09-21 02:14:45,26.150000000000034,Zone 4,48.99,Zone 5,25.81,Zone 4,44.26,Zone 5,31.72,Zone 4,59.09,Zone 5,37.09,Zone 4,61.92,Zone 5,48.99,Zone 5,64.11,Zone 5
Odisha,Subarnapur,Dungripalli,21.04,83.54,25.8,2026-09-21,02:00:00,,,,2026-09-21 02:14:45,,,,,,,,,,,,,,,,,,,,
Odisha,Sundergarh,Sundergarh,22.1176,84.0436,24.5,2026-09-21,02:00:00,100.0,2026-09-20,02:00:00,2026-09-21 02:14:45,27.05000000000001,Zone 4,60.03,Zone 5,26.29,Zone 4,58.62,Zone 5,33.24,Zone 4,62.19,Zone 5,47.04,Zone 5,64.61,Zone 5,60.03,Zone 5,66.49,Zone 5
Puducherry,Mahe,Mahe Jnv,11.7514,75.5439,26.0,2026-09-21,02:00:00,99.0,2026-09-20,02:00:00,2026-09-21 02:14:45,29.950000000000045,Zone 4,62.46,Zone 5,29.2,Zone 4,61.39,Zone 5,38.29,Zone 5,64.32,Zone 5,58.51,Zone 5,66.45,Zone 5,62.46,Zone 5,68.1,Zone 5
Puducherry,Puducherry,Puducherry,11.9517,79.8267,26.4,2026-09-21,02:00:00,99.0,2026-09-20,02:00:00,2026-09-21 02:14:45,30.950000000000045,Zone 4,63.34,Zone 5,30.36,Zone 4,62.3,Zone 5,42.95,Zone 5,65.09,Zone 5,59.93,Zone 5,67.13,Zone 5,63.34,Zone 5,68.69,Zone 5
Puducherry,Puducherry,Puducherry Kvk,11.936,79.7687,25.4,2026-09-21,02:00:00,100.0,2026-09-20,02:00:00,2026-09-21 02:14:45,28.75,Zone 4,61.78,Zone 5,28.23,Zone 4,60.7,Zone 5,35.61,Zone 4,63.73,Zone 5,55.54,Zone 5,65.94,Zone 5,61.78,Zone 5,67.65,Zone 5
Punjab,Barnala,Barnala,30.36,75.53,25.4,2026-09-21,02:00:00,93.0,2026-09-20,02:00:00,2026-09-21 02:14:45,28.150000000000034,Zone 4,60.31,Zone 5,27.6,Zone 4,59.19,Zone 5,34.45,Zone 4,62.44,Zone 5,48.41,Zone 5,64.83,Zone 5,60.31,Zone 5,66.67,Zone 5
Punjab,Bathinda,Bhatinda Amfu,30.19,74.9333,23.5,2026-09-21,02:00:00,100.0,2026-09-20,02:00:00,2026-09-21 02:14:45,25.25,Zone 3,56.39,Zone 5,24.83,Zone 3,51.81,Zone 5,31.19,Zone 4,60.68,Zone 5,39.18,Zone 5,63.3,Zone 5,56.39,Zone 5,65.33,Zone 5
Punjab,Faridkot,Faridkot Amfu,30.67,74.74,24.2,2026-09-21,02:00:00,,,,2026-09-21 02:14:45,,,,,,,,,,,,,,,,,,,,
Punjab,Fatehgarh Sahib,Fatehgarh Sahib,30.62,76.41,24.0,2026-09-21,02:00:00,99.0,2026-09-20,02:00:00,2026-09-21 02:14:45,26.05000000000001,Zone 4,58.82,Zone 5,25.36,Zone 4,54.54,Zone 5,32.06,Zone 4,61.26,Zone 5,42.03,Zone 5,63.81,Zone 5,58.82,Zone 5,65.78,Zone 5
Punjab,Firozpur,Ferojpur,30.91,74.66,24.1,2026-09-21,02:00:00,99.0,2026-09-20,02:00:00,2026-09-21 02:14:45,26.25,Zone 4,58.82,Zone 5,25.36,Zone 4,54.54,Zone 5,32.06,Zone 4,61.26,Zone 5,42.03,Zone 5,63.81,Zone 5,58.82,Zone 5,65.78,Zone 5
Punjab,Firozpur,Firozpur Kvk,30.933,74.622,24.3,2026-09-21,02:00:00,98.0,2026-09-20,02:00:00,2026-09-21 02:14:45,26.55000000000001,Zone 4,59.62,Zone 5,26.16,Zone 4,57.14,Zone 5,32.97,Zone 4,61.84,Zone 5,45.1,Zone 5,64.31,Zone 5,59.62,Zone 5,66.22,Zone 5
Punjab,Gurdaspur,Gurdaspur Amfu,32.05,75.42,23.7,2026-09-21,02:00:00,97.0,2026-09-20,02:00:00,2026-09-21 02:14:45,25.450000000000045,Zone 4,54.11,Zone 5,24.72,Zone 3,49.36,Zone 5,30.89,Zone 4,60.17,Zone 5,36.89,Zone 5,62.86,Zone 5,54.11,Zone 5,64.94,Zone 5
Punjab,Hoshiarpur,Hosiyarpur,31.38,76.0239,22.7,2026-09-21,02:00:00,100.0,2026-09-20,02:00:00,2026-09-21 02:14:45,24.450000000000045,Zone 3,49.49,Zone 5,23.74,Zone 3,44.71,Zone 5,29.39,Zone 4,59.19,Zone 5,35.14,Zone 4,62.0,Zone 5,49.49,Zone 5,64.19,Zone 5
Punjab,Hoshiarpur,Salern,31.5833,75.98,22.4,2026-09-21,02:00:00,100.0,2026-09-20,02:00:00,2026-09-21 02:14:45,24.150000000000034,Zone 3,49.49,Zone 5,23.74,Zone 3,44.71,Zone 5,29.39,Zone 4,59.19,Zone 5,35.14,Zone 4,62.0,Zone 5,49.49,Zone 5,64.19,Zone 5
Punjab,Jalandhar,Jalandhar,31.05,75.34,23.3,2026-09-21,02:00:00,99.0,2026-09-20,02:00:00,2026-09-21 02:14:45,25.05000000000001,Zone 3,55.64,Zone 5,24.8,Zone 3,51.0,Zone 5,31.09,Zone 4,60.51,Zone 5,38.4,Zone 5,63.15,Zone 5,55.64,Zone 5,65.2,Zone 5
Punjab,Ludhiana,Ludhiyana Amfu,30.55,75.51,23.9,2026-09-21,02:00:00,99.0,2026-09-20,02:00:00,2026-09-21 02:14:45,25.950000000000045,Zone 4,58.82,Zone 5,25.36,Zone 4,54.54,Zone 5,32.06,Zone 4,61.26,Zone 5,42.03,Zone 5,63.81,Zone 5,58.82,Zone 5,65.78,Zone 5
Punjab,Ludhiana,Raikot,30.65,75.55,24.5,2026-09-21,02:00:00,90.0,2026-09-20,02:00:00,2026-09-21 02:14:45,26.350000000000023,Zone 4,55.2,Zone 5,25.67,Zone 4,50.53,Zone 5,32.02,Zone 4,60.42,Zone 5,37.94,Zone 5,63.07,Zone 5,55.2,Zone 5,65.13,Zone 5
Punjab,Mohali,Mohali,30.79,76.81,26.0,2026-09-21,02:00:00,88.0,2026-09-20,02:00:00,2026-09-21 02:14:45,28.850000000000023,Zone 4,60.07,Zone 5,28.1,Zone 4,58.81,Zone 5,34.77,Zone 4,62.24,Zone 5,47.27,Zone 5,64.65,Zone 5,60.07,Zone 5,66.52,Zone 5
Punjab,Muktsar,Muktsar,30.45,74.51,23.7,2026-09-21,02:00:00,99.0,2026-09-20,02:00:00,2026-09-21 02:14:45,25.55000000000001,Zone 4,55.64,Zone 5,24.8,Zone 3,51.0,Zone 5,31.09,Zone 4,60.51,Zone 5,38.4,Zone 5,63.15,Zone 5,55.64,Zone 5,65.2,Zone 5
Punjab,Pathankot,Kvk Pathankot,32.3217,75.6622,22.0,2026-09-21,02:00:00,30.0,2026-09-20,02:00:00,2026-09-21 02:14:45,20.25,Zone 3,32.67,Zone 4,19.41,Zone 3,32.14,Zone 4,25.33,Zone 4,35.6,Zone 4,29.13,Zone 4,38.85,Zone 4,32.67,Zone 4,41.99,Zone 4
Punjab,Pathankot,Thein Dam,32.4409,75.7575,22.2,2026-09-21,02:00:00,89.0,2026-09-20,02:00:00,2026-09-21 02:14:45,23.55000000000001,Zone 3,38.32,Zone 5,22.71,Zone 3,36.78,Zone 4,27.88,Zone 4,49.94,Zone 5,33.09,Zone 4,59.81,Zone 5,38.32,Zone 5,62.25,Zone 5
Punjab,Patiala,Rauni,30.3333,76.27,24.0,2026-09-21,02:00:00,99.0,2026-09-20,02:00:00,2026-09-21 02:14:45,26.05000000000001,Zone 4,58.82,Zone 5,25.36,Zone 4,54.54,Zone 5,32.06,Zone 4,61.26,Zone 5,42.03,Zone 5,63.81,Zone 5,58.82,Zone 5,65.78,Zone 5
Punjab,Rupnagar,Bhakra Dam Imdnagal,31.387,76.3783,22.7,2026-09-21,02:00:00,100.0,2026-09-20,02:00:00,2026-09-21 02:14:45,24.450000000000045,Zone 3,49.49,Zone 5,23.74,Zone 3,44.71,Zone 5,29.39,Zone 4,59.19,Zone 5,35.14,Zone 4,62.0,Zone 5,49.49,Zone 5,64.19,Zone 5
Punjab,Rupnagar,Sri Anadpur Sahib Imdjindwadi,31.289,76.4159,23.3,2026-09-21,02:00:00,100.0,2026-09-20,02:00:00,2026-09-21 02:14:45,25.05000000000001,Zone 3,56.39,Zone 5,24.83,Zone 3,51.81,Zone 5,31.19,Zone 4,60.68,Zone 5,39.18,Zone 5,63.3,Zone 5,56.39,Zone 5,65.33,Zone 5
Punjab,Sangrur,Sangrur,30.12,75.89,23.9,2026-09-21,02:00:00,100.0,2026-09-20,02:00:00,2026-09-21 02:14:45,25.950000000000045,Zone 4,59.15,Zone 5,25.42,Zone 4,55.33,Zone 5,32.18,Zone 4,61.44,Zone 5,42.93,Zone 5,63.96,Zone 5,59.15,Zone 5,65.91,Zone 5
Rajasthan,Ajmer,Ajmer,26.42,74.62,25.6,2026-09-21,02:00:00,89.0,2026-09-20,02:00:00,2026-09-21 02:14:45,28.150000000000034,Zone 4,59.45,Zone 5,27.28,Zone 4,56.49,Zone 5,33.86,Zone 4,61.69,Zone 5,44.28,Zone 5,64.18,Zone 5,59.45,Zone 5,66.1,Zone 5
Rajasthan,Ajmer,Central University Kishangarh,26.6237,75.0219,22.9,2026-09-21,02:00:00,100.0,2026-09-20,02:00:00,2026-09-21 02:14:45,24.650000000000034,Zone 3,53.01,Zone 5,24.29,Zone 3,48.21,Zone 5,30.26,Zone 4,59.93,Zone 5,36.15,Zone 4,62.65,Zone 5,53.01,Zone 5,64.76,Zone 5
Rajasthan,Bikaner,Chattargarh,28.66,73.12,27.2,2026-09-21,02:00:00,62.0,2026-09-20,02:00:00,2026-09-21 02:14:45,28.450000000000045,Zone 4,45.38,Zone 5,27.61,Zone 4,41.41,Zone 4,33.03,Zone 4,56.57,Zone 5,37.97,Zone 4,61.25,Zone 5,45.38,Zone 5,63.53,Zone 5
Rajasthan,Chittaurgarh,Chittorgarh Kvk,24.8462,74.5828,23.6,2026-09-21,02:00:00,,,,2026-09-21 02:14:45,,,,,,,,,,,,,,,,,,,,
Rajasthan,Churu,Churu,28.28,75.12,27.1,2026-09-21,02:00:00,74.0,2026-09-20,02:00:00,2026-09-21 02:14:45,29.450000000000045,Zone 4,57.19,Zone 5,28.59,Zone 4,52.74,Zone 5,34.64,Zone 4,60.88,Zone 5,40.18,Zone 4,63.47,Zone 5,57.19,Zone 5,65.48,Zone 5
Rajasthan,Dungarpur,Dungarpur Kvk,23.865,73.8604,24.3,2026-09-21,02:00:00,,,,2026-09-21 02:14:45,,,,,,,,,,,,,,,,,,,,
Rajasthan,Jaipur,Amity University,26.8207,75.8175,24.0,2026-09-21,02:00:00,100.0,2026-09-20,02:00:00,2026-09-21 02:14:45,26.150000000000034,Zone 4,59.15,Zone 5,25.42,Zone 4,55.33,Zone 5,32.18,Zone 4,61.44,Zone 5,42.93,Zone 5,63.96,Zone 5,59.15,Zone 5,65.91,Zone 5
Rajasthan,Jaisalmer,Jaisalmer,26.9,70.9167,28.1,2026-09-21,02:00:00,55.0,2026-09-20,02:00:00,2026-09-21 02:14:45,29.150000000000034,Zone 4,44.02,Zone 5,28.46,Zone 4,41.77,Zone 4,33.67,Zone 4,55.46,Zone 5,38.43,Zone 4,61.0,Zone 5,44.02,Zone 5,63.3,Zone 5
Rajasthan,Jhunjhunu,Jhunjhunu(Aws),28.2,75.23,26.4,2026-09-21,02:00:00,100.0,2026-09-20,02:00:00,2026-09-21 02:14:45,31.05000000000001,Zone 4,63.56,Zone 5,30.49,Zone 4,62.52,Zone 5,44.17,Zone 5,65.28,Zone 5,60.18,Zone 5,67.29,Zone 5,63.56,Zone 5,68.83,Zone 5
Rajasthan,Jhunjhunu,Pilani,28.3333,75.58,24.1,2026-09-21,02:00:00,44.0,2026-09-20,02:00:00,2026-09-21 02:14:45,23.650000000000034,Zone 3,35.81,Zone 4,22.86,Zone 3,35.06,Zone 4,27.82,Zone 4,38.86,Zone 4,31.94,Zone 4,42.54,Zone 5,35.81,Zone 4,54.7,Zone 5
Rajasthan,Jodhpur,Jodhpur,26.3,73.0167,26.1,2026-09-21,02:00:00,88.0,2026-09-20,02:00:00,2026-09-21 02:14:45,28.950000000000045,Zone 4,60.07,Zone 5,28.1,Zone 4,58.81,Zone 5,34.77,Zone 4,62.24,Zone 5,47.27,Zone 5,64.65,Zone 5,60.07,Zone 5,66.52,Zone 5
Rajasthan,Karauli,Karauli Kvk,26.777,77.0691,25.1,2026-09-21,02:00:00,,,,2026-09-21 02:14:45,,,,,,,,,,,,,,,,,,,,
Rajasthan,Nagaur,Krishi Vishwavidhyalaya,27.2315,73.689,25.7,2026-09-21,02:00:00,74.0,2026-09-20,02:00:00,2026-09-21 02:14:45,27.150000000000034,Zone 4,47.66,Zone 5,26.26,Zone 4,43.01,Zone 5,32.01,Zone 4,58.33,Zone 5,37.25,Zone 4,61.67,Zone 5,47.66,Zone 5,63.9,Zone 5
Rajasthan,Pratapgarh,Pratapgarh,24.0379,74.7635,25.3,2026-09-21,02:00:00,22.0,2026-09-20,02:00:00,2026-09-21 02:14:45,23.850000000000023,Zone 3,35.19,Zone 4,23.42,Zone 3,34.64,Zone 4,28.09,Zone 4,38.01,Zone 4,31.75,Zone 4,41.2,Zone 4,35.19,Zone 4,44.32,Zone 5
Rajasthan,Sirohi,Mount Abu,24.5869,72.7036,19.1,2026-09-21,02:00:00,99.0,2026-09-20,02:00:00,2026-09-21 02:14:45,20.350000000000023,Zone 3,34.12,Zone 4,19.5,Zone 3,33.04,Zone 4,24.71,Zone 3,39.5,Zone 5,29.39,Zone 4,53.16,Zone 5,34.12,Zone 4,60.18,Zone 5
Rajasthan,Sirohi,Sirohi Kvk,24.9519,72.8815,20.8,2026-09-21,02:00:00,70.0,2026-09-20,02:00:00,2026-09-21 02:14:45,21.05000000000001,Zone 3,34.56,Zone 4,20.56,Zone 3,33.67,Zone 4,25.74,Zone 4,37.86,Zone 4,30.28,Zone 4,46.77,Zone 5,34.56,Zone 4,58.27,Zone 5
Rajasthan,Sri Ganganagar,Gharsana,29.02,73.07,28.6,2026-09-21,01:30:00,70.0,2026-09-20,01:30:00,2026-09-21 02:14:45,31.650000000000034,Zone 4,59.9,Zone 5,30.79,Zone 4,58.21,Zone 5,36.93,Zone 4,62.09,Zone 5,46.43,Zone 5,64.53,Zone 5,59.9,Zone 5,66.41,Zone 5
Sikkim,Gangtok,Gangtok,27.3314,88.6138,17.7,2026-09-21,02:00:00,100.0,2026-09-20,02:00:00,2026-09-21 02:14:45,18.650000000000034,Zone 3,32.06,Zone 4,17.61,Zone 3,31.1,Zone 4,23.53,Zone 3,35.57,Zone 4,27.51,Zone 4,46.16,Zone 5,32.06,Zone 4,57.8,Zone 5
Sikkim,Namchi,Namchi,27.1642,88.3964,19.7,2026-09-21,02:00:00,93.0,2026-09-20,02:00:00,2026-09-21 02:14:45,20.850000000000023,Zone 3,34.39,Zone 4,19.84,Zone 3,33.34,Zone 4,24.96,Zone 3,38.91,Zone 5,29.73,Zone 4,52.55,Zone 5,34.39,Zone 4,60.05,Zone 5
Sikkim,Soreng,Soreng,27.1687,88.2044,17.6,2026-09-21,02:00:00,100.0,2026-09-20,02:00:00,2026-09-21 02:14:45,18.55000000000001,Zone 3,32.06,Zone 4,17.61,Zone 3,31.1,Zone 4,23.53,Zone 3,35.57,Zone 4,27.51,Zone 4,46.16,Zone 5,32.06,Zone 4,57.8,Zone 5
Tamil Nadu,Ariyalur,Ariyalur,11.136,79.076,24.4,2026-09-21,02:00:00,,,,2026-09-21 02:14:45,,,,,,,,,,,,,,,,,,,,
Tamil Nadu,Chengalpattu,Mahabalipuram,12.6336,80.1976,25.2,2026-09-21,02:00:00,100.0,2026-09-20,02:00:00,2026-09-21 02:14:45,28.350000000000023,Zone 4,60.9,Zone 5,27.22,Zone 4,59.79,Zone 5,34.38,Zone 4,62.96,Zone 5,51.33,Zone 5,65.28,Zone 5,60.9,Zone 5,67.07,Zone 5
Tamil Nadu,Chengalpattu,New Chennai Township Private L,12.3808,80.0578,24.9,2026-09-21,02:00:00,100.0,2026-09-20,02:00:00,2026-09-21 02:14:45,27.75,Zone 4,60.9,Zone 5,27.22,Zone 4,59.79,Zone 5,34.38,Zone 4,62.96,Zone 5,51.33,Zone 5,65.28,Zone 5,60.9,Zone 5,67.07,Zone 5
Tamil Nadu,Chengalpattu,Vit Chennai,12.8406,80.1534,24.6,2026-09-21,02:00:00,100.0,2026-09-20,02:00:00,2026-09-21 02:14:45,27.25,Zone 4,60.03,Zone 5,26.29,Zone 4,58.62,Zone 5,33.24,Zone 4,62.19,Zone 5,47.04,Zone 5,64.61,Zone 5,60.03,Zone 5,66.49,Zone 5
Tamil Nadu,Chengalpattu,West Tambaram Sit,12.959,80.05,25.5,2026-09-21,02:00:00,100.0,2026-09-20,02:00:00,2026-09-21 02:14:45,29.05000000000001,Zone 4,61.78,Zone 5,28.23,Zone 4,60.7,Zone 5,35.61,Zone 4,63.73,Zone 5,55.54,Zone 5,65.94,Zone 5,61.78,Zone 5,67.65,Zone 5
Tamil Nadu,Chennai,Chennai,13.075,80.2633,25.4,2026-09-21,02:00:00,,,,2026-09-21 02:14:45,,,,,,,,,,,,,,,,,,,,
Tamil Nadu,Chennai,Ennore Port,13.2567,80.3467,27.5,2026-09-21,02:00:00,77.0,2026-09-20,02:00:00,2026-09-21 02:14:45,30.450000000000045,Zone 4,60.03,Zone 5,29.78,Zone 4,58.67,Zone 5,36.15,Zone 4,62.2,Zone 5,47.06,Zone 5,64.62,Zone 5,60.03,Zone 5,66.49,Zone 5
Tamil Nadu,Chennai,Meenambakkam Isro,12.99,80.1983,24.2,2026-09-21,02:00:00,94.0,2026-09-20,02:00:00,2026-09-21 02:14:45,26.150000000000034,Zone 4,55.1,Zone 5,25.15,Zone 3,50.42,Zone 5,31.51,Zone 4,60.39,Zone 5,37.85,Zone 5,63.05,Zone 5,55.1,Zone 5,65.11,Zone 5
Tamil Nadu,Chennai,Niot Pallikaranai,12.953,80.035,23.3,2026-09-21,02:00:00,95.0,2026-09-20,02:00:00,2026-09-21 02:14:45,24.950000000000045,Zone 3,52.52,Zone 5,24.65,Zone 3,47.72,Zone 5,30.7,Zone 4,59.83,Zone 5,36.49,Zone 4,62.56,Zone 5,52.52,Zone 5,64.68,Zone 5
Tamil Nadu,Coimbatore,Coimbatore Amfu,11.0133,76.9383,25.0,2026-09-21,02:00:00,72.0,2026-09-20,02:00:00,2026-09-21 02:14:45,26.05000000000001,Zone 4,42.76,Zone 5,25.44,Zone 4,39.65,Zone 4,31.03,Zone 4,54.32,Zone 5,36.1,Zone 4,60.75,Zone 5,42.76,Zone 5,63.08,Zone 5
Tamil Nadu,Coimbatore,P N Palayam,11.15,76.94,23.4,2026-09-21,02:00:00,92.0,2026-09-20,02:00:00,2026-09-21 02:14:45,24.950000000000045,Zone 3,50.07,Zone 5,24.54,Zone 3,45.28,Zone 5,30.43,Zone 4,59.32,Zone 5,36.07,Zone 4,62.11,Zone 5,50.07,Zone 5,64.28,Zone 5
Tamil Nadu,Coimbatore,Upasi Tea Research Foundation,10.2682,76.9682,19.8,2026-09-21,02:00:00,53.0,2026-09-20,02:00:00,2026-09-21 02:14:45,18.950000000000045,Zone 3,32.19,Zone 4,18.31,Zone 3,31.53,Zone 4,24.35,Zone 3,35.31,Zone 4,28.32,Zone 4,38.87,Zone 4,32.19,Zone 4,45.89,Zone 5
Tamil Nadu,Cuddalore,Neyveli,11.62,79.545,22.8,2026-09-21,02:00:00,99.0,2026-09-20,02:00:00,2026-09-21 02:14:45,24.55000000000001,Zone 3,52.23,Zone 5,24.26,Zone 3,47.42,Zone 5,30.17,Zone 4,59.77,Zone 5,36.02,Zone 4,62.5,Zone 5,52.23,Zone 5,64.63,Zone 5
Tamil Nadu,Cuddalore,Vridha Chalam,11.51,79.33,23.2,2026-09-21,02:00:00,95.0,2026-09-20,02:00:00,2026-09-21 02:14:45,24.850000000000023,Zone 3,49.05,Zone 5,24.1,Zone 3,44.28,Zone 5,29.84,Zone 4,59.1,Zone 5,35.5,Zone 4,61.92,Zone 5,49.05,Zone 5,64.12,Zone 5
Tamil Nadu,Dharmapuri,Palacode,12.29,78.07,22.7,2026-09-21,02:00:00,90.0,2026-09-20,02:00:00,2026-09-21 02:14:45,24.05000000000001,Zone 3,41.88,Zone 5,23.34,Zone 3,37.75,Zone 4,28.67,Zone 4,53.49,Zone 5,34.02,Zone 4,60.56,Zone 5,41.88,Zone 5,62.92,Zone 5
Tamil Nadu,Dindigul,Palani,10.4556,77.523,25.0,2026-09-21,02:00:00,74.0,2026-09-20,02:00:00,2026-09-21 02:14:45,26.150000000000034,Zone 4,44.5,Zone 5,25.54,Zone 4,40.09,Zone 5,31.22,Zone 4,55.83,Zone 5,36.37,Zone 4,61.08,Zone 5,44.5,Zone 5,63.38,Zone 5
Tamil Nadu,Dindigul,Vedasandur,10.5367,77.965,24.4,2026-09-21,02:00:00,92.0,2026-09-20,02:00:00,2026-09-21 02:14:45,26.350000000000023,Zone 4,56.78,Zone 5,25.79,Zone 4,52.25,Zone 5,32.24,Zone 4,60.77,Zone 5,39.61,Zone 5,63.38,Zone 5,56.78,Zone 5,65.4,Zone 5
Tamil Nadu,Kallakurichi,Kallakurichi,11.7333,78.95,24.7,2026-09-21,02:00:00,90.0,2026-09-20,02:00:00,2026-09-21 02:14:45,26.650000000000034,Zone 4,55.2,Zone 5,25.67,Zone 4,50.53,Zone 5,32.02,Zone 4,60.42,Zone 5,37.94,Zone 5,63.07,Zone 5,55.2,Zone 5,65.13,Zone 5
Tamil Nadu,Kallakurichi,Kallakurichi(Taluk Office),11.7409,78.9651,24.4,2026-09-21,02:00:00,100.0,2026-09-20,02:00:00,2026-09-21 02:14:45,26.850000000000023,Zone 4,60.03,Zone 5,26.29,Zone 4,58.62,Zone 5,33.24,Zone 4,62.19,Zone 5,47.04,Zone 5,64.61,Zone 5,60.03,Zone 5,66.49,Zone 5
Tamil Nadu,Kallakurichi,Thirukoilur,11.95,79.1833,23.7,2026-09-21,02:00:00,,,,2026-09-21 02:14:45,,,,,,,,,,,,,,,,,,,,
Tamil Nadu,Kanchipuram,Acs Medical College,13.068,80.2469,26.3,2026-09-21,02:00:00,98.0,2026-09-20,02:00:00,2026-09-21 02:14:45,30.55000000000001,Zone 4,63.13,Zone 5,30.22,Zone 4,62.08,Zone 5,41.75,Zone 5,64.9,Zone 5,59.67,Zone 5,66.96,Zone 5,63.13,Zone 5,68.55,Zone 5
Tamil Nadu,Kanchipuram,Chembarambakkam,13.0,80.0833,25.7,2026-09-21,02:00:00,94.0,2026-09-20,02:00:00,2026-09-21 02:14:45,28.850000000000023,Zone 4,60.52,Zone 5,27.68,Zone 4,59.4,Zone 5,34.6,Zone 4,62.63,Zone 5,49.45,Zone 5,64.99,Zone 5,60.52,Zone 5,66.82,Zone 5
Tamil Nadu,Kanchipuram,Hindustan University,12.8013,80.2237,25.2,2026-09-21,02:00:00,99.0,2026-09-20,02:00:00,2026-09-21 02:14:45,28.25,Zone 4,60.7,Zone 5,27.14,Zone 4,59.58,Zone 5,34.22,Zone 4,62.78,Zone 5,50.32,Zone 5,65.12,Zone 5,60.7,Zone 5,66.93,Zone 5
Tamil Nadu,Kanchipuram,Kanchipuram Isro,12.8333,79.7017,25.4,2026-09-21,02:00:00,66.0,2026-09-20,02:00:00,2026-09-21 02:14:45,26.25,Zone 4,40.75,Zone 4,25.8,Zone 4,39.57,Zone 4,31.21,Zone 4,52.21,Zone 5,36.11,Zone 4,60.29,Zone 5,40.75,Zone 4,62.67,Zone 5
Tamil Nadu,Kanchipuram,Lmois  Kolapakkam,13.0,80.1333,26.6,2026-09-21,02:00:00,90.0,2026-09-20,02:00:00,2026-09-21 02:14:45,30.25,Zone 4,61.37,Zone 5,29.27,Zone 4,60.27,Zone 5,36.27,Zone 4,63.37,Zone 5,53.59,Zone 5,65.63,Zone 5,61.37,Zone 5,67.38,Zone 5
Tamil Nadu,Kanchipuram,Sathyabama  University,12.8667,80.2,24.1,2026-09-21,02:00:00,,,,2026-09-21 02:14:45,,,,,,,,,,,,,,,,,,,,
Tamil Nadu,Kanyakumari,Lower Kothaiyar,8.5,77.3,22.4,2026-09-21,02:00:00,,,,2026-09-21 02:14:45,,,,,,,,,,,,,,,,,,,,
Tamil Nadu,Kanyakumari,Neyyoor,8.1933,77.285,24.8,2026-09-21,01:45:00,99.0,2026-09-20,01:45:00,2026-09-21 02:14:45,27.55000000000001,Zone 4,60.7,Zone 5,27.14,Zone 4,59.58,Zone 5,34.22,Zone 4,62.78,Zone 5,50.32,Zone 5,65.12,Zone 5,60.7,Zone 5,66.93,Zone 5
Tamil Nadu,Kanyakumari,Thirupathisaram Amfu,8.2103,77.4524,25.4,2026-09-21,02:00:00,94.0,2026-09-20,02:00:00,2026-09-21 02:14:45,28.25,Zone 4,60.52,Zone 5,27.68,Zone 4,59.4,Zone 5,34.6,Zone 4,62.63,Zone 5,49.45,Zone 5,64.99,Zone 5,60.52,Zone 5,66.82,Zone 5
Tamil Nadu,Karur,Kadavur(Taluk Office),10.714,78.2413,25.8,2026-09-21,01:45:00,100.0,2026-09-20,01:45:00,2026-09-21 02:14:45,29.650000000000034,Zone 4,62.67,Zone 5,29.31,Zone 4,61.61,Zone 5,39.34,Zone 5,64.5,Zone 5,59.12,Zone 5,66.62,Zone 5,62.67,Zone 5,68.24,Zone 5
Tamil Nadu,Krishnagiri,Denkanikottai,12.52,77.79,20.5,2026-09-21,02:00:00,96.0,2026-09-20,02:00:00,2026-09-21 02:14:45,21.850000000000023,Zone 3,36.24,Zone 4,21.23,Zone 3,35.05,Zone 4,26.17,Zone 4,45.82,Zone 5,31.34,Zone 4,58.72,Zone 5,36.24,Zone 4,61.47,Zone 5
Tamil Nadu,Krishnagiri,Hosur,12.7183,77.8267,21.2,2026-09-21,02:00:00,,,,2026-09-21 02:14:45,,,,,,,,,,,,,,,,,,,,
Tamil Nadu,Mayiladuthurai,Mayiladuthurai,11.1008,79.6824,25.4,2026-09-21,02:00:00,,,,2026-09-21 02:14:45,,,,,,,,,,,,,,,,,,,,
Tamil Nadu,Nagapattinam,Mo Nagapattinam Campus,10.7569,79.8465,24.6,2026-09-21,01:15:00,,,,2026-09-21 02:14:45,,,,,,,,,,,,,,,,,,,,
Tamil Nadu,Nagapattinam,Vedharanyam,10.3861,79.8498,24.6,2026-09-21,02:00:00,98.0,2026-09-20,02:00:00,2026-09-21 02:14:45,27.05000000000001,Zone 4,59.62,Zone 5,26.16,Zone 4,57.14,Zone 5,32.97,Zone 4,61.84,Zone 5,45.1,Zone 5,64.31,Zone 5,59.62,Zone 5,66.22,Zone 5
Tamil Nadu,Ramanathapuram,Ramnadu Kvk,9.3462,78.8981,25.4,2026-09-21,02:00:00,,,,2026-09-21 02:14:45,,,,,,,,,,,,,,,,,,,,
Tamil Nadu,Ranipet,Kalavai,12.8117,79.4617,25.4,2026-09-21,01:45:00,92.0,2026-09-20,01:45:00,2026-09-21 02:14:45,28.05000000000001,Zone 4,60.09,Zone 5,27.52,Zone 4,58.87,Zone 5,34.3,Zone 4,62.25,Zone 5,47.37,Zone 5,64.67,Zone 5,60.09,Zone 5,66.53,Zone 5
Tamil Nadu,Ranipet,Ranipet,13.0162,79.7763,25.7,2026-09-21,02:00:00,100.0,2026-09-20,02:00:00,2026-09-21 02:14:45,29.450000000000045,Zone 4,61.78,Zone 5,28.23,Zone 4,60.7,Zone 5,35.61,Zone 4,63.73,Zone 5,55.54,Zone 5,65.94,Zone 5,61.78,Zone 5,67.65,Zone 5
Tamil Nadu,Salem,Govt Hss Mettur,11.7918,77.8,23.8,2026-09-21,02:00:00,100.0,2026-09-20,02:00:00,2026-09-21 02:14:45,25.75,Zone 4,59.15,Zone 5,25.42,Zone 4,55.33,Zone 5,32.18,Zone 4,61.44,Zone 5,42.93,Zone 5,63.96,Zone 5,59.15,Zone 5,65.91,Zone 5
Tamil Nadu,Salem,Sandhiyur Kvk,11.5679,78.1403,22.1,2026-09-21,02:00:00,100.0,2026-09-20,02:00:00,2026-09-21 02:14:45,23.850000000000023,Zone 3,46.01,Zone 5,23.18,Zone 3,41.41,Zone 5,28.57,Zone 4,57.02,Zone 5,34.19,Zone 4,61.36,Zone 5,46.01,Zone 5,63.62,Zone 5
Tamil Nadu,Salem,Vazhapadi,11.65,78.39,23.0,2026-09-21,02:00:00,,,,2026-09-21 02:14:45,,,,,,,,,,,,,,,,,,,,
Tamil Nadu,Sivaganga,Sethu Bhaskar Agri College Kar,9.96012,78.7439,25.3,2026-09-21,02:00:00,100.0,2026-09-20,02:00:00,2026-09-21 02:14:45,28.55000000000001,Zone 4,61.78,Zone 5,28.23,Zone 4,60.7,Zone 5,35.61,Zone 4,63.73,Zone 5,55.54,Zone 5,65.94,Zone 5,61.78,Zone 5,67.65,Zone 5
Tamil Nadu,Tenkasi,Tenkasi,8.97243,77.3032,26.0,2026-09-21,02:00:00,92.0,2026-09-20,02:00:00,2026-09-21 02:14:45,29.25,Zone 4,60.95,Zone 5,28.47,Zone 4,59.85,Zone 5,35.43,Zone 4,63.0,Zone 5,51.57,Zone 5,65.32,Zone 5,60.95,Zone 5,67.1,Zone 5
Tamil Nadu,The Nilgiris,Coonoor,11.36,76.805,17.0,2026-09-21,02:00:00,91.0,2026-09-20,02:00:00,2026-09-21 02:14:45,17.450000000000045,Zone 3,30.93,Zone 4,16.51,Zone 3,30.1,Zone 4,22.89,Zone 3,34.33,Zone 4,26.61,Zone 4,39.9,Zone 5,30.93,Zone 4,52.14,Zone 5
Tamil Nadu,Thoothukudi,Thiruchendur,8.5083,78.1217,27.3,2026-09-21,02:00:00,73.0,2026-09-20,02:00:00,2026-09-21 02:14:45,29.650000000000034,Zone 4,59.06,Zone 5,29.35,Zone 4,55.0,Zone 5,35.45,Zone 4,61.36,Zone 5,42.49,Zone 5,63.89,Zone 5,59.06,Zone 5,65.85,Zone 5
Tamil Nadu,Thoothukudi,Tuticorin Airport,8.72593,78.0279,27.0,2026-09-21,02:00:00,81.0,2026-09-20,02:00:00,2026-09-21 02:14:45,29.950000000000045,Zone 4,60.16,Zone 5,29.28,Zone 4,59.04,Zone 5,35.78,Zone 4,62.31,Zone 5,47.68,Zone 5,64.72,Zone 5,60.16,Zone 5,66.58,Zone 5
Tamil Nadu,Thoothukudi,Tuticorin Railway Station,8.80736,78.1534,27.2,2026-09-21,02:00:00,72.0,2026-09-20,02:00:00,2026-09-21 02:14:45,29.350000000000023,Zone 4,55.36,Zone 5,28.41,Zone 4,50.75,Zone 5,34.35,Zone 4,60.46,Zone 5,39.77,Zone 4,63.11,Zone 5,55.36,Zone 5,65.16,Zone 5
Tamil Nadu,Tiruchirappalli,Thuvakudi Isro,10.750757,78.827776,25.5,2026-09-21,02:00:00,89.0,2026-09-20,02:00:00,2026-09-21 02:14:45,27.950000000000045,Zone 4,59.45,Zone 5,27.28,Zone 4,56.49,Zone 5,33.86,Zone 4,61.69,Zone 5,44.28,Zone 5,64.18,Zone 5,59.45,Zone 5,66.1,Zone 5
Tamil Nadu,Tirunelveli,Radhapuram,8.2669,77.6689,28.5,2026-09-21,02:00:00,65.0,2026-09-20,02:00:00,2026-09-21 02:14:45,30.850000000000023,Zone 4,57.57,Zone 5,30.19,Zone 4,53.19,Zone 5,36.01,Zone 4,60.97,Zone 5,41.33,Zone 4,63.55,Zone 5,57.57,Zone 5,65.55,Zone 5
Tamil Nadu,Tirunelveli,Tirunelveli,8.745,77.7117,26.5,2026-09-21,02:00:00,79.0,2026-09-20,02:00:00,2026-09-21 02:14:45,28.850000000000023,Zone 4,58.52,Zone 5,28.19,Zone 4,54.24,Zone 5,34.43,Zone 4,61.2,Zone 5,41.66,Zone 5,63.75,Zone 5,58.52,Zone 5,65.72,Zone 5
Tamil Nadu,Tirupattur,Tirupattur Collectoroffice,12.5002,78.5662,24.7,2026-09-21,02:00:00,,,,2026-09-21 02:14:45,,,,,,,,,,,,,,,,,,,,
Tamil Nadu,Tirupattur,Vaniyambadi,12.6833,78.6167,39.7,2026-09-21,02:00:00,65.0,2026-09-20,02:00:00,2026-09-21 02:14:45,73.95000000000005,Zone 6,83.48,Zone 6,72.89,Zone 6,81.87,Zone 6,76.5,Zone 6,85.38,Zone 6,80.01,Zone 6,88.8,Zone 6,83.48,Zone 6,92.19,Zone 6
Tamil Nadu,Tiruppur,Tiruppur Collector Office,11.0818,77.34,26.4,2026-09-21,02:00:00,84.0,2026-09-20,02:00:00,2026-09-21 02:14:45,29.150000000000034,Zone 4,60.02,Zone 5,28.65,Zone 4,58.61,Zone 5,35.21,Zone 4,62.19,Zone 5,47.0,Zone 5,64.61,Zone 5,60.02,Zone 5,66.48,Zone 5
Tamil Nadu,Tiruvallur,Good Will School Villivakkam,13.1144,80.2025,26.6,2026-09-21,02:00:00,83.0,2026-09-20,02:00:00,2026-09-21 02:14:45,29.450000000000045,Zone 4,59.79,Zone 5,28.56,Zone 4,57.79,Zone 5,35.05,Zone 4,61.99,Zone 5,45.9,Zone 5,64.44,Zone 5,59.79,Zone 5,66.33,Zone 5
Tamil Nadu,Tiruvallur,Jaya Engineering Clg,13.1339,80.0452,26.7,2026-09-21,02:00:00,62.0,2026-09-20,02:00:00,2026-09-21 02:14:45,27.75,Zone 4,42.48,Zone 5,26.91,Zone 4,40.57,Zone 4,32.27,Zone 4,54.08,Zone 5,37.15,Zone 4,60.69,Zone 5,42.48,Zone 5,63.03,Zone 5
Tamil Nadu,Tiruvallur,Poonamallee,13.05,80.0833,25.6,2026-09-21,02:00:00,89.0,2026-09-20,02:00:00,2026-09-21 02:14:45,28.150000000000034,Zone 4,59.45,Zone 5,27.28,Zone 4,56.49,Zone 5,33.86,Zone 4,61.69,Zone 5,44.28,Zone 5,64.18,Zone 5,59.45,Zone 5,66.1,Zone 5
Tamil Nadu,Tiruvallur,Puzhal,13.15,80.1833,26.6,2026-09-21,02:00:00,,,,2026-09-21 02:14:45,,,,,,,,,,,,,,,,,,,,
Tamil Nadu,Tiruvallur,R.K.Pet,13.15,79.4167,26.0,2026-09-21,02:00:00,90.0,2026-09-20,02:00:00,2026-09-21 02:14:45,29.05000000000001,Zone 4,60.51,Zone 5,28.28,Zone 4,59.4,Zone 5,35.1,Zone 4,62.62,Zone 5,49.43,Zone 5,64.99,Zone 5,60.51,Zone 5,66.81,Zone 5
Tamil Nadu,Tiruvallur,Tirur Kvk,13.1198,79.9567,26.5,2026-09-21,02:00:00,,,,2026-09-21 02:14:45,,,,,,,,,,,,,,,,,,,,
Tamil Nadu,Tiruvannamalai,Cheyyar,12.6667,79.5333,24.7,2026-09-21,02:00:00,99.0,2026-09-20,02:00:00,2026-09-21 02:14:45,27.350000000000023,Zone 4,59.82,Zone 5,26.22,Zone 4,57.89,Zone 5,33.1,Zone 4,62.02,Zone 5,46.06,Zone 5,64.46,Zone 5,59.82,Zone 5,66.35,Zone 5
Tamil Nadu,Tiruvannamalai,Tiruvannamalai Isro,12.2667,79.0667,23.6,2026-09-21,02:00:00,90.0,2026-09-20,02:00:00,2026-09-21 02:14:45,25.05000000000001,Zone 3,48.42,Zone 5,24.46,Zone 3,43.69,Zone 5,30.25,Zone 4,58.87,Zone 5,35.81,Zone 4,61.81,Zone 5,48.42,Zone 5,64.02,Zone 5
Tamil Nadu,Tiruvarur,Tiruvarur,10.7766,79.6062,25.6,2026-09-21,02:00:00,99.0,2026-09-20,02:00:00,2026-09-21 02:14:45,29.150000000000034,Zone 4,61.57,Zone 5,28.13,Zone 4,60.48,Zone 5,35.43,Zone 4,63.54,Zone 5,54.56,Zone 5,65.79,Zone 5,61.57,Zone 5,67.51,Zone 5
Tamil Nadu,Vellore,Virinjipuram Kvk,12.9345,79.0209,25.1,2026-09-21,02:00:00,39.0,2026-09-20,02:00:00,2026-09-21 02:14:45,24.55000000000001,Zone 3,36.41,Zone 4,23.83,Zone 3,35.68,Zone 4,28.58,Zone 4,39.4,Zone 4,32.61,Zone 4,42.92,Zone 4,36.41,Zone 4,54.8,Zone 5
Tamil Nadu,Virudhunagar,Aruppukottai Kvk,9.5561,78.0895,25.4,2026-09-21,02:00:00,100.0,2026-09-20,02:00:00,2026-09-21 02:14:45,28.75,Zone 4,61.78,Zone 5,28.23,Zone 4,60.7,Zone 5,35.61,Zone 4,63.73,Zone 5,55.54,Zone 5,65.94,Zone 5,61.78,Zone 5,67.65,Zone 5
Telangana,Hyderabad,Golkonda,17.38,78.4,25.8,2026-09-21,01:45:00,86.0,2026-09-20,01:45:00,2026-09-21 02:14:45,28.25,Zone 4,59.63,Zone 5,27.92,Zone 4,57.19,Zone 5,34.46,Zone 4,61.85,Zone 5,45.15,Zone 5,64.32,Zone 5,59.63,Zone 5,66.23,Zone 5
Telangana,Hyderabad,Hyderabad,17.4633,78.495,22.8,2026-09-21,01:45:00,64.0,2026-09-20,01:45:00,2026-09-21 02:14:45,23.150000000000034,Zone 3,36.65,Zone 4,22.72,Zone 3,35.7,Zone 4,27.78,Zone 4,39.92,Zone 4,32.35,Zone 4,52.0,Zone 5,36.65,Zone 4,59.93,Zone 5
Telangana,Jogulamba Gadwal,Jurala Cwc,16.26,77.84,26.9,2026-09-21,01:45:00,83.0,2026-09-20,01:45:00,2026-09-21 02:14:45,30.05000000000001,Zone 4,60.62,Zone 5,29.49,Zone 4,59.52,Zone 5,36.14,Zone 4,62.72,Zone 5,49.96,Zone 5,65.07,Zone 5,60.62,Zone 5,66.89,Zone 5
Telangana,Kamareddy,Nagireddypet,18.1149,78.1373,23.6,2026-09-21,02:00:00,100.0,2026-09-20,02:00:00,2026-09-21 02:14:45,25.450000000000045,Zone 4,56.39,Zone 5,24.83,Zone 3,51.81,Zone 5,31.19,Zone 4,60.68,Zone 5,39.18,Zone 5,63.3,Zone 5,56.39,Zone 5,65.33,Zone 5
Telangana,Karimnagar,Karimnagar,18.46,79.11,24.1,2026-09-21,02:00:00,95.0,2026-09-20,02:00:00,2026-09-21 02:14:45,25.950000000000045,Zone 4,55.88,Zone 5,25.18,Zone 3,51.26,Zone 5,31.62,Zone 4,60.57,Zone 5,38.65,Zone 5,63.2,Zone 5,55.88,Zone 5,65.24,Zone 5
Telangana,Khammam,Wyra Kvk,17.1817,80.3722,26.9,2026-09-21,02:00:00,61.0,2026-09-20,02:00:00,2026-09-21 02:14:45,27.950000000000045,Zone 4,44.38,Zone 5,27.54,Zone 4,41.22,Zone 4,32.91,Zone 4,55.75,Zone 5,37.81,Zone 4,61.06,Zone 5,44.38,Zone 5,63.36,Zone 5
Telangana,Mahbubnagar,Mahbubnagar,16.75,77.99,24.4,2026-09-21,02:00:00,,,,2026-09-21 02:14:45,,,,,,,,,,,,,,,,,,,,
Telangana,Medchal Malkajgiri,Cgwb Nagole,17.3664,78.5895,22.5,2026-09-21,02:00:00,99.0,2026-09-20,02:00:00,2026-09-21 02:14:45,24.25,Zone 3,48.72,Zone 5,23.7,Zone 3,43.96,Zone 5,29.31,Zone 4,59.03,Zone 5,35.02,Zone 4,61.86,Zone 5,48.72,Zone 5,64.06,Zone 5
Telangana,Medchal Malkajgiri,Kukatpally Jntu,17.4958,78.3908,24.3,2026-09-21,02:00:00,90.0,2026-09-20,02:00:00,2026-09-21 02:14:45,26.05000000000001,Zone 4,55.2,Zone 5,25.67,Zone 4,50.53,Zone 5,32.02,Zone 4,60.42,Zone 5,37.94,Zone 5,63.07,Zone 5,55.2,Zone 5,65.13,Zone 5
Telangana,Medchal Malkajgiri,Uppal,17.4,78.56,24.6,2026-09-21,02:00:00,83.0,2026-09-20,02:00:00,2026-09-21 02:14:45,26.05000000000001,Zone 4,49.22,Zone 5,25.28,Zone 3,44.48,Zone 5,31.28,Zone 4,59.14,Zone 5,36.74,Zone 4,61.96,Zone 5,49.22,Zone 5,64.15,Zone 5
Telangana,Nalgonda,Devarakonda,16.69,79.92,27.8,2026-09-21,02:00:00,84.0,2026-09-20,02:00:00,2026-09-21 02:14:45,32.05000000000001,Zone 4,62.54,Zone 5,31.71,Zone 4,61.48,Zone 5,38.81,Zone 4,64.39,Zone 5,58.87,Zone 5,66.52,Zone 5,62.54,Zone 5,68.16,Zone 5
Telangana,Nirmal ,Bhainsa Arg,19.1031,77.9653,24.2,2026-09-21,02:00:00,,,,2026-09-21 02:14:45,,,,,,,,,,,,,,,,,,,,
Telangana,Peddapalli,Ars Peddapally,18.5454,79.5417,24.6,2026-09-21,02:00:00,100.0,2026-09-20,02:00:00,2026-09-21 02:14:45,27.25,Zone 4,60.03,Zone 5,26.29,Zone 4,58.62,Zone 5,33.24,Zone 4,62.19,Zone 5,47.04,Zone 5,64.61,Zone 5,60.03,Zone 5,66.49,Zone 5
Telangana,Rajanna Sircilla,Sircilla,18.2595,78.8192,23.4,2026-09-21,02:00:00,99.0,2026-09-20,02:00:00,2026-09-21 02:14:45,25.150000000000034,Zone 3,55.64,Zone 5,24.8,Zone 3,51.0,Zone 5,31.09,Zone 4,60.51,Zone 5,38.4,Zone 5,63.15,Zone 5,55.64,Zone 5,65.2,Zone 5
Telangana,Ranga Reddy,Cbit Gandipet,17.392817,78.318424,23.4,2026-09-21,02:00:00,90.0,2026-09-20,02:00:00,2026-09-21 02:14:45,24.850000000000023,Zone 3,48.42,Zone 5,24.46,Zone 3,43.69,Zone 5,30.25,Zone 4,58.87,Zone 5,35.81,Zone 4,61.81,Zone 5,48.42,Zone 5,64.02,Zone 5
Telangana,Ranga Reddy,Chevella,17.31,78.13,22.9,2026-09-21,02:00:00,93.0,2026-09-20,02:00:00,2026-09-21 02:14:45,24.450000000000045,Zone 3,47.44,Zone 5,24.02,Zone 3,42.76,Zone 5,29.68,Zone 4,58.14,Zone 5,35.25,Zone 4,61.63,Zone 5,47.44,Zone 5,63.86,Zone 5
Telangana,Ranga Reddy,Daira,17.3624,78.695,23.1,2026-09-21,02:00:00,93.0,2026-09-20,02:00:00,2026-09-21 02:14:45,24.650000000000034,Zone 3,47.44,Zone 5,24.02,Zone 3,42.76,Zone 5,29.68,Zone 4,58.14,Zone 5,35.25,Zone 4,61.63,Zone 5,47.44,Zone 5,63.86,Zone 5
Telangana,Ranga Reddy,Dullapally,,,,,,63.0,2026-09-20,02:00:00,2026-09-21 02:14:45,,,,,,,,,,,,,,,,,,,,
Telangana,Ranga Reddy,Esci Gachibowli,17.4286,78.368,22.5,2026-09-21,02:00:00,89.0,2026-09-20,02:00:00,2026-09-21 02:14:45,23.850000000000023,Zone 3,41.16,Zone 5,23.29,Zone 3,37.63,Zone 4,28.61,Zone 4,52.81,Zone 5,33.91,Zone 4,60.42,Zone 5,41.16,Zone 5,62.79,Zone 5
Telangana,Ranga Reddy,Ghatkesar,17.4711,78.7377,22.6,2026-09-21,02:00:00,94.0,2026-09-20,02:00:00,2026-09-21 02:14:45,24.150000000000034,Zone 3,44.85,Zone 5,23.5,Zone 3,40.37,Zone 5,28.95,Zone 4,56.09,Zone 5,34.45,Zone 4,61.14,Zone 5,44.85,Zone 5,63.43,Zone 5
Telangana,Ranga Reddy,Ibrahimpatam,17.0774,78.6671,22.5,2026-09-21,02:00:00,100.0,2026-09-20,02:00:00,2026-09-21 02:14:45,24.25,Zone 3,49.49,Zone 5,23.74,Zone 3,44.71,Zone 5,29.39,Zone 4,59.19,Zone 5,35.14,Zone 4,62.0,Zone 5,49.49,Zone 5,64.19,Zone 5
Telangana,Ranga Reddy,Serilingampally,17.46,78.32,24.2,2026-09-21,02:00:00,95.0,2026-09-20,02:00:00,2026-09-21 02:14:45,26.150000000000034,Zone 4,55.88,Zone 5,25.18,Zone 3,51.26,Zone 5,31.62,Zone 4,60.57,Zone 5,38.65,Zone 5,63.2,Zone 5,55.88,Zone 5,65.24,Zone 5
Telangana,Sangareddy,Kandi,17.587,78.1271,23.7,2026-09-21,02:00:00,100.0,2026-09-20,02:00:00,2026-09-21 02:14:45,25.650000000000034,Zone 4,56.39,Zone 5,24.83,Zone 3,51.81,Zone 5,31.19,Zone 4,60.68,Zone 5,39.18,Zone 5,63.3,Zone 5,56.39,Zone 5,65.33,Zone 5
Telangana,Siddipet,Kaveri Siddipet,17.768,78.6723,21.8,2026-09-21,02:00:00,95.0,2026-09-20,02:00:00,2026-09-21 02:14:45,23.350000000000023,Zone 3,42.36,Zone 5,22.97,Zone 3,38.14,Zone 5,28.24,Zone 4,53.92,Zone 5,33.67,Zone 4,60.66,Zone 5,42.36,Zone 5,63.0,Zone 5
Telangana,Vikarabad,Tandur,17.2433,77.5867,23.1,2026-09-21,02:00:00,88.0,2026-09-20,02:00:00,2026-09-21 02:14:45,24.450000000000045,Zone 3,43.51,Zone 5,23.82,Zone 3,39.17,Zone 5,29.29,Zone 4,54.95,Zone 5,34.66,Zone 4,60.89,Zone 5,43.51,Zone 5,63.2,Zone 5
Telangana,Wanaparthy,Horticultural University Mojer,16.4484,77.9407,26.7,2026-09-21,01:30:00,100.0,2026-09-20,01:30:00,2026-09-21 02:14:45,31.850000000000023,Zone 4,63.56,Zone 5,30.49,Zone 4,62.52,Zone 5,44.17,Zone 5,65.28,Zone 5,60.18,Zone 5,67.29,Zone 5,63.56,Zone 5,68.83,Zone 5
Telangana,Warangal Rural,Siddhapur,18.0927,79.5952,24.5,2026-09-21,02:00:00,100.0,2026-09-20,02:00:00,2026-09-21 02:14:45,27.05000000000001,Zone 4,60.03,Zone 5,26.29,Zone 4,58.62,Zone 5,33.24,Zone 4,62.19,Zone 5,47.04,Zone 5,64.61,Zone 5,60.03,Zone 5,66.49,Zone 5
Tripura,Dhalai,Dholai Kvk,24.0449,91.8278,27.0,2026-09-21,02:00:00,99.0,2026-09-20,02:00:00,2026-09-21 02:14:45,32.450000000000045,Zone 4,64.24,Zone 5,31.62,Zone 4,63.22,Zone 5,48.18,Zone 5,65.87,Zone 5,60.99,Zone 5,67.8,Zone 5,64.24,Zone 5,69.28,Zone 5
Tripura,Gomati,Gokulpur,23.53,91.4617,27.8,2026-09-21,02:00:00,,,,2026-09-21 02:14:45,,,,,,,,,,,,,,,,,,,,
Tripura,Khowai,Khowai,24.0669,91.6142,27.9,2026-09-21,02:00:00,,,,2026-09-21 02:14:45,,,,,,,,,,,,,,,,,,,,
Tripura,Khowai,Teliamura,23.84,91.63,27.9,2026-09-21,02:00:00,,,,2026-09-21 02:14:45,,,,,,,,,,,,,,,,,,,,
Tripura,North Tripura,Ashapara,23.8627,92.207,26.5,2026-09-21,02:00:00,100.0,2026-09-20,02:00:00,2026-09-21 02:14:45,31.350000000000023,Zone 4,63.56,Zone 5,30.49,Zone 4,62.52,Zone 5,44.17,Zone 5,65.28,Zone 5,60.18,Zone 5,67.29,Zone 5,63.56,Zone 5,68.83,Zone 5
Tripura,North Tripura,Eden Laouge,24.0065,92.2819,24.7,2026-09-21,01:15:00,,,,2026-09-21 02:14:45,,,,,,,,,,,,,,,,,,,,
Tripura,Sipahijala,Cti,23.7413,91.2728,27.9,2026-09-21,02:00:00,,,,2026-09-21 02:14:45,,,,,,,,,,,,,,,,,,,,
Tripura,Sipahijala,Sipahijala,23.6077,91.3456,26.9,2026-09-21,02:00:00,,,,2026-09-21 02:14:45,,,,,,,,,,,,,,,,,,,,
Tripura,Sipahijala,Sonamura,23.4844,91.27,27.9,2026-09-21,02:00:00,98.0,2026-09-20,02:00:00,2026-09-21 02:14:45,34.950000000000045,Zone 4,65.81,Zone 5,34.33,Zone 4,64.85,Zone 5,57.43,Zone 5,67.25,Zone 5,62.88,Zone 5,68.99,Zone 5,65.81,Zone 5,71.95,Zone 6
Tripura,South Tripura,Sabroom,23.0114,91.7208,26.9,2026-09-21,02:00:00,100.0,2026-09-20,02:00:00,2026-09-21 02:14:45,32.35000000000002,Zone 4,64.46,Zone 5,31.79,Zone 4,63.45,Zone 5,49.51,Zone 5,66.07,Zone 5,61.26,Zone 5,67.97,Zone 5,64.46,Zone 5,69.54,Zone 6
Tripura,Unakoti,Kailashahar,24.3096,92.0069,26.5,2026-09-21,02:00:00,28.0,2026-09-20,02:00:00,2026-09-21 02:14:45,25.55000000000001,Zone 4,36.77,Zone 4,25.11,Zone 3,36.11,Zone 4,29.37,Zone 4,39.63,Zone 4,33.18,Zone 4,42.96,Zone 4,36.77,Zone 4,51.76,Zone 5
Tripura,West Tripura,Agartala Airport,23.8904,91.2441,28.1,2026-09-21,02:00:00,100.0,2026-09-20,02:00:00,2026-09-21 02:14:45,38.25,Zone 5,66.26,Zone 5,34.81,Zone 4,65.32,Zone 5,59.24,Zone 5,67.65,Zone 5,63.42,Zone 5,69.34,Zone 5,66.26,Zone 5,72.76,Zone 6
Tripura,West Tripura,Dm Office West Agartala,23.829,91.2723,27.7,2026-09-21,02:00:00,,,,2026-09-21 02:14:45,,,,,,,,,,,,,,,,,,,,
Tripura,West Tripura,Hrc Nagicherra,23.8139,91.3274,27.6,2026-09-21,02:00:00,,,,2026-09-21 02:14:45,,,,,,,,,,,,,,,,,,,,
Tripura,West Tripura,Khumluwang,23.7978,91.4338,26.7,2026-09-21,02:00:00,,,,2026-09-21 02:14:45,,,,,,,,,,,,,,,,,,,,
Tripura,West Tripura,Met Agartala,23.8902,91.244,27.5,2026-09-21,02:00:00,100.0,2026-09-20,02:00:00,2026-09-21 02:14:45,34.150000000000034,Zone 4,65.36,Zone 5,33.22,Zone 4,64.38,Zone 5,54.9,Zone 5,66.86,Zone 5,62.33,Zone 5,68.65,Zone 5,65.36,Zone 5,71.14,Zone 6
Tripura,West Tripura,Secretariat,23.8643,91.2916,28.3,2026-09-21,02:00:00,,,,2026-09-21 02:14:45,,,,,,,,,,,,,,,,,,,,
Uttarakhand,Almora,Chaubatia Ranikhet,29.6213,79.4591,16.7,2026-09-21,02:00:00,100.0,2026-09-20,02:00:00,2026-09-21 02:14:45,17.450000000000045,Zone 3,30.76,Zone 4,16.29,Zone 3,29.89,Zone 4,22.7,Zone 3,34.23,Zone 4,26.35,Zone 4,41.49,Zone 5,30.76,Zone 4,53.72,Zone 5
Uttarakhand,Almora,Matela Kvk,29.6264,79.6309,17.2,2026-09-21,02:00:00,100.0,2026-09-20,02:00:00,2026-09-21 02:14:45,18.05000000000001,Zone 3,31.4,Zone 4,16.95,Zone 3,30.48,Zone 4,23.12,Zone 3,34.88,Zone 4,26.92,Zone 4,43.77,Zone 5,31.4,Zone 4,55.81,Zone 5
Uttarakhand,Chamoli,Chamoli,30.4,79.3167,19.4,2026-09-21,02:00:00,,,,2026-09-21 02:14:45,,,,,,,,,,,,,,,,,,,,
Uttarakhand,Chamoli,Tharali,,,,,,15.0,2026-09-20,02:00:00,2026-09-21 02:14:45,,,,,,,,,,,,,,,,,,,,
Uttarakhand,Champawat,Champawat,29.34,80.09,18.0,2026-09-21,02:00:00,,,,2026-09-21 02:14:45,,,,,,,,,,,,,,,,,,,,
Uttarakhand,Dehradun,Hatibharkala,30.3431,78.056,22.1,2026-09-21,02:00:00,95.0,2026-09-20,02:00:00,2026-09-21 02:14:45,23.650000000000034,Zone 3,42.36,Zone 5,22.97,Zone 3,38.14,Zone 5,28.24,Zone 4,53.92,Zone 5,33.67,Zone 4,60.66,Zone 5,42.36,Zone 5,63.0,Zone 5
Uttarakhand,Dehradun,Jollygrant,30.19,78.18,27.5,2026-09-21,02:00:00,88.0,2026-09-20,02:00:00,2026-09-21 02:14:45,31.950000000000045,Zone 4,62.63,Zone 5,31.17,Zone 4,61.57,Zone 5,39.14,Zone 5,64.47,Zone 5,59.08,Zone 5,66.59,Zone 5,62.63,Zone 5,68.22,Zone 5
Uttarakhand,Dehradun,Maldevta,30.3429,78.119,21.9,2026-09-21,02:00:00,95.0,2026-09-20,02:00:00,2026-09-21 02:14:45,23.450000000000045,Zone 3,42.36,Zone 5,22.97,Zone 3,38.14,Zone 5,28.24,Zone 4,53.92,Zone 5,33.67,Zone 4,60.66,Zone 5,42.36,Zone 5,63.0,Zone 5
Uttarakhand,Dehradun,Massouri,30.48,78.05,19.6,2026-09-21,02:00:00,,,,2026-09-21 02:14:45,,,,,,,,,,,,,,,,,,,,
Uttarakhand,Dehradun,Mohakampur,30.2782,78.0744,22.5,2026-09-21,02:00:00,99.0,2026-09-20,02:00:00,2026-09-21 02:14:45,24.25,Zone 3,48.72,Zone 5,23.7,Zone 3,43.96,Zone 5,29.31,Zone 4,59.03,Zone 5,35.02,Zone 4,61.86,Zone 5,48.72,Zone 5,64.06,Zone 5
Uttarakhand,Dehradun,Rishikesh,,,,,,94.0,2026-09-20,02:00:00,2026-09-21 02:14:45,,,,,,,,,,,,,,,,,,,,
Uttarakhand,Haridwar,Roorkee Amfu,29.84,77.92,24.6,2026-09-21,02:00:00,16.0,2026-09-20,02:00:00,2026-09-21 02:14:45,22.55000000000001,Zone 3,33.82,Zone 4,21.67,Zone 3,33.35,Zone 4,26.95,Zone 4,36.6,Zone 4,30.49,Zone 4,39.67,Zone 4,33.82,Zone 4,42.63,Zone 4
Uttarakhand,Nainital,Nainital(Jeolikot) Kvk,29.3455,79.4844,19.9,2026-09-21,02:00:00,100.0,2026-09-20,02:00:00,2026-09-21 02:14:45,21.350000000000023,Zone 3,35.8,Zone 4,20.79,Zone 3,34.6,Zone 4,25.68,Zone 4,45.37,Zone 5,30.87,Zone 4,58.37,Zone 5,35.8,Zone 4,61.39,Zone 5
Uttarakhand,Nainital,Th Kosiyakutoli,29.49,79.47,25.2,2026-09-21,02:00:00,100.0,2026-09-20,02:00:00,2026-09-21 02:14:45,28.350000000000023,Zone 4,60.9,Zone 5,27.22,Zone 4,59.79,Zone 5,34.38,Zone 4,62.96,Zone 5,51.33,Zone 5,65.28,Zone 5,60.9,Zone 5,67.07,Zone 5
Uttarakhand,Pauri Garhwal,Srinagar Arg,30.22,78.77,25.4,2026-09-21,02:00:00,17.0,2026-09-20,02:00:00,2026-09-21 02:14:45,23.650000000000034,Zone 3,34.74,Zone 4,23.07,Zone 3,34.24,Zone 4,27.83,Zone 4,37.51,Zone 4,31.39,Zone 4,40.6,Zone 4,34.74,Zone 4,43.59,Zone 4
Uttarakhand,Rudraprayag,Rudra Prayag,30.3167,78.9667,22.9,2026-09-21,02:00:00,95.0,2026-09-20,02:00:00,2026-09-21 02:14:45,24.450000000000045,Zone 3,49.05,Zone 5,24.1,Zone 3,44.28,Zone 5,29.84,Zone 4,59.1,Zone 5,35.5,Zone 4,61.92,Zone 5,49.05,Zone 5,64.12,Zone 5
Uttarakhand,Tehri Garhwal,Devprayag,30.14,78.6,22.8,2026-09-21,02:00:00,93.0,2026-09-20,02:00:00,2026-09-21 02:14:45,24.350000000000023,Zone 3,47.44,Zone 5,24.02,Zone 3,42.76,Zone 5,29.68,Zone 4,58.14,Zone 5,35.25,Zone 4,61.63,Zone 5,47.44,Zone 5,63.86,Zone 5
Uttarakhand,Udham Singh Nagar,Kashipur Aws400,29.188,79.0109,25.4,2026-09-21,02:00:00,99.0,2026-09-20,02:00:00,2026-09-21 02:14:45,28.650000000000034,Zone 4,61.57,Zone 5,28.13,Zone 4,60.48,Zone 5,35.43,Zone 4,63.54,Zone 5,54.56,Zone 5,65.79,Zone 5,61.57,Zone 5,67.51,Zone 5
Uttarakhand,Uttarkashi,Purola,30.86,78.0,18.8,2026-09-21,02:00:00,,,,2026-09-21 02:14:45,,,,,,,,,,,,,,,,,,,,
Uttar Pradesh,Agra,Hydrogen Factory Bindukatra,27.17123,78.03123,26.8,2026-09-21,02:00:00,,,,2026-09-21 02:14:45,,,,,,,,,,,,,,,,,,,,
Uttar Pradesh,Aligarh,Quarsi Farms Quarsi,27.9024,78.0968,30.9,2026-09-21,02:00:00,,,,2026-09-21 02:14:45,,,,,,,,,,,,,,,,,,,,
Uttar Pradesh,Amethi,Tala Gram 400Aws,26.1758,81.7483,27.2,2026-09-21,02:00:00,100.0,2026-09-20,02:00:00,2026-09-21 02:14:45,33.25,Zone 4,64.46,Zone 5,31.79,Zone 4,63.45,Zone 5,49.51,Zone 5,66.07,Zone 5,61.26,Zone 5,67.97,Zone 5,64.46,Zone 5,69.54,Zone 6
Uttar Pradesh,Amroha,Amroha 400Aws,28.8523,78.2358,24.4,2026-09-21,02:00:00,100.0,2026-09-20,02:00:00,2026-09-21 02:14:45,26.850000000000023,Zone 4,60.03,Zone 5,26.29,Zone 4,58.62,Zone 5,33.24,Zone 4,62.19,Zone 5,47.04,Zone 5,64.61,Zone 5,60.03,Zone 5,66.49,Zone 5
Uttar Pradesh,Ayodhya,Ayodhya 400Aws,26.7518,82.1464,28.6,2026-09-21,02:00:00,96.0,2026-09-20,02:00:00,2026-09-21 02:14:45,38.150000000000034,Zone 5,66.25,Zone 5,35.47,Zone 4,65.31,Zone 5,59.22,Zone 5,67.64,Zone 5,63.4,Zone 5,69.33,Zone 5,66.25,Zone 5,72.74,Zone 6
Uttar Pradesh,Ballia,Ballia  400Aws,25.8264,84.1553,26.1,2026-09-21,02:00:00,,,,2026-09-21 02:14:45,,,,,,,,,,,,,,,,,,,,
Uttar Pradesh,Ballia,Sukhpura Inter College Ballia,25.848502,84.092779,26.3,2026-09-21,02:00:00,96.0,2026-09-20,02:00:00,2026-09-21 02:14:45,30.350000000000023,Zone 4,62.69,Zone 5,29.97,Zone 4,61.63,Zone 5,39.45,Zone 5,64.52,Zone 5,59.15,Zone 5,66.63,Zone 5,62.69,Zone 5,68.26,Zone 5
Uttar Pradesh,Balrampur,Bcml Tulsipur Sugar Mill,27.536051,82.419945,27.2,2026-09-21,02:00:00,91.0,2026-09-20,02:00:00,2026-09-21 02:14:45,31.650000000000034,Zone 4,62.45,Zone 5,30.46,Zone 4,61.39,Zone 5,38.27,Zone 5,64.32,Zone 5,58.5,Zone 5,66.45,Zone 5,62.45,Zone 5,68.1,Zone 5
Uttar Pradesh,Banda,Banda 400Aws,,,,,,100.0,2026-09-20,02:00:00,2026-09-21 02:14:45,,,,,,,,,,,,,,,,,,,,
Uttar Pradesh,Barabanki,Barabanki 400Aws,26.9286,81.215,26.8,2026-09-21,02:00:00,100.0,2026-09-20,02:00:00,2026-09-21 02:14:45,32.150000000000034,Zone 4,64.46,Zone 5,31.79,Zone 4,63.45,Zone 5,49.51,Zone 5,66.07,Zone 5,61.26,Zone 5,67.97,Zone 5,64.46,Zone 5,69.54,Zone 6
Uttar Pradesh,Bareilly,Bareilly Bilwa 400Aws,28.4446,79.4327,26.1,2026-09-21,02:00:00,100.0,2026-09-20,02:00:00,2026-09-21 02:14:45,30.350000000000023,Zone 4,62.67,Zone 5,29.31,Zone 4,61.61,Zone 5,39.34,Zone 5,64.5,Zone 5,59.12,Zone 5,66.62,Zone 5,62.67,Zone 5,68.24,Zone 5
Uttar Pradesh,Bijnor,Prithvipur 400Aws,29.3175,78.1158,24.4,2026-09-21,02:00:00,,,,2026-09-21 02:14:45,,,,,,,,,,,,,,,,,,,,
Uttar Pradesh,Etawah,Bbrau Agriculture College,26.7883,78.9994,29.5,2026-09-21,02:00:00,65.0,2026-09-20,02:00:00,2026-09-21 02:14:45,32.55000000000001,Zone 4,60.16,Zone 5,31.95,Zone 4,59.05,Zone 5,37.97,Zone 4,62.32,Zone 5,47.68,Zone 5,64.72,Zone 5,60.16,Zone 5,66.58,Zone 5
Uttar Pradesh,Farrukhabad,Farrukhabad 400Aws,27.3869,79.6002,26.9,2026-09-21,02:00:00,,,,2026-09-21 02:14:45,,,,,,,,,,,,,,,,,,,,
Uttar Pradesh,Fatehpur,Fatehpur Kvk,25.8448,80.9918,27.1,2026-09-21,02:00:00,,,,2026-09-21 02:14:45,,,,,,,,,,,,,,,,,,,,
Uttar Pradesh,Firozabad,Firozabad 400Aws,27.2064,78.3092,26.4,2026-09-21,02:00:00,100.0,2026-09-20,02:00:00,2026-09-21 02:14:45,31.05000000000001,Zone 4,63.56,Zone 5,30.49,Zone 4,62.52,Zone 5,44.17,Zone 5,65.28,Zone 5,60.18,Zone 5,67.29,Zone 5,63.56,Zone 5,68.83,Zone 5
Uttar Pradesh,Gautam Buddha Nagar,Kvk Chholas 400Aws,28.5314,77.6445,25.8,2026-09-21,02:00:00,97.0,2026-09-20,02:00:00,2026-09-21 02:14:45,29.350000000000023,Zone 4,62.03,Zone 5,28.98,Zone 4,60.95,Zone 5,36.34,Zone 4,63.94,Zone 5,56.66,Zone 5,66.13,Zone 5,62.03,Zone 5,67.82,Zone 5
Uttar Pradesh,Ghaziabad,Kv2 Airforce Hindon,28.6936,77.3643,24.0,2026-09-21,02:00:00,100.0,2026-09-20,02:00:00,2026-09-21 02:14:45,26.150000000000034,Zone 4,59.15,Zone 5,25.42,Zone 4,55.33,Zone 5,32.18,Zone 4,61.44,Zone 5,42.93,Zone 5,63.96,Zone 5,59.15,Zone 5,65.91,Zone 5
Uttar Pradesh,Ghaziabad,Kv Kamala Nehru Nagar,28.6789,77.4648,25.3,2026-09-21,01:45:00,96.0,2026-09-20,01:45:00,2026-09-21 02:14:45,28.25,Zone 4,60.94,Zone 5,27.86,Zone 4,59.84,Zone 5,34.92,Zone 4,62.99,Zone 5,51.53,Zone 5,65.31,Zone 5,60.94,Zone 5,67.1,Zone 5
Uttar Pradesh,Gorakhpur,Met Office Singhariya,26.73683269,83.42977722,26.0,2026-09-21,02:00:00,97.0,2026-09-20,02:00:00,2026-09-21 02:14:45,29.75,Zone 4,62.03,Zone 5,28.98,Zone 4,60.95,Zone 5,36.34,Zone 4,63.94,Zone 5,56.66,Zone 5,66.13,Zone 5,62.03,Zone 5,67.82,Zone 5
Uttar Pradesh,Hamirpur,Hamirpur 400Aws,25.5814,79.555,27.3,2026-09-21,02:00:00,100.0,2026-09-20,02:00:00,2026-09-21 02:14:45,33.55000000000001,Zone 4,65.36,Zone 5,33.22,Zone 4,64.38,Zone 5,54.9,Zone 5,66.86,Zone 5,62.33,Zone 5,68.65,Zone 5,65.36,Zone 5,71.14,Zone 6
Uttar Pradesh,Hapur,Hapur 400Aws,28.739,77.8716,25.2,2026-09-21,02:00:00,100.0,2026-09-20,02:00:00,2026-09-21 02:14:45,28.350000000000023,Zone 4,60.9,Zone 5,27.22,Zone 4,59.79,Zone 5,34.38,Zone 4,62.96,Zone 5,51.33,Zone 5,65.28,Zone 5,60.9,Zone 5,67.07,Zone 5
Uttar Pradesh,Hardoi,Hardoi 400Aws,27.3813,80.124,25.6,2026-09-21,02:00:00,64.0,2026-09-20,02:00:00,2026-09-21 02:14:45,26.350000000000023,Zone 4,40.42,Zone 4,25.7,Zone 4,39.28,Zone 4,31.02,Zone 4,50.56,Zone 5,35.85,Zone 4,59.94,Zone 5,40.42,Zone 4,62.36,Zone 5
Uttar Pradesh,Jalaun,Jalaun 400Aws,26.022112,79.423123,26.5,2026-09-21,02:00:00,100.0,2026-09-20,02:00:00,2026-09-21 02:14:45,31.350000000000023,Zone 4,63.56,Zone 5,30.49,Zone 4,62.52,Zone 5,44.17,Zone 5,65.28,Zone 5,60.18,Zone 5,67.29,Zone 5,63.56,Zone 5,68.83,Zone 5
Uttar Pradesh,Jhansi,Bhundelkhand University,25.43,78.57,24.0,2026-09-21,02:00:00,,,,2026-09-21 02:14:45,,,,,,,,,,,,,,,,,,,,
Uttar Pradesh,Kashganj,Kashganj 400Aws,27.75,78.5166,26.4,2026-09-21,02:00:00,,,,2026-09-21 02:14:45,,,,,,,,,,,,,,,,,,,,
Uttar Pradesh,Kushinagar,Kushinagar Kvk,26.7343,84.1848,25.2,2026-09-21,02:00:00,100.0,2026-09-20,02:00:00,2026-09-21 02:14:45,28.350000000000023,Zone 4,60.9,Zone 5,27.22,Zone 4,59.79,Zone 5,34.38,Zone 4,62.96,Zone 5,51.33,Zone 5,65.28,Zone 5,60.9,Zone 5,67.07,Zone 5
Uttar Pradesh,Lucknow,Integral University,26.9608,81.0044,28.1,2026-09-21,02:00:00,29.0,2026-09-20,02:00:00,2026-09-21 02:14:45,27.25,Zone 4,38.45,Zone 4,26.68,Zone 4,37.73,Zone 4,30.93,Zone 4,41.32,Zone 4,34.79,Zone 4,45.17,Zone 5,38.45,Zone 4,56.98,Zone 5
Uttar Pradesh,Lucknow,Meteorological Centre Amausi,26.8667,80.9167,28.1,2026-09-21,02:00:00,96.0,2026-09-20,02:00:00,2026-09-21 02:14:45,35.05000000000001,Zone 4,65.35,Zone 5,33.89,Zone 4,64.38,Zone 5,54.87,Zone 5,66.85,Zone 5,62.33,Zone 5,68.65,Zone 5,65.35,Zone 5,71.13,Zone 6
Uttar Pradesh,Mainpuri,Mainpuri Kvk,27.3846,79.0938,26.2,2026-09-21,02:00:00,100.0,2026-09-20,02:00:00,2026-09-21 02:14:45,30.55000000000001,Zone 4,62.67,Zone 5,29.31,Zone 4,61.61,Zone 5,39.34,Zone 5,64.5,Zone 5,59.12,Zone 5,66.62,Zone 5,62.67,Zone 5,68.24,Zone 5
Uttar Pradesh,Mathura,Collectorate Office,27.47447526,77.69176576,27.4,2026-09-21,02:00:00,,,,2026-09-21 02:14:45,,,,,,,,,,,,,,,,,,,,
Uttar Pradesh,Mathura,Mathura 400Aws,27.4705,77.6928,24.9,2026-09-21,02:00:00,100.0,2026-09-20,02:00:00,2026-09-21 02:14:45,27.75,Zone 4,60.9,Zone 5,27.22,Zone 4,59.79,Zone 5,34.38,Zone 4,62.96,Zone 5,51.33,Zone 5,65.28,Zone 5,60.9,Zone 5,67.07,Zone 5
Uttar Pradesh,Meerut,Ccsu Campus,28.97423165,77.73504154,27.0,2026-09-21,02:00:00,100.0,2026-09-20,02:00:00,2026-09-21 02:14:45,32.650000000000034,Zone 4,64.46,Zone 5,31.79,Zone 4,63.45,Zone 5,49.51,Zone 5,66.07,Zone 5,61.26,Zone 5,67.97,Zone 5,64.46,Zone 5,69.54,Zone 6
Uttar Pradesh,Mirzapur,Dagmapur 400Aws,25.0999,82.7985,26.5,2026-09-21,02:00:00,100.0,2026-09-20,02:00:00,2026-09-21 02:14:45,31.350000000000023,Zone 4,63.56,Zone 5,30.49,Zone 4,62.52,Zone 5,44.17,Zone 5,65.28,Zone 5,60.18,Zone 5,67.29,Zone 5,63.56,Zone 5,68.83,Zone 5
Uttar Pradesh,Moradabad,Ucheti 400Aws,28.8683,78.6659,25.8,2026-09-21,02:00:00,100.0,2026-09-20,02:00:00,2026-09-21 02:14:45,29.650000000000034,Zone 4,62.67,Zone 5,29.31,Zone 4,61.61,Zone 5,39.34,Zone 5,64.5,Zone 5,59.12,Zone 5,66.62,Zone 5,62.67,Zone 5,68.24,Zone 5
Uttar Pradesh,Muzaffarnagar,Sohanjani Tajan 400Aws,29.3781,77.638,23.9,2026-09-21,02:00:00,100.0,2026-09-20,02:00:00,2026-09-21 02:14:45,25.950000000000045,Zone 4,59.15,Zone 5,25.42,Zone 4,55.33,Zone 5,32.18,Zone 4,61.44,Zone 5,42.93,Zone 5,63.96,Zone 5,59.15,Zone 5,65.91,Zone 5
Uttar Pradesh,Pratapgarh,Pratapgarh 400Aws,25.283,81.9866,27.9,2026-09-21,02:00:00,96.0,2026-09-20,02:00:00,2026-09-21 02:14:45,34.450000000000045,Zone 4,65.35,Zone 5,33.89,Zone 4,64.38,Zone 5,54.87,Zone 5,66.85,Zone 5,62.33,Zone 5,68.65,Zone 5,65.35,Zone 5,71.13,Zone 6
Uttar Pradesh,Raebareli,Airport Fursatganj,26.2503,81.3769,27.0,2026-09-21,01:45:00,100.0,2026-09-20,01:45:00,2026-09-21 02:14:45,32.650000000000034,Zone 4,64.46,Zone 5,31.79,Zone 4,63.45,Zone 5,49.51,Zone 5,66.07,Zone 5,61.26,Zone 5,67.97,Zone 5,64.46,Zone 5,69.54,Zone 6
Uttar Pradesh,Saharanpur,Saharanpur 400Aws,29.9703,77.5573,24.8,2026-09-21,02:00:00,96.0,2026-09-20,02:00:00,2026-09-21 02:14:45,27.25,Zone 4,60.08,Zone 5,26.91,Zone 4,58.8,Zone 5,33.78,Zone 4,62.24,Zone 5,47.28,Zone 5,64.65,Zone 5,60.08,Zone 5,66.52,Zone 5
Uttar Pradesh,Sambhal,Sambhal Paltha 400Aws,28.4833,78.8491,25.5,2026-09-21,02:00:00,98.0,2026-09-20,02:00:00,2026-09-21 02:14:45,28.850000000000023,Zone 4,61.36,Zone 5,28.04,Zone 4,60.27,Zone 5,35.26,Zone 4,63.36,Zone 5,53.57,Zone 5,65.63,Zone 5,61.36,Zone 5,67.38,Zone 5
Uttar Pradesh,Shahjahanpur,Shahjahanpur 400Aws,27.875,79.9385,26.9,2026-09-21,02:00:00,45.0,2026-09-20,02:00:00,2026-09-21 02:14:45,26.850000000000023,Zone 4,39.61,Zone 4,26.5,Zone 4,38.69,Zone 4,31.24,Zone 4,42.69,Zone 4,35.54,Zone 4,55.1,Zone 5,39.61,Zone 4,60.61,Zone 5
Uttar Pradesh,Shamli,Shamli 400Aws,29.5443,77.1864,24.3,2026-09-21,02:00:00,100.0,2026-09-20,02:00:00,2026-09-21 02:14:45,26.650000000000034,Zone 4,60.03,Zone 5,26.29,Zone 4,58.62,Zone 5,33.24,Zone 4,62.19,Zone 5,47.04,Zone 5,64.61,Zone 5,60.03,Zone 5,66.49,Zone 5
Uttar Pradesh,Sitapur,Ramkot 400Aws,27.5217,80.5854,26.4,2026-09-21,02:00:00,,,,2026-09-21 02:14:45,,,,,,,,,,,,,,,,,,,,
Uttar Pradesh,Sultanpur,Krishi Vigyan Kendra Barasin,,,,,,99.0,2026-09-20,02:00:00,2026-09-21 02:14:45,,,,,,,,,,,,,,,,,,,,
West Bengal,Asansol,Imd Mo Assansol,23.705,86.9789,25.9,2026-09-21,01:45:00,,,,2026-09-21 02:14:45,,,,,,,,,,,,,,,,,,,,
West Bengal,Bankura,Bckv College,23.3734,86.9704,25.2,2026-09-21,02:00:00,99.0,2026-09-20,02:00:00,2026-09-21 02:14:45,28.25,Zone 4,60.7,Zone 5,27.14,Zone 4,59.58,Zone 5,34.22,Zone 4,62.78,Zone 5,50.32,Zone 5,65.12,Zone 5,60.7,Zone 5,66.93,Zone 5
West Bengal,Cooch Behar,Dinhata Aws400,26.1464,89.4649,26.6,2026-09-21,02:00:00,100.0,2026-09-20,02:00:00,2026-09-21 02:14:45,31.55000000000001,Zone 4,63.56,Zone 5,30.49,Zone 4,62.52,Zone 5,44.17,Zone 5,65.28,Zone 5,60.18,Zone 5,67.29,Zone 5,63.56,Zone 5,68.83,Zone 5
West Bengal,Darjeeling,Darjeeling Mo,27.0335,88.1509,17.2,2026-09-21,02:00:00,100.0,2026-09-20,02:00:00,2026-09-21 02:14:45,18.05000000000001,Zone 3,31.4,Zone 4,16.95,Zone 3,30.48,Zone 4,23.12,Zone 3,34.88,Zone 4,26.92,Zone 4,43.77,Zone 5,31.4,Zone 4,55.81,Zone 5
West Bengal,Darjeeling,Kharibari,26.55,88.19,26.2,2026-09-21,02:00:00,100.0,2026-09-20,02:00:00,2026-09-21 02:14:45,30.55000000000001,Zone 4,62.67,Zone 5,29.31,Zone 4,61.61,Zone 5,39.34,Zone 5,64.5,Zone 5,59.12,Zone 5,66.62,Zone 5,62.67,Zone 5,68.24,Zone 5
West Bengal,Durgapur,Kzi Airport,23.6212,87.2397,26.0,2026-09-21,02:00:00,98.0,2026-09-20,02:00:00,2026-09-21 02:14:45,29.850000000000023,Zone 4,62.24,Zone 5,29.09,Zone 4,61.17,Zone 5,37.27,Zone 5,64.13,Zone 5,57.6,Zone 5,66.29,Zone 5,62.24,Zone 5,67.96,Zone 5
West Bengal,Hooghly,Degree College Tarakeswar,,,,,,66.0,2026-09-20,02:00:00,2026-09-21 02:14:45,,,,,,,,,,,,,,,,,,,,
West Bengal,Howrah,Kvk Howrah Jagatballavapur,22.678,88.1225,26.8,2026-09-21,01:45:00,100.0,2026-09-20,01:45:00,2026-09-21 02:14:45,32.150000000000034,Zone 4,64.46,Zone 5,31.79,Zone 4,63.45,Zone 5,49.51,Zone 5,66.07,Zone 5,61.26,Zone 5,67.97,Zone 5,64.46,Zone 5,69.54,Zone 6
West Bengal,Howrah,Ramsaday College Amta,22.5748,88.0019,26.7,2026-09-21,02:00:00,98.0,2026-09-20,02:00:00,2026-09-21 02:14:45,31.55000000000001,Zone 4,63.13,Zone 5,30.22,Zone 4,62.08,Zone 5,41.75,Zone 5,64.9,Zone 5,59.67,Zone 5,66.96,Zone 5,63.13,Zone 5,68.55,Zone 5
West Bengal,Howrah,Uluberia,22.4692,88.0944,27.2,2026-09-21,02:00:00,100.0,2026-09-20,02:00:00,2026-09-21 02:14:45,33.25,Zone 4,64.46,Zone 5,31.79,Zone 4,63.45,Zone 5,49.51,Zone 5,66.07,Zone 5,61.26,Zone 5,67.97,Zone 5,64.46,Zone 5,69.54,Zone 6
West Bengal,Jalpaiguri,Banarhat,26.7924,89.0265,25.4,2026-09-21,02:00:00,75.0,2026-09-20,02:00:00,2026-09-21 02:14:45,26.75,Zone 4,48.59,Zone 5,26.32,Zone 4,43.89,Zone 5,32.12,Zone 4,59.01,Zone 5,37.41,Zone 4,61.84,Zone 5,48.59,Zone 5,64.05,Zone 5
West Bengal,Jalpaiguri,Dhupguri,26.5632,89.0409,26.4,2026-09-21,02:00:00,100.0,2026-09-20,02:00:00,2026-09-21 02:14:45,31.05000000000001,Zone 4,63.56,Zone 5,30.49,Zone 4,62.52,Zone 5,44.17,Zone 5,65.28,Zone 5,60.18,Zone 5,67.29,Zone 5,63.56,Zone 5,68.83,Zone 5
West Bengal,Jalpaiguri,Mal,26.8685,88.7466,25.7,2026-09-21,02:00:00,94.0,2026-09-20,02:00:00,2026-09-21 02:14:45,28.850000000000023,Zone 4,60.52,Zone 5,27.68,Zone 4,59.4,Zone 5,34.6,Zone 4,62.63,Zone 5,49.45,Zone 5,64.99,Zone 5,60.52,Zone 5,66.82,Zone 5
West Bengal,Jhargram,Jhargram,22.449553,86.998154,25.0,2026-09-21,01:45:00,99.0,2026-09-20,01:45:00,2026-09-21 02:14:45,27.850000000000023,Zone 4,60.7,Zone 5,27.14,Zone 4,59.58,Zone 5,34.22,Zone 4,62.78,Zone 5,50.32,Zone 5,65.12,Zone 5,60.7,Zone 5,66.93,Zone 5
West Bengal,Kolkata,Kolkata Airport,,,,,,100.0,2026-09-20,02:00:00,2026-09-21 02:14:45,,,,,,,,,,,,,,,,,,,,
West Bengal,Malda,Malda,24.9787,88.1446,26.8,2026-09-21,02:00:00,,,,2026-09-21 02:14:45,,,,,,,,,,,,,,,,,,,,
West Bengal,Murshidabad,Murshidabad Kvk,24.2686,88.2879,26.6,2026-09-21,02:00:00,93.0,2026-09-20,02:00:00,2026-09-21 02:14:45,30.55000000000001,Zone 4,62.03,Zone 5,29.6,Zone 4,60.96,Zone 5,36.86,Zone 4,63.95,Zone 5,56.67,Zone 5,66.14,Zone 5,62.03,Zone 5,67.82,Zone 5
West Bengal,Nadia,Bijpur,22.937116,88.510508,26.4,2026-09-21,02:00:00,100.0,2026-09-20,02:00:00,2026-09-21 02:14:45,31.05000000000001,Zone 4,63.56,Zone 5,30.49,Zone 4,62.52,Zone 5,44.17,Zone 5,65.28,Zone 5,60.18,Zone 5,67.29,Zone 5,63.56,Zone 5,68.83,Zone 5
West Bengal,Nadia,Kalyani Amfu,22.9686,88.4964,26.4,2026-09-21,02:00:00,100.0,2026-09-20,02:00:00,2026-09-21 02:14:45,31.05000000000001,Zone 4,63.56,Zone 5,30.49,Zone 4,62.52,Zone 5,44.17,Zone 5,65.28,Zone 5,60.18,Zone 5,67.29,Zone 5,63.56,Zone 5,68.83,Zone 5
West Bengal,North Twenty Four Parganas,Ashoknagar Kvk,22.8382,88.6347,26.5,2026-09-21,02:00:00,,,,2026-09-21 02:14:45,,,,,,,,,,,,,,,,,,,,
West Bengal,North Twenty Four Parganas,Barrackpore Aws400,22.7809,88.3357,26.4,2026-09-21,02:00:00,98.0,2026-09-20,02:00:00,2026-09-21 02:14:45,30.75,Zone 4,63.13,Zone 5,30.22,Zone 4,62.08,Zone 5,41.75,Zone 5,64.9,Zone 5,59.67,Zone 5,66.96,Zone 5,63.13,Zone 5,68.55,Zone 5
West Bengal,North Twenty Four Parganas,Basirhat,22.6625,88.8725,27.1,2026-09-21,01:45:00,95.0,2026-09-20,01:45:00,2026-09-21 02:14:45,32.05000000000001,Zone 4,63.35,Zone 5,31.01,Zone 4,62.31,Zone 5,42.99,Zone 5,65.1,Zone 5,59.94,Zone 5,67.13,Zone 5,63.35,Zone 5,68.7,Zone 5
West Bengal,North Twenty Four Parganas,Jisu Agarpara,22.6726,88.3791,27.1,2026-09-21,02:00:00,98.0,2026-09-20,02:00:00,2026-09-21 02:14:45,32.55000000000001,Zone 4,64.02,Zone 5,31.46,Zone 4,63.0,Zone 5,46.86,Zone 5,65.68,Zone 5,60.73,Zone 5,67.64,Zone 5,64.02,Zone 5,69.14,Zone 5
West Bengal,Purba Mednipur,Imd Mo Digha,21.6237,87.5063,25.2,2026-09-21,01:45:00,,,,2026-09-21 02:14:45,,,,,,,,,,,,,,,,,,,,
West Bengal,Purulia,Purulia Kvk,23.4007,86.4184,25.3,2026-09-21,02:00:00,,,,2026-09-21 02:14:45,,,,,,,,,,,,,,,,,,,,
West Bengal,South Dinajpur,Balurghat,25.234,88.7942,27.0,2026-09-21,02:00:00,100.0,2026-09-20,02:00:00,2026-09-21 02:14:45,32.650000000000034,Zone 4,64.46,Zone 5,31.79,Zone 4,63.45,Zone 5,49.51,Zone 5,66.07,Zone 5,61.26,Zone 5,67.97,Zone 5,64.46,Zone 5,69.54,Zone 6
West Bengal,South Twenty Four Parganas,Alipore,22.5358,88.33,27.0,2026-09-21,01:45:00,100.0,2026-09-20,01:45:00,2026-09-21 02:14:45,32.650000000000034,Zone 4,64.46,Zone 5,31.79,Zone 4,63.45,Zone 5,49.51,Zone 5,66.07,Zone 5,61.26,Zone 5,67.97,Zone 5,64.46,Zone 5,69.54,Zone 6
West Bengal,South Twenty Four Parganas,Gangasagar,21.74483,88.099278,27.1,2026-09-21,02:00:00,,,,2026-09-21 02:14:45,,,,,,,,,,,,,,,,,,,,
West Bengal,South Twenty Four Parganas,Nimpith,22.1667,88.45,26.9,2026-09-21,02:00:00,100.0,2026-09-20,02:00:00,2026-09-21 02:14:45,32.35000000000002,Zone 4,64.46,Zone 5,31.79,Zone 4,63.45,Zone 5,49.51,Zone 5,66.07,Zone 5,61.26,Zone 5,67.97,Zone 5,64.46,Zone 5,69.54,Zone 6
West Bengal,South Twenty Four Parganas,Ramkrishna Mission College,22.4417,88.3982,26.8,2026-09-21,01:45:00,,,,2026-09-21 02:14:45,,,,,,,,,,,,,,,,,,,,
,,,,,,,,,,,2026-09-21 02:14:45,,,,,,,,,,,,,,,,,,,,
,,,,,,,,,,,2026-09-21 02:14:45,,,,,,,,,,,,,,,,,,,,
,,,,,,,,,,,2026-09-21 02:14:45,,,,,,,,,,,,,,,,,,,,
,,,,,,,,,,,2026-09-21 02:14:45,,,,,,,,,,,,,,,,,,,,
