STATE,DISTRICT,STATION,TEMP,DATE_TEMP,TIME_TEMP,RH,DATE_RH,TIME_RH,LOGGED_AT (IST),EHI (in shade °C),Light Work Heat Stress Zone,EHI_350 (in shade °C),Hard Labor Heat Stress Zone,EHI_3_shade,Zone_3_shade,EHI_3_sun,Zone_3_sun,EHI_4_shade,Zone_4_shade,EHI_4_sun,Zone_4_sun,EHI_5_shade,Zone_5_shade,EHI_5_sun,Zone_5_sun,EHI_6_shade,Zone_6_shade,EHI_6_sun,Zone_6_sun
Andaman And Nicobar,Nicobar,Car Nicobar,27.5,2026-06-08,00:30:00,93.0,2026-06-07,00:30:00,2026-06-08 00:49:38,32.75,Zone 4,64.3,Zone 5,32.8,Zone 4,60.5,Zone 5,48.3,Zone 5,63.9,Zone 5,61.0,Zone 5,66.3,Zone 5,64.3,Zone 5,68.2,Zone 5
Andaman And Nicobar,Nicobar,Nancowry,37.2,2026-06-08,00:30:00,98.0,2026-06-07,00:30:00,2026-06-08 00:49:38,86.95000000000005,Zone 6,94.8,Zone 6,86.1,Zone 6,91.2,Zone 6,89.1,Zone 6,94.0,Zone 6,91.9,Zone 6,96.9,Zone 6,94.8,Zone 6,99.7,Zone 6
Andaman And Nicobar,N M Andaman,Mayabunder,27.5,2026-06-08,00:30:00,97.0,2026-06-07,00:30:00,2026-06-08 00:49:38,33.55000000000001,Zone 4,65.2,Zone 5,33.5,Zone 4,61.5,Zone 5,53.6,Zone 5,64.8,Zone 5,62.1,Zone 5,67.1,Zone 5,65.2,Zone 5,68.8,Zone 5
Andaman And Nicobar,N M Andaman,Rangat Nimbutala,26.6,2026-06-08,00:30:00,99.0,2026-06-07,00:30:00,2026-06-08 00:49:38,31.450000000000045,Zone 4,63.9,Zone 5,31.2,Zone 4,60.0,Zone 5,45.8,Zone 5,63.5,Zone 5,60.5,Zone 5,66.0,Zone 5,63.9,Zone 5,67.9,Zone 5
Andaman And Nicobar,South Andaman,Ferrargunj,27.7,2026-06-08,00:45:00,82.0,2026-06-07,00:45:00,2026-06-08 00:49:38,31.450000000000045,Zone 4,61.8,Zone 5,31.1,Zone 4,53.3,Zone 5,37.9,Zone 4,61.4,Zone 5,55.6,Zone 5,64.2,Zone 5,61.8,Zone 5,66.3,Zone 5
Andaman And Nicobar,South Andaman,Hut Bay,27.1,2026-06-08,00:30:00,99.0,2026-06-07,00:30:00,2026-06-08 00:49:38,32.75,Zone 4,64.7,Zone 5,32.5,Zone 4,61.0,Zone 5,51.0,Zone 5,64.3,Zone 5,61.6,Zone 5,66.7,Zone 5,64.7,Zone 5,68.5,Zone 5
Andaman And Nicobar,South Andaman,Shaheed Dweep,27.9,2026-06-08,00:30:00,98.0,2026-06-07,00:30:00,2026-06-08 00:49:38,34.950000000000045,Zone 4,66.3,Zone 5,35.2,Zone 4,62.9,Zone 5,59.2,Zone 5,65.9,Zone 5,63.4,Zone 5,68.0,Zone 5,66.3,Zone 5,69.6,Zone 5
Andaman And Nicobar,South Andaman,Sri Vijaya Puram Aws400,30.4,2026-06-08,00:45:00,99.0,2026-06-07,00:45:00,2026-06-08 00:49:38,61.150000000000034,Zone 5,70.9,Zone 5,61.5,Zone 5,68.6,Zone 5,66.2,Zone 5,70.6,Zone 5,69.0,Zone 5,72.7,Zone 6,70.9,Zone 5,75.6,Zone 6
Andaman And Nicobar,South Andaman,Swaraj Deep,27.8,2026-06-08,00:45:00,82.0,2026-06-07,00:45:00,2026-06-08 00:49:38,31.75,Zone 4,62.6,Zone 5,32.1,Zone 4,57.1,Zone 5,39.1,Zone 4,62.2,Zone 5,59.1,Zone 5,64.9,Zone 5,62.6,Zone 5,66.9,Zone 5
Andhra Pradesh,Alluri Sitharama Raju,Araku Valley,25.6,2026-06-08,00:30:00,89.0,2026-06-07,00:30:00,2026-06-08 00:49:38,28.150000000000034,Zone 4,60.1,Zone 5,28.0,Zone 4,45.0,Zone 5,34.6,Zone 4,59.7,Zone 5,47.3,Zone 5,62.8,Zone 5,60.1,Zone 5,65.1,Zone 5
Andhra Pradesh,Alluri Sitharama Raju,Chintapalli Amfu,22.5,2026-06-08,00:30:00,91.0,2026-06-07,00:30:00,2026-06-08 00:49:38,23.950000000000045,Zone 3,45.7,Zone 5,23.9,Zone 3,34.5,Zone 4,29.4,Zone 4,44.2,Zone 5,34.9,Zone 4,58.8,Zone 5,45.7,Zone 5,61.8,Zone 5
Andhra Pradesh,Alluri Sitharama Raju,Pandirimamidi Hrs,28.8,2026-06-08,00:30:00,69.0,2026-06-07,00:30:00,2026-06-08 00:49:38,31.850000000000023,Zone 4,61.1,Zone 5,32.2,Zone 4,49.6,Zone 5,38.5,Zone 4,60.7,Zone 5,52.0,Zone 5,63.6,Zone 5,61.1,Zone 5,65.8,Zone 5
Andhra Pradesh,Anakapalli,Yellamanchilli Vskp,29.9,2026-06-08,00:45:00,86.0,2026-06-07,00:45:00,2026-06-08 00:49:38,38.25,Zone 4,66.9,Zone 5,38.6,Zone 4,63.6,Zone 5,60.2,Zone 5,66.5,Zone 5,64.2,Zone 5,68.6,Zone 5,66.9,Zone 5,70.1,Zone 5
Andhra Pradesh,Anantapur,Kh Govtdegcollege Dharmavaram,26.9,2026-06-08,00:45:00,87.0,2026-06-07,00:45:00,2026-06-08 00:49:38,30.450000000000045,Zone 4,62.1,Zone 5,30.7,Zone 4,54.8,Zone 5,37.7,Zone 4,61.7,Zone 5,57.0,Zone 5,64.5,Zone 5,62.1,Zone 5,66.6,Zone 5
Andhra Pradesh,Bapatla,Chirala,30.0,2026-06-08,00:45:00,79.0,2026-06-07,00:45:00,2026-06-08 00:49:38,36.55000000000001,Zone 4,65.2,Zone 5,36.5,Zone 4,61.5,Zone 5,53.6,Zone 5,64.8,Zone 5,62.1,Zone 5,67.1,Zone 5,65.2,Zone 5,68.8,Zone 5
Andhra Pradesh,Eluru,Vijayarai,30.2,2026-06-08,00:45:00,58.0,2026-06-07,00:45:00,2026-06-08 00:49:38,32.75,Zone 4,59.6,Zone 5,32.4,Zone 4,43.0,Zone 5,38.1,Zone 4,59.3,Zone 5,45.1,Zone 5,62.4,Zone 5,59.6,Zone 5,64.7,Zone 5
Andhra Pradesh,Kakinada,Kakinada,30.2,2026-06-08,00:30:00,80.0,2026-06-07,00:30:00,2026-06-08 00:49:38,37.35000000000002,Zone 4,65.4,Zone 5,36.8,Zone 4,61.8,Zone 5,55.1,Zone 5,65.0,Zone 5,62.4,Zone 5,67.3,Zone 5,65.4,Zone 5,69.0,Zone 5
Andhra Pradesh,Kakinada,Peddapuram,30.2,2026-06-08,00:30:00,87.0,2026-06-07,00:30:00,2026-06-08 00:49:38,42.450000000000045,Zone 5,67.2,Zone 5,40.1,Zone 5,63.9,Zone 5,60.5,Zone 5,66.8,Zone 5,64.5,Zone 5,68.8,Zone 5,67.2,Zone 5,70.3,Zone 5
Andhra Pradesh,Konaseema,Ambajipeta Arg,30.9,2026-06-08,00:30:00,96.0,2026-06-07,00:30:00,2026-06-08 00:49:38,61.450000000000045,Zone 5,71.1,Zone 5,61.8,Zone 5,68.8,Zone 5,66.4,Zone 5,70.8,Zone 5,69.2,Zone 5,73.0,Zone 6,71.1,Zone 5,75.9,Zone 6
Andhra Pradesh,Konaseema,Ambajipeta Aws,30.2,2026-06-08,00:45:00,95.0,2026-06-07,00:45:00,2026-06-08 00:49:38,57.450000000000045,Zone 5,69.1,Zone 5,54.9,Zone 5,66.3,Zone 5,63.4,Zone 5,68.7,Zone 5,66.8,Zone 5,70.4,Zone 5,69.1,Zone 5,72.0,Zone 6
Andhra Pradesh,Krishna,Kv Gopalnagar Machilipatnam,30.9,2026-06-08,00:45:00,77.0,2026-06-07,00:45:00,2026-06-08 00:49:38,38.55000000000001,Zone 4,66.3,Zone 5,38.9,Zone 4,62.9,Zone 5,59.2,Zone 5,65.9,Zone 5,63.4,Zone 5,68.1,Zone 5,66.3,Zone 5,69.7,Zone 5
Andhra Pradesh,Ntr,Mylavaram College Of  Engineer,30.8,2026-06-08,00:45:00,73.0,2026-06-07,00:45:00,2026-06-08 00:49:38,37.150000000000034,Zone 4,65.2,Zone 5,37.7,Zone 4,61.6,Zone 5,54.0,Zone 5,64.9,Zone 5,62.2,Zone 5,67.2,Zone 5,65.2,Zone 5,68.9,Zone 5
Andhra Pradesh,Palnadu,Rentachintala,32.7,2026-06-08,00:30:00,60.0,2026-06-07,00:30:00,2026-06-08 00:49:38,38.35000000000002,Zone 4,63.9,Zone 5,37.8,Zone 4,60.0,Zone 5,46.1,Zone 5,63.5,Zone 5,60.6,Zone 5,66.0,Zone 5,63.9,Zone 5,67.9,Zone 5
Andhra Pradesh,Prakasam,Cs Puram,29.8,2026-06-08,00:45:00,67.0,2026-06-07,00:45:00,2026-06-08 00:49:38,33.450000000000045,Zone 4,62.1,Zone 5,33.9,Zone 4,54.6,Zone 5,40.3,Zone 4,61.7,Zone 5,56.8,Zone 5,64.5,Zone 5,62.1,Zone 5,66.5,Zone 5
Andhra Pradesh,Srikakulam,Nagaralapeta Kalingapatnam,30.1,2026-06-08,00:45:00,95.0,2026-06-07,00:45:00,2026-06-08 00:49:38,56.150000000000034,Zone 5,69.1,Zone 5,54.9,Zone 5,66.3,Zone 5,63.4,Zone 5,68.7,Zone 5,66.8,Zone 5,70.4,Zone 5,69.1,Zone 5,72.0,Zone 6
Andhra Pradesh,Srikakulam,Ragolu,29.5,2026-06-08,00:30:00,90.0,2026-06-07,00:30:00,2026-06-08 00:49:38,39.150000000000034,Zone 5,67.0,Zone 5,39.2,Zone 5,63.8,Zone 5,60.3,Zone 5,66.6,Zone 5,64.3,Zone 5,68.7,Zone 5,67.0,Zone 5,70.2,Zone 5
Andhra Pradesh,Sri Potti Sriramulu Nellore,Podalakur,31.9,2026-06-08,00:30:00,,,,2026-06-08 00:49:38,,,,,,,,,,,,,,,,,,,,
Andhra Pradesh,Visakhapatnam,Anandapuram Arg,29.5,2026-06-08,00:30:00,77.0,2026-06-07,00:30:00,2026-06-08 00:49:38,34.75,Zone 4,63.9,Zone 5,34.7,Zone 4,60.0,Zone 5,45.7,Zone 5,63.5,Zone 5,60.5,Zone 5,66.0,Zone 5,63.9,Zone 5,67.9,Zone 5
Andhra Pradesh,Visakhapatnam,Gangavaram Port,30.2,2026-06-08,00:45:00,85.0,2026-06-07,00:45:00,2026-06-08 00:49:38,39.05000000000001,Zone 5,66.7,Zone 5,38.2,Zone 4,63.3,Zone 5,59.8,Zone 5,66.3,Zone 5,63.9,Zone 5,68.4,Zone 5,66.7,Zone 5,69.9,Zone 5
Andhra Pradesh,Visakhapatnam,Mehadrigadda Dam,40.4,2026-06-08,00:45:00,91.0,2026-06-07,00:45:00,2026-06-08 00:49:38,95.95000000000005,Zone 6,105.0,Zone 6,96.4,Zone 6,101.3,Zone 6,99.3,Zone 6,104.1,Zone 6,102.2,Zone 6,106.9,Zone 6,105.0,Zone 6,109.7,Zone 6
Andhra Pradesh,Vizianagaram,Bobbili,28.0,2026-06-08,00:45:00,87.0,2026-06-07,00:45:00,2026-06-08 00:49:38,32.950000000000045,Zone 4,63.8,Zone 5,33.0,Zone 4,59.9,Zone 5,45.3,Zone 5,63.4,Zone 5,60.4,Zone 5,65.9,Zone 5,63.8,Zone 5,67.8,Zone 5
Andhra Pradesh,Vizianagaram,Vizianagaram,30.6,2026-06-08,00:30:00,81.0,2026-06-07,00:30:00,2026-06-08 00:49:38,38.950000000000045,Zone 4,66.5,Zone 5,38.6,Zone 4,63.2,Zone 5,59.6,Zone 5,66.1,Zone 5,63.7,Zone 5,68.2,Zone 5,66.5,Zone 5,69.8,Zone 5
Andhra Pradesh,West Godavari,Bhimavaram,29.9,2026-06-08,00:45:00,80.0,2026-06-07,00:45:00,2026-06-08 00:49:38,36.450000000000045,Zone 4,65.4,Zone 5,36.8,Zone 4,61.8,Zone 5,55.1,Zone 5,65.0,Zone 5,62.4,Zone 5,67.3,Zone 5,65.4,Zone 5,69.0,Zone 5
Andhra Pradesh,West Godavari,Kv Gopannapalem Eluru,31.1,2026-06-08,00:45:00,55.0,2026-06-07,00:45:00,2026-06-08 00:49:38,33.85000000000002,Zone 4,60.2,Zone 5,33.7,Zone 4,45.8,Zone 5,39.4,Zone 4,59.9,Zone 5,48.0,Zone 5,62.9,Zone 5,60.2,Zone 5,65.2,Zone 5
Andhra Pradesh,West Godavari,Maruteru,31.3,2026-06-08,00:30:00,90.0,2026-06-07,00:30:00,2026-06-08 00:49:38,59.950000000000045,Zone 5,70.5,Zone 5,60.7,Zone 5,68.0,Zone 5,65.5,Zone 5,70.2,Zone 5,68.5,Zone 5,71.8,Zone 6,70.5,Zone 5,74.7,Zone 6
Andhra Pradesh,West Godavari,Narsapur,30.7,2026-06-08,00:45:00,80.0,2026-06-07,00:45:00,2026-06-08 00:49:38,38.950000000000045,Zone 4,66.2,Zone 5,38.3,Zone 4,62.8,Zone 5,59.2,Zone 5,65.9,Zone 5,63.4,Zone 5,68.0,Zone 5,66.2,Zone 5,69.6,Zone 5
Andhra Pradesh,Ysr Kadapa,Agricultural College  Badvel,30.4,2026-06-08,00:45:00,60.0,2026-06-07,00:45:00,2026-06-08 00:49:38,33.450000000000045,Zone 4,60.9,Zone 5,33.6,Zone 4,49.1,Zone 5,39.6,Zone 4,60.5,Zone 5,51.4,Zone 5,63.5,Zone 5,60.9,Zone 5,65.7,Zone 5
Arunachal Pradesh,Anjaw,Hayuliang Circle,22.5,2026-06-08,00:45:00,92.0,2026-06-07,00:45:00,2026-06-08 00:49:38,23.950000000000045,Zone 3,46.4,Zone 5,24.0,Zone 3,34.6,Zone 4,29.5,Zone 4,44.9,Zone 5,35.0,Zone 4,59.1,Zone 5,46.4,Zone 5,61.9,Zone 5
Arunachal Pradesh,Changlang,Miao,25.9,2026-06-08,00:45:00,94.0,2026-06-07,00:45:00,2026-06-08 00:49:38,29.25,Zone 4,62.0,Zone 5,29.4,Zone 4,54.1,Zone 5,36.6,Zone 4,61.6,Zone 5,56.3,Zone 5,64.4,Zone 5,62.0,Zone 5,66.5,Zone 5
Arunachal Pradesh,Dibang Valley,Anini,18.5,2026-06-08,00:30:00,100.0,2026-06-07,00:30:00,2026-06-08 00:49:38,19.650000000000034,Zone 3,34.3,Zone 4,19.7,Zone 3,29.2,Zone 4,24.8,Zone 3,34.0,Zone 4,29.5,Zone 4,42.6,Zone 5,34.3,Zone 4,56.0,Zone 5
Arunachal Pradesh,East Kameng,Seppa Pampoli,28.6,2026-06-08,00:45:00,92.0,2026-06-07,00:45:00,2026-06-08 00:49:38,35.650000000000034,Zone 4,65.8,Zone 5,35.4,Zone 4,62.3,Zone 5,57.1,Zone 5,65.4,Zone 5,62.8,Zone 5,67.6,Zone 5,65.8,Zone 5,69.3,Zone 5
Arunachal Pradesh,East Siang,Pashighat,27.2,2026-06-08,00:45:00,94.0,2026-06-07,00:45:00,2026-06-08 00:49:38,32.150000000000034,Zone 4,63.7,Zone 5,31.7,Zone 4,59.7,Zone 5,44.5,Zone 5,63.3,Zone 5,60.3,Zone 5,65.8,Zone 5,63.7,Zone 5,67.7,Zone 5
Arunachal Pradesh,Kamle,Raga,21.0,2026-06-08,00:45:00,100.0,2026-06-07,00:45:00,2026-06-08 00:49:38,22.650000000000034,Zone 3,42.5,Zone 5,22.6,Zone 3,32.8,Zone 4,27.7,Zone 4,41.2,Zone 5,33.3,Zone 4,56.3,Zone 5,42.5,Zone 5,61.2,Zone 5
Arunachal Pradesh,Kurung Kumey,Koloraing,21.2,2026-06-08,00:30:00,100.0,2026-06-07,00:30:00,2026-06-08 00:49:38,22.850000000000023,Zone 3,42.5,Zone 5,22.6,Zone 3,32.8,Zone 4,27.7,Zone 4,41.2,Zone 5,33.3,Zone 4,56.3,Zone 5,42.5,Zone 5,61.2,Zone 5
Arunachal Pradesh,Kurung Kumey,Nyapin,23.0,2026-06-08,00:30:00,100.0,2026-06-07,00:45:00,2026-06-08 00:49:38,24.75,Zone 3,55.8,Zone 5,24.8,Zone 3,36.7,Zone 5,31.0,Zone 4,54.3,Zone 5,38.5,Zone 5,61.1,Zone 5,55.8,Zone 5,63.6,Zone 5
Arunachal Pradesh,Kurung Kumey,Nyapin,21.4,2026-06-08,00:45:00,100.0,2026-06-07,00:45:00,2026-06-08 00:49:38,23.05000000000001,Zone 3,45.7,Zone 5,23.2,Zone 3,33.6,Zone 4,28.5,Zone 4,44.3,Zone 5,34.1,Zone 4,58.9,Zone 5,45.7,Zone 5,61.8,Zone 5
Arunachal Pradesh,Leparada,Basar,22.2,2026-06-08,00:45:00,100.0,2026-06-07,00:45:00,2026-06-08 00:49:38,23.950000000000045,Zone 3,49.1,Zone 5,23.7,Zone 3,34.5,Zone 4,29.3,Zone 4,47.5,Zone 5,35.0,Zone 4,59.7,Zone 5,49.1,Zone 5,62.4,Zone 5
Arunachal Pradesh,Lohit,Wakro,25.4,2026-06-08,00:45:00,,,,2026-06-08 00:49:38,,,,,,,,,,,,,,,,,,,,
Arunachal Pradesh,Longding,Longding,25.8,2026-06-08,00:30:00,,,,2026-06-08 00:49:38,,,,,,,,,,,,,,,,,,,,
Arunachal Pradesh,Longding,Longding New,23.5,2026-06-08,00:30:00,100.0,2026-06-07,00:30:00,2026-06-08 00:49:38,25.25,Zone 3,58.9,Zone 5,25.3,Zone 3,39.9,Zone 5,31.9,Zone 4,57.4,Zone 5,42.0,Zone 5,61.8,Zone 5,58.9,Zone 5,64.2,Zone 5
Arunachal Pradesh,Lower Subansiri,Deed,,,,100.0,2026-06-07,00:30:00,2026-06-08 00:49:38,,,,,,,,,,,,,,,,,,,,
Arunachal Pradesh,Lower Subansiri,Ziro Manipolyang,,,,100.0,2026-06-07,00:45:00,2026-06-08 00:49:38,,,,,,,,,,,,,,,,,,,,
Arunachal Pradesh,Namsai,Lekang,25.4,2026-06-08,00:45:00,94.0,2026-06-07,00:45:00,2026-06-08 00:49:38,28.25,Zone 4,61.1,Zone 5,28.4,Zone 4,50.0,Zone 5,35.4,Zone 4,60.7,Zone 5,52.4,Zone 5,63.6,Zone 5,61.1,Zone 5,65.8,Zone 5
Arunachal Pradesh,Namsai,Namsai Kvk,25.9,2026-06-08,00:45:00,100.0,2026-06-07,00:45:00,2026-06-08 00:49:38,29.850000000000023,Zone 4,63.2,Zone 5,30.1,Zone 4,59.2,Zone 5,42.0,Zone 5,62.8,Zone 5,59.8,Zone 5,65.4,Zone 5,63.2,Zone 5,67.4,Zone 5
Arunachal Pradesh,Papumpare,Itanagar,24.8,2026-06-08,00:45:00,100.0,2026-06-07,00:45:00,2026-06-08 00:49:38,27.55000000000001,Zone 4,61.5,Zone 5,28.0,Zone 4,51.8,Zone 5,35.2,Zone 4,61.1,Zone 5,54.1,Zone 5,64.0,Zone 5,61.5,Zone 5,66.1,Zone 5
Arunachal Pradesh,Tirap,Deomali,26.3,2026-06-08,00:30:00,100.0,2026-06-07,00:30:00,2026-06-08 00:49:38,30.850000000000023,Zone 4,64.1,Zone 5,31.3,Zone 4,60.2,Zone 5,47.0,Zone 5,63.7,Zone 5,60.8,Zone 5,66.2,Zone 5,64.1,Zone 5,68.0,Zone 5
Arunachal Pradesh,Tirap,Longding,23.2,2026-06-08,00:30:00,,,,2026-06-08 00:49:38,,,,,,,,,,,,,,,,,,,,
Arunachal Pradesh,Upper Siang,Yingkiong,25.0,2026-06-08,00:30:00,8.0,2026-06-07,00:30:00,2026-06-08 00:49:38,22.55000000000001,Zone 3,34.2,Zone 4,22.5,Zone 3,30.9,Zone 4,27.4,Zone 4,34.2,Zone 4,30.9,Zone 4,37.3,Zone 4,34.2,Zone 4,40.3,Zone 4
Arunachal Pradesh,Upper Subhanseri,Daporijo,25.9,2026-06-08,00:45:00,94.0,2026-06-07,00:45:00,2026-06-08 00:49:38,29.25,Zone 4,62.0,Zone 5,29.4,Zone 4,54.1,Zone 5,36.6,Zone 4,61.6,Zone 5,56.3,Zone 5,64.4,Zone 5,62.0,Zone 5,66.5,Zone 5
Arunachal Pradesh,West Kameng,Bomdila,22.5,2026-06-08,00:30:00,84.0,2026-06-07,00:30:00,2026-06-08 00:49:38,23.650000000000034,Zone 3,40.6,Zone 5,23.6,Zone 3,33.8,Zone 4,28.9,Zone 4,39.4,Zone 5,34.2,Zone 4,54.6,Zone 5,40.6,Zone 5,60.8,Zone 5
Arunachal Pradesh,West Kameng,Dirang,23.0,2026-06-08,00:30:00,100.0,2026-06-07,00:45:00,2026-06-08 00:49:38,24.75,Zone 3,55.8,Zone 5,24.8,Zone 3,36.7,Zone 5,31.0,Zone 4,54.3,Zone 5,38.5,Zone 5,61.1,Zone 5,55.8,Zone 5,63.6,Zone 5
Arunachal Pradesh,West Kameng,Dirang,19.6,2026-06-08,00:45:00,100.0,2026-06-07,00:45:00,2026-06-08 00:49:38,21.05000000000001,Zone 3,35.9,Zone 4,20.9,Zone 3,30.6,Zone 4,25.7,Zone 4,35.5,Zone 4,30.9,Zone 4,48.0,Zone 5,35.9,Zone 4,59.4,Zone 5
Arunachal Pradesh,West Kameng,Kalaktang,20.0,2026-06-08,00:30:00,100.0,2026-06-07,00:30:00,2026-06-08 00:49:38,21.450000000000045,Zone 3,36.9,Zone 5,21.5,Zone 3,31.3,Zone 4,26.3,Zone 4,36.3,Zone 4,31.7,Zone 4,50.8,Zone 5,36.9,Zone 5,60.0,Zone 5
Arunachal Pradesh,West Siang,Along,24.6,2026-06-08,00:30:00,100.0,2026-06-07,00:30:00,2026-06-08 00:49:38,27.25,Zone 4,60.7,Zone 5,27.0,Zone 4,47.6,Zone 5,34.0,Zone 4,60.2,Zone 5,50.0,Zone 5,63.2,Zone 5,60.7,Zone 5,65.5,Zone 5
Arunachal Pradesh,West Siang,Yomcha,22.0,2026-06-08,00:45:00,100.0,2026-06-07,00:45:00,2026-06-08 00:49:38,23.75,Zone 3,49.1,Zone 5,23.7,Zone 3,34.5,Zone 4,29.3,Zone 4,47.5,Zone 5,35.0,Zone 4,59.7,Zone 5,49.1,Zone 5,62.4,Zone 5
Assam,Barpeta,Bajali University,26.7,2026-06-08,00:45:00,100.0,2026-06-07,00:45:00,2026-06-08 00:49:38,31.850000000000023,Zone 4,64.1,Zone 5,31.3,Zone 4,60.2,Zone 5,47.0,Zone 5,63.7,Zone 5,60.8,Zone 5,66.2,Zone 5,64.1,Zone 5,68.0,Zone 5
Assam,Barpeta,Barpeta Kvk,26.4,2026-06-08,00:45:00,100.0,2026-06-07,00:45:00,2026-06-08 00:49:38,31.05000000000001,Zone 4,64.1,Zone 5,31.3,Zone 4,60.2,Zone 5,47.0,Zone 5,63.7,Zone 5,60.8,Zone 5,66.2,Zone 5,64.1,Zone 5,68.0,Zone 5
Assam,Charaideo,Sonari Aegcl,21.1,2026-06-08,00:45:00,100.0,2026-06-07,00:45:00,2026-06-08 00:49:38,22.75,Zone 3,42.5,Zone 5,22.6,Zone 3,32.8,Zone 4,27.7,Zone 4,41.2,Zone 5,33.3,Zone 4,56.3,Zone 5,42.5,Zone 5,61.2,Zone 5
Assam,Darrang,Garukhuti,27.2,2026-06-08,00:45:00,,,,2026-06-08 00:49:38,,,,,,,,,,,,,,,,,,,,
Assam,Darrang,Mangaldai,25.4,2026-06-08,00:30:00,81.0,2026-06-07,00:30:00,2026-06-08 00:49:38,27.150000000000034,Zone 4,56.8,Zone 5,27.4,Zone 4,38.6,Zone 4,33.5,Zone 4,55.3,Zone 5,39.5,Zone 5,61.3,Zone 5,56.8,Zone 5,63.8,Zone 5
Assam,Dhemaji,Silapathar Science College,25.9,2026-06-08,00:45:00,100.0,2026-06-07,00:45:00,2026-06-08 00:49:38,29.850000000000023,Zone 4,63.2,Zone 5,30.1,Zone 4,59.2,Zone 5,42.0,Zone 5,62.8,Zone 5,59.8,Zone 5,65.4,Zone 5,63.2,Zone 5,67.4,Zone 5
Assam,Dhubri,Bn College,27.7,2026-06-08,00:45:00,98.0,2026-06-07,00:45:00,2026-06-08 00:49:38,34.35000000000002,Zone 4,65.4,Zone 5,33.7,Zone 4,61.8,Zone 5,54.9,Zone 5,65.0,Zone 5,62.4,Zone 5,67.3,Zone 5,65.4,Zone 5,69.0,Zone 5
Assam,Dhubri,Gauripur Aegcl,26.6,2026-06-08,00:45:00,87.0,2026-06-07,00:45:00,2026-06-08 00:49:38,29.850000000000023,Zone 4,61.3,Zone 5,29.7,Zone 4,50.9,Zone 5,36.5,Zone 4,60.9,Zone 5,53.2,Zone 5,63.8,Zone 5,61.3,Zone 5,66.0,Zone 5
Assam,Dibrugarh,Bcpl Dibrugarh,,,,99.0,2026-06-07,00:30:00,2026-06-08 00:49:38,,,,,,,,,,,,,,,,,,,,
Assam,Dibrugarh,Dc Ofc Dibrugarh,26.7,2026-06-08,00:00:00,,,,2026-06-08 00:49:38,,,,,,,,,,,,,,,,,,,,
Assam,Dibrugarh,Dibrugarh,29.2,2026-06-08,00:30:00,,,,2026-06-08 00:49:38,,,,,,,,,,,,,,,,,,,,
Assam,Dibrugarh,Lahowal,,,,14.0,2026-06-07,00:45:00,2026-06-08 00:49:38,,,,,,,,,,,,,,,,,,,,
Assam,Dima Hasao,Haflong,23.9,2026-06-08,00:30:00,83.0,2026-06-07,00:30:00,2026-06-08 00:49:38,25.150000000000034,Zone 3,49.0,Zone 5,25.2,Zone 3,36.1,Zone 4,31.1,Zone 4,47.5,Zone 5,36.6,Zone 4,59.7,Zone 5,49.0,Zone 5,62.4,Zone 5
Assam,Dima Hasao,Haflong Aegcl,25.0,2026-06-08,00:15:00,,,,2026-06-08 00:49:38,,,,,,,,,,,,,,,,,,,,
Assam,Dima Hasao,Lkhep,27.2,2026-06-08,00:30:00,89.0,2026-06-07,00:30:00,2026-06-08 00:49:38,31.350000000000023,Zone 4,62.6,Zone 5,31.0,Zone 4,56.8,Zone 5,38.6,Zone 5,62.2,Zone 5,58.9,Zone 5,64.9,Zone 5,62.6,Zone 5,66.9,Zone 5
Assam,Golaghat,Cnb Collage Bokakhat,27.2,2026-06-08,00:45:00,100.0,2026-06-07,00:45:00,2026-06-08 00:49:38,33.25,Zone 4,65.0,Zone 5,32.7,Zone 4,61.3,Zone 5,52.3,Zone 5,64.6,Zone 5,61.8,Zone 5,66.9,Zone 5,65.0,Zone 5,68.7,Zone 5
Assam,Hailakandi,Algapur Circle,26.3,2026-06-08,00:30:00,100.0,2026-06-07,00:30:00,2026-06-08 00:49:38,30.850000000000023,Zone 4,64.1,Zone 5,31.3,Zone 4,60.2,Zone 5,47.0,Zone 5,63.7,Zone 5,60.8,Zone 5,66.2,Zone 5,64.1,Zone 5,68.0,Zone 5
Assam,Hailakandi,Panchgram Aegcl,25.4,2026-06-08,00:45:00,100.0,2026-06-07,00:45:00,2026-06-08 00:49:38,28.75,Zone 4,62.4,Zone 5,29.0,Zone 4,55.9,Zone 5,37.6,Zone 5,62.0,Zone 5,58.0,Zone 5,64.7,Zone 5,62.4,Zone 5,66.7,Zone 5
Assam,Hajoi,Lumding,27.2,2026-06-08,00:30:00,84.0,2026-06-07,00:30:00,2026-06-08 00:49:38,30.75,Zone 4,61.5,Zone 5,30.3,Zone 4,51.6,Zone 5,37.1,Zone 4,61.1,Zone 5,53.9,Zone 5,63.9,Zone 5,61.5,Zone 5,66.1,Zone 5
Assam,Kamrup,Amingaon,29.0,2026-06-08,00:45:00,,,,2026-06-08 00:49:38,,,,,,,,,,,,,,,,,,,,
Assam,Kamrup,Boko Aegcl,27.8,2026-06-08,00:45:00,95.0,2026-06-07,00:45:00,2026-06-08 00:49:38,33.950000000000045,Zone 4,65.6,Zone 5,34.5,Zone 4,62.0,Zone 5,56.1,Zone 5,65.2,Zone 5,62.6,Zone 5,67.5,Zone 5,65.6,Zone 5,69.1,Zone 5
Assam,Kamrup,Chandubi,29.5,2026-06-08,00:45:00,,,,2026-06-08 00:49:38,,,,,,,,,,,,,,,,,,,,
Assam,Kamrup,Kukurmara Mirza Aegcl,28.2,2026-06-08,00:45:00,100.0,2026-06-07,00:45:00,2026-06-08 00:49:38,39.35000000000002,Zone 5,66.7,Zone 5,37.1,Zone 5,63.4,Zone 5,59.8,Zone 5,66.3,Zone 5,63.9,Zone 5,68.4,Zone 5,66.7,Zone 5,70.0,Zone 5
Assam,Kamrup Metropolitan,Aau Hrs,29.0,2026-06-08,00:30:00,89.0,2026-06-07,00:30:00,2026-06-08 00:49:38,36.150000000000034,Zone 4,65.9,Zone 5,36.2,Zone 4,62.5,Zone 5,57.9,Zone 5,65.5,Zone 5,63.0,Zone 5,67.8,Zone 5,65.9,Zone 5,69.4,Zone 5
Assam,Kamrup Metropolitan,Down Town University,27.4,2026-06-08,00:30:00,100.0,2026-06-07,00:30:00,2026-06-08 00:49:38,33.85000000000002,Zone 4,65.8,Zone 5,34.1,Zone 4,62.3,Zone 5,57.3,Zone 5,65.4,Zone 5,62.9,Zone 5,67.7,Zone 5,65.8,Zone 5,69.3,Zone 5
Assam,Kamrup Metropolitan,Gauhati University,28.1,2026-06-08,00:30:00,,,,2026-06-08 00:49:38,,,,,,,,,,,,,,,,,,,,
Assam,Kamrup Metropolitan,Guwahati,28.6,2026-06-08,00:30:00,83.0,2026-06-07,00:30:00,2026-06-08 00:49:38,33.75,Zone 4,63.7,Zone 5,33.5,Zone 4,59.7,Zone 5,44.7,Zone 5,63.3,Zone 5,60.3,Zone 5,65.8,Zone 5,63.7,Zone 5,67.7,Zone 5
Assam,Kamrup Metropolitan,Kalakshetra,29.9,2026-06-08,00:30:00,,,,2026-06-08 00:49:38,,,,,,,,,,,,,,,,,,,,
Assam,Kamrup Metropolitan,Kamakhya,29.1,2026-06-08,00:45:00,89.0,2026-06-07,00:45:00,2026-06-08 00:49:38,36.450000000000045,Zone 4,65.9,Zone 5,36.2,Zone 4,62.5,Zone 5,57.9,Zone 5,65.5,Zone 5,63.0,Zone 5,67.8,Zone 5,65.9,Zone 5,69.4,Zone 5
Assam,Kamrup Metropolitan,Vcbc Rani,27.8,2026-06-08,00:30:00,100.0,2026-06-07,00:30:00,2026-06-08 00:49:38,35.05000000000001,Zone 5,66.7,Zone 5,37.1,Zone 5,63.4,Zone 5,59.8,Zone 5,66.3,Zone 5,63.9,Zone 5,68.4,Zone 5,66.7,Zone 5,70.0,Zone 5
Assam,Karbi Anglong(East),Bakulia,27.1,2026-06-08,00:30:00,87.0,2026-06-07,00:30:00,2026-06-08 00:49:38,30.950000000000045,Zone 4,62.1,Zone 5,30.7,Zone 4,54.8,Zone 5,37.7,Zone 4,61.7,Zone 5,57.0,Zone 5,64.5,Zone 5,62.1,Zone 5,66.6,Zone 5
Assam,Karbi Anglong(East),Diphu,26.6,2026-06-08,00:30:00,100.0,2026-06-07,00:30:00,2026-06-08 00:49:38,31.55000000000001,Zone 4,64.1,Zone 5,31.3,Zone 4,60.2,Zone 5,47.0,Zone 5,63.7,Zone 5,60.8,Zone 5,66.2,Zone 5,64.1,Zone 5,68.0,Zone 5
Assam,Karbi Anglong(West),Kheronighat,26.4,2026-06-08,00:30:00,87.0,2026-06-07,00:30:00,2026-06-08 00:49:38,29.450000000000045,Zone 4,61.3,Zone 5,29.7,Zone 4,50.9,Zone 5,36.5,Zone 4,60.9,Zone 5,53.2,Zone 5,63.8,Zone 5,61.3,Zone 5,66.0,Zone 5
Assam,Karbi Anglong(West),Umlapher,21.5,2026-06-08,00:45:00,100.0,2026-06-07,00:45:00,2026-06-08 00:49:38,23.150000000000034,Zone 3,45.7,Zone 5,23.2,Zone 3,33.6,Zone 4,28.5,Zone 4,44.3,Zone 5,34.1,Zone 4,58.9,Zone 5,45.7,Zone 5,61.8,Zone 5
Assam,Karbi Anglong(West),Umpanai Apdcl,23.0,2026-06-08,00:45:00,100.0,2026-06-07,00:45:00,2026-06-08 00:49:38,24.75,Zone 3,55.8,Zone 5,24.8,Zone 3,36.7,Zone 5,31.0,Zone 4,54.3,Zone 5,38.5,Zone 5,61.1,Zone 5,55.8,Zone 5,63.6,Zone 5
Assam,Karimganj,Harinagar,,,,14.0,2026-06-07,00:30:00,2026-06-08 00:49:38,,,,,,,,,,,,,,,,,,,,
Assam,Karimganj,Karimganj Amfu,26.2,2026-06-08,00:30:00,100.0,2026-06-07,00:30:00,2026-06-08 00:49:38,30.55000000000001,Zone 4,63.2,Zone 5,30.1,Zone 4,59.2,Zone 5,42.0,Zone 5,62.8,Zone 5,59.8,Zone 5,65.4,Zone 5,63.2,Zone 5,67.4,Zone 5
Assam,Kokrajhar,Salakati Aegcl,25.5,2026-06-08,00:45:00,100.0,2026-06-07,00:45:00,2026-06-08 00:49:38,29.05000000000001,Zone 4,62.4,Zone 5,29.0,Zone 4,55.9,Zone 5,37.6,Zone 5,62.0,Zone 5,58.0,Zone 5,64.7,Zone 5,62.4,Zone 5,66.7,Zone 5
Assam,Majuli,Majuli,25.4,2026-06-08,00:30:00,100.0,2026-06-07,00:30:00,2026-06-08 00:49:38,28.75,Zone 4,62.4,Zone 5,29.0,Zone 4,55.9,Zone 5,37.6,Zone 5,62.0,Zone 5,58.0,Zone 5,64.7,Zone 5,62.4,Zone 5,66.7,Zone 5
Assam,Marigaon,Dharamtul,27.6,2026-06-08,00:00:00,,,,2026-06-08 00:49:38,,,,,,,,,,,,,,,,,,,,
Assam,Marigaon,Laharighat,27.7,2026-06-08,00:00:00,,,,2026-06-08 00:49:38,,,,,,,,,,,,,,,,,,,,
Assam,Marigaon,Marigaon,27.8,2026-06-08,00:30:00,100.0,2026-06-07,00:30:00,2026-06-08 00:49:38,35.05000000000001,Zone 5,66.7,Zone 5,37.1,Zone 5,63.4,Zone 5,59.8,Zone 5,66.3,Zone 5,63.9,Zone 5,68.4,Zone 5,66.7,Zone 5,70.0,Zone 5
Assam,Nagaon,Kampur,24.5,2026-06-08,00:00:00,,,,2026-06-08 00:49:38,,,,,,,,,,,,,,,,,,,,
Assam,Nagaon,Samaguri Aegcl,26.5,2026-06-08,00:45:00,100.0,2026-06-07,00:45:00,2026-06-08 00:49:38,31.350000000000023,Zone 4,64.1,Zone 5,31.3,Zone 4,60.2,Zone 5,47.0,Zone 5,63.7,Zone 5,60.8,Zone 5,66.2,Zone 5,64.1,Zone 5,68.0,Zone 5
Assam,Nalbari,Chamata,30.0,2026-06-08,00:30:00,,,,2026-06-08 00:49:38,,,,,,,,,,,,,,,,,,,,
Assam,Nalbari,Nalbari,35.1,2026-06-08,00:30:00,97.0,2026-06-07,00:30:00,2026-06-08 00:49:38,77.75,Zone 6,86.1,Zone 6,77.3,Zone 6,82.5,Zone 6,80.3,Zone 6,85.4,Zone 6,83.2,Zone 6,88.3,Zone 6,86.1,Zone 6,91.1,Zone 6
Assam,Nalbari,Nalbari Kvk,27.2,2026-06-08,00:45:00,91.0,2026-06-07,00:45:00,2026-06-08 00:49:38,31.650000000000034,Zone 4,63.0,Zone 5,31.2,Zone 4,58.7,Zone 5,40.9,Zone 5,62.6,Zone 5,59.5,Zone 5,65.2,Zone 5,63.0,Zone 5,67.2,Zone 5
Assam,Nalbari,Tihu,27.1,2026-06-08,00:30:00,84.0,2026-06-07,00:30:00,2026-06-08 00:49:38,30.55000000000001,Zone 4,61.5,Zone 5,30.3,Zone 4,51.6,Zone 5,37.1,Zone 4,61.1,Zone 5,53.9,Zone 5,63.9,Zone 5,61.5,Zone 5,66.1,Zone 5
Assam,Sivasagar,Sivsagar Aegcl,26.6,2026-06-08,00:45:00,100.0,2026-06-07,00:45:00,2026-06-08 00:49:38,31.55000000000001,Zone 4,64.1,Zone 5,31.3,Zone 4,60.2,Zone 5,47.0,Zone 5,63.7,Zone 5,60.8,Zone 5,66.2,Zone 5,64.1,Zone 5,68.0,Zone 5
Assam,Sonitpur,Ghoramara Aegcl,25.6,2026-06-08,00:45:00,97.0,2026-06-07,00:45:00,2026-06-08 00:49:38,28.950000000000045,Zone 4,61.8,Zone 5,28.7,Zone 4,53.0,Zone 5,35.9,Zone 4,61.3,Zone 5,55.3,Zone 5,64.2,Zone 5,61.8,Zone 5,66.3,Zone 5
Assam,Tinsukia,Margherita,26.6,2026-06-08,00:45:00,100.0,2026-06-07,00:45:00,2026-06-08 00:49:38,31.55000000000001,Zone 4,64.1,Zone 5,31.3,Zone 4,60.2,Zone 5,47.0,Zone 5,63.7,Zone 5,60.8,Zone 5,66.2,Zone 5,64.1,Zone 5,68.0,Zone 5
Assam,Tinsukia,Ntps Apdcl,26.4,2026-06-08,00:45:00,100.0,2026-06-07,00:45:00,2026-06-08 00:49:38,31.05000000000001,Zone 4,64.1,Zone 5,31.3,Zone 4,60.2,Zone 5,47.0,Zone 5,63.7,Zone 5,60.8,Zone 5,66.2,Zone 5,64.1,Zone 5,68.0,Zone 5
Assam,Udalguri,Rowta Aegcl,25.6,2026-06-08,00:45:00,100.0,2026-06-07,00:45:00,2026-06-08 00:49:38,29.25,Zone 4,62.4,Zone 5,29.0,Zone 4,55.9,Zone 5,37.6,Zone 5,62.0,Zone 5,58.0,Zone 5,64.7,Zone 5,62.4,Zone 5,66.7,Zone 5
Assam,Udalguri,Udalguri,22.6,2026-06-08,00:30:00,80.0,2026-06-07,00:30:00,2026-06-08 00:49:38,23.55000000000001,Zone 3,38.6,Zone 4,23.5,Zone 3,33.4,Zone 4,28.7,Zone 4,38.3,Zone 4,33.8,Zone 4,52.0,Zone 5,38.6,Zone 4,60.2,Zone 5
Assam,Udalguri,Udi Kvk,25.4,2026-06-08,00:45:00,,,,2026-06-08 00:49:38,,,,,,,,,,,,,,,,,,,,
Bihar,Arwal,Arwal Aws400,27.6,2026-06-08,00:45:00,95.0,2026-06-07,00:45:00,2026-06-08 00:49:38,33.35000000000002,Zone 4,64.7,Zone 5,33.1,Zone 4,61.0,Zone 5,51.0,Zone 5,64.3,Zone 5,61.6,Zone 5,66.7,Zone 5,64.7,Zone 5,68.5,Zone 5
Bihar,Aurangabad,Aurangabad Kvk,29.2,2026-06-08,00:30:00,67.0,2026-06-07,00:30:00,2026-06-08 00:49:38,32.35000000000002,Zone 4,60.5,Zone 5,31.9,Zone 4,47.2,Zone 5,38.1,Zone 4,60.1,Zone 5,49.5,Zone 5,63.1,Zone 5,60.5,Zone 5,65.4,Zone 5
Bihar,Buxar,Buxar,30.0,2026-06-08,00:30:00,72.0,2026-06-07,00:30:00,2026-06-08 00:49:38,34.85000000000002,Zone 4,63.4,Zone 5,34.9,Zone 4,59.4,Zone 5,42.9,Zone 5,63.0,Zone 5,60.0,Zone 5,65.6,Zone 5,63.4,Zone 5,67.5,Zone 5
Bihar,Buxar,Dumaraon,27.8,2026-06-08,00:45:00,83.0,2026-06-07,00:45:00,2026-06-08 00:49:38,31.850000000000023,Zone 4,62.9,Zone 5,32.3,Zone 4,58.1,Zone 5,40.1,Zone 5,62.5,Zone 5,59.3,Zone 5,65.1,Zone 5,62.9,Zone 5,67.1,Zone 5
Bihar,Darbhanga,Darbhanga Aws400,29.2,2026-06-08,00:45:00,83.0,2026-06-07,00:45:00,2026-06-08 00:49:38,35.25,Zone 4,64.5,Zone 5,34.7,Zone 4,60.7,Zone 5,49.6,Zone 5,64.1,Zone 5,61.3,Zone 5,66.5,Zone 5,64.5,Zone 5,68.3,Zone 5
Bihar,East Champaran,East Champaran Kvk,,,,11.0,2026-06-07,00:45:00,2026-06-08 00:49:38,,,,,,,,,,,,,,,,,,,,
Bihar,Gaya,Bodhgaya,28.7,2026-06-08,00:45:00,72.0,2026-06-07,00:45:00,2026-06-08 00:49:38,32.05000000000001,Zone 4,61.0,Zone 5,31.7,Zone 4,49.5,Zone 5,38.0,Zone 4,60.6,Zone 5,51.8,Zone 5,63.6,Zone 5,61.0,Zone 5,65.8,Zone 5
Bihar,Jehanabad,Jehanabad,29.1,2026-06-08,00:30:00,86.0,2026-06-07,00:30:00,2026-06-08 00:49:38,35.75,Zone 4,65.2,Zone 5,35.4,Zone 4,61.6,Zone 5,53.9,Zone 5,64.8,Zone 5,62.2,Zone 5,67.1,Zone 5,65.2,Zone 5,68.9,Zone 5
Bihar,Kaimur,Bhabua,31.8,2026-06-08,00:30:00,62.0,2026-06-07,00:30:00,2026-06-08 00:49:38,36.75,Zone 4,63.8,Zone 5,37.2,Zone 4,59.8,Zone 5,45.1,Zone 5,63.4,Zone 5,60.4,Zone 5,65.9,Zone 5,63.8,Zone 5,67.8,Zone 5
Bihar,Kishanganj,Arrabari,25.0,2026-06-08,00:45:00,100.0,2026-06-07,00:45:00,2026-06-08 00:49:38,27.950000000000045,Zone 4,61.5,Zone 5,28.0,Zone 4,51.8,Zone 5,35.2,Zone 4,61.1,Zone 5,54.1,Zone 5,64.0,Zone 5,61.5,Zone 5,66.1,Zone 5
Bihar,Madhepura,Madhepura,27.3,2026-06-08,00:45:00,100.0,2026-06-07,00:45:00,2026-06-08 00:49:38,33.55000000000001,Zone 4,65.8,Zone 5,34.1,Zone 4,62.3,Zone 5,57.3,Zone 5,65.4,Zone 5,62.9,Zone 5,67.7,Zone 5,65.8,Zone 5,69.3,Zone 5
Bihar,Madhubani,Chanpur Basaitha,29.5,2026-06-08,00:00:00,,,,2026-06-08 00:49:38,,,,,,,,,,,,,,,,,,,,
Bihar,Madhubani,Sukhet,27.2,2026-06-08,00:45:00,16.0,2026-06-07,00:45:00,2026-06-08 00:49:38,25.75,Zone 4,36.5,Zone 4,25.5,Zone 4,33.1,Zone 4,29.5,Zone 4,36.5,Zone 4,33.1,Zone 4,39.8,Zone 4,36.5,Zone 4,42.9,Zone 4
Bihar,Munger,Kvk Munger,27.7,2026-06-08,00:45:00,97.0,2026-06-07,00:45:00,2026-06-08 00:49:38,34.05000000000001,Zone 4,65.2,Zone 5,33.5,Zone 4,61.5,Zone 5,53.6,Zone 5,64.8,Zone 5,62.1,Zone 5,67.1,Zone 5,65.2,Zone 5,68.8,Zone 5
Bihar,Muzaffarpur,Saraiya Kvk,28.2,2026-06-08,00:45:00,96.0,2026-06-07,00:45:00,2026-06-08 00:49:38,35.450000000000045,Zone 4,65.8,Zone 5,34.8,Zone 4,62.3,Zone 5,57.3,Zone 5,65.4,Zone 5,62.9,Zone 5,67.6,Zone 5,65.8,Zone 5,69.3,Zone 5
Bihar,Nalanda,Harnaut,29.9,2026-06-08,00:30:00,87.0,2026-06-07,00:30:00,2026-06-08 00:49:38,38.950000000000045,Zone 5,67.2,Zone 5,40.1,Zone 5,63.9,Zone 5,60.5,Zone 5,66.8,Zone 5,64.5,Zone 5,68.8,Zone 5,67.2,Zone 5,70.3,Zone 5
Bihar,Nalanda,Rajgir,28.8,2026-06-08,00:45:00,88.0,2026-06-07,00:45:00,2026-06-08 00:49:38,35.35000000000002,Zone 4,65.7,Zone 5,35.9,Zone 4,62.2,Zone 5,56.7,Zone 5,65.3,Zone 5,62.7,Zone 5,67.5,Zone 5,65.7,Zone 5,69.2,Zone 5
Bihar,Patna,Baldwin Academy,31.3,2026-06-08,00:30:00,81.0,2026-06-07,00:30:00,2026-06-08 00:49:38,45.05000000000001,Zone 5,68.2,Zone 5,47.7,Zone 5,65.2,Zone 5,62.0,Zone 5,67.8,Zone 5,65.7,Zone 5,69.7,Zone 5,68.2,Zone 5,71.0,Zone 5
Bihar,Patna,Danapur Dps,30.3,2026-06-08,00:30:00,79.0,2026-06-07,00:30:00,2026-06-08 00:49:38,37.35000000000002,Zone 4,66.0,Zone 5,38.0,Zone 4,62.5,Zone 5,58.3,Zone 5,65.6,Zone 5,63.1,Zone 5,67.8,Zone 5,66.0,Zone 5,69.4,Zone 5
Bihar,Patna,Iit Patna,28.1,2026-06-08,00:30:00,100.0,2026-06-07,00:30:00,2026-06-08 00:49:38,38.25,Zone 5,66.7,Zone 5,37.1,Zone 5,63.4,Zone 5,59.8,Zone 5,66.3,Zone 5,63.9,Zone 5,68.4,Zone 5,66.7,Zone 5,70.0,Zone 5
Bihar,Patna,Kvk Barh,29.7,2026-06-08,00:45:00,84.0,2026-06-07,00:45:00,2026-06-08 00:49:38,36.950000000000045,Zone 4,65.6,Zone 5,36.4,Zone 4,62.0,Zone 5,56.0,Zone 5,65.2,Zone 5,62.6,Zone 5,67.4,Zone 5,65.6,Zone 5,69.1,Zone 5
Bihar,Patna,Patna,31.8,2026-06-08,00:30:00,78.0,2026-06-07,00:30:00,2026-06-08 00:49:38,45.35000000000002,Zone 5,68.2,Zone 5,48.0,Zone 5,65.2,Zone 5,62.1,Zone 5,67.9,Zone 5,65.8,Zone 5,69.7,Zone 5,68.2,Zone 5,71.1,Zone 5
Bihar,Purnea,Purnea Imd,37.6,2026-06-08,00:30:00,92.0,2026-06-07,00:30:00,2026-06-08 00:49:38,84.85000000000002,Zone 6,93.1,Zone 6,84.4,Zone 6,89.4,Zone 6,87.3,Zone 6,92.3,Zone 6,90.2,Zone 6,95.2,Zone 6,93.1,Zone 6,98.0,Zone 6
Bihar,Rohtas,Bikramganj,29.9,2026-06-08,00:45:00,86.0,2026-06-07,00:45:00,2026-06-08 00:49:38,38.25,Zone 4,66.9,Zone 5,38.6,Zone 4,63.6,Zone 5,60.2,Zone 5,66.5,Zone 5,64.2,Zone 5,68.6,Zone 5,66.9,Zone 5,70.1,Zone 5
Bihar,Rohtas,Dehri,38.5,2026-06-08,00:30:00,76.0,2026-06-07,00:30:00,2026-06-08 00:49:38,77.55000000000001,Zone 6,86.3,Zone 6,77.6,Zone 6,82.7,Zone 6,80.5,Zone 6,85.6,Zone 6,83.4,Zone 6,88.5,Zone 6,86.3,Zone 6,91.3,Zone 6
Bihar,Saharsa,Agwanpur Aws400,28.0,2026-06-08,00:45:00,100.0,2026-06-07,00:45:00,2026-06-08 00:49:38,37.150000000000034,Zone 5,66.7,Zone 5,37.1,Zone 5,63.4,Zone 5,59.8,Zone 5,66.3,Zone 5,63.9,Zone 5,68.4,Zone 5,66.7,Zone 5,70.0,Zone 5
Bihar,Samastipur,Pusa Aws400,28.6,2026-06-08,00:45:00,100.0,2026-06-07,00:45:00,2026-06-08 00:49:38,44.450000000000045,Zone 5,67.6,Zone 5,43.1,Zone 5,64.5,Zone 5,61.2,Zone 5,67.2,Zone 5,65.0,Zone 5,69.2,Zone 5,67.6,Zone 5,70.6,Zone 5
Bihar,Saran,Manjhi,28.6,2026-06-08,00:45:00,100.0,2026-06-07,00:45:00,2026-06-08 00:49:38,44.450000000000045,Zone 5,67.6,Zone 5,43.1,Zone 5,64.5,Zone 5,61.2,Zone 5,67.2,Zone 5,65.0,Zone 5,69.2,Zone 5,67.6,Zone 5,70.6,Zone 5
Bihar,Sheikpura,Sheikpura Kvk,28.8,2026-06-08,00:45:00,,,,2026-06-08 00:49:38,,,,,,,,,,,,,,,,,,,,
Bihar,Siwan,Ziradei,29.1,2026-06-08,00:45:00,83.0,2026-06-07,00:45:00,2026-06-08 00:49:38,35.05000000000001,Zone 4,64.5,Zone 5,34.7,Zone 4,60.7,Zone 5,49.6,Zone 5,64.1,Zone 5,61.3,Zone 5,66.5,Zone 5,64.5,Zone 5,68.3,Zone 5
Bihar,Supaul,Supaul Aws400,27.0,2026-06-08,00:45:00,96.0,2026-06-07,00:45:00,2026-06-08 00:49:38,31.950000000000045,Zone 4,64.1,Zone 5,32.0,Zone 4,60.2,Zone 5,47.1,Zone 5,63.7,Zone 5,60.8,Zone 5,66.2,Zone 5,64.1,Zone 5,68.0,Zone 5
Bihar,Vaishali,Vaishali,29.0,2026-06-08,00:30:00,99.0,2026-06-07,00:30:00,2026-06-08 00:49:38,48.25,Zone 5,68.2,Zone 5,48.2,Zone 5,65.3,Zone 5,62.1,Zone 5,67.9,Zone 5,65.8,Zone 5,69.7,Zone 5,68.2,Zone 5,71.1,Zone 5
Chandigarh,Chandigarh,Chandigarh,27.9,2026-06-08,00:30:00,,,,2026-06-08 00:49:38,,,,,,,,,,,,,,,,,,,,
Chandigarh,Chandigarh,Dav School,27.3,2026-06-08,00:45:00,54.0,2026-06-07,00:45:00,2026-06-08 00:49:38,27.950000000000045,Zone 4,43.3,Zone 5,28.2,Zone 4,37.8,Zone 4,33.4,Zone 4,42.4,Zone 4,38.2,Zone 4,57.0,Zone 5,43.3,Zone 5,61.3,Zone 5
Chhattisgarh,Balod,Balod Aws400,33.8,2026-06-08,00:45:00,35.0,2026-06-07,00:45:00,2026-06-08 00:49:38,34.55000000000001,Zone 4,54.9,Zone 5,34.9,Zone 4,43.8,Zone 4,39.7,Zone 4,53.5,Zone 5,44.2,Zone 4,60.9,Zone 5,54.9,Zone 5,63.5,Zone 5
Chhattisgarh,Balrampur,Balrampur,26.6,2026-06-08,00:30:00,,,,2026-06-08 00:49:38,,,,,,,,,,,,,,,,,,,,
Chhattisgarh,Balrampur,Balrampur Aws400,25.0,2026-06-08,00:45:00,97.0,2026-06-07,00:45:00,2026-06-08 00:49:38,27.75,Zone 4,60.9,Zone 5,27.7,Zone 4,48.9,Zone 5,34.7,Zone 4,60.5,Zone 5,51.2,Zone 5,63.4,Zone 5,60.9,Zone 5,65.7,Zone 5
Chhattisgarh,Bemetara,Bemetara,34.2,2026-06-08,00:45:00,35.0,2026-06-07,00:45:00,2026-06-08 00:49:38,35.150000000000034,Zone 4,54.9,Zone 5,34.9,Zone 4,43.8,Zone 4,39.7,Zone 4,53.5,Zone 5,44.2,Zone 4,60.9,Zone 5,54.9,Zone 5,63.5,Zone 5
Chhattisgarh,Bemetara,Bemetara Durg,35.9,2026-06-08,00:30:00,38.0,2026-06-07,00:30:00,2026-06-08 00:49:38,38.55000000000001,Zone 4,61.6,Zone 5,38.8,Zone 4,52.3,Zone 5,44.0,Zone 4,61.2,Zone 5,54.5,Zone 5,64.0,Zone 5,61.6,Zone 5,66.2,Zone 5
Chhattisgarh,Bilaspur,Bilaspur,32.0,2026-06-08,00:30:00,39.0,2026-06-07,00:30:00,2026-06-08 00:49:38,32.75,Zone 4,50.2,Zone 5,32.7,Zone 4,41.7,Zone 4,37.6,Zone 4,48.7,Zone 5,42.1,Zone 4,59.9,Zone 5,50.2,Zone 5,62.6,Zone 5
Chhattisgarh,Dhamtari,Dhamtari,,,,7.0,2026-06-07,00:45:00,2026-06-08 00:49:38,,,,,,,,,,,,,,,,,,,,
Chhattisgarh,Dhamtari,Nagri,47.4,2026-06-08,00:30:00,49.0,2026-06-07,00:30:00,2026-06-08 00:49:38,86.75,Zone 6,95.8,Zone 6,87.2,Zone 6,92.1,Zone 6,90.1,Zone 6,95.0,Zone 6,92.9,Zone 6,97.8,Zone 6,95.8,Zone 6,100.6,Zone 6
Chhattisgarh,Gariaband,Gariaband,32.8,2026-06-08,00:30:00,47.0,2026-06-07,00:30:00,2026-06-08 00:49:38,35.35000000000002,Zone 4,60.6,Zone 5,35.7,Zone 4,47.7,Zone 5,41.1,Zone 4,60.3,Zone 5,50.0,Zone 5,63.2,Zone 5,60.6,Zone 5,65.5,Zone 5
Chhattisgarh,Janjgir Champa,Janjgir,,,,62.0,2026-06-07,00:30:00,2026-06-08 00:49:38,,,,,,,,,,,,,,,,,,,,
Chhattisgarh,Janjgir Champa,Nawagarh,31.6,2026-06-08,00:30:00,46.0,2026-06-07,00:30:00,2026-06-08 00:49:38,33.25,Zone 4,56.3,Zone 5,33.1,Zone 4,42.6,Zone 4,38.2,Zone 4,54.9,Zone 5,43.1,Zone 4,61.2,Zone 5,56.3,Zone 5,63.7,Zone 5
Chhattisgarh,Janjgir Champa,Sakti,31.8,2026-06-08,00:30:00,50.0,2026-06-07,00:30:00,2026-06-08 00:49:38,34.25,Zone 4,60.2,Zone 5,34.5,Zone 4,45.5,Zone 5,40.1,Zone 4,59.8,Zone 5,47.7,Zone 5,62.8,Zone 5,60.2,Zone 5,65.1,Zone 5
Chhattisgarh,Jashpur,Bagicha,28.0,2026-06-08,00:30:00,,,,2026-06-08 00:49:38,,,,,,,,,,,,,,,,,,,,
Chhattisgarh,Kabirdham,Pandaria,30.1,2026-06-08,00:30:00,45.0,2026-06-07,00:30:00,2026-06-08 00:49:38,30.950000000000045,Zone 4,47.0,Zone 5,30.8,Zone 4,40.0,Zone 4,35.7,Zone 4,45.6,Zone 5,40.4,Zone 4,59.3,Zone 5,47.0,Zone 5,62.0,Zone 5
Chhattisgarh,Korba,Lakhanpur Kvk,30.9,2026-06-08,00:45:00,,,,2026-06-08 00:49:38,,,,,,,,,,,,,,,,,,,,
Chhattisgarh,Mahasamund,Pithora,31.1,2026-06-08,00:30:00,43.0,2026-06-07,00:30:00,2026-06-08 00:49:38,32.05000000000001,Zone 4,50.0,Zone 5,31.9,Zone 4,41.1,Zone 4,36.9,Zone 4,48.5,Zone 5,41.5,Zone 4,59.9,Zone 5,50.0,Zone 5,62.5,Zone 5
Chhattisgarh,Mungeli,Lormi,33.0,2026-06-08,00:30:00,40.0,2026-06-07,00:30:00,2026-06-08 00:49:38,34.35000000000002,Zone 4,56.6,Zone 5,34.3,Zone 4,43.6,Zone 4,39.3,Zone 4,55.2,Zone 5,44.0,Zone 4,61.3,Zone 5,56.6,Zone 5,63.8,Zone 5
Chhattisgarh,Mungeli,Mungeli,33.9,2026-06-08,00:30:00,32.0,2026-06-07,00:30:00,2026-06-08 00:49:38,34.25,Zone 4,50.6,Zone 5,34.3,Zone 4,42.9,Zone 4,39.0,Zone 4,49.2,Zone 5,43.3,Zone 4,60.0,Zone 5,50.6,Zone 5,62.7,Zone 5
Chhattisgarh,Mungeli,Mungeli Aws400,31.8,2026-06-08,00:45:00,35.0,2026-06-07,00:45:00,2026-06-08 00:49:38,31.950000000000045,Zone 4,45.3,Zone 4,32.2,Zone 4,40.8,Zone 4,36.8,Zone 4,45.0,Zone 4,41.2,Zone 4,58.3,Zone 5,45.3,Zone 4,61.6,Zone 5
Chhattisgarh,Pendra Road,Pendra Road,29.2,2026-06-08,00:45:00,32.0,2026-06-07,00:45:00,2026-06-08 00:49:38,28.55000000000001,Zone 4,40.7,Zone 4,28.4,Zone 4,36.6,Zone 4,32.8,Zone 4,40.5,Zone 4,36.9,Zone 4,44.2,Zone 4,40.7,Zone 4,56.3,Zone 5
Chhattisgarh,Raigarh,Dharamjaigarh,29.3,2026-06-08,00:30:00,75.0,2026-06-07,00:30:00,2026-06-08 00:49:38,33.85000000000002,Zone 4,63.4,Zone 5,34.3,Zone 4,59.4,Zone 5,42.8,Zone 5,63.0,Zone 5,59.9,Zone 5,65.5,Zone 5,63.4,Zone 5,67.5,Zone 5
Chhattisgarh,Raigarh,Raigarh,29.9,2026-06-08,00:30:00,67.0,2026-06-07,00:30:00,2026-06-08 00:49:38,33.650000000000034,Zone 4,62.1,Zone 5,33.9,Zone 4,54.6,Zone 5,40.3,Zone 4,61.7,Zone 5,56.8,Zone 5,64.5,Zone 5,62.1,Zone 5,66.5,Zone 5
Chhattisgarh,Raipur,Naya Raipur,33.9,2026-06-08,00:30:00,34.0,2026-06-07,00:30:00,2026-06-08 00:49:38,34.55000000000001,Zone 4,53.5,Zone 5,34.7,Zone 4,43.5,Zone 4,39.4,Zone 4,52.1,Zone 5,43.9,Zone 4,60.6,Zone 5,53.5,Zone 5,63.2,Zone 5
Chhattisgarh,Raipur,Raipur,34.3,2026-06-08,00:45:00,35.0,2026-06-07,00:45:00,2026-06-08 00:49:38,35.35000000000002,Zone 4,57.3,Zone 5,35.6,Zone 4,44.5,Zone 4,40.4,Zone 4,55.9,Zone 5,45.0,Zone 4,61.4,Zone 5,57.3,Zone 5,63.9,Zone 5
Chhattisgarh,Rajnandgaon,Rajnandgaon,34.2,2026-06-08,00:30:00,31.0,2026-06-07,00:30:00,2026-06-08 00:49:38,34.450000000000045,Zone 4,49.1,Zone 5,34.2,Zone 4,42.7,Zone 4,38.7,Zone 4,47.7,Zone 5,43.0,Zone 4,59.7,Zone 5,49.1,Zone 5,62.4,Zone 5
Chhattisgarh,Sukma,Sukma,31.8,2026-06-08,00:45:00,63.0,2026-06-07,00:45:00,2026-06-08 00:49:38,37.05000000000001,Zone 4,64.0,Zone 5,37.5,Zone 4,60.2,Zone 5,46.8,Zone 5,63.7,Zone 5,60.7,Zone 5,66.1,Zone 5,64.0,Zone 5,68.0,Zone 5
Chhattisgarh,Surajpur,Surajpur Aws400,27.8,2026-06-08,00:45:00,49.0,2026-06-07,00:45:00,2026-06-08 00:49:38,28.25,Zone 4,42.5,Zone 4,28.5,Zone 4,37.8,Zone 4,33.5,Zone 4,42.2,Zone 4,38.1,Zone 4,55.0,Zone 5,42.5,Zone 4,60.9,Zone 5
Dadra And Nagar Haveli,Dadar Nagar,Silvassa,30.2,2026-06-08,00:45:00,76.0,2026-06-07,00:45:00,2026-06-08 00:49:38,36.25,Zone 4,64.4,Zone 5,35.8,Zone 4,60.6,Zone 5,49.0,Zone 5,64.0,Zone 5,61.2,Zone 5,66.4,Zone 5,64.4,Zone 5,68.3,Zone 5
Daman And Diu,Daman,Daman Aws,30.0,2026-06-08,00:30:00,84.0,2026-06-07,00:30:00,2026-06-08 00:49:38,37.950000000000045,Zone 4,66.4,Zone 5,37.9,Zone 4,63.0,Zone 5,59.4,Zone 5,66.0,Zone 5,63.6,Zone 5,68.2,Zone 5,66.4,Zone 5,69.7,Zone 5
Daman And Diu,Diu,Diu,29.5,2026-06-08,00:30:00,84.0,2026-06-07,00:30:00,2026-06-08 00:49:38,36.35000000000002,Zone 4,65.6,Zone 5,36.4,Zone 4,62.0,Zone 5,56.0,Zone 5,65.2,Zone 5,62.6,Zone 5,67.4,Zone 5,65.6,Zone 5,69.1,Zone 5
Delhi,East Delhi,Salwan Public School,29.1,2026-06-08,00:30:00,58.0,2026-06-07,00:30:00,2026-06-08 00:49:38,30.950000000000045,Zone 4,56.0,Zone 5,30.8,Zone 4,41.0,Zone 4,36.3,Zone 4,54.6,Zone 5,41.5,Zone 4,61.1,Zone 5,56.0,Zone 5,63.7,Zone 5
Delhi,New Delhi,Pragati Maidan,30.4,2026-06-08,00:30:00,,,,2026-06-08 00:49:38,,,,,,,,,,,,,,,,,,,,
Delhi,New Delhi,Sports Complex,32.2,2026-06-08,00:30:00,66.0,2026-06-07,00:30:00,2026-06-08 00:49:38,38.85000000000002,Zone 4,64.9,Zone 5,38.3,Zone 4,61.2,Zone 5,52.0,Zone 5,64.5,Zone 5,61.8,Zone 5,66.9,Zone 5,64.9,Zone 5,68.6,Zone 5
Delhi,North West Delhi,Mungeshpur,30.4,2026-06-08,00:45:00,57.0,2026-06-07,00:45:00,2026-06-08 00:49:38,32.950000000000045,Zone 4,60.1,Zone 5,33.1,Zone 4,45.0,Zone 5,38.9,Zone 4,59.7,Zone 5,47.3,Zone 5,62.8,Zone 5,60.1,Zone 5,65.1,Zone 5
Delhi,North West Delhi,Pitampura,32.5,2026-06-08,00:30:00,58.0,2026-06-07,00:30:00,2026-06-08 00:49:38,37.35000000000002,Zone 4,63.3,Zone 5,37.3,Zone 4,59.3,Zone 5,43.5,Zone 4,62.9,Zone 5,59.9,Zone 5,65.5,Zone 5,63.3,Zone 5,67.5,Zone 5
Delhi,South Delhi,Lodi Road,30.8,2026-06-08,00:30:00,76.0,2026-06-07,00:30:00,2026-06-08 00:49:38,37.950000000000045,Zone 4,66.0,Zone 5,38.6,Zone 4,62.6,Zone 5,58.5,Zone 5,65.7,Zone 5,63.1,Zone 5,67.8,Zone 5,66.0,Zone 5,69.5,Zone 5
Delhi,South Delhi,Pharma Science And Research Un,29.4,2026-06-08,00:45:00,56.0,2026-06-07,00:45:00,2026-06-08 00:49:38,31.150000000000034,Zone 4,56.7,Zone 5,31.3,Zone 4,41.5,Zone 4,36.8,Zone 4,55.3,Zone 5,42.0,Zone 4,61.3,Zone 5,56.7,Zone 5,63.8,Zone 5
Delhi,South West Delhi,Ayanagar,27.2,2026-06-08,00:30:00,71.0,2026-06-07,00:30:00,2026-06-08 00:49:38,29.25,Zone 4,57.1,Zone 5,29.0,Zone 4,39.8,Zone 4,34.9,Zone 4,55.6,Zone 5,40.4,Zone 4,61.4,Zone 5,57.1,Zone 5,63.9,Zone 5
Delhi,South West Delhi,Jafarpur,29.4,2026-06-08,00:45:00,,,,2026-06-08 00:49:38,,,,,,,,,,,,,,,,,,,,
Delhi,South West Delhi,Kvk Crpf Campus,29.8,2026-06-08,00:30:00,52.0,2026-06-07,00:30:00,2026-06-08 00:49:38,31.350000000000023,Zone 4,55.2,Zone 5,31.6,Zone 4,41.5,Zone 4,36.9,Zone 4,53.7,Zone 5,41.9,Zone 4,61.0,Zone 5,55.2,Zone 5,63.5,Zone 5
Delhi,South West Delhi,Kv Narayna,28.8,2026-06-08,00:45:00,51.0,2026-06-07,00:45:00,2026-06-08 00:49:38,29.75,Zone 4,48.4,Zone 5,30.0,Zone 4,39.6,Zone 4,35.2,Zone 4,47.0,Zone 5,40.0,Zone 4,59.5,Zone 5,48.4,Zone 5,62.3,Zone 5
Delhi,South West Delhi,Najafgarh,30.1,2026-06-08,00:30:00,66.0,2026-06-07,00:30:00,2026-06-08 00:49:38,33.950000000000045,Zone 4,61.8,Zone 5,33.7,Zone 4,53.3,Zone 5,40.0,Zone 4,61.4,Zone 5,55.6,Zone 5,64.2,Zone 5,61.8,Zone 5,66.3,Zone 5
Delhi,West Delhi,Kv Janakpuri,30.7,2026-06-08,00:45:00,52.0,2026-06-07,00:45:00,2026-06-08 00:49:38,32.75,Zone 4,57.8,Zone 5,32.4,Zone 4,42.3,Zone 4,37.8,Zone 4,56.4,Zone 5,42.9,Zone 4,61.6,Zone 5,57.8,Zone 5,64.0,Zone 5
Goa,North Goa,Goa State Biodiversity Board,24.5,2026-06-08,00:30:00,99.0,2026-06-07,00:30:00,2026-06-08 00:49:38,26.950000000000045,Zone 4,60.5,Zone 5,27.0,Zone 4,46.7,Zone 5,33.9,Zone 4,60.1,Zone 5,49.1,Zone 5,63.1,Zone 5,60.5,Zone 5,65.3,Zone 5
Goa,North Goa,Mapusa,25.2,2026-06-08,00:30:00,,,,2026-06-08 00:49:38,,,,,,,,,,,,,,,,,,,,
Goa,North Goa,Mopa Airport,24.6,2026-06-08,00:45:00,100.0,2026-06-07,00:45:00,2026-06-08 00:49:38,27.25,Zone 4,60.7,Zone 5,27.0,Zone 4,47.6,Zone 5,34.0,Zone 4,60.2,Zone 5,50.0,Zone 5,63.2,Zone 5,60.7,Zone 5,65.5,Zone 5
Goa,Panaji,Altinho Imdoffice,24.4,2026-06-08,00:45:00,84.0,2026-06-07,00:45:00,2026-06-08 00:49:38,25.850000000000023,Zone 4,53.1,Zone 5,26.0,Zone 4,37.2,Zone 4,32.1,Zone 4,51.5,Zone 5,37.7,Zone 4,60.5,Zone 5,53.1,Zone 5,63.1,Zone 5
Gujarat,Ahmedabad,Ahmedabad,32.6,2026-06-08,00:30:00,73.0,2026-06-07,00:30:00,2026-06-08 00:49:38,44.950000000000045,Zone 5,67.7,Zone 5,43.7,Zone 5,64.6,Zone 5,61.3,Zone 5,67.3,Zone 5,65.1,Zone 5,69.2,Zone 5,67.7,Zone 5,70.7,Zone 5
Gujarat,Ahmedabad,Dhorela,30.9,2026-06-08,00:45:00,63.0,2026-06-07,00:45:00,2026-06-08 00:49:38,35.05000000000001,Zone 4,62.5,Zone 5,35.2,Zone 4,56.6,Zone 5,41.5,Zone 4,62.1,Zone 5,58.7,Zone 5,64.8,Zone 5,62.5,Zone 5,66.9,Zone 5
Gujarat,Ahmedabad,Science City,31.7,2026-06-08,00:45:00,63.0,2026-06-07,00:45:00,2026-06-08 00:49:38,36.75,Zone 4,63.3,Zone 5,36.3,Zone 4,59.3,Zone 5,42.7,Zone 4,62.9,Zone 5,59.8,Zone 5,65.5,Zone 5,63.3,Zone 5,67.4,Zone 5
Gujarat,Amreli,Dhari Aws400,28.4,2026-06-08,00:45:00,88.0,2026-06-07,00:45:00,2026-06-08 00:49:38,34.150000000000034,Zone 4,64.9,Zone 5,34.5,Zone 4,61.2,Zone 5,51.7,Zone 5,64.5,Zone 5,61.7,Zone 5,66.8,Zone 5,64.9,Zone 5,68.6,Zone 5
Gujarat,Amreli,Rajula,30.1,2026-06-08,00:30:00,80.0,2026-06-07,00:30:00,2026-06-08 00:49:38,37.05000000000001,Zone 4,65.4,Zone 5,36.8,Zone 4,61.8,Zone 5,55.1,Zone 5,65.0,Zone 5,62.4,Zone 5,67.3,Zone 5,65.4,Zone 5,69.0,Zone 5
Gujarat,Banaskantha,Ambaji Temple,31.1,2026-06-08,00:30:00,55.0,2026-06-07,00:30:00,2026-06-08 00:49:38,33.85000000000002,Zone 4,60.2,Zone 5,33.7,Zone 4,45.8,Zone 5,39.4,Zone 4,59.9,Zone 5,48.0,Zone 5,62.9,Zone 5,60.2,Zone 5,65.2,Zone 5
Gujarat,Banaskantha,Tharad Aws400,30.5,2026-06-08,00:45:00,60.0,2026-06-07,00:45:00,2026-06-08 00:49:38,33.650000000000034,Zone 4,60.9,Zone 5,33.6,Zone 4,49.1,Zone 5,39.6,Zone 4,60.5,Zone 5,51.4,Zone 5,63.5,Zone 5,60.9,Zone 5,65.7,Zone 5
Gujarat,Bharuch,Hansot Aws400,30.4,2026-06-08,00:30:00,85.0,2026-06-07,00:30:00,2026-06-08 00:49:38,41.35000000000002,Zone 5,67.5,Zone 5,42.6,Zone 5,64.4,Zone 5,61.1,Zone 5,67.1,Zone 5,64.9,Zone 5,69.1,Zone 5,67.5,Zone 5,70.6,Zone 5
Gujarat,Bhavnagar,Bhavnagar,31.4,2026-06-08,00:30:00,60.0,2026-06-07,00:30:00,2026-06-08 00:49:38,35.450000000000045,Zone 4,62.4,Zone 5,35.6,Zone 4,56.2,Zone 5,41.8,Zone 4,62.0,Zone 5,58.3,Zone 5,64.8,Zone 5,62.4,Zone 5,66.8,Zone 5
Gujarat,Bhavnagar,Talaja Aws400,30.5,2026-06-08,00:45:00,68.0,2026-06-07,00:45:00,2026-06-08 00:49:38,35.150000000000034,Zone 4,63.1,Zone 5,35.2,Zone 4,59.1,Zone 5,41.8,Zone 4,62.7,Zone 5,59.6,Zone 5,65.3,Zone 5,63.1,Zone 5,67.3,Zone 5
Gujarat,Dahod,Dahod Kvk,29.9,2026-06-08,00:45:00,54.0,2026-06-07,00:45:00,2026-06-08 00:49:38,31.75,Zone 4,57.3,Zone 5,31.9,Zone 4,41.9,Zone 4,37.3,Zone 4,55.9,Zone 5,42.4,Zone 4,61.4,Zone 5,57.3,Zone 5,63.9,Zone 5
Gujarat,Dang,Dang Kvk,30.0,2026-06-08,00:45:00,82.0,2026-06-07,00:45:00,2026-06-08 00:49:38,37.35000000000002,Zone 4,65.9,Zone 5,37.3,Zone 4,62.4,Zone 5,57.9,Zone 5,65.5,Zone 5,63.0,Zone 5,67.7,Zone 5,65.9,Zone 5,69.4,Zone 5
Gujarat,Gandhinagar,Gandhinagar,32.0,2026-06-08,00:30:00,56.0,2026-06-07,00:30:00,2026-06-08 00:49:38,35.75,Zone 4,62.0,Zone 5,35.8,Zone 4,54.3,Zone 5,41.7,Zone 4,61.6,Zone 5,56.4,Zone 5,64.4,Zone 5,62.0,Zone 5,66.5,Zone 5
Gujarat,Kachchh,Bachau Amfu,29.9,2026-06-08,00:30:00,73.0,2026-06-07,00:30:00,2026-06-08 00:49:38,34.85000000000002,Zone 4,63.6,Zone 5,35.1,Zone 4,59.7,Zone 5,44.4,Zone 5,63.2,Zone 5,60.3,Zone 5,65.8,Zone 5,63.6,Zone 5,67.7,Zone 5
Gujarat,Kachchh,Bhuj,,,,79.0,2026-06-07,00:30:00,2026-06-08 00:49:38,,,,,,,,,,,,,,,,,,,,
Gujarat,Kachchh,Kandla,30.0,2026-06-08,00:30:00,82.0,2026-06-07,00:30:00,2026-06-08 00:49:38,37.35000000000002,Zone 4,65.9,Zone 5,37.3,Zone 4,62.4,Zone 5,57.9,Zone 5,65.5,Zone 5,63.0,Zone 5,67.7,Zone 5,65.9,Zone 5,69.4,Zone 5
Gujarat,Kachchh,Mundra,29.9,2026-06-08,00:45:00,78.0,2026-06-07,00:45:00,2026-06-08 00:49:38,35.950000000000045,Zone 4,64.9,Zone 5,36.3,Zone 4,61.2,Zone 5,52.1,Zone 5,64.5,Zone 5,61.8,Zone 5,66.9,Zone 5,64.9,Zone 5,68.6,Zone 5
Gujarat,Kachchh,Rapar,29.8,2026-06-08,00:15:00,,,,2026-06-08 00:49:38,,,,,,,,,,,,,,,,,,,,
Gujarat,Mahesana,Jagudan,31.6,2026-06-08,00:45:00,61.0,2026-06-07,00:45:00,2026-06-08 00:49:38,36.05000000000001,Zone 4,62.7,Zone 5,35.8,Zone 4,57.5,Zone 5,42.1,Zone 4,62.3,Zone 5,59.1,Zone 5,65.0,Zone 5,62.7,Zone 5,67.0,Zone 5
Gujarat,Mahisagar,Lunavada,30.8,2026-06-08,00:45:00,65.0,2026-06-07,00:45:00,2026-06-08 00:49:38,35.25,Zone 4,63.1,Zone 5,35.7,Zone 4,59.0,Zone 5,42.1,Zone 4,62.7,Zone 5,59.6,Zone 5,65.3,Zone 5,63.1,Zone 5,67.3,Zone 5
Gujarat,Morbi,Halwad,30.1,2026-06-08,00:45:00,76.0,2026-06-07,00:45:00,2026-06-08 00:49:38,36.05000000000001,Zone 4,64.4,Zone 5,35.8,Zone 4,60.6,Zone 5,49.0,Zone 5,64.0,Zone 5,61.2,Zone 5,66.4,Zone 5,64.4,Zone 5,68.3,Zone 5
Gujarat,Patan,Patan,31.7,2026-06-08,00:30:00,61.0,2026-06-07,00:30:00,2026-06-08 00:49:38,36.25,Zone 4,62.7,Zone 5,35.8,Zone 4,57.5,Zone 5,42.1,Zone 4,62.3,Zone 5,59.1,Zone 5,65.0,Zone 5,62.7,Zone 5,67.0,Zone 5
Gujarat,Porbandar,Porbandar,29.1,2026-06-08,00:45:00,85.0,2026-06-07,00:45:00,2026-06-08 00:49:38,35.450000000000045,Zone 4,65.0,Zone 5,35.2,Zone 4,61.3,Zone 5,52.5,Zone 5,64.6,Zone 5,61.9,Zone 5,66.9,Zone 5,65.0,Zone 5,68.7,Zone 5
Gujarat,Sabarkantha,Bayad,31.4,2026-06-08,00:30:00,67.0,2026-06-07,00:30:00,2026-06-08 00:49:38,37.05000000000001,Zone 4,64.4,Zone 5,37.3,Zone 4,60.6,Zone 5,48.9,Zone 5,64.0,Zone 5,61.2,Zone 5,66.4,Zone 5,64.4,Zone 5,68.3,Zone 5
Gujarat,Sabarkantha,Himatnagar,30.5,2026-06-08,00:45:00,65.0,2026-06-07,00:45:00,2026-06-08 00:49:38,34.55000000000001,Zone 4,62.3,Zone 5,34.6,Zone 4,55.7,Zone 5,40.9,Zone 4,61.9,Zone 5,57.8,Zone 5,64.6,Zone 5,62.3,Zone 5,66.7,Zone 5
Gujarat,Surat,Surat Kvk,30.4,2026-06-08,00:45:00,,,,2026-06-08 00:49:38,,,,,,,,,,,,,,,,,,,,
Gujarat,Surendranagar,Surendranagar,30.1,2026-06-08,00:30:00,74.0,2026-06-07,00:30:00,2026-06-08 00:49:38,35.55000000000001,Zone 4,63.9,Zone 5,35.3,Zone 4,60.0,Zone 5,45.9,Zone 5,63.5,Zone 5,60.6,Zone 5,66.0,Zone 5,63.9,Zone 5,67.9,Zone 5
Gujarat,Vadodara,Vadodara Aws400,30.9,2026-06-08,00:45:00,70.0,2026-06-07,00:45:00,2026-06-08 00:49:38,36.650000000000034,Zone 4,64.4,Zone 5,36.9,Zone 4,60.7,Zone 5,49.2,Zone 5,64.0,Zone 5,61.2,Zone 5,66.5,Zone 5,64.4,Zone 5,68.3,Zone 5
Haryana,Bhiwani,Bhiwani,28.8,2026-06-08,00:45:00,55.0,2026-06-07,00:45:00,2026-06-08 00:49:38,30.150000000000034,Zone 4,52.9,Zone 5,30.5,Zone 4,40.4,Zone 4,35.8,Zone 4,51.4,Zone 5,40.8,Zone 4,60.5,Zone 5,52.9,Zone 5,63.1,Zone 5
Haryana,Charkhi Dadri,Revenue Office Aws400,29.7,2026-06-08,00:45:00,48.0,2026-06-07,00:45:00,2026-06-08 00:49:38,30.650000000000034,Zone 4,47.8,Zone 5,30.4,Zone 4,39.8,Zone 4,35.5,Zone 4,46.3,Zone 5,40.2,Zone 4,59.4,Zone 5,47.8,Zone 5,62.2,Zone 5
Haryana,Faridabad,Bopani,32.5,2026-06-08,00:45:00,56.0,2026-06-07,00:45:00,2026-06-08 00:49:38,36.75,Zone 4,62.7,Zone 5,36.8,Zone 4,57.6,Zone 5,42.9,Zone 4,62.3,Zone 5,59.2,Zone 5,65.0,Zone 5,62.7,Zone 5,67.0,Zone 5
Haryana,Gurgaon,Gurgaon,28.1,2026-06-08,00:30:00,67.0,2026-06-07,00:30:00,2026-06-08 00:49:38,30.350000000000023,Zone 4,59.0,Zone 5,30.2,Zone 4,41.0,Zone 4,36.1,Zone 4,57.7,Zone 5,42.2,Zone 5,61.8,Zone 5,59.0,Zone 5,64.3,Zone 5
Haryana,Gurgaon,Gurgaon Kvk,29.9,2026-06-08,00:45:00,9.0,2026-06-07,00:45:00,2026-06-08 00:49:38,27.650000000000034,Zone 4,38.2,Zone 4,27.8,Zone 4,34.9,Zone 4,31.5,Zone 4,38.1,Zone 4,34.9,Zone 4,41.3,Zone 4,38.2,Zone 4,44.3,Zone 4
Haryana,Gurgaon,Northcap University,29.0,2026-06-08,00:45:00,56.0,2026-06-07,00:45:00,2026-06-08 00:49:38,30.55000000000001,Zone 4,54.0,Zone 5,30.6,Zone 4,40.6,Zone 4,36.0,Zone 4,52.4,Zone 5,41.0,Zone 4,60.7,Zone 5,54.0,Zone 5,63.3,Zone 5
Haryana,Jhajjar,Jhajjar,28.6,2026-06-08,00:45:00,51.0,2026-06-07,00:45:00,2026-06-08 00:49:38,29.450000000000045,Zone 4,45.6,Zone 5,29.3,Zone 4,38.8,Zone 4,34.5,Zone 4,44.2,Zone 5,39.2,Zone 4,58.8,Zone 5,45.6,Zone 5,61.8,Zone 5
Haryana,Jind,Pandu Pindara,30.5,2026-06-08,00:45:00,51.0,2026-06-07,00:45:00,2026-06-08 00:49:38,32.25,Zone 4,56.8,Zone 5,32.2,Zone 4,42.1,Zone 4,37.6,Zone 4,55.3,Zone 5,42.6,Zone 4,61.3,Zone 5,56.8,Zone 5,63.8,Zone 5
Haryana,Kaithal,Kaithal,30.1,2026-06-08,00:45:00,51.0,2026-06-07,00:45:00,2026-06-08 00:49:38,31.650000000000034,Zone 4,54.1,Zone 5,31.5,Zone 4,41.2,Zone 4,36.8,Zone 4,52.6,Zone 5,41.7,Zone 4,60.7,Zone 5,54.1,Zone 5,63.3,Zone 5
Haryana,Kaithal,Kaul Amfu,30.3,2026-06-08,00:45:00,100.0,2026-06-07,00:45:00,2026-06-08 00:49:38,61.25,Zone 5,71.1,Zone 5,62.0,Zone 5,68.8,Zone 5,66.5,Zone 5,70.8,Zone 5,69.3,Zone 5,73.1,Zone 6,71.1,Zone 5,76.0,Zone 6
Haryana,Karnal,Indri Rest House,29.1,2026-06-08,00:45:00,,,,2026-06-08 00:49:38,,,,,,,,,,,,,,,,,,,,
Haryana,Karnal,Karnal,30.3,2026-06-08,00:30:00,,,,2026-06-08 00:49:38,,,,,,,,,,,,,,,,,,,,
Haryana,Karnal,Uchani,31.8,2026-06-08,00:30:00,73.0,2026-06-07,00:30:00,2026-06-08 00:49:38,40.05000000000001,Zone 4,66.9,Zone 5,40.7,Zone 4,63.6,Zone 5,60.1,Zone 5,66.5,Zone 5,64.1,Zone 5,68.5,Zone 5,66.9,Zone 5,70.1,Zone 5
Haryana,Kurukshetra,Pehowa,28.1,2026-06-08,00:45:00,,,,2026-06-08 00:49:38,,,,,,,,,,,,,,,,,,,,
Haryana,Mahendragarh,Mahendragarh Aws,25.1,2026-06-08,00:30:00,99.0,2026-06-07,00:30:00,2026-06-08 00:49:38,28.05000000000001,Zone 4,61.3,Zone 5,27.9,Zone 4,50.8,Zone 5,35.0,Zone 4,60.9,Zone 5,53.2,Zone 5,63.8,Zone 5,61.3,Zone 5,66.0,Zone 5
Haryana,Mewat,Mandkola,28.1,2026-06-08,00:45:00,18.0,2026-06-07,00:45:00,2026-06-08 00:49:38,26.650000000000034,Zone 4,37.6,Zone 4,26.5,Zone 4,34.1,Zone 4,30.5,Zone 4,37.6,Zone 4,34.2,Zone 4,40.9,Zone 4,37.6,Zone 4,44.1,Zone 4
Haryana,Mewat,Nuh,31.8,2026-06-08,00:30:00,,,,2026-06-08 00:49:38,,,,,,,,,,,,,,,,,,,,
Haryana,Palwal,Palwal Water Service Division,28.0,2026-06-08,00:45:00,,,,2026-06-08 00:49:38,,,,,,,,,,,,,,,,,,,,
Haryana,Rewari,Bawal,27.3,2026-06-08,00:30:00,60.0,2026-06-07,00:30:00,2026-06-08 00:49:38,28.450000000000045,Zone 4,49.4,Zone 5,28.7,Zone 4,38.8,Zone 4,34.2,Zone 4,47.9,Zone 5,39.2,Zone 4,59.7,Zone 5,49.4,Zone 5,62.4,Zone 5
Haryana,Rohtak,Canal Rest House,30.1,2026-06-08,00:45:00,38.0,2026-06-07,00:45:00,2026-06-08 00:49:38,30.150000000000034,Zone 4,43.2,Zone 4,30.0,Zone 4,38.7,Zone 4,34.7,Zone 4,42.9,Zone 4,39.0,Zone 4,53.3,Zone 5,43.2,Zone 4,60.5,Zone 5
Haryana,Rohtak,Rohtak,29.5,2026-06-08,00:30:00,48.0,2026-06-07,00:30:00,2026-06-08 00:49:38,30.450000000000045,Zone 4,47.8,Zone 5,30.4,Zone 4,39.8,Zone 4,35.5,Zone 4,46.3,Zone 5,40.2,Zone 4,59.4,Zone 5,47.8,Zone 5,62.2,Zone 5
Haryana,Sirsa,Canal Colony Village Ottu,29.9,2026-06-08,00:45:00,49.0,2026-06-07,00:45:00,2026-06-08 00:49:38,31.05000000000001,Zone 4,51.8,Zone 5,31.2,Zone 4,40.8,Zone 4,36.4,Zone 4,50.3,Zone 5,41.2,Zone 4,60.2,Zone 5,51.8,Zone 5,62.9,Zone 5
Haryana,Sirsa,Sirsa,31.7,2026-06-08,00:30:00,35.0,2026-06-07,00:30:00,2026-06-08 00:49:38,31.850000000000023,Zone 4,44.6,Zone 4,31.6,Zone 4,40.2,Zone 4,36.2,Zone 4,44.3,Zone 4,40.5,Zone 4,56.3,Zone 5,44.6,Zone 4,61.2,Zone 5
Haryana,Sonipat,Canal Resthouse Saragthal,26.9,2026-06-08,00:45:00,71.0,2026-06-07,00:45:00,2026-06-08 00:49:38,28.75,Zone 4,57.1,Zone 5,29.0,Zone 4,39.8,Zone 4,34.9,Zone 4,55.6,Zone 5,40.4,Zone 4,61.4,Zone 5,57.1,Zone 5,63.9,Zone 5
Haryana,Sonipat,Jagdishpur,29.2,2026-06-08,00:30:00,,,,2026-06-08 00:49:38,,,,,,,,,,,,,,,,,,,,
Haryana,Yamunanagar,Hathinkundberaj,26.8,2026-06-08,00:45:00,69.0,2026-06-07,00:45:00,2026-06-08 00:49:38,28.450000000000045,Zone 4,55.3,Zone 5,28.8,Zone 4,39.5,Zone 4,34.6,Zone 4,53.8,Zone 5,40.0,Zone 4,61.0,Zone 5,55.3,Zone 5,63.5,Zone 5
Himachal Pradesh,Bilaspur,Bilaspur Kvk,20.3,2026-06-08,00:45:00,73.0,2026-06-07,00:45:00,2026-06-08 00:49:38,20.55000000000001,Zone 3,34.9,Zone 4,20.8,Zone 3,30.3,Zone 4,25.9,Zone 4,34.7,Zone 4,30.5,Zone 4,39.0,Zone 4,34.9,Zone 4,51.4,Zone 5
Himachal Pradesh,Hamirpur,Hamirpur Neri,27.9,2026-06-08,00:45:00,31.0,2026-06-07,00:45:00,2026-06-08 00:49:38,27.150000000000034,Zone 4,39.4,Zone 4,27.3,Zone 4,35.4,Zone 4,31.6,Zone 4,39.3,Zone 4,35.6,Zone 4,42.9,Zone 4,39.4,Zone 4,52.0,Zone 5
Himachal Pradesh,Kullu,Seobagh Amfu,,,,71.0,2026-06-07,00:30:00,2026-06-08 00:49:38,,,,,,,,,,,,,,,,,,,,
Himachal Pradesh,Lahaul And Spiti,Tabo,10.9,2026-06-08,00:45:00,47.0,2026-06-07,00:45:00,2026-06-08 00:49:38,9.150000000000034,Zone 2,25.0,Zone 3,9.3,Zone 2,22.2,Zone 3,17.1,Zone 3,25.1,Zone 3,22.1,Zone 3,28.3,Zone 4,25.0,Zone 3,31.6,Zone 4
Himachal Pradesh,Mandi,Sundernagar Kvk,20.7,2026-06-08,00:45:00,67.0,2026-06-07,00:45:00,2026-06-08 00:49:38,20.75,Zone 3,34.5,Zone 4,20.5,Zone 3,30.0,Zone 4,25.6,Zone 4,34.3,Zone 4,30.2,Zone 4,38.4,Zone 4,34.5,Zone 4,48.0,Zone 5
Jammu And Kashmir,Anantnag,Anantnag,12.1,2026-06-08,00:30:00,100.0,2026-06-07,00:30:00,2026-06-08 00:49:38,12.150000000000034,Zone 2,26.6,Zone 4,12.0,Zone 2,23.5,Zone 3,19.4,Zone 3,26.6,Zone 4,23.6,Zone 3,30.5,Zone 4,26.6,Zone 4,34.3,Zone 4
Jammu And Kashmir,Anantnag,Larnoo,9.9,2026-06-08,00:30:00,99.0,2026-06-07,00:30:00,2026-06-08 00:49:38,9.850000000000023,Zone 2,25.0,Zone 3,10.0,Zone 2,22.3,Zone 3,17.6,Zone 3,25.0,Zone 3,22.3,Zone 3,28.6,Zone 4,25.0,Zone 3,32.2,Zone 4
Jammu And Kashmir,Anantnag,Pahalgam,7.5,2026-06-08,00:30:00,100.0,2026-06-07,00:30:00,2026-06-08 00:49:38,7.550000000000011,Zone 2,23.8,Zone 3,7.5,Zone 2,20.8,Zone 3,15.4,Zone 3,23.9,Zone 3,20.7,Zone 3,26.5,Zone 4,23.8,Zone 3,30.0,Zone 4
Jammu And Kashmir,Badgam,Harran,14.1,2026-06-08,00:30:00,84.0,2026-06-07,00:30:00,2026-06-08 00:49:38,13.550000000000011,Zone 2,28.2,Zone 4,13.4,Zone 2,24.5,Zone 3,20.7,Zone 3,28.1,Zone 4,24.5,Zone 3,32.0,Zone 4,28.2,Zone 4,35.7,Zone 4
Jammu And Kashmir,Bandipora,Bandipora,14.8,2026-06-08,00:30:00,100.0,2026-06-07,00:30:00,2026-06-08 00:49:38,15.050000000000011,Zone 3,29.8,Zone 4,15.3,Zone 3,25.3,Zone 3,22.0,Zone 3,29.6,Zone 4,25.4,Zone 4,33.8,Zone 4,29.8,Zone 4,40.0,Zone 5
Jammu And Kashmir,Baramulla,Baramulla Amfu,,,,90.0,2026-06-07,00:30:00,2026-06-08 00:49:38,,,,,,,,,,,,,,,,,,,,
Jammu And Kashmir,Baramulla,Baramulla Kvk,14.9,2026-06-08,00:45:00,72.0,2026-06-07,00:45:00,2026-06-08 00:49:38,13.850000000000023,Zone 2,28.8,Zone 4,14.0,Zone 2,24.9,Zone 3,21.2,Zone 3,28.7,Zone 4,24.9,Zone 3,32.5,Zone 4,28.8,Zone 4,36.2,Zone 4
Jammu And Kashmir,Baramulla,Gulmarg,9.0,2026-06-08,00:30:00,57.0,2026-06-07,00:30:00,2026-06-08 00:49:38,7.75,Zone 2,24.1,Zone 3,7.7,Zone 2,21.2,Zone 3,15.7,Zone 3,24.2,Zone 3,21.0,Zone 3,27.0,Zone 4,24.1,Zone 3,30.3,Zone 4
Jammu And Kashmir,Ganderbal,Sonemarg,7.3,2026-06-08,00:30:00,98.0,2026-06-07,00:30:00,2026-06-08 00:49:38,7.25,Zone 2,23.8,Zone 3,7.4,Zone 2,20.8,Zone 3,15.3,Zone 3,23.9,Zone 3,20.6,Zone 3,26.5,Zone 4,23.8,Zone 3,29.9,Zone 4
Jammu And Kashmir,Jammu,Chatha Amfu,28.5,2026-06-08,00:30:00,75.0,2026-06-07,00:30:00,2026-06-08 00:49:38,32.150000000000034,Zone 4,61.8,Zone 5,32.1,Zone 4,53.1,Zone 5,38.7,Zone 4,61.4,Zone 5,55.4,Zone 5,64.2,Zone 5,61.8,Zone 5,66.3,Zone 5
Jammu And Kashmir,Jammu,Jammu,29.1,2026-06-08,00:30:00,38.0,2026-06-07,00:30:00,2026-06-08 00:49:38,28.950000000000045,Zone 4,41.8,Zone 4,28.8,Zone 4,37.5,Zone 4,33.5,Zone 4,41.6,Zone 4,37.7,Zone 4,49.0,Zone 5,41.8,Zone 4,59.6,Zone 5
Jammu And Kashmir,Kathua,Kathua Kvk,28.8,2026-06-08,00:45:00,17.0,2026-06-07,00:45:00,2026-06-08 00:49:38,27.150000000000034,Zone 4,38.4,Zone 4,27.4,Zone 4,34.9,Zone 4,31.3,Zone 4,38.3,Zone 4,35.0,Zone 4,41.7,Zone 4,38.4,Zone 4,44.9,Zone 4
Jammu And Kashmir,Kishtwar,Gulabgarh,9.0,2026-06-08,00:30:00,66.0,2026-06-07,00:30:00,2026-06-08 00:49:38,7.9500000000000455,Zone 2,24.2,Zone 3,8.0,Zone 2,21.3,Zone 3,15.9,Zone 3,24.3,Zone 3,21.1,Zone 3,27.2,Zone 4,24.2,Zone 3,30.5,Zone 4
Jammu And Kashmir,Kishtwar,Kishtwar,16.8,2026-06-08,00:30:00,67.0,2026-06-07,00:30:00,2026-06-08 00:49:38,15.950000000000045,Zone 3,30.5,Zone 4,16.2,Zone 3,26.4,Zone 4,22.8,Zone 3,30.5,Zone 4,26.5,Zone 4,34.3,Zone 4,30.5,Zone 4,38.0,Zone 4
Jammu And Kashmir,Kulgam,Kulgam Amfu,14.8,2026-06-08,00:45:00,81.0,2026-06-07,00:45:00,2026-06-08 00:49:38,14.150000000000034,Zone 3,29.1,Zone 4,14.4,Zone 3,25.0,Zone 3,21.5,Zone 3,29.0,Zone 4,25.1,Zone 3,32.9,Zone 4,29.1,Zone 4,36.7,Zone 4
Jammu And Kashmir,Kupwara,Kupw Kvk,13.4,2026-06-08,00:45:00,86.0,2026-06-07,00:45:00,2026-06-08 00:49:38,12.950000000000045,Zone 2,27.7,Zone 4,13.0,Zone 2,24.2,Zone 3,20.3,Zone 3,27.7,Zone 4,24.3,Zone 3,31.6,Zone 4,27.7,Zone 4,35.3,Zone 4
Jammu And Kashmir,Poonch,Poonch,23.1,2026-06-08,00:45:00,36.0,2026-06-07,00:45:00,2026-06-08 00:49:38,21.950000000000045,Zone 3,34.7,Zone 4,21.9,Zone 3,30.9,Zone 4,27.0,Zone 4,34.6,Zone 4,31.0,Zone 4,38.2,Zone 4,34.7,Zone 4,41.7,Zone 4
Jammu And Kashmir,Poonch,Rajpura Mandi,14.2,2026-06-08,00:30:00,50.0,2026-06-07,00:30:00,2026-06-08 00:49:38,12.350000000000023,Zone 2,27.2,Zone 4,12.2,Zone 2,24.1,Zone 3,19.8,Zone 3,27.3,Zone 4,24.0,Zone 3,30.8,Zone 4,27.2,Zone 4,34.2,Zone 4
Jammu And Kashmir,Pulwama,Malangpura,11.4,2026-06-08,00:45:00,95.0,2026-06-07,00:45:00,2026-06-08 00:49:38,11.25,Zone 2,26.1,Zone 4,11.3,Zone 2,23.2,Zone 3,18.8,Zone 3,26.1,Zone 4,23.2,Zone 3,29.9,Zone 4,26.1,Zone 4,33.6,Zone 4
Jammu And Kashmir,Pulwama,Tral,13.7,2026-06-08,00:30:00,87.0,2026-06-07,00:30:00,2026-06-08 00:49:38,13.25,Zone 2,27.8,Zone 4,13.0,Zone 2,24.3,Zone 3,20.4,Zone 3,27.7,Zone 4,24.3,Zone 3,31.6,Zone 4,27.8,Zone 4,35.4,Zone 4
Jammu And Kashmir,Rajouri,Rajouri,20.6,2026-06-08,00:30:00,54.0,2026-06-07,00:30:00,2026-06-08 00:49:38,19.950000000000045,Zone 3,33.5,Zone 4,19.8,Zone 3,29.4,Zone 4,25.2,Zone 3,33.4,Zone 4,29.5,Zone 4,37.2,Zone 4,33.5,Zone 4,40.9,Zone 5
Jammu And Kashmir,Rajouri,Rajouri Arg,23.5,2026-06-08,00:30:00,50.0,2026-06-07,00:30:00,2026-06-08 00:49:38,23.25,Zone 3,36.6,Zone 4,23.2,Zone 3,32.3,Zone 4,28.1,Zone 4,36.4,Zone 4,32.5,Zone 4,40.3,Zone 4,36.6,Zone 4,49.8,Zone 5
Jammu And Kashmir,Ramban,Govindpura,27.9,2026-06-08,00:30:00,40.0,2026-06-07,00:30:00,2026-06-08 00:49:38,27.75,Zone 4,40.9,Zone 4,27.8,Zone 4,36.5,Zone 4,32.5,Zone 4,40.6,Zone 4,36.8,Zone 4,46.6,Zone 5,40.9,Zone 4,59.1,Zone 5
Jammu And Kashmir,Samba,Samba,23.0,2026-06-08,00:45:00,62.0,2026-06-07,00:45:00,2026-06-08 00:49:38,23.25,Zone 3,37.2,Zone 4,23.2,Zone 3,32.6,Zone 4,28.2,Zone 4,37.0,Zone 4,32.9,Zone 4,42.1,Zone 5,37.2,Zone 4,55.5,Zone 5
Jammu And Kashmir,Shopian,Shopian,11.4,2026-06-08,00:30:00,82.0,2026-06-07,00:30:00,2026-06-08 00:49:38,10.850000000000023,Zone 2,25.8,Zone 4,10.9,Zone 2,23.0,Zone 3,18.5,Zone 3,25.9,Zone 4,23.0,Zone 3,29.6,Zone 4,25.8,Zone 4,33.1,Zone 4
Jammu And Kashmir,Srinagar,Rambagh,17.2,2026-06-08,00:30:00,68.0,2026-06-07,00:30:00,2026-06-08 00:49:38,16.55000000000001,Zone 3,30.6,Zone 4,16.3,Zone 3,26.5,Zone 4,22.8,Zone 3,30.5,Zone 4,26.5,Zone 4,34.4,Zone 4,30.6,Zone 4,38.1,Zone 4
Jammu And Kashmir,Srinagar,Srinagar Amfu,14.8,2026-06-08,00:30:00,94.0,2026-06-07,00:30:00,2026-06-08 00:49:38,14.75,Zone 3,29.5,Zone 4,15.0,Zone 3,25.2,Zone 3,21.8,Zone 3,29.4,Zone 4,25.3,Zone 3,33.5,Zone 4,29.5,Zone 4,37.9,Zone 5
Jharkhand,Bokaro,Kv Bokaro,26.4,2026-06-08,00:45:00,100.0,2026-06-07,00:45:00,2026-06-08 00:49:38,31.05000000000001,Zone 4,64.1,Zone 5,31.3,Zone 4,60.2,Zone 5,47.0,Zone 5,63.7,Zone 5,60.8,Zone 5,66.2,Zone 5,64.1,Zone 5,68.0,Zone 5
Jharkhand,Deoghar,Deoghar Aws400,26.6,2026-06-08,00:45:00,100.0,2026-06-07,00:45:00,2026-06-08 00:49:38,31.55000000000001,Zone 4,64.1,Zone 5,31.3,Zone 4,60.2,Zone 5,47.0,Zone 5,63.7,Zone 5,60.8,Zone 5,66.2,Zone 5,64.1,Zone 5,68.0,Zone 5
Jharkhand,East Singhbhum,Bahragora,25.1,2026-06-08,00:45:00,100.0,2026-06-07,00:45:00,2026-06-08 00:49:38,28.150000000000034,Zone 4,61.5,Zone 5,28.0,Zone 4,51.8,Zone 5,35.2,Zone 4,61.1,Zone 5,54.1,Zone 5,64.0,Zone 5,61.5,Zone 5,66.1,Zone 5
Jharkhand,Gumla,Gumla-Bishnupur Kvk,24.0,2026-06-08,00:45:00,70.0,2026-06-07,00:45:00,2026-06-08 00:49:38,24.75,Zone 3,39.7,Zone 4,24.7,Zone 3,34.7,Zone 4,30.0,Zone 4,39.4,Zone 4,35.0,Zone 4,52.8,Zone 5,39.7,Zone 4,60.4,Zone 5
Jharkhand,Hazaribagh,Barhi,27.3,2026-06-08,00:45:00,51.0,2026-06-07,00:45:00,2026-06-08 00:49:38,27.75,Zone 4,42.1,Zone 4,28.0,Zone 4,37.4,Zone 4,33.0,Zone 4,41.8,Zone 4,37.7,Zone 4,54.5,Zone 5,42.1,Zone 4,60.7,Zone 5
Jharkhand,Khunti,Diyakel-Khunti Kvk,25.9,2026-06-08,00:45:00,,,,2026-06-08 00:49:38,,,,,,,,,,,,,,,,,,,,
Jharkhand,Kodarma,Kodarma,27.5,2026-06-08,00:45:00,100.0,2026-06-07,00:45:00,2026-06-08 00:49:38,34.150000000000034,Zone 4,65.8,Zone 5,34.1,Zone 4,62.3,Zone 5,57.3,Zone 5,65.4,Zone 5,62.9,Zone 5,67.7,Zone 5,65.8,Zone 5,69.3,Zone 5
Jharkhand,Latehar,Netarhat,25.9,2026-06-08,00:45:00,48.0,2026-06-07,00:45:00,2026-06-08 00:49:38,25.950000000000045,Zone 4,39.5,Zone 4,26.0,Zone 4,35.0,Zone 4,30.8,Zone 4,39.2,Zone 4,35.3,Zone 4,45.0,Zone 5,39.5,Zone 4,57.9,Zone 5
Jharkhand,Lohardaga,Lohardaga Kvk,26.1,2026-06-08,00:45:00,,,,2026-06-08 00:49:38,,,,,,,,,,,,,,,,,,,,
Jharkhand,Pakur,Pakur Kvk,26.2,2026-06-08,00:45:00,,,,2026-06-08 00:49:38,,,,,,,,,,,,,,,,,,,,
Jharkhand,Palamu,Palamu-Daltongunj Kvk,29.2,2026-06-08,00:00:00,,,,2026-06-08 00:49:38,,,,,,,,,,,,,,,,,,,,
Jharkhand,Ramgarh,Ramgarh Kvk,,,,100.0,2026-06-07,00:45:00,2026-06-08 00:49:38,,,,,,,,,,,,,,,,,,,,
Jharkhand,Saraikela,Saraikela,26.4,2026-06-08,00:45:00,100.0,2026-06-07,00:45:00,2026-06-08 00:49:38,31.05000000000001,Zone 4,64.1,Zone 5,31.3,Zone 4,60.2,Zone 5,47.0,Zone 5,63.7,Zone 5,60.8,Zone 5,66.2,Zone 5,64.1,Zone 5,68.0,Zone 5
Jharkhand,Simdega,Bano-Simdega Kvk,27.5,2026-06-08,00:45:00,73.0,2026-06-07,00:45:00,2026-06-08 00:49:38,29.950000000000045,Zone 4,59.7,Zone 5,30.0,Zone 4,43.2,Zone 5,36.1,Zone 4,59.3,Zone 5,45.4,Zone 5,62.4,Zone 5,59.7,Zone 5,64.8,Zone 5
Jharkhand,Simdega,Simdega,26.7,2026-06-08,00:45:00,100.0,2026-06-07,00:45:00,2026-06-08 00:49:38,31.850000000000023,Zone 4,64.1,Zone 5,31.3,Zone 4,60.2,Zone 5,47.0,Zone 5,63.7,Zone 5,60.8,Zone 5,66.2,Zone 5,64.1,Zone 5,68.0,Zone 5
Jharkhand,West Singhbhum,Jagannathpur-Bau Kvk,25.7,2026-06-08,00:45:00,,,,2026-06-08 00:49:38,,,,,,,,,,,,,,,,,,,,
Karnataka,Bagalkot,Bagalkot Kvk,22.5,2026-06-08,00:45:00,100.0,2026-06-07,00:45:00,2026-06-08 00:49:38,24.25,Zone 3,52.5,Zone 5,24.3,Zone 3,35.4,Zone 4,30.1,Zone 4,50.9,Zone 5,36.0,Zone 4,60.4,Zone 5,52.5,Zone 5,63.0,Zone 5
Karnataka,Bangalore Rural,Doddaballapura,22.9,2026-06-08,00:30:00,100.0,2026-06-07,00:30:00,2026-06-08 00:49:38,24.650000000000034,Zone 3,55.8,Zone 5,24.8,Zone 3,36.7,Zone 5,31.0,Zone 4,54.3,Zone 5,38.5,Zone 5,61.1,Zone 5,55.8,Zone 5,63.6,Zone 5
Karnataka,Bangalore Urban,Bangalore,22.7,2026-06-08,00:30:00,85.0,2026-06-07,00:30:00,2026-06-08 00:49:38,23.950000000000045,Zone 3,41.3,Zone 5,23.7,Zone 3,33.9,Zone 4,29.0,Zone 4,40.0,Zone 5,34.3,Zone 4,55.3,Zone 5,41.3,Zone 5,60.9,Zone 5
Karnataka,Bangalore Urban,Electronic City(Nice),22.8,2026-06-08,00:45:00,81.0,2026-06-07,00:45:00,2026-06-08 00:49:38,23.850000000000023,Zone 3,41.3,Zone 5,24.1,Zone 3,34.3,Zone 4,29.4,Zone 4,40.0,Zone 5,34.7,Zone 4,55.3,Zone 5,41.3,Zone 5,60.9,Zone 5
Karnataka,Bangalore Urban,Gopal Nagar,23.1,2026-06-08,00:30:00,92.0,2026-06-07,00:30:00,2026-06-08 00:49:38,24.55000000000001,Zone 3,49.7,Zone 5,24.5,Zone 3,35.4,Zone 4,30.3,Zone 4,48.2,Zone 5,36.0,Zone 4,59.8,Zone 5,49.7,Zone 5,62.5,Zone 5
Karnataka,Bangalore Urban,Madhavara(Nice),22.7,2026-06-08,00:30:00,94.0,2026-06-07,00:30:00,2026-06-08 00:49:38,24.25,Zone 3,48.0,Zone 5,24.0,Zone 3,34.8,Zone 4,29.6,Zone 4,46.4,Zone 5,35.3,Zone 4,59.4,Zone 5,48.0,Zone 5,62.2,Zone 5
Karnataka,Bellary,Hagari Kvk,25.9,2026-06-08,00:45:00,87.0,2026-06-07,00:45:00,2026-06-08 00:49:38,28.55000000000001,Zone 4,60.5,Zone 5,28.7,Zone 4,46.9,Zone 5,35.4,Zone 4,60.1,Zone 5,49.2,Zone 5,63.1,Zone 5,60.5,Zone 5,65.4,Zone 5
Karnataka,Bijapur,Tidagundi Amfu,23.3,2026-06-08,00:30:00,92.0,2026-06-07,00:30:00,2026-06-08 00:49:38,24.850000000000023,Zone 3,53.1,Zone 5,25.0,Zone 3,36.4,Zone 4,31.1,Zone 4,51.5,Zone 5,36.9,Zone 4,60.5,Zone 5,53.1,Zone 5,63.1,Zone 5
Karnataka,Dakshina Kannada,Mangaluru,25.9,2026-06-08,00:45:00,100.0,2026-06-07,00:45:00,2026-06-08 00:49:38,29.850000000000023,Zone 4,63.2,Zone 5,30.1,Zone 4,59.2,Zone 5,42.0,Zone 5,62.8,Zone 5,59.8,Zone 5,65.4,Zone 5,63.2,Zone 5,67.4,Zone 5
Karnataka,Dharwad,Mugad,23.6,2026-06-08,00:45:00,96.0,2026-06-07,00:45:00,2026-06-08 00:49:38,25.25,Zone 3,56.1,Zone 5,25.1,Zone 3,36.9,Zone 5,31.5,Zone 4,54.6,Zone 5,38.8,Zone 5,61.1,Zone 5,56.1,Zone 5,63.7,Zone 5
Karnataka,Gadag,Gadag,23.7,2026-06-08,00:30:00,95.0,2026-06-07,00:30:00,2026-06-08 00:49:38,25.350000000000023,Zone 4,55.4,Zone 5,25.1,Zone 3,36.8,Zone 4,31.4,Zone 4,53.8,Zone 5,38.0,Zone 5,61.0,Zone 5,55.4,Zone 5,63.5,Zone 5
Karnataka,Gulbarga,Raddewadgi,23.7,2026-06-08,00:30:00,96.0,2026-06-07,00:30:00,2026-06-08 00:49:38,25.450000000000045,Zone 4,56.1,Zone 5,25.1,Zone 3,36.9,Zone 5,31.5,Zone 4,54.6,Zone 5,38.8,Zone 5,61.1,Zone 5,56.1,Zone 5,63.7,Zone 5
Karnataka,Hassan,Hassan,21.6,2026-06-08,00:45:00,100.0,2026-06-07,00:45:00,2026-06-08 00:49:38,23.25,Zone 3,45.7,Zone 5,23.2,Zone 3,33.6,Zone 4,28.5,Zone 4,44.3,Zone 5,34.1,Zone 4,58.9,Zone 5,45.7,Zone 5,61.8,Zone 5
Karnataka,Kolar,Kgf (Kolar),24.7,2026-06-08,00:15:00,,,,2026-06-08 00:49:38,,,,,,,,,,,,,,,,,,,,
Karnataka,Koppal,Koppal,28.2,2026-06-08,00:45:00,84.0,2026-06-07,00:45:00,2026-06-08 00:49:38,32.950000000000045,Zone 4,63.1,Zone 5,32.5,Zone 4,59.0,Zone 5,41.4,Zone 5,62.7,Zone 5,59.6,Zone 5,65.3,Zone 5,63.1,Zone 5,67.3,Zone 5
Karnataka,Mandya,Mandya Kvk,23.3,2026-06-08,00:45:00,90.0,2026-06-07,00:45:00,2026-06-08 00:49:38,24.75,Zone 3,51.5,Zone 5,24.9,Zone 3,36.1,Zone 4,30.9,Zone 4,49.9,Zone 5,36.6,Zone 4,60.2,Zone 5,51.5,Zone 5,62.8,Zone 5
Karnataka,Ramanagara,Chandurayanghalli Kvk,21.3,2026-06-08,00:45:00,100.0,2026-06-07,00:45:00,2026-06-08 00:49:38,22.950000000000045,Zone 3,45.7,Zone 5,23.2,Zone 3,33.6,Zone 4,28.5,Zone 4,44.3,Zone 5,34.1,Zone 4,58.9,Zone 5,45.7,Zone 5,61.8,Zone 5
Karnataka,Tumkur,Chikkanakalli,23.3,2026-06-08,00:45:00,98.0,2026-06-07,00:45:00,2026-06-08 00:49:38,25.05000000000001,Zone 3,57.5,Zone 5,25.2,Zone 3,38.4,Zone 5,31.7,Zone 4,56.0,Zone 5,40.3,Zone 5,61.5,Zone 5,57.5,Zone 5,63.9,Zone 5
Kerala,Alappuzha,Karumadi,26.3,2026-06-08,00:45:00,,,,2026-06-08 00:49:38,,,,,,,,,,,,,,,,,,,,
Kerala,Alappuzha,Kayamkulam,25.9,2026-06-08,00:45:00,100.0,2026-06-07,00:45:00,2026-06-08 00:49:38,29.850000000000023,Zone 4,63.2,Zone 5,30.1,Zone 4,59.2,Zone 5,42.0,Zone 5,62.8,Zone 5,59.8,Zone 5,65.4,Zone 5,63.2,Zone 5,67.4,Zone 5
Kerala,Alappuzha,Nooranad,25.2,2026-06-08,00:30:00,92.0,2026-06-07,00:30:00,2026-06-08 00:49:38,27.650000000000034,Zone 4,59.9,Zone 5,27.3,Zone 4,44.0,Zone 5,34.0,Zone 4,59.5,Zone 5,46.3,Zone 5,62.6,Zone 5,59.9,Zone 5,64.9,Zone 5
Kerala,Alappuzha,Thycattussery,26.3,2026-06-08,00:45:00,98.0,2026-06-07,00:45:00,2026-06-08 00:49:38,30.55000000000001,Zone 4,63.7,Zone 5,31.0,Zone 4,59.7,Zone 5,44.5,Zone 5,63.3,Zone 5,60.3,Zone 5,65.8,Zone 5,63.7,Zone 5,67.7,Zone 5
Kerala,Ernakulam,Aluva,26.0,2026-06-08,00:45:00,100.0,2026-06-07,00:45:00,2026-06-08 00:49:38,30.150000000000034,Zone 4,63.2,Zone 5,30.1,Zone 4,59.2,Zone 5,42.0,Zone 5,62.8,Zone 5,59.8,Zone 5,65.4,Zone 5,63.2,Zone 5,67.4,Zone 5
Kerala,Ernakulam,Boat Jetty Kgov,27.3,2026-06-08,00:30:00,100.0,2026-06-07,00:30:00,2026-06-08 00:49:38,33.55000000000001,Zone 4,65.8,Zone 5,34.1,Zone 4,62.3,Zone 5,57.3,Zone 5,65.4,Zone 5,62.9,Zone 5,67.7,Zone 5,65.8,Zone 5,69.3,Zone 5
Kerala,Ernakulam,Choondi,25.9,2026-06-08,00:45:00,,,,2026-06-08 00:49:38,,,,,,,,,,,,,,,,,,,,
Kerala,Ernakulam,Dhground Kgov,27.2,2026-06-08,00:30:00,100.0,2026-06-07,00:30:00,2026-06-08 00:49:38,33.25,Zone 4,65.0,Zone 5,32.7,Zone 4,61.3,Zone 5,52.3,Zone 5,64.6,Zone 5,61.8,Zone 5,66.9,Zone 5,65.0,Zone 5,68.7,Zone 5
Kerala,Ernakulam,Kadavanthra Kgov,26.4,2026-06-08,00:30:00,100.0,2026-06-07,00:30:00,2026-06-08 00:49:38,31.05000000000001,Zone 4,64.1,Zone 5,31.3,Zone 4,60.2,Zone 5,47.0,Zone 5,63.7,Zone 5,60.8,Zone 5,66.2,Zone 5,64.1,Zone 5,68.0,Zone 5
Kerala,Ernakulam,Kalamassery,25.1,2026-06-08,00:45:00,90.0,2026-06-07,00:45:00,2026-06-08 00:49:38,27.350000000000023,Zone 4,59.5,Zone 5,27.2,Zone 4,42.2,Zone 5,33.7,Zone 4,59.1,Zone 5,44.3,Zone 5,62.2,Zone 5,59.5,Zone 5,64.6,Zone 5
Kerala,Ernakulam,Koothattukulam,25.8,2026-06-08,00:45:00,100.0,2026-06-07,00:45:00,2026-06-08 00:49:38,29.650000000000034,Zone 4,63.2,Zone 5,30.1,Zone 4,59.2,Zone 5,42.0,Zone 5,62.8,Zone 5,59.8,Zone 5,65.4,Zone 5,63.2,Zone 5,67.4,Zone 5
Kerala,Ernakulam,Odakkali,25.4,2026-06-08,00:45:00,100.0,2026-06-07,00:45:00,2026-06-08 00:49:38,28.75,Zone 4,62.4,Zone 5,29.0,Zone 4,55.9,Zone 5,37.6,Zone 5,62.0,Zone 5,58.0,Zone 5,64.7,Zone 5,62.4,Zone 5,66.7,Zone 5
Kerala,Ernakulam,Palluruthy,27.6,2026-06-08,00:30:00,100.0,2026-06-07,00:30:00,2026-06-08 00:49:38,34.450000000000045,Zone 4,65.8,Zone 5,34.1,Zone 4,62.3,Zone 5,57.3,Zone 5,65.4,Zone 5,62.9,Zone 5,67.7,Zone 5,65.8,Zone 5,69.3,Zone 5
Kerala,Idukki,Anayirankal Dam,20.1,2026-06-08,00:15:00,,,,2026-06-08 00:49:38,,,,,,,,,,,,,,,,,,,,
Kerala,Idukki,Ayyappankovil,22.7,2026-06-08,00:45:00,100.0,2026-06-07,00:45:00,2026-06-08 00:49:38,24.450000000000045,Zone 3,52.5,Zone 5,24.3,Zone 3,35.4,Zone 4,30.1,Zone 4,50.9,Zone 5,36.0,Zone 4,60.4,Zone 5,52.5,Zone 5,63.0,Zone 5
Kerala,Idukki,Cheruthoni,23.5,2026-06-08,00:45:00,95.0,2026-06-07,00:45:00,2026-06-08 00:49:38,25.150000000000034,Zone 3,55.4,Zone 5,25.1,Zone 3,36.8,Zone 4,31.4,Zone 4,53.8,Zone 5,38.0,Zone 5,61.0,Zone 5,55.4,Zone 5,63.5,Zone 5
Kerala,Idukki,Kovilkadavu,21.5,2026-06-08,00:45:00,100.0,2026-06-07,00:45:00,2026-06-08 00:49:38,23.150000000000034,Zone 3,45.7,Zone 5,23.2,Zone 3,33.6,Zone 4,28.5,Zone 4,44.3,Zone 5,34.1,Zone 4,58.9,Zone 5,45.7,Zone 5,61.8,Zone 5
Kerala,Idukki,Kundala Dam,17.3,2026-06-08,00:45:00,100.0,2026-06-07,00:45:00,2026-06-08 00:49:38,18.150000000000034,Zone 3,32.9,Zone 4,18.4,Zone 3,28.0,Zone 4,24.0,Zone 3,32.7,Zone 4,28.2,Zone 4,37.9,Zone 5,32.9,Zone 4,51.3,Zone 5
Kerala,Idukki,Munnar,18.3,2026-06-08,00:45:00,100.0,2026-06-07,00:45:00,2026-06-08 00:49:38,19.450000000000045,Zone 3,34.3,Zone 4,19.7,Zone 3,29.2,Zone 4,24.8,Zone 3,34.0,Zone 4,29.5,Zone 4,42.6,Zone 5,34.3,Zone 4,56.0,Zone 5
Kerala,Idukki,Pampadumpara,20.4,2026-06-08,00:45:00,100.0,2026-06-07,00:45:00,2026-06-08 00:49:38,21.950000000000045,Zone 3,39.6,Zone 5,22.0,Zone 3,32.0,Zone 4,27.0,Zone 4,38.4,Zone 5,32.4,Zone 4,53.6,Zone 5,39.6,Zone 5,60.6,Zone 5
Kerala,Idukki,Sengulam Dam,22.0,2026-06-08,00:45:00,,,,2026-06-08 00:49:38,,,,,,,,,,,,,,,,,,,,
Kerala,Idukki,Udumbannoor,25.0,2026-06-08,00:00:00,,,,2026-06-08 00:49:38,,,,,,,,,,,,,,,,,,,,
Kerala,Idukki,Vattavada,18.1,2026-06-08,00:45:00,100.0,2026-06-07,00:45:00,2026-06-08 00:49:38,19.150000000000034,Zone 3,33.6,Zone 4,19.1,Zone 3,28.6,Zone 4,24.4,Zone 3,33.3,Zone 4,28.9,Zone 4,40.2,Zone 5,33.6,Zone 4,53.7,Zone 5
Kerala,Idukki,Vellathooval,23.2,2026-06-08,00:30:00,100.0,2026-06-07,00:30:00,2026-06-08 00:49:38,24.950000000000045,Zone 3,55.8,Zone 5,24.8,Zone 3,36.7,Zone 5,31.0,Zone 4,54.3,Zone 5,38.5,Zone 5,61.1,Zone 5,55.8,Zone 5,63.6,Zone 5
Kerala,Kannur,Aralam,25.4,2026-06-08,00:45:00,100.0,2026-06-07,00:45:00,2026-06-08 00:49:38,28.75,Zone 4,62.4,Zone 5,29.0,Zone 4,55.9,Zone 5,37.6,Zone 5,62.0,Zone 5,58.0,Zone 5,64.7,Zone 5,62.4,Zone 5,66.7,Zone 5
Kerala,Kannur,Ayyankunnu,24.9,2026-06-08,00:45:00,100.0,2026-06-07,00:45:00,2026-06-08 00:49:38,27.75,Zone 4,61.5,Zone 5,28.0,Zone 4,51.8,Zone 5,35.2,Zone 4,61.1,Zone 5,54.1,Zone 5,64.0,Zone 5,61.5,Zone 5,66.1,Zone 5
Kerala,Kannur,Chemberi,25.8,2026-06-08,00:30:00,99.0,2026-06-07,00:30:00,2026-06-08 00:49:38,29.55000000000001,Zone 4,63.0,Zone 5,30.0,Zone 4,58.7,Zone 5,40.9,Zone 5,62.6,Zone 5,59.5,Zone 5,65.2,Zone 5,63.0,Zone 5,67.2,Zone 5
Kerala,Kannur,Cheruvanchery,25.1,2026-06-08,00:45:00,100.0,2026-06-07,00:45:00,2026-06-08 00:49:38,28.150000000000034,Zone 4,61.5,Zone 5,28.0,Zone 4,51.8,Zone 5,35.2,Zone 4,61.1,Zone 5,54.1,Zone 5,64.0,Zone 5,61.5,Zone 5,66.1,Zone 5
Kerala,Kannur,Peringome,25.4,2026-06-08,00:45:00,100.0,2026-06-07,00:45:00,2026-06-08 00:49:38,28.75,Zone 4,62.4,Zone 5,29.0,Zone 4,55.9,Zone 5,37.6,Zone 5,62.0,Zone 5,58.0,Zone 5,64.7,Zone 5,62.4,Zone 5,66.7,Zone 5
Kerala,Kannur,Pinarayi,,,,100.0,2026-06-07,05:15:00,2026-06-08 00:49:38,,,,,,,,,,,,,,,,,,,,
Kerala,Kasaragod,Bayar,25.3,2026-06-08,00:15:00,,,,2026-06-08 00:49:38,,,,,,,,,,,,,,,,,,,,
Kerala,Kasaragod,Kudlu Afmu,,,,100.0,2026-06-07,00:45:00,2026-06-08 00:49:38,,,,,,,,,,,,,,,,,,,,
Kerala,Kasaragod,Muliyar,25.6,2026-06-08,00:45:00,100.0,2026-06-07,00:45:00,2026-06-08 00:49:38,29.25,Zone 4,62.4,Zone 5,29.0,Zone 4,55.9,Zone 5,37.6,Zone 5,62.0,Zone 5,58.0,Zone 5,64.7,Zone 5,62.4,Zone 5,66.7,Zone 5
Kerala,Kasaragod,Padannakkad,26.0,2026-06-08,00:45:00,100.0,2026-06-07,00:45:00,2026-06-08 00:49:38,30.150000000000034,Zone 4,63.2,Zone 5,30.1,Zone 4,59.2,Zone 5,42.0,Zone 5,62.8,Zone 5,59.8,Zone 5,65.4,Zone 5,63.2,Zone 5,67.4,Zone 5
Kerala,Kasaragod,Panathur,24.9,2026-06-08,00:45:00,100.0,2026-06-07,00:45:00,2026-06-08 00:49:38,27.75,Zone 4,61.5,Zone 5,28.0,Zone 4,51.8,Zone 5,35.2,Zone 4,61.1,Zone 5,54.1,Zone 5,64.0,Zone 5,61.5,Zone 5,66.1,Zone 5
Kerala,Kollam,Chavara,25.6,2026-06-08,00:45:00,100.0,2026-06-07,00:45:00,2026-06-08 00:49:38,29.25,Zone 4,62.4,Zone 5,29.0,Zone 4,55.9,Zone 5,37.6,Zone 5,62.0,Zone 5,58.0,Zone 5,64.7,Zone 5,62.4,Zone 5,66.7,Zone 5
Kerala,Kollam,Karuvelil Tkmit,24.9,2026-06-08,00:45:00,88.0,2026-06-07,00:45:00,2026-06-08 00:49:38,26.850000000000023,Zone 4,59.1,Zone 5,27.0,Zone 4,40.4,Zone 5,33.5,Zone 4,57.8,Zone 5,42.4,Zone 5,61.9,Zone 5,59.1,Zone 5,64.3,Zone 5
Kerala,Kollam,Parippally,25.4,2026-06-08,00:45:00,100.0,2026-06-07,00:45:00,2026-06-08 00:49:38,28.75,Zone 4,62.4,Zone 5,29.0,Zone 4,55.9,Zone 5,37.6,Zone 5,62.0,Zone 5,58.0,Zone 5,64.7,Zone 5,62.4,Zone 5,66.7,Zone 5
Kerala,Kollam,Punalur,24.6,2026-06-08,00:45:00,100.0,2026-06-07,00:45:00,2026-06-08 00:49:38,27.25,Zone 4,60.7,Zone 5,27.0,Zone 4,47.6,Zone 5,34.0,Zone 4,60.2,Zone 5,50.0,Zone 5,63.2,Zone 5,60.7,Zone 5,65.5,Zone 5
Kerala,Kollam,Thenmala,26.0,2026-06-08,00:15:00,,,,2026-06-08 00:49:38,,,,,,,,,,,,,,,,,,,,
Kerala,Kottayam,Kottayam,25.4,2026-06-08,00:45:00,100.0,2026-06-07,00:45:00,2026-06-08 00:49:38,28.75,Zone 4,62.4,Zone 5,29.0,Zone 4,55.9,Zone 5,37.6,Zone 5,62.0,Zone 5,58.0,Zone 5,64.7,Zone 5,62.4,Zone 5,66.7,Zone 5
Kerala,Kottayam,Vadavathoor,25.4,2026-06-08,00:00:00,,,,2026-06-08 00:49:38,,,,,,,,,,,,,,,,,,,,
Kerala,Kottayam,Vaikkom,26.3,2026-06-08,00:45:00,100.0,2026-06-07,00:45:00,2026-06-08 00:49:38,30.850000000000023,Zone 4,64.1,Zone 5,31.3,Zone 4,60.2,Zone 5,47.0,Zone 5,63.7,Zone 5,60.8,Zone 5,66.2,Zone 5,64.1,Zone 5,68.0,Zone 5
Kerala,Kozhikode,Kozhikode,27.8,2026-06-08,00:00:00,,,,2026-06-08 00:49:38,,,,,,,,,,,,,,,,,,,,
Kerala,Kozhikode,Kunnamangalam,25.9,2026-06-08,00:45:00,100.0,2026-06-07,00:45:00,2026-06-08 00:49:38,29.850000000000023,Zone 4,63.2,Zone 5,30.1,Zone 4,59.2,Zone 5,42.0,Zone 5,62.8,Zone 5,59.8,Zone 5,65.4,Zone 5,63.2,Zone 5,67.4,Zone 5
Kerala,Kozhikode,Urumi,24.6,2026-06-08,00:15:00,,,,2026-06-08 00:49:38,,,,,,,,,,,,,,,,,,,,
Kerala,Kozhikode,Vadakara,26.0,2026-06-08,00:30:00,100.0,2026-06-07,00:30:00,2026-06-08 00:49:38,30.150000000000034,Zone 4,63.2,Zone 5,30.1,Zone 4,59.2,Zone 5,42.0,Zone 5,62.8,Zone 5,59.8,Zone 5,65.4,Zone 5,63.2,Zone 5,67.4,Zone 5
Kerala,Kozhikode,Vilangad,24.6,2026-06-08,00:45:00,100.0,2026-06-07,00:45:00,2026-06-08 00:49:38,27.25,Zone 4,60.7,Zone 5,27.0,Zone 4,47.6,Zone 5,34.0,Zone 4,60.2,Zone 5,50.0,Zone 5,63.2,Zone 5,60.7,Zone 5,65.5,Zone 5
Kerala,Malappuram,Nilambur,25.9,2026-06-08,00:45:00,100.0,2026-06-07,00:45:00,2026-06-08 00:49:38,29.850000000000023,Zone 4,63.2,Zone 5,30.1,Zone 4,59.2,Zone 5,42.0,Zone 5,62.8,Zone 5,59.8,Zone 5,65.4,Zone 5,63.2,Zone 5,67.4,Zone 5
Kerala,Malappuram,Palemad,26.1,2026-06-08,00:45:00,100.0,2026-06-07,00:45:00,2026-06-08 00:49:38,30.350000000000023,Zone 4,63.2,Zone 5,30.1,Zone 4,59.2,Zone 5,42.0,Zone 5,62.8,Zone 5,59.8,Zone 5,65.4,Zone 5,63.2,Zone 5,67.4,Zone 5
Kerala,Palakkad,Kollengode,25.4,2026-06-08,00:45:00,100.0,2026-06-07,00:45:00,2026-06-08 00:49:38,28.75,Zone 4,62.4,Zone 5,29.0,Zone 4,55.9,Zone 5,37.6,Zone 5,62.0,Zone 5,58.0,Zone 5,64.7,Zone 5,62.4,Zone 5,66.7,Zone 5
Kerala,Palakkad,Malampuzha Dam,25.4,2026-06-08,00:45:00,100.0,2026-06-07,00:45:00,2026-06-08 00:49:38,28.75,Zone 4,62.4,Zone 5,29.0,Zone 4,55.9,Zone 5,37.6,Zone 5,62.0,Zone 5,58.0,Zone 5,64.7,Zone 5,62.4,Zone 5,66.7,Zone 5
Kerala,Palakkad,Mangalam Dam,25.5,2026-06-08,00:45:00,100.0,2026-06-07,00:45:00,2026-06-08 00:49:38,29.05000000000001,Zone 4,62.4,Zone 5,29.0,Zone 4,55.9,Zone 5,37.6,Zone 5,62.0,Zone 5,58.0,Zone 5,64.7,Zone 5,62.4,Zone 5,66.7,Zone 5
Kerala,Palakkad,Mankara,26.8,2026-06-08,00:30:00,93.0,2026-06-07,00:30:00,2026-06-08 00:49:38,31.05000000000001,Zone 4,63.4,Zone 5,31.5,Zone 4,59.5,Zone 5,43.3,Zone 5,63.0,Zone 5,60.0,Zone 5,65.6,Zone 5,63.4,Zone 5,67.5,Zone 5
Kerala,Palakkad,Ottapalam,25.4,2026-06-08,00:45:00,100.0,2026-06-07,00:45:00,2026-06-08 00:49:38,28.75,Zone 4,62.4,Zone 5,29.0,Zone 4,55.9,Zone 5,37.6,Zone 5,62.0,Zone 5,58.0,Zone 5,64.7,Zone 5,62.4,Zone 5,66.7,Zone 5
Kerala,Palakkad,Pothundy Dam,25.4,2026-06-08,00:45:00,100.0,2026-06-07,00:45:00,2026-06-08 00:49:38,28.75,Zone 4,62.4,Zone 5,29.0,Zone 4,55.9,Zone 5,37.6,Zone 5,62.0,Zone 5,58.0,Zone 5,64.7,Zone 5,62.4,Zone 5,66.7,Zone 5
Kerala,Palakkad,Vannamada,24.9,2026-06-08,00:45:00,100.0,2026-06-07,00:45:00,2026-06-08 00:49:38,27.75,Zone 4,61.5,Zone 5,28.0,Zone 4,51.8,Zone 5,35.2,Zone 4,61.1,Zone 5,54.1,Zone 5,64.0,Zone 5,61.5,Zone 5,66.1,Zone 5
Kerala,Pathanamthitta,Konni,24.0,2026-06-08,00:00:00,,,,2026-06-08 00:49:38,,,,,,,,,,,,,,,,,,,,
Kerala,Pathanamthitta,Pathanamthitta,25.1,2026-06-08,00:45:00,100.0,2026-06-07,00:45:00,2026-06-08 00:49:38,28.150000000000034,Zone 4,61.5,Zone 5,28.0,Zone 4,51.8,Zone 5,35.2,Zone 4,61.1,Zone 5,54.1,Zone 5,64.0,Zone 5,61.5,Zone 5,66.1,Zone 5
Kerala,Pathanamthitta,Thiruvalla Kallunkal,28.4,2026-06-08,00:45:00,100.0,2026-06-07,00:45:00,2026-06-08 00:49:38,41.75,Zone 5,67.6,Zone 5,43.1,Zone 5,64.5,Zone 5,61.2,Zone 5,67.2,Zone 5,65.0,Zone 5,69.2,Zone 5,67.6,Zone 5,70.6,Zone 5
Kerala,Pathanamthitta,Ulanadu,25.0,2026-06-08,00:45:00,88.0,2026-06-07,00:45:00,2026-06-08 00:49:38,27.05000000000001,Zone 4,59.1,Zone 5,27.0,Zone 4,40.4,Zone 5,33.5,Zone 4,57.8,Zone 5,42.4,Zone 5,61.9,Zone 5,59.1,Zone 5,64.3,Zone 5
Kerala,Pathanamthitta,Venkurinji,25.1,2026-06-08,00:30:00,100.0,2026-06-07,00:30:00,2026-06-08 00:49:38,28.150000000000034,Zone 4,61.5,Zone 5,28.0,Zone 4,51.8,Zone 5,35.2,Zone 4,61.1,Zone 5,54.1,Zone 5,64.0,Zone 5,61.5,Zone 5,66.1,Zone 5
Kerala,Thiruvananthapuram,Palode,25.8,2026-06-08,00:00:00,,,,2026-06-08 00:49:38,,,,,,,,,,,,,,,,,,,,
Kerala,Thiruvananthapuram,Pirappancode,26.3,2026-06-08,00:45:00,100.0,2026-06-07,00:45:00,2026-06-08 00:49:38,30.850000000000023,Zone 4,64.1,Zone 5,31.3,Zone 4,60.2,Zone 5,47.0,Zone 5,63.7,Zone 5,60.8,Zone 5,66.2,Zone 5,64.1,Zone 5,68.0,Zone 5
Kerala,Thiruvananthapuram,Ponmudi,21.7,2026-06-08,00:45:00,100.0,2026-06-07,00:45:00,2026-06-08 00:49:38,23.350000000000023,Zone 3,45.7,Zone 5,23.2,Zone 3,33.6,Zone 4,28.5,Zone 4,44.3,Zone 5,34.1,Zone 4,58.9,Zone 5,45.7,Zone 5,61.8,Zone 5
Kerala,Thiruvananthapuram,Thattathumala,26.1,2026-06-08,00:45:00,100.0,2026-06-07,00:45:00,2026-06-08 00:49:38,30.350000000000023,Zone 4,63.2,Zone 5,30.1,Zone 4,59.2,Zone 5,42.0,Zone 5,62.8,Zone 5,59.8,Zone 5,65.4,Zone 5,63.2,Zone 5,67.4,Zone 5
Kerala,Thiruvananthapuram,Thiruvananthapuram,25.5,2026-06-08,00:45:00,82.0,2026-06-07,00:45:00,2026-06-08 00:49:38,27.450000000000045,Zone 4,57.6,Zone 5,27.4,Zone 4,38.8,Zone 4,33.6,Zone 4,56.1,Zone 5,40.4,Zone 5,61.5,Zone 5,57.6,Zone 5,64.0,Zone 5
Kerala,Thiruvananthapuram,Varkala,26.7,2026-06-08,00:45:00,99.0,2026-06-07,00:45:00,2026-06-08 00:49:38,31.650000000000034,Zone 4,63.9,Zone 5,31.2,Zone 4,60.0,Zone 5,45.8,Zone 5,63.5,Zone 5,60.5,Zone 5,66.0,Zone 5,63.9,Zone 5,67.9,Zone 5
Kerala,Thrissur,Athirappilly,25.4,2026-06-08,00:45:00,100.0,2026-06-07,00:45:00,2026-06-08 00:49:38,28.75,Zone 4,62.4,Zone 5,29.0,Zone 4,55.9,Zone 5,37.6,Zone 5,62.0,Zone 5,58.0,Zone 5,64.7,Zone 5,62.4,Zone 5,66.7,Zone 5
Kerala,Thrissur,Kunnamkulam,25.9,2026-06-08,00:30:00,100.0,2026-06-07,00:30:00,2026-06-08 00:49:38,29.850000000000023,Zone 4,63.2,Zone 5,30.1,Zone 4,59.2,Zone 5,42.0,Zone 5,62.8,Zone 5,59.8,Zone 5,65.4,Zone 5,63.2,Zone 5,67.4,Zone 5
Kerala,Thrissur,Lower Sholayar,22.5,2026-06-08,00:45:00,100.0,2026-06-07,00:45:00,2026-06-08 00:49:38,24.25,Zone 3,52.5,Zone 5,24.3,Zone 3,35.4,Zone 4,30.1,Zone 4,50.9,Zone 5,36.0,Zone 4,60.4,Zone 5,52.5,Zone 5,63.0,Zone 5
Kerala,Thrissur,Munakkal,25.3,2026-06-08,00:45:00,84.0,2026-06-07,00:45:00,2026-06-08 00:49:38,27.25,Zone 4,59.0,Zone 5,27.6,Zone 4,40.2,Zone 5,33.9,Zone 4,57.7,Zone 5,42.3,Zone 5,61.9,Zone 5,59.0,Zone 5,64.3,Zone 5
Kerala,Thrissur,Vilangankunnu,,,,99.0,2026-06-07,00:30:00,2026-06-08 00:49:38,,,,,,,,,,,,,,,,,,,,
Kerala,Wayanad,Kabanigiri,22.1,2026-06-08,00:30:00,100.0,2026-06-07,00:30:00,2026-06-08 00:49:38,23.850000000000023,Zone 3,49.1,Zone 5,23.7,Zone 3,34.5,Zone 4,29.3,Zone 4,47.5,Zone 5,35.0,Zone 4,59.7,Zone 5,49.1,Zone 5,62.4,Zone 5
Kerala,Wayanad,Kalpeta,21.9,2026-06-08,00:45:00,100.0,2026-06-07,00:45:00,2026-06-08 00:49:38,23.650000000000034,Zone 3,49.1,Zone 5,23.7,Zone 3,34.5,Zone 4,29.3,Zone 4,47.5,Zone 5,35.0,Zone 4,59.7,Zone 5,49.1,Zone 5,62.4,Zone 5
Kerala,Wayanad,Kuppadi,21.5,2026-06-08,00:00:00,,,,2026-06-08 00:49:38,,,,,,,,,,,,,,,,,,,,
Kerala,Wayanad,Meenangadi,22.5,2026-06-08,00:15:00,,,,2026-06-08 00:49:38,,,,,,,,,,,,,,,,,,,,
Kerala,Wayanad,Padamala,21.5,2026-06-08,00:45:00,100.0,2026-06-07,00:45:00,2026-06-08 00:49:38,23.150000000000034,Zone 3,45.7,Zone 5,23.2,Zone 3,33.6,Zone 4,28.5,Zone 4,44.3,Zone 5,34.1,Zone 4,58.9,Zone 5,45.7,Zone 5,61.8,Zone 5
Ladakh,Kargil,Dras,6.0,2026-06-08,00:45:00,68.0,2026-06-07,00:45:00,2026-06-08 00:49:38,5.150000000000034,Zone 2,22.8,Zone 3,5.2,Zone 2,19.5,Zone 3,13.5,Zone 2,22.9,Zone 3,19.2,Zone 3,25.1,Zone 3,22.8,Zone 3,28.2,Zone 4
Ladakh,Kargil,Garkon,18.0,2026-06-08,00:30:00,28.0,2026-06-07,00:30:00,2026-06-08 00:49:38,15.25,Zone 3,29.8,Zone 4,15.3,Zone 3,26.3,Zone 4,22.5,Zone 3,29.9,Zone 4,26.3,Zone 4,33.2,Zone 4,29.8,Zone 4,36.4,Zone 4
Ladakh,Kargil,Kargil,13.0,2026-06-08,00:30:00,34.0,2026-06-07,00:30:00,2026-06-08 00:49:38,10.650000000000034,Zone 2,26.1,Zone 4,10.6,Zone 2,23.2,Zone 3,18.5,Zone 3,26.2,Zone 4,23.1,Zone 3,29.5,Zone 4,26.1,Zone 4,32.8,Zone 4
Ladakh,Kargil,Padum Kvk,9.8,2026-06-08,00:30:00,37.0,2026-06-07,00:30:00,2026-06-08 00:49:38,7.850000000000023,Zone 2,24.4,Zone 3,8.0,Zone 2,21.5,Zone 3,16.0,Zone 3,24.5,Zone 3,21.3,Zone 3,27.4,Zone 4,24.4,Zone 3,30.6,Zone 4
Ladakh,Leh,Leh Amfu,10.8,2026-06-08,00:45:00,43.0,2026-06-07,00:45:00,2026-06-08 00:49:38,8.950000000000045,Zone 2,24.9,Zone 3,9.1,Zone 2,22.2,Zone 3,17.0,Zone 3,25.0,Zone 3,22.0,Zone 3,28.3,Zone 4,24.9,Zone 3,31.5,Zone 4
Ladakh,Leh,Mc Leh,10.7,2026-06-08,00:30:00,25.0,2026-06-07,00:30:00,2026-06-08 00:49:38,8.25,Zone 2,24.5,Zone 3,8.0,Zone 2,21.6,Zone 3,16.1,Zone 3,24.6,Zone 3,21.4,Zone 3,27.6,Zone 4,24.5,Zone 3,30.7,Zone 4
Ladakh,Leh,Nubra Hunder,11.9,2026-06-08,00:00:00,,,,2026-06-08 00:49:38,,,,,,,,,,,,,,,,,,,,
Ladakh,Leh,Nyoma Kvk,10.7,2026-06-08,00:30:00,23.0,2026-06-07,00:30:00,2026-06-08 00:49:38,8.150000000000034,Zone 2,24.5,Zone 3,8.0,Zone 2,21.6,Zone 3,16.0,Zone 3,24.6,Zone 3,21.4,Zone 3,27.5,Zone 4,24.5,Zone 3,30.6,Zone 4
Ladakh,Leh,Tangtse Durbuk,8.6,2026-06-08,00:30:00,30.0,2026-06-07,00:30:00,2026-06-08 00:49:38,6.550000000000011,Zone 2,23.6,Zone 3,6.4,Zone 2,20.5,Zone 3,14.5,Zone 3,23.8,Zone 3,20.2,Zone 3,26.3,Zone 4,23.6,Zone 3,29.4,Zone 4
Ladakh,Leh,Upshi,13.7,2026-06-08,00:30:00,23.0,2026-06-07,00:30:00,2026-06-08 00:49:38,10.850000000000023,Zone 2,26.2,Zone 4,10.7,Zone 2,23.4,Zone 3,18.6,Zone 3,26.4,Zone 4,23.2,Zone 3,29.6,Zone 4,26.2,Zone 4,32.7,Zone 4
Madhya Pradesh,Agar,Agar Malwa,30.5,2026-06-08,00:45:00,54.0,2026-06-07,00:45:00,2026-06-08 00:49:38,32.650000000000034,Zone 4,59.2,Zone 5,32.7,Zone 4,42.8,Zone 4,38.2,Zone 4,58.5,Zone 5,43.4,Zone 4,62.0,Zone 5,59.2,Zone 5,64.4,Zone 5
Madhya Pradesh,Ashoknagar,Aonwari Kvk,31.5,2026-06-08,00:30:00,35.0,2026-06-07,00:30:00,2026-06-08 00:49:38,31.55000000000001,Zone 4,44.6,Zone 4,31.6,Zone 4,40.2,Zone 4,36.2,Zone 4,44.3,Zone 4,40.5,Zone 4,56.3,Zone 5,44.6,Zone 4,61.2,Zone 5
Madhya Pradesh,Barwani,Talun Kvk,31.8,2026-06-08,00:45:00,44.0,2026-06-07,00:45:00,2026-06-08 00:49:38,33.25,Zone 4,56.5,Zone 5,33.5,Zone 4,43.0,Zone 4,38.6,Zone 4,55.1,Zone 5,43.4,Zone 4,61.3,Zone 5,56.5,Zone 5,63.8,Zone 5
Madhya Pradesh,Betul,Betul,,,,66.0,2026-06-07,00:30:00,2026-06-08 00:49:38,,,,,,,,,,,,,,,,,,,,
Madhya Pradesh,Bhopal,Berasia,29.5,2026-06-08,00:30:00,56.0,2026-06-07,00:30:00,2026-06-08 00:49:38,31.350000000000023,Zone 4,56.7,Zone 5,31.3,Zone 4,41.5,Zone 4,36.8,Zone 4,55.3,Zone 5,42.0,Zone 4,61.3,Zone 5,56.7,Zone 5,63.8,Zone 5
Madhya Pradesh,Bhopal,Islamnagar,28.3,2026-06-08,00:30:00,66.0,2026-06-07,00:30:00,2026-06-08 00:49:38,30.55000000000001,Zone 4,59.5,Zone 5,30.9,Zone 4,42.4,Zone 5,36.9,Zone 4,59.1,Zone 5,44.6,Zone 5,62.3,Zone 5,59.5,Zone 5,64.6,Zone 5
Madhya Pradesh,Bhopal ,Bhopal,30.4,2026-06-08,00:30:00,47.0,2026-06-07,00:30:00,2026-06-08 00:49:38,31.55000000000001,Zone 4,52.2,Zone 5,31.7,Zone 4,41.2,Zone 4,36.8,Zone 4,50.7,Zone 5,41.6,Zone 4,60.3,Zone 5,52.2,Zone 5,62.9,Zone 5
Madhya Pradesh,Datia,Datia,31.4,2026-06-08,00:30:00,43.0,2026-06-07,00:30:00,2026-06-08 00:49:38,32.450000000000045,Zone 4,52.7,Zone 5,32.6,Zone 4,41.9,Zone 4,37.6,Zone 4,51.2,Zone 5,42.3,Zone 4,60.4,Zone 5,52.7,Zone 5,63.0,Zone 5
Madhya Pradesh,Dewas,Kannod,27.3,2026-06-08,00:30:00,89.0,2026-06-07,00:30:00,2026-06-08 00:49:38,31.650000000000034,Zone 4,63.4,Zone 5,32.1,Zone 4,59.4,Zone 5,43.1,Zone 5,63.0,Zone 5,60.0,Zone 5,65.6,Zone 5,63.4,Zone 5,67.5,Zone 5
Madhya Pradesh,Dhar,Dhar,29.0,2026-06-08,00:30:00,59.0,2026-06-07,00:30:00,2026-06-08 00:49:38,30.950000000000045,Zone 4,57.0,Zone 5,30.9,Zone 4,41.2,Zone 4,36.5,Zone 4,55.6,Zone 5,41.7,Zone 4,61.4,Zone 5,57.0,Zone 5,63.9,Zone 5
Madhya Pradesh,Hoshangabad,Hoshangabad Amfu,25.7,2026-06-08,00:30:00,83.0,2026-06-07,00:30:00,2026-06-08 00:49:38,27.850000000000023,Zone 4,58.4,Zone 5,27.5,Zone 4,39.4,Zone 5,33.8,Zone 4,56.9,Zone 5,41.3,Zone 5,61.7,Zone 5,58.4,Zone 5,64.1,Zone 5
Madhya Pradesh,Hoshangabad,Pachmarhi Aec,25.5,2026-06-08,00:45:00,70.0,2026-06-07,00:45:00,2026-06-08 00:49:38,26.650000000000034,Zone 4,47.1,Zone 5,26.6,Zone 4,37.0,Zone 4,32.2,Zone 4,45.6,Zone 5,37.4,Zone 4,59.3,Zone 5,47.1,Zone 5,62.0,Zone 5
Madhya Pradesh,Mandsaur,Mandsour,30.3,2026-06-08,00:30:00,58.0,2026-06-07,00:30:00,2026-06-08 00:49:38,32.950000000000045,Zone 4,60.4,Zone 5,33.3,Zone 4,46.4,Zone 5,39.1,Zone 4,60.0,Zone 5,48.6,Zone 5,63.0,Zone 5,60.4,Zone 5,65.3,Zone 5
Madhya Pradesh,Neemuch,Marukheda Kvk,30.6,2026-06-08,00:45:00,62.0,2026-06-07,00:45:00,2026-06-08 00:49:38,34.150000000000034,Zone 4,61.5,Zone 5,34.0,Zone 4,51.8,Zone 5,40.1,Zone 4,61.1,Zone 5,54.0,Zone 5,63.9,Zone 5,61.5,Zone 5,66.1,Zone 5
Madhya Pradesh,Niwari,Prithvipur,31.2,2026-06-08,00:30:00,34.0,2026-06-07,00:30:00,2026-06-08 00:49:38,31.05000000000001,Zone 4,43.7,Zone 4,30.8,Zone 4,39.3,Zone 4,35.4,Zone 4,43.4,Zone 4,39.6,Zone 4,53.3,Zone 5,43.7,Zone 4,60.5,Zone 5
Madhya Pradesh,Rajgarh,Rajgarh Kvk,29.2,2026-06-08,00:45:00,53.0,2026-06-07,00:45:00,2026-06-08 00:49:38,30.55000000000001,Zone 4,50.7,Zone 5,30.2,Zone 4,40.0,Zone 4,35.5,Zone 4,49.2,Zone 5,40.4,Zone 4,60.0,Zone 5,50.7,Zone 5,62.7,Zone 5
Madhya Pradesh,Sagar,Khurai,30.4,2026-06-08,00:30:00,50.0,2026-06-07,00:30:00,2026-06-08 00:49:38,31.950000000000045,Zone 4,55.7,Zone 5,32.1,Zone 4,41.9,Zone 4,37.4,Zone 4,54.2,Zone 5,42.3,Zone 4,61.1,Zone 5,55.7,Zone 5,63.6,Zone 5
Madhya Pradesh,Sagar,Sagar,28.1,2026-06-08,00:30:00,52.0,2026-06-07,00:30:00,2026-06-08 00:49:38,28.850000000000023,Zone 4,44.0,Zone 5,28.8,Zone 4,38.2,Zone 4,33.9,Zone 4,42.8,Zone 4,38.6,Zone 4,57.6,Zone 5,44.0,Zone 5,61.4,Zone 5
Madhya Pradesh,Satna,Satna,28.1,2026-06-08,00:30:00,55.0,2026-06-07,00:30:00,2026-06-08 00:49:38,29.150000000000034,Zone 4,47.1,Zone 5,29.0,Zone 4,38.7,Zone 4,34.3,Zone 4,45.7,Zone 5,39.1,Zone 4,59.3,Zone 5,47.1,Zone 5,62.0,Zone 5
Madhya Pradesh,Sehore,Ahmadpur Iitm,27.4,2026-06-08,00:30:00,60.0,2026-06-07,00:30:00,2026-06-08 00:49:38,28.55000000000001,Zone 4,49.4,Zone 5,28.7,Zone 4,38.8,Zone 4,34.2,Zone 4,47.9,Zone 5,39.2,Zone 4,59.7,Zone 5,49.4,Zone 5,62.4,Zone 5
Madhya Pradesh,Sehore,Bhairunda,27.0,2026-06-08,00:30:00,,,,2026-06-08 00:49:38,,,,,,,,,,,,,,,,,,,,
Madhya Pradesh,Shahdol,Kalyanpur Kvk,27.7,2026-06-08,00:30:00,45.0,2026-06-07,00:30:00,2026-06-08 00:49:38,27.850000000000023,Zone 4,41.0,Zone 4,27.6,Zone 4,36.6,Zone 4,32.4,Zone 4,40.8,Zone 4,36.8,Zone 4,49.1,Zone 5,41.0,Zone 4,59.6,Zone 5
Madhya Pradesh,Shajapur,Shajapur,29.6,2026-06-08,00:30:00,59.0,2026-06-07,00:30:00,2026-06-08 00:49:38,31.850000000000023,Zone 4,59.2,Zone 5,31.7,Zone 4,42.2,Zone 4,37.4,Zone 4,58.3,Zone 5,43.0,Zone 5,62.0,Zone 5,59.2,Zone 5,64.4,Zone 5
Madhya Pradesh,Sheopur,Sheopur,,,,71.0,2026-06-07,00:30:00,2026-06-08 00:49:38,,,,,,,,,,,,,,,,,,,,
Madhya Pradesh,Shivpuri,Shivpuri,30.7,2026-06-08,00:30:00,45.0,2026-06-07,00:30:00,2026-06-08 00:49:38,31.75,Zone 4,49.8,Zone 5,31.5,Zone 4,40.8,Zone 4,36.5,Zone 4,48.3,Zone 5,41.2,Zone 4,59.8,Zone 5,49.8,Zone 5,62.5,Zone 5
Madhya Pradesh,Sidhi,Rampur Naikin,27.6,2026-06-08,00:30:00,63.0,2026-06-07,00:30:00,2026-06-08 00:49:38,29.150000000000034,Zone 4,52.5,Zone 5,29.0,Zone 4,39.3,Zone 4,34.6,Zone 4,50.9,Zone 5,39.8,Zone 4,60.4,Zone 5,52.5,Zone 5,63.0,Zone 5
Madhya Pradesh,Sidhi,Sidhi,29.9,2026-06-08,00:30:00,51.0,2026-06-07,00:30:00,2026-06-08 00:49:38,31.350000000000023,Zone 4,54.1,Zone 5,31.5,Zone 4,41.2,Zone 4,36.8,Zone 4,52.6,Zone 5,41.7,Zone 4,60.7,Zone 5,54.1,Zone 5,63.3,Zone 5
Madhya Pradesh,Ujjain,Tarana,29.9,2026-06-08,00:15:00,,,,2026-06-08 00:49:38,,,,,,,,,,,,,,,,,,,,
Madhya Pradesh,Ujjain,Vikram Vv Ujjain,29.9,2026-06-08,00:45:00,57.0,2026-06-07,00:45:00,2026-06-08 00:49:38,32.150000000000034,Zone 4,59.4,Zone 5,32.3,Zone 4,42.6,Zone 4,37.9,Zone 4,58.9,Zone 5,43.8,Zone 5,62.1,Zone 5,59.4,Zone 5,64.5,Zone 5
Madhya Pradesh,Vidisha,Kurwai,28.1,2026-06-08,00:30:00,85.0,2026-06-07,00:30:00,2026-06-08 00:49:38,32.85000000000002,Zone 4,63.3,Zone 5,32.6,Zone 4,59.3,Zone 5,42.6,Zone 5,62.9,Zone 5,59.9,Zone 5,65.5,Zone 5,63.3,Zone 5,67.5,Zone 5
Madhya Pradesh,Vidisha,Lateri,,,,52.0,2026-06-07,00:45:00,2026-06-08 00:49:38,,,,,,,,,,,,,,,,,,,,
Madhya Pradesh,Vidisha,Vidisha,28.9,2026-06-08,00:30:00,58.0,2026-06-07,00:30:00,2026-06-08 00:49:38,30.650000000000034,Zone 4,56.0,Zone 5,30.8,Zone 4,41.0,Zone 4,36.3,Zone 4,54.6,Zone 5,41.5,Zone 4,61.1,Zone 5,56.0,Zone 5,63.7,Zone 5
Maharashtra,Ahilyanagar,Ahilyanagar,27.4,2026-06-08,00:30:00,72.0,2026-06-07,00:30:00,2026-06-08 00:49:38,29.75,Zone 4,59.5,Zone 5,29.9,Zone 4,42.2,Zone 5,36.0,Zone 4,59.1,Zone 5,44.3,Zone 5,62.2,Zone 5,59.5,Zone 5,64.6,Zone 5
Maharashtra,Beed,Beed Pto,27.2,2026-06-08,00:45:00,76.0,2026-06-07,00:45:00,2026-06-08 00:49:38,29.75,Zone 4,59.6,Zone 5,29.4,Zone 4,42.9,Zone 5,35.7,Zone 4,59.2,Zone 5,45.1,Zone 5,62.4,Zone 5,59.6,Zone 5,64.7,Zone 5
Maharashtra,Chandrapur,Chandrapur Aws400,34.0,2026-06-08,00:45:00,38.0,2026-06-07,00:45:00,2026-06-08 00:49:38,35.450000000000045,Zone 4,58.9,Zone 5,35.5,Zone 4,44.6,Zone 4,40.4,Zone 4,57.5,Zone 5,45.1,Zone 4,61.8,Zone 5,58.9,Zone 5,64.2,Zone 5
Maharashtra,Dhule,Dhule,31.7,2026-06-08,00:30:00,64.0,2026-06-07,00:30:00,2026-06-08 00:49:38,37.05000000000001,Zone 4,63.6,Zone 5,36.6,Zone 4,59.6,Zone 5,43.9,Zone 5,63.2,Zone 5,60.2,Zone 5,65.7,Zone 5,63.6,Zone 5,67.6,Zone 5
Maharashtra,Gondia,Tiroda,,,,51.0,2026-06-07,00:30:00,2026-06-08 00:49:38,,,,,,,,,,,,,,,,,,,,
Maharashtra,Hingoli,Hingoli,29.3,2026-06-08,00:30:00,81.0,2026-06-07,00:30:00,2026-06-08 00:49:38,35.05000000000001,Zone 4,64.8,Zone 5,35.6,Zone 4,61.1,Zone 5,51.7,Zone 5,64.5,Zone 5,61.7,Zone 5,66.8,Zone 5,64.8,Zone 5,68.6,Zone 5
Maharashtra,Hingoli,Tondapur Aws400,26.8,2026-06-08,00:45:00,71.0,2026-06-07,00:45:00,2026-06-08 00:49:38,28.650000000000034,Zone 4,57.1,Zone 5,29.0,Zone 4,39.8,Zone 4,34.9,Zone 4,55.6,Zone 5,40.4,Zone 4,61.4,Zone 5,57.1,Zone 5,63.9,Zone 5
Maharashtra,Kolhapur,Radhanagri Ars,23.6,2026-06-08,00:45:00,100.0,2026-06-07,00:45:00,2026-06-08 00:49:38,25.450000000000045,Zone 4,58.9,Zone 5,25.3,Zone 3,39.9,Zone 5,31.9,Zone 4,57.4,Zone 5,42.0,Zone 5,61.8,Zone 5,58.9,Zone 5,64.2,Zone 5
Maharashtra,Mumbai Suburban,Bandra,31.2,2026-06-08,00:30:00,,,,2026-06-08 00:49:38,,,,,,,,,,,,,,,,,,,,
Maharashtra,Mumbai Suburban,Dahisar,30.6,2026-06-08,00:30:00,,,,2026-06-08 00:49:38,,,,,,,,,,,,,,,,,,,,
Maharashtra,Mumbai Suburban,Juhu Airport,36.7,2026-06-08,00:30:00,88.0,2026-06-07,00:30:00,2026-06-08 00:49:38,78.65000000000003,Zone 6,86.6,Zone 6,77.8,Zone 6,83.0,Zone 6,80.8,Zone 6,85.9,Zone 6,83.7,Zone 6,88.8,Zone 6,86.6,Zone 6,91.6,Zone 6
Maharashtra,Mumbai Suburban,Ram Mandir,30.5,2026-06-08,00:30:00,,,,2026-06-08 00:49:38,,,,,,,,,,,,,,,,,,,,
Maharashtra,Mumbai Suburban,Tata Power Chembur,30.7,2026-06-08,00:30:00,25.0,2026-06-07,00:30:00,2026-06-08 00:49:38,29.650000000000034,Zone 4,41.2,Zone 4,29.4,Zone 4,37.3,Zone 4,33.6,Zone 4,41.0,Zone 4,37.5,Zone 4,44.6,Zone 4,41.2,Zone 4,54.9,Zone 5
Maharashtra,Mumbai Suburban,Vidyavihar,30.8,2026-06-08,00:30:00,75.0,2026-06-07,00:30:00,2026-06-08 00:49:38,37.650000000000034,Zone 4,65.8,Zone 5,38.3,Zone 4,62.3,Zone 5,57.1,Zone 5,65.4,Zone 5,62.8,Zone 5,67.6,Zone 5,65.8,Zone 5,69.3,Zone 5
Maharashtra,Mumbai Suburban,Vikhroli,31.2,2026-06-08,00:30:00,70.0,2026-06-07,00:30:00,2026-06-08 00:49:38,37.35000000000002,Zone 4,64.4,Zone 5,36.9,Zone 4,60.7,Zone 5,49.2,Zone 5,64.0,Zone 5,61.2,Zone 5,66.5,Zone 5,64.4,Zone 5,68.3,Zone 5
Maharashtra,Mumbai City,Byculla Mumbai,31.7,2026-06-08,00:30:00,,,,2026-06-08 00:49:38,,,,,,,,,,,,,,,,,,,,
Maharashtra,Mumbai City,Mahalaxmi,30.9,2026-06-08,00:30:00,,,,2026-06-08 00:49:38,,,,,,,,,,,,,,,,,,,,
Maharashtra,Mumbai City,Mumbai Santa Cruz,30.7,2026-06-08,00:30:00,100.0,2026-06-07,00:30:00,2026-06-08 00:49:38,62.650000000000034,Zone 5,71.1,Zone 5,62.0,Zone 5,68.8,Zone 5,66.5,Zone 5,70.8,Zone 5,69.3,Zone 5,73.1,Zone 6,71.1,Zone 5,76.0,Zone 6
Maharashtra,Nagpur,Nagpur,33.6,2026-06-08,00:30:00,50.0,2026-06-07,00:30:00,2026-06-08 00:49:38,37.55000000000001,Zone 4,62.3,Zone 5,37.3,Zone 4,55.7,Zone 5,43.1,Zone 4,61.9,Zone 5,57.8,Zone 5,64.7,Zone 5,62.3,Zone 5,66.7,Zone 5
Maharashtra,Nagpur,Nagpur Kvk,33.7,2026-06-08,00:45:00,34.0,2026-06-07,00:45:00,2026-06-08 00:49:38,34.25,Zone 4,51.0,Zone 5,34.0,Zone 4,42.7,Zone 4,38.7,Zone 4,49.5,Zone 5,43.1,Zone 4,60.1,Zone 5,51.0,Zone 5,62.7,Zone 5
Maharashtra,Nagpur,Ramtek Aws400,31.8,2026-06-08,00:45:00,41.0,2026-06-07,00:45:00,2026-06-08 00:49:38,32.75,Zone 4,52.8,Zone 5,33.0,Zone 4,42.2,Zone 4,38.0,Zone 4,51.3,Zone 5,42.6,Zone 4,60.4,Zone 5,52.8,Zone 5,63.1,Zone 5
Maharashtra,Nanded,Nanded,26.9,2026-06-08,00:45:00,100.0,2026-06-07,00:45:00,2026-06-08 00:49:38,32.35000000000002,Zone 4,65.0,Zone 5,32.7,Zone 4,61.3,Zone 5,52.3,Zone 5,64.6,Zone 5,61.8,Zone 5,66.9,Zone 5,65.0,Zone 5,68.7,Zone 5
Maharashtra,Nanded,Sagroli Kvk,29.4,2026-06-08,00:45:00,64.0,2026-06-07,00:45:00,2026-06-08 00:49:38,32.25,Zone 4,60.5,Zone 5,32.4,Zone 4,47.1,Zone 5,38.4,Zone 4,60.1,Zone 5,49.4,Zone 5,63.1,Zone 5,60.5,Zone 5,65.4,Zone 5
Maharashtra,Nandurbar,Shahada Aws400,29.9,2026-06-08,00:45:00,74.0,2026-06-07,00:45:00,2026-06-08 00:49:38,35.05000000000001,Zone 4,63.9,Zone 5,35.3,Zone 4,60.0,Zone 5,45.9,Zone 5,63.5,Zone 5,60.6,Zone 5,66.0,Zone 5,63.9,Zone 5,67.9,Zone 5
Maharashtra,Nashik,Kalwan,27.3,2026-06-08,00:30:00,,,,2026-06-08 00:49:38,,,,,,,,,,,,,,,,,,,,
Maharashtra,Nashik,Malegaon,28.8,2026-06-08,00:30:00,71.0,2026-06-07,00:30:00,2026-06-08 00:49:38,32.150000000000034,Zone 4,61.6,Zone 5,32.5,Zone 4,52.1,Zone 5,38.9,Zone 4,61.2,Zone 5,54.4,Zone 5,64.0,Zone 5,61.6,Zone 5,66.1,Zone 5
Maharashtra,Nashik,Trimbakeshwar,26.7,2026-06-08,00:30:00,,,,2026-06-08 00:49:38,,,,,,,,,,,,,,,,,,,,
Maharashtra,Nashik,Vilholi,26.4,2026-06-08,00:45:00,84.0,2026-06-07,00:45:00,2026-06-08 00:49:38,29.150000000000034,Zone 4,60.6,Zone 5,29.3,Zone 4,47.6,Zone 5,36.0,Zone 4,60.2,Zone 5,50.0,Zone 5,63.2,Zone 5,60.6,Zone 5,65.5,Zone 5
Maharashtra,Palghar,Palghar Aws400,30.4,2026-06-08,00:45:00,90.0,2026-06-07,00:45:00,2026-06-08 00:49:38,50.85000000000002,Zone 5,68.7,Zone 5,52.3,Zone 5,65.9,Zone 5,62.9,Zone 5,68.4,Zone 5,66.4,Zone 5,70.2,Zone 5,68.7,Zone 5,71.5,Zone 5
Maharashtra,Pune, Nimgiri Junnar,25.5,2026-06-08,00:30:00,,,,2026-06-08 00:49:38,,,,,,,,,,,,,,,,,,,,
Maharashtra,Pune,Blindschool Kp Pune,28.5,2026-06-08,00:30:00,77.0,2026-06-07,00:30:00,2026-06-08 00:49:38,32.450000000000045,Zone 4,62.2,Zone 5,32.5,Zone 4,55.4,Zone 5,39.2,Zone 4,61.8,Zone 5,57.5,Zone 5,64.6,Zone 5,62.2,Zone 5,66.7,Zone 5
Maharashtra,Pune,Cagmo Shivajinagar,28.3,2026-06-08,00:30:00,69.0,2026-06-07,00:30:00,2026-06-08 00:49:38,30.950000000000045,Zone 4,60.3,Zone 5,31.3,Zone 4,45.9,Zone 5,37.4,Zone 4,59.9,Zone 5,48.2,Zone 5,62.9,Zone 5,60.3,Zone 5,65.2,Zone 5
Maharashtra,Pune,Chinchwad Pune,27.4,2026-06-08,00:30:00,71.0,2026-06-07,00:30:00,2026-06-08 00:49:38,29.650000000000034,Zone 4,59.2,Zone 5,29.8,Zone 4,41.1,Zone 5,35.8,Zone 4,58.4,Zone 5,43.2,Zone 5,62.0,Zone 5,59.2,Zone 5,64.4,Zone 5
Maharashtra,Pune,Cme Dapodi,28.2,2026-06-08,00:30:00,77.0,2026-06-07,00:30:00,2026-06-08 00:49:38,31.850000000000023,Zone 4,61.5,Zone 5,31.4,Zone 4,51.6,Zone 5,38.0,Zone 4,61.0,Zone 5,53.9,Zone 5,63.9,Zone 5,61.5,Zone 5,66.1,Zone 5
Maharashtra,Pune,Dps Hadapsar Pune,28.1,2026-06-08,00:30:00,79.0,2026-06-07,00:30:00,2026-06-08 00:49:38,31.950000000000045,Zone 4,61.9,Zone 5,31.7,Zone 4,53.9,Zone 5,38.4,Zone 4,61.5,Zone 5,56.1,Zone 5,64.3,Zone 5,61.9,Zone 5,66.4,Zone 5
Maharashtra,Pune,Girivan,26.3,2026-06-08,00:00:00,,,,2026-06-08 00:49:38,,,,,,,,,,,,,,,,,,,,
Maharashtra,Pune,Khadakwadi Ambegaon,26.9,2026-06-08,00:30:00,71.0,2026-06-07,00:30:00,2026-06-08 00:49:38,28.75,Zone 4,57.1,Zone 5,29.0,Zone 4,39.8,Zone 4,34.9,Zone 4,55.6,Zone 5,40.4,Zone 4,61.4,Zone 5,57.1,Zone 5,63.9,Zone 5
Maharashtra,Pune,Khutbav Daund,27.9,2026-06-08,00:00:00,,,,2026-06-08 00:49:38,,,,,,,,,,,,,,,,,,,,
Maharashtra,Pune,Lavale,24.7,2026-06-08,00:30:00,86.0,2026-06-07,00:30:00,2026-06-08 00:49:38,26.450000000000045,Zone 4,54.7,Zone 5,26.1,Zone 4,37.5,Zone 4,32.3,Zone 4,53.2,Zone 5,38.0,Zone 4,60.8,Zone 5,54.7,Zone 5,63.4,Zone 5
Maharashtra,Pune,Lonikalbhor Haveli,26.4,2026-06-08,00:30:00,73.0,2026-06-07,00:30:00,2026-06-08 00:49:38,28.150000000000034,Zone 4,56.0,Zone 5,28.3,Zone 4,39.2,Zone 4,34.3,Zone 4,54.4,Zone 5,39.8,Zone 4,61.1,Zone 5,56.0,Zone 5,63.6,Zone 5
Maharashtra,Pune,Magarpatta Pune,27.3,2026-06-08,00:30:00,68.0,2026-06-07,00:30:00,2026-06-08 00:49:38,29.150000000000034,Zone 4,57.3,Zone 5,29.5,Zone 4,40.2,Zone 4,35.3,Zone 4,55.8,Zone 5,40.8,Zone 4,61.4,Zone 5,57.3,Zone 5,63.9,Zone 5
Maharashtra,Pune,Malin Ambegaon,26.2,2026-06-08,00:30:00,87.0,2026-06-07,00:30:00,2026-06-08 00:49:38,29.05000000000001,Zone 4,60.5,Zone 5,28.7,Zone 4,46.9,Zone 5,35.4,Zone 4,60.1,Zone 5,49.2,Zone 5,63.1,Zone 5,60.5,Zone 5,65.4,Zone 5
Maharashtra,Pune,Mti Pashan Pune,28.7,2026-06-08,00:30:00,81.0,2026-06-07,00:30:00,2026-06-08 00:49:38,33.55000000000001,Zone 4,63.2,Zone 5,33.1,Zone 4,59.2,Zone 5,42.0,Zone 5,62.8,Zone 5,59.7,Zone 5,65.4,Zone 5,63.2,Zone 5,67.4,Zone 5
Maharashtra,Pune,Narayangoan Krishi Kendra,26.6,2026-06-08,00:30:00,92.0,2026-06-07,00:30:00,2026-06-08 00:49:38,30.450000000000045,Zone 4,62.4,Zone 5,30.2,Zone 4,56.0,Zone 5,37.7,Zone 5,62.0,Zone 5,58.1,Zone 5,64.7,Zone 5,62.4,Zone 5,66.8,Zone 5
Maharashtra,Pune,Nda Pune,26.9,2026-06-08,00:30:00,69.0,2026-06-07,00:30:00,2026-06-08 00:49:38,28.650000000000034,Zone 4,55.3,Zone 5,28.8,Zone 4,39.5,Zone 4,34.6,Zone 4,53.8,Zone 5,40.0,Zone 4,61.0,Zone 5,55.3,Zone 5,63.5,Zone 5
Maharashtra,Pune,Niasm Baramati,25.2,2026-06-08,00:30:00,85.0,2026-06-07,00:30:00,2026-06-08 00:49:38,27.150000000000034,Zone 4,57.0,Zone 5,26.8,Zone 4,38.3,Zone 4,33.1,Zone 4,55.5,Zone 5,39.7,Zone 5,61.4,Zone 5,57.0,Zone 5,63.8,Zone 5
Maharashtra,Pune,Pabal Shirur,24.3,2026-06-08,00:30:00,87.0,2026-06-07,00:30:00,2026-06-08 00:49:38,25.850000000000023,Zone 4,55.5,Zone 5,26.2,Zone 4,37.6,Zone 4,32.4,Zone 4,54.0,Zone 5,38.2,Zone 4,61.0,Zone 5,55.5,Zone 5,63.6,Zone 5
Maharashtra,Pune,Pashan Aws Lab,26.9,2026-06-08,00:30:00,97.0,2026-06-07,00:30:00,2026-06-08 00:49:38,31.850000000000023,Zone 4,64.3,Zone 5,32.1,Zone 4,60.5,Zone 5,48.4,Zone 5,63.9,Zone 5,61.1,Zone 5,66.4,Zone 5,64.3,Zone 5,68.2,Zone 5
Maharashtra,Pune,Rajgurunagar,27.3,2026-06-08,00:30:00,77.0,2026-06-07,00:30:00,2026-06-08 00:49:38,30.05000000000001,Zone 4,60.7,Zone 5,30.5,Zone 4,47.7,Zone 5,36.9,Zone 4,60.3,Zone 5,50.0,Zone 5,63.2,Zone 5,60.7,Zone 5,65.5,Zone 5
Maharashtra,Pune,Rjspmcop Dudulgaon,27.8,2026-06-08,00:30:00,91.0,2026-06-07,00:30:00,2026-06-08 00:49:38,33.150000000000034,Zone 4,64.7,Zone 5,33.7,Zone 4,61.0,Zone 5,50.8,Zone 5,64.3,Zone 5,61.5,Zone 5,66.7,Zone 5,64.7,Zone 5,68.5,Zone 5
Maharashtra,Pune,Talegaon,26.3,2026-06-08,00:30:00,,,,2026-06-08 00:49:38,,,,,,,,,,,,,,,,,,,,
Maharashtra,Pune,Wadgaonsheri Pune,27.6,2026-06-08,00:30:00,67.0,2026-06-07,00:30:00,2026-06-08 00:49:38,29.55000000000001,Zone 4,56.3,Zone 5,29.4,Zone 4,40.0,Zone 4,35.2,Zone 4,54.9,Zone 5,40.6,Zone 4,61.2,Zone 5,56.3,Zone 5,63.7,Zone 5
Maharashtra,Pune,Walhe Purandar,27.2,2026-06-08,00:30:00,77.0,2026-06-07,00:30:00,2026-06-08 00:49:38,29.850000000000023,Zone 4,59.9,Zone 5,29.5,Zone 4,43.9,Zone 5,35.8,Zone 4,59.5,Zone 5,46.2,Zone 5,62.6,Zone 5,59.9,Zone 5,64.9,Zone 5
Maharashtra,Raigad,Iighq Newpanvel,31.0,2026-06-08,00:30:00,100.0,2026-06-07,00:30:00,2026-06-08 00:49:38,63.75,Zone 5,72.6,Zone 6,63.8,Zone 5,70.0,Zone 5,67.9,Zone 5,72.0,Zone 6,70.4,Zone 5,74.9,Zone 6,72.6,Zone 6,77.8,Zone 6
Maharashtra,Raigad,Karjat,30.4,2026-06-08,00:30:00,71.0,2026-06-07,00:30:00,2026-06-08 00:49:38,35.650000000000034,Zone 4,63.9,Zone 5,35.9,Zone 4,60.0,Zone 5,46.0,Zone 5,63.5,Zone 5,60.6,Zone 5,66.0,Zone 5,63.9,Zone 5,67.9,Zone 5
Maharashtra,Raigad,Matheran,24.6,2026-06-08,00:45:00,100.0,2026-06-07,00:45:00,2026-06-08 00:49:38,27.25,Zone 4,60.7,Zone 5,27.0,Zone 4,47.6,Zone 5,34.0,Zone 4,60.2,Zone 5,50.0,Zone 5,63.2,Zone 5,60.7,Zone 5,65.5,Zone 5
Maharashtra,Ratnagiri,Dapoli,28.1,2026-06-08,00:30:00,95.0,2026-06-07,00:30:00,2026-06-08 00:49:38,34.85000000000002,Zone 4,65.6,Zone 5,34.5,Zone 4,62.0,Zone 5,56.1,Zone 5,65.2,Zone 5,62.6,Zone 5,67.5,Zone 5,65.6,Zone 5,69.1,Zone 5
Maharashtra,Ratnagiri,Ratnagiri Aws400,26.4,2026-06-08,00:45:00,97.0,2026-06-07,00:45:00,2026-06-08 00:49:38,30.650000000000034,Zone 4,63.5,Zone 5,30.9,Zone 4,59.5,Zone 5,43.3,Zone 5,63.0,Zone 5,60.0,Zone 5,65.6,Zone 5,63.5,Zone 5,67.5,Zone 5
Maharashtra,Ratnagiri,Savarde(Golwane),27.2,2026-06-08,00:30:00,,,,2026-06-08 00:49:38,,,,,,,,,,,,,,,,,,,,
Maharashtra,Satara,Mahabaleshwar,20.4,2026-06-08,00:30:00,100.0,2026-06-07,00:30:00,2026-06-08 00:49:38,21.950000000000045,Zone 3,39.6,Zone 5,22.0,Zone 3,32.0,Zone 4,27.0,Zone 4,38.4,Zone 5,32.4,Zone 4,53.6,Zone 5,39.6,Zone 5,60.6,Zone 5
Maharashtra,Sindhudurg,Devgad,25.4,2026-06-08,00:30:00,99.0,2026-06-07,00:30:00,2026-06-08 00:49:38,28.650000000000034,Zone 4,62.2,Zone 5,28.9,Zone 4,54.9,Zone 5,36.7,Zone 5,61.7,Zone 5,57.1,Zone 5,64.5,Zone 5,62.2,Zone 5,66.6,Zone 5
Maharashtra,Sindhudurg,Mulde Amfu,25.1,2026-06-08,00:30:00,100.0,2026-06-07,00:30:00,2026-06-08 00:49:38,28.150000000000034,Zone 4,61.5,Zone 5,28.0,Zone 4,51.8,Zone 5,35.2,Zone 4,61.1,Zone 5,54.1,Zone 5,64.0,Zone 5,61.5,Zone 5,66.1,Zone 5
Maharashtra,Sindhudurg,Vengurla,26.0,2026-06-08,00:30:00,94.0,2026-06-07,00:30:00,2026-06-08 00:49:38,29.450000000000045,Zone 4,62.0,Zone 5,29.4,Zone 4,54.1,Zone 5,36.6,Zone 4,61.6,Zone 5,56.3,Zone 5,64.4,Zone 5,62.0,Zone 5,66.5,Zone 5
Maharashtra,Solapur,Mohol Kvk,23.2,2026-06-08,00:45:00,95.0,2026-06-07,00:45:00,2026-06-08 00:49:38,24.850000000000023,Zone 3,52.1,Zone 5,24.6,Zone 3,35.8,Zone 4,30.5,Zone 4,50.5,Zone 5,36.3,Zone 4,60.3,Zone 5,52.1,Zone 5,62.9,Zone 5
Maharashtra,Solapur,Sangola Mahavidyalaya,22.1,2026-06-08,00:45:00,100.0,2026-06-07,00:45:00,2026-06-08 00:49:38,23.850000000000023,Zone 3,49.1,Zone 5,23.7,Zone 3,34.5,Zone 4,29.3,Zone 4,47.5,Zone 5,35.0,Zone 4,59.7,Zone 5,49.1,Zone 5,62.4,Zone 5
Maharashtra,Solapur,Solapur,24.6,2026-06-08,00:30:00,85.0,2026-06-07,00:30:00,2026-06-08 00:49:38,26.150000000000034,Zone 4,53.9,Zone 5,26.0,Zone 4,37.3,Zone 4,32.2,Zone 4,52.3,Zone 5,37.9,Zone 4,60.7,Zone 5,53.9,Zone 5,63.2,Zone 5
Maharashtra,Thane,Bhayander,30.3,2026-06-08,00:30:00,,,,2026-06-08 00:49:38,,,,,,,,,,,,,,,,,,,,
Maharashtra,Wardha,Wardha,33.7,2026-06-08,00:30:00,39.0,2026-06-07,00:30:00,2026-06-08 00:49:38,35.25,Zone 4,57.8,Zone 5,34.9,Zone 4,44.1,Zone 4,39.9,Zone 4,56.4,Zone 5,44.6,Zone 4,61.6,Zone 5,57.8,Zone 5,64.0,Zone 5
Maharashtra,Yavatmal,Pushad Aws400,28.8,2026-06-08,00:45:00,62.0,2026-06-07,00:45:00,2026-06-08 00:49:38,30.950000000000045,Zone 4,59.2,Zone 5,31.3,Zone 4,41.9,Zone 4,37.1,Zone 4,58.5,Zone 5,43.3,Zone 5,62.0,Zone 5,59.2,Zone 5,64.4,Zone 5
Manipur,Chandel,Chandel Kvk,20.7,2026-06-08,00:30:00,100.0,2026-06-07,00:30:00,2026-06-08 00:49:38,22.25,Zone 3,39.6,Zone 5,22.0,Zone 3,32.0,Zone 4,27.0,Zone 4,38.4,Zone 5,32.4,Zone 4,53.6,Zone 5,39.6,Zone 5,60.6,Zone 5
Manipur,Churachandpur,Geljang Resort,23.2,2026-06-08,00:45:00,100.0,2026-06-07,00:45:00,2026-06-08 00:49:38,24.950000000000045,Zone 3,55.8,Zone 5,24.8,Zone 3,36.7,Zone 5,31.0,Zone 4,54.3,Zone 5,38.5,Zone 5,61.1,Zone 5,55.8,Zone 5,63.6,Zone 5
Manipur,Imphal East,Jiribam,25.2,2026-06-08,00:30:00,99.0,2026-06-07,00:30:00,2026-06-08 00:49:38,28.25,Zone 4,61.3,Zone 5,27.9,Zone 4,50.8,Zone 5,35.0,Zone 4,60.9,Zone 5,53.2,Zone 5,63.8,Zone 5,61.3,Zone 5,66.0,Zone 5
Manipur,Imphal East,Porompat,24.8,2026-06-08,00:30:00,78.0,2026-06-07,00:30:00,2026-06-08 00:49:38,26.05000000000001,Zone 4,51.1,Zone 5,26.4,Zone 4,37.2,Zone 4,32.3,Zone 4,49.6,Zone 5,37.7,Zone 4,60.1,Zone 5,51.1,Zone 5,62.7,Zone 5
Manipur,Imphal West,Imphal Amfu,23.5,2026-06-08,00:30:00,99.0,2026-06-07,00:30:00,2026-06-08 00:49:38,25.25,Zone 3,58.2,Zone 5,25.2,Zone 3,39.2,Zone 5,31.8,Zone 4,56.7,Zone 5,41.2,Zone 5,61.6,Zone 5,58.2,Zone 5,64.1,Zone 5
Manipur,Kamjong,Kamjong,,,,100.0,2026-06-07,00:45:00,2026-06-08 00:49:38,,,,,,,,,,,,,,,,,,,,
Manipur,Kangpokpi,Saikul,,,,100.0,2026-06-07,00:45:00,2026-06-08 00:49:38,,,,,,,,,,,,,,,,,,,,
Manipur,Kangpokpi,Tujangvaichong,22.9,2026-06-08,00:30:00,100.0,2026-06-07,00:30:00,2026-06-08 00:49:38,24.650000000000034,Zone 3,55.8,Zone 5,24.8,Zone 3,36.7,Zone 5,31.0,Zone 4,54.3,Zone 5,38.5,Zone 5,61.1,Zone 5,55.8,Zone 5,63.6,Zone 5
Manipur,Noney,Khoupum,23.5,2026-06-08,00:45:00,100.0,2026-06-07,00:45:00,2026-06-08 00:49:38,25.25,Zone 3,58.9,Zone 5,25.3,Zone 3,39.9,Zone 5,31.9,Zone 4,57.4,Zone 5,42.0,Zone 5,61.8,Zone 5,58.9,Zone 5,64.2,Zone 5
Meghalaya,East Garo Hills,Williamnagar,29.1,2026-06-08,00:30:00,90.0,2026-06-07,00:30:00,2026-06-08 00:49:38,36.75,Zone 4,66.2,Zone 5,36.4,Zone 4,62.7,Zone 5,59.1,Zone 5,65.8,Zone 5,63.3,Zone 5,68.0,Zone 5,66.2,Zone 5,69.6,Zone 5
Meghalaya,East Khasi Hills,Laban,21.0,2026-06-08,00:30:00,91.0,2026-06-07,00:30:00,2026-06-08 00:49:38,22.25,Zone 3,37.4,Zone 4,22.2,Zone 3,32.1,Zone 4,27.2,Zone 4,37.1,Zone 4,32.5,Zone 4,51.0,Zone 5,37.4,Zone 4,60.0,Zone 5
Meghalaya,East Khasi Hills,Mawryngkneng,22.9,2026-06-08,00:30:00,96.0,2026-06-07,00:30:00,2026-06-08 00:49:38,24.55000000000001,Zone 3,52.8,Zone 5,24.6,Zone 3,35.9,Zone 4,30.6,Zone 4,51.3,Zone 5,36.5,Zone 4,60.4,Zone 5,52.8,Zone 5,63.1,Zone 5
Meghalaya,East Khasi Hills,Mawsynram,19.5,2026-06-08,00:30:00,99.0,2026-06-07,00:30:00,2026-06-08 00:49:38,20.850000000000023,Zone 3,35.8,Zone 4,20.8,Zone 3,30.5,Zone 4,25.6,Zone 4,35.5,Zone 4,30.8,Zone 4,47.5,Zone 5,35.8,Zone 4,59.2,Zone 5
Meghalaya,East Khasi Hills,Nehu,21.2,2026-06-08,00:30:00,97.0,2026-06-07,00:30:00,2026-06-08 00:49:38,22.75,Zone 3,40.6,Zone 5,22.5,Zone 3,32.6,Zone 4,27.6,Zone 4,39.4,Zone 5,33.0,Zone 4,54.6,Zone 5,40.6,Zone 5,60.8,Zone 5
Meghalaya,East Khasi Hills,Shillong,20.4,2026-06-08,00:30:00,94.0,2026-06-07,00:30:00,2026-06-08 00:49:38,21.650000000000034,Zone 3,36.9,Zone 4,21.8,Zone 3,31.6,Zone 4,26.7,Zone 4,36.6,Zone 4,32.0,Zone 4,50.1,Zone 5,36.9,Zone 4,59.8,Zone 5
Meghalaya,East Khasi Hills,Sohra(Cherrapunjee),21.9,2026-06-08,00:30:00,,,,2026-06-08 00:49:38,,,,,,,,,,,,,,,,,,,,
Meghalaya,North Garo Hills,Resubelpara,27.7,2026-06-08,00:45:00,100.0,2026-06-07,00:45:00,2026-06-08 00:49:38,34.75,Zone 4,65.8,Zone 5,34.1,Zone 4,62.3,Zone 5,57.3,Zone 5,65.4,Zone 5,62.9,Zone 5,67.7,Zone 5,65.8,Zone 5,69.3,Zone 5
Meghalaya,Ri Bhoi,Byrnihat,27.8,2026-06-08,00:30:00,99.0,2026-06-07,00:30:00,2026-06-08 00:49:38,34.85000000000002,Zone 4,66.5,Zone 5,35.8,Zone 5,63.1,Zone 5,59.5,Zone 5,66.1,Zone 5,63.7,Zone 5,68.2,Zone 5,66.5,Zone 5,69.8,Zone 5
Meghalaya,Ri Bhoi,Umtrewdam,32.5,2026-06-08,00:30:00,6.0,2026-06-07,00:30:00,2026-06-08 00:49:38,29.650000000000034,Zone 4,39.7,Zone 4,29.6,Zone 4,36.5,Zone 4,33.2,Zone 4,39.7,Zone 4,36.5,Zone 4,42.7,Zone 4,39.7,Zone 4,45.7,Zone 4
Meghalaya,South Garo Hills,Baghmara,25.7,2026-06-08,00:30:00,99.0,2026-06-07,00:30:00,2026-06-08 00:49:38,29.350000000000023,Zone 4,62.2,Zone 5,28.9,Zone 4,54.9,Zone 5,36.7,Zone 5,61.7,Zone 5,57.1,Zone 5,64.5,Zone 5,62.2,Zone 5,66.6,Zone 5
Meghalaya,South West Garo Hills,Ampati,25.9,2026-06-08,00:45:00,,,,2026-06-08 00:49:38,,,,,,,,,,,,,,,,,,,,
Meghalaya,South West Khasi Hills,Mawkyrwat,19.1,2026-06-08,00:45:00,100.0,2026-06-07,00:45:00,2026-06-08 00:49:38,20.450000000000045,Zone 3,35.1,Zone 4,20.3,Zone 3,29.9,Zone 4,25.1,Zone 3,34.8,Zone 4,30.2,Zone 4,45.3,Zone 5,35.1,Zone 4,58.2,Zone 5
Meghalaya,West Garo Hills,Tura,26.5,2026-06-08,00:30:00,80.0,2026-06-07,00:30:00,2026-06-08 00:49:38,28.950000000000045,Zone 4,59.8,Zone 5,28.9,Zone 4,43.4,Zone 5,35.3,Zone 4,59.4,Zone 5,45.7,Zone 5,62.5,Zone 5,59.8,Zone 5,64.8,Zone 5
Meghalaya,West Khasi Hills,Nongstoin,20.7,2026-06-08,00:30:00,100.0,2026-06-07,00:30:00,2026-06-08 00:49:38,22.25,Zone 3,39.6,Zone 5,22.0,Zone 3,32.0,Zone 4,27.0,Zone 4,38.4,Zone 5,32.4,Zone 4,53.6,Zone 5,39.6,Zone 5,60.6,Zone 5
Mizoram,Aizawl,Lengpui,26.7,2026-06-08,00:45:00,87.0,2026-06-07,00:45:00,2026-06-08 00:49:38,30.05000000000001,Zone 4,61.3,Zone 5,29.7,Zone 4,50.9,Zone 5,36.5,Zone 4,60.9,Zone 5,53.2,Zone 5,63.8,Zone 5,61.3,Zone 5,66.0,Zone 5
Mizoram,Aizawl,Mizoram University,24.2,2026-06-08,00:45:00,92.0,2026-06-07,00:45:00,2026-06-08 00:49:38,25.950000000000045,Zone 4,56.3,Zone 5,25.7,Zone 4,37.3,Zone 4,32.0,Zone 4,54.7,Zone 5,38.9,Zone 5,61.2,Zone 5,56.3,Zone 5,63.7,Zone 5
Mizoram,Champhai,Champhai Aws,19.1,2026-06-08,00:45:00,100.0,2026-06-07,00:45:00,2026-06-08 00:49:38,20.450000000000045,Zone 3,35.1,Zone 4,20.3,Zone 3,29.9,Zone 4,25.1,Zone 3,34.8,Zone 4,30.2,Zone 4,45.3,Zone 5,35.1,Zone 4,58.2,Zone 5
Mizoram,Hnathial,Hnathial,22.6,2026-06-08,00:45:00,100.0,2026-06-07,00:45:00,2026-06-08 00:49:38,24.350000000000023,Zone 3,52.5,Zone 5,24.3,Zone 3,35.4,Zone 4,30.1,Zone 4,50.9,Zone 5,36.0,Zone 4,60.4,Zone 5,52.5,Zone 5,63.0,Zone 5
Mizoram,Khawzawl,Khawzawl,21.3,2026-06-08,00:45:00,100.0,2026-06-07,00:45:00,2026-06-08 00:49:38,22.950000000000045,Zone 3,45.7,Zone 5,23.2,Zone 3,33.6,Zone 4,28.5,Zone 4,44.3,Zone 5,34.1,Zone 4,58.9,Zone 5,45.7,Zone 5,61.8,Zone 5
Mizoram,Kolasib,Kolasib,23.5,2026-06-08,00:45:00,98.0,2026-06-07,00:45:00,2026-06-08 00:49:38,25.25,Zone 3,57.5,Zone 5,25.2,Zone 3,38.4,Zone 5,31.7,Zone 4,56.0,Zone 5,40.3,Zone 5,61.5,Zone 5,57.5,Zone 5,63.9,Zone 5
Mizoram,Lawngtlai,Chawnhu,21.6,2026-06-08,00:45:00,100.0,2026-06-07,00:45:00,2026-06-08 00:49:38,23.25,Zone 3,45.7,Zone 5,23.2,Zone 3,33.6,Zone 4,28.5,Zone 4,44.3,Zone 5,34.1,Zone 4,58.9,Zone 5,45.7,Zone 5,61.8,Zone 5
Mizoram,Mamit,Lengpui Kvk,25.7,2026-06-08,00:45:00,100.0,2026-06-07,00:45:00,2026-06-08 00:49:38,29.450000000000045,Zone 4,62.4,Zone 5,29.0,Zone 4,55.9,Zone 5,37.6,Zone 5,62.0,Zone 5,58.0,Zone 5,64.7,Zone 5,62.4,Zone 5,66.7,Zone 5
Mizoram,Saiha,Saiha,20.7,2026-06-08,00:45:00,86.0,2026-06-07,00:45:00,2026-06-08 00:49:38,21.650000000000034,Zone 3,36.1,Zone 4,21.4,Zone 3,31.1,Zone 4,26.4,Zone 4,35.8,Zone 4,31.4,Zone 4,45.2,Zone 5,36.1,Zone 4,58.1,Zone 5
Mizoram,Serchhip,Serchhip,23.1,2026-06-08,00:45:00,92.0,2026-06-07,00:45:00,2026-06-08 00:49:38,24.55000000000001,Zone 3,49.7,Zone 5,24.5,Zone 3,35.4,Zone 4,30.3,Zone 4,48.2,Zone 5,36.0,Zone 4,59.8,Zone 5,49.7,Zone 5,62.5,Zone 5
Nagaland,Kiphire,Kiphire Aws400,22.5,2026-06-08,00:45:00,96.0,2026-06-07,00:45:00,2026-06-08 00:49:38,24.150000000000034,Zone 3,49.5,Zone 5,24.1,Zone 3,35.0,Zone 4,29.8,Zone 4,47.9,Zone 5,35.5,Zone 4,59.7,Zone 5,49.5,Zone 5,62.4,Zone 5
Nagaland,Longleng,Sakshi,23.1,2026-06-08,00:30:00,100.0,2026-06-07,00:30:00,2026-06-08 00:49:38,24.850000000000023,Zone 3,55.8,Zone 5,24.8,Zone 3,36.7,Zone 5,31.0,Zone 4,54.3,Zone 5,38.5,Zone 5,61.1,Zone 5,55.8,Zone 5,63.6,Zone 5
Nagaland,Peren,Jalukie,26.4,2026-06-08,00:45:00,91.0,2026-06-07,00:45:00,2026-06-08 00:49:38,29.950000000000045,Zone 4,62.2,Zone 5,30.1,Zone 4,55.0,Zone 5,37.3,Zone 4,61.8,Zone 5,57.2,Zone 5,64.5,Zone 5,62.2,Zone 5,66.6,Zone 5
Nagaland,Tuensang,Thonoknyu,19.1,2026-06-08,00:45:00,100.0,2026-06-07,00:45:00,2026-06-08 00:49:38,20.450000000000045,Zone 3,35.1,Zone 4,20.3,Zone 3,29.9,Zone 4,25.1,Zone 3,34.8,Zone 4,30.2,Zone 4,45.3,Zone 5,35.1,Zone 4,58.2,Zone 5
Nagaland,Wokha,Wokha,22.7,2026-06-08,00:30:00,93.0,2026-06-07,00:30:00,2026-06-08 00:49:38,24.25,Zone 3,47.2,Zone 5,24.0,Zone 3,34.7,Zone 4,29.6,Zone 4,45.7,Zone 5,35.2,Zone 4,59.3,Zone 5,47.2,Zone 5,62.0,Zone 5
Odisha,Balangir,Bolangir,32.3,2026-06-08,00:30:00,,,,2026-06-08 00:49:38,,,,,,,,,,,,,,,,,,,,
Odisha,Balasore,Fm University,25.7,2026-06-08,00:45:00,100.0,2026-06-07,00:45:00,2026-06-08 00:49:38,29.450000000000045,Zone 4,62.4,Zone 5,29.0,Zone 4,55.9,Zone 5,37.6,Zone 5,62.0,Zone 5,58.0,Zone 5,64.7,Zone 5,62.4,Zone 5,66.7,Zone 5
Odisha,Bargarh,Barapalli,30.3,2026-06-08,00:30:00,,,,2026-06-08 00:49:38,,,,,,,,,,,,,,,,,,,,
Odisha,Cuttack,Cuttack Kvk,26.5,2026-06-08,00:45:00,,,,2026-06-08 00:49:38,,,,,,,,,,,,,,,,,,,,
Odisha,Ganjam,Benakuda Kvk,27.3,2026-06-08,00:45:00,86.0,2026-06-07,00:45:00,2026-06-08 00:49:38,31.150000000000034,Zone 4,62.7,Zone 5,31.6,Zone 4,57.5,Zone 5,39.4,Zone 5,62.3,Zone 5,59.2,Zone 5,65.0,Zone 5,62.7,Zone 5,67.0,Zone 5
Odisha,Jharsuguda,Jharsuguda,30.1,2026-06-08,00:30:00,60.0,2026-06-07,00:30:00,2026-06-08 00:49:38,32.950000000000045,Zone 4,60.2,Zone 5,32.7,Zone 4,45.5,Zone 5,38.6,Zone 4,59.8,Zone 5,47.8,Zone 5,62.8,Zone 5,60.2,Zone 5,65.1,Zone 5
Odisha,Jharsuguda,Likera,27.9,2026-06-08,00:30:00,,,,2026-06-08 00:49:38,,,,,,,,,,,,,,,,,,,,
Odisha,Kandhamal,Phulbani,27.3,2026-06-08,00:00:00,,,,2026-06-08 00:49:38,,,,,,,,,,,,,,,,,,,,
Odisha,Khurdha,Bhubaneshwar Airport,27.2,2026-06-08,00:30:00,94.0,2026-06-07,00:30:00,2026-06-08 00:49:38,32.150000000000034,Zone 4,63.7,Zone 5,31.7,Zone 4,59.7,Zone 5,44.5,Zone 5,63.3,Zone 5,60.3,Zone 5,65.8,Zone 5,63.7,Zone 5,67.7,Zone 5
Odisha,Mayurbhanj,Baripada,24.9,2026-06-08,00:45:00,100.0,2026-06-07,00:45:00,2026-06-08 00:49:38,27.75,Zone 4,61.5,Zone 5,28.0,Zone 4,51.8,Zone 5,35.2,Zone 4,61.1,Zone 5,54.1,Zone 5,64.0,Zone 5,61.5,Zone 5,66.1,Zone 5
Odisha,Mayurbhanj,Mayurbhanj Kvk,40.6,2026-06-08,00:45:00,40.0,2026-06-07,00:45:00,2026-06-08 00:49:38,51.25,Zone 5,68.5,Zone 5,50.1,Zone 5,65.6,Zone 5,62.5,Zone 5,68.1,Zone 5,66.1,Zone 5,69.9,Zone 5,68.5,Zone 5,71.3,Zone 5
Odisha,Nuapada,Nawapada,31.3,2026-06-08,00:30:00,47.0,2026-06-07,00:30:00,2026-06-08 00:49:38,32.950000000000045,Zone 4,57.5,Zone 5,33.2,Zone 4,42.9,Zone 4,38.5,Zone 4,56.1,Zone 5,43.4,Zone 4,61.5,Zone 5,57.5,Zone 5,63.9,Zone 5
Odisha,Puri,Janhukuda(Near Satapada),30.0,2026-06-08,00:45:00,100.0,2026-06-07,00:45:00,2026-06-08 00:49:38,60.150000000000034,Zone 5,70.2,Zone 5,60.2,Zone 5,67.7,Zone 5,65.2,Zone 5,69.9,Zone 5,68.2,Zone 5,71.4,Zone 5,70.2,Zone 5,74.3,Zone 6
Odisha,Puri,Puri Kvk,30.4,2026-06-08,00:45:00,54.0,2026-06-07,00:45:00,2026-06-08 00:49:38,32.55000000000001,Zone 4,59.2,Zone 5,32.7,Zone 4,42.8,Zone 4,38.2,Zone 4,58.5,Zone 5,43.4,Zone 4,62.0,Zone 5,59.2,Zone 5,64.4,Zone 5
Odisha,Rayagada,Gunupur Kvk,27.9,2026-06-08,00:45:00,100.0,2026-06-07,00:45:00,2026-06-08 00:49:38,36.05000000000001,Zone 5,66.7,Zone 5,37.1,Zone 5,63.4,Zone 5,59.8,Zone 5,66.3,Zone 5,63.9,Zone 5,68.4,Zone 5,66.7,Zone 5,70.0,Zone 5
Odisha,Sambalpur,Dhankauda,30.4,2026-06-08,00:45:00,40.0,2026-06-07,00:45:00,2026-06-08 00:49:38,30.75,Zone 4,44.4,Zone 4,30.9,Zone 4,39.8,Zone 4,35.6,Zone 4,44.0,Zone 4,40.1,Zone 4,57.3,Zone 5,44.4,Zone 4,61.4,Zone 5
Odisha,Sonepur,Sonepur,30.7,2026-06-08,00:45:00,50.0,2026-06-07,00:45:00,2026-06-08 00:49:38,32.450000000000045,Zone 4,55.7,Zone 5,32.1,Zone 4,41.9,Zone 4,37.4,Zone 4,54.2,Zone 5,42.3,Zone 4,61.1,Zone 5,55.7,Zone 5,63.6,Zone 5
Odisha,Subarnapur,Dungripalli,31.8,2026-06-08,00:30:00,100.0,2026-06-07,00:30:00,2026-06-08 00:49:38,66.65000000000003,Zone 5,76.2,Zone 6,67.4,Zone 5,72.7,Zone 6,70.6,Zone 5,75.6,Zone 6,73.3,Zone 6,78.5,Zone 6,76.2,Zone 6,81.4,Zone 6
Odisha,Sundergarh,Balishankar,28.1,2026-06-08,00:30:00,,,,2026-06-08 00:49:38,,,,,,,,,,,,,,,,,,,,
Odisha,Sundergarh,Sundergarh,28.9,2026-06-08,00:45:00,65.0,2026-06-07,00:45:00,2026-06-08 00:49:38,31.450000000000045,Zone 4,60.0,Zone 5,31.7,Zone 4,44.7,Zone 5,37.6,Zone 4,59.6,Zone 5,46.9,Zone 5,62.7,Zone 5,60.0,Zone 5,65.0,Zone 5
Puducherry,Karaikal,Karaikal,28.1,2026-06-08,00:30:00,99.0,2026-06-07,00:30:00,2026-06-08 00:49:38,36.85000000000002,Zone 5,66.5,Zone 5,35.8,Zone 5,63.1,Zone 5,59.5,Zone 5,66.1,Zone 5,63.7,Zone 5,68.2,Zone 5,66.5,Zone 5,69.8,Zone 5
Puducherry,Mahe,Mahe Jnv,26.1,2026-06-08,00:45:00,100.0,2026-06-07,00:45:00,2026-06-08 00:49:38,30.350000000000023,Zone 4,63.2,Zone 5,30.1,Zone 4,59.2,Zone 5,42.0,Zone 5,62.8,Zone 5,59.8,Zone 5,65.4,Zone 5,63.2,Zone 5,67.4,Zone 5
Puducherry,Puducherry,Puducherry,29.6,2026-06-08,00:30:00,70.0,2026-06-07,00:30:00,2026-06-08 00:49:38,33.650000000000034,Zone 4,62.1,Zone 5,33.4,Zone 4,54.6,Zone 5,39.9,Zone 4,61.7,Zone 5,56.8,Zone 5,64.5,Zone 5,62.1,Zone 5,66.5,Zone 5
Puducherry,Puducherry,Puducherry Kvk,28.8,2026-06-08,00:45:00,60.0,2026-06-07,00:45:00,2026-06-08 00:49:38,30.75,Zone 4,58.0,Zone 5,31.0,Zone 4,41.4,Zone 4,36.7,Zone 4,56.6,Zone 5,42.0,Zone 4,61.6,Zone 5,58.0,Zone 5,64.1,Zone 5
Punjab,Bathinda,Bhatinda Amfu,30.8,2026-06-08,00:30:00,,,,2026-06-08 00:49:38,,,,,,,,,,,,,,,,,,,,
Punjab,Fazilka,Fasc Abohar,28.3,2026-06-08,00:45:00,,,,2026-06-08 00:49:38,,,,,,,,,,,,,,,,,,,,
Punjab,Fazilka,Fazilka,29.1,2026-06-08,00:30:00,,,,2026-06-08 00:49:38,,,,,,,,,,,,,,,,,,,,
Punjab,Firozpur,Firozpur Kvk,29.1,2026-06-08,00:45:00,45.0,2026-06-07,00:45:00,2026-06-08 00:49:38,29.55000000000001,Zone 4,43.2,Zone 4,29.4,Zone 4,38.6,Zone 4,34.3,Zone 4,42.9,Zone 4,38.9,Zone 4,55.8,Zone 5,43.2,Zone 4,61.0,Zone 5
Punjab,Hoshiarpur,Hosiyarpur,24.5,2026-06-08,00:30:00,53.0,2026-06-07,00:30:00,2026-06-08 00:49:38,24.55000000000001,Zone 3,38.2,Zone 4,24.5,Zone 3,33.7,Zone 4,29.4,Zone 4,37.9,Zone 4,33.9,Zone 4,42.4,Zone 5,38.2,Zone 4,55.8,Zone 5
Punjab,Mohali,Mohali,28.2,2026-06-08,00:30:00,,,,2026-06-08 00:49:38,,,,,,,,,,,,,,,,,,,,
Punjab,Pathankot,Kvk Pathankot,29.9,2026-06-08,00:45:00,,,,2026-06-08 00:49:38,,,,,,,,,,,,,,,,,,,,
Punjab,Pathankot,Thein Dam,28.0,2026-06-08,00:45:00,31.0,2026-06-07,00:45:00,2026-06-08 00:49:38,27.25,Zone 4,39.4,Zone 4,27.3,Zone 4,35.4,Zone 4,31.6,Zone 4,39.3,Zone 4,35.6,Zone 4,42.9,Zone 4,39.4,Zone 4,52.0,Zone 5
Punjab,Rupnagar,Bhakra Dam Imdnagal,24.7,2026-06-08,00:45:00,50.0,2026-06-07,00:45:00,2026-06-08 00:49:38,24.650000000000034,Zone 3,37.8,Zone 4,24.4,Zone 3,33.4,Zone 4,29.2,Zone 4,37.6,Zone 4,33.6,Zone 4,41.6,Zone 4,37.8,Zone 4,53.8,Zone 5
Punjab,Rupnagar,Sri Anadpur Sahib Imdjindwadi,30.3,2026-06-08,00:45:00,58.0,2026-06-07,00:45:00,2026-06-08 00:49:38,32.950000000000045,Zone 4,60.4,Zone 5,33.3,Zone 4,46.4,Zone 5,39.1,Zone 4,60.0,Zone 5,48.6,Zone 5,63.0,Zone 5,60.4,Zone 5,65.3,Zone 5
Rajasthan,Ajmer,Ajmer,29.4,2026-06-08,00:30:00,70.0,2026-06-07,00:30:00,2026-06-08 00:49:38,33.150000000000034,Zone 4,62.1,Zone 5,33.4,Zone 4,54.6,Zone 5,39.9,Zone 4,61.7,Zone 5,56.8,Zone 5,64.5,Zone 5,62.1,Zone 5,66.5,Zone 5
Rajasthan,Ajmer,Central University Kishangarh,26.8,2026-06-08,00:45:00,82.0,2026-06-07,00:45:00,2026-06-08 00:49:38,29.650000000000034,Zone 4,61.0,Zone 5,30.1,Zone 4,49.4,Zone 5,36.7,Zone 4,60.6,Zone 5,51.8,Zone 5,63.5,Zone 5,61.0,Zone 5,65.7,Zone 5
Rajasthan,Bikaner,Bikaner Amfu,28.7,2026-06-08,00:30:00,71.0,2026-06-07,00:30:00,2026-06-08 00:49:38,31.950000000000045,Zone 4,60.8,Zone 5,31.6,Zone 4,48.3,Zone 5,37.8,Zone 4,60.4,Zone 5,50.6,Zone 5,63.3,Zone 5,60.8,Zone 5,65.6,Zone 5
Rajasthan,Chittaurgarh,Chittorgarh Kvk,32.1,2026-06-08,00:30:00,,,,2026-06-08 00:49:38,,,,,,,,,,,,,,,,,,,,
Rajasthan,Churu,Churu,30.4,2026-06-08,00:00:00,,,,2026-06-08 00:49:38,,,,,,,,,,,,,,,,,,,,
Rajasthan,Dausa,Khedali,26.9,2026-06-08,00:45:00,79.0,2026-06-07,00:45:00,2026-06-08 00:49:38,29.55000000000001,Zone 4,60.3,Zone 5,29.7,Zone 4,46.1,Zone 5,36.2,Zone 4,59.9,Zone 5,48.4,Zone 5,63.0,Zone 5,60.3,Zone 5,65.2,Zone 5
Rajasthan,Dungarpur,Dungarpur Kvk,31.2,2026-06-08,00:45:00,,,,2026-06-08 00:49:38,,,,,,,,,,,,,,,,,,,,
Rajasthan,Jaipur,Amity University,30.4,2026-06-08,00:45:00,56.0,2026-06-07,00:45:00,2026-06-08 00:49:38,32.85000000000002,Zone 4,59.8,Zone 5,33.0,Zone 4,43.7,Zone 5,38.6,Zone 4,59.4,Zone 5,45.9,Zone 5,62.5,Zone 5,59.8,Zone 5,64.9,Zone 5
Rajasthan,Jaisalmer,Jaisalmer,31.7,2026-06-08,00:30:00,57.0,2026-06-07,00:30:00,2026-06-08 00:49:38,35.35000000000002,Zone 4,61.6,Zone 5,35.0,Zone 4,52.1,Zone 5,40.9,Zone 4,61.2,Zone 5,54.4,Zone 5,64.0,Zone 5,61.6,Zone 5,66.2,Zone 5
Rajasthan,Jhunjhunu,Jhunjhunu(Aws),30.0,2026-06-08,00:30:00,48.0,2026-06-07,00:30:00,2026-06-08 00:49:38,31.150000000000034,Zone 4,50.6,Zone 5,31.1,Zone 4,40.6,Zone 4,36.2,Zone 4,49.1,Zone 5,41.0,Zone 4,60.0,Zone 5,50.6,Zone 5,62.7,Zone 5
Rajasthan,Jhunjhunu,Pilani,24.8,2026-06-08,00:30:00,35.0,2026-06-07,00:30:00,2026-06-08 00:49:38,23.950000000000045,Zone 3,36.7,Zone 4,24.2,Zone 3,32.7,Zone 4,28.8,Zone 4,36.6,Zone 4,32.9,Zone 4,40.2,Zone 4,36.7,Zone 4,44.8,Zone 5
Rajasthan,Jodhpur,Jodhpur,34.9,2026-06-08,00:30:00,51.0,2026-06-07,00:30:00,2026-06-08 00:49:38,40.75,Zone 4,64.8,Zone 5,40.9,Zone 4,61.1,Zone 5,51.4,Zone 5,64.4,Zone 5,61.6,Zone 5,66.8,Zone 5,64.8,Zone 5,68.6,Zone 5
Rajasthan,Karauli,Karauli Kvk,29.7,2026-06-08,00:45:00,,,,2026-06-08 00:49:38,,,,,,,,,,,,,,,,,,,,
Rajasthan,Nagaur,Krishi Vishwavidhyalaya,26.1,2026-06-08,00:15:00,,,,2026-06-08 00:49:38,,,,,,,,,,,,,,,,,,,,
Rajasthan,Pali,Pali,33.6,2026-06-08,00:45:00,54.0,2026-06-07,00:45:00,2026-06-08 00:49:38,38.650000000000034,Zone 4,63.6,Zone 5,38.4,Zone 4,59.6,Zone 5,44.5,Zone 4,63.2,Zone 5,60.2,Zone 5,65.7,Zone 5,63.6,Zone 5,67.7,Zone 5
Rajasthan,Pratapgarh,Pratapgarh,30.1,2026-06-08,00:45:00,37.0,2026-06-07,00:45:00,2026-06-08 00:49:38,30.05000000000001,Zone 4,43.0,Zone 4,29.9,Zone 4,38.6,Zone 4,34.6,Zone 4,42.7,Zone 4,38.9,Zone 4,52.3,Zone 5,43.0,Zone 4,60.3,Zone 5
Rajasthan,Sikar,Fatehpur Amfu,27.9,2026-06-08,00:30:00,69.0,2026-06-07,00:30:00,2026-06-08 00:49:38,30.25,Zone 4,59.5,Zone 5,30.4,Zone 4,42.4,Zone 5,36.4,Zone 4,59.1,Zone 5,44.5,Zone 5,62.3,Zone 5,59.5,Zone 5,64.6,Zone 5
Rajasthan,Sikar,Sikar,28.5,2026-06-08,00:30:00,71.0,2026-06-07,00:30:00,2026-06-08 00:49:38,31.55000000000001,Zone 4,60.8,Zone 5,31.6,Zone 4,48.3,Zone 5,37.8,Zone 4,60.4,Zone 5,50.6,Zone 5,63.3,Zone 5,60.8,Zone 5,65.6,Zone 5
Rajasthan,Sirohi,Mount Abu,25.0,2026-06-08,00:30:00,73.0,2026-06-07,00:30:00,2026-06-08 00:49:38,26.05000000000001,Zone 4,46.7,Zone 5,26.1,Zone 4,36.6,Zone 4,31.8,Zone 4,45.2,Zone 5,37.0,Zone 4,59.2,Zone 5,46.7,Zone 5,61.9,Zone 5
Rajasthan,Sirohi,Sirohi Kvk,30.0,2026-06-08,00:45:00,49.0,2026-06-07,00:45:00,2026-06-08 00:49:38,31.25,Zone 4,51.8,Zone 5,31.2,Zone 4,40.8,Zone 4,36.4,Zone 4,50.3,Zone 5,41.2,Zone 4,60.2,Zone 5,51.8,Zone 5,62.9,Zone 5
Rajasthan,Sri Ganganagar,Gharsana,30.9,2026-06-08,00:00:00,,,,2026-06-08 00:49:38,,,,,,,,,,,,,,,,,,,,
Sikkim,Gangtok,Gangtok,18.1,2026-06-08,00:45:00,100.0,2026-06-07,00:45:00,2026-06-08 00:49:38,19.150000000000034,Zone 3,33.6,Zone 4,19.1,Zone 3,28.6,Zone 4,24.4,Zone 3,33.3,Zone 4,28.9,Zone 4,40.2,Zone 5,33.6,Zone 4,53.7,Zone 5
Sikkim,Namchi,Namchi,20.7,2026-06-08,00:45:00,97.0,2026-06-07,00:45:00,2026-06-08 00:49:38,22.150000000000034,Zone 3,37.9,Zone 5,21.9,Zone 3,31.8,Zone 4,26.9,Zone 4,36.9,Zone 4,32.2,Zone 4,51.9,Zone 5,37.9,Zone 5,60.2,Zone 5
Sikkim,Soreng,Soreng,19.4,2026-06-08,00:45:00,100.0,2026-06-07,00:45:00,2026-06-08 00:49:38,20.75,Zone 3,35.9,Zone 4,20.9,Zone 3,30.6,Zone 4,25.7,Zone 4,35.5,Zone 4,30.9,Zone 4,48.0,Zone 5,35.9,Zone 4,59.4,Zone 5
Tamil Nadu,Ariyalur,Ariyalur,28.1,2026-06-08,00:30:00,65.0,2026-06-07,00:30:00,2026-06-08 00:49:38,30.150000000000034,Zone 4,57.3,Zone 5,30.0,Zone 4,40.6,Zone 4,35.7,Zone 4,55.8,Zone 5,41.1,Zone 4,61.4,Zone 5,57.3,Zone 5,63.9,Zone 5
Tamil Nadu,Chennai,Chennai,30.3,2026-06-08,00:30:00,87.0,2026-06-07,00:30:00,2026-06-08 00:49:38,43.75,Zone 5,68.0,Zone 5,46.4,Zone 5,65.0,Zone 5,61.8,Zone 5,67.6,Zone 5,65.5,Zone 5,69.5,Zone 5,68.0,Zone 5,70.9,Zone 5
Tamil Nadu,Chennai,Ennore Port,30.1,2026-06-08,00:30:00,72.0,2026-06-07,00:30:00,2026-06-08 00:49:38,35.150000000000034,Zone 4,63.4,Zone 5,34.9,Zone 4,59.4,Zone 5,42.9,Zone 5,63.0,Zone 5,60.0,Zone 5,65.6,Zone 5,63.4,Zone 5,67.5,Zone 5
Tamil Nadu,Chennai,Meenambakkam Isro,28.7,2026-06-08,00:30:00,76.0,2026-06-07,00:30:00,2026-06-08 00:49:38,32.75,Zone 4,62.0,Zone 5,32.3,Zone 4,54.3,Zone 5,38.9,Zone 4,61.6,Zone 5,56.5,Zone 5,64.4,Zone 5,62.0,Zone 5,66.5,Zone 5
Tamil Nadu,Chennai,Niot Pallikaranai,29.8,2026-06-08,00:30:00,75.0,2026-06-07,00:30:00,2026-06-08 00:49:38,35.05000000000001,Zone 4,64.2,Zone 5,35.5,Zone 4,60.3,Zone 5,47.5,Zone 5,63.8,Zone 5,60.9,Zone 5,66.2,Zone 5,64.2,Zone 5,68.1,Zone 5
Tamil Nadu,Coimbatore,Coimbatore Amfu,24.3,2026-06-08,00:45:00,84.0,2026-06-07,00:45:00,2026-06-08 00:49:38,25.650000000000034,Zone 4,53.1,Zone 5,26.0,Zone 4,37.2,Zone 4,32.1,Zone 4,51.5,Zone 5,37.7,Zone 4,60.5,Zone 5,53.1,Zone 5,63.1,Zone 5
Tamil Nadu,Coimbatore,P N Palayam,25.4,2026-06-08,00:30:00,75.0,2026-06-07,00:30:00,2026-06-08 00:49:38,26.75,Zone 4,51.6,Zone 5,26.9,Zone 4,37.7,Zone 4,32.8,Zone 4,50.1,Zone 5,38.2,Zone 4,60.2,Zone 5,51.6,Zone 5,62.8,Zone 5
Tamil Nadu,Coimbatore,Upasi Tea Research Foundation,20.7,2026-06-08,00:45:00,62.0,2026-06-07,00:45:00,2026-06-08 00:49:38,20.55000000000001,Zone 3,34.1,Zone 4,20.3,Zone 3,29.8,Zone 4,25.5,Zone 4,33.9,Zone 4,29.9,Zone 4,37.9,Zone 4,34.1,Zone 4,45.2,Zone 5
Tamil Nadu,Cuddalore,Neyveli,29.1,2026-06-08,00:45:00,60.0,2026-06-07,00:45:00,2026-06-08 00:49:38,31.150000000000034,Zone 4,58.0,Zone 5,31.0,Zone 4,41.4,Zone 4,36.7,Zone 4,56.6,Zone 5,42.0,Zone 4,61.6,Zone 5,58.0,Zone 5,64.1,Zone 5
Tamil Nadu,Cuddalore,Vridha Chalam,29.5,2026-06-08,00:30:00,55.0,2026-06-07,00:30:00,2026-06-08 00:49:38,31.25,Zone 4,55.7,Zone 5,31.2,Zone 4,41.2,Zone 4,36.7,Zone 4,54.2,Zone 5,41.7,Zone 4,61.1,Zone 5,55.7,Zone 5,63.6,Zone 5
Tamil Nadu,Dharmapuri,Palacode,27.7,2026-06-08,00:30:00,58.0,2026-06-07,00:30:00,2026-06-08 00:49:38,28.850000000000023,Zone 4,47.4,Zone 5,28.6,Zone 4,38.4,Zone 4,33.9,Zone 4,45.9,Zone 5,38.9,Zone 4,59.3,Zone 5,47.4,Zone 5,62.1,Zone 5
Tamil Nadu,Dindigul,Natham Isro,24.6,2026-06-08,00:30:00,71.0,2026-06-07,00:30:00,2026-06-08 00:49:38,25.450000000000045,Zone 4,42.1,Zone 5,25.3,Zone 4,35.5,Zone 4,30.8,Zone 4,40.8,Zone 5,35.9,Zone 4,56.0,Zone 5,42.1,Zone 5,61.1,Zone 5
Tamil Nadu,Dindigul,Palani,24.5,2026-06-08,00:30:00,75.0,2026-06-07,00:30:00,2026-06-08 00:49:38,25.55000000000001,Zone 4,45.4,Zone 5,25.5,Zone 4,36.0,Zone 4,31.2,Zone 4,44.0,Zone 5,36.4,Zone 4,58.6,Zone 5,45.4,Zone 5,61.7,Zone 5
Tamil Nadu,Dindigul,Vedasandur,26.6,2026-06-08,00:30:00,66.0,2026-06-07,00:30:00,2026-06-08 00:49:38,27.950000000000045,Zone 4,49.4,Zone 5,27.8,Zone 4,38.1,Zone 4,33.3,Zone 4,47.9,Zone 5,38.5,Zone 4,59.7,Zone 5,49.4,Zone 5,62.4,Zone 5
Tamil Nadu,Erode,Erode Isro,27.3,2026-06-08,00:30:00,70.0,2026-06-07,00:30:00,2026-06-08 00:49:38,29.350000000000023,Zone 4,59.0,Zone 5,29.7,Zone 4,40.6,Zone 4,35.6,Zone 4,57.6,Zone 5,42.1,Zone 5,61.8,Zone 5,59.0,Zone 5,64.3,Zone 5
Tamil Nadu,Kallakurichi,Kallakurichi,32.8,2026-06-08,00:30:00,57.0,2026-06-07,00:30:00,2026-06-08 00:49:38,37.75,Zone 4,63.8,Zone 5,38.2,Zone 4,59.9,Zone 5,45.2,Zone 5,63.4,Zone 5,60.4,Zone 5,65.9,Zone 5,63.8,Zone 5,67.8,Zone 5
Tamil Nadu,Kallakurichi,Kallakurichi(Taluk Office),28.1,2026-06-08,00:45:00,58.0,2026-06-07,00:45:00,2026-06-08 00:49:38,29.450000000000045,Zone 4,50.3,Zone 5,29.3,Zone 4,39.3,Zone 4,34.7,Zone 4,48.8,Zone 5,39.7,Zone 4,59.9,Zone 5,50.3,Zone 5,62.6,Zone 5
Tamil Nadu,Kallakurichi,Thirukoilur,29.1,2026-06-08,00:45:00,58.0,2026-06-07,00:45:00,2026-06-08 00:49:38,30.950000000000045,Zone 4,56.0,Zone 5,30.8,Zone 4,41.0,Zone 4,36.3,Zone 4,54.6,Zone 5,41.5,Zone 4,61.1,Zone 5,56.0,Zone 5,63.7,Zone 5
Tamil Nadu,Kanchipuram,Acs Medical College,31.5,2026-06-08,00:30:00,78.0,2026-06-07,00:30:00,2026-06-08 00:49:38,41.650000000000034,Zone 5,67.4,Zone 5,41.7,Zone 5,64.2,Zone 5,60.9,Zone 5,67.0,Zone 5,64.8,Zone 5,69.0,Zone 5,67.4,Zone 5,70.5,Zone 5
Tamil Nadu,Kanchipuram,Chembarambakkam,29.8,2026-06-08,00:45:00,80.0,2026-06-07,00:45:00,2026-06-08 00:49:38,36.25,Zone 4,65.4,Zone 5,36.8,Zone 4,61.8,Zone 5,55.1,Zone 5,65.0,Zone 5,62.4,Zone 5,67.3,Zone 5,65.4,Zone 5,69.0,Zone 5
Tamil Nadu,Kanchipuram,Hindustan University,29.6,2026-06-08,00:30:00,80.0,2026-06-07,00:30:00,2026-06-08 00:49:38,35.650000000000034,Zone 4,64.6,Zone 5,35.4,Zone 4,60.8,Zone 5,50.2,Zone 5,64.2,Zone 5,61.4,Zone 5,66.6,Zone 5,64.6,Zone 5,68.4,Zone 5
Tamil Nadu,Kanchipuram,Kanchipuram Isro,31.2,2026-06-08,00:45:00,21.0,2026-06-07,00:45:00,2026-06-08 00:49:38,29.75,Zone 4,41.0,Zone 4,29.6,Zone 4,37.2,Zone 4,33.6,Zone 4,40.8,Zone 4,37.4,Zone 4,44.3,Zone 4,41.0,Zone 4,52.5,Zone 5
Tamil Nadu,Kanchipuram,Sathyabama  University,29.4,2026-06-08,00:30:00,89.0,2026-06-07,00:30:00,2026-06-08 00:49:38,37.450000000000045,Zone 4,66.8,Zone 5,37.8,Zone 4,63.5,Zone 5,60.0,Zone 5,66.4,Zone 5,64.0,Zone 5,68.5,Zone 5,66.8,Zone 5,70.0,Zone 5
Tamil Nadu,Kanyakumari,Nagercoil,21.2,2026-06-08,00:30:00,81.0,2026-06-07,00:30:00,2026-06-08 00:49:38,22.05000000000001,Zone 3,36.4,Zone 4,21.8,Zone 3,31.4,Zone 4,26.8,Zone 4,36.1,Zone 4,31.7,Zone 4,44.8,Zone 5,36.4,Zone 4,57.8,Zone 5
Tamil Nadu,Kanyakumari,Thirupathisaram Amfu,26.4,2026-06-08,00:30:00,96.0,2026-06-07,00:30:00,2026-06-08 00:49:38,30.55000000000001,Zone 4,63.2,Zone 5,30.8,Zone 4,59.2,Zone 5,42.1,Zone 5,62.8,Zone 5,59.8,Zone 5,65.4,Zone 5,63.2,Zone 5,67.4,Zone 5
Tamil Nadu,Krishnagiri,Denkanikottai,22.9,2026-06-08,00:45:00,75.0,2026-06-07,00:45:00,2026-06-08 00:49:38,23.75,Zone 3,38.8,Zone 4,23.8,Zone 3,33.7,Zone 4,29.0,Zone 4,38.5,Zone 4,34.0,Zone 4,51.2,Zone 5,38.8,Zone 4,60.0,Zone 5
Tamil Nadu,Krishnagiri,Hosur,21.6,2026-06-08,00:30:00,96.0,2026-06-07,00:30:00,2026-06-08 00:49:38,23.150000000000034,Zone 3,43.0,Zone 5,23.0,Zone 3,33.3,Zone 4,28.2,Zone 4,41.6,Zone 5,33.7,Zone 4,56.7,Zone 5,43.0,Zone 5,61.2,Zone 5
Tamil Nadu,Krishnagiri,Paiyur Amfu,27.1,2026-06-08,00:30:00,,,,2026-06-08 00:49:38,,,,,,,,,,,,,,,,,,,,
Tamil Nadu,Krishnagiri,Pochampalli,26.8,2026-06-08,00:30:00,74.0,2026-06-07,00:30:00,2026-06-08 00:49:38,28.850000000000023,Zone 4,59.2,Zone 5,29.2,Zone 4,40.8,Zone 5,35.3,Zone 4,58.2,Zone 5,42.9,Zone 5,62.0,Zone 5,59.2,Zone 5,64.4,Zone 5
Tamil Nadu,Madurai,Madurai Isro,28.4,2026-06-08,00:30:00,,,,2026-06-08 00:49:38,,,,,,,,,,,,,,,,,,,,
Tamil Nadu,Mayiladuthurai,Mayiladuthurai,29.1,2026-06-08,00:45:00,,,,2026-06-08 00:49:38,,,,,,,,,,,,,,,,,,,,
Tamil Nadu,Nagapattinam,Vedharanyam,28.1,2026-06-08,00:45:00,86.0,2026-06-07,00:45:00,2026-06-08 00:49:38,33.05000000000001,Zone 4,63.6,Zone 5,32.8,Zone 4,59.6,Zone 5,43.9,Zone 5,63.2,Zone 5,60.2,Zone 5,65.7,Zone 5,63.6,Zone 5,67.6,Zone 5
Tamil Nadu,Nctpl Marg Ecr,New Chennai Township Private L,28.3,2026-06-08,00:45:00,85.0,2026-06-07,00:45:00,2026-06-08 00:49:38,33.35000000000002,Zone 4,64.2,Zone 5,33.9,Zone 4,60.3,Zone 5,47.5,Zone 5,63.8,Zone 5,60.9,Zone 5,66.2,Zone 5,64.2,Zone 5,68.1,Zone 5
Tamil Nadu,Perambalur,Perambalur,27.4,2026-06-08,00:00:00,,,,2026-06-08 00:49:38,,,,,,,,,,,,,,,,,,,,
Tamil Nadu,Ramanathapuram,Ramnadu Kvk,28.5,2026-06-08,00:45:00,,,,2026-06-08 00:49:38,,,,,,,,,,,,,,,,,,,,
Tamil Nadu,Ranipet,Kalavai,30.8,2026-06-08,00:45:00,55.0,2026-06-07,00:45:00,2026-06-08 00:49:38,33.35000000000002,Zone 4,60.2,Zone 5,33.7,Zone 4,45.8,Zone 5,39.4,Zone 4,59.9,Zone 5,48.0,Zone 5,62.9,Zone 5,60.2,Zone 5,65.2,Zone 5
Tamil Nadu,Salem,Govt Hss Mettur,27.2,2026-06-08,00:45:00,74.0,2026-06-07,00:45:00,2026-06-08 00:49:38,29.55000000000001,Zone 4,59.2,Zone 5,29.2,Zone 4,40.8,Zone 5,35.3,Zone 4,58.2,Zone 5,42.9,Zone 5,62.0,Zone 5,59.2,Zone 5,64.4,Zone 5
Tamil Nadu,Salem,Sandhiyur Kvk,26.6,2026-06-08,00:45:00,51.0,2026-06-07,00:45:00,2026-06-08 00:49:38,26.850000000000023,Zone 4,40.6,Zone 4,26.8,Zone 4,36.0,Zone 4,31.7,Zone 4,40.4,Zone 4,36.3,Zone 4,49.9,Zone 5,40.6,Zone 4,59.8,Zone 5
Tamil Nadu,Salem,Vazhapadi,27.2,2026-06-08,00:30:00,,,,2026-06-08 00:49:38,,,,,,,,,,,,,,,,,,,,
Tamil Nadu,Sivaganga,Sethu Bhaskar Agri College Kar,28.1,2026-06-08,00:45:00,77.0,2026-06-07,00:45:00,2026-06-08 00:49:38,31.650000000000034,Zone 4,61.5,Zone 5,31.4,Zone 4,51.6,Zone 5,38.0,Zone 4,61.0,Zone 5,53.9,Zone 5,63.9,Zone 5,61.5,Zone 5,66.1,Zone 5
Tamil Nadu,Thanjavur,Adiramapattinam,29.1,2026-06-08,00:45:00,87.0,2026-06-07,00:45:00,2026-06-08 00:49:38,35.950000000000045,Zone 4,65.5,Zone 5,35.7,Zone 4,61.9,Zone 5,55.3,Zone 5,65.1,Zone 5,62.4,Zone 5,67.3,Zone 5,65.5,Zone 5,69.0,Zone 5
Tamil Nadu,The Nilgiris,Coonoor,18.0,2026-06-08,00:30:00,74.0,2026-06-07,00:30:00,2026-06-08 00:49:38,17.850000000000023,Zone 3,32.0,Zone 4,17.8,Zone 3,27.6,Zone 4,23.8,Zone 3,31.8,Zone 4,27.8,Zone 4,35.9,Zone 4,32.0,Zone 4,41.4,Zone 5
Tamil Nadu,Thiruninravur,Jaya Engineering Clg,30.4,2026-06-08,00:45:00,,,,2026-06-08 00:49:38,,,,,,,,,,,,,,,,,,,,
Tamil Nadu,Thoothukudi,Sattankulam,27.6,2026-06-08,00:30:00,76.0,2026-06-07,00:30:00,2026-06-08 00:49:38,30.55000000000001,Zone 4,60.4,Zone 5,30.3,Zone 4,46.6,Zone 5,36.7,Zone 4,60.0,Zone 5,48.9,Zone 5,63.0,Zone 5,60.4,Zone 5,65.3,Zone 5
Tamil Nadu,Thoothukudi,Thiruchendur,27.4,2026-06-08,00:30:00,96.0,2026-06-07,00:30:00,2026-06-08 00:49:38,33.05000000000001,Zone 4,65.0,Zone 5,33.3,Zone 4,61.3,Zone 5,52.3,Zone 5,64.6,Zone 5,61.8,Zone 5,66.9,Zone 5,65.0,Zone 5,68.7,Zone 5
Tamil Nadu,Thoothukudi,Tuticorin Railway Station,27.8,2026-06-08,00:45:00,75.0,2026-06-07,00:45:00,2026-06-08 00:49:38,30.75,Zone 4,61.0,Zone 5,31.2,Zone 4,49.2,Zone 5,37.6,Zone 4,60.6,Zone 5,51.6,Zone 5,63.5,Zone 5,61.0,Zone 5,65.7,Zone 5
Tamil Nadu,Tiruchirappalli,Thuvakudi Isro,27.1,2026-06-08,00:30:00,75.0,2026-06-07,00:30:00,2026-06-08 00:49:38,29.55000000000001,Zone 4,59.4,Zone 5,29.3,Zone 4,41.9,Zone 5,35.5,Zone 4,59.0,Zone 5,44.0,Zone 5,62.2,Zone 5,59.4,Zone 5,64.6,Zone 5
Tamil Nadu,Tirunelveli,Radhapuram,27.3,2026-06-08,00:45:00,86.0,2026-06-07,00:45:00,2026-06-08 00:49:38,31.150000000000034,Zone 4,62.7,Zone 5,31.6,Zone 4,57.5,Zone 5,39.4,Zone 5,62.3,Zone 5,59.2,Zone 5,65.0,Zone 5,62.7,Zone 5,67.0,Zone 5
Tamil Nadu,Tirunelveli,Tirunelveli,26.9,2026-06-08,00:30:00,80.0,2026-06-07,00:30:00,2026-06-08 00:49:38,29.650000000000034,Zone 4,60.6,Zone 5,29.9,Zone 4,47.2,Zone 5,36.3,Zone 4,60.2,Zone 5,49.5,Zone 5,63.2,Zone 5,60.6,Zone 5,65.4,Zone 5
Tamil Nadu,Tirupattur,Tirupattur Collectoroffice,27.8,2026-06-08,00:45:00,,,,2026-06-08 00:49:38,,,,,,,,,,,,,,,,,,,,
Tamil Nadu,Tirupattur,Yelagiri Hill,,,,62.0,2026-06-07,00:45:00,2026-06-08 00:49:38,,,,,,,,,,,,,,,,,,,,
Tamil Nadu,Tiruppur,Tiruppur Collector Office,26.0,2026-06-08,00:45:00,86.0,2026-06-07,00:45:00,2026-06-08 00:49:38,28.650000000000034,Zone 4,60.3,Zone 5,28.6,Zone 4,45.8,Zone 5,35.2,Zone 4,59.9,Zone 5,48.1,Zone 5,62.9,Zone 5,60.3,Zone 5,65.2,Zone 5
Tamil Nadu,Tiruvallur,Good Will School Villivakkam,31.0,2026-06-08,00:45:00,66.0,2026-06-07,00:45:00,2026-06-08 00:49:38,35.85000000000002,Zone 4,63.3,Zone 5,35.9,Zone 4,59.3,Zone 5,42.7,Zone 5,63.0,Zone 5,59.9,Zone 5,65.5,Zone 5,63.3,Zone 5,67.5,Zone 5
Tamil Nadu,Tiruvallur,Poonamallee,29.5,2026-06-08,00:30:00,72.0,2026-06-07,00:30:00,2026-06-08 00:49:38,33.75,Zone 4,62.6,Zone 5,33.8,Zone 4,57.0,Zone 5,40.4,Zone 4,62.2,Zone 5,59.0,Zone 5,64.9,Zone 5,62.6,Zone 5,66.9,Zone 5
Tamil Nadu,Tiruvallur,R.K.Pet,30.0,2026-06-08,00:30:00,59.0,2026-06-07,00:30:00,2026-06-08 00:49:38,32.55000000000001,Zone 4,59.9,Zone 5,32.6,Zone 4,44.2,Zone 5,38.3,Zone 4,59.5,Zone 5,46.4,Zone 5,62.6,Zone 5,59.9,Zone 5,64.9,Zone 5
Tamil Nadu,Tiruvallur,Tirur Kvk,29.9,2026-06-08,00:45:00,,,,2026-06-08 00:49:38,,,,,,,,,,,,,,,,,,,,
Tamil Nadu,Tiruvannamalai,Cheyyar,30.5,2026-06-08,00:45:00,64.0,2026-06-07,00:45:00,2026-06-08 00:49:38,34.35000000000002,Zone 4,62.0,Zone 5,34.4,Zone 4,54.4,Zone 5,40.6,Zone 4,61.6,Zone 5,56.6,Zone 5,64.4,Zone 5,62.0,Zone 5,66.5,Zone 5
Tamil Nadu,Tiruvannamalai,Tiruvannamalai Isro,29.2,2026-06-08,00:30:00,54.0,2026-06-07,00:30:00,2026-06-08 00:49:38,30.650000000000034,Zone 4,51.8,Zone 5,30.3,Zone 4,40.2,Zone 4,35.7,Zone 4,50.3,Zone 5,40.6,Zone 4,60.2,Zone 5,51.8,Zone 5,62.9,Zone 5
Tamil Nadu,Vellore,Virinjipuram Kvk,29.3,2026-06-08,00:45:00,7.0,2026-06-07,00:45:00,2026-06-08 00:49:38,27.05000000000001,Zone 4,37.5,Zone 4,27.2,Zone 4,34.3,Zone 4,30.9,Zone 4,37.5,Zone 4,34.3,Zone 4,40.6,Zone 4,37.5,Zone 4,43.6,Zone 4
Tamil Nadu,Viluppuram,Mailam,30.3,2026-06-08,00:30:00,58.0,2026-06-07,00:30:00,2026-06-08 00:49:38,32.950000000000045,Zone 4,60.4,Zone 5,33.3,Zone 4,46.4,Zone 5,39.1,Zone 4,60.0,Zone 5,48.6,Zone 5,63.0,Zone 5,60.4,Zone 5,65.3,Zone 5
Tamil Nadu,Virudhunagar,Aruppukottai Kvk,28.6,2026-06-08,00:45:00,66.0,2026-06-07,00:45:00,2026-06-08 00:49:38,31.05000000000001,Zone 4,59.5,Zone 5,30.9,Zone 4,42.4,Zone 5,36.9,Zone 4,59.1,Zone 5,44.6,Zone 5,62.3,Zone 5,59.5,Zone 5,64.6,Zone 5
Telangana,Adilabad,Adilabad Kvk,33.1,2026-06-08,00:15:00,,,,2026-06-08 00:49:38,,,,,,,,,,,,,,,,,,,,
Telangana,Hanumakonda,Hanumakonda,30.9,2026-06-08,00:30:00,,,,2026-06-08 00:49:38,,,,,,,,,,,,,,,,,,,,
Telangana,Hyderabad,Golkonda,28.6,2026-06-08,00:30:00,74.0,2026-06-07,00:30:00,2026-06-08 00:49:38,32.150000000000034,Zone 4,61.5,Zone 5,32.0,Zone 4,51.9,Zone 5,38.5,Zone 4,61.1,Zone 5,54.2,Zone 5,64.0,Zone 5,61.5,Zone 5,66.1,Zone 5
Telangana,Hyderabad,Hyderabad,27.8,2026-06-08,00:30:00,59.0,2026-06-07,00:30:00,2026-06-08 00:49:38,29.05000000000001,Zone 4,51.3,Zone 5,29.4,Zone 4,39.4,Zone 4,34.8,Zone 4,49.8,Zone 5,39.9,Zone 4,60.1,Zone 5,51.3,Zone 5,62.8,Zone 5
Telangana,Jogulamba Gadwal,Jurala Cwc,27.9,2026-06-08,00:00:00,,,,2026-06-08 00:49:38,,,,,,,,,,,,,,,,,,,,
Telangana,Kamareddy,Nagireddypet,28.2,2026-06-08,00:45:00,65.0,2026-06-07,00:45:00,2026-06-08 00:49:38,30.350000000000023,Zone 4,57.3,Zone 5,30.0,Zone 4,40.6,Zone 4,35.7,Zone 4,55.8,Zone 5,41.1,Zone 4,61.4,Zone 5,57.3,Zone 5,63.9,Zone 5
Telangana,Karimnagar,Karimnagar,29.3,2026-06-08,00:45:00,72.0,2026-06-07,00:45:00,2026-06-08 00:49:38,33.35000000000002,Zone 4,62.6,Zone 5,33.8,Zone 4,57.0,Zone 5,40.4,Zone 4,62.2,Zone 5,59.0,Zone 5,64.9,Zone 5,62.6,Zone 5,66.9,Zone 5
Telangana,Khammam,Khammam,26.5,2026-06-08,00:45:00,100.0,2026-06-07,00:45:00,2026-06-08 00:49:38,31.350000000000023,Zone 4,64.1,Zone 5,31.3,Zone 4,60.2,Zone 5,47.0,Zone 5,63.7,Zone 5,60.8,Zone 5,66.2,Zone 5,64.1,Zone 5,68.0,Zone 5
Telangana,Khammam,Wyra Kvk,24.3,2026-06-08,00:45:00,100.0,2026-06-07,00:45:00,2026-06-08 00:49:38,26.650000000000034,Zone 4,60.7,Zone 5,27.0,Zone 4,47.6,Zone 5,34.0,Zone 4,60.2,Zone 5,50.0,Zone 5,63.2,Zone 5,60.7,Zone 5,65.5,Zone 5
Telangana,Kumuram Bheem Asifabad ,Asifabad,32.5,2026-06-08,00:30:00,49.0,2026-06-07,00:30:00,2026-06-08 00:49:38,35.25,Zone 4,60.6,Zone 5,35.2,Zone 4,47.4,Zone 5,40.7,Zone 4,60.2,Zone 5,49.6,Zone 5,63.2,Zone 5,60.6,Zone 5,65.4,Zone 5
Telangana,Mahbubnagar,Mahbubnagar,27.2,2026-06-08,00:30:00,75.0,2026-06-07,00:30:00,2026-06-08 00:49:38,29.650000000000034,Zone 4,59.4,Zone 5,29.3,Zone 4,41.9,Zone 5,35.5,Zone 4,59.0,Zone 5,44.0,Zone 5,62.2,Zone 5,59.4,Zone 5,64.6,Zone 5
Telangana,Medak,Ars Narsapur,26.9,2026-06-08,00:45:00,65.0,2026-06-07,00:45:00,2026-06-08 00:49:38,28.25,Zone 4,51.5,Zone 5,28.4,Zone 4,38.8,Zone 4,34.0,Zone 4,49.9,Zone 5,39.2,Zone 4,60.2,Zone 5,51.5,Zone 5,62.8,Zone 5
Telangana,Medak,Medak,28.3,2026-06-08,00:45:00,62.0,2026-06-07,00:45:00,2026-06-08 00:49:38,30.150000000000034,Zone 4,57.2,Zone 5,30.5,Zone 4,40.9,Zone 4,36.1,Zone 4,55.8,Zone 5,41.4,Zone 4,61.4,Zone 5,57.2,Zone 5,63.9,Zone 5
Telangana,Medchal Malkajgiri,Kukatpally Jntu,28.7,2026-06-08,00:30:00,76.0,2026-06-07,00:30:00,2026-06-08 00:49:38,32.75,Zone 4,62.0,Zone 5,32.3,Zone 4,54.3,Zone 5,38.9,Zone 4,61.6,Zone 5,56.5,Zone 5,64.4,Zone 5,62.0,Zone 5,66.5,Zone 5
Telangana,Nirmal ,Bhainsa Arg,29.9,2026-06-08,00:45:00,67.0,2026-06-07,00:45:00,2026-06-08 00:49:38,33.650000000000034,Zone 4,62.1,Zone 5,33.9,Zone 4,54.6,Zone 5,40.3,Zone 4,61.7,Zone 5,56.8,Zone 5,64.5,Zone 5,62.1,Zone 5,66.5,Zone 5
Telangana,Peddapalli,Ars Peddapally,30.0,2026-06-08,00:45:00,59.0,2026-06-07,00:45:00,2026-06-08 00:49:38,32.55000000000001,Zone 4,59.9,Zone 5,32.6,Zone 4,44.2,Zone 5,38.3,Zone 4,59.5,Zone 5,46.4,Zone 5,62.6,Zone 5,59.9,Zone 5,64.9,Zone 5
Telangana,Peddapalli,Kunaram,32.2,2026-06-08,00:30:00,30.0,2026-06-07,00:30:00,2026-06-08 00:49:38,31.75,Zone 4,44.1,Zone 4,31.6,Zone 4,39.8,Zone 4,36.0,Zone 4,43.8,Zone 4,40.1,Zone 4,52.8,Zone 5,44.1,Zone 4,60.4,Zone 5
Telangana,Rajanna Sircilla,Sircilla,30.4,2026-06-08,00:45:00,47.0,2026-06-07,00:45:00,2026-06-08 00:49:38,31.55000000000001,Zone 4,52.2,Zone 5,31.7,Zone 4,41.2,Zone 4,36.8,Zone 4,50.7,Zone 5,41.6,Zone 4,60.3,Zone 5,52.2,Zone 5,62.9,Zone 5
Telangana,Ranga Reddy,Dullapally,25.4,2026-06-08,00:30:00,66.0,2026-06-07,00:30:00,2026-06-08 00:49:38,26.25,Zone 4,43.5,Zone 5,26.4,Zone 4,36.4,Zone 4,31.8,Zone 4,42.1,Zone 5,36.9,Zone 4,57.1,Zone 5,43.5,Zone 5,61.3,Zone 5
Telangana,Ranga Reddy,Esci Gachibowli,27.0,2026-06-08,00:30:00,74.0,2026-06-07,00:30:00,2026-06-08 00:49:38,29.25,Zone 4,59.2,Zone 5,29.2,Zone 4,40.8,Zone 5,35.3,Zone 4,58.2,Zone 5,42.9,Zone 5,62.0,Zone 5,59.2,Zone 5,64.4,Zone 5
Telangana,Ranga Reddy,Ghatkesar,26.9,2026-06-08,00:30:00,70.0,2026-06-07,00:30:00,2026-06-08 00:49:38,28.75,Zone 4,56.2,Zone 5,28.9,Zone 4,39.6,Zone 4,34.7,Zone 4,54.7,Zone 5,40.2,Zone 4,61.2,Zone 5,56.2,Zone 5,63.7,Zone 5
Telangana,Ranga Reddy,Hayathnagar,26.5,2026-06-08,00:30:00,76.0,2026-06-07,00:30:00,2026-06-08 00:49:38,28.55000000000001,Zone 4,58.5,Zone 5,28.6,Zone 4,39.8,Zone 4,34.7,Zone 4,57.1,Zone 5,41.5,Zone 5,61.7,Zone 5,58.5,Zone 5,64.1,Zone 5
Telangana,Ranga Reddy,Ibrahimpatam,24.1,2026-06-08,00:45:00,100.0,2026-06-07,00:45:00,2026-06-08 00:49:38,26.350000000000023,Zone 4,59.8,Zone 5,26.1,Zone 4,43.6,Zone 5,32.9,Zone 4,59.4,Zone 5,45.9,Zone 5,62.5,Zone 5,59.8,Zone 5,64.8,Zone 5
Telangana,Sangareddy,Kandi,27.2,2026-06-08,00:45:00,67.0,2026-06-07,00:45:00,2026-06-08 00:49:38,28.950000000000045,Zone 4,53.4,Zone 5,28.6,Zone 4,39.1,Zone 4,34.3,Zone 4,51.9,Zone 5,39.6,Zone 4,60.6,Zone 5,53.4,Zone 5,63.2,Zone 5
Telangana,Sangareddy,Zaheerabad,24.7,2026-06-08,00:30:00,70.0,2026-06-07,00:30:00,2026-06-08 00:49:38,25.55000000000001,Zone 4,41.3,Zone 5,25.3,Zone 3,35.4,Zone 4,30.7,Zone 4,40.2,Zone 4,35.8,Zone 4,55.3,Zone 5,41.3,Zone 5,60.9,Zone 5
Telangana,Siddipet,Kaveri Siddipet,26.2,2026-06-08,00:30:00,72.0,2026-06-07,00:30:00,2026-06-08 00:49:38,27.75,Zone 4,52.0,Zone 5,27.5,Zone 4,38.1,Zone 4,33.3,Zone 4,50.5,Zone 5,38.6,Zone 4,60.3,Zone 5,52.0,Zone 5,62.9,Zone 5
Telangana,Suryapet,Suryapet Arg,31.0,2026-06-08,00:30:00,55.0,2026-06-07,00:30:00,2026-06-08 00:49:38,33.650000000000034,Zone 4,60.2,Zone 5,33.7,Zone 4,45.8,Zone 5,39.4,Zone 4,59.9,Zone 5,48.0,Zone 5,62.9,Zone 5,60.2,Zone 5,65.2,Zone 5
Telangana,Vikarabad,Tandur,24.4,2026-06-08,00:30:00,78.0,2026-06-07,00:30:00,2026-06-08 00:49:38,25.55000000000001,Zone 4,48.0,Zone 5,25.7,Zone 4,36.4,Zone 4,31.5,Zone 4,46.4,Zone 5,36.8,Zone 4,59.4,Zone 5,48.0,Zone 5,62.2,Zone 5
Telangana,Wanaparthy,Horticultural University Mojer,26.8,2026-06-08,00:45:00,84.0,2026-06-07,00:45:00,2026-06-08 00:49:38,29.950000000000045,Zone 4,61.5,Zone 5,30.3,Zone 4,51.6,Zone 5,37.1,Zone 4,61.1,Zone 5,53.9,Zone 5,63.9,Zone 5,61.5,Zone 5,66.1,Zone 5
Telangana,Warangal Rural,Siddhapur,31.2,2026-06-08,00:45:00,47.0,2026-06-07,00:45:00,2026-06-08 00:49:38,32.75,Zone 4,54.9,Zone 5,32.4,Zone 4,42.0,Zone 4,37.6,Zone 4,53.4,Zone 5,42.5,Zone 4,60.9,Zone 5,54.9,Zone 5,63.4,Zone 5
Tripura,Dhalai,Dholai Kvk,27.3,2026-06-08,00:45:00,96.0,2026-06-07,00:45:00,2026-06-08 00:49:38,32.75,Zone 4,65.0,Zone 5,33.3,Zone 4,61.3,Zone 5,52.3,Zone 5,64.6,Zone 5,61.8,Zone 5,66.9,Zone 5,65.0,Zone 5,68.7,Zone 5
Tripura,Dhalai,Gandachara,27.5,2026-06-08,00:45:00,96.0,2026-06-07,00:45:00,2026-06-08 00:49:38,33.35000000000002,Zone 4,65.0,Zone 5,33.3,Zone 4,61.3,Zone 5,52.3,Zone 5,64.6,Zone 5,61.8,Zone 5,66.9,Zone 5,65.0,Zone 5,68.7,Zone 5
Tripura,Khowai,Teliamura,28.1,2026-06-08,00:30:00,98.0,2026-06-07,00:30:00,2026-06-08 00:49:38,35.55000000000001,Zone 4,66.3,Zone 5,35.2,Zone 4,62.9,Zone 5,59.2,Zone 5,65.9,Zone 5,63.4,Zone 5,68.0,Zone 5,66.3,Zone 5,69.6,Zone 5
Tripura,North Tripura,Ashapara,27.7,2026-06-08,00:45:00,100.0,2026-06-07,00:45:00,2026-06-08 00:49:38,34.75,Zone 4,65.8,Zone 5,34.1,Zone 4,62.3,Zone 5,57.3,Zone 5,65.4,Zone 5,62.9,Zone 5,67.7,Zone 5,65.8,Zone 5,69.3,Zone 5
Tripura,North Tripura,Eden Laouge,24.5,2026-06-08,00:15:00,,,,2026-06-08 00:49:38,,,,,,,,,,,,,,,,,,,,
Tripura,North Tripura,Kamalpur,27.9,2026-06-08,00:45:00,64.0,2026-06-07,00:45:00,2026-06-08 00:49:38,29.75,Zone 4,56.4,Zone 5,29.9,Zone 4,40.4,Zone 4,35.6,Zone 4,54.9,Zone 5,40.9,Zone 4,61.2,Zone 5,56.4,Zone 5,63.7,Zone 5
Tripura,Sipahijala,Cti,27.6,2026-06-08,00:45:00,,,,2026-06-08 00:49:38,,,,,,,,,,,,,,,,,,,,
Tripura,Sipahijala,Sipahijala,27.0,2026-06-08,00:45:00,100.0,2026-06-07,00:45:00,2026-06-08 00:49:38,32.650000000000034,Zone 4,65.0,Zone 5,32.7,Zone 4,61.3,Zone 5,52.3,Zone 5,64.6,Zone 5,61.8,Zone 5,66.9,Zone 5,65.0,Zone 5,68.7,Zone 5
Tripura,Sipahijala,Sonamura,30.8,2026-06-08,00:45:00,,,,2026-06-08 00:49:38,,,,,,,,,,,,,,,,,,,,
Tripura,South Tripura,Gokulpur,28.5,2026-06-08,00:30:00,,,,2026-06-08 00:49:38,,,,,,,,,,,,,,,,,,,,
Tripura,South Tripura,Sabroom,27.3,2026-06-08,00:45:00,34.0,2026-06-07,00:45:00,2026-06-08 00:49:38,26.75,Zone 4,39.3,Zone 4,26.9,Zone 4,35.2,Zone 4,31.3,Zone 4,39.1,Zone 4,35.4,Zone 4,42.8,Zone 4,39.3,Zone 4,52.8,Zone 5
Tripura,Unakoti,Kailashahar,27.0,2026-06-08,00:45:00,100.0,2026-06-07,00:45:00,2026-06-08 00:49:38,32.650000000000034,Zone 4,65.0,Zone 5,32.7,Zone 4,61.3,Zone 5,52.3,Zone 5,64.6,Zone 5,61.8,Zone 5,66.9,Zone 5,65.0,Zone 5,68.7,Zone 5
Tripura,West Tripura,Agartala Airport,27.3,2026-06-08,00:30:00,99.0,2026-06-07,00:30:00,2026-06-08 00:49:38,33.35000000000002,Zone 4,65.6,Zone 5,33.9,Zone 4,62.1,Zone 5,56.1,Zone 5,65.2,Zone 5,62.6,Zone 5,67.5,Zone 5,65.6,Zone 5,69.1,Zone 5
Tripura,West Tripura,A D Nagar Amfu,28.0,2026-06-08,00:45:00,,,,2026-06-08 00:49:38,,,,,,,,,,,,,,,,,,,,
Tripura,West Tripura,Dm Office West Agartala,27.5,2026-06-08,00:30:00,,,,2026-06-08 00:49:38,,,,,,,,,,,,,,,,,,,,
Tripura,West Tripura,Hrc Nagicherra,27.1,2026-06-08,00:30:00,,,,2026-06-08 00:49:38,,,,,,,,,,,,,,,,,,,,
Tripura,West Tripura,Khumluwang,27.2,2026-06-08,00:45:00,,,,2026-06-08 00:49:38,,,,,,,,,,,,,,,,,,,,
Tripura,West Tripura,Met Agartala,27.1,2026-06-08,00:45:00,95.0,2026-06-07,00:45:00,2026-06-08 00:49:38,32.05000000000001,Zone 4,63.9,Zone 5,31.8,Zone 4,60.0,Zone 5,45.8,Zone 5,63.5,Zone 5,60.5,Zone 5,66.0,Zone 5,63.9,Zone 5,67.9,Zone 5
Tripura,West Tripura,Secretariat,28.1,2026-06-08,00:30:00,,,,2026-06-08 00:49:38,,,,,,,,,,,,,,,,,,,,
Uttarakhand,Almora,Chaubatia Ranikhet,17.8,2026-06-08,00:45:00,77.0,2026-06-07,00:45:00,2026-06-08 00:49:38,17.75,Zone 3,32.1,Zone 4,18.0,Zone 3,27.7,Zone 4,23.8,Zone 3,32.0,Zone 4,27.9,Zone 4,36.1,Zone 4,32.1,Zone 4,42.7,Zone 5
Uttarakhand,Almora,Matela Kvk,18.6,2026-06-08,00:45:00,100.0,2026-06-07,00:45:00,2026-06-08 00:49:38,19.850000000000023,Zone 3,34.3,Zone 4,19.7,Zone 3,29.2,Zone 4,24.8,Zone 3,34.0,Zone 4,29.5,Zone 4,42.6,Zone 5,34.3,Zone 4,56.0,Zone 5
Uttarakhand,Chamoli,Chamoli,18.7,2026-06-08,00:30:00,95.0,2026-06-07,00:30:00,2026-06-08 00:49:38,19.650000000000034,Zone 3,33.9,Zone 4,19.5,Zone 3,29.0,Zone 4,24.6,Zone 3,33.7,Zone 4,29.3,Zone 4,40.2,Zone 5,33.9,Zone 4,53.7,Zone 5
Uttarakhand,Chamoli,Tharali,,,,17.0,2026-06-07,00:45:00,2026-06-08 00:49:38,,,,,,,,,,,,,,,,,,,,
Uttarakhand,Champawat,Champawat,18.5,2026-06-08,00:30:00,,,,2026-06-08 00:49:38,,,,,,,,,,,,,,,,,,,,
Uttarakhand,Dehradun,Dehradun,,,,59.0,2026-06-07,00:30:00,2026-06-08 00:49:38,,,,,,,,,,,,,,,,,,,,
Uttarakhand,Dehradun,Hatibharkala,26.4,2026-06-08,00:45:00,54.0,2026-06-07,00:45:00,2026-06-08 00:49:38,26.850000000000023,Zone 4,41.1,Zone 4,27.0,Zone 4,36.4,Zone 4,32.0,Zone 4,40.8,Zone 4,36.7,Zone 4,52.5,Zone 5,41.1,Zone 4,60.3,Zone 5
Uttarakhand,Dehradun,Jollygrant,25.7,2026-06-08,00:30:00,75.0,2026-06-07,00:30:00,2026-06-08 00:49:38,27.25,Zone 4,51.6,Zone 5,26.9,Zone 4,37.7,Zone 4,32.8,Zone 4,50.1,Zone 5,38.2,Zone 4,60.2,Zone 5,51.6,Zone 5,62.8,Zone 5
Uttarakhand,Dehradun,Maldevta,26.0,2026-06-08,00:45:00,61.0,2026-06-07,00:45:00,2026-06-08 00:49:38,26.75,Zone 4,41.8,Zone 5,26.7,Zone 4,36.6,Zone 4,32.0,Zone 4,41.2,Zone 4,36.9,Zone 4,55.8,Zone 5,41.8,Zone 5,61.0,Zone 5
Uttarakhand,Dehradun,Massouri,20.5,2026-06-08,00:30:00,79.0,2026-06-07,00:30:00,2026-06-08 00:49:38,21.150000000000034,Zone 3,35.5,Zone 4,21.1,Zone 3,30.7,Zone 4,26.1,Zone 4,35.2,Zone 4,30.9,Zone 4,41.2,Zone 5,35.5,Zone 4,54.6,Zone 5
Uttarakhand,Dehradun,Mohakampur,25.3,2026-06-08,00:45:00,86.0,2026-06-07,00:45:00,2026-06-08 00:49:38,27.350000000000023,Zone 4,59.5,Zone 5,27.7,Zone 4,42.1,Zone 5,34.2,Zone 4,59.1,Zone 5,44.2,Zone 5,62.2,Zone 5,59.5,Zone 5,64.6,Zone 5
Uttarakhand,Dehradun,Rishikesh,,,,48.0,2026-06-07,00:30:00,2026-06-08 00:49:38,,,,,,,,,,,,,,,,,,,,
Uttarakhand,Haridwar,Roorkee Amfu,27.9,2026-06-08,00:00:00,,,,2026-06-08 00:49:38,,,,,,,,,,,,,,,,,,,,
Uttarakhand,Nainital,Mukteshwar,24.9,2026-06-08,00:30:00,,,,2026-06-08 00:49:38,,,,,,,,,,,,,,,,,,,,
Uttarakhand,Nainital,Nainital(Jeolikot) Kvk,20.3,2026-06-08,00:45:00,91.0,2026-06-07,00:45:00,2026-06-08 00:49:38,21.450000000000045,Zone 3,36.6,Zone 4,21.7,Zone 3,31.4,Zone 4,26.6,Zone 4,36.3,Zone 4,31.7,Zone 4,48.3,Zone 5,36.6,Zone 4,59.4,Zone 5
Uttarakhand,Nainital,Th Kosiyakutoli,22.4,2026-06-08,00:45:00,94.0,2026-06-07,00:45:00,2026-06-08 00:49:38,23.950000000000045,Zone 3,48.0,Zone 5,24.0,Zone 3,34.8,Zone 4,29.6,Zone 4,46.4,Zone 5,35.3,Zone 4,59.4,Zone 5,48.0,Zone 5,62.2,Zone 5
Uttarakhand,Pauri Garhwal,Bharsar,15.3,2026-06-08,00:30:00,83.0,2026-06-07,00:30:00,2026-06-08 00:49:38,14.850000000000023,Zone 3,29.7,Zone 4,15.1,Zone 3,25.4,Zone 4,22.0,Zone 3,29.6,Zone 4,25.5,Zone 4,33.6,Zone 4,29.7,Zone 4,37.4,Zone 4
Uttarakhand,Pauri Garhwal,Srinagar Arg,24.5,2026-06-08,00:30:00,,,,2026-06-08 00:49:38,,,,,,,,,,,,,,,,,,,,
Uttarakhand,Rudraprayag,Rudra Prayag,21.1,2026-06-08,00:30:00,94.0,2026-06-07,00:30:00,2026-06-08 00:49:38,22.450000000000045,Zone 3,38.8,Zone 5,22.4,Zone 3,32.3,Zone 4,27.4,Zone 4,37.6,Zone 5,32.7,Zone 4,52.8,Zone 5,38.8,Zone 5,60.4,Zone 5
Uttarakhand,Tehri Garhwal,Devprayag,25.0,2026-06-08,00:30:00,69.0,2026-06-07,00:30:00,2026-06-08 00:49:38,25.850000000000023,Zone 4,43.2,Zone 5,25.9,Zone 4,36.0,Zone 4,31.4,Zone 4,41.9,Zone 5,36.5,Zone 4,56.9,Zone 5,43.2,Zone 5,61.3,Zone 5
Uttarakhand,Tehri Garhwal,Rani Chawri,,,,79.0,2026-06-07,00:30:00,2026-06-08 00:49:38,,,,,,,,,,,,,,,,,,,,
Uttarakhand,Udham Singh Nagar,Kashipur Aws400,27.7,2026-06-08,00:45:00,92.0,2026-06-07,00:45:00,2026-06-08 00:49:38,33.150000000000034,Zone 4,64.1,Zone 5,32.6,Zone 4,60.2,Zone 5,47.0,Zone 5,63.7,Zone 5,60.8,Zone 5,66.2,Zone 5,64.1,Zone 5,68.0,Zone 5
Uttarakhand,Uttarkashi,Purola,21.0,2026-06-08,00:30:00,97.0,2026-06-07,00:30:00,2026-06-08 00:49:38,22.450000000000045,Zone 3,40.6,Zone 5,22.5,Zone 3,32.6,Zone 4,27.6,Zone 4,39.4,Zone 5,33.0,Zone 4,54.6,Zone 5,40.6,Zone 5,60.8,Zone 5
Uttar Pradesh,Agra,Hydrogen Factory Bindukatra,31.0,2026-06-08,00:30:00,66.0,2026-06-07,00:30:00,2026-06-08 00:49:38,35.85000000000002,Zone 4,63.3,Zone 5,35.9,Zone 4,59.3,Zone 5,42.7,Zone 5,63.0,Zone 5,59.9,Zone 5,65.5,Zone 5,63.3,Zone 5,67.5,Zone 5
Uttar Pradesh,Aligarh,Quarsi Farms Quarsi,34.4,2026-06-08,00:30:00,65.0,2026-06-07,00:30:00,2026-06-08 00:49:38,49.35000000000002,Zone 5,68.5,Zone 5,50.6,Zone 5,65.6,Zone 5,62.6,Zone 5,68.2,Zone 5,66.1,Zone 5,70.0,Zone 5,68.5,Zone 5,71.3,Zone 5
Uttar Pradesh,Ambedkar Nagar,Collectorate Office Akbarpur,30.3,2026-06-08,00:30:00,,,,2026-06-08 00:49:38,,,,,,,,,,,,,,,,,,,,
Uttar Pradesh,Amroha,Amroha 400Aws,29.1,2026-06-08,00:45:00,59.0,2026-06-07,00:45:00,2026-06-08 00:49:38,31.05000000000001,Zone 4,57.0,Zone 5,30.9,Zone 4,41.2,Zone 4,36.5,Zone 4,55.6,Zone 5,41.7,Zone 4,61.4,Zone 5,57.0,Zone 5,63.9,Zone 5
Uttar Pradesh,Ayodhya,Ayodhya 400Aws,30.6,2026-06-08,00:45:00,69.0,2026-06-07,00:45:00,2026-06-08 00:49:38,35.650000000000034,Zone 4,63.4,Zone 5,35.4,Zone 4,59.4,Zone 5,42.9,Zone 5,63.0,Zone 5,59.9,Zone 5,65.6,Zone 5,63.4,Zone 5,67.5,Zone 5
Uttar Pradesh,Ayodhya,Krishi Vigyan Kendra Kumarganj,,,,73.0,2026-06-07,00:30:00,2026-06-08 00:49:38,,,,,,,,,,,,,,,,,,,,
Uttar Pradesh,Azamgarh,Lalganj Tehsil Office,29.7,2026-06-08,00:30:00,,,,2026-06-08 00:49:38,,,,,,,,,,,,,,,,,,,,
Uttar Pradesh,Bahraich,Bharaich Amfu,,,,79.0,2026-06-07,00:30:00,2026-06-08 00:49:38,,,,,,,,,,,,,,,,,,,,
Uttar Pradesh,Ballia,Ballia  400Aws,29.1,2026-06-08,00:45:00,83.0,2026-06-07,00:45:00,2026-06-08 00:49:38,35.05000000000001,Zone 4,64.5,Zone 5,34.7,Zone 4,60.7,Zone 5,49.6,Zone 5,64.1,Zone 5,61.3,Zone 5,66.5,Zone 5,64.5,Zone 5,68.3,Zone 5
Uttar Pradesh,Banda,Banda 400Aws,29.1,2026-06-08,00:45:00,52.0,2026-06-07,00:45:00,2026-06-08 00:49:38,30.25,Zone 4,49.6,Zone 5,30.1,Zone 4,39.8,Zone 4,35.3,Zone 4,48.1,Zone 5,40.2,Zone 4,59.8,Zone 5,49.6,Zone 5,62.5,Zone 5
Uttar Pradesh,Barabanki,Barabanki 400Aws,29.6,2026-06-08,00:45:00,68.0,2026-06-07,00:45:00,2026-06-08 00:49:38,33.25,Zone 4,61.6,Zone 5,33.1,Zone 4,52.2,Zone 5,39.4,Zone 4,61.2,Zone 5,54.4,Zone 5,64.0,Zone 5,61.6,Zone 5,66.2,Zone 5
Uttar Pradesh,Bareilly,Bareilly Bilwa 400Aws,29.7,2026-06-08,00:45:00,45.0,2026-06-07,00:45:00,2026-06-08 00:49:38,30.350000000000023,Zone 4,44.4,Zone 5,30.1,Zone 4,39.3,Zone 4,35.0,Zone 4,43.7,Zone 4,39.6,Zone 4,57.9,Zone 5,44.4,Zone 5,61.5,Zone 5
Uttar Pradesh,Bijnor,Prithvipur 400Aws,29.4,2026-06-08,00:30:00,67.0,2026-06-07,00:30:00,2026-06-08 00:49:38,32.75,Zone 4,61.3,Zone 5,32.9,Zone 4,50.9,Zone 5,39.1,Zone 4,60.9,Zone 5,53.2,Zone 5,63.8,Zone 5,61.3,Zone 5,66.0,Zone 5
Uttar Pradesh,Bulandshahar,Bulandshahar Kvk,29.9,2026-06-08,00:45:00,38.0,2026-06-07,00:45:00,2026-06-08 00:49:38,29.950000000000045,Zone 4,43.2,Zone 4,30.0,Zone 4,38.7,Zone 4,34.7,Zone 4,42.9,Zone 4,39.0,Zone 4,53.3,Zone 5,43.2,Zone 4,60.5,Zone 5
Uttar Pradesh,Chitrakoot,Ganivan Kvk,30.3,2026-06-08,00:45:00,,,,2026-06-08 00:49:38,,,,,,,,,,,,,,,,,,,,
Uttar Pradesh,Etawah,Bbrau Agriculture College,33.5,2026-06-08,00:30:00,44.0,2026-06-07,00:30:00,2026-06-08 00:49:38,35.950000000000045,Zone 4,60.3,Zone 5,35.9,Zone 4,46.3,Zone 5,41.2,Zone 4,60.0,Zone 5,48.5,Zone 5,63.0,Zone 5,60.3,Zone 5,65.3,Zone 5
Uttar Pradesh,Farrukhabad,Farrukhabad 400Aws,29.1,2026-06-08,00:45:00,27.0,2026-06-07,00:45:00,2026-06-08 00:49:38,28.150000000000034,Zone 4,39.9,Zone 4,28.0,Zone 4,36.0,Zone 4,32.2,Zone 4,39.7,Zone 4,36.2,Zone 4,43.3,Zone 4,39.9,Zone 4,51.9,Zone 5
Uttar Pradesh,Fatehpur,Fatehpur Kvk,28.3,2026-06-08,00:45:00,,,,2026-06-08 00:49:38,,,,,,,,,,,,,,,,,,,,
Uttar Pradesh,Firozabad,Firozabad 400Aws,29.6,2026-06-08,00:45:00,53.0,2026-06-07,00:45:00,2026-06-08 00:49:38,31.150000000000034,Zone 4,53.5,Zone 5,31.0,Zone 4,40.8,Zone 4,36.3,Zone 4,52.0,Zone 5,41.3,Zone 4,60.6,Zone 5,53.5,Zone 5,63.2,Zone 5
Uttar Pradesh,Gautam Buddha Nagar,Kvk Chholas 400Aws,28.3,2026-06-08,00:45:00,65.0,2026-06-07,00:45:00,2026-06-08 00:49:38,30.450000000000045,Zone 4,59.3,Zone 5,30.8,Zone 4,41.6,Zone 4,36.7,Zone 4,58.6,Zone 5,43.4,Zone 5,62.1,Zone 5,59.3,Zone 5,64.5,Zone 5
Uttar Pradesh,Ghaziabad,Kv2 Airforce Hindon,31.8,2026-06-08,00:45:00,40.0,2026-06-07,00:45:00,2026-06-08 00:49:38,32.650000000000034,Zone 4,51.5,Zone 5,32.9,Zone 4,42.0,Zone 4,37.8,Zone 4,50.0,Zone 5,42.4,Zone 4,60.2,Zone 5,51.5,Zone 5,62.8,Zone 5
Uttar Pradesh,Hamirpur,Hamirpur 400Aws,29.9,2026-06-08,00:45:00,47.0,2026-06-07,00:45:00,2026-06-08 00:49:38,30.850000000000023,Zone 4,49.4,Zone 5,31.0,Zone 4,40.4,Zone 4,36.1,Zone 4,47.9,Zone 5,40.8,Zone 4,59.7,Zone 5,49.4,Zone 5,62.4,Zone 5
Uttar Pradesh,Hapur,Hapur 400Aws,28.8,2026-06-08,00:45:00,63.0,2026-06-07,00:45:00,2026-06-08 00:49:38,31.05000000000001,Zone 4,59.5,Zone 5,31.4,Zone 4,42.3,Zone 5,37.2,Zone 4,59.1,Zone 5,44.5,Zone 5,62.3,Zone 5,59.5,Zone 5,64.6,Zone 5
Uttar Pradesh,Hardoi,Hardoi 400Aws,29.4,2026-06-08,00:45:00,,,,2026-06-08 00:49:38,,,,,,,,,,,,,,,,,,,,
Uttar Pradesh,Jalaun,Jalaun 400Aws,30.6,2026-06-08,00:45:00,53.0,2026-06-07,00:45:00,2026-06-08 00:49:38,32.650000000000034,Zone 4,58.8,Zone 5,32.5,Zone 4,42.6,Zone 4,38.0,Zone 4,57.5,Zone 5,43.1,Zone 4,61.8,Zone 5,58.8,Zone 5,64.2,Zone 5
Uttar Pradesh,Jhansi,Bhundelkhand University,30.8,2026-06-08,00:45:00,7.0,2026-06-07,00:45:00,2026-06-08 00:49:38,28.25,Zone 4,38.7,Zone 4,28.5,Zone 4,35.4,Zone 4,32.1,Zone 4,38.7,Zone 4,35.5,Zone 4,41.8,Zone 4,38.7,Zone 4,44.7,Zone 4
Uttar Pradesh,Kashganj,Kashganj 400Aws,29.3,2026-06-08,00:45:00,49.0,2026-06-07,00:45:00,2026-06-08 00:49:38,30.25,Zone 4,49.0,Zone 5,30.5,Zone 4,40.0,Zone 4,35.6,Zone 4,47.5,Zone 5,40.4,Zone 4,59.7,Zone 5,49.0,Zone 5,62.4,Zone 5
Uttar Pradesh,Kushinagar,Kushinagar Kvk,28.7,2026-06-08,00:30:00,94.0,2026-06-07,00:30:00,2026-06-08 00:49:38,36.55000000000001,Zone 4,66.2,Zone 5,35.9,Zone 4,62.8,Zone 5,59.1,Zone 5,65.8,Zone 5,63.4,Zone 5,68.0,Zone 5,66.2,Zone 5,69.6,Zone 5
Uttar Pradesh,Lakhimpur Kheri,Lakhimpur Kheri 400Aws,27.5,2026-06-08,00:45:00,67.0,2026-06-07,00:45:00,2026-06-08 00:49:38,29.350000000000023,Zone 4,56.3,Zone 5,29.4,Zone 4,40.0,Zone 4,35.2,Zone 4,54.9,Zone 5,40.6,Zone 4,61.2,Zone 5,56.3,Zone 5,63.7,Zone 5
Uttar Pradesh,Lucknow,Integral University,33.5,2026-06-08,00:30:00,,,,2026-06-08 00:49:38,,,,,,,,,,,,,,,,,,,,
Uttar Pradesh,Lucknow,Lucknow Lab,32.0,2026-06-08,00:45:00,51.0,2026-06-07,00:45:00,2026-06-08 00:49:38,34.75,Zone 4,60.5,Zone 5,34.7,Zone 4,47.0,Zone 5,40.3,Zone 4,60.1,Zone 5,49.2,Zone 5,63.1,Zone 5,60.5,Zone 5,65.4,Zone 5
Uttar Pradesh,Lucknow,Meteorological Centre Amausi,35.1,2026-06-08,00:45:00,54.0,2026-06-07,00:45:00,2026-06-08 00:49:38,42.35000000000002,Zone 4,65.8,Zone 5,42.1,Zone 4,62.3,Zone 5,57.2,Zone 5,65.4,Zone 5,62.8,Zone 5,67.6,Zone 5,65.8,Zone 5,69.3,Zone 5
Uttar Pradesh,Mainpuri,Mainpuri Kvk,30.1,2026-06-08,00:45:00,52.0,2026-06-07,00:45:00,2026-06-08 00:49:38,31.75,Zone 4,55.2,Zone 5,31.6,Zone 4,41.5,Zone 4,36.9,Zone 4,53.7,Zone 5,41.9,Zone 4,61.0,Zone 5,55.2,Zone 5,63.5,Zone 5
Uttar Pradesh,Mathura,Collectorate Office,29.9,2026-06-08,00:30:00,71.0,2026-06-07,00:30:00,2026-06-08 00:49:38,34.450000000000045,Zone 4,63.1,Zone 5,34.7,Zone 4,59.1,Zone 5,41.5,Zone 5,62.7,Zone 5,59.6,Zone 5,65.3,Zone 5,63.1,Zone 5,67.3,Zone 5
Uttar Pradesh,Mathura,Mathura 400Aws,29.1,2026-06-08,00:45:00,54.0,2026-06-07,00:45:00,2026-06-08 00:49:38,30.450000000000045,Zone 4,51.8,Zone 5,30.3,Zone 4,40.2,Zone 4,35.7,Zone 4,50.3,Zone 5,40.6,Zone 4,60.2,Zone 5,51.8,Zone 5,62.9,Zone 5
Uttar Pradesh,Mirzapur,Dagmapur 400Aws,30.9,2026-06-08,00:45:00,50.0,2026-06-07,00:45:00,2026-06-08 00:49:38,32.75,Zone 4,58.2,Zone 5,32.9,Zone 4,42.8,Zone 4,38.2,Zone 4,56.8,Zone 5,43.3,Zone 4,61.7,Zone 5,58.2,Zone 5,64.1,Zone 5
Uttar Pradesh,Moradabad,Ucheti 400Aws,29.2,2026-06-08,00:45:00,60.0,2026-06-07,00:45:00,2026-06-08 00:49:38,31.350000000000023,Zone 4,58.0,Zone 5,31.0,Zone 4,41.4,Zone 4,36.7,Zone 4,56.6,Zone 5,42.0,Zone 4,61.6,Zone 5,58.0,Zone 5,64.1,Zone 5
Uttar Pradesh,Muzaffarnagar,Sohanjani Tajan 400Aws,28.5,2026-06-08,00:45:00,76.0,2026-06-07,00:45:00,2026-06-08 00:49:38,32.25,Zone 4,62.0,Zone 5,32.3,Zone 4,54.3,Zone 5,38.9,Zone 4,61.6,Zone 5,56.5,Zone 5,64.4,Zone 5,62.0,Zone 5,66.5,Zone 5
Uttar Pradesh,Pratapgarh,Pratapgarh 400Aws,29.3,2026-06-08,00:45:00,59.0,2026-06-07,00:45:00,2026-06-08 00:49:38,31.350000000000023,Zone 4,59.2,Zone 5,31.7,Zone 4,42.2,Zone 4,37.4,Zone 4,58.3,Zone 5,43.0,Zone 5,62.0,Zone 5,59.2,Zone 5,64.4,Zone 5
Uttar Pradesh,Raebareli,Airport Fursatganj,29.1,2026-06-08,00:30:00,100.0,2026-06-07,00:30:00,2026-06-08 00:49:38,51.450000000000045,Zone 5,68.5,Zone 5,50.0,Zone 5,65.5,Zone 5,62.5,Zone 5,68.1,Zone 5,66.1,Zone 5,69.9,Zone 5,68.5,Zone 5,71.3,Zone 5
Uttar Pradesh,Saharanpur,Saharanpur 400Aws,27.2,2026-06-08,00:45:00,81.0,2026-06-07,00:45:00,2026-06-08 00:49:38,30.350000000000023,Zone 4,60.8,Zone 5,30.0,Zone 4,48.3,Zone 5,36.5,Zone 4,60.4,Zone 5,50.6,Zone 5,63.3,Zone 5,60.8,Zone 5,65.6,Zone 5
Uttar Pradesh,Sambhal,Sambhal Paltha 400Aws,27.8,2026-06-08,00:45:00,73.0,2026-06-07,00:45:00,2026-06-08 00:49:38,30.55000000000001,Zone 4,60.5,Zone 5,30.9,Zone 4,46.9,Zone 5,37.2,Zone 4,60.1,Zone 5,49.2,Zone 5,63.1,Zone 5,60.5,Zone 5,65.4,Zone 5
Uttar Pradesh,Shahjahanpur,Shahjahanpur 400Aws,31.6,2026-06-08,00:45:00,57.0,2026-06-07,00:45:00,2026-06-08 00:49:38,35.150000000000034,Zone 4,61.6,Zone 5,35.0,Zone 4,52.1,Zone 5,40.9,Zone 4,61.2,Zone 5,54.4,Zone 5,64.0,Zone 5,61.6,Zone 5,66.2,Zone 5
Uttar Pradesh,Shamli,Shamli 400Aws,28.9,2026-06-08,00:30:00,52.0,2026-06-07,00:30:00,2026-06-08 00:49:38,29.950000000000045,Zone 4,49.6,Zone 5,30.1,Zone 4,39.8,Zone 4,35.3,Zone 4,48.1,Zone 5,40.2,Zone 4,59.8,Zone 5,49.6,Zone 5,62.5,Zone 5
Uttar Pradesh,Sitapur,Ramkot 400Aws,27.7,2026-06-08,00:45:00,,,,2026-06-08 00:49:38,,,,,,,,,,,,,,,,,,,,
Uttar Pradesh,Sultanpur,Krishi Vigyan Kendra Barasin,,,,83.0,2026-06-07,00:30:00,2026-06-08 00:49:38,,,,,,,,,,,,,,,,,,,,
West Bengal,Alipurduar,Jayanti,25.6,2026-06-08,00:45:00,100.0,2026-06-07,00:45:00,2026-06-08 00:49:38,29.25,Zone 4,62.4,Zone 5,29.0,Zone 4,55.9,Zone 5,37.6,Zone 5,62.0,Zone 5,58.0,Zone 5,64.7,Zone 5,62.4,Zone 5,66.7,Zone 5
West Bengal,Cooch Behar,Pundibari Amfu,25.7,2026-06-08,00:30:00,,,,2026-06-08 00:49:38,,,,,,,,,,,,,,,,,,,,
West Bengal,Darjeeling,Darjeeling Mo,17.7,2026-06-08,00:45:00,100.0,2026-06-07,00:45:00,2026-06-08 00:49:38,18.650000000000034,Zone 3,32.9,Zone 4,18.4,Zone 3,28.0,Zone 4,24.0,Zone 3,32.7,Zone 4,28.2,Zone 4,37.9,Zone 5,32.9,Zone 4,51.3,Zone 5
West Bengal,Darjeeling,Kharibari,24.8,2026-06-08,00:30:00,100.0,2026-06-07,00:30:00,2026-06-08 00:49:38,27.55000000000001,Zone 4,61.5,Zone 5,28.0,Zone 4,51.8,Zone 5,35.2,Zone 4,61.1,Zone 5,54.1,Zone 5,64.0,Zone 5,61.5,Zone 5,66.1,Zone 5
West Bengal,Howrah,Uluberia,26.1,2026-06-08,00:00:00,,,,2026-06-08 00:49:38,,,,,,,,,,,,,,,,,,,,
West Bengal,Jalpaiguri,Banarhat,25.2,2026-06-08,00:45:00,92.0,2026-06-07,00:45:00,2026-06-08 00:49:38,27.650000000000034,Zone 4,59.9,Zone 5,27.3,Zone 4,44.0,Zone 5,34.0,Zone 4,59.5,Zone 5,46.3,Zone 5,62.6,Zone 5,59.9,Zone 5,64.9,Zone 5
West Bengal,Jalpaiguri,Dhupguri,25.0,2026-06-08,00:30:00,100.0,2026-06-07,00:30:00,2026-06-08 00:49:38,27.950000000000045,Zone 4,61.5,Zone 5,28.0,Zone 4,51.8,Zone 5,35.2,Zone 4,61.1,Zone 5,54.1,Zone 5,64.0,Zone 5,61.5,Zone 5,66.1,Zone 5
West Bengal,Jalpaiguri,Ramshai Kvk,25.5,2026-06-08,00:45:00,,,,2026-06-08 00:49:38,,,,,,,,,,,,,,,,,,,,
West Bengal,Kolkata,Kolkata Airport,14.8,2026-06-08,00:15:00,,,,2026-06-08 00:49:38,,,,,,,,,,,,,,,,,,,,
West Bengal,Malda,Malda,26.3,2026-06-08,00:45:00,,,,2026-06-08 00:49:38,,,,,,,,,,,,,,,,,,,,
West Bengal,Murshidabad,Berhampore,25.5,2026-06-08,00:30:00,99.0,2026-06-07,00:30:00,2026-06-08 00:49:38,28.950000000000045,Zone 4,62.2,Zone 5,28.9,Zone 4,54.9,Zone 5,36.7,Zone 5,61.7,Zone 5,57.1,Zone 5,64.5,Zone 5,62.2,Zone 5,66.6,Zone 5
West Bengal,Murshidabad,Murshidabad Kvk,25.4,2026-06-08,00:45:00,,,,2026-06-08 00:49:38,,,,,,,,,,,,,,,,,,,,
West Bengal,Nadia,Bijpur,25.4,2026-06-08,00:45:00,100.0,2026-06-07,00:45:00,2026-06-08 00:49:38,28.75,Zone 4,62.4,Zone 5,29.0,Zone 4,55.9,Zone 5,37.6,Zone 5,62.0,Zone 5,58.0,Zone 5,64.7,Zone 5,62.4,Zone 5,66.7,Zone 5
West Bengal,Nadia,Kalyani Amfu,25.5,2026-06-08,00:30:00,100.0,2026-06-07,00:30:00,2026-06-08 00:49:38,29.05000000000001,Zone 4,62.4,Zone 5,29.0,Zone 4,55.9,Zone 5,37.6,Zone 5,62.0,Zone 5,58.0,Zone 5,64.7,Zone 5,62.4,Zone 5,66.7,Zone 5
West Bengal,North Dinajpur,Raiganj,26.8,2026-06-08,00:30:00,97.0,2026-06-07,00:30:00,2026-06-08 00:49:38,31.650000000000034,Zone 4,64.3,Zone 5,32.1,Zone 4,60.5,Zone 5,48.4,Zone 5,63.9,Zone 5,61.1,Zone 5,66.4,Zone 5,64.3,Zone 5,68.2,Zone 5
West Bengal,North Twenty Four Parganas,Ashoknagar Kvk,26.0,2026-06-08,00:45:00,,,,2026-06-08 00:49:38,,,,,,,,,,,,,,,,,,,,
West Bengal,North Twenty Four Parganas,Barrackpore Aws400,25.7,2026-06-08,00:45:00,85.0,2026-06-07,00:45:00,2026-06-08 00:49:38,27.950000000000045,Zone 4,59.3,Zone 5,27.7,Zone 4,41.1,Zone 5,34.0,Zone 4,58.5,Zone 5,43.3,Zone 5,62.0,Zone 5,59.3,Zone 5,64.4,Zone 5
West Bengal,North Twenty Four Parganas,Jisu Agarpara,26.5,2026-06-08,00:45:00,92.0,2026-06-07,00:45:00,2026-06-08 00:49:38,30.25,Zone 4,62.4,Zone 5,30.2,Zone 4,56.0,Zone 5,37.7,Zone 5,62.0,Zone 5,58.1,Zone 5,64.7,Zone 5,62.4,Zone 5,66.8,Zone 5
West Bengal,Purulia,Purulia Kvk,26.2,2026-06-08,00:45:00,,,,2026-06-08 00:49:38,,,,,,,,,,,,,,,,,,,,
West Bengal,South Dinajpur,Balurghat,27.2,2026-06-08,00:45:00,100.0,2026-06-07,00:45:00,2026-06-08 00:49:38,33.25,Zone 4,65.0,Zone 5,32.7,Zone 4,61.3,Zone 5,52.3,Zone 5,64.6,Zone 5,61.8,Zone 5,66.9,Zone 5,65.0,Zone 5,68.7,Zone 5
West Bengal,South Dinajpur,Majhian Amfu,27.3,2026-06-08,00:30:00,99.0,2026-06-07,00:30:00,2026-06-08 00:49:38,33.35000000000002,Zone 4,65.6,Zone 5,33.9,Zone 4,62.1,Zone 5,56.1,Zone 5,65.2,Zone 5,62.6,Zone 5,67.5,Zone 5,65.6,Zone 5,69.1,Zone 5
West Bengal,South Twenty Four Parganas,Alipore,26.1,2026-06-08,00:30:00,100.0,2026-06-07,00:30:00,2026-06-08 00:49:38,30.350000000000023,Zone 4,63.2,Zone 5,30.1,Zone 4,59.2,Zone 5,42.0,Zone 5,62.8,Zone 5,59.8,Zone 5,65.4,Zone 5,63.2,Zone 5,67.4,Zone 5
West Bengal,South Twenty Four Parganas,Gangasagar,26.1,2026-06-08,00:45:00,,,,2026-06-08 00:49:38,,,,,,,,,,,,,,,,,,,,
West Bengal,South Twenty Four Parganas,Nimpith,,,,9.0,2026-06-07,00:30:00,2026-06-08 00:49:38,,,,,,,,,,,,,,,,,,,,
,,,,,,,,,2026-06-08 00:49:38,,,,,,,,,,,,,,,,,,,,
,,,,,,,,,2026-06-08 00:49:38,,,,,,,,,,,,,,,,,,,,
,,,,,,,,,2026-06-08 00:49:38,,,,,,,,,,,,,,,,,,,,
,,,,,,,,,2026-06-08 00:49:38,,,,,,,,,,,,,,,,,,,,
Andaman And Nicobar,Nicobar,Car Nicobar,27.6,2026-06-08,01:15:00,93.0,2026-06-07,01:15:00,2026-06-08 01:29:54,33.05000000000001,Zone 4,64.3,Zone 5,32.8,Zone 4,60.5,Zone 5,48.3,Zone 5,63.9,Zone 5,61.0,Zone 5,66.3,Zone 5,64.3,Zone 5,68.2,Zone 5
Andaman And Nicobar,Nicobar,Nancowry,36.1,2026-06-08,01:15:00,98.0,2026-06-07,01:15:00,2026-06-08 01:29:54,82.35000000000002,Zone 6,90.7,Zone 6,82.0,Zone 6,87.1,Zone 6,84.9,Zone 6,89.9,Zone 6,87.8,Zone 6,92.8,Zone 6,90.7,Zone 6,95.6,Zone 6
Andaman And Nicobar,N M Andaman,Mayabunder,27.5,2026-06-08,01:15:00,97.0,2026-06-07,01:15:00,2026-06-08 01:29:54,33.55000000000001,Zone 4,65.2,Zone 5,33.5,Zone 4,61.5,Zone 5,53.6,Zone 5,64.8,Zone 5,62.1,Zone 5,67.1,Zone 5,65.2,Zone 5,68.8,Zone 5
Andaman And Nicobar,N M Andaman,Rangat Nimbutala,26.5,2026-06-08,01:15:00,99.0,2026-06-07,01:15:00,2026-06-08 01:29:54,31.150000000000034,Zone 4,63.9,Zone 5,31.2,Zone 4,60.0,Zone 5,45.8,Zone 5,63.5,Zone 5,60.5,Zone 5,66.0,Zone 5,63.9,Zone 5,67.9,Zone 5
Andaman And Nicobar,South Andaman,Ferrargunj,27.1,2026-06-08,01:15:00,82.0,2026-06-07,01:15:00,2026-06-08 01:29:54,30.25,Zone 4,61.0,Zone 5,30.1,Zone 4,49.4,Zone 5,36.7,Zone 4,60.6,Zone 5,51.8,Zone 5,63.5,Zone 5,61.0,Zone 5,65.7,Zone 5
Andaman And Nicobar,South Andaman,Hut Bay,26.8,2026-06-08,01:15:00,99.0,2026-06-07,01:15:00,2026-06-08 01:29:54,31.950000000000045,Zone 4,64.7,Zone 5,32.5,Zone 4,61.0,Zone 5,51.0,Zone 5,64.3,Zone 5,61.6,Zone 5,66.7,Zone 5,64.7,Zone 5,68.5,Zone 5
Andaman And Nicobar,South Andaman,Shaheed Dweep,28.1,2026-06-08,01:15:00,98.0,2026-06-07,01:15:00,2026-06-08 01:29:54,35.55000000000001,Zone 4,66.3,Zone 5,35.2,Zone 4,62.9,Zone 5,59.2,Zone 5,65.9,Zone 5,63.4,Zone 5,68.0,Zone 5,66.3,Zone 5,69.6,Zone 5
Andaman And Nicobar,South Andaman,Sri Vijaya Puram Aws400,30.5,2026-06-08,01:15:00,98.0,2026-06-07,01:15:00,2026-06-08 01:29:54,61.05000000000001,Zone 5,70.7,Zone 5,61.0,Zone 5,68.3,Zone 5,65.8,Zone 5,70.4,Zone 5,68.7,Zone 5,72.2,Zone 6,70.7,Zone 5,75.1,Zone 6
Andaman And Nicobar,South Andaman,Swaraj Deep,27.7,2026-06-08,01:15:00,82.0,2026-06-07,01:15:00,2026-06-08 01:29:54,31.450000000000045,Zone 4,61.8,Zone 5,31.1,Zone 4,53.3,Zone 5,37.9,Zone 4,61.4,Zone 5,55.6,Zone 5,64.2,Zone 5,61.8,Zone 5,66.3,Zone 5
Andhra Pradesh,Alluri Sitharama Raju,Araku Valley,25.4,2026-06-08,01:15:00,89.0,2026-06-07,01:15:00,2026-06-08 01:29:54,27.75,Zone 4,60.1,Zone 5,28.0,Zone 4,45.0,Zone 5,34.6,Zone 4,59.7,Zone 5,47.3,Zone 5,62.8,Zone 5,60.1,Zone 5,65.1,Zone 5
Andhra Pradesh,Alluri Sitharama Raju,Chintapalli Amfu,25.0,2026-06-08,01:15:00,81.0,2026-06-07,01:15:00,2026-06-08 01:29:54,26.55000000000001,Zone 4,53.7,Zone 5,26.6,Zone 4,37.7,Zone 4,32.6,Zone 4,52.2,Zone 5,38.2,Zone 4,60.6,Zone 5,53.7,Zone 5,63.2,Zone 5
Andhra Pradesh,Alluri Sitharama Raju,Pandirimamidi Hrs,28.8,2026-06-08,00:30:00,69.0,2026-06-07,00:30:00,2026-06-08 01:29:54,31.850000000000023,Zone 4,61.1,Zone 5,32.2,Zone 4,49.6,Zone 5,38.5,Zone 4,60.7,Zone 5,52.0,Zone 5,63.6,Zone 5,61.1,Zone 5,65.8,Zone 5
Andhra Pradesh,Anakapalli,Yellamanchilli Vskp,29.8,2026-06-08,01:15:00,85.0,2026-06-07,01:15:00,2026-06-08 01:29:54,37.55000000000001,Zone 4,66.7,Zone 5,38.2,Zone 4,63.3,Zone 5,59.8,Zone 5,66.3,Zone 5,63.9,Zone 5,68.4,Zone 5,66.7,Zone 5,69.9,Zone 5
Andhra Pradesh,Anantapur,Kh Govtdegcollege Dharmavaram,26.7,2026-06-08,01:15:00,88.0,2026-06-07,01:15:00,2026-06-08 01:29:54,30.150000000000034,Zone 4,61.5,Zone 5,29.8,Zone 4,51.9,Zone 5,36.7,Zone 4,61.1,Zone 5,54.2,Zone 5,64.0,Zone 5,61.5,Zone 5,66.1,Zone 5
Andhra Pradesh,Bapatla,Chirala,29.9,2026-06-08,01:15:00,78.0,2026-06-07,01:15:00,2026-06-08 01:29:54,35.950000000000045,Zone 4,64.9,Zone 5,36.3,Zone 4,61.2,Zone 5,52.1,Zone 5,64.5,Zone 5,61.8,Zone 5,66.9,Zone 5,64.9,Zone 5,68.6,Zone 5
Andhra Pradesh,Eluru,Vijayarai,30.0,2026-06-08,01:15:00,58.0,2026-06-07,01:15:00,2026-06-08 01:29:54,32.450000000000045,Zone 4,59.6,Zone 5,32.4,Zone 4,43.0,Zone 5,38.1,Zone 4,59.3,Zone 5,45.1,Zone 5,62.4,Zone 5,59.6,Zone 5,64.7,Zone 5
Andhra Pradesh,Kakinada,Kakinada,30.1,2026-06-08,01:15:00,82.0,2026-06-07,01:15:00,2026-06-08 01:29:54,37.650000000000034,Zone 4,65.9,Zone 5,37.3,Zone 4,62.4,Zone 5,57.9,Zone 5,65.5,Zone 5,63.0,Zone 5,67.7,Zone 5,65.9,Zone 5,69.4,Zone 5
Andhra Pradesh,Kakinada,Peddapuram,30.0,2026-06-08,01:15:00,87.0,2026-06-07,01:15:00,2026-06-08 01:29:54,40.05000000000001,Zone 5,67.2,Zone 5,40.1,Zone 5,63.9,Zone 5,60.5,Zone 5,66.8,Zone 5,64.5,Zone 5,68.8,Zone 5,67.2,Zone 5,70.3,Zone 5
Andhra Pradesh,Konaseema,Ambajipeta Arg,30.9,2026-06-08,01:15:00,93.0,2026-06-07,01:15:00,2026-06-08 01:29:54,60.05000000000001,Zone 5,70.3,Zone 5,60.4,Zone 5,67.9,Zone 5,65.3,Zone 5,70.0,Zone 5,68.3,Zone 5,71.6,Zone 6,70.3,Zone 5,74.5,Zone 6
Andhra Pradesh,Konaseema,Ambajipeta Aws,30.2,2026-06-08,01:15:00,95.0,2026-06-07,01:15:00,2026-06-08 01:29:54,57.450000000000045,Zone 5,69.1,Zone 5,54.9,Zone 5,66.3,Zone 5,63.4,Zone 5,68.7,Zone 5,66.8,Zone 5,70.4,Zone 5,69.1,Zone 5,72.0,Zone 6
Andhra Pradesh,Krishna,Kv Gopalnagar Machilipatnam,30.9,2026-06-08,00:45:00,77.0,2026-06-07,00:45:00,2026-06-08 01:29:54,38.55000000000001,Zone 4,66.3,Zone 5,38.9,Zone 4,62.9,Zone 5,59.2,Zone 5,65.9,Zone 5,63.4,Zone 5,68.1,Zone 5,66.3,Zone 5,69.7,Zone 5
Andhra Pradesh,Palnadu,Rentachintala,31.4,2026-06-08,01:15:00,66.0,2026-06-07,01:15:00,2026-06-08 01:29:54,36.85000000000002,Zone 4,64.1,Zone 5,37.1,Zone 4,60.3,Zone 5,47.3,Zone 5,63.7,Zone 5,60.8,Zone 5,66.2,Zone 5,64.1,Zone 5,68.0,Zone 5
Andhra Pradesh,Prakasam,Cs Puram,29.5,2026-06-08,01:15:00,68.0,2026-06-07,01:15:00,2026-06-08 01:29:54,33.05000000000001,Zone 4,61.6,Zone 5,33.1,Zone 4,52.2,Zone 5,39.4,Zone 4,61.2,Zone 5,54.4,Zone 5,64.0,Zone 5,61.6,Zone 5,66.2,Zone 5
Andhra Pradesh,Srikakulam,Nagaralapeta Kalingapatnam,30.0,2026-06-08,01:15:00,96.0,2026-06-07,01:15:00,2026-06-08 01:29:54,56.650000000000034,Zone 5,69.3,Zone 5,56.6,Zone 5,66.6,Zone 5,63.8,Zone 5,69.0,Zone 5,67.1,Zone 5,70.6,Zone 5,69.3,Zone 5,72.5,Zone 6
Andhra Pradesh,Srikakulam,Ragolu,29.1,2026-06-08,01:15:00,87.0,2026-06-07,01:15:00,2026-06-08 01:29:54,35.950000000000045,Zone 4,65.5,Zone 5,35.7,Zone 4,61.9,Zone 5,55.3,Zone 5,65.1,Zone 5,62.4,Zone 5,67.3,Zone 5,65.5,Zone 5,69.0,Zone 5
Andhra Pradesh,Sri Potti Sriramulu Nellore,Podalakur,31.9,2026-06-08,00:30:00,,,,2026-06-08 01:29:54,,,,,,,,,,,,,,,,,,,,
Andhra Pradesh,Visakhapatnam,Anandapuram Arg,29.6,2026-06-08,01:15:00,75.0,2026-06-07,01:15:00,2026-06-08 01:29:54,34.55000000000001,Zone 4,63.4,Zone 5,34.3,Zone 4,59.4,Zone 5,42.8,Zone 5,63.0,Zone 5,59.9,Zone 5,65.5,Zone 5,63.4,Zone 5,67.5,Zone 5
Andhra Pradesh,Visakhapatnam,Gangavaram Port,30.1,2026-06-08,01:15:00,87.0,2026-06-07,01:15:00,2026-06-08 01:29:54,41.25,Zone 5,67.2,Zone 5,40.1,Zone 5,63.9,Zone 5,60.5,Zone 5,66.8,Zone 5,64.5,Zone 5,68.8,Zone 5,67.2,Zone 5,70.3,Zone 5
Andhra Pradesh,Visakhapatnam,Mehadrigadda Dam,40.6,2026-06-08,01:15:00,91.0,2026-06-07,01:15:00,2026-06-08 01:29:54,96.85000000000002,Zone 6,105.0,Zone 6,96.4,Zone 6,101.3,Zone 6,99.3,Zone 6,104.1,Zone 6,102.2,Zone 6,106.9,Zone 6,105.0,Zone 6,109.7,Zone 6
Andhra Pradesh,Vizianagaram,Bobbili,28.1,2026-06-08,01:15:00,86.0,2026-06-07,01:15:00,2026-06-08 01:29:54,33.05000000000001,Zone 4,63.6,Zone 5,32.8,Zone 4,59.6,Zone 5,43.9,Zone 5,63.2,Zone 5,60.2,Zone 5,65.7,Zone 5,63.6,Zone 5,67.6,Zone 5
Andhra Pradesh,Vizianagaram,Vizianagaram,30.3,2026-06-08,01:15:00,85.0,2026-06-07,01:15:00,2026-06-08 01:29:54,40.150000000000034,Zone 5,67.5,Zone 5,42.6,Zone 5,64.4,Zone 5,61.1,Zone 5,67.1,Zone 5,64.9,Zone 5,69.1,Zone 5,67.5,Zone 5,70.6,Zone 5
Andhra Pradesh,West Godavari,Bhimavaram,30.0,2026-06-08,01:15:00,82.0,2026-06-07,01:15:00,2026-06-08 01:29:54,37.35000000000002,Zone 4,65.9,Zone 5,37.3,Zone 4,62.4,Zone 5,57.9,Zone 5,65.5,Zone 5,63.0,Zone 5,67.7,Zone 5,65.9,Zone 5,69.4,Zone 5
Andhra Pradesh,West Godavari,Kv Gopannapalem Eluru,31.1,2026-06-08,01:15:00,55.0,2026-06-07,01:15:00,2026-06-08 01:29:54,33.85000000000002,Zone 4,60.2,Zone 5,33.7,Zone 4,45.8,Zone 5,39.4,Zone 4,59.9,Zone 5,48.0,Zone 5,62.9,Zone 5,60.2,Zone 5,65.2,Zone 5
Andhra Pradesh,West Godavari,Maruteru,31.3,2026-06-08,01:15:00,91.0,2026-06-07,01:15:00,2026-06-08 01:29:54,60.450000000000045,Zone 5,70.7,Zone 5,61.2,Zone 5,68.3,Zone 5,65.9,Zone 5,70.4,Zone 5,68.8,Zone 5,72.3,Zone 6,70.7,Zone 5,75.2,Zone 6
Andhra Pradesh,West Godavari,Narsapur,30.6,2026-06-08,01:15:00,81.0,2026-06-07,01:15:00,2026-06-08 01:29:54,38.950000000000045,Zone 4,66.5,Zone 5,38.6,Zone 4,63.2,Zone 5,59.6,Zone 5,66.1,Zone 5,63.7,Zone 5,68.2,Zone 5,66.5,Zone 5,69.8,Zone 5
Andhra Pradesh,Ysr Kadapa,Agricultural College  Badvel,30.0,2026-06-08,01:15:00,64.0,2026-06-07,01:15:00,2026-06-08 01:29:54,33.35000000000002,Zone 4,61.3,Zone 5,33.4,Zone 4,50.7,Zone 5,39.5,Zone 4,60.9,Zone 5,53.0,Zone 5,63.8,Zone 5,61.3,Zone 5,65.9,Zone 5
Arunachal Pradesh,Anjaw,Hayuliang Circle,22.4,2026-06-08,01:15:00,92.0,2026-06-07,01:15:00,2026-06-08 01:29:54,23.850000000000023,Zone 3,46.4,Zone 5,24.0,Zone 3,34.6,Zone 4,29.5,Zone 4,44.9,Zone 5,35.0,Zone 4,59.1,Zone 5,46.4,Zone 5,61.9,Zone 5
Arunachal Pradesh,Anjaw,Kibitoo Circle,19.4,2026-06-08,00:30:00,84.0,2026-06-07,00:30:00,2026-06-08 01:29:54,20.05000000000001,Zone 3,34.5,Zone 4,20.2,Zone 3,29.7,Zone 4,25.2,Zone 3,34.3,Zone 4,29.9,Zone 4,39.3,Zone 5,34.5,Zone 4,52.8,Zone 5
Arunachal Pradesh,Changlang,Miao,25.7,2026-06-08,01:15:00,100.0,2026-06-07,01:15:00,2026-06-08 01:29:54,29.450000000000045,Zone 4,62.4,Zone 5,29.0,Zone 4,55.9,Zone 5,37.6,Zone 5,62.0,Zone 5,58.0,Zone 5,64.7,Zone 5,62.4,Zone 5,66.7,Zone 5
Arunachal Pradesh,Dibang Valley,Anini,18.4,2026-06-08,01:15:00,100.0,2026-06-07,01:15:00,2026-06-08 01:29:54,19.55000000000001,Zone 3,34.3,Zone 4,19.7,Zone 3,29.2,Zone 4,24.8,Zone 3,34.0,Zone 4,29.5,Zone 4,42.6,Zone 5,34.3,Zone 4,56.0,Zone 5
Arunachal Pradesh,East Kameng,Seppa Pampoli,28.5,2026-06-08,01:15:00,92.0,2026-06-07,01:15:00,2026-06-08 01:29:54,35.35000000000002,Zone 4,65.8,Zone 5,35.4,Zone 4,62.3,Zone 5,57.1,Zone 5,65.4,Zone 5,62.8,Zone 5,67.6,Zone 5,65.8,Zone 5,69.3,Zone 5
Arunachal Pradesh,East Siang,Pashighat,27.2,2026-06-08,00:45:00,94.0,2026-06-07,00:45:00,2026-06-08 01:29:54,32.150000000000034,Zone 4,63.7,Zone 5,31.7,Zone 4,59.7,Zone 5,44.5,Zone 5,63.3,Zone 5,60.3,Zone 5,65.8,Zone 5,63.7,Zone 5,67.7,Zone 5
Arunachal Pradesh,Kamle,Raga,20.9,2026-06-08,01:15:00,100.0,2026-06-07,01:15:00,2026-06-08 01:29:54,22.55000000000001,Zone 3,42.5,Zone 5,22.6,Zone 3,32.8,Zone 4,27.7,Zone 4,41.2,Zone 5,33.3,Zone 4,56.3,Zone 5,42.5,Zone 5,61.2,Zone 5
Arunachal Pradesh,Kurung Kumey,Koloraing,21.1,2026-06-08,01:15:00,100.0,2026-06-07,01:15:00,2026-06-08 01:29:54,22.75,Zone 3,42.5,Zone 5,22.6,Zone 3,32.8,Zone 4,27.7,Zone 4,41.2,Zone 5,33.3,Zone 4,56.3,Zone 5,42.5,Zone 5,61.2,Zone 5
Arunachal Pradesh,Kurung Kumey,Nyapin,23.0,2026-06-08,00:30:00,100.0,2026-06-07,01:15:00,2026-06-08 01:29:54,24.75,Zone 3,55.8,Zone 5,24.8,Zone 3,36.7,Zone 5,31.0,Zone 4,54.3,Zone 5,38.5,Zone 5,61.1,Zone 5,55.8,Zone 5,63.6,Zone 5
Arunachal Pradesh,Kurung Kumey,Nyapin,21.5,2026-06-08,01:15:00,100.0,2026-06-07,01:15:00,2026-06-08 01:29:54,23.150000000000034,Zone 3,45.7,Zone 5,23.2,Zone 3,33.6,Zone 4,28.5,Zone 4,44.3,Zone 5,34.1,Zone 4,58.9,Zone 5,45.7,Zone 5,61.8,Zone 5
Arunachal Pradesh,Leparada,Basar,22.4,2026-06-08,01:15:00,100.0,2026-06-07,01:15:00,2026-06-08 01:29:54,24.150000000000034,Zone 3,52.5,Zone 5,24.3,Zone 3,35.4,Zone 4,30.1,Zone 4,50.9,Zone 5,36.0,Zone 4,60.4,Zone 5,52.5,Zone 5,63.0,Zone 5
Arunachal Pradesh,Lohit,Wakro,25.4,2026-06-08,01:15:00,,,,2026-06-08 01:29:54,,,,,,,,,,,,,,,,,,,,
Arunachal Pradesh,Longding,Longding,25.7,2026-06-08,01:15:00,,,,2026-06-08 01:29:54,,,,,,,,,,,,,,,,,,,,
Arunachal Pradesh,Longding,Longding New,23.9,2026-06-08,01:00:00,100.0,2026-06-07,01:00:00,2026-06-08 01:29:54,25.950000000000045,Zone 4,59.8,Zone 5,26.1,Zone 4,43.6,Zone 5,32.9,Zone 4,59.4,Zone 5,45.9,Zone 5,62.5,Zone 5,59.8,Zone 5,64.8,Zone 5
Arunachal Pradesh,Lower Subansiri,Deed,,,,100.0,2026-06-07,01:00:00,2026-06-08 01:29:54,,,,,,,,,,,,,,,,,,,,
Arunachal Pradesh,Lower Subansiri,Ziro Manipolyang,,,,100.0,2026-06-07,01:15:00,2026-06-08 01:29:54,,,,,,,,,,,,,,,,,,,,
Arunachal Pradesh,Namsai,Lekang,25.4,2026-06-08,01:15:00,94.0,2026-06-07,01:15:00,2026-06-08 01:29:54,28.25,Zone 4,61.1,Zone 5,28.4,Zone 4,50.0,Zone 5,35.4,Zone 4,60.7,Zone 5,52.4,Zone 5,63.6,Zone 5,61.1,Zone 5,65.8,Zone 5
Arunachal Pradesh,Namsai,Namsai Kvk,25.8,2026-06-08,01:15:00,100.0,2026-06-07,01:15:00,2026-06-08 01:29:54,29.650000000000034,Zone 4,63.2,Zone 5,30.1,Zone 4,59.2,Zone 5,42.0,Zone 5,62.8,Zone 5,59.8,Zone 5,65.4,Zone 5,63.2,Zone 5,67.4,Zone 5
Arunachal Pradesh,Papumpare,Itanagar,24.6,2026-06-08,01:15:00,100.0,2026-06-07,01:15:00,2026-06-08 01:29:54,27.25,Zone 4,60.7,Zone 5,27.0,Zone 4,47.6,Zone 5,34.0,Zone 4,60.2,Zone 5,50.0,Zone 5,63.2,Zone 5,60.7,Zone 5,65.5,Zone 5
Arunachal Pradesh,Shiyomi,Lamang 2,,,,98.0,2026-06-07,00:30:00,2026-06-08 01:29:54,,,,,,,,,,,,,,,,,,,,
Arunachal Pradesh,Tawang,Domane,,,,97.0,2026-06-07,00:30:00,2026-06-08 01:29:54,,,,,,,,,,,,,,,,,,,,
Arunachal Pradesh,Tirap,Deomali,26.3,2026-06-08,01:15:00,100.0,2026-06-07,01:15:00,2026-06-08 01:29:54,30.850000000000023,Zone 4,64.1,Zone 5,31.3,Zone 4,60.2,Zone 5,47.0,Zone 5,63.7,Zone 5,60.8,Zone 5,66.2,Zone 5,64.1,Zone 5,68.0,Zone 5
Arunachal Pradesh,Tirap,Longding,23.6,2026-06-08,01:15:00,,,,2026-06-08 01:29:54,,,,,,,,,,,,,,,,,,,,
Arunachal Pradesh,Upper Siang,Tenali,14.2,2026-06-08,00:30:00,100.0,2026-06-07,00:30:00,2026-06-08 01:29:54,14.25,Zone 3,28.7,Zone 4,14.0,Zone 2,24.7,Zone 3,21.1,Zone 3,28.6,Zone 4,24.8,Zone 3,32.7,Zone 4,28.7,Zone 4,36.6,Zone 4
Arunachal Pradesh,Upper Siang,Yingkiong,25.1,2026-06-08,01:15:00,7.0,2026-06-07,01:15:00,2026-06-08 01:29:54,22.650000000000034,Zone 3,34.1,Zone 4,22.5,Zone 3,30.9,Zone 4,27.4,Zone 4,34.1,Zone 4,30.8,Zone 4,37.2,Zone 4,34.1,Zone 4,40.2,Zone 4
Arunachal Pradesh,Upper Subhanseri,Daporijo,25.9,2026-06-08,01:15:00,94.0,2026-06-07,01:15:00,2026-06-08 01:29:54,29.25,Zone 4,62.0,Zone 5,29.4,Zone 4,54.1,Zone 5,36.6,Zone 4,61.6,Zone 5,56.3,Zone 5,64.4,Zone 5,62.0,Zone 5,66.5,Zone 5
Arunachal Pradesh,West Kameng,Bomdila,22.2,2026-06-08,01:15:00,84.0,2026-06-07,01:15:00,2026-06-08 01:29:54,23.350000000000023,Zone 3,38.3,Zone 4,23.1,Zone 3,33.0,Zone 4,28.2,Zone 4,37.9,Zone 4,33.4,Zone 4,52.0,Zone 5,38.3,Zone 4,60.2,Zone 5
Arunachal Pradesh,West Kameng,Dirang,22.7,2026-06-08,01:15:00,100.0,2026-06-07,01:15:00,2026-06-08 01:29:54,24.450000000000045,Zone 3,52.5,Zone 5,24.3,Zone 3,35.4,Zone 4,30.1,Zone 4,50.9,Zone 5,36.0,Zone 4,60.4,Zone 5,52.5,Zone 5,63.0,Zone 5
Arunachal Pradesh,West Kameng,Dirang,19.4,2026-06-08,01:15:00,100.0,2026-06-07,01:15:00,2026-06-08 01:29:54,20.75,Zone 3,35.9,Zone 4,20.9,Zone 3,30.6,Zone 4,25.7,Zone 4,35.5,Zone 4,30.9,Zone 4,48.0,Zone 5,35.9,Zone 4,59.4,Zone 5
Arunachal Pradesh,West Kameng,Kalaktang,20.0,2026-06-08,01:15:00,100.0,2026-06-07,01:15:00,2026-06-08 01:29:54,21.450000000000045,Zone 3,36.9,Zone 5,21.5,Zone 3,31.3,Zone 4,26.3,Zone 4,36.3,Zone 4,31.7,Zone 4,50.8,Zone 5,36.9,Zone 5,60.0,Zone 5
Arunachal Pradesh,West Siang,Along,24.2,2026-06-08,01:15:00,100.0,2026-06-07,01:15:00,2026-06-08 01:29:54,26.450000000000045,Zone 4,59.8,Zone 5,26.1,Zone 4,43.6,Zone 5,32.9,Zone 4,59.4,Zone 5,45.9,Zone 5,62.5,Zone 5,59.8,Zone 5,64.8,Zone 5
Arunachal Pradesh,West Siang,Yomcha,22.0,2026-06-08,01:15:00,100.0,2026-06-07,01:15:00,2026-06-08 01:29:54,23.75,Zone 3,49.1,Zone 5,23.7,Zone 3,34.5,Zone 4,29.3,Zone 4,47.5,Zone 5,35.0,Zone 4,59.7,Zone 5,49.1,Zone 5,62.4,Zone 5
Assam,Barpeta,Bajali University,26.2,2026-06-08,01:15:00,100.0,2026-06-07,01:15:00,2026-06-08 01:29:54,30.55000000000001,Zone 4,63.2,Zone 5,30.1,Zone 4,59.2,Zone 5,42.0,Zone 5,62.8,Zone 5,59.8,Zone 5,65.4,Zone 5,63.2,Zone 5,67.4,Zone 5
Assam,Barpeta,Barpeta Kvk,26.2,2026-06-08,01:15:00,100.0,2026-06-07,01:15:00,2026-06-08 01:29:54,30.55000000000001,Zone 4,63.2,Zone 5,30.1,Zone 4,59.2,Zone 5,42.0,Zone 5,62.8,Zone 5,59.8,Zone 5,65.4,Zone 5,63.2,Zone 5,67.4,Zone 5
Assam,Charaideo,Sonari Aegcl,22.6,2026-06-08,01:15:00,100.0,2026-06-07,01:15:00,2026-06-08 01:29:54,24.350000000000023,Zone 3,52.5,Zone 5,24.3,Zone 3,35.4,Zone 4,30.1,Zone 4,50.9,Zone 5,36.0,Zone 4,60.4,Zone 5,52.5,Zone 5,63.0,Zone 5
Assam,Darrang,Garukhuti,26.9,2026-06-08,01:15:00,,,,2026-06-08 01:29:54,,,,,,,,,,,,,,,,,,,,
Assam,Darrang,Mangaldai,25.0,2026-06-08,01:15:00,84.0,2026-06-07,01:15:00,2026-06-08 01:29:54,26.75,Zone 4,56.2,Zone 5,26.8,Zone 4,38.1,Zone 4,33.0,Zone 4,54.7,Zone 5,38.9,Zone 5,61.2,Zone 5,56.2,Zone 5,63.7,Zone 5
Assam,Dhemaji,Silapathar Science College,24.7,2026-06-08,01:15:00,100.0,2026-06-07,01:15:00,2026-06-08 01:29:54,27.350000000000023,Zone 4,60.7,Zone 5,27.0,Zone 4,47.6,Zone 5,34.0,Zone 4,60.2,Zone 5,50.0,Zone 5,63.2,Zone 5,60.7,Zone 5,65.5,Zone 5
Assam,Dhubri,Bn College,27.7,2026-06-08,01:15:00,99.0,2026-06-07,01:15:00,2026-06-08 01:29:54,34.55000000000001,Zone 4,65.6,Zone 5,33.9,Zone 4,62.1,Zone 5,56.1,Zone 5,65.2,Zone 5,62.6,Zone 5,67.5,Zone 5,65.6,Zone 5,69.1,Zone 5
Assam,Dhubri,Gauripur Aegcl,26.6,2026-06-08,01:00:00,88.0,2026-06-07,01:00:00,2026-06-08 01:29:54,29.950000000000045,Zone 4,61.5,Zone 5,29.8,Zone 4,51.9,Zone 5,36.7,Zone 4,61.1,Zone 5,54.2,Zone 5,64.0,Zone 5,61.5,Zone 5,66.1,Zone 5
Assam,Dibrugarh,Bcpl Dibrugarh,,,,99.0,2026-06-07,01:15:00,2026-06-08 01:29:54,,,,,,,,,,,,,,,,,,,,
Assam,Dibrugarh,Dc Ofc Dibrugarh,26.4,2026-06-08,01:15:00,100.0,2026-06-07,01:15:00,2026-06-08 01:29:54,31.05000000000001,Zone 4,64.1,Zone 5,31.3,Zone 4,60.2,Zone 5,47.0,Zone 5,63.7,Zone 5,60.8,Zone 5,66.2,Zone 5,64.1,Zone 5,68.0,Zone 5
Assam,Dibrugarh,Dibrugarh,25.5,2026-06-08,01:15:00,,,,2026-06-08 01:29:54,,,,,,,,,,,,,,,,,,,,
Assam,Dibrugarh,Lahowal,,,,14.0,2026-06-07,01:15:00,2026-06-08 01:29:54,,,,,,,,,,,,,,,,,,,,
Assam,Dima Hasao,Haflong,23.4,2026-06-08,01:15:00,85.0,2026-06-07,01:15:00,2026-06-08 01:29:54,24.650000000000034,Zone 3,47.4,Zone 5,24.8,Zone 3,35.5,Zone 4,30.5,Zone 4,45.9,Zone 5,36.0,Zone 4,59.3,Zone 5,47.4,Zone 5,62.1,Zone 5
Assam,Dima Hasao,Haflong Aegcl,24.2,2026-06-08,01:15:00,100.0,2026-06-07,01:15:00,2026-06-08 01:29:54,26.450000000000045,Zone 4,59.8,Zone 5,26.1,Zone 4,43.6,Zone 5,32.9,Zone 4,59.4,Zone 5,45.9,Zone 5,62.5,Zone 5,59.8,Zone 5,64.8,Zone 5
Assam,Dima Hasao,Lkhep,27.2,2026-06-08,01:15:00,90.0,2026-06-07,01:15:00,2026-06-08 01:29:54,31.55000000000001,Zone 4,62.8,Zone 5,31.1,Zone 4,57.8,Zone 5,39.7,Zone 5,62.4,Zone 5,59.2,Zone 5,65.1,Zone 5,62.8,Zone 5,67.1,Zone 5
Assam,Golaghat,Cnb Collage Bokakhat,27.1,2026-06-08,01:15:00,100.0,2026-06-07,01:15:00,2026-06-08 01:29:54,32.950000000000045,Zone 4,65.0,Zone 5,32.7,Zone 4,61.3,Zone 5,52.3,Zone 5,64.6,Zone 5,61.8,Zone 5,66.9,Zone 5,65.0,Zone 5,68.7,Zone 5
Assam,Hailakandi,Algapur Circle,25.8,2026-06-08,01:00:00,100.0,2026-06-07,01:00:00,2026-06-08 01:29:54,29.650000000000034,Zone 4,63.2,Zone 5,30.1,Zone 4,59.2,Zone 5,42.0,Zone 5,62.8,Zone 5,59.8,Zone 5,65.4,Zone 5,63.2,Zone 5,67.4,Zone 5
Assam,Hailakandi,Panchgram Aegcl,25.1,2026-06-08,01:15:00,100.0,2026-06-07,01:15:00,2026-06-08 01:29:54,28.150000000000034,Zone 4,61.5,Zone 5,28.0,Zone 4,51.8,Zone 5,35.2,Zone 4,61.1,Zone 5,54.1,Zone 5,64.0,Zone 5,61.5,Zone 5,66.1,Zone 5
Assam,Hajoi,Lumding,27.1,2026-06-08,01:15:00,83.0,2026-06-07,01:15:00,2026-06-08 01:29:54,30.350000000000023,Zone 4,61.2,Zone 5,30.2,Zone 4,50.5,Zone 5,36.9,Zone 4,60.8,Zone 5,52.9,Zone 5,63.7,Zone 5,61.2,Zone 5,65.9,Zone 5
Assam,Kamrup,Amingaon,28.3,2026-06-08,01:15:00,9.0,2026-06-07,01:15:00,2026-06-08 01:29:54,26.350000000000023,Zone 4,37.0,Zone 4,26.5,Zone 4,33.7,Zone 4,30.3,Zone 4,37.0,Zone 4,33.7,Zone 4,40.1,Zone 4,37.0,Zone 4,43.1,Zone 4
Assam,Kamrup,Boko Aegcl,27.3,2026-06-08,01:15:00,97.0,2026-06-07,01:15:00,2026-06-08 01:29:54,32.950000000000045,Zone 4,65.2,Zone 5,33.5,Zone 4,61.5,Zone 5,53.6,Zone 5,64.8,Zone 5,62.1,Zone 5,67.1,Zone 5,65.2,Zone 5,68.8,Zone 5
Assam,Kamrup,Chandubi,29.6,2026-06-08,01:15:00,,,,2026-06-08 01:29:54,,,,,,,,,,,,,,,,,,,,
Assam,Kamrup,Kukurmara Mirza Aegcl,28.1,2026-06-08,01:15:00,100.0,2026-06-07,01:15:00,2026-06-08 01:29:54,38.25,Zone 5,66.7,Zone 5,37.1,Zone 5,63.4,Zone 5,59.8,Zone 5,66.3,Zone 5,63.9,Zone 5,68.4,Zone 5,66.7,Zone 5,70.0,Zone 5
Assam,Kamrup Metropolitan,Aau Hrs,28.6,2026-06-08,01:15:00,91.0,2026-06-07,01:15:00,2026-06-08 01:29:54,35.450000000000045,Zone 4,65.5,Zone 5,35.1,Zone 4,62.0,Zone 5,55.8,Zone 5,65.2,Zone 5,62.5,Zone 5,67.4,Zone 5,65.5,Zone 5,69.1,Zone 5
Assam,Kamrup Metropolitan,Down Town University,27.4,2026-06-08,01:15:00,100.0,2026-06-07,01:15:00,2026-06-08 01:29:54,33.85000000000002,Zone 4,65.8,Zone 5,34.1,Zone 4,62.3,Zone 5,57.3,Zone 5,65.4,Zone 5,62.9,Zone 5,67.7,Zone 5,65.8,Zone 5,69.3,Zone 5
Assam,Kamrup Metropolitan,Gauhati University,28.5,2026-06-08,01:15:00,,,,2026-06-08 01:29:54,,,,,,,,,,,,,,,,,,,,
Assam,Kamrup Metropolitan,Guwahati,28.5,2026-06-08,01:15:00,83.0,2026-06-07,01:15:00,2026-06-08 01:29:54,33.450000000000045,Zone 4,63.7,Zone 5,33.5,Zone 4,59.7,Zone 5,44.7,Zone 5,63.3,Zone 5,60.3,Zone 5,65.8,Zone 5,63.7,Zone 5,67.7,Zone 5
Assam,Kamrup Metropolitan,Guwahati City,28.8,2026-06-08,01:00:00,94.0,2026-06-07,01:00:00,2026-06-08 01:29:54,37.450000000000045,Zone 5,67.1,Zone 5,39.7,Zone 5,63.9,Zone 5,60.4,Zone 5,66.7,Zone 5,64.4,Zone 5,68.7,Zone 5,67.1,Zone 5,70.2,Zone 5
Assam,Kamrup Metropolitan,Kalakshetra,29.9,2026-06-08,01:15:00,,,,2026-06-08 01:29:54,,,,,,,,,,,,,,,,,,,,
Assam,Kamrup Metropolitan,Kamakhya,29.1,2026-06-08,01:15:00,89.0,2026-06-07,01:15:00,2026-06-08 01:29:54,36.450000000000045,Zone 4,65.9,Zone 5,36.2,Zone 4,62.5,Zone 5,57.9,Zone 5,65.5,Zone 5,63.0,Zone 5,67.8,Zone 5,65.9,Zone 5,69.4,Zone 5
Assam,Kamrup Metropolitan,Vcbc Rani,28.0,2026-06-08,01:15:00,100.0,2026-06-07,01:15:00,2026-06-08 01:29:54,37.150000000000034,Zone 5,66.7,Zone 5,37.1,Zone 5,63.4,Zone 5,59.8,Zone 5,66.3,Zone 5,63.9,Zone 5,68.4,Zone 5,66.7,Zone 5,70.0,Zone 5
Assam,Karbi Anglong(East),Bakulia,26.9,2026-06-08,01:15:00,86.0,2026-06-07,01:15:00,2026-06-08 01:29:54,30.350000000000023,Zone 4,61.9,Zone 5,30.6,Zone 4,53.8,Zone 5,37.5,Zone 4,61.5,Zone 5,56.0,Zone 5,64.3,Zone 5,61.9,Zone 5,66.4,Zone 5
Assam,Karbi Anglong(East),Diphu,26.4,2026-06-08,01:15:00,100.0,2026-06-07,01:15:00,2026-06-08 01:29:54,31.05000000000001,Zone 4,64.1,Zone 5,31.3,Zone 4,60.2,Zone 5,47.0,Zone 5,63.7,Zone 5,60.8,Zone 5,66.2,Zone 5,64.1,Zone 5,68.0,Zone 5
Assam,Karbi Anglong(West),Kheronighat,26.5,2026-06-08,01:15:00,85.0,2026-06-07,01:15:00,2026-06-08 01:29:54,29.450000000000045,Zone 4,60.9,Zone 5,29.5,Zone 4,48.7,Zone 5,36.1,Zone 4,60.5,Zone 5,51.1,Zone 5,63.4,Zone 5,60.9,Zone 5,65.6,Zone 5
Assam,Karbi Anglong(West),Umlapher,21.7,2026-06-08,01:15:00,100.0,2026-06-07,01:15:00,2026-06-08 01:29:54,23.350000000000023,Zone 3,45.7,Zone 5,23.2,Zone 3,33.6,Zone 4,28.5,Zone 4,44.3,Zone 5,34.1,Zone 4,58.9,Zone 5,45.7,Zone 5,61.8,Zone 5
Assam,Karbi Anglong(West),Umpanai Apdcl,22.9,2026-06-08,01:15:00,100.0,2026-06-07,01:15:00,2026-06-08 01:29:54,24.650000000000034,Zone 3,55.8,Zone 5,24.8,Zone 3,36.7,Zone 5,31.0,Zone 4,54.3,Zone 5,38.5,Zone 5,61.1,Zone 5,55.8,Zone 5,63.6,Zone 5
Assam,Karimganj,Harinagar,,,,13.0,2026-06-07,01:15:00,2026-06-08 01:29:54,,,,,,,,,,,,,,,,,,,,
Assam,Karimganj,Karimganj Amfu,26.4,2026-06-08,01:15:00,100.0,2026-06-07,01:15:00,2026-06-08 01:29:54,31.05000000000001,Zone 4,64.1,Zone 5,31.3,Zone 4,60.2,Zone 5,47.0,Zone 5,63.7,Zone 5,60.8,Zone 5,66.2,Zone 5,64.1,Zone 5,68.0,Zone 5
Assam,Kokrajhar,Salakati Aegcl,25.4,2026-06-08,01:15:00,100.0,2026-06-07,01:15:00,2026-06-08 01:29:54,28.75,Zone 4,62.4,Zone 5,29.0,Zone 4,55.9,Zone 5,37.6,Zone 5,62.0,Zone 5,58.0,Zone 5,64.7,Zone 5,62.4,Zone 5,66.7,Zone 5
Assam,Lakhimpur,Lakhimpur,24.9,2026-06-08,01:00:00,100.0,2026-06-07,01:00:00,2026-06-08 01:29:54,27.75,Zone 4,61.5,Zone 5,28.0,Zone 4,51.8,Zone 5,35.2,Zone 4,61.1,Zone 5,54.1,Zone 5,64.0,Zone 5,61.5,Zone 5,66.1,Zone 5
Assam,Majuli,Majuli,25.4,2026-06-08,00:30:00,100.0,2026-06-07,00:30:00,2026-06-08 01:29:54,28.75,Zone 4,62.4,Zone 5,29.0,Zone 4,55.9,Zone 5,37.6,Zone 5,62.0,Zone 5,58.0,Zone 5,64.7,Zone 5,62.4,Zone 5,66.7,Zone 5
Assam,Marigaon,Dharamtul,27.8,2026-06-08,01:15:00,94.0,2026-06-07,01:15:00,2026-06-08 01:29:54,33.75,Zone 4,65.4,Zone 5,34.3,Zone 4,61.8,Zone 5,54.8,Zone 5,65.0,Zone 5,62.3,Zone 5,67.3,Zone 5,65.4,Zone 5,69.0,Zone 5
Assam,Marigaon,Laharighat,27.3,2026-06-08,01:00:00,84.0,2026-06-07,01:00:00,2026-06-08 01:29:54,30.950000000000045,Zone 4,62.3,Zone 5,31.4,Zone 4,55.5,Zone 5,38.3,Zone 4,61.9,Zone 5,57.7,Zone 5,64.6,Zone 5,62.3,Zone 5,66.7,Zone 5
Assam,Marigaon,Marigaon,27.7,2026-06-08,01:15:00,100.0,2026-06-07,01:15:00,2026-06-08 01:29:54,34.75,Zone 4,65.8,Zone 5,34.1,Zone 4,62.3,Zone 5,57.3,Zone 5,65.4,Zone 5,62.9,Zone 5,67.7,Zone 5,65.8,Zone 5,69.3,Zone 5
Assam,Nagaon,Kampur,24.9,2026-06-08,01:15:00,,,,2026-06-08 01:29:54,,,,,,,,,,,,,,,,,,,,
Assam,Nagaon,Samaguri Aegcl,26.7,2026-06-08,01:15:00,100.0,2026-06-07,01:15:00,2026-06-08 01:29:54,31.850000000000023,Zone 4,64.1,Zone 5,31.3,Zone 4,60.2,Zone 5,47.0,Zone 5,63.7,Zone 5,60.8,Zone 5,66.2,Zone 5,64.1,Zone 5,68.0,Zone 5
Assam,Nalbari,Chamata,29.9,2026-06-08,01:15:00,,,,2026-06-08 01:29:54,,,,,,,,,,,,,,,,,,,,
Assam,Nalbari,Nalbari,35.0,2026-06-08,01:15:00,96.0,2026-06-07,01:15:00,2026-06-08 01:29:54,76.75,Zone 6,85.5,Zone 6,76.8,Zone 6,81.9,Zone 6,79.7,Zone 6,84.8,Zone 6,82.6,Zone 6,87.7,Zone 6,85.5,Zone 6,90.6,Zone 6
Assam,Nalbari,Nalbari Kvk,27.0,2026-06-08,01:15:00,93.0,2026-06-07,01:15:00,2026-06-08 01:29:54,31.55000000000001,Zone 4,63.4,Zone 5,31.5,Zone 4,59.5,Zone 5,43.3,Zone 5,63.0,Zone 5,60.0,Zone 5,65.6,Zone 5,63.4,Zone 5,67.5,Zone 5
Assam,Nalbari,Tihu,27.1,2026-06-08,01:15:00,82.0,2026-06-07,01:15:00,2026-06-08 01:29:54,30.25,Zone 4,61.0,Zone 5,30.1,Zone 4,49.4,Zone 5,36.7,Zone 4,60.6,Zone 5,51.8,Zone 5,63.5,Zone 5,61.0,Zone 5,65.7,Zone 5
Assam,Sivasagar,Sivsagar Aegcl,26.3,2026-06-08,01:15:00,100.0,2026-06-07,01:15:00,2026-06-08 01:29:54,30.850000000000023,Zone 4,64.1,Zone 5,31.3,Zone 4,60.2,Zone 5,47.0,Zone 5,63.7,Zone 5,60.8,Zone 5,66.2,Zone 5,64.1,Zone 5,68.0,Zone 5
Assam,Sonitpur,Dhekiajuli Aegcl,25.5,2026-06-08,01:00:00,100.0,2026-06-07,01:00:00,2026-06-08 01:29:54,29.05000000000001,Zone 4,62.4,Zone 5,29.0,Zone 4,55.9,Zone 5,37.6,Zone 5,62.0,Zone 5,58.0,Zone 5,64.7,Zone 5,62.4,Zone 5,66.7,Zone 5
Assam,Sonitpur,Ghoramara Aegcl,25.7,2026-06-08,01:15:00,97.0,2026-06-07,01:15:00,2026-06-08 01:29:54,29.150000000000034,Zone 4,61.8,Zone 5,28.7,Zone 4,53.0,Zone 5,35.9,Zone 4,61.3,Zone 5,55.3,Zone 5,64.2,Zone 5,61.8,Zone 5,66.3,Zone 5
Assam,Tinsukia,Margherita,26.5,2026-06-08,01:00:00,100.0,2026-06-07,01:00:00,2026-06-08 01:29:54,31.350000000000023,Zone 4,64.1,Zone 5,31.3,Zone 4,60.2,Zone 5,47.0,Zone 5,63.7,Zone 5,60.8,Zone 5,66.2,Zone 5,64.1,Zone 5,68.0,Zone 5
Assam,Tinsukia,Ntps Apdcl,26.1,2026-06-08,01:15:00,100.0,2026-06-07,01:15:00,2026-06-08 01:29:54,30.350000000000023,Zone 4,63.2,Zone 5,30.1,Zone 4,59.2,Zone 5,42.0,Zone 5,62.8,Zone 5,59.8,Zone 5,65.4,Zone 5,63.2,Zone 5,67.4,Zone 5
Assam,Tinsukia,Rupai Aegcl,26.7,2026-06-08,01:00:00,100.0,2026-06-07,01:00:00,2026-06-08 01:29:54,31.850000000000023,Zone 4,64.1,Zone 5,31.3,Zone 4,60.2,Zone 5,47.0,Zone 5,63.7,Zone 5,60.8,Zone 5,66.2,Zone 5,64.1,Zone 5,68.0,Zone 5
Assam,Udalguri,Rowta Aegcl,25.4,2026-06-08,01:15:00,100.0,2026-06-07,01:15:00,2026-06-08 01:29:54,28.75,Zone 4,62.4,Zone 5,29.0,Zone 4,55.9,Zone 5,37.6,Zone 5,62.0,Zone 5,58.0,Zone 5,64.7,Zone 5,62.4,Zone 5,66.7,Zone 5
Assam,Udalguri,Udalguri,23.0,2026-06-08,01:15:00,80.0,2026-06-07,01:15:00,2026-06-08 01:29:54,24.05000000000001,Zone 3,40.6,Zone 5,24.0,Zone 3,34.2,Zone 4,29.4,Zone 4,39.3,Zone 5,34.6,Zone 4,54.6,Zone 5,40.6,Zone 5,60.8,Zone 5
Assam,Udalguri,Udi Kvk,25.4,2026-06-08,01:15:00,,,,2026-06-08 01:29:54,,,,,,,,,,,,,,,,,,,,
Bihar,Arwal,Arwal Aws400,27.3,2026-06-08,01:15:00,97.0,2026-06-07,01:15:00,2026-06-08 01:29:54,32.950000000000045,Zone 4,65.2,Zone 5,33.5,Zone 4,61.5,Zone 5,53.6,Zone 5,64.8,Zone 5,62.1,Zone 5,67.1,Zone 5,65.2,Zone 5,68.8,Zone 5
Bihar,Aurangabad,Aurangabad Kvk,29.7,2026-06-08,01:15:00,62.0,2026-06-07,01:15:00,2026-06-08 01:29:54,32.450000000000045,Zone 4,60.0,Zone 5,32.1,Zone 4,44.5,Zone 5,38.0,Zone 4,59.6,Zone 5,46.8,Zone 5,62.7,Zone 5,60.0,Zone 5,65.0,Zone 5
Bihar,Buxar,Buxar,29.6,2026-06-08,01:15:00,74.0,2026-06-07,01:15:00,2026-06-08 01:29:54,34.35000000000002,Zone 4,63.1,Zone 5,34.1,Zone 4,59.0,Zone 5,41.4,Zone 5,62.7,Zone 5,59.6,Zone 5,65.3,Zone 5,63.1,Zone 5,67.3,Zone 5
Bihar,Buxar,Dumaraon,27.3,2026-06-08,01:15:00,87.0,2026-06-07,01:15:00,2026-06-08 01:29:54,31.350000000000023,Zone 4,63.0,Zone 5,31.8,Zone 4,58.5,Zone 5,40.6,Zone 5,62.6,Zone 5,59.4,Zone 5,65.2,Zone 5,63.0,Zone 5,67.2,Zone 5
Bihar,Darbhanga,Darbhanga Aws400,29.0,2026-06-08,01:15:00,84.0,2026-06-07,01:15:00,2026-06-08 01:29:54,34.950000000000045,Zone 4,64.7,Zone 5,35.0,Zone 4,61.0,Zone 5,51.1,Zone 5,64.4,Zone 5,61.6,Zone 5,66.7,Zone 5,64.7,Zone 5,68.5,Zone 5
Bihar,East Champaran,East Champaran Kvk,,,,11.0,2026-06-07,01:15:00,2026-06-08 01:29:54,,,,,,,,,,,,,,,,,,,,
Bihar,Gaya,Bodhgaya,28.6,2026-06-08,01:15:00,69.0,2026-06-07,01:15:00,2026-06-08 01:29:54,31.450000000000045,Zone 4,60.3,Zone 5,31.3,Zone 4,45.9,Zone 5,37.4,Zone 4,59.9,Zone 5,48.2,Zone 5,62.9,Zone 5,60.3,Zone 5,65.2,Zone 5
Bihar,Jehanabad,Jehanabad,29.3,2026-06-08,01:15:00,85.0,2026-06-07,01:15:00,2026-06-08 01:29:54,36.05000000000001,Zone 4,65.8,Zone 5,36.6,Zone 4,62.3,Zone 5,57.3,Zone 5,65.4,Zone 5,62.9,Zone 5,67.7,Zone 5,65.8,Zone 5,69.3,Zone 5
Bihar,Kaimur,Bhabua,31.8,2026-06-08,01:00:00,63.0,2026-06-07,01:00:00,2026-06-08 01:29:54,37.05000000000001,Zone 4,64.0,Zone 5,37.5,Zone 4,60.2,Zone 5,46.8,Zone 5,63.7,Zone 5,60.7,Zone 5,66.1,Zone 5,64.0,Zone 5,68.0,Zone 5
Bihar,Kishanganj,Arrabari,24.9,2026-06-08,01:15:00,100.0,2026-06-07,01:15:00,2026-06-08 01:29:54,27.75,Zone 4,61.5,Zone 5,28.0,Zone 4,51.8,Zone 5,35.2,Zone 4,61.1,Zone 5,54.1,Zone 5,64.0,Zone 5,61.5,Zone 5,66.1,Zone 5
Bihar,Madhepura,Madhepura,27.2,2026-06-08,01:15:00,100.0,2026-06-07,01:15:00,2026-06-08 01:29:54,33.25,Zone 4,65.0,Zone 5,32.7,Zone 4,61.3,Zone 5,52.3,Zone 5,64.6,Zone 5,61.8,Zone 5,66.9,Zone 5,65.0,Zone 5,68.7,Zone 5
Bihar,Madhubani,Sukhet,27.2,2026-06-08,01:15:00,17.0,2026-06-07,01:15:00,2026-06-08 01:29:54,25.75,Zone 4,36.6,Zone 4,25.6,Zone 4,33.1,Zone 4,29.6,Zone 4,36.6,Zone 4,33.2,Zone 4,39.9,Zone 4,36.6,Zone 4,43.1,Zone 4
Bihar,Munger,Kvk Munger,27.5,2026-06-08,01:15:00,97.0,2026-06-07,01:15:00,2026-06-08 01:29:54,33.55000000000001,Zone 4,65.2,Zone 5,33.5,Zone 4,61.5,Zone 5,53.6,Zone 5,64.8,Zone 5,62.1,Zone 5,67.1,Zone 5,65.2,Zone 5,68.8,Zone 5
Bihar,Muzaffarpur,Saraiya Kvk,28.1,2026-06-08,01:15:00,96.0,2026-06-07,01:15:00,2026-06-08 01:29:54,35.05000000000001,Zone 4,65.8,Zone 5,34.8,Zone 4,62.3,Zone 5,57.3,Zone 5,65.4,Zone 5,62.9,Zone 5,67.6,Zone 5,65.8,Zone 5,69.3,Zone 5
Bihar,Nalanda,Harnaut,29.1,2026-06-08,01:15:00,93.0,2026-06-07,01:15:00,2026-06-08 01:29:54,39.25,Zone 5,66.9,Zone 5,38.2,Zone 5,63.6,Zone 5,60.1,Zone 5,66.5,Zone 5,64.1,Zone 5,68.5,Zone 5,66.9,Zone 5,70.1,Zone 5
Bihar,Nalanda,Rajgir,29.6,2026-06-08,01:15:00,67.0,2026-06-07,01:15:00,2026-06-08 01:29:54,33.05000000000001,Zone 4,61.3,Zone 5,32.9,Zone 4,50.9,Zone 5,39.1,Zone 4,60.9,Zone 5,53.2,Zone 5,63.8,Zone 5,61.3,Zone 5,66.0,Zone 5
Bihar,Patna,Baldwin Academy,31.4,2026-06-08,01:15:00,82.0,2026-06-07,01:15:00,2026-06-08 01:29:54,48.450000000000045,Zone 5,68.4,Zone 5,49.8,Zone 5,65.5,Zone 5,62.4,Zone 5,68.1,Zone 5,66.0,Zone 5,69.9,Zone 5,68.4,Zone 5,71.2,Zone 5
Bihar,Patna,Danapur Dps,30.3,2026-06-08,00:30:00,79.0,2026-06-07,00:30:00,2026-06-08 01:29:54,37.35000000000002,Zone 4,66.0,Zone 5,38.0,Zone 4,62.5,Zone 5,58.3,Zone 5,65.6,Zone 5,63.1,Zone 5,67.8,Zone 5,66.0,Zone 5,69.4,Zone 5
Bihar,Patna,Iit Patna,28.1,2026-06-08,01:15:00,100.0,2026-06-07,01:15:00,2026-06-08 01:29:54,38.25,Zone 5,66.7,Zone 5,37.1,Zone 5,63.4,Zone 5,59.8,Zone 5,66.3,Zone 5,63.9,Zone 5,68.4,Zone 5,66.7,Zone 5,70.0,Zone 5
Bihar,Patna,Kvk Barh,29.9,2026-06-08,01:15:00,79.0,2026-06-07,01:15:00,2026-06-08 01:29:54,36.25,Zone 4,65.2,Zone 5,36.5,Zone 4,61.5,Zone 5,53.6,Zone 5,64.8,Zone 5,62.1,Zone 5,67.1,Zone 5,65.2,Zone 5,68.8,Zone 5
Bihar,Patna,Patna,31.3,2026-06-08,01:15:00,80.0,2026-06-07,01:15:00,2026-06-08 01:29:54,43.05000000000001,Zone 5,67.9,Zone 5,45.6,Zone 5,64.9,Zone 5,61.7,Zone 5,67.6,Zone 5,65.4,Zone 5,69.4,Zone 5,67.9,Zone 5,70.9,Zone 5
Bihar,Purnea,Purnea Imd,38.5,2026-06-08,01:15:00,93.0,2026-06-07,01:15:00,2026-06-08 01:29:54,89.25,Zone 6,97.9,Zone 6,89.2,Zone 6,94.2,Zone 6,92.1,Zone 6,97.0,Zone 6,95.0,Zone 6,99.9,Zone 6,97.9,Zone 6,102.7,Zone 6
Bihar,Rohtas,Bikramganj,29.6,2026-06-08,01:15:00,91.0,2026-06-07,01:15:00,2026-06-08 01:29:54,42.05000000000001,Zone 5,67.3,Zone 5,40.8,Zone 5,64.1,Zone 5,60.7,Zone 5,66.9,Zone 5,64.6,Zone 5,68.9,Zone 5,67.3,Zone 5,70.4,Zone 5
Bihar,Rohtas,Dehri,38.9,2026-06-08,01:15:00,76.0,2026-06-07,01:15:00,2026-06-08 01:29:54,79.05000000000001,Zone 6,88.2,Zone 6,79.4,Zone 6,84.6,Zone 6,82.4,Zone 6,87.5,Zone 6,85.3,Zone 6,90.3,Zone 6,88.2,Zone 6,93.1,Zone 6
Bihar,Saharsa,Agwanpur Aws400,27.8,2026-06-08,01:15:00,100.0,2026-06-07,01:15:00,2026-06-08 01:29:54,35.05000000000001,Zone 5,66.7,Zone 5,37.1,Zone 5,63.4,Zone 5,59.8,Zone 5,66.3,Zone 5,63.9,Zone 5,68.4,Zone 5,66.7,Zone 5,70.0,Zone 5
Bihar,Samastipur,Pusa Aws400,28.5,2026-06-08,01:15:00,100.0,2026-06-07,01:15:00,2026-06-08 01:29:54,43.05000000000001,Zone 5,67.6,Zone 5,43.1,Zone 5,64.5,Zone 5,61.2,Zone 5,67.2,Zone 5,65.0,Zone 5,69.2,Zone 5,67.6,Zone 5,70.6,Zone 5
Bihar,Saran,Manjhi,28.7,2026-06-08,01:15:00,100.0,2026-06-07,01:15:00,2026-06-08 01:29:54,45.75,Zone 5,67.6,Zone 5,43.1,Zone 5,64.5,Zone 5,61.2,Zone 5,67.2,Zone 5,65.0,Zone 5,69.2,Zone 5,67.6,Zone 5,70.6,Zone 5
Bihar,Sheikpura,Sheikpura Kvk,28.5,2026-06-08,01:15:00,,,,2026-06-08 01:29:54,,,,,,,,,,,,,,,,,,,,
Bihar,Siwan,Ziradei,28.9,2026-06-08,01:15:00,87.0,2026-06-07,01:15:00,2026-06-08 01:29:54,35.35000000000002,Zone 4,65.5,Zone 5,35.7,Zone 4,61.9,Zone 5,55.3,Zone 5,65.1,Zone 5,62.4,Zone 5,67.3,Zone 5,65.5,Zone 5,69.0,Zone 5
Bihar,Supaul,Supaul Aws400,27.0,2026-06-08,01:15:00,98.0,2026-06-07,01:15:00,2026-06-08 01:29:54,32.35000000000002,Zone 4,64.5,Zone 5,32.3,Zone 4,60.7,Zone 5,49.7,Zone 5,64.1,Zone 5,61.3,Zone 5,66.5,Zone 5,64.5,Zone 5,68.3,Zone 5
Bihar,Vaishali,Vaishali,29.0,2026-06-08,01:15:00,99.0,2026-06-07,01:15:00,2026-06-08 01:29:54,48.25,Zone 5,68.2,Zone 5,48.2,Zone 5,65.3,Zone 5,62.1,Zone 5,67.9,Zone 5,65.8,Zone 5,69.7,Zone 5,68.2,Zone 5,71.1,Zone 5
Chandigarh,Chandigarh,Chandigarh,28.0,2026-06-08,01:15:00,,,,2026-06-08 01:29:54,,,,,,,,,,,,,,,,,,,,
Chandigarh,Chandigarh,Dav School,27.2,2026-06-08,01:15:00,54.0,2026-06-07,01:15:00,2026-06-08 01:29:54,27.850000000000023,Zone 4,41.9,Zone 4,27.6,Zone 4,37.1,Zone 4,32.7,Zone 4,41.6,Zone 4,37.4,Zone 4,54.8,Zone 5,41.9,Zone 4,60.8,Zone 5
Chhattisgarh,Balod,Balod Aws400,33.8,2026-06-08,00:45:00,35.0,2026-06-07,00:45:00,2026-06-08 01:29:54,34.55000000000001,Zone 4,54.9,Zone 5,34.9,Zone 4,43.8,Zone 4,39.7,Zone 4,53.5,Zone 5,44.2,Zone 4,60.9,Zone 5,54.9,Zone 5,63.5,Zone 5
Chhattisgarh,Balrampur,Balrampur,26.2,2026-06-08,01:15:00,,,,2026-06-08 01:29:54,,,,,,,,,,,,,,,,,,,,
Chhattisgarh,Balrampur,Balrampur Aws400,24.5,2026-06-08,01:15:00,97.0,2026-06-07,01:15:00,2026-06-08 01:29:54,26.850000000000023,Zone 4,60.1,Zone 5,26.8,Zone 4,44.8,Zone 5,33.6,Zone 4,59.7,Zone 5,47.1,Zone 5,62.7,Zone 5,60.1,Zone 5,65.0,Zone 5
Chhattisgarh,Bemetara,Bemetara,34.3,2026-06-08,01:15:00,34.0,2026-06-07,01:15:00,2026-06-08 01:29:54,35.150000000000034,Zone 4,56.0,Zone 5,35.4,Zone 4,44.2,Zone 4,40.2,Zone 4,54.5,Zone 5,44.7,Zone 4,61.1,Zone 5,56.0,Zone 5,63.7,Zone 5
Chhattisgarh,Bemetara,Bemetara Durg,35.6,2026-06-08,01:15:00,38.0,2026-06-07,01:15:00,2026-06-08 01:29:54,38.05000000000001,Zone 4,60.9,Zone 5,37.9,Zone 4,49.1,Zone 5,43.0,Zone 4,60.5,Zone 5,51.3,Zone 5,63.5,Zone 5,60.9,Zone 5,65.7,Zone 5
Chhattisgarh,Bilaspur,Bilaspur,31.8,2026-06-08,01:15:00,41.0,2026-06-07,01:15:00,2026-06-08 01:29:54,32.75,Zone 4,52.8,Zone 5,33.0,Zone 4,42.2,Zone 4,38.0,Zone 4,51.3,Zone 5,42.6,Zone 4,60.4,Zone 5,52.8,Zone 5,63.1,Zone 5
Chhattisgarh,Dhamtari,Nagri,,,,51.0,2026-06-07,01:15:00,2026-06-08 01:29:54,,,,,,,,,,,,,,,,,,,,
Chhattisgarh,Gariaband,Gariaband,32.3,2026-06-08,01:15:00,50.0,2026-06-07,01:15:00,2026-06-08 01:29:54,35.05000000000001,Zone 4,60.9,Zone 5,35.4,Zone 4,48.9,Zone 5,41.0,Zone 4,60.5,Zone 5,51.2,Zone 5,63.4,Zone 5,60.9,Zone 5,65.7,Zone 5
Chhattisgarh,Janjgir Champa,Janjgir,,,,62.0,2026-06-07,01:15:00,2026-06-08 01:29:54,,,,,,,,,,,,,,,,,,,,
Chhattisgarh,Janjgir Champa,Nawagarh,31.7,2026-06-08,01:15:00,45.0,2026-06-07,01:15:00,2026-06-08 01:29:54,33.25,Zone 4,55.2,Zone 5,32.9,Zone 4,42.4,Zone 4,38.0,Zone 4,53.7,Zone 5,42.8,Zone 4,61.0,Zone 5,55.2,Zone 5,63.5,Zone 5
Chhattisgarh,Janjgir Champa,Sakti,31.6,2026-06-08,01:15:00,52.0,2026-06-07,01:15:00,2026-06-08 01:29:54,34.25,Zone 4,60.1,Zone 5,34.0,Zone 4,45.0,Zone 5,39.6,Zone 4,59.7,Zone 5,47.2,Zone 5,62.8,Zone 5,60.1,Zone 5,65.1,Zone 5
Chhattisgarh,Jashpur,Bagicha,27.8,2026-06-08,01:15:00,79.0,2026-06-07,01:15:00,2026-06-08 01:29:54,31.25,Zone 4,61.9,Zone 5,31.7,Zone 4,53.9,Zone 5,38.4,Zone 4,61.5,Zone 5,56.1,Zone 5,64.3,Zone 5,61.9,Zone 5,66.4,Zone 5
Chhattisgarh,Kabirdham,Pandaria,30.1,2026-06-08,01:15:00,45.0,2026-06-07,01:15:00,2026-06-08 01:29:54,30.950000000000045,Zone 4,47.0,Zone 5,30.8,Zone 4,40.0,Zone 4,35.7,Zone 4,45.6,Zone 5,40.4,Zone 4,59.3,Zone 5,47.0,Zone 5,62.0,Zone 5
Chhattisgarh,Korba,Lakhanpur Kvk,30.6,2026-06-08,01:15:00,,,,2026-06-08 01:29:54,,,,,,,,,,,,,,,,,,,,
Chhattisgarh,Koriya,Koriya Kvk,27.6,2026-06-08,01:15:00,,,,2026-06-08 01:29:54,,,,,,,,,,,,,,,,,,,,
Chhattisgarh,Mahasamund,Pithora,30.8,2026-06-08,01:15:00,44.0,2026-06-07,01:15:00,2026-06-08 01:29:54,31.75,Zone 4,51.2,Zone 5,32.0,Zone 4,41.3,Zone 4,37.1,Zone 4,49.7,Zone 5,41.7,Zone 4,60.1,Zone 5,51.2,Zone 5,62.8,Zone 5
Chhattisgarh,Mungeli,Lormi,32.3,2026-06-08,01:15:00,42.0,2026-06-07,01:15:00,2026-06-08 01:29:54,33.650000000000034,Zone 4,56.6,Zone 5,33.9,Zone 4,43.3,Zone 4,39.0,Zone 4,55.2,Zone 5,43.7,Zone 4,61.3,Zone 5,56.6,Zone 5,63.8,Zone 5
Chhattisgarh,Mungeli,Mungeli,33.5,2026-06-08,01:15:00,34.0,2026-06-07,01:15:00,2026-06-08 01:29:54,34.05000000000001,Zone 4,51.0,Zone 5,34.0,Zone 4,42.7,Zone 4,38.7,Zone 4,49.5,Zone 5,43.1,Zone 4,60.1,Zone 5,51.0,Zone 5,62.7,Zone 5
Chhattisgarh,Mungeli,Mungeli Aws400,31.8,2026-06-08,01:15:00,35.0,2026-06-07,01:15:00,2026-06-08 01:29:54,31.950000000000045,Zone 4,45.3,Zone 4,32.2,Zone 4,40.8,Zone 4,36.8,Zone 4,45.0,Zone 4,41.2,Zone 4,58.3,Zone 5,45.3,Zone 4,61.6,Zone 5
Chhattisgarh,Pendra Road,Pendra Road,29.1,2026-06-08,01:15:00,35.0,2026-06-07,01:15:00,2026-06-08 01:29:54,28.75,Zone 4,41.3,Zone 4,28.6,Zone 4,37.0,Zone 4,33.1,Zone 4,41.0,Zone 4,37.3,Zone 4,46.0,Zone 5,41.3,Zone 4,58.7,Zone 5
Chhattisgarh,Raigarh,Dharamjaigarh,29.1,2026-06-08,01:15:00,78.0,2026-06-07,01:15:00,2026-06-08 01:29:54,33.950000000000045,Zone 4,63.3,Zone 5,33.7,Zone 4,59.3,Zone 5,42.5,Zone 5,62.9,Zone 5,59.8,Zone 5,65.5,Zone 5,63.3,Zone 5,67.4,Zone 5
Chhattisgarh,Raigarh,Raigarh,30.5,2026-06-08,01:15:00,65.0,2026-06-07,01:15:00,2026-06-08 01:29:54,34.55000000000001,Zone 4,62.3,Zone 5,34.6,Zone 4,55.7,Zone 5,40.9,Zone 4,61.9,Zone 5,57.8,Zone 5,64.6,Zone 5,62.3,Zone 5,66.7,Zone 5
Chhattisgarh,Raipur,Naya Raipur,34.0,2026-06-08,01:15:00,35.0,2026-06-07,01:15:00,2026-06-08 01:29:54,34.85000000000002,Zone 4,54.9,Zone 5,34.9,Zone 4,43.8,Zone 4,39.7,Zone 4,53.5,Zone 5,44.2,Zone 4,60.9,Zone 5,54.9,Zone 5,63.5,Zone 5
Chhattisgarh,Raipur,Raipur,34.4,2026-06-08,01:15:00,36.0,2026-06-07,01:15:00,2026-06-08 01:29:54,35.650000000000034,Zone 4,58.6,Zone 5,35.8,Zone 4,44.9,Zone 4,40.7,Zone 4,57.3,Zone 5,45.3,Zone 4,61.8,Zone 5,58.6,Zone 5,64.2,Zone 5
Chhattisgarh,Rajnandgaon,Rajnandgaon,33.4,2026-06-08,01:15:00,36.0,2026-06-07,01:15:00,2026-06-08 01:29:54,34.25,Zone 4,53.8,Zone 5,34.4,Zone 4,43.3,Zone 4,39.2,Zone 4,52.4,Zone 5,43.7,Zone 4,60.7,Zone 5,53.8,Zone 5,63.3,Zone 5
Chhattisgarh,Sukma,Sukma,32.1,2026-06-08,01:15:00,60.0,2026-06-07,01:15:00,2026-06-08 01:29:54,36.950000000000045,Zone 4,63.2,Zone 5,36.7,Zone 4,59.1,Zone 5,43.0,Zone 4,62.8,Zone 5,59.7,Zone 5,65.4,Zone 5,63.2,Zone 5,67.3,Zone 5
Chhattisgarh,Surajpur,Surajpur Aws400,27.8,2026-06-08,01:15:00,49.0,2026-06-07,01:15:00,2026-06-08 01:29:54,28.25,Zone 4,42.5,Zone 4,28.5,Zone 4,37.8,Zone 4,33.5,Zone 4,42.2,Zone 4,38.1,Zone 4,55.0,Zone 5,42.5,Zone 4,60.9,Zone 5
Dadra And Nagar Haveli,Dadar Nagar,Silvassa,30.2,2026-06-08,01:15:00,76.0,2026-06-07,01:15:00,2026-06-08 01:29:54,36.25,Zone 4,64.4,Zone 5,35.8,Zone 4,60.6,Zone 5,49.0,Zone 5,64.0,Zone 5,61.2,Zone 5,66.4,Zone 5,64.4,Zone 5,68.3,Zone 5
Daman And Diu,Daman,Daman Aws,29.8,2026-06-08,01:15:00,83.0,2026-06-07,01:15:00,2026-06-08 01:29:54,37.05000000000001,Zone 4,66.2,Zone 5,37.6,Zone 4,62.7,Zone 5,59.1,Zone 5,65.8,Zone 5,63.3,Zone 5,68.0,Zone 5,66.2,Zone 5,69.6,Zone 5
Daman And Diu,Diu,Diu,29.3,2026-06-08,01:15:00,83.0,2026-06-07,01:15:00,2026-06-08 01:29:54,35.55000000000001,Zone 4,65.3,Zone 5,36.1,Zone 4,61.7,Zone 5,54.6,Zone 5,64.9,Zone 5,62.3,Zone 5,67.2,Zone 5,65.3,Zone 5,68.9,Zone 5
Delhi,East Delhi,Salwan Public School,28.9,2026-06-08,01:15:00,56.0,2026-06-07,01:15:00,2026-06-08 01:29:54,30.450000000000045,Zone 4,54.0,Zone 5,30.6,Zone 4,40.6,Zone 4,36.0,Zone 4,52.4,Zone 5,41.0,Zone 4,60.7,Zone 5,54.0,Zone 5,63.3,Zone 5
Delhi,New Delhi,Pragati Maidan,30.0,2026-06-08,01:15:00,,,,2026-06-08 01:29:54,,,,,,,,,,,,,,,,,,,,
Delhi,New Delhi,Sports Complex,32.2,2026-06-08,01:15:00,66.0,2026-06-07,01:15:00,2026-06-08 01:29:54,38.85000000000002,Zone 4,64.9,Zone 5,38.3,Zone 4,61.2,Zone 5,52.0,Zone 5,64.5,Zone 5,61.8,Zone 5,66.9,Zone 5,64.9,Zone 5,68.6,Zone 5
Delhi,North West Delhi,Mungeshpur,30.2,2026-06-08,01:15:00,56.0,2026-06-07,01:15:00,2026-06-08 01:29:54,32.450000000000045,Zone 4,59.1,Zone 5,32.1,Zone 4,42.4,Zone 4,37.7,Zone 4,57.9,Zone 5,42.9,Zone 4,61.9,Zone 5,59.1,Zone 5,64.3,Zone 5
Delhi,North West Delhi,Pitampura,32.8,2026-06-08,01:15:00,57.0,2026-06-07,01:15:00,2026-06-08 01:29:54,37.75,Zone 4,63.8,Zone 5,38.2,Zone 4,59.9,Zone 5,45.2,Zone 5,63.4,Zone 5,60.4,Zone 5,65.9,Zone 5,63.8,Zone 5,67.8,Zone 5
Delhi,South Delhi,Lodi Road,31.0,2026-06-08,01:15:00,76.0,2026-06-07,01:15:00,2026-06-08 01:29:54,38.55000000000001,Zone 4,66.0,Zone 5,38.6,Zone 4,62.6,Zone 5,58.5,Zone 5,65.7,Zone 5,63.1,Zone 5,67.8,Zone 5,66.0,Zone 5,69.5,Zone 5
Delhi,South Delhi,Pharma Science And Research Un,29.4,2026-06-08,01:15:00,57.0,2026-06-07,01:15:00,2026-06-08 01:29:54,31.350000000000023,Zone 4,57.7,Zone 5,31.5,Zone 4,41.7,Zone 4,37.0,Zone 4,56.3,Zone 5,42.2,Zone 4,61.5,Zone 5,57.7,Zone 5,64.0,Zone 5
Delhi,South West Delhi,Ayanagar,26.4,2026-06-08,01:15:00,72.0,2026-06-07,01:15:00,2026-06-08 01:29:54,28.05000000000001,Zone 4,55.1,Zone 5,28.2,Zone 4,39.0,Zone 4,34.1,Zone 4,53.5,Zone 5,39.6,Zone 4,60.9,Zone 5,55.1,Zone 5,63.5,Zone 5
Delhi,South West Delhi,Jafarpur,28.9,2026-06-08,01:15:00,,,,2026-06-08 01:29:54,,,,,,,,,,,,,,,,,,,,
Delhi,South West Delhi,Kvk Crpf Campus,29.3,2026-06-08,01:15:00,54.0,2026-06-07,01:15:00,2026-06-08 01:29:54,30.75,Zone 4,54.6,Zone 5,31.1,Zone 4,41.0,Zone 4,36.5,Zone 4,53.1,Zone 5,41.5,Zone 4,60.8,Zone 5,54.6,Zone 5,63.4,Zone 5
Delhi,South West Delhi,Kv Narayna,28.6,2026-06-08,01:15:00,52.0,2026-06-07,01:15:00,2026-06-08 01:29:54,29.55000000000001,Zone 4,46.7,Zone 5,29.4,Zone 4,39.0,Zone 4,34.6,Zone 4,45.3,Zone 5,39.4,Zone 4,59.2,Zone 5,46.7,Zone 5,62.0,Zone 5
Delhi,South West Delhi,Najafgarh,30.2,2026-06-08,01:15:00,63.0,2026-06-07,01:15:00,2026-06-08 01:29:54,33.55000000000001,Zone 4,61.0,Zone 5,33.2,Zone 4,49.4,Zone 5,39.3,Zone 4,60.6,Zone 5,51.7,Zone 5,63.5,Zone 5,61.0,Zone 5,65.7,Zone 5
Delhi,West Delhi,Kv Janakpuri,30.8,2026-06-08,01:15:00,50.0,2026-06-07,01:15:00,2026-06-08 01:29:54,32.55000000000001,Zone 4,58.2,Zone 5,32.9,Zone 4,42.8,Zone 4,38.2,Zone 4,56.8,Zone 5,43.3,Zone 4,61.7,Zone 5,58.2,Zone 5,64.1,Zone 5
Goa,North Goa,Goa State Biodiversity Board,24.7,2026-06-08,01:15:00,99.0,2026-06-07,01:15:00,2026-06-08 01:29:54,27.350000000000023,Zone 4,60.5,Zone 5,27.0,Zone 4,46.7,Zone 5,33.9,Zone 4,60.1,Zone 5,49.1,Zone 5,63.1,Zone 5,60.5,Zone 5,65.3,Zone 5
Goa,North Goa,Mapusa,25.2,2026-06-08,00:30:00,,,,2026-06-08 01:29:54,,,,,,,,,,,,,,,,,,,,
Goa,North Goa,Mopa Airport,24.6,2026-06-08,00:45:00,100.0,2026-06-07,00:45:00,2026-06-08 01:29:54,27.25,Zone 4,60.7,Zone 5,27.0,Zone 4,47.6,Zone 5,34.0,Zone 4,60.2,Zone 5,50.0,Zone 5,63.2,Zone 5,60.7,Zone 5,65.5,Zone 5
Goa,Panaji,Altinho Imdoffice,24.5,2026-06-08,01:15:00,84.0,2026-06-07,01:15:00,2026-06-08 01:29:54,25.950000000000045,Zone 4,53.1,Zone 5,26.0,Zone 4,37.2,Zone 4,32.1,Zone 4,51.5,Zone 5,37.7,Zone 4,60.5,Zone 5,53.1,Zone 5,63.1,Zone 5
Gujarat,Ahmedabad,Ahmedabad,32.3,2026-06-08,01:15:00,71.0,2026-06-07,01:15:00,2026-06-08 01:29:54,40.950000000000045,Zone 4,67.1,Zone 5,41.6,Zone 4,63.9,Zone 5,60.5,Zone 5,66.7,Zone 5,64.4,Zone 5,68.8,Zone 5,67.1,Zone 5,70.3,Zone 5
Gujarat,Ahmedabad,Dhorela,30.8,2026-06-08,01:15:00,64.0,2026-06-07,01:15:00,2026-06-08 01:29:54,35.05000000000001,Zone 4,62.8,Zone 5,35.4,Zone 4,57.9,Zone 5,41.8,Zone 4,62.4,Zone 5,59.2,Zone 5,65.1,Zone 5,62.8,Zone 5,67.1,Zone 5
Gujarat,Ahmedabad,Science City,31.3,2026-06-08,01:15:00,64.0,2026-06-07,01:15:00,2026-06-08 01:29:54,36.05000000000001,Zone 4,63.6,Zone 5,36.6,Zone 4,59.6,Zone 5,43.9,Zone 5,63.2,Zone 5,60.2,Zone 5,65.7,Zone 5,63.6,Zone 5,67.6,Zone 5
Gujarat,Amreli,Dhari Aws400,28.5,2026-06-08,01:15:00,89.0,2026-06-07,01:15:00,2026-06-08 01:29:54,34.650000000000034,Zone 4,65.1,Zone 5,34.7,Zone 4,61.4,Zone 5,53.1,Zone 5,64.7,Zone 5,62.0,Zone 5,67.0,Zone 5,65.1,Zone 5,68.8,Zone 5
Gujarat,Amreli,Rajula,29.9,2026-06-08,01:15:00,82.0,2026-06-07,01:15:00,2026-06-08 01:29:54,37.05000000000001,Zone 4,65.9,Zone 5,37.3,Zone 4,62.4,Zone 5,57.9,Zone 5,65.5,Zone 5,63.0,Zone 5,67.7,Zone 5,65.9,Zone 5,69.4,Zone 5
Gujarat,Anand,Khambhat Aws400,31.4,2026-06-08,01:15:00,60.0,2026-06-07,01:15:00,2026-06-08 01:29:54,35.450000000000045,Zone 4,62.4,Zone 5,35.6,Zone 4,56.2,Zone 5,41.8,Zone 4,62.0,Zone 5,58.3,Zone 5,64.8,Zone 5,62.4,Zone 5,66.8,Zone 5
Gujarat,Banaskantha,Ambaji Temple,30.2,2026-06-08,01:15:00,59.0,2026-06-07,01:15:00,2026-06-08 01:29:54,32.950000000000045,Zone 4,59.9,Zone 5,32.6,Zone 4,44.2,Zone 5,38.3,Zone 4,59.5,Zone 5,46.4,Zone 5,62.6,Zone 5,59.9,Zone 5,64.9,Zone 5
Gujarat,Banaskantha,Tharad Aws400,30.0,2026-06-08,01:15:00,62.0,2026-06-07,01:15:00,2026-06-08 01:29:54,33.05000000000001,Zone 4,60.7,Zone 5,33.0,Zone 4,48.1,Zone 5,39.0,Zone 4,60.3,Zone 5,50.4,Zone 5,63.3,Zone 5,60.7,Zone 5,65.5,Zone 5
Gujarat,Bharuch,Hansot Aws400,30.3,2026-06-08,01:00:00,86.0,2026-06-07,01:00:00,2026-06-08 01:29:54,41.950000000000045,Zone 5,67.8,Zone 5,44.4,Zone 5,64.7,Zone 5,61.4,Zone 5,67.4,Zone 5,65.2,Zone 5,69.3,Zone 5,67.8,Zone 5,70.7,Zone 5
Gujarat,Bhavnagar,Bhavnagar,31.0,2026-06-08,01:15:00,61.0,2026-06-07,01:15:00,2026-06-08 01:29:54,34.85000000000002,Zone 4,62.0,Zone 5,34.8,Zone 4,54.1,Zone 5,40.9,Zone 4,61.6,Zone 5,56.2,Zone 5,64.4,Zone 5,62.0,Zone 5,66.4,Zone 5
Gujarat,Bhavnagar,Talaja Aws400,30.4,2026-06-08,01:15:00,66.0,2026-06-07,01:15:00,2026-06-08 01:29:54,34.55000000000001,Zone 4,62.6,Zone 5,34.8,Zone 4,56.9,Zone 5,41.2,Zone 4,62.2,Zone 5,58.9,Zone 5,64.9,Zone 5,62.6,Zone 5,66.9,Zone 5
Gujarat,Dahod,Dahod Kvk,29.7,2026-06-08,01:15:00,56.0,2026-06-07,01:15:00,2026-06-08 01:29:54,31.650000000000034,Zone 4,56.7,Zone 5,31.3,Zone 4,41.5,Zone 4,36.8,Zone 4,55.3,Zone 5,42.0,Zone 4,61.3,Zone 5,56.7,Zone 5,63.8,Zone 5
Gujarat,Dang,Dang Kvk,30.0,2026-06-08,01:15:00,83.0,2026-06-07,01:15:00,2026-06-08 01:29:54,37.650000000000034,Zone 4,66.2,Zone 5,37.6,Zone 4,62.7,Zone 5,59.1,Zone 5,65.8,Zone 5,63.3,Zone 5,68.0,Zone 5,66.2,Zone 5,69.6,Zone 5
Gujarat,Gandhinagar,Gandhinagar,31.4,2026-06-08,01:15:00,55.0,2026-06-07,01:15:00,2026-06-08 01:29:54,34.450000000000045,Zone 4,61.0,Zone 5,34.6,Zone 4,49.3,Zone 5,40.4,Zone 4,60.6,Zone 5,51.6,Zone 5,63.5,Zone 5,61.0,Zone 5,65.7,Zone 5
Gujarat,Kachchh,Bachau Amfu,29.7,2026-06-08,01:15:00,75.0,2026-06-07,01:15:00,2026-06-08 01:29:54,34.85000000000002,Zone 4,63.4,Zone 5,34.3,Zone 4,59.4,Zone 5,42.8,Zone 5,63.0,Zone 5,59.9,Zone 5,65.5,Zone 5,63.4,Zone 5,67.5,Zone 5
Gujarat,Kachchh,Bhuj,,,,78.0,2026-06-07,01:15:00,2026-06-08 01:29:54,,,,,,,,,,,,,,,,,,,,
Gujarat,Kachchh,Kandla,29.9,2026-06-08,01:15:00,82.0,2026-06-07,01:15:00,2026-06-08 01:29:54,37.05000000000001,Zone 4,65.9,Zone 5,37.3,Zone 4,62.4,Zone 5,57.9,Zone 5,65.5,Zone 5,63.0,Zone 5,67.7,Zone 5,65.9,Zone 5,69.4,Zone 5
Gujarat,Kachchh,Mundra,29.7,2026-06-08,01:15:00,80.0,2026-06-07,01:15:00,2026-06-08 01:29:54,35.950000000000045,Zone 4,64.6,Zone 5,35.4,Zone 4,60.8,Zone 5,50.2,Zone 5,64.2,Zone 5,61.4,Zone 5,66.6,Zone 5,64.6,Zone 5,68.4,Zone 5
Gujarat,Mahesana,Jagudan,31.6,2026-06-08,00:45:00,61.0,2026-06-07,00:45:00,2026-06-08 01:29:54,36.05000000000001,Zone 4,62.7,Zone 5,35.8,Zone 4,57.5,Zone 5,42.1,Zone 4,62.3,Zone 5,59.1,Zone 5,65.0,Zone 5,62.7,Zone 5,67.0,Zone 5
Gujarat,Mahisagar,Lunavada,30.5,2026-06-08,01:15:00,67.0,2026-06-07,01:15:00,2026-06-08 01:29:54,34.950000000000045,Zone 4,62.8,Zone 5,35.0,Zone 4,58.1,Zone 5,41.5,Zone 4,62.4,Zone 5,59.3,Zone 5,65.1,Zone 5,62.8,Zone 5,67.1,Zone 5
Gujarat,Morbi,Halwad,30.0,2026-06-08,01:15:00,75.0,2026-06-07,01:15:00,2026-06-08 01:29:54,35.55000000000001,Zone 4,64.2,Zone 5,35.5,Zone 4,60.3,Zone 5,47.5,Zone 5,63.8,Zone 5,60.9,Zone 5,66.2,Zone 5,64.2,Zone 5,68.1,Zone 5
Gujarat,Patan,Patan,30.9,2026-06-08,01:15:00,65.0,2026-06-07,01:15:00,2026-06-08 01:29:54,35.450000000000045,Zone 4,63.1,Zone 5,35.7,Zone 4,59.0,Zone 5,42.1,Zone 4,62.7,Zone 5,59.6,Zone 5,65.3,Zone 5,63.1,Zone 5,67.3,Zone 5
Gujarat,Porbandar,Porbandar,29.1,2026-06-08,01:15:00,86.0,2026-06-07,01:15:00,2026-06-08 01:29:54,35.75,Zone 4,65.2,Zone 5,35.4,Zone 4,61.6,Zone 5,53.9,Zone 5,64.8,Zone 5,62.2,Zone 5,67.1,Zone 5,65.2,Zone 5,68.9,Zone 5
Gujarat,Sabarkantha,Bayad,30.9,2026-06-08,01:15:00,70.0,2026-06-07,01:15:00,2026-06-08 01:29:54,36.650000000000034,Zone 4,64.4,Zone 5,36.9,Zone 4,60.7,Zone 5,49.2,Zone 5,64.0,Zone 5,61.2,Zone 5,66.5,Zone 5,64.4,Zone 5,68.3,Zone 5
Gujarat,Sabarkantha,Himatnagar,30.4,2026-06-08,01:15:00,68.0,2026-06-07,01:15:00,2026-06-08 01:29:54,34.950000000000045,Zone 4,63.1,Zone 5,35.2,Zone 4,59.1,Zone 5,41.8,Zone 4,62.7,Zone 5,59.6,Zone 5,65.3,Zone 5,63.1,Zone 5,67.3,Zone 5
Gujarat,Surat,Surat Kvk,30.4,2026-06-08,01:15:00,,,,2026-06-08 01:29:54,,,,,,,,,,,,,,,,,,,,
Gujarat,Surendranagar,Surendranagar,30.0,2026-06-08,01:15:00,65.0,2026-06-07,01:15:00,2026-06-08 01:29:54,33.55000000000001,Zone 4,61.5,Zone 5,33.5,Zone 4,52.0,Zone 5,39.7,Zone 4,61.1,Zone 5,54.3,Zone 5,64.0,Zone 5,61.5,Zone 5,66.1,Zone 5
Gujarat,Vadodara,Vadodara Aws400,30.9,2026-06-08,01:15:00,71.0,2026-06-07,01:15:00,2026-06-08 01:29:54,36.85000000000002,Zone 4,64.7,Zone 5,37.1,Zone 4,61.0,Zone 5,50.8,Zone 5,64.3,Zone 5,61.5,Zone 5,66.7,Zone 5,64.7,Zone 5,68.5,Zone 5
Haryana,Bhiwani,Bhiwani,28.3,2026-06-08,01:15:00,56.0,2026-06-07,01:15:00,2026-06-08 01:29:54,29.55000000000001,Zone 4,51.1,Zone 5,29.8,Zone 4,39.7,Zone 4,35.2,Zone 4,49.6,Zone 5,40.2,Zone 4,60.1,Zone 5,51.1,Zone 5,62.7,Zone 5
Haryana,Charkhi Dadri,Revenue Office Aws400,29.5,2026-06-08,01:15:00,49.0,2026-06-07,01:15:00,2026-06-08 01:29:54,30.55000000000001,Zone 4,49.0,Zone 5,30.5,Zone 4,40.0,Zone 4,35.6,Zone 4,47.5,Zone 5,40.4,Zone 4,59.7,Zone 5,49.0,Zone 5,62.4,Zone 5
Haryana,Faridabad,Bopani,32.3,2026-06-08,01:15:00,51.0,2026-06-07,01:15:00,2026-06-08 01:29:54,35.25,Zone 4,61.2,Zone 5,35.6,Zone 4,50.4,Zone 5,41.3,Zone 4,60.8,Zone 5,52.7,Zone 5,63.7,Zone 5,61.2,Zone 5,65.9,Zone 5
Haryana,Gurgaon,Gurgaon,27.8,2026-06-08,01:15:00,74.0,2026-06-07,01:15:00,2026-06-08 01:29:54,30.650000000000034,Zone 4,60.7,Zone 5,31.0,Zone 4,48.1,Zone 5,37.4,Zone 4,60.3,Zone 5,50.4,Zone 5,63.3,Zone 5,60.7,Zone 5,65.5,Zone 5
Haryana,Gurgaon,Gurgaon Kvk,29.1,2026-06-08,01:15:00,11.0,2026-06-07,01:15:00,2026-06-08 01:29:54,27.150000000000034,Zone 4,37.6,Zone 4,27.0,Zone 4,34.3,Zone 4,30.8,Zone 4,37.6,Zone 4,34.3,Zone 4,40.8,Zone 4,37.6,Zone 4,43.8,Zone 4
Haryana,Gurgaon,Northcap University,28.5,2026-06-08,01:15:00,57.0,2026-06-07,01:15:00,2026-06-08 01:29:54,29.950000000000045,Zone 4,52.2,Zone 5,29.9,Zone 4,39.9,Zone 4,35.3,Zone 4,50.6,Zone 5,40.4,Zone 4,60.3,Zone 5,52.2,Zone 5,62.9,Zone 5
Haryana,Jhajjar,Jhajjar,28.6,2026-06-08,01:15:00,50.0,2026-06-07,01:15:00,2026-06-08 01:29:54,29.350000000000023,Zone 4,44.6,Zone 5,29.2,Zone 4,38.7,Zone 4,34.3,Zone 4,43.2,Zone 5,39.0,Zone 4,58.0,Zone 5,44.6,Zone 5,61.6,Zone 5
Haryana,Jind,Pandu Pindara,30.1,2026-06-08,01:15:00,50.0,2026-06-07,01:15:00,2026-06-08 01:29:54,31.55000000000001,Zone 4,52.9,Zone 5,31.4,Zone 4,41.0,Zone 4,36.6,Zone 4,51.4,Zone 5,41.5,Zone 4,60.5,Zone 5,52.9,Zone 5,63.1,Zone 5
Haryana,Kaithal,Kaithal,29.7,2026-06-08,01:15:00,54.0,2026-06-07,01:15:00,2026-06-08 01:29:54,31.350000000000023,Zone 4,54.6,Zone 5,31.1,Zone 4,41.0,Zone 4,36.5,Zone 4,53.1,Zone 5,41.5,Zone 4,60.8,Zone 5,54.6,Zone 5,63.4,Zone 5
Haryana,Kaithal,Kaul Amfu,29.7,2026-06-08,01:15:00,100.0,2026-06-07,01:15:00,2026-06-08 01:29:54,59.150000000000034,Zone 5,69.3,Zone 5,56.9,Zone 5,66.6,Zone 5,63.8,Zone 5,69.0,Zone 5,67.1,Zone 5,70.7,Zone 5,69.3,Zone 5,72.6,Zone 6
Haryana,Karnal,Indri Rest House,28.0,2026-06-08,01:15:00,,,,2026-06-08 01:29:54,,,,,,,,,,,,,,,,,,,,
Haryana,Karnal,Karnal,29.3,2026-06-08,01:15:00,,,,2026-06-08 01:29:54,,,,,,,,,,,,,,,,,,,,
Haryana,Karnal,Uchani,30.8,2026-06-08,01:15:00,72.0,2026-06-07,01:15:00,2026-06-08 01:29:54,36.85000000000002,Zone 4,65.0,Zone 5,37.4,Zone 4,61.3,Zone 5,52.4,Zone 5,64.6,Zone 5,61.9,Zone 5,66.9,Zone 5,65.0,Zone 5,68.7,Zone 5
Haryana,Kurukshetra,Pehowa,28.0,2026-06-08,01:15:00,,,,2026-06-08 01:29:54,,,,,,,,,,,,,,,,,,,,
Haryana,Mahendragarh,Mahendragarh Aws,25.4,2026-06-08,01:15:00,99.0,2026-06-07,01:15:00,2026-06-08 01:29:54,28.650000000000034,Zone 4,62.2,Zone 5,28.9,Zone 4,54.9,Zone 5,36.7,Zone 5,61.7,Zone 5,57.1,Zone 5,64.5,Zone 5,62.2,Zone 5,66.6,Zone 5
Haryana,Mewat,Mandkola,27.9,2026-06-08,01:15:00,18.0,2026-06-07,01:15:00,2026-06-08 01:29:54,26.450000000000045,Zone 4,37.6,Zone 4,26.5,Zone 4,34.1,Zone 4,30.5,Zone 4,37.6,Zone 4,34.2,Zone 4,40.9,Zone 4,37.6,Zone 4,44.1,Zone 4
Haryana,Mewat,Nuh,32.1,2026-06-08,01:15:00,,,,2026-06-08 01:29:54,,,,,,,,,,,,,,,,,,,,
Haryana,Palwal,Palwal Water Service Division,27.1,2026-06-08,01:15:00,,,,2026-06-08 01:29:54,,,,,,,,,,,,,,,,,,,,
Haryana,Rewari,Bawal,26.9,2026-06-08,01:15:00,65.0,2026-06-07,01:15:00,2026-06-08 01:29:54,28.25,Zone 4,51.5,Zone 5,28.4,Zone 4,38.8,Zone 4,34.0,Zone 4,49.9,Zone 5,39.2,Zone 4,60.2,Zone 5,51.5,Zone 5,62.8,Zone 5
Haryana,Rohtak,Canal Rest House,29.5,2026-06-08,01:15:00,43.0,2026-06-07,01:15:00,2026-06-08 01:29:54,29.850000000000023,Zone 4,43.5,Zone 4,29.9,Zone 4,38.9,Zone 4,34.7,Zone 4,43.2,Zone 4,39.3,Zone 4,56.1,Zone 5,43.5,Zone 4,61.1,Zone 5
Haryana,Rohtak,Rohtak,29.9,2026-06-08,01:15:00,45.0,2026-06-07,01:15:00,2026-06-08 01:29:54,30.650000000000034,Zone 4,47.0,Zone 5,30.8,Zone 4,40.0,Zone 4,35.7,Zone 4,45.6,Zone 5,40.4,Zone 4,59.3,Zone 5,47.0,Zone 5,62.0,Zone 5
Haryana,Sirsa,Canal Colony Village Ottu,29.6,2026-06-08,01:15:00,52.0,2026-06-07,01:15:00,2026-06-08 01:29:54,31.05000000000001,Zone 4,52.4,Zone 5,30.9,Zone 4,40.6,Zone 4,36.1,Zone 4,50.9,Zone 5,41.1,Zone 4,60.4,Zone 5,52.4,Zone 5,63.0,Zone 5
Haryana,Sirsa,Sirsa,30.9,2026-06-08,01:15:00,39.0,2026-06-07,01:15:00,2026-06-08 01:29:54,31.25,Zone 4,45.0,Zone 5,31.4,Zone 4,40.3,Zone 4,36.2,Zone 4,44.5,Zone 4,40.6,Zone 4,58.3,Zone 5,45.0,Zone 5,61.6,Zone 5
Haryana,Sonipat,Canal Resthouse Saragthal,27.7,2026-06-08,01:15:00,65.0,2026-06-07,01:15:00,2026-06-08 01:29:54,29.450000000000045,Zone 4,54.5,Zone 5,29.2,Zone 4,39.6,Zone 4,34.9,Zone 4,52.9,Zone 5,40.2,Zone 4,60.8,Zone 5,54.5,Zone 5,63.4,Zone 5
Haryana,Sonipat,Jagdishpur,28.5,2026-06-08,01:15:00,,,,2026-06-08 01:29:54,,,,,,,,,,,,,,,,,,,,
Haryana,Yamunanagar,Hathinkundberaj,26.4,2026-06-08,01:15:00,69.0,2026-06-07,01:15:00,2026-06-08 01:29:54,27.850000000000023,Zone 4,52.3,Zone 5,28.0,Zone 4,38.5,Zone 4,33.7,Zone 4,50.7,Zone 5,39.0,Zone 4,60.3,Zone 5,52.3,Zone 5,63.0,Zone 5
Himachal Pradesh,Bilaspur,Bilaspur Kvk,19.9,2026-06-08,01:15:00,75.0,2026-06-07,01:15:00,2026-06-08 01:29:54,20.25,Zone 3,34.5,Zone 4,20.3,Zone 3,29.8,Zone 4,25.4,Zone 4,34.3,Zone 4,30.1,Zone 4,38.5,Zone 4,34.5,Zone 4,50.3,Zone 5
Himachal Pradesh,Chamba,Dalhousialha,19.6,2026-06-08,00:30:00,34.0,2026-06-07,00:30:00,2026-06-08 01:29:54,17.55000000000001,Zone 3,31.3,Zone 4,17.5,Zone 3,27.7,Zone 4,23.9,Zone 3,31.3,Zone 4,27.7,Zone 4,34.8,Zone 4,31.3,Zone 4,38.1,Zone 4
Himachal Pradesh,Hamirpur,Hamirpur Neri,27.6,2026-06-08,01:15:00,32.0,2026-06-07,01:15:00,2026-06-08 01:29:54,26.950000000000045,Zone 4,39.0,Zone 4,26.8,Zone 4,35.0,Zone 4,31.2,Zone 4,38.8,Zone 4,35.2,Zone 4,42.5,Zone 4,39.0,Zone 4,51.2,Zone 5
Himachal Pradesh,Kinnaur,Kalpa,11.0,2026-06-08,00:30:00,34.0,2026-06-07,00:30:00,2026-06-08 01:29:54,8.850000000000023,Zone 2,24.8,Zone 3,8.8,Zone 2,22.1,Zone 3,16.8,Zone 3,24.9,Zone 3,21.9,Zone 3,28.1,Zone 4,24.8,Zone 3,31.3,Zone 4
Himachal Pradesh,Kinnaur,Pooh,14.1,2026-06-08,00:30:00,29.0,2026-06-07,00:30:00,2026-06-08 01:29:54,11.450000000000045,Zone 2,26.7,Zone 4,11.3,Zone 2,23.8,Zone 3,19.2,Zone 3,26.8,Zone 4,23.6,Zone 3,30.2,Zone 4,26.7,Zone 4,33.3,Zone 4
Himachal Pradesh,Kullu,Seobagh Amfu,,,,75.0,2026-06-07,01:15:00,2026-06-08 01:29:54,,,,,,,,,,,,,,,,,,,,
Himachal Pradesh,Lahaul And Spiti,Keylong,8.2,2026-06-08,00:30:00,99.0,2026-06-07,00:30:00,2026-06-08 01:29:54,8.150000000000034,Zone 2,24.0,Zone 3,8.0,Zone 2,21.1,Zone 3,15.8,Zone 3,24.1,Zone 3,21.0,Zone 3,26.9,Zone 4,24.0,Zone 3,30.4,Zone 4
Himachal Pradesh,Lahaul And Spiti,Tabo,10.5,2026-06-08,01:15:00,48.0,2026-06-07,01:15:00,2026-06-08 01:29:54,8.850000000000023,Zone 2,24.8,Zone 3,8.8,Zone 2,22.0,Zone 3,16.7,Zone 3,24.8,Zone 3,21.8,Zone 3,28.0,Zone 4,24.8,Zone 3,31.2,Zone 4
Himachal Pradesh,Mandi,Sundernagar,21.7,2026-06-08,00:30:00,,,,2026-06-08 01:29:54,,,,,,,,,,,,,,,,,,,,
Himachal Pradesh,Mandi,Sundernagar Kvk,20.7,2026-06-08,01:15:00,71.0,2026-06-07,01:15:00,2026-06-08 01:29:54,20.950000000000045,Zone 3,34.8,Zone 4,20.7,Zone 3,30.2,Zone 4,25.8,Zone 4,34.6,Zone 4,30.4,Zone 4,38.8,Zone 4,34.8,Zone 4,50.3,Zone 5
Himachal Pradesh,Shimla,Fagu,14.2,2026-06-08,00:30:00,,,,2026-06-08 01:29:54,,,,,,,,,,,,,,,,,,,,
Himachal Pradesh,Solan,Kasauli,22.3,2026-06-08,00:30:00,43.0,2026-06-07,00:30:00,2026-06-08 01:29:54,21.450000000000045,Zone 3,34.8,Zone 4,21.7,Zone 3,30.8,Zone 4,26.8,Zone 4,34.7,Zone 4,30.9,Zone 4,38.4,Zone 4,34.8,Zone 4,42.0,Zone 4
Jammu And Kashmir,Anantnag,Anantnag,11.6,2026-06-08,01:00:00,100.0,2026-06-07,01:00:00,2026-06-08 01:29:54,11.650000000000034,Zone 2,26.2,Zone 4,11.5,Zone 2,23.2,Zone 3,18.9,Zone 3,26.2,Zone 4,23.2,Zone 3,30.0,Zone 4,26.2,Zone 4,33.8,Zone 4
Jammu And Kashmir,Anantnag,Larnoo,17.2,2026-06-08,01:15:00,99.0,2026-06-07,01:15:00,2026-06-08 01:29:54,18.05000000000001,Zone 3,32.2,Zone 4,17.8,Zone 3,27.4,Zone 4,23.6,Zone 3,32.0,Zone 4,27.6,Zone 4,36.4,Zone 4,32.2,Zone 4,48.5,Zone 5
Jammu And Kashmir,Anantnag,Pahalgam,7.1,2026-06-08,01:00:00,100.0,2026-06-07,01:00:00,2026-06-08 01:29:54,7.050000000000011,Zone 2,23.6,Zone 3,7.0,Zone 2,20.5,Zone 3,14.9,Zone 3,23.6,Zone 3,20.3,Zone 3,26.1,Zone 4,23.6,Zone 3,29.5,Zone 4
Jammu And Kashmir,Badgam,Harran,13.8,2026-06-08,01:00:00,82.0,2026-06-07,01:00:00,2026-06-08 01:29:54,13.150000000000034,Zone 2,28.1,Zone 4,13.4,Zone 2,24.5,Zone 3,20.7,Zone 3,28.1,Zone 4,24.5,Zone 3,31.9,Zone 4,28.1,Zone 4,35.6,Zone 4
Jammu And Kashmir,Bandipora,Bandipora,13.8,2026-06-08,01:00:00,100.0,2026-06-07,01:00:00,2026-06-08 01:29:54,13.75,Zone 2,28.7,Zone 4,14.0,Zone 2,24.7,Zone 3,21.1,Zone 3,28.6,Zone 4,24.8,Zone 3,32.7,Zone 4,28.7,Zone 4,36.6,Zone 4
Jammu And Kashmir,Baramulla,Baramulla Amfu,,,,91.0,2026-06-07,01:15:00,2026-06-08 01:29:54,,,,,,,,,,,,,,,,,,,,
Jammu And Kashmir,Baramulla,Baramulla Kvk,14.7,2026-06-08,01:15:00,72.0,2026-06-07,01:15:00,2026-06-08 01:29:54,13.650000000000034,Zone 2,28.3,Zone 4,13.5,Zone 2,24.6,Zone 3,20.8,Zone 3,28.3,Zone 4,24.6,Zone 3,32.0,Zone 4,28.3,Zone 4,35.7,Zone 4
Jammu And Kashmir,Baramulla,Gulmarg,8.7,2026-06-08,01:15:00,58.0,2026-06-07,01:15:00,2026-06-08 01:29:54,7.4500000000000455,Zone 2,23.9,Zone 3,7.3,Zone 2,20.9,Zone 3,15.3,Zone 3,24.0,Zone 3,20.7,Zone 3,26.7,Zone 4,23.9,Zone 3,29.9,Zone 4
Jammu And Kashmir,Doda,Bhella,19.2,2026-06-08,01:15:00,54.0,2026-06-07,01:15:00,2026-06-08 01:29:54,18.25,Zone 3,31.9,Zone 4,18.0,Zone 3,27.9,Zone 4,24.0,Zone 3,31.9,Zone 4,28.0,Zone 4,35.6,Zone 4,31.9,Zone 4,39.2,Zone 4
Jammu And Kashmir,Ganderbal,Sonemarg,7.2,2026-06-08,01:15:00,99.0,2026-06-07,01:15:00,2026-06-08 01:29:54,7.150000000000034,Zone 2,23.5,Zone 3,7.0,Zone 2,20.5,Zone 3,14.9,Zone 3,23.6,Zone 3,20.3,Zone 3,26.1,Zone 4,23.5,Zone 3,29.5,Zone 4
Jammu And Kashmir,Jammu,Chatha Amfu,28.2,2026-06-08,01:15:00,72.0,2026-06-07,01:15:00,2026-06-08 01:29:54,31.150000000000034,Zone 4,60.3,Zone 5,30.8,Zone 4,45.7,Zone 5,37.0,Zone 4,59.9,Zone 5,48.0,Zone 5,62.9,Zone 5,60.3,Zone 5,65.2,Zone 5
Jammu And Kashmir,Jammu,Jammu,28.1,2026-06-08,01:15:00,41.0,2026-06-07,01:15:00,2026-06-08 01:29:54,28.05000000000001,Zone 4,41.0,Zone 4,27.9,Zone 4,36.7,Zone 4,32.6,Zone 4,40.8,Zone 4,36.9,Zone 4,47.6,Zone 5,41.0,Zone 4,59.3,Zone 5
Jammu And Kashmir,Kathua,Kathua Kvk,28.2,2026-06-08,01:15:00,18.0,2026-06-07,01:15:00,2026-06-08 01:29:54,26.75,Zone 4,37.6,Zone 4,26.5,Zone 4,34.1,Zone 4,30.5,Zone 4,37.6,Zone 4,34.2,Zone 4,40.9,Zone 4,37.6,Zone 4,44.1,Zone 4
Jammu And Kashmir,Kishtwar,Gulabgarh,8.8,2026-06-08,01:15:00,68.0,2026-06-07,01:15:00,2026-06-08 01:29:54,7.850000000000023,Zone 2,24.2,Zone 3,8.0,Zone 2,21.3,Zone 3,15.9,Zone 3,24.3,Zone 3,21.2,Zone 3,27.2,Zone 4,24.2,Zone 3,30.5,Zone 4
Jammu And Kashmir,Kishtwar,Kishtwar,16.2,2026-06-08,01:00:00,69.0,2026-06-07,01:00:00,2026-06-08 01:29:54,15.350000000000023,Zone 3,29.6,Zone 4,15.1,Zone 3,25.6,Zone 4,22.0,Zone 3,29.6,Zone 4,25.6,Zone 4,33.4,Zone 4,29.6,Zone 4,37.1,Zone 4
Jammu And Kashmir,Kulgam,Kulgam Amfu,14.8,2026-06-08,01:15:00,81.0,2026-06-07,01:15:00,2026-06-08 01:29:54,14.150000000000034,Zone 3,29.1,Zone 4,14.4,Zone 3,25.0,Zone 3,21.5,Zone 3,29.0,Zone 4,25.1,Zone 3,32.9,Zone 4,29.1,Zone 4,36.7,Zone 4
Jammu And Kashmir,Kupwara,Kupw Kvk,13.2,2026-06-08,01:15:00,86.0,2026-06-07,01:15:00,2026-06-08 01:29:54,12.75,Zone 2,27.3,Zone 4,12.5,Zone 2,24.0,Zone 3,19.9,Zone 3,27.2,Zone 4,24.0,Zone 3,31.1,Zone 4,27.3,Zone 4,34.8,Zone 4
Jammu And Kashmir,Poonch,Poonch,22.7,2026-06-08,01:15:00,37.0,2026-06-07,01:15:00,2026-06-08 01:29:54,21.55000000000001,Zone 3,34.3,Zone 4,21.3,Zone 3,30.5,Zone 4,26.5,Zone 4,34.2,Zone 4,30.5,Zone 4,37.8,Zone 4,34.3,Zone 4,41.3,Zone 4
Jammu And Kashmir,Poonch,Rajpura Mandi,15.8,2026-06-08,01:15:00,64.0,2026-06-07,01:15:00,2026-06-08 01:29:54,14.550000000000011,Zone 3,29.4,Zone 4,14.8,Zone 3,25.5,Zone 4,21.9,Zone 3,29.4,Zone 4,25.5,Zone 4,33.2,Zone 4,29.4,Zone 4,36.8,Zone 4
Jammu And Kashmir,Pulwama,Malangpura,10.9,2026-06-08,01:15:00,96.0,2026-06-07,01:15:00,2026-06-08 01:29:54,10.75,Zone 2,25.6,Zone 4,10.9,Zone 2,22.9,Zone 3,18.4,Zone 3,25.7,Zone 4,22.9,Zone 3,29.5,Zone 4,25.6,Zone 4,33.1,Zone 4
Jammu And Kashmir,Pulwama,Tral,13.4,2026-06-08,01:15:00,87.0,2026-06-07,01:15:00,2026-06-08 01:29:54,12.950000000000045,Zone 2,27.8,Zone 4,13.0,Zone 2,24.3,Zone 3,20.4,Zone 3,27.7,Zone 4,24.3,Zone 3,31.6,Zone 4,27.8,Zone 4,35.4,Zone 4
Jammu And Kashmir,Rajouri,Rajouri,19.7,2026-06-08,01:15:00,58.0,2026-06-07,01:15:00,2026-06-08 01:29:54,19.05000000000001,Zone 3,32.7,Zone 4,18.8,Zone 3,28.6,Zone 4,24.5,Zone 3,32.6,Zone 4,28.7,Zone 4,36.4,Zone 4,32.7,Zone 4,40.1,Zone 4
Jammu And Kashmir,Rajouri,Rajouri Arg,22.9,2026-06-08,01:15:00,52.0,2026-06-07,01:15:00,2026-06-08 01:29:54,22.650000000000034,Zone 3,36.2,Zone 4,22.8,Zone 3,31.9,Zone 4,27.7,Zone 4,36.0,Zone 4,32.1,Zone 4,39.9,Zone 4,36.2,Zone 4,49.2,Zone 5
Jammu And Kashmir,Ramban,Govindpura,27.6,2026-06-08,01:15:00,39.0,2026-06-07,01:15:00,2026-06-08 01:29:54,27.350000000000023,Zone 4,40.1,Zone 4,27.2,Zone 4,35.8,Zone 4,31.8,Zone 4,39.8,Zone 4,36.0,Zone 4,43.7,Zone 4,40.1,Zone 4,56.8,Zone 5
Jammu And Kashmir,Samba,Samba,22.5,2026-06-08,01:15:00,63.0,2026-06-07,01:15:00,2026-06-08 01:29:54,22.75,Zone 3,36.7,Zone 4,22.7,Zone 3,32.1,Zone 4,27.7,Zone 4,36.4,Zone 4,32.3,Zone 4,40.6,Zone 5,36.7,Zone 4,54.1,Zone 5
Jammu And Kashmir,Shopian,Shopian,9.9,2026-06-08,01:15:00,90.0,2026-06-07,01:15:00,2026-06-08 01:29:54,9.550000000000011,Zone 2,24.9,Zone 3,9.7,Zone 2,22.2,Zone 3,17.4,Zone 3,25.0,Zone 3,22.1,Zone 3,28.4,Zone 4,24.9,Zone 3,32.0,Zone 4
Jammu And Kashmir,Srinagar,Rambagh,16.4,2026-06-08,01:15:00,67.0,2026-06-07,01:15:00,2026-06-08 01:29:54,15.450000000000045,Zone 3,30.0,Zone 4,15.6,Zone 3,26.0,Zone 4,22.4,Zone 3,30.0,Zone 4,26.0,Zone 4,33.8,Zone 4,30.0,Zone 4,37.5,Zone 4
Jammu And Kashmir,Srinagar,Srinagar Amfu,13.9,2026-06-08,01:00:00,100.0,2026-06-07,01:00:00,2026-06-08 01:29:54,13.950000000000045,Zone 2,28.7,Zone 4,14.0,Zone 2,24.7,Zone 3,21.1,Zone 3,28.6,Zone 4,24.8,Zone 3,32.7,Zone 4,28.7,Zone 4,36.6,Zone 4
Jharkhand,Bokaro,Kv Bokaro,26.6,2026-06-08,01:15:00,100.0,2026-06-07,01:15:00,2026-06-08 01:29:54,31.55000000000001,Zone 4,64.1,Zone 5,31.3,Zone 4,60.2,Zone 5,47.0,Zone 5,63.7,Zone 5,60.8,Zone 5,66.2,Zone 5,64.1,Zone 5,68.0,Zone 5
Jharkhand,Deoghar,Deoghar Aws400,26.5,2026-06-08,01:15:00,100.0,2026-06-07,01:15:00,2026-06-08 01:29:54,31.350000000000023,Zone 4,64.1,Zone 5,31.3,Zone 4,60.2,Zone 5,47.0,Zone 5,63.7,Zone 5,60.8,Zone 5,66.2,Zone 5,64.1,Zone 5,68.0,Zone 5
Jharkhand,East Singhbhum,Bahragora,25.1,2026-06-08,01:15:00,100.0,2026-06-07,01:15:00,2026-06-08 01:29:54,28.150000000000034,Zone 4,61.5,Zone 5,28.0,Zone 4,51.8,Zone 5,35.2,Zone 4,61.1,Zone 5,54.1,Zone 5,64.0,Zone 5,61.5,Zone 5,66.1,Zone 5
Jharkhand,Gumla,Gumla-Bishnupur Kvk,24.1,2026-06-08,01:15:00,68.0,2026-06-07,01:15:00,2026-06-08 01:29:54,24.75,Zone 3,39.4,Zone 4,24.6,Zone 3,34.5,Zone 4,29.9,Zone 4,39.1,Zone 4,34.8,Zone 4,51.3,Zone 5,39.4,Zone 4,60.1,Zone 5
Jharkhand,Hazaribagh,Barhi,27.2,2026-06-08,01:15:00,59.0,2026-06-07,01:15:00,2026-06-08 01:29:54,28.25,Zone 4,45.5,Zone 5,28.0,Zone 4,37.8,Zone 4,33.3,Zone 4,44.1,Zone 5,38.2,Zone 4,58.7,Zone 5,45.5,Zone 5,61.7,Zone 5
Jharkhand,Khunti,Diyakel-Khunti Kvk,25.7,2026-06-08,01:15:00,,,,2026-06-08 01:29:54,,,,,,,,,,,,,,,,,,,,
Jharkhand,Kodarma,Kodarma,27.3,2026-06-08,01:15:00,100.0,2026-06-07,01:15:00,2026-06-08 01:29:54,33.55000000000001,Zone 4,65.8,Zone 5,34.1,Zone 4,62.3,Zone 5,57.3,Zone 5,65.4,Zone 5,62.9,Zone 5,67.7,Zone 5,65.8,Zone 5,69.3,Zone 5
Jharkhand,Latehar,Netarhat,25.3,2026-06-08,01:15:00,50.0,2026-06-07,01:15:00,2026-06-08 01:29:54,25.350000000000023,Zone 4,39.1,Zone 4,25.5,Zone 4,34.6,Zone 4,30.4,Zone 4,38.9,Zone 4,34.9,Zone 4,44.5,Zone 5,39.1,Zone 4,57.5,Zone 5
Jharkhand,Lohardaga,Lohardaga Kvk,25.8,2026-06-08,01:15:00,,,,2026-06-08 01:29:54,,,,,,,,,,,,,,,,,,,,
Jharkhand,Pakur,Pakur Kvk,25.8,2026-06-08,01:15:00,,,,2026-06-08 01:29:54,,,,,,,,,,,,,,,,,,,,
Jharkhand,Palamu,Palamu-Daltongunj Kvk,29.0,2026-06-08,00:45:00,46.0,2026-06-07,00:45:00,2026-06-08 01:29:54,29.55000000000001,Zone 4,43.4,Zone 4,29.5,Zone 4,38.7,Zone 4,34.5,Zone 4,43.1,Zone 4,39.1,Zone 4,56.7,Zone 5,43.4,Zone 4,61.2,Zone 5
Jharkhand,Ramgarh,Ramgarh Kvk,,,,100.0,2026-06-07,01:15:00,2026-06-08 01:29:54,,,,,,,,,,,,,,,,,,,,
Jharkhand,Saraikela,Saraikela,26.3,2026-06-08,01:15:00,100.0,2026-06-07,01:15:00,2026-06-08 01:29:54,30.850000000000023,Zone 4,64.1,Zone 5,31.3,Zone 4,60.2,Zone 5,47.0,Zone 5,63.7,Zone 5,60.8,Zone 5,66.2,Zone 5,64.1,Zone 5,68.0,Zone 5
Jharkhand,Simdega,Bano-Simdega Kvk,27.4,2026-06-08,01:15:00,72.0,2026-06-07,01:15:00,2026-06-08 01:29:54,29.75,Zone 4,59.5,Zone 5,29.9,Zone 4,42.2,Zone 5,36.0,Zone 4,59.1,Zone 5,44.3,Zone 5,62.2,Zone 5,59.5,Zone 5,64.6,Zone 5
Jharkhand,Simdega,Simdega,26.7,2026-06-08,01:15:00,100.0,2026-06-07,01:15:00,2026-06-08 01:29:54,31.850000000000023,Zone 4,64.1,Zone 5,31.3,Zone 4,60.2,Zone 5,47.0,Zone 5,63.7,Zone 5,60.8,Zone 5,66.2,Zone 5,64.1,Zone 5,68.0,Zone 5
Jharkhand,West Singhbhum,Jagannathpur-Bau Kvk,25.7,2026-06-08,01:15:00,,,,2026-06-08 01:29:54,,,,,,,,,,,,,,,,,,,,
Karnataka,Bagalkot,Bagalkot Kvk,22.6,2026-06-08,01:15:00,100.0,2026-06-07,01:15:00,2026-06-08 01:29:54,24.350000000000023,Zone 3,52.5,Zone 5,24.3,Zone 3,35.4,Zone 4,30.1,Zone 4,50.9,Zone 5,36.0,Zone 4,60.4,Zone 5,52.5,Zone 5,63.0,Zone 5
Karnataka,Bangalore Rural,Doddaballapura,22.6,2026-06-08,01:15:00,100.0,2026-06-07,01:15:00,2026-06-08 01:29:54,24.350000000000023,Zone 3,52.5,Zone 5,24.3,Zone 3,35.4,Zone 4,30.1,Zone 4,50.9,Zone 5,36.0,Zone 4,60.4,Zone 5,52.5,Zone 5,63.0,Zone 5
Karnataka,Bangalore Urban,Bangalore,22.5,2026-06-08,01:15:00,86.0,2026-06-07,01:15:00,2026-06-08 01:29:54,23.75,Zone 3,42.0,Zone 5,23.7,Zone 3,34.0,Zone 4,29.1,Zone 4,40.7,Zone 5,34.4,Zone 4,55.9,Zone 5,42.0,Zone 5,61.1,Zone 5
Karnataka,Bangalore Urban,Electronic City(Nice),22.6,2026-06-08,01:15:00,83.0,2026-06-07,01:15:00,2026-06-08 01:29:54,23.75,Zone 3,39.9,Zone 5,23.6,Zone 3,33.7,Zone 4,28.9,Zone 4,38.7,Zone 5,34.1,Zone 4,54.0,Zone 5,39.9,Zone 5,60.6,Zone 5
Karnataka,Bangalore Urban,Gopal Nagar,22.7,2026-06-08,01:15:00,92.0,2026-06-07,01:15:00,2026-06-08 01:29:54,24.150000000000034,Zone 3,46.4,Zone 5,24.0,Zone 3,34.6,Zone 4,29.5,Zone 4,44.9,Zone 5,35.0,Zone 4,59.1,Zone 5,46.4,Zone 5,61.9,Zone 5
Karnataka,Bangalore Urban,Madhavara(Nice),22.5,2026-06-08,01:15:00,91.0,2026-06-07,01:15:00,2026-06-08 01:29:54,23.950000000000045,Zone 3,45.7,Zone 5,23.9,Zone 3,34.5,Zone 4,29.4,Zone 4,44.2,Zone 5,34.9,Zone 4,58.8,Zone 5,45.7,Zone 5,61.8,Zone 5
Karnataka,Bellary,Hagari Kvk,26.0,2026-06-08,01:15:00,84.0,2026-06-07,01:15:00,2026-06-08 01:29:54,28.450000000000045,Zone 4,59.8,Zone 5,28.4,Zone 4,43.8,Zone 5,34.9,Zone 4,59.4,Zone 5,46.0,Zone 5,62.5,Zone 5,59.8,Zone 5,64.9,Zone 5
Karnataka,Bijapur,Tidagundi Amfu,23.5,2026-06-08,01:15:00,91.0,2026-06-07,01:15:00,2026-06-08 01:29:54,24.950000000000045,Zone 3,52.3,Zone 5,25.0,Zone 3,36.2,Zone 4,31.0,Zone 4,50.7,Zone 5,36.8,Zone 4,60.3,Zone 5,52.3,Zone 5,62.9,Zone 5
Karnataka,Dakshina Kannada,Mangaluru,25.9,2026-06-08,01:15:00,100.0,2026-06-07,01:15:00,2026-06-08 01:29:54,29.850000000000023,Zone 4,63.2,Zone 5,30.1,Zone 4,59.2,Zone 5,42.0,Zone 5,62.8,Zone 5,59.8,Zone 5,65.4,Zone 5,63.2,Zone 5,67.4,Zone 5
Karnataka,Dharwad,Mugad,23.7,2026-06-08,01:15:00,96.0,2026-06-07,01:15:00,2026-06-08 01:29:54,25.450000000000045,Zone 4,56.1,Zone 5,25.1,Zone 3,36.9,Zone 5,31.5,Zone 4,54.6,Zone 5,38.8,Zone 5,61.1,Zone 5,56.1,Zone 5,63.7,Zone 5
Karnataka,Gadag,Gadag,23.7,2026-06-08,01:15:00,95.0,2026-06-07,01:15:00,2026-06-08 01:29:54,25.350000000000023,Zone 4,55.4,Zone 5,25.1,Zone 3,36.8,Zone 4,31.4,Zone 4,53.8,Zone 5,38.0,Zone 5,61.0,Zone 5,55.4,Zone 5,63.5,Zone 5
Karnataka,Gulbarga,Gulbarga,23.7,2026-06-08,00:30:00,93.0,2026-06-07,00:30:00,2026-06-08 01:29:54,25.25,Zone 3,53.8,Zone 5,25.0,Zone 3,36.5,Zone 4,31.2,Zone 4,52.3,Zone 5,37.1,Zone 4,60.7,Zone 5,53.8,Zone 5,63.2,Zone 5
Karnataka,Gulbarga,Raddewadgi,23.8,2026-06-08,01:15:00,95.0,2026-06-07,01:15:00,2026-06-08 01:29:54,25.55000000000001,Zone 4,58.4,Zone 5,25.8,Zone 4,39.4,Zone 5,32.4,Zone 4,57.0,Zone 5,41.4,Zone 5,61.7,Zone 5,58.4,Zone 5,64.1,Zone 5
Karnataka,Hassan,Hassan,21.4,2026-06-08,01:15:00,100.0,2026-06-07,01:15:00,2026-06-08 01:29:54,23.05000000000001,Zone 3,45.7,Zone 5,23.2,Zone 3,33.6,Zone 4,28.5,Zone 4,44.3,Zone 5,34.1,Zone 4,58.9,Zone 5,45.7,Zone 5,61.8,Zone 5
Karnataka,Kolar,Kgf (Kolar),24.5,2026-06-08,00:45:00,66.0,2026-06-07,00:45:00,2026-06-08 01:29:54,25.150000000000034,Zone 3,39.9,Zone 4,25.1,Zone 3,35.0,Zone 4,30.4,Zone 4,39.6,Zone 4,35.3,Zone 4,52.3,Zone 5,39.9,Zone 4,60.3,Zone 5
Karnataka,Koppal,Koppal,28.8,2026-06-08,01:15:00,83.0,2026-06-07,01:15:00,2026-06-08 01:29:54,34.25,Zone 4,64.5,Zone 5,34.7,Zone 4,60.7,Zone 5,49.6,Zone 5,64.1,Zone 5,61.3,Zone 5,66.5,Zone 5,64.5,Zone 5,68.3,Zone 5
Karnataka,Mandya,Mandya Kvk,23.2,2026-06-08,01:15:00,91.0,2026-06-07,01:15:00,2026-06-08 01:29:54,24.650000000000034,Zone 3,49.0,Zone 5,24.5,Zone 3,35.3,Zone 4,30.2,Zone 4,47.4,Zone 5,35.8,Zone 4,59.6,Zone 5,49.0,Zone 5,62.3,Zone 5
Karnataka,Ramanagara,Chandurayanghalli Kvk,21.0,2026-06-08,01:15:00,100.0,2026-06-07,01:15:00,2026-06-08 01:29:54,22.650000000000034,Zone 3,42.5,Zone 5,22.6,Zone 3,32.8,Zone 4,27.7,Zone 4,41.2,Zone 5,33.3,Zone 4,56.3,Zone 5,42.5,Zone 5,61.2,Zone 5
Karnataka,Tumkur,Chikkanakalli,22.8,2026-06-08,01:15:00,98.0,2026-06-07,01:15:00,2026-06-08 01:29:54,24.450000000000045,Zone 3,54.3,Zone 5,24.7,Zone 3,36.2,Zone 4,30.8,Zone 4,52.8,Zone 5,37.0,Zone 5,60.8,Zone 5,54.3,Zone 5,63.3,Zone 5
Kerala,Alappuzha,Karumadi,26.9,2026-06-08,01:15:00,,,,2026-06-08 01:29:54,,,,,,,,,,,,,,,,,,,,
Kerala,Alappuzha,Kayamkulam,25.8,2026-06-08,01:15:00,100.0,2026-06-07,01:15:00,2026-06-08 01:29:54,29.650000000000034,Zone 4,63.2,Zone 5,30.1,Zone 4,59.2,Zone 5,42.0,Zone 5,62.8,Zone 5,59.8,Zone 5,65.4,Zone 5,63.2,Zone 5,67.4,Zone 5
Kerala,Alappuzha,Nooranad,25.5,2026-06-08,01:15:00,92.0,2026-06-07,01:15:00,2026-06-08 01:29:54,28.25,Zone 4,60.7,Zone 5,28.2,Zone 4,48.0,Zone 5,35.1,Zone 4,60.3,Zone 5,50.3,Zone 5,63.3,Zone 5,60.7,Zone 5,65.5,Zone 5
Kerala,Alappuzha,Thycattussery,26.4,2026-06-08,01:15:00,100.0,2026-06-07,01:15:00,2026-06-08 01:29:54,31.05000000000001,Zone 4,64.1,Zone 5,31.3,Zone 4,60.2,Zone 5,47.0,Zone 5,63.7,Zone 5,60.8,Zone 5,66.2,Zone 5,64.1,Zone 5,68.0,Zone 5
Kerala,Ernakulam,Aluva,24.2,2026-06-08,01:15:00,100.0,2026-06-07,01:15:00,2026-06-08 01:29:54,26.450000000000045,Zone 4,59.8,Zone 5,26.1,Zone 4,43.6,Zone 5,32.9,Zone 4,59.4,Zone 5,45.9,Zone 5,62.5,Zone 5,59.8,Zone 5,64.8,Zone 5
Kerala,Ernakulam,Boat Jetty Kgov,26.1,2026-06-08,01:15:00,100.0,2026-06-07,01:15:00,2026-06-08 01:29:54,30.350000000000023,Zone 4,63.2,Zone 5,30.1,Zone 4,59.2,Zone 5,42.0,Zone 5,62.8,Zone 5,59.8,Zone 5,65.4,Zone 5,63.2,Zone 5,67.4,Zone 5
Kerala,Ernakulam,Choondi,25.9,2026-06-08,01:15:00,,,,2026-06-08 01:29:54,,,,,,,,,,,,,,,,,,,,
Kerala,Ernakulam,Dhground Kgov,26.2,2026-06-08,01:15:00,100.0,2026-06-07,01:15:00,2026-06-08 01:29:54,30.55000000000001,Zone 4,63.2,Zone 5,30.1,Zone 4,59.2,Zone 5,42.0,Zone 5,62.8,Zone 5,59.8,Zone 5,65.4,Zone 5,63.2,Zone 5,67.4,Zone 5
Kerala,Ernakulam,Kadavanthra Kgov,26.0,2026-06-08,01:15:00,100.0,2026-06-07,01:15:00,2026-06-08 01:29:54,30.150000000000034,Zone 4,63.2,Zone 5,30.1,Zone 4,59.2,Zone 5,42.0,Zone 5,62.8,Zone 5,59.8,Zone 5,65.4,Zone 5,63.2,Zone 5,67.4,Zone 5
Kerala,Ernakulam,Kalamassery,23.4,2026-06-08,01:15:00,89.0,2026-06-07,01:15:00,2026-06-08 01:29:54,24.850000000000023,Zone 3,50.7,Zone 5,24.9,Zone 3,36.0,Zone 4,30.9,Zone 4,49.1,Zone 5,36.5,Zone 4,60.0,Zone 5,50.7,Zone 5,62.7,Zone 5
Kerala,Ernakulam,Koothattukulam,25.6,2026-06-08,01:15:00,100.0,2026-06-07,01:15:00,2026-06-08 01:29:54,29.25,Zone 4,62.4,Zone 5,29.0,Zone 4,55.9,Zone 5,37.6,Zone 5,62.0,Zone 5,58.0,Zone 5,64.7,Zone 5,62.4,Zone 5,66.7,Zone 5
Kerala,Ernakulam,Odakkali,25.5,2026-06-08,01:15:00,100.0,2026-06-07,01:15:00,2026-06-08 01:29:54,29.05000000000001,Zone 4,62.4,Zone 5,29.0,Zone 4,55.9,Zone 5,37.6,Zone 5,62.0,Zone 5,58.0,Zone 5,64.7,Zone 5,62.4,Zone 5,66.7,Zone 5
Kerala,Ernakulam,Palluruthy,28.1,2026-06-08,01:15:00,100.0,2026-06-07,01:15:00,2026-06-08 01:29:54,38.25,Zone 5,66.7,Zone 5,37.1,Zone 5,63.4,Zone 5,59.8,Zone 5,66.3,Zone 5,63.9,Zone 5,68.4,Zone 5,66.7,Zone 5,70.0,Zone 5
Kerala,Idukki,Ayyappankovil,22.4,2026-06-08,01:15:00,100.0,2026-06-07,01:15:00,2026-06-08 01:29:54,24.150000000000034,Zone 3,52.5,Zone 5,24.3,Zone 3,35.4,Zone 4,30.1,Zone 4,50.9,Zone 5,36.0,Zone 4,60.4,Zone 5,52.5,Zone 5,63.0,Zone 5
Kerala,Idukki,Cheruthoni,23.1,2026-06-08,01:15:00,99.0,2026-06-07,01:15:00,2026-06-08 01:29:54,24.850000000000023,Zone 3,55.1,Zone 5,24.7,Zone 3,36.3,Zone 4,30.9,Zone 4,53.5,Zone 5,37.7,Zone 5,60.9,Zone 5,55.1,Zone 5,63.5,Zone 5
Kerala,Idukki,Kovilkadavu,21.2,2026-06-08,01:15:00,100.0,2026-06-07,01:15:00,2026-06-08 01:29:54,22.850000000000023,Zone 3,42.5,Zone 5,22.6,Zone 3,32.8,Zone 4,27.7,Zone 4,41.2,Zone 5,33.3,Zone 4,56.3,Zone 5,42.5,Zone 5,61.2,Zone 5
Kerala,Idukki,Kundala Dam,17.2,2026-06-08,01:15:00,100.0,2026-06-07,01:15:00,2026-06-08 01:29:54,18.05000000000001,Zone 3,32.2,Zone 4,17.8,Zone 3,27.4,Zone 4,23.6,Zone 3,32.0,Zone 4,27.6,Zone 4,36.4,Zone 4,32.2,Zone 4,48.9,Zone 5
Kerala,Idukki,Munnar,18.0,2026-06-08,01:15:00,100.0,2026-06-07,01:15:00,2026-06-08 01:29:54,19.05000000000001,Zone 3,33.6,Zone 4,19.1,Zone 3,28.6,Zone 4,24.4,Zone 3,33.3,Zone 4,28.9,Zone 4,40.2,Zone 5,33.6,Zone 4,53.7,Zone 5
Kerala,Idukki,Pampadumpara,20.5,2026-06-08,01:15:00,100.0,2026-06-07,01:15:00,2026-06-08 01:29:54,22.05000000000001,Zone 3,39.6,Zone 5,22.0,Zone 3,32.0,Zone 4,27.0,Zone 4,38.4,Zone 5,32.4,Zone 4,53.6,Zone 5,39.6,Zone 5,60.6,Zone 5
Kerala,Idukki,Sengulam Dam,21.9,2026-06-08,01:15:00,,,,2026-06-08 01:29:54,,,,,,,,,,,,,,,,,,,,
Kerala,Idukki,Vattavada,18.0,2026-06-08,01:00:00,100.0,2026-06-07,01:00:00,2026-06-08 01:29:54,19.05000000000001,Zone 3,33.6,Zone 4,19.1,Zone 3,28.6,Zone 4,24.4,Zone 3,33.3,Zone 4,28.9,Zone 4,40.2,Zone 5,33.6,Zone 4,53.7,Zone 5
Kerala,Idukki,Vellathooval,23.2,2026-06-08,01:00:00,100.0,2026-06-07,01:00:00,2026-06-08 01:29:54,24.950000000000045,Zone 3,55.8,Zone 5,24.8,Zone 3,36.7,Zone 5,31.0,Zone 4,54.3,Zone 5,38.5,Zone 5,61.1,Zone 5,55.8,Zone 5,63.6,Zone 5
Kerala,Kannur,Aralam,25.1,2026-06-08,01:15:00,100.0,2026-06-07,01:15:00,2026-06-08 01:29:54,28.150000000000034,Zone 4,61.5,Zone 5,28.0,Zone 4,51.8,Zone 5,35.2,Zone 4,61.1,Zone 5,54.1,Zone 5,64.0,Zone 5,61.5,Zone 5,66.1,Zone 5
Kerala,Kannur,Ayyankunnu,24.9,2026-06-08,00:45:00,100.0,2026-06-07,00:45:00,2026-06-08 01:29:54,27.75,Zone 4,61.5,Zone 5,28.0,Zone 4,51.8,Zone 5,35.2,Zone 4,61.1,Zone 5,54.1,Zone 5,64.0,Zone 5,61.5,Zone 5,66.1,Zone 5
Kerala,Kannur,Chemberi,25.8,2026-06-08,00:30:00,99.0,2026-06-07,00:30:00,2026-06-08 01:29:54,29.55000000000001,Zone 4,63.0,Zone 5,30.0,Zone 4,58.7,Zone 5,40.9,Zone 5,62.6,Zone 5,59.5,Zone 5,65.2,Zone 5,63.0,Zone 5,67.2,Zone 5
Kerala,Kannur,Cheruvanchery,24.9,2026-06-08,01:15:00,100.0,2026-06-07,01:15:00,2026-06-08 01:29:54,27.75,Zone 4,61.5,Zone 5,28.0,Zone 4,51.8,Zone 5,35.2,Zone 4,61.1,Zone 5,54.1,Zone 5,64.0,Zone 5,61.5,Zone 5,66.1,Zone 5
Kerala,Kannur,Peringome,25.4,2026-06-08,01:15:00,100.0,2026-06-07,01:15:00,2026-06-08 01:29:54,28.75,Zone 4,62.4,Zone 5,29.0,Zone 4,55.9,Zone 5,37.6,Zone 5,62.0,Zone 5,58.0,Zone 5,64.7,Zone 5,62.4,Zone 5,66.7,Zone 5
Kerala,Kannur,Pinarayi,,,,100.0,2026-06-07,05:15:00,2026-06-08 01:29:54,,,,,,,,,,,,,,,,,,,,
Kerala,Kasaragod,Kudlu Afmu,,,,100.0,2026-06-07,01:15:00,2026-06-08 01:29:54,,,,,,,,,,,,,,,,,,,,
Kerala,Kasaragod,Muliyar,25.7,2026-06-08,01:15:00,100.0,2026-06-07,01:15:00,2026-06-08 01:29:54,29.450000000000045,Zone 4,62.4,Zone 5,29.0,Zone 4,55.9,Zone 5,37.6,Zone 5,62.0,Zone 5,58.0,Zone 5,64.7,Zone 5,62.4,Zone 5,66.7,Zone 5
Kerala,Kasaragod,Padannakkad,25.8,2026-06-08,01:15:00,100.0,2026-06-07,01:15:00,2026-06-08 01:29:54,29.650000000000034,Zone 4,63.2,Zone 5,30.1,Zone 4,59.2,Zone 5,42.0,Zone 5,62.8,Zone 5,59.8,Zone 5,65.4,Zone 5,63.2,Zone 5,67.4,Zone 5
Kerala,Kasaragod,Panathur,24.9,2026-06-08,01:15:00,100.0,2026-06-07,01:15:00,2026-06-08 01:29:54,27.75,Zone 4,61.5,Zone 5,28.0,Zone 4,51.8,Zone 5,35.2,Zone 4,61.1,Zone 5,54.1,Zone 5,64.0,Zone 5,61.5,Zone 5,66.1,Zone 5
Kerala,Kollam,Chavara,26.0,2026-06-08,01:15:00,100.0,2026-06-07,01:15:00,2026-06-08 01:29:54,30.150000000000034,Zone 4,63.2,Zone 5,30.1,Zone 4,59.2,Zone 5,42.0,Zone 5,62.8,Zone 5,59.8,Zone 5,65.4,Zone 5,63.2,Zone 5,67.4,Zone 5
Kerala,Kollam,Karuvelil Tkmit,25.0,2026-06-08,01:15:00,88.0,2026-06-07,01:15:00,2026-06-08 01:29:54,27.05000000000001,Zone 4,59.1,Zone 5,27.0,Zone 4,40.4,Zone 5,33.5,Zone 4,57.8,Zone 5,42.4,Zone 5,61.9,Zone 5,59.1,Zone 5,64.3,Zone 5
Kerala,Kollam,Parippally,25.4,2026-06-08,00:45:00,100.0,2026-06-07,00:45:00,2026-06-08 01:29:54,28.75,Zone 4,62.4,Zone 5,29.0,Zone 4,55.9,Zone 5,37.6,Zone 5,62.0,Zone 5,58.0,Zone 5,64.7,Zone 5,62.4,Zone 5,66.7,Zone 5
Kerala,Kollam,Punalur,24.6,2026-06-08,01:15:00,100.0,2026-06-07,01:15:00,2026-06-08 01:29:54,27.25,Zone 4,60.7,Zone 5,27.0,Zone 4,47.6,Zone 5,34.0,Zone 4,60.2,Zone 5,50.0,Zone 5,63.2,Zone 5,60.7,Zone 5,65.5,Zone 5
Kerala,Kottayam,Kottayam,25.4,2026-06-08,00:45:00,100.0,2026-06-07,00:45:00,2026-06-08 01:29:54,28.75,Zone 4,62.4,Zone 5,29.0,Zone 4,55.9,Zone 5,37.6,Zone 5,62.0,Zone 5,58.0,Zone 5,64.7,Zone 5,62.4,Zone 5,66.7,Zone 5
Kerala,Kottayam,Vadavathoor,25.4,2026-06-08,01:00:00,100.0,2026-06-07,01:00:00,2026-06-08 01:29:54,28.75,Zone 4,62.4,Zone 5,29.0,Zone 4,55.9,Zone 5,37.6,Zone 5,62.0,Zone 5,58.0,Zone 5,64.7,Zone 5,62.4,Zone 5,66.7,Zone 5
Kerala,Kottayam,Vaikkom,26.1,2026-06-08,01:15:00,100.0,2026-06-07,01:15:00,2026-06-08 01:29:54,30.350000000000023,Zone 4,63.2,Zone 5,30.1,Zone 4,59.2,Zone 5,42.0,Zone 5,62.8,Zone 5,59.8,Zone 5,65.4,Zone 5,63.2,Zone 5,67.4,Zone 5
Kerala,Kozhikode,Kunnamangalam,25.7,2026-06-08,01:15:00,100.0,2026-06-07,01:15:00,2026-06-08 01:29:54,29.450000000000045,Zone 4,62.4,Zone 5,29.0,Zone 4,55.9,Zone 5,37.6,Zone 5,62.0,Zone 5,58.0,Zone 5,64.7,Zone 5,62.4,Zone 5,66.7,Zone 5
Kerala,Kozhikode,Urumi,24.5,2026-06-08,01:15:00,100.0,2026-06-07,01:15:00,2026-06-08 01:29:54,27.05000000000001,Zone 4,60.7,Zone 5,27.0,Zone 4,47.6,Zone 5,34.0,Zone 4,60.2,Zone 5,50.0,Zone 5,63.2,Zone 5,60.7,Zone 5,65.5,Zone 5
Kerala,Kozhikode,Vadakara,25.7,2026-06-08,01:15:00,100.0,2026-06-07,01:15:00,2026-06-08 01:29:54,29.450000000000045,Zone 4,62.4,Zone 5,29.0,Zone 4,55.9,Zone 5,37.6,Zone 5,62.0,Zone 5,58.0,Zone 5,64.7,Zone 5,62.4,Zone 5,66.7,Zone 5
Kerala,Kozhikode,Vilangad,24.6,2026-06-08,01:15:00,100.0,2026-06-07,01:15:00,2026-06-08 01:29:54,27.25,Zone 4,60.7,Zone 5,27.0,Zone 4,47.6,Zone 5,34.0,Zone 4,60.2,Zone 5,50.0,Zone 5,63.2,Zone 5,60.7,Zone 5,65.5,Zone 5
Kerala,Malappuram,Nilambur,25.9,2026-06-08,00:45:00,100.0,2026-06-07,00:45:00,2026-06-08 01:29:54,29.850000000000023,Zone 4,63.2,Zone 5,30.1,Zone 4,59.2,Zone 5,42.0,Zone 5,62.8,Zone 5,59.8,Zone 5,65.4,Zone 5,63.2,Zone 5,67.4,Zone 5
Kerala,Malappuram,Palemad,25.8,2026-06-08,01:15:00,100.0,2026-06-07,01:15:00,2026-06-08 01:29:54,29.650000000000034,Zone 4,63.2,Zone 5,30.1,Zone 4,59.2,Zone 5,42.0,Zone 5,62.8,Zone 5,59.8,Zone 5,65.4,Zone 5,63.2,Zone 5,67.4,Zone 5
Kerala,Malappuram,Thennala,26.0,2026-06-08,01:00:00,100.0,2026-06-07,01:00:00,2026-06-08 01:29:54,30.150000000000034,Zone 4,63.2,Zone 5,30.1,Zone 4,59.2,Zone 5,42.0,Zone 5,62.8,Zone 5,59.8,Zone 5,65.4,Zone 5,63.2,Zone 5,67.4,Zone 5
Kerala,Palakkad,Kollengode,25.4,2026-06-08,01:15:00,100.0,2026-06-07,01:15:00,2026-06-08 01:29:54,28.75,Zone 4,62.4,Zone 5,29.0,Zone 4,55.9,Zone 5,37.6,Zone 5,62.0,Zone 5,58.0,Zone 5,64.7,Zone 5,62.4,Zone 5,66.7,Zone 5
Kerala,Palakkad,Malampuzha Dam,25.3,2026-06-08,01:15:00,100.0,2026-06-07,01:15:00,2026-06-08 01:29:54,28.55000000000001,Zone 4,62.4,Zone 5,29.0,Zone 4,55.9,Zone 5,37.6,Zone 5,62.0,Zone 5,58.0,Zone 5,64.7,Zone 5,62.4,Zone 5,66.7,Zone 5
Kerala,Palakkad,Mangalam Dam,25.9,2026-06-08,01:15:00,100.0,2026-06-07,01:15:00,2026-06-08 01:29:54,29.850000000000023,Zone 4,63.2,Zone 5,30.1,Zone 4,59.2,Zone 5,42.0,Zone 5,62.8,Zone 5,59.8,Zone 5,65.4,Zone 5,63.2,Zone 5,67.4,Zone 5
Kerala,Palakkad,Mankara,26.8,2026-06-08,01:15:00,93.0,2026-06-07,01:15:00,2026-06-08 01:29:54,31.05000000000001,Zone 4,63.4,Zone 5,31.5,Zone 4,59.5,Zone 5,43.3,Zone 5,63.0,Zone 5,60.0,Zone 5,65.6,Zone 5,63.4,Zone 5,67.5,Zone 5
Kerala,Palakkad,Mannarkkad,25.8,2026-06-08,01:00:00,100.0,2026-06-07,01:00:00,2026-06-08 01:29:54,29.650000000000034,Zone 4,63.2,Zone 5,30.1,Zone 4,59.2,Zone 5,42.0,Zone 5,62.8,Zone 5,59.8,Zone 5,65.4,Zone 5,63.2,Zone 5,67.4,Zone 5
Kerala,Palakkad,Ottapalam,25.4,2026-06-08,00:45:00,100.0,2026-06-07,00:45:00,2026-06-08 01:29:54,28.75,Zone 4,62.4,Zone 5,29.0,Zone 4,55.9,Zone 5,37.6,Zone 5,62.0,Zone 5,58.0,Zone 5,64.7,Zone 5,62.4,Zone 5,66.7,Zone 5
Kerala,Palakkad,Pothundy Dam,25.3,2026-06-08,01:15:00,100.0,2026-06-07,01:15:00,2026-06-08 01:29:54,28.55000000000001,Zone 4,62.4,Zone 5,29.0,Zone 4,55.9,Zone 5,37.6,Zone 5,62.0,Zone 5,58.0,Zone 5,64.7,Zone 5,62.4,Zone 5,66.7,Zone 5
Kerala,Palakkad,Vannamada,24.9,2026-06-08,01:00:00,100.0,2026-06-07,01:00:00,2026-06-08 01:29:54,27.75,Zone 4,61.5,Zone 5,28.0,Zone 4,51.8,Zone 5,35.2,Zone 4,61.1,Zone 5,54.1,Zone 5,64.0,Zone 5,61.5,Zone 5,66.1,Zone 5
Kerala,Pathanamthitta,Konni,23.8,2026-06-08,01:15:00,98.0,2026-06-07,01:15:00,2026-06-08 01:29:54,25.650000000000034,Zone 4,59.4,Zone 5,26.0,Zone 4,41.9,Zone 5,32.7,Zone 4,59.0,Zone 5,44.1,Zone 5,62.2,Zone 5,59.4,Zone 5,64.6,Zone 5
Kerala,Pathanamthitta,Pathanamthitta,25.0,2026-06-08,01:15:00,100.0,2026-06-07,01:15:00,2026-06-08 01:29:54,27.950000000000045,Zone 4,61.5,Zone 5,28.0,Zone 4,51.8,Zone 5,35.2,Zone 4,61.1,Zone 5,54.1,Zone 5,64.0,Zone 5,61.5,Zone 5,66.1,Zone 5
Kerala,Pathanamthitta,Thiruvalla Kallunkal,28.6,2026-06-08,01:15:00,100.0,2026-06-07,01:15:00,2026-06-08 01:29:54,44.450000000000045,Zone 5,67.6,Zone 5,43.1,Zone 5,64.5,Zone 5,61.2,Zone 5,67.2,Zone 5,65.0,Zone 5,69.2,Zone 5,67.6,Zone 5,70.6,Zone 5
Kerala,Pathanamthitta,Ulanadu,24.9,2026-06-08,01:15:00,88.0,2026-06-07,01:15:00,2026-06-08 01:29:54,26.850000000000023,Zone 4,59.1,Zone 5,27.0,Zone 4,40.4,Zone 5,33.5,Zone 4,57.8,Zone 5,42.4,Zone 5,61.9,Zone 5,59.1,Zone 5,64.3,Zone 5
Kerala,Pathanamthitta,Venkurinji,24.9,2026-06-08,01:15:00,100.0,2026-06-07,01:15:00,2026-06-08 01:29:54,27.75,Zone 4,61.5,Zone 5,28.0,Zone 4,51.8,Zone 5,35.2,Zone 4,61.1,Zone 5,54.1,Zone 5,64.0,Zone 5,61.5,Zone 5,66.1,Zone 5
Kerala,Thiruvananthapuram,Pirappancode,25.9,2026-06-08,01:15:00,100.0,2026-06-07,01:15:00,2026-06-08 01:29:54,29.850000000000023,Zone 4,63.2,Zone 5,30.1,Zone 4,59.2,Zone 5,42.0,Zone 5,62.8,Zone 5,59.8,Zone 5,65.4,Zone 5,63.2,Zone 5,67.4,Zone 5
Kerala,Thiruvananthapuram,Ponmudi,21.4,2026-06-08,01:15:00,100.0,2026-06-07,01:15:00,2026-06-08 01:29:54,23.05000000000001,Zone 3,45.7,Zone 5,23.2,Zone 3,33.6,Zone 4,28.5,Zone 4,44.3,Zone 5,34.1,Zone 4,58.9,Zone 5,45.7,Zone 5,61.8,Zone 5
Kerala,Thiruvananthapuram,Thattathumala,25.8,2026-06-08,01:15:00,100.0,2026-06-07,01:15:00,2026-06-08 01:29:54,29.650000000000034,Zone 4,63.2,Zone 5,30.1,Zone 4,59.2,Zone 5,42.0,Zone 5,62.8,Zone 5,59.8,Zone 5,65.4,Zone 5,63.2,Zone 5,67.4,Zone 5
Kerala,Thiruvananthapuram,Thiruvananthapuram,25.8,2026-06-08,01:15:00,81.0,2026-06-07,01:15:00,2026-06-08 01:29:54,27.850000000000023,Zone 4,59.2,Zone 5,28.2,Zone 4,40.9,Zone 5,34.5,Zone 4,58.2,Zone 5,43.0,Zone 5,62.0,Zone 5,59.2,Zone 5,64.4,Zone 5
Kerala,Thiruvananthapuram,Varkala,26.3,2026-06-08,01:15:00,100.0,2026-06-07,01:15:00,2026-06-08 01:29:54,30.850000000000023,Zone 4,64.1,Zone 5,31.3,Zone 4,60.2,Zone 5,47.0,Zone 5,63.7,Zone 5,60.8,Zone 5,66.2,Zone 5,64.1,Zone 5,68.0,Zone 5
Kerala,Thrissur,Athirappilly,25.3,2026-06-08,01:15:00,100.0,2026-06-07,01:15:00,2026-06-08 01:29:54,28.55000000000001,Zone 4,62.4,Zone 5,29.0,Zone 4,55.9,Zone 5,37.6,Zone 5,62.0,Zone 5,58.0,Zone 5,64.7,Zone 5,62.4,Zone 5,66.7,Zone 5
Kerala,Thrissur,Kunnamkulam,25.8,2026-06-08,01:15:00,100.0,2026-06-07,01:15:00,2026-06-08 01:29:54,29.650000000000034,Zone 4,63.2,Zone 5,30.1,Zone 4,59.2,Zone 5,42.0,Zone 5,62.8,Zone 5,59.8,Zone 5,65.4,Zone 5,63.2,Zone 5,67.4,Zone 5
Kerala,Thrissur,Lower Sholayar,22.3,2026-06-08,01:15:00,100.0,2026-06-07,01:15:00,2026-06-08 01:29:54,24.05000000000001,Zone 3,52.5,Zone 5,24.3,Zone 3,35.4,Zone 4,30.1,Zone 4,50.9,Zone 5,36.0,Zone 4,60.4,Zone 5,52.5,Zone 5,63.0,Zone 5
Kerala,Thrissur,Munakkal,26.4,2026-06-08,01:15:00,54.0,2026-06-07,01:15:00,2026-06-08 01:29:54,26.850000000000023,Zone 4,41.1,Zone 4,27.0,Zone 4,36.4,Zone 4,32.0,Zone 4,40.8,Zone 4,36.7,Zone 4,52.5,Zone 5,41.1,Zone 4,60.3,Zone 5
Kerala,Thrissur,Peechi,25.9,2026-06-08,00:45:00,100.0,2026-06-07,00:45:00,2026-06-08 01:29:54,29.850000000000023,Zone 4,63.2,Zone 5,30.1,Zone 4,59.2,Zone 5,42.0,Zone 5,62.8,Zone 5,59.8,Zone 5,65.4,Zone 5,63.2,Zone 5,67.4,Zone 5
Kerala,Thrissur,Vilangankunnu,,,,99.0,2026-06-07,01:15:00,2026-06-08 01:29:54,,,,,,,,,,,,,,,,,,,,
Kerala,Wayanad,Kabanigiri,22.1,2026-06-08,01:15:00,100.0,2026-06-07,01:15:00,2026-06-08 01:29:54,23.850000000000023,Zone 3,49.1,Zone 5,23.7,Zone 3,34.5,Zone 4,29.3,Zone 4,47.5,Zone 5,35.0,Zone 4,59.7,Zone 5,49.1,Zone 5,62.4,Zone 5
Kerala,Wayanad,Kalpeta,21.9,2026-06-08,01:00:00,100.0,2026-06-07,01:00:00,2026-06-08 01:29:54,23.650000000000034,Zone 3,49.1,Zone 5,23.7,Zone 3,34.5,Zone 4,29.3,Zone 4,47.5,Zone 5,35.0,Zone 4,59.7,Zone 5,49.1,Zone 5,62.4,Zone 5
Kerala,Wayanad,Padamala,21.6,2026-06-08,01:15:00,100.0,2026-06-07,01:15:00,2026-06-08 01:29:54,23.25,Zone 3,45.7,Zone 5,23.2,Zone 3,33.6,Zone 4,28.5,Zone 4,44.3,Zone 5,34.1,Zone 4,58.9,Zone 5,45.7,Zone 5,61.8,Zone 5
Kerala,Wayanad,Padinjarathara Dam,24.4,2026-06-08,00:45:00,,,,2026-06-08 01:29:54,,,,,,,,,,,,,,,,,,,,
Ladakh,Kargil,Dras,5.4,2026-06-08,01:15:00,72.0,2026-06-07,01:15:00,2026-06-08 01:29:54,4.650000000000034,Zone 2,22.5,Zone 3,4.8,Zone 2,19.2,Zone 3,13.2,Zone 2,22.7,Zone 3,18.9,Zone 3,24.9,Zone 3,22.5,Zone 3,27.9,Zone 4
Ladakh,Kargil,Garkon,17.6,2026-06-08,01:15:00,29.0,2026-06-07,01:15:00,2026-06-08 01:29:54,14.850000000000023,Zone 3,29.4,Zone 4,14.7,Zone 3,26.0,Zone 4,22.1,Zone 3,29.5,Zone 4,25.9,Zone 4,32.9,Zone 4,29.4,Zone 4,36.1,Zone 4
Ladakh,Kargil,Kargil,12.2,2026-06-08,01:15:00,35.0,2026-06-07,01:15:00,2026-06-08 01:29:54,9.950000000000045,Zone 2,25.4,Zone 4,9.8,Zone 2,22.7,Zone 3,17.7,Zone 3,25.5,Zone 4,22.5,Zone 3,28.8,Zone 4,25.4,Zone 4,32.0,Zone 4
Ladakh,Kargil,Padum Kvk,9.2,2026-06-08,01:15:00,38.0,2026-06-07,01:15:00,2026-06-08 01:29:54,7.25,Zone 2,23.9,Zone 3,7.1,Zone 2,20.9,Zone 3,15.2,Zone 3,24.1,Zone 3,20.7,Zone 3,26.7,Zone 4,23.9,Zone 3,29.9,Zone 4
Ladakh,Leh,Leh Amfu,10.1,2026-06-08,01:15:00,46.0,2026-06-07,01:15:00,2026-06-08 01:29:54,8.350000000000023,Zone 2,24.5,Zone 3,8.3,Zone 2,21.6,Zone 3,16.2,Zone 3,24.6,Zone 3,21.5,Zone 3,27.6,Zone 4,24.5,Zone 3,30.8,Zone 4
Ladakh,Leh,Mc Leh,9.1,2026-06-08,01:15:00,27.0,2026-06-07,01:15:00,2026-06-08 01:29:54,6.850000000000023,Zone 2,23.8,Zone 3,6.8,Zone 2,20.8,Zone 3,14.9,Zone 3,24.0,Zone 3,20.5,Zone 3,26.6,Zone 4,23.8,Zone 3,29.7,Zone 4
Ladakh,Leh,Nubra Hunder,11.4,2026-06-08,01:00:00,36.0,2026-06-07,01:00:00,2026-06-08 01:29:54,9.25,Zone 2,25.1,Zone 3,9.3,Zone 2,22.4,Zone 3,17.3,Zone 3,25.2,Zone 3,22.2,Zone 3,28.5,Zone 4,25.1,Zone 3,31.7,Zone 4
Ladakh,Leh,Nyoma Kvk,10.3,2026-06-08,01:15:00,23.0,2026-06-07,01:15:00,2026-06-08 01:29:54,7.75,Zone 2,24.5,Zone 3,8.0,Zone 2,21.6,Zone 3,16.0,Zone 3,24.6,Zone 3,21.4,Zone 3,27.5,Zone 4,24.5,Zone 3,30.6,Zone 4
Ladakh,Leh,Tangtse Durbuk,7.7,2026-06-08,01:15:00,32.0,2026-06-07,01:15:00,2026-06-08 01:29:54,5.75,Zone 2,23.1,Zone 3,5.6,Zone 2,19.9,Zone 3,13.8,Zone 2,23.3,Zone 3,19.6,Zone 3,25.6,Zone 4,23.1,Zone 3,28.7,Zone 4
Ladakh,Leh,Upshi,12.5,2026-06-08,01:15:00,29.0,2026-06-07,01:15:00,2026-06-08 01:29:54,9.950000000000045,Zone 2,25.6,Zone 4,10.0,Zone 2,22.9,Zone 3,17.9,Zone 3,25.8,Zone 4,22.7,Zone 3,29.1,Zone 4,25.6,Zone 4,32.2,Zone 4
Madhya Pradesh,Agar,Agar Malwa,30.2,2026-06-08,01:15:00,55.0,2026-06-07,01:15:00,2026-06-08 01:29:54,32.35000000000002,Zone 4,58.3,Zone 5,32.0,Zone 4,42.1,Zone 4,37.5,Zone 4,56.9,Zone 5,42.7,Zone 4,61.7,Zone 5,58.3,Zone 5,64.1,Zone 5
Madhya Pradesh,Ashoknagar,Aonwari Kvk,31.3,2026-06-08,01:15:00,37.0,2026-06-07,01:15:00,2026-06-08 01:29:54,31.55000000000001,Zone 4,45.1,Zone 4,31.8,Zone 4,40.6,Zone 4,36.5,Zone 4,44.8,Zone 4,40.9,Zone 4,58.3,Zone 5,45.1,Zone 4,61.6,Zone 5
Madhya Pradesh,Barwani,Talun Kvk,31.0,2026-06-08,01:15:00,47.0,2026-06-07,01:15:00,2026-06-08 01:29:54,32.450000000000045,Zone 4,54.9,Zone 5,32.4,Zone 4,42.0,Zone 4,37.6,Zone 4,53.4,Zone 5,42.5,Zone 4,60.9,Zone 5,54.9,Zone 5,63.4,Zone 5
Madhya Pradesh,Betul,Betul,,,,67.0,2026-06-07,01:15:00,2026-06-08 01:29:54,,,,,,,,,,,,,,,,,,,,
Madhya Pradesh,Bhopal,Berasia,29.1,2026-06-08,01:15:00,56.0,2026-06-07,01:15:00,2026-06-08 01:29:54,30.75,Zone 4,54.0,Zone 5,30.6,Zone 4,40.6,Zone 4,36.0,Zone 4,52.4,Zone 5,41.0,Zone 4,60.7,Zone 5,54.0,Zone 5,63.3,Zone 5
Madhya Pradesh,Bhopal,Islamnagar,28.3,2026-06-08,01:15:00,63.0,2026-06-07,01:15:00,2026-06-08 01:29:54,30.25,Zone 4,58.2,Zone 5,30.6,Zone 4,41.1,Zone 4,36.3,Zone 4,56.7,Zone 5,41.7,Zone 4,61.6,Zone 5,58.2,Zone 5,64.1,Zone 5
Madhya Pradesh,Bhopal ,Bhopal,30.4,2026-06-08,01:15:00,50.0,2026-06-07,01:15:00,2026-06-08 01:29:54,31.950000000000045,Zone 4,55.7,Zone 5,32.1,Zone 4,41.9,Zone 4,37.4,Zone 4,54.2,Zone 5,42.3,Zone 4,61.1,Zone 5,55.7,Zone 5,63.6,Zone 5
Madhya Pradesh,Datia,Datia,31.2,2026-06-08,01:15:00,43.0,2026-06-07,01:15:00,2026-06-08 01:29:54,32.150000000000034,Zone 4,50.0,Zone 5,31.9,Zone 4,41.1,Zone 4,36.9,Zone 4,48.5,Zone 5,41.5,Zone 4,59.9,Zone 5,50.0,Zone 5,62.5,Zone 5
Madhya Pradesh,Dewas,Kannod,27.4,2026-06-08,01:15:00,89.0,2026-06-07,01:15:00,2026-06-08 01:29:54,31.850000000000023,Zone 4,63.4,Zone 5,32.1,Zone 4,59.4,Zone 5,43.1,Zone 5,63.0,Zone 5,60.0,Zone 5,65.6,Zone 5,63.4,Zone 5,67.5,Zone 5
Madhya Pradesh,Dhar,Dhar,28.4,2026-06-08,01:15:00,61.0,2026-06-07,01:15:00,2026-06-08 01:29:54,30.150000000000034,Zone 4,56.3,Zone 5,30.3,Zone 4,40.7,Zone 4,36.0,Zone 4,54.8,Zone 5,41.2,Zone 4,61.2,Zone 5,56.3,Zone 5,63.7,Zone 5
Madhya Pradesh,Hoshangabad,Hoshangabad Amfu,25.8,2026-06-08,01:15:00,83.0,2026-06-07,01:15:00,2026-06-08 01:29:54,28.05000000000001,Zone 4,59.6,Zone 5,28.3,Zone 4,42.8,Zone 5,34.7,Zone 4,59.2,Zone 5,45.0,Zone 5,62.4,Zone 5,59.6,Zone 5,64.7,Zone 5
Madhya Pradesh,Hoshangabad,Pachmarhi Aec,27.0,2026-06-08,01:15:00,63.0,2026-06-07,01:15:00,2026-06-08 01:29:54,28.25,Zone 4,49.5,Zone 5,28.3,Zone 4,38.4,Zone 4,33.8,Zone 4,48.0,Zone 5,38.9,Zone 4,59.8,Zone 5,49.5,Zone 5,62.4,Zone 5
Madhya Pradesh,Mandsaur,Mandsour,29.9,2026-06-08,01:15:00,59.0,2026-06-07,01:15:00,2026-06-08 01:29:54,32.450000000000045,Zone 4,59.9,Zone 5,32.6,Zone 4,44.2,Zone 5,38.3,Zone 4,59.5,Zone 5,46.4,Zone 5,62.6,Zone 5,59.9,Zone 5,64.9,Zone 5
Madhya Pradesh,Neemuch,Marukheda Kvk,30.4,2026-06-08,01:15:00,63.0,2026-06-07,01:15:00,2026-06-08 01:29:54,33.950000000000045,Zone 4,61.8,Zone 5,34.2,Zone 4,53.1,Zone 5,40.3,Zone 4,61.4,Zone 5,55.3,Zone 5,64.2,Zone 5,61.8,Zone 5,66.3,Zone 5
Madhya Pradesh,Niwari,Prithvipur,30.9,2026-06-08,01:15:00,34.0,2026-06-07,01:15:00,2026-06-08 01:29:54,30.75,Zone 4,43.7,Zone 4,30.8,Zone 4,39.3,Zone 4,35.4,Zone 4,43.4,Zone 4,39.6,Zone 4,53.3,Zone 5,43.7,Zone 4,60.5,Zone 5
Madhya Pradesh,Rajgarh,Rajgarh Kvk,28.9,2026-06-08,01:15:00,53.0,2026-06-07,01:15:00,2026-06-08 01:29:54,30.05000000000001,Zone 4,50.7,Zone 5,30.2,Zone 4,40.0,Zone 4,35.5,Zone 4,49.2,Zone 5,40.4,Zone 4,60.0,Zone 5,50.7,Zone 5,62.7,Zone 5
Madhya Pradesh,Sagar,Khurai,29.9,2026-06-08,01:15:00,51.0,2026-06-07,01:15:00,2026-06-08 01:29:54,31.350000000000023,Zone 4,54.1,Zone 5,31.5,Zone 4,41.2,Zone 4,36.8,Zone 4,52.6,Zone 5,41.7,Zone 4,60.7,Zone 5,54.1,Zone 5,63.3,Zone 5
Madhya Pradesh,Sagar,Sagar,27.7,2026-06-08,01:15:00,54.0,2026-06-07,01:15:00,2026-06-08 01:29:54,28.55000000000001,Zone 4,43.3,Zone 5,28.2,Zone 4,37.8,Zone 4,33.4,Zone 4,42.4,Zone 4,38.2,Zone 4,57.0,Zone 5,43.3,Zone 5,61.3,Zone 5
Madhya Pradesh,Satna,Satna,28.1,2026-06-08,01:15:00,54.0,2026-06-07,01:15:00,2026-06-08 01:29:54,29.05000000000001,Zone 4,46.1,Zone 5,28.9,Zone 4,38.6,Zone 4,34.1,Zone 4,44.6,Zone 5,39.0,Zone 4,59.0,Zone 5,46.1,Zone 5,61.8,Zone 5
Madhya Pradesh,Sehore,Ahmadpur Iitm,26.4,2026-06-08,01:15:00,67.0,2026-06-07,01:15:00,2026-06-08 01:29:54,27.75,Zone 4,50.4,Zone 5,27.8,Zone 4,38.2,Zone 4,33.5,Zone 4,48.8,Zone 5,38.7,Zone 4,59.9,Zone 5,50.4,Zone 5,62.6,Zone 5
Madhya Pradesh,Sehore,Bhairunda,27.1,2026-06-08,01:15:00,,,,2026-06-08 01:29:54,,,,,,,,,,,,,,,,,,,,
Madhya Pradesh,Shahdol,Kalyanpur Kvk,27.2,2026-06-08,01:15:00,49.0,2026-06-07,01:15:00,2026-06-08 01:29:54,27.55000000000001,Zone 4,41.0,Zone 4,27.3,Zone 4,36.4,Zone 4,32.2,Zone 4,40.7,Zone 4,36.7,Zone 4,50.4,Zone 5,41.0,Zone 4,59.9,Zone 5
Madhya Pradesh,Shajapur,Shajapur,29.4,2026-06-08,01:15:00,61.0,2026-06-07,01:15:00,2026-06-08 01:29:54,31.850000000000023,Zone 4,59.7,Zone 5,32.0,Zone 4,43.3,Zone 5,37.8,Zone 4,59.3,Zone 5,45.5,Zone 5,62.4,Zone 5,59.7,Zone 5,64.8,Zone 5
Madhya Pradesh,Sheopur,Sheopur,,,,77.0,2026-06-07,01:15:00,2026-06-08 01:29:54,,,,,,,,,,,,,,,,,,,,
Madhya Pradesh,Shivpuri,Shivpuri,30.7,2026-06-08,01:15:00,46.0,2026-06-07,01:15:00,2026-06-08 01:29:54,31.850000000000023,Zone 4,51.0,Zone 5,31.6,Zone 4,41.0,Zone 4,36.7,Zone 4,49.5,Zone 5,41.4,Zone 4,60.1,Zone 5,51.0,Zone 5,62.7,Zone 5
Madhya Pradesh,Sidhi,Rampur Naikin,27.1,2026-06-08,01:15:00,65.0,2026-06-07,01:15:00,2026-06-08 01:29:54,28.55000000000001,Zone 4,51.5,Zone 5,28.4,Zone 4,38.8,Zone 4,34.0,Zone 4,49.9,Zone 5,39.2,Zone 4,60.2,Zone 5,51.5,Zone 5,62.8,Zone 5
Madhya Pradesh,Sidhi,Sidhi,29.3,2026-06-08,01:15:00,53.0,2026-06-07,01:15:00,2026-06-08 01:29:54,30.650000000000034,Zone 4,53.5,Zone 5,31.0,Zone 4,40.8,Zone 4,36.3,Zone 4,52.0,Zone 5,41.3,Zone 4,60.6,Zone 5,53.5,Zone 5,63.2,Zone 5
Madhya Pradesh,Ujjain,Vikram Vv Ujjain,29.4,2026-06-08,01:15:00,58.0,2026-06-07,01:15:00,2026-06-08 01:29:54,31.450000000000045,Zone 4,58.7,Zone 5,31.6,Zone 4,41.9,Zone 4,37.2,Zone 4,57.3,Zone 5,42.5,Zone 4,61.8,Zone 5,58.7,Zone 5,64.2,Zone 5
Madhya Pradesh,Vidisha,Kurwai,27.9,2026-06-08,01:15:00,91.0,2026-06-07,01:15:00,2026-06-08 01:29:54,33.450000000000045,Zone 4,64.7,Zone 5,33.7,Zone 4,61.0,Zone 5,50.8,Zone 5,64.3,Zone 5,61.5,Zone 5,66.7,Zone 5,64.7,Zone 5,68.5,Zone 5
Madhya Pradesh,Vidisha,Lateri,,,,51.0,2026-06-07,01:15:00,2026-06-08 01:29:54,,,,,,,,,,,,,,,,,,,,
Madhya Pradesh,Vidisha,Vidisha,28.1,2026-06-08,01:15:00,63.0,2026-06-07,01:15:00,2026-06-08 01:29:54,29.950000000000045,Zone 4,55.4,Zone 5,29.8,Zone 4,40.2,Zone 4,35.4,Zone 4,53.9,Zone 5,40.7,Zone 4,61.0,Zone 5,55.4,Zone 5,63.5,Zone 5
Maharashtra,Ahilyanagar,Ahilyanagar,27.1,2026-06-08,01:15:00,73.0,2026-06-07,01:15:00,2026-06-08 01:29:54,29.350000000000023,Zone 4,58.8,Zone 5,29.1,Zone 4,40.2,Zone 4,35.2,Zone 4,57.4,Zone 5,41.9,Zone 5,61.8,Zone 5,58.8,Zone 5,64.2,Zone 5
Maharashtra,Beed,Beed Pto,23.9,2026-06-08,01:15:00,89.0,2026-06-07,01:15:00,2026-06-08 01:29:54,25.350000000000023,Zone 4,53.9,Zone 5,25.5,Zone 4,36.9,Zone 4,31.7,Zone 4,52.4,Zone 5,37.5,Zone 4,60.7,Zone 5,53.9,Zone 5,63.3,Zone 5
Maharashtra,Chandrapur,Chandrapur Aws400,34.0,2026-06-08,01:15:00,38.0,2026-06-07,01:15:00,2026-06-08 01:29:54,35.450000000000045,Zone 4,58.9,Zone 5,35.5,Zone 4,44.6,Zone 4,40.4,Zone 4,57.5,Zone 5,45.1,Zone 4,61.8,Zone 5,58.9,Zone 5,64.2,Zone 5
Maharashtra,Dhule,Dhule,31.3,2026-06-08,01:15:00,65.0,2026-06-07,01:15:00,2026-06-08 01:29:54,36.35000000000002,Zone 4,63.8,Zone 5,36.8,Zone 4,59.9,Zone 5,45.6,Zone 5,63.4,Zone 5,60.5,Zone 5,66.0,Zone 5,63.8,Zone 5,67.8,Zone 5
Maharashtra,Gondia,Tiroda,,,,54.0,2026-06-07,01:15:00,2026-06-08 01:29:54,,,,,,,,,,,,,,,,,,,,
Maharashtra,Hingoli,Hingoli,29.3,2026-06-08,01:15:00,80.0,2026-06-07,01:15:00,2026-06-08 01:29:54,34.85000000000002,Zone 4,64.6,Zone 5,35.4,Zone 4,60.8,Zone 5,50.2,Zone 5,64.2,Zone 5,61.4,Zone 5,66.6,Zone 5,64.6,Zone 5,68.4,Zone 5
Maharashtra,Hingoli,Tondapur Aws400,26.3,2026-06-08,01:15:00,76.0,2026-06-07,01:15:00,2026-06-08 01:29:54,28.25,Zone 4,58.5,Zone 5,28.6,Zone 4,39.8,Zone 4,34.7,Zone 4,57.1,Zone 5,41.5,Zone 5,61.7,Zone 5,58.5,Zone 5,64.1,Zone 5
Maharashtra,Kolhapur,Radhanagri Ars,23.2,2026-06-08,01:15:00,100.0,2026-06-07,01:15:00,2026-06-08 01:29:54,24.950000000000045,Zone 3,55.8,Zone 5,24.8,Zone 3,36.7,Zone 5,31.0,Zone 4,54.3,Zone 5,38.5,Zone 5,61.1,Zone 5,55.8,Zone 5,63.6,Zone 5
Maharashtra,Mumbai Suburban,Bandra,30.9,2026-06-08,01:15:00,,,,2026-06-08 01:29:54,,,,,,,,,,,,,,,,,,,,
Maharashtra,Mumbai Suburban,Dahisar,30.5,2026-06-08,01:15:00,,,,2026-06-08 01:29:54,,,,,,,,,,,,,,,,,,,,
Maharashtra,Mumbai Suburban,Juhu Airport,36.6,2026-06-08,01:15:00,89.0,2026-06-07,01:15:00,2026-06-08 01:29:54,78.85000000000002,Zone 6,87.2,Zone 6,78.5,Zone 6,83.6,Zone 6,81.4,Zone 6,86.5,Zone 6,84.3,Zone 6,89.4,Zone 6,87.2,Zone 6,92.2,Zone 6
Maharashtra,Mumbai Suburban,Ram Mandir,30.4,2026-06-08,01:15:00,,,,2026-06-08 01:29:54,,,,,,,,,,,,,,,,,,,,
Maharashtra,Mumbai Suburban,Tata Power Chembur,30.5,2026-06-08,01:15:00,35.0,2026-06-07,01:15:00,2026-06-08 01:29:54,30.350000000000023,Zone 4,43.2,Zone 4,30.3,Zone 4,38.9,Zone 4,34.9,Zone 4,42.9,Zone 4,39.2,Zone 4,52.3,Zone 5,43.2,Zone 4,60.3,Zone 5
Maharashtra,Mumbai Suburban,Vidyavihar,30.8,2026-06-08,01:15:00,77.0,2026-06-07,01:15:00,2026-06-08 01:29:54,38.25,Zone 4,66.3,Zone 5,38.9,Zone 4,62.9,Zone 5,59.2,Zone 5,65.9,Zone 5,63.4,Zone 5,68.1,Zone 5,66.3,Zone 5,69.7,Zone 5
Maharashtra,Mumbai Suburban,Vikhroli,30.9,2026-06-08,01:15:00,70.0,2026-06-07,01:15:00,2026-06-08 01:29:54,36.650000000000034,Zone 4,64.4,Zone 5,36.9,Zone 4,60.7,Zone 5,49.2,Zone 5,64.0,Zone 5,61.2,Zone 5,66.5,Zone 5,64.4,Zone 5,68.3,Zone 5
Maharashtra,Mumbai City,Byculla Mumbai,31.7,2026-06-08,01:15:00,,,,2026-06-08 01:29:54,,,,,,,,,,,,,,,,,,,,
Maharashtra,Mumbai City,Mahalaxmi,30.9,2026-06-08,01:15:00,,,,2026-06-08 01:29:54,,,,,,,,,,,,,,,,,,,,
Maharashtra,Mumbai City,Mumbai Santa Cruz,30.7,2026-06-08,01:15:00,100.0,2026-06-07,01:15:00,2026-06-08 01:29:54,62.650000000000034,Zone 5,71.1,Zone 5,62.0,Zone 5,68.8,Zone 5,66.5,Zone 5,70.8,Zone 5,69.3,Zone 5,73.1,Zone 6,71.1,Zone 5,76.0,Zone 6
Maharashtra,Nagpur,Nagpur,33.1,2026-06-08,01:15:00,51.0,2026-06-07,01:15:00,2026-06-08 01:29:54,36.75,Zone 4,61.9,Zone 5,36.6,Zone 4,53.9,Zone 5,42.3,Zone 4,61.5,Zone 5,56.0,Zone 5,64.3,Zone 5,61.9,Zone 5,66.4,Zone 5
Maharashtra,Nagpur,Nagpur Kvk,33.1,2026-06-08,01:15:00,35.0,2026-06-07,01:15:00,2026-06-08 01:29:54,33.650000000000034,Zone 4,49.9,Zone 5,33.5,Zone 4,42.3,Zone 4,38.2,Zone 4,48.4,Zone 5,42.6,Zone 4,59.8,Zone 5,49.9,Zone 5,62.5,Zone 5
Maharashtra,Nagpur,Ramtek Aws400,31.7,2026-06-08,01:15:00,42.0,2026-06-07,01:15:00,2026-06-08 01:29:54,32.75,Zone 4,51.4,Zone 5,32.5,Zone 4,41.7,Zone 4,37.4,Zone 4,49.9,Zone 5,42.1,Zone 4,60.2,Zone 5,51.4,Zone 5,62.8,Zone 5
Maharashtra,Nanded,Nanded,27.0,2026-06-08,01:15:00,100.0,2026-06-07,01:15:00,2026-06-08 01:29:54,32.650000000000034,Zone 4,65.0,Zone 5,32.7,Zone 4,61.3,Zone 5,52.3,Zone 5,64.6,Zone 5,61.8,Zone 5,66.9,Zone 5,65.0,Zone 5,68.7,Zone 5
Maharashtra,Nanded,Sagroli Kvk,28.4,2026-06-08,01:15:00,59.0,2026-06-07,01:15:00,2026-06-08 01:29:54,29.950000000000045,Zone 4,54.3,Zone 5,30.1,Zone 4,40.3,Zone 4,35.6,Zone 4,52.7,Zone 5,40.8,Zone 4,60.8,Zone 5,54.3,Zone 5,63.3,Zone 5
Maharashtra,Nandurbar,Shahada Aws400,29.8,2026-06-08,01:15:00,74.0,2026-06-07,01:15:00,2026-06-08 01:29:54,34.85000000000002,Zone 4,63.9,Zone 5,35.3,Zone 4,60.0,Zone 5,45.9,Zone 5,63.5,Zone 5,60.6,Zone 5,66.0,Zone 5,63.9,Zone 5,67.9,Zone 5
Maharashtra,Nashik,Kalwan,27.2,2026-06-08,01:15:00,,,,2026-06-08 01:29:54,,,,,,,,,,,,,,,,,,,,
Maharashtra,Nashik,Malegaon,28.7,2026-06-08,01:15:00,72.0,2026-06-07,01:15:00,2026-06-08 01:29:54,32.05000000000001,Zone 4,61.0,Zone 5,31.7,Zone 4,49.5,Zone 5,38.0,Zone 4,60.6,Zone 5,51.8,Zone 5,63.6,Zone 5,61.0,Zone 5,65.8,Zone 5
Maharashtra,Nashik,Trimbakeshwar,26.4,2026-06-08,01:15:00,,,,2026-06-08 01:29:54,,,,,,,,,,,,,,,,,,,,
Maharashtra,Nashik,Vilholi,26.4,2026-06-08,01:15:00,84.0,2026-06-07,01:15:00,2026-06-08 01:29:54,29.150000000000034,Zone 4,60.6,Zone 5,29.3,Zone 4,47.6,Zone 5,36.0,Zone 4,60.2,Zone 5,50.0,Zone 5,63.2,Zone 5,60.6,Zone 5,65.5,Zone 5
Maharashtra,Palghar,Palghar Aws400,30.1,2026-06-08,01:15:00,92.0,2026-06-07,01:15:00,2026-06-08 01:29:54,50.55000000000001,Zone 5,68.4,Zone 5,49.2,Zone 5,65.4,Zone 5,62.3,Zone 5,68.0,Zone 5,65.9,Zone 5,69.8,Zone 5,68.4,Zone 5,71.2,Zone 5
Maharashtra,Pune, Nimgiri Junnar,25.7,2026-06-08,01:15:00,,,,2026-06-08 01:29:54,,,,,,,,,,,,,,,,,,,,
Maharashtra,Pune,Blindschool Kp Pune,28.4,2026-06-08,01:15:00,76.0,2026-06-07,01:15:00,2026-06-08 01:29:54,32.05000000000001,Zone 4,62.0,Zone 5,32.3,Zone 4,54.3,Zone 5,38.9,Zone 4,61.6,Zone 5,56.5,Zone 5,64.4,Zone 5,62.0,Zone 5,66.5,Zone 5
Maharashtra,Pune,Cagmo Shivajinagar,28.2,2026-06-08,01:15:00,70.0,2026-06-07,01:15:00,2026-06-08 01:29:54,30.850000000000023,Zone 4,59.8,Zone 5,30.5,Zone 4,43.5,Zone 5,36.6,Zone 4,59.4,Zone 5,45.7,Zone 5,62.5,Zone 5,59.8,Zone 5,64.8,Zone 5
Maharashtra,Pune,Chinchwad Pune,27.4,2026-06-08,01:15:00,73.0,2026-06-07,01:15:00,2026-06-08 01:29:54,29.850000000000023,Zone 4,59.7,Zone 5,30.0,Zone 4,43.2,Zone 5,36.1,Zone 4,59.3,Zone 5,45.4,Zone 5,62.4,Zone 5,59.7,Zone 5,64.8,Zone 5
Maharashtra,Pune,Cme Dapodi,28.0,2026-06-08,01:15:00,79.0,2026-06-07,01:15:00,2026-06-08 01:29:54,31.650000000000034,Zone 4,61.9,Zone 5,31.7,Zone 4,53.9,Zone 5,38.4,Zone 4,61.5,Zone 5,56.1,Zone 5,64.3,Zone 5,61.9,Zone 5,66.4,Zone 5
Maharashtra,Pune,Dps Hadapsar Pune,28.1,2026-06-08,01:15:00,79.0,2026-06-07,01:15:00,2026-06-08 01:29:54,31.950000000000045,Zone 4,61.9,Zone 5,31.7,Zone 4,53.9,Zone 5,38.4,Zone 4,61.5,Zone 5,56.1,Zone 5,64.3,Zone 5,61.9,Zone 5,66.4,Zone 5
Maharashtra,Pune,Khadakwadi Ambegaon,26.6,2026-06-08,01:15:00,74.0,2026-06-07,01:15:00,2026-06-08 01:29:54,28.55000000000001,Zone 4,56.8,Zone 5,28.4,Zone 4,39.4,Zone 4,34.4,Zone 4,55.3,Zone 5,40.0,Zone 4,61.3,Zone 5,56.8,Zone 5,63.8,Zone 5
Maharashtra,Pune,Khutbav Daund,27.1,2026-06-08,01:15:00,78.0,2026-06-07,01:15:00,2026-06-08 01:29:54,29.850000000000023,Zone 4,60.1,Zone 5,29.6,Zone 4,45.0,Zone 5,36.0,Zone 4,59.7,Zone 5,47.3,Zone 5,62.8,Zone 5,60.1,Zone 5,65.1,Zone 5
Maharashtra,Pune,Lavale,24.5,2026-06-08,01:15:00,87.0,2026-06-07,01:15:00,2026-06-08 01:29:54,26.150000000000034,Zone 4,55.5,Zone 5,26.2,Zone 4,37.6,Zone 4,32.4,Zone 4,54.0,Zone 5,38.2,Zone 4,61.0,Zone 5,55.5,Zone 5,63.6,Zone 5
Maharashtra,Pune,Lonikalbhor Haveli,26.4,2026-06-08,01:15:00,74.0,2026-06-07,01:15:00,2026-06-08 01:29:54,28.25,Zone 4,56.8,Zone 5,28.4,Zone 4,39.4,Zone 4,34.4,Zone 4,55.3,Zone 5,40.0,Zone 4,61.3,Zone 5,56.8,Zone 5,63.8,Zone 5
Maharashtra,Pune,Magarpatta Pune,27.2,2026-06-08,01:15:00,67.0,2026-06-07,01:15:00,2026-06-08 01:29:54,28.950000000000045,Zone 4,53.4,Zone 5,28.6,Zone 4,39.1,Zone 4,34.3,Zone 4,51.9,Zone 5,39.6,Zone 4,60.6,Zone 5,53.4,Zone 5,63.2,Zone 5
Maharashtra,Pune,Malin Ambegaon,26.3,2026-06-08,01:15:00,88.0,2026-06-07,01:15:00,2026-06-08 01:29:54,29.350000000000023,Zone 4,61.5,Zone 5,29.8,Zone 4,51.9,Zone 5,36.7,Zone 4,61.1,Zone 5,54.2,Zone 5,64.0,Zone 5,61.5,Zone 5,66.1,Zone 5
Maharashtra,Pune,Mti Pashan Pune,28.5,2026-06-08,01:15:00,82.0,2026-06-07,01:15:00,2026-06-08 01:29:54,33.25,Zone 4,63.4,Zone 5,33.3,Zone 4,59.5,Zone 5,43.3,Zone 5,63.0,Zone 5,60.0,Zone 5,65.6,Zone 5,63.4,Zone 5,67.5,Zone 5
Maharashtra,Pune,Narayangoan Krishi Kendra,26.1,2026-06-08,01:15:00,100.0,2026-06-07,01:15:00,2026-06-08 01:29:54,30.350000000000023,Zone 4,63.2,Zone 5,30.1,Zone 4,59.2,Zone 5,42.0,Zone 5,62.8,Zone 5,59.8,Zone 5,65.4,Zone 5,63.2,Zone 5,67.4,Zone 5
Maharashtra,Pune,Nda Pune,26.8,2026-06-08,01:15:00,70.0,2026-06-07,01:15:00,2026-06-08 01:29:54,28.55000000000001,Zone 4,56.2,Zone 5,28.9,Zone 4,39.6,Zone 4,34.7,Zone 4,54.7,Zone 5,40.2,Zone 4,61.2,Zone 5,56.2,Zone 5,63.7,Zone 5
Maharashtra,Pune,Niasm Baramati,25.6,2026-06-08,01:15:00,85.0,2026-06-07,01:15:00,2026-06-08 01:29:54,27.850000000000023,Zone 4,59.3,Zone 5,27.7,Zone 4,41.1,Zone 5,34.0,Zone 4,58.5,Zone 5,43.3,Zone 5,62.0,Zone 5,59.3,Zone 5,64.4,Zone 5
Maharashtra,Pune,Pabal Shirur,24.1,2026-06-08,01:15:00,93.0,2026-06-07,01:15:00,2026-06-08 01:29:54,25.850000000000023,Zone 4,57.0,Zone 5,25.7,Zone 4,37.9,Zone 5,32.1,Zone 4,55.5,Zone 5,39.7,Zone 5,61.3,Zone 5,57.0,Zone 5,63.8,Zone 5
Maharashtra,Pune,Pashan Aws Lab,26.9,2026-06-08,01:15:00,99.0,2026-06-07,01:15:00,2026-06-08 01:29:54,32.25,Zone 4,64.7,Zone 5,32.5,Zone 4,61.0,Zone 5,51.0,Zone 5,64.3,Zone 5,61.6,Zone 5,66.7,Zone 5,64.7,Zone 5,68.5,Zone 5
Maharashtra,Pune,Pashan Aws Lab Amfu,,,,69.0,2026-06-07,00:30:00,2026-06-08 01:29:54,,,,,,,,,,,,,,,,,,,,
Maharashtra,Pune,Rajgurunagar,27.2,2026-06-08,01:15:00,78.0,2026-06-07,01:15:00,2026-06-08 01:29:54,30.05000000000001,Zone 4,60.1,Zone 5,29.6,Zone 4,45.0,Zone 5,36.0,Zone 4,59.7,Zone 5,47.3,Zone 5,62.8,Zone 5,60.1,Zone 5,65.1,Zone 5
Maharashtra,Pune,Rjspmcop Dudulgaon,27.7,2026-06-08,01:15:00,97.0,2026-06-07,01:15:00,2026-06-08 01:29:54,34.05000000000001,Zone 4,65.2,Zone 5,33.5,Zone 4,61.5,Zone 5,53.6,Zone 5,64.8,Zone 5,62.1,Zone 5,67.1,Zone 5,65.2,Zone 5,68.8,Zone 5
Maharashtra,Pune,Talegaon,26.4,2026-06-08,01:15:00,,,,2026-06-08 01:29:54,,,,,,,,,,,,,,,,,,,,
Maharashtra,Pune,Wadgaonsheri Pune,27.4,2026-06-08,01:15:00,67.0,2026-06-07,01:15:00,2026-06-08 01:29:54,29.25,Zone 4,56.3,Zone 5,29.4,Zone 4,40.0,Zone 4,35.2,Zone 4,54.9,Zone 5,40.6,Zone 4,61.2,Zone 5,56.3,Zone 5,63.7,Zone 5
Maharashtra,Pune,Walhe Purandar,26.9,2026-06-08,01:15:00,78.0,2026-06-07,01:15:00,2026-06-08 01:29:54,29.450000000000045,Zone 4,60.1,Zone 5,29.6,Zone 4,45.0,Zone 5,36.0,Zone 4,59.7,Zone 5,47.3,Zone 5,62.8,Zone 5,60.1,Zone 5,65.1,Zone 5
Maharashtra,Raigad,Iighq Newpanvel,31.0,2026-06-08,01:15:00,100.0,2026-06-07,01:15:00,2026-06-08 01:29:54,63.75,Zone 5,72.6,Zone 6,63.8,Zone 5,70.0,Zone 5,67.9,Zone 5,72.0,Zone 6,70.4,Zone 5,74.9,Zone 6,72.6,Zone 6,77.8,Zone 6
Maharashtra,Raigad,Karjat,30.2,2026-06-08,01:15:00,70.0,2026-06-07,01:15:00,2026-06-08 01:29:54,34.950000000000045,Zone 4,62.9,Zone 5,34.5,Zone 4,58.1,Zone 5,41.1,Zone 4,62.5,Zone 5,59.3,Zone 5,65.1,Zone 5,62.9,Zone 5,67.1,Zone 5
Maharashtra,Raigad,Matheran,24.7,2026-06-08,01:15:00,100.0,2026-06-07,01:15:00,2026-06-08 01:29:54,27.350000000000023,Zone 4,60.7,Zone 5,27.0,Zone 4,47.6,Zone 5,34.0,Zone 4,60.2,Zone 5,50.0,Zone 5,63.2,Zone 5,60.7,Zone 5,65.5,Zone 5
Maharashtra,Ratnagiri,Dapoli,26.1,2026-06-08,01:15:00,100.0,2026-06-07,01:15:00,2026-06-08 01:29:54,30.350000000000023,Zone 4,63.2,Zone 5,30.1,Zone 4,59.2,Zone 5,42.0,Zone 5,62.8,Zone 5,59.8,Zone 5,65.4,Zone 5,63.2,Zone 5,67.4,Zone 5
Maharashtra,Ratnagiri,Ratnagiri Aws400,25.9,2026-06-08,01:15:00,100.0,2026-06-07,01:15:00,2026-06-08 01:29:54,29.850000000000023,Zone 4,63.2,Zone 5,30.1,Zone 4,59.2,Zone 5,42.0,Zone 5,62.8,Zone 5,59.8,Zone 5,65.4,Zone 5,63.2,Zone 5,67.4,Zone 5
Maharashtra,Ratnagiri,Savarde(Golwane),27.1,2026-06-08,01:15:00,,,,2026-06-08 01:29:54,,,,,,,,,,,,,,,,,,,,
Maharashtra,Satara,Mahabaleshwar,20.4,2026-06-08,01:15:00,100.0,2026-06-07,01:15:00,2026-06-08 01:29:54,21.950000000000045,Zone 3,39.6,Zone 5,22.0,Zone 3,32.0,Zone 4,27.0,Zone 4,38.4,Zone 5,32.4,Zone 4,53.6,Zone 5,39.6,Zone 5,60.6,Zone 5
Maharashtra,Sindhudurg,Devgad,25.7,2026-06-08,01:15:00,99.0,2026-06-07,01:15:00,2026-06-08 01:29:54,29.350000000000023,Zone 4,62.2,Zone 5,28.9,Zone 4,54.9,Zone 5,36.7,Zone 5,61.7,Zone 5,57.1,Zone 5,64.5,Zone 5,62.2,Zone 5,66.6,Zone 5
Maharashtra,Sindhudurg,Mulde Amfu,24.9,2026-06-08,01:15:00,100.0,2026-06-07,01:15:00,2026-06-08 01:29:54,27.75,Zone 4,61.5,Zone 5,28.0,Zone 4,51.8,Zone 5,35.2,Zone 4,61.1,Zone 5,54.1,Zone 5,64.0,Zone 5,61.5,Zone 5,66.1,Zone 5
Maharashtra,Sindhudurg,Vengurla,25.8,2026-06-08,01:15:00,94.0,2026-06-07,01:15:00,2026-06-08 01:29:54,29.05000000000001,Zone 4,62.0,Zone 5,29.4,Zone 4,54.1,Zone 5,36.6,Zone 4,61.6,Zone 5,56.3,Zone 5,64.4,Zone 5,62.0,Zone 5,66.5,Zone 5
Maharashtra,Solapur,Mohol Kvk,22.8,2026-06-08,01:15:00,99.0,2026-06-07,01:15:00,2026-06-08 01:29:54,24.55000000000001,Zone 3,55.1,Zone 5,24.7,Zone 3,36.3,Zone 4,30.9,Zone 4,53.5,Zone 5,37.7,Zone 5,60.9,Zone 5,55.1,Zone 5,63.5,Zone 5
Maharashtra,Solapur,Sangola Mahavidyalaya,21.6,2026-06-08,01:15:00,100.0,2026-06-07,01:15:00,2026-06-08 01:29:54,23.25,Zone 3,45.7,Zone 5,23.2,Zone 3,33.6,Zone 4,28.5,Zone 4,44.3,Zone 5,34.1,Zone 4,58.9,Zone 5,45.7,Zone 5,61.8,Zone 5
Maharashtra,Solapur,Solapur,24.4,2026-06-08,01:15:00,87.0,2026-06-07,01:15:00,2026-06-08 01:29:54,26.05000000000001,Zone 4,55.5,Zone 5,26.2,Zone 4,37.6,Zone 4,32.4,Zone 4,54.0,Zone 5,38.2,Zone 4,61.0,Zone 5,55.5,Zone 5,63.6,Zone 5
Maharashtra,Thane,Bhayander,30.1,2026-06-08,01:15:00,,,,2026-06-08 01:29:54,,,,,,,,,,,,,,,,,,,,
Maharashtra,Wardha,Wardha,33.3,2026-06-08,01:15:00,39.0,2026-06-07,01:15:00,2026-06-08 01:29:54,34.650000000000034,Zone 4,57.8,Zone 5,34.9,Zone 4,44.1,Zone 4,39.9,Zone 4,56.4,Zone 5,44.6,Zone 4,61.6,Zone 5,57.8,Zone 5,64.0,Zone 5
Maharashtra,Yavatmal,Pushad Aws400,28.6,2026-06-08,01:15:00,60.0,2026-06-07,01:15:00,2026-06-08 01:29:54,30.350000000000023,Zone 4,55.3,Zone 5,30.2,Zone 4,40.5,Zone 4,35.8,Zone 4,53.8,Zone 5,41.0,Zone 4,61.0,Zone 5,55.3,Zone 5,63.5,Zone 5
Manipur,Chandel,Chandel Kvk,21.2,2026-06-08,01:15:00,100.0,2026-06-07,01:15:00,2026-06-08 01:29:54,22.850000000000023,Zone 3,42.5,Zone 5,22.6,Zone 3,32.8,Zone 4,27.7,Zone 4,41.2,Zone 5,33.3,Zone 4,56.3,Zone 5,42.5,Zone 5,61.2,Zone 5
Manipur,Churachandpur,Geljang Resort,23.2,2026-06-08,00:45:00,100.0,2026-06-07,00:45:00,2026-06-08 01:29:54,24.950000000000045,Zone 3,55.8,Zone 5,24.8,Zone 3,36.7,Zone 5,31.0,Zone 4,54.3,Zone 5,38.5,Zone 5,61.1,Zone 5,55.8,Zone 5,63.6,Zone 5
Manipur,Imphal East,Jiribam,25.2,2026-06-08,01:00:00,99.0,2026-06-07,01:00:00,2026-06-08 01:29:54,28.25,Zone 4,61.3,Zone 5,27.9,Zone 4,50.8,Zone 5,35.0,Zone 4,60.9,Zone 5,53.2,Zone 5,63.8,Zone 5,61.3,Zone 5,66.0,Zone 5
Manipur,Imphal East,Porompat,24.5,2026-06-08,01:00:00,81.0,2026-06-07,01:00:00,2026-06-08 01:29:54,25.850000000000023,Zone 4,50.5,Zone 5,25.8,Zone 4,36.8,Zone 4,31.8,Zone 4,49.0,Zone 5,37.3,Zone 4,60.0,Zone 5,50.5,Zone 5,62.6,Zone 5
Manipur,Imphal West,Imphal Amfu,23.5,2026-06-08,00:30:00,99.0,2026-06-07,00:30:00,2026-06-08 01:29:54,25.25,Zone 3,58.2,Zone 5,25.2,Zone 3,39.2,Zone 5,31.8,Zone 4,56.7,Zone 5,41.2,Zone 5,61.6,Zone 5,58.2,Zone 5,64.1,Zone 5
Manipur,Kamjong,Kamjong,,,,100.0,2026-06-07,01:15:00,2026-06-08 01:29:54,,,,,,,,,,,,,,,,,,,,
Manipur,Kangpokpi,Saikul,,,,100.0,2026-06-07,01:15:00,2026-06-08 01:29:54,,,,,,,,,,,,,,,,,,,,
Manipur,Kangpokpi,Tujangvaichong,22.9,2026-06-08,00:30:00,100.0,2026-06-07,00:30:00,2026-06-08 01:29:54,24.650000000000034,Zone 3,55.8,Zone 5,24.8,Zone 3,36.7,Zone 5,31.0,Zone 4,54.3,Zone 5,38.5,Zone 5,61.1,Zone 5,55.8,Zone 5,63.6,Zone 5
Manipur,Noney,Khoupum,23.6,2026-06-08,01:15:00,100.0,2026-06-07,01:15:00,2026-06-08 01:29:54,25.450000000000045,Zone 4,58.9,Zone 5,25.3,Zone 3,39.9,Zone 5,31.9,Zone 4,57.4,Zone 5,42.0,Zone 5,61.8,Zone 5,58.9,Zone 5,64.2,Zone 5
Meghalaya,East Garo Hills,Williamnagar,29.1,2026-06-08,01:15:00,91.0,2026-06-07,01:15:00,2026-06-08 01:29:54,37.05000000000001,Zone 4,66.4,Zone 5,36.7,Zone 4,63.0,Zone 5,59.4,Zone 5,66.0,Zone 5,63.6,Zone 5,68.2,Zone 5,66.4,Zone 5,69.7,Zone 5
Meghalaya,East Khasi Hills,Laban,20.8,2026-06-08,01:15:00,91.0,2026-06-07,01:15:00,2026-06-08 01:29:54,22.05000000000001,Zone 3,37.4,Zone 4,22.2,Zone 3,32.1,Zone 4,27.2,Zone 4,37.1,Zone 4,32.5,Zone 4,51.0,Zone 5,37.4,Zone 4,60.0,Zone 5
Meghalaya,East Khasi Hills,Mawryngkneng,22.6,2026-06-08,01:00:00,99.0,2026-06-07,01:00:00,2026-06-08 01:29:54,24.350000000000023,Zone 3,51.8,Zone 5,24.2,Zone 3,35.3,Zone 4,30.0,Zone 4,50.2,Zone 5,35.9,Zone 4,60.2,Zone 5,51.8,Zone 5,62.9,Zone 5
Meghalaya,East Khasi Hills,Mawsynram,19.3,2026-06-08,01:15:00,99.0,2026-06-07,01:15:00,2026-06-08 01:29:54,20.650000000000034,Zone 3,35.8,Zone 4,20.8,Zone 3,30.5,Zone 4,25.6,Zone 4,35.5,Zone 4,30.8,Zone 4,47.5,Zone 5,35.8,Zone 4,59.2,Zone 5
Meghalaya,East Khasi Hills,Nehu,20.7,2026-06-08,01:15:00,100.0,2026-06-07,01:15:00,2026-06-08 01:29:54,22.25,Zone 3,39.6,Zone 5,22.0,Zone 3,32.0,Zone 4,27.0,Zone 4,38.4,Zone 5,32.4,Zone 4,53.6,Zone 5,39.6,Zone 5,60.6,Zone 5
Meghalaya,East Khasi Hills,Shillong,20.0,2026-06-08,01:15:00,94.0,2026-06-07,01:15:00,2026-06-08 01:29:54,21.25,Zone 3,36.1,Zone 4,21.2,Zone 3,30.9,Zone 4,26.1,Zone 4,35.8,Zone 4,31.2,Zone 4,47.3,Zone 5,36.1,Zone 4,59.2,Zone 5
Meghalaya,East Khasi Hills,Sohra(Cherrapunjee),22.1,2026-06-08,01:15:00,,,,2026-06-08 01:29:54,,,,,,,,,,,,,,,,,,,,
Meghalaya,North Garo Hills,Resubelpara,27.4,2026-06-08,01:00:00,99.0,2026-06-07,01:00:00,2026-06-08 01:29:54,33.650000000000034,Zone 4,65.6,Zone 5,33.9,Zone 4,62.1,Zone 5,56.1,Zone 5,65.2,Zone 5,62.6,Zone 5,67.5,Zone 5,65.6,Zone 5,69.1,Zone 5
Meghalaya,Ri Bhoi,Byrnihat,27.8,2026-06-08,01:15:00,100.0,2026-06-07,01:15:00,2026-06-08 01:29:54,35.05000000000001,Zone 5,66.7,Zone 5,37.1,Zone 5,63.4,Zone 5,59.8,Zone 5,66.3,Zone 5,63.9,Zone 5,68.4,Zone 5,66.7,Zone 5,70.0,Zone 5
Meghalaya,Ri Bhoi,Umtrewdam,32.4,2026-06-08,01:15:00,6.0,2026-06-07,01:15:00,2026-06-08 01:29:54,29.55000000000001,Zone 4,39.7,Zone 4,29.6,Zone 4,36.5,Zone 4,33.2,Zone 4,39.7,Zone 4,36.5,Zone 4,42.7,Zone 4,39.7,Zone 4,45.7,Zone 4
Meghalaya,South Garo Hills,Baghmara,25.5,2026-06-08,01:15:00,99.0,2026-06-07,01:15:00,2026-06-08 01:29:54,28.950000000000045,Zone 4,62.2,Zone 5,28.9,Zone 4,54.9,Zone 5,36.7,Zone 5,61.7,Zone 5,57.1,Zone 5,64.5,Zone 5,62.2,Zone 5,66.6,Zone 5
Meghalaya,South West Garo Hills,Ampati,25.7,2026-06-08,01:15:00,,,,2026-06-08 01:29:54,,,,,,,,,,,,,,,,,,,,
Meghalaya,South West Khasi Hills,Mawkyrwat,19.0,2026-06-08,01:15:00,100.0,2026-06-07,01:15:00,2026-06-08 01:29:54,20.25,Zone 3,35.1,Zone 4,20.3,Zone 3,29.9,Zone 4,25.1,Zone 3,34.8,Zone 4,30.2,Zone 4,45.3,Zone 5,35.1,Zone 4,58.2,Zone 5
Meghalaya,West Garo Hills,Tura,26.3,2026-06-08,01:15:00,83.0,2026-06-07,01:15:00,2026-06-08 01:29:54,28.850000000000023,Zone 4,60.4,Zone 5,29.2,Zone 4,46.6,Zone 5,35.8,Zone 4,60.0,Zone 5,48.9,Zone 5,63.0,Zone 5,60.4,Zone 5,65.3,Zone 5
Meghalaya,West Khasi Hills,Nongstoin,20.7,2026-06-08,01:15:00,100.0,2026-06-07,01:15:00,2026-06-08 01:29:54,22.25,Zone 3,39.6,Zone 5,22.0,Zone 3,32.0,Zone 4,27.0,Zone 4,38.4,Zone 5,32.4,Zone 4,53.6,Zone 5,39.6,Zone 5,60.6,Zone 5
Mizoram,Aizawl,Lengpui,26.7,2026-06-08,01:15:00,85.0,2026-06-07,01:15:00,2026-06-08 01:29:54,29.850000000000023,Zone 4,60.9,Zone 5,29.5,Zone 4,48.7,Zone 5,36.1,Zone 4,60.5,Zone 5,51.1,Zone 5,63.4,Zone 5,60.9,Zone 5,65.6,Zone 5
Mizoram,Aizawl,Mizoram University,24.0,2026-06-08,01:15:00,93.0,2026-06-07,01:15:00,2026-06-08 01:29:54,25.75,Zone 4,57.0,Zone 5,25.7,Zone 4,37.9,Zone 5,32.1,Zone 4,55.5,Zone 5,39.7,Zone 5,61.3,Zone 5,57.0,Zone 5,63.8,Zone 5
Mizoram,Champhai,Champhai Aws,19.0,2026-06-08,01:15:00,100.0,2026-06-07,01:15:00,2026-06-08 01:29:54,20.25,Zone 3,35.1,Zone 4,20.3,Zone 3,29.9,Zone 4,25.1,Zone 3,34.8,Zone 4,30.2,Zone 4,45.3,Zone 5,35.1,Zone 4,58.2,Zone 5
Mizoram,Hnathial,Hnathial,22.4,2026-06-08,01:15:00,100.0,2026-06-07,01:15:00,2026-06-08 01:29:54,24.150000000000034,Zone 3,52.5,Zone 5,24.3,Zone 3,35.4,Zone 4,30.1,Zone 4,50.9,Zone 5,36.0,Zone 4,60.4,Zone 5,52.5,Zone 5,63.0,Zone 5
Mizoram,Khawzawl,Khawzawl,21.3,2026-06-08,01:15:00,98.0,2026-06-07,01:15:00,2026-06-08 01:29:54,22.850000000000023,Zone 3,44.3,Zone 5,23.1,Zone 3,33.5,Zone 4,28.3,Zone 4,42.9,Zone 5,33.9,Zone 4,57.8,Zone 5,44.3,Zone 5,61.5,Zone 5
Mizoram,Kolasib,Kolasib,23.7,2026-06-08,01:15:00,99.0,2026-06-07,01:15:00,2026-06-08 01:29:54,25.55000000000001,Zone 4,58.2,Zone 5,25.2,Zone 3,39.2,Zone 5,31.8,Zone 4,56.7,Zone 5,41.2,Zone 5,61.6,Zone 5,58.2,Zone 5,64.1,Zone 5
Mizoram,Lawngtlai,Chawnhu,21.5,2026-06-08,01:15:00,100.0,2026-06-07,01:15:00,2026-06-08 01:29:54,23.150000000000034,Zone 3,45.7,Zone 5,23.2,Zone 3,33.6,Zone 4,28.5,Zone 4,44.3,Zone 5,34.1,Zone 4,58.9,Zone 5,45.7,Zone 5,61.8,Zone 5
Mizoram,Mamit,Lengpui Kvk,25.7,2026-06-08,01:15:00,100.0,2026-06-07,01:15:00,2026-06-08 01:29:54,29.450000000000045,Zone 4,62.4,Zone 5,29.0,Zone 4,55.9,Zone 5,37.6,Zone 5,62.0,Zone 5,58.0,Zone 5,64.7,Zone 5,62.4,Zone 5,66.7,Zone 5
Mizoram,Saiha,Saiha,20.7,2026-06-08,01:15:00,86.0,2026-06-07,01:15:00,2026-06-08 01:29:54,21.650000000000034,Zone 3,36.1,Zone 4,21.4,Zone 3,31.1,Zone 4,26.4,Zone 4,35.8,Zone 4,31.4,Zone 4,45.2,Zone 5,36.1,Zone 4,58.1,Zone 5
Mizoram,Serchhip,Serchhip,22.7,2026-06-08,01:15:00,93.0,2026-06-07,01:15:00,2026-06-08 01:29:54,24.25,Zone 3,47.2,Zone 5,24.0,Zone 3,34.7,Zone 4,29.6,Zone 4,45.7,Zone 5,35.2,Zone 4,59.3,Zone 5,47.2,Zone 5,62.0,Zone 5
Nagaland,Kiphire,Kiphire Aws400,22.1,2026-06-08,01:15:00,96.0,2026-06-07,01:15:00,2026-06-08 01:29:54,23.650000000000034,Zone 3,46.2,Zone 5,23.6,Zone 3,34.1,Zone 4,29.0,Zone 4,44.7,Zone 5,34.6,Zone 4,59.1,Zone 5,46.2,Zone 5,61.8,Zone 5
Nagaland,Longleng,Sakshi,23.3,2026-06-08,01:15:00,100.0,2026-06-07,01:15:00,2026-06-08 01:29:54,25.05000000000001,Zone 3,58.9,Zone 5,25.3,Zone 3,39.9,Zone 5,31.9,Zone 4,57.4,Zone 5,42.0,Zone 5,61.8,Zone 5,58.9,Zone 5,64.2,Zone 5
Nagaland,Peren,Jalukie,26.4,2026-06-08,01:15:00,90.0,2026-06-07,01:15:00,2026-06-08 01:29:54,29.75,Zone 4,62.0,Zone 5,30.0,Zone 4,54.0,Zone 5,37.1,Zone 4,61.6,Zone 5,56.2,Zone 5,64.3,Zone 5,62.0,Zone 5,66.4,Zone 5
Nagaland,Tuensang,Thonoknyu,19.0,2026-06-08,01:15:00,100.0,2026-06-07,01:15:00,2026-06-08 01:29:54,20.25,Zone 3,35.1,Zone 4,20.3,Zone 3,29.9,Zone 4,25.1,Zone 3,34.8,Zone 4,30.2,Zone 4,45.3,Zone 5,35.1,Zone 4,58.2,Zone 5
Nagaland,Wokha,Wokha,22.6,2026-06-08,01:00:00,93.0,2026-06-07,01:00:00,2026-06-08 01:29:54,24.150000000000034,Zone 3,47.2,Zone 5,24.0,Zone 3,34.7,Zone 4,29.6,Zone 4,45.7,Zone 5,35.2,Zone 4,59.3,Zone 5,47.2,Zone 5,62.0,Zone 5
Odisha,Balangir,Bolangir,31.8,2026-06-08,01:15:00,,,,2026-06-08 01:29:54,,,,,,,,,,,,,,,,,,,,
Odisha,Balasore,Fm University,25.7,2026-06-08,01:15:00,100.0,2026-06-07,01:15:00,2026-06-08 01:29:54,29.450000000000045,Zone 4,62.4,Zone 5,29.0,Zone 4,55.9,Zone 5,37.6,Zone 5,62.0,Zone 5,58.0,Zone 5,64.7,Zone 5,62.4,Zone 5,66.7,Zone 5
Odisha,Bargarh,Barapalli,29.9,2026-06-08,01:15:00,,,,2026-06-08 01:29:54,,,,,,,,,,,,,,,,,,,,
Odisha,Cuttack,Cuttack Kvk,26.8,2026-06-08,01:15:00,,,,2026-06-08 01:29:54,,,,,,,,,,,,,,,,,,,,
Odisha,Ganjam,Benakuda Kvk,27.2,2026-06-08,01:15:00,86.0,2026-06-07,01:15:00,2026-06-08 01:29:54,30.950000000000045,Zone 4,61.9,Zone 5,30.6,Zone 4,53.8,Zone 5,37.5,Zone 4,61.5,Zone 5,56.0,Zone 5,64.3,Zone 5,61.9,Zone 5,66.4,Zone 5
Odisha,Jharsuguda,Jharsuguda,30.3,2026-06-08,01:15:00,41.0,2026-06-07,01:15:00,2026-06-08 01:29:54,30.75,Zone 4,44.9,Zone 5,31.0,Zone 4,40.0,Zone 4,35.8,Zone 4,44.3,Zone 4,40.3,Zone 4,58.3,Zone 5,44.9,Zone 5,61.6,Zone 5
Odisha,Jharsuguda,Likera,27.9,2026-06-08,00:30:00,,,,2026-06-08 01:29:54,,,,,,,,,,,,,,,,,,,,
Odisha,Kandhamal,Phulbani,26.9,2026-06-08,01:00:00,77.0,2026-06-07,01:00:00,2026-06-08 01:29:54,29.350000000000023,Zone 4,59.9,Zone 5,29.5,Zone 4,43.9,Zone 5,35.8,Zone 4,59.5,Zone 5,46.2,Zone 5,62.6,Zone 5,59.9,Zone 5,64.9,Zone 5
Odisha,Khurdha,Bhubaneshwar Airport,27.5,2026-06-08,01:15:00,93.0,2026-06-07,01:15:00,2026-06-08 01:29:54,32.75,Zone 4,64.3,Zone 5,32.8,Zone 4,60.5,Zone 5,48.3,Zone 5,63.9,Zone 5,61.0,Zone 5,66.3,Zone 5,64.3,Zone 5,68.2,Zone 5
Odisha,Mayurbhanj,Baripada,25.1,2026-06-08,01:15:00,100.0,2026-06-07,01:15:00,2026-06-08 01:29:54,28.150000000000034,Zone 4,61.5,Zone 5,28.0,Zone 4,51.8,Zone 5,35.2,Zone 4,61.1,Zone 5,54.1,Zone 5,64.0,Zone 5,61.5,Zone 5,66.1,Zone 5
Odisha,Mayurbhanj,Mayurbhanj Kvk,41.3,2026-06-08,01:15:00,39.0,2026-06-07,01:15:00,2026-06-08 01:29:54,55.450000000000045,Zone 5,69.4,Zone 5,57.6,Zone 5,66.8,Zone 5,63.9,Zone 5,69.1,Zone 5,67.2,Zone 5,70.8,Zone 5,69.4,Zone 5,72.7,Zone 6
Odisha,Nuapada,Nawapada,31.3,2026-06-08,01:15:00,46.0,2026-06-07,01:15:00,2026-06-08 01:29:54,32.75,Zone 4,56.3,Zone 5,33.1,Zone 4,42.6,Zone 4,38.2,Zone 4,54.9,Zone 5,43.1,Zone 4,61.2,Zone 5,56.3,Zone 5,63.7,Zone 5
Odisha,Puri,Janhukuda(Near Satapada),29.9,2026-06-08,01:15:00,100.0,2026-06-07,01:15:00,2026-06-08 01:29:54,59.85000000000002,Zone 5,70.2,Zone 5,60.2,Zone 5,67.7,Zone 5,65.2,Zone 5,69.9,Zone 5,68.2,Zone 5,71.4,Zone 5,70.2,Zone 5,74.3,Zone 6
Odisha,Puri,Puri Kvk,30.6,2026-06-08,01:15:00,54.0,2026-06-07,01:15:00,2026-06-08 01:29:54,32.85000000000002,Zone 4,59.2,Zone 5,32.7,Zone 4,42.8,Zone 4,38.2,Zone 4,58.5,Zone 5,43.4,Zone 4,62.0,Zone 5,59.2,Zone 5,64.4,Zone 5
Odisha,Rayagada,Gunupur Kvk,27.7,2026-06-08,01:15:00,100.0,2026-06-07,01:15:00,2026-06-08 01:29:54,34.75,Zone 4,65.8,Zone 5,34.1,Zone 4,62.3,Zone 5,57.3,Zone 5,65.4,Zone 5,62.9,Zone 5,67.7,Zone 5,65.8,Zone 5,69.3,Zone 5
Odisha,Sambalpur,Dhankauda,29.9,2026-06-08,01:15:00,41.0,2026-06-07,01:15:00,2026-06-08 01:29:54,30.25,Zone 4,43.8,Zone 4,30.3,Zone 4,39.3,Zone 4,35.1,Zone 4,43.5,Zone 4,39.6,Zone 4,56.3,Zone 5,43.8,Zone 4,61.1,Zone 5
Odisha,Sonepur,Sonepur,30.6,2026-06-08,01:00:00,52.0,2026-06-07,01:00:00,2026-06-08 01:29:54,32.55000000000001,Zone 4,57.8,Zone 5,32.4,Zone 4,42.3,Zone 4,37.8,Zone 4,56.4,Zone 5,42.9,Zone 4,61.6,Zone 5,57.8,Zone 5,64.0,Zone 5
Odisha,Subarnapur,Dungripalli,31.4,2026-06-08,01:15:00,,,,2026-06-08 01:29:54,,,,,,,,,,,,,,,,,,,,
Odisha,Sundergarh,Balishankar,27.7,2026-06-08,01:15:00,,,,2026-06-08 01:29:54,,,,,,,,,,,,,,,,,,,,
Odisha,Sundergarh,Sundergarh,28.9,2026-06-08,01:15:00,66.0,2026-06-07,01:15:00,2026-06-08 01:29:54,31.650000000000034,Zone 4,60.3,Zone 5,31.8,Zone 4,45.9,Zone 5,37.8,Zone 4,59.9,Zone 5,48.2,Zone 5,62.9,Zone 5,60.3,Zone 5,65.2,Zone 5
Puducherry,Karaikal,Karaikal,27.8,2026-06-08,01:15:00,99.0,2026-06-07,01:15:00,2026-06-08 01:29:54,34.85000000000002,Zone 4,66.5,Zone 5,35.8,Zone 5,63.1,Zone 5,59.5,Zone 5,66.1,Zone 5,63.7,Zone 5,68.2,Zone 5,66.5,Zone 5,69.8,Zone 5
Puducherry,Mahe,Mahe Jnv,25.9,2026-06-08,01:15:00,100.0,2026-06-07,01:15:00,2026-06-08 01:29:54,29.850000000000023,Zone 4,63.2,Zone 5,30.1,Zone 4,59.2,Zone 5,42.0,Zone 5,62.8,Zone 5,59.8,Zone 5,65.4,Zone 5,63.2,Zone 5,67.4,Zone 5
Puducherry,Puducherry,Puducherry,29.8,2026-06-08,01:15:00,67.0,2026-06-07,01:15:00,2026-06-08 01:29:54,33.450000000000045,Zone 4,62.1,Zone 5,33.9,Zone 4,54.6,Zone 5,40.3,Zone 4,61.7,Zone 5,56.8,Zone 5,64.5,Zone 5,62.1,Zone 5,66.5,Zone 5
Puducherry,Puducherry,Puducherry Kvk,28.2,2026-06-08,01:15:00,61.0,2026-06-07,01:15:00,2026-06-08 01:29:54,29.850000000000023,Zone 4,53.4,Zone 5,29.6,Zone 4,39.8,Zone 4,35.1,Zone 4,51.9,Zone 5,40.3,Zone 4,60.6,Zone 5,53.4,Zone 5,63.2,Zone 5
Punjab,Bathinda,Bhatinda Amfu,31.0,2026-06-08,01:15:00,,,,2026-06-08 01:29:54,,,,,,,,,,,,,,,,,,,,
Punjab,Fazilka,Fasc Abohar,30.4,2026-06-08,01:15:00,53.0,2026-06-07,01:15:00,2026-06-08 01:29:54,32.35000000000002,Zone 4,58.8,Zone 5,32.5,Zone 4,42.6,Zone 4,38.0,Zone 4,57.5,Zone 5,43.1,Zone 4,61.8,Zone 5,58.8,Zone 5,64.2,Zone 5
Punjab,Fazilka,Fazilka,28.1,2026-06-08,01:15:00,,,,2026-06-08 01:29:54,,,,,,,,,,,,,,,,,,,,
Punjab,Firozpur,Firozpur Kvk,29.0,2026-06-08,01:15:00,48.0,2026-06-07,01:15:00,2026-06-08 01:29:54,29.75,Zone 4,45.1,Zone 5,29.7,Zone 4,39.1,Zone 4,34.8,Zone 4,43.7,Zone 5,39.4,Zone 4,58.4,Zone 5,45.1,Zone 5,61.7,Zone 5
Punjab,Hoshiarpur,Hosiyarpur,24.6,2026-06-08,01:15:00,52.0,2026-06-07,01:15:00,2026-06-08 01:29:54,24.650000000000034,Zone 3,38.0,Zone 4,24.5,Zone 3,33.6,Zone 4,29.4,Zone 4,37.8,Zone 4,33.8,Zone 4,41.8,Zone 4,38.0,Zone 4,55.1,Zone 5
Punjab,Mohali,Mohali,28.8,2026-06-08,01:15:00,,,,2026-06-08 01:29:54,,,,,,,,,,,,,,,,,,,,
Punjab,Pathankot,Kvk Pathankot,29.7,2026-06-08,01:15:00,,,,2026-06-08 01:29:54,,,,,,,,,,,,,,,,,,,,
Punjab,Pathankot,Thein Dam,27.7,2026-06-08,01:15:00,33.0,2026-06-07,01:15:00,2026-06-08 01:29:54,27.05000000000001,Zone 4,39.2,Zone 4,26.9,Zone 4,35.1,Zone 4,31.2,Zone 4,39.0,Zone 4,35.3,Zone 4,42.7,Zone 4,39.2,Zone 4,52.0,Zone 5
Punjab,Rupnagar,Bhakra Dam Imdnagal,24.4,2026-06-08,01:15:00,53.0,2026-06-07,01:15:00,2026-06-08 01:29:54,24.450000000000045,Zone 3,38.2,Zone 4,24.5,Zone 3,33.7,Zone 4,29.4,Zone 4,37.9,Zone 4,33.9,Zone 4,42.4,Zone 5,38.2,Zone 4,55.8,Zone 5
Punjab,Rupnagar,Sri Anadpur Sahib Imdjindwadi,31.0,2026-06-08,01:15:00,50.0,2026-06-07,01:15:00,2026-06-08 01:29:54,32.85000000000002,Zone 4,58.2,Zone 5,32.9,Zone 4,42.8,Zone 4,38.2,Zone 4,56.8,Zone 5,43.3,Zone 4,61.7,Zone 5,58.2,Zone 5,64.1,Zone 5
Rajasthan,Ajmer,Ajmer,27.7,2026-06-08,01:15:00,68.0,2026-06-07,01:15:00,2026-06-08 01:29:54,29.850000000000023,Zone 4,57.3,Zone 5,29.5,Zone 4,40.2,Zone 4,35.3,Zone 4,55.8,Zone 5,40.8,Zone 4,61.4,Zone 5,57.3,Zone 5,63.9,Zone 5
Rajasthan,Ajmer,Central University Kishangarh,25.6,2026-06-08,01:15:00,84.0,2026-06-07,01:15:00,2026-06-08 01:29:54,27.75,Zone 4,59.0,Zone 5,27.6,Zone 4,40.2,Zone 5,33.9,Zone 4,57.7,Zone 5,42.3,Zone 5,61.9,Zone 5,59.0,Zone 5,64.3,Zone 5
Rajasthan,Bikaner,Bikaner Amfu,28.7,2026-06-08,01:15:00,69.0,2026-06-07,01:15:00,2026-06-08 01:29:54,31.650000000000034,Zone 4,60.3,Zone 5,31.3,Zone 4,45.9,Zone 5,37.4,Zone 4,59.9,Zone 5,48.2,Zone 5,62.9,Zone 5,60.3,Zone 5,65.2,Zone 5
Rajasthan,Chittaurgarh,Chittorgarh Kvk,30.6,2026-06-08,01:15:00,,,,2026-06-08 01:29:54,,,,,,,,,,,,,,,,,,,,
Rajasthan,Churu,Churu,29.4,2026-06-08,01:15:00,60.0,2026-06-07,01:15:00,2026-06-08 01:29:54,31.650000000000034,Zone 4,59.5,Zone 5,31.9,Zone 4,42.4,Zone 4,37.6,Zone 4,59.1,Zone 5,44.2,Zone 5,62.2,Zone 5,59.5,Zone 5,64.6,Zone 5
Rajasthan,Dausa,Khedali,27.4,2026-06-08,01:15:00,73.0,2026-06-07,01:15:00,2026-06-08 01:29:54,29.850000000000023,Zone 4,59.7,Zone 5,30.0,Zone 4,43.2,Zone 5,36.1,Zone 4,59.3,Zone 5,45.4,Zone 5,62.4,Zone 5,59.7,Zone 5,64.8,Zone 5
Rajasthan,Dungarpur,Dungarpur Kvk,30.8,2026-06-08,01:15:00,,,,2026-06-08 01:29:54,,,,,,,,,,,,,,,,,,,,
Rajasthan,Jaipur,Amity University,29.1,2026-06-08,01:15:00,62.0,2026-06-07,01:15:00,2026-06-08 01:29:54,31.450000000000045,Zone 4,59.2,Zone 5,31.3,Zone 4,41.9,Zone 4,37.1,Zone 4,58.5,Zone 5,43.3,Zone 5,62.0,Zone 5,59.2,Zone 5,64.4,Zone 5
Rajasthan,Jaisalmer,Jaisalmer,30.5,2026-06-08,01:15:00,62.0,2026-06-07,01:15:00,2026-06-08 01:29:54,34.05000000000001,Zone 4,61.5,Zone 5,34.0,Zone 4,51.8,Zone 5,40.1,Zone 4,61.1,Zone 5,54.0,Zone 5,63.9,Zone 5,61.5,Zone 5,66.1,Zone 5
Rajasthan,Jhunjhunu,Jhunjhunu(Aws),29.4,2026-06-08,01:15:00,47.0,2026-06-07,01:15:00,2026-06-08 01:29:54,30.150000000000034,Zone 4,46.7,Zone 5,30.3,Zone 4,39.6,Zone 4,35.3,Zone 4,45.2,Zone 5,40.0,Zone 4,59.2,Zone 5,46.7,Zone 5,61.9,Zone 5
Rajasthan,Jhunjhunu,Pilani,24.9,2026-06-08,01:15:00,36.0,2026-06-07,01:15:00,2026-06-08 01:29:54,24.150000000000034,Zone 3,36.8,Zone 4,24.3,Zone 3,32.8,Zone 4,28.9,Zone 4,36.7,Zone 4,33.0,Zone 4,40.3,Zone 4,36.8,Zone 4,45.5,Zone 5
Rajasthan,Jodhpur,Jodhpur,34.5,2026-06-08,01:15:00,51.0,2026-06-07,01:15:00,2026-06-08 01:29:54,39.75,Zone 4,64.1,Zone 5,39.8,Zone 4,60.2,Zone 5,47.0,Zone 5,63.7,Zone 5,60.8,Zone 5,66.2,Zone 5,64.1,Zone 5,68.0,Zone 5
Rajasthan,Karauli,Karauli Kvk,29.7,2026-06-08,01:15:00,,,,2026-06-08 01:29:54,,,,,,,,,,,,,,,,,,,,
Rajasthan,Pali,Pali,33.5,2026-06-08,01:15:00,54.0,2026-06-07,01:15:00,2026-06-08 01:29:54,38.450000000000045,Zone 4,63.6,Zone 5,38.4,Zone 4,59.6,Zone 5,44.5,Zone 4,63.2,Zone 5,60.2,Zone 5,65.7,Zone 5,63.6,Zone 5,67.7,Zone 5
Rajasthan,Pratapgarh,Pratapgarh,29.8,2026-06-08,01:15:00,65.0,2026-06-07,01:15:00,2026-06-08 01:29:54,33.150000000000034,Zone 4,61.5,Zone 5,33.5,Zone 4,52.0,Zone 5,39.7,Zone 4,61.1,Zone 5,54.3,Zone 5,64.0,Zone 5,61.5,Zone 5,66.1,Zone 5
Rajasthan,Sikar,Fatehpur Amfu,27.6,2026-06-08,01:15:00,69.0,2026-06-07,01:15:00,2026-06-08 01:29:54,29.75,Zone 4,58.1,Zone 5,29.6,Zone 4,40.4,Zone 4,35.5,Zone 4,56.7,Zone 5,41.1,Zone 5,61.6,Zone 5,58.1,Zone 5,64.1,Zone 5
Rajasthan,Sikar,Sikar,28.5,2026-06-08,00:30:00,71.0,2026-06-07,00:30:00,2026-06-08 01:29:54,31.55000000000001,Zone 4,60.8,Zone 5,31.6,Zone 4,48.3,Zone 5,37.8,Zone 4,60.4,Zone 5,50.6,Zone 5,63.3,Zone 5,60.8,Zone 5,65.6,Zone 5
Rajasthan,Sirohi,Mount Abu,24.3,2026-06-08,01:15:00,84.0,2026-06-07,01:15:00,2026-06-08 01:29:54,25.650000000000034,Zone 4,53.1,Zone 5,26.0,Zone 4,37.2,Zone 4,32.1,Zone 4,51.5,Zone 5,37.7,Zone 4,60.5,Zone 5,53.1,Zone 5,63.1,Zone 5
Rajasthan,Sirohi,Sirohi Kvk,29.1,2026-06-08,01:15:00,51.0,2026-06-07,01:15:00,2026-06-08 01:29:54,30.150000000000034,Zone 4,48.4,Zone 5,30.0,Zone 4,39.6,Zone 4,35.2,Zone 4,47.0,Zone 5,40.0,Zone 4,59.5,Zone 5,48.4,Zone 5,62.3,Zone 5
Rajasthan,Sri Ganganagar,Gharsana,30.2,2026-06-08,00:45:00,66.0,2026-06-07,00:45:00,2026-06-08 01:29:54,34.150000000000034,Zone 4,61.8,Zone 5,33.7,Zone 4,53.3,Zone 5,40.0,Zone 4,61.4,Zone 5,55.6,Zone 5,64.2,Zone 5,61.8,Zone 5,66.3,Zone 5
Sikkim,Gangtok,Gangtok,18.1,2026-06-08,01:15:00,100.0,2026-06-07,01:15:00,2026-06-08 01:29:54,19.150000000000034,Zone 3,33.6,Zone 4,19.1,Zone 3,28.6,Zone 4,24.4,Zone 3,33.3,Zone 4,28.9,Zone 4,40.2,Zone 5,33.6,Zone 4,53.7,Zone 5
Sikkim,Namchi,Namchi,20.5,2026-06-08,01:15:00,98.0,2026-06-07,01:15:00,2026-06-08 01:29:54,21.950000000000045,Zone 3,38.4,Zone 5,22.0,Zone 3,31.9,Zone 4,26.9,Zone 4,37.3,Zone 5,32.3,Zone 4,52.5,Zone 5,38.4,Zone 5,60.3,Zone 5
Sikkim,Soreng,Soreng,19.5,2026-06-08,01:15:00,100.0,2026-06-07,01:15:00,2026-06-08 01:29:54,20.850000000000023,Zone 3,35.9,Zone 4,20.9,Zone 3,30.6,Zone 4,25.7,Zone 4,35.5,Zone 4,30.9,Zone 4,48.0,Zone 5,35.9,Zone 4,59.4,Zone 5
Tamil Nadu,Ariyalur,Ariyalur,27.6,2026-06-08,01:15:00,68.0,2026-06-07,01:15:00,2026-06-08 01:29:54,29.650000000000034,Zone 4,57.3,Zone 5,29.5,Zone 4,40.2,Zone 4,35.3,Zone 4,55.8,Zone 5,40.8,Zone 4,61.4,Zone 5,57.3,Zone 5,63.9,Zone 5
Tamil Nadu,Chennai,Anna University,29.7,2026-06-08,01:00:00,80.0,2026-06-07,01:00:00,2026-06-08 01:29:54,35.950000000000045,Zone 4,64.6,Zone 5,35.4,Zone 4,60.8,Zone 5,50.2,Zone 5,64.2,Zone 5,61.4,Zone 5,66.6,Zone 5,64.6,Zone 5,68.4,Zone 5
Tamil Nadu,Chennai,Chennai,30.3,2026-06-08,01:15:00,88.0,2026-06-07,01:15:00,2026-06-08 01:29:54,45.650000000000034,Zone 5,68.3,Zone 5,48.3,Zone 5,65.3,Zone 5,62.2,Zone 5,67.9,Zone 5,65.8,Zone 5,69.7,Zone 5,68.3,Zone 5,71.1,Zone 5
Tamil Nadu,Chennai,Ennore Port,29.5,2026-06-08,01:15:00,71.0,2026-06-07,01:15:00,2026-06-08 01:29:54,33.55000000000001,Zone 4,62.3,Zone 5,33.6,Zone 4,55.8,Zone 5,40.1,Zone 4,61.9,Zone 5,57.9,Zone 5,64.7,Zone 5,62.3,Zone 5,66.7,Zone 5
Tamil Nadu,Chennai,Meenambakkam Isro,28.7,2026-06-08,01:15:00,75.0,2026-06-07,01:15:00,2026-06-08 01:29:54,32.55000000000001,Zone 4,61.8,Zone 5,32.1,Zone 4,53.1,Zone 5,38.7,Zone 4,61.4,Zone 5,55.4,Zone 5,64.2,Zone 5,61.8,Zone 5,66.3,Zone 5
Tamil Nadu,Chennai,Niot Pallikaranai,29.7,2026-06-08,01:15:00,74.0,2026-06-07,01:15:00,2026-06-08 01:29:54,34.55000000000001,Zone 4,63.1,Zone 5,34.1,Zone 4,59.0,Zone 5,41.4,Zone 5,62.7,Zone 5,59.6,Zone 5,65.3,Zone 5,63.1,Zone 5,67.3,Zone 5
Tamil Nadu,Coimbatore,Coimbatore Amfu,23.8,2026-06-08,01:15:00,88.0,2026-06-07,01:15:00,2026-06-08 01:29:54,25.150000000000034,Zone 3,53.1,Zone 5,25.5,Zone 4,36.8,Zone 4,31.6,Zone 4,51.6,Zone 5,37.3,Zone 4,60.5,Zone 5,53.1,Zone 5,63.1,Zone 5
Tamil Nadu,Coimbatore,P N Palayam,24.9,2026-06-08,01:15:00,77.0,2026-06-07,01:15:00,2026-06-08 01:29:54,26.150000000000034,Zone 4,50.3,Zone 5,26.3,Zone 4,37.1,Zone 4,32.2,Zone 4,48.7,Zone 5,37.6,Zone 4,59.9,Zone 5,50.3,Zone 5,62.6,Zone 5
Tamil Nadu,Coimbatore,Upasi Tea Research Foundation,20.8,2026-06-08,01:15:00,62.0,2026-06-07,01:15:00,2026-06-08 01:29:54,20.650000000000034,Zone 3,34.7,Zone 4,20.9,Zone 3,30.3,Zone 4,26.0,Zone 4,34.5,Zone 4,30.5,Zone 4,38.5,Zone 4,34.7,Zone 4,47.3,Zone 5
Tamil Nadu,Cuddalore,Neyveli,28.8,2026-06-08,01:15:00,62.0,2026-06-07,01:15:00,2026-06-08 01:29:54,30.950000000000045,Zone 4,59.2,Zone 5,31.3,Zone 4,41.9,Zone 4,37.1,Zone 4,58.5,Zone 5,43.3,Zone 5,62.0,Zone 5,59.2,Zone 5,64.4,Zone 5
Tamil Nadu,Cuddalore,Vridha Chalam,29.1,2026-06-08,01:15:00,56.0,2026-06-07,01:15:00,2026-06-08 01:29:54,30.75,Zone 4,54.0,Zone 5,30.6,Zone 4,40.6,Zone 4,36.0,Zone 4,52.4,Zone 5,41.0,Zone 4,60.7,Zone 5,54.0,Zone 5,63.3,Zone 5
Tamil Nadu,Dharmapuri,Palacode,27.1,2026-06-08,01:15:00,59.0,2026-06-07,01:15:00,2026-06-08 01:29:54,28.05000000000001,Zone 4,45.5,Zone 5,28.0,Zone 4,37.8,Zone 4,33.3,Zone 4,44.1,Zone 5,38.2,Zone 4,58.7,Zone 5,45.5,Zone 5,61.7,Zone 5
Tamil Nadu,Dindigul,Natham Isro,25.0,2026-06-08,01:15:00,69.0,2026-06-07,01:15:00,2026-06-08 01:29:54,25.850000000000023,Zone 4,43.2,Zone 5,25.9,Zone 4,36.0,Zone 4,31.4,Zone 4,41.9,Zone 5,36.5,Zone 4,56.9,Zone 5,43.2,Zone 5,61.3,Zone 5
Tamil Nadu,Dindigul,Palani,24.6,2026-06-08,01:15:00,74.0,2026-06-07,01:15:00,2026-06-08 01:29:54,25.55000000000001,Zone 4,44.6,Zone 5,25.5,Zone 4,35.9,Zone 4,31.1,Zone 4,43.1,Zone 5,36.3,Zone 4,58.0,Zone 5,44.6,Zone 5,61.5,Zone 5
Tamil Nadu,Dindigul,Vedasandur,26.4,2026-06-08,01:15:00,70.0,2026-06-07,01:15:00,2026-06-08 01:29:54,27.950000000000045,Zone 4,53.2,Zone 5,28.1,Zone 4,38.7,Zone 4,33.9,Zone 4,51.7,Zone 5,39.2,Zone 4,60.5,Zone 5,53.2,Zone 5,63.1,Zone 5
Tamil Nadu,Erode,Erode Isro,27.2,2026-06-08,01:15:00,70.0,2026-06-07,01:15:00,2026-06-08 01:29:54,29.150000000000034,Zone 4,56.2,Zone 5,28.9,Zone 4,39.6,Zone 4,34.7,Zone 4,54.7,Zone 5,40.2,Zone 4,61.2,Zone 5,56.2,Zone 5,63.7,Zone 5
Tamil Nadu,Kallakurichi,Kallakurichi,32.7,2026-06-08,01:15:00,58.0,2026-06-07,01:15:00,2026-06-08 01:29:54,37.75,Zone 4,63.3,Zone 5,37.3,Zone 4,59.3,Zone 5,43.5,Zone 4,62.9,Zone 5,59.9,Zone 5,65.5,Zone 5,63.3,Zone 5,67.5,Zone 5
Tamil Nadu,Kallakurichi,Kallakurichi(Taluk Office),28.1,2026-06-08,01:15:00,58.0,2026-06-07,01:15:00,2026-06-08 01:29:54,29.450000000000045,Zone 4,50.3,Zone 5,29.3,Zone 4,39.3,Zone 4,34.7,Zone 4,48.8,Zone 5,39.7,Zone 4,59.9,Zone 5,50.3,Zone 5,62.6,Zone 5
Tamil Nadu,Kallakurichi,Thirukoilur,28.9,2026-06-08,01:15:00,58.0,2026-06-07,01:15:00,2026-06-08 01:29:54,30.650000000000034,Zone 4,56.0,Zone 5,30.8,Zone 4,41.0,Zone 4,36.3,Zone 4,54.6,Zone 5,41.5,Zone 4,61.1,Zone 5,56.0,Zone 5,63.7,Zone 5
Tamil Nadu,Kanchipuram,Acs Medical College,31.2,2026-06-08,01:15:00,77.0,2026-06-07,01:15:00,2026-06-08 01:29:54,39.55000000000001,Zone 4,66.3,Zone 5,38.9,Zone 4,62.9,Zone 5,59.2,Zone 5,65.9,Zone 5,63.4,Zone 5,68.1,Zone 5,66.3,Zone 5,69.7,Zone 5
Tamil Nadu,Kanchipuram,Chembarambakkam,29.8,2026-06-08,01:15:00,79.0,2026-06-07,01:15:00,2026-06-08 01:29:54,35.950000000000045,Zone 4,65.2,Zone 5,36.5,Zone 4,61.5,Zone 5,53.6,Zone 5,64.8,Zone 5,62.1,Zone 5,67.1,Zone 5,65.2,Zone 5,68.8,Zone 5
Tamil Nadu,Kanchipuram,Hindustan University,29.5,2026-06-08,01:15:00,77.0,2026-06-07,01:15:00,2026-06-08 01:29:54,34.75,Zone 4,63.9,Zone 5,34.7,Zone 4,60.0,Zone 5,45.7,Zone 5,63.5,Zone 5,60.5,Zone 5,66.0,Zone 5,63.9,Zone 5,67.9,Zone 5
Tamil Nadu,Kanchipuram,Kanchipuram Isro,30.9,2026-06-08,01:15:00,21.0,2026-06-07,01:15:00,2026-06-08 01:29:54,29.450000000000045,Zone 4,41.0,Zone 4,29.6,Zone 4,37.2,Zone 4,33.6,Zone 4,40.8,Zone 4,37.4,Zone 4,44.3,Zone 4,41.0,Zone 4,52.5,Zone 5
Tamil Nadu,Kanchipuram,Lmois  Kolapakkam,30.5,2026-06-08,01:00:00,69.0,2026-06-07,01:00:00,2026-06-08 01:29:54,35.450000000000045,Zone 4,63.4,Zone 5,35.4,Zone 4,59.4,Zone 5,42.9,Zone 5,63.0,Zone 5,59.9,Zone 5,65.6,Zone 5,63.4,Zone 5,67.5,Zone 5
Tamil Nadu,Kanchipuram,Sathyabama  University,29.1,2026-06-08,01:15:00,89.0,2026-06-07,01:15:00,2026-06-08 01:29:54,36.450000000000045,Zone 4,65.9,Zone 5,36.2,Zone 4,62.5,Zone 5,57.9,Zone 5,65.5,Zone 5,63.0,Zone 5,67.8,Zone 5,65.9,Zone 5,69.4,Zone 5
Tamil Nadu,Kanyakumari,Nagercoil,21.2,2026-06-08,01:15:00,85.0,2026-06-07,01:15:00,2026-06-08 01:29:54,22.25,Zone 3,36.8,Zone 4,22.0,Zone 3,31.7,Zone 4,27.0,Zone 4,36.5,Zone 4,32.0,Zone 4,47.3,Zone 5,36.8,Zone 4,59.2,Zone 5
Tamil Nadu,Kanyakumari,Neyyoor,25.0,2026-06-08,01:15:00,97.0,2026-06-07,01:15:00,2026-06-08 01:29:54,27.75,Zone 4,60.9,Zone 5,27.7,Zone 4,48.9,Zone 5,34.7,Zone 4,60.5,Zone 5,51.2,Zone 5,63.4,Zone 5,60.9,Zone 5,65.7,Zone 5
Tamil Nadu,Kanyakumari,Thirupathisaram Amfu,26.3,2026-06-08,01:15:00,100.0,2026-06-07,01:15:00,2026-06-08 01:29:54,30.850000000000023,Zone 4,64.1,Zone 5,31.3,Zone 4,60.2,Zone 5,47.0,Zone 5,63.7,Zone 5,60.8,Zone 5,66.2,Zone 5,64.1,Zone 5,68.0,Zone 5
Tamil Nadu,Karur,Kadavur(Taluk Office),28.1,2026-06-08,01:15:00,68.0,2026-06-07,01:15:00,2026-06-08 01:29:54,30.450000000000045,Zone 4,59.3,Zone 5,30.3,Zone 4,41.3,Zone 5,36.3,Zone 4,58.6,Zone 5,43.4,Zone 5,62.1,Zone 5,59.3,Zone 5,64.5,Zone 5
Tamil Nadu,Krishnagiri,Denkanikottai,22.6,2026-06-08,01:15:00,78.0,2026-06-07,01:15:00,2026-06-08 01:29:54,23.55000000000001,Zone 3,38.4,Zone 4,23.4,Zone 3,33.2,Zone 4,28.5,Zone 4,38.0,Zone 4,33.6,Zone 4,50.6,Zone 5,38.4,Zone 4,59.9,Zone 5
Tamil Nadu,Krishnagiri,Hosur,21.5,2026-06-08,01:15:00,98.0,2026-06-07,01:15:00,2026-06-08 01:29:54,23.05000000000001,Zone 3,44.3,Zone 5,23.1,Zone 3,33.5,Zone 4,28.3,Zone 4,42.9,Zone 5,33.9,Zone 4,57.8,Zone 5,44.3,Zone 5,61.5,Zone 5
Tamil Nadu,Krishnagiri,Paiyur Amfu,26.8,2026-06-08,01:15:00,,,,2026-06-08 01:29:54,,,,,,,,,,,,,,,,,,,,
Tamil Nadu,Krishnagiri,Pochampalli,26.6,2026-06-08,01:15:00,75.0,2026-06-07,01:15:00,2026-06-08 01:29:54,28.650000000000034,Zone 4,57.7,Zone 5,28.5,Zone 4,39.6,Zone 4,34.5,Zone 4,56.2,Zone 5,40.5,Zone 5,61.5,Zone 5,57.7,Zone 5,64.0,Zone 5
Tamil Nadu,Madurai,Madurai Isro,28.0,2026-06-08,01:15:00,,,,2026-06-08 01:29:54,,,,,,,,,,,,,,,,,,,,
Tamil Nadu,Mayiladuthurai,Mayiladuthurai,29.0,2026-06-08,01:15:00,,,,2026-06-08 01:29:54,,,,,,,,,,,,,,,,,,,,
Tamil Nadu,Nagapattinam,Mo Nagapattinam Campus,27.9,2026-06-08,01:00:00,96.0,2026-06-07,01:00:00,2026-06-08 01:29:54,34.450000000000045,Zone 4,65.8,Zone 5,34.8,Zone 4,62.3,Zone 5,57.3,Zone 5,65.4,Zone 5,62.9,Zone 5,67.6,Zone 5,65.8,Zone 5,69.3,Zone 5
Tamil Nadu,Nagapattinam,Vedharanyam,28.1,2026-06-08,01:00:00,87.0,2026-06-07,01:00:00,2026-06-08 01:29:54,33.25,Zone 4,63.8,Zone 5,33.0,Zone 4,59.9,Zone 5,45.3,Zone 5,63.4,Zone 5,60.4,Zone 5,65.9,Zone 5,63.8,Zone 5,67.8,Zone 5
Tamil Nadu,Nctpl Marg Ecr,New Chennai Township Private L,28.4,2026-06-08,01:15:00,82.0,2026-06-07,01:15:00,2026-06-08 01:29:54,33.05000000000001,Zone 4,63.4,Zone 5,33.3,Zone 4,59.5,Zone 5,43.3,Zone 5,63.0,Zone 5,60.0,Zone 5,65.6,Zone 5,63.4,Zone 5,67.5,Zone 5
Tamil Nadu,Perambalur,Perambalur,26.7,2026-06-08,01:15:00,56.0,2026-06-07,01:15:00,2026-06-08 01:29:54,27.350000000000023,Zone 4,41.5,Zone 4,27.1,Zone 4,36.6,Zone 4,32.2,Zone 4,41.2,Zone 4,37.0,Zone 4,54.1,Zone 5,41.5,Zone 4,60.7,Zone 5
Tamil Nadu,Ramanathapuram,Ramnadu Kvk,28.4,2026-06-08,01:15:00,,,,2026-06-08 01:29:54,,,,,,,,,,,,,,,,,,,,
Tamil Nadu,Ranipet,Kalavai,30.4,2026-06-08,01:15:00,57.0,2026-06-07,01:15:00,2026-06-08 01:29:54,32.950000000000045,Zone 4,60.1,Zone 5,33.1,Zone 4,45.0,Zone 5,38.9,Zone 4,59.7,Zone 5,47.3,Zone 5,62.8,Zone 5,60.1,Zone 5,65.1,Zone 5
Tamil Nadu,Salem,Govt Hss Mettur,27.2,2026-06-08,01:15:00,76.0,2026-06-07,01:15:00,2026-06-08 01:29:54,29.75,Zone 4,59.6,Zone 5,29.4,Zone 4,42.9,Zone 5,35.7,Zone 4,59.2,Zone 5,45.1,Zone 5,62.4,Zone 5,59.6,Zone 5,64.7,Zone 5
Tamil Nadu,Salem,Sandhiyur Kvk,26.5,2026-06-08,01:15:00,52.0,2026-06-07,01:15:00,2026-06-08 01:29:54,26.850000000000023,Zone 4,40.8,Zone 4,26.8,Zone 4,36.1,Zone 4,31.8,Zone 4,40.5,Zone 4,36.4,Zone 4,50.7,Zone 5,40.8,Zone 4,59.9,Zone 5
Tamil Nadu,Salem,Vazhapadi,27.1,2026-06-08,01:15:00,,,,2026-06-08 01:29:54,,,,,,,,,,,,,,,,,,,,
Tamil Nadu,Sivaganga,Sethu Bhaskar Agri College Kar,28.1,2026-06-08,01:15:00,77.0,2026-06-07,01:15:00,2026-06-08 01:29:54,31.650000000000034,Zone 4,61.5,Zone 5,31.4,Zone 4,51.6,Zone 5,38.0,Zone 4,61.0,Zone 5,53.9,Zone 5,63.9,Zone 5,61.5,Zone 5,66.1,Zone 5
Tamil Nadu,Thanjavur,Adiramapattinam,28.9,2026-06-08,01:15:00,86.0,2026-06-07,01:15:00,2026-06-08 01:29:54,35.150000000000034,Zone 4,65.2,Zone 5,35.4,Zone 4,61.6,Zone 5,53.9,Zone 5,64.8,Zone 5,62.2,Zone 5,67.1,Zone 5,65.2,Zone 5,68.9,Zone 5
Tamil Nadu,The Nilgiris,Coonoor,18.1,2026-06-08,01:00:00,73.0,2026-06-07,01:00:00,2026-06-08 01:29:54,17.850000000000023,Zone 3,31.9,Zone 4,17.8,Zone 3,27.6,Zone 4,23.7,Zone 3,31.8,Zone 4,27.7,Zone 4,35.8,Zone 4,31.9,Zone 4,40.9,Zone 5
Tamil Nadu,Thiruninravur,Jaya Engineering Clg,30.2,2026-06-08,01:15:00,,,,2026-06-08 01:29:54,,,,,,,,,,,,,,,,,,,,
Tamil Nadu,Thoothukudi,Sattankulam,27.6,2026-06-08,01:15:00,78.0,2026-06-07,01:15:00,2026-06-08 01:29:54,30.75,Zone 4,60.9,Zone 5,30.6,Zone 4,48.8,Zone 5,37.1,Zone 4,60.5,Zone 5,51.2,Zone 5,63.4,Zone 5,60.9,Zone 5,65.7,Zone 5
Tamil Nadu,Thoothukudi,Thiruchendur,27.5,2026-06-08,01:15:00,94.0,2026-06-07,01:15:00,2026-06-08 01:29:54,32.950000000000045,Zone 4,64.5,Zone 5,32.9,Zone 4,60.7,Zone 5,49.7,Zone 5,64.1,Zone 5,61.3,Zone 5,66.5,Zone 5,64.5,Zone 5,68.3,Zone 5
Tamil Nadu,Thoothukudi,Tuticorin Airport,27.6,2026-06-08,01:15:00,78.0,2026-06-07,01:15:00,2026-06-08 01:29:54,30.75,Zone 4,60.9,Zone 5,30.6,Zone 4,48.8,Zone 5,37.1,Zone 4,60.5,Zone 5,51.2,Zone 5,63.4,Zone 5,60.9,Zone 5,65.7,Zone 5
Tamil Nadu,Thoothukudi,Tuticorin Railway Station,27.6,2026-06-08,01:15:00,77.0,2026-06-07,01:15:00,2026-06-08 01:29:54,30.650000000000034,Zone 4,60.7,Zone 5,30.5,Zone 4,47.7,Zone 5,36.9,Zone 4,60.3,Zone 5,50.0,Zone 5,63.2,Zone 5,60.7,Zone 5,65.5,Zone 5
Tamil Nadu,Tiruchirappalli,Thuvakudi Isro,27.3,2026-06-08,01:15:00,71.0,2026-06-07,01:15:00,2026-06-08 01:29:54,29.450000000000045,Zone 4,59.2,Zone 5,29.8,Zone 4,41.1,Zone 5,35.8,Zone 4,58.4,Zone 5,43.2,Zone 5,62.0,Zone 5,59.2,Zone 5,64.4,Zone 5
Tamil Nadu,Tirunelveli,Radhapuram,26.7,2026-06-08,01:15:00,91.0,2026-06-07,01:15:00,2026-06-08 01:29:54,30.55000000000001,Zone 4,62.2,Zone 5,30.1,Zone 4,55.0,Zone 5,37.3,Zone 4,61.8,Zone 5,57.2,Zone 5,64.5,Zone 5,62.2,Zone 5,66.6,Zone 5
Tamil Nadu,Tirunelveli,Tirunelveli,27.0,2026-06-08,01:15:00,80.0,2026-06-07,01:15:00,2026-06-08 01:29:54,29.850000000000023,Zone 4,60.6,Zone 5,29.9,Zone 4,47.2,Zone 5,36.3,Zone 4,60.2,Zone 5,49.5,Zone 5,63.2,Zone 5,60.6,Zone 5,65.4,Zone 5
Tamil Nadu,Tirupattur,Tirupattur Collectoroffice,27.9,2026-06-08,01:15:00,,,,2026-06-08 01:29:54,,,,,,,,,,,,,,,,,,,,
Tamil Nadu,Tirupattur,Yelagiri Hill,,,,62.0,2026-06-07,01:15:00,2026-06-08 01:29:54,,,,,,,,,,,,,,,,,,,,
Tamil Nadu,Tiruppur,Tiruppur Collector Office,26.0,2026-06-08,01:15:00,86.0,2026-06-07,01:15:00,2026-06-08 01:29:54,28.650000000000034,Zone 4,60.3,Zone 5,28.6,Zone 4,45.8,Zone 5,35.2,Zone 4,59.9,Zone 5,48.1,Zone 5,62.9,Zone 5,60.3,Zone 5,65.2,Zone 5
Tamil Nadu,Tiruvallur,Good Will School Villivakkam,31.1,2026-06-08,01:15:00,66.0,2026-06-07,01:15:00,2026-06-08 01:29:54,36.150000000000034,Zone 4,63.3,Zone 5,35.9,Zone 4,59.3,Zone 5,42.7,Zone 5,63.0,Zone 5,59.9,Zone 5,65.5,Zone 5,63.3,Zone 5,67.5,Zone 5
Tamil Nadu,Tiruvallur,Poonamallee,29.4,2026-06-08,01:15:00,71.0,2026-06-07,01:15:00,2026-06-08 01:29:54,33.35000000000002,Zone 4,62.3,Zone 5,33.6,Zone 4,55.8,Zone 5,40.1,Zone 4,61.9,Zone 5,57.9,Zone 5,64.7,Zone 5,62.3,Zone 5,66.7,Zone 5
Tamil Nadu,Tiruvallur,R.K.Pet,29.9,2026-06-08,01:15:00,61.0,2026-06-07,01:15:00,2026-06-08 01:29:54,32.75,Zone 4,60.5,Zone 5,32.9,Zone 4,46.8,Zone 5,38.8,Zone 4,60.1,Zone 5,49.1,Zone 5,63.1,Zone 5,60.5,Zone 5,65.3,Zone 5
Tamil Nadu,Tiruvallur,Tirur Kvk,29.7,2026-06-08,01:15:00,,,,2026-06-08 01:29:54,,,,,,,,,,,,,,,,,,,,
Tamil Nadu,Tiruvannamalai,Cheyyar,30.3,2026-06-08,01:15:00,66.0,2026-06-07,01:15:00,2026-06-08 01:29:54,34.35000000000002,Zone 4,62.6,Zone 5,34.8,Zone 4,56.9,Zone 5,41.2,Zone 4,62.2,Zone 5,58.9,Zone 5,64.9,Zone 5,62.6,Zone 5,66.9,Zone 5
Tamil Nadu,Tiruvannamalai,Tiruvannamalai Isro,28.7,2026-06-08,01:15:00,56.0,2026-06-07,01:15:00,2026-06-08 01:29:54,30.150000000000034,Zone 4,51.1,Zone 5,29.8,Zone 4,39.7,Zone 4,35.2,Zone 4,49.6,Zone 5,40.2,Zone 4,60.1,Zone 5,51.1,Zone 5,62.7,Zone 5
Tamil Nadu,Vellore,Virinjipuram Kvk,29.0,2026-06-08,01:15:00,7.0,2026-06-07,01:15:00,2026-06-08 01:29:54,26.850000000000023,Zone 4,37.1,Zone 4,26.8,Zone 4,33.9,Zone 4,30.5,Zone 4,37.1,Zone 4,33.9,Zone 4,40.2,Zone 4,37.1,Zone 4,43.2,Zone 4
Tamil Nadu,Viluppuram,Mailam,29.6,2026-06-08,01:15:00,61.0,2026-06-07,01:15:00,2026-06-08 01:29:54,32.150000000000034,Zone 4,59.7,Zone 5,32.0,Zone 4,43.3,Zone 5,37.8,Zone 4,59.3,Zone 5,45.5,Zone 5,62.4,Zone 5,59.7,Zone 5,64.8,Zone 5
Tamil Nadu,Virudhunagar,Aruppukottai Kvk,28.5,2026-06-08,01:15:00,66.0,2026-06-07,01:15:00,2026-06-08 01:29:54,30.950000000000045,Zone 4,59.5,Zone 5,30.9,Zone 4,42.4,Zone 5,36.9,Zone 4,59.1,Zone 5,44.6,Zone 5,62.3,Zone 5,59.5,Zone 5,64.6,Zone 5
Telangana,Adilabad,Adilabad Kvk,32.9,2026-06-08,01:00:00,40.0,2026-06-07,01:00:00,2026-06-08 01:29:54,34.150000000000034,Zone 4,56.6,Zone 5,34.3,Zone 4,43.6,Zone 4,39.3,Zone 4,55.2,Zone 5,44.0,Zone 4,61.3,Zone 5,56.6,Zone 5,63.8,Zone 5
Telangana,Hanumakonda,Hanumakonda,30.5,2026-06-08,01:15:00,,,,2026-06-08 01:29:54,,,,,,,,,,,,,,,,,,,,
Telangana,Hyderabad,Golkonda,28.5,2026-06-08,01:00:00,75.0,2026-06-07,01:00:00,2026-06-08 01:29:54,32.150000000000034,Zone 4,61.8,Zone 5,32.1,Zone 4,53.1,Zone 5,38.7,Zone 4,61.4,Zone 5,55.4,Zone 5,64.2,Zone 5,61.8,Zone 5,66.3,Zone 5
Telangana,Hyderabad,Hyderabad,27.8,2026-06-08,01:15:00,59.0,2026-06-07,01:15:00,2026-06-08 01:29:54,29.05000000000001,Zone 4,51.3,Zone 5,29.4,Zone 4,39.4,Zone 4,34.8,Zone 4,49.8,Zone 5,39.9,Zone 4,60.1,Zone 5,51.3,Zone 5,62.8,Zone 5
Telangana,Kamareddy,Nagireddypet,27.9,2026-06-08,01:15:00,66.0,2026-06-07,01:15:00,2026-06-08 01:29:54,29.950000000000045,Zone 4,58.2,Zone 5,30.1,Zone 4,40.8,Zone 4,35.9,Zone 4,56.8,Zone 5,41.3,Zone 4,61.6,Zone 5,58.2,Zone 5,64.1,Zone 5
Telangana,Karimnagar,Karimnagar,29.6,2026-06-08,01:15:00,72.0,2026-06-07,01:15:00,2026-06-08 01:29:54,33.950000000000045,Zone 4,62.6,Zone 5,33.8,Zone 4,57.0,Zone 5,40.4,Zone 4,62.2,Zone 5,59.0,Zone 5,64.9,Zone 5,62.6,Zone 5,66.9,Zone 5
Telangana,Khammam,Khammam,26.1,2026-06-08,01:15:00,100.0,2026-06-07,01:15:00,2026-06-08 01:29:54,30.350000000000023,Zone 4,63.2,Zone 5,30.1,Zone 4,59.2,Zone 5,42.0,Zone 5,62.8,Zone 5,59.8,Zone 5,65.4,Zone 5,63.2,Zone 5,67.4,Zone 5
Telangana,Khammam,Wyra Kvk,24.8,2026-06-08,01:15:00,100.0,2026-06-07,01:15:00,2026-06-08 01:29:54,27.55000000000001,Zone 4,61.5,Zone 5,28.0,Zone 4,51.8,Zone 5,35.2,Zone 4,61.1,Zone 5,54.1,Zone 5,64.0,Zone 5,61.5,Zone 5,66.1,Zone 5
Telangana,Kumuram Bheem Asifabad ,Asifabad,32.2,2026-06-08,01:15:00,50.0,2026-06-07,01:15:00,2026-06-08 01:29:54,34.85000000000002,Zone 4,60.2,Zone 5,34.5,Zone 4,45.5,Zone 5,40.1,Zone 4,59.8,Zone 5,47.7,Zone 5,62.8,Zone 5,60.2,Zone 5,65.1,Zone 5
Telangana,Mahbubnagar,Mahbubnagar,27.0,2026-06-08,01:15:00,71.0,2026-06-07,01:15:00,2026-06-08 01:29:54,28.950000000000045,Zone 4,57.1,Zone 5,29.0,Zone 4,39.8,Zone 4,34.9,Zone 4,55.6,Zone 5,40.4,Zone 4,61.4,Zone 5,57.1,Zone 5,63.9,Zone 5
Telangana,Medak,Ars Narsapur,25.5,2026-06-08,01:15:00,73.0,2026-06-07,01:15:00,2026-06-08 01:29:54,26.850000000000023,Zone 4,49.8,Zone 5,26.8,Zone 4,37.4,Zone 4,32.6,Zone 4,48.3,Zone 5,37.9,Zone 4,59.8,Zone 5,49.8,Zone 5,62.5,Zone 5
Telangana,Medak,Medak,28.2,2026-06-08,01:15:00,60.0,2026-06-07,01:15:00,2026-06-08 01:29:54,29.75,Zone 4,52.4,Zone 5,29.5,Zone 4,39.6,Zone 4,35.0,Zone 4,50.9,Zone 5,40.1,Zone 4,60.4,Zone 5,52.4,Zone 5,63.0,Zone 5
Telangana,Medchal Malkajgiri,Kukatpally Jntu,28.7,2026-06-08,00:30:00,76.0,2026-06-07,00:30:00,2026-06-08 01:29:54,32.75,Zone 4,62.0,Zone 5,32.3,Zone 4,54.3,Zone 5,38.9,Zone 4,61.6,Zone 5,56.5,Zone 5,64.4,Zone 5,62.0,Zone 5,66.5,Zone 5
Telangana,Nirmal ,Bhainsa Arg,27.4,2026-06-08,01:15:00,82.0,2026-06-07,01:15:00,2026-06-08 01:29:54,30.850000000000023,Zone 4,61.8,Zone 5,31.1,Zone 4,53.3,Zone 5,37.9,Zone 4,61.4,Zone 5,55.6,Zone 5,64.2,Zone 5,61.8,Zone 5,66.3,Zone 5
Telangana,Peddapalli,Ars Peddapally,30.3,2026-06-08,01:15:00,58.0,2026-06-07,01:15:00,2026-06-08 01:29:54,32.950000000000045,Zone 4,60.4,Zone 5,33.3,Zone 4,46.4,Zone 5,39.1,Zone 4,60.0,Zone 5,48.6,Zone 5,63.0,Zone 5,60.4,Zone 5,65.3,Zone 5
Telangana,Peddapalli,Kunaram,32.3,2026-06-08,01:15:00,30.0,2026-06-07,01:15:00,2026-06-08 01:29:54,31.950000000000045,Zone 4,44.7,Zone 4,32.1,Zone 4,40.5,Zone 4,36.6,Zone 4,44.4,Zone 4,40.7,Zone 4,54.8,Zone 5,44.7,Zone 4,60.8,Zone 5
Telangana,Rajanna Sircilla,Sircilla,29.5,2026-06-08,01:15:00,54.0,2026-06-07,01:15:00,2026-06-08 01:29:54,31.05000000000001,Zone 4,54.6,Zone 5,31.1,Zone 4,41.0,Zone 4,36.5,Zone 4,53.1,Zone 5,41.5,Zone 4,60.8,Zone 5,54.6,Zone 5,63.4,Zone 5
Telangana,Ranga Reddy,Dullapally,28.0,2026-06-08,01:15:00,66.0,2026-06-07,01:15:00,2026-06-08 01:29:54,30.05000000000001,Zone 4,58.2,Zone 5,30.1,Zone 4,40.8,Zone 4,35.9,Zone 4,56.8,Zone 5,41.3,Zone 4,61.6,Zone 5,58.2,Zone 5,64.1,Zone 5
Telangana,Ranga Reddy,Esci Gachibowli,25.7,2026-06-08,01:15:00,78.0,2026-06-07,01:15:00,2026-06-08 01:29:54,27.450000000000045,Zone 4,54.3,Zone 5,27.1,Zone 4,38.2,Zone 4,33.1,Zone 4,52.7,Zone 5,38.7,Zone 4,60.8,Zone 5,54.3,Zone 5,63.3,Zone 5
Telangana,Ranga Reddy,Ghatkesar,27.4,2026-06-08,01:15:00,70.0,2026-06-07,01:15:00,2026-06-08 01:29:54,29.55000000000001,Zone 4,59.0,Zone 5,29.7,Zone 4,40.6,Zone 4,35.6,Zone 4,57.6,Zone 5,42.1,Zone 5,61.8,Zone 5,59.0,Zone 5,64.3,Zone 5
Telangana,Ranga Reddy,Hayathnagar,26.4,2026-06-08,01:15:00,77.0,2026-06-07,01:15:00,2026-06-08 01:29:54,28.55000000000001,Zone 4,59.1,Zone 5,28.7,Zone 4,40.5,Zone 5,34.8,Zone 4,57.9,Zone 5,42.5,Zone 5,61.9,Zone 5,59.1,Zone 5,64.3,Zone 5
Telangana,Ranga Reddy,Ibrahimpatam,23.1,2026-06-08,01:15:00,100.0,2026-06-07,01:15:00,2026-06-08 01:29:54,24.850000000000023,Zone 3,55.8,Zone 5,24.8,Zone 3,36.7,Zone 5,31.0,Zone 4,54.3,Zone 5,38.5,Zone 5,61.1,Zone 5,55.8,Zone 5,63.6,Zone 5
Telangana,Sangareddy,Kandi,25.6,2026-06-08,01:15:00,79.0,2026-06-07,01:15:00,2026-06-08 01:29:54,27.350000000000023,Zone 4,55.1,Zone 5,27.2,Zone 4,38.3,Zone 4,33.3,Zone 4,53.6,Zone 5,38.9,Zone 4,60.9,Zone 5,55.1,Zone 5,63.5,Zone 5
Telangana,Sangareddy,Zaheerabad,24.0,2026-06-08,01:15:00,76.0,2026-06-07,01:15:00,2026-06-08 01:29:54,24.950000000000045,Zone 3,43.2,Zone 5,25.0,Zone 3,35.3,Zone 4,30.5,Zone 4,41.9,Zone 5,35.7,Zone 4,56.9,Zone 5,43.2,Zone 5,61.3,Zone 5
Telangana,Siddipet,Kaveri Siddipet,26.0,2026-06-08,01:15:00,75.0,2026-06-07,01:15:00,2026-06-08 01:29:54,27.650000000000034,Zone 4,54.7,Zone 5,27.7,Zone 4,38.6,Zone 4,33.6,Zone 4,53.2,Zone 5,39.2,Zone 4,60.9,Zone 5,54.7,Zone 5,63.4,Zone 5
Telangana,Suryapet,Suryapet Arg,29.9,2026-06-08,01:15:00,60.0,2026-06-07,01:15:00,2026-06-08 01:29:54,32.55000000000001,Zone 4,60.2,Zone 5,32.7,Zone 4,45.5,Zone 5,38.6,Zone 4,59.8,Zone 5,47.8,Zone 5,62.8,Zone 5,60.2,Zone 5,65.1,Zone 5
Telangana,Vikarabad,Tandur,23.7,2026-06-08,01:15:00,78.0,2026-06-07,01:15:00,2026-06-08 01:29:54,24.75,Zone 3,41.9,Zone 5,24.5,Zone 3,34.7,Zone 4,29.9,Zone 4,40.6,Zone 5,35.1,Zone 4,55.8,Zone 5,41.9,Zone 5,61.0,Zone 5
Telangana,Wanaparthy,Horticultural University Mojer,26.8,2026-06-08,00:45:00,84.0,2026-06-07,00:45:00,2026-06-08 01:29:54,29.950000000000045,Zone 4,61.5,Zone 5,30.3,Zone 4,51.6,Zone 5,37.1,Zone 4,61.1,Zone 5,53.9,Zone 5,63.9,Zone 5,61.5,Zone 5,66.1,Zone 5
Telangana,Warangal Rural,Siddhapur,31.0,2026-06-08,01:15:00,49.0,2026-06-07,01:15:00,2026-06-08 01:29:54,32.75,Zone 4,57.2,Zone 5,32.7,Zone 4,42.5,Zone 4,38.0,Zone 4,55.7,Zone 5,43.0,Zone 4,61.4,Zone 5,57.2,Zone 5,63.9,Zone 5
Tripura,Dhalai,Dholai Kvk,27.2,2026-06-08,01:15:00,96.0,2026-06-07,01:15:00,2026-06-08 01:29:54,32.450000000000045,Zone 4,64.1,Zone 5,32.0,Zone 4,60.2,Zone 5,47.1,Zone 5,63.7,Zone 5,60.8,Zone 5,66.2,Zone 5,64.1,Zone 5,68.0,Zone 5
Tripura,Dhalai,Gandachara,27.4,2026-06-08,01:15:00,95.0,2026-06-07,01:15:00,2026-06-08 01:29:54,32.85000000000002,Zone 4,64.7,Zone 5,33.1,Zone 4,61.0,Zone 5,51.0,Zone 5,64.3,Zone 5,61.6,Zone 5,66.7,Zone 5,64.7,Zone 5,68.5,Zone 5
Tripura,Khowai,Teliamura,28.1,2026-06-08,01:15:00,98.0,2026-06-07,01:15:00,2026-06-08 01:29:54,35.55000000000001,Zone 4,66.3,Zone 5,35.2,Zone 4,62.9,Zone 5,59.2,Zone 5,65.9,Zone 5,63.4,Zone 5,68.0,Zone 5,66.3,Zone 5,69.6,Zone 5
Tripura,North Tripura,Ashapara,27.7,2026-06-08,01:15:00,100.0,2026-06-07,01:15:00,2026-06-08 01:29:54,34.75,Zone 4,65.8,Zone 5,34.1,Zone 4,62.3,Zone 5,57.3,Zone 5,65.4,Zone 5,62.9,Zone 5,67.7,Zone 5,65.8,Zone 5,69.3,Zone 5
Tripura,North Tripura,Kamalpur,27.9,2026-06-08,01:15:00,62.0,2026-06-07,01:15:00,2026-06-08 01:29:54,29.55000000000001,Zone 4,54.4,Zone 5,29.7,Zone 4,40.0,Zone 4,35.3,Zone 4,52.9,Zone 5,40.5,Zone 4,60.8,Zone 5,54.4,Zone 5,63.3,Zone 5
Tripura,Sipahijala,Cti,27.5,2026-06-08,01:15:00,,,,2026-06-08 01:29:54,,,,,,,,,,,,,,,,,,,,
Tripura,Sipahijala,Sipahijala,26.9,2026-06-08,01:15:00,100.0,2026-06-07,01:15:00,2026-06-08 01:29:54,32.35000000000002,Zone 4,65.0,Zone 5,32.7,Zone 4,61.3,Zone 5,52.3,Zone 5,64.6,Zone 5,61.8,Zone 5,66.9,Zone 5,65.0,Zone 5,68.7,Zone 5
Tripura,Sipahijala,Sonamura,30.7,2026-06-08,01:15:00,,,,2026-06-08 01:29:54,,,,,,,,,,,,,,,,,,,,
Tripura,South Tripura,Gokulpur,28.2,2026-06-08,01:15:00,,,,2026-06-08 01:29:54,,,,,,,,,,,,,,,,,,,,
Tripura,South Tripura,Sabroom,27.2,2026-06-08,01:15:00,37.0,2026-06-07,01:15:00,2026-06-08 01:29:54,26.75,Zone 4,39.1,Zone 4,26.6,Zone 4,35.0,Zone 4,31.1,Zone 4,39.0,Zone 4,35.2,Zone 4,42.7,Zone 4,39.1,Zone 4,53.5,Zone 5
Tripura,Unakoti,Kailashahar,27.0,2026-06-08,01:15:00,100.0,2026-06-07,01:15:00,2026-06-08 01:29:54,32.650000000000034,Zone 4,65.0,Zone 5,32.7,Zone 4,61.3,Zone 5,52.3,Zone 5,64.6,Zone 5,61.8,Zone 5,66.9,Zone 5,65.0,Zone 5,68.7,Zone 5
Tripura,West Tripura,Agartala Airport,27.3,2026-06-08,01:15:00,99.0,2026-06-07,01:15:00,2026-06-08 01:29:54,33.35000000000002,Zone 4,65.6,Zone 5,33.9,Zone 4,62.1,Zone 5,56.1,Zone 5,65.2,Zone 5,62.6,Zone 5,67.5,Zone 5,65.6,Zone 5,69.1,Zone 5
Tripura,West Tripura,A D Nagar Amfu,27.9,2026-06-08,01:15:00,,,,2026-06-08 01:29:54,,,,,,,,,,,,,,,,,,,,
Tripura,West Tripura,Dm Office West Agartala,27.5,2026-06-08,01:15:00,,,,2026-06-08 01:29:54,,,,,,,,,,,,,,,,,,,,
Tripura,West Tripura,Hrc Nagicherra,26.9,2026-06-08,01:15:00,,,,2026-06-08 01:29:54,,,,,,,,,,,,,,,,,,,,
Tripura,West Tripura,Khumluwang,27.0,2026-06-08,01:15:00,,,,2026-06-08 01:29:54,,,,,,,,,,,,,,,,,,,,
Tripura,West Tripura,Met Agartala,27.0,2026-06-08,01:15:00,96.0,2026-06-07,01:15:00,2026-06-08 01:29:54,31.950000000000045,Zone 4,64.1,Zone 5,32.0,Zone 4,60.2,Zone 5,47.1,Zone 5,63.7,Zone 5,60.8,Zone 5,66.2,Zone 5,64.1,Zone 5,68.0,Zone 5
Tripura,West Tripura,Secretariat,28.1,2026-06-08,01:15:00,,,,2026-06-08 01:29:54,,,,,,,,,,,,,,,,,,,,
Uttarakhand,Almora,Chaubatia Ranikhet,18.2,2026-06-08,01:15:00,72.0,2026-06-07,01:15:00,2026-06-08 01:29:54,17.950000000000045,Zone 3,31.9,Zone 4,17.7,Zone 3,27.6,Zone 4,23.7,Zone 3,31.7,Zone 4,27.7,Zone 4,35.7,Zone 4,31.9,Zone 4,40.5,Zone 5
Uttarakhand,Almora,Matela Kvk,18.5,2026-06-08,01:15:00,100.0,2026-06-07,01:15:00,2026-06-08 01:29:54,19.650000000000034,Zone 3,34.3,Zone 4,19.7,Zone 3,29.2,Zone 4,24.8,Zone 3,34.0,Zone 4,29.5,Zone 4,42.6,Zone 5,34.3,Zone 4,56.0,Zone 5
Uttarakhand,Chamoli,Chamoli,18.4,2026-06-08,01:15:00,94.0,2026-06-07,01:15:00,2026-06-08 01:29:54,19.25,Zone 3,33.9,Zone 4,19.4,Zone 3,28.9,Zone 4,24.6,Zone 3,33.6,Zone 4,29.2,Zone 4,39.7,Zone 5,33.9,Zone 4,53.2,Zone 5
Uttarakhand,Chamoli,Tharali,,,,16.0,2026-06-07,01:15:00,2026-06-08 01:29:54,,,,,,,,,,,,,,,,,,,,
Uttarakhand,Champawat,Champawat,17.6,2026-06-08,01:15:00,,,,2026-06-08 01:29:54,,,,,,,,,,,,,,,,,,,,
Uttarakhand,Dehradun,Dehradun,,,,59.0,2026-06-07,01:15:00,2026-06-08 01:29:54,,,,,,,,,,,,,,,,,,,,
Uttarakhand,Dehradun,Hatibharkala,26.0,2026-06-08,01:15:00,59.0,2026-06-07,01:15:00,2026-06-08 01:29:54,26.650000000000034,Zone 4,41.2,Zone 4,26.6,Zone 4,36.3,Zone 4,31.8,Zone 4,40.9,Zone 4,36.7,Zone 4,54.2,Zone 5,41.2,Zone 4,60.7,Zone 5
Uttarakhand,Dehradun,Jollygrant,25.4,2026-06-08,01:15:00,75.0,2026-06-07,01:15:00,2026-06-08 01:29:54,26.75,Zone 4,51.6,Zone 5,26.9,Zone 4,37.7,Zone 4,32.8,Zone 4,50.1,Zone 5,38.2,Zone 4,60.2,Zone 5,51.6,Zone 5,62.8,Zone 5
Uttarakhand,Dehradun,Maldevta,24.6,2026-06-08,01:15:00,71.0,2026-06-07,01:15:00,2026-06-08 01:29:54,25.450000000000045,Zone 4,42.1,Zone 5,25.3,Zone 4,35.5,Zone 4,30.8,Zone 4,40.8,Zone 5,35.9,Zone 4,56.0,Zone 5,42.1,Zone 5,61.1,Zone 5
Uttarakhand,Dehradun,Massouri,21.0,2026-06-08,01:15:00,76.0,2026-06-07,01:15:00,2026-06-08 01:29:54,21.55000000000001,Zone 3,35.9,Zone 4,21.6,Zone 3,31.1,Zone 4,26.6,Zone 4,35.6,Zone 4,31.4,Zone 4,41.8,Zone 5,35.9,Zone 4,55.2,Zone 5
Uttarakhand,Dehradun,Mohakampur,25.0,2026-06-08,01:15:00,84.0,2026-06-07,01:15:00,2026-06-08 01:29:54,26.75,Zone 4,56.2,Zone 5,26.8,Zone 4,38.1,Zone 4,33.0,Zone 4,54.7,Zone 5,38.9,Zone 5,61.2,Zone 5,56.2,Zone 5,63.7,Zone 5
Uttarakhand,Dehradun,Rishikesh,,,,49.0,2026-06-07,01:15:00,2026-06-08 01:29:54,,,,,,,,,,,,,,,,,,,,
Uttarakhand,Nainital,Mukteshwar,25.2,2026-06-08,01:15:00,,,,2026-06-08 01:29:54,,,,,,,,,,,,,,,,,,,,
Uttarakhand,Nainital,Nainital(Jeolikot) Kvk,20.0,2026-06-08,01:15:00,94.0,2026-06-07,01:15:00,2026-06-08 01:29:54,21.25,Zone 3,36.1,Zone 4,21.2,Zone 3,30.9,Zone 4,26.1,Zone 4,35.8,Zone 4,31.2,Zone 4,47.3,Zone 5,36.1,Zone 4,59.2,Zone 5
Uttarakhand,Nainital,Th Kosiyakutoli,21.9,2026-06-08,01:15:00,95.0,2026-06-07,01:15:00,2026-06-08 01:29:54,23.450000000000045,Zone 3,45.4,Zone 5,23.5,Zone 3,34.0,Zone 4,28.9,Zone 4,43.9,Zone 5,34.5,Zone 4,58.6,Zone 5,45.4,Zone 5,61.7,Zone 5
Uttarakhand,Pauri Garhwal,Bharsar,15.4,2026-06-08,01:15:00,82.0,2026-06-07,01:15:00,2026-06-08 01:29:54,14.950000000000045,Zone 3,29.6,Zone 4,15.1,Zone 3,25.4,Zone 4,21.9,Zone 3,29.5,Zone 4,25.5,Zone 4,33.5,Zone 4,29.6,Zone 4,37.3,Zone 4
Uttarakhand,Pauri Garhwal,Srinagar Arg,24.2,2026-06-08,01:15:00,,,,2026-06-08 01:29:54,,,,,,,,,,,,,,,,,,,,
Uttarakhand,Pithoragarh,Gangolihat,19.2,2026-06-08,00:30:00,,,,2026-06-08 01:29:54,,,,,,,,,,,,,,,,,,,,
Uttarakhand,Rudraprayag,Rudra Prayag,21.0,2026-06-08,01:15:00,94.0,2026-06-07,01:15:00,2026-06-08 01:29:54,22.350000000000023,Zone 3,38.8,Zone 5,22.4,Zone 3,32.3,Zone 4,27.4,Zone 4,37.6,Zone 5,32.7,Zone 4,52.8,Zone 5,38.8,Zone 5,60.4,Zone 5
Uttarakhand,Tehri Garhwal,Devprayag,24.3,2026-06-08,01:15:00,72.0,2026-06-07,01:15:00,2026-06-08 01:29:54,25.150000000000034,Zone 3,42.9,Zone 5,25.4,Zone 4,35.6,Zone 4,30.9,Zone 4,41.6,Zone 5,36.0,Zone 4,56.6,Zone 5,42.9,Zone 5,61.2,Zone 5
Uttarakhand,Tehri Garhwal,Rani Chawri,,,,83.0,2026-06-07,01:15:00,2026-06-08 01:29:54,,,,,,,,,,,,,,,,,,,,
Uttarakhand,Udham Singh Nagar,Kashipur Aws400,27.4,2026-06-08,01:15:00,92.0,2026-06-07,01:15:00,2026-06-08 01:29:54,32.35000000000002,Zone 4,64.1,Zone 5,32.6,Zone 4,60.2,Zone 5,47.0,Zone 5,63.7,Zone 5,60.8,Zone 5,66.2,Zone 5,64.1,Zone 5,68.0,Zone 5
Uttarakhand,Uttarkashi,Purola,20.4,2026-06-08,01:15:00,,,,2026-06-08 01:29:54,,,,,,,,,,,,,,,,,,,,
Uttar Pradesh,Agra,Hydrogen Factory Bindukatra,30.9,2026-06-08,01:15:00,69.0,2026-06-07,01:15:00,2026-06-08 01:29:54,36.35000000000002,Zone 4,64.2,Zone 5,36.6,Zone 4,60.3,Zone 5,47.5,Zone 5,63.8,Zone 5,60.9,Zone 5,66.2,Zone 5,64.2,Zone 5,68.1,Zone 5
Uttar Pradesh,Aligarh,Quarsi Farms Quarsi,33.7,2026-06-08,01:15:00,69.0,2026-06-07,01:15:00,2026-06-08 01:29:54,50.05000000000001,Zone 5,68.1,Zone 5,47.4,Zone 5,65.2,Zone 5,62.0,Zone 5,67.8,Zone 5,65.7,Zone 5,69.6,Zone 5,68.1,Zone 5,71.0,Zone 5
Uttar Pradesh,Ambedkar Nagar,Collectorate Office Akbarpur,28.9,2026-06-08,01:15:00,,,,2026-06-08 01:29:54,,,,,,,,,,,,,,,,,,,,
Uttar Pradesh,Amroha,Amroha 400Aws,28.4,2026-06-08,01:15:00,63.0,2026-06-07,01:15:00,2026-06-08 01:29:54,30.450000000000045,Zone 4,58.2,Zone 5,30.6,Zone 4,41.1,Zone 4,36.3,Zone 4,56.7,Zone 5,41.7,Zone 4,61.6,Zone 5,58.2,Zone 5,64.1,Zone 5
Uttar Pradesh,Ayodhya,Ayodhya 400Aws,30.4,2026-06-08,01:15:00,68.0,2026-06-07,01:15:00,2026-06-08 01:29:54,34.950000000000045,Zone 4,63.1,Zone 5,35.2,Zone 4,59.1,Zone 5,41.8,Zone 4,62.7,Zone 5,59.6,Zone 5,65.3,Zone 5,63.1,Zone 5,67.3,Zone 5
Uttar Pradesh,Ayodhya,Krishi Vigyan Kendra Kumarganj,,,,75.0,2026-06-07,01:15:00,2026-06-08 01:29:54,,,,,,,,,,,,,,,,,,,,
Uttar Pradesh,Azamgarh,Lalganj Tehsil Office,29.4,2026-06-08,01:15:00,,,,2026-06-08 01:29:54,,,,,,,,,,,,,,,,,,,,
Uttar Pradesh,Bahraich,Bharaich Amfu,,,,82.0,2026-06-07,01:15:00,2026-06-08 01:29:54,,,,,,,,,,,,,,,,,,,,
Uttar Pradesh,Ballia,Ballia  400Aws,28.7,2026-06-08,01:15:00,80.0,2026-06-07,01:15:00,2026-06-08 01:29:54,33.450000000000045,Zone 4,63.0,Zone 5,32.9,Zone 4,58.6,Zone 5,40.7,Zone 5,62.6,Zone 5,59.5,Zone 5,65.2,Zone 5,63.0,Zone 5,67.2,Zone 5
Uttar Pradesh,Banda,Banda 400Aws,29.1,2026-06-08,01:15:00,53.0,2026-06-07,01:15:00,2026-06-08 01:29:54,30.350000000000023,Zone 4,50.7,Zone 5,30.2,Zone 4,40.0,Zone 4,35.5,Zone 4,49.2,Zone 5,40.4,Zone 4,60.0,Zone 5,50.7,Zone 5,62.7,Zone 5
Uttar Pradesh,Barabanki,Barabanki 400Aws,29.0,2026-06-08,01:15:00,75.0,2026-06-07,01:15:00,2026-06-08 01:29:54,33.150000000000034,Zone 4,62.6,Zone 5,33.2,Zone 4,56.8,Zone 5,39.9,Zone 4,62.2,Zone 5,58.8,Zone 5,64.9,Zone 5,62.6,Zone 5,66.9,Zone 5
Uttar Pradesh,Bareilly,Bareilly Bilwa 400Aws,29.0,2026-06-08,01:15:00,58.0,2026-06-07,01:15:00,2026-06-08 01:29:54,30.75,Zone 4,56.0,Zone 5,30.8,Zone 4,41.0,Zone 4,36.3,Zone 4,54.6,Zone 5,41.5,Zone 4,61.1,Zone 5,56.0,Zone 5,63.7,Zone 5
Uttar Pradesh,Bijnor,Prithvipur 400Aws,28.8,2026-06-08,01:15:00,66.0,2026-06-07,01:15:00,2026-06-08 01:29:54,31.450000000000045,Zone 4,60.3,Zone 5,31.8,Zone 4,45.9,Zone 5,37.8,Zone 4,59.9,Zone 5,48.2,Zone 5,62.9,Zone 5,60.3,Zone 5,65.2,Zone 5
Uttar Pradesh,Bulandshahar,Bulandshahar Kvk,29.8,2026-06-08,01:15:00,38.0,2026-06-07,01:15:00,2026-06-08 01:29:54,29.75,Zone 4,43.2,Zone 4,30.0,Zone 4,38.7,Zone 4,34.7,Zone 4,42.9,Zone 4,39.0,Zone 4,53.3,Zone 5,43.2,Zone 4,60.5,Zone 5
Uttar Pradesh,Chitrakoot,Ganivan Kvk,29.9,2026-06-08,01:15:00,,,,2026-06-08 01:29:54,,,,,,,,,,,,,,,,,,,,
Uttar Pradesh,Etawah,Bbrau Agriculture College,32.7,2026-06-08,01:00:00,46.0,2026-06-07,01:00:00,2026-06-08 01:29:54,34.950000000000045,Zone 4,59.6,Zone 5,34.6,Zone 4,44.4,Zone 4,40.0,Zone 4,59.2,Zone 5,45.1,Zone 5,62.4,Zone 5,59.6,Zone 5,64.7,Zone 5
Uttar Pradesh,Farrukhabad,Farrukhabad 400Aws,29.8,2026-06-08,01:15:00,25.0,2026-06-07,01:15:00,2026-06-08 01:29:54,28.650000000000034,Zone 4,40.7,Zone 4,28.9,Zone 4,36.8,Zone 4,33.1,Zone 4,40.5,Zone 4,37.0,Zone 4,44.0,Zone 4,40.7,Zone 4,53.3,Zone 5
Uttar Pradesh,Fatehpur,Fatehpur Kvk,28.5,2026-06-08,01:15:00,,,,2026-06-08 01:29:54,,,,,,,,,,,,,,,,,,,,
Uttar Pradesh,Firozabad,Firozabad 400Aws,30.5,2026-06-08,01:15:00,45.0,2026-06-07,01:15:00,2026-06-08 01:29:54,31.450000000000045,Zone 4,49.8,Zone 5,31.5,Zone 4,40.8,Zone 4,36.5,Zone 4,48.3,Zone 5,41.2,Zone 4,59.8,Zone 5,49.8,Zone 5,62.5,Zone 5
Uttar Pradesh,Gautam Buddha Nagar,Kvk Chholas 400Aws,28.4,2026-06-08,01:15:00,62.0,2026-06-07,01:15:00,2026-06-08 01:29:54,30.25,Zone 4,57.2,Zone 5,30.5,Zone 4,40.9,Zone 4,36.1,Zone 4,55.8,Zone 5,41.4,Zone 4,61.4,Zone 5,57.2,Zone 5,63.9,Zone 5
Uttar Pradesh,Ghaziabad,Kv2 Airforce Hindon,31.3,2026-06-08,01:15:00,43.0,2026-06-07,01:15:00,2026-06-08 01:29:54,32.35000000000002,Zone 4,52.7,Zone 5,32.6,Zone 4,41.9,Zone 4,37.6,Zone 4,51.2,Zone 5,42.3,Zone 4,60.4,Zone 5,52.7,Zone 5,63.0,Zone 5
Uttar Pradesh,Ghaziabad,Kv Kamala Nehru Nagar,30.0,2026-06-08,01:00:00,50.0,2026-06-07,01:00:00,2026-06-08 01:29:54,31.350000000000023,Zone 4,52.9,Zone 5,31.4,Zone 4,41.0,Zone 4,36.6,Zone 4,51.4,Zone 5,41.5,Zone 4,60.5,Zone 5,52.9,Zone 5,63.1,Zone 5
Uttar Pradesh,Hamirpur,Hamirpur 400Aws,29.5,2026-06-08,01:15:00,53.0,2026-06-07,01:15:00,2026-06-08 01:29:54,30.950000000000045,Zone 4,53.5,Zone 5,31.0,Zone 4,40.8,Zone 4,36.3,Zone 4,52.0,Zone 5,41.3,Zone 4,60.6,Zone 5,53.5,Zone 5,63.2,Zone 5
Uttar Pradesh,Hapur,Hapur 400Aws,28.1,2026-06-08,01:15:00,68.0,2026-06-07,01:15:00,2026-06-08 01:29:54,30.450000000000045,Zone 4,59.3,Zone 5,30.3,Zone 4,41.3,Zone 5,36.3,Zone 4,58.6,Zone 5,43.4,Zone 5,62.1,Zone 5,59.3,Zone 5,64.5,Zone 5
Uttar Pradesh,Hardoi,Hardoi 400Aws,30.7,2026-06-08,01:15:00,,,,2026-06-08 01:29:54,,,,,,,,,,,,,,,,,,,,
Uttar Pradesh,Jalaun,Jalaun 400Aws,30.8,2026-06-08,01:15:00,50.0,2026-06-07,01:15:00,2026-06-08 01:29:54,32.55000000000001,Zone 4,58.2,Zone 5,32.9,Zone 4,42.8,Zone 4,38.2,Zone 4,56.8,Zone 5,43.3,Zone 4,61.7,Zone 5,58.2,Zone 5,64.1,Zone 5
Uttar Pradesh,Jhansi,Bhundelkhand University,30.1,2026-06-08,01:15:00,8.0,2026-06-07,01:15:00,2026-06-08 01:29:54,27.75,Zone 4,38.1,Zone 4,27.7,Zone 4,34.8,Zone 4,31.4,Zone 4,38.0,Zone 4,34.8,Zone 4,41.1,Zone 4,38.1,Zone 4,44.1,Zone 4
Uttar Pradesh,Kashganj,Kashganj 400Aws,29.1,2026-06-08,01:15:00,50.0,2026-06-07,01:15:00,2026-06-08 01:29:54,30.05000000000001,Zone 4,47.3,Zone 5,29.9,Zone 4,39.4,Zone 4,35.0,Zone 4,45.9,Zone 5,39.8,Zone 4,59.3,Zone 5,47.3,Zone 5,62.1,Zone 5
Uttar Pradesh,Kushinagar,Kushinagar Kvk,27.3,2026-06-08,01:15:00,99.0,2026-06-07,01:15:00,2026-06-08 01:29:54,33.35000000000002,Zone 4,65.6,Zone 5,33.9,Zone 4,62.1,Zone 5,56.1,Zone 5,65.2,Zone 5,62.6,Zone 5,67.5,Zone 5,65.6,Zone 5,69.1,Zone 5
Uttar Pradesh,Lakhimpur Kheri,Lakhimpur Kheri 400Aws,27.6,2026-06-08,01:15:00,,,,2026-06-08 01:29:54,,,,,,,,,,,,,,,,,,,,
Uttar Pradesh,Lucknow,Integral University,32.5,2026-06-08,01:15:00,,,,2026-06-08 01:29:54,,,,,,,,,,,,,,,,,,,,
Uttar Pradesh,Lucknow,Lucknow Lab,31.5,2026-06-08,01:15:00,52.0,2026-06-07,01:15:00,2026-06-08 01:29:54,34.05000000000001,Zone 4,60.1,Zone 5,34.0,Zone 4,45.0,Zone 5,39.6,Zone 4,59.7,Zone 5,47.2,Zone 5,62.8,Zone 5,60.1,Zone 5,65.1,Zone 5
Uttar Pradesh,Lucknow,Meteorological Centre Amausi,34.6,2026-06-08,01:15:00,56.0,2026-06-07,01:15:00,2026-06-08 01:29:54,41.85000000000002,Zone 4,65.7,Zone 5,41.6,Zone 4,62.2,Zone 5,56.7,Zone 5,65.3,Zone 5,62.7,Zone 5,67.6,Zone 5,65.7,Zone 5,69.2,Zone 5
Uttar Pradesh,Mainpuri,Mainpuri Kvk,29.6,2026-06-08,01:15:00,56.0,2026-06-07,01:15:00,2026-06-08 01:29:54,31.450000000000045,Zone 4,56.7,Zone 5,31.3,Zone 4,41.5,Zone 4,36.8,Zone 4,55.3,Zone 5,42.0,Zone 4,61.3,Zone 5,56.7,Zone 5,63.8,Zone 5
Uttar Pradesh,Mathura,Collectorate Office,30.0,2026-06-08,01:15:00,69.0,2026-06-07,01:15:00,2026-06-08 01:29:54,34.25,Zone 4,62.6,Zone 5,34.3,Zone 4,57.0,Zone 5,40.8,Zone 4,62.2,Zone 5,59.0,Zone 5,64.9,Zone 5,62.6,Zone 5,66.9,Zone 5
Uttar Pradesh,Mathura,Mathura 400Aws,26.7,2026-06-08,01:15:00,71.0,2026-06-07,01:15:00,2026-06-08 01:29:54,28.450000000000045,Zone 4,54.2,Zone 5,28.2,Zone 4,38.9,Zone 4,34.0,Zone 4,52.6,Zone 5,39.4,Zone 4,60.7,Zone 5,54.2,Zone 5,63.3,Zone 5
Uttar Pradesh,Meerut,Ccsu Campus,34.6,2026-06-08,01:15:00,65.0,2026-06-07,01:15:00,2026-06-08 01:29:54,51.950000000000045,Zone 5,68.5,Zone 5,50.6,Zone 5,65.6,Zone 5,62.6,Zone 5,68.2,Zone 5,66.1,Zone 5,70.0,Zone 5,68.5,Zone 5,71.3,Zone 5
Uttar Pradesh,Mirzapur,Dagmapur 400Aws,32.4,2026-06-08,01:15:00,41.0,2026-06-07,01:15:00,2026-06-08 01:29:54,33.650000000000034,Zone 4,55.4,Zone 5,33.8,Zone 4,43.0,Zone 4,38.8,Zone 4,53.9,Zone 5,43.5,Zone 4,61.0,Zone 5,55.4,Zone 5,63.5,Zone 5
Uttar Pradesh,Moradabad,Ucheti 400Aws,28.7,2026-06-08,01:15:00,64.0,2026-06-07,01:15:00,2026-06-08 01:29:54,31.05000000000001,Zone 4,59.0,Zone 5,30.7,Zone 4,41.3,Zone 4,36.5,Zone 4,57.7,Zone 5,42.2,Zone 5,61.8,Zone 5,59.0,Zone 5,64.3,Zone 5
Uttar Pradesh,Muzaffarnagar,Sohanjani Tajan 400Aws,28.4,2026-06-08,01:15:00,74.0,2026-06-07,01:15:00,2026-06-08 01:29:54,31.75,Zone 4,61.5,Zone 5,32.0,Zone 4,51.9,Zone 5,38.5,Zone 4,61.1,Zone 5,54.2,Zone 5,64.0,Zone 5,61.5,Zone 5,66.1,Zone 5
Uttar Pradesh,Pratapgarh,Pratapgarh 400Aws,29.5,2026-06-08,01:15:00,58.0,2026-06-07,01:15:00,2026-06-08 01:29:54,31.55000000000001,Zone 4,58.7,Zone 5,31.6,Zone 4,41.9,Zone 4,37.2,Zone 4,57.3,Zone 5,42.5,Zone 4,61.8,Zone 5,58.7,Zone 5,64.2,Zone 5
Uttar Pradesh,Raebareli,Airport Fursatganj,29.0,2026-06-08,01:15:00,100.0,2026-06-07,01:15:00,2026-06-08 01:29:54,50.05000000000001,Zone 5,68.5,Zone 5,50.0,Zone 5,65.5,Zone 5,62.5,Zone 5,68.1,Zone 5,66.1,Zone 5,69.9,Zone 5,68.5,Zone 5,71.3,Zone 5
Uttar Pradesh,Saharanpur,Saharanpur 400Aws,27.5,2026-06-08,01:15:00,80.0,2026-06-07,01:15:00,2026-06-08 01:29:54,30.850000000000023,Zone 4,61.4,Zone 5,30.8,Zone 4,51.1,Zone 5,37.5,Zone 4,61.0,Zone 5,53.4,Zone 5,63.8,Zone 5,61.4,Zone 5,66.0,Zone 5
Uttar Pradesh,Sambhal,Sambhal Paltha 400Aws,29.1,2026-06-08,01:15:00,,,,2026-06-08 01:29:54,,,,,,,,,,,,,,,,,,,,
Uttar Pradesh,Shahjahanpur,Shahjahanpur 400Aws,30.9,2026-06-08,01:15:00,59.0,2026-06-07,01:15:00,2026-06-08 01:29:54,34.25,Zone 4,61.4,Zone 5,34.4,Zone 4,51.3,Zone 5,40.4,Zone 4,61.0,Zone 5,53.6,Zone 5,63.9,Zone 5,61.4,Zone 5,66.0,Zone 5
Uttar Pradesh,Shamli,Shamli 400Aws,28.1,2026-06-08,01:15:00,53.0,2026-06-07,01:15:00,2026-06-08 01:29:54,28.950000000000045,Zone 4,45.0,Zone 5,28.8,Zone 4,38.4,Zone 4,34.0,Zone 4,43.6,Zone 5,38.8,Zone 4,58.4,Zone 5,45.0,Zone 5,61.6,Zone 5
Uttar Pradesh,Sitapur,Ramkot 400Aws,27.8,2026-06-08,01:15:00,,,,2026-06-08 01:29:54,,,,,,,,,,,,,,,,,,,,
Uttar Pradesh,Sultanpur,Krishi Vigyan Kendra Barasin,,,,88.0,2026-06-07,01:15:00,2026-06-08 01:29:54,,,,,,,,,,,,,,,,,,,,
West Bengal,Alipurduar,Jayanti,25.7,2026-06-08,01:15:00,100.0,2026-06-07,01:15:00,2026-06-08 01:29:54,29.450000000000045,Zone 4,62.4,Zone 5,29.0,Zone 4,55.9,Zone 5,37.6,Zone 5,62.0,Zone 5,58.0,Zone 5,64.7,Zone 5,62.4,Zone 5,66.7,Zone 5
West Bengal,Cooch Behar,Pundibari Amfu,25.8,2026-06-08,01:15:00,,,,2026-06-08 01:29:54,,,,,,,,,,,,,,,,,,,,
West Bengal,Darjeeling,Darjeeling Mo,18.0,2026-06-08,01:15:00,100.0,2026-06-07,01:15:00,2026-06-08 01:29:54,19.05000000000001,Zone 3,33.6,Zone 4,19.1,Zone 3,28.6,Zone 4,24.4,Zone 3,33.3,Zone 4,28.9,Zone 4,40.2,Zone 5,33.6,Zone 4,53.7,Zone 5
West Bengal,Darjeeling,Kharibari,24.7,2026-06-08,01:15:00,100.0,2026-06-07,01:15:00,2026-06-08 01:29:54,27.350000000000023,Zone 4,60.7,Zone 5,27.0,Zone 4,47.6,Zone 5,34.0,Zone 4,60.2,Zone 5,50.0,Zone 5,63.2,Zone 5,60.7,Zone 5,65.5,Zone 5
West Bengal,Howrah,Uluberia,26.1,2026-06-08,01:15:00,97.0,2026-06-07,01:15:00,2026-06-08 01:29:54,29.950000000000045,Zone 4,62.6,Zone 5,29.8,Zone 4,57.0,Zone 5,38.8,Zone 5,62.2,Zone 5,59.0,Zone 5,64.9,Zone 5,62.6,Zone 5,66.9,Zone 5
West Bengal,Jalpaiguri,Banarhat,25.1,2026-06-08,01:15:00,94.0,2026-06-07,01:15:00,2026-06-08 01:29:54,27.650000000000034,Zone 4,60.3,Zone 5,27.5,Zone 4,45.9,Zone 5,34.3,Zone 4,59.9,Zone 5,48.3,Zone 5,62.9,Zone 5,60.3,Zone 5,65.2,Zone 5
West Bengal,Jalpaiguri,Dhupguri,25.0,2026-06-08,01:00:00,100.0,2026-06-07,01:00:00,2026-06-08 01:29:54,27.950000000000045,Zone 4,61.5,Zone 5,28.0,Zone 4,51.8,Zone 5,35.2,Zone 4,61.1,Zone 5,54.1,Zone 5,64.0,Zone 5,61.5,Zone 5,66.1,Zone 5
West Bengal,Jalpaiguri,Ramshai Kvk,24.6,2026-06-08,01:15:00,,,,2026-06-08 01:29:54,,,,,,,,,,,,,,,,,,,,
West Bengal,Jhargram,Jhargram,24.8,2026-06-08,01:15:00,94.0,2026-06-07,01:15:00,2026-06-08 01:29:54,27.150000000000034,Zone 4,60.3,Zone 5,27.5,Zone 4,45.9,Zone 5,34.3,Zone 4,59.9,Zone 5,48.3,Zone 5,62.9,Zone 5,60.3,Zone 5,65.2,Zone 5
West Bengal,Kolkata,Kolkata Airport,15.7,2026-06-08,01:15:00,97.0,2026-06-07,01:15:00,2026-06-08 01:29:54,16.05000000000001,Zone 3,30.2,Zone 4,15.8,Zone 3,25.7,Zone 4,22.3,Zone 3,30.1,Zone 4,25.9,Zone 4,34.3,Zone 4,30.2,Zone 4,40.9,Zone 5
West Bengal,Malda,Malda,26.1,2026-06-08,01:15:00,,,,2026-06-08 01:29:54,,,,,,,,,,,,,,,,,,,,
West Bengal,Murshidabad,Berhampore,25.5,2026-06-08,01:15:00,99.0,2026-06-07,01:15:00,2026-06-08 01:29:54,28.950000000000045,Zone 4,62.2,Zone 5,28.9,Zone 4,54.9,Zone 5,36.7,Zone 5,61.7,Zone 5,57.1,Zone 5,64.5,Zone 5,62.2,Zone 5,66.6,Zone 5
West Bengal,Murshidabad,Murshidabad Kvk,25.4,2026-06-08,01:15:00,,,,2026-06-08 01:29:54,,,,,,,,,,,,,,,,,,,,
West Bengal,Nadia,Bijpur,25.4,2026-06-08,01:15:00,100.0,2026-06-07,01:15:00,2026-06-08 01:29:54,28.75,Zone 4,62.4,Zone 5,29.0,Zone 4,55.9,Zone 5,37.6,Zone 5,62.0,Zone 5,58.0,Zone 5,64.7,Zone 5,62.4,Zone 5,66.7,Zone 5
West Bengal,Nadia,Kalyani Amfu,25.5,2026-06-08,01:15:00,100.0,2026-06-07,01:15:00,2026-06-08 01:29:54,29.05000000000001,Zone 4,62.4,Zone 5,29.0,Zone 4,55.9,Zone 5,37.6,Zone 5,62.0,Zone 5,58.0,Zone 5,64.7,Zone 5,62.4,Zone 5,66.7,Zone 5
West Bengal,North Dinajpur,Raiganj,26.7,2026-06-08,01:00:00,98.0,2026-06-07,01:00:00,2026-06-08 01:29:54,31.55000000000001,Zone 4,63.7,Zone 5,31.0,Zone 4,59.7,Zone 5,44.5,Zone 5,63.3,Zone 5,60.3,Zone 5,65.8,Zone 5,63.7,Zone 5,67.7,Zone 5
West Bengal,North Twenty Four Parganas,Ashoknagar Kvk,26.1,2026-06-08,01:15:00,,,,2026-06-08 01:29:54,,,,,,,,,,,,,,,,,,,,
West Bengal,North Twenty Four Parganas,Barrackpore Aws400,25.6,2026-06-08,01:15:00,85.0,2026-06-07,01:15:00,2026-06-08 01:29:54,27.850000000000023,Zone 4,59.3,Zone 5,27.7,Zone 4,41.1,Zone 5,34.0,Zone 4,58.5,Zone 5,43.3,Zone 5,62.0,Zone 5,59.3,Zone 5,64.4,Zone 5
West Bengal,North Twenty Four Parganas,Jisu Agarpara,26.5,2026-06-08,01:15:00,92.0,2026-06-07,01:15:00,2026-06-08 01:29:54,30.25,Zone 4,62.4,Zone 5,30.2,Zone 4,56.0,Zone 5,37.7,Zone 5,62.0,Zone 5,58.1,Zone 5,64.7,Zone 5,62.4,Zone 5,66.8,Zone 5
West Bengal,Purulia,Purulia Kvk,25.8,2026-06-08,01:15:00,,,,2026-06-08 01:29:54,,,,,,,,,,,,,,,,,,,,
West Bengal,South Dinajpur,Balurghat,27.0,2026-06-08,01:15:00,100.0,2026-06-07,01:15:00,2026-06-08 01:29:54,32.650000000000034,Zone 4,65.0,Zone 5,32.7,Zone 4,61.3,Zone 5,52.3,Zone 5,64.6,Zone 5,61.8,Zone 5,66.9,Zone 5,65.0,Zone 5,68.7,Zone 5
West Bengal,South Dinajpur,Majhian Amfu,27.1,2026-06-08,01:15:00,98.0,2026-06-07,01:15:00,2026-06-08 01:29:54,32.55000000000001,Zone 4,64.5,Zone 5,32.3,Zone 4,60.7,Zone 5,49.7,Zone 5,64.1,Zone 5,61.3,Zone 5,66.5,Zone 5,64.5,Zone 5,68.3,Zone 5
West Bengal,South Twenty Four Parganas,Alipore,26.1,2026-06-08,01:15:00,100.0,2026-06-07,01:15:00,2026-06-08 01:29:54,30.350000000000023,Zone 4,63.2,Zone 5,30.1,Zone 4,59.2,Zone 5,42.0,Zone 5,62.8,Zone 5,59.8,Zone 5,65.4,Zone 5,63.2,Zone 5,67.4,Zone 5
West Bengal,South Twenty Four Parganas,Gangasagar,26.1,2026-06-08,01:15:00,,,,2026-06-08 01:29:54,,,,,,,,,,,,,,,,,,,,
West Bengal,South Twenty Four Parganas,Nimpith,,,,8.0,2026-06-07,01:15:00,2026-06-08 01:29:54,,,,,,,,,,,,,,,,,,,,
,,,,,,,,,2026-06-08 01:29:54,,,,,,,,,,,,,,,,,,,,
,,,,,,,,,2026-06-08 01:29:54,,,,,,,,,,,,,,,,,,,,
,,,,,,,,,2026-06-08 01:29:54,,,,,,,,,,,,,,,,,,,,
,,,,,,,,,2026-06-08 01:29:54,,,,,,,,,,,,,,,,,,,,
Andaman And Nicobar,Nicobar,Car Nicobar,27.9,2026-06-08,02:30:00,92.0,2026-06-07,02:30:00,2026-06-08 02:41:07,33.650000000000034,Zone 4,64.9,Zone 5,33.9,Zone 4,61.2,Zone 5,52.1,Zone 5,64.5,Zone 5,61.8,Zone 5,66.9,Zone 5,64.9,Zone 5,68.6,Zone 5
Andaman And Nicobar,Nicobar,Nancowry,35.9,2026-06-08,02:30:00,97.0,2026-06-07,02:30:00,2026-06-08 02:41:07,80.95000000000005,Zone 6,90.1,Zone 6,81.4,Zone 6,86.5,Zone 6,84.3,Zone 6,89.4,Zone 6,87.2,Zone 6,92.2,Zone 6,90.1,Zone 6,95.0,Zone 6
Andaman And Nicobar,N M Andaman,Mayabunder,27.5,2026-06-08,02:30:00,96.0,2026-06-07,02:30:00,2026-06-08 02:41:07,33.35000000000002,Zone 4,65.0,Zone 5,33.3,Zone 4,61.3,Zone 5,52.3,Zone 5,64.6,Zone 5,61.8,Zone 5,66.9,Zone 5,65.0,Zone 5,68.7,Zone 5
Andaman And Nicobar,N M Andaman,Rangat Nimbutala,26.4,2026-06-08,02:30:00,99.0,2026-06-07,02:30:00,2026-06-08 02:41:07,30.950000000000045,Zone 4,63.9,Zone 5,31.2,Zone 4,60.0,Zone 5,45.8,Zone 5,63.5,Zone 5,60.5,Zone 5,66.0,Zone 5,63.9,Zone 5,67.9,Zone 5
Andaman And Nicobar,South Andaman,Ferrargunj,27.4,2026-06-08,02:30:00,82.0,2026-06-07,02:30:00,2026-06-08 02:41:07,30.850000000000023,Zone 4,61.8,Zone 5,31.1,Zone 4,53.3,Zone 5,37.9,Zone 4,61.4,Zone 5,55.6,Zone 5,64.2,Zone 5,61.8,Zone 5,66.3,Zone 5
Andaman And Nicobar,South Andaman,Hut Bay,26.5,2026-06-08,02:30:00,99.0,2026-06-07,02:30:00,2026-06-08 02:41:07,31.150000000000034,Zone 4,63.9,Zone 5,31.2,Zone 4,60.0,Zone 5,45.8,Zone 5,63.5,Zone 5,60.5,Zone 5,66.0,Zone 5,63.9,Zone 5,67.9,Zone 5
Andaman And Nicobar,South Andaman,Shaheed Dweep,28.1,2026-06-08,02:30:00,97.0,2026-06-07,02:30:00,2026-06-08 02:41:07,35.35000000000002,Zone 4,66.0,Zone 5,35.0,Zone 4,62.6,Zone 5,58.5,Zone 5,65.7,Zone 5,63.1,Zone 5,67.8,Zone 5,66.0,Zone 5,69.5,Zone 5
Andaman And Nicobar,South Andaman,Sri Vijaya Puram Aws400,30.7,2026-06-08,02:30:00,96.0,2026-06-07,02:30:00,2026-06-08 02:41:07,60.75,Zone 5,70.2,Zone 5,60.1,Zone 5,67.7,Zone 5,65.1,Zone 5,69.9,Zone 5,68.1,Zone 5,71.4,Zone 5,70.2,Zone 5,74.2,Zone 6
Andaman And Nicobar,South Andaman,Swaraj Deep,27.9,2026-06-08,02:30:00,80.0,2026-06-07,02:30:00,2026-06-08 02:41:07,31.650000000000034,Zone 4,62.2,Zone 5,31.8,Zone 4,55.0,Zone 5,38.6,Zone 4,61.8,Zone 5,57.2,Zone 5,64.5,Zone 5,62.2,Zone 5,66.6,Zone 5
Andhra Pradesh,Alluri Sitharama Raju,Araku Valley,25.1,2026-06-08,02:30:00,91.0,2026-06-07,02:30:00,2026-06-08 02:41:07,27.450000000000045,Zone 4,59.7,Zone 5,27.3,Zone 4,43.1,Zone 5,33.8,Zone 4,59.3,Zone 5,45.3,Zone 5,62.4,Zone 5,59.7,Zone 5,64.8,Zone 5
Andhra Pradesh,Alluri Sitharama Raju,Chintapalli Amfu,26.2,2026-06-08,02:30:00,75.0,2026-06-07,02:30:00,2026-06-08 02:41:07,28.05000000000001,Zone 4,54.7,Zone 5,27.7,Zone 4,38.6,Zone 4,33.6,Zone 4,53.2,Zone 5,39.2,Zone 4,60.9,Zone 5,54.7,Zone 5,63.4,Zone 5
Andhra Pradesh,Anakapalli,Yellamanchilli Vskp,29.6,2026-06-08,01:45:00,,,,2026-06-08 02:41:07,,,,,,,,,,,,,,,,,,,,
Andhra Pradesh,Anantapur,Kh Govtdegcollege Dharmavaram,26.7,2026-06-08,02:30:00,89.0,2026-06-07,02:30:00,2026-06-08 02:41:07,30.350000000000023,Zone 4,61.7,Zone 5,29.9,Zone 4,53.0,Zone 5,36.9,Zone 4,61.3,Zone 5,55.3,Zone 5,64.2,Zone 5,61.7,Zone 5,66.3,Zone 5
Andhra Pradesh,Bapatla,Chirala,29.9,2026-06-08,02:30:00,72.0,2026-06-07,02:30:00,2026-06-08 02:41:07,34.650000000000034,Zone 4,63.4,Zone 5,34.9,Zone 4,59.4,Zone 5,42.9,Zone 5,63.0,Zone 5,60.0,Zone 5,65.6,Zone 5,63.4,Zone 5,67.5,Zone 5
Andhra Pradesh,Eluru,Vijayarai,27.5,2026-06-08,02:30:00,63.0,2026-06-07,02:30:00,2026-06-08 02:41:07,29.05000000000001,Zone 4,52.5,Zone 5,29.0,Zone 4,39.3,Zone 4,34.6,Zone 4,50.9,Zone 5,39.8,Zone 4,60.4,Zone 5,52.5,Zone 5,63.0,Zone 5
Andhra Pradesh,Kakinada,Kakinada,29.8,2026-06-08,02:30:00,82.0,2026-06-07,02:30:00,2026-06-08 02:41:07,36.75,Zone 4,65.9,Zone 5,37.3,Zone 4,62.4,Zone 5,57.9,Zone 5,65.5,Zone 5,63.0,Zone 5,67.7,Zone 5,65.9,Zone 5,69.4,Zone 5
Andhra Pradesh,Kakinada,Peddapuram,29.9,2026-06-08,02:30:00,89.0,2026-06-07,02:30:00,2026-06-08 02:41:07,42.25,Zone 5,67.6,Zone 5,43.5,Zone 5,64.5,Zone 5,61.2,Zone 5,67.3,Zone 5,65.1,Zone 5,69.2,Zone 5,67.6,Zone 5,70.6,Zone 5
Andhra Pradesh,Konaseema,Ambajipeta Arg,30.5,2026-06-08,02:30:00,100.0,2026-06-07,02:30:00,2026-06-08 02:41:07,61.950000000000045,Zone 5,71.1,Zone 5,62.0,Zone 5,68.8,Zone 5,66.5,Zone 5,70.8,Zone 5,69.3,Zone 5,73.1,Zone 6,71.1,Zone 5,76.0,Zone 6
Andhra Pradesh,Konaseema,Ambajipeta Aws,29.9,2026-06-08,02:30:00,98.0,2026-06-07,02:30:00,2026-06-08 02:41:07,58.75,Zone 5,69.8,Zone 5,59.3,Zone 5,67.2,Zone 5,64.5,Zone 5,69.4,Zone 5,67.6,Zone 5,71.0,Zone 5,69.8,Zone 5,73.4,Zone 6
Andhra Pradesh,Krishna,Kv Gopalnagar Machilipatnam,30.5,2026-06-08,02:30:00,83.0,2026-06-07,02:30:00,2026-06-08 02:41:07,39.25,Zone 4,67.0,Zone 5,39.3,Zone 4,63.8,Zone 5,60.3,Zone 5,66.6,Zone 5,64.3,Zone 5,68.7,Zone 5,67.0,Zone 5,70.2,Zone 5
Andhra Pradesh,Ntr,Mylavaram College Of  Engineer,26.0,2026-06-08,02:30:00,100.0,2026-06-07,02:30:00,2026-06-08 02:41:07,30.150000000000034,Zone 4,63.2,Zone 5,30.1,Zone 4,59.2,Zone 5,42.0,Zone 5,62.8,Zone 5,59.8,Zone 5,65.4,Zone 5,63.2,Zone 5,67.4,Zone 5
Andhra Pradesh,Palnadu,Rentachintala,24.9,2026-06-08,02:30:00,92.0,2026-06-07,02:30:00,2026-06-08 02:41:07,27.150000000000034,Zone 4,59.9,Zone 5,27.3,Zone 4,44.0,Zone 5,34.0,Zone 4,59.5,Zone 5,46.3,Zone 5,62.6,Zone 5,59.9,Zone 5,64.9,Zone 5
Andhra Pradesh,Prakasam,Cs Puram,28.0,2026-06-08,02:30:00,77.0,2026-06-07,02:30:00,2026-06-08 02:41:07,31.450000000000045,Zone 4,61.5,Zone 5,31.4,Zone 4,51.6,Zone 5,38.0,Zone 4,61.0,Zone 5,53.9,Zone 5,63.9,Zone 5,61.5,Zone 5,66.1,Zone 5
Andhra Pradesh,Srikakulam,Nagaralapeta Kalingapatnam,29.9,2026-06-08,02:30:00,96.0,2026-06-07,02:30:00,2026-06-08 02:41:07,55.35000000000002,Zone 5,69.3,Zone 5,56.6,Zone 5,66.6,Zone 5,63.8,Zone 5,69.0,Zone 5,67.1,Zone 5,70.6,Zone 5,69.3,Zone 5,72.5,Zone 6
Andhra Pradesh,Srikakulam,Ragolu,28.9,2026-06-08,02:30:00,90.0,2026-06-07,02:30:00,2026-06-08 02:41:07,36.150000000000034,Zone 4,66.2,Zone 5,36.4,Zone 4,62.7,Zone 5,59.1,Zone 5,65.8,Zone 5,63.3,Zone 5,68.0,Zone 5,66.2,Zone 5,69.6,Zone 5
Andhra Pradesh,Visakhapatnam,Anandapuram Arg,29.7,2026-06-08,02:30:00,70.0,2026-06-07,02:30:00,2026-06-08 02:41:07,33.85000000000002,Zone 4,62.1,Zone 5,33.4,Zone 4,54.6,Zone 5,39.9,Zone 4,61.7,Zone 5,56.8,Zone 5,64.5,Zone 5,62.1,Zone 5,66.5,Zone 5
Andhra Pradesh,Visakhapatnam,Gangavaram Port,30.2,2026-06-08,02:30:00,84.0,2026-06-07,02:30:00,2026-06-08 02:41:07,38.55000000000001,Zone 4,66.4,Zone 5,37.9,Zone 4,63.0,Zone 5,59.4,Zone 5,66.0,Zone 5,63.6,Zone 5,68.2,Zone 5,66.4,Zone 5,69.7,Zone 5
Andhra Pradesh,Visakhapatnam,Mehadrigadda Dam,40.3,2026-06-08,02:30:00,89.0,2026-06-07,02:30:00,2026-06-08 02:41:07,94.05000000000001,Zone 6,103.5,Zone 6,95.0,Zone 6,99.8,Zone 6,97.8,Zone 6,102.7,Zone 6,100.7,Zone 6,105.5,Zone 6,103.5,Zone 6,108.3,Zone 6
Andhra Pradesh,Vizianagaram,Bobbili,28.0,2026-06-08,02:30:00,88.0,2026-06-07,02:30:00,2026-06-08 02:41:07,33.150000000000034,Zone 4,64.0,Zone 5,33.1,Zone 4,60.1,Zone 5,46.6,Zone 5,63.6,Zone 5,60.7,Zone 5,66.1,Zone 5,64.0,Zone 5,68.0,Zone 5
Andhra Pradesh,Vizianagaram,Vizianagaram,29.5,2026-06-08,02:30:00,85.0,2026-06-07,02:30:00,2026-06-08 02:41:07,36.650000000000034,Zone 4,65.8,Zone 5,36.6,Zone 4,62.3,Zone 5,57.3,Zone 5,65.4,Zone 5,62.9,Zone 5,67.7,Zone 5,65.8,Zone 5,69.3,Zone 5
Andhra Pradesh,West Godavari,Bhimavaram,30.2,2026-06-08,02:30:00,84.0,2026-06-07,02:30:00,2026-06-08 02:41:07,38.55000000000001,Zone 4,66.4,Zone 5,37.9,Zone 4,63.0,Zone 5,59.4,Zone 5,66.0,Zone 5,63.6,Zone 5,68.2,Zone 5,66.4,Zone 5,69.7,Zone 5
Andhra Pradesh,West Godavari,Kv Gopannapalem Eluru,30.1,2026-06-08,02:30:00,55.0,2026-06-07,02:30:00,2026-06-08 02:41:07,32.150000000000034,Zone 4,58.3,Zone 5,32.0,Zone 4,42.1,Zone 4,37.5,Zone 4,56.9,Zone 5,42.7,Zone 4,61.7,Zone 5,58.3,Zone 5,64.1,Zone 5
Andhra Pradesh,West Godavari,Maruteru,31.0,2026-06-08,02:30:00,91.0,2026-06-07,02:30:00,2026-06-08 02:41:07,59.450000000000045,Zone 5,69.9,Zone 5,59.4,Zone 5,67.3,Zone 5,64.6,Zone 5,69.5,Zone 5,67.7,Zone 5,71.1,Zone 5,69.9,Zone 5,73.5,Zone 6
Andhra Pradesh,West Godavari,Narsapur,30.3,2026-06-08,02:30:00,85.0,2026-06-07,02:30:00,2026-06-08 02:41:07,40.150000000000034,Zone 5,67.5,Zone 5,42.6,Zone 5,64.4,Zone 5,61.1,Zone 5,67.1,Zone 5,64.9,Zone 5,69.1,Zone 5,67.5,Zone 5,70.6,Zone 5
Andhra Pradesh,Ysr Kadapa,Agricultural College  Badvel,29.1,2026-06-08,02:30:00,67.0,2026-06-07,02:30:00,2026-06-08 02:41:07,32.150000000000034,Zone 4,60.5,Zone 5,31.9,Zone 4,47.2,Zone 5,38.1,Zone 4,60.1,Zone 5,49.5,Zone 5,63.1,Zone 5,60.5,Zone 5,65.4,Zone 5
Arunachal Pradesh,Anjaw,Hayuliang Circle,22.2,2026-06-08,02:30:00,92.0,2026-06-07,02:30:00,2026-06-08 02:41:07,23.650000000000034,Zone 3,43.3,Zone 5,23.4,Zone 3,33.7,Zone 4,28.7,Zone 4,41.9,Zone 5,34.2,Zone 4,56.9,Zone 5,43.3,Zone 5,61.3,Zone 5
Arunachal Pradesh,Changlang,Miao,25.4,2026-06-08,02:30:00,100.0,2026-06-07,02:30:00,2026-06-08 02:41:07,28.75,Zone 4,62.4,Zone 5,29.0,Zone 4,55.9,Zone 5,37.6,Zone 5,62.0,Zone 5,58.0,Zone 5,64.7,Zone 5,62.4,Zone 5,66.7,Zone 5
Arunachal Pradesh,Dibang Valley,Anini,18.3,2026-06-08,02:30:00,100.0,2026-06-07,02:30:00,2026-06-08 02:41:07,19.450000000000045,Zone 3,34.3,Zone 4,19.7,Zone 3,29.2,Zone 4,24.8,Zone 3,34.0,Zone 4,29.5,Zone 4,42.6,Zone 5,34.3,Zone 4,56.0,Zone 5
Arunachal Pradesh,East Kameng,Seppa Pampoli,28.3,2026-06-08,02:30:00,92.0,2026-06-07,02:30:00,2026-06-08 02:41:07,34.75,Zone 4,65.8,Zone 5,35.4,Zone 4,62.3,Zone 5,57.1,Zone 5,65.4,Zone 5,62.8,Zone 5,67.6,Zone 5,65.8,Zone 5,69.3,Zone 5
Arunachal Pradesh,Kamle,Raga,20.8,2026-06-08,02:30:00,100.0,2026-06-07,02:30:00,2026-06-08 02:41:07,22.350000000000023,Zone 3,42.5,Zone 5,22.6,Zone 3,32.8,Zone 4,27.7,Zone 4,41.2,Zone 5,33.3,Zone 4,56.3,Zone 5,42.5,Zone 5,61.2,Zone 5
Arunachal Pradesh,Kurung Kumey,Koloraing,21.0,2026-06-08,02:30:00,100.0,2026-06-07,02:30:00,2026-06-08 02:41:07,22.650000000000034,Zone 3,42.5,Zone 5,22.6,Zone 3,32.8,Zone 4,27.7,Zone 4,41.2,Zone 5,33.3,Zone 4,56.3,Zone 5,42.5,Zone 5,61.2,Zone 5
Arunachal Pradesh,Kurung Kumey,Nyapin,21.3,2026-06-08,02:30:00,100.0,2026-06-07,02:30:00,2026-06-08 02:41:07,22.950000000000045,Zone 3,45.7,Zone 5,23.2,Zone 3,33.6,Zone 4,28.5,Zone 4,44.3,Zone 5,34.1,Zone 4,58.9,Zone 5,45.7,Zone 5,61.8,Zone 5
Arunachal Pradesh,Leparada,Basar,21.9,2026-06-08,02:30:00,100.0,2026-06-07,02:30:00,2026-06-08 02:41:07,23.650000000000034,Zone 3,49.1,Zone 5,23.7,Zone 3,34.5,Zone 4,29.3,Zone 4,47.5,Zone 5,35.0,Zone 4,59.7,Zone 5,49.1,Zone 5,62.4,Zone 5
Arunachal Pradesh,Lohit,Wakro,25.4,2026-06-08,02:30:00,,,,2026-06-08 02:41:07,,,,,,,,,,,,,,,,,,,,
Arunachal Pradesh,Longding,Longding,25.5,2026-06-08,02:30:00,,,,2026-06-08 02:41:07,,,,,,,,,,,,,,,,,,,,
Arunachal Pradesh,Longding,Longding New,24.0,2026-06-08,02:15:00,,,,2026-06-08 02:41:07,,,,,,,,,,,,,,,,,,,,
Arunachal Pradesh,Lower Subansiri,Deed,,,,100.0,2026-06-07,02:30:00,2026-06-08 02:41:07,,,,,,,,,,,,,,,,,,,,
Arunachal Pradesh,Lower Subansiri,Ziro Manipolyang,,,,100.0,2026-06-07,02:30:00,2026-06-08 02:41:07,,,,,,,,,,,,,,,,,,,,
Arunachal Pradesh,Namsai,Lekang,25.4,2026-06-08,02:15:00,,,,2026-06-08 02:41:07,,,,,,,,,,,,,,,,,,,,
Arunachal Pradesh,Namsai,Namsai Kvk,25.8,2026-06-08,02:30:00,100.0,2026-06-07,02:30:00,2026-06-08 02:41:07,29.650000000000034,Zone 4,63.2,Zone 5,30.1,Zone 4,59.2,Zone 5,42.0,Zone 5,62.8,Zone 5,59.8,Zone 5,65.4,Zone 5,63.2,Zone 5,67.4,Zone 5
Arunachal Pradesh,Papumpare,Itanagar,24.6,2026-06-08,02:30:00,100.0,2026-06-07,02:30:00,2026-06-08 02:41:07,27.25,Zone 4,60.7,Zone 5,27.0,Zone 4,47.6,Zone 5,34.0,Zone 4,60.2,Zone 5,50.0,Zone 5,63.2,Zone 5,60.7,Zone 5,65.5,Zone 5
Arunachal Pradesh,Tirap,Deomali,26.2,2026-06-08,02:30:00,100.0,2026-06-07,02:30:00,2026-06-08 02:41:07,30.55000000000001,Zone 4,63.2,Zone 5,30.1,Zone 4,59.2,Zone 5,42.0,Zone 5,62.8,Zone 5,59.8,Zone 5,65.4,Zone 5,63.2,Zone 5,67.4,Zone 5
Arunachal Pradesh,Tirap,Longding,23.5,2026-06-08,02:30:00,,,,2026-06-08 02:41:07,,,,,,,,,,,,,,,,,,,,
Arunachal Pradesh,Upper Siang,Yingkiong,24.8,2026-06-08,02:30:00,7.0,2026-06-07,02:30:00,2026-06-08 02:41:07,22.25,Zone 3,34.1,Zone 4,22.5,Zone 3,30.9,Zone 4,27.4,Zone 4,34.1,Zone 4,30.8,Zone 4,37.2,Zone 4,34.1,Zone 4,40.2,Zone 4
Arunachal Pradesh,Upper Subhanseri,Daporijo,25.8,2026-06-08,02:30:00,94.0,2026-06-07,02:30:00,2026-06-08 02:41:07,29.05000000000001,Zone 4,62.0,Zone 5,29.4,Zone 4,54.1,Zone 5,36.6,Zone 4,61.6,Zone 5,56.3,Zone 5,64.4,Zone 5,62.0,Zone 5,66.5,Zone 5
Arunachal Pradesh,West Kameng,Bomdila,22.4,2026-06-08,02:30:00,86.0,2026-06-07,02:30:00,2026-06-08 02:41:07,23.650000000000034,Zone 3,42.0,Zone 5,23.7,Zone 3,34.0,Zone 4,29.1,Zone 4,40.7,Zone 5,34.4,Zone 4,55.9,Zone 5,42.0,Zone 5,61.1,Zone 5
Arunachal Pradesh,West Kameng,Dirang,22.6,2026-06-08,02:30:00,100.0,2026-06-07,02:30:00,2026-06-08 02:41:07,24.350000000000023,Zone 3,52.5,Zone 5,24.3,Zone 3,35.4,Zone 4,30.1,Zone 4,50.9,Zone 5,36.0,Zone 4,60.4,Zone 5,52.5,Zone 5,63.0,Zone 5
Arunachal Pradesh,West Kameng,Dirang,19.4,2026-06-08,02:30:00,100.0,2026-06-07,02:30:00,2026-06-08 02:41:07,20.75,Zone 3,35.9,Zone 4,20.9,Zone 3,30.6,Zone 4,25.7,Zone 4,35.5,Zone 4,30.9,Zone 4,48.0,Zone 5,35.9,Zone 4,59.4,Zone 5
Arunachal Pradesh,West Kameng,Kalaktang,19.7,2026-06-08,02:30:00,34.0,2026-06-07,02:30:00,2026-06-08 02:41:07,17.75,Zone 3,31.3,Zone 4,17.5,Zone 3,27.7,Zone 4,23.9,Zone 3,31.3,Zone 4,27.7,Zone 4,34.8,Zone 4,31.3,Zone 4,38.1,Zone 4
Arunachal Pradesh,West Siang,Along,24.3,2026-06-08,02:30:00,100.0,2026-06-07,02:30:00,2026-06-08 02:41:07,26.650000000000034,Zone 4,60.7,Zone 5,27.0,Zone 4,47.6,Zone 5,34.0,Zone 4,60.2,Zone 5,50.0,Zone 5,63.2,Zone 5,60.7,Zone 5,65.5,Zone 5
Arunachal Pradesh,West Siang,Yomcha,22.1,2026-06-08,02:30:00,100.0,2026-06-07,02:30:00,2026-06-08 02:41:07,23.850000000000023,Zone 3,49.1,Zone 5,23.7,Zone 3,34.5,Zone 4,29.3,Zone 4,47.5,Zone 5,35.0,Zone 4,59.7,Zone 5,49.1,Zone 5,62.4,Zone 5
Assam,Barpeta,Bajali University,26.2,2026-06-08,02:30:00,100.0,2026-06-07,02:30:00,2026-06-08 02:41:07,30.55000000000001,Zone 4,63.2,Zone 5,30.1,Zone 4,59.2,Zone 5,42.0,Zone 5,62.8,Zone 5,59.8,Zone 5,65.4,Zone 5,63.2,Zone 5,67.4,Zone 5
Assam,Barpeta,Barpeta Kvk,26.3,2026-06-08,02:30:00,100.0,2026-06-07,02:30:00,2026-06-08 02:41:07,30.850000000000023,Zone 4,64.1,Zone 5,31.3,Zone 4,60.2,Zone 5,47.0,Zone 5,63.7,Zone 5,60.8,Zone 5,66.2,Zone 5,64.1,Zone 5,68.0,Zone 5
Assam,Charaideo,Sonari Aegcl,19.5,2026-06-08,02:15:00,,,,2026-06-08 02:41:07,,,,,,,,,,,,,,,,,,,,
Assam,Darrang,Garukhuti,27.0,2026-06-08,02:30:00,,,,2026-06-08 02:41:07,,,,,,,,,,,,,,,,,,,,
Assam,Darrang,Mangaldai,25.0,2026-06-08,02:30:00,84.0,2026-06-07,02:30:00,2026-06-08 02:41:07,26.75,Zone 4,56.2,Zone 5,26.8,Zone 4,38.1,Zone 4,33.0,Zone 4,54.7,Zone 5,38.9,Zone 5,61.2,Zone 5,56.2,Zone 5,63.7,Zone 5
Assam,Dhemaji,Silapathar Science College,24.7,2026-06-08,02:30:00,100.0,2026-06-07,02:30:00,2026-06-08 02:41:07,27.350000000000023,Zone 4,60.7,Zone 5,27.0,Zone 4,47.6,Zone 5,34.0,Zone 4,60.2,Zone 5,50.0,Zone 5,63.2,Zone 5,60.7,Zone 5,65.5,Zone 5
Assam,Dhubri,Agomani,26.3,2026-06-08,02:00:00,,,,2026-06-08 02:41:07,,,,,,,,,,,,,,,,,,,,
Assam,Dhubri,Bn College,26.5,2026-06-08,02:30:00,99.0,2026-06-07,02:30:00,2026-06-08 02:41:07,31.150000000000034,Zone 4,63.9,Zone 5,31.2,Zone 4,60.0,Zone 5,45.8,Zone 5,63.5,Zone 5,60.5,Zone 5,66.0,Zone 5,63.9,Zone 5,67.9,Zone 5
Assam,Dhubri,Gauripur Aegcl,25.9,2026-06-08,02:30:00,100.0,2026-06-07,02:30:00,2026-06-08 02:41:07,29.850000000000023,Zone 4,63.2,Zone 5,30.1,Zone 4,59.2,Zone 5,42.0,Zone 5,62.8,Zone 5,59.8,Zone 5,65.4,Zone 5,63.2,Zone 5,67.4,Zone 5
Assam,Dibrugarh,Dc Ofc Dibrugarh,25.0,2026-06-08,02:30:00,29.0,2026-06-07,02:30:00,2026-06-08 02:41:07,23.950000000000045,Zone 3,36.1,Zone 4,23.9,Zone 3,32.3,Zone 4,28.5,Zone 4,36.0,Zone 4,32.4,Zone 4,39.5,Zone 4,36.1,Zone 4,42.9,Zone 4
Assam,Dibrugarh,Lahowal,,,,13.0,2026-06-07,02:30:00,2026-06-08 02:41:07,,,,,,,,,,,,,,,,,,,,
Assam,Dima Hasao,Haflong,23.2,2026-06-08,02:30:00,87.0,2026-06-07,02:30:00,2026-06-08 02:41:07,24.55000000000001,Zone 3,45.8,Zone 5,24.3,Zone 3,34.9,Zone 4,29.9,Zone 4,44.3,Zone 5,35.3,Zone 4,58.9,Zone 5,45.8,Zone 5,61.8,Zone 5
Assam,Dima Hasao,Haflong Aegcl,24.0,2026-06-08,02:00:00,,,,2026-06-08 02:41:07,,,,,,,,,,,,,,,,,,,,
Assam,Dima Hasao,Lkhep,26.8,2026-06-08,02:30:00,94.0,2026-06-07,02:30:00,2026-06-08 02:41:07,31.150000000000034,Zone 4,63.7,Zone 5,31.7,Zone 4,59.7,Zone 5,44.5,Zone 5,63.3,Zone 5,60.3,Zone 5,65.8,Zone 5,63.7,Zone 5,67.7,Zone 5
Assam,Golaghat,Cnb Collage Bokakhat,27.0,2026-06-08,02:30:00,100.0,2026-06-07,02:30:00,2026-06-08 02:41:07,32.650000000000034,Zone 4,65.0,Zone 5,32.7,Zone 4,61.3,Zone 5,52.3,Zone 5,64.6,Zone 5,61.8,Zone 5,66.9,Zone 5,65.0,Zone 5,68.7,Zone 5
Assam,Hailakandi,Algapur Circle,25.8,2026-06-08,02:30:00,100.0,2026-06-07,02:30:00,2026-06-08 02:41:07,29.650000000000034,Zone 4,63.2,Zone 5,30.1,Zone 4,59.2,Zone 5,42.0,Zone 5,62.8,Zone 5,59.8,Zone 5,65.4,Zone 5,63.2,Zone 5,67.4,Zone 5
Assam,Hailakandi,Panchgram Aegcl,25.4,2026-06-08,02:30:00,100.0,2026-06-07,02:30:00,2026-06-08 02:41:07,28.75,Zone 4,62.4,Zone 5,29.0,Zone 4,55.9,Zone 5,37.6,Zone 5,62.0,Zone 5,58.0,Zone 5,64.7,Zone 5,62.4,Zone 5,66.7,Zone 5
Assam,Hajoi,Lumding,26.6,2026-06-08,02:30:00,88.0,2026-06-07,02:30:00,2026-06-08 02:41:07,29.950000000000045,Zone 4,61.5,Zone 5,29.8,Zone 4,51.9,Zone 5,36.7,Zone 4,61.1,Zone 5,54.2,Zone 5,64.0,Zone 5,61.5,Zone 5,66.1,Zone 5
Assam,Kamrup,Amingaon,27.7,2026-06-08,02:30:00,39.0,2026-06-07,02:30:00,2026-06-08 02:41:07,27.450000000000045,Zone 4,40.1,Zone 4,27.2,Zone 4,35.8,Zone 4,31.8,Zone 4,39.8,Zone 4,36.0,Zone 4,43.7,Zone 4,40.1,Zone 4,56.8,Zone 5
Assam,Kamrup,Boko Aegcl,26.8,2026-06-08,02:30:00,100.0,2026-06-07,02:30:00,2026-06-08 02:41:07,32.150000000000034,Zone 4,65.0,Zone 5,32.7,Zone 4,61.3,Zone 5,52.3,Zone 5,64.6,Zone 5,61.8,Zone 5,66.9,Zone 5,65.0,Zone 5,68.7,Zone 5
Assam,Kamrup,Chandubi,29.8,2026-06-08,02:30:00,,,,2026-06-08 02:41:07,,,,,,,,,,,,,,,,,,,,
Assam,Kamrup,Kukurmara Mirza Aegcl,27.5,2026-06-08,02:30:00,100.0,2026-06-07,02:30:00,2026-06-08 02:41:07,34.150000000000034,Zone 4,65.8,Zone 5,34.1,Zone 4,62.3,Zone 5,57.3,Zone 5,65.4,Zone 5,62.9,Zone 5,67.7,Zone 5,65.8,Zone 5,69.3,Zone 5
Assam,Kamrup Metropolitan,Aau Hrs,27.9,2026-06-08,02:30:00,91.0,2026-06-07,02:30:00,2026-06-08 02:41:07,33.450000000000045,Zone 4,64.7,Zone 5,33.7,Zone 4,61.0,Zone 5,50.8,Zone 5,64.3,Zone 5,61.5,Zone 5,66.7,Zone 5,64.7,Zone 5,68.5,Zone 5
Assam,Kamrup Metropolitan,Down Town University,27.7,2026-06-08,02:30:00,94.0,2026-06-07,02:30:00,2026-06-08 02:41:07,33.450000000000045,Zone 4,64.5,Zone 5,32.9,Zone 4,60.7,Zone 5,49.7,Zone 5,64.1,Zone 5,61.3,Zone 5,66.5,Zone 5,64.5,Zone 5,68.3,Zone 5
Assam,Kamrup Metropolitan,Gauhati University,27.3,2026-06-08,02:30:00,,,,2026-06-08 02:41:07,,,,,,,,,,,,,,,,,,,,
Assam,Kamrup Metropolitan,Guwahati,27.7,2026-06-08,02:30:00,82.0,2026-06-07,02:30:00,2026-06-08 02:41:07,31.450000000000045,Zone 4,61.8,Zone 5,31.1,Zone 4,53.3,Zone 5,37.9,Zone 4,61.4,Zone 5,55.6,Zone 5,64.2,Zone 5,61.8,Zone 5,66.3,Zone 5
Assam,Kamrup Metropolitan,Kalakshetra,29.6,2026-06-08,02:30:00,,,,2026-06-08 02:41:07,,,,,,,,,,,,,,,,,,,,
Assam,Kamrup Metropolitan,Kamakhya,28.2,2026-06-08,02:30:00,90.0,2026-06-07,02:30:00,2026-06-08 02:41:07,34.05000000000001,Zone 4,64.5,Zone 5,33.5,Zone 4,60.7,Zone 5,49.4,Zone 5,64.1,Zone 5,61.3,Zone 5,66.5,Zone 5,64.5,Zone 5,68.3,Zone 5
Assam,Kamrup Metropolitan,Vcbc Rani,28.0,2026-06-08,02:30:00,100.0,2026-06-07,02:30:00,2026-06-08 02:41:07,37.150000000000034,Zone 5,66.7,Zone 5,37.1,Zone 5,63.4,Zone 5,59.8,Zone 5,66.3,Zone 5,63.9,Zone 5,68.4,Zone 5,66.7,Zone 5,70.0,Zone 5
Assam,Karbi Anglong(East),Bakulia,26.9,2026-06-08,02:30:00,85.0,2026-06-07,02:30:00,2026-06-08 02:41:07,30.25,Zone 4,61.7,Zone 5,30.4,Zone 4,52.7,Zone 5,37.3,Zone 4,61.3,Zone 5,55.0,Zone 5,64.1,Zone 5,61.7,Zone 5,66.2,Zone 5
Assam,Karbi Anglong(East),Diphu,26.5,2026-06-08,02:30:00,97.0,2026-06-07,02:30:00,2026-06-08 02:41:07,30.850000000000023,Zone 4,63.5,Zone 5,30.9,Zone 4,59.5,Zone 5,43.3,Zone 5,63.0,Zone 5,60.0,Zone 5,65.6,Zone 5,63.5,Zone 5,67.5,Zone 5
Assam,Karbi Anglong(West),Kheronighat,26.4,2026-06-08,02:30:00,83.0,2026-06-07,02:30:00,2026-06-08 02:41:07,29.05000000000001,Zone 4,60.4,Zone 5,29.2,Zone 4,46.6,Zone 5,35.8,Zone 4,60.0,Zone 5,48.9,Zone 5,63.0,Zone 5,60.4,Zone 5,65.3,Zone 5
Assam,Karbi Anglong(West),Umlapher,21.8,2026-06-08,02:30:00,100.0,2026-06-07,02:30:00,2026-06-08 02:41:07,23.55000000000001,Zone 3,49.1,Zone 5,23.7,Zone 3,34.5,Zone 4,29.3,Zone 4,47.5,Zone 5,35.0,Zone 4,59.7,Zone 5,49.1,Zone 5,62.4,Zone 5
Assam,Karbi Anglong(West),Umpanai Apdcl,23.1,2026-06-08,02:30:00,100.0,2026-06-07,02:30:00,2026-06-08 02:41:07,24.850000000000023,Zone 3,55.8,Zone 5,24.8,Zone 3,36.7,Zone 5,31.0,Zone 4,54.3,Zone 5,38.5,Zone 5,61.1,Zone 5,55.8,Zone 5,63.6,Zone 5
Assam,Karimganj,Harinagar,,,,13.0,2026-06-07,02:30:00,2026-06-08 02:41:07,,,,,,,,,,,,,,,,,,,,
Assam,Karimganj,Karimganj Amfu,26.5,2026-06-08,02:30:00,100.0,2026-06-07,02:30:00,2026-06-08 02:41:07,31.350000000000023,Zone 4,64.1,Zone 5,31.3,Zone 4,60.2,Zone 5,47.0,Zone 5,63.7,Zone 5,60.8,Zone 5,66.2,Zone 5,64.1,Zone 5,68.0,Zone 5
Assam,Kokrajhar,Salakati Aegcl,25.6,2026-06-08,02:30:00,100.0,2026-06-07,02:30:00,2026-06-08 02:41:07,29.25,Zone 4,62.4,Zone 5,29.0,Zone 4,55.9,Zone 5,37.6,Zone 5,62.0,Zone 5,58.0,Zone 5,64.7,Zone 5,62.4,Zone 5,66.7,Zone 5
Assam,Marigaon,Dharamtul,27.4,2026-06-08,02:30:00,100.0,2026-06-07,02:30:00,2026-06-08 02:41:07,33.85000000000002,Zone 4,65.8,Zone 5,34.1,Zone 4,62.3,Zone 5,57.3,Zone 5,65.4,Zone 5,62.9,Zone 5,67.7,Zone 5,65.8,Zone 5,69.3,Zone 5
Assam,Marigaon,Laharighat,26.9,2026-06-08,02:30:00,87.0,2026-06-07,02:30:00,2026-06-08 02:41:07,30.450000000000045,Zone 4,62.1,Zone 5,30.7,Zone 4,54.8,Zone 5,37.7,Zone 4,61.7,Zone 5,57.0,Zone 5,64.5,Zone 5,62.1,Zone 5,66.6,Zone 5
Assam,Marigaon,Marigaon,27.9,2026-06-08,02:30:00,100.0,2026-06-07,02:30:00,2026-06-08 02:41:07,36.05000000000001,Zone 5,66.7,Zone 5,37.1,Zone 5,63.4,Zone 5,59.8,Zone 5,66.3,Zone 5,63.9,Zone 5,68.4,Zone 5,66.7,Zone 5,70.0,Zone 5
Assam,Nagaon,Samaguri Aegcl,26.7,2026-06-08,02:30:00,100.0,2026-06-07,02:30:00,2026-06-08 02:41:07,31.850000000000023,Zone 4,64.1,Zone 5,31.3,Zone 4,60.2,Zone 5,47.0,Zone 5,63.7,Zone 5,60.8,Zone 5,66.2,Zone 5,64.1,Zone 5,68.0,Zone 5
Assam,Nalbari,Chamata,29.9,2026-06-08,02:30:00,10.0,2026-06-07,02:30:00,2026-06-08 02:41:07,27.75,Zone 4,38.3,Zone 4,27.8,Zone 4,35.0,Zone 4,31.6,Zone 4,38.3,Zone 4,35.0,Zone 4,41.4,Zone 4,38.3,Zone 4,44.5,Zone 4
Assam,Nalbari,Nalbari,34.9,2026-06-08,02:15:00,,,,2026-06-08 02:41:07,,,,,,,,,,,,,,,,,,,,
Assam,Nalbari,Nalbari Kvk,26.7,2026-06-08,02:15:00,,,,2026-06-08 02:41:07,,,,,,,,,,,,,,,,,,,,
Assam,Nalbari,Tihu,26.5,2026-06-08,02:30:00,87.0,2026-06-07,02:30:00,2026-06-08 02:41:07,29.650000000000034,Zone 4,61.3,Zone 5,29.7,Zone 4,50.9,Zone 5,36.5,Zone 4,60.9,Zone 5,53.2,Zone 5,63.8,Zone 5,61.3,Zone 5,66.0,Zone 5
Assam,Sivasagar,Sivsagar Aegcl,25.3,2026-06-08,02:15:00,,,,2026-06-08 02:41:07,,,,,,,,,,,,,,,,,,,,
Assam,Sonitpur,Dhekiajuli Aegcl,25.5,2026-06-08,02:15:00,,,,2026-06-08 02:41:07,,,,,,,,,,,,,,,,,,,,
Assam,Sonitpur,Ghoramara Aegcl,25.9,2026-06-08,02:30:00,98.0,2026-06-07,02:30:00,2026-06-08 02:41:07,29.650000000000034,Zone 4,62.8,Zone 5,29.9,Zone 4,57.9,Zone 5,39.8,Zone 5,62.4,Zone 5,59.3,Zone 5,65.1,Zone 5,62.8,Zone 5,67.1,Zone 5
Assam,Tinsukia,Margherita,26.2,2026-06-08,02:30:00,100.0,2026-06-07,02:30:00,2026-06-08 02:41:07,30.55000000000001,Zone 4,63.2,Zone 5,30.1,Zone 4,59.2,Zone 5,42.0,Zone 5,62.8,Zone 5,59.8,Zone 5,65.4,Zone 5,63.2,Zone 5,67.4,Zone 5
Assam,Tinsukia,Ntps Apdcl,26.0,2026-06-08,02:30:00,100.0,2026-06-07,02:30:00,2026-06-08 02:41:07,30.150000000000034,Zone 4,63.2,Zone 5,30.1,Zone 4,59.2,Zone 5,42.0,Zone 5,62.8,Zone 5,59.8,Zone 5,65.4,Zone 5,63.2,Zone 5,67.4,Zone 5
Assam,Udalguri,Rowta Aegcl,25.4,2026-06-08,02:30:00,100.0,2026-06-07,02:30:00,2026-06-08 02:41:07,28.75,Zone 4,62.4,Zone 5,29.0,Zone 4,55.9,Zone 5,37.6,Zone 5,62.0,Zone 5,58.0,Zone 5,64.7,Zone 5,62.4,Zone 5,66.7,Zone 5
Assam,Udalguri,Udalguri,23.0,2026-06-08,02:30:00,80.0,2026-06-07,02:30:00,2026-06-08 02:41:07,24.05000000000001,Zone 3,40.6,Zone 5,24.0,Zone 3,34.2,Zone 4,29.4,Zone 4,39.3,Zone 5,34.6,Zone 4,54.6,Zone 5,40.6,Zone 5,60.8,Zone 5
Assam,Udalguri,Udi Kvk,25.5,2026-06-08,02:30:00,,,,2026-06-08 02:41:07,,,,,,,,,,,,,,,,,,,,
Bihar,Arwal,Arwal Aws400,27.5,2026-06-08,02:30:00,92.0,2026-06-07,02:30:00,2026-06-08 02:41:07,32.55000000000001,Zone 4,64.1,Zone 5,32.6,Zone 4,60.2,Zone 5,47.0,Zone 5,63.7,Zone 5,60.8,Zone 5,66.2,Zone 5,64.1,Zone 5,68.0,Zone 5
Bihar,Aurangabad,Aurangabad Kvk,29.0,2026-06-08,02:30:00,66.0,2026-06-07,02:30:00,2026-06-08 02:41:07,31.850000000000023,Zone 4,60.3,Zone 5,31.8,Zone 4,45.9,Zone 5,37.8,Zone 4,59.9,Zone 5,48.2,Zone 5,62.9,Zone 5,60.3,Zone 5,65.2,Zone 5
Bihar,Buxar,Buxar,29.2,2026-06-08,02:30:00,77.0,2026-06-07,02:30:00,2026-06-08 02:41:07,34.05000000000001,Zone 4,63.1,Zone 5,33.6,Zone 4,58.9,Zone 5,41.1,Zone 5,62.7,Zone 5,59.6,Zone 5,65.3,Zone 5,63.1,Zone 5,67.3,Zone 5
Bihar,Buxar,Dumaraon,27.4,2026-06-08,02:30:00,82.0,2026-06-07,02:30:00,2026-06-08 02:41:07,30.850000000000023,Zone 4,61.8,Zone 5,31.1,Zone 4,53.3,Zone 5,37.9,Zone 4,61.4,Zone 5,55.6,Zone 5,64.2,Zone 5,61.8,Zone 5,66.3,Zone 5
Bihar,Darbhanga,Darbhanga Aws400,27.9,2026-06-08,02:30:00,86.0,2026-06-07,02:30:00,2026-06-08 02:41:07,32.55000000000001,Zone 4,63.6,Zone 5,32.8,Zone 4,59.6,Zone 5,43.9,Zone 5,63.2,Zone 5,60.2,Zone 5,65.7,Zone 5,63.6,Zone 5,67.6,Zone 5
Bihar,East Champaran,East Champaran Kvk,,,,11.0,2026-06-07,02:30:00,2026-06-08 02:41:07,,,,,,,,,,,,,,,,,,,,
Bihar,Gaya,Bodhgaya,27.9,2026-06-08,02:30:00,73.0,2026-06-07,02:30:00,2026-06-08 02:41:07,30.75,Zone 4,60.5,Zone 5,30.9,Zone 4,46.9,Zone 5,37.2,Zone 4,60.1,Zone 5,49.2,Zone 5,63.1,Zone 5,60.5,Zone 5,65.4,Zone 5
Bihar,Jehanabad,Jehanabad,29.0,2026-06-08,02:30:00,88.0,2026-06-07,02:30:00,2026-06-08 02:41:07,35.950000000000045,Zone 4,65.7,Zone 5,35.9,Zone 4,62.2,Zone 5,56.7,Zone 5,65.3,Zone 5,62.7,Zone 5,67.5,Zone 5,65.7,Zone 5,69.2,Zone 5
Bihar,Kaimur,Bhabua,31.1,2026-06-08,02:15:00,,,,2026-06-08 02:41:07,,,,,,,,,,,,,,,,,,,,
Bihar,Kishanganj,Arrabari,25.3,2026-06-08,02:30:00,100.0,2026-06-07,02:30:00,2026-06-08 02:41:07,28.55000000000001,Zone 4,62.4,Zone 5,29.0,Zone 4,55.9,Zone 5,37.6,Zone 5,62.0,Zone 5,58.0,Zone 5,64.7,Zone 5,62.4,Zone 5,66.7,Zone 5
Bihar,Madhepura,Madhepura,27.0,2026-06-08,02:30:00,100.0,2026-06-07,02:30:00,2026-06-08 02:41:07,32.650000000000034,Zone 4,65.0,Zone 5,32.7,Zone 4,61.3,Zone 5,52.3,Zone 5,64.6,Zone 5,61.8,Zone 5,66.9,Zone 5,65.0,Zone 5,68.7,Zone 5
Bihar,Madhubani,Sukhet,27.0,2026-06-08,02:30:00,16.0,2026-06-07,02:30:00,2026-06-08 02:41:07,25.55000000000001,Zone 4,36.5,Zone 4,25.5,Zone 4,33.1,Zone 4,29.5,Zone 4,36.5,Zone 4,33.1,Zone 4,39.8,Zone 4,36.5,Zone 4,42.9,Zone 4
Bihar,Munger,Kvk Munger,27.7,2026-06-08,02:30:00,89.0,2026-06-07,02:30:00,2026-06-08 02:41:07,32.55000000000001,Zone 4,63.4,Zone 5,32.1,Zone 4,59.4,Zone 5,43.1,Zone 5,63.0,Zone 5,60.0,Zone 5,65.6,Zone 5,63.4,Zone 5,67.5,Zone 5
Bihar,Muzaffarpur,Saraiya Kvk,28.0,2026-06-08,02:30:00,100.0,2026-06-07,02:30:00,2026-06-08 02:41:07,37.150000000000034,Zone 5,66.7,Zone 5,37.1,Zone 5,63.4,Zone 5,59.8,Zone 5,66.3,Zone 5,63.9,Zone 5,68.4,Zone 5,66.7,Zone 5,70.0,Zone 5
Bihar,Nalanda,Harnaut,28.9,2026-06-08,02:30:00,100.0,2026-06-07,02:30:00,2026-06-08 02:41:07,48.55000000000001,Zone 5,68.5,Zone 5,50.0,Zone 5,65.5,Zone 5,62.5,Zone 5,68.1,Zone 5,66.1,Zone 5,69.9,Zone 5,68.5,Zone 5,71.3,Zone 5
Bihar,Nalanda,Rajgir,29.2,2026-06-08,02:30:00,71.0,2026-06-07,02:30:00,2026-06-08 02:41:07,32.950000000000045,Zone 4,61.6,Zone 5,32.5,Zone 4,52.1,Zone 5,38.9,Zone 4,61.2,Zone 5,54.4,Zone 5,64.0,Zone 5,61.6,Zone 5,66.1,Zone 5
Bihar,Patna,Baldwin Academy,30.5,2026-06-08,02:30:00,83.0,2026-06-07,02:30:00,2026-06-08 02:41:07,39.25,Zone 4,67.0,Zone 5,39.3,Zone 4,63.8,Zone 5,60.3,Zone 5,66.6,Zone 5,64.3,Zone 5,68.7,Zone 5,67.0,Zone 5,70.2,Zone 5
Bihar,Patna,Iit Patna,27.6,2026-06-08,02:30:00,100.0,2026-06-07,02:30:00,2026-06-08 02:41:07,34.450000000000045,Zone 4,65.8,Zone 5,34.1,Zone 4,62.3,Zone 5,57.3,Zone 5,65.4,Zone 5,62.9,Zone 5,67.7,Zone 5,65.8,Zone 5,69.3,Zone 5
Bihar,Patna,Kvk Barh,29.5,2026-06-08,02:30:00,84.0,2026-06-07,02:30:00,2026-06-08 02:41:07,36.35000000000002,Zone 4,65.6,Zone 5,36.4,Zone 4,62.0,Zone 5,56.0,Zone 5,65.2,Zone 5,62.6,Zone 5,67.4,Zone 5,65.6,Zone 5,69.1,Zone 5
Bihar,Patna,Patna,30.8,2026-06-08,02:30:00,80.0,2026-06-07,02:30:00,2026-06-08 02:41:07,39.25,Zone 4,67.1,Zone 5,39.9,Zone 4,63.9,Zone 5,60.4,Zone 5,66.7,Zone 5,64.4,Zone 5,68.7,Zone 5,67.1,Zone 5,70.2,Zone 5
Bihar,Purnea,Purnea Imd,36.1,2026-06-08,02:30:00,97.0,2026-06-07,02:30:00,2026-06-08 02:41:07,81.75,Zone 6,90.1,Zone 6,81.4,Zone 6,86.5,Zone 6,84.3,Zone 6,89.4,Zone 6,87.2,Zone 6,92.2,Zone 6,90.1,Zone 6,95.0,Zone 6
Bihar,Rohtas,Bikramganj,29.5,2026-06-08,02:30:00,89.0,2026-06-07,02:30:00,2026-06-08 02:41:07,37.75,Zone 4,66.8,Zone 5,37.8,Zone 4,63.5,Zone 5,60.0,Zone 5,66.4,Zone 5,64.0,Zone 5,68.5,Zone 5,66.8,Zone 5,70.0,Zone 5
Bihar,Rohtas,Dehri,38.3,2026-06-08,02:30:00,82.0,2026-06-07,02:30:00,2026-06-08 02:41:07,80.95000000000005,Zone 6,90.4,Zone 6,81.7,Zone 6,86.8,Zone 6,84.7,Zone 6,89.7,Zone 6,87.6,Zone 6,92.5,Zone 6,90.4,Zone 6,95.4,Zone 6
Bihar,Saharsa,Agwanpur Aws400,27.4,2026-06-08,02:30:00,100.0,2026-06-07,02:30:00,2026-06-08 02:41:07,33.85000000000002,Zone 4,65.8,Zone 5,34.1,Zone 4,62.3,Zone 5,57.3,Zone 5,65.4,Zone 5,62.9,Zone 5,67.7,Zone 5,65.8,Zone 5,69.3,Zone 5
Bihar,Samastipur,Pusa Aws400,28.1,2026-06-08,02:30:00,100.0,2026-06-07,02:30:00,2026-06-08 02:41:07,38.25,Zone 5,66.7,Zone 5,37.1,Zone 5,63.4,Zone 5,59.8,Zone 5,66.3,Zone 5,63.9,Zone 5,68.4,Zone 5,66.7,Zone 5,70.0,Zone 5
Bihar,Saran,Manjhi,28.9,2026-06-08,02:30:00,100.0,2026-06-07,02:30:00,2026-06-08 02:41:07,48.55000000000001,Zone 5,68.5,Zone 5,50.0,Zone 5,65.5,Zone 5,62.5,Zone 5,68.1,Zone 5,66.1,Zone 5,69.9,Zone 5,68.5,Zone 5,71.3,Zone 5
Bihar,Sheikpura,Sheikpura Kvk,28.1,2026-06-08,02:30:00,,,,2026-06-08 02:41:07,,,,,,,,,,,,,,,,,,,,
Bihar,Siwan,Ziradei,28.1,2026-06-08,02:30:00,98.0,2026-06-07,02:30:00,2026-06-08 02:41:07,35.55000000000001,Zone 4,66.3,Zone 5,35.2,Zone 4,62.9,Zone 5,59.2,Zone 5,65.9,Zone 5,63.4,Zone 5,68.0,Zone 5,66.3,Zone 5,69.6,Zone 5
Bihar,Supaul,Supaul Aws400,26.6,2026-06-08,02:30:00,100.0,2026-06-07,02:30:00,2026-06-08 02:41:07,31.55000000000001,Zone 4,64.1,Zone 5,31.3,Zone 4,60.2,Zone 5,47.0,Zone 5,63.7,Zone 5,60.8,Zone 5,66.2,Zone 5,64.1,Zone 5,68.0,Zone 5
Bihar,Vaishali,Vaishali,28.2,2026-06-08,02:30:00,100.0,2026-06-07,02:30:00,2026-06-08 02:41:07,39.35000000000002,Zone 5,66.7,Zone 5,37.1,Zone 5,63.4,Zone 5,59.8,Zone 5,66.3,Zone 5,63.9,Zone 5,68.4,Zone 5,66.7,Zone 5,70.0,Zone 5
Chandigarh,Chandigarh,Chandigarh,29.0,2026-06-08,02:30:00,,,,2026-06-08 02:41:07,,,,,,,,,,,,,,,,,,,,
Chandigarh,Chandigarh,Dav School,26.4,2026-06-08,02:30:00,58.0,2026-06-07,02:30:00,2026-06-08 02:41:07,27.05000000000001,Zone 4,41.9,Zone 4,27.2,Zone 4,36.9,Zone 4,32.4,Zone 4,41.5,Zone 4,37.3,Zone 4,55.7,Zone 5,41.9,Zone 4,61.0,Zone 5
Chhattisgarh,Balod,Balod Aws400,32.7,2026-06-08,02:15:00,,,,2026-06-08 02:41:07,,,,,,,,,,,,,,,,,,,,
Chhattisgarh,Balrampur,Balrampur,25.9,2026-06-08,02:30:00,,,,2026-06-08 02:41:07,,,,,,,,,,,,,,,,,,,,
Chhattisgarh,Balrampur,Balrampur Aws400,24.3,2026-06-08,02:30:00,100.0,2026-06-07,02:30:00,2026-06-08 02:41:07,26.650000000000034,Zone 4,60.7,Zone 5,27.0,Zone 4,47.6,Zone 5,34.0,Zone 4,60.2,Zone 5,50.0,Zone 5,63.2,Zone 5,60.7,Zone 5,65.5,Zone 5
Chhattisgarh,Bemetara,Bemetara,33.8,2026-06-08,02:30:00,35.0,2026-06-07,02:30:00,2026-06-08 02:41:07,34.55000000000001,Zone 4,54.9,Zone 5,34.9,Zone 4,43.8,Zone 4,39.7,Zone 4,53.5,Zone 5,44.2,Zone 4,60.9,Zone 5,54.9,Zone 5,63.5,Zone 5
Chhattisgarh,Bemetara,Bemetara Durg,35.4,2026-06-08,02:30:00,40.0,2026-06-07,02:30:00,2026-06-08 02:41:07,38.25,Zone 4,61.6,Zone 5,38.4,Zone 4,52.6,Zone 5,43.7,Zone 4,61.3,Zone 5,54.8,Zone 5,64.1,Zone 5,61.6,Zone 5,66.2,Zone 5
Chhattisgarh,Bilaspur,Bilaspur,31.1,2026-06-08,02:30:00,44.0,2026-06-07,02:30:00,2026-06-08 02:41:07,32.150000000000034,Zone 4,51.2,Zone 5,32.0,Zone 4,41.3,Zone 4,37.1,Zone 4,49.7,Zone 5,41.7,Zone 4,60.1,Zone 5,51.2,Zone 5,62.8,Zone 5
Chhattisgarh,Dhamtari,Dhamtari,,,,6.0,2026-06-07,02:30:00,2026-06-08 02:41:07,,,,,,,,,,,,,,,,,,,,
Chhattisgarh,Dhamtari,Nagri,,,,51.0,2026-06-07,02:30:00,2026-06-08 02:41:07,,,,,,,,,,,,,,,,,,,,
Chhattisgarh,Gariaband,Gariaband,31.8,2026-06-08,02:30:00,51.0,2026-06-07,02:30:00,2026-06-08 02:41:07,34.35000000000002,Zone 4,60.5,Zone 5,34.7,Zone 4,47.0,Zone 5,40.3,Zone 4,60.1,Zone 5,49.2,Zone 5,63.1,Zone 5,60.5,Zone 5,65.4,Zone 5
Chhattisgarh,Janjgir Champa,Janjgir,,,,55.0,2026-06-07,02:30:00,2026-06-08 02:41:07,,,,,,,,,,,,,,,,,,,,
Chhattisgarh,Janjgir Champa,Nawagarh,30.9,2026-06-08,02:30:00,52.0,2026-06-07,02:30:00,2026-06-08 02:41:07,33.05000000000001,Zone 4,59.4,Zone 5,33.2,Zone 4,43.3,Zone 4,38.7,Zone 4,58.9,Zone 5,43.9,Zone 5,62.2,Zone 5,59.4,Zone 5,64.5,Zone 5
Chhattisgarh,Janjgir Champa,Sakti,31.3,2026-06-08,02:30:00,55.0,2026-06-07,02:30:00,2026-06-08 02:41:07,34.25,Zone 4,61.0,Zone 5,34.6,Zone 4,49.3,Zone 5,40.4,Zone 4,60.6,Zone 5,51.6,Zone 5,63.5,Zone 5,61.0,Zone 5,65.7,Zone 5
Chhattisgarh,Jashpur,Bagicha,26.8,2026-06-08,02:30:00,79.0,2026-06-07,02:30:00,2026-06-08 02:41:07,29.350000000000023,Zone 4,60.3,Zone 5,29.7,Zone 4,46.1,Zone 5,36.2,Zone 4,59.9,Zone 5,48.4,Zone 5,63.0,Zone 5,60.3,Zone 5,65.2,Zone 5
Chhattisgarh,Kabirdham,Pandaria,30.1,2026-06-08,02:30:00,45.0,2026-06-07,02:30:00,2026-06-08 02:41:07,30.950000000000045,Zone 4,47.0,Zone 5,30.8,Zone 4,40.0,Zone 4,35.7,Zone 4,45.6,Zone 5,40.4,Zone 4,59.3,Zone 5,47.0,Zone 5,62.0,Zone 5
Chhattisgarh,Korba,Lakhanpur Kvk,30.3,2026-06-08,02:30:00,,,,2026-06-08 02:41:07,,,,,,,,,,,,,,,,,,,,
Chhattisgarh,Koriya,Koriya Kvk,27.5,2026-06-08,02:30:00,,,,2026-06-08 02:41:07,,,,,,,,,,,,,,,,,,,,
Chhattisgarh,Mahasamund,Pithora,29.7,2026-06-08,02:30:00,49.0,2026-06-07,02:30:00,2026-06-08 02:41:07,30.850000000000023,Zone 4,49.0,Zone 5,30.5,Zone 4,40.0,Zone 4,35.6,Zone 4,47.5,Zone 5,40.4,Zone 4,59.7,Zone 5,49.0,Zone 5,62.4,Zone 5
Chhattisgarh,Mungeli,Lormi,32.2,2026-06-08,02:30:00,44.0,2026-06-07,02:30:00,2026-06-08 02:41:07,33.85000000000002,Zone 4,56.5,Zone 5,33.5,Zone 4,43.0,Zone 4,38.6,Zone 4,55.1,Zone 5,43.4,Zone 4,61.3,Zone 5,56.5,Zone 5,63.8,Zone 5
Chhattisgarh,Mungeli,Mungeli,33.0,2026-06-08,02:30:00,36.0,2026-06-07,02:30:00,2026-06-08 02:41:07,33.650000000000034,Zone 4,51.3,Zone 5,33.7,Zone 4,42.5,Zone 4,38.4,Zone 4,49.8,Zone 5,42.9,Zone 4,60.1,Zone 5,51.3,Zone 5,62.8,Zone 5
Chhattisgarh,Mungeli,Mungeli Aws400,31.8,2026-06-08,02:30:00,36.0,2026-06-07,02:30:00,2026-06-08 02:41:07,32.05000000000001,Zone 4,46.2,Zone 5,32.3,Zone 4,41.1,Zone 4,37.0,Zone 4,45.3,Zone 4,41.4,Zone 4,59.1,Zone 5,46.2,Zone 5,61.9,Zone 5
Chhattisgarh,Pendra Road,Pendra Road,28.1,2026-06-08,02:30:00,45.0,2026-06-07,02:30:00,2026-06-08 02:41:07,28.350000000000023,Zone 4,41.7,Zone 4,28.2,Zone 4,37.2,Zone 4,33.0,Zone 4,41.5,Zone 4,37.5,Zone 4,51.4,Zone 5,41.7,Zone 4,60.1,Zone 5
Chhattisgarh,Raigarh,Dharamjaigarh,28.9,2026-06-08,02:30:00,77.0,2026-06-07,02:30:00,2026-06-08 02:41:07,33.35000000000002,Zone 4,63.1,Zone 5,33.6,Zone 4,58.9,Zone 5,41.1,Zone 5,62.7,Zone 5,59.6,Zone 5,65.3,Zone 5,63.1,Zone 5,67.3,Zone 5
Chhattisgarh,Raigarh,Raigarh,30.0,2026-06-08,02:15:00,,,,2026-06-08 02:41:07,,,,,,,,,,,,,,,,,,,,
Chhattisgarh,Raipur,Naya Raipur,34.4,2026-06-08,02:30:00,32.0,2026-06-07,02:30:00,2026-06-08 02:41:07,34.85000000000002,Zone 4,53.1,Zone 5,35.0,Zone 4,43.7,Zone 4,39.7,Zone 4,51.6,Zone 5,44.0,Zone 4,60.5,Zone 5,53.1,Zone 5,63.1,Zone 5
Chhattisgarh,Raipur,Raipur,33.5,2026-06-08,02:30:00,39.0,2026-06-07,02:30:00,2026-06-08 02:41:07,34.950000000000045,Zone 4,57.8,Zone 5,34.9,Zone 4,44.1,Zone 4,39.9,Zone 4,56.4,Zone 5,44.6,Zone 4,61.6,Zone 5,57.8,Zone 5,64.0,Zone 5
Chhattisgarh,Rajnandgaon,Rajnandgaon,33.2,2026-06-08,02:30:00,37.0,2026-06-07,02:30:00,2026-06-08 02:41:07,34.150000000000034,Zone 4,52.7,Zone 5,33.8,Zone 4,42.8,Zone 4,38.6,Zone 4,51.2,Zone 5,43.2,Zone 4,60.4,Zone 5,52.7,Zone 5,63.0,Zone 5
Chhattisgarh,Sukma,Sukma,31.3,2026-06-08,02:30:00,64.0,2026-06-07,02:30:00,2026-06-08 02:41:07,36.05000000000001,Zone 4,63.6,Zone 5,36.6,Zone 4,59.6,Zone 5,43.9,Zone 5,63.2,Zone 5,60.2,Zone 5,65.7,Zone 5,63.6,Zone 5,67.6,Zone 5
Chhattisgarh,Surajpur,Surajpur Aws400,26.7,2026-06-08,02:30:00,59.0,2026-06-07,02:30:00,2026-06-08 02:41:07,27.55000000000001,Zone 4,42.7,Zone 5,27.3,Zone 4,37.0,Zone 4,32.5,Zone 4,41.7,Zone 4,37.4,Zone 4,56.5,Zone 5,42.7,Zone 5,61.2,Zone 5
Dadra And Nagar Haveli,Dadar Nagar,Silvassa,30.0,2026-06-08,02:30:00,77.0,2026-06-07,02:30:00,2026-06-08 02:41:07,36.05000000000001,Zone 4,64.7,Zone 5,36.0,Zone 4,60.9,Zone 5,50.6,Zone 5,64.3,Zone 5,61.5,Zone 5,66.7,Zone 5,64.7,Zone 5,68.5,Zone 5
Daman And Diu,Daman,Daman Aws,29.5,2026-06-08,02:30:00,86.0,2026-06-07,02:30:00,2026-06-08 02:41:07,36.950000000000045,Zone 4,66.1,Zone 5,36.9,Zone 4,62.6,Zone 5,58.6,Zone 5,65.7,Zone 5,63.2,Zone 5,67.9,Zone 5,66.1,Zone 5,69.5,Zone 5
Daman And Diu,Diu,Diu,29.1,2026-06-08,02:30:00,84.0,2026-06-07,02:30:00,2026-06-08 02:41:07,35.25,Zone 4,64.7,Zone 5,35.0,Zone 4,61.0,Zone 5,51.1,Zone 5,64.4,Zone 5,61.6,Zone 5,66.7,Zone 5,64.7,Zone 5,68.5,Zone 5
Delhi,East Delhi,Salwan Public School,28.5,2026-06-08,02:30:00,59.0,2026-06-07,02:30:00,2026-06-08 02:41:07,30.150000000000034,Zone 4,54.3,Zone 5,30.1,Zone 4,40.3,Zone 4,35.6,Zone 4,52.7,Zone 5,40.8,Zone 4,60.8,Zone 5,54.3,Zone 5,63.3,Zone 5
Delhi,New Delhi,Pragati Maidan,29.7,2026-06-08,02:30:00,,,,2026-06-08 02:41:07,,,,,,,,,,,,,,,,,,,,
Delhi,New Delhi,Sports Complex,32.0,2026-06-08,02:30:00,64.0,2026-06-07,02:30:00,2026-06-08 02:41:07,37.75,Zone 4,64.3,Zone 5,37.8,Zone 4,60.5,Zone 5,48.5,Zone 5,63.9,Zone 5,61.1,Zone 5,66.4,Zone 5,64.3,Zone 5,68.2,Zone 5
Delhi,North West Delhi,Mungeshpur,29.8,2026-06-08,02:30:00,60.0,2026-06-07,02:30:00,2026-06-08 02:41:07,32.35000000000002,Zone 4,60.2,Zone 5,32.7,Zone 4,45.5,Zone 5,38.6,Zone 4,59.8,Zone 5,47.8,Zone 5,62.8,Zone 5,60.2,Zone 5,65.1,Zone 5
Delhi,North West Delhi,Pitampura,32.4,2026-06-08,02:30:00,56.0,2026-06-07,02:30:00,2026-06-08 02:41:07,36.55000000000001,Zone 4,62.7,Zone 5,36.8,Zone 4,57.6,Zone 5,42.9,Zone 4,62.3,Zone 5,59.2,Zone 5,65.0,Zone 5,62.7,Zone 5,67.0,Zone 5
Delhi,South Delhi,Lodi Road,30.9,2026-06-08,02:30:00,72.0,2026-06-07,02:30:00,2026-06-08 02:41:07,37.150000000000034,Zone 4,65.0,Zone 5,37.4,Zone 4,61.3,Zone 5,52.4,Zone 5,64.6,Zone 5,61.9,Zone 5,66.9,Zone 5,65.0,Zone 5,68.7,Zone 5
Delhi,South Delhi,Pharma Science And Research Un,29.0,2026-06-08,02:30:00,55.0,2026-06-07,02:30:00,2026-06-08 02:41:07,30.450000000000045,Zone 4,52.9,Zone 5,30.5,Zone 4,40.4,Zone 4,35.8,Zone 4,51.4,Zone 5,40.8,Zone 4,60.5,Zone 5,52.9,Zone 5,63.1,Zone 5
Delhi,South West Delhi,Ayanagar,26.5,2026-06-08,02:30:00,68.0,2026-06-07,02:30:00,2026-06-08 02:41:07,27.950000000000045,Zone 4,51.3,Zone 5,27.9,Zone 4,38.4,Zone 4,33.6,Zone 4,49.8,Zone 5,38.9,Zone 4,60.1,Zone 5,51.3,Zone 5,62.8,Zone 5
Delhi,South West Delhi,Jafarpur,28.1,2026-06-08,02:30:00,,,,2026-06-08 02:41:07,,,,,,,,,,,,,,,,,,,,
Delhi,South West Delhi,Kvk Crpf Campus,28.3,2026-06-08,02:30:00,57.0,2026-06-07,02:30:00,2026-06-08 02:41:07,29.650000000000034,Zone 4,52.2,Zone 5,29.9,Zone 4,39.9,Zone 4,35.3,Zone 4,50.6,Zone 5,40.4,Zone 4,60.3,Zone 5,52.2,Zone 5,62.9,Zone 5
Delhi,South West Delhi,Kv Narayna,29.0,2026-06-08,02:30:00,47.0,2026-06-07,02:30:00,2026-06-08 02:41:07,29.650000000000034,Zone 4,44.0,Zone 5,29.6,Zone 4,38.9,Zone 4,34.6,Zone 4,43.3,Zone 4,39.3,Zone 4,57.6,Zone 5,44.0,Zone 5,61.4,Zone 5
Delhi,South West Delhi,Najafgarh,29.3,2026-06-08,02:30:00,71.0,2026-06-07,02:30:00,2026-06-08 02:41:07,33.150000000000034,Zone 4,62.3,Zone 5,33.6,Zone 4,55.8,Zone 5,40.1,Zone 4,61.9,Zone 5,57.9,Zone 5,64.7,Zone 5,62.3,Zone 5,66.7,Zone 5
Delhi,West Delhi,Kv Janakpuri,30.4,2026-06-08,02:30:00,50.0,2026-06-07,02:30:00,2026-06-08 02:41:07,31.950000000000045,Zone 4,55.7,Zone 5,32.1,Zone 4,41.9,Zone 4,37.4,Zone 4,54.2,Zone 5,42.3,Zone 4,61.1,Zone 5,55.7,Zone 5,63.6,Zone 5
Goa,North Goa,Goa State Biodiversity Board,24.3,2026-06-08,02:30:00,99.0,2026-06-07,02:30:00,2026-06-08 02:41:07,26.55000000000001,Zone 4,60.5,Zone 5,27.0,Zone 4,46.7,Zone 5,33.9,Zone 4,60.1,Zone 5,49.1,Zone 5,63.1,Zone 5,60.5,Zone 5,65.3,Zone 5
Goa,Panaji,Altinho Imdoffice,24.1,2026-06-08,02:30:00,79.0,2026-06-07,02:30:00,2026-06-08 02:41:07,25.150000000000034,Zone 3,45.7,Zone 5,25.1,Zone 3,35.6,Zone 4,30.8,Zone 4,44.2,Zone 5,36.1,Zone 4,58.8,Zone 5,45.7,Zone 5,61.8,Zone 5
Gujarat,Ahmedabad,Ahmedabad,31.5,2026-06-08,02:30:00,75.0,2026-06-07,02:30:00,2026-06-08 02:41:07,39.85000000000002,Zone 4,66.6,Zone 5,39.8,Zone 4,63.3,Zone 5,59.7,Zone 5,66.2,Zone 5,63.8,Zone 5,68.3,Zone 5,66.6,Zone 5,69.9,Zone 5
Gujarat,Ahmedabad,Dhorela,30.3,2026-06-08,02:15:00,,,,2026-06-08 02:41:07,,,,,,,,,,,,,,,,,,,,
Gujarat,Ahmedabad,Science City,30.7,2026-06-08,02:30:00,69.0,2026-06-07,02:30:00,2026-06-08 02:41:07,35.85000000000002,Zone 4,63.4,Zone 5,35.4,Zone 4,59.4,Zone 5,42.9,Zone 5,63.0,Zone 5,59.9,Zone 5,65.6,Zone 5,63.4,Zone 5,67.5,Zone 5
Gujarat,Amreli,Dhari Aws400,28.2,2026-06-08,02:30:00,89.0,2026-06-07,02:30:00,2026-06-08 02:41:07,33.85000000000002,Zone 4,64.2,Zone 5,33.3,Zone 4,60.4,Zone 5,48.0,Zone 5,63.8,Zone 5,61.0,Zone 5,66.3,Zone 5,64.2,Zone 5,68.1,Zone 5
Gujarat,Amreli,Rajula,30.4,2026-06-08,02:30:00,84.0,2026-06-07,02:30:00,2026-06-08 02:41:07,39.650000000000034,Zone 5,67.3,Zone 5,40.8,Zone 5,64.1,Zone 5,60.7,Zone 5,66.9,Zone 5,64.6,Zone 5,68.9,Zone 5,67.3,Zone 5,70.4,Zone 5
Gujarat,Arawali,Modasa,30.3,2026-06-08,01:45:00,,,,2026-06-08 02:41:07,,,,,,,,,,,,,,,,,,,,
Gujarat,Banaskantha,Ambaji Temple,29.2,2026-06-08,02:15:00,,,,2026-06-08 02:41:07,,,,,,,,,,,,,,,,,,,,
Gujarat,Banaskantha,Tharad Aws400,29.2,2026-06-08,02:30:00,68.0,2026-06-07,02:30:00,2026-06-08 02:41:07,32.450000000000045,Zone 4,60.8,Zone 5,32.1,Zone 4,48.4,Zone 5,38.3,Zone 4,60.4,Zone 5,50.7,Zone 5,63.4,Zone 5,60.8,Zone 5,65.6,Zone 5
Gujarat,Bharuch,Hansot Aws400,29.9,2026-06-08,02:30:00,87.0,2026-06-07,02:30:00,2026-06-08 02:41:07,38.950000000000045,Zone 5,67.2,Zone 5,40.1,Zone 5,63.9,Zone 5,60.5,Zone 5,66.8,Zone 5,64.5,Zone 5,68.8,Zone 5,67.2,Zone 5,70.3,Zone 5
Gujarat,Bhavnagar,Bhavnagar,30.3,2026-06-08,02:30:00,65.0,2026-06-07,02:30:00,2026-06-08 02:41:07,34.150000000000034,Zone 4,62.3,Zone 5,34.6,Zone 4,55.7,Zone 5,40.9,Zone 4,61.9,Zone 5,57.8,Zone 5,64.6,Zone 5,62.3,Zone 5,66.7,Zone 5
Gujarat,Bhavnagar,Talaja Aws400,29.5,2026-06-08,02:30:00,72.0,2026-06-07,02:30:00,2026-06-08 02:41:07,33.75,Zone 4,62.6,Zone 5,33.8,Zone 4,57.0,Zone 5,40.4,Zone 4,62.2,Zone 5,59.0,Zone 5,64.9,Zone 5,62.6,Zone 5,66.9,Zone 5
Gujarat,Dahod,Dahod Kvk,29.1,2026-06-08,02:30:00,61.0,2026-06-07,02:30:00,2026-06-08 02:41:07,31.350000000000023,Zone 4,58.9,Zone 5,31.2,Zone 4,41.6,Zone 4,36.9,Zone 4,57.6,Zone 5,42.2,Zone 4,61.8,Zone 5,58.9,Zone 5,64.2,Zone 5
Gujarat,Dang,Dang Kvk,29.9,2026-06-08,02:30:00,85.0,2026-06-07,02:30:00,2026-06-08 02:41:07,37.950000000000045,Zone 4,66.7,Zone 5,38.2,Zone 4,63.3,Zone 5,59.8,Zone 5,66.3,Zone 5,63.9,Zone 5,68.4,Zone 5,66.7,Zone 5,69.9,Zone 5
Gujarat,Gandhinagar,Gandhinagar,30.7,2026-06-08,02:30:00,60.0,2026-06-07,02:30:00,2026-06-08 02:41:07,34.05000000000001,Zone 4,60.9,Zone 5,33.6,Zone 4,49.1,Zone 5,39.6,Zone 4,60.5,Zone 5,51.4,Zone 5,63.5,Zone 5,60.9,Zone 5,65.7,Zone 5
Gujarat,Kachchh,Bachau Amfu,29.3,2026-06-08,02:30:00,81.0,2026-06-07,02:30:00,2026-06-08 02:41:07,35.05000000000001,Zone 4,64.8,Zone 5,35.6,Zone 4,61.1,Zone 5,51.7,Zone 5,64.5,Zone 5,61.7,Zone 5,66.8,Zone 5,64.8,Zone 5,68.6,Zone 5
Gujarat,Kachchh,Bhuj,,,,79.0,2026-06-07,02:30:00,2026-06-08 02:41:07,,,,,,,,,,,,,,,,,,,,
Gujarat,Kachchh,Kandla,29.8,2026-06-08,02:30:00,82.0,2026-06-07,02:30:00,2026-06-08 02:41:07,36.75,Zone 4,65.9,Zone 5,37.3,Zone 4,62.4,Zone 5,57.9,Zone 5,65.5,Zone 5,63.0,Zone 5,67.7,Zone 5,65.9,Zone 5,69.4,Zone 5
Gujarat,Kachchh,Mundra,29.6,2026-06-08,02:30:00,78.0,2026-06-07,02:30:00,2026-06-08 02:41:07,35.25,Zone 4,64.1,Zone 5,34.9,Zone 4,60.3,Zone 5,47.2,Zone 5,63.7,Zone 5,60.8,Zone 5,66.2,Zone 5,64.1,Zone 5,68.0,Zone 5
Gujarat,Kachchh,Rapar,29.9,2026-06-08,02:15:00,,,,2026-06-08 02:41:07,,,,,,,,,,,,,,,,,,,,
Gujarat,Mahesana,Jagudan,30.4,2026-06-08,02:15:00,,,,2026-06-08 02:41:07,,,,,,,,,,,,,,,,,,,,
Gujarat,Mahisagar,Lunavada,30.0,2026-06-08,02:30:00,73.0,2026-06-07,02:30:00,2026-06-08 02:41:07,35.05000000000001,Zone 4,63.6,Zone 5,35.1,Zone 4,59.7,Zone 5,44.4,Zone 5,63.2,Zone 5,60.3,Zone 5,65.8,Zone 5,63.6,Zone 5,67.7,Zone 5
Gujarat,Morbi,Halwad,29.8,2026-06-08,02:30:00,73.0,2026-06-07,02:30:00,2026-06-08 02:41:07,34.650000000000034,Zone 4,63.6,Zone 5,35.1,Zone 4,59.7,Zone 5,44.4,Zone 5,63.2,Zone 5,60.3,Zone 5,65.8,Zone 5,63.6,Zone 5,67.7,Zone 5
Gujarat,Patan,Patan,30.1,2026-06-08,02:30:00,70.0,2026-06-07,02:30:00,2026-06-08 02:41:07,34.650000000000034,Zone 4,62.9,Zone 5,34.5,Zone 4,58.1,Zone 5,41.1,Zone 4,62.5,Zone 5,59.3,Zone 5,65.1,Zone 5,62.9,Zone 5,67.1,Zone 5
Gujarat,Porbandar,Porbandar,27.8,2026-06-08,02:30:00,86.0,2026-06-07,02:30:00,2026-06-08 02:41:07,32.35000000000002,Zone 4,63.6,Zone 5,32.8,Zone 4,59.6,Zone 5,43.9,Zone 5,63.2,Zone 5,60.2,Zone 5,65.7,Zone 5,63.6,Zone 5,67.6,Zone 5
Gujarat,Sabarkantha,Bayad,30.5,2026-06-08,02:30:00,74.0,2026-06-07,02:30:00,2026-06-08 02:41:07,36.55000000000001,Zone 4,64.7,Zone 5,36.6,Zone 4,61.0,Zone 5,50.8,Zone 5,64.3,Zone 5,61.5,Zone 5,66.7,Zone 5,64.7,Zone 5,68.5,Zone 5
Gujarat,Sabarkantha,Himatnagar,30.2,2026-06-08,02:30:00,68.0,2026-06-07,02:30:00,2026-06-08 02:41:07,34.55000000000001,Zone 4,62.3,Zone 5,34.1,Zone 4,55.8,Zone 5,40.5,Zone 4,61.9,Zone 5,57.9,Zone 5,64.7,Zone 5,62.3,Zone 5,66.7,Zone 5
Gujarat,Surat,Surat Kvk,30.0,2026-06-08,02:30:00,,,,2026-06-08 02:41:07,,,,,,,,,,,,,,,,,,,,
Gujarat,Surendranagar,Surendranagar,29.4,2026-06-08,02:30:00,70.0,2026-06-07,02:30:00,2026-06-08 02:41:07,33.150000000000034,Zone 4,62.1,Zone 5,33.4,Zone 4,54.6,Zone 5,39.9,Zone 4,61.7,Zone 5,56.8,Zone 5,64.5,Zone 5,62.1,Zone 5,66.5,Zone 5
Gujarat,Vadodara,Vadodara Aws400,31.1,2026-06-08,02:30:00,69.0,2026-06-07,02:30:00,2026-06-08 02:41:07,36.85000000000002,Zone 4,64.2,Zone 5,36.6,Zone 4,60.3,Zone 5,47.5,Zone 5,63.8,Zone 5,60.9,Zone 5,66.2,Zone 5,64.2,Zone 5,68.1,Zone 5
Haryana,Bhiwani,Bhiwani,27.4,2026-06-08,02:30:00,63.0,2026-06-07,02:30:00,2026-06-08 02:41:07,28.850000000000023,Zone 4,52.5,Zone 5,29.0,Zone 4,39.3,Zone 4,34.6,Zone 4,50.9,Zone 5,39.8,Zone 4,60.4,Zone 5,52.5,Zone 5,63.0,Zone 5
Haryana,Charkhi Dadri,Revenue Office Aws400,28.3,2026-06-08,02:30:00,62.0,2026-06-07,02:30:00,2026-06-08 02:41:07,30.150000000000034,Zone 4,57.2,Zone 5,30.5,Zone 4,40.9,Zone 4,36.1,Zone 4,55.8,Zone 5,41.4,Zone 4,61.4,Zone 5,57.2,Zone 5,63.9,Zone 5
Haryana,Faridabad,Bopani,31.4,2026-06-08,02:30:00,48.0,2026-06-07,02:30:00,2026-06-08 02:41:07,33.25,Zone 4,58.6,Zone 5,33.4,Zone 4,43.1,Zone 4,38.7,Zone 4,57.2,Zone 5,43.6,Zone 4,61.7,Zone 5,58.6,Zone 5,64.2,Zone 5
Haryana,Gurgaon,Gurgaon,26.5,2026-06-08,02:30:00,73.0,2026-06-07,02:30:00,2026-06-08 02:41:07,28.350000000000023,Zone 4,56.0,Zone 5,28.3,Zone 4,39.2,Zone 4,34.3,Zone 4,54.4,Zone 5,39.8,Zone 4,61.1,Zone 5,56.0,Zone 5,63.6,Zone 5
Haryana,Gurgaon,Gurgaon Kvk,29.3,2026-06-08,02:30:00,12.0,2026-06-07,02:30:00,2026-06-08 02:41:07,27.350000000000023,Zone 4,38.2,Zone 4,27.5,Zone 4,34.8,Zone 4,31.3,Zone 4,38.1,Zone 4,34.8,Zone 4,41.3,Zone 4,38.2,Zone 4,44.4,Zone 4
Haryana,Gurgaon,Northcap University,29.3,2026-06-08,02:30:00,54.0,2026-06-07,02:30:00,2026-06-08 02:41:07,30.75,Zone 4,54.6,Zone 5,31.1,Zone 4,41.0,Zone 4,36.5,Zone 4,53.1,Zone 5,41.5,Zone 4,60.8,Zone 5,54.6,Zone 5,63.4,Zone 5
Haryana,Jhajjar,Jhajjar,27.6,2026-06-08,02:30:00,51.0,2026-06-07,02:30:00,2026-06-08 02:41:07,28.150000000000034,Zone 4,42.1,Zone 4,28.0,Zone 4,37.4,Zone 4,33.0,Zone 4,41.8,Zone 4,37.7,Zone 4,54.5,Zone 5,42.1,Zone 4,60.7,Zone 5
Haryana,Jind,Pandu Pindara,29.6,2026-06-08,02:30:00,47.0,2026-06-07,02:30:00,2026-06-08 02:41:07,30.450000000000045,Zone 4,46.7,Zone 5,30.3,Zone 4,39.6,Zone 4,35.3,Zone 4,45.2,Zone 5,40.0,Zone 4,59.2,Zone 5,46.7,Zone 5,61.9,Zone 5
Haryana,Kaithal,Kaithal,29.6,2026-06-08,02:30:00,51.0,2026-06-07,02:30:00,2026-06-08 02:41:07,30.850000000000023,Zone 4,51.3,Zone 5,30.7,Zone 4,40.4,Zone 4,36.0,Zone 4,49.8,Zone 5,40.8,Zone 4,60.1,Zone 5,51.3,Zone 5,62.8,Zone 5
Haryana,Kaithal,Kaul Amfu,28.9,2026-06-08,02:30:00,100.0,2026-06-07,02:30:00,2026-06-08 02:41:07,48.55000000000001,Zone 5,68.5,Zone 5,50.0,Zone 5,65.5,Zone 5,62.5,Zone 5,68.1,Zone 5,66.1,Zone 5,69.9,Zone 5,68.5,Zone 5,71.3,Zone 5
Haryana,Karnal,Indri Rest House,27.2,2026-06-08,02:30:00,,,,2026-06-08 02:41:07,,,,,,,,,,,,,,,,,,,,
Haryana,Karnal,Karnal,28.8,2026-06-08,02:30:00,,,,2026-06-08 02:41:07,,,,,,,,,,,,,,,,,,,,
Haryana,Karnal,Uchani,29.4,2026-06-08,02:30:00,74.0,2026-06-07,02:30:00,2026-06-08 02:41:07,33.950000000000045,Zone 4,63.1,Zone 5,34.1,Zone 4,59.0,Zone 5,41.4,Zone 5,62.7,Zone 5,59.6,Zone 5,65.3,Zone 5,63.1,Zone 5,67.3,Zone 5
Haryana,Kurukshetra,Pehowa,27.9,2026-06-08,02:30:00,,,,2026-06-08 02:41:07,,,,,,,,,,,,,,,,,,,,
Haryana,Mahendragarh,Mahendragarh Aws,25.0,2026-06-08,02:30:00,99.0,2026-06-07,02:30:00,2026-06-08 02:41:07,27.850000000000023,Zone 4,61.3,Zone 5,27.9,Zone 4,50.8,Zone 5,35.0,Zone 4,60.9,Zone 5,53.2,Zone 5,63.8,Zone 5,61.3,Zone 5,66.0,Zone 5
Haryana,Mewat,Mandkola,27.2,2026-06-08,02:30:00,18.0,2026-06-07,02:30:00,2026-06-08 02:41:07,25.850000000000023,Zone 4,36.8,Zone 4,25.6,Zone 4,33.2,Zone 4,29.6,Zone 4,36.7,Zone 4,33.3,Zone 4,40.0,Zone 4,36.8,Zone 4,43.2,Zone 4
Haryana,Mewat,Nuh,31.1,2026-06-08,02:30:00,,,,2026-06-08 02:41:07,,,,,,,,,,,,,,,,,,,,
Haryana,Palwal,Palwal Water Service Division,26.7,2026-06-08,02:30:00,,,,2026-06-08 02:41:07,,,,,,,,,,,,,,,,,,,,
Haryana,Rewari,Bawal,26.4,2026-06-08,02:30:00,81.0,2026-06-07,02:30:00,2026-06-08 02:41:07,28.850000000000023,Zone 4,60.0,Zone 5,29.0,Zone 4,44.5,Zone 5,35.5,Zone 4,59.6,Zone 5,46.7,Zone 5,62.7,Zone 5,60.0,Zone 5,65.0,Zone 5
Haryana,Rohtak,Canal Rest House,29.1,2026-06-08,02:30:00,42.0,2026-06-07,02:30:00,2026-06-08 02:41:07,29.350000000000023,Zone 4,42.6,Zone 4,29.2,Zone 4,38.1,Zone 4,33.9,Zone 4,42.3,Zone 4,38.4,Zone 4,53.0,Zone 5,42.6,Zone 4,60.4,Zone 5
Haryana,Rohtak,Rohtak,28.8,2026-06-08,02:30:00,48.0,2026-06-07,02:30:00,2026-06-08 02:41:07,29.450000000000045,Zone 4,45.1,Zone 5,29.7,Zone 4,39.1,Zone 4,34.8,Zone 4,43.7,Zone 5,39.4,Zone 4,58.4,Zone 5,45.1,Zone 5,61.7,Zone 5
Haryana,Sirsa,Canal Colony Village Ottu,28.1,2026-06-08,02:30:00,61.0,2026-06-07,02:30:00,2026-06-08 02:41:07,29.75,Zone 4,53.4,Zone 5,29.6,Zone 4,39.8,Zone 4,35.1,Zone 4,51.9,Zone 5,40.3,Zone 4,60.6,Zone 5,53.4,Zone 5,63.2,Zone 5
Haryana,Sirsa,Sirsa,29.7,2026-06-08,02:30:00,46.0,2026-06-07,02:30:00,2026-06-08 02:41:07,30.450000000000045,Zone 4,45.5,Zone 5,30.2,Zone 4,39.4,Zone 4,35.2,Zone 4,44.1,Zone 5,39.8,Zone 4,58.7,Zone 5,45.5,Zone 5,61.7,Zone 5
Haryana,Sonipat,Canal Resthouse Saragthal,27.3,2026-06-08,02:30:00,61.0,2026-06-07,02:30:00,2026-06-08 02:41:07,28.55000000000001,Zone 4,50.5,Zone 5,28.8,Zone 4,38.9,Zone 4,34.3,Zone 4,48.9,Zone 5,39.4,Zone 4,60.0,Zone 5,50.5,Zone 5,62.6,Zone 5
Haryana,Sonipat,Jagdishpur,27.9,2026-06-08,02:30:00,,,,2026-06-08 02:41:07,,,,,,,,,,,,,,,,,,,,
Haryana,Yamunanagar,Hathinkundberaj,26.2,2026-06-08,02:30:00,74.0,2026-06-07,02:30:00,2026-06-08 02:41:07,27.950000000000045,Zone 4,53.8,Zone 5,27.6,Zone 4,38.5,Zone 4,33.5,Zone 4,52.3,Zone 5,39.0,Zone 4,60.7,Zone 5,53.8,Zone 5,63.2,Zone 5
Himachal Pradesh,Bilaspur,Bilaspur Kvk,19.2,2026-06-08,02:30:00,79.0,2026-06-07,02:30:00,2026-06-08 02:41:07,19.55000000000001,Zone 3,33.5,Zone 4,19.3,Zone 3,28.9,Zone 4,24.7,Zone 3,33.3,Zone 4,29.1,Zone 4,37.5,Zone 4,33.5,Zone 4,48.0,Zone 5
Himachal Pradesh,Hamirpur,Hamirpur Neri,26.9,2026-06-08,02:30:00,34.0,2026-06-07,02:30:00,2026-06-08 02:41:07,26.25,Zone 4,38.7,Zone 4,26.4,Zone 4,34.7,Zone 4,30.8,Zone 4,38.6,Zone 4,34.9,Zone 4,42.3,Zone 4,38.7,Zone 4,51.1,Zone 5
Himachal Pradesh,Kullu,Seobagh Amfu,,,,77.0,2026-06-07,02:30:00,2026-06-08 02:41:07,,,,,,,,,,,,,,,,,,,,
Himachal Pradesh,Lahaul And Spiti,Tabo,8.3,2026-06-08,02:30:00,60.0,2026-06-07,02:30:00,2026-06-08 02:41:07,7.150000000000034,Zone 2,23.9,Zone 3,7.3,Zone 2,20.9,Zone 3,15.3,Zone 3,24.0,Zone 3,20.7,Zone 3,26.7,Zone 4,23.9,Zone 3,30.0,Zone 4
Himachal Pradesh,Mandi,Sundernagar Kvk,19.4,2026-06-08,02:30:00,78.0,2026-06-07,02:30:00,2026-06-08 02:41:07,19.75,Zone 3,34.0,Zone 4,19.9,Zone 3,29.4,Zone 4,25.0,Zone 3,33.8,Zone 4,29.6,Zone 4,38.1,Zone 4,34.0,Zone 4,49.7,Zone 5
Jammu And Kashmir,Anantnag,Anantnag,10.7,2026-06-08,02:30:00,100.0,2026-06-07,02:30:00,2026-06-08 02:41:07,10.75,Zone 2,25.3,Zone 3,10.5,Zone 2,22.6,Zone 3,18.1,Zone 3,25.3,Zone 3,22.6,Zone 3,29.1,Zone 4,25.3,Zone 3,32.8,Zone 4
Jammu And Kashmir,Anantnag,Larnoo,18.5,2026-06-08,02:30:00,99.0,2026-06-07,02:30:00,2026-06-08 02:41:07,19.650000000000034,Zone 3,34.2,Zone 4,19.6,Zone 3,29.2,Zone 4,24.7,Zone 3,34.0,Zone 4,29.5,Zone 4,42.1,Zone 5,34.2,Zone 4,55.5,Zone 5
Jammu And Kashmir,Anantnag,Pahalgam,6.8,2026-06-08,02:30:00,100.0,2026-06-07,02:30:00,2026-06-08 02:41:07,6.850000000000023,Zone 2,23.6,Zone 3,7.0,Zone 2,20.5,Zone 3,14.9,Zone 3,23.6,Zone 3,20.3,Zone 3,26.1,Zone 4,23.6,Zone 3,29.5,Zone 4
Jammu And Kashmir,Badgam,Harran,12.8,2026-06-08,02:15:00,,,,2026-06-08 02:41:07,,,,,,,,,,,,,,,,,,,,
Jammu And Kashmir,Bandipora,Bandipora,12.3,2026-06-08,02:30:00,100.0,2026-06-07,02:30:00,2026-06-08 02:41:07,12.350000000000023,Zone 2,27.1,Zone 4,12.5,Zone 2,23.8,Zone 3,19.8,Zone 3,27.1,Zone 4,23.9,Zone 3,31.0,Zone 4,27.1,Zone 4,34.9,Zone 4
Jammu And Kashmir,Baramulla,Baramulla Kvk,12.7,2026-06-08,02:30:00,84.0,2026-06-07,02:30:00,2026-06-08 02:41:07,12.150000000000034,Zone 2,26.7,Zone 4,12.0,Zone 2,23.6,Zone 3,19.4,Zone 3,26.8,Zone 4,23.6,Zone 3,30.5,Zone 4,26.7,Zone 4,34.2,Zone 4
Jammu And Kashmir,Baramulla,Gulmarg,8.7,2026-06-08,02:30:00,55.0,2026-06-07,02:30:00,2026-06-08 02:41:07,7.350000000000023,Zone 2,23.9,Zone 3,7.2,Zone 2,20.8,Zone 3,15.2,Zone 3,24.0,Zone 3,20.6,Zone 3,26.6,Zone 4,23.9,Zone 3,29.9,Zone 4
Jammu And Kashmir,Ganderbal,Sonemarg,6.6,2026-06-08,02:30:00,100.0,2026-06-07,02:30:00,2026-06-08 02:41:07,6.550000000000011,Zone 2,23.3,Zone 3,6.5,Zone 2,20.2,Zone 3,14.4,Zone 3,23.4,Zone 3,20.0,Zone 3,25.7,Zone 4,23.3,Zone 3,29.1,Zone 4
Jammu And Kashmir,Jammu,Chatha Amfu,27.6,2026-06-08,02:30:00,81.0,2026-06-07,02:30:00,2026-06-08 02:41:07,31.150000000000034,Zone 4,61.6,Zone 5,30.9,Zone 4,52.2,Zone 5,37.7,Zone 4,61.2,Zone 5,54.5,Zone 5,64.0,Zone 5,61.6,Zone 5,66.2,Zone 5
Jammu And Kashmir,Jammu,Jammu,27.2,2026-06-08,02:30:00,44.0,2026-06-07,02:30:00,2026-06-08 02:41:07,27.150000000000034,Zone 4,40.2,Zone 4,27.0,Zone 4,35.8,Zone 4,31.7,Zone 4,40.0,Zone 4,36.1,Zone 4,46.0,Zone 5,40.2,Zone 4,58.7,Zone 5
Jammu And Kashmir,Kathua,Kathua Kvk,26.7,2026-06-08,02:30:00,22.0,2026-06-07,02:30:00,2026-06-08 02:41:07,25.55000000000001,Zone 4,36.7,Zone 4,25.3,Zone 4,33.1,Zone 4,29.4,Zone 4,36.7,Zone 4,33.2,Zone 4,40.1,Zone 4,36.7,Zone 4,43.3,Zone 4
Jammu And Kashmir,Kishtwar,Gulabgarh,8.1,2026-06-08,02:30:00,70.0,2026-06-07,02:30:00,2026-06-08 02:41:07,7.25,Zone 2,23.8,Zone 3,7.1,Zone 2,20.7,Zone 3,15.1,Zone 3,23.9,Zone 3,20.6,Zone 3,26.5,Zone 4,23.8,Zone 3,29.8,Zone 4
Jammu And Kashmir,Kishtwar,Kishtwar,14.9,2026-06-08,02:30:00,73.0,2026-06-07,02:30:00,2026-06-08 02:41:07,13.950000000000045,Zone 2,28.8,Zone 4,14.0,Zone 3,24.9,Zone 3,21.3,Zone 3,28.8,Zone 4,25.0,Zone 3,32.6,Zone 4,28.8,Zone 4,36.2,Zone 4
Jammu And Kashmir,Kulgam,Kulgam Amfu,13.3,2026-06-08,02:30:00,87.0,2026-06-07,02:30:00,2026-06-08 02:41:07,12.850000000000023,Zone 2,27.8,Zone 4,13.0,Zone 2,24.3,Zone 3,20.4,Zone 3,27.7,Zone 4,24.3,Zone 3,31.6,Zone 4,27.8,Zone 4,35.4,Zone 4
Jammu And Kashmir,Kupwara,Kupw Kvk,11.8,2026-06-08,02:30:00,92.0,2026-06-07,02:30:00,2026-06-08 02:41:07,11.550000000000011,Zone 2,26.5,Zone 4,11.7,Zone 2,23.4,Zone 3,19.2,Zone 3,26.5,Zone 4,23.4,Zone 3,30.3,Zone 4,26.5,Zone 4,34.0,Zone 4
Jammu And Kashmir,Poonch,Poonch,22.8,2026-06-08,02:30:00,34.0,2026-06-07,02:30:00,2026-06-08 02:41:07,21.55000000000001,Zone 3,34.6,Zone 4,21.8,Zone 3,30.8,Zone 4,26.9,Zone 4,34.5,Zone 4,30.8,Zone 4,38.0,Zone 4,34.6,Zone 4,41.5,Zone 4
Jammu And Kashmir,Poonch,Rajpura Mandi,12.7,2026-06-08,02:30:00,52.0,2026-06-07,02:30:00,2026-06-08 02:41:07,11.050000000000011,Zone 2,26.1,Zone 4,10.8,Zone 2,23.2,Zone 3,18.6,Zone 3,26.1,Zone 4,23.1,Zone 3,29.6,Zone 4,26.1,Zone 4,33.0,Zone 4
Jammu And Kashmir,Pulwama,Malangpura,10.4,2026-06-08,02:30:00,97.0,2026-06-07,02:30:00,2026-06-08 02:41:07,10.350000000000023,Zone 2,25.2,Zone 3,10.4,Zone 2,22.6,Zone 3,18.0,Zone 3,25.2,Zone 3,22.6,Zone 3,29.0,Zone 4,25.2,Zone 3,32.7,Zone 4
Jammu And Kashmir,Pulwama,Tral,13.9,2026-06-08,02:30:00,81.0,2026-06-07,02:30:00,2026-06-08 02:41:07,13.25,Zone 2,28.1,Zone 4,13.3,Zone 2,24.5,Zone 3,20.6,Zone 3,28.0,Zone 4,24.5,Zone 3,31.9,Zone 4,28.1,Zone 4,35.6,Zone 4
Jammu And Kashmir,Rajouri,Rajouri,18.4,2026-06-08,02:30:00,66.0,2026-06-07,02:30:00,2026-06-08 02:41:07,17.950000000000045,Zone 3,32.1,Zone 4,18.0,Zone 3,27.9,Zone 4,24.0,Zone 3,32.0,Zone 4,28.0,Zone 4,35.9,Zone 4,32.1,Zone 4,39.7,Zone 4
Jammu And Kashmir,Rajouri,Rajouri Arg,21.8,2026-06-08,02:30:00,54.0,2026-06-07,02:30:00,2026-06-08 02:41:07,21.450000000000045,Zone 3,35.2,Zone 4,21.7,Zone 3,30.9,Zone 4,26.7,Zone 4,35.0,Zone 4,31.1,Zone 4,38.9,Zone 4,35.2,Zone 4,46.5,Zone 5
Jammu And Kashmir,Ramban,Govindpura,26.9,2026-06-08,02:30:00,40.0,2026-06-07,02:30:00,2026-06-08 02:41:07,26.650000000000034,Zone 4,39.6,Zone 4,26.7,Zone 4,35.3,Zone 4,31.3,Zone 4,39.4,Zone 4,35.6,Zone 4,43.2,Zone 4,39.6,Zone 4,55.8,Zone 5
Jammu And Kashmir,Samba,Samba,21.4,2026-06-08,02:30:00,66.0,2026-06-07,02:30:00,2026-06-08 02:41:07,21.55000000000001,Zone 3,35.6,Zone 4,21.7,Zone 3,31.1,Zone 4,26.7,Zone 4,35.4,Zone 4,31.3,Zone 4,39.6,Zone 4,35.6,Zone 4,51.7,Zone 5
Jammu And Kashmir,Shopian,Shopian,7.4,2026-06-08,02:30:00,99.0,2026-06-07,02:30:00,2026-06-08 02:41:07,7.350000000000023,Zone 2,23.8,Zone 3,7.5,Zone 2,20.8,Zone 3,15.3,Zone 3,23.9,Zone 3,20.7,Zone 3,26.5,Zone 4,23.8,Zone 3,30.0,Zone 4
Jammu And Kashmir,Srinagar,Rambagh,15.3,2026-06-08,02:30:00,73.0,2026-06-07,02:30:00,2026-06-08 02:41:07,14.350000000000023,Zone 3,29.3,Zone 4,14.6,Zone 3,25.2,Zone 3,21.7,Zone 3,29.2,Zone 4,25.3,Zone 3,33.1,Zone 4,29.3,Zone 4,36.8,Zone 4
Jammu And Kashmir,Srinagar,Srinagar Amfu,13.2,2026-06-08,02:30:00,100.0,2026-06-07,02:30:00,2026-06-08 02:41:07,13.25,Zone 2,27.6,Zone 4,13.0,Zone 2,24.1,Zone 3,20.3,Zone 3,27.6,Zone 4,24.2,Zone 3,31.6,Zone 4,27.6,Zone 4,35.4,Zone 4
Jharkhand,Bokaro,Kv Bokaro,26.2,2026-06-08,02:30:00,100.0,2026-06-07,02:30:00,2026-06-08 02:41:07,30.55000000000001,Zone 4,63.2,Zone 5,30.1,Zone 4,59.2,Zone 5,42.0,Zone 5,62.8,Zone 5,59.8,Zone 5,65.4,Zone 5,63.2,Zone 5,67.4,Zone 5
Jharkhand,Deoghar,Deoghar Aws400,26.3,2026-06-08,02:30:00,100.0,2026-06-07,02:30:00,2026-06-08 02:41:07,30.850000000000023,Zone 4,64.1,Zone 5,31.3,Zone 4,60.2,Zone 5,47.0,Zone 5,63.7,Zone 5,60.8,Zone 5,66.2,Zone 5,64.1,Zone 5,68.0,Zone 5
Jharkhand,East Singhbhum,Bahragora,25.0,2026-06-08,02:30:00,100.0,2026-06-07,02:30:00,2026-06-08 02:41:07,27.950000000000045,Zone 4,61.5,Zone 5,28.0,Zone 4,51.8,Zone 5,35.2,Zone 4,61.1,Zone 5,54.1,Zone 5,64.0,Zone 5,61.5,Zone 5,66.1,Zone 5
Jharkhand,Gumla,Gumla-Bishnupur Kvk,23.5,2026-06-08,02:30:00,66.0,2026-06-07,02:30:00,2026-06-08 02:41:07,23.950000000000045,Zone 3,38.4,Zone 4,24.0,Zone 3,33.6,Zone 4,29.1,Zone 4,38.1,Zone 4,33.9,Zone 4,47.3,Zone 5,38.4,Zone 4,59.2,Zone 5
Jharkhand,Hazaribagh,Barhi,27.4,2026-06-08,02:30:00,74.0,2026-06-07,02:30:00,2026-06-08 02:41:07,29.950000000000045,Zone 4,60.0,Zone 5,30.1,Zone 4,44.3,Zone 5,36.3,Zone 4,59.6,Zone 5,46.6,Zone 5,62.6,Zone 5,60.0,Zone 5,65.0,Zone 5
Jharkhand,Khunti,Diyakel-Khunti Kvk,25.2,2026-06-08,02:30:00,,,,2026-06-08 02:41:07,,,,,,,,,,,,,,,,,,,,
Jharkhand,Kodarma,Kodarma,26.9,2026-06-08,02:30:00,100.0,2026-06-07,02:30:00,2026-06-08 02:41:07,32.35000000000002,Zone 4,65.0,Zone 5,32.7,Zone 4,61.3,Zone 5,52.3,Zone 5,64.6,Zone 5,61.8,Zone 5,66.9,Zone 5,65.0,Zone 5,68.7,Zone 5
Jharkhand,Latehar,Netarhat,25.4,2026-06-08,02:30:00,48.0,2026-06-07,02:30:00,2026-06-08 02:41:07,25.350000000000023,Zone 4,38.8,Zone 4,25.5,Zone 4,34.4,Zone 4,30.3,Zone 4,38.6,Zone 4,34.7,Zone 4,42.9,Zone 5,38.8,Zone 4,56.2,Zone 5
Jharkhand,Lohardaga,Lohardaga Kvk,25.2,2026-06-08,02:30:00,,,,2026-06-08 02:41:07,,,,,,,,,,,,,,,,,,,,
Jharkhand,Pakur,Pakur Kvk,25.5,2026-06-08,02:30:00,,,,2026-06-08 02:41:07,,,,,,,,,,,,,,,,,,,,
Jharkhand,Ramgarh,Ramgarh Kvk,,,,100.0,2026-06-07,02:30:00,2026-06-08 02:41:07,,,,,,,,,,,,,,,,,,,,
Jharkhand,Saraikela,Saraikela,26.0,2026-06-08,02:30:00,100.0,2026-06-07,02:30:00,2026-06-08 02:41:07,30.150000000000034,Zone 4,63.2,Zone 5,30.1,Zone 4,59.2,Zone 5,42.0,Zone 5,62.8,Zone 5,59.8,Zone 5,65.4,Zone 5,63.2,Zone 5,67.4,Zone 5
Jharkhand,Simdega,Bano-Simdega Kvk,26.5,2026-06-08,02:30:00,81.0,2026-06-07,02:30:00,2026-06-08 02:41:07,29.05000000000001,Zone 4,60.0,Zone 5,29.0,Zone 4,44.5,Zone 5,35.5,Zone 4,59.6,Zone 5,46.7,Zone 5,62.7,Zone 5,60.0,Zone 5,65.0,Zone 5
Jharkhand,Simdega,Simdega,26.6,2026-06-08,02:30:00,100.0,2026-06-07,02:30:00,2026-06-08 02:41:07,31.55000000000001,Zone 4,64.1,Zone 5,31.3,Zone 4,60.2,Zone 5,47.0,Zone 5,63.7,Zone 5,60.8,Zone 5,66.2,Zone 5,64.1,Zone 5,68.0,Zone 5
Jharkhand,West Singhbhum,Jagannathpur-Bau Kvk,25.5,2026-06-08,02:30:00,,,,2026-06-08 02:41:07,,,,,,,,,,,,,,,,,,,,
Karnataka,Bagalkot,Bagalkot Kvk,22.2,2026-06-08,02:30:00,100.0,2026-06-07,02:30:00,2026-06-08 02:41:07,23.950000000000045,Zone 3,49.1,Zone 5,23.7,Zone 3,34.5,Zone 4,29.3,Zone 4,47.5,Zone 5,35.0,Zone 4,59.7,Zone 5,49.1,Zone 5,62.4,Zone 5
Karnataka,Bangalore Rural,Doddaballapura,22.3,2026-06-08,02:15:00,,,,2026-06-08 02:41:07,,,,,,,,,,,,,,,,,,,,
Karnataka,Bangalore Urban,Bangalore,22.1,2026-06-08,02:30:00,87.0,2026-06-07,02:30:00,2026-06-08 02:41:07,23.350000000000023,Zone 3,39.8,Zone 5,23.2,Zone 3,33.3,Zone 4,28.4,Zone 4,38.6,Zone 5,33.7,Zone 4,53.9,Zone 5,39.8,Zone 5,60.6,Zone 5
Karnataka,Bangalore Urban,Electronic City(Nice),22.3,2026-06-08,02:30:00,86.0,2026-06-07,02:30:00,2026-06-08 02:41:07,23.55000000000001,Zone 3,42.0,Zone 5,23.7,Zone 3,34.0,Zone 4,29.1,Zone 4,40.7,Zone 5,34.4,Zone 4,55.9,Zone 5,42.0,Zone 5,61.1,Zone 5
Karnataka,Bangalore Urban,Gopal Nagar,22.4,2026-06-08,02:30:00,93.0,2026-06-07,02:30:00,2026-06-08 02:41:07,23.850000000000023,Zone 3,47.2,Zone 5,24.0,Zone 3,34.7,Zone 4,29.6,Zone 4,45.7,Zone 5,35.2,Zone 4,59.3,Zone 5,47.2,Zone 5,62.0,Zone 5
Karnataka,Bangalore Urban,Madhavara(Nice),22.1,2026-06-08,02:30:00,94.0,2026-06-07,02:30:00,2026-06-08 02:41:07,23.650000000000034,Zone 3,44.7,Zone 5,23.5,Zone 3,33.9,Zone 4,28.8,Zone 4,43.3,Zone 5,34.4,Zone 4,58.1,Zone 5,44.7,Zone 5,61.6,Zone 5
Karnataka,Bellary,Hagari Kvk,25.5,2026-06-08,02:30:00,89.0,2026-06-07,02:30:00,2026-06-08 02:41:07,27.950000000000045,Zone 4,60.1,Zone 5,28.0,Zone 4,45.0,Zone 5,34.6,Zone 4,59.7,Zone 5,47.3,Zone 5,62.8,Zone 5,60.1,Zone 5,65.1,Zone 5
Karnataka,Bijapur,Tidagundi Amfu,23.6,2026-06-08,02:30:00,92.0,2026-06-07,02:30:00,2026-06-08 02:41:07,25.150000000000034,Zone 3,53.1,Zone 5,25.0,Zone 3,36.4,Zone 4,31.1,Zone 4,51.5,Zone 5,36.9,Zone 4,60.5,Zone 5,53.1,Zone 5,63.1,Zone 5
Karnataka,Dakshina Kannada,Mangaluru,25.4,2026-06-08,02:30:00,100.0,2026-06-07,02:30:00,2026-06-08 02:41:07,28.75,Zone 4,62.4,Zone 5,29.0,Zone 4,55.9,Zone 5,37.6,Zone 5,62.0,Zone 5,58.0,Zone 5,64.7,Zone 5,62.4,Zone 5,66.7,Zone 5
Karnataka,Dharwad,Mugad,23.5,2026-06-08,02:30:00,96.0,2026-06-07,02:30:00,2026-06-08 02:41:07,25.150000000000034,Zone 3,56.1,Zone 5,25.1,Zone 3,36.9,Zone 5,31.5,Zone 4,54.6,Zone 5,38.8,Zone 5,61.1,Zone 5,56.1,Zone 5,63.7,Zone 5
Karnataka,Gadag,Gadag,23.7,2026-06-08,02:30:00,95.0,2026-06-07,02:30:00,2026-06-08 02:41:07,25.350000000000023,Zone 4,55.4,Zone 5,25.1,Zone 3,36.8,Zone 4,31.4,Zone 4,53.8,Zone 5,38.0,Zone 5,61.0,Zone 5,55.4,Zone 5,63.5,Zone 5
Karnataka,Gulbarga,Raddewadgi,23.5,2026-06-08,02:30:00,94.0,2026-06-07,02:30:00,2026-06-08 02:41:07,25.05000000000001,Zone 3,54.6,Zone 5,25.1,Zone 3,36.6,Zone 4,31.3,Zone 4,53.0,Zone 5,37.3,Zone 5,60.8,Zone 5,54.6,Zone 5,63.4,Zone 5
Karnataka,Hassan,Hassan,21.6,2026-06-08,02:30:00,100.0,2026-06-07,02:30:00,2026-06-08 02:41:07,23.25,Zone 3,45.7,Zone 5,23.2,Zone 3,33.6,Zone 4,28.5,Zone 4,44.3,Zone 5,34.1,Zone 4,58.9,Zone 5,45.7,Zone 5,61.8,Zone 5
Karnataka,Kolar,Kgf (Kolar),23.6,2026-06-08,02:30:00,74.0,2026-06-07,02:30:00,2026-06-08 02:41:07,24.450000000000045,Zone 3,39.5,Zone 4,24.3,Zone 3,34.3,Zone 4,29.6,Zone 4,39.1,Zone 4,34.7,Zone 4,53.1,Zone 5,39.5,Zone 4,60.4,Zone 5
Karnataka,Koppal,Koppal,29.1,2026-06-08,02:30:00,82.0,2026-06-07,02:30:00,2026-06-08 02:41:07,34.75,Zone 4,64.3,Zone 5,34.5,Zone 4,60.4,Zone 5,48.2,Zone 5,63.9,Zone 5,61.0,Zone 5,66.3,Zone 5,64.3,Zone 5,68.2,Zone 5
Karnataka,Mandya,Mandya Kvk,22.8,2026-06-08,02:30:00,95.0,2026-06-07,02:30:00,2026-06-08 02:41:07,24.350000000000023,Zone 3,52.1,Zone 5,24.6,Zone 3,35.8,Zone 4,30.5,Zone 4,50.5,Zone 5,36.3,Zone 4,60.3,Zone 5,52.1,Zone 5,62.9,Zone 5
Karnataka,Ramanagara,Chandurayanghalli Kvk,20.2,2026-06-08,02:30:00,100.0,2026-06-07,02:30:00,2026-06-08 02:41:07,21.75,Zone 3,36.9,Zone 5,21.5,Zone 3,31.3,Zone 4,26.3,Zone 4,36.3,Zone 4,31.7,Zone 4,50.8,Zone 5,36.9,Zone 5,60.0,Zone 5
Karnataka,Tumkur,Chikkanakalli,22.3,2026-06-08,02:30:00,98.0,2026-06-07,02:30:00,2026-06-08 02:41:07,23.950000000000045,Zone 3,51.0,Zone 5,24.2,Zone 3,35.2,Zone 4,29.9,Zone 4,49.4,Zone 5,35.8,Zone 4,60.1,Zone 5,51.0,Zone 5,62.7,Zone 5
Kerala,Alappuzha,Karumadi,26.5,2026-06-08,02:30:00,,,,2026-06-08 02:41:07,,,,,,,,,,,,,,,,,,,,
Kerala,Alappuzha,Kayamkulam,25.5,2026-06-08,02:30:00,100.0,2026-06-07,02:30:00,2026-06-08 02:41:07,29.05000000000001,Zone 4,62.4,Zone 5,29.0,Zone 4,55.9,Zone 5,37.6,Zone 5,62.0,Zone 5,58.0,Zone 5,64.7,Zone 5,62.4,Zone 5,66.7,Zone 5
Kerala,Alappuzha,Nooranad,25.2,2026-06-08,02:30:00,92.0,2026-06-07,02:30:00,2026-06-08 02:41:07,27.650000000000034,Zone 4,59.9,Zone 5,27.3,Zone 4,44.0,Zone 5,34.0,Zone 4,59.5,Zone 5,46.3,Zone 5,62.6,Zone 5,59.9,Zone 5,64.9,Zone 5
Kerala,Alappuzha,Thycattussery,26.2,2026-06-08,02:30:00,100.0,2026-06-07,02:30:00,2026-06-08 02:41:07,30.55000000000001,Zone 4,63.2,Zone 5,30.1,Zone 4,59.2,Zone 5,42.0,Zone 5,62.8,Zone 5,59.8,Zone 5,65.4,Zone 5,63.2,Zone 5,67.4,Zone 5
Kerala,Ernakulam,Aluva,24.6,2026-06-08,02:30:00,100.0,2026-06-07,02:30:00,2026-06-08 02:41:07,27.25,Zone 4,60.7,Zone 5,27.0,Zone 4,47.6,Zone 5,34.0,Zone 4,60.2,Zone 5,50.0,Zone 5,63.2,Zone 5,60.7,Zone 5,65.5,Zone 5
Kerala,Ernakulam,Boat Jetty Kgov,25.2,2026-06-08,02:30:00,100.0,2026-06-07,02:30:00,2026-06-08 02:41:07,28.350000000000023,Zone 4,61.5,Zone 5,28.0,Zone 4,51.8,Zone 5,35.2,Zone 4,61.1,Zone 5,54.1,Zone 5,64.0,Zone 5,61.5,Zone 5,66.1,Zone 5
Kerala,Ernakulam,Choondi,25.8,2026-06-08,02:30:00,,,,2026-06-08 02:41:07,,,,,,,,,,,,,,,,,,,,
Kerala,Ernakulam,Dhground Kgov,25.3,2026-06-08,02:30:00,100.0,2026-06-07,02:30:00,2026-06-08 02:41:07,28.55000000000001,Zone 4,62.4,Zone 5,29.0,Zone 4,55.9,Zone 5,37.6,Zone 5,62.0,Zone 5,58.0,Zone 5,64.7,Zone 5,62.4,Zone 5,66.7,Zone 5
Kerala,Ernakulam,Kadavanthra Kgov,25.1,2026-06-08,02:30:00,100.0,2026-06-07,02:30:00,2026-06-08 02:41:07,28.150000000000034,Zone 4,61.5,Zone 5,28.0,Zone 4,51.8,Zone 5,35.2,Zone 4,61.1,Zone 5,54.1,Zone 5,64.0,Zone 5,61.5,Zone 5,66.1,Zone 5
Kerala,Ernakulam,Kalamassery,23.6,2026-06-08,02:30:00,89.0,2026-06-07,02:30:00,2026-06-08 02:41:07,25.05000000000001,Zone 3,50.7,Zone 5,24.9,Zone 3,36.0,Zone 4,30.9,Zone 4,49.1,Zone 5,36.5,Zone 4,60.0,Zone 5,50.7,Zone 5,62.7,Zone 5
Kerala,Ernakulam,Koothattukulam,25.0,2026-06-08,02:30:00,100.0,2026-06-07,02:30:00,2026-06-08 02:41:07,27.950000000000045,Zone 4,61.5,Zone 5,28.0,Zone 4,51.8,Zone 5,35.2,Zone 4,61.1,Zone 5,54.1,Zone 5,64.0,Zone 5,61.5,Zone 5,66.1,Zone 5
Kerala,Ernakulam,Odakkali,25.4,2026-06-08,02:30:00,100.0,2026-06-07,02:30:00,2026-06-08 02:41:07,28.75,Zone 4,62.4,Zone 5,29.0,Zone 4,55.9,Zone 5,37.6,Zone 5,62.0,Zone 5,58.0,Zone 5,64.7,Zone 5,62.4,Zone 5,66.7,Zone 5
Kerala,Ernakulam,Palluruthy,26.6,2026-06-08,02:30:00,100.0,2026-06-07,02:30:00,2026-06-08 02:41:07,31.55000000000001,Zone 4,64.1,Zone 5,31.3,Zone 4,60.2,Zone 5,47.0,Zone 5,63.7,Zone 5,60.8,Zone 5,66.2,Zone 5,64.1,Zone 5,68.0,Zone 5
Kerala,Idukki,Ayyappankovil,22.3,2026-06-08,02:15:00,,,,2026-06-08 02:41:07,,,,,,,,,,,,,,,,,,,,
Kerala,Idukki,Cheruthoni,22.5,2026-06-08,02:30:00,100.0,2026-06-07,02:30:00,2026-06-08 02:41:07,24.25,Zone 3,52.5,Zone 5,24.3,Zone 3,35.4,Zone 4,30.1,Zone 4,50.9,Zone 5,36.0,Zone 4,60.4,Zone 5,52.5,Zone 5,63.0,Zone 5
Kerala,Idukki,Kovilkadavu,21.4,2026-06-08,02:30:00,100.0,2026-06-07,02:30:00,2026-06-08 02:41:07,23.05000000000001,Zone 3,45.7,Zone 5,23.2,Zone 3,33.6,Zone 4,28.5,Zone 4,44.3,Zone 5,34.1,Zone 4,58.9,Zone 5,45.7,Zone 5,61.8,Zone 5
Kerala,Idukki,Kundala Dam,16.7,2026-06-08,02:30:00,100.0,2026-06-07,02:30:00,2026-06-08 02:41:07,17.450000000000045,Zone 3,31.6,Zone 4,17.2,Zone 3,26.9,Zone 4,23.2,Zone 3,31.4,Zone 4,27.0,Zone 4,35.7,Zone 4,31.6,Zone 4,46.6,Zone 5
Kerala,Idukki,Munnar,18.4,2026-06-08,02:30:00,100.0,2026-06-07,02:30:00,2026-06-08 02:41:07,19.55000000000001,Zone 3,34.3,Zone 4,19.7,Zone 3,29.2,Zone 4,24.8,Zone 3,34.0,Zone 4,29.5,Zone 4,42.6,Zone 5,34.3,Zone 4,56.0,Zone 5
Kerala,Idukki,Pampadumpara,20.4,2026-06-08,02:30:00,100.0,2026-06-07,02:30:00,2026-06-08 02:41:07,21.950000000000045,Zone 3,39.6,Zone 5,22.0,Zone 3,32.0,Zone 4,27.0,Zone 4,38.4,Zone 5,32.4,Zone 4,53.6,Zone 5,39.6,Zone 5,60.6,Zone 5
Kerala,Idukki,Sengulam Dam,22.0,2026-06-08,02:15:00,,,,2026-06-08 02:41:07,,,,,,,,,,,,,,,,,,,,
Kerala,Idukki,Udumbannoor,25.0,2026-06-08,02:30:00,100.0,2026-06-07,02:30:00,2026-06-08 02:41:07,27.950000000000045,Zone 4,61.5,Zone 5,28.0,Zone 4,51.8,Zone 5,35.2,Zone 4,61.1,Zone 5,54.1,Zone 5,64.0,Zone 5,61.5,Zone 5,66.1,Zone 5
Kerala,Idukki,Vattavada,17.4,2026-06-08,02:30:00,99.0,2026-06-07,02:30:00,2026-06-08 02:41:07,18.25,Zone 3,32.8,Zone 4,18.4,Zone 3,28.0,Zone 4,24.0,Zone 3,32.6,Zone 4,28.2,Zone 4,37.5,Zone 5,32.8,Zone 4,50.8,Zone 5
Kerala,Idukki,Vellathooval,23.1,2026-06-08,02:30:00,100.0,2026-06-07,02:30:00,2026-06-08 02:41:07,24.850000000000023,Zone 3,55.8,Zone 5,24.8,Zone 3,36.7,Zone 5,31.0,Zone 4,54.3,Zone 5,38.5,Zone 5,61.1,Zone 5,55.8,Zone 5,63.6,Zone 5
Kerala,Kannur,Aralam,24.9,2026-06-08,02:30:00,100.0,2026-06-07,02:30:00,2026-06-08 02:41:07,27.75,Zone 4,61.5,Zone 5,28.0,Zone 4,51.8,Zone 5,35.2,Zone 4,61.1,Zone 5,54.1,Zone 5,64.0,Zone 5,61.5,Zone 5,66.1,Zone 5
Kerala,Kannur,Chemberi,25.6,2026-06-08,02:00:00,,,,2026-06-08 02:41:07,,,,,,,,,,,,,,,,,,,,
Kerala,Kannur,Cheruvanchery,24.9,2026-06-08,02:30:00,100.0,2026-06-07,02:30:00,2026-06-08 02:41:07,27.75,Zone 4,61.5,Zone 5,28.0,Zone 4,51.8,Zone 5,35.2,Zone 4,61.1,Zone 5,54.1,Zone 5,64.0,Zone 5,61.5,Zone 5,66.1,Zone 5
Kerala,Kannur,Peringome,25.2,2026-06-08,02:15:00,,,,2026-06-08 02:41:07,,,,,,,,,,,,,,,,,,,,
Kerala,Kannur,Pinarayi,,,,100.0,2026-06-07,05:15:00,2026-06-08 02:41:07,,,,,,,,,,,,,,,,,,,,
Kerala,Kasaragod,Kudlu Afmu,,,,100.0,2026-06-07,02:30:00,2026-06-08 02:41:07,,,,,,,,,,,,,,,,,,,,
Kerala,Kasaragod,Muliyar,25.6,2026-06-08,02:30:00,100.0,2026-06-07,02:30:00,2026-06-08 02:41:07,29.25,Zone 4,62.4,Zone 5,29.0,Zone 4,55.9,Zone 5,37.6,Zone 5,62.0,Zone 5,58.0,Zone 5,64.7,Zone 5,62.4,Zone 5,66.7,Zone 5
Kerala,Kasaragod,Padannakkad,25.7,2026-06-08,02:15:00,,,,2026-06-08 02:41:07,,,,,,,,,,,,,,,,,,,,
Kerala,Kasaragod,Panathur,25.0,2026-06-08,02:00:00,,,,2026-06-08 02:41:07,,,,,,,,,,,,,,,,,,,,
Kerala,Kollam,Chavara,25.6,2026-06-08,02:30:00,100.0,2026-06-07,02:30:00,2026-06-08 02:41:07,29.25,Zone 4,62.4,Zone 5,29.0,Zone 4,55.9,Zone 5,37.6,Zone 5,62.0,Zone 5,58.0,Zone 5,64.7,Zone 5,62.4,Zone 5,66.7,Zone 5
Kerala,Kollam,Karuvelil Tkmit,24.7,2026-06-08,02:30:00,88.0,2026-06-07,02:30:00,2026-06-08 02:41:07,26.55000000000001,Zone 4,56.3,Zone 5,26.2,Zone 4,37.8,Zone 4,32.5,Zone 4,54.8,Zone 5,39.0,Zone 5,61.2,Zone 5,56.3,Zone 5,63.7,Zone 5
Kerala,Kollam,Punalur,24.6,2026-06-08,02:30:00,100.0,2026-06-07,02:30:00,2026-06-08 02:41:07,27.25,Zone 4,60.7,Zone 5,27.0,Zone 4,47.6,Zone 5,34.0,Zone 4,60.2,Zone 5,50.0,Zone 5,63.2,Zone 5,60.7,Zone 5,65.5,Zone 5
Kerala,Kottayam,Kottayam,25.4,2026-06-08,02:15:00,,,,2026-06-08 02:41:07,,,,,,,,,,,,,,,,,,,,
Kerala,Kottayam,Vadavathoor,25.3,2026-06-08,02:30:00,100.0,2026-06-07,02:30:00,2026-06-08 02:41:07,28.55000000000001,Zone 4,62.4,Zone 5,29.0,Zone 4,55.9,Zone 5,37.6,Zone 5,62.0,Zone 5,58.0,Zone 5,64.7,Zone 5,62.4,Zone 5,66.7,Zone 5
Kerala,Kottayam,Vaikkom,26.0,2026-06-08,02:30:00,100.0,2026-06-07,02:30:00,2026-06-08 02:41:07,30.150000000000034,Zone 4,63.2,Zone 5,30.1,Zone 4,59.2,Zone 5,42.0,Zone 5,62.8,Zone 5,59.8,Zone 5,65.4,Zone 5,63.2,Zone 5,67.4,Zone 5
Kerala,Kozhikode,Kozhikode,27.5,2026-06-08,02:15:00,,,,2026-06-08 02:41:07,,,,,,,,,,,,,,,,,,,,
Kerala,Kozhikode,Kunnamangalam,25.8,2026-06-08,02:30:00,100.0,2026-06-07,02:30:00,2026-06-08 02:41:07,29.650000000000034,Zone 4,63.2,Zone 5,30.1,Zone 4,59.2,Zone 5,42.0,Zone 5,62.8,Zone 5,59.8,Zone 5,65.4,Zone 5,63.2,Zone 5,67.4,Zone 5
Kerala,Kozhikode,Urumi,24.6,2026-06-08,02:30:00,100.0,2026-06-07,02:30:00,2026-06-08 02:41:07,27.25,Zone 4,60.7,Zone 5,27.0,Zone 4,47.6,Zone 5,34.0,Zone 4,60.2,Zone 5,50.0,Zone 5,63.2,Zone 5,60.7,Zone 5,65.5,Zone 5
Kerala,Kozhikode,Vadakara,25.5,2026-06-08,02:30:00,100.0,2026-06-07,02:30:00,2026-06-08 02:41:07,29.05000000000001,Zone 4,62.4,Zone 5,29.0,Zone 4,55.9,Zone 5,37.6,Zone 5,62.0,Zone 5,58.0,Zone 5,64.7,Zone 5,62.4,Zone 5,66.7,Zone 5
Kerala,Kozhikode,Vilangad,24.6,2026-06-08,02:30:00,100.0,2026-06-07,02:30:00,2026-06-08 02:41:07,27.25,Zone 4,60.7,Zone 5,27.0,Zone 4,47.6,Zone 5,34.0,Zone 4,60.2,Zone 5,50.0,Zone 5,63.2,Zone 5,60.7,Zone 5,65.5,Zone 5
Kerala,Malappuram,Palemad,25.5,2026-06-08,02:15:00,,,,2026-06-08 02:41:07,,,,,,,,,,,,,,,,,,,,
Kerala,Malappuram,Thennala,25.8,2026-06-08,02:15:00,,,,2026-06-08 02:41:07,,,,,,,,,,,,,,,,,,,,
Kerala,Palakkad,Adakkaputhur,25.8,2026-06-08,02:15:00,,,,2026-06-08 02:41:07,,,,,,,,,,,,,,,,,,,,
Kerala,Palakkad,Kollengode,25.4,2026-06-08,02:30:00,100.0,2026-06-07,02:30:00,2026-06-08 02:41:07,28.75,Zone 4,62.4,Zone 5,29.0,Zone 4,55.9,Zone 5,37.6,Zone 5,62.0,Zone 5,58.0,Zone 5,64.7,Zone 5,62.4,Zone 5,66.7,Zone 5
Kerala,Palakkad,Malampuzha Dam,25.3,2026-06-08,02:30:00,100.0,2026-06-07,02:30:00,2026-06-08 02:41:07,28.55000000000001,Zone 4,62.4,Zone 5,29.0,Zone 4,55.9,Zone 5,37.6,Zone 5,62.0,Zone 5,58.0,Zone 5,64.7,Zone 5,62.4,Zone 5,66.7,Zone 5
Kerala,Palakkad,Mangalam Dam,25.4,2026-06-08,02:30:00,100.0,2026-06-07,02:30:00,2026-06-08 02:41:07,28.75,Zone 4,62.4,Zone 5,29.0,Zone 4,55.9,Zone 5,37.6,Zone 5,62.0,Zone 5,58.0,Zone 5,64.7,Zone 5,62.4,Zone 5,66.7,Zone 5
Kerala,Palakkad,Mankara,26.9,2026-06-08,02:30:00,93.0,2026-06-07,02:30:00,2026-06-08 02:41:07,31.25,Zone 4,63.4,Zone 5,31.5,Zone 4,59.5,Zone 5,43.3,Zone 5,63.0,Zone 5,60.0,Zone 5,65.6,Zone 5,63.4,Zone 5,67.5,Zone 5
Kerala,Palakkad,Mannarkkad,25.6,2026-06-08,02:30:00,100.0,2026-06-07,02:30:00,2026-06-08 02:41:07,29.25,Zone 4,62.4,Zone 5,29.0,Zone 4,55.9,Zone 5,37.6,Zone 5,62.0,Zone 5,58.0,Zone 5,64.7,Zone 5,62.4,Zone 5,66.7,Zone 5
Kerala,Palakkad,Pothundy Dam,25.4,2026-06-08,02:30:00,100.0,2026-06-07,02:30:00,2026-06-08 02:41:07,28.75,Zone 4,62.4,Zone 5,29.0,Zone 4,55.9,Zone 5,37.6,Zone 5,62.0,Zone 5,58.0,Zone 5,64.7,Zone 5,62.4,Zone 5,66.7,Zone 5
Kerala,Palakkad,Vannamada,25.1,2026-06-08,02:30:00,100.0,2026-06-07,02:30:00,2026-06-08 02:41:07,28.150000000000034,Zone 4,61.5,Zone 5,28.0,Zone 4,51.8,Zone 5,35.2,Zone 4,61.1,Zone 5,54.1,Zone 5,64.0,Zone 5,61.5,Zone 5,66.1,Zone 5
Kerala,Pathanamthitta,Konni,23.8,2026-06-08,02:00:00,,,,2026-06-08 02:41:07,,,,,,,,,,,,,,,,,,,,
Kerala,Pathanamthitta,Pathanamthitta,25.2,2026-06-08,02:30:00,100.0,2026-06-07,02:30:00,2026-06-08 02:41:07,28.350000000000023,Zone 4,61.5,Zone 5,28.0,Zone 4,51.8,Zone 5,35.2,Zone 4,61.1,Zone 5,54.1,Zone 5,64.0,Zone 5,61.5,Zone 5,66.1,Zone 5
Kerala,Pathanamthitta,Thiruvalla Kallunkal,28.9,2026-06-08,02:30:00,100.0,2026-06-07,02:30:00,2026-06-08 02:41:07,48.55000000000001,Zone 5,68.5,Zone 5,50.0,Zone 5,65.5,Zone 5,62.5,Zone 5,68.1,Zone 5,66.1,Zone 5,69.9,Zone 5,68.5,Zone 5,71.3,Zone 5
Kerala,Pathanamthitta,Ulanadu,25.3,2026-06-08,02:30:00,88.0,2026-06-07,02:30:00,2026-06-08 02:41:07,27.55000000000001,Zone 4,59.9,Zone 5,27.9,Zone 4,44.0,Zone 5,34.5,Zone 4,59.5,Zone 5,46.3,Zone 5,62.6,Zone 5,59.9,Zone 5,64.9,Zone 5
Kerala,Pathanamthitta,Venkurinji,24.7,2026-06-08,02:15:00,,,,2026-06-08 02:41:07,,,,,,,,,,,,,,,,,,,,
Kerala,Thiruvananthapuram,Palode,25.1,2026-06-08,02:30:00,100.0,2026-06-07,02:30:00,2026-06-08 02:41:07,28.150000000000034,Zone 4,61.5,Zone 5,28.0,Zone 4,51.8,Zone 5,35.2,Zone 4,61.1,Zone 5,54.1,Zone 5,64.0,Zone 5,61.5,Zone 5,66.1,Zone 5
Kerala,Thiruvananthapuram,Pirappancode,24.9,2026-06-08,02:30:00,100.0,2026-06-07,02:30:00,2026-06-08 02:41:07,27.75,Zone 4,61.5,Zone 5,28.0,Zone 4,51.8,Zone 5,35.2,Zone 4,61.1,Zone 5,54.1,Zone 5,64.0,Zone 5,61.5,Zone 5,66.1,Zone 5
Kerala,Thiruvananthapuram,Ponmudi,20.7,2026-06-08,02:30:00,100.0,2026-06-07,02:30:00,2026-06-08 02:41:07,22.25,Zone 3,39.6,Zone 5,22.0,Zone 3,32.0,Zone 4,27.0,Zone 4,38.4,Zone 5,32.4,Zone 4,53.6,Zone 5,39.6,Zone 5,60.6,Zone 5
Kerala,Thiruvananthapuram,Thattathumala,24.9,2026-06-08,02:15:00,,,,2026-06-08 02:41:07,,,,,,,,,,,,,,,,,,,,
Kerala,Thiruvananthapuram,Thiruvananthapuram,25.4,2026-06-08,02:30:00,82.0,2026-06-07,02:30:00,2026-06-08 02:41:07,27.25,Zone 4,57.6,Zone 5,27.4,Zone 4,38.8,Zone 4,33.6,Zone 4,56.1,Zone 5,40.4,Zone 5,61.5,Zone 5,57.6,Zone 5,64.0,Zone 5
Kerala,Thiruvananthapuram,Varkala,24.0,2026-06-08,02:30:00,100.0,2026-06-07,02:30:00,2026-06-08 02:41:07,26.150000000000034,Zone 4,59.8,Zone 5,26.1,Zone 4,43.6,Zone 5,32.9,Zone 4,59.4,Zone 5,45.9,Zone 5,62.5,Zone 5,59.8,Zone 5,64.8,Zone 5
Kerala,Thrissur,Athirappilly,25.4,2026-06-08,02:30:00,100.0,2026-06-07,02:30:00,2026-06-08 02:41:07,28.75,Zone 4,62.4,Zone 5,29.0,Zone 4,55.9,Zone 5,37.6,Zone 5,62.0,Zone 5,58.0,Zone 5,64.7,Zone 5,62.4,Zone 5,66.7,Zone 5
Kerala,Thrissur,Kunnamkulam,25.9,2026-06-08,02:15:00,,,,2026-06-08 02:41:07,,,,,,,,,,,,,,,,,,,,
Kerala,Thrissur,Lower Sholayar,22.3,2026-06-08,02:30:00,100.0,2026-06-07,02:30:00,2026-06-08 02:41:07,24.05000000000001,Zone 3,52.5,Zone 5,24.3,Zone 3,35.4,Zone 4,30.1,Zone 4,50.9,Zone 5,36.0,Zone 4,60.4,Zone 5,52.5,Zone 5,63.0,Zone 5
Kerala,Thrissur,Munakkal,26.1,2026-06-08,02:30:00,76.0,2026-06-07,02:30:00,2026-06-08 02:41:07,27.950000000000045,Zone 4,55.6,Zone 5,27.8,Zone 4,38.8,Zone 4,33.8,Zone 4,54.1,Zone 5,39.3,Zone 4,61.0,Zone 5,55.6,Zone 5,63.6,Zone 5
Kerala,Thrissur,Peechi,25.4,2026-06-08,02:15:00,,,,2026-06-08 02:41:07,,,,,,,,,,,,,,,,,,,,
Kerala,Thrissur,Vilangankunnu,,,,99.0,2026-06-07,02:30:00,2026-06-08 02:41:07,,,,,,,,,,,,,,,,,,,,
Kerala,Wayanad,Kabanigiri,21.9,2026-06-08,02:30:00,100.0,2026-06-07,02:30:00,2026-06-08 02:41:07,23.650000000000034,Zone 3,49.1,Zone 5,23.7,Zone 3,34.5,Zone 4,29.3,Zone 4,47.5,Zone 5,35.0,Zone 4,59.7,Zone 5,49.1,Zone 5,62.4,Zone 5
Kerala,Wayanad,Kalpeta,22.1,2026-06-08,02:15:00,,,,2026-06-08 02:41:07,,,,,,,,,,,,,,,,,,,,
Kerala,Wayanad,Padamala,21.4,2026-06-08,02:30:00,100.0,2026-06-07,02:30:00,2026-06-08 02:41:07,23.05000000000001,Zone 3,45.7,Zone 5,23.2,Zone 3,33.6,Zone 4,28.5,Zone 4,44.3,Zone 5,34.1,Zone 4,58.9,Zone 5,45.7,Zone 5,61.8,Zone 5
Kerala,Wayanad,Padinjarathara Dam,24.0,2026-06-08,02:30:00,,,,2026-06-08 02:41:07,,,,,,,,,,,,,,,,,,,,
Ladakh,Kargil,Dras,4.2,2026-06-08,02:30:00,77.0,2026-06-07,02:30:00,2026-06-08 02:41:07,3.650000000000034,Zone 2,21.8,Zone 3,3.5,Zone 2,18.3,Zone 3,12.2,Zone 2,22.0,Zone 3,18.0,Zone 3,24.4,Zone 3,21.8,Zone 3,26.9,Zone 4
Ladakh,Kargil,Garkon,17.0,2026-06-08,02:30:00,31.0,2026-06-07,02:30:00,2026-06-08 02:41:07,14.25,Zone 3,29.1,Zone 4,14.2,Zone 3,25.6,Zone 4,21.7,Zone 3,29.2,Zone 4,25.5,Zone 4,32.6,Zone 4,29.1,Zone 4,35.8,Zone 4
Ladakh,Kargil,Kargil,11.0,2026-06-08,02:30:00,40.0,2026-06-07,02:30:00,2026-06-08 02:41:07,9.050000000000011,Zone 2,24.9,Zone 3,9.0,Zone 2,22.1,Zone 3,16.9,Zone 3,25.0,Zone 3,22.0,Zone 3,28.2,Zone 4,24.9,Zone 3,31.4,Zone 4
Ladakh,Kargil,Padum Kvk,6.3,2026-06-08,02:30:00,48.0,2026-06-07,02:30:00,2026-06-08 02:41:07,4.9500000000000455,Zone 2,22.8,Zone 3,5.1,Zone 2,19.5,Zone 3,13.4,Zone 2,23.0,Zone 3,19.2,Zone 3,25.2,Zone 3,22.8,Zone 3,28.3,Zone 4
Ladakh,Leh,Khaltse,15.7,2026-06-08,02:30:00,28.0,2026-06-07,02:30:00,2026-06-08 02:41:07,12.850000000000023,Zone 2,27.8,Zone 4,12.7,Zone 2,24.6,Zone 3,20.4,Zone 3,27.9,Zone 4,24.5,Zone 3,31.3,Zone 4,27.8,Zone 4,34.4,Zone 4
Ladakh,Leh,Leh Amfu,7.4,2026-06-08,02:30:00,57.0,2026-06-07,02:30:00,2026-06-08 02:41:07,6.150000000000034,Zone 2,23.4,Zone 3,6.3,Zone 2,20.2,Zone 3,14.4,Zone 3,23.5,Zone 3,20.0,Zone 3,25.9,Zone 4,23.4,Zone 3,29.2,Zone 4
Ladakh,Leh,Mc Leh,8.9,2026-06-08,02:30:00,29.0,2026-06-07,02:30:00,2026-06-08 02:41:07,6.75,Zone 2,23.8,Zone 3,6.8,Zone 2,20.8,Zone 3,14.9,Zone 3,24.0,Zone 3,20.5,Zone 3,26.6,Zone 4,23.8,Zone 3,29.7,Zone 4
Ladakh,Leh,Nubra Hunder,10.8,2026-06-08,01:45:00,,,,2026-06-08 02:41:07,,,,,,,,,,,,,,,,,,,,
Ladakh,Leh,Nyoma Kvk,9.6,2026-06-08,02:30:00,24.0,2026-06-07,02:30:00,2026-06-08 02:41:07,7.25,Zone 2,24.0,Zone 3,7.1,Zone 2,21.0,Zone 3,15.2,Zone 3,24.2,Zone 3,20.8,Zone 3,26.9,Zone 4,24.0,Zone 3,30.0,Zone 4
Ladakh,Leh,Tangtse Durbuk,7.0,2026-06-08,02:30:00,34.0,2026-06-07,02:30:00,2026-06-08 02:41:07,5.150000000000034,Zone 2,22.9,Zone 3,5.2,Zone 2,19.6,Zone 3,13.5,Zone 2,23.1,Zone 3,19.4,Zone 3,25.3,Zone 3,22.9,Zone 3,28.4,Zone 4
Ladakh,Leh,Upshi,12.3,2026-06-08,02:30:00,29.0,2026-06-07,02:30:00,2026-06-08 02:41:07,9.850000000000023,Zone 2,25.6,Zone 4,10.0,Zone 2,22.9,Zone 3,17.9,Zone 3,25.8,Zone 4,22.7,Zone 3,29.1,Zone 4,25.6,Zone 4,32.2,Zone 4
Madhya Pradesh,Agar,Agar Malwa,29.6,2026-06-08,02:30:00,56.0,2026-06-07,02:30:00,2026-06-08 02:41:07,31.450000000000045,Zone 4,56.7,Zone 5,31.3,Zone 4,41.5,Zone 4,36.8,Zone 4,55.3,Zone 5,42.0,Zone 4,61.3,Zone 5,56.7,Zone 5,63.8,Zone 5
Madhya Pradesh,Ashoknagar,Aonwari Kvk,30.9,2026-06-08,02:30:00,38.0,2026-06-07,02:30:00,2026-06-08 02:41:07,31.150000000000034,Zone 4,44.6,Zone 4,31.3,Zone 4,40.1,Zone 4,36.0,Zone 4,44.3,Zone 4,40.4,Zone 4,57.4,Zone 5,44.6,Zone 4,61.4,Zone 5
Madhya Pradesh,Barwani,Talun Kvk,29.9,2026-06-08,02:30:00,53.0,2026-06-07,02:30:00,2026-06-08 02:41:07,31.55000000000001,Zone 4,56.3,Zone 5,31.7,Zone 4,41.7,Zone 4,37.1,Zone 4,54.8,Zone 5,42.2,Zone 4,61.2,Zone 5,56.3,Zone 5,63.7,Zone 5
Madhya Pradesh,Betul,Betul,,,,69.0,2026-06-07,02:30:00,2026-06-08 02:41:07,,,,,,,,,,,,,,,,,,,,
Madhya Pradesh,Bhopal,Berasia,28.4,2026-06-08,02:30:00,62.0,2026-06-07,02:30:00,2026-06-08 02:41:07,30.25,Zone 4,57.2,Zone 5,30.5,Zone 4,40.9,Zone 4,36.1,Zone 4,55.8,Zone 5,41.4,Zone 4,61.4,Zone 5,57.2,Zone 5,63.9,Zone 5
Madhya Pradesh,Bhopal,Islamnagar,27.9,2026-06-08,02:30:00,66.0,2026-06-07,02:30:00,2026-06-08 02:41:07,29.950000000000045,Zone 4,58.2,Zone 5,30.1,Zone 4,40.8,Zone 4,35.9,Zone 4,56.8,Zone 5,41.3,Zone 4,61.6,Zone 5,58.2,Zone 5,64.1,Zone 5
Madhya Pradesh,Bhopal ,Bhopal,29.4,2026-06-08,02:30:00,58.0,2026-06-07,02:30:00,2026-06-08 02:41:07,31.450000000000045,Zone 4,58.7,Zone 5,31.6,Zone 4,41.9,Zone 4,37.2,Zone 4,57.3,Zone 5,42.5,Zone 4,61.8,Zone 5,58.7,Zone 5,64.2,Zone 5
Madhya Pradesh,Datia,Datia,30.6,2026-06-08,02:30:00,50.0,2026-06-07,02:30:00,2026-06-08 02:41:07,32.25,Zone 4,55.7,Zone 5,32.1,Zone 4,41.9,Zone 4,37.4,Zone 4,54.2,Zone 5,42.3,Zone 4,61.1,Zone 5,55.7,Zone 5,63.6,Zone 5
Madhya Pradesh,Dewas,Kannod,27.0,2026-06-08,02:30:00,90.0,2026-06-07,02:30:00,2026-06-08 02:41:07,31.05000000000001,Zone 4,62.8,Zone 5,31.1,Zone 4,57.8,Zone 5,39.7,Zone 5,62.4,Zone 5,59.2,Zone 5,65.1,Zone 5,62.8,Zone 5,67.1,Zone 5
Madhya Pradesh,Dhar,Dhar,27.4,2026-06-08,02:30:00,68.0,2026-06-07,02:30:00,2026-06-08 02:41:07,29.350000000000023,Zone 4,57.3,Zone 5,29.5,Zone 4,40.2,Zone 4,35.3,Zone 4,55.8,Zone 5,40.8,Zone 4,61.4,Zone 5,57.3,Zone 5,63.9,Zone 5
Madhya Pradesh,Hoshangabad,Hoshangabad Amfu,25.6,2026-06-08,02:30:00,84.0,2026-06-07,02:30:00,2026-06-08 02:41:07,27.75,Zone 4,59.0,Zone 5,27.6,Zone 4,40.2,Zone 5,33.9,Zone 4,57.7,Zone 5,42.3,Zone 5,61.9,Zone 5,59.0,Zone 5,64.3,Zone 5
Madhya Pradesh,Hoshangabad,Pachmarhi Aec,26.8,2026-06-08,02:30:00,56.0,2026-06-07,02:30:00,2026-06-08 02:41:07,27.450000000000045,Zone 4,42.6,Zone 5,27.7,Zone 4,37.4,Zone 4,32.9,Zone 4,41.9,Zone 4,37.7,Zone 4,56.4,Zone 5,42.6,Zone 5,61.2,Zone 5
Madhya Pradesh,Mandsaur,Mandsour,29.1,2026-06-08,02:30:00,65.0,2026-06-07,02:30:00,2026-06-08 02:41:07,31.850000000000023,Zone 4,60.0,Zone 5,31.7,Zone 4,44.7,Zone 5,37.6,Zone 4,59.6,Zone 5,46.9,Zone 5,62.7,Zone 5,60.0,Zone 5,65.0,Zone 5
Madhya Pradesh,Neemuch,Marukheda Kvk,29.9,2026-06-08,02:30:00,66.0,2026-06-07,02:30:00,2026-06-08 02:41:07,33.55000000000001,Zone 4,61.8,Zone 5,33.7,Zone 4,53.3,Zone 5,40.0,Zone 4,61.4,Zone 5,55.6,Zone 5,64.2,Zone 5,61.8,Zone 5,66.3,Zone 5
Madhya Pradesh,Niwari,Prithvipur,30.5,2026-06-08,02:30:00,39.0,2026-06-07,02:30:00,2026-06-08 02:41:07,30.75,Zone 4,44.1,Zone 4,30.8,Zone 4,39.6,Zone 4,35.5,Zone 4,43.8,Zone 4,39.9,Zone 4,56.4,Zone 5,44.1,Zone 4,61.2,Zone 5
Madhya Pradesh,Rajgarh,Rajgarh Kvk,29.1,2026-06-08,02:30:00,57.0,2026-06-07,02:30:00,2026-06-08 02:41:07,30.850000000000023,Zone 4,55.0,Zone 5,30.7,Zone 4,40.8,Zone 4,36.2,Zone 4,53.5,Zone 5,41.3,Zone 4,60.9,Zone 5,55.0,Zone 5,63.5,Zone 5
Madhya Pradesh,Sagar,Khurai,29.7,2026-06-08,02:30:00,52.0,2026-06-07,02:30:00,2026-06-08 02:41:07,31.150000000000034,Zone 4,52.4,Zone 5,30.9,Zone 4,40.6,Zone 4,36.1,Zone 4,50.9,Zone 5,41.1,Zone 4,60.4,Zone 5,52.4,Zone 5,63.0,Zone 5
Madhya Pradesh,Sagar,Sagar,26.7,2026-06-08,02:30:00,57.0,2026-06-07,02:30:00,2026-06-08 02:41:07,27.450000000000045,Zone 4,41.7,Zone 4,27.1,Zone 4,36.8,Zone 4,32.3,Zone 4,41.3,Zone 4,37.1,Zone 4,54.9,Zone 5,41.7,Zone 4,60.8,Zone 5
Madhya Pradesh,Satna,Satna,27.7,2026-06-08,02:30:00,55.0,2026-06-07,02:30:00,2026-06-08 02:41:07,28.55000000000001,Zone 4,44.3,Zone 5,28.3,Zone 4,38.0,Zone 4,33.5,Zone 4,43.0,Zone 5,38.4,Zone 4,57.8,Zone 5,44.3,Zone 5,61.5,Zone 5
Madhya Pradesh,Sehore,Ahmadpur Iitm,25.9,2026-06-08,02:30:00,67.0,2026-06-07,02:30:00,2026-06-08 02:41:07,26.950000000000045,Zone 4,47.3,Zone 5,27.1,Zone 4,37.4,Zone 4,32.7,Zone 4,45.8,Zone 5,37.8,Zone 4,59.3,Zone 5,47.3,Zone 5,62.1,Zone 5
Madhya Pradesh,Sehore,Bhairunda,26.6,2026-06-08,02:30:00,,,,2026-06-08 02:41:07,,,,,,,,,,,,,,,,,,,,
Madhya Pradesh,Shahdol,Kalyanpur Kvk,26.4,2026-06-08,02:30:00,53.0,2026-06-07,02:30:00,2026-06-08 02:41:07,26.75,Zone 4,41.0,Zone 4,26.9,Zone 4,36.2,Zone 4,31.9,Zone 4,40.7,Zone 4,36.6,Zone 4,51.6,Zone 5,41.0,Zone 4,60.1,Zone 5
Madhya Pradesh,Shajapur,Shajapur,28.1,2026-06-08,02:30:00,66.0,2026-06-07,02:30:00,2026-06-08 02:41:07,30.25,Zone 4,58.2,Zone 5,30.1,Zone 4,40.8,Zone 4,35.9,Zone 4,56.8,Zone 5,41.3,Zone 4,61.6,Zone 5,58.2,Zone 5,64.1,Zone 5
Madhya Pradesh,Sheopur,Sheopur,,,,66.0,2026-06-07,02:30:00,2026-06-08 02:41:07,,,,,,,,,,,,,,,,,,,,
Madhya Pradesh,Shivpuri,Shivpuri,29.8,2026-06-08,02:30:00,49.0,2026-06-07,02:30:00,2026-06-08 02:41:07,30.950000000000045,Zone 4,51.8,Zone 5,31.2,Zone 4,40.8,Zone 4,36.4,Zone 4,50.3,Zone 5,41.2,Zone 4,60.2,Zone 5,51.8,Zone 5,62.9,Zone 5
Madhya Pradesh,Sidhi,Rampur Naikin,26.5,2026-06-08,02:30:00,67.0,2026-06-07,02:30:00,2026-06-08 02:41:07,27.850000000000023,Zone 4,50.4,Zone 5,27.8,Zone 4,38.2,Zone 4,33.5,Zone 4,48.8,Zone 5,38.7,Zone 4,59.9,Zone 5,50.4,Zone 5,62.6,Zone 5
Madhya Pradesh,Sidhi,Sidhi,28.2,2026-06-08,02:30:00,57.0,2026-06-07,02:30:00,2026-06-08 02:41:07,29.450000000000045,Zone 4,49.2,Zone 5,29.2,Zone 4,39.1,Zone 4,34.5,Zone 4,47.7,Zone 5,39.5,Zone 4,59.7,Zone 5,49.2,Zone 5,62.4,Zone 5
Madhya Pradesh,Ujjain,Vikram Vv Ujjain,28.8,2026-06-08,02:30:00,62.0,2026-06-07,02:30:00,2026-06-08 02:41:07,30.950000000000045,Zone 4,59.2,Zone 5,31.3,Zone 4,41.9,Zone 4,37.1,Zone 4,58.5,Zone 5,43.3,Zone 5,62.0,Zone 5,59.2,Zone 5,64.4,Zone 5
Madhya Pradesh,Vidisha,Kurwai,27.7,2026-06-08,02:30:00,94.0,2026-06-07,02:30:00,2026-06-08 02:41:07,33.450000000000045,Zone 4,64.5,Zone 5,32.9,Zone 4,60.7,Zone 5,49.7,Zone 5,64.1,Zone 5,61.3,Zone 5,66.5,Zone 5,64.5,Zone 5,68.3,Zone 5
Madhya Pradesh,Vidisha,Lateri,,,,54.0,2026-06-07,02:30:00,2026-06-08 02:41:07,,,,,,,,,,,,,,,,,,,,
Madhya Pradesh,Vidisha,Vidisha,27.4,2026-06-08,02:30:00,64.0,2026-06-07,02:30:00,2026-06-08 02:41:07,28.950000000000045,Zone 4,53.5,Zone 5,29.1,Zone 4,39.5,Zone 4,34.7,Zone 4,51.9,Zone 5,40.0,Zone 4,60.6,Zone 5,53.5,Zone 5,63.2,Zone 5
Maharashtra,Ahilyanagar,Ahilyanagar,26.7,2026-06-08,02:30:00,74.0,2026-06-07,02:30:00,2026-06-08 02:41:07,28.75,Zone 4,56.8,Zone 5,28.4,Zone 4,39.4,Zone 4,34.4,Zone 4,55.3,Zone 5,40.0,Zone 4,61.3,Zone 5,56.8,Zone 5,63.8,Zone 5
Maharashtra,Beed,Beed Pto,23.9,2026-06-08,02:30:00,87.0,2026-06-07,02:30:00,2026-06-08 02:41:07,25.25,Zone 3,52.3,Zone 5,25.4,Zone 4,36.6,Zone 4,31.5,Zone 4,50.7,Zone 5,37.2,Zone 4,60.3,Zone 5,52.3,Zone 5,63.0,Zone 5
Maharashtra,Chandrapur,Chandrapur Aws400,33.7,2026-06-08,02:30:00,37.0,2026-06-07,02:30:00,2026-06-08 02:41:07,34.85000000000002,Zone 4,55.2,Zone 5,34.5,Zone 4,43.5,Zone 4,39.4,Zone 4,53.8,Zone 5,44.0,Zone 4,61.0,Zone 5,55.2,Zone 5,63.5,Zone 5
Maharashtra,Dhule,Dhule,30.9,2026-06-08,02:30:00,67.0,2026-06-07,02:30:00,2026-06-08 02:41:07,35.85000000000002,Zone 4,63.6,Zone 5,36.1,Zone 4,59.7,Zone 5,44.3,Zone 5,63.2,Zone 5,60.2,Zone 5,65.8,Zone 5,63.6,Zone 5,67.7,Zone 5
Maharashtra,Gondia,Tiroda,,,,53.0,2026-06-07,02:30:00,2026-06-08 02:41:07,,,,,,,,,,,,,,,,,,,,
Maharashtra,Hingoli,Hingoli,27.7,2026-06-08,02:30:00,88.0,2026-06-07,02:30:00,2026-06-08 02:41:07,32.450000000000045,Zone 4,63.2,Zone 5,31.9,Zone 4,59.1,Zone 5,41.8,Zone 5,62.8,Zone 5,59.7,Zone 5,65.4,Zone 5,63.2,Zone 5,67.4,Zone 5
Maharashtra,Hingoli,Tondapur Aws400,26.5,2026-06-08,02:30:00,74.0,2026-06-07,02:30:00,2026-06-08 02:41:07,28.450000000000045,Zone 4,56.8,Zone 5,28.4,Zone 4,39.4,Zone 4,34.4,Zone 4,55.3,Zone 5,40.0,Zone 4,61.3,Zone 5,56.8,Zone 5,63.8,Zone 5
Maharashtra,Kolhapur,Radhanagri Ars,21.0,2026-06-08,02:30:00,100.0,2026-06-07,02:30:00,2026-06-08 02:41:07,22.650000000000034,Zone 3,42.5,Zone 5,22.6,Zone 3,32.8,Zone 4,27.7,Zone 4,41.2,Zone 5,33.3,Zone 4,56.3,Zone 5,42.5,Zone 5,61.2,Zone 5
Maharashtra,Mumbai Suburban,Bandra,30.9,2026-06-08,02:30:00,,,,2026-06-08 02:41:07,,,,,,,,,,,,,,,,,,,,
Maharashtra,Mumbai Suburban,Dahisar,30.4,2026-06-08,02:30:00,,,,2026-06-08 02:41:07,,,,,,,,,,,,,,,,,,,,
Maharashtra,Mumbai Suburban,Juhu Airport,36.5,2026-06-08,02:30:00,90.0,2026-06-07,02:30:00,2026-06-08 02:41:07,79.05000000000001,Zone 6,87.8,Zone 6,79.1,Zone 6,84.2,Zone 6,82.0,Zone 6,87.1,Zone 6,84.9,Zone 6,90.0,Zone 6,87.8,Zone 6,92.8,Zone 6
Maharashtra,Mumbai Suburban,Ram Mandir,30.3,2026-06-08,02:30:00,,,,2026-06-08 02:41:07,,,,,,,,,,,,,,,,,,,,
Maharashtra,Mumbai Suburban,Tata Power Chembur,30.5,2026-06-08,02:30:00,30.0,2026-06-07,02:30:00,2026-06-08 02:41:07,29.850000000000023,Zone 4,42.2,Zone 4,29.8,Zone 4,38.0,Zone 4,34.2,Zone 4,41.9,Zone 4,38.3,Zone 4,46.8,Zone 5,42.2,Zone 4,59.1,Zone 5
Maharashtra,Mumbai Suburban,Vidyavihar,30.5,2026-06-08,02:30:00,78.0,2026-06-07,02:30:00,2026-06-08 02:41:07,37.650000000000034,Zone 4,65.7,Zone 5,37.7,Zone 4,62.2,Zone 5,56.9,Zone 5,65.4,Zone 5,62.8,Zone 5,67.6,Zone 5,65.7,Zone 5,69.2,Zone 5
Maharashtra,Mumbai Suburban,Vikhroli,30.9,2026-06-08,02:30:00,71.0,2026-06-07,02:30:00,2026-06-08 02:41:07,36.85000000000002,Zone 4,64.7,Zone 5,37.1,Zone 4,61.0,Zone 5,50.8,Zone 5,64.3,Zone 5,61.5,Zone 5,66.7,Zone 5,64.7,Zone 5,68.5,Zone 5
Maharashtra,Mumbai City,Byculla Mumbai,31.3,2026-06-08,02:30:00,,,,2026-06-08 02:41:07,,,,,,,,,,,,,,,,,,,,
Maharashtra,Mumbai City,Mahalaxmi,30.7,2026-06-08,02:30:00,,,,2026-06-08 02:41:07,,,,,,,,,,,,,,,,,,,,
Maharashtra,Mumbai City,Mumbai Santa Cruz,30.6,2026-06-08,02:30:00,100.0,2026-06-07,02:30:00,2026-06-08 02:41:07,62.35000000000002,Zone 5,71.1,Zone 5,62.0,Zone 5,68.8,Zone 5,66.5,Zone 5,70.8,Zone 5,69.3,Zone 5,73.1,Zone 6,71.1,Zone 5,76.0,Zone 6
Maharashtra,Nagpur,Nagpur,32.4,2026-06-08,02:30:00,53.0,2026-06-07,02:30:00,2026-06-08 02:41:07,35.85000000000002,Zone 4,61.8,Zone 5,36.1,Zone 4,53.4,Zone 5,41.9,Zone 4,61.4,Zone 5,55.6,Zone 5,64.2,Zone 5,61.8,Zone 5,66.3,Zone 5
Maharashtra,Nagpur,Nagpur Kvk,31.9,2026-06-08,02:30:00,38.0,2026-06-07,02:30:00,2026-06-08 02:41:07,32.450000000000045,Zone 4,48.8,Zone 5,32.6,Zone 4,41.5,Zone 4,37.4,Zone 4,47.4,Zone 5,41.9,Zone 4,59.6,Zone 5,48.8,Zone 5,62.3,Zone 5
Maharashtra,Nagpur,Ramtek Aws400,31.2,2026-06-08,02:30:00,44.0,2026-06-07,02:30:00,2026-06-08 02:41:07,32.35000000000002,Zone 4,51.2,Zone 5,32.0,Zone 4,41.3,Zone 4,37.1,Zone 4,49.7,Zone 5,41.7,Zone 4,60.1,Zone 5,51.2,Zone 5,62.8,Zone 5
Maharashtra,Nanded,Nanded,26.3,2026-06-08,02:30:00,100.0,2026-06-07,02:30:00,2026-06-08 02:41:07,30.850000000000023,Zone 4,64.1,Zone 5,31.3,Zone 4,60.2,Zone 5,47.0,Zone 5,63.7,Zone 5,60.8,Zone 5,66.2,Zone 5,64.1,Zone 5,68.0,Zone 5
Maharashtra,Nanded,Sagroli Kvk,27.3,2026-06-08,02:30:00,65.0,2026-06-07,02:30:00,2026-06-08 02:41:07,28.850000000000023,Zone 4,54.5,Zone 5,29.2,Zone 4,39.6,Zone 4,34.9,Zone 4,52.9,Zone 5,40.2,Zone 4,60.8,Zone 5,54.5,Zone 5,63.4,Zone 5
Maharashtra,Nandurbar,Shahada Aws400,29.5,2026-06-08,02:30:00,77.0,2026-06-07,02:30:00,2026-06-08 02:41:07,34.75,Zone 4,63.9,Zone 5,34.7,Zone 4,60.0,Zone 5,45.7,Zone 5,63.5,Zone 5,60.5,Zone 5,66.0,Zone 5,63.9,Zone 5,67.9,Zone 5
Maharashtra,Nashik,Kalwan,26.8,2026-06-08,02:30:00,,,,2026-06-08 02:41:07,,,,,,,,,,,,,,,,,,,,
Maharashtra,Nashik,Malegaon,28.4,2026-06-08,02:30:00,74.0,2026-06-07,02:30:00,2026-06-08 02:41:07,31.75,Zone 4,61.5,Zone 5,32.0,Zone 4,51.9,Zone 5,38.5,Zone 4,61.1,Zone 5,54.2,Zone 5,64.0,Zone 5,61.5,Zone 5,66.1,Zone 5
Maharashtra,Nashik,Trimbakeshwar,25.9,2026-06-08,02:30:00,,,,2026-06-08 02:41:07,,,,,,,,,,,,,,,,,,,,
Maharashtra,Nashik,Vilholi,26.1,2026-06-08,02:30:00,80.0,2026-06-07,02:30:00,2026-06-08 02:41:07,28.25,Zone 4,58.9,Zone 5,28.1,Zone 4,40.0,Zone 5,34.3,Zone 4,57.4,Zone 5,42.0,Zone 5,61.8,Zone 5,58.9,Zone 5,64.2,Zone 5
Maharashtra,Palghar,Palghar Aws400,29.9,2026-06-08,02:30:00,93.0,2026-06-07,02:30:00,2026-06-08 02:41:07,49.75,Zone 5,68.6,Zone 5,51.1,Zone 5,65.7,Zone 5,62.7,Zone 5,68.2,Zone 5,66.2,Zone 5,70.0,Zone 5,68.6,Zone 5,71.4,Zone 5
Maharashtra,Pune, Nimgiri Junnar,25.2,2026-06-08,02:30:00,,,,2026-06-08 02:41:07,,,,,,,,,,,,,,,,,,,,
Maharashtra,Pune,Blindschool Kp Pune,28.2,2026-06-08,02:30:00,77.0,2026-06-07,02:30:00,2026-06-08 02:41:07,31.850000000000023,Zone 4,61.5,Zone 5,31.4,Zone 4,51.6,Zone 5,38.0,Zone 4,61.0,Zone 5,53.9,Zone 5,63.9,Zone 5,61.5,Zone 5,66.1,Zone 5
Maharashtra,Pune,Cagmo Shivajinagar,28.0,2026-06-08,02:30:00,69.0,2026-06-07,02:30:00,2026-06-08 02:41:07,30.450000000000045,Zone 4,59.5,Zone 5,30.4,Zone 4,42.4,Zone 5,36.4,Zone 4,59.1,Zone 5,44.5,Zone 5,62.3,Zone 5,59.5,Zone 5,64.6,Zone 5
Maharashtra,Pune,Chinchwad Pune,27.2,2026-06-08,02:30:00,73.0,2026-06-07,02:30:00,2026-06-08 02:41:07,29.450000000000045,Zone 4,58.8,Zone 5,29.1,Zone 4,40.2,Zone 4,35.2,Zone 4,57.4,Zone 5,41.9,Zone 5,61.8,Zone 5,58.8,Zone 5,64.2,Zone 5
Maharashtra,Pune,Cme Dapodi,27.8,2026-06-08,02:30:00,79.0,2026-06-07,02:30:00,2026-06-08 02:41:07,31.25,Zone 4,61.9,Zone 5,31.7,Zone 4,53.9,Zone 5,38.4,Zone 4,61.5,Zone 5,56.1,Zone 5,64.3,Zone 5,61.9,Zone 5,66.4,Zone 5
Maharashtra,Pune,Dps Hadapsar Pune,27.9,2026-06-08,02:30:00,79.0,2026-06-07,02:30:00,2026-06-08 02:41:07,31.450000000000045,Zone 4,61.9,Zone 5,31.7,Zone 4,53.9,Zone 5,38.4,Zone 4,61.5,Zone 5,56.1,Zone 5,64.3,Zone 5,61.9,Zone 5,66.4,Zone 5
Maharashtra,Pune,Khadakwadi Ambegaon,26.4,2026-06-08,02:30:00,78.0,2026-06-07,02:30:00,2026-06-08 02:41:07,28.55000000000001,Zone 4,59.3,Zone 5,28.8,Zone 4,41.4,Zone 5,35.0,Zone 4,58.7,Zone 5,43.5,Zone 5,62.1,Zone 5,59.3,Zone 5,64.5,Zone 5
Maharashtra,Pune,Khutbav Daund,26.9,2026-06-08,02:30:00,79.0,2026-06-07,02:30:00,2026-06-08 02:41:07,29.55000000000001,Zone 4,60.3,Zone 5,29.7,Zone 4,46.1,Zone 5,36.2,Zone 4,59.9,Zone 5,48.4,Zone 5,63.0,Zone 5,60.3,Zone 5,65.2,Zone 5
Maharashtra,Pune,Kurvande,,,,67.0,2026-06-07,02:30:00,2026-06-08 02:41:07,,,,,,,,,,,,,,,,,,,,
Maharashtra,Pune,Lavale,24.0,2026-06-08,02:30:00,87.0,2026-06-07,02:30:00,2026-06-08 02:41:07,25.450000000000045,Zone 4,52.3,Zone 5,25.4,Zone 4,36.6,Zone 4,31.5,Zone 4,50.7,Zone 5,37.2,Zone 4,60.3,Zone 5,52.3,Zone 5,63.0,Zone 5
Maharashtra,Pune,Lonikalbhor Haveli,26.0,2026-06-08,02:30:00,80.0,2026-06-07,02:30:00,2026-06-08 02:41:07,28.05000000000001,Zone 4,58.9,Zone 5,28.1,Zone 4,40.0,Zone 5,34.3,Zone 4,57.4,Zone 5,42.0,Zone 5,61.8,Zone 5,58.9,Zone 5,64.2,Zone 5
Maharashtra,Pune,Magarpatta Pune,26.9,2026-06-08,02:30:00,70.0,2026-06-07,02:30:00,2026-06-08 02:41:07,28.75,Zone 4,56.2,Zone 5,28.9,Zone 4,39.6,Zone 4,34.7,Zone 4,54.7,Zone 5,40.2,Zone 4,61.2,Zone 5,56.2,Zone 5,63.7,Zone 5
Maharashtra,Pune,Malin Ambegaon,25.7,2026-06-08,02:30:00,87.0,2026-06-07,02:30:00,2026-06-08 02:41:07,28.150000000000034,Zone 4,59.7,Zone 5,27.8,Zone 4,43.0,Zone 5,34.3,Zone 4,59.3,Zone 5,45.2,Zone 5,62.4,Zone 5,59.7,Zone 5,64.8,Zone 5
Maharashtra,Pune,Mti Pashan Pune,28.2,2026-06-08,02:30:00,81.0,2026-06-07,02:30:00,2026-06-08 02:41:07,32.450000000000045,Zone 4,62.4,Zone 5,32.0,Zone 4,56.1,Zone 5,38.9,Zone 4,62.0,Zone 5,58.2,Zone 5,64.7,Zone 5,62.4,Zone 5,66.8,Zone 5
Maharashtra,Pune,Narayangoan Krishi Kendra,26.0,2026-06-08,02:30:00,100.0,2026-06-07,02:30:00,2026-06-08 02:41:07,30.150000000000034,Zone 4,63.2,Zone 5,30.1,Zone 4,59.2,Zone 5,42.0,Zone 5,62.8,Zone 5,59.8,Zone 5,65.4,Zone 5,63.2,Zone 5,67.4,Zone 5
Maharashtra,Pune,Nda Pune,26.4,2026-06-08,02:30:00,71.0,2026-06-07,02:30:00,2026-06-08 02:41:07,28.05000000000001,Zone 4,54.2,Zone 5,28.2,Zone 4,38.9,Zone 4,34.0,Zone 4,52.6,Zone 5,39.4,Zone 4,60.7,Zone 5,54.2,Zone 5,63.3,Zone 5
Maharashtra,Pune,Niasm Baramati,25.4,2026-06-08,02:30:00,87.0,2026-06-07,02:30:00,2026-06-08 02:41:07,27.650000000000034,Zone 4,59.7,Zone 5,27.8,Zone 4,43.0,Zone 5,34.3,Zone 4,59.3,Zone 5,45.2,Zone 5,62.4,Zone 5,59.7,Zone 5,64.8,Zone 5
Maharashtra,Pune,Pabal Shirur,23.7,2026-06-08,02:30:00,99.0,2026-06-07,02:30:00,2026-06-08 02:41:07,25.55000000000001,Zone 4,58.2,Zone 5,25.2,Zone 3,39.2,Zone 5,31.8,Zone 4,56.7,Zone 5,41.2,Zone 5,61.6,Zone 5,58.2,Zone 5,64.1,Zone 5
Maharashtra,Pune,Pashan Aws Lab,26.7,2026-06-08,02:30:00,95.0,2026-06-07,02:30:00,2026-06-08 02:41:07,31.05000000000001,Zone 4,63.0,Zone 5,30.6,Zone 4,58.8,Zone 5,41.0,Zone 5,62.6,Zone 5,59.5,Zone 5,65.3,Zone 5,63.0,Zone 5,67.2,Zone 5
Maharashtra,Pune,Rajgurunagar,27.2,2026-06-08,02:30:00,80.0,2026-06-07,02:30:00,2026-06-08 02:41:07,30.25,Zone 4,60.6,Zone 5,29.9,Zone 4,47.2,Zone 5,36.3,Zone 4,60.2,Zone 5,49.5,Zone 5,63.2,Zone 5,60.6,Zone 5,65.4,Zone 5
Maharashtra,Pune,Rjspmcop Dudulgaon,27.5,2026-06-08,02:30:00,96.0,2026-06-07,02:30:00,2026-06-08 02:41:07,33.35000000000002,Zone 4,65.0,Zone 5,33.3,Zone 4,61.3,Zone 5,52.3,Zone 5,64.6,Zone 5,61.8,Zone 5,66.9,Zone 5,65.0,Zone 5,68.7,Zone 5
Maharashtra,Pune,Talegaon,25.9,2026-06-08,02:30:00,,,,2026-06-08 02:41:07,,,,,,,,,,,,,,,,,,,,
Maharashtra,Pune,Wadgaonsheri Pune,27.2,2026-06-08,02:30:00,67.0,2026-06-07,02:30:00,2026-06-08 02:41:07,28.950000000000045,Zone 4,53.4,Zone 5,28.6,Zone 4,39.1,Zone 4,34.3,Zone 4,51.9,Zone 5,39.6,Zone 4,60.6,Zone 5,53.4,Zone 5,63.2,Zone 5
Maharashtra,Pune,Walhe Purandar,26.4,2026-06-08,02:15:00,,,,2026-06-08 02:41:07,,,,,,,,,,,,,,,,,,,,
Maharashtra,Raigad,Iighq Newpanvel,30.4,2026-06-08,02:30:00,100.0,2026-06-07,02:30:00,2026-06-08 02:41:07,61.650000000000034,Zone 5,71.1,Zone 5,62.0,Zone 5,68.8,Zone 5,66.5,Zone 5,70.8,Zone 5,69.3,Zone 5,73.1,Zone 6,71.1,Zone 5,76.0,Zone 6
Maharashtra,Raigad,Karjat,29.9,2026-06-08,02:30:00,71.0,2026-06-07,02:30:00,2026-06-08 02:41:07,34.450000000000045,Zone 4,63.1,Zone 5,34.7,Zone 4,59.1,Zone 5,41.5,Zone 5,62.7,Zone 5,59.6,Zone 5,65.3,Zone 5,63.1,Zone 5,67.3,Zone 5
Maharashtra,Raigad,Matheran,24.4,2026-06-08,02:30:00,100.0,2026-06-07,02:30:00,2026-06-08 02:41:07,26.850000000000023,Zone 4,60.7,Zone 5,27.0,Zone 4,47.6,Zone 5,34.0,Zone 4,60.2,Zone 5,50.0,Zone 5,63.2,Zone 5,60.7,Zone 5,65.5,Zone 5
Maharashtra,Ratnagiri,Dapoli,26.4,2026-06-08,02:30:00,,,,2026-06-08 02:41:07,,,,,,,,,,,,,,,,,,,,
Maharashtra,Ratnagiri,Ratnagiri Aws400,25.6,2026-06-08,02:30:00,100.0,2026-06-07,02:30:00,2026-06-08 02:41:07,29.25,Zone 4,62.4,Zone 5,29.0,Zone 4,55.9,Zone 5,37.6,Zone 5,62.0,Zone 5,58.0,Zone 5,64.7,Zone 5,62.4,Zone 5,66.7,Zone 5
Maharashtra,Ratnagiri,Savarde(Golwane),26.1,2026-06-08,02:30:00,,,,2026-06-08 02:41:07,,,,,,,,,,,,,,,,,,,,
Maharashtra,Satara,Mahabaleshwar,20.1,2026-06-08,02:30:00,100.0,2026-06-07,02:30:00,2026-06-08 02:41:07,21.55000000000001,Zone 3,36.9,Zone 5,21.5,Zone 3,31.3,Zone 4,26.3,Zone 4,36.3,Zone 4,31.7,Zone 4,50.8,Zone 5,36.9,Zone 5,60.0,Zone 5
Maharashtra,Sindhudurg,Devgad,25.6,2026-06-08,02:30:00,99.0,2026-06-07,02:30:00,2026-06-08 02:41:07,29.150000000000034,Zone 4,62.2,Zone 5,28.9,Zone 4,54.9,Zone 5,36.7,Zone 5,61.7,Zone 5,57.1,Zone 5,64.5,Zone 5,62.2,Zone 5,66.6,Zone 5
Maharashtra,Sindhudurg,Mulde Amfu,24.8,2026-06-08,02:30:00,100.0,2026-06-07,02:30:00,2026-06-08 02:41:07,27.55000000000001,Zone 4,61.5,Zone 5,28.0,Zone 4,51.8,Zone 5,35.2,Zone 4,61.1,Zone 5,54.1,Zone 5,64.0,Zone 5,61.5,Zone 5,66.1,Zone 5
Maharashtra,Sindhudurg,Vengurla,25.5,2026-06-08,02:30:00,94.0,2026-06-07,02:30:00,2026-06-08 02:41:07,28.450000000000045,Zone 4,61.1,Zone 5,28.4,Zone 4,50.0,Zone 5,35.4,Zone 4,60.7,Zone 5,52.4,Zone 5,63.6,Zone 5,61.1,Zone 5,65.8,Zone 5
Maharashtra,Solapur,Mohol Kvk,22.2,2026-06-08,02:30:00,100.0,2026-06-07,02:30:00,2026-06-08 02:41:07,23.950000000000045,Zone 3,49.1,Zone 5,23.7,Zone 3,34.5,Zone 4,29.3,Zone 4,47.5,Zone 5,35.0,Zone 4,59.7,Zone 5,49.1,Zone 5,62.4,Zone 5
Maharashtra,Solapur,Sangola Mahavidyalaya,22.3,2026-06-08,02:30:00,96.0,2026-06-07,02:30:00,2026-06-08 02:41:07,23.850000000000023,Zone 3,49.5,Zone 5,24.1,Zone 3,35.0,Zone 4,29.8,Zone 4,47.9,Zone 5,35.5,Zone 4,59.7,Zone 5,49.5,Zone 5,62.4,Zone 5
Maharashtra,Solapur,Solapur,24.8,2026-06-08,02:30:00,89.0,2026-06-07,02:30:00,2026-06-08 02:41:07,26.75,Zone 4,59.3,Zone 5,27.1,Zone 4,41.3,Zone 5,33.6,Zone 4,58.5,Zone 5,43.4,Zone 5,62.1,Zone 5,59.3,Zone 5,64.5,Zone 5
Maharashtra,Thane,Bhayander,30.0,2026-06-08,02:30:00,,,,2026-06-08 02:41:07,,,,,,,,,,,,,,,,,,,,
Maharashtra,Wardha,Wardha,32.1,2026-06-08,02:30:00,42.0,2026-06-07,02:30:00,2026-06-08 02:41:07,33.35000000000002,Zone 4,54.1,Zone 5,33.2,Zone 4,42.5,Zone 4,38.2,Zone 4,52.6,Zone 5,42.9,Zone 4,60.7,Zone 5,54.1,Zone 5,63.3,Zone 5
Maharashtra,Yavatmal,Pushad Aws400,30.1,2026-06-08,02:30:00,54.0,2026-06-07,02:30:00,2026-06-08 02:41:07,32.05000000000001,Zone 4,57.3,Zone 5,31.9,Zone 4,41.9,Zone 4,37.3,Zone 4,55.9,Zone 5,42.4,Zone 4,61.4,Zone 5,57.3,Zone 5,63.9,Zone 5
Manipur,Chandel,Chandel Kvk,21.4,2026-06-08,02:30:00,100.0,2026-06-07,02:30:00,2026-06-08 02:41:07,23.05000000000001,Zone 3,45.7,Zone 5,23.2,Zone 3,33.6,Zone 4,28.5,Zone 4,44.3,Zone 5,34.1,Zone 4,58.9,Zone 5,45.7,Zone 5,61.8,Zone 5
Manipur,Churachandpur,Geljang Resort,23.2,2026-06-08,02:15:00,,,,2026-06-08 02:41:07,,,,,,,,,,,,,,,,,,,,
Manipur,Imphal East,Jiribam,25.1,2026-06-08,02:15:00,,,,2026-06-08 02:41:07,,,,,,,,,,,,,,,,,,,,
Manipur,Imphal East,Porompat,24.2,2026-06-08,02:30:00,84.0,2026-06-07,02:30:00,2026-06-08 02:41:07,25.55000000000001,Zone 4,49.8,Zone 5,25.2,Zone 3,36.3,Zone 4,31.2,Zone 4,48.3,Zone 5,36.8,Zone 4,59.8,Zone 5,49.8,Zone 5,62.5,Zone 5
Manipur,Kamjong,Kamjong,,,,100.0,2026-06-07,02:30:00,2026-06-08 02:41:07,,,,,,,,,,,,,,,,,,,,
Manipur,Kangpokpi,Saikul,,,,100.0,2026-06-07,02:30:00,2026-06-08 02:41:07,,,,,,,,,,,,,,,,,,,,
Manipur,Noney,Khoupum,23.6,2026-06-08,02:30:00,100.0,2026-06-07,02:30:00,2026-06-08 02:41:07,25.450000000000045,Zone 4,58.9,Zone 5,25.3,Zone 3,39.9,Zone 5,31.9,Zone 4,57.4,Zone 5,42.0,Zone 5,61.8,Zone 5,58.9,Zone 5,64.2,Zone 5
Manipur,Senapati,Mao,18.7,2026-06-08,02:00:00,,,,2026-06-08 02:41:07,,,,,,,,,,,,,,,,,,,,
Meghalaya,East Garo Hills,Williamnagar,29.0,2026-06-08,02:30:00,89.0,2026-06-07,02:30:00,2026-06-08 02:41:07,36.150000000000034,Zone 4,65.9,Zone 5,36.2,Zone 4,62.5,Zone 5,57.9,Zone 5,65.5,Zone 5,63.0,Zone 5,67.8,Zone 5,65.9,Zone 5,69.4,Zone 5
Meghalaya,East Khasi Hills,Laban,20.7,2026-06-08,02:30:00,90.0,2026-06-07,02:30:00,2026-06-08 02:41:07,21.850000000000023,Zone 3,36.5,Zone 4,21.6,Zone 3,31.3,Zone 4,26.5,Zone 4,36.2,Zone 4,31.7,Zone 4,47.6,Zone 5,36.5,Zone 4,59.3,Zone 5
Meghalaya,East Khasi Hills,Mawryngkneng,22.2,2026-06-08,02:15:00,,,,2026-06-08 02:41:07,,,,,,,,,,,,,,,,,,,,
Meghalaya,East Khasi Hills,Mawsynram,19.8,2026-06-08,02:30:00,99.0,2026-06-07,02:30:00,2026-06-08 02:41:07,21.150000000000034,Zone 3,36.6,Zone 4,21.4,Zone 3,31.2,Zone 4,26.3,Zone 4,36.2,Zone 4,31.6,Zone 4,50.3,Zone 5,36.6,Zone 4,59.8,Zone 5
Meghalaya,East Khasi Hills,Nehu,21.1,2026-06-08,02:30:00,94.0,2026-06-07,02:30:00,2026-06-08 02:41:07,22.450000000000045,Zone 3,38.8,Zone 5,22.4,Zone 3,32.3,Zone 4,27.4,Zone 4,37.6,Zone 5,32.7,Zone 4,52.8,Zone 5,38.8,Zone 5,60.4,Zone 5
Meghalaya,East Khasi Hills,Shillong,20.1,2026-06-08,02:30:00,91.0,2026-06-07,02:30:00,2026-06-08 02:41:07,21.150000000000034,Zone 3,35.8,Zone 4,21.1,Zone 3,30.7,Zone 4,26.0,Zone 4,35.5,Zone 4,31.0,Zone 4,45.6,Zone 5,35.8,Zone 4,58.4,Zone 5
Meghalaya,East Khasi Hills,Sohra(Cherrapunjee),22.3,2026-06-08,02:30:00,,,,2026-06-08 02:41:07,,,,,,,,,,,,,,,,,,,,
Meghalaya,North Garo Hills,Resubelpara,27.3,2026-06-08,02:30:00,100.0,2026-06-07,02:30:00,2026-06-08 02:41:07,33.55000000000001,Zone 4,65.8,Zone 5,34.1,Zone 4,62.3,Zone 5,57.3,Zone 5,65.4,Zone 5,62.9,Zone 5,67.7,Zone 5,65.8,Zone 5,69.3,Zone 5
Meghalaya,Ri Bhoi,Byrnihat,27.8,2026-06-08,02:30:00,98.0,2026-06-07,02:30:00,2026-06-08 02:41:07,34.650000000000034,Zone 4,66.3,Zone 5,35.2,Zone 4,62.9,Zone 5,59.2,Zone 5,65.9,Zone 5,63.4,Zone 5,68.0,Zone 5,66.3,Zone 5,69.6,Zone 5
Meghalaya,Ri Bhoi,Umtrewdam,32.1,2026-06-08,02:30:00,,,,2026-06-08 02:41:07,,,,,,,,,,,,,,,,,,,,
Meghalaya,South Garo Hills,Baghmara,25.8,2026-06-08,02:30:00,99.0,2026-06-07,02:30:00,2026-06-08 02:41:07,29.55000000000001,Zone 4,63.0,Zone 5,30.0,Zone 4,58.7,Zone 5,40.9,Zone 5,62.6,Zone 5,59.5,Zone 5,65.2,Zone 5,63.0,Zone 5,67.2,Zone 5
Meghalaya,South West Garo Hills,Ampati,25.4,2026-06-08,02:30:00,,,,2026-06-08 02:41:07,,,,,,,,,,,,,,,,,,,,
Meghalaya,South West Khasi Hills,Mawkyrwat,19.0,2026-06-08,02:30:00,100.0,2026-06-07,02:30:00,2026-06-08 02:41:07,20.25,Zone 3,35.1,Zone 4,20.3,Zone 3,29.9,Zone 4,25.1,Zone 3,34.8,Zone 4,30.2,Zone 4,45.3,Zone 5,35.1,Zone 4,58.2,Zone 5
Meghalaya,West Garo Hills,Tura,25.7,2026-06-08,02:30:00,86.0,2026-06-07,02:30:00,2026-06-08 02:41:07,28.05000000000001,Zone 4,59.5,Zone 5,27.7,Zone 4,42.1,Zone 5,34.2,Zone 4,59.1,Zone 5,44.2,Zone 5,62.2,Zone 5,59.5,Zone 5,64.6,Zone 5
Meghalaya,West Khasi Hills,Nongstoin,20.4,2026-06-08,02:30:00,100.0,2026-06-07,02:30:00,2026-06-08 02:41:07,21.950000000000045,Zone 3,39.6,Zone 5,22.0,Zone 3,32.0,Zone 4,27.0,Zone 4,38.4,Zone 5,32.4,Zone 4,53.6,Zone 5,39.6,Zone 5,60.6,Zone 5
Mizoram,Aizawl,Lengpui,26.5,2026-06-08,02:30:00,85.0,2026-06-07,02:30:00,2026-06-08 02:41:07,29.450000000000045,Zone 4,60.9,Zone 5,29.5,Zone 4,48.7,Zone 5,36.1,Zone 4,60.5,Zone 5,51.1,Zone 5,63.4,Zone 5,60.9,Zone 5,65.6,Zone 5
Mizoram,Aizawl,Mizoram University,24.1,2026-06-08,02:15:00,,,,2026-06-08 02:41:07,,,,,,,,,,,,,,,,,,,,
Mizoram,Champhai,Champhai Aws,18.8,2026-06-08,02:30:00,100.0,2026-06-07,02:30:00,2026-06-08 02:41:07,20.05000000000001,Zone 3,35.1,Zone 4,20.3,Zone 3,29.9,Zone 4,25.1,Zone 3,34.8,Zone 4,30.2,Zone 4,45.3,Zone 5,35.1,Zone 4,58.2,Zone 5
Mizoram,Hnathial,Hnathial,22.7,2026-06-08,02:30:00,100.0,2026-06-07,02:30:00,2026-06-08 02:41:07,24.450000000000045,Zone 3,52.5,Zone 5,24.3,Zone 3,35.4,Zone 4,30.1,Zone 4,50.9,Zone 5,36.0,Zone 4,60.4,Zone 5,52.5,Zone 5,63.0,Zone 5
Mizoram,Khawzawl,Khawzawl,20.9,2026-06-08,02:30:00,100.0,2026-06-07,02:30:00,2026-06-08 02:41:07,22.55000000000001,Zone 3,42.5,Zone 5,22.6,Zone 3,32.8,Zone 4,27.7,Zone 4,41.2,Zone 5,33.3,Zone 4,56.3,Zone 5,42.5,Zone 5,61.2,Zone 5
Mizoram,Kolasib,Kolasib,23.4,2026-06-08,02:30:00,99.0,2026-06-07,02:30:00,2026-06-08 02:41:07,25.150000000000034,Zone 3,58.2,Zone 5,25.2,Zone 3,39.2,Zone 5,31.8,Zone 4,56.7,Zone 5,41.2,Zone 5,61.6,Zone 5,58.2,Zone 5,64.1,Zone 5
Mizoram,Lawngtlai,Chawnhu,21.4,2026-06-08,02:30:00,100.0,2026-06-07,02:30:00,2026-06-08 02:41:07,23.05000000000001,Zone 3,45.7,Zone 5,23.2,Zone 3,33.6,Zone 4,28.5,Zone 4,44.3,Zone 5,34.1,Zone 4,58.9,Zone 5,45.7,Zone 5,61.8,Zone 5
Mizoram,Mamit,Lengpui Kvk,26.0,2026-06-08,02:30:00,98.0,2026-06-07,02:30:00,2026-06-08 02:41:07,29.850000000000023,Zone 4,62.8,Zone 5,29.9,Zone 4,57.9,Zone 5,39.8,Zone 5,62.4,Zone 5,59.3,Zone 5,65.1,Zone 5,62.8,Zone 5,67.1,Zone 5
Mizoram,Saiha,Saiha,20.3,2026-06-08,02:30:00,87.0,2026-06-07,02:30:00,2026-06-08 02:41:07,21.25,Zone 3,36.2,Zone 4,21.5,Zone 3,31.1,Zone 4,26.4,Zone 4,35.9,Zone 4,31.5,Zone 4,45.8,Zone 5,36.2,Zone 4,58.6,Zone 5
Mizoram,Serchhip,Serchhip,22.6,2026-06-08,02:30:00,97.0,2026-06-07,02:30:00,2026-06-08 02:41:07,24.25,Zone 3,50.2,Zone 5,24.1,Zone 3,35.1,Zone 4,29.9,Zone 4,48.7,Zone 5,35.6,Zone 4,59.9,Zone 5,50.2,Zone 5,62.6,Zone 5
Nagaland,Kiphire,Kiphire Aws400,21.9,2026-06-08,02:30:00,98.0,2026-06-07,02:30:00,2026-06-08 02:41:07,23.55000000000001,Zone 3,47.6,Zone 5,23.6,Zone 3,34.3,Zone 4,29.1,Zone 4,46.1,Zone 5,34.8,Zone 4,59.4,Zone 5,47.6,Zone 5,62.1,Zone 5
Nagaland,Longleng,Sakshi,23.4,2026-06-08,02:30:00,100.0,2026-06-07,02:30:00,2026-06-08 02:41:07,25.150000000000034,Zone 3,58.9,Zone 5,25.3,Zone 3,39.9,Zone 5,31.9,Zone 4,57.4,Zone 5,42.0,Zone 5,61.8,Zone 5,58.9,Zone 5,64.2,Zone 5
Nagaland,Peren,Jalukie,25.9,2026-06-08,02:15:00,,,,2026-06-08 02:41:07,,,,,,,,,,,,,,,,,,,,
Nagaland,Tuensang,Thonoknyu,18.7,2026-06-08,02:30:00,100.0,2026-06-07,02:30:00,2026-06-08 02:41:07,19.950000000000045,Zone 3,34.3,Zone 4,19.7,Zone 3,29.2,Zone 4,24.8,Zone 3,34.0,Zone 4,29.5,Zone 4,42.6,Zone 5,34.3,Zone 4,56.0,Zone 5
Nagaland,Wokha,Wokha,21.9,2026-06-08,02:30:00,100.0,2026-06-07,02:30:00,2026-06-08 02:41:07,23.650000000000034,Zone 3,49.1,Zone 5,23.7,Zone 3,34.5,Zone 4,29.3,Zone 4,47.5,Zone 5,35.0,Zone 4,59.7,Zone 5,49.1,Zone 5,62.4,Zone 5
Odisha,Balangir,Bolangir,30.8,2026-06-08,02:30:00,,,,2026-06-08 02:41:07,,,,,,,,,,,,,,,,,,,,
Odisha,Balasore,Fm University,25.4,2026-06-08,02:30:00,100.0,2026-06-07,02:30:00,2026-06-08 02:41:07,28.75,Zone 4,62.4,Zone 5,29.0,Zone 4,55.9,Zone 5,37.6,Zone 5,62.0,Zone 5,58.0,Zone 5,64.7,Zone 5,62.4,Zone 5,66.7,Zone 5
Odisha,Bargarh,Barapalli,29.6,2026-06-08,02:30:00,,,,2026-06-08 02:41:07,,,,,,,,,,,,,,,,,,,,
Odisha,Cuttack,Cuttack Kvk,27.2,2026-06-08,02:30:00,,,,2026-06-08 02:41:07,,,,,,,,,,,,,,,,,,,,
Odisha,Ganjam,Benakuda Kvk,27.1,2026-06-08,02:30:00,87.0,2026-06-07,02:30:00,2026-06-08 02:41:07,30.950000000000045,Zone 4,62.1,Zone 5,30.7,Zone 4,54.8,Zone 5,37.7,Zone 4,61.7,Zone 5,57.0,Zone 5,64.5,Zone 5,62.1,Zone 5,66.6,Zone 5
Odisha,Jharsuguda,Jharsuguda,30.1,2026-06-08,02:30:00,41.0,2026-06-07,02:30:00,2026-06-08 02:41:07,30.450000000000045,Zone 4,43.8,Zone 4,30.3,Zone 4,39.3,Zone 4,35.1,Zone 4,43.5,Zone 4,39.6,Zone 4,56.3,Zone 5,43.8,Zone 4,61.1,Zone 5
Odisha,Kandhamal,Phulbani,26.6,2026-06-08,02:30:00,100.0,2026-06-07,02:30:00,2026-06-08 02:41:07,31.55000000000001,Zone 4,64.1,Zone 5,31.3,Zone 4,60.2,Zone 5,47.0,Zone 5,63.7,Zone 5,60.8,Zone 5,66.2,Zone 5,64.1,Zone 5,68.0,Zone 5
Odisha,Khurdha,Bhubaneshwar Airport,27.9,2026-06-08,02:30:00,93.0,2026-06-07,02:30:00,2026-06-08 02:41:07,33.85000000000002,Zone 4,65.1,Zone 5,34.1,Zone 4,61.5,Zone 5,53.5,Zone 5,64.8,Zone 5,62.1,Zone 5,67.1,Zone 5,65.1,Zone 5,68.8,Zone 5
Odisha,Mayurbhanj,Baripada,25.1,2026-06-08,02:30:00,100.0,2026-06-07,02:30:00,2026-06-08 02:41:07,28.150000000000034,Zone 4,61.5,Zone 5,28.0,Zone 4,51.8,Zone 5,35.2,Zone 4,61.1,Zone 5,54.1,Zone 5,64.0,Zone 5,61.5,Zone 5,66.1,Zone 5
Odisha,Mayurbhanj,Mayurbhanj Kvk,40.8,2026-06-08,02:30:00,37.0,2026-06-07,02:30:00,2026-06-08 02:41:07,48.85000000000002,Zone 4,67.9,Zone 5,49.4,Zone 4,64.8,Zone 5,61.6,Zone 5,67.5,Zone 5,65.3,Zone 5,69.4,Zone 5,67.9,Zone 5,70.8,Zone 5
Odisha,Nuapada,Nawapada,31.4,2026-06-08,02:30:00,46.0,2026-06-07,02:30:00,2026-06-08 02:41:07,32.950000000000045,Zone 4,56.3,Zone 5,33.1,Zone 4,42.6,Zone 4,38.2,Zone 4,54.9,Zone 5,43.1,Zone 4,61.2,Zone 5,56.3,Zone 5,63.7,Zone 5
Odisha,Puri,Janhukuda(Near Satapada),29.8,2026-06-08,02:30:00,100.0,2026-06-07,02:30:00,2026-06-08 02:41:07,59.450000000000045,Zone 5,70.2,Zone 5,60.2,Zone 5,67.7,Zone 5,65.2,Zone 5,69.9,Zone 5,68.2,Zone 5,71.4,Zone 5,70.2,Zone 5,74.3,Zone 6
Odisha,Puri,Puri Kvk,30.3,2026-06-08,02:30:00,53.0,2026-06-07,02:30:00,2026-06-08 02:41:07,32.25,Zone 4,58.8,Zone 5,32.5,Zone 4,42.6,Zone 4,38.0,Zone 4,57.5,Zone 5,43.1,Zone 4,61.8,Zone 5,58.8,Zone 5,64.2,Zone 5
Odisha,Rayagada,Gunupur Kvk,27.2,2026-06-08,02:30:00,100.0,2026-06-07,02:30:00,2026-06-08 02:41:07,33.25,Zone 4,65.0,Zone 5,32.7,Zone 4,61.3,Zone 5,52.3,Zone 5,64.6,Zone 5,61.8,Zone 5,66.9,Zone 5,65.0,Zone 5,68.7,Zone 5
Odisha,Sambalpur,Dhankauda,30.2,2026-06-08,02:30:00,37.0,2026-06-07,02:30:00,2026-06-08 02:41:07,30.150000000000034,Zone 4,43.0,Zone 4,29.9,Zone 4,38.6,Zone 4,34.6,Zone 4,42.7,Zone 4,38.9,Zone 4,52.3,Zone 5,43.0,Zone 4,60.3,Zone 5
Odisha,Sonepur,Sonepur,29.5,2026-06-08,02:30:00,62.0,2026-06-07,02:30:00,2026-06-08 02:41:07,32.150000000000034,Zone 4,60.0,Zone 5,32.1,Zone 4,44.5,Zone 5,38.0,Zone 4,59.6,Zone 5,46.8,Zone 5,62.7,Zone 5,60.0,Zone 5,65.0,Zone 5
Odisha,Subarnapur,Dungripalli,31.2,2026-06-08,02:30:00,100.0,2026-06-07,02:30:00,2026-06-08 02:41:07,64.45000000000005,Zone 5,72.6,Zone 6,63.8,Zone 5,70.0,Zone 5,67.9,Zone 5,72.0,Zone 6,70.4,Zone 5,74.9,Zone 6,72.6,Zone 6,77.8,Zone 6
Odisha,Sundergarh,Balishankar,27.6,2026-06-08,02:30:00,,,,2026-06-08 02:41:07,,,,,,,,,,,,,,,,,,,,
Odisha,Sundergarh,Sundergarh,29.5,2026-06-08,02:30:00,51.0,2026-06-07,02:30:00,2026-06-08 02:41:07,30.75,Zone 4,51.3,Zone 5,30.7,Zone 4,40.4,Zone 4,36.0,Zone 4,49.8,Zone 5,40.8,Zone 4,60.1,Zone 5,51.3,Zone 5,62.8,Zone 5
Puducherry,Karaikal,Karaikal,27.7,2026-06-08,02:30:00,99.0,2026-06-07,02:30:00,2026-06-08 02:41:07,34.55000000000001,Zone 4,65.6,Zone 5,33.9,Zone 4,62.1,Zone 5,56.1,Zone 5,65.2,Zone 5,62.6,Zone 5,67.5,Zone 5,65.6,Zone 5,69.1,Zone 5
Puducherry,Mahe,Mahe Jnv,25.9,2026-06-08,02:30:00,100.0,2026-06-07,02:30:00,2026-06-08 02:41:07,29.850000000000023,Zone 4,63.2,Zone 5,30.1,Zone 4,59.2,Zone 5,42.0,Zone 5,62.8,Zone 5,59.8,Zone 5,65.4,Zone 5,63.2,Zone 5,67.4,Zone 5
Puducherry,Puducherry,Puducherry,29.6,2026-06-08,02:15:00,,,,2026-06-08 02:41:07,,,,,,,,,,,,,,,,,,,,
Puducherry,Puducherry,Puducherry Kvk,28.5,2026-06-08,02:30:00,54.0,2026-06-07,02:30:00,2026-06-08 02:41:07,29.650000000000034,Zone 4,48.9,Zone 5,29.6,Zone 4,39.4,Zone 4,34.9,Zone 4,47.4,Zone 5,39.8,Zone 4,59.6,Zone 5,48.9,Zone 5,62.3,Zone 5
Punjab,Bathinda,Bhatinda Amfu,29.9,2026-06-08,02:30:00,,,,2026-06-08 02:41:07,,,,,,,,,,,,,,,,,,,,
Punjab,Fazilka,Fasc Abohar,29.6,2026-06-08,02:30:00,55.0,2026-06-07,02:30:00,2026-06-08 02:41:07,31.350000000000023,Zone 4,55.7,Zone 5,31.2,Zone 4,41.2,Zone 4,36.7,Zone 4,54.2,Zone 5,41.7,Zone 4,61.1,Zone 5,55.7,Zone 5,63.6,Zone 5
Punjab,Fazilka,Fazilka,27.7,2026-06-08,02:30:00,,,,2026-06-08 02:41:07,,,,,,,,,,,,,,,,,,,,
Punjab,Firozpur,Firozpur Kvk,27.6,2026-06-08,02:30:00,54.0,2026-06-07,02:30:00,2026-06-08 02:41:07,28.350000000000023,Zone 4,43.3,Zone 5,28.2,Zone 4,37.8,Zone 4,33.4,Zone 4,42.4,Zone 4,38.2,Zone 4,57.0,Zone 5,43.3,Zone 5,61.3,Zone 5
Punjab,Hoshiarpur,Hosiyarpur,23.4,2026-06-08,02:30:00,56.0,2026-06-07,02:30:00,2026-06-08 02:41:07,23.450000000000045,Zone 3,37.2,Zone 4,23.5,Zone 3,32.7,Zone 4,28.5,Zone 4,37.0,Zone 4,33.0,Zone 4,41.1,Zone 4,37.2,Zone 4,53.8,Zone 5
Punjab,Mohali,Mohali,28.8,2026-06-08,02:30:00,,,,2026-06-08 02:41:07,,,,,,,,,,,,,,,,,,,,
Punjab,Pathankot,Kvk Pathankot,29.2,2026-06-08,02:30:00,,,,2026-06-08 02:41:07,,,,,,,,,,,,,,,,,,,,
Punjab,Pathankot,Thein Dam,27.4,2026-06-08,02:30:00,31.0,2026-06-07,02:30:00,2026-06-08 02:41:07,26.650000000000034,Zone 4,38.9,Zone 4,26.7,Zone 4,34.9,Zone 4,31.1,Zone 4,38.7,Zone 4,35.1,Zone 4,42.3,Zone 4,38.9,Zone 4,50.3,Zone 5
Punjab,Rupnagar,Bhakra Dam Imdnagal,23.4,2026-06-08,02:30:00,60.0,2026-06-07,02:30:00,2026-06-08 02:41:07,23.650000000000034,Zone 3,37.7,Zone 4,23.7,Zone 3,33.1,Zone 4,28.7,Zone 4,37.4,Zone 4,33.3,Zone 4,43.0,Zone 5,37.7,Zone 4,56.3,Zone 5
Punjab,Rupnagar,Sri Anadpur Sahib Imdjindwadi,30.7,2026-06-08,02:30:00,89.0,2026-06-07,02:30:00,2026-06-08 02:41:07,53.05000000000001,Zone 5,68.5,Zone 5,50.3,Zone 5,65.6,Zone 5,62.5,Zone 5,68.1,Zone 5,66.1,Zone 5,70.0,Zone 5,68.5,Zone 5,71.3,Zone 5
Rajasthan,Ajmer,Ajmer,25.6,2026-06-08,02:15:00,,,,2026-06-08 02:41:07,,,,,,,,,,,,,,,,,,,,
Rajasthan,Ajmer,Central University Kishangarh,25.8,2026-06-08,02:30:00,79.0,2026-06-07,02:30:00,2026-06-08 02:41:07,27.650000000000034,Zone 4,58.1,Zone 5,28.0,Zone 4,39.3,Zone 4,34.2,Zone 4,56.6,Zone 5,41.0,Zone 5,61.6,Zone 5,58.1,Zone 5,64.1,Zone 5
Rajasthan,Bikaner,Bikaner Amfu,28.4,2026-06-08,02:30:00,68.0,2026-06-07,02:30:00,2026-06-08 02:41:07,30.950000000000045,Zone 4,60.0,Zone 5,31.2,Zone 4,44.7,Zone 5,37.2,Zone 4,59.6,Zone 5,47.0,Zone 5,62.7,Zone 5,60.0,Zone 5,65.0,Zone 5
Rajasthan,Chittaurgarh,Chittorgarh Kvk,30.3,2026-06-08,02:30:00,,,,2026-06-08 02:41:07,,,,,,,,,,,,,,,,,,,,
Rajasthan,Churu,Churu,28.6,2026-06-08,02:30:00,64.0,2026-06-07,02:30:00,2026-06-08 02:41:07,30.850000000000023,Zone 4,59.0,Zone 5,30.7,Zone 4,41.3,Zone 4,36.5,Zone 4,57.7,Zone 5,42.2,Zone 5,61.8,Zone 5,59.0,Zone 5,64.3,Zone 5
Rajasthan,Dausa,Khedali,26.1,2026-06-08,02:30:00,97.0,2026-06-07,02:30:00,2026-06-08 02:41:07,29.950000000000045,Zone 4,62.6,Zone 5,29.8,Zone 4,57.0,Zone 5,38.8,Zone 5,62.2,Zone 5,59.0,Zone 5,64.9,Zone 5,62.6,Zone 5,66.9,Zone 5
Rajasthan,Dungarpur,Dungarpur Kvk,29.7,2026-06-08,02:30:00,,,,2026-06-08 02:41:07,,,,,,,,,,,,,,,,,,,,
Rajasthan,Jaipur,Amity University,28.8,2026-06-08,02:30:00,65.0,2026-06-07,02:30:00,2026-06-08 02:41:07,31.350000000000023,Zone 4,60.0,Zone 5,31.7,Zone 4,44.7,Zone 5,37.6,Zone 4,59.6,Zone 5,46.9,Zone 5,62.7,Zone 5,60.0,Zone 5,65.0,Zone 5
Rajasthan,Jaisalmer,Jaisalmer,28.5,2026-06-08,02:30:00,72.0,2026-06-07,02:30:00,2026-06-08 02:41:07,31.75,Zone 4,61.0,Zone 5,31.7,Zone 4,49.5,Zone 5,38.0,Zone 4,60.6,Zone 5,51.8,Zone 5,63.6,Zone 5,61.0,Zone 5,65.8,Zone 5
Rajasthan,Jhunjhunu,Jhunjhunu(Aws),28.9,2026-06-08,02:30:00,51.0,2026-06-07,02:30:00,2026-06-08 02:41:07,29.850000000000023,Zone 4,48.4,Zone 5,30.0,Zone 4,39.6,Zone 4,35.2,Zone 4,47.0,Zone 5,40.0,Zone 4,59.5,Zone 5,48.4,Zone 5,62.3,Zone 5
Rajasthan,Jhunjhunu,Pilani,24.9,2026-06-08,02:30:00,35.0,2026-06-07,02:30:00,2026-06-08 02:41:07,24.150000000000034,Zone 3,36.7,Zone 4,24.2,Zone 3,32.7,Zone 4,28.8,Zone 4,36.6,Zone 4,32.9,Zone 4,40.2,Zone 4,36.7,Zone 4,44.8,Zone 5
Rajasthan,Jodhpur,Jodhpur,34.4,2026-06-08,02:30:00,56.0,2026-06-07,02:30:00,2026-06-08 02:41:07,41.35000000000002,Zone 4,65.7,Zone 5,41.6,Zone 4,62.2,Zone 5,56.7,Zone 5,65.3,Zone 5,62.7,Zone 5,67.6,Zone 5,65.7,Zone 5,69.2,Zone 5
Rajasthan,Karauli,Karauli Kvk,28.9,2026-06-08,02:30:00,,,,2026-06-08 02:41:07,,,,,,,,,,,,,,,,,,,,
Rajasthan,Nagaur,Krishi Vishwavidhyalaya,26.2,2026-06-08,02:15:00,,,,2026-06-08 02:41:07,,,,,,,,,,,,,,,,,,,,
Rajasthan,Pali,Pali,32.8,2026-06-08,02:30:00,57.0,2026-06-07,02:30:00,2026-06-08 02:41:07,37.75,Zone 4,63.8,Zone 5,38.2,Zone 4,59.9,Zone 5,45.2,Zone 5,63.4,Zone 5,60.4,Zone 5,65.9,Zone 5,63.8,Zone 5,67.8,Zone 5
Rajasthan,Pratapgarh,Pratapgarh,28.8,2026-06-08,02:30:00,64.0,2026-06-07,02:30:00,2026-06-08 02:41:07,31.150000000000034,Zone 4,59.8,Zone 5,31.5,Zone 4,43.5,Zone 5,37.4,Zone 4,59.4,Zone 5,45.7,Zone 5,62.5,Zone 5,59.8,Zone 5,64.8,Zone 5
Rajasthan,Sikar,Fatehpur Amfu,27.2,2026-06-08,02:15:00,,,,2026-06-08 02:41:07,,,,,,,,,,,,,,,,,,,,
Rajasthan,Sirohi,Mount Abu,23.1,2026-06-08,02:30:00,92.0,2026-06-07,02:30:00,2026-06-08 02:41:07,24.55000000000001,Zone 3,49.7,Zone 5,24.5,Zone 3,35.4,Zone 4,30.3,Zone 4,48.2,Zone 5,36.0,Zone 4,59.8,Zone 5,49.7,Zone 5,62.5,Zone 5
Rajasthan,Sirohi,Sirohi Kvk,27.2,2026-06-08,02:30:00,57.0,2026-06-07,02:30:00,2026-06-08 02:41:07,28.05000000000001,Zone 4,43.5,Zone 5,27.8,Zone 4,37.5,Zone 4,33.0,Zone 4,42.2,Zone 5,37.9,Zone 4,57.2,Zone 5,43.5,Zone 5,61.4,Zone 5
Rajasthan,Sri Ganganagar,Gharsana,29.4,2026-06-08,01:45:00,,,,2026-06-08 02:41:07,,,,,,,,,,,,,,,,,,,,
Sikkim,Gangtok,Gangtok,18.1,2026-06-08,02:30:00,100.0,2026-06-07,02:30:00,2026-06-08 02:41:07,19.150000000000034,Zone 3,33.6,Zone 4,19.1,Zone 3,28.6,Zone 4,24.4,Zone 3,33.3,Zone 4,28.9,Zone 4,40.2,Zone 5,33.6,Zone 4,53.7,Zone 5
Sikkim,Namchi,Namchi,19.6,2026-06-08,02:30:00,98.0,2026-06-07,02:30:00,2026-06-08 02:41:07,20.950000000000045,Zone 3,35.7,Zone 4,20.8,Zone 3,30.4,Zone 4,25.6,Zone 4,35.4,Zone 4,30.8,Zone 4,46.9,Zone 5,35.7,Zone 4,59.1,Zone 5
Sikkim,Soreng,Soreng,19.1,2026-06-08,02:30:00,100.0,2026-06-07,02:30:00,2026-06-08 02:41:07,20.450000000000045,Zone 3,35.1,Zone 4,20.3,Zone 3,29.9,Zone 4,25.1,Zone 3,34.8,Zone 4,30.2,Zone 4,45.3,Zone 5,35.1,Zone 4,58.2,Zone 5
Tamil Nadu,Ariyalur,Ariyalur,27.3,2026-06-08,02:30:00,69.0,2026-06-07,02:30:00,2026-06-08 02:41:07,29.25,Zone 4,58.1,Zone 5,29.6,Zone 4,40.4,Zone 4,35.5,Zone 4,56.7,Zone 5,41.1,Zone 5,61.6,Zone 5,58.1,Zone 5,64.1,Zone 5
Tamil Nadu,Chennai,Anna University,29.7,2026-06-08,02:00:00,,,,2026-06-08 02:41:07,,,,,,,,,,,,,,,,,,,,
Tamil Nadu,Chennai,Chennai,30.4,2026-06-08,02:15:00,,,,2026-06-08 02:41:07,,,,,,,,,,,,,,,,,,,,
Tamil Nadu,Chennai,Ennore Port,30.0,2026-06-08,02:30:00,64.0,2026-06-07,02:30:00,2026-06-08 02:41:07,33.35000000000002,Zone 4,61.3,Zone 5,33.4,Zone 4,50.7,Zone 5,39.5,Zone 4,60.9,Zone 5,53.0,Zone 5,63.8,Zone 5,61.3,Zone 5,65.9,Zone 5
Tamil Nadu,Chennai,Meenambakkam Isro,28.8,2026-06-08,02:30:00,69.0,2026-06-07,02:30:00,2026-06-08 02:41:07,31.850000000000023,Zone 4,61.1,Zone 5,32.2,Zone 4,49.6,Zone 5,38.5,Zone 4,60.7,Zone 5,52.0,Zone 5,63.6,Zone 5,61.1,Zone 5,65.8,Zone 5
Tamil Nadu,Chennai,Niot Pallikaranai,29.8,2026-06-08,02:15:00,,,,2026-06-08 02:41:07,,,,,,,,,,,,,,,,,,,,
Tamil Nadu,Coimbatore,Coimbatore Amfu,23.4,2026-06-08,02:30:00,89.0,2026-06-07,02:30:00,2026-06-08 02:41:07,24.850000000000023,Zone 3,50.7,Zone 5,24.9,Zone 3,36.0,Zone 4,30.9,Zone 4,49.1,Zone 5,36.5,Zone 4,60.0,Zone 5,50.7,Zone 5,62.7,Zone 5
Tamil Nadu,Coimbatore,P N Palayam,24.5,2026-06-08,02:15:00,,,,2026-06-08 02:41:07,,,,,,,,,,,,,,,,,,,,
Tamil Nadu,Coimbatore,Upasi Tea Research Foundation,20.8,2026-06-08,02:30:00,62.0,2026-06-07,02:30:00,2026-06-08 02:41:07,20.650000000000034,Zone 3,34.7,Zone 4,20.9,Zone 3,30.3,Zone 4,26.0,Zone 4,34.5,Zone 4,30.5,Zone 4,38.5,Zone 4,34.7,Zone 4,47.3,Zone 5
Tamil Nadu,Cuddalore,Neyveli,28.3,2026-06-08,02:30:00,66.0,2026-06-07,02:30:00,2026-06-08 02:41:07,30.55000000000001,Zone 4,59.5,Zone 5,30.9,Zone 4,42.4,Zone 5,36.9,Zone 4,59.1,Zone 5,44.6,Zone 5,62.3,Zone 5,59.5,Zone 5,64.6,Zone 5
Tamil Nadu,Cuddalore,Vridha Chalam,28.1,2026-06-08,02:30:00,61.0,2026-06-07,02:30:00,2026-06-08 02:41:07,29.75,Zone 4,53.4,Zone 5,29.6,Zone 4,39.8,Zone 4,35.1,Zone 4,51.9,Zone 5,40.3,Zone 4,60.6,Zone 5,53.4,Zone 5,63.2,Zone 5
Tamil Nadu,Dharmapuri,Palacode,26.9,2026-06-08,02:30:00,60.0,2026-06-07,02:30:00,2026-06-08 02:41:07,27.850000000000023,Zone 4,46.5,Zone 5,28.0,Zone 4,38.0,Zone 4,33.4,Zone 4,45.0,Zone 5,38.4,Zone 4,59.1,Zone 5,46.5,Zone 5,61.9,Zone 5
Tamil Nadu,Dindigul,Natham Isro,24.9,2026-06-08,02:30:00,70.0,2026-06-07,02:30:00,2026-06-08 02:41:07,25.75,Zone 4,44.1,Zone 5,25.9,Zone 4,36.2,Zone 4,31.5,Zone 4,42.7,Zone 5,36.6,Zone 4,57.6,Zone 5,44.1,Zone 5,61.5,Zone 5
Tamil Nadu,Dindigul,Palani,24.0,2026-06-08,02:30:00,80.0,2026-06-07,02:30:00,2026-06-08 02:41:07,25.150000000000034,Zone 3,46.5,Zone 5,25.1,Zone 3,35.8,Zone 4,30.9,Zone 4,45.0,Zone 5,36.2,Zone 4,59.1,Zone 5,46.5,Zone 5,61.9,Zone 5
Tamil Nadu,Dindigul,Vedasandur,25.9,2026-06-08,02:30:00,74.0,2026-06-07,02:30:00,2026-06-08 02:41:07,27.450000000000045,Zone 4,53.8,Zone 5,27.6,Zone 4,38.5,Zone 4,33.5,Zone 4,52.3,Zone 5,39.0,Zone 4,60.7,Zone 5,53.8,Zone 5,63.2,Zone 5
Tamil Nadu,Erode,Erode Isro,27.0,2026-06-08,02:30:00,73.0,2026-06-07,02:30:00,2026-06-08 02:41:07,29.150000000000034,Zone 4,58.8,Zone 5,29.1,Zone 4,40.2,Zone 4,35.2,Zone 4,57.4,Zone 5,41.9,Zone 5,61.8,Zone 5,58.8,Zone 5,64.2,Zone 5
Tamil Nadu,Kallakurichi,Kallakurichi,32.1,2026-06-08,02:30:00,60.0,2026-06-07,02:30:00,2026-06-08 02:41:07,36.950000000000045,Zone 4,63.2,Zone 5,36.7,Zone 4,59.1,Zone 5,43.0,Zone 4,62.8,Zone 5,59.7,Zone 5,65.4,Zone 5,63.2,Zone 5,67.3,Zone 5
Tamil Nadu,Kallakurichi,Kallakurichi(Taluk Office),27.6,2026-06-08,02:30:00,60.0,2026-06-07,02:30:00,2026-06-08 02:41:07,28.850000000000023,Zone 4,49.4,Zone 5,28.7,Zone 4,38.8,Zone 4,34.2,Zone 4,47.9,Zone 5,39.2,Zone 4,59.7,Zone 5,49.4,Zone 5,62.4,Zone 5
Tamil Nadu,Kallakurichi,Thirukoilur,28.4,2026-06-08,02:30:00,62.0,2026-06-07,02:30:00,2026-06-08 02:41:07,30.25,Zone 4,57.2,Zone 5,30.5,Zone 4,40.9,Zone 4,36.1,Zone 4,55.8,Zone 5,41.4,Zone 4,61.4,Zone 5,57.2,Zone 5,63.9,Zone 5
Tamil Nadu,Kanchipuram,Acs Medical College,31.0,2026-06-08,02:30:00,76.0,2026-06-07,02:30:00,2026-06-08 02:41:07,38.55000000000001,Zone 4,66.0,Zone 5,38.6,Zone 4,62.6,Zone 5,58.5,Zone 5,65.7,Zone 5,63.1,Zone 5,67.8,Zone 5,66.0,Zone 5,69.5,Zone 5
Tamil Nadu,Kanchipuram,Chembarambakkam,29.3,2026-06-08,02:30:00,79.0,2026-06-07,02:30:00,2026-06-08 02:41:07,34.650000000000034,Zone 4,64.4,Zone 5,35.2,Zone 4,60.6,Zone 5,48.7,Zone 5,64.0,Zone 5,61.1,Zone 5,66.4,Zone 5,64.4,Zone 5,68.2,Zone 5
Tamil Nadu,Kanchipuram,Hindustan University,29.4,2026-06-08,01:45:00,,,,2026-06-08 02:41:07,,,,,,,,,,,,,,,,,,,,
Tamil Nadu,Kanchipuram,Kanchipuram Isro,30.2,2026-06-08,02:30:00,20.0,2026-06-07,02:30:00,2026-06-08 02:41:07,28.75,Zone 4,39.8,Zone 4,28.5,Zone 4,36.1,Zone 4,32.5,Zone 4,39.7,Zone 4,36.3,Zone 4,43.1,Zone 4,39.8,Zone 4,48.4,Zone 5
Tamil Nadu,Kanchipuram,Sathyabama  University,29.0,2026-06-08,02:30:00,90.0,2026-06-07,02:30:00,2026-06-08 02:41:07,36.450000000000045,Zone 4,66.2,Zone 5,36.4,Zone 4,62.7,Zone 5,59.1,Zone 5,65.8,Zone 5,63.3,Zone 5,68.0,Zone 5,66.2,Zone 5,69.6,Zone 5
Tamil Nadu,Kanyakumari,Nagercoil,20.2,2026-06-08,02:30:00,86.0,2026-06-07,02:30:00,2026-06-08 02:41:07,21.05000000000001,Zone 3,35.4,Zone 4,20.9,Zone 3,30.4,Zone 4,25.8,Zone 4,35.1,Zone 4,30.7,Zone 4,42.7,Zone 5,35.4,Zone 4,56.0,Zone 5
Tamil Nadu,Kanyakumari,Thirupathisaram Amfu,25.9,2026-06-08,02:30:00,99.0,2026-06-07,02:30:00,2026-06-08 02:41:07,29.75,Zone 4,63.0,Zone 5,30.0,Zone 4,58.7,Zone 5,40.9,Zone 5,62.6,Zone 5,59.5,Zone 5,65.2,Zone 5,63.0,Zone 5,67.2,Zone 5
Tamil Nadu,Karur,Kadavur(Taluk Office),27.6,2026-06-08,02:30:00,71.0,2026-06-07,02:30:00,2026-06-08 02:41:07,29.950000000000045,Zone 4,59.2,Zone 5,29.8,Zone 4,41.1,Zone 5,35.8,Zone 4,58.4,Zone 5,43.2,Zone 5,62.0,Zone 5,59.2,Zone 5,64.4,Zone 5
Tamil Nadu,Krishnagiri,Denkanikottai,22.3,2026-06-08,02:30:00,81.0,2026-06-07,02:30:00,2026-06-08 02:41:07,23.25,Zone 3,38.8,Zone 4,23.5,Zone 3,33.5,Zone 4,28.7,Zone 4,38.4,Zone 4,33.9,Zone 4,52.7,Zone 5,38.8,Zone 4,60.3,Zone 5
Tamil Nadu,Krishnagiri,Hosur,21.4,2026-06-08,02:30:00,98.0,2026-06-07,02:30:00,2026-06-08 02:41:07,22.950000000000045,Zone 3,44.3,Zone 5,23.1,Zone 3,33.5,Zone 4,28.3,Zone 4,42.9,Zone 5,33.9,Zone 4,57.8,Zone 5,44.3,Zone 5,61.5,Zone 5
Tamil Nadu,Krishnagiri,Paiyur Amfu,26.6,2026-06-08,02:30:00,,,,2026-06-08 02:41:07,,,,,,,,,,,,,,,,,,,,
Tamil Nadu,Krishnagiri,Pochampalli,26.4,2026-06-08,02:30:00,74.0,2026-06-07,02:30:00,2026-06-08 02:41:07,28.25,Zone 4,56.8,Zone 5,28.4,Zone 4,39.4,Zone 4,34.4,Zone 4,55.3,Zone 5,40.0,Zone 4,61.3,Zone 5,56.8,Zone 5,63.8,Zone 5
Tamil Nadu,Madurai,Madurai Isro,27.2,2026-06-08,02:30:00,,,,2026-06-08 02:41:07,,,,,,,,,,,,,,,,,,,,
Tamil Nadu,Mayiladuthurai,Mayiladuthurai,28.0,2026-06-08,02:30:00,,,,2026-06-08 02:41:07,,,,,,,,,,,,,,,,,,,,
Tamil Nadu,Nagapattinam,Mo Nagapattinam Campus,28.3,2026-06-08,01:45:00,,,,2026-06-08 02:41:07,,,,,,,,,,,,,,,,,,,,
Tamil Nadu,Nagapattinam,Vedharanyam,27.9,2026-06-08,02:30:00,85.0,2026-06-07,02:30:00,2026-06-08 02:41:07,32.35000000000002,Zone 4,63.3,Zone 5,32.6,Zone 4,59.3,Zone 5,42.6,Zone 5,62.9,Zone 5,59.9,Zone 5,65.5,Zone 5,63.3,Zone 5,67.5,Zone 5
Tamil Nadu,Nctpl Marg Ecr,New Chennai Township Private L,28.2,2026-06-08,02:30:00,77.0,2026-06-07,02:30:00,2026-06-08 02:41:07,31.850000000000023,Zone 4,61.5,Zone 5,31.4,Zone 4,51.6,Zone 5,38.0,Zone 4,61.0,Zone 5,53.9,Zone 5,63.9,Zone 5,61.5,Zone 5,66.1,Zone 5
Tamil Nadu,Perambalur,Perambalur,25.8,2026-06-08,02:30:00,61.0,2026-06-07,02:30:00,2026-06-08 02:41:07,26.450000000000045,Zone 4,41.8,Zone 5,26.7,Zone 4,36.6,Zone 4,32.0,Zone 4,41.2,Zone 4,36.9,Zone 4,55.8,Zone 5,41.8,Zone 5,61.0,Zone 5
Tamil Nadu,Ramanathapuram,Ramnadu Kvk,28.5,2026-06-08,02:30:00,,,,2026-06-08 02:41:07,,,,,,,,,,,,,,,,,,,,
Tamil Nadu,Ranipet,Kalavai,29.9,2026-06-08,02:30:00,53.0,2026-06-07,02:30:00,2026-06-08 02:41:07,31.55000000000001,Zone 4,56.3,Zone 5,31.7,Zone 4,41.7,Zone 4,37.1,Zone 4,54.8,Zone 5,42.2,Zone 4,61.2,Zone 5,56.3,Zone 5,63.7,Zone 5
Tamil Nadu,Salem,Govt Hss Mettur,26.8,2026-06-08,02:15:00,,,,2026-06-08 02:41:07,,,,,,,,,,,,,,,,,,,,
Tamil Nadu,Salem,Sandhiyur Kvk,26.2,2026-06-08,02:30:00,57.0,2026-06-07,02:30:00,2026-06-08 02:41:07,26.75,Zone 4,40.9,Zone 4,26.5,Zone 4,36.1,Zone 4,31.6,Zone 4,40.6,Zone 4,36.4,Zone 4,52.6,Zone 5,40.9,Zone 4,60.3,Zone 5
Tamil Nadu,Salem,Vazhapadi,26.6,2026-06-08,02:30:00,,,,2026-06-08 02:41:07,,,,,,,,,,,,,,,,,,,,
Tamil Nadu,Sivaganga,Sethu Bhaskar Agri College Kar,28.2,2026-06-08,02:30:00,77.0,2026-06-07,02:30:00,2026-06-08 02:41:07,31.850000000000023,Zone 4,61.5,Zone 5,31.4,Zone 4,51.6,Zone 5,38.0,Zone 4,61.0,Zone 5,53.9,Zone 5,63.9,Zone 5,61.5,Zone 5,66.1,Zone 5
Tamil Nadu,Tenkasi,Tenkasi,24.8,2026-06-08,02:15:00,,,,2026-06-08 02:41:07,,,,,,,,,,,,,,,,,,,,
Tamil Nadu,Thanjavur,Adiramapattinam,28.6,2026-06-08,02:00:00,,,,2026-06-08 02:41:07,,,,,,,,,,,,,,,,,,,,
Tamil Nadu,The Nilgiris,Coonoor,18.2,2026-06-08,02:15:00,,,,2026-06-08 02:41:07,,,,,,,,,,,,,,,,,,,,
Tamil Nadu,Thiruninravur,Jaya Engineering Clg,30.0,2026-06-08,02:30:00,,,,2026-06-08 02:41:07,,,,,,,,,,,,,,,,,,,,
Tamil Nadu,Thoothukudi,Sattankulam,26.4,2026-06-08,02:30:00,91.0,2026-06-07,02:30:00,2026-06-08 02:41:07,29.950000000000045,Zone 4,62.2,Zone 5,30.1,Zone 4,55.0,Zone 5,37.3,Zone 4,61.8,Zone 5,57.2,Zone 5,64.5,Zone 5,62.2,Zone 5,66.6,Zone 5
Tamil Nadu,Thoothukudi,Thiruchendur,27.6,2026-06-08,02:30:00,98.0,2026-06-07,02:30:00,2026-06-08 02:41:07,33.950000000000045,Zone 4,65.4,Zone 5,33.7,Zone 4,61.8,Zone 5,54.9,Zone 5,65.0,Zone 5,62.4,Zone 5,67.3,Zone 5,65.4,Zone 5,69.0,Zone 5
Tamil Nadu,Thoothukudi,Tuticorin Airport,27.7,2026-06-08,02:30:00,77.0,2026-06-07,02:30:00,2026-06-08 02:41:07,30.850000000000023,Zone 4,60.7,Zone 5,30.5,Zone 4,47.7,Zone 5,36.9,Zone 4,60.3,Zone 5,50.0,Zone 5,63.2,Zone 5,60.7,Zone 5,65.5,Zone 5
Tamil Nadu,Thoothukudi,Tuticorin Railway Station,27.8,2026-06-08,02:30:00,75.0,2026-06-07,02:30:00,2026-06-08 02:41:07,30.75,Zone 4,61.0,Zone 5,31.2,Zone 4,49.2,Zone 5,37.6,Zone 4,60.6,Zone 5,51.6,Zone 5,63.5,Zone 5,61.0,Zone 5,65.7,Zone 5
Tamil Nadu,Tiruchirappalli,Thuvakudi Isro,27.5,2026-06-08,02:30:00,72.0,2026-06-07,02:30:00,2026-06-08 02:41:07,29.850000000000023,Zone 4,59.5,Zone 5,29.9,Zone 4,42.2,Zone 5,36.0,Zone 4,59.1,Zone 5,44.3,Zone 5,62.2,Zone 5,59.5,Zone 5,64.6,Zone 5
Tamil Nadu,Tirunelveli,Radhapuram,26.0,2026-06-08,02:30:00,96.0,2026-06-07,02:30:00,2026-06-08 02:41:07,29.650000000000034,Zone 4,62.4,Zone 5,29.6,Zone 4,56.0,Zone 5,37.8,Zone 5,62.0,Zone 5,58.2,Zone 5,64.7,Zone 5,62.4,Zone 5,66.8,Zone 5
Tamil Nadu,Tirunelveli,Tirunelveli,26.8,2026-06-08,02:30:00,80.0,2026-06-07,02:30:00,2026-06-08 02:41:07,29.450000000000045,Zone 4,60.6,Zone 5,29.9,Zone 4,47.2,Zone 5,36.3,Zone 4,60.2,Zone 5,49.5,Zone 5,63.2,Zone 5,60.6,Zone 5,65.4,Zone 5
Tamil Nadu,Tirupattur,Tirupattur Collectoroffice,27.5,2026-06-08,02:30:00,,,,2026-06-08 02:41:07,,,,,,,,,,,,,,,,,,,,
Tamil Nadu,Tirupattur,Yelagiri Hill,,,,61.0,2026-06-07,02:30:00,2026-06-08 02:41:07,,,,,,,,,,,,,,,,,,,,
Tamil Nadu,Tiruppur,Tiruppur Collector Office,25.8,2026-06-08,02:30:00,87.0,2026-06-07,02:30:00,2026-06-08 02:41:07,28.350000000000023,Zone 4,60.5,Zone 5,28.7,Zone 4,46.9,Zone 5,35.4,Zone 4,60.1,Zone 5,49.2,Zone 5,63.1,Zone 5,60.5,Zone 5,65.4,Zone 5
Tamil Nadu,Tiruvallur,Good Will School Villivakkam,30.9,2026-06-08,02:30:00,62.0,2026-06-07,02:30:00,2026-06-08 02:41:07,34.85000000000002,Zone 4,62.2,Zone 5,35.0,Zone 4,55.4,Zone 5,41.2,Zone 4,61.8,Zone 5,57.5,Zone 5,64.6,Zone 5,62.2,Zone 5,66.7,Zone 5
Tamil Nadu,Tiruvallur,Poonamallee,29.2,2026-06-08,02:30:00,70.0,2026-06-07,02:30:00,2026-06-08 02:41:07,32.75,Zone 4,61.3,Zone 5,32.4,Zone 4,50.9,Zone 5,38.7,Zone 4,60.9,Zone 5,53.2,Zone 5,63.8,Zone 5,61.3,Zone 5,66.0,Zone 5
Tamil Nadu,Tiruvallur,R.K.Pet,29.4,2026-06-08,02:30:00,62.0,2026-06-07,02:30:00,2026-06-08 02:41:07,31.950000000000045,Zone 4,60.0,Zone 5,32.1,Zone 4,44.5,Zone 5,38.0,Zone 4,59.6,Zone 5,46.8,Zone 5,62.7,Zone 5,60.0,Zone 5,65.0,Zone 5
Tamil Nadu,Tiruvallur,Tirur Kvk,29.2,2026-06-08,02:30:00,,,,2026-06-08 02:41:07,,,,,,,,,,,,,,,,,,,,
Tamil Nadu,Tiruvannamalai,Cheyyar,29.1,2026-06-08,02:30:00,71.0,2026-06-07,02:30:00,2026-06-08 02:41:07,32.75,Zone 4,61.6,Zone 5,32.5,Zone 4,52.1,Zone 5,38.9,Zone 4,61.2,Zone 5,54.4,Zone 5,64.0,Zone 5,61.6,Zone 5,66.1,Zone 5
Tamil Nadu,Tiruvannamalai,Tiruvannamalai Isro,28.5,2026-06-08,02:30:00,56.0,2026-06-07,02:30:00,2026-06-08 02:41:07,29.850000000000023,Zone 4,51.1,Zone 5,29.8,Zone 4,39.7,Zone 4,35.2,Zone 4,49.6,Zone 5,40.2,Zone 4,60.1,Zone 5,51.1,Zone 5,62.7,Zone 5
Tamil Nadu,Vellore,Virinjipuram Kvk,28.6,2026-06-08,02:30:00,6.0,2026-06-07,02:30:00,2026-06-08 02:41:07,26.450000000000045,Zone 4,36.6,Zone 4,26.4,Zone 4,33.4,Zone 4,30.0,Zone 4,36.6,Zone 4,33.4,Zone 4,39.7,Zone 4,36.6,Zone 4,42.7,Zone 4
Tamil Nadu,Viluppuram,Mailam,29.0,2026-06-08,02:15:00,,,,2026-06-08 02:41:07,,,,,,,,,,,,,,,,,,,,
Tamil Nadu,Virudhunagar,Aruppukottai Kvk,28.4,2026-06-08,02:30:00,66.0,2026-06-07,02:30:00,2026-06-08 02:41:07,30.75,Zone 4,59.5,Zone 5,30.9,Zone 4,42.4,Zone 5,36.9,Zone 4,59.1,Zone 5,44.6,Zone 5,62.3,Zone 5,59.5,Zone 5,64.6,Zone 5
Telangana,Adilabad,Adilabad Kvk,32.3,2026-06-08,02:30:00,43.0,2026-06-07,02:30:00,2026-06-08 02:41:07,33.75,Zone 4,57.8,Zone 5,34.1,Zone 4,43.5,Zone 4,39.2,Zone 4,56.4,Zone 5,44.0,Zone 4,61.6,Zone 5,57.8,Zone 5,64.0,Zone 5
Telangana,Hanumakonda,Hanumakonda,29.5,2026-06-08,02:30:00,,,,2026-06-08 02:41:07,,,,,,,,,,,,,,,,,,,,
Telangana,Hyderabad,Golkonda,27.1,2026-06-08,02:15:00,,,,2026-06-08 02:41:07,,,,,,,,,,,,,,,,,,,,
Telangana,Hyderabad,Hyderabad,26.1,2026-06-08,02:30:00,59.0,2026-06-07,02:30:00,2026-06-08 02:41:07,26.75,Zone 4,41.2,Zone 4,26.6,Zone 4,36.3,Zone 4,31.8,Zone 4,40.9,Zone 4,36.7,Zone 4,54.2,Zone 5,41.2,Zone 4,60.7,Zone 5
Telangana,Jogulamba Gadwal,Jurala Cwc,26.1,2026-06-08,02:30:00,64.0,2026-06-07,02:30:00,2026-06-08 02:41:07,27.05000000000001,Zone 4,44.5,Zone 5,26.9,Zone 4,37.0,Zone 4,32.3,Zone 4,43.1,Zone 5,37.4,Zone 4,58.0,Zone 5,44.5,Zone 5,61.5,Zone 5
Telangana,Kamareddy,Nagireddypet,26.5,2026-06-08,02:30:00,76.0,2026-06-07,02:30:00,2026-06-08 02:41:07,28.55000000000001,Zone 4,58.5,Zone 5,28.6,Zone 4,39.8,Zone 4,34.7,Zone 4,57.1,Zone 5,41.5,Zone 5,61.7,Zone 5,58.5,Zone 5,64.1,Zone 5
Telangana,Karimnagar,Karimnagar,26.9,2026-06-08,02:30:00,77.0,2026-06-07,02:30:00,2026-06-08 02:41:07,29.350000000000023,Zone 4,59.9,Zone 5,29.5,Zone 4,43.9,Zone 5,35.8,Zone 4,59.5,Zone 5,46.2,Zone 5,62.6,Zone 5,59.9,Zone 5,64.9,Zone 5
Telangana,Khammam,Khammam,26.3,2026-06-08,02:30:00,97.0,2026-06-07,02:30:00,2026-06-08 02:41:07,30.450000000000045,Zone 4,63.5,Zone 5,30.9,Zone 4,59.5,Zone 5,43.3,Zone 5,63.0,Zone 5,60.0,Zone 5,65.6,Zone 5,63.5,Zone 5,67.5,Zone 5
Telangana,Khammam,Wyra Kvk,24.8,2026-06-08,02:30:00,100.0,2026-06-07,02:30:00,2026-06-08 02:41:07,27.55000000000001,Zone 4,61.5,Zone 5,28.0,Zone 4,51.8,Zone 5,35.2,Zone 4,61.1,Zone 5,54.1,Zone 5,64.0,Zone 5,61.5,Zone 5,66.1,Zone 5
Telangana,Kumuram Bheem Asifabad ,Asifabad,31.8,2026-06-08,02:30:00,51.0,2026-06-07,02:30:00,2026-06-08 02:41:07,34.35000000000002,Zone 4,60.5,Zone 5,34.7,Zone 4,47.0,Zone 5,40.3,Zone 4,60.1,Zone 5,49.2,Zone 5,63.1,Zone 5,60.5,Zone 5,65.4,Zone 5
Telangana,Mahbubnagar,Mahbubnagar,25.8,2026-06-08,02:30:00,73.0,2026-06-07,02:30:00,2026-06-08 02:41:07,27.25,Zone 4,52.9,Zone 5,27.5,Zone 4,38.3,Zone 4,33.4,Zone 4,51.4,Zone 5,38.8,Zone 4,60.5,Zone 5,52.9,Zone 5,63.1,Zone 5
Telangana,Medak,Ars Basanthpur,23.6,2026-06-08,01:45:00,,,,2026-06-08 02:41:07,,,,,,,,,,,,,,,,,,,,
Telangana,Medak,Ars Narsapur,24.4,2026-06-08,02:30:00,78.0,2026-06-07,02:30:00,2026-06-08 02:41:07,25.55000000000001,Zone 4,48.0,Zone 5,25.7,Zone 4,36.4,Zone 4,31.5,Zone 4,46.4,Zone 5,36.8,Zone 4,59.4,Zone 5,48.0,Zone 5,62.2,Zone 5
Telangana,Medak,Medak,26.5,2026-06-08,02:30:00,69.0,2026-06-07,02:30:00,2026-06-08 02:41:07,28.05000000000001,Zone 4,52.3,Zone 5,28.0,Zone 4,38.5,Zone 4,33.7,Zone 4,50.7,Zone 5,39.0,Zone 4,60.3,Zone 5,52.3,Zone 5,63.0,Zone 5
Telangana,Nirmal ,Bhainsa Arg,28.3,2026-06-08,02:30:00,81.0,2026-06-07,02:30:00,2026-06-08 02:41:07,32.650000000000034,Zone 4,63.2,Zone 5,33.1,Zone 4,59.2,Zone 5,42.0,Zone 5,62.8,Zone 5,59.7,Zone 5,65.4,Zone 5,63.2,Zone 5,67.4,Zone 5
Telangana,Peddapalli,Ars Peddapally,29.9,2026-06-08,02:30:00,60.0,2026-06-07,02:30:00,2026-06-08 02:41:07,32.55000000000001,Zone 4,60.2,Zone 5,32.7,Zone 4,45.5,Zone 5,38.6,Zone 4,59.8,Zone 5,47.8,Zone 5,62.8,Zone 5,60.2,Zone 5,65.1,Zone 5
Telangana,Peddapalli,Kunaram,32.0,2026-06-08,02:30:00,30.0,2026-06-07,02:30:00,2026-06-08 02:41:07,31.55000000000001,Zone 4,44.1,Zone 4,31.6,Zone 4,39.8,Zone 4,36.0,Zone 4,43.8,Zone 4,40.1,Zone 4,52.8,Zone 5,44.1,Zone 4,60.4,Zone 5
Telangana,Rajanna Sircilla,Sircilla,28.5,2026-06-08,02:30:00,59.0,2026-06-07,02:30:00,2026-06-08 02:41:07,30.150000000000034,Zone 4,54.3,Zone 5,30.1,Zone 4,40.3,Zone 4,35.6,Zone 4,52.7,Zone 5,40.8,Zone 4,60.8,Zone 5,54.3,Zone 5,63.3,Zone 5
Telangana,Ranga Reddy,Dullapally,31.9,2026-06-08,02:30:00,64.0,2026-06-07,02:30:00,2026-06-08 02:41:07,37.55000000000001,Zone 4,64.3,Zone 5,37.8,Zone 4,60.5,Zone 5,48.5,Zone 5,63.9,Zone 5,61.1,Zone 5,66.4,Zone 5,64.3,Zone 5,68.2,Zone 5
Telangana,Ranga Reddy,Esci Gachibowli,24.3,2026-06-08,02:30:00,81.0,2026-06-07,02:30:00,2026-06-08 02:41:07,25.55000000000001,Zone 4,50.5,Zone 5,25.8,Zone 4,36.8,Zone 4,31.8,Zone 4,49.0,Zone 5,37.3,Zone 4,60.0,Zone 5,50.5,Zone 5,62.6,Zone 5
Telangana,Ranga Reddy,Ghatkesar,26.2,2026-06-08,02:30:00,73.0,2026-06-07,02:30:00,2026-06-08 02:41:07,27.850000000000023,Zone 4,52.9,Zone 5,27.5,Zone 4,38.3,Zone 4,33.4,Zone 4,51.4,Zone 5,38.8,Zone 4,60.5,Zone 5,52.9,Zone 5,63.1,Zone 5
Telangana,Ranga Reddy,Hayathnagar,25.3,2026-06-08,02:30:00,81.0,2026-06-07,02:30:00,2026-06-08 02:41:07,27.05000000000001,Zone 4,56.8,Zone 5,27.4,Zone 4,38.6,Zone 4,33.5,Zone 4,55.3,Zone 5,39.5,Zone 5,61.3,Zone 5,56.8,Zone 5,63.8,Zone 5
Telangana,Ranga Reddy,Ibrahimpatam,23.1,2026-06-08,02:15:00,,,,2026-06-08 02:41:07,,,,,,,,,,,,,,,,,,,,
Telangana,Sangareddy,Kandi,25.0,2026-06-08,02:30:00,82.0,2026-06-07,02:30:00,2026-06-08 02:41:07,26.650000000000034,Zone 4,54.6,Zone 5,26.6,Zone 4,37.8,Zone 4,32.7,Zone 4,53.0,Zone 5,38.4,Zone 4,60.8,Zone 5,54.6,Zone 5,63.4,Zone 5
Telangana,Sangareddy,Zaheerabad,23.6,2026-06-08,02:30:00,80.0,2026-06-07,02:30:00,2026-06-08 02:41:07,24.650000000000034,Zone 3,43.4,Zone 5,24.6,Zone 3,34.9,Zone 4,30.1,Zone 4,42.1,Zone 5,35.4,Zone 4,57.1,Zone 5,43.4,Zone 5,61.3,Zone 5
Telangana,Siddipet,Kaveri Siddipet,24.0,2026-06-08,02:30:00,80.0,2026-06-07,02:30:00,2026-06-08 02:41:07,25.150000000000034,Zone 3,46.5,Zone 5,25.1,Zone 3,35.8,Zone 4,30.9,Zone 4,45.0,Zone 5,36.2,Zone 4,59.1,Zone 5,46.5,Zone 5,61.9,Zone 5
Telangana,Suryapet,Suryapet Arg,25.9,2026-06-08,02:30:00,86.0,2026-06-07,02:30:00,2026-06-08 02:41:07,28.450000000000045,Zone 4,60.3,Zone 5,28.6,Zone 4,45.8,Zone 5,35.2,Zone 4,59.9,Zone 5,48.1,Zone 5,62.9,Zone 5,60.3,Zone 5,65.2,Zone 5
Telangana,Vikarabad,Tandur,23.7,2026-06-08,02:30:00,79.0,2026-06-07,02:30:00,2026-06-08 02:41:07,24.75,Zone 3,42.7,Zone 5,24.5,Zone 3,34.8,Zone 4,30.0,Zone 4,41.3,Zone 5,35.3,Zone 4,56.5,Zone 5,42.7,Zone 5,61.2,Zone 5
Telangana,Warangal Rural,Siddhapur,30.4,2026-06-08,02:30:00,52.0,2026-06-07,02:30:00,2026-06-08 02:41:07,32.25,Zone 4,57.8,Zone 5,32.4,Zone 4,42.3,Zone 4,37.8,Zone 4,56.4,Zone 5,42.9,Zone 4,61.6,Zone 5,57.8,Zone 5,64.0,Zone 5
Tripura,Dhalai,Dholai Kvk,27.1,2026-06-08,02:30:00,94.0,2026-06-07,02:30:00,2026-06-08 02:41:07,31.950000000000045,Zone 4,63.7,Zone 5,31.7,Zone 4,59.7,Zone 5,44.5,Zone 5,63.3,Zone 5,60.3,Zone 5,65.8,Zone 5,63.7,Zone 5,67.7,Zone 5
Tripura,Dhalai,Gandachara,26.9,2026-06-08,02:30:00,99.0,2026-06-07,02:30:00,2026-06-08 02:41:07,32.25,Zone 4,64.7,Zone 5,32.5,Zone 4,61.0,Zone 5,51.0,Zone 5,64.3,Zone 5,61.6,Zone 5,66.7,Zone 5,64.7,Zone 5,68.5,Zone 5
Tripura,Khowai,Teliamura,27.8,2026-06-08,02:30:00,98.0,2026-06-07,02:30:00,2026-06-08 02:41:07,34.650000000000034,Zone 4,66.3,Zone 5,35.2,Zone 4,62.9,Zone 5,59.2,Zone 5,65.9,Zone 5,63.4,Zone 5,68.0,Zone 5,66.3,Zone 5,69.6,Zone 5
Tripura,North Tripura,Ashapara,27.3,2026-06-08,02:30:00,100.0,2026-06-07,02:30:00,2026-06-08 02:41:07,33.55000000000001,Zone 4,65.8,Zone 5,34.1,Zone 4,62.3,Zone 5,57.3,Zone 5,65.4,Zone 5,62.9,Zone 5,67.7,Zone 5,65.8,Zone 5,69.3,Zone 5
Tripura,North Tripura,Eden Laouge,24.0,2026-06-08,02:15:00,,,,2026-06-08 02:41:07,,,,,,,,,,,,,,,,,,,,
Tripura,North Tripura,Kamalpur,28.0,2026-06-08,02:30:00,65.0,2026-06-07,02:30:00,2026-06-08 02:41:07,29.950000000000045,Zone 4,57.3,Zone 5,30.0,Zone 4,40.6,Zone 4,35.7,Zone 4,55.8,Zone 5,41.1,Zone 4,61.4,Zone 5,57.3,Zone 5,63.9,Zone 5
Tripura,Sipahijala,Cti,27.2,2026-06-08,02:30:00,100.0,2026-06-07,02:30:00,2026-06-08 02:41:07,33.25,Zone 4,65.0,Zone 5,32.7,Zone 4,61.3,Zone 5,52.3,Zone 5,64.6,Zone 5,61.8,Zone 5,66.9,Zone 5,65.0,Zone 5,68.7,Zone 5
Tripura,Sipahijala,Sipahijala,26.8,2026-06-08,02:30:00,99.0,2026-06-07,02:30:00,2026-06-08 02:41:07,31.950000000000045,Zone 4,64.7,Zone 5,32.5,Zone 4,61.0,Zone 5,51.0,Zone 5,64.3,Zone 5,61.6,Zone 5,66.7,Zone 5,64.7,Zone 5,68.5,Zone 5
Tripura,Sipahijala,Sonamura,30.5,2026-06-08,02:30:00,,,,2026-06-08 02:41:07,,,,,,,,,,,,,,,,,,,,
Tripura,South Tripura,Gokulpur,28.1,2026-06-08,02:30:00,,,,2026-06-08 02:41:07,,,,,,,,,,,,,,,,,,,,
Tripura,South Tripura,Sabroom,26.7,2026-06-08,02:30:00,35.0,2026-06-07,02:30:00,2026-06-08 02:41:07,26.150000000000034,Zone 4,38.3,Zone 4,25.9,Zone 4,34.3,Zone 4,30.4,Zone 4,38.1,Zone 4,34.4,Zone 4,41.8,Zone 4,38.3,Zone 4,50.1,Zone 5
Tripura,Unakoti,Kailashahar,26.7,2026-06-08,02:30:00,100.0,2026-06-07,02:30:00,2026-06-08 02:41:07,31.850000000000023,Zone 4,64.1,Zone 5,31.3,Zone 4,60.2,Zone 5,47.0,Zone 5,63.7,Zone 5,60.8,Zone 5,66.2,Zone 5,64.1,Zone 5,68.0,Zone 5
Tripura,West Tripura,Agartala Airport,27.1,2026-06-08,02:30:00,100.0,2026-06-07,02:30:00,2026-06-08 02:41:07,32.950000000000045,Zone 4,65.0,Zone 5,32.7,Zone 4,61.3,Zone 5,52.3,Zone 5,64.6,Zone 5,61.8,Zone 5,66.9,Zone 5,65.0,Zone 5,68.7,Zone 5
Tripura,West Tripura,A D Nagar Amfu,27.7,2026-06-08,02:30:00,,,,2026-06-08 02:41:07,,,,,,,,,,,,,,,,,,,,
Tripura,West Tripura,Dm Office West Agartala,27.2,2026-06-08,02:30:00,,,,2026-06-08 02:41:07,,,,,,,,,,,,,,,,,,,,
Tripura,West Tripura,Hrc Nagicherra,26.8,2026-06-08,02:30:00,,,,2026-06-08 02:41:07,,,,,,,,,,,,,,,,,,,,
Tripura,West Tripura,Khumluwang,26.7,2026-06-08,02:30:00,,,,2026-06-08 02:41:07,,,,,,,,,,,,,,,,,,,,
Tripura,West Tripura,Met Agartala,26.8,2026-06-08,02:30:00,96.0,2026-06-07,02:30:00,2026-06-08 02:41:07,31.450000000000045,Zone 4,64.1,Zone 5,32.0,Zone 4,60.2,Zone 5,47.1,Zone 5,63.7,Zone 5,60.8,Zone 5,66.2,Zone 5,64.1,Zone 5,68.0,Zone 5
Tripura,West Tripura,Secretariat,27.7,2026-06-08,02:30:00,,,,2026-06-08 02:41:07,,,,,,,,,,,,,,,,,,,,
Uttarakhand,Almora,Chaubatia Ranikhet,17.7,2026-06-08,02:30:00,82.0,2026-06-07,02:30:00,2026-06-08 02:41:07,17.850000000000023,Zone 3,31.8,Zone 4,17.6,Zone 3,27.4,Zone 4,23.6,Zone 3,31.7,Zone 4,27.5,Zone 4,35.8,Zone 4,31.8,Zone 4,43.0,Zone 5
Uttarakhand,Almora,Matela Kvk,17.8,2026-06-08,02:30:00,100.0,2026-06-07,02:30:00,2026-06-08 02:41:07,18.850000000000023,Zone 3,33.6,Zone 4,19.1,Zone 3,28.6,Zone 4,24.4,Zone 3,33.3,Zone 4,28.9,Zone 4,40.2,Zone 5,33.6,Zone 4,53.7,Zone 5
Uttarakhand,Chamoli,Chamoli,17.9,2026-06-08,02:30:00,94.0,2026-06-07,02:30:00,2026-06-08 02:41:07,18.650000000000034,Zone 3,33.2,Zone 4,18.8,Zone 3,28.3,Zone 4,24.2,Zone 3,33.0,Zone 4,28.6,Zone 4,37.5,Zone 5,33.2,Zone 4,50.9,Zone 5
Uttarakhand,Chamoli,Tharali,,,,15.0,2026-06-07,02:30:00,2026-06-08 02:41:07,,,,,,,,,,,,,,,,,,,,
Uttarakhand,Champawat,Champawat,17.5,2026-06-08,02:30:00,,,,2026-06-08 02:41:07,,,,,,,,,,,,,,,,,,,,
Uttarakhand,Dehradun,Dehradun,,,,64.0,2026-06-07,02:30:00,2026-06-08 02:41:07,,,,,,,,,,,,,,,,,,,,
Uttarakhand,Dehradun,Hatibharkala,24.0,2026-06-08,02:30:00,78.0,2026-06-07,02:30:00,2026-06-08 02:41:07,25.05000000000001,Zone 3,44.9,Zone 5,25.0,Zone 3,35.5,Zone 4,30.7,Zone 4,43.4,Zone 5,36.0,Zone 4,58.2,Zone 5,44.9,Zone 5,61.6,Zone 5
Uttarakhand,Dehradun,Jollygrant,25.4,2026-06-08,02:30:00,72.0,2026-06-07,02:30:00,2026-06-08 02:41:07,26.55000000000001,Zone 4,48.9,Zone 5,26.7,Zone 4,37.3,Zone 4,32.4,Zone 4,47.4,Zone 5,37.7,Zone 4,59.6,Zone 5,48.9,Zone 5,62.3,Zone 5
Uttarakhand,Dehradun,Maldevta,24.4,2026-06-08,02:30:00,75.0,2026-06-07,02:30:00,2026-06-08 02:41:07,25.350000000000023,Zone 4,45.4,Zone 5,25.5,Zone 4,36.0,Zone 4,31.2,Zone 4,44.0,Zone 5,36.4,Zone 4,58.6,Zone 5,45.4,Zone 5,61.7,Zone 5
Uttarakhand,Dehradun,Massouri,20.8,2026-06-08,02:30:00,72.0,2026-06-07,02:30:00,2026-06-08 02:41:07,21.150000000000034,Zone 3,35.5,Zone 4,21.4,Zone 3,30.9,Zone 4,26.4,Zone 4,35.3,Zone 4,31.1,Zone 4,39.5,Zone 4,35.5,Zone 4,53.0,Zone 5
Uttarakhand,Dehradun,Mohakampur,24.9,2026-06-08,02:30:00,88.0,2026-06-07,02:30:00,2026-06-08 02:41:07,26.850000000000023,Zone 4,59.1,Zone 5,27.0,Zone 4,40.4,Zone 5,33.5,Zone 4,57.8,Zone 5,42.4,Zone 5,61.9,Zone 5,59.1,Zone 5,64.3,Zone 5
Uttarakhand,Nainital,Mukteshwar,25.0,2026-06-08,02:30:00,,,,2026-06-08 02:41:07,,,,,,,,,,,,,,,,,,,,
Uttarakhand,Nainital,Nainital(Jeolikot) Kvk,21.6,2026-06-08,02:30:00,94.0,2026-06-07,02:30:00,2026-06-08 02:41:07,23.05000000000001,Zone 3,41.6,Zone 5,22.9,Zone 3,33.1,Zone 4,28.1,Zone 4,40.3,Zone 5,33.5,Zone 4,55.5,Zone 5,41.6,Zone 5,61.0,Zone 5
Uttarakhand,Nainital,Th Kosiyakutoli,21.2,2026-06-08,02:30:00,98.0,2026-06-07,02:30:00,2026-06-08 02:41:07,22.75,Zone 3,41.2,Zone 5,22.5,Zone 3,32.6,Zone 4,27.6,Zone 4,40.0,Zone 5,33.1,Zone 4,55.2,Zone 5,41.2,Zone 5,60.9,Zone 5
Uttarakhand,Pauri Garhwal,Bharsar,15.2,2026-06-08,02:30:00,86.0,2026-06-07,02:30:00,2026-06-08 02:41:07,14.850000000000023,Zone 3,29.2,Zone 4,14.6,Zone 3,25.1,Zone 3,21.6,Zone 3,29.2,Zone 4,25.1,Zone 3,33.1,Zone 4,29.2,Zone 4,37.0,Zone 4
Uttarakhand,Pauri Garhwal,Srinagar Arg,23.7,2026-06-08,02:30:00,,,,2026-06-08 02:41:07,,,,,,,,,,,,,,,,,,,,
Uttarakhand,Rudraprayag,Rudra Prayag,20.8,2026-06-08,02:30:00,94.0,2026-06-07,02:30:00,2026-06-08 02:41:07,22.150000000000034,Zone 3,38.8,Zone 5,22.4,Zone 3,32.3,Zone 4,27.4,Zone 4,37.6,Zone 5,32.7,Zone 4,52.8,Zone 5,38.8,Zone 5,60.4,Zone 5
Uttarakhand,Tehri Garhwal,Devprayag,24.1,2026-06-08,02:30:00,73.0,2026-06-07,02:30:00,2026-06-08 02:41:07,24.950000000000045,Zone 3,40.9,Zone 5,24.8,Zone 3,35.0,Zone 4,30.3,Zone 4,39.8,Zone 4,35.4,Zone 4,54.9,Zone 5,40.9,Zone 5,60.8,Zone 5
Uttarakhand,Tehri Garhwal,Rani Chawri,,,,85.0,2026-06-07,02:30:00,2026-06-08 02:41:07,,,,,,,,,,,,,,,,,,,,
Uttarakhand,Udham Singh Nagar,Kashipur Aws400,27.2,2026-06-08,02:30:00,87.0,2026-06-07,02:30:00,2026-06-08 02:41:07,31.150000000000034,Zone 4,62.1,Zone 5,30.7,Zone 4,54.8,Zone 5,37.7,Zone 4,61.7,Zone 5,57.0,Zone 5,64.5,Zone 5,62.1,Zone 5,66.6,Zone 5
Uttarakhand,Uttarkashi,Purola,19.7,2026-06-08,02:30:00,,,,2026-06-08 02:41:07,,,,,,,,,,,,,,,,,,,,
Uttar Pradesh,Agra,Hydrogen Factory Bindukatra,29.9,2026-06-08,02:30:00,74.0,2026-06-07,02:30:00,2026-06-08 02:41:07,35.05000000000001,Zone 4,63.9,Zone 5,35.3,Zone 4,60.0,Zone 5,45.9,Zone 5,63.5,Zone 5,60.6,Zone 5,66.0,Zone 5,63.9,Zone 5,67.9,Zone 5
Uttar Pradesh,Aligarh,Quarsi Farms Quarsi,32.4,2026-06-08,02:30:00,73.0,2026-06-07,02:30:00,2026-06-08 02:41:07,42.55000000000001,Zone 5,67.7,Zone 5,43.7,Zone 5,64.6,Zone 5,61.3,Zone 5,67.3,Zone 5,65.1,Zone 5,69.2,Zone 5,67.7,Zone 5,70.7,Zone 5
Uttar Pradesh,Ambedkar Nagar,Collectorate Office Akbarpur,28.5,2026-06-08,02:30:00,,,,2026-06-08 02:41:07,,,,,,,,,,,,,,,,,,,,
Uttar Pradesh,Amethi,Tala Gram 400Aws,28.2,2026-06-08,02:15:00,,,,2026-06-08 02:41:07,,,,,,,,,,,,,,,,,,,,
Uttar Pradesh,Amroha,Amroha 400Aws,27.4,2026-06-08,02:30:00,70.0,2026-06-07,02:30:00,2026-06-08 02:41:07,29.55000000000001,Zone 4,59.0,Zone 5,29.7,Zone 4,40.6,Zone 4,35.6,Zone 4,57.6,Zone 5,42.1,Zone 5,61.8,Zone 5,59.0,Zone 5,64.3,Zone 5
Uttar Pradesh,Ayodhya,Ayodhya 400Aws,29.6,2026-06-08,02:30:00,72.0,2026-06-07,02:30:00,2026-06-08 02:41:07,33.950000000000045,Zone 4,62.6,Zone 5,33.8,Zone 4,57.0,Zone 5,40.4,Zone 4,62.2,Zone 5,59.0,Zone 5,64.9,Zone 5,62.6,Zone 5,66.9,Zone 5
Uttar Pradesh,Ayodhya,Krishi Vigyan Kendra Kumarganj,,,,77.0,2026-06-07,02:30:00,2026-06-08 02:41:07,,,,,,,,,,,,,,,,,,,,
Uttar Pradesh,Azamgarh,Lalganj Tehsil Office,29.2,2026-06-08,02:30:00,,,,2026-06-08 02:41:07,,,,,,,,,,,,,,,,,,,,
Uttar Pradesh,Bahraich,Bharaich Amfu,,,,84.0,2026-06-07,02:30:00,2026-06-08 02:41:07,,,,,,,,,,,,,,,,,,,,
Uttar Pradesh,Ballia,Ballia  400Aws,28.1,2026-06-08,02:30:00,84.0,2026-06-07,02:30:00,2026-06-08 02:41:07,32.650000000000034,Zone 4,63.1,Zone 5,32.5,Zone 4,59.0,Zone 5,41.4,Zone 5,62.7,Zone 5,59.6,Zone 5,65.3,Zone 5,63.1,Zone 5,67.3,Zone 5
Uttar Pradesh,Banda,Banda 400Aws,28.3,2026-06-08,02:30:00,55.0,2026-06-07,02:30:00,2026-06-08 02:41:07,29.450000000000045,Zone 4,50.0,Zone 5,29.7,Zone 4,39.5,Zone 4,35.0,Zone 4,48.5,Zone 5,40.0,Zone 4,59.9,Zone 5,50.0,Zone 5,62.5,Zone 5
Uttar Pradesh,Barabanki,Barabanki 400Aws,27.8,2026-06-08,02:30:00,87.0,2026-06-07,02:30:00,2026-06-08 02:41:07,32.450000000000045,Zone 4,63.8,Zone 5,33.0,Zone 4,59.9,Zone 5,45.3,Zone 5,63.4,Zone 5,60.4,Zone 5,65.9,Zone 5,63.8,Zone 5,67.8,Zone 5
Uttar Pradesh,Bareilly,Bareilly Bilwa 400Aws,29.3,2026-06-08,02:30:00,41.0,2026-06-07,02:30:00,2026-06-08 02:41:07,29.450000000000045,Zone 4,43.1,Zone 4,29.7,Zone 4,38.6,Zone 4,34.5,Zone 4,42.8,Zone 4,38.9,Zone 4,54.2,Zone 5,43.1,Zone 4,60.7,Zone 5
Uttar Pradesh,Bijnor,Prithvipur 400Aws,27.2,2026-06-08,02:15:00,,,,2026-06-08 02:41:07,,,,,,,,,,,,,,,,,,,,
Uttar Pradesh,Bulandshahar,Bulandshahar Kvk,28.9,2026-06-08,02:30:00,43.0,2026-06-07,02:30:00,2026-06-08 02:41:07,29.150000000000034,Zone 4,42.8,Zone 4,29.3,Zone 4,38.2,Zone 4,34.1,Zone 4,42.5,Zone 4,38.6,Zone 4,53.9,Zone 5,42.8,Zone 4,60.6,Zone 5
Uttar Pradesh,Chitrakoot,Ganivan Kvk,29.2,2026-06-08,02:30:00,,,,2026-06-08 02:41:07,,,,,,,,,,,,,,,,,,,,
Uttar Pradesh,Etawah,Bbrau Agriculture College,32.2,2026-06-08,02:30:00,47.0,2026-06-07,02:30:00,2026-06-08 02:41:07,34.35000000000002,Zone 4,59.3,Zone 5,34.0,Zone 4,43.8,Zone 4,39.3,Zone 4,58.6,Zone 5,44.3,Zone 4,62.1,Zone 5,59.3,Zone 5,64.5,Zone 5
Uttar Pradesh,Farrukhabad,Farrukhabad 400Aws,28.4,2026-06-08,02:30:00,24.0,2026-06-07,02:30:00,2026-06-08 02:41:07,27.25,Zone 4,38.9,Zone 4,27.3,Zone 4,35.2,Zone 4,31.5,Zone 4,38.8,Zone 4,35.3,Zone 4,42.3,Zone 4,38.9,Zone 4,47.5,Zone 5
Uttar Pradesh,Fatehpur,Fatehpur Kvk,27.5,2026-06-08,02:30:00,,,,2026-06-08 02:41:07,,,,,,,,,,,,,,,,,,,,
Uttar Pradesh,Firozabad,Firozabad 400Aws,29.6,2026-06-08,02:30:00,50.0,2026-06-07,02:30:00,2026-06-08 02:41:07,30.75,Zone 4,50.1,Zone 5,30.6,Zone 4,40.2,Zone 4,35.8,Zone 4,48.6,Zone 5,40.6,Zone 4,59.9,Zone 5,50.1,Zone 5,62.6,Zone 5
Uttar Pradesh,Gautam Buddha Nagar,Kvk Chholas 400Aws,28.0,2026-06-08,02:30:00,65.0,2026-06-07,02:30:00,2026-06-08 02:41:07,29.950000000000045,Zone 4,57.3,Zone 5,30.0,Zone 4,40.6,Zone 4,35.7,Zone 4,55.8,Zone 5,41.1,Zone 4,61.4,Zone 5,57.3,Zone 5,63.9,Zone 5
Uttar Pradesh,Ghaziabad,Kv2 Airforce Hindon,30.9,2026-06-08,02:30:00,44.0,2026-06-07,02:30:00,2026-06-08 02:41:07,31.850000000000023,Zone 4,51.2,Zone 5,32.0,Zone 4,41.3,Zone 4,37.1,Zone 4,49.7,Zone 5,41.7,Zone 4,60.1,Zone 5,51.2,Zone 5,62.8,Zone 5
Uttar Pradesh,Hamirpur,Hamirpur 400Aws,28.9,2026-06-08,02:30:00,50.0,2026-06-07,02:30:00,2026-06-08 02:41:07,29.75,Zone 4,47.3,Zone 5,29.9,Zone 4,39.4,Zone 4,35.0,Zone 4,45.9,Zone 5,39.8,Zone 4,59.3,Zone 5,47.3,Zone 5,62.1,Zone 5
Uttar Pradesh,Hapur,Hapur 400Aws,27.9,2026-06-08,02:30:00,65.0,2026-06-07,02:30:00,2026-06-08 02:41:07,29.850000000000023,Zone 4,57.3,Zone 5,30.0,Zone 4,40.6,Zone 4,35.7,Zone 4,55.8,Zone 5,41.1,Zone 4,61.4,Zone 5,57.3,Zone 5,63.9,Zone 5
Uttar Pradesh,Hardoi,Hardoi 400Aws,32.6,2026-06-08,02:30:00,,,,2026-06-08 02:41:07,,,,,,,,,,,,,,,,,,,,
Uttar Pradesh,Jalaun,Jalaun 400Aws,30.2,2026-06-08,02:15:00,,,,2026-06-08 02:41:07,,,,,,,,,,,,,,,,,,,,
Uttar Pradesh,Jhansi,Bhundelkhand University,31.5,2026-06-08,02:30:00,7.0,2026-06-07,02:30:00,2026-06-08 02:41:07,28.850000000000023,Zone 4,39.1,Zone 4,28.9,Zone 4,35.8,Zone 4,32.5,Zone 4,39.0,Zone 4,35.9,Zone 4,42.1,Zone 4,39.1,Zone 4,45.1,Zone 4
Uttar Pradesh,Kashganj,Kashganj 400Aws,29.4,2026-06-08,02:30:00,48.0,2026-06-07,02:30:00,2026-06-08 02:41:07,30.25,Zone 4,47.8,Zone 5,30.4,Zone 4,39.8,Zone 4,35.5,Zone 4,46.3,Zone 5,40.2,Zone 4,59.4,Zone 5,47.8,Zone 5,62.2,Zone 5
Uttar Pradesh,Kushinagar,Kushinagar Kvk,26.8,2026-06-08,02:30:00,100.0,2026-06-07,02:30:00,2026-06-08 02:41:07,32.150000000000034,Zone 4,65.0,Zone 5,32.7,Zone 4,61.3,Zone 5,52.3,Zone 5,64.6,Zone 5,61.8,Zone 5,66.9,Zone 5,65.0,Zone 5,68.7,Zone 5
Uttar Pradesh,Lakhimpur Kheri,Lakhimpur Kheri 400Aws,28.3,2026-06-08,02:30:00,,,,2026-06-08 02:41:07,,,,,,,,,,,,,,,,,,,,
Uttar Pradesh,Lucknow,Integral University,31.1,2026-06-08,02:30:00,,,,2026-06-08 02:41:07,,,,,,,,,,,,,,,,,,,,
Uttar Pradesh,Lucknow,Lucknow Lab,29.9,2026-06-08,02:30:00,59.0,2026-06-07,02:30:00,2026-06-08 02:41:07,32.450000000000045,Zone 4,59.9,Zone 5,32.6,Zone 4,44.2,Zone 5,38.3,Zone 4,59.5,Zone 5,46.4,Zone 5,62.6,Zone 5,59.9,Zone 5,64.9,Zone 5
Uttar Pradesh,Lucknow,Meteorological Centre Amausi,38.6,2026-06-08,02:30:00,69.0,2026-06-07,02:30:00,2026-06-08 02:41:07,72.95000000000005,Zone 6,81.4,Zone 6,72.6,Zone 6,77.8,Zone 6,75.6,Zone 6,80.8,Zone 6,78.5,Zone 6,83.6,Zone 6,81.4,Zone 6,86.5,Zone 6
Uttar Pradesh,Mainpuri,Mainpuri Kvk,30.5,2026-06-08,02:30:00,45.0,2026-06-07,02:30:00,2026-06-08 02:41:07,31.450000000000045,Zone 4,49.8,Zone 5,31.5,Zone 4,40.8,Zone 4,36.5,Zone 4,48.3,Zone 5,41.2,Zone 4,59.8,Zone 5,49.8,Zone 5,62.5,Zone 5
Uttar Pradesh,Mathura,Collectorate Office,29.8,2026-06-08,02:30:00,76.0,2026-06-07,02:30:00,2026-06-08 02:41:07,35.25,Zone 4,64.4,Zone 5,35.8,Zone 4,60.6,Zone 5,49.0,Zone 5,64.0,Zone 5,61.2,Zone 5,66.4,Zone 5,64.4,Zone 5,68.3,Zone 5
Uttar Pradesh,Mathura,Mathura 400Aws,25.9,2026-06-08,02:30:00,75.0,2026-06-07,02:30:00,2026-06-08 02:41:07,27.55000000000001,Zone 4,54.7,Zone 5,27.7,Zone 4,38.6,Zone 4,33.6,Zone 4,53.2,Zone 5,39.2,Zone 4,60.9,Zone 5,54.7,Zone 5,63.4,Zone 5
Uttar Pradesh,Meerut,Ccsu Campus,35.2,2026-06-08,02:30:00,71.0,2026-06-07,02:30:00,2026-06-08 02:41:07,62.75,Zone 5,71.2,Zone 5,62.0,Zone 5,68.9,Zone 5,66.6,Zone 5,70.9,Zone 5,69.3,Zone 5,73.2,Zone 6,71.2,Zone 5,76.1,Zone 6
Uttar Pradesh,Mirzapur,Dagmapur 400Aws,32.1,2026-06-08,02:30:00,41.0,2026-06-07,02:30:00,2026-06-08 02:41:07,33.150000000000034,Zone 4,52.8,Zone 5,33.0,Zone 4,42.2,Zone 4,38.0,Zone 4,51.3,Zone 5,42.6,Zone 4,60.4,Zone 5,52.8,Zone 5,63.1,Zone 5
Uttar Pradesh,Moradabad,Ucheti 400Aws,27.2,2026-06-08,02:30:00,74.0,2026-06-07,02:30:00,2026-06-08 02:41:07,29.55000000000001,Zone 4,59.2,Zone 5,29.2,Zone 4,40.8,Zone 5,35.3,Zone 4,58.2,Zone 5,42.9,Zone 5,62.0,Zone 5,59.2,Zone 5,64.4,Zone 5
Uttar Pradesh,Muzaffarnagar,Sohanjani Tajan 400Aws,27.0,2026-06-08,02:30:00,81.0,2026-06-07,02:30:00,2026-06-08 02:41:07,29.950000000000045,Zone 4,60.8,Zone 5,30.0,Zone 4,48.3,Zone 5,36.5,Zone 4,60.4,Zone 5,50.6,Zone 5,63.3,Zone 5,60.8,Zone 5,65.6,Zone 5
Uttar Pradesh,Pratapgarh,Pratapgarh 400Aws,29.0,2026-06-08,02:30:00,60.0,2026-06-07,02:30:00,2026-06-08 02:41:07,31.05000000000001,Zone 4,58.0,Zone 5,31.0,Zone 4,41.4,Zone 4,36.7,Zone 4,56.6,Zone 5,42.0,Zone 4,61.6,Zone 5,58.0,Zone 5,64.1,Zone 5
Uttar Pradesh,Raebareli,Airport Fursatganj,27.7,2026-06-08,02:30:00,100.0,2026-06-07,02:30:00,2026-06-08 02:41:07,34.75,Zone 4,65.8,Zone 5,34.1,Zone 4,62.3,Zone 5,57.3,Zone 5,65.4,Zone 5,62.9,Zone 5,67.7,Zone 5,65.8,Zone 5,69.3,Zone 5
Uttar Pradesh,Saharanpur,Saharanpur 400Aws,26.9,2026-06-08,02:30:00,82.0,2026-06-07,02:30:00,2026-06-08 02:41:07,29.850000000000023,Zone 4,61.0,Zone 5,30.1,Zone 4,49.4,Zone 5,36.7,Zone 4,60.6,Zone 5,51.8,Zone 5,63.5,Zone 5,61.0,Zone 5,65.7,Zone 5
Uttar Pradesh,Sambhal,Sambhal Paltha 400Aws,28.1,2026-06-08,02:30:00,,,,2026-06-08 02:41:07,,,,,,,,,,,,,,,,,,,,
Uttar Pradesh,Shahjahanpur,Shahjahanpur 400Aws,29.9,2026-06-08,02:30:00,53.0,2026-06-07,02:30:00,2026-06-08 02:41:07,31.55000000000001,Zone 4,56.3,Zone 5,31.7,Zone 4,41.7,Zone 4,37.1,Zone 4,54.8,Zone 5,42.2,Zone 4,61.2,Zone 5,56.3,Zone 5,63.7,Zone 5
Uttar Pradesh,Shamli,Shamli 400Aws,27.3,2026-06-08,02:30:00,57.0,2026-06-07,02:30:00,2026-06-08 02:41:07,28.25,Zone 4,46.3,Zone 5,28.5,Zone 4,38.3,Zone 4,33.8,Zone 4,44.9,Zone 5,38.7,Zone 4,59.1,Zone 5,46.3,Zone 5,61.9,Zone 5
Uttar Pradesh,Sitapur,Ramkot 400Aws,29.2,2026-06-08,02:30:00,,,,2026-06-08 02:41:07,,,,,,,,,,,,,,,,,,,,
Uttar Pradesh,Sultanpur,Krishi Vigyan Kendra Barasin,,,,78.0,2026-06-07,02:30:00,2026-06-08 02:41:07,,,,,,,,,,,,,,,,,,,,
West Bengal,Alipurduar,Jayanti,25.4,2026-06-08,02:30:00,100.0,2026-06-07,02:30:00,2026-06-08 02:41:07,28.75,Zone 4,62.4,Zone 5,29.0,Zone 4,55.9,Zone 5,37.6,Zone 5,62.0,Zone 5,58.0,Zone 5,64.7,Zone 5,62.4,Zone 5,66.7,Zone 5
West Bengal,Cooch Behar,Pundibari Amfu,25.8,2026-06-08,02:30:00,100.0,2026-06-07,02:30:00,2026-06-08 02:41:07,29.650000000000034,Zone 4,63.2,Zone 5,30.1,Zone 4,59.2,Zone 5,42.0,Zone 5,62.8,Zone 5,59.8,Zone 5,65.4,Zone 5,63.2,Zone 5,67.4,Zone 5
West Bengal,Darjeeling,Darjeeling Mo,17.8,2026-06-08,02:30:00,100.0,2026-06-07,02:30:00,2026-06-08 02:41:07,18.850000000000023,Zone 3,33.6,Zone 4,19.1,Zone 3,28.6,Zone 4,24.4,Zone 3,33.3,Zone 4,28.9,Zone 4,40.2,Zone 5,33.6,Zone 4,53.7,Zone 5
West Bengal,Darjeeling,Kharibari,24.6,2026-06-08,02:30:00,100.0,2026-06-07,02:30:00,2026-06-08 02:41:07,27.25,Zone 4,60.7,Zone 5,27.0,Zone 4,47.6,Zone 5,34.0,Zone 4,60.2,Zone 5,50.0,Zone 5,63.2,Zone 5,60.7,Zone 5,65.5,Zone 5
West Bengal,Howrah,Uluberia,26.0,2026-06-08,02:15:00,,,,2026-06-08 02:41:07,,,,,,,,,,,,,,,,,,,,
West Bengal,Jalpaiguri,Banarhat,25.2,2026-06-08,02:30:00,100.0,2026-06-07,02:30:00,2026-06-08 02:41:07,28.350000000000023,Zone 4,61.5,Zone 5,28.0,Zone 4,51.8,Zone 5,35.2,Zone 4,61.1,Zone 5,54.1,Zone 5,64.0,Zone 5,61.5,Zone 5,66.1,Zone 5
West Bengal,Jalpaiguri,Dhupguri,24.5,2026-06-08,02:15:00,,,,2026-06-08 02:41:07,,,,,,,,,,,,,,,,,,,,
West Bengal,Jalpaiguri,Ramshai Kvk,24.3,2026-06-08,02:30:00,,,,2026-06-08 02:41:07,,,,,,,,,,,,,,,,,,,,
West Bengal,Jhargram,Jhargram,24.8,2026-06-08,02:30:00,94.0,2026-06-07,02:30:00,2026-06-08 02:41:07,27.150000000000034,Zone 4,60.3,Zone 5,27.5,Zone 4,45.9,Zone 5,34.3,Zone 4,59.9,Zone 5,48.3,Zone 5,62.9,Zone 5,60.3,Zone 5,65.2,Zone 5
West Bengal,Kolkata,Kolkata Airport,15.6,2026-06-08,02:30:00,96.0,2026-06-07,02:30:00,2026-06-08 02:41:07,15.850000000000023,Zone 3,30.2,Zone 4,15.7,Zone 3,25.7,Zone 4,22.3,Zone 3,30.1,Zone 4,25.8,Zone 4,34.2,Zone 4,30.2,Zone 4,40.6,Zone 5
West Bengal,Malda,Malda,26.0,2026-06-08,02:30:00,,,,2026-06-08 02:41:07,,,,,,,,,,,,,,,,,,,,
West Bengal,Murshidabad,Berhampore,25.5,2026-06-08,02:30:00,100.0,2026-06-07,02:30:00,2026-06-08 02:41:07,29.05000000000001,Zone 4,62.4,Zone 5,29.0,Zone 4,55.9,Zone 5,37.6,Zone 5,62.0,Zone 5,58.0,Zone 5,64.7,Zone 5,62.4,Zone 5,66.7,Zone 5
West Bengal,Murshidabad,Murshidabad Kvk,25.1,2026-06-08,02:15:00,,,,2026-06-08 02:41:07,,,,,,,,,,,,,,,,,,,,
West Bengal,Nadia,Bijpur,25.3,2026-06-08,02:30:00,100.0,2026-06-07,02:30:00,2026-06-08 02:41:07,28.55000000000001,Zone 4,62.4,Zone 5,29.0,Zone 4,55.9,Zone 5,37.6,Zone 5,62.0,Zone 5,58.0,Zone 5,64.7,Zone 5,62.4,Zone 5,66.7,Zone 5
West Bengal,Nadia,Kalyani Amfu,25.4,2026-06-08,02:30:00,100.0,2026-06-07,02:30:00,2026-06-08 02:41:07,28.75,Zone 4,62.4,Zone 5,29.0,Zone 4,55.9,Zone 5,37.6,Zone 5,62.0,Zone 5,58.0,Zone 5,64.7,Zone 5,62.4,Zone 5,66.7,Zone 5
West Bengal,North Dinajpur,Raiganj,26.3,2026-06-08,02:15:00,,,,2026-06-08 02:41:07,,,,,,,,,,,,,,,,,,,,
West Bengal,North Twenty Four Parganas,Barrackpore Aws400,25.4,2026-06-08,02:30:00,85.0,2026-06-07,02:30:00,2026-06-08 02:41:07,27.450000000000045,Zone 4,59.3,Zone 5,27.7,Zone 4,41.1,Zone 5,34.0,Zone 4,58.5,Zone 5,43.3,Zone 5,62.0,Zone 5,59.3,Zone 5,64.4,Zone 5
West Bengal,North Twenty Four Parganas,Jisu Agarpara,26.6,2026-06-08,02:15:00,,,,2026-06-08 02:41:07,,,,,,,,,,,,,,,,,,,,
West Bengal,Purulia,Purulia Kvk,25.2,2026-06-08,02:30:00,,,,2026-06-08 02:41:07,,,,,,,,,,,,,,,,,,,,
West Bengal,South Dinajpur,Balurghat,26.7,2026-06-08,02:30:00,100.0,2026-06-07,02:30:00,2026-06-08 02:41:07,31.850000000000023,Zone 4,64.1,Zone 5,31.3,Zone 4,60.2,Zone 5,47.0,Zone 5,63.7,Zone 5,60.8,Zone 5,66.2,Zone 5,64.1,Zone 5,68.0,Zone 5
West Bengal,South Dinajpur,Majhian Amfu,26.6,2026-06-08,02:30:00,100.0,2026-06-07,02:30:00,2026-06-08 02:41:07,31.55000000000001,Zone 4,64.1,Zone 5,31.3,Zone 4,60.2,Zone 5,47.0,Zone 5,63.7,Zone 5,60.8,Zone 5,66.2,Zone 5,64.1,Zone 5,68.0,Zone 5
West Bengal,South Twenty Four Parganas,Alipore,26.1,2026-06-08,02:30:00,100.0,2026-06-07,02:30:00,2026-06-08 02:41:07,30.350000000000023,Zone 4,63.2,Zone 5,30.1,Zone 4,59.2,Zone 5,42.0,Zone 5,62.8,Zone 5,59.8,Zone 5,65.4,Zone 5,63.2,Zone 5,67.4,Zone 5
West Bengal,South Twenty Four Parganas,Gangasagar,27.1,2026-06-08,02:30:00,,,,2026-06-08 02:41:07,,,,,,,,,,,,,,,,,,,,
West Bengal,South Twenty Four Parganas,Nimpith,,,,8.0,2026-06-07,02:30:00,2026-06-08 02:41:07,,,,,,,,,,,,,,,,,,,,
,,,,,,,,,2026-06-08 02:41:07,,,,,,,,,,,,,,,,,,,,
,,,,,,,,,2026-06-08 02:41:07,,,,,,,,,,,,,,,,,,,,
,,,,,,,,,2026-06-08 02:41:07,,,,,,,,,,,,,,,,,,,,
,,,,,,,,,2026-06-08 02:41:07,,,,,,,,,,,,,,,,,,,,
