STATE,DISTRICT,STATION,TEMP,DATE_TEMP,TIME_TEMP,RH,DATE_RH,TIME_RH,LOGGED_AT (IST),EHI (in shade °C),Light Work Heat Stress Zone,EHI_350 (in shade °C),Hard Labor Heat Stress Zone,EHI_3_shade,Zone_3_shade,EHI_3_sun,Zone_3_sun,EHI_4_shade,Zone_4_shade,EHI_4_sun,Zone_4_sun,EHI_5_shade,Zone_5_shade,EHI_5_sun,Zone_5_sun,EHI_6_shade,Zone_6_shade,EHI_6_sun,Zone_6_sun
Andaman And Nicobar,Nicobar,Campbell Bay,26.2,2026-08-03,00:30:00,95.0,2026-08-02,00:30:00,2026-08-03 00:47:05,29.950000000000045,Zone 4,62.2,Zone 5,29.5,Zone 4,55.1,Zone 5,36.8,Zone 5,61.8,Zone 5,57.2,Zone 5,64.5,Zone 5,62.2,Zone 5,66.6,Zone 5
Andaman And Nicobar,Nicobar,Car Nicobar,25.6,2026-08-03,00:30:00,97.0,2026-08-02,00:30:00,2026-08-03 00:47:05,28.950000000000045,Zone 4,61.8,Zone 5,28.7,Zone 4,53.0,Zone 5,35.9,Zone 4,61.3,Zone 5,55.3,Zone 5,64.2,Zone 5,61.8,Zone 5,66.3,Zone 5
Andaman And Nicobar,Nicobar,Nancowry,26.9,2026-08-03,00:30:00,98.0,2026-08-02,00:30:00,2026-08-03 00:47:05,32.05000000000001,Zone 4,64.5,Zone 5,32.3,Zone 4,60.7,Zone 5,49.7,Zone 5,64.1,Zone 5,61.3,Zone 5,66.5,Zone 5,64.5,Zone 5,68.3,Zone 5
Andaman And Nicobar,N M Andaman,Mayabunder,26.1,2026-08-03,00:30:00,97.0,2026-08-02,00:30:00,2026-08-03 00:47:05,29.950000000000045,Zone 4,62.6,Zone 5,29.8,Zone 4,57.0,Zone 5,38.8,Zone 5,62.2,Zone 5,59.0,Zone 5,64.9,Zone 5,62.6,Zone 5,66.9,Zone 5
Andaman And Nicobar,South Andaman,Ferrargunj,25.2,2026-08-03,00:30:00,82.0,2026-08-02,00:30:00,2026-08-03 00:47:05,26.950000000000045,Zone 4,54.6,Zone 5,26.6,Zone 4,37.8,Zone 4,32.7,Zone 4,53.0,Zone 5,38.4,Zone 4,60.8,Zone 5,54.6,Zone 5,63.4,Zone 5
Andaman And Nicobar,South Andaman,Hut Bay,25.1,2026-08-03,00:30:00,99.0,2026-08-02,00:30:00,2026-08-03 00:47:05,28.05000000000001,Zone 4,61.3,Zone 5,27.9,Zone 4,50.8,Zone 5,35.0,Zone 4,60.9,Zone 5,53.2,Zone 5,63.8,Zone 5,61.3,Zone 5,66.0,Zone 5
Andaman And Nicobar,South Andaman,Shaheed Dweep,27.2,2026-08-03,00:30:00,96.0,2026-08-02,00:30:00,2026-08-03 00:47:05,32.450000000000045,Zone 4,64.1,Zone 5,32.0,Zone 4,60.2,Zone 5,47.1,Zone 5,63.7,Zone 5,60.8,Zone 5,66.2,Zone 5,64.1,Zone 5,68.0,Zone 5
Andaman And Nicobar,South Andaman,Swaraj Deep,27.1,2026-08-03,00:30:00,81.0,2026-08-02,00:30:00,2026-08-03 00:47:05,30.150000000000034,Zone 4,60.8,Zone 5,30.0,Zone 4,48.3,Zone 5,36.5,Zone 4,60.4,Zone 5,50.6,Zone 5,63.3,Zone 5,60.8,Zone 5,65.6,Zone 5
Andhra Pradesh,Alluri Sitharama Raju,Araku Valley,22.2,2026-08-03,00:30:00,95.0,2026-08-02,00:30:00,2026-08-03 00:47:05,23.75,Zone 3,45.4,Zone 5,23.5,Zone 3,34.0,Zone 4,28.9,Zone 4,43.9,Zone 5,34.5,Zone 4,58.6,Zone 5,45.4,Zone 5,61.7,Zone 5
Andhra Pradesh,Alluri Sitharama Raju,Chintapalli Amfu,21.9,2026-08-03,00:30:00,90.0,2026-08-02,00:30:00,2026-08-03 00:47:05,23.25,Zone 3,41.9,Zone 5,23.3,Zone 3,33.5,Zone 4,28.6,Zone 4,40.6,Zone 5,34.0,Zone 4,55.8,Zone 5,41.9,Zone 5,61.0,Zone 5
Andhra Pradesh,Alluri Sitharama Raju,Pandirimamidi Hrs,26.6,2026-08-03,00:30:00,82.0,2026-08-02,00:30:00,2026-08-03 00:47:05,29.350000000000023,Zone 4,60.2,Zone 5,29.1,Zone 4,45.5,Zone 5,35.6,Zone 4,59.8,Zone 5,47.8,Zone 5,62.9,Zone 5,60.2,Zone 5,65.1,Zone 5
Andhra Pradesh,Anakapalli,Yellamanchilli Vskp,27.5,2026-08-03,00:15:00,,,,2026-08-03 00:47:05,,,,,,,,,,,,,,,,,,,,
Andhra Pradesh,Anantapur,Kh Govtdegcollege Dharmavaram,27.7,2026-08-03,00:30:00,78.0,2026-08-02,00:30:00,2026-08-03 00:47:05,30.950000000000045,Zone 4,60.9,Zone 5,30.6,Zone 4,48.8,Zone 5,37.1,Zone 4,60.5,Zone 5,51.2,Zone 5,63.4,Zone 5,60.9,Zone 5,65.7,Zone 5
Andhra Pradesh,Bapatla,Bapatla Aws400,29.0,2026-08-03,00:30:00,95.0,2026-08-02,00:30:00,2026-08-03 00:47:05,41.25,Zone 5,67.3,Zone 5,41.3,Zone 5,64.2,Zone 5,60.8,Zone 5,67.0,Zone 5,64.7,Zone 5,68.9,Zone 5,67.3,Zone 5,70.4,Zone 5
Andhra Pradesh,Bapatla,Chirala,29.1,2026-08-03,00:30:00,82.0,2026-08-02,00:30:00,2026-08-03 00:47:05,34.75,Zone 4,64.3,Zone 5,34.5,Zone 4,60.4,Zone 5,48.2,Zone 5,63.9,Zone 5,61.0,Zone 5,66.3,Zone 5,64.3,Zone 5,68.2,Zone 5
Andhra Pradesh,Eluru,Vijayarai,27.2,2026-08-03,00:30:00,67.0,2026-08-02,00:30:00,2026-08-03 00:47:05,28.950000000000045,Zone 4,53.4,Zone 5,28.6,Zone 4,39.1,Zone 4,34.3,Zone 4,51.9,Zone 5,39.6,Zone 4,60.6,Zone 5,53.4,Zone 5,63.2,Zone 5
Andhra Pradesh,Kakinada,Kakinada,28.7,2026-08-03,00:30:00,87.0,2026-08-02,00:30:00,2026-08-03 00:47:05,34.75,Zone 4,64.6,Zone 5,34.3,Zone 4,60.9,Zone 5,50.3,Zone 5,64.2,Zone 5,61.4,Zone 5,66.6,Zone 5,64.6,Zone 5,68.4,Zone 5
Andhra Pradesh,Kakinada,Peddapuram,28.4,2026-08-03,00:30:00,96.0,2026-08-02,00:30:00,2026-08-03 00:47:05,36.05000000000001,Zone 4,66.7,Zone 5,37.0,Zone 5,63.4,Zone 5,59.8,Zone 5,66.3,Zone 5,63.9,Zone 5,68.4,Zone 5,66.7,Zone 5,69.9,Zone 5
Andhra Pradesh,Konaseema,Ambajipeta Arg,27.3,2026-08-03,00:30:00,100.0,2026-08-02,00:30:00,2026-08-03 00:47:05,33.55000000000001,Zone 4,65.8,Zone 5,34.1,Zone 4,62.3,Zone 5,57.3,Zone 5,65.4,Zone 5,62.9,Zone 5,67.7,Zone 5,65.8,Zone 5,69.3,Zone 5
Andhra Pradesh,Konaseema,Ambajipeta Aws,27.1,2026-08-03,00:30:00,100.0,2026-08-02,00:30:00,2026-08-03 00:47:05,32.950000000000045,Zone 4,65.0,Zone 5,32.7,Zone 4,61.3,Zone 5,52.3,Zone 5,64.6,Zone 5,61.8,Zone 5,66.9,Zone 5,65.0,Zone 5,68.7,Zone 5
Andhra Pradesh,Krishna,Kv Gopalnagar Machilipatnam,28.6,2026-08-03,00:30:00,97.0,2026-08-02,00:30:00,2026-08-03 00:47:05,39.55000000000001,Zone 5,66.9,Zone 5,38.4,Zone 5,63.6,Zone 5,60.2,Zone 5,66.5,Zone 5,64.2,Zone 5,68.6,Zone 5,66.9,Zone 5,70.1,Zone 5
Andhra Pradesh,Ntr,Mylavaram College Of  Engineer,28.1,2026-08-03,00:30:00,100.0,2026-08-02,00:30:00,2026-08-03 00:47:05,38.25,Zone 5,66.7,Zone 5,37.1,Zone 5,63.4,Zone 5,59.8,Zone 5,66.3,Zone 5,63.9,Zone 5,68.4,Zone 5,66.7,Zone 5,70.0,Zone 5
Andhra Pradesh,Palnadu,Rentachintala,28.7,2026-08-03,00:30:00,73.0,2026-08-02,00:30:00,2026-08-03 00:47:05,32.25,Zone 4,61.3,Zone 5,31.9,Zone 4,50.7,Zone 5,38.3,Zone 4,60.9,Zone 5,53.0,Zone 5,63.8,Zone 5,61.3,Zone 5,65.9,Zone 5
Andhra Pradesh,Prakasam,Cs Puram,29.1,2026-08-03,00:30:00,63.0,2026-08-02,00:30:00,2026-08-03 00:47:05,31.55000000000001,Zone 4,59.5,Zone 5,31.4,Zone 4,42.3,Zone 5,37.2,Zone 4,59.1,Zone 5,44.5,Zone 5,62.3,Zone 5,59.5,Zone 5,64.6,Zone 5
Andhra Pradesh,Srikakulam,Nagaralapeta Kalingapatnam,28.1,2026-08-03,00:30:00,97.0,2026-08-02,00:30:00,2026-08-03 00:47:05,35.35000000000002,Zone 4,66.0,Zone 5,35.0,Zone 4,62.6,Zone 5,58.5,Zone 5,65.7,Zone 5,63.1,Zone 5,67.8,Zone 5,66.0,Zone 5,69.5,Zone 5
Andhra Pradesh,Srikakulam,Ragolu,27.6,2026-08-03,00:30:00,94.0,2026-08-02,00:30:00,2026-08-03 00:47:05,33.25,Zone 4,64.5,Zone 5,32.9,Zone 4,60.7,Zone 5,49.7,Zone 5,64.1,Zone 5,61.3,Zone 5,66.5,Zone 5,64.5,Zone 5,68.3,Zone 5
Andhra Pradesh,Sri Potti Sriramulu Nellore,Podalakur,29.9,2026-08-03,00:30:00,,,,2026-08-03 00:47:05,,,,,,,,,,,,,,,,,,,,
Andhra Pradesh,Visakhapatnam,Anandapuram Arg,26.7,2026-08-03,00:30:00,89.0,2026-08-02,00:30:00,2026-08-03 00:47:05,30.350000000000023,Zone 4,61.7,Zone 5,29.9,Zone 4,53.0,Zone 5,36.9,Zone 4,61.3,Zone 5,55.3,Zone 5,64.2,Zone 5,61.7,Zone 5,66.3,Zone 5
Andhra Pradesh,Visakhapatnam,Gangavaram Port,28.4,2026-08-03,00:30:00,98.0,2026-08-02,00:30:00,2026-08-03 00:47:05,38.75,Zone 5,67.1,Zone 5,39.9,Zone 5,63.9,Zone 5,60.5,Zone 5,66.8,Zone 5,64.5,Zone 5,68.8,Zone 5,67.1,Zone 5,70.3,Zone 5
Andhra Pradesh,Visakhapatnam,Mehadrigadda Dam,39.1,2026-08-03,00:30:00,93.0,2026-08-02,00:30:00,2026-08-03 00:47:05,91.75,Zone 6,100.0,Zone 6,91.4,Zone 6,96.3,Zone 6,94.2,Zone 6,99.1,Zone 6,97.1,Zone 6,101.9,Zone 6,100.0,Zone 6,104.7,Zone 6
Andhra Pradesh,Vizianagaram,Bobbili,27.8,2026-08-03,00:30:00,87.0,2026-08-02,00:30:00,2026-08-03 00:47:05,32.450000000000045,Zone 4,63.8,Zone 5,33.0,Zone 4,59.9,Zone 5,45.3,Zone 5,63.4,Zone 5,60.4,Zone 5,65.9,Zone 5,63.8,Zone 5,67.8,Zone 5
Andhra Pradesh,Vizianagaram,Vizianagaram,27.8,2026-08-03,00:30:00,99.0,2026-08-02,00:30:00,2026-08-03 00:47:05,34.85000000000002,Zone 4,66.5,Zone 5,35.8,Zone 5,63.1,Zone 5,59.5,Zone 5,66.1,Zone 5,63.7,Zone 5,68.2,Zone 5,66.5,Zone 5,69.8,Zone 5
Andhra Pradesh,West Godavari,Bhimavaram,29.3,2026-08-03,00:30:00,92.0,2026-08-02,00:30:00,2026-08-03 00:47:05,40.05000000000001,Zone 5,67.5,Zone 5,42.5,Zone 5,64.4,Zone 5,61.0,Zone 5,67.1,Zone 5,64.9,Zone 5,69.1,Zone 5,67.5,Zone 5,70.5,Zone 5
Andhra Pradesh,West Godavari,Kv Gopannapalem Eluru,27.6,2026-08-03,00:30:00,56.0,2026-08-02,00:30:00,2026-08-03 00:47:05,28.55000000000001,Zone 4,45.3,Zone 5,28.4,Zone 4,38.1,Zone 4,33.6,Zone 4,43.9,Zone 5,38.5,Zone 4,58.6,Zone 5,45.3,Zone 5,61.7,Zone 5
Andhra Pradesh,West Godavari,Maruteru,29.9,2026-08-03,00:30:00,96.0,2026-08-02,00:30:00,2026-08-03 00:47:05,55.35000000000002,Zone 5,69.3,Zone 5,56.6,Zone 5,66.6,Zone 5,63.8,Zone 5,69.0,Zone 5,67.1,Zone 5,70.6,Zone 5,69.3,Zone 5,72.5,Zone 6
Andhra Pradesh,West Godavari,Narsapur,28.5,2026-08-03,00:15:00,,,,2026-08-03 00:47:05,,,,,,,,,,,,,,,,,,,,
Andhra Pradesh,Ysr Kadapa,Agricultural College  Badvel,25.6,2026-08-03,00:30:00,92.0,2026-08-02,00:30:00,2026-08-03 00:47:05,28.450000000000045,Zone 4,60.7,Zone 5,28.2,Zone 4,48.0,Zone 5,35.1,Zone 4,60.3,Zone 5,50.3,Zone 5,63.3,Zone 5,60.7,Zone 5,65.5,Zone 5
Arunachal Pradesh,Changlang,Miao,26.4,2026-08-03,00:30:00,100.0,2026-08-02,00:30:00,2026-08-03 00:47:05,31.05000000000001,Zone 4,64.1,Zone 5,31.3,Zone 4,60.2,Zone 5,47.0,Zone 5,63.7,Zone 5,60.8,Zone 5,66.2,Zone 5,64.1,Zone 5,68.0,Zone 5
Arunachal Pradesh,Dibang Valley,Anini,19.2,2026-08-03,00:30:00,100.0,2026-08-02,00:30:00,2026-08-03 00:47:05,20.55000000000001,Zone 3,35.1,Zone 4,20.3,Zone 3,29.9,Zone 4,25.1,Zone 3,34.8,Zone 4,30.2,Zone 4,45.3,Zone 5,35.1,Zone 4,58.2,Zone 5
Arunachal Pradesh,East Kameng,Seppa Pampoli,26.6,2026-08-03,00:30:00,92.0,2026-08-02,00:30:00,2026-08-03 00:47:05,30.450000000000045,Zone 4,62.4,Zone 5,30.2,Zone 4,56.0,Zone 5,37.7,Zone 5,62.0,Zone 5,58.1,Zone 5,64.7,Zone 5,62.4,Zone 5,66.8,Zone 5
Arunachal Pradesh,East Siang,Pashighat,26.1,2026-08-03,00:30:00,99.0,2026-08-02,00:30:00,2026-08-03 00:47:05,30.25,Zone 4,63.0,Zone 5,30.0,Zone 4,58.7,Zone 5,40.9,Zone 5,62.6,Zone 5,59.5,Zone 5,65.2,Zone 5,63.0,Zone 5,67.2,Zone 5
Arunachal Pradesh,Kamle,Raga,22.6,2026-08-03,00:30:00,100.0,2026-08-02,00:30:00,2026-08-03 00:47:05,24.350000000000023,Zone 3,52.5,Zone 5,24.3,Zone 3,35.4,Zone 4,30.1,Zone 4,50.9,Zone 5,36.0,Zone 4,60.4,Zone 5,52.5,Zone 5,63.0,Zone 5
Arunachal Pradesh,Kurung Kumey,Koloraing,22.9,2026-08-03,00:30:00,100.0,2026-08-02,00:30:00,2026-08-03 00:47:05,24.650000000000034,Zone 3,55.8,Zone 5,24.8,Zone 3,36.7,Zone 5,31.0,Zone 4,54.3,Zone 5,38.5,Zone 5,61.1,Zone 5,55.8,Zone 5,63.6,Zone 5
Arunachal Pradesh,Kurung Kumey,Nyapin,24.0,2026-08-03,00:30:00,100.0,2026-08-02,00:30:00,2026-08-03 00:47:05,26.150000000000034,Zone 4,59.8,Zone 5,26.1,Zone 4,43.6,Zone 5,32.9,Zone 4,59.4,Zone 5,45.9,Zone 5,62.5,Zone 5,59.8,Zone 5,64.8,Zone 5
Arunachal Pradesh,Kurung Kumey,Nyapin,22.7,2026-08-03,00:30:00,100.0,2026-08-02,00:30:00,2026-08-03 00:47:05,24.450000000000045,Zone 3,52.5,Zone 5,24.3,Zone 3,35.4,Zone 4,30.1,Zone 4,50.9,Zone 5,36.0,Zone 4,60.4,Zone 5,52.5,Zone 5,63.0,Zone 5
Arunachal Pradesh,Leparada,Basar,23.9,2026-08-03,00:30:00,100.0,2026-08-02,00:30:00,2026-08-03 00:47:05,25.950000000000045,Zone 4,59.8,Zone 5,26.1,Zone 4,43.6,Zone 5,32.9,Zone 4,59.4,Zone 5,45.9,Zone 5,62.5,Zone 5,59.8,Zone 5,64.8,Zone 5
Arunachal Pradesh,Longding,Longding,26.5,2026-08-03,00:30:00,,,,2026-08-03 00:47:05,,,,,,,,,,,,,,,,,,,,
Arunachal Pradesh,Longding,Longding New,23.6,2026-08-03,00:30:00,100.0,2026-08-02,00:30:00,2026-08-03 00:47:05,25.450000000000045,Zone 4,58.9,Zone 5,25.3,Zone 3,39.9,Zone 5,31.9,Zone 4,57.4,Zone 5,42.0,Zone 5,61.8,Zone 5,58.9,Zone 5,64.2,Zone 5
Arunachal Pradesh,Lower Siang,Kangku,25.7,2026-08-03,00:30:00,100.0,2026-08-02,00:30:00,2026-08-03 00:47:05,29.450000000000045,Zone 4,62.4,Zone 5,29.0,Zone 4,55.9,Zone 5,37.6,Zone 5,62.0,Zone 5,58.0,Zone 5,64.7,Zone 5,62.4,Zone 5,66.7,Zone 5
Arunachal Pradesh,Lower Subansiri,Deed,22.2,2026-08-03,00:30:00,100.0,2026-08-02,00:30:00,2026-08-03 00:47:05,23.950000000000045,Zone 3,49.1,Zone 5,23.7,Zone 3,34.5,Zone 4,29.3,Zone 4,47.5,Zone 5,35.0,Zone 4,59.7,Zone 5,49.1,Zone 5,62.4,Zone 5
Arunachal Pradesh,Lower Subansiri,Ziro Manipolyang,20.4,2026-08-03,00:30:00,100.0,2026-08-02,00:30:00,2026-08-03 00:47:05,21.950000000000045,Zone 3,39.6,Zone 5,22.0,Zone 3,32.0,Zone 4,27.0,Zone 4,38.4,Zone 5,32.4,Zone 4,53.6,Zone 5,39.6,Zone 5,60.6,Zone 5
Arunachal Pradesh,Namsai,Lekang,26.3,2026-08-03,00:30:00,94.0,2026-08-02,00:30:00,2026-08-03 00:47:05,30.05000000000001,Zone 4,62.8,Zone 5,30.5,Zone 4,57.9,Zone 5,39.9,Zone 5,62.4,Zone 5,59.3,Zone 5,65.1,Zone 5,62.8,Zone 5,67.1,Zone 5
Arunachal Pradesh,Namsai,Namsai Kvk,26.5,2026-08-03,00:30:00,100.0,2026-08-02,00:30:00,2026-08-03 00:47:05,31.350000000000023,Zone 4,64.1,Zone 5,31.3,Zone 4,60.2,Zone 5,47.0,Zone 5,63.7,Zone 5,60.8,Zone 5,66.2,Zone 5,64.1,Zone 5,68.0,Zone 5
Arunachal Pradesh,Papumpare,Itanagar,26.1,2026-08-03,00:30:00,100.0,2026-08-02,00:30:00,2026-08-03 00:47:05,30.350000000000023,Zone 4,63.2,Zone 5,30.1,Zone 4,59.2,Zone 5,42.0,Zone 5,62.8,Zone 5,59.8,Zone 5,65.4,Zone 5,63.2,Zone 5,67.4,Zone 5
Arunachal Pradesh,Papumpare,Yupia,26.4,2026-08-03,00:30:00,22.0,2026-08-02,00:30:00,2026-08-03 00:47:05,25.25,Zone 3,36.7,Zone 4,25.3,Zone 4,33.1,Zone 4,29.4,Zone 4,36.7,Zone 4,33.2,Zone 4,40.1,Zone 4,36.7,Zone 4,43.3,Zone 4
Arunachal Pradesh,Tirap,Deomali,27.1,2026-08-03,00:30:00,99.0,2026-08-02,00:30:00,2026-08-03 00:47:05,32.75,Zone 4,64.7,Zone 5,32.5,Zone 4,61.0,Zone 5,51.0,Zone 5,64.3,Zone 5,61.6,Zone 5,66.7,Zone 5,64.7,Zone 5,68.5,Zone 5
Arunachal Pradesh,Tirap,Longding,23.6,2026-08-03,00:30:00,,,,2026-08-03 00:47:05,,,,,,,,,,,,,,,,,,,,
Arunachal Pradesh,Upper Siang,Yingkiong,26.8,2026-08-03,00:30:00,7.0,2026-08-02,00:30:00,2026-08-03 00:47:05,24.850000000000023,Zone 3,35.6,Zone 4,25.1,Zone 3,32.4,Zone 4,28.9,Zone 4,35.6,Zone 4,32.4,Zone 4,38.7,Zone 4,35.6,Zone 4,41.7,Zone 4
Arunachal Pradesh,Upper Subhanseri,Daporijo,27.2,2026-08-03,00:30:00,93.0,2026-08-02,00:30:00,2026-08-03 00:47:05,32.05000000000001,Zone 4,63.4,Zone 5,31.5,Zone 4,59.5,Zone 5,43.3,Zone 5,63.0,Zone 5,60.0,Zone 5,65.6,Zone 5,63.4,Zone 5,67.5,Zone 5
Arunachal Pradesh,West Kameng,Bomdila,21.1,2026-08-03,00:30:00,,,,2026-08-03 00:47:05,,,,,,,,,,,,,,,,,,,,
Arunachal Pradesh,West Kameng,Dirang,24.0,2026-08-03,00:30:00,100.0,2026-08-02,00:30:00,2026-08-03 00:47:05,26.150000000000034,Zone 4,59.8,Zone 5,26.1,Zone 4,43.6,Zone 5,32.9,Zone 4,59.4,Zone 5,45.9,Zone 5,62.5,Zone 5,59.8,Zone 5,64.8,Zone 5
Arunachal Pradesh,West Kameng,Dirang,20.6,2026-08-03,00:30:00,100.0,2026-08-02,00:30:00,2026-08-03 00:47:05,22.150000000000034,Zone 3,39.6,Zone 5,22.0,Zone 3,32.0,Zone 4,27.0,Zone 4,38.4,Zone 5,32.4,Zone 4,53.6,Zone 5,39.6,Zone 5,60.6,Zone 5
Arunachal Pradesh,West Kameng,Kalaktang,20.7,2026-08-03,00:30:00,100.0,2026-08-02,00:30:00,2026-08-03 00:47:05,22.25,Zone 3,39.6,Zone 5,22.0,Zone 3,32.0,Zone 4,27.0,Zone 4,38.4,Zone 5,32.4,Zone 4,53.6,Zone 5,39.6,Zone 5,60.6,Zone 5
Arunachal Pradesh,West Siang,Yomcha,24.3,2026-08-03,00:30:00,100.0,2026-08-02,00:30:00,2026-08-03 00:47:05,26.650000000000034,Zone 4,60.7,Zone 5,27.0,Zone 4,47.6,Zone 5,34.0,Zone 4,60.2,Zone 5,50.0,Zone 5,63.2,Zone 5,60.7,Zone 5,65.5,Zone 5
Assam,Barpeta,Bajali University,27.9,2026-08-03,00:30:00,100.0,2026-08-02,00:30:00,2026-08-03 00:47:05,36.05000000000001,Zone 5,66.7,Zone 5,37.1,Zone 5,63.4,Zone 5,59.8,Zone 5,66.3,Zone 5,63.9,Zone 5,68.4,Zone 5,66.7,Zone 5,70.0,Zone 5
Assam,Barpeta,Barpeta Kvk,28.2,2026-08-03,00:30:00,97.0,2026-08-02,00:30:00,2026-08-03 00:47:05,35.650000000000034,Zone 4,66.0,Zone 5,35.0,Zone 4,62.6,Zone 5,58.5,Zone 5,65.7,Zone 5,63.1,Zone 5,67.8,Zone 5,66.0,Zone 5,69.5,Zone 5
Assam,Charaideo,Sonari Aegcl,,,,100.0,2026-08-02,00:30:00,2026-08-03 00:47:05,,,,,,,,,,,,,,,,,,,,
Assam,Chirang,Chirang,27.2,2026-08-03,00:30:00,100.0,2026-08-02,00:30:00,2026-08-03 00:47:05,33.25,Zone 4,65.0,Zone 5,32.7,Zone 4,61.3,Zone 5,52.3,Zone 5,64.6,Zone 5,61.8,Zone 5,66.9,Zone 5,65.0,Zone 5,68.7,Zone 5
Assam,Darrang,Dalgaon,27.3,2026-08-03,00:30:00,89.0,2026-08-02,00:30:00,2026-08-03 00:47:05,31.650000000000034,Zone 4,63.4,Zone 5,32.1,Zone 4,59.4,Zone 5,43.1,Zone 5,63.0,Zone 5,60.0,Zone 5,65.6,Zone 5,63.4,Zone 5,67.5,Zone 5
Assam,Darrang,Garukhuti,27.8,2026-08-03,00:30:00,,,,2026-08-03 00:47:05,,,,,,,,,,,,,,,,,,,,
Assam,Darrang,Mangaldai,25.7,2026-08-03,00:30:00,92.0,2026-08-02,00:30:00,2026-08-03 00:47:05,28.650000000000034,Zone 4,60.7,Zone 5,28.2,Zone 4,48.0,Zone 5,35.1,Zone 4,60.3,Zone 5,50.3,Zone 5,63.3,Zone 5,60.7,Zone 5,65.5,Zone 5
Assam,Dhemaji,Silapathar Science College,25.9,2026-08-03,00:30:00,100.0,2026-08-02,00:30:00,2026-08-03 00:47:05,29.850000000000023,Zone 4,63.2,Zone 5,30.1,Zone 4,59.2,Zone 5,42.0,Zone 5,62.8,Zone 5,59.8,Zone 5,65.4,Zone 5,63.2,Zone 5,67.4,Zone 5
Assam,Dhubri,Agomani,27.9,2026-08-03,00:30:00,,,,2026-08-03 00:47:05,,,,,,,,,,,,,,,,,,,,
Assam,Dhubri,Bn College,28.1,2026-08-03,00:30:00,100.0,2026-08-02,00:30:00,2026-08-03 00:47:05,38.25,Zone 5,66.7,Zone 5,37.1,Zone 5,63.4,Zone 5,59.8,Zone 5,66.3,Zone 5,63.9,Zone 5,68.4,Zone 5,66.7,Zone 5,70.0,Zone 5
Assam,Dhubri,Gauripur Aegcl,27.9,2026-08-03,00:30:00,,,,2026-08-03 00:47:05,,,,,,,,,,,,,,,,,,,,
Assam,Dibrugarh,Bcpl Dibrugarh,,,,43.0,2026-08-02,00:30:00,2026-08-03 00:47:05,,,,,,,,,,,,,,,,,,,,
Assam,Dibrugarh,Dc Ofc Dibrugarh,25.9,2026-08-03,00:00:00,,,,2026-08-03 00:47:05,,,,,,,,,,,,,,,,,,,,
Assam,Dibrugarh,Dibrugarh,23.2,2026-08-03,00:30:00,,,,2026-08-03 00:47:05,,,,,,,,,,,,,,,,,,,,
Assam,Dibrugarh,Lahowal,,,,14.0,2026-08-02,00:30:00,2026-08-03 00:47:05,,,,,,,,,,,,,,,,,,,,
Assam,Dima Hasao,Haflong,24.2,2026-08-03,00:30:00,82.0,2026-08-02,00:30:00,2026-08-03 00:47:05,25.450000000000045,Zone 4,48.2,Zone 5,25.2,Zone 3,36.0,Zone 4,31.0,Zone 4,46.6,Zone 5,36.5,Zone 4,59.5,Zone 5,48.2,Zone 5,62.2,Zone 5
Assam,Dima Hasao,Haflong Aegcl,25.4,2026-08-03,00:30:00,100.0,2026-08-02,00:30:00,2026-08-03 00:47:05,28.75,Zone 4,62.4,Zone 5,29.0,Zone 4,55.9,Zone 5,37.6,Zone 5,62.0,Zone 5,58.0,Zone 5,64.7,Zone 5,62.4,Zone 5,66.7,Zone 5
Assam,Dima Hasao,Lkhep,27.6,2026-08-03,00:30:00,93.0,2026-08-02,00:30:00,2026-08-03 00:47:05,33.05000000000001,Zone 4,64.3,Zone 5,32.8,Zone 4,60.5,Zone 5,48.3,Zone 5,63.9,Zone 5,61.0,Zone 5,66.3,Zone 5,64.3,Zone 5,68.2,Zone 5
Assam,Golaghat,Cnb Collage Bokakhat,27.7,2026-08-03,00:30:00,100.0,2026-08-02,00:30:00,2026-08-03 00:47:05,34.75,Zone 4,65.8,Zone 5,34.1,Zone 4,62.3,Zone 5,57.3,Zone 5,65.4,Zone 5,62.9,Zone 5,67.7,Zone 5,65.8,Zone 5,69.3,Zone 5
Assam,Hailakandi,Algapur Circle,27.0,2026-08-03,00:30:00,100.0,2026-08-02,00:30:00,2026-08-03 00:47:05,32.650000000000034,Zone 4,65.0,Zone 5,32.7,Zone 4,61.3,Zone 5,52.3,Zone 5,64.6,Zone 5,61.8,Zone 5,66.9,Zone 5,65.0,Zone 5,68.7,Zone 5
Assam,Hailakandi,Panchgram Aegcl,26.7,2026-08-03,00:30:00,100.0,2026-08-02,00:30:00,2026-08-03 00:47:05,31.850000000000023,Zone 4,64.1,Zone 5,31.3,Zone 4,60.2,Zone 5,47.0,Zone 5,63.7,Zone 5,60.8,Zone 5,66.2,Zone 5,64.1,Zone 5,68.0,Zone 5
Assam,Hajoi,Lumding,27.8,2026-08-03,00:30:00,82.0,2026-08-02,00:30:00,2026-08-03 00:47:05,31.75,Zone 4,62.6,Zone 5,32.1,Zone 4,57.1,Zone 5,39.1,Zone 4,62.2,Zone 5,59.1,Zone 5,64.9,Zone 5,62.6,Zone 5,66.9,Zone 5
Assam,Jorhat,Mariyani Aegcl,27.1,2026-08-03,00:30:00,100.0,2026-08-02,00:30:00,2026-08-03 00:47:05,32.950000000000045,Zone 4,65.0,Zone 5,32.7,Zone 4,61.3,Zone 5,52.3,Zone 5,64.6,Zone 5,61.8,Zone 5,66.9,Zone 5,65.0,Zone 5,68.7,Zone 5
Assam,Kamrup,Boko Aegcl,28.1,2026-08-03,00:30:00,100.0,2026-08-02,00:30:00,2026-08-03 00:47:05,38.25,Zone 5,66.7,Zone 5,37.1,Zone 5,63.4,Zone 5,59.8,Zone 5,66.3,Zone 5,63.9,Zone 5,68.4,Zone 5,66.7,Zone 5,70.0,Zone 5
Assam,Kamrup,Chandubi,28.6,2026-08-03,00:30:00,,,,2026-08-03 00:47:05,,,,,,,,,,,,,,,,,,,,
Assam,Kamrup,Kukurmara Mirza Aegcl,27.6,2026-08-03,00:30:00,100.0,2026-08-02,00:30:00,2026-08-03 00:47:05,34.450000000000045,Zone 4,65.8,Zone 5,34.1,Zone 4,62.3,Zone 5,57.3,Zone 5,65.4,Zone 5,62.9,Zone 5,67.7,Zone 5,65.8,Zone 5,69.3,Zone 5
Assam,Kamrup Metropolitan,Aau Hrs,28.0,2026-08-03,00:30:00,99.0,2026-08-02,00:30:00,2026-08-03 00:47:05,35.85000000000002,Zone 5,66.5,Zone 5,35.8,Zone 5,63.1,Zone 5,59.5,Zone 5,66.1,Zone 5,63.7,Zone 5,68.2,Zone 5,66.5,Zone 5,69.8,Zone 5
Assam,Kamrup Metropolitan,Down Town University,27.4,2026-08-03,00:30:00,100.0,2026-08-02,00:30:00,2026-08-03 00:47:05,33.85000000000002,Zone 4,65.8,Zone 5,34.1,Zone 4,62.3,Zone 5,57.3,Zone 5,65.4,Zone 5,62.9,Zone 5,67.7,Zone 5,65.8,Zone 5,69.3,Zone 5
Assam,Kamrup Metropolitan,Gauhati University,27.6,2026-08-03,00:30:00,,,,2026-08-03 00:47:05,,,,,,,,,,,,,,,,,,,,
Assam,Kamrup Metropolitan,Guwahati,27.8,2026-08-03,00:30:00,89.0,2026-08-02,00:30:00,2026-08-03 00:47:05,32.85000000000002,Zone 4,64.2,Zone 5,33.3,Zone 4,60.4,Zone 5,48.0,Zone 5,63.8,Zone 5,61.0,Zone 5,66.3,Zone 5,64.2,Zone 5,68.1,Zone 5
Assam,Kamrup Metropolitan,Guwahati City,27.4,2026-08-03,00:15:00,,,,2026-08-03 00:47:05,,,,,,,,,,,,,,,,,,,,
Assam,Kamrup Metropolitan,Kalakshetra,28.5,2026-08-03,00:30:00,,,,2026-08-03 00:47:05,,,,,,,,,,,,,,,,,,,,
Assam,Kamrup Metropolitan,Kamakhya,27.9,2026-08-03,00:30:00,100.0,2026-08-02,00:30:00,2026-08-03 00:47:05,36.05000000000001,Zone 5,66.7,Zone 5,37.1,Zone 5,63.4,Zone 5,59.8,Zone 5,66.3,Zone 5,63.9,Zone 5,68.4,Zone 5,66.7,Zone 5,70.0,Zone 5
Assam,Kamrup Metropolitan,N Ght College,28.4,2026-08-03,00:30:00,99.0,2026-08-02,00:30:00,2026-08-03 00:47:05,40.25,Zone 5,67.4,Zone 5,41.5,Zone 5,64.2,Zone 5,60.8,Zone 5,67.0,Zone 5,64.7,Zone 5,69.0,Zone 5,67.4,Zone 5,70.4,Zone 5
Assam,Kamrup Metropolitan,Sonapur,33.1,2026-08-03,00:30:00,,,,2026-08-03 00:47:05,,,,,,,,,,,,,,,,,,,,
Assam,Kamrup Metropolitan,Vcbc Rani,27.2,2026-08-03,00:30:00,100.0,2026-08-02,00:30:00,2026-08-03 00:47:05,33.25,Zone 4,65.0,Zone 5,32.7,Zone 4,61.3,Zone 5,52.3,Zone 5,64.6,Zone 5,61.8,Zone 5,66.9,Zone 5,65.0,Zone 5,68.7,Zone 5
Assam,Karbi Anglong(East),Bakulia,29.0,2026-08-03,00:30:00,86.0,2026-08-02,00:30:00,2026-08-03 00:47:05,35.450000000000045,Zone 4,65.2,Zone 5,35.4,Zone 4,61.6,Zone 5,53.9,Zone 5,64.8,Zone 5,62.2,Zone 5,67.1,Zone 5,65.2,Zone 5,68.9,Zone 5
Assam,Karbi Anglong(East),Diphu,27.2,2026-08-03,00:30:00,95.0,2026-08-02,00:30:00,2026-08-03 00:47:05,32.35000000000002,Zone 4,63.9,Zone 5,31.8,Zone 4,60.0,Zone 5,45.8,Zone 5,63.5,Zone 5,60.5,Zone 5,66.0,Zone 5,63.9,Zone 5,67.9,Zone 5
Assam,Karbi Anglong(West),Habang Circle,22.5,2026-08-03,00:30:00,100.0,2026-08-02,00:30:00,2026-08-03 00:47:05,24.25,Zone 3,52.5,Zone 5,24.3,Zone 3,35.4,Zone 4,30.1,Zone 4,50.9,Zone 5,36.0,Zone 4,60.4,Zone 5,52.5,Zone 5,63.0,Zone 5
Assam,Karbi Anglong(West),Kheronighat,27.9,2026-08-03,00:30:00,82.0,2026-08-02,00:30:00,2026-08-03 00:47:05,31.950000000000045,Zone 4,62.6,Zone 5,32.1,Zone 4,57.1,Zone 5,39.1,Zone 4,62.2,Zone 5,59.1,Zone 5,64.9,Zone 5,62.6,Zone 5,66.9,Zone 5
Assam,Karbi Anglong(West),Umlapher,23.5,2026-08-03,00:30:00,100.0,2026-08-02,00:30:00,2026-08-03 00:47:05,25.25,Zone 3,58.9,Zone 5,25.3,Zone 3,39.9,Zone 5,31.9,Zone 4,57.4,Zone 5,42.0,Zone 5,61.8,Zone 5,58.9,Zone 5,64.2,Zone 5
Assam,Karbi Anglong(West),Umpanai Apdcl,24.5,2026-08-03,00:30:00,100.0,2026-08-02,00:30:00,2026-08-03 00:47:05,27.05000000000001,Zone 4,60.7,Zone 5,27.0,Zone 4,47.6,Zone 5,34.0,Zone 4,60.2,Zone 5,50.0,Zone 5,63.2,Zone 5,60.7,Zone 5,65.5,Zone 5
Assam,Karimganj,Harinagar,,,,14.0,2026-08-02,00:30:00,2026-08-03 00:47:05,,,,,,,,,,,,,,,,,,,,
Assam,Kokrajhar,Salakati Aegcl,26.4,2026-08-03,00:30:00,100.0,2026-08-02,00:30:00,2026-08-03 00:47:05,31.05000000000001,Zone 4,64.1,Zone 5,31.3,Zone 4,60.2,Zone 5,47.0,Zone 5,63.7,Zone 5,60.8,Zone 5,66.2,Zone 5,64.1,Zone 5,68.0,Zone 5
Assam,Majuli,Majuli,26.2,2026-08-03,00:30:00,100.0,2026-08-02,00:30:00,2026-08-03 00:47:05,30.55000000000001,Zone 4,63.2,Zone 5,30.1,Zone 4,59.2,Zone 5,42.0,Zone 5,62.8,Zone 5,59.8,Zone 5,65.4,Zone 5,63.2,Zone 5,67.4,Zone 5
Assam,Marigaon,Dharamtul,28.7,2026-08-03,00:00:00,,,,2026-08-03 00:47:05,,,,,,,,,,,,,,,,,,,,
Assam,Marigaon,Laharighat,28.0,2026-08-03,00:30:00,89.0,2026-08-02,00:30:00,2026-08-03 00:47:05,33.35000000000002,Zone 4,64.2,Zone 5,33.3,Zone 4,60.4,Zone 5,48.0,Zone 5,63.8,Zone 5,61.0,Zone 5,66.3,Zone 5,64.2,Zone 5,68.1,Zone 5
Assam,Marigaon,Marigaon,28.4,2026-08-03,00:30:00,100.0,2026-08-02,00:30:00,2026-08-03 00:47:05,41.75,Zone 5,67.6,Zone 5,43.1,Zone 5,64.5,Zone 5,61.2,Zone 5,67.2,Zone 5,65.0,Zone 5,69.2,Zone 5,67.6,Zone 5,70.6,Zone 5
Assam,Nagaon,Kampur,25.9,2026-08-03,00:00:00,,,,2026-08-03 00:47:05,,,,,,,,,,,,,,,,,,,,
Assam,Nagaon,Samaguri Aegcl,28.2,2026-08-03,00:30:00,100.0,2026-08-02,00:30:00,2026-08-03 00:47:05,39.35000000000002,Zone 5,66.7,Zone 5,37.1,Zone 5,63.4,Zone 5,59.8,Zone 5,66.3,Zone 5,63.9,Zone 5,68.4,Zone 5,66.7,Zone 5,70.0,Zone 5
Assam,Nalbari,Nalbari,32.8,2026-08-03,00:15:00,,,,2026-08-03 00:47:05,,,,,,,,,,,,,,,,,,,,
Assam,Nalbari,Tihu,28.4,2026-08-03,00:30:00,85.0,2026-08-02,00:30:00,2026-08-03 00:47:05,33.55000000000001,Zone 4,64.2,Zone 5,33.9,Zone 4,60.3,Zone 5,47.5,Zone 5,63.8,Zone 5,60.9,Zone 5,66.2,Zone 5,64.2,Zone 5,68.1,Zone 5
Assam,Sivasagar,Sivsagar Aegcl,27.6,2026-08-03,00:15:00,,,,2026-08-03 00:47:05,,,,,,,,,,,,,,,,,,,,
Assam,Sonitpur,Dhekiajuli Aegcl,27.2,2026-08-03,00:15:00,,,,2026-08-03 00:47:05,,,,,,,,,,,,,,,,,,,,
Assam,Sonitpur,Ghoramara Aegcl,27.3,2026-08-03,00:30:00,100.0,2026-08-02,00:30:00,2026-08-03 00:47:05,33.55000000000001,Zone 4,65.8,Zone 5,34.1,Zone 4,62.3,Zone 5,57.3,Zone 5,65.4,Zone 5,62.9,Zone 5,67.7,Zone 5,65.8,Zone 5,69.3,Zone 5
Assam,Sonitpur,Neriwalam,27.9,2026-08-03,00:30:00,88.0,2026-08-02,00:30:00,2026-08-03 00:47:05,32.85000000000002,Zone 4,64.0,Zone 5,33.1,Zone 4,60.1,Zone 5,46.6,Zone 5,63.6,Zone 5,60.7,Zone 5,66.1,Zone 5,64.0,Zone 5,68.0,Zone 5
Assam,Tinsukia,Margherita,27.2,2026-08-03,00:30:00,100.0,2026-08-02,00:30:00,2026-08-03 00:47:05,33.25,Zone 4,65.0,Zone 5,32.7,Zone 4,61.3,Zone 5,52.3,Zone 5,64.6,Zone 5,61.8,Zone 5,66.9,Zone 5,65.0,Zone 5,68.7,Zone 5
Assam,Tinsukia,Ntps Apdcl,27.2,2026-08-03,00:30:00,100.0,2026-08-02,00:30:00,2026-08-03 00:47:05,33.25,Zone 4,65.0,Zone 5,32.7,Zone 4,61.3,Zone 5,52.3,Zone 5,64.6,Zone 5,61.8,Zone 5,66.9,Zone 5,65.0,Zone 5,68.7,Zone 5
Assam,Tinsukia,Rupai Aegcl,27.1,2026-08-03,00:15:00,,,,2026-08-03 00:47:05,,,,,,,,,,,,,,,,,,,,
Assam,Udalguri,Rowta Aegcl,26.8,2026-08-03,00:30:00,100.0,2026-08-02,00:30:00,2026-08-03 00:47:05,32.150000000000034,Zone 4,65.0,Zone 5,32.7,Zone 4,61.3,Zone 5,52.3,Zone 5,64.6,Zone 5,61.8,Zone 5,66.9,Zone 5,65.0,Zone 5,68.7,Zone 5
Assam,Udalguri,Tangla,27.1,2026-08-03,00:30:00,98.0,2026-08-02,00:30:00,2026-08-03 00:47:05,32.55000000000001,Zone 4,64.5,Zone 5,32.3,Zone 4,60.7,Zone 5,49.7,Zone 5,64.1,Zone 5,61.3,Zone 5,66.5,Zone 5,64.5,Zone 5,68.3,Zone 5
Assam,Udalguri,Udalguri,26.6,2026-08-03,00:30:00,100.0,2026-08-02,00:30:00,2026-08-03 00:47:05,31.55000000000001,Zone 4,64.1,Zone 5,31.3,Zone 4,60.2,Zone 5,47.0,Zone 5,63.7,Zone 5,60.8,Zone 5,66.2,Zone 5,64.1,Zone 5,68.0,Zone 5
Assam,Udalguri,Udi Kvk,26.9,2026-08-03,00:30:00,,,,2026-08-03 00:47:05,,,,,,,,,,,,,,,,,,,,
Bihar,Arwal,Arwal Aws400,27.4,2026-08-03,00:30:00,100.0,2026-08-02,00:30:00,2026-08-03 00:47:05,33.85000000000002,Zone 4,65.8,Zone 5,34.1,Zone 4,62.3,Zone 5,57.3,Zone 5,65.4,Zone 5,62.9,Zone 5,67.7,Zone 5,65.8,Zone 5,69.3,Zone 5
Bihar,Aurangabad,Aurangabad Kvk,26.6,2026-08-03,00:30:00,100.0,2026-08-02,00:30:00,2026-08-03 00:47:05,31.55000000000001,Zone 4,64.1,Zone 5,31.3,Zone 4,60.2,Zone 5,47.0,Zone 5,63.7,Zone 5,60.8,Zone 5,66.2,Zone 5,64.1,Zone 5,68.0,Zone 5
Bihar,Buxar,Dumaraon,26.5,2026-08-03,00:30:00,100.0,2026-08-02,00:30:00,2026-08-03 00:47:05,31.350000000000023,Zone 4,64.1,Zone 5,31.3,Zone 4,60.2,Zone 5,47.0,Zone 5,63.7,Zone 5,60.8,Zone 5,66.2,Zone 5,64.1,Zone 5,68.0,Zone 5
Bihar,Darbhanga,Darbhanga Aws400,28.5,2026-08-03,00:30:00,100.0,2026-08-02,00:30:00,2026-08-03 00:47:05,43.05000000000001,Zone 5,67.6,Zone 5,43.1,Zone 5,64.5,Zone 5,61.2,Zone 5,67.2,Zone 5,65.0,Zone 5,69.2,Zone 5,67.6,Zone 5,70.6,Zone 5
Bihar,East Champaran,East Champaran Kvk,,,,10.0,2026-08-02,00:30:00,2026-08-03 00:47:05,,,,,,,,,,,,,,,,,,,,
Bihar,Gaya,Bodhgaya,27.5,2026-08-03,00:30:00,94.0,2026-08-02,00:30:00,2026-08-03 00:47:05,32.950000000000045,Zone 4,64.5,Zone 5,32.9,Zone 4,60.7,Zone 5,49.7,Zone 5,64.1,Zone 5,61.3,Zone 5,66.5,Zone 5,64.5,Zone 5,68.3,Zone 5
Bihar,Gaya,Gaya Cusb,30.3,2026-08-03,00:30:00,92.0,2026-08-02,00:30:00,2026-08-03 00:47:05,53.35000000000002,Zone 5,69.2,Zone 5,56.0,Zone 5,66.5,Zone 5,63.6,Zone 5,68.9,Zone 5,67.0,Zone 5,70.6,Zone 5,69.2,Zone 5,72.3,Zone 6
Bihar,Jehanabad,Jehanabad,28.5,2026-08-03,00:30:00,100.0,2026-08-02,00:30:00,2026-08-03 00:47:05,43.05000000000001,Zone 5,67.6,Zone 5,43.1,Zone 5,64.5,Zone 5,61.2,Zone 5,67.2,Zone 5,65.0,Zone 5,69.2,Zone 5,67.6,Zone 5,70.6,Zone 5
Bihar,Kaimur,Bhabua,30.9,2026-08-03,00:30:00,84.0,2026-08-02,00:30:00,2026-08-03 00:47:05,45.85000000000002,Zone 5,68.1,Zone 5,47.1,Zone 5,65.1,Zone 5,61.9,Zone 5,67.7,Zone 5,65.6,Zone 5,69.6,Zone 5,68.1,Zone 5,71.0,Zone 5
Bihar,Madhepura,Madhepura,28.1,2026-08-03,00:30:00,100.0,2026-08-02,00:30:00,2026-08-03 00:47:05,38.25,Zone 5,66.7,Zone 5,37.1,Zone 5,63.4,Zone 5,59.8,Zone 5,66.3,Zone 5,63.9,Zone 5,68.4,Zone 5,66.7,Zone 5,70.0,Zone 5
Bihar,Madhubani,Chanpur Basaitha,29.4,2026-08-03,00:30:00,94.0,2026-08-02,00:30:00,2026-08-03 00:47:05,44.650000000000034,Zone 5,68.0,Zone 5,46.0,Zone 5,64.9,Zone 5,61.7,Zone 5,67.6,Zone 5,65.5,Zone 5,69.5,Zone 5,68.0,Zone 5,70.9,Zone 5
Bihar,Madhubani,Sukhet,27.8,2026-08-03,00:30:00,100.0,2026-08-02,00:30:00,2026-08-03 00:47:05,35.05000000000001,Zone 5,66.7,Zone 5,37.1,Zone 5,63.4,Zone 5,59.8,Zone 5,66.3,Zone 5,63.9,Zone 5,68.4,Zone 5,66.7,Zone 5,70.0,Zone 5
Bihar,Munger,Kvk Munger,26.9,2026-08-03,00:30:00,100.0,2026-08-02,00:30:00,2026-08-03 00:47:05,32.35000000000002,Zone 4,65.0,Zone 5,32.7,Zone 4,61.3,Zone 5,52.3,Zone 5,64.6,Zone 5,61.8,Zone 5,66.9,Zone 5,65.0,Zone 5,68.7,Zone 5
Bihar,Nalanda,Rajgir,27.8,2026-08-03,00:30:00,100.0,2026-08-02,00:30:00,2026-08-03 00:47:05,35.05000000000001,Zone 5,66.7,Zone 5,37.1,Zone 5,63.4,Zone 5,59.8,Zone 5,66.3,Zone 5,63.9,Zone 5,68.4,Zone 5,66.7,Zone 5,70.0,Zone 5
Bihar,Patna,Baldwin Academy,29.3,2026-08-03,00:30:00,95.0,2026-08-02,00:30:00,2026-08-03 00:47:05,45.150000000000034,Zone 5,68.2,Zone 5,47.9,Zone 5,65.2,Zone 5,62.1,Zone 5,67.8,Zone 5,65.7,Zone 5,69.7,Zone 5,68.2,Zone 5,71.1,Zone 5
Bihar,Patna,Danapur Dps,31.8,2026-08-03,00:30:00,92.0,2026-08-02,00:30:00,2026-08-03 00:47:05,62.75,Zone 5,72.2,Zone 6,63.4,Zone 5,69.7,Zone 5,67.6,Zone 5,71.6,Zone 6,70.2,Zone 5,74.6,Zone 6,72.2,Zone 6,77.4,Zone 6
Bihar,Patna,Iit Patna,27.5,2026-08-03,00:30:00,100.0,2026-08-02,00:30:00,2026-08-03 00:47:05,34.150000000000034,Zone 4,65.8,Zone 5,34.1,Zone 4,62.3,Zone 5,57.3,Zone 5,65.4,Zone 5,62.9,Zone 5,67.7,Zone 5,65.8,Zone 5,69.3,Zone 5
Bihar,Patna,Kvk Barh,28.5,2026-08-03,00:30:00,100.0,2026-08-02,00:30:00,2026-08-03 00:47:05,43.05000000000001,Zone 5,67.6,Zone 5,43.1,Zone 5,64.5,Zone 5,61.2,Zone 5,67.2,Zone 5,65.0,Zone 5,69.2,Zone 5,67.6,Zone 5,70.6,Zone 5
Bihar,Patna,Patna,29.1,2026-08-03,00:30:00,94.0,2026-08-02,00:30:00,2026-08-03 00:47:05,40.85000000000002,Zone 5,67.1,Zone 5,39.7,Zone 5,63.9,Zone 5,60.4,Zone 5,66.7,Zone 5,64.4,Zone 5,68.7,Zone 5,67.1,Zone 5,70.2,Zone 5
Bihar,Purnea,Purnea Imd,39.5,2026-08-03,00:15:00,,,,2026-08-03 00:47:05,,,,,,,,,,,,,,,,,,,,
Bihar,Rohtas,Bikramganj,34.0,2026-08-03,00:30:00,100.0,2026-08-02,00:30:00,2026-08-03 00:47:05,75.05000000000001,Zone 6,83.9,Zone 6,75.1,Zone 6,80.3,Zone 6,78.0,Zone 6,83.2,Zone 6,81.0,Zone 6,86.1,Zone 6,83.9,Zone 6,88.9,Zone 6
Bihar,Rohtas,Dehri,24.1,2026-08-03,00:30:00,94.0,2026-08-02,00:30:00,2026-08-03 00:47:05,25.950000000000045,Zone 4,57.7,Zone 5,25.8,Zone 4,38.6,Zone 5,32.2,Zone 4,56.2,Zone 5,40.6,Zone 5,61.5,Zone 5,57.7,Zone 5,64.0,Zone 5
Bihar,Saharsa,Agwanpur Aws400,28.2,2026-08-03,00:30:00,100.0,2026-08-02,00:30:00,2026-08-03 00:47:05,39.35000000000002,Zone 5,66.7,Zone 5,37.1,Zone 5,63.4,Zone 5,59.8,Zone 5,66.3,Zone 5,63.9,Zone 5,68.4,Zone 5,66.7,Zone 5,70.0,Zone 5
Bihar,Samastipur,Pusa Aws400,28.0,2026-08-03,00:30:00,100.0,2026-08-02,00:30:00,2026-08-03 00:47:05,37.150000000000034,Zone 5,66.7,Zone 5,37.1,Zone 5,63.4,Zone 5,59.8,Zone 5,66.3,Zone 5,63.9,Zone 5,68.4,Zone 5,66.7,Zone 5,70.0,Zone 5
Bihar,Saran,Manjhi,27.3,2026-08-03,00:30:00,100.0,2026-08-02,00:30:00,2026-08-03 00:47:05,33.55000000000001,Zone 4,65.8,Zone 5,34.1,Zone 4,62.3,Zone 5,57.3,Zone 5,65.4,Zone 5,62.9,Zone 5,67.7,Zone 5,65.8,Zone 5,69.3,Zone 5
Bihar,Sheikpura,Sheikpura Kvk,28.1,2026-08-03,00:30:00,,,,2026-08-03 00:47:05,,,,,,,,,,,,,,,,,,,,
Bihar,Siwan,Ziradei,27.4,2026-08-03,00:30:00,100.0,2026-08-02,00:30:00,2026-08-03 00:47:05,33.85000000000002,Zone 4,65.8,Zone 5,34.1,Zone 4,62.3,Zone 5,57.3,Zone 5,65.4,Zone 5,62.9,Zone 5,67.7,Zone 5,65.8,Zone 5,69.3,Zone 5
Bihar,Supaul,Supaul Aws400,27.4,2026-08-03,00:30:00,100.0,2026-08-02,00:30:00,2026-08-03 00:47:05,33.85000000000002,Zone 4,65.8,Zone 5,34.1,Zone 4,62.3,Zone 5,57.3,Zone 5,65.4,Zone 5,62.9,Zone 5,67.7,Zone 5,65.8,Zone 5,69.3,Zone 5
Bihar,Vaishali,Vaishali,28.1,2026-08-03,00:30:00,100.0,2026-08-02,00:30:00,2026-08-03 00:47:05,38.25,Zone 5,66.7,Zone 5,37.1,Zone 5,63.4,Zone 5,59.8,Zone 5,66.3,Zone 5,63.9,Zone 5,68.4,Zone 5,66.7,Zone 5,70.0,Zone 5
Chandigarh,Chandigarh,Chandigarh,29.8,2026-08-03,00:30:00,,,,2026-08-03 00:47:05,,,,,,,,,,,,,,,,,,,,
Chandigarh,Chandigarh,Dav School,29.1,2026-08-03,00:30:00,91.0,2026-08-02,00:30:00,2026-08-03 00:47:05,37.05000000000001,Zone 4,66.4,Zone 5,36.7,Zone 4,63.0,Zone 5,59.4,Zone 5,66.0,Zone 5,63.6,Zone 5,68.2,Zone 5,66.4,Zone 5,69.7,Zone 5
Chhattisgarh,Balod,Balod Aws400,27.1,2026-08-03,00:30:00,97.0,2026-08-02,00:30:00,2026-08-03 00:47:05,32.450000000000045,Zone 4,64.3,Zone 5,32.1,Zone 4,60.5,Zone 5,48.4,Zone 5,63.9,Zone 5,61.1,Zone 5,66.4,Zone 5,64.3,Zone 5,68.2,Zone 5
Chhattisgarh,Balrampur,Balrampur,27.0,2026-08-03,00:30:00,,,,2026-08-03 00:47:05,,,,,,,,,,,,,,,,,,,,
Chhattisgarh,Balrampur,Balrampur Aws400,26.2,2026-08-03,00:30:00,100.0,2026-08-02,00:30:00,2026-08-03 00:47:05,30.55000000000001,Zone 4,63.2,Zone 5,30.1,Zone 4,59.2,Zone 5,42.0,Zone 5,62.8,Zone 5,59.8,Zone 5,65.4,Zone 5,63.2,Zone 5,67.4,Zone 5
Chhattisgarh,Bemetara,Bemetara,27.5,2026-08-03,00:30:00,99.0,2026-08-02,00:30:00,2026-08-03 00:47:05,33.950000000000045,Zone 4,65.6,Zone 5,33.9,Zone 4,62.1,Zone 5,56.1,Zone 5,65.2,Zone 5,62.6,Zone 5,67.5,Zone 5,65.6,Zone 5,69.1,Zone 5
Chhattisgarh,Bemetara,Bemetara Durg,29.0,2026-08-03,00:30:00,,,,2026-08-03 00:47:05,,,,,,,,,,,,,,,,,,,,
Chhattisgarh,Bilaspur,Bilaspur,28.0,2026-08-03,00:30:00,91.0,2026-08-02,00:30:00,2026-08-03 00:47:05,33.75,Zone 4,64.7,Zone 5,33.7,Zone 4,61.0,Zone 5,50.8,Zone 5,64.3,Zone 5,61.5,Zone 5,66.7,Zone 5,64.7,Zone 5,68.5,Zone 5
Chhattisgarh,Dhamtari,Dhamtari,,,,21.0,2026-08-02,00:30:00,2026-08-03 00:47:05,,,,,,,,,,,,,,,,,,,,
Chhattisgarh,Dhamtari,Nagri,,,,92.0,2026-08-02,00:30:00,2026-08-03 00:47:05,,,,,,,,,,,,,,,,,,,,
Chhattisgarh,Gariaband,Gariaband,27.5,2026-08-03,00:15:00,,,,2026-08-03 00:47:05,,,,,,,,,,,,,,,,,,,,
Chhattisgarh,Janjgir Champa,Janjgir,27.5,2026-08-03,00:30:00,32.0,2026-08-02,00:30:00,2026-08-03 00:47:05,26.75,Zone 4,39.0,Zone 4,26.8,Zone 4,35.0,Zone 4,31.2,Zone 4,38.8,Zone 4,35.2,Zone 4,42.5,Zone 4,39.0,Zone 4,51.2,Zone 5
Chhattisgarh,Janjgir Champa,Nawagarh,27.9,2026-08-03,00:30:00,98.0,2026-08-02,00:30:00,2026-08-03 00:47:05,34.950000000000045,Zone 4,66.3,Zone 5,35.2,Zone 4,62.9,Zone 5,59.2,Zone 5,65.9,Zone 5,63.4,Zone 5,68.0,Zone 5,66.3,Zone 5,69.6,Zone 5
Chhattisgarh,Janjgir Champa,Sakti,27.5,2026-08-03,00:30:00,100.0,2026-08-02,00:30:00,2026-08-03 00:47:05,34.150000000000034,Zone 4,65.8,Zone 5,34.1,Zone 4,62.3,Zone 5,57.3,Zone 5,65.4,Zone 5,62.9,Zone 5,67.7,Zone 5,65.8,Zone 5,69.3,Zone 5
Chhattisgarh,Korba,Lakhanpur Kvk,27.6,2026-08-03,00:30:00,,,,2026-08-03 00:47:05,,,,,,,,,,,,,,,,,,,,
Chhattisgarh,Mahasamund,Pithora,27.2,2026-08-03,00:30:00,81.0,2026-08-02,00:30:00,2026-08-03 00:47:05,30.350000000000023,Zone 4,60.8,Zone 5,30.0,Zone 4,48.3,Zone 5,36.5,Zone 4,60.4,Zone 5,50.6,Zone 5,63.3,Zone 5,60.8,Zone 5,65.6,Zone 5
Chhattisgarh,Mungeli,Lormi,28.1,2026-08-03,00:30:00,90.0,2026-08-02,00:30:00,2026-08-03 00:47:05,33.75,Zone 4,64.5,Zone 5,33.5,Zone 4,60.7,Zone 5,49.4,Zone 5,64.1,Zone 5,61.3,Zone 5,66.5,Zone 5,64.5,Zone 5,68.3,Zone 5
Chhattisgarh,Mungeli,Mungeli,28.5,2026-08-03,00:30:00,85.0,2026-08-02,00:30:00,2026-08-03 00:47:05,33.85000000000002,Zone 4,64.2,Zone 5,33.9,Zone 4,60.3,Zone 5,47.5,Zone 5,63.8,Zone 5,60.9,Zone 5,66.2,Zone 5,64.2,Zone 5,68.1,Zone 5
Chhattisgarh,Mungeli,Mungeli Aws400,27.9,2026-08-03,00:30:00,89.0,2026-08-02,00:30:00,2026-08-03 00:47:05,33.05000000000001,Zone 4,64.2,Zone 5,33.3,Zone 4,60.4,Zone 5,48.0,Zone 5,63.8,Zone 5,61.0,Zone 5,66.3,Zone 5,64.2,Zone 5,68.1,Zone 5
Chhattisgarh,Pendra Road,Pendra Road,26.3,2026-08-03,00:30:00,100.0,2026-08-02,00:30:00,2026-08-03 00:47:05,30.850000000000023,Zone 4,64.1,Zone 5,31.3,Zone 4,60.2,Zone 5,47.0,Zone 5,63.7,Zone 5,60.8,Zone 5,66.2,Zone 5,64.1,Zone 5,68.0,Zone 5
Chhattisgarh,Raigarh,Raigarh,28.1,2026-08-03,00:30:00,100.0,2026-08-02,00:30:00,2026-08-03 00:47:05,38.25,Zone 5,66.7,Zone 5,37.1,Zone 5,63.4,Zone 5,59.8,Zone 5,66.3,Zone 5,63.9,Zone 5,68.4,Zone 5,66.7,Zone 5,70.0,Zone 5
Chhattisgarh,Raipur,Naya Raipur,28.3,2026-08-03,00:30:00,93.0,2026-08-02,00:30:00,2026-08-03 00:47:05,34.950000000000045,Zone 4,66.0,Zone 5,35.6,Zone 4,62.5,Zone 5,58.3,Zone 5,65.6,Zone 5,63.1,Zone 5,67.8,Zone 5,66.0,Zone 5,69.4,Zone 5
Chhattisgarh,Raipur,Raipur,28.1,2026-08-03,00:30:00,91.0,2026-08-02,00:30:00,2026-08-03 00:47:05,33.950000000000045,Zone 4,64.7,Zone 5,33.7,Zone 4,61.0,Zone 5,50.8,Zone 5,64.3,Zone 5,61.5,Zone 5,66.7,Zone 5,64.7,Zone 5,68.5,Zone 5
Chhattisgarh,Raipur,Tilda,28.2,2026-08-03,00:30:00,94.0,2026-08-02,00:30:00,2026-08-03 00:47:05,34.950000000000045,Zone 4,65.4,Zone 5,34.3,Zone 4,61.8,Zone 5,54.8,Zone 5,65.0,Zone 5,62.3,Zone 5,67.3,Zone 5,65.4,Zone 5,69.0,Zone 5
Chhattisgarh,Rajnandgaon,Rajnandgaon,27.7,2026-08-03,00:30:00,88.0,2026-08-02,00:30:00,2026-08-03 00:47:05,32.450000000000045,Zone 4,63.2,Zone 5,31.9,Zone 4,59.1,Zone 5,41.8,Zone 5,62.8,Zone 5,59.7,Zone 5,65.4,Zone 5,63.2,Zone 5,67.4,Zone 5
Chhattisgarh,Sukma,Sukma,26.3,2026-08-03,00:30:00,100.0,2026-08-02,00:30:00,2026-08-03 00:47:05,30.850000000000023,Zone 4,64.1,Zone 5,31.3,Zone 4,60.2,Zone 5,47.0,Zone 5,63.7,Zone 5,60.8,Zone 5,66.2,Zone 5,64.1,Zone 5,68.0,Zone 5
Chhattisgarh,Surajpur,Surajpur Aws400,27.0,2026-08-03,00:00:00,,,,2026-08-03 00:47:05,,,,,,,,,,,,,,,,,,,,
Dadra And Nagar Haveli,Dadar Nagar,Silvassa,26.3,2026-08-03,00:30:00,100.0,2026-08-02,00:30:00,2026-08-03 00:47:05,30.850000000000023,Zone 4,64.1,Zone 5,31.3,Zone 4,60.2,Zone 5,47.0,Zone 5,63.7,Zone 5,60.8,Zone 5,66.2,Zone 5,64.1,Zone 5,68.0,Zone 5
Daman And Diu,Daman,Daman Aws,26.4,2026-08-03,00:30:00,100.0,2026-08-02,00:30:00,2026-08-03 00:47:05,31.05000000000001,Zone 4,64.1,Zone 5,31.3,Zone 4,60.2,Zone 5,47.0,Zone 5,63.7,Zone 5,60.8,Zone 5,66.2,Zone 5,64.1,Zone 5,68.0,Zone 5
Daman And Diu,Diu,Diu,27.2,2026-08-03,00:30:00,89.0,2026-08-02,00:30:00,2026-08-03 00:47:05,31.350000000000023,Zone 4,62.6,Zone 5,31.0,Zone 4,56.8,Zone 5,38.6,Zone 5,62.2,Zone 5,58.9,Zone 5,64.9,Zone 5,62.6,Zone 5,66.9,Zone 5
Delhi,East Delhi,Salwan Public School,28.0,2026-08-03,00:30:00,99.0,2026-08-02,00:30:00,2026-08-03 00:47:05,35.85000000000002,Zone 5,66.5,Zone 5,35.8,Zone 5,63.1,Zone 5,59.5,Zone 5,66.1,Zone 5,63.7,Zone 5,68.2,Zone 5,66.5,Zone 5,69.8,Zone 5
Delhi,New Delhi,Pragati Maidan,29.1,2026-08-03,00:30:00,79.0,2026-08-02,00:30:00,2026-08-03 00:47:05,34.150000000000034,Zone 4,63.5,Zone 5,33.9,Zone 4,59.6,Zone 5,43.8,Zone 5,63.1,Zone 5,60.1,Zone 5,65.7,Zone 5,63.5,Zone 5,67.6,Zone 5
Delhi,North West Delhi,Mungeshpur,29.1,2026-08-03,00:30:00,92.0,2026-08-02,00:30:00,2026-08-03 00:47:05,37.75,Zone 5,66.6,Zone 5,37.0,Zone 4,63.3,Zone 5,59.7,Zone 5,66.3,Zone 5,63.9,Zone 5,68.4,Zone 5,66.6,Zone 5,69.9,Zone 5
Delhi,North West Delhi,Pitampura,30.9,2026-08-03,00:30:00,100.0,2026-08-02,00:30:00,2026-08-03 00:47:05,63.450000000000045,Zone 5,72.6,Zone 6,63.8,Zone 5,70.0,Zone 5,67.9,Zone 5,72.0,Zone 6,70.4,Zone 5,74.9,Zone 6,72.6,Zone 6,77.8,Zone 6
Delhi,South Delhi,Pharma Science And Research Un,29.5,2026-08-03,00:30:00,89.0,2026-08-02,00:30:00,2026-08-03 00:47:05,37.75,Zone 4,66.8,Zone 5,37.8,Zone 4,63.5,Zone 5,60.0,Zone 5,66.4,Zone 5,64.0,Zone 5,68.5,Zone 5,66.8,Zone 5,70.0,Zone 5
Delhi,South West Delhi,Ayanagar,27.8,2026-08-03,00:30:00,91.0,2026-08-02,00:30:00,2026-08-03 00:47:05,33.150000000000034,Zone 4,64.7,Zone 5,33.7,Zone 4,61.0,Zone 5,50.8,Zone 5,64.3,Zone 5,61.5,Zone 5,66.7,Zone 5,64.7,Zone 5,68.5,Zone 5
Delhi,South West Delhi,Ignou,28.4,2026-08-03,00:30:00,86.0,2026-08-02,00:30:00,2026-08-03 00:47:05,33.75,Zone 4,64.4,Zone 5,34.1,Zone 4,60.6,Zone 5,48.9,Zone 5,64.0,Zone 5,61.2,Zone 5,66.4,Zone 5,64.4,Zone 5,68.2,Zone 5
Delhi,South West Delhi,Jafarpur,29.1,2026-08-03,00:30:00,,,,2026-08-03 00:47:05,,,,,,,,,,,,,,,,,,,,
Delhi,South West Delhi,Kvk Crpf Campus,30.2,2026-08-03,00:30:00,80.0,2026-08-02,00:30:00,2026-08-03 00:47:05,37.35000000000002,Zone 4,65.4,Zone 5,36.8,Zone 4,61.8,Zone 5,55.1,Zone 5,65.0,Zone 5,62.4,Zone 5,67.3,Zone 5,65.4,Zone 5,69.0,Zone 5
Delhi,South West Delhi,Kv Narayna,27.5,2026-08-03,00:30:00,95.0,2026-08-02,00:30:00,2026-08-03 00:47:05,33.150000000000034,Zone 4,64.7,Zone 5,33.1,Zone 4,61.0,Zone 5,51.0,Zone 5,64.3,Zone 5,61.6,Zone 5,66.7,Zone 5,64.7,Zone 5,68.5,Zone 5
Delhi,South West Delhi,Najafgarh,30.2,2026-08-03,00:30:00,100.0,2026-08-02,00:30:00,2026-08-03 00:47:05,60.85000000000002,Zone 5,70.2,Zone 5,60.2,Zone 5,67.7,Zone 5,65.2,Zone 5,69.9,Zone 5,68.2,Zone 5,71.4,Zone 5,70.2,Zone 5,74.3,Zone 6
Delhi,West Delhi,Kv Janakpuri,29.5,2026-08-03,00:30:00,93.0,2026-08-02,00:30:00,2026-08-03 00:47:05,44.25,Zone 5,67.7,Zone 5,44.2,Zone 5,64.6,Zone 5,61.4,Zone 5,67.4,Zone 5,65.2,Zone 5,69.3,Zone 5,67.7,Zone 5,70.7,Zone 5
Goa,North Goa,Goa State Biodiversity Board,26.4,2026-08-03,00:30:00,99.0,2026-08-02,00:30:00,2026-08-03 00:47:05,30.950000000000045,Zone 4,63.9,Zone 5,31.2,Zone 4,60.0,Zone 5,45.8,Zone 5,63.5,Zone 5,60.5,Zone 5,66.0,Zone 5,63.9,Zone 5,67.9,Zone 5
Goa,North Goa,Mopa Airport,24.9,2026-08-03,00:30:00,100.0,2026-08-02,00:30:00,2026-08-03 00:47:05,27.75,Zone 4,61.5,Zone 5,28.0,Zone 4,51.8,Zone 5,35.2,Zone 4,61.1,Zone 5,54.1,Zone 5,64.0,Zone 5,61.5,Zone 5,66.1,Zone 5
Goa,Panaji,Altinho Imdoffice,25.8,2026-08-03,00:30:00,80.0,2026-08-02,00:30:00,2026-08-03 00:47:05,27.75,Zone 4,58.9,Zone 5,28.1,Zone 4,40.0,Zone 5,34.3,Zone 4,57.4,Zone 5,42.0,Zone 5,61.8,Zone 5,58.9,Zone 5,64.2,Zone 5
Gujarat,Ahmedabad,Ahmedabad,27.5,2026-08-03,00:30:00,96.0,2026-08-02,00:30:00,2026-08-03 00:47:05,33.35000000000002,Zone 4,65.0,Zone 5,33.3,Zone 4,61.3,Zone 5,52.3,Zone 5,64.6,Zone 5,61.8,Zone 5,66.9,Zone 5,65.0,Zone 5,68.7,Zone 5
Gujarat,Ahmedabad,Dhorela,26.4,2026-08-03,00:30:00,100.0,2026-08-02,00:30:00,2026-08-03 00:47:05,31.05000000000001,Zone 4,64.1,Zone 5,31.3,Zone 4,60.2,Zone 5,47.0,Zone 5,63.7,Zone 5,60.8,Zone 5,66.2,Zone 5,64.1,Zone 5,68.0,Zone 5
Gujarat,Ahmedabad,Science City,26.5,2026-08-03,00:30:00,100.0,2026-08-02,00:30:00,2026-08-03 00:47:05,31.350000000000023,Zone 4,64.1,Zone 5,31.3,Zone 4,60.2,Zone 5,47.0,Zone 5,63.7,Zone 5,60.8,Zone 5,66.2,Zone 5,64.1,Zone 5,68.0,Zone 5
Gujarat,Amreli,Dhari Aws400,26.0,2026-08-03,00:30:00,100.0,2026-08-02,00:30:00,2026-08-03 00:47:05,30.150000000000034,Zone 4,63.2,Zone 5,30.1,Zone 4,59.2,Zone 5,42.0,Zone 5,62.8,Zone 5,59.8,Zone 5,65.4,Zone 5,63.2,Zone 5,67.4,Zone 5
Gujarat,Amreli,Rajula,28.8,2026-08-03,00:30:00,93.0,2026-08-02,00:30:00,2026-08-03 00:47:05,36.55000000000001,Zone 4,66.9,Zone 5,38.2,Zone 5,63.6,Zone 5,60.1,Zone 5,66.5,Zone 5,64.1,Zone 5,68.5,Zone 5,66.9,Zone 5,70.1,Zone 5
Gujarat,Anand,Khambhat Aws400,26.6,2026-08-03,00:30:00,100.0,2026-08-02,00:30:00,2026-08-03 00:47:05,31.55000000000001,Zone 4,64.1,Zone 5,31.3,Zone 4,60.2,Zone 5,47.0,Zone 5,63.7,Zone 5,60.8,Zone 5,66.2,Zone 5,64.1,Zone 5,68.0,Zone 5
Gujarat,Arawali,Modasa,26.4,2026-08-03,00:30:00,100.0,2026-08-02,00:30:00,2026-08-03 00:47:05,31.05000000000001,Zone 4,64.1,Zone 5,31.3,Zone 4,60.2,Zone 5,47.0,Zone 5,63.7,Zone 5,60.8,Zone 5,66.2,Zone 5,64.1,Zone 5,68.0,Zone 5
Gujarat,Banaskantha,Ambaji Temple,25.2,2026-08-03,00:30:00,100.0,2026-08-02,00:30:00,2026-08-03 00:47:05,28.350000000000023,Zone 4,61.5,Zone 5,28.0,Zone 4,51.8,Zone 5,35.2,Zone 4,61.1,Zone 5,54.1,Zone 5,64.0,Zone 5,61.5,Zone 5,66.1,Zone 5
Gujarat,Bharuch,Hansot Aws400,26.6,2026-08-03,00:15:00,,,,2026-08-03 00:47:05,,,,,,,,,,,,,,,,,,,,
Gujarat,Bhavnagar,Bhavnagar,27.3,2026-08-03,00:30:00,97.0,2026-08-02,00:30:00,2026-08-03 00:47:05,32.950000000000045,Zone 4,65.2,Zone 5,33.5,Zone 4,61.5,Zone 5,53.6,Zone 5,64.8,Zone 5,62.1,Zone 5,67.1,Zone 5,65.2,Zone 5,68.8,Zone 5
Gujarat,Bhavnagar,Talaja Aws400,27.1,2026-08-03,00:30:00,91.0,2026-08-02,00:30:00,2026-08-03 00:47:05,31.450000000000045,Zone 4,63.0,Zone 5,31.2,Zone 4,58.7,Zone 5,40.9,Zone 5,62.6,Zone 5,59.5,Zone 5,65.2,Zone 5,63.0,Zone 5,67.2,Zone 5
Gujarat,Botad,Botad,26.3,2026-08-03,00:30:00,100.0,2026-08-02,00:30:00,2026-08-03 00:47:05,30.850000000000023,Zone 4,64.1,Zone 5,31.3,Zone 4,60.2,Zone 5,47.0,Zone 5,63.7,Zone 5,60.8,Zone 5,66.2,Zone 5,64.1,Zone 5,68.0,Zone 5
Gujarat,Dang,Dang Kvk,26.2,2026-08-03,00:30:00,100.0,2026-08-02,00:30:00,2026-08-03 00:47:05,30.55000000000001,Zone 4,63.2,Zone 5,30.1,Zone 4,59.2,Zone 5,42.0,Zone 5,62.8,Zone 5,59.8,Zone 5,65.4,Zone 5,63.2,Zone 5,67.4,Zone 5
Gujarat,Dwarka,Dwarka,27.3,2026-08-03,00:30:00,96.0,2026-08-02,00:30:00,2026-08-03 00:47:05,32.75,Zone 4,65.0,Zone 5,33.3,Zone 4,61.3,Zone 5,52.3,Zone 5,64.6,Zone 5,61.8,Zone 5,66.9,Zone 5,65.0,Zone 5,68.7,Zone 5
Gujarat,Gandhinagar,Gandhinagar,26.2,2026-08-03,00:30:00,76.0,2026-08-02,00:30:00,2026-08-03 00:47:05,28.05000000000001,Zone 4,55.6,Zone 5,27.8,Zone 4,38.8,Zone 4,33.8,Zone 4,54.1,Zone 5,39.3,Zone 4,61.0,Zone 5,55.6,Zone 5,63.6,Zone 5
Gujarat,Gir Somnath,Veraval   Aws400,27.4,2026-08-03,00:30:00,93.0,2026-08-02,00:30:00,2026-08-03 00:47:05,32.55000000000001,Zone 4,64.3,Zone 5,32.8,Zone 4,60.5,Zone 5,48.3,Zone 5,63.9,Zone 5,61.0,Zone 5,66.3,Zone 5,64.3,Zone 5,68.2,Zone 5
Gujarat,Kachchh,Bachau Amfu,27.3,2026-08-03,00:30:00,99.0,2026-08-02,00:30:00,2026-08-03 00:47:05,33.35000000000002,Zone 4,65.6,Zone 5,33.9,Zone 4,62.1,Zone 5,56.1,Zone 5,65.2,Zone 5,62.6,Zone 5,67.5,Zone 5,65.6,Zone 5,69.1,Zone 5
Gujarat,Kachchh,Kandla,27.8,2026-08-03,00:30:00,90.0,2026-08-02,00:30:00,2026-08-03 00:47:05,33.05000000000001,Zone 4,64.5,Zone 5,33.5,Zone 4,60.7,Zone 5,49.4,Zone 5,64.1,Zone 5,61.3,Zone 5,66.5,Zone 5,64.5,Zone 5,68.3,Zone 5
Gujarat,Kachchh,Mundra,28.0,2026-08-03,00:30:00,90.0,2026-08-02,00:30:00,2026-08-03 00:47:05,33.55000000000001,Zone 4,64.5,Zone 5,33.5,Zone 4,60.7,Zone 5,49.4,Zone 5,64.1,Zone 5,61.3,Zone 5,66.5,Zone 5,64.5,Zone 5,68.3,Zone 5
Gujarat,Kachchh,Rapar,27.2,2026-08-03,00:30:00,100.0,2026-08-02,00:30:00,2026-08-03 00:47:05,33.25,Zone 4,65.0,Zone 5,32.7,Zone 4,61.3,Zone 5,52.3,Zone 5,64.6,Zone 5,61.8,Zone 5,66.9,Zone 5,65.0,Zone 5,68.7,Zone 5
Gujarat,Mahesana,Jagudan,26.4,2026-08-03,00:00:00,,,,2026-08-03 00:47:05,,,,,,,,,,,,,,,,,,,,
Gujarat,Mahisagar,Lunavada,26.9,2026-08-03,00:00:00,,,,2026-08-03 00:47:05,,,,,,,,,,,,,,,,,,,,
Gujarat,Morbi,Halwad,27.3,2026-08-03,00:30:00,97.0,2026-08-02,00:30:00,2026-08-03 00:47:05,32.950000000000045,Zone 4,65.2,Zone 5,33.5,Zone 4,61.5,Zone 5,53.6,Zone 5,64.8,Zone 5,62.1,Zone 5,67.1,Zone 5,65.2,Zone 5,68.8,Zone 5
Gujarat,Patan,Patan,26.5,2026-08-03,00:30:00,92.0,2026-08-02,00:30:00,2026-08-03 00:47:05,30.25,Zone 4,62.4,Zone 5,30.2,Zone 4,56.0,Zone 5,37.7,Zone 5,62.0,Zone 5,58.1,Zone 5,64.7,Zone 5,62.4,Zone 5,66.8,Zone 5
Gujarat,Patan,Radhanpur,27.2,2026-08-03,00:30:00,100.0,2026-08-02,00:30:00,2026-08-03 00:47:05,33.25,Zone 4,65.0,Zone 5,32.7,Zone 4,61.3,Zone 5,52.3,Zone 5,64.6,Zone 5,61.8,Zone 5,66.9,Zone 5,65.0,Zone 5,68.7,Zone 5
Gujarat,Porbandar,Porbandar,27.8,2026-08-03,00:30:00,98.0,2026-08-02,00:30:00,2026-08-03 00:47:05,34.650000000000034,Zone 4,66.3,Zone 5,35.2,Zone 4,62.9,Zone 5,59.2,Zone 5,65.9,Zone 5,63.4,Zone 5,68.0,Zone 5,66.3,Zone 5,69.6,Zone 5
Gujarat,Sabarkantha,Bayad,26.8,2026-08-03,00:30:00,,,,2026-08-03 00:47:05,,,,,,,,,,,,,,,,,,,,
Gujarat,Sabarkantha,Himatnagar,,,,100.0,2026-08-02,00:30:00,2026-08-03 00:47:05,,,,,,,,,,,,,,,,,,,,
Gujarat,Surat,Surat,28.1,2026-08-03,00:30:00,97.0,2026-08-02,00:30:00,2026-08-03 00:47:05,35.35000000000002,Zone 4,66.0,Zone 5,35.0,Zone 4,62.6,Zone 5,58.5,Zone 5,65.7,Zone 5,63.1,Zone 5,67.8,Zone 5,66.0,Zone 5,69.5,Zone 5
Gujarat,Surat,Surat Kvk,26.7,2026-08-03,00:30:00,,,,2026-08-03 00:47:05,,,,,,,,,,,,,,,,,,,,
Gujarat,Surendranagar,Surendranagar,26.4,2026-08-03,00:30:00,99.0,2026-08-02,00:30:00,2026-08-03 00:47:05,30.950000000000045,Zone 4,63.9,Zone 5,31.2,Zone 4,60.0,Zone 5,45.8,Zone 5,63.5,Zone 5,60.5,Zone 5,66.0,Zone 5,63.9,Zone 5,67.9,Zone 5
Gujarat,Tapi,Vyara Aws400,16.1,2026-08-03,00:30:00,45.0,2026-08-02,00:30:00,2026-08-03 00:47:05,13.950000000000045,Zone 2,28.8,Zone 4,13.9,Zone 2,25.1,Zone 3,21.3,Zone 3,28.8,Zone 4,25.1,Zone 3,32.3,Zone 4,28.8,Zone 4,35.7,Zone 4
Gujarat,Vadodara,Vadodara Aws400,26.6,2026-08-03,00:30:00,99.0,2026-08-02,00:30:00,2026-08-03 00:47:05,31.450000000000045,Zone 4,63.9,Zone 5,31.2,Zone 4,60.0,Zone 5,45.8,Zone 5,63.5,Zone 5,60.5,Zone 5,66.0,Zone 5,63.9,Zone 5,67.9,Zone 5
Haryana,Charkhi Dadri,Revenue Office Aws400,29.7,2026-08-03,00:30:00,100.0,2026-08-02,00:30:00,2026-08-03 00:47:05,59.150000000000034,Zone 5,69.3,Zone 5,56.9,Zone 5,66.6,Zone 5,63.8,Zone 5,69.0,Zone 5,67.1,Zone 5,70.7,Zone 5,69.3,Zone 5,72.6,Zone 6
Haryana,Faridabad,Bopani,30.0,2026-08-03,00:30:00,,,,2026-08-03 00:47:05,,,,,,,,,,,,,,,,,,,,
Haryana,Fatehabad,Fatehabad,29.5,2026-08-03,00:30:00,87.0,2026-08-02,00:30:00,2026-08-03 00:47:05,37.150000000000034,Zone 4,66.3,Zone 5,37.2,Zone 4,62.9,Zone 5,59.3,Zone 5,65.9,Zone 5,63.5,Zone 5,68.1,Zone 5,66.3,Zone 5,69.7,Zone 5
Haryana,Gurgaon,Gurgaon,26.6,2026-08-03,00:30:00,99.0,2026-08-02,00:30:00,2026-08-03 00:47:05,31.450000000000045,Zone 4,63.9,Zone 5,31.2,Zone 4,60.0,Zone 5,45.8,Zone 5,63.5,Zone 5,60.5,Zone 5,66.0,Zone 5,63.9,Zone 5,67.9,Zone 5
Haryana,Gurgaon,Gurgaon Kvk,28.6,2026-08-03,00:30:00,66.0,2026-08-02,00:30:00,2026-08-03 00:47:05,31.05000000000001,Zone 4,59.5,Zone 5,30.9,Zone 4,42.4,Zone 5,36.9,Zone 4,59.1,Zone 5,44.6,Zone 5,62.3,Zone 5,59.5,Zone 5,64.6,Zone 5
Haryana,Gurgaon,Northcap University,29.5,2026-08-03,00:30:00,83.0,2026-08-02,00:30:00,2026-08-03 00:47:05,36.150000000000034,Zone 4,65.3,Zone 5,36.1,Zone 4,61.7,Zone 5,54.6,Zone 5,64.9,Zone 5,62.3,Zone 5,67.2,Zone 5,65.3,Zone 5,68.9,Zone 5
Haryana,Hisar,Balasmand,29.0,2026-08-03,00:30:00,89.0,2026-08-02,00:30:00,2026-08-03 00:47:05,36.150000000000034,Zone 4,65.9,Zone 5,36.2,Zone 4,62.5,Zone 5,57.9,Zone 5,65.5,Zone 5,63.0,Zone 5,67.8,Zone 5,65.9,Zone 5,69.4,Zone 5
Haryana,Hisar,Sadalpur,30.0,2026-08-03,00:30:00,81.0,2026-08-02,00:30:00,2026-08-03 00:47:05,37.05000000000001,Zone 4,65.7,Zone 5,37.0,Zone 4,62.1,Zone 5,56.5,Zone 5,65.3,Zone 5,62.7,Zone 5,67.5,Zone 5,65.7,Zone 5,69.2,Zone 5
Haryana,Jhajjar,Jhajjar,28.6,2026-08-03,00:30:00,38.0,2026-08-02,00:30:00,2026-08-03 00:47:05,28.350000000000023,Zone 4,41.2,Zone 4,28.3,Zone 4,36.9,Zone 4,32.9,Zone 4,40.9,Zone 4,37.1,Zone 4,46.8,Zone 5,41.2,Zone 4,59.1,Zone 5
Haryana,Jind,Pandu Pindara,29.6,2026-08-03,00:30:00,85.0,2026-08-02,00:30:00,2026-08-03 00:47:05,36.950000000000045,Zone 4,65.8,Zone 5,36.6,Zone 4,62.3,Zone 5,57.3,Zone 5,65.4,Zone 5,62.9,Zone 5,67.7,Zone 5,65.8,Zone 5,69.3,Zone 5
Haryana,Kaithal,Kaithal,28.7,2026-08-03,00:30:00,99.0,2026-08-02,00:30:00,2026-08-03 00:47:05,44.05000000000001,Zone 5,67.4,Zone 5,41.5,Zone 5,64.2,Zone 5,60.8,Zone 5,67.0,Zone 5,64.7,Zone 5,69.0,Zone 5,67.4,Zone 5,70.4,Zone 5
Haryana,Kaithal,Kaul Amfu,29.0,2026-08-03,00:30:00,100.0,2026-08-02,00:30:00,2026-08-03 00:47:05,50.05000000000001,Zone 5,68.5,Zone 5,50.0,Zone 5,65.5,Zone 5,62.5,Zone 5,68.1,Zone 5,66.1,Zone 5,69.9,Zone 5,68.5,Zone 5,71.3,Zone 5
Haryana,Karnal,Indri Rest House,28.6,2026-08-03,00:30:00,,,,2026-08-03 00:47:05,,,,,,,,,,,,,,,,,,,,
Haryana,Karnal,Karnal,28.1,2026-08-03,00:30:00,,,,2026-08-03 00:47:05,,,,,,,,,,,,,,,,,,,,
Haryana,Karnal,Uchani,29.3,2026-08-03,00:30:00,,,,2026-08-03 00:47:05,,,,,,,,,,,,,,,,,,,,
Haryana,Kurukshetra,Pehowa,29.3,2026-08-03,00:30:00,,,,2026-08-03 00:47:05,,,,,,,,,,,,,,,,,,,,
Haryana,Mahendragarh,Mahendragarh Aws,27.4,2026-08-03,00:30:00,99.0,2026-08-02,00:30:00,2026-08-03 00:47:05,33.650000000000034,Zone 4,65.6,Zone 5,33.9,Zone 4,62.1,Zone 5,56.1,Zone 5,65.2,Zone 5,62.6,Zone 5,67.5,Zone 5,65.6,Zone 5,69.1,Zone 5
Haryana,Mewat,Mandkola,28.0,2026-08-03,00:30:00,19.0,2026-08-02,00:30:00,2026-08-03 00:47:05,26.55000000000001,Zone 4,37.8,Zone 4,26.6,Zone 4,34.2,Zone 4,30.6,Zone 4,37.7,Zone 4,34.3,Zone 4,41.0,Zone 4,37.8,Zone 4,44.3,Zone 4
Haryana,Mewat,Nuh,29.2,2026-08-03,00:30:00,,,,2026-08-03 00:47:05,,,,,,,,,,,,,,,,,,,,
Haryana,Palwal,Palwal Water Service Division,29.1,2026-08-03,00:30:00,82.0,2026-08-02,00:30:00,2026-08-03 00:47:05,34.75,Zone 4,64.3,Zone 5,34.5,Zone 4,60.4,Zone 5,48.2,Zone 5,63.9,Zone 5,61.0,Zone 5,66.3,Zone 5,64.3,Zone 5,68.2,Zone 5
Haryana,Panchkula,Panchkula,29.1,2026-08-03,00:30:00,100.0,2026-08-02,00:30:00,2026-08-03 00:47:05,51.450000000000045,Zone 5,68.5,Zone 5,50.0,Zone 5,65.5,Zone 5,62.5,Zone 5,68.1,Zone 5,66.1,Zone 5,69.9,Zone 5,68.5,Zone 5,71.3,Zone 5
Haryana,Rewari,Bawal,27.9,2026-08-03,00:30:00,96.0,2026-08-02,00:30:00,2026-08-03 00:47:05,34.450000000000045,Zone 4,65.8,Zone 5,34.8,Zone 4,62.3,Zone 5,57.3,Zone 5,65.4,Zone 5,62.9,Zone 5,67.6,Zone 5,65.8,Zone 5,69.3,Zone 5
Haryana,Rohtak,Canal Rest House,29.4,2026-08-03,00:30:00,84.0,2026-08-02,00:30:00,2026-08-03 00:47:05,36.05000000000001,Zone 4,65.6,Zone 5,36.4,Zone 4,62.0,Zone 5,56.0,Zone 5,65.2,Zone 5,62.6,Zone 5,67.4,Zone 5,65.6,Zone 5,69.1,Zone 5
Haryana,Rohtak,Rohtak,29.4,2026-08-03,00:30:00,99.0,2026-08-02,00:30:00,2026-08-03 00:47:05,53.85000000000002,Zone 5,69.1,Zone 5,55.2,Zone 5,66.4,Zone 5,63.5,Zone 5,68.8,Zone 5,66.9,Zone 5,70.5,Zone 5,69.1,Zone 5,72.1,Zone 6
Haryana,Sirsa,Canal Colony Village Ottu,30.5,2026-08-03,00:30:00,89.0,2026-08-02,00:30:00,2026-08-03 00:47:05,50.35000000000002,Zone 5,68.5,Zone 5,50.3,Zone 5,65.6,Zone 5,62.5,Zone 5,68.1,Zone 5,66.1,Zone 5,70.0,Zone 5,68.5,Zone 5,71.3,Zone 5
Haryana,Sirsa,Sirsa,30.4,2026-08-03,00:30:00,100.0,2026-08-02,00:30:00,2026-08-03 00:47:05,61.650000000000034,Zone 5,71.1,Zone 5,62.0,Zone 5,68.8,Zone 5,66.5,Zone 5,70.8,Zone 5,69.3,Zone 5,73.1,Zone 6,71.1,Zone 5,76.0,Zone 6
Haryana,Sonipat,Canal Resthouse Saragthal,,,,64.0,2026-08-02,00:30:00,2026-08-03 00:47:05,,,,,,,,,,,,,,,,,,,,
Haryana,Sonipat,Jagdishpur,28.3,2026-08-03,00:30:00,,,,2026-08-03 00:47:05,,,,,,,,,,,,,,,,,,,,
Haryana,Yamunanagar,Hathinkundberaj,26.8,2026-08-03,00:30:00,100.0,2026-08-02,00:30:00,2026-08-03 00:47:05,32.150000000000034,Zone 4,65.0,Zone 5,32.7,Zone 4,61.3,Zone 5,52.3,Zone 5,64.6,Zone 5,61.8,Zone 5,66.9,Zone 5,65.0,Zone 5,68.7,Zone 5
Himachal Pradesh,Bilaspur,Berthin,26.0,2026-08-03,00:30:00,100.0,2026-08-02,00:30:00,2026-08-03 00:47:05,30.150000000000034,Zone 4,63.2,Zone 5,30.1,Zone 4,59.2,Zone 5,42.0,Zone 5,62.8,Zone 5,59.8,Zone 5,65.4,Zone 5,63.2,Zone 5,67.4,Zone 5
Himachal Pradesh,Bilaspur,Bilaspur Kvk,25.5,2026-08-03,00:30:00,100.0,2026-08-02,00:30:00,2026-08-03 00:47:05,29.05000000000001,Zone 4,62.4,Zone 5,29.0,Zone 4,55.9,Zone 5,37.6,Zone 5,62.0,Zone 5,58.0,Zone 5,64.7,Zone 5,62.4,Zone 5,66.7,Zone 5
Himachal Pradesh,Hamirpur,Hamirpur,27.9,2026-08-03,00:45:00,,,,2026-08-03 00:47:05,,,,,,,,,,,,,,,,,,,,
Himachal Pradesh,Hamirpur,Hamirpur Neri,25.6,2026-08-03,00:30:00,100.0,2026-08-02,00:30:00,2026-08-03 00:47:05,29.25,Zone 4,62.4,Zone 5,29.0,Zone 4,55.9,Zone 5,37.6,Zone 5,62.0,Zone 5,58.0,Zone 5,64.7,Zone 5,62.4,Zone 5,66.7,Zone 5
Himachal Pradesh,Kangra,Dharmshala,23.2,2026-08-03,00:30:00,99.0,2026-08-02,00:30:00,2026-08-03 00:47:05,24.950000000000045,Zone 3,55.1,Zone 5,24.7,Zone 3,36.3,Zone 4,30.9,Zone 4,53.5,Zone 5,37.7,Zone 5,60.9,Zone 5,55.1,Zone 5,63.5,Zone 5
Himachal Pradesh,Kullu,Bajaura,24.1,2026-08-03,00:30:00,,,,2026-08-03 00:47:05,,,,,,,,,,,,,,,,,,,,
Himachal Pradesh,Kullu,Sainj,22.3,2026-08-03,00:30:00,11.0,2026-08-02,00:30:00,2026-08-03 00:47:05,19.350000000000023,Zone 3,32.5,Zone 4,19.6,Zone 3,29.2,Zone 4,25.6,Zone 4,32.5,Zone 4,29.2,Zone 4,35.7,Zone 4,32.5,Zone 4,38.8,Zone 4
Himachal Pradesh,Kullu,Seobagh Amfu,,,,90.0,2026-08-02,00:30:00,2026-08-03 00:47:05,,,,,,,,,,,,,,,,,,,,
Himachal Pradesh,Lahaul And Spiti,Tabo,20.4,2026-08-03,00:30:00,43.0,2026-08-02,00:30:00,2026-08-03 00:47:05,19.150000000000034,Zone 3,32.8,Zone 4,19.2,Zone 3,28.9,Zone 4,24.9,Zone 3,32.7,Zone 4,29.0,Zone 4,36.3,Zone 4,32.8,Zone 4,39.8,Zone 4
Himachal Pradesh,Mandi,Mandi,26.2,2026-08-03,00:30:00,92.0,2026-08-02,00:30:00,2026-08-03 00:47:05,29.650000000000034,Zone 4,61.6,Zone 5,29.2,Zone 4,52.0,Zone 5,36.2,Zone 4,61.1,Zone 5,54.4,Zone 5,64.0,Zone 5,61.6,Zone 5,66.1,Zone 5
Himachal Pradesh,Mandi,Sundernagar Kvk,24.3,2026-08-03,00:30:00,100.0,2026-08-02,00:30:00,2026-08-03 00:47:05,26.650000000000034,Zone 4,60.7,Zone 5,27.0,Zone 4,47.6,Zone 5,34.0,Zone 4,60.2,Zone 5,50.0,Zone 5,63.2,Zone 5,60.7,Zone 5,65.5,Zone 5
Himachal Pradesh,Shimla,Hipa,18.2,2026-08-03,00:00:00,,,,2026-08-03 00:47:05,,,,,,,,,,,,,,,,,,,,
Himachal Pradesh,Shimla,Kotkhai,20.5,2026-08-03,00:30:00,100.0,2026-08-02,00:30:00,2026-08-03 00:47:05,22.05000000000001,Zone 3,39.6,Zone 5,22.0,Zone 3,32.0,Zone 4,27.0,Zone 4,38.4,Zone 5,32.4,Zone 4,53.6,Zone 5,39.6,Zone 5,60.6,Zone 5
Himachal Pradesh,Shimla,Kufri,15.8,2026-08-03,00:30:00,99.0,2026-08-02,00:30:00,2026-08-03 00:47:05,16.25,Zone 3,30.9,Zone 4,16.5,Zone 3,26.3,Zone 4,22.8,Zone 3,30.7,Zone 4,26.5,Zone 4,35.0,Zone 4,30.9,Zone 4,43.9,Zone 5
Himachal Pradesh,Shimla,Mashobra,18.4,2026-08-03,00:30:00,,,,2026-08-03 00:47:05,,,,,,,,,,,,,,,,,,,,
Himachal Pradesh,Shimla,Shimala Cpri,18.2,2026-08-03,00:30:00,99.0,2026-08-02,00:30:00,2026-08-03 00:47:05,19.25,Zone 3,33.5,Zone 4,19.0,Zone 3,28.5,Zone 4,24.3,Zone 3,33.3,Zone 4,28.8,Zone 4,39.7,Zone 5,33.5,Zone 4,53.2,Zone 5
Himachal Pradesh,Solan,Dharampur Arg,25.2,2026-08-03,00:30:00,,,,2026-08-03 00:47:05,,,,,,,,,,,,,,,,,,,,
Himachal Pradesh,Solan,Nauni Amfu,24.1,2026-08-03,00:30:00,95.0,2026-08-02,00:30:00,2026-08-03 00:47:05,25.950000000000045,Zone 4,58.4,Zone 5,25.8,Zone 4,39.4,Zone 5,32.4,Zone 4,57.0,Zone 5,41.4,Zone 5,61.7,Zone 5,58.4,Zone 5,64.1,Zone 5
Himachal Pradesh,Solan,Ramshar,25.1,2026-08-03,00:30:00,,,,2026-08-03 00:47:05,,,,,,,,,,,,,,,,,,,,
Jammu And Kashmir,Anantnag,Amarnath,10.9,2026-08-03,00:30:00,100.0,2026-08-02,00:30:00,2026-08-03 00:47:05,10.950000000000045,Zone 2,25.7,Zone 4,11.0,Zone 2,22.9,Zone 3,18.5,Zone 3,25.7,Zone 4,22.9,Zone 3,29.6,Zone 4,25.7,Zone 4,33.3,Zone 4
Jammu And Kashmir,Anantnag,Anantnag,20.2,2026-08-03,00:30:00,100.0,2026-08-02,00:30:00,2026-08-03 00:47:05,21.75,Zone 3,36.9,Zone 5,21.5,Zone 3,31.3,Zone 4,26.3,Zone 4,36.3,Zone 4,31.7,Zone 4,50.8,Zone 5,36.9,Zone 5,60.0,Zone 5
Jammu And Kashmir,Anantnag,Khudwani,21.9,2026-08-03,00:30:00,96.0,2026-08-02,00:30:00,2026-08-03 00:47:05,23.450000000000045,Zone 3,46.2,Zone 5,23.6,Zone 3,34.1,Zone 4,29.0,Zone 4,44.7,Zone 5,34.6,Zone 4,59.1,Zone 5,46.2,Zone 5,61.8,Zone 5
Jammu And Kashmir,Anantnag,Larnoo,16.7,2026-08-03,00:30:00,99.0,2026-08-02,00:30:00,2026-08-03 00:47:05,17.450000000000045,Zone 3,31.5,Zone 4,17.1,Zone 3,26.8,Zone 4,23.2,Zone 3,31.3,Zone 4,27.0,Zone 4,35.7,Zone 4,31.5,Zone 4,46.1,Zone 5
Jammu And Kashmir,Anantnag,Panchtarni,11.2,2026-08-03,00:30:00,99.0,2026-08-02,00:30:00,2026-08-03 00:47:05,11.150000000000034,Zone 2,25.7,Zone 4,11.0,Zone 2,22.9,Zone 3,18.5,Zone 3,25.7,Zone 4,22.9,Zone 3,29.5,Zone 4,25.7,Zone 4,33.2,Zone 4
Jammu And Kashmir,Badgam,Harran,20.9,2026-08-03,00:30:00,99.0,2026-08-02,00:30:00,2026-08-03 00:47:05,22.450000000000045,Zone 3,41.9,Zone 5,22.6,Zone 3,32.7,Zone 4,27.7,Zone 4,40.6,Zone 5,33.2,Zone 4,55.8,Zone 5,41.9,Zone 5,61.0,Zone 5
Jammu And Kashmir,Bandipora,Bandipora,22.7,2026-08-03,00:30:00,92.0,2026-08-02,00:30:00,2026-08-03 00:47:05,24.150000000000034,Zone 3,46.4,Zone 5,24.0,Zone 3,34.6,Zone 4,29.5,Zone 4,44.9,Zone 5,35.0,Zone 4,59.1,Zone 5,46.4,Zone 5,61.9,Zone 5
Jammu And Kashmir,Baramulla,Baramulla Kvk,21.7,2026-08-03,00:30:00,89.0,2026-08-02,00:30:00,2026-08-03 00:47:05,22.950000000000045,Zone 3,38.4,Zone 5,22.7,Zone 3,32.7,Zone 4,27.8,Zone 4,37.7,Zone 4,33.1,Zone 4,52.5,Zone 5,38.4,Zone 5,60.3,Zone 5
Jammu And Kashmir,Baramulla,Gulmarg,14.3,2026-08-03,00:30:00,90.0,2026-08-02,00:30:00,2026-08-03 00:47:05,13.950000000000045,Zone 2,28.9,Zone 4,14.2,Zone 3,24.9,Zone 3,21.3,Zone 3,28.8,Zone 4,24.9,Zone 3,32.8,Zone 4,28.9,Zone 4,36.6,Zone 4
Jammu And Kashmir,Doda,Bhella,24.9,2026-08-03,00:00:00,,,,2026-08-03 00:47:05,,,,,,,,,,,,,,,,,,,,
Jammu And Kashmir,Ganderbal,Baltal,13.8,2026-08-03,00:30:00,100.0,2026-08-02,00:30:00,2026-08-03 00:47:05,13.75,Zone 2,28.7,Zone 4,14.0,Zone 2,24.7,Zone 3,21.1,Zone 3,28.6,Zone 4,24.8,Zone 3,32.7,Zone 4,28.7,Zone 4,36.6,Zone 4
Jammu And Kashmir,Ganderbal,Bararri,10.8,2026-08-03,00:30:00,90.0,2026-08-02,00:30:00,2026-08-03 00:47:05,10.450000000000045,Zone 2,25.5,Zone 4,10.7,Zone 2,22.8,Zone 3,18.3,Zone 3,25.6,Zone 4,22.8,Zone 3,29.3,Zone 4,25.5,Zone 4,32.9,Zone 4
Jammu And Kashmir,Ganderbal,Ganderbal,20.3,2026-08-03,00:30:00,89.0,2026-08-02,00:30:00,2026-08-03 00:47:05,21.350000000000023,Zone 3,36.4,Zone 4,21.6,Zone 3,31.3,Zone 4,26.5,Zone 4,36.1,Zone 4,31.6,Zone 4,47.0,Zone 5,36.4,Zone 4,59.2,Zone 5
Jammu And Kashmir,Ganderbal,Sangam,11.8,2026-08-03,00:30:00,100.0,2026-08-02,00:30:00,2026-08-03 00:47:05,11.850000000000023,Zone 2,26.6,Zone 4,12.0,Zone 2,23.5,Zone 3,19.4,Zone 3,26.6,Zone 4,23.6,Zone 3,30.5,Zone 4,26.6,Zone 4,34.3,Zone 4
Jammu And Kashmir,Ganderbal,Sonemarg,15.5,2026-08-03,00:30:00,100.0,2026-08-02,00:30:00,2026-08-03 00:47:05,15.950000000000045,Zone 3,30.4,Zone 4,15.9,Zone 3,25.8,Zone 4,22.4,Zone 3,30.2,Zone 4,25.9,Zone 4,34.4,Zone 4,30.4,Zone 4,42.1,Zone 5
Jammu And Kashmir,Jammu,Chatha Amfu,30.3,2026-08-03,00:30:00,91.0,2026-08-02,00:30:00,2026-08-03 00:47:05,51.450000000000045,Zone 5,69.0,Zone 5,54.2,Zone 5,66.2,Zone 5,63.3,Zone 5,68.6,Zone 5,66.7,Zone 5,70.4,Zone 5,69.0,Zone 5,71.9,Zone 6
Jammu And Kashmir,Jammu,Jammu,29.1,2026-08-03,00:30:00,89.0,2026-08-02,00:30:00,2026-08-03 00:47:05,36.450000000000045,Zone 4,65.9,Zone 5,36.2,Zone 4,62.5,Zone 5,57.9,Zone 5,65.5,Zone 5,63.0,Zone 5,67.8,Zone 5,65.9,Zone 5,69.4,Zone 5
Jammu And Kashmir,Kathua,Kathua Kvk,27.4,2026-08-03,00:30:00,73.0,2026-08-02,00:30:00,2026-08-03 00:47:05,29.850000000000023,Zone 4,59.7,Zone 5,30.0,Zone 4,43.2,Zone 5,36.1,Zone 4,59.3,Zone 5,45.4,Zone 5,62.4,Zone 5,59.7,Zone 5,64.8,Zone 5
Jammu And Kashmir,Kishtwar,Gulabgarh,18.1,2026-08-03,00:30:00,80.0,2026-08-02,00:30:00,2026-08-03 00:47:05,18.25,Zone 3,32.3,Zone 4,18.1,Zone 3,27.8,Zone 4,23.9,Zone 3,32.2,Zone 4,28.0,Zone 4,36.3,Zone 4,32.3,Zone 4,44.1,Zone 5
Jammu And Kashmir,Kishtwar,Kishtwar,22.4,2026-08-03,00:30:00,92.0,2026-08-02,00:30:00,2026-08-03 00:47:05,23.850000000000023,Zone 3,46.4,Zone 5,24.0,Zone 3,34.6,Zone 4,29.5,Zone 4,44.9,Zone 5,35.0,Zone 4,59.1,Zone 5,46.4,Zone 5,61.9,Zone 5
Jammu And Kashmir,Kulgam,Kulgam Amfu,20.0,2026-08-03,00:30:00,98.0,2026-08-02,00:30:00,2026-08-03 00:47:05,21.350000000000023,Zone 3,36.5,Zone 4,21.4,Zone 3,31.1,Zone 4,26.2,Zone 4,36.2,Zone 4,31.5,Zone 4,49.7,Zone 5,36.5,Zone 4,59.7,Zone 5
Jammu And Kashmir,Kupwara,Kupw Kvk,21.8,2026-08-03,00:30:00,97.0,2026-08-02,00:30:00,2026-08-03 00:47:05,23.350000000000023,Zone 3,46.9,Zone 5,23.6,Zone 3,34.2,Zone 4,29.1,Zone 4,45.4,Zone 5,34.7,Zone 4,59.2,Zone 5,46.9,Zone 5,62.0,Zone 5
Jammu And Kashmir,Poonch,Poonch,23.6,2026-08-03,00:30:00,98.0,2026-08-02,00:30:00,2026-08-03 00:47:05,25.350000000000023,Zone 4,57.5,Zone 5,25.2,Zone 3,38.4,Zone 5,31.7,Zone 4,56.0,Zone 5,40.3,Zone 5,61.5,Zone 5,57.5,Zone 5,63.9,Zone 5
Jammu And Kashmir,Pulwama,Malangpura,19.7,2026-08-03,00:30:00,98.0,2026-08-02,00:30:00,2026-08-03 00:47:05,21.05000000000001,Zone 3,35.7,Zone 4,20.8,Zone 3,30.4,Zone 4,25.6,Zone 4,35.4,Zone 4,30.8,Zone 4,46.9,Zone 5,35.7,Zone 4,59.1,Zone 5
Jammu And Kashmir,Pulwama,Tral,22.4,2026-08-03,00:30:00,90.0,2026-08-02,00:30:00,2026-08-03 00:47:05,23.75,Zone 3,44.9,Zone 5,23.9,Zone 3,34.4,Zone 4,29.3,Zone 4,43.5,Zone 5,34.8,Zone 4,58.3,Zone 5,44.9,Zone 5,61.6,Zone 5
Jammu And Kashmir,Rajouri,Rajouri,24.2,2026-08-03,00:30:00,95.0,2026-08-02,00:30:00,2026-08-03 00:47:05,26.150000000000034,Zone 4,58.4,Zone 5,25.8,Zone 4,39.4,Zone 5,32.4,Zone 4,57.0,Zone 5,41.4,Zone 5,61.7,Zone 5,58.4,Zone 5,64.1,Zone 5
Jammu And Kashmir,Rajouri,Rajouri Arg,20.2,2026-08-03,00:30:00,97.0,2026-08-02,00:30:00,2026-08-03 00:47:05,21.55000000000001,Zone 3,36.4,Zone 4,21.3,Zone 3,31.1,Zone 4,26.2,Zone 4,36.1,Zone 4,31.4,Zone 4,49.1,Zone 5,36.4,Zone 4,59.6,Zone 5
Jammu And Kashmir,Ramban,Govindpura,26.4,2026-08-03,00:30:00,89.0,2026-08-02,00:30:00,2026-08-03 00:47:05,29.650000000000034,Zone 4,61.7,Zone 5,29.9,Zone 4,53.0,Zone 5,36.9,Zone 4,61.3,Zone 5,55.3,Zone 5,64.2,Zone 5,61.7,Zone 5,66.3,Zone 5
Jammu And Kashmir,Samba,Samba,27.1,2026-08-03,00:30:00,100.0,2026-08-02,00:30:00,2026-08-03 00:47:05,32.950000000000045,Zone 4,65.0,Zone 5,32.7,Zone 4,61.3,Zone 5,52.3,Zone 5,64.6,Zone 5,61.8,Zone 5,66.9,Zone 5,65.0,Zone 5,68.7,Zone 5
Jammu And Kashmir,Shopian,Shopian,18.7,2026-08-03,00:30:00,98.0,2026-08-02,00:30:00,2026-08-03 00:47:05,19.850000000000023,Zone 3,34.2,Zone 4,19.6,Zone 3,29.1,Zone 4,24.7,Zone 3,33.9,Zone 4,29.4,Zone 4,41.6,Zone 5,34.2,Zone 4,55.1,Zone 5
Jammu And Kashmir,Shopian,Zainapora,20.8,2026-08-03,00:30:00,89.0,2026-08-02,00:30:00,2026-08-03 00:47:05,21.950000000000045,Zone 3,37.2,Zone 4,22.2,Zone 3,32.0,Zone 4,27.1,Zone 4,36.9,Zone 4,32.3,Zone 4,49.8,Zone 5,37.2,Zone 4,59.7,Zone 5
Jammu And Kashmir,Srinagar,Rambagh,23.3,2026-08-03,00:30:00,85.0,2026-08-02,00:30:00,2026-08-03 00:47:05,24.55000000000001,Zone 3,47.4,Zone 5,24.8,Zone 3,35.5,Zone 4,30.5,Zone 4,45.9,Zone 5,36.0,Zone 4,59.3,Zone 5,47.4,Zone 5,62.1,Zone 5
Jammu And Kashmir,Srinagar,Srinagar Amfu,21.4,2026-08-03,00:30:00,,,,2026-08-03 00:47:05,,,,,,,,,,,,,,,,,,,,
Jharkhand,Bokaro,Kv Bokaro,26.7,2026-08-03,00:30:00,99.0,2026-08-02,00:30:00,2026-08-03 00:47:05,31.650000000000034,Zone 4,63.9,Zone 5,31.2,Zone 4,60.0,Zone 5,45.8,Zone 5,63.5,Zone 5,60.5,Zone 5,66.0,Zone 5,63.9,Zone 5,67.9,Zone 5
Jharkhand,Deoghar,Deoghar Aws400,26.7,2026-08-03,00:30:00,100.0,2026-08-02,00:30:00,2026-08-03 00:47:05,31.850000000000023,Zone 4,64.1,Zone 5,31.3,Zone 4,60.2,Zone 5,47.0,Zone 5,63.7,Zone 5,60.8,Zone 5,66.2,Zone 5,64.1,Zone 5,68.0,Zone 5
Jharkhand,East Singhbhum,Bahragora,26.9,2026-08-03,00:30:00,99.0,2026-08-02,00:30:00,2026-08-03 00:47:05,32.25,Zone 4,64.7,Zone 5,32.5,Zone 4,61.0,Zone 5,51.0,Zone 5,64.3,Zone 5,61.6,Zone 5,66.7,Zone 5,64.7,Zone 5,68.5,Zone 5
Jharkhand,Giridih,Giridih-Bengabad Kvk,18.2,2026-08-03,00:30:00,41.0,2026-08-02,00:30:00,2026-08-03 00:47:05,16.25,Zone 3,30.3,Zone 4,16.0,Zone 3,26.6,Zone 4,22.9,Zone 3,30.4,Zone 4,26.6,Zone 4,33.9,Zone 4,30.3,Zone 4,37.3,Zone 4
Jharkhand,Gumla,Gumla-Bishnupur Kvk,25.6,2026-08-03,00:30:00,95.0,2026-08-02,00:30:00,2026-08-03 00:47:05,28.75,Zone 4,61.3,Zone 5,28.5,Zone 4,51.0,Zone 5,35.6,Zone 4,60.9,Zone 5,53.4,Zone 5,63.8,Zone 5,61.3,Zone 5,66.0,Zone 5
Jharkhand,Hazaribagh,Barhi,26.7,2026-08-03,00:30:00,100.0,2026-08-02,00:30:00,2026-08-03 00:47:05,31.850000000000023,Zone 4,64.1,Zone 5,31.3,Zone 4,60.2,Zone 5,47.0,Zone 5,63.7,Zone 5,60.8,Zone 5,66.2,Zone 5,64.1,Zone 5,68.0,Zone 5
Jharkhand,Khunti,Diyakel-Khunti Kvk,26.4,2026-08-03,00:30:00,,,,2026-08-03 00:47:05,,,,,,,,,,,,,,,,,,,,
Jharkhand,Kodarma,Kodarma,26.8,2026-08-03,00:30:00,100.0,2026-08-02,00:30:00,2026-08-03 00:47:05,32.150000000000034,Zone 4,65.0,Zone 5,32.7,Zone 4,61.3,Zone 5,52.3,Zone 5,64.6,Zone 5,61.8,Zone 5,66.9,Zone 5,65.0,Zone 5,68.7,Zone 5
Jharkhand,Latehar,Netarhat,23.1,2026-08-03,00:15:00,,,,2026-08-03 00:47:05,,,,,,,,,,,,,,,,,,,,
Jharkhand,Lohardaga,Lohardaga Kvk,25.3,2026-08-03,00:30:00,,,,2026-08-03 00:47:05,,,,,,,,,,,,,,,,,,,,
Jharkhand,Pakur,Pakur Kvk,28.1,2026-08-03,00:30:00,,,,2026-08-03 00:47:05,,,,,,,,,,,,,,,,,,,,
Jharkhand,Ramgarh,Ramgarh Kvk,,,,100.0,2026-08-02,00:30:00,2026-08-03 00:47:05,,,,,,,,,,,,,,,,,,,,
Jharkhand,Ranchi,Mc Ranchi,25.2,2026-08-03,00:30:00,,,,2026-08-03 00:47:05,,,,,,,,,,,,,,,,,,,,
Jharkhand,Ranchi,Ranchi Amfu,24.2,2026-08-03,00:30:00,98.0,2026-08-02,00:30:00,2026-08-03 00:47:05,26.350000000000023,Zone 4,59.4,Zone 5,26.0,Zone 4,41.9,Zone 5,32.7,Zone 4,59.0,Zone 5,44.1,Zone 5,62.2,Zone 5,59.4,Zone 5,64.6,Zone 5
Jharkhand,Saraikela,Saraikela,27.2,2026-08-03,00:30:00,100.0,2026-08-02,00:30:00,2026-08-03 00:47:05,33.25,Zone 4,65.0,Zone 5,32.7,Zone 4,61.3,Zone 5,52.3,Zone 5,64.6,Zone 5,61.8,Zone 5,66.9,Zone 5,65.0,Zone 5,68.7,Zone 5
Jharkhand,Simdega,Bano-Simdega Kvk,26.6,2026-08-03,00:30:00,85.0,2026-08-02,00:30:00,2026-08-03 00:47:05,29.650000000000034,Zone 4,60.9,Zone 5,29.5,Zone 4,48.7,Zone 5,36.1,Zone 4,60.5,Zone 5,51.1,Zone 5,63.4,Zone 5,60.9,Zone 5,65.6,Zone 5
Jharkhand,Simdega,Simdega,26.3,2026-08-03,00:30:00,100.0,2026-08-02,00:30:00,2026-08-03 00:47:05,30.850000000000023,Zone 4,64.1,Zone 5,31.3,Zone 4,60.2,Zone 5,47.0,Zone 5,63.7,Zone 5,60.8,Zone 5,66.2,Zone 5,64.1,Zone 5,68.0,Zone 5
Jharkhand,West Singhbhum,Jagannathpur-Bau Kvk,26.5,2026-08-03,00:30:00,,,,2026-08-03 00:47:05,,,,,,,,,,,,,,,,,,,,
Karnataka,Bagalkot,Bagalkot Kvk,25.0,2026-08-03,00:30:00,95.0,2026-08-02,00:30:00,2026-08-03 00:47:05,27.55000000000001,Zone 4,60.5,Zone 5,27.6,Zone 4,46.9,Zone 5,34.4,Zone 4,60.1,Zone 5,49.3,Zone 5,63.1,Zone 5,60.5,Zone 5,65.4,Zone 5
Karnataka,Bangalore Rural,Doddaballapura,23.5,2026-08-03,00:30:00,91.0,2026-08-02,00:30:00,2026-08-03 00:47:05,24.950000000000045,Zone 3,52.3,Zone 5,25.0,Zone 3,36.2,Zone 4,31.0,Zone 4,50.7,Zone 5,36.8,Zone 4,60.3,Zone 5,52.3,Zone 5,62.9,Zone 5
Karnataka,Bangalore Urban,Bangalore,23.2,2026-08-03,00:30:00,86.0,2026-08-02,00:30:00,2026-08-03 00:47:05,24.450000000000045,Zone 3,45.0,Zone 5,24.3,Zone 3,34.8,Zone 4,29.8,Zone 4,43.6,Zone 5,35.2,Zone 4,58.3,Zone 5,45.0,Zone 5,61.6,Zone 5
Karnataka,Bangalore Urban,Electronic City(Nice),23.0,2026-08-03,00:30:00,85.0,2026-08-02,00:30:00,2026-08-03 00:47:05,24.25,Zone 3,44.3,Zone 5,24.2,Zone 3,34.7,Zone 4,29.7,Zone 4,42.9,Zone 5,35.1,Zone 4,57.7,Zone 5,44.3,Zone 5,61.5,Zone 5
Karnataka,Bangalore Urban,Gopal Nagar,22.9,2026-08-03,00:30:00,96.0,2026-08-02,00:30:00,2026-08-03 00:47:05,24.55000000000001,Zone 3,52.8,Zone 5,24.6,Zone 3,35.9,Zone 4,30.6,Zone 4,51.3,Zone 5,36.5,Zone 4,60.4,Zone 5,52.8,Zone 5,63.1,Zone 5
Karnataka,Bangalore Urban,Madhavara(Nice),23.6,2026-08-03,00:30:00,88.0,2026-08-02,00:30:00,2026-08-03 00:47:05,24.950000000000045,Zone 3,49.9,Zone 5,24.9,Zone 3,35.9,Zone 4,30.8,Zone 4,48.3,Zone 5,36.4,Zone 4,59.8,Zone 5,49.9,Zone 5,62.5,Zone 5
Karnataka,Bellary,Hagari Kvk,27.2,2026-08-03,00:30:00,70.0,2026-08-02,00:30:00,2026-08-03 00:47:05,29.150000000000034,Zone 4,56.2,Zone 5,28.9,Zone 4,39.6,Zone 4,34.7,Zone 4,54.7,Zone 5,40.2,Zone 4,61.2,Zone 5,56.2,Zone 5,63.7,Zone 5
Karnataka,Bijapur,Tidagundi Amfu,27.1,2026-08-03,00:30:00,87.0,2026-08-02,00:30:00,2026-08-03 00:47:05,30.950000000000045,Zone 4,62.1,Zone 5,30.7,Zone 4,54.8,Zone 5,37.7,Zone 4,61.7,Zone 5,57.0,Zone 5,64.5,Zone 5,62.1,Zone 5,66.6,Zone 5
Karnataka,Chikmagalur,Mudigere Kvk,21.2,2026-08-03,00:30:00,98.0,2026-08-02,00:30:00,2026-08-03 00:47:05,22.75,Zone 3,41.2,Zone 5,22.5,Zone 3,32.6,Zone 4,27.6,Zone 4,40.0,Zone 5,33.1,Zone 4,55.2,Zone 5,41.2,Zone 5,60.9,Zone 5
Karnataka,Chitradurga,Hiriyur,24.5,2026-08-03,00:30:00,90.0,2026-08-02,00:30:00,2026-08-03 00:47:05,26.350000000000023,Zone 4,57.8,Zone 5,26.3,Zone 4,38.7,Zone 5,32.7,Zone 4,56.3,Zone 5,40.7,Zone 5,61.5,Zone 5,57.8,Zone 5,64.0,Zone 5
Karnataka,Dakshina Kannada,Mangaluru,26.4,2026-08-03,00:30:00,99.0,2026-08-02,00:30:00,2026-08-03 00:47:05,30.950000000000045,Zone 4,63.9,Zone 5,31.2,Zone 4,60.0,Zone 5,45.8,Zone 5,63.5,Zone 5,60.5,Zone 5,66.0,Zone 5,63.9,Zone 5,67.9,Zone 5
Karnataka,Dharwad,Mugad,22.8,2026-08-03,00:30:00,96.0,2026-08-02,00:30:00,2026-08-03 00:47:05,24.450000000000045,Zone 3,52.8,Zone 5,24.6,Zone 3,35.9,Zone 4,30.6,Zone 4,51.3,Zone 5,36.5,Zone 4,60.4,Zone 5,52.8,Zone 5,63.1,Zone 5
Karnataka,Gulbarga,Raddewadgi,24.4,2026-08-03,00:30:00,,,,2026-08-03 00:47:05,,,,,,,,,,,,,,,,,,,,
Karnataka,Hassan,Hassan,21.7,2026-08-03,00:30:00,100.0,2026-08-02,00:30:00,2026-08-03 00:47:05,23.350000000000023,Zone 3,45.7,Zone 5,23.2,Zone 3,33.6,Zone 4,28.5,Zone 4,44.3,Zone 5,34.1,Zone 4,58.9,Zone 5,45.7,Zone 5,61.8,Zone 5
Karnataka,Koppal,Koppal,29.5,2026-08-03,00:30:00,70.0,2026-08-02,00:30:00,2026-08-03 00:47:05,33.450000000000045,Zone 4,62.1,Zone 5,33.4,Zone 4,54.6,Zone 5,39.9,Zone 4,61.7,Zone 5,56.8,Zone 5,64.5,Zone 5,62.1,Zone 5,66.5,Zone 5
Karnataka,Mandya,Mandya Kvk,24.0,2026-08-03,00:30:00,77.0,2026-08-02,00:30:00,2026-08-03 00:47:05,24.950000000000045,Zone 3,44.0,Zone 5,25.0,Zone 3,35.4,Zone 4,30.6,Zone 4,42.6,Zone 5,35.8,Zone 4,57.6,Zone 5,44.0,Zone 5,61.5,Zone 5
Karnataka,Ramanagara,Chandurayanghalli Kvk,,,,78.0,2026-08-02,00:30:00,2026-08-03 00:47:05,,,,,,,,,,,,,,,,,,,,
Karnataka,Shivamogga,Agumbe,22.8,2026-08-03,00:30:00,100.0,2026-08-02,00:30:00,2026-08-03 00:47:05,24.55000000000001,Zone 3,55.8,Zone 5,24.8,Zone 3,36.7,Zone 5,31.0,Zone 4,54.3,Zone 5,38.5,Zone 5,61.1,Zone 5,55.8,Zone 5,63.6,Zone 5
Karnataka,Tumkur,Chikkanakalli,,,,99.0,2026-08-02,00:30:00,2026-08-03 00:47:05,,,,,,,,,,,,,,,,,,,,
Kerala,Alappuzha,Karumadi,25.7,2026-08-03,00:30:00,,,,2026-08-03 00:47:05,,,,,,,,,,,,,,,,,,,,
Kerala,Alappuzha,Nooranad,24.8,2026-08-03,00:30:00,92.0,2026-08-02,00:30:00,2026-08-03 00:47:05,26.950000000000045,Zone 4,59.9,Zone 5,27.3,Zone 4,44.0,Zone 5,34.0,Zone 4,59.5,Zone 5,46.3,Zone 5,62.6,Zone 5,59.9,Zone 5,64.9,Zone 5
Kerala,Alappuzha,Thycattussery,24.8,2026-08-03,00:30:00,100.0,2026-08-02,00:30:00,2026-08-03 00:47:05,27.55000000000001,Zone 4,61.5,Zone 5,28.0,Zone 4,51.8,Zone 5,35.2,Zone 4,61.1,Zone 5,54.1,Zone 5,64.0,Zone 5,61.5,Zone 5,66.1,Zone 5
Kerala,Ernakulam,Aluva,24.9,2026-08-03,00:30:00,100.0,2026-08-02,00:30:00,2026-08-03 00:47:05,27.75,Zone 4,61.5,Zone 5,28.0,Zone 4,51.8,Zone 5,35.2,Zone 4,61.1,Zone 5,54.1,Zone 5,64.0,Zone 5,61.5,Zone 5,66.1,Zone 5
Kerala,Ernakulam,Choondi,24.2,2026-08-03,00:30:00,100.0,2026-08-02,00:30:00,2026-08-03 00:47:05,26.450000000000045,Zone 4,59.8,Zone 5,26.1,Zone 4,43.6,Zone 5,32.9,Zone 4,59.4,Zone 5,45.9,Zone 5,62.5,Zone 5,59.8,Zone 5,64.8,Zone 5
Kerala,Ernakulam,Kalamassery,23.6,2026-08-03,00:30:00,90.0,2026-08-02,00:30:00,2026-08-03 00:47:05,25.05000000000001,Zone 3,51.5,Zone 5,24.9,Zone 3,36.1,Zone 4,30.9,Zone 4,49.9,Zone 5,36.6,Zone 4,60.2,Zone 5,51.5,Zone 5,62.8,Zone 5
Kerala,Ernakulam,Koothattukulam,24.5,2026-08-03,00:30:00,100.0,2026-08-02,00:30:00,2026-08-03 00:47:05,27.05000000000001,Zone 4,60.7,Zone 5,27.0,Zone 4,47.6,Zone 5,34.0,Zone 4,60.2,Zone 5,50.0,Zone 5,63.2,Zone 5,60.7,Zone 5,65.5,Zone 5
Kerala,Ernakulam,Mattancherry,24.9,2026-08-03,00:15:00,,,,2026-08-03 00:47:05,,,,,,,,,,,,,,,,,,,,
Kerala,Ernakulam,Odakkali,24.0,2026-08-03,00:30:00,100.0,2026-08-02,00:30:00,2026-08-03 00:47:05,26.150000000000034,Zone 4,59.8,Zone 5,26.1,Zone 4,43.6,Zone 5,32.9,Zone 4,59.4,Zone 5,45.9,Zone 5,62.5,Zone 5,59.8,Zone 5,64.8,Zone 5
Kerala,Ernakulam,Palluruthy,24.5,2026-08-03,00:30:00,100.0,2026-08-02,00:30:00,2026-08-03 00:47:05,27.05000000000001,Zone 4,60.7,Zone 5,27.0,Zone 4,47.6,Zone 5,34.0,Zone 4,60.2,Zone 5,50.0,Zone 5,63.2,Zone 5,60.7,Zone 5,65.5,Zone 5
Kerala,Idukki,Anayirankal Dam,19.2,2026-08-03,00:30:00,95.0,2026-08-02,00:30:00,2026-08-03 00:47:05,20.350000000000023,Zone 3,34.7,Zone 4,20.1,Zone 3,29.6,Zone 4,25.0,Zone 3,34.4,Zone 4,29.9,Zone 4,42.6,Zone 5,34.7,Zone 4,55.9,Zone 5
Kerala,Idukki,Ayyappankovil,20.8,2026-08-03,00:30:00,100.0,2026-08-02,00:30:00,2026-08-03 00:47:05,22.350000000000023,Zone 3,42.5,Zone 5,22.6,Zone 3,32.8,Zone 4,27.7,Zone 4,41.2,Zone 5,33.3,Zone 4,56.3,Zone 5,42.5,Zone 5,61.2,Zone 5
Kerala,Idukki,Kovilkadavu,23.8,2026-08-03,00:30:00,72.0,2026-08-02,00:30:00,2026-08-03 00:47:05,24.55000000000001,Zone 3,40.1,Zone 5,24.8,Zone 3,34.9,Zone 4,30.2,Zone 4,39.7,Zone 4,35.2,Zone 4,54.2,Zone 5,40.1,Zone 5,60.7,Zone 5
Kerala,Idukki,Munnar,17.5,2026-08-03,00:30:00,100.0,2026-08-02,00:30:00,2026-08-03 00:47:05,18.450000000000045,Zone 3,32.9,Zone 4,18.4,Zone 3,28.0,Zone 4,24.0,Zone 3,32.7,Zone 4,28.2,Zone 4,37.9,Zone 5,32.9,Zone 4,51.3,Zone 5
Kerala,Idukki,Pampadumpara,18.9,2026-08-03,00:30:00,100.0,2026-08-02,00:30:00,2026-08-03 00:47:05,20.150000000000034,Zone 3,35.1,Zone 4,20.3,Zone 3,29.9,Zone 4,25.1,Zone 3,34.8,Zone 4,30.2,Zone 4,45.3,Zone 5,35.1,Zone 4,58.2,Zone 5
Kerala,Idukki,Sengulam Dam,20.9,2026-08-03,00:15:00,,,,2026-08-03 00:47:05,,,,,,,,,,,,,,,,,,,,
Kerala,Idukki,Vattavada,18.5,2026-08-03,00:30:00,84.0,2026-08-02,00:30:00,2026-08-03 00:47:05,18.950000000000045,Zone 3,33.2,Zone 4,18.9,Zone 3,28.5,Zone 4,24.4,Zone 3,33.0,Zone 4,28.7,Zone 4,37.2,Zone 4,33.2,Zone 4,48.3,Zone 5
Kerala,Kannur,Aralam,24.3,2026-08-03,00:30:00,100.0,2026-08-02,00:30:00,2026-08-03 00:47:05,26.650000000000034,Zone 4,60.7,Zone 5,27.0,Zone 4,47.6,Zone 5,34.0,Zone 4,60.2,Zone 5,50.0,Zone 5,63.2,Zone 5,60.7,Zone 5,65.5,Zone 5
Kerala,Kannur,Ayyankunnu,24.0,2026-08-03,00:15:00,,,,2026-08-03 00:47:05,,,,,,,,,,,,,,,,,,,,
Kerala,Kannur,Chemberi,24.6,2026-08-03,00:30:00,100.0,2026-08-02,00:30:00,2026-08-03 00:47:05,27.25,Zone 4,60.7,Zone 5,27.0,Zone 4,47.6,Zone 5,34.0,Zone 4,60.2,Zone 5,50.0,Zone 5,63.2,Zone 5,60.7,Zone 5,65.5,Zone 5
Kerala,Kannur,Cheruvanchery,24.2,2026-08-03,00:30:00,100.0,2026-08-02,00:30:00,2026-08-03 00:47:05,26.450000000000045,Zone 4,59.8,Zone 5,26.1,Zone 4,43.6,Zone 5,32.9,Zone 4,59.4,Zone 5,45.9,Zone 5,62.5,Zone 5,59.8,Zone 5,64.8,Zone 5
Kerala,Kannur,Kannur-Icar,25.6,2026-08-03,00:30:00,100.0,2026-08-02,00:30:00,2026-08-03 00:47:05,29.25,Zone 4,62.4,Zone 5,29.0,Zone 4,55.9,Zone 5,37.6,Zone 5,62.0,Zone 5,58.0,Zone 5,64.7,Zone 5,62.4,Zone 5,66.7,Zone 5
Kerala,Kannur,Peringome,24.5,2026-08-03,00:30:00,100.0,2026-08-02,00:30:00,2026-08-03 00:47:05,27.05000000000001,Zone 4,60.7,Zone 5,27.0,Zone 4,47.6,Zone 5,34.0,Zone 4,60.2,Zone 5,50.0,Zone 5,63.2,Zone 5,60.7,Zone 5,65.5,Zone 5
Kerala,Kannur,Pinarayi,,,,100.0,2026-08-02,05:15:00,2026-08-03 00:47:05,,,,,,,,,,,,,,,,,,,,
Kerala,Kasaragod,Erikkulam,25.4,2026-08-03,00:15:00,,,,2026-08-03 00:47:05,,,,,,,,,,,,,,,,,,,,
Kerala,Kasaragod,Kudlu Afmu,26.4,2026-08-03,00:30:00,100.0,2026-08-02,00:30:00,2026-08-03 00:47:05,31.05000000000001,Zone 4,64.1,Zone 5,31.3,Zone 4,60.2,Zone 5,47.0,Zone 5,63.7,Zone 5,60.8,Zone 5,66.2,Zone 5,64.1,Zone 5,68.0,Zone 5
Kerala,Kasaragod,Muliyar,25.7,2026-08-03,00:30:00,100.0,2026-08-02,00:30:00,2026-08-03 00:47:05,29.450000000000045,Zone 4,62.4,Zone 5,29.0,Zone 4,55.9,Zone 5,37.6,Zone 5,62.0,Zone 5,58.0,Zone 5,64.7,Zone 5,62.4,Zone 5,66.7,Zone 5
Kerala,Kasaragod,Padannakkad,25.5,2026-08-03,00:15:00,,,,2026-08-03 00:47:05,,,,,,,,,,,,,,,,,,,,
Kerala,Kasaragod,Panathur,25.4,2026-08-03,00:30:00,100.0,2026-08-02,00:30:00,2026-08-03 00:47:05,28.75,Zone 4,62.4,Zone 5,29.0,Zone 4,55.9,Zone 5,37.6,Zone 5,62.0,Zone 5,58.0,Zone 5,64.7,Zone 5,62.4,Zone 5,66.7,Zone 5
Kerala,Kollam,Karuvelil Tkmit,24.7,2026-08-03,00:30:00,88.0,2026-08-02,00:30:00,2026-08-03 00:47:05,26.55000000000001,Zone 4,56.3,Zone 5,26.2,Zone 4,37.8,Zone 4,32.5,Zone 4,54.8,Zone 5,39.0,Zone 5,61.2,Zone 5,56.3,Zone 5,63.7,Zone 5
Kerala,Kollam,Parippally,24.7,2026-08-03,00:30:00,100.0,2026-08-02,00:30:00,2026-08-03 00:47:05,27.350000000000023,Zone 4,60.7,Zone 5,27.0,Zone 4,47.6,Zone 5,34.0,Zone 4,60.2,Zone 5,50.0,Zone 5,63.2,Zone 5,60.7,Zone 5,65.5,Zone 5
Kerala,Kollam,Thenmala,25.3,2026-08-03,00:15:00,,,,2026-08-03 00:47:05,,,,,,,,,,,,,,,,,,,,
Kerala,Kottayam,Vadavathoor,24.3,2026-08-03,00:15:00,,,,2026-08-03 00:47:05,,,,,,,,,,,,,,,,,,,,
Kerala,Kottayam,Vaikkom,24.6,2026-08-03,00:30:00,100.0,2026-08-02,00:30:00,2026-08-03 00:47:05,27.25,Zone 4,60.7,Zone 5,27.0,Zone 4,47.6,Zone 5,34.0,Zone 4,60.2,Zone 5,50.0,Zone 5,63.2,Zone 5,60.7,Zone 5,65.5,Zone 5
Kerala,Kozhikode,Kozhikode,26.8,2026-08-03,00:00:00,,,,2026-08-03 00:47:05,,,,,,,,,,,,,,,,,,,,
Kerala,Kozhikode,Kunnamangalam,25.5,2026-08-03,00:30:00,100.0,2026-08-02,00:30:00,2026-08-03 00:47:05,29.05000000000001,Zone 4,62.4,Zone 5,29.0,Zone 4,55.9,Zone 5,37.6,Zone 5,62.0,Zone 5,58.0,Zone 5,64.7,Zone 5,62.4,Zone 5,66.7,Zone 5
Kerala,Kozhikode,Urumi,24.3,2026-08-03,00:30:00,100.0,2026-08-02,00:30:00,2026-08-03 00:47:05,26.650000000000034,Zone 4,60.7,Zone 5,27.0,Zone 4,47.6,Zone 5,34.0,Zone 4,60.2,Zone 5,50.0,Zone 5,63.2,Zone 5,60.7,Zone 5,65.5,Zone 5
Kerala,Kozhikode,Vilangad,24.2,2026-08-03,00:30:00,100.0,2026-08-02,00:30:00,2026-08-03 00:47:05,26.450000000000045,Zone 4,59.8,Zone 5,26.1,Zone 4,43.6,Zone 5,32.9,Zone 4,59.4,Zone 5,45.9,Zone 5,62.5,Zone 5,59.8,Zone 5,64.8,Zone 5
Kerala,Malappuram,Nilambur,25.0,2026-08-03,00:30:00,100.0,2026-08-02,00:30:00,2026-08-03 00:47:05,27.950000000000045,Zone 4,61.5,Zone 5,28.0,Zone 4,51.8,Zone 5,35.2,Zone 4,61.1,Zone 5,54.1,Zone 5,64.0,Zone 5,61.5,Zone 5,66.1,Zone 5
Kerala,Malappuram,Palemad,25.0,2026-08-03,00:30:00,100.0,2026-08-02,00:30:00,2026-08-03 00:47:05,27.950000000000045,Zone 4,61.5,Zone 5,28.0,Zone 4,51.8,Zone 5,35.2,Zone 4,61.1,Zone 5,54.1,Zone 5,64.0,Zone 5,61.5,Zone 5,66.1,Zone 5
Kerala,Malappuram,Thavanur Kvk,24.7,2026-08-03,00:30:00,100.0,2026-08-02,00:30:00,2026-08-03 00:47:05,27.350000000000023,Zone 4,60.7,Zone 5,27.0,Zone 4,47.6,Zone 5,34.0,Zone 4,60.2,Zone 5,50.0,Zone 5,63.2,Zone 5,60.7,Zone 5,65.5,Zone 5
Kerala,Palakkad,Mangalam Dam,24.5,2026-08-03,00:30:00,100.0,2026-08-02,00:30:00,2026-08-03 00:47:05,27.05000000000001,Zone 4,60.7,Zone 5,27.0,Zone 4,47.6,Zone 5,34.0,Zone 4,60.2,Zone 5,50.0,Zone 5,63.2,Zone 5,60.7,Zone 5,65.5,Zone 5
Kerala,Palakkad,Mankara,25.1,2026-08-03,00:30:00,75.0,2026-08-02,00:30:00,2026-08-03 00:47:05,26.350000000000023,Zone 4,48.5,Zone 5,26.2,Zone 4,36.8,Zone 4,32.0,Zone 4,47.0,Zone 5,37.3,Zone 4,59.5,Zone 5,48.5,Zone 5,62.3,Zone 5
Kerala,Palakkad,Mannarkkad,24.6,2026-08-03,00:30:00,100.0,2026-08-02,00:30:00,2026-08-03 00:47:05,27.25,Zone 4,60.7,Zone 5,27.0,Zone 4,47.6,Zone 5,34.0,Zone 4,60.2,Zone 5,50.0,Zone 5,63.2,Zone 5,60.7,Zone 5,65.5,Zone 5
Kerala,Palakkad,Pothundy Dam,24.5,2026-08-03,00:30:00,100.0,2026-08-02,00:30:00,2026-08-03 00:47:05,27.05000000000001,Zone 4,60.7,Zone 5,27.0,Zone 4,47.6,Zone 5,34.0,Zone 4,60.2,Zone 5,50.0,Zone 5,63.2,Zone 5,60.7,Zone 5,65.5,Zone 5
Kerala,Pathanamthitta,Konni,23.7,2026-08-03,00:30:00,98.0,2026-08-02,00:30:00,2026-08-03 00:47:05,25.55000000000001,Zone 4,57.5,Zone 5,25.2,Zone 3,38.4,Zone 5,31.7,Zone 4,56.0,Zone 5,40.3,Zone 5,61.5,Zone 5,57.5,Zone 5,63.9,Zone 5
Kerala,Pathanamthitta,Kunnamthanam,25.4,2026-08-03,00:30:00,100.0,2026-08-02,00:30:00,2026-08-03 00:47:05,28.75,Zone 4,62.4,Zone 5,29.0,Zone 4,55.9,Zone 5,37.6,Zone 5,62.0,Zone 5,58.0,Zone 5,64.7,Zone 5,62.4,Zone 5,66.7,Zone 5
Kerala,Pathanamthitta,Laha,23.7,2026-08-03,00:30:00,100.0,2026-08-02,00:30:00,2026-08-03 00:47:05,25.650000000000034,Zone 4,58.9,Zone 5,25.3,Zone 3,39.9,Zone 5,31.9,Zone 4,57.4,Zone 5,42.0,Zone 5,61.8,Zone 5,58.9,Zone 5,64.2,Zone 5
Kerala,Pathanamthitta,Ulanadu,24.9,2026-08-03,00:30:00,100.0,2026-08-02,00:30:00,2026-08-03 00:47:05,27.75,Zone 4,61.5,Zone 5,28.0,Zone 4,51.8,Zone 5,35.2,Zone 4,61.1,Zone 5,54.1,Zone 5,64.0,Zone 5,61.5,Zone 5,66.1,Zone 5
Kerala,Pathanamthitta,Venkurinji,24.3,2026-08-03,00:30:00,100.0,2026-08-02,00:30:00,2026-08-03 00:47:05,26.650000000000034,Zone 4,60.7,Zone 5,27.0,Zone 4,47.6,Zone 5,34.0,Zone 4,60.2,Zone 5,50.0,Zone 5,63.2,Zone 5,60.7,Zone 5,65.5,Zone 5
Kerala,Thiruvananthapuram,Palode,24.6,2026-08-03,00:30:00,100.0,2026-08-02,00:30:00,2026-08-03 00:47:05,27.25,Zone 4,60.7,Zone 5,27.0,Zone 4,47.6,Zone 5,34.0,Zone 4,60.2,Zone 5,50.0,Zone 5,63.2,Zone 5,60.7,Zone 5,65.5,Zone 5
Kerala,Thiruvananthapuram,Thattathumala,25.0,2026-08-03,00:15:00,,,,2026-08-03 00:47:05,,,,,,,,,,,,,,,,,,,,
Kerala,Thiruvananthapuram,Thiruvananthapuram,24.9,2026-08-03,00:30:00,82.0,2026-08-02,00:30:00,2026-08-03 00:47:05,26.450000000000045,Zone 4,54.6,Zone 5,26.6,Zone 4,37.8,Zone 4,32.7,Zone 4,53.0,Zone 5,38.4,Zone 4,60.8,Zone 5,54.6,Zone 5,63.4,Zone 5
Kerala,Thiruvananthapuram,Varkala,24.5,2026-08-03,00:30:00,100.0,2026-08-02,00:30:00,2026-08-03 00:47:05,27.05000000000001,Zone 4,60.7,Zone 5,27.0,Zone 4,47.6,Zone 5,34.0,Zone 4,60.2,Zone 5,50.0,Zone 5,63.2,Zone 5,60.7,Zone 5,65.5,Zone 5
Kerala,Thrissur,Athirappilly,24.7,2026-08-03,00:30:00,100.0,2026-08-02,00:30:00,2026-08-03 00:47:05,27.350000000000023,Zone 4,60.7,Zone 5,27.0,Zone 4,47.6,Zone 5,34.0,Zone 4,60.2,Zone 5,50.0,Zone 5,63.2,Zone 5,60.7,Zone 5,65.5,Zone 5
Kerala,Thrissur,Lower Sholayar,21.0,2026-08-03,00:30:00,100.0,2026-08-02,00:30:00,2026-08-03 00:47:05,22.650000000000034,Zone 3,42.5,Zone 5,22.6,Zone 3,32.8,Zone 4,27.7,Zone 4,41.2,Zone 5,33.3,Zone 4,56.3,Zone 5,42.5,Zone 5,61.2,Zone 5
Kerala,Thrissur,Peechi,24.6,2026-08-03,00:15:00,,,,2026-08-03 00:47:05,,,,,,,,,,,,,,,,,,,,
Kerala,Thrissur,Vilangankunnu,,,,100.0,2026-08-02,00:30:00,2026-08-03 00:47:05,,,,,,,,,,,,,,,,,,,,
Kerala,Wayanad,Kabanigiri,21.8,2026-08-03,00:30:00,100.0,2026-08-02,00:30:00,2026-08-03 00:47:05,23.55000000000001,Zone 3,49.1,Zone 5,23.7,Zone 3,34.5,Zone 4,29.3,Zone 4,47.5,Zone 5,35.0,Zone 4,59.7,Zone 5,49.1,Zone 5,62.4,Zone 5
Kerala,Wayanad,Kalpeta,21.3,2026-08-03,00:30:00,100.0,2026-08-02,00:30:00,2026-08-03 00:47:05,22.950000000000045,Zone 3,45.7,Zone 5,23.2,Zone 3,33.6,Zone 4,28.5,Zone 4,44.3,Zone 5,34.1,Zone 4,58.9,Zone 5,45.7,Zone 5,61.8,Zone 5
Kerala,Wayanad,Karapuzha,21.7,2026-08-03,00:30:00,100.0,2026-08-02,00:30:00,2026-08-03 00:47:05,23.350000000000023,Zone 3,45.7,Zone 5,23.2,Zone 3,33.6,Zone 4,28.5,Zone 4,44.3,Zone 5,34.1,Zone 4,58.9,Zone 5,45.7,Zone 5,61.8,Zone 5
Kerala,Wayanad,Meenangadi,21.2,2026-08-03,00:15:00,,,,2026-08-03 00:47:05,,,,,,,,,,,,,,,,,,,,
Kerala,Wayanad,Padamala,21.1,2026-08-03,00:30:00,100.0,2026-08-02,00:30:00,2026-08-03 00:47:05,22.75,Zone 3,42.5,Zone 5,22.6,Zone 3,32.8,Zone 4,27.7,Zone 4,41.2,Zone 5,33.3,Zone 4,56.3,Zone 5,42.5,Zone 5,61.2,Zone 5
Ladakh,Kargil,Dras,12.5,2026-08-03,00:30:00,93.0,2026-08-02,00:30:00,2026-08-03 00:47:05,12.25,Zone 2,27.0,Zone 4,12.3,Zone 2,23.7,Zone 3,19.7,Zone 3,26.9,Zone 4,23.8,Zone 3,30.8,Zone 4,27.0,Zone 4,34.6,Zone 4
Ladakh,Kargil,Garkon,21.5,2026-08-03,00:30:00,47.0,2026-08-02,00:30:00,2026-08-03 00:47:05,20.650000000000034,Zone 3,34.1,Zone 4,20.7,Zone 3,30.0,Zone 4,26.0,Zone 4,34.0,Zone 4,30.1,Zone 4,37.7,Zone 4,34.1,Zone 4,41.3,Zone 4
Ladakh,Kargil,Kargil,16.7,2026-08-03,00:30:00,68.0,2026-08-02,00:30:00,2026-08-03 00:47:05,15.850000000000023,Zone 3,30.1,Zone 4,15.6,Zone 3,26.0,Zone 4,22.4,Zone 3,30.0,Zone 4,26.1,Zone 4,33.9,Zone 4,30.1,Zone 4,37.5,Zone 4
Ladakh,Kargil,Padum Kvk,18.6,2026-08-03,00:15:00,,,,2026-08-03 00:47:05,,,,,,,,,,,,,,,,,,,,
Ladakh,Leh,Khaltse,21.2,2026-08-03,00:30:00,44.0,2026-08-02,00:30:00,2026-08-03 00:47:05,20.150000000000034,Zone 3,33.3,Zone 4,19.9,Zone 3,29.4,Zone 4,25.4,Zone 4,33.3,Zone 4,29.5,Zone 4,36.9,Zone 4,33.3,Zone 4,40.5,Zone 4
Ladakh,Leh,Leh Amfu,15.3,2026-08-03,00:30:00,90.0,2026-08-02,00:30:00,2026-08-03 00:47:05,15.25,Zone 3,29.9,Zone 4,15.5,Zone 3,25.6,Zone 4,22.1,Zone 3,29.8,Zone 4,25.7,Zone 4,33.9,Zone 4,29.9,Zone 4,38.4,Zone 5
Ladakh,Leh,Mc Leh,13.8,2026-08-03,00:30:00,75.0,2026-08-02,00:30:00,2026-08-03 00:47:05,12.950000000000045,Zone 2,27.9,Zone 4,13.1,Zone 2,24.4,Zone 3,20.5,Zone 3,27.9,Zone 4,24.4,Zone 3,31.7,Zone 4,27.9,Zone 4,35.3,Zone 4
Ladakh,Leh,Nubra Hunder,16.7,2026-08-03,00:30:00,66.0,2026-08-02,00:30:00,2026-08-03 00:47:05,15.75,Zone 3,30.0,Zone 4,15.5,Zone 3,26.0,Zone 4,22.3,Zone 3,30.0,Zone 4,26.0,Zone 4,33.8,Zone 4,30.0,Zone 4,37.4,Zone 4
Ladakh,Leh,Nyoma Kvk,11.5,2026-08-03,00:30:00,65.0,2026-08-02,00:30:00,2026-08-03 00:47:05,10.350000000000023,Zone 2,25.5,Zone 4,10.3,Zone 2,22.8,Zone 3,18.1,Zone 3,25.6,Zone 4,22.7,Zone 3,29.1,Zone 4,25.5,Zone 4,32.6,Zone 4
Ladakh,Leh,Tangtse Durbuk,13.3,2026-08-03,00:30:00,62.0,2026-08-02,00:30:00,2026-08-03 00:47:05,11.950000000000045,Zone 2,27.1,Zone 4,12.1,Zone 2,23.9,Zone 3,19.7,Zone 3,27.2,Zone 4,23.9,Zone 3,30.8,Zone 4,27.1,Zone 4,34.2,Zone 4
Ladakh,Leh,Upshi,16.0,2026-08-03,00:30:00,81.0,2026-08-02,00:30:00,2026-08-03 00:47:05,15.650000000000034,Zone 3,30.1,Zone 4,15.7,Zone 3,25.8,Zone 4,22.3,Zone 3,30.0,Zone 4,25.9,Zone 4,34.0,Zone 4,30.1,Zone 4,37.8,Zone 4
Madhya Pradesh,Agar,Agar Malwa,25.0,2026-08-03,00:30:00,100.0,2026-08-02,00:30:00,2026-08-03 00:47:05,27.950000000000045,Zone 4,61.5,Zone 5,28.0,Zone 4,51.8,Zone 5,35.2,Zone 4,61.1,Zone 5,54.1,Zone 5,64.0,Zone 5,61.5,Zone 5,66.1,Zone 5
Madhya Pradesh,Alirajpur,Alirajpur,24.7,2026-08-03,00:30:00,88.0,2026-08-02,00:30:00,2026-08-03 00:47:05,26.55000000000001,Zone 4,56.3,Zone 5,26.2,Zone 4,37.8,Zone 4,32.5,Zone 4,54.8,Zone 5,39.0,Zone 5,61.2,Zone 5,56.3,Zone 5,63.7,Zone 5
Madhya Pradesh,Balaghat,Pala Kvk,26.5,2026-08-03,00:30:00,88.0,2026-08-02,00:30:00,2026-08-03 00:47:05,29.75,Zone 4,61.5,Zone 5,29.8,Zone 4,51.9,Zone 5,36.7,Zone 4,61.1,Zone 5,54.2,Zone 5,64.0,Zone 5,61.5,Zone 5,66.1,Zone 5
Madhya Pradesh,Betul,Betul,,,,99.0,2026-08-02,00:30:00,2026-08-03 00:47:05,,,,,,,,,,,,,,,,,,,,
Madhya Pradesh,Betul,Multai,24.3,2026-08-03,00:30:00,100.0,2026-08-02,00:30:00,2026-08-03 00:47:05,26.650000000000034,Zone 4,60.7,Zone 5,27.0,Zone 4,47.6,Zone 5,34.0,Zone 4,60.2,Zone 5,50.0,Zone 5,63.2,Zone 5,60.7,Zone 5,65.5,Zone 5
Madhya Pradesh,Bhopal,Berasia,25.5,2026-08-03,00:30:00,100.0,2026-08-02,00:30:00,2026-08-03 00:47:05,29.05000000000001,Zone 4,62.4,Zone 5,29.0,Zone 4,55.9,Zone 5,37.6,Zone 5,62.0,Zone 5,58.0,Zone 5,64.7,Zone 5,62.4,Zone 5,66.7,Zone 5
Madhya Pradesh,Bhopal,Islamnagar,,,,100.0,2026-08-02,00:30:00,2026-08-03 00:47:05,,,,,,,,,,,,,,,,,,,,
Madhya Pradesh,Bhopal ,Bhopal,25.2,2026-08-03,00:30:00,100.0,2026-08-02,00:30:00,2026-08-03 00:47:05,28.350000000000023,Zone 4,61.5,Zone 5,28.0,Zone 4,51.8,Zone 5,35.2,Zone 4,61.1,Zone 5,54.1,Zone 5,64.0,Zone 5,61.5,Zone 5,66.1,Zone 5
Madhya Pradesh,Chhindwara,Amarwada,23.9,2026-08-03,00:30:00,94.0,2026-08-02,00:30:00,2026-08-03 00:47:05,25.650000000000034,Zone 4,57.7,Zone 5,25.8,Zone 4,38.6,Zone 5,32.2,Zone 4,56.2,Zone 5,40.6,Zone 5,61.5,Zone 5,57.7,Zone 5,64.0,Zone 5
Madhya Pradesh,Chhindwara,New Chhindwara,24.1,2026-08-03,00:30:00,100.0,2026-08-02,00:30:00,2026-08-03 00:47:05,26.350000000000023,Zone 4,59.8,Zone 5,26.1,Zone 4,43.6,Zone 5,32.9,Zone 4,59.4,Zone 5,45.9,Zone 5,62.5,Zone 5,59.8,Zone 5,64.8,Zone 5
Madhya Pradesh,Chhindwara,Sausar,26.0,2026-08-03,00:30:00,95.0,2026-08-02,00:30:00,2026-08-03 00:47:05,29.55000000000001,Zone 4,62.2,Zone 5,29.5,Zone 4,55.1,Zone 5,36.8,Zone 5,61.8,Zone 5,57.2,Zone 5,64.5,Zone 5,62.2,Zone 5,66.6,Zone 5
Madhya Pradesh,Datia,Datia,28.0,2026-08-03,00:30:00,93.0,2026-08-02,00:30:00,2026-08-03 00:47:05,34.150000000000034,Zone 4,65.1,Zone 5,34.1,Zone 4,61.5,Zone 5,53.5,Zone 5,64.8,Zone 5,62.1,Zone 5,67.1,Zone 5,65.1,Zone 5,68.8,Zone 5
Madhya Pradesh,Dewas,Kannod,25.4,2026-08-03,00:30:00,98.0,2026-08-02,00:30:00,2026-08-03 00:47:05,28.55000000000001,Zone 4,62.0,Zone 5,28.8,Zone 4,54.0,Zone 5,36.1,Zone 4,61.5,Zone 5,56.2,Zone 5,64.3,Zone 5,62.0,Zone 5,66.4,Zone 5
Madhya Pradesh,Guna,Aron Kvk,,,,80.0,2026-08-02,00:30:00,2026-08-03 00:47:05,,,,,,,,,,,,,,,,,,,,
Madhya Pradesh,Hoshangabad,Pachmarhi Aec,22.7,2026-08-03,00:30:00,96.0,2026-08-02,00:30:00,2026-08-03 00:47:05,24.350000000000023,Zone 3,49.5,Zone 5,24.1,Zone 3,35.0,Zone 4,29.8,Zone 4,47.9,Zone 5,35.5,Zone 4,59.7,Zone 5,49.5,Zone 5,62.4,Zone 5
Madhya Pradesh,Mandsaur,Mandsour,24.4,2026-08-03,00:30:00,94.0,2026-08-02,00:30:00,2026-08-03 00:47:05,26.450000000000045,Zone 4,59.5,Zone 5,26.6,Zone 4,42.1,Zone 5,33.2,Zone 4,59.1,Zone 5,44.3,Zone 5,62.2,Zone 5,59.5,Zone 5,64.6,Zone 5
Madhya Pradesh,Narsinghpur,Gadarwara,26.6,2026-08-03,00:30:00,93.0,2026-08-02,00:30:00,2026-08-03 00:47:05,30.55000000000001,Zone 4,62.6,Zone 5,30.4,Zone 4,57.0,Zone 5,38.8,Zone 5,62.2,Zone 5,59.0,Zone 5,64.9,Zone 5,62.6,Zone 5,66.9,Zone 5
Madhya Pradesh,Narsinghpur,Narsinghpur,26.7,2026-08-03,00:30:00,100.0,2026-08-02,00:30:00,2026-08-03 00:47:05,31.850000000000023,Zone 4,64.1,Zone 5,31.3,Zone 4,60.2,Zone 5,47.0,Zone 5,63.7,Zone 5,60.8,Zone 5,66.2,Zone 5,64.1,Zone 5,68.0,Zone 5
Madhya Pradesh,Neemuch,Marukheda Kvk,25.5,2026-08-03,00:30:00,100.0,2026-08-02,00:30:00,2026-08-03 00:47:05,29.05000000000001,Zone 4,62.4,Zone 5,29.0,Zone 4,55.9,Zone 5,37.6,Zone 5,62.0,Zone 5,58.0,Zone 5,64.7,Zone 5,62.4,Zone 5,66.7,Zone 5
Madhya Pradesh,Niwari,Prithvipur,27.8,2026-08-03,00:30:00,99.0,2026-08-02,00:30:00,2026-08-03 00:47:05,34.85000000000002,Zone 4,66.5,Zone 5,35.8,Zone 5,63.1,Zone 5,59.5,Zone 5,66.1,Zone 5,63.7,Zone 5,68.2,Zone 5,66.5,Zone 5,69.8,Zone 5
Madhya Pradesh,Sagar,Khurai,25.7,2026-08-03,00:30:00,99.0,2026-08-02,00:30:00,2026-08-03 00:47:05,29.350000000000023,Zone 4,62.2,Zone 5,28.9,Zone 4,54.9,Zone 5,36.7,Zone 5,61.7,Zone 5,57.1,Zone 5,64.5,Zone 5,62.2,Zone 5,66.6,Zone 5
Madhya Pradesh,Sagar,Sagar,24.4,2026-08-03,00:30:00,88.0,2026-08-02,00:30:00,2026-08-03 00:47:05,26.05000000000001,Zone 4,56.3,Zone 5,26.2,Zone 4,37.8,Zone 4,32.5,Zone 4,54.8,Zone 5,39.0,Zone 5,61.2,Zone 5,56.3,Zone 5,63.7,Zone 5
Madhya Pradesh,Satna,Gramoday Vv Chitrakoot,28.2,2026-08-03,00:30:00,100.0,2026-08-02,00:30:00,2026-08-03 00:47:05,39.35000000000002,Zone 5,66.7,Zone 5,37.1,Zone 5,63.4,Zone 5,59.8,Zone 5,66.3,Zone 5,63.9,Zone 5,68.4,Zone 5,66.7,Zone 5,70.0,Zone 5
Madhya Pradesh,Satna,Satna,26.7,2026-08-03,00:30:00,83.0,2026-08-02,00:30:00,2026-08-03 00:47:05,29.650000000000034,Zone 4,60.4,Zone 5,29.2,Zone 4,46.6,Zone 5,35.8,Zone 4,60.0,Zone 5,48.9,Zone 5,63.0,Zone 5,60.4,Zone 5,65.3,Zone 5
Madhya Pradesh,Sehore,Ahmadpur Iitm,23.4,2026-08-03,00:30:00,95.0,2026-08-02,00:30:00,2026-08-03 00:47:05,25.05000000000001,Zone 3,55.4,Zone 5,25.1,Zone 3,36.8,Zone 4,31.4,Zone 4,53.8,Zone 5,38.0,Zone 5,61.0,Zone 5,55.4,Zone 5,63.5,Zone 5
Madhya Pradesh,Sehore,Bhairunda,25.8,2026-08-03,00:30:00,,,,2026-08-03 00:47:05,,,,,,,,,,,,,,,,,,,,
Madhya Pradesh,Shajapur,Shajapur,24.4,2026-08-03,00:30:00,99.0,2026-08-02,00:30:00,2026-08-03 00:47:05,26.75,Zone 4,60.5,Zone 5,27.0,Zone 4,46.7,Zone 5,33.9,Zone 4,60.1,Zone 5,49.1,Zone 5,63.1,Zone 5,60.5,Zone 5,65.3,Zone 5
Madhya Pradesh,Sheopur,Sheopur,19.1,2026-08-03,00:30:00,87.0,2026-08-02,00:30:00,2026-08-03 00:47:05,19.850000000000023,Zone 3,34.0,Zone 4,19.7,Zone 3,29.2,Zone 4,24.8,Zone 3,33.8,Zone 4,29.5,Zone 4,38.6,Zone 5,34.0,Zone 4,52.1,Zone 5
Madhya Pradesh,Shivpuri,Shivpuri,25.6,2026-08-03,00:30:00,100.0,2026-08-02,00:30:00,2026-08-03 00:47:05,29.25,Zone 4,62.4,Zone 5,29.0,Zone 4,55.9,Zone 5,37.6,Zone 5,62.0,Zone 5,58.0,Zone 5,64.7,Zone 5,62.4,Zone 5,66.7,Zone 5
Madhya Pradesh,Sidhi,Rampur Naikin,28.1,2026-08-03,00:30:00,89.0,2026-08-02,00:30:00,2026-08-03 00:47:05,33.55000000000001,Zone 4,64.2,Zone 5,33.3,Zone 4,60.4,Zone 5,48.0,Zone 5,63.8,Zone 5,61.0,Zone 5,66.3,Zone 5,64.2,Zone 5,68.1,Zone 5
Madhya Pradesh,Sidhi,Sidhi,28.2,2026-08-03,00:30:00,88.0,2026-08-02,00:30:00,2026-08-03 00:47:05,33.650000000000034,Zone 4,64.0,Zone 5,33.1,Zone 4,60.1,Zone 5,46.6,Zone 5,63.6,Zone 5,60.7,Zone 5,66.1,Zone 5,64.0,Zone 5,68.0,Zone 5
Madhya Pradesh,Ujjain,Tarana,25.4,2026-08-03,00:15:00,,,,2026-08-03 00:47:05,,,,,,,,,,,,,,,,,,,,
Madhya Pradesh,Ujjain,Vikram Vv Ujjain,24.8,2026-08-03,00:30:00,100.0,2026-08-02,00:30:00,2026-08-03 00:47:05,27.55000000000001,Zone 4,61.5,Zone 5,28.0,Zone 4,51.8,Zone 5,35.2,Zone 4,61.1,Zone 5,54.1,Zone 5,64.0,Zone 5,61.5,Zone 5,66.1,Zone 5
Madhya Pradesh,Vidisha,Kurwai,,,,99.0,2026-08-02,00:30:00,2026-08-03 00:47:05,,,,,,,,,,,,,,,,,,,,
Madhya Pradesh,Vidisha,Lateri,,,,96.0,2026-08-02,00:30:00,2026-08-03 00:47:05,,,,,,,,,,,,,,,,,,,,
Maharashtra,Amravati,Morshi,26.3,2026-08-03,00:30:00,100.0,2026-08-02,00:30:00,2026-08-03 00:47:05,30.850000000000023,Zone 4,64.1,Zone 5,31.3,Zone 4,60.2,Zone 5,47.0,Zone 5,63.7,Zone 5,60.8,Zone 5,66.2,Zone 5,64.1,Zone 5,68.0,Zone 5
Maharashtra,Beed,Beed Pto,25.9,2026-08-03,00:30:00,83.0,2026-08-02,00:30:00,2026-08-03 00:47:05,28.150000000000034,Zone 4,59.6,Zone 5,28.3,Zone 4,42.8,Zone 5,34.7,Zone 4,59.2,Zone 5,45.0,Zone 5,62.4,Zone 5,59.6,Zone 5,64.7,Zone 5
Maharashtra,Buldhana,Hiwara,24.3,2026-08-03,00:30:00,87.0,2026-08-02,00:30:00,2026-08-03 00:47:05,25.850000000000023,Zone 4,55.5,Zone 5,26.2,Zone 4,37.6,Zone 4,32.4,Zone 4,54.0,Zone 5,38.2,Zone 4,61.0,Zone 5,55.5,Zone 5,63.6,Zone 5
Maharashtra,Chandrapur,Chandrapur Aws400,28.5,2026-08-03,00:30:00,100.0,2026-08-02,00:30:00,2026-08-03 00:47:05,43.05000000000001,Zone 5,67.6,Zone 5,43.1,Zone 5,64.5,Zone 5,61.2,Zone 5,67.2,Zone 5,65.0,Zone 5,69.2,Zone 5,67.6,Zone 5,70.6,Zone 5
Maharashtra,Dhule,Dhule,26.1,2026-08-03,00:30:00,91.0,2026-08-02,00:30:00,2026-08-03 00:47:05,29.350000000000023,Zone 4,61.3,Zone 5,29.1,Zone 4,51.0,Zone 5,36.0,Zone 4,60.9,Zone 5,53.4,Zone 5,63.8,Zone 5,61.3,Zone 5,66.0,Zone 5
Maharashtra,Gondia,Tiroda,,,,100.0,2026-08-02,00:30:00,2026-08-03 00:47:05,,,,,,,,,,,,,,,,,,,,
Maharashtra,Hingoli,Tondapur Aws400,24.6,2026-08-03,00:30:00,100.0,2026-08-02,00:30:00,2026-08-03 00:47:05,27.25,Zone 4,60.7,Zone 5,27.0,Zone 4,47.6,Zone 5,34.0,Zone 4,60.2,Zone 5,50.0,Zone 5,63.2,Zone 5,60.7,Zone 5,65.5,Zone 5
Maharashtra,Kolhapur,Radhanagri Ars,23.5,2026-08-03,00:30:00,100.0,2026-08-02,00:30:00,2026-08-03 00:47:05,25.25,Zone 3,58.9,Zone 5,25.3,Zone 3,39.9,Zone 5,31.9,Zone 4,57.4,Zone 5,42.0,Zone 5,61.8,Zone 5,58.9,Zone 5,64.2,Zone 5
Maharashtra,Latur,Udgir Aws400,24.2,2026-08-03,00:30:00,100.0,2026-08-02,00:30:00,2026-08-03 00:47:05,26.450000000000045,Zone 4,59.8,Zone 5,26.1,Zone 4,43.6,Zone 5,32.9,Zone 4,59.4,Zone 5,45.9,Zone 5,62.5,Zone 5,59.8,Zone 5,64.8,Zone 5
Maharashtra,Mumbai Suburban,Bandra,26.5,2026-08-03,00:30:00,,,,2026-08-03 00:47:05,,,,,,,,,,,,,,,,,,,,
Maharashtra,Mumbai Suburban,Mumbai Airport,28.2,2026-08-03,00:30:00,,,,2026-08-03 00:47:05,,,,,,,,,,,,,,,,,,,,
Maharashtra,Mumbai Suburban,Vikhroli,26.4,2026-08-03,00:30:00,91.0,2026-08-02,00:30:00,2026-08-03 00:47:05,29.950000000000045,Zone 4,62.2,Zone 5,30.1,Zone 4,55.0,Zone 5,37.3,Zone 4,61.8,Zone 5,57.2,Zone 5,64.5,Zone 5,62.2,Zone 5,66.6,Zone 5
Maharashtra,Mumbai City,Byculla Mumbai,27.2,2026-08-03,00:30:00,100.0,2026-08-02,00:30:00,2026-08-03 00:47:05,33.25,Zone 4,65.0,Zone 5,32.7,Zone 4,61.3,Zone 5,52.3,Zone 5,64.6,Zone 5,61.8,Zone 5,66.9,Zone 5,65.0,Zone 5,68.7,Zone 5
Maharashtra,Mumbai City,Mahalaxmi,27.5,2026-08-03,00:30:00,99.0,2026-08-02,00:30:00,2026-08-03 00:47:05,33.950000000000045,Zone 4,65.6,Zone 5,33.9,Zone 4,62.1,Zone 5,56.1,Zone 5,65.2,Zone 5,62.6,Zone 5,67.5,Zone 5,65.6,Zone 5,69.1,Zone 5
Maharashtra,Mumbai City,Mumbai Santa Cruz,26.4,2026-08-03,00:30:00,,,,2026-08-03 00:47:05,,,,,,,,,,,,,,,,,,,,
Maharashtra,Nagpur,Nagpur Kvk,27.1,2026-08-03,00:30:00,93.0,2026-08-02,00:30:00,2026-08-03 00:47:05,31.75,Zone 4,63.4,Zone 5,31.5,Zone 4,59.5,Zone 5,43.3,Zone 5,63.0,Zone 5,60.0,Zone 5,65.6,Zone 5,63.4,Zone 5,67.5,Zone 5
Maharashtra,Nagpur,Ramtek Aws400,26.4,2026-08-03,00:30:00,100.0,2026-08-02,00:30:00,2026-08-03 00:47:05,31.05000000000001,Zone 4,64.1,Zone 5,31.3,Zone 4,60.2,Zone 5,47.0,Zone 5,63.7,Zone 5,60.8,Zone 5,66.2,Zone 5,64.1,Zone 5,68.0,Zone 5
Maharashtra,Nanded,Nanded,25.3,2026-08-03,00:30:00,100.0,2026-08-02,00:30:00,2026-08-03 00:47:05,28.55000000000001,Zone 4,62.4,Zone 5,29.0,Zone 4,55.9,Zone 5,37.6,Zone 5,62.0,Zone 5,58.0,Zone 5,64.7,Zone 5,62.4,Zone 5,66.7,Zone 5
Maharashtra,Nanded,Sagroli Kvk,25.7,2026-08-03,00:30:00,100.0,2026-08-02,00:30:00,2026-08-03 00:47:05,29.450000000000045,Zone 4,62.4,Zone 5,29.0,Zone 4,55.9,Zone 5,37.6,Zone 5,62.0,Zone 5,58.0,Zone 5,64.7,Zone 5,62.4,Zone 5,66.7,Zone 5
Maharashtra,Nandurbar,Shahada Aws400,26.2,2026-08-03,00:30:00,96.0,2026-08-02,00:30:00,2026-08-03 00:47:05,30.05000000000001,Zone 4,62.4,Zone 5,29.6,Zone 4,56.0,Zone 5,37.8,Zone 5,62.0,Zone 5,58.2,Zone 5,64.7,Zone 5,62.4,Zone 5,66.8,Zone 5
Maharashtra,Nashik,Malegaon,26.0,2026-08-03,00:30:00,87.0,2026-08-02,00:30:00,2026-08-03 00:47:05,28.75,Zone 4,60.5,Zone 5,28.7,Zone 4,46.9,Zone 5,35.4,Zone 4,60.1,Zone 5,49.2,Zone 5,63.1,Zone 5,60.5,Zone 5,65.4,Zone 5
Maharashtra,Nashik,Vilholi,23.0,2026-08-03,00:30:00,100.0,2026-08-02,00:30:00,2026-08-03 00:47:05,24.75,Zone 3,55.8,Zone 5,24.8,Zone 3,36.7,Zone 5,31.0,Zone 4,54.3,Zone 5,38.5,Zone 5,61.1,Zone 5,55.8,Zone 5,63.6,Zone 5
Maharashtra,Palghar,Palghar Aws400,26.4,2026-08-03,00:30:00,100.0,2026-08-02,00:30:00,2026-08-03 00:47:05,31.05000000000001,Zone 4,64.1,Zone 5,31.3,Zone 4,60.2,Zone 5,47.0,Zone 5,63.7,Zone 5,60.8,Zone 5,66.2,Zone 5,64.1,Zone 5,68.0,Zone 5
Maharashtra,Pune, Nimgiri Junnar,22.4,2026-08-03,00:30:00,,,,2026-08-03 00:47:05,,,,,,,,,,,,,,,,,,,,
Maharashtra,Pune,Ballalwadi Junnar,22.1,2026-08-03,00:30:00,99.0,2026-08-02,00:30:00,2026-08-03 00:47:05,23.75,Zone 3,48.4,Zone 5,23.7,Zone 3,34.4,Zone 4,29.2,Zone 4,46.8,Zone 5,34.9,Zone 4,59.5,Zone 5,48.4,Zone 5,62.2,Zone 5
Maharashtra,Pune,Blindschool Kp Pune,24.9,2026-08-03,00:30:00,90.0,2026-08-02,00:30:00,2026-08-03 00:47:05,27.05000000000001,Zone 4,59.5,Zone 5,27.2,Zone 4,42.2,Zone 5,33.7,Zone 4,59.1,Zone 5,44.3,Zone 5,62.2,Zone 5,59.5,Zone 5,64.6,Zone 5
Maharashtra,Pune,Chinchwad Pune,23.7,2026-08-03,00:30:00,99.0,2026-08-02,00:30:00,2026-08-03 00:47:05,25.55000000000001,Zone 4,58.2,Zone 5,25.2,Zone 3,39.2,Zone 5,31.8,Zone 4,56.7,Zone 5,41.2,Zone 5,61.6,Zone 5,58.2,Zone 5,64.1,Zone 5
Maharashtra,Pune,Cme Dapodi,24.0,2026-08-03,00:30:00,95.0,2026-08-02,00:30:00,2026-08-03 00:47:05,25.850000000000023,Zone 4,58.4,Zone 5,25.8,Zone 4,39.4,Zone 5,32.4,Zone 4,57.0,Zone 5,41.4,Zone 5,61.7,Zone 5,58.4,Zone 5,64.1,Zone 5
Maharashtra,Pune,Dps Hadapsar Pune,25.3,2026-08-03,00:30:00,91.0,2026-08-02,00:30:00,2026-08-03 00:47:05,27.75,Zone 4,60.5,Zone 5,28.1,Zone 4,47.0,Zone 5,34.9,Zone 4,60.1,Zone 5,49.3,Zone 5,63.1,Zone 5,60.5,Zone 5,65.4,Zone 5
Maharashtra,Pune,Girivan,22.6,2026-08-03,00:00:00,,,,2026-08-03 00:47:05,,,,,,,,,,,,,,,,,,,,
Maharashtra,Pune,Khadakwadi Ambegaon,23.1,2026-08-03,00:30:00,99.0,2026-08-02,00:30:00,2026-08-03 00:47:05,24.850000000000023,Zone 3,55.1,Zone 5,24.7,Zone 3,36.3,Zone 4,30.9,Zone 4,53.5,Zone 5,37.7,Zone 5,60.9,Zone 5,55.1,Zone 5,63.5,Zone 5
Maharashtra,Pune,Khutbav Daund,24.3,2026-08-03,00:00:00,,,,2026-08-03 00:47:05,,,,,,,,,,,,,,,,,,,,
Maharashtra,Pune,Lavale,20.6,2026-08-03,00:30:00,99.0,2026-08-02,00:30:00,2026-08-03 00:47:05,22.150000000000034,Zone 3,39.0,Zone 5,22.0,Zone 3,31.9,Zone 4,27.0,Zone 4,37.8,Zone 5,32.4,Zone 4,53.0,Zone 5,39.0,Zone 5,60.4,Zone 5
Maharashtra,Pune,Malin Ambegaon,22.6,2026-08-03,00:30:00,100.0,2026-08-02,00:30:00,2026-08-03 00:47:05,24.350000000000023,Zone 3,52.5,Zone 5,24.3,Zone 3,35.4,Zone 4,30.1,Zone 4,50.9,Zone 5,36.0,Zone 4,60.4,Zone 5,52.5,Zone 5,63.0,Zone 5
Maharashtra,Pune,Mti Pashan Pune,24.9,2026-08-03,00:30:00,97.0,2026-08-02,00:30:00,2026-08-03 00:47:05,27.55000000000001,Zone 4,60.9,Zone 5,27.7,Zone 4,48.9,Zone 5,34.7,Zone 4,60.5,Zone 5,51.2,Zone 5,63.4,Zone 5,60.9,Zone 5,65.7,Zone 5
Maharashtra,Pune,Narayangoan Krishi Kendra,22.9,2026-08-03,00:30:00,100.0,2026-08-02,00:30:00,2026-08-03 00:47:05,24.650000000000034,Zone 3,55.8,Zone 5,24.8,Zone 3,36.7,Zone 5,31.0,Zone 4,54.3,Zone 5,38.5,Zone 5,61.1,Zone 5,55.8,Zone 5,63.6,Zone 5
Maharashtra,Pune,Nda Pune,23.2,2026-08-03,00:30:00,89.0,2026-08-02,00:30:00,2026-08-03 00:47:05,24.55000000000001,Zone 3,47.4,Zone 5,24.4,Zone 3,35.1,Zone 4,30.0,Zone 4,45.9,Zone 5,35.6,Zone 4,59.3,Zone 5,47.4,Zone 5,62.1,Zone 5
Maharashtra,Pune,Nes Lakadi Indapur,24.1,2026-08-03,00:30:00,,,,2026-08-03 00:47:05,,,,,,,,,,,,,,,,,,,,
Maharashtra,Pune,Niasm Baramati,23.9,2026-08-03,00:30:00,100.0,2026-08-02,00:30:00,2026-08-03 00:47:05,25.950000000000045,Zone 4,59.8,Zone 5,26.1,Zone 4,43.6,Zone 5,32.9,Zone 4,59.4,Zone 5,45.9,Zone 5,62.5,Zone 5,59.8,Zone 5,64.8,Zone 5
Maharashtra,Pune,Pabal Shirur,20.7,2026-08-03,00:30:00,99.0,2026-08-02,00:30:00,2026-08-03 00:47:05,22.25,Zone 3,39.0,Zone 5,22.0,Zone 3,31.9,Zone 4,27.0,Zone 4,37.8,Zone 5,32.4,Zone 4,53.0,Zone 5,39.0,Zone 5,60.4,Zone 5
Maharashtra,Pune,Pashan Aws Lab,23.2,2026-08-03,00:30:00,100.0,2026-08-02,00:30:00,2026-08-03 00:47:05,24.950000000000045,Zone 3,55.8,Zone 5,24.8,Zone 3,36.7,Zone 5,31.0,Zone 4,54.3,Zone 5,38.5,Zone 5,61.1,Zone 5,55.8,Zone 5,63.6,Zone 5
Maharashtra,Pune,Pashan Tdma Test,24.3,2026-08-03,00:30:00,99.0,2026-08-02,00:30:00,2026-08-03 00:47:05,26.55000000000001,Zone 4,60.5,Zone 5,27.0,Zone 4,46.7,Zone 5,33.9,Zone 4,60.1,Zone 5,49.1,Zone 5,63.1,Zone 5,60.5,Zone 5,65.3,Zone 5
Maharashtra,Pune,Rjspmcop Dudulgaon,24.5,2026-08-03,00:30:00,100.0,2026-08-02,00:30:00,2026-08-03 00:47:05,27.05000000000001,Zone 4,60.7,Zone 5,27.0,Zone 4,47.6,Zone 5,34.0,Zone 4,60.2,Zone 5,50.0,Zone 5,63.2,Zone 5,60.7,Zone 5,65.5,Zone 5
Maharashtra,Pune,Talegaon,22.8,2026-08-03,00:30:00,,,,2026-08-03 00:47:05,,,,,,,,,,,,,,,,,,,,
Maharashtra,Pune,Wadgaonsheri Pune,24.4,2026-08-03,00:30:00,86.0,2026-08-02,00:30:00,2026-08-03 00:47:05,25.950000000000045,Zone 4,54.7,Zone 5,26.1,Zone 4,37.5,Zone 4,32.3,Zone 4,53.2,Zone 5,38.0,Zone 4,60.8,Zone 5,54.7,Zone 5,63.4,Zone 5
Maharashtra,Raigad,Iighq Newpanvel,26.4,2026-08-03,00:30:00,100.0,2026-08-02,00:30:00,2026-08-03 00:47:05,31.05000000000001,Zone 4,64.1,Zone 5,31.3,Zone 4,60.2,Zone 5,47.0,Zone 5,63.7,Zone 5,60.8,Zone 5,66.2,Zone 5,64.1,Zone 5,68.0,Zone 5
Maharashtra,Raigad,Iig Mo Alibag,27.8,2026-08-03,00:30:00,100.0,2026-08-02,00:30:00,2026-08-03 00:47:05,35.05000000000001,Zone 5,66.7,Zone 5,37.1,Zone 5,63.4,Zone 5,59.8,Zone 5,66.3,Zone 5,63.9,Zone 5,68.4,Zone 5,66.7,Zone 5,70.0,Zone 5
Maharashtra,Raigad,Karjat,26.6,2026-08-03,00:30:00,88.0,2026-08-02,00:30:00,2026-08-03 00:47:05,29.950000000000045,Zone 4,61.5,Zone 5,29.8,Zone 4,51.9,Zone 5,36.7,Zone 4,61.1,Zone 5,54.2,Zone 5,64.0,Zone 5,61.5,Zone 5,66.1,Zone 5
Maharashtra,Ratnagiri,Dapoli,27.4,2026-08-03,00:30:00,97.0,2026-08-02,00:30:00,2026-08-03 00:47:05,33.25,Zone 4,65.2,Zone 5,33.5,Zone 4,61.5,Zone 5,53.6,Zone 5,64.8,Zone 5,62.1,Zone 5,67.1,Zone 5,65.2,Zone 5,68.8,Zone 5
Maharashtra,Ratnagiri,Ratnagiri Aws400,27.7,2026-08-03,00:30:00,97.0,2026-08-02,00:30:00,2026-08-03 00:47:05,34.05000000000001,Zone 4,65.2,Zone 5,33.5,Zone 4,61.5,Zone 5,53.6,Zone 5,64.8,Zone 5,62.1,Zone 5,67.1,Zone 5,65.2,Zone 5,68.8,Zone 5
Maharashtra,Ratnagiri,Savarde(Golwane),26.2,2026-08-03,00:30:00,,,,2026-08-03 00:47:05,,,,,,,,,,,,,,,,,,,,
Maharashtra,Satara,Bgrl Karad,,,,64.0,2026-08-02,00:30:00,2026-08-03 00:47:05,,,,,,,,,,,,,,,,,,,,
Maharashtra,Satara,Mahabaleshwar,19.0,2026-08-03,00:30:00,,,,2026-08-03 00:47:05,,,,,,,,,,,,,,,,,,,,
Maharashtra,Solapur,Mohol Kvk,25.3,2026-08-03,00:30:00,81.0,2026-08-02,00:30:00,2026-08-03 00:47:05,27.05000000000001,Zone 4,56.8,Zone 5,27.4,Zone 4,38.6,Zone 4,33.5,Zone 4,55.3,Zone 5,39.5,Zone 5,61.3,Zone 5,56.8,Zone 5,63.8,Zone 5
Maharashtra,Solapur,Sangola Mahavidyalaya,25.6,2026-08-03,00:30:00,84.0,2026-08-02,00:30:00,2026-08-03 00:47:05,27.75,Zone 4,59.0,Zone 5,27.6,Zone 4,40.2,Zone 5,33.9,Zone 4,57.7,Zone 5,42.3,Zone 5,61.9,Zone 5,59.0,Zone 5,64.3,Zone 5
Maharashtra,Solapur,Solapur,26.5,2026-08-03,00:30:00,84.0,2026-08-02,00:30:00,2026-08-03 00:47:05,29.350000000000023,Zone 4,60.6,Zone 5,29.3,Zone 4,47.6,Zone 5,36.0,Zone 4,60.2,Zone 5,50.0,Zone 5,63.2,Zone 5,60.6,Zone 5,65.5,Zone 5
Maharashtra,Thane,Bhayander,26.2,2026-08-03,00:30:00,,,,2026-08-03 00:47:05,,,,,,,,,,,,,,,,,,,,
Maharashtra,Wardha,Wardha,27.2,2026-08-03,00:30:00,91.0,2026-08-02,00:30:00,2026-08-03 00:47:05,31.650000000000034,Zone 4,63.0,Zone 5,31.2,Zone 4,58.7,Zone 5,40.9,Zone 5,62.6,Zone 5,59.5,Zone 5,65.2,Zone 5,63.0,Zone 5,67.2,Zone 5
Maharashtra,Yavatmal,Pushad Aws400,25.1,2026-08-03,00:30:00,100.0,2026-08-02,00:30:00,2026-08-03 00:47:05,28.150000000000034,Zone 4,61.5,Zone 5,28.0,Zone 4,51.8,Zone 5,35.2,Zone 4,61.1,Zone 5,54.1,Zone 5,64.0,Zone 5,61.5,Zone 5,66.1,Zone 5
Maharashtra,Yavatmal,Yavatmal,25.4,2026-08-03,00:30:00,93.0,2026-08-02,00:30:00,2026-08-03 00:47:05,28.150000000000034,Zone 4,60.9,Zone 5,28.3,Zone 4,49.0,Zone 5,35.2,Zone 4,60.5,Zone 5,51.4,Zone 5,63.5,Zone 5,60.9,Zone 5,65.7,Zone 5
Manipur,Chandel,Chandel Kvk,22.9,2026-08-03,00:30:00,100.0,2026-08-02,00:30:00,2026-08-03 00:47:05,24.650000000000034,Zone 3,55.8,Zone 5,24.8,Zone 3,36.7,Zone 5,31.0,Zone 4,54.3,Zone 5,38.5,Zone 5,61.1,Zone 5,55.8,Zone 5,63.6,Zone 5
Manipur,Churachandpur,Geljang Resort,24.4,2026-08-03,00:15:00,,,,2026-08-03 00:47:05,,,,,,,,,,,,,,,,,,,,
Manipur,Imphal East,Jiribam,25.9,2026-08-03,00:30:00,99.0,2026-08-02,00:30:00,2026-08-03 00:47:05,29.75,Zone 4,63.0,Zone 5,30.0,Zone 4,58.7,Zone 5,40.9,Zone 5,62.6,Zone 5,59.5,Zone 5,65.2,Zone 5,63.0,Zone 5,67.2,Zone 5
Manipur,Imphal East,Porompat,23.6,2026-08-03,00:15:00,,,,2026-08-03 00:47:05,,,,,,,,,,,,,,,,,,,,
Manipur,Kamjong,Kamjong,,,,100.0,2026-08-02,00:30:00,2026-08-03 00:47:05,,,,,,,,,,,,,,,,,,,,
Manipur,Kangpokpi,Saikul,,,,100.0,2026-08-02,00:30:00,2026-08-03 00:47:05,,,,,,,,,,,,,,,,,,,,
Manipur,Noney,Khoupum,23.9,2026-08-03,00:30:00,100.0,2026-08-02,00:30:00,2026-08-03 00:47:05,25.950000000000045,Zone 4,59.8,Zone 5,26.1,Zone 4,43.6,Zone 5,32.9,Zone 4,59.4,Zone 5,45.9,Zone 5,62.5,Zone 5,59.8,Zone 5,64.8,Zone 5
Manipur,Senapati,Mao,19.7,2026-08-03,00:30:00,100.0,2026-08-02,00:30:00,2026-08-03 00:47:05,21.150000000000034,Zone 3,35.9,Zone 4,20.9,Zone 3,30.6,Zone 4,25.7,Zone 4,35.5,Zone 4,30.9,Zone 4,48.0,Zone 5,35.9,Zone 4,59.4,Zone 5
Meghalaya,East Garo Hills,Williamnagar,27.5,2026-08-03,00:30:00,91.0,2026-08-02,00:30:00,2026-08-03 00:47:05,32.450000000000045,Zone 4,63.9,Zone 5,32.4,Zone 4,59.9,Zone 5,45.7,Zone 5,63.5,Zone 5,60.5,Zone 5,66.0,Zone 5,63.9,Zone 5,67.8,Zone 5
Meghalaya,East Khasi Hills,Khatarshnong Laitkroh,19.0,2026-08-03,00:30:00,,,,2026-08-03 00:47:05,,,,,,,,,,,,,,,,,,,,
Meghalaya,East Khasi Hills,Laban,,,,91.0,2026-08-02,00:30:00,2026-08-03 00:47:05,,,,,,,,,,,,,,,,,,,,
Meghalaya,East Khasi Hills,Mawryngkneng,23.5,2026-08-03,00:30:00,99.0,2026-08-02,00:30:00,2026-08-03 00:47:05,25.25,Zone 3,58.2,Zone 5,25.2,Zone 3,39.2,Zone 5,31.8,Zone 4,56.7,Zone 5,41.2,Zone 5,61.6,Zone 5,58.2,Zone 5,64.1,Zone 5
Meghalaya,East Khasi Hills,Shillong,20.0,2026-08-03,00:30:00,95.0,2026-08-02,00:30:00,2026-08-03 00:47:05,21.25,Zone 3,36.2,Zone 4,21.3,Zone 3,31.0,Zone 4,26.1,Zone 4,35.9,Zone 4,31.3,Zone 4,47.9,Zone 5,36.2,Zone 4,59.3,Zone 5
Meghalaya,Jaintia Hills,Jowai,28.2,2026-08-03,00:30:00,,,,2026-08-03 00:47:05,,,,,,,,,,,,,,,,,,,,
Meghalaya,North Garo Hills,Resubelpara,28.0,2026-08-03,00:30:00,100.0,2026-08-02,00:30:00,2026-08-03 00:47:05,37.150000000000034,Zone 5,66.7,Zone 5,37.1,Zone 5,63.4,Zone 5,59.8,Zone 5,66.3,Zone 5,63.9,Zone 5,68.4,Zone 5,66.7,Zone 5,70.0,Zone 5
Meghalaya,Ri Bhoi,Umtrewdam,31.2,2026-08-03,00:30:00,6.0,2026-08-02,00:30:00,2026-08-03 00:47:05,28.55000000000001,Zone 4,38.6,Zone 4,28.4,Zone 4,35.3,Zone 4,32.0,Zone 4,38.5,Zone 4,35.4,Zone 4,41.6,Zone 4,38.6,Zone 4,44.6,Zone 4
Meghalaya,South West Garo Hills,Ampati,26.4,2026-08-03,00:30:00,100.0,2026-08-02,00:30:00,2026-08-03 00:47:05,31.05000000000001,Zone 4,64.1,Zone 5,31.3,Zone 4,60.2,Zone 5,47.0,Zone 5,63.7,Zone 5,60.8,Zone 5,66.2,Zone 5,64.1,Zone 5,68.0,Zone 5
Meghalaya,South West Khasi Hills,Mawkyrwat,19.1,2026-08-03,00:30:00,100.0,2026-08-02,00:30:00,2026-08-03 00:47:05,20.450000000000045,Zone 3,35.1,Zone 4,20.3,Zone 3,29.9,Zone 4,25.1,Zone 3,34.8,Zone 4,30.2,Zone 4,45.3,Zone 5,35.1,Zone 4,58.2,Zone 5
Meghalaya,West Garo Hills,Tura,26.4,2026-08-03,00:30:00,85.0,2026-08-02,00:30:00,2026-08-03 00:47:05,29.25,Zone 4,60.9,Zone 5,29.5,Zone 4,48.7,Zone 5,36.1,Zone 4,60.5,Zone 5,51.1,Zone 5,63.4,Zone 5,60.9,Zone 5,65.6,Zone 5
Meghalaya,West Khasi Hills,Nongstoin,20.6,2026-08-03,00:30:00,100.0,2026-08-02,00:30:00,2026-08-03 00:47:05,22.150000000000034,Zone 3,39.6,Zone 5,22.0,Zone 3,32.0,Zone 4,27.0,Zone 4,38.4,Zone 5,32.4,Zone 4,53.6,Zone 5,39.6,Zone 5,60.6,Zone 5
Mizoram,Aizawl,Lengpui,25.5,2026-08-03,00:30:00,100.0,2026-08-02,00:30:00,2026-08-03 00:47:05,29.05000000000001,Zone 4,62.4,Zone 5,29.0,Zone 4,55.9,Zone 5,37.6,Zone 5,62.0,Zone 5,58.0,Zone 5,64.7,Zone 5,62.4,Zone 5,66.7,Zone 5
Mizoram,Aizawl,Mizoram University,23.7,2026-08-03,00:30:00,99.0,2026-08-02,00:30:00,2026-08-03 00:47:05,25.55000000000001,Zone 4,58.2,Zone 5,25.2,Zone 3,39.2,Zone 5,31.8,Zone 4,56.7,Zone 5,41.2,Zone 5,61.6,Zone 5,58.2,Zone 5,64.1,Zone 5
Mizoram,Champhai,Champhai Aws,19.7,2026-08-03,00:30:00,100.0,2026-08-02,00:30:00,2026-08-03 00:47:05,21.150000000000034,Zone 3,35.9,Zone 4,20.9,Zone 3,30.6,Zone 4,25.7,Zone 4,35.5,Zone 4,30.9,Zone 4,48.0,Zone 5,35.9,Zone 4,59.4,Zone 5
Mizoram,Hnathial,Hnathial,22.8,2026-08-03,00:30:00,100.0,2026-08-02,00:30:00,2026-08-03 00:47:05,24.55000000000001,Zone 3,55.8,Zone 5,24.8,Zone 3,36.7,Zone 5,31.0,Zone 4,54.3,Zone 5,38.5,Zone 5,61.1,Zone 5,55.8,Zone 5,63.6,Zone 5
Mizoram,Khawzawl,Khawzawl,21.8,2026-08-03,00:30:00,100.0,2026-08-02,00:30:00,2026-08-03 00:47:05,23.55000000000001,Zone 3,49.1,Zone 5,23.7,Zone 3,34.5,Zone 4,29.3,Zone 4,47.5,Zone 5,35.0,Zone 4,59.7,Zone 5,49.1,Zone 5,62.4,Zone 5
Mizoram,Kolasib,Kolasib,24.0,2026-08-03,00:30:00,98.0,2026-08-02,00:30:00,2026-08-03 00:47:05,26.05000000000001,Zone 4,59.4,Zone 5,26.0,Zone 4,41.9,Zone 5,32.7,Zone 4,59.0,Zone 5,44.1,Zone 5,62.2,Zone 5,59.4,Zone 5,64.6,Zone 5
Mizoram,Lawngtlai,Chawnhu,21.2,2026-08-03,00:30:00,100.0,2026-08-02,00:30:00,2026-08-03 00:47:05,22.850000000000023,Zone 3,42.5,Zone 5,22.6,Zone 3,32.8,Zone 4,27.7,Zone 4,41.2,Zone 5,33.3,Zone 4,56.3,Zone 5,42.5,Zone 5,61.2,Zone 5
Mizoram,Mamit,Lengpui Kvk,25.1,2026-08-03,00:30:00,100.0,2026-08-02,00:30:00,2026-08-03 00:47:05,28.150000000000034,Zone 4,61.5,Zone 5,28.0,Zone 4,51.8,Zone 5,35.2,Zone 4,61.1,Zone 5,54.1,Zone 5,64.0,Zone 5,61.5,Zone 5,66.1,Zone 5
Mizoram,Saiha,Saiha,20.5,2026-08-03,00:30:00,100.0,2026-08-02,00:30:00,2026-08-03 00:47:05,22.05000000000001,Zone 3,39.6,Zone 5,22.0,Zone 3,32.0,Zone 4,27.0,Zone 4,38.4,Zone 5,32.4,Zone 4,53.6,Zone 5,39.6,Zone 5,60.6,Zone 5
Mizoram,Serchhip,Serchhip,22.2,2026-08-03,00:30:00,100.0,2026-08-02,00:30:00,2026-08-03 00:47:05,23.950000000000045,Zone 3,49.1,Zone 5,23.7,Zone 3,34.5,Zone 4,29.3,Zone 4,47.5,Zone 5,35.0,Zone 4,59.7,Zone 5,49.1,Zone 5,62.4,Zone 5
Nagaland,Dimapur,Dimapur,27.3,2026-08-03,00:30:00,97.0,2026-08-02,00:30:00,2026-08-03 00:47:05,32.950000000000045,Zone 4,65.2,Zone 5,33.5,Zone 4,61.5,Zone 5,53.6,Zone 5,64.8,Zone 5,62.1,Zone 5,67.1,Zone 5,65.2,Zone 5,68.8,Zone 5
Nagaland,Dimapur,Jharnapani Amfu,26.1,2026-08-03,00:30:00,100.0,2026-08-02,00:30:00,2026-08-03 00:47:05,30.350000000000023,Zone 4,63.2,Zone 5,30.1,Zone 4,59.2,Zone 5,42.0,Zone 5,62.8,Zone 5,59.8,Zone 5,65.4,Zone 5,63.2,Zone 5,67.4,Zone 5
Nagaland,Kiphire,Kiphire Aws400,22.7,2026-08-03,00:30:00,100.0,2026-08-02,00:30:00,2026-08-03 00:47:05,24.450000000000045,Zone 3,52.5,Zone 5,24.3,Zone 3,35.4,Zone 4,30.1,Zone 4,50.9,Zone 5,36.0,Zone 4,60.4,Zone 5,52.5,Zone 5,63.0,Zone 5
Nagaland,Kohima,Chiephobozou Nerhema,20.8,2026-08-03,00:30:00,100.0,2026-08-02,00:30:00,2026-08-03 00:47:05,22.350000000000023,Zone 3,42.5,Zone 5,22.6,Zone 3,32.8,Zone 4,27.7,Zone 4,41.2,Zone 5,33.3,Zone 4,56.3,Zone 5,42.5,Zone 5,61.2,Zone 5
Nagaland,Kohima,Kohima,21.4,2026-08-03,00:30:00,99.0,2026-08-02,00:30:00,2026-08-03 00:47:05,23.05000000000001,Zone 3,45.0,Zone 5,23.1,Zone 3,33.5,Zone 4,28.4,Zone 4,43.6,Zone 5,34.0,Zone 4,58.3,Zone 5,45.0,Zone 5,61.6,Zone 5
Nagaland,Kohima,Sechu,21.7,2026-08-03,00:30:00,99.0,2026-08-02,00:30:00,2026-08-03 00:47:05,23.350000000000023,Zone 3,45.0,Zone 5,23.1,Zone 3,33.5,Zone 4,28.4,Zone 4,43.6,Zone 5,34.0,Zone 4,58.3,Zone 5,45.0,Zone 5,61.6,Zone 5
Nagaland,Peren,Jalukie,25.3,2026-08-03,00:30:00,100.0,2026-08-02,00:30:00,2026-08-03 00:47:05,28.55000000000001,Zone 4,62.4,Zone 5,29.0,Zone 4,55.9,Zone 5,37.6,Zone 5,62.0,Zone 5,58.0,Zone 5,64.7,Zone 5,62.4,Zone 5,66.7,Zone 5
Nagaland,Tuensang,Thonoknyu,19.9,2026-08-03,00:30:00,100.0,2026-08-02,00:30:00,2026-08-03 00:47:05,21.350000000000023,Zone 3,36.9,Zone 5,21.5,Zone 3,31.3,Zone 4,26.3,Zone 4,36.3,Zone 4,31.7,Zone 4,50.8,Zone 5,36.9,Zone 5,60.0,Zone 5
Nagaland,Wokha,Wokha,22.0,2026-08-03,00:30:00,98.0,2026-08-02,00:30:00,2026-08-03 00:47:05,23.650000000000034,Zone 3,47.6,Zone 5,23.6,Zone 3,34.3,Zone 4,29.1,Zone 4,46.1,Zone 5,34.8,Zone 4,59.4,Zone 5,47.6,Zone 5,62.1,Zone 5
Odisha,Balangir,Bolangir,27.4,2026-08-03,00:30:00,100.0,2026-08-02,00:30:00,2026-08-03 00:47:05,33.85000000000002,Zone 4,65.8,Zone 5,34.1,Zone 4,62.3,Zone 5,57.3,Zone 5,65.4,Zone 5,62.9,Zone 5,67.7,Zone 5,65.8,Zone 5,69.3,Zone 5
Odisha,Balasore,Fm University,27.3,2026-08-03,00:30:00,100.0,2026-08-02,00:30:00,2026-08-03 00:47:05,33.55000000000001,Zone 4,65.8,Zone 5,34.1,Zone 4,62.3,Zone 5,57.3,Zone 5,65.4,Zone 5,62.9,Zone 5,67.7,Zone 5,65.8,Zone 5,69.3,Zone 5
Odisha,Bargarh,Barapalli,28.0,2026-08-03,00:30:00,,,,2026-08-03 00:47:05,,,,,,,,,,,,,,,,,,,,
Odisha,Cuttack,Cuttack Kvk,26.7,2026-08-03,00:30:00,,,,2026-08-03 00:47:05,,,,,,,,,,,,,,,,,,,,
Odisha,Ganjam,Benakuda Kvk,26.3,2026-08-03,00:30:00,99.0,2026-08-02,00:30:00,2026-08-03 00:47:05,30.650000000000034,Zone 4,63.9,Zone 5,31.2,Zone 4,60.0,Zone 5,45.8,Zone 5,63.5,Zone 5,60.5,Zone 5,66.0,Zone 5,63.9,Zone 5,67.9,Zone 5
Odisha,Jajpur,Chandikhole,26.7,2026-08-03,00:15:00,,,,2026-08-03 00:47:05,,,,,,,,,,,,,,,,,,,,
Odisha,Jharsuguda,Jharsuguda,27.9,2026-08-03,00:30:00,100.0,2026-08-02,00:30:00,2026-08-03 00:47:05,36.05000000000001,Zone 5,66.7,Zone 5,37.1,Zone 5,63.4,Zone 5,59.8,Zone 5,66.3,Zone 5,63.9,Zone 5,68.4,Zone 5,66.7,Zone 5,70.0,Zone 5
Odisha,Jharsuguda,Likera,16.9,2026-08-03,00:30:00,,,,2026-08-03 00:47:05,,,,,,,,,,,,,,,,,,,,
Odisha,Kandhamal,Phulbani,25.4,2026-08-03,00:15:00,,,,2026-08-03 00:47:05,,,,,,,,,,,,,,,,,,,,
Odisha,Khurdha,Bhubneshwar Arg,26.8,2026-08-03,00:30:00,,,,2026-08-03 00:47:05,,,,,,,,,,,,,,,,,,,,
Odisha,Khurdha,Pitapalli,27.0,2026-08-03,00:30:00,100.0,2026-08-02,00:30:00,2026-08-03 00:47:05,32.650000000000034,Zone 4,65.0,Zone 5,32.7,Zone 4,61.3,Zone 5,52.3,Zone 5,64.6,Zone 5,61.8,Zone 5,66.9,Zone 5,65.0,Zone 5,68.7,Zone 5
Odisha,Mayurbhanj,Baripada,26.6,2026-08-03,00:30:00,100.0,2026-08-02,00:30:00,2026-08-03 00:47:05,31.55000000000001,Zone 4,64.1,Zone 5,31.3,Zone 4,60.2,Zone 5,47.0,Zone 5,63.7,Zone 5,60.8,Zone 5,66.2,Zone 5,64.1,Zone 5,68.0,Zone 5
Odisha,Puri,Janhukuda(Near Satapada),29.0,2026-08-03,00:30:00,100.0,2026-08-02,00:30:00,2026-08-03 00:47:05,50.05000000000001,Zone 5,68.5,Zone 5,50.0,Zone 5,65.5,Zone 5,62.5,Zone 5,68.1,Zone 5,66.1,Zone 5,69.9,Zone 5,68.5,Zone 5,71.3,Zone 5
Odisha,Puri,Puri Kvk,28.5,2026-08-03,00:30:00,,,,2026-08-03 00:47:05,,,,,,,,,,,,,,,,,,,,
Odisha,Sambalpur,Dhankauda,28.2,2026-08-03,00:30:00,84.0,2026-08-02,00:30:00,2026-08-03 00:47:05,32.950000000000045,Zone 4,63.1,Zone 5,32.5,Zone 4,59.0,Zone 5,41.4,Zone 5,62.7,Zone 5,59.6,Zone 5,65.3,Zone 5,63.1,Zone 5,67.3,Zone 5
Odisha,Sonepur,Sonepur,,,,37.0,2026-08-02,00:30:00,2026-08-03 00:47:05,,,,,,,,,,,,,,,,,,,,
Odisha,Subarnapur,Dungripalli,28.2,2026-08-03,00:30:00,,,,2026-08-03 00:47:05,,,,,,,,,,,,,,,,,,,,
Odisha,Sundergarh,Sundergarh,26.9,2026-08-03,00:30:00,100.0,2026-08-02,00:30:00,2026-08-03 00:47:05,32.35000000000002,Zone 4,65.0,Zone 5,32.7,Zone 4,61.3,Zone 5,52.3,Zone 5,64.6,Zone 5,61.8,Zone 5,66.9,Zone 5,65.0,Zone 5,68.7,Zone 5
Puducherry,Karaikal,Karaikal,29.6,2026-08-03,00:00:00,,,,2026-08-03 00:47:05,,,,,,,,,,,,,,,,,,,,
Puducherry,Mahe,Mahe Jnv,24.9,2026-08-03,00:30:00,100.0,2026-08-02,00:30:00,2026-08-03 00:47:05,27.75,Zone 4,61.5,Zone 5,28.0,Zone 4,51.8,Zone 5,35.2,Zone 4,61.1,Zone 5,54.1,Zone 5,64.0,Zone 5,61.5,Zone 5,66.1,Zone 5
Puducherry,Puducherry,Puducherry,28.1,2026-08-03,00:30:00,81.0,2026-08-02,00:30:00,2026-08-03 00:47:05,32.25,Zone 4,62.4,Zone 5,32.0,Zone 4,56.1,Zone 5,38.9,Zone 4,62.0,Zone 5,58.2,Zone 5,64.7,Zone 5,62.4,Zone 5,66.8,Zone 5
Puducherry,Puducherry,Puducherry Kvk,27.4,2026-08-03,00:30:00,100.0,2026-08-02,00:30:00,2026-08-03 00:47:05,33.85000000000002,Zone 4,65.8,Zone 5,34.1,Zone 4,62.3,Zone 5,57.3,Zone 5,65.4,Zone 5,62.9,Zone 5,67.7,Zone 5,65.8,Zone 5,69.3,Zone 5
Punjab,Amritsar,Amritsar,29.4,2026-08-03,00:30:00,87.0,2026-08-02,00:30:00,2026-08-03 00:47:05,36.85000000000002,Zone 4,66.3,Zone 5,37.2,Zone 4,62.9,Zone 5,59.3,Zone 5,65.9,Zone 5,63.5,Zone 5,68.1,Zone 5,66.3,Zone 5,69.7,Zone 5
Punjab,Barnala,Barnala,30.1,2026-08-03,00:30:00,87.0,2026-08-02,00:30:00,2026-08-03 00:47:05,41.25,Zone 5,67.2,Zone 5,40.1,Zone 5,63.9,Zone 5,60.5,Zone 5,66.8,Zone 5,64.5,Zone 5,68.8,Zone 5,67.2,Zone 5,70.3,Zone 5
Punjab,Bathinda,Bhatinda Amfu,30.3,2026-08-03,00:30:00,85.0,2026-08-02,00:30:00,2026-08-03 00:47:05,40.150000000000034,Zone 5,67.5,Zone 5,42.6,Zone 5,64.4,Zone 5,61.1,Zone 5,67.1,Zone 5,64.9,Zone 5,69.1,Zone 5,67.5,Zone 5,70.6,Zone 5
Punjab,Faridkot,Faridkot Amfu,31.8,2026-08-03,00:30:00,,,,2026-08-03 00:47:05,,,,,,,,,,,,,,,,,,,,
Punjab,Fazilka,Fasc Abohar,29.7,2026-08-03,00:30:00,,,,2026-08-03 00:47:05,,,,,,,,,,,,,,,,,,,,
Punjab,Firozpur,Ferojpur,30.4,2026-08-03,00:30:00,90.0,2026-08-02,00:30:00,2026-08-03 00:47:05,50.85000000000002,Zone 5,68.7,Zone 5,52.3,Zone 5,65.9,Zone 5,62.9,Zone 5,68.4,Zone 5,66.4,Zone 5,70.2,Zone 5,68.7,Zone 5,71.5,Zone 5
Punjab,Firozpur,Firozpur Kvk,30.6,2026-08-03,00:30:00,91.0,2026-08-02,00:30:00,2026-08-03 00:47:05,55.55000000000001,Zone 5,69.0,Zone 5,54.2,Zone 5,66.2,Zone 5,63.3,Zone 5,68.6,Zone 5,66.7,Zone 5,70.4,Zone 5,69.0,Zone 5,71.9,Zone 6
Punjab,Gurdaspur,Gurdaspur Amfu,28.6,2026-08-03,00:30:00,91.0,2026-08-02,00:30:00,2026-08-03 00:47:05,35.450000000000045,Zone 4,65.5,Zone 5,35.1,Zone 4,62.0,Zone 5,55.8,Zone 5,65.2,Zone 5,62.5,Zone 5,67.4,Zone 5,65.5,Zone 5,69.1,Zone 5
Punjab,Hoshiarpur,Hosiyarpur,27.6,2026-08-03,00:30:00,100.0,2026-08-02,00:30:00,2026-08-03 00:47:05,34.450000000000045,Zone 4,65.8,Zone 5,34.1,Zone 4,62.3,Zone 5,57.3,Zone 5,65.4,Zone 5,62.9,Zone 5,67.7,Zone 5,65.8,Zone 5,69.3,Zone 5
Punjab,Hoshiarpur,Salern,27.5,2026-08-03,00:30:00,100.0,2026-08-02,00:30:00,2026-08-03 00:47:05,34.150000000000034,Zone 4,65.8,Zone 5,34.1,Zone 4,62.3,Zone 5,57.3,Zone 5,65.4,Zone 5,62.9,Zone 5,67.7,Zone 5,65.8,Zone 5,69.3,Zone 5
Punjab,Jalandhar,Jalandhar,29.6,2026-08-03,00:30:00,93.0,2026-08-02,00:30:00,2026-08-03 00:47:05,45.55000000000001,Zone 5,67.7,Zone 5,44.2,Zone 5,64.6,Zone 5,61.4,Zone 5,67.4,Zone 5,65.2,Zone 5,69.3,Zone 5,67.7,Zone 5,70.7,Zone 5
Punjab,Kapurthala,Kapurthala(Science City),29.0,2026-08-03,00:30:00,98.0,2026-08-02,00:30:00,2026-08-03 00:47:05,46.450000000000045,Zone 5,68.0,Zone 5,46.4,Zone 5,65.0,Zone 5,61.8,Zone 5,67.6,Zone 5,65.5,Zone 5,69.5,Zone 5,68.0,Zone 5,70.9,Zone 5
Punjab,Ludhiana,Ludhiyana Amfu,29.6,2026-08-03,00:30:00,99.0,2026-08-02,00:30:00,2026-08-03 00:47:05,56.55000000000001,Zone 5,69.1,Zone 5,55.2,Zone 5,66.4,Zone 5,63.5,Zone 5,68.8,Zone 5,66.9,Zone 5,70.5,Zone 5,69.1,Zone 5,72.1,Zone 6
Punjab,Ludhiana,Raikot,30.1,2026-08-03,00:30:00,,,,2026-08-03 00:47:05,,,,,,,,,,,,,,,,,,,,
Punjab,Mohali,Mohali,29.7,2026-08-03,00:30:00,,,,2026-08-03 00:47:05,,,,,,,,,,,,,,,,,,,,
Punjab,Pathankot,Kvk Pathankot,26.8,2026-08-03,00:30:00,,,,2026-08-03 00:47:05,,,,,,,,,,,,,,,,,,,,
Punjab,Pathankot,Thein Dam,26.0,2026-08-03,00:30:00,100.0,2026-08-02,00:30:00,2026-08-03 00:47:05,30.150000000000034,Zone 4,63.2,Zone 5,30.1,Zone 4,59.2,Zone 5,42.0,Zone 5,62.8,Zone 5,59.8,Zone 5,65.4,Zone 5,63.2,Zone 5,67.4,Zone 5
Punjab,Patiala,Rauni,29.5,2026-08-03,00:30:00,83.0,2026-08-02,00:30:00,2026-08-03 00:47:05,36.150000000000034,Zone 4,65.3,Zone 5,36.1,Zone 4,61.7,Zone 5,54.6,Zone 5,64.9,Zone 5,62.3,Zone 5,67.2,Zone 5,65.3,Zone 5,68.9,Zone 5
Punjab,Rupnagar,Bhakra Dam Imdnagal,27.0,2026-08-03,00:30:00,100.0,2026-08-02,00:30:00,2026-08-03 00:47:05,32.650000000000034,Zone 4,65.0,Zone 5,32.7,Zone 4,61.3,Zone 5,52.3,Zone 5,64.6,Zone 5,61.8,Zone 5,66.9,Zone 5,65.0,Zone 5,68.7,Zone 5
Punjab,Rupnagar,Sri Anadpur Sahib Imdjindwadi,28.6,2026-08-03,00:30:00,100.0,2026-08-02,00:30:00,2026-08-03 00:47:05,44.450000000000045,Zone 5,67.6,Zone 5,43.1,Zone 5,64.5,Zone 5,61.2,Zone 5,67.2,Zone 5,65.0,Zone 5,69.2,Zone 5,67.6,Zone 5,70.6,Zone 5
Punjab,Sangrur,Sangrur,29.1,2026-08-03,00:30:00,100.0,2026-08-02,00:30:00,2026-08-03 00:47:05,51.450000000000045,Zone 5,68.5,Zone 5,50.0,Zone 5,65.5,Zone 5,62.5,Zone 5,68.1,Zone 5,66.1,Zone 5,69.9,Zone 5,68.5,Zone 5,71.3,Zone 5
Punjab,Tarn Taran,Tarn Taran,29.4,2026-08-03,00:30:00,98.0,2026-08-02,00:30:00,2026-08-03 00:47:05,52.05000000000001,Zone 5,68.9,Zone 5,53.4,Zone 5,66.1,Zone 5,63.1,Zone 5,68.5,Zone 5,66.6,Zone 5,70.3,Zone 5,68.9,Zone 5,71.7,Zone 6
Rajasthan,Ajmer,Ajmer,26.1,2026-08-03,00:30:00,97.0,2026-08-02,00:30:00,2026-08-03 00:47:05,29.950000000000045,Zone 4,62.6,Zone 5,29.8,Zone 4,57.0,Zone 5,38.8,Zone 5,62.2,Zone 5,59.0,Zone 5,64.9,Zone 5,62.6,Zone 5,66.9,Zone 5
Rajasthan,Ajmer,Central University Kishangarh,26.5,2026-08-03,00:30:00,100.0,2026-08-02,00:30:00,2026-08-03 00:47:05,31.350000000000023,Zone 4,64.1,Zone 5,31.3,Zone 4,60.2,Zone 5,47.0,Zone 5,63.7,Zone 5,60.8,Zone 5,66.2,Zone 5,64.1,Zone 5,68.0,Zone 5
Rajasthan,Bikaner,Chattargarh,29.5,2026-08-03,00:30:00,,,,2026-08-03 00:47:05,,,,,,,,,,,,,,,,,,,,
Rajasthan,Chittaurgarh,Chittorgarh Kvk,25.8,2026-08-03,00:30:00,,,,2026-08-03 00:47:05,,,,,,,,,,,,,,,,,,,,
Rajasthan,Churu,Churu,30.7,2026-08-03,00:00:00,,,,2026-08-03 00:47:05,,,,,,,,,,,,,,,,,,,,
Rajasthan,Dausa,Khedali,27.6,2026-08-03,00:30:00,100.0,2026-08-02,00:30:00,2026-08-03 00:47:05,34.450000000000045,Zone 4,65.8,Zone 5,34.1,Zone 4,62.3,Zone 5,57.3,Zone 5,65.4,Zone 5,62.9,Zone 5,67.7,Zone 5,65.8,Zone 5,69.3,Zone 5
Rajasthan,Jaipur,Amity University,27.1,2026-08-03,00:30:00,100.0,2026-08-02,00:30:00,2026-08-03 00:47:05,32.950000000000045,Zone 4,65.0,Zone 5,32.7,Zone 4,61.3,Zone 5,52.3,Zone 5,64.6,Zone 5,61.8,Zone 5,66.9,Zone 5,65.0,Zone 5,68.7,Zone 5
Rajasthan,Jaisalmer,Jaisalmer,25.2,2026-08-03,00:30:00,85.0,2026-08-02,00:30:00,2026-08-03 00:47:05,27.150000000000034,Zone 4,57.0,Zone 5,26.8,Zone 4,38.3,Zone 4,33.1,Zone 4,55.5,Zone 5,39.7,Zone 5,61.4,Zone 5,57.0,Zone 5,63.8,Zone 5
Rajasthan,Jhunjhunu,Jhunjhunu(Aws),28.7,2026-08-03,00:30:00,100.0,2026-08-02,00:30:00,2026-08-03 00:47:05,45.75,Zone 5,67.6,Zone 5,43.1,Zone 5,64.5,Zone 5,61.2,Zone 5,67.2,Zone 5,65.0,Zone 5,69.2,Zone 5,67.6,Zone 5,70.6,Zone 5
Rajasthan,Jhunjhunu,Pilani,25.8,2026-08-03,00:30:00,83.0,2026-08-02,00:30:00,2026-08-03 00:47:05,28.05000000000001,Zone 4,59.6,Zone 5,28.3,Zone 4,42.8,Zone 5,34.7,Zone 4,59.2,Zone 5,45.0,Zone 5,62.4,Zone 5,59.6,Zone 5,64.7,Zone 5
Rajasthan,Jodhpur,Jodhpur,27.2,2026-08-03,00:30:00,93.0,2026-08-02,00:30:00,2026-08-03 00:47:05,32.05000000000001,Zone 4,63.4,Zone 5,31.5,Zone 4,59.5,Zone 5,43.3,Zone 5,63.0,Zone 5,60.0,Zone 5,65.6,Zone 5,63.4,Zone 5,67.5,Zone 5
Rajasthan,Karauli,Karauli Kvk,27.4,2026-08-03,00:30:00,,,,2026-08-03 00:47:05,,,,,,,,,,,,,,,,,,,,
Rajasthan,Nagaur,Krishi Vishwavidhyalaya,28.0,2026-08-03,00:15:00,,,,2026-08-03 00:47:05,,,,,,,,,,,,,,,,,,,,
Rajasthan,Pali,Pali,27.2,2026-08-03,00:30:00,99.0,2026-08-02,00:30:00,2026-08-03 00:47:05,33.05000000000001,Zone 4,64.7,Zone 5,32.5,Zone 4,61.0,Zone 5,51.0,Zone 5,64.3,Zone 5,61.6,Zone 5,66.7,Zone 5,64.7,Zone 5,68.5,Zone 5
Rajasthan,Pratapgarh,Pratapgarh,25.3,2026-08-03,00:30:00,76.0,2026-08-02,00:30:00,2026-08-03 00:47:05,26.75,Zone 4,52.5,Zone 5,27.0,Zone 4,37.8,Zone 4,32.9,Zone 4,51.0,Zone 5,38.4,Zone 4,60.4,Zone 5,52.5,Zone 5,63.0,Zone 5
Rajasthan,Sirohi,Mount Abu,20.9,2026-08-03,00:30:00,99.0,2026-08-02,00:30:00,2026-08-03 00:47:05,22.450000000000045,Zone 3,41.9,Zone 5,22.6,Zone 3,32.7,Zone 4,27.7,Zone 4,40.6,Zone 5,33.2,Zone 4,55.8,Zone 5,41.9,Zone 5,61.0,Zone 5
Rajasthan,Sirohi,Sirohi Kvk,22.3,2026-08-03,00:30:00,90.0,2026-08-02,00:30:00,2026-08-03 00:47:05,23.650000000000034,Zone 3,44.9,Zone 5,23.9,Zone 3,34.4,Zone 4,29.3,Zone 4,43.5,Zone 5,34.8,Zone 4,58.3,Zone 5,44.9,Zone 5,61.6,Zone 5
Rajasthan,Sri Ganganagar,Gharsana,29.2,2026-08-03,00:00:00,,,,2026-08-03 00:47:05,,,,,,,,,,,,,,,,,,,,
Sikkim,Gangtok,Gangtok,19.4,2026-08-03,00:30:00,100.0,2026-08-02,00:30:00,2026-08-03 00:47:05,20.75,Zone 3,35.9,Zone 4,20.9,Zone 3,30.6,Zone 4,25.7,Zone 4,35.5,Zone 4,30.9,Zone 4,48.0,Zone 5,35.9,Zone 4,59.4,Zone 5
Sikkim,Namchi,Namchi,20.6,2026-08-03,00:30:00,100.0,2026-08-02,00:30:00,2026-08-03 00:47:05,22.150000000000034,Zone 3,39.6,Zone 5,22.0,Zone 3,32.0,Zone 4,27.0,Zone 4,38.4,Zone 5,32.4,Zone 4,53.6,Zone 5,39.6,Zone 5,60.6,Zone 5
Sikkim,Soreng,Soreng,20.0,2026-08-03,00:30:00,100.0,2026-08-02,00:30:00,2026-08-03 00:47:05,21.450000000000045,Zone 3,36.9,Zone 5,21.5,Zone 3,31.3,Zone 4,26.3,Zone 4,36.3,Zone 4,31.7,Zone 4,50.8,Zone 5,36.9,Zone 5,60.0,Zone 5
Tamil Nadu,Ariyalur,Ariyalur,25.4,2026-08-03,00:30:00,97.0,2026-08-02,00:30:00,2026-08-03 00:47:05,28.450000000000045,Zone 4,61.8,Zone 5,28.7,Zone 4,53.0,Zone 5,35.9,Zone 4,61.3,Zone 5,55.3,Zone 5,64.2,Zone 5,61.8,Zone 5,66.3,Zone 5
Tamil Nadu,Chengalpattu,Mahabalipuram,29.0,2026-08-03,00:30:00,86.0,2026-08-02,00:30:00,2026-08-03 00:47:05,35.450000000000045,Zone 4,65.2,Zone 5,35.4,Zone 4,61.6,Zone 5,53.9,Zone 5,64.8,Zone 5,62.2,Zone 5,67.1,Zone 5,65.2,Zone 5,68.9,Zone 5
Tamil Nadu,Chengalpattu,Vit Chennai,27.5,2026-08-03,00:30:00,88.0,2026-08-02,00:30:00,2026-08-03 00:47:05,31.950000000000045,Zone 4,63.2,Zone 5,31.9,Zone 4,59.1,Zone 5,41.8,Zone 5,62.8,Zone 5,59.7,Zone 5,65.4,Zone 5,63.2,Zone 5,67.4,Zone 5
Tamil Nadu,Chennai,Chennai,29.2,2026-08-03,00:30:00,93.0,2026-08-02,00:30:00,2026-08-03 00:47:05,40.450000000000045,Zone 5,66.9,Zone 5,38.2,Zone 5,63.6,Zone 5,60.1,Zone 5,66.5,Zone 5,64.1,Zone 5,68.5,Zone 5,66.9,Zone 5,70.1,Zone 5
Tamil Nadu,Chennai,Ennore Port,29.1,2026-08-03,00:30:00,71.0,2026-08-02,00:30:00,2026-08-03 00:47:05,32.75,Zone 4,61.6,Zone 5,32.5,Zone 4,52.1,Zone 5,38.9,Zone 4,61.2,Zone 5,54.4,Zone 5,64.0,Zone 5,61.6,Zone 5,66.1,Zone 5
Tamil Nadu,Chennai,Meenambakkam Isro,26.2,2026-08-03,00:30:00,90.0,2026-08-02,00:30:00,2026-08-03 00:47:05,29.350000000000023,Zone 4,61.1,Zone 5,29.0,Zone 4,50.0,Zone 5,35.9,Zone 4,60.7,Zone 5,52.3,Zone 5,63.6,Zone 5,61.1,Zone 5,65.8,Zone 5
Tamil Nadu,Chennai,Niot Pallikaranai,27.0,2026-08-03,00:30:00,90.0,2026-08-02,00:30:00,2026-08-03 00:47:05,31.05000000000001,Zone 4,62.8,Zone 5,31.1,Zone 4,57.8,Zone 5,39.7,Zone 5,62.4,Zone 5,59.2,Zone 5,65.1,Zone 5,62.8,Zone 5,67.1,Zone 5
Tamil Nadu,Coimbatore,P N Palayam,25.0,2026-08-03,00:30:00,74.0,2026-08-02,00:30:00,2026-08-03 00:47:05,26.150000000000034,Zone 4,47.6,Zone 5,26.1,Zone 4,36.7,Zone 4,31.9,Zone 4,46.1,Zone 5,37.1,Zone 4,59.4,Zone 5,47.6,Zone 5,62.1,Zone 5
Tamil Nadu,Coimbatore,Upasi Tea Research Foundation,19.7,2026-08-03,00:30:00,82.0,2026-08-02,00:30:00,2026-08-03 00:47:05,20.350000000000023,Zone 3,34.3,Zone 4,20.1,Zone 3,29.6,Zone 4,25.1,Zone 3,34.1,Zone 4,29.8,Zone 4,38.4,Zone 4,34.3,Zone 4,51.8,Zone 5
Tamil Nadu,Cuddalore,Vridha Chalam,25.4,2026-08-03,00:30:00,91.0,2026-08-02,00:30:00,2026-08-03 00:47:05,27.950000000000045,Zone 4,60.5,Zone 5,28.1,Zone 4,47.0,Zone 5,34.9,Zone 4,60.1,Zone 5,49.3,Zone 5,63.1,Zone 5,60.5,Zone 5,65.4,Zone 5
Tamil Nadu,Dindigul,Palani,25.8,2026-08-03,00:30:00,61.0,2026-08-02,00:30:00,2026-08-03 00:47:05,26.450000000000045,Zone 4,41.8,Zone 5,26.7,Zone 4,36.6,Zone 4,32.0,Zone 4,41.2,Zone 4,36.9,Zone 4,55.8,Zone 5,41.8,Zone 5,61.0,Zone 5
Tamil Nadu,Dindigul,Vedasandur,27.2,2026-08-03,00:30:00,60.0,2026-08-02,00:30:00,2026-08-03 00:47:05,28.350000000000023,Zone 4,46.5,Zone 5,28.0,Zone 4,38.0,Zone 4,33.4,Zone 4,45.0,Zone 5,38.4,Zone 4,59.1,Zone 5,46.5,Zone 5,61.9,Zone 5
Tamil Nadu,Erode,Erode Isro,27.7,2026-08-03,00:30:00,68.0,2026-08-02,00:30:00,2026-08-03 00:47:05,29.850000000000023,Zone 4,57.3,Zone 5,29.5,Zone 4,40.2,Zone 4,35.3,Zone 4,55.8,Zone 5,40.8,Zone 4,61.4,Zone 5,57.3,Zone 5,63.9,Zone 5
Tamil Nadu,Kallakurichi,Kallakurichi(Taluk Office),27.6,2026-08-03,00:30:00,77.0,2026-08-02,00:30:00,2026-08-03 00:47:05,30.650000000000034,Zone 4,60.7,Zone 5,30.5,Zone 4,47.7,Zone 5,36.9,Zone 4,60.3,Zone 5,50.0,Zone 5,63.2,Zone 5,60.7,Zone 5,65.5,Zone 5
Tamil Nadu,Kanchipuram,Hindustan University,29.0,2026-08-03,00:30:00,84.0,2026-08-02,00:30:00,2026-08-03 00:47:05,34.950000000000045,Zone 4,64.7,Zone 5,35.0,Zone 4,61.0,Zone 5,51.1,Zone 5,64.4,Zone 5,61.6,Zone 5,66.7,Zone 5,64.7,Zone 5,68.5,Zone 5
Tamil Nadu,Kanchipuram,Kanchipuram Isro,26.2,2026-08-03,00:30:00,51.0,2026-08-02,00:30:00,2026-08-03 00:47:05,26.450000000000045,Zone 4,39.9,Zone 4,26.2,Zone 4,35.4,Zone 4,31.1,Zone 4,39.7,Zone 4,35.6,Zone 4,47.5,Zone 5,39.9,Zone 4,59.3,Zone 5
Tamil Nadu,Kanchipuram,Lmois  Kolapakkam,27.9,2026-08-03,00:30:00,85.0,2026-08-02,00:30:00,2026-08-03 00:47:05,32.35000000000002,Zone 4,63.3,Zone 5,32.6,Zone 4,59.3,Zone 5,42.6,Zone 5,62.9,Zone 5,59.9,Zone 5,65.5,Zone 5,63.3,Zone 5,67.5,Zone 5
Tamil Nadu,Kanchipuram,Sathyabama  University,28.1,2026-08-03,00:30:00,95.0,2026-08-02,00:30:00,2026-08-03 00:47:05,34.85000000000002,Zone 4,65.6,Zone 5,34.5,Zone 4,62.0,Zone 5,56.1,Zone 5,65.2,Zone 5,62.6,Zone 5,67.5,Zone 5,65.6,Zone 5,69.1,Zone 5
Tamil Nadu,Kanyakumari,Thirupathisaram Amfu,26.1,2026-08-03,00:30:00,93.0,2026-08-02,00:30:00,2026-08-03 00:47:05,29.55000000000001,Zone 4,61.8,Zone 5,29.3,Zone 4,53.1,Zone 5,36.4,Zone 4,61.4,Zone 5,55.4,Zone 5,64.2,Zone 5,61.8,Zone 5,66.3,Zone 5
Tamil Nadu,Krishnagiri,Denkanikottai,23.3,2026-08-03,00:30:00,74.0,2026-08-02,00:30:00,2026-08-03 00:47:05,24.150000000000034,Zone 3,39.5,Zone 4,24.3,Zone 3,34.3,Zone 4,29.6,Zone 4,39.1,Zone 4,34.7,Zone 4,53.1,Zone 5,39.5,Zone 4,60.4,Zone 5
Tamil Nadu,Krishnagiri,Hosur,22.3,2026-08-03,00:30:00,95.0,2026-08-02,00:30:00,2026-08-03 00:47:05,23.850000000000023,Zone 3,48.7,Zone 5,24.1,Zone 3,34.9,Zone 4,29.7,Zone 4,47.2,Zone 5,35.4,Zone 4,59.6,Zone 5,48.7,Zone 5,62.3,Zone 5
Tamil Nadu,Madurai,Madurai Isro,28.8,2026-08-03,00:30:00,,,,2026-08-03 00:47:05,,,,,,,,,,,,,,,,,,,,
Tamil Nadu,Mayiladuthurai,Mayiladuthurai,25.3,2026-08-03,00:30:00,,,,2026-08-03 00:47:05,,,,,,,,,,,,,,,,,,,,
Tamil Nadu,Nagapattinam,Vedharanyam,28.3,2026-08-03,00:30:00,86.0,2026-08-02,00:30:00,2026-08-03 00:47:05,33.55000000000001,Zone 4,64.4,Zone 5,34.1,Zone 4,60.6,Zone 5,48.9,Zone 5,64.0,Zone 5,61.2,Zone 5,66.4,Zone 5,64.4,Zone 5,68.2,Zone 5
Tamil Nadu,Nctpl Marg Ecr,New Chennai Township Private L,28.1,2026-08-03,00:30:00,82.0,2026-08-02,00:30:00,2026-08-03 00:47:05,32.35000000000002,Zone 4,62.6,Zone 5,32.1,Zone 4,57.1,Zone 5,39.1,Zone 4,62.2,Zone 5,59.1,Zone 5,64.9,Zone 5,62.6,Zone 5,66.9,Zone 5
Tamil Nadu,Ramanathapuram,Ramnadu Kvk,29.2,2026-08-03,00:30:00,,,,2026-08-03 00:47:05,,,,,,,,,,,,,,,,,,,,
Tamil Nadu,Ranipet,Kalavai,26.9,2026-08-03,00:30:00,88.0,2026-08-02,00:30:00,2026-08-03 00:47:05,30.650000000000034,Zone 4,62.4,Zone 5,30.8,Zone 4,55.8,Zone 5,37.9,Zone 4,61.9,Zone 5,58.0,Zone 5,64.7,Zone 5,62.4,Zone 5,66.7,Zone 5
Tamil Nadu,Ranipet,Ranipet,25.8,2026-08-03,00:30:00,100.0,2026-08-02,00:30:00,2026-08-03 00:47:05,29.650000000000034,Zone 4,63.2,Zone 5,30.1,Zone 4,59.2,Zone 5,42.0,Zone 5,62.8,Zone 5,59.8,Zone 5,65.4,Zone 5,63.2,Zone 5,67.4,Zone 5
Tamil Nadu,Salem,Govt Hss Mettur,27.5,2026-08-03,00:30:00,79.0,2026-08-02,00:30:00,2026-08-03 00:47:05,30.650000000000034,Zone 4,61.1,Zone 5,30.7,Zone 4,50.0,Zone 5,37.3,Zone 4,60.7,Zone 5,52.3,Zone 5,63.6,Zone 5,61.1,Zone 5,65.8,Zone 5
Tamil Nadu,Salem,Sandhiyur Kvk,27.4,2026-08-03,00:30:00,51.0,2026-08-02,00:30:00,2026-08-03 00:47:05,27.850000000000023,Zone 4,42.1,Zone 4,28.0,Zone 4,37.4,Zone 4,33.0,Zone 4,41.8,Zone 4,37.7,Zone 4,54.5,Zone 5,42.1,Zone 4,60.7,Zone 5
Tamil Nadu,Salem,Vazhapadi,26.8,2026-08-03,00:30:00,,,,2026-08-03 00:47:05,,,,,,,,,,,,,,,,,,,,
Tamil Nadu,Sivaganga,Sethu Bhaskar Agri College Kar,29.3,2026-08-03,00:30:00,71.0,2026-08-02,00:30:00,2026-08-03 00:47:05,33.150000000000034,Zone 4,62.3,Zone 5,33.6,Zone 4,55.8,Zone 5,40.1,Zone 4,61.9,Zone 5,57.9,Zone 5,64.7,Zone 5,62.3,Zone 5,66.7,Zone 5
Tamil Nadu,Thanjavur,Adiramapattinam,28.8,2026-08-03,00:30:00,100.0,2026-08-02,00:30:00,2026-08-03 00:47:05,47.150000000000034,Zone 5,68.5,Zone 5,50.0,Zone 5,65.5,Zone 5,62.5,Zone 5,68.1,Zone 5,66.1,Zone 5,69.9,Zone 5,68.5,Zone 5,71.3,Zone 5
Tamil Nadu,The Nilgiris,Coonoor,18.0,2026-08-03,00:30:00,78.0,2026-08-02,00:30:00,2026-08-03 00:47:05,18.05000000000001,Zone 3,32.2,Zone 4,18.0,Zone 3,27.8,Zone 4,23.9,Zone 3,32.1,Zone 4,27.9,Zone 4,36.2,Zone 4,32.2,Zone 4,43.2,Zone 5
Tamil Nadu,Thiruninravur,Jaya Engineering Clg,28.5,2026-08-03,00:30:00,,,,2026-08-03 00:47:05,,,,,,,,,,,,,,,,,,,,
Tamil Nadu,Thoothukudi,Sattankulam,28.7,2026-08-03,00:30:00,64.0,2026-08-02,00:30:00,2026-08-03 00:47:05,31.05000000000001,Zone 4,59.0,Zone 5,30.7,Zone 4,41.3,Zone 4,36.5,Zone 4,57.7,Zone 5,42.2,Zone 5,61.8,Zone 5,59.0,Zone 5,64.3,Zone 5
Tamil Nadu,Thoothukudi,Tuticorin Railway Station,28.6,2026-08-03,00:30:00,60.0,2026-08-02,00:30:00,2026-08-03 00:47:05,30.350000000000023,Zone 4,55.3,Zone 5,30.2,Zone 4,40.5,Zone 4,35.8,Zone 4,53.8,Zone 5,41.0,Zone 4,61.0,Zone 5,55.3,Zone 5,63.5,Zone 5
Tamil Nadu,Tiruchirappalli,Thuvakudi Isro,28.4,2026-08-03,00:30:00,64.0,2026-08-02,00:30:00,2026-08-03 00:47:05,30.55000000000001,Zone 4,59.0,Zone 5,30.7,Zone 4,41.3,Zone 4,36.5,Zone 4,57.7,Zone 5,42.2,Zone 5,61.8,Zone 5,59.0,Zone 5,64.3,Zone 5
Tamil Nadu,Tirunelveli,Radhapuram,28.3,2026-08-03,00:30:00,69.0,2026-08-02,00:30:00,2026-08-03 00:47:05,30.950000000000045,Zone 4,60.3,Zone 5,31.3,Zone 4,45.9,Zone 5,37.4,Zone 4,59.9,Zone 5,48.2,Zone 5,62.9,Zone 5,60.3,Zone 5,65.2,Zone 5
Tamil Nadu,Tirupattur,Tirupattur Collectoroffice,24.2,2026-08-03,00:30:00,76.0,2026-08-02,00:30:00,2026-08-03 00:47:05,25.150000000000034,Zone 3,43.2,Zone 5,25.0,Zone 3,35.3,Zone 4,30.5,Zone 4,41.9,Zone 5,35.7,Zone 4,56.9,Zone 5,43.2,Zone 5,61.3,Zone 5
Tamil Nadu,Tirupattur,Vaniyambadi,,,,74.0,2026-08-02,00:30:00,2026-08-03 00:47:05,,,,,,,,,,,,,,,,,,,,
Tamil Nadu,Tiruppur,Tiruppur Collector Office,24.9,2026-08-03,00:30:00,89.0,2026-08-02,00:30:00,2026-08-03 00:47:05,26.950000000000045,Zone 4,59.3,Zone 5,27.1,Zone 4,41.3,Zone 5,33.6,Zone 4,58.5,Zone 5,43.4,Zone 5,62.1,Zone 5,59.3,Zone 5,64.5,Zone 5
Tamil Nadu,Tiruvallur,Poonamallee,27.2,2026-08-03,00:30:00,87.0,2026-08-02,00:30:00,2026-08-03 00:47:05,31.150000000000034,Zone 4,62.1,Zone 5,30.7,Zone 4,54.8,Zone 5,37.7,Zone 4,61.7,Zone 5,57.0,Zone 5,64.5,Zone 5,62.1,Zone 5,66.6,Zone 5
Tamil Nadu,Tiruvallur,Puzhal,29.0,2026-08-03,00:30:00,,,,2026-08-03 00:47:05,,,,,,,,,,,,,,,,,,,,
Tamil Nadu,Tiruvallur,R.K.Pet,25.2,2026-08-03,00:30:00,,,,2026-08-03 00:47:05,,,,,,,,,,,,,,,,,,,,
Tamil Nadu,Tiruvallur,Tirur Kvk,28.1,2026-08-03,00:30:00,,,,2026-08-03 00:47:05,,,,,,,,,,,,,,,,,,,,
Tamil Nadu,Vellore,Virinjipuram Kvk,27.2,2026-08-03,00:30:00,13.0,2026-08-02,00:30:00,2026-08-03 00:47:05,25.55000000000001,Zone 4,36.2,Zone 4,25.4,Zone 4,32.8,Zone 4,29.3,Zone 4,36.2,Zone 4,32.9,Zone 4,39.4,Zone 4,36.2,Zone 4,42.5,Zone 4
Tamil Nadu,Virudhunagar,Aruppukottai Kvk,29.9,2026-08-03,00:30:00,47.0,2026-08-02,00:30:00,2026-08-03 00:47:05,30.850000000000023,Zone 4,49.4,Zone 5,31.0,Zone 4,40.4,Zone 4,36.1,Zone 4,47.9,Zone 5,40.8,Zone 4,59.7,Zone 5,49.4,Zone 5,62.4,Zone 5
Telangana,Adilabad,Adilabad Kvk,27.3,2026-08-03,00:30:00,86.0,2026-08-02,00:30:00,2026-08-03 00:47:05,31.150000000000034,Zone 4,62.7,Zone 5,31.6,Zone 4,57.5,Zone 5,39.4,Zone 5,62.3,Zone 5,59.2,Zone 5,65.0,Zone 5,62.7,Zone 5,67.0,Zone 5
Telangana,Hyderabad,Golkonda,27.0,2026-08-03,00:15:00,,,,2026-08-03 00:47:05,,,,,,,,,,,,,,,,,,,,
Telangana,Hyderabad,Hyderabad,25.0,2026-08-03,00:30:00,63.0,2026-08-02,00:30:00,2026-08-03 00:47:05,25.55000000000001,Zone 4,40.3,Zone 4,25.6,Zone 4,35.3,Zone 4,30.8,Zone 4,40.0,Zone 4,35.7,Zone 4,52.5,Zone 5,40.3,Zone 4,60.3,Zone 5
Telangana,Kamareddy,Nagireddypet,23.9,2026-08-03,00:30:00,100.0,2026-08-02,00:30:00,2026-08-03 00:47:05,25.950000000000045,Zone 4,59.8,Zone 5,26.1,Zone 4,43.6,Zone 5,32.9,Zone 4,59.4,Zone 5,45.9,Zone 5,62.5,Zone 5,59.8,Zone 5,64.8,Zone 5
Telangana,Karimnagar,Karimnagar,25.8,2026-08-03,00:30:00,89.0,2026-08-02,00:30:00,2026-08-03 00:47:05,28.55000000000001,Zone 4,60.9,Zone 5,28.9,Zone 4,48.9,Zone 5,35.7,Zone 4,60.5,Zone 5,51.3,Zone 5,63.5,Zone 5,60.9,Zone 5,65.7,Zone 5
Telangana,Khammam,Khammam,,,,29.0,2026-08-02,00:30:00,2026-08-03 00:47:05,,,,,,,,,,,,,,,,,,,,
Telangana,Khammam,Wyra Kvk,28.2,2026-08-03,00:30:00,33.0,2026-08-02,00:30:00,2026-08-03 00:47:05,27.55000000000001,Zone 4,39.7,Zone 4,27.4,Zone 4,35.7,Zone 4,31.8,Zone 4,39.5,Zone 4,35.9,Zone 4,43.2,Zone 4,39.7,Zone 4,53.7,Zone 5
Telangana,Mahbubnagar,Mahbubnagar,23.7,2026-08-03,00:30:00,,,,2026-08-03 00:47:05,,,,,,,,,,,,,,,,,,,,
Telangana,Medak,Medak,23.1,2026-08-03,00:30:00,99.0,2026-08-02,00:30:00,2026-08-03 00:47:05,24.850000000000023,Zone 3,55.1,Zone 5,24.7,Zone 3,36.3,Zone 4,30.9,Zone 4,53.5,Zone 5,37.7,Zone 5,60.9,Zone 5,55.1,Zone 5,63.5,Zone 5
Telangana,Medchal Malkajgiri,Cgwb Nagole,25.7,2026-08-03,00:30:00,89.0,2026-08-02,00:30:00,2026-08-03 00:47:05,28.350000000000023,Zone 4,60.1,Zone 5,28.0,Zone 4,45.0,Zone 5,34.6,Zone 4,59.7,Zone 5,47.3,Zone 5,62.8,Zone 5,60.1,Zone 5,65.1,Zone 5
Telangana,Medchal Malkajgiri,Kukatpally Jntu,25.1,2026-08-03,00:30:00,92.0,2026-08-02,00:30:00,2026-08-03 00:47:05,27.55000000000001,Zone 4,59.9,Zone 5,27.3,Zone 4,44.0,Zone 5,34.0,Zone 4,59.5,Zone 5,46.3,Zone 5,62.6,Zone 5,59.9,Zone 5,64.9,Zone 5
Telangana,Medchal Malkajgiri,Uppal,26.1,2026-08-03,00:30:00,85.0,2026-08-02,00:30:00,2026-08-03 00:47:05,28.75,Zone 4,60.1,Zone 5,28.5,Zone 4,44.8,Zone 5,35.0,Zone 4,59.7,Zone 5,47.1,Zone 5,62.7,Zone 5,60.1,Zone 5,65.0,Zone 5
Telangana,Nirmal ,Bhainsa Arg,25.6,2026-08-03,00:00:00,,,,2026-08-03 00:47:05,,,,,,,,,,,,,,,,,,,,
Telangana,Peddapalli,Ars Peddapally,27.7,2026-08-03,00:30:00,100.0,2026-08-02,00:30:00,2026-08-03 00:47:05,34.75,Zone 4,65.8,Zone 5,34.1,Zone 4,62.3,Zone 5,57.3,Zone 5,65.4,Zone 5,62.9,Zone 5,67.7,Zone 5,65.8,Zone 5,69.3,Zone 5
Telangana,Peddapalli,Kunaram,29.8,2026-08-03,00:30:00,30.0,2026-08-02,00:30:00,2026-08-03 00:47:05,29.05000000000001,Zone 4,41.6,Zone 4,29.3,Zone 4,37.5,Zone 4,33.6,Zone 4,41.3,Zone 4,37.7,Zone 4,45.0,Zone 4,41.6,Zone 4,57.8,Zone 5
Telangana,Rajanna Sircilla,Sircilla,24.9,2026-08-03,00:30:00,99.0,2026-08-02,00:30:00,2026-08-03 00:47:05,27.650000000000034,Zone 4,61.3,Zone 5,27.9,Zone 4,50.8,Zone 5,35.0,Zone 4,60.9,Zone 5,53.2,Zone 5,63.8,Zone 5,61.3,Zone 5,66.0,Zone 5
Telangana,Ranga Reddy,Cbit Gandipet,25.0,2026-08-03,00:30:00,88.0,2026-08-02,00:30:00,2026-08-03 00:47:05,27.05000000000001,Zone 4,59.1,Zone 5,27.0,Zone 4,40.4,Zone 5,33.5,Zone 4,57.8,Zone 5,42.4,Zone 5,61.9,Zone 5,59.1,Zone 5,64.3,Zone 5
Telangana,Ranga Reddy,Chevella,24.2,2026-08-03,00:30:00,91.0,2026-08-02,00:30:00,2026-08-03 00:47:05,25.950000000000045,Zone 4,55.5,Zone 5,25.6,Zone 4,37.2,Zone 4,31.9,Zone 4,54.0,Zone 5,38.1,Zone 5,61.0,Zone 5,55.5,Zone 5,63.5,Zone 5
Telangana,Ranga Reddy,Daira,25.2,2026-08-03,00:30:00,83.0,2026-08-02,00:30:00,2026-08-03 00:47:05,27.05000000000001,Zone 4,55.4,Zone 5,26.7,Zone 4,38.0,Zone 4,32.8,Zone 4,53.9,Zone 5,38.5,Zone 4,61.0,Zone 5,55.4,Zone 5,63.5,Zone 5
Telangana,Ranga Reddy,Esci Gachibowli,23.4,2026-08-03,00:30:00,94.0,2026-08-02,00:30:00,2026-08-03 00:47:05,24.950000000000045,Zone 3,54.6,Zone 5,25.1,Zone 3,36.6,Zone 4,31.3,Zone 4,53.0,Zone 5,37.3,Zone 5,60.8,Zone 5,54.6,Zone 5,63.4,Zone 5
Telangana,Ranga Reddy,Ghatkesar,23.9,2026-08-03,00:30:00,90.0,2026-08-02,00:30:00,2026-08-03 00:47:05,25.450000000000045,Zone 4,54.7,Zone 5,25.6,Zone 4,37.1,Zone 4,31.8,Zone 4,53.2,Zone 5,37.6,Zone 4,60.8,Zone 5,54.7,Zone 5,63.4,Zone 5
Telangana,Ranga Reddy,Serilingampally,25.4,2026-08-03,00:30:00,97.0,2026-08-02,00:30:00,2026-08-03 00:47:05,28.450000000000045,Zone 4,61.8,Zone 5,28.7,Zone 4,53.0,Zone 5,35.9,Zone 4,61.3,Zone 5,55.3,Zone 5,64.2,Zone 5,61.8,Zone 5,66.3,Zone 5
Telangana,Sangareddy,Kandi,24.8,2026-08-03,00:30:00,100.0,2026-08-02,00:30:00,2026-08-03 00:47:05,27.55000000000001,Zone 4,61.5,Zone 5,28.0,Zone 4,51.8,Zone 5,35.2,Zone 4,61.1,Zone 5,54.1,Zone 5,64.0,Zone 5,61.5,Zone 5,66.1,Zone 5
Telangana,Siddipet,Kaveri Siddipet,21.9,2026-08-03,00:30:00,98.0,2026-08-02,00:30:00,2026-08-03 00:47:05,23.55000000000001,Zone 3,47.6,Zone 5,23.6,Zone 3,34.3,Zone 4,29.1,Zone 4,46.1,Zone 5,34.8,Zone 4,59.4,Zone 5,47.6,Zone 5,62.1,Zone 5
Telangana,Vikarabad,Tandur,22.8,2026-08-03,00:30:00,89.0,2026-08-02,00:30:00,2026-08-03 00:47:05,24.150000000000034,Zone 3,47.4,Zone 5,24.4,Zone 3,35.1,Zone 4,30.0,Zone 4,45.9,Zone 5,35.6,Zone 4,59.3,Zone 5,47.4,Zone 5,62.1,Zone 5
Telangana,Wanaparthy,Horticultural University Mojer,27.2,2026-08-03,00:15:00,,,,2026-08-03 00:47:05,,,,,,,,,,,,,,,,,,,,
Telangana,Warangal Rural,Siddhapur,28.0,2026-08-03,00:30:00,97.0,2026-08-02,00:30:00,2026-08-03 00:47:05,35.05000000000001,Zone 4,66.0,Zone 5,35.0,Zone 4,62.6,Zone 5,58.5,Zone 5,65.7,Zone 5,63.1,Zone 5,67.8,Zone 5,66.0,Zone 5,69.5,Zone 5
Tripura,Dhalai,Dholai Kvk,26.7,2026-08-03,00:30:00,95.0,2026-08-02,00:30:00,2026-08-03 00:47:05,31.05000000000001,Zone 4,63.0,Zone 5,30.6,Zone 4,58.8,Zone 5,41.0,Zone 5,62.6,Zone 5,59.5,Zone 5,65.3,Zone 5,63.0,Zone 5,67.2,Zone 5
Tripura,Dhalai,Gandachara,26.4,2026-08-03,00:30:00,100.0,2026-08-02,00:30:00,2026-08-03 00:47:05,31.05000000000001,Zone 4,64.1,Zone 5,31.3,Zone 4,60.2,Zone 5,47.0,Zone 5,63.7,Zone 5,60.8,Zone 5,66.2,Zone 5,64.1,Zone 5,68.0,Zone 5
Tripura,Dhalai,Kamalpur,,,,6.0,2026-08-02,00:30:00,2026-08-03 00:47:05,,,,,,,,,,,,,,,,,,,,
Tripura,Gomati,Gokulpur,28.0,2026-08-03,00:30:00,,,,2026-08-03 00:47:05,,,,,,,,,,,,,,,,,,,,
Tripura,Khowai,Khowai,28.0,2026-08-03,00:30:00,,,,2026-08-03 00:47:05,,,,,,,,,,,,,,,,,,,,
Tripura,Khowai,Teliamura,27.4,2026-08-03,00:30:00,98.0,2026-08-02,00:30:00,2026-08-03 00:47:05,33.450000000000045,Zone 4,65.4,Zone 5,33.7,Zone 4,61.8,Zone 5,54.9,Zone 5,65.0,Zone 5,62.4,Zone 5,67.3,Zone 5,65.4,Zone 5,69.0,Zone 5
Tripura,North Tripura,Ashapara,26.3,2026-08-03,00:30:00,100.0,2026-08-02,00:30:00,2026-08-03 00:47:05,30.850000000000023,Zone 4,64.1,Zone 5,31.3,Zone 4,60.2,Zone 5,47.0,Zone 5,63.7,Zone 5,60.8,Zone 5,66.2,Zone 5,64.1,Zone 5,68.0,Zone 5
Tripura,North Tripura,Eden Laouge,23.9,2026-08-03,00:15:00,,,,2026-08-03 00:47:05,,,,,,,,,,,,,,,,,,,,
Tripura,Sipahijala,Cti,27.3,2026-08-03,00:30:00,99.0,2026-08-02,00:30:00,2026-08-03 00:47:05,33.35000000000002,Zone 4,65.6,Zone 5,33.9,Zone 4,62.1,Zone 5,56.1,Zone 5,65.2,Zone 5,62.6,Zone 5,67.5,Zone 5,65.6,Zone 5,69.1,Zone 5
Tripura,Sipahijala,Sipahijala,27.0,2026-08-03,00:30:00,,,,2026-08-03 00:47:05,,,,,,,,,,,,,,,,,,,,
Tripura,Sipahijala,Sonamura,27.8,2026-08-03,00:30:00,100.0,2026-08-02,00:30:00,2026-08-03 00:47:05,35.05000000000001,Zone 5,66.7,Zone 5,37.1,Zone 5,63.4,Zone 5,59.8,Zone 5,66.3,Zone 5,63.9,Zone 5,68.4,Zone 5,66.7,Zone 5,70.0,Zone 5
Tripura,South Tripura,Sabroom,26.7,2026-08-03,00:30:00,24.0,2026-08-02,00:30:00,2026-08-03 00:47:05,25.650000000000034,Zone 4,37.0,Zone 4,25.4,Zone 4,33.3,Zone 4,29.6,Zone 4,36.9,Zone 4,33.4,Zone 4,40.3,Zone 4,37.0,Zone 4,43.6,Zone 4
Tripura,Unakoti,Kailashahar,27.2,2026-08-03,00:00:00,,,,2026-08-03 00:47:05,,,,,,,,,,,,,,,,,,,,
Tripura,West Tripura,Agartala Airport,27.5,2026-08-03,00:30:00,100.0,2026-08-02,00:30:00,2026-08-03 00:47:05,34.150000000000034,Zone 4,65.8,Zone 5,34.1,Zone 4,62.3,Zone 5,57.3,Zone 5,65.4,Zone 5,62.9,Zone 5,67.7,Zone 5,65.8,Zone 5,69.3,Zone 5
Tripura,West Tripura,A D Nagar Amfu,27.2,2026-08-03,00:30:00,,,,2026-08-03 00:47:05,,,,,,,,,,,,,,,,,,,,
Tripura,West Tripura,Dm Office West Agartala,27.4,2026-08-03,00:30:00,,,,2026-08-03 00:47:05,,,,,,,,,,,,,,,,,,,,
Tripura,West Tripura,Hrc Nagicherra,27.0,2026-08-03,00:30:00,,,,2026-08-03 00:47:05,,,,,,,,,,,,,,,,,,,,
Tripura,West Tripura,Khumluwang,26.6,2026-08-03,00:30:00,,,,2026-08-03 00:47:05,,,,,,,,,,,,,,,,,,,,
Tripura,West Tripura,Met Agartala,27.1,2026-08-03,00:30:00,100.0,2026-08-02,00:30:00,2026-08-03 00:47:05,32.950000000000045,Zone 4,65.0,Zone 5,32.7,Zone 4,61.3,Zone 5,52.3,Zone 5,64.6,Zone 5,61.8,Zone 5,66.9,Zone 5,65.0,Zone 5,68.7,Zone 5
Tripura,West Tripura,Secretariat,27.8,2026-08-03,00:30:00,,,,2026-08-03 00:47:05,,,,,,,,,,,,,,,,,,,,
Uttarakhand,Almora,Chaubatia Ranikhet,18.1,2026-08-03,00:30:00,100.0,2026-08-02,00:30:00,2026-08-03 00:47:05,19.150000000000034,Zone 3,33.6,Zone 4,19.1,Zone 3,28.6,Zone 4,24.4,Zone 3,33.3,Zone 4,28.9,Zone 4,40.2,Zone 5,33.6,Zone 4,53.7,Zone 5
Uttarakhand,Almora,Matela Kvk,23.1,2026-08-03,00:30:00,100.0,2026-08-02,00:30:00,2026-08-03 00:47:05,24.850000000000023,Zone 3,55.8,Zone 5,24.8,Zone 3,36.7,Zone 5,31.0,Zone 4,54.3,Zone 5,38.5,Zone 5,61.1,Zone 5,55.8,Zone 5,63.6,Zone 5
Uttarakhand,Chamoli,Chamoli,22.0,2026-08-03,00:30:00,95.0,2026-08-02,00:30:00,2026-08-03 00:47:05,23.55000000000001,Zone 3,45.4,Zone 5,23.5,Zone 3,34.0,Zone 4,28.9,Zone 4,43.9,Zone 5,34.5,Zone 4,58.6,Zone 5,45.4,Zone 5,61.7,Zone 5
Uttarakhand,Chamoli,Tharali,,,,21.0,2026-08-02,00:30:00,2026-08-03 00:47:05,,,,,,,,,,,,,,,,,,,,
Uttarakhand,Champawat,Champawat,19.9,2026-08-03,00:30:00,,,,2026-08-03 00:47:05,,,,,,,,,,,,,,,,,,,,
Uttarakhand,Dehradun,Dehradun,,,,91.0,2026-08-02,00:30:00,2026-08-03 00:47:05,,,,,,,,,,,,,,,,,,,,
Uttarakhand,Dehradun,Hatibharkala,25.1,2026-08-03,00:30:00,100.0,2026-08-02,00:30:00,2026-08-03 00:47:05,28.150000000000034,Zone 4,61.5,Zone 5,28.0,Zone 4,51.8,Zone 5,35.2,Zone 4,61.1,Zone 5,54.1,Zone 5,64.0,Zone 5,61.5,Zone 5,66.1,Zone 5
Uttarakhand,Dehradun,Jollygrant,30.2,2026-08-03,00:30:00,91.0,2026-08-02,00:30:00,2026-08-03 00:47:05,50.05000000000001,Zone 5,68.1,Zone 5,47.3,Zone 5,65.1,Zone 5,62.0,Zone 5,67.8,Zone 5,65.6,Zone 5,69.6,Zone 5,68.1,Zone 5,71.0,Zone 5
Uttarakhand,Dehradun,Maldevta,25.4,2026-08-03,00:30:00,100.0,2026-08-02,00:30:00,2026-08-03 00:47:05,28.75,Zone 4,62.4,Zone 5,29.0,Zone 4,55.9,Zone 5,37.6,Zone 5,62.0,Zone 5,58.0,Zone 5,64.7,Zone 5,62.4,Zone 5,66.7,Zone 5
Uttarakhand,Dehradun,Massouri,20.3,2026-08-03,00:30:00,,,,2026-08-03 00:47:05,,,,,,,,,,,,,,,,,,,,
Uttarakhand,Dehradun,Mohakampur,25.8,2026-08-03,00:30:00,99.0,2026-08-02,00:30:00,2026-08-03 00:47:05,29.55000000000001,Zone 4,63.0,Zone 5,30.0,Zone 4,58.7,Zone 5,40.9,Zone 5,62.6,Zone 5,59.5,Zone 5,65.2,Zone 5,63.0,Zone 5,67.2,Zone 5
Uttarakhand,Dehradun,Rishikesh,,,,94.0,2026-08-02,00:30:00,2026-08-03 00:47:05,,,,,,,,,,,,,,,,,,,,
Uttarakhand,Haridwar,Roorkee Amfu,28.1,2026-08-03,00:30:00,100.0,2026-08-02,00:30:00,2026-08-03 00:47:05,38.25,Zone 5,66.7,Zone 5,37.1,Zone 5,63.4,Zone 5,59.8,Zone 5,66.3,Zone 5,63.9,Zone 5,68.4,Zone 5,66.7,Zone 5,70.0,Zone 5
Uttarakhand,Nainital,Mukteshwar,31.9,2026-08-03,00:30:00,,,,2026-08-03 00:47:05,,,,,,,,,,,,,,,,,,,,
Uttarakhand,Nainital,Nainital(Jeolikot) Kvk,21.9,2026-08-03,00:30:00,99.0,2026-08-02,00:30:00,2026-08-03 00:47:05,23.55000000000001,Zone 3,48.4,Zone 5,23.7,Zone 3,34.4,Zone 4,29.2,Zone 4,46.8,Zone 5,34.9,Zone 4,59.5,Zone 5,48.4,Zone 5,62.2,Zone 5
Uttarakhand,Nainital,Th Kosiyakutoli,30.2,2026-08-03,00:30:00,100.0,2026-08-02,00:30:00,2026-08-03 00:47:05,60.85000000000002,Zone 5,70.2,Zone 5,60.2,Zone 5,67.7,Zone 5,65.2,Zone 5,69.9,Zone 5,68.2,Zone 5,71.4,Zone 5,70.2,Zone 5,74.3,Zone 6
Uttarakhand,Pauri Garhwal,Bharsar,18.1,2026-08-03,00:30:00,100.0,2026-08-02,00:30:00,2026-08-03 00:47:05,19.150000000000034,Zone 3,33.6,Zone 4,19.1,Zone 3,28.6,Zone 4,24.4,Zone 3,33.3,Zone 4,28.9,Zone 4,40.2,Zone 5,33.6,Zone 4,53.7,Zone 5
Uttarakhand,Pauri Garhwal,Srinagar Arg,29.0,2026-08-03,00:30:00,,,,2026-08-03 00:47:05,,,,,,,,,,,,,,,,,,,,
Uttarakhand,Rudraprayag,Rudra Prayag,26.2,2026-08-03,00:30:00,95.0,2026-08-02,00:30:00,2026-08-03 00:47:05,29.950000000000045,Zone 4,62.2,Zone 5,29.5,Zone 4,55.1,Zone 5,36.8,Zone 5,61.8,Zone 5,57.2,Zone 5,64.5,Zone 5,62.2,Zone 5,66.6,Zone 5
Uttarakhand,Tehri Garhwal,Devprayag,27.5,2026-08-03,00:30:00,85.0,2026-08-02,00:30:00,2026-08-03 00:47:05,31.450000000000045,Zone 4,62.5,Zone 5,31.5,Zone 4,56.5,Zone 5,38.5,Zone 4,62.1,Zone 5,58.6,Zone 5,64.8,Zone 5,62.5,Zone 5,66.8,Zone 5
Uttarakhand,Tehri Garhwal,Rani Chawri,,,,99.0,2026-08-02,00:30:00,2026-08-03 00:47:05,,,,,,,,,,,,,,,,,,,,
Uttarakhand,Udham Singh Nagar,Kashipur Aws400,27.4,2026-08-03,00:30:00,100.0,2026-08-02,00:30:00,2026-08-03 00:47:05,33.85000000000002,Zone 4,65.8,Zone 5,34.1,Zone 4,62.3,Zone 5,57.3,Zone 5,65.4,Zone 5,62.9,Zone 5,67.7,Zone 5,65.8,Zone 5,69.3,Zone 5
Uttarakhand,Uttarkashi,Purola,25.0,2026-08-03,00:30:00,,,,2026-08-03 00:47:05,,,,,,,,,,,,,,,,,,,,
Uttar Pradesh,Agra,Hydrogen Factory Bindukatra,29.6,2026-08-03,00:30:00,,,,2026-08-03 00:47:05,,,,,,,,,,,,,,,,,,,,
Uttar Pradesh,Aligarh,Quarsi Farms Quarsi,31.0,2026-08-03,00:30:00,8.0,2026-08-02,00:30:00,2026-08-03 00:47:05,28.55000000000001,Zone 4,38.9,Zone 4,28.5,Zone 4,35.5,Zone 4,32.2,Zone 4,38.8,Zone 4,35.6,Zone 4,41.9,Zone 4,38.9,Zone 4,44.9,Zone 4
Uttar Pradesh,Amethi,Tala Gram 400Aws,28.6,2026-08-03,00:30:00,100.0,2026-08-02,00:30:00,2026-08-03 00:47:05,44.450000000000045,Zone 5,67.6,Zone 5,43.1,Zone 5,64.5,Zone 5,61.2,Zone 5,67.2,Zone 5,65.0,Zone 5,69.2,Zone 5,67.6,Zone 5,70.6,Zone 5
Uttar Pradesh,Amroha,Amroha 400Aws,28.1,2026-08-03,00:30:00,100.0,2026-08-02,00:30:00,2026-08-03 00:47:05,38.25,Zone 5,66.7,Zone 5,37.1,Zone 5,63.4,Zone 5,59.8,Zone 5,66.3,Zone 5,63.9,Zone 5,68.4,Zone 5,66.7,Zone 5,70.0,Zone 5
Uttar Pradesh,Ayodhya,Ayodhya 400Aws,28.2,2026-08-03,00:30:00,100.0,2026-08-02,00:30:00,2026-08-03 00:47:05,39.35000000000002,Zone 5,66.7,Zone 5,37.1,Zone 5,63.4,Zone 5,59.8,Zone 5,66.3,Zone 5,63.9,Zone 5,68.4,Zone 5,66.7,Zone 5,70.0,Zone 5
Uttar Pradesh,Bahraich,Bharaich Amfu,,,,95.0,2026-08-02,00:30:00,2026-08-03 00:47:05,,,,,,,,,,,,,,,,,,,,
Uttar Pradesh,Ballia,Ballia  400Aws,27.4,2026-08-03,00:30:00,100.0,2026-08-02,00:30:00,2026-08-03 00:47:05,33.85000000000002,Zone 4,65.8,Zone 5,34.1,Zone 4,62.3,Zone 5,57.3,Zone 5,65.4,Zone 5,62.9,Zone 5,67.7,Zone 5,65.8,Zone 5,69.3,Zone 5
Uttar Pradesh,Banda,Banda 400Aws,28.8,2026-08-03,00:30:00,97.0,2026-08-02,00:30:00,2026-08-03 00:47:05,42.05000000000001,Zone 5,67.8,Zone 5,44.6,Zone 5,64.7,Zone 5,61.5,Zone 5,67.4,Zone 5,65.2,Zone 5,69.3,Zone 5,67.8,Zone 5,70.8,Zone 5
Uttar Pradesh,Barabanki,Barabanki 400Aws,28.1,2026-08-03,00:30:00,100.0,2026-08-02,00:30:00,2026-08-03 00:47:05,38.25,Zone 5,66.7,Zone 5,37.1,Zone 5,63.4,Zone 5,59.8,Zone 5,66.3,Zone 5,63.9,Zone 5,68.4,Zone 5,66.7,Zone 5,70.0,Zone 5
Uttar Pradesh,Bareilly,Bareilly Bilwa 400Aws,27.3,2026-08-03,00:30:00,100.0,2026-08-02,00:30:00,2026-08-03 00:47:05,33.55000000000001,Zone 4,65.8,Zone 5,34.1,Zone 4,62.3,Zone 5,57.3,Zone 5,65.4,Zone 5,62.9,Zone 5,67.7,Zone 5,65.8,Zone 5,69.3,Zone 5
Uttar Pradesh,Bijnor,Prithvipur 400Aws,27.8,2026-08-03,00:30:00,,,,2026-08-03 00:47:05,,,,,,,,,,,,,,,,,,,,
Uttar Pradesh,Bulandshahar,Bulandshahar Kvk,28.8,2026-08-03,00:30:00,89.0,2026-08-02,00:30:00,2026-08-03 00:47:05,35.55000000000001,Zone 4,65.9,Zone 5,36.2,Zone 4,62.5,Zone 5,57.9,Zone 5,65.5,Zone 5,63.0,Zone 5,67.8,Zone 5,65.9,Zone 5,69.4,Zone 5
Uttar Pradesh,Farrukhabad,Farrukhabad 400Aws,27.8,2026-08-03,00:30:00,19.0,2026-08-02,00:30:00,2026-08-03 00:47:05,26.350000000000023,Zone 4,37.8,Zone 4,26.6,Zone 4,34.2,Zone 4,30.6,Zone 4,37.7,Zone 4,34.3,Zone 4,41.0,Zone 4,37.8,Zone 4,44.3,Zone 4
Uttar Pradesh,Fatehpur,Fatehpur Kvk,27.2,2026-08-03,00:30:00,,,,2026-08-03 00:47:05,,,,,,,,,,,,,,,,,,,,
Uttar Pradesh,Firozabad,Firozabad 400Aws,29.2,2026-08-03,00:30:00,100.0,2026-08-02,00:30:00,2026-08-03 00:47:05,52.85000000000002,Zone 5,68.5,Zone 5,50.0,Zone 5,65.5,Zone 5,62.5,Zone 5,68.1,Zone 5,66.1,Zone 5,69.9,Zone 5,68.5,Zone 5,71.3,Zone 5
Uttar Pradesh,Gautam Buddha Nagar,Kvk Chholas 400Aws,28.3,2026-08-03,00:30:00,96.0,2026-08-02,00:30:00,2026-08-03 00:47:05,35.75,Zone 4,66.7,Zone 5,37.0,Zone 5,63.4,Zone 5,59.8,Zone 5,66.3,Zone 5,63.9,Zone 5,68.4,Zone 5,66.7,Zone 5,69.9,Zone 5
Uttar Pradesh,Ghaziabad,Kv2 Airforce Hindon,28.7,2026-08-03,00:30:00,96.0,2026-08-02,00:30:00,2026-08-03 00:47:05,39.25,Zone 5,66.7,Zone 5,37.0,Zone 5,63.4,Zone 5,59.8,Zone 5,66.3,Zone 5,63.9,Zone 5,68.4,Zone 5,66.7,Zone 5,69.9,Zone 5
Uttar Pradesh,Ghaziabad,Kv Kamala Nehru Nagar,28.2,2026-08-03,00:30:00,100.0,2026-08-02,00:30:00,2026-08-03 00:47:05,39.35000000000002,Zone 5,66.7,Zone 5,37.1,Zone 5,63.4,Zone 5,59.8,Zone 5,66.3,Zone 5,63.9,Zone 5,68.4,Zone 5,66.7,Zone 5,70.0,Zone 5
Uttar Pradesh,Gorakhpur,Met Office Singhariya,27.8,2026-08-03,00:30:00,100.0,2026-08-02,00:30:00,2026-08-03 00:47:05,35.05000000000001,Zone 5,66.7,Zone 5,37.1,Zone 5,63.4,Zone 5,59.8,Zone 5,66.3,Zone 5,63.9,Zone 5,68.4,Zone 5,66.7,Zone 5,70.0,Zone 5
Uttar Pradesh,Hamirpur,Hamirpur 400Aws,28.7,2026-08-03,00:30:00,100.0,2026-08-02,00:30:00,2026-08-03 00:47:05,45.75,Zone 5,67.6,Zone 5,43.1,Zone 5,64.5,Zone 5,61.2,Zone 5,67.2,Zone 5,65.0,Zone 5,69.2,Zone 5,67.6,Zone 5,70.6,Zone 5
Uttar Pradesh,Hapur,Hapur 400Aws,28.0,2026-08-03,00:30:00,100.0,2026-08-02,00:30:00,2026-08-03 00:47:05,37.150000000000034,Zone 5,66.7,Zone 5,37.1,Zone 5,63.4,Zone 5,59.8,Zone 5,66.3,Zone 5,63.9,Zone 5,68.4,Zone 5,66.7,Zone 5,70.0,Zone 5
Uttar Pradesh,Hardoi,Hardoi 400Aws,27.6,2026-08-03,00:30:00,83.0,2026-08-02,00:30:00,2026-08-03 00:47:05,31.450000000000045,Zone 4,62.0,Zone 5,31.2,Zone 4,54.4,Zone 5,38.1,Zone 4,61.6,Zone 5,56.6,Zone 5,64.4,Zone 5,62.0,Zone 5,66.5,Zone 5
Uttar Pradesh,Jalaun,Jalaun 400Aws,29.1,2026-08-03,00:15:00,,,,2026-08-03 00:47:05,,,,,,,,,,,,,,,,,,,,
Uttar Pradesh,Jhansi,Bhundelkhand University,26.0,2026-08-03,00:30:00,,,,2026-08-03 00:47:05,,,,,,,,,,,,,,,,,,,,
Uttar Pradesh,Jhansi,Mauranipur Tehsil Office,,,,31.0,2026-08-02,00:30:00,2026-08-03 00:47:05,,,,,,,,,,,,,,,,,,,,
Uttar Pradesh,Kashganj,Kashganj 400Aws,28.5,2026-08-03,00:30:00,100.0,2026-08-02,00:30:00,2026-08-03 00:47:05,43.05000000000001,Zone 5,67.6,Zone 5,43.1,Zone 5,64.5,Zone 5,61.2,Zone 5,67.2,Zone 5,65.0,Zone 5,69.2,Zone 5,67.6,Zone 5,70.6,Zone 5
Uttar Pradesh,Kushinagar,Kushinagar Kvk,27.4,2026-08-03,00:30:00,100.0,2026-08-02,00:30:00,2026-08-03 00:47:05,33.85000000000002,Zone 4,65.8,Zone 5,34.1,Zone 4,62.3,Zone 5,57.3,Zone 5,65.4,Zone 5,62.9,Zone 5,67.7,Zone 5,65.8,Zone 5,69.3,Zone 5
Uttar Pradesh,Lucknow,Integral University,30.5,2026-08-03,00:30:00,,,,2026-08-03 00:47:05,,,,,,,,,,,,,,,,,,,,
Uttar Pradesh,Lucknow,Meteorological Centre Amausi,29.1,2026-08-03,00:30:00,95.0,2026-08-02,00:30:00,2026-08-03 00:47:05,42.55000000000001,Zone 5,67.3,Zone 5,41.3,Zone 5,64.2,Zone 5,60.8,Zone 5,67.0,Zone 5,64.7,Zone 5,68.9,Zone 5,67.3,Zone 5,70.4,Zone 5
Uttar Pradesh,Mainpuri,Mainpuri Kvk,29.5,2026-08-03,00:30:00,94.0,2026-08-02,00:30:00,2026-08-03 00:47:05,46.05000000000001,Zone 5,68.0,Zone 5,46.0,Zone 5,64.9,Zone 5,61.7,Zone 5,67.6,Zone 5,65.5,Zone 5,69.5,Zone 5,68.0,Zone 5,70.9,Zone 5
Uttar Pradesh,Mathura,Collectorate Office,31.0,2026-08-03,00:30:00,97.0,2026-08-02,00:30:00,2026-08-03 00:47:05,62.35000000000002,Zone 5,71.3,Zone 5,62.3,Zone 5,69.1,Zone 5,66.8,Zone 5,71.0,Zone 5,69.5,Zone 5,73.5,Zone 6,71.3,Zone 5,76.4,Zone 6
Uttar Pradesh,Mathura,Mathura 400Aws,28.9,2026-08-03,00:30:00,98.0,2026-08-02,00:30:00,2026-08-03 00:47:05,45.05000000000001,Zone 5,68.0,Zone 5,46.4,Zone 5,65.0,Zone 5,61.8,Zone 5,67.6,Zone 5,65.5,Zone 5,69.5,Zone 5,68.0,Zone 5,70.9,Zone 5
Uttar Pradesh,Meerut,Ccsu Campus,30.1,2026-08-03,00:30:00,100.0,2026-08-02,00:30:00,2026-08-03 00:47:05,60.55000000000001,Zone 5,70.2,Zone 5,60.2,Zone 5,67.7,Zone 5,65.2,Zone 5,69.9,Zone 5,68.2,Zone 5,71.4,Zone 5,70.2,Zone 5,74.3,Zone 6
Uttar Pradesh,Mirzapur,Dagmapur 400Aws,25.2,2026-08-03,00:30:00,100.0,2026-08-02,00:30:00,2026-08-03 00:47:05,28.350000000000023,Zone 4,61.5,Zone 5,28.0,Zone 4,51.8,Zone 5,35.2,Zone 4,61.1,Zone 5,54.1,Zone 5,64.0,Zone 5,61.5,Zone 5,66.1,Zone 5
Uttar Pradesh,Moradabad,Ucheti 400Aws,28.9,2026-08-03,00:30:00,95.0,2026-08-02,00:30:00,2026-08-03 00:47:05,40.05000000000001,Zone 5,67.3,Zone 5,41.3,Zone 5,64.2,Zone 5,60.8,Zone 5,67.0,Zone 5,64.7,Zone 5,68.9,Zone 5,67.3,Zone 5,70.4,Zone 5
Uttar Pradesh,Muzaffarnagar,Sohanjani Tajan 400Aws,28.0,2026-08-03,00:30:00,100.0,2026-08-02,00:30:00,2026-08-03 00:47:05,37.150000000000034,Zone 5,66.7,Zone 5,37.1,Zone 5,63.4,Zone 5,59.8,Zone 5,66.3,Zone 5,63.9,Zone 5,68.4,Zone 5,66.7,Zone 5,70.0,Zone 5
Uttar Pradesh,Pratapgarh,Pratapgarh 400Aws,28.8,2026-08-03,00:30:00,100.0,2026-08-02,00:30:00,2026-08-03 00:47:05,47.150000000000034,Zone 5,68.5,Zone 5,50.0,Zone 5,65.5,Zone 5,62.5,Zone 5,68.1,Zone 5,66.1,Zone 5,69.9,Zone 5,68.5,Zone 5,71.3,Zone 5
Uttar Pradesh,Raebareli,Airport Fursatganj,28.6,2026-08-03,00:30:00,100.0,2026-08-02,00:30:00,2026-08-03 00:47:05,44.450000000000045,Zone 5,67.6,Zone 5,43.1,Zone 5,64.5,Zone 5,61.2,Zone 5,67.2,Zone 5,65.0,Zone 5,69.2,Zone 5,67.6,Zone 5,70.6,Zone 5
Uttar Pradesh,Saharanpur,Saharanpur 400Aws,27.2,2026-08-03,00:30:00,98.0,2026-08-02,00:30:00,2026-08-03 00:47:05,32.85000000000002,Zone 4,64.5,Zone 5,32.3,Zone 4,60.7,Zone 5,49.7,Zone 5,64.1,Zone 5,61.3,Zone 5,66.5,Zone 5,64.5,Zone 5,68.3,Zone 5
Uttar Pradesh,Sambhal,Sambhal Paltha 400Aws,27.4,2026-08-03,00:30:00,95.0,2026-08-02,00:30:00,2026-08-03 00:47:05,32.85000000000002,Zone 4,64.7,Zone 5,33.1,Zone 4,61.0,Zone 5,51.0,Zone 5,64.3,Zone 5,61.6,Zone 5,66.7,Zone 5,64.7,Zone 5,68.5,Zone 5
Uttar Pradesh,Shahjahanpur,Shahjahanpur 400Aws,27.6,2026-08-03,00:30:00,84.0,2026-08-02,00:30:00,2026-08-03 00:47:05,31.55000000000001,Zone 4,62.3,Zone 5,31.4,Zone 4,55.5,Zone 5,38.3,Zone 4,61.9,Zone 5,57.7,Zone 5,64.6,Zone 5,62.3,Zone 5,66.7,Zone 5
Uttar Pradesh,Shamli,Shamli 400Aws,28.1,2026-08-03,00:30:00,100.0,2026-08-02,00:30:00,2026-08-03 00:47:05,38.25,Zone 5,66.7,Zone 5,37.1,Zone 5,63.4,Zone 5,59.8,Zone 5,66.3,Zone 5,63.9,Zone 5,68.4,Zone 5,66.7,Zone 5,70.0,Zone 5
Uttar Pradesh,Sitapur,Ramkot 400Aws,27.7,2026-08-03,00:30:00,,,,2026-08-03 00:47:05,,,,,,,,,,,,,,,,,,,,
Uttar Pradesh,Sultanpur,Krishi Vigyan Kendra Barasin,27.3,2026-08-03,00:30:00,99.0,2026-08-02,00:30:00,2026-08-03 00:47:05,33.35000000000002,Zone 4,65.6,Zone 5,33.9,Zone 4,62.1,Zone 5,56.1,Zone 5,65.2,Zone 5,62.6,Zone 5,67.5,Zone 5,65.6,Zone 5,69.1,Zone 5
West Bengal,Asansol,Imd Mo Assansol,27.9,2026-08-03,00:30:00,32.0,2026-08-02,00:30:00,2026-08-03 00:47:05,27.25,Zone 4,39.6,Zone 4,27.3,Zone 4,35.5,Zone 4,31.7,Zone 4,39.4,Zone 4,35.7,Zone 4,43.1,Zone 4,39.6,Zone 4,52.9,Zone 5
West Bengal,Bankura,Bckv College,26.9,2026-08-03,00:30:00,99.0,2026-08-02,00:30:00,2026-08-03 00:47:05,32.25,Zone 4,64.7,Zone 5,32.5,Zone 4,61.0,Zone 5,51.0,Zone 5,64.3,Zone 5,61.6,Zone 5,66.7,Zone 5,64.7,Zone 5,68.5,Zone 5
West Bengal,Cooch Behar,Dinhata Aws400,27.4,2026-08-03,00:30:00,100.0,2026-08-02,00:30:00,2026-08-03 00:47:05,33.85000000000002,Zone 4,65.8,Zone 5,34.1,Zone 4,62.3,Zone 5,57.3,Zone 5,65.4,Zone 5,62.9,Zone 5,67.7,Zone 5,65.8,Zone 5,69.3,Zone 5
West Bengal,Darjeeling,Darjeeling Mo,18.3,2026-08-03,00:30:00,100.0,2026-08-02,00:30:00,2026-08-03 00:47:05,19.450000000000045,Zone 3,34.3,Zone 4,19.7,Zone 3,29.2,Zone 4,24.8,Zone 3,34.0,Zone 4,29.5,Zone 4,42.6,Zone 5,34.3,Zone 4,56.0,Zone 5
West Bengal,Darjeeling,Kharibari,27.2,2026-08-03,00:30:00,98.0,2026-08-02,00:30:00,2026-08-03 00:47:05,32.85000000000002,Zone 4,64.5,Zone 5,32.3,Zone 4,60.7,Zone 5,49.7,Zone 5,64.1,Zone 5,61.3,Zone 5,66.5,Zone 5,64.5,Zone 5,68.3,Zone 5
West Bengal,Hooghly,Degree College Tarakeswar,,,,68.0,2026-08-02,00:30:00,2026-08-03 00:47:05,,,,,,,,,,,,,,,,,,,,
West Bengal,Howrah,Kvk Howrah Jagatballavapur,27.7,2026-08-03,00:30:00,98.0,2026-08-02,00:30:00,2026-08-03 00:47:05,34.35000000000002,Zone 4,65.4,Zone 5,33.7,Zone 4,61.8,Zone 5,54.9,Zone 5,65.0,Zone 5,62.4,Zone 5,67.3,Zone 5,65.4,Zone 5,69.0,Zone 5
West Bengal,Howrah,Uluberia,29.3,2026-08-03,00:30:00,98.0,2026-08-02,00:30:00,2026-08-03 00:47:05,50.650000000000034,Zone 5,68.9,Zone 5,53.4,Zone 5,66.1,Zone 5,63.1,Zone 5,68.5,Zone 5,66.6,Zone 5,70.3,Zone 5,68.9,Zone 5,71.7,Zone 6
West Bengal,Jalpaiguri,Banarhat,26.0,2026-08-03,00:30:00,90.0,2026-08-02,00:30:00,2026-08-03 00:47:05,29.05000000000001,Zone 4,61.1,Zone 5,29.0,Zone 4,50.0,Zone 5,35.9,Zone 4,60.7,Zone 5,52.3,Zone 5,63.6,Zone 5,61.1,Zone 5,65.8,Zone 5
West Bengal,Jalpaiguri,Dhupguri,26.8,2026-08-03,00:30:00,100.0,2026-08-02,00:30:00,2026-08-03 00:47:05,32.150000000000034,Zone 4,65.0,Zone 5,32.7,Zone 4,61.3,Zone 5,52.3,Zone 5,64.6,Zone 5,61.8,Zone 5,66.9,Zone 5,65.0,Zone 5,68.7,Zone 5
West Bengal,Jalpaiguri,Jalpaiguri,25.6,2026-08-03,00:30:00,97.0,2026-08-02,00:30:00,2026-08-03 00:47:05,28.950000000000045,Zone 4,61.8,Zone 5,28.7,Zone 4,53.0,Zone 5,35.9,Zone 4,61.3,Zone 5,55.3,Zone 5,64.2,Zone 5,61.8,Zone 5,66.3,Zone 5
West Bengal,Jalpaiguri,Ramshai Kvk,25.5,2026-08-03,00:30:00,,,,2026-08-03 00:47:05,,,,,,,,,,,,,,,,,,,,
West Bengal,Jalpaiguri,Tra Nagrakata,25.4,2026-08-03,00:30:00,95.0,2026-08-02,00:30:00,2026-08-03 00:47:05,28.350000000000023,Zone 4,61.3,Zone 5,28.5,Zone 4,51.0,Zone 5,35.6,Zone 4,60.9,Zone 5,53.4,Zone 5,63.8,Zone 5,61.3,Zone 5,66.0,Zone 5
West Bengal,Jhargram,Jhargram,26.3,2026-08-03,00:30:00,94.0,2026-08-02,00:30:00,2026-08-03 00:47:05,30.05000000000001,Zone 4,62.8,Zone 5,30.5,Zone 4,57.9,Zone 5,39.9,Zone 5,62.4,Zone 5,59.3,Zone 5,65.1,Zone 5,62.8,Zone 5,67.1,Zone 5
West Bengal,Kolkata,Kolkata Airport,28.6,2026-08-03,00:30:00,99.0,2026-08-02,00:30:00,2026-08-03 00:47:05,42.75,Zone 5,67.4,Zone 5,41.5,Zone 5,64.2,Zone 5,60.8,Zone 5,67.0,Zone 5,64.7,Zone 5,69.0,Zone 5,67.4,Zone 5,70.4,Zone 5
West Bengal,Kolkata,Ohr 15,27.7,2026-08-03,00:30:00,99.0,2026-08-02,00:30:00,2026-08-03 00:47:05,34.55000000000001,Zone 4,65.6,Zone 5,33.9,Zone 4,62.1,Zone 5,56.1,Zone 5,65.2,Zone 5,62.6,Zone 5,67.5,Zone 5,65.6,Zone 5,69.1,Zone 5
West Bengal,Malda,Malda,27.8,2026-08-03,00:30:00,,,,2026-08-03 00:47:05,,,,,,,,,,,,,,,,,,,,
West Bengal,Murshidabad,Berhampore,26.4,2026-08-03,00:30:00,100.0,2026-08-02,00:30:00,2026-08-03 00:47:05,31.05000000000001,Zone 4,64.1,Zone 5,31.3,Zone 4,60.2,Zone 5,47.0,Zone 5,63.7,Zone 5,60.8,Zone 5,66.2,Zone 5,64.1,Zone 5,68.0,Zone 5
West Bengal,Murshidabad,Murshidabad Kvk,26.8,2026-08-03,00:30:00,92.0,2026-08-02,00:30:00,2026-08-03 00:47:05,30.950000000000045,Zone 4,63.2,Zone 5,31.4,Zone 4,59.2,Zone 5,42.1,Zone 5,62.8,Zone 5,59.8,Zone 5,65.4,Zone 5,63.2,Zone 5,67.4,Zone 5
West Bengal,Nadia,Bijpur,27.6,2026-08-03,00:30:00,100.0,2026-08-02,00:30:00,2026-08-03 00:47:05,34.450000000000045,Zone 4,65.8,Zone 5,34.1,Zone 4,62.3,Zone 5,57.3,Zone 5,65.4,Zone 5,62.9,Zone 5,67.7,Zone 5,65.8,Zone 5,69.3,Zone 5
West Bengal,North Dinajpur,Raiganj,27.8,2026-08-03,00:15:00,,,,2026-08-03 00:47:05,,,,,,,,,,,,,,,,,,,,
West Bengal,North Twenty Four Parganas,Ashoknagar Kvk,28.1,2026-08-03,00:30:00,,,,2026-08-03 00:47:05,,,,,,,,,,,,,,,,,,,,
West Bengal,North Twenty Four Parganas,Barrackpore Aws400,28.1,2026-08-03,00:30:00,97.0,2026-08-02,00:30:00,2026-08-03 00:47:05,35.35000000000002,Zone 4,66.0,Zone 5,35.0,Zone 4,62.6,Zone 5,58.5,Zone 5,65.7,Zone 5,63.1,Zone 5,67.8,Zone 5,66.0,Zone 5,69.5,Zone 5
West Bengal,North Twenty Four Parganas,Jisu Agarpara,29.1,2026-08-03,00:30:00,94.0,2026-08-02,00:30:00,2026-08-03 00:47:05,40.85000000000002,Zone 5,67.1,Zone 5,39.7,Zone 5,63.9,Zone 5,60.4,Zone 5,66.7,Zone 5,64.4,Zone 5,68.7,Zone 5,67.1,Zone 5,70.2,Zone 5
West Bengal,Purba Mednipur,Imd Mo Digha,28.7,2026-08-03,00:30:00,,,,2026-08-03 00:47:05,,,,,,,,,,,,,,,,,,,,
West Bengal,Purulia,Purulia Kvk,26.8,2026-08-03,00:30:00,,,,2026-08-03 00:47:05,,,,,,,,,,,,,,,,,,,,
West Bengal,South Dinajpur,Balurghat,28.1,2026-08-03,00:30:00,100.0,2026-08-02,00:30:00,2026-08-03 00:47:05,38.25,Zone 5,66.7,Zone 5,37.1,Zone 5,63.4,Zone 5,59.8,Zone 5,66.3,Zone 5,63.9,Zone 5,68.4,Zone 5,66.7,Zone 5,70.0,Zone 5
West Bengal,South Dinajpur,Majhian Amfu,28.5,2026-08-03,00:30:00,100.0,2026-08-02,00:30:00,2026-08-03 00:47:05,43.05000000000001,Zone 5,67.6,Zone 5,43.1,Zone 5,64.5,Zone 5,61.2,Zone 5,67.2,Zone 5,65.0,Zone 5,69.2,Zone 5,67.6,Zone 5,70.6,Zone 5
West Bengal,South Twenty Four Parganas,Alipore,29.1,2026-08-03,00:30:00,100.0,2026-08-02,00:30:00,2026-08-03 00:47:05,51.450000000000045,Zone 5,68.5,Zone 5,50.0,Zone 5,65.5,Zone 5,62.5,Zone 5,68.1,Zone 5,66.1,Zone 5,69.9,Zone 5,68.5,Zone 5,71.3,Zone 5
West Bengal,South Twenty Four Parganas,Gangasagar,28.8,2026-08-03,00:30:00,,,,2026-08-03 00:47:05,,,,,,,,,,,,,,,,,,,,
West Bengal,South Twenty Four Parganas,Ramkrishna Mission College,28.1,2026-08-03,00:30:00,97.0,2026-08-02,00:30:00,2026-08-03 00:47:05,35.35000000000002,Zone 4,66.0,Zone 5,35.0,Zone 4,62.6,Zone 5,58.5,Zone 5,65.7,Zone 5,63.1,Zone 5,67.8,Zone 5,66.0,Zone 5,69.5,Zone 5
,,,,,,,,,2026-08-03 00:47:05,,,,,,,,,,,,,,,,,,,,
,,,,,,,,,2026-08-03 00:47:05,,,,,,,,,,,,,,,,,,,,
,,,,,,,,,2026-08-03 00:47:05,,,,,,,,,,,,,,,,,,,,
,,,,,,,,,2026-08-03 00:47:05,,,,,,,,,,,,,,,,,,,,
