STATE,DISTRICT,STATION,TEMP,DATE_TEMP,TIME_TEMP,RH,DATE_RH,TIME_RH,LOGGED_AT (IST),EHI (in shade °C),Light Work Heat Stress Zone,EHI_350 (in shade °C),Hard Labor Heat Stress Zone,EHI_3_shade,Zone_3_shade,EHI_3_sun,Zone_3_sun,EHI_4_shade,Zone_4_shade,EHI_4_sun,Zone_4_sun,EHI_5_shade,Zone_5_shade,EHI_5_sun,Zone_5_sun,EHI_6_shade,Zone_6_shade,EHI_6_sun,Zone_6_sun
Andaman And Nicobar,Nicobar,Campbell Bay,25.8,2026-06-28,23:45:00,96.0,2026-06-28,23:45:00,2026-06-29 00:20:13,29.25,Zone 4,62.4,Zone 5,29.6,Zone 4,56.0,Zone 5,37.8,Zone 5,62.0,Zone 5,58.2,Zone 5,64.7,Zone 5,62.4,Zone 5,66.8,Zone 5
Andaman And Nicobar,Nicobar,Car Nicobar,25.6,2026-06-29,00:00:00,95.0,2026-06-28,00:00:00,2026-06-29 00:20:13,28.75,Zone 4,61.3,Zone 5,28.5,Zone 4,51.0,Zone 5,35.6,Zone 4,60.9,Zone 5,53.4,Zone 5,63.8,Zone 5,61.3,Zone 5,66.0,Zone 5
Andaman And Nicobar,Nicobar,Nancowry,26.7,2026-06-29,00:00:00,98.0,2026-06-28,00:00:00,2026-06-29 00:20:13,31.55000000000001,Zone 4,63.7,Zone 5,31.0,Zone 4,59.7,Zone 5,44.5,Zone 5,63.3,Zone 5,60.3,Zone 5,65.8,Zone 5,63.7,Zone 5,67.7,Zone 5
Andaman And Nicobar,N M Andaman,Mayabunder,26.2,2026-06-28,23:45:00,99.0,2026-06-28,23:45:00,2026-06-29 00:20:13,30.450000000000045,Zone 4,63.0,Zone 5,30.0,Zone 4,58.7,Zone 5,40.9,Zone 5,62.6,Zone 5,59.5,Zone 5,65.2,Zone 5,63.0,Zone 5,67.2,Zone 5
Andaman And Nicobar,N M Andaman,Rangat Nimbutala,26.1,2026-06-29,00:00:00,99.0,2026-06-28,00:00:00,2026-06-29 00:20:13,30.25,Zone 4,63.0,Zone 5,30.0,Zone 4,58.7,Zone 5,40.9,Zone 5,62.6,Zone 5,59.5,Zone 5,65.2,Zone 5,63.0,Zone 5,67.2,Zone 5
Andaman And Nicobar,South Andaman,Hut Bay,25.2,2026-06-29,00:00:00,99.0,2026-06-28,00:00:00,2026-06-29 00:20:13,28.25,Zone 4,61.3,Zone 5,27.9,Zone 4,50.8,Zone 5,35.0,Zone 4,60.9,Zone 5,53.2,Zone 5,63.8,Zone 5,61.3,Zone 5,66.0,Zone 5
Andaman And Nicobar,South Andaman,Shaheed Dweep,28.1,2026-06-29,00:00:00,95.0,2026-06-28,00:00:00,2026-06-29 00:20:13,34.85000000000002,Zone 4,65.6,Zone 5,34.5,Zone 4,62.0,Zone 5,56.1,Zone 5,65.2,Zone 5,62.6,Zone 5,67.5,Zone 5,65.6,Zone 5,69.1,Zone 5
Andaman And Nicobar,South Andaman,Sri Vijaya Puram Aws400,26.4,2026-06-29,00:15:00,93.0,2026-06-28,00:15:00,2026-06-29 00:20:13,30.150000000000034,Zone 4,62.6,Zone 5,30.4,Zone 4,57.0,Zone 5,38.8,Zone 5,62.2,Zone 5,59.0,Zone 5,64.9,Zone 5,62.6,Zone 5,66.9,Zone 5
Andaman And Nicobar,South Andaman,Swaraj Deep,27.2,2026-06-29,00:15:00,80.0,2026-06-28,00:15:00,2026-06-29 00:20:13,30.25,Zone 4,60.6,Zone 5,29.9,Zone 4,47.2,Zone 5,36.3,Zone 4,60.2,Zone 5,49.5,Zone 5,63.2,Zone 5,60.6,Zone 5,65.4,Zone 5
Andhra Pradesh,Alluri Sitharama Raju,Araku Valley,24.9,2026-06-29,00:00:00,93.0,2026-06-28,00:00:00,2026-06-29 00:20:13,27.25,Zone 4,60.1,Zone 5,27.4,Zone 4,45.0,Zone 5,34.1,Zone 4,59.7,Zone 5,47.3,Zone 5,62.8,Zone 5,60.1,Zone 5,65.1,Zone 5
Andhra Pradesh,Alluri Sitharama Raju,Chintapalli Amfu,22.9,2026-06-29,00:00:00,90.0,2026-06-28,00:00:00,2026-06-29 00:20:13,24.350000000000023,Zone 3,48.2,Zone 5,24.4,Zone 3,35.2,Zone 4,30.1,Zone 4,46.6,Zone 5,35.7,Zone 4,59.5,Zone 5,48.2,Zone 5,62.2,Zone 5
Andhra Pradesh,Anakapalli,Yellamanchilli Vskp,27.7,2026-06-29,00:15:00,91.0,2026-06-28,00:15:00,2026-06-29 00:20:13,32.950000000000045,Zone 4,63.9,Zone 5,32.4,Zone 4,59.9,Zone 5,45.7,Zone 5,63.5,Zone 5,60.5,Zone 5,66.0,Zone 5,63.9,Zone 5,67.8,Zone 5
Andhra Pradesh,Anantapur,Kh Govtdegcollege Dharmavaram,26.8,2026-06-29,00:15:00,73.0,2026-06-28,00:15:00,2026-06-29 00:20:13,28.850000000000023,Zone 4,58.8,Zone 5,29.1,Zone 4,40.2,Zone 4,35.2,Zone 4,57.4,Zone 5,41.9,Zone 5,61.8,Zone 5,58.8,Zone 5,64.2,Zone 5
Andhra Pradesh,Bapatla,Chirala,29.2,2026-06-29,00:15:00,74.0,2026-06-28,00:15:00,2026-06-29 00:20:13,33.450000000000045,Zone 4,62.3,Zone 5,33.0,Zone 4,55.7,Zone 5,39.7,Zone 4,61.9,Zone 5,57.8,Zone 5,64.6,Zone 5,62.3,Zone 5,66.7,Zone 5
Andhra Pradesh,Eluru,Vijayarai,26.4,2026-06-29,00:15:00,70.0,2026-06-28,00:15:00,2026-06-29 00:20:13,27.950000000000045,Zone 4,53.2,Zone 5,28.1,Zone 4,38.7,Zone 4,33.9,Zone 4,51.7,Zone 5,39.2,Zone 4,60.5,Zone 5,53.2,Zone 5,63.1,Zone 5
Andhra Pradesh,Kakinada,Kakinada,26.0,2026-06-29,00:00:00,94.0,2026-06-28,00:00:00,2026-06-29 00:20:13,29.450000000000045,Zone 4,62.0,Zone 5,29.4,Zone 4,54.1,Zone 5,36.6,Zone 4,61.6,Zone 5,56.3,Zone 5,64.4,Zone 5,62.0,Zone 5,66.5,Zone 5
Andhra Pradesh,Kakinada,Peddapuram,26.4,2026-06-29,00:00:00,,,,2026-06-29 00:20:13,,,,,,,,,,,,,,,,,,,,
Andhra Pradesh,Konaseema,Ambajipeta Arg,27.7,2026-06-29,00:00:00,100.0,2026-06-28,00:00:00,2026-06-29 00:20:13,34.75,Zone 4,65.8,Zone 5,34.1,Zone 4,62.3,Zone 5,57.3,Zone 5,65.4,Zone 5,62.9,Zone 5,67.7,Zone 5,65.8,Zone 5,69.3,Zone 5
Andhra Pradesh,Konaseema,Ambajipeta Aws,27.3,2026-06-29,00:15:00,100.0,2026-06-28,00:15:00,2026-06-29 00:20:13,33.55000000000001,Zone 4,65.8,Zone 5,34.1,Zone 4,62.3,Zone 5,57.3,Zone 5,65.4,Zone 5,62.9,Zone 5,67.7,Zone 5,65.8,Zone 5,69.3,Zone 5
Andhra Pradesh,Ntr,Mylavaram College Of  Engineer,26.1,2026-06-29,00:15:00,100.0,2026-06-28,00:15:00,2026-06-29 00:20:13,30.350000000000023,Zone 4,63.2,Zone 5,30.1,Zone 4,59.2,Zone 5,42.0,Zone 5,62.8,Zone 5,59.8,Zone 5,65.4,Zone 5,63.2,Zone 5,67.4,Zone 5
Andhra Pradesh,Palnadu,Rentachintala,25.6,2026-06-29,00:00:00,91.0,2026-06-28,00:00:00,2026-06-29 00:20:13,28.350000000000023,Zone 4,60.5,Zone 5,28.1,Zone 4,47.0,Zone 5,34.9,Zone 4,60.1,Zone 5,49.3,Zone 5,63.1,Zone 5,60.5,Zone 5,65.4,Zone 5
Andhra Pradesh,Prakasam,Cs Puram,30.9,2026-06-29,00:15:00,56.0,2026-06-28,00:15:00,2026-06-29 00:20:13,33.650000000000034,Zone 4,60.5,Zone 5,33.9,Zone 4,47.2,Zone 5,39.6,Zone 4,60.1,Zone 5,49.4,Zone 5,63.1,Zone 5,60.5,Zone 5,65.4,Zone 5
Andhra Pradesh,Srikakulam,Nagaralapeta Kalingapatnam,29.1,2026-06-29,00:15:00,92.0,2026-06-28,00:15:00,2026-06-29 00:20:13,37.75,Zone 5,66.6,Zone 5,37.0,Zone 4,63.3,Zone 5,59.7,Zone 5,66.3,Zone 5,63.9,Zone 5,68.4,Zone 5,66.6,Zone 5,69.9,Zone 5
Andhra Pradesh,Srikakulam,Ragolu,27.8,2026-06-29,00:00:00,94.0,2026-06-28,00:00:00,2026-06-29 00:20:13,33.75,Zone 4,65.4,Zone 5,34.3,Zone 4,61.8,Zone 5,54.8,Zone 5,65.0,Zone 5,62.3,Zone 5,67.3,Zone 5,65.4,Zone 5,69.0,Zone 5
Andhra Pradesh,Srikakulam,Sky College Etcherla,28.6,2026-06-29,00:00:00,72.0,2026-06-28,00:00:00,2026-06-29 00:20:13,31.950000000000045,Zone 4,61.0,Zone 5,31.7,Zone 4,49.5,Zone 5,38.0,Zone 4,60.6,Zone 5,51.8,Zone 5,63.6,Zone 5,61.0,Zone 5,65.8,Zone 5
Andhra Pradesh,Visakhapatnam,Anandapuram Arg,28.3,2026-06-29,00:00:00,73.0,2026-06-28,00:00:00,2026-06-29 00:20:13,31.450000000000045,Zone 4,61.3,Zone 5,31.9,Zone 4,50.7,Zone 5,38.3,Zone 4,60.9,Zone 5,53.0,Zone 5,63.8,Zone 5,61.3,Zone 5,65.9,Zone 5
Andhra Pradesh,Visakhapatnam,Gangavaram Port,28.9,2026-06-29,00:15:00,86.0,2026-06-28,00:15:00,2026-06-29 00:20:13,35.150000000000034,Zone 4,65.2,Zone 5,35.4,Zone 4,61.6,Zone 5,53.9,Zone 5,64.8,Zone 5,62.2,Zone 5,67.1,Zone 5,65.2,Zone 5,68.9,Zone 5
Andhra Pradesh,Visakhapatnam,Mehadrigadda Dam,38.9,2026-06-29,00:15:00,89.0,2026-06-28,00:15:00,2026-06-29 00:20:13,88.15000000000003,Zone 6,97.2,Zone 6,88.6,Zone 6,93.6,Zone 6,91.5,Zone 6,96.4,Zone 6,94.4,Zone 6,99.3,Zone 6,97.2,Zone 6,102.1,Zone 6
Andhra Pradesh,Vizianagaram,Bobbili,27.3,2026-06-29,00:15:00,91.0,2026-06-28,00:15:00,2026-06-29 00:20:13,31.950000000000045,Zone 4,63.9,Zone 5,32.4,Zone 4,59.9,Zone 5,45.7,Zone 5,63.5,Zone 5,60.5,Zone 5,66.0,Zone 5,63.9,Zone 5,67.8,Zone 5
Andhra Pradesh,Vizianagaram,Vizianagaram,28.6,2026-06-29,00:00:00,90.0,2026-06-28,00:00:00,2026-06-29 00:20:13,35.150000000000034,Zone 4,65.3,Zone 5,34.9,Zone 4,61.7,Zone 5,54.5,Zone 5,64.9,Zone 5,62.3,Zone 5,67.2,Zone 5,65.3,Zone 5,68.9,Zone 5
Andhra Pradesh,West Godavari,Bhimavaram,,,,89.0,2026-06-28,00:15:00,2026-06-29 00:20:13,,,,,,,,,,,,,,,,,,,,
Andhra Pradesh,West Godavari,Kv Gopannapalem Eluru,26.6,2026-06-29,00:15:00,56.0,2026-06-28,00:15:00,2026-06-29 00:20:13,27.25,Zone 4,41.5,Zone 4,27.1,Zone 4,36.6,Zone 4,32.2,Zone 4,41.2,Zone 4,37.0,Zone 4,54.1,Zone 5,41.5,Zone 4,60.7,Zone 5
Andhra Pradesh,West Godavari,Maruteru,29.9,2026-06-29,00:00:00,94.0,2026-06-28,00:00:00,2026-06-29 00:20:13,51.650000000000034,Zone 5,68.8,Zone 5,53.0,Zone 5,66.0,Zone 5,63.0,Zone 5,68.5,Zone 5,66.5,Zone 5,70.2,Zone 5,68.8,Zone 5,71.6,Zone 6
Andhra Pradesh,West Godavari,Narsapur,29.5,2026-06-29,00:15:00,91.0,2026-06-28,00:15:00,2026-06-29 00:20:13,40.75,Zone 5,67.3,Zone 5,40.8,Zone 5,64.1,Zone 5,60.7,Zone 5,66.9,Zone 5,64.6,Zone 5,68.9,Zone 5,67.3,Zone 5,70.4,Zone 5
Andhra Pradesh,Ysr Kadapa,Agricultural College  Badvel,31.1,2026-06-29,00:15:00,52.0,2026-06-28,00:15:00,2026-06-29 00:20:13,33.35000000000002,Zone 4,59.4,Zone 5,33.2,Zone 4,43.3,Zone 4,38.7,Zone 4,58.9,Zone 5,43.9,Zone 5,62.2,Zone 5,59.4,Zone 5,64.5,Zone 5
Arunachal Pradesh,Anjaw,Hayuliang Circle,21.4,2026-06-29,00:15:00,87.0,2026-06-28,00:15:00,2026-06-29 00:20:13,22.55000000000001,Zone 3,37.8,Zone 4,22.6,Zone 3,32.5,Zone 4,27.7,Zone 4,37.5,Zone 4,32.9,Zone 4,51.2,Zone 5,37.8,Zone 4,60.0,Zone 5
Arunachal Pradesh,Anjaw,Kibitoo Circle,18.6,2026-06-28,23:30:00,88.0,2026-06-28,23:30:00,2026-06-29 00:20:13,19.25,Zone 3,33.4,Zone 4,19.1,Zone 3,28.7,Zone 4,24.5,Zone 3,33.2,Zone 4,28.9,Zone 4,37.6,Zone 4,33.4,Zone 4,50.3,Zone 5
Arunachal Pradesh,Changlang,Miao,24.6,2026-06-29,00:00:00,100.0,2026-06-28,00:00:00,2026-06-29 00:20:13,27.25,Zone 4,60.7,Zone 5,27.0,Zone 4,47.6,Zone 5,34.0,Zone 4,60.2,Zone 5,50.0,Zone 5,63.2,Zone 5,60.7,Zone 5,65.5,Zone 5
Arunachal Pradesh,East Kameng,Seppa Pampoli,29.3,2026-06-29,00:15:00,92.0,2026-06-28,00:15:00,2026-06-29 00:20:13,40.05000000000001,Zone 5,67.5,Zone 5,42.5,Zone 5,64.4,Zone 5,61.0,Zone 5,67.1,Zone 5,64.9,Zone 5,69.1,Zone 5,67.5,Zone 5,70.5,Zone 5
Arunachal Pradesh,Kurung Kumey,Koloraing,21.9,2026-06-29,00:15:00,100.0,2026-06-28,00:15:00,2026-06-29 00:20:13,23.650000000000034,Zone 3,49.1,Zone 5,23.7,Zone 3,34.5,Zone 4,29.3,Zone 4,47.5,Zone 5,35.0,Zone 4,59.7,Zone 5,49.1,Zone 5,62.4,Zone 5
Arunachal Pradesh,Kurung Kumey,Nyapin,21.1,2026-06-29,00:15:00,100.0,2026-06-28,00:15:00,2026-06-29 00:20:13,22.75,Zone 3,42.5,Zone 5,22.6,Zone 3,32.8,Zone 4,27.7,Zone 4,41.2,Zone 5,33.3,Zone 4,56.3,Zone 5,42.5,Zone 5,61.2,Zone 5
Arunachal Pradesh,Leparada,Basar,23.2,2026-06-29,00:15:00,100.0,2026-06-28,00:15:00,2026-06-29 00:20:13,24.950000000000045,Zone 3,55.8,Zone 5,24.8,Zone 3,36.7,Zone 5,31.0,Zone 4,54.3,Zone 5,38.5,Zone 5,61.1,Zone 5,55.8,Zone 5,63.6,Zone 5
Arunachal Pradesh,Lohit,Wakro,24.1,2026-06-29,00:15:00,96.0,2026-06-28,00:15:00,2026-06-29 00:20:13,26.05000000000001,Zone 4,59.0,Zone 5,25.9,Zone 4,40.2,Zone 5,32.5,Zone 4,57.7,Zone 5,42.3,Zone 5,61.8,Zone 5,59.0,Zone 5,64.3,Zone 5
Arunachal Pradesh,Longding,Longding,24.7,2026-06-29,00:00:00,,,,2026-06-29 00:20:13,,,,,,,,,,,,,,,,,,,,
Arunachal Pradesh,Longding,Longding New,23.4,2026-06-29,00:15:00,100.0,2026-06-28,00:15:00,2026-06-29 00:20:13,25.150000000000034,Zone 3,58.9,Zone 5,25.3,Zone 3,39.9,Zone 5,31.9,Zone 4,57.4,Zone 5,42.0,Zone 5,61.8,Zone 5,58.9,Zone 5,64.2,Zone 5
Arunachal Pradesh,Lower Siang,Kangku,25.8,2026-06-29,00:15:00,99.0,2026-06-28,00:15:00,2026-06-29 00:20:13,29.55000000000001,Zone 4,63.0,Zone 5,30.0,Zone 4,58.7,Zone 5,40.9,Zone 5,62.6,Zone 5,59.5,Zone 5,65.2,Zone 5,63.0,Zone 5,67.2,Zone 5
Arunachal Pradesh,Lower Subansiri,Deed,,,,100.0,2026-06-28,00:15:00,2026-06-29 00:20:13,,,,,,,,,,,,,,,,,,,,
Arunachal Pradesh,Lower Subansiri,Ziro Manipolyang,20.0,2026-06-29,00:15:00,90.0,2026-06-28,00:15:00,2026-06-29 00:20:13,21.05000000000001,Zone 3,35.7,Zone 4,21.0,Zone 3,30.7,Zone 4,25.9,Zone 4,35.4,Zone 4,31.0,Zone 4,45.0,Zone 5,35.7,Zone 4,57.9,Zone 5
Arunachal Pradesh,Namsai,Lekang,23.1,2026-06-29,00:00:00,94.0,2026-06-28,00:00:00,2026-06-29 00:20:13,24.650000000000034,Zone 3,51.3,Zone 5,24.6,Zone 3,35.7,Zone 4,30.5,Zone 4,49.7,Zone 5,36.2,Zone 4,60.1,Zone 5,51.3,Zone 5,62.8,Zone 5
Arunachal Pradesh,Namsai,Namsai Kvk,24.0,2026-06-29,00:15:00,100.0,2026-06-28,00:15:00,2026-06-29 00:20:13,26.150000000000034,Zone 4,59.8,Zone 5,26.1,Zone 4,43.6,Zone 5,32.9,Zone 4,59.4,Zone 5,45.9,Zone 5,62.5,Zone 5,59.8,Zone 5,64.8,Zone 5
Arunachal Pradesh,Papumpare,Itanagar,25.9,2026-06-29,00:15:00,100.0,2026-06-28,00:15:00,2026-06-29 00:20:13,29.850000000000023,Zone 4,63.2,Zone 5,30.1,Zone 4,59.2,Zone 5,42.0,Zone 5,62.8,Zone 5,59.8,Zone 5,65.4,Zone 5,63.2,Zone 5,67.4,Zone 5
Arunachal Pradesh,Papumpare,Yupia,26.4,2026-06-29,00:00:00,94.0,2026-06-28,00:00:00,2026-06-29 00:20:13,30.25,Zone 4,62.8,Zone 5,30.5,Zone 4,57.9,Zone 5,39.9,Zone 5,62.4,Zone 5,59.3,Zone 5,65.1,Zone 5,62.8,Zone 5,67.1,Zone 5
Arunachal Pradesh,Shiyomi,Lamang 2,,,,97.0,2026-06-28,23:30:00,2026-06-29 00:20:13,,,,,,,,,,,,,,,,,,,,
Arunachal Pradesh,Tawang,Domane,,,,97.0,2026-06-28,23:30:00,2026-06-29 00:20:13,,,,,,,,,,,,,,,,,,,,
Arunachal Pradesh,Tirap,Deomali,24.8,2026-06-29,00:00:00,100.0,2026-06-28,00:00:00,2026-06-29 00:20:13,27.55000000000001,Zone 4,61.5,Zone 5,28.0,Zone 4,51.8,Zone 5,35.2,Zone 4,61.1,Zone 5,54.1,Zone 5,64.0,Zone 5,61.5,Zone 5,66.1,Zone 5
Arunachal Pradesh,Tirap,Longding,23.2,2026-06-29,00:00:00,,,,2026-06-29 00:20:13,,,,,,,,,,,,,,,,,,,,
Arunachal Pradesh,Upper Siang,Tenali,15.0,2026-06-28,23:30:00,100.0,2026-06-28,23:30:00,2026-06-29 00:20:13,15.25,Zone 3,29.8,Zone 4,15.3,Zone 3,25.3,Zone 3,22.0,Zone 3,29.6,Zone 4,25.4,Zone 4,33.8,Zone 4,29.8,Zone 4,40.0,Zone 5
Arunachal Pradesh,Upper Siang,Yingkiong,24.7,2026-06-29,00:00:00,9.0,2026-06-28,00:00:00,2026-06-29 00:20:13,22.25,Zone 3,33.9,Zone 4,22.0,Zone 3,30.6,Zone 4,27.1,Zone 4,33.9,Zone 4,30.6,Zone 4,37.0,Zone 4,33.9,Zone 4,40.1,Zone 4
Arunachal Pradesh,Upper Subhanseri,Daporijo,26.4,2026-06-29,00:15:00,95.0,2026-06-28,00:15:00,2026-06-29 00:20:13,30.450000000000045,Zone 4,63.0,Zone 5,30.6,Zone 4,58.8,Zone 5,41.0,Zone 5,62.6,Zone 5,59.5,Zone 5,65.3,Zone 5,63.0,Zone 5,67.2,Zone 5
Arunachal Pradesh,West Kameng,Bomdila,25.8,2026-06-29,00:00:00,,,,2026-06-29 00:20:13,,,,,,,,,,,,,,,,,,,,
Arunachal Pradesh,West Kameng,Dirang,23.2,2026-06-29,00:00:00,100.0,2026-06-28,00:15:00,2026-06-29 00:20:13,24.950000000000045,Zone 3,55.8,Zone 5,24.8,Zone 3,36.7,Zone 5,31.0,Zone 4,54.3,Zone 5,38.5,Zone 5,61.1,Zone 5,55.8,Zone 5,63.6,Zone 5
Arunachal Pradesh,West Kameng,Dirang,19.7,2026-06-29,00:15:00,100.0,2026-06-28,00:15:00,2026-06-29 00:20:13,21.150000000000034,Zone 3,35.9,Zone 4,20.9,Zone 3,30.6,Zone 4,25.7,Zone 4,35.5,Zone 4,30.9,Zone 4,48.0,Zone 5,35.9,Zone 4,59.4,Zone 5
Arunachal Pradesh,West Kameng,Kalaktang,21.3,2026-06-29,00:00:00,46.0,2026-06-28,00:00:00,2026-06-29 00:20:13,20.350000000000023,Zone 3,34.0,Zone 4,20.6,Zone 3,30.0,Zone 4,25.9,Zone 4,33.9,Zone 4,30.1,Zone 4,37.6,Zone 4,34.0,Zone 4,41.2,Zone 4
Arunachal Pradesh,West Siang,Along,25.2,2026-06-29,00:00:00,100.0,2026-06-28,00:00:00,2026-06-29 00:20:13,28.350000000000023,Zone 4,61.5,Zone 5,28.0,Zone 4,51.8,Zone 5,35.2,Zone 4,61.1,Zone 5,54.1,Zone 5,64.0,Zone 5,61.5,Zone 5,66.1,Zone 5
Assam,Barpeta,Bajali University,27.2,2026-06-29,00:15:00,100.0,2026-06-28,00:15:00,2026-06-29 00:20:13,33.25,Zone 4,65.0,Zone 5,32.7,Zone 4,61.3,Zone 5,52.3,Zone 5,64.6,Zone 5,61.8,Zone 5,66.9,Zone 5,65.0,Zone 5,68.7,Zone 5
Assam,Barpeta,Barpeta Kvk,27.1,2026-06-29,00:15:00,100.0,2026-06-28,00:15:00,2026-06-29 00:20:13,32.950000000000045,Zone 4,65.0,Zone 5,32.7,Zone 4,61.3,Zone 5,52.3,Zone 5,64.6,Zone 5,61.8,Zone 5,66.9,Zone 5,65.0,Zone 5,68.7,Zone 5
Assam,Bongaigaon,Bongaigaon,26.7,2026-06-29,00:00:00,78.0,2026-06-28,00:00:00,2026-06-29 00:20:13,29.150000000000034,Zone 4,59.3,Zone 5,28.8,Zone 4,41.4,Zone 5,35.0,Zone 4,58.7,Zone 5,43.5,Zone 5,62.1,Zone 5,59.3,Zone 5,64.5,Zone 5
Assam,Charaideo,Sonari Aegcl,,,,100.0,2026-06-28,00:15:00,2026-06-29 00:20:13,,,,,,,,,,,,,,,,,,,,
Assam,Darrang,Garukhuti,27.1,2026-06-29,00:15:00,,,,2026-06-29 00:20:13,,,,,,,,,,,,,,,,,,,,
Assam,Darrang,Mangaldai,26.3,2026-06-29,00:00:00,84.0,2026-06-28,00:00:00,2026-06-29 00:20:13,28.950000000000045,Zone 4,60.6,Zone 5,29.3,Zone 4,47.6,Zone 5,36.0,Zone 4,60.2,Zone 5,50.0,Zone 5,63.2,Zone 5,60.6,Zone 5,65.5,Zone 5
Assam,Dhemaji,Silapathar Science College,25.5,2026-06-29,00:15:00,100.0,2026-06-28,00:15:00,2026-06-29 00:20:13,29.05000000000001,Zone 4,62.4,Zone 5,29.0,Zone 4,55.9,Zone 5,37.6,Zone 5,62.0,Zone 5,58.0,Zone 5,64.7,Zone 5,62.4,Zone 5,66.7,Zone 5
Assam,Dhubri,Agomani,27.1,2026-06-29,00:15:00,,,,2026-06-29 00:20:13,,,,,,,,,,,,,,,,,,,,
Assam,Dhubri,Gauripur Aegcl,27.2,2026-06-29,00:15:00,,,,2026-06-29 00:20:13,,,,,,,,,,,,,,,,,,,,
Assam,Dibrugarh,Bcpl Dibrugarh,,,,100.0,2026-06-28,00:00:00,2026-06-29 00:20:13,,,,,,,,,,,,,,,,,,,,
Assam,Dibrugarh,Dc Ofc Dibrugarh,25.3,2026-06-29,00:00:00,100.0,2026-06-28,00:00:00,2026-06-29 00:20:13,28.55000000000001,Zone 4,62.4,Zone 5,29.0,Zone 4,55.9,Zone 5,37.6,Zone 5,62.0,Zone 5,58.0,Zone 5,64.7,Zone 5,62.4,Zone 5,66.7,Zone 5
Assam,Dibrugarh,Lahowal,,,,12.0,2026-06-28,00:00:00,2026-06-29 00:20:13,,,,,,,,,,,,,,,,,,,,
Assam,Dima Hasao,Haflong,23.8,2026-06-29,00:00:00,87.0,2026-06-28,00:00:00,2026-06-29 00:20:13,25.150000000000034,Zone 3,52.3,Zone 5,25.4,Zone 4,36.6,Zone 4,31.5,Zone 4,50.7,Zone 5,37.2,Zone 4,60.3,Zone 5,52.3,Zone 5,63.0,Zone 5
Assam,Dima Hasao,Haflong Aegcl,24.6,2026-06-29,00:15:00,100.0,2026-06-28,00:15:00,2026-06-29 00:20:13,27.25,Zone 4,60.7,Zone 5,27.0,Zone 4,47.6,Zone 5,34.0,Zone 4,60.2,Zone 5,50.0,Zone 5,63.2,Zone 5,60.7,Zone 5,65.5,Zone 5
Assam,Dima Hasao,Lkhep,25.7,2026-06-28,23:45:00,99.0,2026-06-28,23:45:00,2026-06-29 00:20:13,29.350000000000023,Zone 4,62.2,Zone 5,28.9,Zone 4,54.9,Zone 5,36.7,Zone 5,61.7,Zone 5,57.1,Zone 5,64.5,Zone 5,62.2,Zone 5,66.6,Zone 5
Assam,Golaghat,Cnb Collage Bokakhat,27.7,2026-06-29,00:15:00,100.0,2026-06-28,00:15:00,2026-06-29 00:20:13,34.75,Zone 4,65.8,Zone 5,34.1,Zone 4,62.3,Zone 5,57.3,Zone 5,65.4,Zone 5,62.9,Zone 5,67.7,Zone 5,65.8,Zone 5,69.3,Zone 5
Assam,Hailakandi,Panchgram Aegcl,26.8,2026-06-29,00:15:00,98.0,2026-06-28,00:15:00,2026-06-29 00:20:13,31.75,Zone 4,64.5,Zone 5,32.3,Zone 4,60.7,Zone 5,49.7,Zone 5,64.1,Zone 5,61.3,Zone 5,66.5,Zone 5,64.5,Zone 5,68.3,Zone 5
Assam,Hajoi,Lumding,27.4,2026-06-29,00:00:00,82.0,2026-06-28,00:00:00,2026-06-29 00:20:13,30.850000000000023,Zone 4,61.8,Zone 5,31.1,Zone 4,53.3,Zone 5,37.9,Zone 4,61.4,Zone 5,55.6,Zone 5,64.2,Zone 5,61.8,Zone 5,66.3,Zone 5
Assam,Jorhat,Mariyani Aegcl,26.6,2026-06-29,00:15:00,100.0,2026-06-28,00:15:00,2026-06-29 00:20:13,31.55000000000001,Zone 4,64.1,Zone 5,31.3,Zone 4,60.2,Zone 5,47.0,Zone 5,63.7,Zone 5,60.8,Zone 5,66.2,Zone 5,64.1,Zone 5,68.0,Zone 5
Assam,Kamrup,Amingaon,27.4,2026-06-29,00:15:00,74.0,2026-06-28,00:15:00,2026-06-29 00:20:13,29.950000000000045,Zone 4,60.0,Zone 5,30.1,Zone 4,44.3,Zone 5,36.3,Zone 4,59.6,Zone 5,46.6,Zone 5,62.6,Zone 5,60.0,Zone 5,65.0,Zone 5
Assam,Kamrup,Boko Aegcl,27.2,2026-06-29,00:15:00,100.0,2026-06-28,00:15:00,2026-06-29 00:20:13,33.25,Zone 4,65.0,Zone 5,32.7,Zone 4,61.3,Zone 5,52.3,Zone 5,64.6,Zone 5,61.8,Zone 5,66.9,Zone 5,65.0,Zone 5,68.7,Zone 5
Assam,Kamrup,Chandubi,29.1,2026-06-29,00:15:00,,,,2026-06-29 00:20:13,,,,,,,,,,,,,,,,,,,,
Assam,Kamrup,Kukurmara Mirza Aegcl,26.9,2026-06-29,00:15:00,100.0,2026-06-28,00:15:00,2026-06-29 00:20:13,32.35000000000002,Zone 4,65.0,Zone 5,32.7,Zone 4,61.3,Zone 5,52.3,Zone 5,64.6,Zone 5,61.8,Zone 5,66.9,Zone 5,65.0,Zone 5,68.7,Zone 5
Assam,Kamrup Metropolitan,Aau Hrs,27.4,2026-06-29,00:00:00,98.0,2026-06-28,00:00:00,2026-06-29 00:20:13,33.450000000000045,Zone 4,65.4,Zone 5,33.7,Zone 4,61.8,Zone 5,54.9,Zone 5,65.0,Zone 5,62.4,Zone 5,67.3,Zone 5,65.4,Zone 5,69.0,Zone 5
Assam,Kamrup Metropolitan,Down Town University,27.0,2026-06-29,00:15:00,100.0,2026-06-28,00:15:00,2026-06-29 00:20:13,32.650000000000034,Zone 4,65.0,Zone 5,32.7,Zone 4,61.3,Zone 5,52.3,Zone 5,64.6,Zone 5,61.8,Zone 5,66.9,Zone 5,65.0,Zone 5,68.7,Zone 5
Assam,Kamrup Metropolitan,Gauhati University,27.1,2026-06-29,00:00:00,,,,2026-06-29 00:20:13,,,,,,,,,,,,,,,,,,,,
Assam,Kamrup Metropolitan,Guwahati,27.3,2026-06-29,00:00:00,88.0,2026-06-28,00:00:00,2026-06-29 00:20:13,31.450000000000045,Zone 4,63.2,Zone 5,31.9,Zone 4,59.1,Zone 5,41.8,Zone 5,62.8,Zone 5,59.7,Zone 5,65.4,Zone 5,63.2,Zone 5,67.4,Zone 5
Assam,Kamrup Metropolitan,Guwahati City,27.7,2026-06-29,00:15:00,100.0,2026-06-28,00:15:00,2026-06-29 00:20:13,34.75,Zone 4,65.8,Zone 5,34.1,Zone 4,62.3,Zone 5,57.3,Zone 5,65.4,Zone 5,62.9,Zone 5,67.7,Zone 5,65.8,Zone 5,69.3,Zone 5
Assam,Kamrup Metropolitan,Kalakshetra,28.7,2026-06-29,00:00:00,,,,2026-06-29 00:20:13,,,,,,,,,,,,,,,,,,,,
Assam,Kamrup Metropolitan,Kamakhya,28.2,2026-06-29,00:15:00,95.0,2026-06-28,00:15:00,2026-06-29 00:20:13,35.150000000000034,Zone 4,65.6,Zone 5,34.5,Zone 4,62.0,Zone 5,56.1,Zone 5,65.2,Zone 5,62.6,Zone 5,67.5,Zone 5,65.6,Zone 5,69.1,Zone 5
Assam,Kamrup Metropolitan,N Ght College,28.4,2026-06-29,00:15:00,98.0,2026-06-28,00:15:00,2026-06-29 00:20:13,38.75,Zone 5,67.1,Zone 5,39.9,Zone 5,63.9,Zone 5,60.5,Zone 5,66.8,Zone 5,64.5,Zone 5,68.8,Zone 5,67.1,Zone 5,70.3,Zone 5
Assam,Kamrup Metropolitan,Sonapur,27.2,2026-06-29,00:00:00,,,,2026-06-29 00:20:13,,,,,,,,,,,,,,,,,,,,
Assam,Kamrup Metropolitan,Vcbc Rani,26.7,2026-06-29,00:00:00,100.0,2026-06-28,00:00:00,2026-06-29 00:20:13,31.850000000000023,Zone 4,64.1,Zone 5,31.3,Zone 4,60.2,Zone 5,47.0,Zone 5,63.7,Zone 5,60.8,Zone 5,66.2,Zone 5,64.1,Zone 5,68.0,Zone 5
Assam,Karbi Anglong(East),Bakulia,28.7,2026-06-29,00:00:00,84.0,2026-06-28,00:00:00,2026-06-29 00:20:13,34.150000000000034,Zone 4,63.9,Zone 5,33.7,Zone 4,60.0,Zone 5,46.1,Zone 5,63.5,Zone 5,60.6,Zone 5,66.0,Zone 5,63.9,Zone 5,67.9,Zone 5
Assam,Karbi Anglong(East),Diphu,27.4,2026-06-29,00:00:00,92.0,2026-06-28,00:00:00,2026-06-29 00:20:13,32.35000000000002,Zone 4,64.1,Zone 5,32.6,Zone 4,60.2,Zone 5,47.0,Zone 5,63.7,Zone 5,60.8,Zone 5,66.2,Zone 5,64.1,Zone 5,68.0,Zone 5
Assam,Karbi Anglong(West),Habang Circle,20.8,2026-06-29,00:15:00,100.0,2026-06-28,00:15:00,2026-06-29 00:20:13,22.350000000000023,Zone 3,42.5,Zone 5,22.6,Zone 3,32.8,Zone 4,27.7,Zone 4,41.2,Zone 5,33.3,Zone 4,56.3,Zone 5,42.5,Zone 5,61.2,Zone 5
Assam,Karbi Anglong(West),Kheronighat,26.4,2026-06-29,00:00:00,84.0,2026-06-28,00:00:00,2026-06-29 00:20:13,29.150000000000034,Zone 4,60.6,Zone 5,29.3,Zone 4,47.6,Zone 5,36.0,Zone 4,60.2,Zone 5,50.0,Zone 5,63.2,Zone 5,60.6,Zone 5,65.5,Zone 5
Assam,Karbi Anglong(West),Umlapher,20.9,2026-06-29,00:15:00,100.0,2026-06-28,00:15:00,2026-06-29 00:20:13,22.55000000000001,Zone 3,42.5,Zone 5,22.6,Zone 3,32.8,Zone 4,27.7,Zone 4,41.2,Zone 5,33.3,Zone 4,56.3,Zone 5,42.5,Zone 5,61.2,Zone 5
Assam,Karbi Anglong(West),Umpanai Apdcl,23.6,2026-06-29,00:15:00,100.0,2026-06-28,00:15:00,2026-06-29 00:20:13,25.450000000000045,Zone 4,58.9,Zone 5,25.3,Zone 3,39.9,Zone 5,31.9,Zone 4,57.4,Zone 5,42.0,Zone 5,61.8,Zone 5,58.9,Zone 5,64.2,Zone 5
Assam,Karimganj,Harinagar,,,,16.0,2026-06-28,00:00:00,2026-06-29 00:20:13,,,,,,,,,,,,,,,,,,,,
Assam,Karimganj,Karimganj Amfu,27.4,2026-06-29,00:00:00,100.0,2026-06-28,00:00:00,2026-06-29 00:20:13,33.85000000000002,Zone 4,65.8,Zone 5,34.1,Zone 4,62.3,Zone 5,57.3,Zone 5,65.4,Zone 5,62.9,Zone 5,67.7,Zone 5,65.8,Zone 5,69.3,Zone 5
Assam,Kokrajhar,Salakati Aegcl,27.0,2026-06-29,00:15:00,100.0,2026-06-28,00:15:00,2026-06-29 00:20:13,32.650000000000034,Zone 4,65.0,Zone 5,32.7,Zone 4,61.3,Zone 5,52.3,Zone 5,64.6,Zone 5,61.8,Zone 5,66.9,Zone 5,65.0,Zone 5,68.7,Zone 5
Assam,Majuli,Majuli,26.4,2026-06-29,00:15:00,100.0,2026-06-28,00:15:00,2026-06-29 00:20:13,31.05000000000001,Zone 4,64.1,Zone 5,31.3,Zone 4,60.2,Zone 5,47.0,Zone 5,63.7,Zone 5,60.8,Zone 5,66.2,Zone 5,64.1,Zone 5,68.0,Zone 5
Assam,Marigaon,Dharamtul,28.1,2026-06-29,00:00:00,97.0,2026-06-28,00:00:00,2026-06-29 00:20:13,35.35000000000002,Zone 4,66.0,Zone 5,35.0,Zone 4,62.6,Zone 5,58.5,Zone 5,65.7,Zone 5,63.1,Zone 5,67.8,Zone 5,66.0,Zone 5,69.5,Zone 5
Assam,Marigaon,Laharighat,28.1,2026-06-29,00:00:00,86.0,2026-06-28,00:00:00,2026-06-29 00:20:13,33.05000000000001,Zone 4,63.6,Zone 5,32.8,Zone 4,59.6,Zone 5,43.9,Zone 5,63.2,Zone 5,60.2,Zone 5,65.7,Zone 5,63.6,Zone 5,67.6,Zone 5
Assam,Marigaon,Marigaon,28.7,2026-06-29,00:00:00,100.0,2026-06-28,00:00:00,2026-06-29 00:20:13,45.75,Zone 5,67.6,Zone 5,43.1,Zone 5,64.5,Zone 5,61.2,Zone 5,67.2,Zone 5,65.0,Zone 5,69.2,Zone 5,67.6,Zone 5,70.6,Zone 5
Assam,Nagaon,Kampur,25.2,2026-06-29,00:00:00,84.0,2026-06-28,00:00:00,2026-06-29 00:20:13,27.05000000000001,Zone 4,56.2,Zone 5,26.8,Zone 4,38.1,Zone 4,33.0,Zone 4,54.7,Zone 5,38.9,Zone 5,61.2,Zone 5,56.2,Zone 5,63.7,Zone 5
Assam,Nagaon,Samaguri Aegcl,27.4,2026-06-29,00:15:00,100.0,2026-06-28,00:15:00,2026-06-29 00:20:13,33.85000000000002,Zone 4,65.8,Zone 5,34.1,Zone 4,62.3,Zone 5,57.3,Zone 5,65.4,Zone 5,62.9,Zone 5,67.7,Zone 5,65.8,Zone 5,69.3,Zone 5
Assam,Nalbari,Chamata,33.2,2026-06-29,00:00:00,15.0,2026-06-28,00:00:00,2026-06-29 00:20:13,31.05000000000001,Zone 4,41.8,Zone 4,30.9,Zone 4,38.2,Zone 4,34.8,Zone 4,41.7,Zone 4,38.4,Zone 4,45.0,Zone 4,41.8,Zone 4,52.0,Zone 5
Assam,Nalbari,Nalbari,37.3,2026-06-29,00:00:00,,,,2026-06-29 00:20:13,,,,,,,,,,,,,,,,,,,,
Assam,Nalbari,Nalbari Kvk,27.5,2026-06-29,00:15:00,98.0,2026-06-28,00:15:00,2026-06-29 00:20:13,33.75,Zone 4,65.4,Zone 5,33.7,Zone 4,61.8,Zone 5,54.9,Zone 5,65.0,Zone 5,62.4,Zone 5,67.3,Zone 5,65.4,Zone 5,69.0,Zone 5
Assam,Nalbari,Tihu,28.1,2026-06-29,00:00:00,83.0,2026-06-28,00:00:00,2026-06-29 00:20:13,32.55000000000001,Zone 4,62.9,Zone 5,32.3,Zone 4,58.1,Zone 5,40.1,Zone 5,62.5,Zone 5,59.3,Zone 5,65.1,Zone 5,62.9,Zone 5,67.1,Zone 5
Assam,Sivasagar,Sivsagar Aegcl,25.4,2026-06-29,00:15:00,100.0,2026-06-28,00:15:00,2026-06-29 00:20:13,28.75,Zone 4,62.4,Zone 5,29.0,Zone 4,55.9,Zone 5,37.6,Zone 5,62.0,Zone 5,58.0,Zone 5,64.7,Zone 5,62.4,Zone 5,66.7,Zone 5
Assam,Sonitpur,Dhekiajuli Aegcl,28.0,2026-06-28,23:30:00,97.0,2026-06-28,23:30:00,2026-06-29 00:20:13,35.05000000000001,Zone 4,66.0,Zone 5,35.0,Zone 4,62.6,Zone 5,58.5,Zone 5,65.7,Zone 5,63.1,Zone 5,67.8,Zone 5,66.0,Zone 5,69.5,Zone 5
Assam,Sonitpur,Ghoramara Aegcl,27.3,2026-06-29,00:15:00,96.0,2026-06-28,00:15:00,2026-06-29 00:20:13,32.75,Zone 4,65.0,Zone 5,33.3,Zone 4,61.3,Zone 5,52.3,Zone 5,64.6,Zone 5,61.8,Zone 5,66.9,Zone 5,65.0,Zone 5,68.7,Zone 5
Assam,Tamulpur,Mushalpur,25.7,2026-06-29,00:00:00,,,,2026-06-29 00:20:13,,,,,,,,,,,,,,,,,,,,
Assam,Tinsukia,Margherita,25.0,2026-06-29,00:15:00,100.0,2026-06-28,00:15:00,2026-06-29 00:20:13,27.950000000000045,Zone 4,61.5,Zone 5,28.0,Zone 4,51.8,Zone 5,35.2,Zone 4,61.1,Zone 5,54.1,Zone 5,64.0,Zone 5,61.5,Zone 5,66.1,Zone 5
Assam,Tinsukia,Rupai Aegcl,24.2,2026-06-29,00:15:00,100.0,2026-06-28,00:15:00,2026-06-29 00:20:13,26.450000000000045,Zone 4,59.8,Zone 5,26.1,Zone 4,43.6,Zone 5,32.9,Zone 4,59.4,Zone 5,45.9,Zone 5,62.5,Zone 5,59.8,Zone 5,64.8,Zone 5
Assam,Tinsukia,Tinsukia,24.7,2026-06-29,00:00:00,95.0,2026-06-28,00:00:00,2026-06-29 00:20:13,27.05000000000001,Zone 4,59.7,Zone 5,26.7,Zone 4,43.0,Zone 5,33.4,Zone 4,59.3,Zone 5,45.2,Zone 5,62.4,Zone 5,59.7,Zone 5,64.7,Zone 5
Assam,Udalguri,Rowta Aegcl,26.2,2026-06-29,00:15:00,100.0,2026-06-28,00:15:00,2026-06-29 00:20:13,30.55000000000001,Zone 4,63.2,Zone 5,30.1,Zone 4,59.2,Zone 5,42.0,Zone 5,62.8,Zone 5,59.8,Zone 5,65.4,Zone 5,63.2,Zone 5,67.4,Zone 5
Assam,Udalguri,Udalguri,23.6,2026-06-29,00:00:00,80.0,2026-06-28,00:00:00,2026-06-29 00:20:13,24.650000000000034,Zone 3,43.4,Zone 5,24.6,Zone 3,34.9,Zone 4,30.1,Zone 4,42.1,Zone 5,35.4,Zone 4,57.1,Zone 5,43.4,Zone 5,61.3,Zone 5
Assam,Udalguri,Udi Kvk,26.6,2026-06-29,00:15:00,,,,2026-06-29 00:20:13,,,,,,,,,,,,,,,,,,,,
Bihar,Arwal,Arwal Aws400,30.1,2026-06-29,00:15:00,67.0,2026-06-28,00:15:00,2026-06-29 00:20:13,34.150000000000034,Zone 4,62.1,Zone 5,33.9,Zone 4,54.6,Zone 5,40.3,Zone 4,61.7,Zone 5,56.8,Zone 5,64.5,Zone 5,62.1,Zone 5,66.5,Zone 5
Bihar,Aurangabad,Aurangabad Kvk,31.4,2026-06-29,00:15:00,59.0,2026-06-28,00:15:00,2026-06-29 00:20:13,35.25,Zone 4,62.1,Zone 5,35.4,Zone 4,54.9,Zone 5,41.5,Zone 4,61.7,Zone 5,57.0,Zone 5,64.5,Zone 5,62.1,Zone 5,66.6,Zone 5
Bihar,Bhojpur,Bhojpur Amfu,,,,77.0,2026-06-28,00:00:00,2026-06-29 00:20:13,,,,,,,,,,,,,,,,,,,,
Bihar,Buxar,Buxar,32.2,2026-06-29,00:00:00,68.0,2026-06-28,00:00:00,2026-06-29 00:20:13,39.55000000000001,Zone 4,65.5,Zone 5,38.9,Zone 4,61.9,Zone 5,55.3,Zone 5,65.1,Zone 5,62.4,Zone 5,67.4,Zone 5,65.5,Zone 5,69.0,Zone 5
Bihar,Buxar,Dumaraon,30.1,2026-06-29,00:15:00,75.0,2026-06-28,00:15:00,2026-06-29 00:20:13,35.75,Zone 4,64.2,Zone 5,35.5,Zone 4,60.3,Zone 5,47.5,Zone 5,63.8,Zone 5,60.9,Zone 5,66.2,Zone 5,64.2,Zone 5,68.1,Zone 5
Bihar,Darbhanga,Darbhanga Aws400,25.9,2026-06-29,00:15:00,100.0,2026-06-28,00:15:00,2026-06-29 00:20:13,29.850000000000023,Zone 4,63.2,Zone 5,30.1,Zone 4,59.2,Zone 5,42.0,Zone 5,62.8,Zone 5,59.8,Zone 5,65.4,Zone 5,63.2,Zone 5,67.4,Zone 5
Bihar,East Champaran,East Champaran Kvk,,,,7.0,2026-06-28,00:15:00,2026-06-29 00:20:13,,,,,,,,,,,,,,,,,,,,
Bihar,Gaya,Bodhgaya,28.0,2026-06-29,00:15:00,79.0,2026-06-28,00:15:00,2026-06-29 00:20:13,31.650000000000034,Zone 4,61.9,Zone 5,31.7,Zone 4,53.9,Zone 5,38.4,Zone 4,61.5,Zone 5,56.1,Zone 5,64.3,Zone 5,61.9,Zone 5,66.4,Zone 5
Bihar,Jehanabad,Jehanabad,30.2,2026-06-29,00:00:00,81.0,2026-06-28,00:00:00,2026-06-29 00:20:13,37.650000000000034,Zone 4,65.7,Zone 5,37.0,Zone 4,62.1,Zone 5,56.5,Zone 5,65.3,Zone 5,62.7,Zone 5,67.5,Zone 5,65.7,Zone 5,69.2,Zone 5
Bihar,Kaimur,Bhabua,30.0,2026-06-29,00:00:00,86.0,2026-06-28,00:00:00,2026-06-29 00:20:13,38.55000000000001,Zone 4,66.9,Zone 5,38.6,Zone 4,63.6,Zone 5,60.2,Zone 5,66.5,Zone 5,64.2,Zone 5,68.6,Zone 5,66.9,Zone 5,70.1,Zone 5
Bihar,Kishanganj,Arrabari,27.1,2026-06-29,00:15:00,100.0,2026-06-28,00:15:00,2026-06-29 00:20:13,32.950000000000045,Zone 4,65.0,Zone 5,32.7,Zone 4,61.3,Zone 5,52.3,Zone 5,64.6,Zone 5,61.8,Zone 5,66.9,Zone 5,65.0,Zone 5,68.7,Zone 5
Bihar,Madhepura,Madhepura,28.7,2026-06-29,00:15:00,91.0,2026-06-28,00:15:00,2026-06-29 00:20:13,35.75,Zone 4,65.5,Zone 5,35.1,Zone 4,62.0,Zone 5,55.8,Zone 5,65.2,Zone 5,62.5,Zone 5,67.4,Zone 5,65.5,Zone 5,69.1,Zone 5
Bihar,Madhubani,Sukhet,26.1,2026-06-29,00:15:00,98.0,2026-06-28,00:15:00,2026-06-29 00:20:13,30.05000000000001,Zone 4,62.8,Zone 5,29.9,Zone 4,57.9,Zone 5,39.8,Zone 5,62.4,Zone 5,59.3,Zone 5,65.1,Zone 5,62.8,Zone 5,67.1,Zone 5
Bihar,Munger,Kvk Munger,28.5,2026-06-29,00:15:00,100.0,2026-06-28,00:15:00,2026-06-29 00:20:13,43.05000000000001,Zone 5,67.6,Zone 5,43.1,Zone 5,64.5,Zone 5,61.2,Zone 5,67.2,Zone 5,65.0,Zone 5,69.2,Zone 5,67.6,Zone 5,70.6,Zone 5
Bihar,Nalanda,Harnaut,29.8,2026-06-29,00:00:00,100.0,2026-06-28,00:00:00,2026-06-29 00:20:13,59.450000000000045,Zone 5,70.2,Zone 5,60.2,Zone 5,67.7,Zone 5,65.2,Zone 5,69.9,Zone 5,68.2,Zone 5,71.4,Zone 5,70.2,Zone 5,74.3,Zone 6
Bihar,Nalanda,Rajgir,30.4,2026-06-29,00:15:00,59.0,2026-06-28,00:15:00,2026-06-29 00:20:13,33.25,Zone 4,60.7,Zone 5,33.5,Zone 4,47.7,Zone 5,39.3,Zone 4,60.3,Zone 5,50.0,Zone 5,63.2,Zone 5,60.7,Zone 5,65.5,Zone 5
Bihar,Patna,Baldwin Academy,31.6,2026-06-29,00:00:00,84.0,2026-06-28,00:00:00,2026-06-29 00:20:13,55.25,Zone 5,68.9,Zone 5,53.9,Zone 5,66.1,Zone 5,63.2,Zone 5,68.6,Zone 5,66.6,Zone 5,70.3,Zone 5,68.9,Zone 5,71.8,Zone 6
Bihar,Patna,Danapur Dps,33.5,2026-06-28,23:45:00,76.0,2026-06-28,23:45:00,2026-06-29 00:20:13,60.05000000000001,Zone 5,70.2,Zone 5,60.0,Zone 5,67.6,Zone 5,65.0,Zone 5,69.8,Zone 5,68.1,Zone 5,71.4,Zone 5,70.2,Zone 5,74.1,Zone 6
Bihar,Patna,Iit Patna,29.5,2026-06-29,00:00:00,100.0,2026-06-28,00:00:00,2026-06-29 00:20:13,56.950000000000045,Zone 5,69.3,Zone 5,56.9,Zone 5,66.6,Zone 5,63.8,Zone 5,69.0,Zone 5,67.1,Zone 5,70.7,Zone 5,69.3,Zone 5,72.6,Zone 6
Bihar,Patna,Kvk Barh,30.3,2026-06-29,00:15:00,80.0,2026-06-28,00:15:00,2026-06-29 00:20:13,37.650000000000034,Zone 4,66.2,Zone 5,38.3,Zone 4,62.8,Zone 5,59.2,Zone 5,65.9,Zone 5,63.4,Zone 5,68.0,Zone 5,66.2,Zone 5,69.6,Zone 5
Bihar,Patna,Patna,31.6,2026-06-29,00:00:00,81.0,2026-06-28,00:00:00,2026-06-29 00:20:13,49.05000000000001,Zone 5,68.2,Zone 5,47.7,Zone 5,65.2,Zone 5,62.0,Zone 5,67.8,Zone 5,65.7,Zone 5,69.7,Zone 5,68.2,Zone 5,71.0,Zone 5
Bihar,Purnea,Purnea Imd,37.7,2026-06-29,00:00:00,94.0,2026-06-28,00:00:00,2026-06-29 00:20:13,86.55000000000001,Zone 6,94.4,Zone 6,85.7,Zone 6,90.7,Zone 6,88.6,Zone 6,93.6,Zone 6,91.5,Zone 6,96.4,Zone 6,94.4,Zone 6,99.2,Zone 6
Bihar,Rohtas,Bikramganj,32.6,2026-06-29,00:15:00,45.0,2026-06-28,00:15:00,2026-06-29 00:20:13,34.650000000000034,Zone 4,59.3,Zone 5,34.5,Zone 4,44.1,Zone 4,39.7,Zone 4,58.7,Zone 5,44.6,Zone 4,62.1,Zone 5,59.3,Zone 5,64.5,Zone 5
Bihar,Rohtas,Dehri,38.0,2026-06-29,00:00:00,81.0,2026-06-28,00:00:00,2026-06-29 00:20:13,79.05000000000001,Zone 6,87.8,Zone 6,79.1,Zone 6,84.2,Zone 6,82.0,Zone 6,87.1,Zone 6,84.9,Zone 6,90.0,Zone 6,87.8,Zone 6,92.8,Zone 6
Bihar,Saharsa,Agwanpur Aws400,25.4,2026-06-29,00:15:00,100.0,2026-06-28,00:15:00,2026-06-29 00:20:13,28.75,Zone 4,62.4,Zone 5,29.0,Zone 4,55.9,Zone 5,37.6,Zone 5,62.0,Zone 5,58.0,Zone 5,64.7,Zone 5,62.4,Zone 5,66.7,Zone 5
Bihar,Samastipur,Pusa Aws400,27.1,2026-06-29,00:15:00,100.0,2026-06-28,00:15:00,2026-06-29 00:20:13,32.950000000000045,Zone 4,65.0,Zone 5,32.7,Zone 4,61.3,Zone 5,52.3,Zone 5,64.6,Zone 5,61.8,Zone 5,66.9,Zone 5,65.0,Zone 5,68.7,Zone 5
Bihar,Saran,Manjhi,30.3,2026-06-29,00:15:00,100.0,2026-06-28,00:15:00,2026-06-29 00:20:13,61.25,Zone 5,71.1,Zone 5,62.0,Zone 5,68.8,Zone 5,66.5,Zone 5,70.8,Zone 5,69.3,Zone 5,73.1,Zone 6,71.1,Zone 5,76.0,Zone 6
Bihar,Sheikpura,Sheikpura Kvk,29.7,2026-06-29,00:15:00,,,,2026-06-29 00:20:13,,,,,,,,,,,,,,,,,,,,
Bihar,Siwan,Ziradei,29.7,2026-06-29,00:15:00,84.0,2026-06-28,00:15:00,2026-06-29 00:20:13,36.950000000000045,Zone 4,65.6,Zone 5,36.4,Zone 4,62.0,Zone 5,56.0,Zone 5,65.2,Zone 5,62.6,Zone 5,67.4,Zone 5,65.6,Zone 5,69.1,Zone 5
Bihar,Supaul,Supaul Aws400,27.2,2026-06-29,00:15:00,100.0,2026-06-28,00:15:00,2026-06-29 00:20:13,33.25,Zone 4,65.0,Zone 5,32.7,Zone 4,61.3,Zone 5,52.3,Zone 5,64.6,Zone 5,61.8,Zone 5,66.9,Zone 5,65.0,Zone 5,68.7,Zone 5
Bihar,Vaishali,Vaishali,29.1,2026-06-29,00:00:00,100.0,2026-06-28,00:00:00,2026-06-29 00:20:13,51.450000000000045,Zone 5,68.5,Zone 5,50.0,Zone 5,65.5,Zone 5,62.5,Zone 5,68.1,Zone 5,66.1,Zone 5,69.9,Zone 5,68.5,Zone 5,71.3,Zone 5
Chandigarh,Chandigarh,Chandigarh,32.5,2026-06-29,00:00:00,,,,2026-06-29 00:20:13,,,,,,,,,,,,,,,,,,,,
Chandigarh,Chandigarh,Dav School,32.2,2026-06-29,00:15:00,58.0,2026-06-28,00:15:00,2026-06-29 00:20:13,36.650000000000034,Zone 4,62.6,Zone 5,36.2,Zone 4,57.0,Zone 5,42.3,Zone 4,62.2,Zone 5,59.0,Zone 5,64.9,Zone 5,62.6,Zone 5,66.9,Zone 5
Chhattisgarh,Balrampur,Balrampur Aws400,28.1,2026-06-29,00:15:00,83.0,2026-06-28,00:15:00,2026-06-29 00:20:13,32.55000000000001,Zone 4,62.9,Zone 5,32.3,Zone 4,58.1,Zone 5,40.1,Zone 5,62.5,Zone 5,59.3,Zone 5,65.1,Zone 5,62.9,Zone 5,67.1,Zone 5
Chhattisgarh,Bemetara,Bemetara,27.8,2026-06-29,00:15:00,100.0,2026-06-28,00:15:00,2026-06-29 00:20:13,35.05000000000001,Zone 5,66.7,Zone 5,37.1,Zone 5,63.4,Zone 5,59.8,Zone 5,66.3,Zone 5,63.9,Zone 5,68.4,Zone 5,66.7,Zone 5,70.0,Zone 5
Chhattisgarh,Bemetara,Bemetara Durg,29.9,2026-06-29,00:00:00,84.0,2026-06-28,00:00:00,2026-06-29 00:20:13,37.55000000000001,Zone 4,66.4,Zone 5,37.9,Zone 4,63.0,Zone 5,59.4,Zone 5,66.0,Zone 5,63.6,Zone 5,68.2,Zone 5,66.4,Zone 5,69.7,Zone 5
Chhattisgarh,Dhamtari,Dhamtari,,,,60.0,2026-06-28,00:15:00,2026-06-29 00:20:13,,,,,,,,,,,,,,,,,,,,
Chhattisgarh,Dhamtari,Nagri,,,,78.0,2026-06-28,00:00:00,2026-06-29 00:20:13,,,,,,,,,,,,,,,,,,,,
Chhattisgarh,Gariaband,Gariaband,28.4,2026-06-29,00:00:00,85.0,2026-06-28,00:00:00,2026-06-29 00:20:13,33.55000000000001,Zone 4,64.2,Zone 5,33.9,Zone 4,60.3,Zone 5,47.5,Zone 5,63.8,Zone 5,60.9,Zone 5,66.2,Zone 5,64.2,Zone 5,68.1,Zone 5
Chhattisgarh,Janjgir Champa,Janjgir,20.3,2026-06-29,00:00:00,15.0,2026-06-28,00:00:00,2026-06-29 00:20:13,17.25,Zone 3,31.2,Zone 4,17.5,Zone 3,27.9,Zone 4,24.1,Zone 3,31.3,Zone 4,27.8,Zone 4,34.5,Zone 4,31.2,Zone 4,37.6,Zone 4
Chhattisgarh,Janjgir Champa,Nawagarh,27.2,2026-06-29,00:00:00,92.0,2026-06-28,00:00:00,2026-06-29 00:20:13,31.850000000000023,Zone 4,63.2,Zone 5,31.4,Zone 4,59.2,Zone 5,42.1,Zone 5,62.8,Zone 5,59.8,Zone 5,65.4,Zone 5,63.2,Zone 5,67.4,Zone 5
Chhattisgarh,Janjgir Champa,Sakti,25.4,2026-06-29,00:00:00,100.0,2026-06-28,00:00:00,2026-06-29 00:20:13,28.75,Zone 4,62.4,Zone 5,29.0,Zone 4,55.9,Zone 5,37.6,Zone 5,62.0,Zone 5,58.0,Zone 5,64.7,Zone 5,62.4,Zone 5,66.7,Zone 5
Chhattisgarh,Jashpur,Bagicha,29.2,2026-06-29,00:00:00,,,,2026-06-29 00:20:13,,,,,,,,,,,,,,,,,,,,
Chhattisgarh,Kabirdham,Pandaria,30.2,2026-06-29,00:00:00,45.0,2026-06-28,00:00:00,2026-06-29 00:20:13,31.05000000000001,Zone 4,47.0,Zone 5,30.8,Zone 4,40.0,Zone 4,35.7,Zone 4,45.6,Zone 5,40.4,Zone 4,59.3,Zone 5,47.0,Zone 5,62.0,Zone 5
Chhattisgarh,Korba,Lakhanpur Kvk,29.2,2026-06-29,00:15:00,,,,2026-06-29 00:20:13,,,,,,,,,,,,,,,,,,,,
Chhattisgarh,Mahasamund,Pithora,28.8,2026-06-28,23:45:00,65.0,2026-06-28,23:45:00,2026-06-29 00:20:13,31.350000000000023,Zone 4,60.0,Zone 5,31.7,Zone 4,44.7,Zone 5,37.6,Zone 4,59.6,Zone 5,46.9,Zone 5,62.7,Zone 5,60.0,Zone 5,65.0,Zone 5
Chhattisgarh,Mungeli,Lormi,28.9,2026-06-28,23:45:00,76.0,2026-06-28,23:45:00,2026-06-29 00:20:13,33.150000000000034,Zone 4,62.8,Zone 5,33.4,Zone 4,57.9,Zone 5,40.2,Zone 4,62.4,Zone 5,59.3,Zone 5,65.1,Zone 5,62.8,Zone 5,67.1,Zone 5
Chhattisgarh,Mungeli,Mungeli,28.5,2026-06-29,00:00:00,79.0,2026-06-28,00:00:00,2026-06-29 00:20:13,32.75,Zone 4,62.7,Zone 5,32.8,Zone 4,57.6,Zone 5,39.7,Zone 4,62.3,Zone 5,59.2,Zone 5,65.0,Zone 5,62.7,Zone 5,67.0,Zone 5
Chhattisgarh,Pendra Road,Pendra Road,27.1,2026-06-29,00:15:00,78.0,2026-06-28,00:15:00,2026-06-29 00:20:13,29.850000000000023,Zone 4,60.1,Zone 5,29.6,Zone 4,45.0,Zone 5,36.0,Zone 4,59.7,Zone 5,47.3,Zone 5,62.8,Zone 5,60.1,Zone 5,65.1,Zone 5
Chhattisgarh,Raigarh,Dharamjaigarh,27.7,2026-06-29,00:00:00,86.0,2026-06-28,00:00:00,2026-06-29 00:20:13,32.05000000000001,Zone 4,62.7,Zone 5,31.6,Zone 4,57.5,Zone 5,39.4,Zone 5,62.3,Zone 5,59.2,Zone 5,65.0,Zone 5,62.7,Zone 5,67.0,Zone 5
Chhattisgarh,Raigarh,Raigarh,29.4,2026-06-29,00:00:00,79.0,2026-06-28,00:00:00,2026-06-29 00:20:13,34.950000000000045,Zone 4,64.4,Zone 5,35.2,Zone 4,60.6,Zone 5,48.7,Zone 5,64.0,Zone 5,61.1,Zone 5,66.4,Zone 5,64.4,Zone 5,68.2,Zone 5
Chhattisgarh,Raipur,Naya Raipur,30.2,2026-06-28,23:45:00,68.0,2026-06-28,23:45:00,2026-06-29 00:20:13,34.55000000000001,Zone 4,62.3,Zone 5,34.1,Zone 4,55.8,Zone 5,40.5,Zone 4,61.9,Zone 5,57.9,Zone 5,64.7,Zone 5,62.3,Zone 5,66.7,Zone 5
Chhattisgarh,Raipur,Raipur,29.1,2026-06-29,00:15:00,73.0,2026-06-28,00:15:00,2026-06-29 00:20:13,33.05000000000001,Zone 4,62.1,Zone 5,32.9,Zone 4,54.5,Zone 5,39.4,Zone 4,61.7,Zone 5,56.7,Zone 5,64.4,Zone 5,62.1,Zone 5,66.5,Zone 5
Chhattisgarh,Rajnandgaon,Rajnandgaon,28.3,2026-06-29,00:00:00,79.0,2026-06-28,00:00:00,2026-06-29 00:20:13,32.35000000000002,Zone 4,62.7,Zone 5,32.8,Zone 4,57.6,Zone 5,39.7,Zone 4,62.3,Zone 5,59.2,Zone 5,65.0,Zone 5,62.7,Zone 5,67.0,Zone 5
Chhattisgarh,Sukma,Sukma,27.6,2026-06-29,00:15:00,91.0,2026-06-28,00:15:00,2026-06-29 00:20:13,32.650000000000034,Zone 4,63.9,Zone 5,32.4,Zone 4,59.9,Zone 5,45.7,Zone 5,63.5,Zone 5,60.5,Zone 5,66.0,Zone 5,63.9,Zone 5,67.8,Zone 5
Chhattisgarh,Surajpur,Surajpur Aws400,27.8,2026-06-29,00:15:00,75.0,2026-06-28,00:15:00,2026-06-29 00:20:13,30.75,Zone 4,61.0,Zone 5,31.2,Zone 4,49.2,Zone 5,37.6,Zone 4,60.6,Zone 5,51.6,Zone 5,63.5,Zone 5,61.0,Zone 5,65.7,Zone 5
Dadra And Nagar Haveli,Dadar Nagar,Silvassa,29.6,2026-06-29,00:15:00,,,,2026-06-29 00:20:13,,,,,,,,,,,,,,,,,,,,
Daman And Diu,Daman,Daman Aws,29.8,2026-06-29,00:00:00,84.0,2026-06-28,00:00:00,2026-06-29 00:20:13,37.25,Zone 4,66.4,Zone 5,37.9,Zone 4,63.0,Zone 5,59.4,Zone 5,66.0,Zone 5,63.6,Zone 5,68.2,Zone 5,66.4,Zone 5,69.7,Zone 5
Daman And Diu,Diu,Diu,29.4,2026-06-29,00:00:00,80.0,2026-06-28,00:00:00,2026-06-29 00:20:13,35.150000000000034,Zone 4,64.6,Zone 5,35.4,Zone 4,60.8,Zone 5,50.2,Zone 5,64.2,Zone 5,61.4,Zone 5,66.6,Zone 5,64.6,Zone 5,68.4,Zone 5
Delhi,East Delhi,Salwan Public School,31.8,2026-06-29,00:00:00,52.0,2026-06-28,00:00:00,2026-06-29 00:20:13,34.55000000000001,Zone 4,60.8,Zone 5,34.9,Zone 4,48.4,Zone 5,40.6,Zone 4,60.4,Zone 5,50.7,Zone 5,63.4,Zone 5,60.8,Zone 5,65.6,Zone 5
Delhi,New Delhi,Pragati Maidan,32.6,2026-06-29,00:00:00,,,,2026-06-29 00:20:13,,,,,,,,,,,,,,,,,,,,
Delhi,North West Delhi,Mungeshpur,29.8,2026-06-29,00:15:00,86.0,2026-06-28,00:15:00,2026-06-29 00:20:13,37.85000000000002,Zone 4,66.9,Zone 5,38.6,Zone 4,63.6,Zone 5,60.2,Zone 5,66.5,Zone 5,64.2,Zone 5,68.6,Zone 5,66.9,Zone 5,70.1,Zone 5
Delhi,North West Delhi,Pitampura,34.9,2026-06-29,00:00:00,62.0,2026-06-28,00:00:00,2026-06-29 00:20:13,48.150000000000034,Zone 5,68.4,Zone 5,49.4,Zone 5,65.5,Zone 5,62.4,Zone 5,68.0,Zone 5,66.0,Zone 5,69.9,Zone 5,68.4,Zone 5,71.2,Zone 5
Delhi,South Delhi,Pharma Science And Research Un,32.1,2026-06-29,00:15:00,52.0,2026-06-28,00:15:00,2026-06-29 00:20:13,35.150000000000034,Zone 4,60.8,Zone 5,34.9,Zone 4,48.4,Zone 5,40.6,Zone 4,60.4,Zone 5,50.7,Zone 5,63.4,Zone 5,60.8,Zone 5,65.6,Zone 5
Delhi,South West Delhi,Ayanagar,29.9,2026-06-29,00:00:00,64.0,2026-06-28,00:00:00,2026-06-29 00:20:13,33.150000000000034,Zone 4,61.3,Zone 5,33.4,Zone 4,50.7,Zone 5,39.5,Zone 4,60.9,Zone 5,53.0,Zone 5,63.8,Zone 5,61.3,Zone 5,65.9,Zone 5
Delhi,South West Delhi,Ignou,31.8,2026-06-29,00:15:00,42.0,2026-06-28,00:15:00,2026-06-29 00:20:13,32.85000000000002,Zone 4,54.1,Zone 5,33.2,Zone 4,42.5,Zone 4,38.2,Zone 4,52.6,Zone 5,42.9,Zone 4,60.7,Zone 5,54.1,Zone 5,63.3,Zone 5
Delhi,South West Delhi,Jafarpur,30.9,2026-06-29,00:15:00,,,,2026-06-29 00:20:13,,,,,,,,,,,,,,,,,,,,
Delhi,South West Delhi,Kvk Crpf Campus,31.2,2026-06-29,00:15:00,60.0,2026-06-28,00:15:00,2026-06-29 00:20:13,35.05000000000001,Zone 4,61.7,Zone 5,34.6,Zone 4,52.7,Zone 5,40.7,Zone 4,61.3,Zone 5,54.9,Zone 5,64.1,Zone 5,61.7,Zone 5,66.2,Zone 5
Delhi,South West Delhi,Kv Narayna,31.5,2026-06-29,00:15:00,52.0,2026-06-28,00:15:00,2026-06-29 00:20:13,34.05000000000001,Zone 4,60.1,Zone 5,34.0,Zone 4,45.0,Zone 5,39.6,Zone 4,59.7,Zone 5,47.2,Zone 5,62.8,Zone 5,60.1,Zone 5,65.1,Zone 5
Delhi,South West Delhi,Najafgarh,31.3,2026-06-29,00:00:00,83.0,2026-06-28,00:00:00,2026-06-29 00:20:13,49.150000000000034,Zone 5,68.7,Zone 5,51.9,Zone 5,65.8,Zone 5,62.8,Zone 5,68.3,Zone 5,66.3,Zone 5,70.1,Zone 5,68.7,Zone 5,71.4,Zone 5
Delhi,West Delhi,Kv Janakpuri,32.6,2026-06-29,00:15:00,58.0,2026-06-28,00:15:00,2026-06-29 00:20:13,37.55000000000001,Zone 4,63.3,Zone 5,37.3,Zone 4,59.3,Zone 5,43.5,Zone 4,62.9,Zone 5,59.9,Zone 5,65.5,Zone 5,63.3,Zone 5,67.5,Zone 5
Goa,North Goa,Mopa Airport,24.9,2026-06-29,00:15:00,100.0,2026-06-28,00:15:00,2026-06-29 00:20:13,27.75,Zone 4,61.5,Zone 5,28.0,Zone 4,51.8,Zone 5,35.2,Zone 4,61.1,Zone 5,54.1,Zone 5,64.0,Zone 5,61.5,Zone 5,66.1,Zone 5
Goa,Panaji,Altinho Imdoffice,25.2,2026-06-29,00:15:00,82.0,2026-06-28,00:15:00,2026-06-29 00:20:13,26.950000000000045,Zone 4,54.6,Zone 5,26.6,Zone 4,37.8,Zone 4,32.7,Zone 4,53.0,Zone 5,38.4,Zone 4,60.8,Zone 5,54.6,Zone 5,63.4,Zone 5
Gujarat,Ahmedabad,Ahmedabad,33.5,2026-06-29,00:00:00,70.0,2026-06-28,00:00:00,2026-06-29 00:20:13,49.75,Zone 5,68.4,Zone 5,49.8,Zone 5,65.5,Zone 5,62.4,Zone 5,68.1,Zone 5,66.0,Zone 5,69.9,Zone 5,68.4,Zone 5,71.2,Zone 5
Gujarat,Ahmedabad,Dhorela,32.4,2026-06-29,00:15:00,54.0,2026-06-28,00:15:00,2026-06-29 00:20:13,36.150000000000034,Zone 4,62.1,Zone 5,36.3,Zone 4,54.9,Zone 5,42.2,Zone 4,61.7,Zone 5,57.0,Zone 5,64.5,Zone 5,62.1,Zone 5,66.6,Zone 5
Gujarat,Ahmedabad,Science City,32.6,2026-06-29,00:15:00,61.0,2026-06-28,00:15:00,2026-06-29 00:20:13,38.35000000000002,Zone 4,64.2,Zone 5,38.1,Zone 4,60.4,Zone 5,47.9,Zone 5,63.8,Zone 5,61.0,Zone 5,66.3,Zone 5,64.2,Zone 5,68.1,Zone 5
Gujarat,Amreli,Dhari Aws400,28.6,2026-06-29,00:15:00,81.0,2026-06-28,00:15:00,2026-06-29 00:20:13,33.35000000000002,Zone 4,63.2,Zone 5,33.1,Zone 4,59.2,Zone 5,42.0,Zone 5,62.8,Zone 5,59.7,Zone 5,65.4,Zone 5,63.2,Zone 5,67.4,Zone 5
Gujarat,Amreli,Jafrabad,42.6,2026-06-29,00:00:00,81.0,2026-06-28,00:00:00,2026-06-29 00:20:13,97.85000000000002,Zone 6,105.9,Zone 6,97.4,Zone 6,102.2,Zone 6,100.3,Zone 6,105.0,Zone 6,103.1,Zone 6,107.8,Zone 6,105.9,Zone 6,110.6,Zone 6
Gujarat,Amreli,Rajula,31.4,2026-06-29,00:00:00,74.0,2026-06-28,00:00:00,2026-06-29 00:20:13,39.150000000000034,Zone 4,66.3,Zone 5,39.5,Zone 4,62.9,Zone 5,59.3,Zone 5,65.9,Zone 5,63.5,Zone 5,68.1,Zone 5,66.3,Zone 5,69.7,Zone 5
Gujarat,Anand,Khambhat Aws400,31.2,2026-06-28,23:30:00,70.0,2026-06-28,23:30:00,2026-06-29 00:20:13,37.35000000000002,Zone 4,64.4,Zone 5,36.9,Zone 4,60.7,Zone 5,49.2,Zone 5,64.0,Zone 5,61.2,Zone 5,66.5,Zone 5,64.4,Zone 5,68.3,Zone 5
Gujarat,Arawali,Modasa,32.2,2026-06-28,23:45:00,56.0,2026-06-28,23:45:00,2026-06-29 00:20:13,36.150000000000034,Zone 4,62.0,Zone 5,35.8,Zone 4,54.3,Zone 5,41.7,Zone 4,61.6,Zone 5,56.4,Zone 5,64.4,Zone 5,62.0,Zone 5,66.5,Zone 5
Gujarat,Banaskantha,Ambaji Temple,32.3,2026-06-28,23:30:00,45.0,2026-06-28,23:30:00,2026-06-29 00:20:13,34.150000000000034,Zone 4,59.3,Zone 5,34.5,Zone 4,44.1,Zone 4,39.7,Zone 4,58.7,Zone 5,44.6,Zone 4,62.1,Zone 5,59.3,Zone 5,64.5,Zone 5
Gujarat,Banaskantha,Tharad Aws400,30.9,2026-06-29,00:15:00,53.0,2026-06-28,00:15:00,2026-06-29 00:20:13,33.150000000000034,Zone 4,59.7,Zone 5,33.4,Zone 4,43.5,Zone 4,38.9,Zone 4,59.3,Zone 5,45.2,Zone 5,62.4,Zone 5,59.7,Zone 5,64.8,Zone 5
Gujarat,Bharuch,Hansot Aws400,30.5,2026-06-29,00:00:00,82.0,2026-06-28,00:00:00,2026-06-29 00:20:13,38.950000000000045,Zone 4,66.8,Zone 5,38.9,Zone 4,63.5,Zone 5,59.9,Zone 5,66.4,Zone 5,64.0,Zone 5,68.5,Zone 5,66.8,Zone 5,70.0,Zone 5
Gujarat,Bhavnagar,Bhavnagar,31.6,2026-06-29,00:00:00,55.0,2026-06-28,00:00:00,2026-06-29 00:20:13,34.75,Zone 4,61.0,Zone 5,34.6,Zone 4,49.3,Zone 5,40.4,Zone 4,60.6,Zone 5,51.6,Zone 5,63.5,Zone 5,61.0,Zone 5,65.7,Zone 5
Gujarat,Bhavnagar,Talaja Aws400,29.1,2026-06-29,00:15:00,78.0,2026-06-28,00:15:00,2026-06-29 00:20:13,33.950000000000045,Zone 4,63.3,Zone 5,33.7,Zone 4,59.3,Zone 5,42.5,Zone 5,62.9,Zone 5,59.8,Zone 5,65.5,Zone 5,63.3,Zone 5,67.4,Zone 5
Gujarat,Botad,Botad,30.9,2026-06-29,00:15:00,64.0,2026-06-28,00:15:00,2026-06-29 00:20:13,35.25,Zone 4,62.8,Zone 5,35.4,Zone 4,57.9,Zone 5,41.8,Zone 4,62.4,Zone 5,59.2,Zone 5,65.1,Zone 5,62.8,Zone 5,67.1,Zone 5
Gujarat,Dahod,Dahod Kvk,31.6,2026-06-29,00:15:00,45.0,2026-06-28,00:15:00,2026-06-29 00:20:13,33.05000000000001,Zone 4,55.2,Zone 5,32.9,Zone 4,42.4,Zone 4,38.0,Zone 4,53.7,Zone 5,42.8,Zone 4,61.0,Zone 5,55.2,Zone 5,63.5,Zone 5
Gujarat,Dang,Dang Kvk,29.8,2026-06-29,00:15:00,77.0,2026-06-28,00:15:00,2026-06-29 00:20:13,35.450000000000045,Zone 4,64.7,Zone 5,36.0,Zone 4,60.9,Zone 5,50.6,Zone 5,64.3,Zone 5,61.5,Zone 5,66.7,Zone 5,64.7,Zone 5,68.5,Zone 5
Gujarat,Gandhinagar,Gandhinagar,32.7,2026-06-29,00:00:00,53.0,2026-06-28,00:00:00,2026-06-29 00:20:13,36.450000000000045,Zone 4,61.8,Zone 5,36.1,Zone 4,53.4,Zone 5,41.9,Zone 4,61.4,Zone 5,55.6,Zone 5,64.2,Zone 5,61.8,Zone 5,66.3,Zone 5
Gujarat,Gir Somnath,Veraval   Aws400,29.6,2026-06-29,00:15:00,83.0,2026-06-28,00:15:00,2026-06-29 00:20:13,36.450000000000045,Zone 4,65.3,Zone 5,36.1,Zone 4,61.7,Zone 5,54.6,Zone 5,64.9,Zone 5,62.3,Zone 5,67.2,Zone 5,65.3,Zone 5,68.9,Zone 5
Gujarat,Kachchh,Bachau Amfu,30.2,2026-06-28,23:45:00,57.0,2026-06-28,23:45:00,2026-06-29 00:20:13,32.650000000000034,Zone 4,59.4,Zone 5,32.3,Zone 4,42.6,Zone 4,37.9,Zone 4,58.9,Zone 5,43.8,Zone 5,62.1,Zone 5,59.4,Zone 5,64.5,Zone 5
Gujarat,Kachchh,Kandla,30.4,2026-06-29,00:00:00,72.0,2026-06-28,00:00:00,2026-06-29 00:20:13,35.85000000000002,Zone 4,64.2,Zone 5,36.1,Zone 4,60.3,Zone 5,47.6,Zone 5,63.8,Zone 5,60.9,Zone 5,66.2,Zone 5,64.2,Zone 5,68.1,Zone 5
Gujarat,Kachchh,Mundra,29.8,2026-06-29,00:15:00,74.0,2026-06-28,00:15:00,2026-06-29 00:20:13,34.85000000000002,Zone 4,63.9,Zone 5,35.3,Zone 4,60.0,Zone 5,45.9,Zone 5,63.5,Zone 5,60.6,Zone 5,66.0,Zone 5,63.9,Zone 5,67.9,Zone 5
Gujarat,Kachchh,Rapar,30.5,2026-06-29,00:15:00,61.0,2026-06-28,00:15:00,2026-06-29 00:20:13,33.85000000000002,Zone 4,61.2,Zone 5,33.8,Zone 4,50.4,Zone 5,39.8,Zone 4,60.8,Zone 5,52.7,Zone 5,63.7,Zone 5,61.2,Zone 5,65.9,Zone 5
Gujarat,Mahesana,Jagudan,33.5,2026-06-29,00:15:00,41.0,2026-06-28,00:15:00,2026-06-29 00:20:13,35.25,Zone 4,59.3,Zone 5,35.3,Zone 4,44.7,Zone 4,40.4,Zone 4,58.8,Zone 5,45.2,Zone 4,62.1,Zone 5,59.3,Zone 5,64.5,Zone 5
Gujarat,Mahisagar,Lunavada,31.8,2026-06-29,00:15:00,61.0,2026-06-28,00:15:00,2026-06-29 00:20:13,36.55000000000001,Zone 4,63.5,Zone 5,37.0,Zone 4,59.5,Zone 5,43.4,Zone 5,63.1,Zone 5,60.0,Zone 5,65.6,Zone 5,63.5,Zone 5,67.6,Zone 5
Gujarat,Morbi,Halwad,30.4,2026-06-29,00:15:00,67.0,2026-06-28,00:15:00,2026-06-29 00:20:13,34.75,Zone 4,62.8,Zone 5,35.0,Zone 4,58.1,Zone 5,41.5,Zone 4,62.4,Zone 5,59.3,Zone 5,65.1,Zone 5,62.8,Zone 5,67.1,Zone 5
Gujarat,Patan,Patan,33.5,2026-06-29,00:00:00,49.0,2026-06-28,00:00:00,2026-06-29 00:20:13,37.05000000000001,Zone 4,62.0,Zone 5,37.1,Zone 4,54.2,Zone 5,42.8,Zone 4,61.6,Zone 5,56.4,Zone 5,64.4,Zone 5,62.0,Zone 5,66.5,Zone 5
Gujarat,Patan,Radhanpur,32.9,2026-06-29,00:15:00,49.0,2026-06-28,00:15:00,2026-06-29 00:20:13,35.950000000000045,Zone 4,61.3,Zone 5,36.1,Zone 4,50.8,Zone 5,41.7,Zone 4,60.9,Zone 5,53.1,Zone 5,63.8,Zone 5,61.3,Zone 5,65.9,Zone 5
Gujarat,Porbandar,Porbandar,,,,78.0,2026-06-28,00:15:00,2026-06-29 00:20:13,,,,,,,,,,,,,,,,,,,,
Gujarat,Sabarkantha,Bayad,32.2,2026-06-29,00:00:00,63.0,2026-06-28,00:00:00,2026-06-29 00:20:13,37.950000000000045,Zone 4,64.0,Zone 5,37.5,Zone 4,60.2,Zone 5,46.8,Zone 5,63.7,Zone 5,60.7,Zone 5,66.1,Zone 5,64.0,Zone 5,68.0,Zone 5
Gujarat,Sabarkantha,Himatnagar,,,,59.0,2026-06-28,00:15:00,2026-06-29 00:20:13,,,,,,,,,,,,,,,,,,,,
Gujarat,Surat,Surat,31.1,2026-06-29,00:00:00,87.0,2026-06-28,00:00:00,2026-06-29 00:20:13,54.55000000000001,Zone 5,68.9,Zone 5,53.2,Zone 5,66.0,Zone 5,63.1,Zone 5,68.5,Zone 5,66.5,Zone 5,70.3,Zone 5,68.9,Zone 5,71.6,Zone 6
Gujarat,Surat,Surat Kvk,30.5,2026-06-29,00:15:00,,,,2026-06-29 00:20:13,,,,,,,,,,,,,,,,,,,,
Gujarat,Surendranagar,Surendranagar,30.9,2026-06-29,00:00:00,60.0,2026-06-28,00:00:00,2026-06-29 00:20:13,34.450000000000045,Zone 4,61.7,Zone 5,34.6,Zone 4,52.7,Zone 5,40.7,Zone 4,61.3,Zone 5,54.9,Zone 5,64.1,Zone 5,61.7,Zone 5,66.2,Zone 5
Gujarat,Vadodara,Vadodara Aws400,31.3,2026-06-29,00:15:00,63.0,2026-06-28,00:15:00,2026-06-29 00:20:13,35.85000000000002,Zone 4,63.3,Zone 5,36.3,Zone 4,59.3,Zone 5,42.7,Zone 4,62.9,Zone 5,59.8,Zone 5,65.5,Zone 5,63.3,Zone 5,67.4,Zone 5
Haryana,Bhiwani,Bhiwani,30.9,2026-06-29,00:15:00,63.0,2026-06-28,00:15:00,2026-06-29 00:20:13,35.05000000000001,Zone 4,62.5,Zone 5,35.2,Zone 4,56.6,Zone 5,41.5,Zone 4,62.1,Zone 5,58.7,Zone 5,64.8,Zone 5,62.5,Zone 5,66.9,Zone 5
Haryana,Charkhi Dadri,Revenue Office Aws400,31.5,2026-06-29,00:15:00,59.0,2026-06-28,00:15:00,2026-06-29 00:20:13,35.450000000000045,Zone 4,62.1,Zone 5,35.4,Zone 4,54.9,Zone 5,41.5,Zone 4,61.7,Zone 5,57.0,Zone 5,64.5,Zone 5,62.1,Zone 5,66.6,Zone 5
Haryana,Faridabad,Bopani,34.5,2026-06-29,00:15:00,87.0,2026-06-28,00:15:00,2026-06-29 00:20:13,69.65000000000003,Zone 5,78.5,Zone 6,69.7,Zone 5,74.9,Zone 6,72.6,Zone 6,77.9,Zone 6,75.6,Zone 6,80.8,Zone 6,78.5,Zone 6,83.6,Zone 6
Haryana,Fatehabad,Fatehabad,31.8,2026-06-29,00:15:00,57.0,2026-06-28,00:15:00,2026-06-29 00:20:13,35.55000000000001,Zone 4,62.3,Zone 5,36.0,Zone 4,55.6,Zone 5,42.0,Zone 4,61.9,Zone 5,57.7,Zone 5,64.6,Zone 5,62.3,Zone 5,66.7,Zone 5
Haryana,Gurgaon,Gurgaon,30.7,2026-06-29,00:00:00,99.0,2026-06-28,00:00:00,2026-06-29 00:20:13,62.25,Zone 5,70.9,Zone 5,61.5,Zone 5,68.6,Zone 5,66.2,Zone 5,70.6,Zone 5,69.0,Zone 5,72.7,Zone 6,70.9,Zone 5,75.6,Zone 6
Haryana,Gurgaon,Gurgaon Kvk,32.3,2026-06-29,00:15:00,14.0,2026-06-28,00:15:00,2026-06-29 00:20:13,30.150000000000034,Zone 4,41.2,Zone 4,30.3,Zone 4,37.6,Zone 4,34.2,Zone 4,41.0,Zone 4,37.7,Zone 4,44.3,Zone 4,41.2,Zone 4,49.4,Zone 5
Haryana,Gurgaon,Northcap University,31.8,2026-06-29,00:15:00,57.0,2026-06-28,00:15:00,2026-06-29 00:20:13,35.55000000000001,Zone 4,62.3,Zone 5,36.0,Zone 4,55.6,Zone 5,42.0,Zone 4,61.9,Zone 5,57.7,Zone 5,64.6,Zone 5,62.3,Zone 5,66.7,Zone 5
Haryana,Hisar,Balasmand,31.0,2026-06-29,00:15:00,64.0,2026-06-28,00:15:00,2026-06-29 00:20:13,35.450000000000045,Zone 4,62.8,Zone 5,35.4,Zone 4,57.9,Zone 5,41.8,Zone 4,62.4,Zone 5,59.2,Zone 5,65.1,Zone 5,62.8,Zone 5,67.1,Zone 5
Haryana,Hisar,Hissar Amfu,31.1,2026-06-29,00:15:00,64.0,2026-06-28,00:15:00,2026-06-29 00:20:13,35.650000000000034,Zone 4,62.8,Zone 5,35.4,Zone 4,57.9,Zone 5,41.8,Zone 4,62.4,Zone 5,59.2,Zone 5,65.1,Zone 5,62.8,Zone 5,67.1,Zone 5
Haryana,Hisar,Sadalpur,32.5,2026-06-29,00:15:00,54.0,2026-06-28,00:15:00,2026-06-29 00:20:13,36.35000000000002,Zone 4,62.1,Zone 5,36.3,Zone 4,54.9,Zone 5,42.2,Zone 4,61.7,Zone 5,57.0,Zone 5,64.5,Zone 5,62.1,Zone 5,66.6,Zone 5
Haryana,Jhajjar,Jhajjar,30.5,2026-06-29,00:15:00,58.0,2026-06-28,00:15:00,2026-06-29 00:20:13,33.35000000000002,Zone 4,60.4,Zone 5,33.3,Zone 4,46.4,Zone 5,39.1,Zone 4,60.0,Zone 5,48.6,Zone 5,63.0,Zone 5,60.4,Zone 5,65.3,Zone 5
Haryana,Jind,Pandu Pindara,31.7,2026-06-29,00:15:00,60.0,2026-06-28,00:15:00,2026-06-29 00:20:13,36.05000000000001,Zone 4,62.4,Zone 5,35.6,Zone 4,56.2,Zone 5,41.8,Zone 4,62.0,Zone 5,58.3,Zone 5,64.8,Zone 5,62.4,Zone 5,66.8,Zone 5
Haryana,Kaithal,Kaithal,31.5,2026-06-29,00:15:00,62.0,2026-06-28,00:15:00,2026-06-29 00:20:13,36.05000000000001,Zone 4,63.0,Zone 5,36.1,Zone 4,58.7,Zone 5,42.4,Zone 4,62.6,Zone 5,59.5,Zone 5,65.2,Zone 5,63.0,Zone 5,67.2,Zone 5
Haryana,Kaithal,Kaul Amfu,31.3,2026-06-29,00:15:00,100.0,2026-06-28,00:15:00,2026-06-29 00:20:13,64.85000000000002,Zone 5,74.4,Zone 6,65.6,Zone 5,71.1,Zone 5,69.3,Zone 5,73.8,Zone 6,71.5,Zone 5,76.7,Zone 6,74.4,Zone 6,79.6,Zone 6
Haryana,Karnal,Indri Rest House,31.0,2026-06-29,00:15:00,,,,2026-06-29 00:20:13,,,,,,,,,,,,,,,,,,,,
Haryana,Karnal,Karnal,31.7,2026-06-29,00:00:00,,,,2026-06-29 00:20:13,,,,,,,,,,,,,,,,,,,,
Haryana,Karnal,Uchani,33.0,2026-06-29,00:00:00,76.0,2026-06-28,00:00:00,2026-06-29 00:20:13,56.75,Zone 5,69.3,Zone 5,56.7,Zone 5,66.6,Zone 5,63.8,Zone 5,69.0,Zone 5,67.1,Zone 5,70.7,Zone 5,69.3,Zone 5,72.5,Zone 6
Haryana,Kurukshetra,Pehowa,31.0,2026-06-29,00:15:00,,,,2026-06-29 00:20:13,,,,,,,,,,,,,,,,,,,,
Haryana,Mahendragarh,Mahendragarh Aws,30.1,2026-06-29,00:00:00,64.0,2026-06-28,00:00:00,2026-06-29 00:20:13,33.55000000000001,Zone 4,61.3,Zone 5,33.4,Zone 4,50.7,Zone 5,39.5,Zone 4,60.9,Zone 5,53.0,Zone 5,63.8,Zone 5,61.3,Zone 5,65.9,Zone 5
Haryana,Mewat,Mandkola,31.2,2026-06-29,00:15:00,18.0,2026-06-28,00:15:00,2026-06-29 00:20:13,29.450000000000045,Zone 4,40.5,Zone 4,29.3,Zone 4,36.8,Zone 4,33.3,Zone 4,40.3,Zone 4,36.9,Zone 4,43.7,Zone 4,40.5,Zone 4,49.4,Zone 5
Haryana,Mewat,Nuh,33.8,2026-06-29,00:00:00,,,,2026-06-29 00:20:13,,,,,,,,,,,,,,,,,,,,
Haryana,Palwal,Palwal Water Service Division,30.0,2026-06-29,00:15:00,,,,2026-06-29 00:20:13,,,,,,,,,,,,,,,,,,,,
Haryana,Rewari,Bawal,30.1,2026-06-29,00:00:00,65.0,2026-06-28,00:00:00,2026-06-29 00:20:13,33.75,Zone 4,61.5,Zone 5,33.5,Zone 4,52.0,Zone 5,39.7,Zone 4,61.1,Zone 5,54.3,Zone 5,64.0,Zone 5,61.5,Zone 5,66.1,Zone 5
Haryana,Rohtak,Canal Rest House,29.8,2026-06-29,00:15:00,77.0,2026-06-28,00:15:00,2026-06-29 00:20:13,35.450000000000045,Zone 4,64.7,Zone 5,36.0,Zone 4,60.9,Zone 5,50.6,Zone 5,64.3,Zone 5,61.5,Zone 5,66.7,Zone 5,64.7,Zone 5,68.5,Zone 5
Haryana,Rohtak,Rohtak,30.2,2026-06-29,00:00:00,66.0,2026-06-28,00:00:00,2026-06-29 00:20:13,34.150000000000034,Zone 4,61.8,Zone 5,33.7,Zone 4,53.3,Zone 5,40.0,Zone 4,61.4,Zone 5,55.6,Zone 5,64.2,Zone 5,61.8,Zone 5,66.3,Zone 5
Haryana,Sirsa,Canal Colony Village Ottu,31.5,2026-06-29,00:15:00,65.0,2026-06-28,00:15:00,2026-06-29 00:20:13,36.85000000000002,Zone 4,63.8,Zone 5,36.8,Zone 4,59.9,Zone 5,45.6,Zone 5,63.4,Zone 5,60.5,Zone 5,66.0,Zone 5,63.8,Zone 5,67.8,Zone 5
Haryana,Sirsa,Sirsa,33.5,2026-06-29,00:15:00,45.0,2026-06-28,00:15:00,2026-06-29 00:20:13,36.150000000000034,Zone 4,60.7,Zone 5,36.1,Zone 4,47.9,Zone 5,41.5,Zone 4,60.3,Zone 5,50.1,Zone 5,63.3,Zone 5,60.7,Zone 5,65.5,Zone 5
Haryana,Sonipat,Canal Resthouse Saragthal,28.0,2026-06-29,00:15:00,100.0,2026-06-28,00:15:00,2026-06-29 00:20:13,37.150000000000034,Zone 5,66.7,Zone 5,37.1,Zone 5,63.4,Zone 5,59.8,Zone 5,66.3,Zone 5,63.9,Zone 5,68.4,Zone 5,66.7,Zone 5,70.0,Zone 5
Haryana,Sonipat,Jagdishpur,29.9,2026-06-29,00:00:00,,,,2026-06-29 00:20:13,,,,,,,,,,,,,,,,,,,,
Haryana,Yamunanagar,Hathinkundberaj,29.4,2026-06-29,00:15:00,77.0,2026-06-28,00:15:00,2026-06-29 00:20:13,34.450000000000045,Zone 4,63.9,Zone 5,34.7,Zone 4,60.0,Zone 5,45.7,Zone 5,63.5,Zone 5,60.5,Zone 5,66.0,Zone 5,63.9,Zone 5,67.9,Zone 5
Himachal Pradesh,Bilaspur,Berthin,26.8,2026-06-29,00:00:00,,,,2026-06-29 00:20:13,,,,,,,,,,,,,,,,,,,,
Himachal Pradesh,Bilaspur,Bilaspur Kvk,26.2,2026-06-29,00:15:00,86.0,2026-06-28,00:15:00,2026-06-29 00:20:13,28.950000000000045,Zone 4,60.3,Zone 5,28.6,Zone 4,45.8,Zone 5,35.2,Zone 4,59.9,Zone 5,48.1,Zone 5,62.9,Zone 5,60.3,Zone 5,65.2,Zone 5
Himachal Pradesh,Chamba,Udaipur,26.3,2026-06-28,23:30:00,93.0,2026-06-28,23:30:00,2026-06-29 00:20:13,29.950000000000045,Zone 4,62.6,Zone 5,30.4,Zone 4,57.0,Zone 5,38.8,Zone 5,62.2,Zone 5,59.0,Zone 5,64.9,Zone 5,62.6,Zone 5,66.9,Zone 5
Himachal Pradesh,Hamirpur,Hamirpur Neri,28.5,2026-06-29,00:15:00,73.0,2026-06-28,00:15:00,2026-06-29 00:20:13,31.850000000000023,Zone 4,61.3,Zone 5,31.9,Zone 4,50.7,Zone 5,38.3,Zone 4,60.9,Zone 5,53.0,Zone 5,63.8,Zone 5,61.3,Zone 5,65.9,Zone 5
Himachal Pradesh,Kinnaur,Kalpa,14.7,2026-06-28,23:30:00,34.0,2026-06-28,23:30:00,2026-06-29 00:20:13,12.150000000000034,Zone 2,27.2,Zone 4,12.0,Zone 2,24.1,Zone 3,19.7,Zone 3,27.3,Zone 4,24.0,Zone 3,30.7,Zone 4,27.2,Zone 4,33.9,Zone 4
Himachal Pradesh,Kinnaur,Reckon,20.5,2026-06-29,00:00:00,70.0,2026-06-28,00:00:00,2026-06-29 00:20:13,20.650000000000034,Zone 3,34.7,Zone 4,20.7,Zone 3,30.2,Zone 4,25.7,Zone 4,34.5,Zone 4,30.4,Zone 4,38.7,Zone 4,34.7,Zone 4,49.7,Zone 5
Himachal Pradesh,Kullu,Seobagh Amfu,,,,76.0,2026-06-28,00:00:00,2026-06-29 00:20:13,,,,,,,,,,,,,,,,,,,,
Himachal Pradesh,Lahaul And Spiti,Keylong,14.9,2026-06-28,23:30:00,99.0,2026-06-28,23:30:00,2026-06-29 00:20:13,15.150000000000034,Zone 3,29.7,Zone 4,15.2,Zone 3,25.3,Zone 3,21.9,Zone 3,29.6,Zone 4,25.4,Zone 4,33.8,Zone 4,29.7,Zone 4,39.7,Zone 5
Himachal Pradesh,Lahaul And Spiti,Tabo,16.9,2026-06-29,00:15:00,43.0,2026-06-28,00:15:00,2026-06-29 00:20:13,14.850000000000023,Zone 3,29.6,Zone 4,14.9,Zone 3,25.9,Zone 4,22.1,Zone 3,29.6,Zone 4,25.8,Zone 4,33.1,Zone 4,29.6,Zone 4,36.5,Zone 4
Himachal Pradesh,Mandi,Sundernagar,25.9,2026-06-28,23:30:00,,,,2026-06-29 00:20:13,,,,,,,,,,,,,,,,,,,,
Himachal Pradesh,Mandi,Sundernagar Kvk,26.1,2026-06-29,00:15:00,90.0,2026-06-28,00:15:00,2026-06-29 00:20:13,29.150000000000034,Zone 4,61.1,Zone 5,29.0,Zone 4,50.0,Zone 5,35.9,Zone 4,60.7,Zone 5,52.3,Zone 5,63.6,Zone 5,61.1,Zone 5,65.8,Zone 5
Himachal Pradesh,Shimla,Choppal,43.9,2026-06-29,00:00:00,74.0,2026-06-28,00:00:00,2026-06-29 00:20:13,97.45000000000005,Zone 6,106.4,Zone 6,97.8,Zone 6,102.7,Zone 6,100.7,Zone 6,105.5,Zone 6,103.6,Zone 6,108.3,Zone 6,106.4,Zone 6,111.1,Zone 6
Himachal Pradesh,Shimla,Fagu,15.9,2026-06-28,23:30:00,,,,2026-06-29 00:20:13,,,,,,,,,,,,,,,,,,,,
Himachal Pradesh,Shimla,Hipa,19.0,2026-06-29,00:00:00,92.0,2026-06-28,00:00:00,2026-06-29 00:20:13,19.950000000000045,Zone 3,34.4,Zone 4,19.9,Zone 3,29.5,Zone 4,25.0,Zone 3,34.2,Zone 4,29.7,Zone 4,41.1,Zone 5,34.4,Zone 4,54.5,Zone 5
Himachal Pradesh,Shimla,Kotkhai,19.7,2026-06-29,00:00:00,100.0,2026-06-28,00:00:00,2026-06-29 00:20:13,21.150000000000034,Zone 3,35.9,Zone 4,20.9,Zone 3,30.6,Zone 4,25.7,Zone 4,35.5,Zone 4,30.9,Zone 4,48.0,Zone 5,35.9,Zone 4,59.4,Zone 5
Himachal Pradesh,Shimla,Kufri,16.8,2026-06-29,00:00:00,94.0,2026-06-28,00:00:00,2026-06-29 00:20:13,17.25,Zone 3,31.9,Zone 4,17.5,Zone 3,27.2,Zone 4,23.4,Zone 3,31.7,Zone 4,27.4,Zone 4,36.0,Zone 4,31.9,Zone 4,46.2,Zone 5
Himachal Pradesh,Shimla,Mashobra,19.5,2026-06-29,00:15:00,97.0,2026-06-28,00:15:00,2026-06-29 00:20:13,20.75,Zone 3,35.6,Zone 4,20.8,Zone 3,30.4,Zone 4,25.6,Zone 4,35.3,Zone 4,30.7,Zone 4,46.3,Zone 5,35.6,Zone 4,59.0,Zone 5
Himachal Pradesh,Shimla,Narkanda,14.8,2026-06-29,00:00:00,97.0,2026-06-28,00:00:00,2026-06-29 00:20:13,14.850000000000023,Zone 3,29.7,Zone 4,15.1,Zone 3,25.2,Zone 3,21.9,Zone 3,29.5,Zone 4,25.3,Zone 4,33.7,Zone 4,29.7,Zone 4,39.0,Zone 5
Himachal Pradesh,Shimla,Shimala Cpri,20.3,2026-06-29,00:00:00,82.0,2026-06-28,00:00:00,2026-06-29 00:20:13,21.05000000000001,Zone 3,35.7,Zone 4,21.3,Zone 3,30.8,Zone 4,26.2,Zone 4,35.5,Zone 4,31.1,Zone 4,42.9,Zone 5,35.7,Zone 4,56.2,Zone 5
Jammu And Kashmir,Anantnag,Amarnath,9.7,2026-06-29,00:00:00,82.0,2026-06-28,00:00:00,2026-06-29 00:20:13,9.150000000000034,Zone 2,24.6,Zone 3,9.0,Zone 2,21.8,Zone 3,16.7,Zone 3,24.7,Zone 3,21.7,Zone 3,27.8,Zone 4,24.6,Zone 3,31.3,Zone 4
Jammu And Kashmir,Anantnag,Anantnag,,,,100.0,2026-06-28,00:00:00,2026-06-29 00:20:13,,,,,,,,,,,,,,,,,,,,
Jammu And Kashmir,Anantnag,Chandanwari,15.2,2026-06-29,00:15:00,68.0,2026-06-28,00:15:00,2026-06-29 00:20:13,14.050000000000011,Zone 3,28.6,Zone 4,13.8,Zone 2,24.9,Zone 3,21.1,Zone 3,28.6,Zone 4,24.9,Zone 3,32.4,Zone 4,28.6,Zone 4,36.0,Zone 4
Jammu And Kashmir,Anantnag,Larnoo,33.6,2026-06-29,00:00:00,99.0,2026-06-28,00:00:00,2026-06-29 00:20:13,72.95000000000005,Zone 6,81.4,Zone 6,72.6,Zone 6,77.8,Zone 6,75.5,Zone 6,80.7,Zone 6,78.5,Zone 6,83.6,Zone 6,81.4,Zone 6,86.5,Zone 6
Jammu And Kashmir,Anantnag,Pahalgam,16.3,2026-06-29,00:00:00,80.0,2026-06-28,00:00:00,2026-06-29 00:20:13,15.950000000000045,Zone 3,30.6,Zone 4,16.2,Zone 3,26.3,Zone 4,22.7,Zone 3,30.5,Zone 4,26.4,Zone 4,34.5,Zone 4,30.6,Zone 4,38.4,Zone 4
Jammu And Kashmir,Anantnag,Panchtarni,9.2,2026-06-29,00:00:00,89.0,2026-06-28,00:00:00,2026-06-29 00:20:13,8.850000000000023,Zone 2,24.4,Zone 3,8.7,Zone 2,21.6,Zone 3,16.5,Zone 3,24.5,Zone 3,21.5,Zone 3,27.5,Zone 4,24.4,Zone 3,31.0,Zone 4
Jammu And Kashmir,Anantnag,Sheshnag,11.1,2026-06-29,00:00:00,81.0,2026-06-28,00:00:00,2026-06-29 00:20:13,10.450000000000045,Zone 2,25.4,Zone 4,10.4,Zone 2,22.7,Zone 3,18.0,Zone 3,25.4,Zone 4,22.6,Zone 3,29.1,Zone 4,25.4,Zone 4,32.6,Zone 4
Jammu And Kashmir,Badgam,Harran,21.3,2026-06-29,00:00:00,90.0,2026-06-28,00:00:00,2026-06-29 00:20:13,22.55000000000001,Zone 3,39.0,Zone 5,22.8,Zone 3,32.8,Zone 4,27.9,Zone 4,37.9,Zone 5,33.2,Zone 4,53.1,Zone 5,39.0,Zone 5,60.4,Zone 5
Jammu And Kashmir,Bandipora,Bandipora,21.3,2026-06-29,00:00:00,100.0,2026-06-28,00:00:00,2026-06-29 00:20:13,22.950000000000045,Zone 3,45.7,Zone 5,23.2,Zone 3,33.6,Zone 4,28.5,Zone 4,44.3,Zone 5,34.1,Zone 4,58.9,Zone 5,45.7,Zone 5,61.8,Zone 5
Jammu And Kashmir,Baramulla,Baramulla Amfu,,,,84.0,2026-06-28,00:00:00,2026-06-29 00:20:13,,,,,,,,,,,,,,,,,,,,
Jammu And Kashmir,Baramulla,Baramulla Kvk,20.9,2026-06-29,00:15:00,73.0,2026-06-28,00:15:00,2026-06-29 00:20:13,21.350000000000023,Zone 3,35.6,Zone 4,21.4,Zone 3,30.9,Zone 4,26.4,Zone 4,35.4,Zone 4,31.2,Zone 4,40.1,Zone 5,35.6,Zone 4,53.6,Zone 5
Jammu And Kashmir,Baramulla,Gulmarg,16.1,2026-06-29,00:00:00,51.0,2026-06-28,00:00:00,2026-06-29 00:20:13,14.25,Zone 3,29.0,Zone 4,14.1,Zone 3,25.2,Zone 3,21.5,Zone 3,29.0,Zone 4,25.2,Zone 3,32.6,Zone 4,29.0,Zone 4,36.0,Zone 4
Jammu And Kashmir,Doda,Bhella,27.2,2026-06-29,00:15:00,63.0,2026-06-28,00:15:00,2026-06-29 00:20:13,28.55000000000001,Zone 4,49.5,Zone 5,28.3,Zone 4,38.4,Zone 4,33.8,Zone 4,48.0,Zone 5,38.9,Zone 4,59.8,Zone 5,49.5,Zone 5,62.4,Zone 5
Jammu And Kashmir,Ganderbal,Baltal,12.3,2026-06-29,00:15:00,84.0,2026-06-28,00:15:00,2026-06-29 00:20:13,11.75,Zone 2,26.7,Zone 4,12.0,Zone 2,23.6,Zone 3,19.4,Zone 3,26.8,Zone 4,23.6,Zone 3,30.5,Zone 4,26.7,Zone 4,34.2,Zone 4
Jammu And Kashmir,Ganderbal,Bararri,10.4,2026-06-29,00:15:00,70.0,2026-06-28,00:15:00,2026-06-29 00:20:13,9.450000000000045,Zone 2,25.0,Zone 3,9.5,Zone 2,22.3,Zone 3,17.3,Zone 3,25.0,Zone 3,22.2,Zone 3,28.4,Zone 4,25.0,Zone 3,31.8,Zone 4
Jammu And Kashmir,Ganderbal,Sangam,10.8,2026-06-29,00:15:00,86.0,2026-06-28,00:15:00,2026-06-29 00:20:13,10.350000000000023,Zone 2,25.5,Zone 4,10.6,Zone 2,22.8,Zone 3,18.2,Zone 3,25.5,Zone 4,22.7,Zone 3,29.2,Zone 4,25.5,Zone 4,32.8,Zone 4
Jammu And Kashmir,Ganderbal,Sonemarg,14.0,2026-06-29,00:00:00,87.0,2026-06-28,00:00:00,2026-06-29 00:20:13,13.550000000000011,Zone 2,28.3,Zone 4,13.5,Zone 2,24.5,Zone 3,20.8,Zone 3,28.2,Zone 4,24.6,Zone 3,32.1,Zone 4,28.3,Zone 4,35.9,Zone 4
Jammu And Kashmir,Jammu,Chatha Amfu,32.7,2026-06-29,00:00:00,86.0,2026-06-28,00:00:00,2026-06-29 00:20:13,62.75,Zone 5,71.2,Zone 5,62.1,Zone 5,68.9,Zone 5,66.6,Zone 5,70.9,Zone 5,69.3,Zone 5,73.2,Zone 6,71.2,Zone 5,76.1,Zone 6
Jammu And Kashmir,Jammu,Jammu,30.2,2026-06-29,00:00:00,86.0,2026-06-28,00:00:00,2026-06-29 00:20:13,40.75,Zone 5,66.9,Zone 5,38.6,Zone 4,63.6,Zone 5,60.2,Zone 5,66.5,Zone 5,64.2,Zone 5,68.6,Zone 5,66.9,Zone 5,70.1,Zone 5
Jammu And Kashmir,Kathua,Kathua Kvk,29.9,2026-06-29,00:15:00,69.0,2026-06-28,00:15:00,2026-06-29 00:20:13,34.05000000000001,Zone 4,62.6,Zone 5,34.3,Zone 4,57.0,Zone 5,40.8,Zone 4,62.2,Zone 5,59.0,Zone 5,64.9,Zone 5,62.6,Zone 5,66.9,Zone 5
Jammu And Kashmir,Kishtwar,Gulabgarh,15.4,2026-06-29,00:00:00,66.0,2026-06-28,00:00:00,2026-06-29 00:20:13,14.150000000000034,Zone 3,29.0,Zone 4,14.3,Zone 3,25.1,Zone 3,21.5,Zone 3,29.0,Zone 4,25.1,Zone 3,32.8,Zone 4,29.0,Zone 4,36.4,Zone 4
Jammu And Kashmir,Kishtwar,Kishtwar,24.7,2026-06-29,00:00:00,77.0,2026-06-28,00:00:00,2026-06-29 00:20:13,25.850000000000023,Zone 4,47.1,Zone 5,25.6,Zone 4,36.2,Zone 4,31.4,Zone 4,45.6,Zone 5,36.7,Zone 4,59.3,Zone 5,47.1,Zone 5,62.0,Zone 5
Jammu And Kashmir,Kulgam,Kulgam Amfu,20.8,2026-06-29,00:15:00,78.0,2026-06-28,00:15:00,2026-06-29 00:20:13,21.450000000000045,Zone 3,36.1,Zone 4,21.7,Zone 3,31.2,Zone 4,26.6,Zone 4,35.8,Zone 4,31.5,Zone 4,43.0,Zone 5,36.1,Zone 4,56.3,Zone 5
Jammu And Kashmir,Kupwara,Kupw Kvk,21.1,2026-06-29,00:15:00,81.0,2026-06-28,00:15:00,2026-06-29 00:20:13,21.950000000000045,Zone 3,36.4,Zone 4,21.8,Zone 3,31.4,Zone 4,26.8,Zone 4,36.1,Zone 4,31.7,Zone 4,44.8,Zone 5,36.4,Zone 4,57.8,Zone 5
Jammu And Kashmir,Poonch,Poonch,23.7,2026-06-29,00:15:00,83.0,2026-06-28,00:15:00,2026-06-29 00:20:13,24.950000000000045,Zone 3,45.8,Zone 5,24.7,Zone 3,35.3,Zone 4,30.3,Zone 4,44.3,Zone 5,35.7,Zone 4,58.9,Zone 5,45.8,Zone 5,61.8,Zone 5
Jammu And Kashmir,Pulwama,Malangpura,19.1,2026-06-29,00:15:00,94.0,2026-06-28,00:15:00,2026-06-29 00:20:13,20.150000000000034,Zone 3,34.6,Zone 4,20.0,Zone 3,29.6,Zone 4,25.0,Zone 3,34.3,Zone 4,29.9,Zone 4,42.1,Zone 5,34.6,Zone 4,55.5,Zone 5
Jammu And Kashmir,Pulwama,Tral,22.3,2026-06-29,00:00:00,82.0,2026-06-28,00:00:00,2026-06-29 00:20:13,23.350000000000023,Zone 3,39.2,Zone 5,23.6,Zone 3,33.6,Zone 4,28.8,Zone 4,38.5,Zone 4,34.0,Zone 4,53.3,Zone 5,39.2,Zone 5,60.5,Zone 5
Jammu And Kashmir,Rajouri,Rajouri,23.0,2026-06-29,00:00:00,95.0,2026-06-28,00:00:00,2026-06-29 00:20:13,24.650000000000034,Zone 3,52.1,Zone 5,24.6,Zone 3,35.8,Zone 4,30.5,Zone 4,50.5,Zone 5,36.3,Zone 4,60.3,Zone 5,52.1,Zone 5,62.9,Zone 5
Jammu And Kashmir,Rajouri,Rajouri Arg,23.0,2026-06-29,00:00:00,94.0,2026-06-28,00:00:00,2026-06-29 00:20:13,24.55000000000001,Zone 3,51.3,Zone 5,24.6,Zone 3,35.7,Zone 4,30.5,Zone 4,49.7,Zone 5,36.2,Zone 4,60.1,Zone 5,51.3,Zone 5,62.8,Zone 5
Jammu And Kashmir,Ramban,Govindpura,28.3,2026-06-29,00:00:00,76.0,2026-06-28,00:00:00,2026-06-29 00:20:13,31.850000000000023,Zone 4,62.0,Zone 5,32.3,Zone 4,54.3,Zone 5,38.9,Zone 4,61.6,Zone 5,56.5,Zone 5,64.4,Zone 5,62.0,Zone 5,66.5,Zone 5
Jammu And Kashmir,Samba,Samba,29.9,2026-06-29,00:15:00,95.0,2026-06-28,00:15:00,2026-06-29 00:20:13,53.450000000000045,Zone 5,69.1,Zone 5,54.9,Zone 5,66.3,Zone 5,63.4,Zone 5,68.7,Zone 5,66.8,Zone 5,70.4,Zone 5,69.1,Zone 5,72.0,Zone 6
Jammu And Kashmir,Shopian,Shopian,19.0,2026-06-29,00:00:00,85.0,2026-06-28,00:00:00,2026-06-29 00:20:13,19.650000000000034,Zone 3,33.9,Zone 4,19.6,Zone 3,29.1,Zone 4,24.8,Zone 3,33.7,Zone 4,29.4,Zone 4,38.0,Zone 4,33.9,Zone 4,51.1,Zone 5
Jammu And Kashmir,Srinagar,Srinagar Amfu,20.9,2026-06-29,00:00:00,100.0,2026-06-28,00:00:00,2026-06-29 00:20:13,22.55000000000001,Zone 3,42.5,Zone 5,22.6,Zone 3,32.8,Zone 4,27.7,Zone 4,41.2,Zone 5,33.3,Zone 4,56.3,Zone 5,42.5,Zone 5,61.2,Zone 5
Jharkhand,Bokaro,Kv Bokaro,27.5,2026-06-29,00:15:00,100.0,2026-06-28,00:15:00,2026-06-29 00:20:13,34.150000000000034,Zone 4,65.8,Zone 5,34.1,Zone 4,62.3,Zone 5,57.3,Zone 5,65.4,Zone 5,62.9,Zone 5,67.7,Zone 5,65.8,Zone 5,69.3,Zone 5
Jharkhand,Deoghar,Deoghar Aws400,28.6,2026-06-29,00:15:00,86.0,2026-06-28,00:15:00,2026-06-29 00:20:13,34.35000000000002,Zone 4,64.4,Zone 5,34.1,Zone 4,60.6,Zone 5,48.9,Zone 5,64.0,Zone 5,61.2,Zone 5,66.4,Zone 5,64.4,Zone 5,68.2,Zone 5
Jharkhand,East Singhbhum,Bahragora,27.4,2026-06-29,00:15:00,97.0,2026-06-28,00:15:00,2026-06-29 00:20:13,33.25,Zone 4,65.2,Zone 5,33.5,Zone 4,61.5,Zone 5,53.6,Zone 5,64.8,Zone 5,62.1,Zone 5,67.1,Zone 5,65.2,Zone 5,68.8,Zone 5
Jharkhand,Gumla,Gumla-Bishnupur Kvk,25.2,2026-06-29,00:15:00,88.0,2026-06-28,00:15:00,2026-06-29 00:20:13,27.350000000000023,Zone 4,59.1,Zone 5,27.0,Zone 4,40.4,Zone 5,33.5,Zone 4,57.8,Zone 5,42.4,Zone 5,61.9,Zone 5,59.1,Zone 5,64.3,Zone 5
Jharkhand,Hazaribagh,Barhi,27.0,2026-06-29,00:15:00,95.0,2026-06-28,00:15:00,2026-06-29 00:20:13,31.850000000000023,Zone 4,63.9,Zone 5,31.8,Zone 4,60.0,Zone 5,45.8,Zone 5,63.5,Zone 5,60.5,Zone 5,66.0,Zone 5,63.9,Zone 5,67.9,Zone 5
Jharkhand,Khunti,Diyakel-Khunti Kvk,25.1,2026-06-29,00:15:00,,,,2026-06-29 00:20:13,,,,,,,,,,,,,,,,,,,,
Jharkhand,Kodarma,Kodarma,28.2,2026-06-29,00:15:00,97.0,2026-06-28,00:15:00,2026-06-29 00:20:13,35.650000000000034,Zone 4,66.0,Zone 5,35.0,Zone 4,62.6,Zone 5,58.5,Zone 5,65.7,Zone 5,63.1,Zone 5,67.8,Zone 5,66.0,Zone 5,69.5,Zone 5
Jharkhand,Latehar,Netarhat,24.3,2026-06-29,00:15:00,92.0,2026-06-28,00:15:00,2026-06-29 00:20:13,26.150000000000034,Zone 4,59.1,Zone 5,26.5,Zone 4,40.4,Zone 5,33.0,Zone 4,57.8,Zone 5,42.4,Zone 5,61.9,Zone 5,59.1,Zone 5,64.3,Zone 5
Jharkhand,Lohardaga,Lohardaga Kvk,24.5,2026-06-29,00:15:00,,,,2026-06-29 00:20:13,,,,,,,,,,,,,,,,,,,,
Jharkhand,Pakur,Pakur Kvk,27.0,2026-06-29,00:15:00,,,,2026-06-29 00:20:13,,,,,,,,,,,,,,,,,,,,
Jharkhand,Ramgarh,Ramgarh Kvk,,,,100.0,2026-06-28,00:15:00,2026-06-29 00:20:13,,,,,,,,,,,,,,,,,,,,
Jharkhand,Ranchi,Mc Ranchi,24.8,2026-06-29,00:00:00,100.0,2026-06-28,00:00:00,2026-06-29 00:20:13,27.55000000000001,Zone 4,61.5,Zone 5,28.0,Zone 4,51.8,Zone 5,35.2,Zone 4,61.1,Zone 5,54.1,Zone 5,64.0,Zone 5,61.5,Zone 5,66.1,Zone 5
Jharkhand,Ranchi,Ranchi Amfu,24.4,2026-06-29,00:00:00,90.0,2026-06-28,00:00:00,2026-06-29 00:20:13,26.150000000000034,Zone 4,57.8,Zone 5,26.3,Zone 4,38.7,Zone 5,32.7,Zone 4,56.3,Zone 5,40.7,Zone 5,61.5,Zone 5,57.8,Zone 5,64.0,Zone 5
Jharkhand,Saraikela,Saraikela,26.3,2026-06-29,00:15:00,100.0,2026-06-28,00:15:00,2026-06-29 00:20:13,30.850000000000023,Zone 4,64.1,Zone 5,31.3,Zone 4,60.2,Zone 5,47.0,Zone 5,63.7,Zone 5,60.8,Zone 5,66.2,Zone 5,64.1,Zone 5,68.0,Zone 5
Jharkhand,Simdega,Bano-Simdega Kvk,25.7,2026-06-29,00:15:00,92.0,2026-06-28,00:15:00,2026-06-29 00:20:13,28.650000000000034,Zone 4,60.7,Zone 5,28.2,Zone 4,48.0,Zone 5,35.1,Zone 4,60.3,Zone 5,50.3,Zone 5,63.3,Zone 5,60.7,Zone 5,65.5,Zone 5
Jharkhand,Simdega,Simdega,25.9,2026-06-29,00:15:00,95.0,2026-06-28,00:15:00,2026-06-29 00:20:13,29.350000000000023,Zone 4,62.2,Zone 5,29.5,Zone 4,55.1,Zone 5,36.8,Zone 5,61.8,Zone 5,57.2,Zone 5,64.5,Zone 5,62.2,Zone 5,66.6,Zone 5
Jharkhand,West Singhbhum,Jagannathpur-Bau Kvk,25.4,2026-06-29,00:15:00,,,,2026-06-29 00:20:13,,,,,,,,,,,,,,,,,,,,
Karnataka,Bagalkot,Bagalkot Kvk,24.7,2026-06-29,00:15:00,77.0,2026-06-28,00:15:00,2026-06-29 00:20:13,25.850000000000023,Zone 4,47.1,Zone 5,25.6,Zone 4,36.2,Zone 4,31.4,Zone 4,45.6,Zone 5,36.7,Zone 4,59.3,Zone 5,47.1,Zone 5,62.0,Zone 5
Karnataka,Bangalore Rural,Doddaballapura,22.4,2026-06-29,00:00:00,98.0,2026-06-28,00:00:00,2026-06-29 00:20:13,24.05000000000001,Zone 3,51.0,Zone 5,24.2,Zone 3,35.2,Zone 4,29.9,Zone 4,49.4,Zone 5,35.8,Zone 4,60.1,Zone 5,51.0,Zone 5,62.7,Zone 5
Karnataka,Bangalore Urban,Bangalore,23.1,2026-06-29,00:00:00,79.0,2026-06-28,00:00:00,2026-06-29 00:20:13,24.150000000000034,Zone 3,39.9,Zone 5,24.0,Zone 3,34.1,Zone 4,29.3,Zone 4,39.0,Zone 4,34.5,Zone 4,53.9,Zone 5,39.9,Zone 5,60.6,Zone 5
Karnataka,Bangalore Urban,Electronic City(Nice),22.6,2026-06-29,00:15:00,78.0,2026-06-28,00:15:00,2026-06-29 00:20:13,23.55000000000001,Zone 3,38.4,Zone 4,23.4,Zone 3,33.2,Zone 4,28.5,Zone 4,38.0,Zone 4,33.6,Zone 4,50.6,Zone 5,38.4,Zone 4,59.9,Zone 5
Karnataka,Bangalore Urban,Gopal Nagar,23.2,2026-06-29,00:00:00,88.0,2026-06-28,00:00:00,2026-06-29 00:20:13,24.55000000000001,Zone 3,46.6,Zone 5,24.3,Zone 3,35.0,Zone 4,30.0,Zone 4,45.1,Zone 5,35.5,Zone 4,59.1,Zone 5,46.6,Zone 5,61.9,Zone 5
Karnataka,Bangalore Urban,Madhavara(Nice),22.8,2026-06-29,00:00:00,80.0,2026-06-28,00:00:00,2026-06-29 00:20:13,23.850000000000023,Zone 3,40.6,Zone 5,24.0,Zone 3,34.2,Zone 4,29.4,Zone 4,39.3,Zone 5,34.6,Zone 4,54.6,Zone 5,40.6,Zone 5,60.8,Zone 5
Karnataka,Bellary,Hagari Kvk,26.3,2026-06-29,00:15:00,69.0,2026-06-28,00:15:00,2026-06-29 00:20:13,27.75,Zone 4,52.3,Zone 5,28.0,Zone 4,38.5,Zone 4,33.7,Zone 4,50.7,Zone 5,39.0,Zone 4,60.3,Zone 5,52.3,Zone 5,63.0,Zone 5
Karnataka,Bijapur,Tidagundi Amfu,24.8,2026-06-29,00:00:00,90.0,2026-06-28,00:00:00,2026-06-29 00:20:13,26.850000000000023,Zone 4,59.5,Zone 5,27.2,Zone 4,42.2,Zone 5,33.7,Zone 4,59.1,Zone 5,44.3,Zone 5,62.2,Zone 5,59.5,Zone 5,64.6,Zone 5
Karnataka,Chitradurga,Hiriyur,23.0,2026-06-29,00:15:00,93.0,2026-06-28,00:15:00,2026-06-29 00:20:13,24.55000000000001,Zone 3,50.5,Zone 5,24.5,Zone 3,35.6,Zone 4,30.4,Zone 4,48.9,Zone 5,36.1,Zone 4,60.0,Zone 5,50.5,Zone 5,62.6,Zone 5
Karnataka,Dakshina Kannada,Mangaluru,23.6,2026-06-29,00:15:00,100.0,2026-06-28,00:15:00,2026-06-29 00:20:13,25.450000000000045,Zone 4,58.9,Zone 5,25.3,Zone 3,39.9,Zone 5,31.9,Zone 4,57.4,Zone 5,42.0,Zone 5,61.8,Zone 5,58.9,Zone 5,64.2,Zone 5
Karnataka,Dharwad,Mugad,22.6,2026-06-29,00:15:00,95.0,2026-06-28,00:15:00,2026-06-29 00:20:13,24.150000000000034,Zone 3,48.7,Zone 5,24.1,Zone 3,34.9,Zone 4,29.7,Zone 4,47.2,Zone 5,35.4,Zone 4,59.6,Zone 5,48.7,Zone 5,62.3,Zone 5
Karnataka,Gulbarga,Gulbarga,25.0,2026-06-28,23:30:00,93.0,2026-06-28,23:30:00,2026-06-29 00:20:13,27.450000000000045,Zone 4,60.1,Zone 5,27.4,Zone 4,45.0,Zone 5,34.1,Zone 4,59.7,Zone 5,47.3,Zone 5,62.8,Zone 5,60.1,Zone 5,65.1,Zone 5
Karnataka,Gulbarga,Raddewadgi,24.6,2026-06-28,23:30:00,94.0,2026-06-28,23:30:00,2026-06-29 00:20:13,26.75,Zone 4,59.5,Zone 5,26.6,Zone 4,42.1,Zone 5,33.2,Zone 4,59.1,Zone 5,44.3,Zone 5,62.2,Zone 5,59.5,Zone 5,64.6,Zone 5
Karnataka,Hassan,Hassan,21.3,2026-06-29,00:15:00,100.0,2026-06-28,00:15:00,2026-06-29 00:20:13,22.950000000000045,Zone 3,45.7,Zone 5,23.2,Zone 3,33.6,Zone 4,28.5,Zone 4,44.3,Zone 5,34.1,Zone 4,58.9,Zone 5,45.7,Zone 5,61.8,Zone 5
Karnataka,Koppal,Koppal,29.1,2026-06-29,00:15:00,67.0,2026-06-28,00:15:00,2026-06-29 00:20:13,32.150000000000034,Zone 4,60.5,Zone 5,31.9,Zone 4,47.2,Zone 5,38.1,Zone 4,60.1,Zone 5,49.5,Zone 5,63.1,Zone 5,60.5,Zone 5,65.4,Zone 5
Karnataka,Mandya,Mandya Kvk,22.1,2026-06-29,00:15:00,83.0,2026-06-28,00:15:00,2026-06-29 00:20:13,23.150000000000034,Zone 3,38.2,Zone 4,23.0,Zone 3,32.9,Zone 4,28.2,Zone 4,37.8,Zone 4,33.3,Zone 4,51.3,Zone 5,38.2,Zone 4,60.1,Zone 5
Karnataka,Ramanagara,Chandurayanghalli Kvk,21.5,2026-06-29,00:15:00,75.0,2026-06-28,00:15:00,2026-06-29 00:20:13,22.150000000000034,Zone 3,36.5,Zone 4,22.1,Zone 3,31.7,Zone 4,27.1,Zone 4,36.2,Zone 4,31.9,Zone 4,43.5,Zone 5,36.5,Zone 4,56.8,Zone 5
Karnataka,Shivamogga,Agumbe,22.5,2026-06-29,00:15:00,100.0,2026-06-28,00:15:00,2026-06-29 00:20:13,24.25,Zone 3,52.5,Zone 5,24.3,Zone 3,35.4,Zone 4,30.1,Zone 4,50.9,Zone 5,36.0,Zone 4,60.4,Zone 5,52.5,Zone 5,63.0,Zone 5
Karnataka,Tumkur,Chikkanakalli,23.2,2026-06-29,00:15:00,98.0,2026-06-28,00:15:00,2026-06-29 00:20:13,24.950000000000045,Zone 3,54.3,Zone 5,24.7,Zone 3,36.2,Zone 4,30.8,Zone 4,52.8,Zone 5,37.0,Zone 5,60.8,Zone 5,54.3,Zone 5,63.3,Zone 5
Kerala,Alappuzha,Karumadi,25.4,2026-06-29,00:15:00,,,,2026-06-29 00:20:13,,,,,,,,,,,,,,,,,,,,
Kerala,Alappuzha,Nooranad,24.5,2026-06-29,00:15:00,92.0,2026-06-28,00:15:00,2026-06-29 00:20:13,26.450000000000045,Zone 4,59.1,Zone 5,26.5,Zone 4,40.4,Zone 5,33.0,Zone 4,57.8,Zone 5,42.4,Zone 5,61.9,Zone 5,59.1,Zone 5,64.3,Zone 5
Kerala,Alappuzha,Thycattussery,24.3,2026-06-29,00:15:00,100.0,2026-06-28,00:15:00,2026-06-29 00:20:13,26.650000000000034,Zone 4,60.7,Zone 5,27.0,Zone 4,47.6,Zone 5,34.0,Zone 4,60.2,Zone 5,50.0,Zone 5,63.2,Zone 5,60.7,Zone 5,65.5,Zone 5
Kerala,Ernakulam,Aluva,24.2,2026-06-29,00:15:00,100.0,2026-06-28,00:15:00,2026-06-29 00:20:13,26.450000000000045,Zone 4,59.8,Zone 5,26.1,Zone 4,43.6,Zone 5,32.9,Zone 4,59.4,Zone 5,45.9,Zone 5,62.5,Zone 5,59.8,Zone 5,64.8,Zone 5
Kerala,Ernakulam,Boat Jetty Kgov,23.7,2026-06-29,00:00:00,100.0,2026-06-28,00:00:00,2026-06-29 00:20:13,25.650000000000034,Zone 4,58.9,Zone 5,25.3,Zone 3,39.9,Zone 5,31.9,Zone 4,57.4,Zone 5,42.0,Zone 5,61.8,Zone 5,58.9,Zone 5,64.2,Zone 5
Kerala,Ernakulam,Choondi,24.1,2026-06-29,00:15:00,,,,2026-06-29 00:20:13,,,,,,,,,,,,,,,,,,,,
Kerala,Ernakulam,Dhground Kgov,24.2,2026-06-29,00:00:00,100.0,2026-06-28,00:00:00,2026-06-29 00:20:13,26.450000000000045,Zone 4,59.8,Zone 5,26.1,Zone 4,43.6,Zone 5,32.9,Zone 4,59.4,Zone 5,45.9,Zone 5,62.5,Zone 5,59.8,Zone 5,64.8,Zone 5
Kerala,Ernakulam,Kadavanthra Kgov,23.8,2026-06-28,23:45:00,100.0,2026-06-28,23:45:00,2026-06-29 00:20:13,25.75,Zone 4,59.8,Zone 5,26.1,Zone 4,43.6,Zone 5,32.9,Zone 4,59.4,Zone 5,45.9,Zone 5,62.5,Zone 5,59.8,Zone 5,64.8,Zone 5
Kerala,Ernakulam,Kalamassery,23.2,2026-06-29,00:15:00,89.0,2026-06-28,00:15:00,2026-06-29 00:20:13,24.55000000000001,Zone 3,47.4,Zone 5,24.4,Zone 3,35.1,Zone 4,30.0,Zone 4,45.9,Zone 5,35.6,Zone 4,59.3,Zone 5,47.4,Zone 5,62.1,Zone 5
Kerala,Ernakulam,Koothattukulam,24.0,2026-06-29,00:15:00,100.0,2026-06-28,00:15:00,2026-06-29 00:20:13,26.150000000000034,Zone 4,59.8,Zone 5,26.1,Zone 4,43.6,Zone 5,32.9,Zone 4,59.4,Zone 5,45.9,Zone 5,62.5,Zone 5,59.8,Zone 5,64.8,Zone 5
Kerala,Ernakulam,Odakkali,23.7,2026-06-29,00:15:00,100.0,2026-06-28,00:15:00,2026-06-29 00:20:13,25.650000000000034,Zone 4,58.9,Zone 5,25.3,Zone 3,39.9,Zone 5,31.9,Zone 4,57.4,Zone 5,42.0,Zone 5,61.8,Zone 5,58.9,Zone 5,64.2,Zone 5
Kerala,Idukki,Ayyappankovil,20.8,2026-06-29,00:15:00,100.0,2026-06-28,00:15:00,2026-06-29 00:20:13,22.350000000000023,Zone 3,42.5,Zone 5,22.6,Zone 3,32.8,Zone 4,27.7,Zone 4,41.2,Zone 5,33.3,Zone 4,56.3,Zone 5,42.5,Zone 5,61.2,Zone 5
Kerala,Idukki,Cheruthoni,21.0,2026-06-29,00:00:00,100.0,2026-06-28,00:00:00,2026-06-29 00:20:13,22.650000000000034,Zone 3,42.5,Zone 5,22.6,Zone 3,32.8,Zone 4,27.7,Zone 4,41.2,Zone 5,33.3,Zone 4,56.3,Zone 5,42.5,Zone 5,61.2,Zone 5
Kerala,Idukki,Kovilkadavu,24.6,2026-06-29,00:15:00,64.0,2026-06-28,00:15:00,2026-06-29 00:20:13,25.150000000000034,Zone 3,39.6,Zone 4,25.0,Zone 3,34.7,Zone 4,30.2,Zone 4,39.3,Zone 4,35.1,Zone 4,50.8,Zone 5,39.6,Zone 4,59.9,Zone 5
Kerala,Idukki,Munnar,17.9,2026-06-29,00:15:00,100.0,2026-06-28,00:15:00,2026-06-29 00:20:13,18.950000000000045,Zone 3,33.6,Zone 4,19.1,Zone 3,28.6,Zone 4,24.4,Zone 3,33.3,Zone 4,28.9,Zone 4,40.2,Zone 5,33.6,Zone 4,53.7,Zone 5
Kerala,Idukki,Pampadumpara,19.0,2026-06-29,00:15:00,100.0,2026-06-28,00:15:00,2026-06-29 00:20:13,20.25,Zone 3,35.1,Zone 4,20.3,Zone 3,29.9,Zone 4,25.1,Zone 3,34.8,Zone 4,30.2,Zone 4,45.3,Zone 5,35.1,Zone 4,58.2,Zone 5
Kerala,Idukki,Sengulam Dam,20.1,2026-06-28,23:30:00,,,,2026-06-29 00:20:13,,,,,,,,,,,,,,,,,,,,
Kerala,Idukki,Udumbannoor,22.9,2026-06-29,00:00:00,100.0,2026-06-28,00:00:00,2026-06-29 00:20:13,24.650000000000034,Zone 3,55.8,Zone 5,24.8,Zone 3,36.7,Zone 5,31.0,Zone 4,54.3,Zone 5,38.5,Zone 5,61.1,Zone 5,55.8,Zone 5,63.6,Zone 5
Kerala,Idukki,Vattavada,17.1,2026-06-28,23:45:00,93.0,2026-06-28,23:45:00,2026-06-29 00:20:13,17.650000000000034,Zone 3,31.8,Zone 4,17.5,Zone 3,27.2,Zone 4,23.4,Zone 3,31.7,Zone 4,27.4,Zone 4,35.9,Zone 4,31.8,Zone 4,45.8,Zone 5
Kerala,Kannur,Aralam,23.9,2026-06-29,00:15:00,100.0,2026-06-28,00:15:00,2026-06-29 00:20:13,25.950000000000045,Zone 4,59.8,Zone 5,26.1,Zone 4,43.6,Zone 5,32.9,Zone 4,59.4,Zone 5,45.9,Zone 5,62.5,Zone 5,59.8,Zone 5,64.8,Zone 5
Kerala,Kannur,Ayyankunnu,24.3,2026-06-29,00:00:00,100.0,2026-06-28,00:00:00,2026-06-29 00:20:13,26.650000000000034,Zone 4,60.7,Zone 5,27.0,Zone 4,47.6,Zone 5,34.0,Zone 4,60.2,Zone 5,50.0,Zone 5,63.2,Zone 5,60.7,Zone 5,65.5,Zone 5
Kerala,Kannur,Cheruvanchery,24.4,2026-06-29,00:15:00,100.0,2026-06-28,00:15:00,2026-06-29 00:20:13,26.850000000000023,Zone 4,60.7,Zone 5,27.0,Zone 4,47.6,Zone 5,34.0,Zone 4,60.2,Zone 5,50.0,Zone 5,63.2,Zone 5,60.7,Zone 5,65.5,Zone 5
Kerala,Kannur,Kannur-Icar,25.4,2026-06-29,00:15:00,100.0,2026-06-28,00:15:00,2026-06-29 00:20:13,28.75,Zone 4,62.4,Zone 5,29.0,Zone 4,55.9,Zone 5,37.6,Zone 5,62.0,Zone 5,58.0,Zone 5,64.7,Zone 5,62.4,Zone 5,66.7,Zone 5
Kerala,Kannur,Peringome,24.3,2026-06-29,00:00:00,100.0,2026-06-28,00:00:00,2026-06-29 00:20:13,26.650000000000034,Zone 4,60.7,Zone 5,27.0,Zone 4,47.6,Zone 5,34.0,Zone 4,60.2,Zone 5,50.0,Zone 5,63.2,Zone 5,60.7,Zone 5,65.5,Zone 5
Kerala,Kannur,Pinarayi,,,,100.0,2026-06-28,05:15:00,2026-06-29 00:20:13,,,,,,,,,,,,,,,,,,,,
Kerala,Kasaragod,Bayar,24.8,2026-06-29,00:15:00,100.0,2026-06-28,00:15:00,2026-06-29 00:20:13,27.55000000000001,Zone 4,61.5,Zone 5,28.0,Zone 4,51.8,Zone 5,35.2,Zone 4,61.1,Zone 5,54.1,Zone 5,64.0,Zone 5,61.5,Zone 5,66.1,Zone 5
Kerala,Kasaragod,Kudlu Afmu,,,,100.0,2026-06-28,00:00:00,2026-06-29 00:20:13,,,,,,,,,,,,,,,,,,,,
Kerala,Kasaragod,Madikkai,24.8,2026-06-29,00:15:00,100.0,2026-06-28,00:15:00,2026-06-29 00:20:13,27.55000000000001,Zone 4,61.5,Zone 5,28.0,Zone 4,51.8,Zone 5,35.2,Zone 4,61.1,Zone 5,54.1,Zone 5,64.0,Zone 5,61.5,Zone 5,66.1,Zone 5
Kerala,Kasaragod,Muliyar,23.8,2026-06-28,23:45:00,100.0,2026-06-28,23:45:00,2026-06-29 00:20:13,25.75,Zone 4,59.8,Zone 5,26.1,Zone 4,43.6,Zone 5,32.9,Zone 4,59.4,Zone 5,45.9,Zone 5,62.5,Zone 5,59.8,Zone 5,64.8,Zone 5
Kerala,Kasaragod,Padannakkad,25.2,2026-06-29,00:15:00,100.0,2026-06-28,00:15:00,2026-06-29 00:20:13,28.350000000000023,Zone 4,61.5,Zone 5,28.0,Zone 4,51.8,Zone 5,35.2,Zone 4,61.1,Zone 5,54.1,Zone 5,64.0,Zone 5,61.5,Zone 5,66.1,Zone 5
Kerala,Kasaragod,Panathur,24.1,2026-06-29,00:15:00,100.0,2026-06-28,00:15:00,2026-06-29 00:20:13,26.350000000000023,Zone 4,59.8,Zone 5,26.1,Zone 4,43.6,Zone 5,32.9,Zone 4,59.4,Zone 5,45.9,Zone 5,62.5,Zone 5,59.8,Zone 5,64.8,Zone 5
Kerala,Kollam,Chavara,24.9,2026-06-29,00:15:00,100.0,2026-06-28,00:15:00,2026-06-29 00:20:13,27.75,Zone 4,61.5,Zone 5,28.0,Zone 4,51.8,Zone 5,35.2,Zone 4,61.1,Zone 5,54.1,Zone 5,64.0,Zone 5,61.5,Zone 5,66.1,Zone 5
Kerala,Kollam,Karuvelil Tkmit,24.0,2026-06-29,00:15:00,88.0,2026-06-28,00:15:00,2026-06-29 00:20:13,25.450000000000045,Zone 4,53.1,Zone 5,25.5,Zone 4,36.8,Zone 4,31.6,Zone 4,51.6,Zone 5,37.3,Zone 4,60.5,Zone 5,53.1,Zone 5,63.1,Zone 5
Kerala,Kollam,Parippally,23.6,2026-06-28,23:45:00,100.0,2026-06-28,23:45:00,2026-06-29 00:20:13,25.450000000000045,Zone 4,58.9,Zone 5,25.3,Zone 3,39.9,Zone 5,31.9,Zone 4,57.4,Zone 5,42.0,Zone 5,61.8,Zone 5,58.9,Zone 5,64.2,Zone 5
Kerala,Kottayam,Vadavathoor,24.3,2026-06-29,00:15:00,100.0,2026-06-28,00:15:00,2026-06-29 00:20:13,26.650000000000034,Zone 4,60.7,Zone 5,27.0,Zone 4,47.6,Zone 5,34.0,Zone 4,60.2,Zone 5,50.0,Zone 5,63.2,Zone 5,60.7,Zone 5,65.5,Zone 5
Kerala,Kottayam,Vaikkom,24.3,2026-06-29,00:15:00,100.0,2026-06-28,00:15:00,2026-06-29 00:20:13,26.650000000000034,Zone 4,60.7,Zone 5,27.0,Zone 4,47.6,Zone 5,34.0,Zone 4,60.2,Zone 5,50.0,Zone 5,63.2,Zone 5,60.7,Zone 5,65.5,Zone 5
Kerala,Kozhikode,Kozhikode,27.0,2026-06-29,00:00:00,48.0,2026-06-28,00:00:00,2026-06-29 00:20:13,27.150000000000034,Zone 4,40.9,Zone 4,27.2,Zone 4,36.3,Zone 4,32.1,Zone 4,40.6,Zone 4,36.6,Zone 4,49.6,Zone 5,40.9,Zone 4,59.7,Zone 5
Kerala,Kozhikode,Kunnamangalam,25.0,2026-06-29,00:15:00,100.0,2026-06-28,00:15:00,2026-06-29 00:20:13,27.950000000000045,Zone 4,61.5,Zone 5,28.0,Zone 4,51.8,Zone 5,35.2,Zone 4,61.1,Zone 5,54.1,Zone 5,64.0,Zone 5,61.5,Zone 5,66.1,Zone 5
Kerala,Kozhikode,Urumi,23.8,2026-06-29,00:15:00,100.0,2026-06-28,00:15:00,2026-06-29 00:20:13,25.75,Zone 4,59.8,Zone 5,26.1,Zone 4,43.6,Zone 5,32.9,Zone 4,59.4,Zone 5,45.9,Zone 5,62.5,Zone 5,59.8,Zone 5,64.8,Zone 5
Kerala,Kozhikode,Vadakara,24.9,2026-06-29,00:00:00,94.0,2026-06-28,00:00:00,2026-06-29 00:20:13,27.350000000000023,Zone 4,60.3,Zone 5,27.5,Zone 4,45.9,Zone 5,34.3,Zone 4,59.9,Zone 5,48.3,Zone 5,62.9,Zone 5,60.3,Zone 5,65.2,Zone 5
Kerala,Kozhikode,Vilangad,23.6,2026-06-29,00:15:00,100.0,2026-06-28,00:15:00,2026-06-29 00:20:13,25.450000000000045,Zone 4,58.9,Zone 5,25.3,Zone 3,39.9,Zone 5,31.9,Zone 4,57.4,Zone 5,42.0,Zone 5,61.8,Zone 5,58.9,Zone 5,64.2,Zone 5
Kerala,Malappuram,Nilambur,25.3,2026-06-29,00:00:00,100.0,2026-06-28,00:00:00,2026-06-29 00:20:13,28.55000000000001,Zone 4,62.4,Zone 5,29.0,Zone 4,55.9,Zone 5,37.6,Zone 5,62.0,Zone 5,58.0,Zone 5,64.7,Zone 5,62.4,Zone 5,66.7,Zone 5
Kerala,Malappuram,Palemad,24.6,2026-06-29,00:15:00,100.0,2026-06-28,00:15:00,2026-06-29 00:20:13,27.25,Zone 4,60.7,Zone 5,27.0,Zone 4,47.6,Zone 5,34.0,Zone 4,60.2,Zone 5,50.0,Zone 5,63.2,Zone 5,60.7,Zone 5,65.5,Zone 5
Kerala,Malappuram,Thavanur Kvk,24.9,2026-06-29,00:00:00,100.0,2026-06-28,00:00:00,2026-06-29 00:20:13,27.75,Zone 4,61.5,Zone 5,28.0,Zone 4,51.8,Zone 5,35.2,Zone 4,61.1,Zone 5,54.1,Zone 5,64.0,Zone 5,61.5,Zone 5,66.1,Zone 5
Kerala,Palakkad,Kollengode,26.4,2026-06-29,00:00:00,82.0,2026-06-28,00:00:00,2026-06-29 00:20:13,28.950000000000045,Zone 4,60.2,Zone 5,29.1,Zone 4,45.5,Zone 5,35.6,Zone 4,59.8,Zone 5,47.8,Zone 5,62.9,Zone 5,60.2,Zone 5,65.1,Zone 5
Kerala,Palakkad,Malampuzha Dam,24.9,2026-06-28,23:45:00,93.0,2026-06-28,23:45:00,2026-06-29 00:20:13,27.25,Zone 4,60.1,Zone 5,27.4,Zone 4,45.0,Zone 5,34.1,Zone 4,59.7,Zone 5,47.3,Zone 5,62.8,Zone 5,60.1,Zone 5,65.1,Zone 5
Kerala,Palakkad,Mangalam Dam,25.1,2026-06-29,00:15:00,100.0,2026-06-28,00:15:00,2026-06-29 00:20:13,28.150000000000034,Zone 4,61.5,Zone 5,28.0,Zone 4,51.8,Zone 5,35.2,Zone 4,61.1,Zone 5,54.1,Zone 5,64.0,Zone 5,61.5,Zone 5,66.1,Zone 5
Kerala,Palakkad,Mankara,27.1,2026-06-29,00:00:00,68.0,2026-06-28,00:00:00,2026-06-29 00:20:13,28.850000000000023,Zone 4,54.4,Zone 5,28.7,Zone 4,39.3,Zone 4,34.4,Zone 4,52.8,Zone 5,39.8,Zone 4,60.8,Zone 5,54.4,Zone 5,63.3,Zone 5
Kerala,Palakkad,Mannarkkad,25.3,2026-06-29,00:15:00,100.0,2026-06-28,00:15:00,2026-06-29 00:20:13,28.55000000000001,Zone 4,62.4,Zone 5,29.0,Zone 4,55.9,Zone 5,37.6,Zone 5,62.0,Zone 5,58.0,Zone 5,64.7,Zone 5,62.4,Zone 5,66.7,Zone 5
Kerala,Palakkad,Ottapalam,24.5,2026-06-28,23:45:00,100.0,2026-06-28,23:45:00,2026-06-29 00:20:13,27.05000000000001,Zone 4,60.7,Zone 5,27.0,Zone 4,47.6,Zone 5,34.0,Zone 4,60.2,Zone 5,50.0,Zone 5,63.2,Zone 5,60.7,Zone 5,65.5,Zone 5
Kerala,Palakkad,Pothundy Dam,25.4,2026-06-29,00:15:00,100.0,2026-06-28,00:15:00,2026-06-29 00:20:13,28.75,Zone 4,62.4,Zone 5,29.0,Zone 4,55.9,Zone 5,37.6,Zone 5,62.0,Zone 5,58.0,Zone 5,64.7,Zone 5,62.4,Zone 5,66.7,Zone 5
Kerala,Palakkad,Vannamada,25.6,2026-06-28,23:30:00,100.0,2026-06-28,23:30:00,2026-06-29 00:20:13,29.25,Zone 4,62.4,Zone 5,29.0,Zone 4,55.9,Zone 5,37.6,Zone 5,62.0,Zone 5,58.0,Zone 5,64.7,Zone 5,62.4,Zone 5,66.7,Zone 5
Kerala,Pathanamthitta,Konni,23.4,2026-06-29,00:15:00,98.0,2026-06-28,00:15:00,2026-06-29 00:20:13,25.150000000000034,Zone 3,57.5,Zone 5,25.2,Zone 3,38.4,Zone 5,31.7,Zone 4,56.0,Zone 5,40.3,Zone 5,61.5,Zone 5,57.5,Zone 5,63.9,Zone 5
Kerala,Pathanamthitta,Laha,22.8,2026-06-29,00:15:00,100.0,2026-06-28,00:15:00,2026-06-29 00:20:13,24.55000000000001,Zone 3,55.8,Zone 5,24.8,Zone 3,36.7,Zone 5,31.0,Zone 4,54.3,Zone 5,38.5,Zone 5,61.1,Zone 5,55.8,Zone 5,63.6,Zone 5
Kerala,Pathanamthitta,Pathanamthitta,24.2,2026-06-28,23:30:00,100.0,2026-06-28,23:30:00,2026-06-29 00:20:13,26.450000000000045,Zone 4,59.8,Zone 5,26.1,Zone 4,43.6,Zone 5,32.9,Zone 4,59.4,Zone 5,45.9,Zone 5,62.5,Zone 5,59.8,Zone 5,64.8,Zone 5
Kerala,Pathanamthitta,Ranni Chethackal,23.1,2026-06-29,00:15:00,100.0,2026-06-28,00:15:00,2026-06-29 00:20:13,24.850000000000023,Zone 3,55.8,Zone 5,24.8,Zone 3,36.7,Zone 5,31.0,Zone 4,54.3,Zone 5,38.5,Zone 5,61.1,Zone 5,55.8,Zone 5,63.6,Zone 5
Kerala,Pathanamthitta,Ulanadu,24.4,2026-06-29,00:15:00,88.0,2026-06-28,00:15:00,2026-06-29 00:20:13,26.05000000000001,Zone 4,56.3,Zone 5,26.2,Zone 4,37.8,Zone 4,32.5,Zone 4,54.8,Zone 5,39.0,Zone 5,61.2,Zone 5,56.3,Zone 5,63.7,Zone 5
Kerala,Pathanamthitta,Venkurinji,23.7,2026-06-29,00:00:00,100.0,2026-06-28,00:00:00,2026-06-29 00:20:13,25.650000000000034,Zone 4,58.9,Zone 5,25.3,Zone 3,39.9,Zone 5,31.9,Zone 4,57.4,Zone 5,42.0,Zone 5,61.8,Zone 5,58.9,Zone 5,64.2,Zone 5
Kerala,Thiruvananthapuram,Palode,24.0,2026-06-28,23:45:00,96.0,2026-06-28,23:45:00,2026-06-29 00:20:13,25.850000000000023,Zone 4,59.0,Zone 5,25.9,Zone 4,40.2,Zone 5,32.5,Zone 4,57.7,Zone 5,42.3,Zone 5,61.8,Zone 5,59.0,Zone 5,64.3,Zone 5
Kerala,Thiruvananthapuram,Peppara,25.9,2026-06-29,00:15:00,84.0,2026-06-28,00:15:00,2026-06-29 00:20:13,28.25,Zone 4,59.8,Zone 5,28.4,Zone 4,43.8,Zone 5,34.9,Zone 4,59.4,Zone 5,46.0,Zone 5,62.5,Zone 5,59.8,Zone 5,64.9,Zone 5
Kerala,Thiruvananthapuram,Ponmudi,19.8,2026-06-29,00:15:00,100.0,2026-06-28,00:15:00,2026-06-29 00:20:13,21.25,Zone 3,36.9,Zone 5,21.5,Zone 3,31.3,Zone 4,26.3,Zone 4,36.3,Zone 4,31.7,Zone 4,50.8,Zone 5,36.9,Zone 5,60.0,Zone 5
Kerala,Thiruvananthapuram,Thattathumala,23.6,2026-06-29,00:15:00,100.0,2026-06-28,00:15:00,2026-06-29 00:20:13,25.450000000000045,Zone 4,58.9,Zone 5,25.3,Zone 3,39.9,Zone 5,31.9,Zone 4,57.4,Zone 5,42.0,Zone 5,61.8,Zone 5,58.9,Zone 5,64.2,Zone 5
Kerala,Thiruvananthapuram,Thiruvananthapuram,23.8,2026-06-29,00:15:00,82.0,2026-06-28,00:15:00,2026-06-29 00:20:13,24.950000000000045,Zone 3,48.2,Zone 5,25.2,Zone 3,36.0,Zone 4,31.0,Zone 4,46.6,Zone 5,36.5,Zone 4,59.5,Zone 5,48.2,Zone 5,62.2,Zone 5
Kerala,Thiruvananthapuram,Varkala,23.6,2026-06-29,00:15:00,100.0,2026-06-28,00:15:00,2026-06-29 00:20:13,25.450000000000045,Zone 4,58.9,Zone 5,25.3,Zone 3,39.9,Zone 5,31.9,Zone 4,57.4,Zone 5,42.0,Zone 5,61.8,Zone 5,58.9,Zone 5,64.2,Zone 5
Kerala,Thrissur,Athirappilly,24.2,2026-06-29,00:00:00,100.0,2026-06-28,00:00:00,2026-06-29 00:20:13,26.450000000000045,Zone 4,59.8,Zone 5,26.1,Zone 4,43.6,Zone 5,32.9,Zone 4,59.4,Zone 5,45.9,Zone 5,62.5,Zone 5,59.8,Zone 5,64.8,Zone 5
Kerala,Thrissur,Munakkal,24.2,2026-06-28,23:45:00,97.0,2026-06-28,23:45:00,2026-06-29 00:20:13,26.25,Zone 4,59.2,Zone 5,26.0,Zone 4,41.0,Zone 5,32.6,Zone 4,58.4,Zone 5,43.2,Zone 5,62.0,Zone 5,59.2,Zone 5,64.4,Zone 5
Kerala,Thrissur,Peechi,24.4,2026-06-28,23:30:00,100.0,2026-06-28,23:30:00,2026-06-29 00:20:13,26.850000000000023,Zone 4,60.7,Zone 5,27.0,Zone 4,47.6,Zone 5,34.0,Zone 4,60.2,Zone 5,50.0,Zone 5,63.2,Zone 5,60.7,Zone 5,65.5,Zone 5
Kerala,Wayanad,Kabanigiri,21.5,2026-06-28,23:30:00,100.0,2026-06-28,23:30:00,2026-06-29 00:20:13,23.150000000000034,Zone 3,45.7,Zone 5,23.2,Zone 3,33.6,Zone 4,28.5,Zone 4,44.3,Zone 5,34.1,Zone 4,58.9,Zone 5,45.7,Zone 5,61.8,Zone 5
Kerala,Wayanad,Kalpeta,20.8,2026-06-28,23:45:00,100.0,2026-06-28,23:45:00,2026-06-29 00:20:13,22.350000000000023,Zone 3,42.5,Zone 5,22.6,Zone 3,32.8,Zone 4,27.7,Zone 4,41.2,Zone 5,33.3,Zone 4,56.3,Zone 5,42.5,Zone 5,61.2,Zone 5
Kerala,Wayanad,Padamala,20.8,2026-06-29,00:00:00,100.0,2026-06-28,00:00:00,2026-06-29 00:20:13,22.350000000000023,Zone 3,42.5,Zone 5,22.6,Zone 3,32.8,Zone 4,27.7,Zone 4,41.2,Zone 5,33.3,Zone 4,56.3,Zone 5,42.5,Zone 5,61.2,Zone 5
Kerala,Wayanad,Padinjarathara Dam,21.9,2026-06-28,23:30:00,,,,2026-06-29 00:20:13,,,,,,,,,,,,,,,,,,,,
Ladakh,Kargil,Dras,12.3,2026-06-29,00:15:00,66.0,2026-06-28,00:15:00,2026-06-29 00:20:13,11.150000000000034,Zone 2,26.3,Zone 4,11.3,Zone 2,23.4,Zone 3,18.9,Zone 3,26.4,Zone 4,23.3,Zone 3,30.0,Zone 4,26.3,Zone 4,33.5,Zone 4
Ladakh,Kargil,Garkon,25.2,2026-06-29,00:00:00,16.0,2026-06-28,00:00:00,2026-06-29 00:20:13,23.350000000000023,Zone 3,34.8,Zone 4,23.1,Zone 3,31.4,Zone 4,27.8,Zone 4,34.8,Zone 4,31.4,Zone 4,38.1,Zone 4,34.8,Zone 4,41.2,Zone 4
Ladakh,Kargil,Kargil,21.0,2026-06-29,00:00:00,27.0,2026-06-28,00:00:00,2026-06-29 00:20:13,18.850000000000023,Zone 3,32.3,Zone 4,18.9,Zone 3,28.7,Zone 4,24.9,Zone 3,32.3,Zone 4,28.7,Zone 4,35.6,Zone 4,32.3,Zone 4,38.9,Zone 4
Ladakh,Kargil,Padum Kvk,16.6,2026-06-29,00:00:00,36.0,2026-06-28,00:00:00,2026-06-29 00:20:13,14.050000000000011,Zone 3,28.9,Zone 4,13.9,Zone 2,25.3,Zone 4,21.5,Zone 3,28.9,Zone 4,25.3,Zone 3,32.4,Zone 4,28.9,Zone 4,35.6,Zone 4
Ladakh,Leh,Khaltse,23.9,2026-06-29,00:00:00,20.0,2026-06-28,00:00:00,2026-06-29 00:20:13,21.950000000000045,Zone 3,34.3,Zone 4,22.1,Zone 3,30.8,Zone 4,27.2,Zone 4,34.3,Zone 4,30.9,Zone 4,37.6,Zone 4,34.3,Zone 4,40.8,Zone 4
Ladakh,Leh,Leh Amfu,15.0,2026-06-29,00:15:00,51.0,2026-06-28,00:15:00,2026-06-29 00:20:13,13.150000000000034,Zone 2,28.1,Zone 4,13.2,Zone 2,24.6,Zone 3,20.7,Zone 3,28.1,Zone 4,24.6,Zone 3,31.7,Zone 4,28.1,Zone 4,35.1,Zone 4
Ladakh,Leh,Mc Leh,17.5,2026-06-29,00:00:00,17.0,2026-06-28,00:00:00,2026-06-29 00:20:13,14.050000000000011,Zone 2,29.0,Zone 4,14.0,Zone 2,25.7,Zone 4,21.7,Zone 3,29.1,Zone 4,25.6,Zone 4,32.3,Zone 4,29.0,Zone 4,35.4,Zone 4
Ladakh,Leh,Nubra Hunder,17.9,2026-06-29,00:00:00,26.0,2026-06-28,00:00:00,2026-06-29 00:20:13,15.050000000000011,Zone 3,29.7,Zone 4,15.1,Zone 3,26.3,Zone 4,22.4,Zone 3,29.8,Zone 4,26.2,Zone 4,33.1,Zone 4,29.7,Zone 4,36.3,Zone 4
Ladakh,Leh,Nyoma Kvk,16.4,2026-06-29,00:00:00,29.0,2026-06-28,00:00:00,2026-06-29 00:20:13,13.550000000000011,Zone 2,28.6,Zone 4,13.6,Zone 2,25.2,Zone 3,21.3,Zone 3,28.7,Zone 4,25.1,Zone 3,32.1,Zone 4,28.6,Zone 4,35.3,Zone 4
Ladakh,Leh,Tangtse Durbuk,14.8,2026-06-29,00:00:00,24.0,2026-06-28,00:00:00,2026-06-29 00:20:13,11.850000000000023,Zone 2,27.4,Zone 4,12.0,Zone 2,24.3,Zone 3,19.8,Zone 3,27.5,Zone 4,24.2,Zone 3,30.7,Zone 4,27.4,Zone 4,33.9,Zone 4
Ladakh,Leh,Upshi,18.3,2026-06-29,00:00:00,29.0,2026-06-28,00:00:00,2026-06-29 00:20:13,15.650000000000034,Zone 3,30.3,Zone 4,15.9,Zone 3,26.7,Zone 4,22.9,Zone 3,30.3,Zone 4,26.7,Zone 4,33.7,Zone 4,30.3,Zone 4,36.9,Zone 4
Madhya Pradesh,Agar,Agar Malwa,26.6,2026-06-29,00:15:00,89.0,2026-06-28,00:15:00,2026-06-29 00:20:13,30.05000000000001,Zone 4,61.7,Zone 5,29.9,Zone 4,53.0,Zone 5,36.9,Zone 4,61.3,Zone 5,55.3,Zone 5,64.2,Zone 5,61.7,Zone 5,66.3,Zone 5
Madhya Pradesh,Ashoknagar,Aonwari Kvk,26.4,2026-06-28,23:45:00,75.0,2026-06-28,23:45:00,2026-06-29 00:20:13,28.350000000000023,Zone 4,57.7,Zone 5,28.5,Zone 4,39.6,Zone 4,34.5,Zone 4,56.2,Zone 5,40.5,Zone 5,61.5,Zone 5,57.7,Zone 5,64.0,Zone 5
Madhya Pradesh,Barwani,Talun Kvk,28.6,2026-06-29,00:15:00,77.0,2026-06-28,00:15:00,2026-06-29 00:20:13,32.650000000000034,Zone 4,62.2,Zone 5,32.5,Zone 4,55.4,Zone 5,39.2,Zone 4,61.8,Zone 5,57.5,Zone 5,64.6,Zone 5,62.2,Zone 5,66.7,Zone 5
Madhya Pradesh,Betul,Betul,,,,99.0,2026-06-28,00:00:00,2026-06-29 00:20:13,,,,,,,,,,,,,,,,,,,,
Madhya Pradesh,Bhopal,Berasia,27.8,2026-06-29,00:00:00,75.0,2026-06-28,00:00:00,2026-06-29 00:20:13,30.75,Zone 4,61.0,Zone 5,31.2,Zone 4,49.2,Zone 5,37.6,Zone 4,60.6,Zone 5,51.6,Zone 5,63.5,Zone 5,61.0,Zone 5,65.7,Zone 5
Madhya Pradesh,Bhopal,Islamnagar,26.7,2026-06-29,00:00:00,84.0,2026-06-28,00:00:00,2026-06-29 00:20:13,29.75,Zone 4,60.6,Zone 5,29.3,Zone 4,47.6,Zone 5,36.0,Zone 4,60.2,Zone 5,50.0,Zone 5,63.2,Zone 5,60.6,Zone 5,65.5,Zone 5
Madhya Pradesh,Bhopal ,Bhopal,26.6,2026-06-29,00:00:00,92.0,2026-06-28,00:00:00,2026-06-29 00:20:13,30.450000000000045,Zone 4,62.4,Zone 5,30.2,Zone 4,56.0,Zone 5,37.7,Zone 5,62.0,Zone 5,58.1,Zone 5,64.7,Zone 5,62.4,Zone 5,66.8,Zone 5
Madhya Pradesh,Dhar,Dhar,25.8,2026-06-29,00:00:00,88.0,2026-06-28,00:00:00,2026-06-29 00:20:13,28.450000000000045,Zone 4,60.7,Zone 5,28.8,Zone 4,47.9,Zone 5,35.5,Zone 4,60.3,Zone 5,50.2,Zone 5,63.3,Zone 5,60.7,Zone 5,65.5,Zone 5
Madhya Pradesh,Guna,Aron Kvk,,,,79.0,2026-06-28,00:00:00,2026-06-29 00:20:13,,,,,,,,,,,,,,,,,,,,
Madhya Pradesh,Hoshangabad,Pachmarhi Aec,24.3,2026-06-29,00:15:00,90.0,2026-06-28,00:15:00,2026-06-29 00:20:13,26.05000000000001,Zone 4,57.8,Zone 5,26.3,Zone 4,38.7,Zone 5,32.7,Zone 4,56.3,Zone 5,40.7,Zone 5,61.5,Zone 5,57.8,Zone 5,64.0,Zone 5
Madhya Pradesh,Mandsaur,Mandsour,25.3,2026-06-29,00:00:00,82.0,2026-06-28,00:00:00,2026-06-29 00:20:13,27.150000000000034,Zone 4,57.6,Zone 5,27.4,Zone 4,38.8,Zone 4,33.6,Zone 4,56.1,Zone 5,40.4,Zone 5,61.5,Zone 5,57.6,Zone 5,64.0,Zone 5
Madhya Pradesh,Narsinghpur,Narsinghpur,29.9,2026-06-29,00:00:00,74.0,2026-06-28,00:00:00,2026-06-29 00:20:13,35.05000000000001,Zone 4,63.9,Zone 5,35.3,Zone 4,60.0,Zone 5,45.9,Zone 5,63.5,Zone 5,60.6,Zone 5,66.0,Zone 5,63.9,Zone 5,67.9,Zone 5
Madhya Pradesh,Neemuch,Marukheda Kvk,25.9,2026-06-29,00:15:00,97.0,2026-06-28,00:15:00,2026-06-29 00:20:13,29.55000000000001,Zone 4,62.6,Zone 5,29.8,Zone 4,57.0,Zone 5,38.8,Zone 5,62.2,Zone 5,59.0,Zone 5,64.9,Zone 5,62.6,Zone 5,66.9,Zone 5
Madhya Pradesh,Niwari,Prithvipur,31.1,2026-06-29,00:00:00,57.0,2026-06-28,00:00:00,2026-06-29 00:20:13,34.25,Zone 4,60.8,Zone 5,34.0,Zone 4,48.6,Zone 5,39.9,Zone 4,60.4,Zone 5,50.8,Zone 5,63.4,Zone 5,60.8,Zone 5,65.6,Zone 5
Madhya Pradesh,Rajgarh,Rajgarh Kvk,26.1,2026-06-29,00:15:00,96.0,2026-06-28,00:15:00,2026-06-29 00:20:13,29.850000000000023,Zone 4,62.4,Zone 5,29.6,Zone 4,56.0,Zone 5,37.8,Zone 5,62.0,Zone 5,58.2,Zone 5,64.7,Zone 5,62.4,Zone 5,66.8,Zone 5
Madhya Pradesh,Sagar,Khurai,27.0,2026-06-29,00:00:00,99.0,2026-06-28,00:00:00,2026-06-29 00:20:13,32.450000000000045,Zone 4,64.7,Zone 5,32.5,Zone 4,61.0,Zone 5,51.0,Zone 5,64.3,Zone 5,61.6,Zone 5,66.7,Zone 5,64.7,Zone 5,68.5,Zone 5
Madhya Pradesh,Sagar,Sagar,27.2,2026-06-29,00:00:00,75.0,2026-06-28,00:00:00,2026-06-29 00:20:13,29.650000000000034,Zone 4,59.4,Zone 5,29.3,Zone 4,41.9,Zone 5,35.5,Zone 4,59.0,Zone 5,44.0,Zone 5,62.2,Zone 5,59.4,Zone 5,64.6,Zone 5
Madhya Pradesh,Satna,Satna,30.9,2026-06-29,00:00:00,57.0,2026-06-28,00:00:00,2026-06-29 00:20:13,33.85000000000002,Zone 4,60.8,Zone 5,34.0,Zone 4,48.6,Zone 5,39.9,Zone 4,60.4,Zone 5,50.8,Zone 5,63.4,Zone 5,60.8,Zone 5,65.6,Zone 5
Madhya Pradesh,Sehore,Ahmadpur Iitm,23.2,2026-06-29,00:15:00,94.0,2026-06-28,00:15:00,2026-06-29 00:20:13,24.75,Zone 3,51.3,Zone 5,24.6,Zone 3,35.7,Zone 4,30.5,Zone 4,49.7,Zone 5,36.2,Zone 4,60.1,Zone 5,51.3,Zone 5,62.8,Zone 5
Madhya Pradesh,Sehore,Bhairunda,28.7,2026-06-29,00:00:00,,,,2026-06-29 00:20:13,,,,,,,,,,,,,,,,,,,,
Madhya Pradesh,Shahdol,Kalyanpur Kvk,29.9,2026-06-29,00:15:00,51.0,2026-06-28,00:15:00,2026-06-29 00:20:13,31.350000000000023,Zone 4,54.1,Zone 5,31.5,Zone 4,41.2,Zone 4,36.8,Zone 4,52.6,Zone 5,41.7,Zone 4,60.7,Zone 5,54.1,Zone 5,63.3,Zone 5
Madhya Pradesh,Shajapur,Shajapur,27.2,2026-06-29,00:00:00,99.0,2026-06-28,00:00:00,2026-06-29 00:20:13,33.05000000000001,Zone 4,64.7,Zone 5,32.5,Zone 4,61.0,Zone 5,51.0,Zone 5,64.3,Zone 5,61.6,Zone 5,66.7,Zone 5,64.7,Zone 5,68.5,Zone 5
Madhya Pradesh,Sheopur,Sheopur,18.1,2026-06-29,00:00:00,79.0,2026-06-28,00:00:00,2026-06-29 00:20:13,18.25,Zone 3,32.3,Zone 4,18.1,Zone 3,27.8,Zone 4,23.9,Zone 3,32.1,Zone 4,28.0,Zone 4,36.2,Zone 4,32.3,Zone 4,43.7,Zone 5
Madhya Pradesh,Shivpuri,Shivpuri,26.9,2026-06-29,00:00:00,86.0,2026-06-28,00:00:00,2026-06-29 00:20:13,30.350000000000023,Zone 4,61.9,Zone 5,30.6,Zone 4,53.8,Zone 5,37.5,Zone 4,61.5,Zone 5,56.0,Zone 5,64.3,Zone 5,61.9,Zone 5,66.4,Zone 5
Madhya Pradesh,Sidhi,Rampur Naikin,29.3,2026-06-29,00:00:00,85.0,2026-06-28,00:00:00,2026-06-29 00:20:13,36.05000000000001,Zone 4,65.8,Zone 5,36.6,Zone 4,62.3,Zone 5,57.3,Zone 5,65.4,Zone 5,62.9,Zone 5,67.7,Zone 5,65.8,Zone 5,69.3,Zone 5
Madhya Pradesh,Sidhi,Sidhi,30.9,2026-06-29,00:00:00,63.0,2026-06-28,00:00:00,2026-06-29 00:20:13,35.05000000000001,Zone 4,62.5,Zone 5,35.2,Zone 4,56.6,Zone 5,41.5,Zone 4,62.1,Zone 5,58.7,Zone 5,64.8,Zone 5,62.5,Zone 5,66.9,Zone 5
Madhya Pradesh,Ujjain,Vikram Vv Ujjain,27.0,2026-06-29,00:15:00,100.0,2026-06-28,00:15:00,2026-06-29 00:20:13,32.650000000000034,Zone 4,65.0,Zone 5,32.7,Zone 4,61.3,Zone 5,52.3,Zone 5,64.6,Zone 5,61.8,Zone 5,66.9,Zone 5,65.0,Zone 5,68.7,Zone 5
Madhya Pradesh,Vidisha,Kurwai,26.4,2026-06-29,00:00:00,91.0,2026-06-28,00:00:00,2026-06-29 00:20:13,29.950000000000045,Zone 4,62.2,Zone 5,30.1,Zone 4,55.0,Zone 5,37.3,Zone 4,61.8,Zone 5,57.2,Zone 5,64.5,Zone 5,62.2,Zone 5,66.6,Zone 5
Madhya Pradesh,Vidisha,Lateri,,,,94.0,2026-06-28,00:00:00,2026-06-29 00:20:13,,,,,,,,,,,,,,,,,,,,
Madhya Pradesh,Vidisha,Vidisha,26.4,2026-06-29,00:00:00,79.0,2026-06-28,00:00:00,2026-06-29 00:20:13,28.650000000000034,Zone 4,59.5,Zone 5,28.9,Zone 4,42.4,Zone 5,35.1,Zone 4,59.1,Zone 5,44.6,Zone 5,62.3,Zone 5,59.5,Zone 5,64.6,Zone 5
Maharashtra,Amravati,Morshi,26.4,2026-06-29,00:00:00,89.0,2026-06-28,00:00:00,2026-06-29 00:20:13,29.650000000000034,Zone 4,61.7,Zone 5,29.9,Zone 4,53.0,Zone 5,36.9,Zone 4,61.3,Zone 5,55.3,Zone 5,64.2,Zone 5,61.7,Zone 5,66.3,Zone 5
Maharashtra,Beed,Beed Pto,25.6,2026-06-29,00:15:00,91.0,2026-06-28,00:15:00,2026-06-29 00:20:13,28.350000000000023,Zone 4,60.5,Zone 5,28.1,Zone 4,47.0,Zone 5,34.9,Zone 4,60.1,Zone 5,49.3,Zone 5,63.1,Zone 5,60.5,Zone 5,65.4,Zone 5
Maharashtra,Buldhana,Hiwara,26.3,2026-06-29,00:00:00,83.0,2026-06-28,00:00:00,2026-06-29 00:20:13,28.850000000000023,Zone 4,60.4,Zone 5,29.2,Zone 4,46.6,Zone 5,35.8,Zone 4,60.0,Zone 5,48.9,Zone 5,63.0,Zone 5,60.4,Zone 5,65.3,Zone 5
Maharashtra,Chandrapur,Chandrapur Aws400,26.0,2026-06-29,00:15:00,100.0,2026-06-28,00:15:00,2026-06-29 00:20:13,30.150000000000034,Zone 4,63.2,Zone 5,30.1,Zone 4,59.2,Zone 5,42.0,Zone 5,62.8,Zone 5,59.8,Zone 5,65.4,Zone 5,63.2,Zone 5,67.4,Zone 5
Maharashtra,Dhule,Dhule,29.5,2026-06-29,00:00:00,73.0,2026-06-28,00:00:00,2026-06-29 00:20:13,33.950000000000045,Zone 4,62.8,Zone 5,33.9,Zone 4,58.1,Zone 5,40.7,Zone 4,62.4,Zone 5,59.3,Zone 5,65.1,Zone 5,62.8,Zone 5,67.1,Zone 5
Maharashtra,Gondia,Gondia Aws400,28.1,2026-06-28,23:30:00,100.0,2026-06-28,23:30:00,2026-06-29 00:20:13,38.25,Zone 5,66.7,Zone 5,37.1,Zone 5,63.4,Zone 5,59.8,Zone 5,66.3,Zone 5,63.9,Zone 5,68.4,Zone 5,66.7,Zone 5,70.0,Zone 5
Maharashtra,Gondia,Tiroda,,,,85.0,2026-06-28,00:00:00,2026-06-29 00:20:13,,,,,,,,,,,,,,,,,,,,
Maharashtra,Hingoli,Tondapur Aws400,24.1,2026-06-29,00:15:00,100.0,2026-06-28,00:15:00,2026-06-29 00:20:13,26.350000000000023,Zone 4,59.8,Zone 5,26.1,Zone 4,43.6,Zone 5,32.9,Zone 4,59.4,Zone 5,45.9,Zone 5,62.5,Zone 5,59.8,Zone 5,64.8,Zone 5
Maharashtra,Kolhapur,Radhanagri Ars,22.6,2026-06-29,00:15:00,100.0,2026-06-28,00:15:00,2026-06-29 00:20:13,24.350000000000023,Zone 3,52.5,Zone 5,24.3,Zone 3,35.4,Zone 4,30.1,Zone 4,50.9,Zone 5,36.0,Zone 4,60.4,Zone 5,52.5,Zone 5,63.0,Zone 5
Maharashtra,Latur,Udgir Aws400,24.5,2026-06-29,00:15:00,100.0,2026-06-28,00:15:00,2026-06-29 00:20:13,27.05000000000001,Zone 4,60.7,Zone 5,27.0,Zone 4,47.6,Zone 5,34.0,Zone 4,60.2,Zone 5,50.0,Zone 5,63.2,Zone 5,60.7,Zone 5,65.5,Zone 5
Maharashtra,Mumbai Suburban,Bandra,28.8,2026-06-29,00:00:00,,,,2026-06-29 00:20:13,,,,,,,,,,,,,,,,,,,,
Maharashtra,Mumbai Suburban,Ram Mandir,28.1,2026-06-29,00:15:00,,,,2026-06-29 00:20:13,,,,,,,,,,,,,,,,,,,,
Maharashtra,Mumbai Suburban,Vidyavihar,27.8,2026-06-29,00:15:00,99.0,2026-06-28,00:15:00,2026-06-29 00:20:13,34.85000000000002,Zone 4,66.5,Zone 5,35.8,Zone 5,63.1,Zone 5,59.5,Zone 5,66.1,Zone 5,63.7,Zone 5,68.2,Zone 5,66.5,Zone 5,69.8,Zone 5
Maharashtra,Mumbai Suburban,Vikhroli,27.2,2026-06-29,00:00:00,89.0,2026-06-28,00:00:00,2026-06-29 00:20:13,31.350000000000023,Zone 4,62.6,Zone 5,31.0,Zone 4,56.8,Zone 5,38.6,Zone 5,62.2,Zone 5,58.9,Zone 5,64.9,Zone 5,62.6,Zone 5,66.9,Zone 5
Maharashtra,Mumbai City,Byculla Mumbai,28.3,2026-06-29,00:15:00,100.0,2026-06-28,00:15:00,2026-06-29 00:20:13,40.55000000000001,Zone 5,67.6,Zone 5,43.1,Zone 5,64.5,Zone 5,61.2,Zone 5,67.2,Zone 5,65.0,Zone 5,69.2,Zone 5,67.6,Zone 5,70.6,Zone 5
Maharashtra,Mumbai City,Mahalaxmi,28.2,2026-06-29,00:15:00,99.0,2026-06-28,00:15:00,2026-06-29 00:20:13,37.950000000000045,Zone 5,66.5,Zone 5,35.8,Zone 5,63.1,Zone 5,59.5,Zone 5,66.1,Zone 5,63.7,Zone 5,68.2,Zone 5,66.5,Zone 5,69.8,Zone 5
Maharashtra,Mumbai City,Mumbai Santa Cruz,28.4,2026-06-29,00:00:00,100.0,2026-06-28,00:00:00,2026-06-29 00:20:13,41.75,Zone 5,67.6,Zone 5,43.1,Zone 5,64.5,Zone 5,61.2,Zone 5,67.2,Zone 5,65.0,Zone 5,69.2,Zone 5,67.6,Zone 5,70.6,Zone 5
Maharashtra,Nagpur,Nagpur Kvk,27.2,2026-06-29,00:15:00,93.0,2026-06-28,00:15:00,2026-06-29 00:20:13,32.05000000000001,Zone 4,63.4,Zone 5,31.5,Zone 4,59.5,Zone 5,43.3,Zone 5,63.0,Zone 5,60.0,Zone 5,65.6,Zone 5,63.4,Zone 5,67.5,Zone 5
Maharashtra,Nagpur,Ramtek Aws400,25.8,2026-06-29,00:15:00,100.0,2026-06-28,00:15:00,2026-06-29 00:20:13,29.650000000000034,Zone 4,63.2,Zone 5,30.1,Zone 4,59.2,Zone 5,42.0,Zone 5,62.8,Zone 5,59.8,Zone 5,65.4,Zone 5,63.2,Zone 5,67.4,Zone 5
Maharashtra,Nanded,Sagroli Kvk,25.0,2026-06-29,00:15:00,99.0,2026-06-28,00:15:00,2026-06-29 00:20:13,27.850000000000023,Zone 4,61.3,Zone 5,27.9,Zone 4,50.8,Zone 5,35.0,Zone 4,60.9,Zone 5,53.2,Zone 5,63.8,Zone 5,61.3,Zone 5,66.0,Zone 5
Maharashtra,Nandurbar,Shahada Aws400,30.0,2026-06-29,00:15:00,68.0,2026-06-28,00:15:00,2026-06-29 00:20:13,34.05000000000001,Zone 4,62.3,Zone 5,34.1,Zone 4,55.8,Zone 5,40.5,Zone 4,61.9,Zone 5,57.9,Zone 5,64.7,Zone 5,62.3,Zone 5,66.7,Zone 5
Maharashtra,Nashik,Kalwan,27.3,2026-06-29,00:00:00,27.0,2026-06-28,00:00:00,2026-06-29 00:20:13,26.350000000000023,Zone 4,38.3,Zone 4,26.5,Zone 4,34.5,Zone 4,30.7,Zone 4,38.2,Zone 4,34.6,Zone 4,41.7,Zone 4,38.3,Zone 4,46.9,Zone 5
Maharashtra,Nashik,Malegaon,27.2,2026-06-29,00:00:00,85.0,2026-06-28,00:00:00,2026-06-29 00:20:13,30.850000000000023,Zone 4,61.7,Zone 5,30.4,Zone 4,52.7,Zone 5,37.3,Zone 4,61.3,Zone 5,55.0,Zone 5,64.1,Zone 5,61.7,Zone 5,66.2,Zone 5
Maharashtra,Nashik,Trimbakeshwar,25.1,2026-06-29,00:00:00,,,,2026-06-29 00:20:13,,,,,,,,,,,,,,,,,,,,
Maharashtra,Nashik,Vilholi,24.9,2026-06-29,00:15:00,96.0,2026-06-28,00:15:00,2026-06-29 00:20:13,27.450000000000045,Zone 4,60.7,Zone 5,27.6,Zone 4,47.9,Zone 5,34.6,Zone 4,60.3,Zone 5,50.3,Zone 5,63.3,Zone 5,60.7,Zone 5,65.5,Zone 5
Maharashtra,Palghar,Palghar Aws400,25.2,2026-06-29,00:15:00,97.0,2026-06-28,00:15:00,2026-06-29 00:20:13,28.150000000000034,Zone 4,60.9,Zone 5,27.7,Zone 4,48.9,Zone 5,34.7,Zone 4,60.5,Zone 5,51.2,Zone 5,63.4,Zone 5,60.9,Zone 5,65.7,Zone 5
Maharashtra,Pune, Nimgiri Junnar,23.0,2026-06-29,00:00:00,,,,2026-06-29 00:20:13,,,,,,,,,,,,,,,,,,,,
Maharashtra,Pune,Ballalwadi Junnar,22.3,2026-06-29,00:00:00,98.0,2026-06-28,00:00:00,2026-06-29 00:20:13,23.950000000000045,Zone 3,51.0,Zone 5,24.2,Zone 3,35.2,Zone 4,29.9,Zone 4,49.4,Zone 5,35.8,Zone 4,60.1,Zone 5,51.0,Zone 5,62.7,Zone 5
Maharashtra,Pune,Chinchwad Pune,24.6,2026-06-29,00:00:00,98.0,2026-06-28,00:00:00,2026-06-29 00:20:13,27.05000000000001,Zone 4,60.3,Zone 5,26.9,Zone 4,45.8,Zone 5,33.7,Zone 4,59.9,Zone 5,48.1,Zone 5,62.9,Zone 5,60.3,Zone 5,65.2,Zone 5
Maharashtra,Pune,Cme Dapodi,25.6,2026-06-29,00:00:00,90.0,2026-06-28,00:00:00,2026-06-29 00:20:13,28.25,Zone 4,60.3,Zone 5,28.1,Zone 4,46.0,Zone 5,34.8,Zone 4,59.9,Zone 5,48.3,Zone 5,62.9,Zone 5,60.3,Zone 5,65.2,Zone 5
Maharashtra,Pune,Dps Hadapsar Pune,26.4,2026-06-29,00:00:00,87.0,2026-06-28,00:00:00,2026-06-29 00:20:13,29.450000000000045,Zone 4,61.3,Zone 5,29.7,Zone 4,50.9,Zone 5,36.5,Zone 4,60.9,Zone 5,53.2,Zone 5,63.8,Zone 5,61.3,Zone 5,66.0,Zone 5
Maharashtra,Pune,Girivan,23.7,2026-06-29,00:00:00,99.0,2026-06-28,00:00:00,2026-06-29 00:20:13,25.55000000000001,Zone 4,58.2,Zone 5,25.2,Zone 3,39.2,Zone 5,31.8,Zone 4,56.7,Zone 5,41.2,Zone 5,61.6,Zone 5,58.2,Zone 5,64.1,Zone 5
Maharashtra,Pune,Khadakwadi Ambegaon,23.4,2026-06-29,00:00:00,99.0,2026-06-28,00:00:00,2026-06-29 00:20:13,25.150000000000034,Zone 3,58.2,Zone 5,25.2,Zone 3,39.2,Zone 5,31.8,Zone 4,56.7,Zone 5,41.2,Zone 5,61.6,Zone 5,58.2,Zone 5,64.1,Zone 5
Maharashtra,Pune,Khutbav Daund,24.5,2026-06-29,00:00:00,100.0,2026-06-28,00:00:00,2026-06-29 00:20:13,27.05000000000001,Zone 4,60.7,Zone 5,27.0,Zone 4,47.6,Zone 5,34.0,Zone 4,60.2,Zone 5,50.0,Zone 5,63.2,Zone 5,60.7,Zone 5,65.5,Zone 5
Maharashtra,Pune,Lavale,22.3,2026-06-29,00:00:00,93.0,2026-06-28,00:00:00,2026-06-29 00:20:13,23.75,Zone 3,47.2,Zone 5,24.0,Zone 3,34.7,Zone 4,29.6,Zone 4,45.7,Zone 5,35.2,Zone 4,59.3,Zone 5,47.2,Zone 5,62.0,Zone 5
Maharashtra,Pune,Lonikalbhor Haveli,24.4,2026-06-29,00:00:00,98.0,2026-06-28,00:00:00,2026-06-29 00:20:13,26.75,Zone 4,60.3,Zone 5,26.9,Zone 4,45.8,Zone 5,33.7,Zone 4,59.9,Zone 5,48.1,Zone 5,62.9,Zone 5,60.3,Zone 5,65.2,Zone 5
Maharashtra,Pune,Malin Ambegaon,23.0,2026-06-29,00:00:00,100.0,2026-06-28,00:00:00,2026-06-29 00:20:13,24.75,Zone 3,55.8,Zone 5,24.8,Zone 3,36.7,Zone 5,31.0,Zone 4,54.3,Zone 5,38.5,Zone 5,61.1,Zone 5,55.8,Zone 5,63.6,Zone 5
Maharashtra,Pune,Mti Pashan Pune,26.4,2026-06-29,00:15:00,93.0,2026-06-28,00:15:00,2026-06-29 00:20:13,30.150000000000034,Zone 4,62.6,Zone 5,30.4,Zone 4,57.0,Zone 5,38.8,Zone 5,62.2,Zone 5,59.0,Zone 5,64.9,Zone 5,62.6,Zone 5,66.9,Zone 5
Maharashtra,Pune,Narayangoan Krishi Kendra,23.1,2026-06-29,00:00:00,100.0,2026-06-28,00:00:00,2026-06-29 00:20:13,24.850000000000023,Zone 3,55.8,Zone 5,24.8,Zone 3,36.7,Zone 5,31.0,Zone 4,54.3,Zone 5,38.5,Zone 5,61.1,Zone 5,55.8,Zone 5,63.6,Zone 5
Maharashtra,Pune,Nda Pune,24.7,2026-06-29,00:00:00,82.0,2026-06-28,00:00:00,2026-06-29 00:20:13,26.150000000000034,Zone 4,51.4,Zone 5,25.9,Zone 4,36.9,Zone 4,31.9,Zone 4,49.8,Zone 5,37.4,Zone 4,60.1,Zone 5,51.4,Zone 5,62.8,Zone 5
Maharashtra,Pune,Niasm Baramati,24.2,2026-06-29,00:00:00,100.0,2026-06-28,00:00:00,2026-06-29 00:20:13,26.450000000000045,Zone 4,59.8,Zone 5,26.1,Zone 4,43.6,Zone 5,32.9,Zone 4,59.4,Zone 5,45.9,Zone 5,62.5,Zone 5,59.8,Zone 5,64.8,Zone 5
Maharashtra,Pune,Pabal Shirur,20.6,2026-06-29,00:00:00,99.0,2026-06-28,00:00:00,2026-06-29 00:20:13,22.150000000000034,Zone 3,39.0,Zone 5,22.0,Zone 3,31.9,Zone 4,27.0,Zone 4,37.8,Zone 5,32.4,Zone 4,53.0,Zone 5,39.0,Zone 5,60.4,Zone 5
Maharashtra,Pune,Pashan Aws Lab,24.8,2026-06-29,00:00:00,100.0,2026-06-28,00:00:00,2026-06-29 00:20:13,27.55000000000001,Zone 4,61.5,Zone 5,28.0,Zone 4,51.8,Zone 5,35.2,Zone 4,61.1,Zone 5,54.1,Zone 5,64.0,Zone 5,61.5,Zone 5,66.1,Zone 5
Maharashtra,Pune,Rajgurunagar,24.1,2026-06-29,00:00:00,100.0,2026-06-28,00:00:00,2026-06-29 00:20:13,26.350000000000023,Zone 4,59.8,Zone 5,26.1,Zone 4,43.6,Zone 5,32.9,Zone 4,59.4,Zone 5,45.9,Zone 5,62.5,Zone 5,59.8,Zone 5,64.8,Zone 5
Maharashtra,Pune,Rjspmcop Dudulgaon,24.3,2026-06-28,23:45:00,100.0,2026-06-28,23:45:00,2026-06-29 00:20:13,26.650000000000034,Zone 4,60.7,Zone 5,27.0,Zone 4,47.6,Zone 5,34.0,Zone 4,60.2,Zone 5,50.0,Zone 5,63.2,Zone 5,60.7,Zone 5,65.5,Zone 5
Maharashtra,Pune,Talegaon,23.5,2026-06-29,00:00:00,,,,2026-06-29 00:20:13,,,,,,,,,,,,,,,,,,,,
Maharashtra,Pune,Wadgaonsheri Pune,25.4,2026-06-29,00:00:00,79.0,2026-06-28,00:00:00,2026-06-29 00:20:13,27.05000000000001,Zone 4,55.1,Zone 5,27.2,Zone 4,38.3,Zone 4,33.3,Zone 4,53.6,Zone 5,38.9,Zone 4,60.9,Zone 5,55.1,Zone 5,63.5,Zone 5
Maharashtra,Pune,Walhe Purandar,24.7,2026-06-29,00:00:00,100.0,2026-06-28,00:00:00,2026-06-29 00:20:13,27.350000000000023,Zone 4,60.7,Zone 5,27.0,Zone 4,47.6,Zone 5,34.0,Zone 4,60.2,Zone 5,50.0,Zone 5,63.2,Zone 5,60.7,Zone 5,65.5,Zone 5
Maharashtra,Raigad,Iighq Newpanvel,26.4,2026-06-29,00:00:00,100.0,2026-06-28,00:00:00,2026-06-29 00:20:13,31.05000000000001,Zone 4,64.1,Zone 5,31.3,Zone 4,60.2,Zone 5,47.0,Zone 5,63.7,Zone 5,60.8,Zone 5,66.2,Zone 5,64.1,Zone 5,68.0,Zone 5
Maharashtra,Raigad,Iig Mo Alibag,27.7,2026-06-29,00:00:00,100.0,2026-06-28,00:00:00,2026-06-29 00:20:13,34.75,Zone 4,65.8,Zone 5,34.1,Zone 4,62.3,Zone 5,57.3,Zone 5,65.4,Zone 5,62.9,Zone 5,67.7,Zone 5,65.8,Zone 5,69.3,Zone 5
Maharashtra,Raigad,Karjat,26.6,2026-06-28,23:45:00,92.0,2026-06-28,23:45:00,2026-06-29 00:20:13,30.450000000000045,Zone 4,62.4,Zone 5,30.2,Zone 4,56.0,Zone 5,37.7,Zone 5,62.0,Zone 5,58.1,Zone 5,64.7,Zone 5,62.4,Zone 5,66.8,Zone 5
Maharashtra,Raigad,Matheran,23.0,2026-06-29,00:00:00,100.0,2026-06-28,00:00:00,2026-06-29 00:20:13,24.75,Zone 3,55.8,Zone 5,24.8,Zone 3,36.7,Zone 5,31.0,Zone 4,54.3,Zone 5,38.5,Zone 5,61.1,Zone 5,55.8,Zone 5,63.6,Zone 5
Maharashtra,Ratnagiri,Dapoli,26.2,2026-06-29,00:00:00,,,,2026-06-29 00:20:13,,,,,,,,,,,,,,,,,,,,
Maharashtra,Ratnagiri,Ratnagiri Aws400,25.3,2026-06-29,00:15:00,100.0,2026-06-28,00:15:00,2026-06-29 00:20:13,28.55000000000001,Zone 4,62.4,Zone 5,29.0,Zone 4,55.9,Zone 5,37.6,Zone 5,62.0,Zone 5,58.0,Zone 5,64.7,Zone 5,62.4,Zone 5,66.7,Zone 5
Maharashtra,Ratnagiri,Savarde(Golwane),24.7,2026-06-29,00:00:00,,,,2026-06-29 00:20:13,,,,,,,,,,,,,,,,,,,,
Maharashtra,Sangli,Sangli Kvk,22.9,2026-06-29,00:15:00,100.0,2026-06-28,00:15:00,2026-06-29 00:20:13,24.650000000000034,Zone 3,55.8,Zone 5,24.8,Zone 3,36.7,Zone 5,31.0,Zone 4,54.3,Zone 5,38.5,Zone 5,61.1,Zone 5,55.8,Zone 5,63.6,Zone 5
Maharashtra,Satara,Bgrl Karad,,,,63.0,2026-06-28,00:00:00,2026-06-29 00:20:13,,,,,,,,,,,,,,,,,,,,
Maharashtra,Satara,Mahabaleshwar,19.1,2026-06-29,00:00:00,73.0,2026-06-28,00:00:00,2026-06-29 00:20:13,19.150000000000034,Zone 3,33.1,Zone 4,19.0,Zone 3,28.6,Zone 4,24.5,Zone 3,32.9,Zone 4,28.8,Zone 4,37.0,Zone 4,33.1,Zone 4,44.9,Zone 5
Maharashtra,Sindhudurg,Vengurla,25.2,2026-06-29,00:00:00,92.0,2026-06-28,00:00:00,2026-06-29 00:20:13,27.650000000000034,Zone 4,59.9,Zone 5,27.3,Zone 4,44.0,Zone 5,34.0,Zone 4,59.5,Zone 5,46.3,Zone 5,62.6,Zone 5,59.9,Zone 5,64.9,Zone 5
Maharashtra,Solapur,Mohol Kvk,24.5,2026-06-29,00:15:00,100.0,2026-06-28,00:15:00,2026-06-29 00:20:13,27.05000000000001,Zone 4,60.7,Zone 5,27.0,Zone 4,47.6,Zone 5,34.0,Zone 4,60.2,Zone 5,50.0,Zone 5,63.2,Zone 5,60.7,Zone 5,65.5,Zone 5
Maharashtra,Solapur,Sangola Mahavidyalaya,24.0,2026-06-29,00:15:00,100.0,2026-06-28,00:15:00,2026-06-29 00:20:13,26.150000000000034,Zone 4,59.8,Zone 5,26.1,Zone 4,43.6,Zone 5,32.9,Zone 4,59.4,Zone 5,45.9,Zone 5,62.5,Zone 5,59.8,Zone 5,64.8,Zone 5
Maharashtra,Solapur,Solapur,24.3,2026-06-29,00:00:00,98.0,2026-06-28,00:00:00,2026-06-29 00:20:13,26.55000000000001,Zone 4,60.3,Zone 5,26.9,Zone 4,45.8,Zone 5,33.7,Zone 4,59.9,Zone 5,48.1,Zone 5,62.9,Zone 5,60.3,Zone 5,65.2,Zone 5
Maharashtra,Thane,Bhayander,26.0,2026-06-29,00:15:00,,,,2026-06-29 00:20:13,,,,,,,,,,,,,,,,,,,,
Maharashtra,Wardha,Wardha,28.2,2026-06-29,00:00:00,90.0,2026-06-28,00:00:00,2026-06-29 00:20:13,34.05000000000001,Zone 4,64.5,Zone 5,33.5,Zone 4,60.7,Zone 5,49.4,Zone 5,64.1,Zone 5,61.3,Zone 5,66.5,Zone 5,64.5,Zone 5,68.3,Zone 5
Maharashtra,Yavatmal,Pushad Aws400,25.0,2026-06-29,00:15:00,100.0,2026-06-28,00:15:00,2026-06-29 00:20:13,27.950000000000045,Zone 4,61.5,Zone 5,28.0,Zone 4,51.8,Zone 5,35.2,Zone 4,61.1,Zone 5,54.1,Zone 5,64.0,Zone 5,61.5,Zone 5,66.1,Zone 5
Maharashtra,Yavatmal,Yavatmal,26.1,2026-06-29,00:00:00,85.0,2026-06-28,00:00:00,2026-06-29 00:20:13,28.75,Zone 4,60.1,Zone 5,28.5,Zone 4,44.8,Zone 5,35.0,Zone 4,59.7,Zone 5,47.1,Zone 5,62.7,Zone 5,60.1,Zone 5,65.0,Zone 5
Manipur,Chandel,Chandel Kvk,22.0,2026-06-29,00:15:00,100.0,2026-06-28,00:15:00,2026-06-29 00:20:13,23.75,Zone 3,49.1,Zone 5,23.7,Zone 3,34.5,Zone 4,29.3,Zone 4,47.5,Zone 5,35.0,Zone 4,59.7,Zone 5,49.1,Zone 5,62.4,Zone 5
Manipur,Imphal East,Jiribam,26.4,2026-06-29,00:00:00,99.0,2026-06-28,00:00:00,2026-06-29 00:20:13,30.950000000000045,Zone 4,63.9,Zone 5,31.2,Zone 4,60.0,Zone 5,45.8,Zone 5,63.5,Zone 5,60.5,Zone 5,66.0,Zone 5,63.9,Zone 5,67.9,Zone 5
Manipur,Imphal East,Porompat,24.7,2026-06-29,00:00:00,85.0,2026-06-28,00:00:00,2026-06-29 00:20:13,26.350000000000023,Zone 4,53.9,Zone 5,26.0,Zone 4,37.3,Zone 4,32.2,Zone 4,52.3,Zone 5,37.9,Zone 4,60.7,Zone 5,53.9,Zone 5,63.2,Zone 5
Manipur,Imphal West,Imphal Amfu,24.2,2026-06-29,00:00:00,99.0,2026-06-28,00:00:00,2026-06-29 00:20:13,26.450000000000045,Zone 4,59.6,Zone 5,26.1,Zone 4,42.7,Zone 5,32.8,Zone 4,59.2,Zone 5,45.0,Zone 5,62.3,Zone 5,59.6,Zone 5,64.7,Zone 5
Manipur,Kamjong,Kamjong,17.8,2026-06-29,00:15:00,100.0,2026-06-28,00:15:00,2026-06-29 00:20:13,18.850000000000023,Zone 3,33.6,Zone 4,19.1,Zone 3,28.6,Zone 4,24.4,Zone 3,33.3,Zone 4,28.9,Zone 4,40.2,Zone 5,33.6,Zone 4,53.7,Zone 5
Manipur,Kangpokpi,Saikul,,,,100.0,2026-06-28,00:15:00,2026-06-29 00:20:13,,,,,,,,,,,,,,,,,,,,
Manipur,Kangpokpi,Tujangvaichong,21.9,2026-06-28,23:30:00,100.0,2026-06-28,23:30:00,2026-06-29 00:20:13,23.650000000000034,Zone 3,49.1,Zone 5,23.7,Zone 3,34.5,Zone 4,29.3,Zone 4,47.5,Zone 5,35.0,Zone 4,59.7,Zone 5,49.1,Zone 5,62.4,Zone 5
Manipur,Noney,Khoupum,23.7,2026-06-29,00:15:00,100.0,2026-06-28,00:15:00,2026-06-29 00:20:13,25.650000000000034,Zone 4,58.9,Zone 5,25.3,Zone 3,39.9,Zone 5,31.9,Zone 4,57.4,Zone 5,42.0,Zone 5,61.8,Zone 5,58.9,Zone 5,64.2,Zone 5
Meghalaya,East Garo Hills,Williamnagar,29.9,2026-06-29,00:00:00,91.0,2026-06-28,00:00:00,2026-06-29 00:20:13,45.950000000000045,Zone 5,68.1,Zone 5,47.3,Zone 5,65.1,Zone 5,62.0,Zone 5,67.8,Zone 5,65.6,Zone 5,69.6,Zone 5,68.1,Zone 5,71.0,Zone 5
Meghalaya,East Jaintia Hills,Mynkre Substation,23.0,2026-06-29,00:00:00,99.0,2026-06-28,00:00:00,2026-06-29 00:20:13,24.75,Zone 3,55.1,Zone 5,24.7,Zone 3,36.3,Zone 4,30.9,Zone 4,53.5,Zone 5,37.7,Zone 5,60.9,Zone 5,55.1,Zone 5,63.5,Zone 5
Meghalaya,East Khasi Hills,Laban,20.5,2026-06-29,00:00:00,90.0,2026-06-28,00:00:00,2026-06-29 00:20:13,21.650000000000034,Zone 3,36.5,Zone 4,21.6,Zone 3,31.3,Zone 4,26.5,Zone 4,36.2,Zone 4,31.7,Zone 4,47.6,Zone 5,36.5,Zone 4,59.3,Zone 5
Meghalaya,East Khasi Hills,Mawryngkneng,22.1,2026-06-29,00:00:00,,,,2026-06-29 00:20:13,,,,,,,,,,,,,,,,,,,,
Meghalaya,East Khasi Hills,Nehu,21.0,2026-06-29,00:00:00,94.0,2026-06-28,00:00:00,2026-06-29 00:20:13,22.350000000000023,Zone 3,38.8,Zone 5,22.4,Zone 3,32.3,Zone 4,27.4,Zone 4,37.6,Zone 5,32.7,Zone 4,52.8,Zone 5,38.8,Zone 5,60.4,Zone 5
Meghalaya,East Khasi Hills,Shillong,22.0,2026-06-29,00:00:00,92.0,2026-06-28,00:00:00,2026-06-29 00:20:13,23.450000000000045,Zone 3,43.3,Zone 5,23.4,Zone 3,33.7,Zone 4,28.7,Zone 4,41.9,Zone 5,34.2,Zone 4,56.9,Zone 5,43.3,Zone 5,61.3,Zone 5
Meghalaya,North Garo Hills,Resubelpara,28.2,2026-06-29,00:15:00,100.0,2026-06-28,00:15:00,2026-06-29 00:20:13,39.35000000000002,Zone 5,66.7,Zone 5,37.1,Zone 5,63.4,Zone 5,59.8,Zone 5,66.3,Zone 5,63.9,Zone 5,68.4,Zone 5,66.7,Zone 5,70.0,Zone 5
Meghalaya,Ri Bhoi,Umtrewdam,31.2,2026-06-29,00:00:00,,,,2026-06-29 00:20:13,,,,,,,,,,,,,,,,,,,,
Meghalaya,South West Garo Hills,Ampati,27.5,2026-06-29,00:15:00,95.0,2026-06-28,00:15:00,2026-06-29 00:20:13,33.150000000000034,Zone 4,64.7,Zone 5,33.1,Zone 4,61.0,Zone 5,51.0,Zone 5,64.3,Zone 5,61.6,Zone 5,66.7,Zone 5,64.7,Zone 5,68.5,Zone 5
Meghalaya,South West Khasi Hills,Mawkyrwat,19.2,2026-06-29,00:15:00,100.0,2026-06-28,00:15:00,2026-06-29 00:20:13,20.55000000000001,Zone 3,35.1,Zone 4,20.3,Zone 3,29.9,Zone 4,25.1,Zone 3,34.8,Zone 4,30.2,Zone 4,45.3,Zone 5,35.1,Zone 4,58.2,Zone 5
Meghalaya,West Garo Hills,Tura,27.5,2026-06-29,00:00:00,86.0,2026-06-28,00:00:00,2026-06-29 00:20:13,31.650000000000034,Zone 4,62.7,Zone 5,31.6,Zone 4,57.5,Zone 5,39.4,Zone 5,62.3,Zone 5,59.2,Zone 5,65.0,Zone 5,62.7,Zone 5,67.0,Zone 5
Meghalaya,West Khasi Hills,Nongstoin,20.6,2026-06-29,00:00:00,100.0,2026-06-28,00:00:00,2026-06-29 00:20:13,22.150000000000034,Zone 3,39.6,Zone 5,22.0,Zone 3,32.0,Zone 4,27.0,Zone 4,38.4,Zone 5,32.4,Zone 4,53.6,Zone 5,39.6,Zone 5,60.6,Zone 5
Mizoram,Aizawl,Lengpui,25.8,2026-06-29,00:15:00,92.0,2026-06-28,00:15:00,2026-06-29 00:20:13,28.850000000000023,Zone 4,61.6,Zone 5,29.2,Zone 4,52.0,Zone 5,36.2,Zone 4,61.1,Zone 5,54.4,Zone 5,64.0,Zone 5,61.6,Zone 5,66.1,Zone 5
Mizoram,Aizawl,Mizoram University,23.9,2026-06-29,00:15:00,94.0,2026-06-28,00:15:00,2026-06-29 00:20:13,25.650000000000034,Zone 4,57.7,Zone 5,25.8,Zone 4,38.6,Zone 5,32.2,Zone 4,56.2,Zone 5,40.6,Zone 5,61.5,Zone 5,57.7,Zone 5,64.0,Zone 5
Mizoram,Champhai,Champhai Aws,18.9,2026-06-29,00:15:00,100.0,2026-06-28,00:15:00,2026-06-29 00:20:13,20.150000000000034,Zone 3,35.1,Zone 4,20.3,Zone 3,29.9,Zone 4,25.1,Zone 3,34.8,Zone 4,30.2,Zone 4,45.3,Zone 5,35.1,Zone 4,58.2,Zone 5
Mizoram,Hnathial,Hnathial,22.2,2026-06-29,00:15:00,100.0,2026-06-28,00:15:00,2026-06-29 00:20:13,23.950000000000045,Zone 3,49.1,Zone 5,23.7,Zone 3,34.5,Zone 4,29.3,Zone 4,47.5,Zone 5,35.0,Zone 4,59.7,Zone 5,49.1,Zone 5,62.4,Zone 5
Mizoram,Khawzawl,Khawzawl,20.9,2026-06-29,00:15:00,100.0,2026-06-28,00:15:00,2026-06-29 00:20:13,22.55000000000001,Zone 3,42.5,Zone 5,22.6,Zone 3,32.8,Zone 4,27.7,Zone 4,41.2,Zone 5,33.3,Zone 4,56.3,Zone 5,42.5,Zone 5,61.2,Zone 5
Mizoram,Kolasib,Kolasib,24.0,2026-06-29,00:15:00,100.0,2026-06-28,00:15:00,2026-06-29 00:20:13,26.150000000000034,Zone 4,59.8,Zone 5,26.1,Zone 4,43.6,Zone 5,32.9,Zone 4,59.4,Zone 5,45.9,Zone 5,62.5,Zone 5,59.8,Zone 5,64.8,Zone 5
Mizoram,Lawngtlai,Chawnhu,21.5,2026-06-29,00:15:00,92.0,2026-06-28,00:15:00,2026-06-29 00:20:13,22.850000000000023,Zone 3,40.3,Zone 5,22.9,Zone 3,32.9,Zone 4,28.0,Zone 4,39.1,Zone 5,33.3,Zone 4,54.3,Zone 5,40.3,Zone 5,60.7,Zone 5
Mizoram,Mamit,Lengpui Kvk,24.7,2026-06-29,00:15:00,100.0,2026-06-28,00:15:00,2026-06-29 00:20:13,27.350000000000023,Zone 4,60.7,Zone 5,27.0,Zone 4,47.6,Zone 5,34.0,Zone 4,60.2,Zone 5,50.0,Zone 5,63.2,Zone 5,60.7,Zone 5,65.5,Zone 5
Mizoram,Saiha,Saiha,20.1,2026-06-29,00:15:00,100.0,2026-06-28,00:15:00,2026-06-29 00:20:13,21.55000000000001,Zone 3,36.9,Zone 5,21.5,Zone 3,31.3,Zone 4,26.3,Zone 4,36.3,Zone 4,31.7,Zone 4,50.8,Zone 5,36.9,Zone 5,60.0,Zone 5
Mizoram,Serchhip,Serchhip,22.2,2026-06-29,00:15:00,81.0,2026-06-28,00:15:00,2026-06-29 00:20:13,23.150000000000034,Zone 3,37.9,Zone 4,23.0,Zone 3,32.8,Zone 4,28.1,Zone 4,37.6,Zone 4,33.1,Zone 4,50.0,Zone 5,37.9,Zone 4,59.8,Zone 5
Nagaland,Longleng,Sakshi,24.6,2026-06-29,00:00:00,100.0,2026-06-28,00:00:00,2026-06-29 00:20:13,27.25,Zone 4,60.7,Zone 5,27.0,Zone 4,47.6,Zone 5,34.0,Zone 4,60.2,Zone 5,50.0,Zone 5,63.2,Zone 5,60.7,Zone 5,65.5,Zone 5
Nagaland,Peren,Jalukie,25.1,2026-06-29,00:15:00,100.0,2026-06-28,00:15:00,2026-06-29 00:20:13,28.150000000000034,Zone 4,61.5,Zone 5,28.0,Zone 4,51.8,Zone 5,35.2,Zone 4,61.1,Zone 5,54.1,Zone 5,64.0,Zone 5,61.5,Zone 5,66.1,Zone 5
Nagaland,Tuensang,Thonoknyu,19.7,2026-06-29,00:15:00,100.0,2026-06-28,00:15:00,2026-06-29 00:20:13,21.150000000000034,Zone 3,35.9,Zone 4,20.9,Zone 3,30.6,Zone 4,25.7,Zone 4,35.5,Zone 4,30.9,Zone 4,48.0,Zone 5,35.9,Zone 4,59.4,Zone 5
Nagaland,Wokha,Wokha,22.0,2026-06-29,00:15:00,98.0,2026-06-28,00:15:00,2026-06-29 00:20:13,23.650000000000034,Zone 3,47.6,Zone 5,23.6,Zone 3,34.3,Zone 4,29.1,Zone 4,46.1,Zone 5,34.8,Zone 4,59.4,Zone 5,47.6,Zone 5,62.1,Zone 5
Odisha,Balangir,Bolangir,33.3,2026-06-29,00:00:00,100.0,2026-06-28,00:00:00,2026-06-29 00:20:13,72.35000000000002,Zone 6,81.9,Zone 6,73.1,Zone 6,78.3,Zone 6,76.1,Zone 6,81.2,Zone 6,79.0,Zone 6,84.1,Zone 6,81.9,Zone 6,87.0,Zone 6
Odisha,Balasore,Fm University,27.3,2026-06-29,00:15:00,100.0,2026-06-28,00:15:00,2026-06-29 00:20:13,33.55000000000001,Zone 4,65.8,Zone 5,34.1,Zone 4,62.3,Zone 5,57.3,Zone 5,65.4,Zone 5,62.9,Zone 5,67.7,Zone 5,65.8,Zone 5,69.3,Zone 5
Odisha,Bargarh,Barapalli,29.9,2026-06-29,00:00:00,,,,2026-06-29 00:20:13,,,,,,,,,,,,,,,,,,,,
Odisha,Cuttack,Cuttack Kvk,26.9,2026-06-29,00:15:00,,,,2026-06-29 00:20:13,,,,,,,,,,,,,,,,,,,,
Odisha,Ganjam,Benakuda Kvk,27.6,2026-06-29,00:15:00,80.0,2026-06-28,00:15:00,2026-06-29 00:20:13,31.05000000000001,Zone 4,61.4,Zone 5,30.8,Zone 4,51.1,Zone 5,37.5,Zone 4,61.0,Zone 5,53.4,Zone 5,63.8,Zone 5,61.4,Zone 5,66.0,Zone 5
Odisha,Jharsuguda,Jharsuguda,27.0,2026-06-29,00:00:00,100.0,2026-06-28,00:00:00,2026-06-29 00:20:13,32.650000000000034,Zone 4,65.0,Zone 5,32.7,Zone 4,61.3,Zone 5,52.3,Zone 5,64.6,Zone 5,61.8,Zone 5,66.9,Zone 5,65.0,Zone 5,68.7,Zone 5
Odisha,Kandhamal,Phulbani,27.3,2026-06-29,00:15:00,99.0,2026-06-28,00:15:00,2026-06-29 00:20:13,33.35000000000002,Zone 4,65.6,Zone 5,33.9,Zone 4,62.1,Zone 5,56.1,Zone 5,65.2,Zone 5,62.6,Zone 5,67.5,Zone 5,65.6,Zone 5,69.1,Zone 5
Odisha,Khurdha,Bhubaneshwar Airport,28.3,2026-06-29,00:00:00,91.0,2026-06-28,00:00:00,2026-06-29 00:20:13,34.55000000000001,Zone 4,65.5,Zone 5,35.1,Zone 4,62.0,Zone 5,55.8,Zone 5,65.2,Zone 5,62.5,Zone 5,67.4,Zone 5,65.5,Zone 5,69.1,Zone 5
Odisha,Khurdha,Pitapalli,29.2,2026-06-29,00:15:00,97.0,2026-06-28,00:15:00,2026-06-29 00:20:13,47.35000000000002,Zone 5,67.8,Zone 5,44.6,Zone 5,64.7,Zone 5,61.5,Zone 5,67.4,Zone 5,65.2,Zone 5,69.3,Zone 5,67.8,Zone 5,70.8,Zone 5
Odisha,Mayurbhanj,Baripada,26.9,2026-06-29,00:15:00,100.0,2026-06-28,00:15:00,2026-06-29 00:20:13,32.35000000000002,Zone 4,65.0,Zone 5,32.7,Zone 4,61.3,Zone 5,52.3,Zone 5,64.6,Zone 5,61.8,Zone 5,66.9,Zone 5,65.0,Zone 5,68.7,Zone 5
Odisha,Mayurbhanj,Mayurbhanj Kvk,,,,29.0,2026-06-28,00:15:00,2026-06-29 00:20:13,,,,,,,,,,,,,,,,,,,,
Odisha,Puri,Janhukuda(Near Satapada),29.3,2026-06-29,00:15:00,100.0,2026-06-28,00:15:00,2026-06-29 00:20:13,54.25,Zone 5,69.3,Zone 5,56.9,Zone 5,66.6,Zone 5,63.8,Zone 5,69.0,Zone 5,67.1,Zone 5,70.7,Zone 5,69.3,Zone 5,72.6,Zone 6
Odisha,Puri,Puri Kvk,29.3,2026-06-29,00:15:00,55.0,2026-06-28,00:15:00,2026-06-29 00:20:13,30.950000000000045,Zone 4,55.7,Zone 5,31.2,Zone 4,41.2,Zone 4,36.7,Zone 4,54.2,Zone 5,41.7,Zone 4,61.1,Zone 5,55.7,Zone 5,63.6,Zone 5
Odisha,Rayagada,Gunupur Kvk,27.2,2026-06-29,00:15:00,100.0,2026-06-28,00:15:00,2026-06-29 00:20:13,33.25,Zone 4,65.0,Zone 5,32.7,Zone 4,61.3,Zone 5,52.3,Zone 5,64.6,Zone 5,61.8,Zone 5,66.9,Zone 5,65.0,Zone 5,68.7,Zone 5
Odisha,Sambalpur,Dhankauda,29.3,2026-06-29,00:15:00,57.0,2026-06-28,00:15:00,2026-06-29 00:20:13,31.150000000000034,Zone 4,57.7,Zone 5,31.5,Zone 4,41.7,Zone 4,37.0,Zone 4,56.3,Zone 5,42.2,Zone 4,61.5,Zone 5,57.7,Zone 5,64.0,Zone 5
Odisha,Sonepur,Sonepur,29.6,2026-06-28,23:45:00,68.0,2026-06-28,23:45:00,2026-06-29 00:20:13,33.25,Zone 4,61.6,Zone 5,33.1,Zone 4,52.2,Zone 5,39.4,Zone 4,61.2,Zone 5,54.4,Zone 5,64.0,Zone 5,61.6,Zone 5,66.2,Zone 5
Odisha,Sundergarh,Sundergarh,26.4,2026-06-29,00:15:00,96.0,2026-06-28,00:15:00,2026-06-29 00:20:13,30.55000000000001,Zone 4,63.2,Zone 5,30.8,Zone 4,59.2,Zone 5,42.1,Zone 5,62.8,Zone 5,59.8,Zone 5,65.4,Zone 5,63.2,Zone 5,67.4,Zone 5
Puducherry,Karaikal,Karaikal,27.4,2026-06-29,00:00:00,99.0,2026-06-28,00:00:00,2026-06-29 00:20:13,33.650000000000034,Zone 4,65.6,Zone 5,33.9,Zone 4,62.1,Zone 5,56.1,Zone 5,65.2,Zone 5,62.6,Zone 5,67.5,Zone 5,65.6,Zone 5,69.1,Zone 5
Puducherry,Mahe,Mahe Jnv,25.3,2026-06-29,00:15:00,100.0,2026-06-28,00:15:00,2026-06-29 00:20:13,28.55000000000001,Zone 4,62.4,Zone 5,29.0,Zone 4,55.9,Zone 5,37.6,Zone 5,62.0,Zone 5,58.0,Zone 5,64.7,Zone 5,62.4,Zone 5,66.7,Zone 5
Puducherry,Puducherry,Puducherry,28.2,2026-06-29,00:00:00,84.0,2026-06-28,00:00:00,2026-06-29 00:20:13,32.950000000000045,Zone 4,63.1,Zone 5,32.5,Zone 4,59.0,Zone 5,41.4,Zone 5,62.7,Zone 5,59.6,Zone 5,65.3,Zone 5,63.1,Zone 5,67.3,Zone 5
Puducherry,Puducherry,Puducherry Kvk,27.2,2026-06-29,00:00:00,100.0,2026-06-28,00:00:00,2026-06-29 00:20:13,33.25,Zone 4,65.0,Zone 5,32.7,Zone 4,61.3,Zone 5,52.3,Zone 5,64.6,Zone 5,61.8,Zone 5,66.9,Zone 5,65.0,Zone 5,68.7,Zone 5
Punjab,Barnala,Barnala Arg,,,,13.0,2026-06-28,23:30:00,2026-06-29 00:20:13,,,,,,,,,,,,,,,,,,,,
Punjab,Bathinda,Bhatinda Amfu,34.0,2026-06-29,00:00:00,,,,2026-06-29 00:20:13,,,,,,,,,,,,,,,,,,,,
Punjab,Fazilka,Fasc Abohar,31.3,2026-06-29,00:15:00,80.0,2026-06-28,00:15:00,2026-06-29 00:20:13,43.05000000000001,Zone 5,67.9,Zone 5,45.6,Zone 5,64.9,Zone 5,61.7,Zone 5,67.6,Zone 5,65.4,Zone 5,69.4,Zone 5,67.9,Zone 5,70.9,Zone 5
Punjab,Fazilka,Fazilka,32.2,2026-06-29,00:00:00,,,,2026-06-29 00:20:13,,,,,,,,,,,,,,,,,,,,
Punjab,Firozpur,Firozpur Kvk,31.9,2026-06-29,00:15:00,67.0,2026-06-28,00:15:00,2026-06-29 00:20:13,38.35000000000002,Zone 4,65.2,Zone 5,38.6,Zone 4,61.6,Zone 5,53.7,Zone 5,64.8,Zone 5,62.1,Zone 5,67.1,Zone 5,65.2,Zone 5,68.8,Zone 5
Punjab,Hoshiarpur,Hosiyarpur,29.7,2026-06-29,00:00:00,77.0,2026-06-28,00:00:00,2026-06-29 00:20:13,35.25,Zone 4,63.9,Zone 5,34.7,Zone 4,60.0,Zone 5,45.7,Zone 5,63.5,Zone 5,60.5,Zone 5,66.0,Zone 5,63.9,Zone 5,67.9,Zone 5
Punjab,Hoshiarpur,Salern,30.5,2026-06-29,00:00:00,86.0,2026-06-28,00:00:00,2026-06-29 00:20:13,44.450000000000045,Zone 5,67.8,Zone 5,44.4,Zone 5,64.7,Zone 5,61.4,Zone 5,67.4,Zone 5,65.2,Zone 5,69.3,Zone 5,67.8,Zone 5,70.7,Zone 5
Punjab,Ludhiana,Ludhiyana Amfu,30.6,2026-06-29,00:15:00,99.0,2026-06-28,00:15:00,2026-06-29 00:20:13,61.85000000000002,Zone 5,70.9,Zone 5,61.5,Zone 5,68.6,Zone 5,66.2,Zone 5,70.6,Zone 5,69.0,Zone 5,72.7,Zone 6,70.9,Zone 5,75.6,Zone 6
Punjab,Moga,Moga,31.8,2026-06-29,00:15:00,77.0,2026-06-28,00:15:00,2026-06-29 00:20:13,43.35000000000002,Zone 5,67.9,Zone 5,45.9,Zone 5,64.9,Zone 5,61.7,Zone 5,67.6,Zone 5,65.4,Zone 5,69.5,Zone 5,67.9,Zone 5,70.9,Zone 5
Punjab,Mohali,Mohali,33.9,2026-06-29,00:00:00,,,,2026-06-29 00:20:13,,,,,,,,,,,,,,,,,,,,
Punjab,Muktsar,Gidderbaha,23.1,2026-06-29,00:00:00,,,,2026-06-29 00:20:13,,,,,,,,,,,,,,,,,,,,
Punjab,Pathankot,Kvk Pathankot,29.4,2026-06-29,00:15:00,,,,2026-06-29 00:20:13,,,,,,,,,,,,,,,,,,,,
Punjab,Pathankot,Thein Dam,28.8,2026-06-29,00:15:00,89.0,2026-06-28,00:15:00,2026-06-29 00:20:13,35.55000000000001,Zone 4,65.9,Zone 5,36.2,Zone 4,62.5,Zone 5,57.9,Zone 5,65.5,Zone 5,63.0,Zone 5,67.8,Zone 5,65.9,Zone 5,69.4,Zone 5
Punjab,Rupnagar,Bhakra Dam Imdnagal,29.1,2026-06-29,00:15:00,94.0,2026-06-28,00:15:00,2026-06-29 00:20:13,40.85000000000002,Zone 5,67.1,Zone 5,39.7,Zone 5,63.9,Zone 5,60.4,Zone 5,66.7,Zone 5,64.4,Zone 5,68.7,Zone 5,67.1,Zone 5,70.2,Zone 5
Punjab,Rupnagar,Sri Anadpur Sahib Imdjindwadi,35.4,2026-06-29,00:15:00,94.0,2026-06-28,00:15:00,2026-06-29 00:20:13,77.15000000000003,Zone 6,86.3,Zone 6,77.6,Zone 6,82.7,Zone 6,80.5,Zone 6,85.6,Zone 6,83.4,Zone 6,88.5,Zone 6,86.3,Zone 6,91.3,Zone 6
Rajasthan,Ajmer,Central University Kishangarh,31.1,2026-06-29,00:15:00,55.0,2026-06-28,00:15:00,2026-06-29 00:20:13,33.85000000000002,Zone 4,60.2,Zone 5,33.7,Zone 4,45.8,Zone 5,39.4,Zone 4,59.9,Zone 5,48.0,Zone 5,62.9,Zone 5,60.2,Zone 5,65.2,Zone 5
Rajasthan,Bikaner,Lunkarnsar,33.9,2026-06-29,00:15:00,43.0,2026-06-28,00:15:00,2026-06-29 00:20:13,36.35000000000002,Zone 4,60.7,Zone 5,36.6,Zone 4,47.9,Zone 5,41.9,Zone 4,60.3,Zone 5,50.2,Zone 5,63.3,Zone 5,60.7,Zone 5,65.5,Zone 5
Rajasthan,Chittaurgarh,Chittorgarh Kvk,29.1,2026-06-29,00:15:00,,,,2026-06-29 00:20:13,,,,,,,,,,,,,,,,,,,,
Rajasthan,Churu,Churu,30.6,2026-06-29,00:00:00,73.0,2026-06-28,00:00:00,2026-06-29 00:20:13,36.55000000000001,Zone 4,64.4,Zone 5,36.3,Zone 4,60.7,Zone 5,49.2,Zone 5,64.0,Zone 5,61.2,Zone 5,66.5,Zone 5,64.4,Zone 5,68.3,Zone 5
Rajasthan,Dausa,Khedali,28.5,2026-06-29,00:15:00,92.0,2026-06-28,00:15:00,2026-06-29 00:20:13,35.35000000000002,Zone 4,65.8,Zone 5,35.4,Zone 4,62.3,Zone 5,57.1,Zone 5,65.4,Zone 5,62.8,Zone 5,67.6,Zone 5,65.8,Zone 5,69.3,Zone 5
Rajasthan,Dungarpur,Dungarpur Kvk,28.1,2026-06-29,00:15:00,,,,2026-06-29 00:20:13,,,,,,,,,,,,,,,,,,,,
Rajasthan,Jaipur,Amity University,29.8,2026-06-29,00:15:00,55.0,2026-06-28,00:15:00,2026-06-29 00:20:13,31.650000000000034,Zone 4,58.3,Zone 5,32.0,Zone 4,42.1,Zone 4,37.5,Zone 4,56.9,Zone 5,42.7,Zone 4,61.7,Zone 5,58.3,Zone 5,64.1,Zone 5
Rajasthan,Jhunjhunu,Jhunjhunu(Aws),31.3,2026-06-29,00:00:00,58.0,2026-06-28,00:00:00,2026-06-29 00:20:13,34.85000000000002,Zone 4,61.8,Zone 5,35.2,Zone 4,53.5,Zone 5,41.2,Zone 4,61.5,Zone 5,55.7,Zone 5,64.3,Zone 5,61.8,Zone 5,66.4,Zone 5
Rajasthan,Karauli,Karauli Kvk,31.2,2026-06-29,00:15:00,,,,2026-06-29 00:20:13,,,,,,,,,,,,,,,,,,,,
Rajasthan,Nagaur,Krishi Vishwavidhyalaya,33.5,2026-06-29,00:15:00,42.0,2026-06-28,00:15:00,2026-06-29 00:20:13,35.450000000000045,Zone 4,59.7,Zone 5,35.5,Zone 4,45.0,Zone 4,40.7,Zone 4,59.3,Zone 5,45.5,Zone 4,62.4,Zone 5,59.7,Zone 5,64.8,Zone 5
Rajasthan,Pali,Pali,33.9,2026-06-29,00:15:00,49.0,2026-06-28,00:15:00,2026-06-29 00:20:13,37.85000000000002,Zone 4,62.7,Zone 5,38.1,Zone 4,57.5,Zone 5,43.9,Zone 4,62.3,Zone 5,59.1,Zone 5,65.0,Zone 5,62.7,Zone 5,67.0,Zone 5
Rajasthan,Pratapgarh,Pratapgarh,25.9,2026-06-29,00:15:00,100.0,2026-06-28,00:15:00,2026-06-29 00:20:13,29.850000000000023,Zone 4,63.2,Zone 5,30.1,Zone 4,59.2,Zone 5,42.0,Zone 5,62.8,Zone 5,59.8,Zone 5,65.4,Zone 5,63.2,Zone 5,67.4,Zone 5
Rajasthan,Sirohi,Sirohi Kvk,29.1,2026-06-29,00:00:00,48.0,2026-06-28,00:00:00,2026-06-29 00:20:13,29.850000000000023,Zone 4,45.1,Zone 5,29.7,Zone 4,39.1,Zone 4,34.8,Zone 4,43.7,Zone 5,39.4,Zone 4,58.4,Zone 5,45.1,Zone 5,61.7,Zone 5
Sikkim,Gangtok,Gangtok,19.1,2026-06-29,00:15:00,100.0,2026-06-28,00:15:00,2026-06-29 00:20:13,20.450000000000045,Zone 3,35.1,Zone 4,20.3,Zone 3,29.9,Zone 4,25.1,Zone 3,34.8,Zone 4,30.2,Zone 4,45.3,Zone 5,35.1,Zone 4,58.2,Zone 5
Sikkim,Gangtok,Tadong,,,,65.0,2026-06-28,00:00:00,2026-06-29 00:20:13,,,,,,,,,,,,,,,,,,,,
Sikkim,Namchi,Namchi,21.2,2026-06-29,00:15:00,96.0,2026-06-28,00:15:00,2026-06-29 00:20:13,22.650000000000034,Zone 3,40.0,Zone 5,22.5,Zone 3,32.5,Zone 4,27.5,Zone 4,38.8,Zone 5,32.9,Zone 4,54.0,Zone 5,40.0,Zone 5,60.6,Zone 5
Sikkim,Soreng,Soreng,19.7,2026-06-29,00:15:00,100.0,2026-06-28,00:15:00,2026-06-29 00:20:13,21.150000000000034,Zone 3,35.9,Zone 4,20.9,Zone 3,30.6,Zone 4,25.7,Zone 4,35.5,Zone 4,30.9,Zone 4,48.0,Zone 5,35.9,Zone 4,59.4,Zone 5
Tamil Nadu,Ariyalur,Ariyalur,28.4,2026-06-29,00:00:00,65.0,2026-06-28,00:00:00,2026-06-29 00:20:13,30.650000000000034,Zone 4,59.3,Zone 5,30.8,Zone 4,41.6,Zone 4,36.7,Zone 4,58.6,Zone 5,43.4,Zone 5,62.1,Zone 5,59.3,Zone 5,64.5,Zone 5
Tamil Nadu,Chennai,Chennai,29.9,2026-06-29,00:00:00,93.0,2026-06-28,00:00:00,2026-06-29 00:20:13,49.75,Zone 5,68.6,Zone 5,51.1,Zone 5,65.7,Zone 5,62.7,Zone 5,68.2,Zone 5,66.2,Zone 5,70.0,Zone 5,68.6,Zone 5,71.4,Zone 5
Tamil Nadu,Chennai,Ennore Port,29.2,2026-06-29,00:00:00,75.0,2026-06-28,00:00:00,2026-06-29 00:20:13,33.650000000000034,Zone 4,62.6,Zone 5,33.2,Zone 4,56.8,Zone 5,39.9,Zone 4,62.2,Zone 5,58.8,Zone 5,64.9,Zone 5,62.6,Zone 5,66.9,Zone 5
Tamil Nadu,Chennai,Meenambakkam Isro,28.0,2026-06-29,00:00:00,83.0,2026-06-28,00:00:00,2026-06-29 00:20:13,32.35000000000002,Zone 4,62.9,Zone 5,32.3,Zone 4,58.1,Zone 5,40.1,Zone 5,62.5,Zone 5,59.3,Zone 5,65.1,Zone 5,62.9,Zone 5,67.1,Zone 5
Tamil Nadu,Chennai,Niot Pallikaranai,29.1,2026-06-29,00:00:00,80.0,2026-06-28,00:00:00,2026-06-29 00:20:13,34.35000000000002,Zone 4,63.8,Zone 5,34.1,Zone 4,59.9,Zone 5,45.3,Zone 5,63.4,Zone 5,60.4,Zone 5,65.9,Zone 5,63.8,Zone 5,67.8,Zone 5
Tamil Nadu,Coimbatore,Coimbatore Amfu,24.4,2026-06-29,00:15:00,78.0,2026-06-28,00:15:00,2026-06-29 00:20:13,25.55000000000001,Zone 4,48.0,Zone 5,25.7,Zone 4,36.4,Zone 4,31.5,Zone 4,46.4,Zone 5,36.8,Zone 4,59.4,Zone 5,48.0,Zone 5,62.2,Zone 5
Tamil Nadu,Coimbatore,Upasi Tea Research Foundation,19.4,2026-06-29,00:15:00,66.0,2026-06-28,00:15:00,2026-06-29 00:20:13,19.150000000000034,Zone 3,33.2,Zone 4,19.3,Zone 3,28.9,Zone 4,24.7,Zone 3,33.1,Zone 4,29.0,Zone 4,37.1,Zone 4,33.2,Zone 4,43.4,Zone 5
Tamil Nadu,Cuddalore,Neyveli,26.8,2026-06-29,00:15:00,99.0,2026-06-28,00:15:00,2026-06-29 00:20:13,31.950000000000045,Zone 4,64.7,Zone 5,32.5,Zone 4,61.0,Zone 5,51.0,Zone 5,64.3,Zone 5,61.6,Zone 5,66.7,Zone 5,64.7,Zone 5,68.5,Zone 5
Tamil Nadu,Cuddalore,Vridha Chalam,27.7,2026-06-28,23:45:00,72.0,2026-06-28,23:45:00,2026-06-29 00:20:13,30.25,Zone 4,59.5,Zone 5,29.9,Zone 4,42.2,Zone 5,36.0,Zone 4,59.1,Zone 5,44.3,Zone 5,62.2,Zone 5,59.5,Zone 5,64.6,Zone 5
Tamil Nadu,Dharmapuri,Palacode,24.9,2026-06-29,00:00:00,77.0,2026-06-28,00:00:00,2026-06-29 00:20:13,26.150000000000034,Zone 4,50.3,Zone 5,26.3,Zone 4,37.1,Zone 4,32.2,Zone 4,48.7,Zone 5,37.6,Zone 4,59.9,Zone 5,50.3,Zone 5,62.6,Zone 5
Tamil Nadu,Dindigul,Palani,25.7,2026-06-29,00:00:00,59.0,2026-06-28,00:00:00,2026-06-29 00:20:13,26.25,Zone 4,40.4,Zone 4,26.0,Zone 4,35.6,Zone 4,31.2,Zone 4,40.1,Zone 4,35.9,Zone 4,51.8,Zone 5,40.4,Zone 4,60.2,Zone 5
Tamil Nadu,Dindigul,Vedasandur,27.7,2026-06-29,00:00:00,56.0,2026-06-28,00:00:00,2026-06-29 00:20:13,28.650000000000034,Zone 4,45.3,Zone 5,28.4,Zone 4,38.1,Zone 4,33.6,Zone 4,43.9,Zone 5,38.5,Zone 4,58.6,Zone 5,45.3,Zone 5,61.7,Zone 5
Tamil Nadu,Erode,Erode Isro,27.2,2026-06-29,00:00:00,69.0,2026-06-28,00:00:00,2026-06-29 00:20:13,29.05000000000001,Zone 4,55.3,Zone 5,28.8,Zone 4,39.5,Zone 4,34.6,Zone 4,53.8,Zone 5,40.0,Zone 4,61.0,Zone 5,55.3,Zone 5,63.5,Zone 5
Tamil Nadu,Kallakurichi,Kallakurichi,32.9,2026-06-29,00:00:00,64.0,2026-06-28,00:00:00,2026-06-29 00:20:13,40.150000000000034,Zone 4,65.9,Zone 5,40.4,Zone 4,62.4,Zone 5,57.6,Zone 5,65.5,Zone 5,62.9,Zone 5,67.7,Zone 5,65.9,Zone 5,69.4,Zone 5
Tamil Nadu,Kallakurichi,Thirukoilur,26.1,2026-06-29,00:15:00,100.0,2026-06-28,00:15:00,2026-06-29 00:20:13,30.350000000000023,Zone 4,63.2,Zone 5,30.1,Zone 4,59.2,Zone 5,42.0,Zone 5,62.8,Zone 5,59.8,Zone 5,65.4,Zone 5,63.2,Zone 5,67.4,Zone 5
Tamil Nadu,Kanchipuram,Acs Medical College,30.5,2026-06-29,00:00:00,76.0,2026-06-28,00:00:00,2026-06-29 00:20:13,37.150000000000034,Zone 4,65.2,Zone 5,37.1,Zone 4,61.6,Zone 5,53.9,Zone 5,64.8,Zone 5,62.2,Zone 5,67.1,Zone 5,65.2,Zone 5,68.9,Zone 5
Tamil Nadu,Kanchipuram,Chembarambakkam,29.3,2026-06-29,00:15:00,75.0,2026-06-28,00:15:00,2026-06-29 00:20:13,33.85000000000002,Zone 4,63.4,Zone 5,34.3,Zone 4,59.4,Zone 5,42.8,Zone 5,63.0,Zone 5,59.9,Zone 5,65.5,Zone 5,63.4,Zone 5,67.5,Zone 5
Tamil Nadu,Kanchipuram,Hindustan University,29.0,2026-06-28,23:45:00,79.0,2026-06-28,23:45:00,2026-06-29 00:20:13,33.950000000000045,Zone 4,63.5,Zone 5,33.9,Zone 4,59.6,Zone 5,43.8,Zone 5,63.1,Zone 5,60.1,Zone 5,65.7,Zone 5,63.5,Zone 5,67.6,Zone 5
Tamil Nadu,Kanchipuram,Kanchipuram Isro,28.3,2026-06-29,00:15:00,36.0,2026-06-28,00:15:00,2026-06-29 00:20:13,27.950000000000045,Zone 4,40.8,Zone 4,28.1,Zone 4,36.6,Zone 4,32.6,Zone 4,40.6,Zone 4,36.8,Zone 4,44.9,Zone 5,40.8,Zone 4,57.8,Zone 5
Tamil Nadu,Kanchipuram,Sathyabama  University,28.7,2026-06-29,00:00:00,92.0,2026-06-28,00:00:00,2026-06-29 00:20:13,35.950000000000045,Zone 4,65.8,Zone 5,35.4,Zone 4,62.3,Zone 5,57.1,Zone 5,65.4,Zone 5,62.8,Zone 5,67.6,Zone 5,65.8,Zone 5,69.3,Zone 5
Tamil Nadu,Kanyakumari,Neyyoor,25.1,2026-06-29,00:00:00,89.0,2026-06-28,00:00:00,2026-06-29 00:20:13,27.25,Zone 4,59.3,Zone 5,27.1,Zone 4,41.3,Zone 5,33.6,Zone 4,58.5,Zone 5,43.4,Zone 5,62.1,Zone 5,59.3,Zone 5,64.5,Zone 5
Tamil Nadu,Kanyakumari,Thirupathisaram Amfu,27.3,2026-06-29,00:00:00,80.0,2026-06-28,00:00:00,2026-06-29 00:20:13,30.450000000000045,Zone 4,61.4,Zone 5,30.8,Zone 4,51.1,Zone 5,37.5,Zone 4,61.0,Zone 5,53.4,Zone 5,63.8,Zone 5,61.4,Zone 5,66.0,Zone 5
Tamil Nadu,Karur,Kadavur(Taluk Office),28.1,2026-06-29,00:15:00,62.0,2026-06-28,00:15:00,2026-06-29 00:20:13,29.850000000000023,Zone 4,54.4,Zone 5,29.7,Zone 4,40.0,Zone 4,35.3,Zone 4,52.9,Zone 5,40.5,Zone 4,60.8,Zone 5,54.4,Zone 5,63.3,Zone 5
Tamil Nadu,Krishnagiri,Denkanikottai,22.0,2026-06-29,00:15:00,77.0,2026-06-28,00:15:00,2026-06-29 00:20:13,22.75,Zone 3,37.5,Zone 4,22.8,Zone 3,32.5,Zone 4,27.8,Zone 4,37.2,Zone 4,32.8,Zone 4,47.3,Zone 5,37.5,Zone 4,59.2,Zone 5
Tamil Nadu,Krishnagiri,Hosur,22.4,2026-06-29,00:00:00,88.0,2026-06-28,00:00:00,2026-06-29 00:20:13,23.650000000000034,Zone 3,43.4,Zone 5,23.8,Zone 3,34.2,Zone 4,29.2,Zone 4,42.1,Zone 5,34.6,Zone 4,57.1,Zone 5,43.4,Zone 5,61.3,Zone 5
Tamil Nadu,Krishnagiri,Paiyur Amfu,25.4,2026-06-29,00:00:00,,,,2026-06-29 00:20:13,,,,,,,,,,,,,,,,,,,,
Tamil Nadu,Madurai,Madurai Isro,27.7,2026-06-29,00:00:00,,,,2026-06-29 00:20:13,,,,,,,,,,,,,,,,,,,,
Tamil Nadu,Mayiladuthurai,Mayiladuthurai,28.0,2026-06-29,00:15:00,,,,2026-06-29 00:20:13,,,,,,,,,,,,,,,,,,,,
Tamil Nadu,Nagapattinam,Mo Nagapattinam Campus,27.6,2026-06-28,23:45:00,64.0,2026-06-28,23:45:00,2026-06-29 00:20:13,29.25,Zone 4,53.5,Zone 5,29.1,Zone 4,39.5,Zone 4,34.7,Zone 4,51.9,Zone 5,40.0,Zone 4,60.6,Zone 5,53.5,Zone 5,63.2,Zone 5
Tamil Nadu,Nagapattinam,Vedharanyam,26.8,2026-06-29,00:15:00,88.0,2026-06-28,00:15:00,2026-06-29 00:20:13,30.350000000000023,Zone 4,62.4,Zone 5,30.8,Zone 4,55.8,Zone 5,37.9,Zone 4,61.9,Zone 5,58.0,Zone 5,64.7,Zone 5,62.4,Zone 5,66.7,Zone 5
Tamil Nadu,Nctpl Marg Ecr,New Chennai Township Private L,27.2,2026-06-29,00:15:00,92.0,2026-06-28,00:15:00,2026-06-29 00:20:13,31.850000000000023,Zone 4,63.2,Zone 5,31.4,Zone 4,59.2,Zone 5,42.1,Zone 5,62.8,Zone 5,59.8,Zone 5,65.4,Zone 5,63.2,Zone 5,67.4,Zone 5
Tamil Nadu,Ramanathapuram,Ramnadu Kvk,27.7,2026-06-29,00:15:00,,,,2026-06-29 00:20:13,,,,,,,,,,,,,,,,,,,,
Tamil Nadu,Ranipet,Kalavai,27.4,2026-06-29,00:00:00,73.0,2026-06-28,00:00:00,2026-06-29 00:20:13,29.850000000000023,Zone 4,59.7,Zone 5,30.0,Zone 4,43.2,Zone 5,36.1,Zone 4,59.3,Zone 5,45.4,Zone 5,62.4,Zone 5,59.7,Zone 5,64.8,Zone 5
Tamil Nadu,Ranipet,Ranipet,27.4,2026-06-29,00:15:00,100.0,2026-06-28,00:15:00,2026-06-29 00:20:13,33.85000000000002,Zone 4,65.8,Zone 5,34.1,Zone 4,62.3,Zone 5,57.3,Zone 5,65.4,Zone 5,62.9,Zone 5,67.7,Zone 5,65.8,Zone 5,69.3,Zone 5
Tamil Nadu,Salem,Govt Hss Mettur,25.7,2026-06-29,00:15:00,94.0,2026-06-28,00:15:00,2026-06-29 00:20:13,28.850000000000023,Zone 4,61.1,Zone 5,28.4,Zone 4,50.0,Zone 5,35.4,Zone 4,60.7,Zone 5,52.4,Zone 5,63.6,Zone 5,61.1,Zone 5,65.8,Zone 5
Tamil Nadu,Salem,Sandhiyur Kvk,24.9,2026-06-29,00:00:00,76.0,2026-06-28,00:00:00,2026-06-29 00:20:13,26.150000000000034,Zone 4,49.4,Zone 5,26.3,Zone 4,37.0,Zone 4,32.1,Zone 4,47.8,Zone 5,37.4,Zone 4,59.7,Zone 5,49.4,Zone 5,62.4,Zone 5
Tamil Nadu,Salem,Vazhapadi,25.4,2026-06-29,00:00:00,,,,2026-06-29 00:20:13,,,,,,,,,,,,,,,,,,,,
Tamil Nadu,Sivaganga,Sethu Bhaskar Agri College Kar,26.6,2026-06-29,00:15:00,98.0,2026-06-28,00:15:00,2026-06-29 00:20:13,31.25,Zone 4,63.7,Zone 5,31.0,Zone 4,59.7,Zone 5,44.5,Zone 5,63.3,Zone 5,60.3,Zone 5,65.8,Zone 5,63.7,Zone 5,67.7,Zone 5
Tamil Nadu,Tenkasi,Tenkasi,27.2,2026-06-29,00:15:00,72.0,2026-06-28,00:15:00,2026-06-29 00:20:13,29.350000000000023,Zone 4,57.9,Zone 5,29.0,Zone 4,40.0,Zone 4,35.0,Zone 4,56.5,Zone 5,40.9,Zone 5,61.6,Zone 5,57.9,Zone 5,64.0,Zone 5
Tamil Nadu,Thanjavur,Adiramapattinam,26.4,2026-06-28,23:30:00,100.0,2026-06-28,23:30:00,2026-06-29 00:20:13,31.05000000000001,Zone 4,64.1,Zone 5,31.3,Zone 4,60.2,Zone 5,47.0,Zone 5,63.7,Zone 5,60.8,Zone 5,66.2,Zone 5,64.1,Zone 5,68.0,Zone 5
Tamil Nadu,The Nilgiris,Coonoor,17.9,2026-06-28,23:45:00,79.0,2026-06-28,23:45:00,2026-06-29 00:20:13,17.950000000000045,Zone 3,32.3,Zone 4,18.1,Zone 3,27.8,Zone 4,23.9,Zone 3,32.1,Zone 4,28.0,Zone 4,36.2,Zone 4,32.3,Zone 4,43.7,Zone 5
Tamil Nadu,Thiruninravur,Jaya Engineering Clg,29.1,2026-06-29,00:15:00,,,,2026-06-29 00:20:13,,,,,,,,,,,,,,,,,,,,
Tamil Nadu,Thoothukudi,Sattankulam,28.7,2026-06-29,00:00:00,57.0,2026-06-28,00:00:00,2026-06-29 00:20:13,30.25,Zone 4,52.2,Zone 5,29.9,Zone 4,39.9,Zone 4,35.3,Zone 4,50.6,Zone 5,40.4,Zone 4,60.3,Zone 5,52.2,Zone 5,62.9,Zone 5
Tamil Nadu,Thoothukudi,Thiruchendur,28.2,2026-06-29,00:00:00,62.0,2026-06-28,00:00:00,2026-06-29 00:20:13,29.950000000000045,Zone 4,54.4,Zone 5,29.7,Zone 4,40.0,Zone 4,35.3,Zone 4,52.9,Zone 5,40.5,Zone 4,60.8,Zone 5,54.4,Zone 5,63.3,Zone 5
Tamil Nadu,Thoothukudi,Tuticorin Airport,29.4,2026-06-28,23:30:00,54.0,2026-06-28,23:30:00,2026-06-29 00:20:13,30.950000000000045,Zone 4,54.6,Zone 5,31.1,Zone 4,41.0,Zone 4,36.5,Zone 4,53.1,Zone 5,41.5,Zone 4,60.8,Zone 5,54.6,Zone 5,63.4,Zone 5
Tamil Nadu,Thoothukudi,Tuticorin Railway Station,28.9,2026-06-29,00:00:00,56.0,2026-06-28,00:00:00,2026-06-29 00:20:13,30.450000000000045,Zone 4,54.0,Zone 5,30.6,Zone 4,40.6,Zone 4,36.0,Zone 4,52.4,Zone 5,41.0,Zone 4,60.7,Zone 5,54.0,Zone 5,63.3,Zone 5
Tamil Nadu,Tiruchirappalli,Thuvakudi Isro,27.3,2026-06-29,00:00:00,65.0,2026-06-28,00:00:00,2026-06-29 00:20:13,28.850000000000023,Zone 4,54.5,Zone 5,29.2,Zone 4,39.6,Zone 4,34.9,Zone 4,52.9,Zone 5,40.2,Zone 4,60.8,Zone 5,54.5,Zone 5,63.4,Zone 5
Tamil Nadu,Tirunelveli,Radhapuram,29.1,2026-06-29,00:15:00,62.0,2026-06-28,00:15:00,2026-06-29 00:20:13,31.450000000000045,Zone 4,59.2,Zone 5,31.3,Zone 4,41.9,Zone 4,37.1,Zone 4,58.5,Zone 5,43.3,Zone 5,62.0,Zone 5,59.2,Zone 5,64.4,Zone 5
Tamil Nadu,Tirunelveli,Tirunelveli,28.6,2026-06-29,00:00:00,58.0,2026-06-28,00:00:00,2026-06-29 00:20:13,30.150000000000034,Zone 4,53.2,Zone 5,30.0,Zone 4,40.1,Zone 4,35.5,Zone 4,51.7,Zone 5,40.6,Zone 4,60.5,Zone 5,53.2,Zone 5,63.1,Zone 5
Tamil Nadu,Tirupattur,Tirupattur Collectoroffice,26.8,2026-06-29,00:15:00,,,,2026-06-29 00:20:13,,,,,,,,,,,,,,,,,,,,
Tamil Nadu,Tirupattur,Vaniyambadi,38.0,2026-06-29,00:00:00,75.0,2026-06-28,00:00:00,2026-06-29 00:20:13,74.95000000000005,Zone 6,83.8,Zone 6,75.0,Zone 6,80.2,Zone 6,78.0,Zone 6,83.1,Zone 6,80.9,Zone 6,86.0,Zone 6,83.8,Zone 6,88.8,Zone 6
Tamil Nadu,Tirupattur,Yelagiri Hill,,,,61.0,2026-06-28,00:15:00,2026-06-29 00:20:13,,,,,,,,,,,,,,,,,,,,
Tamil Nadu,Tiruppur,Tiruppur Collector Office,25.4,2026-06-29,00:15:00,83.0,2026-06-28,00:15:00,2026-06-29 00:20:13,27.350000000000023,Zone 4,58.4,Zone 5,27.5,Zone 4,39.4,Zone 5,33.8,Zone 4,56.9,Zone 5,41.3,Zone 5,61.7,Zone 5,58.4,Zone 5,64.1,Zone 5
Tamil Nadu,Tiruvallur,Good Will School Villivakkam,29.5,2026-06-29,00:15:00,74.0,2026-06-28,00:15:00,2026-06-29 00:20:13,34.150000000000034,Zone 4,63.1,Zone 5,34.1,Zone 4,59.0,Zone 5,41.4,Zone 5,62.7,Zone 5,59.6,Zone 5,65.3,Zone 5,63.1,Zone 5,67.3,Zone 5
Tamil Nadu,Tiruvallur,Poonamallee,28.9,2026-06-29,00:00:00,63.0,2026-06-28,00:00:00,2026-06-29 00:20:13,31.25,Zone 4,59.5,Zone 5,31.4,Zone 4,42.3,Zone 5,37.2,Zone 4,59.1,Zone 5,44.5,Zone 5,62.3,Zone 5,59.5,Zone 5,64.6,Zone 5
Tamil Nadu,Tiruvallur,Puzhal,29.3,2026-06-29,00:15:00,,,,2026-06-29 00:20:13,,,,,,,,,,,,,,,,,,,,
Tamil Nadu,Tiruvallur,R.K.Pet,27.3,2026-06-29,00:00:00,88.0,2026-06-28,00:00:00,2026-06-29 00:20:13,31.450000000000045,Zone 4,63.2,Zone 5,31.9,Zone 4,59.1,Zone 5,41.8,Zone 5,62.8,Zone 5,59.7,Zone 5,65.4,Zone 5,63.2,Zone 5,67.4,Zone 5
Tamil Nadu,Tiruvallur,Tirur Kvk,29.7,2026-06-29,00:15:00,,,,2026-06-29 00:20:13,,,,,,,,,,,,,,,,,,,,
Tamil Nadu,Tiruvannamalai,Cheyyar,27.9,2026-06-29,00:15:00,89.0,2026-06-28,00:15:00,2026-06-29 00:20:13,33.05000000000001,Zone 4,64.2,Zone 5,33.3,Zone 4,60.4,Zone 5,48.0,Zone 5,63.8,Zone 5,61.0,Zone 5,66.3,Zone 5,64.2,Zone 5,68.1,Zone 5
Tamil Nadu,Tiruvannamalai,Tiruvannamalai Isro,27.3,2026-06-28,23:45:00,65.0,2026-06-28,23:45:00,2026-06-29 00:20:13,28.850000000000023,Zone 4,54.5,Zone 5,29.2,Zone 4,39.6,Zone 4,34.9,Zone 4,52.9,Zone 5,40.2,Zone 4,60.8,Zone 5,54.5,Zone 5,63.4,Zone 5
Tamil Nadu,Tiruvarur,Tiruvarur,27.9,2026-06-28,23:45:00,80.0,2026-06-28,23:45:00,2026-06-29 00:20:13,31.650000000000034,Zone 4,62.2,Zone 5,31.8,Zone 4,55.0,Zone 5,38.6,Zone 4,61.8,Zone 5,57.2,Zone 5,64.5,Zone 5,62.2,Zone 5,66.6,Zone 5
Tamil Nadu,Vellore,Virinjipuram Kvk,27.5,2026-06-29,00:15:00,20.0,2026-06-28,00:15:00,2026-06-29 00:20:13,26.150000000000034,Zone 4,37.4,Zone 4,26.2,Zone 4,33.8,Zone 4,30.2,Zone 4,37.4,Zone 4,33.9,Zone 4,40.7,Zone 4,37.4,Zone 4,44.0,Zone 4
Tamil Nadu,Viluppuram,Mailam,28.5,2026-06-29,00:00:00,71.0,2026-06-28,00:00:00,2026-06-29 00:20:13,31.55000000000001,Zone 4,60.8,Zone 5,31.6,Zone 4,48.3,Zone 5,37.8,Zone 4,60.4,Zone 5,50.6,Zone 5,63.3,Zone 5,60.8,Zone 5,65.6,Zone 5
Tamil Nadu,Virudhunagar,Aruppukottai Kvk,26.4,2026-06-29,00:00:00,78.0,2026-06-28,00:00:00,2026-06-29 00:20:13,28.55000000000001,Zone 4,59.3,Zone 5,28.8,Zone 4,41.4,Zone 5,35.0,Zone 4,58.7,Zone 5,43.5,Zone 5,62.1,Zone 5,59.3,Zone 5,64.5,Zone 5
Telangana,Adilabad,Adilabad Kvk,25.3,2026-06-29,00:15:00,100.0,2026-06-28,00:15:00,2026-06-29 00:20:13,28.55000000000001,Zone 4,62.4,Zone 5,29.0,Zone 4,55.9,Zone 5,37.6,Zone 5,62.0,Zone 5,58.0,Zone 5,64.7,Zone 5,62.4,Zone 5,66.7,Zone 5
Telangana,Hanumakonda,Hanumakonda,24.8,2026-06-28,23:30:00,,,,2026-06-29 00:20:13,,,,,,,,,,,,,,,,,,,,
Telangana,Hyderabad,Golkonda,28.0,2026-06-29,00:00:00,80.0,2026-06-28,00:00:00,2026-06-29 00:20:13,31.850000000000023,Zone 4,62.2,Zone 5,31.8,Zone 4,55.0,Zone 5,38.6,Zone 4,61.8,Zone 5,57.2,Zone 5,64.5,Zone 5,62.2,Zone 5,66.6,Zone 5
Telangana,Kamareddy,Nagireddypet,25.3,2026-06-29,00:15:00,100.0,2026-06-28,00:15:00,2026-06-29 00:20:13,28.55000000000001,Zone 4,62.4,Zone 5,29.0,Zone 4,55.9,Zone 5,37.6,Zone 5,62.0,Zone 5,58.0,Zone 5,64.7,Zone 5,62.4,Zone 5,66.7,Zone 5
Telangana,Karimnagar,Karimnagar,26.1,2026-06-29,00:15:00,90.0,2026-06-28,00:15:00,2026-06-29 00:20:13,29.150000000000034,Zone 4,61.1,Zone 5,29.0,Zone 4,50.0,Zone 5,35.9,Zone 4,60.7,Zone 5,52.3,Zone 5,63.6,Zone 5,61.1,Zone 5,65.8,Zone 5
Telangana,Khammam,Khammam,26.3,2026-06-29,00:15:00,,,,2026-06-29 00:20:13,,,,,,,,,,,,,,,,,,,,
Telangana,Khammam,Wyra Kvk,26.0,2026-06-28,23:45:00,100.0,2026-06-28,23:45:00,2026-06-29 00:20:13,30.150000000000034,Zone 4,63.2,Zone 5,30.1,Zone 4,59.2,Zone 5,42.0,Zone 5,62.8,Zone 5,59.8,Zone 5,65.4,Zone 5,63.2,Zone 5,67.4,Zone 5
Telangana,Mahbubnagar,Mahbubnagar,26.8,2026-06-29,00:00:00,89.0,2026-06-28,00:00:00,2026-06-29 00:20:13,30.55000000000001,Zone 4,62.6,Zone 5,31.0,Zone 4,56.8,Zone 5,38.6,Zone 5,62.2,Zone 5,58.9,Zone 5,64.9,Zone 5,62.6,Zone 5,66.9,Zone 5
Telangana,Medak,Ars Narsapur,22.8,2026-06-29,00:15:00,100.0,2026-06-28,00:15:00,2026-06-29 00:20:13,24.55000000000001,Zone 3,55.8,Zone 5,24.8,Zone 3,36.7,Zone 5,31.0,Zone 4,54.3,Zone 5,38.5,Zone 5,61.1,Zone 5,55.8,Zone 5,63.6,Zone 5
Telangana,Medak,Medak,25.0,2026-06-29,00:15:00,99.0,2026-06-28,00:15:00,2026-06-29 00:20:13,27.850000000000023,Zone 4,61.3,Zone 5,27.9,Zone 4,50.8,Zone 5,35.0,Zone 4,60.9,Zone 5,53.2,Zone 5,63.8,Zone 5,61.3,Zone 5,66.0,Zone 5
Telangana,Medchal Malkajgiri,Cgwb Nagole,27.2,2026-06-29,00:00:00,73.0,2026-06-28,00:00:00,2026-06-29 00:20:13,29.450000000000045,Zone 4,58.8,Zone 5,29.1,Zone 4,40.2,Zone 4,35.2,Zone 4,57.4,Zone 5,41.9,Zone 5,61.8,Zone 5,58.8,Zone 5,64.2,Zone 5
Telangana,Medchal Malkajgiri,Kukatpally Jntu,26.5,2026-06-29,00:15:00,87.0,2026-06-28,00:15:00,2026-06-29 00:20:13,29.650000000000034,Zone 4,61.3,Zone 5,29.7,Zone 4,50.9,Zone 5,36.5,Zone 4,60.9,Zone 5,53.2,Zone 5,63.8,Zone 5,61.3,Zone 5,66.0,Zone 5
Telangana,Medchal Malkajgiri,Uppal,28.1,2026-06-29,00:00:00,69.0,2026-06-28,00:00:00,2026-06-29 00:20:13,30.55000000000001,Zone 4,59.5,Zone 5,30.4,Zone 4,42.4,Zone 5,36.4,Zone 4,59.1,Zone 5,44.5,Zone 5,62.3,Zone 5,59.5,Zone 5,64.6,Zone 5
Telangana,Nirmal ,Bhainsa Arg,25.2,2026-06-29,00:15:00,,,,2026-06-29 00:20:13,,,,,,,,,,,,,,,,,,,,
Telangana,Peddapalli,Ars Peddapally,25.7,2026-06-29,00:15:00,100.0,2026-06-28,00:15:00,2026-06-29 00:20:13,29.450000000000045,Zone 4,62.4,Zone 5,29.0,Zone 4,55.9,Zone 5,37.6,Zone 5,62.0,Zone 5,58.0,Zone 5,64.7,Zone 5,62.4,Zone 5,66.7,Zone 5
Telangana,Peddapalli,Kunaram,27.4,2026-06-29,00:00:00,31.0,2026-06-28,00:00:00,2026-06-29 00:20:13,26.650000000000034,Zone 4,38.9,Zone 4,26.7,Zone 4,34.9,Zone 4,31.1,Zone 4,38.7,Zone 4,35.1,Zone 4,42.3,Zone 4,38.9,Zone 4,50.3,Zone 5
Telangana,Rajanna Sircilla,Sircilla,25.0,2026-06-29,00:15:00,99.0,2026-06-28,00:15:00,2026-06-29 00:20:13,27.850000000000023,Zone 4,61.3,Zone 5,27.9,Zone 4,50.8,Zone 5,35.0,Zone 4,60.9,Zone 5,53.2,Zone 5,63.8,Zone 5,61.3,Zone 5,66.0,Zone 5
Telangana,Ranga Reddy,Cbit Gandipet,26.3,2026-06-29,00:00:00,78.0,2026-06-28,00:00:00,2026-06-29 00:20:13,28.450000000000045,Zone 4,59.3,Zone 5,28.8,Zone 4,41.4,Zone 5,35.0,Zone 4,58.7,Zone 5,43.5,Zone 5,62.1,Zone 5,59.3,Zone 5,64.5,Zone 5
Telangana,Ranga Reddy,Chevella,24.3,2026-06-29,00:00:00,87.0,2026-06-28,00:00:00,2026-06-29 00:20:13,25.850000000000023,Zone 4,55.5,Zone 5,26.2,Zone 4,37.6,Zone 4,32.4,Zone 4,54.0,Zone 5,38.2,Zone 4,61.0,Zone 5,55.5,Zone 5,63.6,Zone 5
Telangana,Ranga Reddy,Daira,26.0,2026-06-29,00:15:00,86.0,2026-06-28,00:15:00,2026-06-29 00:20:13,28.650000000000034,Zone 4,60.3,Zone 5,28.6,Zone 4,45.8,Zone 5,35.2,Zone 4,59.9,Zone 5,48.1,Zone 5,62.9,Zone 5,60.3,Zone 5,65.2,Zone 5
Telangana,Ranga Reddy,Esci Gachibowli,25.0,2026-06-29,00:00:00,87.0,2026-06-28,00:00:00,2026-06-29 00:20:13,26.950000000000045,Zone 4,58.5,Zone 5,27.0,Zone 4,39.5,Zone 5,33.3,Zone 4,57.1,Zone 5,41.5,Zone 5,61.7,Zone 5,58.5,Zone 5,64.1,Zone 5
Telangana,Ranga Reddy,Ghatkesar,25.4,2026-06-29,00:00:00,91.0,2026-06-28,00:00:00,2026-06-29 00:20:13,27.950000000000045,Zone 4,60.5,Zone 5,28.1,Zone 4,47.0,Zone 5,34.9,Zone 4,60.1,Zone 5,49.3,Zone 5,63.1,Zone 5,60.5,Zone 5,65.4,Zone 5
Telangana,Ranga Reddy,Hayathnagar,26.8,2026-06-29,00:00:00,78.0,2026-06-28,00:00:00,2026-06-29 00:20:13,29.25,Zone 4,60.1,Zone 5,29.6,Zone 4,45.0,Zone 5,36.0,Zone 4,59.7,Zone 5,47.3,Zone 5,62.8,Zone 5,60.1,Zone 5,65.1,Zone 5
Telangana,Ranga Reddy,Ibrahimpatam,23.8,2026-06-29,00:15:00,100.0,2026-06-28,00:15:00,2026-06-29 00:20:13,25.75,Zone 4,59.8,Zone 5,26.1,Zone 4,43.6,Zone 5,32.9,Zone 4,59.4,Zone 5,45.9,Zone 5,62.5,Zone 5,59.8,Zone 5,64.8,Zone 5
Telangana,Ranga Reddy,Serilingampally,26.4,2026-06-29,00:00:00,90.0,2026-06-28,00:00:00,2026-06-29 00:20:13,29.75,Zone 4,62.0,Zone 5,30.0,Zone 4,54.0,Zone 5,37.1,Zone 4,61.6,Zone 5,56.2,Zone 5,64.3,Zone 5,62.0,Zone 5,66.4,Zone 5
Telangana,Sangareddy,Kandi,25.2,2026-06-29,00:15:00,98.0,2026-06-28,00:15:00,2026-06-29 00:20:13,28.150000000000034,Zone 4,61.1,Zone 5,27.8,Zone 4,49.9,Zone 5,34.9,Zone 4,60.7,Zone 5,52.2,Zone 5,63.6,Zone 5,61.1,Zone 5,65.8,Zone 5
Telangana,Siddipet,Kaveri Siddipet,23.8,2026-06-29,00:00:00,89.0,2026-06-28,00:00:00,2026-06-29 00:20:13,25.25,Zone 3,53.9,Zone 5,25.5,Zone 4,36.9,Zone 4,31.7,Zone 4,52.4,Zone 5,37.5,Zone 4,60.7,Zone 5,53.9,Zone 5,63.3,Zone 5
Telangana,Vikarabad,Tandur,23.7,2026-06-29,00:00:00,90.0,2026-06-28,00:00:00,2026-06-29 00:20:13,25.150000000000034,Zone 3,51.5,Zone 5,24.9,Zone 3,36.1,Zone 4,30.9,Zone 4,49.9,Zone 5,36.6,Zone 4,60.2,Zone 5,51.5,Zone 5,62.8,Zone 5
Telangana,Wanaparthy,Horticultural University Mojer,27.6,2026-06-29,00:00:00,82.0,2026-06-28,00:00:00,2026-06-29 00:20:13,31.25,Zone 4,61.8,Zone 5,31.1,Zone 4,53.3,Zone 5,37.9,Zone 4,61.4,Zone 5,55.6,Zone 5,64.2,Zone 5,61.8,Zone 5,66.3,Zone 5
Telangana,Warangal Rural,Siddhapur,26.3,2026-06-29,00:15:00,100.0,2026-06-28,00:15:00,2026-06-29 00:20:13,30.850000000000023,Zone 4,64.1,Zone 5,31.3,Zone 4,60.2,Zone 5,47.0,Zone 5,63.7,Zone 5,60.8,Zone 5,66.2,Zone 5,64.1,Zone 5,68.0,Zone 5
Tripura,Dhalai,Dholai Kvk,26.9,2026-06-29,00:15:00,93.0,2026-06-28,00:15:00,2026-06-29 00:20:13,31.25,Zone 4,63.4,Zone 5,31.5,Zone 4,59.5,Zone 5,43.3,Zone 5,63.0,Zone 5,60.0,Zone 5,65.6,Zone 5,63.4,Zone 5,67.5,Zone 5
Tripura,Dhalai,Gandachara,26.9,2026-06-29,00:15:00,98.0,2026-06-28,00:15:00,2026-06-29 00:20:13,32.05000000000001,Zone 4,64.5,Zone 5,32.3,Zone 4,60.7,Zone 5,49.7,Zone 5,64.1,Zone 5,61.3,Zone 5,66.5,Zone 5,64.5,Zone 5,68.3,Zone 5
Tripura,Khowai,Khowai,28.1,2026-06-29,00:00:00,95.0,2026-06-28,00:00:00,2026-06-29 00:20:13,34.85000000000002,Zone 4,65.6,Zone 5,34.5,Zone 4,62.0,Zone 5,56.1,Zone 5,65.2,Zone 5,62.6,Zone 5,67.5,Zone 5,65.6,Zone 5,69.1,Zone 5
Tripura,Khowai,Teliamura,28.0,2026-06-29,00:00:00,95.0,2026-06-28,00:00:00,2026-06-29 00:20:13,34.55000000000001,Zone 4,65.6,Zone 5,34.5,Zone 4,62.0,Zone 5,56.1,Zone 5,65.2,Zone 5,62.6,Zone 5,67.5,Zone 5,65.6,Zone 5,69.1,Zone 5
Tripura,North Tripura,Ashapara,26.0,2026-06-29,00:15:00,100.0,2026-06-28,00:15:00,2026-06-29 00:20:13,30.150000000000034,Zone 4,63.2,Zone 5,30.1,Zone 4,59.2,Zone 5,42.0,Zone 5,62.8,Zone 5,59.8,Zone 5,65.4,Zone 5,63.2,Zone 5,67.4,Zone 5
Tripura,North Tripura,Kamalpur,27.6,2026-06-29,00:15:00,96.0,2026-06-28,00:15:00,2026-06-29 00:20:13,33.55000000000001,Zone 4,65.0,Zone 5,33.3,Zone 4,61.3,Zone 5,52.3,Zone 5,64.6,Zone 5,61.8,Zone 5,66.9,Zone 5,65.0,Zone 5,68.7,Zone 5
Tripura,Sipahijala,Cti,27.8,2026-06-29,00:15:00,,,,2026-06-29 00:20:13,,,,,,,,,,,,,,,,,,,,
Tripura,Sipahijala,Sipahijala,27.1,2026-06-29,00:15:00,91.0,2026-06-28,00:15:00,2026-06-29 00:20:13,31.450000000000045,Zone 4,63.0,Zone 5,31.2,Zone 4,58.7,Zone 5,40.9,Zone 5,62.6,Zone 5,59.5,Zone 5,65.2,Zone 5,63.0,Zone 5,67.2,Zone 5
Tripura,Sipahijala,Sonamura,27.9,2026-06-29,00:00:00,100.0,2026-06-28,00:00:00,2026-06-29 00:20:13,36.05000000000001,Zone 5,66.7,Zone 5,37.1,Zone 5,63.4,Zone 5,59.8,Zone 5,66.3,Zone 5,63.9,Zone 5,68.4,Zone 5,66.7,Zone 5,70.0,Zone 5
Tripura,South Tripura,Gokulpur,28.1,2026-06-29,00:00:00,,,,2026-06-29 00:20:13,,,,,,,,,,,,,,,,,,,,
Tripura,South Tripura,Sabroom,26.6,2026-06-29,00:15:00,47.0,2026-06-28,00:15:00,2026-06-29 00:20:13,26.650000000000034,Zone 4,40.0,Zone 4,26.5,Zone 4,35.5,Zone 4,31.4,Zone 4,39.7,Zone 4,35.8,Zone 4,46.4,Zone 5,40.0,Zone 4,59.0,Zone 5
Tripura,Unakoti,Kailashahar,27.3,2026-06-29,00:15:00,97.0,2026-06-28,00:15:00,2026-06-29 00:20:13,32.950000000000045,Zone 4,65.2,Zone 5,33.5,Zone 4,61.5,Zone 5,53.6,Zone 5,64.8,Zone 5,62.1,Zone 5,67.1,Zone 5,65.2,Zone 5,68.8,Zone 5
Tripura,West Tripura,Agartala Airport,28.1,2026-06-29,00:00:00,95.0,2026-06-28,00:00:00,2026-06-29 00:20:13,34.85000000000002,Zone 4,65.6,Zone 5,34.5,Zone 4,62.0,Zone 5,56.1,Zone 5,65.2,Zone 5,62.6,Zone 5,67.5,Zone 5,65.6,Zone 5,69.1,Zone 5
Tripura,West Tripura,A D Nagar Amfu,28.6,2026-06-29,00:15:00,,,,2026-06-29 00:20:13,,,,,,,,,,,,,,,,,,,,
Tripura,West Tripura,Dm Office West Agartala,28.1,2026-06-29,00:00:00,,,,2026-06-29 00:20:13,,,,,,,,,,,,,,,,,,,,
Tripura,West Tripura,Hrc Nagicherra,27.5,2026-06-29,00:00:00,,,,2026-06-29 00:20:13,,,,,,,,,,,,,,,,,,,,
Tripura,West Tripura,Khumluwang,27.2,2026-06-29,00:15:00,,,,2026-06-29 00:20:13,,,,,,,,,,,,,,,,,,,,
Tripura,West Tripura,Met Agartala,27.5,2026-06-29,00:15:00,94.0,2026-06-28,00:15:00,2026-06-29 00:20:13,32.950000000000045,Zone 4,64.5,Zone 5,32.9,Zone 4,60.7,Zone 5,49.7,Zone 5,64.1,Zone 5,61.3,Zone 5,66.5,Zone 5,64.5,Zone 5,68.3,Zone 5
Tripura,West Tripura,Secretariat,28.7,2026-06-29,00:00:00,,,,2026-06-29 00:20:13,,,,,,,,,,,,,,,,,,,,
Uttarakhand,Almora,Chaubatia Ranikhet,19.6,2026-06-29,00:15:00,100.0,2026-06-28,00:15:00,2026-06-29 00:20:13,21.05000000000001,Zone 3,35.9,Zone 4,20.9,Zone 3,30.6,Zone 4,25.7,Zone 4,35.5,Zone 4,30.9,Zone 4,48.0,Zone 5,35.9,Zone 4,59.4,Zone 5
Uttarakhand,Almora,Matela Kvk,23.2,2026-06-29,00:15:00,100.0,2026-06-28,00:15:00,2026-06-29 00:20:13,24.950000000000045,Zone 3,55.8,Zone 5,24.8,Zone 3,36.7,Zone 5,31.0,Zone 4,54.3,Zone 5,38.5,Zone 5,61.1,Zone 5,55.8,Zone 5,63.6,Zone 5
Uttarakhand,Chamoli,Chamoli,21.8,2026-06-29,00:00:00,40.0,2026-06-28,00:00:00,2026-06-29 00:20:13,20.650000000000034,Zone 3,34.0,Zone 4,20.9,Zone 3,30.2,Zone 4,26.2,Zone 4,34.0,Zone 4,30.2,Zone 4,37.6,Zone 4,34.0,Zone 4,41.1,Zone 4
Uttarakhand,Champawat,Champawat,21.2,2026-06-29,00:00:00,,,,2026-06-29 00:20:13,,,,,,,,,,,,,,,,,,,,
Uttarakhand,Dehradun,Dehradun,,,,77.0,2026-06-28,00:00:00,2026-06-29 00:20:13,,,,,,,,,,,,,,,,,,,,
Uttarakhand,Dehradun,Hatibharkala,26.5,2026-06-29,00:15:00,88.0,2026-06-28,00:15:00,2026-06-29 00:20:13,29.75,Zone 4,61.5,Zone 5,29.8,Zone 4,51.9,Zone 5,36.7,Zone 4,61.1,Zone 5,54.2,Zone 5,64.0,Zone 5,61.5,Zone 5,66.1,Zone 5
Uttarakhand,Dehradun,Jollygrant,29.1,2026-06-29,00:00:00,66.0,2026-06-28,00:00:00,2026-06-29 00:20:13,31.950000000000045,Zone 4,60.3,Zone 5,31.8,Zone 4,45.9,Zone 5,37.8,Zone 4,59.9,Zone 5,48.2,Zone 5,62.9,Zone 5,60.3,Zone 5,65.2,Zone 5
Uttarakhand,Dehradun,Maldevta,24.7,2026-06-29,00:15:00,100.0,2026-06-28,00:15:00,2026-06-29 00:20:13,27.350000000000023,Zone 4,60.7,Zone 5,27.0,Zone 4,47.6,Zone 5,34.0,Zone 4,60.2,Zone 5,50.0,Zone 5,63.2,Zone 5,60.7,Zone 5,65.5,Zone 5
Uttarakhand,Dehradun,Massouri,22.0,2026-06-29,00:00:00,,,,2026-06-29 00:20:13,,,,,,,,,,,,,,,,,,,,
Uttarakhand,Dehradun,Mohakampur,27.8,2026-06-29,00:15:00,76.0,2026-06-28,00:15:00,2026-06-29 00:20:13,30.850000000000023,Zone 4,61.2,Zone 5,31.3,Zone 4,50.4,Zone 5,37.8,Zone 4,60.8,Zone 5,52.7,Zone 5,63.7,Zone 5,61.2,Zone 5,65.9,Zone 5
Uttarakhand,Dehradun,Rishikesh,,,,66.0,2026-06-28,00:00:00,2026-06-29 00:20:13,,,,,,,,,,,,,,,,,,,,
Uttarakhand,Haridwar,Roorkee Amfu,31.0,2026-06-29,00:00:00,84.0,2026-06-28,00:00:00,2026-06-29 00:20:13,47.150000000000034,Zone 5,68.1,Zone 5,47.1,Zone 5,65.1,Zone 5,61.9,Zone 5,67.7,Zone 5,65.6,Zone 5,69.6,Zone 5,68.1,Zone 5,71.0,Zone 5
Uttarakhand,Nainital,Mukteshwar,26.8,2026-06-29,00:00:00,,,,2026-06-29 00:20:13,,,,,,,,,,,,,,,,,,,,
Uttarakhand,Nainital,Nainital(Jeolikot) Kvk,23.2,2026-06-29,00:15:00,99.0,2026-06-28,00:15:00,2026-06-29 00:20:13,24.950000000000045,Zone 3,55.1,Zone 5,24.7,Zone 3,36.3,Zone 4,30.9,Zone 4,53.5,Zone 5,37.7,Zone 5,60.9,Zone 5,55.1,Zone 5,63.5,Zone 5
Uttarakhand,Nainital,Th Kosiyakutoli,26.2,2026-06-29,00:15:00,85.0,2026-06-28,00:15:00,2026-06-29 00:20:13,28.850000000000023,Zone 4,60.1,Zone 5,28.5,Zone 4,44.8,Zone 5,35.0,Zone 4,59.7,Zone 5,47.1,Zone 5,62.7,Zone 5,60.1,Zone 5,65.0,Zone 5
Uttarakhand,Pauri Garhwal,Srinagar Arg,43.5,2026-06-29,00:00:00,73.0,2026-06-28,00:00:00,2026-06-29 00:20:13,94.95000000000005,Zone 6,103.5,Zone 6,94.9,Zone 6,99.8,Zone 6,97.8,Zone 6,102.6,Zone 6,100.6,Zone 6,105.4,Zone 6,103.5,Zone 6,108.2,Zone 6
Uttarakhand,Pithoragarh,Gangolihat,21.2,2026-06-28,23:30:00,,,,2026-06-29 00:20:13,,,,,,,,,,,,,,,,,,,,
Uttarakhand,Rudraprayag,Rudra Prayag,28.6,2026-06-29,00:00:00,74.0,2026-06-28,00:00:00,2026-06-29 00:20:13,32.150000000000034,Zone 4,61.5,Zone 5,32.0,Zone 4,51.9,Zone 5,38.5,Zone 4,61.1,Zone 5,54.2,Zone 5,64.0,Zone 5,61.5,Zone 5,66.1,Zone 5
Uttarakhand,Tehri Garhwal,Devprayag,27.7,2026-06-29,00:00:00,88.0,2026-06-28,00:00:00,2026-06-29 00:20:13,32.450000000000045,Zone 4,63.2,Zone 5,31.9,Zone 4,59.1,Zone 5,41.8,Zone 5,62.8,Zone 5,59.7,Zone 5,65.4,Zone 5,63.2,Zone 5,67.4,Zone 5
Uttarakhand,Tehri Garhwal,Rani Chawri,,,,95.0,2026-06-28,00:00:00,2026-06-29 00:20:13,,,,,,,,,,,,,,,,,,,,
Uttarakhand,Udham Singh Nagar,Kashipur Aws400,29.5,2026-06-29,00:15:00,88.0,2026-06-28,00:15:00,2026-06-29 00:20:13,37.450000000000045,Zone 4,66.5,Zone 5,37.5,Zone 4,63.2,Zone 5,59.6,Zone 5,66.2,Zone 5,63.7,Zone 5,68.3,Zone 5,66.5,Zone 5,69.8,Zone 5
Uttarakhand,Uttarkashi,Purola,21.6,2026-06-29,00:00:00,13.0,2026-06-28,00:00:00,2026-06-29 00:20:13,18.650000000000034,Zone 3,31.9,Zone 4,18.5,Zone 3,28.5,Zone 4,24.9,Zone 3,31.9,Zone 4,28.5,Zone 4,35.1,Zone 4,31.9,Zone 4,38.2,Zone 4
Uttar Pradesh,Agra,Hydrogen Factory Bindukatra,33.2,2026-06-29,00:00:00,68.0,2026-06-28,00:00:00,2026-06-29 00:20:13,42.650000000000034,Zone 4,67.0,Zone 5,42.0,Zone 4,63.8,Zone 5,60.4,Zone 5,66.7,Zone 5,64.4,Zone 5,68.7,Zone 5,67.0,Zone 5,70.2,Zone 5
Uttar Pradesh,Aligarh,Quarsi Farms Quarsi,37.6,2026-06-29,00:00:00,72.0,2026-06-28,00:00:00,2026-06-29 00:20:13,71.55000000000001,Zone 5,80.0,Zone 6,71.2,Zone 5,76.4,Zone 6,74.1,Zone 6,79.3,Zone 6,77.0,Zone 6,82.2,Zone 6,80.0,Zone 6,85.1,Zone 6
Uttar Pradesh,Amethi,Tala Gram 400Aws,30.3,2026-06-29,00:15:00,88.0,2026-06-28,00:15:00,2026-06-29 00:20:13,45.650000000000034,Zone 5,68.3,Zone 5,48.3,Zone 5,65.3,Zone 5,62.2,Zone 5,67.9,Zone 5,65.8,Zone 5,69.7,Zone 5,68.3,Zone 5,71.1,Zone 5
Uttar Pradesh,Amroha,Amroha 400Aws,31.5,2026-06-29,00:15:00,79.0,2026-06-28,00:15:00,2026-06-29 00:20:13,43.650000000000034,Zone 5,67.6,Zone 5,43.6,Zone 5,64.5,Zone 5,61.3,Zone 5,67.3,Zone 5,65.1,Zone 5,69.2,Zone 5,67.6,Zone 5,70.7,Zone 5
Uttar Pradesh,Ayodhya,Ayodhya 400Aws,29.9,2026-06-29,00:15:00,91.0,2026-06-28,00:15:00,2026-06-29 00:20:13,45.950000000000045,Zone 5,68.1,Zone 5,47.3,Zone 5,65.1,Zone 5,62.0,Zone 5,67.8,Zone 5,65.6,Zone 5,69.6,Zone 5,68.1,Zone 5,71.0,Zone 5
Uttar Pradesh,Azamgarh,Azamgarh Kvk,31.2,2026-06-29,00:15:00,16.0,2026-06-28,00:15:00,2026-06-29 00:20:13,29.350000000000023,Zone 4,40.1,Zone 4,29.1,Zone 4,36.5,Zone 4,33.0,Zone 4,40.0,Zone 4,36.7,Zone 4,43.3,Zone 4,40.1,Zone 4,47.3,Zone 5
Uttar Pradesh,Bahraich,Bharaich Amfu,,,,86.0,2026-06-28,00:00:00,2026-06-29 00:20:13,,,,,,,,,,,,,,,,,,,,
Uttar Pradesh,Ballia,Ballia  400Aws,30.8,2026-06-29,00:15:00,92.0,2026-06-28,00:15:00,2026-06-29 00:20:13,59.25,Zone 5,70.1,Zone 5,59.9,Zone 5,67.6,Zone 5,64.9,Zone 5,69.8,Zone 5,68.0,Zone 5,71.3,Zone 5,70.1,Zone 5,74.0,Zone 6
Uttar Pradesh,Banda,Banda 400Aws,31.8,2026-06-29,00:15:00,70.0,2026-06-28,00:15:00,2026-06-29 00:20:13,39.05000000000001,Zone 4,66.0,Zone 5,39.6,Zone 4,62.6,Zone 5,58.4,Zone 5,65.6,Zone 5,63.1,Zone 5,67.8,Zone 5,66.0,Zone 5,69.5,Zone 5
Uttar Pradesh,Barabanki,Barabanki 400Aws,30.9,2026-06-29,00:15:00,93.0,2026-06-28,00:15:00,2026-06-29 00:20:13,60.05000000000001,Zone 5,70.3,Zone 5,60.4,Zone 5,67.9,Zone 5,65.3,Zone 5,70.0,Zone 5,68.3,Zone 5,71.6,Zone 6,70.3,Zone 5,74.5,Zone 6
Uttar Pradesh,Bareilly,Bareilly Bilwa 400Aws,31.7,2026-06-29,00:15:00,71.0,2026-06-28,00:15:00,2026-06-29 00:20:13,39.05000000000001,Zone 4,65.5,Zone 5,38.5,Zone 4,61.9,Zone 5,55.5,Zone 5,65.1,Zone 5,62.5,Zone 5,67.4,Zone 5,65.5,Zone 5,69.1,Zone 5
Uttar Pradesh,Bijnor,Prithvipur 400Aws,30.3,2026-06-29,00:15:00,,,,2026-06-29 00:20:13,,,,,,,,,,,,,,,,,,,,
Uttar Pradesh,Bulandshahar,Bulandshahar Kvk,32.1,2026-06-29,00:00:00,47.0,2026-06-28,00:00:00,2026-06-29 00:20:13,34.150000000000034,Zone 4,59.3,Zone 5,34.0,Zone 4,43.8,Zone 4,39.3,Zone 4,58.6,Zone 5,44.3,Zone 4,62.1,Zone 5,59.3,Zone 5,64.5,Zone 5
Uttar Pradesh,Etawah,Bbrau Agriculture College,35.4,2026-06-29,00:00:00,51.0,2026-06-28,00:00:00,2026-06-29 00:20:13,41.950000000000045,Zone 4,65.5,Zone 5,42.2,Zone 4,62.0,Zone 5,55.7,Zone 5,65.2,Zone 5,62.5,Zone 5,67.4,Zone 5,65.5,Zone 5,69.1,Zone 5
Uttar Pradesh,Farrukhabad,Farrukhabad 400Aws,31.4,2026-06-29,00:15:00,29.0,2026-06-28,00:15:00,2026-06-29 00:20:13,30.75,Zone 4,43.2,Zone 4,30.9,Zone 4,39.0,Zone 4,35.2,Zone 4,42.9,Zone 4,39.3,Zone 4,49.7,Zone 5,43.2,Zone 4,59.7,Zone 5
Uttar Pradesh,Fatehpur,Fatehpur Kvk,31.7,2026-06-29,00:15:00,,,,2026-06-29 00:20:13,,,,,,,,,,,,,,,,,,,,
Uttar Pradesh,Firozabad,Firozabad 400Aws,33.2,2026-06-29,00:15:00,45.0,2026-06-28,00:15:00,2026-06-29 00:20:13,35.650000000000034,Zone 4,60.0,Zone 5,35.3,Zone 4,45.0,Zone 4,40.6,Zone 4,59.6,Zone 5,46.8,Zone 5,62.7,Zone 5,60.0,Zone 5,65.0,Zone 5
Uttar Pradesh,Gautam Buddha Nagar,Kvk Chholas 400Aws,31.5,2026-06-29,00:15:00,67.0,2026-06-28,00:15:00,2026-06-29 00:20:13,37.35000000000002,Zone 4,64.4,Zone 5,37.3,Zone 4,60.6,Zone 5,48.9,Zone 5,64.0,Zone 5,61.2,Zone 5,66.4,Zone 5,64.4,Zone 5,68.3,Zone 5
Uttar Pradesh,Ghaziabad,Kv2 Airforce Hindon,30.3,2026-06-29,00:15:00,64.0,2026-06-28,00:15:00,2026-06-29 00:20:13,33.950000000000045,Zone 4,62.0,Zone 5,34.4,Zone 4,54.4,Zone 5,40.6,Zone 4,61.6,Zone 5,56.6,Zone 5,64.4,Zone 5,62.0,Zone 5,66.5,Zone 5
Uttar Pradesh,Ghaziabad,Kv Kamala Nehru Nagar,31.4,2026-06-29,00:15:00,66.0,2026-06-28,00:15:00,2026-06-29 00:20:13,36.85000000000002,Zone 4,64.1,Zone 5,37.1,Zone 4,60.3,Zone 5,47.3,Zone 5,63.7,Zone 5,60.8,Zone 5,66.2,Zone 5,64.1,Zone 5,68.0,Zone 5
Uttar Pradesh,Gorakhpur,Met Office Singhariya,30.0,2026-06-29,00:15:00,81.0,2026-06-28,00:15:00,2026-06-29 00:20:13,37.05000000000001,Zone 4,65.7,Zone 5,37.0,Zone 4,62.1,Zone 5,56.5,Zone 5,65.3,Zone 5,62.7,Zone 5,67.5,Zone 5,65.7,Zone 5,69.2,Zone 5
Uttar Pradesh,Hamirpur,Hamirpur 400Aws,33.7,2026-06-29,00:00:00,49.0,2026-06-28,00:00:00,2026-06-29 00:20:13,37.450000000000045,Zone 4,62.0,Zone 5,37.1,Zone 4,54.2,Zone 5,42.8,Zone 4,61.6,Zone 5,56.4,Zone 5,64.4,Zone 5,62.0,Zone 5,66.5,Zone 5
Uttar Pradesh,Hapur,Hapur 400Aws,30.1,2026-06-29,00:15:00,89.0,2026-06-28,00:15:00,2026-06-29 00:20:13,44.85000000000002,Zone 5,67.6,Zone 5,43.5,Zone 5,64.5,Zone 5,61.2,Zone 5,67.3,Zone 5,65.1,Zone 5,69.2,Zone 5,67.6,Zone 5,70.6,Zone 5
Uttar Pradesh,Hardoi,Hardoi 400Aws,28.3,2026-06-29,00:15:00,90.0,2026-06-28,00:15:00,2026-06-29 00:20:13,34.35000000000002,Zone 4,65.3,Zone 5,34.9,Zone 4,61.7,Zone 5,54.5,Zone 5,64.9,Zone 5,62.3,Zone 5,67.2,Zone 5,65.3,Zone 5,68.9,Zone 5
Uttar Pradesh,Jhansi,Bhundelkhand University,28.5,2026-06-29,00:15:00,,,,2026-06-29 00:20:13,,,,,,,,,,,,,,,,,,,,
Uttar Pradesh,Kashganj,Kashganj 400Aws,31.7,2026-06-29,00:15:00,56.0,2026-06-28,00:15:00,2026-06-29 00:20:13,35.150000000000034,Zone 4,61.3,Zone 5,34.8,Zone 4,50.7,Zone 5,40.6,Zone 4,60.9,Zone 5,53.0,Zone 5,63.8,Zone 5,61.3,Zone 5,65.9,Zone 5
Uttar Pradesh,Kushinagar,Kushinagar Kvk,28.9,2026-06-29,00:15:00,100.0,2026-06-28,00:15:00,2026-06-29 00:20:13,48.55000000000001,Zone 5,68.5,Zone 5,50.0,Zone 5,65.5,Zone 5,62.5,Zone 5,68.1,Zone 5,66.1,Zone 5,69.9,Zone 5,68.5,Zone 5,71.3,Zone 5
Uttar Pradesh,Lakhimpur Kheri,Lakhimpur Kheri 400Aws,30.5,2026-06-29,00:15:00,64.0,2026-06-28,00:15:00,2026-06-29 00:20:13,34.35000000000002,Zone 4,62.0,Zone 5,34.4,Zone 4,54.4,Zone 5,40.6,Zone 4,61.6,Zone 5,56.6,Zone 5,64.4,Zone 5,62.0,Zone 5,66.5,Zone 5
Uttar Pradesh,Lucknow,Integral University,33.6,2026-06-29,00:00:00,,,,2026-06-29 00:20:13,,,,,,,,,,,,,,,,,,,,
Uttar Pradesh,Lucknow,Lucknow Lab,33.3,2026-06-29,00:15:00,59.0,2026-06-28,00:15:00,2026-06-29 00:20:13,39.55000000000001,Zone 4,65.1,Zone 5,40.0,Zone 4,61.5,Zone 5,53.4,Zone 5,64.8,Zone 5,62.1,Zone 5,67.1,Zone 5,65.1,Zone 5,68.8,Zone 5
Uttar Pradesh,Lucknow,Meteorological Centre Amausi,33.3,2026-06-29,00:15:00,60.0,2026-06-28,00:15:00,2026-06-29 00:20:13,39.85000000000002,Zone 4,65.4,Zone 5,40.4,Zone 4,61.9,Zone 5,55.2,Zone 5,65.1,Zone 5,62.4,Zone 5,67.3,Zone 5,65.4,Zone 5,69.0,Zone 5
Uttar Pradesh,Mainpuri,Mainpuri Kvk,30.9,2026-06-29,00:15:00,62.0,2026-06-28,00:15:00,2026-06-29 00:20:13,34.85000000000002,Zone 4,62.2,Zone 5,35.0,Zone 4,55.4,Zone 5,41.2,Zone 4,61.8,Zone 5,57.5,Zone 5,64.6,Zone 5,62.2,Zone 5,66.7,Zone 5
Uttar Pradesh,Mathura,Collectorate Office,33.9,2026-06-29,00:00:00,65.0,2026-06-28,00:00:00,2026-06-29 00:20:13,43.650000000000034,Zone 4,67.7,Zone 5,44.4,Zone 5,64.7,Zone 5,61.4,Zone 5,67.4,Zone 5,65.2,Zone 5,69.3,Zone 5,67.7,Zone 5,70.7,Zone 5
Uttar Pradesh,Mathura,Mathura 400Aws,31.0,2026-06-29,00:15:00,66.0,2026-06-28,00:15:00,2026-06-29 00:20:13,35.85000000000002,Zone 4,63.3,Zone 5,35.9,Zone 4,59.3,Zone 5,42.7,Zone 5,63.0,Zone 5,59.9,Zone 5,65.5,Zone 5,63.3,Zone 5,67.5,Zone 5
Uttar Pradesh,Meerut,Ccsu Campus,32.5,2026-06-29,00:00:00,88.0,2026-06-28,00:00:00,2026-06-29 00:20:13,63.150000000000034,Zone 5,71.9,Zone 6,63.1,Zone 5,69.6,Zone 5,67.4,Zone 5,71.4,Zone 5,70.0,Zone 5,74.3,Zone 6,71.9,Zone 6,77.2,Zone 6
Uttar Pradesh,Mirzapur,Dagmapur 400Aws,28.9,2026-06-29,00:15:00,94.0,2026-06-28,00:15:00,2026-06-29 00:20:13,38.55000000000001,Zone 5,67.1,Zone 5,39.7,Zone 5,63.9,Zone 5,60.4,Zone 5,66.7,Zone 5,64.4,Zone 5,68.7,Zone 5,67.1,Zone 5,70.2,Zone 5
Uttar Pradesh,Moradabad,Ucheti 400Aws,30.8,2026-06-29,00:15:00,68.0,2026-06-28,00:15:00,2026-06-29 00:20:13,35.85000000000002,Zone 4,63.9,Zone 5,36.4,Zone 4,60.0,Zone 5,45.9,Zone 5,63.5,Zone 5,60.6,Zone 5,66.0,Zone 5,63.9,Zone 5,67.9,Zone 5
Uttar Pradesh,Muzaffarnagar,Sohanjani Tajan 400Aws,30.8,2026-06-29,00:15:00,89.0,2026-06-28,00:15:00,2026-06-29 00:20:13,54.450000000000045,Zone 5,69.4,Zone 5,57.0,Zone 5,66.7,Zone 5,63.8,Zone 5,69.0,Zone 5,67.1,Zone 5,70.7,Zone 5,69.4,Zone 5,72.6,Zone 6
Uttar Pradesh,Pratapgarh,Pratapgarh 400Aws,33.2,2026-06-29,00:15:00,52.0,2026-06-28,00:15:00,2026-06-29 00:20:13,37.25,Zone 4,62.2,Zone 5,36.8,Zone 4,55.4,Zone 5,42.7,Zone 4,61.8,Zone 5,57.4,Zone 5,64.6,Zone 5,62.2,Zone 5,66.6,Zone 5
Uttar Pradesh,Raebareli,Airport Fursatganj,30.9,2026-06-29,00:00:00,100.0,2026-06-28,00:00:00,2026-06-29 00:20:13,63.450000000000045,Zone 5,72.6,Zone 6,63.8,Zone 5,70.0,Zone 5,67.9,Zone 5,72.0,Zone 6,70.4,Zone 5,74.9,Zone 6,72.6,Zone 6,77.8,Zone 6
Uttar Pradesh,Saharanpur,Saharanpur 400Aws,30.6,2026-06-29,00:15:00,77.0,2026-06-28,00:15:00,2026-06-29 00:20:13,37.650000000000034,Zone 4,65.5,Zone 5,37.4,Zone 4,61.9,Zone 5,55.4,Zone 5,65.1,Zone 5,62.5,Zone 5,67.4,Zone 5,65.5,Zone 5,69.1,Zone 5
Uttar Pradesh,Sambhal,Sambhal Paltha 400Aws,29.7,2026-06-29,00:15:00,63.0,2026-06-28,00:15:00,2026-06-29 00:20:13,32.650000000000034,Zone 4,60.3,Zone 5,32.3,Zone 4,45.8,Zone 5,38.2,Zone 4,59.9,Zone 5,48.1,Zone 5,62.9,Zone 5,60.3,Zone 5,65.2,Zone 5
Uttar Pradesh,Shahjahanpur,Shahjahanpur 400Aws,31.0,2026-06-29,00:15:00,55.0,2026-06-28,00:15:00,2026-06-29 00:20:13,33.650000000000034,Zone 4,60.2,Zone 5,33.7,Zone 4,45.8,Zone 5,39.4,Zone 4,59.9,Zone 5,48.0,Zone 5,62.9,Zone 5,60.2,Zone 5,65.2,Zone 5
Uttar Pradesh,Shamli,Shamli 400Aws,30.1,2026-06-29,00:15:00,71.0,2026-06-28,00:15:00,2026-06-29 00:20:13,34.950000000000045,Zone 4,63.1,Zone 5,34.7,Zone 4,59.1,Zone 5,41.5,Zone 5,62.7,Zone 5,59.6,Zone 5,65.3,Zone 5,63.1,Zone 5,67.3,Zone 5
Uttar Pradesh,Sitapur,Ramkot 400Aws,30.9,2026-06-29,00:15:00,,,,2026-06-29 00:20:13,,,,,,,,,,,,,,,,,,,,
Uttar Pradesh,Sultanpur,Krishi Vigyan Kendra Barasin,29.9,2026-06-29,00:00:00,78.0,2026-06-28,00:00:00,2026-06-29 00:20:13,35.950000000000045,Zone 4,64.9,Zone 5,36.3,Zone 4,61.2,Zone 5,52.1,Zone 5,64.5,Zone 5,61.8,Zone 5,66.9,Zone 5,64.9,Zone 5,68.6,Zone 5
West Bengal,Alipurduar,Jayanti,25.4,2026-06-29,00:15:00,100.0,2026-06-28,00:15:00,2026-06-29 00:20:13,28.75,Zone 4,62.4,Zone 5,29.0,Zone 4,55.9,Zone 5,37.6,Zone 5,62.0,Zone 5,58.0,Zone 5,64.7,Zone 5,62.4,Zone 5,66.7,Zone 5
West Bengal,Cooch Behar,Dinhata Aws400,27.6,2026-06-29,00:15:00,100.0,2026-06-28,00:15:00,2026-06-29 00:20:13,34.450000000000045,Zone 4,65.8,Zone 5,34.1,Zone 4,62.3,Zone 5,57.3,Zone 5,65.4,Zone 5,62.9,Zone 5,67.7,Zone 5,65.8,Zone 5,69.3,Zone 5
West Bengal,Cooch Behar,Pundibari Amfu,27.2,2026-06-29,00:00:00,,,,2026-06-29 00:20:13,,,,,,,,,,,,,,,,,,,,
West Bengal,Darjeeling,Darjeeling Mo,18.1,2026-06-29,00:15:00,100.0,2026-06-28,00:15:00,2026-06-29 00:20:13,19.150000000000034,Zone 3,33.6,Zone 4,19.1,Zone 3,28.6,Zone 4,24.4,Zone 3,33.3,Zone 4,28.9,Zone 4,40.2,Zone 5,33.6,Zone 4,53.7,Zone 5
West Bengal,Darjeeling,Kharibari,27.4,2026-06-29,00:00:00,98.0,2026-06-28,00:00:00,2026-06-29 00:20:13,33.450000000000045,Zone 4,65.4,Zone 5,33.7,Zone 4,61.8,Zone 5,54.9,Zone 5,65.0,Zone 5,62.4,Zone 5,67.3,Zone 5,65.4,Zone 5,69.0,Zone 5
West Bengal,East Burdwan,Kvk Burdwan Budbud,28.1,2026-06-28,23:45:00,,,,2026-06-29 00:20:13,,,,,,,,,,,,,,,,,,,,
West Bengal,Howrah,Kvk Howrah Jagatballavapur,28.1,2026-06-29,00:15:00,96.0,2026-06-28,00:15:00,2026-06-29 00:20:13,35.05000000000001,Zone 4,65.8,Zone 5,34.8,Zone 4,62.3,Zone 5,57.3,Zone 5,65.4,Zone 5,62.9,Zone 5,67.6,Zone 5,65.8,Zone 5,69.3,Zone 5
West Bengal,Howrah,Uluberia,29.6,2026-06-29,00:00:00,94.0,2026-06-28,00:00:00,2026-06-29 00:20:13,47.450000000000045,Zone 5,68.0,Zone 5,46.0,Zone 5,64.9,Zone 5,61.7,Zone 5,67.6,Zone 5,65.5,Zone 5,69.5,Zone 5,68.0,Zone 5,70.9,Zone 5
West Bengal,Jalpaiguri,Banarhat,25.7,2026-06-29,00:15:00,97.0,2026-06-28,00:15:00,2026-06-29 00:20:13,29.150000000000034,Zone 4,61.8,Zone 5,28.7,Zone 4,53.0,Zone 5,35.9,Zone 4,61.3,Zone 5,55.3,Zone 5,64.2,Zone 5,61.8,Zone 5,66.3,Zone 5
West Bengal,Jalpaiguri,Dhupguri,26.1,2026-06-29,00:15:00,97.0,2026-06-28,00:15:00,2026-06-29 00:20:13,29.950000000000045,Zone 4,62.6,Zone 5,29.8,Zone 4,57.0,Zone 5,38.8,Zone 5,62.2,Zone 5,59.0,Zone 5,64.9,Zone 5,62.6,Zone 5,66.9,Zone 5
West Bengal,Jalpaiguri,Ramshai Kvk,26.3,2026-06-29,00:15:00,,,,2026-06-29 00:20:13,,,,,,,,,,,,,,,,,,,,
West Bengal,Jhargram,Jhargram,27.0,2026-06-29,00:00:00,91.0,2026-06-28,00:00:00,2026-06-29 00:20:13,31.25,Zone 4,63.0,Zone 5,31.2,Zone 4,58.7,Zone 5,40.9,Zone 5,62.6,Zone 5,59.5,Zone 5,65.2,Zone 5,63.0,Zone 5,67.2,Zone 5
West Bengal,Kolkata,Kolkata Airport,29.6,2026-06-29,00:00:00,93.0,2026-06-28,00:00:00,2026-06-29 00:20:13,45.55000000000001,Zone 5,67.7,Zone 5,44.2,Zone 5,64.6,Zone 5,61.4,Zone 5,67.4,Zone 5,65.2,Zone 5,69.3,Zone 5,67.7,Zone 5,70.7,Zone 5
West Bengal,Malda,Malda,27.7,2026-06-29,00:15:00,,,,2026-06-29 00:20:13,,,,,,,,,,,,,,,,,,,,
West Bengal,Murshidabad,Berhampore,28.8,2026-06-29,00:00:00,94.0,2026-06-28,00:00:00,2026-06-29 00:20:13,37.450000000000045,Zone 5,67.1,Zone 5,39.7,Zone 5,63.9,Zone 5,60.4,Zone 5,66.7,Zone 5,64.4,Zone 5,68.7,Zone 5,67.1,Zone 5,70.2,Zone 5
West Bengal,Murshidabad,Murshidabad Kvk,28.9,2026-06-29,00:15:00,,,,2026-06-29 00:20:13,,,,,,,,,,,,,,,,,,,,
West Bengal,Nadia,Bijpur,28.4,2026-06-29,00:15:00,100.0,2026-06-28,00:15:00,2026-06-29 00:20:13,41.75,Zone 5,67.6,Zone 5,43.1,Zone 5,64.5,Zone 5,61.2,Zone 5,67.2,Zone 5,65.0,Zone 5,69.2,Zone 5,67.6,Zone 5,70.6,Zone 5
West Bengal,Nadia,Kalyani Amfu,28.9,2026-06-29,00:00:00,100.0,2026-06-28,00:00:00,2026-06-29 00:20:13,48.55000000000001,Zone 5,68.5,Zone 5,50.0,Zone 5,65.5,Zone 5,62.5,Zone 5,68.1,Zone 5,66.1,Zone 5,69.9,Zone 5,68.5,Zone 5,71.3,Zone 5
West Bengal,North Dinajpur,Raiganj,27.4,2026-06-29,00:00:00,99.0,2026-06-28,00:00:00,2026-06-29 00:20:13,33.650000000000034,Zone 4,65.6,Zone 5,33.9,Zone 4,62.1,Zone 5,56.1,Zone 5,65.2,Zone 5,62.6,Zone 5,67.5,Zone 5,65.6,Zone 5,69.1,Zone 5
West Bengal,North Twenty Four Parganas,Ashoknagar Kvk,29.3,2026-06-29,00:15:00,,,,2026-06-29 00:20:13,,,,,,,,,,,,,,,,,,,,
West Bengal,North Twenty Four Parganas,Barrackpore Aws400,29.2,2026-06-29,00:15:00,72.0,2026-06-28,00:15:00,2026-06-29 00:20:13,33.150000000000034,Zone 4,61.8,Zone 5,32.7,Zone 4,53.3,Zone 5,39.2,Zone 4,61.4,Zone 5,55.6,Zone 5,64.2,Zone 5,61.8,Zone 5,66.3,Zone 5
West Bengal,North Twenty Four Parganas,Jisu Agarpara,30.0,2026-06-29,00:00:00,89.0,2026-06-28,00:00:00,2026-06-29 00:20:13,43.55000000000001,Zone 5,67.6,Zone 5,43.5,Zone 5,64.5,Zone 5,61.2,Zone 5,67.3,Zone 5,65.1,Zone 5,69.2,Zone 5,67.6,Zone 5,70.6,Zone 5
West Bengal,Purulia,Purulia Kvk,27.0,2026-06-29,00:00:00,,,,2026-06-29 00:20:13,,,,,,,,,,,,,,,,,,,,
West Bengal,South Dinajpur,Majhian Amfu,27.7,2026-06-29,00:00:00,100.0,2026-06-28,00:00:00,2026-06-29 00:20:13,34.75,Zone 4,65.8,Zone 5,34.1,Zone 4,62.3,Zone 5,57.3,Zone 5,65.4,Zone 5,62.9,Zone 5,67.7,Zone 5,65.8,Zone 5,69.3,Zone 5
West Bengal,South Twenty Four Parganas,Alipore,29.9,2026-06-29,00:00:00,95.0,2026-06-28,00:00:00,2026-06-29 00:20:13,53.450000000000045,Zone 5,69.1,Zone 5,54.9,Zone 5,66.3,Zone 5,63.4,Zone 5,68.7,Zone 5,66.8,Zone 5,70.4,Zone 5,69.1,Zone 5,72.0,Zone 6
West Bengal,South Twenty Four Parganas,Gangasagar,29.9,2026-06-29,00:15:00,,,,2026-06-29 00:20:13,,,,,,,,,,,,,,,,,,,,
,,,,,,,,,2026-06-29 00:20:13,,,,,,,,,,,,,,,,,,,,
,,,,,,,,,2026-06-29 00:20:13,,,,,,,,,,,,,,,,,,,,
,,,,,,,,,2026-06-29 00:20:13,,,,,,,,,,,,,,,,,,,,
,,,,,,,,,2026-06-29 00:20:13,,,,,,,,,,,,,,,,,,,,
Andaman And Nicobar,Nicobar,Car Nicobar,25.4,2026-06-29,00:30:00,96.0,2026-06-28,00:30:00,2026-06-29 00:45:55,28.450000000000045,Zone 4,61.5,Zone 5,28.6,Zone 4,52.0,Zone 5,35.7,Zone 4,61.1,Zone 5,54.3,Zone 5,64.0,Zone 5,61.5,Zone 5,66.1,Zone 5
Andaman And Nicobar,Nicobar,Nancowry,26.6,2026-06-29,00:30:00,98.0,2026-06-28,00:30:00,2026-06-29 00:45:55,31.25,Zone 4,63.7,Zone 5,31.0,Zone 4,59.7,Zone 5,44.5,Zone 5,63.3,Zone 5,60.3,Zone 5,65.8,Zone 5,63.7,Zone 5,67.7,Zone 5
Andaman And Nicobar,N M Andaman,Mayabunder,26.3,2026-06-29,00:15:00,,,,2026-06-29 00:45:55,,,,,,,,,,,,,,,,,,,,
Andaman And Nicobar,N M Andaman,Rangat Nimbutala,26.1,2026-06-29,00:30:00,99.0,2026-06-28,00:30:00,2026-06-29 00:45:55,30.25,Zone 4,63.0,Zone 5,30.0,Zone 4,58.7,Zone 5,40.9,Zone 5,62.6,Zone 5,59.5,Zone 5,65.2,Zone 5,63.0,Zone 5,67.2,Zone 5
Andaman And Nicobar,South Andaman,Hut Bay,25.0,2026-06-29,00:30:00,99.0,2026-06-28,00:30:00,2026-06-29 00:45:55,27.850000000000023,Zone 4,61.3,Zone 5,27.9,Zone 4,50.8,Zone 5,35.0,Zone 4,60.9,Zone 5,53.2,Zone 5,63.8,Zone 5,61.3,Zone 5,66.0,Zone 5
Andaman And Nicobar,South Andaman,Shaheed Dweep,27.7,2026-06-29,00:30:00,93.0,2026-06-28,00:30:00,2026-06-29 00:45:55,33.25,Zone 4,64.3,Zone 5,32.8,Zone 4,60.5,Zone 5,48.3,Zone 5,63.9,Zone 5,61.0,Zone 5,66.3,Zone 5,64.3,Zone 5,68.2,Zone 5
Andaman And Nicobar,South Andaman,Sri Vijaya Puram Aws400,26.3,2026-06-29,00:30:00,94.0,2026-06-28,00:30:00,2026-06-29 00:45:55,30.05000000000001,Zone 4,62.8,Zone 5,30.5,Zone 4,57.9,Zone 5,39.9,Zone 5,62.4,Zone 5,59.3,Zone 5,65.1,Zone 5,62.8,Zone 5,67.1,Zone 5
Andaman And Nicobar,South Andaman,Swaraj Deep,27.2,2026-06-29,00:30:00,80.0,2026-06-28,00:30:00,2026-06-29 00:45:55,30.25,Zone 4,60.6,Zone 5,29.9,Zone 4,47.2,Zone 5,36.3,Zone 4,60.2,Zone 5,49.5,Zone 5,63.2,Zone 5,60.6,Zone 5,65.4,Zone 5
Andhra Pradesh,Alluri Sitharama Raju,Araku Valley,24.9,2026-06-29,00:30:00,93.0,2026-06-28,00:30:00,2026-06-29 00:45:55,27.25,Zone 4,60.1,Zone 5,27.4,Zone 4,45.0,Zone 5,34.1,Zone 4,59.7,Zone 5,47.3,Zone 5,62.8,Zone 5,60.1,Zone 5,65.1,Zone 5
Andhra Pradesh,Alluri Sitharama Raju,Chintapalli Amfu,22.8,2026-06-29,00:30:00,91.0,2026-06-28,00:30:00,2026-06-29 00:45:55,24.25,Zone 3,49.0,Zone 5,24.5,Zone 3,35.3,Zone 4,30.2,Zone 4,47.4,Zone 5,35.8,Zone 4,59.6,Zone 5,49.0,Zone 5,62.3,Zone 5
Andhra Pradesh,Alluri Sitharama Raju,Pandirimamidi Hrs,25.5,2026-06-29,00:30:00,92.0,2026-06-28,00:30:00,2026-06-29 00:45:55,28.25,Zone 4,60.7,Zone 5,28.2,Zone 4,48.0,Zone 5,35.1,Zone 4,60.3,Zone 5,50.3,Zone 5,63.3,Zone 5,60.7,Zone 5,65.5,Zone 5
Andhra Pradesh,Anakapalli,Yellamanchilli Vskp,27.7,2026-06-29,00:15:00,,,,2026-06-29 00:45:55,,,,,,,,,,,,,,,,,,,,
Andhra Pradesh,Anantapur,Kh Govtdegcollege Dharmavaram,26.5,2026-06-29,00:30:00,74.0,2026-06-28,00:30:00,2026-06-29 00:45:55,28.450000000000045,Zone 4,56.8,Zone 5,28.4,Zone 4,39.4,Zone 4,34.4,Zone 4,55.3,Zone 5,40.0,Zone 4,61.3,Zone 5,56.8,Zone 5,63.8,Zone 5
Andhra Pradesh,Bapatla,Chirala,29.2,2026-06-29,00:30:00,74.0,2026-06-28,00:30:00,2026-06-29 00:45:55,33.450000000000045,Zone 4,62.3,Zone 5,33.0,Zone 4,55.7,Zone 5,39.7,Zone 4,61.9,Zone 5,57.8,Zone 5,64.6,Zone 5,62.3,Zone 5,66.7,Zone 5
Andhra Pradesh,Eluru,Vijayarai,26.5,2026-06-29,00:30:00,70.0,2026-06-28,00:30:00,2026-06-29 00:45:55,28.05000000000001,Zone 4,53.2,Zone 5,28.1,Zone 4,38.7,Zone 4,33.9,Zone 4,51.7,Zone 5,39.2,Zone 4,60.5,Zone 5,53.2,Zone 5,63.1,Zone 5
Andhra Pradesh,Kakinada,Kakinada,26.1,2026-06-29,00:30:00,94.0,2026-06-28,00:30:00,2026-06-29 00:45:55,29.650000000000034,Zone 4,62.0,Zone 5,29.4,Zone 4,54.1,Zone 5,36.6,Zone 4,61.6,Zone 5,56.3,Zone 5,64.4,Zone 5,62.0,Zone 5,66.5,Zone 5
Andhra Pradesh,Kakinada,Peddapuram,26.4,2026-06-29,00:30:00,,,,2026-06-29 00:45:55,,,,,,,,,,,,,,,,,,,,
Andhra Pradesh,Konaseema,Ambajipeta Arg,27.5,2026-06-29,00:30:00,100.0,2026-06-28,00:30:00,2026-06-29 00:45:55,34.150000000000034,Zone 4,65.8,Zone 5,34.1,Zone 4,62.3,Zone 5,57.3,Zone 5,65.4,Zone 5,62.9,Zone 5,67.7,Zone 5,65.8,Zone 5,69.3,Zone 5
Andhra Pradesh,Konaseema,Ambajipeta Aws,27.2,2026-06-29,00:30:00,100.0,2026-06-28,00:30:00,2026-06-29 00:45:55,33.25,Zone 4,65.0,Zone 5,32.7,Zone 4,61.3,Zone 5,52.3,Zone 5,64.6,Zone 5,61.8,Zone 5,66.9,Zone 5,65.0,Zone 5,68.7,Zone 5
Andhra Pradesh,Ntr,Mylavaram College Of  Engineer,26.2,2026-06-29,00:30:00,100.0,2026-06-28,00:30:00,2026-06-29 00:45:55,30.55000000000001,Zone 4,63.2,Zone 5,30.1,Zone 4,59.2,Zone 5,42.0,Zone 5,62.8,Zone 5,59.8,Zone 5,65.4,Zone 5,63.2,Zone 5,67.4,Zone 5
Andhra Pradesh,Palnadu,Rentachintala,25.5,2026-06-29,00:30:00,93.0,2026-06-28,00:30:00,2026-06-29 00:45:55,28.350000000000023,Zone 4,60.9,Zone 5,28.3,Zone 4,49.0,Zone 5,35.2,Zone 4,60.5,Zone 5,51.4,Zone 5,63.5,Zone 5,60.9,Zone 5,65.7,Zone 5
Andhra Pradesh,Prakasam,Cs Puram,30.9,2026-06-29,00:30:00,53.0,2026-06-28,00:30:00,2026-06-29 00:45:55,33.150000000000034,Zone 4,59.7,Zone 5,33.4,Zone 4,43.5,Zone 4,38.9,Zone 4,59.3,Zone 5,45.2,Zone 5,62.4,Zone 5,59.7,Zone 5,64.8,Zone 5
Andhra Pradesh,Srikakulam,Nagaralapeta Kalingapatnam,29.1,2026-06-29,00:30:00,93.0,2026-06-28,00:30:00,2026-06-29 00:45:55,39.25,Zone 5,66.9,Zone 5,38.2,Zone 5,63.6,Zone 5,60.1,Zone 5,66.5,Zone 5,64.1,Zone 5,68.5,Zone 5,66.9,Zone 5,70.1,Zone 5
Andhra Pradesh,Srikakulam,Ragolu,27.6,2026-06-29,00:30:00,95.0,2026-06-28,00:30:00,2026-06-29 00:45:55,33.35000000000002,Zone 4,64.7,Zone 5,33.1,Zone 4,61.0,Zone 5,51.0,Zone 5,64.3,Zone 5,61.6,Zone 5,66.7,Zone 5,64.7,Zone 5,68.5,Zone 5
Andhra Pradesh,Srikakulam,Sky College Etcherla,28.4,2026-06-29,00:30:00,72.0,2026-06-28,00:30:00,2026-06-29 00:45:55,31.55000000000001,Zone 4,61.0,Zone 5,31.7,Zone 4,49.5,Zone 5,38.0,Zone 4,60.6,Zone 5,51.8,Zone 5,63.6,Zone 5,61.0,Zone 5,65.8,Zone 5
Andhra Pradesh,Sri Potti Sriramulu Nellore,Podalakur,26.3,2026-06-29,00:30:00,,,,2026-06-29 00:45:55,,,,,,,,,,,,,,,,,,,,
Andhra Pradesh,Visakhapatnam,Anandapuram Arg,28.3,2026-06-29,00:30:00,73.0,2026-06-28,00:30:00,2026-06-29 00:45:55,31.450000000000045,Zone 4,61.3,Zone 5,31.9,Zone 4,50.7,Zone 5,38.3,Zone 4,60.9,Zone 5,53.0,Zone 5,63.8,Zone 5,61.3,Zone 5,65.9,Zone 5
Andhra Pradesh,Visakhapatnam,Gangavaram Port,29.1,2026-06-29,00:30:00,84.0,2026-06-28,00:30:00,2026-06-29 00:45:55,35.25,Zone 4,64.7,Zone 5,35.0,Zone 4,61.0,Zone 5,51.1,Zone 5,64.4,Zone 5,61.6,Zone 5,66.7,Zone 5,64.7,Zone 5,68.5,Zone 5
Andhra Pradesh,Visakhapatnam,Mehadrigadda Dam,38.9,2026-06-29,00:30:00,89.0,2026-06-28,00:30:00,2026-06-29 00:45:55,88.15000000000003,Zone 6,97.2,Zone 6,88.6,Zone 6,93.6,Zone 6,91.5,Zone 6,96.4,Zone 6,94.4,Zone 6,99.3,Zone 6,97.2,Zone 6,102.1,Zone 6
Andhra Pradesh,Vizianagaram,Bobbili,27.2,2026-06-29,00:30:00,89.0,2026-06-28,00:30:00,2026-06-29 00:45:55,31.350000000000023,Zone 4,62.6,Zone 5,31.0,Zone 4,56.8,Zone 5,38.6,Zone 5,62.2,Zone 5,58.9,Zone 5,64.9,Zone 5,62.6,Zone 5,66.9,Zone 5
Andhra Pradesh,Vizianagaram,Vizianagaram,28.5,2026-06-29,00:30:00,95.0,2026-06-28,00:30:00,2026-06-29 00:45:55,36.150000000000034,Zone 4,66.5,Zone 5,36.1,Zone 4,63.1,Zone 5,59.5,Zone 5,66.1,Zone 5,63.6,Zone 5,68.2,Zone 5,66.5,Zone 5,69.8,Zone 5
Andhra Pradesh,West Godavari,Bhimavaram,,,,88.0,2026-06-28,00:30:00,2026-06-29 00:45:55,,,,,,,,,,,,,,,,,,,,
Andhra Pradesh,West Godavari,Kv Gopannapalem Eluru,26.6,2026-06-29,00:30:00,56.0,2026-06-28,00:30:00,2026-06-29 00:45:55,27.25,Zone 4,41.5,Zone 4,27.1,Zone 4,36.6,Zone 4,32.2,Zone 4,41.2,Zone 4,37.0,Zone 4,54.1,Zone 5,41.5,Zone 4,60.7,Zone 5
Andhra Pradesh,West Godavari,Maruteru,29.9,2026-06-29,00:30:00,96.0,2026-06-28,00:30:00,2026-06-29 00:45:55,55.35000000000002,Zone 5,69.3,Zone 5,56.6,Zone 5,66.6,Zone 5,63.8,Zone 5,69.0,Zone 5,67.1,Zone 5,70.6,Zone 5,69.3,Zone 5,72.5,Zone 6
Andhra Pradesh,West Godavari,Narsapur,29.4,2026-06-29,00:30:00,91.0,2026-06-28,00:30:00,2026-06-29 00:45:55,39.650000000000034,Zone 5,67.3,Zone 5,40.8,Zone 5,64.1,Zone 5,60.7,Zone 5,66.9,Zone 5,64.6,Zone 5,68.9,Zone 5,67.3,Zone 5,70.4,Zone 5
Andhra Pradesh,Ysr Kadapa,Agricultural College  Badvel,30.9,2026-06-29,00:30:00,51.0,2026-06-28,00:30:00,2026-06-29 00:45:55,32.85000000000002,Zone 4,59.1,Zone 5,33.0,Zone 4,43.0,Zone 4,38.5,Zone 4,57.9,Zone 5,43.5,Zone 4,61.9,Zone 5,59.1,Zone 5,64.3,Zone 5
Arunachal Pradesh,Anjaw,Hayuliang Circle,21.5,2026-06-29,00:30:00,87.0,2026-06-28,00:30:00,2026-06-29 00:45:55,22.650000000000034,Zone 3,37.8,Zone 4,22.6,Zone 3,32.5,Zone 4,27.7,Zone 4,37.5,Zone 4,32.9,Zone 4,51.2,Zone 5,37.8,Zone 4,60.0,Zone 5
Arunachal Pradesh,Anjaw,Kibitoo Circle,18.6,2026-06-29,00:30:00,88.0,2026-06-28,00:30:00,2026-06-29 00:45:55,19.25,Zone 3,33.4,Zone 4,19.1,Zone 3,28.7,Zone 4,24.5,Zone 3,33.2,Zone 4,28.9,Zone 4,37.6,Zone 4,33.4,Zone 4,50.3,Zone 5
Arunachal Pradesh,Changlang,Miao,24.7,2026-06-29,00:30:00,100.0,2026-06-28,00:30:00,2026-06-29 00:45:55,27.350000000000023,Zone 4,60.7,Zone 5,27.0,Zone 4,47.6,Zone 5,34.0,Zone 4,60.2,Zone 5,50.0,Zone 5,63.2,Zone 5,60.7,Zone 5,65.5,Zone 5
Arunachal Pradesh,East Kameng,Seppa Pampoli,29.3,2026-06-29,00:30:00,92.0,2026-06-28,00:30:00,2026-06-29 00:45:55,40.05000000000001,Zone 5,67.5,Zone 5,42.5,Zone 5,64.4,Zone 5,61.0,Zone 5,67.1,Zone 5,64.9,Zone 5,69.1,Zone 5,67.5,Zone 5,70.5,Zone 5
Arunachal Pradesh,East Siang,Pashighat,25.1,2026-06-29,00:30:00,100.0,2026-06-28,00:30:00,2026-06-29 00:45:55,28.150000000000034,Zone 4,61.5,Zone 5,28.0,Zone 4,51.8,Zone 5,35.2,Zone 4,61.1,Zone 5,54.1,Zone 5,64.0,Zone 5,61.5,Zone 5,66.1,Zone 5
Arunachal Pradesh,Kurung Kumey,Koloraing,21.9,2026-06-29,00:30:00,100.0,2026-06-28,00:30:00,2026-06-29 00:45:55,23.650000000000034,Zone 3,49.1,Zone 5,23.7,Zone 3,34.5,Zone 4,29.3,Zone 4,47.5,Zone 5,35.0,Zone 4,59.7,Zone 5,49.1,Zone 5,62.4,Zone 5
Arunachal Pradesh,Kurung Kumey,Nyapin,22.7,2026-06-29,00:30:00,100.0,2026-06-28,00:30:00,2026-06-29 00:45:55,24.450000000000045,Zone 3,52.5,Zone 5,24.3,Zone 3,35.4,Zone 4,30.1,Zone 4,50.9,Zone 5,36.0,Zone 4,60.4,Zone 5,52.5,Zone 5,63.0,Zone 5
Arunachal Pradesh,Kurung Kumey,Nyapin,21.2,2026-06-29,00:30:00,100.0,2026-06-28,00:30:00,2026-06-29 00:45:55,22.850000000000023,Zone 3,42.5,Zone 5,22.6,Zone 3,32.8,Zone 4,27.7,Zone 4,41.2,Zone 5,33.3,Zone 4,56.3,Zone 5,42.5,Zone 5,61.2,Zone 5
Arunachal Pradesh,Leparada,Basar,23.2,2026-06-29,00:30:00,100.0,2026-06-28,00:30:00,2026-06-29 00:45:55,24.950000000000045,Zone 3,55.8,Zone 5,24.8,Zone 3,36.7,Zone 5,31.0,Zone 4,54.3,Zone 5,38.5,Zone 5,61.1,Zone 5,55.8,Zone 5,63.6,Zone 5
Arunachal Pradesh,Lohit,Wakro,23.8,2026-06-29,00:30:00,98.0,2026-06-28,00:30:00,2026-06-29 00:45:55,25.650000000000034,Zone 4,59.4,Zone 5,26.0,Zone 4,41.9,Zone 5,32.7,Zone 4,59.0,Zone 5,44.1,Zone 5,62.2,Zone 5,59.4,Zone 5,64.6,Zone 5
Arunachal Pradesh,Longding,Longding,24.6,2026-06-29,00:30:00,,,,2026-06-29 00:45:55,,,,,,,,,,,,,,,,,,,,
Arunachal Pradesh,Longding,Longding New,23.4,2026-06-29,00:15:00,,,,2026-06-29 00:45:55,,,,,,,,,,,,,,,,,,,,
Arunachal Pradesh,Lower Siang,Kangku,25.9,2026-06-29,00:30:00,100.0,2026-06-28,00:30:00,2026-06-29 00:45:55,29.850000000000023,Zone 4,63.2,Zone 5,30.1,Zone 4,59.2,Zone 5,42.0,Zone 5,62.8,Zone 5,59.8,Zone 5,65.4,Zone 5,63.2,Zone 5,67.4,Zone 5
Arunachal Pradesh,Lower Subansiri,Ziro Manipolyang,19.7,2026-06-29,00:30:00,90.0,2026-06-28,00:30:00,2026-06-29 00:45:55,20.650000000000034,Zone 3,35.0,Zone 4,20.4,Zone 3,30.0,Zone 4,25.3,Zone 3,34.7,Zone 4,30.3,Zone 4,42.4,Zone 5,35.0,Zone 4,55.8,Zone 5
Arunachal Pradesh,Namsai,Lekang,23.1,2026-06-29,00:30:00,94.0,2026-06-28,00:30:00,2026-06-29 00:45:55,24.650000000000034,Zone 3,51.3,Zone 5,24.6,Zone 3,35.7,Zone 4,30.5,Zone 4,49.7,Zone 5,36.2,Zone 4,60.1,Zone 5,51.3,Zone 5,62.8,Zone 5
Arunachal Pradesh,Namsai,Namsai Kvk,24.0,2026-06-29,00:30:00,100.0,2026-06-28,00:30:00,2026-06-29 00:45:55,26.150000000000034,Zone 4,59.8,Zone 5,26.1,Zone 4,43.6,Zone 5,32.9,Zone 4,59.4,Zone 5,45.9,Zone 5,62.5,Zone 5,59.8,Zone 5,64.8,Zone 5
Arunachal Pradesh,Papumpare,Itanagar,25.9,2026-06-29,00:30:00,100.0,2026-06-28,00:30:00,2026-06-29 00:45:55,29.850000000000023,Zone 4,63.2,Zone 5,30.1,Zone 4,59.2,Zone 5,42.0,Zone 5,62.8,Zone 5,59.8,Zone 5,65.4,Zone 5,63.2,Zone 5,67.4,Zone 5
Arunachal Pradesh,Papumpare,Yupia,26.4,2026-06-29,00:00:00,,,,2026-06-29 00:45:55,,,,,,,,,,,,,,,,,,,,
Arunachal Pradesh,Tawang,Domane,,,,97.0,2026-06-28,00:30:00,2026-06-29 00:45:55,,,,,,,,,,,,,,,,,,,,
Arunachal Pradesh,Tirap,Deomali,24.8,2026-06-29,00:30:00,100.0,2026-06-28,00:30:00,2026-06-29 00:45:55,27.55000000000001,Zone 4,61.5,Zone 5,28.0,Zone 4,51.8,Zone 5,35.2,Zone 4,61.1,Zone 5,54.1,Zone 5,64.0,Zone 5,61.5,Zone 5,66.1,Zone 5
Arunachal Pradesh,Tirap,Longding,23.0,2026-06-29,00:30:00,,,,2026-06-29 00:45:55,,,,,,,,,,,,,,,,,,,,
Arunachal Pradesh,Upper Siang,Tenali,14.9,2026-06-29,00:30:00,100.0,2026-06-28,00:30:00,2026-06-29 00:45:55,15.150000000000034,Zone 3,29.8,Zone 4,15.3,Zone 3,25.3,Zone 3,22.0,Zone 3,29.6,Zone 4,25.4,Zone 4,33.8,Zone 4,29.8,Zone 4,40.0,Zone 5
Arunachal Pradesh,Upper Siang,Yingkiong,24.7,2026-06-29,00:30:00,9.0,2026-06-28,00:30:00,2026-06-29 00:45:55,22.25,Zone 3,33.9,Zone 4,22.0,Zone 3,30.6,Zone 4,27.1,Zone 4,33.9,Zone 4,30.6,Zone 4,37.0,Zone 4,33.9,Zone 4,40.1,Zone 4
Arunachal Pradesh,Upper Subhanseri,Daporijo,26.4,2026-06-29,00:30:00,95.0,2026-06-28,00:30:00,2026-06-29 00:45:55,30.450000000000045,Zone 4,63.0,Zone 5,30.6,Zone 4,58.8,Zone 5,41.0,Zone 5,62.6,Zone 5,59.5,Zone 5,65.3,Zone 5,63.0,Zone 5,67.2,Zone 5
Arunachal Pradesh,West Kameng,Bomdila,25.4,2026-06-29,00:30:00,,,,2026-06-29 00:45:55,,,,,,,,,,,,,,,,,,,,
Arunachal Pradesh,West Kameng,Dirang,23.0,2026-06-29,00:30:00,100.0,2026-06-28,00:30:00,2026-06-29 00:45:55,24.75,Zone 3,55.8,Zone 5,24.8,Zone 3,36.7,Zone 5,31.0,Zone 4,54.3,Zone 5,38.5,Zone 5,61.1,Zone 5,55.8,Zone 5,63.6,Zone 5
Arunachal Pradesh,West Kameng,Dirang,19.6,2026-06-29,00:30:00,100.0,2026-06-28,00:30:00,2026-06-29 00:45:55,21.05000000000001,Zone 3,35.9,Zone 4,20.9,Zone 3,30.6,Zone 4,25.7,Zone 4,35.5,Zone 4,30.9,Zone 4,48.0,Zone 5,35.9,Zone 4,59.4,Zone 5
Arunachal Pradesh,West Kameng,Kalaktang,20.0,2026-06-29,00:30:00,100.0,2026-06-28,00:30:00,2026-06-29 00:45:55,21.450000000000045,Zone 3,36.9,Zone 5,21.5,Zone 3,31.3,Zone 4,26.3,Zone 4,36.3,Zone 4,31.7,Zone 4,50.8,Zone 5,36.9,Zone 5,60.0,Zone 5
Arunachal Pradesh,West Siang,Along,25.0,2026-06-29,00:30:00,100.0,2026-06-28,00:30:00,2026-06-29 00:45:55,27.950000000000045,Zone 4,61.5,Zone 5,28.0,Zone 4,51.8,Zone 5,35.2,Zone 4,61.1,Zone 5,54.1,Zone 5,64.0,Zone 5,61.5,Zone 5,66.1,Zone 5
Assam,Barpeta,Bajali University,27.1,2026-06-29,00:30:00,100.0,2026-06-28,00:30:00,2026-06-29 00:45:55,32.950000000000045,Zone 4,65.0,Zone 5,32.7,Zone 4,61.3,Zone 5,52.3,Zone 5,64.6,Zone 5,61.8,Zone 5,66.9,Zone 5,65.0,Zone 5,68.7,Zone 5
Assam,Barpeta,Barpeta Kvk,27.0,2026-06-29,00:30:00,100.0,2026-06-28,00:30:00,2026-06-29 00:45:55,32.650000000000034,Zone 4,65.0,Zone 5,32.7,Zone 4,61.3,Zone 5,52.3,Zone 5,64.6,Zone 5,61.8,Zone 5,66.9,Zone 5,65.0,Zone 5,68.7,Zone 5
Assam,Bongaigaon,Bongaigaon,26.6,2026-06-29,00:30:00,78.0,2026-06-28,00:30:00,2026-06-29 00:45:55,28.950000000000045,Zone 4,59.3,Zone 5,28.8,Zone 4,41.4,Zone 5,35.0,Zone 4,58.7,Zone 5,43.5,Zone 5,62.1,Zone 5,59.3,Zone 5,64.5,Zone 5
Assam,Charaideo,Sonari Aegcl,,,,100.0,2026-06-28,00:30:00,2026-06-29 00:45:55,,,,,,,,,,,,,,,,,,,,
Assam,Darrang,Garukhuti,27.0,2026-06-29,00:30:00,,,,2026-06-29 00:45:55,,,,,,,,,,,,,,,,,,,,
Assam,Darrang,Mangaldai,25.7,2026-06-29,00:30:00,87.0,2026-06-28,00:30:00,2026-06-29 00:45:55,28.150000000000034,Zone 4,59.7,Zone 5,27.8,Zone 4,43.0,Zone 5,34.3,Zone 4,59.3,Zone 5,45.2,Zone 5,62.4,Zone 5,59.7,Zone 5,64.8,Zone 5
Assam,Dhemaji,Silapathar Science College,25.4,2026-06-29,00:30:00,100.0,2026-06-28,00:30:00,2026-06-29 00:45:55,28.75,Zone 4,62.4,Zone 5,29.0,Zone 4,55.9,Zone 5,37.6,Zone 5,62.0,Zone 5,58.0,Zone 5,64.7,Zone 5,62.4,Zone 5,66.7,Zone 5
Assam,Dhubri,Agomani,27.1,2026-06-29,00:30:00,,,,2026-06-29 00:45:55,,,,,,,,,,,,,,,,,,,,
Assam,Dhubri,Gauripur Aegcl,27.3,2026-06-29,00:30:00,,,,2026-06-29 00:45:55,,,,,,,,,,,,,,,,,,,,
Assam,Dibrugarh,Bcpl Dibrugarh,,,,100.0,2026-06-28,00:30:00,2026-06-29 00:45:55,,,,,,,,,,,,,,,,,,,,
Assam,Dibrugarh,Dc Ofc Dibrugarh,25.3,2026-06-29,00:00:00,,,,2026-06-29 00:45:55,,,,,,,,,,,,,,,,,,,,
Assam,Dibrugarh,Lahowal,,,,12.0,2026-06-28,00:30:00,2026-06-29 00:45:55,,,,,,,,,,,,,,,,,,,,
Assam,Dima Hasao,Haflong,23.7,2026-06-29,00:30:00,86.0,2026-06-28,00:30:00,2026-06-29 00:45:55,25.05000000000001,Zone 3,48.2,Zone 5,24.8,Zone 3,35.6,Zone 4,30.6,Zone 4,46.7,Zone 5,36.1,Zone 4,59.5,Zone 5,48.2,Zone 5,62.2,Zone 5
Assam,Dima Hasao,Haflong Aegcl,24.6,2026-06-29,00:15:00,,,,2026-06-29 00:45:55,,,,,,,,,,,,,,,,,,,,
Assam,Dima Hasao,Lkhep,25.4,2026-06-29,00:30:00,100.0,2026-06-28,00:30:00,2026-06-29 00:45:55,28.75,Zone 4,62.4,Zone 5,29.0,Zone 4,55.9,Zone 5,37.6,Zone 5,62.0,Zone 5,58.0,Zone 5,64.7,Zone 5,62.4,Zone 5,66.7,Zone 5
Assam,Golaghat,Cnb Collage Bokakhat,27.6,2026-06-29,00:30:00,100.0,2026-06-28,00:30:00,2026-06-29 00:45:55,34.450000000000045,Zone 4,65.8,Zone 5,34.1,Zone 4,62.3,Zone 5,57.3,Zone 5,65.4,Zone 5,62.9,Zone 5,67.7,Zone 5,65.8,Zone 5,69.3,Zone 5
Assam,Hailakandi,Panchgram Aegcl,26.9,2026-06-29,00:30:00,98.0,2026-06-28,00:30:00,2026-06-29 00:45:55,32.05000000000001,Zone 4,64.5,Zone 5,32.3,Zone 4,60.7,Zone 5,49.7,Zone 5,64.1,Zone 5,61.3,Zone 5,66.5,Zone 5,64.5,Zone 5,68.3,Zone 5
Assam,Hajoi,Lumding,27.1,2026-06-29,00:30:00,83.0,2026-06-28,00:30:00,2026-06-29 00:45:55,30.350000000000023,Zone 4,61.2,Zone 5,30.2,Zone 4,50.5,Zone 5,36.9,Zone 4,60.8,Zone 5,52.9,Zone 5,63.7,Zone 5,61.2,Zone 5,65.9,Zone 5
Assam,Jorhat,Mariyani Aegcl,26.6,2026-06-29,00:30:00,100.0,2026-06-28,00:30:00,2026-06-29 00:45:55,31.55000000000001,Zone 4,64.1,Zone 5,31.3,Zone 4,60.2,Zone 5,47.0,Zone 5,63.7,Zone 5,60.8,Zone 5,66.2,Zone 5,64.1,Zone 5,68.0,Zone 5
Assam,Kamrup,Amingaon,27.4,2026-06-29,00:30:00,75.0,2026-06-28,00:30:00,2026-06-29 00:45:55,30.05000000000001,Zone 4,60.2,Zone 5,30.2,Zone 4,45.4,Zone 5,36.5,Zone 4,59.8,Zone 5,47.7,Zone 5,62.8,Zone 5,60.2,Zone 5,65.1,Zone 5
Assam,Kamrup,Boko Aegcl,27.2,2026-06-29,00:30:00,100.0,2026-06-28,00:30:00,2026-06-29 00:45:55,33.25,Zone 4,65.0,Zone 5,32.7,Zone 4,61.3,Zone 5,52.3,Zone 5,64.6,Zone 5,61.8,Zone 5,66.9,Zone 5,65.0,Zone 5,68.7,Zone 5
Assam,Kamrup,Chandubi,29.1,2026-06-29,00:30:00,,,,2026-06-29 00:45:55,,,,,,,,,,,,,,,,,,,,
Assam,Kamrup,Kukurmara Mirza Aegcl,26.7,2026-06-29,00:30:00,100.0,2026-06-28,00:30:00,2026-06-29 00:45:55,31.850000000000023,Zone 4,64.1,Zone 5,31.3,Zone 4,60.2,Zone 5,47.0,Zone 5,63.7,Zone 5,60.8,Zone 5,66.2,Zone 5,64.1,Zone 5,68.0,Zone 5
Assam,Kamrup Metropolitan,Aau Hrs,27.3,2026-06-29,00:30:00,98.0,2026-06-28,00:30:00,2026-06-29 00:45:55,33.150000000000034,Zone 4,65.4,Zone 5,33.7,Zone 4,61.8,Zone 5,54.9,Zone 5,65.0,Zone 5,62.4,Zone 5,67.3,Zone 5,65.4,Zone 5,69.0,Zone 5
Assam,Kamrup Metropolitan,Down Town University,26.9,2026-06-29,00:30:00,100.0,2026-06-28,00:30:00,2026-06-29 00:45:55,32.35000000000002,Zone 4,65.0,Zone 5,32.7,Zone 4,61.3,Zone 5,52.3,Zone 5,64.6,Zone 5,61.8,Zone 5,66.9,Zone 5,65.0,Zone 5,68.7,Zone 5
Assam,Kamrup Metropolitan,Gauhati University,27.0,2026-06-29,00:30:00,,,,2026-06-29 00:45:55,,,,,,,,,,,,,,,,,,,,
Assam,Kamrup Metropolitan,Guwahati,27.2,2026-06-29,00:30:00,87.0,2026-06-28,00:30:00,2026-06-29 00:45:55,31.150000000000034,Zone 4,62.1,Zone 5,30.7,Zone 4,54.8,Zone 5,37.7,Zone 4,61.7,Zone 5,57.0,Zone 5,64.5,Zone 5,62.1,Zone 5,66.6,Zone 5
Assam,Kamrup Metropolitan,Guwahati City,27.7,2026-06-29,00:15:00,,,,2026-06-29 00:45:55,,,,,,,,,,,,,,,,,,,,
Assam,Kamrup Metropolitan,Kalakshetra,28.7,2026-06-29,00:00:00,,,,2026-06-29 00:45:55,,,,,,,,,,,,,,,,,,,,
Assam,Kamrup Metropolitan,Kamakhya,27.9,2026-06-29,00:30:00,95.0,2026-06-28,00:30:00,2026-06-29 00:45:55,34.25,Zone 4,65.6,Zone 5,34.5,Zone 4,62.0,Zone 5,56.1,Zone 5,65.2,Zone 5,62.6,Zone 5,67.5,Zone 5,65.6,Zone 5,69.1,Zone 5
Assam,Kamrup Metropolitan,N Ght College,28.4,2026-06-29,00:30:00,96.0,2026-06-28,00:30:00,2026-06-29 00:45:55,36.05000000000001,Zone 4,66.7,Zone 5,37.0,Zone 5,63.4,Zone 5,59.8,Zone 5,66.3,Zone 5,63.9,Zone 5,68.4,Zone 5,66.7,Zone 5,69.9,Zone 5
Assam,Kamrup Metropolitan,Sonapur,27.2,2026-06-29,00:30:00,,,,2026-06-29 00:45:55,,,,,,,,,,,,,,,,,,,,
Assam,Kamrup Metropolitan,Vcbc Rani,26.6,2026-06-29,00:30:00,100.0,2026-06-28,00:30:00,2026-06-29 00:45:55,31.55000000000001,Zone 4,64.1,Zone 5,31.3,Zone 4,60.2,Zone 5,47.0,Zone 5,63.7,Zone 5,60.8,Zone 5,66.2,Zone 5,64.1,Zone 5,68.0,Zone 5
Assam,Karbi Anglong(East),Bakulia,28.2,2026-06-29,00:30:00,86.0,2026-06-28,00:30:00,2026-06-29 00:45:55,33.25,Zone 4,63.6,Zone 5,32.8,Zone 4,59.6,Zone 5,43.9,Zone 5,63.2,Zone 5,60.2,Zone 5,65.7,Zone 5,63.6,Zone 5,67.6,Zone 5
Assam,Karbi Anglong(East),Diphu,27.2,2026-06-29,00:30:00,92.0,2026-06-28,00:30:00,2026-06-29 00:45:55,31.850000000000023,Zone 4,63.2,Zone 5,31.4,Zone 4,59.2,Zone 5,42.1,Zone 5,62.8,Zone 5,59.8,Zone 5,65.4,Zone 5,63.2,Zone 5,67.4,Zone 5
Assam,Karbi Anglong(West),Habang Circle,20.8,2026-06-29,00:30:00,100.0,2026-06-28,00:30:00,2026-06-29 00:45:55,22.350000000000023,Zone 3,42.5,Zone 5,22.6,Zone 3,32.8,Zone 4,27.7,Zone 4,41.2,Zone 5,33.3,Zone 4,56.3,Zone 5,42.5,Zone 5,61.2,Zone 5
Assam,Karbi Anglong(West),Kheronighat,26.2,2026-06-29,00:30:00,86.0,2026-06-28,00:30:00,2026-06-29 00:45:55,28.950000000000045,Zone 4,60.3,Zone 5,28.6,Zone 4,45.8,Zone 5,35.2,Zone 4,59.9,Zone 5,48.1,Zone 5,62.9,Zone 5,60.3,Zone 5,65.2,Zone 5
Assam,Karbi Anglong(West),Umlapher,20.9,2026-06-29,00:30:00,100.0,2026-06-28,00:30:00,2026-06-29 00:45:55,22.55000000000001,Zone 3,42.5,Zone 5,22.6,Zone 3,32.8,Zone 4,27.7,Zone 4,41.2,Zone 5,33.3,Zone 4,56.3,Zone 5,42.5,Zone 5,61.2,Zone 5
Assam,Karbi Anglong(West),Umpanai Apdcl,23.6,2026-06-29,00:30:00,100.0,2026-06-28,00:30:00,2026-06-29 00:45:55,25.450000000000045,Zone 4,58.9,Zone 5,25.3,Zone 3,39.9,Zone 5,31.9,Zone 4,57.4,Zone 5,42.0,Zone 5,61.8,Zone 5,58.9,Zone 5,64.2,Zone 5
Assam,Karimganj,Harinagar,,,,16.0,2026-06-28,00:30:00,2026-06-29 00:45:55,,,,,,,,,,,,,,,,,,,,
Assam,Karimganj,Karimganj Amfu,27.4,2026-06-29,00:30:00,100.0,2026-06-28,00:30:00,2026-06-29 00:45:55,33.85000000000002,Zone 4,65.8,Zone 5,34.1,Zone 4,62.3,Zone 5,57.3,Zone 5,65.4,Zone 5,62.9,Zone 5,67.7,Zone 5,65.8,Zone 5,69.3,Zone 5
Assam,Kokrajhar,Salakati Aegcl,26.9,2026-06-29,00:30:00,100.0,2026-06-28,00:30:00,2026-06-29 00:45:55,32.35000000000002,Zone 4,65.0,Zone 5,32.7,Zone 4,61.3,Zone 5,52.3,Zone 5,64.6,Zone 5,61.8,Zone 5,66.9,Zone 5,65.0,Zone 5,68.7,Zone 5
Assam,Majuli,Majuli,26.3,2026-06-29,00:30:00,100.0,2026-06-28,00:30:00,2026-06-29 00:45:55,30.850000000000023,Zone 4,64.1,Zone 5,31.3,Zone 4,60.2,Zone 5,47.0,Zone 5,63.7,Zone 5,60.8,Zone 5,66.2,Zone 5,64.1,Zone 5,68.0,Zone 5
Assam,Marigaon,Dharamtul,28.1,2026-06-29,00:00:00,,,,2026-06-29 00:45:55,,,,,,,,,,,,,,,,,,,,
Assam,Marigaon,Laharighat,28.1,2026-06-29,00:30:00,87.0,2026-06-28,00:30:00,2026-06-29 00:45:55,33.25,Zone 4,63.8,Zone 5,33.0,Zone 4,59.9,Zone 5,45.3,Zone 5,63.4,Zone 5,60.4,Zone 5,65.9,Zone 5,63.8,Zone 5,67.8,Zone 5
Assam,Marigaon,Marigaon,28.5,2026-06-29,00:30:00,100.0,2026-06-28,00:30:00,2026-06-29 00:45:55,43.05000000000001,Zone 5,67.6,Zone 5,43.1,Zone 5,64.5,Zone 5,61.2,Zone 5,67.2,Zone 5,65.0,Zone 5,69.2,Zone 5,67.6,Zone 5,70.6,Zone 5
Assam,Nagaon,Kampur,25.2,2026-06-29,00:00:00,,,,2026-06-29 00:45:55,,,,,,,,,,,,,,,,,,,,
Assam,Nagaon,Samaguri Aegcl,27.4,2026-06-29,00:30:00,100.0,2026-06-28,00:30:00,2026-06-29 00:45:55,33.85000000000002,Zone 4,65.8,Zone 5,34.1,Zone 4,62.3,Zone 5,57.3,Zone 5,65.4,Zone 5,62.9,Zone 5,67.7,Zone 5,65.8,Zone 5,69.3,Zone 5
Assam,Nalbari,Chamata,32.6,2026-06-29,00:30:00,14.0,2026-06-28,00:30:00,2026-06-29 00:45:55,30.450000000000045,Zone 4,41.2,Zone 4,30.3,Zone 4,37.6,Zone 4,34.2,Zone 4,41.0,Zone 4,37.7,Zone 4,44.3,Zone 4,41.2,Zone 4,49.4,Zone 5
Assam,Nalbari,Nalbari,37.1,2026-06-29,00:30:00,,,,2026-06-29 00:45:55,,,,,,,,,,,,,,,,,,,,
Assam,Nalbari,Nalbari Kvk,27.3,2026-06-29,00:30:00,100.0,2026-06-28,00:30:00,2026-06-29 00:45:55,33.55000000000001,Zone 4,65.8,Zone 5,34.1,Zone 4,62.3,Zone 5,57.3,Zone 5,65.4,Zone 5,62.9,Zone 5,67.7,Zone 5,65.8,Zone 5,69.3,Zone 5
Assam,Nalbari,Tihu,27.6,2026-06-29,00:30:00,86.0,2026-06-28,00:30:00,2026-06-29 00:45:55,31.850000000000023,Zone 4,62.7,Zone 5,31.6,Zone 4,57.5,Zone 5,39.4,Zone 5,62.3,Zone 5,59.2,Zone 5,65.0,Zone 5,62.7,Zone 5,67.0,Zone 5
Assam,Sivasagar,Sivsagar Aegcl,25.4,2026-06-29,00:15:00,,,,2026-06-29 00:45:55,,,,,,,,,,,,,,,,,,,,
Assam,Sonitpur,Ghoramara Aegcl,27.0,2026-06-29,00:30:00,97.0,2026-06-28,00:30:00,2026-06-29 00:45:55,32.150000000000034,Zone 4,64.3,Zone 5,32.1,Zone 4,60.5,Zone 5,48.4,Zone 5,63.9,Zone 5,61.1,Zone 5,66.4,Zone 5,64.3,Zone 5,68.2,Zone 5
Assam,Tinsukia,Margherita,25.0,2026-06-29,00:30:00,100.0,2026-06-28,00:30:00,2026-06-29 00:45:55,27.950000000000045,Zone 4,61.5,Zone 5,28.0,Zone 4,51.8,Zone 5,35.2,Zone 4,61.1,Zone 5,54.1,Zone 5,64.0,Zone 5,61.5,Zone 5,66.1,Zone 5
Assam,Tinsukia,Rupai Aegcl,24.3,2026-06-29,00:30:00,100.0,2026-06-28,00:30:00,2026-06-29 00:45:55,26.650000000000034,Zone 4,60.7,Zone 5,27.0,Zone 4,47.6,Zone 5,34.0,Zone 4,60.2,Zone 5,50.0,Zone 5,63.2,Zone 5,60.7,Zone 5,65.5,Zone 5
Assam,Tinsukia,Tinsukia,24.7,2026-06-29,00:30:00,96.0,2026-06-28,00:30:00,2026-06-29 00:45:55,27.05000000000001,Zone 4,59.9,Zone 5,26.7,Zone 4,43.9,Zone 5,33.5,Zone 4,59.5,Zone 5,46.2,Zone 5,62.6,Zone 5,59.9,Zone 5,64.9,Zone 5
Assam,Udalguri,Rowta Aegcl,26.1,2026-06-29,00:30:00,100.0,2026-06-28,00:30:00,2026-06-29 00:45:55,30.350000000000023,Zone 4,63.2,Zone 5,30.1,Zone 4,59.2,Zone 5,42.0,Zone 5,62.8,Zone 5,59.8,Zone 5,65.4,Zone 5,63.2,Zone 5,67.4,Zone 5
Assam,Udalguri,Udalguri,23.7,2026-06-29,00:30:00,80.0,2026-06-28,00:30:00,2026-06-29 00:45:55,24.75,Zone 3,43.4,Zone 5,24.6,Zone 3,34.9,Zone 4,30.1,Zone 4,42.1,Zone 5,35.4,Zone 4,57.1,Zone 5,43.4,Zone 5,61.3,Zone 5
Assam,Udalguri,Udi Kvk,26.4,2026-06-29,00:30:00,,,,2026-06-29 00:45:55,,,,,,,,,,,,,,,,,,,,
Bihar,Arwal,Arwal Aws400,29.9,2026-06-29,00:30:00,68.0,2026-06-28,00:30:00,2026-06-29 00:45:55,33.85000000000002,Zone 4,62.3,Zone 5,34.1,Zone 4,55.8,Zone 5,40.5,Zone 4,61.9,Zone 5,57.9,Zone 5,64.7,Zone 5,62.3,Zone 5,66.7,Zone 5
Bihar,Aurangabad,Aurangabad Kvk,31.1,2026-06-29,00:30:00,59.0,2026-06-28,00:30:00,2026-06-29 00:45:55,34.650000000000034,Zone 4,61.4,Zone 5,34.4,Zone 4,51.3,Zone 5,40.4,Zone 4,61.0,Zone 5,53.6,Zone 5,63.9,Zone 5,61.4,Zone 5,66.0,Zone 5
Bihar,Buxar,Buxar,30.2,2026-06-29,00:30:00,76.0,2026-06-28,00:30:00,2026-06-29 00:45:55,36.25,Zone 4,64.4,Zone 5,35.8,Zone 4,60.6,Zone 5,49.0,Zone 5,64.0,Zone 5,61.2,Zone 5,66.4,Zone 5,64.4,Zone 5,68.3,Zone 5
Bihar,Buxar,Dumaraon,29.8,2026-06-29,00:30:00,73.0,2026-06-28,00:30:00,2026-06-29 00:45:55,34.650000000000034,Zone 4,63.6,Zone 5,35.1,Zone 4,59.7,Zone 5,44.4,Zone 5,63.2,Zone 5,60.3,Zone 5,65.8,Zone 5,63.6,Zone 5,67.7,Zone 5
Bihar,Darbhanga,Darbhanga Aws400,25.8,2026-06-29,00:30:00,100.0,2026-06-28,00:30:00,2026-06-29 00:45:55,29.650000000000034,Zone 4,63.2,Zone 5,30.1,Zone 4,59.2,Zone 5,42.0,Zone 5,62.8,Zone 5,59.8,Zone 5,65.4,Zone 5,63.2,Zone 5,67.4,Zone 5
Bihar,East Champaran,East Champaran Kvk,,,,7.0,2026-06-28,00:30:00,2026-06-29 00:45:55,,,,,,,,,,,,,,,,,,,,
Bihar,Gaya,Bodhgaya,27.8,2026-06-29,00:30:00,79.0,2026-06-28,00:30:00,2026-06-29 00:45:55,31.25,Zone 4,61.9,Zone 5,31.7,Zone 4,53.9,Zone 5,38.4,Zone 4,61.5,Zone 5,56.1,Zone 5,64.3,Zone 5,61.9,Zone 5,66.4,Zone 5
Bihar,Jehanabad,Jehanabad,29.9,2026-06-29,00:30:00,82.0,2026-06-28,00:30:00,2026-06-29 00:45:55,37.05000000000001,Zone 4,65.9,Zone 5,37.3,Zone 4,62.4,Zone 5,57.9,Zone 5,65.5,Zone 5,63.0,Zone 5,67.7,Zone 5,65.9,Zone 5,69.4,Zone 5
Bihar,Kaimur,Bhabua,29.9,2026-06-29,00:30:00,86.0,2026-06-28,00:30:00,2026-06-29 00:45:55,38.25,Zone 4,66.9,Zone 5,38.6,Zone 4,63.6,Zone 5,60.2,Zone 5,66.5,Zone 5,64.2,Zone 5,68.6,Zone 5,66.9,Zone 5,70.1,Zone 5
Bihar,Kishanganj,Arrabari,27.2,2026-06-29,00:30:00,100.0,2026-06-28,00:30:00,2026-06-29 00:45:55,33.25,Zone 4,65.0,Zone 5,32.7,Zone 4,61.3,Zone 5,52.3,Zone 5,64.6,Zone 5,61.8,Zone 5,66.9,Zone 5,65.0,Zone 5,68.7,Zone 5
Bihar,Madhepura,Madhepura,28.6,2026-06-29,00:30:00,92.0,2026-06-28,00:30:00,2026-06-29 00:45:55,35.650000000000034,Zone 4,65.8,Zone 5,35.4,Zone 4,62.3,Zone 5,57.1,Zone 5,65.4,Zone 5,62.8,Zone 5,67.6,Zone 5,65.8,Zone 5,69.3,Zone 5
Bihar,Madhubani,Sukhet,26.1,2026-06-29,00:30:00,98.0,2026-06-28,00:30:00,2026-06-29 00:45:55,30.05000000000001,Zone 4,62.8,Zone 5,29.9,Zone 4,57.9,Zone 5,39.8,Zone 5,62.4,Zone 5,59.3,Zone 5,65.1,Zone 5,62.8,Zone 5,67.1,Zone 5
Bihar,Munger,Kvk Munger,28.5,2026-06-29,00:30:00,100.0,2026-06-28,00:30:00,2026-06-29 00:45:55,43.05000000000001,Zone 5,67.6,Zone 5,43.1,Zone 5,64.5,Zone 5,61.2,Zone 5,67.2,Zone 5,65.0,Zone 5,69.2,Zone 5,67.6,Zone 5,70.6,Zone 5
Bihar,Nalanda,Harnaut,29.5,2026-06-29,00:30:00,100.0,2026-06-28,00:30:00,2026-06-29 00:45:55,56.950000000000045,Zone 5,69.3,Zone 5,56.9,Zone 5,66.6,Zone 5,63.8,Zone 5,69.0,Zone 5,67.1,Zone 5,70.7,Zone 5,69.3,Zone 5,72.6,Zone 6
Bihar,Nalanda,Rajgir,30.0,2026-06-29,00:30:00,60.0,2026-06-28,00:30:00,2026-06-29 00:45:55,32.75,Zone 4,60.2,Zone 5,32.7,Zone 4,45.5,Zone 5,38.6,Zone 4,59.8,Zone 5,47.8,Zone 5,62.8,Zone 5,60.2,Zone 5,65.1,Zone 5
Bihar,Patna,Baldwin Academy,31.6,2026-06-29,00:30:00,85.0,2026-06-28,00:30:00,2026-06-29 00:45:55,57.150000000000034,Zone 5,69.2,Zone 5,55.9,Zone 5,66.5,Zone 5,63.6,Zone 5,68.9,Zone 5,67.0,Zone 5,70.6,Zone 5,69.2,Zone 5,72.3,Zone 6
Bihar,Patna,Iit Patna,29.1,2026-06-29,00:30:00,100.0,2026-06-28,00:30:00,2026-06-29 00:45:55,51.450000000000045,Zone 5,68.5,Zone 5,50.0,Zone 5,65.5,Zone 5,62.5,Zone 5,68.1,Zone 5,66.1,Zone 5,69.9,Zone 5,68.5,Zone 5,71.3,Zone 5
Bihar,Patna,Kvk Barh,29.9,2026-06-29,00:30:00,94.0,2026-06-28,00:30:00,2026-06-29 00:45:55,51.650000000000034,Zone 5,68.8,Zone 5,53.0,Zone 5,66.0,Zone 5,63.0,Zone 5,68.5,Zone 5,66.5,Zone 5,70.2,Zone 5,68.8,Zone 5,71.6,Zone 6
Bihar,Patna,Patna,31.5,2026-06-29,00:30:00,81.0,2026-06-28,00:30:00,2026-06-29 00:45:55,47.650000000000034,Zone 5,68.2,Zone 5,47.7,Zone 5,65.2,Zone 5,62.0,Zone 5,67.8,Zone 5,65.7,Zone 5,69.7,Zone 5,68.2,Zone 5,71.0,Zone 5
Bihar,Purnea,Purnea Imd,37.2,2026-06-29,00:30:00,94.0,2026-06-28,00:30:00,2026-06-29 00:45:55,84.45000000000005,Zone 6,92.3,Zone 6,83.6,Zone 6,88.7,Zone 6,86.5,Zone 6,91.6,Zone 6,89.4,Zone 6,94.4,Zone 6,92.3,Zone 6,97.2,Zone 6
Bihar,Rohtas,Bikramganj,31.0,2026-06-29,00:30:00,55.0,2026-06-28,00:30:00,2026-06-29 00:45:55,33.650000000000034,Zone 4,60.2,Zone 5,33.7,Zone 4,45.8,Zone 5,39.4,Zone 4,59.9,Zone 5,48.0,Zone 5,62.9,Zone 5,60.2,Zone 5,65.2,Zone 5
Bihar,Rohtas,Dehri,38.1,2026-06-29,00:30:00,76.0,2026-06-28,00:30:00,2026-06-29 00:45:55,76.05000000000001,Zone 6,84.5,Zone 6,75.7,Zone 6,80.9,Zone 6,78.6,Zone 6,83.8,Zone 6,81.6,Zone 6,86.6,Zone 6,84.5,Zone 6,89.5,Zone 6
Bihar,Saharsa,Agwanpur Aws400,25.3,2026-06-29,00:30:00,100.0,2026-06-28,00:30:00,2026-06-29 00:45:55,28.55000000000001,Zone 4,62.4,Zone 5,29.0,Zone 4,55.9,Zone 5,37.6,Zone 5,62.0,Zone 5,58.0,Zone 5,64.7,Zone 5,62.4,Zone 5,66.7,Zone 5
Bihar,Samastipur,Pusa Aws400,27.2,2026-06-29,00:30:00,100.0,2026-06-28,00:30:00,2026-06-29 00:45:55,33.25,Zone 4,65.0,Zone 5,32.7,Zone 4,61.3,Zone 5,52.3,Zone 5,64.6,Zone 5,61.8,Zone 5,66.9,Zone 5,65.0,Zone 5,68.7,Zone 5
Bihar,Saran,Manjhi,30.2,2026-06-29,00:30:00,100.0,2026-06-28,00:30:00,2026-06-29 00:45:55,60.85000000000002,Zone 5,70.2,Zone 5,60.2,Zone 5,67.7,Zone 5,65.2,Zone 5,69.9,Zone 5,68.2,Zone 5,71.4,Zone 5,70.2,Zone 5,74.3,Zone 6
Bihar,Sheikpura,Sheikpura Kvk,29.6,2026-06-29,00:30:00,,,,2026-06-29 00:45:55,,,,,,,,,,,,,,,,,,,,
Bihar,Siwan,Ziradei,29.8,2026-06-29,00:30:00,84.0,2026-06-28,00:30:00,2026-06-29 00:45:55,37.25,Zone 4,66.4,Zone 5,37.9,Zone 4,63.0,Zone 5,59.4,Zone 5,66.0,Zone 5,63.6,Zone 5,68.2,Zone 5,66.4,Zone 5,69.7,Zone 5
Bihar,Supaul,Supaul Aws400,27.3,2026-06-29,00:30:00,100.0,2026-06-28,00:30:00,2026-06-29 00:45:55,33.55000000000001,Zone 4,65.8,Zone 5,34.1,Zone 4,62.3,Zone 5,57.3,Zone 5,65.4,Zone 5,62.9,Zone 5,67.7,Zone 5,65.8,Zone 5,69.3,Zone 5
Bihar,Vaishali,Vaishali,29.1,2026-06-29,00:30:00,100.0,2026-06-28,00:30:00,2026-06-29 00:45:55,51.450000000000045,Zone 5,68.5,Zone 5,50.0,Zone 5,65.5,Zone 5,62.5,Zone 5,68.1,Zone 5,66.1,Zone 5,69.9,Zone 5,68.5,Zone 5,71.3,Zone 5
Chandigarh,Chandigarh,Chandigarh,32.1,2026-06-29,00:30:00,,,,2026-06-29 00:45:55,,,,,,,,,,,,,,,,,,,,
Chandigarh,Chandigarh,Dav School,31.6,2026-06-29,00:30:00,62.0,2026-06-28,00:30:00,2026-06-29 00:45:55,36.25,Zone 4,63.0,Zone 5,36.1,Zone 4,58.7,Zone 5,42.4,Zone 4,62.6,Zone 5,59.5,Zone 5,65.2,Zone 5,63.0,Zone 5,67.2,Zone 5
Chhattisgarh,Balrampur,Balrampur Aws400,30.1,2026-06-29,00:30:00,66.0,2026-06-28,00:30:00,2026-06-29 00:45:55,33.950000000000045,Zone 4,61.8,Zone 5,33.7,Zone 4,53.3,Zone 5,40.0,Zone 4,61.4,Zone 5,55.6,Zone 5,64.2,Zone 5,61.8,Zone 5,66.3,Zone 5
Chhattisgarh,Bemetara,Bemetara,27.8,2026-06-29,00:30:00,100.0,2026-06-28,00:30:00,2026-06-29 00:45:55,35.05000000000001,Zone 5,66.7,Zone 5,37.1,Zone 5,63.4,Zone 5,59.8,Zone 5,66.3,Zone 5,63.9,Zone 5,68.4,Zone 5,66.7,Zone 5,70.0,Zone 5
Chhattisgarh,Bemetara,Bemetara Durg,29.9,2026-06-29,00:30:00,85.0,2026-06-28,00:30:00,2026-06-29 00:45:55,37.950000000000045,Zone 4,66.7,Zone 5,38.2,Zone 4,63.3,Zone 5,59.8,Zone 5,66.3,Zone 5,63.9,Zone 5,68.4,Zone 5,66.7,Zone 5,69.9,Zone 5
Chhattisgarh,Bilaspur,Bilaspur,28.1,2026-06-29,00:30:00,76.0,2026-06-28,00:30:00,2026-06-29 00:45:55,31.450000000000045,Zone 4,61.2,Zone 5,31.3,Zone 4,50.4,Zone 5,37.8,Zone 4,60.8,Zone 5,52.7,Zone 5,63.7,Zone 5,61.2,Zone 5,65.9,Zone 5
Chhattisgarh,Dhamtari,Dhamtari,,,,60.0,2026-06-28,00:30:00,2026-06-29 00:45:55,,,,,,,,,,,,,,,,,,,,
Chhattisgarh,Dhamtari,Nagri,,,,79.0,2026-06-28,00:30:00,2026-06-29 00:45:55,,,,,,,,,,,,,,,,,,,,
Chhattisgarh,Gariaband,Gariaband,28.2,2026-06-29,00:30:00,86.0,2026-06-28,00:30:00,2026-06-29 00:45:55,33.25,Zone 4,63.6,Zone 5,32.8,Zone 4,59.6,Zone 5,43.9,Zone 5,63.2,Zone 5,60.2,Zone 5,65.7,Zone 5,63.6,Zone 5,67.6,Zone 5
Chhattisgarh,Janjgir Champa,Janjgir,16.3,2026-06-29,00:30:00,18.0,2026-06-28,00:30:00,2026-06-29 00:45:55,12.950000000000045,Zone 2,28.3,Zone 4,13.1,Zone 2,25.0,Zone 3,20.9,Zone 3,28.4,Zone 4,24.9,Zone 3,31.6,Zone 4,28.3,Zone 4,34.7,Zone 4
Chhattisgarh,Janjgir Champa,Nawagarh,27.2,2026-06-29,00:30:00,95.0,2026-06-28,00:30:00,2026-06-29 00:45:55,32.35000000000002,Zone 4,63.9,Zone 5,31.8,Zone 4,60.0,Zone 5,45.8,Zone 5,63.5,Zone 5,60.5,Zone 5,66.0,Zone 5,63.9,Zone 5,67.9,Zone 5
Chhattisgarh,Janjgir Champa,Sakti,25.6,2026-06-29,00:30:00,100.0,2026-06-28,00:30:00,2026-06-29 00:45:55,29.25,Zone 4,62.4,Zone 5,29.0,Zone 4,55.9,Zone 5,37.6,Zone 5,62.0,Zone 5,58.0,Zone 5,64.7,Zone 5,62.4,Zone 5,66.7,Zone 5
Chhattisgarh,Kabirdham,Pandaria,30.2,2026-06-29,00:30:00,45.0,2026-06-28,00:30:00,2026-06-29 00:45:55,31.05000000000001,Zone 4,47.0,Zone 5,30.8,Zone 4,40.0,Zone 4,35.7,Zone 4,45.6,Zone 5,40.4,Zone 4,59.3,Zone 5,47.0,Zone 5,62.0,Zone 5
Chhattisgarh,Korba,Lakhanpur Kvk,29.1,2026-06-29,00:30:00,,,,2026-06-29 00:45:55,,,,,,,,,,,,,,,,,,,,
Chhattisgarh,Mahasamund,Pithora,28.3,2026-06-29,00:30:00,65.0,2026-06-28,00:30:00,2026-06-29 00:45:55,30.450000000000045,Zone 4,59.3,Zone 5,30.8,Zone 4,41.6,Zone 4,36.7,Zone 4,58.6,Zone 5,43.4,Zone 5,62.1,Zone 5,59.3,Zone 5,64.5,Zone 5
Chhattisgarh,Mungeli,Lormi,28.7,2026-06-29,00:30:00,80.0,2026-06-28,00:30:00,2026-06-29 00:45:55,33.450000000000045,Zone 4,63.0,Zone 5,32.9,Zone 4,58.6,Zone 5,40.7,Zone 5,62.6,Zone 5,59.5,Zone 5,65.2,Zone 5,63.0,Zone 5,67.2,Zone 5
Chhattisgarh,Mungeli,Mungeli,28.4,2026-06-29,00:30:00,80.0,2026-06-28,00:30:00,2026-06-29 00:45:55,32.75,Zone 4,63.0,Zone 5,32.9,Zone 4,58.6,Zone 5,40.7,Zone 5,62.6,Zone 5,59.5,Zone 5,65.2,Zone 5,63.0,Zone 5,67.2,Zone 5
Chhattisgarh,Pendra Road,Pendra Road,26.9,2026-06-29,00:30:00,79.0,2026-06-28,00:30:00,2026-06-29 00:45:55,29.55000000000001,Zone 4,60.3,Zone 5,29.7,Zone 4,46.1,Zone 5,36.2,Zone 4,59.9,Zone 5,48.4,Zone 5,63.0,Zone 5,60.3,Zone 5,65.2,Zone 5
Chhattisgarh,Raigarh,Dharamjaigarh,27.4,2026-06-29,00:30:00,89.0,2026-06-28,00:30:00,2026-06-29 00:45:55,31.850000000000023,Zone 4,63.4,Zone 5,32.1,Zone 4,59.4,Zone 5,43.1,Zone 5,63.0,Zone 5,60.0,Zone 5,65.6,Zone 5,63.4,Zone 5,67.5,Zone 5
Chhattisgarh,Raigarh,Raigarh,29.2,2026-06-29,00:30:00,79.0,2026-06-28,00:30:00,2026-06-29 00:45:55,34.450000000000045,Zone 4,63.5,Zone 5,33.9,Zone 4,59.6,Zone 5,43.8,Zone 5,63.1,Zone 5,60.1,Zone 5,65.7,Zone 5,63.5,Zone 5,67.6,Zone 5
Chhattisgarh,Raipur,Naya Raipur,29.7,2026-06-29,00:30:00,72.0,2026-06-28,00:30:00,2026-06-29 00:45:55,34.150000000000034,Zone 4,62.6,Zone 5,33.8,Zone 4,57.0,Zone 5,40.4,Zone 4,62.2,Zone 5,59.0,Zone 5,64.9,Zone 5,62.6,Zone 5,66.9,Zone 5
Chhattisgarh,Raipur,Raipur,29.3,2026-06-29,00:30:00,73.0,2026-06-28,00:30:00,2026-06-29 00:45:55,33.55000000000001,Zone 4,62.8,Zone 5,33.9,Zone 4,58.1,Zone 5,40.7,Zone 4,62.4,Zone 5,59.3,Zone 5,65.1,Zone 5,62.8,Zone 5,67.1,Zone 5
Chhattisgarh,Rajnandgaon,Rajnandgaon,28.1,2026-06-29,00:30:00,80.0,2026-06-28,00:30:00,2026-06-29 00:45:55,32.05000000000001,Zone 4,62.2,Zone 5,31.8,Zone 4,55.0,Zone 5,38.6,Zone 4,61.8,Zone 5,57.2,Zone 5,64.5,Zone 5,62.2,Zone 5,66.6,Zone 5
Chhattisgarh,Sukma,Sukma,27.8,2026-06-29,00:30:00,91.0,2026-06-28,00:30:00,2026-06-29 00:45:55,33.150000000000034,Zone 4,64.7,Zone 5,33.7,Zone 4,61.0,Zone 5,50.8,Zone 5,64.3,Zone 5,61.5,Zone 5,66.7,Zone 5,64.7,Zone 5,68.5,Zone 5
Chhattisgarh,Surajpur,Surajpur Aws400,27.8,2026-06-29,00:30:00,76.0,2026-06-28,00:30:00,2026-06-29 00:45:55,30.850000000000023,Zone 4,61.2,Zone 5,31.3,Zone 4,50.4,Zone 5,37.8,Zone 4,60.8,Zone 5,52.7,Zone 5,63.7,Zone 5,61.2,Zone 5,65.9,Zone 5
Dadra And Nagar Haveli,Dadar Nagar,Silvassa,29.4,2026-06-29,00:30:00,,,,2026-06-29 00:45:55,,,,,,,,,,,,,,,,,,,,
Daman And Diu,Daman,Daman Aws,29.6,2026-06-29,00:30:00,83.0,2026-06-28,00:30:00,2026-06-29 00:45:55,36.450000000000045,Zone 4,65.3,Zone 5,36.1,Zone 4,61.7,Zone 5,54.6,Zone 5,64.9,Zone 5,62.3,Zone 5,67.2,Zone 5,65.3,Zone 5,68.9,Zone 5
Daman And Diu,Diu,Diu,29.4,2026-06-29,00:30:00,81.0,2026-06-28,00:30:00,2026-06-29 00:45:55,35.35000000000002,Zone 4,64.8,Zone 5,35.6,Zone 4,61.1,Zone 5,51.7,Zone 5,64.5,Zone 5,61.7,Zone 5,66.8,Zone 5,64.8,Zone 5,68.6,Zone 5
Delhi,East Delhi,Salwan Public School,32.0,2026-06-29,00:30:00,50.0,2026-06-28,00:30:00,2026-06-29 00:45:55,34.55000000000001,Zone 4,60.2,Zone 5,34.5,Zone 4,45.5,Zone 5,40.1,Zone 4,59.8,Zone 5,47.7,Zone 5,62.8,Zone 5,60.2,Zone 5,65.1,Zone 5
Delhi,New Delhi,Pragati Maidan,32.5,2026-06-29,00:30:00,,,,2026-06-29 00:45:55,,,,,,,,,,,,,,,,,,,,
Delhi,North West Delhi,Mungeshpur,29.9,2026-06-29,00:30:00,86.0,2026-06-28,00:30:00,2026-06-29 00:45:55,38.25,Zone 4,66.9,Zone 5,38.6,Zone 4,63.6,Zone 5,60.2,Zone 5,66.5,Zone 5,64.2,Zone 5,68.6,Zone 5,66.9,Zone 5,70.1,Zone 5
Delhi,North West Delhi,Pitampura,34.5,2026-06-29,00:30:00,65.0,2026-06-28,00:30:00,2026-06-29 00:45:55,50.650000000000034,Zone 5,68.5,Zone 5,50.6,Zone 5,65.6,Zone 5,62.6,Zone 5,68.2,Zone 5,66.1,Zone 5,70.0,Zone 5,68.5,Zone 5,71.3,Zone 5
Delhi,South Delhi,Pharma Science And Research Un,31.9,2026-06-29,00:30:00,54.0,2026-06-28,00:30:00,2026-06-29 00:45:55,35.150000000000034,Zone 4,61.4,Zone 5,35.3,Zone 4,51.4,Zone 5,41.1,Zone 4,61.0,Zone 5,53.6,Zone 5,63.9,Zone 5,61.4,Zone 5,66.0,Zone 5
Delhi,South West Delhi,Ayanagar,29.6,2026-06-29,00:30:00,64.0,2026-06-28,00:30:00,2026-06-29 00:45:55,32.650000000000034,Zone 4,60.5,Zone 5,32.4,Zone 4,47.1,Zone 5,38.4,Zone 4,60.1,Zone 5,49.4,Zone 5,63.1,Zone 5,60.5,Zone 5,65.4,Zone 5
Delhi,South West Delhi,Ignou,31.8,2026-06-29,00:30:00,42.0,2026-06-28,00:30:00,2026-06-29 00:45:55,32.85000000000002,Zone 4,54.1,Zone 5,33.2,Zone 4,42.5,Zone 4,38.2,Zone 4,52.6,Zone 5,42.9,Zone 4,60.7,Zone 5,54.1,Zone 5,63.3,Zone 5
Delhi,South West Delhi,Jafarpur,30.9,2026-06-29,00:30:00,,,,2026-06-29 00:45:55,,,,,,,,,,,,,,,,,,,,
Delhi,South West Delhi,Kvk Crpf Campus,31.4,2026-06-29,00:30:00,58.0,2026-06-28,00:30:00,2026-06-29 00:45:55,35.05000000000001,Zone 4,61.8,Zone 5,35.2,Zone 4,53.5,Zone 5,41.2,Zone 4,61.5,Zone 5,55.7,Zone 5,64.3,Zone 5,61.8,Zone 5,66.4,Zone 5
Delhi,South West Delhi,Kv Narayna,30.8,2026-06-29,00:30:00,55.0,2026-06-28,00:30:00,2026-06-29 00:45:55,33.35000000000002,Zone 4,60.2,Zone 5,33.7,Zone 4,45.8,Zone 5,39.4,Zone 4,59.9,Zone 5,48.0,Zone 5,62.9,Zone 5,60.2,Zone 5,65.2,Zone 5
Delhi,South West Delhi,Najafgarh,31.2,2026-06-29,00:30:00,85.0,2026-06-28,00:30:00,2026-06-29 00:45:55,51.85000000000002,Zone 5,68.4,Zone 5,49.2,Zone 5,65.4,Zone 5,62.3,Zone 5,68.0,Zone 5,65.9,Zone 5,69.8,Zone 5,68.4,Zone 5,71.2,Zone 5
Delhi,West Delhi,Kv Janakpuri,33.0,2026-06-29,00:30:00,54.0,2026-06-28,00:30:00,2026-06-29 00:45:55,37.35000000000002,Zone 4,62.9,Zone 5,37.3,Zone 4,58.1,Zone 5,43.3,Zone 4,62.5,Zone 5,59.3,Zone 5,65.1,Zone 5,62.9,Zone 5,67.1,Zone 5
Goa,North Goa,Goa State Biodiversity Board,25.9,2026-06-29,00:30:00,99.0,2026-06-28,00:30:00,2026-06-29 00:45:55,29.75,Zone 4,63.0,Zone 5,30.0,Zone 4,58.7,Zone 5,40.9,Zone 5,62.6,Zone 5,59.5,Zone 5,65.2,Zone 5,63.0,Zone 5,67.2,Zone 5
Goa,North Goa,Mopa Airport,24.9,2026-06-29,00:30:00,100.0,2026-06-28,00:30:00,2026-06-29 00:45:55,27.75,Zone 4,61.5,Zone 5,28.0,Zone 4,51.8,Zone 5,35.2,Zone 4,61.1,Zone 5,54.1,Zone 5,64.0,Zone 5,61.5,Zone 5,66.1,Zone 5
Goa,Panaji,Altinho Imdoffice,25.2,2026-06-29,00:30:00,83.0,2026-06-28,00:30:00,2026-06-29 00:45:55,27.05000000000001,Zone 4,55.4,Zone 5,26.7,Zone 4,38.0,Zone 4,32.8,Zone 4,53.9,Zone 5,38.5,Zone 4,61.0,Zone 5,55.4,Zone 5,63.5,Zone 5
Gujarat,Ahmedabad,Ahmedabad,33.2,2026-06-29,00:30:00,71.0,2026-06-28,00:30:00,2026-06-29 00:45:55,48.25,Zone 5,67.9,Zone 5,45.6,Zone 5,64.9,Zone 5,61.7,Zone 5,67.6,Zone 5,65.4,Zone 5,69.5,Zone 5,67.9,Zone 5,70.9,Zone 5
Gujarat,Ahmedabad,Dhorela,32.4,2026-06-29,00:15:00,,,,2026-06-29 00:45:55,,,,,,,,,,,,,,,,,,,,
Gujarat,Ahmedabad,Science City,32.6,2026-06-29,00:30:00,57.0,2026-06-28,00:30:00,2026-06-29 00:45:55,37.25,Zone 4,63.0,Zone 5,37.0,Zone 4,58.9,Zone 5,43.2,Zone 4,62.6,Zone 5,59.5,Zone 5,65.3,Zone 5,63.0,Zone 5,67.2,Zone 5
Gujarat,Amreli,Dhari Aws400,28.6,2026-06-29,00:30:00,82.0,2026-06-28,00:30:00,2026-06-29 00:45:55,33.55000000000001,Zone 4,63.4,Zone 5,33.3,Zone 4,59.5,Zone 5,43.3,Zone 5,63.0,Zone 5,60.0,Zone 5,65.6,Zone 5,63.4,Zone 5,67.5,Zone 5
Gujarat,Amreli,Jafrabad,42.3,2026-06-29,00:30:00,82.0,2026-06-28,00:30:00,2026-06-29 00:45:55,97.35000000000002,Zone 6,106.7,Zone 6,98.2,Zone 6,103.0,Zone 6,101.1,Zone 6,105.8,Zone 6,103.9,Zone 6,108.6,Zone 6,106.7,Zone 6,111.4,Zone 6
Gujarat,Amreli,Rajula,31.4,2026-06-29,00:00:00,,,,2026-06-29 00:45:55,,,,,,,,,,,,,,,,,,,,
Gujarat,Banaskantha,Tharad Aws400,30.7,2026-06-29,00:30:00,54.0,2026-06-28,00:30:00,2026-06-29 00:45:55,33.05000000000001,Zone 4,59.2,Zone 5,32.7,Zone 4,42.8,Zone 4,38.2,Zone 4,58.5,Zone 5,43.4,Zone 4,62.0,Zone 5,59.2,Zone 5,64.4,Zone 5
Gujarat,Bharuch,Hansot Aws400,30.4,2026-06-29,00:30:00,82.0,2026-06-28,00:30:00,2026-06-29 00:45:55,38.55000000000001,Zone 4,66.8,Zone 5,38.9,Zone 4,63.5,Zone 5,59.9,Zone 5,66.4,Zone 5,64.0,Zone 5,68.5,Zone 5,66.8,Zone 5,70.0,Zone 5
Gujarat,Bhavnagar,Bhavnagar,31.2,2026-06-29,00:30:00,56.0,2026-06-28,00:30:00,2026-06-29 00:45:55,34.25,Zone 4,60.5,Zone 5,33.9,Zone 4,47.2,Zone 5,39.6,Zone 4,60.1,Zone 5,49.4,Zone 5,63.1,Zone 5,60.5,Zone 5,65.4,Zone 5
Gujarat,Bhavnagar,Talaja Aws400,28.9,2026-06-29,00:30:00,80.0,2026-06-28,00:30:00,2026-06-29 00:45:55,33.85000000000002,Zone 4,63.8,Zone 5,34.1,Zone 4,59.9,Zone 5,45.3,Zone 5,63.4,Zone 5,60.4,Zone 5,65.9,Zone 5,63.8,Zone 5,67.8,Zone 5
Gujarat,Botad,Botad,30.7,2026-06-29,00:30:00,65.0,2026-06-28,00:30:00,2026-06-29 00:45:55,34.950000000000045,Zone 4,62.3,Zone 5,34.6,Zone 4,55.7,Zone 5,40.9,Zone 4,61.9,Zone 5,57.8,Zone 5,64.6,Zone 5,62.3,Zone 5,66.7,Zone 5
Gujarat,Dahod,Dahod Kvk,31.3,2026-06-29,00:30:00,48.0,2026-06-28,00:30:00,2026-06-29 00:45:55,33.05000000000001,Zone 4,58.6,Zone 5,33.4,Zone 4,43.1,Zone 4,38.7,Zone 4,57.2,Zone 5,43.6,Zone 4,61.7,Zone 5,58.6,Zone 5,64.2,Zone 5
Gujarat,Dang,Dang Kvk,29.7,2026-06-29,00:30:00,78.0,2026-06-28,00:30:00,2026-06-29 00:45:55,35.450000000000045,Zone 4,64.1,Zone 5,34.9,Zone 4,60.3,Zone 5,47.2,Zone 5,63.7,Zone 5,60.8,Zone 5,66.2,Zone 5,64.1,Zone 5,68.0,Zone 5
Gujarat,Gandhinagar,Gandhinagar,32.6,2026-06-29,00:30:00,53.0,2026-06-28,00:30:00,2026-06-29 00:45:55,36.25,Zone 4,61.8,Zone 5,36.1,Zone 4,53.4,Zone 5,41.9,Zone 4,61.4,Zone 5,55.6,Zone 5,64.2,Zone 5,61.8,Zone 5,66.3,Zone 5
Gujarat,Gir Somnath,Veraval   Aws400,29.5,2026-06-29,00:30:00,83.0,2026-06-28,00:30:00,2026-06-29 00:45:55,36.150000000000034,Zone 4,65.3,Zone 5,36.1,Zone 4,61.7,Zone 5,54.6,Zone 5,64.9,Zone 5,62.3,Zone 5,67.2,Zone 5,65.3,Zone 5,68.9,Zone 5
Gujarat,Kachchh,Bachau Amfu,29.7,2026-06-29,00:30:00,63.0,2026-06-28,00:30:00,2026-06-29 00:45:55,32.650000000000034,Zone 4,60.3,Zone 5,32.3,Zone 4,45.8,Zone 5,38.2,Zone 4,59.9,Zone 5,48.1,Zone 5,62.9,Zone 5,60.3,Zone 5,65.2,Zone 5
Gujarat,Kachchh,Kandla,30.1,2026-06-29,00:30:00,73.0,2026-06-28,00:30:00,2026-06-29 00:45:55,35.35000000000002,Zone 4,63.6,Zone 5,35.1,Zone 4,59.7,Zone 5,44.4,Zone 5,63.2,Zone 5,60.3,Zone 5,65.8,Zone 5,63.6,Zone 5,67.7,Zone 5
Gujarat,Kachchh,Mundra,29.8,2026-06-29,00:30:00,74.0,2026-06-28,00:30:00,2026-06-29 00:45:55,34.85000000000002,Zone 4,63.9,Zone 5,35.3,Zone 4,60.0,Zone 5,45.9,Zone 5,63.5,Zone 5,60.6,Zone 5,66.0,Zone 5,63.9,Zone 5,67.9,Zone 5
Gujarat,Kachchh,Rapar,30.5,2026-06-29,00:15:00,,,,2026-06-29 00:45:55,,,,,,,,,,,,,,,,,,,,
Gujarat,Mahesana,Jagudan,33.2,2026-06-29,00:30:00,43.0,2026-06-28,00:30:00,2026-06-29 00:45:55,35.25,Zone 4,59.3,Zone 5,34.9,Zone 4,44.4,Zone 4,40.1,Zone 4,58.8,Zone 5,44.9,Zone 4,62.1,Zone 5,59.3,Zone 5,64.5,Zone 5
Gujarat,Mahisagar,Lunavada,31.8,2026-06-29,00:30:00,62.0,2026-06-28,00:30:00,2026-06-29 00:45:55,36.75,Zone 4,63.8,Zone 5,37.2,Zone 4,59.8,Zone 5,45.1,Zone 5,63.4,Zone 5,60.4,Zone 5,65.9,Zone 5,63.8,Zone 5,67.8,Zone 5
Gujarat,Morbi,Halwad,30.3,2026-06-29,00:30:00,67.0,2026-06-28,00:30:00,2026-06-29 00:45:55,34.55000000000001,Zone 4,62.8,Zone 5,35.0,Zone 4,58.1,Zone 5,41.5,Zone 4,62.4,Zone 5,59.3,Zone 5,65.1,Zone 5,62.8,Zone 5,67.1,Zone 5
Gujarat,Patan,Patan,33.1,2026-06-29,00:30:00,52.0,2026-06-28,00:30:00,2026-06-29 00:45:55,37.05000000000001,Zone 4,62.2,Zone 5,36.8,Zone 4,55.4,Zone 5,42.7,Zone 4,61.8,Zone 5,57.4,Zone 5,64.6,Zone 5,62.2,Zone 5,66.6,Zone 5
Gujarat,Patan,Radhanpur,32.6,2026-06-29,00:30:00,51.0,2026-06-28,00:30:00,2026-06-29 00:45:55,35.85000000000002,Zone 4,61.2,Zone 5,35.6,Zone 4,50.4,Zone 5,41.3,Zone 4,60.8,Zone 5,52.7,Zone 5,63.7,Zone 5,61.2,Zone 5,65.9,Zone 5
Gujarat,Porbandar,Porbandar,16.0,2026-06-29,00:30:00,79.0,2026-06-28,00:30:00,2026-06-29 00:45:55,15.550000000000011,Zone 3,30.0,Zone 4,15.6,Zone 3,25.8,Zone 4,22.3,Zone 3,29.9,Zone 4,25.9,Zone 4,33.9,Zone 4,30.0,Zone 4,37.7,Zone 4
Gujarat,Sabarkantha,Bayad,32.0,2026-06-29,00:30:00,64.0,2026-06-28,00:30:00,2026-06-29 00:45:55,37.75,Zone 4,64.3,Zone 5,37.8,Zone 4,60.5,Zone 5,48.5,Zone 5,63.9,Zone 5,61.1,Zone 5,66.4,Zone 5,64.3,Zone 5,68.2,Zone 5
Gujarat,Sabarkantha,Himatnagar,,,,60.0,2026-06-28,00:30:00,2026-06-29 00:45:55,,,,,,,,,,,,,,,,,,,,
Gujarat,Surat,Surat,30.9,2026-06-29,00:30:00,87.0,2026-06-28,00:30:00,2026-06-29 00:45:55,51.85000000000002,Zone 5,68.9,Zone 5,53.2,Zone 5,66.0,Zone 5,63.1,Zone 5,68.5,Zone 5,66.5,Zone 5,70.3,Zone 5,68.9,Zone 5,71.6,Zone 6
Gujarat,Surat,Surat Kvk,30.4,2026-06-29,00:30:00,,,,2026-06-29 00:45:55,,,,,,,,,,,,,,,,,,,,
Gujarat,Surendranagar,Surendranagar,30.4,2026-06-29,00:30:00,63.0,2026-06-28,00:30:00,2026-06-29 00:45:55,33.950000000000045,Zone 4,61.8,Zone 5,34.2,Zone 4,53.1,Zone 5,40.3,Zone 4,61.4,Zone 5,55.3,Zone 5,64.2,Zone 5,61.8,Zone 5,66.3,Zone 5
Gujarat,Vadodara,Vadodara Aws400,31.3,2026-06-29,00:30:00,64.0,2026-06-28,00:30:00,2026-06-29 00:45:55,36.05000000000001,Zone 4,63.6,Zone 5,36.6,Zone 4,59.6,Zone 5,43.9,Zone 5,63.2,Zone 5,60.2,Zone 5,65.7,Zone 5,63.6,Zone 5,67.6,Zone 5
Haryana,Bhiwani,Bhiwani,31.1,2026-06-29,00:30:00,61.0,2026-06-28,00:30:00,2026-06-29 00:45:55,35.05000000000001,Zone 4,62.0,Zone 5,34.8,Zone 4,54.1,Zone 5,40.9,Zone 4,61.6,Zone 5,56.2,Zone 5,64.4,Zone 5,62.0,Zone 5,66.4,Zone 5
Haryana,Charkhi Dadri,Revenue Office Aws400,31.7,2026-06-29,00:30:00,59.0,2026-06-28,00:30:00,2026-06-29 00:45:55,35.85000000000002,Zone 4,62.1,Zone 5,35.4,Zone 4,54.9,Zone 5,41.5,Zone 4,61.7,Zone 5,57.0,Zone 5,64.5,Zone 5,62.1,Zone 5,66.6,Zone 5
Haryana,Faridabad,Bopani,33.9,2026-06-29,00:30:00,87.0,2026-06-28,00:30:00,2026-06-29 00:45:55,67.55000000000001,Zone 5,76.7,Zone 6,67.9,Zone 5,73.1,Zone 6,71.0,Zone 5,76.1,Zone 6,73.8,Zone 6,79.0,Zone 6,76.7,Zone 6,81.8,Zone 6
Haryana,Fatehabad,Fatehabad,31.6,2026-06-29,00:30:00,58.0,2026-06-28,00:30:00,2026-06-29 00:45:55,35.35000000000002,Zone 4,61.8,Zone 5,35.2,Zone 4,53.5,Zone 5,41.2,Zone 4,61.5,Zone 5,55.7,Zone 5,64.3,Zone 5,61.8,Zone 5,66.4,Zone 5
Haryana,Gurgaon,Gurgaon,30.0,2026-06-29,00:30:00,99.0,2026-06-28,00:30:00,2026-06-29 00:45:55,59.75,Zone 5,70.0,Zone 5,59.7,Zone 5,67.5,Zone 5,64.8,Zone 5,69.7,Zone 5,67.9,Zone 5,71.2,Zone 5,70.0,Zone 5,73.8,Zone 6
Haryana,Gurgaon,Gurgaon Kvk,32.2,2026-06-29,00:30:00,13.0,2026-06-28,00:30:00,2026-06-29 00:45:55,29.950000000000045,Zone 4,40.5,Zone 4,29.8,Zone 4,37.0,Zone 4,33.6,Zone 4,40.4,Zone 4,37.1,Zone 4,43.7,Zone 4,40.5,Zone 4,46.9,Zone 5
Haryana,Gurgaon,Northcap University,32.0,2026-06-29,00:30:00,55.0,2026-06-28,00:30:00,2026-06-29 00:45:55,35.55000000000001,Zone 4,61.7,Zone 5,35.6,Zone 4,52.8,Zone 5,41.4,Zone 4,61.3,Zone 5,55.1,Zone 5,64.1,Zone 5,61.7,Zone 5,66.3,Zone 5
Haryana,Hisar,Balasmand,30.9,2026-06-29,00:30:00,64.0,2026-06-28,00:30:00,2026-06-29 00:45:55,35.25,Zone 4,62.8,Zone 5,35.4,Zone 4,57.9,Zone 5,41.8,Zone 4,62.4,Zone 5,59.2,Zone 5,65.1,Zone 5,62.8,Zone 5,67.1,Zone 5
Haryana,Hisar,Hissar Amfu,31.0,2026-06-29,00:30:00,64.0,2026-06-28,00:30:00,2026-06-29 00:45:55,35.450000000000045,Zone 4,62.8,Zone 5,35.4,Zone 4,57.9,Zone 5,41.8,Zone 4,62.4,Zone 5,59.2,Zone 5,65.1,Zone 5,62.8,Zone 5,67.1,Zone 5
Haryana,Hisar,Sadalpur,32.4,2026-06-29,00:30:00,54.0,2026-06-28,00:30:00,2026-06-29 00:45:55,36.150000000000034,Zone 4,62.1,Zone 5,36.3,Zone 4,54.9,Zone 5,42.2,Zone 4,61.7,Zone 5,57.0,Zone 5,64.5,Zone 5,62.1,Zone 5,66.6,Zone 5
Haryana,Jhajjar,Jhajjar,30.3,2026-06-29,00:30:00,58.0,2026-06-28,00:30:00,2026-06-29 00:45:55,32.950000000000045,Zone 4,60.4,Zone 5,33.3,Zone 4,46.4,Zone 5,39.1,Zone 4,60.0,Zone 5,48.6,Zone 5,63.0,Zone 5,60.4,Zone 5,65.3,Zone 5
Haryana,Jind,Pandu Pindara,31.8,2026-06-29,00:30:00,58.0,2026-06-28,00:30:00,2026-06-29 00:45:55,35.85000000000002,Zone 4,62.6,Zone 5,36.2,Zone 4,57.0,Zone 5,42.3,Zone 4,62.2,Zone 5,59.0,Zone 5,64.9,Zone 5,62.6,Zone 5,66.9,Zone 5
Haryana,Kaithal,Kaithal,31.6,2026-06-29,00:30:00,61.0,2026-06-28,00:30:00,2026-06-29 00:45:55,36.05000000000001,Zone 4,62.7,Zone 5,35.8,Zone 4,57.5,Zone 5,42.1,Zone 4,62.3,Zone 5,59.1,Zone 5,65.0,Zone 5,62.7,Zone 5,67.0,Zone 5
Haryana,Kaithal,Kaul Amfu,31.0,2026-06-29,00:30:00,100.0,2026-06-28,00:30:00,2026-06-29 00:45:55,63.75,Zone 5,72.6,Zone 6,63.8,Zone 5,70.0,Zone 5,67.9,Zone 5,72.0,Zone 6,70.4,Zone 5,74.9,Zone 6,72.6,Zone 6,77.8,Zone 6
Haryana,Karnal,Indri Rest House,30.9,2026-06-29,00:30:00,,,,2026-06-29 00:45:55,,,,,,,,,,,,,,,,,,,,
Haryana,Karnal,Karnal,31.4,2026-06-29,00:30:00,,,,2026-06-29 00:45:55,,,,,,,,,,,,,,,,,,,,
Haryana,Karnal,Uchani,32.6,2026-06-29,00:30:00,77.0,2026-06-28,00:30:00,2026-06-29 00:45:55,53.85000000000002,Zone 5,68.8,Zone 5,52.5,Zone 5,65.9,Zone 5,62.9,Zone 5,68.4,Zone 5,66.4,Zone 5,70.2,Zone 5,68.8,Zone 5,71.5,Zone 5
Haryana,Kurukshetra,Pehowa,30.9,2026-06-29,00:30:00,,,,2026-06-29 00:45:55,,,,,,,,,,,,,,,,,,,,
Haryana,Mahendragarh,Mahendragarh Aws,30.5,2026-06-29,00:30:00,61.0,2026-06-28,00:30:00,2026-06-29 00:45:55,33.85000000000002,Zone 4,61.2,Zone 5,33.8,Zone 4,50.4,Zone 5,39.8,Zone 4,60.8,Zone 5,52.7,Zone 5,63.7,Zone 5,61.2,Zone 5,65.9,Zone 5
Haryana,Mewat,Mandkola,30.3,2026-06-29,00:30:00,18.0,2026-06-28,00:30:00,2026-06-29 00:45:55,28.650000000000034,Zone 4,40.0,Zone 4,28.8,Zone 4,36.3,Zone 4,32.8,Zone 4,39.9,Zone 4,36.5,Zone 4,43.2,Zone 4,40.0,Zone 4,47.9,Zone 5
Haryana,Mewat,Nuh,33.5,2026-06-29,00:30:00,,,,2026-06-29 00:45:55,,,,,,,,,,,,,,,,,,,,
Haryana,Palwal,Palwal Water Service Division,30.0,2026-06-29,00:30:00,,,,2026-06-29 00:45:55,,,,,,,,,,,,,,,,,,,,
Haryana,Rewari,Bawal,30.0,2026-06-29,00:30:00,67.0,2026-06-28,00:30:00,2026-06-29 00:45:55,33.950000000000045,Zone 4,62.1,Zone 5,33.9,Zone 4,54.6,Zone 5,40.3,Zone 4,61.7,Zone 5,56.8,Zone 5,64.5,Zone 5,62.1,Zone 5,66.5,Zone 5
Haryana,Rohtak,Canal Rest House,29.4,2026-06-29,00:30:00,79.0,2026-06-28,00:30:00,2026-06-29 00:45:55,34.950000000000045,Zone 4,64.4,Zone 5,35.2,Zone 4,60.6,Zone 5,48.7,Zone 5,64.0,Zone 5,61.1,Zone 5,66.4,Zone 5,64.4,Zone 5,68.2,Zone 5
Haryana,Rohtak,Rohtak,30.6,2026-06-29,00:30:00,64.0,2026-06-28,00:30:00,2026-06-29 00:45:55,34.55000000000001,Zone 4,62.0,Zone 5,34.4,Zone 4,54.4,Zone 5,40.6,Zone 4,61.6,Zone 5,56.6,Zone 5,64.4,Zone 5,62.0,Zone 5,66.5,Zone 5
Haryana,Sirsa,Canal Colony Village Ottu,31.4,2026-06-29,00:30:00,66.0,2026-06-28,00:30:00,2026-06-29 00:45:55,36.85000000000002,Zone 4,64.1,Zone 5,37.1,Zone 4,60.3,Zone 5,47.3,Zone 5,63.7,Zone 5,60.8,Zone 5,66.2,Zone 5,64.1,Zone 5,68.0,Zone 5
Haryana,Sirsa,Sirsa,33.4,2026-06-29,00:30:00,45.0,2026-06-28,00:30:00,2026-06-29 00:45:55,35.950000000000045,Zone 4,60.7,Zone 5,36.1,Zone 4,47.9,Zone 5,41.5,Zone 4,60.3,Zone 5,50.1,Zone 5,63.3,Zone 5,60.7,Zone 5,65.5,Zone 5
Haryana,Sonipat,Canal Resthouse Saragthal,28.1,2026-06-29,00:30:00,100.0,2026-06-28,00:30:00,2026-06-29 00:45:55,38.25,Zone 5,66.7,Zone 5,37.1,Zone 5,63.4,Zone 5,59.8,Zone 5,66.3,Zone 5,63.9,Zone 5,68.4,Zone 5,66.7,Zone 5,70.0,Zone 5
Haryana,Sonipat,Jagdishpur,29.9,2026-06-29,00:30:00,,,,2026-06-29 00:45:55,,,,,,,,,,,,,,,,,,,,
Haryana,Yamunanagar,Hathinkundberaj,29.5,2026-06-29,00:30:00,77.0,2026-06-28,00:30:00,2026-06-29 00:45:55,34.75,Zone 4,63.9,Zone 5,34.7,Zone 4,60.0,Zone 5,45.7,Zone 5,63.5,Zone 5,60.5,Zone 5,66.0,Zone 5,63.9,Zone 5,67.9,Zone 5
Himachal Pradesh,Bilaspur,Berthin,26.6,2026-06-29,00:30:00,,,,2026-06-29 00:45:55,,,,,,,,,,,,,,,,,,,,
Himachal Pradesh,Bilaspur,Bilaspur Kvk,26.2,2026-06-29,00:30:00,87.0,2026-06-28,00:30:00,2026-06-29 00:45:55,29.05000000000001,Zone 4,60.5,Zone 5,28.7,Zone 4,46.9,Zone 5,35.4,Zone 4,60.1,Zone 5,49.2,Zone 5,63.1,Zone 5,60.5,Zone 5,65.4,Zone 5
Himachal Pradesh,Chamba,Udaipur,25.5,2026-06-29,00:30:00,94.0,2026-06-28,00:30:00,2026-06-29 00:45:55,28.450000000000045,Zone 4,61.1,Zone 5,28.4,Zone 4,50.0,Zone 5,35.4,Zone 4,60.7,Zone 5,52.4,Zone 5,63.6,Zone 5,61.1,Zone 5,65.8,Zone 5
Himachal Pradesh,Hamirpur,Hamirpur,27.9,2026-06-29,00:45:00,,,,2026-06-29 00:45:55,,,,,,,,,,,,,,,,,,,,
Himachal Pradesh,Hamirpur,Hamirpur Neri,28.6,2026-06-29,00:30:00,73.0,2026-06-28,00:30:00,2026-06-29 00:45:55,32.05000000000001,Zone 4,61.3,Zone 5,31.9,Zone 4,50.7,Zone 5,38.3,Zone 4,60.9,Zone 5,53.0,Zone 5,63.8,Zone 5,61.3,Zone 5,65.9,Zone 5
Himachal Pradesh,Kinnaur,Kalpa,14.3,2026-06-29,00:30:00,34.0,2026-06-28,00:30:00,2026-06-29 00:45:55,11.850000000000023,Zone 2,27.2,Zone 4,12.0,Zone 2,24.1,Zone 3,19.7,Zone 3,27.3,Zone 4,24.0,Zone 3,30.7,Zone 4,27.2,Zone 4,33.9,Zone 4
Himachal Pradesh,Kinnaur,Reckon,20.3,2026-06-29,00:30:00,71.0,2026-06-28,00:30:00,2026-06-29 00:45:55,20.450000000000045,Zone 3,34.8,Zone 4,20.7,Zone 3,30.2,Zone 4,25.8,Zone 4,34.6,Zone 4,30.4,Zone 4,38.8,Zone 4,34.8,Zone 4,50.3,Zone 5
Himachal Pradesh,Kullu,Seobagh Amfu,,,,76.0,2026-06-28,00:30:00,2026-06-29 00:45:55,,,,,,,,,,,,,,,,,,,,
Himachal Pradesh,Lahaul And Spiti,Keylong,13.9,2026-06-29,00:30:00,99.0,2026-06-28,00:30:00,2026-06-29 00:45:55,13.850000000000023,Zone 2,28.6,Zone 4,14.0,Zone 2,24.7,Zone 3,21.1,Zone 3,28.5,Zone 4,24.7,Zone 3,32.6,Zone 4,28.6,Zone 4,36.6,Zone 4
Himachal Pradesh,Lahaul And Spiti,Tabo,16.9,2026-06-29,00:30:00,43.0,2026-06-28,00:30:00,2026-06-29 00:45:55,14.850000000000023,Zone 3,29.6,Zone 4,14.9,Zone 3,25.9,Zone 4,22.1,Zone 3,29.6,Zone 4,25.8,Zone 4,33.1,Zone 4,29.6,Zone 4,36.5,Zone 4
Himachal Pradesh,Mandi,Sundernagar,26.0,2026-06-29,00:30:00,,,,2026-06-29 00:45:55,,,,,,,,,,,,,,,,,,,,
Himachal Pradesh,Mandi,Sundernagar Kvk,26.1,2026-06-29,00:30:00,90.0,2026-06-28,00:30:00,2026-06-29 00:45:55,29.150000000000034,Zone 4,61.1,Zone 5,29.0,Zone 4,50.0,Zone 5,35.9,Zone 4,60.7,Zone 5,52.3,Zone 5,63.6,Zone 5,61.1,Zone 5,65.8,Zone 5
Himachal Pradesh,Shimla,Choppal,43.4,2026-06-29,00:30:00,74.0,2026-06-28,00:30:00,2026-06-29 00:45:55,95.35000000000002,Zone 6,104.3,Zone 6,95.8,Zone 6,100.6,Zone 6,98.6,Zone 6,103.4,Zone 6,101.5,Zone 6,106.2,Zone 6,104.3,Zone 6,109.0,Zone 6
Himachal Pradesh,Shimla,Fagu,15.8,2026-06-29,00:30:00,,,,2026-06-29 00:45:55,,,,,,,,,,,,,,,,,,,,
Himachal Pradesh,Shimla,Hipa,19.2,2026-06-29,00:30:00,91.0,2026-06-28,00:30:00,2026-06-29 00:45:55,20.150000000000034,Zone 3,34.4,Zone 4,19.9,Zone 3,29.4,Zone 4,24.9,Zone 3,34.1,Zone 4,29.7,Zone 4,40.6,Zone 5,34.4,Zone 4,54.0,Zone 5
Himachal Pradesh,Shimla,Kotkhai,19.6,2026-06-29,00:30:00,99.0,2026-06-28,00:30:00,2026-06-29 00:45:55,20.950000000000045,Zone 3,35.8,Zone 4,20.8,Zone 3,30.5,Zone 4,25.6,Zone 4,35.5,Zone 4,30.8,Zone 4,47.5,Zone 5,35.8,Zone 4,59.2,Zone 5
Himachal Pradesh,Shimla,Kufri,16.8,2026-06-29,00:30:00,94.0,2026-06-28,00:30:00,2026-06-29 00:45:55,17.25,Zone 3,31.9,Zone 4,17.5,Zone 3,27.2,Zone 4,23.4,Zone 3,31.7,Zone 4,27.4,Zone 4,36.0,Zone 4,31.9,Zone 4,46.2,Zone 5
Himachal Pradesh,Shimla,Mashobra,19.5,2026-06-29,00:30:00,97.0,2026-06-28,00:30:00,2026-06-29 00:45:55,20.75,Zone 3,35.6,Zone 4,20.8,Zone 3,30.4,Zone 4,25.6,Zone 4,35.3,Zone 4,30.7,Zone 4,46.3,Zone 5,35.6,Zone 4,59.0,Zone 5
Himachal Pradesh,Shimla,Narkanda,14.7,2026-06-29,00:30:00,97.0,2026-06-28,00:30:00,2026-06-29 00:45:55,14.75,Zone 3,29.1,Zone 4,14.5,Zone 3,25.0,Zone 3,21.5,Zone 3,29.0,Zone 4,25.0,Zone 3,33.1,Zone 4,29.1,Zone 4,37.1,Zone 5
Himachal Pradesh,Shimla,Shimala Cpri,20.5,2026-06-29,00:30:00,79.0,2026-06-28,00:30:00,2026-06-29 00:45:55,21.150000000000034,Zone 3,35.5,Zone 4,21.1,Zone 3,30.7,Zone 4,26.1,Zone 4,35.2,Zone 4,30.9,Zone 4,41.2,Zone 5,35.5,Zone 4,54.6,Zone 5
Jammu And Kashmir,Anantnag,Amarnath,9.8,2026-06-29,00:30:00,81.0,2026-06-28,00:30:00,2026-06-29 00:45:55,9.25,Zone 2,24.8,Zone 3,9.4,Zone 2,22.1,Zone 3,17.1,Zone 3,24.9,Zone 3,22.0,Zone 3,28.2,Zone 4,24.8,Zone 3,31.7,Zone 4
Jammu And Kashmir,Anantnag,Anantnag,,,,100.0,2026-06-28,00:30:00,2026-06-29 00:45:55,,,,,,,,,,,,,,,,,,,,
Jammu And Kashmir,Anantnag,Chandanwari,15.1,2026-06-29,00:30:00,68.0,2026-06-28,00:30:00,2026-06-29 00:45:55,13.950000000000045,Zone 2,28.6,Zone 4,13.8,Zone 2,24.9,Zone 3,21.1,Zone 3,28.6,Zone 4,24.9,Zone 3,32.4,Zone 4,28.6,Zone 4,36.0,Zone 4
Jammu And Kashmir,Anantnag,Khudwani,24.0,2026-06-29,00:30:00,93.0,2026-06-28,00:30:00,2026-06-29 00:45:55,25.75,Zone 4,57.0,Zone 5,25.7,Zone 4,37.9,Zone 5,32.1,Zone 4,55.5,Zone 5,39.7,Zone 5,61.3,Zone 5,57.0,Zone 5,63.8,Zone 5
Jammu And Kashmir,Anantnag,Larnoo,33.1,2026-06-29,00:30:00,99.0,2026-06-28,00:30:00,2026-06-29 00:45:55,71.05000000000001,Zone 5,79.5,Zone 6,70.7,Zone 5,75.9,Zone 6,73.6,Zone 6,78.8,Zone 6,76.6,Zone 6,81.7,Zone 6,79.5,Zone 6,84.6,Zone 6
Jammu And Kashmir,Anantnag,Pahalgam,16.1,2026-06-29,00:30:00,78.0,2026-06-28,00:30:00,2026-06-29 00:45:55,15.650000000000034,Zone 3,30.0,Zone 4,15.5,Zone 3,25.8,Zone 4,22.2,Zone 3,29.9,Zone 4,25.9,Zone 4,33.8,Zone 4,30.0,Zone 4,37.6,Zone 4
Jammu And Kashmir,Anantnag,Panchtarni,8.8,2026-06-29,00:30:00,89.0,2026-06-28,00:30:00,2026-06-29 00:45:55,8.450000000000045,Zone 2,24.4,Zone 3,8.7,Zone 2,21.6,Zone 3,16.5,Zone 3,24.5,Zone 3,21.5,Zone 3,27.5,Zone 4,24.4,Zone 3,31.0,Zone 4
Jammu And Kashmir,Anantnag,Sheshnag,10.5,2026-06-29,00:30:00,81.0,2026-06-28,00:30:00,2026-06-29 00:45:55,9.950000000000045,Zone 2,25.1,Zone 3,9.9,Zone 2,22.4,Zone 3,17.6,Zone 3,25.1,Zone 3,22.3,Zone 3,28.7,Zone 4,25.1,Zone 3,32.2,Zone 4
Jammu And Kashmir,Badgam,Harran,20.9,2026-06-29,00:30:00,89.0,2026-06-28,00:30:00,2026-06-29 00:45:55,22.05000000000001,Zone 3,37.2,Zone 4,22.2,Zone 3,32.0,Zone 4,27.1,Zone 4,36.9,Zone 4,32.3,Zone 4,49.8,Zone 5,37.2,Zone 4,59.7,Zone 5
Jammu And Kashmir,Bandipora,Bandipora,21.7,2026-06-29,00:30:00,100.0,2026-06-28,00:30:00,2026-06-29 00:45:55,23.350000000000023,Zone 3,45.7,Zone 5,23.2,Zone 3,33.6,Zone 4,28.5,Zone 4,44.3,Zone 5,34.1,Zone 4,58.9,Zone 5,45.7,Zone 5,61.8,Zone 5
Jammu And Kashmir,Baramulla,Baramulla Amfu,,,,88.0,2026-06-28,00:30:00,2026-06-29 00:45:55,,,,,,,,,,,,,,,,,,,,
Jammu And Kashmir,Baramulla,Baramulla Kvk,20.5,2026-06-29,00:30:00,76.0,2026-06-28,00:30:00,2026-06-29 00:45:55,20.950000000000045,Zone 3,35.2,Zone 4,21.0,Zone 3,30.5,Zone 4,26.0,Zone 4,35.0,Zone 4,30.7,Zone 4,39.6,Zone 5,35.2,Zone 4,53.0,Zone 5
Jammu And Kashmir,Baramulla,Gulmarg,16.3,2026-06-29,00:30:00,48.0,2026-06-28,00:30:00,2026-06-29 00:45:55,14.350000000000023,Zone 3,29.3,Zone 4,14.6,Zone 3,25.6,Zone 4,21.8,Zone 3,29.3,Zone 4,25.5,Zone 4,32.9,Zone 4,29.3,Zone 4,36.3,Zone 4
Jammu And Kashmir,Doda,Bhella,27.2,2026-06-29,00:30:00,63.0,2026-06-28,00:30:00,2026-06-29 00:45:55,28.55000000000001,Zone 4,49.5,Zone 5,28.3,Zone 4,38.4,Zone 4,33.8,Zone 4,48.0,Zone 5,38.9,Zone 4,59.8,Zone 5,49.5,Zone 5,62.4,Zone 5
Jammu And Kashmir,Ganderbal,Baltal,12.4,2026-06-29,00:30:00,85.0,2026-06-28,00:30:00,2026-06-29 00:45:55,11.850000000000023,Zone 2,26.8,Zone 4,12.0,Zone 2,23.6,Zone 3,19.4,Zone 3,26.8,Zone 4,23.6,Zone 3,30.6,Zone 4,26.8,Zone 4,34.2,Zone 4
Jammu And Kashmir,Ganderbal,Bararri,10.3,2026-06-29,00:30:00,70.0,2026-06-28,00:30:00,2026-06-29 00:45:55,9.350000000000023,Zone 2,25.0,Zone 3,9.5,Zone 2,22.3,Zone 3,17.3,Zone 3,25.0,Zone 3,22.2,Zone 3,28.4,Zone 4,25.0,Zone 3,31.8,Zone 4
Jammu And Kashmir,Ganderbal,Sangam,10.6,2026-06-29,00:30:00,86.0,2026-06-28,00:30:00,2026-06-29 00:45:55,10.150000000000034,Zone 2,25.1,Zone 3,10.1,Zone 2,22.5,Zone 3,17.7,Zone 3,25.2,Zone 3,22.4,Zone 3,28.8,Zone 4,25.1,Zone 3,32.3,Zone 4
Jammu And Kashmir,Ganderbal,Sonemarg,13.7,2026-06-29,00:30:00,88.0,2026-06-28,00:30:00,2026-06-29 00:45:55,13.25,Zone 2,27.8,Zone 4,13.1,Zone 2,24.3,Zone 3,20.4,Zone 3,27.8,Zone 4,24.3,Zone 3,31.7,Zone 4,27.8,Zone 4,35.4,Zone 4
Jammu And Kashmir,Jammu,Chatha Amfu,33.0,2026-06-29,00:30:00,84.0,2026-06-28,00:30:00,2026-06-29 00:45:55,62.75,Zone 5,71.5,Zone 6,62.7,Zone 5,69.3,Zone 5,67.1,Zone 5,71.2,Zone 5,69.7,Zone 5,73.9,Zone 6,71.5,Zone 6,76.8,Zone 6
Jammu And Kashmir,Jammu,Jammu,29.9,2026-06-29,00:30:00,86.0,2026-06-28,00:30:00,2026-06-29 00:45:55,38.25,Zone 4,66.9,Zone 5,38.6,Zone 4,63.6,Zone 5,60.2,Zone 5,66.5,Zone 5,64.2,Zone 5,68.6,Zone 5,66.9,Zone 5,70.1,Zone 5
Jammu And Kashmir,Kathua,Kathua Kvk,30.1,2026-06-29,00:30:00,62.0,2026-06-28,00:30:00,2026-06-29 00:45:55,33.25,Zone 4,60.7,Zone 5,33.0,Zone 4,48.1,Zone 5,39.0,Zone 4,60.3,Zone 5,50.4,Zone 5,63.3,Zone 5,60.7,Zone 5,65.5,Zone 5
Jammu And Kashmir,Kishtwar,Gulabgarh,15.0,2026-06-29,00:30:00,67.0,2026-06-28,00:30:00,2026-06-29 00:45:55,13.75,Zone 2,28.6,Zone 4,13.8,Zone 2,24.9,Zone 3,21.1,Zone 3,28.6,Zone 4,24.9,Zone 3,32.3,Zone 4,28.6,Zone 4,35.9,Zone 4
Jammu And Kashmir,Kishtwar,Kishtwar,24.6,2026-06-29,00:30:00,77.0,2026-06-28,00:30:00,2026-06-29 00:45:55,25.75,Zone 4,47.1,Zone 5,25.6,Zone 4,36.2,Zone 4,31.4,Zone 4,45.6,Zone 5,36.7,Zone 4,59.3,Zone 5,47.1,Zone 5,62.0,Zone 5
Jammu And Kashmir,Kulgam,Kulgam Amfu,20.7,2026-06-29,00:30:00,79.0,2026-06-28,00:30:00,2026-06-29 00:45:55,21.350000000000023,Zone 3,35.5,Zone 4,21.1,Zone 3,30.7,Zone 4,26.1,Zone 4,35.2,Zone 4,30.9,Zone 4,41.2,Zone 5,35.5,Zone 4,54.6,Zone 5
Jammu And Kashmir,Kupwara,Kupw Kvk,21.2,2026-06-29,00:30:00,81.0,2026-06-28,00:30:00,2026-06-29 00:45:55,22.05000000000001,Zone 3,36.4,Zone 4,21.8,Zone 3,31.4,Zone 4,26.8,Zone 4,36.1,Zone 4,31.7,Zone 4,44.8,Zone 5,36.4,Zone 4,57.8,Zone 5
Jammu And Kashmir,Poonch,Poonch,23.9,2026-06-29,00:30:00,80.0,2026-06-28,00:30:00,2026-06-29 00:45:55,25.05000000000001,Zone 3,46.5,Zone 5,25.1,Zone 3,35.8,Zone 4,30.9,Zone 4,45.0,Zone 5,36.2,Zone 4,59.1,Zone 5,46.5,Zone 5,61.9,Zone 5
Jammu And Kashmir,Pulwama,Malangpura,18.9,2026-06-29,00:30:00,95.0,2026-06-28,00:30:00,2026-06-29 00:45:55,19.950000000000045,Zone 3,34.7,Zone 4,20.1,Zone 3,29.6,Zone 4,25.0,Zone 3,34.4,Zone 4,29.9,Zone 4,42.6,Zone 5,34.7,Zone 4,55.9,Zone 5
Jammu And Kashmir,Pulwama,Tral,22.1,2026-06-29,00:30:00,81.0,2026-06-28,00:30:00,2026-06-29 00:45:55,23.05000000000001,Zone 3,37.9,Zone 4,23.0,Zone 3,32.8,Zone 4,28.1,Zone 4,37.6,Zone 4,33.1,Zone 4,50.0,Zone 5,37.9,Zone 4,59.8,Zone 5
Jammu And Kashmir,Rajouri,Rajouri,22.9,2026-06-29,00:30:00,95.0,2026-06-28,00:30:00,2026-06-29 00:45:55,24.450000000000045,Zone 3,52.1,Zone 5,24.6,Zone 3,35.8,Zone 4,30.5,Zone 4,50.5,Zone 5,36.3,Zone 4,60.3,Zone 5,52.1,Zone 5,62.9,Zone 5
Jammu And Kashmir,Rajouri,Rajouri Arg,23.0,2026-06-29,00:30:00,94.0,2026-06-28,00:30:00,2026-06-29 00:45:55,24.55000000000001,Zone 3,51.3,Zone 5,24.6,Zone 3,35.7,Zone 4,30.5,Zone 4,49.7,Zone 5,36.2,Zone 4,60.1,Zone 5,51.3,Zone 5,62.8,Zone 5
Jammu And Kashmir,Ramban,Govindpura,28.1,2026-06-29,00:30:00,78.0,2026-06-28,00:30:00,2026-06-29 00:45:55,31.75,Zone 4,61.7,Zone 5,31.6,Zone 4,52.7,Zone 5,38.2,Zone 4,61.3,Zone 5,55.0,Zone 5,64.1,Zone 5,61.7,Zone 5,66.2,Zone 5
Jammu And Kashmir,Samba,Samba,29.8,2026-06-29,00:30:00,95.0,2026-06-28,00:30:00,2026-06-29 00:45:55,52.150000000000034,Zone 5,69.1,Zone 5,54.9,Zone 5,66.3,Zone 5,63.4,Zone 5,68.7,Zone 5,66.8,Zone 5,70.4,Zone 5,69.1,Zone 5,72.0,Zone 6
Jammu And Kashmir,Shopian,Shopian,16.7,2026-06-29,00:30:00,97.0,2026-06-28,00:30:00,2026-06-29 00:45:55,17.350000000000023,Zone 3,31.4,Zone 4,17.1,Zone 3,26.8,Zone 4,23.1,Zone 3,31.2,Zone 4,26.9,Zone 4,35.5,Zone 4,31.4,Zone 4,45.3,Zone 5
Jammu And Kashmir,Srinagar,Srinagar Amfu,20.1,2026-06-29,00:30:00,100.0,2026-06-28,00:30:00,2026-06-29 00:45:55,21.55000000000001,Zone 3,36.9,Zone 5,21.5,Zone 3,31.3,Zone 4,26.3,Zone 4,36.3,Zone 4,31.7,Zone 4,50.8,Zone 5,36.9,Zone 5,60.0,Zone 5
Jharkhand,Bokaro,Kv Bokaro,27.5,2026-06-29,00:30:00,100.0,2026-06-28,00:30:00,2026-06-29 00:45:55,34.150000000000034,Zone 4,65.8,Zone 5,34.1,Zone 4,62.3,Zone 5,57.3,Zone 5,65.4,Zone 5,62.9,Zone 5,67.7,Zone 5,65.8,Zone 5,69.3,Zone 5
Jharkhand,Deoghar,Deoghar Aws400,28.6,2026-06-29,00:30:00,86.0,2026-06-28,00:30:00,2026-06-29 00:45:55,34.35000000000002,Zone 4,64.4,Zone 5,34.1,Zone 4,60.6,Zone 5,48.9,Zone 5,64.0,Zone 5,61.2,Zone 5,66.4,Zone 5,64.4,Zone 5,68.2,Zone 5
Jharkhand,East Singhbhum,Bahragora,27.3,2026-06-29,00:30:00,97.0,2026-06-28,00:30:00,2026-06-29 00:45:55,32.950000000000045,Zone 4,65.2,Zone 5,33.5,Zone 4,61.5,Zone 5,53.6,Zone 5,64.8,Zone 5,62.1,Zone 5,67.1,Zone 5,65.2,Zone 5,68.8,Zone 5
Jharkhand,Gumla,Gumla-Bishnupur Kvk,25.2,2026-06-29,00:30:00,87.0,2026-06-28,00:30:00,2026-06-29 00:45:55,27.25,Zone 4,58.5,Zone 5,27.0,Zone 4,39.5,Zone 5,33.3,Zone 4,57.1,Zone 5,41.5,Zone 5,61.7,Zone 5,58.5,Zone 5,64.1,Zone 5
Jharkhand,Hazaribagh,Barhi,26.8,2026-06-29,00:30:00,97.0,2026-06-28,00:30:00,2026-06-29 00:45:55,31.650000000000034,Zone 4,64.3,Zone 5,32.1,Zone 4,60.5,Zone 5,48.4,Zone 5,63.9,Zone 5,61.1,Zone 5,66.4,Zone 5,64.3,Zone 5,68.2,Zone 5
Jharkhand,Khunti,Diyakel-Khunti Kvk,25.0,2026-06-29,00:30:00,,,,2026-06-29 00:45:55,,,,,,,,,,,,,,,,,,,,
Jharkhand,Kodarma,Kodarma,28.1,2026-06-29,00:30:00,98.0,2026-06-28,00:30:00,2026-06-29 00:45:55,35.55000000000001,Zone 4,66.3,Zone 5,35.2,Zone 4,62.9,Zone 5,59.2,Zone 5,65.9,Zone 5,63.4,Zone 5,68.0,Zone 5,66.3,Zone 5,69.6,Zone 5
Jharkhand,Latehar,Netarhat,24.2,2026-06-29,00:30:00,93.0,2026-06-28,00:30:00,2026-06-29 00:45:55,26.05000000000001,Zone 4,57.0,Zone 5,25.7,Zone 4,37.9,Zone 5,32.1,Zone 4,55.5,Zone 5,39.7,Zone 5,61.3,Zone 5,57.0,Zone 5,63.8,Zone 5
Jharkhand,Lohardaga,Lohardaga Kvk,24.5,2026-06-29,00:30:00,,,,2026-06-29 00:45:55,,,,,,,,,,,,,,,,,,,,
Jharkhand,Pakur,Pakur Kvk,27.0,2026-06-29,00:30:00,,,,2026-06-29 00:45:55,,,,,,,,,,,,,,,,,,,,
Jharkhand,Ramgarh,Ramgarh Kvk,,,,100.0,2026-06-28,00:30:00,2026-06-29 00:45:55,,,,,,,,,,,,,,,,,,,,
Jharkhand,Ranchi,Mc Ranchi,24.8,2026-06-29,00:30:00,100.0,2026-06-28,00:30:00,2026-06-29 00:45:55,27.55000000000001,Zone 4,61.5,Zone 5,28.0,Zone 4,51.8,Zone 5,35.2,Zone 4,61.1,Zone 5,54.1,Zone 5,64.0,Zone 5,61.5,Zone 5,66.1,Zone 5
Jharkhand,Ranchi,Ranchi Amfu,24.2,2026-06-29,00:30:00,91.0,2026-06-28,00:30:00,2026-06-29 00:45:55,25.950000000000045,Zone 4,55.5,Zone 5,25.6,Zone 4,37.2,Zone 4,31.9,Zone 4,54.0,Zone 5,38.1,Zone 5,61.0,Zone 5,55.5,Zone 5,63.5,Zone 5
Jharkhand,Saraikela,Saraikela,26.3,2026-06-29,00:30:00,100.0,2026-06-28,00:30:00,2026-06-29 00:45:55,30.850000000000023,Zone 4,64.1,Zone 5,31.3,Zone 4,60.2,Zone 5,47.0,Zone 5,63.7,Zone 5,60.8,Zone 5,66.2,Zone 5,64.1,Zone 5,68.0,Zone 5
Jharkhand,Simdega,Bano-Simdega Kvk,25.8,2026-06-29,00:30:00,93.0,2026-06-28,00:30:00,2026-06-29 00:45:55,28.950000000000045,Zone 4,61.8,Zone 5,29.3,Zone 4,53.1,Zone 5,36.4,Zone 4,61.4,Zone 5,55.4,Zone 5,64.2,Zone 5,61.8,Zone 5,66.3,Zone 5
Jharkhand,Simdega,Simdega,26.0,2026-06-29,00:30:00,94.0,2026-06-28,00:30:00,2026-06-29 00:45:55,29.450000000000045,Zone 4,62.0,Zone 5,29.4,Zone 4,54.1,Zone 5,36.6,Zone 4,61.6,Zone 5,56.3,Zone 5,64.4,Zone 5,62.0,Zone 5,66.5,Zone 5
Jharkhand,West Singhbhum,Jagannathpur-Bau Kvk,25.4,2026-06-29,00:30:00,,,,2026-06-29 00:45:55,,,,,,,,,,,,,,,,,,,,
Karnataka,Bagalkot,Bagalkot Kvk,24.7,2026-06-29,00:30:00,78.0,2026-06-28,00:30:00,2026-06-29 00:45:55,25.950000000000045,Zone 4,48.0,Zone 5,25.7,Zone 4,36.4,Zone 4,31.5,Zone 4,46.4,Zone 5,36.8,Zone 4,59.4,Zone 5,48.0,Zone 5,62.2,Zone 5
Karnataka,Bangalore Rural,Doddaballapura,22.0,2026-06-29,00:30:00,100.0,2026-06-28,00:30:00,2026-06-29 00:45:55,23.75,Zone 3,49.1,Zone 5,23.7,Zone 3,34.5,Zone 4,29.3,Zone 4,47.5,Zone 5,35.0,Zone 4,59.7,Zone 5,49.1,Zone 5,62.4,Zone 5
Karnataka,Bangalore Urban,Bangalore,22.9,2026-06-29,00:30:00,80.0,2026-06-28,00:30:00,2026-06-29 00:45:55,23.950000000000045,Zone 3,40.6,Zone 5,24.0,Zone 3,34.2,Zone 4,29.4,Zone 4,39.3,Zone 5,34.6,Zone 4,54.6,Zone 5,40.6,Zone 5,60.8,Zone 5
Karnataka,Bangalore Urban,Electronic City(Nice),22.5,2026-06-29,00:30:00,78.0,2026-06-28,00:30:00,2026-06-29 00:45:55,23.350000000000023,Zone 3,38.4,Zone 4,23.4,Zone 3,33.2,Zone 4,28.5,Zone 4,38.0,Zone 4,33.6,Zone 4,50.6,Zone 5,38.4,Zone 4,59.9,Zone 5
Karnataka,Bangalore Urban,Gopal Nagar,22.8,2026-06-29,00:30:00,89.0,2026-06-28,00:30:00,2026-06-29 00:45:55,24.150000000000034,Zone 3,47.4,Zone 5,24.4,Zone 3,35.1,Zone 4,30.0,Zone 4,45.9,Zone 5,35.6,Zone 4,59.3,Zone 5,47.4,Zone 5,62.1,Zone 5
Karnataka,Bangalore Urban,Madhavara(Nice),22.5,2026-06-29,00:30:00,83.0,2026-06-28,00:30:00,2026-06-29 00:45:55,23.650000000000034,Zone 3,39.9,Zone 5,23.6,Zone 3,33.7,Zone 4,28.9,Zone 4,38.7,Zone 5,34.1,Zone 4,54.0,Zone 5,39.9,Zone 5,60.6,Zone 5
Karnataka,Bellary,Hagari Kvk,26.1,2026-06-29,00:30:00,70.0,2026-06-28,00:30:00,2026-06-29 00:45:55,27.450000000000045,Zone 4,50.2,Zone 5,27.3,Zone 4,37.8,Zone 4,33.0,Zone 4,48.6,Zone 5,38.3,Zone 4,59.9,Zone 5,50.2,Zone 5,62.6,Zone 5
Karnataka,Bijapur,Tidagundi Amfu,24.7,2026-06-29,00:30:00,90.0,2026-06-28,00:30:00,2026-06-29 00:45:55,26.650000000000034,Zone 4,57.8,Zone 5,26.3,Zone 4,38.7,Zone 5,32.7,Zone 4,56.3,Zone 5,40.7,Zone 5,61.5,Zone 5,57.8,Zone 5,64.0,Zone 5
Karnataka,Chitradurga,Hiriyur,23.1,2026-06-29,00:30:00,95.0,2026-06-28,00:30:00,2026-06-29 00:45:55,24.75,Zone 3,52.1,Zone 5,24.6,Zone 3,35.8,Zone 4,30.5,Zone 4,50.5,Zone 5,36.3,Zone 4,60.3,Zone 5,52.1,Zone 5,62.9,Zone 5
Karnataka,Dakshina Kannada,Mangaluru,23.8,2026-06-29,00:30:00,100.0,2026-06-28,00:30:00,2026-06-29 00:45:55,25.75,Zone 4,59.8,Zone 5,26.1,Zone 4,43.6,Zone 5,32.9,Zone 4,59.4,Zone 5,45.9,Zone 5,62.5,Zone 5,59.8,Zone 5,64.8,Zone 5
Karnataka,Dharwad,Mugad,22.4,2026-06-29,00:30:00,95.0,2026-06-28,00:30:00,2026-06-29 00:45:55,23.950000000000045,Zone 3,48.7,Zone 5,24.1,Zone 3,34.9,Zone 4,29.7,Zone 4,47.2,Zone 5,35.4,Zone 4,59.6,Zone 5,48.7,Zone 5,62.3,Zone 5
Karnataka,Gulbarga,Gulbarga,24.8,2026-06-29,00:30:00,92.0,2026-06-28,00:30:00,2026-06-29 00:45:55,26.950000000000045,Zone 4,59.9,Zone 5,27.3,Zone 4,44.0,Zone 5,34.0,Zone 4,59.5,Zone 5,46.3,Zone 5,62.6,Zone 5,59.9,Zone 5,64.9,Zone 5
Karnataka,Gulbarga,Raddewadgi,24.5,2026-06-29,00:30:00,97.0,2026-06-28,00:30:00,2026-06-29 00:45:55,26.850000000000023,Zone 4,60.1,Zone 5,26.8,Zone 4,44.8,Zone 5,33.6,Zone 4,59.7,Zone 5,47.1,Zone 5,62.7,Zone 5,60.1,Zone 5,65.0,Zone 5
Karnataka,Hassan,Hassan,21.2,2026-06-29,00:30:00,100.0,2026-06-28,00:30:00,2026-06-29 00:45:55,22.850000000000023,Zone 3,42.5,Zone 5,22.6,Zone 3,32.8,Zone 4,27.7,Zone 4,41.2,Zone 5,33.3,Zone 4,56.3,Zone 5,42.5,Zone 5,61.2,Zone 5
Karnataka,Koppal,Koppal,29.1,2026-06-29,00:30:00,68.0,2026-06-28,00:30:00,2026-06-29 00:45:55,32.25,Zone 4,60.8,Zone 5,32.1,Zone 4,48.4,Zone 5,38.3,Zone 4,60.4,Zone 5,50.7,Zone 5,63.4,Zone 5,60.8,Zone 5,65.6,Zone 5
Karnataka,Mandya,Mandya Kvk,22.2,2026-06-29,00:30:00,84.0,2026-06-28,00:30:00,2026-06-29 00:45:55,23.350000000000023,Zone 3,38.3,Zone 4,23.1,Zone 3,33.0,Zone 4,28.2,Zone 4,37.9,Zone 4,33.4,Zone 4,52.0,Zone 5,38.3,Zone 4,60.2,Zone 5
Karnataka,Ramanagara,Chandurayanghalli Kvk,21.4,2026-06-29,00:30:00,76.0,2026-06-28,00:30:00,2026-06-29 00:45:55,22.05000000000001,Zone 3,36.6,Zone 4,22.2,Zone 3,31.7,Zone 4,27.2,Zone 4,36.3,Zone 4,32.0,Zone 4,44.2,Zone 5,36.6,Zone 4,57.3,Zone 5
Karnataka,Shivamogga,Agumbe,22.3,2026-06-29,00:30:00,100.0,2026-06-28,00:30:00,2026-06-29 00:45:55,24.05000000000001,Zone 3,52.5,Zone 5,24.3,Zone 3,35.4,Zone 4,30.1,Zone 4,50.9,Zone 5,36.0,Zone 4,60.4,Zone 5,52.5,Zone 5,63.0,Zone 5
Karnataka,Tumkur,Chikkanakalli,,,,99.0,2026-06-28,00:30:00,2026-06-29 00:45:55,,,,,,,,,,,,,,,,,,,,
Kerala,Alappuzha,Karumadi,25.4,2026-06-29,00:30:00,,,,2026-06-29 00:45:55,,,,,,,,,,,,,,,,,,,,
Kerala,Alappuzha,Nooranad,24.5,2026-06-29,00:30:00,92.0,2026-06-28,00:30:00,2026-06-29 00:45:55,26.450000000000045,Zone 4,59.1,Zone 5,26.5,Zone 4,40.4,Zone 5,33.0,Zone 4,57.8,Zone 5,42.4,Zone 5,61.9,Zone 5,59.1,Zone 5,64.3,Zone 5
Kerala,Alappuzha,Thycattussery,24.4,2026-06-29,00:30:00,100.0,2026-06-28,00:30:00,2026-06-29 00:45:55,26.850000000000023,Zone 4,60.7,Zone 5,27.0,Zone 4,47.6,Zone 5,34.0,Zone 4,60.2,Zone 5,50.0,Zone 5,63.2,Zone 5,60.7,Zone 5,65.5,Zone 5
Kerala,Ernakulam,Aluva,24.2,2026-06-29,00:30:00,100.0,2026-06-28,00:30:00,2026-06-29 00:45:55,26.450000000000045,Zone 4,59.8,Zone 5,26.1,Zone 4,43.6,Zone 5,32.9,Zone 4,59.4,Zone 5,45.9,Zone 5,62.5,Zone 5,59.8,Zone 5,64.8,Zone 5
Kerala,Ernakulam,Boat Jetty Kgov,23.8,2026-06-29,00:15:00,,,,2026-06-29 00:45:55,,,,,,,,,,,,,,,,,,,,
Kerala,Ernakulam,Choondi,24.0,2026-06-29,00:30:00,,,,2026-06-29 00:45:55,,,,,,,,,,,,,,,,,,,,
Kerala,Ernakulam,Dhground Kgov,24.2,2026-06-29,00:30:00,100.0,2026-06-28,00:30:00,2026-06-29 00:45:55,26.450000000000045,Zone 4,59.8,Zone 5,26.1,Zone 4,43.6,Zone 5,32.9,Zone 4,59.4,Zone 5,45.9,Zone 5,62.5,Zone 5,59.8,Zone 5,64.8,Zone 5
Kerala,Ernakulam,Kadavanthra Kgov,24.0,2026-06-29,00:15:00,,,,2026-06-29 00:45:55,,,,,,,,,,,,,,,,,,,,
Kerala,Ernakulam,Kalamassery,23.1,2026-06-29,00:30:00,89.0,2026-06-28,00:30:00,2026-06-29 00:45:55,24.450000000000045,Zone 3,47.4,Zone 5,24.4,Zone 3,35.1,Zone 4,30.0,Zone 4,45.9,Zone 5,35.6,Zone 4,59.3,Zone 5,47.4,Zone 5,62.1,Zone 5
Kerala,Ernakulam,Koothattukulam,24.1,2026-06-29,00:30:00,100.0,2026-06-28,00:30:00,2026-06-29 00:45:55,26.350000000000023,Zone 4,59.8,Zone 5,26.1,Zone 4,43.6,Zone 5,32.9,Zone 4,59.4,Zone 5,45.9,Zone 5,62.5,Zone 5,59.8,Zone 5,64.8,Zone 5
Kerala,Ernakulam,Odakkali,23.7,2026-06-29,00:30:00,100.0,2026-06-28,00:30:00,2026-06-29 00:45:55,25.650000000000034,Zone 4,58.9,Zone 5,25.3,Zone 3,39.9,Zone 5,31.9,Zone 4,57.4,Zone 5,42.0,Zone 5,61.8,Zone 5,58.9,Zone 5,64.2,Zone 5
Kerala,Ernakulam,Palluruthy,24.5,2026-06-29,00:30:00,100.0,2026-06-28,00:30:00,2026-06-29 00:45:55,27.05000000000001,Zone 4,60.7,Zone 5,27.0,Zone 4,47.6,Zone 5,34.0,Zone 4,60.2,Zone 5,50.0,Zone 5,63.2,Zone 5,60.7,Zone 5,65.5,Zone 5
Kerala,Idukki,Ayyappankovil,21.0,2026-06-29,00:30:00,100.0,2026-06-28,00:30:00,2026-06-29 00:45:55,22.650000000000034,Zone 3,42.5,Zone 5,22.6,Zone 3,32.8,Zone 4,27.7,Zone 4,41.2,Zone 5,33.3,Zone 4,56.3,Zone 5,42.5,Zone 5,61.2,Zone 5
Kerala,Idukki,Cheruthoni,21.0,2026-06-29,00:00:00,,,,2026-06-29 00:45:55,,,,,,,,,,,,,,,,,,,,
Kerala,Idukki,Kovilkadavu,24.5,2026-06-29,00:30:00,62.0,2026-06-28,00:30:00,2026-06-29 00:45:55,24.950000000000045,Zone 3,39.4,Zone 4,24.9,Zone 3,34.5,Zone 4,30.1,Zone 4,39.1,Zone 4,34.9,Zone 4,49.3,Zone 5,39.4,Zone 4,59.6,Zone 5
Kerala,Idukki,Munnar,17.7,2026-06-29,00:30:00,100.0,2026-06-28,00:30:00,2026-06-29 00:45:55,18.650000000000034,Zone 3,32.9,Zone 4,18.4,Zone 3,28.0,Zone 4,24.0,Zone 3,32.7,Zone 4,28.2,Zone 4,37.9,Zone 5,32.9,Zone 4,51.3,Zone 5
Kerala,Idukki,Pampadumpara,19.1,2026-06-29,00:30:00,100.0,2026-06-28,00:30:00,2026-06-29 00:45:55,20.450000000000045,Zone 3,35.1,Zone 4,20.3,Zone 3,29.9,Zone 4,25.1,Zone 3,34.8,Zone 4,30.2,Zone 4,45.3,Zone 5,35.1,Zone 4,58.2,Zone 5
Kerala,Idukki,Sengulam Dam,20.4,2026-06-29,00:30:00,,,,2026-06-29 00:45:55,,,,,,,,,,,,,,,,,,,,
Kerala,Idukki,Udumbannoor,22.9,2026-06-29,00:00:00,,,,2026-06-29 00:45:55,,,,,,,,,,,,,,,,,,,,
Kerala,Idukki,Vellathooval,21.8,2026-06-29,00:15:00,,,,2026-06-29 00:45:55,,,,,,,,,,,,,,,,,,,,
Kerala,Kannur,Aralam,23.9,2026-06-29,00:15:00,,,,2026-06-29 00:45:55,,,,,,,,,,,,,,,,,,,,
Kerala,Kannur,Ayyankunnu,24.3,2026-06-29,00:30:00,100.0,2026-06-28,00:30:00,2026-06-29 00:45:55,26.650000000000034,Zone 4,60.7,Zone 5,27.0,Zone 4,47.6,Zone 5,34.0,Zone 4,60.2,Zone 5,50.0,Zone 5,63.2,Zone 5,60.7,Zone 5,65.5,Zone 5
Kerala,Kannur,Cheruvanchery,24.3,2026-06-29,00:30:00,100.0,2026-06-28,00:30:00,2026-06-29 00:45:55,26.650000000000034,Zone 4,60.7,Zone 5,27.0,Zone 4,47.6,Zone 5,34.0,Zone 4,60.2,Zone 5,50.0,Zone 5,63.2,Zone 5,60.7,Zone 5,65.5,Zone 5
Kerala,Kannur,Kannur-Icar,25.3,2026-06-29,00:30:00,100.0,2026-06-28,00:30:00,2026-06-29 00:45:55,28.55000000000001,Zone 4,62.4,Zone 5,29.0,Zone 4,55.9,Zone 5,37.6,Zone 5,62.0,Zone 5,58.0,Zone 5,64.7,Zone 5,62.4,Zone 5,66.7,Zone 5
Kerala,Kannur,Peringome,24.4,2026-06-29,00:30:00,100.0,2026-06-28,00:30:00,2026-06-29 00:45:55,26.850000000000023,Zone 4,60.7,Zone 5,27.0,Zone 4,47.6,Zone 5,34.0,Zone 4,60.2,Zone 5,50.0,Zone 5,63.2,Zone 5,60.7,Zone 5,65.5,Zone 5
Kerala,Kannur,Pinarayi,,,,100.0,2026-06-28,05:15:00,2026-06-29 00:45:55,,,,,,,,,,,,,,,,,,,,
Kerala,Kasaragod,Bayar,24.7,2026-06-29,00:30:00,100.0,2026-06-28,00:30:00,2026-06-29 00:45:55,27.350000000000023,Zone 4,60.7,Zone 5,27.0,Zone 4,47.6,Zone 5,34.0,Zone 4,60.2,Zone 5,50.0,Zone 5,63.2,Zone 5,60.7,Zone 5,65.5,Zone 5
Kerala,Kasaragod,Madikkai,24.8,2026-06-29,00:30:00,100.0,2026-06-28,00:30:00,2026-06-29 00:45:55,27.55000000000001,Zone 4,61.5,Zone 5,28.0,Zone 4,51.8,Zone 5,35.2,Zone 4,61.1,Zone 5,54.1,Zone 5,64.0,Zone 5,61.5,Zone 5,66.1,Zone 5
Kerala,Kasaragod,Muliyar,24.1,2026-06-29,00:30:00,100.0,2026-06-28,00:30:00,2026-06-29 00:45:55,26.350000000000023,Zone 4,59.8,Zone 5,26.1,Zone 4,43.6,Zone 5,32.9,Zone 4,59.4,Zone 5,45.9,Zone 5,62.5,Zone 5,59.8,Zone 5,64.8,Zone 5
Kerala,Kasaragod,Padannakkad,25.2,2026-06-29,00:30:00,100.0,2026-06-28,00:30:00,2026-06-29 00:45:55,28.350000000000023,Zone 4,61.5,Zone 5,28.0,Zone 4,51.8,Zone 5,35.2,Zone 4,61.1,Zone 5,54.1,Zone 5,64.0,Zone 5,61.5,Zone 5,66.1,Zone 5
Kerala,Kasaragod,Panathur,24.1,2026-06-29,00:30:00,100.0,2026-06-28,00:30:00,2026-06-29 00:45:55,26.350000000000023,Zone 4,59.8,Zone 5,26.1,Zone 4,43.6,Zone 5,32.9,Zone 4,59.4,Zone 5,45.9,Zone 5,62.5,Zone 5,59.8,Zone 5,64.8,Zone 5
Kerala,Kollam,Chavara,24.8,2026-06-29,00:30:00,100.0,2026-06-28,00:30:00,2026-06-29 00:45:55,27.55000000000001,Zone 4,61.5,Zone 5,28.0,Zone 4,51.8,Zone 5,35.2,Zone 4,61.1,Zone 5,54.1,Zone 5,64.0,Zone 5,61.5,Zone 5,66.1,Zone 5
Kerala,Kollam,Karuvelil Tkmit,24.0,2026-06-29,00:30:00,88.0,2026-06-28,00:30:00,2026-06-29 00:45:55,25.450000000000045,Zone 4,53.1,Zone 5,25.5,Zone 4,36.8,Zone 4,31.6,Zone 4,51.6,Zone 5,37.3,Zone 4,60.5,Zone 5,53.1,Zone 5,63.1,Zone 5
Kerala,Kollam,Parippally,23.6,2026-06-29,00:30:00,100.0,2026-06-28,00:30:00,2026-06-29 00:45:55,25.450000000000045,Zone 4,58.9,Zone 5,25.3,Zone 3,39.9,Zone 5,31.9,Zone 4,57.4,Zone 5,42.0,Zone 5,61.8,Zone 5,58.9,Zone 5,64.2,Zone 5
Kerala,Kollam,Thenmala,24.3,2026-06-29,00:15:00,,,,2026-06-29 00:45:55,,,,,,,,,,,,,,,,,,,,
Kerala,Kottayam,Vadavathoor,24.3,2026-06-29,00:30:00,100.0,2026-06-28,00:30:00,2026-06-29 00:45:55,26.650000000000034,Zone 4,60.7,Zone 5,27.0,Zone 4,47.6,Zone 5,34.0,Zone 4,60.2,Zone 5,50.0,Zone 5,63.2,Zone 5,60.7,Zone 5,65.5,Zone 5
Kerala,Kottayam,Vaikkom,24.3,2026-06-29,00:30:00,100.0,2026-06-28,00:30:00,2026-06-29 00:45:55,26.650000000000034,Zone 4,60.7,Zone 5,27.0,Zone 4,47.6,Zone 5,34.0,Zone 4,60.2,Zone 5,50.0,Zone 5,63.2,Zone 5,60.7,Zone 5,65.5,Zone 5
Kerala,Kozhikode,Kozhikode,27.0,2026-06-29,00:00:00,,,,2026-06-29 00:45:55,,,,,,,,,,,,,,,,,,,,
Kerala,Kozhikode,Kunnamangalam,25.1,2026-06-29,00:30:00,100.0,2026-06-28,00:30:00,2026-06-29 00:45:55,28.150000000000034,Zone 4,61.5,Zone 5,28.0,Zone 4,51.8,Zone 5,35.2,Zone 4,61.1,Zone 5,54.1,Zone 5,64.0,Zone 5,61.5,Zone 5,66.1,Zone 5
Kerala,Kozhikode,Urumi,23.8,2026-06-29,00:30:00,100.0,2026-06-28,00:30:00,2026-06-29 00:45:55,25.75,Zone 4,59.8,Zone 5,26.1,Zone 4,43.6,Zone 5,32.9,Zone 4,59.4,Zone 5,45.9,Zone 5,62.5,Zone 5,59.8,Zone 5,64.8,Zone 5
Kerala,Kozhikode,Vadakara,24.9,2026-06-29,00:00:00,,,,2026-06-29 00:45:55,,,,,,,,,,,,,,,,,,,,
Kerala,Kozhikode,Vilangad,23.5,2026-06-29,00:30:00,100.0,2026-06-28,00:30:00,2026-06-29 00:45:55,25.25,Zone 3,58.9,Zone 5,25.3,Zone 3,39.9,Zone 5,31.9,Zone 4,57.4,Zone 5,42.0,Zone 5,61.8,Zone 5,58.9,Zone 5,64.2,Zone 5
Kerala,Malappuram,Nilambur,25.4,2026-06-29,00:30:00,100.0,2026-06-28,00:30:00,2026-06-29 00:45:55,28.75,Zone 4,62.4,Zone 5,29.0,Zone 4,55.9,Zone 5,37.6,Zone 5,62.0,Zone 5,58.0,Zone 5,64.7,Zone 5,62.4,Zone 5,66.7,Zone 5
Kerala,Malappuram,Palemad,24.6,2026-06-29,00:30:00,100.0,2026-06-28,00:30:00,2026-06-29 00:45:55,27.25,Zone 4,60.7,Zone 5,27.0,Zone 4,47.6,Zone 5,34.0,Zone 4,60.2,Zone 5,50.0,Zone 5,63.2,Zone 5,60.7,Zone 5,65.5,Zone 5
Kerala,Malappuram,Thavanur Kvk,25.0,2026-06-29,00:30:00,100.0,2026-06-28,00:30:00,2026-06-29 00:45:55,27.950000000000045,Zone 4,61.5,Zone 5,28.0,Zone 4,51.8,Zone 5,35.2,Zone 4,61.1,Zone 5,54.1,Zone 5,64.0,Zone 5,61.5,Zone 5,66.1,Zone 5
Kerala,Palakkad,Kollengode,26.4,2026-06-29,00:00:00,,,,2026-06-29 00:45:55,,,,,,,,,,,,,,,,,,,,
Kerala,Palakkad,Mangalam Dam,25.3,2026-06-29,00:30:00,99.0,2026-06-28,00:30:00,2026-06-29 00:45:55,28.450000000000045,Zone 4,62.2,Zone 5,28.9,Zone 4,54.9,Zone 5,36.7,Zone 5,61.7,Zone 5,57.1,Zone 5,64.5,Zone 5,62.2,Zone 5,66.6,Zone 5
Kerala,Palakkad,Mankara,26.9,2026-06-29,00:30:00,67.0,2026-06-28,00:30:00,2026-06-29 00:45:55,28.450000000000045,Zone 4,53.4,Zone 5,28.6,Zone 4,39.1,Zone 4,34.3,Zone 4,51.9,Zone 5,39.6,Zone 4,60.6,Zone 5,53.4,Zone 5,63.2,Zone 5
Kerala,Palakkad,Mannarkkad,25.2,2026-06-29,00:30:00,100.0,2026-06-28,00:30:00,2026-06-29 00:45:55,28.350000000000023,Zone 4,61.5,Zone 5,28.0,Zone 4,51.8,Zone 5,35.2,Zone 4,61.1,Zone 5,54.1,Zone 5,64.0,Zone 5,61.5,Zone 5,66.1,Zone 5
Kerala,Palakkad,Pothundy Dam,25.5,2026-06-29,00:30:00,100.0,2026-06-28,00:30:00,2026-06-29 00:45:55,29.05000000000001,Zone 4,62.4,Zone 5,29.0,Zone 4,55.9,Zone 5,37.6,Zone 5,62.0,Zone 5,58.0,Zone 5,64.7,Zone 5,62.4,Zone 5,66.7,Zone 5
Kerala,Pathanamthitta,Konni,23.3,2026-06-29,00:30:00,98.0,2026-06-28,00:30:00,2026-06-29 00:45:55,25.05000000000001,Zone 3,57.5,Zone 5,25.2,Zone 3,38.4,Zone 5,31.7,Zone 4,56.0,Zone 5,40.3,Zone 5,61.5,Zone 5,57.5,Zone 5,63.9,Zone 5
Kerala,Pathanamthitta,Laha,22.6,2026-06-29,00:30:00,100.0,2026-06-28,00:30:00,2026-06-29 00:45:55,24.350000000000023,Zone 3,52.5,Zone 5,24.3,Zone 3,35.4,Zone 4,30.1,Zone 4,50.9,Zone 5,36.0,Zone 4,60.4,Zone 5,52.5,Zone 5,63.0,Zone 5
Kerala,Pathanamthitta,Ranni Chethackal,23.1,2026-06-29,00:15:00,,,,2026-06-29 00:45:55,,,,,,,,,,,,,,,,,,,,
Kerala,Pathanamthitta,Ulanadu,24.5,2026-06-29,00:30:00,88.0,2026-06-28,00:30:00,2026-06-29 00:45:55,26.25,Zone 4,56.3,Zone 5,26.2,Zone 4,37.8,Zone 4,32.5,Zone 4,54.8,Zone 5,39.0,Zone 5,61.2,Zone 5,56.3,Zone 5,63.7,Zone 5
Kerala,Pathanamthitta,Venkurinji,23.7,2026-06-29,00:30:00,100.0,2026-06-28,00:30:00,2026-06-29 00:45:55,25.650000000000034,Zone 4,58.9,Zone 5,25.3,Zone 3,39.9,Zone 5,31.9,Zone 4,57.4,Zone 5,42.0,Zone 5,61.8,Zone 5,58.9,Zone 5,64.2,Zone 5
Kerala,Thiruvananthapuram,Peppara,25.9,2026-06-29,00:15:00,,,,2026-06-29 00:45:55,,,,,,,,,,,,,,,,,,,,
Kerala,Thiruvananthapuram,Ponmudi,19.9,2026-06-29,00:30:00,99.0,2026-06-28,00:30:00,2026-06-29 00:45:55,21.350000000000023,Zone 3,36.6,Zone 4,21.4,Zone 3,31.2,Zone 4,26.3,Zone 4,36.2,Zone 4,31.6,Zone 4,50.3,Zone 5,36.6,Zone 4,59.8,Zone 5
Kerala,Thiruvananthapuram,Thattathumala,23.6,2026-06-29,00:15:00,,,,2026-06-29 00:45:55,,,,,,,,,,,,,,,,,,,,
Kerala,Thiruvananthapuram,Thiruvananthapuram,23.8,2026-06-29,00:15:00,,,,2026-06-29 00:45:55,,,,,,,,,,,,,,,,,,,,
Kerala,Thiruvananthapuram,Varkala,23.6,2026-06-29,00:30:00,100.0,2026-06-28,00:30:00,2026-06-29 00:45:55,25.450000000000045,Zone 4,58.9,Zone 5,25.3,Zone 3,39.9,Zone 5,31.9,Zone 4,57.4,Zone 5,42.0,Zone 5,61.8,Zone 5,58.9,Zone 5,64.2,Zone 5
Kerala,Thrissur,Athirappilly,24.2,2026-06-29,00:30:00,100.0,2026-06-28,00:30:00,2026-06-29 00:45:55,26.450000000000045,Zone 4,59.8,Zone 5,26.1,Zone 4,43.6,Zone 5,32.9,Zone 4,59.4,Zone 5,45.9,Zone 5,62.5,Zone 5,59.8,Zone 5,64.8,Zone 5
Kerala,Thrissur,Munakkal,24.3,2026-06-29,00:30:00,97.0,2026-06-28,00:30:00,2026-06-29 00:45:55,26.450000000000045,Zone 4,60.1,Zone 5,26.8,Zone 4,44.8,Zone 5,33.6,Zone 4,59.7,Zone 5,47.1,Zone 5,62.7,Zone 5,60.1,Zone 5,65.0,Zone 5
Kerala,Thrissur,Vilangankunnu,,,,99.0,2026-06-28,00:30:00,2026-06-29 00:45:55,,,,,,,,,,,,,,,,,,,,
Kerala,Wayanad,Meenangadi,20.9,2026-06-29,00:15:00,,,,2026-06-29 00:45:55,,,,,,,,,,,,,,,,,,,,
Kerala,Wayanad,Padamala,20.8,2026-06-29,00:00:00,,,,2026-06-29 00:45:55,,,,,,,,,,,,,,,,,,,,
Ladakh,Kargil,Dras,11.7,2026-06-29,00:30:00,68.0,2026-06-28,00:30:00,2026-06-29 00:45:55,10.650000000000034,Zone 2,25.6,Zone 4,10.4,Zone 2,22.8,Zone 3,18.1,Zone 3,25.6,Zone 4,22.8,Zone 3,29.2,Zone 4,25.6,Zone 4,32.7,Zone 4
Ladakh,Kargil,Garkon,25.3,2026-06-29,00:30:00,16.0,2026-06-28,00:30:00,2026-06-29 00:45:55,23.450000000000045,Zone 3,35.3,Zone 4,23.7,Zone 3,31.8,Zone 4,28.2,Zone 4,35.2,Zone 4,31.8,Zone 4,38.5,Zone 4,35.3,Zone 4,41.6,Zone 4
Ladakh,Kargil,Kargil,21.0,2026-06-29,00:30:00,27.0,2026-06-28,00:30:00,2026-06-29 00:45:55,18.850000000000023,Zone 3,32.3,Zone 4,18.9,Zone 3,28.7,Zone 4,24.9,Zone 3,32.3,Zone 4,28.7,Zone 4,35.6,Zone 4,32.3,Zone 4,38.9,Zone 4
Ladakh,Kargil,Padum Kvk,16.3,2026-06-29,00:30:00,37.0,2026-06-28,00:30:00,2026-06-29 00:45:55,13.850000000000023,Zone 2,28.9,Zone 4,14.0,Zone 2,25.3,Zone 4,21.5,Zone 3,29.0,Zone 4,25.3,Zone 3,32.4,Zone 4,28.9,Zone 4,35.7,Zone 4
Ladakh,Leh,Khaltse,23.5,2026-06-29,00:30:00,21.0,2026-06-28,00:30:00,2026-06-29 00:45:55,21.55000000000001,Zone 3,34.0,Zone 4,21.5,Zone 3,30.5,Zone 4,26.8,Zone 4,34.0,Zone 4,30.5,Zone 4,37.3,Zone 4,34.0,Zone 4,40.5,Zone 4
Ladakh,Leh,Leh Amfu,14.8,2026-06-29,00:30:00,48.0,2026-06-28,00:30:00,2026-06-29 00:45:55,12.850000000000023,Zone 2,28.0,Zone 4,13.0,Zone 2,24.6,Zone 3,20.6,Zone 3,28.1,Zone 4,24.6,Zone 3,31.6,Zone 4,28.0,Zone 4,35.0,Zone 4
Ladakh,Leh,Mc Leh,19.0,2026-06-29,00:30:00,14.0,2026-06-28,00:30:00,2026-06-29 00:45:55,15.550000000000011,Zone 3,30.0,Zone 4,15.6,Zone 3,26.7,Zone 4,22.8,Zone 3,30.1,Zone 4,26.6,Zone 4,33.3,Zone 4,30.0,Zone 4,36.4,Zone 4
Ladakh,Leh,Nubra Hunder,16.2,2026-06-29,00:30:00,33.0,2026-06-28,00:30:00,2026-06-29 00:45:55,13.550000000000011,Zone 2,28.4,Zone 4,13.3,Zone 2,25.0,Zone 3,21.0,Zone 3,28.5,Zone 4,24.9,Zone 3,31.8,Zone 4,28.4,Zone 4,35.1,Zone 4
Ladakh,Leh,Nyoma Kvk,16.4,2026-06-29,00:30:00,28.0,2026-06-28,00:30:00,2026-06-29 00:45:55,13.450000000000045,Zone 2,28.6,Zone 4,13.6,Zone 2,25.2,Zone 3,21.2,Zone 3,28.7,Zone 4,25.1,Zone 3,32.0,Zone 4,28.6,Zone 4,35.2,Zone 4
Ladakh,Leh,Tangtse Durbuk,14.4,2026-06-29,00:30:00,25.0,2026-06-28,00:30:00,2026-06-29 00:45:55,11.550000000000011,Zone 2,27.0,Zone 4,11.6,Zone 2,24.0,Zone 3,19.5,Zone 3,27.1,Zone 4,23.9,Zone 3,30.4,Zone 4,27.0,Zone 4,33.6,Zone 4
Ladakh,Leh,Upshi,17.2,2026-06-29,00:30:00,32.0,2026-06-28,00:30:00,2026-06-29 00:45:55,14.550000000000011,Zone 3,29.1,Zone 4,14.3,Zone 3,25.6,Zone 4,21.8,Zone 3,29.2,Zone 4,25.6,Zone 4,32.6,Zone 4,29.1,Zone 4,35.9,Zone 4
Madhya Pradesh,Agar,Agar Malwa,26.6,2026-06-29,00:15:00,,,,2026-06-29 00:45:55,,,,,,,,,,,,,,,,,,,,
Madhya Pradesh,Barwani,Talun Kvk,29.7,2026-06-29,00:30:00,61.0,2026-06-28,00:30:00,2026-06-29 00:45:55,32.35000000000002,Zone 4,59.7,Zone 5,32.0,Zone 4,43.3,Zone 5,37.8,Zone 4,59.3,Zone 5,45.5,Zone 5,62.4,Zone 5,59.7,Zone 5,64.8,Zone 5
Madhya Pradesh,Betul,Betul,,,,99.0,2026-06-28,00:30:00,2026-06-29 00:45:55,,,,,,,,,,,,,,,,,,,,
Madhya Pradesh,Bhopal,Berasia,27.5,2026-06-29,00:30:00,81.0,2026-06-28,00:30:00,2026-06-29 00:45:55,30.950000000000045,Zone 4,61.6,Zone 5,30.9,Zone 4,52.2,Zone 5,37.7,Zone 4,61.2,Zone 5,54.5,Zone 5,64.0,Zone 5,61.6,Zone 5,66.2,Zone 5
Madhya Pradesh,Bhopal,Islamnagar,26.7,2026-06-29,00:30:00,86.0,2026-06-28,00:30:00,2026-06-29 00:45:55,29.950000000000045,Zone 4,61.1,Zone 5,29.6,Zone 4,49.8,Zone 5,36.3,Zone 4,60.7,Zone 5,52.1,Zone 5,63.6,Zone 5,61.1,Zone 5,65.8,Zone 5
Madhya Pradesh,Bhopal ,Bhopal,26.4,2026-06-29,00:30:00,93.0,2026-06-28,00:30:00,2026-06-29 00:45:55,30.150000000000034,Zone 4,62.6,Zone 5,30.4,Zone 4,57.0,Zone 5,38.8,Zone 5,62.2,Zone 5,59.0,Zone 5,64.9,Zone 5,62.6,Zone 5,66.9,Zone 5
Madhya Pradesh,Dewas,Kannod,27.3,2026-06-29,00:30:00,97.0,2026-06-28,00:30:00,2026-06-29 00:45:55,32.950000000000045,Zone 4,65.2,Zone 5,33.5,Zone 4,61.5,Zone 5,53.6,Zone 5,64.8,Zone 5,62.1,Zone 5,67.1,Zone 5,65.2,Zone 5,68.8,Zone 5
Madhya Pradesh,Dhar,Dhar,25.9,2026-06-29,00:30:00,87.0,2026-06-28,00:30:00,2026-06-29 00:45:55,28.55000000000001,Zone 4,60.5,Zone 5,28.7,Zone 4,46.9,Zone 5,35.4,Zone 4,60.1,Zone 5,49.2,Zone 5,63.1,Zone 5,60.5,Zone 5,65.4,Zone 5
Madhya Pradesh,Guna,Aron Kvk,18.8,2026-06-29,00:30:00,92.0,2026-06-28,00:30:00,2026-06-29 00:45:55,19.650000000000034,Zone 3,34.4,Zone 4,19.9,Zone 3,29.5,Zone 4,25.0,Zone 3,34.2,Zone 4,29.7,Zone 4,41.1,Zone 5,34.4,Zone 4,54.5,Zone 5
Madhya Pradesh,Hoshangabad,Pachmarhi Aec,24.3,2026-06-29,00:30:00,91.0,2026-06-28,00:30:00,2026-06-29 00:45:55,26.05000000000001,Zone 4,58.5,Zone 5,26.4,Zone 4,39.5,Zone 5,32.9,Zone 4,57.1,Zone 5,41.5,Zone 5,61.7,Zone 5,58.5,Zone 5,64.2,Zone 5
Madhya Pradesh,Mandsaur,Mandsour,25.8,2026-06-29,00:30:00,78.0,2026-06-28,00:30:00,2026-06-29 00:45:55,27.650000000000034,Zone 4,57.3,Zone 5,27.9,Zone 4,39.1,Zone 4,34.0,Zone 4,55.8,Zone 5,40.1,Zone 5,61.4,Zone 5,57.3,Zone 5,63.9,Zone 5
Madhya Pradesh,Narsinghpur,Narsinghpur,30.1,2026-06-29,00:30:00,69.0,2026-06-28,00:30:00,2026-06-29 00:45:55,34.450000000000045,Zone 4,62.6,Zone 5,34.3,Zone 4,57.0,Zone 5,40.8,Zone 4,62.2,Zone 5,59.0,Zone 5,64.9,Zone 5,62.6,Zone 5,66.9,Zone 5
Madhya Pradesh,Neemuch,Marukheda Kvk,25.8,2026-06-29,00:30:00,97.0,2026-06-28,00:30:00,2026-06-29 00:45:55,29.350000000000023,Zone 4,62.6,Zone 5,29.8,Zone 4,57.0,Zone 5,38.8,Zone 5,62.2,Zone 5,59.0,Zone 5,64.9,Zone 5,62.6,Zone 5,66.9,Zone 5
Madhya Pradesh,Niwari,Prithvipur,30.7,2026-06-29,00:30:00,59.0,2026-06-28,00:30:00,2026-06-29 00:45:55,33.85000000000002,Zone 4,60.7,Zone 5,33.5,Zone 4,47.7,Zone 5,39.3,Zone 4,60.3,Zone 5,50.0,Zone 5,63.2,Zone 5,60.7,Zone 5,65.5,Zone 5
Madhya Pradesh,Rajgarh,Rajgarh Kvk,26.3,2026-06-29,00:30:00,98.0,2026-06-28,00:30:00,2026-06-29 00:45:55,30.55000000000001,Zone 4,63.7,Zone 5,31.0,Zone 4,59.7,Zone 5,44.5,Zone 5,63.3,Zone 5,60.3,Zone 5,65.8,Zone 5,63.7,Zone 5,67.7,Zone 5
Madhya Pradesh,Sagar,Khurai,26.8,2026-06-29,00:30:00,99.0,2026-06-28,00:30:00,2026-06-29 00:45:55,31.950000000000045,Zone 4,64.7,Zone 5,32.5,Zone 4,61.0,Zone 5,51.0,Zone 5,64.3,Zone 5,61.6,Zone 5,66.7,Zone 5,64.7,Zone 5,68.5,Zone 5
Madhya Pradesh,Sagar,Sagar,12.5,2026-06-29,00:30:00,77.0,2026-06-28,00:30:00,2026-06-29 00:45:55,11.75,Zone 2,26.6,Zone 4,11.7,Zone 2,23.5,Zone 3,19.2,Zone 3,26.6,Zone 4,23.5,Zone 3,30.3,Zone 4,26.6,Zone 4,33.9,Zone 4
Madhya Pradesh,Satna,Satna,31.3,2026-06-29,00:30:00,55.0,2026-06-28,00:30:00,2026-06-29 00:45:55,34.25,Zone 4,61.0,Zone 5,34.6,Zone 4,49.3,Zone 5,40.4,Zone 4,60.6,Zone 5,51.6,Zone 5,63.5,Zone 5,61.0,Zone 5,65.7,Zone 5
Madhya Pradesh,Sehore,Ahmadpur Iitm,23.1,2026-06-29,00:30:00,94.0,2026-06-28,00:30:00,2026-06-29 00:45:55,24.650000000000034,Zone 3,51.3,Zone 5,24.6,Zone 3,35.7,Zone 4,30.5,Zone 4,49.7,Zone 5,36.2,Zone 4,60.1,Zone 5,51.3,Zone 5,62.8,Zone 5
Madhya Pradesh,Sehore,Bhairunda,28.1,2026-06-29,00:30:00,,,,2026-06-29 00:45:55,,,,,,,,,,,,,,,,,,,,
Madhya Pradesh,Shahdol,Kalyanpur Kvk,29.6,2026-06-29,00:30:00,53.0,2026-06-28,00:30:00,2026-06-29 00:45:55,31.150000000000034,Zone 4,53.5,Zone 5,31.0,Zone 4,40.8,Zone 4,36.3,Zone 4,52.0,Zone 5,41.3,Zone 4,60.6,Zone 5,53.5,Zone 5,63.2,Zone 5
Madhya Pradesh,Shajapur,Shajapur,27.0,2026-06-29,00:30:00,99.0,2026-06-28,00:30:00,2026-06-29 00:45:55,32.450000000000045,Zone 4,64.7,Zone 5,32.5,Zone 4,61.0,Zone 5,51.0,Zone 5,64.3,Zone 5,61.6,Zone 5,66.7,Zone 5,64.7,Zone 5,68.5,Zone 5
Madhya Pradesh,Sheopur,Sheopur,17.2,2026-06-29,00:30:00,81.0,2026-06-28,00:30:00,2026-06-29 00:45:55,17.150000000000034,Zone 3,31.2,Zone 4,16.9,Zone 3,26.8,Zone 4,23.1,Zone 3,31.1,Zone 4,27.0,Zone 4,35.2,Zone 4,31.2,Zone 4,40.5,Zone 5
Madhya Pradesh,Shivpuri,Shivpuri,26.7,2026-06-29,00:30:00,89.0,2026-06-28,00:30:00,2026-06-29 00:45:55,30.350000000000023,Zone 4,61.7,Zone 5,29.9,Zone 4,53.0,Zone 5,36.9,Zone 4,61.3,Zone 5,55.3,Zone 5,64.2,Zone 5,61.7,Zone 5,66.3,Zone 5
Madhya Pradesh,Sidhi,Rampur Naikin,29.0,2026-06-29,00:30:00,86.0,2026-06-28,00:30:00,2026-06-29 00:45:55,35.450000000000045,Zone 4,65.2,Zone 5,35.4,Zone 4,61.6,Zone 5,53.9,Zone 5,64.8,Zone 5,62.2,Zone 5,67.1,Zone 5,65.2,Zone 5,68.9,Zone 5
Madhya Pradesh,Sidhi,Sidhi,30.3,2026-06-29,00:30:00,66.0,2026-06-28,00:30:00,2026-06-29 00:45:55,34.35000000000002,Zone 4,62.6,Zone 5,34.8,Zone 4,56.9,Zone 5,41.2,Zone 4,62.2,Zone 5,58.9,Zone 5,64.9,Zone 5,62.6,Zone 5,66.9,Zone 5
Madhya Pradesh,Ujjain,Tarana,27.1,2026-06-29,00:15:00,,,,2026-06-29 00:45:55,,,,,,,,,,,,,,,,,,,,
Madhya Pradesh,Ujjain,Vikram Vv Ujjain,26.9,2026-06-29,00:30:00,100.0,2026-06-28,00:30:00,2026-06-29 00:45:55,32.35000000000002,Zone 4,65.0,Zone 5,32.7,Zone 4,61.3,Zone 5,52.3,Zone 5,64.6,Zone 5,61.8,Zone 5,66.9,Zone 5,65.0,Zone 5,68.7,Zone 5
Madhya Pradesh,Vidisha,Kurwai,26.5,2026-06-29,00:30:00,91.0,2026-06-28,00:30:00,2026-06-29 00:45:55,30.150000000000034,Zone 4,62.2,Zone 5,30.1,Zone 4,55.0,Zone 5,37.3,Zone 4,61.8,Zone 5,57.2,Zone 5,64.5,Zone 5,62.2,Zone 5,66.6,Zone 5
Madhya Pradesh,Vidisha,Lateri,,,,93.0,2026-06-28,00:30:00,2026-06-29 00:45:55,,,,,,,,,,,,,,,,,,,,
Madhya Pradesh,Vidisha,Vidisha,26.4,2026-06-29,00:30:00,80.0,2026-06-28,00:30:00,2026-06-29 00:45:55,28.75,Zone 4,59.8,Zone 5,28.9,Zone 4,43.4,Zone 5,35.3,Zone 4,59.4,Zone 5,45.7,Zone 5,62.5,Zone 5,59.8,Zone 5,64.8,Zone 5
Maharashtra,Amravati,Morshi,26.4,2026-06-29,00:30:00,90.0,2026-06-28,00:30:00,2026-06-29 00:45:55,29.75,Zone 4,62.0,Zone 5,30.0,Zone 4,54.0,Zone 5,37.1,Zone 4,61.6,Zone 5,56.2,Zone 5,64.3,Zone 5,62.0,Zone 5,66.4,Zone 5
Maharashtra,Beed,Beed Pto,25.5,2026-06-29,00:30:00,91.0,2026-06-28,00:30:00,2026-06-29 00:45:55,28.150000000000034,Zone 4,60.5,Zone 5,28.1,Zone 4,47.0,Zone 5,34.9,Zone 4,60.1,Zone 5,49.3,Zone 5,63.1,Zone 5,60.5,Zone 5,65.4,Zone 5
Maharashtra,Buldhana,Hiwara,25.7,2026-06-29,00:30:00,87.0,2026-06-28,00:30:00,2026-06-29 00:45:55,28.150000000000034,Zone 4,59.7,Zone 5,27.8,Zone 4,43.0,Zone 5,34.3,Zone 4,59.3,Zone 5,45.2,Zone 5,62.4,Zone 5,59.7,Zone 5,64.8,Zone 5
Maharashtra,Chandrapur,Chandrapur Aws400,26.0,2026-06-29,00:30:00,100.0,2026-06-28,00:30:00,2026-06-29 00:45:55,30.150000000000034,Zone 4,63.2,Zone 5,30.1,Zone 4,59.2,Zone 5,42.0,Zone 5,62.8,Zone 5,59.8,Zone 5,65.4,Zone 5,63.2,Zone 5,67.4,Zone 5
Maharashtra,Dhule,Dhule,29.3,2026-06-29,00:30:00,73.0,2026-06-28,00:30:00,2026-06-29 00:45:55,33.55000000000001,Zone 4,62.8,Zone 5,33.9,Zone 4,58.1,Zone 5,40.7,Zone 4,62.4,Zone 5,59.3,Zone 5,65.1,Zone 5,62.8,Zone 5,67.1,Zone 5
Maharashtra,Gondia,Tiroda,,,,88.0,2026-06-28,00:30:00,2026-06-29 00:45:55,,,,,,,,,,,,,,,,,,,,
Maharashtra,Hingoli,Tondapur Aws400,24.1,2026-06-29,00:30:00,100.0,2026-06-28,00:30:00,2026-06-29 00:45:55,26.350000000000023,Zone 4,59.8,Zone 5,26.1,Zone 4,43.6,Zone 5,32.9,Zone 4,59.4,Zone 5,45.9,Zone 5,62.5,Zone 5,59.8,Zone 5,64.8,Zone 5
Maharashtra,Kolhapur,Radhanagri Ars,22.5,2026-06-29,00:30:00,100.0,2026-06-28,00:30:00,2026-06-29 00:45:55,24.25,Zone 3,52.5,Zone 5,24.3,Zone 3,35.4,Zone 4,30.1,Zone 4,50.9,Zone 5,36.0,Zone 4,60.4,Zone 5,52.5,Zone 5,63.0,Zone 5
Maharashtra,Latur,Udgir Aws400,24.4,2026-06-29,00:30:00,100.0,2026-06-28,00:30:00,2026-06-29 00:45:55,26.850000000000023,Zone 4,60.7,Zone 5,27.0,Zone 4,47.6,Zone 5,34.0,Zone 4,60.2,Zone 5,50.0,Zone 5,63.2,Zone 5,60.7,Zone 5,65.5,Zone 5
Maharashtra,Mumbai Suburban,Bandra,28.8,2026-06-29,00:30:00,,,,2026-06-29 00:45:55,,,,,,,,,,,,,,,,,,,,
Maharashtra,Mumbai Suburban,Ram Mandir,27.2,2026-06-29,00:30:00,,,,2026-06-29 00:45:55,,,,,,,,,,,,,,,,,,,,
Maharashtra,Mumbai Suburban,Vidyavihar,27.6,2026-06-29,00:30:00,99.0,2026-06-28,00:30:00,2026-06-29 00:45:55,34.25,Zone 4,65.6,Zone 5,33.9,Zone 4,62.1,Zone 5,56.1,Zone 5,65.2,Zone 5,62.6,Zone 5,67.5,Zone 5,65.6,Zone 5,69.1,Zone 5
Maharashtra,Mumbai Suburban,Vikhroli,27.2,2026-06-29,00:30:00,87.0,2026-06-28,00:30:00,2026-06-29 00:45:55,31.150000000000034,Zone 4,62.1,Zone 5,30.7,Zone 4,54.8,Zone 5,37.7,Zone 4,61.7,Zone 5,57.0,Zone 5,64.5,Zone 5,62.1,Zone 5,66.6,Zone 5
Maharashtra,Mumbai City,Byculla Mumbai,27.9,2026-06-29,00:30:00,100.0,2026-06-28,00:30:00,2026-06-29 00:45:55,36.05000000000001,Zone 5,66.7,Zone 5,37.1,Zone 5,63.4,Zone 5,59.8,Zone 5,66.3,Zone 5,63.9,Zone 5,68.4,Zone 5,66.7,Zone 5,70.0,Zone 5
Maharashtra,Mumbai City,Mahalaxmi,28.4,2026-06-29,00:30:00,99.0,2026-06-28,00:30:00,2026-06-29 00:45:55,40.25,Zone 5,67.4,Zone 5,41.5,Zone 5,64.2,Zone 5,60.8,Zone 5,67.0,Zone 5,64.7,Zone 5,69.0,Zone 5,67.4,Zone 5,70.4,Zone 5
Maharashtra,Mumbai City,Mumbai Santa Cruz,28.1,2026-06-29,00:30:00,100.0,2026-06-28,00:30:00,2026-06-29 00:45:55,38.25,Zone 5,66.7,Zone 5,37.1,Zone 5,63.4,Zone 5,59.8,Zone 5,66.3,Zone 5,63.9,Zone 5,68.4,Zone 5,66.7,Zone 5,70.0,Zone 5
Maharashtra,Nagpur,Nagpur Kvk,27.3,2026-06-29,00:30:00,92.0,2026-06-28,00:30:00,2026-06-29 00:45:55,32.05000000000001,Zone 4,64.1,Zone 5,32.6,Zone 4,60.2,Zone 5,47.0,Zone 5,63.7,Zone 5,60.8,Zone 5,66.2,Zone 5,64.1,Zone 5,68.0,Zone 5
Maharashtra,Nagpur,Ramtek Aws400,25.9,2026-06-29,00:30:00,100.0,2026-06-28,00:30:00,2026-06-29 00:45:55,29.850000000000023,Zone 4,63.2,Zone 5,30.1,Zone 4,59.2,Zone 5,42.0,Zone 5,62.8,Zone 5,59.8,Zone 5,65.4,Zone 5,63.2,Zone 5,67.4,Zone 5
Maharashtra,Nanded,Nanded,24.4,2026-06-29,00:30:00,100.0,2026-06-28,00:30:00,2026-06-29 00:45:55,26.850000000000023,Zone 4,60.7,Zone 5,27.0,Zone 4,47.6,Zone 5,34.0,Zone 4,60.2,Zone 5,50.0,Zone 5,63.2,Zone 5,60.7,Zone 5,65.5,Zone 5
Maharashtra,Nanded,Sagroli Kvk,25.1,2026-06-29,00:30:00,99.0,2026-06-28,00:30:00,2026-06-29 00:45:55,28.05000000000001,Zone 4,61.3,Zone 5,27.9,Zone 4,50.8,Zone 5,35.0,Zone 4,60.9,Zone 5,53.2,Zone 5,63.8,Zone 5,61.3,Zone 5,66.0,Zone 5
Maharashtra,Nandurbar,Shahada Aws400,29.9,2026-06-29,00:30:00,70.0,2026-06-28,00:30:00,2026-06-29 00:45:55,34.25,Zone 4,62.9,Zone 5,34.5,Zone 4,58.1,Zone 5,41.1,Zone 4,62.5,Zone 5,59.3,Zone 5,65.1,Zone 5,62.9,Zone 5,67.1,Zone 5
Maharashtra,Nashik,Kalwan,26.8,2026-06-29,00:30:00,28.0,2026-06-28,00:30:00,2026-06-29 00:45:55,25.850000000000023,Zone 4,37.9,Zone 4,26.1,Zone 4,34.1,Zone 4,30.3,Zone 4,37.8,Zone 4,34.2,Zone 4,41.4,Zone 4,37.9,Zone 4,46.1,Zone 5
Maharashtra,Nashik,Malegaon,27.2,2026-06-29,00:30:00,86.0,2026-06-28,00:30:00,2026-06-29 00:45:55,30.950000000000045,Zone 4,61.9,Zone 5,30.6,Zone 4,53.8,Zone 5,37.5,Zone 4,61.5,Zone 5,56.0,Zone 5,64.3,Zone 5,61.9,Zone 5,66.4,Zone 5
Maharashtra,Nashik,Trimbakeshwar,25.1,2026-06-29,00:00:00,,,,2026-06-29 00:45:55,,,,,,,,,,,,,,,,,,,,
Maharashtra,Nashik,Vilholi,24.8,2026-06-29,00:30:00,97.0,2026-06-28,00:30:00,2026-06-29 00:45:55,27.350000000000023,Zone 4,60.9,Zone 5,27.7,Zone 4,48.9,Zone 5,34.7,Zone 4,60.5,Zone 5,51.2,Zone 5,63.4,Zone 5,60.9,Zone 5,65.7,Zone 5
Maharashtra,Palghar,Palghar Aws400,25.2,2026-06-29,00:30:00,97.0,2026-06-28,00:30:00,2026-06-29 00:45:55,28.150000000000034,Zone 4,60.9,Zone 5,27.7,Zone 4,48.9,Zone 5,34.7,Zone 4,60.5,Zone 5,51.2,Zone 5,63.4,Zone 5,60.9,Zone 5,65.7,Zone 5
Maharashtra,Pune, Nimgiri Junnar,22.9,2026-06-29,00:30:00,,,,2026-06-29 00:45:55,,,,,,,,,,,,,,,,,,,,
Maharashtra,Pune,Ballalwadi Junnar,23.0,2026-06-29,00:30:00,99.0,2026-06-28,00:30:00,2026-06-29 00:45:55,24.75,Zone 3,55.1,Zone 5,24.7,Zone 3,36.3,Zone 4,30.9,Zone 4,53.5,Zone 5,37.7,Zone 5,60.9,Zone 5,55.1,Zone 5,63.5,Zone 5
Maharashtra,Pune,Chinchwad Pune,24.9,2026-06-29,00:30:00,98.0,2026-06-28,00:30:00,2026-06-29 00:45:55,27.650000000000034,Zone 4,61.1,Zone 5,27.8,Zone 4,49.9,Zone 5,34.9,Zone 4,60.7,Zone 5,52.2,Zone 5,63.6,Zone 5,61.1,Zone 5,65.8,Zone 5
Maharashtra,Pune,Cme Dapodi,25.5,2026-06-29,00:30:00,90.0,2026-06-28,00:30:00,2026-06-29 00:45:55,28.05000000000001,Zone 4,60.3,Zone 5,28.1,Zone 4,46.0,Zone 5,34.8,Zone 4,59.9,Zone 5,48.3,Zone 5,62.9,Zone 5,60.3,Zone 5,65.2,Zone 5
Maharashtra,Pune,Dps Hadapsar Pune,26.4,2026-06-29,00:30:00,87.0,2026-06-28,00:30:00,2026-06-29 00:45:55,29.450000000000045,Zone 4,61.3,Zone 5,29.7,Zone 4,50.9,Zone 5,36.5,Zone 4,60.9,Zone 5,53.2,Zone 5,63.8,Zone 5,61.3,Zone 5,66.0,Zone 5
Maharashtra,Pune,Girivan,23.7,2026-06-29,00:00:00,,,,2026-06-29 00:45:55,,,,,,,,,,,,,,,,,,,,
Maharashtra,Pune,Khadakwadi Ambegaon,23.6,2026-06-29,00:30:00,99.0,2026-06-28,00:30:00,2026-06-29 00:45:55,25.450000000000045,Zone 4,58.2,Zone 5,25.2,Zone 3,39.2,Zone 5,31.8,Zone 4,56.7,Zone 5,41.2,Zone 5,61.6,Zone 5,58.2,Zone 5,64.1,Zone 5
Maharashtra,Pune,Khutbav Daund,24.5,2026-06-29,00:00:00,,,,2026-06-29 00:45:55,,,,,,,,,,,,,,,,,,,,
Maharashtra,Pune,Lavale,22.3,2026-06-29,00:30:00,93.0,2026-06-28,00:30:00,2026-06-29 00:45:55,23.75,Zone 3,47.2,Zone 5,24.0,Zone 3,34.7,Zone 4,29.6,Zone 4,45.7,Zone 5,35.2,Zone 4,59.3,Zone 5,47.2,Zone 5,62.0,Zone 5
Maharashtra,Pune,Lonikalbhor Haveli,24.3,2026-06-29,00:30:00,98.0,2026-06-28,00:30:00,2026-06-29 00:45:55,26.55000000000001,Zone 4,60.3,Zone 5,26.9,Zone 4,45.8,Zone 5,33.7,Zone 4,59.9,Zone 5,48.1,Zone 5,62.9,Zone 5,60.3,Zone 5,65.2,Zone 5
Maharashtra,Pune,Malin Ambegaon,22.9,2026-06-29,00:30:00,100.0,2026-06-28,00:30:00,2026-06-29 00:45:55,24.650000000000034,Zone 3,55.8,Zone 5,24.8,Zone 3,36.7,Zone 5,31.0,Zone 4,54.3,Zone 5,38.5,Zone 5,61.1,Zone 5,55.8,Zone 5,63.6,Zone 5
Maharashtra,Pune,Mti Pashan Pune,26.3,2026-06-29,00:30:00,93.0,2026-06-28,00:30:00,2026-06-29 00:45:55,29.950000000000045,Zone 4,62.6,Zone 5,30.4,Zone 4,57.0,Zone 5,38.8,Zone 5,62.2,Zone 5,59.0,Zone 5,64.9,Zone 5,62.6,Zone 5,66.9,Zone 5
Maharashtra,Pune,Narayangoan Krishi Kendra,23.1,2026-06-29,00:30:00,100.0,2026-06-28,00:30:00,2026-06-29 00:45:55,24.850000000000023,Zone 3,55.8,Zone 5,24.8,Zone 3,36.7,Zone 5,31.0,Zone 4,54.3,Zone 5,38.5,Zone 5,61.1,Zone 5,55.8,Zone 5,63.6,Zone 5
Maharashtra,Pune,Nda Pune,24.7,2026-06-29,00:30:00,82.0,2026-06-28,00:30:00,2026-06-29 00:45:55,26.150000000000034,Zone 4,51.4,Zone 5,25.9,Zone 4,36.9,Zone 4,31.9,Zone 4,49.8,Zone 5,37.4,Zone 4,60.1,Zone 5,51.4,Zone 5,62.8,Zone 5
Maharashtra,Pune,Nes Lakadi Indapur,24.1,2026-06-29,00:30:00,,,,2026-06-29 00:45:55,,,,,,,,,,,,,,,,,,,,
Maharashtra,Pune,Niasm Baramati,24.0,2026-06-29,00:30:00,100.0,2026-06-28,00:30:00,2026-06-29 00:45:55,26.150000000000034,Zone 4,59.8,Zone 5,26.1,Zone 4,43.6,Zone 5,32.9,Zone 4,59.4,Zone 5,45.9,Zone 5,62.5,Zone 5,59.8,Zone 5,64.8,Zone 5
Maharashtra,Pune,Pabal Shirur,20.5,2026-06-29,00:30:00,99.0,2026-06-28,00:30:00,2026-06-29 00:45:55,22.05000000000001,Zone 3,39.0,Zone 5,22.0,Zone 3,31.9,Zone 4,27.0,Zone 4,37.8,Zone 5,32.4,Zone 4,53.0,Zone 5,39.0,Zone 5,60.4,Zone 5
Maharashtra,Pune,Pashan Aws Lab,24.8,2026-06-29,00:30:00,100.0,2026-06-28,00:30:00,2026-06-29 00:45:55,27.55000000000001,Zone 4,61.5,Zone 5,28.0,Zone 4,51.8,Zone 5,35.2,Zone 4,61.1,Zone 5,54.1,Zone 5,64.0,Zone 5,61.5,Zone 5,66.1,Zone 5
Maharashtra,Pune,Rajgurunagar,24.1,2026-06-29,00:30:00,100.0,2026-06-28,00:30:00,2026-06-29 00:45:55,26.350000000000023,Zone 4,59.8,Zone 5,26.1,Zone 4,43.6,Zone 5,32.9,Zone 4,59.4,Zone 5,45.9,Zone 5,62.5,Zone 5,59.8,Zone 5,64.8,Zone 5
Maharashtra,Pune,Rjspmcop Dudulgaon,24.3,2026-06-29,00:30:00,100.0,2026-06-28,00:30:00,2026-06-29 00:45:55,26.650000000000034,Zone 4,60.7,Zone 5,27.0,Zone 4,47.6,Zone 5,34.0,Zone 4,60.2,Zone 5,50.0,Zone 5,63.2,Zone 5,60.7,Zone 5,65.5,Zone 5
Maharashtra,Pune,Talegaon,23.5,2026-06-29,00:30:00,,,,2026-06-29 00:45:55,,,,,,,,,,,,,,,,,,,,
Maharashtra,Pune,Wadgaonsheri Pune,25.4,2026-06-29,00:30:00,79.0,2026-06-28,00:30:00,2026-06-29 00:45:55,27.05000000000001,Zone 4,55.1,Zone 5,27.2,Zone 4,38.3,Zone 4,33.3,Zone 4,53.6,Zone 5,38.9,Zone 4,60.9,Zone 5,55.1,Zone 5,63.5,Zone 5
Maharashtra,Pune,Walhe Purandar,24.7,2026-06-29,00:30:00,100.0,2026-06-28,00:30:00,2026-06-29 00:45:55,27.350000000000023,Zone 4,60.7,Zone 5,27.0,Zone 4,47.6,Zone 5,34.0,Zone 4,60.2,Zone 5,50.0,Zone 5,63.2,Zone 5,60.7,Zone 5,65.5,Zone 5
Maharashtra,Raigad,Iighq Newpanvel,25.2,2026-06-29,00:30:00,100.0,2026-06-28,00:30:00,2026-06-29 00:45:55,28.350000000000023,Zone 4,61.5,Zone 5,28.0,Zone 4,51.8,Zone 5,35.2,Zone 4,61.1,Zone 5,54.1,Zone 5,64.0,Zone 5,61.5,Zone 5,66.1,Zone 5
Maharashtra,Raigad,Iig Mo Alibag,28.0,2026-06-29,00:30:00,100.0,2026-06-28,00:30:00,2026-06-29 00:45:55,37.150000000000034,Zone 5,66.7,Zone 5,37.1,Zone 5,63.4,Zone 5,59.8,Zone 5,66.3,Zone 5,63.9,Zone 5,68.4,Zone 5,66.7,Zone 5,70.0,Zone 5
Maharashtra,Raigad,Karjat,26.5,2026-06-29,00:30:00,93.0,2026-06-28,00:30:00,2026-06-29 00:45:55,30.350000000000023,Zone 4,62.6,Zone 5,30.4,Zone 4,57.0,Zone 5,38.8,Zone 5,62.2,Zone 5,59.0,Zone 5,64.9,Zone 5,62.6,Zone 5,66.9,Zone 5
Maharashtra,Raigad,Matheran,22.8,2026-06-29,00:30:00,100.0,2026-06-28,00:30:00,2026-06-29 00:45:55,24.55000000000001,Zone 3,55.8,Zone 5,24.8,Zone 3,36.7,Zone 5,31.0,Zone 4,54.3,Zone 5,38.5,Zone 5,61.1,Zone 5,55.8,Zone 5,63.6,Zone 5
Maharashtra,Ratnagiri,Dapoli,26.1,2026-06-29,00:30:00,,,,2026-06-29 00:45:55,,,,,,,,,,,,,,,,,,,,
Maharashtra,Ratnagiri,Ratnagiri Aws400,25.3,2026-06-29,00:30:00,100.0,2026-06-28,00:30:00,2026-06-29 00:45:55,28.55000000000001,Zone 4,62.4,Zone 5,29.0,Zone 4,55.9,Zone 5,37.6,Zone 5,62.0,Zone 5,58.0,Zone 5,64.7,Zone 5,62.4,Zone 5,66.7,Zone 5
Maharashtra,Ratnagiri,Savarde(Golwane),24.9,2026-06-29,00:30:00,,,,2026-06-29 00:45:55,,,,,,,,,,,,,,,,,,,,
Maharashtra,Sangli,Sangli Kvk,22.9,2026-06-29,00:15:00,,,,2026-06-29 00:45:55,,,,,,,,,,,,,,,,,,,,
Maharashtra,Satara,Bgrl Karad,,,,63.0,2026-06-28,00:30:00,2026-06-29 00:45:55,,,,,,,,,,,,,,,,,,,,
Maharashtra,Satara,Mahabaleshwar,19.3,2026-06-29,00:30:00,72.0,2026-06-28,00:30:00,2026-06-29 00:45:55,19.350000000000023,Zone 3,33.6,Zone 4,19.6,Zone 3,29.1,Zone 4,24.9,Zone 3,33.4,Zone 4,29.3,Zone 4,37.5,Zone 4,33.6,Zone 4,46.5,Zone 5
Maharashtra,Sindhudurg,Vengurla,25.2,2026-06-29,00:30:00,92.0,2026-06-28,00:30:00,2026-06-29 00:45:55,27.650000000000034,Zone 4,59.9,Zone 5,27.3,Zone 4,44.0,Zone 5,34.0,Zone 4,59.5,Zone 5,46.3,Zone 5,62.6,Zone 5,59.9,Zone 5,64.9,Zone 5
Maharashtra,Solapur,Mohol Kvk,24.5,2026-06-29,00:30:00,100.0,2026-06-28,00:30:00,2026-06-29 00:45:55,27.05000000000001,Zone 4,60.7,Zone 5,27.0,Zone 4,47.6,Zone 5,34.0,Zone 4,60.2,Zone 5,50.0,Zone 5,63.2,Zone 5,60.7,Zone 5,65.5,Zone 5
Maharashtra,Solapur,Sangola Mahavidyalaya,23.9,2026-06-29,00:30:00,100.0,2026-06-28,00:30:00,2026-06-29 00:45:55,25.950000000000045,Zone 4,59.8,Zone 5,26.1,Zone 4,43.6,Zone 5,32.9,Zone 4,59.4,Zone 5,45.9,Zone 5,62.5,Zone 5,59.8,Zone 5,64.8,Zone 5
Maharashtra,Solapur,Solapur,24.2,2026-06-29,00:30:00,98.0,2026-06-28,00:30:00,2026-06-29 00:45:55,26.350000000000023,Zone 4,59.4,Zone 5,26.0,Zone 4,41.9,Zone 5,32.7,Zone 4,59.0,Zone 5,44.1,Zone 5,62.2,Zone 5,59.4,Zone 5,64.6,Zone 5
Maharashtra,Thane,Bhayander,26.2,2026-06-29,00:30:00,,,,2026-06-29 00:45:55,,,,,,,,,,,,,,,,,,,,
Maharashtra,Wardha,Wardha,28.3,2026-06-29,00:30:00,89.0,2026-06-28,00:30:00,2026-06-29 00:45:55,34.150000000000034,Zone 4,65.1,Zone 5,34.7,Zone 4,61.4,Zone 5,53.1,Zone 5,64.7,Zone 5,62.0,Zone 5,67.0,Zone 5,65.1,Zone 5,68.8,Zone 5
Maharashtra,Yavatmal,Pushad Aws400,25.2,2026-06-29,00:30:00,100.0,2026-06-28,00:30:00,2026-06-29 00:45:55,28.350000000000023,Zone 4,61.5,Zone 5,28.0,Zone 4,51.8,Zone 5,35.2,Zone 4,61.1,Zone 5,54.1,Zone 5,64.0,Zone 5,61.5,Zone 5,66.1,Zone 5
Maharashtra,Yavatmal,Yavatmal,25.1,2026-06-29,00:30:00,88.0,2026-06-28,00:30:00,2026-06-29 00:45:55,27.25,Zone 4,59.1,Zone 5,27.0,Zone 4,40.4,Zone 5,33.5,Zone 4,57.8,Zone 5,42.4,Zone 5,61.9,Zone 5,59.1,Zone 5,64.3,Zone 5
Manipur,Chandel,Chandel Kvk,22.0,2026-06-29,00:30:00,100.0,2026-06-28,00:30:00,2026-06-29 00:45:55,23.75,Zone 3,49.1,Zone 5,23.7,Zone 3,34.5,Zone 4,29.3,Zone 4,47.5,Zone 5,35.0,Zone 4,59.7,Zone 5,49.1,Zone 5,62.4,Zone 5
Manipur,Imphal East,Jiribam,26.4,2026-06-29,00:30:00,99.0,2026-06-28,00:30:00,2026-06-29 00:45:55,30.950000000000045,Zone 4,63.9,Zone 5,31.2,Zone 4,60.0,Zone 5,45.8,Zone 5,63.5,Zone 5,60.5,Zone 5,66.0,Zone 5,63.9,Zone 5,67.9,Zone 5
Manipur,Imphal East,Porompat,24.0,2026-06-29,00:30:00,87.0,2026-06-28,00:30:00,2026-06-29 00:45:55,25.450000000000045,Zone 4,52.3,Zone 5,25.4,Zone 4,36.6,Zone 4,31.5,Zone 4,50.7,Zone 5,37.2,Zone 4,60.3,Zone 5,52.3,Zone 5,63.0,Zone 5
Manipur,Imphal West,Imphal Amfu,23.8,2026-06-29,00:30:00,99.0,2026-06-28,00:30:00,2026-06-29 00:45:55,25.75,Zone 4,59.6,Zone 5,26.1,Zone 4,42.7,Zone 5,32.8,Zone 4,59.2,Zone 5,45.0,Zone 5,62.3,Zone 5,59.6,Zone 5,64.7,Zone 5
Manipur,Kamjong,Kamjong,17.8,2026-06-29,00:30:00,100.0,2026-06-28,00:30:00,2026-06-29 00:45:55,18.850000000000023,Zone 3,33.6,Zone 4,19.1,Zone 3,28.6,Zone 4,24.4,Zone 3,33.3,Zone 4,28.9,Zone 4,40.2,Zone 5,33.6,Zone 4,53.7,Zone 5
Manipur,Kangpokpi,Saikul,,,,100.0,2026-06-28,00:30:00,2026-06-29 00:45:55,,,,,,,,,,,,,,,,,,,,
Manipur,Noney,Khoupum,23.8,2026-06-29,00:30:00,100.0,2026-06-28,00:30:00,2026-06-29 00:45:55,25.75,Zone 4,59.8,Zone 5,26.1,Zone 4,43.6,Zone 5,32.9,Zone 4,59.4,Zone 5,45.9,Zone 5,62.5,Zone 5,59.8,Zone 5,64.8,Zone 5
Manipur,Senapati,Mao,18.7,2026-06-29,00:30:00,100.0,2026-06-28,00:30:00,2026-06-29 00:45:55,19.950000000000045,Zone 3,34.3,Zone 4,19.7,Zone 3,29.2,Zone 4,24.8,Zone 3,34.0,Zone 4,29.5,Zone 4,42.6,Zone 5,34.3,Zone 4,56.0,Zone 5
Meghalaya,East Garo Hills,Williamnagar,29.1,2026-06-29,00:30:00,97.0,2026-06-28,00:30:00,2026-06-29 00:45:55,45.950000000000045,Zone 5,67.8,Zone 5,44.6,Zone 5,64.7,Zone 5,61.5,Zone 5,67.4,Zone 5,65.2,Zone 5,69.3,Zone 5,67.8,Zone 5,70.8,Zone 5
Meghalaya,East Jaintia Hills,Mynkre Substation,23.0,2026-06-29,00:30:00,99.0,2026-06-28,00:30:00,2026-06-29 00:45:55,24.75,Zone 3,55.1,Zone 5,24.7,Zone 3,36.3,Zone 4,30.9,Zone 4,53.5,Zone 5,37.7,Zone 5,60.9,Zone 5,55.1,Zone 5,63.5,Zone 5
Meghalaya,East Khasi Hills,Laban,21.0,2026-06-29,00:30:00,90.0,2026-06-28,00:30:00,2026-06-29 00:45:55,22.25,Zone 3,37.3,Zone 4,22.2,Zone 3,32.0,Zone 4,27.2,Zone 4,37.0,Zone 4,32.4,Zone 4,50.4,Zone 5,37.3,Zone 4,59.9,Zone 5
Meghalaya,East Khasi Hills,Mawryngkneng,22.1,2026-06-29,00:30:00,,,,2026-06-29 00:45:55,,,,,,,,,,,,,,,,,,,,
Meghalaya,East Khasi Hills,Nehu,21.0,2026-06-29,00:00:00,,,,2026-06-29 00:45:55,,,,,,,,,,,,,,,,,,,,
Meghalaya,East Khasi Hills,Shillong,22.2,2026-06-29,00:30:00,93.0,2026-06-28,00:30:00,2026-06-29 00:45:55,23.650000000000034,Zone 3,44.0,Zone 5,23.5,Zone 3,33.8,Zone 4,28.8,Zone 4,42.6,Zone 5,34.3,Zone 4,57.5,Zone 5,44.0,Zone 5,61.4,Zone 5
Meghalaya,North Garo Hills,Resubelpara,28.2,2026-06-29,00:30:00,100.0,2026-06-28,00:30:00,2026-06-29 00:45:55,39.35000000000002,Zone 5,66.7,Zone 5,37.1,Zone 5,63.4,Zone 5,59.8,Zone 5,66.3,Zone 5,63.9,Zone 5,68.4,Zone 5,66.7,Zone 5,70.0,Zone 5
Meghalaya,Ri Bhoi,Umtrewdam,30.9,2026-06-29,00:30:00,,,,2026-06-29 00:45:55,,,,,,,,,,,,,,,,,,,,
Meghalaya,South West Garo Hills,Ampati,27.5,2026-06-29,00:30:00,95.0,2026-06-28,00:30:00,2026-06-29 00:45:55,33.150000000000034,Zone 4,64.7,Zone 5,33.1,Zone 4,61.0,Zone 5,51.0,Zone 5,64.3,Zone 5,61.6,Zone 5,66.7,Zone 5,64.7,Zone 5,68.5,Zone 5
Meghalaya,South West Khasi Hills,Mawkyrwat,19.4,2026-06-29,00:30:00,100.0,2026-06-28,00:30:00,2026-06-29 00:45:55,20.75,Zone 3,35.9,Zone 4,20.9,Zone 3,30.6,Zone 4,25.7,Zone 4,35.5,Zone 4,30.9,Zone 4,48.0,Zone 5,35.9,Zone 4,59.4,Zone 5
Meghalaya,West Garo Hills,Tura,27.1,2026-06-29,00:30:00,89.0,2026-06-28,00:30:00,2026-06-29 00:45:55,31.150000000000034,Zone 4,62.6,Zone 5,31.0,Zone 4,56.8,Zone 5,38.6,Zone 5,62.2,Zone 5,58.9,Zone 5,64.9,Zone 5,62.6,Zone 5,66.9,Zone 5
Meghalaya,West Khasi Hills,Nongstoin,20.8,2026-06-29,00:30:00,100.0,2026-06-28,00:30:00,2026-06-29 00:45:55,22.350000000000023,Zone 3,42.5,Zone 5,22.6,Zone 3,32.8,Zone 4,27.7,Zone 4,41.2,Zone 5,33.3,Zone 4,56.3,Zone 5,42.5,Zone 5,61.2,Zone 5
Mizoram,Aizawl,Lengpui,25.9,2026-06-29,00:30:00,91.0,2026-06-28,00:30:00,2026-06-29 00:45:55,28.950000000000045,Zone 4,61.3,Zone 5,29.1,Zone 4,51.0,Zone 5,36.0,Zone 4,60.9,Zone 5,53.4,Zone 5,63.8,Zone 5,61.3,Zone 5,66.0,Zone 5
Mizoram,Aizawl,Mizoram University,23.9,2026-06-29,00:15:00,,,,2026-06-29 00:45:55,,,,,,,,,,,,,,,,,,,,
Mizoram,Champhai,Champhai Aws,18.8,2026-06-29,00:30:00,100.0,2026-06-28,00:30:00,2026-06-29 00:45:55,20.05000000000001,Zone 3,35.1,Zone 4,20.3,Zone 3,29.9,Zone 4,25.1,Zone 3,34.8,Zone 4,30.2,Zone 4,45.3,Zone 5,35.1,Zone 4,58.2,Zone 5
Mizoram,Hnathial,Hnathial,22.2,2026-06-29,00:30:00,100.0,2026-06-28,00:30:00,2026-06-29 00:45:55,23.950000000000045,Zone 3,49.1,Zone 5,23.7,Zone 3,34.5,Zone 4,29.3,Zone 4,47.5,Zone 5,35.0,Zone 4,59.7,Zone 5,49.1,Zone 5,62.4,Zone 5
Mizoram,Khawzawl,Khawzawl,20.9,2026-06-29,00:30:00,100.0,2026-06-28,00:30:00,2026-06-29 00:45:55,22.55000000000001,Zone 3,42.5,Zone 5,22.6,Zone 3,32.8,Zone 4,27.7,Zone 4,41.2,Zone 5,33.3,Zone 4,56.3,Zone 5,42.5,Zone 5,61.2,Zone 5
Mizoram,Kolasib,Kolasib,24.1,2026-06-29,00:30:00,100.0,2026-06-28,00:30:00,2026-06-29 00:45:55,26.350000000000023,Zone 4,59.8,Zone 5,26.1,Zone 4,43.6,Zone 5,32.9,Zone 4,59.4,Zone 5,45.9,Zone 5,62.5,Zone 5,59.8,Zone 5,64.8,Zone 5
Mizoram,Lawngtlai,Chawnhu,21.6,2026-06-29,00:30:00,92.0,2026-06-28,00:30:00,2026-06-29 00:45:55,22.950000000000045,Zone 3,40.3,Zone 5,22.9,Zone 3,32.9,Zone 4,28.0,Zone 4,39.1,Zone 5,33.3,Zone 4,54.3,Zone 5,40.3,Zone 5,60.7,Zone 5
Mizoram,Mamit,Lengpui Kvk,24.8,2026-06-29,00:30:00,100.0,2026-06-28,00:30:00,2026-06-29 00:45:55,27.55000000000001,Zone 4,61.5,Zone 5,28.0,Zone 4,51.8,Zone 5,35.2,Zone 4,61.1,Zone 5,54.1,Zone 5,64.0,Zone 5,61.5,Zone 5,66.1,Zone 5
Mizoram,Saiha,Saiha,20.2,2026-06-29,00:30:00,100.0,2026-06-28,00:30:00,2026-06-29 00:45:55,21.75,Zone 3,36.9,Zone 5,21.5,Zone 3,31.3,Zone 4,26.3,Zone 4,36.3,Zone 4,31.7,Zone 4,50.8,Zone 5,36.9,Zone 5,60.0,Zone 5
Mizoram,Serchhip,Serchhip,22.0,2026-06-29,00:30:00,82.0,2026-06-28,00:30:00,2026-06-29 00:45:55,23.05000000000001,Zone 3,38.0,Zone 4,23.0,Zone 3,32.9,Zone 4,28.1,Zone 4,37.7,Zone 4,33.2,Zone 4,50.7,Zone 5,38.0,Zone 4,59.9,Zone 5
Nagaland,Longleng,Sakshi,24.6,2026-06-29,00:30:00,100.0,2026-06-28,00:30:00,2026-06-29 00:45:55,27.25,Zone 4,60.7,Zone 5,27.0,Zone 4,47.6,Zone 5,34.0,Zone 4,60.2,Zone 5,50.0,Zone 5,63.2,Zone 5,60.7,Zone 5,65.5,Zone 5
Nagaland,Peren,Jalukie,24.9,2026-06-29,00:30:00,100.0,2026-06-28,00:30:00,2026-06-29 00:45:55,27.75,Zone 4,61.5,Zone 5,28.0,Zone 4,51.8,Zone 5,35.2,Zone 4,61.1,Zone 5,54.1,Zone 5,64.0,Zone 5,61.5,Zone 5,66.1,Zone 5
Nagaland,Tuensang,Thonoknyu,19.7,2026-06-29,00:15:00,,,,2026-06-29 00:45:55,,,,,,,,,,,,,,,,,,,,
Nagaland,Wokha,Wokha,22.0,2026-06-29,00:15:00,,,,2026-06-29 00:45:55,,,,,,,,,,,,,,,,,,,,
Odisha,Balangir,Bolangir,29.2,2026-06-29,00:30:00,100.0,2026-06-28,00:30:00,2026-06-29 00:45:55,52.85000000000002,Zone 5,68.5,Zone 5,50.0,Zone 5,65.5,Zone 5,62.5,Zone 5,68.1,Zone 5,66.1,Zone 5,69.9,Zone 5,68.5,Zone 5,71.3,Zone 5
Odisha,Balasore,Fm University,27.3,2026-06-29,00:30:00,100.0,2026-06-28,00:30:00,2026-06-29 00:45:55,33.55000000000001,Zone 4,65.8,Zone 5,34.1,Zone 4,62.3,Zone 5,57.3,Zone 5,65.4,Zone 5,62.9,Zone 5,67.7,Zone 5,65.8,Zone 5,69.3,Zone 5
Odisha,Bargarh,Barapalli,29.6,2026-06-29,00:30:00,,,,2026-06-29 00:45:55,,,,,,,,,,,,,,,,,,,,
Odisha,Cuttack,Cuttack Kvk,27.0,2026-06-29,00:30:00,,,,2026-06-29 00:45:55,,,,,,,,,,,,,,,,,,,,
Odisha,Ganjam,Benakuda Kvk,27.5,2026-06-29,00:30:00,81.0,2026-06-28,00:30:00,2026-06-29 00:45:55,30.950000000000045,Zone 4,61.6,Zone 5,30.9,Zone 4,52.2,Zone 5,37.7,Zone 4,61.2,Zone 5,54.5,Zone 5,64.0,Zone 5,61.6,Zone 5,66.2,Zone 5
Odisha,Jharsuguda,Jharsuguda,27.1,2026-06-29,00:30:00,100.0,2026-06-28,00:30:00,2026-06-29 00:45:55,32.950000000000045,Zone 4,65.0,Zone 5,32.7,Zone 4,61.3,Zone 5,52.3,Zone 5,64.6,Zone 5,61.8,Zone 5,66.9,Zone 5,65.0,Zone 5,68.7,Zone 5
Odisha,Jharsuguda,Likera,23.4,2026-06-29,00:30:00,,,,2026-06-29 00:45:55,,,,,,,,,,,,,,,,,,,,
Odisha,Kandhamal,Phulbani,27.3,2026-06-29,00:15:00,,,,2026-06-29 00:45:55,,,,,,,,,,,,,,,,,,,,
Odisha,Khurdha,Bhubaneshwar Airport,28.4,2026-06-29,00:30:00,90.0,2026-06-28,00:30:00,2026-06-29 00:45:55,34.650000000000034,Zone 4,65.3,Zone 5,34.9,Zone 4,61.7,Zone 5,54.5,Zone 5,64.9,Zone 5,62.3,Zone 5,67.2,Zone 5,65.3,Zone 5,68.9,Zone 5
Odisha,Khurdha,Pitapalli,29.1,2026-06-29,00:30:00,97.0,2026-06-28,00:30:00,2026-06-29 00:45:55,45.950000000000045,Zone 5,67.8,Zone 5,44.6,Zone 5,64.7,Zone 5,61.5,Zone 5,67.4,Zone 5,65.2,Zone 5,69.3,Zone 5,67.8,Zone 5,70.8,Zone 5
Odisha,Mayurbhanj,Baripada,26.9,2026-06-29,00:30:00,100.0,2026-06-28,00:30:00,2026-06-29 00:45:55,32.35000000000002,Zone 4,65.0,Zone 5,32.7,Zone 4,61.3,Zone 5,52.3,Zone 5,64.6,Zone 5,61.8,Zone 5,66.9,Zone 5,65.0,Zone 5,68.7,Zone 5
Odisha,Mayurbhanj,Mayurbhanj Kvk,,,,30.0,2026-06-28,00:30:00,2026-06-29 00:45:55,,,,,,,,,,,,,,,,,,,,
Odisha,Puri,Janhukuda(Near Satapada),29.2,2026-06-29,00:30:00,100.0,2026-06-28,00:30:00,2026-06-29 00:45:55,52.85000000000002,Zone 5,68.5,Zone 5,50.0,Zone 5,65.5,Zone 5,62.5,Zone 5,68.1,Zone 5,66.1,Zone 5,69.9,Zone 5,68.5,Zone 5,71.3,Zone 5
Odisha,Puri,Puri Kvk,29.3,2026-06-29,00:30:00,56.0,2026-06-28,00:30:00,2026-06-29 00:45:55,31.05000000000001,Zone 4,56.7,Zone 5,31.3,Zone 4,41.5,Zone 4,36.8,Zone 4,55.3,Zone 5,42.0,Zone 4,61.3,Zone 5,56.7,Zone 5,63.8,Zone 5
Odisha,Rayagada,Gunupur Kvk,27.2,2026-06-29,00:15:00,,,,2026-06-29 00:45:55,,,,,,,,,,,,,,,,,,,,
Odisha,Sambalpur,Dhankauda,29.2,2026-06-29,00:30:00,59.0,2026-06-28,00:30:00,2026-06-29 00:45:55,31.25,Zone 4,57.0,Zone 5,30.9,Zone 4,41.2,Zone 4,36.5,Zone 4,55.6,Zone 5,41.7,Zone 4,61.4,Zone 5,57.0,Zone 5,63.9,Zone 5
Odisha,Sonepur,Sonepur,29.1,2026-06-29,00:30:00,70.0,2026-06-28,00:30:00,2026-06-29 00:45:55,32.55000000000001,Zone 4,61.3,Zone 5,32.4,Zone 4,50.9,Zone 5,38.7,Zone 4,60.9,Zone 5,53.2,Zone 5,63.8,Zone 5,61.3,Zone 5,66.0,Zone 5
Odisha,Sundergarh,Sundergarh,26.4,2026-06-29,00:30:00,96.0,2026-06-28,00:30:00,2026-06-29 00:45:55,30.55000000000001,Zone 4,63.2,Zone 5,30.8,Zone 4,59.2,Zone 5,42.1,Zone 5,62.8,Zone 5,59.8,Zone 5,65.4,Zone 5,63.2,Zone 5,67.4,Zone 5
Puducherry,Karaikal,Karaikal,27.4,2026-06-29,00:00:00,,,,2026-06-29 00:45:55,,,,,,,,,,,,,,,,,,,,
Puducherry,Mahe,Mahe Jnv,25.3,2026-06-29,00:30:00,100.0,2026-06-28,00:30:00,2026-06-29 00:45:55,28.55000000000001,Zone 4,62.4,Zone 5,29.0,Zone 4,55.9,Zone 5,37.6,Zone 5,62.0,Zone 5,58.0,Zone 5,64.7,Zone 5,62.4,Zone 5,66.7,Zone 5
Puducherry,Puducherry,Puducherry,28.5,2026-06-29,00:30:00,81.0,2026-06-28,00:30:00,2026-06-29 00:45:55,33.150000000000034,Zone 4,63.2,Zone 5,33.1,Zone 4,59.2,Zone 5,42.0,Zone 5,62.8,Zone 5,59.7,Zone 5,65.4,Zone 5,63.2,Zone 5,67.4,Zone 5
Puducherry,Puducherry,Puducherry Kvk,26.8,2026-06-29,00:30:00,100.0,2026-06-28,00:30:00,2026-06-29 00:45:55,32.150000000000034,Zone 4,65.0,Zone 5,32.7,Zone 4,61.3,Zone 5,52.3,Zone 5,64.6,Zone 5,61.8,Zone 5,66.9,Zone 5,65.0,Zone 5,68.7,Zone 5
Punjab,Barnala,Barnala Arg,,,,12.0,2026-06-28,00:30:00,2026-06-29 00:45:55,,,,,,,,,,,,,,,,,,,,
Punjab,Bathinda,Bhatinda Amfu,33.8,2026-06-29,00:30:00,,,,2026-06-29 00:45:55,,,,,,,,,,,,,,,,,,,,
Punjab,Fazilka,Fasc Abohar,31.3,2026-06-29,00:30:00,76.0,2026-06-28,00:30:00,2026-06-29 00:45:55,39.55000000000001,Zone 4,66.9,Zone 5,40.2,Zone 4,63.6,Zone 5,60.1,Zone 5,66.5,Zone 5,64.1,Zone 5,68.5,Zone 5,66.9,Zone 5,70.1,Zone 5
Punjab,Fazilka,Fazilka,32.0,2026-06-29,00:15:00,,,,2026-06-29 00:45:55,,,,,,,,,,,,,,,,,,,,
Punjab,Firozpur,Firozpur Kvk,31.6,2026-06-29,00:30:00,69.0,2026-06-28,00:30:00,2026-06-29 00:45:55,38.150000000000034,Zone 4,65.0,Zone 5,37.9,Zone 4,61.3,Zone 5,52.3,Zone 5,64.6,Zone 5,61.8,Zone 5,66.9,Zone 5,65.0,Zone 5,68.7,Zone 5
Punjab,Hoshiarpur,Hosiyarpur,29.9,2026-06-29,00:30:00,77.0,2026-06-28,00:30:00,2026-06-29 00:45:55,35.75,Zone 4,64.7,Zone 5,36.0,Zone 4,60.9,Zone 5,50.6,Zone 5,64.3,Zone 5,61.5,Zone 5,66.7,Zone 5,64.7,Zone 5,68.5,Zone 5
Punjab,Hoshiarpur,Salern,30.7,2026-06-29,00:30:00,86.0,2026-06-28,00:30:00,2026-06-29 00:45:55,47.05000000000001,Zone 5,67.8,Zone 5,44.4,Zone 5,64.7,Zone 5,61.4,Zone 5,67.4,Zone 5,65.2,Zone 5,69.3,Zone 5,67.8,Zone 5,70.7,Zone 5
Punjab,Ludhiana,Ludhiyana Amfu,30.7,2026-06-29,00:30:00,99.0,2026-06-28,00:30:00,2026-06-29 00:45:55,62.25,Zone 5,70.9,Zone 5,61.5,Zone 5,68.6,Zone 5,66.2,Zone 5,70.6,Zone 5,69.0,Zone 5,72.7,Zone 6,70.9,Zone 5,75.6,Zone 6
Punjab,Moga,Moga,31.6,2026-06-29,00:30:00,79.0,2026-06-28,00:30:00,2026-06-29 00:45:55,44.85000000000002,Zone 5,67.6,Zone 5,43.6,Zone 5,64.5,Zone 5,61.3,Zone 5,67.3,Zone 5,65.1,Zone 5,69.2,Zone 5,67.6,Zone 5,70.7,Zone 5
Punjab,Mohali,Mohali,33.9,2026-06-29,00:30:00,,,,2026-06-29 00:45:55,,,,,,,,,,,,,,,,,,,,
Punjab,Muktsar,Gidderbaha,23.1,2026-06-29,00:30:00,,,,2026-06-29 00:45:55,,,,,,,,,,,,,,,,,,,,
Punjab,Pathankot,Kvk Pathankot,29.2,2026-06-29,00:30:00,,,,2026-06-29 00:45:55,,,,,,,,,,,,,,,,,,,,
Punjab,Pathankot,Thein Dam,28.6,2026-06-29,00:30:00,91.0,2026-06-28,00:30:00,2026-06-29 00:45:55,35.450000000000045,Zone 4,65.5,Zone 5,35.1,Zone 4,62.0,Zone 5,55.8,Zone 5,65.2,Zone 5,62.5,Zone 5,67.4,Zone 5,65.5,Zone 5,69.1,Zone 5
Punjab,Rupnagar,Bhakra Dam Imdnagal,29.4,2026-06-29,00:30:00,96.0,2026-06-28,00:30:00,2026-06-29 00:45:55,48.35000000000002,Zone 5,68.4,Zone 5,49.8,Zone 5,65.5,Zone 5,62.4,Zone 5,68.1,Zone 5,66.0,Zone 5,69.9,Zone 5,68.4,Zone 5,71.2,Zone 5
Punjab,Rupnagar,Sri Anadpur Sahib Imdjindwadi,35.6,2026-06-29,00:30:00,96.0,2026-06-28,00:30:00,2026-06-29 00:45:55,79.15000000000003,Zone 6,87.5,Zone 6,78.8,Zone 6,83.9,Zone 6,81.7,Zone 6,86.8,Zone 6,84.6,Zone 6,89.7,Zone 6,87.5,Zone 6,92.5,Zone 6
Rajasthan,Ajmer,Central University Kishangarh,30.9,2026-06-29,00:30:00,57.0,2026-06-28,00:30:00,2026-06-29 00:45:55,33.85000000000002,Zone 4,60.8,Zone 5,34.0,Zone 4,48.6,Zone 5,39.9,Zone 4,60.4,Zone 5,50.8,Zone 5,63.4,Zone 5,60.8,Zone 5,65.6,Zone 5
Rajasthan,Bikaner,Lunkarnsar,33.6,2026-06-29,00:30:00,45.0,2026-06-28,00:30:00,2026-06-29 00:45:55,36.35000000000002,Zone 4,60.7,Zone 5,36.1,Zone 4,47.9,Zone 5,41.5,Zone 4,60.3,Zone 5,50.1,Zone 5,63.3,Zone 5,60.7,Zone 5,65.5,Zone 5
Rajasthan,Chittaurgarh,Chittorgarh Kvk,29.4,2026-06-29,00:30:00,,,,2026-06-29 00:45:55,,,,,,,,,,,,,,,,,,,,
Rajasthan,Churu,Churu,30.6,2026-06-29,00:00:00,,,,2026-06-29 00:45:55,,,,,,,,,,,,,,,,,,,,
Rajasthan,Dausa,Khedali,26.9,2026-06-29,00:30:00,100.0,2026-06-28,00:30:00,2026-06-29 00:45:55,32.35000000000002,Zone 4,65.0,Zone 5,32.7,Zone 4,61.3,Zone 5,52.3,Zone 5,64.6,Zone 5,61.8,Zone 5,66.9,Zone 5,65.0,Zone 5,68.7,Zone 5
Rajasthan,Dungarpur,Dungarpur Kvk,28.1,2026-06-29,00:30:00,,,,2026-06-29 00:45:55,,,,,,,,,,,,,,,,,,,,
Rajasthan,Jaipur,Amity University,30.7,2026-06-29,00:30:00,46.0,2026-06-28,00:30:00,2026-06-29 00:45:55,31.850000000000023,Zone 4,51.0,Zone 5,31.6,Zone 4,41.0,Zone 4,36.7,Zone 4,49.5,Zone 5,41.4,Zone 4,60.1,Zone 5,51.0,Zone 5,62.7,Zone 5
Rajasthan,Jhunjhunu,Jhunjhunu(Aws),30.6,2026-06-29,00:30:00,62.0,2026-06-28,00:30:00,2026-06-29 00:45:55,34.150000000000034,Zone 4,61.5,Zone 5,34.0,Zone 4,51.8,Zone 5,40.1,Zone 4,61.1,Zone 5,54.0,Zone 5,63.9,Zone 5,61.5,Zone 5,66.1,Zone 5
Rajasthan,Karauli,Karauli Kvk,31.4,2026-06-29,00:30:00,,,,2026-06-29 00:45:55,,,,,,,,,,,,,,,,,,,,
Rajasthan,Nagaur,Krishi Vishwavidhyalaya,33.6,2026-06-29,00:30:00,41.0,2026-06-28,00:30:00,2026-06-29 00:45:55,35.450000000000045,Zone 4,59.3,Zone 5,35.3,Zone 4,44.7,Zone 4,40.4,Zone 4,58.8,Zone 5,45.2,Zone 4,62.1,Zone 5,59.3,Zone 5,64.5,Zone 5
Rajasthan,Pali,Pali,33.8,2026-06-29,00:30:00,50.0,2026-06-28,00:30:00,2026-06-29 00:45:55,37.950000000000045,Zone 4,63.0,Zone 5,38.4,Zone 4,58.9,Zone 5,44.2,Zone 4,62.6,Zone 5,59.5,Zone 5,65.3,Zone 5,63.0,Zone 5,67.2,Zone 5
Rajasthan,Pratapgarh,Pratapgarh,25.8,2026-06-29,00:30:00,100.0,2026-06-28,00:30:00,2026-06-29 00:45:55,29.650000000000034,Zone 4,63.2,Zone 5,30.1,Zone 4,59.2,Zone 5,42.0,Zone 5,62.8,Zone 5,59.8,Zone 5,65.4,Zone 5,63.2,Zone 5,67.4,Zone 5
Rajasthan,Sirohi,Sirohi Kvk,27.9,2026-06-29,00:30:00,49.0,2026-06-28,00:30:00,2026-06-29 00:45:55,28.350000000000023,Zone 4,42.5,Zone 4,28.5,Zone 4,37.8,Zone 4,33.5,Zone 4,42.2,Zone 4,38.1,Zone 4,55.0,Zone 5,42.5,Zone 4,60.9,Zone 5
Sikkim,Gangtok,Gangtok,19.0,2026-06-29,00:30:00,100.0,2026-06-28,00:30:00,2026-06-29 00:45:55,20.25,Zone 3,35.1,Zone 4,20.3,Zone 3,29.9,Zone 4,25.1,Zone 3,34.8,Zone 4,30.2,Zone 4,45.3,Zone 5,35.1,Zone 4,58.2,Zone 5
Sikkim,Gangtok,Tadong,,,,65.0,2026-06-28,00:30:00,2026-06-29 00:45:55,,,,,,,,,,,,,,,,,,,,
Sikkim,Namchi,Namchi,21.2,2026-06-29,00:30:00,97.0,2026-06-28,00:30:00,2026-06-29 00:45:55,22.75,Zone 3,40.6,Zone 5,22.5,Zone 3,32.6,Zone 4,27.6,Zone 4,39.4,Zone 5,33.0,Zone 4,54.6,Zone 5,40.6,Zone 5,60.8,Zone 5
Sikkim,Soreng,Soreng,19.8,2026-06-29,00:30:00,100.0,2026-06-28,00:30:00,2026-06-29 00:45:55,21.25,Zone 3,36.9,Zone 5,21.5,Zone 3,31.3,Zone 4,26.3,Zone 4,36.3,Zone 4,31.7,Zone 4,50.8,Zone 5,36.9,Zone 5,60.0,Zone 5
Tamil Nadu,Ariyalur,Ariyalur,28.1,2026-06-29,00:30:00,64.0,2026-06-28,00:30:00,2026-06-29 00:45:55,30.05000000000001,Zone 4,56.4,Zone 5,29.9,Zone 4,40.4,Zone 4,35.6,Zone 4,54.9,Zone 5,40.9,Zone 4,61.2,Zone 5,56.4,Zone 5,63.7,Zone 5
Tamil Nadu,Chennai,Anna University,28.8,2026-06-29,00:30:00,87.0,2026-06-28,00:30:00,2026-06-29 00:45:55,35.05000000000001,Zone 4,65.5,Zone 5,35.7,Zone 4,61.9,Zone 5,55.3,Zone 5,65.1,Zone 5,62.4,Zone 5,67.3,Zone 5,65.5,Zone 5,69.0,Zone 5
Tamil Nadu,Chennai,Chennai,29.8,2026-06-29,00:30:00,87.0,2026-06-28,00:30:00,2026-06-29 00:45:55,38.150000000000034,Zone 4,67.2,Zone 5,40.1,Zone 5,63.9,Zone 5,60.5,Zone 5,66.8,Zone 5,64.5,Zone 5,68.8,Zone 5,67.2,Zone 5,70.3,Zone 5
Tamil Nadu,Chennai,Ennore Port,28.8,2026-06-29,00:30:00,76.0,2026-06-28,00:30:00,2026-06-29 00:45:55,32.950000000000045,Zone 4,62.8,Zone 5,33.4,Zone 4,57.9,Zone 5,40.2,Zone 4,62.4,Zone 5,59.3,Zone 5,65.1,Zone 5,62.8,Zone 5,67.1,Zone 5
Tamil Nadu,Chennai,Meenambakkam Isro,27.7,2026-06-29,00:30:00,73.0,2026-06-28,00:30:00,2026-06-29 00:45:55,30.350000000000023,Zone 4,59.7,Zone 5,30.0,Zone 4,43.2,Zone 5,36.1,Zone 4,59.3,Zone 5,45.4,Zone 5,62.4,Zone 5,59.7,Zone 5,64.8,Zone 5
Tamil Nadu,Chennai,Niot Pallikaranai,29.2,2026-06-29,00:30:00,78.0,2026-06-28,00:30:00,2026-06-29 00:45:55,34.25,Zone 4,63.3,Zone 5,33.7,Zone 4,59.3,Zone 5,42.5,Zone 5,62.9,Zone 5,59.8,Zone 5,65.5,Zone 5,63.3,Zone 5,67.4,Zone 5
Tamil Nadu,Coimbatore,Coimbatore Amfu,24.0,2026-06-29,00:30:00,78.0,2026-06-28,00:30:00,2026-06-29 00:45:55,25.05000000000001,Zone 3,44.9,Zone 5,25.0,Zone 3,35.5,Zone 4,30.7,Zone 4,43.4,Zone 5,36.0,Zone 4,58.2,Zone 5,44.9,Zone 5,61.6,Zone 5
Tamil Nadu,Coimbatore,Upasi Tea Research Foundation,19.3,2026-06-29,00:30:00,66.0,2026-06-28,00:30:00,2026-06-29 00:45:55,19.05000000000001,Zone 3,33.2,Zone 4,19.3,Zone 3,28.9,Zone 4,24.7,Zone 3,33.1,Zone 4,29.0,Zone 4,37.1,Zone 4,33.2,Zone 4,43.4,Zone 5
Tamil Nadu,Cuddalore,Neyveli,26.5,2026-06-29,00:30:00,99.0,2026-06-28,00:30:00,2026-06-29 00:45:55,31.150000000000034,Zone 4,63.9,Zone 5,31.2,Zone 4,60.0,Zone 5,45.8,Zone 5,63.5,Zone 5,60.5,Zone 5,66.0,Zone 5,63.9,Zone 5,67.9,Zone 5
Tamil Nadu,Cuddalore,Vridha Chalam,27.7,2026-06-29,00:30:00,73.0,2026-06-28,00:30:00,2026-06-29 00:45:55,30.350000000000023,Zone 4,59.7,Zone 5,30.0,Zone 4,43.2,Zone 5,36.1,Zone 4,59.3,Zone 5,45.4,Zone 5,62.4,Zone 5,59.7,Zone 5,64.8,Zone 5
Tamil Nadu,Dharmapuri,Palacode,24.3,2026-06-29,00:30:00,83.0,2026-06-28,00:30:00,2026-06-29 00:45:55,25.650000000000034,Zone 4,52.2,Zone 5,25.9,Zone 4,37.0,Zone 4,32.0,Zone 4,50.7,Zone 5,37.6,Zone 4,60.3,Zone 5,52.2,Zone 5,62.9,Zone 5
Tamil Nadu,Dindigul,Palani,25.5,2026-06-29,00:30:00,61.0,2026-06-28,00:30:00,2026-06-29 00:45:55,26.150000000000034,Zone 4,40.8,Zone 4,26.1,Zone 4,35.8,Zone 4,31.3,Zone 4,40.4,Zone 4,36.2,Zone 4,53.4,Zone 5,40.8,Zone 4,60.5,Zone 5
Tamil Nadu,Dindigul,Vedasandur,27.6,2026-06-29,00:30:00,55.0,2026-06-28,00:30:00,2026-06-29 00:45:55,28.450000000000045,Zone 4,44.3,Zone 5,28.3,Zone 4,38.0,Zone 4,33.5,Zone 4,43.0,Zone 5,38.4,Zone 4,57.8,Zone 5,44.3,Zone 5,61.5,Zone 5
Tamil Nadu,Erode,Erode Isro,26.7,2026-06-29,00:30:00,72.0,2026-06-28,00:30:00,2026-06-29 00:45:55,28.55000000000001,Zone 4,55.1,Zone 5,28.2,Zone 4,39.0,Zone 4,34.1,Zone 4,53.5,Zone 5,39.6,Zone 4,60.9,Zone 5,55.1,Zone 5,63.5,Zone 5
Tamil Nadu,Kallakurichi,Kallakurichi,33.0,2026-06-29,00:30:00,63.0,2026-06-28,00:30:00,2026-06-29 00:45:55,40.05000000000001,Zone 4,65.6,Zone 5,40.1,Zone 4,62.0,Zone 5,56.0,Zone 5,65.2,Zone 5,62.6,Zone 5,67.5,Zone 5,65.6,Zone 5,69.1,Zone 5
Tamil Nadu,Kallakurichi,Thirukoilur,26.0,2026-06-29,00:30:00,100.0,2026-06-28,00:30:00,2026-06-29 00:45:55,30.150000000000034,Zone 4,63.2,Zone 5,30.1,Zone 4,59.2,Zone 5,42.0,Zone 5,62.8,Zone 5,59.8,Zone 5,65.4,Zone 5,63.2,Zone 5,67.4,Zone 5
Tamil Nadu,Kanchipuram,Acs Medical College,30.0,2026-06-29,00:30:00,76.0,2026-06-28,00:30:00,2026-06-29 00:45:55,35.75,Zone 4,64.4,Zone 5,35.8,Zone 4,60.6,Zone 5,49.0,Zone 5,64.0,Zone 5,61.2,Zone 5,66.4,Zone 5,64.4,Zone 5,68.3,Zone 5
Tamil Nadu,Kanchipuram,Chembarambakkam,29.3,2026-06-29,00:30:00,78.0,2026-06-28,00:30:00,2026-06-29 00:45:55,34.450000000000045,Zone 4,64.1,Zone 5,34.9,Zone 4,60.3,Zone 5,47.2,Zone 5,63.7,Zone 5,60.8,Zone 5,66.2,Zone 5,64.1,Zone 5,68.0,Zone 5
Tamil Nadu,Kanchipuram,Hindustan University,28.5,2026-06-29,00:30:00,83.0,2026-06-28,00:30:00,2026-06-29 00:45:55,33.450000000000045,Zone 4,63.7,Zone 5,33.5,Zone 4,59.7,Zone 5,44.7,Zone 5,63.3,Zone 5,60.3,Zone 5,65.8,Zone 5,63.7,Zone 5,67.7,Zone 5
Tamil Nadu,Kanchipuram,Kanchipuram Isro,28.2,2026-06-29,00:30:00,34.0,2026-06-28,00:30:00,2026-06-29 00:45:55,27.650000000000034,Zone 4,39.9,Zone 4,27.4,Zone 4,35.8,Zone 4,31.9,Zone 4,39.7,Zone 4,36.0,Zone 4,43.4,Zone 4,39.9,Zone 4,54.6,Zone 5
Tamil Nadu,Kanchipuram,Sathyabama  University,28.8,2026-06-29,00:30:00,89.0,2026-06-28,00:30:00,2026-06-29 00:45:55,35.55000000000001,Zone 4,65.9,Zone 5,36.2,Zone 4,62.5,Zone 5,57.9,Zone 5,65.5,Zone 5,63.0,Zone 5,67.8,Zone 5,65.9,Zone 5,69.4,Zone 5
Tamil Nadu,Kanyakumari,Neyyoor,25.0,2026-06-29,00:30:00,,,,2026-06-29 00:45:55,,,,,,,,,,,,,,,,,,,,
Tamil Nadu,Kanyakumari,Thirupathisaram Amfu,26.8,2026-06-29,00:30:00,84.0,2026-06-28,00:30:00,2026-06-29 00:45:55,29.950000000000045,Zone 4,61.5,Zone 5,30.3,Zone 4,51.6,Zone 5,37.1,Zone 4,61.1,Zone 5,53.9,Zone 5,63.9,Zone 5,61.5,Zone 5,66.1,Zone 5
Tamil Nadu,Karur,Kadavur(Taluk Office),28.1,2026-06-29,00:15:00,,,,2026-06-29 00:45:55,,,,,,,,,,,,,,,,,,,,
Tamil Nadu,Krishnagiri,Denkanikottai,21.9,2026-06-29,00:30:00,79.0,2026-06-28,00:30:00,2026-06-29 00:45:55,22.75,Zone 3,37.7,Zone 4,22.9,Zone 3,32.6,Zone 4,27.9,Zone 4,37.4,Zone 4,33.0,Zone 4,48.7,Zone 5,37.7,Zone 4,59.5,Zone 5
Tamil Nadu,Krishnagiri,Hosur,21.9,2026-06-29,00:30:00,92.0,2026-06-28,00:30:00,2026-06-29 00:45:55,23.350000000000023,Zone 3,43.3,Zone 5,23.4,Zone 3,33.7,Zone 4,28.7,Zone 4,41.9,Zone 5,34.2,Zone 4,56.9,Zone 5,43.3,Zone 5,61.3,Zone 5
Tamil Nadu,Krishnagiri,Paiyur Amfu,25.0,2026-06-29,00:30:00,,,,2026-06-29 00:45:55,,,,,,,,,,,,,,,,,,,,
Tamil Nadu,Madurai,Madurai Isro,27.6,2026-06-29,00:30:00,,,,2026-06-29 00:45:55,,,,,,,,,,,,,,,,,,,,
Tamil Nadu,Mayiladuthurai,Mayiladuthurai,28.1,2026-06-29,00:30:00,,,,2026-06-29 00:45:55,,,,,,,,,,,,,,,,,,,,
Tamil Nadu,Nagapattinam,Mo Nagapattinam Campus,27.0,2026-06-29,00:30:00,63.0,2026-06-28,00:30:00,2026-06-29 00:45:55,28.25,Zone 4,49.5,Zone 5,28.3,Zone 4,38.4,Zone 4,33.8,Zone 4,48.0,Zone 5,38.9,Zone 4,59.8,Zone 5,49.5,Zone 5,62.4,Zone 5
Tamil Nadu,Nagapattinam,Vedharanyam,26.6,2026-06-29,00:30:00,89.0,2026-06-28,00:30:00,2026-06-29 00:45:55,30.05000000000001,Zone 4,61.7,Zone 5,29.9,Zone 4,53.0,Zone 5,36.9,Zone 4,61.3,Zone 5,55.3,Zone 5,64.2,Zone 5,61.7,Zone 5,66.3,Zone 5
Tamil Nadu,Nctpl Marg Ecr,New Chennai Township Private L,27.2,2026-06-29,00:30:00,93.0,2026-06-28,00:30:00,2026-06-29 00:45:55,32.05000000000001,Zone 4,63.4,Zone 5,31.5,Zone 4,59.5,Zone 5,43.3,Zone 5,63.0,Zone 5,60.0,Zone 5,65.6,Zone 5,63.4,Zone 5,67.5,Zone 5
Tamil Nadu,Ramanathapuram,Ramnadu Kvk,27.5,2026-06-29,00:30:00,,,,2026-06-29 00:45:55,,,,,,,,,,,,,,,,,,,,
Tamil Nadu,Ranipet,Kalavai,27.2,2026-06-29,00:30:00,75.0,2026-06-28,00:30:00,2026-06-29 00:45:55,29.650000000000034,Zone 4,59.4,Zone 5,29.3,Zone 4,41.9,Zone 5,35.5,Zone 4,59.0,Zone 5,44.0,Zone 5,62.2,Zone 5,59.4,Zone 5,64.6,Zone 5
Tamil Nadu,Ranipet,Ranipet,27.2,2026-06-29,00:30:00,100.0,2026-06-28,00:30:00,2026-06-29 00:45:55,33.25,Zone 4,65.0,Zone 5,32.7,Zone 4,61.3,Zone 5,52.3,Zone 5,64.6,Zone 5,61.8,Zone 5,66.9,Zone 5,65.0,Zone 5,68.7,Zone 5
Tamil Nadu,Salem,Govt Hss Mettur,25.5,2026-06-29,00:30:00,96.0,2026-06-28,00:30:00,2026-06-29 00:45:55,28.650000000000034,Zone 4,61.5,Zone 5,28.6,Zone 4,52.0,Zone 5,35.7,Zone 4,61.1,Zone 5,54.3,Zone 5,64.0,Zone 5,61.5,Zone 5,66.1,Zone 5
Tamil Nadu,Salem,Sandhiyur Kvk,24.8,2026-06-29,00:30:00,80.0,2026-06-28,00:30:00,2026-06-29 00:45:55,26.25,Zone 4,52.9,Zone 5,26.5,Zone 4,37.5,Zone 4,32.5,Zone 4,51.3,Zone 5,38.1,Zone 4,60.5,Zone 5,52.9,Zone 5,63.1,Zone 5
Tamil Nadu,Salem,Vazhapadi,25.4,2026-06-29,00:30:00,,,,2026-06-29 00:45:55,,,,,,,,,,,,,,,,,,,,
Tamil Nadu,Sivaganga,Sethu Bhaskar Agri College Kar,26.5,2026-06-29,00:30:00,98.0,2026-06-28,00:30:00,2026-06-29 00:45:55,31.05000000000001,Zone 4,63.7,Zone 5,31.0,Zone 4,59.7,Zone 5,44.5,Zone 5,63.3,Zone 5,60.3,Zone 5,65.8,Zone 5,63.7,Zone 5,67.7,Zone 5
Tamil Nadu,Tenkasi,Tenkasi,27.2,2026-06-29,00:15:00,,,,2026-06-29 00:45:55,,,,,,,,,,,,,,,,,,,,
Tamil Nadu,Thiruninravur,Jaya Engineering Clg,28.9,2026-06-29,00:30:00,13.0,2026-06-28,00:30:00,2026-06-29 00:45:55,27.05000000000001,Zone 4,37.9,Zone 4,27.1,Zone 4,34.5,Zone 4,31.0,Zone 4,37.8,Zone 4,34.5,Zone 4,41.1,Zone 4,37.9,Zone 4,44.2,Zone 4
Tamil Nadu,Thoothukudi,Sattankulam,28.1,2026-06-29,00:30:00,60.0,2026-06-28,00:30:00,2026-06-29 00:45:55,29.650000000000034,Zone 4,52.4,Zone 5,29.5,Zone 4,39.6,Zone 4,35.0,Zone 4,50.9,Zone 5,40.1,Zone 4,60.4,Zone 5,52.4,Zone 5,63.0,Zone 5
Tamil Nadu,Thoothukudi,Thiruchendur,28.1,2026-06-29,00:30:00,63.0,2026-06-28,00:30:00,2026-06-29 00:45:55,29.950000000000045,Zone 4,55.4,Zone 5,29.8,Zone 4,40.2,Zone 4,35.4,Zone 4,53.9,Zone 5,40.7,Zone 4,61.0,Zone 5,55.4,Zone 5,63.5,Zone 5
Tamil Nadu,Thoothukudi,Tuticorin Airport,29.8,2026-06-29,00:30:00,52.0,2026-06-28,00:30:00,2026-06-29 00:45:55,31.350000000000023,Zone 4,55.2,Zone 5,31.6,Zone 4,41.5,Zone 4,36.9,Zone 4,53.7,Zone 5,41.9,Zone 4,61.0,Zone 5,55.2,Zone 5,63.5,Zone 5
Tamil Nadu,Thoothukudi,Tuticorin Railway Station,28.8,2026-06-29,00:30:00,56.0,2026-06-28,00:30:00,2026-06-29 00:45:55,30.25,Zone 4,54.0,Zone 5,30.6,Zone 4,40.6,Zone 4,36.0,Zone 4,52.4,Zone 5,41.0,Zone 4,60.7,Zone 5,54.0,Zone 5,63.3,Zone 5
Tamil Nadu,Tiruchirappalli,Thuvakudi Isro,28.0,2026-06-29,00:30:00,66.0,2026-06-28,00:30:00,2026-06-29 00:45:55,30.05000000000001,Zone 4,58.2,Zone 5,30.1,Zone 4,40.8,Zone 4,35.9,Zone 4,56.8,Zone 5,41.3,Zone 4,61.6,Zone 5,58.2,Zone 5,64.1,Zone 5
Tamil Nadu,Tirunelveli,Radhapuram,29.3,2026-06-29,00:30:00,61.0,2026-06-28,00:30:00,2026-06-29 00:45:55,31.650000000000034,Zone 4,59.7,Zone 5,32.0,Zone 4,43.3,Zone 5,37.8,Zone 4,59.3,Zone 5,45.5,Zone 5,62.4,Zone 5,59.7,Zone 5,64.8,Zone 5
Tamil Nadu,Tirunelveli,Tirunelveli,29.1,2026-06-29,00:30:00,55.0,2026-06-28,00:30:00,2026-06-29 00:45:55,30.650000000000034,Zone 4,52.9,Zone 5,30.5,Zone 4,40.4,Zone 4,35.8,Zone 4,51.4,Zone 5,40.8,Zone 4,60.5,Zone 5,52.9,Zone 5,63.1,Zone 5
Tamil Nadu,Tirupattur,Tirupattur Collectoroffice,26.7,2026-06-29,00:30:00,,,,2026-06-29 00:45:55,,,,,,,,,,,,,,,,,,,,
Tamil Nadu,Tirupattur,Vaniyambadi,38.0,2026-06-29,00:30:00,75.0,2026-06-28,00:30:00,2026-06-29 00:45:55,74.95000000000005,Zone 6,83.8,Zone 6,75.0,Zone 6,80.2,Zone 6,78.0,Zone 6,83.1,Zone 6,80.9,Zone 6,86.0,Zone 6,83.8,Zone 6,88.8,Zone 6
Tamil Nadu,Tirupattur,Yelagiri Hill,,,,61.0,2026-06-28,00:30:00,2026-06-29 00:45:55,,,,,,,,,,,,,,,,,,,,
Tamil Nadu,Tiruppur,Tiruppur Collector Office,25.4,2026-06-29,00:30:00,83.0,2026-06-28,00:30:00,2026-06-29 00:45:55,27.350000000000023,Zone 4,58.4,Zone 5,27.5,Zone 4,39.4,Zone 5,33.8,Zone 4,56.9,Zone 5,41.3,Zone 5,61.7,Zone 5,58.4,Zone 5,64.1,Zone 5
Tamil Nadu,Tiruvallur,Good Will School Villivakkam,29.5,2026-06-29,00:30:00,70.0,2026-06-28,00:30:00,2026-06-29 00:45:55,33.450000000000045,Zone 4,62.1,Zone 5,33.4,Zone 4,54.6,Zone 5,39.9,Zone 4,61.7,Zone 5,56.8,Zone 5,64.5,Zone 5,62.1,Zone 5,66.5,Zone 5
Tamil Nadu,Tiruvallur,Poonamallee,28.5,2026-06-29,00:30:00,66.0,2026-06-28,00:30:00,2026-06-29 00:45:55,30.950000000000045,Zone 4,59.5,Zone 5,30.9,Zone 4,42.4,Zone 5,36.9,Zone 4,59.1,Zone 5,44.6,Zone 5,62.3,Zone 5,59.5,Zone 5,64.6,Zone 5
Tamil Nadu,Tiruvallur,Puzhal,29.1,2026-06-29,00:30:00,,,,2026-06-29 00:45:55,,,,,,,,,,,,,,,,,,,,
Tamil Nadu,Tiruvallur,R.K.Pet,27.3,2026-06-29,00:30:00,90.0,2026-06-28,00:30:00,2026-06-29 00:45:55,31.75,Zone 4,63.6,Zone 5,32.3,Zone 4,59.7,Zone 5,44.3,Zone 5,63.2,Zone 5,60.2,Zone 5,65.8,Zone 5,63.6,Zone 5,67.7,Zone 5
Tamil Nadu,Tiruvallur,Tirur Kvk,29.1,2026-06-29,00:30:00,,,,2026-06-29 00:45:55,,,,,,,,,,,,,,,,,,,,
Tamil Nadu,Tiruvannamalai,Cheyyar,27.8,2026-06-29,00:30:00,90.0,2026-06-28,00:30:00,2026-06-29 00:45:55,33.05000000000001,Zone 4,64.5,Zone 5,33.5,Zone 4,60.7,Zone 5,49.4,Zone 5,64.1,Zone 5,61.3,Zone 5,66.5,Zone 5,64.5,Zone 5,68.3,Zone 5
Tamil Nadu,Tiruvannamalai,Tiruvannamalai Isro,27.6,2026-06-29,00:30:00,62.0,2026-06-28,00:30:00,2026-06-29 00:45:55,29.05000000000001,Zone 4,51.5,Zone 5,28.9,Zone 4,39.1,Zone 4,34.4,Zone 4,49.9,Zone 5,39.6,Zone 4,60.2,Zone 5,51.5,Zone 5,62.8,Zone 5
Tamil Nadu,Vellore,Virinjipuram Kvk,27.5,2026-06-29,00:30:00,21.0,2026-06-28,00:30:00,2026-06-29 00:45:55,26.25,Zone 4,37.6,Zone 4,26.2,Zone 4,33.9,Zone 4,30.3,Zone 4,37.5,Zone 4,34.0,Zone 4,40.9,Zone 4,37.6,Zone 4,44.1,Zone 4
Tamil Nadu,Viluppuram,Mailam,28.1,2026-06-29,00:30:00,74.0,2026-06-28,00:30:00,2026-06-29 00:45:55,31.25,Zone 4,60.7,Zone 5,31.0,Zone 4,48.1,Zone 5,37.4,Zone 4,60.3,Zone 5,50.4,Zone 5,63.3,Zone 5,60.7,Zone 5,65.5,Zone 5
Tamil Nadu,Virudhunagar,Aruppukottai Kvk,26.6,2026-06-29,00:30:00,83.0,2026-06-28,00:30:00,2026-06-29 00:45:55,29.450000000000045,Zone 4,60.4,Zone 5,29.2,Zone 4,46.6,Zone 5,35.8,Zone 4,60.0,Zone 5,48.9,Zone 5,63.0,Zone 5,60.4,Zone 5,65.3,Zone 5
Telangana,Adilabad,Adilabad Kvk,25.3,2026-06-29,00:15:00,,,,2026-06-29 00:45:55,,,,,,,,,,,,,,,,,,,,
Telangana,Hyderabad,Golkonda,28.0,2026-06-29,00:00:00,,,,2026-06-29 00:45:55,,,,,,,,,,,,,,,,,,,,
Telangana,Kamareddy,Nagireddypet,25.3,2026-06-29,00:30:00,100.0,2026-06-28,00:30:00,2026-06-29 00:45:55,28.55000000000001,Zone 4,62.4,Zone 5,29.0,Zone 4,55.9,Zone 5,37.6,Zone 5,62.0,Zone 5,58.0,Zone 5,64.7,Zone 5,62.4,Zone 5,66.7,Zone 5
Telangana,Karimnagar,Karimnagar,26.1,2026-06-29,00:30:00,90.0,2026-06-28,00:30:00,2026-06-29 00:45:55,29.150000000000034,Zone 4,61.1,Zone 5,29.0,Zone 4,50.0,Zone 5,35.9,Zone 4,60.7,Zone 5,52.3,Zone 5,63.6,Zone 5,61.1,Zone 5,65.8,Zone 5
Telangana,Khammam,Khammam,26.0,2026-06-29,00:30:00,,,,2026-06-29 00:45:55,,,,,,,,,,,,,,,,,,,,
Telangana,Khammam,Wyra Kvk,26.0,2026-06-29,00:30:00,100.0,2026-06-28,00:30:00,2026-06-29 00:45:55,30.150000000000034,Zone 4,63.2,Zone 5,30.1,Zone 4,59.2,Zone 5,42.0,Zone 5,62.8,Zone 5,59.8,Zone 5,65.4,Zone 5,63.2,Zone 5,67.4,Zone 5
Telangana,Mahbubnagar,Mahbubnagar,26.7,2026-06-29,00:30:00,90.0,2026-06-28,00:30:00,2026-06-29 00:45:55,30.450000000000045,Zone 4,62.0,Zone 5,30.0,Zone 4,54.0,Zone 5,37.1,Zone 4,61.6,Zone 5,56.2,Zone 5,64.3,Zone 5,62.0,Zone 5,66.4,Zone 5
Telangana,Medak,Ars Narsapur,22.9,2026-06-29,00:30:00,100.0,2026-06-28,00:30:00,2026-06-29 00:45:55,24.650000000000034,Zone 3,55.8,Zone 5,24.8,Zone 3,36.7,Zone 5,31.0,Zone 4,54.3,Zone 5,38.5,Zone 5,61.1,Zone 5,55.8,Zone 5,63.6,Zone 5
Telangana,Medak,Medak,25.0,2026-06-29,00:30:00,99.0,2026-06-28,00:30:00,2026-06-29 00:45:55,27.850000000000023,Zone 4,61.3,Zone 5,27.9,Zone 4,50.8,Zone 5,35.0,Zone 4,60.9,Zone 5,53.2,Zone 5,63.8,Zone 5,61.3,Zone 5,66.0,Zone 5
Telangana,Medchal Malkajgiri,Cgwb Nagole,27.1,2026-06-29,00:30:00,74.0,2026-06-28,00:30:00,2026-06-29 00:45:55,29.450000000000045,Zone 4,59.2,Zone 5,29.2,Zone 4,40.8,Zone 5,35.3,Zone 4,58.2,Zone 5,42.9,Zone 5,62.0,Zone 5,59.2,Zone 5,64.4,Zone 5
Telangana,Medchal Malkajgiri,Kukatpally Jntu,26.5,2026-06-29,00:30:00,86.0,2026-06-28,00:30:00,2026-06-29 00:45:55,29.55000000000001,Zone 4,61.1,Zone 5,29.6,Zone 4,49.8,Zone 5,36.3,Zone 4,60.7,Zone 5,52.1,Zone 5,63.6,Zone 5,61.1,Zone 5,65.8,Zone 5
Telangana,Medchal Malkajgiri,Uppal,27.2,2026-06-29,00:30:00,77.0,2026-06-28,00:30:00,2026-06-29 00:45:55,29.850000000000023,Zone 4,59.9,Zone 5,29.5,Zone 4,43.9,Zone 5,35.8,Zone 4,59.5,Zone 5,46.2,Zone 5,62.6,Zone 5,59.9,Zone 5,64.9,Zone 5
Telangana,Nirmal ,Bhainsa Arg,25.0,2026-06-29,00:30:00,,,,2026-06-29 00:45:55,,,,,,,,,,,,,,,,,,,,
Telangana,Peddapalli,Ars Peddapally,25.8,2026-06-29,00:30:00,100.0,2026-06-28,00:30:00,2026-06-29 00:45:55,29.650000000000034,Zone 4,63.2,Zone 5,30.1,Zone 4,59.2,Zone 5,42.0,Zone 5,62.8,Zone 5,59.8,Zone 5,65.4,Zone 5,63.2,Zone 5,67.4,Zone 5
Telangana,Peddapalli,Kunaram,27.7,2026-06-29,00:30:00,31.0,2026-06-28,00:30:00,2026-06-29 00:45:55,26.950000000000045,Zone 4,38.9,Zone 4,26.7,Zone 4,34.9,Zone 4,31.1,Zone 4,38.7,Zone 4,35.1,Zone 4,42.3,Zone 4,38.9,Zone 4,50.3,Zone 5
Telangana,Rajanna Sircilla,Sircilla,25.0,2026-06-29,00:30:00,99.0,2026-06-28,00:30:00,2026-06-29 00:45:55,27.850000000000023,Zone 4,61.3,Zone 5,27.9,Zone 4,50.8,Zone 5,35.0,Zone 4,60.9,Zone 5,53.2,Zone 5,63.8,Zone 5,61.3,Zone 5,66.0,Zone 5
Telangana,Ranga Reddy,Cbit Gandipet,26.2,2026-06-29,00:30:00,77.0,2026-06-28,00:30:00,2026-06-29 00:45:55,28.150000000000034,Zone 4,56.5,Zone 5,27.9,Zone 4,39.0,Zone 4,33.9,Zone 4,55.0,Zone 5,39.5,Zone 4,61.2,Zone 5,56.5,Zone 5,63.7,Zone 5
Telangana,Ranga Reddy,Chevella,23.9,2026-06-29,00:30:00,90.0,2026-06-28,00:30:00,2026-06-29 00:45:55,25.450000000000045,Zone 4,54.7,Zone 5,25.6,Zone 4,37.1,Zone 4,31.8,Zone 4,53.2,Zone 5,37.6,Zone 4,60.8,Zone 5,54.7,Zone 5,63.4,Zone 5
Telangana,Ranga Reddy,Daira,26.4,2026-06-29,00:30:00,76.0,2026-06-28,00:30:00,2026-06-29 00:45:55,28.450000000000045,Zone 4,58.5,Zone 5,28.6,Zone 4,39.8,Zone 4,34.7,Zone 4,57.1,Zone 5,41.5,Zone 5,61.7,Zone 5,58.5,Zone 5,64.1,Zone 5
Telangana,Ranga Reddy,Esci Gachibowli,24.7,2026-06-29,00:30:00,86.0,2026-06-28,00:30:00,2026-06-29 00:45:55,26.450000000000045,Zone 4,54.7,Zone 5,26.1,Zone 4,37.5,Zone 4,32.3,Zone 4,53.2,Zone 5,38.0,Zone 4,60.8,Zone 5,54.7,Zone 5,63.4,Zone 5
Telangana,Ranga Reddy,Ghatkesar,25.1,2026-06-29,00:30:00,92.0,2026-06-28,00:30:00,2026-06-29 00:45:55,27.55000000000001,Zone 4,59.9,Zone 5,27.3,Zone 4,44.0,Zone 5,34.0,Zone 4,59.5,Zone 5,46.3,Zone 5,62.6,Zone 5,59.9,Zone 5,64.9,Zone 5
Telangana,Ranga Reddy,Hayathnagar,26.1,2026-06-29,00:30:00,83.0,2026-06-28,00:30:00,2026-06-29 00:45:55,28.55000000000001,Zone 4,59.6,Zone 5,28.3,Zone 4,42.8,Zone 5,34.7,Zone 4,59.2,Zone 5,45.0,Zone 5,62.4,Zone 5,59.6,Zone 5,64.7,Zone 5
Telangana,Ranga Reddy,Ibrahimpatam,23.8,2026-06-29,00:30:00,100.0,2026-06-28,00:30:00,2026-06-29 00:45:55,25.75,Zone 4,59.8,Zone 5,26.1,Zone 4,43.6,Zone 5,32.9,Zone 4,59.4,Zone 5,45.9,Zone 5,62.5,Zone 5,59.8,Zone 5,64.8,Zone 5
Telangana,Ranga Reddy,Serilingampally,26.4,2026-06-29,00:30:00,89.0,2026-06-28,00:30:00,2026-06-29 00:45:55,29.650000000000034,Zone 4,61.7,Zone 5,29.9,Zone 4,53.0,Zone 5,36.9,Zone 4,61.3,Zone 5,55.3,Zone 5,64.2,Zone 5,61.7,Zone 5,66.3,Zone 5
Telangana,Sangareddy,Kandi,25.1,2026-06-29,00:30:00,98.0,2026-06-28,00:30:00,2026-06-29 00:45:55,27.950000000000045,Zone 4,61.1,Zone 5,27.8,Zone 4,49.9,Zone 5,34.9,Zone 4,60.7,Zone 5,52.2,Zone 5,63.6,Zone 5,61.1,Zone 5,65.8,Zone 5
Telangana,Siddipet,Kaveri Siddipet,23.8,2026-06-29,00:30:00,88.0,2026-06-28,00:30:00,2026-06-29 00:45:55,25.150000000000034,Zone 3,53.1,Zone 5,25.5,Zone 4,36.8,Zone 4,31.6,Zone 4,51.6,Zone 5,37.3,Zone 4,60.5,Zone 5,53.1,Zone 5,63.1,Zone 5
Telangana,Vikarabad,Tandur,23.7,2026-06-29,00:30:00,87.0,2026-06-28,00:30:00,2026-06-29 00:45:55,25.05000000000001,Zone 3,49.1,Zone 5,24.8,Zone 3,35.7,Zone 4,30.7,Zone 4,47.5,Zone 5,36.2,Zone 4,59.7,Zone 5,49.1,Zone 5,62.4,Zone 5
Telangana,Wanaparthy,Horticultural University Mojer,27.6,2026-06-29,00:00:00,,,,2026-06-29 00:45:55,,,,,,,,,,,,,,,,,,,,
Telangana,Warangal Rural,Siddhapur,26.3,2026-06-29,00:30:00,100.0,2026-06-28,00:30:00,2026-06-29 00:45:55,30.850000000000023,Zone 4,64.1,Zone 5,31.3,Zone 4,60.2,Zone 5,47.0,Zone 5,63.7,Zone 5,60.8,Zone 5,66.2,Zone 5,64.1,Zone 5,68.0,Zone 5
Tripura,Dhalai,Dholai Kvk,26.9,2026-06-29,00:30:00,93.0,2026-06-28,00:30:00,2026-06-29 00:45:55,31.25,Zone 4,63.4,Zone 5,31.5,Zone 4,59.5,Zone 5,43.3,Zone 5,63.0,Zone 5,60.0,Zone 5,65.6,Zone 5,63.4,Zone 5,67.5,Zone 5
Tripura,Dhalai,Gandachara,26.9,2026-06-29,00:30:00,98.0,2026-06-28,00:30:00,2026-06-29 00:45:55,32.05000000000001,Zone 4,64.5,Zone 5,32.3,Zone 4,60.7,Zone 5,49.7,Zone 5,64.1,Zone 5,61.3,Zone 5,66.5,Zone 5,64.5,Zone 5,68.3,Zone 5
Tripura,Khowai,Khowai,28.2,2026-06-29,00:30:00,93.0,2026-06-28,00:30:00,2026-06-29 00:45:55,34.650000000000034,Zone 4,65.1,Zone 5,34.1,Zone 4,61.5,Zone 5,53.5,Zone 5,64.8,Zone 5,62.1,Zone 5,67.1,Zone 5,65.1,Zone 5,68.8,Zone 5
Tripura,Khowai,Teliamura,27.9,2026-06-29,00:30:00,95.0,2026-06-28,00:30:00,2026-06-29 00:45:55,34.25,Zone 4,65.6,Zone 5,34.5,Zone 4,62.0,Zone 5,56.1,Zone 5,65.2,Zone 5,62.6,Zone 5,67.5,Zone 5,65.6,Zone 5,69.1,Zone 5
Tripura,North Tripura,Ashapara,25.9,2026-06-29,00:30:00,100.0,2026-06-28,00:30:00,2026-06-29 00:45:55,29.850000000000023,Zone 4,63.2,Zone 5,30.1,Zone 4,59.2,Zone 5,42.0,Zone 5,62.8,Zone 5,59.8,Zone 5,65.4,Zone 5,63.2,Zone 5,67.4,Zone 5
Tripura,North Tripura,Eden Laouge,24.0,2026-06-29,00:15:00,,,,2026-06-29 00:45:55,,,,,,,,,,,,,,,,,,,,
Tripura,North Tripura,Kamalpur,27.6,2026-06-29,00:30:00,96.0,2026-06-28,00:30:00,2026-06-29 00:45:55,33.55000000000001,Zone 4,65.0,Zone 5,33.3,Zone 4,61.3,Zone 5,52.3,Zone 5,64.6,Zone 5,61.8,Zone 5,66.9,Zone 5,65.0,Zone 5,68.7,Zone 5
Tripura,Sipahijala,Cti,27.7,2026-06-29,00:30:00,,,,2026-06-29 00:45:55,,,,,,,,,,,,,,,,,,,,
Tripura,Sipahijala,Sipahijala,26.9,2026-06-29,00:30:00,88.0,2026-06-28,00:30:00,2026-06-29 00:45:55,30.650000000000034,Zone 4,62.4,Zone 5,30.8,Zone 4,55.8,Zone 5,37.9,Zone 4,61.9,Zone 5,58.0,Zone 5,64.7,Zone 5,62.4,Zone 5,66.7,Zone 5
Tripura,Sipahijala,Sonamura,27.6,2026-06-29,00:30:00,100.0,2026-06-28,00:30:00,2026-06-29 00:45:55,34.450000000000045,Zone 4,65.8,Zone 5,34.1,Zone 4,62.3,Zone 5,57.3,Zone 5,65.4,Zone 5,62.9,Zone 5,67.7,Zone 5,65.8,Zone 5,69.3,Zone 5
Tripura,South Tripura,Gokulpur,27.8,2026-06-29,00:30:00,,,,2026-06-29 00:45:55,,,,,,,,,,,,,,,,,,,,
Tripura,South Tripura,Sabroom,26.5,2026-06-29,00:30:00,47.0,2026-06-28,00:30:00,2026-06-29 00:45:55,26.55000000000001,Zone 4,40.0,Zone 4,26.5,Zone 4,35.5,Zone 4,31.4,Zone 4,39.7,Zone 4,35.8,Zone 4,46.4,Zone 5,40.0,Zone 4,59.0,Zone 5
Tripura,Unakoti,Kailashahar,27.2,2026-06-29,00:30:00,97.0,2026-06-28,00:30:00,2026-06-29 00:45:55,32.650000000000034,Zone 4,64.3,Zone 5,32.1,Zone 4,60.5,Zone 5,48.4,Zone 5,63.9,Zone 5,61.1,Zone 5,66.4,Zone 5,64.3,Zone 5,68.2,Zone 5
Tripura,West Tripura,Agartala Airport,28.0,2026-06-29,00:30:00,95.0,2026-06-28,00:30:00,2026-06-29 00:45:55,34.55000000000001,Zone 4,65.6,Zone 5,34.5,Zone 4,62.0,Zone 5,56.1,Zone 5,65.2,Zone 5,62.6,Zone 5,67.5,Zone 5,65.6,Zone 5,69.1,Zone 5
Tripura,West Tripura,A D Nagar Amfu,28.5,2026-06-29,00:30:00,,,,2026-06-29 00:45:55,,,,,,,,,,,,,,,,,,,,
Tripura,West Tripura,Dm Office West Agartala,27.9,2026-06-29,00:30:00,,,,2026-06-29 00:45:55,,,,,,,,,,,,,,,,,,,,
Tripura,West Tripura,Hrc Nagicherra,27.4,2026-06-29,00:30:00,,,,2026-06-29 00:45:55,,,,,,,,,,,,,,,,,,,,
Tripura,West Tripura,Khumluwang,27.2,2026-06-29,00:30:00,,,,2026-06-29 00:45:55,,,,,,,,,,,,,,,,,,,,
Tripura,West Tripura,Met Agartala,27.5,2026-06-29,00:30:00,94.0,2026-06-28,00:30:00,2026-06-29 00:45:55,32.950000000000045,Zone 4,64.5,Zone 5,32.9,Zone 4,60.7,Zone 5,49.7,Zone 5,64.1,Zone 5,61.3,Zone 5,66.5,Zone 5,64.5,Zone 5,68.3,Zone 5
Tripura,West Tripura,Secretariat,28.6,2026-06-29,00:30:00,,,,2026-06-29 00:45:55,,,,,,,,,,,,,,,,,,,,
Uttarakhand,Almora,Chaubatia Ranikhet,19.6,2026-06-29,00:30:00,100.0,2026-06-28,00:30:00,2026-06-29 00:45:55,21.05000000000001,Zone 3,35.9,Zone 4,20.9,Zone 3,30.6,Zone 4,25.7,Zone 4,35.5,Zone 4,30.9,Zone 4,48.0,Zone 5,35.9,Zone 4,59.4,Zone 5
Uttarakhand,Almora,Matela Kvk,23.1,2026-06-29,00:30:00,100.0,2026-06-28,00:30:00,2026-06-29 00:45:55,24.850000000000023,Zone 3,55.8,Zone 5,24.8,Zone 3,36.7,Zone 5,31.0,Zone 4,54.3,Zone 5,38.5,Zone 5,61.1,Zone 5,55.8,Zone 5,63.6,Zone 5
Uttarakhand,Chamoli,Chamoli,21.5,2026-06-29,00:30:00,91.0,2026-06-28,00:30:00,2026-06-29 00:45:55,22.850000000000023,Zone 3,39.7,Zone 5,22.8,Zone 3,32.9,Zone 4,27.9,Zone 4,38.5,Zone 5,33.3,Zone 4,53.7,Zone 5,39.7,Zone 5,60.6,Zone 5
Uttarakhand,Chamoli,Tharali,,,,21.0,2026-06-28,00:30:00,2026-06-29 00:45:55,,,,,,,,,,,,,,,,,,,,
Uttarakhand,Champawat,Champawat,21.2,2026-06-29,00:30:00,,,,2026-06-29 00:45:55,,,,,,,,,,,,,,,,,,,,
Uttarakhand,Dehradun,Dehradun,,,,75.0,2026-06-28,00:30:00,2026-06-29 00:45:55,,,,,,,,,,,,,,,,,,,,
Uttarakhand,Dehradun,Hatibharkala,25.8,2026-06-29,00:30:00,97.0,2026-06-28,00:30:00,2026-06-29 00:45:55,29.350000000000023,Zone 4,62.6,Zone 5,29.8,Zone 4,57.0,Zone 5,38.8,Zone 5,62.2,Zone 5,59.0,Zone 5,64.9,Zone 5,62.6,Zone 5,66.9,Zone 5
Uttarakhand,Dehradun,Jollygrant,29.4,2026-06-29,00:30:00,63.0,2026-06-28,00:30:00,2026-06-29 00:45:55,32.150000000000034,Zone 4,60.3,Zone 5,32.3,Zone 4,45.8,Zone 5,38.2,Zone 4,59.9,Zone 5,48.1,Zone 5,62.9,Zone 5,60.3,Zone 5,65.2,Zone 5
Uttarakhand,Dehradun,Maldevta,24.6,2026-06-29,00:30:00,100.0,2026-06-28,00:30:00,2026-06-29 00:45:55,27.25,Zone 4,60.7,Zone 5,27.0,Zone 4,47.6,Zone 5,34.0,Zone 4,60.2,Zone 5,50.0,Zone 5,63.2,Zone 5,60.7,Zone 5,65.5,Zone 5
Uttarakhand,Dehradun,Massouri,20.7,2026-06-29,00:30:00,,,,2026-06-29 00:45:55,,,,,,,,,,,,,,,,,,,,
Uttarakhand,Dehradun,Mohakampur,27.8,2026-06-29,00:30:00,67.0,2026-06-28,00:30:00,2026-06-29 00:45:55,29.850000000000023,Zone 4,59.0,Zone 5,30.2,Zone 4,41.0,Zone 4,36.1,Zone 4,57.7,Zone 5,42.2,Zone 5,61.8,Zone 5,59.0,Zone 5,64.3,Zone 5
Uttarakhand,Dehradun,Rishikesh,,,,64.0,2026-06-28,00:30:00,2026-06-29 00:45:55,,,,,,,,,,,,,,,,,,,,
Uttarakhand,Haridwar,Roorkee Amfu,30.9,2026-06-29,00:30:00,86.0,2026-06-28,00:30:00,2026-06-29 00:45:55,49.85000000000002,Zone 5,68.6,Zone 5,51.2,Zone 5,65.7,Zone 5,62.7,Zone 5,68.3,Zone 5,66.2,Zone 5,70.0,Zone 5,68.6,Zone 5,71.4,Zone 5
Uttarakhand,Nainital,Mukteshwar,26.9,2026-06-29,00:30:00,,,,2026-06-29 00:45:55,,,,,,,,,,,,,,,,,,,,
Uttarakhand,Nainital,Nainital(Jeolikot) Kvk,23.4,2026-06-29,00:30:00,99.0,2026-06-28,00:30:00,2026-06-29 00:45:55,25.150000000000034,Zone 3,58.2,Zone 5,25.2,Zone 3,39.2,Zone 5,31.8,Zone 4,56.7,Zone 5,41.2,Zone 5,61.6,Zone 5,58.2,Zone 5,64.1,Zone 5
Uttarakhand,Nainital,Th Kosiyakutoli,25.7,2026-06-29,00:30:00,89.0,2026-06-28,00:30:00,2026-06-29 00:45:55,28.350000000000023,Zone 4,60.1,Zone 5,28.0,Zone 4,45.0,Zone 5,34.6,Zone 4,59.7,Zone 5,47.3,Zone 5,62.8,Zone 5,60.1,Zone 5,65.1,Zone 5
Uttarakhand,Pauri Garhwal,Srinagar Arg,,,,73.0,2026-06-28,00:30:00,2026-06-29 00:45:55,,,,,,,,,,,,,,,,,,,,
Uttarakhand,Rudraprayag,Rudra Prayag,28.4,2026-06-29,00:30:00,75.0,2026-06-28,00:30:00,2026-06-29 00:45:55,31.950000000000045,Zone 4,61.8,Zone 5,32.1,Zone 4,53.1,Zone 5,38.7,Zone 4,61.4,Zone 5,55.4,Zone 5,64.2,Zone 5,61.8,Zone 5,66.3,Zone 5
Uttarakhand,Tehri Garhwal,Devprayag,24.2,2026-06-29,00:30:00,88.0,2026-06-28,00:30:00,2026-06-29 00:45:55,25.75,Zone 4,53.1,Zone 5,25.5,Zone 4,36.8,Zone 4,31.6,Zone 4,51.6,Zone 5,37.3,Zone 4,60.5,Zone 5,53.1,Zone 5,63.1,Zone 5
Uttarakhand,Tehri Garhwal,Rani Chawri,,,,97.0,2026-06-28,00:30:00,2026-06-29 00:45:55,,,,,,,,,,,,,,,,,,,,
Uttarakhand,Udham Singh Nagar,Kashipur Aws400,29.4,2026-06-29,00:30:00,88.0,2026-06-28,00:30:00,2026-06-29 00:45:55,37.150000000000034,Zone 4,66.5,Zone 5,37.5,Zone 4,63.2,Zone 5,59.6,Zone 5,66.2,Zone 5,63.7,Zone 5,68.3,Zone 5,66.5,Zone 5,69.8,Zone 5
Uttarakhand,Uttarkashi,Purola,21.5,2026-06-29,00:30:00,14.0,2026-06-28,00:30:00,2026-06-29 00:45:55,18.55000000000001,Zone 3,31.9,Zone 4,18.6,Zone 3,28.6,Zone 4,24.9,Zone 3,32.0,Zone 4,28.5,Zone 4,35.2,Zone 4,31.9,Zone 4,38.2,Zone 4
Uttar Pradesh,Agra,Hydrogen Factory Bindukatra,33.1,2026-06-29,00:30:00,69.0,2026-06-28,00:30:00,2026-06-29 00:45:55,42.75,Zone 4,67.3,Zone 5,42.4,Zone 4,64.2,Zone 5,60.8,Zone 5,67.0,Zone 5,64.7,Zone 5,69.0,Zone 5,67.3,Zone 5,70.4,Zone 5
Uttar Pradesh,Aligarh,Quarsi Farms Quarsi,37.2,2026-06-29,00:30:00,73.0,2026-06-28,00:30:00,2026-06-29 00:45:55,70.75,Zone 5,78.9,Zone 6,70.1,Zone 5,75.3,Zone 6,73.0,Zone 6,78.2,Zone 6,76.0,Zone 6,81.1,Zone 6,78.9,Zone 6,84.0,Zone 6
Uttar Pradesh,Amethi,Tala Gram 400Aws,30.3,2026-06-29,00:30:00,88.0,2026-06-28,00:30:00,2026-06-29 00:45:55,45.650000000000034,Zone 5,68.3,Zone 5,48.3,Zone 5,65.3,Zone 5,62.2,Zone 5,67.9,Zone 5,65.8,Zone 5,69.7,Zone 5,68.3,Zone 5,71.1,Zone 5
Uttar Pradesh,Amroha,Amroha 400Aws,31.3,2026-06-29,00:30:00,79.0,2026-06-28,00:30:00,2026-06-29 00:45:55,41.150000000000034,Zone 5,67.6,Zone 5,43.6,Zone 5,64.5,Zone 5,61.3,Zone 5,67.3,Zone 5,65.1,Zone 5,69.2,Zone 5,67.6,Zone 5,70.7,Zone 5
Uttar Pradesh,Ayodhya,Ayodhya 400Aws,29.8,2026-06-29,00:30:00,93.0,2026-06-28,00:30:00,2026-06-29 00:45:55,48.35000000000002,Zone 5,68.6,Zone 5,51.1,Zone 5,65.7,Zone 5,62.7,Zone 5,68.2,Zone 5,66.2,Zone 5,70.0,Zone 5,68.6,Zone 5,71.4,Zone 5
Uttar Pradesh,Azamgarh,Azamgarh Kvk,30.9,2026-06-29,00:30:00,17.0,2026-06-28,00:30:00,2026-06-29 00:45:55,29.150000000000034,Zone 4,40.3,Zone 4,29.2,Zone 4,36.7,Zone 4,33.1,Zone 4,40.2,Zone 4,36.8,Zone 4,43.5,Zone 4,40.3,Zone 4,48.4,Zone 5
Uttar Pradesh,Bahraich,Bharaich Amfu,,,,87.0,2026-06-28,00:30:00,2026-06-29 00:45:55,,,,,,,,,,,,,,,,,,,,
Uttar Pradesh,Ballia,Ballia  400Aws,30.9,2026-06-29,00:30:00,92.0,2026-06-28,00:30:00,2026-06-29 00:45:55,59.55000000000001,Zone 5,70.1,Zone 5,59.9,Zone 5,67.6,Zone 5,64.9,Zone 5,69.8,Zone 5,68.0,Zone 5,71.3,Zone 5,70.1,Zone 5,74.0,Zone 6
Uttar Pradesh,Banda,Banda 400Aws,31.8,2026-06-29,00:30:00,67.0,2026-06-28,00:30:00,2026-06-29 00:45:55,38.150000000000034,Zone 4,65.2,Zone 5,38.6,Zone 4,61.6,Zone 5,53.7,Zone 5,64.8,Zone 5,62.1,Zone 5,67.1,Zone 5,65.2,Zone 5,68.8,Zone 5
Uttar Pradesh,Barabanki,Barabanki 400Aws,30.7,2026-06-29,00:30:00,92.0,2026-06-28,00:30:00,2026-06-29 00:45:55,58.55000000000001,Zone 5,69.2,Zone 5,56.0,Zone 5,66.5,Zone 5,63.6,Zone 5,68.9,Zone 5,67.0,Zone 5,70.6,Zone 5,69.2,Zone 5,72.3,Zone 6
Uttar Pradesh,Bareilly,Bareilly Bilwa 400Aws,31.5,2026-06-29,00:30:00,73.0,2026-06-28,00:30:00,2026-06-29 00:45:55,39.150000000000034,Zone 4,66.0,Zone 5,39.1,Zone 4,62.6,Zone 5,58.5,Zone 5,65.7,Zone 5,63.1,Zone 5,67.8,Zone 5,66.0,Zone 5,69.5,Zone 5
Uttar Pradesh,Bijnor,Prithvipur 400Aws,29.9,2026-06-29,00:30:00,,,,2026-06-29 00:45:55,,,,,,,,,,,,,,,,,,,,
Uttar Pradesh,Bulandshahar,Bulandshahar Kvk,32.1,2026-06-29,00:30:00,47.0,2026-06-28,00:30:00,2026-06-29 00:45:55,34.150000000000034,Zone 4,59.3,Zone 5,34.0,Zone 4,43.8,Zone 4,39.3,Zone 4,58.6,Zone 5,44.3,Zone 4,62.1,Zone 5,59.3,Zone 5,64.5,Zone 5
Uttar Pradesh,Etawah,Bbrau Agriculture College,35.1,2026-06-29,00:30:00,51.0,2026-06-28,00:30:00,2026-06-29 00:45:55,41.150000000000034,Zone 4,64.8,Zone 5,40.9,Zone 4,61.1,Zone 5,51.4,Zone 5,64.4,Zone 5,61.6,Zone 5,66.8,Zone 5,64.8,Zone 5,68.6,Zone 5
Uttar Pradesh,Farrukhabad,Farrukhabad 400Aws,30.9,2026-06-29,00:30:00,27.0,2026-06-28,00:30:00,2026-06-29 00:45:55,30.05000000000001,Zone 4,42.2,Zone 4,30.1,Zone 4,38.1,Zone 4,34.4,Zone 4,41.9,Zone 4,38.4,Zone 4,45.6,Zone 4,42.2,Zone 4,58.2,Zone 5
Uttar Pradesh,Fatehpur,Fatehpur Kvk,31.5,2026-06-29,00:30:00,,,,2026-06-29 00:45:55,,,,,,,,,,,,,,,,,,,,
Uttar Pradesh,Firozabad,Firozabad 400Aws,33.1,2026-06-29,00:30:00,45.0,2026-06-28,00:30:00,2026-06-29 00:45:55,35.450000000000045,Zone 4,60.0,Zone 5,35.3,Zone 4,45.0,Zone 4,40.6,Zone 4,59.6,Zone 5,46.8,Zone 5,62.7,Zone 5,60.0,Zone 5,65.0,Zone 5
Uttar Pradesh,Gautam Buddha Nagar,Kvk Chholas 400Aws,31.0,2026-06-29,00:30:00,68.0,2026-06-28,00:30:00,2026-06-29 00:45:55,36.35000000000002,Zone 4,63.9,Zone 5,36.4,Zone 4,60.0,Zone 5,45.9,Zone 5,63.5,Zone 5,60.6,Zone 5,66.0,Zone 5,63.9,Zone 5,67.9,Zone 5
Uttar Pradesh,Ghaziabad,Kv2 Airforce Hindon,30.3,2026-06-29,00:30:00,66.0,2026-06-28,00:30:00,2026-06-29 00:45:55,34.35000000000002,Zone 4,62.6,Zone 5,34.8,Zone 4,56.9,Zone 5,41.2,Zone 4,62.2,Zone 5,58.9,Zone 5,64.9,Zone 5,62.6,Zone 5,66.9,Zone 5
Uttar Pradesh,Ghaziabad,Kv Kamala Nehru Nagar,31.2,2026-06-29,00:30:00,66.0,2026-06-28,00:30:00,2026-06-29 00:45:55,36.35000000000002,Zone 4,63.3,Zone 5,35.9,Zone 4,59.3,Zone 5,42.7,Zone 5,63.0,Zone 5,59.9,Zone 5,65.5,Zone 5,63.3,Zone 5,67.5,Zone 5
Uttar Pradesh,Gorakhpur,Met Office Singhariya,29.9,2026-06-29,00:30:00,83.0,2026-06-28,00:30:00,2026-06-29 00:45:55,37.35000000000002,Zone 4,66.2,Zone 5,37.6,Zone 4,62.7,Zone 5,59.1,Zone 5,65.8,Zone 5,63.3,Zone 5,68.0,Zone 5,66.2,Zone 5,69.6,Zone 5
Uttar Pradesh,Hamirpur,Hamirpur 400Aws,33.2,2026-06-29,00:30:00,51.0,2026-06-28,00:30:00,2026-06-29 00:45:55,36.950000000000045,Zone 4,61.9,Zone 5,36.6,Zone 4,53.9,Zone 5,42.3,Zone 4,61.5,Zone 5,56.0,Zone 5,64.3,Zone 5,61.9,Zone 5,66.4,Zone 5
Uttar Pradesh,Hapur,Hapur 400Aws,30.1,2026-06-29,00:30:00,92.0,2026-06-28,00:30:00,2026-06-29 00:45:55,50.55000000000001,Zone 5,68.4,Zone 5,49.2,Zone 5,65.4,Zone 5,62.3,Zone 5,68.0,Zone 5,65.9,Zone 5,69.8,Zone 5,68.4,Zone 5,71.2,Zone 5
Uttar Pradesh,Hardoi,Hardoi 400Aws,28.3,2026-06-29,00:30:00,87.0,2026-06-28,00:30:00,2026-06-29 00:45:55,33.75,Zone 4,64.6,Zone 5,34.3,Zone 4,60.9,Zone 5,50.3,Zone 5,64.2,Zone 5,61.4,Zone 5,66.6,Zone 5,64.6,Zone 5,68.4,Zone 5
Uttar Pradesh,Jhansi,Bhundelkhand University,28.1,2026-06-29,00:30:00,,,,2026-06-29 00:45:55,,,,,,,,,,,,,,,,,,,,
Uttar Pradesh,Kashganj,Kashganj 400Aws,31.6,2026-06-29,00:30:00,57.0,2026-06-28,00:30:00,2026-06-29 00:45:55,35.150000000000034,Zone 4,61.6,Zone 5,35.0,Zone 4,52.1,Zone 5,40.9,Zone 4,61.2,Zone 5,54.4,Zone 5,64.0,Zone 5,61.6,Zone 5,66.2,Zone 5
Uttar Pradesh,Kushinagar,Kushinagar Kvk,28.8,2026-06-29,00:30:00,100.0,2026-06-28,00:30:00,2026-06-29 00:45:55,47.150000000000034,Zone 5,68.5,Zone 5,50.0,Zone 5,65.5,Zone 5,62.5,Zone 5,68.1,Zone 5,66.1,Zone 5,69.9,Zone 5,68.5,Zone 5,71.3,Zone 5
Uttar Pradesh,Lakhimpur Kheri,Lakhimpur Kheri 400Aws,30.4,2026-06-29,00:30:00,68.0,2026-06-28,00:30:00,2026-06-29 00:45:55,34.950000000000045,Zone 4,63.1,Zone 5,35.2,Zone 4,59.1,Zone 5,41.8,Zone 4,62.7,Zone 5,59.6,Zone 5,65.3,Zone 5,63.1,Zone 5,67.3,Zone 5
Uttar Pradesh,Lucknow,Integral University,33.6,2026-06-29,00:30:00,,,,2026-06-29 00:45:55,,,,,,,,,,,,,,,,,,,,
Uttar Pradesh,Lucknow,Lucknow Lab,33.3,2026-06-29,00:30:00,59.0,2026-06-28,00:30:00,2026-06-29 00:45:55,39.55000000000001,Zone 4,65.1,Zone 5,40.0,Zone 4,61.5,Zone 5,53.4,Zone 5,64.8,Zone 5,62.1,Zone 5,67.1,Zone 5,65.1,Zone 5,68.8,Zone 5
Uttar Pradesh,Lucknow,Meteorological Centre Amausi,33.2,2026-06-29,00:30:00,60.0,2026-06-28,00:30:00,2026-06-29 00:45:55,39.55000000000001,Zone 4,64.7,Zone 5,39.1,Zone 4,61.0,Zone 5,50.7,Zone 5,64.3,Zone 5,61.5,Zone 5,66.7,Zone 5,64.7,Zone 5,68.5,Zone 5
Uttar Pradesh,Mainpuri,Mainpuri Kvk,30.8,2026-06-29,00:30:00,62.0,2026-06-28,00:30:00,2026-06-29 00:45:55,34.55000000000001,Zone 4,62.2,Zone 5,35.0,Zone 4,55.4,Zone 5,41.2,Zone 4,61.8,Zone 5,57.5,Zone 5,64.6,Zone 5,62.2,Zone 5,66.7,Zone 5
Uttar Pradesh,Mathura,Collectorate Office,33.5,2026-06-29,00:30:00,67.0,2026-06-28,00:30:00,2026-06-29 00:45:55,43.25,Zone 4,67.6,Zone 5,43.2,Zone 4,64.4,Zone 5,61.1,Zone 5,67.2,Zone 5,65.0,Zone 5,69.1,Zone 5,67.6,Zone 5,70.6,Zone 5
Uttar Pradesh,Mathura,Mathura 400Aws,30.4,2026-06-29,00:30:00,66.0,2026-06-28,00:30:00,2026-06-29 00:45:55,34.55000000000001,Zone 4,62.6,Zone 5,34.8,Zone 4,56.9,Zone 5,41.2,Zone 4,62.2,Zone 5,58.9,Zone 5,64.9,Zone 5,62.6,Zone 5,66.9,Zone 5
Uttar Pradesh,Meerut,Ccsu Campus,33.2,2026-06-29,00:30:00,86.0,2026-06-28,00:30:00,2026-06-29 00:45:55,64.45000000000005,Zone 5,72.6,Zone 6,63.8,Zone 5,70.0,Zone 5,67.9,Zone 5,72.0,Zone 6,70.4,Zone 5,74.9,Zone 6,72.6,Zone 6,77.8,Zone 6
Uttar Pradesh,Mirzapur,Dagmapur 400Aws,29.0,2026-06-29,00:30:00,92.0,2026-06-28,00:30:00,2026-06-29 00:45:55,36.950000000000045,Zone 4,66.6,Zone 5,37.0,Zone 4,63.3,Zone 5,59.7,Zone 5,66.3,Zone 5,63.9,Zone 5,68.4,Zone 5,66.6,Zone 5,69.9,Zone 5
Uttar Pradesh,Moradabad,Ucheti 400Aws,30.5,2026-06-29,00:30:00,70.0,2026-06-28,00:30:00,2026-06-29 00:45:55,35.650000000000034,Zone 4,63.6,Zone 5,35.6,Zone 4,59.7,Zone 5,44.4,Zone 5,63.3,Zone 5,60.3,Zone 5,65.8,Zone 5,63.6,Zone 5,67.7,Zone 5
Uttar Pradesh,Muzaffarnagar,Sohanjani Tajan 400Aws,30.6,2026-06-29,00:30:00,90.0,2026-06-28,00:30:00,2026-06-29 00:45:55,53.650000000000034,Zone 5,68.7,Zone 5,52.3,Zone 5,65.9,Zone 5,62.9,Zone 5,68.4,Zone 5,66.4,Zone 5,70.2,Zone 5,68.7,Zone 5,71.5,Zone 5
Uttar Pradesh,Pratapgarh,Pratapgarh 400Aws,32.9,2026-06-29,00:30:00,53.0,2026-06-28,00:30:00,2026-06-29 00:45:55,36.85000000000002,Zone 4,62.5,Zone 5,37.1,Zone 4,56.8,Zone 5,43.0,Zone 4,62.1,Zone 5,58.8,Zone 5,64.9,Zone 5,62.5,Zone 5,66.9,Zone 5
Uttar Pradesh,Raebareli,Airport Fursatganj,30.8,2026-06-29,00:30:00,100.0,2026-06-28,00:30:00,2026-06-29 00:45:55,63.05000000000001,Zone 5,72.6,Zone 6,63.8,Zone 5,70.0,Zone 5,67.9,Zone 5,72.0,Zone 6,70.4,Zone 5,74.9,Zone 6,72.6,Zone 6,77.8,Zone 6
Uttar Pradesh,Saharanpur,Saharanpur 400Aws,30.5,2026-06-29,00:30:00,78.0,2026-06-28,00:30:00,2026-06-29 00:45:55,37.650000000000034,Zone 4,65.7,Zone 5,37.7,Zone 4,62.2,Zone 5,56.9,Zone 5,65.4,Zone 5,62.8,Zone 5,67.6,Zone 5,65.7,Zone 5,69.2,Zone 5
Uttar Pradesh,Sambhal,Sambhal Paltha 400Aws,29.7,2026-06-29,00:30:00,61.0,2026-06-28,00:30:00,2026-06-29 00:45:55,32.35000000000002,Zone 4,59.7,Zone 5,32.0,Zone 4,43.3,Zone 5,37.8,Zone 4,59.3,Zone 5,45.5,Zone 5,62.4,Zone 5,59.7,Zone 5,64.8,Zone 5
Uttar Pradesh,Shahjahanpur,Shahjahanpur 400Aws,30.9,2026-06-29,00:30:00,58.0,2026-06-28,00:30:00,2026-06-29 00:45:55,34.05000000000001,Zone 4,61.1,Zone 5,34.2,Zone 4,49.9,Zone 5,40.1,Zone 4,60.7,Zone 5,52.2,Zone 5,63.6,Zone 5,61.1,Zone 5,65.8,Zone 5
Uttar Pradesh,Shamli,Shamli 400Aws,30.0,2026-06-29,00:30:00,70.0,2026-06-28,00:30:00,2026-06-29 00:45:55,34.450000000000045,Zone 4,62.9,Zone 5,34.5,Zone 4,58.1,Zone 5,41.1,Zone 4,62.5,Zone 5,59.3,Zone 5,65.1,Zone 5,62.9,Zone 5,67.1,Zone 5
Uttar Pradesh,Sitapur,Ramkot 400Aws,30.7,2026-06-29,00:30:00,,,,2026-06-29 00:45:55,,,,,,,,,,,,,,,,,,,,
Uttar Pradesh,Sultanpur,Krishi Vigyan Kendra Barasin,29.9,2026-06-29,00:30:00,75.0,2026-06-28,00:30:00,2026-06-29 00:45:55,35.25,Zone 4,64.2,Zone 5,35.5,Zone 4,60.3,Zone 5,47.5,Zone 5,63.8,Zone 5,60.9,Zone 5,66.2,Zone 5,64.2,Zone 5,68.1,Zone 5
West Bengal,Alipurduar,Jayanti,25.4,2026-06-29,00:30:00,100.0,2026-06-28,00:30:00,2026-06-29 00:45:55,28.75,Zone 4,62.4,Zone 5,29.0,Zone 4,55.9,Zone 5,37.6,Zone 5,62.0,Zone 5,58.0,Zone 5,64.7,Zone 5,62.4,Zone 5,66.7,Zone 5
West Bengal,Cooch Behar,Dinhata Aws400,27.5,2026-06-29,00:30:00,100.0,2026-06-28,00:30:00,2026-06-29 00:45:55,34.150000000000034,Zone 4,65.8,Zone 5,34.1,Zone 4,62.3,Zone 5,57.3,Zone 5,65.4,Zone 5,62.9,Zone 5,67.7,Zone 5,65.8,Zone 5,69.3,Zone 5
West Bengal,Cooch Behar,Pundibari Amfu,26.9,2026-06-29,00:30:00,,,,2026-06-29 00:45:55,,,,,,,,,,,,,,,,,,,,
West Bengal,Darjeeling,Darjeeling Mo,18.1,2026-06-29,00:30:00,100.0,2026-06-28,00:30:00,2026-06-29 00:45:55,19.150000000000034,Zone 3,33.6,Zone 4,19.1,Zone 3,28.6,Zone 4,24.4,Zone 3,33.3,Zone 4,28.9,Zone 4,40.2,Zone 5,33.6,Zone 4,53.7,Zone 5
West Bengal,Darjeeling,Kharibari,27.2,2026-06-29,00:30:00,98.0,2026-06-28,00:30:00,2026-06-29 00:45:55,32.85000000000002,Zone 4,64.5,Zone 5,32.3,Zone 4,60.7,Zone 5,49.7,Zone 5,64.1,Zone 5,61.3,Zone 5,66.5,Zone 5,64.5,Zone 5,68.3,Zone 5
West Bengal,Howrah,Kvk Howrah Jagatballavapur,28.0,2026-06-29,00:30:00,97.0,2026-06-28,00:30:00,2026-06-29 00:45:55,35.05000000000001,Zone 4,66.0,Zone 5,35.0,Zone 4,62.6,Zone 5,58.5,Zone 5,65.7,Zone 5,63.1,Zone 5,67.8,Zone 5,66.0,Zone 5,69.5,Zone 5
West Bengal,Howrah,Uluberia,29.6,2026-06-29,00:30:00,95.0,2026-06-28,00:30:00,2026-06-29 00:45:55,49.25,Zone 5,68.2,Zone 5,47.9,Zone 5,65.2,Zone 5,62.1,Zone 5,67.8,Zone 5,65.7,Zone 5,69.7,Zone 5,68.2,Zone 5,71.1,Zone 5
West Bengal,Jalpaiguri,Banarhat,25.6,2026-06-29,00:30:00,97.0,2026-06-28,00:30:00,2026-06-29 00:45:55,28.950000000000045,Zone 4,61.8,Zone 5,28.7,Zone 4,53.0,Zone 5,35.9,Zone 4,61.3,Zone 5,55.3,Zone 5,64.2,Zone 5,61.8,Zone 5,66.3,Zone 5
West Bengal,Jalpaiguri,Dhupguri,26.1,2026-06-29,00:15:00,,,,2026-06-29 00:45:55,,,,,,,,,,,,,,,,,,,,
West Bengal,Jalpaiguri,Ramshai Kvk,26.2,2026-06-29,00:30:00,,,,2026-06-29 00:45:55,,,,,,,,,,,,,,,,,,,,
West Bengal,Jhargram,Jhargram,27.0,2026-06-29,00:00:00,,,,2026-06-29 00:45:55,,,,,,,,,,,,,,,,,,,,
West Bengal,Kolkata,Kolkata Airport,29.6,2026-06-29,00:00:00,,,,2026-06-29 00:45:55,,,,,,,,,,,,,,,,,,,,
West Bengal,Malda,Malda,27.7,2026-06-29,00:30:00,,,,2026-06-29 00:45:55,,,,,,,,,,,,,,,,,,,,
West Bengal,Murshidabad,Berhampore,28.9,2026-06-29,00:15:00,,,,2026-06-29 00:45:55,,,,,,,,,,,,,,,,,,,,
West Bengal,Murshidabad,Murshidabad Kvk,28.8,2026-06-29,00:30:00,,,,2026-06-29 00:45:55,,,,,,,,,,,,,,,,,,,,
West Bengal,Nadia,Bijpur,28.4,2026-06-29,00:30:00,100.0,2026-06-28,00:30:00,2026-06-29 00:45:55,41.75,Zone 5,67.6,Zone 5,43.1,Zone 5,64.5,Zone 5,61.2,Zone 5,67.2,Zone 5,65.0,Zone 5,69.2,Zone 5,67.6,Zone 5,70.6,Zone 5
West Bengal,Nadia,Kalyani Amfu,29.0,2026-06-29,00:30:00,100.0,2026-06-28,00:30:00,2026-06-29 00:45:55,50.05000000000001,Zone 5,68.5,Zone 5,50.0,Zone 5,65.5,Zone 5,62.5,Zone 5,68.1,Zone 5,66.1,Zone 5,69.9,Zone 5,68.5,Zone 5,71.3,Zone 5
West Bengal,North Dinajpur,Raiganj,27.5,2026-06-29,00:15:00,,,,2026-06-29 00:45:55,,,,,,,,,,,,,,,,,,,,
West Bengal,North Twenty Four Parganas,Ashoknagar Kvk,29.3,2026-06-29,00:30:00,,,,2026-06-29 00:45:55,,,,,,,,,,,,,,,,,,,,
West Bengal,North Twenty Four Parganas,Barrackpore Aws400,29.1,2026-06-29,00:30:00,73.0,2026-06-28,00:30:00,2026-06-29 00:45:55,33.05000000000001,Zone 4,62.1,Zone 5,32.9,Zone 4,54.5,Zone 5,39.4,Zone 4,61.7,Zone 5,56.7,Zone 5,64.4,Zone 5,62.1,Zone 5,66.5,Zone 5
West Bengal,North Twenty Four Parganas,Jisu Agarpara,30.0,2026-06-29,00:30:00,89.0,2026-06-28,00:30:00,2026-06-29 00:45:55,43.55000000000001,Zone 5,67.6,Zone 5,43.5,Zone 5,64.5,Zone 5,61.2,Zone 5,67.3,Zone 5,65.1,Zone 5,69.2,Zone 5,67.6,Zone 5,70.6,Zone 5
West Bengal,Purulia,Purulia Kvk,26.9,2026-06-29,00:30:00,,,,2026-06-29 00:45:55,,,,,,,,,,,,,,,,,,,,
West Bengal,South Dinajpur,Majhian Amfu,27.7,2026-06-29,00:30:00,100.0,2026-06-28,00:30:00,2026-06-29 00:45:55,34.75,Zone 4,65.8,Zone 5,34.1,Zone 4,62.3,Zone 5,57.3,Zone 5,65.4,Zone 5,62.9,Zone 5,67.7,Zone 5,65.8,Zone 5,69.3,Zone 5
West Bengal,South Twenty Four Parganas,Alipore,29.9,2026-06-29,00:30:00,95.0,2026-06-28,00:30:00,2026-06-29 00:45:55,53.450000000000045,Zone 5,69.1,Zone 5,54.9,Zone 5,66.3,Zone 5,63.4,Zone 5,68.7,Zone 5,66.8,Zone 5,70.4,Zone 5,69.1,Zone 5,72.0,Zone 6
West Bengal,South Twenty Four Parganas,Gangasagar,29.9,2026-06-29,00:30:00,,,,2026-06-29 00:45:55,,,,,,,,,,,,,,,,,,,,
,,,,,,,,,2026-06-29 00:45:55,,,,,,,,,,,,,,,,,,,,
,,,,,,,,,2026-06-29 00:45:55,,,,,,,,,,,,,,,,,,,,
,,,,,,,,,2026-06-29 00:45:55,,,,,,,,,,,,,,,,,,,,
,,,,,,,,,2026-06-29 00:45:55,,,,,,,,,,,,,,,,,,,,
Andaman And Nicobar,Nicobar,Car Nicobar,25.3,2026-06-29,01:30:00,96.0,2026-06-28,01:30:00,2026-06-29 01:53:20,28.25,Zone 4,61.5,Zone 5,28.6,Zone 4,52.0,Zone 5,35.7,Zone 4,61.1,Zone 5,54.3,Zone 5,64.0,Zone 5,61.5,Zone 5,66.1,Zone 5
Andaman And Nicobar,Nicobar,Nancowry,26.6,2026-06-29,01:30:00,98.0,2026-06-28,01:30:00,2026-06-29 01:53:20,31.25,Zone 4,63.7,Zone 5,31.0,Zone 4,59.7,Zone 5,44.5,Zone 5,63.3,Zone 5,60.3,Zone 5,65.8,Zone 5,63.7,Zone 5,67.7,Zone 5
Andaman And Nicobar,N M Andaman,Mayabunder,26.4,2026-06-29,01:30:00,99.0,2026-06-28,01:30:00,2026-06-29 01:53:20,30.950000000000045,Zone 4,63.9,Zone 5,31.2,Zone 4,60.0,Zone 5,45.8,Zone 5,63.5,Zone 5,60.5,Zone 5,66.0,Zone 5,63.9,Zone 5,67.9,Zone 5
Andaman And Nicobar,N M Andaman,Rangat Nimbutala,26.0,2026-06-29,01:30:00,99.0,2026-06-28,01:30:00,2026-06-29 01:53:20,29.950000000000045,Zone 4,63.0,Zone 5,30.0,Zone 4,58.7,Zone 5,40.9,Zone 5,62.6,Zone 5,59.5,Zone 5,65.2,Zone 5,63.0,Zone 5,67.2,Zone 5
Andaman And Nicobar,South Andaman,Hut Bay,24.7,2026-06-29,01:30:00,99.0,2026-06-28,01:30:00,2026-06-29 01:53:20,27.350000000000023,Zone 4,60.5,Zone 5,27.0,Zone 4,46.7,Zone 5,33.9,Zone 4,60.1,Zone 5,49.1,Zone 5,63.1,Zone 5,60.5,Zone 5,65.3,Zone 5
Andaman And Nicobar,South Andaman,Shaheed Dweep,28.1,2026-06-29,01:30:00,94.0,2026-06-28,01:30:00,2026-06-29 01:53:20,34.650000000000034,Zone 4,65.4,Zone 5,34.3,Zone 4,61.8,Zone 5,54.8,Zone 5,65.0,Zone 5,62.3,Zone 5,67.3,Zone 5,65.4,Zone 5,69.0,Zone 5
Andaman And Nicobar,South Andaman,Sri Vijaya Puram Aws400,26.8,2026-06-29,01:45:00,92.0,2026-06-28,01:45:00,2026-06-29 01:53:20,30.950000000000045,Zone 4,63.2,Zone 5,31.4,Zone 4,59.2,Zone 5,42.1,Zone 5,62.8,Zone 5,59.8,Zone 5,65.4,Zone 5,63.2,Zone 5,67.4,Zone 5
Andaman And Nicobar,South Andaman,Swaraj Deep,27.3,2026-06-29,01:45:00,79.0,2026-06-28,01:45:00,2026-06-29 01:53:20,30.350000000000023,Zone 4,61.1,Zone 5,30.7,Zone 4,50.0,Zone 5,37.3,Zone 4,60.7,Zone 5,52.3,Zone 5,63.6,Zone 5,61.1,Zone 5,65.8,Zone 5
Andhra Pradesh,Alluri Sitharama Raju,Araku Valley,24.2,2026-06-29,01:45:00,94.0,2026-06-28,01:45:00,2026-06-29 01:53:20,26.150000000000034,Zone 4,57.7,Zone 5,25.8,Zone 4,38.6,Zone 5,32.2,Zone 4,56.2,Zone 5,40.6,Zone 5,61.5,Zone 5,57.7,Zone 5,64.0,Zone 5
Andhra Pradesh,Alluri Sitharama Raju,Chintapalli Amfu,22.6,2026-06-29,01:45:00,92.0,2026-06-28,01:45:00,2026-06-29 01:53:20,24.05000000000001,Zone 3,46.4,Zone 5,24.0,Zone 3,34.6,Zone 4,29.5,Zone 4,44.9,Zone 5,35.0,Zone 4,59.1,Zone 5,46.4,Zone 5,61.9,Zone 5
Andhra Pradesh,Anakapalli,Yellamanchilli Vskp,27.3,2026-06-29,01:15:00,,,,2026-06-29 01:53:20,,,,,,,,,,,,,,,,,,,,
Andhra Pradesh,Anantapur,Kh Govtdegcollege Dharmavaram,25.3,2026-06-29,01:45:00,84.0,2026-06-28,01:45:00,2026-06-29 01:53:20,27.25,Zone 4,59.0,Zone 5,27.6,Zone 4,40.2,Zone 5,33.9,Zone 4,57.7,Zone 5,42.3,Zone 5,61.9,Zone 5,59.0,Zone 5,64.3,Zone 5
Andhra Pradesh,Bapatla,Chirala,27.6,2026-06-29,01:45:00,83.0,2026-06-28,01:45:00,2026-06-29 01:53:20,31.450000000000045,Zone 4,62.0,Zone 5,31.2,Zone 4,54.4,Zone 5,38.1,Zone 4,61.6,Zone 5,56.6,Zone 5,64.4,Zone 5,62.0,Zone 5,66.5,Zone 5
Andhra Pradesh,Eluru,Vijayarai,26.4,2026-06-29,01:45:00,71.0,2026-06-28,01:45:00,2026-06-29 01:53:20,28.05000000000001,Zone 4,54.2,Zone 5,28.2,Zone 4,38.9,Zone 4,34.0,Zone 4,52.6,Zone 5,39.4,Zone 4,60.7,Zone 5,54.2,Zone 5,63.3,Zone 5
Andhra Pradesh,Kakinada,Kakinada,26.2,2026-06-29,01:45:00,93.0,2026-06-28,01:45:00,2026-06-29 01:53:20,29.75,Zone 4,61.8,Zone 5,29.3,Zone 4,53.1,Zone 5,36.4,Zone 4,61.4,Zone 5,55.4,Zone 5,64.2,Zone 5,61.8,Zone 5,66.3,Zone 5
Andhra Pradesh,Kakinada,Peddapuram,26.4,2026-06-29,01:45:00,100.0,2026-06-28,01:45:00,2026-06-29 01:53:20,31.05000000000001,Zone 4,64.1,Zone 5,31.3,Zone 4,60.2,Zone 5,47.0,Zone 5,63.7,Zone 5,60.8,Zone 5,66.2,Zone 5,64.1,Zone 5,68.0,Zone 5
Andhra Pradesh,Konaseema,Ambajipeta Arg,28.2,2026-06-29,01:45:00,100.0,2026-06-28,01:45:00,2026-06-29 01:53:20,39.35000000000002,Zone 5,66.7,Zone 5,37.1,Zone 5,63.4,Zone 5,59.8,Zone 5,66.3,Zone 5,63.9,Zone 5,68.4,Zone 5,66.7,Zone 5,70.0,Zone 5
Andhra Pradesh,Konaseema,Ambajipeta Aws,28.0,2026-06-29,01:45:00,100.0,2026-06-28,01:45:00,2026-06-29 01:53:20,37.150000000000034,Zone 5,66.7,Zone 5,37.1,Zone 5,63.4,Zone 5,59.8,Zone 5,66.3,Zone 5,63.9,Zone 5,68.4,Zone 5,66.7,Zone 5,70.0,Zone 5
Andhra Pradesh,Ntr,Mylavaram College Of  Engineer,26.0,2026-06-29,01:45:00,100.0,2026-06-28,01:45:00,2026-06-29 01:53:20,30.150000000000034,Zone 4,63.2,Zone 5,30.1,Zone 4,59.2,Zone 5,42.0,Zone 5,62.8,Zone 5,59.8,Zone 5,65.4,Zone 5,63.2,Zone 5,67.4,Zone 5
Andhra Pradesh,Palnadu,Rentachintala,24.4,2026-06-29,01:45:00,96.0,2026-06-28,01:45:00,2026-06-29 01:53:20,26.55000000000001,Zone 4,59.9,Zone 5,26.7,Zone 4,43.9,Zone 5,33.5,Zone 4,59.5,Zone 5,46.2,Zone 5,62.6,Zone 5,59.9,Zone 5,64.9,Zone 5
Andhra Pradesh,Prakasam,Cs Puram,30.1,2026-06-29,01:45:00,53.0,2026-06-28,01:45:00,2026-06-29 01:53:20,31.850000000000023,Zone 4,56.3,Zone 5,31.7,Zone 4,41.7,Zone 4,37.1,Zone 4,54.8,Zone 5,42.2,Zone 4,61.2,Zone 5,56.3,Zone 5,63.7,Zone 5
Andhra Pradesh,Srikakulam,Nagaralapeta Kalingapatnam,28.7,2026-06-29,01:45:00,95.0,2026-06-28,01:45:00,2026-06-29 01:53:20,37.75,Zone 5,66.5,Zone 5,36.1,Zone 4,63.1,Zone 5,59.5,Zone 5,66.1,Zone 5,63.6,Zone 5,68.2,Zone 5,66.5,Zone 5,69.8,Zone 5
Andhra Pradesh,Srikakulam,Ragolu,27.2,2026-06-29,01:45:00,94.0,2026-06-28,01:45:00,2026-06-29 01:53:20,32.150000000000034,Zone 4,63.7,Zone 5,31.7,Zone 4,59.7,Zone 5,44.5,Zone 5,63.3,Zone 5,60.3,Zone 5,65.8,Zone 5,63.7,Zone 5,67.7,Zone 5
Andhra Pradesh,Srikakulam,Sky College Etcherla,28.2,2026-06-29,01:30:00,72.0,2026-06-28,01:30:00,2026-06-29 01:53:20,31.150000000000034,Zone 4,60.3,Zone 5,30.8,Zone 4,45.7,Zone 5,37.0,Zone 4,59.9,Zone 5,48.0,Zone 5,62.9,Zone 5,60.3,Zone 5,65.2,Zone 5
Andhra Pradesh,Visakhapatnam,Anandapuram Arg,28.0,2026-06-29,01:45:00,79.0,2026-06-28,01:45:00,2026-06-29 01:53:20,31.650000000000034,Zone 4,61.9,Zone 5,31.7,Zone 4,53.9,Zone 5,38.4,Zone 4,61.5,Zone 5,56.1,Zone 5,64.3,Zone 5,61.9,Zone 5,66.4,Zone 5
Andhra Pradesh,Visakhapatnam,Gangavaram Port,29.1,2026-06-29,01:45:00,85.0,2026-06-28,01:45:00,2026-06-29 01:53:20,35.450000000000045,Zone 4,65.0,Zone 5,35.2,Zone 4,61.3,Zone 5,52.5,Zone 5,64.6,Zone 5,61.9,Zone 5,66.9,Zone 5,65.0,Zone 5,68.7,Zone 5
Andhra Pradesh,Visakhapatnam,Mehadrigadda Dam,38.4,2026-06-29,01:45:00,91.0,2026-06-28,01:45:00,2026-06-29 01:53:20,87.45000000000005,Zone 6,96.5,Zone 6,87.9,Zone 6,92.9,Zone 6,90.8,Zone 6,95.7,Zone 6,93.7,Zone 6,98.6,Zone 6,96.5,Zone 6,101.4,Zone 6
Andhra Pradesh,Vizianagaram,Bobbili,27.2,2026-06-29,01:45:00,91.0,2026-06-28,01:45:00,2026-06-29 01:53:20,31.650000000000034,Zone 4,63.0,Zone 5,31.2,Zone 4,58.7,Zone 5,40.9,Zone 5,62.6,Zone 5,59.5,Zone 5,65.2,Zone 5,63.0,Zone 5,67.2,Zone 5
Andhra Pradesh,Vizianagaram,Vizianagaram,28.1,2026-06-29,01:45:00,92.0,2026-06-28,01:45:00,2026-06-29 01:53:20,34.150000000000034,Zone 4,64.9,Zone 5,33.9,Zone 4,61.2,Zone 5,52.1,Zone 5,64.5,Zone 5,61.8,Zone 5,66.9,Zone 5,64.9,Zone 5,68.6,Zone 5
Andhra Pradesh,West Godavari,Bhimavaram,,,,90.0,2026-06-28,01:45:00,2026-06-29 01:53:20,,,,,,,,,,,,,,,,,,,,
Andhra Pradesh,West Godavari,Kv Gopannapalem Eluru,26.7,2026-06-29,01:45:00,56.0,2026-06-28,01:45:00,2026-06-29 01:53:20,27.350000000000023,Zone 4,41.5,Zone 4,27.1,Zone 4,36.6,Zone 4,32.2,Zone 4,41.2,Zone 4,37.0,Zone 4,54.1,Zone 5,41.5,Zone 4,60.7,Zone 5
Andhra Pradesh,West Godavari,Maruteru,30.3,2026-06-29,01:45:00,95.0,2026-06-28,01:45:00,2026-06-29 01:53:20,58.75,Zone 5,70.0,Zone 5,59.6,Zone 5,67.4,Zone 5,64.7,Zone 5,69.6,Zone 5,67.9,Zone 5,71.2,Zone 5,70.0,Zone 5,73.7,Zone 6
Andhra Pradesh,West Godavari,Narsapur,29.5,2026-06-29,01:45:00,89.0,2026-06-28,01:45:00,2026-06-29 01:53:20,37.75,Zone 4,66.8,Zone 5,37.8,Zone 4,63.5,Zone 5,60.0,Zone 5,66.4,Zone 5,64.0,Zone 5,68.5,Zone 5,66.8,Zone 5,70.0,Zone 5
Andhra Pradesh,Ysr Kadapa,Agricultural College  Badvel,29.9,2026-06-29,01:45:00,53.0,2026-06-28,01:45:00,2026-06-29 01:53:20,31.55000000000001,Zone 4,56.3,Zone 5,31.7,Zone 4,41.7,Zone 4,37.1,Zone 4,54.8,Zone 5,42.2,Zone 4,61.2,Zone 5,56.3,Zone 5,63.7,Zone 5
Arunachal Pradesh,Anjaw,Hayuliang Circle,21.4,2026-06-29,01:45:00,87.0,2026-06-28,01:45:00,2026-06-29 01:53:20,22.55000000000001,Zone 3,37.8,Zone 4,22.6,Zone 3,32.5,Zone 4,27.7,Zone 4,37.5,Zone 4,32.9,Zone 4,51.2,Zone 5,37.8,Zone 4,60.0,Zone 5
Arunachal Pradesh,Anjaw,Kibitoo Circle,18.6,2026-06-29,01:30:00,88.0,2026-06-28,01:30:00,2026-06-29 01:53:20,19.25,Zone 3,33.4,Zone 4,19.1,Zone 3,28.7,Zone 4,24.5,Zone 3,33.2,Zone 4,28.9,Zone 4,37.6,Zone 4,33.4,Zone 4,50.3,Zone 5
Arunachal Pradesh,Changlang,Miao,24.8,2026-06-29,01:30:00,100.0,2026-06-28,01:30:00,2026-06-29 01:53:20,27.55000000000001,Zone 4,61.5,Zone 5,28.0,Zone 4,51.8,Zone 5,35.2,Zone 4,61.1,Zone 5,54.1,Zone 5,64.0,Zone 5,61.5,Zone 5,66.1,Zone 5
Arunachal Pradesh,East Kameng,Seppa Pampoli,29.0,2026-06-29,01:45:00,92.0,2026-06-28,01:45:00,2026-06-29 01:53:20,36.950000000000045,Zone 4,66.6,Zone 5,37.0,Zone 4,63.3,Zone 5,59.7,Zone 5,66.3,Zone 5,63.9,Zone 5,68.4,Zone 5,66.6,Zone 5,69.9,Zone 5
Arunachal Pradesh,Kurung Kumey,Koloraing,21.9,2026-06-29,01:45:00,100.0,2026-06-28,01:45:00,2026-06-29 01:53:20,23.650000000000034,Zone 3,49.1,Zone 5,23.7,Zone 3,34.5,Zone 4,29.3,Zone 4,47.5,Zone 5,35.0,Zone 4,59.7,Zone 5,49.1,Zone 5,62.4,Zone 5
Arunachal Pradesh,Kurung Kumey,Nyapin,21.2,2026-06-29,01:45:00,100.0,2026-06-28,01:45:00,2026-06-29 01:53:20,22.850000000000023,Zone 3,42.5,Zone 5,22.6,Zone 3,32.8,Zone 4,27.7,Zone 4,41.2,Zone 5,33.3,Zone 4,56.3,Zone 5,42.5,Zone 5,61.2,Zone 5
Arunachal Pradesh,Leparada,Basar,23.1,2026-06-29,01:45:00,100.0,2026-06-28,01:45:00,2026-06-29 01:53:20,24.850000000000023,Zone 3,55.8,Zone 5,24.8,Zone 3,36.7,Zone 5,31.0,Zone 4,54.3,Zone 5,38.5,Zone 5,61.1,Zone 5,55.8,Zone 5,63.6,Zone 5
Arunachal Pradesh,Lohit,Wakro,23.3,2026-06-29,01:45:00,99.0,2026-06-28,01:45:00,2026-06-29 01:53:20,25.05000000000001,Zone 3,58.2,Zone 5,25.2,Zone 3,39.2,Zone 5,31.8,Zone 4,56.7,Zone 5,41.2,Zone 5,61.6,Zone 5,58.2,Zone 5,64.1,Zone 5
Arunachal Pradesh,Longding,Longding,24.7,2026-06-29,01:45:00,,,,2026-06-29 01:53:20,,,,,,,,,,,,,,,,,,,,
Arunachal Pradesh,Longding,Longding New,23.2,2026-06-29,01:30:00,100.0,2026-06-28,01:30:00,2026-06-29 01:53:20,24.950000000000045,Zone 3,55.8,Zone 5,24.8,Zone 3,36.7,Zone 5,31.0,Zone 4,54.3,Zone 5,38.5,Zone 5,61.1,Zone 5,55.8,Zone 5,63.6,Zone 5
Arunachal Pradesh,Lower Siang,Kangku,25.5,2026-06-29,01:45:00,100.0,2026-06-28,01:45:00,2026-06-29 01:53:20,29.05000000000001,Zone 4,62.4,Zone 5,29.0,Zone 4,55.9,Zone 5,37.6,Zone 5,62.0,Zone 5,58.0,Zone 5,64.7,Zone 5,62.4,Zone 5,66.7,Zone 5
Arunachal Pradesh,Lower Subansiri,Deed,,,,100.0,2026-06-28,01:30:00,2026-06-29 01:53:20,,,,,,,,,,,,,,,,,,,,
Arunachal Pradesh,Lower Subansiri,Ziro Manipolyang,18.9,2026-06-29,01:45:00,100.0,2026-06-28,01:45:00,2026-06-29 01:53:20,20.150000000000034,Zone 3,35.1,Zone 4,20.3,Zone 3,29.9,Zone 4,25.1,Zone 3,34.8,Zone 4,30.2,Zone 4,45.3,Zone 5,35.1,Zone 4,58.2,Zone 5
Arunachal Pradesh,Namsai,Lekang,22.8,2026-06-29,01:45:00,94.0,2026-06-28,01:45:00,2026-06-29 01:53:20,24.350000000000023,Zone 3,51.3,Zone 5,24.6,Zone 3,35.7,Zone 4,30.5,Zone 4,49.7,Zone 5,36.2,Zone 4,60.1,Zone 5,51.3,Zone 5,62.8,Zone 5
Arunachal Pradesh,Namsai,Namsai Kvk,23.9,2026-06-29,01:45:00,100.0,2026-06-28,01:45:00,2026-06-29 01:53:20,25.950000000000045,Zone 4,59.8,Zone 5,26.1,Zone 4,43.6,Zone 5,32.9,Zone 4,59.4,Zone 5,45.9,Zone 5,62.5,Zone 5,59.8,Zone 5,64.8,Zone 5
Arunachal Pradesh,Papumpare,Itanagar,25.6,2026-06-29,01:45:00,100.0,2026-06-28,01:45:00,2026-06-29 01:53:20,29.25,Zone 4,62.4,Zone 5,29.0,Zone 4,55.9,Zone 5,37.6,Zone 5,62.0,Zone 5,58.0,Zone 5,64.7,Zone 5,62.4,Zone 5,66.7,Zone 5
Arunachal Pradesh,Shiyomi,Lamang 2,,,,97.0,2026-06-28,01:30:00,2026-06-29 01:53:20,,,,,,,,,,,,,,,,,,,,
Arunachal Pradesh,Tawang,Domane,,,,97.0,2026-06-28,01:30:00,2026-06-29 01:53:20,,,,,,,,,,,,,,,,,,,,
Arunachal Pradesh,Tirap,Deomali,24.8,2026-06-29,01:45:00,100.0,2026-06-28,01:45:00,2026-06-29 01:53:20,27.55000000000001,Zone 4,61.5,Zone 5,28.0,Zone 4,51.8,Zone 5,35.2,Zone 4,61.1,Zone 5,54.1,Zone 5,64.0,Zone 5,61.5,Zone 5,66.1,Zone 5
Arunachal Pradesh,Tirap,Longding,22.8,2026-06-29,01:45:00,,,,2026-06-29 01:53:20,,,,,,,,,,,,,,,,,,,,
Arunachal Pradesh,Upper Siang,Tenali,14.8,2026-06-29,01:30:00,100.0,2026-06-28,01:30:00,2026-06-29 01:53:20,15.050000000000011,Zone 3,29.8,Zone 4,15.3,Zone 3,25.3,Zone 3,22.0,Zone 3,29.6,Zone 4,25.4,Zone 4,33.8,Zone 4,29.8,Zone 4,40.0,Zone 5
Arunachal Pradesh,Upper Siang,Yingkiong,24.8,2026-06-29,01:45:00,9.0,2026-06-28,01:45:00,2026-06-29 01:53:20,22.350000000000023,Zone 3,34.3,Zone 4,22.6,Zone 3,31.0,Zone 4,27.5,Zone 4,34.3,Zone 4,31.0,Zone 4,37.4,Zone 4,34.3,Zone 4,40.4,Zone 4
Arunachal Pradesh,Upper Subhanseri,Daporijo,26.4,2026-06-29,01:45:00,95.0,2026-06-28,01:45:00,2026-06-29 01:53:20,30.450000000000045,Zone 4,63.0,Zone 5,30.6,Zone 4,58.8,Zone 5,41.0,Zone 5,62.6,Zone 5,59.5,Zone 5,65.3,Zone 5,63.0,Zone 5,67.2,Zone 5
Arunachal Pradesh,West Kameng,Bomdila,25.0,2026-06-29,01:45:00,,,,2026-06-29 01:53:20,,,,,,,,,,,,,,,,,,,,
Arunachal Pradesh,West Kameng,Dirang,22.5,2026-06-29,01:45:00,100.0,2026-06-28,01:45:00,2026-06-29 01:53:20,24.25,Zone 3,52.5,Zone 5,24.3,Zone 3,35.4,Zone 4,30.1,Zone 4,50.9,Zone 5,36.0,Zone 4,60.4,Zone 5,52.5,Zone 5,63.0,Zone 5
Arunachal Pradesh,West Kameng,Dirang,19.5,2026-06-29,01:45:00,100.0,2026-06-28,01:45:00,2026-06-29 01:53:20,20.850000000000023,Zone 3,35.9,Zone 4,20.9,Zone 3,30.6,Zone 4,25.7,Zone 4,35.5,Zone 4,30.9,Zone 4,48.0,Zone 5,35.9,Zone 4,59.4,Zone 5
Arunachal Pradesh,West Kameng,Kalaktang,20.2,2026-06-29,01:45:00,100.0,2026-06-28,01:45:00,2026-06-29 01:53:20,21.75,Zone 3,36.9,Zone 5,21.5,Zone 3,31.3,Zone 4,26.3,Zone 4,36.3,Zone 4,31.7,Zone 4,50.8,Zone 5,36.9,Zone 5,60.0,Zone 5
Arunachal Pradesh,West Siang,Along,25.0,2026-06-29,01:45:00,100.0,2026-06-28,01:45:00,2026-06-29 01:53:20,27.950000000000045,Zone 4,61.5,Zone 5,28.0,Zone 4,51.8,Zone 5,35.2,Zone 4,61.1,Zone 5,54.1,Zone 5,64.0,Zone 5,61.5,Zone 5,66.1,Zone 5
Assam,Barpeta,Bajali University,26.9,2026-06-29,01:45:00,100.0,2026-06-28,01:45:00,2026-06-29 01:53:20,32.35000000000002,Zone 4,65.0,Zone 5,32.7,Zone 4,61.3,Zone 5,52.3,Zone 5,64.6,Zone 5,61.8,Zone 5,66.9,Zone 5,65.0,Zone 5,68.7,Zone 5
Assam,Barpeta,Barpeta Kvk,27.1,2026-06-29,01:45:00,100.0,2026-06-28,01:45:00,2026-06-29 01:53:20,32.950000000000045,Zone 4,65.0,Zone 5,32.7,Zone 4,61.3,Zone 5,52.3,Zone 5,64.6,Zone 5,61.8,Zone 5,66.9,Zone 5,65.0,Zone 5,68.7,Zone 5
Assam,Bongaigaon,Bongaigaon,26.7,2026-06-29,01:45:00,78.0,2026-06-28,01:45:00,2026-06-29 01:53:20,29.150000000000034,Zone 4,59.3,Zone 5,28.8,Zone 4,41.4,Zone 5,35.0,Zone 4,58.7,Zone 5,43.5,Zone 5,62.1,Zone 5,59.3,Zone 5,64.5,Zone 5
Assam,Charaideo,Sonari Aegcl,,,,100.0,2026-06-28,01:45:00,2026-06-29 01:53:20,,,,,,,,,,,,,,,,,,,,
Assam,Darrang,Garukhuti,26.8,2026-06-29,01:45:00,,,,2026-06-29 01:53:20,,,,,,,,,,,,,,,,,,,,
Assam,Darrang,Mangaldai,25.6,2026-06-29,01:45:00,88.0,2026-06-28,01:45:00,2026-06-29 01:53:20,28.05000000000001,Zone 4,59.9,Zone 5,27.9,Zone 4,44.0,Zone 5,34.5,Zone 4,59.5,Zone 5,46.3,Zone 5,62.6,Zone 5,59.9,Zone 5,64.9,Zone 5
Assam,Dhemaji,Silapathar Science College,25.4,2026-06-29,01:45:00,100.0,2026-06-28,01:45:00,2026-06-29 01:53:20,28.75,Zone 4,62.4,Zone 5,29.0,Zone 4,55.9,Zone 5,37.6,Zone 5,62.0,Zone 5,58.0,Zone 5,64.7,Zone 5,62.4,Zone 5,66.7,Zone 5
Assam,Dhubri,Agomani,26.4,2026-06-29,01:45:00,,,,2026-06-29 01:53:20,,,,,,,,,,,,,,,,,,,,
Assam,Dhubri,Gauripur Aegcl,27.4,2026-06-29,01:45:00,,,,2026-06-29 01:53:20,,,,,,,,,,,,,,,,,,,,
Assam,Dibrugarh,Bcpl Dibrugarh,,,,100.0,2026-06-28,01:30:00,2026-06-29 01:53:20,,,,,,,,,,,,,,,,,,,,
Assam,Dibrugarh,Dc Ofc Dibrugarh,25.0,2026-06-29,01:45:00,100.0,2026-06-28,01:45:00,2026-06-29 01:53:20,27.950000000000045,Zone 4,61.5,Zone 5,28.0,Zone 4,51.8,Zone 5,35.2,Zone 4,61.1,Zone 5,54.1,Zone 5,64.0,Zone 5,61.5,Zone 5,66.1,Zone 5
Assam,Dibrugarh,Lahowal,,,,12.0,2026-06-28,01:45:00,2026-06-29 01:53:20,,,,,,,,,,,,,,,,,,,,
Assam,Dima Hasao,Haflong,23.9,2026-06-29,01:45:00,86.0,2026-06-28,01:45:00,2026-06-29 01:53:20,25.25,Zone 3,51.5,Zone 5,25.3,Zone 4,36.5,Zone 4,31.4,Zone 4,49.9,Zone 5,37.0,Zone 4,60.2,Zone 5,51.5,Zone 5,62.8,Zone 5
Assam,Dima Hasao,Haflong Aegcl,24.5,2026-06-29,01:45:00,100.0,2026-06-28,01:45:00,2026-06-29 01:53:20,27.05000000000001,Zone 4,60.7,Zone 5,27.0,Zone 4,47.6,Zone 5,34.0,Zone 4,60.2,Zone 5,50.0,Zone 5,63.2,Zone 5,60.7,Zone 5,65.5,Zone 5
Assam,Dima Hasao,Lkhep,25.4,2026-06-29,01:45:00,100.0,2026-06-28,01:45:00,2026-06-29 01:53:20,28.75,Zone 4,62.4,Zone 5,29.0,Zone 4,55.9,Zone 5,37.6,Zone 5,62.0,Zone 5,58.0,Zone 5,64.7,Zone 5,62.4,Zone 5,66.7,Zone 5
Assam,Golaghat,Cnb Collage Bokakhat,27.2,2026-06-29,01:45:00,100.0,2026-06-28,01:45:00,2026-06-29 01:53:20,33.25,Zone 4,65.0,Zone 5,32.7,Zone 4,61.3,Zone 5,52.3,Zone 5,64.6,Zone 5,61.8,Zone 5,66.9,Zone 5,65.0,Zone 5,68.7,Zone 5
Assam,Hailakandi,Panchgram Aegcl,27.0,2026-06-29,01:45:00,98.0,2026-06-28,01:45:00,2026-06-29 01:53:20,32.35000000000002,Zone 4,64.5,Zone 5,32.3,Zone 4,60.7,Zone 5,49.7,Zone 5,64.1,Zone 5,61.3,Zone 5,66.5,Zone 5,64.5,Zone 5,68.3,Zone 5
Assam,Hajoi,Lumding,27.1,2026-06-29,01:45:00,84.0,2026-06-28,01:45:00,2026-06-29 01:53:20,30.55000000000001,Zone 4,61.5,Zone 5,30.3,Zone 4,51.6,Zone 5,37.1,Zone 4,61.1,Zone 5,53.9,Zone 5,63.9,Zone 5,61.5,Zone 5,66.1,Zone 5
Assam,Jorhat,Mariyani Aegcl,26.4,2026-06-29,01:45:00,100.0,2026-06-28,01:45:00,2026-06-29 01:53:20,31.05000000000001,Zone 4,64.1,Zone 5,31.3,Zone 4,60.2,Zone 5,47.0,Zone 5,63.7,Zone 5,60.8,Zone 5,66.2,Zone 5,64.1,Zone 5,68.0,Zone 5
Assam,Kamrup,Amingaon,27.2,2026-06-29,01:45:00,80.0,2026-06-28,01:45:00,2026-06-29 01:53:20,30.25,Zone 4,60.6,Zone 5,29.9,Zone 4,47.2,Zone 5,36.3,Zone 4,60.2,Zone 5,49.5,Zone 5,63.2,Zone 5,60.6,Zone 5,65.4,Zone 5
Assam,Kamrup,Boko Aegcl,26.9,2026-06-29,01:45:00,100.0,2026-06-28,01:45:00,2026-06-29 01:53:20,32.35000000000002,Zone 4,65.0,Zone 5,32.7,Zone 4,61.3,Zone 5,52.3,Zone 5,64.6,Zone 5,61.8,Zone 5,66.9,Zone 5,65.0,Zone 5,68.7,Zone 5
Assam,Kamrup,Chandubi,29.2,2026-06-29,01:45:00,,,,2026-06-29 01:53:20,,,,,,,,,,,,,,,,,,,,
Assam,Kamrup,Kukurmara Mirza Aegcl,26.8,2026-06-29,01:45:00,100.0,2026-06-28,01:45:00,2026-06-29 01:53:20,32.150000000000034,Zone 4,65.0,Zone 5,32.7,Zone 4,61.3,Zone 5,52.3,Zone 5,64.6,Zone 5,61.8,Zone 5,66.9,Zone 5,65.0,Zone 5,68.7,Zone 5
Assam,Kamrup Metropolitan,Aau Hrs,27.1,2026-06-29,01:45:00,99.0,2026-06-28,01:45:00,2026-06-29 01:53:20,32.75,Zone 4,64.7,Zone 5,32.5,Zone 4,61.0,Zone 5,51.0,Zone 5,64.3,Zone 5,61.6,Zone 5,66.7,Zone 5,64.7,Zone 5,68.5,Zone 5
Assam,Kamrup Metropolitan,Down Town University,26.7,2026-06-29,01:45:00,100.0,2026-06-28,01:45:00,2026-06-29 01:53:20,31.850000000000023,Zone 4,64.1,Zone 5,31.3,Zone 4,60.2,Zone 5,47.0,Zone 5,63.7,Zone 5,60.8,Zone 5,66.2,Zone 5,64.1,Zone 5,68.0,Zone 5
Assam,Kamrup Metropolitan,Gauhati University,26.9,2026-06-29,01:45:00,,,,2026-06-29 01:53:20,,,,,,,,,,,,,,,,,,,,
Assam,Kamrup Metropolitan,Guwahati,27.2,2026-06-29,01:45:00,89.0,2026-06-28,01:45:00,2026-06-29 01:53:20,31.350000000000023,Zone 4,62.6,Zone 5,31.0,Zone 4,56.8,Zone 5,38.6,Zone 5,62.2,Zone 5,58.9,Zone 5,64.9,Zone 5,62.6,Zone 5,66.9,Zone 5
Assam,Kamrup Metropolitan,Kamakhya,27.8,2026-06-29,01:45:00,98.0,2026-06-28,01:45:00,2026-06-29 01:53:20,34.650000000000034,Zone 4,66.3,Zone 5,35.2,Zone 4,62.9,Zone 5,59.2,Zone 5,65.9,Zone 5,63.4,Zone 5,68.0,Zone 5,66.3,Zone 5,69.6,Zone 5
Assam,Kamrup Metropolitan,N Ght College,27.9,2026-06-29,01:45:00,100.0,2026-06-28,01:45:00,2026-06-29 01:53:20,36.05000000000001,Zone 5,66.7,Zone 5,37.1,Zone 5,63.4,Zone 5,59.8,Zone 5,66.3,Zone 5,63.9,Zone 5,68.4,Zone 5,66.7,Zone 5,70.0,Zone 5
Assam,Kamrup Metropolitan,Sonapur,26.7,2026-06-29,01:45:00,,,,2026-06-29 01:53:20,,,,,,,,,,,,,,,,,,,,
Assam,Kamrup Metropolitan,Vcbc Rani,26.4,2026-06-29,01:45:00,100.0,2026-06-28,01:45:00,2026-06-29 01:53:20,31.05000000000001,Zone 4,64.1,Zone 5,31.3,Zone 4,60.2,Zone 5,47.0,Zone 5,63.7,Zone 5,60.8,Zone 5,66.2,Zone 5,64.1,Zone 5,68.0,Zone 5
Assam,Karbi Anglong(East),Bakulia,28.1,2026-06-29,01:45:00,86.0,2026-06-28,01:45:00,2026-06-29 01:53:20,33.05000000000001,Zone 4,63.6,Zone 5,32.8,Zone 4,59.6,Zone 5,43.9,Zone 5,63.2,Zone 5,60.2,Zone 5,65.7,Zone 5,63.6,Zone 5,67.6,Zone 5
Assam,Karbi Anglong(East),Diphu,26.1,2026-06-29,01:45:00,99.0,2026-06-28,01:45:00,2026-06-29 01:53:20,30.25,Zone 4,63.0,Zone 5,30.0,Zone 4,58.7,Zone 5,40.9,Zone 5,62.6,Zone 5,59.5,Zone 5,65.2,Zone 5,63.0,Zone 5,67.2,Zone 5
Assam,Karbi Anglong(West),Habang Circle,20.4,2026-06-29,01:45:00,100.0,2026-06-28,01:45:00,2026-06-29 01:53:20,21.950000000000045,Zone 3,39.6,Zone 5,22.0,Zone 3,32.0,Zone 4,27.0,Zone 4,38.4,Zone 5,32.4,Zone 4,53.6,Zone 5,39.6,Zone 5,60.6,Zone 5
Assam,Karbi Anglong(West),Kheronighat,25.8,2026-06-29,01:45:00,86.0,2026-06-28,01:45:00,2026-06-29 01:53:20,28.25,Zone 4,60.3,Zone 5,28.6,Zone 4,45.8,Zone 5,35.2,Zone 4,59.9,Zone 5,48.1,Zone 5,62.9,Zone 5,60.3,Zone 5,65.2,Zone 5
Assam,Karbi Anglong(West),Umlapher,20.5,2026-06-29,01:45:00,100.0,2026-06-28,01:45:00,2026-06-29 01:53:20,22.05000000000001,Zone 3,39.6,Zone 5,22.0,Zone 3,32.0,Zone 4,27.0,Zone 4,38.4,Zone 5,32.4,Zone 4,53.6,Zone 5,39.6,Zone 5,60.6,Zone 5
Assam,Karbi Anglong(West),Umpanai Apdcl,23.4,2026-06-29,01:45:00,100.0,2026-06-28,01:45:00,2026-06-29 01:53:20,25.150000000000034,Zone 3,58.9,Zone 5,25.3,Zone 3,39.9,Zone 5,31.9,Zone 4,57.4,Zone 5,42.0,Zone 5,61.8,Zone 5,58.9,Zone 5,64.2,Zone 5
Assam,Karimganj,Harinagar,,,,15.0,2026-06-28,01:45:00,2026-06-29 01:53:20,,,,,,,,,,,,,,,,,,,,
Assam,Karimganj,Karimganj Amfu,27.5,2026-06-29,01:45:00,100.0,2026-06-28,01:45:00,2026-06-29 01:53:20,34.150000000000034,Zone 4,65.8,Zone 5,34.1,Zone 4,62.3,Zone 5,57.3,Zone 5,65.4,Zone 5,62.9,Zone 5,67.7,Zone 5,65.8,Zone 5,69.3,Zone 5
Assam,Kokrajhar,Salakati Aegcl,26.8,2026-06-29,01:45:00,100.0,2026-06-28,01:45:00,2026-06-29 01:53:20,32.150000000000034,Zone 4,65.0,Zone 5,32.7,Zone 4,61.3,Zone 5,52.3,Zone 5,64.6,Zone 5,61.8,Zone 5,66.9,Zone 5,65.0,Zone 5,68.7,Zone 5
Assam,Lakhimpur,Lakhimpur,25.7,2026-06-29,01:15:00,,,,2026-06-29 01:53:20,,,,,,,,,,,,,,,,,,,,
Assam,Majuli,Majuli,25.7,2026-06-29,01:45:00,100.0,2026-06-28,01:45:00,2026-06-29 01:53:20,29.450000000000045,Zone 4,62.4,Zone 5,29.0,Zone 4,55.9,Zone 5,37.6,Zone 5,62.0,Zone 5,58.0,Zone 5,64.7,Zone 5,62.4,Zone 5,66.7,Zone 5
Assam,Marigaon,Dharamtul,27.7,2026-06-29,01:45:00,100.0,2026-06-28,01:45:00,2026-06-29 01:53:20,34.75,Zone 4,65.8,Zone 5,34.1,Zone 4,62.3,Zone 5,57.3,Zone 5,65.4,Zone 5,62.9,Zone 5,67.7,Zone 5,65.8,Zone 5,69.3,Zone 5
Assam,Marigaon,Laharighat,28.0,2026-06-29,01:45:00,89.0,2026-06-28,01:45:00,2026-06-29 01:53:20,33.35000000000002,Zone 4,64.2,Zone 5,33.3,Zone 4,60.4,Zone 5,48.0,Zone 5,63.8,Zone 5,61.0,Zone 5,66.3,Zone 5,64.2,Zone 5,68.1,Zone 5
Assam,Marigaon,Marigaon,28.1,2026-06-29,01:45:00,100.0,2026-06-28,01:45:00,2026-06-29 01:53:20,38.25,Zone 5,66.7,Zone 5,37.1,Zone 5,63.4,Zone 5,59.8,Zone 5,66.3,Zone 5,63.9,Zone 5,68.4,Zone 5,66.7,Zone 5,70.0,Zone 5
Assam,Nagaon,Kampur,24.8,2026-06-29,01:45:00,86.0,2026-06-28,01:45:00,2026-06-29 01:53:20,26.55000000000001,Zone 4,57.8,Zone 5,26.9,Zone 4,38.7,Zone 5,33.2,Zone 4,56.3,Zone 5,40.6,Zone 5,61.5,Zone 5,57.8,Zone 5,64.0,Zone 5
Assam,Nagaon,Samaguri Aegcl,27.2,2026-06-29,01:45:00,100.0,2026-06-28,01:45:00,2026-06-29 01:53:20,33.25,Zone 4,65.0,Zone 5,32.7,Zone 4,61.3,Zone 5,52.3,Zone 5,64.6,Zone 5,61.8,Zone 5,66.9,Zone 5,65.0,Zone 5,68.7,Zone 5
Assam,Nalbari,Chamata,33.0,2026-06-29,01:45:00,16.0,2026-06-28,01:45:00,2026-06-29 01:53:20,31.05000000000001,Zone 4,42.0,Zone 4,31.0,Zone 4,38.4,Zone 4,34.9,Zone 4,41.9,Zone 4,38.6,Zone 4,45.2,Zone 4,42.0,Zone 4,53.2,Zone 5
Assam,Nalbari,Nalbari,37.2,2026-06-29,01:30:00,,,,2026-06-29 01:53:20,,,,,,,,,,,,,,,,,,,,
Assam,Nalbari,Nalbari Kvk,27.1,2026-06-29,01:45:00,100.0,2026-06-28,01:45:00,2026-06-29 01:53:20,32.950000000000045,Zone 4,65.0,Zone 5,32.7,Zone 4,61.3,Zone 5,52.3,Zone 5,64.6,Zone 5,61.8,Zone 5,66.9,Zone 5,65.0,Zone 5,68.7,Zone 5
Assam,Nalbari,Tihu,27.5,2026-06-29,01:45:00,88.0,2026-06-28,01:45:00,2026-06-29 01:53:20,31.950000000000045,Zone 4,63.2,Zone 5,31.9,Zone 4,59.1,Zone 5,41.8,Zone 5,62.8,Zone 5,59.7,Zone 5,65.4,Zone 5,63.2,Zone 5,67.4,Zone 5
Assam,Sivasagar,Sivsagar Aegcl,25.3,2026-06-29,01:45:00,100.0,2026-06-28,01:45:00,2026-06-29 01:53:20,28.55000000000001,Zone 4,62.4,Zone 5,29.0,Zone 4,55.9,Zone 5,37.6,Zone 5,62.0,Zone 5,58.0,Zone 5,64.7,Zone 5,62.4,Zone 5,66.7,Zone 5
Assam,Sonitpur,Dhekiajuli Aegcl,27.2,2026-06-29,01:30:00,100.0,2026-06-28,01:30:00,2026-06-29 01:53:20,33.25,Zone 4,65.0,Zone 5,32.7,Zone 4,61.3,Zone 5,52.3,Zone 5,64.6,Zone 5,61.8,Zone 5,66.9,Zone 5,65.0,Zone 5,68.7,Zone 5
Assam,Sonitpur,Ghoramara Aegcl,26.9,2026-06-29,01:45:00,98.0,2026-06-28,01:45:00,2026-06-29 01:53:20,32.05000000000001,Zone 4,64.5,Zone 5,32.3,Zone 4,60.7,Zone 5,49.7,Zone 5,64.1,Zone 5,61.3,Zone 5,66.5,Zone 5,64.5,Zone 5,68.3,Zone 5
Assam,Tinsukia,Margherita,25.1,2026-06-29,01:45:00,100.0,2026-06-28,01:45:00,2026-06-29 01:53:20,28.150000000000034,Zone 4,61.5,Zone 5,28.0,Zone 4,51.8,Zone 5,35.2,Zone 4,61.1,Zone 5,54.1,Zone 5,64.0,Zone 5,61.5,Zone 5,66.1,Zone 5
Assam,Tinsukia,Rupai Aegcl,24.4,2026-06-29,01:45:00,100.0,2026-06-28,01:45:00,2026-06-29 01:53:20,26.850000000000023,Zone 4,60.7,Zone 5,27.0,Zone 4,47.6,Zone 5,34.0,Zone 4,60.2,Zone 5,50.0,Zone 5,63.2,Zone 5,60.7,Zone 5,65.5,Zone 5
Assam,Tinsukia,Tinsukia,24.6,2026-06-29,01:45:00,96.0,2026-06-28,01:45:00,2026-06-29 01:53:20,26.950000000000045,Zone 4,59.9,Zone 5,26.7,Zone 4,43.9,Zone 5,33.5,Zone 4,59.5,Zone 5,46.2,Zone 5,62.6,Zone 5,59.9,Zone 5,64.9,Zone 5
Assam,Udalguri,Rowta Aegcl,26.2,2026-06-29,01:45:00,100.0,2026-06-28,01:45:00,2026-06-29 01:53:20,30.55000000000001,Zone 4,63.2,Zone 5,30.1,Zone 4,59.2,Zone 5,42.0,Zone 5,62.8,Zone 5,59.8,Zone 5,65.4,Zone 5,63.2,Zone 5,67.4,Zone 5
Assam,Udalguri,Udalguri,23.3,2026-06-29,01:45:00,80.0,2026-06-28,01:45:00,2026-06-29 01:53:20,24.350000000000023,Zone 3,43.4,Zone 5,24.6,Zone 3,34.9,Zone 4,30.1,Zone 4,42.1,Zone 5,35.4,Zone 4,57.1,Zone 5,43.4,Zone 5,61.3,Zone 5
Assam,Udalguri,Udi Kvk,26.4,2026-06-29,01:45:00,,,,2026-06-29 01:53:20,,,,,,,,,,,,,,,,,,,,
Bihar,Arwal,Arwal Aws400,29.7,2026-06-29,01:45:00,63.0,2026-06-28,01:45:00,2026-06-29 01:53:20,32.650000000000034,Zone 4,60.3,Zone 5,32.3,Zone 4,45.8,Zone 5,38.2,Zone 4,59.9,Zone 5,48.1,Zone 5,62.9,Zone 5,60.3,Zone 5,65.2,Zone 5
Bihar,Aurangabad,Aurangabad Kvk,30.6,2026-06-29,01:45:00,60.0,2026-06-28,01:45:00,2026-06-29 01:53:20,33.85000000000002,Zone 4,60.9,Zone 5,33.6,Zone 4,49.1,Zone 5,39.6,Zone 4,60.5,Zone 5,51.4,Zone 5,63.5,Zone 5,60.9,Zone 5,65.7,Zone 5
Bihar,Buxar,Buxar,29.0,2026-06-29,01:45:00,84.0,2026-06-28,01:45:00,2026-06-29 01:53:20,34.950000000000045,Zone 4,64.7,Zone 5,35.0,Zone 4,61.0,Zone 5,51.1,Zone 5,64.4,Zone 5,61.6,Zone 5,66.7,Zone 5,64.7,Zone 5,68.5,Zone 5
Bihar,Buxar,Dumaraon,28.4,2026-06-29,01:45:00,83.0,2026-06-28,01:45:00,2026-06-29 01:53:20,33.25,Zone 4,63.7,Zone 5,33.5,Zone 4,59.7,Zone 5,44.7,Zone 5,63.3,Zone 5,60.3,Zone 5,65.8,Zone 5,63.7,Zone 5,67.7,Zone 5
Bihar,Darbhanga,Darbhanga Aws400,25.5,2026-06-29,01:45:00,100.0,2026-06-28,01:45:00,2026-06-29 01:53:20,29.05000000000001,Zone 4,62.4,Zone 5,29.0,Zone 4,55.9,Zone 5,37.6,Zone 5,62.0,Zone 5,58.0,Zone 5,64.7,Zone 5,62.4,Zone 5,66.7,Zone 5
Bihar,East Champaran,East Champaran Kvk,,,,9.0,2026-06-28,01:45:00,2026-06-29 01:53:20,,,,,,,,,,,,,,,,,,,,
Bihar,Gaya,Bodhgaya,27.8,2026-06-29,01:45:00,79.0,2026-06-28,01:45:00,2026-06-29 01:53:20,31.25,Zone 4,61.9,Zone 5,31.7,Zone 4,53.9,Zone 5,38.4,Zone 4,61.5,Zone 5,56.1,Zone 5,64.3,Zone 5,61.9,Zone 5,66.4,Zone 5
Bihar,Jehanabad,Jehanabad,29.8,2026-06-29,01:45:00,81.0,2026-06-28,01:45:00,2026-06-29 01:53:20,36.450000000000045,Zone 4,65.7,Zone 5,37.0,Zone 4,62.1,Zone 5,56.5,Zone 5,65.3,Zone 5,62.7,Zone 5,67.5,Zone 5,65.7,Zone 5,69.2,Zone 5
Bihar,Kaimur,Bhabua,30.5,2026-06-29,01:45:00,84.0,2026-06-28,01:45:00,2026-06-29 01:53:20,40.75,Zone 5,67.3,Zone 5,40.8,Zone 5,64.1,Zone 5,60.7,Zone 5,66.9,Zone 5,64.6,Zone 5,68.9,Zone 5,67.3,Zone 5,70.4,Zone 5
Bihar,Kishanganj,Arrabari,27.4,2026-06-29,01:45:00,100.0,2026-06-28,01:45:00,2026-06-29 01:53:20,33.85000000000002,Zone 4,65.8,Zone 5,34.1,Zone 4,62.3,Zone 5,57.3,Zone 5,65.4,Zone 5,62.9,Zone 5,67.7,Zone 5,65.8,Zone 5,69.3,Zone 5
Bihar,Madhepura,Madhepura,23.9,2026-06-29,01:45:00,88.0,2026-06-28,01:45:00,2026-06-29 01:53:20,25.25,Zone 3,53.1,Zone 5,25.5,Zone 4,36.8,Zone 4,31.6,Zone 4,51.6,Zone 5,37.3,Zone 4,60.5,Zone 5,53.1,Zone 5,63.1,Zone 5
Bihar,Madhubani,Sukhet,25.9,2026-06-29,01:30:00,98.0,2026-06-28,01:30:00,2026-06-29 01:53:20,29.650000000000034,Zone 4,62.8,Zone 5,29.9,Zone 4,57.9,Zone 5,39.8,Zone 5,62.4,Zone 5,59.3,Zone 5,65.1,Zone 5,62.8,Zone 5,67.1,Zone 5
Bihar,Munger,Kvk Munger,28.5,2026-06-29,01:45:00,100.0,2026-06-28,01:45:00,2026-06-29 01:53:20,43.05000000000001,Zone 5,67.6,Zone 5,43.1,Zone 5,64.5,Zone 5,61.2,Zone 5,67.2,Zone 5,65.0,Zone 5,69.2,Zone 5,67.6,Zone 5,70.6,Zone 5
Bihar,Nalanda,Harnaut,29.3,2026-06-29,01:45:00,100.0,2026-06-28,01:45:00,2026-06-29 01:53:20,54.25,Zone 5,69.3,Zone 5,56.9,Zone 5,66.6,Zone 5,63.8,Zone 5,69.0,Zone 5,67.1,Zone 5,70.7,Zone 5,69.3,Zone 5,72.6,Zone 6
Bihar,Nalanda,Rajgir,29.2,2026-06-29,01:45:00,70.0,2026-06-28,01:45:00,2026-06-29 01:53:20,32.75,Zone 4,61.3,Zone 5,32.4,Zone 4,50.9,Zone 5,38.7,Zone 4,60.9,Zone 5,53.2,Zone 5,63.8,Zone 5,61.3,Zone 5,66.0,Zone 5
Bihar,Patna,Baldwin Academy,31.5,2026-06-29,01:45:00,85.0,2026-06-28,01:45:00,2026-06-29 01:53:20,55.85000000000002,Zone 5,69.2,Zone 5,55.9,Zone 5,66.5,Zone 5,63.6,Zone 5,68.9,Zone 5,67.0,Zone 5,70.6,Zone 5,69.2,Zone 5,72.3,Zone 6
Bihar,Patna,Iit Patna,29.7,2026-06-29,01:45:00,100.0,2026-06-28,01:45:00,2026-06-29 01:53:20,59.150000000000034,Zone 5,69.3,Zone 5,56.9,Zone 5,66.6,Zone 5,63.8,Zone 5,69.0,Zone 5,67.1,Zone 5,70.7,Zone 5,69.3,Zone 5,72.6,Zone 6
Bihar,Patna,Kvk Barh,29.9,2026-06-29,01:45:00,84.0,2026-06-28,01:45:00,2026-06-29 01:53:20,37.55000000000001,Zone 4,66.4,Zone 5,37.9,Zone 4,63.0,Zone 5,59.4,Zone 5,66.0,Zone 5,63.6,Zone 5,68.2,Zone 5,66.4,Zone 5,69.7,Zone 5
Bihar,Patna,Patna,31.1,2026-06-29,01:45:00,83.0,2026-06-28,01:45:00,2026-06-29 01:53:20,46.450000000000045,Zone 5,67.8,Zone 5,45.1,Zone 5,64.8,Zone 5,61.6,Zone 5,67.5,Zone 5,65.3,Zone 5,69.4,Zone 5,67.8,Zone 5,70.8,Zone 5
Bihar,Purnea,Purnea Imd,38.3,2026-06-29,01:45:00,95.0,2026-06-28,01:45:00,2026-06-29 01:53:20,89.75,Zone 6,99.2,Zone 6,90.6,Zone 6,95.5,Zone 6,93.5,Zone 6,98.4,Zone 6,96.3,Zone 6,101.2,Zone 6,99.2,Zone 6,104.0,Zone 6
Bihar,Rohtas,Bikramganj,30.6,2026-06-29,01:45:00,54.0,2026-06-28,01:45:00,2026-06-29 01:53:20,32.85000000000002,Zone 4,59.2,Zone 5,32.7,Zone 4,42.8,Zone 4,38.2,Zone 4,58.5,Zone 5,43.4,Zone 4,62.0,Zone 5,59.2,Zone 5,64.4,Zone 5
Bihar,Rohtas,Dehri,37.8,2026-06-29,01:45:00,75.0,2026-06-28,01:45:00,2026-06-29 01:53:20,74.25,Zone 6,83.8,Zone 6,75.0,Zone 6,80.2,Zone 6,78.0,Zone 6,83.1,Zone 6,80.9,Zone 6,86.0,Zone 6,83.8,Zone 6,88.8,Zone 6
Bihar,Saharsa,Agwanpur Aws400,25.2,2026-06-29,01:45:00,100.0,2026-06-28,01:45:00,2026-06-29 01:53:20,28.350000000000023,Zone 4,61.5,Zone 5,28.0,Zone 4,51.8,Zone 5,35.2,Zone 4,61.1,Zone 5,54.1,Zone 5,64.0,Zone 5,61.5,Zone 5,66.1,Zone 5
Bihar,Samastipur,Pusa Aws400,27.1,2026-06-29,01:45:00,98.0,2026-06-28,01:45:00,2026-06-29 01:53:20,32.55000000000001,Zone 4,64.5,Zone 5,32.3,Zone 4,60.7,Zone 5,49.7,Zone 5,64.1,Zone 5,61.3,Zone 5,66.5,Zone 5,64.5,Zone 5,68.3,Zone 5
Bihar,Saran,Manjhi,30.1,2026-06-29,01:45:00,98.0,2026-06-28,01:45:00,2026-06-29 01:53:20,59.650000000000034,Zone 5,69.8,Zone 5,59.3,Zone 5,67.2,Zone 5,64.5,Zone 5,69.4,Zone 5,67.6,Zone 5,71.0,Zone 5,69.8,Zone 5,73.4,Zone 6
Bihar,Sheikpura,Sheikpura Kvk,29.5,2026-06-29,01:45:00,,,,2026-06-29 01:53:20,,,,,,,,,,,,,,,,,,,,
Bihar,Siwan,Ziradei,29.1,2026-06-29,01:45:00,89.0,2026-06-28,01:45:00,2026-06-29 01:53:20,36.450000000000045,Zone 4,65.9,Zone 5,36.2,Zone 4,62.5,Zone 5,57.9,Zone 5,65.5,Zone 5,63.0,Zone 5,67.8,Zone 5,65.9,Zone 5,69.4,Zone 5
Bihar,Supaul,Supaul Aws400,25.3,2026-06-29,01:45:00,100.0,2026-06-28,01:45:00,2026-06-29 01:53:20,28.55000000000001,Zone 4,62.4,Zone 5,29.0,Zone 4,55.9,Zone 5,37.6,Zone 5,62.0,Zone 5,58.0,Zone 5,64.7,Zone 5,62.4,Zone 5,66.7,Zone 5
Bihar,Vaishali,Vaishali,28.9,2026-06-29,01:45:00,100.0,2026-06-28,01:45:00,2026-06-29 01:53:20,48.55000000000001,Zone 5,68.5,Zone 5,50.0,Zone 5,65.5,Zone 5,62.5,Zone 5,68.1,Zone 5,66.1,Zone 5,69.9,Zone 5,68.5,Zone 5,71.3,Zone 5
Chandigarh,Chandigarh,Chandigarh,32.6,2026-06-29,01:45:00,,,,2026-06-29 01:53:20,,,,,,,,,,,,,,,,,,,,
Chandigarh,Chandigarh,Dav School,31.8,2026-06-29,01:45:00,60.0,2026-06-28,01:45:00,2026-06-29 01:53:20,36.25,Zone 4,63.2,Zone 5,36.7,Zone 4,59.1,Zone 5,43.0,Zone 4,62.8,Zone 5,59.7,Zone 5,65.4,Zone 5,63.2,Zone 5,67.3,Zone 5
Chhattisgarh,Balrampur,Balrampur Aws400,27.9,2026-06-29,01:45:00,84.0,2026-06-28,01:45:00,2026-06-29 01:53:20,32.25,Zone 4,63.1,Zone 5,32.5,Zone 4,59.0,Zone 5,41.4,Zone 5,62.7,Zone 5,59.6,Zone 5,65.3,Zone 5,63.1,Zone 5,67.3,Zone 5
Chhattisgarh,Bemetara,Bemetara,27.8,2026-06-29,01:45:00,100.0,2026-06-28,01:45:00,2026-06-29 01:53:20,35.05000000000001,Zone 5,66.7,Zone 5,37.1,Zone 5,63.4,Zone 5,59.8,Zone 5,66.3,Zone 5,63.9,Zone 5,68.4,Zone 5,66.7,Zone 5,70.0,Zone 5
Chhattisgarh,Bemetara,Bemetara Durg,29.7,2026-06-29,01:45:00,80.0,2026-06-28,01:45:00,2026-06-29 01:53:20,35.950000000000045,Zone 4,64.6,Zone 5,35.4,Zone 4,60.8,Zone 5,50.2,Zone 5,64.2,Zone 5,61.4,Zone 5,66.6,Zone 5,64.6,Zone 5,68.4,Zone 5
Chhattisgarh,Bilaspur,Bilaspur,28.0,2026-06-29,01:45:00,78.0,2026-06-28,01:45:00,2026-06-29 01:53:20,31.55000000000001,Zone 4,61.7,Zone 5,31.6,Zone 4,52.7,Zone 5,38.2,Zone 4,61.3,Zone 5,55.0,Zone 5,64.1,Zone 5,61.7,Zone 5,66.2,Zone 5
Chhattisgarh,Dhamtari,Dhamtari,,,,63.0,2026-06-28,01:45:00,2026-06-29 01:53:20,,,,,,,,,,,,,,,,,,,,
Chhattisgarh,Dhamtari,Nagri,,,,81.0,2026-06-28,01:45:00,2026-06-29 01:53:20,,,,,,,,,,,,,,,,,,,,
Chhattisgarh,Gariaband,Gariaband,28.1,2026-06-29,01:45:00,88.0,2026-06-28,01:45:00,2026-06-29 01:53:20,33.450000000000045,Zone 4,64.0,Zone 5,33.1,Zone 4,60.1,Zone 5,46.6,Zone 5,63.6,Zone 5,60.7,Zone 5,66.1,Zone 5,64.0,Zone 5,68.0,Zone 5
Chhattisgarh,Janjgir Champa,Janjgir,,,,17.0,2026-06-28,01:45:00,2026-06-29 01:53:20,,,,,,,,,,,,,,,,,,,,
Chhattisgarh,Janjgir Champa,Nawagarh,27.2,2026-06-29,01:45:00,95.0,2026-06-28,01:45:00,2026-06-29 01:53:20,32.35000000000002,Zone 4,63.9,Zone 5,31.8,Zone 4,60.0,Zone 5,45.8,Zone 5,63.5,Zone 5,60.5,Zone 5,66.0,Zone 5,63.9,Zone 5,67.9,Zone 5
Chhattisgarh,Janjgir Champa,Sakti,25.9,2026-06-29,01:45:00,100.0,2026-06-28,01:45:00,2026-06-29 01:53:20,29.850000000000023,Zone 4,63.2,Zone 5,30.1,Zone 4,59.2,Zone 5,42.0,Zone 5,62.8,Zone 5,59.8,Zone 5,65.4,Zone 5,63.2,Zone 5,67.4,Zone 5
Chhattisgarh,Jashpur,Bagicha,28.8,2026-06-29,01:45:00,,,,2026-06-29 01:53:20,,,,,,,,,,,,,,,,,,,,
Chhattisgarh,Kabirdham,Pandaria,30.2,2026-06-29,01:45:00,45.0,2026-06-28,01:45:00,2026-06-29 01:53:20,31.05000000000001,Zone 4,47.0,Zone 5,30.8,Zone 4,40.0,Zone 4,35.7,Zone 4,45.6,Zone 5,40.4,Zone 4,59.3,Zone 5,47.0,Zone 5,62.0,Zone 5
Chhattisgarh,Korba,Lakhanpur Kvk,28.7,2026-06-29,01:45:00,,,,2026-06-29 01:53:20,,,,,,,,,,,,,,,,,,,,
Chhattisgarh,Mahasamund,Pithora,28.1,2026-06-29,01:45:00,68.0,2026-06-28,01:45:00,2026-06-29 01:53:20,30.450000000000045,Zone 4,59.3,Zone 5,30.3,Zone 4,41.3,Zone 5,36.3,Zone 4,58.6,Zone 5,43.4,Zone 5,62.1,Zone 5,59.3,Zone 5,64.5,Zone 5
Chhattisgarh,Mungeli,Lormi,28.5,2026-06-29,01:45:00,79.0,2026-06-28,01:45:00,2026-06-29 01:53:20,32.75,Zone 4,62.7,Zone 5,32.8,Zone 4,57.6,Zone 5,39.7,Zone 4,62.3,Zone 5,59.2,Zone 5,65.0,Zone 5,62.7,Zone 5,67.0,Zone 5
Chhattisgarh,Mungeli,Mungeli,28.5,2026-06-29,01:45:00,81.0,2026-06-28,01:45:00,2026-06-29 01:53:20,33.150000000000034,Zone 4,63.2,Zone 5,33.1,Zone 4,59.2,Zone 5,42.0,Zone 5,62.8,Zone 5,59.7,Zone 5,65.4,Zone 5,63.2,Zone 5,67.4,Zone 5
Chhattisgarh,Pendra Road,Pendra Road,26.4,2026-06-29,01:45:00,82.0,2026-06-28,01:45:00,2026-06-29 01:53:20,28.950000000000045,Zone 4,60.2,Zone 5,29.1,Zone 4,45.5,Zone 5,35.6,Zone 4,59.8,Zone 5,47.8,Zone 5,62.9,Zone 5,60.2,Zone 5,65.1,Zone 5
Chhattisgarh,Raigarh,Dharamjaigarh,27.2,2026-06-29,01:45:00,93.0,2026-06-28,01:45:00,2026-06-29 01:53:20,32.05000000000001,Zone 4,63.4,Zone 5,31.5,Zone 4,59.5,Zone 5,43.3,Zone 5,63.0,Zone 5,60.0,Zone 5,65.6,Zone 5,63.4,Zone 5,67.5,Zone 5
Chhattisgarh,Raigarh,Raigarh,27.3,2026-06-29,01:30:00,94.0,2026-06-28,01:30:00,2026-06-29 01:53:20,32.450000000000045,Zone 4,64.5,Zone 5,32.9,Zone 4,60.7,Zone 5,49.7,Zone 5,64.1,Zone 5,61.3,Zone 5,66.5,Zone 5,64.5,Zone 5,68.3,Zone 5
Chhattisgarh,Raipur,Naya Raipur,29.4,2026-06-29,01:45:00,75.0,2026-06-28,01:45:00,2026-06-29 01:53:20,34.05000000000001,Zone 4,63.4,Zone 5,34.3,Zone 4,59.4,Zone 5,42.8,Zone 5,63.0,Zone 5,59.9,Zone 5,65.5,Zone 5,63.4,Zone 5,67.5,Zone 5
Chhattisgarh,Raipur,Raipur,28.7,2026-06-29,01:45:00,74.0,2026-06-28,01:45:00,2026-06-29 01:53:20,32.450000000000045,Zone 4,61.5,Zone 5,32.0,Zone 4,51.9,Zone 5,38.5,Zone 4,61.1,Zone 5,54.2,Zone 5,64.0,Zone 5,61.5,Zone 5,66.1,Zone 5
Chhattisgarh,Rajnandgaon,Rajnandgaon,27.9,2026-06-29,01:45:00,74.0,2026-06-28,01:45:00,2026-06-29 01:53:20,30.850000000000023,Zone 4,60.7,Zone 5,31.0,Zone 4,48.1,Zone 5,37.4,Zone 4,60.3,Zone 5,50.4,Zone 5,63.3,Zone 5,60.7,Zone 5,65.5,Zone 5
Chhattisgarh,Sukma,Sukma,27.6,2026-06-29,01:45:00,92.0,2026-06-28,01:45:00,2026-06-29 01:53:20,32.85000000000002,Zone 4,64.1,Zone 5,32.6,Zone 4,60.2,Zone 5,47.0,Zone 5,63.7,Zone 5,60.8,Zone 5,66.2,Zone 5,64.1,Zone 5,68.0,Zone 5
Chhattisgarh,Surajpur,Surajpur Aws400,27.9,2026-06-29,01:45:00,72.0,2026-06-28,01:45:00,2026-06-29 01:53:20,30.55000000000001,Zone 4,60.3,Zone 5,30.8,Zone 4,45.7,Zone 5,37.0,Zone 4,59.9,Zone 5,48.0,Zone 5,62.9,Zone 5,60.3,Zone 5,65.2,Zone 5
Dadra And Nagar Haveli,Dadar Nagar,Silvassa,29.1,2026-06-29,01:45:00,84.0,2026-06-28,01:45:00,2026-06-29 01:53:20,35.25,Zone 4,64.7,Zone 5,35.0,Zone 4,61.0,Zone 5,51.1,Zone 5,64.4,Zone 5,61.6,Zone 5,66.7,Zone 5,64.7,Zone 5,68.5,Zone 5
Daman And Diu,Daman,Daman Aws,29.3,2026-06-29,01:45:00,84.0,2026-06-28,01:45:00,2026-06-29 01:53:20,35.75,Zone 4,65.6,Zone 5,36.4,Zone 4,62.0,Zone 5,56.0,Zone 5,65.2,Zone 5,62.6,Zone 5,67.4,Zone 5,65.6,Zone 5,69.1,Zone 5
Daman And Diu,Diu,Diu,29.1,2026-06-29,01:45:00,82.0,2026-06-28,01:45:00,2026-06-29 01:53:20,34.75,Zone 4,64.3,Zone 5,34.5,Zone 4,60.4,Zone 5,48.2,Zone 5,63.9,Zone 5,61.0,Zone 5,66.3,Zone 5,64.3,Zone 5,68.2,Zone 5
Delhi,East Delhi,Salwan Public School,31.5,2026-06-29,01:45:00,52.0,2026-06-28,01:45:00,2026-06-29 01:53:20,34.05000000000001,Zone 4,60.1,Zone 5,34.0,Zone 4,45.0,Zone 5,39.6,Zone 4,59.7,Zone 5,47.2,Zone 5,62.8,Zone 5,60.1,Zone 5,65.1,Zone 5
Delhi,New Delhi,Pragati Maidan,32.3,2026-06-29,01:45:00,,,,2026-06-29 01:53:20,,,,,,,,,,,,,,,,,,,,
Delhi,North West Delhi,Mungeshpur,29.6,2026-06-29,01:45:00,86.0,2026-06-28,01:45:00,2026-06-29 01:53:20,37.25,Zone 4,66.1,Zone 5,36.9,Zone 4,62.6,Zone 5,58.6,Zone 5,65.7,Zone 5,63.2,Zone 5,67.9,Zone 5,66.1,Zone 5,69.5,Zone 5
Delhi,North West Delhi,Pitampura,34.5,2026-06-29,01:45:00,64.0,2026-06-28,01:45:00,2026-06-29 01:53:20,48.150000000000034,Zone 5,68.2,Zone 5,48.2,Zone 5,65.3,Zone 5,62.1,Zone 5,67.9,Zone 5,65.8,Zone 5,69.7,Zone 5,68.2,Zone 5,71.1,Zone 5
Delhi,South Delhi,Pharma Science And Research Un,31.4,2026-06-29,01:45:00,57.0,2026-06-28,01:45:00,2026-06-29 01:53:20,34.85000000000002,Zone 4,61.6,Zone 5,35.0,Zone 4,52.1,Zone 5,40.9,Zone 4,61.2,Zone 5,54.4,Zone 5,64.0,Zone 5,61.6,Zone 5,66.2,Zone 5
Delhi,South West Delhi,Ayanagar,29.9,2026-06-29,01:45:00,65.0,2026-06-28,01:45:00,2026-06-29 01:53:20,33.35000000000002,Zone 4,61.5,Zone 5,33.5,Zone 4,52.0,Zone 5,39.7,Zone 4,61.1,Zone 5,54.3,Zone 5,64.0,Zone 5,61.5,Zone 5,66.1,Zone 5
Delhi,South West Delhi,Ignou,31.1,2026-06-29,01:45:00,46.0,2026-06-28,01:45:00,2026-06-29 01:53:20,32.450000000000045,Zone 4,53.7,Zone 5,32.3,Zone 4,41.8,Zone 4,37.4,Zone 4,52.2,Zone 5,42.2,Zone 4,60.6,Zone 5,53.7,Zone 5,63.2,Zone 5
Delhi,South West Delhi,Jafarpur,30.6,2026-06-29,01:45:00,,,,2026-06-29 01:53:20,,,,,,,,,,,,,,,,,,,,
Delhi,South West Delhi,Kvk Crpf Campus,30.4,2026-06-29,01:45:00,65.0,2026-06-28,01:45:00,2026-06-29 01:53:20,34.35000000000002,Zone 4,62.3,Zone 5,34.6,Zone 4,55.7,Zone 5,40.9,Zone 4,61.9,Zone 5,57.8,Zone 5,64.6,Zone 5,62.3,Zone 5,66.7,Zone 5
Delhi,South West Delhi,Kv Narayna,31.1,2026-06-29,01:45:00,51.0,2026-06-28,01:45:00,2026-06-29 01:53:20,33.25,Zone 4,59.1,Zone 5,33.0,Zone 4,43.0,Zone 4,38.5,Zone 4,57.9,Zone 5,43.5,Zone 4,61.9,Zone 5,59.1,Zone 5,64.3,Zone 5
Delhi,South West Delhi,Najafgarh,30.8,2026-06-29,01:45:00,88.0,2026-06-28,01:45:00,2026-06-29 01:53:20,52.450000000000045,Zone 5,69.1,Zone 5,55.1,Zone 5,66.3,Zone 5,63.5,Zone 5,68.8,Zone 5,66.8,Zone 5,70.5,Zone 5,69.1,Zone 5,72.1,Zone 6
Delhi,West Delhi,Kv Janakpuri,32.6,2026-06-29,01:45:00,53.0,2026-06-28,01:45:00,2026-06-29 01:53:20,36.25,Zone 4,61.8,Zone 5,36.1,Zone 4,53.4,Zone 5,41.9,Zone 4,61.4,Zone 5,55.6,Zone 5,64.2,Zone 5,61.8,Zone 5,66.3,Zone 5
Goa,North Goa,Goa State Biodiversity Board,25.1,2026-06-29,01:15:00,,,,2026-06-29 01:53:20,,,,,,,,,,,,,,,,,,,,
Goa,North Goa,Mopa Airport,24.8,2026-06-29,01:45:00,100.0,2026-06-28,01:45:00,2026-06-29 01:53:20,27.55000000000001,Zone 4,61.5,Zone 5,28.0,Zone 4,51.8,Zone 5,35.2,Zone 4,61.1,Zone 5,54.1,Zone 5,64.0,Zone 5,61.5,Zone 5,66.1,Zone 5
Goa,Panaji,Altinho Imdoffice,24.4,2026-06-29,01:45:00,86.0,2026-06-28,01:45:00,2026-06-29 01:53:20,25.950000000000045,Zone 4,54.7,Zone 5,26.1,Zone 4,37.5,Zone 4,32.3,Zone 4,53.2,Zone 5,38.0,Zone 4,60.8,Zone 5,54.7,Zone 5,63.4,Zone 5
Gujarat,Ahmedabad,Ahmedabad,33.0,2026-06-29,01:45:00,60.0,2026-06-28,01:45:00,2026-06-29 01:53:20,39.05000000000001,Zone 4,64.7,Zone 5,39.1,Zone 4,61.0,Zone 5,50.7,Zone 5,64.3,Zone 5,61.5,Zone 5,66.7,Zone 5,64.7,Zone 5,68.5,Zone 5
Gujarat,Ahmedabad,Dhorela,31.3,2026-06-29,01:45:00,62.0,2026-06-28,01:45:00,2026-06-29 01:53:20,35.650000000000034,Zone 4,63.0,Zone 5,36.1,Zone 4,58.7,Zone 5,42.4,Zone 4,62.6,Zone 5,59.5,Zone 5,65.2,Zone 5,63.0,Zone 5,67.2,Zone 5
Gujarat,Ahmedabad,Science City,31.8,2026-06-29,01:45:00,51.0,2026-06-28,01:45:00,2026-06-29 01:53:20,34.35000000000002,Zone 4,60.5,Zone 5,34.7,Zone 4,47.0,Zone 5,40.3,Zone 4,60.1,Zone 5,49.2,Zone 5,63.1,Zone 5,60.5,Zone 5,65.4,Zone 5
Gujarat,Amreli,Dhari Aws400,28.1,2026-06-29,01:45:00,86.0,2026-06-28,01:45:00,2026-06-29 01:53:20,33.05000000000001,Zone 4,63.6,Zone 5,32.8,Zone 4,59.6,Zone 5,43.9,Zone 5,63.2,Zone 5,60.2,Zone 5,65.7,Zone 5,63.6,Zone 5,67.6,Zone 5
Gujarat,Amreli,Jafrabad,42.3,2026-06-29,01:45:00,82.0,2026-06-28,01:45:00,2026-06-29 01:53:20,97.35000000000002,Zone 6,106.7,Zone 6,98.2,Zone 6,103.0,Zone 6,101.1,Zone 6,105.8,Zone 6,103.9,Zone 6,108.6,Zone 6,106.7,Zone 6,111.4,Zone 6
Gujarat,Amreli,Rajula,30.9,2026-06-29,01:45:00,73.0,2026-06-28,01:45:00,2026-06-29 01:53:20,37.35000000000002,Zone 4,65.2,Zone 5,37.7,Zone 4,61.6,Zone 5,54.0,Zone 5,64.9,Zone 5,62.2,Zone 5,67.2,Zone 5,65.2,Zone 5,68.9,Zone 5
Gujarat,Anand,Khambhat Aws400,31.0,2026-06-29,01:30:00,61.0,2026-06-28,01:30:00,2026-06-29 01:53:20,34.85000000000002,Zone 4,62.0,Zone 5,34.8,Zone 4,54.1,Zone 5,40.9,Zone 4,61.6,Zone 5,56.2,Zone 5,64.4,Zone 5,62.0,Zone 5,66.4,Zone 5
Gujarat,Banaskantha,Tharad Aws400,29.6,2026-06-29,01:45:00,58.0,2026-06-28,01:45:00,2026-06-29 01:53:20,31.75,Zone 4,58.7,Zone 5,31.6,Zone 4,41.9,Zone 4,37.2,Zone 4,57.3,Zone 5,42.5,Zone 4,61.8,Zone 5,58.7,Zone 5,64.2,Zone 5
Gujarat,Bharuch,Hansot Aws400,30.3,2026-06-29,01:30:00,83.0,2026-06-28,01:30:00,2026-06-29 01:53:20,38.55000000000001,Zone 4,67.0,Zone 5,39.3,Zone 4,63.8,Zone 5,60.3,Zone 5,66.6,Zone 5,64.3,Zone 5,68.7,Zone 5,67.0,Zone 5,70.2,Zone 5
Gujarat,Bhavnagar,Bhavnagar,30.6,2026-06-29,01:45:00,59.0,2026-06-28,01:45:00,2026-06-29 01:53:20,33.650000000000034,Zone 4,60.7,Zone 5,33.5,Zone 4,47.7,Zone 5,39.3,Zone 4,60.3,Zone 5,50.0,Zone 5,63.2,Zone 5,60.7,Zone 5,65.5,Zone 5
Gujarat,Bhavnagar,Talaja Aws400,28.7,2026-06-29,01:30:00,80.0,2026-06-28,01:30:00,2026-06-29 01:53:20,33.450000000000045,Zone 4,63.0,Zone 5,32.9,Zone 4,58.6,Zone 5,40.7,Zone 5,62.6,Zone 5,59.5,Zone 5,65.2,Zone 5,63.0,Zone 5,67.2,Zone 5
Gujarat,Botad,Botad,30.0,2026-06-29,01:45:00,69.0,2026-06-28,01:45:00,2026-06-29 01:53:20,34.25,Zone 4,62.6,Zone 5,34.3,Zone 4,57.0,Zone 5,40.8,Zone 4,62.2,Zone 5,59.0,Zone 5,64.9,Zone 5,62.6,Zone 5,66.9,Zone 5
Gujarat,Dahod,Dahod Kvk,29.9,2026-06-29,01:45:00,60.0,2026-06-28,01:45:00,2026-06-29 01:53:20,32.55000000000001,Zone 4,60.2,Zone 5,32.7,Zone 4,45.5,Zone 5,38.6,Zone 4,59.8,Zone 5,47.8,Zone 5,62.8,Zone 5,60.2,Zone 5,65.1,Zone 5
Gujarat,Dang,Dang Kvk,29.5,2026-06-29,01:45:00,82.0,2026-06-28,01:45:00,2026-06-29 01:53:20,35.85000000000002,Zone 4,65.1,Zone 5,35.9,Zone 4,61.4,Zone 5,53.2,Zone 5,64.7,Zone 5,62.0,Zone 5,67.0,Zone 5,65.1,Zone 5,68.8,Zone 5
Gujarat,Gandhinagar,Gandhinagar,32.3,2026-06-29,01:45:00,43.0,2026-06-28,01:45:00,2026-06-29 01:53:20,33.75,Zone 4,57.8,Zone 5,34.1,Zone 4,43.5,Zone 4,39.2,Zone 4,56.4,Zone 5,44.0,Zone 4,61.6,Zone 5,57.8,Zone 5,64.0,Zone 5
Gujarat,Gir Somnath,Veraval   Aws400,29.4,2026-06-29,01:45:00,84.0,2026-06-28,01:45:00,2026-06-29 01:53:20,36.05000000000001,Zone 4,65.6,Zone 5,36.4,Zone 4,62.0,Zone 5,56.0,Zone 5,65.2,Zone 5,62.6,Zone 5,67.4,Zone 5,65.6,Zone 5,69.1,Zone 5
Gujarat,Kachchh,Bachau Amfu,29.3,2026-06-29,01:45:00,67.0,2026-06-28,01:45:00,2026-06-29 01:53:20,32.55000000000001,Zone 4,61.3,Zone 5,32.9,Zone 4,50.9,Zone 5,39.1,Zone 4,60.9,Zone 5,53.2,Zone 5,63.8,Zone 5,61.3,Zone 5,66.0,Zone 5
Gujarat,Kachchh,Kandla,29.7,2026-06-29,01:45:00,76.0,2026-06-28,01:45:00,2026-06-29 01:53:20,35.05000000000001,Zone 4,63.6,Zone 5,34.5,Zone 4,59.7,Zone 5,44.2,Zone 5,63.2,Zone 5,60.2,Zone 5,65.8,Zone 5,63.6,Zone 5,67.7,Zone 5
Gujarat,Kachchh,Mundra,29.6,2026-06-29,01:45:00,74.0,2026-06-28,01:45:00,2026-06-29 01:53:20,34.35000000000002,Zone 4,63.1,Zone 5,34.1,Zone 4,59.0,Zone 5,41.4,Zone 5,62.7,Zone 5,59.6,Zone 5,65.3,Zone 5,63.1,Zone 5,67.3,Zone 5
Gujarat,Kachchh,Rapar,29.8,2026-06-29,01:15:00,,,,2026-06-29 01:53:20,,,,,,,,,,,,,,,,,,,,
Gujarat,Mahesana,Jagudan,31.8,2026-06-29,01:45:00,52.0,2026-06-28,01:45:00,2026-06-29 01:53:20,34.55000000000001,Zone 4,60.8,Zone 5,34.9,Zone 4,48.4,Zone 5,40.6,Zone 4,60.4,Zone 5,50.7,Zone 5,63.4,Zone 5,60.8,Zone 5,65.6,Zone 5
Gujarat,Mahisagar,Lunavada,30.9,2026-06-29,01:45:00,63.0,2026-06-28,01:45:00,2026-06-29 01:53:20,35.05000000000001,Zone 4,62.5,Zone 5,35.2,Zone 4,56.6,Zone 5,41.5,Zone 4,62.1,Zone 5,58.7,Zone 5,64.8,Zone 5,62.5,Zone 5,66.9,Zone 5
Gujarat,Morbi,Halwad,29.9,2026-06-29,01:45:00,72.0,2026-06-28,01:45:00,2026-06-29 01:53:20,34.650000000000034,Zone 4,63.4,Zone 5,34.9,Zone 4,59.4,Zone 5,42.9,Zone 5,63.0,Zone 5,60.0,Zone 5,65.6,Zone 5,63.4,Zone 5,67.5,Zone 5
Gujarat,Patan,Patan,32.3,2026-06-29,01:45:00,57.0,2026-06-28,01:45:00,2026-06-29 01:53:20,36.650000000000034,Zone 4,63.0,Zone 5,37.0,Zone 4,58.9,Zone 5,43.2,Zone 4,62.6,Zone 5,59.5,Zone 5,65.3,Zone 5,63.0,Zone 5,67.2,Zone 5
Gujarat,Patan,Radhanpur,31.4,2026-06-29,01:45:00,57.0,2026-06-28,01:45:00,2026-06-29 01:53:20,34.85000000000002,Zone 4,61.6,Zone 5,35.0,Zone 4,52.1,Zone 5,40.9,Zone 4,61.2,Zone 5,54.4,Zone 5,64.0,Zone 5,61.6,Zone 5,66.2,Zone 5
Gujarat,Porbandar,Porbandar,20.2,2026-06-29,01:45:00,78.0,2026-06-28,01:45:00,2026-06-29 01:53:20,20.75,Zone 3,34.7,Zone 4,20.5,Zone 3,30.0,Zone 4,25.5,Zone 4,34.5,Zone 4,30.2,Zone 4,38.8,Zone 4,34.7,Zone 4,51.9,Zone 5
Gujarat,Sabarkantha,Bayad,31.1,2026-06-29,01:45:00,66.0,2026-06-28,01:45:00,2026-06-29 01:53:20,36.150000000000034,Zone 4,63.3,Zone 5,35.9,Zone 4,59.3,Zone 5,42.7,Zone 5,63.0,Zone 5,59.9,Zone 5,65.5,Zone 5,63.3,Zone 5,67.5,Zone 5
Gujarat,Sabarkantha,Himatnagar,,,,64.0,2026-06-28,01:45:00,2026-06-29 01:53:20,,,,,,,,,,,,,,,,,,,,
Gujarat,Surat,Surat,30.9,2026-06-29,01:45:00,87.0,2026-06-28,01:45:00,2026-06-29 01:53:20,51.85000000000002,Zone 5,68.9,Zone 5,53.2,Zone 5,66.0,Zone 5,63.1,Zone 5,68.5,Zone 5,66.5,Zone 5,70.3,Zone 5,68.9,Zone 5,71.6,Zone 6
Gujarat,Surat,Surat Kvk,30.2,2026-06-29,01:45:00,,,,2026-06-29 01:53:20,,,,,,,,,,,,,,,,,,,,
Gujarat,Surendranagar,Surendranagar,29.8,2026-06-29,01:45:00,65.0,2026-06-28,01:45:00,2026-06-29 01:53:20,33.150000000000034,Zone 4,61.5,Zone 5,33.5,Zone 4,52.0,Zone 5,39.7,Zone 4,61.1,Zone 5,54.3,Zone 5,64.0,Zone 5,61.5,Zone 5,66.1,Zone 5
Gujarat,Vadodara,Vadodara Aws400,30.9,2026-06-29,01:45:00,68.0,2026-06-28,01:45:00,2026-06-29 01:53:20,36.150000000000034,Zone 4,63.9,Zone 5,36.4,Zone 4,60.0,Zone 5,45.9,Zone 5,63.5,Zone 5,60.6,Zone 5,66.0,Zone 5,63.9,Zone 5,67.9,Zone 5
Haryana,Bhiwani,Bhiwani,30.6,2026-06-29,01:45:00,63.0,2026-06-28,01:45:00,2026-06-29 01:53:20,34.35000000000002,Zone 4,61.8,Zone 5,34.2,Zone 4,53.1,Zone 5,40.3,Zone 4,61.4,Zone 5,55.3,Zone 5,64.2,Zone 5,61.8,Zone 5,66.3,Zone 5
Haryana,Charkhi Dadri,Revenue Office Aws400,32.0,2026-06-29,01:45:00,55.0,2026-06-28,01:45:00,2026-06-29 01:53:20,35.55000000000001,Zone 4,61.7,Zone 5,35.6,Zone 4,52.8,Zone 5,41.4,Zone 4,61.3,Zone 5,55.1,Zone 5,64.1,Zone 5,61.7,Zone 5,66.3,Zone 5
Haryana,Faridabad,Bopani,34.3,2026-06-29,01:45:00,88.0,2026-06-28,01:45:00,2026-06-29 01:53:20,69.55000000000001,Zone 5,79.1,Zone 6,70.3,Zone 5,75.5,Zone 6,73.2,Zone 6,78.4,Zone 6,76.1,Zone 6,81.3,Zone 6,79.1,Zone 6,84.2,Zone 6
Haryana,Fatehabad,Fatehabad,31.3,2026-06-29,01:45:00,58.0,2026-06-28,01:45:00,2026-06-29 01:53:20,34.85000000000002,Zone 4,61.8,Zone 5,35.2,Zone 4,53.5,Zone 5,41.2,Zone 4,61.5,Zone 5,55.7,Zone 5,64.3,Zone 5,61.8,Zone 5,66.4,Zone 5
Haryana,Gurgaon,Gurgaon,30.2,2026-06-29,01:45:00,99.0,2026-06-28,01:45:00,2026-06-29 01:53:20,60.450000000000045,Zone 5,70.0,Zone 5,59.7,Zone 5,67.5,Zone 5,64.8,Zone 5,69.7,Zone 5,67.9,Zone 5,71.2,Zone 5,70.0,Zone 5,73.8,Zone 6
Haryana,Gurgaon,Gurgaon Kvk,31.5,2026-06-29,01:45:00,14.0,2026-06-28,01:45:00,2026-06-29 01:53:20,29.450000000000045,Zone 4,40.2,Zone 4,29.4,Zone 4,36.7,Zone 4,33.3,Zone 4,40.1,Zone 4,36.8,Zone 4,43.4,Zone 4,40.2,Zone 4,46.6,Zone 5
Haryana,Gurgaon,Northcap University,31.6,2026-06-29,01:45:00,57.0,2026-06-28,01:45:00,2026-06-29 01:53:20,35.150000000000034,Zone 4,61.6,Zone 5,35.0,Zone 4,52.1,Zone 5,40.9,Zone 4,61.2,Zone 5,54.4,Zone 5,64.0,Zone 5,61.6,Zone 5,66.2,Zone 5
Haryana,Hisar,Balasmand,30.5,2026-06-29,01:45:00,63.0,2026-06-28,01:45:00,2026-06-29 01:53:20,34.150000000000034,Zone 4,61.8,Zone 5,34.2,Zone 4,53.1,Zone 5,40.3,Zone 4,61.4,Zone 5,55.3,Zone 5,64.2,Zone 5,61.8,Zone 5,66.3,Zone 5
Haryana,Hisar,Hissar Amfu,30.9,2026-06-29,01:45:00,61.0,2026-06-28,01:45:00,2026-06-29 01:53:20,34.650000000000034,Zone 4,62.0,Zone 5,34.8,Zone 4,54.1,Zone 5,40.9,Zone 4,61.6,Zone 5,56.2,Zone 5,64.4,Zone 5,62.0,Zone 5,66.4,Zone 5
Haryana,Hisar,Sadalpur,31.7,2026-06-29,01:45:00,57.0,2026-06-28,01:45:00,2026-06-29 01:53:20,35.35000000000002,Zone 4,61.6,Zone 5,35.0,Zone 4,52.1,Zone 5,40.9,Zone 4,61.2,Zone 5,54.4,Zone 5,64.0,Zone 5,61.6,Zone 5,66.2,Zone 5
Haryana,Jhajjar,Jhajjar,29.9,2026-06-29,01:45:00,60.0,2026-06-28,01:45:00,2026-06-29 01:53:20,32.55000000000001,Zone 4,60.2,Zone 5,32.7,Zone 4,45.5,Zone 5,38.6,Zone 4,59.8,Zone 5,47.8,Zone 5,62.8,Zone 5,60.2,Zone 5,65.1,Zone 5
Haryana,Jind,Pandu Pindara,31.3,2026-06-29,01:45:00,59.0,2026-06-28,01:45:00,2026-06-29 01:53:20,35.05000000000001,Zone 4,62.1,Zone 5,35.4,Zone 4,54.9,Zone 5,41.5,Zone 4,61.7,Zone 5,57.0,Zone 5,64.5,Zone 5,62.1,Zone 5,66.6,Zone 5
Haryana,Kaithal,Kaithal,31.0,2026-06-29,01:45:00,63.0,2026-06-28,01:45:00,2026-06-29 01:53:20,35.25,Zone 4,62.5,Zone 5,35.2,Zone 4,56.6,Zone 5,41.5,Zone 4,62.1,Zone 5,58.7,Zone 5,64.8,Zone 5,62.5,Zone 5,66.9,Zone 5
Haryana,Kaithal,Kaul Amfu,30.6,2026-06-29,01:45:00,100.0,2026-06-28,01:45:00,2026-06-29 01:53:20,62.35000000000002,Zone 5,71.1,Zone 5,62.0,Zone 5,68.8,Zone 5,66.5,Zone 5,70.8,Zone 5,69.3,Zone 5,73.1,Zone 6,71.1,Zone 5,76.0,Zone 6
Haryana,Karnal,Indri Rest House,30.3,2026-06-29,01:45:00,,,,2026-06-29 01:53:20,,,,,,,,,,,,,,,,,,,,
Haryana,Karnal,Karnal,30.2,2026-06-29,01:45:00,,,,2026-06-29 01:53:20,,,,,,,,,,,,,,,,,,,,
Haryana,Karnal,Uchani,31.8,2026-06-29,01:45:00,78.0,2026-06-28,01:45:00,2026-06-29 01:53:20,45.35000000000002,Zone 5,68.2,Zone 5,48.0,Zone 5,65.2,Zone 5,62.1,Zone 5,67.9,Zone 5,65.8,Zone 5,69.7,Zone 5,68.2,Zone 5,71.1,Zone 5
Haryana,Kurukshetra,Pehowa,29.7,2026-06-29,01:45:00,,,,2026-06-29 01:53:20,,,,,,,,,,,,,,,,,,,,
Haryana,Mahendragarh,Mahendragarh Aws,30.3,2026-06-29,01:45:00,62.0,2026-06-28,01:45:00,2026-06-29 01:53:20,33.650000000000034,Zone 4,61.5,Zone 5,34.0,Zone 4,51.8,Zone 5,40.1,Zone 4,61.1,Zone 5,54.0,Zone 5,63.9,Zone 5,61.5,Zone 5,66.1,Zone 5
Haryana,Mewat,Mandkola,29.4,2026-06-29,01:45:00,18.0,2026-06-28,01:45:00,2026-06-29 01:53:20,27.850000000000023,Zone 4,39.0,Zone 4,27.9,Zone 4,35.4,Zone 4,31.9,Zone 4,38.9,Zone 4,35.5,Zone 4,42.3,Zone 4,39.0,Zone 4,45.5,Zone 4
Haryana,Mewat,Nuh,31.7,2026-06-29,01:45:00,,,,2026-06-29 01:53:20,,,,,,,,,,,,,,,,,,,,
Haryana,Palwal,Palwal Water Service Division,30.4,2026-06-29,01:45:00,,,,2026-06-29 01:53:20,,,,,,,,,,,,,,,,,,,,
Haryana,Rewari,Bawal,30.4,2026-06-29,01:45:00,66.0,2026-06-28,01:45:00,2026-06-29 01:53:20,34.55000000000001,Zone 4,62.6,Zone 5,34.8,Zone 4,56.9,Zone 5,41.2,Zone 4,62.2,Zone 5,58.9,Zone 5,64.9,Zone 5,62.6,Zone 5,66.9,Zone 5
Haryana,Rohtak,Canal Rest House,29.8,2026-06-29,01:45:00,70.0,2026-06-28,01:45:00,2026-06-29 01:53:20,34.05000000000001,Zone 4,62.9,Zone 5,34.5,Zone 4,58.1,Zone 5,41.1,Zone 4,62.5,Zone 5,59.3,Zone 5,65.1,Zone 5,62.9,Zone 5,67.1,Zone 5
Haryana,Rohtak,Rohtak,29.8,2026-06-29,01:45:00,70.0,2026-06-28,01:45:00,2026-06-29 01:53:20,34.05000000000001,Zone 4,62.9,Zone 5,34.5,Zone 4,58.1,Zone 5,41.1,Zone 4,62.5,Zone 5,59.3,Zone 5,65.1,Zone 5,62.9,Zone 5,67.1,Zone 5
Haryana,Sirsa,Canal Colony Village Ottu,30.9,2026-06-29,01:45:00,68.0,2026-06-28,01:45:00,2026-06-29 01:53:20,36.150000000000034,Zone 4,63.9,Zone 5,36.4,Zone 4,60.0,Zone 5,45.9,Zone 5,63.5,Zone 5,60.6,Zone 5,66.0,Zone 5,63.9,Zone 5,67.9,Zone 5
Haryana,Sirsa,Sirsa,32.6,2026-06-29,01:45:00,48.0,2026-06-28,01:45:00,2026-06-29 01:53:20,35.25,Zone 4,60.3,Zone 5,35.0,Zone 4,45.9,Zone 5,40.5,Zone 4,59.9,Zone 5,48.1,Zone 5,62.9,Zone 5,60.3,Zone 5,65.2,Zone 5
Haryana,Sonipat,Canal Resthouse Saragthal,29.2,2026-06-29,01:30:00,87.0,2026-06-28,01:30:00,2026-06-29 01:53:20,36.25,Zone 4,65.5,Zone 5,35.7,Zone 4,61.9,Zone 5,55.3,Zone 5,65.1,Zone 5,62.4,Zone 5,67.3,Zone 5,65.5,Zone 5,69.0,Zone 5
Haryana,Sonipat,Jagdishpur,29.3,2026-06-29,01:45:00,,,,2026-06-29 01:53:20,,,,,,,,,,,,,,,,,,,,
Haryana,Yamunanagar,Hathinkundberaj,29.1,2026-06-29,01:45:00,83.0,2026-06-28,01:45:00,2026-06-29 01:53:20,35.05000000000001,Zone 4,64.5,Zone 5,34.7,Zone 4,60.7,Zone 5,49.6,Zone 5,64.1,Zone 5,61.3,Zone 5,66.5,Zone 5,64.5,Zone 5,68.3,Zone 5
Himachal Pradesh,Bilaspur,Berthin,26.7,2026-06-29,01:45:00,,,,2026-06-29 01:53:20,,,,,,,,,,,,,,,,,,,,
Himachal Pradesh,Bilaspur,Bilaspur Kvk,26.4,2026-06-29,01:45:00,86.0,2026-06-28,01:45:00,2026-06-29 01:53:20,29.350000000000023,Zone 4,61.1,Zone 5,29.6,Zone 4,49.8,Zone 5,36.3,Zone 4,60.7,Zone 5,52.1,Zone 5,63.6,Zone 5,61.1,Zone 5,65.8,Zone 5
Himachal Pradesh,Chamba,Udaipur,22.0,2026-06-29,01:30:00,99.0,2026-06-28,01:30:00,2026-06-29 01:53:20,23.650000000000034,Zone 3,48.4,Zone 5,23.7,Zone 3,34.4,Zone 4,29.2,Zone 4,46.8,Zone 5,34.9,Zone 4,59.5,Zone 5,48.4,Zone 5,62.2,Zone 5
Himachal Pradesh,Hamirpur,Hamirpur Neri,26.4,2026-06-29,01:45:00,100.0,2026-06-28,01:45:00,2026-06-29 01:53:20,31.05000000000001,Zone 4,64.1,Zone 5,31.3,Zone 4,60.2,Zone 5,47.0,Zone 5,63.7,Zone 5,60.8,Zone 5,66.2,Zone 5,64.1,Zone 5,68.0,Zone 5
Himachal Pradesh,Kangra,Malan,25.9,2026-06-29,01:30:00,,,,2026-06-29 01:53:20,,,,,,,,,,,,,,,,,,,,
Himachal Pradesh,Kinnaur,Kalpa,14.7,2026-06-29,01:30:00,34.0,2026-06-28,01:30:00,2026-06-29 01:53:20,12.150000000000034,Zone 2,27.2,Zone 4,12.0,Zone 2,24.1,Zone 3,19.7,Zone 3,27.3,Zone 4,24.0,Zone 3,30.7,Zone 4,27.2,Zone 4,33.9,Zone 4
Himachal Pradesh,Kinnaur,Reckon,19.6,2026-06-29,01:45:00,75.0,2026-06-28,01:45:00,2026-06-29 01:53:20,19.850000000000023,Zone 3,33.8,Zone 4,19.7,Zone 3,29.3,Zone 4,25.0,Zone 3,33.6,Zone 4,29.5,Zone 4,37.8,Zone 4,33.8,Zone 4,48.1,Zone 5
Himachal Pradesh,Kullu,Seobagh Amfu,,,,76.0,2026-06-28,01:45:00,2026-06-29 01:53:20,,,,,,,,,,,,,,,,,,,,
Himachal Pradesh,Lahaul And Spiti,Keylong,13.2,2026-06-29,01:30:00,99.0,2026-06-28,01:30:00,2026-06-29 01:53:20,13.150000000000034,Zone 2,27.6,Zone 4,13.0,Zone 2,24.1,Zone 3,20.2,Zone 3,27.5,Zone 4,24.1,Zone 3,31.5,Zone 4,27.6,Zone 4,35.4,Zone 4
Himachal Pradesh,Lahaul And Spiti,Tabo,15.7,2026-06-29,01:45:00,49.0,2026-06-28,01:45:00,2026-06-29 01:53:20,13.75,Zone 2,28.5,Zone 4,13.6,Zone 2,24.9,Zone 3,21.0,Zone 3,28.5,Zone 4,24.9,Zone 3,32.0,Zone 4,28.5,Zone 4,35.5,Zone 4
Himachal Pradesh,Mandi,Sundernagar Kvk,25.0,2026-06-29,01:45:00,93.0,2026-06-28,01:45:00,2026-06-29 01:53:20,27.450000000000045,Zone 4,60.1,Zone 5,27.4,Zone 4,45.0,Zone 5,34.1,Zone 4,59.7,Zone 5,47.3,Zone 5,62.8,Zone 5,60.1,Zone 5,65.1,Zone 5
Himachal Pradesh,Shimla,Choppal,44.7,2026-06-29,01:45:00,74.0,2026-06-28,01:45:00,2026-06-29 01:53:20,100.85000000000002,Zone 6,108.5,Zone 6,100.0,Zone 6,104.7,Zone 6,102.8,Zone 6,107.6,Zone 6,105.6,Zone 6,110.3,Zone 6,108.5,Zone 6,113.1,Zone 6
Himachal Pradesh,Shimla,Fagu,16.1,2026-06-29,01:30:00,,,,2026-06-29 01:53:20,,,,,,,,,,,,,,,,,,,,
Himachal Pradesh,Shimla,Hipa,19.4,2026-06-29,01:45:00,91.0,2026-06-28,01:45:00,2026-06-29 01:53:20,20.350000000000023,Zone 3,35.1,Zone 4,20.5,Zone 3,30.1,Zone 4,25.3,Zone 4,34.8,Zone 4,30.3,Zone 4,43.0,Zone 5,35.1,Zone 4,56.3,Zone 5
Himachal Pradesh,Shimla,Kotkhai,19.5,2026-06-29,01:45:00,100.0,2026-06-28,01:45:00,2026-06-29 01:53:20,20.850000000000023,Zone 3,35.9,Zone 4,20.9,Zone 3,30.6,Zone 4,25.7,Zone 4,35.5,Zone 4,30.9,Zone 4,48.0,Zone 5,35.9,Zone 4,59.4,Zone 5
Himachal Pradesh,Shimla,Kufri,16.7,2026-06-29,01:45:00,95.0,2026-06-28,01:45:00,2026-06-29 01:53:20,17.25,Zone 3,31.3,Zone 4,17.0,Zone 3,26.7,Zone 4,23.1,Zone 3,31.2,Zone 4,26.9,Zone 4,35.4,Zone 4,31.3,Zone 4,44.4,Zone 5
Himachal Pradesh,Shimla,Mashobra,19.6,2026-06-29,01:45:00,98.0,2026-06-28,01:45:00,2026-06-29 01:53:20,20.950000000000045,Zone 3,35.7,Zone 4,20.8,Zone 3,30.4,Zone 4,25.6,Zone 4,35.4,Zone 4,30.8,Zone 4,46.9,Zone 5,35.7,Zone 4,59.1,Zone 5
Himachal Pradesh,Shimla,Narkanda,14.7,2026-06-29,01:45:00,97.0,2026-06-28,01:45:00,2026-06-29 01:53:20,14.75,Zone 3,29.1,Zone 4,14.5,Zone 3,25.0,Zone 3,21.5,Zone 3,29.0,Zone 4,25.0,Zone 3,33.1,Zone 4,29.1,Zone 4,37.1,Zone 5
Himachal Pradesh,Shimla,Shimala Cpri,20.4,2026-06-29,01:45:00,80.0,2026-06-28,01:45:00,2026-06-29 01:53:20,21.05000000000001,Zone 3,35.6,Zone 4,21.2,Zone 3,30.7,Zone 4,26.1,Zone 4,35.3,Zone 4,31.0,Zone 4,41.7,Zone 5,35.6,Zone 4,55.2,Zone 5
Jammu And Kashmir,Anantnag,Amarnath,9.6,2026-06-29,01:45:00,79.0,2026-06-28,01:45:00,2026-06-29 01:53:20,8.950000000000045,Zone 2,24.6,Zone 3,8.9,Zone 2,21.8,Zone 3,16.7,Zone 3,24.6,Zone 3,21.7,Zone 3,27.8,Zone 4,24.6,Zone 3,31.2,Zone 4
Jammu And Kashmir,Anantnag,Anantnag,,,,100.0,2026-06-28,01:30:00,2026-06-29 01:53:20,,,,,,,,,,,,,,,,,,,,
Jammu And Kashmir,Anantnag,Chandanwari,15.3,2026-06-29,01:45:00,67.0,2026-06-28,01:45:00,2026-06-29 01:53:20,14.050000000000011,Zone 3,29.1,Zone 4,14.3,Zone 3,25.1,Zone 3,21.5,Zone 3,29.0,Zone 4,25.2,Zone 3,32.8,Zone 4,29.1,Zone 4,36.4,Zone 4
Jammu And Kashmir,Anantnag,Khudwani,23.5,2026-06-29,01:45:00,93.0,2026-06-28,01:45:00,2026-06-29 01:53:20,25.05000000000001,Zone 3,53.8,Zone 5,25.0,Zone 3,36.5,Zone 4,31.2,Zone 4,52.3,Zone 5,37.1,Zone 4,60.7,Zone 5,53.8,Zone 5,63.2,Zone 5
Jammu And Kashmir,Anantnag,Larnoo,21.1,2026-06-29,01:45:00,99.0,2026-06-28,01:45:00,2026-06-29 01:53:20,22.650000000000034,Zone 3,41.9,Zone 5,22.6,Zone 3,32.7,Zone 4,27.7,Zone 4,40.6,Zone 5,33.2,Zone 4,55.8,Zone 5,41.9,Zone 5,61.0,Zone 5
Jammu And Kashmir,Anantnag,Pahalgam,15.6,2026-06-29,01:30:00,83.0,2026-06-28,01:30:00,2026-06-29 01:53:20,15.25,Zone 3,29.7,Zone 4,15.1,Zone 3,25.4,Zone 4,22.0,Zone 3,29.6,Zone 4,25.5,Zone 4,33.6,Zone 4,29.7,Zone 4,37.4,Zone 4
Jammu And Kashmir,Anantnag,Panchtarni,8.4,2026-06-29,01:45:00,90.0,2026-06-28,01:45:00,2026-06-29 01:53:20,8.150000000000034,Zone 2,24.2,Zone 3,8.2,Zone 2,21.3,Zone 3,16.0,Zone 3,24.3,Zone 3,21.2,Zone 3,27.2,Zone 4,24.2,Zone 3,30.6,Zone 4
Jammu And Kashmir,Anantnag,Sheshnag,10.2,2026-06-29,01:45:00,82.0,2026-06-28,01:45:00,2026-06-29 01:53:20,9.650000000000034,Zone 2,24.9,Zone 3,9.4,Zone 2,22.1,Zone 3,17.2,Zone 3,24.9,Zone 3,22.0,Zone 3,28.3,Zone 4,24.9,Zone 3,31.7,Zone 4
Jammu And Kashmir,Badgam,Harran,20.4,2026-06-29,01:30:00,91.0,2026-06-28,01:30:00,2026-06-29 01:53:20,21.55000000000001,Zone 3,36.6,Zone 4,21.7,Zone 3,31.4,Zone 4,26.6,Zone 4,36.3,Zone 4,31.7,Zone 4,48.3,Zone 5,36.6,Zone 4,59.4,Zone 5
Jammu And Kashmir,Bandipora,Bandipora,20.4,2026-06-29,01:30:00,100.0,2026-06-28,01:30:00,2026-06-29 01:53:20,21.950000000000045,Zone 3,39.6,Zone 5,22.0,Zone 3,32.0,Zone 4,27.0,Zone 4,38.4,Zone 5,32.4,Zone 4,53.6,Zone 5,39.6,Zone 5,60.6,Zone 5
Jammu And Kashmir,Baramulla,Baramulla Amfu,,,,88.0,2026-06-28,01:30:00,2026-06-29 01:53:20,,,,,,,,,,,,,,,,,,,,
Jammu And Kashmir,Baramulla,Baramulla Kvk,20.1,2026-06-29,01:45:00,74.0,2026-06-28,01:45:00,2026-06-29 01:53:20,20.450000000000045,Zone 3,34.4,Zone 4,20.3,Zone 3,29.8,Zone 4,25.3,Zone 4,34.2,Zone 4,30.0,Zone 4,38.4,Zone 4,34.4,Zone 4,49.8,Zone 5
Jammu And Kashmir,Baramulla,Gulmarg,15.8,2026-06-29,01:45:00,52.0,2026-06-28,01:45:00,2026-06-29 01:53:20,13.950000000000045,Zone 2,29.0,Zone 4,14.2,Zone 3,25.2,Zone 3,21.5,Zone 3,29.0,Zone 4,25.2,Zone 3,32.6,Zone 4,29.0,Zone 4,36.1,Zone 4
Jammu And Kashmir,Ganderbal,Baltal,11.6,2026-06-29,01:45:00,90.0,2026-06-28,01:45:00,2026-06-29 01:53:20,11.25,Zone 2,26.0,Zone 4,11.2,Zone 2,23.1,Zone 3,18.7,Zone 3,26.0,Zone 4,23.1,Zone 3,29.8,Zone 4,26.0,Zone 4,33.4,Zone 4
Jammu And Kashmir,Ganderbal,Bararri,9.9,2026-06-29,01:45:00,70.0,2026-06-28,01:45:00,2026-06-29 01:53:20,8.950000000000045,Zone 2,24.7,Zone 3,9.1,Zone 2,21.9,Zone 3,16.9,Zone 3,24.8,Zone 3,21.8,Zone 3,28.0,Zone 4,24.7,Zone 3,31.4,Zone 4
Jammu And Kashmir,Ganderbal,Sangam,9.8,2026-06-29,01:45:00,88.0,2026-06-28,01:45:00,2026-06-29 01:53:20,9.450000000000045,Zone 2,24.9,Zone 3,9.6,Zone 2,22.2,Zone 3,17.3,Zone 3,24.9,Zone 3,22.1,Zone 3,28.4,Zone 4,24.9,Zone 3,31.9,Zone 4
Jammu And Kashmir,Ganderbal,Sonemarg,12.9,2026-06-29,01:45:00,91.0,2026-06-28,01:45:00,2026-06-29 01:53:20,12.550000000000011,Zone 2,27.4,Zone 4,12.7,Zone 2,24.0,Zone 3,20.0,Zone 3,27.4,Zone 4,24.0,Zone 3,31.3,Zone 4,27.4,Zone 4,35.0,Zone 4
Jammu And Kashmir,Jammu,Chatha Amfu,32.6,2026-06-29,01:45:00,86.0,2026-06-28,01:45:00,2026-06-29 01:53:20,62.450000000000045,Zone 5,71.2,Zone 5,62.1,Zone 5,68.9,Zone 5,66.6,Zone 5,70.9,Zone 5,69.3,Zone 5,73.2,Zone 6,71.2,Zone 5,76.1,Zone 6
Jammu And Kashmir,Jammu,Jammu,30.5,2026-06-29,01:45:00,84.0,2026-06-28,01:45:00,2026-06-29 01:53:20,40.75,Zone 5,67.3,Zone 5,40.8,Zone 5,64.1,Zone 5,60.7,Zone 5,66.9,Zone 5,64.6,Zone 5,68.9,Zone 5,67.3,Zone 5,70.4,Zone 5
Jammu And Kashmir,Kathua,Kathua Kvk,29.8,2026-06-29,01:45:00,68.0,2026-06-28,01:45:00,2026-06-29 01:53:20,33.650000000000034,Zone 4,62.3,Zone 5,34.1,Zone 4,55.8,Zone 5,40.5,Zone 4,61.9,Zone 5,57.9,Zone 5,64.7,Zone 5,62.3,Zone 5,66.7,Zone 5
Jammu And Kashmir,Kishtwar,Gulabgarh,14.8,2026-06-29,01:45:00,68.0,2026-06-28,01:45:00,2026-06-29 01:53:20,13.650000000000034,Zone 2,28.6,Zone 4,13.8,Zone 2,24.9,Zone 3,21.1,Zone 3,28.6,Zone 4,24.9,Zone 3,32.4,Zone 4,28.6,Zone 4,36.0,Zone 4
Jammu And Kashmir,Kishtwar,Kishtwar,23.9,2026-06-29,01:30:00,80.0,2026-06-28,01:30:00,2026-06-29 01:53:20,25.05000000000001,Zone 3,46.5,Zone 5,25.1,Zone 3,35.8,Zone 4,30.9,Zone 4,45.0,Zone 5,36.2,Zone 4,59.1,Zone 5,46.5,Zone 5,61.9,Zone 5
Jammu And Kashmir,Kulgam,Kulgam Amfu,20.1,2026-06-29,01:45:00,81.0,2026-06-28,01:45:00,2026-06-29 01:53:20,20.75,Zone 3,34.9,Zone 4,20.6,Zone 3,30.1,Zone 4,25.6,Zone 4,34.7,Zone 4,30.4,Zone 4,40.0,Zone 5,34.9,Zone 4,53.5,Zone 5
Jammu And Kashmir,Kupwara,Kupw Kvk,20.1,2026-06-29,01:45:00,86.0,2026-06-28,01:45:00,2026-06-29 01:53:20,20.950000000000045,Zone 3,35.4,Zone 4,20.9,Zone 3,30.4,Zone 4,25.8,Zone 4,35.1,Zone 4,30.7,Zone 4,42.7,Zone 5,35.4,Zone 4,56.0,Zone 5
Jammu And Kashmir,Poonch,Poonch,23.1,2026-06-29,01:45:00,87.0,2026-06-28,01:45:00,2026-06-29 01:53:20,24.450000000000045,Zone 3,45.8,Zone 5,24.3,Zone 3,34.9,Zone 4,29.9,Zone 4,44.3,Zone 5,35.3,Zone 4,58.9,Zone 5,45.8,Zone 5,61.8,Zone 5
Jammu And Kashmir,Poonch,Rajpura Mandi,19.5,2026-06-29,01:00:00,,,,2026-06-29 01:53:20,,,,,,,,,,,,,,,,,,,,
Jammu And Kashmir,Pulwama,Malangpura,17.9,2026-06-29,01:45:00,95.0,2026-06-28,01:45:00,2026-06-29 01:53:20,18.75,Zone 3,33.3,Zone 4,18.8,Zone 3,28.4,Zone 4,24.3,Zone 3,33.0,Zone 4,28.6,Zone 4,37.9,Zone 5,33.3,Zone 4,51.3,Zone 5
Jammu And Kashmir,Pulwama,Tral,21.0,2026-06-29,01:45:00,86.0,2026-06-28,01:45:00,2026-06-29 01:53:20,22.05000000000001,Zone 3,36.9,Zone 4,22.0,Zone 3,31.7,Zone 4,27.0,Zone 4,36.6,Zone 4,32.1,Zone 4,47.9,Zone 5,36.9,Zone 4,59.3,Zone 5
Jammu And Kashmir,Rajouri,Rajouri,22.7,2026-06-29,01:30:00,95.0,2026-06-28,01:30:00,2026-06-29 01:53:20,24.25,Zone 3,48.7,Zone 5,24.1,Zone 3,34.9,Zone 4,29.7,Zone 4,47.2,Zone 5,35.4,Zone 4,59.6,Zone 5,48.7,Zone 5,62.3,Zone 5
Jammu And Kashmir,Rajouri,Rajouri Arg,23.5,2026-06-29,01:45:00,87.0,2026-06-28,01:45:00,2026-06-29 01:53:20,24.850000000000023,Zone 3,49.1,Zone 5,24.8,Zone 3,35.7,Zone 4,30.7,Zone 4,47.5,Zone 5,36.2,Zone 4,59.7,Zone 5,49.1,Zone 5,62.4,Zone 5
Jammu And Kashmir,Ramban,Govindpura,27.6,2026-06-29,01:45:00,78.0,2026-06-28,01:45:00,2026-06-29 01:53:20,30.75,Zone 4,60.9,Zone 5,30.6,Zone 4,48.8,Zone 5,37.1,Zone 4,60.5,Zone 5,51.2,Zone 5,63.4,Zone 5,60.9,Zone 5,65.7,Zone 5
Jammu And Kashmir,Samba,Samba,29.6,2026-06-29,01:45:00,95.0,2026-06-28,01:45:00,2026-06-29 01:53:20,49.25,Zone 5,68.2,Zone 5,47.9,Zone 5,65.2,Zone 5,62.1,Zone 5,67.8,Zone 5,65.7,Zone 5,69.7,Zone 5,68.2,Zone 5,71.1,Zone 5
Jammu And Kashmir,Shopian,Shopian,18.8,2026-06-29,01:45:00,79.0,2026-06-28,01:45:00,2026-06-29 01:53:20,19.05000000000001,Zone 3,33.5,Zone 4,19.3,Zone 3,28.9,Zone 4,24.7,Zone 3,33.3,Zone 4,29.1,Zone 4,37.5,Zone 4,33.5,Zone 4,48.0,Zone 5
Jammu And Kashmir,Srinagar,Srinagar Amfu,21.2,2026-06-29,01:30:00,96.0,2026-06-28,01:30:00,2026-06-29 01:53:20,22.650000000000034,Zone 3,40.0,Zone 5,22.5,Zone 3,32.5,Zone 4,27.5,Zone 4,38.8,Zone 5,32.9,Zone 4,54.0,Zone 5,40.0,Zone 5,60.6,Zone 5
Jharkhand,Bokaro,Kv Bokaro,27.4,2026-06-29,01:45:00,100.0,2026-06-28,01:45:00,2026-06-29 01:53:20,33.85000000000002,Zone 4,65.8,Zone 5,34.1,Zone 4,62.3,Zone 5,57.3,Zone 5,65.4,Zone 5,62.9,Zone 5,67.7,Zone 5,65.8,Zone 5,69.3,Zone 5
Jharkhand,Deoghar,Deoghar Aws400,28.3,2026-06-29,01:45:00,87.0,2026-06-28,01:45:00,2026-06-29 01:53:20,33.75,Zone 4,64.6,Zone 5,34.3,Zone 4,60.9,Zone 5,50.3,Zone 5,64.2,Zone 5,61.4,Zone 5,66.6,Zone 5,64.6,Zone 5,68.4,Zone 5
Jharkhand,East Singhbhum,Bahragora,27.1,2026-06-29,01:45:00,100.0,2026-06-28,01:45:00,2026-06-29 01:53:20,32.950000000000045,Zone 4,65.0,Zone 5,32.7,Zone 4,61.3,Zone 5,52.3,Zone 5,64.6,Zone 5,61.8,Zone 5,66.9,Zone 5,65.0,Zone 5,68.7,Zone 5
Jharkhand,Gumla,Gumla-Bishnupur Kvk,25.1,2026-06-29,01:45:00,88.0,2026-06-28,01:45:00,2026-06-29 01:53:20,27.25,Zone 4,59.1,Zone 5,27.0,Zone 4,40.4,Zone 5,33.5,Zone 4,57.8,Zone 5,42.4,Zone 5,61.9,Zone 5,59.1,Zone 5,64.3,Zone 5
Jharkhand,Hazaribagh,Barhi,27.4,2026-06-29,01:45:00,91.0,2026-06-28,01:45:00,2026-06-29 01:53:20,32.150000000000034,Zone 4,63.9,Zone 5,32.4,Zone 4,59.9,Zone 5,45.7,Zone 5,63.5,Zone 5,60.5,Zone 5,66.0,Zone 5,63.9,Zone 5,67.8,Zone 5
Jharkhand,Khunti,Diyakel-Khunti Kvk,24.8,2026-06-29,01:45:00,,,,2026-06-29 01:53:20,,,,,,,,,,,,,,,,,,,,
Jharkhand,Kodarma,Kodarma,27.8,2026-06-29,01:45:00,100.0,2026-06-28,01:45:00,2026-06-29 01:53:20,35.05000000000001,Zone 5,66.7,Zone 5,37.1,Zone 5,63.4,Zone 5,59.8,Zone 5,66.3,Zone 5,63.9,Zone 5,68.4,Zone 5,66.7,Zone 5,70.0,Zone 5
Jharkhand,Latehar,Netarhat,23.9,2026-06-29,01:45:00,95.0,2026-06-28,01:45:00,2026-06-29 01:53:20,25.650000000000034,Zone 4,58.4,Zone 5,25.8,Zone 4,39.4,Zone 5,32.4,Zone 4,57.0,Zone 5,41.4,Zone 5,61.7,Zone 5,58.4,Zone 5,64.1,Zone 5
Jharkhand,Lohardaga,Lohardaga Kvk,24.3,2026-06-29,01:45:00,,,,2026-06-29 01:53:20,,,,,,,,,,,,,,,,,,,,
Jharkhand,Pakur,Pakur Kvk,26.8,2026-06-29,01:45:00,,,,2026-06-29 01:53:20,,,,,,,,,,,,,,,,,,,,
Jharkhand,Ramgarh,Ramgarh Kvk,,,,100.0,2026-06-28,01:45:00,2026-06-29 01:53:20,,,,,,,,,,,,,,,,,,,,
Jharkhand,Ranchi,Mc Ranchi,24.6,2026-06-29,01:45:00,100.0,2026-06-28,01:45:00,2026-06-29 01:53:20,27.25,Zone 4,60.7,Zone 5,27.0,Zone 4,47.6,Zone 5,34.0,Zone 4,60.2,Zone 5,50.0,Zone 5,63.2,Zone 5,60.7,Zone 5,65.5,Zone 5
Jharkhand,Ranchi,Ranchi Amfu,24.0,2026-06-29,01:45:00,92.0,2026-06-28,01:45:00,2026-06-29 01:53:20,25.650000000000034,Zone 4,56.3,Zone 5,25.7,Zone 4,37.3,Zone 4,32.0,Zone 4,54.7,Zone 5,38.9,Zone 5,61.2,Zone 5,56.3,Zone 5,63.7,Zone 5
Jharkhand,Saraikela,Saraikela,26.3,2026-06-29,01:45:00,100.0,2026-06-28,01:45:00,2026-06-29 01:53:20,30.850000000000023,Zone 4,64.1,Zone 5,31.3,Zone 4,60.2,Zone 5,47.0,Zone 5,63.7,Zone 5,60.8,Zone 5,66.2,Zone 5,64.1,Zone 5,68.0,Zone 5
Jharkhand,Simdega,Bano-Simdega Kvk,25.6,2026-06-29,01:45:00,95.0,2026-06-28,01:45:00,2026-06-29 01:53:20,28.75,Zone 4,61.3,Zone 5,28.5,Zone 4,51.0,Zone 5,35.6,Zone 4,60.9,Zone 5,53.4,Zone 5,63.8,Zone 5,61.3,Zone 5,66.0,Zone 5
Jharkhand,Simdega,Simdega,25.8,2026-06-29,01:45:00,96.0,2026-06-28,01:45:00,2026-06-29 01:53:20,29.25,Zone 4,62.4,Zone 5,29.6,Zone 4,56.0,Zone 5,37.8,Zone 5,62.0,Zone 5,58.2,Zone 5,64.7,Zone 5,62.4,Zone 5,66.8,Zone 5
Jharkhand,West Singhbhum,Jagannathpur-Bau Kvk,25.4,2026-06-29,01:45:00,,,,2026-06-29 01:53:20,,,,,,,,,,,,,,,,,,,,
Karnataka,Bagalkot,Bagalkot Kvk,24.1,2026-06-29,01:45:00,84.0,2026-06-28,01:45:00,2026-06-29 01:53:20,25.350000000000023,Zone 4,49.8,Zone 5,25.2,Zone 3,36.3,Zone 4,31.2,Zone 4,48.3,Zone 5,36.8,Zone 4,59.8,Zone 5,49.8,Zone 5,62.5,Zone 5
Karnataka,Bangalore Rural,Doddaballapura,21.7,2026-06-29,01:00:00,,,,2026-06-29 01:53:20,,,,,,,,,,,,,,,,,,,,
Karnataka,Bangalore Urban,Bangalore,22.5,2026-06-29,01:30:00,82.0,2026-06-28,01:30:00,2026-06-29 01:53:20,23.55000000000001,Zone 3,39.2,Zone 5,23.6,Zone 3,33.6,Zone 4,28.8,Zone 4,38.5,Zone 4,34.0,Zone 4,53.3,Zone 5,39.2,Zone 5,60.5,Zone 5
Karnataka,Bangalore Urban,Gopal Nagar,22.2,2026-06-29,01:30:00,90.0,2026-06-28,01:30:00,2026-06-29 01:53:20,23.55000000000001,Zone 3,41.9,Zone 5,23.3,Zone 3,33.5,Zone 4,28.6,Zone 4,40.6,Zone 5,34.0,Zone 4,55.8,Zone 5,41.9,Zone 5,61.0,Zone 5
Karnataka,Bangalore Urban,Madhavara(Nice),22.0,2026-06-29,01:45:00,86.0,2026-06-28,01:45:00,2026-06-29 01:53:20,23.150000000000034,Zone 3,39.2,Zone 5,23.2,Zone 3,33.2,Zone 4,28.3,Zone 4,38.2,Zone 4,33.6,Zone 4,53.3,Zone 5,39.2,Zone 5,60.5,Zone 5
Karnataka,Bellary,Hagari Kvk,26.4,2026-06-29,01:45:00,70.0,2026-06-28,01:45:00,2026-06-29 01:53:20,27.950000000000045,Zone 4,53.2,Zone 5,28.1,Zone 4,38.7,Zone 4,33.9,Zone 4,51.7,Zone 5,39.2,Zone 4,60.5,Zone 5,53.2,Zone 5,63.1,Zone 5
Karnataka,Bijapur,Tidagundi Amfu,24.4,2026-06-29,01:45:00,90.0,2026-06-28,01:45:00,2026-06-29 01:53:20,26.150000000000034,Zone 4,57.8,Zone 5,26.3,Zone 4,38.7,Zone 5,32.7,Zone 4,56.3,Zone 5,40.7,Zone 5,61.5,Zone 5,57.8,Zone 5,64.0,Zone 5
Karnataka,Chitradurga,Hiriyur,22.5,2026-06-29,01:45:00,100.0,2026-06-28,01:45:00,2026-06-29 01:53:20,24.25,Zone 3,52.5,Zone 5,24.3,Zone 3,35.4,Zone 4,30.1,Zone 4,50.9,Zone 5,36.0,Zone 4,60.4,Zone 5,52.5,Zone 5,63.0,Zone 5
Karnataka,Dakshina Kannada,Mangaluru,24.1,2026-06-29,01:45:00,100.0,2026-06-28,01:45:00,2026-06-29 01:53:20,26.350000000000023,Zone 4,59.8,Zone 5,26.1,Zone 4,43.6,Zone 5,32.9,Zone 4,59.4,Zone 5,45.9,Zone 5,62.5,Zone 5,59.8,Zone 5,64.8,Zone 5
Karnataka,Dharwad,Mugad,22.3,2026-06-29,01:45:00,95.0,2026-06-28,01:45:00,2026-06-29 01:53:20,23.850000000000023,Zone 3,48.7,Zone 5,24.1,Zone 3,34.9,Zone 4,29.7,Zone 4,47.2,Zone 5,35.4,Zone 4,59.6,Zone 5,48.7,Zone 5,62.3,Zone 5
Karnataka,Gulbarga,Gulbarga,24.7,2026-06-29,01:30:00,94.0,2026-06-28,01:30:00,2026-06-29 01:53:20,26.950000000000045,Zone 4,59.5,Zone 5,26.6,Zone 4,42.1,Zone 5,33.2,Zone 4,59.1,Zone 5,44.3,Zone 5,62.2,Zone 5,59.5,Zone 5,64.6,Zone 5
Karnataka,Gulbarga,Raddewadgi,24.5,2026-06-29,01:00:00,,,,2026-06-29 01:53:20,,,,,,,,,,,,,,,,,,,,
Karnataka,Hassan,Hassan,20.9,2026-06-29,01:45:00,100.0,2026-06-28,01:45:00,2026-06-29 01:53:20,22.55000000000001,Zone 3,42.5,Zone 5,22.6,Zone 3,32.8,Zone 4,27.7,Zone 4,41.2,Zone 5,33.3,Zone 4,56.3,Zone 5,42.5,Zone 5,61.2,Zone 5
Karnataka,Koppal,Koppal,29.1,2026-06-29,01:45:00,69.0,2026-06-28,01:45:00,2026-06-29 01:53:20,32.450000000000045,Zone 4,61.1,Zone 5,32.2,Zone 4,49.6,Zone 5,38.5,Zone 4,60.7,Zone 5,52.0,Zone 5,63.6,Zone 5,61.1,Zone 5,65.8,Zone 5
Karnataka,Mandya,Mandya Kvk,21.7,2026-06-29,01:45:00,91.0,2026-06-28,01:45:00,2026-06-29 01:53:20,23.05000000000001,Zone 3,39.7,Zone 5,22.8,Zone 3,32.9,Zone 4,27.9,Zone 4,38.5,Zone 5,33.3,Zone 4,53.7,Zone 5,39.7,Zone 5,60.6,Zone 5
Karnataka,Ramanagara,Chandurayanghalli Kvk,20.8,2026-06-29,01:45:00,82.0,2026-06-28,01:45:00,2026-06-29 01:53:20,21.650000000000034,Zone 3,36.5,Zone 4,21.9,Zone 3,31.5,Zone 4,26.8,Zone 4,36.2,Zone 4,31.8,Zone 4,45.4,Zone 5,36.5,Zone 4,58.2,Zone 5
Karnataka,Shivamogga,Agumbe,21.2,2026-06-29,01:45:00,100.0,2026-06-28,01:45:00,2026-06-29 01:53:20,22.850000000000023,Zone 3,42.5,Zone 5,22.6,Zone 3,32.8,Zone 4,27.7,Zone 4,41.2,Zone 5,33.3,Zone 4,56.3,Zone 5,42.5,Zone 5,61.2,Zone 5
Karnataka,Tumkur,Chikkanakalli,,,,99.0,2026-06-28,01:45:00,2026-06-29 01:53:20,,,,,,,,,,,,,,,,,,,,
Kerala,Alappuzha,Karumadi,25.3,2026-06-29,01:45:00,,,,2026-06-29 01:53:20,,,,,,,,,,,,,,,,,,,,
Kerala,Alappuzha,Kayamkulam,24.0,2026-06-29,01:30:00,100.0,2026-06-28,01:30:00,2026-06-29 01:53:20,26.150000000000034,Zone 4,59.8,Zone 5,26.1,Zone 4,43.6,Zone 5,32.9,Zone 4,59.4,Zone 5,45.9,Zone 5,62.5,Zone 5,59.8,Zone 5,64.8,Zone 5
Kerala,Alappuzha,Nooranad,24.4,2026-06-29,01:45:00,92.0,2026-06-28,01:45:00,2026-06-29 01:53:20,26.350000000000023,Zone 4,59.1,Zone 5,26.5,Zone 4,40.4,Zone 5,33.0,Zone 4,57.8,Zone 5,42.4,Zone 5,61.9,Zone 5,59.1,Zone 5,64.3,Zone 5
Kerala,Alappuzha,Thycattussery,24.5,2026-06-29,01:45:00,100.0,2026-06-28,01:45:00,2026-06-29 01:53:20,27.05000000000001,Zone 4,60.7,Zone 5,27.0,Zone 4,47.6,Zone 5,34.0,Zone 4,60.2,Zone 5,50.0,Zone 5,63.2,Zone 5,60.7,Zone 5,65.5,Zone 5
Kerala,Ernakulam,Aluva,24.5,2026-06-29,01:45:00,100.0,2026-06-28,01:45:00,2026-06-29 01:53:20,27.05000000000001,Zone 4,60.7,Zone 5,27.0,Zone 4,47.6,Zone 5,34.0,Zone 4,60.2,Zone 5,50.0,Zone 5,63.2,Zone 5,60.7,Zone 5,65.5,Zone 5
Kerala,Ernakulam,Boat Jetty Kgov,24.0,2026-06-29,01:45:00,100.0,2026-06-28,01:45:00,2026-06-29 01:53:20,26.150000000000034,Zone 4,59.8,Zone 5,26.1,Zone 4,43.6,Zone 5,32.9,Zone 4,59.4,Zone 5,45.9,Zone 5,62.5,Zone 5,59.8,Zone 5,64.8,Zone 5
Kerala,Ernakulam,Choondi,24.1,2026-06-29,01:45:00,,,,2026-06-29 01:53:20,,,,,,,,,,,,,,,,,,,,
Kerala,Ernakulam,Dhground Kgov,24.7,2026-06-29,01:45:00,100.0,2026-06-28,01:45:00,2026-06-29 01:53:20,27.350000000000023,Zone 4,60.7,Zone 5,27.0,Zone 4,47.6,Zone 5,34.0,Zone 4,60.2,Zone 5,50.0,Zone 5,63.2,Zone 5,60.7,Zone 5,65.5,Zone 5
Kerala,Ernakulam,Kadavanthra Kgov,24.3,2026-06-29,01:45:00,100.0,2026-06-28,01:45:00,2026-06-29 01:53:20,26.650000000000034,Zone 4,60.7,Zone 5,27.0,Zone 4,47.6,Zone 5,34.0,Zone 4,60.2,Zone 5,50.0,Zone 5,63.2,Zone 5,60.7,Zone 5,65.5,Zone 5
Kerala,Ernakulam,Kalamassery,23.4,2026-06-29,01:45:00,89.0,2026-06-28,01:45:00,2026-06-29 01:53:20,24.850000000000023,Zone 3,50.7,Zone 5,24.9,Zone 3,36.0,Zone 4,30.9,Zone 4,49.1,Zone 5,36.5,Zone 4,60.0,Zone 5,50.7,Zone 5,62.7,Zone 5
Kerala,Ernakulam,Koothattukulam,24.2,2026-06-29,01:45:00,100.0,2026-06-28,01:45:00,2026-06-29 01:53:20,26.450000000000045,Zone 4,59.8,Zone 5,26.1,Zone 4,43.6,Zone 5,32.9,Zone 4,59.4,Zone 5,45.9,Zone 5,62.5,Zone 5,59.8,Zone 5,64.8,Zone 5
Kerala,Ernakulam,Odakkali,23.8,2026-06-29,01:45:00,100.0,2026-06-28,01:45:00,2026-06-29 01:53:20,25.75,Zone 4,59.8,Zone 5,26.1,Zone 4,43.6,Zone 5,32.9,Zone 4,59.4,Zone 5,45.9,Zone 5,62.5,Zone 5,59.8,Zone 5,64.8,Zone 5
Kerala,Ernakulam,Palluruthy,24.6,2026-06-29,01:45:00,100.0,2026-06-28,01:45:00,2026-06-29 01:53:20,27.25,Zone 4,60.7,Zone 5,27.0,Zone 4,47.6,Zone 5,34.0,Zone 4,60.2,Zone 5,50.0,Zone 5,63.2,Zone 5,60.7,Zone 5,65.5,Zone 5
Kerala,Idukki,Ayyappankovil,21.0,2026-06-29,01:45:00,100.0,2026-06-28,01:45:00,2026-06-29 01:53:20,22.650000000000034,Zone 3,42.5,Zone 5,22.6,Zone 3,32.8,Zone 4,27.7,Zone 4,41.2,Zone 5,33.3,Zone 4,56.3,Zone 5,42.5,Zone 5,61.2,Zone 5
Kerala,Idukki,Cheruthoni,21.2,2026-06-29,01:15:00,,,,2026-06-29 01:53:20,,,,,,,,,,,,,,,,,,,,
Kerala,Idukki,Kovilkadavu,23.8,2026-06-29,01:45:00,66.0,2026-06-28,01:45:00,2026-06-29 01:53:20,24.350000000000023,Zone 3,39.2,Zone 4,24.6,Zone 3,34.3,Zone 4,29.7,Zone 4,38.8,Zone 4,34.6,Zone 4,49.8,Zone 5,39.2,Zone 4,59.7,Zone 5
Kerala,Idukki,Kundala Dam,16.3,2026-06-29,01:45:00,100.0,2026-06-28,01:45:00,2026-06-29 01:53:20,16.950000000000045,Zone 3,31.6,Zone 4,17.2,Zone 3,26.9,Zone 4,23.2,Zone 3,31.4,Zone 4,27.0,Zone 4,35.7,Zone 4,31.6,Zone 4,46.6,Zone 5
Kerala,Idukki,Munnar,17.5,2026-06-29,01:30:00,100.0,2026-06-28,01:30:00,2026-06-29 01:53:20,18.450000000000045,Zone 3,32.9,Zone 4,18.4,Zone 3,28.0,Zone 4,24.0,Zone 3,32.7,Zone 4,28.2,Zone 4,37.9,Zone 5,32.9,Zone 4,51.3,Zone 5
Kerala,Idukki,Pampadumpara,19.3,2026-06-29,01:45:00,100.0,2026-06-28,01:45:00,2026-06-29 01:53:20,20.650000000000034,Zone 3,35.9,Zone 4,20.9,Zone 3,30.6,Zone 4,25.7,Zone 4,35.5,Zone 4,30.9,Zone 4,48.0,Zone 5,35.9,Zone 4,59.4,Zone 5
Kerala,Idukki,Sengulam Dam,20.3,2026-06-29,01:45:00,,,,2026-06-29 01:53:20,,,,,,,,,,,,,,,,,,,,
Kerala,Idukki,Vellathooval,21.6,2026-06-29,01:45:00,100.0,2026-06-28,01:45:00,2026-06-29 01:53:20,23.25,Zone 3,45.7,Zone 5,23.2,Zone 3,33.6,Zone 4,28.5,Zone 4,44.3,Zone 5,34.1,Zone 4,58.9,Zone 5,45.7,Zone 5,61.8,Zone 5
Kerala,Kannur,Aralam,24.0,2026-06-29,01:45:00,100.0,2026-06-28,01:45:00,2026-06-29 01:53:20,26.150000000000034,Zone 4,59.8,Zone 5,26.1,Zone 4,43.6,Zone 5,32.9,Zone 4,59.4,Zone 5,45.9,Zone 5,62.5,Zone 5,59.8,Zone 5,64.8,Zone 5
Kerala,Kannur,Ayyankunnu,24.2,2026-06-29,01:30:00,100.0,2026-06-28,01:30:00,2026-06-29 01:53:20,26.450000000000045,Zone 4,59.8,Zone 5,26.1,Zone 4,43.6,Zone 5,32.9,Zone 4,59.4,Zone 5,45.9,Zone 5,62.5,Zone 5,59.8,Zone 5,64.8,Zone 5
Kerala,Kannur,Cheruvanchery,24.3,2026-06-29,01:30:00,100.0,2026-06-28,01:30:00,2026-06-29 01:53:20,26.650000000000034,Zone 4,60.7,Zone 5,27.0,Zone 4,47.6,Zone 5,34.0,Zone 4,60.2,Zone 5,50.0,Zone 5,63.2,Zone 5,60.7,Zone 5,65.5,Zone 5
Kerala,Kannur,Kannur-Icar,25.2,2026-06-29,01:45:00,100.0,2026-06-28,01:45:00,2026-06-29 01:53:20,28.350000000000023,Zone 4,61.5,Zone 5,28.0,Zone 4,51.8,Zone 5,35.2,Zone 4,61.1,Zone 5,54.1,Zone 5,64.0,Zone 5,61.5,Zone 5,66.1,Zone 5
Kerala,Kannur,Peringome,24.6,2026-06-29,01:45:00,100.0,2026-06-28,01:45:00,2026-06-29 01:53:20,27.25,Zone 4,60.7,Zone 5,27.0,Zone 4,47.6,Zone 5,34.0,Zone 4,60.2,Zone 5,50.0,Zone 5,63.2,Zone 5,60.7,Zone 5,65.5,Zone 5
Kerala,Kannur,Pinarayi,,,,100.0,2026-06-28,05:15:00,2026-06-29 01:53:20,,,,,,,,,,,,,,,,,,,,
Kerala,Kasaragod,Bayar,24.4,2026-06-29,01:45:00,100.0,2026-06-28,01:45:00,2026-06-29 01:53:20,26.850000000000023,Zone 4,60.7,Zone 5,27.0,Zone 4,47.6,Zone 5,34.0,Zone 4,60.2,Zone 5,50.0,Zone 5,63.2,Zone 5,60.7,Zone 5,65.5,Zone 5
Kerala,Kasaragod,Madikkai,24.8,2026-06-29,01:45:00,100.0,2026-06-28,01:45:00,2026-06-29 01:53:20,27.55000000000001,Zone 4,61.5,Zone 5,28.0,Zone 4,51.8,Zone 5,35.2,Zone 4,61.1,Zone 5,54.1,Zone 5,64.0,Zone 5,61.5,Zone 5,66.1,Zone 5
Kerala,Kasaragod,Muliyar,24.2,2026-06-29,01:45:00,100.0,2026-06-28,01:45:00,2026-06-29 01:53:20,26.450000000000045,Zone 4,59.8,Zone 5,26.1,Zone 4,43.6,Zone 5,32.9,Zone 4,59.4,Zone 5,45.9,Zone 5,62.5,Zone 5,59.8,Zone 5,64.8,Zone 5
Kerala,Kasaragod,Padannakkad,25.1,2026-06-29,01:45:00,100.0,2026-06-28,01:45:00,2026-06-29 01:53:20,28.150000000000034,Zone 4,61.5,Zone 5,28.0,Zone 4,51.8,Zone 5,35.2,Zone 4,61.1,Zone 5,54.1,Zone 5,64.0,Zone 5,61.5,Zone 5,66.1,Zone 5
Kerala,Kasaragod,Panathur,24.2,2026-06-29,01:45:00,100.0,2026-06-28,01:45:00,2026-06-29 01:53:20,26.450000000000045,Zone 4,59.8,Zone 5,26.1,Zone 4,43.6,Zone 5,32.9,Zone 4,59.4,Zone 5,45.9,Zone 5,62.5,Zone 5,59.8,Zone 5,64.8,Zone 5
Kerala,Kollam,Chavara,25.0,2026-06-29,01:45:00,100.0,2026-06-28,01:45:00,2026-06-29 01:53:20,27.950000000000045,Zone 4,61.5,Zone 5,28.0,Zone 4,51.8,Zone 5,35.2,Zone 4,61.1,Zone 5,54.1,Zone 5,64.0,Zone 5,61.5,Zone 5,66.1,Zone 5
Kerala,Kollam,Karuvelil Tkmit,24.0,2026-06-29,01:45:00,85.0,2026-06-28,01:45:00,2026-06-29 01:53:20,25.25,Zone 3,50.7,Zone 5,25.3,Zone 3,36.4,Zone 4,31.3,Zone 4,49.1,Zone 5,36.9,Zone 4,60.0,Zone 5,50.7,Zone 5,62.7,Zone 5
Kerala,Kollam,Punalur,24.2,2026-06-29,01:00:00,,,,2026-06-29 01:53:20,,,,,,,,,,,,,,,,,,,,
Kerala,Kottayam,Kottayam,27.5,2026-06-29,01:45:00,100.0,2026-06-28,01:45:00,2026-06-29 01:53:20,34.150000000000034,Zone 4,65.8,Zone 5,34.1,Zone 4,62.3,Zone 5,57.3,Zone 5,65.4,Zone 5,62.9,Zone 5,67.7,Zone 5,65.8,Zone 5,69.3,Zone 5
Kerala,Kottayam,Vadavathoor,24.4,2026-06-29,01:45:00,100.0,2026-06-28,01:45:00,2026-06-29 01:53:20,26.850000000000023,Zone 4,60.7,Zone 5,27.0,Zone 4,47.6,Zone 5,34.0,Zone 4,60.2,Zone 5,50.0,Zone 5,63.2,Zone 5,60.7,Zone 5,65.5,Zone 5
Kerala,Kottayam,Vaikkom,24.6,2026-06-29,01:30:00,100.0,2026-06-28,01:30:00,2026-06-29 01:53:20,27.25,Zone 4,60.7,Zone 5,27.0,Zone 4,47.6,Zone 5,34.0,Zone 4,60.2,Zone 5,50.0,Zone 5,63.2,Zone 5,60.7,Zone 5,65.5,Zone 5
Kerala,Kozhikode,Kunnamangalam,25.1,2026-06-29,01:45:00,100.0,2026-06-28,01:45:00,2026-06-29 01:53:20,28.150000000000034,Zone 4,61.5,Zone 5,28.0,Zone 4,51.8,Zone 5,35.2,Zone 4,61.1,Zone 5,54.1,Zone 5,64.0,Zone 5,61.5,Zone 5,66.1,Zone 5
Kerala,Kozhikode,Urumi,23.9,2026-06-29,01:45:00,100.0,2026-06-28,01:45:00,2026-06-29 01:53:20,25.950000000000045,Zone 4,59.8,Zone 5,26.1,Zone 4,43.6,Zone 5,32.9,Zone 4,59.4,Zone 5,45.9,Zone 5,62.5,Zone 5,59.8,Zone 5,64.8,Zone 5
Kerala,Kozhikode,Vilangad,23.6,2026-06-29,01:45:00,100.0,2026-06-28,01:45:00,2026-06-29 01:53:20,25.450000000000045,Zone 4,58.9,Zone 5,25.3,Zone 3,39.9,Zone 5,31.9,Zone 4,57.4,Zone 5,42.0,Zone 5,61.8,Zone 5,58.9,Zone 5,64.2,Zone 5
Kerala,Malappuram,Nilambur,25.1,2026-06-29,01:45:00,100.0,2026-06-28,01:45:00,2026-06-29 01:53:20,28.150000000000034,Zone 4,61.5,Zone 5,28.0,Zone 4,51.8,Zone 5,35.2,Zone 4,61.1,Zone 5,54.1,Zone 5,64.0,Zone 5,61.5,Zone 5,66.1,Zone 5
Kerala,Malappuram,Palemad,24.3,2026-06-29,01:45:00,100.0,2026-06-28,01:45:00,2026-06-29 01:53:20,26.650000000000034,Zone 4,60.7,Zone 5,27.0,Zone 4,47.6,Zone 5,34.0,Zone 4,60.2,Zone 5,50.0,Zone 5,63.2,Zone 5,60.7,Zone 5,65.5,Zone 5
Kerala,Malappuram,Thavanur Kvk,25.1,2026-06-29,01:45:00,100.0,2026-06-28,01:45:00,2026-06-29 01:53:20,28.150000000000034,Zone 4,61.5,Zone 5,28.0,Zone 4,51.8,Zone 5,35.2,Zone 4,61.1,Zone 5,54.1,Zone 5,64.0,Zone 5,61.5,Zone 5,66.1,Zone 5
Kerala,Palakkad,Adakkaputhur,25.0,2026-06-29,01:30:00,100.0,2026-06-28,01:30:00,2026-06-29 01:53:20,27.950000000000045,Zone 4,61.5,Zone 5,28.0,Zone 4,51.8,Zone 5,35.2,Zone 4,61.1,Zone 5,54.1,Zone 5,64.0,Zone 5,61.5,Zone 5,66.1,Zone 5
Kerala,Palakkad,Malampuzha Dam,24.8,2026-06-29,01:30:00,95.0,2026-06-28,01:30:00,2026-06-29 01:53:20,27.150000000000034,Zone 4,60.5,Zone 5,27.6,Zone 4,46.9,Zone 5,34.4,Zone 4,60.1,Zone 5,49.3,Zone 5,63.1,Zone 5,60.5,Zone 5,65.4,Zone 5
Kerala,Palakkad,Mangalam Dam,25.3,2026-06-29,01:45:00,100.0,2026-06-28,01:45:00,2026-06-29 01:53:20,28.55000000000001,Zone 4,62.4,Zone 5,29.0,Zone 4,55.9,Zone 5,37.6,Zone 5,62.0,Zone 5,58.0,Zone 5,64.7,Zone 5,62.4,Zone 5,66.7,Zone 5
Kerala,Palakkad,Mankara,27.0,2026-06-29,01:45:00,64.0,2026-06-28,01:45:00,2026-06-29 01:53:20,28.350000000000023,Zone 4,50.5,Zone 5,28.3,Zone 4,38.6,Zone 4,33.9,Zone 4,48.9,Zone 5,39.1,Zone 4,60.0,Zone 5,50.5,Zone 5,62.6,Zone 5
Kerala,Palakkad,Mannarkkad,24.9,2026-06-29,01:45:00,100.0,2026-06-28,01:45:00,2026-06-29 01:53:20,27.75,Zone 4,61.5,Zone 5,28.0,Zone 4,51.8,Zone 5,35.2,Zone 4,61.1,Zone 5,54.1,Zone 5,64.0,Zone 5,61.5,Zone 5,66.1,Zone 5
Kerala,Palakkad,Ottapalam,24.8,2026-06-29,01:45:00,100.0,2026-06-28,01:45:00,2026-06-29 01:53:20,27.55000000000001,Zone 4,61.5,Zone 5,28.0,Zone 4,51.8,Zone 5,35.2,Zone 4,61.1,Zone 5,54.1,Zone 5,64.0,Zone 5,61.5,Zone 5,66.1,Zone 5
Kerala,Palakkad,Pothundy Dam,25.6,2026-06-29,01:45:00,100.0,2026-06-28,01:45:00,2026-06-29 01:53:20,29.25,Zone 4,62.4,Zone 5,29.0,Zone 4,55.9,Zone 5,37.6,Zone 5,62.0,Zone 5,58.0,Zone 5,64.7,Zone 5,62.4,Zone 5,66.7,Zone 5
Kerala,Palakkad,Vannamada,25.3,2026-06-29,01:15:00,,,,2026-06-29 01:53:20,,,,,,,,,,,,,,,,,,,,
Kerala,Pathanamthitta,Konni,23.0,2026-06-29,01:45:00,98.0,2026-06-28,01:45:00,2026-06-29 01:53:20,24.75,Zone 3,54.3,Zone 5,24.7,Zone 3,36.2,Zone 4,30.8,Zone 4,52.8,Zone 5,37.0,Zone 5,60.8,Zone 5,54.3,Zone 5,63.3,Zone 5
Kerala,Pathanamthitta,Laha,22.8,2026-06-29,01:45:00,100.0,2026-06-28,01:45:00,2026-06-29 01:53:20,24.55000000000001,Zone 3,55.8,Zone 5,24.8,Zone 3,36.7,Zone 5,31.0,Zone 4,54.3,Zone 5,38.5,Zone 5,61.1,Zone 5,55.8,Zone 5,63.6,Zone 5
Kerala,Pathanamthitta,Ranni Chethackal,23.2,2026-06-29,01:00:00,,,,2026-06-29 01:53:20,,,,,,,,,,,,,,,,,,,,
Kerala,Pathanamthitta,Ulanadu,24.4,2026-06-29,01:45:00,88.0,2026-06-28,01:45:00,2026-06-29 01:53:20,26.05000000000001,Zone 4,56.3,Zone 5,26.2,Zone 4,37.8,Zone 4,32.5,Zone 4,54.8,Zone 5,39.0,Zone 5,61.2,Zone 5,56.3,Zone 5,63.7,Zone 5
Kerala,Pathanamthitta,Venkurinji,23.7,2026-06-29,01:00:00,,,,2026-06-29 01:53:20,,,,,,,,,,,,,,,,,,,,
Kerala,Thiruvananthapuram,Palode,24.0,2026-06-29,01:30:00,98.0,2026-06-28,01:30:00,2026-06-29 01:53:20,26.05000000000001,Zone 4,59.4,Zone 5,26.0,Zone 4,41.9,Zone 5,32.7,Zone 4,59.0,Zone 5,44.1,Zone 5,62.2,Zone 5,59.4,Zone 5,64.6,Zone 5
Kerala,Thiruvananthapuram,Peppara,24.8,2026-06-29,01:45:00,92.0,2026-06-28,01:45:00,2026-06-29 01:53:20,26.950000000000045,Zone 4,59.9,Zone 5,27.3,Zone 4,44.0,Zone 5,34.0,Zone 4,59.5,Zone 5,46.3,Zone 5,62.6,Zone 5,59.9,Zone 5,64.9,Zone 5
Kerala,Thiruvananthapuram,Pirappancode,23.7,2026-06-29,01:30:00,100.0,2026-06-28,01:30:00,2026-06-29 01:53:20,25.650000000000034,Zone 4,58.9,Zone 5,25.3,Zone 3,39.9,Zone 5,31.9,Zone 4,57.4,Zone 5,42.0,Zone 5,61.8,Zone 5,58.9,Zone 5,64.2,Zone 5
Kerala,Thiruvananthapuram,Ponmudi,20.0,2026-06-29,01:45:00,100.0,2026-06-28,01:45:00,2026-06-29 01:53:20,21.450000000000045,Zone 3,36.9,Zone 5,21.5,Zone 3,31.3,Zone 4,26.3,Zone 4,36.3,Zone 4,31.7,Zone 4,50.8,Zone 5,36.9,Zone 5,60.0,Zone 5
Kerala,Thiruvananthapuram,Thattathumala,23.9,2026-06-29,01:45:00,100.0,2026-06-28,01:45:00,2026-06-29 01:53:20,25.950000000000045,Zone 4,59.8,Zone 5,26.1,Zone 4,43.6,Zone 5,32.9,Zone 4,59.4,Zone 5,45.9,Zone 5,62.5,Zone 5,59.8,Zone 5,64.8,Zone 5
Kerala,Thiruvananthapuram,Thiruvananthapuram,24.3,2026-06-29,01:45:00,82.0,2026-06-28,01:45:00,2026-06-29 01:53:20,25.55000000000001,Zone 4,51.4,Zone 5,25.9,Zone 4,36.9,Zone 4,31.9,Zone 4,49.8,Zone 5,37.4,Zone 4,60.1,Zone 5,51.4,Zone 5,62.8,Zone 5
Kerala,Thiruvananthapuram,Varkala,24.1,2026-06-29,01:45:00,100.0,2026-06-28,01:45:00,2026-06-29 01:53:20,26.350000000000023,Zone 4,59.8,Zone 5,26.1,Zone 4,43.6,Zone 5,32.9,Zone 4,59.4,Zone 5,45.9,Zone 5,62.5,Zone 5,59.8,Zone 5,64.8,Zone 5
Kerala,Thrissur,Athirappilly,24.2,2026-06-29,01:45:00,100.0,2026-06-28,01:45:00,2026-06-29 01:53:20,26.450000000000045,Zone 4,59.8,Zone 5,26.1,Zone 4,43.6,Zone 5,32.9,Zone 4,59.4,Zone 5,45.9,Zone 5,62.5,Zone 5,59.8,Zone 5,64.8,Zone 5
Kerala,Thrissur,Peechi,24.6,2026-06-29,01:30:00,100.0,2026-06-28,01:30:00,2026-06-29 01:53:20,27.25,Zone 4,60.7,Zone 5,27.0,Zone 4,47.6,Zone 5,34.0,Zone 4,60.2,Zone 5,50.0,Zone 5,63.2,Zone 5,60.7,Zone 5,65.5,Zone 5
Kerala,Wayanad,Kalpeta,21.3,2026-06-29,01:30:00,100.0,2026-06-28,01:30:00,2026-06-29 01:53:20,22.950000000000045,Zone 3,45.7,Zone 5,23.2,Zone 3,33.6,Zone 4,28.5,Zone 4,44.3,Zone 5,34.1,Zone 4,58.9,Zone 5,45.7,Zone 5,61.8,Zone 5
Kerala,Wayanad,Padamala,20.7,2026-06-29,01:30:00,100.0,2026-06-28,01:30:00,2026-06-29 01:53:20,22.25,Zone 3,39.6,Zone 5,22.0,Zone 3,32.0,Zone 4,27.0,Zone 4,38.4,Zone 5,32.4,Zone 4,53.6,Zone 5,39.6,Zone 5,60.6,Zone 5
Kerala,Wayanad,Padinjarathara Dam,22.7,2026-06-29,01:45:00,,,,2026-06-29 01:53:20,,,,,,,,,,,,,,,,,,,,
Ladakh,Kargil,Dras,10.1,2026-06-29,01:45:00,75.0,2026-06-28,01:45:00,2026-06-29 01:53:20,9.350000000000023,Zone 2,24.8,Zone 3,9.2,Zone 2,22.0,Zone 3,17.0,Zone 3,24.8,Zone 3,21.9,Zone 3,28.1,Zone 4,24.8,Zone 3,31.6,Zone 4
Ladakh,Kargil,Garkon,24.3,2026-06-29,01:45:00,18.0,2026-06-28,01:45:00,2026-06-29 01:53:20,22.350000000000023,Zone 3,34.6,Zone 4,22.6,Zone 3,31.1,Zone 4,27.5,Zone 4,34.6,Zone 4,31.2,Zone 4,37.9,Zone 4,34.6,Zone 4,41.0,Zone 4
Ladakh,Kargil,Kargil,17.9,2026-06-29,01:45:00,35.0,2026-06-28,01:45:00,2026-06-29 01:53:20,15.550000000000011,Zone 3,30.1,Zone 4,15.7,Zone 3,26.5,Zone 4,22.7,Zone 3,30.1,Zone 4,26.5,Zone 4,33.6,Zone 4,30.1,Zone 4,36.9,Zone 4
Ladakh,Kargil,Padum Kvk,14.1,2026-06-29,01:45:00,44.0,2026-06-28,01:45:00,2026-06-29 01:53:20,12.050000000000011,Zone 2,27.1,Zone 4,11.9,Zone 2,24.0,Zone 3,19.6,Zone 3,27.2,Zone 4,23.9,Zone 3,30.6,Zone 4,27.1,Zone 4,33.9,Zone 4
Ladakh,Leh,Khaltse,22.6,2026-06-29,01:45:00,23.0,2026-06-28,01:45:00,2026-06-29 01:53:20,20.55000000000001,Zone 3,33.3,Zone 4,20.4,Zone 3,29.8,Zone 4,26.0,Zone 4,33.3,Zone 4,29.8,Zone 4,36.6,Zone 4,33.3,Zone 4,39.8,Zone 4
Ladakh,Leh,Leh Amfu,13.3,2026-06-29,01:45:00,56.0,2026-06-28,01:45:00,2026-06-29 01:53:20,11.75,Zone 2,27.0,Zone 4,11.9,Zone 2,23.8,Zone 3,19.5,Zone 3,27.0,Zone 4,23.8,Zone 3,30.6,Zone 4,27.0,Zone 4,34.0,Zone 4
Ladakh,Leh,Mc Leh,15.6,2026-06-29,01:45:00,18.0,2026-06-28,01:45:00,2026-06-29 01:53:20,12.350000000000023,Zone 2,27.6,Zone 4,12.2,Zone 2,24.5,Zone 3,20.1,Zone 3,27.7,Zone 4,24.3,Zone 3,30.9,Zone 4,27.6,Zone 4,34.0,Zone 4
Ladakh,Leh,Nubra Hunder,16.0,2026-06-29,01:45:00,32.0,2026-06-28,01:45:00,2026-06-29 01:53:20,13.350000000000023,Zone 2,28.3,Zone 4,13.3,Zone 2,25.0,Zone 3,20.9,Zone 3,28.4,Zone 4,24.9,Zone 3,31.8,Zone 4,28.3,Zone 4,35.0,Zone 4
Ladakh,Leh,Nyoma Kvk,14.9,2026-06-29,01:45:00,32.0,2026-06-28,01:45:00,2026-06-29 01:53:20,12.25,Zone 2,27.6,Zone 4,12.4,Zone 2,24.4,Zone 3,20.1,Zone 3,27.7,Zone 4,24.3,Zone 3,31.0,Zone 4,27.6,Zone 4,34.2,Zone 4
Ladakh,Leh,Tangtse Durbuk,12.5,2026-06-29,01:45:00,32.0,2026-06-28,01:45:00,2026-06-29 01:53:20,10.050000000000011,Zone 2,25.7,Zone 4,10.1,Zone 2,22.9,Zone 3,18.0,Zone 3,25.8,Zone 4,22.8,Zone 3,29.1,Zone 4,25.7,Zone 4,32.3,Zone 4
Ladakh,Leh,Upshi,14.3,2026-06-29,01:45:00,56.0,2026-06-28,01:45:00,2026-06-29 01:53:20,12.650000000000034,Zone 2,27.8,Zone 4,12.9,Zone 2,24.4,Zone 3,20.4,Zone 3,27.8,Zone 4,24.4,Zone 3,31.4,Zone 4,27.8,Zone 4,34.9,Zone 4
Madhya Pradesh,Agar,Agar Malwa,26.4,2026-06-29,01:30:00,92.0,2026-06-28,01:30:00,2026-06-29 01:53:20,30.05000000000001,Zone 4,62.4,Zone 5,30.2,Zone 4,56.0,Zone 5,37.7,Zone 5,62.0,Zone 5,58.1,Zone 5,64.7,Zone 5,62.4,Zone 5,66.8,Zone 5
Madhya Pradesh,Ashoknagar,Aonwari Kvk,26.6,2026-06-29,01:30:00,71.0,2026-06-28,01:30:00,2026-06-29 01:53:20,28.350000000000023,Zone 4,54.2,Zone 5,28.2,Zone 4,38.9,Zone 4,34.0,Zone 4,52.6,Zone 5,39.4,Zone 4,60.7,Zone 5,54.2,Zone 5,63.3,Zone 5
Madhya Pradesh,Barwani,Talun Kvk,30.2,2026-06-29,01:45:00,55.0,2026-06-28,01:45:00,2026-06-29 01:53:20,32.35000000000002,Zone 4,58.3,Zone 5,32.0,Zone 4,42.1,Zone 4,37.5,Zone 4,56.9,Zone 5,42.7,Zone 4,61.7,Zone 5,58.3,Zone 5,64.1,Zone 5
Madhya Pradesh,Betul,Betul,,,,99.0,2026-06-28,01:45:00,2026-06-29 01:53:20,,,,,,,,,,,,,,,,,,,,
Madhya Pradesh,Bhopal,Berasia,26.9,2026-06-29,01:45:00,87.0,2026-06-28,01:45:00,2026-06-29 01:53:20,30.450000000000045,Zone 4,62.1,Zone 5,30.7,Zone 4,54.8,Zone 5,37.7,Zone 4,61.7,Zone 5,57.0,Zone 5,64.5,Zone 5,62.1,Zone 5,66.6,Zone 5
Madhya Pradesh,Bhopal,Islamnagar,26.4,2026-06-29,01:45:00,89.0,2026-06-28,01:45:00,2026-06-29 01:53:20,29.650000000000034,Zone 4,61.7,Zone 5,29.9,Zone 4,53.0,Zone 5,36.9,Zone 4,61.3,Zone 5,55.3,Zone 5,64.2,Zone 5,61.7,Zone 5,66.3,Zone 5
Madhya Pradesh,Bhopal ,Bhopal,26.2,2026-06-29,01:45:00,90.0,2026-06-28,01:45:00,2026-06-29 01:53:20,29.350000000000023,Zone 4,61.1,Zone 5,29.0,Zone 4,50.0,Zone 5,35.9,Zone 4,60.7,Zone 5,52.3,Zone 5,63.6,Zone 5,61.1,Zone 5,65.8,Zone 5
Madhya Pradesh,Dhar,Dhar,25.7,2026-06-29,01:45:00,88.0,2026-06-28,01:45:00,2026-06-29 01:53:20,28.25,Zone 4,59.9,Zone 5,27.9,Zone 4,44.0,Zone 5,34.5,Zone 4,59.5,Zone 5,46.3,Zone 5,62.6,Zone 5,59.9,Zone 5,64.9,Zone 5
Madhya Pradesh,Guna,Aron Kvk,27.5,2026-06-29,01:45:00,99.0,2026-06-28,01:45:00,2026-06-29 01:53:20,33.950000000000045,Zone 4,65.6,Zone 5,33.9,Zone 4,62.1,Zone 5,56.1,Zone 5,65.2,Zone 5,62.6,Zone 5,67.5,Zone 5,65.6,Zone 5,69.1,Zone 5
Madhya Pradesh,Hoshangabad,Pachmarhi Aec,24.2,2026-06-29,01:45:00,88.0,2026-06-28,01:45:00,2026-06-29 01:53:20,25.75,Zone 4,53.1,Zone 5,25.5,Zone 4,36.8,Zone 4,31.6,Zone 4,51.6,Zone 5,37.3,Zone 4,60.5,Zone 5,53.1,Zone 5,63.1,Zone 5
Madhya Pradesh,Mandsaur,Mandsour,26.4,2026-06-29,01:45:00,78.0,2026-06-28,01:45:00,2026-06-29 01:53:20,28.55000000000001,Zone 4,59.3,Zone 5,28.8,Zone 4,41.4,Zone 5,35.0,Zone 4,58.7,Zone 5,43.5,Zone 5,62.1,Zone 5,59.3,Zone 5,64.5,Zone 5
Madhya Pradesh,Narsinghpur,Narsinghpur,29.4,2026-06-29,01:45:00,74.0,2026-06-28,01:45:00,2026-06-29 01:53:20,33.950000000000045,Zone 4,63.1,Zone 5,34.1,Zone 4,59.0,Zone 5,41.4,Zone 5,62.7,Zone 5,59.6,Zone 5,65.3,Zone 5,63.1,Zone 5,67.3,Zone 5
Madhya Pradesh,Neemuch,Marukheda Kvk,25.8,2026-06-29,01:45:00,97.0,2026-06-28,01:45:00,2026-06-29 01:53:20,29.350000000000023,Zone 4,62.6,Zone 5,29.8,Zone 4,57.0,Zone 5,38.8,Zone 5,62.2,Zone 5,59.0,Zone 5,64.9,Zone 5,62.6,Zone 5,66.9,Zone 5
Madhya Pradesh,Niwari,Prithvipur,30.1,2026-06-29,01:45:00,62.0,2026-06-28,01:45:00,2026-06-29 01:53:20,33.25,Zone 4,60.7,Zone 5,33.0,Zone 4,48.1,Zone 5,39.0,Zone 4,60.3,Zone 5,50.4,Zone 5,63.3,Zone 5,60.7,Zone 5,65.5,Zone 5
Madhya Pradesh,Rajgarh,Rajgarh Kvk,26.1,2026-06-29,01:45:00,100.0,2026-06-28,01:45:00,2026-06-29 01:53:20,30.350000000000023,Zone 4,63.2,Zone 5,30.1,Zone 4,59.2,Zone 5,42.0,Zone 5,62.8,Zone 5,59.8,Zone 5,65.4,Zone 5,63.2,Zone 5,67.4,Zone 5
Madhya Pradesh,Sagar,Khurai,26.7,2026-06-29,01:45:00,99.0,2026-06-28,01:45:00,2026-06-29 01:53:20,31.650000000000034,Zone 4,63.9,Zone 5,31.2,Zone 4,60.0,Zone 5,45.8,Zone 5,63.5,Zone 5,60.5,Zone 5,66.0,Zone 5,63.9,Zone 5,67.9,Zone 5
Madhya Pradesh,Sagar,Sagar,,,,81.0,2026-06-28,01:45:00,2026-06-29 01:53:20,,,,,,,,,,,,,,,,,,,,
Madhya Pradesh,Satna,Satna,30.5,2026-06-29,01:45:00,59.0,2026-06-28,01:45:00,2026-06-29 01:53:20,33.450000000000045,Zone 4,60.7,Zone 5,33.5,Zone 4,47.7,Zone 5,39.3,Zone 4,60.3,Zone 5,50.0,Zone 5,63.2,Zone 5,60.7,Zone 5,65.5,Zone 5
Madhya Pradesh,Sehore,Ahmadpur Iitm,23.0,2026-06-29,01:45:00,94.0,2026-06-28,01:45:00,2026-06-29 01:53:20,24.55000000000001,Zone 3,51.3,Zone 5,24.6,Zone 3,35.7,Zone 4,30.5,Zone 4,49.7,Zone 5,36.2,Zone 4,60.1,Zone 5,51.3,Zone 5,62.8,Zone 5
Madhya Pradesh,Sehore,Bhairunda,27.7,2026-06-29,01:45:00,,,,2026-06-29 01:53:20,,,,,,,,,,,,,,,,,,,,
Madhya Pradesh,Shahdol,Kalyanpur Kvk,29.1,2026-06-29,01:45:00,57.0,2026-06-28,01:45:00,2026-06-29 01:53:20,30.850000000000023,Zone 4,55.0,Zone 5,30.7,Zone 4,40.8,Zone 4,36.2,Zone 4,53.5,Zone 5,41.3,Zone 4,60.9,Zone 5,55.0,Zone 5,63.5,Zone 5
Madhya Pradesh,Shajapur,Shajapur,26.8,2026-06-29,01:45:00,99.0,2026-06-28,01:45:00,2026-06-29 01:53:20,31.950000000000045,Zone 4,64.7,Zone 5,32.5,Zone 4,61.0,Zone 5,51.0,Zone 5,64.3,Zone 5,61.6,Zone 5,66.7,Zone 5,64.7,Zone 5,68.5,Zone 5
Madhya Pradesh,Sheopur,Sheopur,18.5,2026-06-29,01:45:00,76.0,2026-06-28,01:45:00,2026-06-29 01:53:20,18.55000000000001,Zone 3,32.7,Zone 4,18.5,Zone 3,28.2,Zone 4,24.2,Zone 3,32.5,Zone 4,28.4,Zone 4,36.6,Zone 4,32.7,Zone 4,44.3,Zone 5
Madhya Pradesh,Shivpuri,Shivpuri,26.6,2026-06-29,01:45:00,93.0,2026-06-28,01:45:00,2026-06-29 01:53:20,30.55000000000001,Zone 4,62.6,Zone 5,30.4,Zone 4,57.0,Zone 5,38.8,Zone 5,62.2,Zone 5,59.0,Zone 5,64.9,Zone 5,62.6,Zone 5,66.9,Zone 5
Madhya Pradesh,Sidhi,Rampur Naikin,29.4,2026-06-29,01:45:00,73.0,2026-06-28,01:45:00,2026-06-29 01:53:20,33.75,Zone 4,62.8,Zone 5,33.9,Zone 4,58.1,Zone 5,40.7,Zone 4,62.4,Zone 5,59.3,Zone 5,65.1,Zone 5,62.8,Zone 5,67.1,Zone 5
Madhya Pradesh,Sidhi,Sidhi,29.8,2026-06-29,01:45:00,69.0,2026-06-28,01:45:00,2026-06-29 01:53:20,33.85000000000002,Zone 4,62.6,Zone 5,34.3,Zone 4,57.0,Zone 5,40.8,Zone 4,62.2,Zone 5,59.0,Zone 5,64.9,Zone 5,62.6,Zone 5,66.9,Zone 5
Madhya Pradesh,Ujjain,Vikram Vv Ujjain,26.8,2026-06-29,01:45:00,100.0,2026-06-28,01:45:00,2026-06-29 01:53:20,32.150000000000034,Zone 4,65.0,Zone 5,32.7,Zone 4,61.3,Zone 5,52.3,Zone 5,64.6,Zone 5,61.8,Zone 5,66.9,Zone 5,65.0,Zone 5,68.7,Zone 5
Madhya Pradesh,Vidisha,Kurwai,26.4,2026-06-29,01:45:00,92.0,2026-06-28,01:45:00,2026-06-29 01:53:20,30.05000000000001,Zone 4,62.4,Zone 5,30.2,Zone 4,56.0,Zone 5,37.7,Zone 5,62.0,Zone 5,58.1,Zone 5,64.7,Zone 5,62.4,Zone 5,66.8,Zone 5
Madhya Pradesh,Vidisha,Lateri,,,,91.0,2026-06-28,01:45:00,2026-06-29 01:53:20,,,,,,,,,,,,,,,,,,,,
Madhya Pradesh,Vidisha,Vidisha,25.8,2026-06-29,01:45:00,84.0,2026-06-28,01:45:00,2026-06-29 01:53:20,28.05000000000001,Zone 4,59.8,Zone 5,28.4,Zone 4,43.8,Zone 5,34.9,Zone 4,59.4,Zone 5,46.0,Zone 5,62.5,Zone 5,59.8,Zone 5,64.9,Zone 5
Maharashtra,Amravati,Morshi,26.4,2026-06-29,01:45:00,91.0,2026-06-28,01:45:00,2026-06-29 01:53:20,29.950000000000045,Zone 4,62.2,Zone 5,30.1,Zone 4,55.0,Zone 5,37.3,Zone 4,61.8,Zone 5,57.2,Zone 5,64.5,Zone 5,62.2,Zone 5,66.6,Zone 5
Maharashtra,Beed,Beed Pto,25.1,2026-06-29,01:45:00,93.0,2026-06-28,01:45:00,2026-06-29 01:53:20,27.55000000000001,Zone 4,60.1,Zone 5,27.4,Zone 4,45.0,Zone 5,34.1,Zone 4,59.7,Zone 5,47.3,Zone 5,62.8,Zone 5,60.1,Zone 5,65.1,Zone 5
Maharashtra,Buldhana,Hiwara,24.9,2026-06-29,01:45:00,83.0,2026-06-28,01:45:00,2026-06-29 01:53:20,26.55000000000001,Zone 4,55.4,Zone 5,26.7,Zone 4,38.0,Zone 4,32.8,Zone 4,53.9,Zone 5,38.5,Zone 4,61.0,Zone 5,55.4,Zone 5,63.5,Zone 5
Maharashtra,Chandrapur,Chandrapur Aws400,25.9,2026-06-29,01:45:00,100.0,2026-06-28,01:45:00,2026-06-29 01:53:20,29.850000000000023,Zone 4,63.2,Zone 5,30.1,Zone 4,59.2,Zone 5,42.0,Zone 5,62.8,Zone 5,59.8,Zone 5,65.4,Zone 5,63.2,Zone 5,67.4,Zone 5
Maharashtra,Dhule,Dhule,29.4,2026-06-29,01:45:00,75.0,2026-06-28,01:45:00,2026-06-29 01:53:20,34.05000000000001,Zone 4,63.4,Zone 5,34.3,Zone 4,59.4,Zone 5,42.8,Zone 5,63.0,Zone 5,59.9,Zone 5,65.5,Zone 5,63.4,Zone 5,67.5,Zone 5
Maharashtra,Gondia,Tiroda,,,,91.0,2026-06-28,01:45:00,2026-06-29 01:53:20,,,,,,,,,,,,,,,,,,,,
Maharashtra,Hingoli,Tondapur Aws400,24.0,2026-06-29,01:45:00,100.0,2026-06-28,01:45:00,2026-06-29 01:53:20,26.150000000000034,Zone 4,59.8,Zone 5,26.1,Zone 4,43.6,Zone 5,32.9,Zone 4,59.4,Zone 5,45.9,Zone 5,62.5,Zone 5,59.8,Zone 5,64.8,Zone 5
Maharashtra,Kolhapur,Radhanagri Ars,23.2,2026-06-29,01:45:00,100.0,2026-06-28,01:45:00,2026-06-29 01:53:20,24.950000000000045,Zone 3,55.8,Zone 5,24.8,Zone 3,36.7,Zone 5,31.0,Zone 4,54.3,Zone 5,38.5,Zone 5,61.1,Zone 5,55.8,Zone 5,63.6,Zone 5
Maharashtra,Latur,Udgir Aws400,24.3,2026-06-29,01:45:00,100.0,2026-06-28,01:45:00,2026-06-29 01:53:20,26.650000000000034,Zone 4,60.7,Zone 5,27.0,Zone 4,47.6,Zone 5,34.0,Zone 4,60.2,Zone 5,50.0,Zone 5,63.2,Zone 5,60.7,Zone 5,65.5,Zone 5
Maharashtra,Mumbai Suburban,Bandra,25.6,2026-06-29,01:45:00,,,,2026-06-29 01:53:20,,,,,,,,,,,,,,,,,,,,
Maharashtra,Mumbai Suburban,Ram Mandir,24.6,2026-06-29,01:45:00,,,,2026-06-29 01:53:20,,,,,,,,,,,,,,,,,,,,
Maharashtra,Mumbai Suburban,Vidyavihar,25.0,2026-06-29,01:45:00,99.0,2026-06-28,01:45:00,2026-06-29 01:53:20,27.850000000000023,Zone 4,61.3,Zone 5,27.9,Zone 4,50.8,Zone 5,35.0,Zone 4,60.9,Zone 5,53.2,Zone 5,63.8,Zone 5,61.3,Zone 5,66.0,Zone 5
Maharashtra,Mumbai Suburban,Vikhroli,25.2,2026-06-29,01:45:00,89.0,2026-06-28,01:45:00,2026-06-29 01:53:20,27.450000000000045,Zone 4,59.3,Zone 5,27.1,Zone 4,41.3,Zone 5,33.6,Zone 4,58.5,Zone 5,43.4,Zone 5,62.1,Zone 5,59.3,Zone 5,64.5,Zone 5
Maharashtra,Mumbai City,Byculla Mumbai,27.3,2026-06-29,01:45:00,100.0,2026-06-28,01:45:00,2026-06-29 01:53:20,33.55000000000001,Zone 4,65.8,Zone 5,34.1,Zone 4,62.3,Zone 5,57.3,Zone 5,65.4,Zone 5,62.9,Zone 5,67.7,Zone 5,65.8,Zone 5,69.3,Zone 5
Maharashtra,Mumbai City,Mahalaxmi,27.4,2026-06-29,01:45:00,99.0,2026-06-28,01:45:00,2026-06-29 01:53:20,33.650000000000034,Zone 4,65.6,Zone 5,33.9,Zone 4,62.1,Zone 5,56.1,Zone 5,65.2,Zone 5,62.6,Zone 5,67.5,Zone 5,65.6,Zone 5,69.1,Zone 5
Maharashtra,Mumbai City,Mumbai Santa Cruz,25.2,2026-06-29,01:45:00,100.0,2026-06-28,01:45:00,2026-06-29 01:53:20,28.350000000000023,Zone 4,61.5,Zone 5,28.0,Zone 4,51.8,Zone 5,35.2,Zone 4,61.1,Zone 5,54.1,Zone 5,64.0,Zone 5,61.5,Zone 5,66.1,Zone 5
Maharashtra,Nagpur,Nagpur Kvk,27.2,2026-06-29,01:45:00,100.0,2026-06-28,01:45:00,2026-06-29 01:53:20,33.25,Zone 4,65.0,Zone 5,32.7,Zone 4,61.3,Zone 5,52.3,Zone 5,64.6,Zone 5,61.8,Zone 5,66.9,Zone 5,65.0,Zone 5,68.7,Zone 5
Maharashtra,Nagpur,Ramtek Aws400,26.0,2026-06-29,01:45:00,100.0,2026-06-28,01:45:00,2026-06-29 01:53:20,30.150000000000034,Zone 4,63.2,Zone 5,30.1,Zone 4,59.2,Zone 5,42.0,Zone 5,62.8,Zone 5,59.8,Zone 5,65.4,Zone 5,63.2,Zone 5,67.4,Zone 5
Maharashtra,Nanded,Nanded,24.5,2026-06-29,01:45:00,100.0,2026-06-28,01:45:00,2026-06-29 01:53:20,27.05000000000001,Zone 4,60.7,Zone 5,27.0,Zone 4,47.6,Zone 5,34.0,Zone 4,60.2,Zone 5,50.0,Zone 5,63.2,Zone 5,60.7,Zone 5,65.5,Zone 5
Maharashtra,Nanded,Sagroli Kvk,25.1,2026-06-29,01:45:00,99.0,2026-06-28,01:45:00,2026-06-29 01:53:20,28.05000000000001,Zone 4,61.3,Zone 5,27.9,Zone 4,50.8,Zone 5,35.0,Zone 4,60.9,Zone 5,53.2,Zone 5,63.8,Zone 5,61.3,Zone 5,66.0,Zone 5
Maharashtra,Nandurbar,Shahada Aws400,29.4,2026-06-29,01:45:00,76.0,2026-06-28,01:45:00,2026-06-29 01:53:20,34.25,Zone 4,63.6,Zone 5,34.5,Zone 4,59.7,Zone 5,44.2,Zone 5,63.2,Zone 5,60.2,Zone 5,65.8,Zone 5,63.6,Zone 5,67.7,Zone 5
Maharashtra,Nashik,Kalwan,26.1,2026-06-29,01:45:00,40.0,2026-06-28,01:45:00,2026-06-29 01:53:20,25.75,Zone 4,38.4,Zone 4,25.6,Zone 4,34.2,Zone 4,30.2,Zone 4,38.2,Zone 4,34.4,Zone 4,42.0,Zone 4,38.4,Zone 4,52.2,Zone 5
Maharashtra,Nashik,Malegaon,27.1,2026-06-29,01:45:00,86.0,2026-06-28,01:45:00,2026-06-29 01:53:20,30.75,Zone 4,61.9,Zone 5,30.6,Zone 4,53.8,Zone 5,37.5,Zone 4,61.5,Zone 5,56.0,Zone 5,64.3,Zone 5,61.9,Zone 5,66.4,Zone 5
Maharashtra,Nashik,Vilholi,24.4,2026-06-29,01:45:00,100.0,2026-06-28,01:45:00,2026-06-29 01:53:20,26.850000000000023,Zone 4,60.7,Zone 5,27.0,Zone 4,47.6,Zone 5,34.0,Zone 4,60.2,Zone 5,50.0,Zone 5,63.2,Zone 5,60.7,Zone 5,65.5,Zone 5
Maharashtra,Palghar,Palghar Aws400,25.8,2026-06-29,01:45:00,97.0,2026-06-28,01:45:00,2026-06-29 01:53:20,29.350000000000023,Zone 4,62.6,Zone 5,29.8,Zone 4,57.0,Zone 5,38.8,Zone 5,62.2,Zone 5,59.0,Zone 5,64.9,Zone 5,62.6,Zone 5,66.9,Zone 5
Maharashtra,Pune, Nimgiri Junnar,22.8,2026-06-29,01:45:00,,,,2026-06-29 01:53:20,,,,,,,,,,,,,,,,,,,,
Maharashtra,Pune,Ballalwadi Junnar,22.9,2026-06-29,01:45:00,99.0,2026-06-28,01:45:00,2026-06-29 01:53:20,24.650000000000034,Zone 3,55.1,Zone 5,24.7,Zone 3,36.3,Zone 4,30.9,Zone 4,53.5,Zone 5,37.7,Zone 5,60.9,Zone 5,55.1,Zone 5,63.5,Zone 5
Maharashtra,Pune,Chinchwad Pune,24.8,2026-06-29,01:45:00,94.0,2026-06-28,01:45:00,2026-06-29 01:53:20,27.150000000000034,Zone 4,60.3,Zone 5,27.5,Zone 4,45.9,Zone 5,34.3,Zone 4,59.9,Zone 5,48.3,Zone 5,62.9,Zone 5,60.3,Zone 5,65.2,Zone 5
Maharashtra,Pune,Cme Dapodi,25.6,2026-06-29,01:45:00,90.0,2026-06-28,01:45:00,2026-06-29 01:53:20,28.25,Zone 4,60.3,Zone 5,28.1,Zone 4,46.0,Zone 5,34.8,Zone 4,59.9,Zone 5,48.3,Zone 5,62.9,Zone 5,60.3,Zone 5,65.2,Zone 5
Maharashtra,Pune,Dps Hadapsar Pune,26.3,2026-06-29,01:45:00,88.0,2026-06-28,01:45:00,2026-06-29 01:53:20,29.350000000000023,Zone 4,61.5,Zone 5,29.8,Zone 4,51.9,Zone 5,36.7,Zone 4,61.1,Zone 5,54.2,Zone 5,64.0,Zone 5,61.5,Zone 5,66.1,Zone 5
Maharashtra,Pune,Khadakwadi Ambegaon,23.7,2026-06-29,01:45:00,99.0,2026-06-28,01:45:00,2026-06-29 01:53:20,25.55000000000001,Zone 4,58.2,Zone 5,25.2,Zone 3,39.2,Zone 5,31.8,Zone 4,56.7,Zone 5,41.2,Zone 5,61.6,Zone 5,58.2,Zone 5,64.1,Zone 5
Maharashtra,Pune,Khutbav Daund,24.6,2026-06-29,01:45:00,100.0,2026-06-28,01:45:00,2026-06-29 01:53:20,27.25,Zone 4,60.7,Zone 5,27.0,Zone 4,47.6,Zone 5,34.0,Zone 4,60.2,Zone 5,50.0,Zone 5,63.2,Zone 5,60.7,Zone 5,65.5,Zone 5
Maharashtra,Pune,Lavale,22.2,2026-06-29,01:45:00,94.0,2026-06-28,01:45:00,2026-06-29 01:53:20,23.75,Zone 3,44.7,Zone 5,23.5,Zone 3,33.9,Zone 4,28.8,Zone 4,43.3,Zone 5,34.4,Zone 4,58.1,Zone 5,44.7,Zone 5,61.6,Zone 5
Maharashtra,Pune,Lonikalbhor Haveli,24.3,2026-06-29,01:45:00,98.0,2026-06-28,01:45:00,2026-06-29 01:53:20,26.55000000000001,Zone 4,60.3,Zone 5,26.9,Zone 4,45.8,Zone 5,33.7,Zone 4,59.9,Zone 5,48.1,Zone 5,62.9,Zone 5,60.3,Zone 5,65.2,Zone 5
Maharashtra,Pune,Malin Ambegaon,23.0,2026-06-29,01:45:00,100.0,2026-06-28,01:45:00,2026-06-29 01:53:20,24.75,Zone 3,55.8,Zone 5,24.8,Zone 3,36.7,Zone 5,31.0,Zone 4,54.3,Zone 5,38.5,Zone 5,61.1,Zone 5,55.8,Zone 5,63.6,Zone 5
Maharashtra,Pune,Mti Pashan Pune,26.4,2026-06-29,01:45:00,92.0,2026-06-28,01:45:00,2026-06-29 01:53:20,30.05000000000001,Zone 4,62.4,Zone 5,30.2,Zone 4,56.0,Zone 5,37.7,Zone 5,62.0,Zone 5,58.1,Zone 5,64.7,Zone 5,62.4,Zone 5,66.8,Zone 5
Maharashtra,Pune,Narayangoan Krishi Kendra,23.1,2026-06-29,01:45:00,100.0,2026-06-28,01:45:00,2026-06-29 01:53:20,24.850000000000023,Zone 3,55.8,Zone 5,24.8,Zone 3,36.7,Zone 5,31.0,Zone 4,54.3,Zone 5,38.5,Zone 5,61.1,Zone 5,55.8,Zone 5,63.6,Zone 5
Maharashtra,Pune,Nda Pune,24.6,2026-06-29,01:45:00,82.0,2026-06-28,01:45:00,2026-06-29 01:53:20,26.05000000000001,Zone 4,51.4,Zone 5,25.9,Zone 4,36.9,Zone 4,31.9,Zone 4,49.8,Zone 5,37.4,Zone 4,60.1,Zone 5,51.4,Zone 5,62.8,Zone 5
Maharashtra,Pune,Nes Lakadi Indapur,24.1,2026-06-29,01:45:00,,,,2026-06-29 01:53:20,,,,,,,,,,,,,,,,,,,,
Maharashtra,Pune,Niasm Baramati,23.9,2026-06-29,01:45:00,100.0,2026-06-28,01:45:00,2026-06-29 01:53:20,25.950000000000045,Zone 4,59.8,Zone 5,26.1,Zone 4,43.6,Zone 5,32.9,Zone 4,59.4,Zone 5,45.9,Zone 5,62.5,Zone 5,59.8,Zone 5,64.8,Zone 5
Maharashtra,Pune,Pabal Shirur,20.6,2026-06-29,01:45:00,99.0,2026-06-28,01:45:00,2026-06-29 01:53:20,22.150000000000034,Zone 3,39.0,Zone 5,22.0,Zone 3,31.9,Zone 4,27.0,Zone 4,37.8,Zone 5,32.4,Zone 4,53.0,Zone 5,39.0,Zone 5,60.4,Zone 5
Maharashtra,Pune,Pashan Aws Lab,25.0,2026-06-29,01:45:00,100.0,2026-06-28,01:45:00,2026-06-29 01:53:20,27.950000000000045,Zone 4,61.5,Zone 5,28.0,Zone 4,51.8,Zone 5,35.2,Zone 4,61.1,Zone 5,54.1,Zone 5,64.0,Zone 5,61.5,Zone 5,66.1,Zone 5
Maharashtra,Pune,Pashan Tdma Test,27.1,2026-06-29,01:30:00,74.0,2026-06-28,01:30:00,2026-06-29 01:53:20,29.450000000000045,Zone 4,59.2,Zone 5,29.2,Zone 4,40.8,Zone 5,35.3,Zone 4,58.2,Zone 5,42.9,Zone 5,62.0,Zone 5,59.2,Zone 5,64.4,Zone 5
Maharashtra,Pune,Rajgurunagar,24.3,2026-06-29,01:45:00,100.0,2026-06-28,01:45:00,2026-06-29 01:53:20,26.650000000000034,Zone 4,60.7,Zone 5,27.0,Zone 4,47.6,Zone 5,34.0,Zone 4,60.2,Zone 5,50.0,Zone 5,63.2,Zone 5,60.7,Zone 5,65.5,Zone 5
Maharashtra,Pune,Rjspmcop Dudulgaon,24.4,2026-06-29,01:45:00,100.0,2026-06-28,01:45:00,2026-06-29 01:53:20,26.850000000000023,Zone 4,60.7,Zone 5,27.0,Zone 4,47.6,Zone 5,34.0,Zone 4,60.2,Zone 5,50.0,Zone 5,63.2,Zone 5,60.7,Zone 5,65.5,Zone 5
Maharashtra,Pune,Talegaon,23.6,2026-06-29,01:45:00,,,,2026-06-29 01:53:20,,,,,,,,,,,,,,,,,,,,
Maharashtra,Pune,Wadgaonsheri Pune,25.4,2026-06-29,01:45:00,79.0,2026-06-28,01:45:00,2026-06-29 01:53:20,27.05000000000001,Zone 4,55.1,Zone 5,27.2,Zone 4,38.3,Zone 4,33.3,Zone 4,53.6,Zone 5,38.9,Zone 4,60.9,Zone 5,55.1,Zone 5,63.5,Zone 5
Maharashtra,Pune,Walhe Purandar,24.1,2026-06-29,01:45:00,100.0,2026-06-28,01:45:00,2026-06-29 01:53:20,26.350000000000023,Zone 4,59.8,Zone 5,26.1,Zone 4,43.6,Zone 5,32.9,Zone 4,59.4,Zone 5,45.9,Zone 5,62.5,Zone 5,59.8,Zone 5,64.8,Zone 5
Maharashtra,Raigad,Iighq Newpanvel,25.3,2026-06-29,01:45:00,100.0,2026-06-28,01:45:00,2026-06-29 01:53:20,28.55000000000001,Zone 4,62.4,Zone 5,29.0,Zone 4,55.9,Zone 5,37.6,Zone 5,62.0,Zone 5,58.0,Zone 5,64.7,Zone 5,62.4,Zone 5,66.7,Zone 5
Maharashtra,Raigad,Iig Mo Alibag,28.1,2026-06-29,01:45:00,100.0,2026-06-28,01:45:00,2026-06-29 01:53:20,38.25,Zone 5,66.7,Zone 5,37.1,Zone 5,63.4,Zone 5,59.8,Zone 5,66.3,Zone 5,63.9,Zone 5,68.4,Zone 5,66.7,Zone 5,70.0,Zone 5
Maharashtra,Raigad,Karjat,24.7,2026-06-29,01:45:00,94.0,2026-06-28,01:45:00,2026-06-29 01:53:20,26.950000000000045,Zone 4,59.5,Zone 5,26.6,Zone 4,42.1,Zone 5,33.2,Zone 4,59.1,Zone 5,44.3,Zone 5,62.2,Zone 5,59.5,Zone 5,64.6,Zone 5
Maharashtra,Raigad,Matheran,21.4,2026-06-29,01:45:00,100.0,2026-06-28,01:45:00,2026-06-29 01:53:20,23.05000000000001,Zone 3,45.7,Zone 5,23.2,Zone 3,33.6,Zone 4,28.5,Zone 4,44.3,Zone 5,34.1,Zone 4,58.9,Zone 5,45.7,Zone 5,61.8,Zone 5
Maharashtra,Ratnagiri,Dapoli,26.0,2026-06-29,01:45:00,,,,2026-06-29 01:53:20,,,,,,,,,,,,,,,,,,,,
Maharashtra,Ratnagiri,Ratnagiri Aws400,25.4,2026-06-29,01:45:00,100.0,2026-06-28,01:45:00,2026-06-29 01:53:20,28.75,Zone 4,62.4,Zone 5,29.0,Zone 4,55.9,Zone 5,37.6,Zone 5,62.0,Zone 5,58.0,Zone 5,64.7,Zone 5,62.4,Zone 5,66.7,Zone 5
Maharashtra,Ratnagiri,Savarde(Golwane),25.0,2026-06-29,01:45:00,,,,2026-06-29 01:53:20,,,,,,,,,,,,,,,,,,,,
Maharashtra,Satara,Bgrl Karad,,,,63.0,2026-06-28,01:45:00,2026-06-29 01:53:20,,,,,,,,,,,,,,,,,,,,
Maharashtra,Satara,Mahabaleshwar,18.3,2026-06-29,01:45:00,73.0,2026-06-28,01:45:00,2026-06-29 01:53:20,18.150000000000034,Zone 3,32.5,Zone 4,18.4,Zone 3,28.1,Zone 4,24.1,Zone 3,32.3,Zone 4,28.3,Zone 4,36.4,Zone 4,32.5,Zone 4,42.9,Zone 5
Maharashtra,Sindhudurg,Vengurla,24.9,2026-06-29,01:45:00,92.0,2026-06-28,01:45:00,2026-06-29 01:53:20,27.150000000000034,Zone 4,59.9,Zone 5,27.3,Zone 4,44.0,Zone 5,34.0,Zone 4,59.5,Zone 5,46.3,Zone 5,62.6,Zone 5,59.9,Zone 5,64.9,Zone 5
Maharashtra,Solapur,Mohol Kvk,24.5,2026-06-29,01:45:00,100.0,2026-06-28,01:45:00,2026-06-29 01:53:20,27.05000000000001,Zone 4,60.7,Zone 5,27.0,Zone 4,47.6,Zone 5,34.0,Zone 4,60.2,Zone 5,50.0,Zone 5,63.2,Zone 5,60.7,Zone 5,65.5,Zone 5
Maharashtra,Solapur,Sangola Mahavidyalaya,24.0,2026-06-29,01:45:00,99.0,2026-06-28,01:45:00,2026-06-29 01:53:20,26.05000000000001,Zone 4,59.6,Zone 5,26.1,Zone 4,42.7,Zone 5,32.8,Zone 4,59.2,Zone 5,45.0,Zone 5,62.3,Zone 5,59.6,Zone 5,64.7,Zone 5
Maharashtra,Solapur,Solapur,24.3,2026-06-29,01:45:00,98.0,2026-06-28,01:45:00,2026-06-29 01:53:20,26.55000000000001,Zone 4,60.3,Zone 5,26.9,Zone 4,45.8,Zone 5,33.7,Zone 4,59.9,Zone 5,48.1,Zone 5,62.9,Zone 5,60.3,Zone 5,65.2,Zone 5
Maharashtra,Thane,Bhayander,25.8,2026-06-29,01:45:00,,,,2026-06-29 01:53:20,,,,,,,,,,,,,,,,,,,,
Maharashtra,Wardha,Wardha,26.8,2026-06-29,01:45:00,88.0,2026-06-28,01:45:00,2026-06-29 01:53:20,30.350000000000023,Zone 4,62.4,Zone 5,30.8,Zone 4,55.8,Zone 5,37.9,Zone 4,61.9,Zone 5,58.0,Zone 5,64.7,Zone 5,62.4,Zone 5,66.7,Zone 5
Maharashtra,Yavatmal,Pushad Aws400,23.3,2026-06-29,01:45:00,100.0,2026-06-28,01:45:00,2026-06-29 01:53:20,25.05000000000001,Zone 3,58.9,Zone 5,25.3,Zone 3,39.9,Zone 5,31.9,Zone 4,57.4,Zone 5,42.0,Zone 5,61.8,Zone 5,58.9,Zone 5,64.2,Zone 5
Maharashtra,Yavatmal,Yavatmal,24.5,2026-06-29,01:45:00,91.0,2026-06-28,01:45:00,2026-06-29 01:53:20,26.450000000000045,Zone 4,58.5,Zone 5,26.4,Zone 4,39.5,Zone 5,32.9,Zone 4,57.1,Zone 5,41.5,Zone 5,61.7,Zone 5,58.5,Zone 5,64.2,Zone 5
Manipur,Chandel,Chandel Kvk,21.7,2026-06-29,01:30:00,100.0,2026-06-28,01:30:00,2026-06-29 01:53:20,23.350000000000023,Zone 3,45.7,Zone 5,23.2,Zone 3,33.6,Zone 4,28.5,Zone 4,44.3,Zone 5,34.1,Zone 4,58.9,Zone 5,45.7,Zone 5,61.8,Zone 5
Manipur,Churachandpur,Geljang Resort,23.5,2026-06-29,01:15:00,,,,2026-06-29 01:53:20,,,,,,,,,,,,,,,,,,,,
Manipur,Imphal East,Jiribam,26.4,2026-06-29,01:45:00,99.0,2026-06-28,01:45:00,2026-06-29 01:53:20,30.950000000000045,Zone 4,63.9,Zone 5,31.2,Zone 4,60.0,Zone 5,45.8,Zone 5,63.5,Zone 5,60.5,Zone 5,66.0,Zone 5,63.9,Zone 5,67.9,Zone 5
Manipur,Imphal East,Porompat,23.1,2026-06-29,01:45:00,95.0,2026-06-28,01:45:00,2026-06-29 01:53:20,24.75,Zone 3,52.1,Zone 5,24.6,Zone 3,35.8,Zone 4,30.5,Zone 4,50.5,Zone 5,36.3,Zone 4,60.3,Zone 5,52.1,Zone 5,62.9,Zone 5
Manipur,Imphal West,Imphal Amfu,22.4,2026-06-29,01:45:00,99.0,2026-06-28,01:45:00,2026-06-29 01:53:20,24.150000000000034,Zone 3,51.8,Zone 5,24.2,Zone 3,35.3,Zone 4,30.0,Zone 4,50.2,Zone 5,35.9,Zone 4,60.2,Zone 5,51.8,Zone 5,62.9,Zone 5
Manipur,Kamjong,Kamjong,17.3,2026-06-29,01:45:00,100.0,2026-06-28,01:45:00,2026-06-29 01:53:20,18.150000000000034,Zone 3,32.9,Zone 4,18.4,Zone 3,28.0,Zone 4,24.0,Zone 3,32.7,Zone 4,28.2,Zone 4,37.9,Zone 5,32.9,Zone 4,51.3,Zone 5
Manipur,Kangpokpi,Saikul,,,,100.0,2026-06-28,01:45:00,2026-06-29 01:53:20,,,,,,,,,,,,,,,,,,,,
Manipur,Noney,Khoupum,23.8,2026-06-29,01:45:00,100.0,2026-06-28,01:45:00,2026-06-29 01:53:20,25.75,Zone 4,59.8,Zone 5,26.1,Zone 4,43.6,Zone 5,32.9,Zone 4,59.4,Zone 5,45.9,Zone 5,62.5,Zone 5,59.8,Zone 5,64.8,Zone 5
Meghalaya,East Garo Hills,Williamnagar,29.4,2026-06-29,01:45:00,97.0,2026-06-28,01:45:00,2026-06-29 01:53:20,50.25,Zone 5,68.7,Zone 5,51.6,Zone 5,65.8,Zone 5,62.8,Zone 5,68.3,Zone 5,66.3,Zone 5,70.1,Zone 5,68.7,Zone 5,71.4,Zone 5
Meghalaya,East Jaintia Hills,Mynkre Substation,23.4,2026-06-29,01:45:00,99.0,2026-06-28,01:45:00,2026-06-29 01:53:20,25.150000000000034,Zone 3,58.2,Zone 5,25.2,Zone 3,39.2,Zone 5,31.8,Zone 4,56.7,Zone 5,41.2,Zone 5,61.6,Zone 5,58.2,Zone 5,64.1,Zone 5
Meghalaya,East Khasi Hills,Laban,21.1,2026-06-29,01:45:00,91.0,2026-06-28,01:45:00,2026-06-29 01:53:20,22.350000000000023,Zone 3,37.4,Zone 4,22.2,Zone 3,32.1,Zone 4,27.2,Zone 4,37.1,Zone 4,32.5,Zone 4,51.0,Zone 5,37.4,Zone 4,60.0,Zone 5
Meghalaya,East Khasi Hills,Mawryngkneng,22.5,2026-06-29,01:30:00,,,,2026-06-29 01:53:20,,,,,,,,,,,,,,,,,,,,
Meghalaya,East Khasi Hills,Nehu,21.5,2026-06-29,01:45:00,94.0,2026-06-28,01:45:00,2026-06-29 01:53:20,22.950000000000045,Zone 3,41.6,Zone 5,22.9,Zone 3,33.1,Zone 4,28.1,Zone 4,40.3,Zone 5,33.5,Zone 4,55.5,Zone 5,41.6,Zone 5,61.0,Zone 5
Meghalaya,East Khasi Hills,Shillong,22.7,2026-06-29,01:45:00,89.0,2026-06-28,01:45:00,2026-06-29 01:53:20,24.05000000000001,Zone 3,44.2,Zone 5,23.8,Zone 3,34.3,Zone 4,29.3,Zone 4,42.8,Zone 5,34.7,Zone 4,57.7,Zone 5,44.2,Zone 5,61.5,Zone 5
Meghalaya,North Garo Hills,Resubelpara,28.0,2026-06-29,01:45:00,100.0,2026-06-28,01:45:00,2026-06-29 01:53:20,37.150000000000034,Zone 5,66.7,Zone 5,37.1,Zone 5,63.4,Zone 5,59.8,Zone 5,66.3,Zone 5,63.9,Zone 5,68.4,Zone 5,66.7,Zone 5,70.0,Zone 5
Meghalaya,Ri Bhoi,Umtrewdam,30.6,2026-06-29,01:45:00,,,,2026-06-29 01:53:20,,,,,,,,,,,,,,,,,,,,
Meghalaya,South West Garo Hills,Ampati,27.8,2026-06-29,01:45:00,96.0,2026-06-28,01:45:00,2026-06-29 01:53:20,34.150000000000034,Zone 4,65.8,Zone 5,34.8,Zone 4,62.3,Zone 5,57.3,Zone 5,65.4,Zone 5,62.9,Zone 5,67.6,Zone 5,65.8,Zone 5,69.3,Zone 5
Meghalaya,South West Khasi Hills,Mawkyrwat,19.6,2026-06-29,01:45:00,100.0,2026-06-28,01:45:00,2026-06-29 01:53:20,21.05000000000001,Zone 3,35.9,Zone 4,20.9,Zone 3,30.6,Zone 4,25.7,Zone 4,35.5,Zone 4,30.9,Zone 4,48.0,Zone 5,35.9,Zone 4,59.4,Zone 5
Meghalaya,West Garo Hills,Tura,26.8,2026-06-29,01:45:00,90.0,2026-06-28,01:45:00,2026-06-29 01:53:20,30.650000000000034,Zone 4,62.8,Zone 5,31.1,Zone 4,57.8,Zone 5,39.7,Zone 5,62.4,Zone 5,59.2,Zone 5,65.1,Zone 5,62.8,Zone 5,67.1,Zone 5
Meghalaya,West Khasi Hills,Nongstoin,20.4,2026-06-29,01:45:00,100.0,2026-06-28,01:45:00,2026-06-29 01:53:20,21.950000000000045,Zone 3,39.6,Zone 5,22.0,Zone 3,32.0,Zone 4,27.0,Zone 4,38.4,Zone 5,32.4,Zone 4,53.6,Zone 5,39.6,Zone 5,60.6,Zone 5
Mizoram,Aizawl,Lengpui,25.4,2026-06-29,01:45:00,91.0,2026-06-28,01:45:00,2026-06-29 01:53:20,27.950000000000045,Zone 4,60.5,Zone 5,28.1,Zone 4,47.0,Zone 5,34.9,Zone 4,60.1,Zone 5,49.3,Zone 5,63.1,Zone 5,60.5,Zone 5,65.4,Zone 5
Mizoram,Aizawl,Mizoram University,23.7,2026-06-29,01:45:00,94.0,2026-06-28,01:45:00,2026-06-29 01:53:20,25.25,Zone 3,54.6,Zone 5,25.1,Zone 3,36.6,Zone 4,31.3,Zone 4,53.0,Zone 5,37.3,Zone 5,60.8,Zone 5,54.6,Zone 5,63.4,Zone 5
Mizoram,Champhai,Champhai Aws,18.4,2026-06-29,01:45:00,100.0,2026-06-28,01:45:00,2026-06-29 01:53:20,19.55000000000001,Zone 3,34.3,Zone 4,19.7,Zone 3,29.2,Zone 4,24.8,Zone 3,34.0,Zone 4,29.5,Zone 4,42.6,Zone 5,34.3,Zone 4,56.0,Zone 5
Mizoram,Hnathial,Hnathial,22.3,2026-06-29,01:45:00,100.0,2026-06-28,01:45:00,2026-06-29 01:53:20,24.05000000000001,Zone 3,52.5,Zone 5,24.3,Zone 3,35.4,Zone 4,30.1,Zone 4,50.9,Zone 5,36.0,Zone 4,60.4,Zone 5,52.5,Zone 5,63.0,Zone 5
Mizoram,Khawzawl,Khawzawl,20.5,2026-06-29,01:45:00,100.0,2026-06-28,01:45:00,2026-06-29 01:53:20,22.05000000000001,Zone 3,39.6,Zone 5,22.0,Zone 3,32.0,Zone 4,27.0,Zone 4,38.4,Zone 5,32.4,Zone 4,53.6,Zone 5,39.6,Zone 5,60.6,Zone 5
Mizoram,Kolasib,Kolasib,24.0,2026-06-29,01:45:00,100.0,2026-06-28,01:45:00,2026-06-29 01:53:20,26.150000000000034,Zone 4,59.8,Zone 5,26.1,Zone 4,43.6,Zone 5,32.9,Zone 4,59.4,Zone 5,45.9,Zone 5,62.5,Zone 5,59.8,Zone 5,64.8,Zone 5
Mizoram,Lawngtlai,Chawnhu,21.8,2026-06-29,01:45:00,92.0,2026-06-28,01:45:00,2026-06-29 01:53:20,23.150000000000034,Zone 3,43.3,Zone 5,23.4,Zone 3,33.7,Zone 4,28.7,Zone 4,41.9,Zone 5,34.2,Zone 4,56.9,Zone 5,43.3,Zone 5,61.3,Zone 5
Mizoram,Mamit,Lengpui Kvk,24.7,2026-06-29,01:45:00,100.0,2026-06-28,01:45:00,2026-06-29 01:53:20,27.350000000000023,Zone 4,60.7,Zone 5,27.0,Zone 4,47.6,Zone 5,34.0,Zone 4,60.2,Zone 5,50.0,Zone 5,63.2,Zone 5,60.7,Zone 5,65.5,Zone 5
Mizoram,Saiha,Saiha,20.1,2026-06-29,01:45:00,100.0,2026-06-28,01:45:00,2026-06-29 01:53:20,21.55000000000001,Zone 3,36.9,Zone 5,21.5,Zone 3,31.3,Zone 4,26.3,Zone 4,36.3,Zone 4,31.7,Zone 4,50.8,Zone 5,36.9,Zone 5,60.0,Zone 5
Mizoram,Serchhip,Serchhip,21.9,2026-06-29,01:45:00,83.0,2026-06-28,01:45:00,2026-06-29 01:53:20,22.950000000000045,Zone 3,38.2,Zone 4,23.0,Zone 3,32.9,Zone 4,28.2,Zone 4,37.8,Zone 4,33.3,Zone 4,51.3,Zone 5,38.2,Zone 4,60.1,Zone 5
Nagaland,Kiphire,Kiphire Aws400,22.1,2026-06-29,01:45:00,100.0,2026-06-28,01:45:00,2026-06-29 01:53:20,23.850000000000023,Zone 3,49.1,Zone 5,23.7,Zone 3,34.5,Zone 4,29.3,Zone 4,47.5,Zone 5,35.0,Zone 4,59.7,Zone 5,49.1,Zone 5,62.4,Zone 5
Nagaland,Longleng,Sakshi,24.3,2026-06-29,01:30:00,100.0,2026-06-28,01:30:00,2026-06-29 01:53:20,26.650000000000034,Zone 4,60.7,Zone 5,27.0,Zone 4,47.6,Zone 5,34.0,Zone 4,60.2,Zone 5,50.0,Zone 5,63.2,Zone 5,60.7,Zone 5,65.5,Zone 5
Nagaland,Peren,Jalukie,24.7,2026-06-29,01:45:00,100.0,2026-06-28,01:45:00,2026-06-29 01:53:20,27.350000000000023,Zone 4,60.7,Zone 5,27.0,Zone 4,47.6,Zone 5,34.0,Zone 4,60.2,Zone 5,50.0,Zone 5,63.2,Zone 5,60.7,Zone 5,65.5,Zone 5
Nagaland,Tuensang,Thonoknyu,19.2,2026-06-29,01:45:00,100.0,2026-06-28,01:45:00,2026-06-29 01:53:20,20.55000000000001,Zone 3,35.1,Zone 4,20.3,Zone 3,29.9,Zone 4,25.1,Zone 3,34.8,Zone 4,30.2,Zone 4,45.3,Zone 5,35.1,Zone 4,58.2,Zone 5
Nagaland,Wokha,Wokha,21.3,2026-06-29,01:45:00,98.0,2026-06-28,01:45:00,2026-06-29 01:53:20,22.850000000000023,Zone 3,44.3,Zone 5,23.1,Zone 3,33.5,Zone 4,28.3,Zone 4,42.9,Zone 5,33.9,Zone 4,57.8,Zone 5,44.3,Zone 5,61.5,Zone 5
Odisha,Balangir,Bolangir,28.9,2026-06-29,01:45:00,100.0,2026-06-28,01:45:00,2026-06-29 01:53:20,48.55000000000001,Zone 5,68.5,Zone 5,50.0,Zone 5,65.5,Zone 5,62.5,Zone 5,68.1,Zone 5,66.1,Zone 5,69.9,Zone 5,68.5,Zone 5,71.3,Zone 5
Odisha,Balasore,Fm University,27.1,2026-06-29,01:45:00,100.0,2026-06-28,01:45:00,2026-06-29 01:53:20,32.950000000000045,Zone 4,65.0,Zone 5,32.7,Zone 4,61.3,Zone 5,52.3,Zone 5,64.6,Zone 5,61.8,Zone 5,66.9,Zone 5,65.0,Zone 5,68.7,Zone 5
Odisha,Bargarh,Barapalli,28.7,2026-06-29,01:45:00,,,,2026-06-29 01:53:20,,,,,,,,,,,,,,,,,,,,
Odisha,Cuttack,Cuttack Kvk,27.7,2026-06-29,01:45:00,,,,2026-06-29 01:53:20,,,,,,,,,,,,,,,,,,,,
Odisha,Ganjam,Benakuda Kvk,27.2,2026-06-29,01:45:00,82.0,2026-06-28,01:45:00,2026-06-29 01:53:20,30.450000000000045,Zone 4,61.0,Zone 5,30.1,Zone 4,49.4,Zone 5,36.7,Zone 4,60.6,Zone 5,51.8,Zone 5,63.5,Zone 5,61.0,Zone 5,65.7,Zone 5
Odisha,Jharsuguda,Jharsuguda,26.9,2026-06-29,01:45:00,100.0,2026-06-28,01:45:00,2026-06-29 01:53:20,32.35000000000002,Zone 4,65.0,Zone 5,32.7,Zone 4,61.3,Zone 5,52.3,Zone 5,64.6,Zone 5,61.8,Zone 5,66.9,Zone 5,65.0,Zone 5,68.7,Zone 5
Odisha,Kandhamal,Phulbani,27.2,2026-06-29,01:15:00,,,,2026-06-29 01:53:20,,,,,,,,,,,,,,,,,,,,
Odisha,Khurdha,Bhubaneshwar Airport,28.1,2026-06-29,01:45:00,90.0,2026-06-28,01:45:00,2026-06-29 01:53:20,33.75,Zone 4,64.5,Zone 5,33.5,Zone 4,60.7,Zone 5,49.4,Zone 5,64.1,Zone 5,61.3,Zone 5,66.5,Zone 5,64.5,Zone 5,68.3,Zone 5
Odisha,Khurdha,Pitapalli,29.0,2026-06-29,01:45:00,95.0,2026-06-28,01:45:00,2026-06-29 01:53:20,41.25,Zone 5,67.3,Zone 5,41.3,Zone 5,64.2,Zone 5,60.8,Zone 5,67.0,Zone 5,64.7,Zone 5,68.9,Zone 5,67.3,Zone 5,70.4,Zone 5
Odisha,Mayurbhanj,Baripada,26.6,2026-06-29,01:45:00,100.0,2026-06-28,01:45:00,2026-06-29 01:53:20,31.55000000000001,Zone 4,64.1,Zone 5,31.3,Zone 4,60.2,Zone 5,47.0,Zone 5,63.7,Zone 5,60.8,Zone 5,66.2,Zone 5,64.1,Zone 5,68.0,Zone 5
Odisha,Mayurbhanj,Mayurbhanj Kvk,,,,28.0,2026-06-28,01:45:00,2026-06-29 01:53:20,,,,,,,,,,,,,,,,,,,,
Odisha,Puri,Janhukuda(Near Satapada),29.1,2026-06-29,01:45:00,100.0,2026-06-28,01:45:00,2026-06-29 01:53:20,51.450000000000045,Zone 5,68.5,Zone 5,50.0,Zone 5,65.5,Zone 5,62.5,Zone 5,68.1,Zone 5,66.1,Zone 5,69.9,Zone 5,68.5,Zone 5,71.3,Zone 5
Odisha,Puri,Puri Kvk,29.2,2026-06-29,01:45:00,55.0,2026-06-28,01:45:00,2026-06-29 01:53:20,30.75,Zone 4,52.9,Zone 5,30.5,Zone 4,40.4,Zone 4,35.8,Zone 4,51.4,Zone 5,40.8,Zone 4,60.5,Zone 5,52.9,Zone 5,63.1,Zone 5
Odisha,Rayagada,Gunupur Kvk,27.0,2026-06-29,01:45:00,100.0,2026-06-28,01:45:00,2026-06-29 01:53:20,32.650000000000034,Zone 4,65.0,Zone 5,32.7,Zone 4,61.3,Zone 5,52.3,Zone 5,64.6,Zone 5,61.8,Zone 5,66.9,Zone 5,65.0,Zone 5,68.7,Zone 5
Odisha,Sambalpur,Dhankauda,29.1,2026-06-29,01:45:00,64.0,2026-06-28,01:45:00,2026-06-29 01:53:20,31.75,Zone 4,59.8,Zone 5,31.5,Zone 4,43.5,Zone 5,37.4,Zone 4,59.4,Zone 5,45.7,Zone 5,62.5,Zone 5,59.8,Zone 5,64.8,Zone 5
Odisha,Sundergarh,Sundergarh,26.3,2026-06-29,01:45:00,98.0,2026-06-28,01:45:00,2026-06-29 01:53:20,30.55000000000001,Zone 4,63.7,Zone 5,31.0,Zone 4,59.7,Zone 5,44.5,Zone 5,63.3,Zone 5,60.3,Zone 5,65.8,Zone 5,63.7,Zone 5,67.7,Zone 5
Puducherry,Karaikal,Karaikal,27.5,2026-06-29,01:45:00,99.0,2026-06-28,01:45:00,2026-06-29 01:53:20,33.950000000000045,Zone 4,65.6,Zone 5,33.9,Zone 4,62.1,Zone 5,56.1,Zone 5,65.2,Zone 5,62.6,Zone 5,67.5,Zone 5,65.6,Zone 5,69.1,Zone 5
Puducherry,Mahe,Mahe Jnv,25.2,2026-06-29,01:45:00,100.0,2026-06-28,01:45:00,2026-06-29 01:53:20,28.350000000000023,Zone 4,61.5,Zone 5,28.0,Zone 4,51.8,Zone 5,35.2,Zone 4,61.1,Zone 5,54.1,Zone 5,64.0,Zone 5,61.5,Zone 5,66.1,Zone 5
Puducherry,Puducherry,Puducherry,28.3,2026-06-29,01:45:00,83.0,2026-06-28,01:45:00,2026-06-29 01:53:20,32.950000000000045,Zone 4,63.7,Zone 5,33.5,Zone 4,59.7,Zone 5,44.7,Zone 5,63.3,Zone 5,60.3,Zone 5,65.8,Zone 5,63.7,Zone 5,67.7,Zone 5
Puducherry,Puducherry,Puducherry Kvk,26.0,2026-06-29,01:45:00,100.0,2026-06-28,01:45:00,2026-06-29 01:53:20,30.150000000000034,Zone 4,63.2,Zone 5,30.1,Zone 4,59.2,Zone 5,42.0,Zone 5,62.8,Zone 5,59.8,Zone 5,65.4,Zone 5,63.2,Zone 5,67.4,Zone 5
Punjab,Bathinda,Bhatinda Amfu,32.6,2026-06-29,01:45:00,,,,2026-06-29 01:53:20,,,,,,,,,,,,,,,,,,,,
Punjab,Fazilka,Fasc Abohar,31.2,2026-06-29,01:45:00,,,,2026-06-29 01:53:20,,,,,,,,,,,,,,,,,,,,
Punjab,Fazilka,Fazilka,31.4,2026-06-29,01:45:00,,,,2026-06-29 01:53:20,,,,,,,,,,,,,,,,,,,,
Punjab,Firozpur,Firozpur Kvk,31.1,2026-06-29,01:45:00,72.0,2026-06-28,01:45:00,2026-06-29 01:53:20,37.650000000000034,Zone 4,65.0,Zone 5,37.4,Zone 4,61.3,Zone 5,52.4,Zone 5,64.6,Zone 5,61.9,Zone 5,66.9,Zone 5,65.0,Zone 5,68.7,Zone 5
Punjab,Hoshiarpur,Hosiyarpur,29.1,2026-06-29,01:45:00,78.0,2026-06-28,01:45:00,2026-06-29 01:53:20,33.950000000000045,Zone 4,63.3,Zone 5,33.7,Zone 4,59.3,Zone 5,42.5,Zone 5,62.9,Zone 5,59.8,Zone 5,65.5,Zone 5,63.3,Zone 5,67.4,Zone 5
Punjab,Hoshiarpur,Salern,30.3,2026-06-29,01:45:00,89.0,2026-06-28,01:45:00,2026-06-29 01:53:20,47.55000000000001,Zone 5,68.5,Zone 5,50.3,Zone 5,65.6,Zone 5,62.5,Zone 5,68.1,Zone 5,66.1,Zone 5,70.0,Zone 5,68.5,Zone 5,71.3,Zone 5
Punjab,Ludhiana,Ludhiyana Amfu,32.0,2026-06-29,01:45:00,81.0,2026-06-28,01:45:00,2026-06-29 01:53:20,54.35000000000002,Zone 5,69.0,Zone 5,54.4,Zone 5,66.2,Zone 5,63.3,Zone 5,68.7,Zone 5,66.7,Zone 5,70.4,Zone 5,69.0,Zone 5,71.9,Zone 6
Punjab,Ludhiana,Raikot,32.1,2026-06-29,01:30:00,,,,2026-06-29 01:53:20,,,,,,,,,,,,,,,,,,,,
Punjab,Moga,Moga,31.8,2026-06-29,01:45:00,73.0,2026-06-28,01:45:00,2026-06-29 01:53:20,40.05000000000001,Zone 4,66.9,Zone 5,40.7,Zone 4,63.6,Zone 5,60.1,Zone 5,66.5,Zone 5,64.1,Zone 5,68.5,Zone 5,66.9,Zone 5,70.1,Zone 5
Punjab,Mohali,Mohali,32.5,2026-06-29,01:45:00,,,,2026-06-29 01:53:20,,,,,,,,,,,,,,,,,,,,
Punjab,Muktsar,Gidderbaha,23.1,2026-06-29,01:45:00,,,,2026-06-29 01:53:20,,,,,,,,,,,,,,,,,,,,
Punjab,Pathankot,Kvk Pathankot,29.0,2026-06-29,01:45:00,,,,2026-06-29 01:53:20,,,,,,,,,,,,,,,,,,,,
Punjab,Pathankot,Pathankot,28.3,2026-06-29,01:45:00,,,,2026-06-29 01:53:20,,,,,,,,,,,,,,,,,,,,
Punjab,Pathankot,Thein Dam,27.9,2026-06-29,01:45:00,100.0,2026-06-28,01:45:00,2026-06-29 01:53:20,36.05000000000001,Zone 5,66.7,Zone 5,37.1,Zone 5,63.4,Zone 5,59.8,Zone 5,66.3,Zone 5,63.9,Zone 5,68.4,Zone 5,66.7,Zone 5,70.0,Zone 5
Punjab,Rupnagar,Bhakra Dam Imdnagal,27.7,2026-06-29,01:45:00,100.0,2026-06-28,01:45:00,2026-06-29 01:53:20,34.75,Zone 4,65.8,Zone 5,34.1,Zone 4,62.3,Zone 5,57.3,Zone 5,65.4,Zone 5,62.9,Zone 5,67.7,Zone 5,65.8,Zone 5,69.3,Zone 5
Punjab,Rupnagar,Sri Anadpur Sahib Imdjindwadi,38.4,2026-06-29,01:45:00,99.0,2026-06-28,01:45:00,2026-06-29 01:53:20,92.85000000000002,Zone 6,101.8,Zone 6,93.2,Zone 6,98.1,Zone 6,96.1,Zone 6,101.0,Zone 6,99.0,Zone 6,103.8,Zone 6,101.8,Zone 6,106.6,Zone 6
Rajasthan,Ajmer,Central University Kishangarh,29.8,2026-06-29,01:45:00,64.0,2026-06-28,01:45:00,2026-06-29 01:53:20,32.950000000000045,Zone 4,61.3,Zone 5,33.4,Zone 4,50.7,Zone 5,39.5,Zone 4,60.9,Zone 5,53.0,Zone 5,63.8,Zone 5,61.3,Zone 5,65.9,Zone 5
Rajasthan,Bikaner,Lunkarnsar,33.2,2026-06-29,01:45:00,44.0,2026-06-28,01:45:00,2026-06-29 01:53:20,35.450000000000045,Zone 4,59.7,Zone 5,35.1,Zone 4,44.7,Zone 4,40.3,Zone 4,59.3,Zone 5,45.2,Zone 4,62.4,Zone 5,59.7,Zone 5,64.8,Zone 5
Rajasthan,Chittaurgarh,Chittorgarh Kvk,27.9,2026-06-29,01:15:00,,,,2026-06-29 01:53:20,,,,,,,,,,,,,,,,,,,,
Rajasthan,Churu,Churu,30.5,2026-06-29,01:45:00,73.0,2026-06-28,01:45:00,2026-06-29 01:53:20,36.35000000000002,Zone 4,64.4,Zone 5,36.3,Zone 4,60.7,Zone 5,49.2,Zone 5,64.0,Zone 5,61.2,Zone 5,66.5,Zone 5,64.4,Zone 5,68.3,Zone 5
Rajasthan,Dausa,Khedali,26.2,2026-06-29,01:45:00,100.0,2026-06-28,01:45:00,2026-06-29 01:53:20,30.55000000000001,Zone 4,63.2,Zone 5,30.1,Zone 4,59.2,Zone 5,42.0,Zone 5,62.8,Zone 5,59.8,Zone 5,65.4,Zone 5,63.2,Zone 5,67.4,Zone 5
Rajasthan,Dungarpur,Dungarpur Kvk,28.5,2026-06-29,01:45:00,,,,2026-06-29 01:53:20,,,,,,,,,,,,,,,,,,,,
Rajasthan,Jaipur,Amity University,29.3,2026-06-29,01:45:00,65.0,2026-06-28,01:45:00,2026-06-29 01:53:20,32.25,Zone 4,60.8,Zone 5,32.6,Zone 4,48.3,Zone 5,38.7,Zone 4,60.4,Zone 5,50.6,Zone 5,63.3,Zone 5,60.8,Zone 5,65.6,Zone 5
Rajasthan,Jhunjhunu,Jhunjhunu(Aws),30.0,2026-06-29,01:45:00,64.0,2026-06-28,01:45:00,2026-06-29 01:53:20,33.35000000000002,Zone 4,61.3,Zone 5,33.4,Zone 4,50.7,Zone 5,39.5,Zone 4,60.9,Zone 5,53.0,Zone 5,63.8,Zone 5,61.3,Zone 5,65.9,Zone 5
Rajasthan,Karauli,Karauli Kvk,29.9,2026-06-29,01:45:00,,,,2026-06-29 01:53:20,,,,,,,,,,,,,,,,,,,,
Rajasthan,Nagaur,Krishi Vishwavidhyalaya,32.5,2026-06-29,01:45:00,42.0,2026-06-28,01:45:00,2026-06-29 01:53:20,33.950000000000045,Zone 4,56.6,Zone 5,33.9,Zone 4,43.3,Zone 4,39.0,Zone 4,55.2,Zone 5,43.7,Zone 4,61.3,Zone 5,56.6,Zone 5,63.8,Zone 5
Rajasthan,Pali,Pali,33.4,2026-06-29,01:45:00,51.0,2026-06-28,01:45:00,2026-06-29 01:53:20,37.35000000000002,Zone 4,62.6,Zone 5,37.6,Zone 4,57.2,Zone 5,43.4,Zone 4,62.2,Zone 5,59.1,Zone 5,64.9,Zone 5,62.6,Zone 5,66.9,Zone 5
Rajasthan,Pratapgarh,Pratapgarh,25.7,2026-06-29,01:45:00,99.0,2026-06-28,01:45:00,2026-06-29 01:53:20,29.350000000000023,Zone 4,62.2,Zone 5,28.9,Zone 4,54.9,Zone 5,36.7,Zone 5,61.7,Zone 5,57.1,Zone 5,64.5,Zone 5,62.2,Zone 5,66.6,Zone 5
Rajasthan,Sirohi,Sirohi Kvk,27.3,2026-06-29,01:45:00,47.0,2026-06-28,01:45:00,2026-06-29 01:53:20,27.450000000000045,Zone 4,41.4,Zone 4,27.7,Zone 4,36.8,Zone 4,32.6,Zone 4,41.1,Zone 4,37.1,Zone 4,50.9,Zone 5,41.4,Zone 4,60.0,Zone 5
Sikkim,Gangtok,Gangtok,19.1,2026-06-29,01:45:00,100.0,2026-06-28,01:45:00,2026-06-29 01:53:20,20.450000000000045,Zone 3,35.1,Zone 4,20.3,Zone 3,29.9,Zone 4,25.1,Zone 3,34.8,Zone 4,30.2,Zone 4,45.3,Zone 5,35.1,Zone 4,58.2,Zone 5
Sikkim,Gangtok,Tadong,,,,64.0,2026-06-28,01:45:00,2026-06-29 01:53:20,,,,,,,,,,,,,,,,,,,,
Sikkim,Namchi,Namchi,20.9,2026-06-29,01:45:00,98.0,2026-06-28,01:45:00,2026-06-29 01:53:20,22.450000000000045,Zone 3,41.2,Zone 5,22.5,Zone 3,32.6,Zone 4,27.6,Zone 4,40.0,Zone 5,33.1,Zone 4,55.2,Zone 5,41.2,Zone 5,60.9,Zone 5
Sikkim,Soreng,Soreng,19.7,2026-06-29,01:45:00,100.0,2026-06-28,01:45:00,2026-06-29 01:53:20,21.150000000000034,Zone 3,35.9,Zone 4,20.9,Zone 3,30.6,Zone 4,25.7,Zone 4,35.5,Zone 4,30.9,Zone 4,48.0,Zone 5,35.9,Zone 4,59.4,Zone 5
Tamil Nadu,Ariyalur,Ariyalur,27.3,2026-06-29,01:45:00,70.0,2026-06-28,01:45:00,2026-06-29 01:53:20,29.350000000000023,Zone 4,59.0,Zone 5,29.7,Zone 4,40.6,Zone 4,35.6,Zone 4,57.6,Zone 5,42.1,Zone 5,61.8,Zone 5,59.0,Zone 5,64.3,Zone 5
Tamil Nadu,Chennai,Anna University,28.6,2026-06-29,01:00:00,,,,2026-06-29 01:53:20,,,,,,,,,,,,,,,,,,,,
Tamil Nadu,Chennai,Chennai,29.5,2026-06-29,01:45:00,88.0,2026-06-28,01:45:00,2026-06-29 01:53:20,37.450000000000045,Zone 4,66.5,Zone 5,37.5,Zone 4,63.2,Zone 5,59.6,Zone 5,66.2,Zone 5,63.7,Zone 5,68.3,Zone 5,66.5,Zone 5,69.8,Zone 5
Tamil Nadu,Chennai,Ennore Port,26.4,2026-06-29,01:45:00,80.0,2026-06-28,01:45:00,2026-06-29 01:53:20,28.75,Zone 4,59.8,Zone 5,28.9,Zone 4,43.4,Zone 5,35.3,Zone 4,59.4,Zone 5,45.7,Zone 5,62.5,Zone 5,59.8,Zone 5,64.8,Zone 5
Tamil Nadu,Chennai,Meenambakkam Isro,27.3,2026-06-29,01:45:00,77.0,2026-06-28,01:45:00,2026-06-29 01:53:20,30.05000000000001,Zone 4,60.7,Zone 5,30.5,Zone 4,47.7,Zone 5,36.9,Zone 4,60.3,Zone 5,50.0,Zone 5,63.2,Zone 5,60.7,Zone 5,65.5,Zone 5
Tamil Nadu,Chennai,Niot Pallikaranai,28.6,2026-06-29,01:45:00,72.0,2026-06-28,01:45:00,2026-06-29 01:53:20,31.950000000000045,Zone 4,61.0,Zone 5,31.7,Zone 4,49.5,Zone 5,38.0,Zone 4,60.6,Zone 5,51.8,Zone 5,63.6,Zone 5,61.0,Zone 5,65.8,Zone 5
Tamil Nadu,Coimbatore,Coimbatore Amfu,23.4,2026-06-29,01:45:00,81.0,2026-06-28,01:45:00,2026-06-29 01:53:20,24.55000000000001,Zone 3,44.2,Zone 5,24.6,Zone 3,35.1,Zone 4,30.2,Zone 4,42.8,Zone 5,35.5,Zone 4,57.7,Zone 5,44.2,Zone 5,61.5,Zone 5
Tamil Nadu,Coimbatore,Upasi Tea Research Foundation,19.5,2026-06-29,01:45:00,66.0,2026-06-28,01:45:00,2026-06-29 01:53:20,19.25,Zone 3,33.2,Zone 4,19.3,Zone 3,28.9,Zone 4,24.7,Zone 3,33.1,Zone 4,29.0,Zone 4,37.1,Zone 4,33.2,Zone 4,43.4,Zone 5
Tamil Nadu,Cuddalore,Neyveli,26.1,2026-06-29,01:45:00,99.0,2026-06-28,01:45:00,2026-06-29 01:53:20,30.25,Zone 4,63.0,Zone 5,30.0,Zone 4,58.7,Zone 5,40.9,Zone 5,62.6,Zone 5,59.5,Zone 5,65.2,Zone 5,63.0,Zone 5,67.2,Zone 5
Tamil Nadu,Cuddalore,Vridha Chalam,27.1,2026-06-29,01:45:00,75.0,2026-06-28,01:45:00,2026-06-29 01:53:20,29.55000000000001,Zone 4,59.4,Zone 5,29.3,Zone 4,41.9,Zone 5,35.5,Zone 4,59.0,Zone 5,44.0,Zone 5,62.2,Zone 5,59.4,Zone 5,64.6,Zone 5
Tamil Nadu,Dharmapuri,Palacode,24.5,2026-06-29,01:45:00,76.0,2026-06-28,01:45:00,2026-06-29 01:53:20,25.55000000000001,Zone 4,46.2,Zone 5,25.6,Zone 4,36.1,Zone 4,31.3,Zone 4,44.8,Zone 5,36.6,Zone 4,59.1,Zone 5,46.2,Zone 5,61.9,Zone 5
Tamil Nadu,Dindigul,Palani,25.0,2026-06-29,01:45:00,64.0,2026-06-28,01:45:00,2026-06-29 01:53:20,25.650000000000034,Zone 4,40.4,Zone 4,25.6,Zone 4,35.5,Zone 4,30.9,Zone 4,40.1,Zone 4,35.8,Zone 4,53.3,Zone 5,40.4,Zone 4,60.5,Zone 5
Tamil Nadu,Dindigul,Vedasandur,27.2,2026-06-29,01:45:00,57.0,2026-06-28,01:45:00,2026-06-29 01:53:20,28.05000000000001,Zone 4,43.5,Zone 5,27.8,Zone 4,37.5,Zone 4,33.0,Zone 4,42.2,Zone 5,37.9,Zone 4,57.2,Zone 5,43.5,Zone 5,61.4,Zone 5
Tamil Nadu,Erode,Erode Isro,26.4,2026-06-29,01:45:00,74.0,2026-06-28,01:45:00,2026-06-29 01:53:20,28.25,Zone 4,56.8,Zone 5,28.4,Zone 4,39.4,Zone 4,34.4,Zone 4,55.3,Zone 5,40.0,Zone 4,61.3,Zone 5,56.8,Zone 5,63.8,Zone 5
Tamil Nadu,Kallakurichi,Kallakurichi,32.5,2026-06-29,01:15:00,,,,2026-06-29 01:53:20,,,,,,,,,,,,,,,,,,,,
Tamil Nadu,Kallakurichi,Thirukoilur,26.3,2026-06-29,01:45:00,,,,2026-06-29 01:53:20,,,,,,,,,,,,,,,,,,,,
Tamil Nadu,Kanchipuram,Acs Medical College,29.1,2026-06-29,01:45:00,84.0,2026-06-28,01:45:00,2026-06-29 01:53:20,35.25,Zone 4,64.7,Zone 5,35.0,Zone 4,61.0,Zone 5,51.1,Zone 5,64.4,Zone 5,61.6,Zone 5,66.7,Zone 5,64.7,Zone 5,68.5,Zone 5
Tamil Nadu,Kanchipuram,Chembarambakkam,28.5,2026-06-29,01:45:00,81.0,2026-06-28,01:45:00,2026-06-29 01:53:20,33.150000000000034,Zone 4,63.2,Zone 5,33.1,Zone 4,59.2,Zone 5,42.0,Zone 5,62.8,Zone 5,59.7,Zone 5,65.4,Zone 5,63.2,Zone 5,67.4,Zone 5
Tamil Nadu,Kanchipuram,Hindustan University,28.5,2026-06-29,01:45:00,75.0,2026-06-28,01:45:00,2026-06-29 01:53:20,32.150000000000034,Zone 4,61.8,Zone 5,32.1,Zone 4,53.1,Zone 5,38.7,Zone 4,61.4,Zone 5,55.4,Zone 5,64.2,Zone 5,61.8,Zone 5,66.3,Zone 5
Tamil Nadu,Kanchipuram,Kanchipuram Isro,27.9,2026-06-29,01:45:00,32.0,2026-06-28,01:45:00,2026-06-29 01:53:20,27.25,Zone 4,39.6,Zone 4,27.3,Zone 4,35.5,Zone 4,31.7,Zone 4,39.4,Zone 4,35.7,Zone 4,43.1,Zone 4,39.6,Zone 4,52.9,Zone 5
Tamil Nadu,Kanchipuram,Sathyabama  University,28.1,2026-06-29,01:45:00,87.0,2026-06-28,01:45:00,2026-06-29 01:53:20,33.25,Zone 4,63.8,Zone 5,33.0,Zone 4,59.9,Zone 5,45.3,Zone 5,63.4,Zone 5,60.4,Zone 5,65.9,Zone 5,63.8,Zone 5,67.8,Zone 5
Tamil Nadu,Kanyakumari,Thirupathisaram Amfu,27.2,2026-06-29,01:45:00,80.0,2026-06-28,01:45:00,2026-06-29 01:53:20,30.25,Zone 4,60.6,Zone 5,29.9,Zone 4,47.2,Zone 5,36.3,Zone 4,60.2,Zone 5,49.5,Zone 5,63.2,Zone 5,60.6,Zone 5,65.4,Zone 5
Tamil Nadu,Krishnagiri,Denkanikottai,21.8,2026-06-29,01:45:00,81.0,2026-06-28,01:45:00,2026-06-29 01:53:20,22.75,Zone 3,37.9,Zone 4,23.0,Zone 3,32.8,Zone 4,28.1,Zone 4,37.6,Zone 4,33.1,Zone 4,50.0,Zone 5,37.9,Zone 4,59.8,Zone 5
Tamil Nadu,Krishnagiri,Hosur,21.7,2026-06-29,01:45:00,88.0,2026-06-28,01:45:00,2026-06-29 01:53:20,22.950000000000045,Zone 3,37.9,Zone 4,22.7,Zone 3,32.6,Zone 4,27.8,Zone 4,37.6,Zone 4,33.0,Zone 4,51.8,Zone 5,37.9,Zone 4,60.2,Zone 5
Tamil Nadu,Krishnagiri,Paiyur Amfu,24.1,2026-06-29,01:45:00,,,,2026-06-29 01:53:20,,,,,,,,,,,,,,,,,,,,
Tamil Nadu,Madurai,Madurai Isro,27.6,2026-06-29,01:45:00,,,,2026-06-29 01:53:20,,,,,,,,,,,,,,,,,,,,
Tamil Nadu,Mayiladuthurai,Mayiladuthurai,27.1,2026-06-29,01:45:00,,,,2026-06-29 01:53:20,,,,,,,,,,,,,,,,,,,,
Tamil Nadu,Nagapattinam,Mo Nagapattinam Campus,26.3,2026-06-29,01:30:00,92.0,2026-06-28,01:30:00,2026-06-29 01:53:20,29.850000000000023,Zone 4,62.4,Zone 5,30.2,Zone 4,56.0,Zone 5,37.7,Zone 5,62.0,Zone 5,58.1,Zone 5,64.7,Zone 5,62.4,Zone 5,66.8,Zone 5
Tamil Nadu,Nagapattinam,Vedharanyam,26.8,2026-06-29,01:45:00,92.0,2026-06-28,01:45:00,2026-06-29 01:53:20,30.950000000000045,Zone 4,63.2,Zone 5,31.4,Zone 4,59.2,Zone 5,42.1,Zone 5,62.8,Zone 5,59.8,Zone 5,65.4,Zone 5,63.2,Zone 5,67.4,Zone 5
Tamil Nadu,Nctpl Marg Ecr,New Chennai Township Private L,26.6,2026-06-29,01:45:00,95.0,2026-06-28,01:45:00,2026-06-29 01:53:20,30.850000000000023,Zone 4,63.0,Zone 5,30.6,Zone 4,58.8,Zone 5,41.0,Zone 5,62.6,Zone 5,59.5,Zone 5,65.3,Zone 5,63.0,Zone 5,67.2,Zone 5
Tamil Nadu,Ramanathapuram,Ramnadu Kvk,26.8,2026-06-29,01:45:00,,,,2026-06-29 01:53:20,,,,,,,,,,,,,,,,,,,,
Tamil Nadu,Ranipet,Kalavai,26.9,2026-06-29,01:45:00,83.0,2026-06-28,01:45:00,2026-06-29 01:53:20,30.05000000000001,Zone 4,61.2,Zone 5,30.2,Zone 4,50.5,Zone 5,36.9,Zone 4,60.8,Zone 5,52.9,Zone 5,63.7,Zone 5,61.2,Zone 5,65.9,Zone 5
Tamil Nadu,Ranipet,Ranipet,26.9,2026-06-29,01:45:00,100.0,2026-06-28,01:45:00,2026-06-29 01:53:20,32.35000000000002,Zone 4,65.0,Zone 5,32.7,Zone 4,61.3,Zone 5,52.3,Zone 5,64.6,Zone 5,61.8,Zone 5,66.9,Zone 5,65.0,Zone 5,68.7,Zone 5
Tamil Nadu,Salem,Govt Hss Mettur,25.3,2026-06-29,01:30:00,99.0,2026-06-28,01:30:00,2026-06-29 01:53:20,28.450000000000045,Zone 4,62.2,Zone 5,28.9,Zone 4,54.9,Zone 5,36.7,Zone 5,61.7,Zone 5,57.1,Zone 5,64.5,Zone 5,62.2,Zone 5,66.6,Zone 5
Tamil Nadu,Salem,Sandhiyur Kvk,24.5,2026-06-29,01:45:00,82.0,2026-06-28,01:45:00,2026-06-29 01:53:20,25.850000000000023,Zone 4,51.4,Zone 5,25.9,Zone 4,36.9,Zone 4,31.9,Zone 4,49.8,Zone 5,37.4,Zone 4,60.1,Zone 5,51.4,Zone 5,62.8,Zone 5
Tamil Nadu,Salem,Vazhapadi,24.9,2026-06-29,01:45:00,,,,2026-06-29 01:53:20,,,,,,,,,,,,,,,,,,,,
Tamil Nadu,Sivaganga,Sethu Bhaskar Agri College Kar,26.1,2026-06-29,01:45:00,100.0,2026-06-28,01:45:00,2026-06-29 01:53:20,30.350000000000023,Zone 4,63.2,Zone 5,30.1,Zone 4,59.2,Zone 5,42.0,Zone 5,62.8,Zone 5,59.8,Zone 5,65.4,Zone 5,63.2,Zone 5,67.4,Zone 5
Tamil Nadu,Tenkasi,Tenkasi,27.1,2026-06-29,01:45:00,74.0,2026-06-28,01:45:00,2026-06-29 01:53:20,29.450000000000045,Zone 4,59.2,Zone 5,29.2,Zone 4,40.8,Zone 5,35.3,Zone 4,58.2,Zone 5,42.9,Zone 5,62.0,Zone 5,59.2,Zone 5,64.4,Zone 5
Tamil Nadu,The Nilgiris,Coonoor,18.0,2026-06-29,01:45:00,72.0,2026-06-28,01:45:00,2026-06-29 01:53:20,17.75,Zone 3,31.9,Zone 4,17.7,Zone 3,27.6,Zone 4,23.7,Zone 3,31.7,Zone 4,27.7,Zone 4,35.7,Zone 4,31.9,Zone 4,40.5,Zone 5
Tamil Nadu,Thiruninravur,Jaya Engineering Clg,27.7,2026-06-29,01:45:00,48.0,2026-06-28,01:45:00,2026-06-29 01:53:20,28.05000000000001,Zone 4,41.6,Zone 4,27.8,Zone 4,36.9,Zone 4,32.7,Zone 4,41.3,Zone 4,37.3,Zone 4,51.9,Zone 5,41.6,Zone 4,60.2,Zone 5
Tamil Nadu,Thoothukudi,Sattankulam,27.2,2026-06-29,01:45:00,64.0,2026-06-28,01:45:00,2026-06-29 01:53:20,28.650000000000034,Zone 4,50.5,Zone 5,28.3,Zone 4,38.6,Zone 4,33.9,Zone 4,48.9,Zone 5,39.1,Zone 4,60.0,Zone 5,50.5,Zone 5,62.6,Zone 5
Tamil Nadu,Thoothukudi,Thiruchendur,27.7,2026-06-29,01:45:00,65.0,2026-06-28,01:45:00,2026-06-29 01:53:20,29.450000000000045,Zone 4,54.5,Zone 5,29.2,Zone 4,39.6,Zone 4,34.9,Zone 4,52.9,Zone 5,40.2,Zone 4,60.8,Zone 5,54.5,Zone 5,63.4,Zone 5
Tamil Nadu,Thoothukudi,Tuticorin Airport,29.5,2026-06-29,01:45:00,55.0,2026-06-28,01:45:00,2026-06-29 01:53:20,31.25,Zone 4,55.7,Zone 5,31.2,Zone 4,41.2,Zone 4,36.7,Zone 4,54.2,Zone 5,41.7,Zone 4,61.1,Zone 5,55.7,Zone 5,63.6,Zone 5
Tamil Nadu,Thoothukudi,Tuticorin Railway Station,28.4,2026-06-29,01:45:00,58.0,2026-06-28,01:45:00,2026-06-29 01:53:20,29.850000000000023,Zone 4,53.2,Zone 5,30.0,Zone 4,40.1,Zone 4,35.5,Zone 4,51.7,Zone 5,40.6,Zone 4,60.5,Zone 5,53.2,Zone 5,63.1,Zone 5
Tamil Nadu,Tiruchirappalli,Thuvakudi Isro,27.7,2026-06-29,01:45:00,70.0,2026-06-28,01:45:00,2026-06-29 01:53:20,30.05000000000001,Zone 4,59.0,Zone 5,29.7,Zone 4,40.6,Zone 4,35.6,Zone 4,57.6,Zone 5,42.1,Zone 5,61.8,Zone 5,59.0,Zone 5,64.3,Zone 5
Tamil Nadu,Tirunelveli,Radhapuram,29.2,2026-06-29,01:45:00,59.0,2026-06-28,01:45:00,2026-06-29 01:53:20,31.25,Zone 4,57.0,Zone 5,30.9,Zone 4,41.2,Zone 4,36.5,Zone 4,55.6,Zone 5,41.7,Zone 4,61.4,Zone 5,57.0,Zone 5,63.9,Zone 5
Tamil Nadu,Tirunelveli,Tirunelveli,29.2,2026-06-29,01:45:00,57.0,2026-06-28,01:45:00,2026-06-29 01:53:20,30.950000000000045,Zone 4,55.0,Zone 5,30.7,Zone 4,40.8,Zone 4,36.2,Zone 4,53.5,Zone 5,41.3,Zone 4,60.9,Zone 5,55.0,Zone 5,63.5,Zone 5
Tamil Nadu,Tirupattur,Tirupattur Collectoroffice,26.9,2026-06-29,01:45:00,,,,2026-06-29 01:53:20,,,,,,,,,,,,,,,,,,,,
Tamil Nadu,Tirupattur,Vaniyambadi,38.0,2026-06-29,01:45:00,75.0,2026-06-28,01:45:00,2026-06-29 01:53:20,74.95000000000005,Zone 6,83.8,Zone 6,75.0,Zone 6,80.2,Zone 6,78.0,Zone 6,83.1,Zone 6,80.9,Zone 6,86.0,Zone 6,83.8,Zone 6,88.8,Zone 6
Tamil Nadu,Tirupattur,Yelagiri Hill,,,,60.0,2026-06-28,01:45:00,2026-06-29 01:53:20,,,,,,,,,,,,,,,,,,,,
Tamil Nadu,Tiruppur,Tiruppur Collector Office,25.2,2026-06-29,01:30:00,84.0,2026-06-28,01:30:00,2026-06-29 01:53:20,27.05000000000001,Zone 4,56.2,Zone 5,26.8,Zone 4,38.1,Zone 4,33.0,Zone 4,54.7,Zone 5,38.9,Zone 5,61.2,Zone 5,56.2,Zone 5,63.7,Zone 5
Tamil Nadu,Tiruvallur,Good Will School Villivakkam,28.3,2026-06-29,01:45:00,75.0,2026-06-28,01:45:00,2026-06-29 01:53:20,31.75,Zone 4,61.8,Zone 5,32.1,Zone 4,53.1,Zone 5,38.7,Zone 4,61.4,Zone 5,55.4,Zone 5,64.2,Zone 5,61.8,Zone 5,66.3,Zone 5
Tamil Nadu,Tiruvallur,Poonamallee,27.5,2026-06-29,01:45:00,75.0,2026-06-28,01:45:00,2026-06-29 01:53:20,30.25,Zone 4,60.2,Zone 5,30.2,Zone 4,45.4,Zone 5,36.5,Zone 4,59.8,Zone 5,47.7,Zone 5,62.8,Zone 5,60.2,Zone 5,65.1,Zone 5
Tamil Nadu,Tiruvallur,Puzhal,27.7,2026-06-29,01:45:00,,,,2026-06-29 01:53:20,,,,,,,,,,,,,,,,,,,,
Tamil Nadu,Tiruvallur,R.K.Pet,26.9,2026-06-29,01:45:00,91.0,2026-06-28,01:45:00,2026-06-29 01:53:20,30.950000000000045,Zone 4,63.0,Zone 5,31.2,Zone 4,58.7,Zone 5,40.9,Zone 5,62.6,Zone 5,59.5,Zone 5,65.2,Zone 5,63.0,Zone 5,67.2,Zone 5
Tamil Nadu,Tiruvallur,Tirur Kvk,28.0,2026-06-29,01:45:00,,,,2026-06-29 01:53:20,,,,,,,,,,,,,,,,,,,,
Tamil Nadu,Tiruvannamalai,Cheyyar,27.4,2026-06-29,01:45:00,92.0,2026-06-28,01:45:00,2026-06-29 01:53:20,32.35000000000002,Zone 4,64.1,Zone 5,32.6,Zone 4,60.2,Zone 5,47.0,Zone 5,63.7,Zone 5,60.8,Zone 5,66.2,Zone 5,64.1,Zone 5,68.0,Zone 5
Tamil Nadu,Tiruvannamalai,Tiruvannamalai Isro,27.1,2026-06-29,01:30:00,63.0,2026-06-28,01:30:00,2026-06-29 01:53:20,28.450000000000045,Zone 4,49.5,Zone 5,28.3,Zone 4,38.4,Zone 4,33.8,Zone 4,48.0,Zone 5,38.9,Zone 4,59.8,Zone 5,49.5,Zone 5,62.4,Zone 5
Tamil Nadu,Vellore,Virinjipuram Kvk,27.4,2026-06-29,01:45:00,21.0,2026-06-28,01:45:00,2026-06-29 01:53:20,26.150000000000034,Zone 4,37.6,Zone 4,26.2,Zone 4,33.9,Zone 4,30.3,Zone 4,37.5,Zone 4,34.0,Zone 4,40.9,Zone 4,37.6,Zone 4,44.1,Zone 4
Tamil Nadu,Viluppuram,Mailam,27.6,2026-06-29,01:30:00,82.0,2026-06-28,01:30:00,2026-06-29 01:53:20,31.25,Zone 4,61.8,Zone 5,31.1,Zone 4,53.3,Zone 5,37.9,Zone 4,61.4,Zone 5,55.6,Zone 5,64.2,Zone 5,61.8,Zone 5,66.3,Zone 5
Tamil Nadu,Virudhunagar,Aruppukottai Kvk,26.4,2026-06-29,01:45:00,77.0,2026-06-28,01:45:00,2026-06-29 01:53:20,28.55000000000001,Zone 4,59.1,Zone 5,28.7,Zone 4,40.5,Zone 5,34.8,Zone 4,57.9,Zone 5,42.5,Zone 5,61.9,Zone 5,59.1,Zone 5,64.3,Zone 5
Telangana,Hyderabad,Golkonda,27.0,2026-06-29,01:30:00,84.0,2026-06-28,01:30:00,2026-06-29 01:53:20,30.350000000000023,Zone 4,61.5,Zone 5,30.3,Zone 4,51.6,Zone 5,37.1,Zone 4,61.1,Zone 5,53.9,Zone 5,63.9,Zone 5,61.5,Zone 5,66.1,Zone 5
Telangana,Jogulamba Gadwal,Jurala Cwc,27.4,2026-06-29,01:30:00,57.0,2026-06-28,01:30:00,2026-06-29 01:53:20,28.350000000000023,Zone 4,46.3,Zone 5,28.5,Zone 4,38.3,Zone 4,33.8,Zone 4,44.9,Zone 5,38.7,Zone 4,59.1,Zone 5,46.3,Zone 5,61.9,Zone 5
Telangana,Kamareddy,Nagireddypet,25.3,2026-06-29,01:45:00,100.0,2026-06-28,01:45:00,2026-06-29 01:53:20,28.55000000000001,Zone 4,62.4,Zone 5,29.0,Zone 4,55.9,Zone 5,37.6,Zone 5,62.0,Zone 5,58.0,Zone 5,64.7,Zone 5,62.4,Zone 5,66.7,Zone 5
Telangana,Karimnagar,Karimnagar,26.1,2026-06-29,01:45:00,90.0,2026-06-28,01:45:00,2026-06-29 01:53:20,29.150000000000034,Zone 4,61.1,Zone 5,29.0,Zone 4,50.0,Zone 5,35.9,Zone 4,60.7,Zone 5,52.3,Zone 5,63.6,Zone 5,61.1,Zone 5,65.8,Zone 5
Telangana,Khammam,Khammam,27.2,2026-06-29,01:45:00,,,,2026-06-29 01:53:20,,,,,,,,,,,,,,,,,,,,
Telangana,Khammam,Wyra Kvk,25.9,2026-06-29,01:45:00,100.0,2026-06-28,01:45:00,2026-06-29 01:53:20,29.850000000000023,Zone 4,63.2,Zone 5,30.1,Zone 4,59.2,Zone 5,42.0,Zone 5,62.8,Zone 5,59.8,Zone 5,65.4,Zone 5,63.2,Zone 5,67.4,Zone 5
Telangana,Mahbubnagar,Mahbubnagar,26.4,2026-06-29,01:45:00,92.0,2026-06-28,01:45:00,2026-06-29 01:53:20,30.05000000000001,Zone 4,62.4,Zone 5,30.2,Zone 4,56.0,Zone 5,37.7,Zone 5,62.0,Zone 5,58.1,Zone 5,64.7,Zone 5,62.4,Zone 5,66.8,Zone 5
Telangana,Medak,Ars Basanthpur,23.1,2026-06-29,01:45:00,100.0,2026-06-28,01:45:00,2026-06-29 01:53:20,24.850000000000023,Zone 3,55.8,Zone 5,24.8,Zone 3,36.7,Zone 5,31.0,Zone 4,54.3,Zone 5,38.5,Zone 5,61.1,Zone 5,55.8,Zone 5,63.6,Zone 5
Telangana,Medak,Ars Narsapur,22.9,2026-06-29,01:45:00,100.0,2026-06-28,01:45:00,2026-06-29 01:53:20,24.650000000000034,Zone 3,55.8,Zone 5,24.8,Zone 3,36.7,Zone 5,31.0,Zone 4,54.3,Zone 5,38.5,Zone 5,61.1,Zone 5,55.8,Zone 5,63.6,Zone 5
Telangana,Medak,Medak,24.6,2026-06-29,01:45:00,99.0,2026-06-28,01:45:00,2026-06-29 01:53:20,27.150000000000034,Zone 4,60.5,Zone 5,27.0,Zone 4,46.7,Zone 5,33.9,Zone 4,60.1,Zone 5,49.1,Zone 5,63.1,Zone 5,60.5,Zone 5,65.3,Zone 5
Telangana,Medchal Malkajgiri,Cgwb Nagole,26.3,2026-06-29,01:45:00,80.0,2026-06-28,01:45:00,2026-06-29 01:53:20,28.650000000000034,Zone 4,59.8,Zone 5,28.9,Zone 4,43.4,Zone 5,35.3,Zone 4,59.4,Zone 5,45.7,Zone 5,62.5,Zone 5,59.8,Zone 5,64.8,Zone 5
Telangana,Medchal Malkajgiri,Kukatpally Jntu,26.1,2026-06-29,01:45:00,87.0,2026-06-28,01:45:00,2026-06-29 01:53:20,28.850000000000023,Zone 4,60.5,Zone 5,28.7,Zone 4,46.9,Zone 5,35.4,Zone 4,60.1,Zone 5,49.2,Zone 5,63.1,Zone 5,60.5,Zone 5,65.4,Zone 5
Telangana,Medchal Malkajgiri,Uppal,26.7,2026-06-29,01:45:00,76.0,2026-06-28,01:45:00,2026-06-29 01:53:20,28.950000000000045,Zone 4,58.5,Zone 5,28.6,Zone 4,39.8,Zone 4,34.7,Zone 4,57.1,Zone 5,41.5,Zone 5,61.7,Zone 5,58.5,Zone 5,64.1,Zone 5
Telangana,Nirmal ,Bhainsa Arg,25.0,2026-06-29,01:45:00,,,,2026-06-29 01:53:20,,,,,,,,,,,,,,,,,,,,
Telangana,Peddapalli,Ars Peddapally,25.7,2026-06-29,01:45:00,100.0,2026-06-28,01:45:00,2026-06-29 01:53:20,29.450000000000045,Zone 4,62.4,Zone 5,29.0,Zone 4,55.9,Zone 5,37.6,Zone 5,62.0,Zone 5,58.0,Zone 5,64.7,Zone 5,62.4,Zone 5,66.7,Zone 5
Telangana,Peddapalli,Kunaram,27.6,2026-06-29,01:45:00,31.0,2026-06-28,01:45:00,2026-06-29 01:53:20,26.850000000000023,Zone 4,38.9,Zone 4,26.7,Zone 4,34.9,Zone 4,31.1,Zone 4,38.7,Zone 4,35.1,Zone 4,42.3,Zone 4,38.9,Zone 4,50.3,Zone 5
Telangana,Rajanna Sircilla,Sircilla,25.0,2026-06-29,01:45:00,99.0,2026-06-28,01:45:00,2026-06-29 01:53:20,27.850000000000023,Zone 4,61.3,Zone 5,27.9,Zone 4,50.8,Zone 5,35.0,Zone 4,60.9,Zone 5,53.2,Zone 5,63.8,Zone 5,61.3,Zone 5,66.0,Zone 5
Telangana,Ranga Reddy,Cbit Gandipet,25.5,2026-06-29,01:45:00,82.0,2026-06-28,01:45:00,2026-06-29 01:53:20,27.450000000000045,Zone 4,57.6,Zone 5,27.4,Zone 4,38.8,Zone 4,33.6,Zone 4,56.1,Zone 5,40.4,Zone 5,61.5,Zone 5,57.6,Zone 5,64.0,Zone 5
Telangana,Ranga Reddy,Chevella,23.8,2026-06-29,01:45:00,94.0,2026-06-28,01:45:00,2026-06-29 01:53:20,25.450000000000045,Zone 4,57.7,Zone 5,25.8,Zone 4,38.6,Zone 5,32.2,Zone 4,56.2,Zone 5,40.6,Zone 5,61.5,Zone 5,57.7,Zone 5,64.0,Zone 5
Telangana,Ranga Reddy,Daira,25.6,2026-06-29,01:45:00,81.0,2026-06-28,01:45:00,2026-06-29 01:53:20,27.55000000000001,Zone 4,56.8,Zone 5,27.4,Zone 4,38.6,Zone 4,33.5,Zone 4,55.3,Zone 5,39.5,Zone 5,61.3,Zone 5,56.8,Zone 5,63.8,Zone 5
Telangana,Ranga Reddy,Esci Gachibowli,24.2,2026-06-29,01:45:00,91.0,2026-06-28,01:45:00,2026-06-29 01:53:20,25.950000000000045,Zone 4,55.5,Zone 5,25.6,Zone 4,37.2,Zone 4,31.9,Zone 4,54.0,Zone 5,38.1,Zone 5,61.0,Zone 5,55.5,Zone 5,63.5,Zone 5
Telangana,Ranga Reddy,Ghatkesar,24.9,2026-06-29,01:45:00,92.0,2026-06-28,01:45:00,2026-06-29 01:53:20,27.150000000000034,Zone 4,59.9,Zone 5,27.3,Zone 4,44.0,Zone 5,34.0,Zone 4,59.5,Zone 5,46.3,Zone 5,62.6,Zone 5,59.9,Zone 5,64.9,Zone 5
Telangana,Ranga Reddy,Hayathnagar,25.6,2026-06-29,01:45:00,85.0,2026-06-28,01:45:00,2026-06-29 01:53:20,27.850000000000023,Zone 4,59.3,Zone 5,27.7,Zone 4,41.1,Zone 5,34.0,Zone 4,58.5,Zone 5,43.3,Zone 5,62.0,Zone 5,59.3,Zone 5,64.4,Zone 5
Telangana,Ranga Reddy,Ibrahimpatam,23.5,2026-06-29,01:45:00,100.0,2026-06-28,01:45:00,2026-06-29 01:53:20,25.25,Zone 3,58.9,Zone 5,25.3,Zone 3,39.9,Zone 5,31.9,Zone 4,57.4,Zone 5,42.0,Zone 5,61.8,Zone 5,58.9,Zone 5,64.2,Zone 5
Telangana,Ranga Reddy,Serilingampally,25.6,2026-06-29,01:45:00,92.0,2026-06-28,01:45:00,2026-06-29 01:53:20,28.450000000000045,Zone 4,60.7,Zone 5,28.2,Zone 4,48.0,Zone 5,35.1,Zone 4,60.3,Zone 5,50.3,Zone 5,63.3,Zone 5,60.7,Zone 5,65.5,Zone 5
Telangana,Sangareddy,Kandi,24.9,2026-06-29,01:45:00,99.0,2026-06-28,01:45:00,2026-06-29 01:53:20,27.650000000000034,Zone 4,61.3,Zone 5,27.9,Zone 4,50.8,Zone 5,35.0,Zone 4,60.9,Zone 5,53.2,Zone 5,63.8,Zone 5,61.3,Zone 5,66.0,Zone 5
Telangana,Siddipet,Kaveri Siddipet,23.8,2026-06-29,01:45:00,87.0,2026-06-28,01:45:00,2026-06-29 01:53:20,25.150000000000034,Zone 3,52.3,Zone 5,25.4,Zone 4,36.6,Zone 4,31.5,Zone 4,50.7,Zone 5,37.2,Zone 4,60.3,Zone 5,52.3,Zone 5,63.0,Zone 5
Telangana,Suryapet,Suryapet Arg,,,,16.0,2026-06-28,01:45:00,2026-06-29 01:53:20,,,,,,,,,,,,,,,,,,,,
Telangana,Vikarabad,Tandur,24.0,2026-06-29,01:45:00,88.0,2026-06-28,01:45:00,2026-06-29 01:53:20,25.450000000000045,Zone 4,53.1,Zone 5,25.5,Zone 4,36.8,Zone 4,31.6,Zone 4,51.6,Zone 5,37.3,Zone 4,60.5,Zone 5,53.1,Zone 5,63.1,Zone 5
Telangana,Wanaparthy,Horticultural University Mojer,27.2,2026-06-29,01:45:00,82.0,2026-06-28,01:45:00,2026-06-29 01:53:20,30.450000000000045,Zone 4,61.0,Zone 5,30.1,Zone 4,49.4,Zone 5,36.7,Zone 4,60.6,Zone 5,51.8,Zone 5,63.5,Zone 5,61.0,Zone 5,65.7,Zone 5
Telangana,Warangal Rural,Siddhapur,26.5,2026-06-29,01:45:00,100.0,2026-06-28,01:45:00,2026-06-29 01:53:20,31.350000000000023,Zone 4,64.1,Zone 5,31.3,Zone 4,60.2,Zone 5,47.0,Zone 5,63.7,Zone 5,60.8,Zone 5,66.2,Zone 5,64.1,Zone 5,68.0,Zone 5
Tripura,Dhalai,Dholai Kvk,26.8,2026-06-29,01:45:00,91.0,2026-06-28,01:45:00,2026-06-29 01:53:20,30.75,Zone 4,63.0,Zone 5,31.2,Zone 4,58.7,Zone 5,40.9,Zone 5,62.6,Zone 5,59.5,Zone 5,65.2,Zone 5,63.0,Zone 5,67.2,Zone 5
Tripura,Dhalai,Gandachara,26.6,2026-06-29,01:45:00,99.0,2026-06-28,01:45:00,2026-06-29 01:53:20,31.450000000000045,Zone 4,63.9,Zone 5,31.2,Zone 4,60.0,Zone 5,45.8,Zone 5,63.5,Zone 5,60.5,Zone 5,66.0,Zone 5,63.9,Zone 5,67.9,Zone 5
Tripura,Khowai,Khowai,28.0,2026-06-29,01:45:00,93.0,2026-06-28,01:45:00,2026-06-29 01:53:20,34.150000000000034,Zone 4,65.1,Zone 5,34.1,Zone 4,61.5,Zone 5,53.5,Zone 5,64.8,Zone 5,62.1,Zone 5,67.1,Zone 5,65.1,Zone 5,68.8,Zone 5
Tripura,Khowai,Teliamura,27.5,2026-06-29,01:45:00,94.0,2026-06-28,01:45:00,2026-06-29 01:53:20,32.950000000000045,Zone 4,64.5,Zone 5,32.9,Zone 4,60.7,Zone 5,49.7,Zone 5,64.1,Zone 5,61.3,Zone 5,66.5,Zone 5,64.5,Zone 5,68.3,Zone 5
Tripura,North Tripura,Ashapara,25.8,2026-06-29,01:45:00,100.0,2026-06-28,01:45:00,2026-06-29 01:53:20,29.650000000000034,Zone 4,63.2,Zone 5,30.1,Zone 4,59.2,Zone 5,42.0,Zone 5,62.8,Zone 5,59.8,Zone 5,65.4,Zone 5,63.2,Zone 5,67.4,Zone 5
Tripura,North Tripura,Eden Laouge,23.8,2026-06-29,01:15:00,,,,2026-06-29 01:53:20,,,,,,,,,,,,,,,,,,,,
Tripura,North Tripura,Kamalpur,27.6,2026-06-29,01:45:00,94.0,2026-06-28,01:45:00,2026-06-29 01:53:20,33.25,Zone 4,64.5,Zone 5,32.9,Zone 4,60.7,Zone 5,49.7,Zone 5,64.1,Zone 5,61.3,Zone 5,66.5,Zone 5,64.5,Zone 5,68.3,Zone 5
Tripura,Sipahijala,Cti,27.3,2026-06-29,01:45:00,,,,2026-06-29 01:53:20,,,,,,,,,,,,,,,,,,,,
Tripura,Sipahijala,Sipahijala,27.0,2026-06-29,01:45:00,87.0,2026-06-28,01:45:00,2026-06-29 01:53:20,30.650000000000034,Zone 4,62.1,Zone 5,30.7,Zone 4,54.8,Zone 5,37.7,Zone 4,61.7,Zone 5,57.0,Zone 5,64.5,Zone 5,62.1,Zone 5,66.6,Zone 5
Tripura,Sipahijala,Sonamura,27.6,2026-06-29,01:45:00,100.0,2026-06-28,01:45:00,2026-06-29 01:53:20,34.450000000000045,Zone 4,65.8,Zone 5,34.1,Zone 4,62.3,Zone 5,57.3,Zone 5,65.4,Zone 5,62.9,Zone 5,67.7,Zone 5,65.8,Zone 5,69.3,Zone 5
Tripura,South Tripura,Gokulpur,27.6,2026-06-29,01:45:00,,,,2026-06-29 01:53:20,,,,,,,,,,,,,,,,,,,,
Tripura,South Tripura,Sabroom,26.4,2026-06-29,01:45:00,51.0,2026-06-28,01:45:00,2026-06-29 01:53:20,26.650000000000034,Zone 4,40.6,Zone 4,26.8,Zone 4,36.0,Zone 4,31.7,Zone 4,40.4,Zone 4,36.3,Zone 4,49.9,Zone 5,40.6,Zone 4,59.8,Zone 5
Tripura,Unakoti,Kailashahar,26.8,2026-06-29,01:45:00,100.0,2026-06-28,01:45:00,2026-06-29 01:53:20,32.150000000000034,Zone 4,65.0,Zone 5,32.7,Zone 4,61.3,Zone 5,52.3,Zone 5,64.6,Zone 5,61.8,Zone 5,66.9,Zone 5,65.0,Zone 5,68.7,Zone 5
Tripura,West Tripura,Agartala Airport,27.6,2026-06-29,01:45:00,95.0,2026-06-28,01:45:00,2026-06-29 01:53:20,33.35000000000002,Zone 4,64.7,Zone 5,33.1,Zone 4,61.0,Zone 5,51.0,Zone 5,64.3,Zone 5,61.6,Zone 5,66.7,Zone 5,64.7,Zone 5,68.5,Zone 5
Tripura,West Tripura,A D Nagar Amfu,27.9,2026-06-29,01:45:00,,,,2026-06-29 01:53:20,,,,,,,,,,,,,,,,,,,,
Tripura,West Tripura,Dm Office West Agartala,27.5,2026-06-29,01:45:00,,,,2026-06-29 01:53:20,,,,,,,,,,,,,,,,,,,,
Tripura,West Tripura,Hrc Nagicherra,26.9,2026-06-29,01:45:00,,,,2026-06-29 01:53:20,,,,,,,,,,,,,,,,,,,,
Tripura,West Tripura,Khumluwang,26.8,2026-06-29,01:45:00,,,,2026-06-29 01:53:20,,,,,,,,,,,,,,,,,,,,
Tripura,West Tripura,Met Agartala,27.2,2026-06-29,01:45:00,93.0,2026-06-28,01:45:00,2026-06-29 01:53:20,32.05000000000001,Zone 4,63.4,Zone 5,31.5,Zone 4,59.5,Zone 5,43.3,Zone 5,63.0,Zone 5,60.0,Zone 5,65.6,Zone 5,63.4,Zone 5,67.5,Zone 5
Tripura,West Tripura,Secretariat,28.1,2026-06-29,01:45:00,,,,2026-06-29 01:53:20,,,,,,,,,,,,,,,,,,,,
Uttarakhand,Almora,Chaubatia Ranikhet,18.1,2026-06-29,01:45:00,100.0,2026-06-28,01:45:00,2026-06-29 01:53:20,19.150000000000034,Zone 3,33.6,Zone 4,19.1,Zone 3,28.6,Zone 4,24.4,Zone 3,33.3,Zone 4,28.9,Zone 4,40.2,Zone 5,33.6,Zone 4,53.7,Zone 5
Uttarakhand,Almora,Matela Kvk,21.9,2026-06-29,01:45:00,100.0,2026-06-28,01:45:00,2026-06-29 01:53:20,23.650000000000034,Zone 3,49.1,Zone 5,23.7,Zone 3,34.5,Zone 4,29.3,Zone 4,47.5,Zone 5,35.0,Zone 4,59.7,Zone 5,49.1,Zone 5,62.4,Zone 5
Uttarakhand,Chamoli,Chamoli,21.5,2026-06-29,01:45:00,96.0,2026-06-28,01:45:00,2026-06-29 01:53:20,23.05000000000001,Zone 3,43.0,Zone 5,23.0,Zone 3,33.3,Zone 4,28.2,Zone 4,41.6,Zone 5,33.7,Zone 4,56.7,Zone 5,43.0,Zone 5,61.2,Zone 5
Uttarakhand,Chamoli,Tharali,,,,21.0,2026-06-28,01:45:00,2026-06-29 01:53:20,,,,,,,,,,,,,,,,,,,,
Uttarakhand,Champawat,Champawat,20.6,2026-06-29,01:45:00,,,,2026-06-29 01:53:20,,,,,,,,,,,,,,,,,,,,
Uttarakhand,Dehradun,Dehradun,,,,79.0,2026-06-28,01:45:00,2026-06-29 01:53:20,,,,,,,,,,,,,,,,,,,,
Uttarakhand,Dehradun,Hatibharkala,23.8,2026-06-29,01:45:00,100.0,2026-06-28,01:45:00,2026-06-29 01:53:20,25.75,Zone 4,59.8,Zone 5,26.1,Zone 4,43.6,Zone 5,32.9,Zone 4,59.4,Zone 5,45.9,Zone 5,62.5,Zone 5,59.8,Zone 5,64.8,Zone 5
Uttarakhand,Dehradun,Jollygrant,27.9,2026-06-29,01:45:00,73.0,2026-06-28,01:45:00,2026-06-29 01:53:20,30.75,Zone 4,60.5,Zone 5,30.9,Zone 4,46.9,Zone 5,37.2,Zone 4,60.1,Zone 5,49.2,Zone 5,63.1,Zone 5,60.5,Zone 5,65.4,Zone 5
Uttarakhand,Dehradun,Maldevta,24.2,2026-06-29,01:45:00,100.0,2026-06-28,01:45:00,2026-06-29 01:53:20,26.450000000000045,Zone 4,59.8,Zone 5,26.1,Zone 4,43.6,Zone 5,32.9,Zone 4,59.4,Zone 5,45.9,Zone 5,62.5,Zone 5,59.8,Zone 5,64.8,Zone 5
Uttarakhand,Dehradun,Massouri,17.8,2026-06-29,01:45:00,27.0,2026-06-28,01:45:00,2026-06-29 01:53:20,14.950000000000045,Zone 3,29.8,Zone 4,15.2,Zone 3,26.3,Zone 4,22.4,Zone 3,29.8,Zone 4,26.2,Zone 4,33.2,Zone 4,29.8,Zone 4,36.4,Zone 4
Uttarakhand,Dehradun,Mohakampur,26.9,2026-06-29,01:45:00,73.0,2026-06-28,01:45:00,2026-06-29 01:53:20,28.950000000000045,Zone 4,58.8,Zone 5,29.1,Zone 4,40.2,Zone 4,35.2,Zone 4,57.4,Zone 5,41.9,Zone 5,61.8,Zone 5,58.8,Zone 5,64.2,Zone 5
Uttarakhand,Dehradun,Rishikesh,,,,68.0,2026-06-28,01:45:00,2026-06-29 01:53:20,,,,,,,,,,,,,,,,,,,,
Uttarakhand,Haridwar,Roorkee Amfu,30.6,2026-06-29,01:45:00,90.0,2026-06-28,01:45:00,2026-06-29 01:53:20,53.650000000000034,Zone 5,68.7,Zone 5,52.3,Zone 5,65.9,Zone 5,62.9,Zone 5,68.4,Zone 5,66.4,Zone 5,70.2,Zone 5,68.7,Zone 5,71.5,Zone 5
Uttarakhand,Nainital,Mukteshwar,26.2,2026-06-29,01:45:00,,,,2026-06-29 01:53:20,,,,,,,,,,,,,,,,,,,,
Uttarakhand,Nainital,Nainital(Jeolikot) Kvk,22.3,2026-06-29,01:45:00,99.0,2026-06-28,01:45:00,2026-06-29 01:53:20,24.05000000000001,Zone 3,51.8,Zone 5,24.2,Zone 3,35.3,Zone 4,30.0,Zone 4,50.2,Zone 5,35.9,Zone 4,60.2,Zone 5,51.8,Zone 5,62.9,Zone 5
Uttarakhand,Nainital,Th Kosiyakutoli,24.1,2026-06-29,01:45:00,98.0,2026-06-28,01:45:00,2026-06-29 01:53:20,26.150000000000034,Zone 4,59.4,Zone 5,26.0,Zone 4,41.9,Zone 5,32.7,Zone 4,59.0,Zone 5,44.1,Zone 5,62.2,Zone 5,59.4,Zone 5,64.6,Zone 5
Uttarakhand,Pauri Garhwal,Srinagar Arg,,,,86.0,2026-06-28,01:45:00,2026-06-29 01:53:20,,,,,,,,,,,,,,,,,,,,
Uttarakhand,Rudraprayag,Rudra Prayag,28.0,2026-06-29,01:45:00,85.0,2026-06-28,01:45:00,2026-06-29 01:53:20,32.650000000000034,Zone 4,63.3,Zone 5,32.6,Zone 4,59.3,Zone 5,42.6,Zone 5,62.9,Zone 5,59.9,Zone 5,65.5,Zone 5,63.3,Zone 5,67.5,Zone 5
Uttarakhand,Tehri Garhwal,Devprayag,24.9,2026-06-29,01:45:00,90.0,2026-06-28,01:45:00,2026-06-29 01:53:20,27.05000000000001,Zone 4,59.5,Zone 5,27.2,Zone 4,42.2,Zone 5,33.7,Zone 4,59.1,Zone 5,44.3,Zone 5,62.2,Zone 5,59.5,Zone 5,64.6,Zone 5
Uttarakhand,Tehri Garhwal,Rani Chawri,,,,96.0,2026-06-28,01:45:00,2026-06-29 01:53:20,,,,,,,,,,,,,,,,,,,,
Uttarakhand,Udham Singh Nagar,Kashipur Aws400,30.2,2026-06-29,01:45:00,83.0,2026-06-28,01:45:00,2026-06-29 01:53:20,38.25,Zone 4,66.2,Zone 5,37.6,Zone 4,62.7,Zone 5,59.1,Zone 5,65.8,Zone 5,63.3,Zone 5,68.0,Zone 5,66.2,Zone 5,69.6,Zone 5
Uttarakhand,Uttarkashi,Purola,21.5,2026-06-29,01:45:00,14.0,2026-06-28,01:45:00,2026-06-29 01:53:20,18.55000000000001,Zone 3,31.9,Zone 4,18.6,Zone 3,28.6,Zone 4,24.9,Zone 3,32.0,Zone 4,28.5,Zone 4,35.2,Zone 4,31.9,Zone 4,38.2,Zone 4
Uttar Pradesh,Agra,Hydrogen Factory Bindukatra,31.6,2026-06-29,01:45:00,72.0,2026-06-28,01:45:00,2026-06-29 01:53:20,39.05000000000001,Zone 4,65.8,Zone 5,38.8,Zone 4,62.3,Zone 5,57.1,Zone 5,65.4,Zone 5,62.8,Zone 5,67.6,Zone 5,65.8,Zone 5,69.3,Zone 5
Uttar Pradesh,Aligarh,Quarsi Farms Quarsi,36.2,2026-06-29,01:45:00,74.0,2026-06-28,01:45:00,2026-06-29 01:53:20,67.95000000000005,Zone 5,76.0,Zone 6,67.2,Zone 5,72.5,Zone 6,70.5,Zone 5,75.4,Zone 6,73.1,Zone 6,78.3,Zone 6,76.0,Zone 6,81.2,Zone 6
Uttar Pradesh,Amethi,Tala Gram 400Aws,30.7,2026-06-29,01:45:00,76.0,2026-06-28,01:45:00,2026-06-29 01:53:20,37.650000000000034,Zone 4,65.2,Zone 5,37.1,Zone 4,61.6,Zone 5,53.9,Zone 5,64.8,Zone 5,62.2,Zone 5,67.1,Zone 5,65.2,Zone 5,68.9,Zone 5
Uttar Pradesh,Amroha,Amroha 400Aws,29.7,2026-06-29,01:45:00,95.0,2026-06-28,01:45:00,2026-06-29 01:53:20,50.75,Zone 5,68.2,Zone 5,47.9,Zone 5,65.2,Zone 5,62.1,Zone 5,67.8,Zone 5,65.7,Zone 5,69.7,Zone 5,68.2,Zone 5,71.1,Zone 5
Uttar Pradesh,Ayodhya,Ayodhya 400Aws,29.9,2026-06-29,01:45:00,85.0,2026-06-28,01:45:00,2026-06-29 01:53:20,37.950000000000045,Zone 4,66.7,Zone 5,38.2,Zone 4,63.3,Zone 5,59.8,Zone 5,66.3,Zone 5,63.9,Zone 5,68.4,Zone 5,66.7,Zone 5,69.9,Zone 5
Uttar Pradesh,Azamgarh,Azamgarh Kvk,30.0,2026-06-29,01:45:00,29.0,2026-06-28,01:45:00,2026-06-29 01:53:20,29.25,Zone 4,41.4,Zone 4,29.2,Zone 4,37.3,Zone 4,33.5,Zone 4,41.2,Zone 4,37.5,Zone 4,44.8,Zone 4,41.4,Zone 4,56.9,Zone 5
Uttar Pradesh,Bahraich,Bharaich Amfu,,,,87.0,2026-06-28,01:45:00,2026-06-29 01:53:20,,,,,,,,,,,,,,,,,,,,
Uttar Pradesh,Ballia,Ballia  400Aws,30.0,2026-06-29,01:45:00,98.0,2026-06-28,01:45:00,2026-06-29 01:53:20,59.25,Zone 5,69.8,Zone 5,59.3,Zone 5,67.2,Zone 5,64.5,Zone 5,69.4,Zone 5,67.6,Zone 5,71.0,Zone 5,69.8,Zone 5,73.4,Zone 6
Uttar Pradesh,Banda,Banda 400Aws,32.5,2026-06-29,01:45:00,55.0,2026-06-28,01:45:00,2026-06-29 01:53:20,36.55000000000001,Zone 4,62.4,Zone 5,36.6,Zone 4,56.3,Zone 5,42.5,Zone 4,62.0,Zone 5,58.3,Zone 5,64.8,Zone 5,62.4,Zone 5,66.8,Zone 5
Uttar Pradesh,Barabanki,Barabanki 400Aws,30.4,2026-06-29,01:45:00,92.0,2026-06-28,01:45:00,2026-06-29 01:53:20,54.75,Zone 5,69.2,Zone 5,56.0,Zone 5,66.5,Zone 5,63.6,Zone 5,68.9,Zone 5,67.0,Zone 5,70.6,Zone 5,69.2,Zone 5,72.3,Zone 6
Uttar Pradesh,Bareilly,Bareilly Bilwa 400Aws,30.9,2026-06-29,01:45:00,79.0,2026-06-28,01:45:00,2026-06-29 01:53:20,39.25,Zone 4,66.8,Zone 5,39.6,Zone 4,63.5,Zone 5,60.0,Zone 5,66.4,Zone 5,64.1,Zone 5,68.5,Zone 5,66.8,Zone 5,70.0,Zone 5
Uttar Pradesh,Bijnor,Prithvipur 400Aws,29.4,2026-06-29,01:45:00,,,,2026-06-29 01:53:20,,,,,,,,,,,,,,,,,,,,
Uttar Pradesh,Bulandshahar,Bulandshahar Kvk,31.9,2026-06-29,01:45:00,42.0,2026-06-28,01:45:00,2026-06-29 01:53:20,33.05000000000001,Zone 4,54.1,Zone 5,33.2,Zone 4,42.5,Zone 4,38.2,Zone 4,52.6,Zone 5,42.9,Zone 4,60.7,Zone 5,54.1,Zone 5,63.3,Zone 5
Uttar Pradesh,Chitrakoot,Ganivan Kvk,33.0,2026-06-29,01:45:00,,,,2026-06-29 01:53:20,,,,,,,,,,,,,,,,,,,,
Uttar Pradesh,Etawah,Bbrau Agriculture College,34.5,2026-06-29,01:45:00,49.0,2026-06-28,01:45:00,2026-06-29 01:53:20,39.150000000000034,Zone 4,63.4,Zone 5,39.1,Zone 4,59.4,Zone 5,45.0,Zone 4,63.0,Zone 5,60.0,Zone 5,65.6,Zone 5,63.4,Zone 5,67.5,Zone 5
Uttar Pradesh,Farrukhabad,Farrukhabad 400Aws,30.1,2026-06-29,01:45:00,36.0,2026-06-28,01:45:00,2026-06-29 01:53:20,29.950000000000045,Zone 4,42.7,Zone 4,29.8,Zone 4,38.4,Zone 4,34.4,Zone 4,42.5,Zone 4,38.7,Zone 4,51.2,Zone 5,42.7,Zone 4,60.0,Zone 5
Uttar Pradesh,Fatehpur,Fatehpur Kvk,29.9,2026-06-29,01:45:00,,,,2026-06-29 01:53:20,,,,,,,,,,,,,,,,,,,,
Uttar Pradesh,Firozabad,Firozabad 400Aws,31.9,2026-06-29,01:45:00,49.0,2026-06-28,01:45:00,2026-06-29 01:53:20,34.150000000000034,Zone 4,59.9,Zone 5,34.4,Zone 4,44.3,Zone 4,39.8,Zone 4,59.5,Zone 5,46.2,Zone 5,62.6,Zone 5,59.9,Zone 5,64.9,Zone 5
Uttar Pradesh,Gautam Buddha Nagar,Kvk Chholas 400Aws,31.6,2026-06-29,01:45:00,58.0,2026-06-28,01:45:00,2026-06-29 01:53:20,35.35000000000002,Zone 4,61.8,Zone 5,35.2,Zone 4,53.5,Zone 5,41.2,Zone 4,61.5,Zone 5,55.7,Zone 5,64.3,Zone 5,61.8,Zone 5,66.4,Zone 5
Uttar Pradesh,Ghaziabad,Kv2 Airforce Hindon,29.9,2026-06-29,01:45:00,72.0,2026-06-28,01:45:00,2026-06-29 01:53:20,34.650000000000034,Zone 4,63.4,Zone 5,34.9,Zone 4,59.4,Zone 5,42.9,Zone 5,63.0,Zone 5,60.0,Zone 5,65.6,Zone 5,63.4,Zone 5,67.5,Zone 5
Uttar Pradesh,Ghaziabad,Kv Kamala Nehru Nagar,30.7,2026-06-29,01:45:00,71.0,2026-06-28,01:45:00,2026-06-29 01:53:20,36.35000000000002,Zone 4,63.9,Zone 5,35.9,Zone 4,60.0,Zone 5,46.0,Zone 5,63.5,Zone 5,60.6,Zone 5,66.0,Zone 5,63.9,Zone 5,67.9,Zone 5
Uttar Pradesh,Gorakhpur,Met Office Singhariya,29.6,2026-06-29,01:45:00,86.0,2026-06-28,01:45:00,2026-06-29 01:53:20,37.25,Zone 4,66.1,Zone 5,36.9,Zone 4,62.6,Zone 5,58.6,Zone 5,65.7,Zone 5,63.2,Zone 5,67.9,Zone 5,66.1,Zone 5,69.5,Zone 5
Uttar Pradesh,Hamirpur,Hamirpur 400Aws,32.2,2026-06-29,01:45:00,57.0,2026-06-28,01:45:00,2026-06-29 01:53:20,36.450000000000045,Zone 4,62.3,Zone 5,36.0,Zone 4,55.6,Zone 5,42.0,Zone 4,61.9,Zone 5,57.7,Zone 5,64.6,Zone 5,62.3,Zone 5,66.7,Zone 5
Uttar Pradesh,Hapur,Hapur 400Aws,30.2,2026-06-29,01:45:00,90.0,2026-06-28,01:45:00,2026-06-29 01:53:20,48.150000000000034,Zone 5,67.9,Zone 5,45.4,Zone 5,64.8,Zone 5,61.6,Zone 5,67.5,Zone 5,65.4,Zone 5,69.4,Zone 5,67.9,Zone 5,70.8,Zone 5
Uttar Pradesh,Hardoi,Hardoi 400Aws,28.8,2026-06-29,01:45:00,70.0,2026-06-28,01:45:00,2026-06-29 01:53:20,32.05000000000001,Zone 4,61.3,Zone 5,32.4,Zone 4,50.9,Zone 5,38.7,Zone 4,60.9,Zone 5,53.2,Zone 5,63.8,Zone 5,61.3,Zone 5,66.0,Zone 5
Uttar Pradesh,Jalaun,Jalaun 400Aws,31.7,2026-06-29,01:45:00,62.0,2026-06-28,01:45:00,2026-06-29 01:53:20,36.55000000000001,Zone 4,63.0,Zone 5,36.1,Zone 4,58.7,Zone 5,42.4,Zone 4,62.6,Zone 5,59.5,Zone 5,65.2,Zone 5,63.0,Zone 5,67.2,Zone 5
Uttar Pradesh,Jhansi,Bhundelkhand University,28.0,2026-06-29,01:45:00,,,,2026-06-29 01:53:20,,,,,,,,,,,,,,,,,,,,
Uttar Pradesh,Kashganj,Kashganj 400Aws,31.0,2026-06-29,01:45:00,58.0,2026-06-28,01:45:00,2026-06-29 01:53:20,34.25,Zone 4,61.1,Zone 5,34.2,Zone 4,49.9,Zone 5,40.1,Zone 4,60.7,Zone 5,52.2,Zone 5,63.6,Zone 5,61.1,Zone 5,65.8,Zone 5
Uttar Pradesh,Kushinagar,Kushinagar Kvk,28.4,2026-06-29,01:45:00,100.0,2026-06-28,01:45:00,2026-06-29 01:53:20,41.75,Zone 5,67.6,Zone 5,43.1,Zone 5,64.5,Zone 5,61.2,Zone 5,67.2,Zone 5,65.0,Zone 5,69.2,Zone 5,67.6,Zone 5,70.6,Zone 5
Uttar Pradesh,Lakhimpur Kheri,Lakhimpur Kheri 400Aws,28.0,2026-06-29,01:45:00,66.0,2026-06-28,01:45:00,2026-06-29 01:53:20,30.05000000000001,Zone 4,58.2,Zone 5,30.1,Zone 4,40.8,Zone 4,35.9,Zone 4,56.8,Zone 5,41.3,Zone 4,61.6,Zone 5,58.2,Zone 5,64.1,Zone 5
Uttar Pradesh,Lucknow,Integral University,33.4,2026-06-29,01:45:00,,,,2026-06-29 01:53:20,,,,,,,,,,,,,,,,,,,,
Uttar Pradesh,Lucknow,Lucknow Lab,32.6,2026-06-29,01:45:00,62.0,2026-06-28,01:45:00,2026-06-29 01:53:20,38.650000000000034,Zone 4,64.5,Zone 5,38.4,Zone 4,60.8,Zone 5,49.7,Zone 5,64.1,Zone 5,61.3,Zone 5,66.5,Zone 5,64.5,Zone 5,68.3,Zone 5
Uttar Pradesh,Lucknow,Meteorological Centre Amausi,32.6,2026-06-29,01:45:00,63.0,2026-06-28,01:45:00,2026-06-29 01:53:20,38.950000000000045,Zone 4,64.8,Zone 5,38.7,Zone 4,61.1,Zone 5,51.5,Zone 5,64.4,Zone 5,61.7,Zone 5,66.8,Zone 5,64.8,Zone 5,68.6,Zone 5
Uttar Pradesh,Mainpuri,Mainpuri Kvk,31.6,2026-06-29,01:45:00,54.0,2026-06-28,01:45:00,2026-06-29 01:53:20,34.55000000000001,Zone 4,60.7,Zone 5,34.4,Zone 4,47.8,Zone 5,40.1,Zone 4,60.3,Zone 5,50.1,Zone 5,63.3,Zone 5,60.7,Zone 5,65.5,Zone 5
Uttar Pradesh,Mathura,Collectorate Office,33.1,2026-06-29,01:45:00,69.0,2026-06-28,01:45:00,2026-06-29 01:53:20,42.75,Zone 4,67.3,Zone 5,42.4,Zone 4,64.2,Zone 5,60.8,Zone 5,67.0,Zone 5,64.7,Zone 5,69.0,Zone 5,67.3,Zone 5,70.4,Zone 5
Uttar Pradesh,Mathura,Mathura 400Aws,30.7,2026-06-29,01:45:00,64.0,2026-06-28,01:45:00,2026-06-29 01:53:20,34.75,Zone 4,62.0,Zone 5,34.4,Zone 4,54.4,Zone 5,40.6,Zone 4,61.6,Zone 5,56.6,Zone 5,64.4,Zone 5,62.0,Zone 5,66.5,Zone 5
Uttar Pradesh,Meerut,Ccsu Campus,32.9,2026-06-29,01:45:00,83.0,2026-06-28,01:45:00,2026-06-29 01:53:20,61.85000000000002,Zone 5,71.2,Zone 5,62.2,Zone 5,69.0,Zone 5,66.7,Zone 5,70.9,Zone 5,69.4,Zone 5,73.3,Zone 6,71.2,Zone 5,76.2,Zone 6
Uttar Pradesh,Mirzapur,Dagmapur 400Aws,29.3,2026-06-29,01:45:00,85.0,2026-06-28,01:45:00,2026-06-29 01:53:20,36.05000000000001,Zone 4,65.8,Zone 5,36.6,Zone 4,62.3,Zone 5,57.3,Zone 5,65.4,Zone 5,62.9,Zone 5,67.7,Zone 5,65.8,Zone 5,69.3,Zone 5
Uttar Pradesh,Moradabad,Ucheti 400Aws,29.5,2026-06-29,01:45:00,88.0,2026-06-28,01:45:00,2026-06-29 01:53:20,37.450000000000045,Zone 4,66.5,Zone 5,37.5,Zone 4,63.2,Zone 5,59.6,Zone 5,66.2,Zone 5,63.7,Zone 5,68.3,Zone 5,66.5,Zone 5,69.8,Zone 5
Uttar Pradesh,Muzaffarnagar,Sohanjani Tajan 400Aws,29.8,2026-06-29,01:45:00,87.0,2026-06-28,01:45:00,2026-06-29 01:53:20,38.150000000000034,Zone 4,67.2,Zone 5,40.1,Zone 5,63.9,Zone 5,60.5,Zone 5,66.8,Zone 5,64.5,Zone 5,68.8,Zone 5,67.2,Zone 5,70.3,Zone 5
Uttar Pradesh,Pratapgarh,Pratapgarh 400Aws,30.8,2026-06-29,01:45:00,52.0,2026-06-28,01:45:00,2026-06-29 01:53:20,32.85000000000002,Zone 4,59.4,Zone 5,33.2,Zone 4,43.3,Zone 4,38.7,Zone 4,58.9,Zone 5,43.9,Zone 5,62.2,Zone 5,59.4,Zone 5,64.5,Zone 5
Uttar Pradesh,Raebareli,Airport Fursatganj,30.9,2026-06-29,01:45:00,100.0,2026-06-28,01:45:00,2026-06-29 01:53:20,63.450000000000045,Zone 5,72.6,Zone 6,63.8,Zone 5,70.0,Zone 5,67.9,Zone 5,72.0,Zone 6,70.4,Zone 5,74.9,Zone 6,72.6,Zone 6,77.8,Zone 6
Uttar Pradesh,Saharanpur,Saharanpur 400Aws,29.9,2026-06-29,01:45:00,81.0,2026-06-28,01:45:00,2026-06-29 01:53:20,36.75,Zone 4,65.7,Zone 5,37.0,Zone 4,62.1,Zone 5,56.5,Zone 5,65.3,Zone 5,62.7,Zone 5,67.5,Zone 5,65.7,Zone 5,69.2,Zone 5
Uttar Pradesh,Sambhal,Sambhal Paltha 400Aws,29.1,2026-06-29,01:45:00,75.0,2026-06-28,01:45:00,2026-06-29 01:53:20,33.450000000000045,Zone 4,62.6,Zone 5,33.2,Zone 4,56.8,Zone 5,39.9,Zone 4,62.2,Zone 5,58.8,Zone 5,64.9,Zone 5,62.6,Zone 5,66.9,Zone 5
Uttar Pradesh,Shahjahanpur,Shahjahanpur 400Aws,30.8,2026-06-29,01:45:00,65.0,2026-06-28,01:45:00,2026-06-29 01:53:20,35.25,Zone 4,63.1,Zone 5,35.7,Zone 4,59.0,Zone 5,42.1,Zone 4,62.7,Zone 5,59.6,Zone 5,65.3,Zone 5,63.1,Zone 5,67.3,Zone 5
Uttar Pradesh,Shamli,Shamli 400Aws,29.6,2026-06-29,01:45:00,78.0,2026-06-28,01:45:00,2026-06-29 01:53:20,35.25,Zone 4,64.1,Zone 5,34.9,Zone 4,60.3,Zone 5,47.2,Zone 5,63.7,Zone 5,60.8,Zone 5,66.2,Zone 5,64.1,Zone 5,68.0,Zone 5
Uttar Pradesh,Sitapur,Ramkot 400Aws,29.7,2026-06-29,01:45:00,,,,2026-06-29 01:53:20,,,,,,,,,,,,,,,,,,,,
Uttar Pradesh,Sultanpur,Krishi Vigyan Kendra Barasin,29.6,2026-06-29,01:45:00,75.0,2026-06-28,01:45:00,2026-06-29 01:53:20,34.55000000000001,Zone 4,63.4,Zone 5,34.3,Zone 4,59.4,Zone 5,42.8,Zone 5,63.0,Zone 5,59.9,Zone 5,65.5,Zone 5,63.4,Zone 5,67.5,Zone 5
West Bengal,Alipurduar,Jayanti,25.2,2026-06-29,01:45:00,100.0,2026-06-28,01:45:00,2026-06-29 01:53:20,28.350000000000023,Zone 4,61.5,Zone 5,28.0,Zone 4,51.8,Zone 5,35.2,Zone 4,61.1,Zone 5,54.1,Zone 5,64.0,Zone 5,61.5,Zone 5,66.1,Zone 5
West Bengal,Cooch Behar,Dinhata Aws400,27.6,2026-06-29,01:45:00,100.0,2026-06-28,01:45:00,2026-06-29 01:53:20,34.450000000000045,Zone 4,65.8,Zone 5,34.1,Zone 4,62.3,Zone 5,57.3,Zone 5,65.4,Zone 5,62.9,Zone 5,67.7,Zone 5,65.8,Zone 5,69.3,Zone 5
West Bengal,Cooch Behar,Pundibari Amfu,26.2,2026-06-29,01:45:00,100.0,2026-06-28,01:45:00,2026-06-29 01:53:20,30.55000000000001,Zone 4,63.2,Zone 5,30.1,Zone 4,59.2,Zone 5,42.0,Zone 5,62.8,Zone 5,59.8,Zone 5,65.4,Zone 5,63.2,Zone 5,67.4,Zone 5
West Bengal,Darjeeling,Darjeeling Mo,18.0,2026-06-29,01:45:00,100.0,2026-06-28,01:45:00,2026-06-29 01:53:20,19.05000000000001,Zone 3,33.6,Zone 4,19.1,Zone 3,28.6,Zone 4,24.4,Zone 3,33.3,Zone 4,28.9,Zone 4,40.2,Zone 5,33.6,Zone 4,53.7,Zone 5
West Bengal,Darjeeling,Kharibari,27.2,2026-06-29,01:45:00,97.0,2026-06-28,01:45:00,2026-06-29 01:53:20,32.650000000000034,Zone 4,64.3,Zone 5,32.1,Zone 4,60.5,Zone 5,48.4,Zone 5,63.9,Zone 5,61.1,Zone 5,66.4,Zone 5,64.3,Zone 5,68.2,Zone 5
West Bengal,Howrah,Kvk Howrah Jagatballavapur,27.8,2026-06-29,01:45:00,97.0,2026-06-28,01:45:00,2026-06-29 01:53:20,34.35000000000002,Zone 4,66.0,Zone 5,35.0,Zone 4,62.6,Zone 5,58.5,Zone 5,65.7,Zone 5,63.1,Zone 5,67.8,Zone 5,66.0,Zone 5,69.5,Zone 5
West Bengal,Howrah,Uluberia,29.5,2026-06-29,01:30:00,95.0,2026-06-28,01:30:00,2026-06-29 01:53:20,47.85000000000002,Zone 5,68.2,Zone 5,47.9,Zone 5,65.2,Zone 5,62.1,Zone 5,67.8,Zone 5,65.7,Zone 5,69.7,Zone 5,68.2,Zone 5,71.1,Zone 5
West Bengal,Jalpaiguri,Banarhat,25.7,2026-06-29,01:45:00,98.0,2026-06-28,01:45:00,2026-06-29 01:53:20,29.25,Zone 4,62.0,Zone 5,28.8,Zone 4,54.0,Zone 5,36.1,Zone 4,61.5,Zone 5,56.2,Zone 5,64.3,Zone 5,62.0,Zone 5,66.4,Zone 5
West Bengal,Jalpaiguri,Dhupguri,25.4,2026-06-29,01:45:00,97.0,2026-06-28,01:45:00,2026-06-29 01:53:20,28.450000000000045,Zone 4,61.8,Zone 5,28.7,Zone 4,53.0,Zone 5,35.9,Zone 4,61.3,Zone 5,55.3,Zone 5,64.2,Zone 5,61.8,Zone 5,66.3,Zone 5
West Bengal,Jalpaiguri,Ramshai Kvk,25.8,2026-06-29,01:45:00,,,,2026-06-29 01:53:20,,,,,,,,,,,,,,,,,,,,
West Bengal,Jhargram,Jhargram,26.4,2026-06-29,01:45:00,94.0,2026-06-28,01:45:00,2026-06-29 01:53:20,30.25,Zone 4,62.8,Zone 5,30.5,Zone 4,57.9,Zone 5,39.9,Zone 5,62.4,Zone 5,59.3,Zone 5,65.1,Zone 5,62.8,Zone 5,67.1,Zone 5
West Bengal,Kolkata,Kolkata Airport,29.3,2026-06-29,01:45:00,95.0,2026-06-28,01:45:00,2026-06-29 01:53:20,45.150000000000034,Zone 5,68.2,Zone 5,47.9,Zone 5,65.2,Zone 5,62.1,Zone 5,67.8,Zone 5,65.7,Zone 5,69.7,Zone 5,68.2,Zone 5,71.1,Zone 5
West Bengal,Malda,Malda,28.2,2026-06-29,01:45:00,,,,2026-06-29 01:53:20,,,,,,,,,,,,,,,,,,,,
West Bengal,Murshidabad,Berhampore,28.2,2026-06-29,01:45:00,94.0,2026-06-28,01:45:00,2026-06-29 01:53:20,34.950000000000045,Zone 4,65.4,Zone 5,34.3,Zone 4,61.8,Zone 5,54.8,Zone 5,65.0,Zone 5,62.3,Zone 5,67.3,Zone 5,65.4,Zone 5,69.0,Zone 5
West Bengal,Murshidabad,Murshidabad Kvk,28.1,2026-06-29,01:45:00,,,,2026-06-29 01:53:20,,,,,,,,,,,,,,,,,,,,
West Bengal,Nadia,Bijpur,28.1,2026-06-29,01:45:00,100.0,2026-06-28,01:45:00,2026-06-29 01:53:20,38.25,Zone 5,66.7,Zone 5,37.1,Zone 5,63.4,Zone 5,59.8,Zone 5,66.3,Zone 5,63.9,Zone 5,68.4,Zone 5,66.7,Zone 5,70.0,Zone 5
West Bengal,Nadia,Kalyani Amfu,28.6,2026-06-29,01:45:00,100.0,2026-06-28,01:45:00,2026-06-29 01:53:20,44.450000000000045,Zone 5,67.6,Zone 5,43.1,Zone 5,64.5,Zone 5,61.2,Zone 5,67.2,Zone 5,65.0,Zone 5,69.2,Zone 5,67.6,Zone 5,70.6,Zone 5
West Bengal,North Dinajpur,Raiganj,27.2,2026-06-29,01:30:00,99.0,2026-06-28,01:30:00,2026-06-29 01:53:20,33.05000000000001,Zone 4,64.7,Zone 5,32.5,Zone 4,61.0,Zone 5,51.0,Zone 5,64.3,Zone 5,61.6,Zone 5,66.7,Zone 5,64.7,Zone 5,68.5,Zone 5
West Bengal,North Twenty Four Parganas,Ashoknagar Kvk,29.1,2026-06-29,01:45:00,,,,2026-06-29 01:53:20,,,,,,,,,,,,,,,,,,,,
West Bengal,North Twenty Four Parganas,Barrackpore Aws400,29.1,2026-06-29,01:45:00,74.0,2026-06-28,01:45:00,2026-06-29 01:53:20,33.25,Zone 4,62.3,Zone 5,33.0,Zone 4,55.7,Zone 5,39.7,Zone 4,61.9,Zone 5,57.8,Zone 5,64.6,Zone 5,62.3,Zone 5,66.7,Zone 5
West Bengal,North Twenty Four Parganas,Jisu Agarpara,29.9,2026-06-29,01:30:00,88.0,2026-06-28,01:30:00,2026-06-29 01:53:20,40.55000000000001,Zone 5,67.4,Zone 5,41.8,Zone 5,64.2,Zone 5,60.9,Zone 5,67.0,Zone 5,64.8,Zone 5,69.0,Zone 5,67.4,Zone 5,70.5,Zone 5
West Bengal,Purulia,Purulia Kvk,26.4,2026-06-29,01:45:00,,,,2026-06-29 01:53:20,,,,,,,,,,,,,,,,,,,,
West Bengal,South Dinajpur,Majhian Amfu,28.3,2026-06-29,01:45:00,100.0,2026-06-28,01:45:00,2026-06-29 01:53:20,40.55000000000001,Zone 5,67.6,Zone 5,43.1,Zone 5,64.5,Zone 5,61.2,Zone 5,67.2,Zone 5,65.0,Zone 5,69.2,Zone 5,67.6,Zone 5,70.6,Zone 5
West Bengal,South Twenty Four Parganas,Alipore,29.7,2026-06-29,01:45:00,97.0,2026-06-28,01:45:00,2026-06-29 01:53:20,54.35000000000002,Zone 5,68.7,Zone 5,51.6,Zone 5,65.8,Zone 5,62.8,Zone 5,68.3,Zone 5,66.3,Zone 5,70.1,Zone 5,68.7,Zone 5,71.4,Zone 5
West Bengal,South Twenty Four Parganas,Gangasagar,29.7,2026-06-29,01:45:00,,,,2026-06-29 01:53:20,,,,,,,,,,,,,,,,,,,,
,,,,,,,,,2026-06-29 01:53:20,,,,,,,,,,,,,,,,,,,,
,,,,,,,,,2026-06-29 01:53:20,,,,,,,,,,,,,,,,,,,,
,,,,,,,,,2026-06-29 01:53:20,,,,,,,,,,,,,,,,,,,,
,,,,,,,,,2026-06-29 01:53:20,,,,,,,,,,,,,,,,,,,,
