STATE,DISTRICT,STATION,TEMP,DATE_TEMP,TIME_TEMP,RH,DATE_RH,TIME_RH,LOGGED_AT (IST),EHI (in shade °C),Light Work Heat Stress Zone,EHI_350 (in shade °C),Hard Labor Heat Stress Zone,EHI_3_shade,Zone_3_shade,EHI_3_sun,Zone_3_sun,EHI_4_shade,Zone_4_shade,EHI_4_sun,Zone_4_sun,EHI_5_shade,Zone_5_shade,EHI_5_sun,Zone_5_sun,EHI_6_shade,Zone_6_shade,EHI_6_sun,Zone_6_sun
Andaman And Nicobar,Nicobar,Campbell Bay,25.3,2026-05-25,00:00:00,99.0,2026-05-24,00:00:00,2026-05-25 00:15:30,28.450000000000045,Zone 4,62.2,Zone 5,28.9,Zone 4,54.9,Zone 5,36.7,Zone 5,61.7,Zone 5,57.1,Zone 5,64.5,Zone 5,62.2,Zone 5,66.6,Zone 5
Andaman And Nicobar,Nicobar,Car Nicobar,28.3,2026-05-25,00:00:00,90.0,2026-05-24,00:00:00,2026-05-25 00:15:30,34.35000000000002,Zone 4,65.3,Zone 5,34.9,Zone 4,61.7,Zone 5,54.5,Zone 5,64.9,Zone 5,62.3,Zone 5,67.2,Zone 5,65.3,Zone 5,68.9,Zone 5
Andaman And Nicobar,Nicobar,Nancowry,39.7,2026-05-25,00:00:00,95.0,2026-05-24,00:00:00,2026-05-25 00:15:30,95.75,Zone 6,103.5,Zone 6,94.9,Zone 6,99.8,Zone 6,97.8,Zone 6,102.6,Zone 6,100.6,Zone 6,105.4,Zone 6,103.5,Zone 6,108.2,Zone 6
Andaman And Nicobar,N M Andaman,Mayabunder,27.2,2026-05-25,00:00:00,95.0,2026-05-24,00:00:00,2026-05-25 00:15:30,32.35000000000002,Zone 4,63.9,Zone 5,31.8,Zone 4,60.0,Zone 5,45.8,Zone 5,63.5,Zone 5,60.5,Zone 5,66.0,Zone 5,63.9,Zone 5,67.9,Zone 5
Andaman And Nicobar,South Andaman,Ferrargunj,26.4,2026-05-25,00:00:00,82.0,2026-05-24,00:00:00,2026-05-25 00:15:30,28.950000000000045,Zone 4,60.2,Zone 5,29.1,Zone 4,45.5,Zone 5,35.6,Zone 4,59.8,Zone 5,47.8,Zone 5,62.9,Zone 5,60.2,Zone 5,65.1,Zone 5
Andaman And Nicobar,South Andaman,Hut Bay,26.5,2026-05-25,00:00:00,99.0,2026-05-24,00:00:00,2026-05-25 00:15:30,31.150000000000034,Zone 4,63.9,Zone 5,31.2,Zone 4,60.0,Zone 5,45.8,Zone 5,63.5,Zone 5,60.5,Zone 5,66.0,Zone 5,63.9,Zone 5,67.9,Zone 5
Andaman And Nicobar,South Andaman,Shaheed Dweep,28.1,2026-05-25,00:00:00,93.0,2026-05-24,00:00:00,2026-05-25 00:15:30,34.450000000000045,Zone 4,65.1,Zone 5,34.1,Zone 4,61.5,Zone 5,53.5,Zone 5,64.8,Zone 5,62.1,Zone 5,67.1,Zone 5,65.1,Zone 5,68.8,Zone 5
Andaman And Nicobar,South Andaman,Sri Vijaya Puram Aws400,25.6,2026-05-25,00:00:00,95.0,2026-05-24,00:00:00,2026-05-25 00:15:30,28.75,Zone 4,61.3,Zone 5,28.5,Zone 4,51.0,Zone 5,35.6,Zone 4,60.9,Zone 5,53.4,Zone 5,63.8,Zone 5,61.3,Zone 5,66.0,Zone 5
Andaman And Nicobar,South Andaman,Swaraj Deep,27.2,2026-05-25,00:00:00,82.0,2026-05-24,00:00:00,2026-05-25 00:15:30,30.450000000000045,Zone 4,61.0,Zone 5,30.1,Zone 4,49.4,Zone 5,36.7,Zone 4,60.6,Zone 5,51.8,Zone 5,63.5,Zone 5,61.0,Zone 5,65.7,Zone 5
Andhra Pradesh,Alluri Sitharama Raju,Araku Valley,24.1,2026-05-25,00:00:00,83.0,2026-05-24,00:00:00,2026-05-25 00:15:30,25.350000000000023,Zone 4,49.0,Zone 5,25.2,Zone 3,36.1,Zone 4,31.1,Zone 4,47.5,Zone 5,36.6,Zone 4,59.7,Zone 5,49.0,Zone 5,62.4,Zone 5
Andhra Pradesh,Alluri Sitharama Raju,Chintapalli Amfu,26.5,2026-05-25,00:00:00,89.0,2026-05-24,00:00:00,2026-05-25 00:15:30,29.850000000000023,Zone 4,61.7,Zone 5,29.9,Zone 4,53.0,Zone 5,36.9,Zone 4,61.3,Zone 5,55.3,Zone 5,64.2,Zone 5,61.7,Zone 5,66.3,Zone 5
Andhra Pradesh,Anakapalli,Yellamanchilli Vskp,29.7,2026-05-24,23:30:00,91.0,2026-05-24,23:30:00,2026-05-25 00:15:30,43.25,Zone 5,67.3,Zone 5,40.8,Zone 5,64.1,Zone 5,60.7,Zone 5,66.9,Zone 5,64.6,Zone 5,68.9,Zone 5,67.3,Zone 5,70.4,Zone 5
Andhra Pradesh,Anantapur,Kh Govtdegcollege Dharmavaram,29.2,2026-05-25,00:00:00,70.0,2026-05-24,00:00:00,2026-05-25 00:15:30,32.75,Zone 4,61.3,Zone 5,32.4,Zone 4,50.9,Zone 5,38.7,Zone 4,60.9,Zone 5,53.2,Zone 5,63.8,Zone 5,61.3,Zone 5,66.0,Zone 5
Andhra Pradesh,Bapatla,Chirala,30.5,2026-05-25,00:00:00,50.0,2026-05-24,00:00:00,2026-05-25 00:15:30,32.150000000000034,Zone 4,55.7,Zone 5,32.1,Zone 4,41.9,Zone 4,37.4,Zone 4,54.2,Zone 5,42.3,Zone 4,61.1,Zone 5,55.7,Zone 5,63.6,Zone 5
Andhra Pradesh,Eluru,Vijayarai,29.5,2026-05-25,00:00:00,61.0,2026-05-24,00:00:00,2026-05-25 00:15:30,31.950000000000045,Zone 4,59.7,Zone 5,32.0,Zone 4,43.3,Zone 5,37.8,Zone 4,59.3,Zone 5,45.5,Zone 5,62.4,Zone 5,59.7,Zone 5,64.8,Zone 5
Andhra Pradesh,Kakinada,Kakinada,30.9,2026-05-25,00:00:00,77.0,2026-05-24,00:00:00,2026-05-25 00:15:30,38.55000000000001,Zone 4,66.3,Zone 5,38.9,Zone 4,62.9,Zone 5,59.2,Zone 5,65.9,Zone 5,63.4,Zone 5,68.1,Zone 5,66.3,Zone 5,69.7,Zone 5
Andhra Pradesh,Kakinada,Peddapuram,29.9,2026-05-25,00:00:00,87.0,2026-05-24,00:00:00,2026-05-25 00:15:30,38.950000000000045,Zone 5,67.2,Zone 5,40.1,Zone 5,63.9,Zone 5,60.5,Zone 5,66.8,Zone 5,64.5,Zone 5,68.8,Zone 5,67.2,Zone 5,70.3,Zone 5
Andhra Pradesh,Konaseema,Ambajipeta Arg,30.3,2026-05-25,00:00:00,100.0,2026-05-24,00:00:00,2026-05-25 00:15:30,61.25,Zone 5,71.1,Zone 5,62.0,Zone 5,68.8,Zone 5,66.5,Zone 5,70.8,Zone 5,69.3,Zone 5,73.1,Zone 6,71.1,Zone 5,76.0,Zone 6
Andhra Pradesh,Konaseema,Ambajipeta Aws,29.8,2026-05-25,00:00:00,100.0,2026-05-24,00:00:00,2026-05-25 00:15:30,59.450000000000045,Zone 5,70.2,Zone 5,60.2,Zone 5,67.7,Zone 5,65.2,Zone 5,69.9,Zone 5,68.2,Zone 5,71.4,Zone 5,70.2,Zone 5,74.3,Zone 6
Andhra Pradesh,Krishna,Kv Gopalnagar Machilipatnam,19.8,2026-05-25,00:00:00,69.0,2026-05-24,00:00:00,2026-05-25 00:15:30,19.75,Zone 3,34.0,Zone 4,20.0,Zone 3,29.5,Zone 4,25.2,Zone 3,33.8,Zone 4,29.7,Zone 4,37.9,Zone 4,34.0,Zone 4,47.0,Zone 5
Andhra Pradesh,Ntr,Mylavaram College Of  Engineer,30.1,2026-05-25,00:00:00,61.0,2026-05-24,00:00:00,2026-05-25 00:15:30,33.05000000000001,Zone 4,60.5,Zone 5,32.9,Zone 4,46.8,Zone 5,38.8,Zone 4,60.1,Zone 5,49.1,Zone 5,63.1,Zone 5,60.5,Zone 5,65.3,Zone 5
Andhra Pradesh,Palnadu,Jangameshwarapuram,32.1,2026-05-25,00:00:00,,,,2026-05-25 00:15:30,,,,,,,,,,,,,,,,,,,,
Andhra Pradesh,Palnadu,Rentachintala,33.6,2026-05-25,00:00:00,48.0,2026-05-24,00:00:00,2026-05-25 00:15:30,37.05000000000001,Zone 4,61.7,Zone 5,36.8,Zone 4,52.7,Zone 5,42.4,Zone 4,61.3,Zone 5,54.9,Zone 5,64.1,Zone 5,61.7,Zone 5,66.2,Zone 5
Andhra Pradesh,Prakasam,Cs Puram,32.8,2026-05-25,00:00:00,57.0,2026-05-24,00:00:00,2026-05-25 00:15:30,37.75,Zone 4,63.8,Zone 5,38.2,Zone 4,59.9,Zone 5,45.2,Zone 5,63.4,Zone 5,60.4,Zone 5,65.9,Zone 5,63.8,Zone 5,67.8,Zone 5
Andhra Pradesh,Prakasam,Peda Araveedu,34.9,2026-05-25,00:00:00,23.0,2026-05-24,00:00:00,2026-05-25 00:15:30,33.950000000000045,Zone 4,46.0,Zone 4,34.0,Zone 4,41.9,Zone 4,38.3,Zone 4,45.7,Zone 4,42.2,Zone 4,55.7,Zone 5,46.0,Zone 4,61.0,Zone 5
Andhra Pradesh,Srikakulam,Nagaralapeta Kalingapatnam,,,,100.0,2026-05-24,00:00:00,2026-05-25 00:15:30,,,,,,,,,,,,,,,,,,,,
Andhra Pradesh,Srikakulam,Ragolu,29.1,2026-05-25,00:00:00,94.0,2026-05-24,00:00:00,2026-05-25 00:15:30,40.85000000000002,Zone 5,67.1,Zone 5,39.7,Zone 5,63.9,Zone 5,60.4,Zone 5,66.7,Zone 5,64.4,Zone 5,68.7,Zone 5,67.1,Zone 5,70.2,Zone 5
Andhra Pradesh,Visakhapatnam,Anandapuram Arg,29.0,2026-05-25,00:00:00,81.0,2026-05-24,00:00:00,2026-05-25 00:15:30,34.35000000000002,Zone 4,64.0,Zone 5,34.3,Zone 4,60.2,Zone 5,46.7,Zone 5,63.6,Zone 5,60.7,Zone 5,66.1,Zone 5,64.0,Zone 5,68.0,Zone 5
Andhra Pradesh,Visakhapatnam,Gangavaram Port,29.9,2026-05-25,00:00:00,,,,2026-05-25 00:15:30,,,,,,,,,,,,,,,,,,,,
Andhra Pradesh,Visakhapatnam,Mehadrigadda Dam,44.1,2026-05-25,00:00:00,93.0,2026-05-24,00:00:00,2026-05-25 00:15:30,114.55000000000001,Zone 6,122.4,Zone 6,114.0,Zone 6,118.6,Zone 6,116.8,Zone 6,121.4,Zone 6,119.6,Zone 6,124.1,Zone 6,122.4,Zone 6,126.8,Zone 6
Andhra Pradesh,Vizianagaram,Bobbili,29.4,2026-05-25,00:00:00,92.0,2026-05-24,00:00:00,2026-05-25 00:15:30,41.25,Zone 5,67.5,Zone 5,42.5,Zone 5,64.4,Zone 5,61.0,Zone 5,67.1,Zone 5,64.9,Zone 5,69.1,Zone 5,67.5,Zone 5,70.5,Zone 5
Andhra Pradesh,Vizianagaram,Vizianagaram,30.9,2026-05-25,00:00:00,89.0,2026-05-24,00:00:00,2026-05-25 00:15:30,55.75,Zone 5,69.4,Zone 5,57.0,Zone 5,66.7,Zone 5,63.8,Zone 5,69.0,Zone 5,67.1,Zone 5,70.7,Zone 5,69.4,Zone 5,72.6,Zone 6
Andhra Pradesh,West Godavari,Bhimavaram,30.9,2026-05-25,00:00:00,,,,2026-05-25 00:15:30,,,,,,,,,,,,,,,,,,,,
Andhra Pradesh,West Godavari,Kv Gopannapalem Eluru,30.4,2026-05-25,00:00:00,55.0,2026-05-24,00:00:00,2026-05-25 00:15:30,32.650000000000034,Zone 4,59.5,Zone 5,32.8,Zone 4,43.1,Zone 4,38.4,Zone 4,59.1,Zone 5,44.6,Zone 5,62.3,Zone 5,59.5,Zone 5,64.7,Zone 5
Andhra Pradesh,West Godavari,Maruteru,31.0,2026-05-25,00:00:00,91.0,2026-05-24,00:00:00,2026-05-25 00:15:30,59.450000000000045,Zone 5,69.9,Zone 5,59.4,Zone 5,67.3,Zone 5,64.6,Zone 5,69.5,Zone 5,67.7,Zone 5,71.1,Zone 5,69.9,Zone 5,73.5,Zone 6
Andhra Pradesh,West Godavari,Narsapur,30.9,2026-05-25,00:00:00,81.0,2026-05-24,00:00:00,2026-05-25 00:15:30,40.150000000000034,Zone 5,67.3,Zone 5,41.3,Zone 5,64.2,Zone 5,60.8,Zone 5,67.0,Zone 5,64.7,Zone 5,69.0,Zone 5,67.3,Zone 5,70.4,Zone 5
Andhra Pradesh,Ysr Kadapa,Agricultural College  Badvel,32.5,2026-05-25,00:00:00,55.0,2026-05-24,00:00:00,2026-05-25 00:15:30,36.55000000000001,Zone 4,62.4,Zone 5,36.6,Zone 4,56.3,Zone 5,42.5,Zone 4,62.0,Zone 5,58.3,Zone 5,64.8,Zone 5,62.4,Zone 5,66.8,Zone 5
Arunachal Pradesh,Anjaw,Hayuliang Circle,19.6,2026-05-25,00:00:00,91.0,2026-05-24,00:00:00,2026-05-25 00:15:30,20.650000000000034,Zone 3,35.1,Zone 4,20.5,Zone 3,30.1,Zone 4,25.3,Zone 4,34.8,Zone 4,30.3,Zone 4,43.0,Zone 5,35.1,Zone 4,56.3,Zone 5
Arunachal Pradesh,Changlang,Miao,24.9,2026-05-24,23:45:00,91.0,2026-05-24,23:45:00,2026-05-25 00:15:30,27.05000000000001,Zone 4,59.7,Zone 5,27.3,Zone 4,43.1,Zone 5,33.8,Zone 4,59.3,Zone 5,45.3,Zone 5,62.4,Zone 5,59.7,Zone 5,64.8,Zone 5
Arunachal Pradesh,East Kameng,Seppa Pampoli,26.4,2026-05-25,00:00:00,92.0,2026-05-24,00:00:00,2026-05-25 00:15:30,30.05000000000001,Zone 4,62.4,Zone 5,30.2,Zone 4,56.0,Zone 5,37.7,Zone 5,62.0,Zone 5,58.1,Zone 5,64.7,Zone 5,62.4,Zone 5,66.8,Zone 5
Arunachal Pradesh,Kamle,Raga,21.8,2026-05-25,00:00:00,86.0,2026-05-24,00:00:00,2026-05-25 00:15:30,22.950000000000045,Zone 3,39.2,Zone 5,23.2,Zone 3,33.2,Zone 4,28.3,Zone 4,38.2,Zone 4,33.6,Zone 4,53.3,Zone 5,39.2,Zone 5,60.5,Zone 5
Arunachal Pradesh,Kurung Kumey,Koloraing,20.3,2026-05-25,00:00:00,100.0,2026-05-24,00:00:00,2026-05-25 00:15:30,21.850000000000023,Zone 3,39.6,Zone 5,22.0,Zone 3,32.0,Zone 4,27.0,Zone 4,38.4,Zone 5,32.4,Zone 4,53.6,Zone 5,39.6,Zone 5,60.6,Zone 5
Arunachal Pradesh,Kurung Kumey,Nyapin,20.4,2026-05-25,00:00:00,100.0,2026-05-24,00:00:00,2026-05-25 00:15:30,21.950000000000045,Zone 3,39.6,Zone 5,22.0,Zone 3,32.0,Zone 4,27.0,Zone 4,38.4,Zone 5,32.4,Zone 4,53.6,Zone 5,39.6,Zone 5,60.6,Zone 5
Arunachal Pradesh,Leparada,Basar,21.1,2026-05-25,00:00:00,100.0,2026-05-24,00:00:00,2026-05-25 00:15:30,22.75,Zone 3,42.5,Zone 5,22.6,Zone 3,32.8,Zone 4,27.7,Zone 4,41.2,Zone 5,33.3,Zone 4,56.3,Zone 5,42.5,Zone 5,61.2,Zone 5
Arunachal Pradesh,Lohit,Wakro,22.5,2026-05-25,00:00:00,,,,2026-05-25 00:15:30,,,,,,,,,,,,,,,,,,,,
Arunachal Pradesh,Longding,Longding,22.9,2026-05-25,00:00:00,,,,2026-05-25 00:15:30,,,,,,,,,,,,,,,,,,,,
Arunachal Pradesh,Longding,Longding New,24.1,2026-05-25,00:00:00,86.0,2026-05-24,00:00:00,2026-05-25 00:15:30,25.450000000000045,Zone 4,51.5,Zone 5,25.3,Zone 4,36.5,Zone 4,31.4,Zone 4,49.9,Zone 5,37.0,Zone 4,60.2,Zone 5,51.5,Zone 5,62.8,Zone 5
Arunachal Pradesh,Lower Siang,Kangku,23.8,2026-05-24,23:30:00,100.0,2026-05-24,23:30:00,2026-05-25 00:15:30,25.75,Zone 4,59.8,Zone 5,26.1,Zone 4,43.6,Zone 5,32.9,Zone 4,59.4,Zone 5,45.9,Zone 5,62.5,Zone 5,59.8,Zone 5,64.8,Zone 5
Arunachal Pradesh,Lower Subansiri,Deed,17.6,2026-05-25,00:00:00,100.0,2026-05-24,00:00:00,2026-05-25 00:15:30,18.55000000000001,Zone 3,32.9,Zone 4,18.4,Zone 3,28.0,Zone 4,24.0,Zone 3,32.7,Zone 4,28.2,Zone 4,37.9,Zone 5,32.9,Zone 4,51.3,Zone 5
Arunachal Pradesh,Lower Subansiri,Ziro Manipolyang,18.9,2026-05-25,00:00:00,85.0,2026-05-24,00:00:00,2026-05-25 00:15:30,19.450000000000045,Zone 3,33.9,Zone 4,19.6,Zone 3,29.1,Zone 4,24.8,Zone 3,33.7,Zone 4,29.4,Zone 4,38.0,Zone 4,33.9,Zone 4,51.1,Zone 5
Arunachal Pradesh,Namsai,Lekang,23.1,2026-05-24,23:45:00,93.0,2026-05-24,23:45:00,2026-05-25 00:15:30,24.650000000000034,Zone 3,50.5,Zone 5,24.5,Zone 3,35.6,Zone 4,30.4,Zone 4,48.9,Zone 5,36.1,Zone 4,60.0,Zone 5,50.5,Zone 5,62.6,Zone 5
Arunachal Pradesh,Namsai,Namsai Kvk,22.3,2026-05-25,00:00:00,100.0,2026-05-24,00:00:00,2026-05-25 00:15:30,24.05000000000001,Zone 3,52.5,Zone 5,24.3,Zone 3,35.4,Zone 4,30.1,Zone 4,50.9,Zone 5,36.0,Zone 4,60.4,Zone 5,52.5,Zone 5,63.0,Zone 5
Arunachal Pradesh,Papumpare,Itanagar,24.2,2026-05-24,23:30:00,100.0,2026-05-24,23:30:00,2026-05-25 00:15:30,26.450000000000045,Zone 4,59.8,Zone 5,26.1,Zone 4,43.6,Zone 5,32.9,Zone 4,59.4,Zone 5,45.9,Zone 5,62.5,Zone 5,59.8,Zone 5,64.8,Zone 5
Arunachal Pradesh,Tirap,Deomali,25.1,2026-05-25,00:00:00,100.0,2026-05-24,00:00:00,2026-05-25 00:15:30,28.150000000000034,Zone 4,61.5,Zone 5,28.0,Zone 4,51.8,Zone 5,35.2,Zone 4,61.1,Zone 5,54.1,Zone 5,64.0,Zone 5,61.5,Zone 5,66.1,Zone 5
Arunachal Pradesh,Tirap,Longding,22.3,2026-05-25,00:00:00,,,,2026-05-25 00:15:30,,,,,,,,,,,,,,,,,,,,
Arunachal Pradesh,Upper Siang,Yingkiong,23.7,2026-05-24,23:45:00,,,,2026-05-25 00:15:30,,,,,,,,,,,,,,,,,,,,
Arunachal Pradesh,Upper Subhanseri,Daporijo,24.9,2026-05-25,00:00:00,94.0,2026-05-24,00:00:00,2026-05-25 00:15:30,27.350000000000023,Zone 4,60.3,Zone 5,27.5,Zone 4,45.9,Zone 5,34.3,Zone 4,59.9,Zone 5,48.3,Zone 5,62.9,Zone 5,60.3,Zone 5,65.2,Zone 5
Arunachal Pradesh,West Kameng,Bomdila,18.5,2026-05-25,00:00:00,,,,2026-05-25 00:15:30,,,,,,,,,,,,,,,,,,,,
Arunachal Pradesh,West Kameng,Dirang,19.6,2026-05-25,00:00:00,100.0,2026-05-24,00:00:00,2026-05-25 00:15:30,21.05000000000001,Zone 3,35.9,Zone 4,20.9,Zone 3,30.6,Zone 4,25.7,Zone 4,35.5,Zone 4,30.9,Zone 4,48.0,Zone 5,35.9,Zone 4,59.4,Zone 5
Arunachal Pradesh,West Kameng,Dirang,17.4,2026-05-25,00:00:00,100.0,2026-05-24,00:00:00,2026-05-25 00:15:30,18.350000000000023,Zone 3,32.9,Zone 4,18.4,Zone 3,28.0,Zone 4,24.0,Zone 3,32.7,Zone 4,28.2,Zone 4,37.9,Zone 5,32.9,Zone 4,51.3,Zone 5
Arunachal Pradesh,West Kameng,Kalaktang,17.8,2026-05-25,00:00:00,100.0,2026-05-24,00:00:00,2026-05-25 00:15:30,18.850000000000023,Zone 3,33.6,Zone 4,19.1,Zone 3,28.6,Zone 4,24.4,Zone 3,33.3,Zone 4,28.9,Zone 4,40.2,Zone 5,33.6,Zone 4,53.7,Zone 5
Arunachal Pradesh,West Siang,Along,23.6,2026-05-25,00:00:00,100.0,2026-05-24,00:00:00,2026-05-25 00:15:30,25.450000000000045,Zone 4,58.9,Zone 5,25.3,Zone 3,39.9,Zone 5,31.9,Zone 4,57.4,Zone 5,42.0,Zone 5,61.8,Zone 5,58.9,Zone 5,64.2,Zone 5
Arunachal Pradesh,West Siang,Yomcha,21.3,2026-05-25,00:00:00,100.0,2026-05-24,00:00:00,2026-05-25 00:15:30,22.950000000000045,Zone 3,45.7,Zone 5,23.2,Zone 3,33.6,Zone 4,28.5,Zone 4,44.3,Zone 5,34.1,Zone 4,58.9,Zone 5,45.7,Zone 5,61.8,Zone 5
Assam,Barpeta,Bajali University,23.9,2026-05-24,23:45:00,100.0,2026-05-24,23:45:00,2026-05-25 00:15:30,25.950000000000045,Zone 4,59.8,Zone 5,26.1,Zone 4,43.6,Zone 5,32.9,Zone 4,59.4,Zone 5,45.9,Zone 5,62.5,Zone 5,59.8,Zone 5,64.8,Zone 5
Assam,Barpeta,Barpeta Kvk,24.0,2026-05-25,00:00:00,100.0,2026-05-24,00:00:00,2026-05-25 00:15:30,26.150000000000034,Zone 4,59.8,Zone 5,26.1,Zone 4,43.6,Zone 5,32.9,Zone 4,59.4,Zone 5,45.9,Zone 5,62.5,Zone 5,59.8,Zone 5,64.8,Zone 5
Assam,Charaideo,Sonari Aegcl,,,,100.0,2026-05-24,00:00:00,2026-05-25 00:15:30,,,,,,,,,,,,,,,,,,,,
Assam,Darrang,Dalgaon,24.6,2026-05-25,00:00:00,89.0,2026-05-24,00:00:00,2026-05-25 00:15:30,26.450000000000045,Zone 4,57.1,Zone 5,26.3,Zone 4,37.9,Zone 5,32.6,Zone 4,55.6,Zone 5,39.8,Zone 5,61.4,Zone 5,57.1,Zone 5,63.9,Zone 5
Assam,Darrang,Garukhuti,24.5,2026-05-25,00:00:00,99.0,2026-05-24,00:00:00,2026-05-25 00:15:30,26.950000000000045,Zone 4,60.5,Zone 5,27.0,Zone 4,46.7,Zone 5,33.9,Zone 4,60.1,Zone 5,49.1,Zone 5,63.1,Zone 5,60.5,Zone 5,65.3,Zone 5
Assam,Darrang,Mangaldai,22.8,2026-05-25,00:00:00,89.0,2026-05-24,00:00:00,2026-05-25 00:15:30,24.150000000000034,Zone 3,47.4,Zone 5,24.4,Zone 3,35.1,Zone 4,30.0,Zone 4,45.9,Zone 5,35.6,Zone 4,59.3,Zone 5,47.4,Zone 5,62.1,Zone 5
Assam,Dhemaji,Silapathar Science College,23.5,2026-05-25,00:00:00,100.0,2026-05-24,00:00:00,2026-05-25 00:15:30,25.25,Zone 3,58.9,Zone 5,25.3,Zone 3,39.9,Zone 5,31.9,Zone 4,57.4,Zone 5,42.0,Zone 5,61.8,Zone 5,58.9,Zone 5,64.2,Zone 5
Assam,Dhubri,Gauripur Aegcl,24.9,2026-05-25,00:00:00,100.0,2026-05-24,00:00:00,2026-05-25 00:15:30,27.75,Zone 4,61.5,Zone 5,28.0,Zone 4,51.8,Zone 5,35.2,Zone 4,61.1,Zone 5,54.1,Zone 5,64.0,Zone 5,61.5,Zone 5,66.1,Zone 5
Assam,Dibrugarh,Bcpl Dibrugarh,,,,44.0,2026-05-24,00:00:00,2026-05-25 00:15:30,,,,,,,,,,,,,,,,,,,,
Assam,Dibrugarh,Dc Ofc Dibrugarh,24.5,2026-05-25,00:00:00,100.0,2026-05-24,00:00:00,2026-05-25 00:15:30,27.05000000000001,Zone 4,60.7,Zone 5,27.0,Zone 4,47.6,Zone 5,34.0,Zone 4,60.2,Zone 5,50.0,Zone 5,63.2,Zone 5,60.7,Zone 5,65.5,Zone 5
Assam,Dibrugarh,Dibrugarh,21.2,2026-05-25,00:00:00,,,,2026-05-25 00:15:30,,,,,,,,,,,,,,,,,,,,
Assam,Dibrugarh,Lahowal,,,,12.0,2026-05-24,00:00:00,2026-05-25 00:15:30,,,,,,,,,,,,,,,,,,,,
Assam,Dima Hasao,Haflong,23.5,2026-05-25,00:00:00,74.0,2026-05-24,00:00:00,2026-05-25 00:15:30,24.350000000000023,Zone 3,39.5,Zone 4,24.3,Zone 3,34.3,Zone 4,29.6,Zone 4,39.1,Zone 4,34.7,Zone 4,53.1,Zone 5,39.5,Zone 4,60.4,Zone 5
Assam,Dima Hasao,Lkhep,26.0,2026-05-25,00:00:00,82.0,2026-05-24,00:00:00,2026-05-25 00:15:30,28.25,Zone 4,59.4,Zone 5,28.3,Zone 4,41.8,Zone 5,34.6,Zone 4,59.0,Zone 5,44.0,Zone 5,62.2,Zone 5,59.4,Zone 5,64.6,Zone 5
Assam,Golaghat,Cnb Collage Bokakhat,26.9,2026-05-25,00:00:00,100.0,2026-05-24,00:00:00,2026-05-25 00:15:30,32.35000000000002,Zone 4,65.0,Zone 5,32.7,Zone 4,61.3,Zone 5,52.3,Zone 5,64.6,Zone 5,61.8,Zone 5,66.9,Zone 5,65.0,Zone 5,68.7,Zone 5
Assam,Hailakandi,Algapur Circle,25.0,2026-05-25,00:00:00,100.0,2026-05-24,00:00:00,2026-05-25 00:15:30,27.950000000000045,Zone 4,61.5,Zone 5,28.0,Zone 4,51.8,Zone 5,35.2,Zone 4,61.1,Zone 5,54.1,Zone 5,64.0,Zone 5,61.5,Zone 5,66.1,Zone 5
Assam,Hailakandi,Panchgram Aegcl,24.8,2026-05-25,00:00:00,99.0,2026-05-24,00:00:00,2026-05-25 00:15:30,27.55000000000001,Zone 4,61.3,Zone 5,27.9,Zone 4,50.8,Zone 5,35.0,Zone 4,60.9,Zone 5,53.2,Zone 5,63.8,Zone 5,61.3,Zone 5,66.0,Zone 5
Assam,Hajoi,Lumding,26.2,2026-05-25,00:00:00,72.0,2026-05-24,00:00:00,2026-05-25 00:15:30,27.75,Zone 4,52.0,Zone 5,27.5,Zone 4,38.1,Zone 4,33.3,Zone 4,50.5,Zone 5,38.6,Zone 4,60.3,Zone 5,52.0,Zone 5,62.9,Zone 5
Assam,Kamrup,Amingaon,,,,100.0,2026-05-24,00:00:00,2026-05-25 00:15:30,,,,,,,,,,,,,,,,,,,,
Assam,Kamrup,Boko Aegcl,24.3,2026-05-25,00:00:00,100.0,2026-05-24,00:00:00,2026-05-25 00:15:30,26.650000000000034,Zone 4,60.7,Zone 5,27.0,Zone 4,47.6,Zone 5,34.0,Zone 4,60.2,Zone 5,50.0,Zone 5,63.2,Zone 5,60.7,Zone 5,65.5,Zone 5
Assam,Kamrup,Chandubi,28.9,2026-05-25,00:00:00,,,,2026-05-25 00:15:30,,,,,,,,,,,,,,,,,,,,
Assam,Kamrup,Kukurmara Mirza Aegcl,23.0,2026-05-25,00:00:00,100.0,2026-05-24,00:00:00,2026-05-25 00:15:30,24.75,Zone 3,55.8,Zone 5,24.8,Zone 3,36.7,Zone 5,31.0,Zone 4,54.3,Zone 5,38.5,Zone 5,61.1,Zone 5,55.8,Zone 5,63.6,Zone 5
Assam,Kamrup Metropolitan,Aau Hrs,23.5,2026-05-25,00:00:00,98.0,2026-05-24,00:00:00,2026-05-25 00:15:30,25.25,Zone 3,57.5,Zone 5,25.2,Zone 3,38.4,Zone 5,31.7,Zone 4,56.0,Zone 5,40.3,Zone 5,61.5,Zone 5,57.5,Zone 5,63.9,Zone 5
Assam,Kamrup Metropolitan,Down Town University,24.7,2026-05-25,00:00:00,97.0,2026-05-24,00:00:00,2026-05-25 00:15:30,27.150000000000034,Zone 4,60.1,Zone 5,26.8,Zone 4,44.8,Zone 5,33.6,Zone 4,59.7,Zone 5,47.1,Zone 5,62.7,Zone 5,60.1,Zone 5,65.0,Zone 5
Assam,Kamrup Metropolitan,Gauhati University,24.5,2026-05-25,00:00:00,,,,2026-05-25 00:15:30,,,,,,,,,,,,,,,,,,,,
Assam,Kamrup Metropolitan,Guwahati,22.8,2026-05-25,00:00:00,91.0,2026-05-24,00:00:00,2026-05-25 00:15:30,24.25,Zone 3,49.0,Zone 5,24.5,Zone 3,35.3,Zone 4,30.2,Zone 4,47.4,Zone 5,35.8,Zone 4,59.6,Zone 5,49.0,Zone 5,62.3,Zone 5
Assam,Kamrup Metropolitan,Guwahati City,24.7,2026-05-24,23:30:00,100.0,2026-05-24,23:30:00,2026-05-25 00:15:30,27.350000000000023,Zone 4,60.7,Zone 5,27.0,Zone 4,47.6,Zone 5,34.0,Zone 4,60.2,Zone 5,50.0,Zone 5,63.2,Zone 5,60.7,Zone 5,65.5,Zone 5
Assam,Kamrup Metropolitan,Kalakshetra,26.0,2026-05-25,00:00:00,,,,2026-05-25 00:15:30,,,,,,,,,,,,,,,,,,,,
Assam,Kamrup Metropolitan,Kamakhya,23.6,2026-05-25,00:00:00,99.0,2026-05-24,00:00:00,2026-05-25 00:15:30,25.450000000000045,Zone 4,58.2,Zone 5,25.2,Zone 3,39.2,Zone 5,31.8,Zone 4,56.7,Zone 5,41.2,Zone 5,61.6,Zone 5,58.2,Zone 5,64.1,Zone 5
Assam,Kamrup Metropolitan,Vcbc Rani,23.3,2026-05-25,00:00:00,100.0,2026-05-24,00:00:00,2026-05-25 00:15:30,25.05000000000001,Zone 3,58.9,Zone 5,25.3,Zone 3,39.9,Zone 5,31.9,Zone 4,57.4,Zone 5,42.0,Zone 5,61.8,Zone 5,58.9,Zone 5,64.2,Zone 5
Assam,Karbi Anglong(East),Bakulia,25.4,2026-05-25,00:00:00,78.0,2026-05-24,00:00:00,2026-05-25 00:15:30,26.950000000000045,Zone 4,54.3,Zone 5,27.1,Zone 4,38.2,Zone 4,33.1,Zone 4,52.7,Zone 5,38.7,Zone 4,60.8,Zone 5,54.3,Zone 5,63.3,Zone 5
Assam,Karbi Anglong(East),Diphu,24.2,2026-05-25,00:00:00,95.0,2026-05-24,00:00:00,2026-05-25 00:15:30,26.150000000000034,Zone 4,58.4,Zone 5,25.8,Zone 4,39.4,Zone 5,32.4,Zone 4,57.0,Zone 5,41.4,Zone 5,61.7,Zone 5,58.4,Zone 5,64.1,Zone 5
Assam,Karbi Anglong(West),Kheronighat,25.3,2026-05-25,00:00:00,70.0,2026-05-24,00:00:00,2026-05-25 00:15:30,26.350000000000023,Zone 4,47.1,Zone 5,26.6,Zone 4,37.0,Zone 4,32.2,Zone 4,45.6,Zone 5,37.4,Zone 4,59.3,Zone 5,47.1,Zone 5,62.0,Zone 5
Assam,Karbi Anglong(West),Umlapher,22.2,2026-05-25,00:00:00,92.0,2026-05-24,00:00:00,2026-05-25 00:15:30,23.650000000000034,Zone 3,43.3,Zone 5,23.4,Zone 3,33.7,Zone 4,28.7,Zone 4,41.9,Zone 5,34.2,Zone 4,56.9,Zone 5,43.3,Zone 5,61.3,Zone 5
Assam,Karbi Anglong(West),Umpanai Apdcl,22.6,2026-05-25,00:00:00,100.0,2026-05-24,00:00:00,2026-05-25 00:15:30,24.350000000000023,Zone 3,52.5,Zone 5,24.3,Zone 3,35.4,Zone 4,30.1,Zone 4,50.9,Zone 5,36.0,Zone 4,60.4,Zone 5,52.5,Zone 5,63.0,Zone 5
Assam,Karimganj,Harinagar,,,,12.0,2026-05-24,00:00:00,2026-05-25 00:15:30,,,,,,,,,,,,,,,,,,,,
Assam,Karimganj,Karimganj Amfu,27.8,2026-05-25,00:00:00,,,,2026-05-25 00:15:30,,,,,,,,,,,,,,,,,,,,
Assam,Kokrajhar,Salakati Aegcl,23.5,2026-05-25,00:00:00,100.0,2026-05-24,00:00:00,2026-05-25 00:15:30,25.25,Zone 3,58.9,Zone 5,25.3,Zone 3,39.9,Zone 5,31.9,Zone 4,57.4,Zone 5,42.0,Zone 5,61.8,Zone 5,58.9,Zone 5,64.2,Zone 5
Assam,Marigaon,Dharamtul,26.6,2026-05-25,00:00:00,96.0,2026-05-24,00:00:00,2026-05-25 00:15:30,30.950000000000045,Zone 4,63.2,Zone 5,30.8,Zone 4,59.2,Zone 5,42.1,Zone 5,62.8,Zone 5,59.8,Zone 5,65.4,Zone 5,63.2,Zone 5,67.4,Zone 5
Assam,Marigaon,Laharighat,25.2,2026-05-25,00:00:00,92.0,2026-05-24,00:00:00,2026-05-25 00:15:30,27.650000000000034,Zone 4,59.9,Zone 5,27.3,Zone 4,44.0,Zone 5,34.0,Zone 4,59.5,Zone 5,46.3,Zone 5,62.6,Zone 5,59.9,Zone 5,64.9,Zone 5
Assam,Marigaon,Marigaon,26.3,2026-05-25,00:00:00,100.0,2026-05-24,00:00:00,2026-05-25 00:15:30,30.850000000000023,Zone 4,64.1,Zone 5,31.3,Zone 4,60.2,Zone 5,47.0,Zone 5,63.7,Zone 5,60.8,Zone 5,66.2,Zone 5,64.1,Zone 5,68.0,Zone 5
Assam,Nagaon,Kampur,24.4,2026-05-25,00:00:00,,,,2026-05-25 00:15:30,,,,,,,,,,,,,,,,,,,,
Assam,Nagaon,Samaguri Aegcl,26.4,2026-05-25,00:00:00,100.0,2026-05-24,00:00:00,2026-05-25 00:15:30,31.05000000000001,Zone 4,64.1,Zone 5,31.3,Zone 4,60.2,Zone 5,47.0,Zone 5,63.7,Zone 5,60.8,Zone 5,66.2,Zone 5,64.1,Zone 5,68.0,Zone 5
Assam,Nalbari,Chamata,32.7,2026-05-25,00:00:00,7.0,2026-05-24,00:00:00,2026-05-25 00:15:30,29.850000000000023,Zone 4,39.9,Zone 4,29.7,Zone 4,36.6,Zone 4,33.3,Zone 4,39.8,Zone 4,36.7,Zone 4,42.9,Zone 4,39.9,Zone 4,45.9,Zone 4
Assam,Nalbari,Nalbari,28.2,2026-05-25,00:00:00,98.0,2026-05-24,00:00:00,2026-05-25 00:15:30,36.55000000000001,Zone 5,66.3,Zone 5,35.2,Zone 4,62.9,Zone 5,59.2,Zone 5,65.9,Zone 5,63.4,Zone 5,68.0,Zone 5,66.3,Zone 5,69.6,Zone 5
Assam,Nalbari,Nalbari Kvk,24.0,2026-05-25,00:00:00,,,,2026-05-25 00:15:30,,,,,,,,,,,,,,,,,,,,
Assam,Nalbari,Tihu,24.2,2026-05-25,00:00:00,91.0,2026-05-24,00:00:00,2026-05-25 00:15:30,25.950000000000045,Zone 4,55.5,Zone 5,25.6,Zone 4,37.2,Zone 4,31.9,Zone 4,54.0,Zone 5,38.1,Zone 5,61.0,Zone 5,55.5,Zone 5,63.5,Zone 5
Assam,Sivasagar,Sivsagar Aegcl,25.5,2026-05-25,00:00:00,100.0,2026-05-24,00:00:00,2026-05-25 00:15:30,29.05000000000001,Zone 4,62.4,Zone 5,29.0,Zone 4,55.9,Zone 5,37.6,Zone 5,62.0,Zone 5,58.0,Zone 5,64.7,Zone 5,62.4,Zone 5,66.7,Zone 5
Assam,Sonitpur,Dhekiajuli Aegcl,24.9,2026-05-24,23:30:00,99.0,2026-05-24,23:30:00,2026-05-25 00:15:30,27.650000000000034,Zone 4,61.3,Zone 5,27.9,Zone 4,50.8,Zone 5,35.0,Zone 4,60.9,Zone 5,53.2,Zone 5,63.8,Zone 5,61.3,Zone 5,66.0,Zone 5
Assam,Sonitpur,Ghoramara Aegcl,25.4,2026-05-25,00:00:00,100.0,2026-05-24,00:00:00,2026-05-25 00:15:30,28.75,Zone 4,62.4,Zone 5,29.0,Zone 4,55.9,Zone 5,37.6,Zone 5,62.0,Zone 5,58.0,Zone 5,64.7,Zone 5,62.4,Zone 5,66.7,Zone 5
Assam,Sonitpur,Neriwalam,24.3,2026-05-24,23:45:00,100.0,2026-05-24,23:45:00,2026-05-25 00:15:30,26.650000000000034,Zone 4,60.7,Zone 5,27.0,Zone 4,47.6,Zone 5,34.0,Zone 4,60.2,Zone 5,50.0,Zone 5,63.2,Zone 5,60.7,Zone 5,65.5,Zone 5
Assam,Tinsukia,Margherita,25.1,2026-05-25,00:00:00,100.0,2026-05-24,00:00:00,2026-05-25 00:15:30,28.150000000000034,Zone 4,61.5,Zone 5,28.0,Zone 4,51.8,Zone 5,35.2,Zone 4,61.1,Zone 5,54.1,Zone 5,64.0,Zone 5,61.5,Zone 5,66.1,Zone 5
Assam,Tinsukia,Tinsukia,24.2,2026-05-25,00:00:00,89.0,2026-05-24,00:00:00,2026-05-25 00:15:30,25.850000000000023,Zone 4,53.9,Zone 5,25.5,Zone 4,36.9,Zone 4,31.7,Zone 4,52.4,Zone 5,37.5,Zone 4,60.7,Zone 5,53.9,Zone 5,63.3,Zone 5
Assam,Udalguri,Rowta Aegcl,24.6,2026-05-25,00:00:00,99.0,2026-05-24,00:00:00,2026-05-25 00:15:30,27.150000000000034,Zone 4,60.5,Zone 5,27.0,Zone 4,46.7,Zone 5,33.9,Zone 4,60.1,Zone 5,49.1,Zone 5,63.1,Zone 5,60.5,Zone 5,65.3,Zone 5
Assam,Udalguri,Udalguri,22.0,2026-05-25,00:00:00,80.0,2026-05-24,00:00:00,2026-05-25 00:15:30,22.950000000000045,Zone 3,37.8,Zone 4,22.9,Zone 3,32.7,Zone 4,28.0,Zone 4,37.5,Zone 4,33.0,Zone 4,49.3,Zone 5,37.8,Zone 4,59.6,Zone 5
Assam,Udalguri,Udi Kvk,24.7,2026-05-25,00:00:00,,,,2026-05-25 00:15:30,,,,,,,,,,,,,,,,,,,,
Bihar,Arwal,Arwal Aws400,30.1,2026-05-25,00:00:00,68.0,2026-05-24,00:00:00,2026-05-25 00:15:30,34.35000000000002,Zone 4,62.3,Zone 5,34.1,Zone 4,55.8,Zone 5,40.5,Zone 4,61.9,Zone 5,57.9,Zone 5,64.7,Zone 5,62.3,Zone 5,66.7,Zone 5
Bihar,Bhojpur,Bhojpur Amfu,,,,80.0,2026-05-24,00:00:00,2026-05-25 00:15:30,,,,,,,,,,,,,,,,,,,,
Bihar,Buxar,Buxar,31.0,2026-05-25,00:00:00,73.0,2026-05-24,00:00:00,2026-05-25 00:15:30,37.650000000000034,Zone 4,65.2,Zone 5,37.7,Zone 4,61.6,Zone 5,54.0,Zone 5,64.9,Zone 5,62.2,Zone 5,67.2,Zone 5,65.2,Zone 5,68.9,Zone 5
Bihar,Buxar,Dumaraon,29.4,2026-05-25,00:00:00,56.0,2026-05-24,00:00:00,2026-05-25 00:15:30,31.150000000000034,Zone 4,56.7,Zone 5,31.3,Zone 4,41.5,Zone 4,36.8,Zone 4,55.3,Zone 5,42.0,Zone 4,61.3,Zone 5,56.7,Zone 5,63.8,Zone 5
Bihar,Darbhanga,Darbhanga Aws400,28.2,2026-05-25,00:00:00,,,,2026-05-25 00:15:30,,,,,,,,,,,,,,,,,,,,
Bihar,Gaya,Bodhgaya,28.3,2026-05-25,00:00:00,,,,2026-05-25 00:15:30,,,,,,,,,,,,,,,,,,,,
Bihar,Jehanabad,Jehanabad,31.2,2026-05-25,00:00:00,74.0,2026-05-24,00:00:00,2026-05-25 00:15:30,38.55000000000001,Zone 4,65.5,Zone 5,38.0,Zone 4,61.9,Zone 5,55.6,Zone 5,65.1,Zone 5,62.5,Zone 5,67.4,Zone 5,65.5,Zone 5,69.1,Zone 5
Bihar,Kaimur,Bhabua,32.7,2026-05-25,00:00:00,39.0,2026-05-24,00:00:00,2026-05-25 00:15:30,33.75,Zone 4,52.8,Zone 5,33.4,Zone 4,42.5,Zone 4,38.3,Zone 4,51.3,Zone 5,42.9,Zone 4,60.5,Zone 5,52.8,Zone 5,63.1,Zone 5
Bihar,Madhepura,Madhepura,27.4,2026-05-25,00:00:00,100.0,2026-05-24,00:00:00,2026-05-25 00:15:30,33.85000000000002,Zone 4,65.8,Zone 5,34.1,Zone 4,62.3,Zone 5,57.3,Zone 5,65.4,Zone 5,62.9,Zone 5,67.7,Zone 5,65.8,Zone 5,69.3,Zone 5
Bihar,Madhubani,Chanpur Basaitha,28.5,2026-05-25,00:00:00,91.0,2026-05-24,00:00:00,2026-05-25 00:15:30,35.150000000000034,Zone 4,65.5,Zone 5,35.1,Zone 4,62.0,Zone 5,55.8,Zone 5,65.2,Zone 5,62.5,Zone 5,67.4,Zone 5,65.5,Zone 5,69.1,Zone 5
Bihar,Madhubani,Sukhet,27.7,2026-05-25,00:00:00,60.0,2026-05-24,00:00:00,2026-05-25 00:15:30,29.05000000000001,Zone 4,49.4,Zone 5,28.7,Zone 4,38.8,Zone 4,34.2,Zone 4,47.9,Zone 5,39.2,Zone 4,59.7,Zone 5,49.4,Zone 5,62.4,Zone 5
Bihar,Munger,Kvk Munger,28.1,2026-05-25,00:00:00,94.0,2026-05-24,00:00:00,2026-05-25 00:15:30,34.650000000000034,Zone 4,65.4,Zone 5,34.3,Zone 4,61.8,Zone 5,54.8,Zone 5,65.0,Zone 5,62.3,Zone 5,67.3,Zone 5,65.4,Zone 5,69.0,Zone 5
Bihar,Muzaffarpur,Saraiya Kvk,29.1,2026-05-25,00:00:00,80.0,2026-05-24,00:00:00,2026-05-25 00:15:30,34.35000000000002,Zone 4,63.8,Zone 5,34.1,Zone 4,59.9,Zone 5,45.3,Zone 5,63.4,Zone 5,60.4,Zone 5,65.9,Zone 5,63.8,Zone 5,67.8,Zone 5
Bihar,Nalanda,Harnaut,30.0,2026-05-25,00:00:00,97.0,2026-05-24,00:00:00,2026-05-25 00:15:30,58.35000000000002,Zone 5,69.5,Zone 5,58.3,Zone 5,66.9,Zone 5,64.1,Zone 5,69.2,Zone 5,67.4,Zone 5,70.8,Zone 5,69.5,Zone 5,72.9,Zone 6
Bihar,Nalanda,Rajgir,29.8,2026-05-25,00:00:00,89.0,2026-05-24,00:00:00,2026-05-25 00:15:30,41.05000000000001,Zone 5,67.6,Zone 5,43.5,Zone 5,64.5,Zone 5,61.2,Zone 5,67.3,Zone 5,65.1,Zone 5,69.2,Zone 5,67.6,Zone 5,70.6,Zone 5
Bihar,Patna,Baldwin Academy,31.5,2026-05-24,23:45:00,84.0,2026-05-24,23:45:00,2026-05-25 00:15:30,53.950000000000045,Zone 5,68.9,Zone 5,53.9,Zone 5,66.1,Zone 5,63.2,Zone 5,68.6,Zone 5,66.6,Zone 5,70.3,Zone 5,68.9,Zone 5,71.8,Zone 6
Bihar,Patna,Danapur Dps,31.9,2026-05-25,00:00:00,84.0,2026-05-24,00:00:00,2026-05-25 00:15:30,58.950000000000045,Zone 5,69.8,Zone 5,59.3,Zone 5,67.2,Zone 5,64.5,Zone 5,69.5,Zone 5,67.7,Zone 5,71.1,Zone 5,69.8,Zone 5,73.4,Zone 6
Bihar,Patna,Iit Patna,30.3,2026-05-25,00:00:00,100.0,2026-05-24,00:00:00,2026-05-25 00:15:30,61.25,Zone 5,71.1,Zone 5,62.0,Zone 5,68.8,Zone 5,66.5,Zone 5,70.8,Zone 5,69.3,Zone 5,73.1,Zone 6,71.1,Zone 5,76.0,Zone 6
Bihar,Patna,Kvk Barh,28.0,2026-05-25,00:00:00,,,,2026-05-25 00:15:30,,,,,,,,,,,,,,,,,,,,
Bihar,Patna,Patna,32.4,2026-05-25,00:00:00,32.0,2026-05-24,00:00:00,2026-05-25 00:15:30,32.25,Zone 4,45.2,Zone 4,32.4,Zone 4,40.9,Zone 4,36.9,Zone 4,44.9,Zone 4,41.2,Zone 4,57.0,Zone 5,45.2,Zone 4,61.3,Zone 5
Bihar,Purnea,Purnea Imd,36.9,2026-05-25,00:00:00,93.0,2026-05-24,00:00:00,2026-05-25 00:15:30,82.55000000000001,Zone 6,91.7,Zone 6,83.0,Zone 6,88.1,Zone 6,85.9,Zone 6,90.9,Zone 6,88.8,Zone 6,93.8,Zone 6,91.7,Zone 6,96.6,Zone 6
Bihar,Rohtas,Bikramganj,31.5,2026-05-25,00:00:00,55.0,2026-05-24,00:00:00,2026-05-25 00:15:30,34.650000000000034,Zone 4,61.0,Zone 5,34.6,Zone 4,49.3,Zone 5,40.4,Zone 4,60.6,Zone 5,51.6,Zone 5,63.5,Zone 5,61.0,Zone 5,65.7,Zone 5
Bihar,Rohtas,Dehri,38.8,2026-05-25,00:00:00,44.0,2026-05-24,00:00:00,2026-05-25 00:15:30,47.75,Zone 4,68.0,Zone 5,48.4,Zone 4,65.0,Zone 5,61.8,Zone 5,67.7,Zone 5,65.5,Zone 5,69.5,Zone 5,68.0,Zone 5,70.9,Zone 5
Bihar,Saharsa,Agwanpur Aws400,27.9,2026-05-25,00:00:00,98.0,2026-05-24,00:00:00,2026-05-25 00:15:30,34.950000000000045,Zone 4,66.3,Zone 5,35.2,Zone 4,62.9,Zone 5,59.2,Zone 5,65.9,Zone 5,63.4,Zone 5,68.0,Zone 5,66.3,Zone 5,69.6,Zone 5
Bihar,Samastipur,Pusa Aws400,28.1,2026-05-25,00:00:00,94.0,2026-05-24,00:00:00,2026-05-25 00:15:30,34.650000000000034,Zone 4,65.4,Zone 5,34.3,Zone 4,61.8,Zone 5,54.8,Zone 5,65.0,Zone 5,62.3,Zone 5,67.3,Zone 5,65.4,Zone 5,69.0,Zone 5
Bihar,Saran,Manjhi,29.9,2026-05-24,23:30:00,93.0,2026-05-24,23:30:00,2026-05-25 00:15:30,49.75,Zone 5,68.6,Zone 5,51.1,Zone 5,65.7,Zone 5,62.7,Zone 5,68.2,Zone 5,66.2,Zone 5,70.0,Zone 5,68.6,Zone 5,71.4,Zone 5
Bihar,Sheikpura,Sheikpura Kvk,31.2,2026-05-25,00:00:00,,,,2026-05-25 00:15:30,,,,,,,,,,,,,,,,,,,,
Bihar,Siwan,Ziradei,29.9,2026-05-25,00:00:00,90.0,2026-05-24,00:00:00,2026-05-25 00:15:30,44.05000000000001,Zone 5,67.9,Zone 5,45.4,Zone 5,64.8,Zone 5,61.6,Zone 5,67.5,Zone 5,65.4,Zone 5,69.4,Zone 5,67.9,Zone 5,70.8,Zone 5
Bihar,Supaul,Supaul Aws400,27.4,2026-05-25,00:00:00,98.0,2026-05-24,00:00:00,2026-05-25 00:15:30,33.450000000000045,Zone 4,65.4,Zone 5,33.7,Zone 4,61.8,Zone 5,54.9,Zone 5,65.0,Zone 5,62.4,Zone 5,67.3,Zone 5,65.4,Zone 5,69.0,Zone 5
Bihar,Vaishali,Vaishali,28.9,2026-05-25,00:00:00,99.0,2026-05-24,00:00:00,2026-05-25 00:15:30,46.75,Zone 5,68.2,Zone 5,48.2,Zone 5,65.3,Zone 5,62.1,Zone 5,67.9,Zone 5,65.8,Zone 5,69.7,Zone 5,68.2,Zone 5,71.1,Zone 5
Chandigarh,Chandigarh,Chandigarh,28.2,2026-05-25,00:00:00,,,,2026-05-25 00:15:30,,,,,,,,,,,,,,,,,,,,
Chandigarh,Chandigarh,Dav School,28.9,2026-05-25,00:00:00,41.0,2026-05-24,00:00:00,2026-05-25 00:15:30,28.950000000000045,Zone 4,42.4,Zone 4,29.1,Zone 4,37.9,Zone 4,33.8,Zone 4,42.1,Zone 4,38.2,Zone 4,52.0,Zone 5,42.4,Zone 4,60.2,Zone 5
Chhattisgarh,Balod,Balod Aws400,33.4,2026-05-25,00:00:00,41.0,2026-05-24,00:00:00,2026-05-25 00:15:30,35.150000000000034,Zone 4,59.3,Zone 5,35.3,Zone 4,44.7,Zone 4,40.4,Zone 4,58.8,Zone 5,45.2,Zone 4,62.1,Zone 5,59.3,Zone 5,64.5,Zone 5
Chhattisgarh,Balrampur,Balrampur,27.9,2026-05-25,00:00:00,,,,2026-05-25 00:15:30,,,,,,,,,,,,,,,,,,,,
Chhattisgarh,Balrampur,Balrampur Aws400,26.0,2026-05-25,00:00:00,50.0,2026-05-24,00:00:00,2026-05-25 00:15:30,26.150000000000034,Zone 4,39.8,Zone 4,26.1,Zone 4,35.2,Zone 4,31.0,Zone 4,39.5,Zone 4,35.5,Zone 4,46.7,Zone 5,39.8,Zone 4,59.1,Zone 5
Chhattisgarh,Bemetara,Bemetara,34.4,2026-05-25,00:00:00,20.0,2026-05-24,00:00:00,2026-05-25 00:15:30,32.950000000000045,Zone 4,44.6,Zone 4,33.0,Zone 4,40.7,Zone 4,37.1,Zone 4,44.3,Zone 4,40.9,Zone 4,49.8,Zone 5,44.6,Zone 4,59.7,Zone 5
Chhattisgarh,Bemetara,Bemetara Durg,35.6,2026-05-25,00:00:00,25.0,2026-05-24,00:00:00,2026-05-25 00:15:30,35.150000000000034,Zone 4,47.3,Zone 4,35.0,Zone 4,43.1,Zone 4,39.3,Zone 4,47.0,Zone 4,43.4,Zone 4,59.2,Zone 5,47.3,Zone 4,62.0,Zone 5
Chhattisgarh,Bilaspur,Bilaspur,30.0,2026-05-24,23:45:00,39.0,2026-05-24,23:45:00,2026-05-25 00:15:30,30.150000000000034,Zone 4,43.4,Zone 4,30.1,Zone 4,38.9,Zone 4,34.8,Zone 4,43.1,Zone 4,39.2,Zone 4,54.3,Zone 5,43.4,Zone 4,60.7,Zone 5
Chhattisgarh,Dhamtari,Nagri,34.0,2026-05-25,00:00:00,35.0,2026-05-24,00:00:00,2026-05-25 00:15:30,34.85000000000002,Zone 4,54.9,Zone 5,34.9,Zone 4,43.8,Zone 4,39.7,Zone 4,53.5,Zone 5,44.2,Zone 4,60.9,Zone 5,54.9,Zone 5,63.5,Zone 5
Chhattisgarh,Gariaband,Gariaband,31.8,2026-05-25,00:00:00,44.0,2026-05-24,00:00:00,2026-05-25 00:15:30,33.25,Zone 4,56.5,Zone 5,33.5,Zone 4,43.0,Zone 4,38.6,Zone 4,55.1,Zone 5,43.4,Zone 4,61.3,Zone 5,56.5,Zone 5,63.8,Zone 5
Chhattisgarh,Janjgir Champa,Janjgir,,,,46.0,2026-05-24,23:45:00,2026-05-25 00:15:30,,,,,,,,,,,,,,,,,,,,
Chhattisgarh,Janjgir Champa,Nawagarh,32.7,2026-05-24,23:45:00,28.0,2026-05-24,23:45:00,2026-05-25 00:15:30,32.150000000000034,Zone 4,44.2,Zone 4,31.9,Zone 4,40.0,Zone 4,36.2,Zone 4,43.9,Zone 4,40.3,Zone 4,52.5,Zone 5,44.2,Zone 4,60.3,Zone 5
Chhattisgarh,Janjgir Champa,Sakti,30.6,2026-05-24,23:45:00,43.0,2026-05-24,23:45:00,2026-05-25 00:15:30,31.350000000000023,Zone 4,47.3,Zone 5,31.2,Zone 4,40.4,Zone 4,36.1,Zone 4,45.9,Zone 5,40.7,Zone 4,59.3,Zone 5,47.3,Zone 5,62.1,Zone 5
Chhattisgarh,Jashpur,Bagicha,28.5,2026-05-25,00:00:00,40.0,2026-05-24,00:00:00,2026-05-25 00:15:30,28.450000000000045,Zone 4,41.5,Zone 4,28.4,Zone 4,37.1,Zone 4,33.1,Zone 4,41.3,Zone 4,37.4,Zone 4,48.8,Zone 5,41.5,Zone 4,59.5,Zone 5
Chhattisgarh,Jashpur,Pathalgaon,29.6,2026-05-25,00:00:00,23.0,2026-05-24,00:00:00,2026-05-25 00:15:30,28.350000000000023,Zone 4,39.8,Zone 4,28.2,Zone 4,36.0,Zone 4,32.3,Zone 4,39.7,Zone 4,36.2,Zone 4,43.1,Zone 4,39.8,Zone 4,49.7,Zone 5
Chhattisgarh,Kabirdham,Kawardha,34.2,2026-05-24,23:45:00,11.0,2026-05-24,23:45:00,2026-05-25 00:15:30,31.55000000000001,Zone 4,41.9,Zone 4,31.4,Zone 4,38.5,Zone 4,35.1,Zone 4,41.8,Zone 4,38.6,Zone 4,45.0,Zone 4,41.9,Zone 4,50.1,Zone 5
Chhattisgarh,Kabirdham,Pandaria,30.2,2026-05-25,00:00:00,45.0,2026-05-24,00:00:00,2026-05-25 00:15:30,31.05000000000001,Zone 4,47.0,Zone 5,30.8,Zone 4,40.0,Zone 4,35.7,Zone 4,45.6,Zone 5,40.4,Zone 4,59.3,Zone 5,47.0,Zone 5,62.0,Zone 5
Chhattisgarh,Korba,Lakhanpur Kvk,31.2,2026-05-25,00:00:00,,,,2026-05-25 00:15:30,,,,,,,,,,,,,,,,,,,,
Chhattisgarh,Koriya,Koriya Kvk,30.7,2026-05-25,00:00:00,,,,2026-05-25 00:15:30,,,,,,,,,,,,,,,,,,,,
Chhattisgarh,Mahasamund,Pithora,29.2,2026-05-24,23:45:00,47.0,2026-05-24,23:45:00,2026-05-25 00:15:30,29.850000000000023,Zone 4,44.0,Zone 5,29.6,Zone 4,38.9,Zone 4,34.6,Zone 4,43.3,Zone 4,39.3,Zone 4,57.6,Zone 5,44.0,Zone 5,61.4,Zone 5
Chhattisgarh,Mungeli,Lormi,31.2,2026-05-24,23:45:00,37.0,2026-05-24,23:45:00,2026-05-25 00:15:30,31.450000000000045,Zone 4,44.4,Zone 4,31.2,Zone 4,39.9,Zone 4,35.8,Zone 4,44.1,Zone 4,40.2,Zone 4,56.4,Zone 5,44.4,Zone 4,61.2,Zone 5
Chhattisgarh,Pendra Road,Pendra Road,30.4,2026-05-25,00:00:00,15.0,2026-05-24,00:00:00,2026-05-25 00:15:30,28.55000000000001,Zone 4,39.5,Zone 4,28.6,Zone 4,36.0,Zone 4,32.5,Zone 4,39.4,Zone 4,36.1,Zone 4,42.7,Zone 4,39.5,Zone 4,45.8,Zone 4
Chhattisgarh,Raigarh,Dharamjaigarh,30.5,2026-05-25,00:00:00,40.0,2026-05-24,00:00:00,2026-05-25 00:15:30,30.850000000000023,Zone 4,44.4,Zone 4,30.9,Zone 4,39.8,Zone 4,35.6,Zone 4,44.0,Zone 4,40.1,Zone 4,57.3,Zone 5,44.4,Zone 4,61.4,Zone 5
Chhattisgarh,Raigarh,Raigarh,31.4,2026-05-25,00:00:00,48.0,2026-05-24,00:00:00,2026-05-25 00:15:30,33.25,Zone 4,58.6,Zone 5,33.4,Zone 4,43.1,Zone 4,38.7,Zone 4,57.2,Zone 5,43.6,Zone 4,61.7,Zone 5,58.6,Zone 5,64.2,Zone 5
Chhattisgarh,Raipur,Naya Raipur,33.6,2026-05-24,23:45:00,34.0,2026-05-24,23:45:00,2026-05-25 00:15:30,34.150000000000034,Zone 4,51.0,Zone 5,34.0,Zone 4,42.7,Zone 4,38.7,Zone 4,49.5,Zone 5,43.1,Zone 4,60.1,Zone 5,51.0,Zone 5,62.7,Zone 5
Chhattisgarh,Raipur,Raipur,32.8,2026-05-25,00:00:00,39.0,2026-05-24,00:00:00,2026-05-25 00:15:30,33.85000000000002,Zone 4,55.4,Zone 5,34.2,Zone 4,43.3,Zone 4,39.1,Zone 4,53.9,Zone 5,43.7,Zone 4,61.0,Zone 5,55.4,Zone 5,63.5,Zone 5
Chhattisgarh,Rajnandgaon,Rajnandgaon,32.8,2026-05-25,00:00:00,27.0,2026-05-24,00:00:00,2026-05-25 00:15:30,32.150000000000034,Zone 4,44.6,Zone 4,32.3,Zone 4,40.4,Zone 4,36.7,Zone 4,44.3,Zone 4,40.7,Zone 4,53.2,Zone 5,44.6,Zone 4,60.5,Zone 5
Dadra And Nagar Haveli,Dadar Nagar,Silvassa,29.6,2026-05-25,00:00:00,83.0,2026-05-24,00:00:00,2026-05-25 00:15:30,36.450000000000045,Zone 4,65.3,Zone 5,36.1,Zone 4,61.7,Zone 5,54.6,Zone 5,64.9,Zone 5,62.3,Zone 5,67.2,Zone 5,65.3,Zone 5,68.9,Zone 5
Daman And Diu,Daman,Daman Aws,29.8,2026-05-25,00:00:00,86.0,2026-05-24,00:00:00,2026-05-25 00:15:30,37.85000000000002,Zone 4,66.9,Zone 5,38.6,Zone 4,63.6,Zone 5,60.2,Zone 5,66.5,Zone 5,64.2,Zone 5,68.6,Zone 5,66.9,Zone 5,70.1,Zone 5
Daman And Diu,Diu,Diu,28.9,2026-05-25,00:00:00,86.0,2026-05-24,00:00:00,2026-05-25 00:15:30,35.150000000000034,Zone 4,65.2,Zone 5,35.4,Zone 4,61.6,Zone 5,53.9,Zone 5,64.8,Zone 5,62.2,Zone 5,67.1,Zone 5,65.2,Zone 5,68.9,Zone 5
Delhi,East Delhi,Salwan Public School,32.9,2026-05-25,00:00:00,28.0,2026-05-24,00:00:00,2026-05-25 00:15:30,32.35000000000002,Zone 4,44.9,Zone 4,32.5,Zone 4,40.7,Zone 4,36.8,Zone 4,44.6,Zone 4,40.9,Zone 4,54.4,Zone 5,44.9,Zone 4,60.7,Zone 5
Delhi,New Delhi,Pragati Maidan,33.7,2026-05-25,00:00:00,,,,2026-05-25 00:15:30,,,,,,,,,,,,,,,,,,,,
Delhi,New Delhi,Sports Complex,36.5,2026-05-25,00:00:00,39.0,2026-05-24,00:00:00,2026-05-25 00:15:30,39.950000000000045,Zone 4,62.6,Zone 5,40.0,Zone 4,57.1,Zone 5,45.3,Zone 4,62.2,Zone 5,59.0,Zone 5,64.9,Zone 5,62.6,Zone 5,66.9,Zone 5
Delhi,North West Delhi,Mungeshpur,33.6,2026-05-25,00:00:00,33.0,2026-05-24,00:00:00,2026-05-25 00:15:30,33.950000000000045,Zone 4,49.6,Zone 5,33.8,Zone 4,42.5,Zone 4,38.5,Zone 4,48.1,Zone 5,42.8,Zone 4,59.8,Zone 5,49.6,Zone 5,62.5,Zone 5
Delhi,North West Delhi,Pitampura,35.5,2026-05-25,00:00:00,38.0,2026-05-24,00:00:00,2026-05-25 00:15:30,37.85000000000002,Zone 4,60.9,Zone 5,37.9,Zone 4,49.1,Zone 5,43.0,Zone 4,60.5,Zone 5,51.3,Zone 5,63.5,Zone 5,60.9,Zone 5,65.7,Zone 5
Delhi,South Delhi,Pharma Science And Research Un,32.5,2026-05-25,00:00:00,35.0,2026-05-24,00:00:00,2026-05-25 00:15:30,32.85000000000002,Zone 4,47.3,Zone 5,32.8,Zone 4,41.5,Zone 4,37.5,Zone 4,45.9,Zone 5,41.9,Zone 4,59.3,Zone 5,47.3,Zone 5,62.1,Zone 5
Delhi,South West Delhi,Ayanagar,31.3,2026-05-25,00:00:00,35.0,2026-05-24,00:00:00,2026-05-25 00:15:30,31.350000000000023,Zone 4,44.6,Zone 4,31.6,Zone 4,40.2,Zone 4,36.2,Zone 4,44.3,Zone 4,40.5,Zone 4,56.3,Zone 5,44.6,Zone 4,61.2,Zone 5
Delhi,South West Delhi,Jafarpur,33.7,2026-05-25,00:00:00,,,,2026-05-25 00:15:30,,,,,,,,,,,,,,,,,,,,
Delhi,South West Delhi,Kvk Crpf Campus,34.5,2026-05-25,00:00:00,21.0,2026-05-24,00:00:00,2026-05-25 00:15:30,33.150000000000034,Zone 4,44.8,Zone 4,33.2,Zone 4,40.9,Zone 4,37.3,Zone 4,44.6,Zone 4,41.1,Zone 4,51.2,Zone 5,44.8,Zone 4,60.0,Zone 5
Delhi,South West Delhi,Kv Narayna,33.3,2026-05-25,00:00:00,22.0,2026-05-24,00:00:00,2026-05-25 00:15:30,32.05000000000001,Zone 4,43.9,Zone 4,32.2,Zone 4,40.0,Zone 4,36.4,Zone 4,43.7,Zone 4,40.2,Zone 4,48.8,Zone 5,43.9,Zone 4,59.5,Zone 5
Delhi,South West Delhi,Najafgarh,36.0,2026-05-25,00:00:00,25.0,2026-05-24,00:00:00,2026-05-25 00:15:30,35.650000000000034,Zone 4,49.3,Zone 5,35.6,Zone 4,43.7,Zone 4,40.0,Zone 4,47.8,Zone 5,44.1,Zone 4,59.7,Zone 5,49.3,Zone 5,62.4,Zone 5
Delhi,West Delhi,Kv Janakpuri,36.3,2026-05-25,00:00:00,19.0,2026-05-24,00:00:00,2026-05-25 00:15:30,34.85000000000002,Zone 4,46.6,Zone 4,35.0,Zone 4,42.7,Zone 4,39.1,Zone 4,46.3,Zone 4,42.9,Zone 4,55.5,Zone 5,46.6,Zone 4,61.0,Zone 5
Goa,North Goa,Goa State Biodiversity Board,26.6,2026-05-24,23:30:00,99.0,2026-05-24,23:30:00,2026-05-25 00:15:30,31.450000000000045,Zone 4,63.9,Zone 5,31.2,Zone 4,60.0,Zone 5,45.8,Zone 5,63.5,Zone 5,60.5,Zone 5,66.0,Zone 5,63.9,Zone 5,67.9,Zone 5
Goa,Panaji,Altinho Imdoffice,26.6,2026-05-25,00:00:00,76.0,2026-05-24,00:00:00,2026-05-25 00:15:30,28.75,Zone 4,58.5,Zone 5,28.6,Zone 4,39.8,Zone 4,34.7,Zone 4,57.1,Zone 5,41.5,Zone 5,61.7,Zone 5,58.5,Zone 5,64.1,Zone 5
Gujarat,Ahmedabad,Ahmedabad,33.6,2026-05-25,00:00:00,56.0,2026-05-24,00:00:00,2026-05-25 00:15:30,39.25,Zone 4,64.2,Zone 5,39.0,Zone 4,60.4,Zone 5,47.8,Zone 5,63.8,Zone 5,60.9,Zone 5,66.3,Zone 5,64.2,Zone 5,68.1,Zone 5
Gujarat,Ahmedabad,Dhorela,33.5,2026-05-25,00:00:00,52.0,2026-05-24,00:00:00,2026-05-25 00:15:30,37.85000000000002,Zone 4,62.9,Zone 5,37.9,Zone 4,58.5,Zone 5,43.8,Zone 4,62.6,Zone 5,59.4,Zone 5,65.2,Zone 5,62.9,Zone 5,67.2,Zone 5
Gujarat,Ahmedabad,Science City,31.8,2026-05-25,00:00:00,43.0,2026-05-24,00:00:00,2026-05-25 00:15:30,33.05000000000001,Zone 4,55.3,Zone 5,33.3,Zone 4,42.7,Zone 4,38.4,Zone 4,53.9,Zone 5,43.2,Zone 4,61.0,Zone 5,55.3,Zone 5,63.5,Zone 5
Gujarat,Amreli,Dhari Aws400,28.6,2026-05-25,00:00:00,85.0,2026-05-24,00:00:00,2026-05-25 00:15:30,34.150000000000034,Zone 4,64.2,Zone 5,33.9,Zone 4,60.3,Zone 5,47.5,Zone 5,63.8,Zone 5,60.9,Zone 5,66.2,Zone 5,64.2,Zone 5,68.1,Zone 5
Gujarat,Amreli,Rajula,31.5,2026-05-25,00:00:00,73.0,2026-05-24,00:00:00,2026-05-25 00:15:30,39.150000000000034,Zone 4,66.0,Zone 5,39.1,Zone 4,62.6,Zone 5,58.5,Zone 5,65.7,Zone 5,63.1,Zone 5,67.8,Zone 5,66.0,Zone 5,69.5,Zone 5
Gujarat,Arawali,Modasa,31.8,2026-05-25,00:00:00,62.0,2026-05-24,00:00:00,2026-05-25 00:15:30,36.75,Zone 4,63.8,Zone 5,37.2,Zone 4,59.8,Zone 5,45.1,Zone 5,63.4,Zone 5,60.4,Zone 5,65.9,Zone 5,63.8,Zone 5,67.8,Zone 5
Gujarat,Banaskantha,Ambaji Temple,31.2,2026-05-25,00:00:00,53.0,2026-05-24,00:00:00,2026-05-25 00:15:30,33.75,Zone 4,59.7,Zone 5,33.4,Zone 4,43.5,Zone 4,38.9,Zone 4,59.3,Zone 5,45.2,Zone 5,62.4,Zone 5,59.7,Zone 5,64.8,Zone 5
Gujarat,Banaskantha,Tharad Aws400,29.7,2026-05-25,00:00:00,58.0,2026-05-24,00:00:00,2026-05-25 00:15:30,31.950000000000045,Zone 4,58.7,Zone 5,31.6,Zone 4,41.9,Zone 4,37.2,Zone 4,57.3,Zone 5,42.5,Zone 4,61.8,Zone 5,58.7,Zone 5,64.2,Zone 5
Gujarat,Bharuch,Hansot Aws400,30.6,2026-05-24,23:45:00,85.0,2026-05-24,23:45:00,2026-05-25 00:15:30,43.85000000000002,Zone 5,67.5,Zone 5,42.6,Zone 5,64.4,Zone 5,61.1,Zone 5,67.1,Zone 5,64.9,Zone 5,69.1,Zone 5,67.5,Zone 5,70.6,Zone 5
Gujarat,Bhavnagar,Bhavnagar,32.6,2026-05-25,00:00:00,51.0,2026-05-24,00:00:00,2026-05-25 00:15:30,35.85000000000002,Zone 4,61.2,Zone 5,35.6,Zone 4,50.4,Zone 5,41.3,Zone 4,60.8,Zone 5,52.7,Zone 5,63.7,Zone 5,61.2,Zone 5,65.9,Zone 5
Gujarat,Bhavnagar,Talaja Aws400,32.2,2026-05-25,00:00:00,58.0,2026-05-24,00:00:00,2026-05-25 00:15:30,36.650000000000034,Zone 4,62.6,Zone 5,36.2,Zone 4,57.0,Zone 5,42.3,Zone 4,62.2,Zone 5,59.0,Zone 5,64.9,Zone 5,62.6,Zone 5,66.9,Zone 5
Gujarat,Dahod,Dahod Kvk,31.6,2026-05-25,00:00:00,51.0,2026-05-24,00:00:00,2026-05-25 00:15:30,34.05000000000001,Zone 4,59.8,Zone 5,33.9,Zone 4,44.0,Zone 4,39.4,Zone 4,59.4,Zone 5,45.8,Zone 5,62.5,Zone 5,59.8,Zone 5,64.8,Zone 5
Gujarat,Dang,Dang Kvk,30.3,2026-05-25,00:00:00,71.0,2026-05-24,00:00:00,2026-05-25 00:15:30,35.35000000000002,Zone 4,63.9,Zone 5,35.9,Zone 4,60.0,Zone 5,46.0,Zone 5,63.5,Zone 5,60.6,Zone 5,66.0,Zone 5,63.9,Zone 5,67.9,Zone 5
Gujarat,Gandhinagar,Gandhinagar,33.2,2026-05-24,23:45:00,34.0,2026-05-24,23:45:00,2026-05-25 00:15:30,33.650000000000034,Zone 4,48.5,Zone 5,33.3,Zone 4,42.0,Zone 4,38.0,Zone 4,47.0,Zone 5,42.4,Zone 4,59.6,Zone 5,48.5,Zone 5,62.3,Zone 5
Gujarat,Gir Somnath,Veraval   Aws400,,,,22.0,2026-05-24,00:00:00,2026-05-25 00:15:30,,,,,,,,,,,,,,,,,,,,
Gujarat,Kachchh,Bachau Amfu,28.3,2026-05-25,00:00:00,78.0,2026-05-24,00:00:00,2026-05-25 00:15:30,32.150000000000034,Zone 4,62.5,Zone 5,32.6,Zone 4,56.5,Zone 5,39.4,Zone 4,62.1,Zone 5,58.6,Zone 5,64.8,Zone 5,62.5,Zone 5,66.8,Zone 5
Gujarat,Kachchh,Bhuj,,,,78.0,2026-05-24,23:45:00,2026-05-25 00:15:30,,,,,,,,,,,,,,,,,,,,
Gujarat,Kachchh,Kandla,28.9,2026-05-25,00:00:00,82.0,2026-05-24,00:00:00,2026-05-25 00:15:30,34.25,Zone 4,64.3,Zone 5,34.5,Zone 4,60.4,Zone 5,48.2,Zone 5,63.9,Zone 5,61.0,Zone 5,66.3,Zone 5,64.3,Zone 5,68.2,Zone 5
Gujarat,Kachchh,Mundra,29.0,2026-05-25,00:00:00,76.0,2026-05-24,00:00:00,2026-05-25 00:15:30,33.35000000000002,Zone 4,62.8,Zone 5,33.4,Zone 4,57.9,Zone 5,40.2,Zone 4,62.4,Zone 5,59.3,Zone 5,65.1,Zone 5,62.8,Zone 5,67.1,Zone 5
Gujarat,Mahisagar,Lunavada,31.7,2026-05-25,00:00:00,61.0,2026-05-24,00:00:00,2026-05-25 00:15:30,36.25,Zone 4,62.7,Zone 5,35.8,Zone 4,57.5,Zone 5,42.1,Zone 4,62.3,Zone 5,59.1,Zone 5,65.0,Zone 5,62.7,Zone 5,67.0,Zone 5
Gujarat,Morbi,Halwad,29.6,2026-05-25,00:00:00,70.0,2026-05-24,00:00:00,2026-05-25 00:15:30,33.650000000000034,Zone 4,62.1,Zone 5,33.4,Zone 4,54.6,Zone 5,39.9,Zone 4,61.7,Zone 5,56.8,Zone 5,64.5,Zone 5,62.1,Zone 5,66.5,Zone 5
Gujarat,Patan,Patan,32.4,2026-05-25,00:00:00,56.0,2026-05-24,00:00:00,2026-05-25 00:15:30,36.55000000000001,Zone 4,62.7,Zone 5,36.8,Zone 4,57.6,Zone 5,42.9,Zone 4,62.3,Zone 5,59.2,Zone 5,65.0,Zone 5,62.7,Zone 5,67.0,Zone 5
Gujarat,Porbandar,Porbandar,29.7,2026-05-25,00:00:00,89.0,2026-05-24,00:00:00,2026-05-25 00:15:30,39.85000000000002,Zone 5,66.8,Zone 5,37.8,Zone 4,63.5,Zone 5,60.0,Zone 5,66.4,Zone 5,64.0,Zone 5,68.5,Zone 5,66.8,Zone 5,70.0,Zone 5
Gujarat,Sabarkantha,Bayad,32.0,2026-05-25,00:00:00,65.0,2026-05-24,00:00:00,2026-05-25 00:15:30,38.05000000000001,Zone 4,64.6,Zone 5,38.0,Zone 4,60.9,Zone 5,50.3,Zone 5,64.2,Zone 5,61.4,Zone 5,66.6,Zone 5,64.6,Zone 5,68.4,Zone 5
Gujarat,Sabarkantha,Himatnagar,,,,47.0,2026-05-24,00:00:00,2026-05-25 00:15:30,,,,,,,,,,,,,,,,,,,,
Gujarat,Surat,Surat Kvk,30.3,2026-05-25,00:00:00,,,,2026-05-25 00:15:30,,,,,,,,,,,,,,,,,,,,
Gujarat,Surendranagar,Surendranagar,30.1,2026-05-25,00:00:00,60.0,2026-05-24,00:00:00,2026-05-25 00:15:30,32.950000000000045,Zone 4,60.2,Zone 5,32.7,Zone 4,45.5,Zone 5,38.6,Zone 4,59.8,Zone 5,47.8,Zone 5,62.8,Zone 5,60.2,Zone 5,65.1,Zone 5
Gujarat,Vadodara,Vadodara Aws400,31.6,2026-05-25,00:00:00,62.0,2026-05-24,00:00:00,2026-05-25 00:15:30,36.25,Zone 4,63.0,Zone 5,36.1,Zone 4,58.7,Zone 5,42.4,Zone 4,62.6,Zone 5,59.5,Zone 5,65.2,Zone 5,63.0,Zone 5,67.2,Zone 5
Haryana,Faridabad,Bopani,34.8,2026-05-25,00:00:00,,,,2026-05-25 00:15:30,,,,,,,,,,,,,,,,,,,,
Haryana,Gurgaon,Gurgaon,33.5,2026-05-25,00:00:00,20.0,2026-05-24,00:00:00,2026-05-25 00:15:30,31.950000000000045,Zone 4,43.5,Zone 4,32.0,Zone 4,39.6,Zone 4,36.0,Zone 4,43.3,Zone 4,39.8,Zone 4,46.7,Zone 4,43.5,Zone 4,58.8,Zone 5
Haryana,Gurgaon,Gurgaon Kvk,36.7,2026-05-25,00:00:00,,,,2026-05-25 00:15:30,,,,,,,,,,,,,,,,,,,,
Haryana,Gurgaon,Northcap University,35.0,2026-05-25,00:00:00,19.0,2026-05-24,00:00:00,2026-05-25 00:15:30,33.450000000000045,Zone 4,44.9,Zone 4,33.4,Zone 4,41.0,Zone 4,37.4,Zone 4,44.6,Zone 4,41.2,Zone 4,50.2,Zone 5,44.9,Zone 4,59.8,Zone 5
Haryana,Jhajjar,Jhajjar,35.8,2026-05-25,00:00:00,15.0,2026-05-24,00:00:00,2026-05-25 00:15:30,33.650000000000034,Zone 4,44.8,Zone 4,33.8,Zone 4,41.1,Zone 4,37.7,Zone 4,44.6,Zone 4,41.3,Zone 4,48.0,Zone 4,44.8,Zone 4,59.3,Zone 5
Haryana,Jind,Pandu Pindara,31.0,2026-05-25,00:00:00,,,,2026-05-25 00:15:30,,,,,,,,,,,,,,,,,,,,
Haryana,Karnal,Indri Rest House,27.8,2026-05-25,00:00:00,,,,2026-05-25 00:15:30,,,,,,,,,,,,,,,,,,,,
Haryana,Karnal,Karnal,28.0,2026-05-25,00:00:00,33.0,2026-05-24,00:00:00,2026-05-25 00:15:30,27.350000000000023,Zone 4,39.7,Zone 4,27.4,Zone 4,35.7,Zone 4,31.8,Zone 4,39.5,Zone 4,35.9,Zone 4,43.2,Zone 4,39.7,Zone 4,53.7,Zone 5
Haryana,Karnal,Uchani,30.8,2026-05-25,00:00:00,40.0,2026-05-24,00:00:00,2026-05-25 00:15:30,31.25,Zone 4,46.2,Zone 5,31.5,Zone 4,40.5,Zone 4,36.3,Zone 4,44.8,Zone 5,40.8,Zone 4,59.1,Zone 5,46.2,Zone 5,61.9,Zone 5
Haryana,Mahendragarh,Mahendragarh Aws,36.3,2026-05-25,00:00:00,15.0,2026-05-24,00:00:00,2026-05-25 00:15:30,34.150000000000034,Zone 4,45.4,Zone 4,34.3,Zone 4,41.6,Zone 4,38.2,Zone 4,45.2,Zone 4,41.9,Zone 4,49.6,Zone 5,45.4,Zone 4,59.7,Zone 5
Haryana,Mewat,Mandkola,34.9,2026-05-25,00:00:00,18.0,2026-05-24,00:00:00,2026-05-25 00:15:30,33.150000000000034,Zone 4,44.6,Zone 4,33.3,Zone 4,40.8,Zone 4,37.2,Zone 4,44.4,Zone 4,41.0,Zone 4,48.8,Zone 5,44.6,Zone 4,59.5,Zone 5
Haryana,Mewat,Nuh,37.4,2026-05-25,00:00:00,,,,2026-05-25 00:15:30,,,,,,,,,,,,,,,,,,,,
Haryana,Palwal,Palwal Water Service Division,31.8,2026-05-25,00:00:00,,,,2026-05-25 00:15:30,,,,,,,,,,,,,,,,,,,,
Haryana,Rewari,Bawal,35.1,2026-05-25,00:00:00,17.0,2026-05-24,00:00:00,2026-05-25 00:15:30,33.25,Zone 4,44.3,Zone 4,33.1,Zone 4,40.6,Zone 4,37.1,Zone 4,44.1,Zone 4,40.8,Zone 4,47.5,Zone 4,44.3,Zone 4,59.2,Zone 5
Haryana,Rohtak,Canal Rest House,36.6,2026-05-25,00:00:00,15.0,2026-05-24,00:00:00,2026-05-25 00:15:30,34.450000000000045,Zone 4,45.4,Zone 4,34.3,Zone 4,41.6,Zone 4,38.2,Zone 4,45.2,Zone 4,41.9,Zone 4,49.6,Zone 5,45.4,Zone 4,59.7,Zone 5
Haryana,Rohtak,Rohtak,34.4,2026-05-25,00:00:00,24.0,2026-05-24,00:00:00,2026-05-25 00:15:30,33.55000000000001,Zone 4,45.7,Zone 4,33.6,Zone 4,41.6,Zone 4,37.9,Zone 4,45.4,Zone 4,41.9,Zone 4,55.2,Zone 5,45.7,Zone 4,60.9,Zone 5
Haryana,Sirsa,Canal Colony Village Ottu,27.4,2026-05-25,00:00:00,,,,2026-05-25 00:15:30,,,,,,,,,,,,,,,,,,,,
Haryana,Sirsa,Sirsa,30.4,2026-05-25,00:00:00,26.0,2026-05-24,00:00:00,2026-05-25 00:15:30,29.350000000000023,Zone 4,41.4,Zone 4,29.5,Zone 4,37.4,Zone 4,33.7,Zone 4,41.2,Zone 4,37.6,Zone 4,44.8,Zone 4,41.4,Zone 4,55.8,Zone 5
Haryana,Sonipat,Canal Resthouse Saragthal,28.0,2026-05-25,00:00:00,51.0,2026-05-24,00:00:00,2026-05-25 00:15:30,28.650000000000034,Zone 4,43.0,Zone 5,28.7,Zone 4,38.1,Zone 4,33.7,Zone 4,42.6,Zone 4,38.5,Zone 4,56.7,Zone 5,43.0,Zone 5,61.3,Zone 5
Haryana,Sonipat,Jagdishpur,32.7,2026-05-25,00:00:00,,,,2026-05-25 00:15:30,,,,,,,,,,,,,,,,,,,,
Haryana,Yamunanagar,Hathinkundberaj,27.7,2026-05-25,00:00:00,44.0,2026-05-24,00:00:00,2026-05-25 00:15:30,27.75,Zone 4,40.9,Zone 4,27.5,Zone 4,36.4,Zone 4,32.3,Zone 4,40.6,Zone 4,36.7,Zone 4,48.2,Zone 5,40.9,Zone 4,59.4,Zone 5
Himachal Pradesh,Bilaspur,Bilaspur Kvk,19.8,2026-05-25,00:00:00,74.0,2026-05-24,00:00:00,2026-05-25 00:15:30,20.05000000000001,Zone 3,34.4,Zone 4,20.3,Zone 3,29.8,Zone 4,25.3,Zone 4,34.2,Zone 4,30.0,Zone 4,38.4,Zone 4,34.4,Zone 4,49.8,Zone 5
Himachal Pradesh,Hamirpur,Hamirpur Neri,27.7,2026-05-25,00:00:00,31.0,2026-05-24,00:00:00,2026-05-25 00:15:30,26.950000000000045,Zone 4,38.9,Zone 4,26.7,Zone 4,34.9,Zone 4,31.1,Zone 4,38.7,Zone 4,35.1,Zone 4,42.3,Zone 4,38.9,Zone 4,50.3,Zone 5
Himachal Pradesh,Kullu,Seobagh Amfu,,,,62.0,2026-05-24,23:30:00,2026-05-25 00:15:30,,,,,,,,,,,,,,,,,,,,
Himachal Pradesh,Lahaul And Spiti,Tabo,11.1,2026-05-25,00:00:00,35.0,2026-05-24,00:00:00,2026-05-25 00:15:30,8.950000000000045,Zone 2,24.9,Zone 3,8.8,Zone 2,22.1,Zone 3,16.8,Zone 3,25.0,Zone 3,21.9,Zone 3,28.1,Zone 4,24.9,Zone 3,31.3,Zone 4
Himachal Pradesh,Mandi,Sundernagar Kvk,21.0,2026-05-25,00:00:00,62.0,2026-05-24,00:00:00,2026-05-25 00:15:30,20.850000000000023,Zone 3,34.7,Zone 4,20.9,Zone 3,30.3,Zone 4,26.0,Zone 4,34.5,Zone 4,30.5,Zone 4,38.5,Zone 4,34.7,Zone 4,47.3,Zone 5
Jammu And Kashmir,Anantnag,Anantnag,15.5,2026-05-25,00:00:00,84.0,2026-05-24,00:00:00,2026-05-25 00:15:30,15.150000000000034,Zone 3,29.7,Zone 4,15.2,Zone 3,25.4,Zone 4,22.0,Zone 3,29.6,Zone 4,25.5,Zone 4,33.6,Zone 4,29.7,Zone 4,37.4,Zone 4
Jammu And Kashmir,Anantnag,Khudwani,17.1,2026-05-25,00:00:00,94.0,2026-05-24,00:00:00,2026-05-25 00:15:30,17.650000000000034,Zone 3,31.9,Zone 4,17.5,Zone 3,27.2,Zone 4,23.4,Zone 3,31.7,Zone 4,27.4,Zone 4,36.0,Zone 4,31.9,Zone 4,46.2,Zone 5
Jammu And Kashmir,Anantnag,Larnoo,9.7,2026-05-25,00:00:00,99.0,2026-05-24,00:00:00,2026-05-25 00:15:30,9.650000000000034,Zone 2,24.8,Zone 3,9.5,Zone 2,22.0,Zone 3,17.1,Zone 3,24.8,Zone 3,22.0,Zone 3,28.2,Zone 4,24.8,Zone 3,31.8,Zone 4
Jammu And Kashmir,Anantnag,Pahalgam,10.4,2026-05-25,00:00:00,98.0,2026-05-24,00:00:00,2026-05-25 00:15:30,10.350000000000023,Zone 2,25.2,Zone 3,10.4,Zone 2,22.6,Zone 3,18.0,Zone 3,25.3,Zone 3,22.6,Zone 3,29.0,Zone 4,25.2,Zone 3,32.7,Zone 4
Jammu And Kashmir,Badgam,Harran,15.9,2026-05-25,00:00:00,82.0,2026-05-24,00:00:00,2026-05-25 00:15:30,15.550000000000011,Zone 3,30.1,Zone 4,15.7,Zone 3,25.9,Zone 4,22.3,Zone 3,30.1,Zone 4,26.0,Zone 4,34.1,Zone 4,30.1,Zone 4,37.9,Zone 4
Jammu And Kashmir,Bandipora,Bandipora,18.7,2026-05-25,00:00:00,,,,2026-05-25 00:15:30,,,,,,,,,,,,,,,,,,,,
Jammu And Kashmir,Baramulla,Baramulla Amfu,,,,72.0,2026-05-24,00:00:00,2026-05-25 00:15:30,,,,,,,,,,,,,,,,,,,,
Jammu And Kashmir,Baramulla,Baramulla Kvk,17.2,2026-05-25,00:00:00,67.0,2026-05-24,00:00:00,2026-05-25 00:15:30,16.450000000000045,Zone 3,30.5,Zone 4,16.2,Zone 3,26.4,Zone 4,22.8,Zone 3,30.5,Zone 4,26.5,Zone 4,34.3,Zone 4,30.5,Zone 4,38.0,Zone 4
Jammu And Kashmir,Baramulla,Gulmarg,8.6,2026-05-25,00:00:00,72.0,2026-05-24,00:00:00,2026-05-25 00:15:30,7.75,Zone 2,24.0,Zone 3,7.7,Zone 2,21.1,Zone 3,15.6,Zone 3,24.1,Zone 3,20.9,Zone 3,26.9,Zone 4,24.0,Zone 3,30.2,Zone 4
Jammu And Kashmir,Ganderbal,Sonemarg,9.4,2026-05-25,00:00:00,97.0,2026-05-24,00:00:00,2026-05-25 00:15:30,9.350000000000023,Zone 2,24.8,Zone 3,9.4,Zone 2,22.0,Zone 3,17.1,Zone 3,24.8,Zone 3,21.9,Zone 3,28.1,Zone 4,24.8,Zone 3,31.7,Zone 4
Jammu And Kashmir,Jammu,Chatha Amfu,26.7,2026-05-25,00:00:00,71.0,2026-05-24,00:00:00,2026-05-25 00:15:30,28.450000000000045,Zone 4,54.2,Zone 5,28.2,Zone 4,38.9,Zone 4,34.0,Zone 4,52.6,Zone 5,39.4,Zone 4,60.7,Zone 5,54.2,Zone 5,63.3,Zone 5
Jammu And Kashmir,Jammu,Jammu,29.9,2026-05-25,00:00:00,36.0,2026-05-24,00:00:00,2026-05-25 00:15:30,29.75,Zone 4,42.7,Zone 4,29.8,Zone 4,38.4,Zone 4,34.4,Zone 4,42.5,Zone 4,38.7,Zone 4,51.2,Zone 5,42.7,Zone 4,60.0,Zone 5
Jammu And Kashmir,Kathua,Kathua Kvk,25.9,2026-05-25,00:00:00,28.0,2026-05-24,00:00:00,2026-05-25 00:15:30,24.950000000000045,Zone 3,36.9,Zone 4,25.1,Zone 3,33.2,Zone 4,29.4,Zone 4,36.8,Zone 4,33.3,Zone 4,40.3,Zone 4,36.9,Zone 4,43.7,Zone 4
Jammu And Kashmir,Kishtwar,Gulabgarh,9.4,2026-05-25,00:00:00,69.0,2026-05-24,00:00:00,2026-05-25 00:15:30,8.450000000000045,Zone 2,24.5,Zone 3,8.6,Zone 2,21.6,Zone 3,16.4,Zone 3,24.6,Zone 3,21.5,Zone 3,27.6,Zone 4,24.5,Zone 3,31.0,Zone 4
Jammu And Kashmir,Kishtwar,Kishtwar,18.0,2026-05-25,00:00:00,65.0,2026-05-24,00:00:00,2026-05-25 00:15:30,17.350000000000023,Zone 3,31.5,Zone 4,17.4,Zone 3,27.3,Zone 4,23.5,Zone 3,31.4,Zone 4,27.4,Zone 4,35.3,Zone 4,31.5,Zone 4,39.0,Zone 4
Jammu And Kashmir,Kulgam,Kulgam Amfu,16.6,2026-05-25,00:00:00,82.0,2026-05-24,00:00:00,2026-05-25 00:15:30,16.450000000000045,Zone 3,30.7,Zone 4,16.3,Zone 3,26.4,Zone 4,22.8,Zone 3,30.6,Zone 4,26.5,Zone 4,34.6,Zone 4,30.7,Zone 4,39.1,Zone 5
Jammu And Kashmir,Kupwara,Kupw Kvk,15.1,2026-05-25,00:00:00,77.0,2026-05-24,00:00:00,2026-05-25 00:15:30,14.350000000000023,Zone 3,28.9,Zone 4,14.2,Zone 3,25.0,Zone 3,21.4,Zone 3,28.9,Zone 4,25.0,Zone 3,32.7,Zone 4,28.9,Zone 4,36.5,Zone 4
Jammu And Kashmir,Poonch,Poonch,22.7,2026-05-25,00:00:00,48.0,2026-05-24,00:00:00,2026-05-25 00:15:30,22.150000000000034,Zone 3,35.2,Zone 4,21.9,Zone 3,31.1,Zone 4,27.0,Zone 4,35.1,Zone 4,31.2,Zone 4,38.9,Zone 4,35.2,Zone 4,44.7,Zone 5
Jammu And Kashmir,Poonch,Rajpura Mandi,16.9,2026-05-24,23:45:00,70.0,2026-05-24,23:45:00,2026-05-25 00:15:30,16.25,Zone 3,30.7,Zone 4,16.4,Zone 3,26.5,Zone 4,22.9,Zone 3,30.6,Zone 4,26.6,Zone 4,34.5,Zone 4,30.7,Zone 4,38.2,Zone 4
Jammu And Kashmir,Pulwama,Malangpura,13.4,2026-05-25,00:00:00,96.0,2026-05-24,00:00:00,2026-05-25 00:15:30,13.25,Zone 2,28.0,Zone 4,13.4,Zone 2,24.4,Zone 3,20.6,Zone 3,28.0,Zone 4,24.4,Zone 3,32.0,Zone 4,28.0,Zone 4,35.8,Zone 4
Jammu And Kashmir,Pulwama,Tral,16.0,2026-05-25,00:00:00,89.0,2026-05-24,00:00:00,2026-05-25 00:15:30,16.05000000000001,Zone 3,30.4,Zone 4,16.1,Zone 3,26.0,Zone 4,22.5,Zone 3,30.3,Zone 4,26.2,Zone 4,34.4,Zone 4,30.4,Zone 4,39.9,Zone 5
Jammu And Kashmir,Rajouri,Rajouri,19.2,2026-05-25,00:00:00,73.0,2026-05-24,00:00:00,2026-05-25 00:15:30,19.25,Zone 3,33.1,Zone 4,19.0,Zone 3,28.6,Zone 4,24.5,Zone 3,32.9,Zone 4,28.8,Zone 4,37.0,Zone 4,33.1,Zone 4,44.9,Zone 5
Jammu And Kashmir,Rajouri,Rajouri Arg,22.9,2026-05-25,00:00:00,62.0,2026-05-24,00:00:00,2026-05-25 00:15:30,23.150000000000034,Zone 3,37.2,Zone 4,23.2,Zone 3,32.6,Zone 4,28.2,Zone 4,37.0,Zone 4,32.9,Zone 4,42.1,Zone 5,37.2,Zone 4,55.5,Zone 5
Jammu And Kashmir,Ramban,Govindpura,22.8,2026-05-25,00:00:00,54.0,2026-05-24,00:00:00,2026-05-25 00:15:30,22.650000000000034,Zone 3,36.4,Zone 4,22.9,Zone 3,32.0,Zone 4,27.8,Zone 4,36.2,Zone 4,32.2,Zone 4,40.2,Zone 4,36.4,Zone 4,50.5,Zone 5
Jammu And Kashmir,Reasi,Reasi Kvk,22.3,2026-05-25,00:00:00,68.0,2026-05-24,00:00:00,2026-05-25 00:15:30,22.75,Zone 3,37.2,Zone 4,23.0,Zone 3,32.4,Zone 4,28.0,Zone 4,36.9,Zone 4,32.7,Zone 4,43.8,Zone 5,37.2,Zone 4,57.0,Zone 5
Jammu And Kashmir,Samba,Samba,22.6,2026-05-25,00:00:00,56.0,2026-05-24,00:00:00,2026-05-25 00:15:30,22.450000000000045,Zone 3,36.0,Zone 4,22.4,Zone 3,31.6,Zone 4,27.4,Zone 4,35.8,Zone 4,31.8,Zone 4,39.8,Zone 4,36.0,Zone 4,49.8,Zone 5
Jammu And Kashmir,Shopian,Shopian,12.8,2026-05-25,00:00:00,88.0,2026-05-24,00:00:00,2026-05-25 00:15:30,12.350000000000023,Zone 2,27.3,Zone 4,12.6,Zone 2,24.0,Zone 3,20.0,Zone 3,27.3,Zone 4,24.0,Zone 3,31.1,Zone 4,27.3,Zone 4,34.9,Zone 4
Jammu And Kashmir,Srinagar,Rambagh,18.1,2026-05-25,00:00:00,72.0,2026-05-24,00:00:00,2026-05-25 00:15:30,17.850000000000023,Zone 3,31.9,Zone 4,17.7,Zone 3,27.6,Zone 4,23.7,Zone 3,31.7,Zone 4,27.7,Zone 4,35.7,Zone 4,31.9,Zone 4,40.5,Zone 5
Jammu And Kashmir,Srinagar,Srinagar Amfu,15.1,2026-05-25,00:00:00,100.0,2026-05-24,00:00:00,2026-05-25 00:15:30,15.450000000000045,Zone 3,29.8,Zone 4,15.3,Zone 3,25.3,Zone 3,22.0,Zone 3,29.6,Zone 4,25.4,Zone 4,33.8,Zone 4,29.8,Zone 4,40.0,Zone 5
Jharkhand,Bokaro,Kv Bokaro,30.9,2026-05-25,00:00:00,89.0,2026-05-24,00:00:00,2026-05-25 00:15:30,55.75,Zone 5,69.4,Zone 5,57.0,Zone 5,66.7,Zone 5,63.8,Zone 5,69.0,Zone 5,67.1,Zone 5,70.7,Zone 5,69.4,Zone 5,72.6,Zone 6
Jharkhand,Deoghar,Deoghar Aws400,29.7,2026-05-25,00:00:00,78.0,2026-05-24,00:00:00,2026-05-25 00:15:30,35.450000000000045,Zone 4,64.1,Zone 5,34.9,Zone 4,60.3,Zone 5,47.2,Zone 5,63.7,Zone 5,60.8,Zone 5,66.2,Zone 5,64.1,Zone 5,68.0,Zone 5
Jharkhand,East Singhbhum,Bahragora,29.6,2026-05-25,00:00:00,86.0,2026-05-24,00:00:00,2026-05-25 00:15:30,37.25,Zone 4,66.1,Zone 5,36.9,Zone 4,62.6,Zone 5,58.6,Zone 5,65.7,Zone 5,63.2,Zone 5,67.9,Zone 5,66.1,Zone 5,69.5,Zone 5
Jharkhand,Gumla,Gumla-Bishnupur Kvk,24.5,2026-05-25,00:00:00,55.0,2026-05-24,00:00:00,2026-05-25 00:15:30,24.650000000000034,Zone 3,38.4,Zone 4,24.6,Zone 3,33.9,Zone 4,29.6,Zone 4,38.2,Zone 4,34.1,Zone 4,43.9,Zone 5,38.4,Zone 4,57.0,Zone 5
Jharkhand,Hazaribagh,Barhi,28.9,2026-05-25,00:00:00,49.0,2026-05-24,00:00:00,2026-05-25 00:15:30,29.650000000000034,Zone 4,46.2,Zone 5,29.8,Zone 4,39.2,Zone 4,34.9,Zone 4,44.8,Zone 5,39.6,Zone 4,59.1,Zone 5,46.2,Zone 5,61.9,Zone 5
Jharkhand,Khunti,Diyakel-Khunti Kvk,27.0,2026-05-25,00:00:00,,,,2026-05-25 00:15:30,,,,,,,,,,,,,,,,,,,,
Jharkhand,Kodarma,Kodarma,29.5,2026-05-25,00:00:00,62.0,2026-05-24,00:00:00,2026-05-25 00:15:30,32.150000000000034,Zone 4,60.0,Zone 5,32.1,Zone 4,44.5,Zone 5,38.0,Zone 4,59.6,Zone 5,46.8,Zone 5,62.7,Zone 5,60.0,Zone 5,65.0,Zone 5
Jharkhand,Latehar,Netarhat,28.7,2026-05-25,00:00:00,23.0,2026-05-24,00:00:00,2026-05-25 00:15:30,27.450000000000045,Zone 4,38.8,Zone 4,27.3,Zone 4,35.1,Zone 4,31.4,Zone 4,38.7,Zone 4,35.2,Zone 4,42.1,Zone 4,38.8,Zone 4,46.5,Zone 5
Jharkhand,Lohardaga,Lohardaga Kvk,28.9,2026-05-25,00:00:00,,,,2026-05-25 00:15:30,,,,,,,,,,,,,,,,,,,,
Jharkhand,Pakur,Pakur Kvk,27.3,2026-05-25,00:00:00,,,,2026-05-25 00:15:30,,,,,,,,,,,,,,,,,,,,
Jharkhand,Ramgarh,Ramgarh Kvk,,,,100.0,2026-05-24,00:00:00,2026-05-25 00:15:30,,,,,,,,,,,,,,,,,,,,
Jharkhand,Ranchi,Mc Ranchi,28.6,2026-05-25,00:00:00,57.0,2026-05-24,00:00:00,2026-05-25 00:15:30,30.05000000000001,Zone 4,52.2,Zone 5,29.9,Zone 4,39.9,Zone 4,35.3,Zone 4,50.6,Zone 5,40.4,Zone 4,60.3,Zone 5,52.2,Zone 5,62.9,Zone 5
Jharkhand,Ranchi,Ranchi Amfu,27.2,2026-05-25,00:00:00,74.0,2026-05-24,00:00:00,2026-05-25 00:15:30,29.55000000000001,Zone 4,59.2,Zone 5,29.2,Zone 4,40.8,Zone 5,35.3,Zone 4,58.2,Zone 5,42.9,Zone 5,62.0,Zone 5,59.2,Zone 5,64.4,Zone 5
Jharkhand,Saraikela,Saraikela,28.1,2026-05-25,00:00:00,60.0,2026-05-24,00:00:00,2026-05-25 00:15:30,29.650000000000034,Zone 4,52.4,Zone 5,29.5,Zone 4,39.6,Zone 4,35.0,Zone 4,50.9,Zone 5,40.1,Zone 4,60.4,Zone 5,52.4,Zone 5,63.0,Zone 5
Jharkhand,Simdega,Bano-Simdega Kvk,27.4,2026-05-25,00:00:00,73.0,2026-05-24,00:00:00,2026-05-25 00:15:30,29.850000000000023,Zone 4,59.7,Zone 5,30.0,Zone 4,43.2,Zone 5,36.1,Zone 4,59.3,Zone 5,45.4,Zone 5,62.4,Zone 5,59.7,Zone 5,64.8,Zone 5
Jharkhand,Simdega,Simdega,27.4,2026-05-25,00:00:00,100.0,2026-05-24,00:00:00,2026-05-25 00:15:30,33.85000000000002,Zone 4,65.8,Zone 5,34.1,Zone 4,62.3,Zone 5,57.3,Zone 5,65.4,Zone 5,62.9,Zone 5,67.7,Zone 5,65.8,Zone 5,69.3,Zone 5
Jharkhand,West Singhbhum,Jagannathpur-Bau Kvk,27.4,2026-05-25,00:00:00,,,,2026-05-25 00:15:30,,,,,,,,,,,,,,,,,,,,
Karnataka,Bagalkot,Bagalkot Kvk,26.6,2026-05-25,00:00:00,75.0,2026-05-24,00:00:00,2026-05-25 00:15:30,28.650000000000034,Zone 4,57.7,Zone 5,28.5,Zone 4,39.6,Zone 4,34.5,Zone 4,56.2,Zone 5,40.5,Zone 5,61.5,Zone 5,57.7,Zone 5,64.0,Zone 5
Karnataka,Bangalore Rural,Doddaballapura,25.6,2026-05-25,00:00:00,74.0,2026-05-24,00:00:00,2026-05-25 00:15:30,27.05000000000001,Zone 4,50.7,Zone 5,26.9,Zone 4,37.5,Zone 4,32.7,Zone 4,49.2,Zone 5,38.0,Zone 4,60.0,Zone 5,50.7,Zone 5,62.7,Zone 5
Karnataka,Bangalore Urban,Bangalore,23.6,2026-05-24,23:45:00,85.0,2026-05-24,23:45:00,2026-05-25 00:15:30,24.850000000000023,Zone 3,47.4,Zone 5,24.8,Zone 3,35.5,Zone 4,30.5,Zone 4,45.9,Zone 5,36.0,Zone 4,59.3,Zone 5,47.4,Zone 5,62.1,Zone 5
Karnataka,Bangalore Urban,Electronic City(Nice),22.6,2026-05-25,00:00:00,86.0,2026-05-24,00:00:00,2026-05-25 00:15:30,23.850000000000023,Zone 3,42.0,Zone 5,23.7,Zone 3,34.0,Zone 4,29.1,Zone 4,40.7,Zone 5,34.4,Zone 4,55.9,Zone 5,42.0,Zone 5,61.1,Zone 5
Karnataka,Bangalore Urban,Gopal Nagar,23.5,2026-05-25,00:00:00,92.0,2026-05-24,00:00:00,2026-05-25 00:15:30,25.05000000000001,Zone 3,53.1,Zone 5,25.0,Zone 3,36.4,Zone 4,31.1,Zone 4,51.5,Zone 5,36.9,Zone 4,60.5,Zone 5,53.1,Zone 5,63.1,Zone 5
Karnataka,Bangalore Urban,Madhavara(Nice),24.2,2026-05-25,00:00:00,82.0,2026-05-24,00:00:00,2026-05-25 00:15:30,25.450000000000045,Zone 4,48.2,Zone 5,25.2,Zone 3,36.0,Zone 4,31.0,Zone 4,46.6,Zone 5,36.5,Zone 4,59.5,Zone 5,48.2,Zone 5,62.2,Zone 5
Karnataka,Bellary,Hagari Kvk,26.7,2026-05-25,00:00:00,75.0,2026-05-24,00:00:00,2026-05-25 00:15:30,28.850000000000023,Zone 4,57.7,Zone 5,28.5,Zone 4,39.6,Zone 4,34.5,Zone 4,56.2,Zone 5,40.5,Zone 5,61.5,Zone 5,57.7,Zone 5,64.0,Zone 5
Karnataka,Bijapur,Tidagundi Amfu,28.1,2026-05-25,00:00:00,77.0,2026-05-24,00:00:00,2026-05-25 00:15:30,31.650000000000034,Zone 4,61.5,Zone 5,31.4,Zone 4,51.6,Zone 5,38.0,Zone 4,61.0,Zone 5,53.9,Zone 5,63.9,Zone 5,61.5,Zone 5,66.1,Zone 5
Karnataka,Chikmagalur,Mudigere Kvk,19.9,2026-05-25,00:00:00,100.0,2026-05-24,00:00:00,2026-05-25 00:15:30,21.350000000000023,Zone 3,36.9,Zone 5,21.5,Zone 3,31.3,Zone 4,26.3,Zone 4,36.3,Zone 4,31.7,Zone 4,50.8,Zone 5,36.9,Zone 5,60.0,Zone 5
Karnataka,Chitradurga,Hiriyur,24.2,2026-05-25,00:00:00,78.0,2026-05-24,00:00:00,2026-05-25 00:15:30,25.25,Zone 3,44.9,Zone 5,25.0,Zone 3,35.5,Zone 4,30.7,Zone 4,43.4,Zone 5,36.0,Zone 4,58.2,Zone 5,44.9,Zone 5,61.6,Zone 5
Karnataka,Dharwad,Mugad,22.7,2026-05-25,00:00:00,95.0,2026-05-24,00:00:00,2026-05-25 00:15:30,24.25,Zone 3,48.7,Zone 5,24.1,Zone 3,34.9,Zone 4,29.7,Zone 4,47.2,Zone 5,35.4,Zone 4,59.6,Zone 5,48.7,Zone 5,62.3,Zone 5
Karnataka,Hassan,Hassan,21.2,2026-05-25,00:00:00,100.0,2026-05-24,00:00:00,2026-05-25 00:15:30,22.850000000000023,Zone 3,42.5,Zone 5,22.6,Zone 3,32.8,Zone 4,27.7,Zone 4,41.2,Zone 5,33.3,Zone 4,56.3,Zone 5,42.5,Zone 5,61.2,Zone 5
Karnataka,Koppal,Koppal,29.7,2026-05-25,00:00:00,68.0,2026-05-24,00:00:00,2026-05-25 00:15:30,33.450000000000045,Zone 4,61.6,Zone 5,33.1,Zone 4,52.2,Zone 5,39.4,Zone 4,61.2,Zone 5,54.4,Zone 5,64.0,Zone 5,61.6,Zone 5,66.2,Zone 5
Karnataka,Mandya,Mandya Kvk,23.3,2026-05-25,00:00:00,81.0,2026-05-24,00:00:00,2026-05-25 00:15:30,24.350000000000023,Zone 3,44.2,Zone 5,24.6,Zone 3,35.1,Zone 4,30.2,Zone 4,42.8,Zone 5,35.5,Zone 4,57.7,Zone 5,44.2,Zone 5,61.5,Zone 5
Karnataka,Ramanagara,Chandurayanghalli Kvk,,,,79.0,2026-05-24,00:00:00,2026-05-25 00:15:30,,,,,,,,,,,,,,,,,,,,
Karnataka,Shivamogga,Agumbe,20.3,2026-05-25,00:00:00,100.0,2026-05-24,00:00:00,2026-05-25 00:15:30,21.850000000000023,Zone 3,39.6,Zone 5,22.0,Zone 3,32.0,Zone 4,27.0,Zone 4,38.4,Zone 5,32.4,Zone 4,53.6,Zone 5,39.6,Zone 5,60.6,Zone 5
Karnataka,Tumkur,Chikkanakalli,23.9,2026-05-25,00:00:00,98.0,2026-05-24,00:00:00,2026-05-25 00:15:30,25.850000000000023,Zone 4,59.4,Zone 5,26.0,Zone 4,41.9,Zone 5,32.7,Zone 4,59.0,Zone 5,44.1,Zone 5,62.2,Zone 5,59.4,Zone 5,64.6,Zone 5
Kerala,Alappuzha,Kayamkulam,25.1,2026-05-25,00:00:00,100.0,2026-05-24,00:00:00,2026-05-25 00:15:30,28.150000000000034,Zone 4,61.5,Zone 5,28.0,Zone 4,51.8,Zone 5,35.2,Zone 4,61.1,Zone 5,54.1,Zone 5,64.0,Zone 5,61.5,Zone 5,66.1,Zone 5
Kerala,Alappuzha,Nooranad,25.0,2026-05-25,00:00:00,92.0,2026-05-24,00:00:00,2026-05-25 00:15:30,27.350000000000023,Zone 4,59.9,Zone 5,27.3,Zone 4,44.0,Zone 5,34.0,Zone 4,59.5,Zone 5,46.3,Zone 5,62.6,Zone 5,59.9,Zone 5,64.9,Zone 5
Kerala,Alappuzha,Thycattussery,25.0,2026-05-25,00:00:00,100.0,2026-05-24,00:00:00,2026-05-25 00:15:30,27.950000000000045,Zone 4,61.5,Zone 5,28.0,Zone 4,51.8,Zone 5,35.2,Zone 4,61.1,Zone 5,54.1,Zone 5,64.0,Zone 5,61.5,Zone 5,66.1,Zone 5
Kerala,Ernakulam,Aluva,25.3,2026-05-25,00:00:00,100.0,2026-05-24,00:00:00,2026-05-25 00:15:30,28.55000000000001,Zone 4,62.4,Zone 5,29.0,Zone 4,55.9,Zone 5,37.6,Zone 5,62.0,Zone 5,58.0,Zone 5,64.7,Zone 5,62.4,Zone 5,66.7,Zone 5
Kerala,Ernakulam,Boat Jetty Kgov,25.0,2026-05-25,00:00:00,100.0,2026-05-24,00:00:00,2026-05-25 00:15:30,27.950000000000045,Zone 4,61.5,Zone 5,28.0,Zone 4,51.8,Zone 5,35.2,Zone 4,61.1,Zone 5,54.1,Zone 5,64.0,Zone 5,61.5,Zone 5,66.1,Zone 5
Kerala,Ernakulam,Choondi,24.6,2026-05-25,00:00:00,,,,2026-05-25 00:15:30,,,,,,,,,,,,,,,,,,,,
Kerala,Ernakulam,Dhground Kgov,25.1,2026-05-25,00:00:00,100.0,2026-05-24,00:00:00,2026-05-25 00:15:30,28.150000000000034,Zone 4,61.5,Zone 5,28.0,Zone 4,51.8,Zone 5,35.2,Zone 4,61.1,Zone 5,54.1,Zone 5,64.0,Zone 5,61.5,Zone 5,66.1,Zone 5
Kerala,Ernakulam,Kadavanthra Kgov,24.9,2026-05-25,00:00:00,100.0,2026-05-24,00:00:00,2026-05-25 00:15:30,27.75,Zone 4,61.5,Zone 5,28.0,Zone 4,51.8,Zone 5,35.2,Zone 4,61.1,Zone 5,54.1,Zone 5,64.0,Zone 5,61.5,Zone 5,66.1,Zone 5
Kerala,Ernakulam,Kalamassery,24.4,2026-05-25,00:00:00,90.0,2026-05-24,00:00:00,2026-05-25 00:15:30,26.150000000000034,Zone 4,57.8,Zone 5,26.3,Zone 4,38.7,Zone 5,32.7,Zone 4,56.3,Zone 5,40.7,Zone 5,61.5,Zone 5,57.8,Zone 5,64.0,Zone 5
Kerala,Ernakulam,Koothattukulam,24.4,2026-05-25,00:00:00,100.0,2026-05-24,00:00:00,2026-05-25 00:15:30,26.850000000000023,Zone 4,60.7,Zone 5,27.0,Zone 4,47.6,Zone 5,34.0,Zone 4,60.2,Zone 5,50.0,Zone 5,63.2,Zone 5,60.7,Zone 5,65.5,Zone 5
Kerala,Ernakulam,Mattancherry,25.7,2026-05-25,00:00:00,87.0,2026-05-24,00:00:00,2026-05-25 00:15:30,28.150000000000034,Zone 4,59.7,Zone 5,27.8,Zone 4,43.0,Zone 5,34.3,Zone 4,59.3,Zone 5,45.2,Zone 5,62.4,Zone 5,59.7,Zone 5,64.8,Zone 5
Kerala,Idukki,Ayyappankovil,21.1,2026-05-24,23:30:00,100.0,2026-05-24,23:30:00,2026-05-25 00:15:30,22.75,Zone 3,42.5,Zone 5,22.6,Zone 3,32.8,Zone 4,27.7,Zone 4,41.2,Zone 5,33.3,Zone 4,56.3,Zone 5,42.5,Zone 5,61.2,Zone 5
Kerala,Idukki,Cheruthoni,21.9,2026-05-25,00:00:00,100.0,2026-05-24,00:00:00,2026-05-25 00:15:30,23.650000000000034,Zone 3,49.1,Zone 5,23.7,Zone 3,34.5,Zone 4,29.3,Zone 4,47.5,Zone 5,35.0,Zone 4,59.7,Zone 5,49.1,Zone 5,62.4,Zone 5
Kerala,Idukki,Kovilkadavu,23.4,2026-05-25,00:00:00,86.0,2026-05-24,00:00:00,2026-05-25 00:15:30,24.650000000000034,Zone 3,48.2,Zone 5,24.8,Zone 3,35.6,Zone 4,30.6,Zone 4,46.7,Zone 5,36.1,Zone 4,59.5,Zone 5,48.2,Zone 5,62.2,Zone 5
Kerala,Idukki,Kundala Dam,16.7,2026-05-24,23:45:00,100.0,2026-05-24,23:45:00,2026-05-25 00:15:30,17.450000000000045,Zone 3,31.6,Zone 4,17.2,Zone 3,26.9,Zone 4,23.2,Zone 3,31.4,Zone 4,27.0,Zone 4,35.7,Zone 4,31.6,Zone 4,46.6,Zone 5
Kerala,Idukki,Munnar,17.8,2026-05-25,00:00:00,100.0,2026-05-24,00:00:00,2026-05-25 00:15:30,18.850000000000023,Zone 3,33.6,Zone 4,19.1,Zone 3,28.6,Zone 4,24.4,Zone 3,33.3,Zone 4,28.9,Zone 4,40.2,Zone 5,33.6,Zone 4,53.7,Zone 5
Kerala,Idukki,Pampadumpara,19.8,2026-05-25,00:00:00,100.0,2026-05-24,00:00:00,2026-05-25 00:15:30,21.25,Zone 3,36.9,Zone 5,21.5,Zone 3,31.3,Zone 4,26.3,Zone 4,36.3,Zone 4,31.7,Zone 4,50.8,Zone 5,36.9,Zone 5,60.0,Zone 5
Kerala,Idukki,Sengulam Dam,21.2,2026-05-25,00:00:00,,,,2026-05-25 00:15:30,,,,,,,,,,,,,,,,,,,,
Kerala,Idukki,Udumbannoor,23.9,2026-05-24,23:30:00,100.0,2026-05-24,23:30:00,2026-05-25 00:15:30,25.950000000000045,Zone 4,59.8,Zone 5,26.1,Zone 4,43.6,Zone 5,32.9,Zone 4,59.4,Zone 5,45.9,Zone 5,62.5,Zone 5,59.8,Zone 5,64.8,Zone 5
Kerala,Idukki,Vattavada,17.0,2026-05-24,23:45:00,100.0,2026-05-24,23:45:00,2026-05-25 00:15:30,17.850000000000023,Zone 3,32.2,Zone 4,17.8,Zone 3,27.4,Zone 4,23.6,Zone 3,32.0,Zone 4,27.6,Zone 4,36.4,Zone 4,32.2,Zone 4,48.9,Zone 5
Kerala,Idukki,Vellathooval,22.6,2026-05-25,00:00:00,100.0,2026-05-24,00:00:00,2026-05-25 00:15:30,24.350000000000023,Zone 3,52.5,Zone 5,24.3,Zone 3,35.4,Zone 4,30.1,Zone 4,50.9,Zone 5,36.0,Zone 4,60.4,Zone 5,52.5,Zone 5,63.0,Zone 5
Kerala,Kannur,Aralam,26.1,2026-05-24,23:30:00,100.0,2026-05-24,23:30:00,2026-05-25 00:15:30,30.350000000000023,Zone 4,63.2,Zone 5,30.1,Zone 4,59.2,Zone 5,42.0,Zone 5,62.8,Zone 5,59.8,Zone 5,65.4,Zone 5,63.2,Zone 5,67.4,Zone 5
Kerala,Kannur,Cheruvanchery,25.6,2026-05-25,00:00:00,100.0,2026-05-24,00:00:00,2026-05-25 00:15:30,29.25,Zone 4,62.4,Zone 5,29.0,Zone 4,55.9,Zone 5,37.6,Zone 5,62.0,Zone 5,58.0,Zone 5,64.7,Zone 5,62.4,Zone 5,66.7,Zone 5
Kerala,Kannur,Peringome,25.6,2026-05-25,00:00:00,100.0,2026-05-24,00:00:00,2026-05-25 00:15:30,29.25,Zone 4,62.4,Zone 5,29.0,Zone 4,55.9,Zone 5,37.6,Zone 5,62.0,Zone 5,58.0,Zone 5,64.7,Zone 5,62.4,Zone 5,66.7,Zone 5
Kerala,Kasaragod,Kudlu Afmu,,,,100.0,2026-05-24,00:00:00,2026-05-25 00:15:30,,,,,,,,,,,,,,,,,,,,
Kerala,Kasaragod,Muliyar,25.8,2026-05-24,23:30:00,100.0,2026-05-24,23:30:00,2026-05-25 00:15:30,29.650000000000034,Zone 4,63.2,Zone 5,30.1,Zone 4,59.2,Zone 5,42.0,Zone 5,62.8,Zone 5,59.8,Zone 5,65.4,Zone 5,63.2,Zone 5,67.4,Zone 5
Kerala,Kasaragod,Padannakkad,26.2,2026-05-25,00:00:00,100.0,2026-05-24,00:00:00,2026-05-25 00:15:30,30.55000000000001,Zone 4,63.2,Zone 5,30.1,Zone 4,59.2,Zone 5,42.0,Zone 5,62.8,Zone 5,59.8,Zone 5,65.4,Zone 5,63.2,Zone 5,67.4,Zone 5
Kerala,Kasaragod,Panathur,24.7,2026-05-25,00:00:00,100.0,2026-05-24,00:00:00,2026-05-25 00:15:30,27.350000000000023,Zone 4,60.7,Zone 5,27.0,Zone 4,47.6,Zone 5,34.0,Zone 4,60.2,Zone 5,50.0,Zone 5,63.2,Zone 5,60.7,Zone 5,65.5,Zone 5
Kerala,Kollam,Chavara,25.1,2026-05-25,00:00:00,100.0,2026-05-24,00:00:00,2026-05-25 00:15:30,28.150000000000034,Zone 4,61.5,Zone 5,28.0,Zone 4,51.8,Zone 5,35.2,Zone 4,61.1,Zone 5,54.1,Zone 5,64.0,Zone 5,61.5,Zone 5,66.1,Zone 5
Kerala,Kollam,Karuvelil Tkmit,24.7,2026-05-25,00:00:00,88.0,2026-05-24,00:00:00,2026-05-25 00:15:30,26.55000000000001,Zone 4,56.3,Zone 5,26.2,Zone 4,37.8,Zone 4,32.5,Zone 4,54.8,Zone 5,39.0,Zone 5,61.2,Zone 5,56.3,Zone 5,63.7,Zone 5
Kerala,Kottayam,Kottayam,25.1,2026-05-24,23:30:00,100.0,2026-05-24,23:30:00,2026-05-25 00:15:30,28.150000000000034,Zone 4,61.5,Zone 5,28.0,Zone 4,51.8,Zone 5,35.2,Zone 4,61.1,Zone 5,54.1,Zone 5,64.0,Zone 5,61.5,Zone 5,66.1,Zone 5
Kerala,Kottayam,Vadavathoor,24.9,2026-05-24,23:45:00,100.0,2026-05-24,23:45:00,2026-05-25 00:15:30,27.75,Zone 4,61.5,Zone 5,28.0,Zone 4,51.8,Zone 5,35.2,Zone 4,61.1,Zone 5,54.1,Zone 5,64.0,Zone 5,61.5,Zone 5,66.1,Zone 5
Kerala,Kottayam,Vaikkom,24.7,2026-05-24,23:45:00,100.0,2026-05-24,23:45:00,2026-05-25 00:15:30,27.350000000000023,Zone 4,60.7,Zone 5,27.0,Zone 4,47.6,Zone 5,34.0,Zone 4,60.2,Zone 5,50.0,Zone 5,63.2,Zone 5,60.7,Zone 5,65.5,Zone 5
Kerala,Kozhikode,Kunnamangalam,25.9,2026-05-25,00:00:00,100.0,2026-05-24,00:00:00,2026-05-25 00:15:30,29.850000000000023,Zone 4,63.2,Zone 5,30.1,Zone 4,59.2,Zone 5,42.0,Zone 5,62.8,Zone 5,59.8,Zone 5,65.4,Zone 5,63.2,Zone 5,67.4,Zone 5
Kerala,Kozhikode,Urumi,24.3,2026-05-25,00:00:00,100.0,2026-05-24,00:00:00,2026-05-25 00:15:30,26.650000000000034,Zone 4,60.7,Zone 5,27.0,Zone 4,47.6,Zone 5,34.0,Zone 4,60.2,Zone 5,50.0,Zone 5,63.2,Zone 5,60.7,Zone 5,65.5,Zone 5
Kerala,Kozhikode,Vadakara,26.8,2026-05-24,23:45:00,100.0,2026-05-24,23:45:00,2026-05-25 00:15:30,32.150000000000034,Zone 4,65.0,Zone 5,32.7,Zone 4,61.3,Zone 5,52.3,Zone 5,64.6,Zone 5,61.8,Zone 5,66.9,Zone 5,65.0,Zone 5,68.7,Zone 5
Kerala,Kozhikode,Vilangad,25.3,2026-05-25,00:00:00,100.0,2026-05-24,00:00:00,2026-05-25 00:15:30,28.55000000000001,Zone 4,62.4,Zone 5,29.0,Zone 4,55.9,Zone 5,37.6,Zone 5,62.0,Zone 5,58.0,Zone 5,64.7,Zone 5,62.4,Zone 5,66.7,Zone 5
Kerala,Malappuram,Nilambur,25.8,2026-05-25,00:00:00,100.0,2026-05-24,00:00:00,2026-05-25 00:15:30,29.650000000000034,Zone 4,63.2,Zone 5,30.1,Zone 4,59.2,Zone 5,42.0,Zone 5,62.8,Zone 5,59.8,Zone 5,65.4,Zone 5,63.2,Zone 5,67.4,Zone 5
Kerala,Malappuram,Palemad,25.9,2026-05-25,00:00:00,100.0,2026-05-24,00:00:00,2026-05-25 00:15:30,29.850000000000023,Zone 4,63.2,Zone 5,30.1,Zone 4,59.2,Zone 5,42.0,Zone 5,62.8,Zone 5,59.8,Zone 5,65.4,Zone 5,63.2,Zone 5,67.4,Zone 5
Kerala,Malappuram,Thavanur Kvk,26.8,2026-05-25,00:00:00,100.0,2026-05-24,00:00:00,2026-05-25 00:15:30,32.150000000000034,Zone 4,65.0,Zone 5,32.7,Zone 4,61.3,Zone 5,52.3,Zone 5,64.6,Zone 5,61.8,Zone 5,66.9,Zone 5,65.0,Zone 5,68.7,Zone 5
Kerala,Malappuram,Thennala,26.7,2026-05-25,00:00:00,100.0,2026-05-24,00:00:00,2026-05-25 00:15:30,31.850000000000023,Zone 4,64.1,Zone 5,31.3,Zone 4,60.2,Zone 5,47.0,Zone 5,63.7,Zone 5,60.8,Zone 5,66.2,Zone 5,64.1,Zone 5,68.0,Zone 5
Kerala,Palakkad,Adakkaputhur,26.4,2026-05-24,23:45:00,99.0,2026-05-24,23:45:00,2026-05-25 00:15:30,30.950000000000045,Zone 4,63.9,Zone 5,31.2,Zone 4,60.0,Zone 5,45.8,Zone 5,63.5,Zone 5,60.5,Zone 5,66.0,Zone 5,63.9,Zone 5,67.9,Zone 5
Kerala,Palakkad,Malampuzha Dam,26.6,2026-05-25,00:00:00,92.0,2026-05-24,00:00:00,2026-05-25 00:15:30,30.450000000000045,Zone 4,62.4,Zone 5,30.2,Zone 4,56.0,Zone 5,37.7,Zone 5,62.0,Zone 5,58.1,Zone 5,64.7,Zone 5,62.4,Zone 5,66.8,Zone 5
Kerala,Palakkad,Mangalam Dam,26.4,2026-05-25,00:00:00,95.0,2026-05-24,00:00:00,2026-05-25 00:15:30,30.450000000000045,Zone 4,63.0,Zone 5,30.6,Zone 4,58.8,Zone 5,41.0,Zone 5,62.6,Zone 5,59.5,Zone 5,65.3,Zone 5,63.0,Zone 5,67.2,Zone 5
Kerala,Palakkad,Mankara,28.1,2026-05-24,23:30:00,87.0,2026-05-24,23:30:00,2026-05-25 00:15:30,33.25,Zone 4,63.8,Zone 5,33.0,Zone 4,59.9,Zone 5,45.3,Zone 5,63.4,Zone 5,60.4,Zone 5,65.9,Zone 5,63.8,Zone 5,67.8,Zone 5
Kerala,Palakkad,Mannarkkad,26.4,2026-05-24,23:30:00,100.0,2026-05-24,23:30:00,2026-05-25 00:15:30,31.05000000000001,Zone 4,64.1,Zone 5,31.3,Zone 4,60.2,Zone 5,47.0,Zone 5,63.7,Zone 5,60.8,Zone 5,66.2,Zone 5,64.1,Zone 5,68.0,Zone 5
Kerala,Palakkad,Parambikulam,23.4,2026-05-25,00:00:00,100.0,2026-05-24,00:00:00,2026-05-25 00:15:30,25.150000000000034,Zone 3,58.9,Zone 5,25.3,Zone 3,39.9,Zone 5,31.9,Zone 4,57.4,Zone 5,42.0,Zone 5,61.8,Zone 5,58.9,Zone 5,64.2,Zone 5
Kerala,Palakkad,Pothundy Dam,26.6,2026-05-25,00:00:00,99.0,2026-05-24,00:00:00,2026-05-25 00:15:30,31.450000000000045,Zone 4,63.9,Zone 5,31.2,Zone 4,60.0,Zone 5,45.8,Zone 5,63.5,Zone 5,60.5,Zone 5,66.0,Zone 5,63.9,Zone 5,67.9,Zone 5
Kerala,Palakkad,Vannamada,26.1,2026-05-25,00:00:00,100.0,2026-05-24,00:00:00,2026-05-25 00:15:30,30.350000000000023,Zone 4,63.2,Zone 5,30.1,Zone 4,59.2,Zone 5,42.0,Zone 5,62.8,Zone 5,59.8,Zone 5,65.4,Zone 5,63.2,Zone 5,67.4,Zone 5
Kerala,Pathanamthitta,Pathanamthitta,25.0,2026-05-24,23:30:00,100.0,2026-05-24,23:30:00,2026-05-25 00:15:30,27.950000000000045,Zone 4,61.5,Zone 5,28.0,Zone 4,51.8,Zone 5,35.2,Zone 4,61.1,Zone 5,54.1,Zone 5,64.0,Zone 5,61.5,Zone 5,66.1,Zone 5
Kerala,Pathanamthitta,Thiruvalla Kallunkal,28.7,2026-05-25,00:00:00,100.0,2026-05-24,00:00:00,2026-05-25 00:15:30,45.75,Zone 5,67.6,Zone 5,43.1,Zone 5,64.5,Zone 5,61.2,Zone 5,67.2,Zone 5,65.0,Zone 5,69.2,Zone 5,67.6,Zone 5,70.6,Zone 5
Kerala,Pathanamthitta,Ulanadu,25.2,2026-05-25,00:00:00,88.0,2026-05-24,00:00:00,2026-05-25 00:15:30,27.350000000000023,Zone 4,59.1,Zone 5,27.0,Zone 4,40.4,Zone 5,33.5,Zone 4,57.8,Zone 5,42.4,Zone 5,61.9,Zone 5,59.1,Zone 5,64.3,Zone 5
Kerala,Pathanamthitta,Venkurinji,24.4,2026-05-25,00:00:00,100.0,2026-05-24,00:00:00,2026-05-25 00:15:30,26.850000000000023,Zone 4,60.7,Zone 5,27.0,Zone 4,47.6,Zone 5,34.0,Zone 4,60.2,Zone 5,50.0,Zone 5,63.2,Zone 5,60.7,Zone 5,65.5,Zone 5
Kerala,Thiruvananthapuram,Palode,24.4,2026-05-25,00:00:00,100.0,2026-05-24,00:00:00,2026-05-25 00:15:30,26.850000000000023,Zone 4,60.7,Zone 5,27.0,Zone 4,47.6,Zone 5,34.0,Zone 4,60.2,Zone 5,50.0,Zone 5,63.2,Zone 5,60.7,Zone 5,65.5,Zone 5
Kerala,Thiruvananthapuram,Pirappancode,24.9,2026-05-24,23:30:00,100.0,2026-05-24,23:30:00,2026-05-25 00:15:30,27.75,Zone 4,61.5,Zone 5,28.0,Zone 4,51.8,Zone 5,35.2,Zone 4,61.1,Zone 5,54.1,Zone 5,64.0,Zone 5,61.5,Zone 5,66.1,Zone 5
Kerala,Thiruvananthapuram,Thattathumala,24.7,2026-05-24,23:45:00,100.0,2026-05-24,23:45:00,2026-05-25 00:15:30,27.350000000000023,Zone 4,60.7,Zone 5,27.0,Zone 4,47.6,Zone 5,34.0,Zone 4,60.2,Zone 5,50.0,Zone 5,63.2,Zone 5,60.7,Zone 5,65.5,Zone 5
Kerala,Thiruvananthapuram,Thiruvananthapuram,25.3,2026-05-25,00:00:00,80.0,2026-05-24,00:00:00,2026-05-25 00:15:30,26.950000000000045,Zone 4,56.0,Zone 5,27.3,Zone 4,38.5,Zone 4,33.4,Zone 4,54.5,Zone 5,39.0,Zone 4,61.1,Zone 5,56.0,Zone 5,63.6,Zone 5
Kerala,Thiruvananthapuram,Varkala,24.7,2026-05-25,00:00:00,100.0,2026-05-24,00:00:00,2026-05-25 00:15:30,27.350000000000023,Zone 4,60.7,Zone 5,27.0,Zone 4,47.6,Zone 5,34.0,Zone 4,60.2,Zone 5,50.0,Zone 5,63.2,Zone 5,60.7,Zone 5,65.5,Zone 5
Kerala,Thrissur,Chalakkudy,26.1,2026-05-25,00:00:00,100.0,2026-05-24,00:00:00,2026-05-25 00:15:30,30.350000000000023,Zone 4,63.2,Zone 5,30.1,Zone 4,59.2,Zone 5,42.0,Zone 5,62.8,Zone 5,59.8,Zone 5,65.4,Zone 5,63.2,Zone 5,67.4,Zone 5
Kerala,Thrissur,Kunnamkulam,26.6,2026-05-25,00:00:00,100.0,2026-05-24,00:00:00,2026-05-25 00:15:30,31.55000000000001,Zone 4,64.1,Zone 5,31.3,Zone 4,60.2,Zone 5,47.0,Zone 5,63.7,Zone 5,60.8,Zone 5,66.2,Zone 5,64.1,Zone 5,68.0,Zone 5
Kerala,Thrissur,Lower Sholayar,22.8,2026-05-25,00:00:00,94.0,2026-05-24,00:00:00,2026-05-25 00:15:30,24.350000000000023,Zone 3,51.3,Zone 5,24.6,Zone 3,35.7,Zone 4,30.5,Zone 4,49.7,Zone 5,36.2,Zone 4,60.1,Zone 5,51.3,Zone 5,62.8,Zone 5
Kerala,Thrissur,Munakkal,26.3,2026-05-24,23:45:00,,,,2026-05-25 00:15:30,,,,,,,,,,,,,,,,,,,,
Kerala,Wayanad,Kabanigiri,23.0,2026-05-24,23:45:00,100.0,2026-05-24,23:45:00,2026-05-25 00:15:30,24.75,Zone 3,55.8,Zone 5,24.8,Zone 3,36.7,Zone 5,31.0,Zone 4,54.3,Zone 5,38.5,Zone 5,61.1,Zone 5,55.8,Zone 5,63.6,Zone 5
Kerala,Wayanad,Kalpeta,21.9,2026-05-25,00:00:00,100.0,2026-05-24,00:00:00,2026-05-25 00:15:30,23.650000000000034,Zone 3,49.1,Zone 5,23.7,Zone 3,34.5,Zone 4,29.3,Zone 4,47.5,Zone 5,35.0,Zone 4,59.7,Zone 5,49.1,Zone 5,62.4,Zone 5
Kerala,Wayanad,Kuppadi,21.6,2026-05-25,00:00:00,100.0,2026-05-24,00:00:00,2026-05-25 00:15:30,23.25,Zone 3,45.7,Zone 5,23.2,Zone 3,33.6,Zone 4,28.5,Zone 4,44.3,Zone 5,34.1,Zone 4,58.9,Zone 5,45.7,Zone 5,61.8,Zone 5
Kerala,Wayanad,Padamala,22.2,2026-05-24,23:30:00,100.0,2026-05-24,23:30:00,2026-05-25 00:15:30,23.950000000000045,Zone 3,49.1,Zone 5,23.7,Zone 3,34.5,Zone 4,29.3,Zone 4,47.5,Zone 5,35.0,Zone 4,59.7,Zone 5,49.1,Zone 5,62.4,Zone 5
Kerala,Wayanad,Padinjarathara Dam,23.8,2026-05-24,23:30:00,,,,2026-05-25 00:15:30,,,,,,,,,,,,,,,,,,,,
Ladakh,Kargil,Dras,5.1,2026-05-25,00:00:00,90.0,2026-05-24,00:00:00,2026-05-25 00:15:30,4.850000000000023,Zone 2,22.5,Zone 3,4.8,Zone 2,19.1,Zone 3,13.1,Zone 2,22.6,Zone 3,18.9,Zone 3,24.8,Zone 3,22.5,Zone 3,27.8,Zone 4
Ladakh,Kargil,Garkon,12.5,2026-05-25,00:00:00,47.0,2026-05-24,00:00:00,2026-05-25 00:15:30,10.650000000000034,Zone 2,26.0,Zone 4,10.7,Zone 2,23.1,Zone 3,18.4,Zone 3,26.1,Zone 4,23.0,Zone 3,29.5,Zone 4,26.0,Zone 4,32.8,Zone 4
Ladakh,Kargil,Kargil,10.5,2026-05-25,00:00:00,55.0,2026-05-24,00:00:00,2026-05-25 00:15:30,9.050000000000011,Zone 2,24.8,Zone 3,9.1,Zone 2,22.0,Zone 3,16.9,Zone 3,24.9,Zone 3,21.9,Zone 3,28.1,Zone 4,24.8,Zone 3,31.4,Zone 4
Ladakh,Kargil,Padum Kvk,4.9,2026-05-25,00:00:00,60.0,2026-05-24,00:00:00,2026-05-25 00:15:30,3.9500000000000455,Zone 2,22.2,Zone 3,4.0,Zone 2,18.7,Zone 3,12.6,Zone 2,22.4,Zone 3,18.4,Zone 3,24.7,Zone 3,22.2,Zone 3,27.4,Zone 4
Ladakh,Leh,Khaltse,13.5,2026-05-25,00:00:00,35.0,2026-05-24,00:00:00,2026-05-25 00:15:30,11.150000000000034,Zone 2,26.5,Zone 4,11.1,Zone 2,23.5,Zone 3,18.9,Zone 3,26.6,Zone 4,23.4,Zone 3,30.0,Zone 4,26.5,Zone 4,33.2,Zone 4
Ladakh,Leh,Leh Amfu,10.7,2026-05-25,00:00:00,52.0,2026-05-24,00:00:00,2026-05-25 00:15:30,9.150000000000034,Zone 2,24.8,Zone 3,9.0,Zone 2,22.0,Zone 3,16.8,Zone 3,24.9,Zone 3,21.9,Zone 3,28.1,Zone 4,24.8,Zone 3,31.3,Zone 4
Ladakh,Leh,Mc Leh,7.2,2026-05-25,00:00:00,39.0,2026-05-24,00:00:00,2026-05-25 00:15:30,5.550000000000011,Zone 2,23.0,Zone 3,5.3,Zone 2,19.7,Zone 3,13.6,Zone 2,23.1,Zone 3,19.4,Zone 3,25.4,Zone 4,23.0,Zone 3,28.5,Zone 4
Ladakh,Leh,Nubra Hunder,10.8,2026-05-25,00:00:00,42.0,2026-05-24,00:00:00,2026-05-25 00:15:30,8.850000000000023,Zone 2,24.9,Zone 3,9.1,Zone 2,22.2,Zone 3,17.0,Zone 3,25.0,Zone 3,22.0,Zone 3,28.2,Zone 4,24.9,Zone 3,31.5,Zone 4
Ladakh,Leh,Nyoma Kvk,6.3,2026-05-25,00:00:00,29.0,2026-05-24,00:00:00,2026-05-25 00:15:30,4.4500000000000455,Zone 2,22.6,Zone 3,4.6,Zone 2,19.3,Zone 3,13.1,Zone 2,22.8,Zone 3,19.0,Zone 3,25.1,Zone 3,22.6,Zone 3,28.0,Zone 4
Ladakh,Leh,Tangtse Durbuk,5.4,2026-05-25,00:00:00,55.0,2026-05-24,00:00:00,2026-05-25 00:15:30,4.25,Zone 2,22.4,Zone 3,4.4,Zone 2,19.0,Zone 3,12.9,Zone 2,22.6,Zone 3,18.7,Zone 3,24.8,Zone 3,22.4,Zone 3,27.7,Zone 4
Ladakh,Leh,Upshi,10.8,2026-05-25,00:00:00,36.0,2026-05-24,00:00:00,2026-05-25 00:15:30,8.650000000000034,Zone 2,24.9,Zone 3,8.9,Zone 2,22.1,Zone 3,16.8,Zone 3,25.0,Zone 3,21.9,Zone 3,28.1,Zone 4,24.9,Zone 3,31.3,Zone 4
Madhya Pradesh,Agar,Agar Malwa,32.4,2026-05-25,00:00:00,43.0,2026-05-24,00:00:00,2026-05-25 00:15:30,33.950000000000045,Zone 4,57.8,Zone 5,34.1,Zone 4,43.5,Zone 4,39.2,Zone 4,56.4,Zone 5,44.0,Zone 4,61.6,Zone 5,57.8,Zone 5,64.0,Zone 5
Madhya Pradesh,Alirajpur,Alirajpur,30.4,2026-05-25,00:00:00,50.0,2026-05-24,00:00:00,2026-05-25 00:15:30,31.950000000000045,Zone 4,55.7,Zone 5,32.1,Zone 4,41.9,Zone 4,37.4,Zone 4,54.2,Zone 5,42.3,Zone 4,61.1,Zone 5,55.7,Zone 5,63.6,Zone 5
Madhya Pradesh,Ashoknagar,Aonwari Kvk,33.5,2026-05-25,00:00:00,18.0,2026-05-24,00:00:00,2026-05-25 00:15:30,31.75,Zone 4,43.0,Zone 4,31.7,Zone 4,39.2,Zone 4,35.7,Zone 4,42.8,Zone 4,39.4,Zone 4,46.2,Zone 4,43.0,Zone 4,56.8,Zone 5
Madhya Pradesh,Barwani,Talun Kvk,32.6,2026-05-25,00:00:00,45.0,2026-05-24,00:00:00,2026-05-25 00:15:30,34.650000000000034,Zone 4,59.3,Zone 5,34.5,Zone 4,44.1,Zone 4,39.7,Zone 4,58.7,Zone 5,44.6,Zone 4,62.1,Zone 5,59.3,Zone 5,64.5,Zone 5
Madhya Pradesh,Betul,Betul,,,,39.0,2026-05-24,00:00:00,2026-05-25 00:15:30,,,,,,,,,,,,,,,,,,,,
Madhya Pradesh,Bhopal,Berasia,34.3,2026-05-25,00:00:00,30.0,2026-05-24,00:00:00,2026-05-25 00:15:30,34.35000000000002,Zone 4,50.1,Zone 5,34.6,Zone 4,43.1,Zone 4,39.2,Zone 4,48.6,Zone 5,43.5,Zone 4,59.9,Zone 5,50.1,Zone 5,62.6,Zone 5
Madhya Pradesh,Bhopal,Islamnagar,34.5,2026-05-25,00:00:00,36.0,2026-05-24,00:00:00,2026-05-25 00:15:30,35.85000000000002,Zone 4,58.6,Zone 5,35.8,Zone 4,44.9,Zone 4,40.7,Zone 4,57.3,Zone 5,45.3,Zone 4,61.8,Zone 5,58.6,Zone 5,64.2,Zone 5
Madhya Pradesh,Bhopal ,Bhopal,34.1,2026-05-25,00:00:00,37.0,2026-05-24,00:00:00,2026-05-25 00:15:30,35.450000000000045,Zone 4,57.6,Zone 5,35.3,Zone 4,44.3,Zone 4,40.2,Zone 4,56.2,Zone 5,44.8,Zone 4,61.5,Zone 5,57.6,Zone 5,64.0,Zone 5
Madhya Pradesh,Datia,Datia,32.6,2026-05-25,00:00:00,21.0,2026-05-24,00:00:00,2026-05-25 00:15:30,31.150000000000034,Zone 4,42.6,Zone 4,31.1,Zone 4,38.8,Zone 4,35.1,Zone 4,42.4,Zone 4,38.9,Zone 4,45.9,Zone 4,42.6,Zone 4,57.1,Zone 5
Madhya Pradesh,Dewas,Kannod,32.9,2026-05-25,00:00:00,36.0,2026-05-24,00:00:00,2026-05-25 00:15:30,33.55000000000001,Zone 4,51.3,Zone 5,33.7,Zone 4,42.5,Zone 4,38.4,Zone 4,49.8,Zone 5,42.9,Zone 4,60.1,Zone 5,51.3,Zone 5,62.8,Zone 5
Madhya Pradesh,Dhar,Dhar,30.9,2026-05-25,00:00:00,54.0,2026-05-24,00:00:00,2026-05-25 00:15:30,33.35000000000002,Zone 4,60.0,Zone 5,33.5,Zone 4,44.4,Zone 5,39.1,Zone 4,59.6,Zone 5,46.6,Zone 5,62.6,Zone 5,60.0,Zone 5,65.0,Zone 5
Madhya Pradesh,Hoshangabad,Pachmarhi Aec,29.8,2026-05-25,00:00:00,36.0,2026-05-24,00:00:00,2026-05-25 00:15:30,29.650000000000034,Zone 4,42.7,Zone 4,29.8,Zone 4,38.4,Zone 4,34.4,Zone 4,42.5,Zone 4,38.7,Zone 4,51.2,Zone 5,42.7,Zone 4,60.0,Zone 5
Madhya Pradesh,Mandsaur,Mandsour,32.1,2026-05-25,00:00:00,46.0,2026-05-24,00:00:00,2026-05-25 00:15:30,33.950000000000045,Zone 4,58.8,Zone 5,33.8,Zone 4,43.5,Zone 4,39.1,Zone 4,57.4,Zone 5,44.0,Zone 4,61.8,Zone 5,58.8,Zone 5,64.2,Zone 5
Madhya Pradesh,Narsinghpur,Narsinghpur,31.8,2026-05-25,00:00:00,46.0,2026-05-24,00:00:00,2026-05-25 00:15:30,33.55000000000001,Zone 4,58.8,Zone 5,33.8,Zone 4,43.5,Zone 4,39.1,Zone 4,57.4,Zone 5,44.0,Zone 4,61.8,Zone 5,58.8,Zone 5,64.2,Zone 5
Madhya Pradesh,Neemuch,Marukheda Kvk,32.3,2026-05-25,00:00:00,46.0,2026-05-24,00:00:00,2026-05-25 00:15:30,34.35000000000002,Zone 4,59.6,Zone 5,34.6,Zone 4,44.4,Zone 4,40.0,Zone 4,59.2,Zone 5,45.1,Zone 5,62.4,Zone 5,59.6,Zone 5,64.7,Zone 5
Madhya Pradesh,Niwari,Prithvipur,31.8,2026-05-25,00:00:00,18.0,2026-05-24,00:00:00,2026-05-25 00:15:30,30.05000000000001,Zone 4,41.4,Zone 4,30.3,Zone 4,37.8,Zone 4,34.2,Zone 4,41.3,Zone 4,37.9,Zone 4,44.7,Zone 4,41.4,Zone 4,52.4,Zone 5
Madhya Pradesh,Rajgarh,Narsinghgarh,34.4,2026-05-25,00:00:00,27.0,2026-05-24,00:00:00,2026-05-25 00:15:30,33.950000000000045,Zone 4,46.6,Zone 4,34.1,Zone 4,42.3,Zone 4,38.5,Zone 4,46.3,Zone 4,42.6,Zone 4,58.7,Zone 5,46.6,Zone 4,61.7,Zone 5
Madhya Pradesh,Rajgarh,Rajgarh Kvk,34.7,2026-05-25,00:00:00,32.0,2026-05-24,00:00:00,2026-05-25 00:15:30,35.25,Zone 4,53.1,Zone 5,35.0,Zone 4,43.7,Zone 4,39.7,Zone 4,51.6,Zone 5,44.0,Zone 4,60.5,Zone 5,53.1,Zone 5,63.1,Zone 5
Madhya Pradesh,Sagar,Khurai,32.4,2026-05-25,00:00:00,25.0,2026-05-24,00:00:00,2026-05-25 00:15:30,31.450000000000045,Zone 4,43.5,Zone 4,31.5,Zone 4,39.5,Zone 4,35.7,Zone 4,43.3,Zone 4,39.7,Zone 4,48.8,Zone 5,43.5,Zone 4,59.5,Zone 5
Madhya Pradesh,Sagar,Sagar,29.7,2026-05-25,00:00:00,24.0,2026-05-24,00:00:00,2026-05-25 00:15:30,28.55000000000001,Zone 4,40.0,Zone 4,28.3,Zone 4,36.1,Zone 4,32.4,Zone 4,39.8,Zone 4,36.3,Zone 4,43.3,Zone 4,40.0,Zone 4,50.7,Zone 5
Madhya Pradesh,Satna,Gramoday Vv Chitrakoot,30.6,2026-05-25,00:00:00,30.0,2026-05-24,00:00:00,2026-05-25 00:15:30,29.950000000000045,Zone 4,42.2,Zone 4,29.8,Zone 4,38.0,Zone 4,34.2,Zone 4,41.9,Zone 4,38.3,Zone 4,46.8,Zone 5,42.2,Zone 4,59.1,Zone 5
Madhya Pradesh,Satna,Satna,29.9,2026-05-25,00:00:00,30.0,2026-05-24,00:00:00,2026-05-25 00:15:30,29.150000000000034,Zone 4,41.6,Zone 4,29.3,Zone 4,37.5,Zone 4,33.6,Zone 4,41.3,Zone 4,37.7,Zone 4,45.0,Zone 4,41.6,Zone 4,57.8,Zone 5
Madhya Pradesh,Sehore,Ahmadpur Iitm,34.2,2026-05-25,00:00:00,36.0,2026-05-24,00:00:00,2026-05-25 00:15:30,35.35000000000002,Zone 4,56.3,Zone 5,35.1,Zone 4,44.0,Zone 4,39.9,Zone 4,54.9,Zone 5,44.5,Zone 4,61.2,Zone 5,56.3,Zone 5,63.7,Zone 5
Madhya Pradesh,Sehore,Bhairunda,33.0,2026-05-25,00:00:00,34.0,2026-05-24,00:00:00,2026-05-25 00:15:30,33.35000000000002,Zone 4,48.5,Zone 5,33.3,Zone 4,42.0,Zone 4,38.0,Zone 4,47.0,Zone 5,42.4,Zone 4,59.6,Zone 5,48.5,Zone 5,62.3,Zone 5
Madhya Pradesh,Shahdol,Kalyanpur Kvk,26.9,2026-05-25,00:00:00,34.0,2026-05-24,00:00:00,2026-05-25 00:15:30,26.25,Zone 4,38.7,Zone 4,26.4,Zone 4,34.7,Zone 4,30.8,Zone 4,38.6,Zone 4,34.9,Zone 4,42.3,Zone 4,38.7,Zone 4,51.1,Zone 5
Madhya Pradesh,Shajapur,Shajapur,33.2,2026-05-25,00:00:00,45.0,2026-05-24,00:00:00,2026-05-25 00:15:30,35.650000000000034,Zone 4,60.0,Zone 5,35.3,Zone 4,45.0,Zone 4,40.6,Zone 4,59.6,Zone 5,46.8,Zone 5,62.7,Zone 5,60.0,Zone 5,65.0,Zone 5
Madhya Pradesh,Sheopur,Sheopur,,,,27.0,2026-05-24,00:00:00,2026-05-25 00:15:30,,,,,,,,,,,,,,,,,,,,
Madhya Pradesh,Shivpuri,Shivpuri,32.7,2026-05-25,00:00:00,17.0,2026-05-24,00:00:00,2026-05-25 00:15:30,30.850000000000023,Zone 4,41.8,Zone 4,30.6,Zone 4,38.1,Zone 4,34.6,Zone 4,41.6,Zone 4,38.2,Zone 4,45.0,Zone 4,41.8,Zone 4,52.8,Zone 5
Madhya Pradesh,Sidhi,Rampur Naikin,29.7,2026-05-25,00:00:00,35.0,2026-05-24,00:00:00,2026-05-25 00:15:30,29.450000000000045,Zone 4,41.9,Zone 4,29.2,Zone 4,37.6,Zone 4,33.7,Zone 4,41.6,Zone 4,37.9,Zone 4,48.0,Zone 5,41.9,Zone 4,59.4,Zone 5
Madhya Pradesh,Sidhi,Sidhi,29.1,2026-05-25,00:00:00,35.0,2026-05-24,00:00:00,2026-05-25 00:15:30,28.75,Zone 4,41.3,Zone 4,28.6,Zone 4,37.0,Zone 4,33.1,Zone 4,41.0,Zone 4,37.3,Zone 4,46.0,Zone 5,41.3,Zone 4,58.7,Zone 5
Madhya Pradesh,Ujjain,Vikram Vv Ujjain,32.3,2026-05-25,00:00:00,44.0,2026-05-24,00:00:00,2026-05-25 00:15:30,33.950000000000045,Zone 4,59.0,Zone 5,34.3,Zone 4,43.8,Zone 4,39.5,Zone 4,57.6,Zone 5,44.3,Zone 4,61.8,Zone 5,59.0,Zone 5,64.3,Zone 5
Madhya Pradesh,Vidisha,Kurwai,33.4,2026-05-25,00:00:00,23.0,2026-05-24,00:00:00,2026-05-25 00:15:30,32.25,Zone 4,44.2,Zone 4,32.4,Zone 4,40.2,Zone 4,36.5,Zone 4,44.0,Zone 4,40.4,Zone 4,50.1,Zone 5,44.2,Zone 4,59.8,Zone 5
Madhya Pradesh,Vidisha,Lateri,,,,33.0,2026-05-24,00:00:00,2026-05-25 00:15:30,,,,,,,,,,,,,,,,,,,,
Madhya Pradesh,Vidisha,Vidisha,32.6,2026-05-25,00:00:00,32.0,2026-05-24,00:00:00,2026-05-25 00:15:30,32.55000000000001,Zone 4,45.2,Zone 4,32.4,Zone 4,40.9,Zone 4,36.9,Zone 4,44.9,Zone 4,41.2,Zone 4,57.0,Zone 5,45.2,Zone 4,61.3,Zone 5
Maharashtra,Ahilyanagar,Ahilyanagar,28.0,2026-05-25,00:00:00,71.0,2026-05-24,00:00:00,2026-05-25 00:15:30,30.650000000000034,Zone 4,60.0,Zone 5,30.7,Zone 4,44.6,Zone 5,36.8,Zone 4,59.6,Zone 5,46.8,Zone 5,62.7,Zone 5,60.0,Zone 5,65.0,Zone 5
Maharashtra,Beed,Beed Pto,30.7,2026-05-25,00:00:00,55.0,2026-05-24,00:00:00,2026-05-25 00:15:30,33.150000000000034,Zone 4,59.5,Zone 5,32.8,Zone 4,43.1,Zone 4,38.4,Zone 4,59.1,Zone 5,44.6,Zone 5,62.3,Zone 5,59.5,Zone 5,64.7,Zone 5
Maharashtra,Buldhana,Lonar,31.3,2026-05-25,00:00:00,43.0,2026-05-24,00:00:00,2026-05-25 00:15:30,32.35000000000002,Zone 4,52.7,Zone 5,32.6,Zone 4,41.9,Zone 4,37.6,Zone 4,51.2,Zone 5,42.3,Zone 4,60.4,Zone 5,52.7,Zone 5,63.0,Zone 5
Maharashtra,Chandrapur,Chandrapur Aws400,34.9,2026-05-25,00:00:00,28.0,2026-05-24,00:00:00,2026-05-25 00:15:30,34.75,Zone 4,49.4,Zone 5,34.9,Zone 4,43.2,Zone 4,39.4,Zone 4,48.0,Zone 5,43.6,Zone 4,59.8,Zone 5,49.4,Zone 5,62.4,Zone 5
Maharashtra,Dhule,Dhule,32.6,2026-05-25,00:00:00,58.0,2026-05-24,00:00:00,2026-05-25 00:15:30,37.55000000000001,Zone 4,63.3,Zone 5,37.3,Zone 4,59.3,Zone 5,43.5,Zone 4,62.9,Zone 5,59.9,Zone 5,65.5,Zone 5,63.3,Zone 5,67.5,Zone 5
Maharashtra,Gondia,Gondia Aws400,29.1,2026-05-24,23:30:00,34.0,2026-05-24,23:30:00,2026-05-25 00:15:30,28.650000000000034,Zone 4,41.1,Zone 4,28.5,Zone 4,36.9,Zone 4,33.0,Zone 4,40.9,Zone 4,37.1,Zone 4,45.0,Zone 5,41.1,Zone 4,57.9,Zone 5
Maharashtra,Gondia,Tiroda,,,,41.0,2026-05-24,00:00:00,2026-05-25 00:15:30,,,,,,,,,,,,,,,,,,,,
Maharashtra,Hingoli,Tondapur Aws400,29.8,2026-05-25,00:00:00,49.0,2026-05-24,00:00:00,2026-05-25 00:15:30,30.950000000000045,Zone 4,51.8,Zone 5,31.2,Zone 4,40.8,Zone 4,36.4,Zone 4,50.3,Zone 5,41.2,Zone 4,60.2,Zone 5,51.8,Zone 5,62.9,Zone 5
Maharashtra,Kolhapur,Kolhapur Amfu,24.6,2026-05-25,00:00:00,100.0,2026-05-24,00:00:00,2026-05-25 00:15:30,27.25,Zone 4,60.7,Zone 5,27.0,Zone 4,47.6,Zone 5,34.0,Zone 4,60.2,Zone 5,50.0,Zone 5,63.2,Zone 5,60.7,Zone 5,65.5,Zone 5
Maharashtra,Kolhapur,Radhanagri Ars,24.6,2026-05-25,00:00:00,100.0,2026-05-24,00:00:00,2026-05-25 00:15:30,27.25,Zone 4,60.7,Zone 5,27.0,Zone 4,47.6,Zone 5,34.0,Zone 4,60.2,Zone 5,50.0,Zone 5,63.2,Zone 5,60.7,Zone 5,65.5,Zone 5
Maharashtra,Latur,Udgir Aws400,30.3,2026-05-25,00:00:00,46.0,2026-05-24,00:00:00,2026-05-25 00:15:30,31.25,Zone 4,51.0,Zone 5,31.6,Zone 4,41.0,Zone 4,36.7,Zone 4,49.5,Zone 5,41.4,Zone 4,60.1,Zone 5,51.0,Zone 5,62.7,Zone 5
Maharashtra,Mumbai Suburban,Vidyavihar,30.3,2026-05-25,00:00:00,80.0,2026-05-24,00:00:00,2026-05-25 00:15:30,37.650000000000034,Zone 4,66.2,Zone 5,38.3,Zone 4,62.8,Zone 5,59.2,Zone 5,65.9,Zone 5,63.4,Zone 5,68.0,Zone 5,66.2,Zone 5,69.6,Zone 5
Maharashtra,Mumbai Suburban,Vikhroli,30.6,2026-05-25,00:00:00,,,,2026-05-25 00:15:30,,,,,,,,,,,,,,,,,,,,
Maharashtra,Mumbai City,Byculla Mumbai,30.8,2026-05-25,00:00:00,100.0,2026-05-24,00:00:00,2026-05-25 00:15:30,63.05000000000001,Zone 5,72.6,Zone 6,63.8,Zone 5,70.0,Zone 5,67.9,Zone 5,72.0,Zone 6,70.4,Zone 5,74.9,Zone 6,72.6,Zone 6,77.8,Zone 6
Maharashtra,Mumbai City,Mahalaxmi,30.2,2026-05-25,00:00:00,,,,2026-05-25 00:15:30,,,,,,,,,,,,,,,,,,,,
Maharashtra,Mumbai City,Mumbai Santa Cruz,30.0,2026-05-25,00:00:00,100.0,2026-05-24,00:00:00,2026-05-25 00:15:30,60.150000000000034,Zone 5,70.2,Zone 5,60.2,Zone 5,67.7,Zone 5,65.2,Zone 5,69.9,Zone 5,68.2,Zone 5,71.4,Zone 5,70.2,Zone 5,74.3,Zone 6
Maharashtra,Nagpur,Nagpur,32.4,2026-05-25,00:00:00,42.0,2026-05-24,00:00:00,2026-05-25 00:15:30,33.75,Zone 4,56.6,Zone 5,33.9,Zone 4,43.3,Zone 4,39.0,Zone 4,55.2,Zone 5,43.7,Zone 4,61.3,Zone 5,56.6,Zone 5,63.8,Zone 5
Maharashtra,Nagpur,Nagpur Kvk,32.7,2026-05-25,00:00:00,22.0,2026-05-24,00:00:00,2026-05-25 00:15:30,31.350000000000023,Zone 4,42.8,Zone 4,31.2,Zone 4,38.9,Zone 4,35.3,Zone 4,42.6,Zone 4,39.1,Zone 4,46.1,Zone 4,42.8,Zone 4,58.0,Zone 5
Maharashtra,Nagpur,Ramtek Aws400,32.8,2026-05-25,00:00:00,27.0,2026-05-24,00:00:00,2026-05-25 00:15:30,32.150000000000034,Zone 4,44.6,Zone 4,32.3,Zone 4,40.4,Zone 4,36.7,Zone 4,44.3,Zone 4,40.7,Zone 4,53.2,Zone 5,44.6,Zone 4,60.5,Zone 5
Maharashtra,Nandurbar,Shahada Aws400,30.7,2026-05-25,00:00:00,64.0,2026-05-24,00:00:00,2026-05-25 00:15:30,34.75,Zone 4,62.0,Zone 5,34.4,Zone 4,54.4,Zone 5,40.6,Zone 4,61.6,Zone 5,56.6,Zone 5,64.4,Zone 5,62.0,Zone 5,66.5,Zone 5
Maharashtra,Nashik,Kalwan,27.6,2026-05-25,00:00:00,73.0,2026-05-24,00:00:00,2026-05-25 00:15:30,30.150000000000034,Zone 4,59.7,Zone 5,30.0,Zone 4,43.2,Zone 5,36.1,Zone 4,59.3,Zone 5,45.4,Zone 5,62.4,Zone 5,59.7,Zone 5,64.8,Zone 5
Maharashtra,Nashik,Malegaon,28.6,2026-05-25,00:00:00,73.0,2026-05-24,00:00:00,2026-05-25 00:15:30,32.05000000000001,Zone 4,61.3,Zone 5,31.9,Zone 4,50.7,Zone 5,38.3,Zone 4,60.9,Zone 5,53.0,Zone 5,63.8,Zone 5,61.3,Zone 5,65.9,Zone 5
Maharashtra,Nashik,Vilholi,26.4,2026-05-25,00:00:00,78.0,2026-05-24,00:00:00,2026-05-25 00:15:30,28.55000000000001,Zone 4,59.3,Zone 5,28.8,Zone 4,41.4,Zone 5,35.0,Zone 4,58.7,Zone 5,43.5,Zone 5,62.1,Zone 5,59.3,Zone 5,64.5,Zone 5
Maharashtra,Palghar,Palghar Aws400,28.6,2026-05-25,00:00:00,100.0,2026-05-24,00:00:00,2026-05-25 00:15:30,44.450000000000045,Zone 5,67.6,Zone 5,43.1,Zone 5,64.5,Zone 5,61.2,Zone 5,67.2,Zone 5,65.0,Zone 5,69.2,Zone 5,67.6,Zone 5,70.6,Zone 5
Maharashtra,Pune, Nimgiri Junnar,25.6,2026-05-25,00:00:00,,,,2026-05-25 00:15:30,,,,,,,,,,,,,,,,,,,,
Maharashtra,Pune,Ballalwadi Junnar,24.4,2026-05-25,00:00:00,74.0,2026-05-24,00:00:00,2026-05-25 00:15:30,25.350000000000023,Zone 4,44.6,Zone 5,25.5,Zone 4,35.9,Zone 4,31.1,Zone 4,43.1,Zone 5,36.3,Zone 4,58.0,Zone 5,44.6,Zone 5,61.5,Zone 5
Maharashtra,Pune,Cagmo Shivajinagar,27.3,2026-05-25,00:00:00,77.0,2026-05-24,00:00:00,2026-05-25 00:15:30,30.05000000000001,Zone 4,60.7,Zone 5,30.5,Zone 4,47.7,Zone 5,36.9,Zone 4,60.3,Zone 5,50.0,Zone 5,63.2,Zone 5,60.7,Zone 5,65.5,Zone 5
Maharashtra,Pune,Chinchwad Pune,26.7,2026-05-25,00:00:00,81.0,2026-05-24,00:00:00,2026-05-25 00:15:30,29.450000000000045,Zone 4,60.0,Zone 5,29.0,Zone 4,44.5,Zone 5,35.5,Zone 4,59.6,Zone 5,46.7,Zone 5,62.7,Zone 5,60.0,Zone 5,65.0,Zone 5
Maharashtra,Pune,Cme Dapodi,27.2,2026-05-25,00:00:00,84.0,2026-05-24,00:00:00,2026-05-25 00:15:30,30.75,Zone 4,61.5,Zone 5,30.3,Zone 4,51.6,Zone 5,37.1,Zone 4,61.1,Zone 5,53.9,Zone 5,63.9,Zone 5,61.5,Zone 5,66.1,Zone 5
Maharashtra,Pune,Dps Hadapsar Pune,27.6,2026-05-25,00:00:00,81.0,2026-05-24,00:00:00,2026-05-25 00:15:30,31.150000000000034,Zone 4,61.6,Zone 5,30.9,Zone 4,52.2,Zone 5,37.7,Zone 4,61.2,Zone 5,54.5,Zone 5,64.0,Zone 5,61.6,Zone 5,66.2,Zone 5
Maharashtra,Pune,Girivan,25.5,2026-05-25,00:00:00,86.0,2026-05-24,00:00:00,2026-05-25 00:15:30,27.75,Zone 4,59.5,Zone 5,27.7,Zone 4,42.1,Zone 5,34.2,Zone 4,59.1,Zone 5,44.2,Zone 5,62.2,Zone 5,59.5,Zone 5,64.6,Zone 5
Maharashtra,Pune,Khadakwadi Ambegaon,26.5,2026-05-25,00:00:00,75.0,2026-05-24,00:00:00,2026-05-25 00:15:30,28.450000000000045,Zone 4,57.7,Zone 5,28.5,Zone 4,39.6,Zone 4,34.5,Zone 4,56.2,Zone 5,40.5,Zone 5,61.5,Zone 5,57.7,Zone 5,64.0,Zone 5
Maharashtra,Pune,Khutbav Daund,27.1,2026-05-25,00:00:00,79.0,2026-05-24,00:00:00,2026-05-25 00:15:30,29.950000000000045,Zone 4,60.3,Zone 5,29.7,Zone 4,46.1,Zone 5,36.2,Zone 4,59.9,Zone 5,48.4,Zone 5,63.0,Zone 5,60.3,Zone 5,65.2,Zone 5
Maharashtra,Pune,Kurvande,,,,67.0,2026-05-24,00:00:00,2026-05-25 00:15:30,,,,,,,,,,,,,,,,,,,,
Maharashtra,Pune,Lavale,23.6,2026-05-25,00:00:00,91.0,2026-05-24,00:00:00,2026-05-25 00:15:30,25.05000000000001,Zone 3,52.3,Zone 5,25.0,Zone 3,36.2,Zone 4,31.0,Zone 4,50.7,Zone 5,36.8,Zone 4,60.3,Zone 5,52.3,Zone 5,62.9,Zone 5
Maharashtra,Pune,Lonikalbhor Haveli,25.7,2026-05-25,00:00:00,84.0,2026-05-24,00:00:00,2026-05-25 00:15:30,27.950000000000045,Zone 4,59.0,Zone 5,27.6,Zone 4,40.2,Zone 5,33.9,Zone 4,57.7,Zone 5,42.3,Zone 5,61.9,Zone 5,59.0,Zone 5,64.3,Zone 5
Maharashtra,Pune,Malin Ambegaon,25.9,2026-05-25,00:00:00,91.0,2026-05-24,00:00:00,2026-05-25 00:15:30,28.950000000000045,Zone 4,61.3,Zone 5,29.1,Zone 4,51.0,Zone 5,36.0,Zone 4,60.9,Zone 5,53.4,Zone 5,63.8,Zone 5,61.3,Zone 5,66.0,Zone 5
Maharashtra,Pune,Mti Pashan Pune,24.9,2026-05-25,00:00:00,91.0,2026-05-24,00:00:00,2026-05-25 00:15:30,27.05000000000001,Zone 4,59.7,Zone 5,27.3,Zone 4,43.1,Zone 5,33.8,Zone 4,59.3,Zone 5,45.3,Zone 5,62.4,Zone 5,59.7,Zone 5,64.8,Zone 5
Maharashtra,Pune,Narayangoan Krishi Kendra,25.8,2026-05-25,00:00:00,100.0,2026-05-24,00:00:00,2026-05-25 00:15:30,29.650000000000034,Zone 4,63.2,Zone 5,30.1,Zone 4,59.2,Zone 5,42.0,Zone 5,62.8,Zone 5,59.8,Zone 5,65.4,Zone 5,63.2,Zone 5,67.4,Zone 5
Maharashtra,Pune,Nda Pune,25.9,2026-05-25,00:00:00,80.0,2026-05-24,00:00:00,2026-05-25 00:15:30,27.950000000000045,Zone 4,58.9,Zone 5,28.1,Zone 4,40.0,Zone 5,34.3,Zone 4,57.4,Zone 5,42.0,Zone 5,61.8,Zone 5,58.9,Zone 5,64.2,Zone 5
Maharashtra,Pune,Niasm Baramati,26.4,2026-05-25,00:00:00,83.0,2026-05-24,00:00:00,2026-05-25 00:15:30,29.05000000000001,Zone 4,60.4,Zone 5,29.2,Zone 4,46.6,Zone 5,35.8,Zone 4,60.0,Zone 5,48.9,Zone 5,63.0,Zone 5,60.4,Zone 5,65.3,Zone 5
Maharashtra,Pune,Pabal Shirur,23.6,2026-05-25,00:00:00,99.0,2026-05-24,00:00:00,2026-05-25 00:15:30,25.450000000000045,Zone 4,58.2,Zone 5,25.2,Zone 3,39.2,Zone 5,31.8,Zone 4,56.7,Zone 5,41.2,Zone 5,61.6,Zone 5,58.2,Zone 5,64.1,Zone 5
Maharashtra,Pune,Pashan Aws Lab,26.0,2026-05-25,00:00:00,100.0,2026-05-24,00:00:00,2026-05-25 00:15:30,30.150000000000034,Zone 4,63.2,Zone 5,30.1,Zone 4,59.2,Zone 5,42.0,Zone 5,62.8,Zone 5,59.8,Zone 5,65.4,Zone 5,63.2,Zone 5,67.4,Zone 5
Maharashtra,Pune,Rajgurunagar,26.6,2026-05-25,00:00:00,87.0,2026-05-24,00:00:00,2026-05-25 00:15:30,29.850000000000023,Zone 4,61.3,Zone 5,29.7,Zone 4,50.9,Zone 5,36.5,Zone 4,60.9,Zone 5,53.2,Zone 5,63.8,Zone 5,61.3,Zone 5,66.0,Zone 5
Maharashtra,Pune,Rjspmcop Dudulgaon,27.0,2026-05-25,00:00:00,100.0,2026-05-24,00:00:00,2026-05-25 00:15:30,32.650000000000034,Zone 4,65.0,Zone 5,32.7,Zone 4,61.3,Zone 5,52.3,Zone 5,64.6,Zone 5,61.8,Zone 5,66.9,Zone 5,65.0,Zone 5,68.7,Zone 5
Maharashtra,Pune,Talegaon,25.8,2026-05-25,00:00:00,,,,2026-05-25 00:15:30,,,,,,,,,,,,,,,,,,,,
Maharashtra,Pune,Wadgaonsheri Pune,27.0,2026-05-25,00:00:00,73.0,2026-05-24,00:00:00,2026-05-25 00:15:30,29.150000000000034,Zone 4,58.8,Zone 5,29.1,Zone 4,40.2,Zone 4,35.2,Zone 4,57.4,Zone 5,41.9,Zone 5,61.8,Zone 5,58.8,Zone 5,64.2,Zone 5
Maharashtra,Raigad,Iighq Newpanvel,30.6,2026-05-25,00:00:00,100.0,2026-05-24,00:00:00,2026-05-25 00:15:30,62.35000000000002,Zone 5,71.1,Zone 5,62.0,Zone 5,68.8,Zone 5,66.5,Zone 5,70.8,Zone 5,69.3,Zone 5,73.1,Zone 6,71.1,Zone 5,76.0,Zone 6
Maharashtra,Raigad,Karjat,29.1,2026-05-25,00:00:00,81.0,2026-05-24,00:00:00,2026-05-25 00:15:30,34.55000000000001,Zone 4,64.0,Zone 5,34.3,Zone 4,60.2,Zone 5,46.7,Zone 5,63.6,Zone 5,60.7,Zone 5,66.1,Zone 5,64.0,Zone 5,68.0,Zone 5
Maharashtra,Ratnagiri,Dapoli,27.2,2026-05-25,00:00:00,,,,2026-05-25 00:15:30,,,,,,,,,,,,,,,,,,,,
Maharashtra,Ratnagiri,Ratnagiri Aws400,27.2,2026-05-25,00:00:00,100.0,2026-05-24,00:00:00,2026-05-25 00:15:30,33.25,Zone 4,65.0,Zone 5,32.7,Zone 4,61.3,Zone 5,52.3,Zone 5,64.6,Zone 5,61.8,Zone 5,66.9,Zone 5,65.0,Zone 5,68.7,Zone 5
Maharashtra,Ratnagiri,Savarde(Golwane),27.2,2026-05-25,00:00:00,,,,2026-05-25 00:15:30,,,,,,,,,,,,,,,,,,,,
Maharashtra,Sangli,Sangli Kvk,25.4,2026-05-24,23:45:00,93.0,2026-05-24,23:45:00,2026-05-25 00:15:30,28.150000000000034,Zone 4,60.9,Zone 5,28.3,Zone 4,49.0,Zone 5,35.2,Zone 4,60.5,Zone 5,51.4,Zone 5,63.5,Zone 5,60.9,Zone 5,65.7,Zone 5
Maharashtra,Satara,Mahabaleshwar,20.1,2026-05-25,00:00:00,100.0,2026-05-24,00:00:00,2026-05-25 00:15:30,21.55000000000001,Zone 3,36.9,Zone 5,21.5,Zone 3,31.3,Zone 4,26.3,Zone 4,36.3,Zone 4,31.7,Zone 4,50.8,Zone 5,36.9,Zone 5,60.0,Zone 5
Maharashtra,Sindhudurg,Devgad,27.9,2026-05-25,00:00:00,96.0,2026-05-24,00:00:00,2026-05-25 00:15:30,34.450000000000045,Zone 4,65.8,Zone 5,34.8,Zone 4,62.3,Zone 5,57.3,Zone 5,65.4,Zone 5,62.9,Zone 5,67.6,Zone 5,65.8,Zone 5,69.3,Zone 5
Maharashtra,Sindhudurg,Mulde Amfu,26.4,2026-05-25,00:00:00,100.0,2026-05-24,00:00:00,2026-05-25 00:15:30,31.05000000000001,Zone 4,64.1,Zone 5,31.3,Zone 4,60.2,Zone 5,47.0,Zone 5,63.7,Zone 5,60.8,Zone 5,66.2,Zone 5,64.1,Zone 5,68.0,Zone 5
Maharashtra,Sindhudurg,Vengurla,26.4,2026-05-25,00:00:00,93.0,2026-05-24,00:00:00,2026-05-25 00:15:30,30.150000000000034,Zone 4,62.6,Zone 5,30.4,Zone 4,57.0,Zone 5,38.8,Zone 5,62.2,Zone 5,59.0,Zone 5,64.9,Zone 5,62.6,Zone 5,66.9,Zone 5
Maharashtra,Solapur,Mohol Kvk,29.5,2026-05-25,00:00:00,55.0,2026-05-24,00:00:00,2026-05-25 00:15:30,31.25,Zone 4,55.7,Zone 5,31.2,Zone 4,41.2,Zone 4,36.7,Zone 4,54.2,Zone 5,41.7,Zone 4,61.1,Zone 5,55.7,Zone 5,63.6,Zone 5
Maharashtra,Solapur,Sangola Mahavidyalaya,27.8,2026-05-25,00:00:00,70.0,2026-05-24,00:00:00,2026-05-25 00:15:30,30.150000000000034,Zone 4,59.8,Zone 5,30.5,Zone 4,43.5,Zone 5,36.6,Zone 4,59.4,Zone 5,45.7,Zone 5,62.5,Zone 5,59.8,Zone 5,64.8,Zone 5
Maharashtra,Solapur,Solapur,30.1,2026-05-25,00:00:00,63.0,2026-05-24,00:00:00,2026-05-25 00:15:30,33.450000000000045,Zone 4,61.0,Zone 5,33.2,Zone 4,49.4,Zone 5,39.3,Zone 4,60.6,Zone 5,51.7,Zone 5,63.5,Zone 5,61.0,Zone 5,65.7,Zone 5
Maharashtra,Thane,Bhayander,29.6,2026-05-25,00:00:00,,,,2026-05-25 00:15:30,,,,,,,,,,,,,,,,,,,,
Maharashtra,Wardha,Wardha,35.4,2026-05-25,00:00:00,34.0,2026-05-24,00:00:00,2026-05-25 00:15:30,36.75,Zone 4,59.4,Zone 5,36.9,Zone 4,45.8,Zone 4,41.7,Zone 4,59.1,Zone 5,46.3,Zone 4,62.2,Zone 5,59.4,Zone 5,64.6,Zone 5
Maharashtra,Yavatmal,Pushad Aws400,34.5,2026-05-25,00:00:00,33.0,2026-05-24,00:00:00,2026-05-25 00:15:30,35.25,Zone 4,54.6,Zone 5,35.2,Zone 4,43.9,Zone 4,39.9,Zone 4,53.1,Zone 5,44.4,Zone 4,60.8,Zone 5,54.6,Zone 5,63.4,Zone 5
Manipur,Chandel,Chandel Kvk,21.0,2026-05-25,00:00:00,80.0,2026-05-24,00:00:00,2026-05-25 00:15:30,21.75,Zone 3,36.3,Zone 4,21.8,Zone 3,31.3,Zone 4,26.7,Zone 4,36.0,Zone 4,31.6,Zone 4,44.2,Zone 5,36.3,Zone 4,57.3,Zone 5
Manipur,Imphal East,Jiribam,24.6,2026-05-25,00:00:00,99.0,2026-05-24,00:00:00,2026-05-25 00:15:30,27.150000000000034,Zone 4,60.5,Zone 5,27.0,Zone 4,46.7,Zone 5,33.9,Zone 4,60.1,Zone 5,49.1,Zone 5,63.1,Zone 5,60.5,Zone 5,65.3,Zone 5
Manipur,Imphal East,Porompat,21.7,2026-05-25,00:00:00,88.0,2026-05-24,00:00:00,2026-05-25 00:15:30,22.950000000000045,Zone 3,37.9,Zone 4,22.7,Zone 3,32.6,Zone 4,27.8,Zone 4,37.6,Zone 4,33.0,Zone 4,51.8,Zone 5,37.9,Zone 4,60.2,Zone 5
Manipur,Kamjong,Kamjong,,,,93.0,2026-05-24,00:00:00,2026-05-25 00:15:30,,,,,,,,,,,,,,,,,,,,
Manipur,Kangpokpi,Saikul,19.8,2026-05-25,00:00:00,100.0,2026-05-24,00:00:00,2026-05-25 00:15:30,21.25,Zone 3,36.9,Zone 5,21.5,Zone 3,31.3,Zone 4,26.3,Zone 4,36.3,Zone 4,31.7,Zone 4,50.8,Zone 5,36.9,Zone 5,60.0,Zone 5
Manipur,Noney,Khoupum,21.5,2026-05-25,00:00:00,100.0,2026-05-24,00:00:00,2026-05-25 00:15:30,23.150000000000034,Zone 3,45.7,Zone 5,23.2,Zone 3,33.6,Zone 4,28.5,Zone 4,44.3,Zone 5,34.1,Zone 4,58.9,Zone 5,45.7,Zone 5,61.8,Zone 5
Manipur,Senapati,Mao,17.9,2026-05-24,23:45:00,96.0,2026-05-24,23:45:00,2026-05-25 00:15:30,18.75,Zone 3,33.3,Zone 4,18.9,Zone 3,28.4,Zone 4,24.3,Zone 3,33.1,Zone 4,28.7,Zone 4,38.4,Zone 5,33.3,Zone 4,51.8,Zone 5
Meghalaya,East Garo Hills,Williamnagar,24.8,2026-05-25,00:00:00,86.0,2026-05-24,00:00:00,2026-05-25 00:15:30,26.55000000000001,Zone 4,57.8,Zone 5,26.9,Zone 4,38.7,Zone 5,33.2,Zone 4,56.3,Zone 5,40.6,Zone 5,61.5,Zone 5,57.8,Zone 5,64.0,Zone 5
Meghalaya,East Khasi Hills,Laban,20.1,2026-05-25,00:00:00,88.0,2026-05-24,00:00:00,2026-05-25 00:15:30,21.05000000000001,Zone 3,35.6,Zone 4,20.9,Zone 3,30.5,Zone 4,25.8,Zone 4,35.3,Zone 4,30.8,Zone 4,43.8,Zone 5,35.6,Zone 4,57.0,Zone 5
Meghalaya,East Khasi Hills,Mawryngkneng,21.2,2026-05-25,00:00:00,95.0,2026-05-24,00:00:00,2026-05-25 00:15:30,22.650000000000034,Zone 3,39.4,Zone 5,22.4,Zone 3,32.4,Zone 4,27.4,Zone 4,38.2,Zone 5,32.8,Zone 4,53.4,Zone 5,39.4,Zone 5,60.5,Zone 5
Meghalaya,East Khasi Hills,Mawsynram,18.9,2026-05-25,00:00:00,98.0,2026-05-24,00:00:00,2026-05-25 00:15:30,20.05000000000001,Zone 3,34.9,Zone 4,20.2,Zone 3,29.8,Zone 4,25.1,Zone 3,34.6,Zone 4,30.1,Zone 4,44.2,Zone 5,34.9,Zone 4,57.3,Zone 5
Meghalaya,East Khasi Hills,Nehu,20.6,2026-05-25,00:00:00,92.0,2026-05-24,00:00:00,2026-05-25 00:15:30,21.850000000000023,Zone 3,36.7,Zone 4,21.7,Zone 3,31.5,Zone 4,26.6,Zone 4,36.4,Zone 4,31.8,Zone 4,48.9,Zone 5,36.7,Zone 4,59.5,Zone 5
Meghalaya,East Khasi Hills,Shillong,19.2,2026-05-25,00:00:00,89.0,2026-05-24,00:00:00,2026-05-25 00:15:30,20.05000000000001,Zone 3,34.2,Zone 4,19.8,Zone 3,29.3,Zone 4,24.9,Zone 3,34.0,Zone 4,29.6,Zone 4,39.6,Zone 5,34.2,Zone 4,53.1,Zone 5
Meghalaya,East Khasi Hills,Sohra(Cherrapunjee),21.1,2026-05-25,00:00:00,,,,2026-05-25 00:15:30,,,,,,,,,,,,,,,,,,,,
Meghalaya,North Garo Hills,Resubelpara,24.1,2026-05-25,00:00:00,99.0,2026-05-24,00:00:00,2026-05-25 00:15:30,26.25,Zone 4,59.6,Zone 5,26.1,Zone 4,42.7,Zone 5,32.8,Zone 4,59.2,Zone 5,45.0,Zone 5,62.3,Zone 5,59.6,Zone 5,64.7,Zone 5
Meghalaya,Ri Bhoi,Byrnihat,25.2,2026-05-25,00:00:00,99.0,2026-05-24,00:00:00,2026-05-25 00:15:30,28.25,Zone 4,61.3,Zone 5,27.9,Zone 4,50.8,Zone 5,35.0,Zone 4,60.9,Zone 5,53.2,Zone 5,63.8,Zone 5,61.3,Zone 5,66.0,Zone 5
Meghalaya,Ri Bhoi,Umtrewdam,28.8,2026-05-25,00:00:00,,,,2026-05-25 00:15:30,,,,,,,,,,,,,,,,,,,,
Meghalaya,South Garo Hills,Baghmara,25.4,2026-05-24,23:45:00,82.0,2026-05-24,23:45:00,2026-05-25 00:15:30,27.25,Zone 4,57.6,Zone 5,27.4,Zone 4,38.8,Zone 4,33.6,Zone 4,56.1,Zone 5,40.4,Zone 5,61.5,Zone 5,57.6,Zone 5,64.0,Zone 5
Meghalaya,South West Garo Hills,Ampati,24.2,2026-05-25,00:00:00,,,,2026-05-25 00:15:30,,,,,,,,,,,,,,,,,,,,
Meghalaya,South West Khasi Hills,Mawkyrwat,18.3,2026-05-25,00:00:00,100.0,2026-05-24,00:00:00,2026-05-25 00:15:30,19.450000000000045,Zone 3,34.3,Zone 4,19.7,Zone 3,29.2,Zone 4,24.8,Zone 3,34.0,Zone 4,29.5,Zone 4,42.6,Zone 5,34.3,Zone 4,56.0,Zone 5
Meghalaya,West Garo Hills,Tura,26.3,2026-05-25,00:00:00,81.0,2026-05-24,00:00:00,2026-05-25 00:15:30,28.650000000000034,Zone 4,60.0,Zone 5,29.0,Zone 4,44.5,Zone 5,35.5,Zone 4,59.6,Zone 5,46.7,Zone 5,62.7,Zone 5,60.0,Zone 5,65.0,Zone 5
Meghalaya,West Khasi Hills,Nongstoin,19.8,2026-05-25,00:00:00,98.0,2026-05-24,00:00:00,2026-05-25 00:15:30,21.150000000000034,Zone 3,36.5,Zone 4,21.4,Zone 3,31.1,Zone 4,26.2,Zone 4,36.2,Zone 4,31.5,Zone 4,49.7,Zone 5,36.5,Zone 4,59.7,Zone 5
Mizoram,Aizawl,Lengpui,27.1,2026-05-25,00:00:00,86.0,2026-05-24,00:00:00,2026-05-25 00:15:30,30.75,Zone 4,61.9,Zone 5,30.6,Zone 4,53.8,Zone 5,37.5,Zone 4,61.5,Zone 5,56.0,Zone 5,64.3,Zone 5,61.9,Zone 5,66.4,Zone 5
Mizoram,Aizawl,Mizoram University,23.6,2026-05-25,00:00:00,90.0,2026-05-24,00:00:00,2026-05-25 00:15:30,25.05000000000001,Zone 3,51.5,Zone 5,24.9,Zone 3,36.1,Zone 4,30.9,Zone 4,49.9,Zone 5,36.6,Zone 4,60.2,Zone 5,51.5,Zone 5,62.8,Zone 5
Mizoram,Hnathial,Hnathial,21.4,2026-05-25,00:00:00,100.0,2026-05-24,00:00:00,2026-05-25 00:15:30,23.05000000000001,Zone 3,45.7,Zone 5,23.2,Zone 3,33.6,Zone 4,28.5,Zone 4,44.3,Zone 5,34.1,Zone 4,58.9,Zone 5,45.7,Zone 5,61.8,Zone 5
Mizoram,Khawzawl,Khawzawl,18.9,2026-05-25,00:00:00,100.0,2026-05-24,00:00:00,2026-05-25 00:15:30,20.150000000000034,Zone 3,35.1,Zone 4,20.3,Zone 3,29.9,Zone 4,25.1,Zone 3,34.8,Zone 4,30.2,Zone 4,45.3,Zone 5,35.1,Zone 4,58.2,Zone 5
Mizoram,Kolasib,Kolasib,23.0,2026-05-25,00:00:00,100.0,2026-05-24,00:00:00,2026-05-25 00:15:30,24.75,Zone 3,55.8,Zone 5,24.8,Zone 3,36.7,Zone 5,31.0,Zone 4,54.3,Zone 5,38.5,Zone 5,61.1,Zone 5,55.8,Zone 5,63.6,Zone 5
Mizoram,Lawngtlai,Chawnhu,22.0,2026-05-25,00:00:00,100.0,2026-05-24,00:00:00,2026-05-25 00:15:30,23.75,Zone 3,49.1,Zone 5,23.7,Zone 3,34.5,Zone 4,29.3,Zone 4,47.5,Zone 5,35.0,Zone 4,59.7,Zone 5,49.1,Zone 5,62.4,Zone 5
Mizoram,Mamit,Lengpui Kvk,25.0,2026-05-25,00:00:00,98.0,2026-05-24,00:00:00,2026-05-25 00:15:30,27.850000000000023,Zone 4,61.1,Zone 5,27.8,Zone 4,49.9,Zone 5,34.9,Zone 4,60.7,Zone 5,52.2,Zone 5,63.6,Zone 5,61.1,Zone 5,65.8,Zone 5
Mizoram,Saiha,Saiha,21.3,2026-05-25,00:00:00,92.0,2026-05-24,00:00:00,2026-05-25 00:15:30,22.650000000000034,Zone 3,40.3,Zone 5,22.9,Zone 3,32.9,Zone 4,28.0,Zone 4,39.1,Zone 5,33.3,Zone 4,54.3,Zone 5,40.3,Zone 5,60.7,Zone 5
Mizoram,Serchhip,Serchhip,,,,25.0,2026-05-24,23:45:00,2026-05-25 00:15:30,,,,,,,,,,,,,,,,,,,,
Nagaland,Kiphire,Kiphire Aws400,20.1,2026-05-25,00:00:00,93.0,2026-05-24,00:00:00,2026-05-25 00:15:30,21.25,Zone 3,36.0,Zone 4,21.2,Zone 3,30.8,Zone 4,26.0,Zone 4,35.7,Zone 4,31.2,Zone 4,46.7,Zone 5,36.0,Zone 4,59.1,Zone 5
Nagaland,Longleng,Sakshi,23.6,2026-05-25,00:00:00,73.0,2026-05-24,00:00:00,2026-05-25 00:15:30,24.450000000000045,Zone 3,39.3,Zone 4,24.3,Zone 3,34.2,Zone 4,29.6,Zone 4,39.0,Zone 4,34.6,Zone 4,52.4,Zone 5,39.3,Zone 4,60.3,Zone 5
Nagaland,Peren,Jalukie,26.7,2026-05-24,23:45:00,71.0,2026-05-24,23:45:00,2026-05-25 00:15:30,28.450000000000045,Zone 4,54.2,Zone 5,28.2,Zone 4,38.9,Zone 4,34.0,Zone 4,52.6,Zone 5,39.4,Zone 4,60.7,Zone 5,54.2,Zone 5,63.3,Zone 5
Nagaland,Tuensang,Thonoknyu,17.9,2026-05-25,00:00:00,100.0,2026-05-24,00:00:00,2026-05-25 00:15:30,18.950000000000045,Zone 3,33.6,Zone 4,19.1,Zone 3,28.6,Zone 4,24.4,Zone 3,33.3,Zone 4,28.9,Zone 4,40.2,Zone 5,33.6,Zone 4,53.7,Zone 5
Nagaland,Wokha,Wokha,21.9,2026-05-25,00:00:00,84.0,2026-05-24,00:00:00,2026-05-25 00:15:30,22.950000000000045,Zone 3,38.3,Zone 4,23.1,Zone 3,33.0,Zone 4,28.2,Zone 4,37.9,Zone 4,33.4,Zone 4,52.0,Zone 5,38.3,Zone 4,60.2,Zone 5
Odisha,Balangir,Bolangir,33.3,2026-05-25,00:00:00,,,,2026-05-25 00:15:30,,,,,,,,,,,,,,,,,,,,
Odisha,Balasore,Fm University,29.6,2026-05-25,00:00:00,88.0,2026-05-24,00:00:00,2026-05-25 00:15:30,37.85000000000002,Zone 4,66.5,Zone 5,37.5,Zone 4,63.2,Zone 5,59.6,Zone 5,66.2,Zone 5,63.7,Zone 5,68.3,Zone 5,66.5,Zone 5,69.8,Zone 5
Odisha,Cuttack,Cuttack Kvk,30.0,2026-05-25,00:00:00,,,,2026-05-25 00:15:30,,,,,,,,,,,,,,,,,,,,
Odisha,Ganjam,Benakuda Kvk,29.9,2026-05-25,00:00:00,86.0,2026-05-24,00:00:00,2026-05-25 00:15:30,38.25,Zone 4,66.9,Zone 5,38.6,Zone 4,63.6,Zone 5,60.2,Zone 5,66.5,Zone 5,64.2,Zone 5,68.6,Zone 5,66.9,Zone 5,70.1,Zone 5
Odisha,Jharsuguda,Jharsuguda,32.1,2026-05-25,00:00:00,100.0,2026-05-24,00:00:00,2026-05-25 00:15:30,67.75,Zone 5,76.2,Zone 6,67.4,Zone 5,72.7,Zone 6,70.6,Zone 5,75.6,Zone 6,73.3,Zone 6,78.5,Zone 6,76.2,Zone 6,81.4,Zone 6
Odisha,Khurdha,Bhubaneshwar Airport,29.0,2026-05-25,00:00:00,90.0,2026-05-24,00:00:00,2026-05-25 00:15:30,36.450000000000045,Zone 4,66.2,Zone 5,36.4,Zone 4,62.7,Zone 5,59.1,Zone 5,65.8,Zone 5,63.3,Zone 5,68.0,Zone 5,66.2,Zone 5,69.6,Zone 5
Odisha,Mayurbhanj,Baripada,30.2,2026-05-25,00:00:00,92.0,2026-05-24,00:00:00,2026-05-25 00:15:30,51.950000000000045,Zone 5,68.4,Zone 5,49.2,Zone 5,65.4,Zone 5,62.3,Zone 5,68.0,Zone 5,65.9,Zone 5,69.8,Zone 5,68.4,Zone 5,71.2,Zone 5
Odisha,Puri,Janhukuda(Near Satapada),30.1,2026-05-25,00:00:00,100.0,2026-05-24,00:00:00,2026-05-25 00:15:30,60.55000000000001,Zone 5,70.2,Zone 5,60.2,Zone 5,67.7,Zone 5,65.2,Zone 5,69.9,Zone 5,68.2,Zone 5,71.4,Zone 5,70.2,Zone 5,74.3,Zone 6
Odisha,Puri,Puri Kvk,29.8,2026-05-25,00:00:00,22.0,2026-05-24,00:00:00,2026-05-25 00:15:30,28.450000000000045,Zone 4,40.1,Zone 4,28.7,Zone 4,36.4,Zone 4,32.7,Zone 4,40.0,Zone 4,36.5,Zone 4,43.5,Zone 4,40.1,Zone 4,50.4,Zone 5
Odisha,Rayagada,Gunupur Kvk,29.5,2026-05-25,00:00:00,100.0,2026-05-24,00:00:00,2026-05-25 00:15:30,56.950000000000045,Zone 5,69.3,Zone 5,56.9,Zone 5,66.6,Zone 5,63.8,Zone 5,69.0,Zone 5,67.1,Zone 5,70.7,Zone 5,69.3,Zone 5,72.6,Zone 6
Odisha,Sambalpur,Dhankauda,31.4,2026-05-25,00:00:00,51.0,2026-05-24,00:00:00,2026-05-25 00:15:30,33.75,Zone 4,59.8,Zone 5,33.9,Zone 4,44.0,Zone 4,39.4,Zone 4,59.4,Zone 5,45.8,Zone 5,62.5,Zone 5,59.8,Zone 5,64.8,Zone 5
Odisha,Sonepur,Sonepur,32.0,2026-05-25,00:00:00,74.0,2026-05-24,00:00:00,2026-05-25 00:15:30,41.05000000000001,Zone 4,67.1,Zone 5,41.1,Zone 4,63.9,Zone 5,60.5,Zone 5,66.8,Zone 5,64.4,Zone 5,68.8,Zone 5,67.1,Zone 5,70.3,Zone 5
Odisha,Sundergarh,Balishankar,29.2,2026-05-25,00:00:00,,,,2026-05-25 00:15:30,,,,,,,,,,,,,,,,,,,,
Odisha,Sundergarh,Sundergarh,30.1,2026-05-25,00:00:00,61.0,2026-05-24,00:00:00,2026-05-25 00:15:30,33.05000000000001,Zone 4,60.5,Zone 5,32.9,Zone 4,46.8,Zone 5,38.8,Zone 4,60.1,Zone 5,49.1,Zone 5,63.1,Zone 5,60.5,Zone 5,65.3,Zone 5
Puducherry,Mahe,Mahe Jnv,27.0,2026-05-25,00:00:00,100.0,2026-05-24,00:00:00,2026-05-25 00:15:30,32.650000000000034,Zone 4,65.0,Zone 5,32.7,Zone 4,61.3,Zone 5,52.3,Zone 5,64.6,Zone 5,61.8,Zone 5,66.9,Zone 5,65.0,Zone 5,68.7,Zone 5
Puducherry,Puducherry,Puducherry,29.0,2026-05-25,00:00:00,69.0,2026-05-24,00:00:00,2026-05-25 00:15:30,32.25,Zone 4,61.1,Zone 5,32.2,Zone 4,49.6,Zone 5,38.5,Zone 4,60.7,Zone 5,52.0,Zone 5,63.6,Zone 5,61.1,Zone 5,65.8,Zone 5
Puducherry,Puducherry,Puducherry Kvk,27.7,2026-05-25,00:00:00,62.0,2026-05-24,00:00:00,2026-05-25 00:15:30,29.25,Zone 4,51.5,Zone 5,28.9,Zone 4,39.1,Zone 4,34.4,Zone 4,49.9,Zone 5,39.6,Zone 4,60.2,Zone 5,51.5,Zone 5,62.8,Zone 5
Punjab,Bathinda,Bhatinda Amfu,33.9,2026-05-25,00:00:00,,,,2026-05-25 00:15:30,,,,,,,,,,,,,,,,,,,,
Punjab,Faridkot,Faridkot Amfu,31.9,2026-05-24,23:45:00,38.0,2026-05-24,23:45:00,2026-05-25 00:15:30,32.450000000000045,Zone 4,48.8,Zone 5,32.6,Zone 4,41.5,Zone 4,37.4,Zone 4,47.4,Zone 5,41.9,Zone 4,59.6,Zone 5,48.8,Zone 5,62.3,Zone 5
Punjab,Fazilka,Fasc Abohar,27.9,2026-05-25,00:00:00,30.0,2026-05-24,00:00:00,2026-05-25 00:15:30,27.05000000000001,Zone 4,39.3,Zone 4,27.2,Zone 4,35.3,Zone 4,31.5,Zone 4,39.1,Zone 4,35.5,Zone 4,42.7,Zone 4,39.3,Zone 4,51.2,Zone 5
Punjab,Fazilka,Fazilka,29.2,2026-05-25,00:00:00,,,,2026-05-25 00:15:30,,,,,,,,,,,,,,,,,,,,
Punjab,Firozpur,Firozpur Kvk,27.5,2026-05-25,00:00:00,38.0,2026-05-24,00:00:00,2026-05-25 00:15:30,27.150000000000034,Zone 4,39.9,Zone 4,27.2,Zone 4,35.7,Zone 4,31.7,Zone 4,39.7,Zone 4,35.9,Zone 4,43.5,Zone 4,39.9,Zone 4,56.0,Zone 5
Punjab,Hoshiarpur,Hosiyarpur,23.7,2026-05-25,00:00:00,53.0,2026-05-24,00:00:00,2026-05-25 00:15:30,23.650000000000034,Zone 3,36.9,Zone 4,23.4,Zone 3,32.5,Zone 4,28.3,Zone 4,36.7,Zone 4,32.7,Zone 4,40.7,Zone 4,36.9,Zone 4,51.8,Zone 5
Punjab,Hoshiarpur,Salern,28.1,2026-05-25,00:00:00,10.0,2026-05-24,00:00:00,2026-05-25 00:15:30,26.25,Zone 4,36.7,Zone 4,26.1,Zone 4,33.4,Zone 4,29.9,Zone 4,36.7,Zone 4,33.4,Zone 4,39.8,Zone 4,36.7,Zone 4,42.9,Zone 4
Punjab,Mohali,Mohali,32.2,2026-05-25,00:00:00,,,,2026-05-25 00:15:30,,,,,,,,,,,,,,,,,,,,
Punjab,Pathankot,Kvk Pathankot,25.4,2026-05-25,00:00:00,,,,2026-05-25 00:15:30,,,,,,,,,,,,,,,,,,,,
Punjab,Pathankot,Thein Dam,27.1,2026-05-25,00:00:00,38.0,2026-05-24,00:00:00,2026-05-25 00:15:30,26.75,Zone 4,39.3,Zone 4,26.6,Zone 4,35.1,Zone 4,31.1,Zone 4,39.1,Zone 4,35.3,Zone 4,42.9,Zone 4,39.3,Zone 4,54.3,Zone 5
Punjab,Rupnagar,Bhakra Dam Imdnagal,24.6,2026-05-25,00:00:00,56.0,2026-05-24,00:00:00,2026-05-25 00:15:30,24.75,Zone 3,38.5,Zone 4,24.7,Zone 3,34.0,Zone 4,29.6,Zone 4,38.3,Zone 4,34.2,Zone 4,44.6,Zone 5,38.5,Zone 4,57.6,Zone 5
Punjab,Rupnagar,Sri Anadpur Sahib Imdjindwadi,27.0,2026-05-25,00:00:00,34.0,2026-05-24,00:00:00,2026-05-25 00:15:30,26.350000000000023,Zone 4,38.7,Zone 4,26.4,Zone 4,34.7,Zone 4,30.8,Zone 4,38.6,Zone 4,34.9,Zone 4,42.3,Zone 4,38.7,Zone 4,51.1,Zone 5
Rajasthan,Ajmer,Ajmer,33.5,2026-05-25,00:00:00,35.0,2026-05-24,00:00:00,2026-05-25 00:15:30,34.150000000000034,Zone 4,52.4,Zone 5,34.2,Zone 4,43.0,Zone 4,38.9,Zone 4,51.0,Zone 5,43.4,Zone 4,60.4,Zone 5,52.4,Zone 5,63.0,Zone 5
Rajasthan,Ajmer,Central University Kishangarh,33.5,2026-05-25,00:00:00,26.0,2026-05-24,00:00:00,2026-05-25 00:15:30,32.75,Zone 4,45.0,Zone 4,32.8,Zone 4,40.8,Zone 4,37.1,Zone 4,44.7,Zone 4,41.1,Zone 4,53.9,Zone 5,45.0,Zone 4,60.6,Zone 5
Rajasthan,Bikaner,Bikaner Amfu,36.9,2026-05-25,00:00:00,26.0,2026-05-24,00:00:00,2026-05-25 00:15:30,36.950000000000045,Zone 4,55.6,Zone 5,37.1,Zone 4,45.4,Zone 4,41.6,Zone 4,54.1,Zone 5,45.8,Zone 4,61.0,Zone 5,55.6,Zone 5,63.6,Zone 5
Rajasthan,Bikaner,Lunkarnsar,37.7,2026-05-25,00:00:00,19.0,2026-05-24,00:00:00,2026-05-25 00:15:30,36.35000000000002,Zone 4,47.8,Zone 4,36.2,Zone 4,43.8,Zone 4,40.2,Zone 4,47.5,Zone 4,44.1,Zone 4,58.8,Zone 5,47.8,Zone 4,61.7,Zone 5
Rajasthan,Chittaurgarh,Chittorgarh Kvk,32.6,2026-05-25,00:00:00,,,,2026-05-25 00:15:30,,,,,,,,,,,,,,,,,,,,
Rajasthan,Churu,Churu,36.9,2026-05-25,00:00:00,22.0,2026-05-24,00:00:00,2026-05-25 00:15:30,36.05000000000001,Zone 4,48.7,Zone 5,36.2,Zone 4,44.1,Zone 4,40.4,Zone 4,48.0,Zone 4,44.4,Zone 4,59.6,Zone 5,48.7,Zone 5,62.3,Zone 5
Rajasthan,Dausa,Khedali,31.8,2026-05-25,00:00:00,,,,2026-05-25 00:15:30,,,,,,,,,,,,,,,,,,,,
Rajasthan,Dungarpur,Dungarpur Kvk,33.4,2026-05-25,00:00:00,,,,2026-05-25 00:15:30,,,,,,,,,,,,,,,,,,,,
Rajasthan,Jaipur,Amity University,33.6,2026-05-25,00:00:00,21.0,2026-05-24,00:00:00,2026-05-25 00:15:30,32.25,Zone 4,43.7,Zone 4,32.1,Zone 4,39.8,Zone 4,36.2,Zone 4,43.5,Zone 4,40.0,Zone 4,47.5,Zone 5,43.7,Zone 4,59.2,Zone 5
Rajasthan,Jaisalmer,Jaisalmer,29.3,2026-05-25,00:00:00,55.0,2026-05-24,00:00:00,2026-05-25 00:15:30,30.950000000000045,Zone 4,55.7,Zone 5,31.2,Zone 4,41.2,Zone 4,36.7,Zone 4,54.2,Zone 5,41.7,Zone 4,61.1,Zone 5,55.7,Zone 5,63.6,Zone 5
Rajasthan,Jhunjhunu,Jhunjhunu(Aws),34.7,2026-05-25,00:00:00,18.0,2026-05-24,00:00:00,2026-05-25 00:15:30,32.950000000000045,Zone 4,44.0,Zone 4,32.7,Zone 4,40.3,Zone 4,36.7,Zone 4,43.8,Zone 4,40.5,Zone 4,47.3,Zone 4,44.0,Zone 4,59.1,Zone 5
Rajasthan,Jodhpur,Jodhpur,34.2,2026-05-25,00:00:00,35.0,2026-05-24,00:00:00,2026-05-25 00:15:30,35.150000000000034,Zone 4,54.9,Zone 5,34.9,Zone 4,43.8,Zone 4,39.7,Zone 4,53.5,Zone 5,44.2,Zone 4,60.9,Zone 5,54.9,Zone 5,63.5,Zone 5
Rajasthan,Karauli,Karauli Kvk,34.2,2026-05-25,00:00:00,,,,2026-05-25 00:15:30,,,,,,,,,,,,,,,,,,,,
Rajasthan,Nagaur,Krishi Vishwavidhyalaya,34.6,2026-05-24,23:45:00,27.0,2026-05-24,23:45:00,2026-05-25 00:15:30,34.25,Zone 4,46.6,Zone 4,34.1,Zone 4,42.3,Zone 4,38.5,Zone 4,46.3,Zone 4,42.6,Zone 4,58.7,Zone 5,46.6,Zone 4,61.7,Zone 5
Rajasthan,Pali,Pali,32.1,2026-05-25,00:00:00,39.0,2026-05-24,00:00:00,2026-05-25 00:15:30,32.85000000000002,Zone 4,50.2,Zone 5,32.7,Zone 4,41.7,Zone 4,37.6,Zone 4,48.7,Zone 5,42.1,Zone 4,59.9,Zone 5,50.2,Zone 5,62.6,Zone 5
Rajasthan,Pratapgarh,Pratapgarh,32.6,2026-05-25,00:00:00,45.0,2026-05-24,00:00:00,2026-05-25 00:15:30,34.650000000000034,Zone 4,59.3,Zone 5,34.5,Zone 4,44.1,Zone 4,39.7,Zone 4,58.7,Zone 5,44.6,Zone 4,62.1,Zone 5,59.3,Zone 5,64.5,Zone 5
Rajasthan,Sikar,Fatehpur Amfu,35.3,2026-05-25,00:00:00,29.0,2026-05-24,00:00:00,2026-05-25 00:15:30,35.55000000000001,Zone 4,53.4,Zone 5,35.8,Zone 4,44.2,Zone 4,40.3,Zone 4,51.9,Zone 5,44.6,Zone 4,60.6,Zone 5,53.4,Zone 5,63.2,Zone 5
Rajasthan,Sirohi,Mount Abu,24.2,2026-05-25,00:00:00,72.0,2026-05-24,00:00:00,2026-05-25 00:15:30,25.05000000000001,Zone 3,40.1,Zone 5,24.8,Zone 3,34.9,Zone 4,30.2,Zone 4,39.7,Zone 4,35.2,Zone 4,54.2,Zone 5,40.1,Zone 5,60.7,Zone 5
Rajasthan,Sirohi,Sirohi Kvk,29.5,2026-05-25,00:00:00,40.0,2026-05-24,00:00:00,2026-05-25 00:15:30,29.650000000000034,Zone 4,42.9,Zone 4,29.6,Zone 4,38.4,Zone 4,34.3,Zone 4,42.6,Zone 4,38.7,Zone 4,53.2,Zone 5,42.9,Zone 4,60.5,Zone 5
Sikkim,Gangtok,Tadong,40.1,2026-05-25,00:00:00,77.0,2026-05-24,00:00:00,2026-05-25 00:15:30,84.45000000000005,Zone 6,92.7,Zone 6,84.0,Zone 6,89.1,Zone 6,86.9,Zone 6,91.9,Zone 6,89.8,Zone 6,94.8,Zone 6,92.7,Zone 6,97.6,Zone 6
Sikkim,Namchi,Namchi,18.2,2026-05-25,00:00:00,96.0,2026-05-24,00:00:00,2026-05-25 00:15:30,19.150000000000034,Zone 3,33.3,Zone 4,18.9,Zone 3,28.4,Zone 4,24.3,Zone 3,33.1,Zone 4,28.7,Zone 4,38.4,Zone 5,33.3,Zone 4,51.8,Zone 5
Tamil Nadu,Ariyalur,Ariyalur,25.4,2026-05-25,00:00:00,81.0,2026-05-24,00:00:00,2026-05-25 00:15:30,27.150000000000034,Zone 4,56.8,Zone 5,27.4,Zone 4,38.6,Zone 4,33.5,Zone 4,55.3,Zone 5,39.5,Zone 5,61.3,Zone 5,56.8,Zone 5,63.8,Zone 5
Tamil Nadu,Chennai,Chennai,30.5,2026-05-25,00:00:00,91.0,2026-05-24,00:00:00,2026-05-25 00:15:30,54.150000000000034,Zone 5,69.0,Zone 5,54.2,Zone 5,66.2,Zone 5,63.3,Zone 5,68.6,Zone 5,66.7,Zone 5,70.4,Zone 5,69.0,Zone 5,71.9,Zone 6
Tamil Nadu,Chennai,Ennore Port,31.2,2026-05-25,00:00:00,66.0,2026-05-24,00:00:00,2026-05-25 00:15:30,36.35000000000002,Zone 4,63.3,Zone 5,35.9,Zone 4,59.3,Zone 5,42.7,Zone 5,63.0,Zone 5,59.9,Zone 5,65.5,Zone 5,63.3,Zone 5,67.5,Zone 5
Tamil Nadu,Chennai,Meenambakkam Isro,29.1,2026-05-25,00:00:00,78.0,2026-05-24,00:00:00,2026-05-25 00:15:30,33.950000000000045,Zone 4,63.3,Zone 5,33.7,Zone 4,59.3,Zone 5,42.5,Zone 5,62.9,Zone 5,59.8,Zone 5,65.5,Zone 5,63.3,Zone 5,67.4,Zone 5
Tamil Nadu,Chennai,Niot Pallikaranai,30.1,2026-05-25,00:00:00,78.0,2026-05-24,00:00:00,2026-05-25 00:15:30,36.55000000000001,Zone 4,64.9,Zone 5,36.3,Zone 4,61.2,Zone 5,52.1,Zone 5,64.5,Zone 5,61.8,Zone 5,66.9,Zone 5,64.9,Zone 5,68.6,Zone 5
Tamil Nadu,Coimbatore,Coimbatore Amfu,23.0,2026-05-25,00:00:00,76.0,2026-05-24,00:00:00,2026-05-25 00:15:30,23.850000000000023,Zone 3,38.9,Zone 4,23.9,Zone 3,33.8,Zone 4,29.1,Zone 4,38.6,Zone 4,34.1,Zone 4,51.9,Zone 5,38.9,Zone 4,60.2,Zone 5
Tamil Nadu,Coimbatore,P N Palayam,22.6,2026-05-24,23:45:00,96.0,2026-05-24,23:45:00,2026-05-25 00:15:30,24.25,Zone 3,49.5,Zone 5,24.1,Zone 3,35.0,Zone 4,29.8,Zone 4,47.9,Zone 5,35.5,Zone 4,59.7,Zone 5,49.5,Zone 5,62.4,Zone 5
Tamil Nadu,Coimbatore,Upasi Tea Research Foundation,20.0,2026-05-25,00:00:00,64.0,2026-05-24,00:00:00,2026-05-25 00:15:30,19.75,Zone 3,33.6,Zone 4,19.8,Zone 3,29.3,Zone 4,25.1,Zone 3,33.5,Zone 4,29.5,Zone 4,37.5,Zone 4,33.6,Zone 4,44.3,Zone 5
Tamil Nadu,Cuddalore,Neyveli,27.6,2026-05-25,00:00:00,70.0,2026-05-24,00:00:00,2026-05-25 00:15:30,29.850000000000023,Zone 4,59.0,Zone 5,29.7,Zone 4,40.6,Zone 4,35.6,Zone 4,57.6,Zone 5,42.1,Zone 5,61.8,Zone 5,59.0,Zone 5,64.3,Zone 5
Tamil Nadu,Cuddalore,Vridha Chalam,28.0,2026-05-25,00:00:00,62.0,2026-05-24,00:00:00,2026-05-25 00:15:30,29.650000000000034,Zone 4,54.4,Zone 5,29.7,Zone 4,40.0,Zone 4,35.3,Zone 4,52.9,Zone 5,40.5,Zone 4,60.8,Zone 5,54.4,Zone 5,63.3,Zone 5
Tamil Nadu,Dharmapuri,Palacode,22.8,2026-05-25,00:00:00,86.0,2026-05-24,00:00:00,2026-05-25 00:15:30,24.05000000000001,Zone 3,45.0,Zone 5,24.3,Zone 3,34.8,Zone 4,29.8,Zone 4,43.6,Zone 5,35.2,Zone 4,58.3,Zone 5,45.0,Zone 5,61.6,Zone 5
Tamil Nadu,Dindigul,Natham Isro,25.6,2026-05-25,00:00:00,59.0,2026-05-24,00:00:00,2026-05-25 00:15:30,26.150000000000034,Zone 4,40.4,Zone 4,26.0,Zone 4,35.6,Zone 4,31.2,Zone 4,40.1,Zone 4,35.9,Zone 4,51.8,Zone 5,40.4,Zone 4,60.2,Zone 5
Tamil Nadu,Dindigul,Palani,23.4,2026-05-24,23:45:00,80.0,2026-05-24,23:45:00,2026-05-25 00:15:30,24.450000000000045,Zone 3,43.4,Zone 5,24.6,Zone 3,34.9,Zone 4,30.1,Zone 4,42.1,Zone 5,35.4,Zone 4,57.1,Zone 5,43.4,Zone 5,61.3,Zone 5
Tamil Nadu,Dindigul,Vedasandur,27.2,2026-05-25,00:00:00,73.0,2026-05-24,00:00:00,2026-05-25 00:15:30,29.450000000000045,Zone 4,58.8,Zone 5,29.1,Zone 4,40.2,Zone 4,35.2,Zone 4,57.4,Zone 5,41.9,Zone 5,61.8,Zone 5,58.8,Zone 5,64.2,Zone 5
Tamil Nadu,Erode,Erode Isro,,,,91.0,2026-05-24,00:00:00,2026-05-25 00:15:30,,,,,,,,,,,,,,,,,,,,
Tamil Nadu,Kallakurichi,Kallakurichi,30.8,2026-05-25,00:00:00,60.0,2026-05-24,00:00:00,2026-05-25 00:15:30,34.25,Zone 4,61.7,Zone 5,34.6,Zone 4,52.7,Zone 5,40.7,Zone 4,61.3,Zone 5,54.9,Zone 5,64.1,Zone 5,61.7,Zone 5,66.2,Zone 5
Tamil Nadu,Kallakurichi,Kallakurichi(Taluk Office),27.0,2026-05-25,00:00:00,64.0,2026-05-24,00:00:00,2026-05-25 00:15:30,28.350000000000023,Zone 4,50.5,Zone 5,28.3,Zone 4,38.6,Zone 4,33.9,Zone 4,48.9,Zone 5,39.1,Zone 4,60.0,Zone 5,50.5,Zone 5,62.6,Zone 5
Tamil Nadu,Kallakurichi,Thirukoilur,27.2,2026-05-25,00:00:00,69.0,2026-05-24,00:00:00,2026-05-25 00:15:30,29.05000000000001,Zone 4,55.3,Zone 5,28.8,Zone 4,39.5,Zone 4,34.6,Zone 4,53.8,Zone 5,40.0,Zone 4,61.0,Zone 5,55.3,Zone 5,63.5,Zone 5
Tamil Nadu,Kanchipuram,Acs Medical College,31.8,2026-05-25,00:00:00,82.0,2026-05-24,00:00:00,2026-05-25 00:15:30,53.85000000000002,Zone 5,69.3,Zone 5,56.4,Zone 5,66.5,Zone 5,63.7,Zone 5,68.9,Zone 5,67.0,Zone 5,70.6,Zone 5,69.3,Zone 5,72.4,Zone 6
Tamil Nadu,Kanchipuram,Chembarambakkam,30.1,2026-05-25,00:00:00,85.0,2026-05-24,00:00:00,2026-05-25 00:15:30,38.55000000000001,Zone 4,66.7,Zone 5,38.2,Zone 4,63.3,Zone 5,59.8,Zone 5,66.3,Zone 5,63.9,Zone 5,68.4,Zone 5,66.7,Zone 5,69.9,Zone 5
Tamil Nadu,Kanchipuram,Hindustan University,30.0,2026-05-25,00:00:00,83.0,2026-05-24,00:00:00,2026-05-25 00:15:30,37.650000000000034,Zone 4,66.2,Zone 5,37.6,Zone 4,62.7,Zone 5,59.1,Zone 5,65.8,Zone 5,63.3,Zone 5,68.0,Zone 5,66.2,Zone 5,69.6,Zone 5
Tamil Nadu,Kanchipuram,Kanchipuram Isro,30.2,2026-05-25,00:00:00,15.0,2026-05-24,00:00:00,2026-05-25 00:15:30,28.350000000000023,Zone 4,39.0,Zone 4,28.2,Zone 4,35.5,Zone 4,32.0,Zone 4,39.0,Zone 4,35.6,Zone 4,42.2,Zone 4,39.0,Zone 4,45.4,Zone 4
Tamil Nadu,Kanchipuram,Sathyabama  University,29.6,2026-05-25,00:00:00,92.0,2026-05-24,00:00:00,2026-05-25 00:15:30,43.75,Zone 5,67.5,Zone 5,42.5,Zone 5,64.4,Zone 5,61.0,Zone 5,67.1,Zone 5,64.9,Zone 5,69.1,Zone 5,67.5,Zone 5,70.5,Zone 5
Tamil Nadu,Kanyakumari,Nagercoil,21.1,2026-05-25,00:00:00,68.0,2026-05-24,00:00:00,2026-05-25 00:15:30,21.350000000000023,Zone 3,35.2,Zone 4,21.2,Zone 3,30.6,Zone 4,26.2,Zone 4,35.0,Zone 4,30.8,Zone 4,39.1,Zone 4,35.2,Zone 4,50.7,Zone 5
Tamil Nadu,Kanyakumari,Thirupathisaram Amfu,26.7,2026-05-25,00:00:00,85.0,2026-05-24,00:00:00,2026-05-25 00:15:30,29.850000000000023,Zone 4,60.9,Zone 5,29.5,Zone 4,48.7,Zone 5,36.1,Zone 4,60.5,Zone 5,51.1,Zone 5,63.4,Zone 5,60.9,Zone 5,65.6,Zone 5
Tamil Nadu,Krishnagiri,Denkanikottai,20.6,2026-05-25,00:00:00,94.0,2026-05-24,00:00:00,2026-05-25 00:15:30,21.950000000000045,Zone 3,36.9,Zone 4,21.8,Zone 3,31.6,Zone 4,26.7,Zone 4,36.6,Zone 4,32.0,Zone 4,50.1,Zone 5,36.9,Zone 4,59.8,Zone 5
Tamil Nadu,Krishnagiri,Hosur,21.1,2026-05-25,00:00:00,97.0,2026-05-24,00:00:00,2026-05-25 00:15:30,22.650000000000034,Zone 3,40.6,Zone 5,22.5,Zone 3,32.6,Zone 4,27.6,Zone 4,39.4,Zone 5,33.0,Zone 4,54.6,Zone 5,40.6,Zone 5,60.8,Zone 5
Tamil Nadu,Krishnagiri,Paiyur Amfu,23.3,2026-05-25,00:00:00,,,,2026-05-25 00:15:30,,,,,,,,,,,,,,,,,,,,
Tamil Nadu,Krishnagiri,Pochampalli,23.2,2026-05-25,00:00:00,94.0,2026-05-24,00:00:00,2026-05-25 00:15:30,24.75,Zone 3,51.3,Zone 5,24.6,Zone 3,35.7,Zone 4,30.5,Zone 4,49.7,Zone 5,36.2,Zone 4,60.1,Zone 5,51.3,Zone 5,62.8,Zone 5
Tamil Nadu,Madurai,Madurai Isro,27.2,2026-05-25,00:00:00,,,,2026-05-25 00:15:30,,,,,,,,,,,,,,,,,,,,
Tamil Nadu,Mayiladuthurai,Mayiladuthurai,27.8,2026-05-25,00:00:00,,,,2026-05-25 00:15:30,,,,,,,,,,,,,,,,,,,,
Tamil Nadu,Nagapattinam,Kollidam,27.8,2026-05-25,00:00:00,73.0,2026-05-24,00:00:00,2026-05-25 00:15:30,30.55000000000001,Zone 4,60.5,Zone 5,30.9,Zone 4,46.9,Zone 5,37.2,Zone 4,60.1,Zone 5,49.2,Zone 5,63.1,Zone 5,60.5,Zone 5,65.4,Zone 5
Tamil Nadu,Nagapattinam,Mo Nagapattinam Campus,29.2,2026-05-24,23:30:00,93.0,2026-05-24,23:30:00,2026-05-25 00:15:30,40.450000000000045,Zone 5,66.9,Zone 5,38.2,Zone 5,63.6,Zone 5,60.1,Zone 5,66.5,Zone 5,64.1,Zone 5,68.5,Zone 5,66.9,Zone 5,70.1,Zone 5
Tamil Nadu,Nagapattinam,Vedharanyam,28.6,2026-05-25,00:00:00,93.0,2026-05-24,00:00:00,2026-05-25 00:15:30,35.950000000000045,Zone 4,66.0,Zone 5,35.6,Zone 4,62.5,Zone 5,58.3,Zone 5,65.6,Zone 5,63.1,Zone 5,67.8,Zone 5,66.0,Zone 5,69.4,Zone 5
Tamil Nadu,Nctpl Marg Ecr,New Chennai Township Private L,29.0,2026-05-25,00:00:00,65.0,2026-05-24,00:00:00,2026-05-25 00:15:30,31.650000000000034,Zone 4,60.0,Zone 5,31.7,Zone 4,44.7,Zone 5,37.6,Zone 4,59.6,Zone 5,46.9,Zone 5,62.7,Zone 5,60.0,Zone 5,65.0,Zone 5
Tamil Nadu,Perambalur,Perambalur,24.6,2026-05-25,00:00:00,69.0,2026-05-24,00:00:00,2026-05-25 00:15:30,25.350000000000023,Zone 4,40.5,Zone 5,25.2,Zone 3,35.3,Zone 4,30.7,Zone 4,40.0,Zone 4,35.7,Zone 4,54.5,Zone 5,40.5,Zone 5,60.8,Zone 5
Tamil Nadu,Ramanathapuram,Ramnadu Kvk,28.1,2026-05-25,00:00:00,,,,2026-05-25 00:15:30,,,,,,,,,,,,,,,,,,,,
Tamil Nadu,Ranipet,Ranipet,29.4,2026-05-25,00:00:00,72.0,2026-05-24,00:00:00,2026-05-25 00:15:30,33.55000000000001,Zone 4,62.6,Zone 5,33.8,Zone 4,57.0,Zone 5,40.4,Zone 4,62.2,Zone 5,59.0,Zone 5,64.9,Zone 5,62.6,Zone 5,66.9,Zone 5
Tamil Nadu,Salem,Govt Hss Mettur,23.2,2026-05-25,00:00:00,100.0,2026-05-24,00:00:00,2026-05-25 00:15:30,24.950000000000045,Zone 3,55.8,Zone 5,24.8,Zone 3,36.7,Zone 5,31.0,Zone 4,54.3,Zone 5,38.5,Zone 5,61.1,Zone 5,55.8,Zone 5,63.6,Zone 5
Tamil Nadu,Salem,Sandhiyur Kvk,23.4,2026-05-25,00:00:00,100.0,2026-05-24,00:00:00,2026-05-25 00:15:30,25.150000000000034,Zone 3,58.9,Zone 5,25.3,Zone 3,39.9,Zone 5,31.9,Zone 4,57.4,Zone 5,42.0,Zone 5,61.8,Zone 5,58.9,Zone 5,64.2,Zone 5
Tamil Nadu,Salem,Yercaud Isro,17.7,2026-05-25,00:00:00,,,,2026-05-25 00:15:30,,,,,,,,,,,,,,,,,,,,
Tamil Nadu,Sivaganga,Sethu Bhaskar Agri College Kar,28.1,2026-05-25,00:00:00,78.0,2026-05-24,00:00:00,2026-05-25 00:15:30,31.75,Zone 4,61.7,Zone 5,31.6,Zone 4,52.7,Zone 5,38.2,Zone 4,61.3,Zone 5,55.0,Zone 5,64.1,Zone 5,61.7,Zone 5,66.2,Zone 5
Tamil Nadu,The Nilgiris,Coonoor,16.8,2026-05-24,23:45:00,96.0,2026-05-24,23:45:00,2026-05-25 00:15:30,17.350000000000023,Zone 3,32.0,Zone 4,17.6,Zone 3,27.3,Zone 4,23.5,Zone 3,31.8,Zone 4,27.5,Zone 4,36.1,Zone 4,32.0,Zone 4,47.1,Zone 5
Tamil Nadu,Thiruninravur,Jaya Engineering Clg,30.9,2026-05-25,00:00:00,,,,2026-05-25 00:15:30,,,,,,,,,,,,,,,,,,,,
Tamil Nadu,Thoothukudi,Sattankulam,27.2,2026-05-25,00:00:00,72.0,2026-05-24,00:00:00,2026-05-25 00:15:30,29.350000000000023,Zone 4,57.9,Zone 5,29.0,Zone 4,40.0,Zone 4,35.0,Zone 4,56.5,Zone 5,40.9,Zone 5,61.6,Zone 5,57.9,Zone 5,64.0,Zone 5
Tamil Nadu,Thoothukudi,Thiruchendur,28.8,2026-05-25,00:00:00,65.0,2026-05-24,00:00:00,2026-05-25 00:15:30,31.350000000000023,Zone 4,60.0,Zone 5,31.7,Zone 4,44.7,Zone 5,37.6,Zone 4,59.6,Zone 5,46.9,Zone 5,62.7,Zone 5,60.0,Zone 5,65.0,Zone 5
Tamil Nadu,Thoothukudi,Tuticorin Airport,29.8,2026-05-25,00:00:00,53.0,2026-05-24,00:00:00,2026-05-25 00:15:30,31.450000000000045,Zone 4,56.3,Zone 5,31.7,Zone 4,41.7,Zone 4,37.1,Zone 4,54.8,Zone 5,42.2,Zone 4,61.2,Zone 5,56.3,Zone 5,63.7,Zone 5
Tamil Nadu,Tiruchirappalli,Thuvakudi Isro,23.6,2026-05-25,00:00:00,98.0,2026-05-24,00:00:00,2026-05-25 00:15:30,25.350000000000023,Zone 4,57.5,Zone 5,25.2,Zone 3,38.4,Zone 5,31.7,Zone 4,56.0,Zone 5,40.3,Zone 5,61.5,Zone 5,57.5,Zone 5,63.9,Zone 5
Tamil Nadu,Tirunelveli,Radhapuram,29.2,2026-05-25,00:00:00,59.0,2026-05-24,00:00:00,2026-05-25 00:15:30,31.25,Zone 4,57.0,Zone 5,30.9,Zone 4,41.2,Zone 4,36.5,Zone 4,55.6,Zone 5,41.7,Zone 4,61.4,Zone 5,57.0,Zone 5,63.9,Zone 5
Tamil Nadu,Tirunelveli,Tirunelveli,26.8,2026-05-25,00:00:00,72.0,2026-05-24,00:00:00,2026-05-25 00:15:30,28.75,Zone 4,57.9,Zone 5,29.0,Zone 4,40.0,Zone 4,35.0,Zone 4,56.5,Zone 5,40.9,Zone 5,61.6,Zone 5,57.9,Zone 5,64.0,Zone 5
Tamil Nadu,Tirupattur,Tirupattur Collectoroffice,24.8,2026-05-25,00:00:00,76.0,2026-05-24,00:00:00,2026-05-25 00:15:30,25.950000000000045,Zone 4,49.4,Zone 5,26.3,Zone 4,37.0,Zone 4,32.1,Zone 4,47.8,Zone 5,37.4,Zone 4,59.7,Zone 5,49.4,Zone 5,62.4,Zone 5
Tamil Nadu,Tirupattur,Vaniyambadi,,,,43.0,2026-05-24,00:00:00,2026-05-25 00:15:30,,,,,,,,,,,,,,,,,,,,
Tamil Nadu,Tirupattur,Yelagiri Hill,,,,61.0,2026-05-24,00:00:00,2026-05-25 00:15:30,,,,,,,,,,,,,,,,,,,,
Tamil Nadu,Tiruppur,Tiruppur Collector Office,23.1,2026-05-25,00:00:00,99.0,2026-05-24,00:00:00,2026-05-25 00:15:30,24.850000000000023,Zone 3,55.1,Zone 5,24.7,Zone 3,36.3,Zone 4,30.9,Zone 4,53.5,Zone 5,37.7,Zone 5,60.9,Zone 5,55.1,Zone 5,63.5,Zone 5
Tamil Nadu,Tiruvallur,Good Will School Villivakkam,31.7,2026-05-25,00:00:00,66.0,2026-05-24,00:00:00,2026-05-25 00:15:30,37.55000000000001,Zone 4,64.1,Zone 5,37.1,Zone 4,60.3,Zone 5,47.3,Zone 5,63.7,Zone 5,60.8,Zone 5,66.2,Zone 5,64.1,Zone 5,68.0,Zone 5
Tamil Nadu,Tiruvallur,Poonamallee,29.9,2026-05-25,00:00:00,76.0,2026-05-24,00:00:00,2026-05-25 00:15:30,35.55000000000001,Zone 4,64.4,Zone 5,35.8,Zone 4,60.6,Zone 5,49.0,Zone 5,64.0,Zone 5,61.2,Zone 5,66.4,Zone 5,64.4,Zone 5,68.3,Zone 5
Tamil Nadu,Tiruvallur,R.K.Pet,29.1,2026-05-25,00:00:00,61.0,2026-05-24,00:00:00,2026-05-25 00:15:30,31.350000000000023,Zone 4,58.9,Zone 5,31.2,Zone 4,41.6,Zone 4,36.9,Zone 4,57.6,Zone 5,42.2,Zone 4,61.8,Zone 5,58.9,Zone 5,64.2,Zone 5
Tamil Nadu,Tiruvallur,Tirur Kvk,30.6,2026-05-25,00:00:00,,,,2026-05-25 00:15:30,,,,,,,,,,,,,,,,,,,,
Tamil Nadu,Tiruvannamalai,Cheyyar,29.1,2026-05-25,00:00:00,70.0,2026-05-24,00:00:00,2026-05-25 00:15:30,32.55000000000001,Zone 4,61.3,Zone 5,32.4,Zone 4,50.9,Zone 5,38.7,Zone 4,60.9,Zone 5,53.2,Zone 5,63.8,Zone 5,61.3,Zone 5,66.0,Zone 5
Tamil Nadu,Tiruvannamalai,Tiruvannamalai Isro,27.2,2026-05-25,00:00:00,56.0,2026-05-24,00:00:00,2026-05-25 00:15:30,28.05000000000001,Zone 4,42.6,Zone 5,27.7,Zone 4,37.4,Zone 4,32.9,Zone 4,41.9,Zone 4,37.7,Zone 4,56.4,Zone 5,42.6,Zone 5,61.2,Zone 5
Tamil Nadu,Vellore,Virinjipuram Kvk,26.1,2026-05-25,00:00:00,11.0,2026-05-24,00:00:00,2026-05-25 00:15:30,24.150000000000034,Zone 3,35.2,Zone 4,24.1,Zone 3,31.9,Zone 4,28.4,Zone 4,35.2,Zone 4,31.9,Zone 4,38.4,Zone 4,35.2,Zone 4,41.4,Zone 4
Tamil Nadu,Viluppuram,Mailam,28.4,2026-05-25,00:00:00,62.0,2026-05-24,00:00:00,2026-05-25 00:15:30,30.25,Zone 4,57.2,Zone 5,30.5,Zone 4,40.9,Zone 4,36.1,Zone 4,55.8,Zone 5,41.4,Zone 4,61.4,Zone 5,57.2,Zone 5,63.9,Zone 5
Tamil Nadu,Virudhunagar,Aruppukottai Kvk,29.1,2026-05-25,00:00:00,61.0,2026-05-24,00:00:00,2026-05-25 00:15:30,31.350000000000023,Zone 4,58.9,Zone 5,31.2,Zone 4,41.6,Zone 4,36.9,Zone 4,57.6,Zone 5,42.2,Zone 4,61.8,Zone 5,58.9,Zone 5,64.2,Zone 5
Telangana,Adilabad,Adilabad Kvk,35.4,2026-05-25,00:00:00,29.0,2026-05-24,00:00:00,2026-05-25 00:15:30,35.650000000000034,Zone 4,53.4,Zone 5,35.8,Zone 4,44.2,Zone 4,40.3,Zone 4,51.9,Zone 5,44.6,Zone 4,60.6,Zone 5,53.4,Zone 5,63.2,Zone 5
Telangana,Hanumakonda,Hanumakonda,32.9,2026-05-25,00:00:00,39.0,2026-05-24,00:00:00,2026-05-25 00:15:30,34.05000000000001,Zone 4,55.4,Zone 5,34.2,Zone 4,43.3,Zone 4,39.1,Zone 4,53.9,Zone 5,43.7,Zone 4,61.0,Zone 5,55.4,Zone 5,63.5,Zone 5
Telangana,Hyderabad,Golkonda,31.8,2026-05-24,23:45:00,54.0,2026-05-24,23:45:00,2026-05-25 00:15:30,34.950000000000045,Zone 4,61.4,Zone 5,35.3,Zone 4,51.4,Zone 5,41.1,Zone 4,61.0,Zone 5,53.6,Zone 5,63.9,Zone 5,61.4,Zone 5,66.0,Zone 5
Telangana,Hyderabad,Hyderabad,30.7,2026-05-25,00:00:00,53.0,2026-05-24,00:00:00,2026-05-25 00:15:30,32.85000000000002,Zone 4,58.8,Zone 5,32.5,Zone 4,42.6,Zone 4,38.0,Zone 4,57.5,Zone 5,43.1,Zone 4,61.8,Zone 5,58.8,Zone 5,64.2,Zone 5
Telangana,Karimnagar,Karimnagar,33.2,2026-05-25,00:00:00,52.0,2026-05-24,00:00:00,2026-05-25 00:15:30,37.25,Zone 4,62.2,Zone 5,36.8,Zone 4,55.4,Zone 5,42.7,Zone 4,61.8,Zone 5,57.4,Zone 5,64.6,Zone 5,62.2,Zone 5,66.6,Zone 5
Telangana,Khammam,Khammam,33.2,2026-05-25,00:00:00,40.0,2026-05-24,00:00:00,2026-05-25 00:15:30,34.650000000000034,Zone 4,56.6,Zone 5,34.3,Zone 4,43.6,Zone 4,39.3,Zone 4,55.2,Zone 5,44.0,Zone 4,61.3,Zone 5,56.6,Zone 5,63.8,Zone 5
Telangana,Khammam,Wyra Kvk,32.2,2026-05-25,00:00:00,,,,2026-05-25 00:15:30,,,,,,,,,,,,,,,,,,,,
Telangana,Kumuram Bheem Asifabad ,Asifabad,33.6,2026-05-25,00:00:00,33.0,2026-05-24,00:00:00,2026-05-25 00:15:30,33.950000000000045,Zone 4,49.6,Zone 5,33.8,Zone 4,42.5,Zone 4,38.5,Zone 4,48.1,Zone 5,42.8,Zone 4,59.8,Zone 5,49.6,Zone 5,62.5,Zone 5
Telangana,Mahbubnagar,Kodangal,,,,7.0,2026-05-24,00:00:00,2026-05-25 00:15:30,,,,,,,,,,,,,,,,,,,,
Telangana,Mahbubnagar,Mahbubnagar,27.4,2026-05-25,00:00:00,71.0,2026-05-24,00:00:00,2026-05-25 00:15:30,29.650000000000034,Zone 4,59.2,Zone 5,29.8,Zone 4,41.1,Zone 5,35.8,Zone 4,58.4,Zone 5,43.2,Zone 5,62.0,Zone 5,59.2,Zone 5,64.4,Zone 5
Telangana,Medak,Ars Basanthpur,27.0,2026-05-25,00:00:00,70.0,2026-05-24,00:00:00,2026-05-25 00:15:30,28.850000000000023,Zone 4,56.2,Zone 5,28.9,Zone 4,39.6,Zone 4,34.7,Zone 4,54.7,Zone 5,40.2,Zone 4,61.2,Zone 5,56.2,Zone 5,63.7,Zone 5
Telangana,Medak,Medak,29.2,2026-05-25,00:00:00,53.0,2026-05-24,00:00:00,2026-05-25 00:15:30,30.55000000000001,Zone 4,50.7,Zone 5,30.2,Zone 4,40.0,Zone 4,35.5,Zone 4,49.2,Zone 5,40.4,Zone 4,60.0,Zone 5,50.7,Zone 5,62.7,Zone 5
Telangana,Medchal Malkajgiri,Cgwb Nagole,30.5,2026-05-25,00:00:00,40.0,2026-05-24,00:00:00,2026-05-25 00:15:30,30.850000000000023,Zone 4,44.4,Zone 4,30.9,Zone 4,39.8,Zone 4,35.6,Zone 4,44.0,Zone 4,40.1,Zone 4,57.3,Zone 5,44.4,Zone 4,61.4,Zone 5
Telangana,Nirmal ,Bhainsa Arg,33.5,2026-05-25,00:00:00,47.0,2026-05-24,00:00:00,2026-05-25 00:15:30,36.55000000000001,Zone 4,61.3,Zone 5,36.6,Zone 4,51.1,Zone 5,42.1,Zone 4,60.9,Zone 5,53.3,Zone 5,63.8,Zone 5,61.3,Zone 5,66.0,Zone 5
Telangana,Peddapalli,Ars Peddapally,32.1,2026-05-25,00:00:00,,,,2026-05-25 00:15:30,,,,,,,,,,,,,,,,,,,,
Telangana,Peddapalli,Kunaram,35.0,2026-05-25,00:00:00,31.0,2026-05-24,00:00:00,2026-05-25 00:15:30,35.55000000000001,Zone 4,54.0,Zone 5,35.5,Zone 4,44.1,Zone 4,40.1,Zone 4,52.6,Zone 5,44.5,Zone 4,60.7,Zone 5,54.0,Zone 5,63.3,Zone 5
Telangana,Rajanna Sircilla,Sircilla,31.0,2026-05-25,00:00:00,42.0,2026-05-24,00:00:00,2026-05-25 00:15:30,31.75,Zone 4,48.7,Zone 5,31.8,Zone 4,40.9,Zone 4,36.7,Zone 4,47.3,Zone 5,41.3,Zone 4,59.6,Zone 5,48.7,Zone 5,62.3,Zone 5
Telangana,Ranga Reddy,Dullapally,,,,69.0,2026-05-24,00:00:00,2026-05-25 00:15:30,,,,,,,,,,,,,,,,,,,,
Telangana,Ranga Reddy,Esci Gachibowli,28.6,2026-05-25,00:00:00,47.0,2026-05-24,00:00:00,2026-05-25 00:15:30,29.150000000000034,Zone 4,42.9,Zone 4,29.0,Zone 4,38.2,Zone 4,33.9,Zone 4,42.6,Zone 4,38.5,Zone 4,55.4,Zone 5,42.9,Zone 4,61.0,Zone 5
Telangana,Ranga Reddy,Ghatkesar,30.4,2026-05-25,00:00:00,45.0,2026-05-24,00:00:00,2026-05-25 00:15:30,31.350000000000023,Zone 4,49.8,Zone 5,31.5,Zone 4,40.8,Zone 4,36.5,Zone 4,48.3,Zone 5,41.2,Zone 4,59.8,Zone 5,49.8,Zone 5,62.5,Zone 5
Telangana,Ranga Reddy,Hayathnagar,30.2,2026-05-25,00:00:00,42.0,2026-05-24,00:00:00,2026-05-25 00:15:30,30.75,Zone 4,44.1,Zone 4,30.4,Zone 4,39.4,Zone 4,35.3,Zone 4,43.7,Zone 4,39.8,Zone 4,57.2,Zone 5,44.1,Zone 4,61.4,Zone 5
Telangana,Ranga Reddy,Ibrahimpatam,28.2,2026-05-25,00:00:00,51.0,2026-05-24,00:00:00,2026-05-25 00:15:30,28.950000000000045,Zone 4,43.0,Zone 5,28.7,Zone 4,38.1,Zone 4,33.7,Zone 4,42.6,Zone 4,38.5,Zone 4,56.7,Zone 5,43.0,Zone 5,61.3,Zone 5
Telangana,Sangareddy,Kandi,29.9,2026-05-25,00:00:00,44.0,2026-05-24,00:00:00,2026-05-25 00:15:30,30.55000000000001,Zone 4,45.8,Zone 5,30.7,Zone 4,39.8,Zone 4,35.6,Zone 4,44.4,Zone 5,40.2,Zone 4,59.0,Zone 5,45.8,Zone 5,61.8,Zone 5
Telangana,Sangareddy,Zaheerabad,27.2,2026-05-25,00:00:00,60.0,2026-05-24,00:00:00,2026-05-25 00:15:30,28.350000000000023,Zone 4,46.5,Zone 5,28.0,Zone 4,38.0,Zone 4,33.4,Zone 4,45.0,Zone 5,38.4,Zone 4,59.1,Zone 5,46.5,Zone 5,61.9,Zone 5
Telangana,Siddipet,Kaveri Siddipet,28.0,2026-05-25,00:00:00,53.0,2026-05-24,00:00:00,2026-05-25 00:15:30,28.850000000000023,Zone 4,45.0,Zone 5,28.8,Zone 4,38.4,Zone 4,34.0,Zone 4,43.6,Zone 5,38.8,Zone 4,58.4,Zone 5,45.0,Zone 5,61.6,Zone 5
Telangana,Suryapet,Suryapet Arg,32.0,2026-05-25,00:00:00,42.0,2026-05-24,00:00:00,2026-05-25 00:15:30,33.150000000000034,Zone 4,54.1,Zone 5,33.2,Zone 4,42.5,Zone 4,38.2,Zone 4,52.6,Zone 5,42.9,Zone 4,60.7,Zone 5,54.1,Zone 5,63.3,Zone 5
Telangana,Wanaparthy,Horticultural University Mojer,26.8,2026-05-25,00:00:00,96.0,2026-05-24,00:00:00,2026-05-25 00:15:30,31.450000000000045,Zone 4,64.1,Zone 5,32.0,Zone 4,60.2,Zone 5,47.1,Zone 5,63.7,Zone 5,60.8,Zone 5,66.2,Zone 5,64.1,Zone 5,68.0,Zone 5
Telangana,Warangal Rural,Siddhapur,33.3,2026-05-24,23:30:00,30.0,2026-05-24,23:30:00,2026-05-25 00:15:30,33.150000000000034,Zone 4,46.1,Zone 4,33.4,Zone 4,41.7,Zone 4,37.8,Zone 4,45.8,Zone 4,42.1,Zone 4,58.6,Zone 5,46.1,Zone 4,61.7,Zone 5
Tripura,Dhalai,Dholai Kvk,24.7,2026-05-25,00:00:00,97.0,2026-05-24,00:00:00,2026-05-25 00:15:30,27.150000000000034,Zone 4,60.1,Zone 5,26.8,Zone 4,44.8,Zone 5,33.6,Zone 4,59.7,Zone 5,47.1,Zone 5,62.7,Zone 5,60.1,Zone 5,65.0,Zone 5
Tripura,Dhalai,Gandachara,24.3,2026-05-25,00:00:00,100.0,2026-05-24,00:00:00,2026-05-25 00:15:30,26.650000000000034,Zone 4,60.7,Zone 5,27.0,Zone 4,47.6,Zone 5,34.0,Zone 4,60.2,Zone 5,50.0,Zone 5,63.2,Zone 5,60.7,Zone 5,65.5,Zone 5
Tripura,Khowai,Khowai,26.2,2026-05-25,00:00:00,,,,2026-05-25 00:15:30,,,,,,,,,,,,,,,,,,,,
Tripura,Khowai,Teliamura,25.3,2026-05-25,00:00:00,100.0,2026-05-24,00:00:00,2026-05-25 00:15:30,28.55000000000001,Zone 4,62.4,Zone 5,29.0,Zone 4,55.9,Zone 5,37.6,Zone 5,62.0,Zone 5,58.0,Zone 5,64.7,Zone 5,62.4,Zone 5,66.7,Zone 5
Tripura,North Tripura,Ashapara,24.9,2026-05-25,00:00:00,100.0,2026-05-24,00:00:00,2026-05-25 00:15:30,27.75,Zone 4,61.5,Zone 5,28.0,Zone 4,51.8,Zone 5,35.2,Zone 4,61.1,Zone 5,54.1,Zone 5,64.0,Zone 5,61.5,Zone 5,66.1,Zone 5
Tripura,North Tripura,Kamalpur,25.4,2026-05-25,00:00:00,98.0,2026-05-24,00:00:00,2026-05-25 00:15:30,28.55000000000001,Zone 4,62.0,Zone 5,28.8,Zone 4,54.0,Zone 5,36.1,Zone 4,61.5,Zone 5,56.2,Zone 5,64.3,Zone 5,62.0,Zone 5,66.4,Zone 5
Tripura,Sipahijala,Cti,24.6,2026-05-25,00:00:00,100.0,2026-05-24,00:00:00,2026-05-25 00:15:30,27.25,Zone 4,60.7,Zone 5,27.0,Zone 4,47.6,Zone 5,34.0,Zone 4,60.2,Zone 5,50.0,Zone 5,63.2,Zone 5,60.7,Zone 5,65.5,Zone 5
Tripura,Sipahijala,Sipahijala,24.8,2026-05-25,00:00:00,99.0,2026-05-24,00:00:00,2026-05-25 00:15:30,27.55000000000001,Zone 4,61.3,Zone 5,27.9,Zone 4,50.8,Zone 5,35.0,Zone 4,60.9,Zone 5,53.2,Zone 5,63.8,Zone 5,61.3,Zone 5,66.0,Zone 5
Tripura,Sipahijala,Sonamura,28.5,2026-05-25,00:00:00,,,,2026-05-25 00:15:30,,,,,,,,,,,,,,,,,,,,
Tripura,South Tripura,Gokulpur,25.7,2026-05-25,00:00:00,100.0,2026-05-24,00:00:00,2026-05-25 00:15:30,29.450000000000045,Zone 4,62.4,Zone 5,29.0,Zone 4,55.9,Zone 5,37.6,Zone 5,62.0,Zone 5,58.0,Zone 5,64.7,Zone 5,62.4,Zone 5,66.7,Zone 5
Tripura,South Tripura,Sabroom,24.7,2026-05-25,00:00:00,100.0,2026-05-24,00:00:00,2026-05-25 00:15:30,27.350000000000023,Zone 4,60.7,Zone 5,27.0,Zone 4,47.6,Zone 5,34.0,Zone 4,60.2,Zone 5,50.0,Zone 5,63.2,Zone 5,60.7,Zone 5,65.5,Zone 5
Tripura,Unakoti,Kailashahar,25.1,2026-05-25,00:00:00,100.0,2026-05-24,00:00:00,2026-05-25 00:15:30,28.150000000000034,Zone 4,61.5,Zone 5,28.0,Zone 4,51.8,Zone 5,35.2,Zone 4,61.1,Zone 5,54.1,Zone 5,64.0,Zone 5,61.5,Zone 5,66.1,Zone 5
Tripura,West Tripura,Agartala Airport,25.0,2026-05-25,00:00:00,95.0,2026-05-24,00:00:00,2026-05-25 00:15:30,27.55000000000001,Zone 4,60.5,Zone 5,27.6,Zone 4,46.9,Zone 5,34.4,Zone 4,60.1,Zone 5,49.3,Zone 5,63.1,Zone 5,60.5,Zone 5,65.4,Zone 5
Tripura,West Tripura,A D Nagar Amfu,25.3,2026-05-25,00:00:00,96.0,2026-05-24,00:00:00,2026-05-25 00:15:30,28.25,Zone 4,61.5,Zone 5,28.6,Zone 4,52.0,Zone 5,35.7,Zone 4,61.1,Zone 5,54.3,Zone 5,64.0,Zone 5,61.5,Zone 5,66.1,Zone 5
Tripura,West Tripura,Dm Office West Agartala,25.3,2026-05-25,00:00:00,,,,2026-05-25 00:15:30,,,,,,,,,,,,,,,,,,,,
Tripura,West Tripura,Hrc Nagicherra,24.3,2026-05-25,00:00:00,,,,2026-05-25 00:15:30,,,,,,,,,,,,,,,,,,,,
Tripura,West Tripura,Khumluwang,24.5,2026-05-25,00:00:00,,,,2026-05-25 00:15:30,,,,,,,,,,,,,,,,,,,,
Tripura,West Tripura,Met Agartala,24.9,2026-05-25,00:00:00,89.0,2026-05-24,00:00:00,2026-05-25 00:15:30,26.950000000000045,Zone 4,59.3,Zone 5,27.1,Zone 4,41.3,Zone 5,33.6,Zone 4,58.5,Zone 5,43.4,Zone 5,62.1,Zone 5,59.3,Zone 5,64.5,Zone 5
Tripura,West Tripura,Secretariat,27.6,2026-05-25,00:00:00,,,,2026-05-25 00:15:30,,,,,,,,,,,,,,,,,,,,
Uttarakhand,Almora,Chaubatia Ranikhet,22.2,2026-05-25,00:00:00,28.0,2026-05-24,00:00:00,2026-05-25 00:15:30,20.350000000000023,Zone 3,33.2,Zone 4,20.1,Zone 3,29.6,Zone 4,25.7,Zone 4,33.2,Zone 4,29.6,Zone 4,36.6,Zone 4,33.2,Zone 4,39.9,Zone 4
Uttarakhand,Almora,Matela Kvk,18.6,2026-05-25,00:00:00,68.0,2026-05-24,00:00:00,2026-05-25 00:15:30,18.25,Zone 3,32.2,Zone 4,18.1,Zone 3,27.9,Zone 4,24.0,Zone 3,32.1,Zone 4,28.0,Zone 4,36.0,Zone 4,32.2,Zone 4,40.5,Zone 5
Uttarakhand,Chamoli,Chamoli,25.0,2026-05-25,00:00:00,48.0,2026-05-24,00:00:00,2026-05-25 00:15:30,24.850000000000023,Zone 3,38.2,Zone 4,24.9,Zone 3,33.8,Zone 4,29.7,Zone 4,38.0,Zone 4,34.1,Zone 4,41.9,Zone 4,38.2,Zone 4,54.3,Zone 5
Uttarakhand,Champawat,Champawat,21.3,2026-05-25,00:00:00,,,,2026-05-25 00:15:30,,,,,,,,,,,,,,,,,,,,
Uttarakhand,Dehradun,Hatibharkala,24.2,2026-05-25,00:00:00,49.0,2026-05-24,00:00:00,2026-05-25 00:15:30,24.05000000000001,Zone 3,37.1,Zone 4,23.8,Zone 3,32.8,Zone 4,28.6,Zone 4,36.9,Zone 4,33.0,Zone 4,40.8,Zone 4,37.1,Zone 4,51.1,Zone 5
Uttarakhand,Dehradun,Jollygrant,27.6,2026-05-25,00:00:00,36.0,2026-05-24,00:00:00,2026-05-25 00:15:30,27.150000000000034,Zone 4,39.6,Zone 4,27.0,Zone 4,35.5,Zone 4,31.5,Zone 4,39.4,Zone 4,35.7,Zone 4,43.2,Zone 4,39.6,Zone 4,54.5,Zone 5
Uttarakhand,Dehradun,Maldevta,26.2,2026-05-25,00:00:00,38.0,2026-05-24,00:00:00,2026-05-25 00:15:30,25.75,Zone 4,38.1,Zone 4,25.5,Zone 4,34.0,Zone 4,30.1,Zone 4,38.0,Zone 4,34.2,Zone 4,41.7,Zone 4,38.1,Zone 4,50.7,Zone 5
Uttarakhand,Dehradun,Massouri,24.2,2026-05-25,00:00:00,39.0,2026-05-24,00:00:00,2026-05-25 00:15:30,23.450000000000045,Zone 3,36.0,Zone 4,23.3,Zone 3,32.0,Zone 4,28.1,Zone 4,35.9,Zone 4,32.2,Zone 4,39.6,Zone 4,36.0,Zone 4,44.2,Zone 5
Uttarakhand,Dehradun,Mohakampur,26.5,2026-05-25,00:00:00,42.0,2026-05-24,00:00:00,2026-05-25 00:15:30,26.25,Zone 4,39.3,Zone 4,26.3,Zone 4,35.0,Zone 4,30.9,Zone 4,39.0,Zone 4,35.2,Zone 4,42.9,Zone 4,39.3,Zone 4,55.5,Zone 5
Uttarakhand,Dehradun,Rishikesh,,,,42.0,2026-05-24,00:00:00,2026-05-25 00:15:30,,,,,,,,,,,,,,,,,,,,
Uttarakhand,Haridwar,Roorkee Amfu,28.4,2026-05-25,00:00:00,66.0,2026-05-24,00:00:00,2026-05-25 00:15:30,30.75,Zone 4,59.5,Zone 5,30.9,Zone 4,42.4,Zone 5,36.9,Zone 4,59.1,Zone 5,44.6,Zone 5,62.3,Zone 5,59.5,Zone 5,64.6,Zone 5
Uttarakhand,Nainital,Mukteshwar,26.0,2026-05-25,00:00:00,,,,2026-05-25 00:15:30,,,,,,,,,,,,,,,,,,,,
Uttarakhand,Nainital,Nainital(Jeolikot) Kvk,26.3,2026-05-25,00:00:00,30.0,2026-05-24,00:00:00,2026-05-25 00:15:30,25.450000000000045,Zone 4,37.7,Zone 4,25.7,Zone 4,33.8,Zone 4,30.0,Zone 4,37.5,Zone 4,33.9,Zone 4,41.1,Zone 4,37.7,Zone 4,46.0,Zone 5
Uttarakhand,Nainital,Th Kosiyakutoli,24.3,2026-05-25,00:00:00,48.0,2026-05-24,00:00:00,2026-05-25 00:15:30,24.05000000000001,Zone 3,37.6,Zone 4,24.3,Zone 3,33.3,Zone 4,29.1,Zone 4,37.4,Zone 4,33.5,Zone 4,41.3,Zone 4,37.6,Zone 4,52.4,Zone 5
Uttarakhand,Pauri Garhwal,Srinagar Arg,29.8,2026-05-25,00:00:00,48.0,2026-05-24,00:00:00,2026-05-25 00:15:30,30.850000000000023,Zone 4,50.6,Zone 5,31.1,Zone 4,40.6,Zone 4,36.2,Zone 4,49.1,Zone 5,41.0,Zone 4,60.0,Zone 5,50.6,Zone 5,62.7,Zone 5
Uttarakhand,Rudraprayag,Rudra Prayag,28.6,2026-05-25,00:00:00,40.0,2026-05-24,00:00:00,2026-05-25 00:15:30,28.55000000000001,Zone 4,41.5,Zone 4,28.4,Zone 4,37.1,Zone 4,33.1,Zone 4,41.3,Zone 4,37.4,Zone 4,48.8,Zone 5,41.5,Zone 4,59.5,Zone 5
Uttarakhand,Tehri Garhwal,Devprayag,28.1,2026-05-25,00:00:00,36.0,2026-05-24,00:00:00,2026-05-25 00:15:30,27.650000000000034,Zone 4,40.2,Zone 4,27.6,Zone 4,36.0,Zone 4,32.1,Zone 4,40.0,Zone 4,36.2,Zone 4,43.8,Zone 4,40.2,Zone 4,56.2,Zone 5
Uttarakhand,Tehri Garhwal,Rani Chawri,,,,40.0,2026-05-24,00:00:00,2026-05-25 00:15:30,,,,,,,,,,,,,,,,,,,,
Uttarakhand,Udham Singh Nagar,Kashipur Aws400,28.4,2026-05-25,00:00:00,54.0,2026-05-24,00:00:00,2026-05-25 00:15:30,29.450000000000045,Zone 4,48.9,Zone 5,29.6,Zone 4,39.4,Zone 4,34.9,Zone 4,47.4,Zone 5,39.8,Zone 4,59.6,Zone 5,48.9,Zone 5,62.3,Zone 5
Uttarakhand,Uttarkashi,Purola,20.6,2026-05-25,00:00:00,72.0,2026-05-24,00:00:00,2026-05-25 00:15:30,20.950000000000045,Zone 3,34.9,Zone 4,20.8,Zone 3,30.3,Zone 4,25.8,Zone 4,34.7,Zone 4,30.5,Zone 4,38.9,Zone 4,34.9,Zone 4,50.8,Zone 5
Uttar Pradesh,Agra,Hydrogen Factory Bindukatra,33.3,2026-05-25,00:00:00,38.0,2026-05-24,00:00:00,2026-05-25 00:15:30,34.450000000000045,Zone 4,56.5,Zone 5,34.7,Zone 4,43.8,Zone 4,39.6,Zone 4,55.1,Zone 5,44.3,Zone 4,61.3,Zone 5,56.5,Zone 5,63.8,Zone 5
Uttar Pradesh,Aligarh,Quarsi Farms Quarsi,35.4,2026-05-25,00:00:00,53.0,2026-05-24,00:00:00,2026-05-25 00:15:30,42.75,Zone 4,66.2,Zone 5,43.1,Zone 4,62.8,Zone 5,59.1,Zone 5,65.8,Zone 5,63.3,Zone 5,68.0,Zone 5,66.2,Zone 5,69.6,Zone 5
Uttar Pradesh,Ambedkar Nagar,Collectorate Office Akbarpur,29.8,2026-05-25,00:00:00,46.0,2026-05-24,00:00:00,2026-05-25 00:15:30,30.650000000000034,Zone 4,48.2,Zone 5,30.9,Zone 4,40.2,Zone 4,35.9,Zone 4,46.7,Zone 5,40.6,Zone 4,59.5,Zone 5,48.2,Zone 5,62.2,Zone 5
Uttar Pradesh,Amethi,Tala Gram 400Aws,29.1,2026-05-25,00:00:00,14.0,2026-05-24,00:00:00,2026-05-25 00:15:30,27.25,Zone 4,38.0,Zone 4,27.2,Zone 4,34.6,Zone 4,31.1,Zone 4,38.0,Zone 4,34.6,Zone 4,41.2,Zone 4,38.0,Zone 4,44.3,Zone 4
Uttar Pradesh,Amroha,Amroha 400Aws,28.0,2026-05-25,00:00:00,58.0,2026-05-24,00:00:00,2026-05-25 00:15:30,29.25,Zone 4,50.3,Zone 5,29.3,Zone 4,39.3,Zone 4,34.7,Zone 4,48.8,Zone 5,39.7,Zone 4,59.9,Zone 5,50.3,Zone 5,62.6,Zone 5
Uttar Pradesh,Ayodhya,Ayodhya 400Aws,30.9,2026-05-25,00:00:00,42.0,2026-05-24,00:00:00,2026-05-25 00:15:30,31.650000000000034,Zone 4,48.7,Zone 5,31.8,Zone 4,40.9,Zone 4,36.7,Zone 4,47.3,Zone 5,41.3,Zone 4,59.6,Zone 5,48.7,Zone 5,62.3,Zone 5
Uttar Pradesh,Ayodhya,Krishi Vigyan Kendra Kumarganj,,,,48.0,2026-05-24,00:00:00,2026-05-25 00:15:30,,,,,,,,,,,,,,,,,,,,
Uttar Pradesh,Azamgarh,Lalganj Tehsil Office,31.0,2026-05-25,00:00:00,,,,2026-05-25 00:15:30,,,,,,,,,,,,,,,,,,,,
Uttar Pradesh,Bahraich,Bharaich Amfu,,,,66.0,2026-05-24,00:00:00,2026-05-25 00:15:30,,,,,,,,,,,,,,,,,,,,
Uttar Pradesh,Ballia,Ballia  400Aws,29.1,2026-05-25,00:00:00,97.0,2026-05-24,00:00:00,2026-05-25 00:15:30,45.950000000000045,Zone 5,67.8,Zone 5,44.6,Zone 5,64.7,Zone 5,61.5,Zone 5,67.4,Zone 5,65.2,Zone 5,69.3,Zone 5,67.8,Zone 5,70.8,Zone 5
Uttar Pradesh,Banda,Banda 400Aws,29.8,2026-05-25,00:00:00,29.0,2026-05-24,00:00:00,2026-05-25 00:15:30,29.05000000000001,Zone 4,41.4,Zone 4,29.2,Zone 4,37.3,Zone 4,33.5,Zone 4,41.2,Zone 4,37.5,Zone 4,44.8,Zone 4,41.4,Zone 4,56.9,Zone 5
Uttar Pradesh,Barabanki,Barabanki 400Aws,27.8,2026-05-25,00:00:00,63.0,2026-05-24,00:00:00,2026-05-25 00:15:30,29.450000000000045,Zone 4,55.4,Zone 5,29.8,Zone 4,40.2,Zone 4,35.4,Zone 4,53.9,Zone 5,40.7,Zone 4,61.0,Zone 5,55.4,Zone 5,63.5,Zone 5
Uttar Pradesh,Bareilly,Bareilly Bilwa 400Aws,29.1,2026-05-25,00:00:00,17.0,2026-05-24,00:00:00,2026-05-25 00:15:30,27.450000000000045,Zone 4,38.4,Zone 4,27.4,Zone 4,34.9,Zone 4,31.3,Zone 4,38.3,Zone 4,35.0,Zone 4,41.7,Zone 4,38.4,Zone 4,44.9,Zone 4
Uttar Pradesh,Bijnor,Prithvipur 400Aws,27.5,2026-05-25,00:00:00,36.0,2026-05-24,00:00:00,2026-05-25 00:15:30,27.05000000000001,Zone 4,39.6,Zone 4,27.0,Zone 4,35.5,Zone 4,31.5,Zone 4,39.4,Zone 4,35.7,Zone 4,43.2,Zone 4,39.6,Zone 4,54.5,Zone 5
Uttar Pradesh,Bulandshahar,Bulandshahar Kvk,34.0,2026-05-25,00:00:00,18.0,2026-05-24,00:00:00,2026-05-25 00:15:30,32.25,Zone 4,43.5,Zone 4,32.2,Zone 4,39.7,Zone 4,36.2,Zone 4,43.3,Zone 4,39.9,Zone 4,46.7,Zone 4,43.5,Zone 4,58.2,Zone 5
Uttar Pradesh,Chitrakoot,Ganivan Kvk,30.3,2026-05-25,00:00:00,,,,2026-05-25 00:15:30,,,,,,,,,,,,,,,,,,,,
Uttar Pradesh,Etawah,Bbrau Agriculture College,33.0,2026-05-25,00:00:00,30.0,2026-05-24,00:00:00,2026-05-25 00:15:30,32.75,Zone 4,45.4,Zone 4,32.7,Zone 4,41.1,Zone 4,37.2,Zone 4,45.1,Zone 4,41.4,Zone 4,56.7,Zone 5,45.4,Zone 4,61.2,Zone 5
Uttar Pradesh,Farrukhabad,Farrukhabad 400Aws,29.4,2026-05-25,00:00:00,20.0,2026-05-24,00:00:00,2026-05-25 00:15:30,27.950000000000045,Zone 4,39.3,Zone 4,28.0,Zone 4,35.7,Zone 4,32.0,Zone 4,39.2,Zone 4,35.8,Zone 4,42.6,Zone 4,39.3,Zone 4,46.8,Zone 5
Uttar Pradesh,Fatehpur,Fatehpur Kvk,28.5,2026-05-25,00:00:00,,,,2026-05-25 00:15:30,,,,,,,,,,,,,,,,,,,,
Uttar Pradesh,Firozabad,Firozabad 400Aws,32.4,2026-05-25,00:00:00,26.0,2026-05-24,00:00:00,2026-05-25 00:15:30,31.55000000000001,Zone 4,43.7,Zone 4,31.6,Zone 4,39.7,Zone 4,35.9,Zone 4,43.5,Zone 4,39.9,Zone 4,50.0,Zone 5,43.7,Zone 4,59.8,Zone 5
Uttar Pradesh,Gautam Buddha Nagar,Kvk Chholas 400Aws,29.7,2026-05-25,00:00:00,14.0,2026-05-24,00:00:00,2026-05-25 00:15:30,27.850000000000023,Zone 4,38.5,Zone 4,27.6,Zone 4,35.0,Zone 4,31.5,Zone 4,38.4,Zone 4,35.1,Zone 4,41.6,Zone 4,38.5,Zone 4,44.8,Zone 4
Uttar Pradesh,Ghaziabad,Kv2 Airforce Hindon,30.5,2026-05-25,00:00:00,37.0,2026-05-24,00:00:00,2026-05-25 00:15:30,30.55000000000001,Zone 4,43.7,Zone 4,30.5,Zone 4,39.2,Zone 4,35.2,Zone 4,43.4,Zone 4,39.5,Zone 4,54.4,Zone 5,43.7,Zone 4,60.7,Zone 5
Uttar Pradesh,Hamirpur,Hamirpur 400Aws,30.2,2026-05-25,00:00:00,28.0,2026-05-24,00:00:00,2026-05-25 00:15:30,29.350000000000023,Zone 4,41.2,Zone 4,29.1,Zone 4,37.2,Zone 4,33.4,Zone 4,41.0,Zone 4,37.4,Zone 4,44.6,Zone 4,41.2,Zone 4,56.1,Zone 5
Uttar Pradesh,Hapur,Hapur 400Aws,29.9,2026-05-25,00:00:00,47.0,2026-05-24,00:00:00,2026-05-25 00:15:30,30.850000000000023,Zone 4,49.4,Zone 5,31.0,Zone 4,40.4,Zone 4,36.1,Zone 4,47.9,Zone 5,40.8,Zone 4,59.7,Zone 5,49.4,Zone 5,62.4,Zone 5
Uttar Pradesh,Hardoi,Hardoi 400Aws,27.8,2026-05-25,00:00:00,,,,2026-05-25 00:15:30,,,,,,,,,,,,,,,,,,,,
Uttar Pradesh,Hathras,Collectorate Office,31.6,2026-05-25,00:00:00,48.0,2026-05-24,00:00:00,2026-05-25 00:15:30,33.55000000000001,Zone 4,58.6,Zone 5,33.4,Zone 4,43.1,Zone 4,38.7,Zone 4,57.2,Zone 5,43.6,Zone 4,61.7,Zone 5,58.6,Zone 5,64.2,Zone 5
Uttar Pradesh,Jalaun,Jalaun 400Aws,30.6,2026-05-25,00:00:00,30.0,2026-05-24,00:00:00,2026-05-25 00:15:30,29.950000000000045,Zone 4,42.2,Zone 4,29.8,Zone 4,38.0,Zone 4,34.2,Zone 4,41.9,Zone 4,38.3,Zone 4,46.8,Zone 5,42.2,Zone 4,59.1,Zone 5
Uttar Pradesh,Jhansi,Bhundelkhand University,33.3,2026-05-25,00:00:00,19.0,2026-05-24,00:00:00,2026-05-25 00:15:30,31.650000000000034,Zone 4,43.2,Zone 4,31.9,Zone 4,39.4,Zone 4,35.9,Zone 4,43.0,Zone 4,39.6,Zone 4,46.5,Zone 4,43.2,Zone 4,57.8,Zone 5
Uttar Pradesh,Kashganj,Kashganj 400Aws,29.5,2026-05-25,00:00:00,43.0,2026-05-24,00:00:00,2026-05-25 00:15:30,29.850000000000023,Zone 4,43.5,Zone 4,29.9,Zone 4,38.9,Zone 4,34.7,Zone 4,43.2,Zone 4,39.3,Zone 4,56.1,Zone 5,43.5,Zone 4,61.1,Zone 5
Uttar Pradesh,Kushinagar,Kushinagar Kvk,28.9,2026-05-25,00:00:00,100.0,2026-05-24,00:00:00,2026-05-25 00:15:30,48.55000000000001,Zone 5,68.5,Zone 5,50.0,Zone 5,65.5,Zone 5,62.5,Zone 5,68.1,Zone 5,66.1,Zone 5,69.9,Zone 5,68.5,Zone 5,71.3,Zone 5
Uttar Pradesh,Lucknow,Integral University,31.0,2026-05-25,00:00:00,,,,2026-05-25 00:15:30,,,,,,,,,,,,,,,,,,,,
Uttar Pradesh,Lucknow,Meteorological Centre Amausi,31.7,2026-05-25,00:00:00,38.0,2026-05-24,00:00:00,2026-05-25 00:15:30,32.150000000000034,Zone 4,46.2,Zone 5,31.9,Zone 4,40.8,Zone 4,36.7,Zone 4,45.0,Zone 4,41.1,Zone 4,59.1,Zone 5,46.2,Zone 5,61.9,Zone 5
Uttar Pradesh,Mainpuri,Mainpuri Kvk,29.4,2026-05-25,00:00:00,42.0,2026-05-24,00:00:00,2026-05-25 00:15:30,29.650000000000034,Zone 4,43.3,Zone 4,29.8,Zone 4,38.7,Zone 4,34.6,Zone 4,43.0,Zone 4,39.1,Zone 4,55.1,Zone 5,43.3,Zone 4,60.9,Zone 5
Uttar Pradesh,Mathura,Collectorate Office,36.8,2026-05-25,00:00:00,27.0,2026-05-24,00:00:00,2026-05-25 00:15:30,37.150000000000034,Zone 4,57.1,Zone 5,37.4,Zone 4,45.8,Zone 4,41.9,Zone 4,55.8,Zone 5,46.2,Zone 4,61.4,Zone 5,57.1,Zone 5,63.9,Zone 5
Uttar Pradesh,Mathura,Mathura 400Aws,34.9,2026-05-25,00:00:00,,,,2026-05-25 00:15:30,,,,,,,,,,,,,,,,,,,,
Uttar Pradesh,Meerut,Ccsu Campus,36.7,2026-05-25,00:00:00,63.0,2026-05-24,00:00:00,2026-05-25 00:15:30,62.55000000000001,Zone 5,71.1,Zone 5,61.9,Zone 5,68.8,Zone 5,66.4,Zone 5,70.8,Zone 5,69.2,Zone 5,73.0,Zone 6,71.1,Zone 5,75.9,Zone 6
Uttar Pradesh,Mirzapur,Dagmapur 400Aws,31.8,2026-05-25,00:00:00,23.0,2026-05-24,00:00:00,2026-05-25 00:15:30,30.55000000000001,Zone 4,42.5,Zone 4,30.8,Zone 4,38.6,Zone 4,34.9,Zone 4,42.3,Zone 4,38.8,Zone 4,45.8,Zone 4,42.5,Zone 4,57.5,Zone 5
Uttar Pradesh,Moradabad,Ucheti 400Aws,27.9,2026-05-25,00:00:00,50.0,2026-05-24,00:00:00,2026-05-25 00:15:30,28.450000000000045,Zone 4,42.7,Zone 4,28.6,Zone 4,37.9,Zone 4,33.6,Zone 4,42.4,Zone 4,38.3,Zone 4,55.9,Zone 5,42.7,Zone 4,61.1,Zone 5
Uttar Pradesh,Muzaffarnagar,Sohanjani Tajan 400Aws,28.0,2026-05-25,00:00:00,82.0,2026-05-24,00:00:00,2026-05-25 00:15:30,32.150000000000034,Zone 4,62.6,Zone 5,32.1,Zone 4,57.1,Zone 5,39.1,Zone 4,62.2,Zone 5,59.1,Zone 5,64.9,Zone 5,62.6,Zone 5,66.9,Zone 5
Uttar Pradesh,Pratapgarh,Pratapgarh 400Aws,29.3,2026-05-25,00:00:00,33.0,2026-05-24,00:00:00,2026-05-25 00:15:30,28.75,Zone 4,41.5,Zone 4,29.0,Zone 4,37.3,Zone 4,33.4,Zone 4,41.3,Zone 4,37.6,Zone 4,46.0,Zone 5,41.5,Zone 4,58.7,Zone 5
Uttar Pradesh,Raebareli,Airport Fursatganj,29.0,2026-05-25,00:00:00,40.0,2026-05-24,00:00:00,2026-05-25 00:15:30,29.05000000000001,Zone 4,42.2,Zone 4,29.0,Zone 4,37.8,Zone 4,33.7,Zone 4,41.9,Zone 4,38.1,Zone 4,51.0,Zone 5,42.2,Zone 4,60.0,Zone 5
Uttar Pradesh,Saharanpur,Saharanpur 400Aws,27.7,2026-05-25,00:00:00,49.0,2026-05-24,00:00:00,2026-05-25 00:15:30,28.150000000000034,Zone 4,41.8,Zone 4,27.9,Zone 4,37.1,Zone 4,32.8,Zone 4,41.5,Zone 4,37.4,Zone 4,52.8,Zone 5,41.8,Zone 4,60.4,Zone 5
Uttar Pradesh,Sambhal,Sambhal Paltha 400Aws,26.6,2026-05-25,00:00:00,,,,2026-05-25 00:15:30,,,,,,,,,,,,,,,,,,,,
Uttar Pradesh,Shahjahanpur,Shahjahanpur 400Aws,29.8,2026-05-25,00:00:00,,,,2026-05-25 00:15:30,,,,,,,,,,,,,,,,,,,,
Uttar Pradesh,Shamli,Shamli 400Aws,28.5,2026-05-25,00:00:00,56.0,2026-05-24,00:00:00,2026-05-25 00:15:30,29.850000000000023,Zone 4,51.1,Zone 5,29.8,Zone 4,39.7,Zone 4,35.2,Zone 4,49.6,Zone 5,40.2,Zone 4,60.1,Zone 5,51.1,Zone 5,62.7,Zone 5
Uttar Pradesh,Sitapur,Ramkot 400Aws,27.2,2026-05-25,00:00:00,,,,2026-05-25 00:15:30,,,,,,,,,,,,,,,,,,,,
Uttar Pradesh,Sultanpur,Krishi Vigyan Kendra Barasin,28.0,2026-05-25,00:00:00,48.0,2026-05-24,00:00:00,2026-05-25 00:15:30,28.450000000000045,Zone 4,42.3,Zone 4,28.4,Zone 4,37.6,Zone 4,33.4,Zone 4,42.0,Zone 4,38.0,Zone 4,54.1,Zone 5,42.3,Zone 4,60.7,Zone 5
West Bengal,Alipurduar,Jayanti,24.1,2026-05-25,00:00:00,100.0,2026-05-24,00:00:00,2026-05-25 00:15:30,26.350000000000023,Zone 4,59.8,Zone 5,26.1,Zone 4,43.6,Zone 5,32.9,Zone 4,59.4,Zone 5,45.9,Zone 5,62.5,Zone 5,59.8,Zone 5,64.8,Zone 5
West Bengal,Cooch Behar,Dinhata Aws400,25.4,2026-05-25,00:00:00,100.0,2026-05-24,00:00:00,2026-05-25 00:15:30,28.75,Zone 4,62.4,Zone 5,29.0,Zone 4,55.9,Zone 5,37.6,Zone 5,62.0,Zone 5,58.0,Zone 5,64.7,Zone 5,62.4,Zone 5,66.7,Zone 5
West Bengal,Cooch Behar,Pundibari Amfu,27.4,2026-05-25,00:00:00,,,,2026-05-25 00:15:30,,,,,,,,,,,,,,,,,,,,
West Bengal,Darjeeling,Darjeeling Mo,16.5,2026-05-25,00:00:00,100.0,2026-05-24,00:00:00,2026-05-25 00:15:30,17.150000000000034,Zone 3,31.6,Zone 4,17.2,Zone 3,26.9,Zone 4,23.2,Zone 3,31.4,Zone 4,27.0,Zone 4,35.7,Zone 4,31.6,Zone 4,46.6,Zone 5
West Bengal,Darjeeling,Kharibari,26.7,2026-05-25,00:00:00,89.0,2026-05-24,00:00:00,2026-05-25 00:15:30,30.350000000000023,Zone 4,61.7,Zone 5,29.9,Zone 4,53.0,Zone 5,36.9,Zone 4,61.3,Zone 5,55.3,Zone 5,64.2,Zone 5,61.7,Zone 5,66.3,Zone 5
West Bengal,Howrah,Kvk Howrah Jagatballavapur,29.0,2026-05-25,00:00:00,,,,2026-05-25 00:15:30,,,,,,,,,,,,,,,,,,,,
West Bengal,Howrah,Uluberia,30.6,2026-05-25,00:00:00,87.0,2026-05-24,00:00:00,2026-05-25 00:15:30,47.75,Zone 5,68.0,Zone 5,46.4,Zone 5,65.0,Zone 5,61.8,Zone 5,67.6,Zone 5,65.5,Zone 5,69.5,Zone 5,68.0,Zone 5,70.9,Zone 5
West Bengal,Jalpaiguri,Banarhat,23.9,2026-05-25,00:00:00,96.0,2026-05-24,00:00:00,2026-05-25 00:15:30,25.75,Zone 4,59.0,Zone 5,25.9,Zone 4,40.2,Zone 5,32.5,Zone 4,57.7,Zone 5,42.3,Zone 5,61.8,Zone 5,59.0,Zone 5,64.3,Zone 5
West Bengal,Jalpaiguri,Dhupguri,25.5,2026-05-25,00:00:00,100.0,2026-05-24,00:00:00,2026-05-25 00:15:30,29.05000000000001,Zone 4,62.4,Zone 5,29.0,Zone 4,55.9,Zone 5,37.6,Zone 5,62.0,Zone 5,58.0,Zone 5,64.7,Zone 5,62.4,Zone 5,66.7,Zone 5
West Bengal,Jalpaiguri,Mal,25.7,2026-05-24,23:30:00,100.0,2026-05-24,23:30:00,2026-05-25 00:15:30,29.450000000000045,Zone 4,62.4,Zone 5,29.0,Zone 4,55.9,Zone 5,37.6,Zone 5,62.0,Zone 5,58.0,Zone 5,64.7,Zone 5,62.4,Zone 5,66.7,Zone 5
West Bengal,Jalpaiguri,Ramshai Kvk,25.4,2026-05-25,00:00:00,,,,2026-05-25 00:15:30,,,,,,,,,,,,,,,,,,,,
West Bengal,Jhargram,Jhargram,29.1,2026-05-24,23:30:00,92.0,2026-05-24,23:30:00,2026-05-25 00:15:30,37.75,Zone 5,66.6,Zone 5,37.0,Zone 4,63.3,Zone 5,59.7,Zone 5,66.3,Zone 5,63.9,Zone 5,68.4,Zone 5,66.6,Zone 5,69.9,Zone 5
West Bengal,Kolkata,Kolkata Airport,30.4,2026-05-25,00:00:00,85.0,2026-05-24,00:00:00,2026-05-25 00:15:30,41.35000000000002,Zone 5,67.5,Zone 5,42.6,Zone 5,64.4,Zone 5,61.1,Zone 5,67.1,Zone 5,64.9,Zone 5,69.1,Zone 5,67.5,Zone 5,70.6,Zone 5
West Bengal,Kolkata,Ohr 15,29.5,2026-05-24,23:30:00,94.0,2026-05-24,23:30:00,2026-05-25 00:15:30,46.05000000000001,Zone 5,68.0,Zone 5,46.0,Zone 5,64.9,Zone 5,61.7,Zone 5,67.6,Zone 5,65.5,Zone 5,69.5,Zone 5,68.0,Zone 5,70.9,Zone 5
West Bengal,Malda,Malda,27.5,2026-05-25,00:00:00,,,,2026-05-25 00:15:30,,,,,,,,,,,,,,,,,,,,
West Bengal,Murshidabad,Berhampore,25.7,2026-05-25,00:00:00,97.0,2026-05-24,00:00:00,2026-05-25 00:15:30,29.150000000000034,Zone 4,61.8,Zone 5,28.7,Zone 4,53.0,Zone 5,35.9,Zone 4,61.3,Zone 5,55.3,Zone 5,64.2,Zone 5,61.8,Zone 5,66.3,Zone 5
West Bengal,Murshidabad,Murshidabad Kvk,25.6,2026-05-25,00:00:00,,,,2026-05-25 00:15:30,,,,,,,,,,,,,,,,,,,,
West Bengal,Nadia,Bijpur,29.9,2026-05-24,23:30:00,93.0,2026-05-24,23:30:00,2026-05-25 00:15:30,49.75,Zone 5,68.6,Zone 5,51.1,Zone 5,65.7,Zone 5,62.7,Zone 5,68.2,Zone 5,66.2,Zone 5,70.0,Zone 5,68.6,Zone 5,71.4,Zone 5
West Bengal,Nadia,Kalyani Amfu,30.0,2026-05-25,00:00:00,94.0,2026-05-24,00:00:00,2026-05-25 00:15:30,53.05000000000001,Zone 5,68.8,Zone 5,53.0,Zone 5,66.0,Zone 5,63.0,Zone 5,68.5,Zone 5,66.5,Zone 5,70.2,Zone 5,68.8,Zone 5,71.6,Zone 6
West Bengal,North Dinajpur,Raiganj,24.2,2026-05-24,23:45:00,97.0,2026-05-24,23:45:00,2026-05-25 00:15:30,26.25,Zone 4,59.2,Zone 5,26.0,Zone 4,41.0,Zone 5,32.6,Zone 4,58.4,Zone 5,43.2,Zone 5,62.0,Zone 5,59.2,Zone 5,64.4,Zone 5
West Bengal,North Twenty Four Parganas,Ashoknagar Kvk,30.0,2026-05-25,00:00:00,,,,2026-05-25 00:15:30,,,,,,,,,,,,,,,,,,,,
West Bengal,North Twenty Four Parganas,Barrackpore Aws400,30.2,2026-05-25,00:00:00,50.0,2026-05-24,00:00:00,2026-05-25 00:15:30,31.650000000000034,Zone 4,52.9,Zone 5,31.4,Zone 4,41.0,Zone 4,36.6,Zone 4,51.4,Zone 5,41.5,Zone 4,60.5,Zone 5,52.9,Zone 5,63.1,Zone 5
West Bengal,North Twenty Four Parganas,Jisu Agarpara,30.9,2026-05-24,23:45:00,81.0,2026-05-24,23:45:00,2026-05-25 00:15:30,40.150000000000034,Zone 5,67.3,Zone 5,41.3,Zone 5,64.2,Zone 5,60.8,Zone 5,67.0,Zone 5,64.7,Zone 5,69.0,Zone 5,67.3,Zone 5,70.4,Zone 5
West Bengal,Purulia,Purulia Kvk,28.8,2026-05-25,00:00:00,,,,2026-05-25 00:15:30,,,,,,,,,,,,,,,,,,,,
West Bengal,South Dinajpur,Balurghat,24.2,2026-05-25,00:00:00,100.0,2026-05-24,00:00:00,2026-05-25 00:15:30,26.450000000000045,Zone 4,59.8,Zone 5,26.1,Zone 4,43.6,Zone 5,32.9,Zone 4,59.4,Zone 5,45.9,Zone 5,62.5,Zone 5,59.8,Zone 5,64.8,Zone 5
West Bengal,South Dinajpur,Majhian Amfu,24.6,2026-05-25,00:00:00,100.0,2026-05-24,00:00:00,2026-05-25 00:15:30,27.25,Zone 4,60.7,Zone 5,27.0,Zone 4,47.6,Zone 5,34.0,Zone 4,60.2,Zone 5,50.0,Zone 5,63.2,Zone 5,60.7,Zone 5,65.5,Zone 5
West Bengal,South Twenty Four Parganas,Alipore,30.7,2026-05-25,00:00:00,90.0,2026-05-24,00:00:00,2026-05-25 00:15:30,54.950000000000045,Zone 5,68.7,Zone 5,52.3,Zone 5,65.9,Zone 5,62.9,Zone 5,68.4,Zone 5,66.4,Zone 5,70.2,Zone 5,68.7,Zone 5,71.5,Zone 5
West Bengal,South Twenty Four Parganas,Gangasagar,30.1,2026-05-25,00:00:00,,,,2026-05-25 00:15:30,,,,,,,,,,,,,,,,,,,,
,,,,,,,,,2026-05-25 00:15:30,,,,,,,,,,,,,,,,,,,,
,,,,,,,,,2026-05-25 00:15:30,,,,,,,,,,,,,,,,,,,,
,,,,,,,,,2026-05-25 00:15:30,,,,,,,,,,,,,,,,,,,,
,,,,,,,,,2026-05-25 00:15:30,,,,,,,,,,,,,,,,,,,,
