STATE,DISTRICT,STATION,TEMP,DATE_TEMP,TIME_TEMP,RH,DATE_RH,TIME_RH,LOGGED_AT (IST),EHI (in shade °C),Light Work Heat Stress Zone,EHI_350 (in shade °C),Hard Labor Heat Stress Zone,EHI_3_shade,Zone_3_shade,EHI_3_sun,Zone_3_sun,EHI_4_shade,Zone_4_shade,EHI_4_sun,Zone_4_sun,EHI_5_shade,Zone_5_shade,EHI_5_sun,Zone_5_sun,EHI_6_shade,Zone_6_shade,EHI_6_sun,Zone_6_sun
Andaman And Nicobar,Nicobar,Campbell Bay,26.4,2026-06-01,00:00:00,96.0,2026-05-31,00:00:00,2026-06-01 00:20:28,30.55000000000001,Zone 4,63.2,Zone 5,30.8,Zone 4,59.2,Zone 5,42.1,Zone 5,62.8,Zone 5,59.8,Zone 5,65.4,Zone 5,63.2,Zone 5,67.4,Zone 5
Andaman And Nicobar,Nicobar,Car Nicobar,26.2,2026-06-01,00:00:00,96.0,2026-05-31,00:00:00,2026-06-01 00:20:28,30.05000000000001,Zone 4,62.4,Zone 5,29.6,Zone 4,56.0,Zone 5,37.8,Zone 5,62.0,Zone 5,58.2,Zone 5,64.7,Zone 5,62.4,Zone 5,66.8,Zone 5
Andaman And Nicobar,Nicobar,Nancowry,38.5,2026-06-01,00:00:00,98.0,2026-05-31,00:00:00,2026-06-01 00:20:28,92.55000000000001,Zone 6,101.2,Zone 6,92.6,Zone 6,97.5,Zone 6,95.5,Zone 6,100.3,Zone 6,98.3,Zone 6,103.1,Zone 6,101.2,Zone 6,105.9,Zone 6
Andaman And Nicobar,N M Andaman,Mayabunder,26.3,2026-06-01,00:00:00,98.0,2026-05-31,00:00:00,2026-06-01 00:20:28,30.55000000000001,Zone 4,63.7,Zone 5,31.0,Zone 4,59.7,Zone 5,44.5,Zone 5,63.3,Zone 5,60.3,Zone 5,65.8,Zone 5,63.7,Zone 5,67.7,Zone 5
Andaman And Nicobar,South Andaman,Ferrargunj,26.0,2026-06-01,00:15:00,82.0,2026-05-31,00:15:00,2026-06-01 00:20:28,28.25,Zone 4,59.4,Zone 5,28.3,Zone 4,41.8,Zone 5,34.6,Zone 4,59.0,Zone 5,44.0,Zone 5,62.2,Zone 5,59.4,Zone 5,64.6,Zone 5
Andaman And Nicobar,South Andaman,Hut Bay,25.7,2026-06-01,00:00:00,99.0,2026-05-31,00:00:00,2026-06-01 00:20:28,29.350000000000023,Zone 4,62.2,Zone 5,28.9,Zone 4,54.9,Zone 5,36.7,Zone 5,61.7,Zone 5,57.1,Zone 5,64.5,Zone 5,62.2,Zone 5,66.6,Zone 5
Andaman And Nicobar,South Andaman,Shaheed Dweep,26.0,2026-06-01,00:00:00,99.0,2026-05-31,00:00:00,2026-06-01 00:20:28,29.950000000000045,Zone 4,63.0,Zone 5,30.0,Zone 4,58.7,Zone 5,40.9,Zone 5,62.6,Zone 5,59.5,Zone 5,65.2,Zone 5,63.0,Zone 5,67.2,Zone 5
Andaman And Nicobar,South Andaman,Sri Vijaya Puram Aws400,29.9,2026-06-01,00:15:00,93.0,2026-05-31,00:15:00,2026-06-01 00:20:28,49.75,Zone 5,68.6,Zone 5,51.1,Zone 5,65.7,Zone 5,62.7,Zone 5,68.2,Zone 5,66.2,Zone 5,70.0,Zone 5,68.6,Zone 5,71.4,Zone 5
Andaman And Nicobar,South Andaman,Swaraj Deep,25.7,2026-06-01,00:15:00,87.0,2026-05-31,00:15:00,2026-06-01 00:20:28,28.150000000000034,Zone 4,59.7,Zone 5,27.8,Zone 4,43.0,Zone 5,34.3,Zone 4,59.3,Zone 5,45.2,Zone 5,62.4,Zone 5,59.7,Zone 5,64.8,Zone 5
Andhra Pradesh,Alluri Sitharama Raju,Araku Valley,25.2,2026-06-01,00:00:00,94.0,2026-05-31,00:00:00,2026-06-01 00:20:28,27.850000000000023,Zone 4,60.3,Zone 5,27.5,Zone 4,45.9,Zone 5,34.3,Zone 4,59.9,Zone 5,48.3,Zone 5,62.9,Zone 5,60.3,Zone 5,65.2,Zone 5
Andhra Pradesh,Alluri Sitharama Raju,Chintapalli Amfu,24.2,2026-06-01,00:00:00,90.0,2026-05-31,00:00:00,2026-06-01 00:20:28,25.850000000000023,Zone 4,54.7,Zone 5,25.6,Zone 4,37.1,Zone 4,31.8,Zone 4,53.2,Zone 5,37.6,Zone 4,60.8,Zone 5,54.7,Zone 5,63.4,Zone 5
Andhra Pradesh,Anakapalli,Yellamanchilli Vskp,28.9,2026-06-01,00:15:00,94.0,2026-05-31,00:15:00,2026-06-01 00:20:28,38.55000000000001,Zone 5,67.1,Zone 5,39.7,Zone 5,63.9,Zone 5,60.4,Zone 5,66.7,Zone 5,64.4,Zone 5,68.7,Zone 5,67.1,Zone 5,70.2,Zone 5
Andhra Pradesh,Anantapur,Kh Govtdegcollege Dharmavaram,28.5,2026-06-01,00:15:00,84.0,2026-05-31,00:15:00,2026-06-01 00:20:28,33.650000000000034,Zone 4,63.9,Zone 5,33.7,Zone 4,60.0,Zone 5,46.1,Zone 5,63.5,Zone 5,60.6,Zone 5,66.0,Zone 5,63.9,Zone 5,67.9,Zone 5
Andhra Pradesh,Bapatla,Chirala,28.0,2026-06-01,00:15:00,75.0,2026-05-31,00:15:00,2026-06-01 00:20:28,31.150000000000034,Zone 4,61.0,Zone 5,31.2,Zone 4,49.2,Zone 5,37.6,Zone 4,60.6,Zone 5,51.6,Zone 5,63.5,Zone 5,61.0,Zone 5,65.7,Zone 5
Andhra Pradesh,Eluru,Vijayarai,28.4,2026-06-01,00:15:00,61.0,2026-05-31,00:15:00,2026-06-01 00:20:28,30.150000000000034,Zone 4,56.3,Zone 5,30.3,Zone 4,40.7,Zone 4,36.0,Zone 4,54.8,Zone 5,41.2,Zone 4,61.2,Zone 5,56.3,Zone 5,63.7,Zone 5
Andhra Pradesh,Kakinada,Kakinada,29.5,2026-06-01,00:00:00,81.0,2026-05-31,00:00:00,2026-06-01 00:20:28,35.650000000000034,Zone 4,64.8,Zone 5,35.6,Zone 4,61.1,Zone 5,51.7,Zone 5,64.5,Zone 5,61.7,Zone 5,66.8,Zone 5,64.8,Zone 5,68.6,Zone 5
Andhra Pradesh,Kakinada,Peddapuram,29.3,2026-06-01,00:00:00,89.0,2026-05-31,00:00:00,2026-06-01 00:20:28,37.150000000000034,Zone 4,66.8,Zone 5,37.8,Zone 4,63.5,Zone 5,60.0,Zone 5,66.4,Zone 5,64.0,Zone 5,68.5,Zone 5,66.8,Zone 5,70.0,Zone 5
Andhra Pradesh,Konaseema,Ambajipeta Arg,28.0,2026-06-01,00:00:00,100.0,2026-05-31,00:00:00,2026-06-01 00:20:28,37.150000000000034,Zone 5,66.7,Zone 5,37.1,Zone 5,63.4,Zone 5,59.8,Zone 5,66.3,Zone 5,63.9,Zone 5,68.4,Zone 5,66.7,Zone 5,70.0,Zone 5
Andhra Pradesh,Konaseema,Ambajipeta Aws,27.6,2026-06-01,00:15:00,100.0,2026-05-31,00:15:00,2026-06-01 00:20:28,34.450000000000045,Zone 4,65.8,Zone 5,34.1,Zone 4,62.3,Zone 5,57.3,Zone 5,65.4,Zone 5,62.9,Zone 5,67.7,Zone 5,65.8,Zone 5,69.3,Zone 5
Andhra Pradesh,Krishna,Kv Gopalnagar Machilipatnam,24.1,2026-06-01,00:15:00,56.0,2026-05-31,00:15:00,2026-06-01 00:20:28,24.25,Zone 3,37.9,Zone 4,24.1,Zone 3,33.3,Zone 4,29.1,Zone 4,37.6,Zone 4,33.6,Zone 4,42.4,Zone 5,37.9,Zone 4,55.8,Zone 5
Andhra Pradesh,Ntr,Mylavaram College Of  Engineer,29.3,2026-06-01,00:15:00,91.0,2026-05-31,00:15:00,2026-06-01 00:20:28,38.450000000000045,Zone 5,67.3,Zone 5,40.8,Zone 5,64.1,Zone 5,60.7,Zone 5,66.9,Zone 5,64.6,Zone 5,68.9,Zone 5,67.3,Zone 5,70.4,Zone 5
Andhra Pradesh,Palnadu,Rentachintala,31.8,2026-06-01,00:00:00,56.0,2026-05-31,00:00:00,2026-06-01 00:20:28,35.35000000000002,Zone 4,62.0,Zone 5,35.8,Zone 4,54.3,Zone 5,41.7,Zone 4,61.6,Zone 5,56.4,Zone 5,64.4,Zone 5,62.0,Zone 5,66.5,Zone 5
Andhra Pradesh,Prakasam,Cs Puram,29.0,2026-06-01,00:15:00,67.0,2026-05-31,00:15:00,2026-06-01 00:20:28,31.950000000000045,Zone 4,60.5,Zone 5,31.9,Zone 4,47.2,Zone 5,38.1,Zone 4,60.1,Zone 5,49.5,Zone 5,63.1,Zone 5,60.5,Zone 5,65.4,Zone 5
Andhra Pradesh,Srikakulam,Nagaralapeta Kalingapatnam,,,,100.0,2026-05-31,00:15:00,2026-06-01 00:20:28,,,,,,,,,,,,,,,,,,,,
Andhra Pradesh,Srikakulam,Ragolu,28.0,2026-06-01,00:00:00,93.0,2026-05-31,00:00:00,2026-06-01 00:20:28,34.150000000000034,Zone 4,65.1,Zone 5,34.1,Zone 4,61.5,Zone 5,53.5,Zone 5,64.8,Zone 5,62.1,Zone 5,67.1,Zone 5,65.1,Zone 5,68.8,Zone 5
Andhra Pradesh,Visakhapatnam,Anandapuram Arg,28.3,2026-06-01,00:00:00,79.0,2026-05-31,00:00:00,2026-06-01 00:20:28,32.35000000000002,Zone 4,62.7,Zone 5,32.8,Zone 4,57.6,Zone 5,39.7,Zone 4,62.3,Zone 5,59.2,Zone 5,65.0,Zone 5,62.7,Zone 5,67.0,Zone 5
Andhra Pradesh,Visakhapatnam,Gangavaram Port,29.8,2026-06-01,00:15:00,,,,2026-06-01 00:20:28,,,,,,,,,,,,,,,,,,,,
Andhra Pradesh,Visakhapatnam,Mehadrigadda Dam,40.2,2026-06-01,00:15:00,92.0,2026-05-31,00:15:00,2026-06-01 00:20:28,95.85000000000002,Zone 6,103.5,Zone 6,95.0,Zone 6,99.8,Zone 6,97.9,Zone 6,102.7,Zone 6,100.7,Zone 6,105.5,Zone 6,103.5,Zone 6,108.3,Zone 6
Andhra Pradesh,Vizianagaram,Bobbili,28.3,2026-06-01,00:15:00,96.0,2026-05-31,00:15:00,2026-06-01 00:20:28,35.75,Zone 4,66.7,Zone 5,37.0,Zone 5,63.4,Zone 5,59.8,Zone 5,66.3,Zone 5,63.9,Zone 5,68.4,Zone 5,66.7,Zone 5,69.9,Zone 5
Andhra Pradesh,Vizianagaram,Vizianagaram,30.4,2026-06-01,00:00:00,89.0,2026-05-31,00:00:00,2026-06-01 00:20:28,48.950000000000045,Zone 5,68.5,Zone 5,50.3,Zone 5,65.6,Zone 5,62.5,Zone 5,68.1,Zone 5,66.1,Zone 5,70.0,Zone 5,68.5,Zone 5,71.3,Zone 5
Andhra Pradesh,West Godavari,Bhimavaram,29.2,2026-06-01,00:15:00,80.0,2026-05-31,00:15:00,2026-06-01 00:20:28,34.650000000000034,Zone 4,63.8,Zone 5,34.1,Zone 4,59.9,Zone 5,45.3,Zone 5,63.4,Zone 5,60.4,Zone 5,65.9,Zone 5,63.8,Zone 5,67.8,Zone 5
Andhra Pradesh,West Godavari,Kv Gopannapalem Eluru,28.8,2026-06-01,00:15:00,56.0,2026-05-31,00:15:00,2026-06-01 00:20:28,30.25,Zone 4,54.0,Zone 5,30.6,Zone 4,40.6,Zone 4,36.0,Zone 4,52.4,Zone 5,41.0,Zone 4,60.7,Zone 5,54.0,Zone 5,63.3,Zone 5
Andhra Pradesh,West Godavari,Maruteru,29.9,2026-06-01,00:00:00,97.0,2026-05-31,00:00:00,2026-06-01 00:20:28,57.05000000000001,Zone 5,69.5,Zone 5,58.3,Zone 5,66.9,Zone 5,64.1,Zone 5,69.2,Zone 5,67.4,Zone 5,70.8,Zone 5,69.5,Zone 5,72.9,Zone 6
Andhra Pradesh,West Godavari,Narsapur,29.4,2026-06-01,00:15:00,85.0,2026-05-31,00:15:00,2026-06-01 00:20:28,36.35000000000002,Zone 4,65.8,Zone 5,36.6,Zone 4,62.3,Zone 5,57.3,Zone 5,65.4,Zone 5,62.9,Zone 5,67.7,Zone 5,65.8,Zone 5,69.3,Zone 5
Andhra Pradesh,Ysr Kadapa,Agricultural College  Badvel,28.0,2026-06-01,00:15:00,76.0,2026-05-31,00:15:00,2026-06-01 00:20:28,31.25,Zone 4,61.2,Zone 5,31.3,Zone 4,50.4,Zone 5,37.8,Zone 4,60.8,Zone 5,52.7,Zone 5,63.7,Zone 5,61.2,Zone 5,65.9,Zone 5
Arunachal Pradesh,Anjaw,Hayuliang Circle,21.4,2026-06-01,00:15:00,92.0,2026-05-31,00:15:00,2026-06-01 00:20:28,22.75,Zone 3,40.3,Zone 5,22.9,Zone 3,32.9,Zone 4,28.0,Zone 4,39.1,Zone 5,33.3,Zone 4,54.3,Zone 5,40.3,Zone 5,60.7,Zone 5
Arunachal Pradesh,Anjaw,Kibitoo Circle,18.2,2026-05-31,23:30:00,87.0,2026-05-31,23:30:00,2026-06-01 00:20:28,18.75,Zone 3,32.7,Zone 4,18.5,Zone 3,28.1,Zone 4,24.1,Zone 3,32.5,Zone 4,28.3,Zone 4,36.8,Zone 4,32.7,Zone 4,47.5,Zone 5
Arunachal Pradesh,Changlang,Miao,26.0,2026-06-01,00:00:00,96.0,2026-05-31,00:00:00,2026-06-01 00:20:28,29.650000000000034,Zone 4,62.4,Zone 5,29.6,Zone 4,56.0,Zone 5,37.8,Zone 5,62.0,Zone 5,58.2,Zone 5,64.7,Zone 5,62.4,Zone 5,66.8,Zone 5
Arunachal Pradesh,Dibang Valley,Anini,18.5,2026-06-01,00:00:00,100.0,2026-05-31,00:00:00,2026-06-01 00:20:28,19.650000000000034,Zone 3,34.3,Zone 4,19.7,Zone 3,29.2,Zone 4,24.8,Zone 3,34.0,Zone 4,29.5,Zone 4,42.6,Zone 5,34.3,Zone 4,56.0,Zone 5
Arunachal Pradesh,East Kameng,Seppa Pampoli,27.2,2026-06-01,00:15:00,92.0,2026-05-31,00:15:00,2026-06-01 00:20:28,31.850000000000023,Zone 4,63.2,Zone 5,31.4,Zone 4,59.2,Zone 5,42.1,Zone 5,62.8,Zone 5,59.8,Zone 5,65.4,Zone 5,63.2,Zone 5,67.4,Zone 5
Arunachal Pradesh,Kamle,Raga,21.6,2026-06-01,00:15:00,94.0,2026-05-31,00:15:00,2026-06-01 00:20:28,23.05000000000001,Zone 3,41.6,Zone 5,22.9,Zone 3,33.1,Zone 4,28.1,Zone 4,40.3,Zone 5,33.5,Zone 4,55.5,Zone 5,41.6,Zone 5,61.0,Zone 5
Arunachal Pradesh,Kurung Kumey,Koloraing,21.2,2026-06-01,00:15:00,100.0,2026-05-31,00:15:00,2026-06-01 00:20:28,22.850000000000023,Zone 3,42.5,Zone 5,22.6,Zone 3,32.8,Zone 4,27.7,Zone 4,41.2,Zone 5,33.3,Zone 4,56.3,Zone 5,42.5,Zone 5,61.2,Zone 5
Arunachal Pradesh,Kurung Kumey,Nyapin,21.1,2026-06-01,00:15:00,100.0,2026-05-31,00:15:00,2026-06-01 00:20:28,22.75,Zone 3,42.5,Zone 5,22.6,Zone 3,32.8,Zone 4,27.7,Zone 4,41.2,Zone 5,33.3,Zone 4,56.3,Zone 5,42.5,Zone 5,61.2,Zone 5
Arunachal Pradesh,Leparada,Basar,22.4,2026-06-01,00:15:00,100.0,2026-05-31,00:15:00,2026-06-01 00:20:28,24.150000000000034,Zone 3,52.5,Zone 5,24.3,Zone 3,35.4,Zone 4,30.1,Zone 4,50.9,Zone 5,36.0,Zone 4,60.4,Zone 5,52.5,Zone 5,63.0,Zone 5
Arunachal Pradesh,Lohit,Wakro,25.1,2026-06-01,00:15:00,,,,2026-06-01 00:20:28,,,,,,,,,,,,,,,,,,,,
Arunachal Pradesh,Longding,Longding,24.6,2026-06-01,00:00:00,,,,2026-06-01 00:20:28,,,,,,,,,,,,,,,,,,,,
Arunachal Pradesh,Longding,Longding New,23.7,2026-06-01,00:15:00,91.0,2026-05-31,00:15:00,2026-06-01 00:20:28,25.150000000000034,Zone 3,52.3,Zone 5,25.0,Zone 3,36.2,Zone 4,31.0,Zone 4,50.7,Zone 5,36.8,Zone 4,60.3,Zone 5,52.3,Zone 5,62.9,Zone 5
Arunachal Pradesh,Lower Subansiri,Deed,18.3,2026-06-01,00:15:00,100.0,2026-05-31,00:15:00,2026-06-01 00:20:28,19.450000000000045,Zone 3,34.3,Zone 4,19.7,Zone 3,29.2,Zone 4,24.8,Zone 3,34.0,Zone 4,29.5,Zone 4,42.6,Zone 5,34.3,Zone 4,56.0,Zone 5
Arunachal Pradesh,Lower Subansiri,Ziro Manipolyang,,,,99.0,2026-05-31,00:15:00,2026-06-01 00:20:28,,,,,,,,,,,,,,,,,,,,
Arunachal Pradesh,Namsai,Lekang,24.2,2026-06-01,00:00:00,94.0,2026-05-31,00:00:00,2026-06-01 00:20:28,26.150000000000034,Zone 4,57.7,Zone 5,25.8,Zone 4,38.6,Zone 5,32.2,Zone 4,56.2,Zone 5,40.6,Zone 5,61.5,Zone 5,57.7,Zone 5,64.0,Zone 5
Arunachal Pradesh,Namsai,Namsai Kvk,24.3,2026-06-01,00:15:00,100.0,2026-05-31,00:15:00,2026-06-01 00:20:28,26.650000000000034,Zone 4,60.7,Zone 5,27.0,Zone 4,47.6,Zone 5,34.0,Zone 4,60.2,Zone 5,50.0,Zone 5,63.2,Zone 5,60.7,Zone 5,65.5,Zone 5
Arunachal Pradesh,Papumpare,Itanagar,24.6,2026-06-01,00:00:00,100.0,2026-05-31,00:00:00,2026-06-01 00:20:28,27.25,Zone 4,60.7,Zone 5,27.0,Zone 4,47.6,Zone 5,34.0,Zone 4,60.2,Zone 5,50.0,Zone 5,63.2,Zone 5,60.7,Zone 5,65.5,Zone 5
Arunachal Pradesh,Shiyomi,Lamang 2,10.9,2026-05-31,23:30:00,98.0,2026-05-31,23:30:00,2026-06-01 00:20:28,10.850000000000023,Zone 2,25.7,Zone 4,10.9,Zone 2,22.9,Zone 3,18.5,Zone 3,25.7,Zone 4,22.9,Zone 3,29.5,Zone 4,25.7,Zone 4,33.2,Zone 4
Arunachal Pradesh,Siang,Pangin Circle,23.5,2026-05-31,23:30:00,100.0,2026-05-31,23:30:00,2026-06-01 00:20:28,25.25,Zone 3,58.9,Zone 5,25.3,Zone 3,39.9,Zone 5,31.9,Zone 4,57.4,Zone 5,42.0,Zone 5,61.8,Zone 5,58.9,Zone 5,64.2,Zone 5
Arunachal Pradesh,Tawang,Domane,,,,97.0,2026-05-31,23:30:00,2026-06-01 00:20:28,,,,,,,,,,,,,,,,,,,,
Arunachal Pradesh,Tirap,Deomali,23.7,2026-06-01,00:00:00,100.0,2026-05-31,00:00:00,2026-06-01 00:20:28,25.650000000000034,Zone 4,58.9,Zone 5,25.3,Zone 3,39.9,Zone 5,31.9,Zone 4,57.4,Zone 5,42.0,Zone 5,61.8,Zone 5,58.9,Zone 5,64.2,Zone 5
Arunachal Pradesh,Tirap,Longding,22.3,2026-06-01,00:00:00,,,,2026-06-01 00:20:28,,,,,,,,,,,,,,,,,,,,
Arunachal Pradesh,Upper Siang,Tenali,14.9,2026-05-31,23:30:00,100.0,2026-05-31,23:30:00,2026-06-01 00:20:28,15.150000000000034,Zone 3,29.8,Zone 4,15.3,Zone 3,25.3,Zone 3,22.0,Zone 3,29.6,Zone 4,25.4,Zone 4,33.8,Zone 4,29.8,Zone 4,40.0,Zone 5
Arunachal Pradesh,Upper Siang,Yingkiong,25.7,2026-06-01,00:00:00,7.0,2026-05-31,00:00:00,2026-06-01 00:20:28,23.350000000000023,Zone 3,34.5,Zone 4,23.1,Zone 3,31.3,Zone 4,27.8,Zone 4,34.5,Zone 4,31.2,Zone 4,37.6,Zone 4,34.5,Zone 4,40.6,Zone 4
Arunachal Pradesh,Upper Subhanseri,Daporijo,25.7,2026-06-01,00:15:00,89.0,2026-05-31,00:15:00,2026-06-01 00:20:28,28.350000000000023,Zone 4,60.1,Zone 5,28.0,Zone 4,45.0,Zone 5,34.6,Zone 4,59.7,Zone 5,47.3,Zone 5,62.8,Zone 5,60.1,Zone 5,65.1,Zone 5
Arunachal Pradesh,West Kameng,Bomdila,20.3,2026-06-01,00:00:00,,,,2026-06-01 00:20:28,,,,,,,,,,,,,,,,,,,,
Arunachal Pradesh,West Kameng,Dirang,22.3,2026-06-01,00:00:00,100.0,2026-05-31,00:15:00,2026-06-01 00:20:28,24.05000000000001,Zone 3,52.5,Zone 5,24.3,Zone 3,35.4,Zone 4,30.1,Zone 4,50.9,Zone 5,36.0,Zone 4,60.4,Zone 5,52.5,Zone 5,63.0,Zone 5
Arunachal Pradesh,West Kameng,Dirang,18.5,2026-06-01,00:15:00,100.0,2026-05-31,00:15:00,2026-06-01 00:20:28,19.650000000000034,Zone 3,34.3,Zone 4,19.7,Zone 3,29.2,Zone 4,24.8,Zone 3,34.0,Zone 4,29.5,Zone 4,42.6,Zone 5,34.3,Zone 4,56.0,Zone 5
Arunachal Pradesh,West Kameng,Kalaktang,18.4,2026-06-01,00:00:00,100.0,2026-05-31,00:00:00,2026-06-01 00:20:28,19.55000000000001,Zone 3,34.3,Zone 4,19.7,Zone 3,29.2,Zone 4,24.8,Zone 3,34.0,Zone 4,29.5,Zone 4,42.6,Zone 5,34.3,Zone 4,56.0,Zone 5
Arunachal Pradesh,West Siang,Along,24.6,2026-06-01,00:00:00,100.0,2026-05-31,00:00:00,2026-06-01 00:20:28,27.25,Zone 4,60.7,Zone 5,27.0,Zone 4,47.6,Zone 5,34.0,Zone 4,60.2,Zone 5,50.0,Zone 5,63.2,Zone 5,60.7,Zone 5,65.5,Zone 5
Arunachal Pradesh,West Siang,Yomcha,21.5,2026-06-01,00:15:00,100.0,2026-05-31,00:15:00,2026-06-01 00:20:28,23.150000000000034,Zone 3,45.7,Zone 5,23.2,Zone 3,33.6,Zone 4,28.5,Zone 4,44.3,Zone 5,34.1,Zone 4,58.9,Zone 5,45.7,Zone 5,61.8,Zone 5
Assam,Barpeta,Bajali University,27.2,2026-06-01,00:15:00,100.0,2026-05-31,00:15:00,2026-06-01 00:20:28,33.25,Zone 4,65.0,Zone 5,32.7,Zone 4,61.3,Zone 5,52.3,Zone 5,64.6,Zone 5,61.8,Zone 5,66.9,Zone 5,65.0,Zone 5,68.7,Zone 5
Assam,Barpeta,Barpeta Kvk,27.6,2026-06-01,00:15:00,100.0,2026-05-31,00:15:00,2026-06-01 00:20:28,34.450000000000045,Zone 4,65.8,Zone 5,34.1,Zone 4,62.3,Zone 5,57.3,Zone 5,65.4,Zone 5,62.9,Zone 5,67.7,Zone 5,65.8,Zone 5,69.3,Zone 5
Assam,Cachar,Silchar,26.6,2026-06-01,00:00:00,,,,2026-06-01 00:20:28,,,,,,,,,,,,,,,,,,,,
Assam,Charaideo,Sonari Aegcl,,,,100.0,2026-05-31,00:15:00,2026-06-01 00:20:28,,,,,,,,,,,,,,,,,,,,
Assam,Darrang,Dalgaon,26.6,2026-06-01,00:00:00,87.0,2026-05-31,00:00:00,2026-06-01 00:20:28,29.850000000000023,Zone 4,61.3,Zone 5,29.7,Zone 4,50.9,Zone 5,36.5,Zone 4,60.9,Zone 5,53.2,Zone 5,63.8,Zone 5,61.3,Zone 5,66.0,Zone 5
Assam,Darrang,Garukhuti,26.0,2026-06-01,00:15:00,19.0,2026-05-31,00:15:00,2026-06-01 00:20:28,24.55000000000001,Zone 3,36.0,Zone 4,24.6,Zone 3,32.5,Zone 4,28.8,Zone 4,35.9,Zone 4,32.5,Zone 4,39.3,Zone 4,36.0,Zone 4,42.5,Zone 4
Assam,Darrang,Mangaldai,24.9,2026-06-01,00:00:00,88.0,2026-05-31,00:00:00,2026-06-01 00:20:28,26.850000000000023,Zone 4,59.1,Zone 5,27.0,Zone 4,40.4,Zone 5,33.5,Zone 4,57.8,Zone 5,42.4,Zone 5,61.9,Zone 5,59.1,Zone 5,64.3,Zone 5
Assam,Dhemaji,Silapathar Science College,26.1,2026-06-01,00:15:00,100.0,2026-05-31,00:15:00,2026-06-01 00:20:28,30.350000000000023,Zone 4,63.2,Zone 5,30.1,Zone 4,59.2,Zone 5,42.0,Zone 5,62.8,Zone 5,59.8,Zone 5,65.4,Zone 5,63.2,Zone 5,67.4,Zone 5
Assam,Dhubri,Agomani,28.1,2026-05-31,23:30:00,,,,2026-06-01 00:20:28,,,,,,,,,,,,,,,,,,,,
Assam,Dhubri,Bn College,28.5,2026-05-31,23:45:00,100.0,2026-05-31,23:45:00,2026-06-01 00:20:28,43.05000000000001,Zone 5,67.6,Zone 5,43.1,Zone 5,64.5,Zone 5,61.2,Zone 5,67.2,Zone 5,65.0,Zone 5,69.2,Zone 5,67.6,Zone 5,70.6,Zone 5
Assam,Dhubri,Gauripur Aegcl,28.0,2026-06-01,00:15:00,100.0,2026-05-31,00:15:00,2026-06-01 00:20:28,37.150000000000034,Zone 5,66.7,Zone 5,37.1,Zone 5,63.4,Zone 5,59.8,Zone 5,66.3,Zone 5,63.9,Zone 5,68.4,Zone 5,66.7,Zone 5,70.0,Zone 5
Assam,Dibrugarh,Bcpl Dibrugarh,,,,74.0,2026-05-31,00:00:00,2026-06-01 00:20:28,,,,,,,,,,,,,,,,,,,,
Assam,Dibrugarh,Dc Ofc Dibrugarh,26.4,2026-06-01,00:00:00,100.0,2026-05-31,00:00:00,2026-06-01 00:20:28,31.05000000000001,Zone 4,64.1,Zone 5,31.3,Zone 4,60.2,Zone 5,47.0,Zone 5,63.7,Zone 5,60.8,Zone 5,66.2,Zone 5,64.1,Zone 5,68.0,Zone 5
Assam,Dibrugarh,Dibrugarh,22.8,2026-05-31,23:30:00,,,,2026-06-01 00:20:28,,,,,,,,,,,,,,,,,,,,
Assam,Dibrugarh,Lahowal,,,,13.0,2026-05-31,00:00:00,2026-06-01 00:20:28,,,,,,,,,,,,,,,,,,,,
Assam,Dima Hasao,Haflong,24.9,2026-06-01,00:00:00,80.0,2026-05-31,00:00:00,2026-06-01 00:20:28,26.350000000000023,Zone 4,52.9,Zone 5,26.5,Zone 4,37.5,Zone 4,32.5,Zone 4,51.3,Zone 5,38.1,Zone 4,60.5,Zone 5,52.9,Zone 5,63.1,Zone 5
Assam,Dima Hasao,Haflong Aegcl,24.6,2026-06-01,00:15:00,100.0,2026-05-31,00:15:00,2026-06-01 00:20:28,27.25,Zone 4,60.7,Zone 5,27.0,Zone 4,47.6,Zone 5,34.0,Zone 4,60.2,Zone 5,50.0,Zone 5,63.2,Zone 5,60.7,Zone 5,65.5,Zone 5
Assam,Dima Hasao,Lkhep,26.1,2026-06-01,00:00:00,100.0,2026-05-31,00:00:00,2026-06-01 00:20:28,30.350000000000023,Zone 4,63.2,Zone 5,30.1,Zone 4,59.2,Zone 5,42.0,Zone 5,62.8,Zone 5,59.8,Zone 5,65.4,Zone 5,63.2,Zone 5,67.4,Zone 5
Assam,Golaghat,Cnb Collage Bokakhat,27.1,2026-06-01,00:15:00,100.0,2026-05-31,00:15:00,2026-06-01 00:20:28,32.950000000000045,Zone 4,65.0,Zone 5,32.7,Zone 4,61.3,Zone 5,52.3,Zone 5,64.6,Zone 5,61.8,Zone 5,66.9,Zone 5,65.0,Zone 5,68.7,Zone 5
Assam,Hailakandi,Panchgram Aegcl,26.4,2026-06-01,00:15:00,100.0,2026-05-31,00:15:00,2026-06-01 00:20:28,31.05000000000001,Zone 4,64.1,Zone 5,31.3,Zone 4,60.2,Zone 5,47.0,Zone 5,63.7,Zone 5,60.8,Zone 5,66.2,Zone 5,64.1,Zone 5,68.0,Zone 5
Assam,Hajoi,Lumding,28.2,2026-06-01,00:00:00,80.0,2026-05-31,00:00:00,2026-06-01 00:20:28,32.25,Zone 4,62.2,Zone 5,31.8,Zone 4,55.0,Zone 5,38.6,Zone 4,61.8,Zone 5,57.2,Zone 5,64.5,Zone 5,62.2,Zone 5,66.6,Zone 5
Assam,Kamrup,Amingaon,26.9,2026-06-01,00:15:00,61.0,2026-05-31,00:15:00,2026-06-01 00:20:28,27.950000000000045,Zone 4,47.5,Zone 5,28.1,Zone 4,38.1,Zone 4,33.5,Zone 4,46.0,Zone 5,38.5,Zone 4,59.3,Zone 5,47.5,Zone 5,62.1,Zone 5
Assam,Kamrup,Boko Aegcl,26.4,2026-06-01,00:15:00,100.0,2026-05-31,00:15:00,2026-06-01 00:20:28,31.05000000000001,Zone 4,64.1,Zone 5,31.3,Zone 4,60.2,Zone 5,47.0,Zone 5,63.7,Zone 5,60.8,Zone 5,66.2,Zone 5,64.1,Zone 5,68.0,Zone 5
Assam,Kamrup,Chandubi,30.5,2026-06-01,00:15:00,6.0,2026-05-31,00:15:00,2026-06-01 00:20:28,27.950000000000045,Zone 4,38.2,Zone 4,28.0,Zone 4,34.9,Zone 4,31.6,Zone 4,38.1,Zone 4,35.0,Zone 4,41.2,Zone 4,38.2,Zone 4,44.2,Zone 4
Assam,Kamrup,Kukurmara Mirza Aegcl,25.7,2026-06-01,00:15:00,100.0,2026-05-31,00:15:00,2026-06-01 00:20:28,29.450000000000045,Zone 4,62.4,Zone 5,29.0,Zone 4,55.9,Zone 5,37.6,Zone 5,62.0,Zone 5,58.0,Zone 5,64.7,Zone 5,62.4,Zone 5,66.7,Zone 5
Assam,Kamrup Metropolitan,Aau Hrs,26.2,2026-06-01,00:00:00,99.0,2026-05-31,00:00:00,2026-06-01 00:20:28,30.450000000000045,Zone 4,63.0,Zone 5,30.0,Zone 4,58.7,Zone 5,40.9,Zone 5,62.6,Zone 5,59.5,Zone 5,65.2,Zone 5,63.0,Zone 5,67.2,Zone 5
Assam,Kamrup Metropolitan,Down Town University,26.1,2026-06-01,00:00:00,100.0,2026-05-31,00:00:00,2026-06-01 00:20:28,30.350000000000023,Zone 4,63.2,Zone 5,30.1,Zone 4,59.2,Zone 5,42.0,Zone 5,62.8,Zone 5,59.8,Zone 5,65.4,Zone 5,63.2,Zone 5,67.4,Zone 5
Assam,Kamrup Metropolitan,Gauhati University,25.9,2026-06-01,00:00:00,,,,2026-06-01 00:20:28,,,,,,,,,,,,,,,,,,,,
Assam,Kamrup Metropolitan,Guwahati,26.8,2026-06-01,00:00:00,86.0,2026-05-31,00:00:00,2026-06-01 00:20:28,30.150000000000034,Zone 4,61.9,Zone 5,30.6,Zone 4,53.8,Zone 5,37.5,Zone 4,61.5,Zone 5,56.0,Zone 5,64.3,Zone 5,61.9,Zone 5,66.4,Zone 5
Assam,Kamrup Metropolitan,Guwahati City,27.7,2026-05-31,23:45:00,94.0,2026-05-31,23:45:00,2026-06-01 00:20:28,33.450000000000045,Zone 4,64.5,Zone 5,32.9,Zone 4,60.7,Zone 5,49.7,Zone 5,64.1,Zone 5,61.3,Zone 5,66.5,Zone 5,64.5,Zone 5,68.3,Zone 5
Assam,Kamrup Metropolitan,Kalakshetra,27.7,2026-06-01,00:00:00,,,,2026-06-01 00:20:28,,,,,,,,,,,,,,,,,,,,
Assam,Kamrup Metropolitan,Kamakhya,27.6,2026-06-01,00:15:00,93.0,2026-05-31,00:15:00,2026-06-01 00:20:28,33.05000000000001,Zone 4,64.3,Zone 5,32.8,Zone 4,60.5,Zone 5,48.3,Zone 5,63.9,Zone 5,61.0,Zone 5,66.3,Zone 5,64.3,Zone 5,68.2,Zone 5
Assam,Kamrup Metropolitan,Vcbc Rani,20.2,2026-06-01,00:00:00,100.0,2026-05-31,00:00:00,2026-06-01 00:20:28,21.75,Zone 3,36.9,Zone 5,21.5,Zone 3,31.3,Zone 4,26.3,Zone 4,36.3,Zone 4,31.7,Zone 4,50.8,Zone 5,36.9,Zone 5,60.0,Zone 5
Assam,Karbi Anglong(East),Bakulia,28.0,2026-06-01,00:00:00,82.0,2026-05-31,00:00:00,2026-06-01 00:20:28,32.150000000000034,Zone 4,62.6,Zone 5,32.1,Zone 4,57.1,Zone 5,39.1,Zone 4,62.2,Zone 5,59.1,Zone 5,64.9,Zone 5,62.6,Zone 5,66.9,Zone 5
Assam,Karbi Anglong(East),Diphu,27.3,2026-06-01,00:00:00,88.0,2026-05-31,00:00:00,2026-06-01 00:20:28,31.450000000000045,Zone 4,63.2,Zone 5,31.9,Zone 4,59.1,Zone 5,41.8,Zone 5,62.8,Zone 5,59.7,Zone 5,65.4,Zone 5,63.2,Zone 5,67.4,Zone 5
Assam,Karbi Anglong(West),Kheronighat,27.1,2026-06-01,00:00:00,82.0,2026-05-31,00:00:00,2026-06-01 00:20:28,30.25,Zone 4,61.0,Zone 5,30.1,Zone 4,49.4,Zone 5,36.7,Zone 4,60.6,Zone 5,51.8,Zone 5,63.5,Zone 5,61.0,Zone 5,65.7,Zone 5
Assam,Karbi Anglong(West),Umlapher,20.3,2026-06-01,00:15:00,100.0,2026-05-31,00:15:00,2026-06-01 00:20:28,21.850000000000023,Zone 3,39.6,Zone 5,22.0,Zone 3,32.0,Zone 4,27.0,Zone 4,38.4,Zone 5,32.4,Zone 4,53.6,Zone 5,39.6,Zone 5,60.6,Zone 5
Assam,Karbi Anglong(West),Umpanai Apdcl,22.6,2026-06-01,00:15:00,100.0,2026-05-31,00:15:00,2026-06-01 00:20:28,24.350000000000023,Zone 3,52.5,Zone 5,24.3,Zone 3,35.4,Zone 4,30.1,Zone 4,50.9,Zone 5,36.0,Zone 4,60.4,Zone 5,52.5,Zone 5,63.0,Zone 5
Assam,Karimganj,Harinagar,,,,15.0,2026-05-31,00:00:00,2026-06-01 00:20:28,,,,,,,,,,,,,,,,,,,,
Assam,Karimganj,Karimganj Amfu,28.1,2026-06-01,00:00:00,94.0,2026-05-31,00:00:00,2026-06-01 00:20:28,34.650000000000034,Zone 4,65.4,Zone 5,34.3,Zone 4,61.8,Zone 5,54.8,Zone 5,65.0,Zone 5,62.3,Zone 5,67.3,Zone 5,65.4,Zone 5,69.0,Zone 5
Assam,Kokrajhar,Salakati Aegcl,28.1,2026-06-01,00:15:00,100.0,2026-05-31,00:15:00,2026-06-01 00:20:28,38.25,Zone 5,66.7,Zone 5,37.1,Zone 5,63.4,Zone 5,59.8,Zone 5,66.3,Zone 5,63.9,Zone 5,68.4,Zone 5,66.7,Zone 5,70.0,Zone 5
Assam,Lakhimpur,Lakhimpur,25.4,2026-05-31,23:45:00,100.0,2026-05-31,23:45:00,2026-06-01 00:20:28,28.75,Zone 4,62.4,Zone 5,29.0,Zone 4,55.9,Zone 5,37.6,Zone 5,62.0,Zone 5,58.0,Zone 5,64.7,Zone 5,62.4,Zone 5,66.7,Zone 5
Assam,Marigaon,Dharamtul,27.1,2026-06-01,00:00:00,100.0,2026-05-31,00:00:00,2026-06-01 00:20:28,32.950000000000045,Zone 4,65.0,Zone 5,32.7,Zone 4,61.3,Zone 5,52.3,Zone 5,64.6,Zone 5,61.8,Zone 5,66.9,Zone 5,65.0,Zone 5,68.7,Zone 5
Assam,Marigaon,Laharighat,27.2,2026-06-01,00:00:00,88.0,2026-05-31,00:00:00,2026-06-01 00:20:28,31.25,Zone 4,62.4,Zone 5,30.8,Zone 4,55.8,Zone 5,37.9,Zone 4,61.9,Zone 5,58.0,Zone 5,64.7,Zone 5,62.4,Zone 5,66.7,Zone 5
Assam,Marigaon,Marigaon,26.9,2026-06-01,00:00:00,100.0,2026-05-31,00:00:00,2026-06-01 00:20:28,32.35000000000002,Zone 4,65.0,Zone 5,32.7,Zone 4,61.3,Zone 5,52.3,Zone 5,64.6,Zone 5,61.8,Zone 5,66.9,Zone 5,65.0,Zone 5,68.7,Zone 5
Assam,Nagaon,Kampur,25.6,2026-05-31,23:45:00,,,,2026-06-01 00:20:28,,,,,,,,,,,,,,,,,,,,
Assam,Nagaon,Samaguri Aegcl,26.6,2026-06-01,00:15:00,100.0,2026-05-31,00:15:00,2026-06-01 00:20:28,31.55000000000001,Zone 4,64.1,Zone 5,31.3,Zone 4,60.2,Zone 5,47.0,Zone 5,63.7,Zone 5,60.8,Zone 5,66.2,Zone 5,64.1,Zone 5,68.0,Zone 5
Assam,Nalbari,Chamata,36.0,2026-06-01,00:00:00,7.0,2026-05-31,00:00:00,2026-06-01 00:20:28,32.650000000000034,Zone 4,42.8,Zone 4,32.6,Zone 4,39.4,Zone 4,36.2,Zone 4,42.7,Zone 4,39.6,Zone 4,45.8,Zone 4,42.8,Zone 4,50.1,Zone 5
Assam,Nalbari,Nalbari,33.7,2026-06-01,00:00:00,99.0,2026-05-31,00:00:00,2026-06-01 00:20:28,73.35000000000002,Zone 6,81.4,Zone 6,72.6,Zone 6,77.8,Zone 6,75.5,Zone 6,80.7,Zone 6,78.5,Zone 6,83.6,Zone 6,81.4,Zone 6,86.5,Zone 6
Assam,Nalbari,Nalbari Kvk,27.2,2026-06-01,00:15:00,100.0,2026-05-31,00:15:00,2026-06-01 00:20:28,33.25,Zone 4,65.0,Zone 5,32.7,Zone 4,61.3,Zone 5,52.3,Zone 5,64.6,Zone 5,61.8,Zone 5,66.9,Zone 5,65.0,Zone 5,68.7,Zone 5
Assam,Nalbari,Tihu,28.2,2026-06-01,00:00:00,83.0,2026-05-31,00:00:00,2026-06-01 00:20:28,32.75,Zone 4,62.9,Zone 5,32.3,Zone 4,58.1,Zone 5,40.1,Zone 5,62.5,Zone 5,59.3,Zone 5,65.1,Zone 5,62.9,Zone 5,67.1,Zone 5
Assam,Sivasagar,Sivsagar Aegcl,26.0,2026-06-01,00:15:00,100.0,2026-05-31,00:15:00,2026-06-01 00:20:28,30.150000000000034,Zone 4,63.2,Zone 5,30.1,Zone 4,59.2,Zone 5,42.0,Zone 5,62.8,Zone 5,59.8,Zone 5,65.4,Zone 5,63.2,Zone 5,67.4,Zone 5
Assam,Sonitpur,Dhekiajuli Aegcl,26.5,2026-05-31,23:30:00,100.0,2026-05-31,23:30:00,2026-06-01 00:20:28,31.350000000000023,Zone 4,64.1,Zone 5,31.3,Zone 4,60.2,Zone 5,47.0,Zone 5,63.7,Zone 5,60.8,Zone 5,66.2,Zone 5,64.1,Zone 5,68.0,Zone 5
Assam,Sonitpur,Ghoramara Aegcl,26.0,2026-06-01,00:15:00,,,,2026-06-01 00:20:28,,,,,,,,,,,,,,,,,,,,
Assam,Sonitpur,Neriwalam,26.4,2026-05-31,23:30:00,100.0,2026-05-31,23:30:00,2026-06-01 00:20:28,31.05000000000001,Zone 4,64.1,Zone 5,31.3,Zone 4,60.2,Zone 5,47.0,Zone 5,63.7,Zone 5,60.8,Zone 5,66.2,Zone 5,64.1,Zone 5,68.0,Zone 5
Assam,Tinsukia,Margherita,24.3,2026-06-01,00:15:00,100.0,2026-05-31,00:15:00,2026-06-01 00:20:28,26.650000000000034,Zone 4,60.7,Zone 5,27.0,Zone 4,47.6,Zone 5,34.0,Zone 4,60.2,Zone 5,50.0,Zone 5,63.2,Zone 5,60.7,Zone 5,65.5,Zone 5
Assam,Tinsukia,Rupai Aegcl,25.2,2026-06-01,00:00:00,100.0,2026-05-31,00:00:00,2026-06-01 00:20:28,28.350000000000023,Zone 4,61.5,Zone 5,28.0,Zone 4,51.8,Zone 5,35.2,Zone 4,61.1,Zone 5,54.1,Zone 5,64.0,Zone 5,61.5,Zone 5,66.1,Zone 5
Assam,Tinsukia,Tinsukia,25.7,2026-06-01,00:00:00,91.0,2026-05-31,00:00:00,2026-06-01 00:20:28,28.55000000000001,Zone 4,60.5,Zone 5,28.1,Zone 4,47.0,Zone 5,34.9,Zone 4,60.1,Zone 5,49.3,Zone 5,63.1,Zone 5,60.5,Zone 5,65.4,Zone 5
Assam,Udalguri,Rowta Aegcl,26.4,2026-06-01,00:15:00,100.0,2026-05-31,00:15:00,2026-06-01 00:20:28,31.05000000000001,Zone 4,64.1,Zone 5,31.3,Zone 4,60.2,Zone 5,47.0,Zone 5,63.7,Zone 5,60.8,Zone 5,66.2,Zone 5,64.1,Zone 5,68.0,Zone 5
Assam,Udalguri,Udalguri,23.7,2026-06-01,00:00:00,80.0,2026-05-31,00:00:00,2026-06-01 00:20:28,24.75,Zone 3,43.4,Zone 5,24.6,Zone 3,34.9,Zone 4,30.1,Zone 4,42.1,Zone 5,35.4,Zone 4,57.1,Zone 5,43.4,Zone 5,61.3,Zone 5
Assam,Udalguri,Udi Kvk,25.9,2026-06-01,00:15:00,,,,2026-06-01 00:20:28,,,,,,,,,,,,,,,,,,,,
Bihar,Arwal,Arwal Aws400,26.1,2026-06-01,00:15:00,84.0,2026-05-31,00:15:00,2026-06-01 00:20:28,28.650000000000034,Zone 4,59.8,Zone 5,28.4,Zone 4,43.8,Zone 5,34.9,Zone 4,59.4,Zone 5,46.0,Zone 5,62.5,Zone 5,59.8,Zone 5,64.9,Zone 5
Bihar,Aurangabad,Aurangabad Kvk,27.4,2026-06-01,00:00:00,72.0,2026-05-31,00:00:00,2026-06-01 00:20:28,29.75,Zone 4,59.5,Zone 5,29.9,Zone 4,42.2,Zone 5,36.0,Zone 4,59.1,Zone 5,44.3,Zone 5,62.2,Zone 5,59.5,Zone 5,64.6,Zone 5
Bihar,Buxar,Buxar,27.3,2026-06-01,00:00:00,75.0,2026-05-31,00:00:00,2026-06-01 00:20:28,29.850000000000023,Zone 4,60.2,Zone 5,30.2,Zone 4,45.4,Zone 5,36.5,Zone 4,59.8,Zone 5,47.7,Zone 5,62.8,Zone 5,60.2,Zone 5,65.1,Zone 5
Bihar,Buxar,Dumaraon,26.1,2026-06-01,00:00:00,64.0,2026-05-31,00:00:00,2026-06-01 00:20:28,27.05000000000001,Zone 4,44.5,Zone 5,26.9,Zone 4,37.0,Zone 4,32.3,Zone 4,43.1,Zone 5,37.4,Zone 4,58.0,Zone 5,44.5,Zone 5,61.5,Zone 5
Bihar,Darbhanga,Darbhanga Aws400,27.6,2026-06-01,00:15:00,93.0,2026-05-31,00:15:00,2026-06-01 00:20:28,33.05000000000001,Zone 4,64.3,Zone 5,32.8,Zone 4,60.5,Zone 5,48.3,Zone 5,63.9,Zone 5,61.0,Zone 5,66.3,Zone 5,64.3,Zone 5,68.2,Zone 5
Bihar,East Champaran,East Champaran Kvk,,,,22.0,2026-05-31,00:15:00,2026-06-01 00:20:28,,,,,,,,,,,,,,,,,,,,
Bihar,Gaya,Bodhgaya,26.7,2026-06-01,00:15:00,78.0,2026-05-31,00:15:00,2026-06-01 00:20:28,29.150000000000034,Zone 4,59.3,Zone 5,28.8,Zone 4,41.4,Zone 5,35.0,Zone 4,58.7,Zone 5,43.5,Zone 5,62.1,Zone 5,59.3,Zone 5,64.5,Zone 5
Bihar,Jehanabad,Jehanabad,27.7,2026-06-01,00:00:00,84.0,2026-05-31,00:00:00,2026-06-01 00:20:28,31.75,Zone 4,62.3,Zone 5,31.4,Zone 4,55.5,Zone 5,38.3,Zone 4,61.9,Zone 5,57.7,Zone 5,64.6,Zone 5,62.3,Zone 5,66.7,Zone 5
Bihar,Kaimur,Bhabua,30.4,2026-06-01,00:00:00,73.0,2026-05-31,00:00:00,2026-06-01 00:20:28,36.05000000000001,Zone 4,64.4,Zone 5,36.3,Zone 4,60.7,Zone 5,49.2,Zone 5,64.0,Zone 5,61.2,Zone 5,66.5,Zone 5,64.4,Zone 5,68.3,Zone 5
Bihar,Kishanganj,Arrabari,27.4,2026-06-01,00:15:00,100.0,2026-05-31,00:15:00,2026-06-01 00:20:28,33.85000000000002,Zone 4,65.8,Zone 5,34.1,Zone 4,62.3,Zone 5,57.3,Zone 5,65.4,Zone 5,62.9,Zone 5,67.7,Zone 5,65.8,Zone 5,69.3,Zone 5
Bihar,Madhepura,Madhepura,27.3,2026-06-01,00:15:00,100.0,2026-05-31,00:15:00,2026-06-01 00:20:28,33.55000000000001,Zone 4,65.8,Zone 5,34.1,Zone 4,62.3,Zone 5,57.3,Zone 5,65.4,Zone 5,62.9,Zone 5,67.7,Zone 5,65.8,Zone 5,69.3,Zone 5
Bihar,Madhubani,Chanpur Basaitha,28.1,2026-05-31,23:30:00,92.0,2026-05-31,23:30:00,2026-06-01 00:20:28,34.150000000000034,Zone 4,64.9,Zone 5,33.9,Zone 4,61.2,Zone 5,52.1,Zone 5,64.5,Zone 5,61.8,Zone 5,66.9,Zone 5,64.9,Zone 5,68.6,Zone 5
Bihar,Madhubani,Sukhet,27.2,2026-06-01,00:15:00,71.0,2026-05-31,00:15:00,2026-06-01 00:20:28,29.25,Zone 4,57.1,Zone 5,29.0,Zone 4,39.8,Zone 4,34.9,Zone 4,55.6,Zone 5,40.4,Zone 4,61.4,Zone 5,57.1,Zone 5,63.9,Zone 5
Bihar,Munger,Kvk Munger,26.3,2026-06-01,00:15:00,96.0,2026-05-31,00:15:00,2026-06-01 00:20:28,30.350000000000023,Zone 4,63.2,Zone 5,30.8,Zone 4,59.2,Zone 5,42.1,Zone 5,62.8,Zone 5,59.8,Zone 5,65.4,Zone 5,63.2,Zone 5,67.4,Zone 5
Bihar,Muzaffarpur,Saraiya Kvk,25.8,2026-06-01,00:15:00,100.0,2026-05-31,00:15:00,2026-06-01 00:20:28,29.650000000000034,Zone 4,63.2,Zone 5,30.1,Zone 4,59.2,Zone 5,42.0,Zone 5,62.8,Zone 5,59.8,Zone 5,65.4,Zone 5,63.2,Zone 5,67.4,Zone 5
Bihar,Nalanda,Harnaut,29.2,2026-06-01,00:00:00,93.0,2026-05-31,00:00:00,2026-06-01 00:20:28,40.450000000000045,Zone 5,66.9,Zone 5,38.2,Zone 5,63.6,Zone 5,60.1,Zone 5,66.5,Zone 5,64.1,Zone 5,68.5,Zone 5,66.9,Zone 5,70.1,Zone 5
Bihar,Nalanda,Rajgir,26.4,2026-06-01,00:15:00,100.0,2026-05-31,00:15:00,2026-06-01 00:20:28,31.05000000000001,Zone 4,64.1,Zone 5,31.3,Zone 4,60.2,Zone 5,47.0,Zone 5,63.7,Zone 5,60.8,Zone 5,66.2,Zone 5,64.1,Zone 5,68.0,Zone 5
Bihar,Patna,Baldwin Academy,29.4,2026-06-01,00:00:00,78.0,2026-05-31,00:00:00,2026-06-01 00:20:28,34.75,Zone 4,64.1,Zone 5,34.9,Zone 4,60.3,Zone 5,47.2,Zone 5,63.7,Zone 5,60.8,Zone 5,66.2,Zone 5,64.1,Zone 5,68.0,Zone 5
Bihar,Patna,Danapur Dps,29.9,2026-06-01,00:00:00,85.0,2026-05-31,00:00:00,2026-06-01 00:20:28,37.950000000000045,Zone 4,66.7,Zone 5,38.2,Zone 4,63.3,Zone 5,59.8,Zone 5,66.3,Zone 5,63.9,Zone 5,68.4,Zone 5,66.7,Zone 5,69.9,Zone 5
Bihar,Patna,Iit Patna,25.4,2026-06-01,00:00:00,100.0,2026-05-31,00:00:00,2026-06-01 00:20:28,28.75,Zone 4,62.4,Zone 5,29.0,Zone 4,55.9,Zone 5,37.6,Zone 5,62.0,Zone 5,58.0,Zone 5,64.7,Zone 5,62.4,Zone 5,66.7,Zone 5
Bihar,Patna,Kvk Barh,27.5,2026-06-01,00:15:00,90.0,2026-05-31,00:15:00,2026-06-01 00:20:28,32.25,Zone 4,63.6,Zone 5,32.3,Zone 4,59.7,Zone 5,44.3,Zone 5,63.2,Zone 5,60.2,Zone 5,65.8,Zone 5,63.6,Zone 5,67.7,Zone 5
Bihar,Patna,Patna,29.1,2026-05-31,23:45:00,,,,2026-06-01 00:20:28,,,,,,,,,,,,,,,,,,,,
Bihar,Purnea,Purnea Imd,39.1,2026-06-01,00:00:00,92.0,2026-05-31,00:00:00,2026-06-01 00:20:28,91.05000000000001,Zone 6,99.3,Zone 6,90.7,Zone 6,95.6,Zone 6,93.6,Zone 6,98.5,Zone 6,96.4,Zone 6,101.3,Zone 6,99.3,Zone 6,104.1,Zone 6
Bihar,Rohtas,Bikramganj,28.0,2026-06-01,00:15:00,69.0,2026-05-31,00:15:00,2026-06-01 00:20:28,30.450000000000045,Zone 4,59.5,Zone 5,30.4,Zone 4,42.4,Zone 5,36.4,Zone 4,59.1,Zone 5,44.5,Zone 5,62.3,Zone 5,59.5,Zone 5,64.6,Zone 5
Bihar,Rohtas,Dehri,37.3,2026-06-01,00:00:00,75.0,2026-05-31,00:00:00,2026-06-01 00:20:28,72.45000000000005,Zone 6,82.0,Zone 6,73.2,Zone 6,78.4,Zone 6,76.1,Zone 6,81.3,Zone 6,79.1,Zone 6,84.2,Zone 6,82.0,Zone 6,87.0,Zone 6
Bihar,Saharsa,Agwanpur Aws400,28.4,2026-06-01,00:15:00,100.0,2026-05-31,00:15:00,2026-06-01 00:20:28,41.75,Zone 5,67.6,Zone 5,43.1,Zone 5,64.5,Zone 5,61.2,Zone 5,67.2,Zone 5,65.0,Zone 5,69.2,Zone 5,67.6,Zone 5,70.6,Zone 5
Bihar,Samastipur,Pusa Aws400,26.9,2026-06-01,00:15:00,100.0,2026-05-31,00:15:00,2026-06-01 00:20:28,32.35000000000002,Zone 4,65.0,Zone 5,32.7,Zone 4,61.3,Zone 5,52.3,Zone 5,64.6,Zone 5,61.8,Zone 5,66.9,Zone 5,65.0,Zone 5,68.7,Zone 5
Bihar,Saran,Manjhi,26.2,2026-06-01,00:15:00,100.0,2026-05-31,00:15:00,2026-06-01 00:20:28,30.55000000000001,Zone 4,63.2,Zone 5,30.1,Zone 4,59.2,Zone 5,42.0,Zone 5,62.8,Zone 5,59.8,Zone 5,65.4,Zone 5,63.2,Zone 5,67.4,Zone 5
Bihar,Sheikpura,Sheikpura Kvk,27.7,2026-06-01,00:00:00,,,,2026-06-01 00:20:28,,,,,,,,,,,,,,,,,,,,
Bihar,Siwan,Ziradei,25.4,2026-06-01,00:15:00,100.0,2026-05-31,00:15:00,2026-06-01 00:20:28,28.75,Zone 4,62.4,Zone 5,29.0,Zone 4,55.9,Zone 5,37.6,Zone 5,62.0,Zone 5,58.0,Zone 5,64.7,Zone 5,62.4,Zone 5,66.7,Zone 5
Bihar,Supaul,Supaul Aws400,28.1,2026-06-01,00:15:00,96.0,2026-05-31,00:15:00,2026-06-01 00:20:28,35.05000000000001,Zone 4,65.8,Zone 5,34.8,Zone 4,62.3,Zone 5,57.3,Zone 5,65.4,Zone 5,62.9,Zone 5,67.6,Zone 5,65.8,Zone 5,69.3,Zone 5
Bihar,Vaishali,Vaishali,26.5,2026-06-01,00:00:00,100.0,2026-05-31,00:00:00,2026-06-01 00:20:28,31.350000000000023,Zone 4,64.1,Zone 5,31.3,Zone 4,60.2,Zone 5,47.0,Zone 5,63.7,Zone 5,60.8,Zone 5,66.2,Zone 5,64.1,Zone 5,68.0,Zone 5
Chandigarh,Chandigarh,Chandigarh,24.7,2026-06-01,00:00:00,,,,2026-06-01 00:20:28,,,,,,,,,,,,,,,,,,,,
Chandigarh,Chandigarh,Dav School,23.9,2026-06-01,00:15:00,86.0,2026-05-31,00:15:00,2026-06-01 00:20:28,25.25,Zone 3,51.5,Zone 5,25.3,Zone 4,36.5,Zone 4,31.4,Zone 4,49.9,Zone 5,37.0,Zone 4,60.2,Zone 5,51.5,Zone 5,62.8,Zone 5
Chhattisgarh,Balod,Balod Aws400,31.0,2026-06-01,00:00:00,46.0,2026-05-31,00:00:00,2026-06-01 00:20:28,32.35000000000002,Zone 4,53.7,Zone 5,32.3,Zone 4,41.8,Zone 4,37.4,Zone 4,52.2,Zone 5,42.2,Zone 4,60.6,Zone 5,53.7,Zone 5,63.2,Zone 5
Chhattisgarh,Balrampur,Balrampur,25.2,2026-06-01,00:00:00,,,,2026-06-01 00:20:28,,,,,,,,,,,,,,,,,,,,
Chhattisgarh,Balrampur,Balrampur Aws400,24.2,2026-06-01,00:15:00,97.0,2026-05-31,00:15:00,2026-06-01 00:20:28,26.25,Zone 4,59.2,Zone 5,26.0,Zone 4,41.0,Zone 5,32.6,Zone 4,58.4,Zone 5,43.2,Zone 5,62.0,Zone 5,59.2,Zone 5,64.4,Zone 5
Chhattisgarh,Bemetara,Bemetara,27.2,2026-06-01,00:15:00,69.0,2026-05-31,00:15:00,2026-06-01 00:20:28,29.05000000000001,Zone 4,55.3,Zone 5,28.8,Zone 4,39.5,Zone 4,34.6,Zone 4,53.8,Zone 5,40.0,Zone 4,61.0,Zone 5,55.3,Zone 5,63.5,Zone 5
Chhattisgarh,Bemetara,Bemetara Durg,27.6,2026-06-01,00:00:00,72.0,2026-05-31,00:00:00,2026-06-01 00:20:28,30.05000000000001,Zone 4,59.5,Zone 5,29.9,Zone 4,42.2,Zone 5,36.0,Zone 4,59.1,Zone 5,44.3,Zone 5,62.2,Zone 5,59.5,Zone 5,64.6,Zone 5
Chhattisgarh,Bilaspur,Bilaspur,27.5,2026-06-01,00:00:00,60.0,2026-05-31,00:00:00,2026-06-01 00:20:28,28.75,Zone 4,49.4,Zone 5,28.7,Zone 4,38.8,Zone 4,34.2,Zone 4,47.9,Zone 5,39.2,Zone 4,59.7,Zone 5,49.4,Zone 5,62.4,Zone 5
Chhattisgarh,Dhamtari,Nagri,,,,91.0,2026-05-31,00:00:00,2026-06-01 00:20:28,,,,,,,,,,,,,,,,,,,,
Chhattisgarh,Gariaband,Gariaband,24.0,2026-05-31,23:45:00,,,,2026-06-01 00:20:28,,,,,,,,,,,,,,,,,,,,
Chhattisgarh,Janjgir Champa,Janjgir,,,,77.0,2026-05-31,00:00:00,2026-06-01 00:20:28,,,,,,,,,,,,,,,,,,,,
Chhattisgarh,Janjgir Champa,Nawagarh,27.9,2026-06-01,00:00:00,62.0,2026-05-31,00:00:00,2026-06-01 00:20:28,29.55000000000001,Zone 4,54.4,Zone 5,29.7,Zone 4,40.0,Zone 4,35.3,Zone 4,52.9,Zone 5,40.5,Zone 4,60.8,Zone 5,54.4,Zone 5,63.3,Zone 5
Chhattisgarh,Janjgir Champa,Sakti,25.3,2026-06-01,00:00:00,90.0,2026-05-31,00:00:00,2026-06-01 00:20:28,27.75,Zone 4,60.3,Zone 5,28.1,Zone 4,46.0,Zone 5,34.8,Zone 4,59.9,Zone 5,48.3,Zone 5,62.9,Zone 5,60.3,Zone 5,65.2,Zone 5
Chhattisgarh,Jashpur,Bagicha,25.5,2026-06-01,00:00:00,69.0,2026-05-31,00:00:00,2026-06-01 00:20:28,26.55000000000001,Zone 4,46.2,Zone 5,26.6,Zone 4,36.8,Zone 4,32.1,Zone 4,44.7,Zone 5,37.3,Zone 4,59.1,Zone 5,46.2,Zone 5,61.8,Zone 5
Chhattisgarh,Jashpur,Pathalgaon,26.8,2026-06-01,00:00:00,,,,2026-06-01 00:20:28,,,,,,,,,,,,,,,,,,,,
Chhattisgarh,Kabirdham,Kawardha,29.6,2026-06-01,00:00:00,37.0,2026-05-31,00:00:00,2026-06-01 00:20:28,29.450000000000045,Zone 4,42.3,Zone 4,29.3,Zone 4,37.9,Zone 4,33.9,Zone 4,42.0,Zone 4,38.2,Zone 4,50.1,Zone 5,42.3,Zone 4,59.8,Zone 5
Chhattisgarh,Kabirdham,Pandaria,30.2,2026-06-01,00:00:00,45.0,2026-05-31,00:00:00,2026-06-01 00:20:28,31.05000000000001,Zone 4,47.0,Zone 5,30.8,Zone 4,40.0,Zone 4,35.7,Zone 4,45.6,Zone 5,40.4,Zone 4,59.3,Zone 5,47.0,Zone 5,62.0,Zone 5
Chhattisgarh,Korba,Lakhanpur Kvk,27.2,2026-06-01,00:15:00,,,,2026-06-01 00:20:28,,,,,,,,,,,,,,,,,,,,
Chhattisgarh,Koriya,Koriya Kvk,24.5,2026-06-01,00:15:00,,,,2026-06-01 00:20:28,,,,,,,,,,,,,,,,,,,,
Chhattisgarh,Mahasamund,Pithora,27.1,2026-05-31,23:45:00,63.0,2026-05-31,23:45:00,2026-06-01 00:20:28,28.450000000000045,Zone 4,49.5,Zone 5,28.3,Zone 4,38.4,Zone 4,33.8,Zone 4,48.0,Zone 5,38.9,Zone 4,59.8,Zone 5,49.5,Zone 5,62.4,Zone 5
Chhattisgarh,Mungeli,Lormi,28.0,2026-06-01,00:00:00,64.0,2026-05-31,00:00:00,2026-06-01 00:20:28,29.850000000000023,Zone 4,56.4,Zone 5,29.9,Zone 4,40.4,Zone 4,35.6,Zone 4,54.9,Zone 5,40.9,Zone 4,61.2,Zone 5,56.4,Zone 5,63.7,Zone 5
Chhattisgarh,Pendra Road,Pendra Road,22.9,2026-06-01,00:15:00,100.0,2026-05-31,00:15:00,2026-06-01 00:20:28,24.650000000000034,Zone 3,55.8,Zone 5,24.8,Zone 3,36.7,Zone 5,31.0,Zone 4,54.3,Zone 5,38.5,Zone 5,61.1,Zone 5,55.8,Zone 5,63.6,Zone 5
Chhattisgarh,Raigarh,Dharamjaigarh,28.5,2026-05-31,23:45:00,59.0,2026-05-31,23:45:00,2026-06-01 00:20:28,30.150000000000034,Zone 4,54.3,Zone 5,30.1,Zone 4,40.3,Zone 4,35.6,Zone 4,52.7,Zone 5,40.8,Zone 4,60.8,Zone 5,54.3,Zone 5,63.3,Zone 5
Chhattisgarh,Raigarh,Raigarh,29.2,2026-06-01,00:00:00,56.0,2026-05-31,00:00:00,2026-06-01 00:20:28,30.850000000000023,Zone 4,54.0,Zone 5,30.6,Zone 4,40.6,Zone 4,36.0,Zone 4,52.4,Zone 5,41.0,Zone 4,60.7,Zone 5,54.0,Zone 5,63.3,Zone 5
Chhattisgarh,Raipur,Naya Raipur,29.1,2026-05-31,23:45:00,60.0,2026-05-31,23:45:00,2026-06-01 00:20:28,31.150000000000034,Zone 4,58.0,Zone 5,31.0,Zone 4,41.4,Zone 4,36.7,Zone 4,56.6,Zone 5,42.0,Zone 4,61.6,Zone 5,58.0,Zone 5,64.1,Zone 5
Chhattisgarh,Raipur,Raipur,29.1,2026-06-01,00:15:00,57.0,2026-05-31,00:15:00,2026-06-01 00:20:28,30.850000000000023,Zone 4,55.0,Zone 5,30.7,Zone 4,40.8,Zone 4,36.2,Zone 4,53.5,Zone 5,41.3,Zone 4,60.9,Zone 5,55.0,Zone 5,63.5,Zone 5
Chhattisgarh,Rajnandgaon,Rajnandgaon,30.9,2026-06-01,00:00:00,42.0,2026-05-31,00:00:00,2026-06-01 00:20:28,31.650000000000034,Zone 4,48.7,Zone 5,31.8,Zone 4,40.9,Zone 4,36.7,Zone 4,47.3,Zone 5,41.3,Zone 4,59.6,Zone 5,48.7,Zone 5,62.3,Zone 5
Dadra And Nagar Haveli,Dadar Nagar,Silvassa,29.9,2026-06-01,00:15:00,80.0,2026-05-31,00:15:00,2026-06-01 00:20:28,36.450000000000045,Zone 4,65.4,Zone 5,36.8,Zone 4,61.8,Zone 5,55.1,Zone 5,65.0,Zone 5,62.4,Zone 5,67.3,Zone 5,65.4,Zone 5,69.0,Zone 5
Daman And Diu,Daman,Daman Aws,29.7,2026-06-01,00:00:00,88.0,2026-05-31,00:00:00,2026-06-01 00:20:28,38.25,Zone 5,66.5,Zone 5,37.5,Zone 4,63.2,Zone 5,59.6,Zone 5,66.2,Zone 5,63.7,Zone 5,68.3,Zone 5,66.5,Zone 5,69.8,Zone 5
Daman And Diu,Diu,Diu,28.8,2026-06-01,00:00:00,89.0,2026-05-31,00:00:00,2026-06-01 00:20:28,35.55000000000001,Zone 4,65.9,Zone 5,36.2,Zone 4,62.5,Zone 5,57.9,Zone 5,65.5,Zone 5,63.0,Zone 5,67.8,Zone 5,65.9,Zone 5,69.4,Zone 5
Delhi,East Delhi,Salwan Public School,26.2,2026-06-01,00:00:00,72.0,2026-05-31,00:00:00,2026-06-01 00:20:28,27.75,Zone 4,52.0,Zone 5,27.5,Zone 4,38.1,Zone 4,33.3,Zone 4,50.5,Zone 5,38.6,Zone 4,60.3,Zone 5,52.0,Zone 5,62.9,Zone 5
Delhi,New Delhi,Pragati Maidan,26.2,2026-06-01,00:00:00,,,,2026-06-01 00:20:28,,,,,,,,,,,,,,,,,,,,
Delhi,New Delhi,Sports Complex,28.2,2026-06-01,00:00:00,81.0,2026-05-31,00:00:00,2026-06-01 00:20:28,32.450000000000045,Zone 4,62.4,Zone 5,32.0,Zone 4,56.1,Zone 5,38.9,Zone 4,62.0,Zone 5,58.2,Zone 5,64.7,Zone 5,62.4,Zone 5,66.8,Zone 5
Delhi,North West Delhi,Mungeshpur,26.4,2026-06-01,00:15:00,70.0,2026-05-31,00:15:00,2026-06-01 00:20:28,27.950000000000045,Zone 4,53.2,Zone 5,28.1,Zone 4,38.7,Zone 4,33.9,Zone 4,51.7,Zone 5,39.2,Zone 4,60.5,Zone 5,53.2,Zone 5,63.1,Zone 5
Delhi,North West Delhi,Pitampura,29.1,2026-06-01,00:00:00,72.0,2026-05-31,00:00:00,2026-06-01 00:20:28,32.950000000000045,Zone 4,61.8,Zone 5,32.7,Zone 4,53.3,Zone 5,39.2,Zone 4,61.4,Zone 5,55.6,Zone 5,64.2,Zone 5,61.8,Zone 5,66.3,Zone 5
Delhi,South Delhi,Pharma Science And Research Un,25.8,2026-06-01,00:15:00,74.0,2026-05-31,00:15:00,2026-06-01 00:20:28,27.350000000000023,Zone 4,53.8,Zone 5,27.6,Zone 4,38.5,Zone 4,33.5,Zone 4,52.3,Zone 5,39.0,Zone 4,60.7,Zone 5,53.8,Zone 5,63.2,Zone 5
Delhi,South West Delhi,Ayanagar,24.8,2026-06-01,00:00:00,71.0,2026-05-31,00:00:00,2026-06-01 00:20:28,25.75,Zone 4,45.0,Zone 5,26.0,Zone 4,36.3,Zone 4,31.6,Zone 4,43.5,Zone 5,36.7,Zone 4,58.3,Zone 5,45.0,Zone 5,61.6,Zone 5
Delhi,South West Delhi,Ignou,24.5,2026-05-31,23:30:00,72.0,2026-05-31,23:30:00,2026-06-01 00:20:28,25.350000000000023,Zone 4,42.9,Zone 5,25.4,Zone 4,35.6,Zone 4,30.9,Zone 4,41.6,Zone 5,36.0,Zone 4,56.6,Zone 5,42.9,Zone 5,61.2,Zone 5
Delhi,South West Delhi,Jafarpur,26.4,2026-06-01,00:15:00,,,,2026-06-01 00:20:28,,,,,,,,,,,,,,,,,,,,
Delhi,South West Delhi,Kvk Crpf Campus,27.1,2026-06-01,00:15:00,62.0,2026-05-31,00:15:00,2026-06-01 00:20:28,28.350000000000023,Zone 4,48.5,Zone 5,28.2,Zone 4,38.3,Zone 4,33.6,Zone 4,47.0,Zone 5,38.7,Zone 4,59.5,Zone 5,48.5,Zone 5,62.3,Zone 5
Delhi,South West Delhi,Kv Narayna,25.2,2026-06-01,00:15:00,68.0,2026-05-31,00:15:00,2026-06-01 00:20:28,26.05000000000001,Zone 4,42.4,Zone 5,25.8,Zone 4,35.9,Zone 4,31.3,Zone 4,41.1,Zone 5,36.3,Zone 4,56.2,Zone 5,42.4,Zone 5,61.1,Zone 5
Delhi,South West Delhi,Najafgarh,27.3,2026-06-01,00:00:00,83.0,2026-05-31,00:00:00,2026-06-01 00:20:28,30.75,Zone 4,62.0,Zone 5,31.2,Zone 4,54.4,Zone 5,38.1,Zone 4,61.6,Zone 5,56.6,Zone 5,64.4,Zone 5,62.0,Zone 5,66.5,Zone 5
Delhi,West Delhi,Kv Janakpuri,27.0,2026-06-01,00:15:00,68.0,2026-05-31,00:15:00,2026-06-01 00:20:28,28.650000000000034,Zone 4,54.4,Zone 5,28.7,Zone 4,39.3,Zone 4,34.4,Zone 4,52.8,Zone 5,39.8,Zone 4,60.8,Zone 5,54.4,Zone 5,63.3,Zone 5
Goa,North Goa,Goa State Biodiversity Board,29.6,2026-06-01,00:00:00,91.0,2026-05-31,00:00:00,2026-06-01 00:20:28,42.05000000000001,Zone 5,67.3,Zone 5,40.8,Zone 5,64.1,Zone 5,60.7,Zone 5,66.9,Zone 5,64.6,Zone 5,68.9,Zone 5,67.3,Zone 5,70.4,Zone 5
Goa,Panaji,Altinho Imdoffice,28.9,2026-06-01,00:15:00,75.0,2026-05-31,00:15:00,2026-06-01 00:20:28,32.950000000000045,Zone 4,62.6,Zone 5,33.2,Zone 4,56.8,Zone 5,39.9,Zone 4,62.2,Zone 5,58.8,Zone 5,64.9,Zone 5,62.6,Zone 5,66.9,Zone 5
Gujarat,Ahmedabad,Ahmedabad,32.3,2026-06-01,00:00:00,74.0,2026-05-31,00:00:00,2026-06-01 00:20:28,43.35000000000002,Zone 5,67.9,Zone 5,45.9,Zone 5,64.9,Zone 5,61.7,Zone 5,67.6,Zone 5,65.4,Zone 5,69.5,Zone 5,67.9,Zone 5,70.9,Zone 5
Gujarat,Ahmedabad,Dhorela,32.5,2026-06-01,00:15:00,54.0,2026-05-31,00:15:00,2026-06-01 00:20:28,36.35000000000002,Zone 4,62.1,Zone 5,36.3,Zone 4,54.9,Zone 5,42.2,Zone 4,61.7,Zone 5,57.0,Zone 5,64.5,Zone 5,62.1,Zone 5,66.6,Zone 5
Gujarat,Ahmedabad,Science City,30.9,2026-06-01,00:15:00,73.0,2026-05-31,00:15:00,2026-06-01 00:20:28,37.35000000000002,Zone 4,65.2,Zone 5,37.7,Zone 4,61.6,Zone 5,54.0,Zone 5,64.9,Zone 5,62.2,Zone 5,67.2,Zone 5,65.2,Zone 5,68.9,Zone 5
Gujarat,Amreli,Dhari Aws400,28.2,2026-06-01,00:15:00,88.0,2026-05-31,00:15:00,2026-06-01 00:20:28,33.650000000000034,Zone 4,64.0,Zone 5,33.1,Zone 4,60.1,Zone 5,46.6,Zone 5,63.6,Zone 5,60.7,Zone 5,66.1,Zone 5,64.0,Zone 5,68.0,Zone 5
Gujarat,Amreli,Rajula,29.9,2026-06-01,00:00:00,82.0,2026-05-31,00:00:00,2026-06-01 00:20:28,37.05000000000001,Zone 4,65.9,Zone 5,37.3,Zone 4,62.4,Zone 5,57.9,Zone 5,65.5,Zone 5,63.0,Zone 5,67.7,Zone 5,65.9,Zone 5,69.4,Zone 5
Gujarat,Anand,Khambhat Aws400,31.0,2026-05-31,23:30:00,76.0,2026-05-31,23:30:00,2026-06-01 00:20:28,38.55000000000001,Zone 4,66.0,Zone 5,38.6,Zone 4,62.6,Zone 5,58.5,Zone 5,65.7,Zone 5,63.1,Zone 5,67.8,Zone 5,66.0,Zone 5,69.5,Zone 5
Gujarat,Arawali,Modasa,30.5,2026-06-01,00:15:00,65.0,2026-05-31,00:15:00,2026-06-01 00:20:28,34.55000000000001,Zone 4,62.3,Zone 5,34.6,Zone 4,55.7,Zone 5,40.9,Zone 4,61.9,Zone 5,57.8,Zone 5,64.6,Zone 5,62.3,Zone 5,66.7,Zone 5
Gujarat,Banaskantha,Ambaji Temple,30.9,2026-05-31,23:45:00,49.0,2026-05-31,23:45:00,2026-06-01 00:20:28,32.55000000000001,Zone 4,57.2,Zone 5,32.7,Zone 4,42.5,Zone 4,38.0,Zone 4,55.7,Zone 5,43.0,Zone 4,61.4,Zone 5,57.2,Zone 5,63.9,Zone 5
Gujarat,Banaskantha,Tharad Aws400,30.9,2026-06-01,00:15:00,56.0,2026-05-31,00:15:00,2026-06-01 00:20:28,33.650000000000034,Zone 4,60.5,Zone 5,33.9,Zone 4,47.2,Zone 5,39.6,Zone 4,60.1,Zone 5,49.4,Zone 5,63.1,Zone 5,60.5,Zone 5,65.4,Zone 5
Gujarat,Bharuch,Hansot Aws400,30.2,2026-06-01,00:00:00,82.0,2026-05-31,00:00:00,2026-06-01 00:20:28,37.950000000000045,Zone 4,65.9,Zone 5,37.3,Zone 4,62.4,Zone 5,57.9,Zone 5,65.5,Zone 5,63.0,Zone 5,67.7,Zone 5,65.9,Zone 5,69.4,Zone 5
Gujarat,Bhavnagar,Bhavnagar,31.4,2026-06-01,00:15:00,58.0,2026-05-31,00:15:00,2026-06-01 00:20:28,35.05000000000001,Zone 4,61.8,Zone 5,35.2,Zone 4,53.5,Zone 5,41.2,Zone 4,61.5,Zone 5,55.7,Zone 5,64.3,Zone 5,61.8,Zone 5,66.4,Zone 5
Gujarat,Bhavnagar,Talaja Aws400,30.3,2026-06-01,00:15:00,69.0,2026-05-31,00:15:00,2026-06-01 00:20:28,34.950000000000045,Zone 4,63.4,Zone 5,35.4,Zone 4,59.4,Zone 5,42.9,Zone 5,63.0,Zone 5,59.9,Zone 5,65.6,Zone 5,63.4,Zone 5,67.5,Zone 5
Gujarat,Dahod,Dahod Kvk,29.3,2026-06-01,00:15:00,58.0,2026-05-31,00:15:00,2026-06-01 00:20:28,31.25,Zone 4,58.7,Zone 5,31.6,Zone 4,41.9,Zone 4,37.2,Zone 4,57.3,Zone 5,42.5,Zone 4,61.8,Zone 5,58.7,Zone 5,64.2,Zone 5
Gujarat,Dang,Dang Kvk,29.9,2026-06-01,00:15:00,76.0,2026-05-31,00:15:00,2026-06-01 00:20:28,35.55000000000001,Zone 4,64.4,Zone 5,35.8,Zone 4,60.6,Zone 5,49.0,Zone 5,64.0,Zone 5,61.2,Zone 5,66.4,Zone 5,64.4,Zone 5,68.3,Zone 5
Gujarat,Gandhinagar,Gandhinagar,31.8,2026-06-01,00:00:00,56.0,2026-05-31,00:00:00,2026-06-01 00:20:28,35.35000000000002,Zone 4,62.0,Zone 5,35.8,Zone 4,54.3,Zone 5,41.7,Zone 4,61.6,Zone 5,56.4,Zone 5,64.4,Zone 5,62.0,Zone 5,66.5,Zone 5
Gujarat,Gir Somnath,Veraval   Aws400,,,,21.0,2026-05-31,00:15:00,2026-06-01 00:20:28,,,,,,,,,,,,,,,,,,,,
Gujarat,Kachchh,Bachau Amfu,29.6,2026-06-01,00:00:00,78.0,2026-05-31,00:00:00,2026-06-01 00:20:28,35.25,Zone 4,64.1,Zone 5,34.9,Zone 4,60.3,Zone 5,47.2,Zone 5,63.7,Zone 5,60.8,Zone 5,66.2,Zone 5,64.1,Zone 5,68.0,Zone 5
Gujarat,Kachchh,Bhuj,,,,81.0,2026-05-31,00:00:00,2026-06-01 00:20:28,,,,,,,,,,,,,,,,,,,,
Gujarat,Kachchh,Kandla,29.9,2026-06-01,00:00:00,83.0,2026-05-31,00:00:00,2026-06-01 00:20:28,37.35000000000002,Zone 4,66.2,Zone 5,37.6,Zone 4,62.7,Zone 5,59.1,Zone 5,65.8,Zone 5,63.3,Zone 5,68.0,Zone 5,66.2,Zone 5,69.6,Zone 5
Gujarat,Kachchh,Mundra,29.7,2026-06-01,00:15:00,82.0,2026-05-31,00:15:00,2026-06-01 00:20:28,36.450000000000045,Zone 4,65.1,Zone 5,35.9,Zone 4,61.4,Zone 5,53.2,Zone 5,64.7,Zone 5,62.0,Zone 5,67.0,Zone 5,65.1,Zone 5,68.8,Zone 5
Gujarat,Kachchh,Rapar,29.7,2026-06-01,00:15:00,78.0,2026-05-31,00:15:00,2026-06-01 00:20:28,35.450000000000045,Zone 4,64.1,Zone 5,34.9,Zone 4,60.3,Zone 5,47.2,Zone 5,63.7,Zone 5,60.8,Zone 5,66.2,Zone 5,64.1,Zone 5,68.0,Zone 5
Gujarat,Mahesana,Jagudan,32.6,2026-06-01,00:15:00,49.0,2026-05-31,00:15:00,2026-06-01 00:20:28,35.450000000000045,Zone 4,60.6,Zone 5,35.2,Zone 4,47.4,Zone 5,40.7,Zone 4,60.2,Zone 5,49.6,Zone 5,63.2,Zone 5,60.6,Zone 5,65.4,Zone 5
Gujarat,Mahisagar,Lunavada,30.2,2026-06-01,00:15:00,67.0,2026-05-31,00:15:00,2026-06-01 00:20:28,34.35000000000002,Zone 4,62.1,Zone 5,33.9,Zone 4,54.6,Zone 5,40.3,Zone 4,61.7,Zone 5,56.8,Zone 5,64.5,Zone 5,62.1,Zone 5,66.5,Zone 5
Gujarat,Morbi,Halwad,30.5,2026-06-01,00:15:00,74.0,2026-05-31,00:15:00,2026-06-01 00:20:28,36.55000000000001,Zone 4,64.7,Zone 5,36.6,Zone 4,61.0,Zone 5,50.8,Zone 5,64.3,Zone 5,61.5,Zone 5,66.7,Zone 5,64.7,Zone 5,68.5,Zone 5
Gujarat,Patan,Patan,32.7,2026-06-01,00:00:00,57.0,2026-05-31,00:00:00,2026-06-01 00:20:28,37.450000000000045,Zone 4,63.0,Zone 5,37.0,Zone 4,58.9,Zone 5,43.2,Zone 4,62.6,Zone 5,59.5,Zone 5,65.3,Zone 5,63.0,Zone 5,67.2,Zone 5
Gujarat,Porbandar,Porbandar,29.9,2026-06-01,00:15:00,91.0,2026-05-31,00:15:00,2026-06-01 00:20:28,45.950000000000045,Zone 5,68.1,Zone 5,47.3,Zone 5,65.1,Zone 5,62.0,Zone 5,67.8,Zone 5,65.6,Zone 5,69.6,Zone 5,68.1,Zone 5,71.0,Zone 5
Gujarat,Sabarkantha,Bayad,30.9,2026-06-01,00:00:00,68.0,2026-05-31,00:00:00,2026-06-01 00:20:28,36.150000000000034,Zone 4,63.9,Zone 5,36.4,Zone 4,60.0,Zone 5,45.9,Zone 5,63.5,Zone 5,60.6,Zone 5,66.0,Zone 5,63.9,Zone 5,67.9,Zone 5
Gujarat,Sabarkantha,Himatnagar,30.6,2026-06-01,00:15:00,68.0,2026-05-31,00:15:00,2026-06-01 00:20:28,35.450000000000045,Zone 4,63.1,Zone 5,35.2,Zone 4,59.1,Zone 5,41.8,Zone 4,62.7,Zone 5,59.6,Zone 5,65.3,Zone 5,63.1,Zone 5,67.3,Zone 5
Gujarat,Surat,Surat Kvk,30.1,2026-06-01,00:15:00,,,,2026-06-01 00:20:28,,,,,,,,,,,,,,,,,,,,
Gujarat,Surendranagar,Surendranagar,30.8,2026-06-01,00:00:00,65.0,2026-05-31,00:00:00,2026-06-01 00:20:28,35.25,Zone 4,63.1,Zone 5,35.7,Zone 4,59.0,Zone 5,42.1,Zone 4,62.7,Zone 5,59.6,Zone 5,65.3,Zone 5,63.1,Zone 5,67.3,Zone 5
Gujarat,Vadodara,Vadodara Aws400,30.8,2026-06-01,00:15:00,68.0,2026-05-31,00:15:00,2026-06-01 00:20:28,35.85000000000002,Zone 4,63.9,Zone 5,36.4,Zone 4,60.0,Zone 5,45.9,Zone 5,63.5,Zone 5,60.6,Zone 5,66.0,Zone 5,63.9,Zone 5,67.9,Zone 5
Haryana,Charkhi Dadri,Revenue Office Aws400,27.2,2026-06-01,00:15:00,66.0,2026-05-31,00:15:00,2026-06-01 00:20:28,28.850000000000023,Zone 4,52.5,Zone 5,28.5,Zone 4,38.9,Zone 4,34.2,Zone 4,50.9,Zone 5,39.4,Zone 4,60.4,Zone 5,52.5,Zone 5,63.0,Zone 5
Haryana,Faridabad,Bopani,25.6,2026-06-01,00:15:00,,,,2026-06-01 00:20:28,,,,,,,,,,,,,,,,,,,,
Haryana,Gurgaon,Gurgaon,23.1,2026-06-01,00:00:00,99.0,2026-05-31,00:00:00,2026-06-01 00:20:28,24.850000000000023,Zone 3,55.1,Zone 5,24.7,Zone 3,36.3,Zone 4,30.9,Zone 4,53.5,Zone 5,37.7,Zone 5,60.9,Zone 5,55.1,Zone 5,63.5,Zone 5
Haryana,Gurgaon,Gurgaon Kvk,25.4,2026-06-01,00:15:00,29.0,2026-05-31,00:15:00,2026-06-01 00:20:28,24.350000000000023,Zone 3,36.5,Zone 4,24.5,Zone 3,32.8,Zone 4,29.0,Zone 4,36.4,Zone 4,32.9,Zone 4,40.0,Zone 4,36.5,Zone 4,43.4,Zone 4
Haryana,Gurgaon,Northcap University,25.6,2026-06-01,00:15:00,71.0,2026-05-31,00:15:00,2026-06-01 00:20:28,26.850000000000023,Zone 4,48.0,Zone 5,26.7,Zone 4,37.1,Zone 4,32.3,Zone 4,46.5,Zone 5,37.6,Zone 4,59.4,Zone 5,48.0,Zone 5,62.2,Zone 5
Haryana,Jhajjar,Jhajjar,26.0,2026-06-01,00:15:00,61.0,2026-05-31,00:15:00,2026-06-01 00:20:28,26.75,Zone 4,41.8,Zone 5,26.7,Zone 4,36.6,Zone 4,32.0,Zone 4,41.2,Zone 4,36.9,Zone 4,55.8,Zone 5,41.8,Zone 5,61.0,Zone 5
Haryana,Jind,Pandu Pindara,26.1,2026-06-01,00:00:00,,,,2026-06-01 00:20:28,,,,,,,,,,,,,,,,,,,,
Haryana,Karnal,Indri Rest House,23.1,2026-06-01,00:15:00,,,,2026-06-01 00:20:28,,,,,,,,,,,,,,,,,,,,
Haryana,Karnal,Karnal,24.0,2026-06-01,00:00:00,99.0,2026-05-31,00:00:00,2026-06-01 00:20:28,26.05000000000001,Zone 4,59.6,Zone 5,26.1,Zone 4,42.7,Zone 5,32.8,Zone 4,59.2,Zone 5,45.0,Zone 5,62.3,Zone 5,59.6,Zone 5,64.7,Zone 5
Haryana,Karnal,Uchani,25.4,2026-06-01,00:00:00,88.0,2026-05-31,00:00:00,2026-06-01 00:20:28,27.75,Zone 4,59.9,Zone 5,27.9,Zone 4,44.0,Zone 5,34.5,Zone 4,59.5,Zone 5,46.3,Zone 5,62.6,Zone 5,59.9,Zone 5,64.9,Zone 5
Haryana,Mahendragarh,Mahendragarh Aws,25.7,2026-06-01,00:00:00,70.0,2026-05-31,00:00:00,2026-06-01 00:20:28,26.950000000000045,Zone 4,47.1,Zone 5,26.6,Zone 4,37.0,Zone 4,32.2,Zone 4,45.6,Zone 5,37.4,Zone 4,59.3,Zone 5,47.1,Zone 5,62.0,Zone 5
Haryana,Mewat,Mandkola,23.9,2026-06-01,00:15:00,18.0,2026-05-31,00:15:00,2026-06-01 00:20:28,21.850000000000023,Zone 3,34.2,Zone 4,22.0,Zone 3,30.7,Zone 4,27.1,Zone 4,34.2,Zone 4,30.7,Zone 4,37.5,Zone 4,34.2,Zone 4,40.6,Zone 4
Haryana,Mewat,Nuh,26.6,2026-06-01,00:00:00,,,,2026-06-01 00:20:28,,,,,,,,,,,,,,,,,,,,
Haryana,Palwal,Palwal Water Service Division,24.5,2026-06-01,00:15:00,29.0,2026-05-31,00:15:00,2026-06-01 00:20:28,23.25,Zone 3,35.6,Zone 4,23.3,Zone 3,31.8,Zone 4,28.0,Zone 4,35.5,Zone 4,31.9,Zone 4,39.0,Zone 4,35.6,Zone 4,42.4,Zone 4
Haryana,Rewari,Bawal,25.7,2026-06-01,00:00:00,86.0,2026-05-31,00:00:00,2026-06-01 00:20:28,28.05000000000001,Zone 4,59.5,Zone 5,27.7,Zone 4,42.1,Zone 5,34.2,Zone 4,59.1,Zone 5,44.2,Zone 5,62.2,Zone 5,59.5,Zone 5,64.6,Zone 5
Haryana,Rohtak,Canal Rest House,25.4,2026-06-01,00:15:00,60.0,2026-05-31,00:15:00,2026-06-01 00:20:28,25.950000000000045,Zone 4,40.6,Zone 4,26.0,Zone 4,35.7,Zone 4,31.2,Zone 4,40.3,Zone 4,36.1,Zone 4,52.6,Zone 5,40.6,Zone 4,60.3,Zone 5
Haryana,Rohtak,Rohtak,26.6,2026-06-01,00:00:00,61.0,2026-05-31,00:00:00,2026-06-01 00:20:28,27.55000000000001,Zone 4,44.6,Zone 5,27.4,Zone 4,37.3,Zone 4,32.8,Zone 4,43.2,Zone 5,37.7,Zone 4,58.0,Zone 5,44.6,Zone 5,61.6,Zone 5
Haryana,Sirsa,Canal Colony Village Ottu,26.4,2026-06-01,00:15:00,66.0,2026-05-31,00:15:00,2026-06-01 00:20:28,27.650000000000034,Zone 4,49.4,Zone 5,27.8,Zone 4,38.1,Zone 4,33.3,Zone 4,47.9,Zone 5,38.5,Zone 4,59.7,Zone 5,49.4,Zone 5,62.4,Zone 5
Haryana,Sirsa,Sirsa,26.9,2026-06-01,00:00:00,77.0,2026-05-31,00:00:00,2026-06-01 00:20:28,29.350000000000023,Zone 4,59.9,Zone 5,29.5,Zone 4,43.9,Zone 5,35.8,Zone 4,59.5,Zone 5,46.2,Zone 5,62.6,Zone 5,59.9,Zone 5,64.9,Zone 5
Haryana,Sonipat,Canal Resthouse Saragthal,23.7,2026-06-01,00:15:00,95.0,2026-05-31,00:15:00,2026-06-01 00:20:28,25.350000000000023,Zone 4,55.4,Zone 5,25.1,Zone 3,36.8,Zone 4,31.4,Zone 4,53.8,Zone 5,38.0,Zone 5,61.0,Zone 5,55.4,Zone 5,63.5,Zone 5
Haryana,Sonipat,Jagdishpur,25.4,2026-06-01,00:00:00,,,,2026-06-01 00:20:28,,,,,,,,,,,,,,,,,,,,
Haryana,Yamunanagar,Hathinkundberaj,23.2,2026-06-01,00:15:00,100.0,2026-05-31,00:15:00,2026-06-01 00:20:28,24.950000000000045,Zone 3,55.8,Zone 5,24.8,Zone 3,36.7,Zone 5,31.0,Zone 4,54.3,Zone 5,38.5,Zone 5,61.1,Zone 5,55.8,Zone 5,63.6,Zone 5
Himachal Pradesh,Bilaspur,Bilaspur Kvk,20.2,2026-06-01,00:15:00,100.0,2026-05-31,00:15:00,2026-06-01 00:20:28,21.75,Zone 3,36.9,Zone 5,21.5,Zone 3,31.3,Zone 4,26.3,Zone 4,36.3,Zone 4,31.7,Zone 4,50.8,Zone 5,36.9,Zone 5,60.0,Zone 5
Himachal Pradesh,Chamba,Dalhousialha,14.6,2026-05-31,23:30:00,78.0,2026-05-31,23:30:00,2026-06-01 00:20:28,13.850000000000023,Zone 2,28.5,Zone 4,13.7,Zone 2,24.7,Zone 3,21.0,Zone 3,28.4,Zone 4,24.7,Zone 3,32.3,Zone 4,28.5,Zone 4,36.0,Zone 4
Himachal Pradesh,Chamba,Udaipur,21.8,2026-05-31,23:30:00,88.0,2026-05-31,23:30:00,2026-06-01 00:20:28,23.05000000000001,Zone 3,40.5,Zone 5,23.3,Zone 3,33.4,Zone 4,28.5,Zone 4,39.3,Zone 5,33.8,Zone 4,54.5,Zone 5,40.5,Zone 5,60.8,Zone 5
Himachal Pradesh,Hamirpur,Hamirpur Neri,24.2,2026-06-01,00:15:00,64.0,2026-05-31,00:15:00,2026-06-01 00:20:28,24.650000000000034,Zone 3,38.9,Zone 4,24.5,Zone 3,34.1,Zone 4,29.6,Zone 4,38.6,Zone 4,34.4,Zone 4,48.3,Zone 5,38.9,Zone 4,59.4,Zone 5
Himachal Pradesh,Kinnaur,Kalpa,10.2,2026-05-31,23:30:00,34.0,2026-05-31,23:30:00,2026-06-01 00:20:28,8.050000000000011,Zone 2,24.4,Zone 3,7.9,Zone 2,21.5,Zone 3,15.9,Zone 3,24.5,Zone 3,21.3,Zone 3,27.4,Zone 4,24.4,Zone 3,30.5,Zone 4
Himachal Pradesh,Kullu,Seobagh Amfu,,,,83.0,2026-05-31,00:00:00,2026-06-01 00:20:28,,,,,,,,,,,,,,,,,,,,
Himachal Pradesh,Lahaul And Spiti,Keylong,10.4,2026-05-31,23:30:00,99.0,2026-05-31,23:30:00,2026-06-01 00:20:28,10.350000000000023,Zone 2,25.2,Zone 3,10.5,Zone 2,22.6,Zone 3,18.0,Zone 3,25.3,Zone 3,22.6,Zone 3,29.1,Zone 4,25.2,Zone 3,32.7,Zone 4
Himachal Pradesh,Lahaul And Spiti,Tabo,8.0,2026-06-01,00:15:00,95.0,2026-05-31,00:15:00,2026-06-01 00:20:28,7.850000000000023,Zone 2,24.0,Zone 3,7.9,Zone 2,21.0,Zone 3,15.7,Zone 3,24.1,Zone 3,20.9,Zone 3,26.8,Zone 4,24.0,Zone 3,30.3,Zone 4
Himachal Pradesh,Mandi,Sundernagar,20.5,2026-05-31,23:30:00,,,,2026-06-01 00:20:28,,,,,,,,,,,,,,,,,,,,
Himachal Pradesh,Mandi,Sundernagar Kvk,20.0,2026-06-01,00:15:00,99.0,2026-05-31,00:15:00,2026-06-01 00:20:28,21.450000000000045,Zone 3,36.6,Zone 4,21.4,Zone 3,31.2,Zone 4,26.3,Zone 4,36.2,Zone 4,31.6,Zone 4,50.3,Zone 5,36.6,Zone 4,59.8,Zone 5
Himachal Pradesh,Shimla,Fagu,11.4,2026-05-31,23:30:00,,,,2026-06-01 00:20:28,,,,,,,,,,,,,,,,,,,,
Jammu And Kashmir,Anantnag,Anantnag,20.5,2026-05-31,23:45:00,65.0,2026-05-31,23:45:00,2026-06-01 00:20:28,20.450000000000045,Zone 3,34.3,Zone 4,20.4,Zone 3,29.9,Zone 4,25.6,Zone 4,34.1,Zone 4,30.1,Zone 4,38.2,Zone 4,34.3,Zone 4,46.9,Zone 5
Jammu And Kashmir,Anantnag,Khudwani,20.5,2026-06-01,00:00:00,87.0,2026-05-31,00:00:00,2026-06-01 00:20:28,21.450000000000045,Zone 3,36.2,Zone 4,21.5,Zone 3,31.1,Zone 4,26.4,Zone 4,35.9,Zone 4,31.5,Zone 4,45.8,Zone 5,36.2,Zone 4,58.6,Zone 5
Jammu And Kashmir,Anantnag,Larnoo,18.4,2026-06-01,00:00:00,99.0,2026-05-31,00:00:00,2026-06-01 00:20:28,19.55000000000001,Zone 3,34.2,Zone 4,19.6,Zone 3,29.2,Zone 4,24.7,Zone 3,34.0,Zone 4,29.5,Zone 4,42.1,Zone 5,34.2,Zone 4,55.5,Zone 5
Jammu And Kashmir,Anantnag,Pahalgam,13.7,2026-05-31,23:30:00,79.0,2026-05-31,23:30:00,2026-06-01 00:20:28,12.950000000000045,Zone 2,27.5,Zone 4,12.8,Zone 2,24.2,Zone 3,20.2,Zone 3,27.5,Zone 4,24.2,Zone 3,31.3,Zone 4,27.5,Zone 4,35.0,Zone 4
Jammu And Kashmir,Badgam,Harran,18.6,2026-05-31,23:45:00,81.0,2026-05-31,23:45:00,2026-06-01 00:20:28,18.950000000000045,Zone 3,33.0,Zone 4,18.8,Zone 3,28.4,Zone 4,24.3,Zone 3,32.8,Zone 4,28.6,Zone 4,37.0,Zone 4,33.0,Zone 4,46.8,Zone 5
Jammu And Kashmir,Bandipora,Bandipora,16.9,2026-06-01,00:00:00,100.0,2026-05-31,00:00:00,2026-06-01 00:20:28,17.650000000000034,Zone 3,32.2,Zone 4,17.8,Zone 3,27.4,Zone 4,23.6,Zone 3,32.0,Zone 4,27.6,Zone 4,36.4,Zone 4,32.2,Zone 4,48.9,Zone 5
Jammu And Kashmir,Baramulla,Baramulla Amfu,,,,88.0,2026-05-31,00:00:00,2026-06-01 00:20:28,,,,,,,,,,,,,,,,,,,,
Jammu And Kashmir,Baramulla,Baramulla Kvk,17.5,2026-06-01,00:15:00,79.0,2026-05-31,00:15:00,2026-06-01 00:20:28,17.450000000000045,Zone 3,31.7,Zone 4,17.5,Zone 3,27.3,Zone 4,23.5,Zone 3,31.5,Zone 4,27.4,Zone 4,35.6,Zone 4,31.7,Zone 4,41.6,Zone 5
Jammu And Kashmir,Baramulla,Gulmarg,11.5,2026-06-01,00:00:00,67.0,2026-05-31,00:00:00,2026-06-01 00:20:28,10.450000000000045,Zone 2,25.5,Zone 4,10.4,Zone 2,22.8,Zone 3,18.1,Zone 3,25.6,Zone 4,22.7,Zone 3,29.2,Zone 4,25.5,Zone 4,32.6,Zone 4
Jammu And Kashmir,Doda,Bhella,22.3,2026-06-01,00:15:00,59.0,2026-05-31,00:15:00,2026-06-01 00:20:28,22.25,Zone 3,36.3,Zone 4,22.5,Zone 3,31.8,Zone 4,27.5,Zone 4,36.1,Zone 4,32.0,Zone 4,40.1,Zone 4,36.3,Zone 4,51.6,Zone 5
Jammu And Kashmir,Ganderbal,Sonemarg,13.1,2026-06-01,00:00:00,92.0,2026-05-31,00:00:00,2026-06-01 00:20:28,12.850000000000023,Zone 2,27.4,Zone 4,12.7,Zone 2,24.0,Zone 3,20.1,Zone 3,27.4,Zone 4,24.0,Zone 3,31.3,Zone 4,27.4,Zone 4,35.1,Zone 4
Jammu And Kashmir,Jammu,Chatha Amfu,27.6,2026-06-01,00:00:00,85.0,2026-05-31,00:00:00,2026-06-01 00:20:28,31.75,Zone 4,62.5,Zone 5,31.5,Zone 4,56.5,Zone 5,38.5,Zone 4,62.1,Zone 5,58.6,Zone 5,64.8,Zone 5,62.5,Zone 5,66.8,Zone 5
Jammu And Kashmir,Jammu,Jammu,28.3,2026-06-01,00:00:00,65.0,2026-05-31,00:00:00,2026-06-01 00:20:28,30.450000000000045,Zone 4,59.3,Zone 5,30.8,Zone 4,41.6,Zone 4,36.7,Zone 4,58.6,Zone 5,43.4,Zone 5,62.1,Zone 5,59.3,Zone 5,64.5,Zone 5
Jammu And Kashmir,Kathua,Kathua Kvk,26.3,2026-06-01,00:15:00,57.0,2026-05-31,00:15:00,2026-06-01 00:20:28,26.850000000000023,Zone 4,41.7,Zone 4,27.1,Zone 4,36.8,Zone 4,32.3,Zone 4,41.3,Zone 4,37.1,Zone 4,54.9,Zone 5,41.7,Zone 4,60.8,Zone 5
Jammu And Kashmir,Kishtwar,Gulabgarh,14.0,2026-06-01,00:00:00,64.0,2026-05-31,00:00:00,2026-06-01 00:20:28,12.75,Zone 2,27.6,Zone 4,12.7,Zone 2,24.2,Zone 3,20.2,Zone 3,27.6,Zone 4,24.2,Zone 3,31.3,Zone 4,27.6,Zone 4,34.8,Zone 4
Jammu And Kashmir,Kishtwar,Kishtwar,19.9,2026-06-01,00:00:00,73.0,2026-05-31,00:00:00,2026-06-01 00:20:28,20.150000000000034,Zone 3,34.3,Zone 4,20.2,Zone 3,29.7,Zone 4,25.3,Zone 3,34.1,Zone 4,29.9,Zone 4,38.3,Zone 4,34.3,Zone 4,49.2,Zone 5
Jammu And Kashmir,Kulgam,Kulgam Amfu,18.3,2026-06-01,00:15:00,82.0,2026-05-31,00:15:00,2026-06-01 00:20:28,18.55000000000001,Zone 3,33.0,Zone 4,18.8,Zone 3,28.4,Zone 4,24.3,Zone 3,32.9,Zone 4,28.6,Zone 4,37.1,Zone 4,33.0,Zone 4,47.3,Zone 5
Jammu And Kashmir,Kupwara,Kupw Kvk,17.2,2026-06-01,00:15:00,89.0,2026-05-31,00:15:00,2026-06-01 00:20:28,17.55000000000001,Zone 3,31.6,Zone 4,17.3,Zone 3,27.1,Zone 4,23.3,Zone 3,31.5,Zone 4,27.2,Zone 4,35.7,Zone 4,31.6,Zone 4,44.0,Zone 5
Jammu And Kashmir,Poonch,Poonch,23.2,2026-06-01,00:15:00,59.0,2026-05-31,00:15:00,2026-06-01 00:20:28,23.350000000000023,Zone 3,36.9,Zone 4,23.1,Zone 3,32.4,Zone 4,28.1,Zone 4,36.7,Zone 4,32.6,Zone 4,40.8,Zone 4,36.9,Zone 4,53.7,Zone 5
Jammu And Kashmir,Pulwama,Malangpura,16.8,2026-06-01,00:15:00,88.0,2026-05-31,00:15:00,2026-06-01 00:20:28,17.05000000000001,Zone 3,31.6,Zone 4,17.3,Zone 3,27.0,Zone 4,23.3,Zone 3,31.4,Zone 4,27.2,Zone 4,35.6,Zone 4,31.6,Zone 4,43.5,Zone 5
Jammu And Kashmir,Pulwama,Tral,20.7,2026-06-01,00:00:00,71.0,2026-05-31,00:00:00,2026-06-01 00:20:28,20.950000000000045,Zone 3,34.8,Zone 4,20.7,Zone 3,30.2,Zone 4,25.8,Zone 4,34.6,Zone 4,30.4,Zone 4,38.8,Zone 4,34.8,Zone 4,50.3,Zone 5
Jammu And Kashmir,Rajouri,Rajouri,23.4,2026-06-01,00:00:00,69.0,2026-05-31,00:00:00,2026-06-01 00:20:28,24.05000000000001,Zone 3,38.8,Zone 4,24.1,Zone 3,33.8,Zone 4,29.3,Zone 4,38.5,Zone 4,34.2,Zone 4,49.5,Zone 5,38.8,Zone 4,59.7,Zone 5
Jammu And Kashmir,Rajouri,Rajouri Arg,22.3,2026-06-01,00:00:00,71.0,2026-05-31,00:00:00,2026-06-01 00:20:28,22.850000000000023,Zone 3,37.5,Zone 4,23.1,Zone 3,32.7,Zone 4,28.1,Zone 4,37.2,Zone 4,33.0,Zone 4,45.9,Zone 5,37.5,Zone 4,58.6,Zone 5
Jammu And Kashmir,Ramban,Govindpura,27.2,2026-06-01,00:00:00,53.0,2026-05-31,00:00:00,2026-06-01 00:20:28,27.75,Zone 4,41.7,Zone 4,27.5,Zone 4,36.9,Zone 4,32.6,Zone 4,41.4,Zone 4,37.3,Zone 4,53.9,Zone 5,41.7,Zone 4,60.6,Zone 5
Jammu And Kashmir,Reasi,Reasi Kvk,25.6,2026-06-01,00:15:00,75.0,2026-05-31,00:15:00,2026-06-01 00:20:28,27.05000000000001,Zone 4,51.6,Zone 5,26.9,Zone 4,37.7,Zone 4,32.8,Zone 4,50.1,Zone 5,38.2,Zone 4,60.2,Zone 5,51.6,Zone 5,62.8,Zone 5
Jammu And Kashmir,Samba,Samba,22.5,2026-06-01,00:15:00,85.0,2026-05-31,00:15:00,2026-06-01 00:20:28,23.650000000000034,Zone 3,41.3,Zone 5,23.7,Zone 3,33.9,Zone 4,29.0,Zone 4,40.0,Zone 5,34.3,Zone 4,55.3,Zone 5,41.3,Zone 5,60.9,Zone 5
Jammu And Kashmir,Shopian,Shopian,14.1,2026-06-01,00:00:00,97.0,2026-05-31,00:00:00,2026-06-01 00:20:28,13.950000000000045,Zone 2,28.6,Zone 4,13.9,Zone 2,24.7,Zone 3,21.0,Zone 3,28.5,Zone 4,24.7,Zone 3,32.5,Zone 4,28.6,Zone 4,36.4,Zone 4
Jammu And Kashmir,Srinagar,Rambagh,21.7,2026-06-01,00:15:00,64.0,2026-05-31,00:15:00,2026-06-01 00:20:28,21.850000000000023,Zone 3,35.5,Zone 4,21.6,Zone 3,31.0,Zone 4,26.6,Zone 4,35.3,Zone 4,31.2,Zone 4,39.4,Zone 4,35.5,Zone 4,50.5,Zone 5
Jammu And Kashmir,Srinagar,Srinagar Amfu,16.7,2026-06-01,00:00:00,100.0,2026-05-31,00:00:00,2026-06-01 00:20:28,17.450000000000045,Zone 3,31.6,Zone 4,17.2,Zone 3,26.9,Zone 4,23.2,Zone 3,31.4,Zone 4,27.0,Zone 4,35.7,Zone 4,31.6,Zone 4,46.6,Zone 5
Jharkhand,Bokaro,Kv Bokaro,25.8,2026-06-01,00:15:00,100.0,2026-05-31,00:15:00,2026-06-01 00:20:28,29.650000000000034,Zone 4,63.2,Zone 5,30.1,Zone 4,59.2,Zone 5,42.0,Zone 5,62.8,Zone 5,59.8,Zone 5,65.4,Zone 5,63.2,Zone 5,67.4,Zone 5
Jharkhand,Deoghar,Deoghar Aws400,26.9,2026-06-01,00:15:00,87.0,2026-05-31,00:15:00,2026-06-01 00:20:28,30.450000000000045,Zone 4,62.1,Zone 5,30.7,Zone 4,54.8,Zone 5,37.7,Zone 4,61.7,Zone 5,57.0,Zone 5,64.5,Zone 5,62.1,Zone 5,66.6,Zone 5
Jharkhand,East Singhbhum,Bahragora,25.8,2026-06-01,00:15:00,99.0,2026-05-31,00:15:00,2026-06-01 00:20:28,29.55000000000001,Zone 4,63.0,Zone 5,30.0,Zone 4,58.7,Zone 5,40.9,Zone 5,62.6,Zone 5,59.5,Zone 5,65.2,Zone 5,63.0,Zone 5,67.2,Zone 5
Jharkhand,Gumla,Gumla-Bishnupur Kvk,23.6,2026-06-01,00:15:00,82.0,2026-05-31,00:15:00,2026-06-01 00:20:28,24.75,Zone 3,45.0,Zone 5,24.7,Zone 3,35.2,Zone 4,30.3,Zone 4,43.6,Zone 5,35.6,Zone 4,58.3,Zone 5,45.0,Zone 5,61.6,Zone 5
Jharkhand,Hazaribagh,Barhi,26.5,2026-06-01,00:15:00,46.0,2026-05-31,00:15:00,2026-06-01 00:20:28,26.450000000000045,Zone 4,39.8,Zone 4,26.5,Zone 4,35.4,Zone 4,31.3,Zone 4,39.6,Zone 4,35.7,Zone 4,45.5,Zone 5,39.8,Zone 4,58.3,Zone 5
Jharkhand,Khunti,Diyakel-Khunti Kvk,26.4,2026-06-01,00:15:00,,,,2026-06-01 00:20:28,,,,,,,,,,,,,,,,,,,,
Jharkhand,Kodarma,Kodarma,26.6,2026-06-01,00:15:00,95.0,2026-05-31,00:15:00,2026-06-01 00:20:28,30.850000000000023,Zone 4,63.0,Zone 5,30.6,Zone 4,58.8,Zone 5,41.0,Zone 5,62.6,Zone 5,59.5,Zone 5,65.3,Zone 5,63.0,Zone 5,67.2,Zone 5
Jharkhand,Latehar,Netarhat,21.5,2026-06-01,00:15:00,100.0,2026-05-31,00:15:00,2026-06-01 00:20:28,23.150000000000034,Zone 3,45.7,Zone 5,23.2,Zone 3,33.6,Zone 4,28.5,Zone 4,44.3,Zone 5,34.1,Zone 4,58.9,Zone 5,45.7,Zone 5,61.8,Zone 5
Jharkhand,Lohardaga,Lohardaga Kvk,24.8,2026-06-01,00:15:00,,,,2026-06-01 00:20:28,,,,,,,,,,,,,,,,,,,,
Jharkhand,Pakur,Pakur Kvk,27.3,2026-06-01,00:15:00,,,,2026-06-01 00:20:28,,,,,,,,,,,,,,,,,,,,
Jharkhand,Ramgarh,Ramgarh Kvk,,,,100.0,2026-05-31,00:15:00,2026-06-01 00:20:28,,,,,,,,,,,,,,,,,,,,
Jharkhand,Ranchi,Mc Ranchi,24.6,2026-06-01,00:00:00,100.0,2026-05-31,00:00:00,2026-06-01 00:20:28,27.25,Zone 4,60.7,Zone 5,27.0,Zone 4,47.6,Zone 5,34.0,Zone 4,60.2,Zone 5,50.0,Zone 5,63.2,Zone 5,60.7,Zone 5,65.5,Zone 5
Jharkhand,Ranchi,Ranchi Amfu,23.8,2026-06-01,00:00:00,89.0,2026-05-31,00:00:00,2026-06-01 00:20:28,25.25,Zone 3,53.9,Zone 5,25.5,Zone 4,36.9,Zone 4,31.7,Zone 4,52.4,Zone 5,37.5,Zone 4,60.7,Zone 5,53.9,Zone 5,63.3,Zone 5
Jharkhand,Saraikela,Saraikela,26.3,2026-06-01,00:15:00,100.0,2026-05-31,00:15:00,2026-06-01 00:20:28,30.850000000000023,Zone 4,64.1,Zone 5,31.3,Zone 4,60.2,Zone 5,47.0,Zone 5,63.7,Zone 5,60.8,Zone 5,66.2,Zone 5,64.1,Zone 5,68.0,Zone 5
Jharkhand,Simdega,Bano-Simdega Kvk,25.5,2026-06-01,00:15:00,69.0,2026-05-31,00:15:00,2026-06-01 00:20:28,26.55000000000001,Zone 4,46.2,Zone 5,26.6,Zone 4,36.8,Zone 4,32.1,Zone 4,44.7,Zone 5,37.3,Zone 4,59.1,Zone 5,46.2,Zone 5,61.8,Zone 5
Jharkhand,Simdega,Simdega,24.0,2026-06-01,00:15:00,100.0,2026-05-31,00:15:00,2026-06-01 00:20:28,26.150000000000034,Zone 4,59.8,Zone 5,26.1,Zone 4,43.6,Zone 5,32.9,Zone 4,59.4,Zone 5,45.9,Zone 5,62.5,Zone 5,59.8,Zone 5,64.8,Zone 5
Jharkhand,West Singhbhum,Jagannathpur-Bau Kvk,25.6,2026-06-01,00:15:00,,,,2026-06-01 00:20:28,,,,,,,,,,,,,,,,,,,,
Karnataka,Bagalkot,Bagalkot Kvk,28.4,2026-06-01,00:15:00,68.0,2026-05-31,00:15:00,2026-06-01 00:20:28,30.950000000000045,Zone 4,60.0,Zone 5,31.2,Zone 4,44.7,Zone 5,37.2,Zone 4,59.6,Zone 5,47.0,Zone 5,62.7,Zone 5,60.0,Zone 5,65.0,Zone 5
Karnataka,Bangalore Rural,Doddaballapura,23.4,2026-05-31,23:45:00,96.0,2026-05-31,23:45:00,2026-06-01 00:20:28,25.05000000000001,Zone 3,56.1,Zone 5,25.1,Zone 3,36.9,Zone 5,31.5,Zone 4,54.6,Zone 5,38.8,Zone 5,61.1,Zone 5,56.1,Zone 5,63.7,Zone 5
Karnataka,Bangalore Urban,Bangalore,23.3,2026-06-01,00:00:00,80.0,2026-05-31,00:00:00,2026-06-01 00:20:28,24.350000000000023,Zone 3,43.4,Zone 5,24.6,Zone 3,34.9,Zone 4,30.1,Zone 4,42.1,Zone 5,35.4,Zone 4,57.1,Zone 5,43.4,Zone 5,61.3,Zone 5
Karnataka,Bangalore Urban,Electronic City(Nice),22.1,2026-06-01,00:15:00,84.0,2026-05-31,00:15:00,2026-06-01 00:20:28,23.25,Zone 3,38.3,Zone 4,23.1,Zone 3,33.0,Zone 4,28.2,Zone 4,37.9,Zone 4,33.4,Zone 4,52.0,Zone 5,38.3,Zone 4,60.2,Zone 5
Karnataka,Bangalore Urban,Gopal Nagar,21.8,2026-06-01,00:00:00,94.0,2026-05-31,00:00:00,2026-06-01 00:20:28,23.25,Zone 3,44.7,Zone 5,23.5,Zone 3,33.9,Zone 4,28.8,Zone 4,43.3,Zone 5,34.4,Zone 4,58.1,Zone 5,44.7,Zone 5,61.6,Zone 5
Karnataka,Bangalore Urban,Madhavara(Nice),23.4,2026-06-01,00:00:00,80.0,2026-05-31,00:00:00,2026-06-01 00:20:28,24.450000000000045,Zone 3,43.4,Zone 5,24.6,Zone 3,34.9,Zone 4,30.1,Zone 4,42.1,Zone 5,35.4,Zone 4,57.1,Zone 5,43.4,Zone 5,61.3,Zone 5
Karnataka,Bellary,Hagari Kvk,29.6,2026-06-01,00:15:00,50.0,2026-05-31,00:15:00,2026-06-01 00:20:28,30.75,Zone 4,50.1,Zone 5,30.6,Zone 4,40.2,Zone 4,35.8,Zone 4,48.6,Zone 5,40.6,Zone 4,59.9,Zone 5,50.1,Zone 5,62.6,Zone 5
Karnataka,Bijapur,Tidagundi Amfu,26.4,2026-06-01,00:00:00,77.0,2026-05-31,00:00:00,2026-06-01 00:20:28,28.55000000000001,Zone 4,59.1,Zone 5,28.7,Zone 4,40.5,Zone 5,34.8,Zone 4,57.9,Zone 5,42.5,Zone 5,61.9,Zone 5,59.1,Zone 5,64.3,Zone 5
Karnataka,Chikmagalur,Mudigere Kvk,19.7,2026-06-01,00:00:00,100.0,2026-05-31,00:00:00,2026-06-01 00:20:28,21.150000000000034,Zone 3,35.9,Zone 4,20.9,Zone 3,30.6,Zone 4,25.7,Zone 4,35.5,Zone 4,30.9,Zone 4,48.0,Zone 5,35.9,Zone 4,59.4,Zone 5
Karnataka,Dharwad,Mugad,24.6,2026-06-01,00:15:00,91.0,2026-05-31,00:15:00,2026-06-01 00:20:28,26.55000000000001,Zone 4,58.5,Zone 5,26.4,Zone 4,39.5,Zone 5,32.9,Zone 4,57.1,Zone 5,41.5,Zone 5,61.7,Zone 5,58.5,Zone 5,64.2,Zone 5
Karnataka,Gulbarga,Gulbarga,29.3,2026-05-31,23:30:00,37.0,2026-05-31,23:30:00,2026-06-01 00:20:28,29.150000000000034,Zone 4,42.3,Zone 4,29.3,Zone 4,37.9,Zone 4,33.9,Zone 4,42.0,Zone 4,38.2,Zone 4,50.1,Zone 5,42.3,Zone 4,59.8,Zone 5
Karnataka,Hassan,Hassan,20.8,2026-06-01,00:15:00,100.0,2026-05-31,00:15:00,2026-06-01 00:20:28,22.350000000000023,Zone 3,42.5,Zone 5,22.6,Zone 3,32.8,Zone 4,27.7,Zone 4,41.2,Zone 5,33.3,Zone 4,56.3,Zone 5,42.5,Zone 5,61.2,Zone 5
Karnataka,Koppal,Koppal,32.3,2026-06-01,00:15:00,56.0,2026-05-31,00:15:00,2026-06-01 00:20:28,36.35000000000002,Zone 4,62.7,Zone 5,36.8,Zone 4,57.6,Zone 5,42.9,Zone 4,62.3,Zone 5,59.2,Zone 5,65.0,Zone 5,62.7,Zone 5,67.0,Zone 5
Karnataka,Mandya,Mandya Kvk,22.2,2026-06-01,00:15:00,94.0,2026-05-31,00:15:00,2026-06-01 00:20:28,23.75,Zone 3,44.7,Zone 5,23.5,Zone 3,33.9,Zone 4,28.8,Zone 4,43.3,Zone 5,34.4,Zone 4,58.1,Zone 5,44.7,Zone 5,61.6,Zone 5
Karnataka,Ramanagara,Chandurayanghalli Kvk,22.6,2026-06-01,00:15:00,72.0,2026-05-31,00:15:00,2026-06-01 00:20:28,23.25,Zone 3,37.6,Zone 4,23.1,Zone 3,32.7,Zone 4,28.2,Zone 4,37.4,Zone 4,33.1,Zone 4,46.5,Zone 5,37.6,Zone 4,59.0,Zone 5
Karnataka,Tumkur,Chikkanakalli,25.7,2026-06-01,00:15:00,99.0,2026-05-31,00:15:00,2026-06-01 00:20:28,29.350000000000023,Zone 4,62.2,Zone 5,28.9,Zone 4,54.9,Zone 5,36.7,Zone 5,61.7,Zone 5,57.1,Zone 5,64.5,Zone 5,62.2,Zone 5,66.6,Zone 5
Kerala,Alappuzha,Karumadi,25.8,2026-06-01,00:15:00,,,,2026-06-01 00:20:28,,,,,,,,,,,,,,,,,,,,
Kerala,Alappuzha,Kayamkulam,25.6,2026-06-01,00:15:00,100.0,2026-05-31,00:15:00,2026-06-01 00:20:28,29.25,Zone 4,62.4,Zone 5,29.0,Zone 4,55.9,Zone 5,37.6,Zone 5,62.0,Zone 5,58.0,Zone 5,64.7,Zone 5,62.4,Zone 5,66.7,Zone 5
Kerala,Alappuzha,Nooranad,25.4,2026-06-01,00:15:00,92.0,2026-05-31,00:15:00,2026-06-01 00:20:28,28.05000000000001,Zone 4,60.7,Zone 5,28.2,Zone 4,48.0,Zone 5,35.1,Zone 4,60.3,Zone 5,50.3,Zone 5,63.3,Zone 5,60.7,Zone 5,65.5,Zone 5
Kerala,Alappuzha,Thycattussery,25.4,2026-06-01,00:15:00,89.0,2026-05-31,00:15:00,2026-06-01 00:20:28,27.75,Zone 4,60.1,Zone 5,28.0,Zone 4,45.0,Zone 5,34.6,Zone 4,59.7,Zone 5,47.3,Zone 5,62.8,Zone 5,60.1,Zone 5,65.1,Zone 5
Kerala,Ernakulam,Aluva,25.4,2026-06-01,00:15:00,87.0,2026-05-31,00:15:00,2026-06-01 00:20:28,27.650000000000034,Zone 4,59.7,Zone 5,27.8,Zone 4,43.0,Zone 5,34.3,Zone 4,59.3,Zone 5,45.2,Zone 5,62.4,Zone 5,59.7,Zone 5,64.8,Zone 5
Kerala,Ernakulam,Boat Jetty Kgov,25.5,2026-06-01,00:00:00,100.0,2026-05-31,00:00:00,2026-06-01 00:20:28,29.05000000000001,Zone 4,62.4,Zone 5,29.0,Zone 4,55.9,Zone 5,37.6,Zone 5,62.0,Zone 5,58.0,Zone 5,64.7,Zone 5,62.4,Zone 5,66.7,Zone 5
Kerala,Ernakulam,Choondi,24.3,2026-06-01,00:15:00,,,,2026-06-01 00:20:28,,,,,,,,,,,,,,,,,,,,
Kerala,Ernakulam,Dhground Kgov,26.0,2026-06-01,00:00:00,100.0,2026-05-31,00:00:00,2026-06-01 00:20:28,30.150000000000034,Zone 4,63.2,Zone 5,30.1,Zone 4,59.2,Zone 5,42.0,Zone 5,62.8,Zone 5,59.8,Zone 5,65.4,Zone 5,63.2,Zone 5,67.4,Zone 5
Kerala,Ernakulam,Kadavanthra Kgov,31.3,2026-06-01,00:00:00,100.0,2026-05-31,00:00:00,2026-06-01 00:20:28,64.85000000000002,Zone 5,74.4,Zone 6,65.6,Zone 5,71.1,Zone 5,69.3,Zone 5,73.8,Zone 6,71.5,Zone 5,76.7,Zone 6,74.4,Zone 6,79.6,Zone 6
Kerala,Ernakulam,Kalamassery,24.3,2026-06-01,00:15:00,61.0,2026-05-31,00:15:00,2026-06-01 00:20:28,24.650000000000034,Zone 3,39.2,Zone 4,24.9,Zone 3,34.4,Zone 4,30.0,Zone 4,38.9,Zone 4,34.7,Zone 4,48.5,Zone 5,39.2,Zone 4,59.5,Zone 5
Kerala,Ernakulam,Koothattukulam,24.1,2026-06-01,00:15:00,100.0,2026-05-31,00:15:00,2026-06-01 00:20:28,26.350000000000023,Zone 4,59.8,Zone 5,26.1,Zone 4,43.6,Zone 5,32.9,Zone 4,59.4,Zone 5,45.9,Zone 5,62.5,Zone 5,59.8,Zone 5,64.8,Zone 5
Kerala,Ernakulam,Mattancherry,26.3,2026-06-01,00:00:00,59.0,2026-05-31,00:00:00,2026-06-01 00:20:28,27.05000000000001,Zone 4,42.7,Zone 5,27.3,Zone 4,37.0,Zone 4,32.5,Zone 4,41.7,Zone 4,37.4,Zone 4,56.5,Zone 5,42.7,Zone 5,61.2,Zone 5
Kerala,Ernakulam,Odakkali,24.2,2026-06-01,00:15:00,100.0,2026-05-31,00:15:00,2026-06-01 00:20:28,26.450000000000045,Zone 4,59.8,Zone 5,26.1,Zone 4,43.6,Zone 5,32.9,Zone 4,59.4,Zone 5,45.9,Zone 5,62.5,Zone 5,59.8,Zone 5,64.8,Zone 5
Kerala,Idukki,Ayyappankovil,20.8,2026-06-01,00:00:00,100.0,2026-05-31,00:00:00,2026-06-01 00:20:28,22.350000000000023,Zone 3,42.5,Zone 5,22.6,Zone 3,32.8,Zone 4,27.7,Zone 4,41.2,Zone 5,33.3,Zone 4,56.3,Zone 5,42.5,Zone 5,61.2,Zone 5
Kerala,Idukki,Cheruthoni,21.7,2026-06-01,00:15:00,100.0,2026-05-31,00:15:00,2026-06-01 00:20:28,23.350000000000023,Zone 3,45.7,Zone 5,23.2,Zone 3,33.6,Zone 4,28.5,Zone 4,44.3,Zone 5,34.1,Zone 4,58.9,Zone 5,45.7,Zone 5,61.8,Zone 5
Kerala,Idukki,Kovilkadavu,21.6,2026-06-01,00:15:00,94.0,2026-05-31,00:15:00,2026-06-01 00:20:28,23.05000000000001,Zone 3,41.6,Zone 5,22.9,Zone 3,33.1,Zone 4,28.1,Zone 4,40.3,Zone 5,33.5,Zone 4,55.5,Zone 5,41.6,Zone 5,61.0,Zone 5
Kerala,Idukki,Kundala Dam,15.3,2026-06-01,00:15:00,100.0,2026-05-31,00:15:00,2026-06-01 00:20:28,15.650000000000034,Zone 3,30.4,Zone 4,15.9,Zone 3,25.8,Zone 4,22.4,Zone 3,30.2,Zone 4,25.9,Zone 4,34.4,Zone 4,30.4,Zone 4,42.1,Zone 5
Kerala,Idukki,Munnar,16.7,2026-06-01,00:15:00,100.0,2026-05-31,00:15:00,2026-06-01 00:20:28,17.450000000000045,Zone 3,31.6,Zone 4,17.2,Zone 3,26.9,Zone 4,23.2,Zone 3,31.4,Zone 4,27.0,Zone 4,35.7,Zone 4,31.6,Zone 4,46.6,Zone 5
Kerala,Idukki,Pampadumpara,19.5,2026-06-01,00:15:00,100.0,2026-05-31,00:15:00,2026-06-01 00:20:28,20.850000000000023,Zone 3,35.9,Zone 4,20.9,Zone 3,30.6,Zone 4,25.7,Zone 4,35.5,Zone 4,30.9,Zone 4,48.0,Zone 5,35.9,Zone 4,59.4,Zone 5
Kerala,Idukki,Sengulam Dam,20.6,2026-06-01,00:15:00,,,,2026-06-01 00:20:28,,,,,,,,,,,,,,,,,,,,
Kerala,Idukki,Udumbannoor,24.1,2026-06-01,00:15:00,100.0,2026-05-31,00:15:00,2026-06-01 00:20:28,26.350000000000023,Zone 4,59.8,Zone 5,26.1,Zone 4,43.6,Zone 5,32.9,Zone 4,59.4,Zone 5,45.9,Zone 5,62.5,Zone 5,59.8,Zone 5,64.8,Zone 5
Kerala,Idukki,Vattavada,17.1,2026-05-31,23:30:00,91.0,2026-05-31,23:30:00,2026-06-01 00:20:28,17.55000000000001,Zone 3,31.7,Zone 4,17.4,Zone 3,27.1,Zone 4,23.4,Zone 3,31.6,Zone 4,27.3,Zone 4,35.8,Zone 4,31.7,Zone 4,44.9,Zone 5
Kerala,Idukki,Vellathooval,22.2,2026-06-01,00:15:00,100.0,2026-05-31,00:15:00,2026-06-01 00:20:28,23.950000000000045,Zone 3,49.1,Zone 5,23.7,Zone 3,34.5,Zone 4,29.3,Zone 4,47.5,Zone 5,35.0,Zone 4,59.7,Zone 5,49.1,Zone 5,62.4,Zone 5
Kerala,Kannur,Aralam,25.7,2026-06-01,00:15:00,100.0,2026-05-31,00:15:00,2026-06-01 00:20:28,29.450000000000045,Zone 4,62.4,Zone 5,29.0,Zone 4,55.9,Zone 5,37.6,Zone 5,62.0,Zone 5,58.0,Zone 5,64.7,Zone 5,62.4,Zone 5,66.7,Zone 5
Kerala,Kannur,Chemberi,25.4,2026-06-01,00:15:00,100.0,2026-05-31,00:15:00,2026-06-01 00:20:28,28.75,Zone 4,62.4,Zone 5,29.0,Zone 4,55.9,Zone 5,37.6,Zone 5,62.0,Zone 5,58.0,Zone 5,64.7,Zone 5,62.4,Zone 5,66.7,Zone 5
Kerala,Kannur,Cheruvanchery,25.3,2026-06-01,00:00:00,100.0,2026-05-31,00:00:00,2026-06-01 00:20:28,28.55000000000001,Zone 4,62.4,Zone 5,29.0,Zone 4,55.9,Zone 5,37.6,Zone 5,62.0,Zone 5,58.0,Zone 5,64.7,Zone 5,62.4,Zone 5,66.7,Zone 5
Kerala,Kannur,Peringome,25.7,2026-06-01,00:15:00,99.0,2026-05-31,00:15:00,2026-06-01 00:20:28,29.350000000000023,Zone 4,62.2,Zone 5,28.9,Zone 4,54.9,Zone 5,36.7,Zone 5,61.7,Zone 5,57.1,Zone 5,64.5,Zone 5,62.2,Zone 5,66.6,Zone 5
Kerala,Kasaragod,Bayar,23.2,2026-06-01,00:00:00,93.0,2026-05-31,00:00:00,2026-06-01 00:20:28,24.75,Zone 3,50.5,Zone 5,24.5,Zone 3,35.6,Zone 4,30.4,Zone 4,48.9,Zone 5,36.1,Zone 4,60.0,Zone 5,50.5,Zone 5,62.6,Zone 5
Kerala,Kasaragod,Kudlu Afmu,13.7,2026-06-01,00:15:00,99.0,2026-05-31,00:15:00,2026-06-01 00:20:28,13.650000000000034,Zone 2,28.1,Zone 4,13.5,Zone 2,24.4,Zone 3,20.7,Zone 3,28.0,Zone 4,24.4,Zone 3,32.1,Zone 4,28.1,Zone 4,36.0,Zone 4
Kerala,Kasaragod,Muliyar,24.3,2026-06-01,00:15:00,96.0,2026-05-31,00:15:00,2026-06-01 00:20:28,26.350000000000023,Zone 4,59.9,Zone 5,26.7,Zone 4,43.9,Zone 5,33.5,Zone 4,59.5,Zone 5,46.2,Zone 5,62.6,Zone 5,59.9,Zone 5,64.9,Zone 5
Kerala,Kasaragod,Padannakkad,25.1,2026-06-01,00:15:00,98.0,2026-05-31,00:15:00,2026-06-01 00:20:28,27.950000000000045,Zone 4,61.1,Zone 5,27.8,Zone 4,49.9,Zone 5,34.9,Zone 4,60.7,Zone 5,52.2,Zone 5,63.6,Zone 5,61.1,Zone 5,65.8,Zone 5
Kerala,Kasaragod,Panathur,23.4,2026-06-01,00:15:00,100.0,2026-05-31,00:15:00,2026-06-01 00:20:28,25.150000000000034,Zone 3,58.9,Zone 5,25.3,Zone 3,39.9,Zone 5,31.9,Zone 4,57.4,Zone 5,42.0,Zone 5,61.8,Zone 5,58.9,Zone 5,64.2,Zone 5
Kerala,Kollam,Chavara,26.1,2026-06-01,00:15:00,100.0,2026-05-31,00:15:00,2026-06-01 00:20:28,30.350000000000023,Zone 4,63.2,Zone 5,30.1,Zone 4,59.2,Zone 5,42.0,Zone 5,62.8,Zone 5,59.8,Zone 5,65.4,Zone 5,63.2,Zone 5,67.4,Zone 5
Kerala,Kollam,Karuvelil Tkmit,25.4,2026-06-01,00:15:00,88.0,2026-05-31,00:15:00,2026-06-01 00:20:28,27.75,Zone 4,59.9,Zone 5,27.9,Zone 4,44.0,Zone 5,34.5,Zone 4,59.5,Zone 5,46.3,Zone 5,62.6,Zone 5,59.9,Zone 5,64.9,Zone 5
Kerala,Kollam,Parippally,25.6,2026-06-01,00:00:00,100.0,2026-05-31,00:00:00,2026-06-01 00:20:28,29.25,Zone 4,62.4,Zone 5,29.0,Zone 4,55.9,Zone 5,37.6,Zone 5,62.0,Zone 5,58.0,Zone 5,64.7,Zone 5,62.4,Zone 5,66.7,Zone 5
Kerala,Kollam,Punalur,25.7,2026-06-01,00:00:00,100.0,2026-05-31,00:00:00,2026-06-01 00:20:28,29.450000000000045,Zone 4,62.4,Zone 5,29.0,Zone 4,55.9,Zone 5,37.6,Zone 5,62.0,Zone 5,58.0,Zone 5,64.7,Zone 5,62.4,Zone 5,66.7,Zone 5
Kerala,Kottayam,Kottayam,26.0,2026-06-01,00:15:00,100.0,2026-05-31,00:15:00,2026-06-01 00:20:28,30.150000000000034,Zone 4,63.2,Zone 5,30.1,Zone 4,59.2,Zone 5,42.0,Zone 5,62.8,Zone 5,59.8,Zone 5,65.4,Zone 5,63.2,Zone 5,67.4,Zone 5
Kerala,Kottayam,Vadavathoor,24.8,2026-06-01,00:15:00,100.0,2026-05-31,00:15:00,2026-06-01 00:20:28,27.55000000000001,Zone 4,61.5,Zone 5,28.0,Zone 4,51.8,Zone 5,35.2,Zone 4,61.1,Zone 5,54.1,Zone 5,64.0,Zone 5,61.5,Zone 5,66.1,Zone 5
Kerala,Kottayam,Vaikkom,25.2,2026-05-31,23:30:00,,,,2026-06-01 00:20:28,,,,,,,,,,,,,,,,,,,,
Kerala,Kozhikode,Kunnamangalam,24.9,2026-06-01,00:15:00,100.0,2026-05-31,00:15:00,2026-06-01 00:20:28,27.75,Zone 4,61.5,Zone 5,28.0,Zone 4,51.8,Zone 5,35.2,Zone 4,61.1,Zone 5,54.1,Zone 5,64.0,Zone 5,61.5,Zone 5,66.1,Zone 5
Kerala,Kozhikode,Vilangad,25.0,2026-06-01,00:15:00,100.0,2026-05-31,00:15:00,2026-06-01 00:20:28,27.950000000000045,Zone 4,61.5,Zone 5,28.0,Zone 4,51.8,Zone 5,35.2,Zone 4,61.1,Zone 5,54.1,Zone 5,64.0,Zone 5,61.5,Zone 5,66.1,Zone 5
Kerala,Malappuram,Nilambur,24.4,2026-06-01,00:00:00,100.0,2026-05-31,00:00:00,2026-06-01 00:20:28,26.850000000000023,Zone 4,60.7,Zone 5,27.0,Zone 4,47.6,Zone 5,34.0,Zone 4,60.2,Zone 5,50.0,Zone 5,63.2,Zone 5,60.7,Zone 5,65.5,Zone 5
Kerala,Malappuram,Palemad,24.7,2026-06-01,00:15:00,100.0,2026-05-31,00:15:00,2026-06-01 00:20:28,27.350000000000023,Zone 4,60.7,Zone 5,27.0,Zone 4,47.6,Zone 5,34.0,Zone 4,60.2,Zone 5,50.0,Zone 5,63.2,Zone 5,60.7,Zone 5,65.5,Zone 5
Kerala,Malappuram,Thavanur Kvk,23.9,2026-06-01,00:15:00,100.0,2026-05-31,00:15:00,2026-06-01 00:20:28,25.950000000000045,Zone 4,59.8,Zone 5,26.1,Zone 4,43.6,Zone 5,32.9,Zone 4,59.4,Zone 5,45.9,Zone 5,62.5,Zone 5,59.8,Zone 5,64.8,Zone 5
Kerala,Malappuram,Thennala,23.7,2026-05-31,23:45:00,100.0,2026-05-31,23:45:00,2026-06-01 00:20:28,25.650000000000034,Zone 4,58.9,Zone 5,25.3,Zone 3,39.9,Zone 5,31.9,Zone 4,57.4,Zone 5,42.0,Zone 5,61.8,Zone 5,58.9,Zone 5,64.2,Zone 5
Kerala,Palakkad,Adakkaputhur,25.6,2026-05-31,23:30:00,95.0,2026-05-31,23:30:00,2026-06-01 00:20:28,28.75,Zone 4,61.3,Zone 5,28.5,Zone 4,51.0,Zone 5,35.6,Zone 4,60.9,Zone 5,53.4,Zone 5,63.8,Zone 5,61.3,Zone 5,66.0,Zone 5
Kerala,Palakkad,Kollengode,26.4,2026-06-01,00:15:00,93.0,2026-05-31,00:15:00,2026-06-01 00:20:28,30.150000000000034,Zone 4,62.6,Zone 5,30.4,Zone 4,57.0,Zone 5,38.8,Zone 5,62.2,Zone 5,59.0,Zone 5,64.9,Zone 5,62.6,Zone 5,66.9,Zone 5
Kerala,Palakkad,Mangalam Dam,26.5,2026-06-01,00:15:00,93.0,2026-05-31,00:15:00,2026-06-01 00:20:28,30.350000000000023,Zone 4,62.6,Zone 5,30.4,Zone 4,57.0,Zone 5,38.8,Zone 5,62.2,Zone 5,59.0,Zone 5,64.9,Zone 5,62.6,Zone 5,66.9,Zone 5
Kerala,Palakkad,Mankara,26.5,2026-06-01,00:00:00,93.0,2026-05-31,00:00:00,2026-06-01 00:20:28,30.350000000000023,Zone 4,62.6,Zone 5,30.4,Zone 4,57.0,Zone 5,38.8,Zone 5,62.2,Zone 5,59.0,Zone 5,64.9,Zone 5,62.6,Zone 5,66.9,Zone 5
Kerala,Palakkad,Ottapalam,25.1,2026-06-01,00:15:00,100.0,2026-05-31,00:15:00,2026-06-01 00:20:28,28.150000000000034,Zone 4,61.5,Zone 5,28.0,Zone 4,51.8,Zone 5,35.2,Zone 4,61.1,Zone 5,54.1,Zone 5,64.0,Zone 5,61.5,Zone 5,66.1,Zone 5
Kerala,Palakkad,Pothundy Dam,26.4,2026-06-01,00:15:00,98.0,2026-05-31,00:15:00,2026-06-01 00:20:28,30.75,Zone 4,63.7,Zone 5,31.0,Zone 4,59.7,Zone 5,44.5,Zone 5,63.3,Zone 5,60.3,Zone 5,65.8,Zone 5,63.7,Zone 5,67.7,Zone 5
Kerala,Palakkad,Vannamada,26.0,2026-06-01,00:15:00,100.0,2026-05-31,00:15:00,2026-06-01 00:20:28,30.150000000000034,Zone 4,63.2,Zone 5,30.1,Zone 4,59.2,Zone 5,42.0,Zone 5,62.8,Zone 5,59.8,Zone 5,65.4,Zone 5,63.2,Zone 5,67.4,Zone 5
Kerala,Pathanamthitta,Konni,24.4,2026-06-01,00:15:00,98.0,2026-05-31,00:15:00,2026-06-01 00:20:28,26.75,Zone 4,60.3,Zone 5,26.9,Zone 4,45.8,Zone 5,33.7,Zone 4,59.9,Zone 5,48.1,Zone 5,62.9,Zone 5,60.3,Zone 5,65.2,Zone 5
Kerala,Pathanamthitta,Pathanamthitta,25.3,2026-06-01,00:15:00,100.0,2026-05-31,00:15:00,2026-06-01 00:20:28,28.55000000000001,Zone 4,62.4,Zone 5,29.0,Zone 4,55.9,Zone 5,37.6,Zone 5,62.0,Zone 5,58.0,Zone 5,64.7,Zone 5,62.4,Zone 5,66.7,Zone 5
Kerala,Pathanamthitta,Thiruvalla Kallunkal,28.5,2026-06-01,00:15:00,100.0,2026-05-31,00:15:00,2026-06-01 00:20:28,43.05000000000001,Zone 5,67.6,Zone 5,43.1,Zone 5,64.5,Zone 5,61.2,Zone 5,67.2,Zone 5,65.0,Zone 5,69.2,Zone 5,67.6,Zone 5,70.6,Zone 5
Kerala,Pathanamthitta,Ulanadu,25.3,2026-06-01,00:15:00,88.0,2026-05-31,00:15:00,2026-06-01 00:20:28,27.55000000000001,Zone 4,59.9,Zone 5,27.9,Zone 4,44.0,Zone 5,34.5,Zone 4,59.5,Zone 5,46.3,Zone 5,62.6,Zone 5,59.9,Zone 5,64.9,Zone 5
Kerala,Pathanamthitta,Venkurinji,24.3,2026-05-31,23:45:00,100.0,2026-05-31,23:45:00,2026-06-01 00:20:28,26.650000000000034,Zone 4,60.7,Zone 5,27.0,Zone 4,47.6,Zone 5,34.0,Zone 4,60.2,Zone 5,50.0,Zone 5,63.2,Zone 5,60.7,Zone 5,65.5,Zone 5
Kerala,Thiruvananthapuram,Palode,25.9,2026-06-01,00:00:00,100.0,2026-05-31,00:00:00,2026-06-01 00:20:28,29.850000000000023,Zone 4,63.2,Zone 5,30.1,Zone 4,59.2,Zone 5,42.0,Zone 5,62.8,Zone 5,59.8,Zone 5,65.4,Zone 5,63.2,Zone 5,67.4,Zone 5
Kerala,Thiruvananthapuram,Pirappancode,26.2,2026-06-01,00:00:00,100.0,2026-05-31,00:00:00,2026-06-01 00:20:28,30.55000000000001,Zone 4,63.2,Zone 5,30.1,Zone 4,59.2,Zone 5,42.0,Zone 5,62.8,Zone 5,59.8,Zone 5,65.4,Zone 5,63.2,Zone 5,67.4,Zone 5
Kerala,Thiruvananthapuram,Thattathumala,26.1,2026-06-01,00:15:00,100.0,2026-05-31,00:15:00,2026-06-01 00:20:28,30.350000000000023,Zone 4,63.2,Zone 5,30.1,Zone 4,59.2,Zone 5,42.0,Zone 5,62.8,Zone 5,59.8,Zone 5,65.4,Zone 5,63.2,Zone 5,67.4,Zone 5
Kerala,Thiruvananthapuram,Thiruvananthapuram,26.6,2026-06-01,00:15:00,82.0,2026-05-31,00:15:00,2026-06-01 00:20:28,29.350000000000023,Zone 4,60.2,Zone 5,29.1,Zone 4,45.5,Zone 5,35.6,Zone 4,59.8,Zone 5,47.8,Zone 5,62.9,Zone 5,60.2,Zone 5,65.1,Zone 5
Kerala,Thiruvananthapuram,Varkala,26.2,2026-06-01,00:15:00,100.0,2026-05-31,00:15:00,2026-06-01 00:20:28,30.55000000000001,Zone 4,63.2,Zone 5,30.1,Zone 4,59.2,Zone 5,42.0,Zone 5,62.8,Zone 5,59.8,Zone 5,65.4,Zone 5,63.2,Zone 5,67.4,Zone 5
Kerala,Thrissur,Athirappilly,25.4,2026-06-01,00:15:00,100.0,2026-05-31,00:15:00,2026-06-01 00:20:28,28.75,Zone 4,62.4,Zone 5,29.0,Zone 4,55.9,Zone 5,37.6,Zone 5,62.0,Zone 5,58.0,Zone 5,64.7,Zone 5,62.4,Zone 5,66.7,Zone 5
Kerala,Thrissur,Lower Sholayar,23.1,2026-06-01,00:15:00,100.0,2026-05-31,00:15:00,2026-06-01 00:20:28,24.850000000000023,Zone 3,55.8,Zone 5,24.8,Zone 3,36.7,Zone 5,31.0,Zone 4,54.3,Zone 5,38.5,Zone 5,61.1,Zone 5,55.8,Zone 5,63.6,Zone 5
Kerala,Thrissur,Peringalkuthu,25.4,2026-06-01,00:00:00,,,,2026-06-01 00:20:28,,,,,,,,,,,,,,,,,,,,
Kerala,Wayanad,Kabanigiri,23.4,2026-05-31,23:30:00,99.0,2026-05-31,23:30:00,2026-06-01 00:20:28,25.150000000000034,Zone 3,58.2,Zone 5,25.2,Zone 3,39.2,Zone 5,31.8,Zone 4,56.7,Zone 5,41.2,Zone 5,61.6,Zone 5,58.2,Zone 5,64.1,Zone 5
Kerala,Wayanad,Kalpeta,21.9,2026-06-01,00:15:00,100.0,2026-05-31,00:15:00,2026-06-01 00:20:28,23.650000000000034,Zone 3,49.1,Zone 5,23.7,Zone 3,34.5,Zone 4,29.3,Zone 4,47.5,Zone 5,35.0,Zone 4,59.7,Zone 5,49.1,Zone 5,62.4,Zone 5
Kerala,Wayanad,Kuppadi,21.1,2026-06-01,00:15:00,100.0,2026-05-31,00:15:00,2026-06-01 00:20:28,22.75,Zone 3,42.5,Zone 5,22.6,Zone 3,32.8,Zone 4,27.7,Zone 4,41.2,Zone 5,33.3,Zone 4,56.3,Zone 5,42.5,Zone 5,61.2,Zone 5
Kerala,Wayanad,Padamala,22.9,2026-05-31,23:45:00,100.0,2026-05-31,23:45:00,2026-06-01 00:20:28,24.650000000000034,Zone 3,55.8,Zone 5,24.8,Zone 3,36.7,Zone 5,31.0,Zone 4,54.3,Zone 5,38.5,Zone 5,61.1,Zone 5,55.8,Zone 5,63.6,Zone 5
Kerala,Wayanad,Padinjarathara Dam,25.2,2026-06-01,00:00:00,,,,2026-06-01 00:20:28,,,,,,,,,,,,,,,,,,,,
Ladakh,Kargil,Dras,9.9,2026-06-01,00:15:00,67.0,2026-05-31,00:15:00,2026-06-01 00:20:28,8.850000000000023,Zone 2,24.7,Zone 3,9.0,Zone 2,21.9,Zone 3,16.8,Zone 3,24.8,Zone 3,21.8,Zone 3,28.0,Zone 4,24.7,Zone 3,31.3,Zone 4
Ladakh,Kargil,Garkon,20.3,2026-06-01,00:00:00,14.0,2026-05-31,00:00:00,2026-06-01 00:20:28,17.150000000000034,Zone 3,31.1,Zone 4,17.4,Zone 3,27.8,Zone 4,24.1,Zone 3,31.2,Zone 4,27.8,Zone 4,34.4,Zone 4,31.1,Zone 4,37.5,Zone 4
Ladakh,Kargil,Kargil,14.9,2026-06-01,00:00:00,22.0,2026-05-31,00:00:00,2026-06-01 00:20:28,11.850000000000023,Zone 2,27.3,Zone 4,12.0,Zone 2,24.2,Zone 3,19.8,Zone 3,27.4,Zone 4,24.1,Zone 3,30.7,Zone 4,27.3,Zone 4,33.8,Zone 4
Ladakh,Kargil,Padum Kvk,7.1,2026-06-01,00:00:00,79.0,2026-05-31,00:00:00,2026-06-01 00:20:28,6.550000000000011,Zone 2,23.4,Zone 3,6.4,Zone 2,20.2,Zone 3,14.4,Zone 3,23.5,Zone 3,20.0,Zone 3,25.8,Zone 4,23.4,Zone 3,29.2,Zone 4
Ladakh,Leh,Khaltse,18.2,2026-06-01,00:00:00,17.0,2026-05-31,00:00:00,2026-06-01 00:20:28,14.850000000000023,Zone 3,29.4,Zone 4,14.6,Zone 3,26.1,Zone 4,22.1,Zone 3,29.5,Zone 4,26.0,Zone 4,32.7,Zone 4,29.4,Zone 4,35.8,Zone 4
Ladakh,Leh,Leh Amfu,14.7,2026-06-01,00:15:00,49.0,2026-05-31,00:15:00,2026-06-01 00:20:28,12.75,Zone 2,27.6,Zone 4,12.6,Zone 2,24.3,Zone 3,20.2,Zone 3,27.7,Zone 4,24.3,Zone 3,31.2,Zone 4,27.6,Zone 4,34.6,Zone 4
Ladakh,Leh,Mc Leh,10.2,2026-06-01,00:00:00,42.0,2026-05-31,00:00:00,2026-06-01 00:20:28,8.350000000000023,Zone 2,24.5,Zone 3,8.2,Zone 2,21.6,Zone 3,16.1,Zone 3,24.6,Zone 3,21.4,Zone 3,27.5,Zone 4,24.5,Zone 3,30.7,Zone 4
Ladakh,Leh,Nubra Hunder,15.5,2026-06-01,00:00:00,19.0,2026-05-31,00:00:00,2026-06-01 00:20:28,12.25,Zone 2,27.6,Zone 4,12.3,Zone 2,24.5,Zone 3,20.1,Zone 3,27.7,Zone 4,24.4,Zone 3,31.0,Zone 4,27.6,Zone 4,34.1,Zone 4
Ladakh,Leh,Nyoma Kvk,5.8,2026-06-01,00:00:00,69.0,2026-05-31,00:00:00,2026-06-01 00:20:28,5.050000000000011,Zone 2,22.8,Zone 3,5.2,Zone 2,19.5,Zone 3,13.5,Zone 2,22.9,Zone 3,19.2,Zone 3,25.1,Zone 3,22.8,Zone 3,28.2,Zone 4
Ladakh,Leh,Tangtse Durbuk,8.2,2026-06-01,00:00:00,57.0,2026-05-31,00:00:00,2026-06-01 00:20:28,6.9500000000000455,Zone 2,23.6,Zone 3,6.8,Zone 2,20.6,Zone 3,14.8,Zone 3,23.8,Zone 3,20.4,Zone 3,26.3,Zone 4,23.6,Zone 3,29.5,Zone 4
Ladakh,Leh,Upshi,12.9,2026-06-01,00:00:00,43.0,2026-05-31,00:00:00,2026-06-01 00:20:28,10.850000000000023,Zone 2,26.3,Zone 4,11.0,Zone 2,23.4,Zone 3,18.7,Zone 3,26.4,Zone 4,23.3,Zone 3,29.8,Zone 4,26.3,Zone 4,33.1,Zone 4
Madhya Pradesh,Agar,Agar Malwa,29.1,2026-06-01,00:15:00,48.0,2026-05-31,00:15:00,2026-06-01 00:20:28,29.850000000000023,Zone 4,45.1,Zone 5,29.7,Zone 4,39.1,Zone 4,34.8,Zone 4,43.7,Zone 5,39.4,Zone 4,58.4,Zone 5,45.1,Zone 5,61.7,Zone 5
Madhya Pradesh,Ashoknagar,Aonwari Kvk,28.1,2026-06-01,00:15:00,32.0,2026-05-31,00:15:00,2026-06-01 00:20:28,27.450000000000045,Zone 4,39.6,Zone 4,27.3,Zone 4,35.5,Zone 4,31.7,Zone 4,39.4,Zone 4,35.7,Zone 4,43.1,Zone 4,39.6,Zone 4,52.9,Zone 5
Madhya Pradesh,Barwani,Talun Kvk,29.6,2026-06-01,00:15:00,57.0,2026-05-31,00:15:00,2026-06-01 00:20:28,31.650000000000034,Zone 4,57.7,Zone 5,31.5,Zone 4,41.7,Zone 4,37.0,Zone 4,56.3,Zone 5,42.2,Zone 4,61.5,Zone 5,57.7,Zone 5,64.0,Zone 5
Madhya Pradesh,Betul,Betul,,,,65.0,2026-05-31,00:00:00,2026-06-01 00:20:28,,,,,,,,,,,,,,,,,,,,
Madhya Pradesh,Bhopal,Berasia,30.0,2026-05-31,23:45:00,36.0,2026-05-31,23:45:00,2026-06-01 00:20:28,29.850000000000023,Zone 4,42.7,Zone 4,29.8,Zone 4,38.4,Zone 4,34.4,Zone 4,42.5,Zone 4,38.7,Zone 4,51.2,Zone 5,42.7,Zone 4,60.0,Zone 5
Madhya Pradesh,Bhopal,Islamnagar,28.6,2026-06-01,00:00:00,47.0,2026-05-31,00:00:00,2026-06-01 00:20:28,29.150000000000034,Zone 4,42.9,Zone 4,29.0,Zone 4,38.2,Zone 4,33.9,Zone 4,42.6,Zone 4,38.5,Zone 4,55.4,Zone 5,42.9,Zone 4,61.0,Zone 5
Madhya Pradesh,Bhopal ,Bhopal,30.2,2026-06-01,00:00:00,39.0,2026-05-31,00:00:00,2026-06-01 00:20:28,30.350000000000023,Zone 4,43.4,Zone 4,30.1,Zone 4,38.9,Zone 4,34.8,Zone 4,43.1,Zone 4,39.2,Zone 4,54.3,Zone 5,43.4,Zone 4,60.7,Zone 5
Madhya Pradesh,Dewas,Kannod,28.7,2026-06-01,00:00:00,65.0,2026-05-31,00:00:00,2026-06-01 00:20:28,31.150000000000034,Zone 4,59.3,Zone 5,30.8,Zone 4,41.6,Zone 4,36.7,Zone 4,58.6,Zone 5,43.4,Zone 5,62.1,Zone 5,59.3,Zone 5,64.5,Zone 5
Madhya Pradesh,Dhar,Dhar,27.6,2026-05-31,23:45:00,66.0,2026-05-31,23:45:00,2026-06-01 00:20:28,29.450000000000045,Zone 4,55.4,Zone 5,29.3,Zone 4,39.8,Zone 4,35.0,Zone 4,53.9,Zone 5,40.4,Zone 4,61.0,Zone 5,55.4,Zone 5,63.5,Zone 5
Madhya Pradesh,Hoshangabad,Pachmarhi Aec,20.9,2026-06-01,00:15:00,90.0,2026-05-31,00:15:00,2026-06-01 00:20:28,22.05000000000001,Zone 3,37.3,Zone 4,22.2,Zone 3,32.0,Zone 4,27.2,Zone 4,37.0,Zone 4,32.4,Zone 4,50.4,Zone 5,37.3,Zone 4,59.9,Zone 5
Madhya Pradesh,Mandsaur,Mandsour,29.1,2026-06-01,00:00:00,63.0,2026-05-31,00:00:00,2026-06-01 00:20:28,31.55000000000001,Zone 4,59.5,Zone 5,31.4,Zone 4,42.3,Zone 5,37.2,Zone 4,59.1,Zone 5,44.5,Zone 5,62.3,Zone 5,59.5,Zone 5,64.6,Zone 5
Madhya Pradesh,Narsinghpur,Narsinghpur,27.2,2026-06-01,00:00:00,61.0,2026-05-31,00:00:00,2026-06-01 00:20:28,28.350000000000023,Zone 4,47.5,Zone 5,28.1,Zone 4,38.1,Zone 4,33.5,Zone 4,46.0,Zone 5,38.5,Zone 4,59.3,Zone 5,47.5,Zone 5,62.1,Zone 5
Madhya Pradesh,Neemuch,Marukheda Kvk,26.5,2026-06-01,00:15:00,66.0,2026-05-31,00:15:00,2026-06-01 00:20:28,27.75,Zone 4,49.4,Zone 5,27.8,Zone 4,38.1,Zone 4,33.3,Zone 4,47.9,Zone 5,38.5,Zone 4,59.7,Zone 5,49.4,Zone 5,62.4,Zone 5
Madhya Pradesh,Niwari,Prithvipur,27.6,2026-06-01,00:00:00,61.0,2026-05-31,00:00:00,2026-06-01 00:20:28,28.950000000000045,Zone 4,50.5,Zone 5,28.8,Zone 4,38.9,Zone 4,34.3,Zone 4,48.9,Zone 5,39.4,Zone 4,60.0,Zone 5,50.5,Zone 5,62.6,Zone 5
Madhya Pradesh,Rajgarh,Rajgarh Kvk,27.5,2026-06-01,00:15:00,54.0,2026-05-31,00:15:00,2026-06-01 00:20:28,28.25,Zone 4,43.3,Zone 5,28.2,Zone 4,37.8,Zone 4,33.4,Zone 4,42.4,Zone 4,38.2,Zone 4,57.0,Zone 5,43.3,Zone 5,61.3,Zone 5
Madhya Pradesh,Sagar,Khurai,30.2,2026-06-01,00:00:00,41.0,2026-05-31,00:00:00,2026-06-01 00:20:28,30.55000000000001,Zone 4,43.8,Zone 4,30.3,Zone 4,39.3,Zone 4,35.1,Zone 4,43.5,Zone 4,39.6,Zone 4,56.3,Zone 5,43.8,Zone 4,61.1,Zone 5
Madhya Pradesh,Sagar,Sagar,27.3,2026-06-01,00:00:00,45.0,2026-05-31,00:00:00,2026-06-01 00:20:28,27.350000000000023,Zone 4,41.0,Zone 4,27.6,Zone 4,36.6,Zone 4,32.4,Zone 4,40.8,Zone 4,36.8,Zone 4,49.1,Zone 5,41.0,Zone 4,59.6,Zone 5
Madhya Pradesh,Satna,Gramoday Vv Chitrakoot,27.2,2026-06-01,00:15:00,73.0,2026-05-31,00:15:00,2026-06-01 00:20:28,29.450000000000045,Zone 4,58.8,Zone 5,29.1,Zone 4,40.2,Zone 4,35.2,Zone 4,57.4,Zone 5,41.9,Zone 5,61.8,Zone 5,58.8,Zone 5,64.2,Zone 5
Madhya Pradesh,Satna,Satna,23.9,2026-06-01,00:00:00,87.0,2026-05-31,00:00:00,2026-06-01 00:20:28,25.25,Zone 3,52.3,Zone 5,25.4,Zone 4,36.6,Zone 4,31.5,Zone 4,50.7,Zone 5,37.2,Zone 4,60.3,Zone 5,52.3,Zone 5,63.0,Zone 5
Madhya Pradesh,Sehore,Ahmadpur Iitm,27.3,2026-06-01,00:15:00,43.0,2026-05-31,00:15:00,2026-06-01 00:20:28,27.25,Zone 4,40.7,Zone 4,27.5,Zone 4,36.3,Zone 4,32.2,Zone 4,40.5,Zone 4,36.6,Zone 4,47.3,Zone 5,40.7,Zone 4,59.2,Zone 5
Madhya Pradesh,Sehore,Bhairunda,31.6,2026-06-01,00:00:00,38.0,2026-05-31,00:00:00,2026-06-01 00:20:28,32.05000000000001,Zone 4,46.2,Zone 5,31.9,Zone 4,40.8,Zone 4,36.7,Zone 4,45.0,Zone 4,41.1,Zone 4,59.1,Zone 5,46.2,Zone 5,61.9,Zone 5
Madhya Pradesh,Shahdol,Kalyanpur Kvk,24.2,2026-06-01,00:15:00,64.0,2026-05-31,00:15:00,2026-06-01 00:20:28,24.650000000000034,Zone 3,38.9,Zone 4,24.5,Zone 3,34.1,Zone 4,29.6,Zone 4,38.6,Zone 4,34.4,Zone 4,48.3,Zone 5,38.9,Zone 4,59.4,Zone 5
Madhya Pradesh,Shajapur,Shajapur,28.0,2026-06-01,00:00:00,66.0,2026-05-31,00:00:00,2026-06-01 00:20:28,30.05000000000001,Zone 4,58.2,Zone 5,30.1,Zone 4,40.8,Zone 4,35.9,Zone 4,56.8,Zone 5,41.3,Zone 4,61.6,Zone 5,58.2,Zone 5,64.1,Zone 5
Madhya Pradesh,Sheopur,Sheopur,,,,55.0,2026-05-31,00:00:00,2026-06-01 00:20:28,,,,,,,,,,,,,,,,,,,,
Madhya Pradesh,Shivpuri,Shivpuri,26.5,2026-06-01,00:00:00,71.0,2026-05-31,00:00:00,2026-06-01 00:20:28,28.150000000000034,Zone 4,54.2,Zone 5,28.2,Zone 4,38.9,Zone 4,34.0,Zone 4,52.6,Zone 5,39.4,Zone 4,60.7,Zone 5,54.2,Zone 5,63.3,Zone 5
Madhya Pradesh,Sidhi,Rampur Naikin,23.6,2026-06-01,00:00:00,95.0,2026-05-31,00:00:00,2026-06-01 00:20:28,25.25,Zone 3,55.4,Zone 5,25.1,Zone 3,36.8,Zone 4,31.4,Zone 4,53.8,Zone 5,38.0,Zone 5,61.0,Zone 5,55.4,Zone 5,63.5,Zone 5
Madhya Pradesh,Sidhi,Sidhi,24.8,2026-06-01,00:00:00,91.0,2026-05-31,00:00:00,2026-06-01 00:20:28,26.950000000000045,Zone 4,59.7,Zone 5,27.3,Zone 4,43.1,Zone 5,33.8,Zone 4,59.3,Zone 5,45.3,Zone 5,62.4,Zone 5,59.7,Zone 5,64.8,Zone 5
Madhya Pradesh,Ujjain,Vikram Vv Ujjain,29.1,2026-06-01,00:15:00,60.0,2026-05-31,00:15:00,2026-06-01 00:20:28,31.150000000000034,Zone 4,58.0,Zone 5,31.0,Zone 4,41.4,Zone 4,36.7,Zone 4,56.6,Zone 5,42.0,Zone 4,61.6,Zone 5,58.0,Zone 5,64.1,Zone 5
Madhya Pradesh,Vidisha,Kurwai,29.8,2026-06-01,00:00:00,38.0,2026-05-31,00:00:00,2026-06-01 00:20:28,29.75,Zone 4,43.2,Zone 4,30.0,Zone 4,38.7,Zone 4,34.7,Zone 4,42.9,Zone 4,39.0,Zone 4,53.3,Zone 5,43.2,Zone 4,60.5,Zone 5
Madhya Pradesh,Vidisha,Lateri,,,,41.0,2026-05-31,00:00:00,2026-06-01 00:20:28,,,,,,,,,,,,,,,,,,,,
Madhya Pradesh,Vidisha,Vidisha,29.0,2026-06-01,00:00:00,43.0,2026-05-31,00:00:00,2026-06-01 00:20:28,29.25,Zone 4,42.8,Zone 4,29.3,Zone 4,38.2,Zone 4,34.1,Zone 4,42.5,Zone 4,38.6,Zone 4,53.9,Zone 5,42.8,Zone 4,60.6,Zone 5
Maharashtra,Beed,Beed Pto,27.4,2026-06-01,00:15:00,65.0,2026-05-31,00:15:00,2026-06-01 00:20:28,29.05000000000001,Zone 4,54.5,Zone 5,29.2,Zone 4,39.6,Zone 4,34.9,Zone 4,52.9,Zone 5,40.2,Zone 4,60.8,Zone 5,54.5,Zone 5,63.4,Zone 5
Maharashtra,Buldhana,Lonar,30.1,2026-05-31,23:45:00,34.0,2026-05-31,23:45:00,2026-06-01 00:20:28,29.75,Zone 4,42.3,Zone 4,29.7,Zone 4,38.1,Zone 4,34.2,Zone 4,42.1,Zone 4,38.4,Zone 4,49.1,Zone 5,42.3,Zone 4,59.6,Zone 5
Maharashtra,Chandrapur,Chandrapur Aws400,27.5,2026-06-01,00:15:00,65.0,2026-05-31,00:15:00,2026-06-01 00:20:28,29.150000000000034,Zone 4,54.5,Zone 5,29.2,Zone 4,39.6,Zone 4,34.9,Zone 4,52.9,Zone 5,40.2,Zone 4,60.8,Zone 5,54.5,Zone 5,63.4,Zone 5
Maharashtra,Dhule,Dhule,31.8,2026-06-01,00:00:00,60.0,2026-05-31,00:00:00,2026-06-01 00:20:28,36.25,Zone 4,63.2,Zone 5,36.7,Zone 4,59.1,Zone 5,43.0,Zone 4,62.8,Zone 5,59.7,Zone 5,65.4,Zone 5,63.2,Zone 5,67.3,Zone 5
Maharashtra,Gondia,Tiroda,,,,71.0,2026-05-31,00:00:00,2026-06-01 00:20:28,,,,,,,,,,,,,,,,,,,,
Maharashtra,Hingoli,Hingoli,30.8,2026-06-01,00:00:00,,,,2026-06-01 00:20:28,,,,,,,,,,,,,,,,,,,,
Maharashtra,Hingoli,Tondapur Aws400,29.0,2026-06-01,00:15:00,43.0,2026-05-31,00:15:00,2026-06-01 00:20:28,29.25,Zone 4,42.8,Zone 4,29.3,Zone 4,38.2,Zone 4,34.1,Zone 4,42.5,Zone 4,38.6,Zone 4,53.9,Zone 5,42.8,Zone 4,60.6,Zone 5
Maharashtra,Kolhapur,Kolhapur Amfu,26.3,2026-06-01,00:00:00,100.0,2026-05-31,00:00:00,2026-06-01 00:20:28,30.850000000000023,Zone 4,64.1,Zone 5,31.3,Zone 4,60.2,Zone 5,47.0,Zone 5,63.7,Zone 5,60.8,Zone 5,66.2,Zone 5,64.1,Zone 5,68.0,Zone 5
Maharashtra,Kolhapur,Radhanagri Ars,26.4,2026-06-01,00:15:00,94.0,2026-05-31,00:15:00,2026-06-01 00:20:28,30.25,Zone 4,62.8,Zone 5,30.5,Zone 4,57.9,Zone 5,39.9,Zone 5,62.4,Zone 5,59.3,Zone 5,65.1,Zone 5,62.8,Zone 5,67.1,Zone 5
Maharashtra,Latur,Udgir Aws400,28.8,2026-06-01,00:15:00,42.0,2026-05-31,00:15:00,2026-06-01 00:20:28,28.950000000000045,Zone 4,42.6,Zone 4,29.2,Zone 4,38.1,Zone 4,33.9,Zone 4,42.3,Zone 4,38.4,Zone 4,53.0,Zone 5,42.6,Zone 4,60.4,Zone 5
Maharashtra,Mumbai Suburban,Bandra,30.5,2026-06-01,00:00:00,,,,2026-06-01 00:20:28,,,,,,,,,,,,,,,,,,,,
Maharashtra,Mumbai Suburban,Dahisar,30.3,2026-06-01,00:00:00,,,,2026-06-01 00:20:28,,,,,,,,,,,,,,,,,,,,
Maharashtra,Mumbai Suburban,Ram Mandir,29.8,2026-05-31,23:30:00,,,,2026-06-01 00:20:28,,,,,,,,,,,,,,,,,,,,
Maharashtra,Mumbai Suburban,Tata Power Chembur,29.6,2026-06-01,00:00:00,100.0,2026-05-31,00:00:00,2026-06-01 00:20:28,58.25,Zone 5,69.3,Zone 5,56.9,Zone 5,66.6,Zone 5,63.8,Zone 5,69.0,Zone 5,67.1,Zone 5,70.7,Zone 5,69.3,Zone 5,72.6,Zone 6
Maharashtra,Mumbai Suburban,Vidyavihar,30.2,2026-06-01,00:00:00,80.0,2026-05-31,00:00:00,2026-06-01 00:20:28,37.35000000000002,Zone 4,65.4,Zone 5,36.8,Zone 4,61.8,Zone 5,55.1,Zone 5,65.0,Zone 5,62.4,Zone 5,67.3,Zone 5,65.4,Zone 5,69.0,Zone 5
Maharashtra,Mumbai Suburban,Vikhroli,30.7,2026-06-01,00:00:00,74.0,2026-05-31,00:00:00,2026-06-01 00:20:28,37.150000000000034,Zone 4,64.7,Zone 5,36.6,Zone 4,61.0,Zone 5,50.8,Zone 5,64.3,Zone 5,61.5,Zone 5,66.7,Zone 5,64.7,Zone 5,68.5,Zone 5
Maharashtra,Mumbai City,Byculla Mumbai,30.9,2026-06-01,00:00:00,,,,2026-06-01 00:20:28,,,,,,,,,,,,,,,,,,,,
Maharashtra,Mumbai City,Mahalaxmi,30.8,2026-06-01,00:00:00,,,,2026-06-01 00:20:28,,,,,,,,,,,,,,,,,,,,
Maharashtra,Mumbai City,Mumbai Santa Cruz,30.1,2026-06-01,00:00:00,100.0,2026-05-31,00:00:00,2026-06-01 00:20:28,60.55000000000001,Zone 5,70.2,Zone 5,60.2,Zone 5,67.7,Zone 5,65.2,Zone 5,69.9,Zone 5,68.2,Zone 5,71.4,Zone 5,70.2,Zone 5,74.3,Zone 6
Maharashtra,Nagpur,Nagpur,27.7,2026-06-01,00:00:00,73.0,2026-05-31,00:00:00,2026-06-01 00:20:28,30.350000000000023,Zone 4,59.7,Zone 5,30.0,Zone 4,43.2,Zone 5,36.1,Zone 4,59.3,Zone 5,45.4,Zone 5,62.4,Zone 5,59.7,Zone 5,64.8,Zone 5
Maharashtra,Nagpur,Nagpur Kvk,27.4,2026-06-01,00:00:00,74.0,2026-05-31,00:00:00,2026-06-01 00:20:28,29.950000000000045,Zone 4,60.0,Zone 5,30.1,Zone 4,44.3,Zone 5,36.3,Zone 4,59.6,Zone 5,46.6,Zone 5,62.6,Zone 5,60.0,Zone 5,65.0,Zone 5
Maharashtra,Nagpur,Ramtek Aws400,28.8,2026-06-01,00:15:00,57.0,2026-05-31,00:15:00,2026-06-01 00:20:28,30.350000000000023,Zone 4,55.0,Zone 5,30.7,Zone 4,40.8,Zone 4,36.2,Zone 4,53.5,Zone 5,41.3,Zone 4,60.9,Zone 5,55.0,Zone 5,63.5,Zone 5
Maharashtra,Nanded,Nanded,29.0,2026-05-31,23:45:00,73.0,2026-05-31,23:45:00,2026-06-01 00:20:28,32.85000000000002,Zone 4,62.1,Zone 5,32.9,Zone 4,54.5,Zone 5,39.4,Zone 4,61.7,Zone 5,56.7,Zone 5,64.4,Zone 5,62.1,Zone 5,66.5,Zone 5
Maharashtra,Nanded,Sagroli Kvk,30.6,2026-06-01,00:15:00,38.0,2026-05-31,00:15:00,2026-06-01 00:20:28,30.75,Zone 4,43.9,Zone 4,30.7,Zone 4,39.4,Zone 4,35.3,Zone 4,43.6,Zone 4,39.7,Zone 4,55.4,Zone 5,43.9,Zone 4,60.9,Zone 5
Maharashtra,Nandurbar,Shahada Aws400,29.9,2026-06-01,00:15:00,69.0,2026-05-31,00:15:00,2026-06-01 00:20:28,34.05000000000001,Zone 4,62.6,Zone 5,34.3,Zone 4,57.0,Zone 5,40.8,Zone 4,62.2,Zone 5,59.0,Zone 5,64.9,Zone 5,62.6,Zone 5,66.9,Zone 5
Maharashtra,Nashik,Kalwan,27.1,2026-05-31,23:45:00,35.0,2026-05-31,23:45:00,2026-06-01 00:20:28,26.55000000000001,Zone 4,38.9,Zone 4,26.4,Zone 4,34.8,Zone 4,30.9,Zone 4,38.7,Zone 4,35.0,Zone 4,42.4,Zone 4,38.9,Zone 4,51.9,Zone 5
Maharashtra,Nashik,Malegaon,28.2,2026-06-01,00:00:00,73.0,2026-05-31,00:00:00,2026-06-01 00:20:28,31.25,Zone 4,60.5,Zone 5,30.9,Zone 4,46.9,Zone 5,37.2,Zone 4,60.1,Zone 5,49.2,Zone 5,63.1,Zone 5,60.5,Zone 5,65.4,Zone 5
Maharashtra,Nashik,Vilholi,25.6,2026-06-01,00:15:00,87.0,2026-05-31,00:15:00,2026-06-01 00:20:28,27.950000000000045,Zone 4,59.7,Zone 5,27.8,Zone 4,43.0,Zone 5,34.3,Zone 4,59.3,Zone 5,45.2,Zone 5,62.4,Zone 5,59.7,Zone 5,64.8,Zone 5
Maharashtra,Palghar,Palghar Aws400,29.7,2026-06-01,00:15:00,95.0,2026-05-31,00:15:00,2026-06-01 00:20:28,50.75,Zone 5,68.2,Zone 5,47.9,Zone 5,65.2,Zone 5,62.1,Zone 5,67.8,Zone 5,65.7,Zone 5,69.7,Zone 5,68.2,Zone 5,71.1,Zone 5
Maharashtra,Pune, Nimgiri Junnar,25.0,2026-06-01,00:00:00,,,,2026-06-01 00:20:28,,,,,,,,,,,,,,,,,,,,
Maharashtra,Pune,Blindschool Kp Pune,28.0,2026-06-01,00:00:00,74.0,2026-05-31,00:00:00,2026-06-01 00:20:28,31.05000000000001,Zone 4,60.7,Zone 5,31.0,Zone 4,48.1,Zone 5,37.4,Zone 4,60.3,Zone 5,50.4,Zone 5,63.3,Zone 5,60.7,Zone 5,65.5,Zone 5
Maharashtra,Pune,Cagmo Shivajinagar,27.5,2026-06-01,00:00:00,70.0,2026-05-31,00:00:00,2026-06-01 00:20:28,29.650000000000034,Zone 4,59.0,Zone 5,29.7,Zone 4,40.6,Zone 4,35.6,Zone 4,57.6,Zone 5,42.1,Zone 5,61.8,Zone 5,59.0,Zone 5,64.3,Zone 5
Maharashtra,Pune,Chinchwad Pune,26.8,2026-06-01,00:00:00,73.0,2026-05-31,00:00:00,2026-06-01 00:20:28,28.850000000000023,Zone 4,58.8,Zone 5,29.1,Zone 4,40.2,Zone 4,35.2,Zone 4,57.4,Zone 5,41.9,Zone 5,61.8,Zone 5,58.8,Zone 5,64.2,Zone 5
Maharashtra,Pune,Christ University Lavasa,24.6,2026-06-01,00:00:00,100.0,2026-05-31,00:00:00,2026-06-01 00:20:28,27.25,Zone 4,60.7,Zone 5,27.0,Zone 4,47.6,Zone 5,34.0,Zone 4,60.2,Zone 5,50.0,Zone 5,63.2,Zone 5,60.7,Zone 5,65.5,Zone 5
Maharashtra,Pune,Cme Dapodi,27.3,2026-06-01,00:00:00,78.0,2026-05-31,00:00:00,2026-06-01 00:20:28,30.150000000000034,Zone 4,60.9,Zone 5,30.6,Zone 4,48.8,Zone 5,37.1,Zone 4,60.5,Zone 5,51.2,Zone 5,63.4,Zone 5,60.9,Zone 5,65.7,Zone 5
Maharashtra,Pune,Dps Hadapsar Pune,27.8,2026-06-01,00:00:00,75.0,2026-05-31,00:00:00,2026-06-01 00:20:28,30.75,Zone 4,61.0,Zone 5,31.2,Zone 4,49.2,Zone 5,37.6,Zone 4,60.6,Zone 5,51.6,Zone 5,63.5,Zone 5,61.0,Zone 5,65.7,Zone 5
Maharashtra,Pune,Girivan,25.1,2026-06-01,00:00:00,81.0,2026-05-31,00:00:00,2026-06-01 00:20:28,26.75,Zone 4,53.7,Zone 5,26.6,Zone 4,37.7,Zone 4,32.6,Zone 4,52.2,Zone 5,38.2,Zone 4,60.6,Zone 5,53.7,Zone 5,63.2,Zone 5
Maharashtra,Pune,Khadakwadi Ambegaon,26.4,2026-06-01,00:00:00,70.0,2026-05-31,00:00:00,2026-06-01 00:20:28,27.950000000000045,Zone 4,53.2,Zone 5,28.1,Zone 4,38.7,Zone 4,33.9,Zone 4,51.7,Zone 5,39.2,Zone 4,60.5,Zone 5,53.2,Zone 5,63.1,Zone 5
Maharashtra,Pune,Khutbav Daund,27.1,2026-06-01,00:00:00,68.0,2026-05-31,00:00:00,2026-06-01 00:20:28,28.850000000000023,Zone 4,54.4,Zone 5,28.7,Zone 4,39.3,Zone 4,34.4,Zone 4,52.8,Zone 5,39.8,Zone 4,60.8,Zone 5,54.4,Zone 5,63.3,Zone 5
Maharashtra,Pune,Lavale,23.6,2026-06-01,00:00:00,88.0,2026-05-31,00:00:00,2026-06-01 00:20:28,24.950000000000045,Zone 3,49.9,Zone 5,24.9,Zone 3,35.9,Zone 4,30.8,Zone 4,48.3,Zone 5,36.4,Zone 4,59.8,Zone 5,49.9,Zone 5,62.5,Zone 5
Maharashtra,Pune,Lonikalbhor Haveli,25.7,2026-06-01,00:00:00,70.0,2026-05-31,00:00:00,2026-06-01 00:20:28,26.950000000000045,Zone 4,47.1,Zone 5,26.6,Zone 4,37.0,Zone 4,32.2,Zone 4,45.6,Zone 5,37.4,Zone 4,59.3,Zone 5,47.1,Zone 5,62.0,Zone 5
Maharashtra,Pune,Malin Ambegaon,25.0,2026-06-01,00:00:00,88.0,2026-05-31,00:00:00,2026-06-01 00:20:28,27.05000000000001,Zone 4,59.1,Zone 5,27.0,Zone 4,40.4,Zone 5,33.5,Zone 4,57.8,Zone 5,42.4,Zone 5,61.9,Zone 5,59.1,Zone 5,64.3,Zone 5
Maharashtra,Pune,Mti Pashan Pune,25.1,2026-06-01,00:00:00,84.0,2026-05-31,00:00:00,2026-06-01 00:20:28,26.950000000000045,Zone 4,56.2,Zone 5,26.8,Zone 4,38.1,Zone 4,33.0,Zone 4,54.7,Zone 5,38.9,Zone 5,61.2,Zone 5,56.2,Zone 5,63.7,Zone 5
Maharashtra,Pune,Narayangoan Krishi Kendra,25.1,2026-06-01,00:00:00,96.0,2026-05-31,00:00:00,2026-06-01 00:20:28,27.850000000000023,Zone 4,60.7,Zone 5,27.6,Zone 4,47.9,Zone 5,34.6,Zone 4,60.3,Zone 5,50.3,Zone 5,63.3,Zone 5,60.7,Zone 5,65.5,Zone 5
Maharashtra,Pune,Nda Pune,25.7,2026-06-01,00:00:00,73.0,2026-05-31,00:00:00,2026-06-01 00:20:28,27.05000000000001,Zone 4,49.8,Zone 5,26.8,Zone 4,37.4,Zone 4,32.6,Zone 4,48.3,Zone 5,37.9,Zone 4,59.8,Zone 5,49.8,Zone 5,62.5,Zone 5
Maharashtra,Pune,Niasm Baramati,25.9,2026-06-01,00:00:00,60.0,2026-05-31,00:00:00,2026-06-01 00:20:28,26.55000000000001,Zone 4,41.4,Zone 4,26.7,Zone 4,36.4,Zone 4,31.9,Zone 4,41.0,Zone 4,36.8,Zone 4,55.0,Zone 5,41.4,Zone 4,60.9,Zone 5
Maharashtra,Pune,Pabal Shirur,23.5,2026-06-01,00:00:00,86.0,2026-05-31,00:00:00,2026-06-01 00:20:28,24.850000000000023,Zone 3,48.2,Zone 5,24.8,Zone 3,35.6,Zone 4,30.6,Zone 4,46.7,Zone 5,36.1,Zone 4,59.5,Zone 5,48.2,Zone 5,62.2,Zone 5
Maharashtra,Pune,Pashan Aws Lab,26.1,2026-06-01,00:00:00,100.0,2026-05-31,00:00:00,2026-06-01 00:20:28,30.350000000000023,Zone 4,63.2,Zone 5,30.1,Zone 4,59.2,Zone 5,42.0,Zone 5,62.8,Zone 5,59.8,Zone 5,65.4,Zone 5,63.2,Zone 5,67.4,Zone 5
Maharashtra,Pune,Pashan Aws Lab Amfu,,,,65.0,2026-05-31,23:30:00,2026-06-01 00:20:28,,,,,,,,,,,,,,,,,,,,
Maharashtra,Pune,Rajgurunagar,26.8,2026-06-01,00:00:00,76.0,2026-05-31,00:00:00,2026-06-01 00:20:28,29.05000000000001,Zone 4,59.6,Zone 5,29.4,Zone 4,42.9,Zone 5,35.7,Zone 4,59.2,Zone 5,45.1,Zone 5,62.4,Zone 5,59.6,Zone 5,64.7,Zone 5
Maharashtra,Pune,Rjspmcop Dudulgaon,27.3,2026-06-01,00:00:00,90.0,2026-05-31,00:00:00,2026-06-01 00:20:28,31.75,Zone 4,63.6,Zone 5,32.3,Zone 4,59.7,Zone 5,44.3,Zone 5,63.2,Zone 5,60.2,Zone 5,65.8,Zone 5,63.6,Zone 5,67.7,Zone 5
Maharashtra,Pune,Talegaon,25.4,2026-06-01,00:00:00,,,,2026-06-01 00:20:28,,,,,,,,,,,,,,,,,,,,
Maharashtra,Pune,Wadgaonsheri Pune,27.2,2026-06-01,00:00:00,63.0,2026-05-31,00:00:00,2026-06-01 00:20:28,28.55000000000001,Zone 4,49.5,Zone 5,28.3,Zone 4,38.4,Zone 4,33.8,Zone 4,48.0,Zone 5,38.9,Zone 4,59.8,Zone 5,49.5,Zone 5,62.4,Zone 5
Maharashtra,Raigad,Iighq Newpanvel,30.6,2026-06-01,00:00:00,100.0,2026-05-31,00:00:00,2026-06-01 00:20:28,62.35000000000002,Zone 5,71.1,Zone 5,62.0,Zone 5,68.8,Zone 5,66.5,Zone 5,70.8,Zone 5,69.3,Zone 5,73.1,Zone 6,71.1,Zone 5,76.0,Zone 6
Maharashtra,Raigad,Karjat,29.9,2026-06-01,00:00:00,71.0,2026-05-31,00:00:00,2026-06-01 00:20:28,34.450000000000045,Zone 4,63.1,Zone 5,34.7,Zone 4,59.1,Zone 5,41.5,Zone 5,62.7,Zone 5,59.6,Zone 5,65.3,Zone 5,63.1,Zone 5,67.3,Zone 5
Maharashtra,Raigad,Matheran,23.9,2026-06-01,00:15:00,100.0,2026-05-31,00:15:00,2026-06-01 00:20:28,25.950000000000045,Zone 4,59.8,Zone 5,26.1,Zone 4,43.6,Zone 5,32.9,Zone 4,59.4,Zone 5,45.9,Zone 5,62.5,Zone 5,59.8,Zone 5,64.8,Zone 5
Maharashtra,Ratnagiri,Dapoli,27.3,2026-06-01,00:00:00,98.0,2026-05-31,00:00:00,2026-06-01 00:20:28,33.150000000000034,Zone 4,65.4,Zone 5,33.7,Zone 4,61.8,Zone 5,54.9,Zone 5,65.0,Zone 5,62.4,Zone 5,67.3,Zone 5,65.4,Zone 5,69.0,Zone 5
Maharashtra,Ratnagiri,Ratnagiri Aws400,29.6,2026-06-01,00:15:00,88.0,2026-05-31,00:15:00,2026-06-01 00:20:28,37.85000000000002,Zone 4,66.5,Zone 5,37.5,Zone 4,63.2,Zone 5,59.6,Zone 5,66.2,Zone 5,63.7,Zone 5,68.3,Zone 5,66.5,Zone 5,69.8,Zone 5
Maharashtra,Ratnagiri,Savarde(Golwane),28.1,2026-06-01,00:00:00,,,,2026-06-01 00:20:28,,,,,,,,,,,,,,,,,,,,
Maharashtra,Sangli,Sangli Kvk,26.4,2026-05-31,23:30:00,93.0,2026-05-31,23:30:00,2026-06-01 00:20:28,30.150000000000034,Zone 4,62.6,Zone 5,30.4,Zone 4,57.0,Zone 5,38.8,Zone 5,62.2,Zone 5,59.0,Zone 5,64.9,Zone 5,62.6,Zone 5,66.9,Zone 5
Maharashtra,Satara,Mahabaleshwar,20.0,2026-06-01,00:00:00,100.0,2026-05-31,00:00:00,2026-06-01 00:20:28,21.450000000000045,Zone 3,36.9,Zone 5,21.5,Zone 3,31.3,Zone 4,26.3,Zone 4,36.3,Zone 4,31.7,Zone 4,50.8,Zone 5,36.9,Zone 5,60.0,Zone 5
Maharashtra,Sindhudurg,Devgad,30.3,2026-06-01,00:00:00,82.0,2026-05-31,00:00:00,2026-06-01 00:20:28,38.25,Zone 4,66.8,Zone 5,38.9,Zone 4,63.5,Zone 5,59.9,Zone 5,66.4,Zone 5,64.0,Zone 5,68.5,Zone 5,66.8,Zone 5,70.0,Zone 5
Maharashtra,Sindhudurg,Mulde Amfu,28.1,2026-06-01,00:00:00,100.0,2026-05-31,00:00:00,2026-06-01 00:20:28,38.25,Zone 5,66.7,Zone 5,37.1,Zone 5,63.4,Zone 5,59.8,Zone 5,66.3,Zone 5,63.9,Zone 5,68.4,Zone 5,66.7,Zone 5,70.0,Zone 5
Maharashtra,Sindhudurg,Vengurla,28.0,2026-06-01,00:00:00,90.0,2026-05-31,00:00:00,2026-06-01 00:20:28,33.55000000000001,Zone 4,64.5,Zone 5,33.5,Zone 4,60.7,Zone 5,49.4,Zone 5,64.1,Zone 5,61.3,Zone 5,66.5,Zone 5,64.5,Zone 5,68.3,Zone 5
Maharashtra,Solapur,Mohol Kvk,28.6,2026-06-01,00:15:00,45.0,2026-05-31,00:15:00,2026-06-01 00:20:28,28.950000000000045,Zone 4,42.5,Zone 4,28.8,Zone 4,37.9,Zone 4,33.7,Zone 4,42.2,Zone 4,38.2,Zone 4,53.6,Zone 5,42.5,Zone 4,60.5,Zone 5
Maharashtra,Solapur,Sangola Mahavidyalaya,29.0,2026-06-01,00:15:00,51.0,2026-05-31,00:15:00,2026-06-01 00:20:28,30.05000000000001,Zone 4,48.4,Zone 5,30.0,Zone 4,39.6,Zone 4,35.2,Zone 4,47.0,Zone 5,40.0,Zone 4,59.5,Zone 5,48.4,Zone 5,62.3,Zone 5
Maharashtra,Solapur,Solapur,30.0,2026-06-01,00:00:00,48.0,2026-05-31,00:00:00,2026-06-01 00:20:28,31.150000000000034,Zone 4,50.6,Zone 5,31.1,Zone 4,40.6,Zone 4,36.2,Zone 4,49.1,Zone 5,41.0,Zone 4,60.0,Zone 5,50.6,Zone 5,62.7,Zone 5
Maharashtra,Thane,Bhayander,29.8,2026-06-01,00:00:00,,,,2026-06-01 00:20:28,,,,,,,,,,,,,,,,,,,,
Maharashtra,Wardha,Wardha,31.4,2026-06-01,00:00:00,46.0,2026-05-31,00:00:00,2026-06-01 00:20:28,32.950000000000045,Zone 4,56.3,Zone 5,33.1,Zone 4,42.6,Zone 4,38.2,Zone 4,54.9,Zone 5,43.1,Zone 4,61.2,Zone 5,56.3,Zone 5,63.7,Zone 5
Maharashtra,Yavatmal,Pushad Aws400,29.7,2026-06-01,00:15:00,39.0,2026-05-31,00:15:00,2026-06-01 00:20:28,29.75,Zone 4,42.7,Zone 4,29.5,Zone 4,38.3,Zone 4,34.2,Zone 4,42.4,Zone 4,38.6,Zone 4,52.2,Zone 5,42.7,Zone 4,60.2,Zone 5
Manipur,Chandel,Chandel Kvk,20.6,2026-06-01,00:15:00,100.0,2026-05-31,00:15:00,2026-06-01 00:20:28,22.150000000000034,Zone 3,39.6,Zone 5,22.0,Zone 3,32.0,Zone 4,27.0,Zone 4,38.4,Zone 5,32.4,Zone 4,53.6,Zone 5,39.6,Zone 5,60.6,Zone 5
Manipur,Imphal East,Jiribam,26.0,2026-06-01,00:00:00,99.0,2026-05-31,00:00:00,2026-06-01 00:20:28,29.950000000000045,Zone 4,63.0,Zone 5,30.0,Zone 4,58.7,Zone 5,40.9,Zone 5,62.6,Zone 5,59.5,Zone 5,65.2,Zone 5,63.0,Zone 5,67.2,Zone 5
Manipur,Imphal East,Porompat,22.1,2026-06-01,00:00:00,99.0,2026-05-31,00:00:00,2026-06-01 00:20:28,23.75,Zone 3,48.4,Zone 5,23.7,Zone 3,34.4,Zone 4,29.2,Zone 4,46.8,Zone 5,34.9,Zone 4,59.5,Zone 5,48.4,Zone 5,62.2,Zone 5
Manipur,Kamjong,Kamjong,,,,100.0,2026-05-31,00:15:00,2026-06-01 00:20:28,,,,,,,,,,,,,,,,,,,,
Manipur,Kangpokpi,Saikul,,,,100.0,2026-05-31,00:15:00,2026-06-01 00:20:28,,,,,,,,,,,,,,,,,,,,
Manipur,Kangpokpi,Tujangvaichong,21.4,2026-05-31,23:30:00,100.0,2026-05-31,23:30:00,2026-06-01 00:20:28,23.05000000000001,Zone 3,45.7,Zone 5,23.2,Zone 3,33.6,Zone 4,28.5,Zone 4,44.3,Zone 5,34.1,Zone 4,58.9,Zone 5,45.7,Zone 5,61.8,Zone 5
Manipur,Noney,Khoupum,23.1,2026-06-01,00:15:00,100.0,2026-05-31,00:15:00,2026-06-01 00:20:28,24.850000000000023,Zone 3,55.8,Zone 5,24.8,Zone 3,36.7,Zone 5,31.0,Zone 4,54.3,Zone 5,38.5,Zone 5,61.1,Zone 5,55.8,Zone 5,63.6,Zone 5
Meghalaya,East Garo Hills,Williamnagar,26.1,2026-06-01,00:00:00,62.0,2026-05-31,00:00:00,2026-06-01 00:20:28,26.950000000000045,Zone 4,42.7,Zone 5,26.8,Zone 4,36.7,Zone 4,32.1,Zone 4,41.4,Zone 5,37.1,Zone 4,56.5,Zone 5,42.7,Zone 5,61.2,Zone 5
Meghalaya,East Khasi Hills,Laban,19.3,2026-06-01,00:00:00,93.0,2026-05-31,00:00:00,2026-06-01 00:20:28,20.350000000000023,Zone 3,35.2,Zone 4,20.6,Zone 3,30.2,Zone 4,25.4,Zone 4,35.0,Zone 4,30.5,Zone 4,44.1,Zone 5,35.2,Zone 4,57.2,Zone 5
Meghalaya,East Khasi Hills,Mawryngkneng,21.1,2026-06-01,00:00:00,,,,2026-06-01 00:20:28,,,,,,,,,,,,,,,,,,,,
Meghalaya,East Khasi Hills,Mawsynram,20.3,2026-06-01,00:00:00,95.0,2026-05-31,00:00:00,2026-06-01 00:20:28,21.650000000000034,Zone 3,37.0,Zone 4,21.8,Zone 3,31.7,Zone 4,26.8,Zone 4,36.7,Zone 4,32.0,Zone 4,50.7,Zone 5,37.0,Zone 4,59.9,Zone 5
Meghalaya,East Khasi Hills,Nehu,19.3,2026-06-01,00:00:00,100.0,2026-05-31,00:00:00,2026-06-01 00:20:28,20.650000000000034,Zone 3,35.9,Zone 4,20.9,Zone 3,30.6,Zone 4,25.7,Zone 4,35.5,Zone 4,30.9,Zone 4,48.0,Zone 5,35.9,Zone 4,59.4,Zone 5
Meghalaya,East Khasi Hills,Shillong,18.4,2026-06-01,00:00:00,96.0,2026-05-31,00:00:00,2026-06-01 00:20:28,19.350000000000023,Zone 3,34.0,Zone 4,19.5,Zone 3,29.0,Zone 4,24.7,Zone 3,33.8,Zone 4,29.3,Zone 4,40.7,Zone 5,34.0,Zone 4,54.1,Zone 5
Meghalaya,East Khasi Hills,Sohra(Cherrapunjee),22.1,2026-06-01,00:00:00,99.0,2026-05-31,00:00:00,2026-06-01 00:20:28,23.75,Zone 3,48.4,Zone 5,23.7,Zone 3,34.4,Zone 4,29.2,Zone 4,46.8,Zone 5,34.9,Zone 4,59.5,Zone 5,48.4,Zone 5,62.2,Zone 5
Meghalaya,Jaintia Hills,Jowai,24.9,2026-06-01,00:00:00,,,,2026-06-01 00:20:28,,,,,,,,,,,,,,,,,,,,
Meghalaya,North Garo Hills,Resubelpara,26.6,2026-06-01,00:15:00,99.0,2026-05-31,00:15:00,2026-06-01 00:20:28,31.450000000000045,Zone 4,63.9,Zone 5,31.2,Zone 4,60.0,Zone 5,45.8,Zone 5,63.5,Zone 5,60.5,Zone 5,66.0,Zone 5,63.9,Zone 5,67.9,Zone 5
Meghalaya,Ri Bhoi,Byrnihat,25.8,2026-06-01,00:00:00,100.0,2026-05-31,00:00:00,2026-06-01 00:20:28,29.650000000000034,Zone 4,63.2,Zone 5,30.1,Zone 4,59.2,Zone 5,42.0,Zone 5,62.8,Zone 5,59.8,Zone 5,65.4,Zone 5,63.2,Zone 5,67.4,Zone 5
Meghalaya,Ri Bhoi,Umtrewdam,28.6,2026-06-01,00:00:00,,,,2026-06-01 00:20:28,,,,,,,,,,,,,,,,,,,,
Meghalaya,South Garo Hills,Baghmara,26.3,2026-06-01,00:00:00,99.0,2026-05-31,00:00:00,2026-06-01 00:20:28,30.650000000000034,Zone 4,63.9,Zone 5,31.2,Zone 4,60.0,Zone 5,45.8,Zone 5,63.5,Zone 5,60.5,Zone 5,66.0,Zone 5,63.9,Zone 5,67.9,Zone 5
Meghalaya,South West Garo Hills,Ampati,25.6,2026-06-01,00:15:00,,,,2026-06-01 00:20:28,,,,,,,,,,,,,,,,,,,,
Meghalaya,South West Khasi Hills,Mawkyrwat,18.4,2026-06-01,00:15:00,100.0,2026-05-31,00:15:00,2026-06-01 00:20:28,19.55000000000001,Zone 3,34.3,Zone 4,19.7,Zone 3,29.2,Zone 4,24.8,Zone 3,34.0,Zone 4,29.5,Zone 4,42.6,Zone 5,34.3,Zone 4,56.0,Zone 5
Meghalaya,West Garo Hills,Tura,26.6,2026-06-01,00:00:00,80.0,2026-05-31,00:00:00,2026-06-01 00:20:28,29.150000000000034,Zone 4,59.8,Zone 5,28.9,Zone 4,43.4,Zone 5,35.3,Zone 4,59.4,Zone 5,45.7,Zone 5,62.5,Zone 5,59.8,Zone 5,64.8,Zone 5
Meghalaya,West Khasi Hills,Nongstoin,19.6,2026-06-01,00:00:00,100.0,2026-05-31,00:00:00,2026-06-01 00:20:28,21.05000000000001,Zone 3,35.9,Zone 4,20.9,Zone 3,30.6,Zone 4,25.7,Zone 4,35.5,Zone 4,30.9,Zone 4,48.0,Zone 5,35.9,Zone 4,59.4,Zone 5
Mizoram,Aizawl,Lengpui,25.4,2026-06-01,00:15:00,100.0,2026-05-31,00:15:00,2026-06-01 00:20:28,28.75,Zone 4,62.4,Zone 5,29.0,Zone 4,55.9,Zone 5,37.6,Zone 5,62.0,Zone 5,58.0,Zone 5,64.7,Zone 5,62.4,Zone 5,66.7,Zone 5
Mizoram,Aizawl,Mizoram University,23.1,2026-06-01,00:00:00,99.0,2026-05-31,00:00:00,2026-06-01 00:20:28,24.850000000000023,Zone 3,55.1,Zone 5,24.7,Zone 3,36.3,Zone 4,30.9,Zone 4,53.5,Zone 5,37.7,Zone 5,60.9,Zone 5,55.1,Zone 5,63.5,Zone 5
Mizoram,Champhai,Champhai Aws,18.6,2026-06-01,00:15:00,100.0,2026-05-31,00:15:00,2026-06-01 00:20:28,19.850000000000023,Zone 3,34.3,Zone 4,19.7,Zone 3,29.2,Zone 4,24.8,Zone 3,34.0,Zone 4,29.5,Zone 4,42.6,Zone 5,34.3,Zone 4,56.0,Zone 5
Mizoram,Khawzawl,Khawzawl,20.1,2026-06-01,00:15:00,100.0,2026-05-31,00:15:00,2026-06-01 00:20:28,21.55000000000001,Zone 3,36.9,Zone 5,21.5,Zone 3,31.3,Zone 4,26.3,Zone 4,36.3,Zone 4,31.7,Zone 4,50.8,Zone 5,36.9,Zone 5,60.0,Zone 5
Mizoram,Kolasib,Kolasib,24.7,2026-06-01,00:15:00,100.0,2026-05-31,00:15:00,2026-06-01 00:20:28,27.350000000000023,Zone 4,60.7,Zone 5,27.0,Zone 4,47.6,Zone 5,34.0,Zone 4,60.2,Zone 5,50.0,Zone 5,63.2,Zone 5,60.7,Zone 5,65.5,Zone 5
Mizoram,Lawngtlai,Chawnhu,21.0,2026-06-01,00:15:00,100.0,2026-05-31,00:15:00,2026-06-01 00:20:28,22.650000000000034,Zone 3,42.5,Zone 5,22.6,Zone 3,32.8,Zone 4,27.7,Zone 4,41.2,Zone 5,33.3,Zone 4,56.3,Zone 5,42.5,Zone 5,61.2,Zone 5
Mizoram,Mamit,Lengpui Kvk,23.9,2026-06-01,00:15:00,100.0,2026-05-31,00:15:00,2026-06-01 00:20:28,25.950000000000045,Zone 4,59.8,Zone 5,26.1,Zone 4,43.6,Zone 5,32.9,Zone 4,59.4,Zone 5,45.9,Zone 5,62.5,Zone 5,59.8,Zone 5,64.8,Zone 5
Mizoram,Saiha,Saiha,20.5,2026-06-01,00:15:00,96.0,2026-05-31,00:15:00,2026-06-01 00:20:28,21.850000000000023,Zone 3,37.3,Zone 5,21.9,Zone 3,31.7,Zone 4,26.8,Zone 4,36.8,Zone 4,32.1,Zone 4,51.3,Zone 5,37.3,Zone 5,60.0,Zone 5
Mizoram,Serchhip,Serchhip,22.1,2026-06-01,00:15:00,100.0,2026-05-31,00:15:00,2026-06-01 00:20:28,23.850000000000023,Zone 3,49.1,Zone 5,23.7,Zone 3,34.5,Zone 4,29.3,Zone 4,47.5,Zone 5,35.0,Zone 4,59.7,Zone 5,49.1,Zone 5,62.4,Zone 5
Nagaland,Kiphire,Kiphire Aws400,20.6,2026-06-01,00:15:00,100.0,2026-05-31,00:15:00,2026-06-01 00:20:28,22.150000000000034,Zone 3,39.6,Zone 5,22.0,Zone 3,32.0,Zone 4,27.0,Zone 4,38.4,Zone 5,32.4,Zone 4,53.6,Zone 5,39.6,Zone 5,60.6,Zone 5
Nagaland,Longleng,Sakshi,22.2,2026-06-01,00:15:00,100.0,2026-05-31,00:15:00,2026-06-01 00:20:28,23.950000000000045,Zone 3,49.1,Zone 5,23.7,Zone 3,34.5,Zone 4,29.3,Zone 4,47.5,Zone 5,35.0,Zone 4,59.7,Zone 5,49.1,Zone 5,62.4,Zone 5
Nagaland,Peren,Jalukie,25.3,2026-06-01,00:15:00,100.0,2026-05-31,00:15:00,2026-06-01 00:20:28,28.55000000000001,Zone 4,62.4,Zone 5,29.0,Zone 4,55.9,Zone 5,37.6,Zone 5,62.0,Zone 5,58.0,Zone 5,64.7,Zone 5,62.4,Zone 5,66.7,Zone 5
Nagaland,Tuensang,Thonoknyu,17.9,2026-06-01,00:15:00,100.0,2026-05-31,00:15:00,2026-06-01 00:20:28,18.950000000000045,Zone 3,33.6,Zone 4,19.1,Zone 3,28.6,Zone 4,24.4,Zone 3,33.3,Zone 4,28.9,Zone 4,40.2,Zone 5,33.6,Zone 4,53.7,Zone 5
Nagaland,Wokha,Wokha,21.7,2026-06-01,00:15:00,100.0,2026-05-31,00:15:00,2026-06-01 00:20:28,23.350000000000023,Zone 3,45.7,Zone 5,23.2,Zone 3,33.6,Zone 4,28.5,Zone 4,44.3,Zone 5,34.1,Zone 4,58.9,Zone 5,45.7,Zone 5,61.8,Zone 5
Odisha,Balangir,Bolangir,27.8,2026-06-01,00:00:00,100.0,2026-05-31,00:00:00,2026-06-01 00:20:28,35.05000000000001,Zone 5,66.7,Zone 5,37.1,Zone 5,63.4,Zone 5,59.8,Zone 5,66.3,Zone 5,63.9,Zone 5,68.4,Zone 5,66.7,Zone 5,70.0,Zone 5
Odisha,Balasore,Fm University,25.2,2026-06-01,00:15:00,100.0,2026-05-31,00:15:00,2026-06-01 00:20:28,28.350000000000023,Zone 4,61.5,Zone 5,28.0,Zone 4,51.8,Zone 5,35.2,Zone 4,61.1,Zone 5,54.1,Zone 5,64.0,Zone 5,61.5,Zone 5,66.1,Zone 5
Odisha,Cuttack,Cuttack Kvk,26.4,2026-06-01,00:15:00,,,,2026-06-01 00:20:28,,,,,,,,,,,,,,,,,,,,
Odisha,Ganjam,Benakuda Kvk,26.9,2026-06-01,00:15:00,85.0,2026-05-31,00:15:00,2026-06-01 00:20:28,30.25,Zone 4,61.7,Zone 5,30.4,Zone 4,52.7,Zone 5,37.3,Zone 4,61.3,Zone 5,55.0,Zone 5,64.1,Zone 5,61.7,Zone 5,66.2,Zone 5
Odisha,Jharsuguda,Jharsuguda,23.7,2026-06-01,00:00:00,100.0,2026-05-31,00:00:00,2026-06-01 00:20:28,25.650000000000034,Zone 4,58.9,Zone 5,25.3,Zone 3,39.9,Zone 5,31.9,Zone 4,57.4,Zone 5,42.0,Zone 5,61.8,Zone 5,58.9,Zone 5,64.2,Zone 5
Odisha,Kandhamal,Phulbani,25.5,2026-06-01,00:15:00,99.0,2026-05-31,00:15:00,2026-06-01 00:20:28,28.950000000000045,Zone 4,62.2,Zone 5,28.9,Zone 4,54.9,Zone 5,36.7,Zone 5,61.7,Zone 5,57.1,Zone 5,64.5,Zone 5,62.2,Zone 5,66.6,Zone 5
Odisha,Khurdha,Bhubaneshwar Airport,27.1,2026-06-01,00:00:00,88.0,2026-05-31,00:00:00,2026-06-01 00:20:28,31.05000000000001,Zone 4,62.4,Zone 5,30.8,Zone 4,55.8,Zone 5,37.9,Zone 4,61.9,Zone 5,58.0,Zone 5,64.7,Zone 5,62.4,Zone 5,66.7,Zone 5
Odisha,Khurdha,Pitapalli,28.2,2026-06-01,00:15:00,,,,2026-06-01 00:20:28,,,,,,,,,,,,,,,,,,,,
Odisha,Mayurbhanj,Baripada,25.9,2026-06-01,00:15:00,100.0,2026-05-31,00:15:00,2026-06-01 00:20:28,29.850000000000023,Zone 4,63.2,Zone 5,30.1,Zone 4,59.2,Zone 5,42.0,Zone 5,62.8,Zone 5,59.8,Zone 5,65.4,Zone 5,63.2,Zone 5,67.4,Zone 5
Odisha,Puri,Janhukuda(Near Satapada),29.4,2026-06-01,00:15:00,100.0,2026-05-31,00:15:00,2026-06-01 00:20:28,55.650000000000034,Zone 5,69.3,Zone 5,56.9,Zone 5,66.6,Zone 5,63.8,Zone 5,69.0,Zone 5,67.1,Zone 5,70.7,Zone 5,69.3,Zone 5,72.6,Zone 6
Odisha,Puri,Puri Kvk,27.6,2026-06-01,00:15:00,53.0,2026-05-31,00:15:00,2026-06-01 00:20:28,28.350000000000023,Zone 4,42.5,Zone 4,28.2,Zone 4,37.7,Zone 4,33.3,Zone 4,42.2,Zone 4,38.0,Zone 4,56.2,Zone 5,42.5,Zone 4,61.1,Zone 5
Odisha,Rayagada,Gunupur Kvk,28.1,2026-06-01,00:15:00,100.0,2026-05-31,00:15:00,2026-06-01 00:20:28,38.25,Zone 5,66.7,Zone 5,37.1,Zone 5,63.4,Zone 5,59.8,Zone 5,66.3,Zone 5,63.9,Zone 5,68.4,Zone 5,66.7,Zone 5,70.0,Zone 5
Odisha,Sambalpur,Dhankauda,28.5,2026-06-01,00:15:00,58.0,2026-05-31,00:15:00,2026-06-01 00:20:28,30.05000000000001,Zone 4,53.2,Zone 5,30.0,Zone 4,40.1,Zone 4,35.5,Zone 4,51.7,Zone 5,40.6,Zone 4,60.5,Zone 5,53.2,Zone 5,63.1,Zone 5
Odisha,Sonepur,Sonepur,27.7,2026-06-01,00:15:00,87.0,2026-05-31,00:15:00,2026-06-01 00:20:28,32.25,Zone 4,63.0,Zone 5,31.8,Zone 4,58.5,Zone 5,40.6,Zone 5,62.6,Zone 5,59.4,Zone 5,65.2,Zone 5,63.0,Zone 5,67.2,Zone 5
Odisha,Sundergarh,Balishankar,28.1,2026-06-01,00:00:00,,,,2026-06-01 00:20:28,,,,,,,,,,,,,,,,,,,,
Odisha,Sundergarh,Sundergarh,27.5,2026-06-01,00:15:00,76.0,2026-05-31,00:15:00,2026-06-01 00:20:28,30.350000000000023,Zone 4,60.4,Zone 5,30.3,Zone 4,46.6,Zone 5,36.7,Zone 4,60.0,Zone 5,48.9,Zone 5,63.0,Zone 5,60.4,Zone 5,65.3,Zone 5
Puducherry,Mahe,Mahe Jnv,26.2,2026-06-01,00:15:00,100.0,2026-05-31,00:15:00,2026-06-01 00:20:28,30.55000000000001,Zone 4,63.2,Zone 5,30.1,Zone 4,59.2,Zone 5,42.0,Zone 5,62.8,Zone 5,59.8,Zone 5,65.4,Zone 5,63.2,Zone 5,67.4,Zone 5
Puducherry,Puducherry,Puducherry,28.9,2026-06-01,00:00:00,75.0,2026-05-31,00:00:00,2026-06-01 00:20:28,32.950000000000045,Zone 4,62.6,Zone 5,33.2,Zone 4,56.8,Zone 5,39.9,Zone 4,62.2,Zone 5,58.8,Zone 5,64.9,Zone 5,62.6,Zone 5,66.9,Zone 5
Puducherry,Puducherry,Puducherry Kvk,28.0,2026-06-01,00:00:00,67.0,2026-05-31,00:00:00,2026-06-01 00:20:28,30.150000000000034,Zone 4,59.0,Zone 5,30.2,Zone 4,41.0,Zone 4,36.1,Zone 4,57.7,Zone 5,42.2,Zone 5,61.8,Zone 5,59.0,Zone 5,64.3,Zone 5
Punjab,Bathinda,Bhatinda Amfu,28.4,2026-06-01,00:00:00,,,,2026-06-01 00:20:28,,,,,,,,,,,,,,,,,,,,
Punjab,Fazilka,Fasc Abohar,25.5,2026-06-01,00:15:00,85.0,2026-05-31,00:15:00,2026-06-01 00:20:28,27.650000000000034,Zone 4,59.3,Zone 5,27.7,Zone 4,41.1,Zone 5,34.0,Zone 4,58.5,Zone 5,43.3,Zone 5,62.0,Zone 5,59.3,Zone 5,64.4,Zone 5
Punjab,Fazilka,Fazilka,27.3,2026-06-01,00:00:00,,,,2026-06-01 00:20:28,,,,,,,,,,,,,,,,,,,,
Punjab,Firozpur,Firozpur Kvk,26.0,2026-06-01,00:15:00,69.0,2026-05-31,00:15:00,2026-06-01 00:20:28,27.25,Zone 4,49.2,Zone 5,27.3,Zone 4,37.7,Zone 4,32.9,Zone 4,47.7,Zone 5,38.1,Zone 4,59.7,Zone 5,49.2,Zone 5,62.4,Zone 5
Punjab,Hoshiarpur,Hosiyarpur,22.7,2026-06-01,00:00:00,85.0,2026-05-31,00:00:00,2026-06-01 00:20:28,23.950000000000045,Zone 3,41.3,Zone 5,23.7,Zone 3,33.9,Zone 4,29.0,Zone 4,40.0,Zone 5,34.3,Zone 4,55.3,Zone 5,41.3,Zone 5,60.9,Zone 5
Punjab,Hoshiarpur,Salern,23.4,2026-06-01,00:00:00,91.0,2026-05-31,00:00:00,2026-06-01 00:20:28,24.850000000000023,Zone 3,52.3,Zone 5,25.0,Zone 3,36.2,Zone 4,31.0,Zone 4,50.7,Zone 5,36.8,Zone 4,60.3,Zone 5,52.3,Zone 5,62.9,Zone 5
Punjab,Mohali,Mohali,25.8,2026-06-01,00:00:00,,,,2026-06-01 00:20:28,,,,,,,,,,,,,,,,,,,,
Punjab,Pathankot,Kvk Pathankot,25.8,2026-06-01,00:15:00,,,,2026-06-01 00:20:28,,,,,,,,,,,,,,,,,,,,
Punjab,Pathankot,Thein Dam,24.8,2026-06-01,00:15:00,81.0,2026-05-31,00:15:00,2026-06-01 00:20:28,26.25,Zone 4,53.7,Zone 5,26.6,Zone 4,37.7,Zone 4,32.6,Zone 4,52.2,Zone 5,38.2,Zone 4,60.6,Zone 5,53.7,Zone 5,63.2,Zone 5
Punjab,Rupnagar,Bhakra Dam Imdnagal,22.8,2026-06-01,00:15:00,100.0,2026-05-31,00:15:00,2026-06-01 00:20:28,24.55000000000001,Zone 3,55.8,Zone 5,24.8,Zone 3,36.7,Zone 5,31.0,Zone 4,54.3,Zone 5,38.5,Zone 5,61.1,Zone 5,55.8,Zone 5,63.6,Zone 5
Punjab,Rupnagar,Sri Anadpur Sahib Imdjindwadi,28.7,2026-06-01,00:15:00,100.0,2026-05-31,00:15:00,2026-06-01 00:20:28,45.75,Zone 5,67.6,Zone 5,43.1,Zone 5,64.5,Zone 5,61.2,Zone 5,67.2,Zone 5,65.0,Zone 5,69.2,Zone 5,67.6,Zone 5,70.6,Zone 5
Rajasthan,Ajmer,Central University Kishangarh,26.5,2026-06-01,00:15:00,96.0,2026-05-31,00:15:00,2026-06-01 00:20:28,30.75,Zone 4,63.2,Zone 5,30.8,Zone 4,59.2,Zone 5,42.1,Zone 5,62.8,Zone 5,59.8,Zone 5,65.4,Zone 5,63.2,Zone 5,67.4,Zone 5
Rajasthan,Chittaurgarh,Chittorgarh Kvk,28.0,2026-06-01,00:15:00,,,,2026-06-01 00:20:28,,,,,,,,,,,,,,,,,,,,
Rajasthan,Dausa,Khedali,27.4,2026-06-01,00:15:00,45.0,2026-05-31,00:15:00,2026-06-01 00:20:28,27.450000000000045,Zone 4,41.0,Zone 4,27.6,Zone 4,36.6,Zone 4,32.4,Zone 4,40.8,Zone 4,36.8,Zone 4,49.1,Zone 5,41.0,Zone 4,59.6,Zone 5
Rajasthan,Dungarpur,Dungarpur Kvk,30.7,2026-06-01,00:15:00,58.0,2026-05-31,00:15:00,2026-06-01 00:20:28,33.650000000000034,Zone 4,60.4,Zone 5,33.3,Zone 4,46.4,Zone 5,39.1,Zone 4,60.0,Zone 5,48.6,Zone 5,63.0,Zone 5,60.4,Zone 5,65.3,Zone 5
Rajasthan,Jaipur,Amity University,26.5,2026-06-01,00:15:00,80.0,2026-05-31,00:15:00,2026-06-01 00:20:28,28.950000000000045,Zone 4,59.8,Zone 5,28.9,Zone 4,43.4,Zone 5,35.3,Zone 4,59.4,Zone 5,45.7,Zone 5,62.5,Zone 5,59.8,Zone 5,64.8,Zone 5
Rajasthan,Karauli,Karauli Kvk,26.8,2026-06-01,00:15:00,,,,2026-06-01 00:20:28,,,,,,,,,,,,,,,,,,,,
Rajasthan,Nagaur,Krishi Vishwavidhyalaya,28.2,2026-06-01,00:00:00,90.0,2026-05-31,00:00:00,2026-06-01 00:20:28,34.05000000000001,Zone 4,64.5,Zone 5,33.5,Zone 4,60.7,Zone 5,49.4,Zone 5,64.1,Zone 5,61.3,Zone 5,66.5,Zone 5,64.5,Zone 5,68.3,Zone 5
Rajasthan,Pratapgarh,Pratapgarh,29.6,2026-06-01,00:15:00,63.0,2026-05-31,00:15:00,2026-06-01 00:20:28,32.450000000000045,Zone 4,60.3,Zone 5,32.3,Zone 4,45.8,Zone 5,38.2,Zone 4,59.9,Zone 5,48.1,Zone 5,62.9,Zone 5,60.3,Zone 5,65.2,Zone 5
Rajasthan,Sirohi,Sirohi Kvk,28.7,2026-06-01,00:15:00,45.0,2026-05-31,00:15:00,2026-06-01 00:20:28,29.05000000000001,Zone 4,42.5,Zone 4,28.8,Zone 4,37.9,Zone 4,33.7,Zone 4,42.2,Zone 4,38.2,Zone 4,53.6,Zone 5,42.5,Zone 4,60.5,Zone 5
Sikkim,Gangtok,Gangtok,17.2,2026-06-01,00:15:00,100.0,2026-05-31,00:15:00,2026-06-01 00:20:28,18.05000000000001,Zone 3,32.2,Zone 4,17.8,Zone 3,27.4,Zone 4,23.6,Zone 3,32.0,Zone 4,27.6,Zone 4,36.4,Zone 4,32.2,Zone 4,48.9,Zone 5
Sikkim,Gangtok,Tadong,,,,88.0,2026-05-31,00:00:00,2026-06-01 00:20:28,,,,,,,,,,,,,,,,,,,,
Sikkim,Namchi,Namchi,19.7,2026-06-01,00:15:00,92.0,2026-05-31,00:15:00,2026-06-01 00:20:28,20.75,Zone 3,35.2,Zone 4,20.5,Zone 3,30.1,Zone 4,25.4,Zone 4,34.9,Zone 4,30.4,Zone 4,43.5,Zone 5,35.2,Zone 4,56.7,Zone 5
Sikkim,Soreng,Soreng,19.1,2026-06-01,00:15:00,100.0,2026-05-31,00:15:00,2026-06-01 00:20:28,20.450000000000045,Zone 3,35.1,Zone 4,20.3,Zone 3,29.9,Zone 4,25.1,Zone 3,34.8,Zone 4,30.2,Zone 4,45.3,Zone 5,35.1,Zone 4,58.2,Zone 5
Tamil Nadu,Ariyalur,Ariyalur,25.4,2026-06-01,00:00:00,89.0,2026-05-31,00:00:00,2026-06-01 00:20:28,27.75,Zone 4,60.1,Zone 5,28.0,Zone 4,45.0,Zone 5,34.6,Zone 4,59.7,Zone 5,47.3,Zone 5,62.8,Zone 5,60.1,Zone 5,65.1,Zone 5
Tamil Nadu,Chennai,Chennai,30.1,2026-06-01,00:00:00,89.0,2026-05-31,00:00:00,2026-06-01 00:20:28,44.85000000000002,Zone 5,67.6,Zone 5,43.5,Zone 5,64.5,Zone 5,61.2,Zone 5,67.3,Zone 5,65.1,Zone 5,69.2,Zone 5,67.6,Zone 5,70.6,Zone 5
Tamil Nadu,Chennai,Ennore Port,30.2,2026-06-01,00:00:00,71.0,2026-05-31,00:00:00,2026-06-01 00:20:28,35.150000000000034,Zone 4,63.1,Zone 5,34.7,Zone 4,59.1,Zone 5,41.5,Zone 5,62.7,Zone 5,59.6,Zone 5,65.3,Zone 5,63.1,Zone 5,67.3,Zone 5
Tamil Nadu,Chennai,Meenambakkam Isro,28.6,2026-06-01,00:00:00,77.0,2026-05-31,00:00:00,2026-06-01 00:20:28,32.650000000000034,Zone 4,62.2,Zone 5,32.5,Zone 4,55.4,Zone 5,39.2,Zone 4,61.8,Zone 5,57.5,Zone 5,64.6,Zone 5,62.2,Zone 5,66.7,Zone 5
Tamil Nadu,Chennai,Niot Pallikaranai,29.8,2026-06-01,00:00:00,75.0,2026-05-31,00:00:00,2026-06-01 00:20:28,35.05000000000001,Zone 4,64.2,Zone 5,35.5,Zone 4,60.3,Zone 5,47.5,Zone 5,63.8,Zone 5,60.9,Zone 5,66.2,Zone 5,64.2,Zone 5,68.1,Zone 5
Tamil Nadu,Coimbatore,Coimbatore Amfu,26.4,2026-06-01,00:15:00,73.0,2026-05-31,00:15:00,2026-06-01 00:20:28,28.150000000000034,Zone 4,56.0,Zone 5,28.3,Zone 4,39.2,Zone 4,34.3,Zone 4,54.4,Zone 5,39.8,Zone 4,61.1,Zone 5,56.0,Zone 5,63.6,Zone 5
Tamil Nadu,Coimbatore,P N Palayam,25.6,2026-06-01,00:00:00,76.0,2026-05-31,00:00:00,2026-06-01 00:20:28,27.150000000000034,Zone 4,52.5,Zone 5,27.0,Zone 4,37.8,Zone 4,32.9,Zone 4,51.0,Zone 5,38.4,Zone 4,60.4,Zone 5,52.5,Zone 5,63.0,Zone 5
Tamil Nadu,Coimbatore,Upasi Tea Research Foundation,19.0,2026-06-01,00:15:00,51.0,2026-05-31,00:15:00,2026-06-01 00:20:28,17.850000000000023,Zone 3,31.8,Zone 4,17.8,Zone 3,27.8,Zone 4,24.0,Zone 3,31.7,Zone 4,27.9,Zone 4,35.4,Zone 4,31.8,Zone 4,39.0,Zone 4
Tamil Nadu,Cuddalore,Neyveli,27.6,2026-06-01,00:15:00,79.0,2026-05-31,00:15:00,2026-06-01 00:20:28,30.850000000000023,Zone 4,61.1,Zone 5,30.7,Zone 4,50.0,Zone 5,37.3,Zone 4,60.7,Zone 5,52.3,Zone 5,63.6,Zone 5,61.1,Zone 5,65.8,Zone 5
Tamil Nadu,Cuddalore,Vridha Chalam,27.2,2026-06-01,00:00:00,72.0,2026-05-31,00:00:00,2026-06-01 00:20:28,29.350000000000023,Zone 4,57.9,Zone 5,29.0,Zone 4,40.0,Zone 4,35.0,Zone 4,56.5,Zone 5,40.9,Zone 5,61.6,Zone 5,57.9,Zone 5,64.0,Zone 5
Tamil Nadu,Dharmapuri,Palacode,22.7,2026-06-01,00:00:00,90.0,2026-05-31,00:00:00,2026-06-01 00:20:28,24.05000000000001,Zone 3,44.9,Zone 5,23.9,Zone 3,34.4,Zone 4,29.3,Zone 4,43.5,Zone 5,34.8,Zone 4,58.3,Zone 5,44.9,Zone 5,61.6,Zone 5
Tamil Nadu,Dindigul,Natham Isro,21.9,2026-06-01,00:00:00,94.0,2026-05-31,00:00:00,2026-06-01 00:20:28,23.350000000000023,Zone 3,44.7,Zone 5,23.5,Zone 3,33.9,Zone 4,28.8,Zone 4,43.3,Zone 5,34.4,Zone 4,58.1,Zone 5,44.7,Zone 5,61.6,Zone 5
Tamil Nadu,Dindigul,Palani,24.8,2026-06-01,00:00:00,80.0,2026-05-31,00:00:00,2026-06-01 00:20:28,26.25,Zone 4,52.9,Zone 5,26.5,Zone 4,37.5,Zone 4,32.5,Zone 4,51.3,Zone 5,38.1,Zone 4,60.5,Zone 5,52.9,Zone 5,63.1,Zone 5
Tamil Nadu,Dindigul,Vedasandur,24.5,2026-06-01,00:00:00,88.0,2026-05-31,00:00:00,2026-06-01 00:20:28,26.25,Zone 4,56.3,Zone 5,26.2,Zone 4,37.8,Zone 4,32.5,Zone 4,54.8,Zone 5,39.0,Zone 5,61.2,Zone 5,56.3,Zone 5,63.7,Zone 5
Tamil Nadu,Erode,Erode Isro,,,,84.0,2026-05-31,00:00:00,2026-06-01 00:20:28,,,,,,,,,,,,,,,,,,,,
Tamil Nadu,Kallakurichi,Kallakurichi,33.0,2026-06-01,00:00:00,65.0,2026-05-31,00:00:00,2026-06-01 00:20:28,40.75,Zone 4,66.2,Zone 5,40.8,Zone 4,62.8,Zone 5,59.1,Zone 5,65.8,Zone 5,63.3,Zone 5,68.0,Zone 5,66.2,Zone 5,69.6,Zone 5
Tamil Nadu,Kallakurichi,Kallakurichi(Taluk Office),26.1,2026-06-01,00:15:00,80.0,2026-05-31,00:15:00,2026-06-01 00:20:28,28.25,Zone 4,58.9,Zone 5,28.1,Zone 4,40.0,Zone 5,34.3,Zone 4,57.4,Zone 5,42.0,Zone 5,61.8,Zone 5,58.9,Zone 5,64.2,Zone 5
Tamil Nadu,Kanchipuram,Acs Medical College,31.0,2026-06-01,00:00:00,83.0,2026-05-31,00:00:00,2026-06-01 00:20:28,45.150000000000034,Zone 5,67.8,Zone 5,45.1,Zone 5,64.8,Zone 5,61.6,Zone 5,67.5,Zone 5,65.3,Zone 5,69.4,Zone 5,67.8,Zone 5,70.8,Zone 5
Tamil Nadu,Kanchipuram,Chembarambakkam,29.6,2026-06-01,00:15:00,83.0,2026-05-31,00:15:00,2026-06-01 00:20:28,36.450000000000045,Zone 4,65.3,Zone 5,36.1,Zone 4,61.7,Zone 5,54.6,Zone 5,64.9,Zone 5,62.3,Zone 5,67.2,Zone 5,65.3,Zone 5,68.9,Zone 5
Tamil Nadu,Kanchipuram,Hindustan University,29.6,2026-06-01,00:00:00,80.0,2026-05-31,00:00:00,2026-06-01 00:20:28,35.650000000000034,Zone 4,64.6,Zone 5,35.4,Zone 4,60.8,Zone 5,50.2,Zone 5,64.2,Zone 5,61.4,Zone 5,66.6,Zone 5,64.6,Zone 5,68.4,Zone 5
Tamil Nadu,Kanchipuram,Kanchipuram Isro,29.6,2026-06-01,00:15:00,61.0,2026-05-31,00:15:00,2026-06-01 00:20:28,32.150000000000034,Zone 4,59.7,Zone 5,32.0,Zone 4,43.3,Zone 5,37.8,Zone 4,59.3,Zone 5,45.5,Zone 5,62.4,Zone 5,59.7,Zone 5,64.8,Zone 5
Tamil Nadu,Kanchipuram,Sathyabama  University,29.3,2026-06-01,00:00:00,90.0,2026-05-31,00:00:00,2026-06-01 00:20:28,37.450000000000045,Zone 4,67.0,Zone 5,39.2,Zone 5,63.8,Zone 5,60.3,Zone 5,66.6,Zone 5,64.3,Zone 5,68.7,Zone 5,67.0,Zone 5,70.2,Zone 5
Tamil Nadu,Kanyakumari,Nagercoil,22.3,2026-06-01,00:00:00,75.0,2026-05-31,00:00:00,2026-06-01 00:20:28,23.05000000000001,Zone 3,38.0,Zone 4,23.3,Zone 3,33.0,Zone 4,28.4,Zone 4,37.7,Zone 4,33.3,Zone 4,48.6,Zone 5,38.0,Zone 4,59.5,Zone 5
Tamil Nadu,Kanyakumari,Thirupathisaram Amfu,26.0,2026-05-31,23:45:00,98.0,2026-05-31,23:45:00,2026-06-01 00:20:28,29.850000000000023,Zone 4,62.8,Zone 5,29.9,Zone 4,57.9,Zone 5,39.8,Zone 5,62.4,Zone 5,59.3,Zone 5,65.1,Zone 5,62.8,Zone 5,67.1,Zone 5
Tamil Nadu,Krishnagiri,Denkanikottai,20.6,2026-06-01,00:15:00,90.0,2026-05-31,00:15:00,2026-06-01 00:20:28,21.75,Zone 3,36.5,Zone 4,21.6,Zone 3,31.3,Zone 4,26.5,Zone 4,36.2,Zone 4,31.7,Zone 4,47.6,Zone 5,36.5,Zone 4,59.3,Zone 5
Tamil Nadu,Krishnagiri,Hosur,20.7,2026-06-01,00:00:00,,,,2026-06-01 00:20:28,,,,,,,,,,,,,,,,,,,,
Tamil Nadu,Krishnagiri,Paiyur Amfu,24.3,2026-06-01,00:00:00,,,,2026-06-01 00:20:28,,,,,,,,,,,,,,,,,,,,
Tamil Nadu,Krishnagiri,Pochampalli,23.6,2026-06-01,00:00:00,99.0,2026-05-31,00:00:00,2026-06-01 00:20:28,25.450000000000045,Zone 4,58.2,Zone 5,25.2,Zone 3,39.2,Zone 5,31.8,Zone 4,56.7,Zone 5,41.2,Zone 5,61.6,Zone 5,58.2,Zone 5,64.1,Zone 5
Tamil Nadu,Madurai,Madurai Isro,24.4,2026-06-01,00:00:00,,,,2026-06-01 00:20:28,,,,,,,,,,,,,,,,,,,,
Tamil Nadu,Mayiladuthurai,Mayiladuthurai,27.5,2026-06-01,00:15:00,,,,2026-06-01 00:20:28,,,,,,,,,,,,,,,,,,,,
Tamil Nadu,Nagapattinam,Kollidam,26.8,2026-06-01,00:15:00,80.0,2026-05-31,00:15:00,2026-06-01 00:20:28,29.450000000000045,Zone 4,60.6,Zone 5,29.9,Zone 4,47.2,Zone 5,36.3,Zone 4,60.2,Zone 5,49.5,Zone 5,63.2,Zone 5,60.6,Zone 5,65.4,Zone 5
Tamil Nadu,Nagapattinam,Mo Nagapattinam Campus,29.0,2026-05-31,23:45:00,91.0,2026-05-31,23:45:00,2026-06-01 00:20:28,36.650000000000034,Zone 4,66.4,Zone 5,36.7,Zone 4,63.0,Zone 5,59.4,Zone 5,66.0,Zone 5,63.6,Zone 5,68.2,Zone 5,66.4,Zone 5,69.7,Zone 5
Tamil Nadu,Nagapattinam,Vedharanyam,27.9,2026-06-01,00:15:00,86.0,2026-05-31,00:15:00,2026-06-01 00:20:28,32.55000000000001,Zone 4,63.6,Zone 5,32.8,Zone 4,59.6,Zone 5,43.9,Zone 5,63.2,Zone 5,60.2,Zone 5,65.7,Zone 5,63.6,Zone 5,67.6,Zone 5
Tamil Nadu,Nctpl Marg Ecr,New Chennai Township Private L,28.8,2026-06-01,00:15:00,76.0,2026-05-31,00:15:00,2026-06-01 00:20:28,32.950000000000045,Zone 4,62.8,Zone 5,33.4,Zone 4,57.9,Zone 5,40.2,Zone 4,62.4,Zone 5,59.3,Zone 5,65.1,Zone 5,62.8,Zone 5,67.1,Zone 5
Tamil Nadu,Perambalur,Perambalur,25.5,2026-06-01,00:15:00,73.0,2026-05-31,00:15:00,2026-06-01 00:20:28,26.850000000000023,Zone 4,49.8,Zone 5,26.8,Zone 4,37.4,Zone 4,32.6,Zone 4,48.3,Zone 5,37.9,Zone 4,59.8,Zone 5,49.8,Zone 5,62.5,Zone 5
Tamil Nadu,Ramanathapuram,Ramnadu Kvk,28.3,2026-06-01,00:15:00,,,,2026-06-01 00:20:28,,,,,,,,,,,,,,,,,,,,
Tamil Nadu,Ranipet,Kalavai,29.3,2026-06-01,00:15:00,81.0,2026-05-31,00:15:00,2026-06-01 00:20:28,35.05000000000001,Zone 4,64.8,Zone 5,35.6,Zone 4,61.1,Zone 5,51.7,Zone 5,64.5,Zone 5,61.7,Zone 5,66.8,Zone 5,64.8,Zone 5,68.6,Zone 5
Tamil Nadu,Ranipet,Ranipet,29.3,2026-06-01,00:00:00,84.0,2026-05-31,00:00:00,2026-06-01 00:20:28,35.75,Zone 4,65.6,Zone 5,36.4,Zone 4,62.0,Zone 5,56.0,Zone 5,65.2,Zone 5,62.6,Zone 5,67.4,Zone 5,65.6,Zone 5,69.1,Zone 5
Tamil Nadu,Salem,Govt Hss Mettur,23.8,2026-06-01,00:15:00,100.0,2026-05-31,00:15:00,2026-06-01 00:20:28,25.75,Zone 4,59.8,Zone 5,26.1,Zone 4,43.6,Zone 5,32.9,Zone 4,59.4,Zone 5,45.9,Zone 5,62.5,Zone 5,59.8,Zone 5,64.8,Zone 5
Tamil Nadu,Salem,Sandhiyur Kvk,26.1,2026-06-01,00:15:00,59.0,2026-05-31,00:15:00,2026-06-01 00:20:28,26.75,Zone 4,41.2,Zone 4,26.6,Zone 4,36.3,Zone 4,31.8,Zone 4,40.9,Zone 4,36.7,Zone 4,54.2,Zone 5,41.2,Zone 4,60.7,Zone 5
Tamil Nadu,Salem,Vazhapadi,27.9,2026-06-01,00:00:00,,,,2026-06-01 00:20:28,,,,,,,,,,,,,,,,,,,,
Tamil Nadu,Salem,Yercaud Isro,18.6,2026-06-01,00:00:00,,,,2026-06-01 00:20:28,,,,,,,,,,,,,,,,,,,,
Tamil Nadu,Sivaganga,Sethu Bhaskar Agri College Kar,25.5,2026-06-01,00:15:00,100.0,2026-05-31,00:15:00,2026-06-01 00:20:28,29.05000000000001,Zone 4,62.4,Zone 5,29.0,Zone 4,55.9,Zone 5,37.6,Zone 5,62.0,Zone 5,58.0,Zone 5,64.7,Zone 5,62.4,Zone 5,66.7,Zone 5
Tamil Nadu,The Nilgiris,Coonoor,18.9,2026-05-31,23:45:00,83.0,2026-05-31,23:45:00,2026-06-01 00:20:28,19.350000000000023,Zone 3,33.8,Zone 4,19.5,Zone 3,29.1,Zone 4,24.8,Zone 3,33.5,Zone 4,29.3,Zone 4,37.8,Zone 4,33.8,Zone 4,50.0,Zone 5
Tamil Nadu,Thiruninravur,Jaya Engineering Clg,30.1,2026-06-01,00:15:00,,,,2026-06-01 00:20:28,,,,,,,,,,,,,,,,,,,,
Tamil Nadu,Thoothukudi,Sattankulam,28.1,2026-06-01,00:00:00,75.0,2026-05-31,00:00:00,2026-06-01 00:20:28,31.350000000000023,Zone 4,61.0,Zone 5,31.2,Zone 4,49.2,Zone 5,37.6,Zone 4,60.6,Zone 5,51.6,Zone 5,63.5,Zone 5,61.0,Zone 5,65.7,Zone 5
Tamil Nadu,Thoothukudi,Thiruchendur,28.3,2026-06-01,00:00:00,80.0,2026-05-31,00:00:00,2026-06-01 00:20:28,32.450000000000045,Zone 4,63.0,Zone 5,32.9,Zone 4,58.6,Zone 5,40.7,Zone 5,62.6,Zone 5,59.5,Zone 5,65.2,Zone 5,63.0,Zone 5,67.2,Zone 5
Tamil Nadu,Thoothukudi,Tuticorin Airport,28.3,2026-06-01,00:00:00,67.0,2026-05-31,00:00:00,2026-06-01 00:20:28,30.75,Zone 4,59.8,Zone 5,31.0,Zone 4,43.6,Zone 5,37.0,Zone 4,59.4,Zone 5,45.8,Zone 5,62.5,Zone 5,59.8,Zone 5,64.8,Zone 5
Tamil Nadu,Tiruchirappalli,Thuvakudi Isro,24.1,2026-06-01,00:00:00,100.0,2026-05-31,00:00:00,2026-06-01 00:20:28,26.350000000000023,Zone 4,59.8,Zone 5,26.1,Zone 4,43.6,Zone 5,32.9,Zone 4,59.4,Zone 5,45.9,Zone 5,62.5,Zone 5,59.8,Zone 5,64.8,Zone 5
Tamil Nadu,Tirunelveli,Radhapuram,28.4,2026-06-01,00:15:00,75.0,2026-05-31,00:15:00,2026-06-01 00:20:28,31.950000000000045,Zone 4,61.8,Zone 5,32.1,Zone 4,53.1,Zone 5,38.7,Zone 4,61.4,Zone 5,55.4,Zone 5,64.2,Zone 5,61.8,Zone 5,66.3,Zone 5
Tamil Nadu,Tirunelveli,Tirunelveli,29.1,2026-06-01,00:00:00,66.0,2026-05-31,00:00:00,2026-06-01 00:20:28,31.950000000000045,Zone 4,60.3,Zone 5,31.8,Zone 4,45.9,Zone 5,37.8,Zone 4,59.9,Zone 5,48.2,Zone 5,62.9,Zone 5,60.3,Zone 5,65.2,Zone 5
Tamil Nadu,Tirupattur,Tirupattur Collectoroffice,23.8,2026-06-01,00:15:00,99.0,2026-05-31,00:15:00,2026-06-01 00:20:28,25.75,Zone 4,59.6,Zone 5,26.1,Zone 4,42.7,Zone 5,32.8,Zone 4,59.2,Zone 5,45.0,Zone 5,62.3,Zone 5,59.6,Zone 5,64.7,Zone 5
Tamil Nadu,Tirupattur,Yelagiri Hill,,,,59.0,2026-05-31,00:15:00,2026-06-01 00:20:28,,,,,,,,,,,,,,,,,,,,
Tamil Nadu,Tiruppur,Tiruppur Collector Office,27.2,2026-06-01,00:15:00,84.0,2026-05-31,00:15:00,2026-06-01 00:20:28,30.75,Zone 4,61.5,Zone 5,30.3,Zone 4,51.6,Zone 5,37.1,Zone 4,61.1,Zone 5,53.9,Zone 5,63.9,Zone 5,61.5,Zone 5,66.1,Zone 5
Tamil Nadu,Tiruvallur,Good Will School Villivakkam,30.8,2026-06-01,00:15:00,71.0,2026-05-31,00:15:00,2026-06-01 00:20:28,36.650000000000034,Zone 4,64.7,Zone 5,37.1,Zone 4,61.0,Zone 5,50.8,Zone 5,64.3,Zone 5,61.5,Zone 5,66.7,Zone 5,64.7,Zone 5,68.5,Zone 5
Tamil Nadu,Tiruvallur,Poonamallee,29.3,2026-06-01,00:00:00,76.0,2026-05-31,00:00:00,2026-06-01 00:20:28,34.05000000000001,Zone 4,63.6,Zone 5,34.5,Zone 4,59.7,Zone 5,44.2,Zone 5,63.2,Zone 5,60.2,Zone 5,65.8,Zone 5,63.6,Zone 5,67.7,Zone 5
Tamil Nadu,Tiruvallur,R.K.Pet,28.4,2026-06-01,00:00:00,79.0,2026-05-31,00:00:00,2026-06-01 00:20:28,32.55000000000001,Zone 4,62.7,Zone 5,32.8,Zone 4,57.6,Zone 5,39.7,Zone 4,62.3,Zone 5,59.2,Zone 5,65.0,Zone 5,62.7,Zone 5,67.0,Zone 5
Tamil Nadu,Tiruvallur,Tirur Kvk,29.9,2026-06-01,00:15:00,,,,2026-06-01 00:20:28,,,,,,,,,,,,,,,,,,,,
Tamil Nadu,Tiruvannamalai,Cheyyar,29.6,2026-06-01,00:15:00,72.0,2026-05-31,00:15:00,2026-06-01 00:20:28,33.950000000000045,Zone 4,62.6,Zone 5,33.8,Zone 4,57.0,Zone 5,40.4,Zone 4,62.2,Zone 5,59.0,Zone 5,64.9,Zone 5,62.6,Zone 5,66.9,Zone 5
Tamil Nadu,Tiruvannamalai,Tiruvannamalai Isro,27.6,2026-06-01,00:00:00,62.0,2026-05-31,00:00:00,2026-06-01 00:20:28,29.05000000000001,Zone 4,51.5,Zone 5,28.9,Zone 4,39.1,Zone 4,34.4,Zone 4,49.9,Zone 5,39.6,Zone 4,60.2,Zone 5,51.5,Zone 5,62.8,Zone 5
Tamil Nadu,Tiruvarur,Tiruvarur,28.1,2026-05-31,23:30:00,75.0,2026-05-31,23:30:00,2026-06-01 00:20:28,31.350000000000023,Zone 4,61.0,Zone 5,31.2,Zone 4,49.2,Zone 5,37.6,Zone 4,60.6,Zone 5,51.6,Zone 5,63.5,Zone 5,61.0,Zone 5,65.7,Zone 5
Tamil Nadu,Vellore,Virinjipuram Kvk,25.0,2026-06-01,00:15:00,55.0,2026-05-31,00:15:00,2026-06-01 00:20:28,25.150000000000034,Zone 3,39.1,Zone 4,25.2,Zone 3,34.5,Zone 4,30.2,Zone 4,38.8,Zone 4,34.8,Zone 4,46.2,Zone 5,39.1,Zone 4,58.8,Zone 5
Tamil Nadu,Virudhunagar,Aruppukottai Kvk,25.8,2026-06-01,00:00:00,87.0,2026-05-31,00:00:00,2026-06-01 00:20:28,28.350000000000023,Zone 4,60.5,Zone 5,28.7,Zone 4,46.9,Zone 5,35.4,Zone 4,60.1,Zone 5,49.2,Zone 5,63.1,Zone 5,60.5,Zone 5,65.4,Zone 5
Telangana,Adilabad,Adilabad Kvk,27.5,2026-06-01,00:15:00,78.0,2026-05-31,00:15:00,2026-06-01 00:20:28,30.55000000000001,Zone 4,60.9,Zone 5,30.6,Zone 4,48.8,Zone 5,37.1,Zone 4,60.5,Zone 5,51.2,Zone 5,63.4,Zone 5,60.9,Zone 5,65.7,Zone 5
Telangana,Hanumakonda,Hanumakonda,29.0,2026-06-01,00:00:00,,,,2026-06-01 00:20:28,,,,,,,,,,,,,,,,,,,,
Telangana,Hyderabad,Golkonda,31.2,2026-06-01,00:00:00,55.0,2026-05-31,00:00:00,2026-06-01 00:20:28,34.05000000000001,Zone 4,60.2,Zone 5,33.7,Zone 4,45.8,Zone 5,39.4,Zone 4,59.9,Zone 5,48.0,Zone 5,62.9,Zone 5,60.2,Zone 5,65.2,Zone 5
Telangana,Kamareddy,Nagireddypet,29.2,2026-06-01,00:15:00,48.0,2026-05-31,00:15:00,2026-06-01 00:20:28,29.950000000000045,Zone 4,45.1,Zone 5,29.7,Zone 4,39.1,Zone 4,34.8,Zone 4,43.7,Zone 5,39.4,Zone 4,58.4,Zone 5,45.1,Zone 5,61.7,Zone 5
Telangana,Karimnagar,Karimnagar,28.7,2026-06-01,00:15:00,68.0,2026-05-31,00:15:00,2026-06-01 00:20:28,31.55000000000001,Zone 4,60.0,Zone 5,31.2,Zone 4,44.7,Zone 5,37.2,Zone 4,59.6,Zone 5,47.0,Zone 5,62.7,Zone 5,60.0,Zone 5,65.0,Zone 5
Telangana,Khammam,Khammam,29.1,2026-06-01,00:15:00,85.0,2026-05-31,00:15:00,2026-06-01 00:20:28,35.450000000000045,Zone 4,65.0,Zone 5,35.2,Zone 4,61.3,Zone 5,52.5,Zone 5,64.6,Zone 5,61.9,Zone 5,66.9,Zone 5,65.0,Zone 5,68.7,Zone 5
Telangana,Khammam,Wyra Kvk,29.1,2026-05-31,23:45:00,20.0,2026-05-31,23:45:00,2026-06-01 00:20:28,27.650000000000034,Zone 4,38.8,Zone 4,27.6,Zone 4,35.2,Zone 4,31.6,Zone 4,38.7,Zone 4,35.3,Zone 4,42.1,Zone 4,38.8,Zone 4,45.4,Zone 4
Telangana,Kumuram Bheem Asifabad ,Asifabad,24.7,2026-06-01,00:00:00,84.0,2026-05-31,00:00:00,2026-06-01 00:20:28,26.25,Zone 4,53.1,Zone 5,26.0,Zone 4,37.2,Zone 4,32.1,Zone 4,51.5,Zone 5,37.7,Zone 4,60.5,Zone 5,53.1,Zone 5,63.1,Zone 5
Telangana,Mahbubnagar,Mahbubnagar,30.6,2026-06-01,00:00:00,48.0,2026-05-31,00:00:00,2026-06-01 00:20:28,31.950000000000045,Zone 4,53.4,Zone 5,31.8,Zone 4,41.4,Zone 4,37.0,Zone 4,51.9,Zone 5,41.9,Zone 4,60.6,Zone 5,53.4,Zone 5,63.2,Zone 5
Telangana,Medak,Ars Basanthpur,23.7,2026-06-01,00:15:00,100.0,2026-05-31,00:15:00,2026-06-01 00:20:28,25.650000000000034,Zone 4,58.9,Zone 5,25.3,Zone 3,39.9,Zone 5,31.9,Zone 4,57.4,Zone 5,42.0,Zone 5,61.8,Zone 5,58.9,Zone 5,64.2,Zone 5
Telangana,Medak,Ars Narsapur,27.5,2026-06-01,00:15:00,46.0,2026-05-31,00:15:00,2026-06-01 00:20:28,27.650000000000034,Zone 4,41.2,Zone 4,27.7,Zone 4,36.7,Zone 4,32.5,Zone 4,40.9,Zone 4,37.0,Zone 4,50.0,Zone 5,41.2,Zone 4,59.8,Zone 5
Telangana,Medak,Medak,29.6,2026-06-01,00:15:00,46.0,2026-05-31,00:15:00,2026-06-01 00:20:28,30.350000000000023,Zone 4,45.5,Zone 5,30.2,Zone 4,39.4,Zone 4,35.2,Zone 4,44.1,Zone 5,39.8,Zone 4,58.7,Zone 5,45.5,Zone 5,61.7,Zone 5
Telangana,Medchal Malkajgiri,Cgwb Nagole,30.4,2026-06-01,00:00:00,38.0,2026-05-31,00:00:00,2026-06-01 00:20:28,30.55000000000001,Zone 4,43.9,Zone 4,30.7,Zone 4,39.4,Zone 4,35.3,Zone 4,43.6,Zone 4,39.7,Zone 4,55.4,Zone 5,43.9,Zone 4,60.9,Zone 5
Telangana,Nirmal ,Bhainsa Arg,28.4,2026-06-01,00:15:00,57.0,2026-05-31,00:15:00,2026-06-01 00:20:28,29.75,Zone 4,52.2,Zone 5,29.9,Zone 4,39.9,Zone 4,35.3,Zone 4,50.6,Zone 5,40.4,Zone 4,60.3,Zone 5,52.2,Zone 5,62.9,Zone 5
Telangana,Peddapalli,Ars Peddapally,28.6,2026-06-01,00:15:00,,,,2026-06-01 00:20:28,,,,,,,,,,,,,,,,,,,,
Telangana,Peddapalli,Kunaram,30.4,2026-06-01,00:00:00,30.0,2026-05-31,00:00:00,2026-06-01 00:20:28,29.75,Zone 4,42.2,Zone 4,29.8,Zone 4,38.0,Zone 4,34.2,Zone 4,41.9,Zone 4,38.3,Zone 4,46.8,Zone 5,42.2,Zone 4,59.1,Zone 5
Telangana,Rajanna Sircilla,Sircilla,28.0,2026-06-01,00:15:00,51.0,2026-05-31,00:15:00,2026-06-01 00:20:28,28.650000000000034,Zone 4,43.0,Zone 5,28.7,Zone 4,38.1,Zone 4,33.7,Zone 4,42.6,Zone 4,38.5,Zone 4,56.7,Zone 5,43.0,Zone 5,61.3,Zone 5
Telangana,Ranga Reddy,Dullapally,,,,68.0,2026-05-31,00:00:00,2026-06-01 00:20:28,,,,,,,,,,,,,,,,,,,,
Telangana,Ranga Reddy,Esci Gachibowli,26.5,2026-06-01,00:00:00,61.0,2026-05-31,00:00:00,2026-06-01 00:20:28,27.450000000000045,Zone 4,44.6,Zone 5,27.4,Zone 4,37.3,Zone 4,32.8,Zone 4,43.2,Zone 5,37.7,Zone 4,58.0,Zone 5,44.6,Zone 5,61.6,Zone 5
Telangana,Ranga Reddy,Ghatkesar,30.6,2026-06-01,00:00:00,42.0,2026-05-31,00:00:00,2026-06-01 00:20:28,31.25,Zone 4,46.1,Zone 5,31.1,Zone 4,40.2,Zone 4,36.0,Zone 4,44.7,Zone 5,40.5,Zone 4,59.1,Zone 5,46.1,Zone 5,61.8,Zone 5
Telangana,Ranga Reddy,Hayathnagar,30.2,2026-06-01,00:00:00,40.0,2026-05-31,00:00:00,2026-06-01 00:20:28,30.450000000000045,Zone 4,43.6,Zone 4,30.2,Zone 4,39.1,Zone 4,35.0,Zone 4,43.3,Zone 4,39.4,Zone 4,55.3,Zone 5,43.6,Zone 4,60.9,Zone 5
Telangana,Ranga Reddy,Ibrahimpatam,29.4,2026-06-01,00:00:00,45.0,2026-05-31,00:00:00,2026-06-01 00:20:28,29.950000000000045,Zone 4,44.4,Zone 5,30.1,Zone 4,39.3,Zone 4,35.0,Zone 4,43.7,Zone 4,39.6,Zone 4,57.9,Zone 5,44.4,Zone 5,61.5,Zone 5
Telangana,Sangareddy,Kandi,28.0,2026-06-01,00:15:00,54.0,2026-05-31,00:15:00,2026-06-01 00:20:28,28.950000000000045,Zone 4,46.1,Zone 5,28.9,Zone 4,38.6,Zone 4,34.1,Zone 4,44.6,Zone 5,39.0,Zone 4,59.0,Zone 5,46.1,Zone 5,61.8,Zone 5
Telangana,Siddipet,Kaveri Siddipet,27.2,2026-06-01,00:00:00,52.0,2026-05-31,00:00:00,2026-06-01 00:20:28,27.75,Zone 4,41.6,Zone 4,27.5,Zone 4,36.8,Zone 4,32.5,Zone 4,41.2,Zone 4,37.1,Zone 4,53.1,Zone 5,41.6,Zone 4,60.4,Zone 5
Telangana,Suryapet,Suryapet Arg,33.6,2026-06-01,00:00:00,45.0,2026-05-31,00:00:00,2026-06-01 00:20:28,36.35000000000002,Zone 4,60.7,Zone 5,36.1,Zone 4,47.9,Zone 5,41.5,Zone 4,60.3,Zone 5,50.1,Zone 5,63.3,Zone 5,60.7,Zone 5,65.5,Zone 5
Telangana,Wanaparthy,Horticultural University Mojer,28.3,2026-06-01,00:15:00,84.0,2026-05-31,00:15:00,2026-06-01 00:20:28,33.150000000000034,Zone 4,63.9,Zone 5,33.7,Zone 4,60.0,Zone 5,46.1,Zone 5,63.5,Zone 5,60.6,Zone 5,66.0,Zone 5,63.9,Zone 5,67.9,Zone 5
Telangana,Warangal Rural,Siddhapur,30.3,2026-06-01,00:15:00,43.0,2026-05-31,00:15:00,2026-06-01 00:20:28,30.950000000000045,Zone 4,47.3,Zone 5,31.2,Zone 4,40.4,Zone 4,36.1,Zone 4,45.9,Zone 5,40.7,Zone 4,59.3,Zone 5,47.3,Zone 5,62.1,Zone 5
Tripura,Dhalai,Dholai Kvk,27.2,2026-06-01,00:15:00,93.0,2026-05-31,00:15:00,2026-06-01 00:20:28,32.05000000000001,Zone 4,63.4,Zone 5,31.5,Zone 4,59.5,Zone 5,43.3,Zone 5,63.0,Zone 5,60.0,Zone 5,65.6,Zone 5,63.4,Zone 5,67.5,Zone 5
Tripura,Dhalai,Gandachara,26.4,2026-06-01,00:15:00,100.0,2026-05-31,00:15:00,2026-06-01 00:20:28,31.05000000000001,Zone 4,64.1,Zone 5,31.3,Zone 4,60.2,Zone 5,47.0,Zone 5,63.7,Zone 5,60.8,Zone 5,66.2,Zone 5,64.1,Zone 5,68.0,Zone 5
Tripura,Khowai,Khowai,28.5,2026-06-01,00:00:00,,,,2026-06-01 00:20:28,,,,,,,,,,,,,,,,,,,,
Tripura,Khowai,Teliamura,28.4,2026-06-01,00:00:00,95.0,2026-05-31,00:00:00,2026-06-01 00:20:28,35.75,Zone 4,66.5,Zone 5,36.1,Zone 4,63.1,Zone 5,59.5,Zone 5,66.1,Zone 5,63.6,Zone 5,68.2,Zone 5,66.5,Zone 5,69.8,Zone 5
Tripura,North Tripura,Ashapara,26.9,2026-06-01,00:15:00,100.0,2026-05-31,00:15:00,2026-06-01 00:20:28,32.35000000000002,Zone 4,65.0,Zone 5,32.7,Zone 4,61.3,Zone 5,52.3,Zone 5,64.6,Zone 5,61.8,Zone 5,66.9,Zone 5,65.0,Zone 5,68.7,Zone 5
Tripura,North Tripura,Kamalpur,28.1,2026-06-01,00:15:00,92.0,2026-05-31,00:15:00,2026-06-01 00:20:28,34.150000000000034,Zone 4,64.9,Zone 5,33.9,Zone 4,61.2,Zone 5,52.1,Zone 5,64.5,Zone 5,61.8,Zone 5,66.9,Zone 5,64.9,Zone 5,68.6,Zone 5
Tripura,Sipahijala,Cti,28.1,2026-06-01,00:15:00,,,,2026-06-01 00:20:28,,,,,,,,,,,,,,,,,,,,
Tripura,Sipahijala,Sipahijala,27.6,2026-06-01,00:15:00,100.0,2026-05-31,00:15:00,2026-06-01 00:20:28,34.450000000000045,Zone 4,65.8,Zone 5,34.1,Zone 4,62.3,Zone 5,57.3,Zone 5,65.4,Zone 5,62.9,Zone 5,67.7,Zone 5,65.8,Zone 5,69.3,Zone 5
Tripura,Sipahijala,Sonamura,31.7,2026-06-01,00:15:00,,,,2026-06-01 00:20:28,,,,,,,,,,,,,,,,,,,,
Tripura,South Tripura,Gokulpur,28.9,2026-06-01,00:00:00,,,,2026-06-01 00:20:28,,,,,,,,,,,,,,,,,,,,
Tripura,South Tripura,Sabroom,26.8,2026-06-01,00:15:00,57.0,2026-05-31,00:15:00,2026-06-01 00:20:28,27.55000000000001,Zone 4,43.5,Zone 5,27.8,Zone 4,37.5,Zone 4,33.0,Zone 4,42.2,Zone 5,37.9,Zone 4,57.2,Zone 5,43.5,Zone 5,61.4,Zone 5
Tripura,Unakoti,Kailashahar,27.9,2026-06-01,00:15:00,93.0,2026-05-31,00:15:00,2026-06-01 00:20:28,33.85000000000002,Zone 4,65.1,Zone 5,34.1,Zone 4,61.5,Zone 5,53.5,Zone 5,64.8,Zone 5,62.1,Zone 5,67.1,Zone 5,65.1,Zone 5,68.8,Zone 5
Tripura,West Tripura,Agartala Airport,29.0,2026-06-01,00:00:00,94.0,2026-05-31,00:00:00,2026-06-01 00:20:28,39.650000000000034,Zone 5,67.1,Zone 5,39.7,Zone 5,63.9,Zone 5,60.4,Zone 5,66.7,Zone 5,64.4,Zone 5,68.7,Zone 5,67.1,Zone 5,70.2,Zone 5
Tripura,West Tripura,A D Nagar Amfu,28.8,2026-06-01,00:15:00,74.0,2026-05-31,00:15:00,2026-06-01 00:20:28,32.650000000000034,Zone 4,62.3,Zone 5,33.0,Zone 4,55.7,Zone 5,39.7,Zone 4,61.9,Zone 5,57.8,Zone 5,64.6,Zone 5,62.3,Zone 5,66.7,Zone 5
Tripura,West Tripura,Dm Office West Agartala,29.3,2026-06-01,00:00:00,,,,2026-06-01 00:20:28,,,,,,,,,,,,,,,,,,,,
Tripura,West Tripura,Hrc Nagicherra,27.8,2026-06-01,00:00:00,,,,2026-06-01 00:20:28,,,,,,,,,,,,,,,,,,,,
Tripura,West Tripura,Khumluwang,27.4,2026-06-01,00:15:00,,,,2026-06-01 00:20:28,,,,,,,,,,,,,,,,,,,,
Tripura,West Tripura,Secretariat,29.3,2026-06-01,00:00:00,,,,2026-06-01 00:20:28,,,,,,,,,,,,,,,,,,,,
Uttarakhand,Almora,Chaubatia Ranikhet,15.2,2026-06-01,00:15:00,81.0,2026-05-31,00:15:00,2026-06-01 00:20:28,14.650000000000034,Zone 3,29.1,Zone 4,14.4,Zone 3,25.0,Zone 3,21.5,Zone 3,29.0,Zone 4,25.1,Zone 3,32.9,Zone 4,29.1,Zone 4,36.7,Zone 4
Uttarakhand,Almora,Matela Kvk,16.6,2026-06-01,00:15:00,100.0,2026-05-31,00:15:00,2026-06-01 00:20:28,17.350000000000023,Zone 3,31.6,Zone 4,17.2,Zone 3,26.9,Zone 4,23.2,Zone 3,31.4,Zone 4,27.0,Zone 4,35.7,Zone 4,31.6,Zone 4,46.6,Zone 5
Uttarakhand,Chamoli,Chamoli,17.6,2026-06-01,00:00:00,84.0,2026-05-31,00:00:00,2026-06-01 00:20:28,17.850000000000023,Zone 3,31.9,Zone 4,17.7,Zone 3,27.4,Zone 4,23.6,Zone 3,31.8,Zone 4,27.6,Zone 4,36.0,Zone 4,31.9,Zone 4,43.9,Zone 5
Uttarakhand,Chamoli,Tharali,,,,14.0,2026-05-31,00:00:00,2026-06-01 00:20:28,,,,,,,,,,,,,,,,,,,,
Uttarakhand,Champawat,Champawat,15.2,2026-06-01,00:00:00,,,,2026-06-01 00:20:28,,,,,,,,,,,,,,,,,,,,
Uttarakhand,Dehradun,Dehradun,,,,68.0,2026-05-31,00:00:00,2026-06-01 00:20:28,,,,,,,,,,,,,,,,,,,,
Uttarakhand,Dehradun,Hatibharkala,21.0,2026-06-01,00:15:00,97.0,2026-05-31,00:15:00,2026-06-01 00:20:28,22.450000000000045,Zone 3,40.6,Zone 5,22.5,Zone 3,32.6,Zone 4,27.6,Zone 4,39.4,Zone 5,33.0,Zone 4,54.6,Zone 5,40.6,Zone 5,60.8,Zone 5
Uttarakhand,Dehradun,Jollygrant,22.4,2026-06-01,00:00:00,77.0,2026-05-31,00:00:00,2026-06-01 00:20:28,23.25,Zone 3,38.2,Zone 4,23.4,Zone 3,33.2,Zone 4,28.5,Zone 4,37.9,Zone 4,33.5,Zone 4,50.0,Zone 5,38.2,Zone 4,59.8,Zone 5
Uttarakhand,Dehradun,Maldevta,21.6,2026-06-01,00:15:00,92.0,2026-05-31,00:15:00,2026-06-01 00:20:28,22.950000000000045,Zone 3,40.3,Zone 5,22.9,Zone 3,32.9,Zone 4,28.0,Zone 4,39.1,Zone 5,33.3,Zone 4,54.3,Zone 5,40.3,Zone 5,60.7,Zone 5
Uttarakhand,Dehradun,Massouri,17.0,2026-06-01,00:00:00,86.0,2026-05-31,00:00:00,2026-06-01 00:20:28,17.150000000000034,Zone 3,31.5,Zone 4,17.2,Zone 3,27.0,Zone 4,23.3,Zone 3,31.3,Zone 4,27.1,Zone 4,35.5,Zone 4,31.5,Zone 4,42.7,Zone 5
Uttarakhand,Dehradun,Mohakampur,21.8,2026-06-01,00:15:00,99.0,2026-05-31,00:15:00,2026-06-01 00:20:28,23.450000000000045,Zone 3,48.4,Zone 5,23.7,Zone 3,34.4,Zone 4,29.2,Zone 4,46.8,Zone 5,34.9,Zone 4,59.5,Zone 5,48.4,Zone 5,62.2,Zone 5
Uttarakhand,Dehradun,Rishikesh,,,,86.0,2026-05-31,00:00:00,2026-06-01 00:20:28,,,,,,,,,,,,,,,,,,,,
Uttarakhand,Haridwar,Roorkee Amfu,23.2,2026-06-01,00:00:00,100.0,2026-05-31,00:00:00,2026-06-01 00:20:28,24.950000000000045,Zone 3,55.8,Zone 5,24.8,Zone 3,36.7,Zone 5,31.0,Zone 4,54.3,Zone 5,38.5,Zone 5,61.1,Zone 5,55.8,Zone 5,63.6,Zone 5
Uttarakhand,Nainital,Mukteshwar,21.8,2026-06-01,00:00:00,,,,2026-06-01 00:20:28,,,,,,,,,,,,,,,,,,,,
Uttarakhand,Nainital,Nainital(Jeolikot) Kvk,18.5,2026-05-31,23:30:00,85.0,2026-05-31,23:30:00,2026-06-01 00:20:28,18.950000000000045,Zone 3,33.2,Zone 4,19.0,Zone 3,28.6,Zone 4,24.4,Zone 3,33.0,Zone 4,28.8,Zone 4,37.3,Zone 4,33.2,Zone 4,48.8,Zone 5
Uttarakhand,Nainital,Th Kosiyakutoli,19.2,2026-06-01,00:15:00,100.0,2026-05-31,00:15:00,2026-06-01 00:20:28,20.55000000000001,Zone 3,35.1,Zone 4,20.3,Zone 3,29.9,Zone 4,25.1,Zone 3,34.8,Zone 4,30.2,Zone 4,45.3,Zone 5,35.1,Zone 4,58.2,Zone 5
Uttarakhand,Pauri Garhwal,Bharsar,13.8,2026-06-01,00:00:00,83.0,2026-05-31,00:00:00,2026-06-01 00:20:28,13.25,Zone 2,28.1,Zone 4,13.4,Zone 2,24.5,Zone 3,20.7,Zone 3,28.1,Zone 4,24.5,Zone 3,32.0,Zone 4,28.1,Zone 4,35.7,Zone 4
Uttarakhand,Pauri Garhwal,Srinagar Arg,24.5,2026-06-01,00:00:00,,,,2026-06-01 00:20:28,,,,,,,,,,,,,,,,,,,,
Uttarakhand,Pithoragarh,Gangolihat,16.7,2026-05-31,23:30:00,,,,2026-06-01 00:20:28,,,,,,,,,,,,,,,,,,,,
Uttarakhand,Rudraprayag,Rudra Prayag,22.3,2026-06-01,00:00:00,87.0,2026-05-31,00:00:00,2026-06-01 00:20:28,23.55000000000001,Zone 3,42.7,Zone 5,23.8,Zone 3,34.1,Zone 4,29.1,Zone 4,41.4,Zone 5,34.5,Zone 4,56.5,Zone 5,42.7,Zone 5,61.2,Zone 5
Uttarakhand,Tehri Garhwal,Devprayag,22.6,2026-06-01,00:00:00,86.0,2026-05-31,00:00:00,2026-06-01 00:20:28,23.850000000000023,Zone 3,42.0,Zone 5,23.7,Zone 3,34.0,Zone 4,29.1,Zone 4,40.7,Zone 5,34.4,Zone 4,55.9,Zone 5,42.0,Zone 5,61.1,Zone 5
Uttarakhand,Tehri Garhwal,Rani Chawri,,,,87.0,2026-05-31,00:00:00,2026-06-01 00:20:28,,,,,,,,,,,,,,,,,,,,
Uttarakhand,Udham Singh Nagar,Kashipur Aws400,23.3,2026-06-01,00:15:00,96.0,2026-05-31,00:15:00,2026-06-01 00:20:28,24.950000000000045,Zone 3,56.1,Zone 5,25.1,Zone 3,36.9,Zone 5,31.5,Zone 4,54.6,Zone 5,38.8,Zone 5,61.1,Zone 5,56.1,Zone 5,63.7,Zone 5
Uttarakhand,Uttarkashi,Purola,20.0,2026-06-01,00:00:00,98.0,2026-05-31,00:00:00,2026-06-01 00:20:28,21.350000000000023,Zone 3,36.5,Zone 4,21.4,Zone 3,31.1,Zone 4,26.2,Zone 4,36.2,Zone 4,31.5,Zone 4,49.7,Zone 5,36.5,Zone 4,59.7,Zone 5
Uttar Pradesh,Agra,Hydrogen Factory Bindukatra,26.2,2026-06-01,00:00:00,96.0,2026-05-31,00:00:00,2026-06-01 00:20:28,30.05000000000001,Zone 4,62.4,Zone 5,29.6,Zone 4,56.0,Zone 5,37.8,Zone 5,62.0,Zone 5,58.2,Zone 5,64.7,Zone 5,62.4,Zone 5,66.8,Zone 5
Uttar Pradesh,Aligarh,Quarsi Farms Quarsi,28.4,2026-06-01,00:00:00,96.0,2026-05-31,00:00:00,2026-06-01 00:20:28,36.05000000000001,Zone 4,66.7,Zone 5,37.0,Zone 5,63.4,Zone 5,59.8,Zone 5,66.3,Zone 5,63.9,Zone 5,68.4,Zone 5,66.7,Zone 5,69.9,Zone 5
Uttar Pradesh,Ambedkar Nagar,Collectorate Office Akbarpur,26.8,2026-06-01,00:00:00,,,,2026-06-01 00:20:28,,,,,,,,,,,,,,,,,,,,
Uttar Pradesh,Amethi,Tala Gram 400Aws,26.2,2026-06-01,00:15:00,77.0,2026-05-31,00:15:00,2026-06-01 00:20:28,28.150000000000034,Zone 4,56.5,Zone 5,27.9,Zone 4,39.0,Zone 4,33.9,Zone 4,55.0,Zone 5,39.5,Zone 4,61.2,Zone 5,56.5,Zone 5,63.7,Zone 5
Uttar Pradesh,Amroha,Amroha 400Aws,22.0,2026-06-01,00:15:00,100.0,2026-05-31,00:15:00,2026-06-01 00:20:28,23.75,Zone 3,49.1,Zone 5,23.7,Zone 3,34.5,Zone 4,29.3,Zone 4,47.5,Zone 5,35.0,Zone 4,59.7,Zone 5,49.1,Zone 5,62.4,Zone 5
Uttar Pradesh,Ayodhya,Ayodhya 400Aws,26.5,2026-06-01,00:15:00,93.0,2026-05-31,00:15:00,2026-06-01 00:20:28,30.350000000000023,Zone 4,62.6,Zone 5,30.4,Zone 4,57.0,Zone 5,38.8,Zone 5,62.2,Zone 5,59.0,Zone 5,64.9,Zone 5,62.6,Zone 5,66.9,Zone 5
Uttar Pradesh,Ayodhya,Krishi Vigyan Kendra Kumarganj,,,,83.0,2026-05-31,00:00:00,2026-06-01 00:20:28,,,,,,,,,,,,,,,,,,,,
Uttar Pradesh,Azamgarh,Azamgarh Kvk,28.9,2026-05-31,23:45:00,27.0,2026-05-31,23:45:00,2026-06-01 00:20:28,27.950000000000045,Zone 4,39.9,Zone 4,28.0,Zone 4,36.0,Zone 4,32.2,Zone 4,39.7,Zone 4,36.2,Zone 4,43.3,Zone 4,39.9,Zone 4,51.9,Zone 5
Uttar Pradesh,Azamgarh,Lalganj Tehsil Office,28.9,2026-06-01,00:00:00,,,,2026-06-01 00:20:28,,,,,,,,,,,,,,,,,,,,
Uttar Pradesh,Bahraich,Bharaich Amfu,,,,92.0,2026-05-31,00:00:00,2026-06-01 00:20:28,,,,,,,,,,,,,,,,,,,,
Uttar Pradesh,Ballia,Ballia  400Aws,26.0,2026-06-01,00:15:00,100.0,2026-05-31,00:15:00,2026-06-01 00:20:28,30.150000000000034,Zone 4,63.2,Zone 5,30.1,Zone 4,59.2,Zone 5,42.0,Zone 5,62.8,Zone 5,59.8,Zone 5,65.4,Zone 5,63.2,Zone 5,67.4,Zone 5
Uttar Pradesh,Banda,Banda 400Aws,26.4,2026-06-01,00:15:00,79.0,2026-05-31,00:15:00,2026-06-01 00:20:28,28.650000000000034,Zone 4,59.5,Zone 5,28.9,Zone 4,42.4,Zone 5,35.1,Zone 4,59.1,Zone 5,44.6,Zone 5,62.3,Zone 5,59.5,Zone 5,64.6,Zone 5
Uttar Pradesh,Barabanki,Barabanki 400Aws,24.4,2026-06-01,00:15:00,100.0,2026-05-31,00:15:00,2026-06-01 00:20:28,26.850000000000023,Zone 4,60.7,Zone 5,27.0,Zone 4,47.6,Zone 5,34.0,Zone 4,60.2,Zone 5,50.0,Zone 5,63.2,Zone 5,60.7,Zone 5,65.5,Zone 5
Uttar Pradesh,Bareilly,Bareilly Bilwa 400Aws,22.8,2026-06-01,00:15:00,100.0,2026-05-31,00:15:00,2026-06-01 00:20:28,24.55000000000001,Zone 3,55.8,Zone 5,24.8,Zone 3,36.7,Zone 5,31.0,Zone 4,54.3,Zone 5,38.5,Zone 5,61.1,Zone 5,55.8,Zone 5,63.6,Zone 5
Uttar Pradesh,Bijnor,Prithvipur 400Aws,22.7,2026-06-01,00:15:00,,,,2026-06-01 00:20:28,,,,,,,,,,,,,,,,,,,,
Uttar Pradesh,Bulandshahar,Bulandshahar Kvk,23.5,2026-06-01,00:15:00,89.0,2026-05-31,00:15:00,2026-06-01 00:20:28,24.950000000000045,Zone 3,50.7,Zone 5,24.9,Zone 3,36.0,Zone 4,30.9,Zone 4,49.1,Zone 5,36.5,Zone 4,60.0,Zone 5,50.7,Zone 5,62.7,Zone 5
Uttar Pradesh,Chitrakoot,Ganivan Kvk,27.8,2026-06-01,00:15:00,,,,2026-06-01 00:20:28,,,,,,,,,,,,,,,,,,,,
Uttar Pradesh,Etawah,Bbrau Agriculture College,25.9,2026-06-01,00:00:00,65.0,2026-05-31,00:00:00,2026-06-01 00:20:28,26.850000000000023,Zone 4,45.5,Zone 5,27.0,Zone 4,37.1,Zone 4,32.5,Zone 4,44.0,Zone 5,37.5,Zone 4,58.7,Zone 5,45.5,Zone 5,61.7,Zone 5
Uttar Pradesh,Farrukhabad,Farrukhabad 400Aws,23.0,2026-06-01,00:15:00,71.0,2026-05-31,00:15:00,2026-06-01 00:20:28,23.650000000000034,Zone 3,38.3,Zone 4,23.7,Zone 3,33.3,Zone 4,28.8,Zone 4,38.0,Zone 4,33.7,Zone 4,48.4,Zone 5,38.3,Zone 4,59.4,Zone 5
Uttar Pradesh,Fatehpur,Fatehpur Kvk,26.4,2026-06-01,00:15:00,,,,2026-06-01 00:20:28,,,,,,,,,,,,,,,,,,,,
Uttar Pradesh,Firozabad,Firozabad 400Aws,25.2,2026-06-01,00:15:00,100.0,2026-05-31,00:15:00,2026-06-01 00:20:28,28.350000000000023,Zone 4,61.5,Zone 5,28.0,Zone 4,51.8,Zone 5,35.2,Zone 4,61.1,Zone 5,54.1,Zone 5,64.0,Zone 5,61.5,Zone 5,66.1,Zone 5
Uttar Pradesh,Gautam Buddha Nagar,Kvk Chholas 400Aws,24.0,2026-06-01,00:15:00,88.0,2026-05-31,00:15:00,2026-06-01 00:20:28,25.450000000000045,Zone 4,53.1,Zone 5,25.5,Zone 4,36.8,Zone 4,31.6,Zone 4,51.6,Zone 5,37.3,Zone 4,60.5,Zone 5,53.1,Zone 5,63.1,Zone 5
Uttar Pradesh,Ghaziabad,Kv2 Airforce Hindon,25.1,2026-06-01,00:15:00,79.0,2026-05-31,00:15:00,2026-06-01 00:20:28,26.55000000000001,Zone 4,52.0,Zone 5,26.4,Zone 4,37.4,Zone 4,32.4,Zone 4,50.4,Zone 5,37.9,Zone 4,60.3,Zone 5,52.0,Zone 5,62.9,Zone 5
Uttar Pradesh,Hamirpur,Hamirpur 400Aws,26.2,2026-06-01,00:15:00,60.0,2026-05-31,00:15:00,2026-06-01 00:20:28,26.950000000000045,Zone 4,41.4,Zone 4,26.7,Zone 4,36.4,Zone 4,31.9,Zone 4,41.0,Zone 4,36.8,Zone 4,55.0,Zone 5,41.4,Zone 4,60.9,Zone 5
Uttar Pradesh,Hapur,Hapur 400Aws,23.5,2026-06-01,00:15:00,94.0,2026-05-31,00:15:00,2026-06-01 00:20:28,25.05000000000001,Zone 3,54.6,Zone 5,25.1,Zone 3,36.6,Zone 4,31.3,Zone 4,53.0,Zone 5,37.3,Zone 5,60.8,Zone 5,54.6,Zone 5,63.4,Zone 5
Uttar Pradesh,Hardoi,Hardoi 400Aws,23.2,2026-06-01,00:15:00,100.0,2026-05-31,00:15:00,2026-06-01 00:20:28,24.950000000000045,Zone 3,55.8,Zone 5,24.8,Zone 3,36.7,Zone 5,31.0,Zone 4,54.3,Zone 5,38.5,Zone 5,61.1,Zone 5,55.8,Zone 5,63.6,Zone 5
Uttar Pradesh,Jalaun,Jalaun 400Aws,25.2,2026-06-01,00:15:00,75.0,2026-05-31,00:15:00,2026-06-01 00:20:28,26.450000000000045,Zone 4,48.5,Zone 5,26.2,Zone 4,36.8,Zone 4,32.0,Zone 4,47.0,Zone 5,37.3,Zone 4,59.5,Zone 5,48.5,Zone 5,62.3,Zone 5
Uttar Pradesh,Jhansi,Bhundelkhand University,27.2,2026-06-01,00:15:00,22.0,2026-05-31,00:15:00,2026-06-01 00:20:28,25.950000000000045,Zone 4,37.2,Zone 4,25.8,Zone 4,33.6,Zone 4,29.9,Zone 4,37.1,Zone 4,33.7,Zone 4,40.5,Zone 4,37.2,Zone 4,43.8,Zone 4
Uttar Pradesh,Kashganj,Kashganj 400Aws,23.5,2026-06-01,00:15:00,100.0,2026-05-31,00:15:00,2026-06-01 00:20:28,25.25,Zone 3,58.9,Zone 5,25.3,Zone 3,39.9,Zone 5,31.9,Zone 4,57.4,Zone 5,42.0,Zone 5,61.8,Zone 5,58.9,Zone 5,64.2,Zone 5
Uttar Pradesh,Kushinagar,Kushinagar Kvk,26.6,2026-06-01,00:15:00,100.0,2026-05-31,00:15:00,2026-06-01 00:20:28,31.55000000000001,Zone 4,64.1,Zone 5,31.3,Zone 4,60.2,Zone 5,47.0,Zone 5,63.7,Zone 5,60.8,Zone 5,66.2,Zone 5,64.1,Zone 5,68.0,Zone 5
Uttar Pradesh,Lucknow,Integral University,25.9,2026-06-01,00:00:00,,,,2026-06-01 00:20:28,,,,,,,,,,,,,,,,,,,,
Uttar Pradesh,Lucknow,Lucknow Lab,33.4,2026-06-01,00:15:00,47.0,2026-05-31,00:15:00,2026-06-01 00:20:28,36.450000000000045,Zone 4,61.3,Zone 5,36.6,Zone 4,51.1,Zone 5,42.1,Zone 4,60.9,Zone 5,53.3,Zone 5,63.8,Zone 5,61.3,Zone 5,66.0,Zone 5
Uttar Pradesh,Lucknow,Meteorological Centre Amausi,25.5,2026-06-01,00:15:00,83.0,2026-05-31,00:15:00,2026-06-01 00:20:28,27.450000000000045,Zone 4,58.4,Zone 5,27.5,Zone 4,39.4,Zone 5,33.8,Zone 4,56.9,Zone 5,41.3,Zone 5,61.7,Zone 5,58.4,Zone 5,64.1,Zone 5
Uttar Pradesh,Mainpuri,Mainpuri Kvk,24.0,2026-06-01,00:15:00,100.0,2026-05-31,00:15:00,2026-06-01 00:20:28,26.150000000000034,Zone 4,59.8,Zone 5,26.1,Zone 4,43.6,Zone 5,32.9,Zone 4,59.4,Zone 5,45.9,Zone 5,62.5,Zone 5,59.8,Zone 5,64.8,Zone 5
Uttar Pradesh,Mathura,Collectorate Office,26.9,2026-06-01,00:00:00,85.0,2026-05-31,00:00:00,2026-06-01 00:20:28,30.25,Zone 4,61.7,Zone 5,30.4,Zone 4,52.7,Zone 5,37.3,Zone 4,61.3,Zone 5,55.0,Zone 5,64.1,Zone 5,61.7,Zone 5,66.2,Zone 5
Uttar Pradesh,Mathura,Mathura 400Aws,24.5,2026-06-01,00:15:00,,,,2026-06-01 00:20:28,,,,,,,,,,,,,,,,,,,,
Uttar Pradesh,Meerut,Ccsu Campus,,,,87.0,2026-05-31,00:00:00,2026-06-01 00:20:28,,,,,,,,,,,,,,,,,,,,
Uttar Pradesh,Mirzapur,Dagmapur 400Aws,29.3,2026-06-01,00:15:00,54.0,2026-05-31,00:15:00,2026-06-01 00:20:28,30.75,Zone 4,54.6,Zone 5,31.1,Zone 4,41.0,Zone 4,36.5,Zone 4,53.1,Zone 5,41.5,Zone 4,60.8,Zone 5,54.6,Zone 5,63.4,Zone 5
Uttar Pradesh,Moradabad,Ucheti 400Aws,22.2,2026-06-01,00:15:00,100.0,2026-05-31,00:15:00,2026-06-01 00:20:28,23.950000000000045,Zone 3,49.1,Zone 5,23.7,Zone 3,34.5,Zone 4,29.3,Zone 4,47.5,Zone 5,35.0,Zone 4,59.7,Zone 5,49.1,Zone 5,62.4,Zone 5
Uttar Pradesh,Muzaffarnagar,Sohanjani Tajan 400Aws,22.3,2026-06-01,00:15:00,97.0,2026-05-31,00:15:00,2026-06-01 00:20:28,23.950000000000045,Zone 3,50.2,Zone 5,24.1,Zone 3,35.1,Zone 4,29.9,Zone 4,48.7,Zone 5,35.6,Zone 4,59.9,Zone 5,50.2,Zone 5,62.6,Zone 5
Uttar Pradesh,Pratapgarh,Pratapgarh 400Aws,28.8,2026-06-01,00:15:00,69.0,2026-05-31,00:15:00,2026-06-01 00:20:28,31.850000000000023,Zone 4,61.1,Zone 5,32.2,Zone 4,49.6,Zone 5,38.5,Zone 4,60.7,Zone 5,52.0,Zone 5,63.6,Zone 5,61.1,Zone 5,65.8,Zone 5
Uttar Pradesh,Raebareli,Airport Fursatganj,25.5,2026-06-01,00:00:00,100.0,2026-05-31,00:00:00,2026-06-01 00:20:28,29.05000000000001,Zone 4,62.4,Zone 5,29.0,Zone 4,55.9,Zone 5,37.6,Zone 5,62.0,Zone 5,58.0,Zone 5,64.7,Zone 5,62.4,Zone 5,66.7,Zone 5
Uttar Pradesh,Saharanpur,Saharanpur 400Aws,23.4,2026-06-01,00:15:00,95.0,2026-05-31,00:15:00,2026-06-01 00:20:28,25.05000000000001,Zone 3,55.4,Zone 5,25.1,Zone 3,36.8,Zone 4,31.4,Zone 4,53.8,Zone 5,38.0,Zone 5,61.0,Zone 5,55.4,Zone 5,63.5,Zone 5
Uttar Pradesh,Sambhal,Sambhal Paltha 400Aws,22.5,2026-06-01,00:15:00,,,,2026-06-01 00:20:28,,,,,,,,,,,,,,,,,,,,
Uttar Pradesh,Shahjahanpur,Shahjahanpur 400Aws,23.8,2026-06-01,00:15:00,,,,2026-06-01 00:20:28,,,,,,,,,,,,,,,,,,,,
Uttar Pradesh,Shamli,Shamli 400Aws,24.0,2026-06-01,00:15:00,98.0,2026-05-31,00:15:00,2026-06-01 00:20:28,26.05000000000001,Zone 4,59.4,Zone 5,26.0,Zone 4,41.9,Zone 5,32.7,Zone 4,59.0,Zone 5,44.1,Zone 5,62.2,Zone 5,59.4,Zone 5,64.6,Zone 5
Uttar Pradesh,Sitapur,Ramkot 400Aws,23.2,2026-06-01,00:15:00,,,,2026-06-01 00:20:28,,,,,,,,,,,,,,,,,,,,
Uttar Pradesh,Sultanpur,Krishi Vigyan Kendra Barasin,26.0,2026-06-01,00:00:00,86.0,2026-05-31,00:00:00,2026-06-01 00:20:28,28.650000000000034,Zone 4,60.3,Zone 5,28.6,Zone 4,45.8,Zone 5,35.2,Zone 4,59.9,Zone 5,48.1,Zone 5,62.9,Zone 5,60.3,Zone 5,65.2,Zone 5
West Bengal,Alipurduar,Jayanti,26.7,2026-06-01,00:15:00,81.0,2026-05-31,00:15:00,2026-06-01 00:20:28,29.450000000000045,Zone 4,60.0,Zone 5,29.0,Zone 4,44.5,Zone 5,35.5,Zone 4,59.6,Zone 5,46.7,Zone 5,62.7,Zone 5,60.0,Zone 5,65.0,Zone 5
West Bengal,Cooch Behar,Dinhata Aws400,28.1,2026-06-01,00:15:00,100.0,2026-05-31,00:15:00,2026-06-01 00:20:28,38.25,Zone 5,66.7,Zone 5,37.1,Zone 5,63.4,Zone 5,59.8,Zone 5,66.3,Zone 5,63.9,Zone 5,68.4,Zone 5,66.7,Zone 5,70.0,Zone 5
West Bengal,Cooch Behar,Pundibari Amfu,29.6,2026-06-01,00:00:00,94.0,2026-05-31,00:00:00,2026-06-01 00:20:28,47.450000000000045,Zone 5,68.0,Zone 5,46.0,Zone 5,64.9,Zone 5,61.7,Zone 5,67.6,Zone 5,65.5,Zone 5,69.5,Zone 5,68.0,Zone 5,70.9,Zone 5
West Bengal,Darjeeling,Darjeeling Mo,17.4,2026-06-01,00:15:00,100.0,2026-05-31,00:15:00,2026-06-01 00:20:28,18.350000000000023,Zone 3,32.9,Zone 4,18.4,Zone 3,28.0,Zone 4,24.0,Zone 3,32.7,Zone 4,28.2,Zone 4,37.9,Zone 5,32.9,Zone 4,51.3,Zone 5
West Bengal,Darjeeling,Kharibari,27.7,2026-06-01,00:00:00,97.0,2026-05-31,00:00:00,2026-06-01 00:20:28,34.05000000000001,Zone 4,65.2,Zone 5,33.5,Zone 4,61.5,Zone 5,53.6,Zone 5,64.8,Zone 5,62.1,Zone 5,67.1,Zone 5,65.2,Zone 5,68.8,Zone 5
West Bengal,Howrah,Kvk Howrah Jagatballavapur,24.9,2026-06-01,00:15:00,,,,2026-06-01 00:20:28,,,,,,,,,,,,,,,,,,,,
West Bengal,Howrah,Uluberia,27.4,2026-06-01,00:00:00,87.0,2026-05-31,00:00:00,2026-06-01 00:20:28,31.55000000000001,Zone 4,63.0,Zone 5,31.8,Zone 4,58.5,Zone 5,40.6,Zone 5,62.6,Zone 5,59.4,Zone 5,65.2,Zone 5,63.0,Zone 5,67.2,Zone 5
West Bengal,Jalpaiguri,Banarhat,26.8,2026-06-01,00:15:00,81.0,2026-05-31,00:15:00,2026-06-01 00:20:28,29.55000000000001,Zone 4,60.8,Zone 5,30.0,Zone 4,48.3,Zone 5,36.5,Zone 4,60.4,Zone 5,50.6,Zone 5,63.3,Zone 5,60.8,Zone 5,65.6,Zone 5
West Bengal,Jalpaiguri,Dhupguri,27.6,2026-06-01,00:00:00,100.0,2026-05-31,00:00:00,2026-06-01 00:20:28,34.450000000000045,Zone 4,65.8,Zone 5,34.1,Zone 4,62.3,Zone 5,57.3,Zone 5,65.4,Zone 5,62.9,Zone 5,67.7,Zone 5,65.8,Zone 5,69.3,Zone 5
West Bengal,Jalpaiguri,Mal,27.3,2026-06-01,00:15:00,91.0,2026-05-31,00:15:00,2026-06-01 00:20:28,31.950000000000045,Zone 4,63.9,Zone 5,32.4,Zone 4,59.9,Zone 5,45.7,Zone 5,63.5,Zone 5,60.5,Zone 5,66.0,Zone 5,63.9,Zone 5,67.8,Zone 5
West Bengal,Jalpaiguri,Ramshai Kvk,26.7,2026-06-01,00:15:00,,,,2026-06-01 00:20:28,,,,,,,,,,,,,,,,,,,,
West Bengal,Jhargram,Jhargram,26.4,2026-06-01,00:00:00,88.0,2026-05-31,00:00:00,2026-06-01 00:20:28,29.55000000000001,Zone 4,61.5,Zone 5,29.8,Zone 4,51.9,Zone 5,36.7,Zone 4,61.1,Zone 5,54.2,Zone 5,64.0,Zone 5,61.5,Zone 5,66.1,Zone 5
West Bengal,Kolkata,Kolkata Airport,,,,87.0,2026-05-31,00:00:00,2026-06-01 00:20:28,,,,,,,,,,,,,,,,,,,,
West Bengal,Malda,Malda,27.3,2026-06-01,00:15:00,,,,2026-06-01 00:20:28,,,,,,,,,,,,,,,,,,,,
West Bengal,Murshidabad,Berhampore,27.6,2026-06-01,00:00:00,95.0,2026-05-31,00:00:00,2026-06-01 00:20:28,33.35000000000002,Zone 4,64.7,Zone 5,33.1,Zone 4,61.0,Zone 5,51.0,Zone 5,64.3,Zone 5,61.6,Zone 5,66.7,Zone 5,64.7,Zone 5,68.5,Zone 5
West Bengal,Murshidabad,Murshidabad Kvk,27.2,2026-06-01,00:15:00,,,,2026-06-01 00:20:28,,,,,,,,,,,,,,,,,,,,
West Bengal,Nadia,Bijpur,27.0,2026-06-01,00:00:00,100.0,2026-05-31,00:00:00,2026-06-01 00:20:28,32.650000000000034,Zone 4,65.0,Zone 5,32.7,Zone 4,61.3,Zone 5,52.3,Zone 5,64.6,Zone 5,61.8,Zone 5,66.9,Zone 5,65.0,Zone 5,68.7,Zone 5
West Bengal,Nadia,Kalyani Amfu,27.2,2026-06-01,00:00:00,100.0,2026-05-31,00:00:00,2026-06-01 00:20:28,33.25,Zone 4,65.0,Zone 5,32.7,Zone 4,61.3,Zone 5,52.3,Zone 5,64.6,Zone 5,61.8,Zone 5,66.9,Zone 5,65.0,Zone 5,68.7,Zone 5
West Bengal,North Dinajpur,Raiganj,28.0,2026-06-01,00:00:00,99.0,2026-05-31,00:00:00,2026-06-01 00:20:28,35.85000000000002,Zone 5,66.5,Zone 5,35.8,Zone 5,63.1,Zone 5,59.5,Zone 5,66.1,Zone 5,63.7,Zone 5,68.2,Zone 5,66.5,Zone 5,69.8,Zone 5
West Bengal,North Twenty Four Parganas,Ashoknagar Kvk,28.5,2026-06-01,00:15:00,,,,2026-06-01 00:20:28,,,,,,,,,,,,,,,,,,,,
West Bengal,North Twenty Four Parganas,Barrackpore Aws400,27.4,2026-06-01,00:15:00,66.0,2026-05-31,00:15:00,2026-06-01 00:20:28,29.150000000000034,Zone 4,55.4,Zone 5,29.3,Zone 4,39.8,Zone 4,35.0,Zone 4,53.9,Zone 5,40.4,Zone 4,61.0,Zone 5,55.4,Zone 5,63.5,Zone 5
West Bengal,North Twenty Four Parganas,Jisu Agarpara,29.3,2026-06-01,00:00:00,81.0,2026-05-31,00:00:00,2026-06-01 00:20:28,35.05000000000001,Zone 4,64.8,Zone 5,35.6,Zone 4,61.1,Zone 5,51.7,Zone 5,64.5,Zone 5,61.7,Zone 5,66.8,Zone 5,64.8,Zone 5,68.6,Zone 5
West Bengal,Purulia,Purulia Kvk,25.5,2026-06-01,00:15:00,,,,2026-06-01 00:20:28,,,,,,,,,,,,,,,,,,,,
West Bengal,South Dinajpur,Balurghat,29.1,2026-06-01,00:15:00,100.0,2026-05-31,00:15:00,2026-06-01 00:20:28,51.450000000000045,Zone 5,68.5,Zone 5,50.0,Zone 5,65.5,Zone 5,62.5,Zone 5,68.1,Zone 5,66.1,Zone 5,69.9,Zone 5,68.5,Zone 5,71.3,Zone 5
West Bengal,South Dinajpur,Majhian Amfu,28.9,2026-06-01,00:00:00,100.0,2026-05-31,00:00:00,2026-06-01 00:20:28,48.55000000000001,Zone 5,68.5,Zone 5,50.0,Zone 5,65.5,Zone 5,62.5,Zone 5,68.1,Zone 5,66.1,Zone 5,69.9,Zone 5,68.5,Zone 5,71.3,Zone 5
West Bengal,South Twenty Four Parganas,Alipore,28.1,2026-06-01,00:00:00,92.0,2026-05-31,00:00:00,2026-06-01 00:20:28,34.150000000000034,Zone 4,64.9,Zone 5,33.9,Zone 4,61.2,Zone 5,52.1,Zone 5,64.5,Zone 5,61.8,Zone 5,66.9,Zone 5,64.9,Zone 5,68.6,Zone 5
West Bengal,South Twenty Four Parganas,Gangasagar,28.1,2026-06-01,00:15:00,,,,2026-06-01 00:20:28,,,,,,,,,,,,,,,,,,,,
,,,,,,,,,2026-06-01 00:20:28,,,,,,,,,,,,,,,,,,,,
,,,,,,,,,2026-06-01 00:20:28,,,,,,,,,,,,,,,,,,,,
,,,,,,,,,2026-06-01 00:20:28,,,,,,,,,,,,,,,,,,,,
,,,,,,,,,2026-06-01 00:20:28,,,,,,,,,,,,,,,,,,,,
Andaman And Nicobar,Nicobar,Campbell Bay,26.2,2026-06-01,01:30:00,97.0,2026-05-31,01:30:00,2026-06-01 01:51:39,30.25,Zone 4,62.6,Zone 5,29.8,Zone 4,57.0,Zone 5,38.8,Zone 5,62.2,Zone 5,59.0,Zone 5,64.9,Zone 5,62.6,Zone 5,66.9,Zone 5
Andaman And Nicobar,Nicobar,Car Nicobar,26.4,2026-06-01,01:30:00,95.0,2026-05-31,01:30:00,2026-06-01 01:51:39,30.450000000000045,Zone 4,63.0,Zone 5,30.6,Zone 4,58.8,Zone 5,41.0,Zone 5,62.6,Zone 5,59.5,Zone 5,65.3,Zone 5,63.0,Zone 5,67.2,Zone 5
Andaman And Nicobar,Nicobar,Nancowry,37.5,2026-06-01,01:30:00,99.0,2026-05-31,01:30:00,2026-06-01 01:51:39,88.85000000000002,Zone 6,97.5,Zone 6,88.9,Zone 6,93.9,Zone 6,91.8,Zone 6,96.7,Zone 6,94.7,Zone 6,99.6,Zone 6,97.5,Zone 6,102.4,Zone 6
Andaman And Nicobar,N M Andaman,Mayabunder,26.1,2026-06-01,01:30:00,97.0,2026-05-31,01:30:00,2026-06-01 01:51:39,29.950000000000045,Zone 4,62.6,Zone 5,29.8,Zone 4,57.0,Zone 5,38.8,Zone 5,62.2,Zone 5,59.0,Zone 5,64.9,Zone 5,62.6,Zone 5,66.9,Zone 5
Andaman And Nicobar,South Andaman,Ferrargunj,25.6,2026-06-01,01:45:00,82.0,2026-05-31,01:45:00,2026-06-01 01:51:39,27.55000000000001,Zone 4,57.6,Zone 5,27.4,Zone 4,38.8,Zone 4,33.6,Zone 4,56.1,Zone 5,40.4,Zone 5,61.5,Zone 5,57.6,Zone 5,64.0,Zone 5
Andaman And Nicobar,South Andaman,Hut Bay,26.0,2026-06-01,01:30:00,99.0,2026-05-31,01:30:00,2026-06-01 01:51:39,29.950000000000045,Zone 4,63.0,Zone 5,30.0,Zone 4,58.7,Zone 5,40.9,Zone 5,62.6,Zone 5,59.5,Zone 5,65.2,Zone 5,63.0,Zone 5,67.2,Zone 5
Andaman And Nicobar,South Andaman,Shaheed Dweep,26.1,2026-06-01,01:30:00,99.0,2026-05-31,01:30:00,2026-06-01 01:51:39,30.25,Zone 4,63.0,Zone 5,30.0,Zone 4,58.7,Zone 5,40.9,Zone 5,62.6,Zone 5,59.5,Zone 5,65.2,Zone 5,63.0,Zone 5,67.2,Zone 5
Andaman And Nicobar,South Andaman,Sri Vijaya Puram Aws400,29.4,2026-06-01,01:45:00,95.0,2026-05-31,01:45:00,2026-06-01 01:51:39,46.55000000000001,Zone 5,68.2,Zone 5,47.9,Zone 5,65.2,Zone 5,62.1,Zone 5,67.8,Zone 5,65.7,Zone 5,69.7,Zone 5,68.2,Zone 5,71.1,Zone 5
Andaman And Nicobar,South Andaman,Swaraj Deep,26.1,2026-06-01,01:45:00,87.0,2026-05-31,01:45:00,2026-06-01 01:51:39,28.850000000000023,Zone 4,60.5,Zone 5,28.7,Zone 4,46.9,Zone 5,35.4,Zone 4,60.1,Zone 5,49.2,Zone 5,63.1,Zone 5,60.5,Zone 5,65.4,Zone 5
Andhra Pradesh,Alluri Sitharama Raju,Araku Valley,24.8,2026-06-01,01:30:00,95.0,2026-05-31,01:30:00,2026-06-01 01:51:39,27.150000000000034,Zone 4,60.5,Zone 5,27.6,Zone 4,46.9,Zone 5,34.4,Zone 4,60.1,Zone 5,49.3,Zone 5,63.1,Zone 5,60.5,Zone 5,65.4,Zone 5
Andhra Pradesh,Alluri Sitharama Raju,Chintapalli Amfu,24.2,2026-06-01,01:30:00,91.0,2026-05-31,01:30:00,2026-06-01 01:51:39,25.950000000000045,Zone 4,55.5,Zone 5,25.6,Zone 4,37.2,Zone 4,31.9,Zone 4,54.0,Zone 5,38.1,Zone 5,61.0,Zone 5,55.5,Zone 5,63.5,Zone 5
Andhra Pradesh,Anakapalli,Yellamanchilli Vskp,28.3,2026-06-01,01:00:00,,,,2026-06-01 01:51:39,,,,,,,,,,,,,,,,,,,,
Andhra Pradesh,Anantapur,Kh Govtdegcollege Dharmavaram,29.0,2026-06-01,01:45:00,81.0,2026-05-31,01:45:00,2026-06-01 01:51:39,34.35000000000002,Zone 4,64.0,Zone 5,34.3,Zone 4,60.2,Zone 5,46.7,Zone 5,63.6,Zone 5,60.7,Zone 5,66.1,Zone 5,64.0,Zone 5,68.0,Zone 5
Andhra Pradesh,Bapatla,Chirala,28.3,2026-06-01,01:45:00,72.0,2026-05-31,01:45:00,2026-06-01 01:51:39,31.350000000000023,Zone 4,61.0,Zone 5,31.7,Zone 4,49.5,Zone 5,38.0,Zone 4,60.6,Zone 5,51.8,Zone 5,63.6,Zone 5,61.0,Zone 5,65.8,Zone 5
Andhra Pradesh,Eluru,Vijayarai,28.3,2026-06-01,01:45:00,63.0,2026-05-31,01:45:00,2026-06-01 01:51:39,30.25,Zone 4,58.2,Zone 5,30.6,Zone 4,41.1,Zone 4,36.3,Zone 4,56.7,Zone 5,41.7,Zone 4,61.6,Zone 5,58.2,Zone 5,64.1,Zone 5
Andhra Pradesh,Kakinada,Kakinada,29.6,2026-06-01,01:30:00,79.0,2026-05-31,01:30:00,2026-06-01 01:51:39,35.450000000000045,Zone 4,64.4,Zone 5,35.2,Zone 4,60.6,Zone 5,48.7,Zone 5,64.0,Zone 5,61.1,Zone 5,66.4,Zone 5,64.4,Zone 5,68.2,Zone 5
Andhra Pradesh,Kakinada,Peddapuram,29.0,2026-06-01,01:30:00,93.0,2026-05-31,01:30:00,2026-06-01 01:51:39,38.150000000000034,Zone 5,66.9,Zone 5,38.2,Zone 5,63.6,Zone 5,60.1,Zone 5,66.5,Zone 5,64.1,Zone 5,68.5,Zone 5,66.9,Zone 5,70.1,Zone 5
Andhra Pradesh,Konaseema,Ambajipeta Arg,27.6,2026-06-01,01:30:00,100.0,2026-05-31,01:30:00,2026-06-01 01:51:39,34.450000000000045,Zone 4,65.8,Zone 5,34.1,Zone 4,62.3,Zone 5,57.3,Zone 5,65.4,Zone 5,62.9,Zone 5,67.7,Zone 5,65.8,Zone 5,69.3,Zone 5
Andhra Pradesh,Konaseema,Ambajipeta Aws,27.5,2026-06-01,01:45:00,100.0,2026-05-31,01:45:00,2026-06-01 01:51:39,34.150000000000034,Zone 4,65.8,Zone 5,34.1,Zone 4,62.3,Zone 5,57.3,Zone 5,65.4,Zone 5,62.9,Zone 5,67.7,Zone 5,65.8,Zone 5,69.3,Zone 5
Andhra Pradesh,Krishna,Kv Gopalnagar Machilipatnam,24.0,2026-06-01,01:45:00,56.0,2026-05-31,01:45:00,2026-06-01 01:51:39,24.150000000000034,Zone 3,37.9,Zone 4,24.1,Zone 3,33.3,Zone 4,29.1,Zone 4,37.6,Zone 4,33.6,Zone 4,42.4,Zone 5,37.9,Zone 4,55.8,Zone 5
Andhra Pradesh,Ntr,Mylavaram College Of  Engineer,29.5,2026-06-01,01:45:00,85.0,2026-05-31,01:45:00,2026-06-01 01:51:39,36.650000000000034,Zone 4,65.8,Zone 5,36.6,Zone 4,62.3,Zone 5,57.3,Zone 5,65.4,Zone 5,62.9,Zone 5,67.7,Zone 5,65.8,Zone 5,69.3,Zone 5
Andhra Pradesh,Palnadu,Rentachintala,30.9,2026-06-01,01:30:00,58.0,2026-05-31,01:30:00,2026-06-01 01:51:39,34.05000000000001,Zone 4,61.1,Zone 5,34.2,Zone 4,49.9,Zone 5,40.1,Zone 4,60.7,Zone 5,52.2,Zone 5,63.6,Zone 5,61.1,Zone 5,65.8,Zone 5
Andhra Pradesh,Prakasam,Cs Puram,28.1,2026-06-01,01:45:00,77.0,2026-05-31,01:45:00,2026-06-01 01:51:39,31.650000000000034,Zone 4,61.5,Zone 5,31.4,Zone 4,51.6,Zone 5,38.0,Zone 4,61.0,Zone 5,53.9,Zone 5,63.9,Zone 5,61.5,Zone 5,66.1,Zone 5
Andhra Pradesh,Srikakulam,Nagaralapeta Kalingapatnam,,,,100.0,2026-05-31,01:45:00,2026-06-01 01:51:39,,,,,,,,,,,,,,,,,,,,
Andhra Pradesh,Srikakulam,Ragolu,27.8,2026-06-01,01:30:00,93.0,2026-05-31,01:30:00,2026-06-01 01:51:39,33.55000000000001,Zone 4,65.1,Zone 5,34.1,Zone 4,61.5,Zone 5,53.5,Zone 5,64.8,Zone 5,62.1,Zone 5,67.1,Zone 5,65.1,Zone 5,68.8,Zone 5
Andhra Pradesh,Visakhapatnam,Anandapuram Arg,28.0,2026-06-01,01:30:00,84.0,2026-05-31,01:30:00,2026-06-01 01:51:39,32.450000000000045,Zone 4,63.1,Zone 5,32.5,Zone 4,59.0,Zone 5,41.4,Zone 5,62.7,Zone 5,59.6,Zone 5,65.3,Zone 5,63.1,Zone 5,67.3,Zone 5
Andhra Pradesh,Visakhapatnam,Gangavaram Port,29.9,2026-06-01,01:45:00,,,,2026-06-01 01:51:39,,,,,,,,,,,,,,,,,,,,
Andhra Pradesh,Visakhapatnam,Mehadrigadda Dam,41.1,2026-06-01,01:45:00,93.0,2026-05-31,01:45:00,2026-06-01 01:51:39,100.55000000000001,Zone 6,108.6,Zone 6,100.1,Zone 6,104.9,Zone 6,103.0,Zone 6,107.7,Zone 6,105.8,Zone 6,110.5,Zone 6,108.6,Zone 6,113.3,Zone 6
Andhra Pradesh,Vizianagaram,Bobbili,28.5,2026-06-01,01:45:00,97.0,2026-05-31,01:45:00,2026-06-01 01:51:39,38.450000000000045,Zone 5,66.9,Zone 5,38.4,Zone 5,63.6,Zone 5,60.2,Zone 5,66.5,Zone 5,64.2,Zone 5,68.6,Zone 5,66.9,Zone 5,70.1,Zone 5
Andhra Pradesh,Vizianagaram,Vizianagaram,29.6,2026-06-01,01:30:00,95.0,2026-05-31,01:30:00,2026-06-01 01:51:39,49.25,Zone 5,68.2,Zone 5,47.9,Zone 5,65.2,Zone 5,62.1,Zone 5,67.8,Zone 5,65.7,Zone 5,69.7,Zone 5,68.2,Zone 5,71.1,Zone 5
Andhra Pradesh,West Godavari,Bhimavaram,29.7,2026-06-01,01:45:00,83.0,2026-05-31,01:45:00,2026-06-01 01:51:39,36.75,Zone 4,65.3,Zone 5,36.1,Zone 4,61.7,Zone 5,54.6,Zone 5,64.9,Zone 5,62.3,Zone 5,67.2,Zone 5,65.3,Zone 5,68.9,Zone 5
Andhra Pradesh,West Godavari,Kv Gopannapalem Eluru,29.1,2026-06-01,01:45:00,56.0,2026-05-31,01:45:00,2026-06-01 01:51:39,30.75,Zone 4,54.0,Zone 5,30.6,Zone 4,40.6,Zone 4,36.0,Zone 4,52.4,Zone 5,41.0,Zone 4,60.7,Zone 5,54.0,Zone 5,63.3,Zone 5
Andhra Pradesh,West Godavari,Maruteru,29.7,2026-06-01,01:30:00,98.0,2026-05-31,01:30:00,2026-06-01 01:51:39,56.150000000000034,Zone 5,68.9,Zone 5,53.4,Zone 5,66.1,Zone 5,63.1,Zone 5,68.5,Zone 5,66.6,Zone 5,70.3,Zone 5,68.9,Zone 5,71.7,Zone 6
Andhra Pradesh,West Godavari,Narsapur,29.1,2026-06-01,01:45:00,90.0,2026-05-31,01:45:00,2026-06-01 01:51:39,36.75,Zone 4,66.2,Zone 5,36.4,Zone 4,62.7,Zone 5,59.1,Zone 5,65.8,Zone 5,63.3,Zone 5,68.0,Zone 5,66.2,Zone 5,69.6,Zone 5
Andhra Pradesh,Ysr Kadapa,Agricultural College  Badvel,28.1,2026-06-01,01:45:00,78.0,2026-05-31,01:45:00,2026-06-01 01:51:39,31.75,Zone 4,61.7,Zone 5,31.6,Zone 4,52.7,Zone 5,38.2,Zone 4,61.3,Zone 5,55.0,Zone 5,64.1,Zone 5,61.7,Zone 5,66.2,Zone 5
Arunachal Pradesh,Anjaw,Hayuliang Circle,21.1,2026-06-01,01:45:00,93.0,2026-05-31,01:45:00,2026-06-01 01:51:39,22.450000000000045,Zone 3,38.2,Zone 5,22.3,Zone 3,32.3,Zone 4,27.3,Zone 4,37.3,Zone 4,32.6,Zone 4,52.2,Zone 5,38.2,Zone 5,60.3,Zone 5
Arunachal Pradesh,Anjaw,Kibitoo Circle,18.0,2026-06-01,01:30:00,88.0,2026-05-31,01:30:00,2026-06-01 01:51:39,18.55000000000001,Zone 3,32.8,Zone 4,18.5,Zone 3,28.1,Zone 4,24.1,Zone 3,32.6,Zone 4,28.3,Zone 4,36.9,Zone 4,32.8,Zone 4,48.0,Zone 5
Arunachal Pradesh,Changlang,Miao,25.1,2026-06-01,01:45:00,98.0,2026-05-31,01:45:00,2026-06-01 01:51:39,27.950000000000045,Zone 4,61.1,Zone 5,27.8,Zone 4,49.9,Zone 5,34.9,Zone 4,60.7,Zone 5,52.2,Zone 5,63.6,Zone 5,61.1,Zone 5,65.8,Zone 5
Arunachal Pradesh,Dibang Valley,Anini,18.5,2026-06-01,01:30:00,100.0,2026-05-31,01:30:00,2026-06-01 01:51:39,19.650000000000034,Zone 3,34.3,Zone 4,19.7,Zone 3,29.2,Zone 4,24.8,Zone 3,34.0,Zone 4,29.5,Zone 4,42.6,Zone 5,34.3,Zone 4,56.0,Zone 5
Arunachal Pradesh,East Kameng,Seppa Pampoli,27.3,2026-06-01,01:45:00,92.0,2026-05-31,01:45:00,2026-06-01 01:51:39,32.05000000000001,Zone 4,64.1,Zone 5,32.6,Zone 4,60.2,Zone 5,47.0,Zone 5,63.7,Zone 5,60.8,Zone 5,66.2,Zone 5,64.1,Zone 5,68.0,Zone 5
Arunachal Pradesh,East Siang,Pashighat,26.8,2026-06-01,01:00:00,,,,2026-06-01 01:51:39,,,,,,,,,,,,,,,,,,,,
Arunachal Pradesh,Kamle,Raga,21.3,2026-06-01,01:45:00,97.0,2026-05-31,01:45:00,2026-06-01 01:51:39,22.850000000000023,Zone 3,43.6,Zone 5,23.1,Zone 3,33.4,Zone 4,28.3,Zone 4,42.2,Zone 5,33.8,Zone 4,57.2,Zone 5,43.6,Zone 5,61.4,Zone 5
Arunachal Pradesh,Kurung Kumey,Koloraing,21.1,2026-06-01,01:45:00,100.0,2026-05-31,01:45:00,2026-06-01 01:51:39,22.75,Zone 3,42.5,Zone 5,22.6,Zone 3,32.8,Zone 4,27.7,Zone 4,41.2,Zone 5,33.3,Zone 4,56.3,Zone 5,42.5,Zone 5,61.2,Zone 5
Arunachal Pradesh,Kurung Kumey,Nyapin,20.9,2026-06-01,01:45:00,100.0,2026-05-31,01:45:00,2026-06-01 01:51:39,22.55000000000001,Zone 3,42.5,Zone 5,22.6,Zone 3,32.8,Zone 4,27.7,Zone 4,41.2,Zone 5,33.3,Zone 4,56.3,Zone 5,42.5,Zone 5,61.2,Zone 5
Arunachal Pradesh,Leparada,Basar,22.5,2026-06-01,01:15:00,,,,2026-06-01 01:51:39,,,,,,,,,,,,,,,,,,,,
Arunachal Pradesh,Lohit,Wakro,25.1,2026-06-01,01:45:00,,,,2026-06-01 01:51:39,,,,,,,,,,,,,,,,,,,,
Arunachal Pradesh,Longding,Longding,24.5,2026-06-01,01:30:00,,,,2026-06-01 01:51:39,,,,,,,,,,,,,,,,,,,,
Arunachal Pradesh,Longding,Longding New,23.8,2026-06-01,01:45:00,87.0,2026-05-31,01:45:00,2026-06-01 01:51:39,25.150000000000034,Zone 3,52.3,Zone 5,25.4,Zone 4,36.6,Zone 4,31.5,Zone 4,50.7,Zone 5,37.2,Zone 4,60.3,Zone 5,52.3,Zone 5,63.0,Zone 5
Arunachal Pradesh,Lower Subansiri,Deed,19.4,2026-06-01,01:45:00,100.0,2026-05-31,01:45:00,2026-06-01 01:51:39,20.75,Zone 3,35.9,Zone 4,20.9,Zone 3,30.6,Zone 4,25.7,Zone 4,35.5,Zone 4,30.9,Zone 4,48.0,Zone 5,35.9,Zone 4,59.4,Zone 5
Arunachal Pradesh,Lower Subansiri,Ziro Manipolyang,,,,99.0,2026-05-31,01:45:00,2026-06-01 01:51:39,,,,,,,,,,,,,,,,,,,,
Arunachal Pradesh,Namsai,Lekang,23.8,2026-06-01,01:45:00,94.0,2026-05-31,01:45:00,2026-06-01 01:51:39,25.450000000000045,Zone 4,57.7,Zone 5,25.8,Zone 4,38.6,Zone 5,32.2,Zone 4,56.2,Zone 5,40.6,Zone 5,61.5,Zone 5,57.7,Zone 5,64.0,Zone 5
Arunachal Pradesh,Namsai,Namsai Kvk,24.2,2026-06-01,01:45:00,100.0,2026-05-31,01:45:00,2026-06-01 01:51:39,26.450000000000045,Zone 4,59.8,Zone 5,26.1,Zone 4,43.6,Zone 5,32.9,Zone 4,59.4,Zone 5,45.9,Zone 5,62.5,Zone 5,59.8,Zone 5,64.8,Zone 5
Arunachal Pradesh,Papumpare,Itanagar,24.5,2026-06-01,01:45:00,100.0,2026-05-31,01:45:00,2026-06-01 01:51:39,27.05000000000001,Zone 4,60.7,Zone 5,27.0,Zone 4,47.6,Zone 5,34.0,Zone 4,60.2,Zone 5,50.0,Zone 5,63.2,Zone 5,60.7,Zone 5,65.5,Zone 5
Arunachal Pradesh,Shiyomi,Lamang 2,10.4,2026-06-01,01:30:00,98.0,2026-05-31,01:30:00,2026-06-01 01:51:39,10.350000000000023,Zone 2,25.2,Zone 3,10.4,Zone 2,22.6,Zone 3,18.0,Zone 3,25.3,Zone 3,22.6,Zone 3,29.0,Zone 4,25.2,Zone 3,32.7,Zone 4
Arunachal Pradesh,Tawang,Domane,,,,97.0,2026-05-31,01:30:00,2026-06-01 01:51:39,,,,,,,,,,,,,,,,,,,,
Arunachal Pradesh,Tirap,Deomali,23.8,2026-06-01,01:45:00,100.0,2026-05-31,01:45:00,2026-06-01 01:51:39,25.75,Zone 4,59.8,Zone 5,26.1,Zone 4,43.6,Zone 5,32.9,Zone 4,59.4,Zone 5,45.9,Zone 5,62.5,Zone 5,59.8,Zone 5,64.8,Zone 5
Arunachal Pradesh,Tirap,Longding,23.2,2026-06-01,01:45:00,,,,2026-06-01 01:51:39,,,,,,,,,,,,,,,,,,,,
Arunachal Pradesh,Upper Siang,Tenali,14.7,2026-06-01,01:30:00,100.0,2026-05-31,01:30:00,2026-06-01 01:51:39,14.850000000000023,Zone 3,29.2,Zone 4,14.6,Zone 3,25.0,Zone 3,21.5,Zone 3,29.1,Zone 4,25.1,Zone 3,33.2,Zone 4,29.2,Zone 4,38.1,Zone 5
Arunachal Pradesh,Upper Siang,Yingkiong,25.5,2026-06-01,01:30:00,,,,2026-06-01 01:51:39,,,,,,,,,,,,,,,,,,,,
Arunachal Pradesh,Upper Subhanseri,Daporijo,25.4,2026-06-01,01:45:00,91.0,2026-05-31,01:45:00,2026-06-01 01:51:39,27.950000000000045,Zone 4,60.5,Zone 5,28.1,Zone 4,47.0,Zone 5,34.9,Zone 4,60.1,Zone 5,49.3,Zone 5,63.1,Zone 5,60.5,Zone 5,65.4,Zone 5
Arunachal Pradesh,West Kameng,Bomdila,20.0,2026-06-01,01:30:00,,,,2026-06-01 01:51:39,,,,,,,,,,,,,,,,,,,,
Arunachal Pradesh,West Kameng,Dirang,22.3,2026-06-01,01:30:00,100.0,2026-05-31,01:45:00,2026-06-01 01:51:39,24.05000000000001,Zone 3,52.5,Zone 5,24.3,Zone 3,35.4,Zone 4,30.1,Zone 4,50.9,Zone 5,36.0,Zone 4,60.4,Zone 5,52.5,Zone 5,63.0,Zone 5
Arunachal Pradesh,West Kameng,Dirang,18.4,2026-06-01,01:45:00,100.0,2026-05-31,01:45:00,2026-06-01 01:51:39,19.55000000000001,Zone 3,34.3,Zone 4,19.7,Zone 3,29.2,Zone 4,24.8,Zone 3,34.0,Zone 4,29.5,Zone 4,42.6,Zone 5,34.3,Zone 4,56.0,Zone 5
Arunachal Pradesh,West Kameng,Kalaktang,18.1,2026-06-01,01:30:00,100.0,2026-05-31,01:30:00,2026-06-01 01:51:39,19.150000000000034,Zone 3,33.6,Zone 4,19.1,Zone 3,28.6,Zone 4,24.4,Zone 3,33.3,Zone 4,28.9,Zone 4,40.2,Zone 5,33.6,Zone 4,53.7,Zone 5
Arunachal Pradesh,West Siang,Along,24.9,2026-06-01,01:30:00,100.0,2026-05-31,01:30:00,2026-06-01 01:51:39,27.75,Zone 4,61.5,Zone 5,28.0,Zone 4,51.8,Zone 5,35.2,Zone 4,61.1,Zone 5,54.1,Zone 5,64.0,Zone 5,61.5,Zone 5,66.1,Zone 5
Arunachal Pradesh,West Siang,Yomcha,21.4,2026-06-01,01:45:00,100.0,2026-05-31,01:45:00,2026-06-01 01:51:39,23.05000000000001,Zone 3,45.7,Zone 5,23.2,Zone 3,33.6,Zone 4,28.5,Zone 4,44.3,Zone 5,34.1,Zone 4,58.9,Zone 5,45.7,Zone 5,61.8,Zone 5
Assam,Barpeta,Bajali University,27.2,2026-06-01,01:45:00,100.0,2026-05-31,01:45:00,2026-06-01 01:51:39,33.25,Zone 4,65.0,Zone 5,32.7,Zone 4,61.3,Zone 5,52.3,Zone 5,64.6,Zone 5,61.8,Zone 5,66.9,Zone 5,65.0,Zone 5,68.7,Zone 5
Assam,Barpeta,Barpeta Kvk,27.2,2026-06-01,01:45:00,100.0,2026-05-31,01:45:00,2026-06-01 01:51:39,33.25,Zone 4,65.0,Zone 5,32.7,Zone 4,61.3,Zone 5,52.3,Zone 5,64.6,Zone 5,61.8,Zone 5,66.9,Zone 5,65.0,Zone 5,68.7,Zone 5
Assam,Cachar,Silchar,27.1,2026-06-01,01:45:00,,,,2026-06-01 01:51:39,,,,,,,,,,,,,,,,,,,,
Assam,Charaideo,Sonari Aegcl,,,,100.0,2026-05-31,01:45:00,2026-06-01 01:51:39,,,,,,,,,,,,,,,,,,,,
Assam,Darrang,Dalgaon,26.6,2026-06-01,01:30:00,85.0,2026-05-31,01:30:00,2026-06-01 01:51:39,29.650000000000034,Zone 4,60.9,Zone 5,29.5,Zone 4,48.7,Zone 5,36.1,Zone 4,60.5,Zone 5,51.1,Zone 5,63.4,Zone 5,60.9,Zone 5,65.6,Zone 5
Assam,Darrang,Garukhuti,25.7,2026-06-01,01:45:00,47.0,2026-05-31,01:45:00,2026-06-01 01:51:39,25.650000000000034,Zone 4,38.7,Zone 4,25.4,Zone 4,34.3,Zone 4,30.2,Zone 4,38.5,Zone 4,34.6,Zone 4,42.4,Zone 4,38.7,Zone 4,55.5,Zone 5
Assam,Darrang,Mangaldai,24.9,2026-06-01,01:30:00,88.0,2026-05-31,01:30:00,2026-06-01 01:51:39,26.850000000000023,Zone 4,59.1,Zone 5,27.0,Zone 4,40.4,Zone 5,33.5,Zone 4,57.8,Zone 5,42.4,Zone 5,61.9,Zone 5,59.1,Zone 5,64.3,Zone 5
Assam,Dhemaji,Silapathar Science College,26.1,2026-06-01,01:45:00,100.0,2026-05-31,01:45:00,2026-06-01 01:51:39,30.350000000000023,Zone 4,63.2,Zone 5,30.1,Zone 4,59.2,Zone 5,42.0,Zone 5,62.8,Zone 5,59.8,Zone 5,65.4,Zone 5,63.2,Zone 5,67.4,Zone 5
Assam,Dhubri,Gauripur Aegcl,27.9,2026-06-01,01:45:00,91.0,2026-05-31,01:45:00,2026-06-01 01:51:39,33.450000000000045,Zone 4,64.7,Zone 5,33.7,Zone 4,61.0,Zone 5,50.8,Zone 5,64.3,Zone 5,61.5,Zone 5,66.7,Zone 5,64.7,Zone 5,68.5,Zone 5
Assam,Dibrugarh,Bcpl Dibrugarh,,,,76.0,2026-05-31,01:30:00,2026-06-01 01:51:39,,,,,,,,,,,,,,,,,,,,
Assam,Dibrugarh,Dc Ofc Dibrugarh,26.2,2026-06-01,01:30:00,99.0,2026-05-31,01:30:00,2026-06-01 01:51:39,30.450000000000045,Zone 4,63.0,Zone 5,30.0,Zone 4,58.7,Zone 5,40.9,Zone 5,62.6,Zone 5,59.5,Zone 5,65.2,Zone 5,63.0,Zone 5,67.2,Zone 5
Assam,Dibrugarh,Dibrugarh,22.8,2026-06-01,01:30:00,,,,2026-06-01 01:51:39,,,,,,,,,,,,,,,,,,,,
Assam,Dibrugarh,Lahowal,,,,13.0,2026-05-31,01:45:00,2026-06-01 01:51:39,,,,,,,,,,,,,,,,,,,,
Assam,Dima Hasao,Haflong,24.2,2026-06-01,01:30:00,84.0,2026-05-31,01:30:00,2026-06-01 01:51:39,25.55000000000001,Zone 4,49.8,Zone 5,25.2,Zone 3,36.3,Zone 4,31.2,Zone 4,48.3,Zone 5,36.8,Zone 4,59.8,Zone 5,49.8,Zone 5,62.5,Zone 5
Assam,Dima Hasao,Haflong Aegcl,24.4,2026-06-01,01:30:00,100.0,2026-05-31,01:30:00,2026-06-01 01:51:39,26.850000000000023,Zone 4,60.7,Zone 5,27.0,Zone 4,47.6,Zone 5,34.0,Zone 4,60.2,Zone 5,50.0,Zone 5,63.2,Zone 5,60.7,Zone 5,65.5,Zone 5
Assam,Dima Hasao,Lkhep,25.6,2026-06-01,01:30:00,100.0,2026-05-31,01:30:00,2026-06-01 01:51:39,29.25,Zone 4,62.4,Zone 5,29.0,Zone 4,55.9,Zone 5,37.6,Zone 5,62.0,Zone 5,58.0,Zone 5,64.7,Zone 5,62.4,Zone 5,66.7,Zone 5
Assam,Golaghat,Cnb Collage Bokakhat,26.7,2026-06-01,01:45:00,100.0,2026-05-31,01:45:00,2026-06-01 01:51:39,31.850000000000023,Zone 4,64.1,Zone 5,31.3,Zone 4,60.2,Zone 5,47.0,Zone 5,63.7,Zone 5,60.8,Zone 5,66.2,Zone 5,64.1,Zone 5,68.0,Zone 5
Assam,Hailakandi,Panchgram Aegcl,26.3,2026-06-01,01:45:00,99.0,2026-05-31,01:45:00,2026-06-01 01:51:39,30.650000000000034,Zone 4,63.9,Zone 5,31.2,Zone 4,60.0,Zone 5,45.8,Zone 5,63.5,Zone 5,60.5,Zone 5,66.0,Zone 5,63.9,Zone 5,67.9,Zone 5
Assam,Hajoi,Lumding,26.8,2026-06-01,01:30:00,86.0,2026-05-31,01:30:00,2026-06-01 01:51:39,30.150000000000034,Zone 4,61.9,Zone 5,30.6,Zone 4,53.8,Zone 5,37.5,Zone 4,61.5,Zone 5,56.0,Zone 5,64.3,Zone 5,61.9,Zone 5,66.4,Zone 5
Assam,Jorhat,Mariyani Aegcl,26.6,2026-06-01,01:00:00,,,,2026-06-01 01:51:39,,,,,,,,,,,,,,,,,,,,
Assam,Kamrup,Amingaon,26.6,2026-06-01,01:45:00,84.0,2026-05-31,01:45:00,2026-06-01 01:51:39,29.55000000000001,Zone 4,60.6,Zone 5,29.3,Zone 4,47.6,Zone 5,36.0,Zone 4,60.2,Zone 5,50.0,Zone 5,63.2,Zone 5,60.6,Zone 5,65.5,Zone 5
Assam,Kamrup,Boko Aegcl,26.1,2026-06-01,01:45:00,100.0,2026-05-31,01:45:00,2026-06-01 01:51:39,30.350000000000023,Zone 4,63.2,Zone 5,30.1,Zone 4,59.2,Zone 5,42.0,Zone 5,62.8,Zone 5,59.8,Zone 5,65.4,Zone 5,63.2,Zone 5,67.4,Zone 5
Assam,Kamrup,Chandubi,29.9,2026-06-01,01:45:00,6.0,2026-05-31,01:45:00,2026-06-01 01:51:39,27.450000000000045,Zone 4,37.8,Zone 4,27.6,Zone 4,34.6,Zone 4,31.2,Zone 4,37.8,Zone 4,34.6,Zone 4,40.8,Zone 4,37.8,Zone 4,43.8,Zone 4
Assam,Kamrup,Kukurmara Mirza Aegcl,25.6,2026-06-01,01:45:00,100.0,2026-05-31,01:45:00,2026-06-01 01:51:39,29.25,Zone 4,62.4,Zone 5,29.0,Zone 4,55.9,Zone 5,37.6,Zone 5,62.0,Zone 5,58.0,Zone 5,64.7,Zone 5,62.4,Zone 5,66.7,Zone 5
Assam,Kamrup Metropolitan,Aau Hrs,26.0,2026-06-01,01:30:00,99.0,2026-05-31,01:30:00,2026-06-01 01:51:39,29.950000000000045,Zone 4,63.0,Zone 5,30.0,Zone 4,58.7,Zone 5,40.9,Zone 5,62.6,Zone 5,59.5,Zone 5,65.2,Zone 5,63.0,Zone 5,67.2,Zone 5
Assam,Kamrup Metropolitan,Down Town University,25.5,2026-06-01,01:30:00,100.0,2026-05-31,01:30:00,2026-06-01 01:51:39,29.05000000000001,Zone 4,62.4,Zone 5,29.0,Zone 4,55.9,Zone 5,37.6,Zone 5,62.0,Zone 5,58.0,Zone 5,64.7,Zone 5,62.4,Zone 5,66.7,Zone 5
Assam,Kamrup Metropolitan,Gauhati University,25.8,2026-06-01,01:30:00,,,,2026-06-01 01:51:39,,,,,,,,,,,,,,,,,,,,
Assam,Kamrup Metropolitan,Guwahati,26.4,2026-06-01,01:30:00,86.0,2026-05-31,01:30:00,2026-06-01 01:51:39,29.350000000000023,Zone 4,61.1,Zone 5,29.6,Zone 4,49.8,Zone 5,36.3,Zone 4,60.7,Zone 5,52.1,Zone 5,63.6,Zone 5,61.1,Zone 5,65.8,Zone 5
Assam,Kamrup Metropolitan,Guwahati City,26.8,2026-06-01,01:30:00,100.0,2026-05-31,01:30:00,2026-06-01 01:51:39,32.150000000000034,Zone 4,65.0,Zone 5,32.7,Zone 4,61.3,Zone 5,52.3,Zone 5,64.6,Zone 5,61.8,Zone 5,66.9,Zone 5,65.0,Zone 5,68.7,Zone 5
Assam,Kamrup Metropolitan,Kalakshetra,27.4,2026-06-01,01:30:00,,,,2026-06-01 01:51:39,,,,,,,,,,,,,,,,,,,,
Assam,Kamrup Metropolitan,Kamakhya,26.9,2026-06-01,01:45:00,94.0,2026-05-31,01:45:00,2026-06-01 01:51:39,31.450000000000045,Zone 4,63.7,Zone 5,31.7,Zone 4,59.7,Zone 5,44.5,Zone 5,63.3,Zone 5,60.3,Zone 5,65.8,Zone 5,63.7,Zone 5,67.7,Zone 5
Assam,Kamrup Metropolitan,Vcbc Rani,24.9,2026-06-01,01:30:00,100.0,2026-05-31,01:30:00,2026-06-01 01:51:39,27.75,Zone 4,61.5,Zone 5,28.0,Zone 4,51.8,Zone 5,35.2,Zone 4,61.1,Zone 5,54.1,Zone 5,64.0,Zone 5,61.5,Zone 5,66.1,Zone 5
Assam,Karbi Anglong(East),Bakulia,27.6,2026-06-01,01:30:00,83.0,2026-05-31,01:30:00,2026-06-01 01:51:39,31.450000000000045,Zone 4,62.0,Zone 5,31.2,Zone 4,54.4,Zone 5,38.1,Zone 4,61.6,Zone 5,56.6,Zone 5,64.4,Zone 5,62.0,Zone 5,66.5,Zone 5
Assam,Karbi Anglong(East),Diphu,25.4,2026-06-01,01:45:00,100.0,2026-05-31,01:45:00,2026-06-01 01:51:39,28.75,Zone 4,62.4,Zone 5,29.0,Zone 4,55.9,Zone 5,37.6,Zone 5,62.0,Zone 5,58.0,Zone 5,64.7,Zone 5,62.4,Zone 5,66.7,Zone 5
Assam,Karbi Anglong(West),Kheronighat,26.4,2026-06-01,01:30:00,85.0,2026-05-31,01:30:00,2026-06-01 01:51:39,29.25,Zone 4,60.9,Zone 5,29.5,Zone 4,48.7,Zone 5,36.1,Zone 4,60.5,Zone 5,51.1,Zone 5,63.4,Zone 5,60.9,Zone 5,65.6,Zone 5
Assam,Karbi Anglong(West),Umlapher,20.1,2026-06-01,01:45:00,100.0,2026-05-31,01:45:00,2026-06-01 01:51:39,21.55000000000001,Zone 3,36.9,Zone 5,21.5,Zone 3,31.3,Zone 4,26.3,Zone 4,36.3,Zone 4,31.7,Zone 4,50.8,Zone 5,36.9,Zone 5,60.0,Zone 5
Assam,Karbi Anglong(West),Umpanai Apdcl,22.0,2026-06-01,01:45:00,100.0,2026-05-31,01:45:00,2026-06-01 01:51:39,23.75,Zone 3,49.1,Zone 5,23.7,Zone 3,34.5,Zone 4,29.3,Zone 4,47.5,Zone 5,35.0,Zone 4,59.7,Zone 5,49.1,Zone 5,62.4,Zone 5
Assam,Karimganj,Harinagar,,,,15.0,2026-05-31,01:30:00,2026-06-01 01:51:39,,,,,,,,,,,,,,,,,,,,
Assam,Karimganj,Karimganj Amfu,27.6,2026-06-01,01:30:00,96.0,2026-05-31,01:30:00,2026-06-01 01:51:39,33.55000000000001,Zone 4,65.0,Zone 5,33.3,Zone 4,61.3,Zone 5,52.3,Zone 5,64.6,Zone 5,61.8,Zone 5,66.9,Zone 5,65.0,Zone 5,68.7,Zone 5
Assam,Kokrajhar,Salakati Aegcl,26.6,2026-06-01,01:45:00,100.0,2026-05-31,01:45:00,2026-06-01 01:51:39,31.55000000000001,Zone 4,64.1,Zone 5,31.3,Zone 4,60.2,Zone 5,47.0,Zone 5,63.7,Zone 5,60.8,Zone 5,66.2,Zone 5,64.1,Zone 5,68.0,Zone 5
Assam,Marigaon,Dharamtul,26.8,2026-06-01,01:30:00,100.0,2026-05-31,01:30:00,2026-06-01 01:51:39,32.150000000000034,Zone 4,65.0,Zone 5,32.7,Zone 4,61.3,Zone 5,52.3,Zone 5,64.6,Zone 5,61.8,Zone 5,66.9,Zone 5,65.0,Zone 5,68.7,Zone 5
Assam,Marigaon,Laharighat,26.4,2026-06-01,01:30:00,88.0,2026-05-31,01:30:00,2026-06-01 01:51:39,29.55000000000001,Zone 4,61.5,Zone 5,29.8,Zone 4,51.9,Zone 5,36.7,Zone 4,61.1,Zone 5,54.2,Zone 5,64.0,Zone 5,61.5,Zone 5,66.1,Zone 5
Assam,Marigaon,Marigaon,26.5,2026-06-01,01:30:00,100.0,2026-05-31,01:30:00,2026-06-01 01:51:39,31.350000000000023,Zone 4,64.1,Zone 5,31.3,Zone 4,60.2,Zone 5,47.0,Zone 5,63.7,Zone 5,60.8,Zone 5,66.2,Zone 5,64.1,Zone 5,68.0,Zone 5
Assam,Nagaon,Kampur,25.1,2026-06-01,01:30:00,,,,2026-06-01 01:51:39,,,,,,,,,,,,,,,,,,,,
Assam,Nagaon,Samaguri Aegcl,26.2,2026-06-01,01:45:00,100.0,2026-05-31,01:45:00,2026-06-01 01:51:39,30.55000000000001,Zone 4,63.2,Zone 5,30.1,Zone 4,59.2,Zone 5,42.0,Zone 5,62.8,Zone 5,59.8,Zone 5,65.4,Zone 5,63.2,Zone 5,67.4,Zone 5
Assam,Nalbari,Chamata,35.3,2026-06-01,01:30:00,9.0,2026-05-31,01:30:00,2026-06-01 01:51:39,32.35000000000002,Zone 4,42.8,Zone 4,32.5,Zone 4,39.4,Zone 4,36.1,Zone 4,42.7,Zone 4,39.5,Zone 4,45.8,Zone 4,42.8,Zone 4,51.5,Zone 5
Assam,Nalbari,Nalbari,33.6,2026-06-01,01:30:00,98.0,2026-05-31,01:30:00,2026-06-01 01:51:39,72.45000000000005,Zone 6,80.8,Zone 6,72.0,Zone 6,77.3,Zone 6,75.0,Zone 6,80.2,Zone 6,77.9,Zone 6,83.1,Zone 6,80.8,Zone 6,85.9,Zone 6
Assam,Nalbari,Nalbari Kvk,27.0,2026-06-01,01:45:00,100.0,2026-05-31,01:45:00,2026-06-01 01:51:39,32.650000000000034,Zone 4,65.0,Zone 5,32.7,Zone 4,61.3,Zone 5,52.3,Zone 5,64.6,Zone 5,61.8,Zone 5,66.9,Zone 5,65.0,Zone 5,68.7,Zone 5
Assam,Nalbari,Tihu,27.9,2026-06-01,01:30:00,86.0,2026-05-31,01:30:00,2026-06-01 01:51:39,32.55000000000001,Zone 4,63.6,Zone 5,32.8,Zone 4,59.6,Zone 5,43.9,Zone 5,63.2,Zone 5,60.2,Zone 5,65.7,Zone 5,63.6,Zone 5,67.6,Zone 5
Assam,Sivasagar,Sivsagar Aegcl,26.1,2026-06-01,01:45:00,100.0,2026-05-31,01:45:00,2026-06-01 01:51:39,30.350000000000023,Zone 4,63.2,Zone 5,30.1,Zone 4,59.2,Zone 5,42.0,Zone 5,62.8,Zone 5,59.8,Zone 5,65.4,Zone 5,63.2,Zone 5,67.4,Zone 5
Assam,Sonitpur,Dhekiajuli Aegcl,26.1,2026-06-01,01:30:00,100.0,2026-05-31,01:30:00,2026-06-01 01:51:39,30.350000000000023,Zone 4,63.2,Zone 5,30.1,Zone 4,59.2,Zone 5,42.0,Zone 5,62.8,Zone 5,59.8,Zone 5,65.4,Zone 5,63.2,Zone 5,67.4,Zone 5
Assam,Sonitpur,Ghoramara Aegcl,25.7,2026-06-01,01:45:00,,,,2026-06-01 01:51:39,,,,,,,,,,,,,,,,,,,,
Assam,Sonitpur,Neriwalam,26.3,2026-06-01,01:45:00,100.0,2026-05-31,01:45:00,2026-06-01 01:51:39,30.850000000000023,Zone 4,64.1,Zone 5,31.3,Zone 4,60.2,Zone 5,47.0,Zone 5,63.7,Zone 5,60.8,Zone 5,66.2,Zone 5,64.1,Zone 5,68.0,Zone 5
Assam,Tinsukia,Margherita,24.2,2026-06-01,01:45:00,100.0,2026-05-31,01:45:00,2026-06-01 01:51:39,26.450000000000045,Zone 4,59.8,Zone 5,26.1,Zone 4,43.6,Zone 5,32.9,Zone 4,59.4,Zone 5,45.9,Zone 5,62.5,Zone 5,59.8,Zone 5,64.8,Zone 5
Assam,Tinsukia,Tinsukia,25.5,2026-06-01,01:30:00,92.0,2026-05-31,01:30:00,2026-06-01 01:51:39,28.25,Zone 4,60.7,Zone 5,28.2,Zone 4,48.0,Zone 5,35.1,Zone 4,60.3,Zone 5,50.3,Zone 5,63.3,Zone 5,60.7,Zone 5,65.5,Zone 5
Assam,Udalguri,Rowta Aegcl,25.9,2026-06-01,01:45:00,100.0,2026-05-31,01:45:00,2026-06-01 01:51:39,29.850000000000023,Zone 4,63.2,Zone 5,30.1,Zone 4,59.2,Zone 5,42.0,Zone 5,62.8,Zone 5,59.8,Zone 5,65.4,Zone 5,63.2,Zone 5,67.4,Zone 5
Assam,Udalguri,Udalguri,23.4,2026-06-01,01:30:00,80.0,2026-05-31,01:30:00,2026-06-01 01:51:39,24.450000000000045,Zone 3,43.4,Zone 5,24.6,Zone 3,34.9,Zone 4,30.1,Zone 4,42.1,Zone 5,35.4,Zone 4,57.1,Zone 5,43.4,Zone 5,61.3,Zone 5
Assam,Udalguri,Udi Kvk,26.0,2026-06-01,01:45:00,,,,2026-06-01 01:51:39,,,,,,,,,,,,,,,,,,,,
Bihar,Arwal,Arwal Aws400,25.3,2026-06-01,01:45:00,96.0,2026-05-31,01:45:00,2026-06-01 01:51:39,28.25,Zone 4,61.5,Zone 5,28.6,Zone 4,52.0,Zone 5,35.7,Zone 4,61.1,Zone 5,54.3,Zone 5,64.0,Zone 5,61.5,Zone 5,66.1,Zone 5
Bihar,Aurangabad,Aurangabad Kvk,26.5,2026-06-01,01:30:00,74.0,2026-05-31,01:30:00,2026-06-01 01:51:39,28.450000000000045,Zone 4,56.8,Zone 5,28.4,Zone 4,39.4,Zone 4,34.4,Zone 4,55.3,Zone 5,40.0,Zone 4,61.3,Zone 5,56.8,Zone 5,63.8,Zone 5
Bihar,Buxar,Buxar,27.2,2026-06-01,01:30:00,76.0,2026-05-31,01:30:00,2026-06-01 01:51:39,29.75,Zone 4,59.6,Zone 5,29.4,Zone 4,42.9,Zone 5,35.7,Zone 4,59.2,Zone 5,45.1,Zone 5,62.4,Zone 5,59.6,Zone 5,64.7,Zone 5
Bihar,Buxar,Dumaraon,25.2,2026-06-01,01:30:00,87.0,2026-05-31,01:30:00,2026-06-01 01:51:39,27.25,Zone 4,58.5,Zone 5,27.0,Zone 4,39.5,Zone 5,33.3,Zone 4,57.1,Zone 5,41.5,Zone 5,61.7,Zone 5,58.5,Zone 5,64.1,Zone 5
Bihar,Darbhanga,Darbhanga Aws400,27.2,2026-06-01,01:45:00,96.0,2026-05-31,01:45:00,2026-06-01 01:51:39,32.450000000000045,Zone 4,64.1,Zone 5,32.0,Zone 4,60.2,Zone 5,47.1,Zone 5,63.7,Zone 5,60.8,Zone 5,66.2,Zone 5,64.1,Zone 5,68.0,Zone 5
Bihar,East Champaran,East Champaran Kvk,,,,18.0,2026-05-31,01:45:00,2026-06-01 01:51:39,,,,,,,,,,,,,,,,,,,,
Bihar,Gaya,Bodhgaya,26.2,2026-06-01,01:45:00,72.0,2026-05-31,01:45:00,2026-06-01 01:51:39,27.75,Zone 4,52.0,Zone 5,27.5,Zone 4,38.1,Zone 4,33.3,Zone 4,50.5,Zone 5,38.6,Zone 4,60.3,Zone 5,52.0,Zone 5,62.9,Zone 5
Bihar,Jehanabad,Jehanabad,27.3,2026-06-01,01:30:00,86.0,2026-05-31,01:30:00,2026-06-01 01:51:39,31.150000000000034,Zone 4,62.7,Zone 5,31.6,Zone 4,57.5,Zone 5,39.4,Zone 5,62.3,Zone 5,59.2,Zone 5,65.0,Zone 5,62.7,Zone 5,67.0,Zone 5
Bihar,Kaimur,Bhabua,30.4,2026-06-01,01:30:00,74.0,2026-05-31,01:30:00,2026-06-01 01:51:39,36.35000000000002,Zone 4,64.7,Zone 5,36.6,Zone 4,61.0,Zone 5,50.8,Zone 5,64.3,Zone 5,61.5,Zone 5,66.7,Zone 5,64.7,Zone 5,68.5,Zone 5
Bihar,Kishanganj,Arrabari,27.2,2026-06-01,01:45:00,100.0,2026-05-31,01:45:00,2026-06-01 01:51:39,33.25,Zone 4,65.0,Zone 5,32.7,Zone 4,61.3,Zone 5,52.3,Zone 5,64.6,Zone 5,61.8,Zone 5,66.9,Zone 5,65.0,Zone 5,68.7,Zone 5
Bihar,Madhepura,Madhepura,27.2,2026-06-01,01:45:00,100.0,2026-05-31,01:45:00,2026-06-01 01:51:39,33.25,Zone 4,65.0,Zone 5,32.7,Zone 4,61.3,Zone 5,52.3,Zone 5,64.6,Zone 5,61.8,Zone 5,66.9,Zone 5,65.0,Zone 5,68.7,Zone 5
Bihar,Madhubani,Sukhet,26.9,2026-06-01,01:45:00,77.0,2026-05-31,01:45:00,2026-06-01 01:51:39,29.350000000000023,Zone 4,59.9,Zone 5,29.5,Zone 4,43.9,Zone 5,35.8,Zone 4,59.5,Zone 5,46.2,Zone 5,62.6,Zone 5,59.9,Zone 5,64.9,Zone 5
Bihar,Munger,Kvk Munger,25.9,2026-06-01,01:45:00,96.0,2026-05-31,01:45:00,2026-06-01 01:51:39,29.450000000000045,Zone 4,62.4,Zone 5,29.6,Zone 4,56.0,Zone 5,37.8,Zone 5,62.0,Zone 5,58.2,Zone 5,64.7,Zone 5,62.4,Zone 5,66.8,Zone 5
Bihar,Muzaffarpur,Saraiya Kvk,25.7,2026-06-01,01:45:00,100.0,2026-05-31,01:45:00,2026-06-01 01:51:39,29.450000000000045,Zone 4,62.4,Zone 5,29.0,Zone 4,55.9,Zone 5,37.6,Zone 5,62.0,Zone 5,58.0,Zone 5,64.7,Zone 5,62.4,Zone 5,66.7,Zone 5
Bihar,Nalanda,Harnaut,27.7,2026-06-01,01:30:00,100.0,2026-05-31,01:30:00,2026-06-01 01:51:39,34.75,Zone 4,65.8,Zone 5,34.1,Zone 4,62.3,Zone 5,57.3,Zone 5,65.4,Zone 5,62.9,Zone 5,67.7,Zone 5,65.8,Zone 5,69.3,Zone 5
Bihar,Nalanda,Rajgir,26.3,2026-06-01,01:45:00,100.0,2026-05-31,01:45:00,2026-06-01 01:51:39,30.850000000000023,Zone 4,64.1,Zone 5,31.3,Zone 4,60.2,Zone 5,47.0,Zone 5,63.7,Zone 5,60.8,Zone 5,66.2,Zone 5,64.1,Zone 5,68.0,Zone 5
Bihar,Patna,Baldwin Academy,28.7,2026-06-01,01:30:00,83.0,2026-05-31,01:30:00,2026-06-01 01:51:39,33.950000000000045,Zone 4,63.7,Zone 5,33.5,Zone 4,59.7,Zone 5,44.7,Zone 5,63.3,Zone 5,60.3,Zone 5,65.8,Zone 5,63.7,Zone 5,67.7,Zone 5
Bihar,Patna,Danapur Dps,30.0,2026-06-01,01:30:00,83.0,2026-05-31,01:30:00,2026-06-01 01:51:39,37.650000000000034,Zone 4,66.2,Zone 5,37.6,Zone 4,62.7,Zone 5,59.1,Zone 5,65.8,Zone 5,63.3,Zone 5,68.0,Zone 5,66.2,Zone 5,69.6,Zone 5
Bihar,Patna,Iit Patna,25.5,2026-06-01,01:30:00,100.0,2026-05-31,01:30:00,2026-06-01 01:51:39,29.05000000000001,Zone 4,62.4,Zone 5,29.0,Zone 4,55.9,Zone 5,37.6,Zone 5,62.0,Zone 5,58.0,Zone 5,64.7,Zone 5,62.4,Zone 5,66.7,Zone 5
Bihar,Patna,Kvk Barh,27.1,2026-06-01,01:45:00,92.0,2026-05-31,01:45:00,2026-06-01 01:51:39,31.650000000000034,Zone 4,63.2,Zone 5,31.4,Zone 4,59.2,Zone 5,42.1,Zone 5,62.8,Zone 5,59.8,Zone 5,65.4,Zone 5,63.2,Zone 5,67.4,Zone 5
Bihar,Patna,Patna,28.7,2026-06-01,01:30:00,80.0,2026-05-31,01:30:00,2026-06-01 01:51:39,33.450000000000045,Zone 4,63.0,Zone 5,32.9,Zone 4,58.6,Zone 5,40.7,Zone 5,62.6,Zone 5,59.5,Zone 5,65.2,Zone 5,63.0,Zone 5,67.2,Zone 5
Bihar,Purnea,Purnea Imd,38.4,2026-06-01,01:30:00,91.0,2026-05-31,01:30:00,2026-06-01 01:51:39,87.45000000000005,Zone 6,96.5,Zone 6,87.9,Zone 6,92.9,Zone 6,90.8,Zone 6,95.7,Zone 6,93.7,Zone 6,98.6,Zone 6,96.5,Zone 6,101.4,Zone 6
Bihar,Rohtas,Bikramganj,27.3,2026-06-01,01:45:00,94.0,2026-05-31,01:45:00,2026-06-01 01:51:39,32.450000000000045,Zone 4,64.5,Zone 5,32.9,Zone 4,60.7,Zone 5,49.7,Zone 5,64.1,Zone 5,61.3,Zone 5,66.5,Zone 5,64.5,Zone 5,68.3,Zone 5
Bihar,Rohtas,Dehri,37.0,2026-06-01,01:30:00,76.0,2026-05-31,01:30:00,2026-06-01 01:51:39,72.05000000000001,Zone 6,80.8,Zone 6,72.0,Zone 6,77.3,Zone 6,75.0,Zone 6,80.2,Zone 6,77.9,Zone 6,83.1,Zone 6,80.8,Zone 6,85.9,Zone 6
Bihar,Saharsa,Agwanpur Aws400,27.7,2026-06-01,01:45:00,100.0,2026-05-31,01:45:00,2026-06-01 01:51:39,34.75,Zone 4,65.8,Zone 5,34.1,Zone 4,62.3,Zone 5,57.3,Zone 5,65.4,Zone 5,62.9,Zone 5,67.7,Zone 5,65.8,Zone 5,69.3,Zone 5
Bihar,Samastipur,Pusa Aws400,26.7,2026-06-01,01:45:00,100.0,2026-05-31,01:45:00,2026-06-01 01:51:39,31.850000000000023,Zone 4,64.1,Zone 5,31.3,Zone 4,60.2,Zone 5,47.0,Zone 5,63.7,Zone 5,60.8,Zone 5,66.2,Zone 5,64.1,Zone 5,68.0,Zone 5
Bihar,Saran,Manjhi,26.3,2026-06-01,01:45:00,100.0,2026-05-31,01:45:00,2026-06-01 01:51:39,30.850000000000023,Zone 4,64.1,Zone 5,31.3,Zone 4,60.2,Zone 5,47.0,Zone 5,63.7,Zone 5,60.8,Zone 5,66.2,Zone 5,64.1,Zone 5,68.0,Zone 5
Bihar,Sheikpura,Sheikpura Kvk,27.0,2026-06-01,01:30:00,,,,2026-06-01 01:51:39,,,,,,,,,,,,,,,,,,,,
Bihar,Siwan,Ziradei,25.1,2026-06-01,01:45:00,100.0,2026-05-31,01:45:00,2026-06-01 01:51:39,28.150000000000034,Zone 4,61.5,Zone 5,28.0,Zone 4,51.8,Zone 5,35.2,Zone 4,61.1,Zone 5,54.1,Zone 5,64.0,Zone 5,61.5,Zone 5,66.1,Zone 5
Bihar,Supaul,Supaul Aws400,27.3,2026-06-01,01:45:00,100.0,2026-05-31,01:45:00,2026-06-01 01:51:39,33.55000000000001,Zone 4,65.8,Zone 5,34.1,Zone 4,62.3,Zone 5,57.3,Zone 5,65.4,Zone 5,62.9,Zone 5,67.7,Zone 5,65.8,Zone 5,69.3,Zone 5
Bihar,Vaishali,Vaishali,26.3,2026-06-01,01:30:00,100.0,2026-05-31,01:30:00,2026-06-01 01:51:39,30.850000000000023,Zone 4,64.1,Zone 5,31.3,Zone 4,60.2,Zone 5,47.0,Zone 5,63.7,Zone 5,60.8,Zone 5,66.2,Zone 5,64.1,Zone 5,68.0,Zone 5
Chandigarh,Chandigarh,Chandigarh,23.5,2026-06-01,01:30:00,,,,2026-06-01 01:51:39,,,,,,,,,,,,,,,,,,,,
Chandigarh,Chandigarh,Dav School,23.9,2026-06-01,01:45:00,88.0,2026-05-31,01:45:00,2026-06-01 01:51:39,25.25,Zone 3,53.1,Zone 5,25.5,Zone 4,36.8,Zone 4,31.6,Zone 4,51.6,Zone 5,37.3,Zone 4,60.5,Zone 5,53.1,Zone 5,63.1,Zone 5
Chhattisgarh,Balod,Balod Aws400,30.8,2026-06-01,01:30:00,47.0,2026-05-31,01:30:00,2026-06-01 01:51:39,32.150000000000034,Zone 4,54.9,Zone 5,32.4,Zone 4,42.0,Zone 4,37.6,Zone 4,53.4,Zone 5,42.5,Zone 4,60.9,Zone 5,54.9,Zone 5,63.4,Zone 5
Chhattisgarh,Balrampur,Balrampur,24.9,2026-06-01,01:30:00,,,,2026-06-01 01:51:39,,,,,,,,,,,,,,,,,,,,
Chhattisgarh,Balrampur,Balrampur Aws400,23.9,2026-06-01,01:45:00,100.0,2026-05-31,01:45:00,2026-06-01 01:51:39,25.950000000000045,Zone 4,59.8,Zone 5,26.1,Zone 4,43.6,Zone 5,32.9,Zone 4,59.4,Zone 5,45.9,Zone 5,62.5,Zone 5,59.8,Zone 5,64.8,Zone 5
Chhattisgarh,Bemetara,Bemetara,27.9,2026-06-01,01:45:00,57.0,2026-05-31,01:45:00,2026-06-01 01:51:39,29.05000000000001,Zone 4,49.2,Zone 5,29.2,Zone 4,39.1,Zone 4,34.5,Zone 4,47.7,Zone 5,39.5,Zone 4,59.7,Zone 5,49.2,Zone 5,62.4,Zone 5
Chhattisgarh,Bemetara,Bemetara Durg,28.2,2026-06-01,01:30:00,61.0,2026-05-31,01:30:00,2026-06-01 01:51:39,29.850000000000023,Zone 4,53.4,Zone 5,29.6,Zone 4,39.8,Zone 4,35.1,Zone 4,51.9,Zone 5,40.3,Zone 4,60.6,Zone 5,53.4,Zone 5,63.2,Zone 5
Chhattisgarh,Bilaspur,Bilaspur,26.9,2026-06-01,01:30:00,65.0,2026-05-31,01:30:00,2026-06-01 01:51:39,28.25,Zone 4,51.5,Zone 5,28.4,Zone 4,38.8,Zone 4,34.0,Zone 4,49.9,Zone 5,39.2,Zone 4,60.2,Zone 5,51.5,Zone 5,62.8,Zone 5
Chhattisgarh,Dhamtari,Nagri,,,,89.0,2026-05-31,01:30:00,2026-06-01 01:51:39,,,,,,,,,,,,,,,,,,,,
Chhattisgarh,Gariaband,Gariaband,25.2,2026-06-01,01:30:00,97.0,2026-05-31,01:30:00,2026-06-01 01:51:39,28.150000000000034,Zone 4,60.9,Zone 5,27.7,Zone 4,48.9,Zone 5,34.7,Zone 4,60.5,Zone 5,51.2,Zone 5,63.4,Zone 5,60.9,Zone 5,65.7,Zone 5
Chhattisgarh,Janjgir Champa,Janjgir,,,,96.0,2026-05-31,01:30:00,2026-06-01 01:51:39,,,,,,,,,,,,,,,,,,,,
Chhattisgarh,Janjgir Champa,Nawagarh,27.0,2026-06-01,01:30:00,65.0,2026-05-31,01:30:00,2026-06-01 01:51:39,28.450000000000045,Zone 4,51.5,Zone 5,28.4,Zone 4,38.8,Zone 4,34.0,Zone 4,49.9,Zone 5,39.2,Zone 4,60.2,Zone 5,51.5,Zone 5,62.8,Zone 5
Chhattisgarh,Janjgir Champa,Sakti,28.0,2026-06-01,01:30:00,61.0,2026-05-31,01:30:00,2026-06-01 01:51:39,29.55000000000001,Zone 4,53.4,Zone 5,29.6,Zone 4,39.8,Zone 4,35.1,Zone 4,51.9,Zone 5,40.3,Zone 4,60.6,Zone 5,53.4,Zone 5,63.2,Zone 5
Chhattisgarh,Jashpur,Bagicha,25.3,2026-06-01,01:30:00,75.0,2026-05-31,01:30:00,2026-06-01 01:51:39,26.650000000000034,Zone 4,51.6,Zone 5,26.9,Zone 4,37.7,Zone 4,32.8,Zone 4,50.1,Zone 5,38.2,Zone 4,60.2,Zone 5,51.6,Zone 5,62.8,Zone 5
Chhattisgarh,Jashpur,Pathalgaon,26.2,2026-06-01,01:30:00,,,,2026-06-01 01:51:39,,,,,,,,,,,,,,,,,,,,
Chhattisgarh,Kabirdham,Pandaria,30.2,2026-06-01,01:30:00,45.0,2026-05-31,01:30:00,2026-06-01 01:51:39,31.05000000000001,Zone 4,47.0,Zone 5,30.8,Zone 4,40.0,Zone 4,35.7,Zone 4,45.6,Zone 5,40.4,Zone 4,59.3,Zone 5,47.0,Zone 5,62.0,Zone 5
Chhattisgarh,Korba,Lakhanpur Kvk,26.8,2026-06-01,01:45:00,,,,2026-06-01 01:51:39,,,,,,,,,,,,,,,,,,,,
Chhattisgarh,Koriya,Koriya Kvk,23.6,2026-06-01,01:45:00,,,,2026-06-01 01:51:39,,,,,,,,,,,,,,,,,,,,
Chhattisgarh,Mahasamund,Pithora,27.2,2026-06-01,01:30:00,66.0,2026-05-31,01:30:00,2026-06-01 01:51:39,28.850000000000023,Zone 4,52.5,Zone 5,28.5,Zone 4,38.9,Zone 4,34.2,Zone 4,50.9,Zone 5,39.4,Zone 4,60.4,Zone 5,52.5,Zone 5,63.0,Zone 5
Chhattisgarh,Mungeli,Lormi,27.2,2026-06-01,01:30:00,64.0,2026-05-31,01:30:00,2026-06-01 01:51:39,28.650000000000034,Zone 4,50.5,Zone 5,28.3,Zone 4,38.6,Zone 4,33.9,Zone 4,48.9,Zone 5,39.1,Zone 4,60.0,Zone 5,50.5,Zone 5,62.6,Zone 5
Chhattisgarh,Pendra Road,Pendra Road,22.0,2026-06-01,01:45:00,100.0,2026-05-31,01:45:00,2026-06-01 01:51:39,23.75,Zone 3,49.1,Zone 5,23.7,Zone 3,34.5,Zone 4,29.3,Zone 4,47.5,Zone 5,35.0,Zone 4,59.7,Zone 5,49.1,Zone 5,62.4,Zone 5
Chhattisgarh,Raigarh,Dharamjaigarh,27.3,2026-06-01,01:30:00,68.0,2026-05-31,01:30:00,2026-06-01 01:51:39,29.150000000000034,Zone 4,57.3,Zone 5,29.5,Zone 4,40.2,Zone 4,35.3,Zone 4,55.8,Zone 5,40.8,Zone 4,61.4,Zone 5,57.3,Zone 5,63.9,Zone 5
Chhattisgarh,Raigarh,Raigarh,28.9,2026-06-01,01:30:00,59.0,2026-05-31,01:30:00,2026-06-01 01:51:39,30.75,Zone 4,57.0,Zone 5,30.9,Zone 4,41.2,Zone 4,36.5,Zone 4,55.6,Zone 5,41.7,Zone 4,61.4,Zone 5,57.0,Zone 5,63.9,Zone 5
Chhattisgarh,Raipur,Naya Raipur,29.4,2026-06-01,01:30:00,57.0,2026-05-31,01:30:00,2026-06-01 01:51:39,31.350000000000023,Zone 4,57.7,Zone 5,31.5,Zone 4,41.7,Zone 4,37.0,Zone 4,56.3,Zone 5,42.2,Zone 4,61.5,Zone 5,57.7,Zone 5,64.0,Zone 5
Chhattisgarh,Raipur,Raipur,29.1,2026-06-01,01:45:00,54.0,2026-05-31,01:45:00,2026-06-01 01:51:39,30.450000000000045,Zone 4,51.8,Zone 5,30.3,Zone 4,40.2,Zone 4,35.7,Zone 4,50.3,Zone 5,40.6,Zone 4,60.2,Zone 5,51.8,Zone 5,62.9,Zone 5
Chhattisgarh,Rajnandgaon,Rajnandgaon,30.6,2026-06-01,01:30:00,43.0,2026-05-31,01:30:00,2026-06-01 01:51:39,31.350000000000023,Zone 4,47.3,Zone 5,31.2,Zone 4,40.4,Zone 4,36.1,Zone 4,45.9,Zone 5,40.7,Zone 4,59.3,Zone 5,47.3,Zone 5,62.1,Zone 5
Dadra And Nagar Haveli,Dadar Nagar,Silvassa,29.2,2026-06-01,01:45:00,83.0,2026-05-31,01:45:00,2026-06-01 01:51:39,35.25,Zone 4,64.5,Zone 5,34.7,Zone 4,60.7,Zone 5,49.6,Zone 5,64.1,Zone 5,61.3,Zone 5,66.5,Zone 5,64.5,Zone 5,68.3,Zone 5
Daman And Diu,Daman,Daman Aws,29.6,2026-06-01,01:30:00,89.0,2026-05-31,01:30:00,2026-06-01 01:51:39,38.75,Zone 5,66.8,Zone 5,37.8,Zone 4,63.5,Zone 5,60.0,Zone 5,66.4,Zone 5,64.0,Zone 5,68.5,Zone 5,66.8,Zone 5,70.0,Zone 5
Daman And Diu,Diu,Diu,28.6,2026-06-01,01:30:00,90.0,2026-05-31,01:30:00,2026-06-01 01:51:39,35.150000000000034,Zone 4,65.3,Zone 5,34.9,Zone 4,61.7,Zone 5,54.5,Zone 5,64.9,Zone 5,62.3,Zone 5,67.2,Zone 5,65.3,Zone 5,68.9,Zone 5
Delhi,East Delhi,Salwan Public School,25.5,2026-06-01,01:30:00,79.0,2026-05-31,01:30:00,2026-06-01 01:51:39,27.25,Zone 4,55.1,Zone 5,27.2,Zone 4,38.3,Zone 4,33.3,Zone 4,53.6,Zone 5,38.9,Zone 4,60.9,Zone 5,55.1,Zone 5,63.5,Zone 5
Delhi,New Delhi,Pragati Maidan,26.0,2026-06-01,01:30:00,,,,2026-06-01 01:51:39,,,,,,,,,,,,,,,,,,,,
Delhi,New Delhi,Sports Complex,27.6,2026-06-01,01:30:00,84.0,2026-05-31,01:30:00,2026-06-01 01:51:39,31.55000000000001,Zone 4,62.3,Zone 5,31.4,Zone 4,55.5,Zone 5,38.3,Zone 4,61.9,Zone 5,57.7,Zone 5,64.6,Zone 5,62.3,Zone 5,66.7,Zone 5
Delhi,North West Delhi,Mungeshpur,25.4,2026-06-01,01:45:00,75.0,2026-05-31,01:45:00,2026-06-01 01:51:39,26.75,Zone 4,51.6,Zone 5,26.9,Zone 4,37.7,Zone 4,32.8,Zone 4,50.1,Zone 5,38.2,Zone 4,60.2,Zone 5,51.6,Zone 5,62.8,Zone 5
Delhi,North West Delhi,Pitampura,28.5,2026-06-01,01:30:00,75.0,2026-05-31,01:30:00,2026-06-01 01:51:39,32.150000000000034,Zone 4,61.8,Zone 5,32.1,Zone 4,53.1,Zone 5,38.7,Zone 4,61.4,Zone 5,55.4,Zone 5,64.2,Zone 5,61.8,Zone 5,66.3,Zone 5
Delhi,South Delhi,Pharma Science And Research Un,25.0,2026-06-01,01:45:00,78.0,2026-05-31,01:45:00,2026-06-01 01:51:39,26.350000000000023,Zone 4,51.1,Zone 5,26.4,Zone 4,37.2,Zone 4,32.3,Zone 4,49.6,Zone 5,37.7,Zone 4,60.1,Zone 5,51.1,Zone 5,62.7,Zone 5
Delhi,South West Delhi,Ayanagar,23.7,2026-06-01,01:30:00,78.0,2026-05-31,01:30:00,2026-06-01 01:51:39,24.75,Zone 3,41.9,Zone 5,24.5,Zone 3,34.7,Zone 4,29.9,Zone 4,40.6,Zone 5,35.1,Zone 4,55.8,Zone 5,41.9,Zone 5,61.0,Zone 5
Delhi,South West Delhi,Ignou,23.5,2026-06-01,01:30:00,81.0,2026-05-31,01:30:00,2026-06-01 01:51:39,24.650000000000034,Zone 3,44.2,Zone 5,24.6,Zone 3,35.1,Zone 4,30.2,Zone 4,42.8,Zone 5,35.5,Zone 4,57.7,Zone 5,44.2,Zone 5,61.5,Zone 5
Delhi,South West Delhi,Jafarpur,25.7,2026-06-01,01:45:00,,,,2026-06-01 01:51:39,,,,,,,,,,,,,,,,,,,,
Delhi,South West Delhi,Kvk Crpf Campus,25.6,2026-06-01,01:45:00,72.0,2026-05-31,01:45:00,2026-06-01 01:51:39,26.850000000000023,Zone 4,48.9,Zone 5,26.7,Zone 4,37.3,Zone 4,32.4,Zone 4,47.4,Zone 5,37.7,Zone 4,59.6,Zone 5,48.9,Zone 5,62.3,Zone 5
Delhi,South West Delhi,Kv Narayna,24.7,2026-06-01,01:45:00,72.0,2026-05-31,01:45:00,2026-06-01 01:51:39,25.650000000000034,Zone 4,42.9,Zone 5,25.4,Zone 4,35.6,Zone 4,30.9,Zone 4,41.6,Zone 5,36.0,Zone 4,56.6,Zone 5,42.9,Zone 5,61.2,Zone 5
Delhi,South West Delhi,Najafgarh,26.9,2026-06-01,01:30:00,88.0,2026-05-31,01:30:00,2026-06-01 01:51:39,30.650000000000034,Zone 4,62.4,Zone 5,30.8,Zone 4,55.8,Zone 5,37.9,Zone 4,61.9,Zone 5,58.0,Zone 5,64.7,Zone 5,62.4,Zone 5,66.7,Zone 5
Delhi,West Delhi,Kv Janakpuri,26.6,2026-06-01,01:45:00,68.0,2026-05-31,01:45:00,2026-06-01 01:51:39,28.05000000000001,Zone 4,51.3,Zone 5,27.9,Zone 4,38.4,Zone 4,33.6,Zone 4,49.8,Zone 5,38.9,Zone 4,60.1,Zone 5,51.3,Zone 5,62.8,Zone 5
Goa,North Goa,Goa State Biodiversity Board,29.0,2026-06-01,01:30:00,91.0,2026-05-31,01:30:00,2026-06-01 01:51:39,36.650000000000034,Zone 4,66.4,Zone 5,36.7,Zone 4,63.0,Zone 5,59.4,Zone 5,66.0,Zone 5,63.6,Zone 5,68.2,Zone 5,66.4,Zone 5,69.7,Zone 5
Goa,North Goa,Mapusa,28.2,2026-06-01,01:15:00,,,,2026-06-01 01:51:39,,,,,,,,,,,,,,,,,,,,
Goa,North Goa,Mopa Airport,28.2,2026-06-01,01:15:00,,,,2026-06-01 01:51:39,,,,,,,,,,,,,,,,,,,,
Goa,Panaji,Altinho Imdoffice,27.9,2026-06-01,01:45:00,81.0,2026-05-31,01:45:00,2026-06-01 01:51:39,31.75,Zone 4,62.4,Zone 5,32.0,Zone 4,56.1,Zone 5,38.9,Zone 4,62.0,Zone 5,58.2,Zone 5,64.7,Zone 5,62.4,Zone 5,66.8,Zone 5
Gujarat,Ahmedabad,Ahmedabad,32.2,2026-06-01,01:30:00,69.0,2026-05-31,01:30:00,2026-06-01 01:51:39,39.85000000000002,Zone 4,65.7,Zone 5,39.3,Zone 4,62.2,Zone 5,56.9,Zone 5,65.4,Zone 5,62.8,Zone 5,67.6,Zone 5,65.7,Zone 5,69.3,Zone 5
Gujarat,Ahmedabad,Dhorela,31.5,2026-06-01,01:45:00,58.0,2026-05-31,01:45:00,2026-06-01 01:51:39,35.150000000000034,Zone 4,61.8,Zone 5,35.2,Zone 4,53.5,Zone 5,41.2,Zone 4,61.5,Zone 5,55.7,Zone 5,64.3,Zone 5,61.8,Zone 5,66.4,Zone 5
Gujarat,Ahmedabad,Science City,31.0,2026-06-01,01:45:00,62.0,2026-05-31,01:45:00,2026-06-01 01:51:39,35.05000000000001,Zone 4,62.2,Zone 5,35.0,Zone 4,55.4,Zone 5,41.2,Zone 4,61.8,Zone 5,57.5,Zone 5,64.6,Zone 5,62.2,Zone 5,66.7,Zone 5
Gujarat,Amreli,Dhari Aws400,28.0,2026-06-01,01:45:00,90.0,2026-05-31,01:45:00,2026-06-01 01:51:39,33.55000000000001,Zone 4,64.5,Zone 5,33.5,Zone 4,60.7,Zone 5,49.4,Zone 5,64.1,Zone 5,61.3,Zone 5,66.5,Zone 5,64.5,Zone 5,68.3,Zone 5
Gujarat,Amreli,Rajula,29.6,2026-06-01,01:30:00,85.0,2026-05-31,01:30:00,2026-06-01 01:51:39,36.950000000000045,Zone 4,65.8,Zone 5,36.6,Zone 4,62.3,Zone 5,57.3,Zone 5,65.4,Zone 5,62.9,Zone 5,67.7,Zone 5,65.8,Zone 5,69.3,Zone 5
Gujarat,Anand,Khambhat Aws400,31.0,2026-06-01,01:30:00,62.0,2026-05-31,01:30:00,2026-06-01 01:51:39,35.05000000000001,Zone 4,62.2,Zone 5,35.0,Zone 4,55.4,Zone 5,41.2,Zone 4,61.8,Zone 5,57.5,Zone 5,64.6,Zone 5,62.2,Zone 5,66.7,Zone 5
Gujarat,Banaskantha,Ambaji Temple,30.4,2026-06-01,01:15:00,,,,2026-06-01 01:51:39,,,,,,,,,,,,,,,,,,,,
Gujarat,Banaskantha,Tharad Aws400,29.4,2026-06-01,01:45:00,65.0,2026-05-31,01:45:00,2026-06-01 01:51:39,32.35000000000002,Zone 4,60.8,Zone 5,32.6,Zone 4,48.3,Zone 5,38.7,Zone 4,60.4,Zone 5,50.6,Zone 5,63.3,Zone 5,60.8,Zone 5,65.6,Zone 5
Gujarat,Bharuch,Hansot Aws400,29.9,2026-06-01,01:30:00,86.0,2026-05-31,01:30:00,2026-06-01 01:51:39,38.25,Zone 4,66.9,Zone 5,38.6,Zone 4,63.6,Zone 5,60.2,Zone 5,66.5,Zone 5,64.2,Zone 5,68.6,Zone 5,66.9,Zone 5,70.1,Zone 5
Gujarat,Bhavnagar,Bhavnagar,30.6,2026-06-01,01:45:00,62.0,2026-05-31,01:45:00,2026-06-01 01:51:39,34.150000000000034,Zone 4,61.5,Zone 5,34.0,Zone 4,51.8,Zone 5,40.1,Zone 4,61.1,Zone 5,54.0,Zone 5,63.9,Zone 5,61.5,Zone 5,66.1,Zone 5
Gujarat,Bhavnagar,Talaja Aws400,29.8,2026-06-01,01:45:00,75.0,2026-05-31,01:45:00,2026-06-01 01:51:39,35.05000000000001,Zone 4,64.2,Zone 5,35.5,Zone 4,60.3,Zone 5,47.5,Zone 5,63.8,Zone 5,60.9,Zone 5,66.2,Zone 5,64.2,Zone 5,68.1,Zone 5
Gujarat,Dahod,Dahod Kvk,28.7,2026-06-01,01:45:00,64.0,2026-05-31,01:45:00,2026-06-01 01:51:39,31.05000000000001,Zone 4,59.0,Zone 5,30.7,Zone 4,41.3,Zone 4,36.5,Zone 4,57.7,Zone 5,42.2,Zone 5,61.8,Zone 5,59.0,Zone 5,64.3,Zone 5
Gujarat,Dang,Dang Kvk,29.6,2026-06-01,01:45:00,79.0,2026-05-31,01:45:00,2026-06-01 01:51:39,35.450000000000045,Zone 4,64.4,Zone 5,35.2,Zone 4,60.6,Zone 5,48.7,Zone 5,64.0,Zone 5,61.1,Zone 5,66.4,Zone 5,64.4,Zone 5,68.2,Zone 5
Gujarat,Dwarka,Dwarka,29.5,2026-06-01,01:45:00,93.0,2026-05-31,01:45:00,2026-06-01 01:51:39,44.25,Zone 5,67.7,Zone 5,44.2,Zone 5,64.6,Zone 5,61.4,Zone 5,67.4,Zone 5,65.2,Zone 5,69.3,Zone 5,67.7,Zone 5,70.7,Zone 5
Gujarat,Gandhinagar,Gandhinagar,31.4,2026-06-01,01:30:00,56.0,2026-05-31,01:30:00,2026-06-01 01:51:39,34.650000000000034,Zone 4,61.3,Zone 5,34.8,Zone 4,50.7,Zone 5,40.6,Zone 4,60.9,Zone 5,53.0,Zone 5,63.8,Zone 5,61.3,Zone 5,65.9,Zone 5
Gujarat,Gir Somnath,Veraval   Aws400,,,,21.0,2026-05-31,01:45:00,2026-06-01 01:51:39,,,,,,,,,,,,,,,,,,,,
Gujarat,Kachchh,Bachau Amfu,29.3,2026-06-01,01:30:00,85.0,2026-05-31,01:30:00,2026-06-01 01:51:39,36.05000000000001,Zone 4,65.8,Zone 5,36.6,Zone 4,62.3,Zone 5,57.3,Zone 5,65.4,Zone 5,62.9,Zone 5,67.7,Zone 5,65.8,Zone 5,69.3,Zone 5
Gujarat,Kachchh,Bhuj,,,,83.0,2026-05-31,01:30:00,2026-06-01 01:51:39,,,,,,,,,,,,,,,,,,,,
Gujarat,Kachchh,Kandla,29.7,2026-06-01,01:30:00,84.0,2026-05-31,01:30:00,2026-06-01 01:51:39,36.950000000000045,Zone 4,65.6,Zone 5,36.4,Zone 4,62.0,Zone 5,56.0,Zone 5,65.2,Zone 5,62.6,Zone 5,67.4,Zone 5,65.6,Zone 5,69.1,Zone 5
Gujarat,Kachchh,Mundra,29.3,2026-06-01,01:45:00,82.0,2026-05-31,01:45:00,2026-06-01 01:51:39,35.35000000000002,Zone 4,65.1,Zone 5,35.9,Zone 4,61.4,Zone 5,53.2,Zone 5,64.7,Zone 5,62.0,Zone 5,67.0,Zone 5,65.1,Zone 5,68.8,Zone 5
Gujarat,Mahesana,Jagudan,30.9,2026-06-01,01:45:00,62.0,2026-05-31,01:45:00,2026-06-01 01:51:39,34.85000000000002,Zone 4,62.2,Zone 5,35.0,Zone 4,55.4,Zone 5,41.2,Zone 4,61.8,Zone 5,57.5,Zone 5,64.6,Zone 5,62.2,Zone 5,66.7,Zone 5
Gujarat,Mahisagar,Lunavada,29.5,2026-06-01,01:45:00,75.0,2026-05-31,01:45:00,2026-06-01 01:51:39,34.35000000000002,Zone 4,63.4,Zone 5,34.3,Zone 4,59.4,Zone 5,42.8,Zone 5,63.0,Zone 5,59.9,Zone 5,65.5,Zone 5,63.4,Zone 5,67.5,Zone 5
Gujarat,Morbi,Halwad,29.9,2026-06-01,01:45:00,72.0,2026-05-31,01:45:00,2026-06-01 01:51:39,34.650000000000034,Zone 4,63.4,Zone 5,34.9,Zone 4,59.4,Zone 5,42.9,Zone 5,63.0,Zone 5,60.0,Zone 5,65.6,Zone 5,63.4,Zone 5,67.5,Zone 5
Gujarat,Patan,Patan,31.4,2026-06-01,01:30:00,61.0,2026-05-31,01:30:00,2026-06-01 01:51:39,35.650000000000034,Zone 4,62.7,Zone 5,35.8,Zone 4,57.5,Zone 5,42.1,Zone 4,62.3,Zone 5,59.1,Zone 5,65.0,Zone 5,62.7,Zone 5,67.0,Zone 5
Gujarat,Porbandar,Porbandar,29.7,2026-06-01,01:45:00,91.0,2026-05-31,01:45:00,2026-06-01 01:51:39,43.25,Zone 5,67.3,Zone 5,40.8,Zone 5,64.1,Zone 5,60.7,Zone 5,66.9,Zone 5,64.6,Zone 5,68.9,Zone 5,67.3,Zone 5,70.4,Zone 5
Gujarat,Sabarkantha,Bayad,30.2,2026-06-01,01:30:00,75.0,2026-05-31,01:30:00,2026-06-01 01:51:39,36.05000000000001,Zone 4,64.2,Zone 5,35.5,Zone 4,60.3,Zone 5,47.5,Zone 5,63.8,Zone 5,60.9,Zone 5,66.2,Zone 5,64.2,Zone 5,68.1,Zone 5
Gujarat,Sabarkantha,Himatnagar,29.2,2026-06-01,01:45:00,77.0,2026-05-31,01:45:00,2026-06-01 01:51:39,34.05000000000001,Zone 4,63.1,Zone 5,33.6,Zone 4,58.9,Zone 5,41.1,Zone 5,62.7,Zone 5,59.6,Zone 5,65.3,Zone 5,63.1,Zone 5,67.3,Zone 5
Gujarat,Surat,Surat Kvk,30.0,2026-06-01,01:45:00,,,,2026-06-01 01:51:39,,,,,,,,,,,,,,,,,,,,
Gujarat,Surendranagar,Surendranagar,30.0,2026-06-01,01:30:00,64.0,2026-05-31,01:30:00,2026-06-01 01:51:39,33.35000000000002,Zone 4,61.3,Zone 5,33.4,Zone 4,50.7,Zone 5,39.5,Zone 4,60.9,Zone 5,53.0,Zone 5,63.8,Zone 5,61.3,Zone 5,65.9,Zone 5
Gujarat,Vadodara,Vadodara Aws400,30.6,2026-06-01,01:45:00,74.0,2026-05-31,01:45:00,2026-06-01 01:51:39,36.85000000000002,Zone 4,64.7,Zone 5,36.6,Zone 4,61.0,Zone 5,50.8,Zone 5,64.3,Zone 5,61.5,Zone 5,66.7,Zone 5,64.7,Zone 5,68.5,Zone 5
Haryana,Charkhi Dadri,Revenue Office Aws400,26.4,2026-06-01,01:45:00,68.0,2026-05-31,01:45:00,2026-06-01 01:51:39,27.75,Zone 4,51.3,Zone 5,27.9,Zone 4,38.4,Zone 4,33.6,Zone 4,49.8,Zone 5,38.9,Zone 4,60.1,Zone 5,51.3,Zone 5,62.8,Zone 5
Haryana,Faridabad,Bopani,25.1,2026-06-01,01:45:00,,,,2026-06-01 01:51:39,,,,,,,,,,,,,,,,,,,,
Haryana,Gurgaon,Gurgaon,22.3,2026-06-01,01:30:00,99.0,2026-05-31,01:30:00,2026-06-01 01:51:39,24.05000000000001,Zone 3,51.8,Zone 5,24.2,Zone 3,35.3,Zone 4,30.0,Zone 4,50.2,Zone 5,35.9,Zone 4,60.2,Zone 5,51.8,Zone 5,62.9,Zone 5
Haryana,Gurgaon,Gurgaon Kvk,24.0,2026-06-01,01:45:00,54.0,2026-05-31,01:45:00,2026-06-01 01:51:39,24.05000000000001,Zone 3,37.6,Zone 4,24.0,Zone 3,33.2,Zone 4,28.9,Zone 4,37.4,Zone 4,33.4,Zone 4,41.5,Zone 4,37.6,Zone 4,54.5,Zone 5
Haryana,Gurgaon,Northcap University,25.0,2026-06-01,01:45:00,75.0,2026-05-31,01:45:00,2026-06-01 01:51:39,26.25,Zone 4,48.5,Zone 5,26.2,Zone 4,36.8,Zone 4,32.0,Zone 4,47.0,Zone 5,37.3,Zone 4,59.5,Zone 5,48.5,Zone 5,62.3,Zone 5
Haryana,Jhajjar,Jhajjar,24.7,2026-06-01,01:45:00,70.0,2026-05-31,01:45:00,2026-06-01 01:51:39,25.55000000000001,Zone 4,41.3,Zone 5,25.3,Zone 3,35.4,Zone 4,30.7,Zone 4,40.2,Zone 4,35.8,Zone 4,55.3,Zone 5,41.3,Zone 5,60.9,Zone 5
Haryana,Jind,Pandu Pindara,25.1,2026-06-01,01:30:00,,,,2026-06-01 01:51:39,,,,,,,,,,,,,,,,,,,,
Haryana,Karnal,Indri Rest House,23.2,2026-06-01,01:45:00,,,,2026-06-01 01:51:39,,,,,,,,,,,,,,,,,,,,
Haryana,Karnal,Karnal,23.3,2026-06-01,01:30:00,99.0,2026-05-31,01:30:00,2026-06-01 01:51:39,25.05000000000001,Zone 3,58.2,Zone 5,25.2,Zone 3,39.2,Zone 5,31.8,Zone 4,56.7,Zone 5,41.2,Zone 5,61.6,Zone 5,58.2,Zone 5,64.1,Zone 5
Haryana,Karnal,Uchani,24.6,2026-06-01,01:30:00,92.0,2026-05-31,01:30:00,2026-06-01 01:51:39,26.650000000000034,Zone 4,59.1,Zone 5,26.5,Zone 4,40.4,Zone 5,33.0,Zone 4,57.8,Zone 5,42.4,Zone 5,61.9,Zone 5,59.1,Zone 5,64.3,Zone 5
Haryana,Mahendragarh,Mahendragarh Aws,24.8,2026-06-01,01:30:00,85.0,2026-05-31,01:30:00,2026-06-01 01:51:39,26.55000000000001,Zone 4,57.0,Zone 5,26.8,Zone 4,38.3,Zone 4,33.1,Zone 4,55.5,Zone 5,39.7,Zone 5,61.4,Zone 5,57.0,Zone 5,63.8,Zone 5
Haryana,Mewat,Mandkola,23.1,2026-06-01,01:45:00,18.0,2026-05-31,01:45:00,2026-06-01 01:51:39,20.850000000000023,Zone 3,33.4,Zone 4,20.7,Zone 3,29.9,Zone 4,26.2,Zone 4,33.4,Zone 4,29.9,Zone 4,36.6,Zone 4,33.4,Zone 4,39.8,Zone 4
Haryana,Mewat,Nuh,26.2,2026-06-01,01:30:00,,,,2026-06-01 01:51:39,,,,,,,,,,,,,,,,,,,,
Haryana,Palwal,Palwal Water Service Division,24.3,2026-06-01,01:45:00,79.0,2026-05-31,01:45:00,2026-06-01 01:51:39,25.450000000000045,Zone 4,48.8,Zone 5,25.7,Zone 4,36.5,Zone 4,31.6,Zone 4,47.3,Zone 5,37.0,Zone 4,59.6,Zone 5,48.8,Zone 5,62.3,Zone 5
Haryana,Rewari,Bawal,25.1,2026-06-01,01:30:00,99.0,2026-05-31,01:30:00,2026-06-01 01:51:39,28.05000000000001,Zone 4,61.3,Zone 5,27.9,Zone 4,50.8,Zone 5,35.0,Zone 4,60.9,Zone 5,53.2,Zone 5,63.8,Zone 5,61.3,Zone 5,66.0,Zone 5
Haryana,Rohtak,Canal Rest House,24.6,2026-06-01,01:45:00,67.0,2026-05-31,01:45:00,2026-06-01 01:51:39,25.25,Zone 3,40.1,Zone 4,25.1,Zone 3,35.1,Zone 4,30.5,Zone 4,39.8,Zone 4,35.4,Zone 4,53.1,Zone 5,40.1,Zone 4,60.4,Zone 5
Haryana,Rohtak,Rohtak,26.2,2026-06-01,01:30:00,62.0,2026-05-31,01:30:00,2026-06-01 01:51:39,27.05000000000001,Zone 4,42.7,Zone 5,26.8,Zone 4,36.7,Zone 4,32.1,Zone 4,41.4,Zone 5,37.1,Zone 4,56.5,Zone 5,42.7,Zone 5,61.2,Zone 5
Haryana,Sirsa,Canal Colony Village Ottu,25.5,2026-06-01,01:45:00,71.0,2026-05-31,01:45:00,2026-06-01 01:51:39,26.650000000000034,Zone 4,48.0,Zone 5,26.7,Zone 4,37.1,Zone 4,32.3,Zone 4,46.5,Zone 5,37.6,Zone 4,59.4,Zone 5,48.0,Zone 5,62.2,Zone 5
Haryana,Sirsa,Sirsa,26.0,2026-06-01,01:30:00,92.0,2026-05-31,01:30:00,2026-06-01 01:51:39,29.25,Zone 4,61.6,Zone 5,29.2,Zone 4,52.0,Zone 5,36.2,Zone 4,61.1,Zone 5,54.4,Zone 5,64.0,Zone 5,61.6,Zone 5,66.1,Zone 5
Haryana,Sonipat,Canal Resthouse Saragthal,22.5,2026-06-01,01:45:00,100.0,2026-05-31,01:45:00,2026-06-01 01:51:39,24.25,Zone 3,52.5,Zone 5,24.3,Zone 3,35.4,Zone 4,30.1,Zone 4,50.9,Zone 5,36.0,Zone 4,60.4,Zone 5,52.5,Zone 5,63.0,Zone 5
Haryana,Sonipat,Jagdishpur,24.6,2026-06-01,01:30:00,,,,2026-06-01 01:51:39,,,,,,,,,,,,,,,,,,,,
Haryana,Yamunanagar,Hathinkundberaj,23.1,2026-06-01,01:45:00,100.0,2026-05-31,01:45:00,2026-06-01 01:51:39,24.850000000000023,Zone 3,55.8,Zone 5,24.8,Zone 3,36.7,Zone 5,31.0,Zone 4,54.3,Zone 5,38.5,Zone 5,61.1,Zone 5,55.8,Zone 5,63.6,Zone 5
Himachal Pradesh,Bilaspur,Bilaspur Kvk,20.5,2026-06-01,01:45:00,100.0,2026-05-31,01:45:00,2026-06-01 01:51:39,22.05000000000001,Zone 3,39.6,Zone 5,22.0,Zone 3,32.0,Zone 4,27.0,Zone 4,38.4,Zone 5,32.4,Zone 4,53.6,Zone 5,39.6,Zone 5,60.6,Zone 5
Himachal Pradesh,Chamba,Udaipur,20.7,2026-06-01,01:30:00,92.0,2026-05-31,01:30:00,2026-06-01 01:51:39,21.950000000000045,Zone 3,36.7,Zone 4,21.7,Zone 3,31.5,Zone 4,26.6,Zone 4,36.4,Zone 4,31.8,Zone 4,48.9,Zone 5,36.7,Zone 4,59.5,Zone 5
Himachal Pradesh,Hamirpur,Hamirpur Neri,23.5,2026-06-01,01:45:00,70.0,2026-05-31,01:45:00,2026-06-01 01:51:39,24.150000000000034,Zone 3,38.9,Zone 4,24.2,Zone 3,33.9,Zone 4,29.4,Zone 4,38.6,Zone 4,34.3,Zone 4,50.2,Zone 5,38.9,Zone 4,59.8,Zone 5
Himachal Pradesh,Kinnaur,Kalpa,8.2,2026-06-01,01:30:00,34.0,2026-05-31,01:30:00,2026-06-01 01:51:39,6.25,Zone 2,23.4,Zone 3,6.1,Zone 2,20.2,Zone 3,14.2,Zone 3,23.6,Zone 3,20.0,Zone 3,26.0,Zone 4,23.4,Zone 3,29.1,Zone 4
Himachal Pradesh,Kullu,Seobagh Amfu,,,,84.0,2026-05-31,01:30:00,2026-06-01 01:51:39,,,,,,,,,,,,,,,,,,,,
Himachal Pradesh,Lahaul And Spiti,Keylong,8.5,2026-06-01,01:30:00,99.0,2026-05-31,01:30:00,2026-06-01 01:51:39,8.450000000000045,Zone 2,24.3,Zone 3,8.5,Zone 2,21.4,Zone 3,16.2,Zone 3,24.3,Zone 3,21.3,Zone 3,27.3,Zone 4,24.3,Zone 3,30.8,Zone 4
Himachal Pradesh,Lahaul And Spiti,Tabo,8.0,2026-06-01,01:45:00,92.0,2026-05-31,01:45:00,2026-06-01 01:51:39,7.75,Zone 2,24.0,Zone 3,7.8,Zone 2,21.0,Zone 3,15.6,Zone 3,24.0,Zone 3,20.9,Zone 3,26.8,Zone 4,24.0,Zone 3,30.2,Zone 4
Himachal Pradesh,Mandi,Sundernagar Kvk,19.7,2026-06-01,01:45:00,100.0,2026-05-31,01:45:00,2026-06-01 01:51:39,21.150000000000034,Zone 3,35.9,Zone 4,20.9,Zone 3,30.6,Zone 4,25.7,Zone 4,35.5,Zone 4,30.9,Zone 4,48.0,Zone 5,35.9,Zone 4,59.4,Zone 5
Himachal Pradesh,Shimla,Fagu,11.9,2026-06-01,01:30:00,,,,2026-06-01 01:51:39,,,,,,,,,,,,,,,,,,,,
Jammu And Kashmir,Anantnag,Anantnag,17.9,2026-06-01,01:30:00,82.0,2026-05-31,01:30:00,2026-06-01 01:51:39,18.05000000000001,Zone 3,32.4,Zone 4,18.2,Zone 3,27.9,Zone 4,24.0,Zone 3,32.3,Zone 4,28.1,Zone 4,36.4,Zone 4,32.4,Zone 4,45.1,Zone 5
Jammu And Kashmir,Anantnag,Khudwani,19.8,2026-06-01,01:30:00,89.0,2026-05-31,01:30:00,2026-06-01 01:51:39,20.75,Zone 3,35.6,Zone 4,21.0,Zone 3,30.6,Zone 4,25.9,Zone 4,35.4,Zone 4,30.9,Zone 4,44.4,Zone 5,35.6,Zone 4,57.5,Zone 5
Jammu And Kashmir,Anantnag,Larnoo,14.1,2026-06-01,01:30:00,99.0,2026-05-31,01:30:00,2026-06-01 01:51:39,14.050000000000011,Zone 3,28.6,Zone 4,14.0,Zone 2,24.7,Zone 3,21.1,Zone 3,28.5,Zone 4,24.7,Zone 3,32.6,Zone 4,28.6,Zone 4,36.6,Zone 4
Jammu And Kashmir,Anantnag,Pahalgam,12.3,2026-06-01,01:30:00,81.0,2026-05-31,01:30:00,2026-06-01 01:51:39,11.650000000000034,Zone 2,26.7,Zone 4,11.9,Zone 2,23.6,Zone 3,19.3,Zone 3,26.7,Zone 4,23.6,Zone 3,30.4,Zone 4,26.7,Zone 4,34.1,Zone 4
Jammu And Kashmir,Bandipora,Bandipora,16.3,2026-06-01,01:30:00,100.0,2026-05-31,01:30:00,2026-06-01 01:51:39,16.950000000000045,Zone 3,31.6,Zone 4,17.2,Zone 3,26.9,Zone 4,23.2,Zone 3,31.4,Zone 4,27.0,Zone 4,35.7,Zone 4,31.6,Zone 4,46.6,Zone 5
Jammu And Kashmir,Baramulla,Baramulla Amfu,,,,90.0,2026-05-31,01:30:00,2026-06-01 01:51:39,,,,,,,,,,,,,,,,,,,,
Jammu And Kashmir,Baramulla,Baramulla Kvk,17.4,2026-06-01,01:45:00,73.0,2026-05-31,01:45:00,2026-06-01 01:51:39,17.05000000000001,Zone 3,31.4,Zone 4,17.2,Zone 3,27.1,Zone 4,23.3,Zone 3,31.3,Zone 4,27.2,Zone 4,35.2,Zone 4,31.4,Zone 4,39.1,Zone 5
Jammu And Kashmir,Baramulla,Gulmarg,10.5,2026-06-01,01:30:00,82.0,2026-05-31,01:30:00,2026-06-01 01:51:39,9.950000000000045,Zone 2,25.1,Zone 3,9.9,Zone 2,22.4,Zone 3,17.6,Zone 3,25.1,Zone 3,22.3,Zone 3,28.7,Zone 4,25.1,Zone 3,32.2,Zone 4
Jammu And Kashmir,Ganderbal,Sonemarg,11.5,2026-06-01,01:30:00,95.0,2026-05-31,01:30:00,2026-06-01 01:51:39,11.350000000000023,Zone 2,26.1,Zone 4,11.3,Zone 2,23.2,Zone 3,18.8,Zone 3,26.1,Zone 4,23.2,Zone 3,29.9,Zone 4,26.1,Zone 4,33.6,Zone 4
Jammu And Kashmir,Jammu,Chatha Amfu,28.0,2026-06-01,01:30:00,81.0,2026-05-31,01:30:00,2026-06-01 01:51:39,31.950000000000045,Zone 4,62.4,Zone 5,32.0,Zone 4,56.1,Zone 5,38.9,Zone 4,62.0,Zone 5,58.2,Zone 5,64.7,Zone 5,62.4,Zone 5,66.8,Zone 5
Jammu And Kashmir,Jammu,Jammu,27.3,2026-06-01,01:30:00,67.0,2026-05-31,01:30:00,2026-06-01 01:51:39,29.05000000000001,Zone 4,56.3,Zone 5,29.4,Zone 4,40.0,Zone 4,35.2,Zone 4,54.9,Zone 5,40.6,Zone 4,61.2,Zone 5,56.3,Zone 5,63.7,Zone 5
Jammu And Kashmir,Kathua,Kathua Kvk,25.6,2026-06-01,01:45:00,73.0,2026-05-31,01:45:00,2026-06-01 01:51:39,26.950000000000045,Zone 4,49.8,Zone 5,26.8,Zone 4,37.4,Zone 4,32.6,Zone 4,48.3,Zone 5,37.9,Zone 4,59.8,Zone 5,49.8,Zone 5,62.5,Zone 5
Jammu And Kashmir,Kishtwar,Gulabgarh,13.3,2026-06-01,01:30:00,67.0,2026-05-31,01:30:00,2026-06-01 01:51:39,12.150000000000034,Zone 2,27.2,Zone 4,12.3,Zone 2,24.0,Zone 3,19.8,Zone 3,27.3,Zone 4,24.0,Zone 3,30.9,Zone 4,27.2,Zone 4,34.4,Zone 4
Jammu And Kashmir,Kishtwar,Kishtwar,19.1,2026-06-01,01:30:00,76.0,2026-05-31,01:30:00,2026-06-01 01:51:39,19.25,Zone 3,33.3,Zone 4,19.2,Zone 3,28.8,Zone 4,24.6,Zone 3,33.1,Zone 4,28.9,Zone 4,37.2,Zone 4,33.3,Zone 4,46.4,Zone 5
Jammu And Kashmir,Kulgam,Kulgam Amfu,18.5,2026-06-01,01:45:00,82.0,2026-05-31,01:45:00,2026-06-01 01:51:39,18.850000000000023,Zone 3,33.0,Zone 4,18.8,Zone 3,28.4,Zone 4,24.3,Zone 3,32.9,Zone 4,28.6,Zone 4,37.1,Zone 4,33.0,Zone 4,47.3,Zone 5
Jammu And Kashmir,Kupwara,Kupw Kvk,16.1,2026-06-01,01:45:00,96.0,2026-05-31,01:45:00,2026-06-01 01:51:39,16.55000000000001,Zone 3,30.8,Zone 4,16.4,Zone 3,26.2,Zone 4,22.7,Zone 3,30.6,Zone 4,26.4,Zone 4,34.8,Zone 4,30.8,Zone 4,42.6,Zone 5
Jammu And Kashmir,Poonch,Poonch,22.5,2026-06-01,01:45:00,72.0,2026-05-31,01:45:00,2026-06-01 01:51:39,23.150000000000034,Zone 3,37.6,Zone 4,23.1,Zone 3,32.7,Zone 4,28.2,Zone 4,37.4,Zone 4,33.1,Zone 4,46.5,Zone 5,37.6,Zone 4,59.0,Zone 5
Jammu And Kashmir,Pulwama,Malangpura,16.3,2026-06-01,01:45:00,89.0,2026-05-31,01:45:00,2026-06-01 01:51:39,16.450000000000045,Zone 3,31.0,Zone 4,16.7,Zone 3,26.5,Zone 4,22.9,Zone 3,30.9,Zone 4,26.7,Zone 4,35.0,Zone 4,31.0,Zone 4,41.9,Zone 5
Jammu And Kashmir,Pulwama,Tral,19.6,2026-06-01,01:30:00,79.0,2026-05-31,01:30:00,2026-06-01 01:51:39,20.05000000000001,Zone 3,34.1,Zone 4,19.9,Zone 3,29.5,Zone 4,25.0,Zone 3,33.9,Zone 4,29.7,Zone 4,38.2,Zone 4,34.1,Zone 4,50.2,Zone 5
Jammu And Kashmir,Rajouri,Rajouri,22.6,2026-06-01,01:30:00,76.0,2026-05-31,01:30:00,2026-06-01 01:51:39,23.450000000000045,Zone 3,38.1,Zone 4,23.3,Zone 3,33.1,Zone 4,28.4,Zone 4,37.8,Zone 4,33.4,Zone 4,49.3,Zone 5,38.1,Zone 4,59.6,Zone 5
Jammu And Kashmir,Rajouri,Rajouri Arg,21.7,2026-06-01,01:45:00,76.0,2026-05-31,01:45:00,2026-06-01 01:51:39,22.350000000000023,Zone 3,36.6,Zone 4,22.2,Zone 3,31.7,Zone 4,27.2,Zone 4,36.3,Zone 4,32.0,Zone 4,44.2,Zone 5,36.6,Zone 4,57.3,Zone 5
Jammu And Kashmir,Ramban,Govindpura,26.8,2026-06-01,01:30:00,55.0,2026-05-31,01:30:00,2026-06-01 01:51:39,27.450000000000045,Zone 4,42.1,Zone 4,27.7,Zone 4,37.2,Zone 4,32.8,Zone 4,41.8,Zone 4,37.6,Zone 4,55.6,Zone 5,42.1,Zone 4,61.0,Zone 5
Jammu And Kashmir,Reasi,Reasi Kvk,24.2,2026-06-01,01:45:00,82.0,2026-05-31,01:45:00,2026-06-01 01:51:39,25.450000000000045,Zone 4,48.2,Zone 5,25.2,Zone 3,36.0,Zone 4,31.0,Zone 4,46.6,Zone 5,36.5,Zone 4,59.5,Zone 5,48.2,Zone 5,62.2,Zone 5
Jammu And Kashmir,Samba,Samba,22.4,2026-06-01,01:45:00,86.0,2026-05-31,01:45:00,2026-06-01 01:51:39,23.650000000000034,Zone 3,42.0,Zone 5,23.7,Zone 3,34.0,Zone 4,29.1,Zone 4,40.7,Zone 5,34.4,Zone 4,55.9,Zone 5,42.0,Zone 5,61.1,Zone 5
Jammu And Kashmir,Shopian,Shopian,13.0,2026-06-01,01:30:00,99.0,2026-05-31,01:30:00,2026-06-01 01:51:39,12.950000000000045,Zone 2,27.6,Zone 4,13.0,Zone 2,24.1,Zone 3,20.2,Zone 3,27.5,Zone 4,24.1,Zone 3,31.5,Zone 4,27.6,Zone 4,35.4,Zone 4
Jammu And Kashmir,Srinagar,Rambagh,21.1,2026-06-01,01:30:00,65.0,2026-05-31,01:30:00,2026-06-01 01:51:39,21.150000000000034,Zone 3,34.9,Zone 4,21.0,Zone 3,30.5,Zone 4,26.1,Zone 4,34.7,Zone 4,30.6,Zone 4,38.8,Zone 4,34.9,Zone 4,49.0,Zone 5
Jammu And Kashmir,Srinagar,Srinagar Amfu,17.1,2026-06-01,01:30:00,100.0,2026-05-31,01:30:00,2026-06-01 01:51:39,17.950000000000045,Zone 3,32.2,Zone 4,17.8,Zone 3,27.4,Zone 4,23.6,Zone 3,32.0,Zone 4,27.6,Zone 4,36.4,Zone 4,32.2,Zone 4,48.9,Zone 5
Jharkhand,Bokaro,Kv Bokaro,25.9,2026-06-01,01:45:00,100.0,2026-05-31,01:45:00,2026-06-01 01:51:39,29.850000000000023,Zone 4,63.2,Zone 5,30.1,Zone 4,59.2,Zone 5,42.0,Zone 5,62.8,Zone 5,59.8,Zone 5,65.4,Zone 5,63.2,Zone 5,67.4,Zone 5
Jharkhand,Deoghar,Deoghar Aws400,26.3,2026-06-01,01:45:00,99.0,2026-05-31,01:45:00,2026-06-01 01:51:39,30.650000000000034,Zone 4,63.9,Zone 5,31.2,Zone 4,60.0,Zone 5,45.8,Zone 5,63.5,Zone 5,60.5,Zone 5,66.0,Zone 5,63.9,Zone 5,67.9,Zone 5
Jharkhand,East Singhbhum,Bahragora,25.4,2026-06-01,01:45:00,100.0,2026-05-31,01:45:00,2026-06-01 01:51:39,28.75,Zone 4,62.4,Zone 5,29.0,Zone 4,55.9,Zone 5,37.6,Zone 5,62.0,Zone 5,58.0,Zone 5,64.7,Zone 5,62.4,Zone 5,66.7,Zone 5
Jharkhand,Gumla,Gumla-Bishnupur Kvk,23.3,2026-06-01,01:45:00,89.0,2026-05-31,01:45:00,2026-06-01 01:51:39,24.650000000000034,Zone 3,50.7,Zone 5,24.9,Zone 3,36.0,Zone 4,30.9,Zone 4,49.1,Zone 5,36.5,Zone 4,60.0,Zone 5,50.7,Zone 5,62.7,Zone 5
Jharkhand,Hazaribagh,Barhi,25.1,2026-06-01,01:45:00,78.0,2026-05-31,01:45:00,2026-06-01 01:51:39,26.55000000000001,Zone 4,51.1,Zone 5,26.4,Zone 4,37.2,Zone 4,32.3,Zone 4,49.6,Zone 5,37.7,Zone 4,60.1,Zone 5,51.1,Zone 5,62.7,Zone 5
Jharkhand,Khunti,Diyakel-Khunti Kvk,24.8,2026-06-01,01:45:00,,,,2026-06-01 01:51:39,,,,,,,,,,,,,,,,,,,,
Jharkhand,Kodarma,Kodarma,25.2,2026-06-01,01:45:00,100.0,2026-05-31,01:45:00,2026-06-01 01:51:39,28.350000000000023,Zone 4,61.5,Zone 5,28.0,Zone 4,51.8,Zone 5,35.2,Zone 4,61.1,Zone 5,54.1,Zone 5,64.0,Zone 5,61.5,Zone 5,66.1,Zone 5
Jharkhand,Latehar,Netarhat,23.0,2026-06-01,01:45:00,78.0,2026-05-31,01:45:00,2026-06-01 01:51:39,23.950000000000045,Zone 3,39.2,Zone 4,24.0,Zone 3,34.0,Zone 4,29.2,Zone 4,38.8,Zone 4,34.4,Zone 4,53.3,Zone 5,39.2,Zone 4,60.5,Zone 5
Jharkhand,Lohardaga,Lohardaga Kvk,24.3,2026-06-01,01:45:00,,,,2026-06-01 01:51:39,,,,,,,,,,,,,,,,,,,,
Jharkhand,Pakur,Pakur Kvk,27.1,2026-06-01,01:45:00,,,,2026-06-01 01:51:39,,,,,,,,,,,,,,,,,,,,
Jharkhand,Ramgarh,Ramgarh Kvk,,,,100.0,2026-05-31,01:45:00,2026-06-01 01:51:39,,,,,,,,,,,,,,,,,,,,
Jharkhand,Ranchi,Mc Ranchi,24.4,2026-06-01,01:30:00,100.0,2026-05-31,01:30:00,2026-06-01 01:51:39,26.850000000000023,Zone 4,60.7,Zone 5,27.0,Zone 4,47.6,Zone 5,34.0,Zone 4,60.2,Zone 5,50.0,Zone 5,63.2,Zone 5,60.7,Zone 5,65.5,Zone 5
Jharkhand,Ranchi,Ranchi Amfu,23.2,2026-06-01,01:30:00,90.0,2026-05-31,01:30:00,2026-06-01 01:51:39,24.650000000000034,Zone 3,48.2,Zone 5,24.4,Zone 3,35.2,Zone 4,30.1,Zone 4,46.6,Zone 5,35.7,Zone 4,59.5,Zone 5,48.2,Zone 5,62.2,Zone 5
Jharkhand,Saraikela,Saraikela,25.9,2026-06-01,01:45:00,100.0,2026-05-31,01:45:00,2026-06-01 01:51:39,29.850000000000023,Zone 4,63.2,Zone 5,30.1,Zone 4,59.2,Zone 5,42.0,Zone 5,62.8,Zone 5,59.8,Zone 5,65.4,Zone 5,63.2,Zone 5,67.4,Zone 5
Jharkhand,Simdega,Bano-Simdega Kvk,24.6,2026-06-01,01:45:00,73.0,2026-05-31,01:45:00,2026-06-01 01:51:39,25.55000000000001,Zone 4,43.7,Zone 5,25.4,Zone 4,35.7,Zone 4,31.0,Zone 4,42.3,Zone 5,36.2,Zone 4,57.3,Zone 5,43.7,Zone 5,61.4,Zone 5
Jharkhand,Simdega,Simdega,23.7,2026-06-01,01:45:00,100.0,2026-05-31,01:45:00,2026-06-01 01:51:39,25.650000000000034,Zone 4,58.9,Zone 5,25.3,Zone 3,39.9,Zone 5,31.9,Zone 4,57.4,Zone 5,42.0,Zone 5,61.8,Zone 5,58.9,Zone 5,64.2,Zone 5
Jharkhand,West Singhbhum,Jagannathpur-Bau Kvk,25.3,2026-06-01,01:45:00,,,,2026-06-01 01:51:39,,,,,,,,,,,,,,,,,,,,
Karnataka,Bagalkot,Bagalkot Kvk,27.8,2026-06-01,01:45:00,78.0,2026-05-31,01:45:00,2026-06-01 01:51:39,31.150000000000034,Zone 4,61.7,Zone 5,31.6,Zone 4,52.7,Zone 5,38.2,Zone 4,61.3,Zone 5,55.0,Zone 5,64.1,Zone 5,61.7,Zone 5,66.2,Zone 5
Karnataka,Bangalore Rural,Doddaballapura,23.2,2026-06-01,01:30:00,97.0,2026-05-31,01:30:00,2026-06-01 01:51:39,24.850000000000023,Zone 3,53.6,Zone 5,24.7,Zone 3,36.0,Zone 4,30.7,Zone 4,52.0,Zone 5,36.6,Zone 4,60.6,Zone 5,53.6,Zone 5,63.2,Zone 5
Karnataka,Bangalore Urban,Bangalore,21.5,2026-06-01,01:30:00,85.0,2026-05-31,01:30:00,2026-06-01 01:51:39,22.55000000000001,Zone 3,37.6,Zone 4,22.6,Zone 3,32.4,Zone 4,27.6,Zone 4,37.2,Zone 4,32.7,Zone 4,49.9,Zone 5,37.6,Zone 4,59.8,Zone 5
Karnataka,Bangalore Urban,Electronic City(Nice),21.3,2026-06-01,01:45:00,88.0,2026-05-31,01:45:00,2026-06-01 01:51:39,22.450000000000045,Zone 3,37.9,Zone 4,22.7,Zone 3,32.6,Zone 4,27.8,Zone 4,37.6,Zone 4,33.0,Zone 4,51.8,Zone 5,37.9,Zone 4,60.2,Zone 5
Karnataka,Bangalore Urban,Gopal Nagar,21.4,2026-06-01,01:30:00,95.0,2026-05-31,01:30:00,2026-06-01 01:51:39,22.850000000000023,Zone 3,42.3,Zone 5,23.0,Zone 3,33.2,Zone 4,28.2,Zone 4,40.9,Zone 5,33.6,Zone 4,56.1,Zone 5,42.3,Zone 5,61.1,Zone 5
Karnataka,Bangalore Urban,Madhavara(Nice),22.9,2026-06-01,01:30:00,80.0,2026-05-31,01:30:00,2026-06-01 01:51:39,23.950000000000045,Zone 3,40.6,Zone 5,24.0,Zone 3,34.2,Zone 4,29.4,Zone 4,39.3,Zone 5,34.6,Zone 4,54.6,Zone 5,40.6,Zone 5,60.8,Zone 5
Karnataka,Bellary,Hagari Kvk,30.3,2026-06-01,01:45:00,66.0,2026-05-31,01:45:00,2026-06-01 01:51:39,34.35000000000002,Zone 4,62.6,Zone 5,34.8,Zone 4,56.9,Zone 5,41.2,Zone 4,62.2,Zone 5,58.9,Zone 5,64.9,Zone 5,62.6,Zone 5,66.9,Zone 5
Karnataka,Bijapur,Tidagundi Amfu,26.7,2026-06-01,01:30:00,70.0,2026-05-31,01:30:00,2026-06-01 01:51:39,28.350000000000023,Zone 4,53.2,Zone 5,28.1,Zone 4,38.7,Zone 4,33.9,Zone 4,51.7,Zone 5,39.2,Zone 4,60.5,Zone 5,53.2,Zone 5,63.1,Zone 5
Karnataka,Dakshina Kannada,Mangaluru,25.2,2026-06-01,01:15:00,,,,2026-06-01 01:51:39,,,,,,,,,,,,,,,,,,,,
Karnataka,Dharwad,Mugad,24.3,2026-06-01,01:45:00,93.0,2026-05-31,01:45:00,2026-06-01 01:51:39,26.25,Zone 4,59.3,Zone 5,26.5,Zone 4,41.2,Zone 5,33.1,Zone 4,58.5,Zone 5,43.4,Zone 5,62.1,Zone 5,59.3,Zone 5,64.5,Zone 5
Karnataka,Gulbarga,Gulbarga,28.4,2026-06-01,01:30:00,46.0,2026-05-31,01:30:00,2026-06-01 01:51:39,28.75,Zone 4,42.7,Zone 4,28.9,Zone 4,38.0,Zone 4,33.8,Zone 4,42.4,Zone 4,38.4,Zone 4,54.5,Zone 5,42.7,Zone 4,60.8,Zone 5
Karnataka,Gulbarga,Raddewadgi,29.1,2026-06-01,01:30:00,45.0,2026-05-31,01:30:00,2026-06-01 01:51:39,29.55000000000001,Zone 4,43.2,Zone 4,29.4,Zone 4,38.6,Zone 4,34.3,Zone 4,42.9,Zone 4,38.9,Zone 4,55.8,Zone 5,43.2,Zone 4,61.0,Zone 5
Karnataka,Hassan,Hassan,20.9,2026-06-01,01:45:00,100.0,2026-05-31,01:45:00,2026-06-01 01:51:39,22.55000000000001,Zone 3,42.5,Zone 5,22.6,Zone 3,32.8,Zone 4,27.7,Zone 4,41.2,Zone 5,33.3,Zone 4,56.3,Zone 5,42.5,Zone 5,61.2,Zone 5
Karnataka,Koppal,Koppal,32.2,2026-06-01,01:45:00,58.0,2026-05-31,01:45:00,2026-06-01 01:51:39,36.650000000000034,Zone 4,62.6,Zone 5,36.2,Zone 4,57.0,Zone 5,42.3,Zone 4,62.2,Zone 5,59.0,Zone 5,64.9,Zone 5,62.6,Zone 5,66.9,Zone 5
Karnataka,Mandya,Mandya Kvk,22.2,2026-06-01,01:45:00,97.0,2026-05-31,01:45:00,2026-06-01 01:51:39,23.850000000000023,Zone 3,46.9,Zone 5,23.6,Zone 3,34.2,Zone 4,29.1,Zone 4,45.4,Zone 5,34.7,Zone 4,59.2,Zone 5,46.9,Zone 5,62.0,Zone 5
Karnataka,Ramanagara,Chandurayanghalli Kvk,21.8,2026-06-01,01:45:00,81.0,2026-05-31,01:45:00,2026-06-01 01:51:39,22.75,Zone 3,37.9,Zone 4,23.0,Zone 3,32.8,Zone 4,28.1,Zone 4,37.6,Zone 4,33.1,Zone 4,50.0,Zone 5,37.9,Zone 4,59.8,Zone 5
Karnataka,Tumkur,Chikkanakalli,24.6,2026-06-01,01:45:00,99.0,2026-05-31,01:45:00,2026-06-01 01:51:39,27.150000000000034,Zone 4,60.5,Zone 5,27.0,Zone 4,46.7,Zone 5,33.9,Zone 4,60.1,Zone 5,49.1,Zone 5,63.1,Zone 5,60.5,Zone 5,65.3,Zone 5
Kerala,Alappuzha,Karumadi,25.8,2026-06-01,01:45:00,,,,2026-06-01 01:51:39,,,,,,,,,,,,,,,,,,,,
Kerala,Alappuzha,Kayamkulam,25.8,2026-06-01,01:45:00,100.0,2026-05-31,01:45:00,2026-06-01 01:51:39,29.650000000000034,Zone 4,63.2,Zone 5,30.1,Zone 4,59.2,Zone 5,42.0,Zone 5,62.8,Zone 5,59.8,Zone 5,65.4,Zone 5,63.2,Zone 5,67.4,Zone 5
Kerala,Alappuzha,Nooranad,25.3,2026-06-01,01:45:00,92.0,2026-05-31,01:45:00,2026-06-01 01:51:39,27.850000000000023,Zone 4,60.7,Zone 5,28.2,Zone 4,48.0,Zone 5,35.1,Zone 4,60.3,Zone 5,50.3,Zone 5,63.3,Zone 5,60.7,Zone 5,65.5,Zone 5
Kerala,Alappuzha,Thycattussery,25.4,2026-06-01,01:45:00,95.0,2026-05-31,01:45:00,2026-06-01 01:51:39,28.350000000000023,Zone 4,61.3,Zone 5,28.5,Zone 4,51.0,Zone 5,35.6,Zone 4,60.9,Zone 5,53.4,Zone 5,63.8,Zone 5,61.3,Zone 5,66.0,Zone 5
Kerala,Ernakulam,Aluva,25.4,2026-06-01,01:45:00,89.0,2026-05-31,01:45:00,2026-06-01 01:51:39,27.75,Zone 4,60.1,Zone 5,28.0,Zone 4,45.0,Zone 5,34.6,Zone 4,59.7,Zone 5,47.3,Zone 5,62.8,Zone 5,60.1,Zone 5,65.1,Zone 5
Kerala,Ernakulam,Boat Jetty Kgov,25.6,2026-06-01,01:30:00,100.0,2026-05-31,01:30:00,2026-06-01 01:51:39,29.25,Zone 4,62.4,Zone 5,29.0,Zone 4,55.9,Zone 5,37.6,Zone 5,62.0,Zone 5,58.0,Zone 5,64.7,Zone 5,62.4,Zone 5,66.7,Zone 5
Kerala,Ernakulam,Choondi,24.3,2026-06-01,01:45:00,,,,2026-06-01 01:51:39,,,,,,,,,,,,,,,,,,,,
Kerala,Ernakulam,Dhground Kgov,25.9,2026-06-01,01:30:00,100.0,2026-05-31,01:30:00,2026-06-01 01:51:39,29.850000000000023,Zone 4,63.2,Zone 5,30.1,Zone 4,59.2,Zone 5,42.0,Zone 5,62.8,Zone 5,59.8,Zone 5,65.4,Zone 5,63.2,Zone 5,67.4,Zone 5
Kerala,Ernakulam,Kadavanthra Kgov,25.4,2026-06-01,01:30:00,100.0,2026-05-31,01:30:00,2026-06-01 01:51:39,28.75,Zone 4,62.4,Zone 5,29.0,Zone 4,55.9,Zone 5,37.6,Zone 5,62.0,Zone 5,58.0,Zone 5,64.7,Zone 5,62.4,Zone 5,66.7,Zone 5
Kerala,Ernakulam,Kalamassery,24.1,2026-06-01,01:45:00,67.0,2026-05-31,01:45:00,2026-06-01 01:51:39,24.75,Zone 3,39.3,Zone 4,24.6,Zone 3,34.4,Zone 4,29.8,Zone 4,39.0,Zone 4,34.7,Zone 4,50.6,Zone 5,39.3,Zone 4,59.9,Zone 5
Kerala,Ernakulam,Koothattukulam,24.1,2026-06-01,01:45:00,100.0,2026-05-31,01:45:00,2026-06-01 01:51:39,26.350000000000023,Zone 4,59.8,Zone 5,26.1,Zone 4,43.6,Zone 5,32.9,Zone 4,59.4,Zone 5,45.9,Zone 5,62.5,Zone 5,59.8,Zone 5,64.8,Zone 5
Kerala,Ernakulam,Mattancherry,26.3,2026-06-01,01:30:00,62.0,2026-05-31,01:30:00,2026-06-01 01:51:39,27.25,Zone 4,45.5,Zone 5,27.5,Zone 4,37.5,Zone 4,32.9,Zone 4,44.1,Zone 5,37.9,Zone 4,58.7,Zone 5,45.5,Zone 5,61.7,Zone 5
Kerala,Ernakulam,Odakkali,24.2,2026-06-01,01:45:00,100.0,2026-05-31,01:45:00,2026-06-01 01:51:39,26.450000000000045,Zone 4,59.8,Zone 5,26.1,Zone 4,43.6,Zone 5,32.9,Zone 4,59.4,Zone 5,45.9,Zone 5,62.5,Zone 5,59.8,Zone 5,64.8,Zone 5
Kerala,Idukki,Ayyappankovil,20.9,2026-06-01,01:30:00,100.0,2026-05-31,01:30:00,2026-06-01 01:51:39,22.55000000000001,Zone 3,42.5,Zone 5,22.6,Zone 3,32.8,Zone 4,27.7,Zone 4,41.2,Zone 5,33.3,Zone 4,56.3,Zone 5,42.5,Zone 5,61.2,Zone 5
Kerala,Idukki,Cheruthoni,21.7,2026-06-01,01:45:00,100.0,2026-05-31,01:45:00,2026-06-01 01:51:39,23.350000000000023,Zone 3,45.7,Zone 5,23.2,Zone 3,33.6,Zone 4,28.5,Zone 4,44.3,Zone 5,34.1,Zone 4,58.9,Zone 5,45.7,Zone 5,61.8,Zone 5
Kerala,Idukki,Kovilkadavu,21.6,2026-06-01,01:45:00,85.0,2026-05-31,01:45:00,2026-06-01 01:51:39,22.650000000000034,Zone 3,37.6,Zone 4,22.6,Zone 3,32.4,Zone 4,27.6,Zone 4,37.2,Zone 4,32.7,Zone 4,49.9,Zone 5,37.6,Zone 4,59.8,Zone 5
Kerala,Idukki,Kundala Dam,15.4,2026-06-01,01:45:00,100.0,2026-05-31,01:45:00,2026-06-01 01:51:39,15.75,Zone 3,30.4,Zone 4,15.9,Zone 3,25.8,Zone 4,22.4,Zone 3,30.2,Zone 4,25.9,Zone 4,34.4,Zone 4,30.4,Zone 4,42.1,Zone 5
Kerala,Idukki,Munnar,16.8,2026-06-01,01:45:00,100.0,2026-05-31,01:45:00,2026-06-01 01:51:39,17.55000000000001,Zone 3,32.2,Zone 4,17.8,Zone 3,27.4,Zone 4,23.6,Zone 3,32.0,Zone 4,27.6,Zone 4,36.4,Zone 4,32.2,Zone 4,48.9,Zone 5
Kerala,Idukki,Pampadumpara,20.2,2026-06-01,01:45:00,100.0,2026-05-31,01:45:00,2026-06-01 01:51:39,21.75,Zone 3,36.9,Zone 5,21.5,Zone 3,31.3,Zone 4,26.3,Zone 4,36.3,Zone 4,31.7,Zone 4,50.8,Zone 5,36.9,Zone 5,60.0,Zone 5
Kerala,Idukki,Sengulam Dam,20.7,2026-06-01,01:45:00,,,,2026-06-01 01:51:39,,,,,,,,,,,,,,,,,,,,
Kerala,Idukki,Udumbannoor,24.7,2026-06-01,01:45:00,100.0,2026-05-31,01:45:00,2026-06-01 01:51:39,27.350000000000023,Zone 4,60.7,Zone 5,27.0,Zone 4,47.6,Zone 5,34.0,Zone 4,60.2,Zone 5,50.0,Zone 5,63.2,Zone 5,60.7,Zone 5,65.5,Zone 5
Kerala,Idukki,Vattavada,17.0,2026-06-01,01:45:00,92.0,2026-05-31,01:45:00,2026-06-01 01:51:39,17.450000000000045,Zone 3,31.8,Zone 4,17.5,Zone 3,27.2,Zone 4,23.4,Zone 3,31.6,Zone 4,27.3,Zone 4,35.9,Zone 4,31.8,Zone 4,45.3,Zone 5
Kerala,Idukki,Vellathooval,22.2,2026-06-01,01:45:00,100.0,2026-05-31,01:45:00,2026-06-01 01:51:39,23.950000000000045,Zone 3,49.1,Zone 5,23.7,Zone 3,34.5,Zone 4,29.3,Zone 4,47.5,Zone 5,35.0,Zone 4,59.7,Zone 5,49.1,Zone 5,62.4,Zone 5
Kerala,Kannur,Aralam,25.6,2026-06-01,01:45:00,99.0,2026-05-31,01:45:00,2026-06-01 01:51:39,29.150000000000034,Zone 4,62.2,Zone 5,28.9,Zone 4,54.9,Zone 5,36.7,Zone 5,61.7,Zone 5,57.1,Zone 5,64.5,Zone 5,62.2,Zone 5,66.6,Zone 5
Kerala,Kannur,Chemberi,25.7,2026-06-01,01:15:00,,,,2026-06-01 01:51:39,,,,,,,,,,,,,,,,,,,,
Kerala,Kannur,Cheruvanchery,25.1,2026-06-01,01:15:00,,,,2026-06-01 01:51:39,,,,,,,,,,,,,,,,,,,,
Kerala,Kannur,Peringome,25.4,2026-06-01,01:45:00,100.0,2026-05-31,01:45:00,2026-06-01 01:51:39,28.75,Zone 4,62.4,Zone 5,29.0,Zone 4,55.9,Zone 5,37.6,Zone 5,62.0,Zone 5,58.0,Zone 5,64.7,Zone 5,62.4,Zone 5,66.7,Zone 5
Kerala,Kasaragod,Kudlu Afmu,,,,100.0,2026-05-31,01:30:00,2026-06-01 01:51:39,,,,,,,,,,,,,,,,,,,,
Kerala,Kasaragod,Muliyar,25.0,2026-06-01,01:45:00,97.0,2026-05-31,01:45:00,2026-06-01 01:51:39,27.75,Zone 4,60.9,Zone 5,27.7,Zone 4,48.9,Zone 5,34.7,Zone 4,60.5,Zone 5,51.2,Zone 5,63.4,Zone 5,60.9,Zone 5,65.7,Zone 5
Kerala,Kasaragod,Padannakkad,25.6,2026-06-01,01:45:00,98.0,2026-05-31,01:45:00,2026-06-01 01:51:39,29.05000000000001,Zone 4,62.0,Zone 5,28.8,Zone 4,54.0,Zone 5,36.1,Zone 4,61.5,Zone 5,56.2,Zone 5,64.3,Zone 5,62.0,Zone 5,66.4,Zone 5
Kerala,Kasaragod,Panathur,23.2,2026-06-01,01:45:00,100.0,2026-05-31,01:45:00,2026-06-01 01:51:39,24.950000000000045,Zone 3,55.8,Zone 5,24.8,Zone 3,36.7,Zone 5,31.0,Zone 4,54.3,Zone 5,38.5,Zone 5,61.1,Zone 5,55.8,Zone 5,63.6,Zone 5
Kerala,Kollam,Chavara,25.7,2026-06-01,01:45:00,100.0,2026-05-31,01:45:00,2026-06-01 01:51:39,29.450000000000045,Zone 4,62.4,Zone 5,29.0,Zone 4,55.9,Zone 5,37.6,Zone 5,62.0,Zone 5,58.0,Zone 5,64.7,Zone 5,62.4,Zone 5,66.7,Zone 5
Kerala,Kollam,Karuvelil Tkmit,25.4,2026-06-01,01:45:00,88.0,2026-05-31,01:45:00,2026-06-01 01:51:39,27.75,Zone 4,59.9,Zone 5,27.9,Zone 4,44.0,Zone 5,34.5,Zone 4,59.5,Zone 5,46.3,Zone 5,62.6,Zone 5,59.9,Zone 5,64.9,Zone 5
Kerala,Kollam,Punalur,25.5,2026-06-01,01:45:00,100.0,2026-05-31,01:45:00,2026-06-01 01:51:39,29.05000000000001,Zone 4,62.4,Zone 5,29.0,Zone 4,55.9,Zone 5,37.6,Zone 5,62.0,Zone 5,58.0,Zone 5,64.7,Zone 5,62.4,Zone 5,66.7,Zone 5
Kerala,Kottayam,Kottayam,26.0,2026-06-01,01:15:00,,,,2026-06-01 01:51:39,,,,,,,,,,,,,,,,,,,,
Kerala,Kottayam,Vadavathoor,24.6,2026-06-01,01:45:00,100.0,2026-05-31,01:45:00,2026-06-01 01:51:39,27.25,Zone 4,60.7,Zone 5,27.0,Zone 4,47.6,Zone 5,34.0,Zone 4,60.2,Zone 5,50.0,Zone 5,63.2,Zone 5,60.7,Zone 5,65.5,Zone 5
Kerala,Kottayam,Vaikkom,25.0,2026-06-01,01:45:00,,,,2026-06-01 01:51:39,,,,,,,,,,,,,,,,,,,,
Kerala,Kozhikode,Kozhikode,26.4,2026-06-01,01:45:00,48.0,2026-05-31,01:45:00,2026-06-01 01:51:39,26.450000000000045,Zone 4,40.2,Zone 4,26.6,Zone 4,35.6,Zone 4,31.4,Zone 4,39.9,Zone 4,35.9,Zone 4,47.3,Zone 5,40.2,Zone 4,59.2,Zone 5
Kerala,Kozhikode,Kunnamangalam,24.9,2026-06-01,01:45:00,100.0,2026-05-31,01:45:00,2026-06-01 01:51:39,27.75,Zone 4,61.5,Zone 5,28.0,Zone 4,51.8,Zone 5,35.2,Zone 4,61.1,Zone 5,54.1,Zone 5,64.0,Zone 5,61.5,Zone 5,66.1,Zone 5
Kerala,Kozhikode,Urumi,24.6,2026-06-01,01:15:00,,,,2026-06-01 01:51:39,,,,,,,,,,,,,,,,,,,,
Kerala,Kozhikode,Vilangad,25.2,2026-06-01,01:45:00,100.0,2026-05-31,01:45:00,2026-06-01 01:51:39,28.350000000000023,Zone 4,61.5,Zone 5,28.0,Zone 4,51.8,Zone 5,35.2,Zone 4,61.1,Zone 5,54.1,Zone 5,64.0,Zone 5,61.5,Zone 5,66.1,Zone 5
Kerala,Malappuram,Nilambur,24.3,2026-06-01,01:30:00,100.0,2026-05-31,01:30:00,2026-06-01 01:51:39,26.650000000000034,Zone 4,60.7,Zone 5,27.0,Zone 4,47.6,Zone 5,34.0,Zone 4,60.2,Zone 5,50.0,Zone 5,63.2,Zone 5,60.7,Zone 5,65.5,Zone 5
Kerala,Malappuram,Palemad,24.8,2026-06-01,01:30:00,100.0,2026-05-31,01:30:00,2026-06-01 01:51:39,27.55000000000001,Zone 4,61.5,Zone 5,28.0,Zone 4,51.8,Zone 5,35.2,Zone 4,61.1,Zone 5,54.1,Zone 5,64.0,Zone 5,61.5,Zone 5,66.1,Zone 5
Kerala,Malappuram,Thavanur Kvk,24.2,2026-06-01,01:45:00,100.0,2026-05-31,01:45:00,2026-06-01 01:51:39,26.450000000000045,Zone 4,59.8,Zone 5,26.1,Zone 4,43.6,Zone 5,32.9,Zone 4,59.4,Zone 5,45.9,Zone 5,62.5,Zone 5,59.8,Zone 5,64.8,Zone 5
Kerala,Malappuram,Thennala,23.6,2026-06-01,01:15:00,,,,2026-06-01 01:51:39,,,,,,,,,,,,,,,,,,,,
Kerala,Malappuram,Vakkad,24.3,2026-06-01,01:30:00,,,,2026-06-01 01:51:39,,,,,,,,,,,,,,,,,,,,
Kerala,Palakkad,Adakkaputhur,25.2,2026-06-01,01:00:00,,,,2026-06-01 01:51:39,,,,,,,,,,,,,,,,,,,,
Kerala,Palakkad,Mangalam Dam,26.1,2026-06-01,01:45:00,96.0,2026-05-31,01:45:00,2026-06-01 01:51:39,29.850000000000023,Zone 4,62.4,Zone 5,29.6,Zone 4,56.0,Zone 5,37.8,Zone 5,62.0,Zone 5,58.2,Zone 5,64.7,Zone 5,62.4,Zone 5,66.8,Zone 5
Kerala,Palakkad,Mankara,26.4,2026-06-01,01:30:00,93.0,2026-05-31,01:30:00,2026-06-01 01:51:39,30.150000000000034,Zone 4,62.6,Zone 5,30.4,Zone 4,57.0,Zone 5,38.8,Zone 5,62.2,Zone 5,59.0,Zone 5,64.9,Zone 5,62.6,Zone 5,66.9,Zone 5
Kerala,Palakkad,Ottapalam,25.2,2026-06-01,01:00:00,,,,2026-06-01 01:51:39,,,,,,,,,,,,,,,,,,,,
Kerala,Palakkad,Pothundy Dam,26.3,2026-06-01,01:45:00,100.0,2026-05-31,01:45:00,2026-06-01 01:51:39,30.850000000000023,Zone 4,64.1,Zone 5,31.3,Zone 4,60.2,Zone 5,47.0,Zone 5,63.7,Zone 5,60.8,Zone 5,66.2,Zone 5,64.1,Zone 5,68.0,Zone 5
Kerala,Palakkad,Vannamada,25.8,2026-06-01,01:30:00,100.0,2026-05-31,01:30:00,2026-06-01 01:51:39,29.650000000000034,Zone 4,63.2,Zone 5,30.1,Zone 4,59.2,Zone 5,42.0,Zone 5,62.8,Zone 5,59.8,Zone 5,65.4,Zone 5,63.2,Zone 5,67.4,Zone 5
Kerala,Pathanamthitta,Konni,24.6,2026-06-01,01:30:00,98.0,2026-05-31,01:30:00,2026-06-01 01:51:39,27.05000000000001,Zone 4,60.3,Zone 5,26.9,Zone 4,45.8,Zone 5,33.7,Zone 4,59.9,Zone 5,48.1,Zone 5,62.9,Zone 5,60.3,Zone 5,65.2,Zone 5
Kerala,Pathanamthitta,Thiruvalla Kallunkal,28.4,2026-06-01,01:30:00,100.0,2026-05-31,01:30:00,2026-06-01 01:51:39,41.75,Zone 5,67.6,Zone 5,43.1,Zone 5,64.5,Zone 5,61.2,Zone 5,67.2,Zone 5,65.0,Zone 5,69.2,Zone 5,67.6,Zone 5,70.6,Zone 5
Kerala,Pathanamthitta,Ulanadu,25.2,2026-06-01,01:45:00,88.0,2026-05-31,01:45:00,2026-06-01 01:51:39,27.350000000000023,Zone 4,59.1,Zone 5,27.0,Zone 4,40.4,Zone 5,33.5,Zone 4,57.8,Zone 5,42.4,Zone 5,61.9,Zone 5,59.1,Zone 5,64.3,Zone 5
Kerala,Thiruvananthapuram,Pirappancode,25.8,2026-06-01,01:45:00,100.0,2026-05-31,01:45:00,2026-06-01 01:51:39,29.650000000000034,Zone 4,63.2,Zone 5,30.1,Zone 4,59.2,Zone 5,42.0,Zone 5,62.8,Zone 5,59.8,Zone 5,65.4,Zone 5,63.2,Zone 5,67.4,Zone 5
Kerala,Thiruvananthapuram,Thattathumala,25.8,2026-06-01,01:15:00,,,,2026-06-01 01:51:39,,,,,,,,,,,,,,,,,,,,
Kerala,Thiruvananthapuram,Thiruvananthapuram,26.2,2026-06-01,01:45:00,82.0,2026-05-31,01:45:00,2026-06-01 01:51:39,28.650000000000034,Zone 4,59.4,Zone 5,28.3,Zone 4,41.8,Zone 5,34.6,Zone 4,59.0,Zone 5,44.0,Zone 5,62.2,Zone 5,59.4,Zone 5,64.6,Zone 5
Kerala,Thiruvananthapuram,Varkala,25.7,2026-06-01,01:45:00,100.0,2026-05-31,01:45:00,2026-06-01 01:51:39,29.450000000000045,Zone 4,62.4,Zone 5,29.0,Zone 4,55.9,Zone 5,37.6,Zone 5,62.0,Zone 5,58.0,Zone 5,64.7,Zone 5,62.4,Zone 5,66.7,Zone 5
Kerala,Thrissur,Athirappilly,25.4,2026-06-01,01:45:00,100.0,2026-05-31,01:45:00,2026-06-01 01:51:39,28.75,Zone 4,62.4,Zone 5,29.0,Zone 4,55.9,Zone 5,37.6,Zone 5,62.0,Zone 5,58.0,Zone 5,64.7,Zone 5,62.4,Zone 5,66.7,Zone 5
Kerala,Thrissur,Kunnamkulam,24.6,2026-06-01,01:15:00,,,,2026-06-01 01:51:39,,,,,,,,,,,,,,,,,,,,
Kerala,Thrissur,Lower Sholayar,23.1,2026-06-01,01:45:00,100.0,2026-05-31,01:45:00,2026-06-01 01:51:39,24.850000000000023,Zone 3,55.8,Zone 5,24.8,Zone 3,36.7,Zone 5,31.0,Zone 4,54.3,Zone 5,38.5,Zone 5,61.1,Zone 5,55.8,Zone 5,63.6,Zone 5
Kerala,Thrissur,Munakkal,26.0,2026-06-01,01:15:00,,,,2026-06-01 01:51:39,,,,,,,,,,,,,,,,,,,,
Kerala,Thrissur,Peechi,26.4,2026-06-01,01:00:00,,,,2026-06-01 01:51:39,,,,,,,,,,,,,,,,,,,,
Kerala,Thrissur,Vilangankunnu,,,,95.0,2026-05-31,01:30:00,2026-06-01 01:51:39,,,,,,,,,,,,,,,,,,,,
Kerala,Wayanad,Kalpeta,22.2,2026-06-01,01:45:00,100.0,2026-05-31,01:45:00,2026-06-01 01:51:39,23.950000000000045,Zone 3,49.1,Zone 5,23.7,Zone 3,34.5,Zone 4,29.3,Zone 4,47.5,Zone 5,35.0,Zone 4,59.7,Zone 5,49.1,Zone 5,62.4,Zone 5
Kerala,Wayanad,Kuppadi,21.4,2026-06-01,01:15:00,,,,2026-06-01 01:51:39,,,,,,,,,,,,,,,,,,,,
Ladakh,Kargil,Dras,7.1,2026-06-01,01:45:00,78.0,2026-05-31,01:45:00,2026-06-01 01:51:39,6.4500000000000455,Zone 2,23.4,Zone 3,6.4,Zone 2,20.2,Zone 3,14.4,Zone 3,23.5,Zone 3,20.0,Zone 3,25.8,Zone 4,23.4,Zone 3,29.1,Zone 4
Ladakh,Kargil,Garkon,19.7,2026-06-01,01:30:00,14.0,2026-05-31,01:30:00,2026-06-01 01:51:39,16.450000000000045,Zone 3,30.4,Zone 4,16.2,Zone 3,27.1,Zone 4,23.2,Zone 3,30.5,Zone 4,27.0,Zone 4,33.7,Zone 4,30.4,Zone 4,36.7,Zone 4
Ladakh,Kargil,Kargil,13.8,2026-06-01,01:30:00,24.0,2026-05-31,01:30:00,2026-06-01 01:51:39,10.950000000000045,Zone 2,26.6,Zone 4,11.1,Zone 2,23.7,Zone 3,19.0,Zone 3,26.7,Zone 4,23.6,Zone 3,30.0,Zone 4,26.6,Zone 4,33.2,Zone 4
Ladakh,Kargil,Padum Kvk,6.6,2026-06-01,01:30:00,78.0,2026-05-31,01:30:00,2026-06-01 01:51:39,6.050000000000011,Zone 2,23.1,Zone 3,5.9,Zone 2,19.9,Zone 3,14.0,Zone 2,23.2,Zone 3,19.7,Zone 3,25.5,Zone 4,23.1,Zone 3,28.8,Zone 4
Ladakh,Leh,Khaltse,15.8,2026-06-01,01:30:00,26.0,2026-05-31,01:30:00,2026-06-01 01:51:39,12.850000000000023,Zone 2,28.2,Zone 4,13.0,Zone 2,24.9,Zone 3,20.7,Zone 3,28.3,Zone 4,24.8,Zone 3,31.6,Zone 4,28.2,Zone 4,34.7,Zone 4
Ladakh,Leh,Leh Amfu,10.9,2026-06-01,01:45:00,72.0,2026-05-31,01:45:00,2026-06-01 01:51:39,9.950000000000045,Zone 2,25.2,Zone 3,10.1,Zone 2,22.6,Zone 3,17.8,Zone 3,25.3,Zone 3,22.5,Zone 3,28.9,Zone 4,25.2,Zone 3,32.3,Zone 4
Ladakh,Leh,Mc Leh,10.4,2026-06-01,01:30:00,40.0,2026-05-31,01:30:00,2026-06-01 01:51:39,8.450000000000045,Zone 2,24.7,Zone 3,8.6,Zone 2,21.8,Zone 3,16.5,Zone 3,24.8,Zone 3,21.7,Zone 3,27.8,Zone 4,24.7,Zone 3,31.0,Zone 4
Ladakh,Leh,Nubra Hunder,13.8,2026-06-01,01:30:00,22.0,2026-05-31,01:30:00,2026-06-01 01:51:39,10.850000000000023,Zone 2,26.6,Zone 4,11.1,Zone 2,23.6,Zone 3,18.9,Zone 3,26.7,Zone 4,23.5,Zone 3,30.0,Zone 4,26.6,Zone 4,33.1,Zone 4
Ladakh,Leh,Nyoma Kvk,4.7,2026-06-01,01:30:00,76.0,2026-05-31,01:30:00,2026-06-01 01:51:39,4.150000000000034,Zone 2,22.1,Zone 3,3.9,Zone 2,18.6,Zone 3,12.6,Zone 2,22.2,Zone 3,18.3,Zone 3,24.6,Zone 3,22.1,Zone 3,27.2,Zone 4
Ladakh,Leh,Tangtse Durbuk,7.2,2026-06-01,01:30:00,61.0,2026-05-31,01:30:00,2026-06-01 01:51:39,6.150000000000034,Zone 2,23.2,Zone 3,5.9,Zone 2,20.0,Zone 3,14.0,Zone 3,23.3,Zone 3,19.8,Zone 3,25.6,Zone 4,23.2,Zone 3,28.9,Zone 4
Ladakh,Leh,Upshi,11.0,2026-06-01,01:30:00,53.0,2026-05-31,01:30:00,2026-06-01 01:51:39,9.450000000000045,Zone 2,25.0,Zone 3,9.5,Zone 2,22.3,Zone 3,17.3,Zone 3,25.1,Zone 3,22.2,Zone 3,28.5,Zone 4,25.0,Zone 3,31.8,Zone 4
Madhya Pradesh,Agar,Agar Malwa,28.2,2026-06-01,01:45:00,56.0,2026-05-31,01:45:00,2026-06-01 01:51:39,29.350000000000023,Zone 4,48.2,Zone 5,29.1,Zone 4,38.9,Zone 4,34.4,Zone 4,46.7,Zone 5,39.3,Zone 4,59.5,Zone 5,48.2,Zone 5,62.2,Zone 5
Madhya Pradesh,Ashoknagar,Aonwari Kvk,27.4,2026-06-01,01:45:00,47.0,2026-05-31,01:45:00,2026-06-01 01:51:39,27.650000000000034,Zone 4,41.4,Zone 4,27.7,Zone 4,36.8,Zone 4,32.6,Zone 4,41.1,Zone 4,37.1,Zone 4,50.9,Zone 5,41.4,Zone 4,60.0,Zone 5
Madhya Pradesh,Barwani,Talun Kvk,27.7,2026-06-01,01:45:00,71.0,2026-05-31,01:45:00,2026-06-01 01:51:39,30.150000000000034,Zone 4,59.2,Zone 5,29.8,Zone 4,41.1,Zone 5,35.8,Zone 4,58.4,Zone 5,43.2,Zone 5,62.0,Zone 5,59.2,Zone 5,64.4,Zone 5
Madhya Pradesh,Betul,Betul,,,,69.0,2026-05-31,01:30:00,2026-06-01 01:51:39,,,,,,,,,,,,,,,,,,,,
Madhya Pradesh,Bhopal,Berasia,29.3,2026-06-01,01:30:00,39.0,2026-05-31,01:30:00,2026-06-01 01:51:39,29.25,Zone 4,42.7,Zone 4,29.5,Zone 4,38.3,Zone 4,34.2,Zone 4,42.4,Zone 4,38.6,Zone 4,52.2,Zone 5,42.7,Zone 4,60.2,Zone 5
Madhya Pradesh,Bhopal,Islamnagar,27.2,2026-06-01,01:30:00,51.0,2026-05-31,01:30:00,2026-06-01 01:51:39,27.650000000000034,Zone 4,41.4,Zone 4,27.4,Zone 4,36.7,Zone 4,32.4,Zone 4,41.1,Zone 4,37.0,Zone 4,52.2,Zone 5,41.4,Zone 4,60.2,Zone 5
Madhya Pradesh,Bhopal ,Bhopal,29.9,2026-06-01,01:30:00,41.0,2026-05-31,01:30:00,2026-06-01 01:51:39,30.25,Zone 4,43.8,Zone 4,30.3,Zone 4,39.3,Zone 4,35.1,Zone 4,43.5,Zone 4,39.6,Zone 4,56.3,Zone 5,43.8,Zone 4,61.1,Zone 5
Madhya Pradesh,Dewas,Kannod,28.5,2026-06-01,01:30:00,64.0,2026-05-31,01:30:00,2026-06-01 01:51:39,30.650000000000034,Zone 4,59.0,Zone 5,30.7,Zone 4,41.3,Zone 4,36.5,Zone 4,57.7,Zone 5,42.2,Zone 5,61.8,Zone 5,59.0,Zone 5,64.3,Zone 5
Madhya Pradesh,Dhar,Dhar,27.4,2026-06-01,01:30:00,66.0,2026-05-31,01:30:00,2026-06-01 01:51:39,29.150000000000034,Zone 4,55.4,Zone 5,29.3,Zone 4,39.8,Zone 4,35.0,Zone 4,53.9,Zone 5,40.4,Zone 4,61.0,Zone 5,55.4,Zone 5,63.5,Zone 5
Madhya Pradesh,Hoshangabad,Pachmarhi Aec,20.4,2026-06-01,01:45:00,94.0,2026-05-31,01:45:00,2026-06-01 01:51:39,21.650000000000034,Zone 3,36.9,Zone 4,21.8,Zone 3,31.6,Zone 4,26.7,Zone 4,36.6,Zone 4,32.0,Zone 4,50.1,Zone 5,36.9,Zone 4,59.8,Zone 5
Madhya Pradesh,Mandsaur,Mandsour,27.7,2026-06-01,01:30:00,66.0,2026-05-31,01:30:00,2026-06-01 01:51:39,29.55000000000001,Zone 4,55.4,Zone 5,29.3,Zone 4,39.8,Zone 4,35.0,Zone 4,53.9,Zone 5,40.4,Zone 4,61.0,Zone 5,55.4,Zone 5,63.5,Zone 5
Madhya Pradesh,Narsinghpur,Narsinghpur,26.7,2026-06-01,01:00:00,,,,2026-06-01 01:51:39,,,,,,,,,,,,,,,,,,,,
Madhya Pradesh,Neemuch,Marukheda Kvk,26.4,2026-06-01,01:45:00,71.0,2026-05-31,01:45:00,2026-06-01 01:51:39,28.05000000000001,Zone 4,54.2,Zone 5,28.2,Zone 4,38.9,Zone 4,34.0,Zone 4,52.6,Zone 5,39.4,Zone 4,60.7,Zone 5,54.2,Zone 5,63.3,Zone 5
Madhya Pradesh,Niwari,Prithvipur,26.9,2026-06-01,01:30:00,55.0,2026-05-31,01:30:00,2026-06-01 01:51:39,27.55000000000001,Zone 4,42.1,Zone 4,27.7,Zone 4,37.2,Zone 4,32.8,Zone 4,41.8,Zone 4,37.6,Zone 4,55.6,Zone 5,42.1,Zone 4,61.0,Zone 5
Madhya Pradesh,Rajgarh,Rajgarh Kvk,26.8,2026-06-01,01:45:00,57.0,2026-05-31,01:45:00,2026-06-01 01:51:39,27.55000000000001,Zone 4,43.5,Zone 5,27.8,Zone 4,37.5,Zone 4,33.0,Zone 4,42.2,Zone 5,37.9,Zone 4,57.2,Zone 5,43.5,Zone 5,61.4,Zone 5
Madhya Pradesh,Sagar,Khurai,29.1,2026-06-01,01:30:00,44.0,2026-05-31,01:30:00,2026-06-01 01:51:39,29.450000000000045,Zone 4,43.0,Zone 4,29.4,Zone 4,38.4,Zone 4,34.2,Zone 4,42.7,Zone 4,38.7,Zone 4,54.9,Zone 5,43.0,Zone 4,60.8,Zone 5
Madhya Pradesh,Sagar,Sagar,27.0,2026-06-01,01:30:00,46.0,2026-05-31,01:30:00,2026-06-01 01:51:39,27.05000000000001,Zone 4,40.5,Zone 4,27.1,Zone 4,36.0,Zone 4,31.9,Zone 4,40.3,Zone 4,36.3,Zone 4,47.8,Zone 5,40.5,Zone 4,59.3,Zone 5
Madhya Pradesh,Satna,Gramoday Vv Chitrakoot,26.2,2026-06-01,01:45:00,95.0,2026-05-31,01:45:00,2026-06-01 01:51:39,29.950000000000045,Zone 4,62.2,Zone 5,29.5,Zone 4,55.1,Zone 5,36.8,Zone 5,61.8,Zone 5,57.2,Zone 5,64.5,Zone 5,62.2,Zone 5,66.6,Zone 5
Madhya Pradesh,Satna,Satna,23.2,2026-06-01,01:30:00,93.0,2026-05-31,01:30:00,2026-06-01 01:51:39,24.75,Zone 3,50.5,Zone 5,24.5,Zone 3,35.6,Zone 4,30.4,Zone 4,48.9,Zone 5,36.1,Zone 4,60.0,Zone 5,50.5,Zone 5,62.6,Zone 5
Madhya Pradesh,Sehore,Ahmadpur Iitm,27.0,2026-06-01,01:45:00,44.0,2026-05-31,01:45:00,2026-06-01 01:51:39,26.950000000000045,Zone 4,40.2,Zone 4,27.0,Zone 4,35.8,Zone 4,31.7,Zone 4,40.0,Zone 4,36.1,Zone 4,46.0,Zone 5,40.2,Zone 4,58.7,Zone 5
Madhya Pradesh,Sehore,Bhairunda,31.0,2026-06-01,01:30:00,40.0,2026-05-31,01:30:00,2026-06-01 01:51:39,31.55000000000001,Zone 4,46.2,Zone 5,31.5,Zone 4,40.5,Zone 4,36.3,Zone 4,44.8,Zone 5,40.8,Zone 4,59.1,Zone 5,46.2,Zone 5,61.9,Zone 5
Madhya Pradesh,Shahdol,Kalyanpur Kvk,24.2,2026-06-01,01:45:00,69.0,2026-05-31,01:45:00,2026-06-01 01:51:39,24.850000000000023,Zone 3,39.6,Zone 4,24.7,Zone 3,34.6,Zone 4,30.0,Zone 4,39.2,Zone 4,34.9,Zone 4,52.0,Zone 5,39.6,Zone 4,60.2,Zone 5
Madhya Pradesh,Shajapur,Shajapur,26.1,2026-06-01,01:30:00,87.0,2026-05-31,01:30:00,2026-06-01 01:51:39,28.850000000000023,Zone 4,60.5,Zone 5,28.7,Zone 4,46.9,Zone 5,35.4,Zone 4,60.1,Zone 5,49.2,Zone 5,63.1,Zone 5,60.5,Zone 5,65.4,Zone 5
Madhya Pradesh,Sheopur,Sheopur,,,,60.0,2026-05-31,01:30:00,2026-06-01 01:51:39,,,,,,,,,,,,,,,,,,,,
Madhya Pradesh,Shivpuri,Shivpuri,23.2,2026-06-01,01:30:00,99.0,2026-05-31,01:30:00,2026-06-01 01:51:39,24.950000000000045,Zone 3,55.1,Zone 5,24.7,Zone 3,36.3,Zone 4,30.9,Zone 4,53.5,Zone 5,37.7,Zone 5,60.9,Zone 5,55.1,Zone 5,63.5,Zone 5
Madhya Pradesh,Sidhi,Rampur Naikin,23.4,2026-06-01,01:30:00,96.0,2026-05-31,01:30:00,2026-06-01 01:51:39,25.05000000000001,Zone 3,56.1,Zone 5,25.1,Zone 3,36.9,Zone 5,31.5,Zone 4,54.6,Zone 5,38.8,Zone 5,61.1,Zone 5,56.1,Zone 5,63.7,Zone 5
Madhya Pradesh,Sidhi,Sidhi,24.5,2026-06-01,01:30:00,91.0,2026-05-31,01:30:00,2026-06-01 01:51:39,26.450000000000045,Zone 4,58.5,Zone 5,26.4,Zone 4,39.5,Zone 5,32.9,Zone 4,57.1,Zone 5,41.5,Zone 5,61.7,Zone 5,58.5,Zone 5,64.2,Zone 5
Madhya Pradesh,Ujjain,Vikram Vv Ujjain,28.1,2026-06-01,01:45:00,64.0,2026-05-31,01:45:00,2026-06-01 01:51:39,30.05000000000001,Zone 4,56.4,Zone 5,29.9,Zone 4,40.4,Zone 4,35.6,Zone 4,54.9,Zone 5,40.9,Zone 4,61.2,Zone 5,56.4,Zone 5,63.7,Zone 5
Madhya Pradesh,Vidisha,Kurwai,29.0,2026-06-01,01:30:00,47.0,2026-05-31,01:30:00,2026-06-01 01:51:39,29.650000000000034,Zone 4,44.0,Zone 5,29.6,Zone 4,38.9,Zone 4,34.6,Zone 4,43.3,Zone 4,39.3,Zone 4,57.6,Zone 5,44.0,Zone 5,61.4,Zone 5
Madhya Pradesh,Vidisha,Lateri,,,,42.0,2026-05-31,01:45:00,2026-06-01 01:51:39,,,,,,,,,,,,,,,,,,,,
Madhya Pradesh,Vidisha,Vidisha,28.6,2026-06-01,01:30:00,43.0,2026-05-31,01:30:00,2026-06-01 01:51:39,28.75,Zone 4,42.1,Zone 4,28.7,Zone 4,37.6,Zone 4,33.4,Zone 4,41.8,Zone 4,37.9,Zone 4,51.7,Zone 5,42.1,Zone 4,60.1,Zone 5
Maharashtra,Ahilyanagar,Ahilyanagar,23.3,2026-06-01,01:30:00,89.0,2026-05-31,01:30:00,2026-06-01 01:51:39,24.650000000000034,Zone 3,50.7,Zone 5,24.9,Zone 3,36.0,Zone 4,30.9,Zone 4,49.1,Zone 5,36.5,Zone 4,60.0,Zone 5,50.7,Zone 5,62.7,Zone 5
Maharashtra,Beed,Beed Pto,27.4,2026-06-01,01:45:00,61.0,2026-05-31,01:45:00,2026-06-01 01:51:39,28.650000000000034,Zone 4,50.5,Zone 5,28.8,Zone 4,38.9,Zone 4,34.3,Zone 4,48.9,Zone 5,39.4,Zone 4,60.0,Zone 5,50.5,Zone 5,62.6,Zone 5
Maharashtra,Chandrapur,Chandrapur Aws400,27.5,2026-06-01,01:45:00,64.0,2026-05-31,01:45:00,2026-06-01 01:51:39,29.05000000000001,Zone 4,53.5,Zone 5,29.1,Zone 4,39.5,Zone 4,34.7,Zone 4,51.9,Zone 5,40.0,Zone 4,60.6,Zone 5,53.5,Zone 5,63.2,Zone 5
Maharashtra,Dhule,Dhule,31.1,2026-06-01,01:30:00,63.0,2026-05-31,01:30:00,2026-06-01 01:51:39,35.450000000000045,Zone 4,62.5,Zone 5,35.2,Zone 4,56.6,Zone 5,41.5,Zone 4,62.1,Zone 5,58.7,Zone 5,64.8,Zone 5,62.5,Zone 5,66.9,Zone 5
Maharashtra,Gondia,Tiroda,,,,61.0,2026-05-31,01:30:00,2026-06-01 01:51:39,,,,,,,,,,,,,,,,,,,,
Maharashtra,Hingoli,Tondapur Aws400,27.5,2026-06-01,01:45:00,54.0,2026-05-31,01:45:00,2026-06-01 01:51:39,28.25,Zone 4,43.3,Zone 5,28.2,Zone 4,37.8,Zone 4,33.4,Zone 4,42.4,Zone 4,38.2,Zone 4,57.0,Zone 5,43.3,Zone 5,61.3,Zone 5
Maharashtra,Kolhapur,Kolhapur Amfu,26.1,2026-06-01,01:30:00,100.0,2026-05-31,01:30:00,2026-06-01 01:51:39,30.350000000000023,Zone 4,63.2,Zone 5,30.1,Zone 4,59.2,Zone 5,42.0,Zone 5,62.8,Zone 5,59.8,Zone 5,65.4,Zone 5,63.2,Zone 5,67.4,Zone 5
Maharashtra,Kolhapur,Radhanagri Ars,25.8,2026-06-01,01:45:00,96.0,2026-05-31,01:45:00,2026-06-01 01:51:39,29.25,Zone 4,62.4,Zone 5,29.6,Zone 4,56.0,Zone 5,37.8,Zone 5,62.0,Zone 5,58.2,Zone 5,64.7,Zone 5,62.4,Zone 5,66.8,Zone 5
Maharashtra,Latur,Udgir Aws400,28.1,2026-06-01,01:45:00,45.0,2026-05-31,01:45:00,2026-06-01 01:51:39,28.350000000000023,Zone 4,41.7,Zone 4,28.2,Zone 4,37.2,Zone 4,33.0,Zone 4,41.5,Zone 4,37.5,Zone 4,51.4,Zone 5,41.7,Zone 4,60.1,Zone 5
Maharashtra,Mumbai Suburban,Bandra,30.3,2026-06-01,01:30:00,,,,2026-06-01 01:51:39,,,,,,,,,,,,,,,,,,,,
Maharashtra,Mumbai Suburban,Dahisar,30.1,2026-06-01,01:30:00,,,,2026-06-01 01:51:39,,,,,,,,,,,,,,,,,,,,
Maharashtra,Mumbai Suburban,Tata Power Chembur,29.6,2026-06-01,01:15:00,,,,2026-06-01 01:51:39,,,,,,,,,,,,,,,,,,,,
Maharashtra,Mumbai Suburban,Vidyavihar,29.8,2026-06-01,01:30:00,82.0,2026-05-31,01:30:00,2026-06-01 01:51:39,36.75,Zone 4,65.9,Zone 5,37.3,Zone 4,62.4,Zone 5,57.9,Zone 5,65.5,Zone 5,63.0,Zone 5,67.7,Zone 5,65.9,Zone 5,69.4,Zone 5
Maharashtra,Mumbai Suburban,Vikhroli,30.3,2026-06-01,01:30:00,77.0,2026-05-31,01:30:00,2026-06-01 01:51:39,36.85000000000002,Zone 4,65.5,Zone 5,37.4,Zone 4,61.9,Zone 5,55.4,Zone 5,65.1,Zone 5,62.5,Zone 5,67.4,Zone 5,65.5,Zone 5,69.1,Zone 5
Maharashtra,Mumbai City,Byculla Mumbai,30.9,2026-06-01,01:30:00,,,,2026-06-01 01:51:39,,,,,,,,,,,,,,,,,,,,
Maharashtra,Mumbai City,Mahalaxmi,30.4,2026-06-01,01:30:00,,,,2026-06-01 01:51:39,,,,,,,,,,,,,,,,,,,,
Maharashtra,Mumbai City,Mumbai Santa Cruz,29.9,2026-06-01,01:30:00,100.0,2026-05-31,01:30:00,2026-06-01 01:51:39,59.85000000000002,Zone 5,70.2,Zone 5,60.2,Zone 5,67.7,Zone 5,65.2,Zone 5,69.9,Zone 5,68.2,Zone 5,71.4,Zone 5,70.2,Zone 5,74.3,Zone 6
Maharashtra,Nagpur,Nagpur,27.4,2026-06-01,01:30:00,75.0,2026-05-31,01:30:00,2026-06-01 01:51:39,30.05000000000001,Zone 4,60.2,Zone 5,30.2,Zone 4,45.4,Zone 5,36.5,Zone 4,59.8,Zone 5,47.7,Zone 5,62.8,Zone 5,60.2,Zone 5,65.1,Zone 5
Maharashtra,Nagpur,Nagpur Kvk,27.3,2026-06-01,01:45:00,67.0,2026-05-31,01:45:00,2026-06-01 01:51:39,29.05000000000001,Zone 4,56.3,Zone 5,29.4,Zone 4,40.0,Zone 4,35.2,Zone 4,54.9,Zone 5,40.6,Zone 4,61.2,Zone 5,56.3,Zone 5,63.7,Zone 5
Maharashtra,Nagpur,Ramtek Aws400,28.5,2026-06-01,01:45:00,56.0,2026-05-31,01:45:00,2026-06-01 01:51:39,29.850000000000023,Zone 4,51.1,Zone 5,29.8,Zone 4,39.7,Zone 4,35.2,Zone 4,49.6,Zone 5,40.2,Zone 4,60.1,Zone 5,51.1,Zone 5,62.7,Zone 5
Maharashtra,Nanded,Nanded,28.1,2026-06-01,01:45:00,78.0,2026-05-31,01:45:00,2026-06-01 01:51:39,31.75,Zone 4,61.7,Zone 5,31.6,Zone 4,52.7,Zone 5,38.2,Zone 4,61.3,Zone 5,55.0,Zone 5,64.1,Zone 5,61.7,Zone 5,66.2,Zone 5
Maharashtra,Nanded,Sagroli Kvk,30.2,2026-06-01,01:45:00,36.0,2026-05-31,01:45:00,2026-06-01 01:51:39,30.05000000000001,Zone 4,42.7,Zone 4,29.8,Zone 4,38.4,Zone 4,34.4,Zone 4,42.5,Zone 4,38.7,Zone 4,51.2,Zone 5,42.7,Zone 4,60.0,Zone 5
Maharashtra,Nandurbar,Shahada Aws400,29.3,2026-06-01,01:45:00,77.0,2026-05-31,01:45:00,2026-06-01 01:51:39,34.25,Zone 4,63.9,Zone 5,34.7,Zone 4,60.0,Zone 5,45.7,Zone 5,63.5,Zone 5,60.5,Zone 5,66.0,Zone 5,63.9,Zone 5,67.9,Zone 5
Maharashtra,Nashik,Kalwan,26.4,2026-06-01,01:30:00,36.0,2026-05-31,01:30:00,2026-06-01 01:51:39,25.850000000000023,Zone 4,38.4,Zone 4,26.0,Zone 4,34.4,Zone 4,30.4,Zone 4,38.3,Zone 4,34.5,Zone 4,42.0,Zone 4,38.4,Zone 4,50.9,Zone 5
Maharashtra,Nashik,Malegaon,28.0,2026-06-01,01:30:00,72.0,2026-05-31,01:30:00,2026-06-01 01:51:39,30.75,Zone 4,60.3,Zone 5,30.8,Zone 4,45.7,Zone 5,37.0,Zone 4,59.9,Zone 5,48.0,Zone 5,62.9,Zone 5,60.3,Zone 5,65.2,Zone 5
Maharashtra,Nashik,Vilholi,25.4,2026-06-01,01:45:00,86.0,2026-05-31,01:45:00,2026-06-01 01:51:39,27.55000000000001,Zone 4,59.5,Zone 5,27.7,Zone 4,42.1,Zone 5,34.2,Zone 4,59.1,Zone 5,44.2,Zone 5,62.2,Zone 5,59.5,Zone 5,64.6,Zone 5
Maharashtra,Palghar,Palghar Aws400,28.8,2026-06-01,01:45:00,99.0,2026-05-31,01:45:00,2026-06-01 01:51:39,45.450000000000045,Zone 5,68.2,Zone 5,48.2,Zone 5,65.3,Zone 5,62.1,Zone 5,67.9,Zone 5,65.8,Zone 5,69.7,Zone 5,68.2,Zone 5,71.1,Zone 5
Maharashtra,Pune, Nimgiri Junnar,24.0,2026-06-01,01:30:00,,,,2026-06-01 01:51:39,,,,,,,,,,,,,,,,,,,,
Maharashtra,Pune,Blindschool Kp Pune,27.5,2026-06-01,01:30:00,79.0,2026-05-31,01:30:00,2026-06-01 01:51:39,30.650000000000034,Zone 4,61.1,Zone 5,30.7,Zone 4,50.0,Zone 5,37.3,Zone 4,60.7,Zone 5,52.3,Zone 5,63.6,Zone 5,61.1,Zone 5,65.8,Zone 5
Maharashtra,Pune,Cagmo Shivajinagar,27.1,2026-06-01,01:30:00,73.0,2026-05-31,01:30:00,2026-06-01 01:51:39,29.350000000000023,Zone 4,58.8,Zone 5,29.1,Zone 4,40.2,Zone 4,35.2,Zone 4,57.4,Zone 5,41.9,Zone 5,61.8,Zone 5,58.8,Zone 5,64.2,Zone 5
Maharashtra,Pune,Chinchwad Pune,26.4,2026-06-01,01:30:00,77.0,2026-05-31,01:30:00,2026-06-01 01:51:39,28.55000000000001,Zone 4,59.1,Zone 5,28.7,Zone 4,40.5,Zone 5,34.8,Zone 4,57.9,Zone 5,42.5,Zone 5,61.9,Zone 5,59.1,Zone 5,64.3,Zone 5
Maharashtra,Pune,Christ University Lavasa,23.8,2026-06-01,01:30:00,100.0,2026-05-31,01:30:00,2026-06-01 01:51:39,25.75,Zone 4,59.8,Zone 5,26.1,Zone 4,43.6,Zone 5,32.9,Zone 4,59.4,Zone 5,45.9,Zone 5,62.5,Zone 5,59.8,Zone 5,64.8,Zone 5
Maharashtra,Pune,Cme Dapodi,26.9,2026-06-01,01:30:00,82.0,2026-05-31,01:30:00,2026-06-01 01:51:39,29.850000000000023,Zone 4,61.0,Zone 5,30.1,Zone 4,49.4,Zone 5,36.7,Zone 4,60.6,Zone 5,51.8,Zone 5,63.5,Zone 5,61.0,Zone 5,65.7,Zone 5
Maharashtra,Pune,Dps Hadapsar Pune,27.3,2026-06-01,01:30:00,78.0,2026-05-31,01:30:00,2026-06-01 01:51:39,30.150000000000034,Zone 4,60.9,Zone 5,30.6,Zone 4,48.8,Zone 5,37.1,Zone 4,60.5,Zone 5,51.2,Zone 5,63.4,Zone 5,60.9,Zone 5,65.7,Zone 5
Maharashtra,Pune,Girivan,24.4,2026-06-01,01:30:00,86.0,2026-05-31,01:30:00,2026-06-01 01:51:39,25.950000000000045,Zone 4,54.7,Zone 5,26.1,Zone 4,37.5,Zone 4,32.3,Zone 4,53.2,Zone 5,38.0,Zone 4,60.8,Zone 5,54.7,Zone 5,63.4,Zone 5
Maharashtra,Pune,Khadakwadi Ambegaon,25.9,2026-06-01,01:30:00,73.0,2026-05-31,01:30:00,2026-06-01 01:51:39,27.350000000000023,Zone 4,52.9,Zone 5,27.5,Zone 4,38.3,Zone 4,33.4,Zone 4,51.4,Zone 5,38.8,Zone 4,60.5,Zone 5,52.9,Zone 5,63.1,Zone 5
Maharashtra,Pune,Khutbav Daund,25.7,2026-06-01,01:30:00,80.0,2026-05-31,01:30:00,2026-06-01 01:51:39,27.55000000000001,Zone 4,56.0,Zone 5,27.3,Zone 4,38.5,Zone 4,33.4,Zone 4,54.5,Zone 5,39.0,Zone 4,61.1,Zone 5,56.0,Zone 5,63.6,Zone 5
Maharashtra,Pune,Lavale,23.0,2026-06-01,01:30:00,89.0,2026-05-31,01:30:00,2026-06-01 01:51:39,24.350000000000023,Zone 3,47.4,Zone 5,24.4,Zone 3,35.1,Zone 4,30.0,Zone 4,45.9,Zone 5,35.6,Zone 4,59.3,Zone 5,47.4,Zone 5,62.1,Zone 5
Maharashtra,Pune,Magarpatta Pune,26.1,2026-06-01,01:30:00,73.0,2026-05-31,01:30:00,2026-06-01 01:51:39,27.75,Zone 4,52.9,Zone 5,27.5,Zone 4,38.3,Zone 4,33.4,Zone 4,51.4,Zone 5,38.8,Zone 4,60.5,Zone 5,52.9,Zone 5,63.1,Zone 5
Maharashtra,Pune,Malin Ambegaon,24.4,2026-06-01,01:30:00,90.0,2026-05-31,01:30:00,2026-06-01 01:51:39,26.150000000000034,Zone 4,57.8,Zone 5,26.3,Zone 4,38.7,Zone 5,32.7,Zone 4,56.3,Zone 5,40.7,Zone 5,61.5,Zone 5,57.8,Zone 5,64.0,Zone 5
Maharashtra,Pune,Mti Pashan Pune,24.5,2026-06-01,01:30:00,89.0,2026-05-31,01:30:00,2026-06-01 01:51:39,26.25,Zone 4,57.1,Zone 5,26.3,Zone 4,37.9,Zone 5,32.6,Zone 4,55.6,Zone 5,39.8,Zone 5,61.4,Zone 5,57.1,Zone 5,63.9,Zone 5
Maharashtra,Pune,Narayangoan Krishi Kendra,25.0,2026-06-01,01:30:00,100.0,2026-05-31,01:30:00,2026-06-01 01:51:39,27.950000000000045,Zone 4,61.5,Zone 5,28.0,Zone 4,51.8,Zone 5,35.2,Zone 4,61.1,Zone 5,54.1,Zone 5,64.0,Zone 5,61.5,Zone 5,66.1,Zone 5
Maharashtra,Pune,Nda Pune,24.3,2026-06-01,01:30:00,84.0,2026-05-31,01:30:00,2026-06-01 01:51:39,25.650000000000034,Zone 4,53.1,Zone 5,26.0,Zone 4,37.2,Zone 4,32.1,Zone 4,51.5,Zone 5,37.7,Zone 4,60.5,Zone 5,53.1,Zone 5,63.1,Zone 5
Maharashtra,Pune,Niasm Baramati,25.6,2026-06-01,01:30:00,77.0,2026-05-31,01:30:00,2026-06-01 01:51:39,27.25,Zone 4,53.4,Zone 5,27.1,Zone 4,38.0,Zone 4,33.0,Zone 4,51.9,Zone 5,38.5,Zone 4,60.6,Zone 5,53.4,Zone 5,63.2,Zone 5
Maharashtra,Pune,Pabal Shirur,22.9,2026-06-01,01:30:00,98.0,2026-05-31,01:30:00,2026-06-01 01:51:39,24.650000000000034,Zone 3,54.3,Zone 5,24.7,Zone 3,36.2,Zone 4,30.8,Zone 4,52.8,Zone 5,37.0,Zone 5,60.8,Zone 5,54.3,Zone 5,63.3,Zone 5
Maharashtra,Pune,Pashan Aws Lab,25.4,2026-06-01,01:30:00,100.0,2026-05-31,01:30:00,2026-06-01 01:51:39,28.75,Zone 4,62.4,Zone 5,29.0,Zone 4,55.9,Zone 5,37.6,Zone 5,62.0,Zone 5,58.0,Zone 5,64.7,Zone 5,62.4,Zone 5,66.7,Zone 5
Maharashtra,Pune,Pashan Aws Lab Amfu,,,,69.0,2026-05-31,01:30:00,2026-06-01 01:51:39,,,,,,,,,,,,,,,,,,,,
Maharashtra,Pune,Rajgurunagar,26.2,2026-06-01,01:30:00,82.0,2026-05-31,01:30:00,2026-06-01 01:51:39,28.650000000000034,Zone 4,59.4,Zone 5,28.3,Zone 4,41.8,Zone 5,34.6,Zone 4,59.0,Zone 5,44.0,Zone 5,62.2,Zone 5,59.4,Zone 5,64.6,Zone 5
Maharashtra,Pune,Rjspmcop Dudulgaon,26.8,2026-06-01,01:30:00,100.0,2026-05-31,01:30:00,2026-06-01 01:51:39,32.150000000000034,Zone 4,65.0,Zone 5,32.7,Zone 4,61.3,Zone 5,52.3,Zone 5,64.6,Zone 5,61.8,Zone 5,66.9,Zone 5,65.0,Zone 5,68.7,Zone 5
Maharashtra,Pune,Talegaon,25.1,2026-06-01,01:30:00,,,,2026-06-01 01:51:39,,,,,,,,,,,,,,,,,,,,
Maharashtra,Pune,Wadgaonsheri Pune,26.6,2026-06-01,01:30:00,69.0,2026-05-31,01:30:00,2026-06-01 01:51:39,28.150000000000034,Zone 4,52.3,Zone 5,28.0,Zone 4,38.5,Zone 4,33.7,Zone 4,50.7,Zone 5,39.0,Zone 4,60.3,Zone 5,52.3,Zone 5,63.0,Zone 5
Maharashtra,Raigad,Iighq Newpanvel,30.0,2026-06-01,01:30:00,100.0,2026-05-31,01:30:00,2026-06-01 01:51:39,60.150000000000034,Zone 5,70.2,Zone 5,60.2,Zone 5,67.7,Zone 5,65.2,Zone 5,69.9,Zone 5,68.2,Zone 5,71.4,Zone 5,70.2,Zone 5,74.3,Zone 6
Maharashtra,Raigad,Karjat,29.1,2026-06-01,01:30:00,75.0,2026-05-31,01:30:00,2026-06-01 01:51:39,33.450000000000045,Zone 4,62.6,Zone 5,33.2,Zone 4,56.8,Zone 5,39.9,Zone 4,62.2,Zone 5,58.8,Zone 5,64.9,Zone 5,62.6,Zone 5,66.9,Zone 5
Maharashtra,Raigad,Matheran,24.1,2026-06-01,01:45:00,100.0,2026-05-31,01:45:00,2026-06-01 01:51:39,26.350000000000023,Zone 4,59.8,Zone 5,26.1,Zone 4,43.6,Zone 5,32.9,Zone 4,59.4,Zone 5,45.9,Zone 5,62.5,Zone 5,59.8,Zone 5,64.8,Zone 5
Maharashtra,Ratnagiri,Dapoli,27.2,2026-06-01,01:30:00,99.0,2026-05-31,01:30:00,2026-06-01 01:51:39,33.05000000000001,Zone 4,64.7,Zone 5,32.5,Zone 4,61.0,Zone 5,51.0,Zone 5,64.3,Zone 5,61.6,Zone 5,66.7,Zone 5,64.7,Zone 5,68.5,Zone 5
Maharashtra,Ratnagiri,Ratnagiri Aws400,28.5,2026-06-01,01:45:00,94.0,2026-05-31,01:45:00,2026-06-01 01:51:39,35.85000000000002,Zone 4,66.2,Zone 5,35.9,Zone 4,62.8,Zone 5,59.1,Zone 5,65.8,Zone 5,63.4,Zone 5,68.0,Zone 5,66.2,Zone 5,69.6,Zone 5
Maharashtra,Ratnagiri,Savarde(Golwane),27.5,2026-06-01,01:30:00,,,,2026-06-01 01:51:39,,,,,,,,,,,,,,,,,,,,
Maharashtra,Sangli,Sangli Kvk,25.4,2026-06-01,01:15:00,,,,2026-06-01 01:51:39,,,,,,,,,,,,,,,,,,,,
Maharashtra,Satara,Mahabaleshwar,19.5,2026-06-01,01:30:00,100.0,2026-05-31,01:30:00,2026-06-01 01:51:39,20.850000000000023,Zone 3,35.9,Zone 4,20.9,Zone 3,30.6,Zone 4,25.7,Zone 4,35.5,Zone 4,30.9,Zone 4,48.0,Zone 5,35.9,Zone 4,59.4,Zone 5
Maharashtra,Satara,Satara,26.1,2026-06-01,01:15:00,,,,2026-06-01 01:51:39,,,,,,,,,,,,,,,,,,,,
Maharashtra,Sindhudurg,Devgad,30.1,2026-06-01,01:30:00,83.0,2026-05-31,01:30:00,2026-06-01 01:51:39,37.950000000000045,Zone 4,66.2,Zone 5,37.6,Zone 4,62.7,Zone 5,59.1,Zone 5,65.8,Zone 5,63.3,Zone 5,68.0,Zone 5,66.2,Zone 5,69.6,Zone 5
Maharashtra,Sindhudurg,Mulde Amfu,27.7,2026-06-01,01:30:00,100.0,2026-05-31,01:30:00,2026-06-01 01:51:39,34.75,Zone 4,65.8,Zone 5,34.1,Zone 4,62.3,Zone 5,57.3,Zone 5,65.4,Zone 5,62.9,Zone 5,67.7,Zone 5,65.8,Zone 5,69.3,Zone 5
Maharashtra,Sindhudurg,Vengurla,28.0,2026-06-01,01:30:00,89.0,2026-05-31,01:30:00,2026-06-01 01:51:39,33.35000000000002,Zone 4,64.2,Zone 5,33.3,Zone 4,60.4,Zone 5,48.0,Zone 5,63.8,Zone 5,61.0,Zone 5,66.3,Zone 5,64.2,Zone 5,68.1,Zone 5
Maharashtra,Solapur,Mohol Kvk,28.9,2026-06-01,01:45:00,42.0,2026-05-31,01:45:00,2026-06-01 01:51:39,29.05000000000001,Zone 4,42.6,Zone 4,29.2,Zone 4,38.1,Zone 4,33.9,Zone 4,42.3,Zone 4,38.4,Zone 4,53.0,Zone 5,42.6,Zone 4,60.4,Zone 5
Maharashtra,Solapur,Sangola Mahavidyalaya,27.6,2026-06-01,01:45:00,60.0,2026-05-31,01:45:00,2026-06-01 01:51:39,28.850000000000023,Zone 4,49.4,Zone 5,28.7,Zone 4,38.8,Zone 4,34.2,Zone 4,47.9,Zone 5,39.2,Zone 4,59.7,Zone 5,49.4,Zone 5,62.4,Zone 5
Maharashtra,Solapur,Solapur,29.5,2026-06-01,01:30:00,52.0,2026-05-31,01:30:00,2026-06-01 01:51:39,30.850000000000023,Zone 4,52.4,Zone 5,30.9,Zone 4,40.6,Zone 4,36.1,Zone 4,50.9,Zone 5,41.1,Zone 4,60.4,Zone 5,52.4,Zone 5,63.0,Zone 5
Maharashtra,Thane,Bhayander,29.3,2026-06-01,01:30:00,,,,2026-06-01 01:51:39,,,,,,,,,,,,,,,,,,,,
Maharashtra,Wardha,Wardha,30.0,2026-06-01,01:30:00,48.0,2026-05-31,01:30:00,2026-06-01 01:51:39,31.150000000000034,Zone 4,50.6,Zone 5,31.1,Zone 4,40.6,Zone 4,36.2,Zone 4,49.1,Zone 5,41.0,Zone 4,60.0,Zone 5,50.6,Zone 5,62.7,Zone 5
Maharashtra,Yavatmal,Pushad Aws400,29.1,2026-06-01,01:45:00,40.0,2026-05-31,01:45:00,2026-06-01 01:51:39,29.150000000000034,Zone 4,42.2,Zone 4,29.0,Zone 4,37.8,Zone 4,33.7,Zone 4,41.9,Zone 4,38.1,Zone 4,51.0,Zone 5,42.2,Zone 4,60.0,Zone 5
Manipur,Chandel,Chandel Kvk,20.5,2026-06-01,01:45:00,100.0,2026-05-31,01:45:00,2026-06-01 01:51:39,22.05000000000001,Zone 3,39.6,Zone 5,22.0,Zone 3,32.0,Zone 4,27.0,Zone 4,38.4,Zone 5,32.4,Zone 4,53.6,Zone 5,39.6,Zone 5,60.6,Zone 5
Manipur,Imphal East,Jiribam,25.8,2026-06-01,01:30:00,99.0,2026-05-31,01:30:00,2026-06-01 01:51:39,29.55000000000001,Zone 4,63.0,Zone 5,30.0,Zone 4,58.7,Zone 5,40.9,Zone 5,62.6,Zone 5,59.5,Zone 5,65.2,Zone 5,63.0,Zone 5,67.2,Zone 5
Manipur,Imphal East,Porompat,22.0,2026-06-01,01:30:00,99.0,2026-05-31,01:30:00,2026-06-01 01:51:39,23.650000000000034,Zone 3,48.4,Zone 5,23.7,Zone 3,34.4,Zone 4,29.2,Zone 4,46.8,Zone 5,34.9,Zone 4,59.5,Zone 5,48.4,Zone 5,62.2,Zone 5
Manipur,Kamjong,Kamjong,,,,100.0,2026-05-31,01:45:00,2026-06-01 01:51:39,,,,,,,,,,,,,,,,,,,,
Manipur,Kangpokpi,Saikul,,,,100.0,2026-05-31,01:45:00,2026-06-01 01:51:39,,,,,,,,,,,,,,,,,,,,
Manipur,Noney,Khoupum,22.9,2026-06-01,01:45:00,100.0,2026-05-31,01:45:00,2026-06-01 01:51:39,24.650000000000034,Zone 3,55.8,Zone 5,24.8,Zone 3,36.7,Zone 5,31.0,Zone 4,54.3,Zone 5,38.5,Zone 5,61.1,Zone 5,55.8,Zone 5,63.6,Zone 5
Meghalaya,East Garo Hills,Williamnagar,25.6,2026-06-01,01:45:00,60.0,2026-05-31,01:45:00,2026-06-01 01:51:39,26.150000000000034,Zone 4,40.6,Zone 4,26.0,Zone 4,35.7,Zone 4,31.2,Zone 4,40.3,Zone 4,36.1,Zone 4,52.6,Zone 5,40.6,Zone 4,60.3,Zone 5
Meghalaya,East Khasi Hills,Laban,,,,93.0,2026-05-31,01:30:00,2026-06-01 01:51:39,,,,,,,,,,,,,,,,,,,,
Meghalaya,East Khasi Hills,Mawryngkneng,20.6,2026-06-01,01:30:00,100.0,2026-05-31,01:30:00,2026-06-01 01:51:39,22.150000000000034,Zone 3,39.6,Zone 5,22.0,Zone 3,32.0,Zone 4,27.0,Zone 4,38.4,Zone 5,32.4,Zone 4,53.6,Zone 5,39.6,Zone 5,60.6,Zone 5
Meghalaya,East Khasi Hills,Mawsynram,20.1,2026-06-01,01:30:00,95.0,2026-05-31,01:30:00,2026-06-01 01:51:39,21.350000000000023,Zone 3,36.2,Zone 4,21.3,Zone 3,31.0,Zone 4,26.1,Zone 4,35.9,Zone 4,31.3,Zone 4,47.9,Zone 5,36.2,Zone 4,59.3,Zone 5
Meghalaya,East Khasi Hills,Nehu,18.9,2026-06-01,01:30:00,100.0,2026-05-31,01:30:00,2026-06-01 01:51:39,20.150000000000034,Zone 3,35.1,Zone 4,20.3,Zone 3,29.9,Zone 4,25.1,Zone 3,34.8,Zone 4,30.2,Zone 4,45.3,Zone 5,35.1,Zone 4,58.2,Zone 5
Meghalaya,East Khasi Hills,Shillong,18.2,2026-06-01,01:30:00,95.0,2026-05-31,01:30:00,2026-06-01 01:51:39,19.05000000000001,Zone 3,33.3,Zone 4,18.8,Zone 3,28.4,Zone 4,24.3,Zone 3,33.0,Zone 4,28.6,Zone 4,37.9,Zone 5,33.3,Zone 4,51.3,Zone 5
Meghalaya,East Khasi Hills,Sohra(Cherrapunjee),21.5,2026-06-01,01:30:00,72.0,2026-05-31,01:30:00,2026-06-01 01:51:39,21.950000000000045,Zone 3,36.2,Zone 4,22.0,Zone 3,31.5,Zone 4,27.0,Zone 4,36.0,Zone 4,31.7,Zone 4,41.7,Zone 5,36.2,Zone 4,55.1,Zone 5
Meghalaya,Jaintia Hills,Jowai,24.4,2026-06-01,01:30:00,,,,2026-06-01 01:51:39,,,,,,,,,,,,,,,,,,,,
Meghalaya,North Garo Hills,Resubelpara,26.2,2026-06-01,01:45:00,99.0,2026-05-31,01:45:00,2026-06-01 01:51:39,30.450000000000045,Zone 4,63.0,Zone 5,30.0,Zone 4,58.7,Zone 5,40.9,Zone 5,62.6,Zone 5,59.5,Zone 5,65.2,Zone 5,63.0,Zone 5,67.2,Zone 5
Meghalaya,Ri Bhoi,Byrnihat,25.4,2026-06-01,01:30:00,100.0,2026-05-31,01:30:00,2026-06-01 01:51:39,28.75,Zone 4,62.4,Zone 5,29.0,Zone 4,55.9,Zone 5,37.6,Zone 5,62.0,Zone 5,58.0,Zone 5,64.7,Zone 5,62.4,Zone 5,66.7,Zone 5
Meghalaya,Ri Bhoi,Umtrewdam,28.1,2026-06-01,01:30:00,,,,2026-06-01 01:51:39,,,,,,,,,,,,,,,,,,,,
Meghalaya,South Garo Hills,Baghmara,25.9,2026-06-01,01:30:00,99.0,2026-05-31,01:30:00,2026-06-01 01:51:39,29.75,Zone 4,63.0,Zone 5,30.0,Zone 4,58.7,Zone 5,40.9,Zone 5,62.6,Zone 5,59.5,Zone 5,65.2,Zone 5,63.0,Zone 5,67.2,Zone 5
Meghalaya,South West Garo Hills,Ampati,25.4,2026-06-01,01:45:00,,,,2026-06-01 01:51:39,,,,,,,,,,,,,,,,,,,,
Meghalaya,South West Khasi Hills,Mawkyrwat,17.9,2026-06-01,01:45:00,100.0,2026-05-31,01:45:00,2026-06-01 01:51:39,18.950000000000045,Zone 3,33.6,Zone 4,19.1,Zone 3,28.6,Zone 4,24.4,Zone 3,33.3,Zone 4,28.9,Zone 4,40.2,Zone 5,33.6,Zone 4,53.7,Zone 5
Meghalaya,West Garo Hills,Tura,25.5,2026-06-01,01:30:00,87.0,2026-05-31,01:30:00,2026-06-01 01:51:39,27.850000000000023,Zone 4,59.7,Zone 5,27.8,Zone 4,43.0,Zone 5,34.3,Zone 4,59.3,Zone 5,45.2,Zone 5,62.4,Zone 5,59.7,Zone 5,64.8,Zone 5
Meghalaya,West Khasi Hills,Nongstoin,19.0,2026-06-01,01:30:00,100.0,2026-05-31,01:30:00,2026-06-01 01:51:39,20.25,Zone 3,35.1,Zone 4,20.3,Zone 3,29.9,Zone 4,25.1,Zone 3,34.8,Zone 4,30.2,Zone 4,45.3,Zone 5,35.1,Zone 4,58.2,Zone 5
Mizoram,Aizawl,Lengpui,25.5,2026-06-01,01:45:00,99.0,2026-05-31,01:45:00,2026-06-01 01:51:39,28.950000000000045,Zone 4,62.2,Zone 5,28.9,Zone 4,54.9,Zone 5,36.7,Zone 5,61.7,Zone 5,57.1,Zone 5,64.5,Zone 5,62.2,Zone 5,66.6,Zone 5
Mizoram,Aizawl,Mizoram University,22.7,2026-06-01,01:30:00,100.0,2026-05-31,01:30:00,2026-06-01 01:51:39,24.450000000000045,Zone 3,52.5,Zone 5,24.3,Zone 3,35.4,Zone 4,30.1,Zone 4,50.9,Zone 5,36.0,Zone 4,60.4,Zone 5,52.5,Zone 5,63.0,Zone 5
Mizoram,Champhai,Champhai Aws,18.7,2026-06-01,01:45:00,100.0,2026-05-31,01:45:00,2026-06-01 01:51:39,19.950000000000045,Zone 3,34.3,Zone 4,19.7,Zone 3,29.2,Zone 4,24.8,Zone 3,34.0,Zone 4,29.5,Zone 4,42.6,Zone 5,34.3,Zone 4,56.0,Zone 5
Mizoram,Khawzawl,Khawzawl,19.8,2026-06-01,01:45:00,100.0,2026-05-31,01:45:00,2026-06-01 01:51:39,21.25,Zone 3,36.9,Zone 5,21.5,Zone 3,31.3,Zone 4,26.3,Zone 4,36.3,Zone 4,31.7,Zone 4,50.8,Zone 5,36.9,Zone 5,60.0,Zone 5
Mizoram,Kolasib,Kolasib,23.4,2026-06-01,01:45:00,100.0,2026-05-31,01:45:00,2026-06-01 01:51:39,25.150000000000034,Zone 3,58.9,Zone 5,25.3,Zone 3,39.9,Zone 5,31.9,Zone 4,57.4,Zone 5,42.0,Zone 5,61.8,Zone 5,58.9,Zone 5,64.2,Zone 5
Mizoram,Lawngtlai,Chawnhu,21.2,2026-06-01,01:45:00,100.0,2026-05-31,01:45:00,2026-06-01 01:51:39,22.850000000000023,Zone 3,42.5,Zone 5,22.6,Zone 3,32.8,Zone 4,27.7,Zone 4,41.2,Zone 5,33.3,Zone 4,56.3,Zone 5,42.5,Zone 5,61.2,Zone 5
Mizoram,Mamit,Lengpui Kvk,24.0,2026-06-01,01:45:00,100.0,2026-05-31,01:45:00,2026-06-01 01:51:39,26.150000000000034,Zone 4,59.8,Zone 5,26.1,Zone 4,43.6,Zone 5,32.9,Zone 4,59.4,Zone 5,45.9,Zone 5,62.5,Zone 5,59.8,Zone 5,64.8,Zone 5
Mizoram,Saiha,Saiha,20.6,2026-06-01,01:45:00,96.0,2026-05-31,01:45:00,2026-06-01 01:51:39,21.950000000000045,Zone 3,37.3,Zone 5,21.9,Zone 3,31.7,Zone 4,26.8,Zone 4,36.8,Zone 4,32.1,Zone 4,51.3,Zone 5,37.3,Zone 5,60.0,Zone 5
Mizoram,Serchhip,Serchhip,22.2,2026-06-01,01:45:00,100.0,2026-05-31,01:45:00,2026-06-01 01:51:39,23.950000000000045,Zone 3,49.1,Zone 5,23.7,Zone 3,34.5,Zone 4,29.3,Zone 4,47.5,Zone 5,35.0,Zone 4,59.7,Zone 5,49.1,Zone 5,62.4,Zone 5
Nagaland,Kiphire,Kiphire Aws400,20.4,2026-06-01,01:45:00,100.0,2026-05-31,01:45:00,2026-06-01 01:51:39,21.950000000000045,Zone 3,39.6,Zone 5,22.0,Zone 3,32.0,Zone 4,27.0,Zone 4,38.4,Zone 5,32.4,Zone 4,53.6,Zone 5,39.6,Zone 5,60.6,Zone 5
Nagaland,Longleng,Sakshi,22.3,2026-06-01,01:45:00,100.0,2026-05-31,01:45:00,2026-06-01 01:51:39,24.05000000000001,Zone 3,52.5,Zone 5,24.3,Zone 3,35.4,Zone 4,30.1,Zone 4,50.9,Zone 5,36.0,Zone 4,60.4,Zone 5,52.5,Zone 5,63.0,Zone 5
Nagaland,Peren,Jalukie,25.3,2026-06-01,01:45:00,100.0,2026-05-31,01:45:00,2026-06-01 01:51:39,28.55000000000001,Zone 4,62.4,Zone 5,29.0,Zone 4,55.9,Zone 5,37.6,Zone 5,62.0,Zone 5,58.0,Zone 5,64.7,Zone 5,62.4,Zone 5,66.7,Zone 5
Nagaland,Tuensang,Thonoknyu,17.9,2026-06-01,01:45:00,100.0,2026-05-31,01:45:00,2026-06-01 01:51:39,18.950000000000045,Zone 3,33.6,Zone 4,19.1,Zone 3,28.6,Zone 4,24.4,Zone 3,33.3,Zone 4,28.9,Zone 4,40.2,Zone 5,33.6,Zone 4,53.7,Zone 5
Nagaland,Wokha,Wokha,22.0,2026-06-01,01:45:00,100.0,2026-05-31,01:45:00,2026-06-01 01:51:39,23.75,Zone 3,49.1,Zone 5,23.7,Zone 3,34.5,Zone 4,29.3,Zone 4,47.5,Zone 5,35.0,Zone 4,59.7,Zone 5,49.1,Zone 5,62.4,Zone 5
Odisha,Balangir,Bolangir,28.1,2026-06-01,01:30:00,100.0,2026-05-31,01:30:00,2026-06-01 01:51:39,38.25,Zone 5,66.7,Zone 5,37.1,Zone 5,63.4,Zone 5,59.8,Zone 5,66.3,Zone 5,63.9,Zone 5,68.4,Zone 5,66.7,Zone 5,70.0,Zone 5
Odisha,Balasore,Fm University,25.1,2026-06-01,01:45:00,100.0,2026-05-31,01:45:00,2026-06-01 01:51:39,28.150000000000034,Zone 4,61.5,Zone 5,28.0,Zone 4,51.8,Zone 5,35.2,Zone 4,61.1,Zone 5,54.1,Zone 5,64.0,Zone 5,61.5,Zone 5,66.1,Zone 5
Odisha,Cuttack,Cuttack Kvk,26.1,2026-06-01,01:45:00,,,,2026-06-01 01:51:39,,,,,,,,,,,,,,,,,,,,
Odisha,Ganjam,Benakuda Kvk,26.4,2026-06-01,01:45:00,87.0,2026-05-31,01:45:00,2026-06-01 01:51:39,29.450000000000045,Zone 4,61.3,Zone 5,29.7,Zone 4,50.9,Zone 5,36.5,Zone 4,60.9,Zone 5,53.2,Zone 5,63.8,Zone 5,61.3,Zone 5,66.0,Zone 5
Odisha,Jharsuguda,Jharsuguda,28.1,2026-06-01,01:30:00,100.0,2026-05-31,01:30:00,2026-06-01 01:51:39,38.25,Zone 5,66.7,Zone 5,37.1,Zone 5,63.4,Zone 5,59.8,Zone 5,66.3,Zone 5,63.9,Zone 5,68.4,Zone 5,66.7,Zone 5,70.0,Zone 5
Odisha,Kandhamal,Phulbani,24.9,2026-06-01,01:45:00,99.0,2026-05-31,01:45:00,2026-06-01 01:51:39,27.650000000000034,Zone 4,61.3,Zone 5,27.9,Zone 4,50.8,Zone 5,35.0,Zone 4,60.9,Zone 5,53.2,Zone 5,63.8,Zone 5,61.3,Zone 5,66.0,Zone 5
Odisha,Khurdha,Bhubaneshwar Airport,26.9,2026-06-01,01:30:00,91.0,2026-05-31,01:30:00,2026-06-01 01:51:39,30.950000000000045,Zone 4,63.0,Zone 5,31.2,Zone 4,58.7,Zone 5,40.9,Zone 5,62.6,Zone 5,59.5,Zone 5,65.2,Zone 5,63.0,Zone 5,67.2,Zone 5
Odisha,Khurdha,Pitapalli,27.3,2026-06-01,01:45:00,,,,2026-06-01 01:51:39,,,,,,,,,,,,,,,,,,,,
Odisha,Mayurbhanj,Baripada,25.6,2026-06-01,01:45:00,100.0,2026-05-31,01:45:00,2026-06-01 01:51:39,29.25,Zone 4,62.4,Zone 5,29.0,Zone 4,55.9,Zone 5,37.6,Zone 5,62.0,Zone 5,58.0,Zone 5,64.7,Zone 5,62.4,Zone 5,66.7,Zone 5
Odisha,Puri,Janhukuda(Near Satapada),29.2,2026-06-01,01:45:00,100.0,2026-05-31,01:45:00,2026-06-01 01:51:39,52.85000000000002,Zone 5,68.5,Zone 5,50.0,Zone 5,65.5,Zone 5,62.5,Zone 5,68.1,Zone 5,66.1,Zone 5,69.9,Zone 5,68.5,Zone 5,71.3,Zone 5
Odisha,Puri,Puri Kvk,27.2,2026-06-01,01:45:00,51.0,2026-05-31,01:45:00,2026-06-01 01:51:39,27.650000000000034,Zone 4,41.4,Zone 4,27.4,Zone 4,36.7,Zone 4,32.4,Zone 4,41.1,Zone 4,37.0,Zone 4,52.2,Zone 5,41.4,Zone 4,60.2,Zone 5
Odisha,Rayagada,Gunupur Kvk,27.7,2026-06-01,01:45:00,100.0,2026-05-31,01:45:00,2026-06-01 01:51:39,34.75,Zone 4,65.8,Zone 5,34.1,Zone 4,62.3,Zone 5,57.3,Zone 5,65.4,Zone 5,62.9,Zone 5,67.7,Zone 5,65.8,Zone 5,69.3,Zone 5
Odisha,Sambalpur,Dhankauda,27.0,2026-06-01,01:45:00,72.0,2026-05-31,01:45:00,2026-06-01 01:51:39,29.05000000000001,Zone 4,57.9,Zone 5,29.0,Zone 4,40.0,Zone 4,35.0,Zone 4,56.5,Zone 5,40.9,Zone 5,61.6,Zone 5,57.9,Zone 5,64.0,Zone 5
Odisha,Sonepur,Sonepur,27.5,2026-06-01,01:45:00,81.0,2026-05-31,01:45:00,2026-06-01 01:51:39,30.950000000000045,Zone 4,61.6,Zone 5,30.9,Zone 4,52.2,Zone 5,37.7,Zone 4,61.2,Zone 5,54.5,Zone 5,64.0,Zone 5,61.6,Zone 5,66.2,Zone 5
Odisha,Subarnapur,Dungripalli,27.8,2026-06-01,01:30:00,,,,2026-06-01 01:51:39,,,,,,,,,,,,,,,,,,,,
Odisha,Sundergarh,Balishankar,26.9,2026-06-01,01:30:00,,,,2026-06-01 01:51:39,,,,,,,,,,,,,,,,,,,,
Odisha,Sundergarh,Sundergarh,26.8,2026-06-01,01:45:00,87.0,2026-05-31,01:45:00,2026-06-01 01:51:39,30.25,Zone 4,62.1,Zone 5,30.7,Zone 4,54.8,Zone 5,37.7,Zone 4,61.7,Zone 5,57.0,Zone 5,64.5,Zone 5,62.1,Zone 5,66.6,Zone 5
Puducherry,Mahe,Mahe Jnv,25.5,2026-06-01,01:45:00,100.0,2026-05-31,01:45:00,2026-06-01 01:51:39,29.05000000000001,Zone 4,62.4,Zone 5,29.0,Zone 4,55.9,Zone 5,37.6,Zone 5,62.0,Zone 5,58.0,Zone 5,64.7,Zone 5,62.4,Zone 5,66.7,Zone 5
Puducherry,Puducherry,Puducherry,28.7,2026-06-01,01:30:00,74.0,2026-05-31,01:30:00,2026-06-01 01:51:39,32.450000000000045,Zone 4,61.5,Zone 5,32.0,Zone 4,51.9,Zone 5,38.5,Zone 4,61.1,Zone 5,54.2,Zone 5,64.0,Zone 5,61.5,Zone 5,66.1,Zone 5
Puducherry,Puducherry,Puducherry Kvk,27.4,2026-06-01,01:30:00,69.0,2026-05-31,01:30:00,2026-06-01 01:51:39,29.450000000000045,Zone 4,58.1,Zone 5,29.6,Zone 4,40.4,Zone 4,35.5,Zone 4,56.7,Zone 5,41.1,Zone 5,61.6,Zone 5,58.1,Zone 5,64.1,Zone 5
Punjab,Bathinda,Bhatinda Amfu,27.6,2026-06-01,01:30:00,,,,2026-06-01 01:51:39,,,,,,,,,,,,,,,,,,,,
Punjab,Fazilka,Fasc Abohar,25.6,2026-06-01,01:45:00,84.0,2026-05-31,01:45:00,2026-06-01 01:51:39,27.75,Zone 4,59.0,Zone 5,27.6,Zone 4,40.2,Zone 5,33.9,Zone 4,57.7,Zone 5,42.3,Zone 5,61.9,Zone 5,59.0,Zone 5,64.3,Zone 5
Punjab,Fazilka,Fazilka,27.1,2026-06-01,01:30:00,,,,2026-06-01 01:51:39,,,,,,,,,,,,,,,,,,,,
Punjab,Firozpur,Firozpur Kvk,24.3,2026-06-01,01:45:00,80.0,2026-05-31,01:45:00,2026-06-01 01:51:39,25.450000000000045,Zone 4,49.7,Zone 5,25.8,Zone 4,36.6,Zone 4,31.7,Zone 4,48.1,Zone 5,37.1,Zone 4,59.8,Zone 5,49.7,Zone 5,62.5,Zone 5
Punjab,Hoshiarpur,Hosiyarpur,23.1,2026-06-01,01:30:00,90.0,2026-05-31,01:30:00,2026-06-01 01:51:39,24.55000000000001,Zone 3,48.2,Zone 5,24.4,Zone 3,35.2,Zone 4,30.1,Zone 4,46.6,Zone 5,35.7,Zone 4,59.5,Zone 5,48.2,Zone 5,62.2,Zone 5
Punjab,Hoshiarpur,Salern,23.6,2026-06-01,01:30:00,94.0,2026-05-31,01:30:00,2026-06-01 01:51:39,25.150000000000034,Zone 3,54.6,Zone 5,25.1,Zone 3,36.6,Zone 4,31.3,Zone 4,53.0,Zone 5,37.3,Zone 5,60.8,Zone 5,54.6,Zone 5,63.4,Zone 5
Punjab,Mohali,Mohali,25.1,2026-06-01,01:30:00,,,,2026-06-01 01:51:39,,,,,,,,,,,,,,,,,,,,
Punjab,Pathankot,Kvk Pathankot,25.2,2026-06-01,01:45:00,,,,2026-06-01 01:51:39,,,,,,,,,,,,,,,,,,,,
Punjab,Pathankot,Pathankot,24.8,2026-06-01,01:30:00,,,,2026-06-01 01:51:39,,,,,,,,,,,,,,,,,,,,
Punjab,Pathankot,Thein Dam,23.9,2026-06-01,01:45:00,88.0,2026-05-31,01:45:00,2026-06-01 01:51:39,25.25,Zone 3,53.1,Zone 5,25.5,Zone 4,36.8,Zone 4,31.6,Zone 4,51.6,Zone 5,37.3,Zone 4,60.5,Zone 5,53.1,Zone 5,63.1,Zone 5
Punjab,Rupnagar,Bhakra Dam Imdnagal,22.7,2026-06-01,01:45:00,100.0,2026-05-31,01:45:00,2026-06-01 01:51:39,24.450000000000045,Zone 3,52.5,Zone 5,24.3,Zone 3,35.4,Zone 4,30.1,Zone 4,50.9,Zone 5,36.0,Zone 4,60.4,Zone 5,52.5,Zone 5,63.0,Zone 5
Punjab,Rupnagar,Sri Anadpur Sahib Imdjindwadi,28.7,2026-06-01,01:45:00,100.0,2026-05-31,01:45:00,2026-06-01 01:51:39,45.75,Zone 5,67.6,Zone 5,43.1,Zone 5,64.5,Zone 5,61.2,Zone 5,67.2,Zone 5,65.0,Zone 5,69.2,Zone 5,67.6,Zone 5,70.6,Zone 5
Rajasthan,Ajmer,Central University Kishangarh,27.0,2026-06-01,01:45:00,89.0,2026-05-31,01:45:00,2026-06-01 01:51:39,30.950000000000045,Zone 4,62.6,Zone 5,31.0,Zone 4,56.8,Zone 5,38.6,Zone 5,62.2,Zone 5,58.9,Zone 5,64.9,Zone 5,62.6,Zone 5,66.9,Zone 5
Rajasthan,Chittaurgarh,Chittorgarh Kvk,27.7,2026-06-01,01:45:00,,,,2026-06-01 01:51:39,,,,,,,,,,,,,,,,,,,,
Rajasthan,Dausa,Khedali,26.9,2026-06-01,01:45:00,53.0,2026-05-31,01:45:00,2026-06-01 01:51:39,27.350000000000023,Zone 4,41.7,Zone 4,27.5,Zone 4,36.9,Zone 4,32.6,Zone 4,41.4,Zone 4,37.3,Zone 4,53.9,Zone 5,41.7,Zone 4,60.6,Zone 5
Rajasthan,Dungarpur,Dungarpur Kvk,29.5,2026-06-01,01:45:00,64.0,2026-05-31,01:45:00,2026-06-01 01:51:39,32.450000000000045,Zone 4,60.5,Zone 5,32.4,Zone 4,47.1,Zone 5,38.4,Zone 4,60.1,Zone 5,49.4,Zone 5,63.1,Zone 5,60.5,Zone 5,65.4,Zone 5
Rajasthan,Jaipur,Amity University,26.7,2026-06-01,01:45:00,63.0,2026-05-31,01:45:00,2026-06-01 01:51:39,27.850000000000023,Zone 4,46.5,Zone 5,27.6,Zone 4,37.6,Zone 4,33.0,Zone 4,45.0,Zone 5,38.0,Zone 4,59.1,Zone 5,46.5,Zone 5,61.9,Zone 5
Rajasthan,Karauli,Karauli Kvk,26.5,2026-06-01,01:45:00,,,,2026-06-01 01:51:39,,,,,,,,,,,,,,,,,,,,
Rajasthan,Nagaur,Krishi Vishwavidhyalaya,28.0,2026-06-01,01:30:00,94.0,2026-05-31,01:30:00,2026-06-01 01:51:39,34.35000000000002,Zone 4,65.4,Zone 5,34.3,Zone 4,61.8,Zone 5,54.8,Zone 5,65.0,Zone 5,62.3,Zone 5,67.3,Zone 5,65.4,Zone 5,69.0,Zone 5
Rajasthan,Pratapgarh,Pratapgarh,29.3,2026-06-01,01:45:00,64.0,2026-05-31,01:45:00,2026-06-01 01:51:39,32.05000000000001,Zone 4,60.5,Zone 5,32.4,Zone 4,47.1,Zone 5,38.4,Zone 4,60.1,Zone 5,49.4,Zone 5,63.1,Zone 5,60.5,Zone 5,65.4,Zone 5
Rajasthan,Sirohi,Sirohi Kvk,28.3,2026-06-01,01:45:00,50.0,2026-05-31,01:45:00,2026-06-01 01:51:39,28.950000000000045,Zone 4,44.6,Zone 5,29.2,Zone 4,38.7,Zone 4,34.3,Zone 4,43.2,Zone 5,39.0,Zone 4,58.0,Zone 5,44.6,Zone 5,61.6,Zone 5
Sikkim,Gangtok,Gangtok,17.1,2026-06-01,01:45:00,100.0,2026-05-31,01:45:00,2026-06-01 01:51:39,17.950000000000045,Zone 3,32.2,Zone 4,17.8,Zone 3,27.4,Zone 4,23.6,Zone 3,32.0,Zone 4,27.6,Zone 4,36.4,Zone 4,32.2,Zone 4,48.9,Zone 5
Sikkim,Gangtok,Tadong,41.9,2026-06-01,01:15:00,,,,2026-06-01 01:51:39,,,,,,,,,,,,,,,,,,,,
Sikkim,Namchi,Namchi,19.8,2026-06-01,01:45:00,93.0,2026-05-31,01:45:00,2026-06-01 01:51:39,20.950000000000045,Zone 3,36.0,Zone 4,21.2,Zone 3,30.8,Zone 4,26.0,Zone 4,35.7,Zone 4,31.2,Zone 4,46.7,Zone 5,36.0,Zone 4,59.1,Zone 5
Sikkim,Soreng,Soreng,19.1,2026-06-01,01:45:00,100.0,2026-05-31,01:45:00,2026-06-01 01:51:39,20.450000000000045,Zone 3,35.1,Zone 4,20.3,Zone 3,29.9,Zone 4,25.1,Zone 3,34.8,Zone 4,30.2,Zone 4,45.3,Zone 5,35.1,Zone 4,58.2,Zone 5
Tamil Nadu,Ariyalur,Ariyalur,25.7,2026-06-01,01:30:00,89.0,2026-05-31,01:30:00,2026-06-01 01:51:39,28.350000000000023,Zone 4,60.1,Zone 5,28.0,Zone 4,45.0,Zone 5,34.6,Zone 4,59.7,Zone 5,47.3,Zone 5,62.8,Zone 5,60.1,Zone 5,65.1,Zone 5
Tamil Nadu,Chennai,Chennai,30.1,2026-06-01,01:30:00,83.0,2026-05-31,01:30:00,2026-06-01 01:51:39,37.950000000000045,Zone 4,66.2,Zone 5,37.6,Zone 4,62.7,Zone 5,59.1,Zone 5,65.8,Zone 5,63.3,Zone 5,68.0,Zone 5,66.2,Zone 5,69.6,Zone 5
Tamil Nadu,Chennai,Ennore Port,29.9,2026-06-01,01:30:00,67.0,2026-05-31,01:30:00,2026-06-01 01:51:39,33.650000000000034,Zone 4,62.1,Zone 5,33.9,Zone 4,54.6,Zone 5,40.3,Zone 4,61.7,Zone 5,56.8,Zone 5,64.5,Zone 5,62.1,Zone 5,66.5,Zone 5
Tamil Nadu,Chennai,Meenambakkam Isro,28.3,2026-06-01,01:30:00,68.0,2026-05-31,01:30:00,2026-06-01 01:51:39,30.850000000000023,Zone 4,60.0,Zone 5,31.2,Zone 4,44.7,Zone 5,37.2,Zone 4,59.6,Zone 5,47.0,Zone 5,62.7,Zone 5,60.0,Zone 5,65.0,Zone 5
Tamil Nadu,Chennai,Niot Pallikaranai,29.5,2026-06-01,01:30:00,66.0,2026-05-31,01:30:00,2026-06-01 01:51:39,32.75,Zone 4,61.0,Zone 5,32.7,Zone 4,49.6,Zone 5,38.9,Zone 4,60.6,Zone 5,51.9,Zone 5,63.6,Zone 5,61.0,Zone 5,65.8,Zone 5
Tamil Nadu,Coimbatore,Coimbatore Amfu,25.6,2026-06-01,01:45:00,77.0,2026-05-31,01:45:00,2026-06-01 01:51:39,27.25,Zone 4,53.4,Zone 5,27.1,Zone 4,38.0,Zone 4,33.0,Zone 4,51.9,Zone 5,38.5,Zone 4,60.6,Zone 5,53.4,Zone 5,63.2,Zone 5
Tamil Nadu,Coimbatore,P N Palayam,24.8,2026-06-01,01:30:00,85.0,2026-05-31,01:30:00,2026-06-01 01:51:39,26.55000000000001,Zone 4,57.0,Zone 5,26.8,Zone 4,38.3,Zone 4,33.1,Zone 4,55.5,Zone 5,39.7,Zone 5,61.4,Zone 5,57.0,Zone 5,63.8,Zone 5
Tamil Nadu,Coimbatore,Upasi Tea Research Foundation,19.2,2026-06-01,01:45:00,50.0,2026-05-31,01:45:00,2026-06-01 01:51:39,18.05000000000001,Zone 3,31.7,Zone 4,17.8,Zone 3,27.8,Zone 4,23.9,Zone 3,31.7,Zone 4,27.8,Zone 4,35.4,Zone 4,31.7,Zone 4,38.9,Zone 4
Tamil Nadu,Cuddalore,Neyveli,27.2,2026-06-01,01:45:00,84.0,2026-05-31,01:45:00,2026-06-01 01:51:39,30.75,Zone 4,61.5,Zone 5,30.3,Zone 4,51.6,Zone 5,37.1,Zone 4,61.1,Zone 5,53.9,Zone 5,63.9,Zone 5,61.5,Zone 5,66.1,Zone 5
Tamil Nadu,Cuddalore,Vridha Chalam,26.9,2026-06-01,01:30:00,75.0,2026-05-31,01:30:00,2026-06-01 01:51:39,29.150000000000034,Zone 4,59.4,Zone 5,29.3,Zone 4,41.9,Zone 5,35.5,Zone 4,59.0,Zone 5,44.0,Zone 5,62.2,Zone 5,59.4,Zone 5,64.6,Zone 5
Tamil Nadu,Dharmapuri,Palacode,22.4,2026-06-01,01:30:00,92.0,2026-05-31,01:30:00,2026-06-01 01:51:39,23.850000000000023,Zone 3,46.4,Zone 5,24.0,Zone 3,34.6,Zone 4,29.5,Zone 4,44.9,Zone 5,35.0,Zone 4,59.1,Zone 5,46.4,Zone 5,61.9,Zone 5
Tamil Nadu,Dindigul,Natham Isro,21.8,2026-06-01,01:30:00,93.0,2026-05-31,01:30:00,2026-06-01 01:51:39,23.25,Zone 3,44.0,Zone 5,23.5,Zone 3,33.8,Zone 4,28.8,Zone 4,42.6,Zone 5,34.3,Zone 4,57.5,Zone 5,44.0,Zone 5,61.4,Zone 5
Tamil Nadu,Dindigul,Palani,24.8,2026-06-01,01:30:00,77.0,2026-05-31,01:30:00,2026-06-01 01:51:39,26.05000000000001,Zone 4,50.3,Zone 5,26.3,Zone 4,37.1,Zone 4,32.2,Zone 4,48.7,Zone 5,37.6,Zone 4,59.9,Zone 5,50.3,Zone 5,62.6,Zone 5
Tamil Nadu,Dindigul,Vedasandur,24.3,2026-06-01,01:30:00,90.0,2026-05-31,01:30:00,2026-06-01 01:51:39,26.05000000000001,Zone 4,57.8,Zone 5,26.3,Zone 4,38.7,Zone 5,32.7,Zone 4,56.3,Zone 5,40.7,Zone 5,61.5,Zone 5,57.8,Zone 5,64.0,Zone 5
Tamil Nadu,Erode,Erode Isro,,,,79.0,2026-05-31,01:30:00,2026-06-01 01:51:39,,,,,,,,,,,,,,,,,,,,
Tamil Nadu,Kallakurichi,Kallakurichi,31.8,2026-06-01,01:30:00,73.0,2026-05-31,01:30:00,2026-06-01 01:51:39,40.05000000000001,Zone 4,66.9,Zone 5,40.7,Zone 4,63.6,Zone 5,60.1,Zone 5,66.5,Zone 5,64.1,Zone 5,68.5,Zone 5,66.9,Zone 5,70.1,Zone 5
Tamil Nadu,Kallakurichi,Kallakurichi(Taluk Office),26.3,2026-06-01,01:45:00,82.0,2026-05-31,01:45:00,2026-06-01 01:51:39,28.75,Zone 4,60.2,Zone 5,29.1,Zone 4,45.5,Zone 5,35.6,Zone 4,59.8,Zone 5,47.8,Zone 5,62.9,Zone 5,60.2,Zone 5,65.1,Zone 5
Tamil Nadu,Kanchipuram,Acs Medical College,30.7,2026-06-01,01:30:00,73.0,2026-05-31,01:30:00,2026-06-01 01:51:39,36.85000000000002,Zone 4,64.4,Zone 5,36.3,Zone 4,60.7,Zone 5,49.2,Zone 5,64.0,Zone 5,61.2,Zone 5,66.5,Zone 5,64.4,Zone 5,68.3,Zone 5
Tamil Nadu,Kanchipuram,Chembarambakkam,29.4,2026-06-01,01:45:00,70.0,2026-05-31,01:45:00,2026-06-01 01:51:39,33.150000000000034,Zone 4,62.1,Zone 5,33.4,Zone 4,54.6,Zone 5,39.9,Zone 4,61.7,Zone 5,56.8,Zone 5,64.5,Zone 5,62.1,Zone 5,66.5,Zone 5
Tamil Nadu,Kanchipuram,Hindustan University,29.4,2026-06-01,01:30:00,69.0,2026-05-31,01:30:00,2026-06-01 01:51:39,33.05000000000001,Zone 4,61.8,Zone 5,33.2,Zone 4,53.4,Zone 5,39.6,Zone 4,61.4,Zone 5,55.6,Zone 5,64.2,Zone 5,61.8,Zone 5,66.3,Zone 5
Tamil Nadu,Kanchipuram,Kanchipuram Isro,28.9,2026-06-01,01:45:00,62.0,2026-05-31,01:45:00,2026-06-01 01:51:39,31.150000000000034,Zone 4,59.2,Zone 5,31.3,Zone 4,41.9,Zone 4,37.1,Zone 4,58.5,Zone 5,43.3,Zone 5,62.0,Zone 5,59.2,Zone 5,64.4,Zone 5
Tamil Nadu,Kanchipuram,Lmois  Kolapakkam,30.3,2026-06-01,01:00:00,,,,2026-06-01 01:51:39,,,,,,,,,,,,,,,,,,,,
Tamil Nadu,Kanchipuram,Sathyabama  University,29.1,2026-06-01,01:30:00,82.0,2026-05-31,01:30:00,2026-06-01 01:51:39,34.75,Zone 4,64.3,Zone 5,34.5,Zone 4,60.4,Zone 5,48.2,Zone 5,63.9,Zone 5,61.0,Zone 5,66.3,Zone 5,64.3,Zone 5,68.2,Zone 5
Tamil Nadu,Kanyakumari,Nagercoil,22.2,2026-06-01,01:30:00,77.0,2026-05-31,01:30:00,2026-06-01 01:51:39,23.05000000000001,Zone 3,37.5,Zone 4,22.8,Zone 3,32.5,Zone 4,27.8,Zone 4,37.2,Zone 4,32.8,Zone 4,47.3,Zone 5,37.5,Zone 4,59.2,Zone 5
Tamil Nadu,Kanyakumari,Neyyoor,26.1,2026-06-01,01:00:00,,,,2026-06-01 01:51:39,,,,,,,,,,,,,,,,,,,,
Tamil Nadu,Kanyakumari,Thirupathisaram Amfu,26.4,2026-06-01,01:30:00,96.0,2026-05-31,01:30:00,2026-06-01 01:51:39,30.55000000000001,Zone 4,63.2,Zone 5,30.8,Zone 4,59.2,Zone 5,42.1,Zone 5,62.8,Zone 5,59.8,Zone 5,65.4,Zone 5,63.2,Zone 5,67.4,Zone 5
Tamil Nadu,Karur,Kadavur(Taluk Office),25.8,2026-06-01,01:15:00,,,,2026-06-01 01:51:39,,,,,,,,,,,,,,,,,,,,
Tamil Nadu,Krishnagiri,Denkanikottai,20.7,2026-06-01,01:45:00,92.0,2026-05-31,01:45:00,2026-06-01 01:51:39,21.950000000000045,Zone 3,36.7,Zone 4,21.7,Zone 3,31.5,Zone 4,26.6,Zone 4,36.4,Zone 4,31.8,Zone 4,48.9,Zone 5,36.7,Zone 4,59.5,Zone 5
Tamil Nadu,Krishnagiri,Hosur,20.1,2026-06-01,01:30:00,,,,2026-06-01 01:51:39,,,,,,,,,,,,,,,,,,,,
Tamil Nadu,Krishnagiri,Pochampalli,23.0,2026-06-01,01:30:00,99.0,2026-05-31,01:30:00,2026-06-01 01:51:39,24.75,Zone 3,55.1,Zone 5,24.7,Zone 3,36.3,Zone 4,30.9,Zone 4,53.5,Zone 5,37.7,Zone 5,60.9,Zone 5,55.1,Zone 5,63.5,Zone 5
Tamil Nadu,Madurai,Madurai Isro,25.2,2026-06-01,01:45:00,,,,2026-06-01 01:51:39,,,,,,,,,,,,,,,,,,,,
Tamil Nadu,Mayiladuthurai,Mayiladuthurai,27.2,2026-06-01,01:45:00,,,,2026-06-01 01:51:39,,,,,,,,,,,,,,,,,,,,
Tamil Nadu,Nagapattinam,Kollidam,26.2,2026-06-01,01:30:00,83.0,2026-05-31,01:30:00,2026-06-01 01:51:39,28.650000000000034,Zone 4,59.6,Zone 5,28.3,Zone 4,42.8,Zone 5,34.7,Zone 4,59.2,Zone 5,45.0,Zone 5,62.4,Zone 5,59.6,Zone 5,64.7,Zone 5
Tamil Nadu,Nagapattinam,Vedharanyam,27.8,2026-06-01,01:45:00,88.0,2026-05-31,01:45:00,2026-06-01 01:51:39,32.650000000000034,Zone 4,64.0,Zone 5,33.1,Zone 4,60.1,Zone 5,46.6,Zone 5,63.6,Zone 5,60.7,Zone 5,66.1,Zone 5,64.0,Zone 5,68.0,Zone 5
Tamil Nadu,Nctpl Marg Ecr,New Chennai Township Private L,27.7,2026-06-01,01:45:00,80.0,2026-05-31,01:45:00,2026-06-01 01:51:39,31.25,Zone 4,61.4,Zone 5,30.8,Zone 4,51.1,Zone 5,37.5,Zone 4,61.0,Zone 5,53.4,Zone 5,63.8,Zone 5,61.4,Zone 5,66.0,Zone 5
Tamil Nadu,Perambalur,Perambalur,25.4,2026-06-01,01:45:00,76.0,2026-05-31,01:45:00,2026-06-01 01:51:39,26.850000000000023,Zone 4,52.5,Zone 5,27.0,Zone 4,37.8,Zone 4,32.9,Zone 4,51.0,Zone 5,38.4,Zone 4,60.4,Zone 5,52.5,Zone 5,63.0,Zone 5
Tamil Nadu,Ramanathapuram,Ramnadu Kvk,27.2,2026-06-01,01:45:00,,,,2026-06-01 01:51:39,,,,,,,,,,,,,,,,,,,,
Tamil Nadu,Ranipet,Kalavai,29.1,2026-06-01,01:45:00,66.0,2026-05-31,01:45:00,2026-06-01 01:51:39,31.950000000000045,Zone 4,60.3,Zone 5,31.8,Zone 4,45.9,Zone 5,37.8,Zone 4,59.9,Zone 5,48.2,Zone 5,62.9,Zone 5,60.3,Zone 5,65.2,Zone 5
Tamil Nadu,Ranipet,Ranipet,28.7,2026-06-01,01:30:00,78.0,2026-05-31,01:30:00,2026-06-01 01:51:39,33.05000000000001,Zone 4,62.5,Zone 5,32.6,Zone 4,56.5,Zone 5,39.4,Zone 4,62.1,Zone 5,58.6,Zone 5,64.8,Zone 5,62.5,Zone 5,66.8,Zone 5
Tamil Nadu,Salem,Govt Hss Mettur,23.3,2026-06-01,01:45:00,100.0,2026-05-31,01:45:00,2026-06-01 01:51:39,25.05000000000001,Zone 3,58.9,Zone 5,25.3,Zone 3,39.9,Zone 5,31.9,Zone 4,57.4,Zone 5,42.0,Zone 5,61.8,Zone 5,58.9,Zone 5,64.2,Zone 5
Tamil Nadu,Salem,Sandhiyur Kvk,24.3,2026-06-01,01:45:00,71.0,2026-05-31,01:45:00,2026-06-01 01:51:39,25.05000000000001,Zone 3,42.1,Zone 5,25.3,Zone 4,35.5,Zone 4,30.8,Zone 4,40.8,Zone 5,35.9,Zone 4,56.0,Zone 5,42.1,Zone 5,61.1,Zone 5
Tamil Nadu,Salem,Vazhapadi,26.6,2026-06-01,01:30:00,,,,2026-06-01 01:51:39,,,,,,,,,,,,,,,,,,,,
Tamil Nadu,Salem,Yercaud Isro,17.5,2026-06-01,01:30:00,,,,2026-06-01 01:51:39,,,,,,,,,,,,,,,,,,,,
Tamil Nadu,Sivaganga,Sethu Bhaskar Agri College Kar,26.0,2026-06-01,01:45:00,100.0,2026-05-31,01:45:00,2026-06-01 01:51:39,30.150000000000034,Zone 4,63.2,Zone 5,30.1,Zone 4,59.2,Zone 5,42.0,Zone 5,62.8,Zone 5,59.8,Zone 5,65.4,Zone 5,63.2,Zone 5,67.4,Zone 5
Tamil Nadu,Thanjavur,Adiramapattinam,27.2,2026-06-01,01:00:00,,,,2026-06-01 01:51:39,,,,,,,,,,,,,,,,,,,,
Tamil Nadu,The Nilgiris,Coonoor,18.1,2026-06-01,01:15:00,,,,2026-06-01 01:51:39,,,,,,,,,,,,,,,,,,,,
Tamil Nadu,Thiruninravur,Jaya Engineering Clg,29.9,2026-06-01,01:45:00,,,,2026-06-01 01:51:39,,,,,,,,,,,,,,,,,,,,
Tamil Nadu,Thoothukudi,Sattankulam,27.4,2026-06-01,01:30:00,79.0,2026-05-31,01:30:00,2026-06-01 01:51:39,30.450000000000045,Zone 4,61.1,Zone 5,30.7,Zone 4,50.0,Zone 5,37.3,Zone 4,60.7,Zone 5,52.3,Zone 5,63.6,Zone 5,61.1,Zone 5,65.8,Zone 5
Tamil Nadu,Thoothukudi,Thiruchendur,27.7,2026-06-01,01:30:00,89.0,2026-05-31,01:30:00,2026-06-01 01:51:39,32.55000000000001,Zone 4,63.4,Zone 5,32.1,Zone 4,59.4,Zone 5,43.1,Zone 5,63.0,Zone 5,60.0,Zone 5,65.6,Zone 5,63.4,Zone 5,67.5,Zone 5
Tamil Nadu,Thoothukudi,Tuticorin Airport,27.7,2026-06-01,01:45:00,73.0,2026-05-31,01:45:00,2026-06-01 01:51:39,30.350000000000023,Zone 4,59.7,Zone 5,30.0,Zone 4,43.2,Zone 5,36.1,Zone 4,59.3,Zone 5,45.4,Zone 5,62.4,Zone 5,59.7,Zone 5,64.8,Zone 5
Tamil Nadu,Thoothukudi,Tuticorin Railway Station,27.8,2026-06-01,01:45:00,68.0,2026-05-31,01:45:00,2026-06-01 01:51:39,29.950000000000045,Zone 4,59.3,Zone 5,30.3,Zone 4,41.3,Zone 5,36.3,Zone 4,58.6,Zone 5,43.4,Zone 5,62.1,Zone 5,59.3,Zone 5,64.5,Zone 5
Tamil Nadu,Tiruchirappalli,Thuvakudi Isro,24.4,2026-06-01,01:30:00,98.0,2026-05-31,01:30:00,2026-06-01 01:51:39,26.75,Zone 4,60.3,Zone 5,26.9,Zone 4,45.8,Zone 5,33.7,Zone 4,59.9,Zone 5,48.1,Zone 5,62.9,Zone 5,60.3,Zone 5,65.2,Zone 5
Tamil Nadu,Tirunelveli,Radhapuram,27.7,2026-06-01,01:45:00,80.0,2026-05-31,01:45:00,2026-06-01 01:51:39,31.25,Zone 4,61.4,Zone 5,30.8,Zone 4,51.1,Zone 5,37.5,Zone 4,61.0,Zone 5,53.4,Zone 5,63.8,Zone 5,61.4,Zone 5,66.0,Zone 5
Tamil Nadu,Tirunelveli,Tirunelveli,27.2,2026-06-01,01:30:00,70.0,2026-05-31,01:30:00,2026-06-01 01:51:39,29.150000000000034,Zone 4,56.2,Zone 5,28.9,Zone 4,39.6,Zone 4,34.7,Zone 4,54.7,Zone 5,40.2,Zone 4,61.2,Zone 5,56.2,Zone 5,63.7,Zone 5
Tamil Nadu,Tirupattur,Tirupattur Collectoroffice,23.9,2026-06-01,01:45:00,100.0,2026-05-31,01:45:00,2026-06-01 01:51:39,25.950000000000045,Zone 4,59.8,Zone 5,26.1,Zone 4,43.6,Zone 5,32.9,Zone 4,59.4,Zone 5,45.9,Zone 5,62.5,Zone 5,59.8,Zone 5,64.8,Zone 5
Tamil Nadu,Tirupattur,Yelagiri Hill,,,,59.0,2026-05-31,01:45:00,2026-06-01 01:51:39,,,,,,,,,,,,,,,,,,,,
Tamil Nadu,Tiruppur,Tiruppur Collector Office,26.3,2026-06-01,01:45:00,90.0,2026-05-31,01:45:00,2026-06-01 01:51:39,29.55000000000001,Zone 4,62.0,Zone 5,30.0,Zone 4,54.0,Zone 5,37.1,Zone 4,61.6,Zone 5,56.2,Zone 5,64.3,Zone 5,62.0,Zone 5,66.4,Zone 5
Tamil Nadu,Tiruvallur,Good Will School Villivakkam,30.4,2026-06-01,01:45:00,59.0,2026-05-31,01:45:00,2026-06-01 01:51:39,33.25,Zone 4,60.7,Zone 5,33.5,Zone 4,47.7,Zone 5,39.3,Zone 4,60.3,Zone 5,50.0,Zone 5,63.2,Zone 5,60.7,Zone 5,65.5,Zone 5
Tamil Nadu,Tiruvallur,Poonamallee,29.0,2026-06-01,01:30:00,64.0,2026-05-31,01:30:00,2026-06-01 01:51:39,31.55000000000001,Zone 4,59.8,Zone 5,31.5,Zone 4,43.5,Zone 5,37.4,Zone 4,59.4,Zone 5,45.7,Zone 5,62.5,Zone 5,59.8,Zone 5,64.8,Zone 5
Tamil Nadu,Tiruvallur,R.K.Pet,28.0,2026-06-01,01:30:00,71.0,2026-05-31,01:30:00,2026-06-01 01:51:39,30.650000000000034,Zone 4,60.0,Zone 5,30.7,Zone 4,44.6,Zone 5,36.8,Zone 4,59.6,Zone 5,46.8,Zone 5,62.7,Zone 5,60.0,Zone 5,65.0,Zone 5
Tamil Nadu,Tiruvallur,Tirur Kvk,29.4,2026-06-01,01:30:00,,,,2026-06-01 01:51:39,,,,,,,,,,,,,,,,,,,,
Tamil Nadu,Tiruvannamalai,Cheyyar,28.5,2026-06-01,01:45:00,70.0,2026-05-31,01:45:00,2026-06-01 01:51:39,31.450000000000045,Zone 4,60.5,Zone 5,31.4,Zone 4,47.1,Zone 5,37.6,Zone 4,60.1,Zone 5,49.4,Zone 5,63.1,Zone 5,60.5,Zone 5,65.4,Zone 5
Tamil Nadu,Tiruvannamalai,Tiruvannamalai Isro,26.0,2026-06-01,01:30:00,66.0,2026-05-31,01:30:00,2026-06-01 01:51:39,27.05000000000001,Zone 4,46.4,Zone 5,27.1,Zone 4,37.2,Zone 4,32.6,Zone 4,44.9,Zone 5,37.7,Zone 4,59.1,Zone 5,46.4,Zone 5,61.9,Zone 5
Tamil Nadu,Vellore,Virinjipuram Kvk,24.4,2026-06-01,01:45:00,56.0,2026-05-31,01:45:00,2026-06-01 01:51:39,24.55000000000001,Zone 3,38.5,Zone 4,24.7,Zone 3,34.0,Zone 4,29.6,Zone 4,38.3,Zone 4,34.2,Zone 4,44.6,Zone 5,38.5,Zone 4,57.6,Zone 5
Tamil Nadu,Viluppuram,Mailam,28.0,2026-06-01,01:30:00,72.0,2026-05-31,01:30:00,2026-06-01 01:51:39,30.75,Zone 4,60.3,Zone 5,30.8,Zone 4,45.7,Zone 5,37.0,Zone 4,59.9,Zone 5,48.0,Zone 5,62.9,Zone 5,60.3,Zone 5,65.2,Zone 5
Tamil Nadu,Virudhunagar,Aruppukottai Kvk,25.5,2026-06-01,01:30:00,91.0,2026-05-31,01:30:00,2026-06-01 01:51:39,28.150000000000034,Zone 4,60.5,Zone 5,28.1,Zone 4,47.0,Zone 5,34.9,Zone 4,60.1,Zone 5,49.3,Zone 5,63.1,Zone 5,60.5,Zone 5,65.4,Zone 5
Telangana,Adilabad,Adilabad Kvk,26.9,2026-06-01,01:45:00,77.0,2026-05-31,01:45:00,2026-06-01 01:51:39,29.350000000000023,Zone 4,59.9,Zone 5,29.5,Zone 4,43.9,Zone 5,35.8,Zone 4,59.5,Zone 5,46.2,Zone 5,62.6,Zone 5,59.9,Zone 5,64.9,Zone 5
Telangana,Hanumakonda,Hanumakonda,29.1,2026-06-01,01:30:00,,,,2026-06-01 01:51:39,,,,,,,,,,,,,,,,,,,,
Telangana,Hyderabad,Golkonda,30.2,2026-06-01,01:15:00,,,,2026-06-01 01:51:39,,,,,,,,,,,,,,,,,,,,
Telangana,Kamareddy,Nagireddypet,27.9,2026-06-01,01:45:00,56.0,2026-05-31,01:45:00,2026-06-01 01:51:39,28.950000000000045,Zone 4,48.2,Zone 5,29.1,Zone 4,38.9,Zone 4,34.4,Zone 4,46.7,Zone 5,39.3,Zone 4,59.5,Zone 5,48.2,Zone 5,62.2,Zone 5
Telangana,Karimnagar,Karimnagar,28.3,2026-06-01,01:45:00,70.0,2026-05-31,01:45:00,2026-06-01 01:51:39,31.05000000000001,Zone 4,60.5,Zone 5,31.4,Zone 4,47.1,Zone 5,37.6,Zone 4,60.1,Zone 5,49.4,Zone 5,63.1,Zone 5,60.5,Zone 5,65.4,Zone 5
Telangana,Khammam,Khammam,29.1,2026-06-01,01:45:00,77.0,2026-05-31,01:45:00,2026-06-01 01:51:39,33.75,Zone 4,63.1,Zone 5,33.6,Zone 4,58.9,Zone 5,41.1,Zone 5,62.7,Zone 5,59.6,Zone 5,65.3,Zone 5,63.1,Zone 5,67.3,Zone 5
Telangana,Khammam,Wyra Kvk,26.6,2026-06-01,01:45:00,40.0,2026-05-31,01:45:00,2026-06-01 01:51:39,26.25,Zone 4,39.0,Zone 4,26.2,Zone 4,34.8,Zone 4,30.8,Zone 4,38.8,Zone 4,35.0,Zone 4,42.6,Zone 4,39.0,Zone 4,54.0,Zone 5
Telangana,Kumuram Bheem Asifabad ,Asifabad,25.2,2026-06-01,01:30:00,75.0,2026-05-31,01:30:00,2026-06-01 01:51:39,26.450000000000045,Zone 4,48.5,Zone 5,26.2,Zone 4,36.8,Zone 4,32.0,Zone 4,47.0,Zone 5,37.3,Zone 4,59.5,Zone 5,48.5,Zone 5,62.3,Zone 5
Telangana,Mahbubnagar,Mahbubnagar,29.1,2026-06-01,01:30:00,47.0,2026-05-31,01:30:00,2026-06-01 01:51:39,29.75,Zone 4,44.0,Zone 5,29.6,Zone 4,38.9,Zone 4,34.6,Zone 4,43.3,Zone 4,39.3,Zone 4,57.6,Zone 5,44.0,Zone 5,61.4,Zone 5
Telangana,Medak,Ars Narsapur,26.4,2026-06-01,01:45:00,53.0,2026-05-31,01:45:00,2026-06-01 01:51:39,26.75,Zone 4,41.0,Zone 4,26.9,Zone 4,36.2,Zone 4,31.9,Zone 4,40.7,Zone 4,36.6,Zone 4,51.6,Zone 5,41.0,Zone 4,60.1,Zone 5
Telangana,Medak,Medak,28.9,2026-06-01,01:45:00,48.0,2026-05-31,01:45:00,2026-06-01 01:51:39,29.55000000000001,Zone 4,45.1,Zone 5,29.7,Zone 4,39.1,Zone 4,34.8,Zone 4,43.7,Zone 5,39.4,Zone 4,58.4,Zone 5,45.1,Zone 5,61.7,Zone 5
Telangana,Medchal Malkajgiri,Cgwb Nagole,29.6,2026-06-01,01:30:00,40.0,2026-05-31,01:30:00,2026-06-01 01:51:39,29.75,Zone 4,42.9,Zone 4,29.6,Zone 4,38.4,Zone 4,34.3,Zone 4,42.6,Zone 4,38.7,Zone 4,53.2,Zone 5,42.9,Zone 4,60.5,Zone 5
Telangana,Nirmal ,Bhainsa Arg,28.1,2026-06-01,01:45:00,58.0,2026-05-31,01:45:00,2026-06-01 01:51:39,29.450000000000045,Zone 4,50.3,Zone 5,29.3,Zone 4,39.3,Zone 4,34.7,Zone 4,48.8,Zone 5,39.7,Zone 4,59.9,Zone 5,50.3,Zone 5,62.6,Zone 5
Telangana,Peddapalli,Ars Peddapally,28.1,2026-06-01,01:45:00,,,,2026-06-01 01:51:39,,,,,,,,,,,,,,,,,,,,
Telangana,Peddapalli,Kunaram,29.9,2026-06-01,01:30:00,30.0,2026-05-31,01:30:00,2026-06-01 01:51:39,29.150000000000034,Zone 4,41.6,Zone 4,29.3,Zone 4,37.5,Zone 4,33.6,Zone 4,41.3,Zone 4,37.7,Zone 4,45.0,Zone 4,41.6,Zone 4,57.8,Zone 5
Telangana,Rajanna Sircilla,Sircilla,27.9,2026-06-01,01:45:00,51.0,2026-05-31,01:45:00,2026-06-01 01:51:39,28.55000000000001,Zone 4,43.0,Zone 5,28.7,Zone 4,38.1,Zone 4,33.7,Zone 4,42.6,Zone 4,38.5,Zone 4,56.7,Zone 5,43.0,Zone 5,61.3,Zone 5
Telangana,Ranga Reddy,Dullapally,,,,69.0,2026-05-31,01:30:00,2026-06-01 01:51:39,,,,,,,,,,,,,,,,,,,,
Telangana,Ranga Reddy,Esci Gachibowli,26.8,2026-06-01,01:30:00,56.0,2026-05-31,01:30:00,2026-06-01 01:51:39,27.450000000000045,Zone 4,42.6,Zone 5,27.7,Zone 4,37.4,Zone 4,32.9,Zone 4,41.9,Zone 4,37.7,Zone 4,56.4,Zone 5,42.6,Zone 5,61.2,Zone 5
Telangana,Ranga Reddy,Ghatkesar,30.4,2026-06-01,01:30:00,38.0,2026-05-31,01:30:00,2026-06-01 01:51:39,30.55000000000001,Zone 4,43.9,Zone 4,30.7,Zone 4,39.4,Zone 4,35.3,Zone 4,43.6,Zone 4,39.7,Zone 4,55.4,Zone 5,43.9,Zone 4,60.9,Zone 5
Telangana,Ranga Reddy,Hayathnagar,29.4,2026-06-01,01:30:00,41.0,2026-05-31,01:30:00,2026-06-01 01:51:39,29.55000000000001,Zone 4,43.1,Zone 4,29.7,Zone 4,38.6,Zone 4,34.5,Zone 4,42.8,Zone 4,38.9,Zone 4,54.2,Zone 5,43.1,Zone 4,60.7,Zone 5
Telangana,Ranga Reddy,Ibrahimpatam,28.4,2026-06-01,01:45:00,43.0,2026-05-31,01:45:00,2026-06-01 01:51:39,28.55000000000001,Zone 4,42.1,Zone 4,28.7,Zone 4,37.6,Zone 4,33.4,Zone 4,41.8,Zone 4,37.9,Zone 4,51.7,Zone 5,42.1,Zone 4,60.1,Zone 5
Telangana,Sangareddy,Kandi,25.9,2026-06-01,01:45:00,76.0,2026-05-31,01:45:00,2026-06-01 01:51:39,27.650000000000034,Zone 4,55.6,Zone 5,27.8,Zone 4,38.8,Zone 4,33.8,Zone 4,54.1,Zone 5,39.3,Zone 4,61.0,Zone 5,55.6,Zone 5,63.6,Zone 5
Telangana,Siddipet,Kaveri Siddipet,26.9,2026-06-01,01:30:00,54.0,2026-05-31,01:30:00,2026-06-01 01:51:39,27.450000000000045,Zone 4,41.9,Zone 4,27.6,Zone 4,37.1,Zone 4,32.7,Zone 4,41.6,Zone 4,37.4,Zone 4,54.8,Zone 5,41.9,Zone 4,60.8,Zone 5
Telangana,Suryapet,Suryapet Arg,32.0,2026-06-01,01:30:00,50.0,2026-05-31,01:30:00,2026-06-01 01:51:39,34.55000000000001,Zone 4,60.2,Zone 5,34.5,Zone 4,45.5,Zone 5,40.1,Zone 4,59.8,Zone 5,47.7,Zone 5,62.8,Zone 5,60.2,Zone 5,65.1,Zone 5
Telangana,Wanaparthy,Horticultural University Mojer,29.9,2026-06-01,01:00:00,,,,2026-06-01 01:51:39,,,,,,,,,,,,,,,,,,,,
Telangana,Warangal Rural,Siddhapur,29.8,2026-06-01,01:45:00,41.0,2026-05-31,01:45:00,2026-06-01 01:51:39,30.05000000000001,Zone 4,43.8,Zone 4,30.3,Zone 4,39.3,Zone 4,35.1,Zone 4,43.5,Zone 4,39.6,Zone 4,56.3,Zone 5,43.8,Zone 4,61.1,Zone 5
Tripura,Dhalai,Dholai Kvk,26.5,2026-06-01,01:45:00,95.0,2026-05-31,01:45:00,2026-06-01 01:51:39,30.650000000000034,Zone 4,63.0,Zone 5,30.6,Zone 4,58.8,Zone 5,41.0,Zone 5,62.6,Zone 5,59.5,Zone 5,65.3,Zone 5,63.0,Zone 5,67.2,Zone 5
Tripura,Dhalai,Gandachara,26.3,2026-06-01,01:45:00,100.0,2026-05-31,01:45:00,2026-06-01 01:51:39,30.850000000000023,Zone 4,64.1,Zone 5,31.3,Zone 4,60.2,Zone 5,47.0,Zone 5,63.7,Zone 5,60.8,Zone 5,66.2,Zone 5,64.1,Zone 5,68.0,Zone 5
Tripura,Khowai,Khowai,28.3,2026-06-01,01:30:00,,,,2026-06-01 01:51:39,,,,,,,,,,,,,,,,,,,,
Tripura,Khowai,Teliamura,27.5,2026-06-01,01:30:00,98.0,2026-05-31,01:30:00,2026-06-01 01:51:39,33.75,Zone 4,65.4,Zone 5,33.7,Zone 4,61.8,Zone 5,54.9,Zone 5,65.0,Zone 5,62.4,Zone 5,67.3,Zone 5,65.4,Zone 5,69.0,Zone 5
Tripura,North Tripura,Ashapara,26.4,2026-06-01,01:45:00,100.0,2026-05-31,01:45:00,2026-06-01 01:51:39,31.05000000000001,Zone 4,64.1,Zone 5,31.3,Zone 4,60.2,Zone 5,47.0,Zone 5,63.7,Zone 5,60.8,Zone 5,66.2,Zone 5,64.1,Zone 5,68.0,Zone 5
Tripura,North Tripura,Eden Laouge,24.4,2026-06-01,01:15:00,,,,2026-06-01 01:51:39,,,,,,,,,,,,,,,,,,,,
Tripura,North Tripura,Kamalpur,27.6,2026-06-01,01:45:00,94.0,2026-05-31,01:45:00,2026-06-01 01:51:39,33.25,Zone 4,64.5,Zone 5,32.9,Zone 4,60.7,Zone 5,49.7,Zone 5,64.1,Zone 5,61.3,Zone 5,66.5,Zone 5,64.5,Zone 5,68.3,Zone 5
Tripura,Sipahijala,Cti,27.7,2026-06-01,01:45:00,100.0,2026-05-31,01:45:00,2026-06-01 01:51:39,34.75,Zone 4,65.8,Zone 5,34.1,Zone 4,62.3,Zone 5,57.3,Zone 5,65.4,Zone 5,62.9,Zone 5,67.7,Zone 5,65.8,Zone 5,69.3,Zone 5
Tripura,Sipahijala,Sipahijala,27.1,2026-06-01,01:45:00,99.0,2026-05-31,01:45:00,2026-06-01 01:51:39,32.75,Zone 4,64.7,Zone 5,32.5,Zone 4,61.0,Zone 5,51.0,Zone 5,64.3,Zone 5,61.6,Zone 5,66.7,Zone 5,64.7,Zone 5,68.5,Zone 5
Tripura,Sipahijala,Sonamura,31.0,2026-06-01,01:45:00,,,,2026-06-01 01:51:39,,,,,,,,,,,,,,,,,,,,
Tripura,South Tripura,Gokulpur,28.4,2026-06-01,01:30:00,,,,2026-06-01 01:51:39,,,,,,,,,,,,,,,,,,,,
Tripura,South Tripura,Sabroom,26.1,2026-06-01,01:45:00,71.0,2026-05-31,01:45:00,2026-06-01 01:51:39,27.55000000000001,Zone 4,51.1,Zone 5,27.4,Zone 4,38.0,Zone 4,33.1,Zone 4,49.5,Zone 5,38.5,Zone 4,60.1,Zone 5,51.1,Zone 5,62.7,Zone 5
Tripura,Unakoti,Kailashahar,26.9,2026-06-01,01:45:00,100.0,2026-05-31,01:45:00,2026-06-01 01:51:39,32.35000000000002,Zone 4,65.0,Zone 5,32.7,Zone 4,61.3,Zone 5,52.3,Zone 5,64.6,Zone 5,61.8,Zone 5,66.9,Zone 5,65.0,Zone 5,68.7,Zone 5
Tripura,West Tripura,Agartala Airport,28.1,2026-06-01,01:30:00,98.0,2026-05-31,01:30:00,2026-06-01 01:51:39,35.55000000000001,Zone 4,66.3,Zone 5,35.2,Zone 4,62.9,Zone 5,59.2,Zone 5,65.9,Zone 5,63.4,Zone 5,68.0,Zone 5,66.3,Zone 5,69.6,Zone 5
Tripura,West Tripura,A D Nagar Amfu,28.3,2026-06-01,01:45:00,86.0,2026-05-31,01:45:00,2026-06-01 01:51:39,33.55000000000001,Zone 4,64.4,Zone 5,34.1,Zone 4,60.6,Zone 5,48.9,Zone 5,64.0,Zone 5,61.2,Zone 5,66.4,Zone 5,64.4,Zone 5,68.2,Zone 5
Tripura,West Tripura,Dm Office West Agartala,28.6,2026-06-01,01:30:00,,,,2026-06-01 01:51:39,,,,,,,,,,,,,,,,,,,,
Tripura,West Tripura,Hrc Nagicherra,27.4,2026-06-01,01:30:00,,,,2026-06-01 01:51:39,,,,,,,,,,,,,,,,,,,,
Tripura,West Tripura,Khumluwang,27.2,2026-06-01,01:45:00,,,,2026-06-01 01:51:39,,,,,,,,,,,,,,,,,,,,
Tripura,West Tripura,Secretariat,29.1,2026-06-01,01:30:00,,,,2026-06-01 01:51:39,,,,,,,,,,,,,,,,,,,,
Uttarakhand,Almora,Chaubatia Ranikhet,13.9,2026-06-01,01:45:00,87.0,2026-05-31,01:45:00,2026-06-01 01:51:39,13.450000000000045,Zone 2,28.3,Zone 4,13.5,Zone 2,24.5,Zone 3,20.8,Zone 3,28.2,Zone 4,24.6,Zone 3,32.1,Zone 4,28.3,Zone 4,35.9,Zone 4
Uttarakhand,Almora,Matela Kvk,16.4,2026-06-01,01:45:00,100.0,2026-05-31,01:45:00,2026-06-01 01:51:39,17.05000000000001,Zone 3,31.6,Zone 4,17.2,Zone 3,26.9,Zone 4,23.2,Zone 3,31.4,Zone 4,27.0,Zone 4,35.7,Zone 4,31.6,Zone 4,46.6,Zone 5
Uttarakhand,Chamoli,Chamoli,17.5,2026-06-01,01:30:00,92.0,2026-05-31,01:30:00,2026-06-01 01:51:39,18.05000000000001,Zone 3,32.4,Zone 4,18.1,Zone 3,27.7,Zone 4,23.8,Zone 3,32.2,Zone 4,27.9,Zone 4,36.5,Zone 4,32.4,Zone 4,47.6,Zone 5
Uttarakhand,Chamoli,Tharali,,,,14.0,2026-05-31,01:30:00,2026-06-01 01:51:39,,,,,,,,,,,,,,,,,,,,
Uttarakhand,Champawat,Champawat,15.6,2026-06-01,01:30:00,,,,2026-06-01 01:51:39,,,,,,,,,,,,,,,,,,,,
Uttarakhand,Dehradun,Dehradun,,,,69.0,2026-05-31,01:30:00,2026-06-01 01:51:39,,,,,,,,,,,,,,,,,,,,
Uttarakhand,Dehradun,Hatibharkala,20.9,2026-06-01,01:45:00,97.0,2026-05-31,01:45:00,2026-06-01 01:51:39,22.350000000000023,Zone 3,40.6,Zone 5,22.5,Zone 3,32.6,Zone 4,27.6,Zone 4,39.4,Zone 5,33.0,Zone 4,54.6,Zone 5,40.6,Zone 5,60.8,Zone 5
Uttarakhand,Dehradun,Jollygrant,21.8,2026-06-01,01:30:00,83.0,2026-05-31,01:30:00,2026-06-01 01:51:39,22.850000000000023,Zone 3,38.2,Zone 4,23.0,Zone 3,32.9,Zone 4,28.2,Zone 4,37.8,Zone 4,33.3,Zone 4,51.3,Zone 5,38.2,Zone 4,60.1,Zone 5
Uttarakhand,Dehradun,Maldevta,21.9,2026-06-01,01:45:00,80.0,2026-05-31,01:45:00,2026-06-01 01:51:39,22.850000000000023,Zone 3,37.8,Zone 4,22.9,Zone 3,32.7,Zone 4,28.0,Zone 4,37.5,Zone 4,33.0,Zone 4,49.3,Zone 5,37.8,Zone 4,59.6,Zone 5
Uttarakhand,Dehradun,Massouri,17.9,2026-06-01,01:30:00,77.0,2026-05-31,01:30:00,2026-06-01 01:51:39,17.850000000000023,Zone 3,32.1,Zone 4,18.0,Zone 3,27.7,Zone 4,23.8,Zone 3,32.0,Zone 4,27.9,Zone 4,36.1,Zone 4,32.1,Zone 4,42.7,Zone 5
Uttarakhand,Dehradun,Mohakampur,21.3,2026-06-01,01:45:00,99.0,2026-05-31,01:45:00,2026-06-01 01:51:39,22.950000000000045,Zone 3,45.0,Zone 5,23.1,Zone 3,33.5,Zone 4,28.4,Zone 4,43.6,Zone 5,34.0,Zone 4,58.3,Zone 5,45.0,Zone 5,61.6,Zone 5
Uttarakhand,Dehradun,Rishikesh,,,,86.0,2026-05-31,01:30:00,2026-06-01 01:51:39,,,,,,,,,,,,,,,,,,,,
Uttarakhand,Haridwar,Roorkee Amfu,23.2,2026-06-01,01:30:00,100.0,2026-05-31,01:30:00,2026-06-01 01:51:39,24.950000000000045,Zone 3,55.8,Zone 5,24.8,Zone 3,36.7,Zone 5,31.0,Zone 4,54.3,Zone 5,38.5,Zone 5,61.1,Zone 5,55.8,Zone 5,63.6,Zone 5
Uttarakhand,Nainital,Mukteshwar,21.7,2026-06-01,01:30:00,,,,2026-06-01 01:51:39,,,,,,,,,,,,,,,,,,,,
Uttarakhand,Nainital,Th Kosiyakutoli,18.5,2026-06-01,01:45:00,100.0,2026-05-31,01:45:00,2026-06-01 01:51:39,19.650000000000034,Zone 3,34.3,Zone 4,19.7,Zone 3,29.2,Zone 4,24.8,Zone 3,34.0,Zone 4,29.5,Zone 4,42.6,Zone 5,34.3,Zone 4,56.0,Zone 5
Uttarakhand,Pauri Garhwal,Bharsar,14.2,2026-06-01,01:30:00,78.0,2026-05-31,01:30:00,2026-06-01 01:51:39,13.450000000000045,Zone 2,28.0,Zone 4,13.2,Zone 2,24.4,Zone 3,20.6,Zone 3,28.0,Zone 4,24.4,Zone 3,31.8,Zone 4,28.0,Zone 4,35.4,Zone 4
Uttarakhand,Pauri Garhwal,Srinagar Arg,24.0,2026-06-01,01:30:00,,,,2026-06-01 01:51:39,,,,,,,,,,,,,,,,,,,,
Uttarakhand,Rudraprayag,Rudra Prayag,22.5,2026-06-01,01:30:00,86.0,2026-05-31,01:30:00,2026-06-01 01:51:39,23.75,Zone 3,42.0,Zone 5,23.7,Zone 3,34.0,Zone 4,29.1,Zone 4,40.7,Zone 5,34.4,Zone 4,55.9,Zone 5,42.0,Zone 5,61.1,Zone 5
Uttarakhand,Tehri Garhwal,Devprayag,22.1,2026-06-01,01:30:00,88.0,2026-05-31,01:30:00,2026-06-01 01:51:39,23.350000000000023,Zone 3,40.5,Zone 5,23.3,Zone 3,33.4,Zone 4,28.5,Zone 4,39.3,Zone 5,33.8,Zone 4,54.5,Zone 5,40.5,Zone 5,60.8,Zone 5
Uttarakhand,Tehri Garhwal,Rani Chawri,,,,84.0,2026-05-31,01:30:00,2026-06-01 01:51:39,,,,,,,,,,,,,,,,,,,,
Uttarakhand,Udham Singh Nagar,Kashipur Aws400,23.5,2026-06-01,01:45:00,99.0,2026-05-31,01:45:00,2026-06-01 01:51:39,25.25,Zone 3,58.2,Zone 5,25.2,Zone 3,39.2,Zone 5,31.8,Zone 4,56.7,Zone 5,41.2,Zone 5,61.6,Zone 5,58.2,Zone 5,64.1,Zone 5
Uttarakhand,Uttarkashi,Purola,19.6,2026-06-01,01:30:00,,,,2026-06-01 01:51:39,,,,,,,,,,,,,,,,,,,,
Uttar Pradesh,Agra,Hydrogen Factory Bindukatra,25.6,2026-06-01,01:30:00,,,,2026-06-01 01:51:39,,,,,,,,,,,,,,,,,,,,
Uttar Pradesh,Aligarh,Quarsi Farms Quarsi,27.2,2026-06-01,01:30:00,98.0,2026-05-31,01:30:00,2026-06-01 01:51:39,32.85000000000002,Zone 4,64.5,Zone 5,32.3,Zone 4,60.7,Zone 5,49.7,Zone 5,64.1,Zone 5,61.3,Zone 5,66.5,Zone 5,64.5,Zone 5,68.3,Zone 5
Uttar Pradesh,Ambedkar Nagar,Collectorate Office Akbarpur,26.0,2026-06-01,01:30:00,,,,2026-06-01 01:51:39,,,,,,,,,,,,,,,,,,,,
Uttar Pradesh,Amethi,Tala Gram 400Aws,25.9,2026-06-01,01:45:00,92.0,2026-05-31,01:45:00,2026-06-01 01:51:39,29.05000000000001,Zone 4,61.6,Zone 5,29.2,Zone 4,52.0,Zone 5,36.2,Zone 4,61.1,Zone 5,54.4,Zone 5,64.0,Zone 5,61.6,Zone 5,66.1,Zone 5
Uttar Pradesh,Amroha,Amroha 400Aws,21.7,2026-06-01,01:45:00,100.0,2026-05-31,01:45:00,2026-06-01 01:51:39,23.350000000000023,Zone 3,45.7,Zone 5,23.2,Zone 3,33.6,Zone 4,28.5,Zone 4,44.3,Zone 5,34.1,Zone 4,58.9,Zone 5,45.7,Zone 5,61.8,Zone 5
Uttar Pradesh,Ayodhya,Ayodhya 400Aws,26.0,2026-06-01,01:45:00,98.0,2026-05-31,01:45:00,2026-06-01 01:51:39,29.850000000000023,Zone 4,62.8,Zone 5,29.9,Zone 4,57.9,Zone 5,39.8,Zone 5,62.4,Zone 5,59.3,Zone 5,65.1,Zone 5,62.8,Zone 5,67.1,Zone 5
Uttar Pradesh,Ayodhya,Krishi Vigyan Kendra Kumarganj,,,,85.0,2026-05-31,01:30:00,2026-06-01 01:51:39,,,,,,,,,,,,,,,,,,,,
Uttar Pradesh,Azamgarh,Azamgarh Kvk,28.1,2026-06-01,01:00:00,,,,2026-06-01 01:51:39,,,,,,,,,,,,,,,,,,,,
Uttar Pradesh,Azamgarh,Lalganj Tehsil Office,28.4,2026-06-01,01:30:00,,,,2026-06-01 01:51:39,,,,,,,,,,,,,,,,,,,,
Uttar Pradesh,Bahraich,Bharaich Amfu,,,,93.0,2026-05-31,01:30:00,2026-06-01 01:51:39,,,,,,,,,,,,,,,,,,,,
Uttar Pradesh,Ballia,Ballia  400Aws,25.7,2026-06-01,01:45:00,100.0,2026-05-31,01:45:00,2026-06-01 01:51:39,29.450000000000045,Zone 4,62.4,Zone 5,29.0,Zone 4,55.9,Zone 5,37.6,Zone 5,62.0,Zone 5,58.0,Zone 5,64.7,Zone 5,62.4,Zone 5,66.7,Zone 5
Uttar Pradesh,Banda,Banda 400Aws,25.8,2026-06-01,01:45:00,89.0,2026-05-31,01:45:00,2026-06-01 01:51:39,28.55000000000001,Zone 4,60.9,Zone 5,28.9,Zone 4,48.9,Zone 5,35.7,Zone 4,60.5,Zone 5,51.3,Zone 5,63.5,Zone 5,60.9,Zone 5,65.7,Zone 5
Uttar Pradesh,Barabanki,Barabanki 400Aws,23.4,2026-06-01,01:45:00,100.0,2026-05-31,01:45:00,2026-06-01 01:51:39,25.150000000000034,Zone 3,58.9,Zone 5,25.3,Zone 3,39.9,Zone 5,31.9,Zone 4,57.4,Zone 5,42.0,Zone 5,61.8,Zone 5,58.9,Zone 5,64.2,Zone 5
Uttar Pradesh,Bareilly,Bareilly Bilwa 400Aws,22.6,2026-06-01,01:45:00,100.0,2026-05-31,01:45:00,2026-06-01 01:51:39,24.350000000000023,Zone 3,52.5,Zone 5,24.3,Zone 3,35.4,Zone 4,30.1,Zone 4,50.9,Zone 5,36.0,Zone 4,60.4,Zone 5,52.5,Zone 5,63.0,Zone 5
Uttar Pradesh,Bijnor,Prithvipur 400Aws,22.1,2026-06-01,01:45:00,,,,2026-06-01 01:51:39,,,,,,,,,,,,,,,,,,,,
Uttar Pradesh,Bulandshahar,Bulandshahar Kvk,23.6,2026-06-01,01:45:00,87.0,2026-05-31,01:45:00,2026-06-01 01:51:39,24.950000000000045,Zone 3,49.1,Zone 5,24.8,Zone 3,35.7,Zone 4,30.7,Zone 4,47.5,Zone 5,36.2,Zone 4,59.7,Zone 5,49.1,Zone 5,62.4,Zone 5
Uttar Pradesh,Chitrakoot,Ganivan Kvk,27.0,2026-06-01,01:45:00,,,,2026-06-01 01:51:39,,,,,,,,,,,,,,,,,,,,
Uttar Pradesh,Etawah,Bbrau Agriculture College,25.7,2026-06-01,01:30:00,67.0,2026-05-31,01:30:00,2026-06-01 01:51:39,26.75,Zone 4,44.4,Zone 5,26.4,Zone 4,36.6,Zone 4,31.9,Zone 4,43.0,Zone 5,37.0,Zone 4,57.8,Zone 5,44.4,Zone 5,61.5,Zone 5
Uttar Pradesh,Farrukhabad,Farrukhabad 400Aws,23.0,2026-06-01,01:45:00,70.0,2026-05-31,01:45:00,2026-06-01 01:51:39,23.650000000000034,Zone 3,38.2,Zone 4,23.6,Zone 3,33.3,Zone 4,28.7,Zone 4,37.9,Zone 4,33.6,Zone 4,47.7,Zone 5,38.2,Zone 4,59.3,Zone 5
Uttar Pradesh,Fatehpur,Fatehpur Kvk,25.6,2026-06-01,01:45:00,,,,2026-06-01 01:51:39,,,,,,,,,,,,,,,,,,,,
Uttar Pradesh,Firozabad,Firozabad 400Aws,24.5,2026-06-01,01:45:00,100.0,2026-05-31,01:45:00,2026-06-01 01:51:39,27.05000000000001,Zone 4,60.7,Zone 5,27.0,Zone 4,47.6,Zone 5,34.0,Zone 4,60.2,Zone 5,50.0,Zone 5,63.2,Zone 5,60.7,Zone 5,65.5,Zone 5
Uttar Pradesh,Gautam Buddha Nagar,Kvk Chholas 400Aws,23.7,2026-06-01,01:45:00,89.0,2026-05-31,01:45:00,2026-06-01 01:51:39,25.150000000000034,Zone 3,50.7,Zone 5,24.9,Zone 3,36.0,Zone 4,30.9,Zone 4,49.1,Zone 5,36.5,Zone 4,60.0,Zone 5,50.7,Zone 5,62.7,Zone 5
Uttar Pradesh,Ghaziabad,Kv2 Airforce Hindon,24.1,2026-06-01,01:45:00,84.0,2026-05-31,01:45:00,2026-06-01 01:51:39,25.350000000000023,Zone 4,49.8,Zone 5,25.2,Zone 3,36.3,Zone 4,31.2,Zone 4,48.3,Zone 5,36.8,Zone 4,59.8,Zone 5,49.8,Zone 5,62.5,Zone 5
Uttar Pradesh,Ghaziabad,Kv Kamala Nehru Nagar,24.9,2026-06-01,01:15:00,,,,2026-06-01 01:51:39,,,,,,,,,,,,,,,,,,,,
Uttar Pradesh,Hamirpur,Hamirpur 400Aws,26.1,2026-06-01,01:45:00,64.0,2026-05-31,01:45:00,2026-06-01 01:51:39,27.05000000000001,Zone 4,44.5,Zone 5,26.9,Zone 4,37.0,Zone 4,32.3,Zone 4,43.1,Zone 5,37.4,Zone 4,58.0,Zone 5,44.5,Zone 5,61.5,Zone 5
Uttar Pradesh,Hapur,Hapur 400Aws,22.8,2026-06-01,01:45:00,99.0,2026-05-31,01:45:00,2026-06-01 01:51:39,24.55000000000001,Zone 3,55.1,Zone 5,24.7,Zone 3,36.3,Zone 4,30.9,Zone 4,53.5,Zone 5,37.7,Zone 5,60.9,Zone 5,55.1,Zone 5,63.5,Zone 5
Uttar Pradesh,Hardoi,Hardoi 400Aws,22.9,2026-06-01,01:45:00,100.0,2026-05-31,01:45:00,2026-06-01 01:51:39,24.650000000000034,Zone 3,55.8,Zone 5,24.8,Zone 3,36.7,Zone 5,31.0,Zone 4,54.3,Zone 5,38.5,Zone 5,61.1,Zone 5,55.8,Zone 5,63.6,Zone 5
Uttar Pradesh,Jalaun,Jalaun 400Aws,25.1,2026-06-01,01:45:00,78.0,2026-05-31,01:45:00,2026-06-01 01:51:39,26.55000000000001,Zone 4,51.1,Zone 5,26.4,Zone 4,37.2,Zone 4,32.3,Zone 4,49.6,Zone 5,37.7,Zone 4,60.1,Zone 5,51.1,Zone 5,62.7,Zone 5
Uttar Pradesh,Jhansi,Bhundelkhand University,25.2,2026-06-01,01:45:00,,,,2026-06-01 01:51:39,,,,,,,,,,,,,,,,,,,,
Uttar Pradesh,Kashganj,Kashganj 400Aws,23.0,2026-06-01,01:45:00,100.0,2026-05-31,01:45:00,2026-06-01 01:51:39,24.75,Zone 3,55.8,Zone 5,24.8,Zone 3,36.7,Zone 5,31.0,Zone 4,54.3,Zone 5,38.5,Zone 5,61.1,Zone 5,55.8,Zone 5,63.6,Zone 5
Uttar Pradesh,Kushinagar,Kushinagar Kvk,26.3,2026-06-01,01:45:00,100.0,2026-05-31,01:45:00,2026-06-01 01:51:39,30.850000000000023,Zone 4,64.1,Zone 5,31.3,Zone 4,60.2,Zone 5,47.0,Zone 5,63.7,Zone 5,60.8,Zone 5,66.2,Zone 5,64.1,Zone 5,68.0,Zone 5
Uttar Pradesh,Lucknow,Integral University,26.0,2026-06-01,01:15:00,,,,2026-06-01 01:51:39,,,,,,,,,,,,,,,,,,,,
Uttar Pradesh,Lucknow,Lucknow Lab,33.2,2026-06-01,01:45:00,47.0,2026-05-31,01:45:00,2026-06-01 01:51:39,36.05000000000001,Zone 4,60.6,Zone 5,35.7,Zone 4,47.7,Zone 5,41.1,Zone 4,60.3,Zone 5,50.0,Zone 5,63.2,Zone 5,60.6,Zone 5,65.5,Zone 5
Uttar Pradesh,Lucknow,Meteorological Centre Amausi,25.1,2026-06-01,01:45:00,86.0,2026-05-31,01:45:00,2026-06-01 01:51:39,27.05000000000001,Zone 4,57.8,Zone 5,26.9,Zone 4,38.7,Zone 5,33.2,Zone 4,56.3,Zone 5,40.6,Zone 5,61.5,Zone 5,57.8,Zone 5,64.0,Zone 5
Uttar Pradesh,Mainpuri,Mainpuri Kvk,24.0,2026-06-01,01:45:00,100.0,2026-05-31,01:45:00,2026-06-01 01:51:39,26.150000000000034,Zone 4,59.8,Zone 5,26.1,Zone 4,43.6,Zone 5,32.9,Zone 4,59.4,Zone 5,45.9,Zone 5,62.5,Zone 5,59.8,Zone 5,64.8,Zone 5
Uttar Pradesh,Mathura,Collectorate Office,26.8,2026-06-01,01:30:00,87.0,2026-05-31,01:30:00,2026-06-01 01:51:39,30.25,Zone 4,62.1,Zone 5,30.7,Zone 4,54.8,Zone 5,37.7,Zone 4,61.7,Zone 5,57.0,Zone 5,64.5,Zone 5,62.1,Zone 5,66.6,Zone 5
Uttar Pradesh,Mathura,Mathura 400Aws,24.3,2026-06-01,01:45:00,83.0,2026-05-31,01:45:00,2026-06-01 01:51:39,25.650000000000034,Zone 4,52.2,Zone 5,25.9,Zone 4,37.0,Zone 4,32.0,Zone 4,50.7,Zone 5,37.6,Zone 4,60.3,Zone 5,52.2,Zone 5,62.9,Zone 5
Uttar Pradesh,Meerut,Ccsu Campus,25.7,2026-06-01,01:30:00,,,,2026-06-01 01:51:39,,,,,,,,,,,,,,,,,,,,
Uttar Pradesh,Mirzapur,Dagmapur 400Aws,28.8,2026-06-01,01:45:00,58.0,2026-05-31,01:45:00,2026-06-01 01:51:39,30.450000000000045,Zone 4,56.0,Zone 5,30.8,Zone 4,41.0,Zone 4,36.3,Zone 4,54.6,Zone 5,41.5,Zone 4,61.1,Zone 5,56.0,Zone 5,63.7,Zone 5
Uttar Pradesh,Moradabad,Ucheti 400Aws,22.0,2026-06-01,01:45:00,100.0,2026-05-31,01:45:00,2026-06-01 01:51:39,23.75,Zone 3,49.1,Zone 5,23.7,Zone 3,34.5,Zone 4,29.3,Zone 4,47.5,Zone 5,35.0,Zone 4,59.7,Zone 5,49.1,Zone 5,62.4,Zone 5
Uttar Pradesh,Muzaffarnagar,Sohanjani Tajan 400Aws,22.4,2026-06-01,01:45:00,96.0,2026-05-31,01:45:00,2026-06-01 01:51:39,24.05000000000001,Zone 3,49.5,Zone 5,24.1,Zone 3,35.0,Zone 4,29.8,Zone 4,47.9,Zone 5,35.5,Zone 4,59.7,Zone 5,49.5,Zone 5,62.4,Zone 5
Uttar Pradesh,Pratapgarh,Pratapgarh 400Aws,27.9,2026-06-01,01:45:00,79.0,2026-05-31,01:45:00,2026-06-01 01:51:39,31.450000000000045,Zone 4,61.9,Zone 5,31.7,Zone 4,53.9,Zone 5,38.4,Zone 4,61.5,Zone 5,56.1,Zone 5,64.3,Zone 5,61.9,Zone 5,66.4,Zone 5
Uttar Pradesh,Raebareli,Airport Fursatganj,25.1,2026-06-01,01:30:00,100.0,2026-05-31,01:30:00,2026-06-01 01:51:39,28.150000000000034,Zone 4,61.5,Zone 5,28.0,Zone 4,51.8,Zone 5,35.2,Zone 4,61.1,Zone 5,54.1,Zone 5,64.0,Zone 5,61.5,Zone 5,66.1,Zone 5
Uttar Pradesh,Saharanpur,Saharanpur 400Aws,23.8,2026-06-01,01:45:00,94.0,2026-05-31,01:45:00,2026-06-01 01:51:39,25.450000000000045,Zone 4,57.7,Zone 5,25.8,Zone 4,38.6,Zone 5,32.2,Zone 4,56.2,Zone 5,40.6,Zone 5,61.5,Zone 5,57.7,Zone 5,64.0,Zone 5
Uttar Pradesh,Sambhal,Sambhal Paltha 400Aws,22.7,2026-06-01,01:45:00,,,,2026-06-01 01:51:39,,,,,,,,,,,,,,,,,,,,
Uttar Pradesh,Shahjahanpur,Shahjahanpur 400Aws,23.8,2026-06-01,01:45:00,,,,2026-06-01 01:51:39,,,,,,,,,,,,,,,,,,,,
Uttar Pradesh,Shamli,Shamli 400Aws,23.0,2026-06-01,01:45:00,99.0,2026-05-31,01:45:00,2026-06-01 01:51:39,24.75,Zone 3,55.1,Zone 5,24.7,Zone 3,36.3,Zone 4,30.9,Zone 4,53.5,Zone 5,37.7,Zone 5,60.9,Zone 5,55.1,Zone 5,63.5,Zone 5
Uttar Pradesh,Sitapur,Ramkot 400Aws,22.7,2026-06-01,01:45:00,,,,2026-06-01 01:51:39,,,,,,,,,,,,,,,,,,,,
Uttar Pradesh,Sultanpur,Krishi Vigyan Kendra Barasin,25.4,2026-06-01,01:30:00,94.0,2026-05-31,01:30:00,2026-06-01 01:51:39,28.25,Zone 4,61.1,Zone 5,28.4,Zone 4,50.0,Zone 5,35.4,Zone 4,60.7,Zone 5,52.4,Zone 5,63.6,Zone 5,61.1,Zone 5,65.8,Zone 5
West Bengal,Alipurduar,Jayanti,25.5,2026-06-01,01:45:00,93.0,2026-05-31,01:45:00,2026-06-01 01:51:39,28.350000000000023,Zone 4,60.9,Zone 5,28.3,Zone 4,49.0,Zone 5,35.2,Zone 4,60.5,Zone 5,51.4,Zone 5,63.5,Zone 5,60.9,Zone 5,65.7,Zone 5
West Bengal,Cooch Behar,Dinhata Aws400,28.1,2026-06-01,01:45:00,100.0,2026-05-31,01:45:00,2026-06-01 01:51:39,38.25,Zone 5,66.7,Zone 5,37.1,Zone 5,63.4,Zone 5,59.8,Zone 5,66.3,Zone 5,63.9,Zone 5,68.4,Zone 5,66.7,Zone 5,70.0,Zone 5
West Bengal,Cooch Behar,Pundibari Amfu,28.6,2026-06-01,01:30:00,94.0,2026-05-31,01:30:00,2026-06-01 01:51:39,36.150000000000034,Zone 4,66.2,Zone 5,35.9,Zone 4,62.8,Zone 5,59.1,Zone 5,65.8,Zone 5,63.4,Zone 5,68.0,Zone 5,66.2,Zone 5,69.6,Zone 5
West Bengal,Darjeeling,Darjeeling Mo,17.0,2026-06-01,01:45:00,100.0,2026-05-31,01:45:00,2026-06-01 01:51:39,17.850000000000023,Zone 3,32.2,Zone 4,17.8,Zone 3,27.4,Zone 4,23.6,Zone 3,32.0,Zone 4,27.6,Zone 4,36.4,Zone 4,32.2,Zone 4,48.9,Zone 5
West Bengal,Darjeeling,Kharibari,27.2,2026-06-01,01:30:00,96.0,2026-05-31,01:30:00,2026-06-01 01:51:39,32.450000000000045,Zone 4,64.1,Zone 5,32.0,Zone 4,60.2,Zone 5,47.1,Zone 5,63.7,Zone 5,60.8,Zone 5,66.2,Zone 5,64.1,Zone 5,68.0,Zone 5
West Bengal,East Burdwan,Kvk Burdwan Budbud,26.0,2026-06-01,01:00:00,,,,2026-06-01 01:51:39,,,,,,,,,,,,,,,,,,,,
West Bengal,Howrah,Kvk Howrah Jagatballavapur,24.6,2026-06-01,01:45:00,,,,2026-06-01 01:51:39,,,,,,,,,,,,,,,,,,,,
West Bengal,Howrah,Uluberia,27.5,2026-06-01,01:30:00,87.0,2026-05-31,01:30:00,2026-06-01 01:51:39,31.75,Zone 4,63.0,Zone 5,31.8,Zone 4,58.5,Zone 5,40.6,Zone 5,62.6,Zone 5,59.4,Zone 5,65.2,Zone 5,63.0,Zone 5,67.2,Zone 5
West Bengal,Jalpaiguri,Banarhat,26.6,2026-06-01,01:45:00,74.0,2026-05-31,01:45:00,2026-06-01 01:51:39,28.55000000000001,Zone 4,56.8,Zone 5,28.4,Zone 4,39.4,Zone 4,34.4,Zone 4,55.3,Zone 5,40.0,Zone 4,61.3,Zone 5,56.8,Zone 5,63.8,Zone 5
West Bengal,Jalpaiguri,Dhupguri,27.2,2026-06-01,01:45:00,100.0,2026-05-31,01:45:00,2026-06-01 01:51:39,33.25,Zone 4,65.0,Zone 5,32.7,Zone 4,61.3,Zone 5,52.3,Zone 5,64.6,Zone 5,61.8,Zone 5,66.9,Zone 5,65.0,Zone 5,68.7,Zone 5
West Bengal,Jalpaiguri,Ramshai Kvk,26.4,2026-06-01,01:45:00,,,,2026-06-01 01:51:39,,,,,,,,,,,,,,,,,,,,
West Bengal,Jhargram,Jhargram,25.9,2026-06-01,01:30:00,90.0,2026-05-31,01:30:00,2026-06-01 01:51:39,28.850000000000023,Zone 4,61.1,Zone 5,29.0,Zone 4,50.0,Zone 5,35.9,Zone 4,60.7,Zone 5,52.3,Zone 5,63.6,Zone 5,61.1,Zone 5,65.8,Zone 5
West Bengal,Kolkata,Kolkata Airport,,,,91.0,2026-05-31,01:30:00,2026-06-01 01:51:39,,,,,,,,,,,,,,,,,,,,
West Bengal,Malda,Malda,27.2,2026-06-01,01:45:00,,,,2026-06-01 01:51:39,,,,,,,,,,,,,,,,,,,,
West Bengal,Murshidabad,Berhampore,27.9,2026-06-01,01:30:00,94.0,2026-05-31,01:30:00,2026-06-01 01:51:39,34.05000000000001,Zone 4,65.4,Zone 5,34.3,Zone 4,61.8,Zone 5,54.8,Zone 5,65.0,Zone 5,62.3,Zone 5,67.3,Zone 5,65.4,Zone 5,69.0,Zone 5
West Bengal,Murshidabad,Murshidabad Kvk,26.5,2026-06-01,01:45:00,,,,2026-06-01 01:51:39,,,,,,,,,,,,,,,,,,,,
West Bengal,Nadia,Kalyani Amfu,26.8,2026-06-01,01:30:00,100.0,2026-05-31,01:30:00,2026-06-01 01:51:39,32.150000000000034,Zone 4,65.0,Zone 5,32.7,Zone 4,61.3,Zone 5,52.3,Zone 5,64.6,Zone 5,61.8,Zone 5,66.9,Zone 5,65.0,Zone 5,68.7,Zone 5
West Bengal,North Dinajpur,Raiganj,27.3,2026-06-01,01:30:00,99.0,2026-05-31,01:30:00,2026-06-01 01:51:39,33.35000000000002,Zone 4,65.6,Zone 5,33.9,Zone 4,62.1,Zone 5,56.1,Zone 5,65.2,Zone 5,62.6,Zone 5,67.5,Zone 5,65.6,Zone 5,69.1,Zone 5
West Bengal,North Twenty Four Parganas,Ashoknagar Kvk,27.9,2026-06-01,01:45:00,,,,2026-06-01 01:51:39,,,,,,,,,,,,,,,,,,,,
West Bengal,North Twenty Four Parganas,Barrackpore Aws400,27.2,2026-06-01,01:45:00,71.0,2026-05-31,01:45:00,2026-06-01 01:51:39,29.25,Zone 4,57.1,Zone 5,29.0,Zone 4,39.8,Zone 4,34.9,Zone 4,55.6,Zone 5,40.4,Zone 4,61.4,Zone 5,57.1,Zone 5,63.9,Zone 5
West Bengal,North Twenty Four Parganas,Jisu Agarpara,29.0,2026-06-01,01:30:00,85.0,2026-05-31,01:30:00,2026-06-01 01:51:39,35.150000000000034,Zone 4,65.0,Zone 5,35.2,Zone 4,61.3,Zone 5,52.5,Zone 5,64.6,Zone 5,61.9,Zone 5,66.9,Zone 5,65.0,Zone 5,68.7,Zone 5
West Bengal,Purulia,Purulia Kvk,25.8,2026-06-01,01:45:00,,,,2026-06-01 01:51:39,,,,,,,,,,,,,,,,,,,,
West Bengal,South Dinajpur,Balurghat,28.7,2026-06-01,01:45:00,100.0,2026-05-31,01:45:00,2026-06-01 01:51:39,45.75,Zone 5,67.6,Zone 5,43.1,Zone 5,64.5,Zone 5,61.2,Zone 5,67.2,Zone 5,65.0,Zone 5,69.2,Zone 5,67.6,Zone 5,70.6,Zone 5
West Bengal,South Dinajpur,Majhian Amfu,28.3,2026-06-01,01:30:00,100.0,2026-05-31,01:30:00,2026-06-01 01:51:39,40.55000000000001,Zone 5,67.6,Zone 5,43.1,Zone 5,64.5,Zone 5,61.2,Zone 5,67.2,Zone 5,65.0,Zone 5,69.2,Zone 5,67.6,Zone 5,70.6,Zone 5
West Bengal,South Twenty Four Parganas,Alipore,27.8,2026-06-01,01:30:00,95.0,2026-05-31,01:30:00,2026-06-01 01:51:39,33.950000000000045,Zone 4,65.6,Zone 5,34.5,Zone 4,62.0,Zone 5,56.1,Zone 5,65.2,Zone 5,62.6,Zone 5,67.5,Zone 5,65.6,Zone 5,69.1,Zone 5
West Bengal,South Twenty Four Parganas,Gangasagar,28.0,2026-06-01,01:45:00,,,,2026-06-01 01:51:39,,,,,,,,,,,,,,,,,,,,
,,,,,,,,,2026-06-01 01:51:39,,,,,,,,,,,,,,,,,,,,
,,,,,,,,,2026-06-01 01:51:39,,,,,,,,,,,,,,,,,,,,
,,,,,,,,,2026-06-01 01:51:39,,,,,,,,,,,,,,,,,,,,
,,,,,,,,,2026-06-01 01:51:39,,,,,,,,,,,,,,,,,,,,
