STATE,DISTRICT,STATION,TEMP,DATE_TEMP,TIME_TEMP,RH,DATE_RH,TIME_RH,LOGGED_AT (IST),EHI (in shade °C),Light Work Heat Stress Zone,EHI_350 (in shade °C),Hard Labor Heat Stress Zone,EHI_3_shade,Zone_3_shade,EHI_3_sun,Zone_3_sun,EHI_4_shade,Zone_4_shade,EHI_4_sun,Zone_4_sun,EHI_5_shade,Zone_5_shade,EHI_5_sun,Zone_5_sun,EHI_6_shade,Zone_6_shade,EHI_6_sun,Zone_6_sun
Andaman And Nicobar,Nicobar,Car Nicobar,27.0,2026-05-10,23:45:00,92.0,2026-05-10,23:45:00,2026-05-11 00:06:34,31.350000000000023,Zone 4,63.2,Zone 5,31.4,Zone 4,59.2,Zone 5,42.1,Zone 5,62.8,Zone 5,59.8,Zone 5,65.4,Zone 5,63.2,Zone 5,67.4,Zone 5
Andaman And Nicobar,Nicobar,Nancowry,38.8,2026-05-10,23:30:00,95.0,2026-05-10,23:30:00,2026-05-11 00:06:34,91.85000000000002,Zone 6,101.3,Zone 6,92.7,Zone 6,97.6,Zone 6,95.6,Zone 6,100.5,Zone 6,98.5,Zone 6,103.3,Zone 6,101.3,Zone 6,106.1,Zone 6
Andaman And Nicobar,N M Andaman,Mayabunder,26.7,2026-05-10,23:45:00,95.0,2026-05-10,23:45:00,2026-05-11 00:06:34,31.05000000000001,Zone 4,63.0,Zone 5,30.6,Zone 4,58.8,Zone 5,41.0,Zone 5,62.6,Zone 5,59.5,Zone 5,65.3,Zone 5,63.0,Zone 5,67.2,Zone 5
Andaman And Nicobar,N M Andaman,Rangat Nimbutala,27.3,2026-05-10,23:45:00,90.0,2026-05-10,23:45:00,2026-05-11 00:06:34,31.75,Zone 4,63.6,Zone 5,32.3,Zone 4,59.7,Zone 5,44.3,Zone 5,63.2,Zone 5,60.2,Zone 5,65.8,Zone 5,63.6,Zone 5,67.7,Zone 5
Andaman And Nicobar,South Andaman,Ferrargunj,26.5,2026-05-11,00:00:00,82.0,2026-05-10,00:00:00,2026-05-11 00:06:34,29.150000000000034,Zone 4,60.2,Zone 5,29.1,Zone 4,45.5,Zone 5,35.6,Zone 4,59.8,Zone 5,47.8,Zone 5,62.9,Zone 5,60.2,Zone 5,65.1,Zone 5
Andaman And Nicobar,South Andaman,Hut Bay,27.5,2026-05-10,23:45:00,87.0,2026-05-10,23:45:00,2026-05-11 00:06:34,31.75,Zone 4,63.0,Zone 5,31.8,Zone 4,58.5,Zone 5,40.6,Zone 5,62.6,Zone 5,59.4,Zone 5,65.2,Zone 5,63.0,Zone 5,67.2,Zone 5
Andaman And Nicobar,South Andaman,Shaheed Dweep,28.6,2026-05-10,23:45:00,88.0,2026-05-10,23:45:00,2026-05-11 00:06:34,34.75,Zone 4,64.9,Zone 5,34.5,Zone 4,61.2,Zone 5,51.7,Zone 5,64.5,Zone 5,61.7,Zone 5,66.8,Zone 5,64.9,Zone 5,68.6,Zone 5
Andaman And Nicobar,South Andaman,Sri Vijaya Puram Aws400,28.8,2026-05-11,00:00:00,83.0,2026-05-10,00:00:00,2026-05-11 00:06:34,34.25,Zone 4,64.5,Zone 5,34.7,Zone 4,60.7,Zone 5,49.6,Zone 5,64.1,Zone 5,61.3,Zone 5,66.5,Zone 5,64.5,Zone 5,68.3,Zone 5
Andaman And Nicobar,South Andaman,Swaraj Deep,28.1,2026-05-11,00:00:00,73.0,2026-05-10,00:00:00,2026-05-11 00:06:34,31.05000000000001,Zone 4,60.5,Zone 5,30.9,Zone 4,46.9,Zone 5,37.2,Zone 4,60.1,Zone 5,49.2,Zone 5,63.1,Zone 5,60.5,Zone 5,65.4,Zone 5
Andhra Pradesh,Alluri Sitharama Raju,Araku Valley,23.0,2026-05-10,23:45:00,90.0,2026-05-10,23:45:00,2026-05-11 00:06:34,24.450000000000045,Zone 3,48.2,Zone 5,24.4,Zone 3,35.2,Zone 4,30.1,Zone 4,46.6,Zone 5,35.7,Zone 4,59.5,Zone 5,48.2,Zone 5,62.2,Zone 5
Andhra Pradesh,Alluri Sitharama Raju,Chintapalli Amfu,21.6,2026-05-10,23:45:00,91.0,2026-05-10,23:45:00,2026-05-11 00:06:34,22.950000000000045,Zone 3,39.7,Zone 5,22.8,Zone 3,32.9,Zone 4,27.9,Zone 4,38.5,Zone 5,33.3,Zone 4,53.7,Zone 5,39.7,Zone 5,60.6,Zone 5
Andhra Pradesh,Anakapalli,Yellamanchilli Vskp,27.2,2026-05-10,23:15:00,,,,2026-05-11 00:06:34,,,,,,,,,,,,,,,,,,,,
Andhra Pradesh,Anantapur,Kh Govtdegcollege Dharmavaram,29.7,2026-05-11,00:00:00,64.0,2026-05-10,00:00:00,2026-05-11 00:06:34,32.85000000000002,Zone 4,60.5,Zone 5,32.4,Zone 4,47.1,Zone 5,38.4,Zone 4,60.1,Zone 5,49.4,Zone 5,63.1,Zone 5,60.5,Zone 5,65.4,Zone 5
Andhra Pradesh,Bapatla,Chirala,28.9,2026-05-11,00:00:00,71.0,2026-05-10,00:00:00,2026-05-11 00:06:34,32.35000000000002,Zone 4,61.6,Zone 5,32.5,Zone 4,52.1,Zone 5,38.9,Zone 4,61.2,Zone 5,54.4,Zone 5,64.0,Zone 5,61.6,Zone 5,66.1,Zone 5
Andhra Pradesh,Eluru,Vijayarai,24.6,2026-05-11,00:00:00,66.0,2026-05-10,00:00:00,2026-05-11 00:06:34,25.25,Zone 3,39.9,Zone 4,25.1,Zone 3,35.0,Zone 4,30.4,Zone 4,39.6,Zone 4,35.3,Zone 4,52.3,Zone 5,39.9,Zone 4,60.3,Zone 5
Andhra Pradesh,Kakinada,Kakinada,26.2,2026-05-10,23:45:00,86.0,2026-05-10,23:45:00,2026-05-11 00:06:34,28.950000000000045,Zone 4,60.3,Zone 5,28.6,Zone 4,45.8,Zone 5,35.2,Zone 4,59.9,Zone 5,48.1,Zone 5,62.9,Zone 5,60.3,Zone 5,65.2,Zone 5
Andhra Pradesh,Kakinada,Peddapuram,25.0,2026-05-10,23:45:00,98.0,2026-05-10,23:45:00,2026-05-11 00:06:34,27.850000000000023,Zone 4,61.1,Zone 5,27.8,Zone 4,49.9,Zone 5,34.9,Zone 4,60.7,Zone 5,52.2,Zone 5,63.6,Zone 5,61.1,Zone 5,65.8,Zone 5
Andhra Pradesh,Konaseema,Ambajipeta Arg,26.8,2026-05-10,23:45:00,100.0,2026-05-10,23:45:00,2026-05-11 00:06:34,32.150000000000034,Zone 4,65.0,Zone 5,32.7,Zone 4,61.3,Zone 5,52.3,Zone 5,64.6,Zone 5,61.8,Zone 5,66.9,Zone 5,65.0,Zone 5,68.7,Zone 5
Andhra Pradesh,Konaseema,Ambajipeta Aws,26.5,2026-05-11,00:00:00,100.0,2026-05-10,00:00:00,2026-05-11 00:06:34,31.350000000000023,Zone 4,64.1,Zone 5,31.3,Zone 4,60.2,Zone 5,47.0,Zone 5,63.7,Zone 5,60.8,Zone 5,66.2,Zone 5,64.1,Zone 5,68.0,Zone 5
Andhra Pradesh,Krishna,Kv Gopalnagar Machilipatnam,23.9,2026-05-11,00:00:00,55.0,2026-05-10,00:00:00,2026-05-11 00:06:34,23.950000000000045,Zone 3,37.8,Zone 4,24.1,Zone 3,33.3,Zone 4,29.0,Zone 4,37.5,Zone 4,33.5,Zone 4,41.7,Zone 5,37.8,Zone 4,55.1,Zone 5
Andhra Pradesh,Nellore,Nellore Kvk,28.1,2026-05-11,00:00:00,85.0,2026-05-10,00:00:00,2026-05-11 00:06:34,32.85000000000002,Zone 4,63.3,Zone 5,32.6,Zone 4,59.3,Zone 5,42.6,Zone 5,62.9,Zone 5,59.9,Zone 5,65.5,Zone 5,63.3,Zone 5,67.5,Zone 5
Andhra Pradesh,Ntr,Mylavaram College Of  Engineer,27.6,2026-05-11,00:00:00,100.0,2026-05-10,00:00:00,2026-05-11 00:06:34,34.450000000000045,Zone 4,65.8,Zone 5,34.1,Zone 4,62.3,Zone 5,57.3,Zone 5,65.4,Zone 5,62.9,Zone 5,67.7,Zone 5,65.8,Zone 5,69.3,Zone 5
Andhra Pradesh,Palnadu,Jangameshwarapuram,28.9,2026-05-10,23:45:00,,,,2026-05-11 00:06:34,,,,,,,,,,,,,,,,,,,,
Andhra Pradesh,Palnadu,Rentachintala,28.6,2026-05-10,23:45:00,68.0,2026-05-10,23:45:00,2026-05-11 00:06:34,31.350000000000023,Zone 4,60.0,Zone 5,31.2,Zone 4,44.7,Zone 5,37.2,Zone 4,59.6,Zone 5,47.0,Zone 5,62.7,Zone 5,60.0,Zone 5,65.0,Zone 5
Andhra Pradesh,Prakasam,Cs Puram,27.6,2026-05-11,00:00:00,84.0,2026-05-10,00:00:00,2026-05-11 00:06:34,31.55000000000001,Zone 4,62.3,Zone 5,31.4,Zone 4,55.5,Zone 5,38.3,Zone 4,61.9,Zone 5,57.7,Zone 5,64.6,Zone 5,62.3,Zone 5,66.7,Zone 5
Andhra Pradesh,Prakasam,Peda Araveedu,28.2,2026-05-11,00:00:00,73.0,2026-05-10,00:00:00,2026-05-11 00:06:34,31.25,Zone 4,60.5,Zone 5,30.9,Zone 4,46.9,Zone 5,37.2,Zone 4,60.1,Zone 5,49.2,Zone 5,63.1,Zone 5,60.5,Zone 5,65.4,Zone 5
Andhra Pradesh,Srikakulam,Nagaralapeta Kalingapatnam,27.3,2026-05-11,00:00:00,100.0,2026-05-10,00:00:00,2026-05-11 00:06:34,33.55000000000001,Zone 4,65.8,Zone 5,34.1,Zone 4,62.3,Zone 5,57.3,Zone 5,65.4,Zone 5,62.9,Zone 5,67.7,Zone 5,65.8,Zone 5,69.3,Zone 5
Andhra Pradesh,Srikakulam,Ragolu,26.6,2026-05-10,23:45:00,89.0,2026-05-10,23:45:00,2026-05-11 00:06:34,30.05000000000001,Zone 4,61.7,Zone 5,29.9,Zone 4,53.0,Zone 5,36.9,Zone 4,61.3,Zone 5,55.3,Zone 5,64.2,Zone 5,61.7,Zone 5,66.3,Zone 5
Andhra Pradesh,Visakhapatnam,Anandapuram Arg,27.3,2026-05-10,23:45:00,82.0,2026-05-10,23:45:00,2026-05-11 00:06:34,30.650000000000034,Zone 4,61.8,Zone 5,31.1,Zone 4,53.3,Zone 5,37.9,Zone 4,61.4,Zone 5,55.6,Zone 5,64.2,Zone 5,61.8,Zone 5,66.3,Zone 5
Andhra Pradesh,Visakhapatnam,Gangavaram Port,29.5,2026-05-11,00:00:00,,,,2026-05-11 00:06:34,,,,,,,,,,,,,,,,,,,,
Andhra Pradesh,Visakhapatnam,Mehadrigadda Dam,43.9,2026-05-11,00:00:00,88.0,2026-05-10,00:00:00,2026-05-11 00:06:34,109.35000000000002,Zone 6,118.2,Zone 6,109.9,Zone 6,114.5,Zone 6,112.7,Zone 6,117.3,Zone 6,115.5,Zone 6,120.0,Zone 6,118.2,Zone 6,122.7,Zone 6
Andhra Pradesh,Vizianagaram,Bobbili,27.7,2026-05-11,00:00:00,80.0,2026-05-10,00:00:00,2026-05-11 00:06:34,31.25,Zone 4,61.4,Zone 5,30.8,Zone 4,51.1,Zone 5,37.5,Zone 4,61.0,Zone 5,53.4,Zone 5,63.8,Zone 5,61.4,Zone 5,66.0,Zone 5
Andhra Pradesh,Vizianagaram,Vizianagaram,29.2,2026-05-10,23:45:00,84.0,2026-05-10,23:45:00,2026-05-11 00:06:34,35.55000000000001,Zone 4,64.7,Zone 5,35.0,Zone 4,61.0,Zone 5,51.1,Zone 5,64.4,Zone 5,61.6,Zone 5,66.7,Zone 5,64.7,Zone 5,68.5,Zone 5
Andhra Pradesh,West Godavari,Kv Gopannapalem Eluru,25.2,2026-05-11,00:00:00,57.0,2026-05-10,00:00:00,2026-05-11 00:06:34,25.55000000000001,Zone 4,39.4,Zone 4,25.3,Zone 3,34.7,Zone 4,30.3,Zone 4,39.1,Zone 4,35.0,Zone 4,47.8,Zone 5,39.4,Zone 4,59.3,Zone 5
Andhra Pradesh,West Godavari,Maruteru,27.2,2026-05-10,23:45:00,99.0,2026-05-10,23:45:00,2026-05-11 00:06:34,33.05000000000001,Zone 4,64.7,Zone 5,32.5,Zone 4,61.0,Zone 5,51.0,Zone 5,64.3,Zone 5,61.6,Zone 5,66.7,Zone 5,64.7,Zone 5,68.5,Zone 5
Andhra Pradesh,West Godavari,Narsapur,28.5,2026-05-11,00:00:00,84.0,2026-05-10,00:00:00,2026-05-11 00:06:34,33.650000000000034,Zone 4,63.9,Zone 5,33.7,Zone 4,60.0,Zone 5,46.1,Zone 5,63.5,Zone 5,60.6,Zone 5,66.0,Zone 5,63.9,Zone 5,67.9,Zone 5
Andhra Pradesh,Ysr Kadapa,Agricultural College  Badvel,28.3,2026-05-11,00:00:00,76.0,2026-05-10,00:00:00,2026-05-11 00:06:34,31.850000000000023,Zone 4,62.0,Zone 5,32.3,Zone 4,54.3,Zone 5,38.9,Zone 4,61.6,Zone 5,56.5,Zone 5,64.4,Zone 5,62.0,Zone 5,66.5,Zone 5
Andhra Pradesh,Ysr Kadapa,Kadapa Airport,24.0,2026-05-10,23:45:00,69.0,2026-05-10,23:45:00,2026-05-11 00:06:34,24.650000000000034,Zone 3,39.6,Zone 4,24.7,Zone 3,34.6,Zone 4,30.0,Zone 4,39.2,Zone 4,34.9,Zone 4,52.0,Zone 5,39.6,Zone 4,60.2,Zone 5
Andhra Pradesh,Ysr Kadapa,Utkuru Kvk,28.9,2026-05-11,00:00:00,65.0,2026-05-10,00:00:00,2026-05-11 00:06:34,31.450000000000045,Zone 4,60.0,Zone 5,31.7,Zone 4,44.7,Zone 5,37.6,Zone 4,59.6,Zone 5,46.9,Zone 5,62.7,Zone 5,60.0,Zone 5,65.0,Zone 5
Arunachal Pradesh,Anjaw,Hayuliang Circle,19.8,2026-05-11,00:00:00,89.0,2026-05-10,00:00:00,2026-05-11 00:06:34,20.75,Zone 3,35.6,Zone 4,21.0,Zone 3,30.6,Zone 4,25.9,Zone 4,35.4,Zone 4,30.9,Zone 4,44.4,Zone 5,35.6,Zone 4,57.5,Zone 5
Arunachal Pradesh,Anjaw,Kibitoo Circle,18.0,2026-05-10,23:30:00,,,,2026-05-11 00:06:34,,,,,,,,,,,,,,,,,,,,
Arunachal Pradesh,Changlang,Miao,23.2,2026-05-11,00:00:00,89.0,2026-05-10,00:00:00,2026-05-11 00:06:34,24.55000000000001,Zone 3,47.4,Zone 5,24.4,Zone 3,35.1,Zone 4,30.0,Zone 4,45.9,Zone 5,35.6,Zone 4,59.3,Zone 5,47.4,Zone 5,62.1,Zone 5
Arunachal Pradesh,Dibang Valley,Anini,14.9,2026-05-10,23:45:00,86.0,2026-05-10,23:45:00,2026-05-11 00:06:34,14.550000000000011,Zone 3,29.2,Zone 4,14.6,Zone 3,25.1,Zone 3,21.6,Zone 3,29.2,Zone 4,25.1,Zone 3,33.1,Zone 4,29.2,Zone 4,37.0,Zone 4
Arunachal Pradesh,East Kameng,Seppa Pampoli,22.6,2026-05-11,00:00:00,92.0,2026-05-10,00:00:00,2026-05-11 00:06:34,24.05000000000001,Zone 3,46.4,Zone 5,24.0,Zone 3,34.6,Zone 4,29.5,Zone 4,44.9,Zone 5,35.0,Zone 4,59.1,Zone 5,46.4,Zone 5,61.9,Zone 5
Arunachal Pradesh,East Siang,Pashighat,25.3,2026-05-10,23:30:00,84.0,2026-05-10,23:30:00,2026-05-11 00:06:34,27.25,Zone 4,59.0,Zone 5,27.6,Zone 4,40.2,Zone 5,33.9,Zone 4,57.7,Zone 5,42.3,Zone 5,61.9,Zone 5,59.0,Zone 5,64.3,Zone 5
Arunachal Pradesh,Kamle,Raga,18.0,2026-05-11,00:00:00,83.0,2026-05-10,00:00:00,2026-05-11 00:06:34,18.25,Zone 3,32.5,Zone 4,18.3,Zone 3,27.9,Zone 4,24.0,Zone 3,32.3,Zone 4,28.1,Zone 4,36.5,Zone 4,32.5,Zone 4,45.6,Zone 5
Arunachal Pradesh,Kurung Kumey,Koloraing,17.3,2026-05-10,23:45:00,100.0,2026-05-10,23:45:00,2026-05-11 00:06:34,18.150000000000034,Zone 3,32.9,Zone 4,18.4,Zone 3,28.0,Zone 4,24.0,Zone 3,32.7,Zone 4,28.2,Zone 4,37.9,Zone 5,32.9,Zone 4,51.3,Zone 5
Arunachal Pradesh,Kurung Kumey,Nyapin,16.6,2026-05-11,00:00:00,100.0,2026-05-10,00:00:00,2026-05-11 00:06:34,17.350000000000023,Zone 3,31.6,Zone 4,17.2,Zone 3,26.9,Zone 4,23.2,Zone 3,31.4,Zone 4,27.0,Zone 4,35.7,Zone 4,31.6,Zone 4,46.6,Zone 5
Arunachal Pradesh,Leparada,Basar,20.2,2026-05-10,23:45:00,99.0,2026-05-10,23:45:00,2026-05-11 00:06:34,21.650000000000034,Zone 3,36.6,Zone 4,21.4,Zone 3,31.2,Zone 4,26.3,Zone 4,36.2,Zone 4,31.6,Zone 4,50.3,Zone 5,36.6,Zone 4,59.8,Zone 5
Arunachal Pradesh,Longding,Longding,22.0,2026-05-10,23:45:00,,,,2026-05-11 00:06:34,,,,,,,,,,,,,,,,,,,,
Arunachal Pradesh,Longding,Longding New,19.6,2026-05-11,00:00:00,100.0,2026-05-10,00:00:00,2026-05-11 00:06:34,21.05000000000001,Zone 3,35.9,Zone 4,20.9,Zone 3,30.6,Zone 4,25.7,Zone 4,35.5,Zone 4,30.9,Zone 4,48.0,Zone 5,35.9,Zone 4,59.4,Zone 5
Arunachal Pradesh,Lower Subansiri,Deed,16.7,2026-05-10,23:45:00,78.0,2026-05-10,23:45:00,2026-05-11 00:06:34,16.450000000000045,Zone 3,30.5,Zone 4,16.1,Zone 3,26.3,Zone 4,22.7,Zone 3,30.4,Zone 4,26.3,Zone 4,34.4,Zone 4,30.5,Zone 4,38.2,Zone 4
Arunachal Pradesh,Lower Subansiri,Ziro Manipolyang,13.7,2026-05-10,23:45:00,99.0,2026-05-10,23:45:00,2026-05-11 00:06:34,13.650000000000034,Zone 2,28.1,Zone 4,13.5,Zone 2,24.4,Zone 3,20.7,Zone 3,28.0,Zone 4,24.4,Zone 3,32.1,Zone 4,28.1,Zone 4,36.0,Zone 4
Arunachal Pradesh,Namsai,Lekang,20.4,2026-05-10,23:15:00,,,,2026-05-11 00:06:34,,,,,,,,,,,,,,,,,,,,
Arunachal Pradesh,Namsai,Namsai Kvk,21.9,2026-05-11,00:00:00,100.0,2026-05-10,00:00:00,2026-05-11 00:06:34,23.650000000000034,Zone 3,49.1,Zone 5,23.7,Zone 3,34.5,Zone 4,29.3,Zone 4,47.5,Zone 5,35.0,Zone 4,59.7,Zone 5,49.1,Zone 5,62.4,Zone 5
Arunachal Pradesh,Papumpare,Itanagar,23.7,2026-05-11,00:00:00,100.0,2026-05-10,00:00:00,2026-05-11 00:06:34,25.650000000000034,Zone 4,58.9,Zone 5,25.3,Zone 3,39.9,Zone 5,31.9,Zone 4,57.4,Zone 5,42.0,Zone 5,61.8,Zone 5,58.9,Zone 5,64.2,Zone 5
Arunachal Pradesh,Shiyomi,Lamang 2,,,,98.0,2026-05-10,23:30:00,2026-05-11 00:06:34,,,,,,,,,,,,,,,,,,,,
Arunachal Pradesh,Tawang,Domane,,,,97.0,2026-05-10,23:30:00,2026-05-11 00:06:34,,,,,,,,,,,,,,,,,,,,
Arunachal Pradesh,Tirap,Deomali,22.0,2026-05-10,23:45:00,100.0,2026-05-10,23:45:00,2026-05-11 00:06:34,23.75,Zone 3,49.1,Zone 5,23.7,Zone 3,34.5,Zone 4,29.3,Zone 4,47.5,Zone 5,35.0,Zone 4,59.7,Zone 5,49.1,Zone 5,62.4,Zone 5
Arunachal Pradesh,Tirap,Longding,19.3,2026-05-11,00:00:00,,,,2026-05-11 00:06:34,,,,,,,,,,,,,,,,,,,,
Arunachal Pradesh,Upper Siang,Tenali,9.8,2026-05-10,23:30:00,93.0,2026-05-10,23:30:00,2026-05-11 00:06:34,9.550000000000011,Zone 2,25.0,Zone 3,9.8,Zone 2,22.2,Zone 3,17.4,Zone 3,25.0,Zone 3,22.2,Zone 3,28.5,Zone 4,25.0,Zone 3,32.1,Zone 4
Arunachal Pradesh,Upper Siang,Yingkiong,22.8,2026-05-10,23:45:00,,,,2026-05-11 00:06:34,,,,,,,,,,,,,,,,,,,,
Arunachal Pradesh,Upper Subhanseri,Daporijo,23.9,2026-05-11,00:00:00,74.0,2026-05-10,00:00:00,2026-05-11 00:06:34,24.75,Zone 3,41.7,Zone 5,24.9,Zone 3,35.1,Zone 4,30.3,Zone 4,40.4,Zone 5,35.5,Zone 4,55.6,Zone 5,41.7,Zone 5,61.0,Zone 5
Arunachal Pradesh,West Kameng,Bomdila,13.4,2026-05-10,23:45:00,,,,2026-05-11 00:06:34,,,,,,,,,,,,,,,,,,,,
Arunachal Pradesh,West Kameng,Dirang,19.4,2026-05-10,23:45:00,100.0,2026-05-10,00:00:00,2026-05-11 00:06:34,20.75,Zone 3,35.9,Zone 4,20.9,Zone 3,30.6,Zone 4,25.7,Zone 4,35.5,Zone 4,30.9,Zone 4,48.0,Zone 5,35.9,Zone 4,59.4,Zone 5
Arunachal Pradesh,West Kameng,Dirang,14.7,2026-05-11,00:00:00,100.0,2026-05-10,00:00:00,2026-05-11 00:06:34,14.850000000000023,Zone 3,29.2,Zone 4,14.6,Zone 3,25.0,Zone 3,21.5,Zone 3,29.1,Zone 4,25.1,Zone 3,33.2,Zone 4,29.2,Zone 4,38.1,Zone 5
Arunachal Pradesh,West Kameng,Kalaktang,17.5,2026-05-10,23:45:00,100.0,2026-05-10,23:45:00,2026-05-11 00:06:34,18.450000000000045,Zone 3,32.9,Zone 4,18.4,Zone 3,28.0,Zone 4,24.0,Zone 3,32.7,Zone 4,28.2,Zone 4,37.9,Zone 5,32.9,Zone 4,51.3,Zone 5
Arunachal Pradesh,West Siang,Yomcha,19.6,2026-05-11,00:00:00,99.0,2026-05-10,00:00:00,2026-05-11 00:06:34,20.950000000000045,Zone 3,35.8,Zone 4,20.8,Zone 3,30.5,Zone 4,25.6,Zone 4,35.5,Zone 4,30.8,Zone 4,47.5,Zone 5,35.8,Zone 4,59.2,Zone 5
Assam,Barpeta,Bajali University,24.2,2026-05-10,23:15:00,,,,2026-05-11 00:06:34,,,,,,,,,,,,,,,,,,,,
Assam,Barpeta,Barpeta Kvk,23.9,2026-05-11,00:00:00,100.0,2026-05-10,00:00:00,2026-05-11 00:06:34,25.950000000000045,Zone 4,59.8,Zone 5,26.1,Zone 4,43.6,Zone 5,32.9,Zone 4,59.4,Zone 5,45.9,Zone 5,62.5,Zone 5,59.8,Zone 5,64.8,Zone 5
Assam,Bongaigaon,Manikpur,23.5,2026-05-10,23:45:00,100.0,2026-05-10,23:45:00,2026-05-11 00:06:34,25.25,Zone 3,58.9,Zone 5,25.3,Zone 3,39.9,Zone 5,31.9,Zone 4,57.4,Zone 5,42.0,Zone 5,61.8,Zone 5,58.9,Zone 5,64.2,Zone 5
Assam,Charaideo,Sonari Aegcl,,,,100.0,2026-05-10,00:00:00,2026-05-11 00:06:34,,,,,,,,,,,,,,,,,,,,
Assam,Darrang,Dalgaon,23.7,2026-05-10,23:45:00,80.0,2026-05-10,23:45:00,2026-05-11 00:06:34,24.75,Zone 3,43.4,Zone 5,24.6,Zone 3,34.9,Zone 4,30.1,Zone 4,42.1,Zone 5,35.4,Zone 4,57.1,Zone 5,43.4,Zone 5,61.3,Zone 5
Assam,Darrang,Garukhuti,22.7,2026-05-11,00:00:00,99.0,2026-05-10,00:00:00,2026-05-11 00:06:34,24.450000000000045,Zone 3,51.8,Zone 5,24.2,Zone 3,35.3,Zone 4,30.0,Zone 4,50.2,Zone 5,35.9,Zone 4,60.2,Zone 5,51.8,Zone 5,62.9,Zone 5
Assam,Darrang,Mangaldai,21.7,2026-05-10,23:45:00,81.0,2026-05-10,23:45:00,2026-05-11 00:06:34,22.650000000000034,Zone 3,37.1,Zone 4,22.4,Zone 3,32.1,Zone 4,27.4,Zone 4,36.8,Zone 4,32.4,Zone 4,47.4,Zone 5,37.1,Zone 4,59.2,Zone 5
Assam,Dhemaji,Silapathar Science College,22.4,2026-05-11,00:00:00,100.0,2026-05-10,00:00:00,2026-05-11 00:06:34,24.150000000000034,Zone 3,52.5,Zone 5,24.3,Zone 3,35.4,Zone 4,30.1,Zone 4,50.9,Zone 5,36.0,Zone 4,60.4,Zone 5,52.5,Zone 5,63.0,Zone 5
Assam,Dhubri,Gauripur Aegcl,24.0,2026-05-11,00:00:00,100.0,2026-05-10,00:00:00,2026-05-11 00:06:34,26.150000000000034,Zone 4,59.8,Zone 5,26.1,Zone 4,43.6,Zone 5,32.9,Zone 4,59.4,Zone 5,45.9,Zone 5,62.5,Zone 5,59.8,Zone 5,64.8,Zone 5
Assam,Dibrugarh,Bcpl Dibrugarh,,,,98.0,2026-05-10,23:45:00,2026-05-11 00:06:34,,,,,,,,,,,,,,,,,,,,
Assam,Dibrugarh,Dc Ofc Dibrugarh,23.4,2026-05-10,23:45:00,91.0,2026-05-10,23:45:00,2026-05-11 00:06:34,24.850000000000023,Zone 3,52.3,Zone 5,25.0,Zone 3,36.2,Zone 4,31.0,Zone 4,50.7,Zone 5,36.8,Zone 4,60.3,Zone 5,52.3,Zone 5,62.9,Zone 5
Assam,Dibrugarh,Lahowal,,,,11.0,2026-05-10,00:00:00,2026-05-11 00:06:34,,,,,,,,,,,,,,,,,,,,
Assam,Dima Hasao,Haflong,21.2,2026-05-10,23:45:00,82.0,2026-05-10,23:45:00,2026-05-11 00:06:34,22.05000000000001,Zone 3,36.5,Zone 4,21.9,Zone 3,31.5,Zone 4,26.8,Zone 4,36.2,Zone 4,31.8,Zone 4,45.4,Zone 5,36.5,Zone 4,58.2,Zone 5
Assam,Dima Hasao,Lkhep,23.2,2026-05-10,23:45:00,81.0,2026-05-10,23:45:00,2026-05-11 00:06:34,24.25,Zone 3,41.3,Zone 5,24.1,Zone 3,34.3,Zone 4,29.4,Zone 4,40.0,Zone 5,34.7,Zone 4,55.3,Zone 5,41.3,Zone 5,60.9,Zone 5
Assam,Goalpara,Agia Aegcl,24.2,2026-05-11,00:00:00,100.0,2026-05-10,00:00:00,2026-05-11 00:06:34,26.450000000000045,Zone 4,59.8,Zone 5,26.1,Zone 4,43.6,Zone 5,32.9,Zone 4,59.4,Zone 5,45.9,Zone 5,62.5,Zone 5,59.8,Zone 5,64.8,Zone 5
Assam,Golaghat,Cnb Collage Bokakhat,25.4,2026-05-11,00:00:00,83.0,2026-05-10,00:00:00,2026-05-11 00:06:34,27.350000000000023,Zone 4,58.4,Zone 5,27.5,Zone 4,39.4,Zone 5,33.8,Zone 4,56.9,Zone 5,41.3,Zone 5,61.7,Zone 5,58.4,Zone 5,64.1,Zone 5
Assam,Hailakandi,Panchgram Aegcl,23.0,2026-05-11,00:00:00,99.0,2026-05-10,00:00:00,2026-05-11 00:06:34,24.75,Zone 3,55.1,Zone 5,24.7,Zone 3,36.3,Zone 4,30.9,Zone 4,53.5,Zone 5,37.7,Zone 5,60.9,Zone 5,55.1,Zone 5,63.5,Zone 5
Assam,Hajoi,Lumding,24.2,2026-05-10,23:45:00,78.0,2026-05-10,23:45:00,2026-05-11 00:06:34,25.25,Zone 3,44.9,Zone 5,25.0,Zone 3,35.5,Zone 4,30.7,Zone 4,43.4,Zone 5,36.0,Zone 4,58.2,Zone 5,44.9,Zone 5,61.6,Zone 5
Assam,Kamrup,Amingaon,,,,70.0,2026-05-10,00:00:00,2026-05-11 00:06:34,,,,,,,,,,,,,,,,,,,,
Assam,Kamrup,Boko Aegcl,23.3,2026-05-11,00:00:00,100.0,2026-05-10,00:00:00,2026-05-11 00:06:34,25.05000000000001,Zone 3,58.9,Zone 5,25.3,Zone 3,39.9,Zone 5,31.9,Zone 4,57.4,Zone 5,42.0,Zone 5,61.8,Zone 5,58.9,Zone 5,64.2,Zone 5
Assam,Kamrup,Chandubi,23.6,2026-05-11,00:00:00,,,,2026-05-11 00:06:34,,,,,,,,,,,,,,,,,,,,
Assam,Kamrup Metropolitan,Aau Hrs,22.3,2026-05-10,23:45:00,97.0,2026-05-10,23:45:00,2026-05-11 00:06:34,23.950000000000045,Zone 3,50.2,Zone 5,24.1,Zone 3,35.1,Zone 4,29.9,Zone 4,48.7,Zone 5,35.6,Zone 4,59.9,Zone 5,50.2,Zone 5,62.6,Zone 5
Assam,Kamrup Metropolitan,Down Town University,22.0,2026-05-10,23:45:00,97.0,2026-05-10,23:45:00,2026-05-11 00:06:34,23.650000000000034,Zone 3,46.9,Zone 5,23.6,Zone 3,34.2,Zone 4,29.1,Zone 4,45.4,Zone 5,34.7,Zone 4,59.2,Zone 5,46.9,Zone 5,62.0,Zone 5
Assam,Kamrup Metropolitan,Gauhati University,21.9,2026-05-10,23:45:00,,,,2026-05-11 00:06:34,,,,,,,,,,,,,,,,,,,,
Assam,Kamrup Metropolitan,Guwahati,22.3,2026-05-10,23:45:00,86.0,2026-05-10,23:45:00,2026-05-11 00:06:34,23.55000000000001,Zone 3,42.0,Zone 5,23.7,Zone 3,34.0,Zone 4,29.1,Zone 4,40.7,Zone 5,34.4,Zone 4,55.9,Zone 5,42.0,Zone 5,61.1,Zone 5
Assam,Kamrup Metropolitan,Guwahati City,22.5,2026-05-10,23:45:00,100.0,2026-05-10,23:45:00,2026-05-11 00:06:34,24.25,Zone 3,52.5,Zone 5,24.3,Zone 3,35.4,Zone 4,30.1,Zone 4,50.9,Zone 5,36.0,Zone 4,60.4,Zone 5,52.5,Zone 5,63.0,Zone 5
Assam,Kamrup Metropolitan,Kalakshetra,23.5,2026-05-10,23:45:00,,,,2026-05-11 00:06:34,,,,,,,,,,,,,,,,,,,,
Assam,Kamrup Metropolitan,Kamakhya,23.1,2026-05-11,00:00:00,93.0,2026-05-10,00:00:00,2026-05-11 00:06:34,24.650000000000034,Zone 3,50.5,Zone 5,24.5,Zone 3,35.6,Zone 4,30.4,Zone 4,48.9,Zone 5,36.1,Zone 4,60.0,Zone 5,50.5,Zone 5,62.6,Zone 5
Assam,Kamrup Metropolitan,Vcbc Rani,18.5,2026-05-10,23:45:00,100.0,2026-05-10,23:45:00,2026-05-11 00:06:34,19.650000000000034,Zone 3,34.3,Zone 4,19.7,Zone 3,29.2,Zone 4,24.8,Zone 3,34.0,Zone 4,29.5,Zone 4,42.6,Zone 5,34.3,Zone 4,56.0,Zone 5
Assam,Karbi Anglong(East),Bakulia,24.2,2026-05-10,23:45:00,77.0,2026-05-10,23:45:00,2026-05-11 00:06:34,25.25,Zone 3,44.0,Zone 5,25.0,Zone 3,35.4,Zone 4,30.6,Zone 4,42.6,Zone 5,35.8,Zone 4,57.6,Zone 5,44.0,Zone 5,61.5,Zone 5
Assam,Karbi Anglong(East),Diphu,23.7,2026-05-10,23:45:00,91.0,2026-05-10,23:45:00,2026-05-11 00:06:34,25.150000000000034,Zone 3,52.3,Zone 5,25.0,Zone 3,36.2,Zone 4,31.0,Zone 4,50.7,Zone 5,36.8,Zone 4,60.3,Zone 5,52.3,Zone 5,62.9,Zone 5
Assam,Karbi Anglong(West),Kheronighat,23.8,2026-05-10,23:45:00,76.0,2026-05-10,23:45:00,2026-05-11 00:06:34,24.75,Zone 3,43.2,Zone 5,25.0,Zone 3,35.3,Zone 4,30.5,Zone 4,41.9,Zone 5,35.7,Zone 4,56.9,Zone 5,43.2,Zone 5,61.3,Zone 5
Assam,Karimganj,Harinagar,,,,10.0,2026-05-10,23:45:00,2026-05-11 00:06:34,,,,,,,,,,,,,,,,,,,,
Assam,Karimganj,Karimganj Amfu,24.0,2026-05-10,23:45:00,100.0,2026-05-10,23:45:00,2026-05-11 00:06:34,26.150000000000034,Zone 4,59.8,Zone 5,26.1,Zone 4,43.6,Zone 5,32.9,Zone 4,59.4,Zone 5,45.9,Zone 5,62.5,Zone 5,59.8,Zone 5,64.8,Zone 5
Assam,Kokrajhar,Salakati Aegcl,23.5,2026-05-11,00:00:00,100.0,2026-05-10,00:00:00,2026-05-11 00:06:34,25.25,Zone 3,58.9,Zone 5,25.3,Zone 3,39.9,Zone 5,31.9,Zone 4,57.4,Zone 5,42.0,Zone 5,61.8,Zone 5,58.9,Zone 5,64.2,Zone 5
Assam,Lakhimpur,Lakhimpur,25.5,2026-05-11,00:00:00,100.0,2026-05-10,00:00:00,2026-05-11 00:06:34,29.05000000000001,Zone 4,62.4,Zone 5,29.0,Zone 4,55.9,Zone 5,37.6,Zone 5,62.0,Zone 5,58.0,Zone 5,64.7,Zone 5,62.4,Zone 5,66.7,Zone 5
Assam,Marigaon,Dharamtul,23.8,2026-05-10,23:45:00,90.0,2026-05-10,23:45:00,2026-05-11 00:06:34,25.25,Zone 3,54.7,Zone 5,25.6,Zone 4,37.1,Zone 4,31.8,Zone 4,53.2,Zone 5,37.6,Zone 4,60.8,Zone 5,54.7,Zone 5,63.4,Zone 5
Assam,Marigaon,Laharighat,24.0,2026-05-10,23:45:00,77.0,2026-05-10,23:45:00,2026-05-11 00:06:34,24.950000000000045,Zone 3,44.0,Zone 5,25.0,Zone 3,35.4,Zone 4,30.6,Zone 4,42.6,Zone 5,35.8,Zone 4,57.6,Zone 5,44.0,Zone 5,61.5,Zone 5
Assam,Marigaon,Marigaon,23.4,2026-05-10,23:45:00,100.0,2026-05-10,23:45:00,2026-05-11 00:06:34,25.150000000000034,Zone 3,58.9,Zone 5,25.3,Zone 3,39.9,Zone 5,31.9,Zone 4,57.4,Zone 5,42.0,Zone 5,61.8,Zone 5,58.9,Zone 5,64.2,Zone 5
Assam,Nagaon,Kampur,21.9,2026-05-10,23:45:00,,,,2026-05-11 00:06:34,,,,,,,,,,,,,,,,,,,,
Assam,Nagaon,Samaguri Aegcl,23.4,2026-05-11,00:00:00,100.0,2026-05-10,00:00:00,2026-05-11 00:06:34,25.150000000000034,Zone 3,58.9,Zone 5,25.3,Zone 3,39.9,Zone 5,31.9,Zone 4,57.4,Zone 5,42.0,Zone 5,61.8,Zone 5,58.9,Zone 5,64.2,Zone 5
Assam,Nalbari,Chamata,34.3,2026-05-10,23:45:00,,,,2026-05-11 00:06:34,,,,,,,,,,,,,,,,,,,,
Assam,Nalbari,Nalbari,29.6,2026-05-10,23:45:00,95.0,2026-05-10,23:45:00,2026-05-11 00:06:34,49.25,Zone 5,68.2,Zone 5,47.9,Zone 5,65.2,Zone 5,62.1,Zone 5,67.8,Zone 5,65.7,Zone 5,69.7,Zone 5,68.2,Zone 5,71.1,Zone 5
Assam,Nalbari,Nalbari Kvk,23.0,2026-05-11,00:00:00,,,,2026-05-11 00:06:34,,,,,,,,,,,,,,,,,,,,
Assam,Nalbari,Tihu,24.9,2026-05-10,23:45:00,81.0,2026-05-10,23:45:00,2026-05-11 00:06:34,26.450000000000045,Zone 4,53.7,Zone 5,26.6,Zone 4,37.7,Zone 4,32.6,Zone 4,52.2,Zone 5,38.2,Zone 4,60.6,Zone 5,53.7,Zone 5,63.2,Zone 5
Assam,Sivasagar,Sivsagar Aegcl,23.8,2026-05-10,23:45:00,97.0,2026-05-10,23:45:00,2026-05-11 00:06:34,25.650000000000034,Zone 4,59.2,Zone 5,26.0,Zone 4,41.0,Zone 5,32.6,Zone 4,58.4,Zone 5,43.2,Zone 5,62.0,Zone 5,59.2,Zone 5,64.4,Zone 5
Assam,Sonitpur,Dhekiajuli Aegcl,24.5,2026-05-10,23:15:00,,,,2026-05-11 00:06:34,,,,,,,,,,,,,,,,,,,,
Assam,Sonitpur,Ghoramara Aegcl,24.3,2026-05-11,00:00:00,70.0,2026-05-10,00:00:00,2026-05-11 00:06:34,25.05000000000001,Zone 3,41.3,Zone 5,25.3,Zone 3,35.4,Zone 4,30.7,Zone 4,40.2,Zone 4,35.8,Zone 4,55.3,Zone 5,41.3,Zone 5,60.9,Zone 5
Assam,Sonitpur,Neriwalam,24.5,2026-05-11,00:00:00,100.0,2026-05-10,00:00:00,2026-05-11 00:06:34,27.05000000000001,Zone 4,60.7,Zone 5,27.0,Zone 4,47.6,Zone 5,34.0,Zone 4,60.2,Zone 5,50.0,Zone 5,63.2,Zone 5,60.7,Zone 5,65.5,Zone 5
Assam,Tinsukia,Margherita,21.6,2026-05-11,00:00:00,100.0,2026-05-10,00:00:00,2026-05-11 00:06:34,23.25,Zone 3,45.7,Zone 5,23.2,Zone 3,33.6,Zone 4,28.5,Zone 4,44.3,Zone 5,34.1,Zone 4,58.9,Zone 5,45.7,Zone 5,61.8,Zone 5
Assam,Tinsukia,Rupai Aegcl,21.8,2026-05-11,00:00:00,100.0,2026-05-10,00:00:00,2026-05-11 00:06:34,23.55000000000001,Zone 3,49.1,Zone 5,23.7,Zone 3,34.5,Zone 4,29.3,Zone 4,47.5,Zone 5,35.0,Zone 4,59.7,Zone 5,49.1,Zone 5,62.4,Zone 5
Assam,Tinsukia,Tinsukia,22.1,2026-05-10,23:45:00,91.0,2026-05-10,23:45:00,2026-05-11 00:06:34,23.450000000000045,Zone 3,42.6,Zone 5,23.4,Zone 3,33.6,Zone 4,28.7,Zone 4,41.2,Zone 5,34.1,Zone 4,56.3,Zone 5,42.6,Zone 5,61.2,Zone 5
Assam,Udalguri,Rowta Aegcl,24.2,2026-05-11,00:00:00,99.0,2026-05-10,00:00:00,2026-05-11 00:06:34,26.450000000000045,Zone 4,59.6,Zone 5,26.1,Zone 4,42.7,Zone 5,32.8,Zone 4,59.2,Zone 5,45.0,Zone 5,62.3,Zone 5,59.6,Zone 5,64.7,Zone 5
Assam,Udalguri,Udalguri,21.3,2026-05-10,23:45:00,80.0,2026-05-10,23:45:00,2026-05-11 00:06:34,22.150000000000034,Zone 3,37.0,Zone 4,22.3,Zone 3,32.0,Zone 4,27.4,Zone 4,36.7,Zone 4,32.3,Zone 4,46.7,Zone 5,37.0,Zone 4,59.1,Zone 5
Assam,Udalguri,Udi Kvk,23.7,2026-05-11,00:00:00,,,,2026-05-11 00:06:34,,,,,,,,,,,,,,,,,,,,
Bihar,Arwal,Arwal Aws400,25.9,2026-05-11,00:00:00,54.0,2026-05-10,00:00:00,2026-05-11 00:06:34,26.25,Zone 4,40.4,Zone 4,26.3,Zone 4,35.7,Zone 4,31.4,Zone 4,40.1,Zone 4,36.0,Zone 4,50.1,Zone 5,40.4,Zone 4,59.8,Zone 5
Bihar,Bhojpur,Bhojpur Amfu,,,,72.0,2026-05-10,23:45:00,2026-05-11 00:06:34,,,,,,,,,,,,,,,,,,,,
Bihar,Buxar,Buxar,26.3,2026-05-10,23:45:00,75.0,2026-05-10,23:45:00,2026-05-11 00:06:34,28.150000000000034,Zone 4,57.7,Zone 5,28.5,Zone 4,39.6,Zone 4,34.5,Zone 4,56.2,Zone 5,40.5,Zone 5,61.5,Zone 5,57.7,Zone 5,64.0,Zone 5
Bihar,Buxar,Dumaraon,24.8,2026-05-10,23:45:00,67.0,2026-05-10,23:45:00,2026-05-11 00:06:34,25.55000000000001,Zone 4,41.6,Zone 5,25.8,Zone 4,35.8,Zone 4,31.2,Zone 4,40.6,Zone 4,36.2,Zone 4,55.5,Zone 5,41.6,Zone 5,61.0,Zone 5
Bihar,Darbhanga,Darbhanga Aws400,24.2,2026-05-11,00:00:00,,,,2026-05-11 00:06:34,,,,,,,,,,,,,,,,,,,,
Bihar,East Champaran,East Champaran Kvk,,,,7.0,2026-05-10,00:00:00,2026-05-11 00:06:34,,,,,,,,,,,,,,,,,,,,
Bihar,Gaya,Bodhgaya,24.9,2026-05-11,00:00:00,,,,2026-05-11 00:06:34,,,,,,,,,,,,,,,,,,,,
Bihar,Jehanabad,Jehanabad,26.8,2026-05-10,23:45:00,61.0,2026-05-10,23:45:00,2026-05-11 00:06:34,27.850000000000023,Zone 4,47.5,Zone 5,28.1,Zone 4,38.1,Zone 4,33.5,Zone 4,46.0,Zone 5,38.5,Zone 4,59.3,Zone 5,47.5,Zone 5,62.1,Zone 5
Bihar,Kaimur,Bhabua,28.9,2026-05-10,23:45:00,65.0,2026-05-10,23:45:00,2026-05-11 00:06:34,31.450000000000045,Zone 4,60.0,Zone 5,31.7,Zone 4,44.7,Zone 5,37.6,Zone 4,59.6,Zone 5,46.9,Zone 5,62.7,Zone 5,60.0,Zone 5,65.0,Zone 5
Bihar,Madhepura,Madhepura,23.8,2026-05-11,00:00:00,100.0,2026-05-10,00:00:00,2026-05-11 00:06:34,25.75,Zone 4,59.8,Zone 5,26.1,Zone 4,43.6,Zone 5,32.9,Zone 4,59.4,Zone 5,45.9,Zone 5,62.5,Zone 5,59.8,Zone 5,64.8,Zone 5
Bihar,Madhubani,Chanpur Basaitha,25.1,2026-05-10,23:45:00,88.0,2026-05-10,23:45:00,2026-05-11 00:06:34,27.25,Zone 4,59.1,Zone 5,27.0,Zone 4,40.4,Zone 5,33.5,Zone 4,57.8,Zone 5,42.4,Zone 5,61.9,Zone 5,59.1,Zone 5,64.3,Zone 5
Bihar,Madhubani,Sukhet,24.5,2026-05-11,00:00:00,64.0,2026-05-10,00:00:00,2026-05-11 00:06:34,25.05000000000001,Zone 3,39.6,Zone 4,25.0,Zone 3,34.7,Zone 4,30.2,Zone 4,39.3,Zone 4,35.1,Zone 4,50.8,Zone 5,39.6,Zone 4,59.9,Zone 5
Bihar,Munger,Kvk Munger,24.8,2026-05-11,00:00:00,92.0,2026-05-10,00:00:00,2026-05-11 00:06:34,26.950000000000045,Zone 4,59.9,Zone 5,27.3,Zone 4,44.0,Zone 5,34.0,Zone 4,59.5,Zone 5,46.3,Zone 5,62.6,Zone 5,59.9,Zone 5,64.9,Zone 5
Bihar,Muzaffarpur,Saraiya Kvk,25.0,2026-05-10,23:45:00,67.0,2026-05-10,23:45:00,2026-05-11 00:06:34,25.75,Zone 4,41.6,Zone 5,25.8,Zone 4,35.8,Zone 4,31.2,Zone 4,40.6,Zone 4,36.2,Zone 4,55.5,Zone 5,41.6,Zone 5,61.0,Zone 5
Bihar,Nalanda,Harnaut,26.3,2026-05-10,23:45:00,66.0,2026-05-10,23:45:00,2026-05-11 00:06:34,27.450000000000045,Zone 4,49.4,Zone 5,27.8,Zone 4,38.1,Zone 4,33.3,Zone 4,47.9,Zone 5,38.5,Zone 4,59.7,Zone 5,49.4,Zone 5,62.4,Zone 5
Bihar,Nalanda,Rajgir,27.1,2026-05-11,00:00:00,52.0,2026-05-10,00:00:00,2026-05-11 00:06:34,27.55000000000001,Zone 4,41.6,Zone 4,27.5,Zone 4,36.8,Zone 4,32.5,Zone 4,41.2,Zone 4,37.1,Zone 4,53.1,Zone 5,41.6,Zone 4,60.4,Zone 5
Bihar,Patna,Baldwin Academy,27.2,2026-05-10,23:45:00,75.0,2026-05-10,23:45:00,2026-05-11 00:06:34,29.650000000000034,Zone 4,59.4,Zone 5,29.3,Zone 4,41.9,Zone 5,35.5,Zone 4,59.0,Zone 5,44.0,Zone 5,62.2,Zone 5,59.4,Zone 5,64.6,Zone 5
Bihar,Patna,Danapur Dps,27.6,2026-05-10,23:45:00,63.0,2026-05-10,23:45:00,2026-05-11 00:06:34,29.150000000000034,Zone 4,52.5,Zone 5,29.0,Zone 4,39.3,Zone 4,34.6,Zone 4,50.9,Zone 5,39.8,Zone 4,60.4,Zone 5,52.5,Zone 5,63.0,Zone 5
Bihar,Patna,Iit Patna,25.7,2026-05-10,23:45:00,92.0,2026-05-10,23:45:00,2026-05-11 00:06:34,28.650000000000034,Zone 4,60.7,Zone 5,28.2,Zone 4,48.0,Zone 5,35.1,Zone 4,60.3,Zone 5,50.3,Zone 5,63.3,Zone 5,60.7,Zone 5,65.5,Zone 5
Bihar,Patna,Kvk Barh,26.1,2026-05-11,00:00:00,,,,2026-05-11 00:06:34,,,,,,,,,,,,,,,,,,,,
Bihar,Patna,Patna,27.2,2026-05-10,23:45:00,72.0,2026-05-10,23:45:00,2026-05-11 00:06:34,29.350000000000023,Zone 4,57.9,Zone 5,29.0,Zone 4,40.0,Zone 4,35.0,Zone 4,56.5,Zone 5,40.9,Zone 5,61.6,Zone 5,57.9,Zone 5,64.0,Zone 5
Bihar,Purnea,Purnea Imd,36.3,2026-05-10,23:45:00,89.0,2026-05-10,23:45:00,2026-05-11 00:06:34,77.65000000000003,Zone 6,87.2,Zone 6,78.5,Zone 6,83.6,Zone 6,81.4,Zone 6,86.5,Zone 6,84.3,Zone 6,89.4,Zone 6,87.2,Zone 6,92.2,Zone 6
Bihar,Rohtas,Bikramganj,27.2,2026-05-11,00:00:00,44.0,2026-05-10,00:00:00,2026-05-11 00:06:34,27.150000000000034,Zone 4,40.2,Zone 4,27.0,Zone 4,35.8,Zone 4,31.7,Zone 4,40.0,Zone 4,36.1,Zone 4,46.0,Zone 5,40.2,Zone 4,58.7,Zone 5
Bihar,Rohtas,Dehri,36.8,2026-05-10,23:45:00,71.0,2026-05-10,23:45:00,2026-05-11 00:06:34,68.05000000000001,Zone 5,77.6,Zone 6,68.8,Zone 5,74.0,Zone 6,71.7,Zone 6,76.9,Zone 6,74.6,Zone 6,79.8,Zone 6,77.6,Zone 6,82.7,Zone 6
Bihar,Saharsa,Agwanpur Aws400,24.6,2026-05-11,00:00:00,91.0,2026-05-10,00:00:00,2026-05-11 00:06:34,26.55000000000001,Zone 4,58.5,Zone 5,26.4,Zone 4,39.5,Zone 5,32.9,Zone 4,57.1,Zone 5,41.5,Zone 5,61.7,Zone 5,58.5,Zone 5,64.2,Zone 5
Bihar,Samastipur,Pusa Aws400,24.2,2026-05-11,00:00:00,79.0,2026-05-10,00:00:00,2026-05-11 00:06:34,25.25,Zone 3,45.7,Zone 5,25.1,Zone 3,35.6,Zone 4,30.8,Zone 4,44.2,Zone 5,36.1,Zone 4,58.8,Zone 5,45.7,Zone 5,61.8,Zone 5
Bihar,Sheikpura,Sheikpura Kvk,25.8,2026-05-11,00:00:00,,,,2026-05-11 00:06:34,,,,,,,,,,,,,,,,,,,,
Bihar,Siwan,Ziradei,25.3,2026-05-11,00:00:00,48.0,2026-05-10,00:00:00,2026-05-11 00:06:34,25.25,Zone 3,38.8,Zone 4,25.5,Zone 4,34.4,Zone 4,30.3,Zone 4,38.6,Zone 4,34.7,Zone 4,42.9,Zone 5,38.8,Zone 4,56.2,Zone 5
Bihar,Vaishali,Vaishali,25.1,2026-05-10,23:45:00,78.0,2026-05-10,23:45:00,2026-05-11 00:06:34,26.55000000000001,Zone 4,51.1,Zone 5,26.4,Zone 4,37.2,Zone 4,32.3,Zone 4,49.6,Zone 5,37.7,Zone 4,60.1,Zone 5,51.1,Zone 5,62.7,Zone 5
Chandigarh,Chandigarh,Chandigarh,29.2,2026-05-10,23:45:00,,,,2026-05-11 00:06:34,,,,,,,,,,,,,,,,,,,,
Chandigarh,Chandigarh,Dav School,28.2,2026-05-11,00:00:00,57.0,2026-05-10,00:00:00,2026-05-11 00:06:34,29.450000000000045,Zone 4,49.2,Zone 5,29.2,Zone 4,39.1,Zone 4,34.5,Zone 4,47.7,Zone 5,39.5,Zone 4,59.7,Zone 5,49.2,Zone 5,62.4,Zone 5
Chhattisgarh,Balod,Balod Aws400,30.1,2026-05-11,00:00:00,46.0,2026-05-10,00:00:00,2026-05-11 00:06:34,31.05000000000001,Zone 4,48.2,Zone 5,30.9,Zone 4,40.2,Zone 4,35.9,Zone 4,46.7,Zone 5,40.6,Zone 4,59.5,Zone 5,48.2,Zone 5,62.2,Zone 5
Chhattisgarh,Balrampur,Balrampur,26.2,2026-05-10,23:45:00,,,,2026-05-11 00:06:34,,,,,,,,,,,,,,,,,,,,
Chhattisgarh,Balrampur,Balrampur Aws400,25.1,2026-05-11,00:00:00,64.0,2026-05-10,00:00:00,2026-05-11 00:06:34,25.75,Zone 4,40.4,Zone 4,25.6,Zone 4,35.5,Zone 4,30.9,Zone 4,40.1,Zone 4,35.8,Zone 4,53.3,Zone 5,40.4,Zone 4,60.5,Zone 5
Chhattisgarh,Bemetara,Bemetara,27.5,2026-05-11,00:00:00,46.0,2026-05-10,00:00:00,2026-05-11 00:06:34,27.650000000000034,Zone 4,41.2,Zone 4,27.7,Zone 4,36.7,Zone 4,32.5,Zone 4,40.9,Zone 4,37.0,Zone 4,50.0,Zone 5,41.2,Zone 4,59.8,Zone 5
Chhattisgarh,Bemetara,Bemetara Durg,31.4,2026-05-10,23:45:00,46.0,2026-05-10,23:45:00,2026-05-11 00:06:34,32.950000000000045,Zone 4,56.3,Zone 5,33.1,Zone 4,42.6,Zone 4,38.2,Zone 4,54.9,Zone 5,43.1,Zone 4,61.2,Zone 5,56.3,Zone 5,63.7,Zone 5
Chhattisgarh,Bilaspur,Bilaspur,27.8,2026-05-10,23:45:00,59.0,2026-05-10,23:45:00,2026-05-11 00:06:34,29.05000000000001,Zone 4,51.3,Zone 5,29.4,Zone 4,39.4,Zone 4,34.8,Zone 4,49.8,Zone 5,39.9,Zone 4,60.1,Zone 5,51.3,Zone 5,62.8,Zone 5
Chhattisgarh,Dhamtari,Nagri,,,,55.0,2026-05-10,23:45:00,2026-05-11 00:06:34,,,,,,,,,,,,,,,,,,,,
Chhattisgarh,Gariaband,Gariaband,28.7,2026-05-10,23:45:00,60.0,2026-05-10,23:45:00,2026-05-11 00:06:34,30.55000000000001,Zone 4,55.3,Zone 5,30.2,Zone 4,40.5,Zone 4,35.8,Zone 4,53.8,Zone 5,41.0,Zone 4,61.0,Zone 5,55.3,Zone 5,63.5,Zone 5
Chhattisgarh,Janjgir Champa,Janjgir,26.4,2026-05-10,23:45:00,71.0,2026-05-10,23:45:00,2026-05-11 00:06:34,28.05000000000001,Zone 4,54.2,Zone 5,28.2,Zone 4,38.9,Zone 4,34.0,Zone 4,52.6,Zone 5,39.4,Zone 4,60.7,Zone 5,54.2,Zone 5,63.3,Zone 5
Chhattisgarh,Janjgir Champa,Nawagarh,27.9,2026-05-10,23:45:00,65.0,2026-05-10,23:45:00,2026-05-11 00:06:34,29.850000000000023,Zone 4,57.3,Zone 5,30.0,Zone 4,40.6,Zone 4,35.7,Zone 4,55.8,Zone 5,41.1,Zone 4,61.4,Zone 5,57.3,Zone 5,63.9,Zone 5
Chhattisgarh,Janjgir Champa,Sakti,28.5,2026-05-10,23:45:00,59.0,2026-05-10,23:45:00,2026-05-11 00:06:34,30.150000000000034,Zone 4,54.3,Zone 5,30.1,Zone 4,40.3,Zone 4,35.6,Zone 4,52.7,Zone 5,40.8,Zone 4,60.8,Zone 5,54.3,Zone 5,63.3,Zone 5
Chhattisgarh,Jashpur,Bagicha,32.2,2026-05-10,23:45:00,42.0,2026-05-10,23:45:00,2026-05-11 00:06:34,33.450000000000045,Zone 4,54.1,Zone 5,33.2,Zone 4,42.5,Zone 4,38.2,Zone 4,52.6,Zone 5,42.9,Zone 4,60.7,Zone 5,54.1,Zone 5,63.3,Zone 5
Chhattisgarh,Jashpur,Jashpur,16.4,2026-05-10,23:45:00,82.0,2026-05-10,23:45:00,2026-05-11 00:06:34,16.25,Zone 3,30.7,Zone 4,16.3,Zone 3,26.4,Zone 4,22.8,Zone 3,30.6,Zone 4,26.5,Zone 4,34.6,Zone 4,30.7,Zone 4,39.1,Zone 5
Chhattisgarh,Jashpur,Pathalgaon,26.9,2026-05-10,23:45:00,,,,2026-05-11 00:06:34,,,,,,,,,,,,,,,,,,,,
Chhattisgarh,Kabirdham,Kawardha,28.2,2026-05-10,23:45:00,43.0,2026-05-10,23:45:00,2026-05-11 00:06:34,28.25,Zone 4,41.4,Zone 4,28.1,Zone 4,36.9,Zone 4,32.8,Zone 4,41.1,Zone 4,37.2,Zone 4,49.5,Zone 5,41.4,Zone 4,59.7,Zone 5
Chhattisgarh,Kabirdham,Pandaria,30.2,2026-05-10,23:45:00,45.0,2026-05-10,23:45:00,2026-05-11 00:06:34,31.05000000000001,Zone 4,47.0,Zone 5,30.8,Zone 4,40.0,Zone 4,35.7,Zone 4,45.6,Zone 5,40.4,Zone 4,59.3,Zone 5,47.0,Zone 5,62.0,Zone 5
Chhattisgarh,Korba,Lakhanpur Kvk,28.1,2026-05-11,00:00:00,62.0,2026-05-10,00:00:00,2026-05-11 00:06:34,29.850000000000023,Zone 4,54.4,Zone 5,29.7,Zone 4,40.0,Zone 4,35.3,Zone 4,52.9,Zone 5,40.5,Zone 4,60.8,Zone 5,54.4,Zone 5,63.3,Zone 5
Chhattisgarh,Koriya,Koriya Kvk,26.8,2026-05-11,00:00:00,,,,2026-05-11 00:06:34,,,,,,,,,,,,,,,,,,,,
Chhattisgarh,Mahasamund,Pithora,28.0,2026-05-10,23:45:00,51.0,2026-05-10,23:45:00,2026-05-11 00:06:34,28.650000000000034,Zone 4,43.0,Zone 5,28.7,Zone 4,38.1,Zone 4,33.7,Zone 4,42.6,Zone 4,38.5,Zone 4,56.7,Zone 5,43.0,Zone 5,61.3,Zone 5
Chhattisgarh,Mungeli,Lormi,27.2,2026-05-10,23:45:00,71.0,2026-05-10,23:45:00,2026-05-11 00:06:34,29.25,Zone 4,57.1,Zone 5,29.0,Zone 4,39.8,Zone 4,34.9,Zone 4,55.6,Zone 5,40.4,Zone 4,61.4,Zone 5,57.1,Zone 5,63.9,Zone 5
Chhattisgarh,Mungeli,Mungeli,28.0,2026-05-10,23:45:00,59.0,2026-05-10,23:45:00,2026-05-11 00:06:34,29.350000000000023,Zone 4,51.3,Zone 5,29.4,Zone 4,39.4,Zone 4,34.8,Zone 4,49.8,Zone 5,39.9,Zone 4,60.1,Zone 5,51.3,Zone 5,62.8,Zone 5
Chhattisgarh,Mungeli,Mungeli Aws400,26.7,2026-05-11,00:00:00,60.0,2026-05-10,00:00:00,2026-05-11 00:06:34,27.650000000000034,Zone 4,43.6,Zone 5,27.3,Zone 4,37.2,Zone 4,32.7,Zone 4,42.3,Zone 5,37.6,Zone 4,57.3,Zone 5,43.6,Zone 5,61.4,Zone 5
Chhattisgarh,Pendra Road,Pendra Road,26.6,2026-05-10,23:45:00,45.0,2026-05-10,23:45:00,2026-05-11 00:06:34,26.55000000000001,Zone 4,39.7,Zone 4,26.4,Zone 4,35.3,Zone 4,31.2,Zone 4,39.5,Zone 4,35.6,Zone 4,44.7,Zone 5,39.7,Zone 4,57.7,Zone 5
Chhattisgarh,Raigarh,Dharamjaigarh,28.1,2026-05-10,23:45:00,59.0,2026-05-10,23:45:00,2026-05-11 00:06:34,29.55000000000001,Zone 4,51.3,Zone 5,29.4,Zone 4,39.4,Zone 4,34.8,Zone 4,49.8,Zone 5,39.9,Zone 4,60.1,Zone 5,51.3,Zone 5,62.8,Zone 5
Chhattisgarh,Raigarh,Raigarh,28.0,2026-05-10,23:45:00,70.0,2026-05-10,23:45:00,2026-05-11 00:06:34,30.55000000000001,Zone 4,59.8,Zone 5,30.5,Zone 4,43.5,Zone 5,36.6,Zone 4,59.4,Zone 5,45.7,Zone 5,62.5,Zone 5,59.8,Zone 5,64.8,Zone 5
Chhattisgarh,Raipur,Naya Raipur,29.8,2026-05-10,23:45:00,51.0,2026-05-10,23:45:00,2026-05-11 00:06:34,31.150000000000034,Zone 4,54.1,Zone 5,31.5,Zone 4,41.2,Zone 4,36.8,Zone 4,52.6,Zone 5,41.7,Zone 4,60.7,Zone 5,54.1,Zone 5,63.3,Zone 5
Chhattisgarh,Raipur,Raipur,30.1,2026-05-11,00:00:00,45.0,2026-05-10,00:00:00,2026-05-11 00:06:34,30.950000000000045,Zone 4,47.0,Zone 5,30.8,Zone 4,40.0,Zone 4,35.7,Zone 4,45.6,Zone 5,40.4,Zone 4,59.3,Zone 5,47.0,Zone 5,62.0,Zone 5
Chhattisgarh,Rajnandgaon,Rajnandgaon,30.4,2026-05-10,23:45:00,43.0,2026-05-10,23:45:00,2026-05-11 00:06:34,31.05000000000001,Zone 4,47.3,Zone 5,31.2,Zone 4,40.4,Zone 4,36.1,Zone 4,45.9,Zone 5,40.7,Zone 4,59.3,Zone 5,47.3,Zone 5,62.1,Zone 5
Chhattisgarh,Sukma,Sukma,25.5,2026-05-11,00:00:00,100.0,2026-05-10,00:00:00,2026-05-11 00:06:34,29.05000000000001,Zone 4,62.4,Zone 5,29.0,Zone 4,55.9,Zone 5,37.6,Zone 5,62.0,Zone 5,58.0,Zone 5,64.7,Zone 5,62.4,Zone 5,66.7,Zone 5
Dadra And Nagar Haveli,Dadar Nagar,Silvassa,29.3,2026-05-11,00:00:00,85.0,2026-05-10,00:00:00,2026-05-11 00:06:34,36.05000000000001,Zone 4,65.8,Zone 5,36.6,Zone 4,62.3,Zone 5,57.3,Zone 5,65.4,Zone 5,62.9,Zone 5,67.7,Zone 5,65.8,Zone 5,69.3,Zone 5
Daman And Diu,Daman,Daman Aws,29.5,2026-05-10,23:45:00,84.0,2026-05-10,23:45:00,2026-05-11 00:06:34,36.35000000000002,Zone 4,65.6,Zone 5,36.4,Zone 4,62.0,Zone 5,56.0,Zone 5,65.2,Zone 5,62.6,Zone 5,67.4,Zone 5,65.6,Zone 5,69.1,Zone 5
Daman And Diu,Diu,Diu,28.4,2026-05-10,23:45:00,56.0,2026-05-10,23:45:00,2026-05-11 00:06:34,29.650000000000034,Zone 4,51.1,Zone 5,29.8,Zone 4,39.7,Zone 4,35.2,Zone 4,49.6,Zone 5,40.2,Zone 4,60.1,Zone 5,51.1,Zone 5,62.7,Zone 5
Delhi,East Delhi,Salwan Public School,29.2,2026-05-10,23:45:00,49.0,2026-05-10,23:45:00,2026-05-11 00:06:34,30.150000000000034,Zone 4,46.2,Zone 5,29.8,Zone 4,39.2,Zone 4,34.9,Zone 4,44.8,Zone 5,39.6,Zone 4,59.1,Zone 5,46.2,Zone 5,61.9,Zone 5
Delhi,New Delhi,Pragati Maidan,29.3,2026-05-10,23:45:00,,,,2026-05-11 00:06:34,,,,,,,,,,,,,,,,,,,,
Delhi,New Delhi,Sports Complex,31.1,2026-05-10,23:45:00,67.0,2026-05-10,23:45:00,2026-05-11 00:06:34,36.35000000000002,Zone 4,63.6,Zone 5,36.1,Zone 4,59.7,Zone 5,44.3,Zone 5,63.2,Zone 5,60.2,Zone 5,65.8,Zone 5,63.6,Zone 5,67.7,Zone 5
Delhi,North West Delhi,Mungeshpur,28.5,2026-05-11,00:00:00,68.0,2026-05-10,00:00:00,2026-05-11 00:06:34,31.150000000000034,Zone 4,60.0,Zone 5,31.2,Zone 4,44.7,Zone 5,37.2,Zone 4,59.6,Zone 5,47.0,Zone 5,62.7,Zone 5,60.0,Zone 5,65.0,Zone 5
Delhi,North West Delhi,Pitampura,31.3,2026-05-10,23:45:00,64.0,2026-05-10,23:45:00,2026-05-11 00:06:34,36.05000000000001,Zone 4,63.6,Zone 5,36.6,Zone 4,59.6,Zone 5,43.9,Zone 5,63.2,Zone 5,60.2,Zone 5,65.7,Zone 5,63.6,Zone 5,67.6,Zone 5
Delhi,South Delhi,Lodi Road,29.5,2026-05-10,23:45:00,84.0,2026-05-10,23:45:00,2026-05-11 00:06:34,36.35000000000002,Zone 4,65.6,Zone 5,36.4,Zone 4,62.0,Zone 5,56.0,Zone 5,65.2,Zone 5,62.6,Zone 5,67.4,Zone 5,65.6,Zone 5,69.1,Zone 5
Delhi,South Delhi,Pharma Science And Research Un,29.5,2026-05-11,00:00:00,53.0,2026-05-10,00:00:00,2026-05-11 00:06:34,30.950000000000045,Zone 4,53.5,Zone 5,31.0,Zone 4,40.8,Zone 4,36.3,Zone 4,52.0,Zone 5,41.3,Zone 4,60.6,Zone 5,53.5,Zone 5,63.2,Zone 5
Delhi,South West Delhi,Ayanagar,28.1,2026-05-10,23:45:00,60.0,2026-05-10,23:45:00,2026-05-11 00:06:34,29.650000000000034,Zone 4,52.4,Zone 5,29.5,Zone 4,39.6,Zone 4,35.0,Zone 4,50.9,Zone 5,40.1,Zone 4,60.4,Zone 5,52.4,Zone 5,63.0,Zone 5
Delhi,South West Delhi,Ignou,27.8,2026-05-10,23:30:00,51.0,2026-05-10,23:30:00,2026-05-11 00:06:34,28.450000000000045,Zone 4,43.0,Zone 5,28.7,Zone 4,38.1,Zone 4,33.7,Zone 4,42.6,Zone 4,38.5,Zone 4,56.7,Zone 5,43.0,Zone 5,61.3,Zone 5
Delhi,South West Delhi,Jafarpur,29.1,2026-05-11,00:00:00,,,,2026-05-11 00:06:34,,,,,,,,,,,,,,,,,,,,
Delhi,South West Delhi,Kvk Crpf Campus,29.9,2026-05-11,00:00:00,53.0,2026-05-10,00:00:00,2026-05-11 00:06:34,31.55000000000001,Zone 4,56.3,Zone 5,31.7,Zone 4,41.7,Zone 4,37.1,Zone 4,54.8,Zone 5,42.2,Zone 4,61.2,Zone 5,56.3,Zone 5,63.7,Zone 5
Delhi,South West Delhi,Kv Narayna,27.3,2026-05-11,00:00:00,57.0,2026-05-10,00:00:00,2026-05-11 00:06:34,28.25,Zone 4,46.3,Zone 5,28.5,Zone 4,38.3,Zone 4,33.8,Zone 4,44.9,Zone 5,38.7,Zone 4,59.1,Zone 5,46.3,Zone 5,61.9,Zone 5
Delhi,South West Delhi,Najafgarh,30.1,2026-05-10,23:45:00,72.0,2026-05-10,23:45:00,2026-05-11 00:06:34,35.150000000000034,Zone 4,63.4,Zone 5,34.9,Zone 4,59.4,Zone 5,42.9,Zone 5,63.0,Zone 5,60.0,Zone 5,65.6,Zone 5,63.4,Zone 5,67.5,Zone 5
Delhi,West Delhi,Kv Janakpuri,29.1,2026-05-11,00:00:00,60.0,2026-05-10,00:00:00,2026-05-11 00:06:34,31.150000000000034,Zone 4,58.0,Zone 5,31.0,Zone 4,41.4,Zone 4,36.7,Zone 4,56.6,Zone 5,42.0,Zone 4,61.6,Zone 5,58.0,Zone 5,64.1,Zone 5
Goa,North Goa,Goa State Biodiversity Board,28.8,2026-05-10,23:15:00,,,,2026-05-11 00:06:34,,,,,,,,,,,,,,,,,,,,
Gujarat,Ahmedabad,Ahmedabad,35.3,2026-05-10,23:45:00,33.0,2026-05-10,23:45:00,2026-05-11 00:06:34,36.35000000000002,Zone 4,59.1,Zone 5,36.7,Zone 4,45.5,Zone 4,41.4,Zone 4,57.8,Zone 5,46.0,Zone 4,61.9,Zone 5,59.1,Zone 5,64.3,Zone 5
Gujarat,Ahmedabad,Dhorela,32.9,2026-05-10,23:45:00,18.0,2026-05-10,23:45:00,2026-05-11 00:06:34,31.150000000000034,Zone 4,42.5,Zone 4,31.2,Zone 4,38.7,Zone 4,35.2,Zone 4,42.3,Zone 4,38.9,Zone 4,45.7,Zone 4,42.5,Zone 4,55.4,Zone 5
Gujarat,Ahmedabad,Science City,31.5,2026-05-11,00:00:00,28.0,2026-05-10,00:00:00,2026-05-11 00:06:34,30.75,Zone 4,43.0,Zone 4,30.8,Zone 4,38.9,Zone 4,35.1,Zone 4,42.7,Zone 4,39.1,Zone 4,48.5,Zone 5,43.0,Zone 4,59.5,Zone 5
Gujarat,Amreli,Dhari Aws400,30.0,2026-05-11,00:00:00,30.0,2026-05-10,00:00:00,2026-05-11 00:06:34,29.350000000000023,Zone 4,41.6,Zone 4,29.3,Zone 4,37.5,Zone 4,33.6,Zone 4,41.3,Zone 4,37.7,Zone 4,45.0,Zone 4,41.6,Zone 4,57.8,Zone 5
Gujarat,Amreli,Rajula,30.9,2026-05-10,23:45:00,69.0,2026-05-10,23:45:00,2026-05-11 00:06:34,36.35000000000002,Zone 4,64.2,Zone 5,36.6,Zone 4,60.3,Zone 5,47.5,Zone 5,63.8,Zone 5,60.9,Zone 5,66.2,Zone 5,64.2,Zone 5,68.1,Zone 5
Gujarat,Arawali,Modasa,29.1,2026-05-10,23:15:00,,,,2026-05-11 00:06:34,,,,,,,,,,,,,,,,,,,,
Gujarat,Banaskantha,Ambaji Temple,32.5,2026-05-10,23:30:00,21.0,2026-05-10,23:30:00,2026-05-11 00:06:34,31.05000000000001,Zone 4,42.6,Zone 4,31.1,Zone 4,38.8,Zone 4,35.1,Zone 4,42.4,Zone 4,38.9,Zone 4,45.9,Zone 4,42.6,Zone 4,57.1,Zone 5
Gujarat,Banaskantha,Tharad Aws400,30.9,2026-05-11,00:00:00,47.0,2026-05-10,00:00:00,2026-05-11 00:06:34,32.25,Zone 4,54.9,Zone 5,32.4,Zone 4,42.0,Zone 4,37.6,Zone 4,53.4,Zone 5,42.5,Zone 4,60.9,Zone 5,54.9,Zone 5,63.4,Zone 5
Gujarat,Bharuch,Hansot Aws400,31.1,2026-05-11,00:00:00,61.0,2026-05-10,00:00:00,2026-05-11 00:06:34,35.05000000000001,Zone 4,62.0,Zone 5,34.8,Zone 4,54.1,Zone 5,40.9,Zone 4,61.6,Zone 5,56.2,Zone 5,64.4,Zone 5,62.0,Zone 5,66.4,Zone 5
Gujarat,Bhavnagar,Bhavnagar,32.3,2026-05-11,00:00:00,33.0,2026-05-10,00:00:00,2026-05-11 00:06:34,32.25,Zone 4,45.5,Zone 4,32.5,Zone 4,41.1,Zone 4,37.1,Zone 4,45.2,Zone 4,41.4,Zone 4,58.1,Zone 5,45.5,Zone 4,61.6,Zone 5
Gujarat,Bhavnagar,Talaja Aws400,30.7,2026-05-11,00:00:00,40.0,2026-05-10,00:00:00,2026-05-11 00:06:34,31.150000000000034,Zone 4,44.4,Zone 4,30.9,Zone 4,39.8,Zone 4,35.6,Zone 4,44.0,Zone 4,40.1,Zone 4,57.3,Zone 5,44.4,Zone 4,61.4,Zone 5
Gujarat,Dahod,Dahod Kvk,30.8,2026-05-11,00:00:00,29.0,2026-05-10,00:00:00,2026-05-11 00:06:34,30.05000000000001,Zone 4,42.6,Zone 4,30.3,Zone 4,38.5,Zone 4,34.6,Zone 4,42.3,Zone 4,38.7,Zone 4,47.7,Zone 5,42.6,Zone 4,59.3,Zone 5
Gujarat,Dang,Dang Kvk,27.2,2026-05-11,00:00:00,49.0,2026-05-10,00:00:00,2026-05-11 00:06:34,27.55000000000001,Zone 4,41.0,Zone 4,27.3,Zone 4,36.4,Zone 4,32.2,Zone 4,40.7,Zone 4,36.7,Zone 4,50.4,Zone 5,41.0,Zone 4,59.9,Zone 5
Gujarat,Dwarka,Dwarka,28.6,2026-05-10,23:30:00,94.0,2026-05-10,23:30:00,2026-05-11 00:06:34,36.150000000000034,Zone 4,66.2,Zone 5,35.9,Zone 4,62.8,Zone 5,59.1,Zone 5,65.8,Zone 5,63.4,Zone 5,68.0,Zone 5,66.2,Zone 5,69.6,Zone 5
Gujarat,Gandhinagar,Gandhinagar,34.3,2026-05-10,23:45:00,15.0,2026-05-10,23:45:00,2026-05-11 00:06:34,32.150000000000034,Zone 4,43.3,Zone 4,32.3,Zone 4,39.7,Zone 4,36.2,Zone 4,43.1,Zone 4,39.8,Zone 4,46.5,Zone 4,43.3,Zone 4,56.3,Zone 5
Gujarat,Gir Somnath,Veraval   Aws400,,,,22.0,2026-05-10,00:00:00,2026-05-11 00:06:34,,,,,,,,,,,,,,,,,,,,
Gujarat,Kachchh,Bachau Amfu,31.5,2026-05-10,23:45:00,36.0,2026-05-10,23:45:00,2026-05-11 00:06:34,31.650000000000034,Zone 4,44.9,Zone 4,31.7,Zone 4,40.4,Zone 4,36.3,Zone 4,44.5,Zone 4,40.7,Zone 4,57.4,Zone 5,44.9,Zone 4,61.4,Zone 5
Gujarat,Kachchh,Kandla,29.5,2026-05-10,23:45:00,81.0,2026-05-10,23:45:00,2026-05-11 00:06:34,35.650000000000034,Zone 4,64.8,Zone 5,35.6,Zone 4,61.1,Zone 5,51.7,Zone 5,64.5,Zone 5,61.7,Zone 5,66.8,Zone 5,64.8,Zone 5,68.6,Zone 5
Gujarat,Kachchh,Mundra,28.1,2026-05-11,00:00:00,85.0,2026-05-10,00:00:00,2026-05-11 00:06:34,32.85000000000002,Zone 4,63.3,Zone 5,32.6,Zone 4,59.3,Zone 5,42.6,Zone 5,62.9,Zone 5,59.9,Zone 5,65.5,Zone 5,63.3,Zone 5,67.5,Zone 5
Gujarat,Mahesana,Jagudan,33.7,2026-05-10,23:30:00,22.0,2026-05-10,23:30:00,2026-05-11 00:06:34,32.450000000000045,Zone 4,43.9,Zone 4,32.2,Zone 4,40.0,Zone 4,36.4,Zone 4,43.7,Zone 4,40.2,Zone 4,48.8,Zone 5,43.9,Zone 4,59.5,Zone 5
Gujarat,Morbi,Halwad,31.1,2026-05-11,00:00:00,58.0,2026-05-10,00:00:00,2026-05-11 00:06:34,34.450000000000045,Zone 4,61.1,Zone 5,34.2,Zone 4,49.9,Zone 5,40.1,Zone 4,60.7,Zone 5,52.2,Zone 5,63.6,Zone 5,61.1,Zone 5,65.8,Zone 5
Gujarat,Patan,Patan,32.8,2026-05-10,23:45:00,32.0,2026-05-10,23:45:00,2026-05-11 00:06:34,32.75,Zone 4,45.9,Zone 4,33.0,Zone 4,41.5,Zone 4,37.6,Zone 4,45.6,Zone 4,41.9,Zone 4,58.9,Zone 5,45.9,Zone 4,61.8,Zone 5
Gujarat,Porbandar,Porbandar,27.5,2026-05-11,00:00:00,98.0,2026-05-10,00:00:00,2026-05-11 00:06:34,33.75,Zone 4,65.4,Zone 5,33.7,Zone 4,61.8,Zone 5,54.9,Zone 5,65.0,Zone 5,62.4,Zone 5,67.3,Zone 5,65.4,Zone 5,69.0,Zone 5
Gujarat,Sabarkantha,Bayad,33.9,2026-05-10,23:45:00,35.0,2026-05-10,23:45:00,2026-05-11 00:06:34,34.75,Zone 4,54.9,Zone 5,34.9,Zone 4,43.8,Zone 4,39.7,Zone 4,53.5,Zone 5,44.2,Zone 4,60.9,Zone 5,54.9,Zone 5,63.5,Zone 5
Gujarat,Sabarkantha,Himatnagar,27.3,2026-05-11,00:00:00,45.0,2026-05-10,00:00:00,2026-05-11 00:06:34,27.350000000000023,Zone 4,41.0,Zone 4,27.6,Zone 4,36.6,Zone 4,32.4,Zone 4,40.8,Zone 4,36.8,Zone 4,49.1,Zone 5,41.0,Zone 4,59.6,Zone 5
Gujarat,Surat,Surat Kvk,30.6,2026-05-11,00:00:00,,,,2026-05-11 00:06:34,,,,,,,,,,,,,,,,,,,,
Gujarat,Surendranagar,Surendranagar,32.4,2026-05-10,23:45:00,22.0,2026-05-10,23:45:00,2026-05-11 00:06:34,31.05000000000001,Zone 4,42.8,Zone 4,31.2,Zone 4,38.9,Zone 4,35.3,Zone 4,42.6,Zone 4,39.1,Zone 4,46.1,Zone 4,42.8,Zone 4,58.0,Zone 5
Gujarat,Vadodara,Vadodara Aws400,33.5,2026-05-11,00:00:00,36.0,2026-05-10,00:00:00,2026-05-11 00:06:34,34.35000000000002,Zone 4,53.8,Zone 5,34.4,Zone 4,43.3,Zone 4,39.2,Zone 4,52.4,Zone 5,43.7,Zone 4,60.7,Zone 5,53.8,Zone 5,63.3,Zone 5
Haryana,Charkhi Dadri,Revenue Office Aws400,29.4,2026-05-11,00:00:00,51.0,2026-05-10,00:00:00,2026-05-11 00:06:34,30.55000000000001,Zone 4,51.3,Zone 5,30.7,Zone 4,40.4,Zone 4,36.0,Zone 4,49.8,Zone 5,40.8,Zone 4,60.1,Zone 5,51.3,Zone 5,62.8,Zone 5
Haryana,Faridabad,Bopani,35.0,2026-05-11,00:00:00,,,,2026-05-11 00:06:34,,,,,,,,,,,,,,,,,,,,
Haryana,Gurgaon,Gurgaon,27.0,2026-05-10,23:45:00,68.0,2026-05-10,23:45:00,2026-05-11 00:06:34,28.650000000000034,Zone 4,54.4,Zone 5,28.7,Zone 4,39.3,Zone 4,34.4,Zone 4,52.8,Zone 5,39.8,Zone 4,60.8,Zone 5,54.4,Zone 5,63.3,Zone 5
Haryana,Gurgaon,Gurgaon Kvk,28.5,2026-05-11,00:00:00,16.0,2026-05-10,00:00:00,2026-05-11 00:06:34,26.850000000000023,Zone 4,37.8,Zone 4,26.9,Zone 4,34.3,Zone 4,30.8,Zone 4,37.8,Zone 4,34.4,Zone 4,41.1,Zone 4,37.8,Zone 4,44.2,Zone 4
Haryana,Gurgaon,Northcap University,29.1,2026-05-11,00:00:00,55.0,2026-05-10,00:00:00,2026-05-11 00:06:34,30.650000000000034,Zone 4,52.9,Zone 5,30.5,Zone 4,40.4,Zone 4,35.8,Zone 4,51.4,Zone 5,40.8,Zone 4,60.5,Zone 5,52.9,Zone 5,63.1,Zone 5
Haryana,Jhajjar,Jhajjar,28.5,2026-05-11,00:00:00,51.0,2026-05-10,00:00:00,2026-05-11 00:06:34,29.350000000000023,Zone 4,45.6,Zone 5,29.3,Zone 4,38.8,Zone 4,34.5,Zone 4,44.2,Zone 5,39.2,Zone 4,58.8,Zone 5,45.6,Zone 5,61.8,Zone 5
Haryana,Jind,Pandu Pindara,28.4,2026-05-10,23:45:00,,,,2026-05-11 00:06:34,,,,,,,,,,,,,,,,,,,,
Haryana,Karnal,Indri Rest House,26.2,2026-05-11,00:00:00,,,,2026-05-11 00:06:34,,,,,,,,,,,,,,,,,,,,
Haryana,Karnal,Karnal,27.6,2026-05-10,23:45:00,,,,2026-05-11 00:06:34,,,,,,,,,,,,,,,,,,,,
Haryana,Karnal,Uchani,28.1,2026-05-10,23:45:00,73.0,2026-05-10,23:45:00,2026-05-11 00:06:34,31.05000000000001,Zone 4,60.5,Zone 5,30.9,Zone 4,46.9,Zone 5,37.2,Zone 4,60.1,Zone 5,49.2,Zone 5,63.1,Zone 5,60.5,Zone 5,65.4,Zone 5
Haryana,Mahendragarh,Mahendragarh Aws,28.6,2026-05-10,23:45:00,50.0,2026-05-10,23:45:00,2026-05-11 00:06:34,29.350000000000023,Zone 4,44.6,Zone 5,29.2,Zone 4,38.7,Zone 4,34.3,Zone 4,43.2,Zone 5,39.0,Zone 4,58.0,Zone 5,44.6,Zone 5,61.6,Zone 5
Haryana,Mewat,Mandkola,26.9,2026-05-11,00:00:00,18.0,2026-05-10,00:00:00,2026-05-11 00:06:34,25.55000000000001,Zone 4,36.8,Zone 4,25.6,Zone 4,33.2,Zone 4,29.6,Zone 4,36.7,Zone 4,33.3,Zone 4,40.0,Zone 4,36.8,Zone 4,43.2,Zone 4
Haryana,Mewat,Nuh,29.1,2026-05-10,23:45:00,,,,2026-05-11 00:06:34,,,,,,,,,,,,,,,,,,,,
Haryana,Palwal,Palwal Water Service Division,28.1,2026-05-11,00:00:00,,,,2026-05-11 00:06:34,,,,,,,,,,,,,,,,,,,,
Haryana,Panipat,Ujha,26.6,2026-05-10,23:45:00,30.0,2026-05-10,23:45:00,2026-05-11 00:06:34,25.75,Zone 4,37.7,Zone 4,25.7,Zone 4,33.8,Zone 4,30.0,Zone 4,37.5,Zone 4,33.9,Zone 4,41.1,Zone 4,37.7,Zone 4,46.0,Zone 5
Haryana,Rewari,Bawal,28.2,2026-05-10,23:45:00,52.0,2026-05-10,23:45:00,2026-05-11 00:06:34,29.05000000000001,Zone 4,44.0,Zone 5,28.8,Zone 4,38.2,Zone 4,33.9,Zone 4,42.8,Zone 4,38.6,Zone 4,57.6,Zone 5,44.0,Zone 5,61.4,Zone 5
Haryana,Rohtak,Canal Rest House,29.0,2026-05-11,00:00:00,50.0,2026-05-10,00:00:00,2026-05-11 00:06:34,29.950000000000045,Zone 4,47.3,Zone 5,29.9,Zone 4,39.4,Zone 4,35.0,Zone 4,45.9,Zone 5,39.8,Zone 4,59.3,Zone 5,47.3,Zone 5,62.1,Zone 5
Haryana,Rohtak,Rohtak,29.0,2026-05-10,23:45:00,53.0,2026-05-10,23:45:00,2026-05-11 00:06:34,30.25,Zone 4,50.7,Zone 5,30.2,Zone 4,40.0,Zone 4,35.5,Zone 4,49.2,Zone 5,40.4,Zone 4,60.0,Zone 5,50.7,Zone 5,62.7,Zone 5
Haryana,Sirsa,Canal Colony Village Ottu,29.9,2026-05-11,00:00:00,,,,2026-05-11 00:06:34,,,,,,,,,,,,,,,,,,,,
Haryana,Sirsa,Sirsa,30.4,2026-05-10,23:45:00,47.0,2026-05-10,23:45:00,2026-05-11 00:06:34,31.55000000000001,Zone 4,52.2,Zone 5,31.7,Zone 4,41.2,Zone 4,36.8,Zone 4,50.7,Zone 5,41.6,Zone 4,60.3,Zone 5,52.2,Zone 5,62.9,Zone 5
Haryana,Sonipat,Canal Resthouse Saragthal,27.4,2026-05-11,00:00:00,67.0,2026-05-10,00:00:00,2026-05-11 00:06:34,29.25,Zone 4,56.3,Zone 5,29.4,Zone 4,40.0,Zone 4,35.2,Zone 4,54.9,Zone 5,40.6,Zone 4,61.2,Zone 5,56.3,Zone 5,63.7,Zone 5
Haryana,Sonipat,Jagdishpur,28.1,2026-05-10,23:45:00,,,,2026-05-11 00:06:34,,,,,,,,,,,,,,,,,,,,
Haryana,Yamunanagar,Hathinkundberaj,26.4,2026-05-11,00:00:00,76.0,2026-05-10,00:00:00,2026-05-11 00:06:34,28.450000000000045,Zone 4,58.5,Zone 5,28.6,Zone 4,39.8,Zone 4,34.7,Zone 4,57.1,Zone 5,41.5,Zone 5,61.7,Zone 5,58.5,Zone 5,64.1,Zone 5
Himachal Pradesh,Bilaspur,Bilaspur Kvk,23.0,2026-05-11,00:00:00,98.0,2026-05-10,00:00:00,2026-05-11 00:06:34,24.75,Zone 3,54.3,Zone 5,24.7,Zone 3,36.2,Zone 4,30.8,Zone 4,52.8,Zone 5,37.0,Zone 5,60.8,Zone 5,54.3,Zone 5,63.3,Zone 5
Himachal Pradesh,Chamba,Dalhousialha,17.3,2026-05-10,23:30:00,75.0,2026-05-10,23:30:00,2026-05-11 00:06:34,17.05000000000001,Zone 3,31.5,Zone 4,17.3,Zone 3,27.2,Zone 4,23.4,Zone 3,31.3,Zone 4,27.3,Zone 4,35.4,Zone 4,31.5,Zone 4,39.9,Zone 5
Himachal Pradesh,Kinnaur,Kalpa,12.2,2026-05-10,23:30:00,34.0,2026-05-10,23:30:00,2026-05-11 00:06:34,9.850000000000023,Zone 2,25.3,Zone 4,9.7,Zone 2,22.7,Zone 3,17.6,Zone 3,25.5,Zone 4,22.5,Zone 3,28.8,Zone 4,25.3,Zone 4,32.0,Zone 4
Himachal Pradesh,Kinnaur,Pooh,16.8,2026-05-10,23:30:00,29.0,2026-05-10,23:30:00,2026-05-11 00:06:34,13.950000000000045,Zone 2,29.0,Zone 4,14.1,Zone 3,25.6,Zone 4,21.7,Zone 3,29.1,Zone 4,25.5,Zone 4,32.5,Zone 4,29.0,Zone 4,35.7,Zone 4
Himachal Pradesh,Kullu,Seobagh Amfu,,,,60.0,2026-05-10,23:45:00,2026-05-11 00:06:34,,,,,,,,,,,,,,,,,,,,
Himachal Pradesh,Lahaul And Spiti,Tabo,14.7,2026-05-11,00:00:00,22.0,2026-05-10,00:00:00,2026-05-11 00:06:34,11.650000000000034,Zone 2,26.9,Zone 4,11.5,Zone 2,23.9,Zone 3,19.4,Zone 3,27.1,Zone 4,23.8,Zone 3,30.3,Zone 4,26.9,Zone 4,33.4,Zone 4
Himachal Pradesh,Mandi,Sundernagar Kvk,22.8,2026-05-11,00:00:00,91.0,2026-05-10,00:00:00,2026-05-11 00:06:34,24.25,Zone 3,49.0,Zone 5,24.5,Zone 3,35.3,Zone 4,30.2,Zone 4,47.4,Zone 5,35.8,Zone 4,59.6,Zone 5,49.0,Zone 5,62.3,Zone 5
Himachal Pradesh,Shimla,Fagu,13.0,2026-05-10,23:30:00,,,,2026-05-11 00:06:34,,,,,,,,,,,,,,,,,,,,
Jammu And Kashmir,Anantnag,Anantnag,17.2,2026-05-11,00:00:00,73.0,2026-05-10,00:00:00,2026-05-11 00:06:34,16.75,Zone 3,30.8,Zone 4,16.5,Zone 3,26.6,Zone 4,22.9,Zone 3,30.7,Zone 4,26.7,Zone 4,34.7,Zone 4,30.8,Zone 4,38.5,Zone 4
Jammu And Kashmir,Anantnag,Khudwani,16.4,2026-05-10,23:45:00,99.0,2026-05-10,23:45:00,2026-05-11 00:06:34,17.05000000000001,Zone 3,31.5,Zone 4,17.1,Zone 3,26.8,Zone 4,23.2,Zone 3,31.3,Zone 4,27.0,Zone 4,35.7,Zone 4,31.5,Zone 4,46.1,Zone 5
Jammu And Kashmir,Anantnag,Larnoo,16.0,2026-05-10,23:45:00,99.0,2026-05-10,23:45:00,2026-05-11 00:06:34,16.55000000000001,Zone 3,30.9,Zone 4,16.5,Zone 3,26.3,Zone 4,22.8,Zone 3,30.7,Zone 4,26.5,Zone 4,35.0,Zone 4,30.9,Zone 4,43.9,Zone 5
Jammu And Kashmir,Anantnag,Pahalgam,15.4,2026-05-11,00:00:00,63.0,2026-05-10,00:00:00,2026-05-11 00:06:34,14.050000000000011,Zone 3,28.9,Zone 4,14.1,Zone 3,25.1,Zone 3,21.4,Zone 3,28.9,Zone 4,25.1,Zone 3,32.6,Zone 4,28.9,Zone 4,36.2,Zone 4
Jammu And Kashmir,Badgam,Harran,16.2,2026-05-10,23:30:00,76.0,2026-05-10,23:30:00,2026-05-11 00:06:34,15.650000000000034,Zone 3,29.9,Zone 4,15.4,Zone 3,25.7,Zone 4,22.2,Zone 3,29.8,Zone 4,25.8,Zone 4,33.7,Zone 4,29.9,Zone 4,37.5,Zone 4
Jammu And Kashmir,Bandipora,Bandipora,14.3,2026-05-11,00:00:00,100.0,2026-05-10,00:00:00,2026-05-11 00:06:34,14.350000000000023,Zone 3,29.2,Zone 4,14.6,Zone 3,25.0,Zone 3,21.5,Zone 3,29.1,Zone 4,25.1,Zone 3,33.2,Zone 4,29.2,Zone 4,38.1,Zone 5
Jammu And Kashmir,Baramulla,Baramulla Amfu,,,,92.0,2026-05-10,00:00:00,2026-05-11 00:06:34,,,,,,,,,,,,,,,,,,,,
Jammu And Kashmir,Baramulla,Baramulla Kvk,14.5,2026-05-11,00:00:00,88.0,2026-05-10,00:00:00,2026-05-11 00:06:34,14.050000000000011,Zone 3,28.8,Zone 4,14.1,Zone 3,24.8,Zone 3,21.2,Zone 3,28.7,Zone 4,24.9,Zone 3,32.7,Zone 4,28.8,Zone 4,36.5,Zone 4
Jammu And Kashmir,Baramulla,Gulmarg,6.8,2026-05-10,23:45:00,92.0,2026-05-10,23:45:00,2026-05-11 00:06:34,6.550000000000011,Zone 2,23.5,Zone 3,6.8,Zone 2,20.4,Zone 3,14.7,Zone 3,23.6,Zone 3,20.2,Zone 3,26.0,Zone 4,23.5,Zone 3,29.4,Zone 4
Jammu And Kashmir,Doda,Bhella,24.6,2026-05-11,00:00:00,65.0,2026-05-10,00:00:00,2026-05-11 00:06:34,25.150000000000034,Zone 3,39.8,Zone 4,25.1,Zone 3,34.9,Zone 4,30.3,Zone 4,39.5,Zone 4,35.2,Zone 4,51.6,Zone 5,39.8,Zone 4,60.1,Zone 5
Jammu And Kashmir,Ganderbal,Sonemarg,14.9,2026-05-11,00:00:00,65.0,2026-05-10,00:00:00,2026-05-11 00:06:34,13.650000000000034,Zone 2,28.5,Zone 4,13.7,Zone 2,24.8,Zone 3,21.1,Zone 3,28.5,Zone 4,24.8,Zone 3,32.2,Zone 4,28.5,Zone 4,35.8,Zone 4
Jammu And Kashmir,Jammu,Chatha Amfu,24.0,2026-05-11,00:00:00,64.0,2026-05-10,00:00:00,2026-05-11 00:06:34,24.450000000000045,Zone 3,38.9,Zone 4,24.5,Zone 3,34.1,Zone 4,29.6,Zone 4,38.6,Zone 4,34.4,Zone 4,48.3,Zone 5,38.9,Zone 4,59.4,Zone 5
Jammu And Kashmir,Jammu,Jammu,21.2,2026-05-10,23:45:00,94.0,2026-05-10,23:45:00,2026-05-11 00:06:34,22.650000000000034,Zone 3,38.8,Zone 5,22.4,Zone 3,32.3,Zone 4,27.4,Zone 4,37.6,Zone 5,32.7,Zone 4,52.8,Zone 5,38.8,Zone 5,60.4,Zone 5
Jammu And Kashmir,Kathua,Kathua Kvk,28.2,2026-05-11,00:00:00,52.0,2026-05-10,00:00:00,2026-05-11 00:06:34,29.05000000000001,Zone 4,44.0,Zone 5,28.8,Zone 4,38.2,Zone 4,33.9,Zone 4,42.8,Zone 4,38.6,Zone 4,57.6,Zone 5,44.0,Zone 5,61.4,Zone 5
Jammu And Kashmir,Kishtwar,Gulabgarh,13.6,2026-05-10,23:45:00,58.0,2026-05-10,23:45:00,2026-05-11 00:06:34,12.050000000000011,Zone 2,27.0,Zone 4,12.0,Zone 2,23.9,Zone 3,19.6,Zone 3,27.1,Zone 4,23.8,Zone 3,30.6,Zone 4,27.0,Zone 4,34.1,Zone 4
Jammu And Kashmir,Kishtwar,Kishtwar,21.4,2026-05-11,00:00:00,82.0,2026-05-10,00:00:00,2026-05-11 00:06:34,22.350000000000023,Zone 3,37.2,Zone 4,22.4,Zone 3,32.2,Zone 4,27.5,Zone 4,36.9,Zone 4,32.5,Zone 4,48.0,Zone 5,37.2,Zone 4,59.4,Zone 5
Jammu And Kashmir,Kulgam,Kulgam Amfu,19.6,2026-05-11,00:00:00,65.0,2026-05-10,00:00:00,2026-05-11 00:06:34,19.350000000000023,Zone 3,33.1,Zone 4,19.2,Zone 3,28.8,Zone 4,24.7,Zone 3,33.0,Zone 4,29.0,Zone 4,37.0,Zone 4,33.1,Zone 4,42.9,Zone 5
Jammu And Kashmir,Kupwara,Kupw Kvk,14.2,2026-05-11,00:00:00,100.0,2026-05-10,00:00:00,2026-05-11 00:06:34,14.25,Zone 3,28.7,Zone 4,14.0,Zone 2,24.7,Zone 3,21.1,Zone 3,28.6,Zone 4,24.8,Zone 3,32.7,Zone 4,28.7,Zone 4,36.6,Zone 4
Jammu And Kashmir,Poonch,Poonch,19.2,2026-05-11,00:00:00,82.0,2026-05-10,00:00:00,2026-05-11 00:06:34,19.75,Zone 3,33.7,Zone 4,19.5,Zone 3,29.0,Zone 4,24.7,Zone 3,33.5,Zone 4,29.2,Zone 4,37.8,Zone 4,33.7,Zone 4,49.5,Zone 5
Jammu And Kashmir,Poonch,Rajpura Mandi,16.1,2026-05-10,23:30:00,95.0,2026-05-10,23:30:00,2026-05-11 00:06:34,16.450000000000045,Zone 3,30.7,Zone 4,16.3,Zone 3,26.2,Zone 4,22.7,Zone 3,30.6,Zone 4,26.3,Zone 4,34.8,Zone 4,30.7,Zone 4,42.2,Zone 5
Jammu And Kashmir,Pulwama,Malangpura,16.0,2026-05-11,00:00:00,82.0,2026-05-10,00:00:00,2026-05-11 00:06:34,15.75,Zone 3,30.1,Zone 4,15.7,Zone 3,25.9,Zone 4,22.3,Zone 3,30.1,Zone 4,26.0,Zone 4,34.1,Zone 4,30.1,Zone 4,37.9,Zone 4
Jammu And Kashmir,Pulwama,Tral,18.0,2026-05-10,23:45:00,76.0,2026-05-10,23:45:00,2026-05-11 00:06:34,17.950000000000045,Zone 3,32.1,Zone 4,17.9,Zone 3,27.7,Zone 4,23.8,Zone 3,31.9,Zone 4,27.8,Zone 4,36.0,Zone 4,32.1,Zone 4,42.3,Zone 5
Jammu And Kashmir,Rajouri,Rajouri,18.2,2026-05-10,23:45:00,85.0,2026-05-10,23:45:00,2026-05-11 00:06:34,18.650000000000034,Zone 3,32.6,Zone 4,18.4,Zone 3,28.0,Zone 4,24.0,Zone 3,32.4,Zone 4,28.2,Zone 4,36.7,Zone 4,32.6,Zone 4,46.5,Zone 5
Jammu And Kashmir,Rajouri,Rajouri Arg,17.5,2026-05-10,23:45:00,93.0,2026-05-10,23:45:00,2026-05-11 00:06:34,18.150000000000034,Zone 3,32.5,Zone 4,18.1,Zone 3,27.7,Zone 4,23.8,Zone 3,32.3,Zone 4,27.9,Zone 4,36.6,Zone 4,32.5,Zone 4,48.0,Zone 5
Jammu And Kashmir,Ramban,Govindpura,26.4,2026-05-10,23:45:00,77.0,2026-05-10,23:45:00,2026-05-11 00:06:34,28.55000000000001,Zone 4,59.1,Zone 5,28.7,Zone 4,40.5,Zone 5,34.8,Zone 4,57.9,Zone 5,42.5,Zone 5,61.9,Zone 5,59.1,Zone 5,64.3,Zone 5
Jammu And Kashmir,Reasi,Reasi Kvk,21.5,2026-05-11,00:00:00,80.0,2026-05-10,00:00:00,2026-05-11 00:06:34,22.350000000000023,Zone 3,37.0,Zone 4,22.3,Zone 3,32.0,Zone 4,27.4,Zone 4,36.7,Zone 4,32.3,Zone 4,46.7,Zone 5,37.0,Zone 4,59.1,Zone 5
Jammu And Kashmir,Samba,Samba,20.2,2026-05-11,00:00:00,93.0,2026-05-10,00:00:00,2026-05-11 00:06:34,21.450000000000045,Zone 3,36.0,Zone 4,21.2,Zone 3,30.8,Zone 4,26.0,Zone 4,35.7,Zone 4,31.2,Zone 4,46.7,Zone 5,36.0,Zone 4,59.1,Zone 5
Jammu And Kashmir,Shopian,Shopian,14.4,2026-05-10,23:45:00,82.0,2026-05-10,23:45:00,2026-05-11 00:06:34,13.75,Zone 2,28.6,Zone 4,13.9,Zone 2,24.8,Zone 3,21.1,Zone 3,28.6,Zone 4,24.8,Zone 3,32.4,Zone 4,28.6,Zone 4,36.2,Zone 4
Jammu And Kashmir,Srinagar,Rambagh,18.3,2026-05-10,23:30:00,66.0,2026-05-10,23:30:00,2026-05-11 00:06:34,17.75,Zone 3,32.1,Zone 4,18.0,Zone 3,27.9,Zone 4,24.0,Zone 3,32.0,Zone 4,28.0,Zone 4,35.9,Zone 4,32.1,Zone 4,39.7,Zone 4
Jammu And Kashmir,Srinagar,Srinagar Amfu,14.6,2026-05-11,00:00:00,100.0,2026-05-10,00:00:00,2026-05-11 00:06:34,14.75,Zone 3,29.2,Zone 4,14.6,Zone 3,25.0,Zone 3,21.5,Zone 3,29.1,Zone 4,25.1,Zone 3,33.2,Zone 4,29.2,Zone 4,38.1,Zone 5
Jharkhand,Bokaro,Kv Bokaro,24.0,2026-05-11,00:00:00,95.0,2026-05-10,00:00:00,2026-05-11 00:06:34,25.850000000000023,Zone 4,58.4,Zone 5,25.8,Zone 4,39.4,Zone 5,32.4,Zone 4,57.0,Zone 5,41.4,Zone 5,61.7,Zone 5,58.4,Zone 5,64.1,Zone 5
Jharkhand,Deoghar,Deoghar Aws400,25.6,2026-05-11,00:00:00,61.0,2026-05-10,00:00:00,2026-05-11 00:06:34,26.25,Zone 4,40.8,Zone 4,26.1,Zone 4,35.8,Zone 4,31.3,Zone 4,40.4,Zone 4,36.2,Zone 4,53.4,Zone 5,40.8,Zone 4,60.5,Zone 5
Jharkhand,East Singhbhum,Bahragora,25.8,2026-05-11,00:00:00,93.0,2026-05-10,00:00:00,2026-05-11 00:06:34,28.950000000000045,Zone 4,61.8,Zone 5,29.3,Zone 4,53.1,Zone 5,36.4,Zone 4,61.4,Zone 5,55.4,Zone 5,64.2,Zone 5,61.8,Zone 5,66.3,Zone 5
Jharkhand,Gumla,Gumla-Bishnupur Kvk,22.5,2026-05-11,00:00:00,73.0,2026-05-10,00:00:00,2026-05-11 00:06:34,23.150000000000034,Zone 3,37.8,Zone 4,23.2,Zone 3,32.8,Zone 4,28.2,Zone 4,37.5,Zone 4,33.1,Zone 4,47.2,Zone 5,37.8,Zone 4,59.2,Zone 5
Jharkhand,Hazaribagh,Barhi,24.9,2026-05-11,00:00:00,75.0,2026-05-10,00:00:00,2026-05-11 00:06:34,26.05000000000001,Zone 4,48.5,Zone 5,26.2,Zone 4,36.8,Zone 4,32.0,Zone 4,47.0,Zone 5,37.3,Zone 4,59.5,Zone 5,48.5,Zone 5,62.3,Zone 5
Jharkhand,Khunti,Diyakel-Khunti Kvk,22.9,2026-05-11,00:00:00,,,,2026-05-11 00:06:34,,,,,,,,,,,,,,,,,,,,
Jharkhand,Kodarma,Kodarma,24.8,2026-05-11,00:00:00,82.0,2026-05-10,00:00:00,2026-05-11 00:06:34,26.350000000000023,Zone 4,54.6,Zone 5,26.6,Zone 4,37.8,Zone 4,32.7,Zone 4,53.0,Zone 5,38.4,Zone 4,60.8,Zone 5,54.6,Zone 5,63.4,Zone 5
Jharkhand,Latehar,Netarhat,20.6,2026-05-11,00:00:00,97.0,2026-05-10,00:00:00,2026-05-11 00:06:34,22.05000000000001,Zone 3,37.9,Zone 5,21.9,Zone 3,31.8,Zone 4,26.9,Zone 4,36.9,Zone 4,32.2,Zone 4,51.9,Zone 5,37.9,Zone 5,60.2,Zone 5
Jharkhand,Lohardaga,Lohardaga Kvk,22.0,2026-05-11,00:00:00,,,,2026-05-11 00:06:34,,,,,,,,,,,,,,,,,,,,
Jharkhand,Pakur,Pakur Kvk,24.7,2026-05-11,00:00:00,,,,2026-05-11 00:06:34,,,,,,,,,,,,,,,,,,,,
Jharkhand,Ramgarh,Ramgarh Kvk,,,,100.0,2026-05-10,00:00:00,2026-05-11 00:06:34,,,,,,,,,,,,,,,,,,,,
Jharkhand,Ranchi,Mc Ranchi,21.2,2026-05-10,23:45:00,100.0,2026-05-10,23:45:00,2026-05-11 00:06:34,22.850000000000023,Zone 3,42.5,Zone 5,22.6,Zone 3,32.8,Zone 4,27.7,Zone 4,41.2,Zone 5,33.3,Zone 4,56.3,Zone 5,42.5,Zone 5,61.2,Zone 5
Jharkhand,Ranchi,Ranchi Amfu,21.2,2026-05-10,23:45:00,92.0,2026-05-10,23:45:00,2026-05-11 00:06:34,22.55000000000001,Zone 3,37.6,Zone 5,22.3,Zone 3,32.2,Zone 4,27.3,Zone 4,37.2,Zone 4,32.6,Zone 4,51.6,Zone 5,37.6,Zone 5,60.1,Zone 5
Jharkhand,Saraikela,Saraikela,25.0,2026-05-11,00:00:00,100.0,2026-05-10,00:00:00,2026-05-11 00:06:34,27.950000000000045,Zone 4,61.5,Zone 5,28.0,Zone 4,51.8,Zone 5,35.2,Zone 4,61.1,Zone 5,54.1,Zone 5,64.0,Zone 5,61.5,Zone 5,66.1,Zone 5
Jharkhand,Simdega,Bano-Simdega Kvk,23.5,2026-05-11,00:00:00,76.0,2026-05-10,00:00:00,2026-05-11 00:06:34,24.450000000000045,Zone 3,40.4,Zone 5,24.4,Zone 3,34.5,Zone 4,29.8,Zone 4,39.4,Zone 4,34.9,Zone 4,54.5,Zone 5,40.4,Zone 5,60.7,Zone 5
Jharkhand,Simdega,Simdega,25.8,2026-05-11,00:00:00,72.0,2026-05-10,00:00:00,2026-05-11 00:06:34,27.150000000000034,Zone 4,52.0,Zone 5,27.5,Zone 4,38.1,Zone 4,33.3,Zone 4,50.5,Zone 5,38.6,Zone 4,60.3,Zone 5,52.0,Zone 5,62.9,Zone 5
Jharkhand,West Singhbhum,Jagannathpur-Bau Kvk,23.8,2026-05-11,00:00:00,,,,2026-05-11 00:06:34,,,,,,,,,,,,,,,,,,,,
Karnataka,Bagalkot,Bagalkot Kvk,29.9,2026-05-11,00:00:00,40.0,2026-05-10,00:00:00,2026-05-11 00:06:34,30.150000000000034,Zone 4,43.6,Zone 4,30.2,Zone 4,39.1,Zone 4,35.0,Zone 4,43.3,Zone 4,39.4,Zone 4,55.3,Zone 5,43.6,Zone 4,60.9,Zone 5
Karnataka,Bangalore Rural,Doddaballapura,24.7,2026-05-11,00:00:00,83.0,2026-05-10,00:00:00,2026-05-11 00:06:34,26.25,Zone 4,52.2,Zone 5,25.9,Zone 4,37.0,Zone 4,32.0,Zone 4,50.7,Zone 5,37.6,Zone 4,60.3,Zone 5,52.2,Zone 5,62.9,Zone 5
Karnataka,Bangalore Urban,Bangalore,25.6,2026-05-10,23:45:00,77.0,2026-05-10,23:45:00,2026-05-11 00:06:34,27.25,Zone 4,53.4,Zone 5,27.1,Zone 4,38.0,Zone 4,33.0,Zone 4,51.9,Zone 5,38.5,Zone 4,60.6,Zone 5,53.4,Zone 5,63.2,Zone 5
Karnataka,Bangalore Urban,Electronic City(Nice),25.4,2026-05-11,00:00:00,76.0,2026-05-10,00:00:00,2026-05-11 00:06:34,26.850000000000023,Zone 4,52.5,Zone 5,27.0,Zone 4,37.8,Zone 4,32.9,Zone 4,51.0,Zone 5,38.4,Zone 4,60.4,Zone 5,52.5,Zone 5,63.0,Zone 5
Karnataka,Bangalore Urban,Gopal Nagar,26.4,2026-05-10,23:45:00,80.0,2026-05-10,23:45:00,2026-05-11 00:06:34,28.75,Zone 4,59.8,Zone 5,28.9,Zone 4,43.4,Zone 5,35.3,Zone 4,59.4,Zone 5,45.7,Zone 5,62.5,Zone 5,59.8,Zone 5,64.8,Zone 5
Karnataka,Bangalore Urban,Madhavara(Nice),26.4,2026-05-10,23:45:00,66.0,2026-05-10,23:45:00,2026-05-11 00:06:34,27.650000000000034,Zone 4,49.4,Zone 5,27.8,Zone 4,38.1,Zone 4,33.3,Zone 4,47.9,Zone 5,38.5,Zone 4,59.7,Zone 5,49.4,Zone 5,62.4,Zone 5
Karnataka,Bellary,Hagari Kvk,29.8,2026-05-11,00:00:00,47.0,2026-05-10,00:00:00,2026-05-11 00:06:34,30.75,Zone 4,49.4,Zone 5,31.0,Zone 4,40.4,Zone 4,36.1,Zone 4,47.9,Zone 5,40.8,Zone 4,59.7,Zone 5,49.4,Zone 5,62.4,Zone 5
Karnataka,Bijapur,Tidagundi Amfu,32.2,2026-05-10,23:45:00,46.0,2026-05-10,23:45:00,2026-05-11 00:06:34,34.150000000000034,Zone 4,58.8,Zone 5,33.8,Zone 4,43.5,Zone 4,39.1,Zone 4,57.4,Zone 5,44.0,Zone 4,61.8,Zone 5,58.8,Zone 5,64.2,Zone 5
Karnataka,Chikmagalur,Mudigere Kvk,22.6,2026-05-11,00:00:00,100.0,2026-05-10,00:00:00,2026-05-11 00:06:34,24.350000000000023,Zone 3,52.5,Zone 5,24.3,Zone 3,35.4,Zone 4,30.1,Zone 4,50.9,Zone 5,36.0,Zone 4,60.4,Zone 5,52.5,Zone 5,63.0,Zone 5
Karnataka,Chitradurga,Hiriyur,26.0,2026-05-11,00:00:00,52.0,2026-05-10,00:00:00,2026-05-11 00:06:34,26.25,Zone 4,40.1,Zone 4,26.2,Zone 4,35.5,Zone 4,31.2,Zone 4,39.8,Zone 4,35.8,Zone 4,48.4,Zone 5,40.1,Zone 4,59.4,Zone 5
Karnataka,Dakshina Kannada,Mangaluru,28.2,2026-05-11,00:00:00,94.0,2026-05-10,00:00:00,2026-05-11 00:06:34,34.950000000000045,Zone 4,65.4,Zone 5,34.3,Zone 4,61.8,Zone 5,54.8,Zone 5,65.0,Zone 5,62.3,Zone 5,67.3,Zone 5,65.4,Zone 5,69.0,Zone 5
Karnataka,Dharwad,Mugad,25.3,2026-05-10,23:45:00,85.0,2026-05-10,23:45:00,2026-05-11 00:06:34,27.350000000000023,Zone 4,59.3,Zone 5,27.7,Zone 4,41.1,Zone 5,34.0,Zone 4,58.5,Zone 5,43.3,Zone 5,62.0,Zone 5,59.3,Zone 5,64.4,Zone 5
Karnataka,Gadag,Gadag,26.5,2026-05-10,23:45:00,74.0,2026-05-10,23:45:00,2026-05-11 00:06:34,28.450000000000045,Zone 4,56.8,Zone 5,28.4,Zone 4,39.4,Zone 4,34.4,Zone 4,55.3,Zone 5,40.0,Zone 4,61.3,Zone 5,56.8,Zone 5,63.8,Zone 5
Karnataka,Gulbarga,Gulbarga,30.2,2026-05-10,23:30:00,42.0,2026-05-10,23:30:00,2026-05-11 00:06:34,30.75,Zone 4,44.1,Zone 4,30.4,Zone 4,39.4,Zone 4,35.3,Zone 4,43.7,Zone 4,39.8,Zone 4,57.2,Zone 5,44.1,Zone 4,61.4,Zone 5
Karnataka,Gulbarga,Raddewadgi,28.2,2026-05-10,23:45:00,54.0,2026-05-10,23:45:00,2026-05-11 00:06:34,29.150000000000034,Zone 4,46.1,Zone 5,28.9,Zone 4,38.6,Zone 4,34.1,Zone 4,44.6,Zone 5,39.0,Zone 4,59.0,Zone 5,46.1,Zone 5,61.8,Zone 5
Karnataka,Hassan,Hassan,22.8,2026-05-11,00:00:00,100.0,2026-05-10,00:00:00,2026-05-11 00:06:34,24.55000000000001,Zone 3,55.8,Zone 5,24.8,Zone 3,36.7,Zone 5,31.0,Zone 4,54.3,Zone 5,38.5,Zone 5,61.1,Zone 5,55.8,Zone 5,63.6,Zone 5
Karnataka,Kolar,Kgf (Kolar),23.8,2026-05-10,23:45:00,11.0,2026-05-10,23:45:00,2026-05-11 00:06:34,21.25,Zone 3,33.6,Zone 4,21.5,Zone 3,30.3,Zone 4,26.8,Zone 4,33.7,Zone 4,30.3,Zone 4,36.8,Zone 4,33.6,Zone 4,39.9,Zone 4
Karnataka,Koppal,Koppal,30.5,2026-05-11,00:00:00,69.0,2026-05-10,00:00:00,2026-05-11 00:06:34,35.450000000000045,Zone 4,63.4,Zone 5,35.4,Zone 4,59.4,Zone 5,42.9,Zone 5,63.0,Zone 5,59.9,Zone 5,65.6,Zone 5,63.4,Zone 5,67.5,Zone 5
Karnataka,Mandya,Malavalli,27.1,2026-05-11,00:00:00,66.0,2026-05-10,00:00:00,2026-05-11 00:06:34,28.650000000000034,Zone 4,52.5,Zone 5,28.5,Zone 4,38.9,Zone 4,34.2,Zone 4,50.9,Zone 5,39.4,Zone 4,60.4,Zone 5,52.5,Zone 5,63.0,Zone 5
Karnataka,Mandya,Mandya Kvk,25.4,2026-05-11,00:00:00,83.0,2026-05-10,00:00:00,2026-05-11 00:06:34,27.350000000000023,Zone 4,58.4,Zone 5,27.5,Zone 4,39.4,Zone 5,33.8,Zone 4,56.9,Zone 5,41.3,Zone 5,61.7,Zone 5,58.4,Zone 5,64.1,Zone 5
Karnataka,Ramanagara,Chandurayanghalli Kvk,25.6,2026-05-11,00:00:00,57.0,2026-05-10,00:00:00,2026-05-11 00:06:34,26.05000000000001,Zone 4,40.1,Zone 4,25.9,Zone 4,35.4,Zone 4,31.0,Zone 4,39.8,Zone 4,35.7,Zone 4,50.2,Zone 5,40.1,Zone 4,59.8,Zone 5
Karnataka,Shivamogga,Agumbe,25.1,2026-05-11,00:00:00,100.0,2026-05-10,00:00:00,2026-05-11 00:06:34,28.150000000000034,Zone 4,61.5,Zone 5,28.0,Zone 4,51.8,Zone 5,35.2,Zone 4,61.1,Zone 5,54.1,Zone 5,64.0,Zone 5,61.5,Zone 5,66.1,Zone 5
Karnataka,Tumkur,Chikkanakalli,25.7,2026-05-11,00:00:00,55.0,2026-05-10,00:00:00,2026-05-11 00:06:34,26.05000000000001,Zone 4,39.8,Zone 4,25.8,Zone 4,35.1,Zone 4,30.8,Zone 4,39.5,Zone 4,35.4,Zone 4,48.5,Zone 5,39.8,Zone 4,59.5,Zone 5
Kerala,Alappuzha,Kayamkulam,28.1,2026-05-10,23:45:00,100.0,2026-05-10,23:45:00,2026-05-11 00:06:34,38.25,Zone 5,66.7,Zone 5,37.1,Zone 5,63.4,Zone 5,59.8,Zone 5,66.3,Zone 5,63.9,Zone 5,68.4,Zone 5,66.7,Zone 5,70.0,Zone 5
Kerala,Alappuzha,Nooranad,27.2,2026-05-10,23:45:00,92.0,2026-05-10,23:45:00,2026-05-11 00:06:34,31.850000000000023,Zone 4,63.2,Zone 5,31.4,Zone 4,59.2,Zone 5,42.1,Zone 5,62.8,Zone 5,59.8,Zone 5,65.4,Zone 5,63.2,Zone 5,67.4,Zone 5
Kerala,Alappuzha,Thycattussery,26.7,2026-05-11,00:00:00,100.0,2026-05-10,00:00:00,2026-05-11 00:06:34,31.850000000000023,Zone 4,64.1,Zone 5,31.3,Zone 4,60.2,Zone 5,47.0,Zone 5,63.7,Zone 5,60.8,Zone 5,66.2,Zone 5,64.1,Zone 5,68.0,Zone 5
Kerala,Ernakulam,Aluva,28.4,2026-05-11,00:00:00,89.0,2026-05-10,00:00:00,2026-05-11 00:06:34,34.450000000000045,Zone 4,65.1,Zone 5,34.7,Zone 4,61.4,Zone 5,53.1,Zone 5,64.7,Zone 5,62.0,Zone 5,67.0,Zone 5,65.1,Zone 5,68.8,Zone 5
Kerala,Ernakulam,Boat Jetty Kgov,29.2,2026-05-10,23:45:00,100.0,2026-05-10,23:45:00,2026-05-11 00:06:34,52.85000000000002,Zone 5,68.5,Zone 5,50.0,Zone 5,65.5,Zone 5,62.5,Zone 5,68.1,Zone 5,66.1,Zone 5,69.9,Zone 5,68.5,Zone 5,71.3,Zone 5
Kerala,Ernakulam,Choondi,27.2,2026-05-11,00:00:00,,,,2026-05-11 00:06:34,,,,,,,,,,,,,,,,,,,,
Kerala,Ernakulam,Dhground Kgov,29.2,2026-05-10,23:45:00,100.0,2026-05-10,23:45:00,2026-05-11 00:06:34,52.85000000000002,Zone 5,68.5,Zone 5,50.0,Zone 5,65.5,Zone 5,62.5,Zone 5,68.1,Zone 5,66.1,Zone 5,69.9,Zone 5,68.5,Zone 5,71.3,Zone 5
Kerala,Ernakulam,Kadavanthra Kgov,30.9,2026-05-10,23:45:00,100.0,2026-05-10,23:45:00,2026-05-11 00:06:34,63.450000000000045,Zone 5,72.6,Zone 6,63.8,Zone 5,70.0,Zone 5,67.9,Zone 5,72.0,Zone 6,70.4,Zone 5,74.9,Zone 6,72.6,Zone 6,77.8,Zone 6
Kerala,Ernakulam,Kalamassery,27.6,2026-05-11,00:00:00,59.0,2026-05-10,00:00:00,2026-05-11 00:06:34,28.75,Zone 4,48.4,Zone 5,28.7,Zone 4,38.6,Zone 4,34.0,Zone 4,46.9,Zone 5,39.0,Zone 4,59.5,Zone 5,48.4,Zone 5,62.3,Zone 5
Kerala,Ernakulam,Koothattukulam,26.8,2026-05-11,00:00:00,100.0,2026-05-10,00:00:00,2026-05-11 00:06:34,32.150000000000034,Zone 4,65.0,Zone 5,32.7,Zone 4,61.3,Zone 5,52.3,Zone 5,64.6,Zone 5,61.8,Zone 5,66.9,Zone 5,65.0,Zone 5,68.7,Zone 5
Kerala,Ernakulam,Odakkali,27.0,2026-05-11,00:00:00,100.0,2026-05-10,00:00:00,2026-05-11 00:06:34,32.650000000000034,Zone 4,65.0,Zone 5,32.7,Zone 4,61.3,Zone 5,52.3,Zone 5,64.6,Zone 5,61.8,Zone 5,66.9,Zone 5,65.0,Zone 5,68.7,Zone 5
Kerala,Idukki,Anayirankal Dam,20.9,2026-05-10,23:30:00,100.0,2026-05-10,23:30:00,2026-05-11 00:06:34,22.55000000000001,Zone 3,42.5,Zone 5,22.6,Zone 3,32.8,Zone 4,27.7,Zone 4,41.2,Zone 5,33.3,Zone 4,56.3,Zone 5,42.5,Zone 5,61.2,Zone 5
Kerala,Idukki,Ayyappankovil,22.5,2026-05-10,23:30:00,100.0,2026-05-10,23:30:00,2026-05-11 00:06:34,24.25,Zone 3,52.5,Zone 5,24.3,Zone 3,35.4,Zone 4,30.1,Zone 4,50.9,Zone 5,36.0,Zone 4,60.4,Zone 5,52.5,Zone 5,63.0,Zone 5
Kerala,Idukki,Cheruthoni,23.8,2026-05-11,00:00:00,100.0,2026-05-10,00:00:00,2026-05-11 00:06:34,25.75,Zone 4,59.8,Zone 5,26.1,Zone 4,43.6,Zone 5,32.9,Zone 4,59.4,Zone 5,45.9,Zone 5,62.5,Zone 5,59.8,Zone 5,64.8,Zone 5
Kerala,Idukki,Kovilkadavu,23.2,2026-05-11,00:00:00,91.0,2026-05-10,00:00:00,2026-05-11 00:06:34,24.650000000000034,Zone 3,49.0,Zone 5,24.5,Zone 3,35.3,Zone 4,30.2,Zone 4,47.4,Zone 5,35.8,Zone 4,59.6,Zone 5,49.0,Zone 5,62.3,Zone 5
Kerala,Idukki,Kundala Dam,15.7,2026-05-11,00:00:00,100.0,2026-05-10,00:00:00,2026-05-11 00:06:34,16.150000000000034,Zone 3,30.4,Zone 4,15.9,Zone 3,25.8,Zone 4,22.4,Zone 3,30.2,Zone 4,25.9,Zone 4,34.4,Zone 4,30.4,Zone 4,42.1,Zone 5
Kerala,Idukki,Munnar,18.1,2026-05-11,00:00:00,100.0,2026-05-10,00:00:00,2026-05-11 00:06:34,19.150000000000034,Zone 3,33.6,Zone 4,19.1,Zone 3,28.6,Zone 4,24.4,Zone 3,33.3,Zone 4,28.9,Zone 4,40.2,Zone 5,33.6,Zone 4,53.7,Zone 5
Kerala,Idukki,Pampadumpara,22.4,2026-05-10,23:15:00,,,,2026-05-11 00:06:34,,,,,,,,,,,,,,,,,,,,
Kerala,Idukki,Sengulam Dam,22.6,2026-05-11,00:00:00,,,,2026-05-11 00:06:34,,,,,,,,,,,,,,,,,,,,
Kerala,Idukki,Udumbannoor,26.5,2026-05-10,23:45:00,100.0,2026-05-10,23:45:00,2026-05-11 00:06:34,31.350000000000023,Zone 4,64.1,Zone 5,31.3,Zone 4,60.2,Zone 5,47.0,Zone 5,63.7,Zone 5,60.8,Zone 5,66.2,Zone 5,64.1,Zone 5,68.0,Zone 5
Kerala,Idukki,Vattavada,17.0,2026-05-10,23:30:00,98.0,2026-05-10,23:30:00,2026-05-11 00:06:34,17.75,Zone 3,32.1,Zone 4,17.7,Zone 3,27.3,Zone 4,23.5,Zone 3,31.9,Zone 4,27.6,Zone 4,36.3,Zone 4,32.1,Zone 4,48.0,Zone 5
Kerala,Idukki,Vellathooval,24.7,2026-05-10,23:45:00,100.0,2026-05-10,23:45:00,2026-05-11 00:06:34,27.350000000000023,Zone 4,60.7,Zone 5,27.0,Zone 4,47.6,Zone 5,34.0,Zone 4,60.2,Zone 5,50.0,Zone 5,63.2,Zone 5,60.7,Zone 5,65.5,Zone 5
Kerala,Kannur,Aralam,26.6,2026-05-11,00:00:00,100.0,2026-05-10,00:00:00,2026-05-11 00:06:34,31.55000000000001,Zone 4,64.1,Zone 5,31.3,Zone 4,60.2,Zone 5,47.0,Zone 5,63.7,Zone 5,60.8,Zone 5,66.2,Zone 5,64.1,Zone 5,68.0,Zone 5
Kerala,Kannur,Ayyankunnu,25.7,2026-05-11,00:00:00,88.0,2026-05-10,00:00:00,2026-05-11 00:06:34,28.25,Zone 4,59.9,Zone 5,27.9,Zone 4,44.0,Zone 5,34.5,Zone 4,59.5,Zone 5,46.3,Zone 5,62.6,Zone 5,59.9,Zone 5,64.9,Zone 5
Kerala,Kannur,Cheruvanchery,26.4,2026-05-11,00:00:00,100.0,2026-05-10,00:00:00,2026-05-11 00:06:34,31.05000000000001,Zone 4,64.1,Zone 5,31.3,Zone 4,60.2,Zone 5,47.0,Zone 5,63.7,Zone 5,60.8,Zone 5,66.2,Zone 5,64.1,Zone 5,68.0,Zone 5
Kerala,Kannur,Peringome,27.2,2026-05-11,00:00:00,92.0,2026-05-10,00:00:00,2026-05-11 00:06:34,31.850000000000023,Zone 4,63.2,Zone 5,31.4,Zone 4,59.2,Zone 5,42.1,Zone 5,62.8,Zone 5,59.8,Zone 5,65.4,Zone 5,63.2,Zone 5,67.4,Zone 5
Kerala,Kasaragod,Kudlu Afmu,29.9,2026-05-11,00:00:00,100.0,2026-05-10,00:00:00,2026-05-11 00:06:34,59.85000000000002,Zone 5,70.2,Zone 5,60.2,Zone 5,67.7,Zone 5,65.2,Zone 5,69.9,Zone 5,68.2,Zone 5,71.4,Zone 5,70.2,Zone 5,74.3,Zone 6
Kerala,Kasaragod,Muliyar,27.5,2026-05-11,00:00:00,100.0,2026-05-10,00:00:00,2026-05-11 00:06:34,34.150000000000034,Zone 4,65.8,Zone 5,34.1,Zone 4,62.3,Zone 5,57.3,Zone 5,65.4,Zone 5,62.9,Zone 5,67.7,Zone 5,65.8,Zone 5,69.3,Zone 5
Kerala,Kasaragod,Padannakkad,27.9,2026-05-11,00:00:00,100.0,2026-05-10,00:00:00,2026-05-11 00:06:34,36.05000000000001,Zone 5,66.7,Zone 5,37.1,Zone 5,63.4,Zone 5,59.8,Zone 5,66.3,Zone 5,63.9,Zone 5,68.4,Zone 5,66.7,Zone 5,70.0,Zone 5
Kerala,Kasaragod,Panathur,26.3,2026-05-11,00:00:00,100.0,2026-05-10,00:00:00,2026-05-11 00:06:34,30.850000000000023,Zone 4,64.1,Zone 5,31.3,Zone 4,60.2,Zone 5,47.0,Zone 5,63.7,Zone 5,60.8,Zone 5,66.2,Zone 5,64.1,Zone 5,68.0,Zone 5
Kerala,Kollam,Chavara,28.1,2026-05-11,00:00:00,100.0,2026-05-10,00:00:00,2026-05-11 00:06:34,38.25,Zone 5,66.7,Zone 5,37.1,Zone 5,63.4,Zone 5,59.8,Zone 5,66.3,Zone 5,63.9,Zone 5,68.4,Zone 5,66.7,Zone 5,70.0,Zone 5
Kerala,Kollam,Karuvelil Tkmit,27.0,2026-05-11,00:00:00,86.0,2026-05-10,00:00:00,2026-05-11 00:06:34,30.55000000000001,Zone 4,61.9,Zone 5,30.6,Zone 4,53.8,Zone 5,37.5,Zone 4,61.5,Zone 5,56.0,Zone 5,64.3,Zone 5,61.9,Zone 5,66.4,Zone 5
Kerala,Kollam,Punalur,27.0,2026-05-10,23:45:00,100.0,2026-05-10,23:45:00,2026-05-11 00:06:34,32.650000000000034,Zone 4,65.0,Zone 5,32.7,Zone 4,61.3,Zone 5,52.3,Zone 5,64.6,Zone 5,61.8,Zone 5,66.9,Zone 5,65.0,Zone 5,68.7,Zone 5
Kerala,Kottayam,Kottayam,27.7,2026-05-10,23:30:00,100.0,2026-05-10,23:30:00,2026-05-11 00:06:34,34.75,Zone 4,65.8,Zone 5,34.1,Zone 4,62.3,Zone 5,57.3,Zone 5,65.4,Zone 5,62.9,Zone 5,67.7,Zone 5,65.8,Zone 5,69.3,Zone 5
Kerala,Kottayam,Vadavathoor,27.2,2026-05-10,23:30:00,100.0,2026-05-10,23:30:00,2026-05-11 00:06:34,33.25,Zone 4,65.0,Zone 5,32.7,Zone 4,61.3,Zone 5,52.3,Zone 5,64.6,Zone 5,61.8,Zone 5,66.9,Zone 5,65.0,Zone 5,68.7,Zone 5
Kerala,Kottayam,Vaikkom,26.4,2026-05-10,23:45:00,97.0,2026-05-10,23:45:00,2026-05-11 00:06:34,30.650000000000034,Zone 4,63.5,Zone 5,30.9,Zone 4,59.5,Zone 5,43.3,Zone 5,63.0,Zone 5,60.0,Zone 5,65.6,Zone 5,63.5,Zone 5,67.5,Zone 5
Kerala,Kozhikode,Kozhikode,30.3,2026-05-11,00:00:00,64.0,2026-05-10,00:00:00,2026-05-11 00:06:34,33.950000000000045,Zone 4,62.0,Zone 5,34.4,Zone 4,54.4,Zone 5,40.6,Zone 4,61.6,Zone 5,56.6,Zone 5,64.4,Zone 5,62.0,Zone 5,66.5,Zone 5
Kerala,Kozhikode,Kunnamangalam,27.5,2026-05-11,00:00:00,100.0,2026-05-10,00:00:00,2026-05-11 00:06:34,34.150000000000034,Zone 4,65.8,Zone 5,34.1,Zone 4,62.3,Zone 5,57.3,Zone 5,65.4,Zone 5,62.9,Zone 5,67.7,Zone 5,65.8,Zone 5,69.3,Zone 5
Kerala,Kozhikode,Urumi,26.2,2026-05-11,00:00:00,100.0,2026-05-10,00:00:00,2026-05-11 00:06:34,30.55000000000001,Zone 4,63.2,Zone 5,30.1,Zone 4,59.2,Zone 5,42.0,Zone 5,62.8,Zone 5,59.8,Zone 5,65.4,Zone 5,63.2,Zone 5,67.4,Zone 5
Kerala,Kozhikode,Vadakara,27.9,2026-05-10,23:45:00,92.0,2026-05-10,23:45:00,2026-05-11 00:06:34,33.650000000000034,Zone 4,64.9,Zone 5,33.9,Zone 4,61.2,Zone 5,52.1,Zone 5,64.5,Zone 5,61.8,Zone 5,66.9,Zone 5,64.9,Zone 5,68.6,Zone 5
Kerala,Kozhikode,Vilangad,25.8,2026-05-11,00:00:00,100.0,2026-05-10,00:00:00,2026-05-11 00:06:34,29.650000000000034,Zone 4,63.2,Zone 5,30.1,Zone 4,59.2,Zone 5,42.0,Zone 5,62.8,Zone 5,59.8,Zone 5,65.4,Zone 5,63.2,Zone 5,67.4,Zone 5
Kerala,Malappuram,Nilambur,27.7,2026-05-11,00:00:00,100.0,2026-05-10,00:00:00,2026-05-11 00:06:34,34.75,Zone 4,65.8,Zone 5,34.1,Zone 4,62.3,Zone 5,57.3,Zone 5,65.4,Zone 5,62.9,Zone 5,67.7,Zone 5,65.8,Zone 5,69.3,Zone 5
Kerala,Malappuram,Palemad,27.7,2026-05-11,00:00:00,99.0,2026-05-10,00:00:00,2026-05-11 00:06:34,34.55000000000001,Zone 4,65.6,Zone 5,33.9,Zone 4,62.1,Zone 5,56.1,Zone 5,65.2,Zone 5,62.6,Zone 5,67.5,Zone 5,65.6,Zone 5,69.1,Zone 5
Kerala,Malappuram,Thavanur Kvk,27.9,2026-05-11,00:00:00,86.0,2026-05-10,00:00:00,2026-05-11 00:06:34,32.55000000000001,Zone 4,63.6,Zone 5,32.8,Zone 4,59.6,Zone 5,43.9,Zone 5,63.2,Zone 5,60.2,Zone 5,65.7,Zone 5,63.6,Zone 5,67.6,Zone 5
Kerala,Malappuram,Vakkad,27.1,2026-05-10,23:45:00,,,,2026-05-11 00:06:34,,,,,,,,,,,,,,,,,,,,
Kerala,Palakkad,Kollengode,28.1,2026-05-10,23:45:00,94.0,2026-05-10,23:45:00,2026-05-11 00:06:34,34.650000000000034,Zone 4,65.4,Zone 5,34.3,Zone 4,61.8,Zone 5,54.8,Zone 5,65.0,Zone 5,62.3,Zone 5,67.3,Zone 5,65.4,Zone 5,69.0,Zone 5
Kerala,Palakkad,Malampuzha Dam,28.6,2026-05-11,00:00:00,85.0,2026-05-10,00:00:00,2026-05-11 00:06:34,34.150000000000034,Zone 4,64.2,Zone 5,33.9,Zone 4,60.3,Zone 5,47.5,Zone 5,63.8,Zone 5,60.9,Zone 5,66.2,Zone 5,64.2,Zone 5,68.1,Zone 5
Kerala,Palakkad,Mangalam Dam,28.5,2026-05-11,00:00:00,89.0,2026-05-10,00:00:00,2026-05-11 00:06:34,34.650000000000034,Zone 4,65.1,Zone 5,34.7,Zone 4,61.4,Zone 5,53.1,Zone 5,64.7,Zone 5,62.0,Zone 5,67.0,Zone 5,65.1,Zone 5,68.8,Zone 5
Kerala,Palakkad,Mankara,29.5,2026-05-10,23:45:00,86.0,2026-05-10,23:45:00,2026-05-11 00:06:34,36.950000000000045,Zone 4,66.1,Zone 5,36.9,Zone 4,62.6,Zone 5,58.6,Zone 5,65.7,Zone 5,63.2,Zone 5,67.9,Zone 5,66.1,Zone 5,69.5,Zone 5
Kerala,Palakkad,Mannarkkad,27.7,2026-05-11,00:00:00,100.0,2026-05-10,00:00:00,2026-05-11 00:06:34,34.75,Zone 4,65.8,Zone 5,34.1,Zone 4,62.3,Zone 5,57.3,Zone 5,65.4,Zone 5,62.9,Zone 5,67.7,Zone 5,65.8,Zone 5,69.3,Zone 5
Kerala,Palakkad,Ottapalam,28.1,2026-05-11,00:00:00,92.0,2026-05-10,00:00:00,2026-05-11 00:06:34,34.150000000000034,Zone 4,64.9,Zone 5,33.9,Zone 4,61.2,Zone 5,52.1,Zone 5,64.5,Zone 5,61.8,Zone 5,66.9,Zone 5,64.9,Zone 5,68.6,Zone 5
Kerala,Palakkad,Parambikulam,24.9,2026-05-11,00:00:00,66.0,2026-05-10,00:00:00,2026-05-11 00:06:34,25.55000000000001,Zone 4,40.8,Zone 5,25.7,Zone 4,35.7,Zone 4,31.1,Zone 4,40.4,Zone 4,36.1,Zone 4,54.8,Zone 5,40.8,Zone 5,60.8,Zone 5
Kerala,Palakkad,Pothundy Dam,27.1,2026-05-11,00:00:00,100.0,2026-05-10,00:00:00,2026-05-11 00:06:34,32.950000000000045,Zone 4,65.0,Zone 5,32.7,Zone 4,61.3,Zone 5,52.3,Zone 5,64.6,Zone 5,61.8,Zone 5,66.9,Zone 5,65.0,Zone 5,68.7,Zone 5
Kerala,Palakkad,Vannamada,27.4,2026-05-11,00:00:00,100.0,2026-05-10,00:00:00,2026-05-11 00:06:34,33.85000000000002,Zone 4,65.8,Zone 5,34.1,Zone 4,62.3,Zone 5,57.3,Zone 5,65.4,Zone 5,62.9,Zone 5,67.7,Zone 5,65.8,Zone 5,69.3,Zone 5
Kerala,Pathanamthitta,Konni,25.9,2026-05-11,00:00:00,98.0,2026-05-10,00:00:00,2026-05-11 00:06:34,29.650000000000034,Zone 4,62.8,Zone 5,29.9,Zone 4,57.9,Zone 5,39.8,Zone 5,62.4,Zone 5,59.3,Zone 5,65.1,Zone 5,62.8,Zone 5,67.1,Zone 5
Kerala,Pathanamthitta,Kunnamthanam,27.3,2026-05-11,00:00:00,100.0,2026-05-10,00:00:00,2026-05-11 00:06:34,33.55000000000001,Zone 4,65.8,Zone 5,34.1,Zone 4,62.3,Zone 5,57.3,Zone 5,65.4,Zone 5,62.9,Zone 5,67.7,Zone 5,65.8,Zone 5,69.3,Zone 5
Kerala,Pathanamthitta,Pathanamthitta,27.1,2026-05-10,23:45:00,100.0,2026-05-10,23:45:00,2026-05-11 00:06:34,32.950000000000045,Zone 4,65.0,Zone 5,32.7,Zone 4,61.3,Zone 5,52.3,Zone 5,64.6,Zone 5,61.8,Zone 5,66.9,Zone 5,65.0,Zone 5,68.7,Zone 5
Kerala,Pathanamthitta,Thiruvalla Kallunkal,30.4,2026-05-11,00:00:00,99.0,2026-05-10,00:00:00,2026-05-11 00:06:34,61.150000000000034,Zone 5,70.9,Zone 5,61.5,Zone 5,68.6,Zone 5,66.2,Zone 5,70.6,Zone 5,69.0,Zone 5,72.7,Zone 6,70.9,Zone 5,75.6,Zone 6
Kerala,Pathanamthitta,Ulanadu,27.1,2026-05-11,00:00:00,88.0,2026-05-10,00:00:00,2026-05-11 00:06:34,31.05000000000001,Zone 4,62.4,Zone 5,30.8,Zone 4,55.8,Zone 5,37.9,Zone 4,61.9,Zone 5,58.0,Zone 5,64.7,Zone 5,62.4,Zone 5,66.7,Zone 5
Kerala,Pathanamthitta,Venkurinji,26.9,2026-05-10,23:30:00,100.0,2026-05-10,23:30:00,2026-05-11 00:06:34,32.35000000000002,Zone 4,65.0,Zone 5,32.7,Zone 4,61.3,Zone 5,52.3,Zone 5,64.6,Zone 5,61.8,Zone 5,66.9,Zone 5,65.0,Zone 5,68.7,Zone 5
Kerala,Thiruvananthapuram,Palode,26.2,2026-05-11,00:00:00,100.0,2026-05-10,00:00:00,2026-05-11 00:06:34,30.55000000000001,Zone 4,63.2,Zone 5,30.1,Zone 4,59.2,Zone 5,42.0,Zone 5,62.8,Zone 5,59.8,Zone 5,65.4,Zone 5,63.2,Zone 5,67.4,Zone 5
Kerala,Thiruvananthapuram,Pirappancode,27.3,2026-05-10,23:15:00,,,,2026-05-11 00:06:34,,,,,,,,,,,,,,,,,,,,
Kerala,Thiruvananthapuram,Thattathumala,26.7,2026-05-11,00:00:00,100.0,2026-05-10,00:00:00,2026-05-11 00:06:34,31.850000000000023,Zone 4,64.1,Zone 5,31.3,Zone 4,60.2,Zone 5,47.0,Zone 5,63.7,Zone 5,60.8,Zone 5,66.2,Zone 5,64.1,Zone 5,68.0,Zone 5
Kerala,Thiruvananthapuram,Thiruvananthapuram,26.8,2026-05-11,00:00:00,81.0,2026-05-10,00:00:00,2026-05-11 00:06:34,29.55000000000001,Zone 4,60.8,Zone 5,30.0,Zone 4,48.3,Zone 5,36.5,Zone 4,60.4,Zone 5,50.6,Zone 5,63.3,Zone 5,60.8,Zone 5,65.6,Zone 5
Kerala,Thiruvananthapuram,Varkala,27.2,2026-05-11,00:00:00,100.0,2026-05-10,00:00:00,2026-05-11 00:06:34,33.25,Zone 4,65.0,Zone 5,32.7,Zone 4,61.3,Zone 5,52.3,Zone 5,64.6,Zone 5,61.8,Zone 5,66.9,Zone 5,65.0,Zone 5,68.7,Zone 5
Kerala,Thrissur,Athirappilly,27.4,2026-05-10,23:45:00,100.0,2026-05-10,23:45:00,2026-05-11 00:06:34,33.85000000000002,Zone 4,65.8,Zone 5,34.1,Zone 4,62.3,Zone 5,57.3,Zone 5,65.4,Zone 5,62.9,Zone 5,67.7,Zone 5,65.8,Zone 5,69.3,Zone 5
Kerala,Thrissur,Kunnamkulam,26.2,2026-05-10,23:45:00,100.0,2026-05-10,23:45:00,2026-05-11 00:06:34,30.55000000000001,Zone 4,63.2,Zone 5,30.1,Zone 4,59.2,Zone 5,42.0,Zone 5,62.8,Zone 5,59.8,Zone 5,65.4,Zone 5,63.2,Zone 5,67.4,Zone 5
Kerala,Thrissur,Lower Sholayar,24.3,2026-05-11,00:00:00,100.0,2026-05-10,00:00:00,2026-05-11 00:06:34,26.650000000000034,Zone 4,60.7,Zone 5,27.0,Zone 4,47.6,Zone 5,34.0,Zone 4,60.2,Zone 5,50.0,Zone 5,63.2,Zone 5,60.7,Zone 5,65.5,Zone 5
Kerala,Thrissur,Munakkal,26.1,2026-05-11,00:00:00,,,,2026-05-11 00:06:34,,,,,,,,,,,,,,,,,,,,
Kerala,Thrissur,Peechi,27.3,2026-05-11,00:00:00,100.0,2026-05-10,00:00:00,2026-05-11 00:06:34,33.55000000000001,Zone 4,65.8,Zone 5,34.1,Zone 4,62.3,Zone 5,57.3,Zone 5,65.4,Zone 5,62.9,Zone 5,67.7,Zone 5,65.8,Zone 5,69.3,Zone 5
Kerala,Thrissur,Peringalkuthu,27.0,2026-05-10,23:45:00,,,,2026-05-11 00:06:34,,,,,,,,,,,,,,,,,,,,
Kerala,Wayanad,Kabanigiri,24.1,2026-05-10,23:45:00,100.0,2026-05-10,23:45:00,2026-05-11 00:06:34,26.350000000000023,Zone 4,59.8,Zone 5,26.1,Zone 4,43.6,Zone 5,32.9,Zone 4,59.4,Zone 5,45.9,Zone 5,62.5,Zone 5,59.8,Zone 5,64.8,Zone 5
Kerala,Wayanad,Kalpeta,23.0,2026-05-11,00:00:00,100.0,2026-05-10,00:00:00,2026-05-11 00:06:34,24.75,Zone 3,55.8,Zone 5,24.8,Zone 3,36.7,Zone 5,31.0,Zone 4,54.3,Zone 5,38.5,Zone 5,61.1,Zone 5,55.8,Zone 5,63.6,Zone 5
Kerala,Wayanad,Kuppadi,22.0,2026-05-11,00:00:00,100.0,2026-05-10,00:00:00,2026-05-11 00:06:34,23.75,Zone 3,49.1,Zone 5,23.7,Zone 3,34.5,Zone 4,29.3,Zone 4,47.5,Zone 5,35.0,Zone 4,59.7,Zone 5,49.1,Zone 5,62.4,Zone 5
Kerala,Wayanad,Padinjarathara Dam,24.8,2026-05-10,23:45:00,,,,2026-05-11 00:06:34,,,,,,,,,,,,,,,,,,,,
Ladakh,Kargil,Dras,12.2,2026-05-11,00:00:00,40.0,2026-05-10,00:00:00,2026-05-11 00:06:34,10.150000000000034,Zone 2,25.4,Zone 4,9.9,Zone 2,22.7,Zone 3,17.8,Zone 3,25.6,Zone 4,22.6,Zone 3,28.9,Zone 4,25.4,Zone 4,32.2,Zone 4
Ladakh,Kargil,Garkon,20.1,2026-05-10,23:45:00,12.0,2026-05-10,23:45:00,2026-05-11 00:06:34,16.75,Zone 3,30.7,Zone 4,16.6,Zone 3,27.4,Zone 4,23.6,Zone 3,30.7,Zone 4,27.3,Zone 4,33.9,Zone 4,30.7,Zone 4,37.0,Zone 4
Ladakh,Kargil,Kargil,16.4,2026-05-10,23:45:00,17.0,2026-05-10,23:45:00,2026-05-11 00:06:34,13.050000000000011,Zone 2,28.3,Zone 4,13.1,Zone 2,25.0,Zone 3,20.9,Zone 3,28.4,Zone 4,24.9,Zone 3,31.6,Zone 4,28.3,Zone 4,34.7,Zone 4
Ladakh,Kargil,Padum Kvk,11.0,2026-05-10,23:45:00,26.0,2026-05-10,23:45:00,2026-05-11 00:06:34,8.550000000000011,Zone 2,24.8,Zone 3,8.5,Zone 2,21.9,Zone 3,16.5,Zone 3,24.9,Zone 3,21.7,Zone 3,27.9,Zone 4,24.8,Zone 3,31.0,Zone 4
Ladakh,Leh,Khaltse,18.9,2026-05-10,23:45:00,10.0,2026-05-10,23:45:00,2026-05-11 00:06:34,15.25,Zone 3,29.9,Zone 4,15.3,Zone 3,26.6,Zone 4,22.7,Zone 3,29.9,Zone 4,26.5,Zone 4,33.1,Zone 4,29.9,Zone 4,36.1,Zone 4
Ladakh,Leh,Leh Amfu,10.6,2026-05-11,00:00:00,28.0,2026-05-10,00:00:00,2026-05-11 00:06:34,8.25,Zone 2,24.5,Zone 3,8.1,Zone 2,21.7,Zone 3,16.2,Zone 3,24.7,Zone 3,21.5,Zone 3,27.6,Zone 4,24.5,Zone 3,30.7,Zone 4
Ladakh,Leh,Mc Leh,10.9,2026-05-10,23:45:00,13.0,2026-05-10,23:45:00,2026-05-11 00:06:34,7.9500000000000455,Zone 2,24.6,Zone 3,8.1,Zone 2,21.7,Zone 3,16.2,Zone 3,24.7,Zone 3,21.5,Zone 3,27.7,Zone 4,24.6,Zone 3,30.7,Zone 4
Ladakh,Leh,Nubra Hunder,13.5,2026-05-10,23:45:00,22.0,2026-05-10,23:45:00,2026-05-11 00:06:34,10.650000000000034,Zone 2,26.2,Zone 4,10.6,Zone 2,23.4,Zone 3,18.5,Zone 3,26.4,Zone 4,23.2,Zone 3,29.6,Zone 4,26.2,Zone 4,32.7,Zone 4
Ladakh,Leh,Nyoma Kvk,11.2,2026-05-10,23:45:00,15.0,2026-05-10,23:45:00,2026-05-11 00:06:34,8.350000000000023,Zone 2,24.6,Zone 3,8.1,Zone 2,21.8,Zone 3,16.2,Zone 3,24.8,Zone 3,21.5,Zone 3,27.7,Zone 4,24.6,Zone 3,30.8,Zone 4
Ladakh,Leh,Tangtse Durbuk,10.0,2026-05-10,23:45:00,17.0,2026-05-10,23:45:00,2026-05-11 00:06:34,7.350000000000023,Zone 2,24.2,Zone 3,7.3,Zone 2,21.2,Zone 3,15.4,Zone 3,24.3,Zone 3,21.0,Zone 3,27.1,Zone 4,24.2,Zone 3,30.1,Zone 4
Ladakh,Leh,Upshi,11.0,2026-05-10,23:45:00,36.0,2026-05-10,23:45:00,2026-05-11 00:06:34,8.850000000000023,Zone 2,24.9,Zone 3,8.9,Zone 2,22.1,Zone 3,16.8,Zone 3,25.0,Zone 3,21.9,Zone 3,28.1,Zone 4,24.9,Zone 3,31.3,Zone 4
Madhya Pradesh,Agar,Agar Malwa,31.0,2026-05-11,00:00:00,23.0,2026-05-10,00:00:00,2026-05-11 00:06:34,29.75,Zone 4,41.4,Zone 4,29.7,Zone 4,37.5,Zone 4,33.9,Zone 4,41.2,Zone 4,37.7,Zone 4,44.7,Zone 4,41.4,Zone 4,54.5,Zone 5
Madhya Pradesh,Anuppur,Amarkantak Crch,22.6,2026-05-11,00:00:00,43.0,2026-05-10,00:00:00,2026-05-11 00:06:34,21.75,Zone 3,34.8,Zone 4,21.7,Zone 3,30.8,Zone 4,26.8,Zone 4,34.7,Zone 4,30.9,Zone 4,38.4,Zone 4,34.8,Zone 4,42.0,Zone 4
Madhya Pradesh,Ashoknagar,Aonwari Kvk,27.3,2026-05-11,00:00:00,36.0,2026-05-10,00:00:00,2026-05-11 00:06:34,26.850000000000023,Zone 4,39.6,Zone 4,27.0,Zone 4,35.5,Zone 4,31.5,Zone 4,39.4,Zone 4,35.7,Zone 4,43.2,Zone 4,39.6,Zone 4,54.5,Zone 5
Madhya Pradesh,Barwani,Talun Kvk,32.9,2026-05-11,00:00:00,20.0,2026-05-10,00:00:00,2026-05-11 00:06:34,31.350000000000023,Zone 4,42.9,Zone 4,31.5,Zone 4,39.1,Zone 4,35.5,Zone 4,42.7,Zone 4,39.3,Zone 4,46.2,Zone 4,42.9,Zone 4,57.5,Zone 5
Madhya Pradesh,Betul,Betul,,,,44.0,2026-05-10,23:45:00,2026-05-11 00:06:34,,,,,,,,,,,,,,,,,,,,
Madhya Pradesh,Bhopal,Berasia,29.7,2026-05-10,23:45:00,36.0,2026-05-10,23:45:00,2026-05-11 00:06:34,29.450000000000045,Zone 4,42.1,Zone 4,29.3,Zone 4,37.8,Zone 4,33.8,Zone 4,41.8,Zone 4,38.1,Zone 4,49.1,Zone 5,42.1,Zone 4,59.6,Zone 5
Madhya Pradesh,Bhopal,Islamnagar,28.1,2026-05-10,23:45:00,42.0,2026-05-10,23:45:00,2026-05-11 00:06:34,28.05000000000001,Zone 4,41.2,Zone 4,28.0,Zone 4,36.8,Zone 4,32.7,Zone 4,40.9,Zone 4,37.1,Zone 4,48.5,Zone 5,41.2,Zone 4,59.5,Zone 5
Madhya Pradesh,Bhopal ,Bhopal,30.4,2026-05-10,23:45:00,35.0,2026-05-10,23:45:00,2026-05-11 00:06:34,30.25,Zone 4,43.2,Zone 4,30.3,Zone 4,38.9,Zone 4,34.9,Zone 4,42.9,Zone 4,39.2,Zone 4,52.3,Zone 5,43.2,Zone 4,60.3,Zone 5
Madhya Pradesh,Datia,Datia,29.1,2026-05-10,23:45:00,53.0,2026-05-10,23:45:00,2026-05-11 00:06:34,30.350000000000023,Zone 4,50.7,Zone 5,30.2,Zone 4,40.0,Zone 4,35.5,Zone 4,49.2,Zone 5,40.4,Zone 4,60.0,Zone 5,50.7,Zone 5,62.7,Zone 5
Madhya Pradesh,Dewas,Kannod,29.7,2026-05-10,23:45:00,21.0,2026-05-10,23:45:00,2026-05-11 00:06:34,28.25,Zone 4,39.5,Zone 4,28.1,Zone 4,35.8,Zone 4,32.1,Zone 4,39.4,Zone 4,35.9,Zone 4,42.8,Zone 4,39.5,Zone 4,47.8,Zone 5
Madhya Pradesh,Dhar,Dhar,31.8,2026-05-11,00:00:00,21.0,2026-05-10,00:00:00,2026-05-11 00:06:34,30.350000000000023,Zone 4,42.0,Zone 4,30.6,Zone 4,38.2,Zone 4,34.6,Zone 4,41.9,Zone 4,38.4,Zone 4,45.3,Zone 4,42.0,Zone 4,55.6,Zone 5
Madhya Pradesh,Hoshangabad,Hoshangabad,29.7,2026-05-10,23:45:00,49.0,2026-05-10,23:45:00,2026-05-11 00:06:34,30.850000000000023,Zone 4,49.0,Zone 5,30.5,Zone 4,40.0,Zone 4,35.6,Zone 4,47.5,Zone 5,40.4,Zone 4,59.7,Zone 5,49.0,Zone 5,62.4,Zone 5
Madhya Pradesh,Hoshangabad,Hoshangabad Amfu,26.4,2026-05-10,23:45:00,68.0,2026-05-10,23:45:00,2026-05-11 00:06:34,27.75,Zone 4,51.3,Zone 5,27.9,Zone 4,38.4,Zone 4,33.6,Zone 4,49.8,Zone 5,38.9,Zone 4,60.1,Zone 5,51.3,Zone 5,62.8,Zone 5
Madhya Pradesh,Hoshangabad,Pachmarhi Aec,21.2,2026-05-11,00:00:00,71.0,2026-05-10,00:00:00,2026-05-11 00:06:34,21.55000000000001,Zone 3,35.4,Zone 4,21.3,Zone 3,30.8,Zone 4,26.3,Zone 4,35.2,Zone 4,31.0,Zone 4,39.4,Zone 4,35.4,Zone 4,52.5,Zone 5
Madhya Pradesh,Mandsaur,Mandsour,27.8,2026-05-10,23:45:00,34.0,2026-05-10,23:45:00,2026-05-11 00:06:34,27.25,Zone 4,39.9,Zone 4,27.4,Zone 4,35.8,Zone 4,31.9,Zone 4,39.7,Zone 4,36.0,Zone 4,43.4,Zone 4,39.9,Zone 4,54.6,Zone 5
Madhya Pradesh,Neemuch,Marukheda Kvk,28.3,2026-05-11,00:00:00,32.0,2026-05-10,00:00:00,2026-05-11 00:06:34,27.650000000000034,Zone 4,40.1,Zone 4,27.8,Zone 4,36.1,Zone 4,32.2,Zone 4,40.0,Zone 4,36.3,Zone 4,43.6,Zone 4,40.1,Zone 4,54.6,Zone 5
Madhya Pradesh,Niwari,Prithvipur,29.9,2026-05-10,23:45:00,34.0,2026-05-10,23:45:00,2026-05-11 00:06:34,29.55000000000001,Zone 4,42.3,Zone 4,29.7,Zone 4,38.1,Zone 4,34.2,Zone 4,42.1,Zone 4,38.4,Zone 4,49.1,Zone 5,42.3,Zone 4,59.6,Zone 5
Madhya Pradesh,Rajgarh,Rajgarh Kvk,26.8,2026-05-11,00:00:00,28.0,2026-05-10,00:00:00,2026-05-11 00:06:34,25.850000000000023,Zone 4,37.9,Zone 4,26.1,Zone 4,34.1,Zone 4,30.3,Zone 4,37.8,Zone 4,34.2,Zone 4,41.4,Zone 4,37.9,Zone 4,46.1,Zone 5
Madhya Pradesh,Sagar,Khurai,28.5,2026-05-10,23:45:00,45.0,2026-05-10,23:45:00,2026-05-11 00:06:34,28.850000000000023,Zone 4,42.5,Zone 4,28.8,Zone 4,37.9,Zone 4,33.7,Zone 4,42.2,Zone 4,38.2,Zone 4,53.6,Zone 5,42.5,Zone 4,60.5,Zone 5
Madhya Pradesh,Sagar,Sagar,27.9,2026-05-10,23:45:00,42.0,2026-05-10,23:45:00,2026-05-11 00:06:34,27.850000000000023,Zone 4,41.2,Zone 4,28.0,Zone 4,36.8,Zone 4,32.7,Zone 4,40.9,Zone 4,37.1,Zone 4,48.5,Zone 5,41.2,Zone 4,59.5,Zone 5
Madhya Pradesh,Satna,Gramoday Vv Chitrakoot,29.8,2026-05-11,00:00:00,41.0,2026-05-10,00:00:00,2026-05-11 00:06:34,30.05000000000001,Zone 4,43.8,Zone 4,30.3,Zone 4,39.3,Zone 4,35.1,Zone 4,43.5,Zone 4,39.6,Zone 4,56.3,Zone 5,43.8,Zone 4,61.1,Zone 5
Madhya Pradesh,Satna,Satna,28.4,2026-05-10,23:45:00,41.0,2026-05-10,23:45:00,2026-05-11 00:06:34,28.350000000000023,Zone 4,41.7,Zone 4,28.5,Zone 4,37.3,Zone 4,33.2,Zone 4,41.4,Zone 4,37.6,Zone 4,49.8,Zone 5,41.7,Zone 4,59.7,Zone 5
Madhya Pradesh,Sehore,Ahmadpur Iitm,28.8,2026-05-11,00:00:00,33.0,2026-05-10,00:00:00,2026-05-11 00:06:34,28.25,Zone 4,40.9,Zone 4,28.5,Zone 4,36.8,Zone 4,32.9,Zone 4,40.7,Zone 4,37.0,Zone 4,44.4,Zone 4,40.9,Zone 4,57.1,Zone 5
Madhya Pradesh,Sehore,Bhairunda,30.9,2026-05-10,23:45:00,29.0,2026-05-10,23:45:00,2026-05-11 00:06:34,30.150000000000034,Zone 4,42.6,Zone 4,30.3,Zone 4,38.5,Zone 4,34.6,Zone 4,42.3,Zone 4,38.7,Zone 4,47.7,Zone 5,42.6,Zone 4,59.3,Zone 5
Madhya Pradesh,Shahdol,Kalyanpur Kvk,25.2,2026-05-10,23:45:00,52.0,2026-05-10,23:45:00,2026-05-11 00:06:34,25.25,Zone 4,38.7,Zone 4,25.1,Zone 3,34.2,Zone 4,30.0,Zone 4,38.5,Zone 4,34.5,Zone 4,43.8,Zone 5,38.7,Zone 4,57.0,Zone 5
Madhya Pradesh,Shajapur,Shajapur,27.8,2026-05-10,23:45:00,30.0,2026-05-10,23:45:00,2026-05-11 00:06:34,26.950000000000045,Zone 4,39.3,Zone 4,27.2,Zone 4,35.3,Zone 4,31.5,Zone 4,39.1,Zone 4,35.5,Zone 4,42.7,Zone 4,39.3,Zone 4,51.2,Zone 5
Madhya Pradesh,Sheopur,Sheopur,,,,34.0,2026-05-10,23:45:00,2026-05-11 00:06:34,,,,,,,,,,,,,,,,,,,,
Madhya Pradesh,Shivpuri,Shivpuri,29.2,2026-05-10,23:45:00,41.0,2026-05-10,23:45:00,2026-05-11 00:06:34,29.350000000000023,Zone 4,42.4,Zone 4,29.1,Zone 4,37.9,Zone 4,33.8,Zone 4,42.1,Zone 4,38.2,Zone 4,52.0,Zone 5,42.4,Zone 4,60.2,Zone 5
Madhya Pradesh,Sidhi,Rampur Naikin,28.6,2026-05-10,23:45:00,44.0,2026-05-10,23:45:00,2026-05-11 00:06:34,28.850000000000023,Zone 4,42.3,Zone 4,28.7,Zone 4,37.7,Zone 4,33.5,Zone 4,42.0,Zone 4,38.0,Zone 4,52.7,Zone 5,42.3,Zone 4,60.3,Zone 5
Madhya Pradesh,Sidhi,Sidhi,28.9,2026-05-10,23:45:00,46.0,2026-05-10,23:45:00,2026-05-11 00:06:34,29.450000000000045,Zone 4,43.4,Zone 4,29.5,Zone 4,38.7,Zone 4,34.5,Zone 4,43.1,Zone 4,39.1,Zone 4,56.7,Zone 5,43.4,Zone 4,61.2,Zone 5
Madhya Pradesh,Ujjain,Vikram Vv Ujjain,29.5,2026-05-11,00:00:00,24.0,2026-05-10,00:00:00,2026-05-11 00:06:34,28.350000000000023,Zone 4,40.0,Zone 4,28.3,Zone 4,36.1,Zone 4,32.4,Zone 4,39.8,Zone 4,36.3,Zone 4,43.3,Zone 4,40.0,Zone 4,50.7,Zone 5
Madhya Pradesh,Vidisha,Vidisha,29.1,2026-05-10,23:45:00,38.0,2026-05-10,23:45:00,2026-05-11 00:06:34,28.950000000000045,Zone 4,41.8,Zone 4,28.8,Zone 4,37.5,Zone 4,33.5,Zone 4,41.6,Zone 4,37.7,Zone 4,49.0,Zone 5,41.8,Zone 4,59.6,Zone 5
Maharashtra,Beed,Beed Pto,28.6,2026-05-11,00:00:00,29.0,2026-05-10,00:00:00,2026-05-11 00:06:34,27.75,Zone 4,39.7,Zone 4,27.6,Zone 4,35.7,Zone 4,31.9,Zone 4,39.5,Zone 4,35.9,Zone 4,43.1,Zone 4,39.7,Zone 4,52.0,Zone 5
Maharashtra,Buldhana,Lonar,31.8,2026-05-10,23:45:00,15.0,2026-05-10,23:45:00,2026-05-11 00:06:34,29.75,Zone 4,40.9,Zone 4,30.0,Zone 4,37.3,Zone 4,33.8,Zone 4,40.8,Zone 4,37.4,Zone 4,44.1,Zone 4,40.9,Zone 4,49.1,Zone 5
Maharashtra,Chandrapur,Chandrapur Aws400,31.2,2026-05-11,00:00:00,46.0,2026-05-10,00:00:00,2026-05-11 00:06:34,32.650000000000034,Zone 4,53.7,Zone 5,32.3,Zone 4,41.8,Zone 4,37.4,Zone 4,52.2,Zone 5,42.2,Zone 4,60.6,Zone 5,53.7,Zone 5,63.2,Zone 5
Maharashtra,Gondia,Gondia Aws400,27.1,2026-05-10,23:15:00,,,,2026-05-11 00:06:34,,,,,,,,,,,,,,,,,,,,
Maharashtra,Gondia,Tiroda,,,,52.0,2026-05-10,23:45:00,2026-05-11 00:06:34,,,,,,,,,,,,,,,,,,,,
Maharashtra,Hingoli,Hingoli,40.1,2026-05-10,23:45:00,17.0,2026-05-10,23:45:00,2026-05-11 00:06:34,38.75,Zone 4,52.3,Zone 5,38.6,Zone 4,46.2,Zone 4,42.6,Zone 4,50.9,Zone 5,46.5,Zone 4,60.4,Zone 5,52.3,Zone 5,63.0,Zone 5
Maharashtra,Hingoli,Tondapur Aws400,31.9,2026-05-11,00:00:00,37.0,2026-05-10,00:00:00,2026-05-11 00:06:34,32.35000000000002,Zone 4,47.5,Zone 5,32.5,Zone 4,41.3,Zone 4,37.2,Zone 4,46.1,Zone 5,41.6,Zone 4,59.4,Zone 5,47.5,Zone 5,62.1,Zone 5
Maharashtra,Kolhapur,Kolhapur Amfu,26.9,2026-05-10,23:45:00,100.0,2026-05-10,23:45:00,2026-05-11 00:06:34,32.35000000000002,Zone 4,65.0,Zone 5,32.7,Zone 4,61.3,Zone 5,52.3,Zone 5,64.6,Zone 5,61.8,Zone 5,66.9,Zone 5,65.0,Zone 5,68.7,Zone 5
Maharashtra,Kolhapur,Radhanagri Ars,25.7,2026-05-11,00:00:00,100.0,2026-05-10,00:00:00,2026-05-11 00:06:34,29.450000000000045,Zone 4,62.4,Zone 5,29.0,Zone 4,55.9,Zone 5,37.6,Zone 5,62.0,Zone 5,58.0,Zone 5,64.7,Zone 5,62.4,Zone 5,66.7,Zone 5
Maharashtra,Mumbai Suburban,Bandra,30.1,2026-05-10,23:45:00,,,,2026-05-11 00:06:34,,,,,,,,,,,,,,,,,,,,
Maharashtra,Mumbai Suburban,Dahisar,30.1,2026-05-10,23:45:00,,,,2026-05-11 00:06:34,,,,,,,,,,,,,,,,,,,,
Maharashtra,Mumbai Suburban,Vidyavihar,30.1,2026-05-11,00:00:00,71.0,2026-05-10,00:00:00,2026-05-11 00:06:34,34.950000000000045,Zone 4,63.1,Zone 5,34.7,Zone 4,59.1,Zone 5,41.5,Zone 5,62.7,Zone 5,59.6,Zone 5,65.3,Zone 5,63.1,Zone 5,67.3,Zone 5
Maharashtra,Mumbai Suburban,Vikhroli,30.6,2026-05-10,23:45:00,67.0,2026-05-10,23:45:00,2026-05-11 00:06:34,35.150000000000034,Zone 4,62.8,Zone 5,35.0,Zone 4,58.1,Zone 5,41.5,Zone 4,62.4,Zone 5,59.3,Zone 5,65.1,Zone 5,62.8,Zone 5,67.1,Zone 5
Maharashtra,Mumbai City,Byculla Mumbai,30.5,2026-05-10,23:45:00,,,,2026-05-11 00:06:34,,,,,,,,,,,,,,,,,,,,
Maharashtra,Mumbai City,Mahalaxmi,30.1,2026-05-10,23:45:00,,,,2026-05-11 00:06:34,,,,,,,,,,,,,,,,,,,,
Maharashtra,Mumbai City,Mumbai Santa Cruz,29.8,2026-05-10,23:45:00,100.0,2026-05-10,23:45:00,2026-05-11 00:06:34,59.450000000000045,Zone 5,70.2,Zone 5,60.2,Zone 5,67.7,Zone 5,65.2,Zone 5,69.9,Zone 5,68.2,Zone 5,71.4,Zone 5,70.2,Zone 5,74.3,Zone 6
Maharashtra,Nagpur,Nagpur,28.8,2026-05-10,23:45:00,63.0,2026-05-10,23:45:00,2026-05-11 00:06:34,31.05000000000001,Zone 4,59.5,Zone 5,31.4,Zone 4,42.3,Zone 5,37.2,Zone 4,59.1,Zone 5,44.5,Zone 5,62.3,Zone 5,59.5,Zone 5,64.6,Zone 5
Maharashtra,Nagpur,Nagpur Kvk,28.8,2026-05-10,23:45:00,48.0,2026-05-10,23:45:00,2026-05-11 00:06:34,29.450000000000045,Zone 4,45.1,Zone 5,29.7,Zone 4,39.1,Zone 4,34.8,Zone 4,43.7,Zone 5,39.4,Zone 4,58.4,Zone 5,45.1,Zone 5,61.7,Zone 5
Maharashtra,Nagpur,Ramtek Aws400,28.2,2026-05-11,00:00:00,56.0,2026-05-10,00:00:00,2026-05-11 00:06:34,29.350000000000023,Zone 4,48.2,Zone 5,29.1,Zone 4,38.9,Zone 4,34.4,Zone 4,46.7,Zone 5,39.3,Zone 4,59.5,Zone 5,48.2,Zone 5,62.2,Zone 5
Maharashtra,Nandurbar,Shahada Aws400,32.6,2026-05-11,00:00:00,30.0,2026-05-10,00:00:00,2026-05-11 00:06:34,32.25,Zone 4,44.7,Zone 4,32.1,Zone 4,40.5,Zone 4,36.6,Zone 4,44.4,Zone 4,40.7,Zone 4,54.8,Zone 5,44.7,Zone 4,60.8,Zone 5
Maharashtra,Nashik,Kalwan,31.2,2026-05-10,23:45:00,38.0,2026-05-10,23:45:00,2026-05-11 00:06:34,31.55000000000001,Zone 4,44.6,Zone 4,31.3,Zone 4,40.1,Zone 4,36.0,Zone 4,44.3,Zone 4,40.4,Zone 4,57.4,Zone 5,44.6,Zone 4,61.4,Zone 5
Maharashtra,Nashik,Malegaon,32.7,2026-05-10,23:45:00,35.0,2026-05-10,23:45:00,2026-05-11 00:06:34,33.05000000000001,Zone 4,47.3,Zone 5,32.8,Zone 4,41.5,Zone 4,37.5,Zone 4,45.9,Zone 5,41.9,Zone 4,59.3,Zone 5,47.3,Zone 5,62.1,Zone 5
Maharashtra,Nashik,Vilholi,31.7,2026-05-11,00:00:00,26.0,2026-05-10,00:00:00,2026-05-11 00:06:34,30.75,Zone 4,42.5,Zone 4,30.5,Zone 4,38.5,Zone 4,34.8,Zone 4,42.3,Zone 4,38.8,Zone 4,46.2,Zone 5,42.5,Zone 4,58.8,Zone 5
Maharashtra,Palghar,Palghar Aws400,26.8,2026-05-11,00:00:00,100.0,2026-05-10,00:00:00,2026-05-11 00:06:34,32.150000000000034,Zone 4,65.0,Zone 5,32.7,Zone 4,61.3,Zone 5,52.3,Zone 5,64.6,Zone 5,61.8,Zone 5,66.9,Zone 5,65.0,Zone 5,68.7,Zone 5
Maharashtra,Pune, Nimgiri Junnar,27.8,2026-05-10,23:45:00,,,,2026-05-11 00:06:34,,,,,,,,,,,,,,,,,,,,
Maharashtra,Pune,Ballalwadi Junnar,29.0,2026-05-10,23:45:00,30.0,2026-05-10,23:45:00,2026-05-11 00:06:34,28.25,Zone 4,40.4,Zone 4,28.2,Zone 4,36.4,Zone 4,32.6,Zone 4,40.2,Zone 4,36.6,Zone 4,43.9,Zone 4,40.4,Zone 4,54.6,Zone 5
Maharashtra,Pune,Blindschool Kp Pune,30.6,2026-05-10,23:45:00,56.0,2026-05-10,23:45:00,2026-05-11 00:06:34,33.150000000000034,Zone 4,59.8,Zone 5,33.0,Zone 4,43.7,Zone 5,38.6,Zone 4,59.4,Zone 5,45.9,Zone 5,62.5,Zone 5,59.8,Zone 5,64.9,Zone 5
Maharashtra,Pune,Cagmo Shivajinagar,29.9,2026-05-10,23:45:00,45.0,2026-05-10,23:45:00,2026-05-11 00:06:34,30.650000000000034,Zone 4,47.0,Zone 5,30.8,Zone 4,40.0,Zone 4,35.7,Zone 4,45.6,Zone 5,40.4,Zone 4,59.3,Zone 5,47.0,Zone 5,62.0,Zone 5
Maharashtra,Pune,Chinchwad Pune,30.1,2026-05-10,23:45:00,35.0,2026-05-10,23:45:00,2026-05-11 00:06:34,29.850000000000023,Zone 4,42.5,Zone 4,29.7,Zone 4,38.2,Zone 4,34.3,Zone 4,42.3,Zone 4,38.5,Zone 4,50.1,Zone 5,42.5,Zone 4,59.8,Zone 5
Maharashtra,Pune,Dps Hadapsar Pune,31.4,2026-05-10,23:45:00,49.0,2026-05-10,23:45:00,2026-05-11 00:06:34,33.35000000000002,Zone 4,59.2,Zone 5,33.5,Zone 4,43.4,Zone 4,38.9,Zone 4,58.3,Zone 5,43.9,Zone 4,62.0,Zone 5,59.2,Zone 5,64.4,Zone 5
Maharashtra,Pune,Girivan,28.0,2026-05-10,23:45:00,35.0,2026-05-10,23:45:00,2026-05-11 00:06:34,27.55000000000001,Zone 4,40.0,Zone 4,27.5,Zone 4,35.9,Zone 4,32.0,Zone 4,39.8,Zone 4,36.1,Zone 4,43.6,Zone 4,40.0,Zone 4,55.4,Zone 5
Maharashtra,Pune,Khadakwadi Ambegaon,31.7,2026-05-10,23:45:00,24.0,2026-05-10,23:45:00,2026-05-11 00:06:34,30.55000000000001,Zone 4,42.1,Zone 4,30.3,Zone 4,38.2,Zone 4,34.5,Zone 4,41.9,Zone 4,38.4,Zone 4,45.5,Zone 4,42.1,Zone 4,57.0,Zone 5
Maharashtra,Pune,Khutbav Daund,29.0,2026-05-10,23:45:00,55.0,2026-05-10,23:45:00,2026-05-11 00:06:34,30.450000000000045,Zone 4,52.9,Zone 5,30.5,Zone 4,40.4,Zone 4,35.8,Zone 4,51.4,Zone 5,40.8,Zone 4,60.5,Zone 5,52.9,Zone 5,63.1,Zone 5
Maharashtra,Pune,Lavale,27.8,2026-05-10,23:45:00,54.0,2026-05-10,23:45:00,2026-05-11 00:06:34,28.650000000000034,Zone 4,46.1,Zone 5,28.9,Zone 4,38.6,Zone 4,34.1,Zone 4,44.6,Zone 5,39.0,Zone 4,59.0,Zone 5,46.1,Zone 5,61.8,Zone 5
Maharashtra,Pune,Lonikalbhor Haveli,26.9,2026-05-10,23:45:00,51.0,2026-05-10,23:45:00,2026-05-11 00:06:34,27.25,Zone 4,41.4,Zone 4,27.4,Zone 4,36.7,Zone 4,32.4,Zone 4,41.1,Zone 4,37.0,Zone 4,52.2,Zone 5,41.4,Zone 4,60.2,Zone 5
Maharashtra,Pune,Magarpatta Pune,31.0,2026-05-10,23:45:00,45.0,2026-05-10,23:45:00,2026-05-11 00:06:34,32.150000000000034,Zone 4,52.5,Zone 5,32.2,Zone 4,41.6,Zone 4,37.2,Zone 4,51.0,Zone 5,42.0,Zone 4,60.4,Zone 5,52.5,Zone 5,63.0,Zone 5
Maharashtra,Pune,Malin Ambegaon,28.1,2026-05-10,23:45:00,43.0,2026-05-10,23:45:00,2026-05-11 00:06:34,28.150000000000034,Zone 4,41.4,Zone 4,28.1,Zone 4,36.9,Zone 4,32.8,Zone 4,41.1,Zone 4,37.2,Zone 4,49.5,Zone 5,41.4,Zone 4,59.7,Zone 5
Maharashtra,Pune,Mti Pashan Pune,26.7,2026-05-10,23:45:00,61.0,2026-05-10,23:45:00,2026-05-11 00:06:34,27.650000000000034,Zone 4,44.6,Zone 5,27.4,Zone 4,37.3,Zone 4,32.8,Zone 4,43.2,Zone 5,37.7,Zone 4,58.0,Zone 5,44.6,Zone 5,61.6,Zone 5
Maharashtra,Pune,Narayangoan Krishi Kendra,29.2,2026-05-10,23:45:00,33.0,2026-05-10,23:45:00,2026-05-11 00:06:34,28.650000000000034,Zone 4,40.9,Zone 4,28.5,Zone 4,36.8,Zone 4,32.9,Zone 4,40.7,Zone 4,37.0,Zone 4,44.4,Zone 4,40.9,Zone 4,57.1,Zone 5
Maharashtra,Pune,Nda Pune,26.4,2026-05-10,23:45:00,52.0,2026-05-10,23:45:00,2026-05-11 00:06:34,26.75,Zone 4,40.8,Zone 4,26.8,Zone 4,36.1,Zone 4,31.8,Zone 4,40.5,Zone 4,36.4,Zone 4,50.7,Zone 5,40.8,Zone 4,59.9,Zone 5
Maharashtra,Pune,Niasm Baramati,29.5,2026-05-10,23:30:00,44.0,2026-05-10,23:30:00,2026-05-11 00:06:34,29.950000000000045,Zone 4,43.8,Zone 4,30.0,Zone 4,39.1,Zone 4,34.9,Zone 4,43.4,Zone 4,39.4,Zone 4,57.0,Zone 5,43.8,Zone 4,61.3,Zone 5
Maharashtra,Pune,Pabal Shirur,27.6,2026-05-10,23:45:00,31.0,2026-05-10,23:45:00,2026-05-11 00:06:34,26.850000000000023,Zone 4,38.9,Zone 4,26.7,Zone 4,34.9,Zone 4,31.1,Zone 4,38.7,Zone 4,35.1,Zone 4,42.3,Zone 4,38.9,Zone 4,50.3,Zone 5
Maharashtra,Pune,Pashan Aws Lab,25.8,2026-05-10,23:45:00,76.0,2026-05-10,23:45:00,2026-05-11 00:06:34,27.450000000000045,Zone 4,55.6,Zone 5,27.8,Zone 4,38.8,Zone 4,33.8,Zone 4,54.1,Zone 5,39.3,Zone 4,61.0,Zone 5,55.6,Zone 5,63.6,Zone 5
Maharashtra,Pune,Pashan Aws Lab Amfu,,,,48.0,2026-05-10,23:30:00,2026-05-11 00:06:34,,,,,,,,,,,,,,,,,,,,
Maharashtra,Pune,Pashan Tdma Test,30.9,2026-05-11,00:00:00,47.0,2026-05-10,00:00:00,2026-05-11 00:06:34,32.25,Zone 4,54.9,Zone 5,32.4,Zone 4,42.0,Zone 4,37.6,Zone 4,53.4,Zone 5,42.5,Zone 4,60.9,Zone 5,54.9,Zone 5,63.4,Zone 5
Maharashtra,Pune,Rajgurunagar,27.6,2026-05-10,23:45:00,48.0,2026-05-10,23:45:00,2026-05-11 00:06:34,27.950000000000045,Zone 4,41.6,Zone 4,27.8,Zone 4,36.9,Zone 4,32.7,Zone 4,41.3,Zone 4,37.3,Zone 4,51.9,Zone 5,41.6,Zone 4,60.2,Zone 5
Maharashtra,Pune,Rjspmcop Dudulgaon,30.8,2026-05-10,23:45:00,41.0,2026-05-10,23:45:00,2026-05-11 00:06:34,31.350000000000023,Zone 4,47.5,Zone 5,31.6,Zone 4,40.7,Zone 4,36.5,Zone 4,46.0,Zone 5,41.1,Zone 4,59.3,Zone 5,47.5,Zone 5,62.1,Zone 5
Maharashtra,Pune,Talegaon,30.7,2026-05-10,23:45:00,,,,2026-05-11 00:06:34,,,,,,,,,,,,,,,,,,,,
Maharashtra,Pune,Wadgaonsheri Pune,30.8,2026-05-10,23:45:00,41.0,2026-05-10,23:45:00,2026-05-11 00:06:34,31.350000000000023,Zone 4,47.5,Zone 5,31.6,Zone 4,40.7,Zone 4,36.5,Zone 4,46.0,Zone 5,41.1,Zone 4,59.3,Zone 5,47.5,Zone 5,62.1,Zone 5
Maharashtra,Raigad,Iighq Newpanvel,30.7,2026-05-10,23:45:00,100.0,2026-05-10,23:45:00,2026-05-11 00:06:34,62.650000000000034,Zone 5,71.1,Zone 5,62.0,Zone 5,68.8,Zone 5,66.5,Zone 5,70.8,Zone 5,69.3,Zone 5,73.1,Zone 6,71.1,Zone 5,76.0,Zone 6
Maharashtra,Raigad,Karjat,29.9,2026-05-10,23:45:00,70.0,2026-05-10,23:45:00,2026-05-11 00:06:34,34.25,Zone 4,62.9,Zone 5,34.5,Zone 4,58.1,Zone 5,41.1,Zone 4,62.5,Zone 5,59.3,Zone 5,65.1,Zone 5,62.9,Zone 5,67.1,Zone 5
Maharashtra,Raigad,Matheran,28.3,2026-05-11,00:00:00,42.0,2026-05-10,00:00:00,2026-05-11 00:06:34,28.350000000000023,Zone 4,41.9,Zone 4,28.6,Zone 4,37.4,Zone 4,33.3,Zone 4,41.6,Zone 4,37.7,Zone 4,50.7,Zone 5,41.9,Zone 4,59.9,Zone 5
Maharashtra,Ratnagiri,Dapoli,26.8,2026-05-10,23:45:00,100.0,2026-05-10,23:45:00,2026-05-11 00:06:34,32.150000000000034,Zone 4,65.0,Zone 5,32.7,Zone 4,61.3,Zone 5,52.3,Zone 5,64.6,Zone 5,61.8,Zone 5,66.9,Zone 5,65.0,Zone 5,68.7,Zone 5
Maharashtra,Ratnagiri,Ratnagiri Aws400,28.6,2026-05-11,00:00:00,99.0,2026-05-10,00:00:00,2026-05-11 00:06:34,42.75,Zone 5,67.4,Zone 5,41.5,Zone 5,64.2,Zone 5,60.8,Zone 5,67.0,Zone 5,64.7,Zone 5,69.0,Zone 5,67.4,Zone 5,70.4,Zone 5
Maharashtra,Ratnagiri,Savarde(Golwane),29.1,2026-05-10,23:45:00,,,,2026-05-11 00:06:34,,,,,,,,,,,,,,,,,,,,
Maharashtra,Satara,Mahabaleshwar,25.0,2026-05-10,23:45:00,58.0,2026-05-10,23:45:00,2026-05-11 00:06:34,25.350000000000023,Zone 4,39.5,Zone 4,25.3,Zone 4,34.8,Zone 4,30.4,Zone 4,39.2,Zone 4,35.1,Zone 4,48.6,Zone 5,39.5,Zone 4,59.5,Zone 5
Maharashtra,Sindhudurg,Devgad,29.3,2026-05-10,23:45:00,90.0,2026-05-10,23:45:00,2026-05-11 00:06:34,37.450000000000045,Zone 4,67.0,Zone 5,39.2,Zone 5,63.8,Zone 5,60.3,Zone 5,66.6,Zone 5,64.3,Zone 5,68.7,Zone 5,67.0,Zone 5,70.2,Zone 5
Maharashtra,Sindhudurg,Mulde Amfu,27.6,2026-05-10,23:45:00,100.0,2026-05-10,23:45:00,2026-05-11 00:06:34,34.450000000000045,Zone 4,65.8,Zone 5,34.1,Zone 4,62.3,Zone 5,57.3,Zone 5,65.4,Zone 5,62.9,Zone 5,67.7,Zone 5,65.8,Zone 5,69.3,Zone 5
Maharashtra,Sindhudurg,Vengurla,27.8,2026-05-10,23:45:00,90.0,2026-05-10,23:45:00,2026-05-11 00:06:34,33.05000000000001,Zone 4,64.5,Zone 5,33.5,Zone 4,60.7,Zone 5,49.4,Zone 5,64.1,Zone 5,61.3,Zone 5,66.5,Zone 5,64.5,Zone 5,68.3,Zone 5
Maharashtra,Solapur,Mohol Kvk,29.1,2026-05-11,00:00:00,32.0,2026-05-10,00:00:00,2026-05-11 00:06:34,28.450000000000045,Zone 4,40.7,Zone 4,28.4,Zone 4,36.6,Zone 4,32.8,Zone 4,40.5,Zone 4,36.9,Zone 4,44.2,Zone 4,40.7,Zone 4,56.3,Zone 5
Maharashtra,Solapur,Sangola Mahavidyalaya,30.7,2026-05-11,00:00:00,29.0,2026-05-10,00:00:00,2026-05-11 00:06:34,29.950000000000045,Zone 4,42.0,Zone 4,29.8,Zone 4,37.9,Zone 4,34.1,Zone 4,41.7,Zone 4,38.1,Zone 4,45.7,Zone 5,42.0,Zone 4,58.5,Zone 5
Maharashtra,Solapur,Solapur,31.9,2026-05-10,23:45:00,44.0,2026-05-10,23:45:00,2026-05-11 00:06:34,33.35000000000002,Zone 4,56.5,Zone 5,33.5,Zone 4,43.0,Zone 4,38.6,Zone 4,55.1,Zone 5,43.4,Zone 4,61.3,Zone 5,56.5,Zone 5,63.8,Zone 5
Maharashtra,Thane,Mira Road,30.2,2026-05-10,23:45:00,,,,2026-05-11 00:06:34,,,,,,,,,,,,,,,,,,,,
Maharashtra,Wardha,Wardha,32.5,2026-05-10,23:45:00,44.0,2026-05-10,23:45:00,2026-05-11 00:06:34,34.25,Zone 4,59.0,Zone 5,34.3,Zone 4,43.8,Zone 4,39.5,Zone 4,57.6,Zone 5,44.3,Zone 4,61.8,Zone 5,59.0,Zone 5,64.3,Zone 5
Maharashtra,Yavatmal,Pushad Aws400,28.6,2026-05-11,00:00:00,44.0,2026-05-10,00:00:00,2026-05-11 00:06:34,28.850000000000023,Zone 4,42.3,Zone 4,28.7,Zone 4,37.7,Zone 4,33.5,Zone 4,42.0,Zone 4,38.0,Zone 4,52.7,Zone 5,42.3,Zone 4,60.3,Zone 5
Manipur,Chandel,Chandel Kvk,18.3,2026-05-10,23:45:00,100.0,2026-05-10,23:45:00,2026-05-11 00:06:34,19.450000000000045,Zone 3,34.3,Zone 4,19.7,Zone 3,29.2,Zone 4,24.8,Zone 3,34.0,Zone 4,29.5,Zone 4,42.6,Zone 5,34.3,Zone 4,56.0,Zone 5
Manipur,Imphal East,Jiribam,22.8,2026-05-10,23:45:00,99.0,2026-05-10,23:45:00,2026-05-11 00:06:34,24.55000000000001,Zone 3,55.1,Zone 5,24.7,Zone 3,36.3,Zone 4,30.9,Zone 4,53.5,Zone 5,37.7,Zone 5,60.9,Zone 5,55.1,Zone 5,63.5,Zone 5
Manipur,Imphal East,Porompat,19.8,2026-05-10,23:45:00,96.0,2026-05-10,23:45:00,2026-05-11 00:06:34,21.05000000000001,Zone 3,36.3,Zone 4,21.3,Zone 3,31.0,Zone 4,26.2,Zone 4,36.0,Zone 4,31.4,Zone 4,48.5,Zone 5,36.3,Zone 4,59.5,Zone 5
Manipur,Imphal West,Imphal Amfu,19.6,2026-05-10,23:45:00,99.0,2026-05-10,23:45:00,2026-05-11 00:06:34,20.950000000000045,Zone 3,35.8,Zone 4,20.8,Zone 3,30.5,Zone 4,25.6,Zone 4,35.5,Zone 4,30.8,Zone 4,47.5,Zone 5,35.8,Zone 4,59.2,Zone 5
Manipur,Kamjong,Kamjong,,,,99.0,2026-05-10,00:00:00,2026-05-11 00:06:34,,,,,,,,,,,,,,,,,,,,
Manipur,Kangpokpi,Saikul,,,,100.0,2026-05-10,00:00:00,2026-05-11 00:06:34,,,,,,,,,,,,,,,,,,,,
Manipur,Kangpokpi,Tujangvaichong,19.8,2026-05-10,23:30:00,100.0,2026-05-10,23:30:00,2026-05-11 00:06:34,21.25,Zone 3,36.9,Zone 5,21.5,Zone 3,31.3,Zone 4,26.3,Zone 4,36.3,Zone 4,31.7,Zone 4,50.8,Zone 5,36.9,Zone 5,60.0,Zone 5
Manipur,Noney,Khoupum,20.6,2026-05-11,00:00:00,100.0,2026-05-10,00:00:00,2026-05-11 00:06:34,22.150000000000034,Zone 3,39.6,Zone 5,22.0,Zone 3,32.0,Zone 4,27.0,Zone 4,38.4,Zone 5,32.4,Zone 4,53.6,Zone 5,39.6,Zone 5,60.6,Zone 5
Manipur,Tengnoupal,Adc Moreh,22.7,2026-05-10,23:45:00,100.0,2026-05-10,23:45:00,2026-05-11 00:06:34,24.450000000000045,Zone 3,52.5,Zone 5,24.3,Zone 3,35.4,Zone 4,30.1,Zone 4,50.9,Zone 5,36.0,Zone 4,60.4,Zone 5,52.5,Zone 5,63.0,Zone 5
Meghalaya,East Garo Hills,Williamnagar,23.6,2026-05-10,23:45:00,90.0,2026-05-10,23:45:00,2026-05-11 00:06:34,25.05000000000001,Zone 3,51.5,Zone 5,24.9,Zone 3,36.1,Zone 4,30.9,Zone 4,49.9,Zone 5,36.6,Zone 4,60.2,Zone 5,51.5,Zone 5,62.8,Zone 5
Meghalaya,East Khasi Hills,Laban,12.5,2026-05-10,23:45:00,68.0,2026-05-10,23:45:00,2026-05-11 00:06:34,11.450000000000045,Zone 2,26.4,Zone 4,11.4,Zone 2,23.4,Zone 3,19.0,Zone 3,26.4,Zone 4,23.4,Zone 3,30.1,Zone 4,26.4,Zone 4,33.6,Zone 4
Meghalaya,East Khasi Hills,Mawryngkneng,19.8,2026-05-10,23:45:00,64.0,2026-05-10,23:45:00,2026-05-11 00:06:34,19.55000000000001,Zone 3,33.6,Zone 4,19.8,Zone 3,29.3,Zone 4,25.1,Zone 3,33.5,Zone 4,29.5,Zone 4,37.5,Zone 4,33.6,Zone 4,44.3,Zone 5
Meghalaya,East Khasi Hills,Mawsynram,18.4,2026-05-10,23:45:00,64.0,2026-05-10,23:45:00,2026-05-11 00:06:34,17.850000000000023,Zone 3,32.0,Zone 4,17.9,Zone 3,27.8,Zone 4,23.9,Zone 3,31.9,Zone 4,27.9,Zone 4,35.8,Zone 4,32.0,Zone 4,39.5,Zone 4
Meghalaya,East Khasi Hills,Nehu,16.4,2026-05-10,23:45:00,90.0,2026-05-10,23:45:00,2026-05-11 00:06:34,16.650000000000034,Zone 3,31.1,Zone 4,16.7,Zone 3,26.6,Zone 4,23.0,Zone 3,30.9,Zone 4,26.7,Zone 4,35.1,Zone 4,31.1,Zone 4,42.3,Zone 5
Meghalaya,East Khasi Hills,Shillong,16.8,2026-05-10,23:45:00,83.0,2026-05-10,23:45:00,2026-05-11 00:06:34,16.75,Zone 3,31.3,Zone 4,17.0,Zone 3,26.9,Zone 4,23.2,Zone 3,31.2,Zone 4,27.0,Zone 4,35.3,Zone 4,31.3,Zone 4,41.4,Zone 5
Meghalaya,Jaintia Hills,Anlarem,19.9,2026-05-10,23:45:00,90.0,2026-05-10,23:45:00,2026-05-11 00:06:34,20.950000000000045,Zone 3,35.7,Zone 4,21.0,Zone 3,30.7,Zone 4,25.9,Zone 4,35.4,Zone 4,31.0,Zone 4,45.0,Zone 5,35.7,Zone 4,57.9,Zone 5
Meghalaya,Jaintia Hills,Jowai,,,,90.0,2026-05-10,23:45:00,2026-05-11 00:06:34,,,,,,,,,,,,,,,,,,,,
Meghalaya,North Garo Hills,Resubelpara,22.3,2026-05-11,00:00:00,99.0,2026-05-10,00:00:00,2026-05-11 00:06:34,24.05000000000001,Zone 3,51.8,Zone 5,24.2,Zone 3,35.3,Zone 4,30.0,Zone 4,50.2,Zone 5,35.9,Zone 4,60.2,Zone 5,51.8,Zone 5,62.9,Zone 5
Meghalaya,Ri Bhoi,Byrnihat,21.7,2026-05-10,23:45:00,100.0,2026-05-10,23:45:00,2026-05-11 00:06:34,23.350000000000023,Zone 3,45.7,Zone 5,23.2,Zone 3,33.6,Zone 4,28.5,Zone 4,44.3,Zone 5,34.1,Zone 4,58.9,Zone 5,45.7,Zone 5,61.8,Zone 5
Meghalaya,Ri Bhoi,Umtrewdam,23.7,2026-05-10,23:45:00,,,,2026-05-11 00:06:34,,,,,,,,,,,,,,,,,,,,
Meghalaya,South Garo Hills,Baghmara,21.7,2026-05-10,23:45:00,99.0,2026-05-10,23:45:00,2026-05-11 00:06:34,23.350000000000023,Zone 3,45.0,Zone 5,23.1,Zone 3,33.5,Zone 4,28.4,Zone 4,43.6,Zone 5,34.0,Zone 4,58.3,Zone 5,45.0,Zone 5,61.6,Zone 5
Meghalaya,South West Garo Hills,Ampati,21.8,2026-05-11,00:00:00,,,,2026-05-11 00:06:34,,,,,,,,,,,,,,,,,,,,
Meghalaya,South West Khasi Hills,Mawkyrwat,14.5,2026-05-11,00:00:00,100.0,2026-05-10,00:00:00,2026-05-11 00:06:34,14.650000000000034,Zone 3,29.2,Zone 4,14.6,Zone 3,25.0,Zone 3,21.5,Zone 3,29.1,Zone 4,25.1,Zone 3,33.2,Zone 4,29.2,Zone 4,38.1,Zone 5
Meghalaya,West Garo Hills,Tura,21.8,2026-05-10,23:45:00,88.0,2026-05-10,23:45:00,2026-05-11 00:06:34,23.05000000000001,Zone 3,40.5,Zone 5,23.3,Zone 3,33.4,Zone 4,28.5,Zone 4,39.3,Zone 5,33.8,Zone 4,54.5,Zone 5,40.5,Zone 5,60.8,Zone 5
Meghalaya,West Khasi Hills,Nongstoin,16.6,2026-05-10,23:45:00,83.0,2026-05-10,23:45:00,2026-05-11 00:06:34,16.55000000000001,Zone 3,30.7,Zone 4,16.4,Zone 3,26.4,Zone 4,22.8,Zone 3,30.6,Zone 4,26.5,Zone 4,34.7,Zone 4,30.7,Zone 4,39.5,Zone 5
Mizoram,Aizawl,Lengpui,24.7,2026-05-11,00:00:00,,,,2026-05-11 00:06:34,,,,,,,,,,,,,,,,,,,,
Mizoram,Aizawl,Mizoram University,19.9,2026-05-10,23:45:00,99.0,2026-05-10,23:45:00,2026-05-11 00:06:34,21.350000000000023,Zone 3,36.6,Zone 4,21.4,Zone 3,31.2,Zone 4,26.3,Zone 4,36.2,Zone 4,31.6,Zone 4,50.3,Zone 5,36.6,Zone 4,59.8,Zone 5
Mizoram,Hnathial,Hnathial,20.7,2026-05-11,00:00:00,100.0,2026-05-10,00:00:00,2026-05-11 00:06:34,22.25,Zone 3,39.6,Zone 5,22.0,Zone 3,32.0,Zone 4,27.0,Zone 4,38.4,Zone 5,32.4,Zone 4,53.6,Zone 5,39.6,Zone 5,60.6,Zone 5
Mizoram,Khawzawl,Khawzawl,18.1,2026-05-11,00:00:00,100.0,2026-05-10,00:00:00,2026-05-11 00:06:34,19.150000000000034,Zone 3,33.6,Zone 4,19.1,Zone 3,28.6,Zone 4,24.4,Zone 3,33.3,Zone 4,28.9,Zone 4,40.2,Zone 5,33.6,Zone 4,53.7,Zone 5
Mizoram,Kolasib,Kolasib,20.4,2026-05-11,00:00:00,100.0,2026-05-10,00:00:00,2026-05-11 00:06:34,21.950000000000045,Zone 3,39.6,Zone 5,22.0,Zone 3,32.0,Zone 4,27.0,Zone 4,38.4,Zone 5,32.4,Zone 4,53.6,Zone 5,39.6,Zone 5,60.6,Zone 5
Mizoram,Lawngtlai,Chawnhu,20.0,2026-05-11,00:00:00,100.0,2026-05-10,00:00:00,2026-05-11 00:06:34,21.450000000000045,Zone 3,36.9,Zone 5,21.5,Zone 3,31.3,Zone 4,26.3,Zone 4,36.3,Zone 4,31.7,Zone 4,50.8,Zone 5,36.9,Zone 5,60.0,Zone 5
Mizoram,Mamit,Lengpui Kvk,21.0,2026-05-11,00:00:00,100.0,2026-05-10,00:00:00,2026-05-11 00:06:34,22.650000000000034,Zone 3,42.5,Zone 5,22.6,Zone 3,32.8,Zone 4,27.7,Zone 4,41.2,Zone 5,33.3,Zone 4,56.3,Zone 5,42.5,Zone 5,61.2,Zone 5
Mizoram,Saiha,Saiha,19.5,2026-05-11,00:00:00,81.0,2026-05-10,00:00:00,2026-05-11 00:06:34,20.05000000000001,Zone 3,34.3,Zone 4,20.0,Zone 3,29.5,Zone 4,25.1,Zone 3,34.1,Zone 4,29.8,Zone 4,38.3,Zone 4,34.3,Zone 4,51.3,Zone 5
Mizoram,Serchhip,Serchhip,,,,20.0,2026-05-10,23:45:00,2026-05-11 00:06:34,,,,,,,,,,,,,,,,,,,,
Nagaland,Kiphire,Kiphire Aws400,18.3,2026-05-11,00:00:00,96.0,2026-05-10,00:00:00,2026-05-11 00:06:34,19.25,Zone 3,34.0,Zone 4,19.5,Zone 3,29.0,Zone 4,24.7,Zone 3,33.8,Zone 4,29.3,Zone 4,40.7,Zone 5,34.0,Zone 4,54.1,Zone 5
Nagaland,Longleng,Sakshi,19.5,2026-05-11,00:00:00,100.0,2026-05-10,00:00:00,2026-05-11 00:06:34,20.850000000000023,Zone 3,35.9,Zone 4,20.9,Zone 3,30.6,Zone 4,25.7,Zone 4,35.5,Zone 4,30.9,Zone 4,48.0,Zone 5,35.9,Zone 4,59.4,Zone 5
Nagaland,Peren,Jalukie,22.5,2026-05-10,23:45:00,100.0,2026-05-10,23:45:00,2026-05-11 00:06:34,24.25,Zone 3,52.5,Zone 5,24.3,Zone 3,35.4,Zone 4,30.1,Zone 4,50.9,Zone 5,36.0,Zone 4,60.4,Zone 5,52.5,Zone 5,63.0,Zone 5
Nagaland,Wokha,Wokha,18.8,2026-05-11,00:00:00,95.0,2026-05-10,00:00:00,2026-05-11 00:06:34,19.850000000000023,Zone 3,34.7,Zone 4,20.1,Zone 3,29.6,Zone 4,25.0,Zone 3,34.4,Zone 4,29.9,Zone 4,42.6,Zone 5,34.7,Zone 4,55.9,Zone 5
Odisha,Balangir,Bolangir,29.7,2026-05-10,23:45:00,100.0,2026-05-10,23:45:00,2026-05-11 00:06:34,59.150000000000034,Zone 5,69.3,Zone 5,56.9,Zone 5,66.6,Zone 5,63.8,Zone 5,69.0,Zone 5,67.1,Zone 5,70.7,Zone 5,69.3,Zone 5,72.6,Zone 6
Odisha,Balasore,Fm University,25.3,2026-05-11,00:00:00,100.0,2026-05-10,00:00:00,2026-05-11 00:06:34,28.55000000000001,Zone 4,62.4,Zone 5,29.0,Zone 4,55.9,Zone 5,37.6,Zone 5,62.0,Zone 5,58.0,Zone 5,64.7,Zone 5,62.4,Zone 5,66.7,Zone 5
Odisha,Cuttack,Cuttack Kvk,26.0,2026-05-11,00:00:00,,,,2026-05-11 00:06:34,,,,,,,,,,,,,,,,,,,,
Odisha,Ganjam,Benakuda Kvk,22.3,2026-05-11,00:00:00,89.0,2026-05-10,00:00:00,2026-05-11 00:06:34,23.650000000000034,Zone 3,44.2,Zone 5,23.8,Zone 3,34.3,Zone 4,29.3,Zone 4,42.8,Zone 5,34.7,Zone 4,57.7,Zone 5,44.2,Zone 5,61.5,Zone 5
Odisha,Jharsuguda,Jharsuguda,24.0,2026-05-10,23:45:00,100.0,2026-05-10,23:45:00,2026-05-11 00:06:34,26.150000000000034,Zone 4,59.8,Zone 5,26.1,Zone 4,43.6,Zone 5,32.9,Zone 4,59.4,Zone 5,45.9,Zone 5,62.5,Zone 5,59.8,Zone 5,64.8,Zone 5
Odisha,Kandhamal,Phulbani,24.6,2026-05-10,23:45:00,100.0,2026-05-10,23:45:00,2026-05-11 00:06:34,27.25,Zone 4,60.7,Zone 5,27.0,Zone 4,47.6,Zone 5,34.0,Zone 4,60.2,Zone 5,50.0,Zone 5,63.2,Zone 5,60.7,Zone 5,65.5,Zone 5
Odisha,Khurdha,Bhubaneshwar Airport,24.4,2026-05-10,23:45:00,94.0,2026-05-10,23:45:00,2026-05-11 00:06:34,26.450000000000045,Zone 4,59.5,Zone 5,26.6,Zone 4,42.1,Zone 5,33.2,Zone 4,59.1,Zone 5,44.3,Zone 5,62.2,Zone 5,59.5,Zone 5,64.6,Zone 5
Odisha,Khurdha,Pitapalli,26.4,2026-05-11,00:00:00,,,,2026-05-11 00:06:34,,,,,,,,,,,,,,,,,,,,
Odisha,Mayurbhanj,Baripada,26.7,2026-05-11,00:00:00,94.0,2026-05-10,00:00:00,2026-05-11 00:06:34,30.950000000000045,Zone 4,62.8,Zone 5,30.5,Zone 4,57.9,Zone 5,39.9,Zone 5,62.4,Zone 5,59.3,Zone 5,65.1,Zone 5,62.8,Zone 5,67.1,Zone 5
Odisha,Nuapada,Nawapada,29.1,2026-05-10,23:45:00,53.0,2026-05-10,23:45:00,2026-05-11 00:06:34,30.350000000000023,Zone 4,50.7,Zone 5,30.2,Zone 4,40.0,Zone 4,35.5,Zone 4,49.2,Zone 5,40.4,Zone 4,60.0,Zone 5,50.7,Zone 5,62.7,Zone 5
Odisha,Puri,Janhukuda(Near Satapada),29.0,2026-05-11,00:00:00,100.0,2026-05-10,00:00:00,2026-05-11 00:06:34,50.05000000000001,Zone 5,68.5,Zone 5,50.0,Zone 5,65.5,Zone 5,62.5,Zone 5,68.1,Zone 5,66.1,Zone 5,69.9,Zone 5,68.5,Zone 5,71.3,Zone 5
Odisha,Puri,Puri Kvk,28.0,2026-05-11,00:00:00,40.0,2026-05-10,00:00:00,2026-05-11 00:06:34,27.850000000000023,Zone 4,40.9,Zone 4,27.8,Zone 4,36.5,Zone 4,32.5,Zone 4,40.6,Zone 4,36.8,Zone 4,46.6,Zone 5,40.9,Zone 4,59.1,Zone 5
Odisha,Rayagada,Gunupur Kvk,27.2,2026-05-11,00:00:00,100.0,2026-05-10,00:00:00,2026-05-11 00:06:34,33.25,Zone 4,65.0,Zone 5,32.7,Zone 4,61.3,Zone 5,52.3,Zone 5,64.6,Zone 5,61.8,Zone 5,66.9,Zone 5,65.0,Zone 5,68.7,Zone 5
Odisha,Sambalpur,Dhankauda,26.6,2026-05-11,00:00:00,66.0,2026-05-10,00:00:00,2026-05-11 00:06:34,27.950000000000045,Zone 4,49.4,Zone 5,27.8,Zone 4,38.1,Zone 4,33.3,Zone 4,47.9,Zone 5,38.5,Zone 4,59.7,Zone 5,49.4,Zone 5,62.4,Zone 5
Odisha,Sonepur,Sonepur,26.4,2026-05-11,00:00:00,67.0,2026-05-10,00:00:00,2026-05-11 00:06:34,27.75,Zone 4,50.4,Zone 5,27.8,Zone 4,38.2,Zone 4,33.5,Zone 4,48.8,Zone 5,38.7,Zone 4,59.9,Zone 5,50.4,Zone 5,62.6,Zone 5
Odisha,Sundergarh,Sundergarh,26.9,2026-05-11,00:00:00,70.0,2026-05-10,00:00:00,2026-05-11 00:06:34,28.75,Zone 4,56.2,Zone 5,28.9,Zone 4,39.6,Zone 4,34.7,Zone 4,54.7,Zone 5,40.2,Zone 4,61.2,Zone 5,56.2,Zone 5,63.7,Zone 5
Puducherry,Karaikal,Karaikal,27.4,2026-05-10,23:45:00,99.0,2026-05-10,23:45:00,2026-05-11 00:06:34,33.650000000000034,Zone 4,65.6,Zone 5,33.9,Zone 4,62.1,Zone 5,56.1,Zone 5,65.2,Zone 5,62.6,Zone 5,67.5,Zone 5,65.6,Zone 5,69.1,Zone 5
Puducherry,Mahe,Mahe Jnv,27.8,2026-05-11,00:00:00,100.0,2026-05-10,00:00:00,2026-05-11 00:06:34,35.05000000000001,Zone 5,66.7,Zone 5,37.1,Zone 5,63.4,Zone 5,59.8,Zone 5,66.3,Zone 5,63.9,Zone 5,68.4,Zone 5,66.7,Zone 5,70.0,Zone 5
Puducherry,Puducherry,Puducherry,27.2,2026-05-10,23:45:00,96.0,2026-05-10,23:45:00,2026-05-11 00:06:34,32.450000000000045,Zone 4,64.1,Zone 5,32.0,Zone 4,60.2,Zone 5,47.1,Zone 5,63.7,Zone 5,60.8,Zone 5,66.2,Zone 5,64.1,Zone 5,68.0,Zone 5
Puducherry,Puducherry,Puducherry Kvk,26.4,2026-05-11,00:00:00,100.0,2026-05-10,00:00:00,2026-05-11 00:06:34,31.05000000000001,Zone 4,64.1,Zone 5,31.3,Zone 4,60.2,Zone 5,47.0,Zone 5,63.7,Zone 5,60.8,Zone 5,66.2,Zone 5,64.1,Zone 5,68.0,Zone 5
Punjab,Barnala,Barnala Arg,,,,11.0,2026-05-10,23:30:00,2026-05-11 00:06:34,,,,,,,,,,,,,,,,,,,,
Punjab,Bathinda,Bhatinda Amfu,31.5,2026-05-10,23:45:00,,,,2026-05-11 00:06:34,,,,,,,,,,,,,,,,,,,,
Punjab,Faridkot,Faridkot Amfu,31.7,2026-05-10,23:15:00,,,,2026-05-11 00:06:34,,,,,,,,,,,,,,,,,,,,
Punjab,Fazilka,Fasc Abohar,30.0,2026-05-11,00:00:00,32.0,2026-05-10,00:00:00,2026-05-11 00:06:34,29.450000000000045,Zone 4,41.9,Zone 4,29.5,Zone 4,37.8,Zone 4,33.9,Zone 4,41.7,Zone 4,38.0,Zone 4,46.9,Zone 5,41.9,Zone 4,59.1,Zone 5
Punjab,Fazilka,Fazilka,29.5,2026-05-10,23:45:00,,,,2026-05-11 00:06:34,,,,,,,,,,,,,,,,,,,,
Punjab,Firozpur,Firozpur Kvk,29.4,2026-05-11,00:00:00,55.0,2026-05-10,00:00:00,2026-05-11 00:06:34,31.05000000000001,Zone 4,55.7,Zone 5,31.2,Zone 4,41.2,Zone 4,36.7,Zone 4,54.2,Zone 5,41.7,Zone 4,61.1,Zone 5,55.7,Zone 5,63.6,Zone 5
Punjab,Hoshiarpur,Hosiyarpur,27.7,2026-05-10,23:45:00,66.0,2026-05-10,23:45:00,2026-05-11 00:06:34,29.55000000000001,Zone 4,55.4,Zone 5,29.3,Zone 4,39.8,Zone 4,35.0,Zone 4,53.9,Zone 5,40.4,Zone 4,61.0,Zone 5,55.4,Zone 5,63.5,Zone 5
Punjab,Muktsar,Gidderbaha,23.1,2026-05-10,23:45:00,,,,2026-05-11 00:06:34,,,,,,,,,,,,,,,,,,,,
Punjab,Pathankot,Kvk Pathankot,27.0,2026-05-11,00:00:00,50.0,2026-05-10,00:00:00,2026-05-11 00:06:34,27.350000000000023,Zone 4,41.2,Zone 4,27.3,Zone 4,36.5,Zone 4,32.3,Zone 4,40.9,Zone 4,36.9,Zone 4,51.3,Zone 5,41.2,Zone 4,60.1,Zone 5
Punjab,Pathankot,Thein Dam,27.0,2026-05-11,00:00:00,67.0,2026-05-10,00:00:00,2026-05-11 00:06:34,28.55000000000001,Zone 4,53.4,Zone 5,28.6,Zone 4,39.1,Zone 4,34.3,Zone 4,51.9,Zone 5,39.6,Zone 4,60.6,Zone 5,53.4,Zone 5,63.2,Zone 5
Punjab,Rupnagar,Bhakra Dam Imdnagal,25.8,2026-05-11,00:00:00,94.0,2026-05-10,00:00:00,2026-05-11 00:06:34,29.05000000000001,Zone 4,62.0,Zone 5,29.4,Zone 4,54.1,Zone 5,36.6,Zone 4,61.6,Zone 5,56.3,Zone 5,64.4,Zone 5,62.0,Zone 5,66.5,Zone 5
Punjab,Rupnagar,Sri Anadpur Sahib Imdjindwadi,28.2,2026-05-11,00:00:00,94.0,2026-05-10,00:00:00,2026-05-11 00:06:34,34.950000000000045,Zone 4,65.4,Zone 5,34.3,Zone 4,61.8,Zone 5,54.8,Zone 5,65.0,Zone 5,62.3,Zone 5,67.3,Zone 5,65.4,Zone 5,69.0,Zone 5
Rajasthan,Ajmer,Ajmer,33.0,2026-05-10,23:45:00,37.0,2026-05-10,23:45:00,2026-05-11 00:06:34,33.85000000000002,Zone 4,52.7,Zone 5,33.8,Zone 4,42.8,Zone 4,38.6,Zone 4,51.2,Zone 5,43.2,Zone 4,60.4,Zone 5,52.7,Zone 5,63.0,Zone 5
Rajasthan,Ajmer,Central University Kishangarh,28.0,2026-05-11,00:00:00,49.0,2026-05-10,00:00:00,2026-05-11 00:06:34,28.55000000000001,Zone 4,42.5,Zone 4,28.5,Zone 4,37.8,Zone 4,33.5,Zone 4,42.2,Zone 4,38.1,Zone 4,55.0,Zone 5,42.5,Zone 4,60.9,Zone 5
Rajasthan,Bikaner,Bikaner Amfu,33.6,2026-05-10,23:45:00,34.0,2026-05-10,23:45:00,2026-05-11 00:06:34,34.150000000000034,Zone 4,51.0,Zone 5,34.0,Zone 4,42.7,Zone 4,38.7,Zone 4,49.5,Zone 5,43.1,Zone 4,60.1,Zone 5,51.0,Zone 5,62.7,Zone 5
Rajasthan,Bikaner,Lunkarnsar,33.5,2026-05-11,00:00:00,31.0,2026-05-10,00:00:00,2026-05-11 00:06:34,33.55000000000001,Zone 4,46.7,Zone 5,33.5,Zone 4,42.0,Zone 4,38.1,Zone 4,46.1,Zone 4,42.3,Zone 4,59.2,Zone 5,46.7,Zone 5,62.0,Zone 5
Rajasthan,Chittaurgarh,Chittorgarh Kvk,28.2,2026-05-11,00:00:00,,,,2026-05-11 00:06:34,,,,,,,,,,,,,,,,,,,,
Rajasthan,Churu,Churu,31.5,2026-05-10,23:45:00,43.0,2026-05-10,23:45:00,2026-05-11 00:06:34,32.650000000000034,Zone 4,52.7,Zone 5,32.6,Zone 4,41.9,Zone 4,37.6,Zone 4,51.2,Zone 5,42.3,Zone 4,60.4,Zone 5,52.7,Zone 5,63.0,Zone 5
Rajasthan,Dausa,Khedali,29.1,2026-05-11,00:00:00,24.0,2026-05-10,00:00:00,2026-05-11 00:06:34,27.950000000000045,Zone 4,39.4,Zone 4,27.8,Zone 4,35.6,Zone 4,32.0,Zone 4,39.3,Zone 4,35.8,Zone 4,42.8,Zone 4,39.4,Zone 4,49.1,Zone 5
Rajasthan,Dungarpur,Dungarpur Kvk,32.0,2026-05-11,00:00:00,,,,2026-05-11 00:06:34,,,,,,,,,,,,,,,,,,,,
Rajasthan,Jaipur,Amity University,29.1,2026-05-11,00:00:00,44.0,2026-05-10,00:00:00,2026-05-11 00:06:34,29.450000000000045,Zone 4,43.0,Zone 4,29.4,Zone 4,38.4,Zone 4,34.2,Zone 4,42.7,Zone 4,38.7,Zone 4,54.9,Zone 5,43.0,Zone 4,60.8,Zone 5
Rajasthan,Jaisalmer,Jaisalmer,31.5,2026-05-10,23:45:00,30.0,2026-05-10,23:45:00,2026-05-11 00:06:34,30.950000000000045,Zone 4,43.4,Zone 4,31.0,Zone 4,39.2,Zone 4,35.4,Zone 4,43.2,Zone 4,39.5,Zone 4,50.8,Zone 5,43.4,Zone 4,59.9,Zone 5
Rajasthan,Jhunjhunu,Jhunjhunu(Aws),30.3,2026-05-10,23:45:00,38.0,2026-05-10,23:45:00,2026-05-11 00:06:34,30.450000000000045,Zone 4,43.9,Zone 4,30.7,Zone 4,39.4,Zone 4,35.3,Zone 4,43.6,Zone 4,39.7,Zone 4,55.4,Zone 5,43.9,Zone 4,60.9,Zone 5
Rajasthan,Jhunjhunu,Pilani,27.1,2026-05-10,23:45:00,32.0,2026-05-10,23:45:00,2026-05-11 00:06:34,26.350000000000023,Zone 4,38.5,Zone 4,26.3,Zone 4,34.5,Zone 4,30.6,Zone 4,38.3,Zone 4,34.7,Zone 4,41.9,Zone 4,38.5,Zone 4,49.4,Zone 5
Rajasthan,Jodhpur,Jodhpur,36.1,2026-05-10,23:45:00,19.0,2026-05-10,23:45:00,2026-05-11 00:06:34,34.55000000000001,Zone 4,46.0,Zone 4,34.5,Zone 4,42.1,Zone 4,38.5,Zone 4,45.8,Zone 4,42.4,Zone 4,53.8,Zone 5,46.0,Zone 4,60.6,Zone 5
Rajasthan,Karauli,Karauli Kvk,30.4,2026-05-11,00:00:00,,,,2026-05-11 00:06:34,,,,,,,,,,,,,,,,,,,,
Rajasthan,Nagaur,Krishi Vishwavidhyalaya,33.2,2026-05-10,23:30:00,28.0,2026-05-10,23:30:00,2026-05-11 00:06:34,32.75,Zone 4,44.9,Zone 4,32.5,Zone 4,40.7,Zone 4,36.8,Zone 4,44.6,Zone 4,40.9,Zone 4,54.4,Zone 5,44.9,Zone 4,60.7,Zone 5
Rajasthan,Pali,Pali,31.2,2026-05-11,00:00:00,25.0,2026-05-10,00:00:00,2026-05-11 00:06:34,30.150000000000034,Zone 4,41.8,Zone 4,29.9,Zone 4,37.8,Zone 4,34.1,Zone 4,41.6,Zone 4,38.0,Zone 4,45.1,Zone 4,41.8,Zone 4,56.4,Zone 5
Rajasthan,Pratapgarh,Pratapgarh,30.3,2026-05-11,00:00:00,25.0,2026-05-10,00:00:00,2026-05-11 00:06:34,29.150000000000034,Zone 4,41.2,Zone 4,29.4,Zone 4,37.3,Zone 4,33.6,Zone 4,41.0,Zone 4,37.5,Zone 4,44.6,Zone 4,41.2,Zone 4,54.9,Zone 5
Rajasthan,Sikar,Fatehpur Amfu,30.0,2026-05-10,23:45:00,49.0,2026-05-10,23:45:00,2026-05-11 00:06:34,31.25,Zone 4,51.8,Zone 5,31.2,Zone 4,40.8,Zone 4,36.4,Zone 4,50.3,Zone 5,41.2,Zone 4,60.2,Zone 5,51.8,Zone 5,62.9,Zone 5
Rajasthan,Sirohi,Mount Abu,26.6,2026-05-10,23:45:00,28.0,2026-05-10,23:45:00,2026-05-11 00:06:34,25.650000000000034,Zone 4,37.4,Zone 4,25.6,Zone 4,33.6,Zone 4,29.8,Zone 4,37.3,Zone 4,33.7,Zone 4,40.8,Zone 4,37.4,Zone 4,44.4,Zone 5
Rajasthan,Sirohi,Sirohi Kvk,33.3,2026-05-11,00:00:00,22.0,2026-05-10,00:00:00,2026-05-11 00:06:34,32.05000000000001,Zone 4,43.9,Zone 4,32.2,Zone 4,40.0,Zone 4,36.4,Zone 4,43.7,Zone 4,40.2,Zone 4,48.8,Zone 5,43.9,Zone 4,59.5,Zone 5
Rajasthan,Sri Ganganagar,Gharsana,33.9,2026-05-10,23:30:00,36.0,2026-05-10,23:30:00,2026-05-11 00:06:34,34.950000000000045,Zone 4,56.3,Zone 5,35.1,Zone 4,44.0,Zone 4,39.9,Zone 4,54.9,Zone 5,44.5,Zone 4,61.2,Zone 5,56.3,Zone 5,63.7,Zone 5
Sikkim,Namchi,Namchi,16.7,2026-05-11,00:00:00,77.0,2026-05-10,00:00:00,2026-05-11 00:06:34,16.350000000000023,Zone 3,30.5,Zone 4,16.1,Zone 3,26.2,Zone 4,22.6,Zone 3,30.4,Zone 4,26.3,Zone 4,34.3,Zone 4,30.5,Zone 4,38.2,Zone 4
Sikkim,Soreng,Soreng,15.6,2026-05-10,23:45:00,66.0,2026-05-10,23:45:00,2026-05-11 00:06:34,14.450000000000045,Zone 3,29.0,Zone 4,14.3,Zone 3,25.1,Zone 3,21.5,Zone 3,29.0,Zone 4,25.1,Zone 3,32.8,Zone 4,29.0,Zone 4,36.4,Zone 4
Tamil Nadu,Chennai,Chennai,28.0,2026-05-10,23:45:00,99.0,2026-05-10,23:45:00,2026-05-11 00:06:34,35.85000000000002,Zone 5,66.5,Zone 5,35.8,Zone 5,63.1,Zone 5,59.5,Zone 5,66.1,Zone 5,63.7,Zone 5,68.2,Zone 5,66.5,Zone 5,69.8,Zone 5
Tamil Nadu,Chennai,Ennore Port,27.0,2026-05-10,23:45:00,82.0,2026-05-10,23:45:00,2026-05-11 00:06:34,30.05000000000001,Zone 4,61.0,Zone 5,30.1,Zone 4,49.4,Zone 5,36.7,Zone 4,60.6,Zone 5,51.8,Zone 5,63.5,Zone 5,61.0,Zone 5,65.7,Zone 5
Tamil Nadu,Chennai,Meenambakkam Isro,25.7,2026-05-11,00:00:00,89.0,2026-05-10,00:00:00,2026-05-11 00:06:34,28.350000000000023,Zone 4,60.1,Zone 5,28.0,Zone 4,45.0,Zone 5,34.6,Zone 4,59.7,Zone 5,47.3,Zone 5,62.8,Zone 5,60.1,Zone 5,65.1,Zone 5
Tamil Nadu,Chennai,Niot Pallikaranai,27.4,2026-05-10,23:45:00,84.0,2026-05-10,23:45:00,2026-05-11 00:06:34,31.150000000000034,Zone 4,62.3,Zone 5,31.4,Zone 4,55.5,Zone 5,38.3,Zone 4,61.9,Zone 5,57.7,Zone 5,64.6,Zone 5,62.3,Zone 5,66.7,Zone 5
Tamil Nadu,Coimbatore,Coimbatore Amfu,26.9,2026-05-11,00:00:00,70.0,2026-05-10,00:00:00,2026-05-11 00:06:34,28.75,Zone 4,56.2,Zone 5,28.9,Zone 4,39.6,Zone 4,34.7,Zone 4,54.7,Zone 5,40.2,Zone 4,61.2,Zone 5,56.2,Zone 5,63.7,Zone 5
Tamil Nadu,Coimbatore,P N Palayam,26.4,2026-05-10,23:45:00,78.0,2026-05-10,23:45:00,2026-05-11 00:06:34,28.55000000000001,Zone 4,59.3,Zone 5,28.8,Zone 4,41.4,Zone 5,35.0,Zone 4,58.7,Zone 5,43.5,Zone 5,62.1,Zone 5,59.3,Zone 5,64.5,Zone 5
Tamil Nadu,Coimbatore,Upasi Tea Research Foundation,20.7,2026-05-11,00:00:00,56.0,2026-05-10,00:00:00,2026-05-11 00:06:34,20.25,Zone 3,33.6,Zone 4,20.0,Zone 3,29.5,Zone 4,25.3,Zone 3,33.5,Zone 4,29.6,Zone 4,37.4,Zone 4,33.6,Zone 4,41.9,Zone 5
Tamil Nadu,Cuddalore,Neyveli,25.4,2026-05-11,00:00:00,99.0,2026-05-10,00:00:00,2026-05-11 00:06:34,28.650000000000034,Zone 4,62.2,Zone 5,28.9,Zone 4,54.9,Zone 5,36.7,Zone 5,61.7,Zone 5,57.1,Zone 5,64.5,Zone 5,62.2,Zone 5,66.6,Zone 5
Tamil Nadu,Dharmapuri,Palacode,26.2,2026-05-10,23:45:00,75.0,2026-05-10,23:45:00,2026-05-11 00:06:34,28.05000000000001,Zone 4,54.7,Zone 5,27.7,Zone 4,38.6,Zone 4,33.6,Zone 4,53.2,Zone 5,39.2,Zone 4,60.9,Zone 5,54.7,Zone 5,63.4,Zone 5
Tamil Nadu,Dindigul,Natham Isro,24.3,2026-05-11,00:00:00,99.0,2026-05-10,00:00:00,2026-05-11 00:06:34,26.55000000000001,Zone 4,60.5,Zone 5,27.0,Zone 4,46.7,Zone 5,33.9,Zone 4,60.1,Zone 5,49.1,Zone 5,63.1,Zone 5,60.5,Zone 5,65.3,Zone 5
Tamil Nadu,Dindigul,Palani,25.6,2026-05-10,23:45:00,78.0,2026-05-10,23:45:00,2026-05-11 00:06:34,27.25,Zone 4,54.3,Zone 5,27.1,Zone 4,38.2,Zone 4,33.1,Zone 4,52.7,Zone 5,38.7,Zone 4,60.8,Zone 5,54.3,Zone 5,63.3,Zone 5
Tamil Nadu,Dindigul,Vedasandur,28.2,2026-05-10,23:45:00,81.0,2026-05-10,23:45:00,2026-05-11 00:06:34,32.450000000000045,Zone 4,62.4,Zone 5,32.0,Zone 4,56.1,Zone 5,38.9,Zone 4,62.0,Zone 5,58.2,Zone 5,64.7,Zone 5,62.4,Zone 5,66.8,Zone 5
Tamil Nadu,Erode,Erode Isro,28.6,2026-05-10,23:45:00,73.0,2026-05-10,23:45:00,2026-05-11 00:06:34,32.05000000000001,Zone 4,61.3,Zone 5,31.9,Zone 4,50.7,Zone 5,38.3,Zone 4,60.9,Zone 5,53.0,Zone 5,63.8,Zone 5,61.3,Zone 5,65.9,Zone 5
Tamil Nadu,Kallakurichi,Kallakurichi,28.4,2026-05-10,23:45:00,88.0,2026-05-10,23:45:00,2026-05-11 00:06:34,34.150000000000034,Zone 4,64.9,Zone 5,34.5,Zone 4,61.2,Zone 5,51.7,Zone 5,64.5,Zone 5,61.7,Zone 5,66.8,Zone 5,64.9,Zone 5,68.6,Zone 5
Tamil Nadu,Kallakurichi,Kallakurichi(Taluk Office),25.6,2026-05-11,00:00:00,97.0,2026-05-10,00:00:00,2026-05-11 00:06:34,28.950000000000045,Zone 4,61.8,Zone 5,28.7,Zone 4,53.0,Zone 5,35.9,Zone 4,61.3,Zone 5,55.3,Zone 5,64.2,Zone 5,61.8,Zone 5,66.3,Zone 5
Tamil Nadu,Kanchipuram,Acs Medical College,28.9,2026-05-10,23:30:00,84.0,2026-05-10,23:30:00,2026-05-11 00:06:34,34.650000000000034,Zone 4,64.7,Zone 5,35.0,Zone 4,61.0,Zone 5,51.1,Zone 5,64.4,Zone 5,61.6,Zone 5,66.7,Zone 5,64.7,Zone 5,68.5,Zone 5
Tamil Nadu,Kanchipuram,Chembarambakkam,26.4,2026-05-11,00:00:00,93.0,2026-05-10,00:00:00,2026-05-11 00:06:34,30.150000000000034,Zone 4,62.6,Zone 5,30.4,Zone 4,57.0,Zone 5,38.8,Zone 5,62.2,Zone 5,59.0,Zone 5,64.9,Zone 5,62.6,Zone 5,66.9,Zone 5
Tamil Nadu,Kanchipuram,Hindustan University,28.2,2026-05-11,00:00:00,87.0,2026-05-10,00:00:00,2026-05-11 00:06:34,33.450000000000045,Zone 4,63.8,Zone 5,33.0,Zone 4,59.9,Zone 5,45.3,Zone 5,63.4,Zone 5,60.4,Zone 5,65.9,Zone 5,63.8,Zone 5,67.8,Zone 5
Tamil Nadu,Kanchipuram,Sathyabama  University,27.4,2026-05-10,23:45:00,94.0,2026-05-10,23:45:00,2026-05-11 00:06:34,32.650000000000034,Zone 4,64.5,Zone 5,32.9,Zone 4,60.7,Zone 5,49.7,Zone 5,64.1,Zone 5,61.3,Zone 5,66.5,Zone 5,64.5,Zone 5,68.3,Zone 5
Tamil Nadu,Kanyakumari,Nagercoil,20.8,2026-05-10,23:45:00,85.0,2026-05-10,23:45:00,2026-05-11 00:06:34,21.75,Zone 3,36.8,Zone 4,22.0,Zone 3,31.7,Zone 4,27.0,Zone 4,36.5,Zone 4,32.0,Zone 4,47.3,Zone 5,36.8,Zone 4,59.2,Zone 5
Tamil Nadu,Kanyakumari,Neyyoor,25.9,2026-05-10,23:30:00,97.0,2026-05-10,23:30:00,2026-05-11 00:06:34,29.55000000000001,Zone 4,62.6,Zone 5,29.8,Zone 4,57.0,Zone 5,38.8,Zone 5,62.2,Zone 5,59.0,Zone 5,64.9,Zone 5,62.6,Zone 5,66.9,Zone 5
Tamil Nadu,Kanyakumari,Thirupathisaram Amfu,25.6,2026-05-10,23:45:00,,,,2026-05-11 00:06:34,,,,,,,,,,,,,,,,,,,,
Tamil Nadu,Krishnagiri,Denkanikottai,23.7,2026-05-11,00:00:00,80.0,2026-05-10,00:00:00,2026-05-11 00:06:34,24.75,Zone 3,43.4,Zone 5,24.6,Zone 3,34.9,Zone 4,30.1,Zone 4,42.1,Zone 5,35.4,Zone 4,57.1,Zone 5,43.4,Zone 5,61.3,Zone 5
Tamil Nadu,Krishnagiri,Hosur,23.8,2026-05-10,23:45:00,92.0,2026-05-10,23:45:00,2026-05-11 00:06:34,25.350000000000023,Zone 4,56.3,Zone 5,25.7,Zone 4,37.3,Zone 4,32.0,Zone 4,54.7,Zone 5,38.9,Zone 5,61.2,Zone 5,56.3,Zone 5,63.7,Zone 5
Tamil Nadu,Madurai,Madurai Isro,26.1,2026-05-10,23:45:00,,,,2026-05-11 00:06:34,,,,,,,,,,,,,,,,,,,,
Tamil Nadu,Mayiladuthurai,Mayiladuthurai,27.0,2026-05-11,00:00:00,,,,2026-05-11 00:06:34,,,,,,,,,,,,,,,,,,,,
Tamil Nadu,Nagapattinam,Kollidam,26.2,2026-05-10,23:45:00,93.0,2026-05-10,23:45:00,2026-05-11 00:06:34,29.75,Zone 4,61.8,Zone 5,29.3,Zone 4,53.1,Zone 5,36.4,Zone 4,61.4,Zone 5,55.4,Zone 5,64.2,Zone 5,61.8,Zone 5,66.3,Zone 5
Tamil Nadu,Nagapattinam,Mo Nagapattinam Campus,28.4,2026-05-10,23:15:00,,,,2026-05-11 00:06:34,,,,,,,,,,,,,,,,,,,,
Tamil Nadu,Nagapattinam,Vedharanyam,26.7,2026-05-11,00:00:00,97.0,2026-05-10,00:00:00,2026-05-11 00:06:34,31.350000000000023,Zone 4,63.5,Zone 5,30.9,Zone 4,59.5,Zone 5,43.3,Zone 5,63.0,Zone 5,60.0,Zone 5,65.6,Zone 5,63.5,Zone 5,67.5,Zone 5
Tamil Nadu,Nctpl Marg Ecr,New Chennai Township Private L,26.5,2026-05-11,00:00:00,100.0,2026-05-10,00:00:00,2026-05-11 00:06:34,31.350000000000023,Zone 4,64.1,Zone 5,31.3,Zone 4,60.2,Zone 5,47.0,Zone 5,63.7,Zone 5,60.8,Zone 5,66.2,Zone 5,64.1,Zone 5,68.0,Zone 5
Tamil Nadu,Perambalur,Perambalur,24.3,2026-05-11,00:00:00,88.0,2026-05-10,00:00:00,2026-05-11 00:06:34,25.950000000000045,Zone 4,56.3,Zone 5,26.2,Zone 4,37.8,Zone 4,32.5,Zone 4,54.8,Zone 5,39.0,Zone 5,61.2,Zone 5,56.3,Zone 5,63.7,Zone 5
Tamil Nadu,Pudukkottai,Vamban Kvk,26.4,2026-05-11,00:00:00,99.0,2026-05-10,00:00:00,2026-05-11 00:06:34,30.950000000000045,Zone 4,63.9,Zone 5,31.2,Zone 4,60.0,Zone 5,45.8,Zone 5,63.5,Zone 5,60.5,Zone 5,66.0,Zone 5,63.9,Zone 5,67.9,Zone 5
Tamil Nadu,Ramanathapuram,Ramnadu Kvk,26.4,2026-05-11,00:00:00,,,,2026-05-11 00:06:34,,,,,,,,,,,,,,,,,,,,
Tamil Nadu,Ranipet,Kalavai,26.1,2026-05-10,23:45:00,,,,2026-05-11 00:06:34,,,,,,,,,,,,,,,,,,,,
Tamil Nadu,Ranipet,Ranipet,26.0,2026-05-11,00:00:00,100.0,2026-05-10,00:00:00,2026-05-11 00:06:34,30.150000000000034,Zone 4,63.2,Zone 5,30.1,Zone 4,59.2,Zone 5,42.0,Zone 5,62.8,Zone 5,59.8,Zone 5,65.4,Zone 5,63.2,Zone 5,67.4,Zone 5
Tamil Nadu,Salem,Govt Hss Mettur,29.8,2026-05-10,23:45:00,70.0,2026-05-10,23:45:00,2026-05-11 00:06:34,34.05000000000001,Zone 4,62.9,Zone 5,34.5,Zone 4,58.1,Zone 5,41.1,Zone 4,62.5,Zone 5,59.3,Zone 5,65.1,Zone 5,62.9,Zone 5,67.1,Zone 5
Tamil Nadu,Salem,Sandhiyur Kvk,27.5,2026-05-11,00:00:00,66.0,2026-05-10,00:00:00,2026-05-11 00:06:34,29.25,Zone 4,55.4,Zone 5,29.3,Zone 4,39.8,Zone 4,35.0,Zone 4,53.9,Zone 5,40.4,Zone 4,61.0,Zone 5,55.4,Zone 5,63.5,Zone 5
Tamil Nadu,Sivaganga,Sethu Bhaskar Agri College Kar,26.3,2026-05-11,00:00:00,100.0,2026-05-10,00:00:00,2026-05-11 00:06:34,30.850000000000023,Zone 4,64.1,Zone 5,31.3,Zone 4,60.2,Zone 5,47.0,Zone 5,63.7,Zone 5,60.8,Zone 5,66.2,Zone 5,64.1,Zone 5,68.0,Zone 5
Tamil Nadu,Thanjavur,Adiramapattinam,25.6,2026-05-11,00:00:00,,,,2026-05-11 00:06:34,,,,,,,,,,,,,,,,,,,,
Tamil Nadu,The Nilgiris,Coonoor,18.0,2026-05-10,23:45:00,91.0,2026-05-10,23:45:00,2026-05-11 00:06:34,18.650000000000034,Zone 3,33.0,Zone 4,18.7,Zone 3,28.2,Zone 4,24.2,Zone 3,32.8,Zone 4,28.5,Zone 4,37.1,Zone 4,33.0,Zone 4,49.4,Zone 5
Tamil Nadu,Thiruninravur,Jaya Engineering Clg,26.9,2026-05-11,00:00:00,97.0,2026-05-10,00:00:00,2026-05-11 00:06:34,31.850000000000023,Zone 4,64.3,Zone 5,32.1,Zone 4,60.5,Zone 5,48.4,Zone 5,63.9,Zone 5,61.1,Zone 5,66.4,Zone 5,64.3,Zone 5,68.2,Zone 5
Tamil Nadu,Thoothukudi,Sattankulam,27.1,2026-05-10,23:45:00,91.0,2026-05-10,23:45:00,2026-05-11 00:06:34,31.450000000000045,Zone 4,63.0,Zone 5,31.2,Zone 4,58.7,Zone 5,40.9,Zone 5,62.6,Zone 5,59.5,Zone 5,65.2,Zone 5,63.0,Zone 5,67.2,Zone 5
Tamil Nadu,Thoothukudi,Thiruchendur,27.6,2026-05-10,23:45:00,99.0,2026-05-10,23:45:00,2026-05-11 00:06:34,34.25,Zone 4,65.6,Zone 5,33.9,Zone 4,62.1,Zone 5,56.1,Zone 5,65.2,Zone 5,62.6,Zone 5,67.5,Zone 5,65.6,Zone 5,69.1,Zone 5
Tamil Nadu,Thoothukudi,Tuticorin Airport,27.3,2026-05-10,23:15:00,,,,2026-05-11 00:06:34,,,,,,,,,,,,,,,,,,,,
Tamil Nadu,Thoothukudi,Tuticorin Railway Station,27.2,2026-05-11,00:00:00,90.0,2026-05-10,00:00:00,2026-05-11 00:06:34,31.55000000000001,Zone 4,62.8,Zone 5,31.1,Zone 4,57.8,Zone 5,39.7,Zone 5,62.4,Zone 5,59.2,Zone 5,65.1,Zone 5,62.8,Zone 5,67.1,Zone 5
Tamil Nadu,Tiruchirappalli,Thuvakudi Isro,26.7,2026-05-10,23:45:00,96.0,2026-05-10,23:45:00,2026-05-11 00:06:34,31.25,Zone 4,63.2,Zone 5,30.8,Zone 4,59.2,Zone 5,42.1,Zone 5,62.8,Zone 5,59.8,Zone 5,65.4,Zone 5,63.2,Zone 5,67.4,Zone 5
Tamil Nadu,Tirunelveli,Radhapuram,27.1,2026-05-11,00:00:00,92.0,2026-05-10,00:00:00,2026-05-11 00:06:34,31.650000000000034,Zone 4,63.2,Zone 5,31.4,Zone 4,59.2,Zone 5,42.1,Zone 5,62.8,Zone 5,59.8,Zone 5,65.4,Zone 5,63.2,Zone 5,67.4,Zone 5
Tamil Nadu,Tirunelveli,Tirunelveli,26.7,2026-05-10,23:45:00,91.0,2026-05-10,23:45:00,2026-05-11 00:06:34,30.55000000000001,Zone 4,62.2,Zone 5,30.1,Zone 4,55.0,Zone 5,37.3,Zone 4,61.8,Zone 5,57.2,Zone 5,64.5,Zone 5,62.2,Zone 5,66.6,Zone 5
Tamil Nadu,Tirupattur,Tirupattur Collectoroffice,26.7,2026-05-11,00:00:00,,,,2026-05-11 00:06:34,,,,,,,,,,,,,,,,,,,,
Tamil Nadu,Tiruppur,Tiruppur Collector Office,28.5,2026-05-11,00:00:00,76.0,2026-05-10,00:00:00,2026-05-11 00:06:34,32.25,Zone 4,62.0,Zone 5,32.3,Zone 4,54.3,Zone 5,38.9,Zone 4,61.6,Zone 5,56.5,Zone 5,64.4,Zone 5,62.0,Zone 5,66.5,Zone 5
Tamil Nadu,Tiruvallur,Good Will School Villivakkam,27.9,2026-05-11,00:00:00,85.0,2026-05-10,00:00:00,2026-05-11 00:06:34,32.35000000000002,Zone 4,63.3,Zone 5,32.6,Zone 4,59.3,Zone 5,42.6,Zone 5,62.9,Zone 5,59.9,Zone 5,65.5,Zone 5,63.3,Zone 5,67.5,Zone 5
Tamil Nadu,Tiruvallur,Poonamallee,27.5,2026-05-10,23:45:00,78.0,2026-05-10,23:45:00,2026-05-11 00:06:34,30.55000000000001,Zone 4,60.9,Zone 5,30.6,Zone 4,48.8,Zone 5,37.1,Zone 4,60.5,Zone 5,51.2,Zone 5,63.4,Zone 5,60.9,Zone 5,65.7,Zone 5
Tamil Nadu,Tiruvallur,R.K.Pet,25.8,2026-05-10,23:45:00,91.0,2026-05-10,23:45:00,2026-05-11 00:06:34,28.75,Zone 4,61.3,Zone 5,29.1,Zone 4,51.0,Zone 5,36.0,Zone 4,60.9,Zone 5,53.4,Zone 5,63.8,Zone 5,61.3,Zone 5,66.0,Zone 5
Tamil Nadu,Tiruvallur,Tirur Kvk,26.4,2026-05-11,00:00:00,,,,2026-05-11 00:06:34,,,,,,,,,,,,,,,,,,,,
Tamil Nadu,Tiruvannamalai,Cheyyar,26.1,2026-05-11,00:00:00,94.0,2026-05-10,00:00:00,2026-05-11 00:06:34,29.650000000000034,Zone 4,62.0,Zone 5,29.4,Zone 4,54.1,Zone 5,36.6,Zone 4,61.6,Zone 5,56.3,Zone 5,64.4,Zone 5,62.0,Zone 5,66.5,Zone 5
Tamil Nadu,Tiruvannamalai,Tiruvannamalai Isro,26.4,2026-05-10,23:45:00,80.0,2026-05-10,23:45:00,2026-05-11 00:06:34,28.75,Zone 4,59.8,Zone 5,28.9,Zone 4,43.4,Zone 5,35.3,Zone 4,59.4,Zone 5,45.7,Zone 5,62.5,Zone 5,59.8,Zone 5,64.8,Zone 5
Tamil Nadu,Vellore,Virinjipuram Kvk,25.4,2026-05-11,00:00:00,37.0,2026-05-10,00:00:00,2026-05-11 00:06:34,24.850000000000023,Zone 3,37.4,Zone 4,24.9,Zone 3,33.4,Zone 4,29.5,Zone 4,37.3,Zone 4,33.6,Zone 4,41.0,Zone 4,37.4,Zone 4,48.1,Zone 5
Tamil Nadu,Virudhunagar,Aruppukottai Kvk,27.6,2026-05-10,23:45:00,78.0,2026-05-10,23:45:00,2026-05-11 00:06:34,30.75,Zone 4,60.9,Zone 5,30.6,Zone 4,48.8,Zone 5,37.1,Zone 4,60.5,Zone 5,51.2,Zone 5,63.4,Zone 5,60.9,Zone 5,65.7,Zone 5
Telangana,Hanumakonda,Hanumakonda,27.4,2026-05-10,23:45:00,76.0,2026-05-10,23:45:00,2026-05-11 00:06:34,30.150000000000034,Zone 4,60.4,Zone 5,30.3,Zone 4,46.6,Zone 5,36.7,Zone 4,60.0,Zone 5,48.9,Zone 5,63.0,Zone 5,60.4,Zone 5,65.3,Zone 5
Telangana,Hyderabad,Golkonda,29.9,2026-05-10,23:45:00,69.0,2026-05-10,23:45:00,2026-05-11 00:06:34,34.05000000000001,Zone 4,62.6,Zone 5,34.3,Zone 4,57.0,Zone 5,40.8,Zone 4,62.2,Zone 5,59.0,Zone 5,64.9,Zone 5,62.6,Zone 5,66.9,Zone 5
Telangana,Hyderabad,Hyderabad,28.1,2026-05-10,23:45:00,59.0,2026-05-10,23:45:00,2026-05-11 00:06:34,29.55000000000001,Zone 4,51.3,Zone 5,29.4,Zone 4,39.4,Zone 4,34.8,Zone 4,49.8,Zone 5,39.9,Zone 4,60.1,Zone 5,51.3,Zone 5,62.8,Zone 5
Telangana,Jogulamba Gadwal,Jurala Cwc,28.2,2026-05-10,23:15:00,,,,2026-05-11 00:06:34,,,,,,,,,,,,,,,,,,,,
Telangana,Karimnagar,Karimnagar,29.7,2026-05-11,00:00:00,70.0,2026-05-10,00:00:00,2026-05-11 00:06:34,33.85000000000002,Zone 4,62.1,Zone 5,33.4,Zone 4,54.6,Zone 5,39.9,Zone 4,61.7,Zone 5,56.8,Zone 5,64.5,Zone 5,62.1,Zone 5,66.5,Zone 5
Telangana,Khammam,Khammam,27.8,2026-05-11,00:00:00,70.0,2026-05-10,00:00:00,2026-05-11 00:06:34,30.150000000000034,Zone 4,59.8,Zone 5,30.5,Zone 4,43.5,Zone 5,36.6,Zone 4,59.4,Zone 5,45.7,Zone 5,62.5,Zone 5,59.8,Zone 5,64.8,Zone 5
Telangana,Khammam,Wyra Kvk,26.3,2026-05-10,23:15:00,,,,2026-05-11 00:06:34,,,,,,,,,,,,,,,,,,,,
Telangana,Mahabubabad,Malyal Kvk,26.5,2026-05-11,00:00:00,66.0,2026-05-10,00:00:00,2026-05-11 00:06:34,27.75,Zone 4,49.4,Zone 5,27.8,Zone 4,38.1,Zone 4,33.3,Zone 4,47.9,Zone 5,38.5,Zone 4,59.7,Zone 5,49.4,Zone 5,62.4,Zone 5
Telangana,Mahbubnagar,Kodangal,,,,10.0,2026-05-10,00:00:00,2026-05-11 00:06:34,,,,,,,,,,,,,,,,,,,,
Telangana,Mahbubnagar,Mahbubnagar,29.1,2026-05-10,23:45:00,54.0,2026-05-10,23:45:00,2026-05-11 00:06:34,30.450000000000045,Zone 4,51.8,Zone 5,30.3,Zone 4,40.2,Zone 4,35.7,Zone 4,50.3,Zone 5,40.6,Zone 4,60.2,Zone 5,51.8,Zone 5,62.9,Zone 5
Telangana,Medak,Ars Basanthpur,28.1,2026-05-11,00:00:00,53.0,2026-05-10,00:00:00,2026-05-11 00:06:34,28.950000000000045,Zone 4,45.0,Zone 5,28.8,Zone 4,38.4,Zone 4,34.0,Zone 4,43.6,Zone 5,38.8,Zone 4,58.4,Zone 5,45.0,Zone 5,61.6,Zone 5
Telangana,Medak,Medak,29.1,2026-05-11,00:00:00,52.0,2026-05-10,00:00:00,2026-05-11 00:06:34,30.25,Zone 4,49.6,Zone 5,30.1,Zone 4,39.8,Zone 4,35.3,Zone 4,48.1,Zone 5,40.2,Zone 4,59.8,Zone 5,49.6,Zone 5,62.5,Zone 5
Telangana,Medchal Malkajgiri,Cgwb Nagole,27.3,2026-05-10,23:45:00,65.0,2026-05-10,23:45:00,2026-05-11 00:06:34,28.850000000000023,Zone 4,54.5,Zone 5,29.2,Zone 4,39.6,Zone 4,34.9,Zone 4,52.9,Zone 5,40.2,Zone 4,60.8,Zone 5,54.5,Zone 5,63.4,Zone 5
Telangana,Nalgonda,Devarakonda,30.1,2026-05-10,23:45:00,55.0,2026-05-10,23:45:00,2026-05-11 00:06:34,32.150000000000034,Zone 4,58.3,Zone 5,32.0,Zone 4,42.1,Zone 4,37.5,Zone 4,56.9,Zone 5,42.7,Zone 4,61.7,Zone 5,58.3,Zone 5,64.1,Zone 5
Telangana,Nirmal ,Bhainsa Arg,29.5,2026-05-11,00:00:00,71.0,2026-05-10,00:00:00,2026-05-11 00:06:34,33.55000000000001,Zone 4,62.3,Zone 5,33.6,Zone 4,55.8,Zone 5,40.1,Zone 4,61.9,Zone 5,57.9,Zone 5,64.7,Zone 5,62.3,Zone 5,66.7,Zone 5
Telangana,Peddapalli,Kunaram,32.1,2026-05-10,23:45:00,30.0,2026-05-10,23:45:00,2026-05-11 00:06:34,31.650000000000034,Zone 4,44.1,Zone 4,31.6,Zone 4,39.8,Zone 4,36.0,Zone 4,43.8,Zone 4,40.1,Zone 4,52.8,Zone 5,44.1,Zone 4,60.4,Zone 5
Telangana,Rajanna Sircilla,Sircilla,28.6,2026-05-11,00:00:00,67.0,2026-05-10,00:00:00,2026-05-11 00:06:34,31.25,Zone 4,59.8,Zone 5,31.0,Zone 4,43.6,Zone 5,37.0,Zone 4,59.4,Zone 5,45.8,Zone 5,62.5,Zone 5,59.8,Zone 5,64.8,Zone 5
Telangana,Ranga Reddy,Dullapally,15.8,2026-05-10,23:45:00,67.0,2026-05-10,23:45:00,2026-05-11 00:06:34,14.75,Zone 3,29.5,Zone 4,15.0,Zone 3,25.5,Zone 4,22.0,Zone 3,29.5,Zone 4,25.6,Zone 4,33.3,Zone 4,29.5,Zone 4,36.9,Zone 4
Telangana,Ranga Reddy,Esci Gachibowli,27.6,2026-05-10,23:45:00,63.0,2026-05-10,23:45:00,2026-05-11 00:06:34,29.150000000000034,Zone 4,52.5,Zone 5,29.0,Zone 4,39.3,Zone 4,34.6,Zone 4,50.9,Zone 5,39.8,Zone 4,60.4,Zone 5,52.5,Zone 5,63.0,Zone 5
Telangana,Ranga Reddy,Ghatkesar,26.4,2026-05-10,23:45:00,69.0,2026-05-10,23:45:00,2026-05-11 00:06:34,27.850000000000023,Zone 4,52.3,Zone 5,28.0,Zone 4,38.5,Zone 4,33.7,Zone 4,50.7,Zone 5,39.0,Zone 4,60.3,Zone 5,52.3,Zone 5,63.0,Zone 5
Telangana,Ranga Reddy,Hayathnagar,27.1,2026-05-10,23:45:00,70.0,2026-05-10,23:45:00,2026-05-11 00:06:34,29.05000000000001,Zone 4,56.2,Zone 5,28.9,Zone 4,39.6,Zone 4,34.7,Zone 4,54.7,Zone 5,40.2,Zone 4,61.2,Zone 5,56.2,Zone 5,63.7,Zone 5
Telangana,Sangareddy,Kandi,29.2,2026-05-11,00:00:00,48.0,2026-05-10,00:00:00,2026-05-11 00:06:34,29.950000000000045,Zone 4,45.1,Zone 5,29.7,Zone 4,39.1,Zone 4,34.8,Zone 4,43.7,Zone 5,39.4,Zone 4,58.4,Zone 5,45.1,Zone 5,61.7,Zone 5
Telangana,Sangareddy,Zaheerabad,29.1,2026-05-10,23:45:00,49.0,2026-05-10,23:45:00,2026-05-11 00:06:34,29.950000000000045,Zone 4,46.2,Zone 5,29.8,Zone 4,39.2,Zone 4,34.9,Zone 4,44.8,Zone 5,39.6,Zone 4,59.1,Zone 5,46.2,Zone 5,61.9,Zone 5
Telangana,Siddipet,Kaveri Siddipet,25.9,2026-05-10,23:45:00,78.0,2026-05-10,23:45:00,2026-05-11 00:06:34,27.75,Zone 4,57.3,Zone 5,27.9,Zone 4,39.1,Zone 4,34.0,Zone 4,55.8,Zone 5,40.1,Zone 5,61.4,Zone 5,57.3,Zone 5,63.9,Zone 5
Telangana,Suryapet,Suryapet Arg,28.7,2026-05-10,23:45:00,67.0,2026-05-10,23:45:00,2026-05-11 00:06:34,31.450000000000045,Zone 4,59.8,Zone 5,31.0,Zone 4,43.6,Zone 5,37.0,Zone 4,59.4,Zone 5,45.8,Zone 5,62.5,Zone 5,59.8,Zone 5,64.8,Zone 5
Telangana,Wanaparthy,Horticultural University Mojer,29.9,2026-05-10,23:15:00,,,,2026-05-11 00:06:34,,,,,,,,,,,,,,,,,,,,
Telangana,Warangal Rural,Siddhapur,28.7,2026-05-10,23:30:00,68.0,2026-05-10,23:30:00,2026-05-11 00:06:34,31.55000000000001,Zone 4,60.0,Zone 5,31.2,Zone 4,44.7,Zone 5,37.2,Zone 4,59.6,Zone 5,47.0,Zone 5,62.7,Zone 5,60.0,Zone 5,65.0,Zone 5
Tripura,Dhalai,Gandachara,23.6,2026-05-11,00:00:00,95.0,2026-05-10,00:00:00,2026-05-11 00:06:34,25.25,Zone 3,55.4,Zone 5,25.1,Zone 3,36.8,Zone 4,31.4,Zone 4,53.8,Zone 5,38.0,Zone 5,61.0,Zone 5,55.4,Zone 5,63.5,Zone 5
Tripura,North Tripura,Ashapara,23.0,2026-05-11,00:00:00,100.0,2026-05-10,00:00:00,2026-05-11 00:06:34,24.75,Zone 3,55.8,Zone 5,24.8,Zone 3,36.7,Zone 5,31.0,Zone 4,54.3,Zone 5,38.5,Zone 5,61.1,Zone 5,55.8,Zone 5,63.6,Zone 5
Tripura,North Tripura,Eden Laouge,20.6,2026-05-10,23:15:00,,,,2026-05-11 00:06:34,,,,,,,,,,,,,,,,,,,,
Tripura,North Tripura,Kamalpur,21.3,2026-05-10,23:45:00,30.0,2026-05-10,23:45:00,2026-05-11 00:06:34,19.450000000000045,Zone 3,32.9,Zone 4,19.7,Zone 3,29.2,Zone 4,25.4,Zone 4,32.9,Zone 4,29.3,Zone 4,36.3,Zone 4,32.9,Zone 4,39.6,Zone 4
Tripura,Sipahijala,Cti,22.9,2026-05-11,00:00:00,100.0,2026-05-10,00:00:00,2026-05-11 00:06:34,24.650000000000034,Zone 3,55.8,Zone 5,24.8,Zone 3,36.7,Zone 5,31.0,Zone 4,54.3,Zone 5,38.5,Zone 5,61.1,Zone 5,55.8,Zone 5,63.6,Zone 5
Tripura,Sipahijala,Sipahijala,22.6,2026-05-10,23:15:00,,,,2026-05-11 00:06:34,,,,,,,,,,,,,,,,,,,,
Tripura,South Tripura,Gokulpur,24.1,2026-05-10,23:45:00,,,,2026-05-11 00:06:34,,,,,,,,,,,,,,,,,,,,
Tripura,South Tripura,Sabroom,23.9,2026-05-11,00:00:00,100.0,2026-05-10,00:00:00,2026-05-11 00:06:34,25.950000000000045,Zone 4,59.8,Zone 5,26.1,Zone 4,43.6,Zone 5,32.9,Zone 4,59.4,Zone 5,45.9,Zone 5,62.5,Zone 5,59.8,Zone 5,64.8,Zone 5
Tripura,Unakoti,Kailashahar,22.6,2026-05-11,00:00:00,100.0,2026-05-10,00:00:00,2026-05-11 00:06:34,24.350000000000023,Zone 3,52.5,Zone 5,24.3,Zone 3,35.4,Zone 4,30.1,Zone 4,50.9,Zone 5,36.0,Zone 4,60.4,Zone 5,52.5,Zone 5,63.0,Zone 5
Tripura,West Tripura,Agartala Airport,22.5,2026-05-11,00:00:00,100.0,2026-05-10,00:00:00,2026-05-11 00:06:34,24.25,Zone 3,52.5,Zone 5,24.3,Zone 3,35.4,Zone 4,30.1,Zone 4,50.9,Zone 5,36.0,Zone 4,60.4,Zone 5,52.5,Zone 5,63.0,Zone 5
Tripura,West Tripura,A D Nagar Amfu,23.5,2026-05-11,00:00:00,93.0,2026-05-10,00:00:00,2026-05-11 00:06:34,25.05000000000001,Zone 3,53.8,Zone 5,25.0,Zone 3,36.5,Zone 4,31.2,Zone 4,52.3,Zone 5,37.1,Zone 4,60.7,Zone 5,53.8,Zone 5,63.2,Zone 5
Tripura,West Tripura,Dm Office West Agartala,23.7,2026-05-10,23:45:00,,,,2026-05-11 00:06:34,,,,,,,,,,,,,,,,,,,,
Tripura,West Tripura,Hrc Nagicherra,22.4,2026-05-10,23:45:00,,,,2026-05-11 00:06:34,,,,,,,,,,,,,,,,,,,,
Tripura,West Tripura,Khumluwang,22.9,2026-05-11,00:00:00,,,,2026-05-11 00:06:34,,,,,,,,,,,,,,,,,,,,
Tripura,West Tripura,Met Agartala,21.9,2026-05-11,00:00:00,,,,2026-05-11 00:06:34,,,,,,,,,,,,,,,,,,,,
Tripura,West Tripura,Secretariat,25.4,2026-05-10,23:45:00,,,,2026-05-11 00:06:34,,,,,,,,,,,,,,,,,,,,
Uttarakhand,Almora,Chaubatia Ranikhet,15.2,2026-05-11,00:00:00,100.0,2026-05-10,00:00:00,2026-05-11 00:06:34,15.550000000000011,Zone 3,29.8,Zone 4,15.3,Zone 3,25.3,Zone 3,22.0,Zone 3,29.6,Zone 4,25.4,Zone 4,33.8,Zone 4,29.8,Zone 4,40.0,Zone 5
Uttarakhand,Almora,Matela Kvk,18.5,2026-05-11,00:00:00,97.0,2026-05-10,00:00:00,2026-05-11 00:06:34,19.55000000000001,Zone 3,34.1,Zone 4,19.5,Zone 3,29.1,Zone 4,24.7,Zone 3,33.8,Zone 4,29.4,Zone 4,41.1,Zone 5,34.1,Zone 4,54.6,Zone 5
Uttarakhand,Bageshwar,Kapkote,,,,97.0,2026-05-10,23:45:00,2026-05-11 00:06:34,,,,,,,,,,,,,,,,,,,,
Uttarakhand,Chamoli,Chamoli,23.2,2026-05-10,23:45:00,73.0,2026-05-10,23:45:00,2026-05-11 00:06:34,23.950000000000045,Zone 3,38.5,Zone 4,23.7,Zone 3,33.5,Zone 4,28.9,Zone 4,38.2,Zone 4,33.9,Zone 4,49.8,Zone 5,38.5,Zone 4,59.7,Zone 5
Uttarakhand,Chamoli,Tharali,,,,21.0,2026-05-10,23:45:00,2026-05-11 00:06:34,,,,,,,,,,,,,,,,,,,,
Uttarakhand,Champawat,Champawat,16.8,2026-05-10,23:45:00,,,,2026-05-11 00:06:34,,,,,,,,,,,,,,,,,,,,
Uttarakhand,Dehradun,Dehradun,,,,67.0,2026-05-10,23:45:00,2026-05-11 00:06:34,,,,,,,,,,,,,,,,,,,,
Uttarakhand,Dehradun,Hatibharkala,24.8,2026-05-11,00:00:00,77.0,2026-05-10,00:00:00,2026-05-11 00:06:34,26.05000000000001,Zone 4,50.3,Zone 5,26.3,Zone 4,37.1,Zone 4,32.2,Zone 4,48.7,Zone 5,37.6,Zone 4,59.9,Zone 5,50.3,Zone 5,62.6,Zone 5
Uttarakhand,Dehradun,Jollygrant,26.0,2026-05-10,23:45:00,67.0,2026-05-10,23:45:00,2026-05-11 00:06:34,27.150000000000034,Zone 4,47.3,Zone 5,27.1,Zone 4,37.4,Zone 4,32.7,Zone 4,45.8,Zone 5,37.8,Zone 4,59.3,Zone 5,47.3,Zone 5,62.1,Zone 5
Uttarakhand,Dehradun,Maldevta,24.9,2026-05-11,00:00:00,71.0,2026-05-10,00:00:00,2026-05-11 00:06:34,25.850000000000023,Zone 4,45.0,Zone 5,26.0,Zone 4,36.3,Zone 4,31.6,Zone 4,43.5,Zone 5,36.7,Zone 4,58.3,Zone 5,45.0,Zone 5,61.6,Zone 5
Uttarakhand,Dehradun,Massouri,17.7,2026-05-10,23:45:00,,,,2026-05-11 00:06:34,,,,,,,,,,,,,,,,,,,,
Uttarakhand,Dehradun,Mohakampur,25.0,2026-05-11,00:00:00,67.0,2026-05-10,00:00:00,2026-05-11 00:06:34,25.75,Zone 4,41.6,Zone 5,25.8,Zone 4,35.8,Zone 4,31.2,Zone 4,40.6,Zone 4,36.2,Zone 4,55.5,Zone 5,41.6,Zone 5,61.0,Zone 5
Uttarakhand,Dehradun,Rishikesh,,,,72.0,2026-05-10,23:45:00,2026-05-11 00:06:34,,,,,,,,,,,,,,,,,,,,
Uttarakhand,Haridwar,Roorkee Amfu,26.4,2026-05-10,23:45:00,85.0,2026-05-10,23:45:00,2026-05-11 00:06:34,29.25,Zone 4,60.9,Zone 5,29.5,Zone 4,48.7,Zone 5,36.1,Zone 4,60.5,Zone 5,51.1,Zone 5,63.4,Zone 5,60.9,Zone 5,65.6,Zone 5
Uttarakhand,Nainital,Mukteshwar,21.6,2026-05-10,23:45:00,,,,2026-05-11 00:06:34,,,,,,,,,,,,,,,,,,,,
Uttarakhand,Nainital,Nainital(Jeolikot) Kvk,20.5,2026-05-11,00:00:00,78.0,2026-05-10,00:00:00,2026-05-11 00:06:34,21.05000000000001,Zone 3,35.4,Zone 4,21.1,Zone 3,30.6,Zone 4,26.0,Zone 4,35.1,Zone 4,30.9,Zone 4,40.6,Zone 5,35.4,Zone 4,54.1,Zone 5
Uttarakhand,Nainital,Th Kosiyakutoli,21.5,2026-05-11,00:00:00,94.0,2026-05-10,00:00:00,2026-05-11 00:06:34,22.950000000000045,Zone 3,41.6,Zone 5,22.9,Zone 3,33.1,Zone 4,28.1,Zone 4,40.3,Zone 5,33.5,Zone 4,55.5,Zone 5,41.6,Zone 5,61.0,Zone 5
Uttarakhand,Pauri Garhwal,Srinagar Arg,29.2,2026-05-10,23:45:00,,,,2026-05-11 00:06:34,,,,,,,,,,,,,,,,,,,,
Uttarakhand,Rudraprayag,Rudra Prayag,27.8,2026-05-10,23:45:00,63.0,2026-05-10,23:45:00,2026-05-11 00:06:34,29.450000000000045,Zone 4,55.4,Zone 5,29.8,Zone 4,40.2,Zone 4,35.4,Zone 4,53.9,Zone 5,40.7,Zone 4,61.0,Zone 5,55.4,Zone 5,63.5,Zone 5
Uttarakhand,Tehri Garhwal,Devprayag,27.2,2026-05-10,23:45:00,61.0,2026-05-10,23:45:00,2026-05-11 00:06:34,28.350000000000023,Zone 4,47.5,Zone 5,28.1,Zone 4,38.1,Zone 4,33.5,Zone 4,46.0,Zone 5,38.5,Zone 4,59.3,Zone 5,47.5,Zone 5,62.1,Zone 5
Uttarakhand,Tehri Garhwal,Rani Chawri,,,,94.0,2026-05-10,23:45:00,2026-05-11 00:06:34,,,,,,,,,,,,,,,,,,,,
Uttarakhand,Udham Singh Nagar,Kashipur Aws400,26.0,2026-05-11,00:00:00,90.0,2026-05-10,00:00:00,2026-05-11 00:06:34,29.05000000000001,Zone 4,61.1,Zone 5,29.0,Zone 4,50.0,Zone 5,35.9,Zone 4,60.7,Zone 5,52.3,Zone 5,63.6,Zone 5,61.1,Zone 5,65.8,Zone 5
Uttarakhand,Uttarkashi,Purola,23.5,2026-05-10,23:45:00,91.0,2026-05-10,23:45:00,2026-05-11 00:06:34,24.950000000000045,Zone 3,52.3,Zone 5,25.0,Zone 3,36.2,Zone 4,31.0,Zone 4,50.7,Zone 5,36.8,Zone 4,60.3,Zone 5,52.3,Zone 5,62.9,Zone 5
Uttar Pradesh,Agra,Hydrogen Factory Bindukatra,30.8,2026-05-10,23:45:00,61.0,2026-05-10,23:45:00,2026-05-11 00:06:34,34.450000000000045,Zone 4,62.0,Zone 5,34.8,Zone 4,54.1,Zone 5,40.9,Zone 4,61.6,Zone 5,56.2,Zone 5,64.4,Zone 5,62.0,Zone 5,66.4,Zone 5
Uttar Pradesh,Aligarh,Quarsi Farms Quarsi,30.6,2026-05-10,23:45:00,82.0,2026-05-10,23:45:00,2026-05-11 00:06:34,39.25,Zone 4,66.8,Zone 5,38.9,Zone 4,63.5,Zone 5,59.9,Zone 5,66.4,Zone 5,64.0,Zone 5,68.5,Zone 5,66.8,Zone 5,70.0,Zone 5
Uttar Pradesh,Ambedkar Nagar,Collectorate Office Akbarpur,26.4,2026-05-10,23:45:00,79.0,2026-05-10,23:45:00,2026-05-11 00:06:34,28.650000000000034,Zone 4,59.5,Zone 5,28.9,Zone 4,42.4,Zone 5,35.1,Zone 4,59.1,Zone 5,44.6,Zone 5,62.3,Zone 5,59.5,Zone 5,64.6,Zone 5
Uttar Pradesh,Amethi,Tala Gram 400Aws,27.9,2026-05-11,00:00:00,39.0,2026-05-10,00:00:00,2026-05-11 00:06:34,27.650000000000034,Zone 4,40.7,Zone 4,27.8,Zone 4,36.4,Zone 4,32.4,Zone 4,40.5,Zone 4,36.6,Zone 4,45.7,Zone 5,40.7,Zone 4,58.5,Zone 5
Uttar Pradesh,Amroha,Amroha 400Aws,23.8,2026-05-11,00:00:00,98.0,2026-05-10,00:00:00,2026-05-11 00:06:34,25.650000000000034,Zone 4,59.4,Zone 5,26.0,Zone 4,41.9,Zone 5,32.7,Zone 4,59.0,Zone 5,44.1,Zone 5,62.2,Zone 5,59.4,Zone 5,64.6,Zone 5
Uttar Pradesh,Ayodhya,Ayodhya 400Aws,27.2,2026-05-10,23:30:00,65.0,2026-05-10,23:30:00,2026-05-11 00:06:34,28.75,Zone 4,51.5,Zone 5,28.4,Zone 4,38.8,Zone 4,34.0,Zone 4,49.9,Zone 5,39.2,Zone 4,60.2,Zone 5,51.5,Zone 5,62.8,Zone 5
Uttar Pradesh,Ayodhya,Krishi Vigyan Kendra Kumarganj,,,,63.0,2026-05-10,23:45:00,2026-05-11 00:06:34,,,,,,,,,,,,,,,,,,,,
Uttar Pradesh,Azamgarh,Lalganj Tehsil Office,28.1,2026-05-10,23:45:00,,,,2026-05-11 00:06:34,,,,,,,,,,,,,,,,,,,,
Uttar Pradesh,Bahraich,Bharaich Amfu,,,,72.0,2026-05-10,23:45:00,2026-05-11 00:06:34,,,,,,,,,,,,,,,,,,,,
Uttar Pradesh,Ballia,Ballia  400Aws,25.5,2026-05-11,00:00:00,80.0,2026-05-10,00:00:00,2026-05-11 00:06:34,27.25,Zone 4,56.0,Zone 5,27.3,Zone 4,38.5,Zone 4,33.4,Zone 4,54.5,Zone 5,39.0,Zone 4,61.1,Zone 5,56.0,Zone 5,63.6,Zone 5
Uttar Pradesh,Banda,Banda 400Aws,29.1,2026-05-11,00:00:00,44.0,2026-05-10,00:00:00,2026-05-11 00:06:34,29.450000000000045,Zone 4,43.0,Zone 4,29.4,Zone 4,38.4,Zone 4,34.2,Zone 4,42.7,Zone 4,38.7,Zone 4,54.9,Zone 5,43.0,Zone 4,60.8,Zone 5
Uttar Pradesh,Barabanki,Barabanki 400Aws,27.2,2026-05-11,00:00:00,76.0,2026-05-10,00:00:00,2026-05-11 00:06:34,29.75,Zone 4,59.6,Zone 5,29.4,Zone 4,42.9,Zone 5,35.7,Zone 4,59.2,Zone 5,45.1,Zone 5,62.4,Zone 5,59.6,Zone 5,64.7,Zone 5
Uttar Pradesh,Bareilly,Bareilly Bilwa 400Aws,25.9,2026-05-11,00:00:00,85.0,2026-05-10,00:00:00,2026-05-11 00:06:34,28.350000000000023,Zone 4,60.1,Zone 5,28.5,Zone 4,44.8,Zone 5,35.0,Zone 4,59.7,Zone 5,47.1,Zone 5,62.7,Zone 5,60.1,Zone 5,65.0,Zone 5
Uttar Pradesh,Bijnor,Prithvipur 400Aws,25.1,2026-05-11,00:00:00,67.0,2026-05-10,00:00:00,2026-05-11 00:06:34,25.950000000000045,Zone 4,41.6,Zone 5,25.8,Zone 4,35.8,Zone 4,31.2,Zone 4,40.6,Zone 4,36.2,Zone 4,55.5,Zone 5,41.6,Zone 5,61.0,Zone 5
Uttar Pradesh,Bulandshahar,Bulandshahar Kvk,28.2,2026-05-11,00:00:00,45.0,2026-05-10,00:00:00,2026-05-11 00:06:34,28.450000000000045,Zone 4,41.7,Zone 4,28.2,Zone 4,37.2,Zone 4,33.0,Zone 4,41.5,Zone 4,37.5,Zone 4,51.4,Zone 5,41.7,Zone 4,60.1,Zone 5
Uttar Pradesh,Etawah,Bbrau Agriculture College,30.8,2026-05-10,23:45:00,45.0,2026-05-10,23:45:00,2026-05-11 00:06:34,31.850000000000023,Zone 4,52.5,Zone 5,32.2,Zone 4,41.6,Zone 4,37.2,Zone 4,51.0,Zone 5,42.0,Zone 4,60.4,Zone 5,52.5,Zone 5,63.0,Zone 5
Uttar Pradesh,Fatehpur,Fatehpur Kvk,28.2,2026-05-11,00:00:00,,,,2026-05-11 00:06:34,,,,,,,,,,,,,,,,,,,,
Uttar Pradesh,Firozabad,Firozabad 400Aws,27.5,2026-05-11,00:00:00,58.0,2026-05-10,00:00:00,2026-05-11 00:06:34,28.55000000000001,Zone 4,47.4,Zone 5,28.6,Zone 4,38.4,Zone 4,33.9,Zone 4,45.9,Zone 5,38.9,Zone 4,59.3,Zone 5,47.4,Zone 5,62.1,Zone 5
Uttar Pradesh,Gautam Buddha Nagar,Kvk Chholas 400Aws,27.2,2026-05-11,00:00:00,,,,2026-05-11 00:06:34,,,,,,,,,,,,,,,,,,,,
Uttar Pradesh,Gautam Buddha Nagar,Ncmrwf,28.5,2026-05-10,23:45:00,50.0,2026-05-10,23:45:00,2026-05-11 00:06:34,29.25,Zone 4,44.6,Zone 5,29.2,Zone 4,38.7,Zone 4,34.3,Zone 4,43.2,Zone 5,39.0,Zone 4,58.0,Zone 5,44.6,Zone 5,61.6,Zone 5
Uttar Pradesh,Ghaziabad,Kv2 Airforce Hindon,27.9,2026-05-11,00:00:00,57.0,2026-05-10,00:00:00,2026-05-11 00:06:34,29.05000000000001,Zone 4,49.2,Zone 5,29.2,Zone 4,39.1,Zone 4,34.5,Zone 4,47.7,Zone 5,39.5,Zone 4,59.7,Zone 5,49.2,Zone 5,62.4,Zone 5
Uttar Pradesh,Ghaziabad,Kv Kamala Nehru Nagar,28.3,2026-05-10,23:45:00,57.0,2026-05-10,23:45:00,2026-05-11 00:06:34,29.650000000000034,Zone 4,52.2,Zone 5,29.9,Zone 4,39.9,Zone 4,35.3,Zone 4,50.6,Zone 5,40.4,Zone 4,60.3,Zone 5,52.2,Zone 5,62.9,Zone 5
Uttar Pradesh,Hamirpur,Hamirpur 400Aws,29.1,2026-05-11,00:00:00,52.0,2026-05-10,00:00:00,2026-05-11 00:06:34,30.25,Zone 4,49.6,Zone 5,30.1,Zone 4,39.8,Zone 4,35.3,Zone 4,48.1,Zone 5,40.2,Zone 4,59.8,Zone 5,49.6,Zone 5,62.5,Zone 5
Uttar Pradesh,Hapur,Hapur 400Aws,26.4,2026-05-11,00:00:00,73.0,2026-05-10,00:00:00,2026-05-11 00:06:34,28.150000000000034,Zone 4,56.0,Zone 5,28.3,Zone 4,39.2,Zone 4,34.3,Zone 4,54.4,Zone 5,39.8,Zone 4,61.1,Zone 5,56.0,Zone 5,63.6,Zone 5
Uttar Pradesh,Hardoi,Hardoi 400Aws,25.7,2026-05-11,00:00:00,60.0,2026-05-10,00:00:00,2026-05-11 00:06:34,26.350000000000023,Zone 4,40.6,Zone 4,26.0,Zone 4,35.7,Zone 4,31.2,Zone 4,40.3,Zone 4,36.1,Zone 4,52.6,Zone 5,40.6,Zone 4,60.3,Zone 5
Uttar Pradesh,Jalaun,Jalaun 400Aws,28.2,2026-05-11,00:00:00,60.0,2026-05-10,00:00:00,2026-05-11 00:06:34,29.75,Zone 4,52.4,Zone 5,29.5,Zone 4,39.6,Zone 4,35.0,Zone 4,50.9,Zone 5,40.1,Zone 4,60.4,Zone 5,52.4,Zone 5,63.0,Zone 5
Uttar Pradesh,Kashganj,Kashganj 400Aws,26.0,2026-05-11,00:00:00,74.0,2026-05-10,00:00:00,2026-05-11 00:06:34,27.650000000000034,Zone 4,53.8,Zone 5,27.6,Zone 4,38.5,Zone 4,33.5,Zone 4,52.3,Zone 5,39.0,Zone 4,60.7,Zone 5,53.8,Zone 5,63.2,Zone 5
Uttar Pradesh,Kushinagar,Kushinagar Kvk,24.0,2026-05-11,00:00:00,100.0,2026-05-10,00:00:00,2026-05-11 00:06:34,26.150000000000034,Zone 4,59.8,Zone 5,26.1,Zone 4,43.6,Zone 5,32.9,Zone 4,59.4,Zone 5,45.9,Zone 5,62.5,Zone 5,59.8,Zone 5,64.8,Zone 5
Uttar Pradesh,Lucknow,Integral University,28.9,2026-05-10,23:45:00,,,,2026-05-11 00:06:34,,,,,,,,,,,,,,,,,,,,
Uttar Pradesh,Lucknow,Meteorological Centre Amausi,32.9,2026-05-10,23:45:00,56.0,2026-05-10,23:45:00,2026-05-11 00:06:34,37.650000000000034,Zone 4,63.5,Zone 5,37.9,Zone 4,59.5,Zone 5,44.1,Zone 4,63.1,Zone 5,60.1,Zone 5,65.6,Zone 5,63.5,Zone 5,67.6,Zone 5
Uttar Pradesh,Mainpuri,Mainpuri Kvk,26.5,2026-05-11,00:00:00,67.0,2026-05-10,00:00:00,2026-05-11 00:06:34,27.850000000000023,Zone 4,50.4,Zone 5,27.8,Zone 4,38.2,Zone 4,33.5,Zone 4,48.8,Zone 5,38.7,Zone 4,59.9,Zone 5,50.4,Zone 5,62.6,Zone 5
Uttar Pradesh,Mathura,Collectorate Office,29.7,2026-05-10,23:45:00,69.0,2026-05-10,23:45:00,2026-05-11 00:06:34,33.650000000000034,Zone 4,61.8,Zone 5,33.2,Zone 4,53.4,Zone 5,39.6,Zone 4,61.4,Zone 5,55.6,Zone 5,64.2,Zone 5,61.8,Zone 5,66.3,Zone 5
Uttar Pradesh,Mathura,Mathura 400Aws,27.8,2026-05-11,00:00:00,,,,2026-05-11 00:06:34,,,,,,,,,,,,,,,,,,,,
Uttar Pradesh,Meerut,Ccsu Campus,29.6,2026-05-10,23:45:00,85.0,2026-05-10,23:45:00,2026-05-11 00:06:34,36.950000000000045,Zone 4,65.8,Zone 5,36.6,Zone 4,62.3,Zone 5,57.3,Zone 5,65.4,Zone 5,62.9,Zone 5,67.7,Zone 5,65.8,Zone 5,69.3,Zone 5
Uttar Pradesh,Mirzapur,Dagmapur 400Aws,28.1,2026-05-11,00:00:00,47.0,2026-05-10,00:00:00,2026-05-11 00:06:34,28.450000000000045,Zone 4,42.1,Zone 4,28.4,Zone 4,37.5,Zone 4,33.3,Zone 4,41.8,Zone 4,37.8,Zone 4,53.2,Zone 5,42.1,Zone 4,60.5,Zone 5
Uttar Pradesh,Muzaffarnagar,Sohanjani Tajan 400Aws,24.6,2026-05-11,00:00:00,94.0,2026-05-10,00:00:00,2026-05-11 00:06:34,26.75,Zone 4,59.5,Zone 5,26.6,Zone 4,42.1,Zone 5,33.2,Zone 4,59.1,Zone 5,44.3,Zone 5,62.2,Zone 5,59.5,Zone 5,64.6,Zone 5
Uttar Pradesh,Pratapgarh,Pratapgarh 400Aws,29.1,2026-05-11,00:00:00,48.0,2026-05-10,00:00:00,2026-05-11 00:06:34,29.850000000000023,Zone 4,45.1,Zone 5,29.7,Zone 4,39.1,Zone 4,34.8,Zone 4,43.7,Zone 5,39.4,Zone 4,58.4,Zone 5,45.1,Zone 5,61.7,Zone 5
Uttar Pradesh,Raebareli,Airport Fursatganj,27.2,2026-05-10,23:45:00,100.0,2026-05-10,23:45:00,2026-05-11 00:06:34,33.25,Zone 4,65.0,Zone 5,32.7,Zone 4,61.3,Zone 5,52.3,Zone 5,64.6,Zone 5,61.8,Zone 5,66.9,Zone 5,65.0,Zone 5,68.7,Zone 5
Uttar Pradesh,Saharanpur,Saharanpur 400Aws,25.6,2026-05-11,00:00:00,78.0,2026-05-10,00:00:00,2026-05-11 00:06:34,27.25,Zone 4,54.3,Zone 5,27.1,Zone 4,38.2,Zone 4,33.1,Zone 4,52.7,Zone 5,38.7,Zone 4,60.8,Zone 5,54.3,Zone 5,63.3,Zone 5
Uttar Pradesh,Sambhal,Sambhal Paltha 400Aws,23.9,2026-05-11,00:00:00,,,,2026-05-11 00:06:34,,,,,,,,,,,,,,,,,,,,
Uttar Pradesh,Shahjahanpur,Shahjahanpur 400Aws,26.1,2026-05-11,00:00:00,,,,2026-05-11 00:06:34,,,,,,,,,,,,,,,,,,,,
Uttar Pradesh,Shamli,Shamli 400Aws,26.4,2026-05-11,00:00:00,62.0,2026-05-10,00:00:00,2026-05-11 00:06:34,27.350000000000023,Zone 4,45.5,Zone 5,27.5,Zone 4,37.5,Zone 4,32.9,Zone 4,44.1,Zone 5,37.9,Zone 4,58.7,Zone 5,45.5,Zone 5,61.7,Zone 5
Uttar Pradesh,Sitapur,Ramkot 400Aws,25.4,2026-05-11,00:00:00,,,,2026-05-11 00:06:34,,,,,,,,,,,,,,,,,,,,
Uttar Pradesh,Sultanpur,Krishi Vigyan Kendra Barasin,,,,61.0,2026-05-10,23:45:00,2026-05-11 00:06:34,,,,,,,,,,,,,,,,,,,,
West Bengal,Alipurduar,Jayanti,23.4,2026-05-11,00:00:00,91.0,2026-05-10,00:00:00,2026-05-11 00:06:34,24.850000000000023,Zone 3,52.3,Zone 5,25.0,Zone 3,36.2,Zone 4,31.0,Zone 4,50.7,Zone 5,36.8,Zone 4,60.3,Zone 5,52.3,Zone 5,62.9,Zone 5
West Bengal,Cooch Behar,Dinhata Aws400,24.7,2026-05-11,00:00:00,100.0,2026-05-10,00:00:00,2026-05-11 00:06:34,27.350000000000023,Zone 4,60.7,Zone 5,27.0,Zone 4,47.6,Zone 5,34.0,Zone 4,60.2,Zone 5,50.0,Zone 5,63.2,Zone 5,60.7,Zone 5,65.5,Zone 5
West Bengal,Cooch Behar,Pundibari Amfu,25.0,2026-05-10,23:45:00,,,,2026-05-11 00:06:34,,,,,,,,,,,,,,,,,,,,
West Bengal,Darjeeling,Darjeeling Mo,14.2,2026-05-11,00:00:00,83.0,2026-05-10,00:00:00,2026-05-11 00:06:34,13.550000000000011,Zone 2,28.1,Zone 4,13.4,Zone 2,24.5,Zone 3,20.7,Zone 3,28.1,Zone 4,24.5,Zone 3,32.0,Zone 4,28.1,Zone 4,35.7,Zone 4
West Bengal,Darjeeling,Kharibari,24.2,2026-05-10,23:30:00,97.0,2026-05-10,23:30:00,2026-05-11 00:06:34,26.25,Zone 4,59.2,Zone 5,26.0,Zone 4,41.0,Zone 5,32.6,Zone 4,58.4,Zone 5,43.2,Zone 5,62.0,Zone 5,59.2,Zone 5,64.4,Zone 5
West Bengal,Hooghly,Chinsura,28.9,2026-05-10,23:45:00,72.0,2026-05-10,23:45:00,2026-05-11 00:06:34,32.450000000000045,Zone 4,61.8,Zone 5,32.7,Zone 4,53.3,Zone 5,39.2,Zone 4,61.4,Zone 5,55.6,Zone 5,64.2,Zone 5,61.8,Zone 5,66.3,Zone 5
West Bengal,Howrah,Kvk Howrah Jagatballavapur,23.2,2026-05-11,00:00:00,,,,2026-05-11 00:06:34,,,,,,,,,,,,,,,,,,,,
West Bengal,Howrah,Uluberia,25.8,2026-05-10,23:45:00,89.0,2026-05-10,23:45:00,2026-05-11 00:06:34,28.55000000000001,Zone 4,60.9,Zone 5,28.9,Zone 4,48.9,Zone 5,35.7,Zone 4,60.5,Zone 5,51.3,Zone 5,63.5,Zone 5,60.9,Zone 5,65.7,Zone 5
West Bengal,Jalpaiguri,Banarhat,23.9,2026-05-11,00:00:00,89.0,2026-05-10,00:00:00,2026-05-11 00:06:34,25.350000000000023,Zone 4,53.9,Zone 5,25.5,Zone 4,36.9,Zone 4,31.7,Zone 4,52.4,Zone 5,37.5,Zone 4,60.7,Zone 5,53.9,Zone 5,63.3,Zone 5
West Bengal,Jalpaiguri,Dhupguri,23.5,2026-05-11,00:00:00,100.0,2026-05-10,00:00:00,2026-05-11 00:06:34,25.25,Zone 3,58.9,Zone 5,25.3,Zone 3,39.9,Zone 5,31.9,Zone 4,57.4,Zone 5,42.0,Zone 5,61.8,Zone 5,58.9,Zone 5,64.2,Zone 5
West Bengal,Jalpaiguri,Ramshai Kvk,23.9,2026-05-11,00:00:00,,,,2026-05-11 00:06:34,,,,,,,,,,,,,,,,,,,,
West Bengal,Jhargram,Jhargram,25.2,2026-05-10,23:30:00,90.0,2026-05-10,23:30:00,2026-05-11 00:06:34,27.55000000000001,Zone 4,59.5,Zone 5,27.2,Zone 4,42.2,Zone 5,33.7,Zone 4,59.1,Zone 5,44.3,Zone 5,62.2,Zone 5,59.5,Zone 5,64.6,Zone 5
West Bengal,Kolkata,Kolkata Airport,25.5,2026-05-10,23:45:00,91.0,2026-05-10,23:45:00,2026-05-11 00:06:34,28.150000000000034,Zone 4,60.5,Zone 5,28.1,Zone 4,47.0,Zone 5,34.9,Zone 4,60.1,Zone 5,49.3,Zone 5,63.1,Zone 5,60.5,Zone 5,65.4,Zone 5
West Bengal,Malda,Malda,23.9,2026-05-11,00:00:00,,,,2026-05-11 00:06:34,,,,,,,,,,,,,,,,,,,,
West Bengal,Murshidabad,Berhampore,25.3,2026-05-10,23:45:00,94.0,2026-05-10,23:45:00,2026-05-11 00:06:34,28.05000000000001,Zone 4,61.1,Zone 5,28.4,Zone 4,50.0,Zone 5,35.4,Zone 4,60.7,Zone 5,52.4,Zone 5,63.6,Zone 5,61.1,Zone 5,65.8,Zone 5
West Bengal,Murshidabad,Murshidabad Kvk,24.5,2026-05-11,00:00:00,,,,2026-05-11 00:06:34,,,,,,,,,,,,,,,,,,,,
West Bengal,Nadia,Bijpur,24.6,2026-05-11,00:00:00,98.0,2026-05-10,00:00:00,2026-05-11 00:06:34,27.05000000000001,Zone 4,60.3,Zone 5,26.9,Zone 4,45.8,Zone 5,33.7,Zone 4,59.9,Zone 5,48.1,Zone 5,62.9,Zone 5,60.3,Zone 5,65.2,Zone 5
West Bengal,Nadia,Kalyani Amfu,25.2,2026-05-10,23:45:00,96.0,2026-05-10,23:45:00,2026-05-11 00:06:34,28.05000000000001,Zone 4,60.7,Zone 5,27.6,Zone 4,47.9,Zone 5,34.6,Zone 4,60.3,Zone 5,50.3,Zone 5,63.3,Zone 5,60.7,Zone 5,65.5,Zone 5
West Bengal,North Dinajpur,Raiganj,24.5,2026-05-10,23:45:00,92.0,2026-05-10,23:45:00,2026-05-11 00:06:34,26.450000000000045,Zone 4,59.1,Zone 5,26.5,Zone 4,40.4,Zone 5,33.0,Zone 4,57.8,Zone 5,42.4,Zone 5,61.9,Zone 5,59.1,Zone 5,64.3,Zone 5
West Bengal,North Twenty Four Parganas,Ashoknagar Kvk,25.4,2026-05-11,00:00:00,,,,2026-05-11 00:06:34,,,,,,,,,,,,,,,,,,,,
West Bengal,North Twenty Four Parganas,Barrackpore Aws400,25.4,2026-05-11,00:00:00,65.0,2026-05-10,00:00:00,2026-05-11 00:06:34,26.150000000000034,Zone 4,42.6,Zone 5,26.3,Zone 4,36.3,Zone 4,31.7,Zone 4,41.3,Zone 5,36.7,Zone 4,56.4,Zone 5,42.6,Zone 5,61.2,Zone 5
West Bengal,North Twenty Four Parganas,Jisu Agarpara,26.6,2026-05-11,00:00:00,82.0,2026-05-10,00:00:00,2026-05-11 00:06:34,29.350000000000023,Zone 4,60.2,Zone 5,29.1,Zone 4,45.5,Zone 5,35.6,Zone 4,59.8,Zone 5,47.8,Zone 5,62.9,Zone 5,60.2,Zone 5,65.1,Zone 5
West Bengal,Purulia,Purulia Kvk,24.5,2026-05-11,00:00:00,,,,2026-05-11 00:06:34,,,,,,,,,,,,,,,,,,,,
West Bengal,South Dinajpur,Majhian Amfu,24.9,2026-05-10,23:45:00,96.0,2026-05-10,23:45:00,2026-05-11 00:06:34,27.450000000000045,Zone 4,60.7,Zone 5,27.6,Zone 4,47.9,Zone 5,34.6,Zone 4,60.3,Zone 5,50.3,Zone 5,63.3,Zone 5,60.7,Zone 5,65.5,Zone 5
West Bengal,South Twenty Four Parganas,Alipore,26.5,2026-05-10,23:45:00,91.0,2026-05-10,23:45:00,2026-05-11 00:06:34,30.150000000000034,Zone 4,62.2,Zone 5,30.1,Zone 4,55.0,Zone 5,37.3,Zone 4,61.8,Zone 5,57.2,Zone 5,64.5,Zone 5,62.2,Zone 5,66.6,Zone 5
West Bengal,South Twenty Four Parganas,Gangasagar,25.5,2026-05-11,00:00:00,,,,2026-05-11 00:06:34,,,,,,,,,,,,,,,,,,,,
,,,,,,,,,2026-05-11 00:06:34,,,,,,,,,,,,,,,,,,,,
,,,,,,,,,2026-05-11 00:06:34,,,,,,,,,,,,,,,,,,,,
,,,,,,,,,2026-05-11 00:06:34,,,,,,,,,,,,,,,,,,,,
,,,,,,,,,2026-05-11 00:06:34,,,,,,,,,,,,,,,,,,,,
