STATE,DISTRICT,STATION,LAT,LON,TEMP,DATE_TEMP,TIME_TEMP,RH,DATE_RH,TIME_RH,LOGGED_AT (IST),EHI (in shade °C),Light Work Heat Stress Zone,EHI_350 (in shade °C),Hard Labor Heat Stress Zone,EHI_3_shade,Zone_3_shade,EHI_3_sun,Zone_3_sun,EHI_4_shade,Zone_4_shade,EHI_4_sun,Zone_4_sun,EHI_5_shade,Zone_5_shade,EHI_5_sun,Zone_5_sun,EHI_6_shade,Zone_6_shade,EHI_6_sun,Zone_6_sun
Andaman And Nicobar,Nicobar,Campbell Bay,7.0076,93.9048,26.3,2026-09-28,02:00:00,95.0,2026-09-27,02:00:00,2026-09-28 02:17:45,30.150000000000034,Zone 4,62.47,Zone 5,29.84,Zone 4,61.41,Zone 5,38.37,Zone 5,64.33,Zone 5,58.58,Zone 5,66.47,Zone 5,62.47,Zone 5,68.11,Zone 5
Andaman And Nicobar,Nicobar,Car Nicobar,9.1573,92.7581,26.5,2026-09-28,02:00:00,94.0,2026-09-27,02:00:00,2026-09-28 02:17:45,30.450000000000045,Zone 4,62.25,Zone 5,29.72,Zone 4,61.18,Zone 5,37.32,Zone 5,64.14,Zone 5,57.64,Zone 5,66.3,Zone 5,62.25,Zone 5,67.97,Zone 5
Andaman And Nicobar,Nicobar,Nancowry,7.9768,93.5509,40.2,2026-09-28,02:00:00,96.0,2026-09-27,02:00:00,2026-09-28 02:17:45,98.75,Zone 6,110.89,Zone 6,100.6,Zone 6,108.89,Zone 6,104.11,Zone 6,112.3,Zone 6,107.51,Zone 6,115.63,Zone 6,110.89,Zone 6,118.92,Zone 6
Andaman And Nicobar,N M Andaman,Mayabunder,12.8755,92.8922,26.4,2026-09-28,02:00:00,97.0,2026-09-27,02:00:00,2026-09-28 02:17:45,30.650000000000034,Zone 4,62.91,Zone 5,30.09,Zone 4,61.85,Zone 5,40.58,Zone 5,64.71,Zone 5,59.41,Zone 5,66.8,Zone 5,62.91,Zone 5,68.4,Zone 5
Andaman And Nicobar,South Andaman,Ferrargunj,11.7206,92.6542,26.7,2026-09-28,02:00:00,82.0,2026-09-27,02:00:00,2026-09-28 02:17:45,29.55000000000001,Zone 4,59.56,Zone 5,28.46,Zone 4,56.94,Zone 5,34.89,Zone 4,61.8,Zone 5,44.82,Zone 5,64.27,Zone 5,59.56,Zone 5,66.18,Zone 5
Andaman And Nicobar,South Andaman,Hut Bay,10.5962,92.5364,24.9,2026-09-28,02:00:00,99.0,2026-09-27,02:00:00,2026-09-28 02:17:45,27.650000000000034,Zone 4,60.7,Zone 5,27.14,Zone 4,59.58,Zone 5,34.22,Zone 4,62.78,Zone 5,50.32,Zone 5,65.12,Zone 5,60.7,Zone 5,66.93,Zone 5
Andaman And Nicobar,South Andaman,Shaheed Dweep,11.6562,92.7432,27.7,2026-09-28,02:00:00,95.0,2026-09-27,02:00:00,2026-09-28 02:17:45,33.650000000000034,Zone 4,64.23,Zone 5,32.28,Zone 4,63.22,Zone 5,48.17,Zone 5,65.87,Zone 5,60.99,Zone 5,67.8,Zone 5,64.23,Zone 5,69.28,Zone 5
Andaman And Nicobar,South Andaman,Sri Vijaya Puram Aws400,11.0,92.744,26.7,2026-09-28,02:00:00,93.0,2026-09-27,02:00:00,2026-09-28 02:17:45,30.850000000000023,Zone 4,62.03,Zone 5,29.6,Zone 4,60.96,Zone 5,36.86,Zone 4,63.95,Zone 5,56.67,Zone 5,66.14,Zone 5,62.03,Zone 5,67.82,Zone 5
Andaman And Nicobar,South Andaman,Swaraj Deep,12.0124,92.9824,26.8,2026-09-28,02:00:00,,,,2026-09-28 02:17:45,,,,,,,,,,,,,,,,,,,,
Andhra Pradesh,Alluri Sitharama Raju,Araku Valley,18.32,82.87,20.2,2026-09-28,02:00:00,96.0,2026-09-27,02:00:00,2026-09-28 02:17:45,21.55000000000001,Zone 3,35.42,Zone 4,20.61,Zone 3,34.28,Zone 4,25.52,Zone 4,43.04,Zone 5,30.6,Zone 4,56.48,Zone 5,35.42,Zone 4,60.93,Zone 5
Andhra Pradesh,Alluri Sitharama Raju,Chintapalli Amfu,17.895,82.3417,18.7,2026-09-28,02:00:00,91.0,2026-09-27,02:00:00,2026-09-28 02:17:45,19.55000000000001,Zone 3,32.83,Zone 4,18.46,Zone 3,31.89,Zone 4,24.12,Zone 3,36.29,Zone 4,28.35,Zone 4,46.62,Zone 5,32.83,Zone 4,58.15,Zone 5
Andhra Pradesh,Anantapur,Kh Govtdegcollege Dharmavaram,14.4308,77.7065,25.8,2026-09-28,02:00:00,98.0,2026-09-27,02:00:00,2026-09-28 02:17:45,29.450000000000045,Zone 4,62.24,Zone 5,29.09,Zone 4,61.17,Zone 5,37.27,Zone 5,64.13,Zone 5,57.6,Zone 5,66.29,Zone 5,62.24,Zone 5,67.96,Zone 5
Andhra Pradesh,Bapatla,Bapatla Aws400,15.919,80.4838,25.6,2026-09-28,02:00:00,88.0,2026-09-27,02:00:00,2026-09-28 02:17:45,28.05000000000001,Zone 4,59.23,Zone 5,27.2,Zone 4,55.65,Zone 5,33.72,Zone 4,61.51,Zone 5,43.28,Zone 5,64.02,Zone 5,59.23,Zone 5,65.96,Zone 5
Andhra Pradesh,Bapatla,Chirala,15.8295,80.3803,26.6,2026-09-28,02:00:00,65.0,2026-09-27,02:00:00,2026-09-28 02:17:45,27.850000000000023,Zone 4,45.34,Zone 5,27.11,Zone 4,41.09,Zone 4,32.6,Zone 4,56.53,Zone 5,37.61,Zone 4,61.24,Zone 5,45.34,Zone 5,63.52,Zone 5
Andhra Pradesh,Eluru,Vijayarai,16.63,81.04,24.3,2026-09-28,02:00:00,69.0,2026-09-27,02:00:00,2026-09-28 02:17:45,25.05000000000001,Zone 3,39.55,Zone 4,24.72,Zone 3,38.41,Zone 4,30.04,Zone 4,49.28,Zone 5,34.93,Zone 4,59.67,Zone 5,39.55,Zone 4,62.13,Zone 5
Andhra Pradesh,Kakinada,Kakinada,16.96,82.23,26.2,2026-09-28,02:00:00,84.0,2026-09-27,02:00:00,2026-09-28 02:17:45,28.75,Zone 4,59.19,Zone 5,27.76,Zone 4,55.48,Zone 5,34.17,Zone 4,61.47,Zone 5,43.07,Zone 5,63.98,Zone 5,59.19,Zone 5,65.93,Zone 5
Andhra Pradesh,Kakinada,Peddapuram,17.0717,82.165,27.1,2026-09-28,02:00:00,88.0,2026-09-27,02:00:00,2026-09-28 02:17:45,31.05000000000001,Zone 4,61.77,Zone 5,30.07,Zone 4,60.69,Zone 5,37.11,Zone 4,63.72,Zone 5,55.49,Zone 5,65.94,Zone 5,61.77,Zone 5,67.65,Zone 5
Andhra Pradesh,Konaseema,Ambajipeta Arg,16.6,81.94,25.0,2026-09-28,02:00:00,100.0,2026-09-27,02:00:00,2026-09-28 02:17:45,27.950000000000045,Zone 4,60.9,Zone 5,27.22,Zone 4,59.79,Zone 5,34.38,Zone 4,62.96,Zone 5,51.33,Zone 5,65.28,Zone 5,60.9,Zone 5,67.07,Zone 5
Andhra Pradesh,Konaseema,Ambajipeta Aws,16.602,81.9448,25.3,2026-09-28,02:00:00,100.0,2026-09-27,02:00:00,2026-09-28 02:17:45,28.55000000000001,Zone 4,61.78,Zone 5,28.23,Zone 4,60.7,Zone 5,35.61,Zone 4,63.73,Zone 5,55.54,Zone 5,65.94,Zone 5,61.78,Zone 5,67.65,Zone 5
Andhra Pradesh,Krishna,Kv Gopalnagar Machilipatnam,16.1983,81.1258,26.7,2026-09-28,02:00:00,99.0,2026-09-27,02:00:00,2026-09-28 02:17:45,31.650000000000034,Zone 4,63.34,Zone 5,30.36,Zone 4,62.3,Zone 5,42.95,Zone 5,65.09,Zone 5,59.93,Zone 5,67.13,Zone 5,63.34,Zone 5,68.69,Zone 5
Andhra Pradesh,Ntr,Mylavaram College Of  Engineer,16.751,80.6327,24.0,2026-09-28,02:00:00,100.0,2026-09-27,02:00:00,2026-09-28 02:17:45,26.150000000000034,Zone 4,59.15,Zone 5,25.42,Zone 4,55.33,Zone 5,32.18,Zone 4,61.44,Zone 5,42.93,Zone 5,63.96,Zone 5,59.15,Zone 5,65.91,Zone 5
Andhra Pradesh,Prakasam,Cs Puram,15.1627,79.2892,25.6,2026-09-28,02:00:00,90.0,2026-09-27,02:00:00,2026-09-28 02:17:45,28.25,Zone 4,59.66,Zone 5,27.36,Zone 4,57.31,Zone 5,34.0,Zone 4,61.88,Zone 5,45.3,Zone 5,64.34,Zone 5,59.66,Zone 5,66.25,Zone 5
Andhra Pradesh,Srikakulam,Nagaralapeta Kalingapatnam,18.3334,84.1163,27.6,2026-09-28,02:00:00,100.0,2026-09-27,02:00:00,2026-09-28 02:17:45,34.450000000000045,Zone 4,65.36,Zone 5,33.22,Zone 4,64.38,Zone 5,54.9,Zone 5,66.86,Zone 5,62.33,Zone 5,68.65,Zone 5,65.36,Zone 5,71.14,Zone 6
Andhra Pradesh,Srikakulam,Ragolu,18.4101,83.903,26.4,2026-09-28,02:00:00,95.0,2026-09-27,02:00:00,2026-09-28 02:17:45,30.450000000000045,Zone 4,62.47,Zone 5,29.84,Zone 4,61.41,Zone 5,38.37,Zone 5,64.33,Zone 5,58.58,Zone 5,66.47,Zone 5,62.47,Zone 5,68.11,Zone 5
Andhra Pradesh,Visakhapatnam,Anandapuram Arg,17.89,83.37,25.4,2026-09-28,02:00:00,96.0,2026-09-27,02:00:00,2026-09-28 02:17:45,28.450000000000045,Zone 4,60.94,Zone 5,27.86,Zone 4,59.84,Zone 5,34.92,Zone 4,62.99,Zone 5,51.53,Zone 5,65.31,Zone 5,60.94,Zone 5,67.1,Zone 5
Andhra Pradesh,Visakhapatnam,Gangavaram Port,17.6247,83.2283,28.0,2026-09-28,02:00:00,100.0,2026-09-27,02:00:00,2026-09-28 02:17:45,37.150000000000034,Zone 5,66.26,Zone 5,34.81,Zone 4,65.32,Zone 5,59.24,Zone 5,67.65,Zone 5,63.42,Zone 5,69.34,Zone 5,66.26,Zone 5,72.76,Zone 6
Andhra Pradesh,Visakhapatnam,Mehadrigadda Dam,,,,,,96.0,2026-09-27,02:00:00,2026-09-28 02:17:45,,,,,,,,,,,,,,,,,,,,
Andhra Pradesh,Vizianagaram,Bobbili,18.57,83.35,25.8,2026-09-28,02:00:00,96.0,2026-09-27,02:00:00,2026-09-28 02:17:45,29.25,Zone 4,61.82,Zone 5,28.87,Zone 4,60.73,Zone 5,36.15,Zone 4,63.76,Zone 5,55.69,Zone 5,65.97,Zone 5,61.82,Zone 5,67.68,Zone 5
Andhra Pradesh,Vizianagaram,Vizianagaram,18.1417,83.415,26.6,2026-09-28,02:00:00,100.0,2026-09-27,02:00:00,2026-09-28 02:17:45,31.55000000000001,Zone 4,63.56,Zone 5,30.49,Zone 4,62.52,Zone 5,44.17,Zone 5,65.28,Zone 5,60.18,Zone 5,67.29,Zone 5,63.56,Zone 5,68.83,Zone 5
Andhra Pradesh,West Godavari,Bhimavaram,,,,,,100.0,2026-09-27,02:00:00,2026-09-28 02:17:45,,,,,,,,,,,,,,,,,,,,
Andhra Pradesh,West Godavari,Kv Gopannapalem Eluru,16.7687,81.1191,24.4,2026-09-28,02:00:00,57.0,2026-09-27,02:00:00,2026-09-28 02:17:45,24.650000000000034,Zone 3,37.9,Zone 4,24.17,Zone 3,36.95,Zone 4,29.16,Zone 4,41.11,Zone 4,33.66,Zone 4,53.79,Zone 5,37.9,Zone 4,60.32,Zone 5
Andhra Pradesh,West Godavari,Maruteru,16.6467,81.7633,27.9,2026-09-28,02:00:00,95.0,2026-09-27,02:00:00,2026-09-28 02:17:45,34.25,Zone 4,65.12,Zone 5,33.68,Zone 4,64.14,Zone 5,53.52,Zone 5,66.65,Zone 5,62.05,Zone 5,68.47,Zone 5,65.12,Zone 5,70.72,Zone 6
Andhra Pradesh,West Godavari,Narsapur,16.4365,81.6944,26.1,2026-09-28,02:00:00,,,,2026-09-28 02:17:45,,,,,,,,,,,,,,,,,,,,
Arunachal Pradesh,Anjaw,Kibitoo Circle,28.2598,97.0716,18.5,2026-09-28,01:30:00,84.0,2026-09-27,01:30:00,2026-09-28 02:17:45,18.950000000000045,Zone 3,32.38,Zone 4,18.11,Zone 3,31.51,Zone 4,23.95,Zone 3,35.76,Zone 4,28.04,Zone 4,43.14,Zone 5,32.38,Zone 4,55.25,Zone 5
Arunachal Pradesh,Changlang,Miao,27.4821,96.1978,25.1,2026-09-28,02:00:00,100.0,2026-09-27,02:00:00,2026-09-28 02:17:45,28.150000000000034,Zone 4,60.9,Zone 5,27.22,Zone 4,59.79,Zone 5,34.38,Zone 4,62.96,Zone 5,51.33,Zone 5,65.28,Zone 5,60.9,Zone 5,67.07,Zone 5
Arunachal Pradesh,Dibang Valley,Anini,28.7928,95.8956,18.2,2026-09-28,02:00:00,100.0,2026-09-27,02:00:00,2026-09-28 02:17:45,19.350000000000023,Zone 3,32.74,Zone 4,18.26,Zone 3,31.74,Zone 4,23.94,Zone 3,36.28,Zone 4,28.13,Zone 4,48.64,Zone 5,32.74,Zone 4,59.21,Zone 5
Arunachal Pradesh,East Kameng,Seppa Pampoli,27.3178,93.0042,27.3,2026-09-28,02:00:00,92.0,2026-09-27,02:00:00,2026-09-28 02:17:45,32.05000000000001,Zone 4,63.55,Zone 5,31.78,Zone 4,62.52,Zone 5,44.13,Zone 5,65.28,Zone 5,60.17,Zone 5,67.29,Zone 5,63.55,Zone 5,68.83,Zone 5
Arunachal Pradesh,East Siang,Pashighat,28.0695,95.3323,25.1,2026-09-28,02:00:00,100.0,2026-09-27,02:00:00,2026-09-28 02:17:45,28.150000000000034,Zone 4,60.9,Zone 5,27.22,Zone 4,59.79,Zone 5,34.38,Zone 4,62.96,Zone 5,51.33,Zone 5,65.28,Zone 5,60.9,Zone 5,67.07,Zone 5
Arunachal Pradesh,Kamle,Raga,27.7923,94.0753,22.4,2026-09-28,02:00:00,98.0,2026-09-27,02:00:00,2026-09-28 02:17:45,24.05000000000001,Zone 3,47.94,Zone 5,23.66,Zone 3,43.22,Zone 5,29.24,Zone 4,58.5,Zone 5,34.9,Zone 4,61.72,Zone 5,47.94,Zone 5,63.94,Zone 5
Arunachal Pradesh,Kurung Kumey,Koloraing,27.8989,93.352,21.7,2026-09-28,02:00:00,100.0,2026-09-27,02:00:00,2026-09-28 02:17:45,23.350000000000023,Zone 3,42.68,Zone 5,22.6,Zone 3,38.42,Zone 5,27.79,Zone 4,54.2,Zone 5,33.3,Zone 4,60.72,Zone 5,42.68,Zone 5,63.06,Zone 5
Arunachal Pradesh,Kurung Kumey,Nyapin,27.7505,93.3989,20.8,2026-09-28,02:00:00,100.0,2026-09-27,02:00:00,2026-09-28 02:17:45,22.350000000000023,Zone 3,39.6,Zone 5,22.01,Zone 3,36.25,Zone 4,27.05,Zone 4,51.26,Zone 5,32.45,Zone 4,60.09,Zone 5,39.6,Zone 5,62.5,Zone 5
Arunachal Pradesh,Leparada,Basar,27.995,94.704,21.8,2026-09-28,02:00:00,100.0,2026-09-27,02:00:00,2026-09-28 02:17:45,23.55000000000001,Zone 3,46.01,Zone 5,23.18,Zone 3,41.41,Zone 5,28.57,Zone 4,57.02,Zone 5,34.19,Zone 4,61.36,Zone 5,46.01,Zone 5,63.62,Zone 5
Arunachal Pradesh,Lohit,Wakro,27.7834,96.3498,24.7,2026-09-28,02:00:00,83.0,2026-09-27,02:00:00,2026-09-28 02:17:45,26.25,Zone 4,49.22,Zone 5,25.28,Zone 3,44.48,Zone 5,31.28,Zone 4,59.14,Zone 5,36.74,Zone 4,61.96,Zone 5,49.22,Zone 5,64.15,Zone 5
Arunachal Pradesh,Longding,Longding,27.0243,95.1844,25.4,2026-09-28,02:00:00,,,,2026-09-28 02:17:45,,,,,,,,,,,,,,,,,,,,
Arunachal Pradesh,Longding,Longding New,26.8863,95.3257,24.0,2026-09-28,02:00:00,100.0,2026-09-27,02:00:00,2026-09-28 02:17:45,26.150000000000034,Zone 4,59.15,Zone 5,25.42,Zone 4,55.33,Zone 5,32.18,Zone 4,61.44,Zone 5,42.93,Zone 5,63.96,Zone 5,59.15,Zone 5,65.91,Zone 5
Arunachal Pradesh,Lower Siang,Kangku,27.5767,94.4999,25.8,2026-09-28,02:00:00,100.0,2026-09-27,02:00:00,2026-09-28 02:17:45,29.650000000000034,Zone 4,62.67,Zone 5,29.31,Zone 4,61.61,Zone 5,39.34,Zone 5,64.5,Zone 5,59.12,Zone 5,66.62,Zone 5,62.67,Zone 5,68.24,Zone 5
Arunachal Pradesh,Lower Subansiri,Deed,27.5937,93.5671,21.2,2026-09-28,02:00:00,100.0,2026-09-27,02:00:00,2026-09-28 02:17:45,22.850000000000023,Zone 3,39.6,Zone 5,22.01,Zone 3,36.25,Zone 4,27.05,Zone 4,51.26,Zone 5,32.45,Zone 4,60.09,Zone 5,39.6,Zone 5,62.5,Zone 5
Arunachal Pradesh,Lower Subansiri,Yachuli,,,,,,99.0,2026-09-27,02:00:00,2026-09-28 02:17:45,,,,,,,,,,,,,,,,,,,,
Arunachal Pradesh,Lower Subansiri,Ziro Manipolyang,27.5298,93.8385,17.3,2026-09-28,02:00:00,100.0,2026-09-27,02:00:00,2026-09-28 02:17:45,18.150000000000034,Zone 3,32.06,Zone 4,17.61,Zone 3,31.1,Zone 4,23.53,Zone 3,35.57,Zone 4,27.51,Zone 4,46.16,Zone 5,32.06,Zone 4,57.8,Zone 5
Arunachal Pradesh,Namsai,Lekang,27.6386,95.81,24.9,2026-09-28,02:00:00,94.0,2026-09-27,02:00:00,2026-09-28 02:17:45,27.350000000000023,Zone 4,59.66,Zone 5,26.77,Zone 4,57.29,Zone 5,33.5,Zone 4,61.88,Zone 5,45.28,Zone 5,64.34,Zone 5,59.66,Zone 5,66.24,Zone 5
Arunachal Pradesh,Namsai,Namsai Kvk,27.7804,95.9747,25.1,2026-09-28,02:00:00,100.0,2026-09-27,02:00:00,2026-09-28 02:17:45,28.150000000000034,Zone 4,60.9,Zone 5,27.22,Zone 4,59.79,Zone 5,34.38,Zone 4,62.96,Zone 5,51.33,Zone 5,65.28,Zone 5,60.9,Zone 5,67.07,Zone 5
Arunachal Pradesh,Papumpare,Itanagar,27.076,93.6043,25.4,2026-09-28,02:00:00,100.0,2026-09-27,02:00:00,2026-09-28 02:17:45,28.75,Zone 4,61.78,Zone 5,28.23,Zone 4,60.7,Zone 5,35.61,Zone 4,63.73,Zone 5,55.54,Zone 5,65.94,Zone 5,61.78,Zone 5,67.65,Zone 5
Arunachal Pradesh,Papumpare,Yupia,27.1389,93.7169,27.2,2026-09-28,02:00:00,95.0,2026-09-27,02:00:00,2026-09-28 02:17:45,32.35000000000002,Zone 4,63.35,Zone 5,31.01,Zone 4,62.31,Zone 5,42.99,Zone 5,65.1,Zone 5,59.94,Zone 5,67.13,Zone 5,63.35,Zone 5,68.7,Zone 5
Arunachal Pradesh,Shiyomi,Lamang 2,,,,,,97.0,2026-09-27,01:30:00,2026-09-28 02:17:45,,,,,,,,,,,,,,,,,,,,
Arunachal Pradesh,Siang,Pangin Circle,28.2162,94.9955,23.3,2026-09-28,02:00:00,99.0,2026-09-27,02:00:00,2026-09-28 02:17:45,25.05000000000001,Zone 3,55.64,Zone 5,24.8,Zone 3,51.0,Zone 5,31.09,Zone 4,60.51,Zone 5,38.4,Zone 5,63.15,Zone 5,55.64,Zone 5,65.2,Zone 5
Arunachal Pradesh,Tawang,Domane,,,,,,47.0,2026-09-27,01:30:00,2026-09-28 02:17:45,,,,,,,,,,,,,,,,,,,,
Arunachal Pradesh,Tirap,Deomali,27.1919,95.4636,24.7,2026-09-28,02:00:00,100.0,2026-09-27,02:00:00,2026-09-28 02:17:45,27.350000000000023,Zone 4,60.03,Zone 5,26.29,Zone 4,58.62,Zone 5,33.24,Zone 4,62.19,Zone 5,47.04,Zone 5,64.61,Zone 5,60.03,Zone 5,66.49,Zone 5
Arunachal Pradesh,Tirap,Longding,26.8869,95.3219,23.1,2026-09-28,02:00:00,,,,2026-09-28 02:17:45,,,,,,,,,,,,,,,,,,,,
Arunachal Pradesh,Upper Siang,Tenali,29.0796,95.1171,14.7,2026-09-28,01:30:00,100.0,2026-09-27,01:30:00,2026-09-28 02:17:45,14.850000000000023,Zone 3,28.44,Zone 4,13.71,Zone 2,27.71,Zone 4,20.97,Zone 3,31.83,Zone 4,24.65,Zone 3,35.73,Zone 4,28.44,Zone 4,45.17,Zone 5
Arunachal Pradesh,Upper Siang,Yingkiong,28.64,95.0228,26.2,2026-09-28,02:00:00,,,,2026-09-28 02:17:45,,,,,,,,,,,,,,,,,,,,
Arunachal Pradesh,Upper Subhanseri,Daporijo,27.9883,94.22,25.9,2026-09-28,02:00:00,95.0,2026-09-27,02:00:00,2026-09-28 02:17:45,29.350000000000023,Zone 4,61.6,Zone 5,28.77,Zone 4,60.51,Zone 5,35.97,Zone 4,63.57,Zone 5,54.69,Zone 5,65.81,Zone 5,61.6,Zone 5,67.53,Zone 5
Arunachal Pradesh,West Kameng,Bomdila,27.2645,92.4159,21.8,2026-09-28,02:00:00,,,,2026-09-28 02:17:45,,,,,,,,,,,,,,,,,,,,
Arunachal Pradesh,West Kameng,Dirang,27.36,92.2439,22.8,2026-09-28,02:00:00,100.0,2026-09-27,02:00:00,2026-09-28 02:17:45,24.55000000000001,Zone 3,53.01,Zone 5,24.29,Zone 3,48.21,Zone 5,30.26,Zone 4,59.93,Zone 5,36.15,Zone 4,62.65,Zone 5,53.01,Zone 5,64.76,Zone 5
Arunachal Pradesh,West Kameng,Dirang,27.3813,92.2319,19.3,2026-09-28,02:00:00,100.0,2026-09-27,02:00:00,2026-09-28 02:17:45,20.650000000000034,Zone 3,34.98,Zone 4,20.17,Zone 3,33.84,Zone 4,25.12,Zone 3,42.59,Zone 5,30.14,Zone 4,56.08,Zone 5,34.98,Zone 4,60.84,Zone 5
Arunachal Pradesh,West Kameng,Kalaktang,27.1042,92.1205,19.4,2026-09-28,02:00:00,48.0,2026-09-27,02:00:00,2026-09-28 02:17:45,18.150000000000034,Zone 3,31.4,Zone 4,17.37,Zone 3,30.81,Zone 4,23.79,Zone 3,34.48,Zone 4,27.63,Zone 4,37.94,Zone 4,31.4,Zone 4,41.73,Zone 5
Arunachal Pradesh,West Siang,Along,28.2028,94.8025,25.7,2026-09-28,02:00:00,100.0,2026-09-27,02:00:00,2026-09-28 02:17:45,29.450000000000045,Zone 4,61.78,Zone 5,28.23,Zone 4,60.7,Zone 5,35.61,Zone 4,63.73,Zone 5,55.54,Zone 5,65.94,Zone 5,61.78,Zone 5,67.65,Zone 5
Arunachal Pradesh,West Siang,Yomcha,28.1297,94.5716,23.1,2026-09-28,02:00:00,100.0,2026-09-27,02:00:00,2026-09-28 02:17:45,24.850000000000023,Zone 3,53.01,Zone 5,24.29,Zone 3,48.21,Zone 5,30.26,Zone 4,59.93,Zone 5,36.15,Zone 4,62.65,Zone 5,53.01,Zone 5,64.76,Zone 5
Assam,Barpeta,Bajali University,26.5045,91.1854,26.5,2026-09-28,02:00:00,100.0,2026-09-27,02:00:00,2026-09-28 02:17:45,31.350000000000023,Zone 4,63.56,Zone 5,30.49,Zone 4,62.52,Zone 5,44.17,Zone 5,65.28,Zone 5,60.18,Zone 5,67.29,Zone 5,63.56,Zone 5,68.83,Zone 5
Assam,Barpeta,Barpeta,26.4689,90.9,26.5,2026-09-28,02:00:00,99.0,2026-09-27,02:00:00,2026-09-28 02:17:45,31.150000000000034,Zone 4,63.34,Zone 5,30.36,Zone 4,62.3,Zone 5,42.95,Zone 5,65.09,Zone 5,59.93,Zone 5,67.13,Zone 5,63.34,Zone 5,68.69,Zone 5
Assam,Barpeta,Barpeta Kvk,26.4421,90.9824,26.7,2026-09-28,02:00:00,100.0,2026-09-27,02:00:00,2026-09-28 02:17:45,31.850000000000023,Zone 4,63.56,Zone 5,30.49,Zone 4,62.52,Zone 5,44.17,Zone 5,65.28,Zone 5,60.18,Zone 5,67.29,Zone 5,63.56,Zone 5,68.83,Zone 5
Assam,Charaideo,Sonari Aegcl,27.0309,95.0531,25.5,2026-09-28,02:00:00,100.0,2026-09-27,02:00:00,2026-09-28 02:17:45,29.05000000000001,Zone 4,61.78,Zone 5,28.23,Zone 4,60.7,Zone 5,35.61,Zone 4,63.73,Zone 5,55.54,Zone 5,65.94,Zone 5,61.78,Zone 5,67.65,Zone 5
Assam,Chirang,Chirang,26.5296,90.5018,26.9,2026-09-28,02:00:00,,,,2026-09-28 02:17:45,,,,,,,,,,,,,,,,,,,,
Assam,Chirang,Kajalgaon,26.5225,90.4997,26.4,2026-09-28,02:00:00,93.0,2026-09-27,02:00:00,2026-09-28 02:17:45,30.150000000000034,Zone 4,62.03,Zone 5,29.6,Zone 4,60.96,Zone 5,36.86,Zone 4,63.95,Zone 5,56.67,Zone 5,66.14,Zone 5,62.03,Zone 5,67.82,Zone 5
Assam,Darrang,Dalgaon,26.5689,92.1958,26.4,2026-09-28,02:00:00,88.0,2026-09-27,02:00:00,2026-09-28 02:17:45,29.55000000000001,Zone 4,60.92,Zone 5,29.05,Zone 4,59.82,Zone 5,35.9,Zone 4,62.98,Zone 5,51.43,Zone 5,65.29,Zone 5,60.92,Zone 5,67.08,Zone 5
Assam,Darrang,Garukhuti,26.3184,91.8986,26.4,2026-09-28,02:00:00,,,,2026-09-28 02:17:45,,,,,,,,,,,,,,,,,,,,
Assam,Darrang,Mangaldai,26.4328,92.0283,24.5,2026-09-28,02:00:00,89.0,2026-09-27,02:00:00,2026-09-28 02:17:45,26.25,Zone 4,54.38,Zone 5,25.61,Zone 4,49.66,Zone 5,31.91,Zone 4,60.23,Zone 5,37.65,Zone 4,62.91,Zone 5,54.38,Zone 5,64.99,Zone 5
Assam,Dhemaji,Silapathar Science College,27.6071,94.7327,26.1,2026-09-28,02:00:00,100.0,2026-09-27,02:00:00,2026-09-28 02:17:45,30.350000000000023,Zone 4,62.67,Zone 5,29.31,Zone 4,61.61,Zone 5,39.34,Zone 5,64.5,Zone 5,59.12,Zone 5,66.62,Zone 5,62.67,Zone 5,68.24,Zone 5
Assam,Dhubri,Agomani,26.1969,89.7902,26.6,2026-09-28,02:00:00,,,,2026-09-28 02:17:45,,,,,,,,,,,,,,,,,,,,
Assam,Dhubri,Bn College,26.024,89.9697,26.9,2026-09-28,02:00:00,99.0,2026-09-27,02:00:00,2026-09-28 02:17:45,32.25,Zone 4,64.24,Zone 5,31.62,Zone 4,63.22,Zone 5,48.18,Zone 5,65.87,Zone 5,60.99,Zone 5,67.8,Zone 5,64.24,Zone 5,69.28,Zone 5
Assam,Dhubri,Gauripur Aegcl,26.094,89.9854,26.4,2026-09-28,02:00:00,,,,2026-09-28 02:17:45,,,,,,,,,,,,,,,,,,,,
Assam,Dibrugarh,Bcpl Dibrugarh,,,,,,21.0,2026-09-27,02:00:00,2026-09-28 02:17:45,,,,,,,,,,,,,,,,,,,,
Assam,Dibrugarh,Dc Ofc Dibrugarh,27.4667,94.9116,26.5,2026-09-28,02:00:00,25.0,2026-09-27,02:00:00,2026-09-28 02:17:45,25.450000000000045,Zone 4,36.43,Zone 4,24.93,Zone 3,35.81,Zone 4,29.18,Zone 4,39.27,Zone 4,32.91,Zone 4,42.53,Zone 4,36.43,Zone 4,49.45,Zone 5
Assam,Dibrugarh,Lahowal,,,,,,15.0,2026-09-27,02:00:00,2026-09-28 02:17:45,,,,,,,,,,,,,,,,,,,,
Assam,Dima Hasao,Haflong Aegcl,25.191,93.0181,23.6,2026-09-28,02:00:00,100.0,2026-09-27,02:00:00,2026-09-28 02:17:45,25.450000000000045,Zone 4,56.39,Zone 5,24.83,Zone 3,51.81,Zone 5,31.19,Zone 4,60.68,Zone 5,39.18,Zone 5,63.3,Zone 5,56.39,Zone 5,65.33,Zone 5
Assam,Dima Hasao,Lkhep,25.6657,92.7825,26.6,2026-09-28,02:00:00,100.0,2026-09-27,02:00:00,2026-09-28 02:17:45,31.55000000000001,Zone 4,63.56,Zone 5,30.49,Zone 4,62.52,Zone 5,44.17,Zone 5,65.28,Zone 5,60.18,Zone 5,67.29,Zone 5,63.56,Zone 5,68.83,Zone 5
Assam,Goalpara,Agia Aegcl,,,,,,66.0,2026-09-27,02:00:00,2026-09-28 02:17:45,,,,,,,,,,,,,,,,,,,,
Assam,Goalpara,Goalpara,26.1594,90.6292,26.0,2026-09-28,02:00:00,100.0,2026-09-27,02:00:00,2026-09-28 02:17:45,30.150000000000034,Zone 4,62.67,Zone 5,29.31,Zone 4,61.61,Zone 5,39.34,Zone 5,64.5,Zone 5,59.12,Zone 5,66.62,Zone 5,62.67,Zone 5,68.24,Zone 5
Assam,Golaghat,Cnb Collage Bokakhat,26.639,93.592,26.0,2026-09-28,02:00:00,100.0,2026-09-27,02:00:00,2026-09-28 02:17:45,30.150000000000034,Zone 4,62.67,Zone 5,29.31,Zone 4,61.61,Zone 5,39.34,Zone 5,64.5,Zone 5,59.12,Zone 5,66.62,Zone 5,62.67,Zone 5,68.24,Zone 5
Assam,Golaghat,Golaghat,26.5,93.9167,26.7,2026-09-28,02:00:00,86.0,2026-09-27,02:00:00,2026-09-28 02:17:45,29.950000000000045,Zone 4,60.47,Zone 5,28.85,Zone 4,59.36,Zone 5,35.55,Zone 4,62.59,Zone 5,49.22,Zone 5,64.95,Zone 5,60.47,Zone 5,66.78,Zone 5
Assam,Hailakandi,Algapur Circle,24.7543,92.5947,27.3,2026-09-28,02:00:00,100.0,2026-09-27,02:00:00,2026-09-28 02:17:45,33.55000000000001,Zone 4,65.36,Zone 5,33.22,Zone 4,64.38,Zone 5,54.9,Zone 5,66.86,Zone 5,62.33,Zone 5,68.65,Zone 5,65.36,Zone 5,71.14,Zone 6
Assam,Hailakandi,Panchgram Aegcl,24.8663,92.5938,26.4,2026-09-28,02:00:00,100.0,2026-09-27,02:00:00,2026-09-28 02:17:45,31.05000000000001,Zone 4,63.56,Zone 5,30.49,Zone 4,62.52,Zone 5,44.17,Zone 5,65.28,Zone 5,60.18,Zone 5,67.29,Zone 5,63.56,Zone 5,68.83,Zone 5
Assam,Hajoi,Lumding,25.75,93.1779,27.2,2026-09-28,02:00:00,89.0,2026-09-27,02:00:00,2026-09-28 02:17:45,31.350000000000023,Zone 4,62.0,Zone 5,30.2,Zone 4,60.92,Zone 5,37.32,Zone 4,63.92,Zone 5,56.53,Zone 5,66.11,Zone 5,62.0,Zone 5,67.8,Zone 5
Assam,Jorhat,Mariyani Aegcl,26.6318,94.3357,26.4,2026-09-28,02:00:00,100.0,2026-09-27,02:00:00,2026-09-28 02:17:45,31.05000000000001,Zone 4,63.56,Zone 5,30.49,Zone 4,62.52,Zone 5,44.17,Zone 5,65.28,Zone 5,60.18,Zone 5,67.29,Zone 5,63.56,Zone 5,68.83,Zone 5
Assam,Kamrup,Amingaon,26.1926,91.6736,27.4,2026-09-28,01:45:00,,,,2026-09-28 02:17:45,,,,,,,,,,,,,,,,,,,,
Assam,Kamrup,Boko Aegcl,26.0159,91.1833,25.8,2026-09-28,02:00:00,100.0,2026-09-27,02:00:00,2026-09-28 02:17:45,29.650000000000034,Zone 4,62.67,Zone 5,29.31,Zone 4,61.61,Zone 5,39.34,Zone 5,64.5,Zone 5,59.12,Zone 5,66.62,Zone 5,62.67,Zone 5,68.24,Zone 5
Assam,Kamrup,Chandubi,25.8733,91.4317,27.2,2026-09-28,02:00:00,,,,2026-09-28 02:17:45,,,,,,,,,,,,,,,,,,,,
Assam,Kamrup Metropolitan,Aau Hrs,26.103,91.611,26.5,2026-09-28,02:00:00,100.0,2026-09-27,02:00:00,2026-09-28 02:17:45,31.350000000000023,Zone 4,63.56,Zone 5,30.49,Zone 4,62.52,Zone 5,44.17,Zone 5,65.28,Zone 5,60.18,Zone 5,67.29,Zone 5,63.56,Zone 5,68.83,Zone 5
Assam,Kamrup Metropolitan,Down Town University,26.2036,91.8654,26.6,2026-09-28,02:00:00,100.0,2026-09-27,02:00:00,2026-09-28 02:17:45,31.55000000000001,Zone 4,63.56,Zone 5,30.49,Zone 4,62.52,Zone 5,44.17,Zone 5,65.28,Zone 5,60.18,Zone 5,67.29,Zone 5,63.56,Zone 5,68.83,Zone 5
Assam,Kamrup Metropolitan,Gauhati University,26.1521,91.6566,26.5,2026-09-28,02:00:00,,,,2026-09-28 02:17:45,,,,,,,,,,,,,,,,,,,,
Assam,Kamrup Metropolitan,Guwahati,26.1,91.5667,26.4,2026-09-28,01:45:00,90.0,2026-09-27,01:45:00,2026-09-28 02:17:45,29.75,Zone 4,61.37,Zone 5,29.27,Zone 4,60.27,Zone 5,36.27,Zone 4,63.37,Zone 5,53.59,Zone 5,65.63,Zone 5,61.37,Zone 5,67.38,Zone 5
Assam,Kamrup Metropolitan,Guwahati City,26.1642,91.7566,27.0,2026-09-28,02:00:00,100.0,2026-09-27,02:00:00,2026-09-28 02:17:45,32.650000000000034,Zone 4,64.46,Zone 5,31.79,Zone 4,63.45,Zone 5,49.51,Zone 5,66.07,Zone 5,61.26,Zone 5,67.97,Zone 5,64.46,Zone 5,69.54,Zone 6
Assam,Kamrup Metropolitan,Kalakshetra,26.1313,91.8237,27.6,2026-09-28,02:00:00,,,,2026-09-28 02:17:45,,,,,,,,,,,,,,,,,,,,
Assam,Kamrup Metropolitan,Kamakhya,26.1036,91.5896,26.9,2026-09-28,02:00:00,100.0,2026-09-27,02:00:00,2026-09-28 02:17:45,32.35000000000002,Zone 4,64.46,Zone 5,31.79,Zone 4,63.45,Zone 5,49.51,Zone 5,66.07,Zone 5,61.26,Zone 5,67.97,Zone 5,64.46,Zone 5,69.54,Zone 6
Assam,Kamrup Metropolitan,Vcbc Rani,,,,,,100.0,2026-09-27,02:00:00,2026-09-28 02:17:45,,,,,,,,,,,,,,,,,,,,
Assam,Karbi Anglong(East),Bakulia,26.0545,93.2009,27.9,2026-09-28,02:00:00,83.0,2026-09-27,02:00:00,2026-09-28 02:17:45,32.05000000000001,Zone 4,62.3,Zone 5,31.56,Zone 4,61.24,Zone 5,38.57,Zone 4,64.19,Zone 5,57.86,Zone 5,66.34,Zone 5,62.3,Zone 5,68.0,Zone 5
Assam,Karbi Anglong(East),Diphu,25.8363,93.4348,25.8,2026-09-28,02:00:00,100.0,2026-09-27,02:00:00,2026-09-28 02:17:45,29.650000000000034,Zone 4,62.67,Zone 5,29.31,Zone 4,61.61,Zone 5,39.34,Zone 5,64.5,Zone 5,59.12,Zone 5,66.62,Zone 5,62.67,Zone 5,68.24,Zone 5
Assam,Karbi Anglong(West),Habang Circle,25.7152,92.2087,21.8,2026-09-28,02:00:00,100.0,2026-09-27,02:00:00,2026-09-28 02:17:45,23.55000000000001,Zone 3,46.01,Zone 5,23.18,Zone 3,41.41,Zone 5,28.57,Zone 4,57.02,Zone 5,34.19,Zone 4,61.36,Zone 5,46.01,Zone 5,63.62,Zone 5
Assam,Karbi Anglong(West),Kheronighat,25.8495,92.8816,26.9,2026-09-28,02:00:00,88.0,2026-09-27,02:00:00,2026-09-28 02:17:45,30.650000000000034,Zone 4,61.77,Zone 5,30.07,Zone 4,60.69,Zone 5,37.11,Zone 4,63.72,Zone 5,55.49,Zone 5,65.94,Zone 5,61.77,Zone 5,67.65,Zone 5
Assam,Karbi Anglong(West),Umlapher,25.796,92.2356,22.4,2026-09-28,02:00:00,100.0,2026-09-27,02:00:00,2026-09-28 02:17:45,24.150000000000034,Zone 3,49.49,Zone 5,23.74,Zone 3,44.71,Zone 5,29.39,Zone 4,59.19,Zone 5,35.14,Zone 4,62.0,Zone 5,49.49,Zone 5,64.19,Zone 5
Assam,Karbi Anglong(West),Umpanai Apdcl,,,,,,45.0,2026-09-27,02:00:00,2026-09-28 02:17:45,,,,,,,,,,,,,,,,,,,,
Assam,Karimganj,Harinagar,,,,,,14.0,2026-09-27,02:00:00,2026-09-28 02:17:45,,,,,,,,,,,,,,,,,,,,
Assam,Kokrajhar,Salakati Aegcl,26.4407,90.368,26.6,2026-09-28,02:00:00,100.0,2026-09-27,02:00:00,2026-09-28 02:17:45,31.55000000000001,Zone 4,63.56,Zone 5,30.49,Zone 4,62.52,Zone 5,44.17,Zone 5,65.28,Zone 5,60.18,Zone 5,67.29,Zone 5,63.56,Zone 5,68.83,Zone 5
Assam,Lakhimpur,Lakhimpur,27.2808,94.1103,25.8,2026-09-28,02:00:00,100.0,2026-09-27,02:00:00,2026-09-28 02:17:45,29.650000000000034,Zone 4,62.67,Zone 5,29.31,Zone 4,61.61,Zone 5,39.34,Zone 5,64.5,Zone 5,59.12,Zone 5,66.62,Zone 5,62.67,Zone 5,68.24,Zone 5
Assam,Majuli,Majuli,26.9778,94.1445,26.0,2026-09-28,02:00:00,100.0,2026-09-27,02:00:00,2026-09-28 02:17:45,30.150000000000034,Zone 4,62.67,Zone 5,29.31,Zone 4,61.61,Zone 5,39.34,Zone 5,64.5,Zone 5,59.12,Zone 5,66.62,Zone 5,62.67,Zone 5,68.24,Zone 5
Assam,Marigaon,Dharamtul,26.1689,92.3569,27.7,2026-09-28,02:00:00,97.0,2026-09-27,02:00:00,2026-09-28 02:17:45,34.05000000000001,Zone 4,64.69,Zone 5,32.64,Zone 4,63.69,Zone 5,50.9,Zone 5,66.27,Zone 5,61.53,Zone 5,68.14,Zone 5,64.69,Zone 5,69.95,Zone 6
Assam,Marigaon,Laharighat,26.42,92.33,27.2,2026-09-28,02:00:00,90.0,2026-09-27,02:00:00,2026-09-28 02:17:45,31.55000000000001,Zone 4,62.23,Zone 5,30.33,Zone 4,61.16,Zone 5,37.53,Zone 4,64.12,Zone 5,57.53,Zone 5,66.28,Zone 5,62.23,Zone 5,67.95,Zone 5
Assam,Nagaon,Kampur,26.1625,92.6646,23.4,2026-09-28,02:00:00,,,,2026-09-28 02:17:45,,,,,,,,,,,,,,,,,,,,
Assam,Nagaon,Samaguri Aegcl,26.4055,92.843,26.2,2026-09-28,02:00:00,100.0,2026-09-27,02:00:00,2026-09-28 02:17:45,30.55000000000001,Zone 4,62.67,Zone 5,29.31,Zone 4,61.61,Zone 5,39.34,Zone 5,64.5,Zone 5,59.12,Zone 5,66.62,Zone 5,62.67,Zone 5,68.24,Zone 5
Assam,Nalbari,Nalbari,26.4446,91.4411,30.9,2026-09-28,02:00:00,96.0,2026-09-27,02:00:00,2026-09-28 02:17:45,61.450000000000045,Zone 5,72.09,Zone 6,61.23,Zone 5,70.64,Zone 6,66.01,Zone 5,74.2,Zone 6,68.87,Zone 5,77.66,Zone 6,72.09,Zone 6,81.09,Zone 6
Assam,Nalbari,Nalbari Kvk,26.4707,91.4285,26.5,2026-09-28,02:00:00,100.0,2026-09-27,02:00:00,2026-09-28 02:17:45,31.350000000000023,Zone 4,63.56,Zone 5,30.49,Zone 4,62.52,Zone 5,44.17,Zone 5,65.28,Zone 5,60.18,Zone 5,67.29,Zone 5,63.56,Zone 5,68.83,Zone 5
Assam,Nalbari,Tihu,26.47,91.26,27.2,2026-09-28,02:00:00,89.0,2026-09-27,02:00:00,2026-09-28 02:17:45,31.350000000000023,Zone 4,62.0,Zone 5,30.2,Zone 4,60.92,Zone 5,37.32,Zone 4,63.92,Zone 5,56.53,Zone 5,66.11,Zone 5,62.0,Zone 5,67.8,Zone 5
Assam,Sivasagar,Sivsagar Aegcl,27.0212,94.6722,26.8,2026-09-28,02:00:00,100.0,2026-09-27,02:00:00,2026-09-28 02:17:45,32.150000000000034,Zone 4,64.46,Zone 5,31.79,Zone 4,63.45,Zone 5,49.51,Zone 5,66.07,Zone 5,61.26,Zone 5,67.97,Zone 5,64.46,Zone 5,69.54,Zone 6
Assam,Sonitpur,Dhekiajuli Aegcl,26.6928,92.3765,26.4,2026-09-28,02:00:00,100.0,2026-09-27,02:00:00,2026-09-28 02:17:45,31.05000000000001,Zone 4,63.56,Zone 5,30.49,Zone 4,62.52,Zone 5,44.17,Zone 5,65.28,Zone 5,60.18,Zone 5,67.29,Zone 5,63.56,Zone 5,68.83,Zone 5
Assam,Sonitpur,Ghoramara Aegcl,26.7622,92.7604,26.4,2026-09-28,02:00:00,100.0,2026-09-27,02:00:00,2026-09-28 02:17:45,31.05000000000001,Zone 4,63.56,Zone 5,30.49,Zone 4,62.52,Zone 5,44.17,Zone 5,65.28,Zone 5,60.18,Zone 5,67.29,Zone 5,63.56,Zone 5,68.83,Zone 5
Assam,Tamulpur,Mushalpur,26.6594,91.3409,26.6,2026-09-28,02:00:00,99.0,2026-09-27,02:00:00,2026-09-28 02:17:45,31.450000000000045,Zone 4,63.34,Zone 5,30.36,Zone 4,62.3,Zone 5,42.95,Zone 5,65.09,Zone 5,59.93,Zone 5,67.13,Zone 5,63.34,Zone 5,68.69,Zone 5
Assam,Tinsukia,Margherita,27.2954,95.6564,25.2,2026-09-28,02:00:00,100.0,2026-09-27,02:00:00,2026-09-28 02:17:45,28.350000000000023,Zone 4,60.9,Zone 5,27.22,Zone 4,59.79,Zone 5,34.38,Zone 4,62.96,Zone 5,51.33,Zone 5,65.28,Zone 5,60.9,Zone 5,67.07,Zone 5
Assam,Tinsukia,Ntps Apdcl,27.1791,95.3749,25.1,2026-09-28,02:00:00,100.0,2026-09-27,02:00:00,2026-09-28 02:17:45,28.150000000000034,Zone 4,60.9,Zone 5,27.22,Zone 4,59.79,Zone 5,34.38,Zone 4,62.96,Zone 5,51.33,Zone 5,65.28,Zone 5,60.9,Zone 5,67.07,Zone 5
Assam,Tinsukia,Rupai Aegcl,27.5989,95.566,26.5,2026-09-28,02:00:00,100.0,2026-09-27,02:00:00,2026-09-28 02:17:45,31.350000000000023,Zone 4,63.56,Zone 5,30.49,Zone 4,62.52,Zone 5,44.17,Zone 5,65.28,Zone 5,60.18,Zone 5,67.29,Zone 5,63.56,Zone 5,68.83,Zone 5
Assam,Tinsukia,Tinsukia,27.4886,95.3558,26.7,2026-09-28,02:00:00,91.0,2026-09-27,02:00:00,2026-09-28 02:17:45,30.55000000000001,Zone 4,61.59,Zone 5,29.38,Zone 4,60.5,Zone 5,36.46,Zone 4,63.56,Zone 5,54.64,Zone 5,65.8,Zone 5,61.59,Zone 5,67.53,Zone 5
Assam,Udalguri,Rowta Aegcl,26.7224,92.1909,26.5,2026-09-28,02:00:00,100.0,2026-09-27,02:00:00,2026-09-28 02:17:45,31.350000000000023,Zone 4,63.56,Zone 5,30.49,Zone 4,62.52,Zone 5,44.17,Zone 5,65.28,Zone 5,60.18,Zone 5,67.29,Zone 5,63.56,Zone 5,68.83,Zone 5
Assam,Udalguri,Tangla,26.6589,91.91,26.4,2026-09-28,02:00:00,100.0,2026-09-27,02:00:00,2026-09-28 02:17:45,31.05000000000001,Zone 4,63.56,Zone 5,30.49,Zone 4,62.52,Zone 5,44.17,Zone 5,65.28,Zone 5,60.18,Zone 5,67.29,Zone 5,63.56,Zone 5,68.83,Zone 5
Assam,Udalguri,Udalguri,26.7322,92.0939,26.6,2026-09-28,02:00:00,100.0,2026-09-27,02:00:00,2026-09-28 02:17:45,31.55000000000001,Zone 4,63.56,Zone 5,30.49,Zone 4,62.52,Zone 5,44.17,Zone 5,65.28,Zone 5,60.18,Zone 5,67.29,Zone 5,63.56,Zone 5,68.83,Zone 5
Assam,Udalguri,Udi Kvk,26.6531,92.1803,26.2,2026-09-28,02:00:00,,,,2026-09-28 02:17:45,,,,,,,,,,,,,,,,,,,,
Bihar,Araria,Araria Kvk,26.1183,87.4492,25.8,2026-09-28,02:00:00,100.0,2026-09-27,02:00:00,2026-09-28 02:17:45,29.650000000000034,Zone 4,62.67,Zone 5,29.31,Zone 4,61.61,Zone 5,39.34,Zone 5,64.5,Zone 5,59.12,Zone 5,66.62,Zone 5,62.67,Zone 5,68.24,Zone 5
Bihar,Arwal,Arwal Aws400,25.1495,84.5135,23.5,2026-09-28,02:00:00,100.0,2026-09-27,02:00:00,2026-09-28 02:17:45,25.25,Zone 3,56.39,Zone 5,24.83,Zone 3,51.81,Zone 5,31.19,Zone 4,60.68,Zone 5,39.18,Zone 5,63.3,Zone 5,56.39,Zone 5,65.33,Zone 5
Bihar,Aurangabad,Aurangabad Kvk,24.8373,84.2844,24.1,2026-09-28,02:00:00,100.0,2026-09-27,02:00:00,2026-09-28 02:17:45,26.350000000000023,Zone 4,59.15,Zone 5,25.42,Zone 4,55.33,Zone 5,32.18,Zone 4,61.44,Zone 5,42.93,Zone 5,63.96,Zone 5,59.15,Zone 5,65.91,Zone 5
Bihar,Buxar,Dumaraon,25.5333,84.1592,22.8,2026-09-28,02:00:00,100.0,2026-09-27,02:00:00,2026-09-28 02:17:45,24.55000000000001,Zone 3,53.01,Zone 5,24.29,Zone 3,48.21,Zone 5,30.26,Zone 4,59.93,Zone 5,36.15,Zone 4,62.65,Zone 5,53.01,Zone 5,64.76,Zone 5
Bihar,Darbhanga,Darbhanga Aws400,26.1642,85.9004,25.2,2026-09-28,02:00:00,100.0,2026-09-27,02:00:00,2026-09-28 02:17:45,28.350000000000023,Zone 4,60.9,Zone 5,27.22,Zone 4,59.79,Zone 5,34.38,Zone 4,62.96,Zone 5,51.33,Zone 5,65.28,Zone 5,60.9,Zone 5,67.07,Zone 5
Bihar,Gaya,Bodhgaya,24.6837,84.9635,24.5,2026-09-28,02:00:00,100.0,2026-09-27,02:00:00,2026-09-28 02:17:45,27.05000000000001,Zone 4,60.03,Zone 5,26.29,Zone 4,58.62,Zone 5,33.24,Zone 4,62.19,Zone 5,47.04,Zone 5,64.61,Zone 5,60.03,Zone 5,66.49,Zone 5
Bihar,Jehanabad,Jehanabad,25.18143,85.13712,25.8,2026-09-28,02:00:00,100.0,2026-09-27,02:00:00,2026-09-28 02:17:45,29.650000000000034,Zone 4,62.67,Zone 5,29.31,Zone 4,61.61,Zone 5,39.34,Zone 5,64.5,Zone 5,59.12,Zone 5,66.62,Zone 5,62.67,Zone 5,68.24,Zone 5
Bihar,Kaimur,Bhabua,25.0481,83.6139,26.5,2026-09-28,02:00:00,94.0,2026-09-27,02:00:00,2026-09-28 02:17:45,30.450000000000045,Zone 4,62.25,Zone 5,29.72,Zone 4,61.18,Zone 5,37.32,Zone 5,64.14,Zone 5,57.64,Zone 5,66.3,Zone 5,62.25,Zone 5,67.97,Zone 5
Bihar,Kishanganj,Arrabari,26.275,88.035,26.2,2026-09-28,02:00:00,100.0,2026-09-27,02:00:00,2026-09-28 02:17:45,30.55000000000001,Zone 4,62.67,Zone 5,29.31,Zone 4,61.61,Zone 5,39.34,Zone 5,64.5,Zone 5,59.12,Zone 5,66.62,Zone 5,62.67,Zone 5,68.24,Zone 5
Bihar,Madhepura,Madhepura,25.9184,86.8043,25.7,2026-09-28,02:00:00,100.0,2026-09-27,02:00:00,2026-09-28 02:17:45,29.450000000000045,Zone 4,61.78,Zone 5,28.23,Zone 4,60.7,Zone 5,35.61,Zone 4,63.73,Zone 5,55.54,Zone 5,65.94,Zone 5,61.78,Zone 5,67.65,Zone 5
Bihar,Madhubani,Chanpur Basaitha,26.42,85.82,25.1,2026-09-28,01:45:00,95.0,2026-09-27,01:45:00,2026-09-28 02:17:45,27.75,Zone 4,59.87,Zone 5,26.84,Zone 4,58.06,Zone 5,33.64,Zone 4,62.06,Zone 5,46.28,Zone 5,64.5,Zone 5,59.87,Zone 5,66.38,Zone 5
Bihar,Madhubani,Sukhet,26.2644,86.3199,25.1,2026-09-28,02:00:00,100.0,2026-09-27,02:00:00,2026-09-28 02:17:45,28.150000000000034,Zone 4,60.9,Zone 5,27.22,Zone 4,59.79,Zone 5,34.38,Zone 4,62.96,Zone 5,51.33,Zone 5,65.28,Zone 5,60.9,Zone 5,67.07,Zone 5
Bihar,Munger,Kvk Munger,25.3706,86.4997,24.6,2026-09-28,02:00:00,,,,2026-09-28 02:17:45,,,,,,,,,,,,,,,,,,,,
Bihar,Nalanda,Rajgir,25.0119,85.3755,25.4,2026-09-28,02:00:00,100.0,2026-09-27,02:00:00,2026-09-28 02:17:45,28.75,Zone 4,61.78,Zone 5,28.23,Zone 4,60.7,Zone 5,35.61,Zone 4,63.73,Zone 5,55.54,Zone 5,65.94,Zone 5,61.78,Zone 5,67.65,Zone 5
Bihar,Patna,Baldwin Academy,25.5634,85.2214,28.1,2026-09-28,02:00:00,90.0,2026-09-27,02:00:00,2026-09-28 02:17:45,33.75,Zone 4,63.96,Zone 5,32.71,Zone 4,62.94,Zone 5,46.53,Zone 5,65.64,Zone 5,60.66,Zone 5,67.6,Zone 5,63.96,Zone 5,69.1,Zone 5
Bihar,Patna,Iit Patna,25.538424,84.845999,24.8,2026-09-28,02:00:00,100.0,2026-09-27,02:00:00,2026-09-28 02:17:45,27.55000000000001,Zone 4,60.9,Zone 5,27.22,Zone 4,59.79,Zone 5,34.38,Zone 4,62.96,Zone 5,51.33,Zone 5,65.28,Zone 5,60.9,Zone 5,67.07,Zone 5
Bihar,Patna,Kvk Barh,25.4542,85.7213,25.7,2026-09-28,02:00:00,100.0,2026-09-27,02:00:00,2026-09-28 02:17:45,29.450000000000045,Zone 4,61.78,Zone 5,28.23,Zone 4,60.7,Zone 5,35.61,Zone 4,63.73,Zone 5,55.54,Zone 5,65.94,Zone 5,61.78,Zone 5,67.65,Zone 5
Bihar,Rohtas,Bikramganj,25.2225,84.24,23.9,2026-09-28,02:00:00,100.0,2026-09-27,02:00:00,2026-09-28 02:17:45,25.950000000000045,Zone 4,59.15,Zone 5,25.42,Zone 4,55.33,Zone 5,32.18,Zone 4,61.44,Zone 5,42.93,Zone 5,63.96,Zone 5,59.15,Zone 5,65.91,Zone 5
Bihar,Rohtas,Dehri,24.8895,84.1715,34.0,2026-09-28,02:00:00,95.0,2026-09-27,02:00:00,2026-09-28 02:17:45,72.35000000000002,Zone 6,82.59,Zone 6,71.97,Zone 6,80.97,Zone 6,75.59,Zone 6,84.5,Zone 6,79.11,Zone 6,87.93,Zone 6,82.59,Zone 6,91.32,Zone 6
Bihar,Saharsa,Agwanpur Aws400,25.9288,86.5597,26.1,2026-09-28,02:00:00,100.0,2026-09-27,02:00:00,2026-09-28 02:17:45,30.350000000000023,Zone 4,62.67,Zone 5,29.31,Zone 4,61.61,Zone 5,39.34,Zone 5,64.5,Zone 5,59.12,Zone 5,66.62,Zone 5,62.67,Zone 5,68.24,Zone 5
Bihar,Samastipur,Pusa Aws400,25.9793,85.6771,24.9,2026-09-28,02:00:00,100.0,2026-09-27,02:00:00,2026-09-28 02:17:45,27.75,Zone 4,60.9,Zone 5,27.22,Zone 4,59.79,Zone 5,34.38,Zone 4,62.96,Zone 5,51.33,Zone 5,65.28,Zone 5,60.9,Zone 5,67.07,Zone 5
Bihar,Saran,Manjhi,25.8419,84.5898,25.4,2026-09-28,02:00:00,72.0,2026-09-27,02:00:00,2026-09-28 02:17:45,26.55000000000001,Zone 4,45.81,Zone 5,26.14,Zone 4,41.29,Zone 5,31.8,Zone 4,56.9,Zone 5,36.95,Zone 4,61.33,Zone 5,45.81,Zone 5,63.6,Zone 5
Bihar,Sheikpura,Sheikpura Kvk,25.0739,85.851,26.1,2026-09-28,02:00:00,,,,2026-09-28 02:17:45,,,,,,,,,,,,,,,,,,,,
Bihar,Siwan,Ziradei,26.1484,84.2689,24.8,2026-09-28,02:00:00,100.0,2026-09-27,02:00:00,2026-09-28 02:17:45,27.55000000000001,Zone 4,60.9,Zone 5,27.22,Zone 4,59.79,Zone 5,34.38,Zone 4,62.96,Zone 5,51.33,Zone 5,65.28,Zone 5,60.9,Zone 5,67.07,Zone 5
Bihar,Supaul,Supaul Aws400,26.3047,86.8382,25.2,2026-09-28,02:00:00,100.0,2026-09-27,02:00:00,2026-09-28 02:17:45,28.350000000000023,Zone 4,60.9,Zone 5,27.22,Zone 4,59.79,Zone 5,34.38,Zone 4,62.96,Zone 5,51.33,Zone 5,65.28,Zone 5,60.9,Zone 5,67.07,Zone 5
Bihar,Vaishali,Vaishali,25.7373,85.2498,25.1,2026-09-28,02:00:00,100.0,2026-09-27,02:00:00,2026-09-28 02:17:45,28.150000000000034,Zone 4,60.9,Zone 5,27.22,Zone 4,59.79,Zone 5,34.38,Zone 4,62.96,Zone 5,51.33,Zone 5,65.28,Zone 5,60.9,Zone 5,67.07,Zone 5
Chandigarh,Chandigarh,Chandigarh,30.6833,76.8333,22.7,2026-09-28,02:00:00,,,,2026-09-28 02:17:45,,,,,,,,,,,,,,,,,,,,
Chandigarh,Chandigarh,Dav School,30.7347,76.806,23.3,2026-09-28,02:00:00,94.0,2026-09-27,02:00:00,2026-09-28 02:17:45,24.850000000000023,Zone 3,51.71,Zone 5,24.61,Zone 3,46.9,Zone 5,30.61,Zone 4,59.66,Zone 5,36.35,Zone 4,62.41,Zone 5,51.71,Zone 5,64.55,Zone 5
Chhattisgarh,Balod,Balod Aws400,20.7057,81.23,25.2,2026-09-28,02:00:00,99.0,2026-09-27,02:00:00,2026-09-28 02:17:45,28.25,Zone 4,60.7,Zone 5,27.14,Zone 4,59.58,Zone 5,34.22,Zone 4,62.78,Zone 5,50.32,Zone 5,65.12,Zone 5,60.7,Zone 5,66.93,Zone 5
Chhattisgarh,Balrampur,Balrampur,23.6022,83.6093,22.6,2026-09-28,02:00:00,93.0,2026-09-27,02:00:00,2026-09-28 02:17:45,24.150000000000034,Zone 3,44.1,Zone 5,23.46,Zone 3,39.69,Zone 5,28.88,Zone 4,55.46,Zone 5,34.34,Zone 4,61.0,Zone 5,44.1,Zone 5,63.3,Zone 5
Chhattisgarh,Balrampur,Balrampur Aws400,23.6026,83.6098,21.6,2026-09-28,02:00:00,100.0,2026-09-27,02:00:00,2026-09-28 02:17:45,23.25,Zone 3,42.68,Zone 5,22.6,Zone 3,38.42,Zone 5,27.79,Zone 4,54.2,Zone 5,33.3,Zone 4,60.72,Zone 5,42.68,Zone 5,63.06,Zone 5
Chhattisgarh,Bemetara,Bemetara,21.7014,81.5474,24.3,2026-09-28,02:00:00,100.0,2026-09-27,02:00:00,2026-09-28 02:17:45,26.650000000000034,Zone 4,60.03,Zone 5,26.29,Zone 4,58.62,Zone 5,33.24,Zone 4,62.19,Zone 5,47.04,Zone 5,64.61,Zone 5,60.03,Zone 5,66.49,Zone 5
Chhattisgarh,Bilaspur,Bilaspur,22.106,82.1426,24.3,2026-09-28,01:45:00,97.0,2026-09-27,01:45:00,2026-09-28 02:17:45,26.450000000000045,Zone 4,59.42,Zone 5,26.09,Zone 4,56.36,Zone 5,32.85,Zone 4,61.66,Zone 5,44.14,Zone 5,64.16,Zone 5,59.42,Zone 5,66.08,Zone 5
Chhattisgarh,Gariaband,Gariaband,20.6321,82.0606,24.9,2026-09-28,02:00:00,,,,2026-09-28 02:17:45,,,,,,,,,,,,,,,,,,,,
Chhattisgarh,Janjgir Champa,Janjgir,22.01,82.6004,25.4,2026-09-28,02:00:00,36.0,2026-09-27,02:00:00,2026-09-28 02:17:45,24.75,Zone 3,36.63,Zone 4,24.29,Zone 3,35.91,Zone 4,28.9,Zone 4,39.59,Zone 4,32.88,Zone 4,43.05,Zone 4,36.63,Zone 4,54.39,Zone 5
Chhattisgarh,Janjgir Champa,Nawagarh,21.8339,82.6411,25.0,2026-09-28,02:00:00,100.0,2026-09-27,02:00:00,2026-09-28 02:17:45,27.950000000000045,Zone 4,60.9,Zone 5,27.22,Zone 4,59.79,Zone 5,34.38,Zone 4,62.96,Zone 5,51.33,Zone 5,65.28,Zone 5,60.9,Zone 5,67.07,Zone 5
Chhattisgarh,Janjgir Champa,Sakti,22.0242,82.9583,24.5,2026-09-28,02:00:00,100.0,2026-09-27,02:00:00,2026-09-28 02:17:45,27.05000000000001,Zone 4,60.03,Zone 5,26.29,Zone 4,58.62,Zone 5,33.24,Zone 4,62.19,Zone 5,47.04,Zone 5,64.61,Zone 5,60.03,Zone 5,66.49,Zone 5
Chhattisgarh,Kabirdham,Chilpi,,,,,,59.0,2026-09-27,02:00:00,2026-09-28 02:17:45,,,,,,,,,,,,,,,,,,,,
Chhattisgarh,Kabirdham,Kawardha,22.0103,81.2204,23.4,2026-09-28,02:00:00,100.0,2026-09-27,02:00:00,2026-09-28 02:17:45,25.150000000000034,Zone 3,56.39,Zone 5,24.83,Zone 3,51.81,Zone 5,31.19,Zone 4,60.68,Zone 5,39.18,Zone 5,63.3,Zone 5,56.39,Zone 5,65.33,Zone 5
Chhattisgarh,Korba,Lakhanpur Kvk,22.472,82.5232,22.7,2026-09-28,02:00:00,39.0,2026-09-27,02:00:00,2026-09-28 02:17:45,21.650000000000034,Zone 3,33.78,Zone 4,20.65,Zone 3,33.15,Zone 4,26.11,Zone 4,36.78,Zone 4,30.07,Zone 4,40.2,Zone 4,33.78,Zone 4,46.5,Zone 5
Chhattisgarh,Mahasamund,Pithora,21.2193,82.5092,23.6,2026-09-28,02:00:00,87.0,2026-09-27,02:00:00,2026-09-28 02:17:45,24.950000000000045,Zone 3,45.95,Zone 5,24.34,Zone 3,41.38,Zone 5,30.0,Zone 4,56.99,Zone 5,35.43,Zone 4,61.35,Zone 5,45.95,Zone 5,63.62,Zone 5
Chhattisgarh,Mungeli,Lormi,22.2711,81.6869,24.4,2026-09-28,02:00:00,100.0,2026-09-27,02:00:00,2026-09-28 02:17:45,26.850000000000023,Zone 4,60.03,Zone 5,26.29,Zone 4,58.62,Zone 5,33.24,Zone 4,62.19,Zone 5,47.04,Zone 5,64.61,Zone 5,60.03,Zone 5,66.49,Zone 5
Chhattisgarh,Pendra Road,Pendra Road,22.7595,81.8993,21.6,2026-09-28,02:00:00,98.0,2026-09-27,02:00:00,2026-09-28 02:17:45,23.25,Zone 3,41.31,Zone 5,22.51,Zone 3,37.23,Zone 5,27.67,Zone 4,52.94,Zone 5,33.11,Zone 4,60.45,Zone 5,41.31,Zone 5,62.82,Zone 5
Chhattisgarh,Raigarh,Raigarh,21.8897,83.4052,24.8,2026-09-28,02:00:00,100.0,2026-09-27,02:00:00,2026-09-28 02:17:45,27.55000000000001,Zone 4,60.9,Zone 5,27.22,Zone 4,59.79,Zone 5,34.38,Zone 4,62.96,Zone 5,51.33,Zone 5,65.28,Zone 5,60.9,Zone 5,67.07,Zone 5
Chhattisgarh,Raipur,Naya Raipur,21.1592,81.803,25.6,2026-09-28,02:00:00,,,,2026-09-28 02:17:45,,,,,,,,,,,,,,,,,,,,
Chhattisgarh,Raipur,Raipur,21.2115,81.6596,25.4,2026-09-28,02:00:00,97.0,2026-09-27,02:00:00,2026-09-28 02:17:45,28.450000000000045,Zone 4,61.15,Zone 5,27.95,Zone 4,60.05,Zone 5,35.09,Zone 4,63.18,Zone 5,52.56,Zone 5,65.47,Zone 5,61.15,Zone 5,67.24,Zone 5
Chhattisgarh,Rajnandgaon,Rajnandgaon,21.1007,81.0326,25.2,2026-09-28,02:00:00,95.0,2026-09-27,02:00:00,2026-09-28 02:17:45,27.950000000000045,Zone 4,59.87,Zone 5,26.84,Zone 4,58.06,Zone 5,33.64,Zone 4,62.06,Zone 5,46.28,Zone 5,64.5,Zone 5,59.87,Zone 5,66.38,Zone 5
Chhattisgarh,Surajpur,Surajpur Aws400,23.2137,82.8687,21.0,2026-09-28,02:00:00,88.0,2026-09-27,02:00:00,2026-09-28 02:17:45,22.150000000000034,Zone 3,36.23,Zone 4,21.46,Zone 3,35.11,Zone 4,26.47,Zone 4,43.67,Zone 5,31.49,Zone 4,57.01,Zone 5,36.23,Zone 4,61.05,Zone 5
Dadra And Nagar Haveli,Dadar Nagar,Silvassa,20.2703,73.0049,24.9,2026-09-28,02:00:00,100.0,2026-09-27,02:00:00,2026-09-28 02:17:45,27.75,Zone 4,60.9,Zone 5,27.22,Zone 4,59.79,Zone 5,34.38,Zone 4,62.96,Zone 5,51.33,Zone 5,65.28,Zone 5,60.9,Zone 5,67.07,Zone 5
Daman And Diu,Daman,Daman Aws,20.4,72.8331,24.8,2026-09-28,02:00:00,99.0,2026-09-27,02:00:00,2026-09-28 02:17:45,27.55000000000001,Zone 4,60.7,Zone 5,27.14,Zone 4,59.58,Zone 5,34.22,Zone 4,62.78,Zone 5,50.32,Zone 5,65.12,Zone 5,60.7,Zone 5,66.93,Zone 5
Daman And Diu,Diu,Diu,20.72,70.9167,26.4,2026-09-28,02:00:00,89.0,2026-09-27,02:00:00,2026-09-28 02:17:45,29.650000000000034,Zone 4,61.15,Zone 5,29.16,Zone 4,60.05,Zone 5,36.08,Zone 4,63.17,Zone 5,52.52,Zone 5,65.46,Zone 5,61.15,Zone 5,67.23,Zone 5
Delhi,East Delhi,Salwan Public School,28.6127,77.3075,23.4,2026-09-28,02:00:00,99.0,2026-09-27,02:00:00,2026-09-28 02:17:45,25.150000000000034,Zone 3,55.64,Zone 5,24.8,Zone 3,51.0,Zone 5,31.09,Zone 4,60.51,Zone 5,38.4,Zone 5,63.15,Zone 5,55.64,Zone 5,65.2,Zone 5
Delhi,New Delhi,Pragati Maidan,28.6284,77.2431,23.7,2026-09-28,02:00:00,59.0,2026-09-27,02:00:00,2026-09-28 02:17:45,23.950000000000045,Zone 3,36.78,Zone 4,23.07,Zone 3,35.86,Zone 4,28.09,Zone 4,40.0,Zone 4,32.56,Zone 4,50.87,Zone 5,36.78,Zone 4,59.68,Zone 5
Delhi,North West Delhi,Mungeshpur,28.8084,76.9697,31.3,2026-09-28,02:00:00,92.0,2026-09-27,02:00:00,2026-09-28 02:17:45,60.950000000000045,Zone 5,71.89,Zone 6,61.02,Zone 5,70.45,Zone 6,65.85,Zone 5,74.0,Zone 6,68.75,Zone 5,77.47,Zone 6,71.89,Zone 6,80.89,Zone 6
Delhi,North West Delhi,Pitampura,28.7042,77.1504,24.8,2026-09-28,02:00:00,,,,2026-09-28 02:17:45,,,,,,,,,,,,,,,,,,,,
Delhi,South Delhi,Lodi Road,28.5885,77.2224,24.0,2026-09-28,02:00:00,,,,2026-09-28 02:17:45,,,,,,,,,,,,,,,,,,,,
Delhi,South Delhi,Pharma Science And Research Un,28.5168,77.2234,23.8,2026-09-28,02:00:00,95.0,2026-09-27,02:00:00,2026-09-28 02:17:45,25.55000000000001,Zone 4,55.88,Zone 5,25.18,Zone 3,51.26,Zone 5,31.62,Zone 4,60.57,Zone 5,38.65,Zone 5,63.2,Zone 5,55.88,Zone 5,65.24,Zone 5
Delhi,South West Delhi,Ayanagar,28.4837,77.1271,20.9,2026-09-28,02:00:00,85.0,2026-09-27,02:00:00,2026-09-28 02:17:45,21.850000000000023,Zone 3,35.93,Zone 4,21.32,Zone 3,34.85,Zone 4,26.34,Zone 4,41.86,Zone 5,31.27,Zone 4,55.43,Zone 5,35.93,Zone 4,60.69,Zone 5
Delhi,South West Delhi,Jafarpur,28.5938,76.9093,22.9,2026-09-28,02:00:00,,,,2026-09-28 02:17:45,,,,,,,,,,,,,,,,,,,,
Delhi,South West Delhi,Kvk Crpf Campus,28.6322,76.9547,23.3,2026-09-28,02:00:00,94.0,2026-09-27,02:00:00,2026-09-28 02:17:45,24.850000000000023,Zone 3,51.71,Zone 5,24.61,Zone 3,46.9,Zone 5,30.61,Zone 4,59.66,Zone 5,36.35,Zone 4,62.41,Zone 5,51.71,Zone 5,64.55,Zone 5
Delhi,South West Delhi,Kv Narayna,28.6155,77.1367,22.5,2026-09-28,02:00:00,95.0,2026-09-27,02:00:00,2026-09-28 02:17:45,24.05000000000001,Zone 3,45.62,Zone 5,23.54,Zone 3,41.07,Zone 5,29.02,Zone 4,56.72,Zone 5,34.56,Zone 4,61.29,Zone 5,45.62,Zone 5,63.56,Zone 5
Delhi,South West Delhi,Najafgarh,28.6357,77.0005,23.5,2026-09-28,02:00:00,100.0,2026-09-27,02:00:00,2026-09-28 02:17:45,25.25,Zone 3,56.39,Zone 5,24.83,Zone 3,51.81,Zone 5,31.19,Zone 4,60.68,Zone 5,39.18,Zone 5,63.3,Zone 5,56.39,Zone 5,65.33,Zone 5
Delhi,West Delhi,Kv Janakpuri,28.6178,77.0858,24.3,2026-09-28,02:00:00,95.0,2026-09-27,02:00:00,2026-09-28 02:17:45,26.350000000000023,Zone 4,59.0,Zone 5,25.97,Zone 4,54.76,Zone 5,32.6,Zone 4,61.31,Zone 5,42.27,Zone 5,63.85,Zone 5,59.0,Zone 5,65.81,Zone 5
Goa,North Goa,Goa State Biodiversity Board,15.5345,73.7916,24.6,2026-09-28,02:00:00,99.0,2026-09-27,02:00:00,2026-09-28 02:17:45,27.150000000000034,Zone 4,59.82,Zone 5,26.22,Zone 4,57.89,Zone 5,33.1,Zone 4,62.02,Zone 5,46.06,Zone 5,64.46,Zone 5,59.82,Zone 5,66.35,Zone 5
Goa,North Goa,Mopa Airport,15.7342,73.8602,25.0,2026-09-28,02:00:00,100.0,2026-09-27,02:00:00,2026-09-28 02:17:45,27.950000000000045,Zone 4,60.9,Zone 5,27.22,Zone 4,59.79,Zone 5,34.38,Zone 4,62.96,Zone 5,51.33,Zone 5,65.28,Zone 5,60.9,Zone 5,67.07,Zone 5
Goa,North Goa,Pernem,15.71,73.79,23.6,2026-09-28,02:00:00,,,,2026-09-28 02:17:45,,,,,,,,,,,,,,,,,,,,
Goa,Panaji,Altinho Imdoffice,15.492,73.8252,24.2,2026-09-28,02:00:00,80.0,2026-09-27,02:00:00,2026-09-28 02:17:45,25.350000000000023,Zone 4,43.42,Zone 5,24.62,Zone 3,39.11,Zone 5,30.21,Zone 4,54.89,Zone 5,35.44,Zone 4,60.87,Zone 5,43.42,Zone 5,63.19,Zone 5
Gujarat,Ahmedabad,Ahmedabad,23.07,72.6167,28.1,2026-09-28,02:00:00,84.0,2026-09-27,02:00:00,2026-09-28 02:17:45,32.650000000000034,Zone 4,62.54,Zone 5,31.71,Zone 4,61.48,Zone 5,38.81,Zone 4,64.39,Zone 5,58.87,Zone 5,66.52,Zone 5,62.54,Zone 5,68.16,Zone 5
Gujarat,Ahmedabad,Dhorela,22.2586,72.185,25.5,2026-09-28,02:00:00,93.0,2026-09-27,02:00:00,2026-09-28 02:17:45,28.350000000000023,Zone 4,60.31,Zone 5,27.6,Zone 4,59.19,Zone 5,34.45,Zone 4,62.44,Zone 5,48.41,Zone 5,64.83,Zone 5,60.31,Zone 5,66.67,Zone 5
Gujarat,Ahmedabad,Science City,23.0808,72.4943,26.7,2026-09-28,02:00:00,100.0,2026-09-27,02:00:00,2026-09-28 02:17:45,31.850000000000023,Zone 4,63.56,Zone 5,30.49,Zone 4,62.52,Zone 5,44.17,Zone 5,65.28,Zone 5,60.18,Zone 5,67.29,Zone 5,63.56,Zone 5,68.83,Zone 5
Gujarat,Amreli,Dhari Aws400,21.344,71.0193,23.2,2026-09-28,02:00:00,100.0,2026-09-27,02:00:00,2026-09-28 02:17:45,24.950000000000045,Zone 3,53.01,Zone 5,24.29,Zone 3,48.21,Zone 5,30.26,Zone 4,59.93,Zone 5,36.15,Zone 4,62.65,Zone 5,53.01,Zone 5,64.76,Zone 5
Gujarat,Amreli,Jafrabad,,,,,,91.0,2026-09-27,02:00:00,2026-09-28 02:17:45,,,,,,,,,,,,,,,,,,,,
Gujarat,Anand,Khambhat Aws400,22.3404,72.6401,26.3,2026-09-28,01:30:00,91.0,2026-09-27,01:30:00,2026-09-28 02:17:45,29.75,Zone 4,61.59,Zone 5,29.38,Zone 4,60.5,Zone 5,36.46,Zone 4,63.56,Zone 5,54.64,Zone 5,65.8,Zone 5,61.59,Zone 5,67.53,Zone 5
Gujarat,Banaskantha,Ambaji Temple,24.331,72.8517,23.1,2026-09-28,02:00:00,100.0,2026-09-27,02:00:00,2026-09-28 02:17:45,24.850000000000023,Zone 3,53.01,Zone 5,24.29,Zone 3,48.21,Zone 5,30.26,Zone 4,59.93,Zone 5,36.15,Zone 4,62.65,Zone 5,53.01,Zone 5,64.76,Zone 5
Gujarat,Banaskantha,Tharad Aws400,24.4033,71.5849,24.7,2026-09-28,02:00:00,81.0,2026-09-27,02:00:00,2026-09-28 02:17:45,26.150000000000034,Zone 4,47.47,Zone 5,25.21,Zone 3,42.81,Zone 5,31.09,Zone 4,58.17,Zone 5,36.46,Zone 4,61.64,Zone 5,47.47,Zone 5,63.86,Zone 5
Gujarat,Bharuch,Hansot Aws400,21.5822,72.8164,25.0,2026-09-28,02:00:00,100.0,2026-09-27,02:00:00,2026-09-28 02:17:45,27.950000000000045,Zone 4,60.9,Zone 5,27.22,Zone 4,59.79,Zone 5,34.38,Zone 4,62.96,Zone 5,51.33,Zone 5,65.28,Zone 5,60.9,Zone 5,67.07,Zone 5
Gujarat,Bhavnagar,Bhavnagar,21.7851,72.0793,24.9,2026-09-28,02:00:00,96.0,2026-09-27,02:00:00,2026-09-28 02:17:45,27.450000000000045,Zone 4,60.08,Zone 5,26.91,Zone 4,58.8,Zone 5,33.78,Zone 4,62.24,Zone 5,47.28,Zone 5,64.65,Zone 5,60.08,Zone 5,66.52,Zone 5
Gujarat,Bhavnagar,Talaja Aws400,21.3646,72.0261,24.2,2026-09-28,02:00:00,98.0,2026-09-27,02:00:00,2026-09-28 02:17:45,26.350000000000023,Zone 4,58.11,Zone 5,25.29,Zone 3,53.74,Zone 5,31.95,Zone 4,61.09,Zone 5,41.16,Zone 5,63.66,Zone 5,58.11,Zone 5,65.64,Zone 5
Gujarat,Dang,Dang Kvk,20.776,73.5063,22.8,2026-09-28,02:00:00,100.0,2026-09-27,02:00:00,2026-09-28 02:17:45,24.55000000000001,Zone 3,53.01,Zone 5,24.29,Zone 3,48.21,Zone 5,30.26,Zone 4,59.93,Zone 5,36.15,Zone 4,62.65,Zone 5,53.01,Zone 5,64.76,Zone 5
Gujarat,Dwarka,Dwarka,22.2403,68.9597,26.4,2026-09-28,02:00:00,96.0,2026-09-27,02:00:00,2026-09-28 02:17:45,30.55000000000001,Zone 4,62.69,Zone 5,29.97,Zone 4,61.63,Zone 5,39.45,Zone 5,64.52,Zone 5,59.15,Zone 5,66.63,Zone 5,62.69,Zone 5,68.26,Zone 5
Gujarat,Gandhinagar,Gandhinagar,23.27,72.65,26.9,2026-09-28,02:00:00,70.0,2026-09-27,02:00:00,2026-09-28 02:17:45,28.75,Zone 4,53.45,Zone 5,28.24,Zone 4,48.73,Zone 5,34.06,Zone 4,60.04,Zone 5,39.38,Zone 4,62.74,Zone 5,53.45,Zone 5,64.84,Zone 5
Gujarat,Gir Somnath,Veraval   Aws400,20.9076,70.3571,27.0,2026-09-28,02:00:00,93.0,2026-09-27,02:00:00,2026-09-28 02:17:45,31.55000000000001,Zone 4,62.9,Zone 5,30.73,Zone 4,61.85,Zone 5,40.55,Zone 5,64.71,Zone 5,59.4,Zone 5,66.79,Zone 5,62.9,Zone 5,68.4,Zone 5
Gujarat,Kachchh,Bachau Amfu,23.3031,70.36,26.2,2026-09-28,02:00:00,94.0,2026-09-27,02:00:00,2026-09-28 02:17:45,29.850000000000023,Zone 4,61.38,Zone 5,28.67,Zone 4,60.29,Zone 5,35.78,Zone 4,63.38,Zone 5,53.66,Zone 5,65.64,Zone 5,61.38,Zone 5,67.39,Zone 5
Gujarat,Kachchh,Kandla,23.15,70.2167,27.2,2026-09-28,02:00:00,85.0,2026-09-27,02:00:00,2026-09-28 02:17:45,30.850000000000023,Zone 4,61.09,Zone 5,29.72,Zone 4,59.99,Zone 5,36.52,Zone 4,63.12,Zone 5,52.23,Zone 5,65.42,Zone 5,61.09,Zone 5,67.19,Zone 5
Gujarat,Kachchh,Mundra,22.8237,69.7225,26.9,2026-09-28,02:00:00,87.0,2026-09-27,02:00:00,2026-09-28 02:17:45,30.450000000000045,Zone 4,61.55,Zone 5,29.95,Zone 4,60.46,Zone 5,36.91,Zone 4,63.52,Zone 5,54.43,Zone 5,65.77,Zone 5,61.55,Zone 5,67.5,Zone 5
Gujarat,Kachchh,Rapar,23.5507,70.6429,25.2,2026-09-28,02:00:00,100.0,2026-09-27,02:00:00,2026-09-28 02:17:45,28.350000000000023,Zone 4,60.9,Zone 5,27.22,Zone 4,59.79,Zone 5,34.38,Zone 4,62.96,Zone 5,51.33,Zone 5,65.28,Zone 5,60.9,Zone 5,67.07,Zone 5
Gujarat,Mahesana,Jagudan,23.5119,72.4023,26.9,2026-09-28,01:45:00,90.0,2026-09-27,01:45:00,2026-09-28 02:17:45,30.850000000000023,Zone 4,62.23,Zone 5,30.33,Zone 4,61.16,Zone 5,37.53,Zone 4,64.12,Zone 5,57.53,Zone 5,66.28,Zone 5,62.23,Zone 5,67.95,Zone 5
Gujarat,Mahisagar,Lunavada,23.1267,73.603,25.3,2026-09-28,02:00:00,100.0,2026-09-27,02:00:00,2026-09-28 02:17:45,28.55000000000001,Zone 4,61.78,Zone 5,28.23,Zone 4,60.7,Zone 5,35.61,Zone 4,63.73,Zone 5,55.54,Zone 5,65.94,Zone 5,61.78,Zone 5,67.65,Zone 5
Gujarat,Morbi,Halwad,23.0096,71.1891,25.4,2026-09-28,02:00:00,88.0,2026-09-27,02:00:00,2026-09-28 02:17:45,27.75,Zone 4,59.23,Zone 5,27.2,Zone 4,55.65,Zone 5,33.72,Zone 4,61.51,Zone 5,43.28,Zone 5,64.02,Zone 5,59.23,Zone 5,65.96,Zone 5
Gujarat,Patan,Radhanpur,23.8335,71.5867,25.6,2026-09-28,02:00:00,100.0,2026-09-27,02:00:00,2026-09-28 02:17:45,29.25,Zone 4,61.78,Zone 5,28.23,Zone 4,60.7,Zone 5,35.61,Zone 4,63.73,Zone 5,55.54,Zone 5,65.94,Zone 5,61.78,Zone 5,67.65,Zone 5
Gujarat,Porbandar,Porbandar,21.6423,69.6626,26.4,2026-09-28,02:00:00,98.0,2026-09-27,02:00:00,2026-09-28 02:17:45,30.75,Zone 4,63.13,Zone 5,30.22,Zone 4,62.08,Zone 5,41.75,Zone 5,64.9,Zone 5,59.67,Zone 5,66.96,Zone 5,63.13,Zone 5,68.55,Zone 5
Gujarat,Sabarkantha,Bayad,23.21,73.21,26.3,2026-09-28,02:00:00,,,,2026-09-28 02:17:45,,,,,,,,,,,,,,,,,,,,
Gujarat,Sabarkantha,Himatnagar,23.5865,72.949,10.3,2026-09-28,02:00:00,100.0,2026-09-27,02:00:00,2026-09-28 02:17:45,10.25,Zone 2,24.86,Zone 3,9.54,Zone 2,24.57,Zone 3,17.33,Zone 3,27.84,Zone 4,22.08,Zone 3,31.43,Zone 4,24.86,Zone 3,34.92,Zone 4
Gujarat,Surat,Surat,21.1439,72.75,29.2,2026-09-28,02:00:00,92.0,2026-09-27,02:00:00,2026-09-28 02:17:45,38.85000000000002,Zone 5,66.19,Zone 5,36.07,Zone 4,65.26,Zone 5,59.14,Zone 5,67.6,Zone 5,63.34,Zone 5,69.29,Zone 5,66.19,Zone 5,72.64,Zone 6
Gujarat,Surat,Surat Kvk,21.1677,72.8032,26.8,2026-09-28,02:00:00,,,,2026-09-28 02:17:45,,,,,,,,,,,,,,,,,,,,
Gujarat,Surendranagar,Surendranagar,22.73,71.62,24.9,2026-09-28,02:00:00,99.0,2026-09-27,02:00:00,2026-09-28 02:17:45,27.650000000000034,Zone 4,60.7,Zone 5,27.14,Zone 4,59.58,Zone 5,34.22,Zone 4,62.78,Zone 5,50.32,Zone 5,65.12,Zone 5,60.7,Zone 5,66.93,Zone 5
Gujarat,Tapi,Vyara Aws400,21.1024,73.3939,24.0,2026-09-28,02:00:00,100.0,2026-09-27,02:00:00,2026-09-28 02:17:45,26.150000000000034,Zone 4,59.15,Zone 5,25.42,Zone 4,55.33,Zone 5,32.18,Zone 4,61.44,Zone 5,42.93,Zone 5,63.96,Zone 5,59.15,Zone 5,65.91,Zone 5
Gujarat,Vadodara,Vadodara Aws400,22.3114,73.1826,26.3,2026-09-28,02:00:00,92.0,2026-09-27,02:00:00,2026-09-28 02:17:45,29.850000000000023,Zone 4,61.81,Zone 5,29.49,Zone 4,60.73,Zone 5,36.66,Zone 4,63.75,Zone 5,55.67,Zone 5,65.97,Zone 5,61.81,Zone 5,67.67,Zone 5
Haryana,Bhiwani,Bhiwani,28.8,76.13,22.5,2026-09-28,02:00:00,98.0,2026-09-27,02:00:00,2026-09-28 02:17:45,24.150000000000034,Zone 3,47.94,Zone 5,23.66,Zone 3,43.22,Zone 5,29.24,Zone 4,58.5,Zone 5,34.9,Zone 4,61.72,Zone 5,47.94,Zone 5,63.94,Zone 5
Haryana,Charkhi Dadri,Revenue Office Aws400,28.5921,76.2653,23.8,2026-09-28,02:00:00,98.0,2026-09-27,02:00:00,2026-09-28 02:17:45,25.650000000000034,Zone 4,58.11,Zone 5,25.29,Zone 3,53.74,Zone 5,31.95,Zone 4,61.09,Zone 5,41.16,Zone 5,63.66,Zone 5,58.11,Zone 5,65.64,Zone 5
Haryana,Faridabad,Faridabad,28.37,77.27,23.6,2026-09-28,02:00:00,87.0,2026-09-27,02:00:00,2026-09-28 02:17:45,24.950000000000045,Zone 3,45.95,Zone 5,24.34,Zone 3,41.38,Zone 5,30.0,Zone 4,56.99,Zone 5,35.43,Zone 4,61.35,Zone 5,45.95,Zone 5,63.62,Zone 5
Haryana,Fatehabad,Fatehabad,29.31,75.2833,21.7,2026-09-28,02:00:00,99.0,2026-09-27,02:00:00,2026-09-28 02:17:45,23.350000000000023,Zone 3,41.99,Zone 5,22.56,Zone 3,37.82,Zone 5,27.73,Zone 4,53.58,Zone 5,33.2,Zone 4,60.58,Zone 5,41.99,Zone 5,62.94,Zone 5
Haryana,Gurgaon,Gurgaon,28.42,77.0,20.5,2026-09-28,02:00:00,99.0,2026-09-27,02:00:00,2026-09-28 02:17:45,22.05000000000001,Zone 3,36.55,Zone 4,21.36,Zone 3,35.31,Zone 4,26.3,Zone 4,47.67,Zone 5,31.56,Zone 4,59.32,Zone 5,36.55,Zone 4,61.83,Zone 5
Haryana,Gurgaon,Gurgaon Kvk,28.372,76.9881,22.0,2026-09-28,02:00:00,64.0,2026-09-27,02:00:00,2026-09-28 02:17:45,22.150000000000034,Zone 3,35.32,Zone 4,21.48,Zone 3,34.44,Zone 4,26.62,Zone 4,38.57,Zone 4,31.1,Zone 4,47.56,Zone 5,35.32,Zone 4,58.86,Zone 5
Haryana,Gurgaon,Northcap University,28.5029,77.0511,22.7,2026-09-28,02:00:00,94.0,2026-09-27,02:00:00,2026-09-28 02:17:45,24.25,Zone 3,44.85,Zone 5,23.5,Zone 3,40.37,Zone 5,28.95,Zone 4,56.09,Zone 5,34.45,Zone 4,61.14,Zone 5,44.85,Zone 5,63.43,Zone 5
Haryana,Hisar,Balasmand,29.0716,75.4898,22.7,2026-09-28,02:00:00,95.0,2026-09-27,02:00:00,2026-09-28 02:17:45,24.25,Zone 3,45.62,Zone 5,23.54,Zone 3,41.07,Zone 5,29.02,Zone 4,56.72,Zone 5,34.56,Zone 4,61.29,Zone 5,45.62,Zone 5,63.56,Zone 5
Haryana,Kaithal,Kaithal,29.78,76.4,21.7,2026-09-28,02:00:00,99.0,2026-09-27,02:00:00,2026-09-28 02:17:45,23.350000000000023,Zone 3,41.99,Zone 5,22.56,Zone 3,37.82,Zone 5,27.73,Zone 4,53.58,Zone 5,33.2,Zone 4,60.58,Zone 5,41.99,Zone 5,62.94,Zone 5
Haryana,Karnal,Indri Rest House,29.8829,77.0504,22.6,2026-09-28,02:00:00,,,,2026-09-28 02:17:45,,,,,,,,,,,,,,,,,,,,
Haryana,Karnal,Karnal,29.42,76.57,22.4,2026-09-28,02:00:00,,,,2026-09-28 02:17:45,,,,,,,,,,,,,,,,,,,,
Haryana,Karnal,Uchani,29.68,77.0,23.9,2026-09-28,02:00:00,,,,2026-09-28 02:17:45,,,,,,,,,,,,,,,,,,,,
Haryana,Kurukshetra,Kurukshetra,29.58,76.51,22.6,2026-09-28,02:00:00,100.0,2026-09-27,02:00:00,2026-09-28 02:17:45,24.350000000000023,Zone 3,49.49,Zone 5,23.74,Zone 3,44.71,Zone 5,29.39,Zone 4,59.19,Zone 5,35.14,Zone 4,62.0,Zone 5,49.49,Zone 5,64.19,Zone 5
Haryana,Kurukshetra,Pehowa,29.98,76.57,22.1,2026-09-28,02:00:00,,,,2026-09-28 02:17:45,,,,,,,,,,,,,,,,,,,,
Haryana,Mahendragarh,Mahendragarh Aws,28.1,76.1,23.4,2026-09-28,02:00:00,99.0,2026-09-27,02:00:00,2026-09-28 02:17:45,25.150000000000034,Zone 3,55.64,Zone 5,24.8,Zone 3,51.0,Zone 5,31.09,Zone 4,60.51,Zone 5,38.4,Zone 5,63.15,Zone 5,55.64,Zone 5,65.2,Zone 5
Haryana,Mewat,Mandkola,28.1,77.0,21.7,2026-09-28,02:00:00,18.0,2026-09-27,02:00:00,2026-09-28 02:17:45,19.150000000000034,Zone 3,31.52,Zone 4,17.92,Zone 3,31.11,Zone 4,24.53,Zone 3,34.37,Zone 4,28.17,Zone 4,37.44,Zone 4,31.52,Zone 4,40.41,Zone 4
Haryana,Mewat,Nuh,28.84,76.9967,24.2,2026-09-28,02:00:00,,,,2026-09-28 02:17:45,,,,,,,,,,,,,,,,,,,,
Haryana,Palwal,Palwal Water Service Division,28.1082,77.3312,23.0,2026-09-28,02:00:00,87.0,2026-09-27,02:00:00,2026-09-28 02:17:45,24.350000000000023,Zone 3,42.74,Zone 5,23.78,Zone 3,38.5,Zone 5,29.22,Zone 4,54.28,Zone 5,34.55,Zone 4,60.74,Zone 5,42.74,Zone 5,63.07,Zone 5
Haryana,Panchkula,Panchkula,30.67,76.98,22.6,2026-09-28,02:00:00,100.0,2026-09-27,02:00:00,2026-09-28 02:17:45,24.350000000000023,Zone 3,49.49,Zone 5,23.74,Zone 3,44.71,Zone 5,29.39,Zone 4,59.19,Zone 5,35.14,Zone 4,62.0,Zone 5,49.49,Zone 5,64.19,Zone 5
Haryana,Panipat,Ujha,29.38,77.0,23.3,2026-09-28,02:00:00,93.0,2026-09-27,02:00:00,2026-09-28 02:17:45,24.850000000000023,Zone 3,50.89,Zone 5,24.58,Zone 3,46.09,Zone 5,30.52,Zone 4,59.49,Zone 5,36.21,Zone 4,62.26,Zone 5,50.89,Zone 5,64.42,Zone 5
Haryana,Rewari,Bawal,28.08,76.59,22.4,2026-09-28,02:00:00,99.0,2026-09-27,02:00:00,2026-09-28 02:17:45,24.150000000000034,Zone 3,48.72,Zone 5,23.7,Zone 3,43.96,Zone 5,29.31,Zone 4,59.03,Zone 5,35.02,Zone 4,61.86,Zone 5,48.72,Zone 5,64.06,Zone 5
Haryana,Rohtak,Canal Rest House,28.7785,76.7758,23.2,2026-09-28,02:00:00,91.0,2026-09-27,02:00:00,2026-09-28 02:17:45,24.650000000000034,Zone 3,45.85,Zone 5,23.94,Zone 3,41.29,Zone 5,29.52,Zone 4,56.91,Zone 5,35.01,Zone 4,61.33,Zone 5,45.85,Zone 5,63.6,Zone 5
Haryana,Rohtak,Rohtak,28.88,76.62,22.7,2026-09-28,02:00:00,99.0,2026-09-27,02:00:00,2026-09-28 02:17:45,24.450000000000045,Zone 3,48.72,Zone 5,23.7,Zone 3,43.96,Zone 5,29.31,Zone 4,59.03,Zone 5,35.02,Zone 4,61.86,Zone 5,48.72,Zone 5,64.06,Zone 5
Haryana,Sirsa,Sirsa,29.54,75.04,22.9,2026-09-28,02:00:00,100.0,2026-09-27,02:00:00,2026-09-28 02:17:45,24.650000000000034,Zone 3,53.01,Zone 5,24.29,Zone 3,48.21,Zone 5,30.26,Zone 4,59.93,Zone 5,36.15,Zone 4,62.65,Zone 5,53.01,Zone 5,64.76,Zone 5
Haryana,Sonipat,Canal Resthouse Saragthal,,,,,,67.0,2026-09-27,02:00:00,2026-09-28 02:17:45,,,,,,,,,,,,,,,,,,,,
Haryana,Sonipat,Jagdishpur,30.48,77.1,22.6,2026-09-28,02:00:00,,,,2026-09-28 02:17:45,,,,,,,,,,,,,,,,,,,,
Haryana,Yamunanagar,Damla,30.1,77.28,21.8,2026-09-28,02:00:00,100.0,2026-09-27,02:00:00,2026-09-28 02:17:45,23.55000000000001,Zone 3,46.01,Zone 5,23.18,Zone 3,41.41,Zone 5,28.57,Zone 4,57.02,Zone 5,34.19,Zone 4,61.36,Zone 5,46.01,Zone 5,63.62,Zone 5
Haryana,Yamunanagar,Hathinkundberaj,30.3159,77.5824,20.6,2026-09-28,02:00:00,100.0,2026-09-27,02:00:00,2026-09-28 02:17:45,22.150000000000034,Zone 3,36.83,Zone 5,21.41,Zone 3,35.41,Zone 4,26.35,Zone 4,48.28,Zone 5,31.64,Zone 4,59.46,Zone 5,36.83,Zone 5,61.94,Zone 5
Himachal Pradesh,Bilaspur,Bilaspur Kvk,31.414,76.649,19.9,2026-09-28,02:00:00,100.0,2026-09-27,02:00:00,2026-09-28 02:17:45,21.350000000000023,Zone 3,35.8,Zone 4,20.79,Zone 3,34.6,Zone 4,25.68,Zone 4,45.37,Zone 5,30.87,Zone 4,58.37,Zone 5,35.8,Zone 4,61.39,Zone 5
Himachal Pradesh,Chamba,Dalhousialha,32.5311,76.0022,20.9,2026-09-28,01:30:00,83.0,2026-09-27,01:30:00,2026-09-28 02:17:45,21.75,Zone 3,35.73,Zone 4,21.22,Zone 3,34.68,Zone 4,26.26,Zone 4,40.69,Zone 5,31.13,Zone 4,54.34,Zone 5,35.73,Zone 4,60.44,Zone 5
Himachal Pradesh,Chamba,Udaipur,32.5894,76.1022,19.9,2026-09-28,01:30:00,99.0,2026-09-27,01:30:00,2026-09-28 02:17:45,21.350000000000023,Zone 3,35.7,Zone 4,20.75,Zone 3,34.52,Zone 4,25.64,Zone 4,44.78,Zone 5,30.8,Zone 4,57.91,Zone 5,35.7,Zone 4,61.27,Zone 5
Himachal Pradesh,Hamirpur,Hamirpur Neri,31.4152,76.2803,19.5,2026-09-28,02:00:00,100.0,2026-09-27,02:00:00,2026-09-28 02:17:45,20.850000000000023,Zone 3,34.98,Zone 4,20.17,Zone 3,33.84,Zone 4,25.12,Zone 3,42.59,Zone 5,30.14,Zone 4,56.08,Zone 5,34.98,Zone 4,60.84,Zone 5
Himachal Pradesh,Kangra,Malan,32.115,76.415,18.3,2026-09-28,02:00:00,,,,2026-09-28 02:17:45,,,,,,,,,,,,,,,,,,,,
Himachal Pradesh,Kangra,Palampur Amfu,32.0978,76.5483,16.5,2026-09-28,02:00:00,,,,2026-09-28 02:17:45,,,,,,,,,,,,,,,,,,,,
Himachal Pradesh,Kinnaur,Kalpa,31.54,78.25,6.3,2026-09-28,01:30:00,34.0,2026-09-27,01:30:00,2026-09-28 02:17:45,4.550000000000011,Zone 2,22.12,Zone 3,3.52,Zone 2,21.99,Zone 3,12.44,Zone 2,24.5,Zone 3,18.31,Zone 3,27.04,Zone 4,22.12,Zone 3,29.96,Zone 4
Himachal Pradesh,Kinnaur,Pooh,31.7608,78.5829,6.7,2026-09-28,01:30:00,30.0,2026-09-27,01:30:00,2026-09-28 02:17:45,4.75,Zone 2,22.08,Zone 3,3.41,Zone 2,21.96,Zone 3,12.36,Zone 2,24.48,Zone 3,18.24,Zone 3,26.99,Zone 4,22.08,Zone 3,29.89,Zone 4
Himachal Pradesh,Kinnaur,Sangla,,,,,,45.0,2026-09-27,01:30:00,2026-09-28 02:17:45,,,,,,,,,,,,,,,,,,,,
Himachal Pradesh,Kullu,Bajaura,31.8456,77.1642,16.7,2026-09-28,02:00:00,,,,2026-09-28 02:17:45,,,,,,,,,,,,,,,,,,,,
Himachal Pradesh,Lahaul And Spiti,Tabo,32.0915,78.3851,5.7,2026-09-28,02:00:00,97.0,2026-09-27,02:00:00,2026-09-28 02:17:45,5.650000000000034,Zone 2,22.25,Zone 3,4.26,Zone 2,22.02,Zone 3,12.88,Zone 2,24.47,Zone 3,18.61,Zone 3,27.1,Zone 4,22.25,Zone 3,30.3,Zone 4
Himachal Pradesh,Mandi,Sundernagar,31.53,76.9,18.2,2026-09-28,01:30:00,,,,2026-09-28 02:17:45,,,,,,,,,,,,,,,,,,,,
Himachal Pradesh,Mandi,Sundernagar Kvk,32.56,76.12,18.1,2026-09-28,02:00:00,100.0,2026-09-27,02:00:00,2026-09-28 02:17:45,19.150000000000034,Zone 3,32.74,Zone 4,18.26,Zone 3,31.74,Zone 4,23.94,Zone 3,36.28,Zone 4,28.13,Zone 4,48.64,Zone 5,32.74,Zone 4,59.21,Zone 5
Himachal Pradesh,Shimla,Fagu,31.08,77.3,11.2,2026-09-28,01:30:00,,,,2026-09-28 02:17:45,,,,,,,,,,,,,,,,,,,,
Himachal Pradesh,Shimla,Shimala Cpri,31.0958,77.1717,15.6,2026-09-28,02:00:00,64.0,2026-09-27,02:00:00,2026-09-28 02:17:45,14.350000000000023,Zone 3,28.26,Zone 4,13.32,Zone 2,27.72,Zone 4,20.85,Zone 3,31.43,Zone 4,24.7,Zone 3,34.94,Zone 4,28.26,Zone 4,38.33,Zone 4
Himachal Pradesh,Solan,Majhouli,31.02,76.64,22.0,2026-09-28,02:00:00,99.0,2026-09-27,02:00:00,2026-09-28 02:17:45,23.650000000000034,Zone 3,45.26,Zone 5,23.14,Zone 3,40.73,Zone 5,28.5,Zone 4,56.42,Zone 5,34.09,Zone 4,61.22,Zone 5,45.26,Zone 5,63.5,Zone 5
Himachal Pradesh,Solan,Ramshar,31.0888,76.7935,18.1,2026-09-28,02:00:00,,,,2026-09-28 02:17:45,,,,,,,,,,,,,,,,,,,,
Jammu And Kashmir,Anantnag,Anantnag,33.6692,75.1719,14.5,2026-09-28,01:45:00,100.0,2026-09-27,01:45:00,2026-09-28 02:17:45,14.650000000000034,Zone 3,28.44,Zone 4,13.71,Zone 2,27.71,Zone 4,20.97,Zone 3,31.83,Zone 4,24.65,Zone 3,35.73,Zone 4,28.44,Zone 4,45.17,Zone 5
Jammu And Kashmir,Anantnag,Khudwani,33.72,75.09,14.0,2026-09-28,02:00:00,96.0,2026-09-27,02:00:00,2026-09-28 02:17:45,13.850000000000023,Zone 2,27.78,Zone 4,13.04,Zone 2,27.11,Zone 4,20.42,Zone 3,31.13,Zone 4,24.28,Zone 3,34.94,Zone 4,27.78,Zone 4,41.79,Zone 5
Jammu And Kashmir,Anantnag,Larnoo,33.62,75.38,9.7,2026-09-28,02:00:00,99.0,2026-09-27,02:00:00,2026-09-28 02:17:45,9.650000000000034,Zone 2,24.35,Zone 3,8.47,Zone 2,24.07,Zone 3,16.37,Zone 3,26.95,Zone 4,21.4,Zone 3,30.46,Zone 4,24.35,Zone 3,33.88,Zone 4
Jammu And Kashmir,Anantnag,Pahalgam,34.02,75.32,9.5,2026-09-28,01:30:00,80.0,2026-09-27,01:30:00,2026-09-28 02:17:45,8.850000000000023,Zone 2,24.16,Zone 3,7.86,Zone 2,23.91,Zone 3,15.88,Zone 3,26.65,Zone 4,21.1,Zone 3,30.02,Zone 4,24.16,Zone 3,33.3,Zone 4
Jammu And Kashmir,Badgam,Harran,34.0619,74.71,11.5,2026-09-28,02:00:00,96.0,2026-09-27,02:00:00,2026-09-28 02:17:45,11.350000000000023,Zone 2,25.38,Zone 4,10.45,Zone 2,25.02,Zone 3,18.15,Zone 3,28.66,Zone 4,22.68,Zone 3,32.28,Zone 4,25.38,Zone 4,35.79,Zone 4
Jammu And Kashmir,Bandipora,Bandipora,34.5,74.68,11.9,2026-09-28,02:00:00,99.0,2026-09-27,02:00:00,2026-09-28 02:17:45,11.850000000000023,Zone 2,25.89,Zone 4,11.07,Zone 2,25.29,Zone 3,18.69,Zone 3,29.2,Zone 4,23.05,Zone 3,32.89,Zone 4,25.89,Zone 4,36.47,Zone 4
Jammu And Kashmir,Baramulla,Baramulla Kvk,34.096,74.525,13.3,2026-09-28,02:00:00,77.0,2026-09-27,02:00:00,2026-09-28 02:17:45,12.450000000000045,Zone 2,26.78,Zone 4,11.82,Zone 2,26.26,Zone 4,19.45,Zone 3,30.01,Zone 4,23.66,Zone 3,33.56,Zone 4,26.78,Zone 4,37.0,Zone 4
Jammu And Kashmir,Baramulla,Gulmarg,34.0339,74.3658,9.9,2026-09-28,02:00:00,38.0,2026-09-27,02:00:00,2026-09-28 02:17:45,7.9500000000000455,Zone 2,23.95,Zone 3,6.96,Zone 2,23.77,Zone 3,15.18,Zone 3,26.4,Zone 4,20.71,Zone 3,29.52,Zone 4,23.95,Zone 3,32.52,Zone 4
Jammu And Kashmir,Ganderbal,Ganderbal,34.24,74.78,13.0,2026-09-28,02:00:00,65.0,2026-09-27,02:00:00,2026-09-28 02:17:45,11.75,Zone 2,26.07,Zone 4,10.86,Zone 2,25.63,Zone 4,18.66,Zone 3,29.23,Zone 4,23.14,Zone 3,32.64,Zone 4,26.07,Zone 4,35.94,Zone 4
Jammu And Kashmir,Ganderbal,Sonemarg,34.25611111,75.41694444,8.6,2026-09-28,02:00:00,74.0,2026-09-27,02:00:00,2026-09-28 02:17:45,7.850000000000023,Zone 2,23.59,Zone 3,6.67,Zone 2,23.36,Zone 3,14.8,Zone 3,25.8,Zone 4,20.32,Zone 3,29.08,Zone 4,23.59,Zone 3,32.28,Zone 4
Jammu And Kashmir,Jammu,Chatha Amfu,,,,,,92.0,2026-09-27,02:00:00,2026-09-28 02:17:45,,,,,,,,,,,,,,,,,,,,
Jammu And Kashmir,Jammu,Jammu,32.7266,74.857,25.2,2026-09-28,02:00:00,89.0,2026-09-27,02:00:00,2026-09-28 02:17:45,27.450000000000045,Zone 4,57.57,Zone 5,26.42,Zone 4,53.14,Zone 5,32.85,Zone 4,60.96,Zone 5,40.51,Zone 5,63.54,Zone 5,57.57,Zone 5,65.54,Zone 5
Jammu And Kashmir,Kishtwar,Gulabgarh,33.2667,76.172,11.0,2026-09-28,02:00:00,64.0,2026-09-27,02:00:00,2026-09-28 02:17:45,9.850000000000023,Zone 2,24.74,Zone 3,8.83,Zone 2,24.5,Zone 3,16.82,Zone 3,27.57,Zone 4,21.83,Zone 3,30.89,Zone 4,24.74,Zone 3,34.1,Zone 4
Jammu And Kashmir,Kishtwar,Kishtwar,33.3,75.76,18.5,2026-09-28,02:00:00,86.0,2026-09-27,02:00:00,2026-09-28 02:17:45,19.05000000000001,Zone 3,32.51,Zone 4,18.21,Zone 3,31.62,Zone 4,24.0,Zone 3,35.91,Zone 4,28.13,Zone 4,44.12,Zone 5,32.51,Zone 4,56.11,Zone 5
Jammu And Kashmir,Kulgam,Kulgam Amfu,33.6447,74.9433,14.0,2026-09-28,02:00:00,81.0,2026-09-27,02:00:00,2026-09-28 02:17:45,13.350000000000023,Zone 2,27.35,Zone 4,12.48,Zone 2,26.78,Zone 4,20.01,Zone 3,30.61,Zone 4,24.04,Zone 3,34.24,Zone 4,27.35,Zone 4,37.74,Zone 4
Jammu And Kashmir,Kupwara,Kupw Kvk,34.516,74.256,11.2,2026-09-28,02:00:00,81.0,2026-09-27,02:00:00,2026-09-28 02:17:45,10.550000000000011,Zone 2,24.92,Zone 3,9.42,Zone 2,24.65,Zone 3,17.29,Zone 3,27.9,Zone 4,22.11,Zone 3,31.35,Zone 4,24.92,Zone 3,34.7,Zone 4
Jammu And Kashmir,Poonch,Poonch,33.7665,74.111,21.5,2026-09-28,02:00:00,81.0,2026-09-27,02:00:00,2026-09-28 02:17:45,22.350000000000023,Zone 3,36.29,Zone 4,21.74,Zone 3,35.22,Zone 4,26.79,Zone 4,41.96,Zone 5,31.68,Zone 4,55.52,Zone 5,36.29,Zone 4,60.71,Zone 5
Jammu And Kashmir,Poonch,Rajpura Mandi,33.8,74.26,15.7,2026-09-28,02:00:00,92.0,2026-09-27,02:00:00,2026-09-28 02:17:45,15.850000000000023,Zone 3,29.24,Zone 4,14.57,Zone 3,28.51,Zone 4,21.63,Zone 3,32.61,Zone 4,25.14,Zone 3,36.49,Zone 4,29.24,Zone 4,46.27,Zone 5
Jammu And Kashmir,Pulwama,Malangpura,33.8892,74.9808,9.7,2026-09-28,02:00:00,97.0,2026-09-27,02:00:00,2026-09-28 02:17:45,9.650000000000034,Zone 2,24.33,Zone 3,8.41,Zone 2,24.05,Zone 3,16.32,Zone 3,26.92,Zone 4,21.37,Zone 3,30.42,Zone 4,24.33,Zone 3,33.82,Zone 4
Jammu And Kashmir,Pulwama,Tral,33.93,75.11,13.9,2026-09-28,02:00:00,80.0,2026-09-27,02:00:00,2026-09-28 02:17:45,13.150000000000034,Zone 2,27.32,Zone 4,12.44,Zone 2,26.76,Zone 4,19.98,Zone 3,30.58,Zone 4,24.03,Zone 3,34.19,Zone 4,27.32,Zone 4,37.68,Zone 4
Jammu And Kashmir,Rajouri,Rajouri,33.375627,74.290072,18.6,2026-09-28,02:00:00,86.0,2026-09-27,02:00:00,2026-09-28 02:17:45,19.150000000000034,Zone 3,32.51,Zone 4,18.21,Zone 3,31.62,Zone 4,24.0,Zone 3,35.91,Zone 4,28.13,Zone 4,44.12,Zone 5,32.51,Zone 4,56.11,Zone 5
Jammu And Kashmir,Ramban,Govindpura,33.2219,75.2614,28.4,2026-09-28,02:00:00,83.0,2026-09-27,02:00:00,2026-09-28 02:17:45,33.25,Zone 4,63.15,Zone 5,32.71,Zone 4,62.11,Zone 5,41.87,Zone 5,64.93,Zone 5,59.69,Zone 5,66.98,Zone 5,63.15,Zone 5,68.56,Zone 5
Jammu And Kashmir,Reasi,Reasi Kvk,32.994,74.832,23.6,2026-09-28,02:00:00,100.0,2026-09-27,02:00:00,2026-09-28 02:17:45,25.450000000000045,Zone 4,56.39,Zone 5,24.83,Zone 3,51.81,Zone 5,31.19,Zone 4,60.68,Zone 5,39.18,Zone 5,63.3,Zone 5,56.39,Zone 5,65.33,Zone 5
Jammu And Kashmir,Samba,Samba,32.5703,75.1203,23.6,2026-09-28,02:00:00,98.0,2026-09-27,02:00:00,2026-09-28 02:17:45,25.350000000000023,Zone 4,54.88,Zone 5,24.76,Zone 3,50.18,Zone 5,30.99,Zone 4,60.34,Zone 5,37.63,Zone 5,63.01,Zone 5,54.88,Zone 5,65.07,Zone 5
Jammu And Kashmir,Shopian,Shopian,33.5872,74.8722,10.7,2026-09-28,02:00:00,99.0,2026-09-27,02:00:00,2026-09-28 02:17:45,10.650000000000034,Zone 2,24.85,Zone 3,9.51,Zone 2,24.56,Zone 3,17.3,Zone 3,27.82,Zone 4,22.07,Zone 3,31.4,Zone 4,24.85,Zone 3,34.88,Zone 4
Jammu And Kashmir,Shopian,Zainapora,33.78,75.0,11.1,2026-09-28,02:00:00,91.0,2026-09-27,02:00:00,2026-09-28 02:17:45,10.850000000000023,Zone 2,25.02,Zone 3,9.76,Zone 2,24.74,Zone 3,17.56,Zone 3,28.1,Zone 4,22.27,Zone 3,31.64,Zone 4,25.02,Zone 3,35.08,Zone 4
Jammu And Kashmir,Srinagar,Rambagh,34.0508,74.8044,15.1,2026-09-28,02:00:00,71.0,2026-09-27,02:00:00,2026-09-28 02:17:45,14.050000000000011,Zone 3,28.01,Zone 4,13.1,Zone 2,27.45,Zone 4,20.61,Zone 3,31.22,Zone 4,24.51,Zone 3,34.79,Zone 4,28.01,Zone 4,38.23,Zone 4
Jammu And Kashmir,Udhampur,Kawa,32.9022,75.1667,21.0,2026-09-28,02:00:00,99.0,2026-09-27,02:00:00,2026-09-28 02:17:45,22.55000000000001,Zone 3,38.98,Zone 5,21.96,Zone 3,36.15,Zone 4,27.0,Zone 4,50.63,Zone 5,32.36,Zone 4,59.95,Zone 5,38.98,Zone 5,62.38,Zone 5
Jharkhand,Bokaro,Kv Bokaro,23.6688,86.1536,24.2,2026-09-28,02:00:00,100.0,2026-09-27,02:00:00,2026-09-28 02:17:45,26.450000000000045,Zone 4,59.15,Zone 5,25.42,Zone 4,55.33,Zone 5,32.18,Zone 4,61.44,Zone 5,42.93,Zone 5,63.96,Zone 5,59.15,Zone 5,65.91,Zone 5
Jharkhand,Deoghar,Deoghar Aws400,24.4925,86.6611,24.1,2026-09-28,02:00:00,,,,2026-09-28 02:17:45,,,,,,,,,,,,,,,,,,,,
Jharkhand,East Singhbhum,Bahragora,22.2757,86.7119,25.0,2026-09-28,02:00:00,100.0,2026-09-27,02:00:00,2026-09-28 02:17:45,27.950000000000045,Zone 4,60.9,Zone 5,27.22,Zone 4,59.79,Zone 5,34.38,Zone 4,62.96,Zone 5,51.33,Zone 5,65.28,Zone 5,60.9,Zone 5,67.07,Zone 5
Jharkhand,Giridih,Giridih-Bengabad Kvk,,,,,,11.0,2026-09-27,02:00:00,2026-09-28 02:17:45,,,,,,,,,,,,,,,,,,,,
Jharkhand,Gumla,Gumla-Bishnupur Kvk,23.4363,84.3216,22.5,2026-09-28,02:00:00,99.0,2026-09-27,02:00:00,2026-09-28 02:17:45,24.25,Zone 3,48.72,Zone 5,23.7,Zone 3,43.96,Zone 5,29.31,Zone 4,59.03,Zone 5,35.02,Zone 4,61.86,Zone 5,48.72,Zone 5,64.06,Zone 5
Jharkhand,Hazaribagh,Barhi,24.2812,85.3497,23.9,2026-09-28,02:00:00,100.0,2026-09-27,02:00:00,2026-09-28 02:17:45,25.950000000000045,Zone 4,59.15,Zone 5,25.42,Zone 4,55.33,Zone 5,32.18,Zone 4,61.44,Zone 5,42.93,Zone 5,63.96,Zone 5,59.15,Zone 5,65.91,Zone 5
Jharkhand,Khunti,Diyakel-Khunti Kvk,22.9558,85.1182,22.8,2026-09-28,02:00:00,,,,2026-09-28 02:17:45,,,,,,,,,,,,,,,,,,,,
Jharkhand,Kodarma,Kodarma,24.4757,85.5938,22.7,2026-09-28,02:00:00,100.0,2026-09-27,02:00:00,2026-09-28 02:17:45,24.450000000000045,Zone 3,49.49,Zone 5,23.74,Zone 3,44.71,Zone 5,29.39,Zone 4,59.19,Zone 5,35.14,Zone 4,62.0,Zone 5,49.49,Zone 5,64.19,Zone 5
Jharkhand,Latehar,Netarhat,23.4742,84.2609,18.7,2026-09-28,02:00:00,98.0,2026-09-27,02:00:00,2026-09-28 02:17:45,19.850000000000023,Zone 3,33.31,Zone 4,18.81,Zone 3,32.29,Zone 4,24.29,Zone 3,36.85,Zone 4,28.67,Zone 4,50.16,Zone 5,33.31,Zone 4,59.53,Zone 5
Jharkhand,Lohardaga,Lohardaga Kvk,,,,,,9.0,2026-09-27,02:00:00,2026-09-28 02:17:45,,,,,,,,,,,,,,,,,,,,
Jharkhand,Pakur,Pakur Kvk,24.4717,87.7629,25.6,2026-09-28,02:00:00,,,,2026-09-28 02:17:45,,,,,,,,,,,,,,,,,,,,
Jharkhand,Ramgarh,Ramgarh Kvk,,,,,,100.0,2026-09-27,02:00:00,2026-09-28 02:17:45,,,,,,,,,,,,,,,,,,,,
Jharkhand,Ranchi,Ranchi,23.3167,85.3167,21.9,2026-09-28,02:00:00,100.0,2026-09-27,02:00:00,2026-09-28 02:17:45,23.650000000000034,Zone 3,46.01,Zone 5,23.18,Zone 3,41.41,Zone 5,28.57,Zone 4,57.02,Zone 5,34.19,Zone 4,61.36,Zone 5,46.01,Zone 5,63.62,Zone 5
Jharkhand,Ranchi,Ranchi Amfu,23.4444,85.3161,20.9,2026-09-28,02:00:00,98.0,2026-09-27,02:00:00,2026-09-28 02:17:45,22.450000000000045,Zone 3,38.38,Zone 5,21.92,Zone 3,36.05,Zone 4,26.95,Zone 4,49.99,Zone 5,32.28,Zone 4,59.82,Zone 5,38.38,Zone 5,62.26,Zone 5
Jharkhand,Saraikela,Saraikela,22.7158,85.954,24.6,2026-09-28,02:00:00,99.0,2026-09-27,02:00:00,2026-09-28 02:17:45,27.150000000000034,Zone 4,59.82,Zone 5,26.22,Zone 4,57.89,Zone 5,33.1,Zone 4,62.02,Zone 5,46.06,Zone 5,64.46,Zone 5,59.82,Zone 5,66.35,Zone 5
Jharkhand,Simdega,Bano-Simdega Kvk,22.6358,84.9077,24.2,2026-09-28,02:00:00,,,,2026-09-28 02:17:45,,,,,,,,,,,,,,,,,,,,
Jharkhand,Simdega,Simdega,22.5899,84.5173,24.2,2026-09-28,02:00:00,100.0,2026-09-27,02:00:00,2026-09-28 02:17:45,26.450000000000045,Zone 4,59.15,Zone 5,25.42,Zone 4,55.33,Zone 5,32.18,Zone 4,61.44,Zone 5,42.93,Zone 5,63.96,Zone 5,59.15,Zone 5,65.91,Zone 5
Jharkhand,West Singhbhum,Jagannathpur-Bau Kvk,22.2185,85.6394,22.8,2026-09-28,02:00:00,,,,2026-09-28 02:17:45,,,,,,,,,,,,,,,,,,,,
Karnataka,Bagalkot,Bagalkot Kvk,16.2861,76.1672,23.7,2026-09-28,02:00:00,93.0,2026-09-27,02:00:00,2026-09-28 02:17:45,25.25,Zone 3,50.89,Zone 5,24.58,Zone 3,46.09,Zone 5,30.52,Zone 4,59.49,Zone 5,36.21,Zone 4,62.26,Zone 5,50.89,Zone 5,64.42,Zone 5
Karnataka,Bangalore Rural,Doddaballapura,13.3727,77.5498,22.8,2026-09-28,02:00:00,100.0,2026-09-27,02:00:00,2026-09-28 02:17:45,24.55000000000001,Zone 3,53.01,Zone 5,24.29,Zone 3,48.21,Zone 5,30.26,Zone 4,59.93,Zone 5,36.15,Zone 4,62.65,Zone 5,53.01,Zone 5,64.76,Zone 5
Karnataka,Bangalore Urban,Bangalore,12.97,77.5667,24.9,2026-09-28,02:00:00,79.0,2026-09-27,02:00:00,2026-09-28 02:17:45,26.25,Zone 4,48.99,Zone 5,25.81,Zone 4,44.26,Zone 5,31.72,Zone 4,59.09,Zone 5,37.09,Zone 4,61.92,Zone 5,48.99,Zone 5,64.11,Zone 5
Karnataka,Bangalore Urban,Gopal Nagar,12.89,77.51,24.3,2026-09-28,02:00:00,91.0,2026-09-27,02:00:00,2026-09-28 02:17:45,26.05000000000001,Zone 4,56.0,Zone 5,25.73,Zone 4,51.39,Zone 5,32.13,Zone 4,60.6,Zone 5,38.76,Zone 5,63.22,Zone 5,56.0,Zone 5,65.26,Zone 5
Karnataka,Bangalore Urban,Madhavara(Nice),13.0428,77.4758,25.0,2026-09-28,01:45:00,74.0,2026-09-27,01:45:00,2026-09-28 02:17:45,26.150000000000034,Zone 4,44.5,Zone 5,25.54,Zone 4,40.09,Zone 5,31.22,Zone 4,55.83,Zone 5,36.37,Zone 4,61.08,Zone 5,44.5,Zone 5,63.38,Zone 5
Karnataka,Bellary,Hagari Kvk,15.1385,77.0612,25.6,2026-09-28,02:00:00,83.0,2026-09-27,02:00:00,2026-09-28 02:17:45,27.650000000000034,Zone 4,55.82,Zone 5,26.84,Zone 4,51.22,Zone 5,33.06,Zone 4,60.56,Zone 5,38.74,Zone 4,63.19,Zone 5,55.82,Zone 5,65.23,Zone 5
Karnataka,Bijapur,Tidagundi Amfu,16.98,75.75,24.0,2026-09-28,02:00:00,91.0,2026-09-27,02:00:00,2026-09-28 02:17:45,25.650000000000034,Zone 4,52.68,Zone 5,25.04,Zone 3,47.89,Zone 5,31.21,Zone 4,59.87,Zone 5,36.93,Zone 4,62.59,Zone 5,52.68,Zone 5,64.71,Zone 5
Karnataka,Chikmagalur,Mudigere Kvk,13.1156,75.6392,20.6,2026-09-28,02:00:00,100.0,2026-09-27,02:00:00,2026-09-28 02:17:45,22.150000000000034,Zone 3,36.83,Zone 5,21.41,Zone 3,35.41,Zone 4,26.35,Zone 4,48.28,Zone 5,31.64,Zone 4,59.46,Zone 5,36.83,Zone 5,61.94,Zone 5
Karnataka,Chitradurga,Hiriyur,13.9596,76.6456,24.5,2026-09-28,02:00:00,86.0,2026-09-27,02:00:00,2026-09-28 02:17:45,26.150000000000034,Zone 4,51.84,Zone 5,25.45,Zone 4,47.05,Zone 5,31.59,Zone 4,59.69,Zone 5,37.18,Zone 4,62.44,Zone 5,51.84,Zone 5,64.57,Zone 5
Karnataka,Dakshina Kannada,Mangaluru,12.893,74.8684,24.8,2026-09-28,02:00:00,100.0,2026-09-27,02:00:00,2026-09-28 02:17:45,27.55000000000001,Zone 4,60.9,Zone 5,27.22,Zone 4,59.79,Zone 5,34.38,Zone 4,62.96,Zone 5,51.33,Zone 5,65.28,Zone 5,60.9,Zone 5,67.07,Zone 5
Karnataka,Dharwad,Mugad,15.43,74.91,20.5,2026-09-28,02:00:00,94.0,2026-09-27,02:00:00,2026-09-28 02:17:45,21.75,Zone 3,36.03,Zone 4,21.13,Zone 3,34.87,Zone 4,26.09,Zone 4,44.6,Zone 5,31.2,Zone 4,57.77,Zone 5,36.03,Zone 4,61.24,Zone 5
Karnataka,Gulbarga,Gulbarga,17.3333,76.8,26.0,2026-09-28,01:30:00,70.0,2026-09-27,01:30:00,2026-09-28 02:17:45,27.350000000000023,Zone 4,47.07,Zone 5,26.73,Zone 4,42.46,Zone 5,32.38,Zone 4,57.89,Zone 5,37.53,Zone 4,61.57,Zone 5,47.07,Zone 5,63.8,Zone 5
Karnataka,Hassan,Hassan,12.9795,76.0427,21.3,2026-09-28,02:00:00,100.0,2026-09-27,02:00:00,2026-09-28 02:17:45,22.950000000000045,Zone 3,42.68,Zone 5,22.6,Zone 3,38.42,Zone 5,27.79,Zone 4,54.2,Zone 5,33.3,Zone 4,60.72,Zone 5,42.68,Zone 5,63.06,Zone 5
Karnataka,Kolar,Kgf (Kolar),12.9333,78.25,23.4,2026-09-28,02:00:00,88.0,2026-09-27,02:00:00,2026-09-28 02:17:45,24.75,Zone 3,46.77,Zone 5,24.38,Zone 3,42.14,Zone 5,30.08,Zone 4,57.63,Zone 5,35.55,Zone 4,61.5,Zone 5,46.77,Zone 5,63.75,Zone 5
Karnataka,Kolar,Tamaka Kvk,13.1333,78.1786,22.5,2026-09-28,02:00:00,90.0,2026-09-27,02:00:00,2026-09-28 02:17:45,23.850000000000023,Zone 3,41.88,Zone 5,23.34,Zone 3,37.75,Zone 4,28.67,Zone 4,53.49,Zone 5,34.02,Zone 4,60.56,Zone 5,41.88,Zone 5,62.92,Zone 5
Karnataka,Mandya,Mandya Kvk,12.5685,76.8322,23.5,2026-09-28,02:00:00,87.0,2026-09-27,02:00:00,2026-09-28 02:17:45,24.850000000000023,Zone 3,45.95,Zone 5,24.34,Zone 3,41.38,Zone 5,30.0,Zone 4,56.99,Zone 5,35.43,Zone 4,61.35,Zone 5,45.95,Zone 5,63.62,Zone 5
Karnataka,Ramanagara,Chandurayanghalli Kvk,12.9788,77.1925,22.6,2026-09-28,02:00:00,82.0,2026-09-27,02:00:00,2026-09-28 02:17:45,23.650000000000034,Zone 3,38.0,Zone 4,22.98,Zone 3,36.82,Zone 4,28.17,Zone 4,47.96,Zone 5,33.22,Zone 4,59.39,Zone 5,38.0,Zone 4,61.88,Zone 5
Karnataka,Shivamogga,Agumbe,13.5062,75.0384,19.8,2026-09-28,01:45:00,100.0,2026-09-27,01:45:00,2026-09-28 02:17:45,21.25,Zone 3,35.8,Zone 4,20.79,Zone 3,34.6,Zone 4,25.68,Zone 4,45.37,Zone 5,30.87,Zone 4,58.37,Zone 5,35.8,Zone 4,61.39,Zone 5
Karnataka,Tumkur,Chikkanakalli,13.6631,76.9161,23.6,2026-09-28,02:00:00,99.0,2026-09-27,02:00:00,2026-09-28 02:17:45,25.450000000000045,Zone 4,55.64,Zone 5,24.8,Zone 3,51.0,Zone 5,31.09,Zone 4,60.51,Zone 5,38.4,Zone 5,63.15,Zone 5,55.64,Zone 5,65.2,Zone 5
Kerala,Alappuzha,Karumadi,9.382,76.3898,26.0,2026-09-28,02:00:00,100.0,2026-09-27,02:00:00,2026-09-28 02:17:45,30.150000000000034,Zone 4,62.67,Zone 5,29.31,Zone 4,61.61,Zone 5,39.34,Zone 5,64.5,Zone 5,59.12,Zone 5,66.62,Zone 5,62.67,Zone 5,68.24,Zone 5
Kerala,Alappuzha,Kayamkulam,9.1767,76.5167,26.9,2026-09-28,02:00:00,100.0,2026-09-27,02:00:00,2026-09-28 02:17:45,32.35000000000002,Zone 4,64.46,Zone 5,31.79,Zone 4,63.45,Zone 5,49.51,Zone 5,66.07,Zone 5,61.26,Zone 5,67.97,Zone 5,64.46,Zone 5,69.54,Zone 6
Kerala,Alappuzha,Nooranad,9.17,76.62,25.2,2026-09-28,02:00:00,100.0,2026-09-27,02:00:00,2026-09-28 02:17:45,28.350000000000023,Zone 4,60.9,Zone 5,27.22,Zone 4,59.79,Zone 5,34.38,Zone 4,62.96,Zone 5,51.33,Zone 5,65.28,Zone 5,60.9,Zone 5,67.07,Zone 5
Kerala,Alappuzha,Thycattussery,9.74,76.36,25.4,2026-09-28,02:00:00,78.0,2026-09-27,02:00:00,2026-09-28 02:17:45,26.950000000000045,Zone 4,51.38,Zone 5,26.5,Zone 4,46.61,Zone 5,32.46,Zone 4,59.6,Zone 5,37.88,Zone 4,62.35,Zone 5,51.38,Zone 5,64.5,Zone 5
Kerala,Ernakulam,Aluva,10.1053,76.3567,26.1,2026-09-28,02:00:00,83.0,2026-09-27,02:00:00,2026-09-28 02:17:45,28.55000000000001,Zone 4,58.84,Zone 5,27.67,Zone 4,54.6,Zone 5,34.02,Zone 4,61.27,Zone 5,42.06,Zone 5,63.81,Zone 5,58.84,Zone 5,65.78,Zone 5
Kerala,Ernakulam,Boat Jetty Kgov,9.9724,76.2789,26.7,2026-09-28,02:00:00,86.0,2026-09-27,02:00:00,2026-09-28 02:17:45,29.950000000000045,Zone 4,60.47,Zone 5,28.85,Zone 4,59.36,Zone 5,35.55,Zone 4,62.59,Zone 5,49.22,Zone 5,64.95,Zone 5,60.47,Zone 5,66.78,Zone 5
Kerala,Ernakulam,Choondi,9.96692,76.4409,24.9,2026-09-28,02:00:00,100.0,2026-09-27,02:00:00,2026-09-28 02:17:45,27.75,Zone 4,60.9,Zone 5,27.22,Zone 4,59.79,Zone 5,34.38,Zone 4,62.96,Zone 5,51.33,Zone 5,65.28,Zone 5,60.9,Zone 5,67.07,Zone 5
Kerala,Ernakulam,Dhground Kgov,9.9684,76.284,27.0,2026-09-28,02:00:00,85.0,2026-09-27,02:00:00,2026-09-28 02:17:45,30.450000000000045,Zone 4,61.09,Zone 5,29.72,Zone 4,59.99,Zone 5,36.52,Zone 4,63.12,Zone 5,52.23,Zone 5,65.42,Zone 5,61.09,Zone 5,67.19,Zone 5
Kerala,Ernakulam,Kadavanthra Kgov,9.97061,76.296229,26.5,2026-09-28,02:00:00,87.0,2026-09-27,02:00:00,2026-09-28 02:17:45,29.650000000000034,Zone 4,60.7,Zone 5,28.95,Zone 4,59.59,Zone 5,35.72,Zone 4,62.78,Zone 5,50.33,Zone 5,65.13,Zone 5,60.7,Zone 5,66.93,Zone 5
Kerala,Ernakulam,Kalamassery,10.0557,76.3317,25.6,2026-09-28,02:00:00,100.0,2026-09-27,02:00:00,2026-09-28 02:17:45,29.25,Zone 4,61.78,Zone 5,28.23,Zone 4,60.7,Zone 5,35.61,Zone 4,63.73,Zone 5,55.54,Zone 5,65.94,Zone 5,61.78,Zone 5,67.65,Zone 5
Kerala,Ernakulam,Koothattukulam,9.8616,76.5957,24.5,2026-09-28,02:00:00,100.0,2026-09-27,02:00:00,2026-09-28 02:17:45,27.05000000000001,Zone 4,60.03,Zone 5,26.29,Zone 4,58.62,Zone 5,33.24,Zone 4,62.19,Zone 5,47.04,Zone 5,64.61,Zone 5,60.03,Zone 5,66.49,Zone 5
Kerala,Ernakulam,Mattancherry,9.91,76.26,26.7,2026-09-28,02:00:00,90.0,2026-09-27,02:00:00,2026-09-28 02:17:45,30.450000000000045,Zone 4,61.37,Zone 5,29.27,Zone 4,60.27,Zone 5,36.27,Zone 4,63.37,Zone 5,53.59,Zone 5,65.63,Zone 5,61.37,Zone 5,67.38,Zone 5
Kerala,Ernakulam,Odakkali,10.093,76.559,25.0,2026-09-28,02:00:00,100.0,2026-09-27,02:00:00,2026-09-28 02:17:45,27.950000000000045,Zone 4,60.9,Zone 5,27.22,Zone 4,59.79,Zone 5,34.38,Zone 4,62.96,Zone 5,51.33,Zone 5,65.28,Zone 5,60.9,Zone 5,67.07,Zone 5
Kerala,Idukki,Ayyappankovil,9.71,77.01,21.9,2026-09-28,02:00:00,100.0,2026-09-27,02:00:00,2026-09-28 02:17:45,23.650000000000034,Zone 3,46.01,Zone 5,23.18,Zone 3,41.41,Zone 5,28.57,Zone 4,57.02,Zone 5,34.19,Zone 4,61.36,Zone 5,46.01,Zone 5,63.62,Zone 5
Kerala,Idukki,Cheruthoni,9.865,76.9983,22.5,2026-09-28,02:00:00,100.0,2026-09-27,02:00:00,2026-09-28 02:17:45,24.25,Zone 3,49.49,Zone 5,23.74,Zone 3,44.71,Zone 5,29.39,Zone 4,59.19,Zone 5,35.14,Zone 4,62.0,Zone 5,49.49,Zone 5,64.19,Zone 5
Kerala,Idukki,Kovilkadavu,10.2597,77.1688,20.6,2026-09-28,02:00:00,88.0,2026-09-27,02:00:00,2026-09-28 02:17:45,21.650000000000034,Zone 3,35.45,Zone 4,20.85,Zone 3,34.37,Zone 4,25.84,Zone 4,41.09,Zone 5,30.78,Zone 4,54.72,Zone 5,35.45,Zone 4,60.52,Zone 5
Kerala,Idukki,Kundala Dam,10.1461,77.2019,14.0,2026-09-28,02:00:00,100.0,2026-09-27,02:00:00,2026-09-28 02:17:45,13.950000000000045,Zone 2,27.9,Zone 4,13.19,Zone 2,27.21,Zone 4,20.52,Zone 3,31.28,Zone 4,24.34,Zone 3,35.14,Zone 4,27.9,Zone 4,43.15,Zone 5
Kerala,Idukki,Pampadumpara,9.7986,77.1614,20.7,2026-09-28,02:00:00,100.0,2026-09-27,02:00:00,2026-09-28 02:17:45,22.25,Zone 3,36.83,Zone 5,21.41,Zone 3,35.41,Zone 4,26.35,Zone 4,48.28,Zone 5,31.64,Zone 4,59.46,Zone 5,36.83,Zone 5,61.94,Zone 5
Kerala,Idukki,Sengulam Dam,10.0124,77.0318,22.2,2026-09-28,02:00:00,100.0,2026-09-27,02:00:00,2026-09-28 02:17:45,23.950000000000045,Zone 3,46.01,Zone 5,23.18,Zone 3,41.41,Zone 5,28.57,Zone 4,57.02,Zone 5,34.19,Zone 4,61.36,Zone 5,46.01,Zone 5,63.62,Zone 5
Kerala,Idukki,Udumbannoor,9.8667,76.8586,23.9,2026-09-28,02:00:00,100.0,2026-09-27,02:00:00,2026-09-28 02:17:45,25.950000000000045,Zone 4,59.15,Zone 5,25.42,Zone 4,55.33,Zone 5,32.18,Zone 4,61.44,Zone 5,42.93,Zone 5,63.96,Zone 5,59.15,Zone 5,65.91,Zone 5
Kerala,Idukki,Vattavada,10.1777,77.2538,15.7,2026-09-28,02:00:00,93.0,2026-09-27,02:00:00,2026-09-28 02:17:45,15.850000000000023,Zone 3,29.28,Zone 4,14.62,Zone 3,28.54,Zone 4,21.66,Zone 3,32.65,Zone 4,25.15,Zone 3,36.55,Zone 4,29.28,Zone 4,46.66,Zone 5
Kerala,Idukki,Vellathooval,9.98,77.01,24.2,2026-09-28,02:00:00,100.0,2026-09-27,02:00:00,2026-09-28 02:17:45,26.450000000000045,Zone 4,59.15,Zone 5,25.42,Zone 4,55.33,Zone 5,32.18,Zone 4,61.44,Zone 5,42.93,Zone 5,63.96,Zone 5,59.15,Zone 5,65.91,Zone 5
Kerala,Kannur,Ayyankunnu,12.0074,75.6825,24.2,2026-09-28,01:30:00,100.0,2026-09-27,01:30:00,2026-09-28 02:17:45,26.450000000000045,Zone 4,59.15,Zone 5,25.42,Zone 4,55.33,Zone 5,32.18,Zone 4,61.44,Zone 5,42.93,Zone 5,63.96,Zone 5,59.15,Zone 5,65.91,Zone 5
Kerala,Kannur,Chemberi,12.0964,75.5614,24.2,2026-09-28,02:00:00,100.0,2026-09-27,02:00:00,2026-09-28 02:17:45,26.450000000000045,Zone 4,59.15,Zone 5,25.42,Zone 4,55.33,Zone 5,32.18,Zone 4,61.44,Zone 5,42.93,Zone 5,63.96,Zone 5,59.15,Zone 5,65.91,Zone 5
Kerala,Kannur,Cheruvanchery,11.82,75.66,24.3,2026-09-28,02:00:00,100.0,2026-09-27,02:00:00,2026-09-28 02:17:45,26.650000000000034,Zone 4,60.03,Zone 5,26.29,Zone 4,58.62,Zone 5,33.24,Zone 4,62.19,Zone 5,47.04,Zone 5,64.61,Zone 5,60.03,Zone 5,66.49,Zone 5
Kerala,Kannur,Peringome,12.2216,75.3073,24.2,2026-09-28,02:00:00,100.0,2026-09-27,02:00:00,2026-09-28 02:17:45,26.450000000000045,Zone 4,59.15,Zone 5,25.42,Zone 4,55.33,Zone 5,32.18,Zone 4,61.44,Zone 5,42.93,Zone 5,63.96,Zone 5,59.15,Zone 5,65.91,Zone 5
Kerala,Kannur,Pinarayi,11.8107,75.4918,25.7,2026-09-28,02:00:00,100.0,2026-09-27,02:00:00,2026-09-28 02:17:45,29.450000000000045,Zone 4,61.78,Zone 5,28.23,Zone 4,60.7,Zone 5,35.61,Zone 4,63.73,Zone 5,55.54,Zone 5,65.94,Zone 5,61.78,Zone 5,67.65,Zone 5
Kerala,Kasaragod,Bayar,12.6917,75.0305,24.7,2026-09-28,02:00:00,100.0,2026-09-27,02:00:00,2026-09-28 02:17:45,27.350000000000023,Zone 4,60.03,Zone 5,26.29,Zone 4,58.62,Zone 5,33.24,Zone 4,62.19,Zone 5,47.04,Zone 5,64.61,Zone 5,60.03,Zone 5,66.49,Zone 5
Kerala,Kasaragod,Erikkulam,12.3006,75.1587,24.8,2026-09-28,02:00:00,100.0,2026-09-27,02:00:00,2026-09-28 02:17:45,27.55000000000001,Zone 4,60.9,Zone 5,27.22,Zone 4,59.79,Zone 5,34.38,Zone 4,62.96,Zone 5,51.33,Zone 5,65.28,Zone 5,60.9,Zone 5,67.07,Zone 5
Kerala,Kasaragod,Kudlu Afmu,12.65,74.96,24.9,2026-09-28,02:00:00,100.0,2026-09-27,02:00:00,2026-09-28 02:17:45,27.75,Zone 4,60.9,Zone 5,27.22,Zone 4,59.79,Zone 5,34.38,Zone 4,62.96,Zone 5,51.33,Zone 5,65.28,Zone 5,60.9,Zone 5,67.07,Zone 5
Kerala,Kasaragod,Muliyar,12.5061,75.0908,24.6,2026-09-28,02:00:00,100.0,2026-09-27,02:00:00,2026-09-28 02:17:45,27.25,Zone 4,60.03,Zone 5,26.29,Zone 4,58.62,Zone 5,33.24,Zone 4,62.19,Zone 5,47.04,Zone 5,64.61,Zone 5,60.03,Zone 5,66.49,Zone 5
Kerala,Kasaragod,Padannakkad,12.1875,75.1783,25.0,2026-09-28,02:00:00,100.0,2026-09-27,02:00:00,2026-09-28 02:17:45,27.950000000000045,Zone 4,60.9,Zone 5,27.22,Zone 4,59.79,Zone 5,34.38,Zone 4,62.96,Zone 5,51.33,Zone 5,65.28,Zone 5,60.9,Zone 5,67.07,Zone 5
Kerala,Kasaragod,Panathur,12.456,75.3671,23.6,2026-09-28,02:00:00,100.0,2026-09-27,02:00:00,2026-09-28 02:17:45,25.450000000000045,Zone 4,56.39,Zone 5,24.83,Zone 3,51.81,Zone 5,31.19,Zone 4,60.68,Zone 5,39.18,Zone 5,63.3,Zone 5,56.39,Zone 5,65.33,Zone 5
Kerala,Kollam,Chavara,8.9944,76.5331,26.1,2026-09-28,02:00:00,97.0,2026-09-27,02:00:00,2026-09-28 02:17:45,29.950000000000045,Zone 4,62.03,Zone 5,28.98,Zone 4,60.95,Zone 5,36.34,Zone 4,63.94,Zone 5,56.66,Zone 5,66.13,Zone 5,62.03,Zone 5,67.82,Zone 5
Kerala,Kollam,Karuvelil Tkmit,8.99472,76.6953,25.4,2026-09-28,02:00:00,100.0,2026-09-27,02:00:00,2026-09-28 02:17:45,28.75,Zone 4,61.78,Zone 5,28.23,Zone 4,60.7,Zone 5,35.61,Zone 4,63.73,Zone 5,55.54,Zone 5,65.94,Zone 5,61.78,Zone 5,67.65,Zone 5
Kerala,Kollam,Parippally,8.8136,76.7461,25.1,2026-09-28,02:00:00,100.0,2026-09-27,02:00:00,2026-09-28 02:17:45,28.150000000000034,Zone 4,60.9,Zone 5,27.22,Zone 4,59.79,Zone 5,34.38,Zone 4,62.96,Zone 5,51.33,Zone 5,65.28,Zone 5,60.9,Zone 5,67.07,Zone 5
Kerala,Kollam,Punalur,9.01333,76.9433,25.3,2026-09-28,02:00:00,100.0,2026-09-27,02:00:00,2026-09-28 02:17:45,28.55000000000001,Zone 4,61.78,Zone 5,28.23,Zone 4,60.7,Zone 5,35.61,Zone 4,63.73,Zone 5,55.54,Zone 5,65.94,Zone 5,61.78,Zone 5,67.65,Zone 5
Kerala,Kottayam,Kottayam,9.5916,76.5222,25.5,2026-09-28,02:00:00,100.0,2026-09-27,02:00:00,2026-09-28 02:17:45,29.05000000000001,Zone 4,61.78,Zone 5,28.23,Zone 4,60.7,Zone 5,35.61,Zone 4,63.73,Zone 5,55.54,Zone 5,65.94,Zone 5,61.78,Zone 5,67.65,Zone 5
Kerala,Kottayam,Vadavathoor,9.585,76.5708,25.4,2026-09-28,02:00:00,100.0,2026-09-27,02:00:00,2026-09-28 02:17:45,28.75,Zone 4,61.78,Zone 5,28.23,Zone 4,60.7,Zone 5,35.61,Zone 4,63.73,Zone 5,55.54,Zone 5,65.94,Zone 5,61.78,Zone 5,67.65,Zone 5
Kerala,Kottayam,Vaikkom,9.72388,76.3925,25.5,2026-09-28,02:00:00,97.0,2026-09-27,02:00:00,2026-09-28 02:17:45,28.75,Zone 4,61.15,Zone 5,27.95,Zone 4,60.05,Zone 5,35.09,Zone 4,63.18,Zone 5,52.56,Zone 5,65.47,Zone 5,61.15,Zone 5,67.24,Zone 5
Kerala,Kozhikode,Kunnamangalam,11.28,75.87,24.8,2026-09-28,01:45:00,100.0,2026-09-27,01:45:00,2026-09-28 02:17:45,27.55000000000001,Zone 4,60.9,Zone 5,27.22,Zone 4,59.79,Zone 5,34.38,Zone 4,62.96,Zone 5,51.33,Zone 5,65.28,Zone 5,60.9,Zone 5,67.07,Zone 5
Kerala,Kozhikode,Urumi,11.34,76.01,23.7,2026-09-28,02:00:00,100.0,2026-09-27,02:00:00,2026-09-28 02:17:45,25.650000000000034,Zone 4,56.39,Zone 5,24.83,Zone 3,51.81,Zone 5,31.19,Zone 4,60.68,Zone 5,39.18,Zone 5,63.3,Zone 5,56.39,Zone 5,65.33,Zone 5
Kerala,Kozhikode,Vadakara,11.59,75.62,25.8,2026-09-28,02:00:00,95.0,2026-09-27,02:00:00,2026-09-28 02:17:45,29.150000000000034,Zone 4,61.6,Zone 5,28.77,Zone 4,60.51,Zone 5,35.97,Zone 4,63.57,Zone 5,54.69,Zone 5,65.81,Zone 5,61.6,Zone 5,67.53,Zone 5
Kerala,Kozhikode,Vilangad,11.7803,75.7639,23.0,2026-09-28,02:00:00,100.0,2026-09-27,02:00:00,2026-09-28 02:17:45,24.75,Zone 3,53.01,Zone 5,24.29,Zone 3,48.21,Zone 5,30.26,Zone 4,59.93,Zone 5,36.15,Zone 4,62.65,Zone 5,53.01,Zone 5,64.76,Zone 5
Kerala,Malappuram,Munderi,11.4472,76.2494,23.8,2026-09-28,02:00:00,100.0,2026-09-27,02:00:00,2026-09-28 02:17:45,25.75,Zone 4,59.15,Zone 5,25.42,Zone 4,55.33,Zone 5,32.18,Zone 4,61.44,Zone 5,42.93,Zone 5,63.96,Zone 5,59.15,Zone 5,65.91,Zone 5
Kerala,Malappuram,Nilambur,11.2283,76.1894,24.5,2026-09-28,01:45:00,100.0,2026-09-27,01:45:00,2026-09-28 02:17:45,27.05000000000001,Zone 4,60.03,Zone 5,26.29,Zone 4,58.62,Zone 5,33.24,Zone 4,62.19,Zone 5,47.04,Zone 5,64.61,Zone 5,60.03,Zone 5,66.49,Zone 5
Kerala,Malappuram,Palemad,11.381,76.3061,25.3,2026-09-28,02:00:00,100.0,2026-09-27,02:00:00,2026-09-28 02:17:45,28.55000000000001,Zone 4,61.78,Zone 5,28.23,Zone 4,60.7,Zone 5,35.61,Zone 4,63.73,Zone 5,55.54,Zone 5,65.94,Zone 5,61.78,Zone 5,67.65,Zone 5
Kerala,Palakkad,Adakkaputhur,10.87,76.373,25.4,2026-09-28,02:00:00,97.0,2026-09-27,02:00:00,2026-09-28 02:17:45,28.450000000000045,Zone 4,61.15,Zone 5,27.95,Zone 4,60.05,Zone 5,35.09,Zone 4,63.18,Zone 5,52.56,Zone 5,65.47,Zone 5,61.15,Zone 5,67.24,Zone 5
Kerala,Palakkad,Malampuzha Dam,10.8403,76.6892,24.6,2026-09-28,02:00:00,97.0,2026-09-27,02:00:00,2026-09-28 02:17:45,26.950000000000045,Zone 4,59.42,Zone 5,26.09,Zone 4,56.36,Zone 5,32.85,Zone 4,61.66,Zone 5,44.14,Zone 5,64.16,Zone 5,59.42,Zone 5,66.08,Zone 5
Kerala,Palakkad,Mangalam Dam,10.517,76.5356,24.7,2026-09-28,02:00:00,96.0,2026-09-27,02:00:00,2026-09-28 02:17:45,27.05000000000001,Zone 4,59.21,Zone 5,26.03,Zone 4,55.57,Zone 5,32.72,Zone 4,61.49,Zone 5,43.2,Zone 5,64.0,Zone 5,59.21,Zone 5,65.95,Zone 5
Kerala,Palakkad,Mankara,10.77,76.6833,26.7,2026-09-28,02:00:00,65.0,2026-09-27,02:00:00,2026-09-28 02:17:45,27.950000000000045,Zone 4,45.34,Zone 5,27.11,Zone 4,41.09,Zone 4,32.6,Zone 4,56.53,Zone 5,37.61,Zone 4,61.24,Zone 5,45.34,Zone 5,63.52,Zone 5
Kerala,Palakkad,Mannarkkad,10.975,76.442,25.5,2026-09-28,02:00:00,100.0,2026-09-27,02:00:00,2026-09-28 02:17:45,29.05000000000001,Zone 4,61.78,Zone 5,28.23,Zone 4,60.7,Zone 5,35.61,Zone 4,63.73,Zone 5,55.54,Zone 5,65.94,Zone 5,61.78,Zone 5,67.65,Zone 5
Kerala,Palakkad,Ottapalam,10.8169,76.4561,24.8,2026-09-28,02:00:00,100.0,2026-09-27,02:00:00,2026-09-28 02:17:45,27.55000000000001,Zone 4,60.9,Zone 5,27.22,Zone 4,59.79,Zone 5,34.38,Zone 4,62.96,Zone 5,51.33,Zone 5,65.28,Zone 5,60.9,Zone 5,67.07,Zone 5
Kerala,Palakkad,Pothundy Dam,10.54,76.62,25.3,2026-09-28,02:00:00,97.0,2026-09-27,02:00:00,2026-09-28 02:17:45,28.350000000000023,Zone 4,61.15,Zone 5,27.95,Zone 4,60.05,Zone 5,35.09,Zone 4,63.18,Zone 5,52.56,Zone 5,65.47,Zone 5,61.15,Zone 5,67.24,Zone 5
Kerala,Palakkad,Vannamada,10.702,76.852,25.1,2026-09-28,02:00:00,100.0,2026-09-27,02:00:00,2026-09-28 02:17:45,28.150000000000034,Zone 4,60.9,Zone 5,27.22,Zone 4,59.79,Zone 5,34.38,Zone 4,62.96,Zone 5,51.33,Zone 5,65.28,Zone 5,60.9,Zone 5,67.07,Zone 5
Kerala,Pathanamthitta,Konni,9.2267,76.8497,24.3,2026-09-28,02:00:00,98.0,2026-09-27,02:00:00,2026-09-28 02:17:45,26.55000000000001,Zone 4,59.62,Zone 5,26.16,Zone 4,57.14,Zone 5,32.97,Zone 4,61.84,Zone 5,45.1,Zone 5,64.31,Zone 5,59.62,Zone 5,66.22,Zone 5
Kerala,Pathanamthitta,Kunnamthanam,9.4325,76.5969,25.4,2026-09-28,02:00:00,100.0,2026-09-27,02:00:00,2026-09-28 02:17:45,28.75,Zone 4,61.78,Zone 5,28.23,Zone 4,60.7,Zone 5,35.61,Zone 4,63.73,Zone 5,55.54,Zone 5,65.94,Zone 5,61.78,Zone 5,67.65,Zone 5
Kerala,Pathanamthitta,Laha,9.36222,76.8406,24.0,2026-09-28,02:00:00,96.0,2026-09-27,02:00:00,2026-09-28 02:17:45,25.850000000000023,Zone 4,56.65,Zone 5,25.22,Zone 3,52.1,Zone 5,31.73,Zone 4,60.74,Zone 5,39.46,Zone 5,63.35,Zone 5,56.65,Zone 5,65.38,Zone 5
Kerala,Pathanamthitta,Pathanamthitta,9.27,76.78,25.5,2026-09-28,02:00:00,100.0,2026-09-27,02:00:00,2026-09-28 02:17:45,29.05000000000001,Zone 4,61.78,Zone 5,28.23,Zone 4,60.7,Zone 5,35.61,Zone 4,63.73,Zone 5,55.54,Zone 5,65.94,Zone 5,61.78,Zone 5,67.65,Zone 5
Kerala,Pathanamthitta,Ranni Chethackal,9.41354,76.822,23.2,2026-09-28,02:00:00,100.0,2026-09-27,02:00:00,2026-09-28 02:17:45,24.950000000000045,Zone 3,53.01,Zone 5,24.29,Zone 3,48.21,Zone 5,30.26,Zone 4,59.93,Zone 5,36.15,Zone 4,62.65,Zone 5,53.01,Zone 5,64.76,Zone 5
Kerala,Pathanamthitta,Thiruvalla Kallunkal,9.35778,76.5553,28.5,2026-09-28,02:00:00,100.0,2026-09-27,02:00:00,2026-09-28 02:17:45,43.05000000000001,Zone 5,67.17,Zone 5,40.02,Zone 5,66.27,Zone 5,60.59,Zone 5,68.45,Zone 5,64.51,Zone 5,70.96,Zone 6,67.17,Zone 5,74.4,Zone 6
Kerala,Pathanamthitta,Ulanadu,9.2377,76.6886,25.6,2026-09-28,02:00:00,100.0,2026-09-27,02:00:00,2026-09-28 02:17:45,29.25,Zone 4,61.78,Zone 5,28.23,Zone 4,60.7,Zone 5,35.61,Zone 4,63.73,Zone 5,55.54,Zone 5,65.94,Zone 5,61.78,Zone 5,67.65,Zone 5
Kerala,Pathanamthitta,Venkurinji,9.45222,76.8578,24.5,2026-09-28,02:00:00,100.0,2026-09-27,02:00:00,2026-09-28 02:17:45,27.05000000000001,Zone 4,60.03,Zone 5,26.29,Zone 4,58.62,Zone 5,33.24,Zone 4,62.19,Zone 5,47.04,Zone 5,64.61,Zone 5,60.03,Zone 5,66.49,Zone 5
Kerala,Thiruvananthapuram,Palode,8.75333,77.0264,25.3,2026-09-28,01:45:00,87.0,2026-09-27,01:45:00,2026-09-28 02:17:45,27.450000000000045,Zone 4,59.01,Zone 5,27.13,Zone 4,54.8,Zone 5,33.58,Zone 4,61.32,Zone 5,42.29,Zone 5,63.85,Zone 5,59.01,Zone 5,65.82,Zone 5
Kerala,Thiruvananthapuram,Pirappancode,8.65944,76.9114,25.6,2026-09-28,02:00:00,100.0,2026-09-27,02:00:00,2026-09-28 02:17:45,29.25,Zone 4,61.78,Zone 5,28.23,Zone 4,60.7,Zone 5,35.61,Zone 4,63.73,Zone 5,55.54,Zone 5,65.94,Zone 5,61.78,Zone 5,67.65,Zone 5
Kerala,Thiruvananthapuram,Ponmudi,8.7599,77.1169,19.2,2026-09-28,02:00:00,100.0,2026-09-27,02:00:00,2026-09-28 02:17:45,20.55000000000001,Zone 3,34.2,Zone 4,19.54,Zone 3,33.11,Zone 4,24.73,Zone 3,40.0,Zone 5,29.44,Zone 4,53.66,Zone 5,34.2,Zone 4,60.29,Zone 5
Kerala,Thiruvananthapuram,Thattathumala,8.79972,76.8803,25.4,2026-09-28,02:00:00,77.0,2026-09-27,02:00:00,2026-09-28 02:17:45,26.950000000000045,Zone 4,50.46,Zone 5,26.44,Zone 4,45.69,Zone 5,32.34,Zone 4,59.4,Zone 5,37.72,Zone 4,62.18,Zone 5,50.46,Zone 5,64.35,Zone 5
Kerala,Thiruvananthapuram,Thiruvananthapuram,8.4667,76.95,25.8,2026-09-28,02:00:00,82.0,2026-09-27,02:00:00,2026-09-28 02:17:45,27.950000000000045,Zone 4,58.05,Zone 5,27.59,Zone 4,53.69,Zone 5,33.88,Zone 4,61.08,Zone 5,41.07,Zone 5,63.64,Zone 5,58.05,Zone 5,65.63,Zone 5
Kerala,Thrissur,Athirappilly,10.2879,76.5558,24.8,2026-09-28,02:00:00,100.0,2026-09-27,02:00:00,2026-09-28 02:17:45,27.55000000000001,Zone 4,60.9,Zone 5,27.22,Zone 4,59.79,Zone 5,34.38,Zone 4,62.96,Zone 5,51.33,Zone 5,65.28,Zone 5,60.9,Zone 5,67.07,Zone 5
Kerala,Thrissur,Kunnamkulam,10.6466,76.075,25.5,2026-09-28,02:00:00,100.0,2026-09-27,02:00:00,2026-09-28 02:17:45,29.05000000000001,Zone 4,61.78,Zone 5,28.23,Zone 4,60.7,Zone 5,35.61,Zone 4,63.73,Zone 5,55.54,Zone 5,65.94,Zone 5,61.78,Zone 5,67.65,Zone 5
Kerala,Thrissur,Lower Sholayar,10.3187,76.734,21.8,2026-09-28,02:00:00,100.0,2026-09-27,02:00:00,2026-09-28 02:17:45,23.55000000000001,Zone 3,46.01,Zone 5,23.18,Zone 3,41.41,Zone 5,28.57,Zone 4,57.02,Zone 5,34.19,Zone 4,61.36,Zone 5,46.01,Zone 5,63.62,Zone 5
Kerala,Thrissur,Munakkal,,,,,,8.0,2026-09-27,02:00:00,2026-09-28 02:17:45,,,,,,,,,,,,,,,,,,,,
Kerala,Thrissur,Peechi,10.5303,76.3997,24.3,2026-09-28,02:00:00,100.0,2026-09-27,02:00:00,2026-09-28 02:17:45,26.650000000000034,Zone 4,60.03,Zone 5,26.29,Zone 4,58.62,Zone 5,33.24,Zone 4,62.19,Zone 5,47.04,Zone 5,64.61,Zone 5,60.03,Zone 5,66.49,Zone 5
Kerala,Wayanad,Kabanigiri,11.8544,76.1781,20.7,2026-09-28,01:45:00,100.0,2026-09-27,01:45:00,2026-09-28 02:17:45,22.25,Zone 3,36.83,Zone 5,21.41,Zone 3,35.41,Zone 4,26.35,Zone 4,48.28,Zone 5,31.64,Zone 4,59.46,Zone 5,36.83,Zone 5,61.94,Zone 5
Kerala,Wayanad,Karapuzha,11.618,76.167,22.2,2026-09-28,02:00:00,99.0,2026-09-27,02:00:00,2026-09-28 02:17:45,23.850000000000023,Zone 3,45.26,Zone 5,23.14,Zone 3,40.73,Zone 5,28.5,Zone 4,56.42,Zone 5,34.09,Zone 4,61.22,Zone 5,45.26,Zone 5,63.5,Zone 5
Kerala,Wayanad,Kuppadi,11.6786,76.2269,21.0,2026-09-28,02:00:00,100.0,2026-09-27,02:00:00,2026-09-28 02:17:45,22.650000000000034,Zone 3,39.6,Zone 5,22.01,Zone 3,36.25,Zone 4,27.05,Zone 4,51.26,Zone 5,32.45,Zone 4,60.09,Zone 5,39.6,Zone 5,62.5,Zone 5
Kerala,Wayanad,Padamala,11.8111,76.0758,20.9,2026-09-28,02:00:00,100.0,2026-09-27,02:00:00,2026-09-28 02:17:45,22.55000000000001,Zone 3,39.6,Zone 5,22.01,Zone 3,36.25,Zone 4,27.05,Zone 4,51.26,Zone 5,32.45,Zone 4,60.09,Zone 5,39.6,Zone 5,62.5,Zone 5
Ladakh,Kargil,Dras,34.3667,75.8333,8.8,2026-09-28,02:00:00,44.0,2026-09-27,02:00:00,2026-09-28 02:17:45,7.150000000000034,Zone 2,23.52,Zone 3,6.21,Zone 2,23.33,Zone 3,14.46,Zone 3,25.79,Zone 4,20.15,Zone 3,28.91,Zone 4,23.52,Zone 3,31.94,Zone 4
Ladakh,Kargil,Garkon,34.56,76.482,17.6,2026-09-28,02:00:00,10.0,2026-09-27,02:00:00,2026-09-28 02:17:45,13.75,Zone 2,28.17,Zone 4,12.77,Zone 2,27.89,Zone 4,20.8,Zone 3,31.04,Zone 4,24.95,Zone 3,34.01,Zone 4,28.17,Zone 4,36.87,Zone 4
Ladakh,Kargil,Kargil,34.5222,76.1422,10.5,2026-09-28,02:00:00,23.0,2026-09-27,02:00:00,2026-09-28 02:17:45,7.9500000000000455,Zone 2,24.02,Zone 3,6.9,Zone 2,23.87,Zone 3,15.18,Zone 3,26.53,Zone 4,20.76,Zone 3,29.56,Zone 4,24.02,Zone 3,32.48,Zone 4
Ladakh,Kargil,Padum Kvk,33.479,76.869,9.6,2026-09-28,02:00:00,34.0,2026-09-27,02:00:00,2026-09-28 02:17:45,7.550000000000011,Zone 2,23.65,Zone 3,6.35,Zone 2,23.48,Zone 3,14.63,Zone 3,26.0,Zone 4,20.31,Zone 3,29.08,Zone 4,23.65,Zone 3,32.06,Zone 4
Ladakh,Leh,Khaltse,34.556,77.01,16.1,2026-09-28,02:00:00,14.0,2026-09-27,02:00:00,2026-09-28 02:17:45,12.550000000000011,Zone 2,27.21,Zone 4,11.58,Zone 2,26.94,Zone 4,19.66,Zone 3,30.13,Zone 4,24.09,Zone 3,33.13,Zone 4,27.21,Zone 4,36.02,Zone 4
Ladakh,Leh,Nubra Hunder,34.783,77.566,8.8,2026-09-28,02:00:00,34.0,2026-09-27,02:00:00,2026-09-28 02:17:45,6.850000000000023,Zone 2,23.4,Zone 3,5.88,Zone 2,23.24,Zone 3,14.19,Zone 3,25.66,Zone 4,19.98,Zone 3,28.73,Zone 4,23.4,Zone 3,31.7,Zone 4
Ladakh,Leh,Nyoma Kvk,33.209,78.646,6.1,2026-09-28,02:00:00,62.0,2026-09-27,02:00:00,2026-09-28 02:17:45,5.150000000000034,Zone 2,22.16,Zone 3,3.83,Zone 2,21.99,Zone 3,12.62,Zone 2,24.47,Zone 3,18.42,Zone 3,27.04,Zone 4,22.16,Zone 3,30.08,Zone 4
Ladakh,Leh,Tangtse Durbuk,33.98,78.23,9.2,2026-09-28,02:00:00,42.0,2026-09-27,02:00:00,2026-09-28 02:17:45,7.4500000000000455,Zone 2,23.49,Zone 3,6.14,Zone 2,23.31,Zone 3,14.41,Zone 3,25.76,Zone 4,20.12,Zone 3,28.87,Zone 4,23.49,Zone 3,31.89,Zone 4
Ladakh,Leh,Upshi,33.83,77.81,11.4,2026-09-28,02:00:00,17.0,2026-09-27,02:00:00,2026-09-28 02:17:45,8.550000000000011,Zone 2,24.44,Zone 3,7.59,Zone 2,24.29,Zone 3,15.87,Zone 3,27.11,Zone 4,21.29,Zone 3,30.11,Zone 4,24.44,Zone 3,33.0,Zone 4
Madhya Pradesh,Agar,Agar Malwa,23.6806,75.9941,20.9,2026-09-28,02:00:00,100.0,2026-09-27,02:00:00,2026-09-28 02:17:45,22.55000000000001,Zone 3,39.6,Zone 5,22.01,Zone 3,36.25,Zone 4,27.05,Zone 4,51.26,Zone 5,32.45,Zone 4,60.09,Zone 5,39.6,Zone 5,62.5,Zone 5
Madhya Pradesh,Alirajpur,Alirajpur,22.3139,74.3531,21.9,2026-09-28,02:00:00,83.0,2026-09-27,02:00:00,2026-09-28 02:17:45,22.950000000000045,Zone 3,37.3,Zone 4,22.44,Zone 3,36.15,Zone 4,27.54,Zone 4,45.88,Zone 5,32.56,Zone 4,58.76,Zone 5,37.3,Zone 4,61.48,Zone 5
Madhya Pradesh,Anuppur,Amarkantak Crch,22.6765,81.7607,19.1,2026-09-28,02:00:00,100.0,2026-09-27,02:00:00,2026-09-28 02:17:45,20.450000000000045,Zone 3,34.2,Zone 4,19.54,Zone 3,33.11,Zone 4,24.73,Zone 3,40.0,Zone 5,29.44,Zone 4,53.66,Zone 5,34.2,Zone 4,60.29,Zone 5
Madhya Pradesh,Balaghat,Pala Kvk,21.6477,80.3152,23.7,2026-09-28,02:00:00,98.0,2026-09-27,02:00:00,2026-09-28 02:17:45,25.55000000000001,Zone 4,54.88,Zone 5,24.76,Zone 3,50.18,Zone 5,30.99,Zone 4,60.34,Zone 5,37.63,Zone 5,63.01,Zone 5,54.88,Zone 5,65.07,Zone 5
Madhya Pradesh,Barwani,Talun Kvk,22.0328,74.9744,21.9,2026-09-28,02:00:00,100.0,2026-09-27,02:00:00,2026-09-28 02:17:45,23.650000000000034,Zone 3,46.01,Zone 5,23.18,Zone 3,41.41,Zone 5,28.57,Zone 4,57.02,Zone 5,34.19,Zone 4,61.36,Zone 5,46.01,Zone 5,63.62,Zone 5
Madhya Pradesh,Betul,Betul,,,,,,99.0,2026-09-27,02:00:00,2026-09-28 02:17:45,,,,,,,,,,,,,,,,,,,,
Madhya Pradesh,Bhopal,Berasia,23.62,77.43,22.0,2026-09-28,02:00:00,98.0,2026-09-27,02:00:00,2026-09-28 02:17:45,23.650000000000034,Zone 3,44.52,Zone 5,23.1,Zone 3,40.07,Zone 5,28.43,Zone 4,55.81,Zone 5,33.98,Zone 4,61.08,Zone 5,44.52,Zone 5,63.38,Zone 5
Madhya Pradesh,Bhopal ,Bhopal,23.28,77.35,23.8,2026-09-28,02:00:00,100.0,2026-09-27,02:00:00,2026-09-28 02:17:45,25.75,Zone 4,59.15,Zone 5,25.42,Zone 4,55.33,Zone 5,32.18,Zone 4,61.44,Zone 5,42.93,Zone 5,63.96,Zone 5,59.15,Zone 5,65.91,Zone 5
Madhya Pradesh,Chhindwara,New Chhindwara,22.0572,78.9382,21.2,2026-09-28,02:00:00,100.0,2026-09-27,02:00:00,2026-09-28 02:17:45,22.850000000000023,Zone 3,39.6,Zone 5,22.01,Zone 3,36.25,Zone 4,27.05,Zone 4,51.26,Zone 5,32.45,Zone 4,60.09,Zone 5,39.6,Zone 5,62.5,Zone 5
Madhya Pradesh,Chhindwara,Sausar,21.66,78.8,21.5,2026-09-28,02:00:00,97.0,2026-09-27,02:00:00,2026-09-28 02:17:45,23.05000000000001,Zone 3,40.65,Zone 5,22.47,Zone 3,36.8,Zone 4,27.61,Zone 4,52.3,Zone 5,33.01,Zone 4,60.31,Zone 5,40.65,Zone 5,62.7,Zone 5
Madhya Pradesh,Guna,Aron Kvk,,,,,,25.0,2026-09-27,02:00:00,2026-09-28 02:17:45,,,,,,,,,,,,,,,,,,,,
Madhya Pradesh,Hoshangabad,Pachmarhi Aec,22.4695,78.4318,20.1,2026-09-28,02:00:00,91.0,2026-09-27,02:00:00,2026-09-28 02:17:45,21.150000000000034,Zone 3,34.97,Zone 4,20.37,Zone 3,33.89,Zone 4,25.34,Zone 4,40.27,Zone 5,30.29,Zone 4,53.93,Zone 5,34.97,Zone 4,60.35,Zone 5
Madhya Pradesh,Mandsaur,Mandsour,24.06,75.1,21.5,2026-09-28,02:00:00,93.0,2026-09-27,02:00:00,2026-09-28 02:17:45,22.850000000000023,Zone 3,38.1,Zone 5,22.3,Zone 3,36.38,Zone 4,27.39,Zone 4,49.7,Zone 5,32.65,Zone 4,59.76,Zone 5,38.1,Zone 5,62.21,Zone 5
Madhya Pradesh,Narsinghpur,Narsinghpur,22.94,79.22,22.8,2026-09-28,02:00:00,100.0,2026-09-27,02:00:00,2026-09-28 02:17:45,24.55000000000001,Zone 3,53.01,Zone 5,24.29,Zone 3,48.21,Zone 5,30.26,Zone 4,59.93,Zone 5,36.15,Zone 4,62.65,Zone 5,53.01,Zone 5,64.76,Zone 5
Madhya Pradesh,Neemuch,Marukheda Kvk,24.4738,74.8969,23.7,2026-09-28,02:00:00,95.0,2026-09-27,02:00:00,2026-09-28 02:17:45,25.350000000000023,Zone 4,52.52,Zone 5,24.65,Zone 3,47.72,Zone 5,30.7,Zone 4,59.83,Zone 5,36.49,Zone 4,62.56,Zone 5,52.52,Zone 5,64.68,Zone 5
Madhya Pradesh,Sagar,Khurai,24.04,78.33,22.8,2026-09-28,02:00:00,95.0,2026-09-27,02:00:00,2026-09-28 02:17:45,24.350000000000023,Zone 3,49.05,Zone 5,24.1,Zone 3,44.28,Zone 5,29.84,Zone 4,59.1,Zone 5,35.5,Zone 4,61.92,Zone 5,49.05,Zone 5,64.12,Zone 5
Madhya Pradesh,Sagar,Sagar,23.83,78.69,11.3,2026-09-28,02:00:00,99.0,2026-09-27,02:00:00,2026-09-28 02:17:45,11.25,Zone 2,25.43,Zone 4,10.55,Zone 2,25.05,Zone 3,18.23,Zone 3,28.73,Zone 4,22.73,Zone 3,32.38,Zone 4,25.43,Zone 4,35.92,Zone 4
Madhya Pradesh,Satna,Satna,24.57,80.82,21.4,2026-09-28,02:00:00,99.0,2026-09-27,02:00:00,2026-09-28 02:17:45,23.05000000000001,Zone 3,41.99,Zone 5,22.56,Zone 3,37.82,Zone 5,27.73,Zone 4,53.58,Zone 5,33.2,Zone 4,60.58,Zone 5,41.99,Zone 5,62.94,Zone 5
Madhya Pradesh,Shajapur,Shajapur,23.4317,76.2636,21.0,2026-09-28,02:00:00,88.0,2026-09-27,02:00:00,2026-09-28 02:17:45,22.150000000000034,Zone 3,36.23,Zone 4,21.46,Zone 3,35.11,Zone 4,26.47,Zone 4,43.67,Zone 5,31.49,Zone 4,57.01,Zone 5,36.23,Zone 4,61.05,Zone 5
Madhya Pradesh,Sidhi,Sidhi,24.41,81.86,23.0,2026-09-28,02:00:00,93.0,2026-09-27,02:00:00,2026-09-28 02:17:45,24.55000000000001,Zone 3,47.44,Zone 5,24.02,Zone 3,42.76,Zone 5,29.68,Zone 4,58.14,Zone 5,35.25,Zone 4,61.63,Zone 5,47.44,Zone 5,63.86,Zone 5
Madhya Pradesh,Ujjain,Vikram Vv Ujjain,23.1578,75.806,21.3,2026-09-28,02:00:00,100.0,2026-09-27,02:00:00,2026-09-28 02:17:45,22.950000000000045,Zone 3,42.68,Zone 5,22.6,Zone 3,38.42,Zone 5,27.79,Zone 4,54.2,Zone 5,33.3,Zone 4,60.72,Zone 5,42.68,Zone 5,63.06,Zone 5
Madhya Pradesh,Vidisha,Lateri,,,,,,93.0,2026-09-27,02:00:00,2026-09-28 02:17:45,,,,,,,,,,,,,,,,,,,,
Maharashtra,Amravati,Morshi,21.2833,78.01,22.5,2026-09-28,02:00:00,88.0,2026-09-27,02:00:00,2026-09-28 02:17:45,23.850000000000023,Zone 3,40.46,Zone 5,23.25,Zone 3,37.51,Zone 4,28.54,Zone 4,52.13,Zone 5,33.81,Zone 4,60.27,Zone 5,40.46,Zone 5,62.66,Zone 5
Maharashtra,Beed,Beed Pto,18.990814,75.748339,25.4,2026-09-28,02:00:00,72.0,2026-09-27,02:00:00,2026-09-28 02:17:45,26.55000000000001,Zone 4,45.81,Zone 5,26.14,Zone 4,41.29,Zone 5,31.8,Zone 4,56.9,Zone 5,36.95,Zone 4,61.33,Zone 5,45.81,Zone 5,63.6,Zone 5
Maharashtra,Buldhana,Hiwara,20.14,76.29,22.2,2026-09-28,02:00:00,85.0,2026-09-27,02:00:00,2026-09-28 02:17:45,23.350000000000023,Zone 3,37.53,Zone 4,22.53,Zone 3,36.35,Zone 4,27.65,Zone 4,47.22,Zone 5,32.73,Zone 4,59.23,Zone 5,37.53,Zone 4,61.74,Zone 5
Maharashtra,Buldhana,Lonar,19.9722,76.5323,23.0,2026-09-28,02:00:00,85.0,2026-09-27,02:00:00,2026-09-28 02:17:45,24.25,Zone 3,41.25,Zone 5,23.7,Zone 3,38.01,Zone 4,29.08,Zone 4,52.9,Zone 5,34.33,Zone 4,60.44,Zone 5,41.25,Zone 5,62.81,Zone 5
Maharashtra,Chandrapur,Chandrapur Aws400,19.97,79.2984,24.6,2026-09-28,02:00:00,100.0,2026-09-27,02:00:00,2026-09-28 02:17:45,27.25,Zone 4,60.03,Zone 5,26.29,Zone 4,58.62,Zone 5,33.24,Zone 4,62.19,Zone 5,47.04,Zone 5,64.61,Zone 5,60.03,Zone 5,66.49,Zone 5
Maharashtra,Hingoli,Tondapur Aws400,19.422844,77.401916,23.8,2026-09-28,02:00:00,79.0,2026-09-27,02:00:00,2026-09-28 02:17:45,24.850000000000023,Zone 3,42.61,Zone 5,24.58,Zone 3,38.94,Zone 4,30.12,Zone 4,54.17,Zone 5,35.32,Zone 4,60.71,Zone 5,42.61,Zone 5,63.05,Zone 5
Maharashtra,Kolhapur,Radhanagri Ars,16.41029,73.994119,19.6,2026-09-28,02:00:00,100.0,2026-09-27,02:00:00,2026-09-28 02:17:45,21.05000000000001,Zone 3,34.98,Zone 4,20.17,Zone 3,33.84,Zone 4,25.12,Zone 3,42.59,Zone 5,30.14,Zone 4,56.08,Zone 5,34.98,Zone 4,60.84,Zone 5
Maharashtra,Latur,Udgir Aws400,18.387928,77.118043,25.4,2026-09-28,02:00:00,77.0,2026-09-27,02:00:00,2026-09-28 02:17:45,26.950000000000045,Zone 4,50.46,Zone 5,26.44,Zone 4,45.69,Zone 5,32.34,Zone 4,59.4,Zone 5,37.72,Zone 4,62.18,Zone 5,50.46,Zone 5,64.35,Zone 5
Maharashtra,Mumbai Suburban,Mumbai Airport,19.0931,72.8568,29.3,2026-09-28,02:00:00,,,,2026-09-28 02:17:45,,,,,,,,,,,,,,,,,,,,
Maharashtra,Mumbai Suburban,Ram Mandir,19.1531,72.8497,25.8,2026-09-28,02:00:00,,,,2026-09-28 02:17:45,,,,,,,,,,,,,,,,,,,,
Maharashtra,Mumbai Suburban,Vikhroli,19.1096,72.9282,26.3,2026-09-28,02:00:00,73.0,2026-09-27,02:00:00,2026-09-28 02:17:45,28.05000000000001,Zone 4,53.18,Zone 5,27.7,Zone 4,48.45,Zone 5,33.59,Zone 4,59.98,Zone 5,38.97,Zone 4,62.69,Zone 5,53.18,Zone 5,64.79,Zone 5
Maharashtra,Mumbai City,Byculla Mumbai,18.9836,72.8345,26.6,2026-09-28,02:00:00,100.0,2026-09-27,02:00:00,2026-09-28 02:17:45,31.55000000000001,Zone 4,63.56,Zone 5,30.49,Zone 4,62.52,Zone 5,44.17,Zone 5,65.28,Zone 5,60.18,Zone 5,67.29,Zone 5,63.56,Zone 5,68.83,Zone 5
Maharashtra,Mumbai City,Mahalaxmi,18.9799,72.8231,27.2,2026-09-28,02:00:00,,,,2026-09-28 02:17:45,,,,,,,,,,,,,,,,,,,,
Maharashtra,Mumbai City,Mumbai Santa Cruz,19.100662,72.858223,25.5,2026-09-28,02:00:00,,,,2026-09-28 02:17:45,,,,,,,,,,,,,,,,,,,,
Maharashtra,Nagpur,Nagpur,,,,,,83.0,2026-09-27,02:00:00,2026-09-28 02:17:45,,,,,,,,,,,,,,,,,,,,
Maharashtra,Nagpur,Nagpur Kvk,21.0383,79.0572,22.8,2026-09-28,02:00:00,98.0,2026-09-27,02:00:00,2026-09-28 02:17:45,24.450000000000045,Zone 3,51.44,Zone 5,24.22,Zone 3,46.63,Zone 5,30.09,Zone 4,59.6,Zone 5,35.88,Zone 4,62.36,Zone 5,51.44,Zone 5,64.5,Zone 5
Maharashtra,Nagpur,Ramtek Aws400,21.3937,79.3235,24.4,2026-09-28,02:00:00,100.0,2026-09-27,02:00:00,2026-09-28 02:17:45,26.850000000000023,Zone 4,60.03,Zone 5,26.29,Zone 4,58.62,Zone 5,33.24,Zone 4,62.19,Zone 5,47.04,Zone 5,64.61,Zone 5,60.03,Zone 5,66.49,Zone 5
Maharashtra,Nanded,Sagroli Kvk,18.69124,77.732679,24.9,2026-09-28,02:00:00,94.0,2026-09-27,02:00:00,2026-09-28 02:17:45,27.350000000000023,Zone 4,59.66,Zone 5,26.77,Zone 4,57.29,Zone 5,33.5,Zone 4,61.88,Zone 5,45.28,Zone 5,64.34,Zone 5,59.66,Zone 5,66.24,Zone 5
Maharashtra,Nandurbar,Shahada Aws400,21.53515,74.485958,23.7,2026-09-28,02:00:00,100.0,2026-09-27,02:00:00,2026-09-28 02:17:45,25.650000000000034,Zone 4,56.39,Zone 5,24.83,Zone 3,51.81,Zone 5,31.19,Zone 4,60.68,Zone 5,39.18,Zone 5,63.3,Zone 5,56.39,Zone 5,65.33,Zone 5
Maharashtra,Nashik,Malegaon,20.569239,74.513275,24.3,2026-09-28,02:00:00,82.0,2026-09-27,02:00:00,2026-09-28 02:17:45,25.55000000000001,Zone 4,48.35,Zone 5,25.24,Zone 3,43.64,Zone 5,31.19,Zone 4,58.82,Zone 5,36.6,Zone 4,61.8,Zone 5,48.35,Zone 5,64.01,Zone 5
Maharashtra,Nashik,Vilholi,19.937324,73.721246,20.9,2026-09-28,02:00:00,97.0,2026-09-27,02:00:00,2026-09-28 02:17:45,22.350000000000023,Zone 3,37.79,Zone 5,21.88,Zone 3,35.95,Zone 4,26.9,Zone 4,49.35,Zone 5,32.19,Zone 4,59.68,Zone 5,37.79,Zone 5,62.14,Zone 5
Maharashtra,Palghar,Palghar Aws400,19.7319,72.7609,23.6,2026-09-28,02:00:00,100.0,2026-09-27,02:00:00,2026-09-28 02:17:45,25.450000000000045,Zone 4,56.39,Zone 5,24.83,Zone 3,51.81,Zone 5,31.19,Zone 4,60.68,Zone 5,39.18,Zone 5,63.3,Zone 5,56.39,Zone 5,65.33,Zone 5
Maharashtra,Pune, Nimgiri Junnar,19.2092,73.8725,19.1,2026-09-28,02:00:00,,,,2026-09-28 02:17:45,,,,,,,,,,,,,,,,,,,,
Maharashtra,Pune,Blindschool Kp Pune,18.54,73.8886,23.8,2026-09-28,02:00:00,88.0,2026-09-27,02:00:00,2026-09-28 02:17:45,25.150000000000034,Zone 3,50.16,Zone 5,24.93,Zone 3,45.38,Zone 5,30.92,Zone 4,59.34,Zone 5,36.5,Zone 4,62.13,Zone 5,50.16,Zone 5,64.3,Zone 5
Maharashtra,Pune,Chinchwad Pune,18.6595,73.7987,22.5,2026-09-28,02:00:00,92.0,2026-09-27,02:00:00,2026-09-28 02:17:45,23.950000000000045,Zone 3,43.35,Zone 5,23.42,Zone 3,39.03,Zone 5,28.81,Zone 4,54.81,Zone 5,34.23,Zone 4,60.86,Zone 5,43.35,Zone 5,63.18,Zone 5
Maharashtra,Pune,Dps Hadapsar Pune,18.4659,73.9244,24.2,2026-09-28,02:00:00,89.0,2026-09-27,02:00:00,2026-09-28 02:17:45,25.850000000000023,Zone 4,51.0,Zone 5,24.97,Zone 3,46.21,Zone 5,31.01,Zone 4,59.51,Zone 5,36.64,Zone 4,62.28,Zone 5,51.0,Zone 5,64.43,Zone 5
Maharashtra,Pune,Khadakwadi Ambegaon,18.9052,74.0938,21.1,2026-09-28,02:00:00,99.0,2026-09-27,02:00:00,2026-09-28 02:17:45,22.650000000000034,Zone 3,38.98,Zone 5,21.96,Zone 3,36.15,Zone 4,27.0,Zone 4,50.63,Zone 5,32.36,Zone 4,59.95,Zone 5,38.98,Zone 5,62.38,Zone 5
Maharashtra,Pune,Khutbav Daund,18.5056,74.3304,22.5,2026-09-28,02:00:00,,,,2026-09-28 02:17:45,,,,,,,,,,,,,,,,,,,,
Maharashtra,Pune,Lavale,18.5363,73.7325,20.9,2026-09-28,02:00:00,96.0,2026-09-27,02:00:00,2026-09-28 02:17:45,22.350000000000023,Zone 3,37.21,Zone 5,21.83,Zone 3,35.85,Zone 4,26.85,Zone 4,48.72,Zone 5,32.11,Zone 4,59.55,Zone 5,37.21,Zone 5,62.02,Zone 5
Maharashtra,Pune,Magarpatta Pune,18.5115,73.9285,23.4,2026-09-28,02:00:00,93.0,2026-09-27,02:00:00,2026-09-28 02:17:45,24.950000000000045,Zone 3,50.89,Zone 5,24.58,Zone 3,46.09,Zone 5,30.52,Zone 4,59.49,Zone 5,36.21,Zone 4,62.26,Zone 5,50.89,Zone 5,64.42,Zone 5
Maharashtra,Pune,Malin Ambegaon,19.1574,73.6811,19.7,2026-09-28,02:00:00,100.0,2026-09-27,02:00:00,2026-09-28 02:17:45,21.150000000000034,Zone 3,34.98,Zone 4,20.17,Zone 3,33.84,Zone 4,25.12,Zone 3,42.59,Zone 5,30.14,Zone 4,56.08,Zone 5,34.98,Zone 4,60.84,Zone 5
Maharashtra,Pune,Mti Pashan Pune,18.5383,73.8045,22.8,2026-09-28,02:00:00,96.0,2026-09-27,02:00:00,2026-09-28 02:17:45,24.450000000000045,Zone 3,49.85,Zone 5,24.14,Zone 3,45.06,Zone 5,29.92,Zone 4,59.27,Zone 5,35.62,Zone 4,62.07,Zone 5,49.85,Zone 5,64.25,Zone 5
Maharashtra,Pune,Narayangoan Krishi Kendra,19.1003,73.9655,19.9,2026-09-28,02:00:00,100.0,2026-09-27,02:00:00,2026-09-28 02:17:45,21.350000000000023,Zone 3,35.8,Zone 4,20.79,Zone 3,34.6,Zone 4,25.68,Zone 4,45.37,Zone 5,30.87,Zone 4,58.37,Zone 5,35.8,Zone 4,61.39,Zone 5
Maharashtra,Pune,Nda Pune,18.47,73.78,20.2,2026-09-28,02:00:00,96.0,2026-09-27,02:00:00,2026-09-28 02:17:45,21.55000000000001,Zone 3,35.42,Zone 4,20.61,Zone 3,34.28,Zone 4,25.52,Zone 4,43.04,Zone 5,30.6,Zone 4,56.48,Zone 5,35.42,Zone 4,60.93,Zone 5
Maharashtra,Pune,Nes Lakadi Indapur,18.1748,74.689,22.8,2026-09-28,02:00:00,,,,2026-09-28 02:17:45,,,,,,,,,,,,,,,,,,,,
Maharashtra,Pune,Niasm Baramati,18.153,74.5003,22.6,2026-09-28,02:00:00,100.0,2026-09-27,02:00:00,2026-09-28 02:17:45,24.350000000000023,Zone 3,49.49,Zone 5,23.74,Zone 3,44.71,Zone 5,29.39,Zone 4,59.19,Zone 5,35.14,Zone 4,62.0,Zone 5,49.49,Zone 5,64.19,Zone 5
Maharashtra,Pune,Pabal Shirur,18.8344,74.0536,17.2,2026-09-28,02:00:00,99.0,2026-09-27,02:00:00,2026-09-28 02:17:45,18.05000000000001,Zone 3,31.34,Zone 4,16.9,Zone 3,30.44,Zone 4,23.09,Zone 3,34.82,Zone 4,26.88,Zone 4,43.32,Zone 5,31.34,Zone 4,55.41,Zone 5
Maharashtra,Pune,Pashan Aws Lab,18.5167,73.85,21.5,2026-09-28,01:30:00,100.0,2026-09-27,01:30:00,2026-09-28 02:17:45,23.150000000000034,Zone 3,42.68,Zone 5,22.6,Zone 3,38.42,Zone 5,27.79,Zone 4,54.2,Zone 5,33.3,Zone 4,60.72,Zone 5,42.68,Zone 5,63.06,Zone 5
Maharashtra,Pune,Pashan Tdma Test,18.5246,73.8786,25.4,2026-09-28,02:00:00,71.0,2026-09-27,02:00:00,2026-09-28 02:17:45,26.55000000000001,Zone 4,44.89,Zone 5,26.08,Zone 4,40.45,Zone 5,31.7,Zone 4,56.16,Zone 5,36.81,Zone 4,61.16,Zone 5,44.89,Zone 5,63.44,Zone 5
Maharashtra,Pune,Rajgurunagar,18.841,73.884,21.2,2026-09-28,02:00:00,100.0,2026-09-27,02:00:00,2026-09-28 02:17:45,22.850000000000023,Zone 3,39.6,Zone 5,22.01,Zone 3,36.25,Zone 4,27.05,Zone 4,51.26,Zone 5,32.45,Zone 4,60.09,Zone 5,39.6,Zone 5,62.5,Zone 5
Maharashtra,Pune,Talegaon,18.722,73.6632,20.3,2026-09-28,02:00:00,,,,2026-09-28 02:17:45,,,,,,,,,,,,,,,,,,,,
Maharashtra,Pune,Talegaon Dhamdhere,18.671,74.148,22.0,2026-09-28,02:00:00,99.0,2026-09-27,02:00:00,2026-09-28 02:17:45,23.650000000000034,Zone 3,45.26,Zone 5,23.14,Zone 3,40.73,Zone 5,28.5,Zone 4,56.42,Zone 5,34.09,Zone 4,61.22,Zone 5,45.26,Zone 5,63.5,Zone 5
Maharashtra,Pune,Wadgaonsheri Pune,18.5482,73.9278,23.8,2026-09-28,02:00:00,79.0,2026-09-27,02:00:00,2026-09-28 02:17:45,24.850000000000023,Zone 3,42.61,Zone 5,24.58,Zone 3,38.94,Zone 4,30.12,Zone 4,54.17,Zone 5,35.32,Zone 4,60.71,Zone 5,42.61,Zone 5,63.05,Zone 5
Maharashtra,Pune,Walhe Purandar,18.1748,74.1498,21.3,2026-09-28,02:00:00,99.0,2026-09-27,02:00:00,2026-09-28 02:17:45,22.950000000000045,Zone 3,41.99,Zone 5,22.56,Zone 3,37.82,Zone 5,27.73,Zone 4,53.58,Zone 5,33.2,Zone 4,60.58,Zone 5,41.99,Zone 5,62.94,Zone 5
Maharashtra,Raigad,Iighq Newpanvel,19.0088,73.106,25.5,2026-09-28,02:00:00,100.0,2026-09-27,02:00:00,2026-09-28 02:17:45,29.05000000000001,Zone 4,61.78,Zone 5,28.23,Zone 4,60.7,Zone 5,35.61,Zone 4,63.73,Zone 5,55.54,Zone 5,65.94,Zone 5,61.78,Zone 5,67.65,Zone 5
Maharashtra,Raigad,Iig Mo Alibag,18.644514,72.869026,25.1,2026-09-28,02:00:00,100.0,2026-09-27,02:00:00,2026-09-28 02:17:45,28.150000000000034,Zone 4,60.9,Zone 5,27.22,Zone 4,59.79,Zone 5,34.38,Zone 4,62.96,Zone 5,51.33,Zone 5,65.28,Zone 5,60.9,Zone 5,67.07,Zone 5
Maharashtra,Raigad,Karjat,18.915956,73.317216,23.9,2026-09-28,02:00:00,93.0,2026-09-27,02:00:00,2026-09-28 02:17:45,25.55000000000001,Zone 4,54.31,Zone 5,25.11,Zone 3,49.58,Zone 5,31.41,Zone 4,60.22,Zone 5,37.23,Zone 4,62.9,Zone 5,54.31,Zone 5,64.98,Zone 5
Maharashtra,Raigad,Matheran,18.99012,73.266534,20.6,2026-09-28,02:00:00,100.0,2026-09-27,02:00:00,2026-09-28 02:17:45,22.150000000000034,Zone 3,36.83,Zone 5,21.41,Zone 3,35.41,Zone 4,26.35,Zone 4,48.28,Zone 5,31.64,Zone 4,59.46,Zone 5,36.83,Zone 5,61.94,Zone 5
Maharashtra,Ratnagiri,Dapoli,17.754206,73.176743,22.9,2026-09-28,02:00:00,,,,2026-09-28 02:17:45,,,,,,,,,,,,,,,,,,,,
Maharashtra,Ratnagiri,Ratnagiri Aws400,16.9859,73.3285,24.4,2026-09-28,02:00:00,100.0,2026-09-27,02:00:00,2026-09-28 02:17:45,26.850000000000023,Zone 4,60.03,Zone 5,26.29,Zone 4,58.62,Zone 5,33.24,Zone 4,62.19,Zone 5,47.04,Zone 5,64.61,Zone 5,60.03,Zone 5,66.49,Zone 5
Maharashtra,Ratnagiri,Savarde(Golwane),17.23,73.29,23.3,2026-09-28,02:00:00,,,,2026-09-28 02:17:45,,,,,,,,,,,,,,,,,,,,
Maharashtra,Sangli,Sangli Kvk,16.896059,74.520167,21.8,2026-09-28,01:30:00,100.0,2026-09-27,01:30:00,2026-09-28 02:17:45,23.55000000000001,Zone 3,46.01,Zone 5,23.18,Zone 3,41.41,Zone 5,28.57,Zone 4,57.02,Zone 5,34.19,Zone 4,61.36,Zone 5,46.01,Zone 5,63.62,Zone 5
Maharashtra,Satara,Bgrl Karad,,,,,,63.0,2026-09-27,02:00:00,2026-09-28 02:17:45,,,,,,,,,,,,,,,,,,,,
Maharashtra,Satara,Mahabaleshwar,17.92478,73.66034,16.5,2026-09-28,02:00:00,,,,2026-09-28 02:17:45,,,,,,,,,,,,,,,,,,,,
Maharashtra,Solapur,Mohol Kvk,17.4833,75.3815,25.4,2026-09-28,02:00:00,68.0,2026-09-27,02:00:00,2026-09-28 02:17:45,26.350000000000023,Zone 4,42.21,Zone 5,25.91,Zone 4,39.88,Zone 4,31.4,Zone 4,53.83,Zone 5,36.39,Zone 4,60.64,Zone 5,42.21,Zone 5,62.98,Zone 5
Maharashtra,Solapur,Sangola Mahavidyalaya,17.4208,75.1947,24.5,2026-09-28,02:00:00,90.0,2026-09-27,02:00:00,2026-09-28 02:17:45,26.350000000000023,Zone 4,55.2,Zone 5,25.67,Zone 4,50.53,Zone 5,32.02,Zone 4,60.42,Zone 5,37.94,Zone 5,63.07,Zone 5,55.2,Zone 5,65.13,Zone 5
Maharashtra,Solapur,Solapur,17.2,75.9,26.7,2026-09-28,02:00:00,69.0,2026-09-27,02:00:00,2026-09-28 02:17:45,28.350000000000023,Zone 4,49.28,Zone 5,27.4,Zone 4,44.56,Zone 5,33.08,Zone 4,59.16,Zone 5,38.26,Zone 4,61.97,Zone 5,49.28,Zone 5,64.16,Zone 5
Maharashtra,Thane,Bhayander,19.3147,72.852,25.6,2026-09-28,02:00:00,,,,2026-09-28 02:17:45,,,,,,,,,,,,,,,,,,,,
Maharashtra,Wardha,Wardha,20.78,78.59,23.3,2026-09-28,02:00:00,90.0,2026-09-27,02:00:00,2026-09-28 02:17:45,24.75,Zone 3,48.42,Zone 5,24.46,Zone 3,43.69,Zone 5,30.25,Zone 4,58.87,Zone 5,35.81,Zone 4,61.81,Zone 5,48.42,Zone 5,64.02,Zone 5
Maharashtra,Yavatmal,Pushad Aws400,19.9547,77.579,20.9,2026-09-28,02:00:00,100.0,2026-09-27,02:00:00,2026-09-28 02:17:45,22.55000000000001,Zone 3,39.6,Zone 5,22.01,Zone 3,36.25,Zone 4,27.05,Zone 4,51.26,Zone 5,32.45,Zone 4,60.09,Zone 5,39.6,Zone 5,62.5,Zone 5
Maharashtra,Yavatmal,Yavatmal,20.4025,78.1169,20.7,2026-09-28,02:00:00,99.0,2026-09-27,02:00:00,2026-09-28 02:17:45,22.25,Zone 3,36.55,Zone 4,21.36,Zone 3,35.31,Zone 4,26.3,Zone 4,47.67,Zone 5,31.56,Zone 4,59.32,Zone 5,36.55,Zone 4,61.83,Zone 5
Manipur,Chandel,Chakpikarong,24.207,93.9039,20.3,2026-09-28,02:00:00,100.0,2026-09-27,02:00:00,2026-09-28 02:17:45,21.850000000000023,Zone 3,36.83,Zone 5,21.41,Zone 3,35.41,Zone 4,26.35,Zone 4,48.28,Zone 5,31.64,Zone 4,59.46,Zone 5,36.83,Zone 5,61.94,Zone 5
Manipur,Chandel,Chandel Kvk,24.3265,94.0224,19.4,2026-09-28,02:00:00,100.0,2026-09-27,02:00:00,2026-09-28 02:17:45,20.75,Zone 3,34.98,Zone 4,20.17,Zone 3,33.84,Zone 4,25.12,Zone 3,42.59,Zone 5,30.14,Zone 4,56.08,Zone 5,34.98,Zone 4,60.84,Zone 5
Manipur,Imphal East,Jiribam,24.7864,93.1539,26.6,2026-09-28,02:00:00,99.0,2026-09-27,02:00:00,2026-09-28 02:17:45,31.450000000000045,Zone 4,63.34,Zone 5,30.36,Zone 4,62.3,Zone 5,42.95,Zone 5,65.09,Zone 5,59.93,Zone 5,67.13,Zone 5,63.34,Zone 5,68.69,Zone 5
Manipur,Imphal East,Porompat,24.8067,93.9603,21.9,2026-09-28,02:00:00,93.0,2026-09-27,02:00:00,2026-09-28 02:17:45,23.350000000000023,Zone 3,40.96,Zone 5,22.88,Zone 3,37.23,Zone 4,28.12,Zone 4,52.61,Zone 5,33.47,Zone 4,60.38,Zone 5,40.96,Zone 5,62.75,Zone 5
Manipur,Kamjong,Kamjong,,,,,,100.0,2026-09-27,02:00:00,2026-09-28 02:17:45,,,,,,,,,,,,,,,,,,,,
Manipur,Kangpokpi,Saikul,25.0626,94.0251,19.8,2026-09-28,02:00:00,100.0,2026-09-27,02:00:00,2026-09-28 02:17:45,21.25,Zone 3,35.8,Zone 4,20.79,Zone 3,34.6,Zone 4,25.68,Zone 4,45.37,Zone 5,30.87,Zone 4,58.37,Zone 5,35.8,Zone 4,61.39,Zone 5
Manipur,Kangpokpi,Tujangvaichong,25.2294,93.8488,21.4,2026-09-28,02:00:00,100.0,2026-09-27,02:00:00,2026-09-28 02:17:45,23.05000000000001,Zone 3,42.68,Zone 5,22.6,Zone 3,38.42,Zone 5,27.79,Zone 4,54.2,Zone 5,33.3,Zone 4,60.72,Zone 5,42.68,Zone 5,63.06,Zone 5
Manipur,Noney,Khoupum,24.8547,93.6167,22.2,2026-09-28,02:00:00,100.0,2026-09-27,02:00:00,2026-09-28 02:17:45,23.950000000000045,Zone 3,46.01,Zone 5,23.18,Zone 3,41.41,Zone 5,28.57,Zone 4,57.02,Zone 5,34.19,Zone 4,61.36,Zone 5,46.01,Zone 5,63.62,Zone 5
Manipur,Senapati,Mao,25.5088,94.1497,17.6,2026-09-28,02:00:00,100.0,2026-09-27,02:00:00,2026-09-28 02:17:45,18.55000000000001,Zone 3,32.06,Zone 4,17.61,Zone 3,31.1,Zone 4,23.53,Zone 3,35.57,Zone 4,27.51,Zone 4,46.16,Zone 5,32.06,Zone 4,57.8,Zone 5
Manipur,Tengnoupal,Adc Moreh,24.2596,94.2897,26.3,2026-09-28,02:00:00,100.0,2026-09-27,02:00:00,2026-09-28 02:17:45,30.850000000000023,Zone 4,63.56,Zone 5,30.49,Zone 4,62.52,Zone 5,44.17,Zone 5,65.28,Zone 5,60.18,Zone 5,67.29,Zone 5,63.56,Zone 5,68.83,Zone 5
Meghalaya,East Garo Hills,Williamnagar,25.5094,90.5989,24.4,2026-09-28,02:00:00,91.0,2026-09-27,02:00:00,2026-09-28 02:17:45,26.25,Zone 4,56.0,Zone 5,25.73,Zone 4,51.39,Zone 5,32.13,Zone 4,60.6,Zone 5,38.76,Zone 5,63.22,Zone 5,56.0,Zone 5,65.26,Zone 5
Meghalaya,East Khasi Hills,Khatarshnong Laitkroh,25.439,91.8016,18.0,2026-09-28,02:00:00,83.0,2026-09-27,02:00:00,2026-09-28 02:17:45,18.25,Zone 3,31.7,Zone 4,17.4,Zone 3,30.88,Zone 4,23.52,Zone 3,35.06,Zone 4,27.44,Zone 4,40.56,Zone 5,31.7,Zone 4,52.8,Zone 5
Meghalaya,East Khasi Hills,Laban,,,,,,97.0,2026-09-27,02:00:00,2026-09-28 02:17:45,,,,,,,,,,,,,,,,,,,,
Meghalaya,East Khasi Hills,Mawryngkneng,25.5514,92.0501,23.1,2026-09-28,01:45:00,,,,2026-09-28 02:17:45,,,,,,,,,,,,,,,,,,,,
Meghalaya,East Khasi Hills,Nehu,25.6083,91.8919,20.0,2026-09-28,02:00:00,100.0,2026-09-27,02:00:00,2026-09-28 02:17:45,21.450000000000045,Zone 3,35.8,Zone 4,20.79,Zone 3,34.6,Zone 4,25.68,Zone 4,45.37,Zone 5,30.87,Zone 4,58.37,Zone 5,35.8,Zone 4,61.39,Zone 5
Meghalaya,East Khasi Hills,Shillong,25.5658,91.8597,19.8,2026-09-28,02:00:00,96.0,2026-09-27,02:00:00,2026-09-28 02:17:45,21.05000000000001,Zone 3,35.42,Zone 4,20.61,Zone 3,34.28,Zone 4,25.52,Zone 4,43.04,Zone 5,30.6,Zone 4,56.48,Zone 5,35.42,Zone 4,60.93,Zone 5
Meghalaya,North Garo Hills,Resubelpara,25.8907,90.6135,25.1,2026-09-28,02:00:00,100.0,2026-09-27,02:00:00,2026-09-28 02:17:45,28.150000000000034,Zone 4,60.9,Zone 5,27.22,Zone 4,59.79,Zone 5,34.38,Zone 4,62.96,Zone 5,51.33,Zone 5,65.28,Zone 5,60.9,Zone 5,67.07,Zone 5
Meghalaya,Ri Bhoi,Umtrewdam,26.0072,91.8118,29.3,2026-09-28,02:00:00,,,,2026-09-28 02:17:45,,,,,,,,,,,,,,,,,,,,
Meghalaya,South West Garo Hills,Ampati,25.4616,89.9258,25.3,2026-09-28,02:00:00,100.0,2026-09-27,02:00:00,2026-09-28 02:17:45,28.55000000000001,Zone 4,61.78,Zone 5,28.23,Zone 4,60.7,Zone 5,35.61,Zone 4,63.73,Zone 5,55.54,Zone 5,65.94,Zone 5,61.78,Zone 5,67.65,Zone 5
Meghalaya,South West Khasi Hills,Mawkyrwat,25.3706,91.4765,16.7,2026-09-28,02:00:00,100.0,2026-09-27,02:00:00,2026-09-28 02:17:45,17.450000000000045,Zone 3,30.76,Zone 4,16.29,Zone 3,29.89,Zone 4,22.7,Zone 3,34.23,Zone 4,26.35,Zone 4,41.49,Zone 5,30.76,Zone 4,53.72,Zone 5
Meghalaya,West Garo Hills,Tura,25.495,90.2094,24.6,2026-09-28,02:00:00,87.0,2026-09-27,02:00:00,2026-09-28 02:17:45,26.350000000000023,Zone 4,52.7,Zone 5,25.5,Zone 4,47.92,Zone 5,31.69,Zone 4,59.87,Zone 5,37.34,Zone 4,62.59,Zone 5,52.7,Zone 5,64.71,Zone 5
Meghalaya,West Khasi Hills,Nongstoin,25.5219,91.265,17.7,2026-09-28,02:00:00,89.0,2026-09-27,02:00:00,2026-09-28 02:17:45,18.150000000000034,Zone 3,31.43,Zone 4,17.06,Zone 3,30.58,Zone 4,23.26,Zone 3,34.83,Zone 4,27.1,Zone 4,41.13,Zone 5,31.43,Zone 4,53.37,Zone 5
Mizoram,Aizawl,Lengpui,23.84,92.62,25.4,2026-09-28,02:00:00,100.0,2026-09-27,02:00:00,2026-09-28 02:17:45,28.75,Zone 4,61.78,Zone 5,28.23,Zone 4,60.7,Zone 5,35.61,Zone 4,63.73,Zone 5,55.54,Zone 5,65.94,Zone 5,61.78,Zone 5,67.65,Zone 5
Mizoram,Aizawl,Mizoram University,23.7371,92.6518,24.4,2026-09-28,02:00:00,99.0,2026-09-27,02:00:00,2026-09-28 02:17:45,26.75,Zone 4,59.82,Zone 5,26.22,Zone 4,57.89,Zone 5,33.1,Zone 4,62.02,Zone 5,46.06,Zone 5,64.46,Zone 5,59.82,Zone 5,66.35,Zone 5
Mizoram,Champhai,Champhai Aws,23.495,93.3094,19.1,2026-09-28,02:00:00,100.0,2026-09-27,02:00:00,2026-09-28 02:17:45,20.450000000000045,Zone 3,34.2,Zone 4,19.54,Zone 3,33.11,Zone 4,24.73,Zone 3,40.0,Zone 5,29.44,Zone 4,53.66,Zone 5,34.2,Zone 4,60.29,Zone 5
Mizoram,Hnathial,Hnathial,22.9522,92.9328,23.3,2026-09-28,02:00:00,100.0,2026-09-27,02:00:00,2026-09-28 02:17:45,25.05000000000001,Zone 3,56.39,Zone 5,24.83,Zone 3,51.81,Zone 5,31.19,Zone 4,60.68,Zone 5,39.18,Zone 5,63.3,Zone 5,56.39,Zone 5,65.33,Zone 5
Mizoram,Khawzawl,Khawzawl,23.5266,93.1789,19.7,2026-09-28,02:00:00,100.0,2026-09-27,02:00:00,2026-09-28 02:17:45,21.150000000000034,Zone 3,34.98,Zone 4,20.17,Zone 3,33.84,Zone 4,25.12,Zone 3,42.59,Zone 5,30.14,Zone 4,56.08,Zone 5,34.98,Zone 4,60.84,Zone 5
Mizoram,Kolasib,Kolasib,24.208,92.6757,24.5,2026-09-28,02:00:00,100.0,2026-09-27,02:00:00,2026-09-28 02:17:45,27.05000000000001,Zone 4,60.03,Zone 5,26.29,Zone 4,58.62,Zone 5,33.24,Zone 4,62.19,Zone 5,47.04,Zone 5,64.61,Zone 5,60.03,Zone 5,66.49,Zone 5
Mizoram,Lawngtlai,Chawnhu,22.5055,92.8949,22.9,2026-09-28,02:00:00,100.0,2026-09-27,02:00:00,2026-09-28 02:17:45,24.650000000000034,Zone 3,53.01,Zone 5,24.29,Zone 3,48.21,Zone 5,30.26,Zone 4,59.93,Zone 5,36.15,Zone 4,62.65,Zone 5,53.01,Zone 5,64.76,Zone 5
Mizoram,Mamit,Lengpui Kvk,23.8381,92.6357,24.8,2026-09-28,02:00:00,100.0,2026-09-27,02:00:00,2026-09-28 02:17:45,27.55000000000001,Zone 4,60.9,Zone 5,27.22,Zone 4,59.79,Zone 5,34.38,Zone 4,62.96,Zone 5,51.33,Zone 5,65.28,Zone 5,60.9,Zone 5,67.07,Zone 5
Mizoram,Saiha,Saiha,22.4949,92.9988,22.1,2026-09-28,02:00:00,96.0,2026-09-27,02:00:00,2026-09-28 02:17:45,23.650000000000034,Zone 3,43.07,Zone 5,23.01,Zone 3,38.77,Zone 5,28.3,Zone 4,54.56,Zone 5,33.77,Zone 4,60.8,Zone 5,43.07,Zone 5,63.13,Zone 5
Mizoram,Serchhip,Serchhip,24.3425,92.8463,22.4,2026-09-28,02:00:00,12.0,2026-09-27,02:00:00,2026-09-28 02:17:45,19.55000000000001,Zone 3,31.96,Zone 4,18.75,Zone 3,31.57,Zone 4,25.18,Zone 3,34.75,Zone 4,28.7,Zone 4,37.74,Zone 4,31.96,Zone 4,40.64,Zone 4
Nagaland,Dimapur,Dimapur,25.9091,93.7266,25.9,2026-09-28,02:00:00,100.0,2026-09-27,02:00:00,2026-09-28 02:17:45,29.850000000000023,Zone 4,62.67,Zone 5,29.31,Zone 4,61.61,Zone 5,39.34,Zone 5,64.5,Zone 5,59.12,Zone 5,66.62,Zone 5,62.67,Zone 5,68.24,Zone 5
Nagaland,Kiphire,Kiphire Aws400,25.8833,94.7833,19.8,2026-09-28,02:00:00,100.0,2026-09-27,02:00:00,2026-09-28 02:17:45,21.25,Zone 3,35.8,Zone 4,20.79,Zone 3,34.6,Zone 4,25.68,Zone 4,45.37,Zone 5,30.87,Zone 4,58.37,Zone 5,35.8,Zone 4,61.39,Zone 5
Nagaland,Kohima,Chiephobozou Nerhema,25.7929,94.1312,19.9,2026-09-28,02:00:00,100.0,2026-09-27,02:00:00,2026-09-28 02:17:45,21.350000000000023,Zone 3,35.8,Zone 4,20.79,Zone 3,34.6,Zone 4,25.68,Zone 4,45.37,Zone 5,30.87,Zone 4,58.37,Zone 5,35.8,Zone 4,61.39,Zone 5
Nagaland,Kohima,Kohima,25.65,94.1167,19.2,2026-09-28,02:00:00,98.0,2026-09-27,02:00:00,2026-09-28 02:17:45,20.450000000000045,Zone 3,34.04,Zone 4,19.45,Zone 3,32.98,Zone 4,24.69,Zone 3,39.01,Zone 5,29.33,Zone 4,52.66,Zone 5,34.04,Zone 4,60.07,Zone 5
Nagaland,Kohima,Sechu,25.7,94.0333,19.7,2026-09-28,02:00:00,99.0,2026-09-27,02:00:00,2026-09-28 02:17:45,21.05000000000001,Zone 3,34.9,Zone 4,20.13,Zone 3,33.77,Zone 4,25.1,Zone 3,42.04,Zone 5,30.08,Zone 4,55.6,Zone 5,34.9,Zone 4,60.73,Zone 5
Nagaland,Peren,Jalukie,25.6534,93.6669,24.3,2026-09-28,02:00:00,100.0,2026-09-27,02:00:00,2026-09-28 02:17:45,26.650000000000034,Zone 4,60.03,Zone 5,26.29,Zone 4,58.62,Zone 5,33.24,Zone 4,62.19,Zone 5,47.04,Zone 5,64.61,Zone 5,60.03,Zone 5,66.49,Zone 5
Nagaland,Tuensang,Thonoknyu,25.9888,94.9058,18.1,2026-09-28,02:00:00,100.0,2026-09-27,02:00:00,2026-09-28 02:17:45,19.150000000000034,Zone 3,32.74,Zone 4,18.26,Zone 3,31.74,Zone 4,23.94,Zone 3,36.28,Zone 4,28.13,Zone 4,48.64,Zone 5,32.74,Zone 4,59.21,Zone 5
Nagaland,Wokha,Wokha,26.0852,94.255,20.3,2026-09-28,01:45:00,20.0,2026-09-27,01:45:00,2026-09-28 02:17:45,17.55000000000001,Zone 3,30.83,Zone 4,16.8,Zone 3,30.42,Zone 4,23.74,Zone 3,33.7,Zone 4,27.45,Zone 4,36.79,Zone 4,30.83,Zone 4,39.78,Zone 4
Odisha,Balangir,Bolangir,20.7,83.47,24.3,2026-09-28,02:00:00,100.0,2026-09-27,02:00:00,2026-09-28 02:17:45,26.650000000000034,Zone 4,60.03,Zone 5,26.29,Zone 4,58.62,Zone 5,33.24,Zone 4,62.19,Zone 5,47.04,Zone 5,64.61,Zone 5,60.03,Zone 5,66.49,Zone 5
Odisha,Balasore,Fm University,21.553,86.8147,25.9,2026-09-28,02:00:00,100.0,2026-09-27,02:00:00,2026-09-28 02:17:45,29.850000000000023,Zone 4,62.67,Zone 5,29.31,Zone 4,61.61,Zone 5,39.34,Zone 5,64.5,Zone 5,59.12,Zone 5,66.62,Zone 5,62.67,Zone 5,68.24,Zone 5
Odisha,Bargarh,Barapalli,21.18,83.59,25.2,2026-09-28,02:00:00,,,,2026-09-28 02:17:45,,,,,,,,,,,,,,,,,,,,
Odisha,Cuttack,Cuttack Kvk,20.5958,86.0239,25.7,2026-09-28,02:00:00,,,,2026-09-28 02:17:45,,,,,,,,,,,,,,,,,,,,
Odisha,Ganjam,Benakuda Kvk,19.9508,84.5929,25.3,2026-09-28,02:00:00,91.0,2026-09-27,02:00:00,2026-09-28 02:17:45,27.75,Zone 4,59.88,Zone 5,27.44,Zone 4,58.1,Zone 5,34.15,Zone 4,62.07,Zone 5,46.33,Zone 5,64.51,Zone 5,59.88,Zone 5,66.39,Zone 5
Odisha,Jharsuguda,Jharsuguda,21.89,84.03,24.7,2026-09-28,02:00:00,100.0,2026-09-27,02:00:00,2026-09-28 02:17:45,27.350000000000023,Zone 4,60.03,Zone 5,26.29,Zone 4,58.62,Zone 5,33.24,Zone 4,62.19,Zone 5,47.04,Zone 5,64.61,Zone 5,60.03,Zone 5,66.49,Zone 5
Odisha,Kandhamal,Phulbani,20.4786,84.2913,23.0,2026-09-28,02:00:00,100.0,2026-09-27,02:00:00,2026-09-28 02:17:45,24.75,Zone 3,53.01,Zone 5,24.29,Zone 3,48.21,Zone 5,30.26,Zone 4,59.93,Zone 5,36.15,Zone 4,62.65,Zone 5,53.01,Zone 5,64.76,Zone 5
Odisha,Khurdha,Pitapalli,20.201,85.6671,25.9,2026-09-28,02:00:00,100.0,2026-09-27,02:00:00,2026-09-28 02:17:45,29.850000000000023,Zone 4,62.67,Zone 5,29.31,Zone 4,61.61,Zone 5,39.34,Zone 5,64.5,Zone 5,59.12,Zone 5,66.62,Zone 5,62.67,Zone 5,68.24,Zone 5
Odisha,Mayurbhanj,Baripada,21.9228,86.7405,25.2,2026-09-28,02:00:00,100.0,2026-09-27,02:00:00,2026-09-28 02:17:45,28.350000000000023,Zone 4,60.9,Zone 5,27.22,Zone 4,59.79,Zone 5,34.38,Zone 4,62.96,Zone 5,51.33,Zone 5,65.28,Zone 5,60.9,Zone 5,67.07,Zone 5
Odisha,Puri,Janhukuda(Near Satapada),19.646,85.4058,28.1,2026-09-28,02:00:00,100.0,2026-09-27,02:00:00,2026-09-28 02:17:45,38.25,Zone 5,66.26,Zone 5,34.81,Zone 4,65.32,Zone 5,59.24,Zone 5,67.65,Zone 5,63.42,Zone 5,69.34,Zone 5,66.26,Zone 5,72.76,Zone 6
Odisha,Puri,Puri Kvk,19.9335,85.8181,27.4,2026-09-28,02:00:00,,,,2026-09-28 02:17:45,,,,,,,,,,,,,,,,,,,,
Odisha,Sambalpur,Dhankauda,21.4691,84.0018,25.1,2026-09-28,02:00:00,80.0,2026-09-27,02:00:00,2026-09-28 02:17:45,26.650000000000034,Zone 4,49.89,Zone 5,25.87,Zone 4,45.13,Zone 5,31.82,Zone 4,59.28,Zone 5,37.24,Zone 4,62.08,Zone 5,49.89,Zone 5,64.26,Zone 5
Odisha,Subarnapur,Dungripalli,21.04,83.54,24.8,2026-09-28,02:00:00,,,,2026-09-28 02:17:45,,,,,,,,,,,,,,,,,,,,
Odisha,Sundergarh,Sundergarh,22.1176,84.0436,24.5,2026-09-28,02:00:00,100.0,2026-09-27,02:00:00,2026-09-28 02:17:45,27.05000000000001,Zone 4,60.03,Zone 5,26.29,Zone 4,58.62,Zone 5,33.24,Zone 4,62.19,Zone 5,47.04,Zone 5,64.61,Zone 5,60.03,Zone 5,66.49,Zone 5
Puducherry,Mahe,Mahe Jnv,11.7514,75.5439,25.3,2026-09-28,02:00:00,99.0,2026-09-27,02:00:00,2026-09-28 02:17:45,28.450000000000045,Zone 4,61.57,Zone 5,28.13,Zone 4,60.48,Zone 5,35.43,Zone 4,63.54,Zone 5,54.56,Zone 5,65.79,Zone 5,61.57,Zone 5,67.51,Zone 5
Puducherry,Puducherry,Puducherry,11.9517,79.8267,28.8,2026-09-28,02:00:00,97.0,2026-09-27,02:00:00,2026-09-28 02:17:45,42.05000000000001,Zone 5,67.38,Zone 5,41.5,Zone 5,66.49,Zone 5,60.9,Zone 5,68.64,Zone 5,64.77,Zone 5,71.34,Zone 6,67.38,Zone 5,74.79,Zone 6
Puducherry,Puducherry,Puducherry Kvk,11.936,79.7687,27.7,2026-09-28,02:00:00,100.0,2026-09-27,02:00:00,2026-09-28 02:17:45,34.75,Zone 4,65.36,Zone 5,33.22,Zone 4,64.38,Zone 5,54.9,Zone 5,66.86,Zone 5,62.33,Zone 5,68.65,Zone 5,65.36,Zone 5,71.14,Zone 6
Punjab,Barnala,Barnala,30.36,75.53,22.3,2026-09-28,02:00:00,95.0,2026-09-27,02:00:00,2026-09-28 02:17:45,23.850000000000023,Zone 3,45.62,Zone 5,23.54,Zone 3,41.07,Zone 5,29.02,Zone 4,56.72,Zone 5,34.56,Zone 4,61.29,Zone 5,45.62,Zone 5,63.56,Zone 5
Punjab,Bathinda,Bhatinda Amfu,30.19,74.9333,22.0,2026-09-28,02:00:00,98.0,2026-09-27,02:00:00,2026-09-28 02:17:45,23.650000000000034,Zone 3,44.52,Zone 5,23.1,Zone 3,40.07,Zone 5,28.43,Zone 4,55.81,Zone 5,33.98,Zone 4,61.08,Zone 5,44.52,Zone 5,63.38,Zone 5
Punjab,Faridkot,Faridkot Amfu,30.67,74.74,23.7,2026-09-28,02:00:00,,,,2026-09-28 02:17:45,,,,,,,,,,,,,,,,,,,,
Punjab,Fatehgarh Sahib,Fatehgarh Sahib,30.62,76.41,21.4,2026-09-28,02:00:00,100.0,2026-09-27,02:00:00,2026-09-28 02:17:45,23.05000000000001,Zone 3,42.68,Zone 5,22.6,Zone 3,38.42,Zone 5,27.79,Zone 4,54.2,Zone 5,33.3,Zone 4,60.72,Zone 5,42.68,Zone 5,63.06,Zone 5
Punjab,Firozpur,Ferojpur,30.91,74.66,22.6,2026-09-28,02:00:00,97.0,2026-09-27,02:00:00,2026-09-28 02:17:45,24.25,Zone 3,47.16,Zone 5,23.62,Zone 3,42.49,Zone 5,29.16,Zone 4,57.92,Zone 5,34.79,Zone 4,61.58,Zone 5,47.16,Zone 5,63.81,Zone 5
Punjab,Firozpur,Firozpur Kvk,30.933,74.622,22.7,2026-09-28,02:00:00,98.0,2026-09-27,02:00:00,2026-09-28 02:17:45,24.350000000000023,Zone 3,47.94,Zone 5,23.66,Zone 3,43.22,Zone 5,29.24,Zone 4,58.5,Zone 5,34.9,Zone 4,61.72,Zone 5,47.94,Zone 5,63.94,Zone 5
Punjab,Gurdaspur,Gurdaspur Amfu,32.05,75.42,22.0,2026-09-28,02:00:00,96.0,2026-09-27,02:00:00,2026-09-28 02:17:45,23.55000000000001,Zone 3,43.07,Zone 5,23.01,Zone 3,38.77,Zone 5,28.3,Zone 4,54.56,Zone 5,33.77,Zone 4,60.8,Zone 5,43.07,Zone 5,63.13,Zone 5
Punjab,Hoshiarpur,Hosiyarpur,31.38,76.0239,20.8,2026-09-28,02:00:00,100.0,2026-09-27,02:00:00,2026-09-28 02:17:45,22.350000000000023,Zone 3,39.6,Zone 5,22.01,Zone 3,36.25,Zone 4,27.05,Zone 4,51.26,Zone 5,32.45,Zone 4,60.09,Zone 5,39.6,Zone 5,62.5,Zone 5
Punjab,Hoshiarpur,Salern,31.5833,75.98,21.1,2026-09-28,02:00:00,100.0,2026-09-27,02:00:00,2026-09-28 02:17:45,22.75,Zone 3,39.6,Zone 5,22.01,Zone 3,36.25,Zone 4,27.05,Zone 4,51.26,Zone 5,32.45,Zone 4,60.09,Zone 5,39.6,Zone 5,62.5,Zone 5
Punjab,Jalandhar,Jalandhar,31.05,75.34,21.1,2026-09-28,02:00:00,99.0,2026-09-27,02:00:00,2026-09-28 02:17:45,22.650000000000034,Zone 3,38.98,Zone 5,21.96,Zone 3,36.15,Zone 4,27.0,Zone 4,50.63,Zone 5,32.36,Zone 4,59.95,Zone 5,38.98,Zone 5,62.38,Zone 5
Punjab,Ludhiana,Ludhiyana Amfu,30.55,75.51,21.3,2026-09-28,02:00:00,99.0,2026-09-27,02:00:00,2026-09-28 02:17:45,22.950000000000045,Zone 3,41.99,Zone 5,22.56,Zone 3,37.82,Zone 5,27.73,Zone 4,53.58,Zone 5,33.2,Zone 4,60.58,Zone 5,41.99,Zone 5,62.94,Zone 5
Punjab,Mohali,Mohali,30.79,76.81,24.0,2026-09-28,02:00:00,17.0,2026-09-27,02:00:00,2026-09-28 02:17:45,21.950000000000045,Zone 3,33.48,Zone 4,21.08,Zone 3,33.02,Zone 4,26.57,Zone 4,36.28,Zone 4,30.14,Zone 4,39.36,Zone 4,33.48,Zone 4,42.33,Zone 4
Punjab,Pathankot,Kvk Pathankot,32.3217,75.6622,21.9,2026-09-28,02:00:00,,,,2026-09-28 02:17:45,,,,,,,,,,,,,,,,,,,,
Punjab,Pathankot,Thein Dam,32.4409,75.7575,21.5,2026-09-28,02:00:00,100.0,2026-09-27,02:00:00,2026-09-28 02:17:45,23.150000000000034,Zone 3,42.68,Zone 5,22.6,Zone 3,38.42,Zone 5,27.79,Zone 4,54.2,Zone 5,33.3,Zone 4,60.72,Zone 5,42.68,Zone 5,63.06,Zone 5
Punjab,Patiala,Rauni,30.3333,76.27,21.6,2026-09-28,02:00:00,98.0,2026-09-27,02:00:00,2026-09-28 02:17:45,23.25,Zone 3,41.31,Zone 5,22.51,Zone 3,37.23,Zone 5,27.67,Zone 4,52.94,Zone 5,33.11,Zone 4,60.45,Zone 5,41.31,Zone 5,62.82,Zone 5
Punjab,Rupnagar,Bhakra Dam Imdnagal,31.387,76.3783,21.4,2026-09-28,02:00:00,100.0,2026-09-27,02:00:00,2026-09-28 02:17:45,23.05000000000001,Zone 3,42.68,Zone 5,22.6,Zone 3,38.42,Zone 5,27.79,Zone 4,54.2,Zone 5,33.3,Zone 4,60.72,Zone 5,42.68,Zone 5,63.06,Zone 5
Punjab,Rupnagar,Sri Anadpur Sahib Imdjindwadi,31.289,76.4159,21.7,2026-09-28,02:00:00,97.0,2026-09-27,02:00:00,2026-09-28 02:17:45,23.25,Zone 3,40.65,Zone 5,22.47,Zone 3,36.8,Zone 4,27.61,Zone 4,52.3,Zone 5,33.01,Zone 4,60.31,Zone 5,40.65,Zone 5,62.7,Zone 5
Punjab,Sangrur,Sangrur,30.12,75.89,21.0,2026-09-28,02:00:00,100.0,2026-09-27,02:00:00,2026-09-28 02:17:45,22.650000000000034,Zone 3,39.6,Zone 5,22.01,Zone 3,36.25,Zone 4,27.05,Zone 4,51.26,Zone 5,32.45,Zone 4,60.09,Zone 5,39.6,Zone 5,62.5,Zone 5
Rajasthan,Ajmer,Ajmer,26.42,74.62,26.1,2026-09-28,02:00:00,74.0,2026-09-27,02:00:00,2026-09-28 02:17:45,27.75,Zone 4,50.91,Zone 5,27.0,Zone 4,46.15,Zone 5,32.85,Zone 4,59.5,Zone 5,38.18,Zone 4,62.27,Zone 5,50.91,Zone 5,64.42,Zone 5
Rajasthan,Ajmer,Central University Kishangarh,26.6237,75.0219,22.7,2026-09-28,02:00:00,78.0,2026-09-27,02:00:00,2026-09-28 02:17:45,23.650000000000034,Zone 3,37.51,Zone 4,22.8,Zone 3,36.4,Zone 4,27.93,Zone 4,45.18,Zone 5,32.86,Zone 4,58.23,Zone 5,37.51,Zone 4,61.35,Zone 5
Rajasthan,Bikaner,Chattargarh,28.66,73.12,25.0,2026-09-28,02:00:00,100.0,2026-09-27,02:00:00,2026-09-28 02:17:45,27.950000000000045,Zone 4,60.9,Zone 5,27.22,Zone 4,59.79,Zone 5,34.38,Zone 4,62.96,Zone 5,51.33,Zone 5,65.28,Zone 5,60.9,Zone 5,67.07,Zone 5
Rajasthan,Chittaurgarh,Chittorgarh Kvk,24.8462,74.5828,23.4,2026-09-28,02:00:00,,,,2026-09-28 02:17:45,,,,,,,,,,,,,,,,,,,,
Rajasthan,Churu,Churu,28.28,75.12,23.5,2026-09-28,02:00:00,96.0,2026-09-27,02:00:00,2026-09-28 02:17:45,25.150000000000034,Zone 3,53.32,Zone 5,24.69,Zone 3,48.54,Zone 5,30.8,Zone 4,60.0,Zone 5,36.63,Zone 4,62.71,Zone 5,53.32,Zone 5,64.81,Zone 5
Rajasthan,Jaipur,Amity University,26.8207,75.8175,22.5,2026-09-28,02:00:00,100.0,2026-09-27,02:00:00,2026-09-28 02:17:45,24.25,Zone 3,49.49,Zone 5,23.74,Zone 3,44.71,Zone 5,29.39,Zone 4,59.19,Zone 5,35.14,Zone 4,62.0,Zone 5,49.49,Zone 5,64.19,Zone 5
Rajasthan,Jaipur,Jaipur,26.8,75.8,23.4,2026-09-28,02:00:00,75.0,2026-09-27,02:00:00,2026-09-28 02:17:45,24.25,Zone 3,38.76,Zone 4,23.84,Zone 3,37.6,Zone 4,29.1,Zone 4,48.45,Zone 5,34.06,Zone 4,59.49,Zone 5,38.76,Zone 4,61.97,Zone 5
Rajasthan,Jaisalmer,Jaisalmer,26.9,70.9167,24.1,2026-09-28,02:00:00,78.0,2026-09-27,02:00:00,2026-09-28 02:17:45,25.150000000000034,Zone 3,41.81,Zone 5,24.54,Zone 3,38.8,Zone 4,30.04,Zone 4,53.44,Zone 5,35.2,Zone 4,60.55,Zone 5,41.81,Zone 5,62.91,Zone 5
Rajasthan,Jhunjhunu,Jhunjhunu(Aws),28.2,75.23,23.8,2026-09-28,02:00:00,89.0,2026-09-27,02:00:00,2026-09-28 02:17:45,25.25,Zone 3,51.0,Zone 5,24.97,Zone 3,46.21,Zone 5,31.01,Zone 4,59.51,Zone 5,36.64,Zone 4,62.28,Zone 5,51.0,Zone 5,64.43,Zone 5
Rajasthan,Jhunjhunu,Pilani,28.3333,75.58,22.3,2026-09-28,02:00:00,40.0,2026-09-27,02:00:00,2026-09-28 02:17:45,21.25,Zone 3,33.86,Zone 4,20.71,Zone 3,33.22,Zone 4,26.15,Zone 4,36.87,Zone 4,30.13,Zone 4,40.31,Zone 4,33.86,Zone 4,47.11,Zone 5
Rajasthan,Jodhpur,Jodhpur,26.3,73.0167,28.6,2026-09-28,02:00:00,75.0,2026-09-27,02:00:00,2026-09-28 02:17:45,32.35000000000002,Zone 4,61.17,Zone 5,31.46,Zone 4,60.08,Zone 5,37.97,Zone 4,63.2,Zone 5,52.63,Zone 5,65.48,Zone 5,61.17,Zone 5,67.25,Zone 5
Rajasthan,Karauli,Karauli Kvk,26.777,77.0691,22.0,2026-09-28,02:00:00,,,,2026-09-28 02:17:45,,,,,,,,,,,,,,,,,,,,
Rajasthan,Nagaur,Krishi Vishwavidhyalaya,27.2315,73.689,24.5,2026-09-28,02:00:00,79.0,2026-09-27,02:00:00,2026-09-28 02:17:45,25.75,Zone 4,45.72,Zone 5,25.13,Zone 3,41.19,Zone 5,30.9,Zone 4,56.82,Zone 5,36.18,Zone 4,61.31,Zone 5,45.72,Zone 5,63.58,Zone 5
Rajasthan,Pratapgarh,Pratapgarh,24.0379,74.7635,23.3,2026-09-28,02:00:00,88.0,2026-09-27,02:00:00,2026-09-28 02:17:45,24.650000000000034,Zone 3,46.77,Zone 5,24.38,Zone 3,42.14,Zone 5,30.08,Zone 4,57.63,Zone 5,35.55,Zone 4,61.5,Zone 5,46.77,Zone 5,63.75,Zone 5
Rajasthan,Sirohi,Mount Abu,24.5869,72.7036,19.1,2026-09-28,02:00:00,99.0,2026-09-27,02:00:00,2026-09-28 02:17:45,20.350000000000023,Zone 3,34.12,Zone 4,19.5,Zone 3,33.04,Zone 4,24.71,Zone 3,39.5,Zone 5,29.39,Zone 4,53.16,Zone 5,34.12,Zone 4,60.18,Zone 5
Rajasthan,Sirohi,Sirohi Kvk,24.9519,72.8815,20.4,2026-09-28,02:00:00,75.0,2026-09-27,02:00:00,2026-09-28 02:17:45,20.850000000000023,Zone 3,34.32,Zone 4,20.19,Zone 3,33.4,Zone 4,25.36,Zone 4,37.66,Zone 4,29.97,Zone 4,47.41,Zone 5,34.32,Zone 4,58.76,Zone 5
Rajasthan,Sri Ganganagar,Gharsana,29.02,73.07,27.2,2026-09-28,01:45:00,67.0,2026-09-27,01:45:00,2026-09-28 02:17:45,28.950000000000045,Zone 4,50.45,Zone 5,27.99,Zone 4,45.71,Zone 5,33.66,Zone 4,59.41,Zone 5,38.83,Zone 4,62.19,Zone 5,50.45,Zone 5,64.35,Zone 5
Sikkim,Gangtok,Gangtok,27.3314,88.6138,17.4,2026-09-28,02:00:00,100.0,2026-09-27,02:00:00,2026-09-28 02:17:45,18.350000000000023,Zone 3,32.06,Zone 4,17.61,Zone 3,31.1,Zone 4,23.53,Zone 3,35.57,Zone 4,27.51,Zone 4,46.16,Zone 5,32.06,Zone 4,57.8,Zone 5
Sikkim,Namchi,Namchi,27.1642,88.3964,18.8,2026-09-28,02:00:00,98.0,2026-09-27,02:00:00,2026-09-28 02:17:45,19.950000000000045,Zone 3,34.04,Zone 4,19.45,Zone 3,32.98,Zone 4,24.69,Zone 3,39.01,Zone 5,29.33,Zone 4,52.66,Zone 5,34.04,Zone 4,60.07,Zone 5
Sikkim,Soreng,Soreng,27.19,88.16,17.3,2026-09-28,02:00:00,93.0,2026-09-27,02:00:00,2026-09-28 02:17:45,17.850000000000023,Zone 3,31.65,Zone 4,17.26,Zone 3,30.77,Zone 4,23.36,Zone 3,35.09,Zone 4,27.25,Zone 4,42.91,Zone 5,31.65,Zone 4,55.05,Zone 5
Sikkim,Soreng,Soreng,27.19,88.16,17.3,2026-09-28,02:00:00,100.0,2026-09-27,02:00:00,2026-09-28 02:17:45,18.150000000000034,Zone 3,32.06,Zone 4,17.61,Zone 3,31.1,Zone 4,23.53,Zone 3,35.57,Zone 4,27.51,Zone 4,46.16,Zone 5,32.06,Zone 4,57.8,Zone 5
Sikkim,Soreng,Soreng,27.1687,88.2044,18.0,2026-09-28,02:00:00,93.0,2026-09-27,02:00:00,2026-09-28 02:17:45,18.75,Zone 3,32.3,Zone 4,17.92,Zone 3,31.37,Zone 4,23.77,Zone 3,35.75,Zone 4,27.83,Zone 4,45.22,Zone 5,32.3,Zone 4,57.04,Zone 5
Sikkim,Soreng,Soreng,27.1687,88.2044,18.0,2026-09-28,02:00:00,100.0,2026-09-27,02:00:00,2026-09-28 02:17:45,19.05000000000001,Zone 3,32.74,Zone 4,18.26,Zone 3,31.74,Zone 4,23.94,Zone 3,36.28,Zone 4,28.13,Zone 4,48.64,Zone 5,32.74,Zone 4,59.21,Zone 5
Tamil Nadu,Ariyalur,Ariyalur,11.136,79.076,27.1,2026-09-28,02:00:00,91.0,2026-09-27,02:00:00,2026-09-28 02:17:45,31.450000000000045,Zone 4,62.45,Zone 5,30.46,Zone 4,61.39,Zone 5,38.27,Zone 5,64.32,Zone 5,58.5,Zone 5,66.45,Zone 5,62.45,Zone 5,68.1,Zone 5
Tamil Nadu,Chengalpattu,Mahabalipuram,12.6336,80.1976,27.6,2026-09-28,02:00:00,97.0,2026-09-27,02:00:00,2026-09-28 02:17:45,33.75,Zone 4,64.69,Zone 5,32.64,Zone 4,63.69,Zone 5,50.9,Zone 5,66.27,Zone 5,61.53,Zone 5,68.14,Zone 5,64.69,Zone 5,69.95,Zone 6
Tamil Nadu,Chengalpattu,New Chennai Township Private L,12.3808,80.0578,27.2,2026-09-28,02:00:00,100.0,2026-09-27,02:00:00,2026-09-28 02:17:45,33.25,Zone 4,64.46,Zone 5,31.79,Zone 4,63.45,Zone 5,49.51,Zone 5,66.07,Zone 5,61.26,Zone 5,67.97,Zone 5,64.46,Zone 5,69.54,Zone 6
Tamil Nadu,Chengalpattu,Vit Chennai,12.8406,80.1534,27.5,2026-09-28,02:00:00,91.0,2026-09-27,02:00:00,2026-09-28 02:17:45,32.450000000000045,Zone 4,63.32,Zone 5,31.62,Zone 4,62.28,Zone 5,42.83,Zone 5,65.08,Zone 5,59.9,Zone 5,67.11,Zone 5,63.32,Zone 5,68.68,Zone 5
Tamil Nadu,Chengalpattu,West Tambaram Sit,12.959,80.05,26.9,2026-09-28,02:00:00,93.0,2026-09-27,02:00:00,2026-09-28 02:17:45,31.25,Zone 4,62.9,Zone 5,30.73,Zone 4,61.85,Zone 5,40.55,Zone 5,64.71,Zone 5,59.4,Zone 5,66.79,Zone 5,62.9,Zone 5,68.4,Zone 5
Tamil Nadu,Chennai,Chennai,13.075,80.2633,27.9,2026-09-28,02:00:00,94.0,2026-09-27,02:00:00,2026-09-28 02:17:45,34.05000000000001,Zone 4,64.89,Zone 5,33.47,Zone 4,63.9,Zone 5,52.15,Zone 5,66.45,Zone 5,61.78,Zone 5,68.3,Zone 5,64.89,Zone 5,70.31,Zone 6
Tamil Nadu,Chennai,Ennore Port,13.2567,80.3467,27.3,2026-09-28,02:00:00,80.0,2026-09-27,02:00:00,2026-09-28 02:17:45,30.450000000000045,Zone 4,60.75,Zone 5,30.12,Zone 4,59.65,Zone 5,36.71,Zone 4,62.83,Zone 5,50.58,Zone 5,65.17,Zone 5,60.75,Zone 5,66.97,Zone 5
Tamil Nadu,Chennai,Meenambakkam Isro,12.99,80.1983,26.1,2026-09-28,02:00:00,85.0,2026-09-27,02:00:00,2026-09-28 02:17:45,28.75,Zone 4,59.41,Zone 5,27.84,Zone 4,56.35,Zone 5,34.31,Zone 4,61.66,Zone 5,44.1,Zone 5,64.15,Zone 5,59.41,Zone 5,66.08,Zone 5
Tamil Nadu,Chennai,Niot Pallikaranai,12.953,80.035,26.6,2026-09-28,02:00:00,78.0,2026-09-27,02:00:00,2026-09-28 02:17:45,28.950000000000045,Zone 4,57.69,Zone 5,28.11,Zone 4,53.3,Zone 5,34.28,Zone 4,60.99,Zone 5,40.65,Zone 5,63.57,Zone 5,57.69,Zone 5,65.57,Zone 5
Tamil Nadu,Coimbatore,Coimbatore Amfu,11.0133,76.9383,24.0,2026-09-28,02:00:00,83.0,2026-09-27,02:00:00,2026-09-28 02:17:45,25.25,Zone 3,45.91,Zone 5,24.74,Zone 3,41.36,Zone 5,30.46,Zone 4,56.96,Zone 5,35.82,Zone 4,61.35,Zone 5,45.91,Zone 5,63.61,Zone 5
Tamil Nadu,Coimbatore,P N Palayam,11.15,76.94,23.3,2026-09-28,02:00:00,85.0,2026-09-27,02:00:00,2026-09-28 02:17:45,24.55000000000001,Zone 3,44.33,Zone 5,24.26,Zone 3,39.91,Zone 5,29.84,Zone 4,55.66,Zone 5,35.18,Zone 4,61.05,Zone 5,44.33,Zone 5,63.35,Zone 5
Tamil Nadu,Coimbatore,Upasi Tea Research Foundation,10.2682,76.9682,18.6,2026-09-28,02:00:00,44.0,2026-09-27,02:00:00,2026-09-28 02:17:45,16.950000000000045,Zone 3,30.26,Zone 4,15.84,Zone 3,29.74,Zone 4,22.83,Zone 3,33.31,Zone 4,26.59,Zone 4,36.68,Zone 4,30.26,Zone 4,39.93,Zone 4
Tamil Nadu,Cuddalore,Neyveli,11.62,79.545,26.4,2026-09-28,02:00:00,99.0,2026-09-27,02:00:00,2026-09-28 02:17:45,30.950000000000045,Zone 4,63.34,Zone 5,30.36,Zone 4,62.3,Zone 5,42.95,Zone 5,65.09,Zone 5,59.93,Zone 5,67.13,Zone 5,63.34,Zone 5,68.69,Zone 5
Tamil Nadu,Cuddalore,Vridha Chalam,11.51,79.33,27.0,2026-09-28,02:00:00,86.0,2026-09-27,02:00:00,2026-09-28 02:17:45,30.55000000000001,Zone 4,61.32,Zone 5,29.83,Zone 4,60.22,Zone 5,36.71,Zone 4,63.32,Zone 5,53.34,Zone 5,65.59,Zone 5,61.32,Zone 5,67.35,Zone 5
Tamil Nadu,Dharmapuri,Palacode,12.29,78.07,25.5,2026-09-28,02:00:00,74.0,2026-09-27,02:00:00,2026-09-28 02:17:45,26.850000000000023,Zone 4,47.66,Zone 5,26.26,Zone 4,43.01,Zone 5,32.01,Zone 4,58.33,Zone 5,37.25,Zone 4,61.67,Zone 5,47.66,Zone 5,63.9,Zone 5
Tamil Nadu,Dindigul,Palani,10.4556,77.523,23.9,2026-09-28,02:00:00,70.0,2026-09-27,02:00:00,2026-09-28 02:17:45,24.650000000000034,Zone 3,38.88,Zone 4,24.19,Zone 3,37.76,Zone 4,29.43,Zone 4,47.38,Zone 5,34.29,Zone 4,59.26,Zone 5,38.88,Zone 4,61.77,Zone 5
Tamil Nadu,Dindigul,Vedasandur,10.5367,77.965,26.8,2026-09-28,02:00:00,67.0,2026-09-27,02:00:00,2026-09-28 02:17:45,28.25,Zone 4,50.45,Zone 5,27.99,Zone 4,45.71,Zone 5,33.66,Zone 4,59.41,Zone 5,38.83,Zone 4,62.19,Zone 5,50.45,Zone 5,64.35,Zone 5
Tamil Nadu,Kallakurichi,Kallakurichi,11.7333,78.95,28.0,2026-09-28,02:00:00,63.0,2026-09-27,02:00:00,2026-09-28 02:17:45,29.75,Zone 4,52.58,Zone 5,29.17,Zone 4,47.86,Zone 5,34.79,Zone 4,59.86,Zone 5,39.92,Zone 4,62.58,Zone 5,52.58,Zone 5,64.7,Zone 5
Tamil Nadu,Kallakurichi,Kallakurichi(Taluk Office),11.7409,78.9651,27.3,2026-09-28,02:00:00,82.0,2026-09-27,02:00:00,2026-09-28 02:17:45,30.650000000000034,Zone 4,61.22,Zone 5,30.37,Zone 4,60.13,Zone 5,37.1,Zone 4,63.24,Zone 5,52.9,Zone 5,65.53,Zone 5,61.22,Zone 5,67.29,Zone 5
Tamil Nadu,Kallakurichi,Thirukoilur,11.95,79.1833,27.2,2026-09-28,02:00:00,88.0,2026-09-27,02:00:00,2026-09-28 02:17:45,31.25,Zone 4,61.77,Zone 5,30.07,Zone 4,60.69,Zone 5,37.11,Zone 4,63.72,Zone 5,55.49,Zone 5,65.94,Zone 5,61.77,Zone 5,67.65,Zone 5
Tamil Nadu,Kanchipuram,Acs Medical College,13.068,80.2469,29.4,2026-09-28,02:00:00,84.0,2026-09-27,02:00:00,2026-09-28 02:17:45,36.05000000000001,Zone 4,65.11,Zone 5,35.55,Zone 4,64.13,Zone 5,53.44,Zone 5,66.64,Zone 5,62.04,Zone 5,68.47,Zone 5,65.11,Zone 5,70.7,Zone 6
Tamil Nadu,Kanchipuram,Chembarambakkam,13.0,80.0833,27.0,2026-09-28,02:00:00,91.0,2026-09-27,02:00:00,2026-09-28 02:17:45,31.25,Zone 4,62.45,Zone 5,30.46,Zone 4,61.39,Zone 5,38.27,Zone 5,64.32,Zone 5,58.5,Zone 5,66.45,Zone 5,62.45,Zone 5,68.1,Zone 5
Tamil Nadu,Kanchipuram,Hindustan University,12.8013,80.2237,28.0,2026-09-28,02:00:00,92.0,2026-09-27,02:00:00,2026-09-28 02:17:45,33.950000000000045,Zone 4,64.43,Zone 5,33.08,Zone 4,63.42,Zone 5,49.35,Zone 5,66.04,Zone 5,61.22,Zone 5,67.95,Zone 5,64.43,Zone 5,69.5,Zone 6
Tamil Nadu,Kanchipuram,Kanchipuram Isro,12.8333,79.7017,26.6,2026-09-28,02:00:00,73.0,2026-09-27,02:00:00,2026-09-28 02:17:45,28.450000000000045,Zone 4,53.18,Zone 5,27.7,Zone 4,48.45,Zone 5,33.59,Zone 4,59.98,Zone 5,38.97,Zone 4,62.69,Zone 5,53.18,Zone 5,64.79,Zone 5
Tamil Nadu,Kanchipuram,Lmois  Kolapakkam,13.0,80.1333,28.7,2026-09-28,02:00:00,83.0,2026-09-27,02:00:00,2026-09-28 02:17:45,33.950000000000045,Zone 4,63.15,Zone 5,32.71,Zone 4,62.11,Zone 5,41.87,Zone 5,64.93,Zone 5,59.69,Zone 5,66.98,Zone 5,63.15,Zone 5,68.56,Zone 5
Tamil Nadu,Kanchipuram,Sathyabama  University,12.8667,80.2,27.8,2026-09-28,02:00:00,97.0,2026-09-27,02:00:00,2026-09-28 02:17:45,34.35000000000002,Zone 4,65.58,Zone 5,34.11,Zone 4,64.62,Zone 5,56.17,Zone 5,67.05,Zone 5,62.6,Zone 5,68.82,Zone 5,65.58,Zone 5,71.54,Zone 6
Tamil Nadu,Kanyakumari,Lower Kothaiyar,8.5,77.3,23.6,2026-09-28,02:00:00,,,,2026-09-28 02:17:45,,,,,,,,,,,,,,,,,,,,
Tamil Nadu,Kanyakumari,Neyyoor,8.1933,77.285,25.9,2026-09-28,01:30:00,97.0,2026-09-27,01:30:00,2026-09-28 02:17:45,29.55000000000001,Zone 4,62.03,Zone 5,28.98,Zone 4,60.95,Zone 5,36.34,Zone 4,63.94,Zone 5,56.66,Zone 5,66.13,Zone 5,62.03,Zone 5,67.82,Zone 5
Tamil Nadu,Kanyakumari,Thirupathisaram Amfu,8.2103,77.4524,25.4,2026-09-28,02:00:00,94.0,2026-09-27,02:00:00,2026-09-28 02:17:45,28.25,Zone 4,60.52,Zone 5,27.68,Zone 4,59.4,Zone 5,34.6,Zone 4,62.63,Zone 5,49.45,Zone 5,64.99,Zone 5,60.52,Zone 5,66.82,Zone 5
Tamil Nadu,Karur,Kadavur(Taluk Office),10.714,78.2413,27.7,2026-09-28,01:30:00,89.0,2026-09-27,01:30:00,2026-09-28 02:17:45,32.55000000000001,Zone 4,62.86,Zone 5,31.32,Zone 4,61.81,Zone 5,40.33,Zone 5,64.67,Zone 5,59.35,Zone 5,66.76,Zone 5,62.86,Zone 5,68.37,Zone 5
Tamil Nadu,Krishnagiri,Denkanikottai,12.52,77.79,23.2,2026-09-28,02:00:00,78.0,2026-09-27,02:00:00,2026-09-28 02:17:45,24.150000000000034,Zone 3,38.33,Zone 4,23.39,Zone 3,37.16,Zone 4,28.61,Zone 4,47.9,Zone 5,33.6,Zone 4,59.37,Zone 5,38.33,Zone 4,61.87,Zone 5
Tamil Nadu,Krishnagiri,Hosur,12.7183,77.8267,22.7,2026-09-28,02:00:00,98.0,2026-09-27,02:00:00,2026-09-28 02:17:45,24.350000000000023,Zone 3,47.94,Zone 5,23.66,Zone 3,43.22,Zone 5,29.24,Zone 4,58.5,Zone 5,34.9,Zone 4,61.72,Zone 5,47.94,Zone 5,63.94,Zone 5
Tamil Nadu,Mayiladuthurai,Mayiladuthurai,11.1008,79.6824,26.3,2026-09-28,02:00:00,,,,2026-09-28 02:17:45,,,,,,,,,,,,,,,,,,,,
Tamil Nadu,Nagapattinam,Vedharanyam,10.3861,79.8498,27.4,2026-09-28,02:00:00,89.0,2026-09-27,02:00:00,2026-09-28 02:17:45,31.850000000000023,Zone 4,62.86,Zone 5,31.32,Zone 4,61.81,Zone 5,40.33,Zone 5,64.67,Zone 5,59.35,Zone 5,66.76,Zone 5,62.86,Zone 5,68.37,Zone 5
Tamil Nadu,Ramanathapuram,Ramnadu Kvk,9.3462,78.8981,27.7,2026-09-28,02:00:00,,,,2026-09-28 02:17:45,,,,,,,,,,,,,,,,,,,,
Tamil Nadu,Ranipet,Kalavai,12.8117,79.4617,27.3,2026-09-28,02:00:00,88.0,2026-09-27,02:00:00,2026-09-28 02:17:45,31.450000000000045,Zone 4,62.63,Zone 5,31.17,Zone 4,61.57,Zone 5,39.14,Zone 5,64.47,Zone 5,59.08,Zone 5,66.59,Zone 5,62.63,Zone 5,68.22,Zone 5
Tamil Nadu,Ranipet,Ranipet,13.0162,79.7763,26.4,2026-09-28,02:00:00,100.0,2026-09-27,02:00:00,2026-09-28 02:17:45,31.05000000000001,Zone 4,63.56,Zone 5,30.49,Zone 4,62.52,Zone 5,44.17,Zone 5,65.28,Zone 5,60.18,Zone 5,67.29,Zone 5,63.56,Zone 5,68.83,Zone 5
Tamil Nadu,Salem,Govt Hss Mettur,11.7918,77.8,28.1,2026-09-28,02:00:00,69.0,2026-09-27,02:00:00,2026-09-28 02:17:45,30.55000000000001,Zone 4,58.46,Zone 5,29.79,Zone 4,54.2,Zone 5,35.75,Zone 4,61.19,Zone 5,41.59,Zone 5,63.74,Zone 5,58.46,Zone 5,65.71,Zone 5
Tamil Nadu,Salem,Sandhiyur Kvk,11.5679,78.1403,27.6,2026-09-28,02:00:00,50.0,2026-09-27,02:00:00,2026-09-28 02:17:45,28.05000000000001,Zone 4,41.16,Zone 4,27.42,Zone 4,40.12,Zone 4,32.37,Zone 4,48.33,Zone 5,36.88,Zone 4,59.46,Zone 5,41.16,Zone 4,61.95,Zone 5
Tamil Nadu,Salem,Vazhapadi,11.65,78.39,27.3,2026-09-28,02:00:00,,,,2026-09-28 02:17:45,,,,,,,,,,,,,,,,,,,,
Tamil Nadu,Tenkasi,Tenkasi,8.97243,77.3032,27.1,2026-09-28,02:00:00,76.0,2026-09-27,02:00:00,2026-09-28 02:17:45,29.650000000000034,Zone 4,58.89,Zone 5,28.78,Zone 4,54.68,Zone 5,34.95,Zone 4,61.29,Zone 5,42.14,Zone 5,63.83,Zone 5,58.89,Zone 5,65.79,Zone 5
Tamil Nadu,The Nilgiris,Coonoor,11.36,76.805,16.2,2026-09-28,02:00:00,87.0,2026-09-27,02:00:00,2026-09-28 02:17:45,16.25,Zone 3,29.59,Zone 4,14.98,Zone 3,28.87,Zone 4,21.93,Zone 3,32.93,Zone 4,25.44,Zone 4,36.78,Zone 4,29.59,Zone 4,46.31,Zone 5
Tamil Nadu,Thoothukudi,Thiruchendur,8.5083,78.1217,28.2,2026-09-28,02:00:00,77.0,2026-09-27,02:00:00,2026-09-28 02:17:45,31.850000000000023,Zone 4,60.85,Zone 5,30.73,Zone 4,59.75,Zone 5,37.24,Zone 4,62.92,Zone 5,51.06,Zone 5,65.24,Zone 5,60.85,Zone 5,67.04,Zone 5
Tamil Nadu,Tiruchirappalli,Thuvakudi Isro,10.750757,78.827776,27.7,2026-09-28,02:00:00,74.0,2026-09-27,02:00:00,2026-09-28 02:17:45,30.450000000000045,Zone 4,59.3,Zone 5,29.45,Zone 4,55.96,Zone 5,35.62,Zone 4,61.57,Zone 5,43.6,Zone 5,64.07,Zone 5,59.3,Zone 5,66.01,Zone 5
Tamil Nadu,Tirunelveli,Radhapuram,8.2669,77.6689,27.6,2026-09-28,02:00:00,77.0,2026-09-27,02:00:00,2026-09-28 02:17:45,30.650000000000034,Zone 4,60.03,Zone 5,29.78,Zone 4,58.67,Zone 5,36.15,Zone 4,62.2,Zone 5,47.06,Zone 5,64.62,Zone 5,60.03,Zone 5,66.49,Zone 5
Tamil Nadu,Tirunelveli,Tirunelveli,8.745,77.7117,28.3,2026-09-28,02:00:00,61.0,2026-09-27,02:00:00,2026-09-28 02:17:45,30.05000000000001,Zone 4,53.52,Zone 5,29.75,Zone 4,48.83,Zone 5,35.34,Zone 4,60.06,Zone 5,40.45,Zone 4,62.76,Zone 5,53.52,Zone 5,64.85,Zone 5
Tamil Nadu,Tirupattur,Tirupattur Collectoroffice,12.5002,78.5662,26.6,2026-09-28,02:00:00,,,,2026-09-28 02:17:45,,,,,,,,,,,,,,,,,,,,
Tamil Nadu,Tirupattur,Vaniyambadi,,,,,,67.0,2026-09-27,02:00:00,2026-09-28 02:17:45,,,,,,,,,,,,,,,,,,,,
Tamil Nadu,Tiruppur,Tiruppur Collector Office,11.0818,77.34,25.8,2026-09-28,02:00:00,80.0,2026-09-27,02:00:00,2026-09-28 02:17:45,27.75,Zone 4,56.38,Zone 5,27.44,Zone 4,51.84,Zone 5,33.61,Zone 4,60.69,Zone 5,39.25,Zone 4,63.3,Zone 5,56.38,Zone 5,65.33,Zone 5
Tamil Nadu,Tiruvallur,Good Will School Villivakkam,13.1144,80.2025,27.9,2026-09-28,02:00:00,76.0,2026-09-27,02:00:00,2026-09-28 02:17:45,31.05000000000001,Zone 4,60.6,Zone 5,30.6,Zone 4,59.5,Zone 5,37.04,Zone 4,62.7,Zone 5,49.86,Zone 5,65.06,Zone 5,60.6,Zone 5,66.87,Zone 5
Tamil Nadu,Tiruvallur,Jaya Engineering Clg,13.1339,80.0452,27.2,2026-09-28,02:00:00,65.0,2026-09-27,02:00:00,2026-09-28 02:17:45,28.75,Zone 4,48.42,Zone 5,27.84,Zone 4,43.75,Zone 5,33.4,Zone 4,58.9,Zone 5,38.48,Zone 4,61.82,Zone 5,48.42,Zone 5,64.02,Zone 5
Tamil Nadu,Tiruvallur,Poonamallee,13.05,80.0833,27.5,2026-09-28,02:00:00,84.0,2026-09-27,02:00:00,2026-09-28 02:17:45,31.350000000000023,Zone 4,61.7,Zone 5,30.62,Zone 4,60.61,Zone 5,37.52,Zone 4,63.66,Zone 5,55.14,Zone 5,65.88,Zone 5,61.7,Zone 5,67.6,Zone 5
Tamil Nadu,Tiruvallur,Puzhal,13.15,80.1833,28.6,2026-09-28,02:00:00,,,,2026-09-28 02:17:45,,,,,,,,,,,,,,,,,,,,
Tamil Nadu,Tiruvallur,R.K.Pet,13.15,79.4167,26.4,2026-09-28,02:00:00,87.0,2026-09-27,02:00:00,2026-09-28 02:17:45,29.450000000000045,Zone 4,60.7,Zone 5,28.95,Zone 4,59.59,Zone 5,35.72,Zone 4,62.78,Zone 5,50.33,Zone 5,65.13,Zone 5,60.7,Zone 5,66.93,Zone 5
Tamil Nadu,Tiruvallur,Tirur Kvk,13.1198,79.9567,26.9,2026-09-28,02:00:00,,,,2026-09-28 02:17:45,,,,,,,,,,,,,,,,,,,,
Tamil Nadu,Tiruvannamalai,Cheyyar,12.6667,79.5333,27.5,2026-09-28,02:00:00,87.0,2026-09-27,02:00:00,2026-09-28 02:17:45,31.75,Zone 4,62.4,Zone 5,31.03,Zone 4,61.33,Zone 5,38.19,Zone 4,64.27,Zone 5,58.26,Zone 5,66.41,Zone 5,62.4,Zone 5,68.06,Zone 5
Tamil Nadu,Tiruvannamalai,Tiruvannamalai Isro,12.2667,79.0667,26.6,2026-09-28,02:00:00,73.0,2026-09-27,02:00:00,2026-09-28 02:17:45,28.450000000000045,Zone 4,53.18,Zone 5,27.7,Zone 4,48.45,Zone 5,33.59,Zone 4,59.98,Zone 5,38.97,Zone 4,62.69,Zone 5,53.18,Zone 5,64.79,Zone 5
Tamil Nadu,Tiruvarur,Tiruvarur,10.7766,79.6062,27.6,2026-09-28,02:00:00,98.0,2026-09-27,02:00:00,2026-09-28 02:17:45,33.950000000000045,Zone 4,64.91,Zone 5,32.83,Zone 4,63.92,Zone 5,52.26,Zone 5,66.46,Zone 5,61.8,Zone 5,68.31,Zone 5,64.91,Zone 5,70.35,Zone 6
Tamil Nadu,Vellore,Virinjipuram Kvk,12.9345,79.0209,25.8,2026-09-28,02:00:00,18.0,2026-09-27,02:00:00,2026-09-28 02:17:45,24.25,Zone 3,35.26,Zone 4,23.81,Zone 3,34.73,Zone 4,28.31,Zone 4,38.03,Zone 4,31.89,Zone 4,41.15,Zone 4,35.26,Zone 4,44.15,Zone 4
Tamil Nadu,Viluppuram,Mailam,12.1317,79.6167,27.2,2026-09-28,02:00:00,100.0,2026-09-27,02:00:00,2026-09-28 02:17:45,33.25,Zone 4,64.46,Zone 5,31.79,Zone 4,63.45,Zone 5,49.51,Zone 5,66.07,Zone 5,61.26,Zone 5,67.97,Zone 5,64.46,Zone 5,69.54,Zone 6
Tamil Nadu,Virudhunagar,Aruppukottai Kvk,9.5561,78.0895,26.4,2026-09-28,02:00:00,74.0,2026-09-27,02:00:00,2026-09-28 02:17:45,28.25,Zone 4,54.12,Zone 5,27.78,Zone 4,49.43,Zone 5,33.72,Zone 4,60.18,Zone 5,39.15,Zone 4,62.87,Zone 5,54.12,Zone 5,64.95,Zone 5
Telangana,Adilabad,Adilabad Kvk,19.6473,78.519,22.4,2026-09-28,02:00:00,100.0,2026-09-27,02:00:00,2026-09-28 02:17:45,24.150000000000034,Zone 3,49.49,Zone 5,23.74,Zone 3,44.71,Zone 5,29.39,Zone 4,59.19,Zone 5,35.14,Zone 4,62.0,Zone 5,49.49,Zone 5,64.19,Zone 5
Telangana,Hyderabad,Golkonda,17.38,78.4,25.9,2026-09-28,01:45:00,85.0,2026-09-27,01:45:00,2026-09-28 02:17:45,28.350000000000023,Zone 4,59.41,Zone 5,27.84,Zone 4,56.35,Zone 5,34.31,Zone 4,61.66,Zone 5,44.1,Zone 5,64.15,Zone 5,59.41,Zone 5,66.08,Zone 5
Telangana,Jogulamba Gadwal,Jurala Cwc,16.26,77.84,25.4,2026-09-28,01:30:00,82.0,2026-09-27,01:30:00,2026-09-28 02:17:45,27.25,Zone 4,54.96,Zone 5,26.77,Zone 4,50.3,Zone 5,32.93,Zone 4,60.37,Zone 5,38.56,Zone 4,63.02,Zone 5,54.96,Zone 5,65.09,Zone 5
Telangana,Kamareddy,Nagireddypet,18.1149,78.1373,22.7,2026-09-28,02:00:00,100.0,2026-09-27,02:00:00,2026-09-28 02:17:45,24.450000000000045,Zone 3,49.49,Zone 5,23.74,Zone 3,44.71,Zone 5,29.39,Zone 4,59.19,Zone 5,35.14,Zone 4,62.0,Zone 5,49.49,Zone 5,64.19,Zone 5
Telangana,Karimnagar,Karimnagar,18.46,79.11,23.4,2026-09-28,02:00:00,91.0,2026-09-27,02:00:00,2026-09-28 02:17:45,24.850000000000023,Zone 3,49.25,Zone 5,24.5,Zone 3,44.48,Zone 5,30.34,Zone 4,59.14,Zone 5,35.94,Zone 4,61.96,Zone 5,49.25,Zone 5,64.15,Zone 5
Telangana,Khammam,Khammam,,,,,,31.0,2026-09-27,01:30:00,2026-09-28 02:17:45,,,,,,,,,,,,,,,,,,,,
Telangana,Khammam,Wyra Kvk,17.1817,80.3722,24.6,2026-09-28,02:00:00,52.0,2026-09-27,02:00:00,2026-09-28 02:17:45,24.650000000000034,Zone 3,37.29,Zone 4,23.92,Zone 3,36.41,Zone 4,28.83,Zone 4,40.43,Zone 4,33.18,Zone 4,50.22,Zone 5,37.29,Zone 4,59.54,Zone 5
Telangana,Mahbubnagar,Mahbubnagar,16.75,77.99,23.8,2026-09-28,02:00:00,99.0,2026-09-27,02:00:00,2026-09-28 02:17:45,25.75,Zone 4,58.82,Zone 5,25.36,Zone 4,54.54,Zone 5,32.06,Zone 4,61.26,Zone 5,42.03,Zone 5,63.81,Zone 5,58.82,Zone 5,65.78,Zone 5
Telangana,Medak,Ars Basanthpur,17.7955,77.5472,21.2,2026-09-28,02:00:00,100.0,2026-09-27,02:00:00,2026-09-28 02:17:45,22.850000000000023,Zone 3,39.6,Zone 5,22.01,Zone 3,36.25,Zone 4,27.05,Zone 4,51.26,Zone 5,32.45,Zone 4,60.09,Zone 5,39.6,Zone 5,62.5,Zone 5
Telangana,Medchal Malkajgiri,Cgwb Nagole,17.3664,78.5895,21.4,2026-09-28,02:00:00,97.0,2026-09-27,02:00:00,2026-09-28 02:17:45,22.950000000000045,Zone 3,40.65,Zone 5,22.47,Zone 3,36.8,Zone 4,27.61,Zone 4,52.3,Zone 5,33.01,Zone 4,60.31,Zone 5,40.65,Zone 5,62.7,Zone 5
Telangana,Medchal Malkajgiri,Kukatpally Jntu,17.4958,78.3908,23.7,2026-09-28,02:00:00,91.0,2026-09-27,02:00:00,2026-09-28 02:17:45,25.150000000000034,Zone 3,49.25,Zone 5,24.5,Zone 3,44.48,Zone 5,30.34,Zone 4,59.14,Zone 5,35.94,Zone 4,61.96,Zone 5,49.25,Zone 5,64.15,Zone 5
Telangana,Medchal Malkajgiri,Uppal,17.4,78.56,24.0,2026-09-28,02:00:00,82.0,2026-09-27,02:00:00,2026-09-28 02:17:45,25.150000000000034,Zone 3,45.07,Zone 5,24.7,Zone 3,40.59,Zone 5,30.38,Zone 4,56.29,Zone 5,35.69,Zone 4,61.19,Zone 5,45.07,Zone 5,63.47,Zone 5
Telangana,Nalgonda,Devarakonda,16.69,79.92,27.7,2026-09-28,02:00:00,78.0,2026-09-27,02:00:00,2026-09-28 02:17:45,30.950000000000045,Zone 4,60.27,Zone 5,29.89,Zone 4,59.16,Zone 5,36.33,Zone 4,62.41,Zone 5,48.23,Zone 5,64.8,Zone 5,60.27,Zone 5,66.65,Zone 5
Telangana,Nirmal ,Bhainsa Arg,19.1031,77.9653,23.7,2026-09-28,02:00:00,,,,2026-09-28 02:17:45,,,,,,,,,,,,,,,,,,,,
Telangana,Peddapalli,Ars Peddapally,18.5454,79.5417,23.4,2026-09-28,02:00:00,100.0,2026-09-27,02:00:00,2026-09-28 02:17:45,25.150000000000034,Zone 3,56.39,Zone 5,24.83,Zone 3,51.81,Zone 5,31.19,Zone 4,60.68,Zone 5,39.18,Zone 5,63.3,Zone 5,56.39,Zone 5,65.33,Zone 5
Telangana,Rajanna Sircilla,Sircilla,18.2595,78.8192,22.3,2026-09-28,02:00:00,99.0,2026-09-27,02:00:00,2026-09-28 02:17:45,24.05000000000001,Zone 3,48.72,Zone 5,23.7,Zone 3,43.96,Zone 5,29.31,Zone 4,59.03,Zone 5,35.02,Zone 4,61.86,Zone 5,48.72,Zone 5,64.06,Zone 5
Telangana,Ranga Reddy,Cbit Gandipet,17.392817,78.318424,22.8,2026-09-28,02:00:00,90.0,2026-09-27,02:00:00,2026-09-28 02:17:45,24.25,Zone 3,45.06,Zone 5,23.9,Zone 3,40.57,Zone 5,29.44,Zone 4,56.27,Zone 5,34.89,Zone 4,61.18,Zone 5,45.06,Zone 5,63.47,Zone 5
Telangana,Ranga Reddy,Chevella,17.31,78.13,24.1,2026-09-28,02:00:00,73.0,2026-09-27,02:00:00,2026-09-28 02:17:45,24.950000000000045,Zone 3,39.31,Zone 4,24.32,Zone 3,38.14,Zone 4,29.65,Zone 4,49.68,Zone 5,34.62,Zone 4,59.75,Zone 5,39.31,Zone 4,62.2,Zone 5
Telangana,Ranga Reddy,Daira,17.3624,78.695,22.2,2026-09-28,02:00:00,89.0,2026-09-27,02:00:00,2026-09-28 02:17:45,23.55000000000001,Zone 3,38.32,Zone 5,22.71,Zone 3,36.78,Zone 4,27.88,Zone 4,49.94,Zone 5,33.09,Zone 4,59.81,Zone 5,38.32,Zone 5,62.25,Zone 5
Telangana,Ranga Reddy,Dullapally,,,,,,60.0,2026-09-27,02:00:00,2026-09-28 02:17:45,,,,,,,,,,,,,,,,,,,,
Telangana,Ranga Reddy,Esci Gachibowli,17.4286,78.368,21.8,2026-09-28,02:00:00,94.0,2026-09-27,02:00:00,2026-09-28 02:17:45,23.25,Zone 3,41.65,Zone 5,22.93,Zone 3,37.53,Zone 5,28.18,Zone 4,53.27,Zone 5,33.57,Zone 4,60.52,Zone 5,41.65,Zone 5,62.88,Zone 5
Telangana,Ranga Reddy,Ghatkesar,17.4711,78.7377,21.7,2026-09-28,02:00:00,94.0,2026-09-27,02:00:00,2026-09-28 02:17:45,23.150000000000034,Zone 3,38.72,Zone 5,22.34,Zone 3,36.48,Zone 4,27.45,Zone 4,50.36,Zone 5,32.74,Zone 4,59.89,Zone 5,38.72,Zone 5,62.33,Zone 5
Telangana,Ranga Reddy,Ibrahimpatam,17.0774,78.6671,20.5,2026-09-28,02:00:00,100.0,2026-09-27,02:00:00,2026-09-28 02:17:45,22.05000000000001,Zone 3,36.83,Zone 5,21.41,Zone 3,35.41,Zone 4,26.35,Zone 4,48.28,Zone 5,31.64,Zone 4,59.46,Zone 5,36.83,Zone 5,61.94,Zone 5
Telangana,Ranga Reddy,Serilingampally,17.46,78.32,23.7,2026-09-28,02:00:00,95.0,2026-09-27,02:00:00,2026-09-28 02:17:45,25.350000000000023,Zone 4,52.52,Zone 5,24.65,Zone 3,47.72,Zone 5,30.7,Zone 4,59.83,Zone 5,36.49,Zone 4,62.56,Zone 5,52.52,Zone 5,64.68,Zone 5
Telangana,Sangareddy,Kandi,17.587,78.1271,22.4,2026-09-28,02:00:00,99.0,2026-09-27,02:00:00,2026-09-28 02:17:45,24.150000000000034,Zone 3,48.72,Zone 5,23.7,Zone 3,43.96,Zone 5,29.31,Zone 4,59.03,Zone 5,35.02,Zone 4,61.86,Zone 5,48.72,Zone 5,64.06,Zone 5
Telangana,Siddipet,Kaveri Siddipet,17.768,78.6723,23.1,2026-09-28,02:00:00,83.0,2026-09-27,02:00:00,2026-09-28 02:17:45,24.25,Zone 3,39.8,Zone 5,23.61,Zone 3,37.76,Zone 4,28.94,Zone 4,51.49,Zone 5,34.11,Zone 4,60.13,Zone 5,39.8,Zone 5,62.54,Zone 5
Telangana,Vikarabad,Tandur,17.2433,77.5867,22.8,2026-09-28,02:00:00,87.0,2026-09-27,02:00:00,2026-09-28 02:17:45,24.05000000000001,Zone 3,42.74,Zone 5,23.78,Zone 3,38.5,Zone 5,29.22,Zone 4,54.28,Zone 5,34.55,Zone 4,60.74,Zone 5,42.74,Zone 5,63.07,Zone 5
Telangana,Warangal Rural,Siddhapur,18.0927,79.5952,23.9,2026-09-28,02:00:00,100.0,2026-09-27,02:00:00,2026-09-28 02:17:45,25.950000000000045,Zone 4,59.15,Zone 5,25.42,Zone 4,55.33,Zone 5,32.18,Zone 4,61.44,Zone 5,42.93,Zone 5,63.96,Zone 5,59.15,Zone 5,65.91,Zone 5
Tripura,Dhalai,Dholai Kvk,24.0449,91.8278,25.4,2026-09-28,02:00:00,99.0,2026-09-27,02:00:00,2026-09-28 02:17:45,28.650000000000034,Zone 4,61.57,Zone 5,28.13,Zone 4,60.48,Zone 5,35.43,Zone 4,63.54,Zone 5,54.56,Zone 5,65.79,Zone 5,61.57,Zone 5,67.51,Zone 5
Tripura,Dhalai,Gandachara,23.5945,91.8243,25.1,2026-09-28,01:45:00,99.0,2026-09-27,01:45:00,2026-09-28 02:17:45,28.05000000000001,Zone 4,60.7,Zone 5,27.14,Zone 4,59.58,Zone 5,34.22,Zone 4,62.78,Zone 5,50.32,Zone 5,65.12,Zone 5,60.7,Zone 5,66.93,Zone 5
Tripura,Dhalai,Kamalpur,24.1867,91.8278,27.3,2026-09-28,02:00:00,6.0,2026-09-27,02:00:00,2026-09-28 02:17:45,25.350000000000023,Zone 4,35.31,Zone 4,25.05,Zone 3,34.88,Zone 4,28.85,Zone 4,37.95,Zone 4,32.17,Zone 4,40.85,Zone 4,35.31,Zone 4,43.66,Zone 4
Tripura,Gomati,Gokulpur,23.53,91.4617,26.3,2026-09-28,02:00:00,,,,2026-09-28 02:17:45,,,,,,,,,,,,,,,,,,,,
Tripura,Khowai,Khowai,24.0669,91.6142,27.1,2026-09-28,02:00:00,,,,2026-09-28 02:17:45,,,,,,,,,,,,,,,,,,,,
Tripura,Khowai,Teliamura,23.84,91.63,25.8,2026-09-28,02:00:00,100.0,2026-09-27,02:00:00,2026-09-28 02:17:45,29.650000000000034,Zone 4,62.67,Zone 5,29.31,Zone 4,61.61,Zone 5,39.34,Zone 5,64.5,Zone 5,59.12,Zone 5,66.62,Zone 5,62.67,Zone 5,68.24,Zone 5
Tripura,North Tripura,Ashapara,23.8627,92.207,25.4,2026-09-28,02:00:00,100.0,2026-09-27,02:00:00,2026-09-28 02:17:45,28.75,Zone 4,61.78,Zone 5,28.23,Zone 4,60.7,Zone 5,35.61,Zone 4,63.73,Zone 5,55.54,Zone 5,65.94,Zone 5,61.78,Zone 5,67.65,Zone 5
Tripura,Sipahijala,Cti,23.7413,91.2728,25.5,2026-09-28,02:00:00,100.0,2026-09-27,02:00:00,2026-09-28 02:17:45,29.05000000000001,Zone 4,61.78,Zone 5,28.23,Zone 4,60.7,Zone 5,35.61,Zone 4,63.73,Zone 5,55.54,Zone 5,65.94,Zone 5,61.78,Zone 5,67.65,Zone 5
Tripura,Sipahijala,Sipahijala,23.6077,91.3456,25.2,2026-09-28,02:00:00,,,,2026-09-28 02:17:45,,,,,,,,,,,,,,,,,,,,
Tripura,Sipahijala,Sonamura,23.4844,91.27,27.4,2026-09-28,02:00:00,92.0,2026-09-27,02:00:00,2026-09-28 02:17:45,32.35000000000002,Zone 4,63.55,Zone 5,31.78,Zone 4,62.52,Zone 5,44.13,Zone 5,65.28,Zone 5,60.17,Zone 5,67.29,Zone 5,63.55,Zone 5,68.83,Zone 5
Tripura,South Tripura,Sabroom,23.0114,91.7208,25.7,2026-09-28,02:00:00,100.0,2026-09-27,02:00:00,2026-09-28 02:17:45,29.450000000000045,Zone 4,61.78,Zone 5,28.23,Zone 4,60.7,Zone 5,35.61,Zone 4,63.73,Zone 5,55.54,Zone 5,65.94,Zone 5,61.78,Zone 5,67.65,Zone 5
Tripura,Unakoti,Kailashahar,24.3096,92.0069,26.5,2026-09-28,02:00:00,100.0,2026-09-27,02:00:00,2026-09-28 02:17:45,31.350000000000023,Zone 4,63.56,Zone 5,30.49,Zone 4,62.52,Zone 5,44.17,Zone 5,65.28,Zone 5,60.18,Zone 5,67.29,Zone 5,63.56,Zone 5,68.83,Zone 5
Tripura,West Tripura,Agartala Airport,23.8904,91.2441,26.4,2026-09-28,02:00:00,100.0,2026-09-27,02:00:00,2026-09-28 02:17:45,31.05000000000001,Zone 4,63.56,Zone 5,30.49,Zone 4,62.52,Zone 5,44.17,Zone 5,65.28,Zone 5,60.18,Zone 5,67.29,Zone 5,63.56,Zone 5,68.83,Zone 5
Tripura,West Tripura,Dm Office West Agartala,23.829,91.2723,27.9,2026-09-28,02:00:00,,,,2026-09-28 02:17:45,,,,,,,,,,,,,,,,,,,,
Tripura,West Tripura,Hrc Nagicherra,23.8139,91.3274,25.7,2026-09-28,02:00:00,,,,2026-09-28 02:17:45,,,,,,,,,,,,,,,,,,,,
Tripura,West Tripura,Khumluwang,23.7978,91.4338,25.5,2026-09-28,02:00:00,,,,2026-09-28 02:17:45,,,,,,,,,,,,,,,,,,,,
Tripura,West Tripura,Met Agartala,23.8902,91.244,26.2,2026-09-28,02:00:00,100.0,2026-09-27,02:00:00,2026-09-28 02:17:45,30.55000000000001,Zone 4,62.67,Zone 5,29.31,Zone 4,61.61,Zone 5,39.34,Zone 5,64.5,Zone 5,59.12,Zone 5,66.62,Zone 5,62.67,Zone 5,68.24,Zone 5
Tripura,West Tripura,Secretariat,23.8643,91.2916,27.0,2026-09-28,02:00:00,,,,2026-09-28 02:17:45,,,,,,,,,,,,,,,,,,,,
Uttarakhand,Almora,Chaubatia Ranikhet,29.6213,79.4591,14.9,2026-09-28,02:00:00,100.0,2026-09-27,02:00:00,2026-09-28 02:17:45,15.150000000000034,Zone 3,28.99,Zone 4,14.29,Zone 3,28.23,Zone 4,21.41,Zone 3,32.4,Zone 4,24.95,Zone 3,36.35,Zone 4,28.99,Zone 4,47.27,Zone 5
Uttarakhand,Almora,Matela Kvk,29.6264,79.6309,18.0,2026-09-28,02:00:00,100.0,2026-09-27,02:00:00,2026-09-28 02:17:45,19.05000000000001,Zone 3,32.74,Zone 4,18.26,Zone 3,31.74,Zone 4,23.94,Zone 3,36.28,Zone 4,28.13,Zone 4,48.64,Zone 5,32.74,Zone 4,59.21,Zone 5
Uttarakhand,Chamoli,Chamoli,30.4,79.3167,17.2,2026-09-28,02:00:00,89.0,2026-09-27,02:00:00,2026-09-28 02:17:45,17.55000000000001,Zone 3,30.83,Zone 4,16.4,Zone 3,30.02,Zone 4,22.84,Zone 3,34.21,Zone 4,26.55,Zone 4,39.09,Zone 5,30.83,Zone 4,51.29,Zone 5
Uttarakhand,Chamoli,Tharali,,,,,,13.0,2026-09-27,02:00:00,2026-09-28 02:17:45,,,,,,,,,,,,,,,,,,,,
Uttarakhand,Champawat,Champawat,29.34,80.09,16.5,2026-09-28,02:00:00,,,,2026-09-28 02:17:45,,,,,,,,,,,,,,,,,,,,
Uttarakhand,Dehradun,Dehradun,30.32,78.05,24.8,2026-09-28,02:00:00,80.0,2026-09-27,02:00:00,2026-09-28 02:17:45,26.25,Zone 4,49.89,Zone 5,25.87,Zone 4,45.13,Zone 5,31.82,Zone 4,59.28,Zone 5,37.24,Zone 4,62.08,Zone 5,49.89,Zone 5,64.26,Zone 5
Uttarakhand,Dehradun,Hatibharkala,30.3431,78.056,19.7,2026-09-28,02:00:00,100.0,2026-09-27,02:00:00,2026-09-28 02:17:45,21.150000000000034,Zone 3,34.98,Zone 4,20.17,Zone 3,33.84,Zone 4,25.12,Zone 3,42.59,Zone 5,30.14,Zone 4,56.08,Zone 5,34.98,Zone 4,60.84,Zone 5
Uttarakhand,Dehradun,Jollygrant,30.19,78.18,29.3,2026-09-28,02:00:00,94.0,2026-09-27,02:00:00,2026-09-28 02:17:45,43.35000000000002,Zone 5,67.57,Zone 5,42.86,Zone 5,66.69,Zone 5,61.18,Zone 5,68.81,Zone 5,64.99,Zone 5,71.69,Zone 6,67.57,Zone 5,75.13,Zone 6
Uttarakhand,Dehradun,Massouri,30.48,78.05,15.3,2026-09-28,02:00:00,80.0,2026-09-27,02:00:00,2026-09-28 02:17:45,14.75,Zone 3,28.8,Zone 4,13.97,Zone 2,28.15,Zone 4,21.31,Zone 3,32.08,Zone 4,24.96,Zone 3,35.79,Zone 4,28.8,Zone 4,41.67,Zone 5
Uttarakhand,Dehradun,Mohakampur,30.2782,78.0744,19.5,2026-09-28,02:00:00,99.0,2026-09-27,02:00:00,2026-09-28 02:17:45,20.850000000000023,Zone 3,34.9,Zone 4,20.13,Zone 3,33.77,Zone 4,25.1,Zone 3,42.04,Zone 5,30.08,Zone 4,55.6,Zone 5,34.9,Zone 4,60.73,Zone 5
Uttarakhand,Haridwar,Roorkee Amfu,29.84,77.92,21.4,2026-09-28,02:00:00,16.0,2026-09-27,02:00:00,2026-09-28 02:17:45,18.650000000000034,Zone 3,31.41,Zone 4,17.77,Zone 3,31.01,Zone 4,24.46,Zone 3,34.24,Zone 4,28.09,Zone 4,37.29,Zone 4,31.41,Zone 4,40.23,Zone 4
Uttarakhand,Nainital,Nainital(Jeolikot) Kvk,29.3455,79.4844,18.3,2026-09-28,02:00:00,99.0,2026-09-27,02:00:00,2026-09-28 02:17:45,19.350000000000023,Zone 3,33.38,Zone 4,18.86,Zone 3,32.35,Zone 4,24.31,Zone 3,37.18,Zone 5,28.72,Zone 4,50.66,Zone 5,33.38,Zone 4,59.64,Zone 5
Uttarakhand,Nainital,Th Kosiyakutoli,29.49,79.47,22.9,2026-09-28,02:00:00,100.0,2026-09-27,02:00:00,2026-09-28 02:17:45,24.650000000000034,Zone 3,53.01,Zone 5,24.29,Zone 3,48.21,Zone 5,30.26,Zone 4,59.93,Zone 5,36.15,Zone 4,62.65,Zone 5,53.01,Zone 5,64.76,Zone 5
Uttarakhand,Pauri Garhwal,Bharsar,30.05,79.0,14.7,2026-09-28,02:00:00,100.0,2026-09-27,02:00:00,2026-09-28 02:17:45,14.850000000000023,Zone 3,28.44,Zone 4,13.71,Zone 2,27.71,Zone 4,20.97,Zone 3,31.83,Zone 4,24.65,Zone 3,35.73,Zone 4,28.44,Zone 4,45.17,Zone 5
Uttarakhand,Pauri Garhwal,Srinagar Arg,30.22,78.77,22.3,2026-09-28,02:00:00,21.0,2026-09-27,02:00:00,2026-09-28 02:17:45,20.05000000000001,Zone 3,32.52,Zone 4,19.42,Zone 3,32.06,Zone 4,25.47,Zone 4,35.37,Zone 4,29.12,Zone 4,38.49,Zone 4,32.52,Zone 4,41.51,Zone 4
Uttarakhand,Pithoragarh,Gangolihat,29.65,80.04,16.5,2026-09-28,01:30:00,,,,2026-09-28 02:17:45,,,,,,,,,,,,,,,,,,,,
Uttarakhand,Rudraprayag,Rudra Prayag,30.3167,78.9667,20.6,2026-09-28,02:00:00,97.0,2026-09-27,02:00:00,2026-09-28 02:17:45,22.05000000000001,Zone 3,36.34,Zone 4,21.27,Zone 3,35.13,Zone 4,26.21,Zone 4,46.43,Zone 5,31.41,Zone 4,59.06,Zone 5,36.34,Zone 4,61.59,Zone 5
Uttarakhand,Tehri Garhwal,Devprayag,30.14,78.6,20.5,2026-09-28,02:00:00,93.0,2026-09-27,02:00:00,2026-09-28 02:17:45,21.75,Zone 3,35.93,Zone 4,21.09,Zone 3,34.79,Zone 4,26.04,Zone 4,44.0,Zone 5,31.12,Zone 4,57.28,Zone 5,35.93,Zone 4,61.12,Zone 5
Uttarakhand,Udham Singh Nagar,Kashipur Aws400,29.188,79.0109,22.7,2026-09-28,02:00:00,100.0,2026-09-27,02:00:00,2026-09-28 02:17:45,24.450000000000045,Zone 3,49.49,Zone 5,23.74,Zone 3,44.71,Zone 5,29.39,Zone 4,59.19,Zone 5,35.14,Zone 4,62.0,Zone 5,49.49,Zone 5,64.19,Zone 5
Uttarakhand,Uttarkashi,Purola,30.86,78.0,16.9,2026-09-28,02:00:00,9.0,2026-09-27,02:00:00,2026-09-28 02:17:45,13.050000000000011,Zone 2,27.79,Zone 4,12.26,Zone 2,27.52,Zone 4,20.34,Zone 3,30.66,Zone 4,24.62,Zone 3,33.62,Zone 4,27.79,Zone 4,36.47,Zone 4
Uttar Pradesh,Agra,Hydrogen Factory Bindukatra,27.17123,78.03123,23.9,2026-09-28,02:00:00,,,,2026-09-28 02:17:45,,,,,,,,,,,,,,,,,,,,
Uttar Pradesh,Aligarh,Quarsi Farms Quarsi,27.9024,78.0968,25.5,2026-09-28,02:00:00,24.0,2026-09-27,02:00:00,2026-09-28 02:17:45,24.25,Zone 3,35.39,Zone 4,23.55,Zone 3,34.81,Zone 4,28.2,Zone 4,38.22,Zone 4,31.9,Zone 4,41.44,Zone 4,35.39,Zone 4,45.76,Zone 5
Uttar Pradesh,Amroha,Amroha 400Aws,28.8523,78.2358,22.3,2026-09-28,02:00:00,100.0,2026-09-27,02:00:00,2026-09-28 02:17:45,24.05000000000001,Zone 3,49.49,Zone 5,23.74,Zone 3,44.71,Zone 5,29.39,Zone 4,59.19,Zone 5,35.14,Zone 4,62.0,Zone 5,49.49,Zone 5,64.19,Zone 5
Uttar Pradesh,Ayodhya,Ayodhya 400Aws,26.7518,82.1464,23.6,2026-09-28,02:00:00,100.0,2026-09-27,02:00:00,2026-09-28 02:17:45,25.450000000000045,Zone 4,56.39,Zone 5,24.83,Zone 3,51.81,Zone 5,31.19,Zone 4,60.68,Zone 5,39.18,Zone 5,63.3,Zone 5,56.39,Zone 5,65.33,Zone 5
Uttar Pradesh,Ballia,Sukhpura Inter College Ballia,25.848502,84.092779,24.6,2026-09-28,02:00:00,98.0,2026-09-27,02:00:00,2026-09-28 02:17:45,27.05000000000001,Zone 4,59.62,Zone 5,26.16,Zone 4,57.14,Zone 5,32.97,Zone 4,61.84,Zone 5,45.1,Zone 5,64.31,Zone 5,59.62,Zone 5,66.22,Zone 5
Uttar Pradesh,Balrampur,Bcml Tulsipur Sugar Mill,27.536051,82.419945,24.4,2026-09-28,02:00:00,100.0,2026-09-27,02:00:00,2026-09-28 02:17:45,26.850000000000023,Zone 4,60.03,Zone 5,26.29,Zone 4,58.62,Zone 5,33.24,Zone 4,62.19,Zone 5,47.04,Zone 5,64.61,Zone 5,60.03,Zone 5,66.49,Zone 5
Uttar Pradesh,Banda,Banda 400Aws,,,,,,100.0,2026-09-27,02:00:00,2026-09-28 02:17:45,,,,,,,,,,,,,,,,,,,,
Uttar Pradesh,Barabanki,Barabanki 400Aws,26.9286,81.215,23.3,2026-09-28,02:00:00,100.0,2026-09-27,02:00:00,2026-09-28 02:17:45,25.05000000000001,Zone 3,56.39,Zone 5,24.83,Zone 3,51.81,Zone 5,31.19,Zone 4,60.68,Zone 5,39.18,Zone 5,63.3,Zone 5,56.39,Zone 5,65.33,Zone 5
Uttar Pradesh,Bareilly,Bareilly Bilwa 400Aws,28.4446,79.4327,22.8,2026-09-28,02:00:00,100.0,2026-09-27,02:00:00,2026-09-28 02:17:45,24.55000000000001,Zone 3,53.01,Zone 5,24.29,Zone 3,48.21,Zone 5,30.26,Zone 4,59.93,Zone 5,36.15,Zone 4,62.65,Zone 5,53.01,Zone 5,64.76,Zone 5
Uttar Pradesh,Bijnor,Prithvipur 400Aws,29.3175,78.1158,21.9,2026-09-28,02:00:00,,,,2026-09-28 02:17:45,,,,,,,,,,,,,,,,,,,,
Uttar Pradesh,Farrukhabad,Farrukhabad 400Aws,27.3869,79.6002,22.0,2026-09-28,02:00:00,62.0,2026-09-27,02:00:00,2026-09-28 02:17:45,22.05000000000001,Zone 3,35.14,Zone 4,21.38,Zone 3,34.28,Zone 4,26.53,Zone 4,38.37,Zone 4,30.97,Zone 4,46.3,Zone 5,35.14,Zone 4,57.9,Zone 5
Uttar Pradesh,Gautam Buddha Nagar,Kvk Chholas 400Aws,28.5314,77.6445,23.1,2026-09-28,01:45:00,100.0,2026-09-27,01:45:00,2026-09-28 02:17:45,24.850000000000023,Zone 3,53.01,Zone 5,24.29,Zone 3,48.21,Zone 5,30.26,Zone 4,59.93,Zone 5,36.15,Zone 4,62.65,Zone 5,53.01,Zone 5,64.76,Zone 5
Uttar Pradesh,Ghaziabad,Kv2 Airforce Hindon,28.6936,77.3643,22.2,2026-09-28,02:00:00,100.0,2026-09-27,02:00:00,2026-09-28 02:17:45,23.950000000000045,Zone 3,46.01,Zone 5,23.18,Zone 3,41.41,Zone 5,28.57,Zone 4,57.02,Zone 5,34.19,Zone 4,61.36,Zone 5,46.01,Zone 5,63.62,Zone 5
Uttar Pradesh,Ghaziabad,Kv Kamala Nehru Nagar,28.6789,77.4648,22.6,2026-09-28,02:00:00,100.0,2026-09-27,02:00:00,2026-09-28 02:17:45,24.350000000000023,Zone 3,49.49,Zone 5,23.74,Zone 3,44.71,Zone 5,29.39,Zone 4,59.19,Zone 5,35.14,Zone 4,62.0,Zone 5,49.49,Zone 5,64.19,Zone 5
Uttar Pradesh,Gorakhpur,Met Office Singhariya,26.73683269,83.42977722,25.0,2026-09-28,02:00:00,100.0,2026-09-27,02:00:00,2026-09-28 02:17:45,27.950000000000045,Zone 4,60.9,Zone 5,27.22,Zone 4,59.79,Zone 5,34.38,Zone 4,62.96,Zone 5,51.33,Zone 5,65.28,Zone 5,60.9,Zone 5,67.07,Zone 5
Uttar Pradesh,Hamirpur,Hamirpur 400Aws,25.5814,79.555,24.7,2026-09-28,02:00:00,100.0,2026-09-27,02:00:00,2026-09-28 02:17:45,27.350000000000023,Zone 4,60.03,Zone 5,26.29,Zone 4,58.62,Zone 5,33.24,Zone 4,62.19,Zone 5,47.04,Zone 5,64.61,Zone 5,60.03,Zone 5,66.49,Zone 5
Uttar Pradesh,Hapur,Hapur 400Aws,28.739,77.8716,22.6,2026-09-28,02:00:00,100.0,2026-09-27,02:00:00,2026-09-28 02:17:45,24.350000000000023,Zone 3,49.49,Zone 5,23.74,Zone 3,44.71,Zone 5,29.39,Zone 4,59.19,Zone 5,35.14,Zone 4,62.0,Zone 5,49.49,Zone 5,64.19,Zone 5
Uttar Pradesh,Hardoi,Hardoi 400Aws,27.3813,80.124,22.7,2026-09-28,02:00:00,89.0,2026-09-27,02:00:00,2026-09-28 02:17:45,24.05000000000001,Zone 3,41.16,Zone 5,23.29,Zone 3,37.63,Zone 4,28.61,Zone 4,52.81,Zone 5,33.91,Zone 4,60.42,Zone 5,41.16,Zone 5,62.79,Zone 5
Uttar Pradesh,Jalaun,Jalaun 400Aws,26.022112,79.423123,24.0,2026-09-28,02:00:00,100.0,2026-09-27,02:00:00,2026-09-28 02:17:45,26.150000000000034,Zone 4,59.15,Zone 5,25.42,Zone 4,55.33,Zone 5,32.18,Zone 4,61.44,Zone 5,42.93,Zone 5,63.96,Zone 5,59.15,Zone 5,65.91,Zone 5
Uttar Pradesh,Jhansi,Bhundelkhand University,25.43,78.57,22.4,2026-09-28,02:00:00,,,,2026-09-28 02:17:45,,,,,,,,,,,,,,,,,,,,
Uttar Pradesh,Kashganj,Kashganj 400Aws,27.75,78.5166,22.3,2026-09-28,02:00:00,,,,2026-09-28 02:17:45,,,,,,,,,,,,,,,,,,,,
Uttar Pradesh,Kushinagar,Kushinagar Kvk,26.7343,84.1848,24.9,2026-09-28,02:00:00,100.0,2026-09-27,02:00:00,2026-09-28 02:17:45,27.75,Zone 4,60.9,Zone 5,27.22,Zone 4,59.79,Zone 5,34.38,Zone 4,62.96,Zone 5,51.33,Zone 5,65.28,Zone 5,60.9,Zone 5,67.07,Zone 5
Uttar Pradesh,Lucknow,Integral University,26.9608,81.0044,25.0,2026-09-28,02:00:00,69.0,2026-09-27,02:00:00,2026-09-28 02:17:45,25.850000000000023,Zone 4,40.4,Zone 4,25.28,Zone 3,39.2,Zone 4,30.76,Zone 4,51.97,Zone 5,35.71,Zone 4,60.24,Zone 5,40.4,Zone 4,62.63,Zone 5
Uttar Pradesh,Lucknow,Meteorological Centre Amausi,26.8667,80.9167,23.8,2026-09-28,02:00:00,,,,2026-09-28 02:17:45,,,,,,,,,,,,,,,,,,,,
Uttar Pradesh,Mainpuri,Mainpuri Kvk,27.3846,79.0938,22.5,2026-09-28,02:00:00,100.0,2026-09-27,02:00:00,2026-09-28 02:17:45,24.25,Zone 3,49.49,Zone 5,23.74,Zone 3,44.71,Zone 5,29.39,Zone 4,59.19,Zone 5,35.14,Zone 4,62.0,Zone 5,49.49,Zone 5,64.19,Zone 5
Uttar Pradesh,Mathura,Collectorate Office,27.47447526,77.69176576,24.7,2026-09-28,02:00:00,,,,2026-09-28 02:17:45,,,,,,,,,,,,,,,,,,,,
Uttar Pradesh,Mathura,Mathura 400Aws,27.4705,77.6928,22.6,2026-09-28,02:00:00,100.0,2026-09-27,02:00:00,2026-09-28 02:17:45,24.350000000000023,Zone 3,49.49,Zone 5,23.74,Zone 3,44.71,Zone 5,29.39,Zone 4,59.19,Zone 5,35.14,Zone 4,62.0,Zone 5,49.49,Zone 5,64.19,Zone 5
Uttar Pradesh,Meerut,Ccsu Campus,28.97423165,77.73504154,24.4,2026-09-28,02:00:00,,,,2026-09-28 02:17:45,,,,,,,,,,,,,,,,,,,,
Uttar Pradesh,Mirzapur,Dagmapur 400Aws,25.0999,82.7985,24.6,2026-09-28,02:00:00,100.0,2026-09-27,02:00:00,2026-09-28 02:17:45,27.25,Zone 4,60.03,Zone 5,26.29,Zone 4,58.62,Zone 5,33.24,Zone 4,62.19,Zone 5,47.04,Zone 5,64.61,Zone 5,60.03,Zone 5,66.49,Zone 5
Uttar Pradesh,Moradabad,Ucheti 400Aws,28.8683,78.6659,22.4,2026-09-28,02:00:00,100.0,2026-09-27,02:00:00,2026-09-28 02:17:45,24.150000000000034,Zone 3,49.49,Zone 5,23.74,Zone 3,44.71,Zone 5,29.39,Zone 4,59.19,Zone 5,35.14,Zone 4,62.0,Zone 5,49.49,Zone 5,64.19,Zone 5
Uttar Pradesh,Muzaffarnagar,Sohanjani Tajan 400Aws,29.3781,77.638,22.3,2026-09-28,02:00:00,100.0,2026-09-27,02:00:00,2026-09-28 02:17:45,24.05000000000001,Zone 3,49.49,Zone 5,23.74,Zone 3,44.71,Zone 5,29.39,Zone 4,59.19,Zone 5,35.14,Zone 4,62.0,Zone 5,49.49,Zone 5,64.19,Zone 5
Uttar Pradesh,Pratapgarh,Pratapgarh 400Aws,25.283,81.9866,24.9,2026-09-28,02:00:00,100.0,2026-09-27,02:00:00,2026-09-28 02:17:45,27.75,Zone 4,60.9,Zone 5,27.22,Zone 4,59.79,Zone 5,34.38,Zone 4,62.96,Zone 5,51.33,Zone 5,65.28,Zone 5,60.9,Zone 5,67.07,Zone 5
Uttar Pradesh,Raebareli,Airport Fursatganj,26.2503,81.3769,23.4,2026-09-28,02:00:00,100.0,2026-09-27,02:00:00,2026-09-28 02:17:45,25.150000000000034,Zone 3,56.39,Zone 5,24.83,Zone 3,51.81,Zone 5,31.19,Zone 4,60.68,Zone 5,39.18,Zone 5,63.3,Zone 5,56.39,Zone 5,65.33,Zone 5
Uttar Pradesh,Saharanpur,Saharanpur 400Aws,29.9703,77.5573,21.8,2026-09-28,02:00:00,100.0,2026-09-27,02:00:00,2026-09-28 02:17:45,23.55000000000001,Zone 3,46.01,Zone 5,23.18,Zone 3,41.41,Zone 5,28.57,Zone 4,57.02,Zone 5,34.19,Zone 4,61.36,Zone 5,46.01,Zone 5,63.62,Zone 5
Uttar Pradesh,Sambhal,Sambhal Paltha 400Aws,28.4833,78.8491,22.5,2026-09-28,02:00:00,99.0,2026-09-27,02:00:00,2026-09-28 02:17:45,24.25,Zone 3,48.72,Zone 5,23.7,Zone 3,43.96,Zone 5,29.31,Zone 4,59.03,Zone 5,35.02,Zone 4,61.86,Zone 5,48.72,Zone 5,64.06,Zone 5
Uttar Pradesh,Shahjahanpur,Shahjahanpur 400Aws,27.875,79.9385,22.7,2026-09-28,02:00:00,61.0,2026-09-27,02:00:00,2026-09-28 02:17:45,22.850000000000023,Zone 3,35.68,Zone 4,21.94,Zone 3,34.8,Zone 4,27.05,Zone 4,38.9,Zone 4,31.49,Zone 4,47.83,Zone 5,35.68,Zone 4,59.03,Zone 5
Uttar Pradesh,Shamli,Shamli 400Aws,29.5443,77.1864,22.7,2026-09-28,02:00:00,96.0,2026-09-27,02:00:00,2026-09-28 02:17:45,24.350000000000023,Zone 3,46.39,Zone 5,23.58,Zone 3,41.77,Zone 5,29.09,Zone 4,57.33,Zone 5,34.67,Zone 4,61.43,Zone 5,46.39,Zone 5,63.69,Zone 5
Uttar Pradesh,Sitapur,Ramkot 400Aws,27.5217,80.5854,22.8,2026-09-28,02:00:00,,,,2026-09-28 02:17:45,,,,,,,,,,,,,,,,,,,,
Uttar Pradesh,Sultanpur,Krishi Vigyan Kendra Barasin,,,,,,99.0,2026-09-27,02:00:00,2026-09-28 02:17:45,,,,,,,,,,,,,,,,,,,,
West Bengal,Cooch Behar,Dinhata Aws400,26.1464,89.4649,26.7,2026-09-28,02:00:00,100.0,2026-09-27,02:00:00,2026-09-28 02:17:45,31.850000000000023,Zone 4,63.56,Zone 5,30.49,Zone 4,62.52,Zone 5,44.17,Zone 5,65.28,Zone 5,60.18,Zone 5,67.29,Zone 5,63.56,Zone 5,68.83,Zone 5
West Bengal,Darjeeling,Darjeeling Mo,27.0335,88.1509,16.5,2026-09-28,02:00:00,100.0,2026-09-27,02:00:00,2026-09-28 02:17:45,17.150000000000034,Zone 3,30.76,Zone 4,16.29,Zone 3,29.89,Zone 4,22.7,Zone 3,34.23,Zone 4,26.35,Zone 4,41.49,Zone 5,30.76,Zone 4,53.72,Zone 5
West Bengal,Darjeeling,Kharibari,26.55,88.19,25.7,2026-09-28,02:00:00,100.0,2026-09-27,02:00:00,2026-09-28 02:17:45,29.450000000000045,Zone 4,61.78,Zone 5,28.23,Zone 4,60.7,Zone 5,35.61,Zone 4,63.73,Zone 5,55.54,Zone 5,65.94,Zone 5,61.78,Zone 5,67.65,Zone 5
West Bengal,East Burdwan,Kvk Burdwan Budbud,23.4001,87.546,25.7,2026-09-28,01:30:00,,,,2026-09-28 02:17:45,,,,,,,,,,,,,,,,,,,,
West Bengal,Howrah,Kvk Howrah Jagatballavapur,22.678,88.1225,26.5,2026-09-28,02:00:00,100.0,2026-09-27,02:00:00,2026-09-28 02:17:45,31.350000000000023,Zone 4,63.56,Zone 5,30.49,Zone 4,62.52,Zone 5,44.17,Zone 5,65.28,Zone 5,60.18,Zone 5,67.29,Zone 5,63.56,Zone 5,68.83,Zone 5
West Bengal,Howrah,Uluberia,22.4692,88.0944,27.9,2026-09-28,02:00:00,99.0,2026-09-27,02:00:00,2026-09-28 02:17:45,35.150000000000034,Zone 4,66.03,Zone 5,34.57,Zone 4,65.09,Zone 5,58.63,Zone 5,67.45,Zone 5,63.15,Zone 5,69.17,Zone 5,66.03,Zone 5,72.35,Zone 6
West Bengal,Jalpaiguri,Banarhat,26.7924,89.0265,24.9,2026-09-28,02:00:00,80.0,2026-09-27,02:00:00,2026-09-28 02:17:45,26.350000000000023,Zone 4,49.89,Zone 5,25.87,Zone 4,45.13,Zone 5,31.82,Zone 4,59.28,Zone 5,37.24,Zone 4,62.08,Zone 5,49.89,Zone 5,64.26,Zone 5
West Bengal,Jalpaiguri,Dhupguri,26.5632,89.0409,26.2,2026-09-28,02:00:00,99.0,2026-09-27,02:00:00,2026-09-28 02:17:45,30.450000000000045,Zone 4,62.46,Zone 5,29.2,Zone 4,61.39,Zone 5,38.29,Zone 5,64.32,Zone 5,58.51,Zone 5,66.45,Zone 5,62.46,Zone 5,68.1,Zone 5
West Bengal,Jalpaiguri,Mal,26.8685,88.7466,25.4,2026-09-28,02:00:00,100.0,2026-09-27,02:00:00,2026-09-28 02:17:45,28.75,Zone 4,61.78,Zone 5,28.23,Zone 4,60.7,Zone 5,35.61,Zone 4,63.73,Zone 5,55.54,Zone 5,65.94,Zone 5,61.78,Zone 5,67.65,Zone 5
West Bengal,Jalpaiguri,Ramshai Kvk,26.7035,88.8467,25.2,2026-09-28,02:00:00,,,,2026-09-28 02:17:45,,,,,,,,,,,,,,,,,,,,
West Bengal,Jalpaiguri,Tra Nagrakata,26.86,88.74,25.0,2026-09-28,02:00:00,93.0,2026-09-27,02:00:00,2026-09-28 02:17:45,27.450000000000045,Zone 4,59.45,Zone 5,26.7,Zone 4,56.49,Zone 5,33.37,Zone 4,61.69,Zone 5,44.29,Zone 5,64.18,Zone 5,59.45,Zone 5,66.1,Zone 5
West Bengal,Jhargram,Jhargram,22.449553,86.998154,25.3,2026-09-28,02:00:00,99.0,2026-09-27,02:00:00,2026-09-28 02:17:45,28.450000000000045,Zone 4,61.57,Zone 5,28.13,Zone 4,60.48,Zone 5,35.43,Zone 4,63.54,Zone 5,54.56,Zone 5,65.79,Zone 5,61.57,Zone 5,67.51,Zone 5
West Bengal,Kolkata,Ohr 15,22.6174,88.478,26.0,2026-09-28,02:00:00,99.0,2026-09-27,02:00:00,2026-09-28 02:17:45,29.950000000000045,Zone 4,62.46,Zone 5,29.2,Zone 4,61.39,Zone 5,38.29,Zone 5,64.32,Zone 5,58.51,Zone 5,66.45,Zone 5,62.46,Zone 5,68.1,Zone 5
West Bengal,Malda,Malda,24.9787,88.1446,26.2,2026-09-28,02:00:00,,,,2026-09-28 02:17:45,,,,,,,,,,,,,,,,,,,,
West Bengal,Nadia,Bijpur,22.937116,88.510508,26.3,2026-09-28,02:00:00,100.0,2026-09-27,02:00:00,2026-09-28 02:17:45,30.850000000000023,Zone 4,63.56,Zone 5,30.49,Zone 4,62.52,Zone 5,44.17,Zone 5,65.28,Zone 5,60.18,Zone 5,67.29,Zone 5,63.56,Zone 5,68.83,Zone 5
West Bengal,Nadia,Kalyani Amfu,22.9686,88.4964,26.5,2026-09-28,02:00:00,100.0,2026-09-27,02:00:00,2026-09-28 02:17:45,31.350000000000023,Zone 4,63.56,Zone 5,30.49,Zone 4,62.52,Zone 5,44.17,Zone 5,65.28,Zone 5,60.18,Zone 5,67.29,Zone 5,63.56,Zone 5,68.83,Zone 5
West Bengal,North Twenty Four Parganas,Ashoknagar Kvk,22.8382,88.6347,27.4,2026-09-28,02:00:00,,,,2026-09-28 02:17:45,,,,,,,,,,,,,,,,,,,,
West Bengal,North Twenty Four Parganas,Barrackpore Aws400,22.7809,88.3357,26.5,2026-09-28,02:00:00,82.0,2026-09-27,02:00:00,2026-09-28 02:17:45,29.150000000000034,Zone 4,59.56,Zone 5,28.46,Zone 4,56.94,Zone 5,34.89,Zone 4,61.8,Zone 5,44.82,Zone 5,64.27,Zone 5,59.56,Zone 5,66.18,Zone 5
West Bengal,North Twenty Four Parganas,Basirhat,22.6625,88.8725,27.8,2026-09-28,01:45:00,95.0,2026-09-27,01:45:00,2026-09-28 02:17:45,33.950000000000045,Zone 4,65.12,Zone 5,33.68,Zone 4,64.14,Zone 5,53.52,Zone 5,66.65,Zone 5,62.05,Zone 5,68.47,Zone 5,65.12,Zone 5,70.72,Zone 6
West Bengal,North Twenty Four Parganas,Jisu Agarpara,22.6726,88.3791,27.8,2026-09-28,01:45:00,93.0,2026-09-27,01:45:00,2026-09-28 02:17:45,33.55000000000001,Zone 4,64.66,Zone 5,33.27,Zone 4,63.66,Zone 5,50.75,Zone 5,66.25,Zone 5,61.5,Zone 5,68.12,Zone 5,64.66,Zone 5,69.91,Zone 6
West Bengal,Purulia,Purulia Kvk,23.4007,86.4184,24.2,2026-09-28,02:00:00,,,,2026-09-28 02:17:45,,,,,,,,,,,,,,,,,,,,
West Bengal,South Dinajpur,Balurghat,25.234,88.7942,26.4,2026-09-28,02:00:00,100.0,2026-09-27,02:00:00,2026-09-28 02:17:45,31.05000000000001,Zone 4,63.56,Zone 5,30.49,Zone 4,62.52,Zone 5,44.17,Zone 5,65.28,Zone 5,60.18,Zone 5,67.29,Zone 5,63.56,Zone 5,68.83,Zone 5
West Bengal,South Twenty Four Parganas,Gangasagar,21.74483,88.099278,26.8,2026-09-28,02:00:00,,,,2026-09-28 02:17:45,,,,,,,,,,,,,,,,,,,,
,,,,,,,,,,,2026-09-28 02:17:45,,,,,,,,,,,,,,,,,,,,
,,,,,,,,,,,2026-09-28 02:17:45,,,,,,,,,,,,,,,,,,,,
,,,,,,,,,,,2026-09-28 02:17:45,,,,,,,,,,,,,,,,,,,,
,,,,,,,,,,,2026-09-28 02:17:45,,,,,,,,,,,,,,,,,,,,
Andaman And Nicobar,Nicobar,Campbell Bay,7.0076,93.9048,26.4,2026-09-28,02:15:00,,,,2026-09-28 02:46:46,,,,,,,,,,,,,,,,,,,,
Andaman And Nicobar,Nicobar,Car Nicobar,9.1573,92.7581,26.4,2026-09-28,02:30:00,94.0,2026-09-27,02:30:00,2026-09-28 02:46:46,30.25,Zone 4,62.25,Zone 5,29.72,Zone 4,61.18,Zone 5,37.32,Zone 5,64.14,Zone 5,57.64,Zone 5,66.3,Zone 5,62.25,Zone 5,67.97,Zone 5
Andaman And Nicobar,Nicobar,Nancowry,7.9768,93.5509,39.9,2026-09-28,02:30:00,96.0,2026-09-27,02:30:00,2026-09-28 02:46:46,97.35000000000002,Zone 6,110.89,Zone 6,100.6,Zone 6,108.89,Zone 6,104.11,Zone 6,112.3,Zone 6,107.51,Zone 6,115.63,Zone 6,110.89,Zone 6,118.92,Zone 6
Andaman And Nicobar,N M Andaman,Mayabunder,12.8755,92.8922,26.3,2026-09-28,02:15:00,,,,2026-09-28 02:46:46,,,,,,,,,,,,,,,,,,,,
Andaman And Nicobar,South Andaman,Ferrargunj,11.7206,92.6542,26.6,2026-09-28,02:30:00,82.0,2026-09-27,02:30:00,2026-09-28 02:46:46,29.350000000000023,Zone 4,59.56,Zone 5,28.46,Zone 4,56.94,Zone 5,34.89,Zone 4,61.8,Zone 5,44.82,Zone 5,64.27,Zone 5,59.56,Zone 5,66.18,Zone 5
Andaman And Nicobar,South Andaman,Hut Bay,10.5962,92.5364,24.8,2026-09-28,02:30:00,99.0,2026-09-27,02:30:00,2026-09-28 02:46:46,27.55000000000001,Zone 4,60.7,Zone 5,27.14,Zone 4,59.58,Zone 5,34.22,Zone 4,62.78,Zone 5,50.32,Zone 5,65.12,Zone 5,60.7,Zone 5,66.93,Zone 5
Andaman And Nicobar,South Andaman,Shaheed Dweep,11.6562,92.7432,27.7,2026-09-28,02:30:00,95.0,2026-09-27,02:30:00,2026-09-28 02:46:46,33.650000000000034,Zone 4,64.23,Zone 5,32.28,Zone 4,63.22,Zone 5,48.17,Zone 5,65.87,Zone 5,60.99,Zone 5,67.8,Zone 5,64.23,Zone 5,69.28,Zone 5
Andaman And Nicobar,South Andaman,Sri Vijaya Puram Aws400,11.0,92.744,26.6,2026-09-28,02:30:00,92.0,2026-09-27,02:30:00,2026-09-28 02:46:46,30.450000000000045,Zone 4,61.81,Zone 5,29.49,Zone 4,60.73,Zone 5,36.66,Zone 4,63.75,Zone 5,55.67,Zone 5,65.97,Zone 5,61.81,Zone 5,67.67,Zone 5
Andaman And Nicobar,South Andaman,Swaraj Deep,12.0124,92.9824,26.9,2026-09-28,02:30:00,,,,2026-09-28 02:46:46,,,,,,,,,,,,,,,,,,,,
Andhra Pradesh,Alluri Sitharama Raju,Araku Valley,18.32,82.87,20.3,2026-09-28,02:30:00,96.0,2026-09-27,02:30:00,2026-09-28 02:46:46,21.650000000000034,Zone 3,36.24,Zone 4,21.23,Zone 3,35.05,Zone 4,26.17,Zone 4,45.82,Zone 5,31.34,Zone 4,58.72,Zone 5,36.24,Zone 4,61.47,Zone 5
Andhra Pradesh,Alluri Sitharama Raju,Chintapalli Amfu,17.895,82.3417,18.4,2026-09-28,02:30:00,93.0,2026-09-27,02:30:00,2026-09-28 02:46:46,19.25,Zone 3,32.97,Zone 4,18.56,Zone 3,32.0,Zone 4,24.17,Zone 3,36.44,Zone 4,28.44,Zone 4,47.63,Zone 5,32.97,Zone 4,58.92,Zone 5
Andhra Pradesh,Anantapur,Kh Govtdegcollege Dharmavaram,14.4308,77.7065,25.8,2026-09-28,02:30:00,98.0,2026-09-27,02:30:00,2026-09-28 02:46:46,29.450000000000045,Zone 4,62.24,Zone 5,29.09,Zone 4,61.17,Zone 5,37.27,Zone 5,64.13,Zone 5,57.6,Zone 5,66.29,Zone 5,62.24,Zone 5,67.96,Zone 5
Andhra Pradesh,Bapatla,Bapatla Aws400,15.919,80.4838,25.4,2026-09-28,02:30:00,89.0,2026-09-27,02:30:00,2026-09-28 02:46:46,27.75,Zone 4,59.45,Zone 5,27.28,Zone 4,56.49,Zone 5,33.86,Zone 4,61.69,Zone 5,44.28,Zone 5,64.18,Zone 5,59.45,Zone 5,66.1,Zone 5
Andhra Pradesh,Bapatla,Chirala,15.8295,80.3803,26.4,2026-09-28,02:30:00,66.0,2026-09-27,02:30:00,2026-09-28 02:46:46,27.650000000000034,Zone 4,46.32,Zone 5,27.18,Zone 4,41.77,Zone 5,32.72,Zone 4,57.31,Zone 5,37.77,Zone 4,61.43,Zone 5,46.32,Zone 5,63.68,Zone 5
Andhra Pradesh,Eluru,Vijayarai,16.63,81.04,24.3,2026-09-28,02:30:00,69.0,2026-09-27,02:30:00,2026-09-28 02:46:46,25.05000000000001,Zone 3,39.55,Zone 4,24.72,Zone 3,38.41,Zone 4,30.04,Zone 4,49.28,Zone 5,34.93,Zone 4,59.67,Zone 5,39.55,Zone 4,62.13,Zone 5
Andhra Pradesh,Kakinada,Kakinada,16.96,82.23,25.9,2026-09-28,02:30:00,86.0,2026-09-27,02:30:00,2026-09-28 02:46:46,28.450000000000045,Zone 4,59.63,Zone 5,27.92,Zone 4,57.19,Zone 5,34.46,Zone 4,61.85,Zone 5,45.15,Zone 5,64.32,Zone 5,59.63,Zone 5,66.23,Zone 5
Andhra Pradesh,Kakinada,Peddapuram,17.0717,82.165,26.4,2026-09-28,02:30:00,91.0,2026-09-27,02:30:00,2026-09-28 02:46:46,29.950000000000045,Zone 4,61.59,Zone 5,29.38,Zone 4,60.5,Zone 5,36.46,Zone 4,63.56,Zone 5,54.64,Zone 5,65.8,Zone 5,61.59,Zone 5,67.53,Zone 5
Andhra Pradesh,Konaseema,Ambajipeta Arg,16.6,81.94,24.8,2026-09-28,02:30:00,100.0,2026-09-27,02:30:00,2026-09-28 02:46:46,27.55000000000001,Zone 4,60.9,Zone 5,27.22,Zone 4,59.79,Zone 5,34.38,Zone 4,62.96,Zone 5,51.33,Zone 5,65.28,Zone 5,60.9,Zone 5,67.07,Zone 5
Andhra Pradesh,Konaseema,Ambajipeta Aws,16.602,81.9448,25.1,2026-09-28,02:30:00,100.0,2026-09-27,02:30:00,2026-09-28 02:46:46,28.150000000000034,Zone 4,60.9,Zone 5,27.22,Zone 4,59.79,Zone 5,34.38,Zone 4,62.96,Zone 5,51.33,Zone 5,65.28,Zone 5,60.9,Zone 5,67.07,Zone 5
Andhra Pradesh,Krishna,Kv Gopalnagar Machilipatnam,16.1983,81.1258,26.7,2026-09-28,02:30:00,97.0,2026-09-27,02:30:00,2026-09-28 02:46:46,31.350000000000023,Zone 4,62.91,Zone 5,30.09,Zone 4,61.85,Zone 5,40.58,Zone 5,64.71,Zone 5,59.41,Zone 5,66.8,Zone 5,62.91,Zone 5,68.4,Zone 5
Andhra Pradesh,Ntr,Mylavaram College Of  Engineer,16.751,80.6327,23.6,2026-09-28,02:30:00,100.0,2026-09-27,02:30:00,2026-09-28 02:46:46,25.450000000000045,Zone 4,56.39,Zone 5,24.83,Zone 3,51.81,Zone 5,31.19,Zone 4,60.68,Zone 5,39.18,Zone 5,63.3,Zone 5,56.39,Zone 5,65.33,Zone 5
Andhra Pradesh,Prakasam,Cs Puram,15.1627,79.2892,25.4,2026-09-28,02:30:00,93.0,2026-09-27,02:30:00,2026-09-28 02:46:46,28.150000000000034,Zone 4,60.31,Zone 5,27.6,Zone 4,59.19,Zone 5,34.45,Zone 4,62.44,Zone 5,48.41,Zone 5,64.83,Zone 5,60.31,Zone 5,66.67,Zone 5
Andhra Pradesh,Srikakulam,Nagaralapeta Kalingapatnam,18.3334,84.1163,27.4,2026-09-28,02:30:00,100.0,2026-09-27,02:30:00,2026-09-28 02:46:46,33.85000000000002,Zone 4,65.36,Zone 5,33.22,Zone 4,64.38,Zone 5,54.9,Zone 5,66.86,Zone 5,62.33,Zone 5,68.65,Zone 5,65.36,Zone 5,71.14,Zone 6
Andhra Pradesh,Srikakulam,Ragolu,18.4101,83.903,25.5,2026-09-28,02:30:00,97.0,2026-09-27,02:30:00,2026-09-28 02:46:46,28.75,Zone 4,61.15,Zone 5,27.95,Zone 4,60.05,Zone 5,35.09,Zone 4,63.18,Zone 5,52.56,Zone 5,65.47,Zone 5,61.15,Zone 5,67.24,Zone 5
Andhra Pradesh,Visakhapatnam,Anandapuram Arg,17.89,83.37,25.4,2026-09-28,02:30:00,97.0,2026-09-27,02:30:00,2026-09-28 02:46:46,28.450000000000045,Zone 4,61.15,Zone 5,27.95,Zone 4,60.05,Zone 5,35.09,Zone 4,63.18,Zone 5,52.56,Zone 5,65.47,Zone 5,61.15,Zone 5,67.24,Zone 5
Andhra Pradesh,Visakhapatnam,Gangavaram Port,17.6247,83.2283,27.8,2026-09-28,02:30:00,100.0,2026-09-27,02:30:00,2026-09-28 02:46:46,35.05000000000001,Zone 5,66.26,Zone 5,34.81,Zone 4,65.32,Zone 5,59.24,Zone 5,67.65,Zone 5,63.42,Zone 5,69.34,Zone 5,66.26,Zone 5,72.76,Zone 6
Andhra Pradesh,Visakhapatnam,Mehadrigadda Dam,,,,,,96.0,2026-09-27,02:30:00,2026-09-28 02:46:46,,,,,,,,,,,,,,,,,,,,
Andhra Pradesh,Vizianagaram,Bobbili,18.57,83.35,25.8,2026-09-28,02:30:00,98.0,2026-09-27,02:30:00,2026-09-28 02:46:46,29.450000000000045,Zone 4,62.24,Zone 5,29.09,Zone 4,61.17,Zone 5,37.27,Zone 5,64.13,Zone 5,57.6,Zone 5,66.29,Zone 5,62.24,Zone 5,67.96,Zone 5
Andhra Pradesh,Vizianagaram,Vizianagaram,18.1417,83.415,26.5,2026-09-28,02:30:00,99.0,2026-09-27,02:30:00,2026-09-28 02:46:46,31.150000000000034,Zone 4,63.34,Zone 5,30.36,Zone 4,62.3,Zone 5,42.95,Zone 5,65.09,Zone 5,59.93,Zone 5,67.13,Zone 5,63.34,Zone 5,68.69,Zone 5
Andhra Pradesh,West Godavari,Bhimavaram,16.5449,81.4932,25.8,2026-09-28,02:30:00,100.0,2026-09-27,02:30:00,2026-09-28 02:46:46,29.650000000000034,Zone 4,62.67,Zone 5,29.31,Zone 4,61.61,Zone 5,39.34,Zone 5,64.5,Zone 5,59.12,Zone 5,66.62,Zone 5,62.67,Zone 5,68.24,Zone 5
Andhra Pradesh,West Godavari,Kv Gopannapalem Eluru,16.7687,81.1191,24.2,2026-09-28,02:30:00,57.0,2026-09-27,02:30:00,2026-09-28 02:46:46,24.350000000000023,Zone 3,37.22,Zone 4,23.57,Zone 3,36.3,Zone 4,28.56,Zone 4,40.42,Zone 4,33.02,Zone 4,51.65,Zone 5,37.22,Zone 4,59.85,Zone 5
Andhra Pradesh,West Godavari,Maruteru,16.6467,81.7633,27.8,2026-09-28,02:30:00,97.0,2026-09-27,02:30:00,2026-09-28 02:46:46,34.35000000000002,Zone 4,65.58,Zone 5,34.11,Zone 4,64.62,Zone 5,56.17,Zone 5,67.05,Zone 5,62.6,Zone 5,68.82,Zone 5,65.58,Zone 5,71.54,Zone 6
Andhra Pradesh,West Godavari,Narsapur,16.4365,81.6944,26.0,2026-09-28,02:30:00,,,,2026-09-28 02:46:46,,,,,,,,,,,,,,,,,,,,
Arunachal Pradesh,Changlang,Miao,27.4821,96.1978,25.2,2026-09-28,02:30:00,97.0,2026-09-27,02:30:00,2026-09-28 02:46:46,28.150000000000034,Zone 4,60.28,Zone 5,26.99,Zone 4,59.16,Zone 5,33.93,Zone 4,62.42,Zone 5,48.3,Zone 5,64.81,Zone 5,60.28,Zone 5,66.66,Zone 5
Arunachal Pradesh,Dibang Valley,Anini,28.7928,95.8956,18.3,2026-09-28,02:30:00,100.0,2026-09-27,02:30:00,2026-09-28 02:46:46,19.450000000000045,Zone 3,33.46,Zone 4,18.9,Zone 3,32.41,Zone 4,24.34,Zone 3,37.62,Zone 5,28.77,Zone 4,51.16,Zone 5,33.46,Zone 4,59.75,Zone 5
Arunachal Pradesh,East Kameng,Seppa Pampoli,27.3178,93.0042,27.2,2026-09-28,02:30:00,92.0,2026-09-27,02:30:00,2026-09-28 02:46:46,31.850000000000023,Zone 4,62.68,Zone 5,30.59,Zone 4,61.62,Zone 5,39.39,Zone 5,64.51,Zone 5,59.13,Zone 5,66.63,Zone 5,62.68,Zone 5,68.25,Zone 5
Arunachal Pradesh,East Siang,Pashighat,28.0695,95.3323,24.0,2026-09-28,02:30:00,100.0,2026-09-27,02:30:00,2026-09-28 02:46:46,26.150000000000034,Zone 4,59.15,Zone 5,25.42,Zone 4,55.33,Zone 5,32.18,Zone 4,61.44,Zone 5,42.93,Zone 5,63.96,Zone 5,59.15,Zone 5,65.91,Zone 5
Arunachal Pradesh,Kamle,Raga,27.7923,94.0753,22.1,2026-09-28,02:30:00,100.0,2026-09-27,02:30:00,2026-09-28 02:46:46,23.850000000000023,Zone 3,46.01,Zone 5,23.18,Zone 3,41.41,Zone 5,28.57,Zone 4,57.02,Zone 5,34.19,Zone 4,61.36,Zone 5,46.01,Zone 5,63.62,Zone 5
Arunachal Pradesh,Kurung Kumey,Koloraing,27.8989,93.352,21.7,2026-09-28,02:30:00,100.0,2026-09-27,02:30:00,2026-09-28 02:46:46,23.350000000000023,Zone 3,42.68,Zone 5,22.6,Zone 3,38.42,Zone 5,27.79,Zone 4,54.2,Zone 5,33.3,Zone 4,60.72,Zone 5,42.68,Zone 5,63.06,Zone 5
Arunachal Pradesh,Kurung Kumey,Nyapin,27.7505,93.3989,20.8,2026-09-28,02:30:00,100.0,2026-09-27,02:30:00,2026-09-28 02:46:46,22.350000000000023,Zone 3,39.6,Zone 5,22.01,Zone 3,36.25,Zone 4,27.05,Zone 4,51.26,Zone 5,32.45,Zone 4,60.09,Zone 5,39.6,Zone 5,62.5,Zone 5
Arunachal Pradesh,Leparada,Basar,27.995,94.704,22.1,2026-09-28,02:30:00,100.0,2026-09-27,02:30:00,2026-09-28 02:46:46,23.850000000000023,Zone 3,46.01,Zone 5,23.18,Zone 3,41.41,Zone 5,28.57,Zone 4,57.02,Zone 5,34.19,Zone 4,61.36,Zone 5,46.01,Zone 5,63.62,Zone 5
Arunachal Pradesh,Lohit,Wakro,27.7834,96.3498,24.5,2026-09-28,02:30:00,83.0,2026-09-27,02:30:00,2026-09-28 02:46:46,25.950000000000045,Zone 4,49.22,Zone 5,25.28,Zone 3,44.48,Zone 5,31.28,Zone 4,59.14,Zone 5,36.74,Zone 4,61.96,Zone 5,49.22,Zone 5,64.15,Zone 5
Arunachal Pradesh,Longding,Longding,27.0243,95.1844,25.3,2026-09-28,02:30:00,,,,2026-09-28 02:46:46,,,,,,,,,,,,,,,,,,,,
Arunachal Pradesh,Longding,Longding New,26.8863,95.3257,23.6,2026-09-28,02:30:00,100.0,2026-09-27,02:30:00,2026-09-28 02:46:46,25.450000000000045,Zone 4,56.39,Zone 5,24.83,Zone 3,51.81,Zone 5,31.19,Zone 4,60.68,Zone 5,39.18,Zone 5,63.3,Zone 5,56.39,Zone 5,65.33,Zone 5
Arunachal Pradesh,Lower Siang,Kangku,27.5767,94.4999,24.8,2026-09-28,02:30:00,100.0,2026-09-27,02:30:00,2026-09-28 02:46:46,27.55000000000001,Zone 4,60.9,Zone 5,27.22,Zone 4,59.79,Zone 5,34.38,Zone 4,62.96,Zone 5,51.33,Zone 5,65.28,Zone 5,60.9,Zone 5,67.07,Zone 5
Arunachal Pradesh,Lower Subansiri,Deed,27.5937,93.5671,21.2,2026-09-28,02:30:00,100.0,2026-09-27,02:30:00,2026-09-28 02:46:46,22.850000000000023,Zone 3,39.6,Zone 5,22.01,Zone 3,36.25,Zone 4,27.05,Zone 4,51.26,Zone 5,32.45,Zone 4,60.09,Zone 5,39.6,Zone 5,62.5,Zone 5
Arunachal Pradesh,Lower Subansiri,Yachuli,,,,,,99.0,2026-09-27,02:30:00,2026-09-28 02:46:46,,,,,,,,,,,,,,,,,,,,
Arunachal Pradesh,Lower Subansiri,Ziro Manipolyang,27.5298,93.8385,17.1,2026-09-28,02:30:00,100.0,2026-09-27,02:30:00,2026-09-28 02:46:46,17.950000000000045,Zone 3,31.4,Zone 4,16.95,Zone 3,30.48,Zone 4,23.12,Zone 3,34.88,Zone 4,26.92,Zone 4,43.77,Zone 5,31.4,Zone 4,55.81,Zone 5
Arunachal Pradesh,Namsai,Lekang,27.6386,95.81,25.0,2026-09-28,02:30:00,94.0,2026-09-27,02:30:00,2026-09-28 02:46:46,27.450000000000045,Zone 4,59.66,Zone 5,26.77,Zone 4,57.29,Zone 5,33.5,Zone 4,61.88,Zone 5,45.28,Zone 5,64.34,Zone 5,59.66,Zone 5,66.24,Zone 5
Arunachal Pradesh,Namsai,Namsai Kvk,27.7804,95.9747,25.1,2026-09-28,02:30:00,100.0,2026-09-27,02:30:00,2026-09-28 02:46:46,28.150000000000034,Zone 4,60.9,Zone 5,27.22,Zone 4,59.79,Zone 5,34.38,Zone 4,62.96,Zone 5,51.33,Zone 5,65.28,Zone 5,60.9,Zone 5,67.07,Zone 5
Arunachal Pradesh,Papumpare,Itanagar,27.076,93.6043,25.6,2026-09-28,02:30:00,100.0,2026-09-27,02:30:00,2026-09-28 02:46:46,29.25,Zone 4,61.78,Zone 5,28.23,Zone 4,60.7,Zone 5,35.61,Zone 4,63.73,Zone 5,55.54,Zone 5,65.94,Zone 5,61.78,Zone 5,67.65,Zone 5
Arunachal Pradesh,Papumpare,Yupia,27.1389,93.7169,27.2,2026-09-28,02:30:00,95.0,2026-09-27,02:30:00,2026-09-28 02:46:46,32.35000000000002,Zone 4,63.35,Zone 5,31.01,Zone 4,62.31,Zone 5,42.99,Zone 5,65.1,Zone 5,59.94,Zone 5,67.13,Zone 5,63.35,Zone 5,68.7,Zone 5
Arunachal Pradesh,Siang,Pangin Circle,28.2162,94.9955,23.3,2026-09-28,02:30:00,99.0,2026-09-27,02:30:00,2026-09-28 02:46:46,25.05000000000001,Zone 3,55.64,Zone 5,24.8,Zone 3,51.0,Zone 5,31.09,Zone 4,60.51,Zone 5,38.4,Zone 5,63.15,Zone 5,55.64,Zone 5,65.2,Zone 5
Arunachal Pradesh,Tirap,Deomali,27.1919,95.4636,24.6,2026-09-28,02:30:00,100.0,2026-09-27,02:30:00,2026-09-28 02:46:46,27.25,Zone 4,60.03,Zone 5,26.29,Zone 4,58.62,Zone 5,33.24,Zone 4,62.19,Zone 5,47.04,Zone 5,64.61,Zone 5,60.03,Zone 5,66.49,Zone 5
Arunachal Pradesh,Tirap,Longding,26.8869,95.3219,23.1,2026-09-28,02:30:00,,,,2026-09-28 02:46:46,,,,,,,,,,,,,,,,,,,,
Arunachal Pradesh,Upper Siang,Yingkiong,28.64,95.0228,25.9,2026-09-28,02:30:00,,,,2026-09-28 02:46:46,,,,,,,,,,,,,,,,,,,,
Arunachal Pradesh,Upper Subhanseri,Daporijo,27.9883,94.22,25.8,2026-09-28,02:30:00,95.0,2026-09-27,02:30:00,2026-09-28 02:46:46,29.150000000000034,Zone 4,61.6,Zone 5,28.77,Zone 4,60.51,Zone 5,35.97,Zone 4,63.57,Zone 5,54.69,Zone 5,65.81,Zone 5,61.6,Zone 5,67.53,Zone 5
Arunachal Pradesh,West Kameng,Bomdila,27.2645,92.4159,21.8,2026-09-28,02:30:00,,,,2026-09-28 02:46:46,,,,,,,,,,,,,,,,,,,,
Arunachal Pradesh,West Kameng,Dirang,27.36,92.2439,22.5,2026-09-28,02:30:00,100.0,2026-09-27,02:30:00,2026-09-28 02:46:46,24.25,Zone 3,49.49,Zone 5,23.74,Zone 3,44.71,Zone 5,29.39,Zone 4,59.19,Zone 5,35.14,Zone 4,62.0,Zone 5,49.49,Zone 5,64.19,Zone 5
Arunachal Pradesh,West Kameng,Dirang,27.3813,92.2319,18.7,2026-09-28,02:30:00,100.0,2026-09-27,02:30:00,2026-09-28 02:46:46,19.950000000000045,Zone 3,33.46,Zone 4,18.9,Zone 3,32.41,Zone 4,24.34,Zone 3,37.62,Zone 5,28.77,Zone 4,51.16,Zone 5,33.46,Zone 4,59.75,Zone 5
Arunachal Pradesh,West Kameng,Kalaktang,27.1042,92.1205,19.4,2026-09-28,02:30:00,48.0,2026-09-27,02:30:00,2026-09-28 02:46:46,18.150000000000034,Zone 3,31.4,Zone 4,17.37,Zone 3,30.81,Zone 4,23.79,Zone 3,34.48,Zone 4,27.63,Zone 4,37.94,Zone 4,31.4,Zone 4,41.73,Zone 5
Arunachal Pradesh,West Siang,Along,28.2028,94.8025,25.4,2026-09-28,02:30:00,100.0,2026-09-27,02:30:00,2026-09-28 02:46:46,28.75,Zone 4,61.78,Zone 5,28.23,Zone 4,60.7,Zone 5,35.61,Zone 4,63.73,Zone 5,55.54,Zone 5,65.94,Zone 5,61.78,Zone 5,67.65,Zone 5
Arunachal Pradesh,West Siang,Yomcha,28.1297,94.5716,23.2,2026-09-28,02:30:00,100.0,2026-09-27,02:30:00,2026-09-28 02:46:46,24.950000000000045,Zone 3,53.01,Zone 5,24.29,Zone 3,48.21,Zone 5,30.26,Zone 4,59.93,Zone 5,36.15,Zone 4,62.65,Zone 5,53.01,Zone 5,64.76,Zone 5
Assam,Barpeta,Bajali University,26.5045,91.1854,26.4,2026-09-28,02:30:00,100.0,2026-09-27,02:30:00,2026-09-28 02:46:46,31.05000000000001,Zone 4,63.56,Zone 5,30.49,Zone 4,62.52,Zone 5,44.17,Zone 5,65.28,Zone 5,60.18,Zone 5,67.29,Zone 5,63.56,Zone 5,68.83,Zone 5
Assam,Barpeta,Barpeta,26.4689,90.9,26.6,2026-09-28,02:30:00,98.0,2026-09-27,02:30:00,2026-09-28 02:46:46,31.25,Zone 4,63.13,Zone 5,30.22,Zone 4,62.08,Zone 5,41.75,Zone 5,64.9,Zone 5,59.67,Zone 5,66.96,Zone 5,63.13,Zone 5,68.55,Zone 5
Assam,Barpeta,Barpeta Kvk,26.4421,90.9824,26.6,2026-09-28,02:30:00,100.0,2026-09-27,02:30:00,2026-09-28 02:46:46,31.55000000000001,Zone 4,63.56,Zone 5,30.49,Zone 4,62.52,Zone 5,44.17,Zone 5,65.28,Zone 5,60.18,Zone 5,67.29,Zone 5,63.56,Zone 5,68.83,Zone 5
Assam,Charaideo,Sonari Aegcl,27.0309,95.0531,25.6,2026-09-28,02:30:00,100.0,2026-09-27,02:30:00,2026-09-28 02:46:46,29.25,Zone 4,61.78,Zone 5,28.23,Zone 4,60.7,Zone 5,35.61,Zone 4,63.73,Zone 5,55.54,Zone 5,65.94,Zone 5,61.78,Zone 5,67.65,Zone 5
Assam,Chirang,Chirang,26.5296,90.5018,26.9,2026-09-28,02:15:00,,,,2026-09-28 02:46:46,,,,,,,,,,,,,,,,,,,,
Assam,Chirang,Kajalgaon,26.5225,90.4997,26.4,2026-09-28,02:30:00,94.0,2026-09-27,02:30:00,2026-09-28 02:46:46,30.25,Zone 4,62.25,Zone 5,29.72,Zone 4,61.18,Zone 5,37.32,Zone 5,64.14,Zone 5,57.64,Zone 5,66.3,Zone 5,62.25,Zone 5,67.97,Zone 5
Assam,Darrang,Dalgaon,26.5689,92.1958,26.2,2026-09-28,02:30:00,89.0,2026-09-27,02:30:00,2026-09-28 02:46:46,29.25,Zone 4,60.29,Zone 5,28.19,Zone 4,59.18,Zone 5,34.93,Zone 4,62.43,Zone 5,48.35,Zone 5,64.82,Zone 5,60.29,Zone 5,66.67,Zone 5
Assam,Darrang,Garukhuti,26.3184,91.8986,26.2,2026-09-28,02:30:00,,,,2026-09-28 02:46:46,,,,,,,,,,,,,,,,,,,,
Assam,Darrang,Mangaldai,26.4328,92.0283,24.5,2026-09-28,02:30:00,89.0,2026-09-27,02:30:00,2026-09-28 02:46:46,26.25,Zone 4,54.38,Zone 5,25.61,Zone 4,49.66,Zone 5,31.91,Zone 4,60.23,Zone 5,37.65,Zone 4,62.91,Zone 5,54.38,Zone 5,64.99,Zone 5
Assam,Dhemaji,Silapathar Science College,27.6071,94.7327,25.6,2026-09-28,02:30:00,100.0,2026-09-27,02:30:00,2026-09-28 02:46:46,29.25,Zone 4,61.78,Zone 5,28.23,Zone 4,60.7,Zone 5,35.61,Zone 4,63.73,Zone 5,55.54,Zone 5,65.94,Zone 5,61.78,Zone 5,67.65,Zone 5
Assam,Dhubri,Agomani,26.1969,89.7902,26.7,2026-09-28,02:30:00,,,,2026-09-28 02:46:46,,,,,,,,,,,,,,,,,,,,
Assam,Dhubri,Bn College,26.024,89.9697,26.9,2026-09-28,02:30:00,99.0,2026-09-27,02:30:00,2026-09-28 02:46:46,32.25,Zone 4,64.24,Zone 5,31.62,Zone 4,63.22,Zone 5,48.18,Zone 5,65.87,Zone 5,60.99,Zone 5,67.8,Zone 5,64.24,Zone 5,69.28,Zone 5
Assam,Dhubri,Gauripur Aegcl,26.094,89.9854,26.3,2026-09-28,02:30:00,,,,2026-09-28 02:46:46,,,,,,,,,,,,,,,,,,,,
Assam,Dibrugarh,Bcpl Dibrugarh,,,,,,21.0,2026-09-27,02:30:00,2026-09-28 02:46:46,,,,,,,,,,,,,,,,,,,,
Assam,Dibrugarh,Dc Ofc Dibrugarh,27.4667,94.9116,26.4,2026-09-28,02:30:00,24.0,2026-09-27,02:30:00,2026-09-28 02:46:46,25.350000000000023,Zone 4,36.32,Zone 4,24.87,Zone 3,35.72,Zone 4,29.11,Zone 4,39.15,Zone 4,32.82,Zone 4,42.39,Zone 4,36.32,Zone 4,48.68,Zone 5
Assam,Dibrugarh,Lahowal,,,,,,14.0,2026-09-27,02:30:00,2026-09-28 02:46:46,,,,,,,,,,,,,,,,,,,,
Assam,Dima Hasao,Haflong Aegcl,25.191,93.0181,23.5,2026-09-28,02:30:00,100.0,2026-09-27,02:30:00,2026-09-28 02:46:46,25.25,Zone 3,56.39,Zone 5,24.83,Zone 3,51.81,Zone 5,31.19,Zone 4,60.68,Zone 5,39.18,Zone 5,63.3,Zone 5,56.39,Zone 5,65.33,Zone 5
Assam,Dima Hasao,Lkhep,25.6657,92.7825,26.0,2026-09-28,02:30:00,100.0,2026-09-27,02:30:00,2026-09-28 02:46:46,30.150000000000034,Zone 4,62.67,Zone 5,29.31,Zone 4,61.61,Zone 5,39.34,Zone 5,64.5,Zone 5,59.12,Zone 5,66.62,Zone 5,62.67,Zone 5,68.24,Zone 5
Assam,Goalpara,Agia Aegcl,,,,,,66.0,2026-09-27,02:30:00,2026-09-28 02:46:46,,,,,,,,,,,,,,,,,,,,
Assam,Goalpara,Goalpara,26.1594,90.6292,25.9,2026-09-28,02:30:00,100.0,2026-09-27,02:30:00,2026-09-28 02:46:46,29.850000000000023,Zone 4,62.67,Zone 5,29.31,Zone 4,61.61,Zone 5,39.34,Zone 5,64.5,Zone 5,59.12,Zone 5,66.62,Zone 5,62.67,Zone 5,68.24,Zone 5
Assam,Golaghat,Cnb Collage Bokakhat,26.639,93.592,26.1,2026-09-28,02:30:00,100.0,2026-09-27,02:30:00,2026-09-28 02:46:46,30.350000000000023,Zone 4,62.67,Zone 5,29.31,Zone 4,61.61,Zone 5,39.34,Zone 5,64.5,Zone 5,59.12,Zone 5,66.62,Zone 5,62.67,Zone 5,68.24,Zone 5
Assam,Golaghat,Golaghat,26.5,93.9167,26.4,2026-09-28,02:30:00,87.0,2026-09-27,02:30:00,2026-09-28 02:46:46,29.450000000000045,Zone 4,60.7,Zone 5,28.95,Zone 4,59.59,Zone 5,35.72,Zone 4,62.78,Zone 5,50.33,Zone 5,65.13,Zone 5,60.7,Zone 5,66.93,Zone 5
Assam,Hailakandi,Algapur Circle,24.7543,92.5947,27.3,2026-09-28,02:30:00,100.0,2026-09-27,02:30:00,2026-09-28 02:46:46,33.55000000000001,Zone 4,65.36,Zone 5,33.22,Zone 4,64.38,Zone 5,54.9,Zone 5,66.86,Zone 5,62.33,Zone 5,68.65,Zone 5,65.36,Zone 5,71.14,Zone 6
Assam,Hailakandi,Panchgram Aegcl,24.8663,92.5938,26.4,2026-09-28,02:30:00,100.0,2026-09-27,02:30:00,2026-09-28 02:46:46,31.05000000000001,Zone 4,63.56,Zone 5,30.49,Zone 4,62.52,Zone 5,44.17,Zone 5,65.28,Zone 5,60.18,Zone 5,67.29,Zone 5,63.56,Zone 5,68.83,Zone 5
Assam,Hajoi,Lumding,25.75,93.1779,27.2,2026-09-28,02:30:00,89.0,2026-09-27,02:30:00,2026-09-28 02:46:46,31.350000000000023,Zone 4,62.0,Zone 5,30.2,Zone 4,60.92,Zone 5,37.32,Zone 4,63.92,Zone 5,56.53,Zone 5,66.11,Zone 5,62.0,Zone 5,67.8,Zone 5
Assam,Jorhat,Mariyani Aegcl,26.6318,94.3357,26.4,2026-09-28,02:30:00,100.0,2026-09-27,02:30:00,2026-09-28 02:46:46,31.05000000000001,Zone 4,63.56,Zone 5,30.49,Zone 4,62.52,Zone 5,44.17,Zone 5,65.28,Zone 5,60.18,Zone 5,67.29,Zone 5,63.56,Zone 5,68.83,Zone 5
Assam,Kamrup,Amingaon,26.1926,91.6736,27.0,2026-09-28,02:30:00,,,,2026-09-28 02:46:46,,,,,,,,,,,,,,,,,,,,
Assam,Kamrup,Boko Aegcl,26.0159,91.1833,25.5,2026-09-28,02:30:00,100.0,2026-09-27,02:30:00,2026-09-28 02:46:46,29.05000000000001,Zone 4,61.78,Zone 5,28.23,Zone 4,60.7,Zone 5,35.61,Zone 4,63.73,Zone 5,55.54,Zone 5,65.94,Zone 5,61.78,Zone 5,67.65,Zone 5
Assam,Kamrup,Chandubi,25.8733,91.4317,27.0,2026-09-28,02:30:00,,,,2026-09-28 02:46:46,,,,,,,,,,,,,,,,,,,,
Assam,Kamrup Metropolitan,Aau Hrs,26.103,91.611,26.4,2026-09-28,02:30:00,100.0,2026-09-27,02:30:00,2026-09-28 02:46:46,31.05000000000001,Zone 4,63.56,Zone 5,30.49,Zone 4,62.52,Zone 5,44.17,Zone 5,65.28,Zone 5,60.18,Zone 5,67.29,Zone 5,63.56,Zone 5,68.83,Zone 5
Assam,Kamrup Metropolitan,Down Town University,26.2036,91.8654,26.5,2026-09-28,02:30:00,100.0,2026-09-27,02:30:00,2026-09-28 02:46:46,31.350000000000023,Zone 4,63.56,Zone 5,30.49,Zone 4,62.52,Zone 5,44.17,Zone 5,65.28,Zone 5,60.18,Zone 5,67.29,Zone 5,63.56,Zone 5,68.83,Zone 5
Assam,Kamrup Metropolitan,Gauhati University,26.1521,91.6566,26.4,2026-09-28,02:30:00,,,,2026-09-28 02:46:46,,,,,,,,,,,,,,,,,,,,
Assam,Kamrup Metropolitan,Guwahati,26.1,91.5667,26.2,2026-09-28,02:30:00,91.0,2026-09-27,02:30:00,2026-09-28 02:46:46,29.55000000000001,Zone 4,60.73,Zone 5,28.37,Zone 4,59.62,Zone 5,35.26,Zone 4,62.81,Zone 5,50.5,Zone 5,65.15,Zone 5,60.73,Zone 5,66.96,Zone 5
Assam,Kamrup Metropolitan,Guwahati City,26.1642,91.7566,26.5,2026-09-28,02:30:00,100.0,2026-09-27,02:30:00,2026-09-28 02:46:46,31.350000000000023,Zone 4,63.56,Zone 5,30.49,Zone 4,62.52,Zone 5,44.17,Zone 5,65.28,Zone 5,60.18,Zone 5,67.29,Zone 5,63.56,Zone 5,68.83,Zone 5
Assam,Kamrup Metropolitan,Kalakshetra,26.1313,91.8237,27.4,2026-09-28,02:30:00,,,,2026-09-28 02:46:46,,,,,,,,,,,,,,,,,,,,
Assam,Kamrup Metropolitan,Kamakhya,26.1036,91.5896,26.9,2026-09-28,02:30:00,100.0,2026-09-27,02:30:00,2026-09-28 02:46:46,32.35000000000002,Zone 4,64.46,Zone 5,31.79,Zone 4,63.45,Zone 5,49.51,Zone 5,66.07,Zone 5,61.26,Zone 5,67.97,Zone 5,64.46,Zone 5,69.54,Zone 6
Assam,Kamrup Metropolitan,Vcbc Rani,,,,,,100.0,2026-09-27,02:30:00,2026-09-28 02:46:46,,,,,,,,,,,,,,,,,,,,
Assam,Karbi Anglong(East),Bakulia,26.0545,93.2009,27.2,2026-09-28,02:30:00,83.0,2026-09-27,02:30:00,2026-09-28 02:46:46,30.55000000000001,Zone 4,60.62,Zone 5,29.49,Zone 4,59.52,Zone 5,36.14,Zone 4,62.72,Zone 5,49.96,Zone 5,65.07,Zone 5,60.62,Zone 5,66.89,Zone 5
Assam,Karbi Anglong(East),Diphu,25.8363,93.4348,25.6,2026-09-28,02:30:00,100.0,2026-09-27,02:30:00,2026-09-28 02:46:46,29.25,Zone 4,61.78,Zone 5,28.23,Zone 4,60.7,Zone 5,35.61,Zone 4,63.73,Zone 5,55.54,Zone 5,65.94,Zone 5,61.78,Zone 5,67.65,Zone 5
Assam,Karbi Anglong(West),Habang Circle,25.7152,92.2087,21.8,2026-09-28,02:30:00,100.0,2026-09-27,02:30:00,2026-09-28 02:46:46,23.55000000000001,Zone 3,46.01,Zone 5,23.18,Zone 3,41.41,Zone 5,28.57,Zone 4,57.02,Zone 5,34.19,Zone 4,61.36,Zone 5,46.01,Zone 5,63.62,Zone 5
Assam,Karbi Anglong(West),Kheronighat,25.8495,92.8816,26.5,2026-09-28,02:30:00,89.0,2026-09-27,02:30:00,2026-09-28 02:46:46,29.850000000000023,Zone 4,61.15,Zone 5,29.16,Zone 4,60.05,Zone 5,36.08,Zone 4,63.17,Zone 5,52.52,Zone 5,65.46,Zone 5,61.15,Zone 5,67.23,Zone 5
Assam,Karbi Anglong(West),Umlapher,25.796,92.2356,22.4,2026-09-28,02:30:00,100.0,2026-09-27,02:30:00,2026-09-28 02:46:46,24.150000000000034,Zone 3,49.49,Zone 5,23.74,Zone 3,44.71,Zone 5,29.39,Zone 4,59.19,Zone 5,35.14,Zone 4,62.0,Zone 5,49.49,Zone 5,64.19,Zone 5
Assam,Karbi Anglong(West),Umpanai Apdcl,,,,,,45.0,2026-09-27,02:30:00,2026-09-28 02:46:46,,,,,,,,,,,,,,,,,,,,
Assam,Karimganj,Harinagar,,,,,,13.0,2026-09-27,02:30:00,2026-09-28 02:46:46,,,,,,,,,,,,,,,,,,,,
Assam,Kokrajhar,Salakati Aegcl,26.4407,90.368,26.6,2026-09-28,02:30:00,100.0,2026-09-27,02:30:00,2026-09-28 02:46:46,31.55000000000001,Zone 4,63.56,Zone 5,30.49,Zone 4,62.52,Zone 5,44.17,Zone 5,65.28,Zone 5,60.18,Zone 5,67.29,Zone 5,63.56,Zone 5,68.83,Zone 5
Assam,Lakhimpur,Lakhimpur,27.2808,94.1103,25.6,2026-09-28,02:30:00,100.0,2026-09-27,02:30:00,2026-09-28 02:46:46,29.25,Zone 4,61.78,Zone 5,28.23,Zone 4,60.7,Zone 5,35.61,Zone 4,63.73,Zone 5,55.54,Zone 5,65.94,Zone 5,61.78,Zone 5,67.65,Zone 5
Assam,Majuli,Majuli,26.9778,94.1445,26.1,2026-09-28,02:30:00,100.0,2026-09-27,02:30:00,2026-09-28 02:46:46,30.350000000000023,Zone 4,62.67,Zone 5,29.31,Zone 4,61.61,Zone 5,39.34,Zone 5,64.5,Zone 5,59.12,Zone 5,66.62,Zone 5,62.67,Zone 5,68.24,Zone 5
Assam,Marigaon,Dharamtul,26.1689,92.3569,27.5,2026-09-28,02:30:00,97.0,2026-09-27,02:30:00,2026-09-28 02:46:46,33.55000000000001,Zone 4,64.69,Zone 5,32.64,Zone 4,63.69,Zone 5,50.9,Zone 5,66.27,Zone 5,61.53,Zone 5,68.14,Zone 5,64.69,Zone 5,69.95,Zone 6
Assam,Marigaon,Laharighat,26.42,92.33,27.2,2026-09-28,02:30:00,89.0,2026-09-27,02:30:00,2026-09-28 02:46:46,31.350000000000023,Zone 4,62.0,Zone 5,30.2,Zone 4,60.92,Zone 5,37.32,Zone 4,63.92,Zone 5,56.53,Zone 5,66.11,Zone 5,62.0,Zone 5,67.8,Zone 5
Assam,Nagaon,Kampur,26.1625,92.6646,23.4,2026-09-28,02:30:00,,,,2026-09-28 02:46:46,,,,,,,,,,,,,,,,,,,,
Assam,Nagaon,Samaguri Aegcl,26.4055,92.843,26.1,2026-09-28,02:30:00,100.0,2026-09-27,02:30:00,2026-09-28 02:46:46,30.350000000000023,Zone 4,62.67,Zone 5,29.31,Zone 4,61.61,Zone 5,39.34,Zone 5,64.5,Zone 5,59.12,Zone 5,66.62,Zone 5,62.67,Zone 5,68.24,Zone 5
Assam,Nalbari,Nalbari,26.4446,91.4411,30.9,2026-09-28,02:30:00,95.0,2026-09-27,02:30:00,2026-09-28 02:46:46,61.05000000000001,Zone 5,71.61,Zone 6,60.73,Zone 5,70.17,Zone 6,65.63,Zone 5,73.72,Zone 6,68.57,Zone 5,77.19,Zone 6,71.61,Zone 6,80.62,Zone 6
Assam,Nalbari,Nalbari Kvk,26.4707,91.4285,26.4,2026-09-28,02:30:00,100.0,2026-09-27,02:30:00,2026-09-28 02:46:46,31.05000000000001,Zone 4,63.56,Zone 5,30.49,Zone 4,62.52,Zone 5,44.17,Zone 5,65.28,Zone 5,60.18,Zone 5,67.29,Zone 5,63.56,Zone 5,68.83,Zone 5
Assam,Nalbari,Tihu,26.47,91.26,27.2,2026-09-28,02:30:00,89.0,2026-09-27,02:30:00,2026-09-28 02:46:46,31.350000000000023,Zone 4,62.0,Zone 5,30.2,Zone 4,60.92,Zone 5,37.32,Zone 4,63.92,Zone 5,56.53,Zone 5,66.11,Zone 5,62.0,Zone 5,67.8,Zone 5
Assam,Sivasagar,Sivsagar Aegcl,27.0212,94.6722,26.8,2026-09-28,02:30:00,100.0,2026-09-27,02:30:00,2026-09-28 02:46:46,32.150000000000034,Zone 4,64.46,Zone 5,31.79,Zone 4,63.45,Zone 5,49.51,Zone 5,66.07,Zone 5,61.26,Zone 5,67.97,Zone 5,64.46,Zone 5,69.54,Zone 6
Assam,Sonitpur,Dhekiajuli Aegcl,26.6928,92.3765,26.4,2026-09-28,02:30:00,100.0,2026-09-27,02:30:00,2026-09-28 02:46:46,31.05000000000001,Zone 4,63.56,Zone 5,30.49,Zone 4,62.52,Zone 5,44.17,Zone 5,65.28,Zone 5,60.18,Zone 5,67.29,Zone 5,63.56,Zone 5,68.83,Zone 5
Assam,Sonitpur,Ghoramara Aegcl,26.7622,92.7604,26.2,2026-09-28,02:30:00,100.0,2026-09-27,02:30:00,2026-09-28 02:46:46,30.55000000000001,Zone 4,62.67,Zone 5,29.31,Zone 4,61.61,Zone 5,39.34,Zone 5,64.5,Zone 5,59.12,Zone 5,66.62,Zone 5,62.67,Zone 5,68.24,Zone 5
Assam,Tamulpur,Mushalpur,26.6594,91.3409,26.6,2026-09-28,02:30:00,99.0,2026-09-27,02:30:00,2026-09-28 02:46:46,31.450000000000045,Zone 4,63.34,Zone 5,30.36,Zone 4,62.3,Zone 5,42.95,Zone 5,65.09,Zone 5,59.93,Zone 5,67.13,Zone 5,63.34,Zone 5,68.69,Zone 5
Assam,Tinsukia,Margherita,27.2954,95.6564,25.1,2026-09-28,02:30:00,100.0,2026-09-27,02:30:00,2026-09-28 02:46:46,28.150000000000034,Zone 4,60.9,Zone 5,27.22,Zone 4,59.79,Zone 5,34.38,Zone 4,62.96,Zone 5,51.33,Zone 5,65.28,Zone 5,60.9,Zone 5,67.07,Zone 5
Assam,Tinsukia,Ntps Apdcl,27.1791,95.3749,24.9,2026-09-28,02:30:00,100.0,2026-09-27,02:30:00,2026-09-28 02:46:46,27.75,Zone 4,60.9,Zone 5,27.22,Zone 4,59.79,Zone 5,34.38,Zone 4,62.96,Zone 5,51.33,Zone 5,65.28,Zone 5,60.9,Zone 5,67.07,Zone 5
Assam,Tinsukia,Rupai Aegcl,27.5989,95.566,26.4,2026-09-28,02:30:00,100.0,2026-09-27,02:30:00,2026-09-28 02:46:46,31.05000000000001,Zone 4,63.56,Zone 5,30.49,Zone 4,62.52,Zone 5,44.17,Zone 5,65.28,Zone 5,60.18,Zone 5,67.29,Zone 5,63.56,Zone 5,68.83,Zone 5
Assam,Tinsukia,Tinsukia,27.4886,95.3558,26.5,2026-09-28,02:30:00,91.0,2026-09-27,02:30:00,2026-09-28 02:46:46,30.150000000000034,Zone 4,61.59,Zone 5,29.38,Zone 4,60.5,Zone 5,36.46,Zone 4,63.56,Zone 5,54.64,Zone 5,65.8,Zone 5,61.59,Zone 5,67.53,Zone 5
Assam,Udalguri,Rowta Aegcl,26.7224,92.1909,26.4,2026-09-28,02:30:00,100.0,2026-09-27,02:30:00,2026-09-28 02:46:46,31.05000000000001,Zone 4,63.56,Zone 5,30.49,Zone 4,62.52,Zone 5,44.17,Zone 5,65.28,Zone 5,60.18,Zone 5,67.29,Zone 5,63.56,Zone 5,68.83,Zone 5
Assam,Udalguri,Tangla,26.6589,91.91,26.4,2026-09-28,02:30:00,100.0,2026-09-27,02:30:00,2026-09-28 02:46:46,31.05000000000001,Zone 4,63.56,Zone 5,30.49,Zone 4,62.52,Zone 5,44.17,Zone 5,65.28,Zone 5,60.18,Zone 5,67.29,Zone 5,63.56,Zone 5,68.83,Zone 5
Assam,Udalguri,Udalguri,26.7322,92.0939,26.6,2026-09-28,02:30:00,100.0,2026-09-27,02:30:00,2026-09-28 02:46:46,31.55000000000001,Zone 4,63.56,Zone 5,30.49,Zone 4,62.52,Zone 5,44.17,Zone 5,65.28,Zone 5,60.18,Zone 5,67.29,Zone 5,63.56,Zone 5,68.83,Zone 5
Assam,Udalguri,Udi Kvk,26.6531,92.1803,26.3,2026-09-28,02:30:00,,,,2026-09-28 02:46:46,,,,,,,,,,,,,,,,,,,,
Bihar,Araria,Araria Kvk,26.1183,87.4492,25.8,2026-09-28,02:30:00,100.0,2026-09-27,02:30:00,2026-09-28 02:46:46,29.650000000000034,Zone 4,62.67,Zone 5,29.31,Zone 4,61.61,Zone 5,39.34,Zone 5,64.5,Zone 5,59.12,Zone 5,66.62,Zone 5,62.67,Zone 5,68.24,Zone 5
Bihar,Arwal,Arwal Aws400,25.1495,84.5135,23.2,2026-09-28,02:30:00,100.0,2026-09-27,02:30:00,2026-09-28 02:46:46,24.950000000000045,Zone 3,53.01,Zone 5,24.29,Zone 3,48.21,Zone 5,30.26,Zone 4,59.93,Zone 5,36.15,Zone 4,62.65,Zone 5,53.01,Zone 5,64.76,Zone 5
Bihar,Aurangabad,Aurangabad Kvk,24.8373,84.2844,23.9,2026-09-28,02:30:00,100.0,2026-09-27,02:30:00,2026-09-28 02:46:46,25.950000000000045,Zone 4,59.15,Zone 5,25.42,Zone 4,55.33,Zone 5,32.18,Zone 4,61.44,Zone 5,42.93,Zone 5,63.96,Zone 5,59.15,Zone 5,65.91,Zone 5
Bihar,Buxar,Dumaraon,25.5333,84.1592,22.6,2026-09-28,02:30:00,100.0,2026-09-27,02:30:00,2026-09-28 02:46:46,24.350000000000023,Zone 3,49.49,Zone 5,23.74,Zone 3,44.71,Zone 5,29.39,Zone 4,59.19,Zone 5,35.14,Zone 4,62.0,Zone 5,49.49,Zone 5,64.19,Zone 5
Bihar,Darbhanga,Darbhanga Aws400,26.1642,85.9004,25.1,2026-09-28,02:30:00,100.0,2026-09-27,02:30:00,2026-09-28 02:46:46,28.150000000000034,Zone 4,60.9,Zone 5,27.22,Zone 4,59.79,Zone 5,34.38,Zone 4,62.96,Zone 5,51.33,Zone 5,65.28,Zone 5,60.9,Zone 5,67.07,Zone 5
Bihar,Gaya,Bodhgaya,24.6837,84.9635,24.2,2026-09-28,02:30:00,100.0,2026-09-27,02:30:00,2026-09-28 02:46:46,26.450000000000045,Zone 4,59.15,Zone 5,25.42,Zone 4,55.33,Zone 5,32.18,Zone 4,61.44,Zone 5,42.93,Zone 5,63.96,Zone 5,59.15,Zone 5,65.91,Zone 5
Bihar,Jehanabad,Jehanabad,25.18143,85.13712,25.8,2026-09-28,02:30:00,100.0,2026-09-27,02:30:00,2026-09-28 02:46:46,29.650000000000034,Zone 4,62.67,Zone 5,29.31,Zone 4,61.61,Zone 5,39.34,Zone 5,64.5,Zone 5,59.12,Zone 5,66.62,Zone 5,62.67,Zone 5,68.24,Zone 5
Bihar,Kaimur,Bhabua,25.0481,83.6139,26.4,2026-09-28,02:30:00,94.0,2026-09-27,02:30:00,2026-09-28 02:46:46,30.25,Zone 4,62.25,Zone 5,29.72,Zone 4,61.18,Zone 5,37.32,Zone 5,64.14,Zone 5,57.64,Zone 5,66.3,Zone 5,62.25,Zone 5,67.97,Zone 5
Bihar,Kishanganj,Arrabari,26.275,88.035,26.1,2026-09-28,02:30:00,100.0,2026-09-27,02:30:00,2026-09-28 02:46:46,30.350000000000023,Zone 4,62.67,Zone 5,29.31,Zone 4,61.61,Zone 5,39.34,Zone 5,64.5,Zone 5,59.12,Zone 5,66.62,Zone 5,62.67,Zone 5,68.24,Zone 5
Bihar,Madhepura,Madhepura,25.9184,86.8043,25.6,2026-09-28,02:30:00,100.0,2026-09-27,02:30:00,2026-09-28 02:46:46,29.25,Zone 4,61.78,Zone 5,28.23,Zone 4,60.7,Zone 5,35.61,Zone 4,63.73,Zone 5,55.54,Zone 5,65.94,Zone 5,61.78,Zone 5,67.65,Zone 5
Bihar,Madhubani,Chanpur Basaitha,26.42,85.82,25.0,2026-09-28,02:30:00,96.0,2026-09-27,02:30:00,2026-09-28 02:46:46,27.650000000000034,Zone 4,60.08,Zone 5,26.91,Zone 4,58.8,Zone 5,33.78,Zone 4,62.24,Zone 5,47.28,Zone 5,64.65,Zone 5,60.08,Zone 5,66.52,Zone 5
Bihar,Madhubani,Sukhet,26.2644,86.3199,25.0,2026-09-28,02:30:00,100.0,2026-09-27,02:30:00,2026-09-28 02:46:46,27.950000000000045,Zone 4,60.9,Zone 5,27.22,Zone 4,59.79,Zone 5,34.38,Zone 4,62.96,Zone 5,51.33,Zone 5,65.28,Zone 5,60.9,Zone 5,67.07,Zone 5
Bihar,Munger,Kvk Munger,25.3706,86.4997,24.5,2026-09-28,02:30:00,,,,2026-09-28 02:46:46,,,,,,,,,,,,,,,,,,,,
Bihar,Nalanda,Rajgir,25.0119,85.3755,25.4,2026-09-28,02:30:00,100.0,2026-09-27,02:30:00,2026-09-28 02:46:46,28.75,Zone 4,61.78,Zone 5,28.23,Zone 4,60.7,Zone 5,35.61,Zone 4,63.73,Zone 5,55.54,Zone 5,65.94,Zone 5,61.78,Zone 5,67.65,Zone 5
Bihar,Patna,Baldwin Academy,25.5634,85.2214,28.1,2026-09-28,02:30:00,90.0,2026-09-27,02:30:00,2026-09-28 02:46:46,33.75,Zone 4,63.96,Zone 5,32.71,Zone 4,62.94,Zone 5,46.53,Zone 5,65.64,Zone 5,60.66,Zone 5,67.6,Zone 5,63.96,Zone 5,69.1,Zone 5
Bihar,Patna,Iit Patna,25.538424,84.845999,24.5,2026-09-28,02:30:00,100.0,2026-09-27,02:30:00,2026-09-28 02:46:46,27.05000000000001,Zone 4,60.03,Zone 5,26.29,Zone 4,58.62,Zone 5,33.24,Zone 4,62.19,Zone 5,47.04,Zone 5,64.61,Zone 5,60.03,Zone 5,66.49,Zone 5
Bihar,Patna,Kvk Barh,25.4542,85.7213,25.8,2026-09-28,02:30:00,100.0,2026-09-27,02:30:00,2026-09-28 02:46:46,29.650000000000034,Zone 4,62.67,Zone 5,29.31,Zone 4,61.61,Zone 5,39.34,Zone 5,64.5,Zone 5,59.12,Zone 5,66.62,Zone 5,62.67,Zone 5,68.24,Zone 5
Bihar,Rohtas,Bikramganj,25.2225,84.24,23.8,2026-09-28,02:30:00,100.0,2026-09-27,02:30:00,2026-09-28 02:46:46,25.75,Zone 4,59.15,Zone 5,25.42,Zone 4,55.33,Zone 5,32.18,Zone 4,61.44,Zone 5,42.93,Zone 5,63.96,Zone 5,59.15,Zone 5,65.91,Zone 5
Bihar,Rohtas,Dehri,24.8895,84.1715,34.0,2026-09-28,02:30:00,96.0,2026-09-27,02:30:00,2026-09-28 02:46:46,72.85000000000002,Zone 6,83.14,Zone 6,72.53,Zone 6,81.51,Zone 6,76.14,Zone 6,85.04,Zone 6,79.66,Zone 6,88.47,Zone 6,83.14,Zone 6,91.86,Zone 6
Bihar,Saharsa,Agwanpur Aws400,25.9288,86.5597,26.0,2026-09-28,02:30:00,100.0,2026-09-27,02:30:00,2026-09-28 02:46:46,30.150000000000034,Zone 4,62.67,Zone 5,29.31,Zone 4,61.61,Zone 5,39.34,Zone 5,64.5,Zone 5,59.12,Zone 5,66.62,Zone 5,62.67,Zone 5,68.24,Zone 5
Bihar,Samastipur,Pusa Aws400,25.9793,85.6771,24.9,2026-09-28,02:30:00,100.0,2026-09-27,02:30:00,2026-09-28 02:46:46,27.75,Zone 4,60.9,Zone 5,27.22,Zone 4,59.79,Zone 5,34.38,Zone 4,62.96,Zone 5,51.33,Zone 5,65.28,Zone 5,60.9,Zone 5,67.07,Zone 5
Bihar,Saran,Manjhi,25.8419,84.5898,25.1,2026-09-28,02:30:00,72.0,2026-09-27,02:30:00,2026-09-28 02:46:46,26.150000000000034,Zone 4,42.76,Zone 5,25.44,Zone 4,39.65,Zone 4,31.03,Zone 4,54.32,Zone 5,36.1,Zone 4,60.75,Zone 5,42.76,Zone 5,63.08,Zone 5
Bihar,Sheikpura,Sheikpura Kvk,25.0739,85.851,26.0,2026-09-28,02:30:00,,,,2026-09-28 02:46:46,,,,,,,,,,,,,,,,,,,,
Bihar,Siwan,Ziradei,26.1484,84.2689,24.5,2026-09-28,02:30:00,100.0,2026-09-27,02:30:00,2026-09-28 02:46:46,27.05000000000001,Zone 4,60.03,Zone 5,26.29,Zone 4,58.62,Zone 5,33.24,Zone 4,62.19,Zone 5,47.04,Zone 5,64.61,Zone 5,60.03,Zone 5,66.49,Zone 5
Bihar,Supaul,Supaul Aws400,26.3047,86.8382,25.1,2026-09-28,02:30:00,100.0,2026-09-27,02:30:00,2026-09-28 02:46:46,28.150000000000034,Zone 4,60.9,Zone 5,27.22,Zone 4,59.79,Zone 5,34.38,Zone 4,62.96,Zone 5,51.33,Zone 5,65.28,Zone 5,60.9,Zone 5,67.07,Zone 5
Bihar,Vaishali,Vaishali,25.7373,85.2498,25.0,2026-09-28,02:30:00,100.0,2026-09-27,02:30:00,2026-09-28 02:46:46,27.950000000000045,Zone 4,60.9,Zone 5,27.22,Zone 4,59.79,Zone 5,34.38,Zone 4,62.96,Zone 5,51.33,Zone 5,65.28,Zone 5,60.9,Zone 5,67.07,Zone 5
Chandigarh,Chandigarh,Chandigarh,30.6833,76.8333,22.5,2026-09-28,02:30:00,,,,2026-09-28 02:46:46,,,,,,,,,,,,,,,,,,,,
Chandigarh,Chandigarh,Dav School,30.7347,76.806,23.3,2026-09-28,02:30:00,93.0,2026-09-27,02:30:00,2026-09-28 02:46:46,24.850000000000023,Zone 3,50.89,Zone 5,24.58,Zone 3,46.09,Zone 5,30.52,Zone 4,59.49,Zone 5,36.21,Zone 4,62.26,Zone 5,50.89,Zone 5,64.42,Zone 5
Chhattisgarh,Balod,Balod Aws400,20.7057,81.23,25.1,2026-09-28,02:30:00,100.0,2026-09-27,02:30:00,2026-09-28 02:46:46,28.150000000000034,Zone 4,60.9,Zone 5,27.22,Zone 4,59.79,Zone 5,34.38,Zone 4,62.96,Zone 5,51.33,Zone 5,65.28,Zone 5,60.9,Zone 5,67.07,Zone 5
Chhattisgarh,Balrampur,Balrampur,23.6022,83.6093,22.2,2026-09-28,02:30:00,93.0,2026-09-27,02:30:00,2026-09-28 02:46:46,23.650000000000034,Zone 3,40.96,Zone 5,22.88,Zone 3,37.23,Zone 4,28.12,Zone 4,52.61,Zone 5,33.47,Zone 4,60.38,Zone 5,40.96,Zone 5,62.75,Zone 5
Chhattisgarh,Balrampur,Balrampur Aws400,23.6026,83.6098,21.2,2026-09-28,02:30:00,100.0,2026-09-27,02:30:00,2026-09-28 02:46:46,22.850000000000023,Zone 3,39.6,Zone 5,22.01,Zone 3,36.25,Zone 4,27.05,Zone 4,51.26,Zone 5,32.45,Zone 4,60.09,Zone 5,39.6,Zone 5,62.5,Zone 5
Chhattisgarh,Bemetara,Bemetara,21.7014,81.5474,24.0,2026-09-28,02:30:00,100.0,2026-09-27,02:30:00,2026-09-28 02:46:46,26.150000000000034,Zone 4,59.15,Zone 5,25.42,Zone 4,55.33,Zone 5,32.18,Zone 4,61.44,Zone 5,42.93,Zone 5,63.96,Zone 5,59.15,Zone 5,65.91,Zone 5
Chhattisgarh,Bilaspur,Bilaspur,22.106,82.1426,24.1,2026-09-28,02:30:00,97.0,2026-09-27,02:30:00,2026-09-28 02:46:46,26.150000000000034,Zone 4,57.39,Zone 5,25.25,Zone 3,52.92,Zone 5,31.84,Zone 4,60.92,Zone 5,40.3,Zone 5,63.5,Zone 5,57.39,Zone 5,65.51,Zone 5
Chhattisgarh,Gariaband,Gariaband,20.6321,82.0606,24.8,2026-09-28,02:30:00,,,,2026-09-28 02:46:46,,,,,,,,,,,,,,,,,,,,
Chhattisgarh,Janjgir Champa,Janjgir,22.01,82.6004,25.4,2026-09-28,02:30:00,36.0,2026-09-27,02:30:00,2026-09-28 02:46:46,24.75,Zone 3,36.63,Zone 4,24.29,Zone 3,35.91,Zone 4,28.9,Zone 4,39.59,Zone 4,32.88,Zone 4,43.05,Zone 4,36.63,Zone 4,54.39,Zone 5
Chhattisgarh,Janjgir Champa,Nawagarh,21.8339,82.6411,24.9,2026-09-28,02:30:00,100.0,2026-09-27,02:30:00,2026-09-28 02:46:46,27.75,Zone 4,60.9,Zone 5,27.22,Zone 4,59.79,Zone 5,34.38,Zone 4,62.96,Zone 5,51.33,Zone 5,65.28,Zone 5,60.9,Zone 5,67.07,Zone 5
Chhattisgarh,Janjgir Champa,Sakti,22.0242,82.9583,24.0,2026-09-28,02:30:00,100.0,2026-09-27,02:30:00,2026-09-28 02:46:46,26.150000000000034,Zone 4,59.15,Zone 5,25.42,Zone 4,55.33,Zone 5,32.18,Zone 4,61.44,Zone 5,42.93,Zone 5,63.96,Zone 5,59.15,Zone 5,65.91,Zone 5
Chhattisgarh,Jashpur,Pathalgaon,,,,,,100.0,2026-09-27,02:30:00,2026-09-28 02:46:46,,,,,,,,,,,,,,,,,,,,
Chhattisgarh,Kabirdham,Chilpi,,,,,,59.0,2026-09-27,02:30:00,2026-09-28 02:46:46,,,,,,,,,,,,,,,,,,,,
Chhattisgarh,Kabirdham,Kawardha,22.0103,81.2204,23.3,2026-09-28,02:30:00,100.0,2026-09-27,02:30:00,2026-09-28 02:46:46,25.05000000000001,Zone 3,56.39,Zone 5,24.83,Zone 3,51.81,Zone 5,31.19,Zone 4,60.68,Zone 5,39.18,Zone 5,63.3,Zone 5,56.39,Zone 5,65.33,Zone 5
Chhattisgarh,Korba,Lakhanpur Kvk,22.472,82.5232,22.5,2026-09-28,02:30:00,38.0,2026-09-27,02:30:00,2026-09-28 02:46:46,21.350000000000023,Zone 3,33.71,Zone 4,20.59,Zone 3,33.09,Zone 4,26.07,Zone 4,36.7,Zone 4,30.02,Zone 4,40.1,Zone 4,33.71,Zone 4,45.9,Zone 5
Chhattisgarh,Mahasamund,Pithora,21.2193,82.5092,23.6,2026-09-28,02:30:00,87.0,2026-09-27,02:30:00,2026-09-28 02:46:46,24.950000000000045,Zone 3,45.95,Zone 5,24.34,Zone 3,41.38,Zone 5,30.0,Zone 4,56.99,Zone 5,35.43,Zone 4,61.35,Zone 5,45.95,Zone 5,63.62,Zone 5
Chhattisgarh,Mungeli,Lormi,22.2711,81.6869,24.3,2026-09-28,02:30:00,100.0,2026-09-27,02:30:00,2026-09-28 02:46:46,26.650000000000034,Zone 4,60.03,Zone 5,26.29,Zone 4,58.62,Zone 5,33.24,Zone 4,62.19,Zone 5,47.04,Zone 5,64.61,Zone 5,60.03,Zone 5,66.49,Zone 5
Chhattisgarh,Pendra Road,Pendra Road,22.7595,81.8993,21.3,2026-09-28,02:30:00,98.0,2026-09-27,02:30:00,2026-09-28 02:46:46,22.850000000000023,Zone 3,41.31,Zone 5,22.51,Zone 3,37.23,Zone 5,27.67,Zone 4,52.94,Zone 5,33.11,Zone 4,60.45,Zone 5,41.31,Zone 5,62.82,Zone 5
Chhattisgarh,Raigarh,Raigarh,21.8897,83.4052,24.8,2026-09-28,02:30:00,100.0,2026-09-27,02:30:00,2026-09-28 02:46:46,27.55000000000001,Zone 4,60.9,Zone 5,27.22,Zone 4,59.79,Zone 5,34.38,Zone 4,62.96,Zone 5,51.33,Zone 5,65.28,Zone 5,60.9,Zone 5,67.07,Zone 5
Chhattisgarh,Raipur,Naya Raipur,21.1592,81.803,25.5,2026-09-28,02:30:00,,,,2026-09-28 02:46:46,,,,,,,,,,,,,,,,,,,,
Chhattisgarh,Raipur,Raipur,21.2115,81.6596,25.4,2026-09-28,02:30:00,97.0,2026-09-27,02:30:00,2026-09-28 02:46:46,28.450000000000045,Zone 4,61.15,Zone 5,27.95,Zone 4,60.05,Zone 5,35.09,Zone 4,63.18,Zone 5,52.56,Zone 5,65.47,Zone 5,61.15,Zone 5,67.24,Zone 5
Chhattisgarh,Rajnandgaon,Rajnandgaon,21.1007,81.0326,25.1,2026-09-28,02:30:00,97.0,2026-09-27,02:30:00,2026-09-28 02:46:46,27.950000000000045,Zone 4,60.28,Zone 5,26.99,Zone 4,59.16,Zone 5,33.93,Zone 4,62.42,Zone 5,48.3,Zone 5,64.81,Zone 5,60.28,Zone 5,66.66,Zone 5
Chhattisgarh,Surajpur,Surajpur Aws400,23.2137,82.8687,21.4,2026-09-28,02:30:00,88.0,2026-09-27,02:30:00,2026-09-28 02:46:46,22.55000000000001,Zone 3,37.05,Zone 4,22.07,Zone 3,35.87,Zone 4,27.13,Zone 4,46.42,Zone 5,32.23,Zone 4,59.06,Zone 5,37.05,Zone 4,61.59,Zone 5
Dadra And Nagar Haveli,Dadar Nagar,Silvassa,20.2703,73.0049,24.8,2026-09-28,02:30:00,100.0,2026-09-27,02:30:00,2026-09-28 02:46:46,27.55000000000001,Zone 4,60.9,Zone 5,27.22,Zone 4,59.79,Zone 5,34.38,Zone 4,62.96,Zone 5,51.33,Zone 5,65.28,Zone 5,60.9,Zone 5,67.07,Zone 5
Daman And Diu,Daman,Daman Aws,20.4,72.8331,24.7,2026-09-28,02:30:00,100.0,2026-09-27,02:30:00,2026-09-28 02:46:46,27.350000000000023,Zone 4,60.03,Zone 5,26.29,Zone 4,58.62,Zone 5,33.24,Zone 4,62.19,Zone 5,47.04,Zone 5,64.61,Zone 5,60.03,Zone 5,66.49,Zone 5
Daman And Diu,Diu,Diu,20.72,70.9167,26.4,2026-09-28,02:30:00,90.0,2026-09-27,02:30:00,2026-09-28 02:46:46,29.75,Zone 4,61.37,Zone 5,29.27,Zone 4,60.27,Zone 5,36.27,Zone 4,63.37,Zone 5,53.59,Zone 5,65.63,Zone 5,61.37,Zone 5,67.38,Zone 5
Delhi,East Delhi,Salwan Public School,28.6127,77.3075,23.3,2026-09-28,02:30:00,99.0,2026-09-27,02:30:00,2026-09-28 02:46:46,25.05000000000001,Zone 3,55.64,Zone 5,24.8,Zone 3,51.0,Zone 5,31.09,Zone 4,60.51,Zone 5,38.4,Zone 5,63.15,Zone 5,55.64,Zone 5,65.2,Zone 5
Delhi,New Delhi,Pragati Maidan,28.6284,77.2431,23.6,2026-09-28,02:30:00,62.0,2026-09-27,02:30:00,2026-09-28 02:46:46,23.950000000000045,Zone 3,37.12,Zone 4,23.22,Zone 3,36.16,Zone 4,28.27,Zone 4,40.37,Zone 4,32.82,Zone 4,52.89,Zone 5,37.12,Zone 4,60.12,Zone 5
Delhi,North West Delhi,Mungeshpur,28.8084,76.9697,31.6,2026-09-28,02:30:00,93.0,2026-09-27,02:30:00,2026-09-28 02:46:46,62.450000000000045,Zone 5,72.39,Zone 6,61.54,Zone 5,70.94,Zone 6,66.24,Zone 5,74.49,Zone 6,69.06,Zone 5,77.95,Zone 6,72.39,Zone 6,81.38,Zone 6
Delhi,North West Delhi,Pitampura,28.7042,77.1504,24.7,2026-09-28,02:30:00,,,,2026-09-28 02:46:46,,,,,,,,,,,,,,,,,,,,
Delhi,South Delhi,Lodi Road,28.5885,77.2224,23.8,2026-09-28,02:30:00,,,,2026-09-28 02:46:46,,,,,,,,,,,,,,,,,,,,
Delhi,South Delhi,Pharma Science And Research Un,28.5168,77.2234,23.6,2026-09-28,02:30:00,97.0,2026-09-27,02:30:00,2026-09-28 02:46:46,25.25,Zone 3,54.11,Zone 5,24.72,Zone 3,49.36,Zone 5,30.89,Zone 4,60.17,Zone 5,36.89,Zone 5,62.86,Zone 5,54.11,Zone 5,64.94,Zone 5
Delhi,South West Delhi,Ayanagar,28.4837,77.1271,20.7,2026-09-28,02:30:00,85.0,2026-09-27,02:30:00,2026-09-28 02:46:46,21.650000000000034,Zone 3,35.18,Zone 4,20.7,Zone 3,34.14,Zone 4,25.72,Zone 4,39.43,Zone 5,30.59,Zone 4,53.09,Zone 5,35.18,Zone 4,60.16,Zone 5
Delhi,South West Delhi,Jafarpur,28.5938,76.9093,22.9,2026-09-28,02:30:00,,,,2026-09-28 02:46:46,,,,,,,,,,,,,,,,,,,,
Delhi,South West Delhi,Kvk Crpf Campus,28.6322,76.9547,23.0,2026-09-28,02:30:00,96.0,2026-09-27,02:30:00,2026-09-28 02:46:46,24.650000000000034,Zone 3,49.85,Zone 5,24.14,Zone 3,45.06,Zone 5,29.92,Zone 4,59.27,Zone 5,35.62,Zone 4,62.07,Zone 5,49.85,Zone 5,64.25,Zone 5
Delhi,South West Delhi,Kv Narayna,28.6155,77.1367,22.2,2026-09-28,02:30:00,97.0,2026-09-27,02:30:00,2026-09-28 02:46:46,23.850000000000023,Zone 3,43.79,Zone 5,23.05,Zone 3,39.41,Zone 5,28.37,Zone 4,55.19,Zone 5,33.88,Zone 4,60.94,Zone 5,43.79,Zone 5,63.25,Zone 5
Delhi,South West Delhi,Najafgarh,28.6357,77.0005,23.1,2026-09-28,02:30:00,100.0,2026-09-27,02:30:00,2026-09-28 02:46:46,24.850000000000023,Zone 3,53.01,Zone 5,24.29,Zone 3,48.21,Zone 5,30.26,Zone 4,59.93,Zone 5,36.15,Zone 4,62.65,Zone 5,53.01,Zone 5,64.76,Zone 5
Delhi,West Delhi,Kv Janakpuri,28.6178,77.0858,24.4,2026-09-28,02:30:00,95.0,2026-09-27,02:30:00,2026-09-28 02:46:46,26.450000000000045,Zone 4,59.0,Zone 5,25.97,Zone 4,54.76,Zone 5,32.6,Zone 4,61.31,Zone 5,42.27,Zone 5,63.85,Zone 5,59.0,Zone 5,65.81,Zone 5
Goa,North Goa,Goa State Biodiversity Board,15.5345,73.7916,24.4,2026-09-28,02:30:00,99.0,2026-09-27,02:30:00,2026-09-28 02:46:46,26.75,Zone 4,59.82,Zone 5,26.22,Zone 4,57.89,Zone 5,33.1,Zone 4,62.02,Zone 5,46.06,Zone 5,64.46,Zone 5,59.82,Zone 5,66.35,Zone 5
Goa,North Goa,Mopa Airport,15.7342,73.8602,25.0,2026-09-28,02:30:00,100.0,2026-09-27,02:30:00,2026-09-28 02:46:46,27.950000000000045,Zone 4,60.9,Zone 5,27.22,Zone 4,59.79,Zone 5,34.38,Zone 4,62.96,Zone 5,51.33,Zone 5,65.28,Zone 5,60.9,Zone 5,67.07,Zone 5
Goa,North Goa,Pernem,15.71,73.79,23.7,2026-09-28,02:30:00,,,,2026-09-28 02:46:46,,,,,,,,,,,,,,,,,,,,
Goa,Panaji,Altinho Imdoffice,15.492,73.8252,24.2,2026-09-28,02:30:00,80.0,2026-09-27,02:30:00,2026-09-28 02:46:46,25.350000000000023,Zone 4,43.42,Zone 5,24.62,Zone 3,39.11,Zone 5,30.21,Zone 4,54.89,Zone 5,35.44,Zone 4,60.87,Zone 5,43.42,Zone 5,63.19,Zone 5
Gujarat,Ahmedabad,Ahmedabad,23.07,72.6167,27.8,2026-09-28,02:30:00,85.0,2026-09-27,02:30:00,2026-09-28 02:46:46,32.150000000000034,Zone 4,62.78,Zone 5,31.87,Zone 4,61.73,Zone 5,39.91,Zone 5,64.6,Zone 5,59.25,Zone 5,66.7,Zone 5,62.78,Zone 5,68.32,Zone 5
Gujarat,Ahmedabad,Dhorela,22.2586,72.185,25.2,2026-09-28,02:30:00,96.0,2026-09-27,02:30:00,2026-09-28 02:46:46,28.05000000000001,Zone 4,60.08,Zone 5,26.91,Zone 4,58.8,Zone 5,33.78,Zone 4,62.24,Zone 5,47.28,Zone 5,64.65,Zone 5,60.08,Zone 5,66.52,Zone 5
Gujarat,Ahmedabad,Science City,23.0808,72.4943,27.0,2026-09-28,02:30:00,98.0,2026-09-27,02:30:00,2026-09-28 02:46:46,32.35000000000002,Zone 4,64.02,Zone 5,31.46,Zone 4,63.0,Zone 5,46.86,Zone 5,65.68,Zone 5,60.73,Zone 5,67.64,Zone 5,64.02,Zone 5,69.14,Zone 5
Gujarat,Amreli,Dhari Aws400,21.344,71.0193,23.3,2026-09-28,02:30:00,100.0,2026-09-27,02:30:00,2026-09-28 02:46:46,25.05000000000001,Zone 3,56.39,Zone 5,24.83,Zone 3,51.81,Zone 5,31.19,Zone 4,60.68,Zone 5,39.18,Zone 5,63.3,Zone 5,56.39,Zone 5,65.33,Zone 5
Gujarat,Amreli,Jafrabad,,,,,,91.0,2026-09-27,02:30:00,2026-09-28 02:46:46,,,,,,,,,,,,,,,,,,,,
Gujarat,Arawali,Modasa,23.4643,73.2988,25.4,2026-09-28,02:15:00,,,,2026-09-28 02:46:46,,,,,,,,,,,,,,,,,,,,
Gujarat,Banaskantha,Ambaji Temple,24.331,72.8517,23.0,2026-09-28,02:30:00,100.0,2026-09-27,02:30:00,2026-09-28 02:46:46,24.75,Zone 3,53.01,Zone 5,24.29,Zone 3,48.21,Zone 5,30.26,Zone 4,59.93,Zone 5,36.15,Zone 4,62.65,Zone 5,53.01,Zone 5,64.76,Zone 5
Gujarat,Banaskantha,Tharad Aws400,24.4033,71.5849,24.5,2026-09-28,02:30:00,82.0,2026-09-27,02:30:00,2026-09-28 02:46:46,25.850000000000023,Zone 4,48.35,Zone 5,25.24,Zone 3,43.64,Zone 5,31.19,Zone 4,58.82,Zone 5,36.6,Zone 4,61.8,Zone 5,48.35,Zone 5,64.01,Zone 5
Gujarat,Bharuch,Hansot Aws400,21.5822,72.8164,24.8,2026-09-28,02:30:00,100.0,2026-09-27,02:30:00,2026-09-28 02:46:46,27.55000000000001,Zone 4,60.9,Zone 5,27.22,Zone 4,59.79,Zone 5,34.38,Zone 4,62.96,Zone 5,51.33,Zone 5,65.28,Zone 5,60.9,Zone 5,67.07,Zone 5
Gujarat,Bhavnagar,Bhavnagar,21.7851,72.0793,24.7,2026-09-28,02:30:00,98.0,2026-09-27,02:30:00,2026-09-28 02:46:46,27.25,Zone 4,59.62,Zone 5,26.16,Zone 4,57.14,Zone 5,32.97,Zone 4,61.84,Zone 5,45.1,Zone 5,64.31,Zone 5,59.62,Zone 5,66.22,Zone 5
Gujarat,Bhavnagar,Talaja Aws400,21.3646,72.0261,24.0,2026-09-28,02:30:00,99.0,2026-09-27,02:30:00,2026-09-28 02:46:46,26.05000000000001,Zone 4,58.82,Zone 5,25.36,Zone 4,54.54,Zone 5,32.06,Zone 4,61.26,Zone 5,42.03,Zone 5,63.81,Zone 5,58.82,Zone 5,65.78,Zone 5
Gujarat,Dang,Dang Kvk,20.776,73.5063,22.6,2026-09-28,02:30:00,100.0,2026-09-27,02:30:00,2026-09-28 02:46:46,24.350000000000023,Zone 3,49.49,Zone 5,23.74,Zone 3,44.71,Zone 5,29.39,Zone 4,59.19,Zone 5,35.14,Zone 4,62.0,Zone 5,49.49,Zone 5,64.19,Zone 5
Gujarat,Dwarka,Dwarka,22.2403,68.9597,26.4,2026-09-28,02:30:00,95.0,2026-09-27,02:30:00,2026-09-28 02:46:46,30.450000000000045,Zone 4,62.47,Zone 5,29.84,Zone 4,61.41,Zone 5,38.37,Zone 5,64.33,Zone 5,58.58,Zone 5,66.47,Zone 5,62.47,Zone 5,68.11,Zone 5
Gujarat,Gandhinagar,Gandhinagar,23.27,72.65,26.7,2026-09-28,02:30:00,70.0,2026-09-27,02:30:00,2026-09-28 02:46:46,28.350000000000023,Zone 4,50.26,Zone 5,27.47,Zone 4,45.52,Zone 5,33.2,Zone 4,59.36,Zone 5,38.43,Zone 4,62.15,Zone 5,50.26,Zone 5,64.32,Zone 5
Gujarat,Gir Somnath,Veraval   Aws400,20.9076,70.3571,27.0,2026-09-28,02:30:00,93.0,2026-09-27,02:30:00,2026-09-28 02:46:46,31.55000000000001,Zone 4,62.9,Zone 5,30.73,Zone 4,61.85,Zone 5,40.55,Zone 5,64.71,Zone 5,59.4,Zone 5,66.79,Zone 5,62.9,Zone 5,68.4,Zone 5
Gujarat,Kachchh,Bachau Amfu,23.3031,70.36,26.0,2026-09-28,02:30:00,95.0,2026-09-27,02:30:00,2026-09-28 02:46:46,29.55000000000001,Zone 4,61.6,Zone 5,28.77,Zone 4,60.51,Zone 5,35.97,Zone 4,63.57,Zone 5,54.69,Zone 5,65.81,Zone 5,61.6,Zone 5,67.53,Zone 5
Gujarat,Kachchh,Kandla,23.15,70.2167,27.2,2026-09-28,02:30:00,85.0,2026-09-27,02:30:00,2026-09-28 02:46:46,30.850000000000023,Zone 4,61.09,Zone 5,29.72,Zone 4,59.99,Zone 5,36.52,Zone 4,63.12,Zone 5,52.23,Zone 5,65.42,Zone 5,61.09,Zone 5,67.19,Zone 5
Gujarat,Kachchh,Mundra,22.8237,69.7225,26.8,2026-09-28,02:30:00,89.0,2026-09-27,02:30:00,2026-09-28 02:46:46,30.55000000000001,Zone 4,62.0,Zone 5,30.2,Zone 4,60.92,Zone 5,37.32,Zone 4,63.92,Zone 5,56.53,Zone 5,66.11,Zone 5,62.0,Zone 5,67.8,Zone 5
Gujarat,Kachchh,Rapar,23.5507,70.6429,25.0,2026-09-28,02:30:00,100.0,2026-09-27,02:30:00,2026-09-28 02:46:46,27.950000000000045,Zone 4,60.9,Zone 5,27.22,Zone 4,59.79,Zone 5,34.38,Zone 4,62.96,Zone 5,51.33,Zone 5,65.28,Zone 5,60.9,Zone 5,67.07,Zone 5
Gujarat,Mahesana,Jagudan,23.5119,72.4023,26.6,2026-09-28,02:15:00,,,,2026-09-28 02:46:46,,,,,,,,,,,,,,,,,,,,
Gujarat,Mahisagar,Lunavada,23.1267,73.603,25.3,2026-09-28,02:30:00,100.0,2026-09-27,02:30:00,2026-09-28 02:46:46,28.55000000000001,Zone 4,61.78,Zone 5,28.23,Zone 4,60.7,Zone 5,35.61,Zone 4,63.73,Zone 5,55.54,Zone 5,65.94,Zone 5,61.78,Zone 5,67.65,Zone 5
Gujarat,Morbi,Halwad,23.0096,71.1891,25.2,2026-09-28,02:30:00,90.0,2026-09-27,02:30:00,2026-09-28 02:46:46,27.55000000000001,Zone 4,58.33,Zone 5,26.49,Zone 4,54.0,Zone 5,32.98,Zone 4,61.15,Zone 5,41.42,Zone 5,63.7,Zone 5,58.33,Zone 5,65.69,Zone 5
Gujarat,Patan,Radhanpur,23.8335,71.5867,25.7,2026-09-28,02:30:00,100.0,2026-09-27,02:30:00,2026-09-28 02:46:46,29.450000000000045,Zone 4,61.78,Zone 5,28.23,Zone 4,60.7,Zone 5,35.61,Zone 4,63.73,Zone 5,55.54,Zone 5,65.94,Zone 5,61.78,Zone 5,67.65,Zone 5
Gujarat,Porbandar,Porbandar,21.6423,69.6626,26.3,2026-09-28,02:30:00,99.0,2026-09-27,02:30:00,2026-09-28 02:46:46,30.650000000000034,Zone 4,63.34,Zone 5,30.36,Zone 4,62.3,Zone 5,42.95,Zone 5,65.09,Zone 5,59.93,Zone 5,67.13,Zone 5,63.34,Zone 5,68.69,Zone 5
Gujarat,Sabarkantha,Bayad,23.21,73.21,26.2,2026-09-28,02:30:00,,,,2026-09-28 02:46:46,,,,,,,,,,,,,,,,,,,,
Gujarat,Sabarkantha,Himatnagar,23.5865,72.949,10.5,2026-09-28,02:30:00,100.0,2026-09-27,02:30:00,2026-09-28 02:46:46,10.550000000000011,Zone 2,24.86,Zone 3,9.54,Zone 2,24.57,Zone 3,17.33,Zone 3,27.84,Zone 4,22.08,Zone 3,31.43,Zone 4,24.86,Zone 3,34.92,Zone 4
Gujarat,Surat,Surat,21.1439,72.75,29.2,2026-09-28,02:30:00,93.0,2026-09-27,02:30:00,2026-09-28 02:46:46,40.450000000000045,Zone 5,66.43,Zone 5,36.35,Zone 4,65.5,Zone 5,59.49,Zone 5,67.81,Zone 5,63.63,Zone 5,69.62,Zone 6,66.43,Zone 5,73.07,Zone 6
Gujarat,Surat,Surat Kvk,21.1677,72.8032,26.6,2026-09-28,02:30:00,,,,2026-09-28 02:46:46,,,,,,,,,,,,,,,,,,,,
Gujarat,Surendranagar,Surendranagar,22.73,71.62,24.6,2026-09-28,02:30:00,99.0,2026-09-27,02:30:00,2026-09-28 02:46:46,27.150000000000034,Zone 4,59.82,Zone 5,26.22,Zone 4,57.89,Zone 5,33.1,Zone 4,62.02,Zone 5,46.06,Zone 5,64.46,Zone 5,59.82,Zone 5,66.35,Zone 5
Gujarat,Tapi,Vyara Aws400,21.1024,73.3939,24.0,2026-09-28,02:30:00,100.0,2026-09-27,02:30:00,2026-09-28 02:46:46,26.150000000000034,Zone 4,59.15,Zone 5,25.42,Zone 4,55.33,Zone 5,32.18,Zone 4,61.44,Zone 5,42.93,Zone 5,63.96,Zone 5,59.15,Zone 5,65.91,Zone 5
Gujarat,Vadodara,Vadodara Aws400,22.3114,73.1826,26.5,2026-09-28,02:30:00,90.0,2026-09-27,02:30:00,2026-09-28 02:46:46,30.05000000000001,Zone 4,61.37,Zone 5,29.27,Zone 4,60.27,Zone 5,36.27,Zone 4,63.37,Zone 5,53.59,Zone 5,65.63,Zone 5,61.37,Zone 5,67.38,Zone 5
Haryana,Bhiwani,Bhiwani,28.8,76.13,22.5,2026-09-28,02:30:00,98.0,2026-09-27,02:30:00,2026-09-28 02:46:46,24.150000000000034,Zone 3,47.94,Zone 5,23.66,Zone 3,43.22,Zone 5,29.24,Zone 4,58.5,Zone 5,34.9,Zone 4,61.72,Zone 5,47.94,Zone 5,63.94,Zone 5
Haryana,Charkhi Dadri,Revenue Office Aws400,28.5921,76.2653,23.6,2026-09-28,02:30:00,98.0,2026-09-27,02:30:00,2026-09-28 02:46:46,25.350000000000023,Zone 4,54.88,Zone 5,24.76,Zone 3,50.18,Zone 5,30.99,Zone 4,60.34,Zone 5,37.63,Zone 5,63.01,Zone 5,54.88,Zone 5,65.07,Zone 5
Haryana,Faridabad,Faridabad,28.37,77.27,23.4,2026-09-28,02:30:00,88.0,2026-09-27,02:30:00,2026-09-28 02:46:46,24.75,Zone 3,46.77,Zone 5,24.38,Zone 3,42.14,Zone 5,30.08,Zone 4,57.63,Zone 5,35.55,Zone 4,61.5,Zone 5,46.77,Zone 5,63.75,Zone 5
Haryana,Fatehabad,Fatehabad,29.31,75.2833,21.7,2026-09-28,02:30:00,99.0,2026-09-27,02:30:00,2026-09-28 02:46:46,23.350000000000023,Zone 3,41.99,Zone 5,22.56,Zone 3,37.82,Zone 5,27.73,Zone 4,53.58,Zone 5,33.2,Zone 4,60.58,Zone 5,41.99,Zone 5,62.94,Zone 5
Haryana,Gurgaon,Gurgaon,28.42,77.0,20.2,2026-09-28,02:30:00,99.0,2026-09-27,02:30:00,2026-09-28 02:46:46,21.650000000000034,Zone 3,35.7,Zone 4,20.75,Zone 3,34.52,Zone 4,25.64,Zone 4,44.78,Zone 5,30.8,Zone 4,57.91,Zone 5,35.7,Zone 4,61.27,Zone 5
Haryana,Gurgaon,Gurgaon Kvk,28.372,76.9881,21.8,2026-09-28,02:30:00,71.0,2026-09-27,02:30:00,2026-09-28 02:46:46,22.25,Zone 3,36.0,Zone 4,21.85,Zone 3,35.02,Zone 4,26.94,Zone 4,39.33,Zone 4,31.6,Zone 4,51.93,Zone 5,36.0,Zone 4,59.91,Zone 5
Haryana,Gurgaon,Northcap University,28.5029,77.0511,22.5,2026-09-28,02:30:00,95.0,2026-09-27,02:30:00,2026-09-28 02:46:46,24.05000000000001,Zone 3,45.62,Zone 5,23.54,Zone 3,41.07,Zone 5,29.02,Zone 4,56.72,Zone 5,34.56,Zone 4,61.29,Zone 5,45.62,Zone 5,63.56,Zone 5
Haryana,Hisar,Balasmand,29.0716,75.4898,22.5,2026-09-28,02:30:00,96.0,2026-09-27,02:30:00,2026-09-28 02:46:46,24.150000000000034,Zone 3,46.39,Zone 5,23.58,Zone 3,41.77,Zone 5,29.09,Zone 4,57.33,Zone 5,34.67,Zone 4,61.43,Zone 5,46.39,Zone 5,63.69,Zone 5
Haryana,Kaithal,Kaithal,29.78,76.4,21.8,2026-09-28,02:30:00,99.0,2026-09-27,02:30:00,2026-09-28 02:46:46,23.450000000000045,Zone 3,45.26,Zone 5,23.14,Zone 3,40.73,Zone 5,28.5,Zone 4,56.42,Zone 5,34.09,Zone 4,61.22,Zone 5,45.26,Zone 5,63.5,Zone 5
Haryana,Karnal,Indri Rest House,29.8829,77.0504,22.6,2026-09-28,02:30:00,,,,2026-09-28 02:46:46,,,,,,,,,,,,,,,,,,,,
Haryana,Karnal,Karnal,29.42,76.57,22.2,2026-09-28,02:30:00,,,,2026-09-28 02:46:46,,,,,,,,,,,,,,,,,,,,
Haryana,Karnal,Uchani,29.68,77.0,23.9,2026-09-28,02:30:00,,,,2026-09-28 02:46:46,,,,,,,,,,,,,,,,,,,,
Haryana,Kurukshetra,Kurukshetra,29.58,76.51,22.7,2026-09-28,02:30:00,100.0,2026-09-27,02:30:00,2026-09-28 02:46:46,24.450000000000045,Zone 3,49.49,Zone 5,23.74,Zone 3,44.71,Zone 5,29.39,Zone 4,59.19,Zone 5,35.14,Zone 4,62.0,Zone 5,49.49,Zone 5,64.19,Zone 5
Haryana,Kurukshetra,Pehowa,29.98,76.57,21.9,2026-09-28,02:30:00,,,,2026-09-28 02:46:46,,,,,,,,,,,,,,,,,,,,
Haryana,Mahendragarh,Mahendragarh Aws,28.1,76.1,23.1,2026-09-28,02:30:00,99.0,2026-09-27,02:30:00,2026-09-28 02:46:46,24.850000000000023,Zone 3,52.23,Zone 5,24.26,Zone 3,47.42,Zone 5,30.17,Zone 4,59.77,Zone 5,36.02,Zone 4,62.5,Zone 5,52.23,Zone 5,64.63,Zone 5
Haryana,Mewat,Mandkola,28.1,77.0,21.5,2026-09-28,02:30:00,18.0,2026-09-27,02:30:00,2026-09-28 02:46:46,18.850000000000023,Zone 3,31.52,Zone 4,17.92,Zone 3,31.11,Zone 4,24.53,Zone 3,34.37,Zone 4,28.17,Zone 4,37.44,Zone 4,31.52,Zone 4,40.41,Zone 4
Haryana,Mewat,Nuh,28.84,76.9967,24.0,2026-09-28,02:30:00,,,,2026-09-28 02:46:46,,,,,,,,,,,,,,,,,,,,
Haryana,Palwal,Palwal Water Service Division,28.1082,77.3312,22.8,2026-09-28,02:30:00,89.0,2026-09-27,02:30:00,2026-09-28 02:46:46,24.150000000000034,Zone 3,44.28,Zone 5,23.86,Zone 3,39.86,Zone 5,29.37,Zone 4,55.62,Zone 5,34.77,Zone 4,61.04,Zone 5,44.28,Zone 5,63.34,Zone 5
Haryana,Panchkula,Panchkula,30.67,76.98,22.6,2026-09-28,02:30:00,100.0,2026-09-27,02:30:00,2026-09-28 02:46:46,24.350000000000023,Zone 3,49.49,Zone 5,23.74,Zone 3,44.71,Zone 5,29.39,Zone 4,59.19,Zone 5,35.14,Zone 4,62.0,Zone 5,49.49,Zone 5,64.19,Zone 5
Haryana,Panipat,Ujha,29.38,77.0,23.2,2026-09-28,02:30:00,92.0,2026-09-27,02:30:00,2026-09-28 02:46:46,24.75,Zone 3,46.65,Zone 5,23.99,Zone 3,42.02,Zone 5,29.6,Zone 4,57.53,Zone 5,35.13,Zone 4,61.48,Zone 5,46.65,Zone 5,63.73,Zone 5
Haryana,Rewari,Bawal,28.08,76.59,22.3,2026-09-28,02:30:00,99.0,2026-09-27,02:30:00,2026-09-28 02:46:46,24.05000000000001,Zone 3,48.72,Zone 5,23.7,Zone 3,43.96,Zone 5,29.31,Zone 4,59.03,Zone 5,35.02,Zone 4,61.86,Zone 5,48.72,Zone 5,64.06,Zone 5
Haryana,Rohtak,Canal Rest House,28.7785,76.7758,23.0,2026-09-28,02:30:00,90.0,2026-09-27,02:30:00,2026-09-28 02:46:46,24.450000000000045,Zone 3,45.06,Zone 5,23.9,Zone 3,40.57,Zone 5,29.44,Zone 4,56.27,Zone 5,34.89,Zone 4,61.18,Zone 5,45.06,Zone 5,63.47,Zone 5
Haryana,Rohtak,Rohtak,28.88,76.62,22.7,2026-09-28,02:30:00,99.0,2026-09-27,02:30:00,2026-09-28 02:46:46,24.450000000000045,Zone 3,48.72,Zone 5,23.7,Zone 3,43.96,Zone 5,29.31,Zone 4,59.03,Zone 5,35.02,Zone 4,61.86,Zone 5,48.72,Zone 5,64.06,Zone 5
Haryana,Sirsa,Sirsa,29.54,75.04,22.7,2026-09-28,02:30:00,100.0,2026-09-27,02:30:00,2026-09-28 02:46:46,24.450000000000045,Zone 3,49.49,Zone 5,23.74,Zone 3,44.71,Zone 5,29.39,Zone 4,59.19,Zone 5,35.14,Zone 4,62.0,Zone 5,49.49,Zone 5,64.19,Zone 5
Haryana,Sonipat,Canal Resthouse Saragthal,,,,,,67.0,2026-09-27,02:30:00,2026-09-28 02:46:46,,,,,,,,,,,,,,,,,,,,
Haryana,Sonipat,Jagdishpur,30.48,77.1,22.4,2026-09-28,02:30:00,,,,2026-09-28 02:46:46,,,,,,,,,,,,,,,,,,,,
Haryana,Yamunanagar,Damla,30.1,77.28,21.4,2026-09-28,02:30:00,100.0,2026-09-27,02:30:00,2026-09-28 02:46:46,23.05000000000001,Zone 3,42.68,Zone 5,22.6,Zone 3,38.42,Zone 5,27.79,Zone 4,54.2,Zone 5,33.3,Zone 4,60.72,Zone 5,42.68,Zone 5,63.06,Zone 5
Haryana,Yamunanagar,Hathinkundberaj,30.3159,77.5824,20.5,2026-09-28,02:30:00,100.0,2026-09-27,02:30:00,2026-09-28 02:46:46,22.05000000000001,Zone 3,36.83,Zone 5,21.41,Zone 3,35.41,Zone 4,26.35,Zone 4,48.28,Zone 5,31.64,Zone 4,59.46,Zone 5,36.83,Zone 5,61.94,Zone 5
Himachal Pradesh,Bilaspur,Bilaspur Kvk,31.414,76.649,20.0,2026-09-28,02:30:00,100.0,2026-09-27,02:30:00,2026-09-28 02:46:46,21.450000000000045,Zone 3,35.8,Zone 4,20.79,Zone 3,34.6,Zone 4,25.68,Zone 4,45.37,Zone 5,30.87,Zone 4,58.37,Zone 5,35.8,Zone 4,61.39,Zone 5
Himachal Pradesh,Chamba,Udaipur,32.5894,76.1022,19.5,2026-09-28,02:30:00,99.0,2026-09-27,02:30:00,2026-09-28 02:46:46,20.850000000000023,Zone 3,34.9,Zone 4,20.13,Zone 3,33.77,Zone 4,25.1,Zone 3,42.04,Zone 5,30.08,Zone 4,55.6,Zone 5,34.9,Zone 4,60.73,Zone 5
Himachal Pradesh,Hamirpur,Hamirpur Neri,31.4152,76.2803,19.8,2026-09-28,02:30:00,100.0,2026-09-27,02:30:00,2026-09-28 02:46:46,21.25,Zone 3,35.8,Zone 4,20.79,Zone 3,34.6,Zone 4,25.68,Zone 4,45.37,Zone 5,30.87,Zone 4,58.37,Zone 5,35.8,Zone 4,61.39,Zone 5
Himachal Pradesh,Kangra,Malan,32.115,76.415,18.5,2026-09-28,02:30:00,,,,2026-09-28 02:46:46,,,,,,,,,,,,,,,,,,,,
Himachal Pradesh,Kangra,Palampur Amfu,32.0978,76.5483,17.0,2026-09-28,02:30:00,,,,2026-09-28 02:46:46,,,,,,,,,,,,,,,,,,,,
Himachal Pradesh,Kullu,Bajaura,31.8456,77.1642,16.8,2026-09-28,02:30:00,,,,2026-09-28 02:46:46,,,,,,,,,,,,,,,,,,,,
Himachal Pradesh,Lahaul And Spiti,Keylong,32.5719,77.0353,9.4,2026-09-28,02:30:00,99.0,2026-09-27,02:30:00,2026-09-28 02:46:46,9.350000000000023,Zone 2,24.35,Zone 3,8.47,Zone 2,24.07,Zone 3,16.37,Zone 3,26.95,Zone 4,21.4,Zone 3,30.46,Zone 4,24.35,Zone 3,33.88,Zone 4
Himachal Pradesh,Lahaul And Spiti,Tabo,32.0915,78.3851,5.6,2026-09-28,02:30:00,97.0,2026-09-27,02:30:00,2026-09-28 02:46:46,5.550000000000011,Zone 2,22.25,Zone 3,4.26,Zone 2,22.02,Zone 3,12.88,Zone 2,24.47,Zone 3,18.61,Zone 3,27.1,Zone 4,22.25,Zone 3,30.3,Zone 4
Himachal Pradesh,Mandi,Sundernagar Kvk,32.56,76.12,18.3,2026-09-28,02:30:00,100.0,2026-09-27,02:30:00,2026-09-28 02:46:46,19.450000000000045,Zone 3,33.46,Zone 4,18.9,Zone 3,32.41,Zone 4,24.34,Zone 3,37.62,Zone 5,28.77,Zone 4,51.16,Zone 5,33.46,Zone 4,59.75,Zone 5
Himachal Pradesh,Shimla,Shimala Cpri,31.0958,77.1717,15.7,2026-09-28,02:30:00,64.0,2026-09-27,02:30:00,2026-09-28 02:46:46,14.450000000000045,Zone 3,28.26,Zone 4,13.32,Zone 2,27.72,Zone 4,20.85,Zone 3,31.43,Zone 4,24.7,Zone 3,34.94,Zone 4,28.26,Zone 4,38.33,Zone 4
Himachal Pradesh,Solan,Majhouli,31.02,76.64,22.0,2026-09-28,02:30:00,99.0,2026-09-27,02:30:00,2026-09-28 02:46:46,23.650000000000034,Zone 3,45.26,Zone 5,23.14,Zone 3,40.73,Zone 5,28.5,Zone 4,56.42,Zone 5,34.09,Zone 4,61.22,Zone 5,45.26,Zone 5,63.5,Zone 5
Himachal Pradesh,Solan,Ramshar,31.0888,76.7935,18.1,2026-09-28,02:30:00,,,,2026-09-28 02:46:46,,,,,,,,,,,,,,,,,,,,
Jammu And Kashmir,Anantnag,Anantnag,33.6692,75.1719,14.5,2026-09-28,02:30:00,100.0,2026-09-27,02:30:00,2026-09-28 02:46:46,14.650000000000034,Zone 3,28.44,Zone 4,13.71,Zone 2,27.71,Zone 4,20.97,Zone 3,31.83,Zone 4,24.65,Zone 3,35.73,Zone 4,28.44,Zone 4,45.17,Zone 5
Jammu And Kashmir,Anantnag,Khudwani,33.72,75.09,13.5,2026-09-28,02:30:00,96.0,2026-09-27,02:30:00,2026-09-28 02:46:46,13.350000000000023,Zone 2,27.27,Zone 4,12.52,Zone 2,26.63,Zone 4,19.97,Zone 3,30.61,Zone 4,23.97,Zone 3,34.38,Zone 4,27.27,Zone 4,39.96,Zone 5
Jammu And Kashmir,Anantnag,Larnoo,33.62,75.38,9.7,2026-09-28,02:30:00,99.0,2026-09-27,02:30:00,2026-09-28 02:46:46,9.650000000000034,Zone 2,24.35,Zone 3,8.47,Zone 2,24.07,Zone 3,16.37,Zone 3,26.95,Zone 4,21.4,Zone 3,30.46,Zone 4,24.35,Zone 3,33.88,Zone 4
Jammu And Kashmir,Badgam,Harran,34.0619,74.71,11.2,2026-09-28,02:30:00,96.0,2026-09-27,02:30:00,2026-09-28 02:46:46,11.050000000000011,Zone 2,25.07,Zone 3,9.93,Zone 2,24.78,Zone 3,17.69,Zone 3,28.2,Zone 4,22.35,Zone 3,31.79,Zone 4,25.07,Zone 3,35.27,Zone 4
Jammu And Kashmir,Bandipora,Bandipora,34.5,74.68,11.7,2026-09-28,02:30:00,100.0,2026-09-27,02:30:00,2026-09-28 02:46:46,11.650000000000034,Zone 2,25.45,Zone 4,10.58,Zone 2,25.06,Zone 3,18.25,Zone 3,28.75,Zone 4,22.74,Zone 3,32.42,Zone 4,25.45,Zone 4,35.97,Zone 4
Jammu And Kashmir,Baramulla,Baramulla Kvk,34.096,74.525,14.0,2026-09-28,02:30:00,73.0,2026-09-27,02:30:00,2026-09-28 02:46:46,13.050000000000011,Zone 2,27.14,Zone 4,12.17,Zone 2,26.61,Zone 4,19.78,Zone 3,30.35,Zone 4,23.91,Zone 3,33.89,Zone 4,27.14,Zone 4,37.3,Zone 4
Jammu And Kashmir,Baramulla,Gulmarg,34.0339,74.3658,9.0,2026-09-28,02:30:00,44.0,2026-09-27,02:30:00,2026-09-28 02:46:46,7.350000000000023,Zone 2,23.52,Zone 3,6.21,Zone 2,23.33,Zone 3,14.46,Zone 3,25.79,Zone 4,20.15,Zone 3,28.91,Zone 4,23.52,Zone 3,31.94,Zone 4
Jammu And Kashmir,Ganderbal,Ganderbal,34.24,74.78,13.5,2026-09-28,02:30:00,65.0,2026-09-27,02:30:00,2026-09-28 02:46:46,12.25,Zone 2,26.5,Zone 4,11.36,Zone 2,26.03,Zone 4,19.11,Zone 3,29.66,Zone 4,23.46,Zone 3,33.09,Zone 4,26.5,Zone 4,36.41,Zone 4
Jammu And Kashmir,Ganderbal,Sonemarg,34.25611111,75.41694444,8.3,2026-09-28,02:30:00,78.0,2026-09-27,02:30:00,2026-09-28 02:46:46,7.650000000000034,Zone 2,23.63,Zone 3,6.79,Zone 2,23.39,Zone 3,14.9,Zone 3,25.85,Zone 4,20.39,Zone 3,29.16,Zone 4,23.63,Zone 3,32.38,Zone 4
Jammu And Kashmir,Jammu,Chatha Amfu,,,,,,91.0,2026-09-27,02:30:00,2026-09-28 02:46:46,,,,,,,,,,,,,,,,,,,,
Jammu And Kashmir,Jammu,Jammu,32.7266,74.857,25.5,2026-09-28,02:30:00,88.0,2026-09-27,02:30:00,2026-09-28 02:46:46,27.850000000000023,Zone 4,59.23,Zone 5,27.2,Zone 4,55.65,Zone 5,33.72,Zone 4,61.51,Zone 5,43.28,Zone 5,64.02,Zone 5,59.23,Zone 5,65.96,Zone 5
Jammu And Kashmir,Kishtwar,Gulabgarh,33.2667,76.172,10.7,2026-09-28,02:30:00,67.0,2026-09-27,02:30:00,2026-09-28 02:46:46,9.650000000000034,Zone 2,24.52,Zone 3,8.44,Zone 2,24.28,Zone 3,16.45,Zone 3,27.23,Zone 4,21.55,Zone 3,30.55,Zone 4,24.52,Zone 3,33.77,Zone 4
Jammu And Kashmir,Kishtwar,Kishtwar,33.3,75.76,17.7,2026-09-28,02:30:00,89.0,2026-09-27,02:30:00,2026-09-28 02:46:46,18.150000000000034,Zone 3,31.43,Zone 4,17.06,Zone 3,30.58,Zone 4,23.26,Zone 3,34.83,Zone 4,27.1,Zone 4,41.13,Zone 5,31.43,Zone 4,53.37,Zone 5
Jammu And Kashmir,Kulgam,Kulgam Amfu,33.6447,74.9433,13.5,2026-09-28,02:30:00,84.0,2026-09-27,02:30:00,2026-09-28 02:46:46,12.950000000000045,Zone 2,26.96,Zone 4,12.08,Zone 2,26.39,Zone 4,19.65,Zone 3,30.22,Zone 4,23.78,Zone 3,33.85,Zone 4,26.96,Zone 4,37.36,Zone 4
Jammu And Kashmir,Kupwara,Kupw Kvk,34.516,74.256,11.0,2026-09-28,02:30:00,82.0,2026-09-27,02:30:00,2026-09-28 02:46:46,10.450000000000045,Zone 2,24.93,Zone 3,9.46,Zone 2,24.66,Zone 3,17.32,Zone 3,27.92,Zone 4,22.13,Zone 3,31.38,Zone 4,24.93,Zone 3,34.74,Zone 4
Jammu And Kashmir,Poonch,Poonch,33.7665,74.111,21.0,2026-09-28,02:30:00,83.0,2026-09-27,02:30:00,2026-09-28 02:46:46,21.850000000000023,Zone 3,35.73,Zone 4,21.22,Zone 3,34.68,Zone 4,26.26,Zone 4,40.69,Zone 5,31.13,Zone 4,54.34,Zone 5,35.73,Zone 4,60.44,Zone 5
Jammu And Kashmir,Poonch,Rajpura Mandi,33.8,74.26,15.7,2026-09-28,02:00:00,,,,2026-09-28 02:46:46,,,,,,,,,,,,,,,,,,,,
Jammu And Kashmir,Pulwama,Malangpura,33.8892,74.9808,9.8,2026-09-28,02:30:00,98.0,2026-09-27,02:30:00,2026-09-28 02:46:46,9.75,Zone 2,24.6,Zone 3,8.96,Zone 2,24.31,Zone 3,16.81,Zone 3,27.36,Zone 4,21.72,Zone 3,30.9,Zone 4,24.6,Zone 3,34.34,Zone 4
Jammu And Kashmir,Pulwama,Tral,33.93,75.11,13.6,2026-09-28,02:30:00,81.0,2026-09-27,02:30:00,2026-09-28 02:46:46,12.950000000000045,Zone 2,26.88,Zone 4,11.97,Zone 2,26.33,Zone 4,19.56,Zone 3,30.13,Zone 4,23.73,Zone 3,33.73,Zone 4,26.88,Zone 4,37.2,Zone 4
Jammu And Kashmir,Rajouri,Rajouri,33.375627,74.290072,18.4,2026-09-28,02:15:00,,,,2026-09-28 02:46:46,,,,,,,,,,,,,,,,,,,,
Jammu And Kashmir,Ramban,Govindpura,33.2219,75.2614,27.8,2026-09-28,02:30:00,85.0,2026-09-27,02:30:00,2026-09-28 02:46:46,32.150000000000034,Zone 4,62.78,Zone 5,31.87,Zone 4,61.73,Zone 5,39.91,Zone 5,64.6,Zone 5,59.25,Zone 5,66.7,Zone 5,62.78,Zone 5,68.32,Zone 5
Jammu And Kashmir,Reasi,Reasi Kvk,32.994,74.832,23.4,2026-09-28,02:30:00,100.0,2026-09-27,02:30:00,2026-09-28 02:46:46,25.150000000000034,Zone 3,56.39,Zone 5,24.83,Zone 3,51.81,Zone 5,31.19,Zone 4,60.68,Zone 5,39.18,Zone 5,63.3,Zone 5,56.39,Zone 5,65.33,Zone 5
Jammu And Kashmir,Samba,Samba,32.5703,75.1203,22.3,2026-09-28,02:30:00,100.0,2026-09-27,02:30:00,2026-09-28 02:46:46,24.05000000000001,Zone 3,49.49,Zone 5,23.74,Zone 3,44.71,Zone 5,29.39,Zone 4,59.19,Zone 5,35.14,Zone 4,62.0,Zone 5,49.49,Zone 5,64.19,Zone 5
Jammu And Kashmir,Shopian,Shopian,33.5872,74.8722,10.2,2026-09-28,02:30:00,99.0,2026-09-27,02:30:00,2026-09-28 02:46:46,10.150000000000034,Zone 2,24.61,Zone 3,8.99,Zone 2,24.32,Zone 3,16.84,Zone 3,27.38,Zone 4,21.74,Zone 3,30.93,Zone 4,24.61,Zone 3,34.37,Zone 4
Jammu And Kashmir,Shopian,Zainapora,33.78,75.0,10.9,2026-09-28,02:30:00,92.0,2026-09-27,02:30:00,2026-09-28 02:46:46,10.650000000000034,Zone 2,25.03,Zone 3,9.79,Zone 2,24.75,Zone 3,17.58,Zone 3,28.12,Zone 4,22.29,Zone 3,31.67,Zone 4,25.03,Zone 3,35.12,Zone 4
Jammu And Kashmir,Srinagar,Rambagh,34.0508,74.8044,15.3,2026-09-28,02:30:00,73.0,2026-09-27,02:30:00,2026-09-28 02:46:46,14.350000000000023,Zone 3,28.56,Zone 4,13.69,Zone 2,27.96,Zone 4,21.11,Zone 3,31.79,Zone 4,24.85,Zone 3,35.4,Zone 4,28.56,Zone 4,39.17,Zone 5
Jammu And Kashmir,Udhampur,Kawa,32.9022,75.1667,21.1,2026-09-28,02:30:00,97.0,2026-09-27,02:30:00,2026-09-28 02:46:46,22.650000000000034,Zone 3,37.79,Zone 5,21.88,Zone 3,35.95,Zone 4,26.9,Zone 4,49.35,Zone 5,32.19,Zone 4,59.68,Zone 5,37.79,Zone 5,62.14,Zone 5
Jharkhand,Bokaro,Kv Bokaro,23.6688,86.1536,24.2,2026-09-28,02:30:00,100.0,2026-09-27,02:30:00,2026-09-28 02:46:46,26.450000000000045,Zone 4,59.15,Zone 5,25.42,Zone 4,55.33,Zone 5,32.18,Zone 4,61.44,Zone 5,42.93,Zone 5,63.96,Zone 5,59.15,Zone 5,65.91,Zone 5
Jharkhand,Deoghar,Deoghar Aws400,24.4925,86.6611,24.1,2026-09-28,02:30:00,,,,2026-09-28 02:46:46,,,,,,,,,,,,,,,,,,,,
Jharkhand,East Singhbhum,Bahragora,22.2757,86.7119,25.2,2026-09-28,02:30:00,100.0,2026-09-27,02:30:00,2026-09-28 02:46:46,28.350000000000023,Zone 4,60.9,Zone 5,27.22,Zone 4,59.79,Zone 5,34.38,Zone 4,62.96,Zone 5,51.33,Zone 5,65.28,Zone 5,60.9,Zone 5,67.07,Zone 5
Jharkhand,Giridih,Giridih-Bengabad Kvk,,,,,,11.0,2026-09-27,02:30:00,2026-09-28 02:46:46,,,,,,,,,,,,,,,,,,,,
Jharkhand,Gumla,Gumla-Bishnupur Kvk,23.4363,84.3216,22.5,2026-09-28,02:30:00,99.0,2026-09-27,02:30:00,2026-09-28 02:46:46,24.25,Zone 3,48.72,Zone 5,23.7,Zone 3,43.96,Zone 5,29.31,Zone 4,59.03,Zone 5,35.02,Zone 4,61.86,Zone 5,48.72,Zone 5,64.06,Zone 5
Jharkhand,Hazaribagh,Barhi,24.2812,85.3497,23.7,2026-09-28,02:30:00,100.0,2026-09-27,02:30:00,2026-09-28 02:46:46,25.650000000000034,Zone 4,56.39,Zone 5,24.83,Zone 3,51.81,Zone 5,31.19,Zone 4,60.68,Zone 5,39.18,Zone 5,63.3,Zone 5,56.39,Zone 5,65.33,Zone 5
Jharkhand,Khunti,Diyakel-Khunti Kvk,22.9558,85.1182,22.6,2026-09-28,02:30:00,,,,2026-09-28 02:46:46,,,,,,,,,,,,,,,,,,,,
Jharkhand,Kodarma,Kodarma,24.4757,85.5938,22.9,2026-09-28,02:30:00,100.0,2026-09-27,02:30:00,2026-09-28 02:46:46,24.650000000000034,Zone 3,53.01,Zone 5,24.29,Zone 3,48.21,Zone 5,30.26,Zone 4,59.93,Zone 5,36.15,Zone 4,62.65,Zone 5,53.01,Zone 5,64.76,Zone 5
Jharkhand,Latehar,Netarhat,23.4742,84.2609,18.7,2026-09-28,02:30:00,98.0,2026-09-27,02:30:00,2026-09-28 02:46:46,19.850000000000023,Zone 3,33.31,Zone 4,18.81,Zone 3,32.29,Zone 4,24.29,Zone 3,36.85,Zone 4,28.67,Zone 4,50.16,Zone 5,33.31,Zone 4,59.53,Zone 5
Jharkhand,Lohardaga,Lohardaga Kvk,,,,,,9.0,2026-09-27,02:30:00,2026-09-28 02:46:46,,,,,,,,,,,,,,,,,,,,
Jharkhand,Pakur,Pakur Kvk,24.4717,87.7629,25.5,2026-09-28,02:30:00,,,,2026-09-28 02:46:46,,,,,,,,,,,,,,,,,,,,
Jharkhand,Ramgarh,Ramgarh Kvk,,,,,,100.0,2026-09-27,02:30:00,2026-09-28 02:46:46,,,,,,,,,,,,,,,,,,,,
Jharkhand,Ranchi,Ranchi,23.3167,85.3167,21.8,2026-09-28,02:30:00,100.0,2026-09-27,02:30:00,2026-09-28 02:46:46,23.55000000000001,Zone 3,46.01,Zone 5,23.18,Zone 3,41.41,Zone 5,28.57,Zone 4,57.02,Zone 5,34.19,Zone 4,61.36,Zone 5,46.01,Zone 5,63.62,Zone 5
Jharkhand,Ranchi,Ranchi Amfu,23.4444,85.3161,20.9,2026-09-28,02:30:00,98.0,2026-09-27,02:30:00,2026-09-28 02:46:46,22.450000000000045,Zone 3,38.38,Zone 5,21.92,Zone 3,36.05,Zone 4,26.95,Zone 4,49.99,Zone 5,32.28,Zone 4,59.82,Zone 5,38.38,Zone 5,62.26,Zone 5
Jharkhand,Saraikela,Saraikela,22.7158,85.954,24.6,2026-09-28,02:30:00,99.0,2026-09-27,02:30:00,2026-09-28 02:46:46,27.150000000000034,Zone 4,59.82,Zone 5,26.22,Zone 4,57.89,Zone 5,33.1,Zone 4,62.02,Zone 5,46.06,Zone 5,64.46,Zone 5,59.82,Zone 5,66.35,Zone 5
Jharkhand,Simdega,Bano-Simdega Kvk,22.6358,84.9077,24.3,2026-09-28,02:30:00,,,,2026-09-28 02:46:46,,,,,,,,,,,,,,,,,,,,
Jharkhand,Simdega,Simdega,22.5899,84.5173,24.1,2026-09-28,02:30:00,100.0,2026-09-27,02:30:00,2026-09-28 02:46:46,26.350000000000023,Zone 4,59.15,Zone 5,25.42,Zone 4,55.33,Zone 5,32.18,Zone 4,61.44,Zone 5,42.93,Zone 5,63.96,Zone 5,59.15,Zone 5,65.91,Zone 5
Jharkhand,West Singhbhum,Jagannathpur-Bau Kvk,22.2185,85.6394,22.8,2026-09-28,02:30:00,,,,2026-09-28 02:46:46,,,,,,,,,,,,,,,,,,,,
Karnataka,Bagalkot,Bagalkot Kvk,16.2861,76.1672,23.3,2026-09-28,02:30:00,96.0,2026-09-27,02:30:00,2026-09-28 02:46:46,24.950000000000045,Zone 3,53.32,Zone 5,24.69,Zone 3,48.54,Zone 5,30.8,Zone 4,60.0,Zone 5,36.63,Zone 4,62.71,Zone 5,53.32,Zone 5,64.81,Zone 5
Karnataka,Bangalore Rural,Doddaballapura,13.3727,77.5498,23.0,2026-09-28,02:30:00,100.0,2026-09-27,02:30:00,2026-09-28 02:46:46,24.75,Zone 3,53.01,Zone 5,24.29,Zone 3,48.21,Zone 5,30.26,Zone 4,59.93,Zone 5,36.15,Zone 4,62.65,Zone 5,53.01,Zone 5,64.76,Zone 5
Karnataka,Bangalore Urban,Bangalore,12.97,77.5667,24.5,2026-09-28,02:15:00,,,,2026-09-28 02:46:46,,,,,,,,,,,,,,,,,,,,
Karnataka,Bangalore Urban,Gopal Nagar,12.89,77.51,24.4,2026-09-28,02:30:00,92.0,2026-09-27,02:30:00,2026-09-28 02:46:46,26.350000000000023,Zone 4,56.78,Zone 5,25.79,Zone 4,52.25,Zone 5,32.24,Zone 4,60.77,Zone 5,39.61,Zone 5,63.38,Zone 5,56.78,Zone 5,65.4,Zone 5
Karnataka,Bangalore Urban,Madhavara(Nice),13.0428,77.4758,24.7,2026-09-28,02:30:00,76.0,2026-09-27,02:30:00,2026-09-28 02:46:46,25.850000000000023,Zone 4,43.16,Zone 5,25.01,Zone 3,39.38,Zone 4,30.63,Zone 4,54.67,Zone 5,35.79,Zone 4,60.82,Zone 5,43.16,Zone 5,63.15,Zone 5
Karnataka,Bellary,Hagari Kvk,15.1385,77.0612,25.4,2026-09-28,02:30:00,83.0,2026-09-27,02:30:00,2026-09-28 02:46:46,27.350000000000023,Zone 4,55.82,Zone 5,26.84,Zone 4,51.22,Zone 5,33.06,Zone 4,60.56,Zone 5,38.74,Zone 4,63.19,Zone 5,55.82,Zone 5,65.23,Zone 5
Karnataka,Bijapur,Tidagundi Amfu,16.98,75.75,23.8,2026-09-28,02:30:00,91.0,2026-09-27,02:30:00,2026-09-28 02:46:46,25.25,Zone 3,52.68,Zone 5,25.04,Zone 3,47.89,Zone 5,31.21,Zone 4,59.87,Zone 5,36.93,Zone 4,62.59,Zone 5,52.68,Zone 5,64.71,Zone 5
Karnataka,Chikmagalur,Mudigere Kvk,13.1156,75.6392,20.6,2026-09-28,02:30:00,100.0,2026-09-27,02:30:00,2026-09-28 02:46:46,22.150000000000034,Zone 3,36.83,Zone 5,21.41,Zone 3,35.41,Zone 4,26.35,Zone 4,48.28,Zone 5,31.64,Zone 4,59.46,Zone 5,36.83,Zone 5,61.94,Zone 5
Karnataka,Chitradurga,Hiriyur,13.9596,76.6456,24.2,2026-09-28,02:30:00,88.0,2026-09-27,02:30:00,2026-09-28 02:46:46,25.75,Zone 4,50.16,Zone 5,24.93,Zone 3,45.38,Zone 5,30.92,Zone 4,59.34,Zone 5,36.5,Zone 4,62.13,Zone 5,50.16,Zone 5,64.3,Zone 5
Karnataka,Dakshina Kannada,Mangaluru,12.893,74.8684,24.8,2026-09-28,02:30:00,100.0,2026-09-27,02:30:00,2026-09-28 02:46:46,27.55000000000001,Zone 4,60.9,Zone 5,27.22,Zone 4,59.79,Zone 5,34.38,Zone 4,62.96,Zone 5,51.33,Zone 5,65.28,Zone 5,60.9,Zone 5,67.07,Zone 5
Karnataka,Dharwad,Mugad,15.43,74.91,20.2,2026-09-28,02:30:00,94.0,2026-09-27,02:30:00,2026-09-28 02:46:46,21.450000000000045,Zone 3,35.23,Zone 4,20.51,Zone 3,34.12,Zone 4,25.45,Zone 4,41.91,Zone 5,30.47,Zone 4,55.48,Zone 5,35.23,Zone 4,60.7,Zone 5
Karnataka,Hassan,Hassan,12.9795,76.0427,21.4,2026-09-28,02:30:00,100.0,2026-09-27,02:30:00,2026-09-28 02:46:46,23.05000000000001,Zone 3,42.68,Zone 5,22.6,Zone 3,38.42,Zone 5,27.79,Zone 4,54.2,Zone 5,33.3,Zone 4,60.72,Zone 5,42.68,Zone 5,63.06,Zone 5
Karnataka,Kolar,Kgf (Kolar),12.9333,78.25,23.0,2026-09-28,02:30:00,89.0,2026-09-27,02:30:00,2026-09-28 02:46:46,24.350000000000023,Zone 3,44.28,Zone 5,23.86,Zone 3,39.86,Zone 5,29.37,Zone 4,55.62,Zone 5,34.77,Zone 4,61.04,Zone 5,44.28,Zone 5,63.34,Zone 5
Karnataka,Kolar,Tamaka Kvk,13.1333,78.1786,22.5,2026-09-28,02:30:00,89.0,2026-09-27,02:30:00,2026-09-28 02:46:46,23.850000000000023,Zone 3,41.16,Zone 5,23.29,Zone 3,37.63,Zone 4,28.61,Zone 4,52.81,Zone 5,33.91,Zone 4,60.42,Zone 5,41.16,Zone 5,62.79,Zone 5
Karnataka,Mandya,Mandya Kvk,12.5685,76.8322,23.3,2026-09-28,02:30:00,88.0,2026-09-27,02:30:00,2026-09-28 02:46:46,24.650000000000034,Zone 3,46.77,Zone 5,24.38,Zone 3,42.14,Zone 5,30.08,Zone 4,57.63,Zone 5,35.55,Zone 4,61.5,Zone 5,46.77,Zone 5,63.75,Zone 5
Karnataka,Ramanagara,Chandurayanghalli Kvk,12.9788,77.1925,22.4,2026-09-28,02:30:00,83.0,2026-09-27,02:30:00,2026-09-28 02:46:46,23.450000000000045,Zone 3,38.13,Zone 4,23.03,Zone 3,36.93,Zone 4,28.23,Zone 4,48.66,Zone 5,33.32,Zone 4,59.54,Zone 5,38.13,Zone 4,62.01,Zone 5
Karnataka,Shivamogga,Agumbe,13.5062,75.0384,19.8,2026-09-28,02:30:00,100.0,2026-09-27,02:30:00,2026-09-28 02:46:46,21.25,Zone 3,35.8,Zone 4,20.79,Zone 3,34.6,Zone 4,25.68,Zone 4,45.37,Zone 5,30.87,Zone 4,58.37,Zone 5,35.8,Zone 4,61.39,Zone 5
Karnataka,Tumkur,Chikkanakalli,13.6631,76.9161,23.2,2026-09-28,02:30:00,99.0,2026-09-27,02:30:00,2026-09-28 02:46:46,24.950000000000045,Zone 3,52.23,Zone 5,24.26,Zone 3,47.42,Zone 5,30.17,Zone 4,59.77,Zone 5,36.02,Zone 4,62.5,Zone 5,52.23,Zone 5,64.63,Zone 5
Kerala,Alappuzha,Karumadi,9.382,76.3898,25.8,2026-09-28,02:30:00,100.0,2026-09-27,02:30:00,2026-09-28 02:46:46,29.650000000000034,Zone 4,62.67,Zone 5,29.31,Zone 4,61.61,Zone 5,39.34,Zone 5,64.5,Zone 5,59.12,Zone 5,66.62,Zone 5,62.67,Zone 5,68.24,Zone 5
Kerala,Alappuzha,Kayamkulam,9.1767,76.5167,26.8,2026-09-28,02:30:00,100.0,2026-09-27,02:30:00,2026-09-28 02:46:46,32.150000000000034,Zone 4,64.46,Zone 5,31.79,Zone 4,63.45,Zone 5,49.51,Zone 5,66.07,Zone 5,61.26,Zone 5,67.97,Zone 5,64.46,Zone 5,69.54,Zone 6
Kerala,Alappuzha,Nooranad,9.17,76.62,25.0,2026-09-28,02:30:00,100.0,2026-09-27,02:30:00,2026-09-28 02:46:46,27.950000000000045,Zone 4,60.9,Zone 5,27.22,Zone 4,59.79,Zone 5,34.38,Zone 4,62.96,Zone 5,51.33,Zone 5,65.28,Zone 5,60.9,Zone 5,67.07,Zone 5
Kerala,Alappuzha,Thycattussery,9.74,76.36,25.4,2026-09-28,02:30:00,79.0,2026-09-27,02:30:00,2026-09-28 02:46:46,27.05000000000001,Zone 4,52.29,Zone 5,26.57,Zone 4,47.53,Zone 5,32.57,Zone 4,59.79,Zone 5,38.05,Zone 4,62.52,Zone 5,52.29,Zone 5,64.65,Zone 5
Kerala,Ernakulam,Aluva,10.1053,76.3567,26.3,2026-09-28,02:30:00,86.0,2026-09-27,02:30:00,2026-09-28 02:46:46,29.150000000000034,Zone 4,60.47,Zone 5,28.85,Zone 4,59.36,Zone 5,35.55,Zone 4,62.59,Zone 5,49.22,Zone 5,64.95,Zone 5,60.47,Zone 5,66.78,Zone 5
Kerala,Ernakulam,Boat Jetty Kgov,9.9724,76.2789,26.6,2026-09-28,02:30:00,87.0,2026-09-27,02:30:00,2026-09-28 02:46:46,29.850000000000023,Zone 4,60.7,Zone 5,28.95,Zone 4,59.59,Zone 5,35.72,Zone 4,62.78,Zone 5,50.33,Zone 5,65.13,Zone 5,60.7,Zone 5,66.93,Zone 5
Kerala,Ernakulam,Choondi,9.96692,76.4409,24.7,2026-09-28,02:30:00,100.0,2026-09-27,02:30:00,2026-09-28 02:46:46,27.350000000000023,Zone 4,60.03,Zone 5,26.29,Zone 4,58.62,Zone 5,33.24,Zone 4,62.19,Zone 5,47.04,Zone 5,64.61,Zone 5,60.03,Zone 5,66.49,Zone 5
Kerala,Ernakulam,Dhground Kgov,9.9684,76.284,26.8,2026-09-28,02:30:00,86.0,2026-09-27,02:30:00,2026-09-28 02:46:46,30.150000000000034,Zone 4,61.32,Zone 5,29.83,Zone 4,60.22,Zone 5,36.71,Zone 4,63.32,Zone 5,53.34,Zone 5,65.59,Zone 5,61.32,Zone 5,67.35,Zone 5
Kerala,Ernakulam,Kadavanthra Kgov,9.97061,76.296229,26.5,2026-09-28,02:30:00,88.0,2026-09-27,02:30:00,2026-09-28 02:46:46,29.75,Zone 4,60.92,Zone 5,29.05,Zone 4,59.82,Zone 5,35.9,Zone 4,62.98,Zone 5,51.43,Zone 5,65.29,Zone 5,60.92,Zone 5,67.08,Zone 5
Kerala,Ernakulam,Kalamassery,10.0557,76.3317,25.5,2026-09-28,02:30:00,100.0,2026-09-27,02:30:00,2026-09-28 02:46:46,29.05000000000001,Zone 4,61.78,Zone 5,28.23,Zone 4,60.7,Zone 5,35.61,Zone 4,63.73,Zone 5,55.54,Zone 5,65.94,Zone 5,61.78,Zone 5,67.65,Zone 5
Kerala,Ernakulam,Koothattukulam,9.8616,76.5957,24.3,2026-09-28,02:30:00,100.0,2026-09-27,02:30:00,2026-09-28 02:46:46,26.650000000000034,Zone 4,60.03,Zone 5,26.29,Zone 4,58.62,Zone 5,33.24,Zone 4,62.19,Zone 5,47.04,Zone 5,64.61,Zone 5,60.03,Zone 5,66.49,Zone 5
Kerala,Ernakulam,Mattancherry,9.91,76.26,26.4,2026-09-28,02:30:00,91.0,2026-09-27,02:30:00,2026-09-28 02:46:46,29.950000000000045,Zone 4,61.59,Zone 5,29.38,Zone 4,60.5,Zone 5,36.46,Zone 4,63.56,Zone 5,54.64,Zone 5,65.8,Zone 5,61.59,Zone 5,67.53,Zone 5
Kerala,Ernakulam,Odakkali,10.093,76.559,24.8,2026-09-28,02:30:00,100.0,2026-09-27,02:30:00,2026-09-28 02:46:46,27.55000000000001,Zone 4,60.9,Zone 5,27.22,Zone 4,59.79,Zone 5,34.38,Zone 4,62.96,Zone 5,51.33,Zone 5,65.28,Zone 5,60.9,Zone 5,67.07,Zone 5
Kerala,Idukki,Ayyappankovil,9.71,77.01,22.0,2026-09-28,02:30:00,100.0,2026-09-27,02:30:00,2026-09-28 02:46:46,23.75,Zone 3,46.01,Zone 5,23.18,Zone 3,41.41,Zone 5,28.57,Zone 4,57.02,Zone 5,34.19,Zone 4,61.36,Zone 5,46.01,Zone 5,63.62,Zone 5
Kerala,Idukki,Cheruthoni,9.865,76.9983,22.4,2026-09-28,02:30:00,100.0,2026-09-27,02:30:00,2026-09-28 02:46:46,24.150000000000034,Zone 3,49.49,Zone 5,23.74,Zone 3,44.71,Zone 5,29.39,Zone 4,59.19,Zone 5,35.14,Zone 4,62.0,Zone 5,49.49,Zone 5,64.19,Zone 5
Kerala,Idukki,Kovilkadavu,10.2597,77.1688,20.6,2026-09-28,02:30:00,86.0,2026-09-27,02:30:00,2026-09-28 02:46:46,21.55000000000001,Zone 3,35.27,Zone 4,20.75,Zone 3,34.22,Zone 4,25.76,Zone 4,39.98,Zone 5,30.65,Zone 4,53.64,Zone 5,35.27,Zone 4,60.28,Zone 5
Kerala,Idukki,Kundala Dam,10.1461,77.2019,13.6,2026-09-28,02:30:00,100.0,2026-09-27,02:30:00,2026-09-28 02:46:46,13.550000000000011,Zone 2,27.38,Zone 4,12.67,Zone 2,26.72,Zone 4,20.08,Zone 3,30.74,Zone 4,24.03,Zone 3,34.56,Zone 4,27.38,Zone 4,41.22,Zone 5
Kerala,Idukki,Pampadumpara,9.7986,77.1614,20.5,2026-09-28,02:30:00,100.0,2026-09-27,02:30:00,2026-09-28 02:46:46,22.05000000000001,Zone 3,36.83,Zone 5,21.41,Zone 3,35.41,Zone 4,26.35,Zone 4,48.28,Zone 5,31.64,Zone 4,59.46,Zone 5,36.83,Zone 5,61.94,Zone 5
Kerala,Idukki,Sengulam Dam,10.0124,77.0318,22.2,2026-09-28,02:00:00,,,,2026-09-28 02:46:46,,,,,,,,,,,,,,,,,,,,
Kerala,Idukki,Udumbannoor,9.8667,76.8586,23.6,2026-09-28,02:30:00,100.0,2026-09-27,02:30:00,2026-09-28 02:46:46,25.450000000000045,Zone 4,56.39,Zone 5,24.83,Zone 3,51.81,Zone 5,31.19,Zone 4,60.68,Zone 5,39.18,Zone 5,63.3,Zone 5,56.39,Zone 5,65.33,Zone 5
Kerala,Idukki,Vattavada,10.1777,77.2538,15.2,2026-09-28,02:30:00,94.0,2026-09-27,02:30:00,2026-09-28 02:46:46,15.25,Zone 3,28.77,Zone 4,14.0,Zone 2,28.05,Zone 4,21.25,Zone 3,32.14,Zone 4,24.86,Zone 3,36.0,Zone 4,28.77,Zone 4,44.99,Zone 5
Kerala,Idukki,Vellathooval,9.98,77.01,24.0,2026-09-28,02:30:00,100.0,2026-09-27,02:30:00,2026-09-28 02:46:46,26.150000000000034,Zone 4,59.15,Zone 5,25.42,Zone 4,55.33,Zone 5,32.18,Zone 4,61.44,Zone 5,42.93,Zone 5,63.96,Zone 5,59.15,Zone 5,65.91,Zone 5
Kerala,Kannur,Chemberi,12.0964,75.5614,24.2,2026-09-28,02:30:00,100.0,2026-09-27,02:30:00,2026-09-28 02:46:46,26.450000000000045,Zone 4,59.15,Zone 5,25.42,Zone 4,55.33,Zone 5,32.18,Zone 4,61.44,Zone 5,42.93,Zone 5,63.96,Zone 5,59.15,Zone 5,65.91,Zone 5
Kerala,Kannur,Cheruvanchery,11.82,75.66,24.1,2026-09-28,02:30:00,100.0,2026-09-27,02:30:00,2026-09-28 02:46:46,26.350000000000023,Zone 4,59.15,Zone 5,25.42,Zone 4,55.33,Zone 5,32.18,Zone 4,61.44,Zone 5,42.93,Zone 5,63.96,Zone 5,59.15,Zone 5,65.91,Zone 5
Kerala,Kannur,Peringome,12.2216,75.3073,24.0,2026-09-28,02:30:00,100.0,2026-09-27,02:30:00,2026-09-28 02:46:46,26.150000000000034,Zone 4,59.15,Zone 5,25.42,Zone 4,55.33,Zone 5,32.18,Zone 4,61.44,Zone 5,42.93,Zone 5,63.96,Zone 5,59.15,Zone 5,65.91,Zone 5
Kerala,Kannur,Pinarayi,11.8107,75.4918,25.6,2026-09-28,02:30:00,100.0,2026-09-27,02:30:00,2026-09-28 02:46:46,29.25,Zone 4,61.78,Zone 5,28.23,Zone 4,60.7,Zone 5,35.61,Zone 4,63.73,Zone 5,55.54,Zone 5,65.94,Zone 5,61.78,Zone 5,67.65,Zone 5
Kerala,Kasaragod,Bayar,12.6917,75.0305,24.8,2026-09-28,02:30:00,100.0,2026-09-27,02:30:00,2026-09-28 02:46:46,27.55000000000001,Zone 4,60.9,Zone 5,27.22,Zone 4,59.79,Zone 5,34.38,Zone 4,62.96,Zone 5,51.33,Zone 5,65.28,Zone 5,60.9,Zone 5,67.07,Zone 5
Kerala,Kasaragod,Erikkulam,12.3006,75.1587,24.9,2026-09-28,02:30:00,100.0,2026-09-27,02:30:00,2026-09-28 02:46:46,27.75,Zone 4,60.9,Zone 5,27.22,Zone 4,59.79,Zone 5,34.38,Zone 4,62.96,Zone 5,51.33,Zone 5,65.28,Zone 5,60.9,Zone 5,67.07,Zone 5
Kerala,Kasaragod,Kudlu Afmu,12.65,74.96,24.8,2026-09-28,02:30:00,100.0,2026-09-27,02:30:00,2026-09-28 02:46:46,27.55000000000001,Zone 4,60.9,Zone 5,27.22,Zone 4,59.79,Zone 5,34.38,Zone 4,62.96,Zone 5,51.33,Zone 5,65.28,Zone 5,60.9,Zone 5,67.07,Zone 5
Kerala,Kasaragod,Muliyar,12.5061,75.0908,24.4,2026-09-28,02:30:00,100.0,2026-09-27,02:30:00,2026-09-28 02:46:46,26.850000000000023,Zone 4,60.03,Zone 5,26.29,Zone 4,58.62,Zone 5,33.24,Zone 4,62.19,Zone 5,47.04,Zone 5,64.61,Zone 5,60.03,Zone 5,66.49,Zone 5
Kerala,Kasaragod,Padannakkad,12.1875,75.1783,24.9,2026-09-28,02:30:00,100.0,2026-09-27,02:30:00,2026-09-28 02:46:46,27.75,Zone 4,60.9,Zone 5,27.22,Zone 4,59.79,Zone 5,34.38,Zone 4,62.96,Zone 5,51.33,Zone 5,65.28,Zone 5,60.9,Zone 5,67.07,Zone 5
Kerala,Kasaragod,Panathur,12.456,75.3671,23.4,2026-09-28,02:30:00,100.0,2026-09-27,02:30:00,2026-09-28 02:46:46,25.150000000000034,Zone 3,56.39,Zone 5,24.83,Zone 3,51.81,Zone 5,31.19,Zone 4,60.68,Zone 5,39.18,Zone 5,63.3,Zone 5,56.39,Zone 5,65.33,Zone 5
Kerala,Kollam,Chavara,8.9944,76.5331,26.1,2026-09-28,02:30:00,97.0,2026-09-27,02:30:00,2026-09-28 02:46:46,29.950000000000045,Zone 4,62.03,Zone 5,28.98,Zone 4,60.95,Zone 5,36.34,Zone 4,63.94,Zone 5,56.66,Zone 5,66.13,Zone 5,62.03,Zone 5,67.82,Zone 5
Kerala,Kollam,Karuvelil Tkmit,8.99472,76.6953,25.4,2026-09-28,02:30:00,100.0,2026-09-27,02:30:00,2026-09-28 02:46:46,28.75,Zone 4,61.78,Zone 5,28.23,Zone 4,60.7,Zone 5,35.61,Zone 4,63.73,Zone 5,55.54,Zone 5,65.94,Zone 5,61.78,Zone 5,67.65,Zone 5
Kerala,Kollam,Parippally,8.8136,76.7461,24.9,2026-09-28,02:30:00,100.0,2026-09-27,02:30:00,2026-09-28 02:46:46,27.75,Zone 4,60.9,Zone 5,27.22,Zone 4,59.79,Zone 5,34.38,Zone 4,62.96,Zone 5,51.33,Zone 5,65.28,Zone 5,60.9,Zone 5,67.07,Zone 5
Kerala,Kollam,Punalur,9.01333,76.9433,25.3,2026-09-28,02:30:00,100.0,2026-09-27,02:30:00,2026-09-28 02:46:46,28.55000000000001,Zone 4,61.78,Zone 5,28.23,Zone 4,60.7,Zone 5,35.61,Zone 4,63.73,Zone 5,55.54,Zone 5,65.94,Zone 5,61.78,Zone 5,67.65,Zone 5
Kerala,Kottayam,Kottayam,9.5916,76.5222,25.3,2026-09-28,02:30:00,100.0,2026-09-27,02:30:00,2026-09-28 02:46:46,28.55000000000001,Zone 4,61.78,Zone 5,28.23,Zone 4,60.7,Zone 5,35.61,Zone 4,63.73,Zone 5,55.54,Zone 5,65.94,Zone 5,61.78,Zone 5,67.65,Zone 5
Kerala,Kottayam,Vadavathoor,9.585,76.5708,25.3,2026-09-28,02:30:00,100.0,2026-09-27,02:30:00,2026-09-28 02:46:46,28.55000000000001,Zone 4,61.78,Zone 5,28.23,Zone 4,60.7,Zone 5,35.61,Zone 4,63.73,Zone 5,55.54,Zone 5,65.94,Zone 5,61.78,Zone 5,67.65,Zone 5
Kerala,Kottayam,Vaikkom,9.72388,76.3925,25.4,2026-09-28,02:30:00,98.0,2026-09-27,02:30:00,2026-09-28 02:46:46,28.55000000000001,Zone 4,61.36,Zone 5,28.04,Zone 4,60.27,Zone 5,35.26,Zone 4,63.36,Zone 5,53.57,Zone 5,65.63,Zone 5,61.36,Zone 5,67.38,Zone 5
Kerala,Kozhikode,Kunnamangalam,11.28,75.87,24.9,2026-09-28,02:30:00,100.0,2026-09-27,02:30:00,2026-09-28 02:46:46,27.75,Zone 4,60.9,Zone 5,27.22,Zone 4,59.79,Zone 5,34.38,Zone 4,62.96,Zone 5,51.33,Zone 5,65.28,Zone 5,60.9,Zone 5,67.07,Zone 5
Kerala,Kozhikode,Urumi,11.34,76.01,23.6,2026-09-28,02:30:00,100.0,2026-09-27,02:30:00,2026-09-28 02:46:46,25.450000000000045,Zone 4,56.39,Zone 5,24.83,Zone 3,51.81,Zone 5,31.19,Zone 4,60.68,Zone 5,39.18,Zone 5,63.3,Zone 5,56.39,Zone 5,65.33,Zone 5
Kerala,Kozhikode,Vadakara,11.59,75.62,25.2,2026-09-28,02:30:00,97.0,2026-09-27,02:30:00,2026-09-28 02:46:46,28.150000000000034,Zone 4,60.28,Zone 5,26.99,Zone 4,59.16,Zone 5,33.93,Zone 4,62.42,Zone 5,48.3,Zone 5,64.81,Zone 5,60.28,Zone 5,66.66,Zone 5
Kerala,Kozhikode,Vilangad,11.7803,75.7639,22.9,2026-09-28,02:30:00,100.0,2026-09-27,02:30:00,2026-09-28 02:46:46,24.650000000000034,Zone 3,53.01,Zone 5,24.29,Zone 3,48.21,Zone 5,30.26,Zone 4,59.93,Zone 5,36.15,Zone 4,62.65,Zone 5,53.01,Zone 5,64.76,Zone 5
Kerala,Malappuram,Munderi,11.4472,76.2494,23.7,2026-09-28,02:30:00,100.0,2026-09-27,02:30:00,2026-09-28 02:46:46,25.650000000000034,Zone 4,56.39,Zone 5,24.83,Zone 3,51.81,Zone 5,31.19,Zone 4,60.68,Zone 5,39.18,Zone 5,63.3,Zone 5,56.39,Zone 5,65.33,Zone 5
Kerala,Malappuram,Palemad,11.381,76.3061,25.3,2026-09-28,02:30:00,100.0,2026-09-27,02:30:00,2026-09-28 02:46:46,28.55000000000001,Zone 4,61.78,Zone 5,28.23,Zone 4,60.7,Zone 5,35.61,Zone 4,63.73,Zone 5,55.54,Zone 5,65.94,Zone 5,61.78,Zone 5,67.65,Zone 5
Kerala,Palakkad,Adakkaputhur,10.87,76.373,25.1,2026-09-28,02:30:00,98.0,2026-09-27,02:30:00,2026-09-28 02:46:46,27.950000000000045,Zone 4,60.49,Zone 5,27.07,Zone 4,59.37,Zone 5,34.07,Zone 4,62.6,Zone 5,49.31,Zone 5,64.97,Zone 5,60.49,Zone 5,66.8,Zone 5
Kerala,Palakkad,Malampuzha Dam,10.8403,76.6892,24.5,2026-09-28,02:30:00,99.0,2026-09-27,02:30:00,2026-09-28 02:46:46,26.950000000000045,Zone 4,59.82,Zone 5,26.22,Zone 4,57.89,Zone 5,33.1,Zone 4,62.02,Zone 5,46.06,Zone 5,64.46,Zone 5,59.82,Zone 5,66.35,Zone 5
Kerala,Palakkad,Mangalam Dam,10.517,76.5356,24.5,2026-09-28,02:30:00,93.0,2026-09-27,02:30:00,2026-09-28 02:46:46,26.55000000000001,Zone 4,57.54,Zone 5,25.85,Zone 4,53.1,Zone 5,32.36,Zone 4,60.95,Zone 5,40.47,Zone 5,63.54,Zone 5,57.54,Zone 5,65.54,Zone 5
Kerala,Palakkad,Mankara,10.77,76.6833,26.5,2026-09-28,02:30:00,65.0,2026-09-27,02:30:00,2026-09-28 02:46:46,27.650000000000034,Zone 4,45.34,Zone 5,27.11,Zone 4,41.09,Zone 4,32.6,Zone 4,56.53,Zone 5,37.61,Zone 4,61.24,Zone 5,45.34,Zone 5,63.52,Zone 5
Kerala,Palakkad,Mannarkkad,10.975,76.442,25.4,2026-09-28,02:30:00,100.0,2026-09-27,02:30:00,2026-09-28 02:46:46,28.75,Zone 4,61.78,Zone 5,28.23,Zone 4,60.7,Zone 5,35.61,Zone 4,63.73,Zone 5,55.54,Zone 5,65.94,Zone 5,61.78,Zone 5,67.65,Zone 5
Kerala,Palakkad,Ottapalam,10.8169,76.4561,24.8,2026-09-28,02:30:00,100.0,2026-09-27,02:30:00,2026-09-28 02:46:46,27.55000000000001,Zone 4,60.9,Zone 5,27.22,Zone 4,59.79,Zone 5,34.38,Zone 4,62.96,Zone 5,51.33,Zone 5,65.28,Zone 5,60.9,Zone 5,67.07,Zone 5
Kerala,Palakkad,Pothundy Dam,10.54,76.62,25.1,2026-09-28,02:30:00,99.0,2026-09-27,02:30:00,2026-09-28 02:46:46,28.05000000000001,Zone 4,60.7,Zone 5,27.14,Zone 4,59.58,Zone 5,34.22,Zone 4,62.78,Zone 5,50.32,Zone 5,65.12,Zone 5,60.7,Zone 5,66.93,Zone 5
Kerala,Palakkad,Vannamada,10.702,76.852,25.0,2026-09-28,02:30:00,100.0,2026-09-27,02:30:00,2026-09-28 02:46:46,27.950000000000045,Zone 4,60.9,Zone 5,27.22,Zone 4,59.79,Zone 5,34.38,Zone 4,62.96,Zone 5,51.33,Zone 5,65.28,Zone 5,60.9,Zone 5,67.07,Zone 5
Kerala,Pathanamthitta,Konni,9.2267,76.8497,24.4,2026-09-28,02:30:00,98.0,2026-09-27,02:30:00,2026-09-28 02:46:46,26.75,Zone 4,59.62,Zone 5,26.16,Zone 4,57.14,Zone 5,32.97,Zone 4,61.84,Zone 5,45.1,Zone 5,64.31,Zone 5,59.62,Zone 5,66.22,Zone 5
Kerala,Pathanamthitta,Kunnamthanam,9.4325,76.5969,25.4,2026-09-28,02:30:00,100.0,2026-09-27,02:30:00,2026-09-28 02:46:46,28.75,Zone 4,61.78,Zone 5,28.23,Zone 4,60.7,Zone 5,35.61,Zone 4,63.73,Zone 5,55.54,Zone 5,65.94,Zone 5,61.78,Zone 5,67.65,Zone 5
Kerala,Pathanamthitta,Laha,9.36222,76.8406,23.7,2026-09-28,02:30:00,99.0,2026-09-27,02:30:00,2026-09-28 02:46:46,25.55000000000001,Zone 4,55.64,Zone 5,24.8,Zone 3,51.0,Zone 5,31.09,Zone 4,60.51,Zone 5,38.4,Zone 5,63.15,Zone 5,55.64,Zone 5,65.2,Zone 5
Kerala,Pathanamthitta,Pathanamthitta,9.27,76.78,25.4,2026-09-28,02:30:00,100.0,2026-09-27,02:30:00,2026-09-28 02:46:46,28.75,Zone 4,61.78,Zone 5,28.23,Zone 4,60.7,Zone 5,35.61,Zone 4,63.73,Zone 5,55.54,Zone 5,65.94,Zone 5,61.78,Zone 5,67.65,Zone 5
Kerala,Pathanamthitta,Ranni Chethackal,9.41354,76.822,23.1,2026-09-28,02:30:00,100.0,2026-09-27,02:30:00,2026-09-28 02:46:46,24.850000000000023,Zone 3,53.01,Zone 5,24.29,Zone 3,48.21,Zone 5,30.26,Zone 4,59.93,Zone 5,36.15,Zone 4,62.65,Zone 5,53.01,Zone 5,64.76,Zone 5
Kerala,Pathanamthitta,Thiruvalla Kallunkal,9.35778,76.5553,28.9,2026-09-28,02:30:00,100.0,2026-09-27,02:30:00,2026-09-28 02:46:46,48.55000000000001,Zone 5,68.08,Zone 5,46.82,Zone 5,67.23,Zone 5,61.95,Zone 5,69.26,Zone 5,65.61,Zone 5,72.63,Zone 6,68.08,Zone 5,76.07,Zone 6
Kerala,Pathanamthitta,Ulanadu,9.2377,76.6886,25.5,2026-09-28,02:30:00,100.0,2026-09-27,02:30:00,2026-09-28 02:46:46,29.05000000000001,Zone 4,61.78,Zone 5,28.23,Zone 4,60.7,Zone 5,35.61,Zone 4,63.73,Zone 5,55.54,Zone 5,65.94,Zone 5,61.78,Zone 5,67.65,Zone 5
Kerala,Pathanamthitta,Venkurinji,9.45222,76.8578,24.3,2026-09-28,02:30:00,100.0,2026-09-27,02:30:00,2026-09-28 02:46:46,26.650000000000034,Zone 4,60.03,Zone 5,26.29,Zone 4,58.62,Zone 5,33.24,Zone 4,62.19,Zone 5,47.04,Zone 5,64.61,Zone 5,60.03,Zone 5,66.49,Zone 5
Kerala,Thiruvananthapuram,Palode,8.75333,77.0264,25.0,2026-09-28,02:30:00,87.0,2026-09-27,02:30:00,2026-09-28 02:46:46,26.950000000000045,Zone 4,55.98,Zone 5,26.29,Zone 4,51.38,Zone 5,32.61,Zone 4,60.59,Zone 5,38.74,Zone 5,63.22,Zone 5,55.98,Zone 5,65.26,Zone 5
Kerala,Thiruvananthapuram,Pirappancode,8.65944,76.9114,25.4,2026-09-28,02:30:00,100.0,2026-09-27,02:30:00,2026-09-28 02:46:46,28.75,Zone 4,61.78,Zone 5,28.23,Zone 4,60.7,Zone 5,35.61,Zone 4,63.73,Zone 5,55.54,Zone 5,65.94,Zone 5,61.78,Zone 5,67.65,Zone 5
Kerala,Thiruvananthapuram,Ponmudi,8.7599,77.1169,19.4,2026-09-28,02:30:00,100.0,2026-09-27,02:30:00,2026-09-28 02:46:46,20.75,Zone 3,34.98,Zone 4,20.17,Zone 3,33.84,Zone 4,25.12,Zone 3,42.59,Zone 5,30.14,Zone 4,56.08,Zone 5,34.98,Zone 4,60.84,Zone 5
Kerala,Thiruvananthapuram,Thattathumala,8.79972,76.8803,25.4,2026-09-28,02:30:00,77.0,2026-09-27,02:30:00,2026-09-28 02:46:46,26.950000000000045,Zone 4,50.46,Zone 5,26.44,Zone 4,45.69,Zone 5,32.34,Zone 4,59.4,Zone 5,37.72,Zone 4,62.18,Zone 5,50.46,Zone 5,64.35,Zone 5
Kerala,Thiruvananthapuram,Thiruvananthapuram,8.4667,76.95,25.7,2026-09-28,02:30:00,82.0,2026-09-27,02:30:00,2026-09-28 02:46:46,27.75,Zone 4,54.96,Zone 5,26.77,Zone 4,50.3,Zone 5,32.93,Zone 4,60.37,Zone 5,38.56,Zone 4,63.02,Zone 5,54.96,Zone 5,65.09,Zone 5
Kerala,Thrissur,Athirappilly,10.2879,76.5558,24.8,2026-09-28,02:15:00,,,,2026-09-28 02:46:46,,,,,,,,,,,,,,,,,,,,
Kerala,Thrissur,Kunnamkulam,10.6466,76.075,25.4,2026-09-28,02:30:00,100.0,2026-09-27,02:30:00,2026-09-28 02:46:46,28.75,Zone 4,61.78,Zone 5,28.23,Zone 4,60.7,Zone 5,35.61,Zone 4,63.73,Zone 5,55.54,Zone 5,65.94,Zone 5,61.78,Zone 5,67.65,Zone 5
Kerala,Thrissur,Lower Sholayar,10.3187,76.734,21.5,2026-09-28,02:30:00,100.0,2026-09-27,02:30:00,2026-09-28 02:46:46,23.150000000000034,Zone 3,42.68,Zone 5,22.6,Zone 3,38.42,Zone 5,27.79,Zone 4,54.2,Zone 5,33.3,Zone 4,60.72,Zone 5,42.68,Zone 5,63.06,Zone 5
Kerala,Thrissur,Munakkal,,,,,,8.0,2026-09-27,02:30:00,2026-09-28 02:46:46,,,,,,,,,,,,,,,,,,,,
Kerala,Thrissur,Peechi,10.5303,76.3997,24.3,2026-09-28,02:30:00,100.0,2026-09-27,02:30:00,2026-09-28 02:46:46,26.650000000000034,Zone 4,60.03,Zone 5,26.29,Zone 4,58.62,Zone 5,33.24,Zone 4,62.19,Zone 5,47.04,Zone 5,64.61,Zone 5,60.03,Zone 5,66.49,Zone 5
Kerala,Wayanad,Kabanigiri,11.8544,76.1781,20.4,2026-09-28,02:30:00,100.0,2026-09-27,02:30:00,2026-09-28 02:46:46,21.950000000000045,Zone 3,36.83,Zone 5,21.41,Zone 3,35.41,Zone 4,26.35,Zone 4,48.28,Zone 5,31.64,Zone 4,59.46,Zone 5,36.83,Zone 5,61.94,Zone 5
Kerala,Wayanad,Karapuzha,11.618,76.167,22.2,2026-09-28,02:30:00,99.0,2026-09-27,02:30:00,2026-09-28 02:46:46,23.850000000000023,Zone 3,45.26,Zone 5,23.14,Zone 3,40.73,Zone 5,28.5,Zone 4,56.42,Zone 5,34.09,Zone 4,61.22,Zone 5,45.26,Zone 5,63.5,Zone 5
Kerala,Wayanad,Kuppadi,11.6786,76.2269,20.8,2026-09-28,02:30:00,100.0,2026-09-27,02:30:00,2026-09-28 02:46:46,22.350000000000023,Zone 3,39.6,Zone 5,22.01,Zone 3,36.25,Zone 4,27.05,Zone 4,51.26,Zone 5,32.45,Zone 4,60.09,Zone 5,39.6,Zone 5,62.5,Zone 5
Kerala,Wayanad,Padamala,11.8111,76.0758,20.8,2026-09-28,02:30:00,100.0,2026-09-27,02:30:00,2026-09-28 02:46:46,22.350000000000023,Zone 3,39.6,Zone 5,22.01,Zone 3,36.25,Zone 4,27.05,Zone 4,51.26,Zone 5,32.45,Zone 4,60.09,Zone 5,39.6,Zone 5,62.5,Zone 5
Ladakh,Kargil,Dras,34.3667,75.8333,8.5,2026-09-28,02:30:00,45.0,2026-09-27,02:30:00,2026-09-28 02:46:46,6.850000000000023,Zone 2,23.27,Zone 3,5.76,Zone 2,23.09,Zone 3,14.04,Zone 3,25.45,Zone 4,19.84,Zone 3,28.57,Zone 4,23.27,Zone 3,31.59,Zone 4
Ladakh,Kargil,Garkon,34.56,76.482,17.1,2026-09-28,02:30:00,11.0,2026-09-27,02:30:00,2026-09-28 02:46:46,13.350000000000023,Zone 2,27.85,Zone 4,12.36,Zone 2,27.57,Zone 4,20.41,Zone 3,30.73,Zone 4,24.66,Zone 3,33.71,Zone 4,27.85,Zone 4,36.57,Zone 4
Ladakh,Kargil,Kargil,34.5222,76.1422,11.0,2026-09-28,02:30:00,22.0,2026-09-27,02:30:00,2026-09-28 02:46:46,8.350000000000023,Zone 2,24.26,Zone 3,7.32,Zone 2,24.1,Zone 3,15.59,Zone 3,26.85,Zone 4,21.06,Zone 3,29.88,Zone 4,24.26,Zone 3,32.8,Zone 4
Ladakh,Kargil,Padum Kvk,33.479,76.869,9.9,2026-09-28,02:30:00,33.0,2026-09-27,02:30:00,2026-09-28 02:46:46,7.75,Zone 2,23.89,Zone 3,6.79,Zone 2,23.72,Zone 3,15.04,Zone 3,26.33,Zone 4,20.62,Zone 3,29.41,Zone 4,23.89,Zone 3,32.39,Zone 4
Ladakh,Leh,Khaltse,34.556,77.01,16.0,2026-09-28,02:30:00,14.0,2026-09-27,02:30:00,2026-09-28 02:46:46,12.550000000000011,Zone 2,27.21,Zone 4,11.58,Zone 2,26.94,Zone 4,19.66,Zone 3,30.13,Zone 4,24.09,Zone 3,33.13,Zone 4,27.21,Zone 4,36.02,Zone 4
Ladakh,Leh,Nubra Hunder,34.783,77.566,8.5,2026-09-28,02:30:00,34.0,2026-09-27,02:30:00,2026-09-28 02:46:46,6.550000000000011,Zone 2,23.15,Zone 3,5.41,Zone 2,22.99,Zone 3,13.8,Zone 2,25.33,Zone 4,19.64,Zone 3,28.39,Zone 4,23.15,Zone 3,31.35,Zone 4
Ladakh,Leh,Nyoma Kvk,33.209,78.646,5.8,2026-09-28,02:30:00,64.0,2026-09-27,02:30:00,2026-09-28 02:46:46,4.850000000000023,Zone 2,22.19,Zone 3,3.88,Zone 2,22.0,Zone 3,12.66,Zone 2,24.49,Zone 3,18.46,Zone 3,27.06,Zone 4,22.19,Zone 3,30.11,Zone 4
Ladakh,Leh,Tangtse Durbuk,33.98,78.23,8.7,2026-09-28,02:30:00,42.0,2026-09-27,02:30:00,2026-09-28 02:46:46,6.9500000000000455,Zone 2,23.24,Zone 3,5.66,Zone 2,23.07,Zone 3,13.97,Zone 2,25.42,Zone 4,19.78,Zone 3,28.52,Zone 4,23.24,Zone 3,31.52,Zone 4
Ladakh,Leh,Upshi,33.83,77.81,9.5,2026-09-28,02:30:00,29.0,2026-09-27,02:30:00,2026-09-28 02:46:46,7.25,Zone 2,23.59,Zone 3,6.18,Zone 2,23.44,Zone 3,14.48,Zone 3,25.94,Zone 4,20.22,Zone 3,28.99,Zone 4,23.59,Zone 3,31.93,Zone 4
Madhya Pradesh,Agar,Agar Malwa,23.6806,75.9941,20.6,2026-09-28,02:30:00,100.0,2026-09-27,02:30:00,2026-09-28 02:46:46,22.150000000000034,Zone 3,36.83,Zone 5,21.41,Zone 3,35.41,Zone 4,26.35,Zone 4,48.28,Zone 5,31.64,Zone 4,59.46,Zone 5,36.83,Zone 5,61.94,Zone 5
Madhya Pradesh,Alirajpur,Alirajpur,22.3139,74.3531,21.8,2026-09-28,02:30:00,83.0,2026-09-27,02:30:00,2026-09-28 02:46:46,22.850000000000023,Zone 3,37.3,Zone 4,22.44,Zone 3,36.15,Zone 4,27.54,Zone 4,45.88,Zone 5,32.56,Zone 4,58.76,Zone 5,37.3,Zone 4,61.48,Zone 5
Madhya Pradesh,Anuppur,Amarkantak Crch,22.6765,81.7607,19.3,2026-09-28,02:30:00,100.0,2026-09-27,02:30:00,2026-09-28 02:46:46,20.650000000000034,Zone 3,34.98,Zone 4,20.17,Zone 3,33.84,Zone 4,25.12,Zone 3,42.59,Zone 5,30.14,Zone 4,56.08,Zone 5,34.98,Zone 4,60.84,Zone 5
Madhya Pradesh,Balaghat,Pala Kvk,21.6477,80.3152,23.5,2026-09-28,02:30:00,98.0,2026-09-27,02:30:00,2026-09-28 02:46:46,25.25,Zone 3,54.88,Zone 5,24.76,Zone 3,50.18,Zone 5,30.99,Zone 4,60.34,Zone 5,37.63,Zone 5,63.01,Zone 5,54.88,Zone 5,65.07,Zone 5
Madhya Pradesh,Barwani,Talun Kvk,22.0328,74.9744,22.0,2026-09-28,02:30:00,100.0,2026-09-27,02:30:00,2026-09-28 02:46:46,23.75,Zone 3,46.01,Zone 5,23.18,Zone 3,41.41,Zone 5,28.57,Zone 4,57.02,Zone 5,34.19,Zone 4,61.36,Zone 5,46.01,Zone 5,63.62,Zone 5
Madhya Pradesh,Betul,Betul,,,,,,99.0,2026-09-27,02:30:00,2026-09-28 02:46:46,,,,,,,,,,,,,,,,,,,,
Madhya Pradesh,Bhopal,Berasia,23.62,77.43,21.8,2026-09-28,02:30:00,100.0,2026-09-27,02:30:00,2026-09-28 02:46:46,23.55000000000001,Zone 3,46.01,Zone 5,23.18,Zone 3,41.41,Zone 5,28.57,Zone 4,57.02,Zone 5,34.19,Zone 4,61.36,Zone 5,46.01,Zone 5,63.62,Zone 5
Madhya Pradesh,Bhopal ,Bhopal,23.28,77.35,23.5,2026-09-28,02:30:00,100.0,2026-09-27,02:30:00,2026-09-28 02:46:46,25.25,Zone 3,56.39,Zone 5,24.83,Zone 3,51.81,Zone 5,31.19,Zone 4,60.68,Zone 5,39.18,Zone 5,63.3,Zone 5,56.39,Zone 5,65.33,Zone 5
Madhya Pradesh,Chhindwara,New Chhindwara,22.0572,78.9382,21.2,2026-09-28,02:30:00,100.0,2026-09-27,02:30:00,2026-09-28 02:46:46,22.850000000000023,Zone 3,39.6,Zone 5,22.01,Zone 3,36.25,Zone 4,27.05,Zone 4,51.26,Zone 5,32.45,Zone 4,60.09,Zone 5,39.6,Zone 5,62.5,Zone 5
Madhya Pradesh,Chhindwara,Sausar,21.66,78.8,21.4,2026-09-28,02:30:00,97.0,2026-09-27,02:30:00,2026-09-28 02:46:46,22.950000000000045,Zone 3,40.65,Zone 5,22.47,Zone 3,36.8,Zone 4,27.61,Zone 4,52.3,Zone 5,33.01,Zone 4,60.31,Zone 5,40.65,Zone 5,62.7,Zone 5
Madhya Pradesh,Guna,Aron Kvk,,,,,,28.0,2026-09-27,02:30:00,2026-09-28 02:46:46,,,,,,,,,,,,,,,,,,,,
Madhya Pradesh,Hoshangabad,Pachmarhi Aec,22.4695,78.4318,20.0,2026-09-28,02:30:00,92.0,2026-09-27,02:30:00,2026-09-28 02:46:46,21.150000000000034,Zone 3,35.05,Zone 4,20.42,Zone 3,33.97,Zone 4,25.37,Zone 4,40.81,Zone 5,30.35,Zone 4,54.45,Zone 5,35.05,Zone 4,60.47,Zone 5
Madhya Pradesh,Mandsaur,Mandsour,24.06,75.1,21.8,2026-09-28,02:30:00,93.0,2026-09-27,02:30:00,2026-09-28 02:46:46,23.25,Zone 3,40.96,Zone 5,22.88,Zone 3,37.23,Zone 4,28.12,Zone 4,52.61,Zone 5,33.47,Zone 4,60.38,Zone 5,40.96,Zone 5,62.75,Zone 5
Madhya Pradesh,Narsinghpur,Narsinghpur,22.94,79.22,22.7,2026-09-28,02:30:00,100.0,2026-09-27,02:30:00,2026-09-28 02:46:46,24.450000000000045,Zone 3,49.49,Zone 5,23.74,Zone 3,44.71,Zone 5,29.39,Zone 4,59.19,Zone 5,35.14,Zone 4,62.0,Zone 5,49.49,Zone 5,64.19,Zone 5
Madhya Pradesh,Neemuch,Marukheda Kvk,24.4738,74.8969,23.7,2026-09-28,02:30:00,93.0,2026-09-27,02:30:00,2026-09-28 02:46:46,25.25,Zone 3,50.89,Zone 5,24.58,Zone 3,46.09,Zone 5,30.52,Zone 4,59.49,Zone 5,36.21,Zone 4,62.26,Zone 5,50.89,Zone 5,64.42,Zone 5
Madhya Pradesh,Sagar,Khurai,24.04,78.33,22.7,2026-09-28,02:30:00,93.0,2026-09-27,02:30:00,2026-09-28 02:46:46,24.25,Zone 3,44.1,Zone 5,23.46,Zone 3,39.69,Zone 5,28.88,Zone 4,55.46,Zone 5,34.34,Zone 4,61.0,Zone 5,44.1,Zone 5,63.3,Zone 5
Madhya Pradesh,Sagar,Sagar,23.83,78.69,12.6,2026-09-28,02:30:00,99.0,2026-09-27,02:30:00,2026-09-28 02:46:46,12.550000000000011,Zone 2,26.37,Zone 4,11.59,Zone 2,25.77,Zone 4,19.14,Zone 3,29.69,Zone 4,23.38,Zone 3,33.42,Zone 4,26.37,Zone 4,37.43,Zone 5
Madhya Pradesh,Satna,Satna,24.57,80.82,21.5,2026-09-28,02:30:00,99.0,2026-09-27,02:30:00,2026-09-28 02:46:46,23.150000000000034,Zone 3,41.99,Zone 5,22.56,Zone 3,37.82,Zone 5,27.73,Zone 4,53.58,Zone 5,33.2,Zone 4,60.58,Zone 5,41.99,Zone 5,62.94,Zone 5
Madhya Pradesh,Shajapur,Shajapur,23.4317,76.2636,21.4,2026-09-28,02:30:00,92.0,2026-09-27,02:30:00,2026-09-28 02:46:46,22.75,Zone 3,37.51,Zone 4,22.25,Zone 3,36.27,Zone 4,27.34,Zone 4,49.04,Zone 5,32.57,Zone 4,59.62,Zone 5,37.51,Zone 4,62.08,Zone 5
Madhya Pradesh,Sidhi,Sidhi,24.41,81.86,23.2,2026-09-28,02:30:00,93.0,2026-09-27,02:30:00,2026-09-28 02:46:46,24.75,Zone 3,47.44,Zone 5,24.02,Zone 3,42.76,Zone 5,29.68,Zone 4,58.14,Zone 5,35.25,Zone 4,61.63,Zone 5,47.44,Zone 5,63.86,Zone 5
Madhya Pradesh,Ujjain,Vikram Vv Ujjain,23.1578,75.806,22.0,2026-09-28,02:30:00,100.0,2026-09-27,02:30:00,2026-09-28 02:46:46,23.75,Zone 3,46.01,Zone 5,23.18,Zone 3,41.41,Zone 5,28.57,Zone 4,57.02,Zone 5,34.19,Zone 4,61.36,Zone 5,46.01,Zone 5,63.62,Zone 5
Madhya Pradesh,Vidisha,Lateri,,,,,,95.0,2026-09-27,02:30:00,2026-09-28 02:46:46,,,,,,,,,,,,,,,,,,,,
Maharashtra,Amravati,Morshi,21.2833,78.01,22.0,2026-09-28,02:30:00,90.0,2026-09-27,02:30:00,2026-09-28 02:46:46,23.350000000000023,Zone 3,38.96,Zone 5,22.75,Zone 3,36.89,Zone 4,27.94,Zone 4,50.61,Zone 5,33.19,Zone 4,59.95,Zone 5,38.96,Zone 5,62.38,Zone 5
Maharashtra,Beed,Beed Pto,18.990814,75.748339,25.3,2026-09-28,02:30:00,74.0,2026-09-27,02:30:00,2026-09-28 02:46:46,26.55000000000001,Zone 4,47.66,Zone 5,26.26,Zone 4,43.01,Zone 5,32.01,Zone 4,58.33,Zone 5,37.25,Zone 4,61.67,Zone 5,47.66,Zone 5,63.9,Zone 5
Maharashtra,Buldhana,Hiwara,20.14,76.29,22.0,2026-09-28,02:30:00,86.0,2026-09-27,02:30:00,2026-09-28 02:46:46,23.150000000000034,Zone 3,37.65,Zone 4,22.57,Zone 3,36.46,Zone 4,27.71,Zone 4,47.9,Zone 5,32.82,Zone 4,59.37,Zone 5,37.65,Zone 4,61.87,Zone 5
Maharashtra,Buldhana,Lonar,19.9722,76.5323,22.6,2026-09-28,02:30:00,88.0,2026-09-27,02:30:00,2026-09-28 02:46:46,23.950000000000045,Zone 3,40.46,Zone 5,23.25,Zone 3,37.51,Zone 4,28.54,Zone 4,52.13,Zone 5,33.81,Zone 4,60.27,Zone 5,40.46,Zone 5,62.66,Zone 5
Maharashtra,Chandrapur,Chandrapur Aws400,19.97,79.2984,24.4,2026-09-28,02:30:00,100.0,2026-09-27,02:30:00,2026-09-28 02:46:46,26.850000000000023,Zone 4,60.03,Zone 5,26.29,Zone 4,58.62,Zone 5,33.24,Zone 4,62.19,Zone 5,47.04,Zone 5,64.61,Zone 5,60.03,Zone 5,66.49,Zone 5
Maharashtra,Hingoli,Tondapur Aws400,19.422844,77.401916,23.9,2026-09-28,02:30:00,79.0,2026-09-27,02:30:00,2026-09-28 02:46:46,24.950000000000045,Zone 3,42.61,Zone 5,24.58,Zone 3,38.94,Zone 4,30.12,Zone 4,54.17,Zone 5,35.32,Zone 4,60.71,Zone 5,42.61,Zone 5,63.05,Zone 5
Maharashtra,Kolhapur,Radhanagri Ars,16.41029,73.994119,19.4,2026-09-28,02:30:00,100.0,2026-09-27,02:30:00,2026-09-28 02:46:46,20.75,Zone 3,34.98,Zone 4,20.17,Zone 3,33.84,Zone 4,25.12,Zone 3,42.59,Zone 5,30.14,Zone 4,56.08,Zone 5,34.98,Zone 4,60.84,Zone 5
Maharashtra,Latur,Udgir Aws400,18.387928,77.118043,25.1,2026-09-28,02:30:00,79.0,2026-09-27,02:30:00,2026-09-28 02:46:46,26.55000000000001,Zone 4,48.99,Zone 5,25.81,Zone 4,44.26,Zone 5,31.72,Zone 4,59.09,Zone 5,37.09,Zone 4,61.92,Zone 5,48.99,Zone 5,64.11,Zone 5
Maharashtra,Mumbai Suburban,Mumbai Airport,19.0931,72.8568,29.3,2026-09-28,02:30:00,,,,2026-09-28 02:46:46,,,,,,,,,,,,,,,,,,,,
Maharashtra,Mumbai Suburban,Ram Mandir,19.1531,72.8497,25.5,2026-09-28,02:30:00,,,,2026-09-28 02:46:46,,,,,,,,,,,,,,,,,,,,
Maharashtra,Mumbai Suburban,Vikhroli,19.1096,72.9282,26.1,2026-09-28,02:30:00,73.0,2026-09-27,02:30:00,2026-09-28 02:46:46,27.75,Zone 4,49.95,Zone 5,26.93,Zone 4,45.21,Zone 5,32.73,Zone 4,59.3,Zone 5,38.01,Zone 4,62.09,Zone 5,49.95,Zone 5,64.27,Zone 5
Maharashtra,Mumbai City,Byculla Mumbai,18.9836,72.8345,26.5,2026-09-28,02:30:00,100.0,2026-09-27,02:30:00,2026-09-28 02:46:46,31.350000000000023,Zone 4,63.56,Zone 5,30.49,Zone 4,62.52,Zone 5,44.17,Zone 5,65.28,Zone 5,60.18,Zone 5,67.29,Zone 5,63.56,Zone 5,68.83,Zone 5
Maharashtra,Mumbai City,Mahalaxmi,18.9799,72.8231,27.0,2026-09-28,02:30:00,,,,2026-09-28 02:46:46,,,,,,,,,,,,,,,,,,,,
Maharashtra,Mumbai City,Mumbai Santa Cruz,19.100662,72.858223,25.4,2026-09-28,02:30:00,,,,2026-09-28 02:46:46,,,,,,,,,,,,,,,,,,,,
Maharashtra,Nagpur,Nagpur,,,,,,83.0,2026-09-27,02:30:00,2026-09-28 02:46:46,,,,,,,,,,,,,,,,,,,,
Maharashtra,Nagpur,Nagpur Kvk,21.0383,79.0572,22.5,2026-09-28,02:30:00,99.0,2026-09-27,02:30:00,2026-09-28 02:46:46,24.25,Zone 3,48.72,Zone 5,23.7,Zone 3,43.96,Zone 5,29.31,Zone 4,59.03,Zone 5,35.02,Zone 4,61.86,Zone 5,48.72,Zone 5,64.06,Zone 5
Maharashtra,Nagpur,Ramtek Aws400,21.3937,79.3235,24.6,2026-09-28,02:30:00,100.0,2026-09-27,02:30:00,2026-09-28 02:46:46,27.25,Zone 4,60.03,Zone 5,26.29,Zone 4,58.62,Zone 5,33.24,Zone 4,62.19,Zone 5,47.04,Zone 5,64.61,Zone 5,60.03,Zone 5,66.49,Zone 5
Maharashtra,Nanded,Sagroli Kvk,18.69124,77.732679,24.2,2026-09-28,02:30:00,100.0,2026-09-27,02:30:00,2026-09-28 02:46:46,26.450000000000045,Zone 4,59.15,Zone 5,25.42,Zone 4,55.33,Zone 5,32.18,Zone 4,61.44,Zone 5,42.93,Zone 5,63.96,Zone 5,59.15,Zone 5,65.91,Zone 5
Maharashtra,Nandurbar,Shahada Aws400,21.53515,74.485958,23.1,2026-09-28,02:30:00,100.0,2026-09-27,02:30:00,2026-09-28 02:46:46,24.850000000000023,Zone 3,53.01,Zone 5,24.29,Zone 3,48.21,Zone 5,30.26,Zone 4,59.93,Zone 5,36.15,Zone 4,62.65,Zone 5,53.01,Zone 5,64.76,Zone 5
Maharashtra,Nashik,Malegaon,20.569239,74.513275,24.0,2026-09-28,02:30:00,83.0,2026-09-27,02:30:00,2026-09-28 02:46:46,25.25,Zone 3,45.91,Zone 5,24.74,Zone 3,41.36,Zone 5,30.46,Zone 4,56.96,Zone 5,35.82,Zone 4,61.35,Zone 5,45.91,Zone 5,63.61,Zone 5
Maharashtra,Nashik,Vilholi,19.937324,73.721246,20.7,2026-09-28,02:30:00,98.0,2026-09-27,02:30:00,2026-09-28 02:46:46,22.150000000000034,Zone 3,36.45,Zone 4,21.32,Zone 3,35.22,Zone 4,26.26,Zone 4,47.05,Zone 5,31.49,Zone 4,59.19,Zone 5,36.45,Zone 4,61.71,Zone 5
Maharashtra,Palghar,Palghar Aws400,19.7319,72.7609,23.5,2026-09-28,02:30:00,100.0,2026-09-27,02:30:00,2026-09-28 02:46:46,25.25,Zone 3,56.39,Zone 5,24.83,Zone 3,51.81,Zone 5,31.19,Zone 4,60.68,Zone 5,39.18,Zone 5,63.3,Zone 5,56.39,Zone 5,65.33,Zone 5
Maharashtra,Pune, Nimgiri Junnar,19.2092,73.8725,19.5,2026-09-28,02:30:00,,,,2026-09-28 02:46:46,,,,,,,,,,,,,,,,,,,,
Maharashtra,Pune,Blindschool Kp Pune,18.54,73.8886,23.6,2026-09-28,02:30:00,89.0,2026-09-27,02:30:00,2026-09-28 02:46:46,25.05000000000001,Zone 3,47.59,Zone 5,24.42,Zone 3,42.91,Zone 5,30.17,Zone 4,58.26,Zone 5,35.68,Zone 4,61.66,Zone 5,47.59,Zone 5,63.88,Zone 5
Maharashtra,Pune,Chinchwad Pune,18.6595,73.7987,22.5,2026-09-28,02:30:00,93.0,2026-09-27,02:30:00,2026-09-28 02:46:46,23.950000000000045,Zone 3,44.1,Zone 5,23.46,Zone 3,39.69,Zone 5,28.88,Zone 4,55.46,Zone 5,34.34,Zone 4,61.0,Zone 5,44.1,Zone 5,63.3,Zone 5
Maharashtra,Pune,Dps Hadapsar Pune,18.4659,73.9244,23.3,2026-09-28,02:30:00,91.0,2026-09-27,02:30:00,2026-09-28 02:46:46,24.75,Zone 3,49.25,Zone 5,24.5,Zone 3,44.48,Zone 5,30.34,Zone 4,59.14,Zone 5,35.94,Zone 4,61.96,Zone 5,49.25,Zone 5,64.15,Zone 5
Maharashtra,Pune,Khadakwadi Ambegaon,18.9052,74.0938,21.2,2026-09-28,02:30:00,97.0,2026-09-27,02:30:00,2026-09-28 02:46:46,22.75,Zone 3,37.79,Zone 5,21.88,Zone 3,35.95,Zone 4,26.9,Zone 4,49.35,Zone 5,32.19,Zone 4,59.68,Zone 5,37.79,Zone 5,62.14,Zone 5
Maharashtra,Pune,Khutbav Daund,18.5056,74.3304,22.2,2026-09-28,02:30:00,,,,2026-09-28 02:46:46,,,,,,,,,,,,,,,,,,,,
Maharashtra,Pune,Lavale,18.5363,73.7325,20.6,2026-09-28,02:30:00,96.0,2026-09-27,02:30:00,2026-09-28 02:46:46,21.950000000000045,Zone 3,36.24,Zone 4,21.23,Zone 3,35.05,Zone 4,26.17,Zone 4,45.82,Zone 5,31.34,Zone 4,58.72,Zone 5,36.24,Zone 4,61.47,Zone 5
Maharashtra,Pune,Magarpatta Pune,18.5115,73.9285,23.3,2026-09-28,02:30:00,93.0,2026-09-27,02:30:00,2026-09-28 02:46:46,24.850000000000023,Zone 3,50.89,Zone 5,24.58,Zone 3,46.09,Zone 5,30.52,Zone 4,59.49,Zone 5,36.21,Zone 4,62.26,Zone 5,50.89,Zone 5,64.42,Zone 5
Maharashtra,Pune,Malin Ambegaon,19.1574,73.6811,19.4,2026-09-28,02:30:00,100.0,2026-09-27,02:30:00,2026-09-28 02:46:46,20.75,Zone 3,34.98,Zone 4,20.17,Zone 3,33.84,Zone 4,25.12,Zone 3,42.59,Zone 5,30.14,Zone 4,56.08,Zone 5,34.98,Zone 4,60.84,Zone 5
Maharashtra,Pune,Mti Pashan Pune,18.5383,73.8045,22.5,2026-09-28,02:30:00,97.0,2026-09-27,02:30:00,2026-09-28 02:46:46,24.150000000000034,Zone 3,47.16,Zone 5,23.62,Zone 3,42.49,Zone 5,29.16,Zone 4,57.92,Zone 5,34.79,Zone 4,61.58,Zone 5,47.16,Zone 5,63.81,Zone 5
Maharashtra,Pune,Narayangoan Krishi Kendra,19.1003,73.9655,19.4,2026-09-28,02:30:00,100.0,2026-09-27,02:30:00,2026-09-28 02:46:46,20.75,Zone 3,34.98,Zone 4,20.17,Zone 3,33.84,Zone 4,25.12,Zone 3,42.59,Zone 5,30.14,Zone 4,56.08,Zone 5,34.98,Zone 4,60.84,Zone 5
Maharashtra,Pune,Nda Pune,18.47,73.78,19.9,2026-09-28,02:30:00,96.0,2026-09-27,02:30:00,2026-09-28 02:46:46,21.150000000000034,Zone 3,35.42,Zone 4,20.61,Zone 3,34.28,Zone 4,25.52,Zone 4,43.04,Zone 5,30.6,Zone 4,56.48,Zone 5,35.42,Zone 4,60.93,Zone 5
Maharashtra,Pune,Nes Lakadi Indapur,18.1748,74.689,22.5,2026-09-28,02:30:00,,,,2026-09-28 02:46:46,,,,,,,,,,,,,,,,,,,,
Maharashtra,Pune,Niasm Baramati,18.153,74.5003,22.1,2026-09-28,02:30:00,100.0,2026-09-27,02:30:00,2026-09-28 02:46:46,23.850000000000023,Zone 3,46.01,Zone 5,23.18,Zone 3,41.41,Zone 5,28.57,Zone 4,57.02,Zone 5,34.19,Zone 4,61.36,Zone 5,46.01,Zone 5,63.62,Zone 5
Maharashtra,Pune,Pabal Shirur,18.8344,74.0536,17.3,2026-09-28,02:30:00,99.0,2026-09-27,02:30:00,2026-09-28 02:46:46,18.150000000000034,Zone 3,32.0,Zone 4,17.56,Zone 3,31.05,Zone 4,23.51,Zone 3,35.5,Zone 4,27.47,Zone 4,45.69,Zone 5,32.0,Zone 4,57.42,Zone 5
Maharashtra,Pune,Pashan Aws Lab,18.5167,73.85,21.2,2026-09-28,02:15:00,,,,2026-09-28 02:46:46,,,,,,,,,,,,,,,,,,,,
Maharashtra,Pune,Pashan Tdma Test,18.5246,73.8786,24.8,2026-09-28,02:30:00,73.0,2026-09-27,02:30:00,2026-09-28 02:46:46,25.850000000000023,Zone 4,43.63,Zone 5,25.49,Zone 4,39.8,Zone 4,31.12,Zone 4,55.08,Zone 5,36.24,Zone 4,60.91,Zone 5,43.63,Zone 5,63.23,Zone 5
Maharashtra,Pune,Rajgurunagar,18.841,73.884,20.9,2026-09-28,02:15:00,,,,2026-09-28 02:46:46,,,,,,,,,,,,,,,,,,,,
Maharashtra,Pune,Talegaon,18.722,73.6632,20.0,2026-09-28,02:30:00,,,,2026-09-28 02:46:46,,,,,,,,,,,,,,,,,,,,
Maharashtra,Pune,Talegaon Dhamdhere,18.671,74.148,21.7,2026-09-28,02:30:00,99.0,2026-09-27,02:30:00,2026-09-28 02:46:46,23.350000000000023,Zone 3,41.99,Zone 5,22.56,Zone 3,37.82,Zone 5,27.73,Zone 4,53.58,Zone 5,33.2,Zone 4,60.58,Zone 5,41.99,Zone 5,62.94,Zone 5
Maharashtra,Pune,Wadgaonsheri Pune,18.5482,73.9278,23.8,2026-09-28,02:30:00,77.0,2026-09-27,02:30:00,2026-09-28 02:46:46,24.75,Zone 3,41.03,Zone 5,24.49,Zone 3,38.67,Zone 4,29.96,Zone 4,52.7,Zone 5,35.08,Zone 4,60.39,Zone 5,41.03,Zone 5,62.77,Zone 5
Maharashtra,Pune,Walhe Purandar,18.1748,74.1498,21.0,2026-09-28,02:30:00,99.0,2026-09-27,02:30:00,2026-09-28 02:46:46,22.55000000000001,Zone 3,38.98,Zone 5,21.96,Zone 3,36.15,Zone 4,27.0,Zone 4,50.63,Zone 5,32.36,Zone 4,59.95,Zone 5,38.98,Zone 5,62.38,Zone 5
Maharashtra,Raigad,Iighq Newpanvel,19.0088,73.106,25.4,2026-09-28,02:30:00,100.0,2026-09-27,02:30:00,2026-09-28 02:46:46,28.75,Zone 4,61.78,Zone 5,28.23,Zone 4,60.7,Zone 5,35.61,Zone 4,63.73,Zone 5,55.54,Zone 5,65.94,Zone 5,61.78,Zone 5,67.65,Zone 5
Maharashtra,Raigad,Iig Mo Alibag,18.644514,72.869026,25.2,2026-09-28,02:30:00,100.0,2026-09-27,02:30:00,2026-09-28 02:46:46,28.350000000000023,Zone 4,60.9,Zone 5,27.22,Zone 4,59.79,Zone 5,34.38,Zone 4,62.96,Zone 5,51.33,Zone 5,65.28,Zone 5,60.9,Zone 5,67.07,Zone 5
Maharashtra,Raigad,Karjat,18.915956,73.317216,23.8,2026-09-28,02:30:00,94.0,2026-09-27,02:30:00,2026-09-28 02:46:46,25.450000000000045,Zone 4,55.1,Zone 5,25.15,Zone 3,50.42,Zone 5,31.51,Zone 4,60.39,Zone 5,37.85,Zone 5,63.05,Zone 5,55.1,Zone 5,65.11,Zone 5
Maharashtra,Raigad,Matheran,18.99012,73.266534,20.2,2026-09-28,02:30:00,100.0,2026-09-27,02:30:00,2026-09-28 02:46:46,21.75,Zone 3,35.8,Zone 4,20.79,Zone 3,34.6,Zone 4,25.68,Zone 4,45.37,Zone 5,30.87,Zone 4,58.37,Zone 5,35.8,Zone 4,61.39,Zone 5
Maharashtra,Ratnagiri,Dapoli,17.754206,73.176743,22.9,2026-09-28,02:30:00,100.0,2026-09-27,02:30:00,2026-09-28 02:46:46,24.650000000000034,Zone 3,53.01,Zone 5,24.29,Zone 3,48.21,Zone 5,30.26,Zone 4,59.93,Zone 5,36.15,Zone 4,62.65,Zone 5,53.01,Zone 5,64.76,Zone 5
Maharashtra,Ratnagiri,Ratnagiri Aws400,16.9859,73.3285,24.3,2026-09-28,02:30:00,100.0,2026-09-27,02:30:00,2026-09-28 02:46:46,26.650000000000034,Zone 4,60.03,Zone 5,26.29,Zone 4,58.62,Zone 5,33.24,Zone 4,62.19,Zone 5,47.04,Zone 5,64.61,Zone 5,60.03,Zone 5,66.49,Zone 5
Maharashtra,Ratnagiri,Savarde(Golwane),17.23,73.29,23.4,2026-09-28,02:30:00,,,,2026-09-28 02:46:46,,,,,,,,,,,,,,,,,,,,
Maharashtra,Satara,Bgrl Karad,,,,,,64.0,2026-09-27,02:30:00,2026-09-28 02:46:46,,,,,,,,,,,,,,,,,,,,
Maharashtra,Satara,Mahabaleshwar,17.92478,73.66034,16.9,2026-09-28,02:30:00,,,,2026-09-28 02:46:46,,,,,,,,,,,,,,,,,,,,
Maharashtra,Solapur,Mohol Kvk,17.4833,75.3815,25.3,2026-09-28,02:30:00,69.0,2026-09-27,02:30:00,2026-09-28 02:46:46,26.25,Zone 4,43.09,Zone 5,25.97,Zone 4,40.04,Zone 4,31.5,Zone 4,54.62,Zone 5,36.52,Zone 4,60.81,Zone 5,43.09,Zone 5,63.14,Zone 5
Maharashtra,Solapur,Sangola Mahavidyalaya,17.4208,75.1947,24.1,2026-09-28,02:30:00,92.0,2026-09-27,02:30:00,2026-09-28 02:46:46,25.850000000000023,Zone 4,53.5,Zone 5,25.08,Zone 3,48.74,Zone 5,31.31,Zone 4,60.04,Zone 5,37.08,Zone 4,62.74,Zone 5,53.5,Zone 5,64.84,Zone 5
Maharashtra,Solapur,Solapur,17.2,75.9,26.5,2026-09-28,02:30:00,70.0,2026-09-27,02:30:00,2026-09-28 02:46:46,28.05000000000001,Zone 4,50.26,Zone 5,27.47,Zone 4,45.52,Zone 5,33.2,Zone 4,59.36,Zone 5,38.43,Zone 4,62.15,Zone 5,50.26,Zone 5,64.32,Zone 5
Maharashtra,Thane,Bhayander,19.3147,72.852,25.6,2026-09-28,02:30:00,,,,2026-09-28 02:46:46,,,,,,,,,,,,,,,,,,,,
Maharashtra,Wardha,Wardha,20.78,78.59,23.0,2026-09-28,02:30:00,91.0,2026-09-27,02:30:00,2026-09-28 02:46:46,24.450000000000045,Zone 3,45.85,Zone 5,23.94,Zone 3,41.29,Zone 5,29.52,Zone 4,56.91,Zone 5,35.01,Zone 4,61.33,Zone 5,45.85,Zone 5,63.6,Zone 5
Maharashtra,Yavatmal,Pushad Aws400,19.9547,77.579,21.1,2026-09-28,02:30:00,100.0,2026-09-27,02:30:00,2026-09-28 02:46:46,22.75,Zone 3,39.6,Zone 5,22.01,Zone 3,36.25,Zone 4,27.05,Zone 4,51.26,Zone 5,32.45,Zone 4,60.09,Zone 5,39.6,Zone 5,62.5,Zone 5
Maharashtra,Yavatmal,Yavatmal,20.4025,78.1169,20.5,2026-09-28,02:30:00,99.0,2026-09-27,02:30:00,2026-09-28 02:46:46,22.05000000000001,Zone 3,36.55,Zone 4,21.36,Zone 3,35.31,Zone 4,26.3,Zone 4,47.67,Zone 5,31.56,Zone 4,59.32,Zone 5,36.55,Zone 4,61.83,Zone 5
Manipur,Chandel,Chakpikarong,24.207,93.9039,20.1,2026-09-28,02:30:00,100.0,2026-09-27,02:30:00,2026-09-28 02:46:46,21.55000000000001,Zone 3,35.8,Zone 4,20.79,Zone 3,34.6,Zone 4,25.68,Zone 4,45.37,Zone 5,30.87,Zone 4,58.37,Zone 5,35.8,Zone 4,61.39,Zone 5
Manipur,Chandel,Chandel Kvk,24.3265,94.0224,19.0,2026-09-28,02:30:00,100.0,2026-09-27,02:30:00,2026-09-28 02:46:46,20.25,Zone 3,34.2,Zone 4,19.54,Zone 3,33.11,Zone 4,24.73,Zone 3,40.0,Zone 5,29.44,Zone 4,53.66,Zone 5,34.2,Zone 4,60.29,Zone 5
Manipur,Churachandpur,Geljang Resort,24.2591,93.6697,21.6,2026-09-28,02:15:00,,,,2026-09-28 02:46:46,,,,,,,,,,,,,,,,,,,,
Manipur,Imphal East,Jiribam,24.7864,93.1539,26.5,2026-09-28,02:30:00,99.0,2026-09-27,02:30:00,2026-09-28 02:46:46,31.150000000000034,Zone 4,63.34,Zone 5,30.36,Zone 4,62.3,Zone 5,42.95,Zone 5,65.09,Zone 5,59.93,Zone 5,67.13,Zone 5,63.34,Zone 5,68.69,Zone 5
Manipur,Imphal East,Porompat,24.8067,93.9603,21.6,2026-09-28,02:30:00,94.0,2026-09-27,02:30:00,2026-09-28 02:46:46,23.05000000000001,Zone 3,38.72,Zone 5,22.34,Zone 3,36.48,Zone 4,27.45,Zone 4,50.36,Zone 5,32.74,Zone 4,59.89,Zone 5,38.72,Zone 5,62.33,Zone 5
Manipur,Kamjong,Kamjong,,,,,,100.0,2026-09-27,02:30:00,2026-09-28 02:46:46,,,,,,,,,,,,,,,,,,,,
Manipur,Kangpokpi,Saikul,25.0626,94.0251,19.8,2026-09-28,02:30:00,100.0,2026-09-27,02:30:00,2026-09-28 02:46:46,21.25,Zone 3,35.8,Zone 4,20.79,Zone 3,34.6,Zone 4,25.68,Zone 4,45.37,Zone 5,30.87,Zone 4,58.37,Zone 5,35.8,Zone 4,61.39,Zone 5
Manipur,Kangpokpi,Tujangvaichong,25.2294,93.8488,20.8,2026-09-28,02:30:00,100.0,2026-09-27,02:30:00,2026-09-28 02:46:46,22.350000000000023,Zone 3,39.6,Zone 5,22.01,Zone 3,36.25,Zone 4,27.05,Zone 4,51.26,Zone 5,32.45,Zone 4,60.09,Zone 5,39.6,Zone 5,62.5,Zone 5
Manipur,Noney,Khoupum,24.8547,93.6167,22.2,2026-09-28,02:30:00,100.0,2026-09-27,02:30:00,2026-09-28 02:46:46,23.950000000000045,Zone 3,46.01,Zone 5,23.18,Zone 3,41.41,Zone 5,28.57,Zone 4,57.02,Zone 5,34.19,Zone 4,61.36,Zone 5,46.01,Zone 5,63.62,Zone 5
Manipur,Senapati,Mao,25.5088,94.1497,17.4,2026-09-28,02:30:00,100.0,2026-09-27,02:30:00,2026-09-28 02:46:46,18.350000000000023,Zone 3,32.06,Zone 4,17.61,Zone 3,31.1,Zone 4,23.53,Zone 3,35.57,Zone 4,27.51,Zone 4,46.16,Zone 5,32.06,Zone 4,57.8,Zone 5
Manipur,Tengnoupal,Adc Moreh,24.2596,94.2897,26.5,2026-09-28,02:30:00,100.0,2026-09-27,02:30:00,2026-09-28 02:46:46,31.350000000000023,Zone 4,63.56,Zone 5,30.49,Zone 4,62.52,Zone 5,44.17,Zone 5,65.28,Zone 5,60.18,Zone 5,67.29,Zone 5,63.56,Zone 5,68.83,Zone 5
Meghalaya,East Garo Hills,Williamnagar,25.5094,90.5989,24.0,2026-09-28,02:30:00,90.0,2026-09-27,02:30:00,2026-09-28 02:46:46,25.55000000000001,Zone 4,51.84,Zone 5,25.0,Zone 3,47.05,Zone 5,31.11,Zone 4,59.69,Zone 5,36.78,Zone 4,62.44,Zone 5,51.84,Zone 5,64.57,Zone 5
Meghalaya,East Khasi Hills,Khatarshnong Laitkroh,25.439,91.8016,18.1,2026-09-28,02:30:00,83.0,2026-09-27,02:30:00,2026-09-28 02:46:46,18.350000000000023,Zone 3,31.7,Zone 4,17.4,Zone 3,30.88,Zone 4,23.52,Zone 3,35.06,Zone 4,27.44,Zone 4,40.56,Zone 5,31.7,Zone 4,52.8,Zone 5
Meghalaya,East Khasi Hills,Laban,,,,,,97.0,2026-09-27,02:30:00,2026-09-28 02:46:46,,,,,,,,,,,,,,,,,,,,
Meghalaya,East Khasi Hills,Mawryngkneng,25.5514,92.0501,23.0,2026-09-28,02:30:00,,,,2026-09-28 02:46:46,,,,,,,,,,,,,,,,,,,,
Meghalaya,East Khasi Hills,Nehu,25.6083,91.8919,20.0,2026-09-28,02:00:00,,,,2026-09-28 02:46:46,,,,,,,,,,,,,,,,,,,,
Meghalaya,East Khasi Hills,Shillong,25.5658,91.8597,19.4,2026-09-28,02:30:00,96.0,2026-09-27,02:30:00,2026-09-28 02:46:46,20.55000000000001,Zone 3,34.64,Zone 4,19.98,Zone 3,33.55,Zone 4,25.03,Zone 3,40.45,Zone 5,29.9,Zone 4,54.1,Zone 5,34.64,Zone 4,60.39,Zone 5
Meghalaya,North Garo Hills,Resubelpara,25.8907,90.6135,25.0,2026-09-28,02:15:00,,,,2026-09-28 02:46:46,,,,,,,,,,,,,,,,,,,,
Meghalaya,Ri Bhoi,Umtrewdam,26.0072,91.8118,29.2,2026-09-28,02:30:00,,,,2026-09-28 02:46:46,,,,,,,,,,,,,,,,,,,,
Meghalaya,South West Garo Hills,Ampati,25.4616,89.9258,25.1,2026-09-28,02:30:00,100.0,2026-09-27,02:30:00,2026-09-28 02:46:46,28.150000000000034,Zone 4,60.9,Zone 5,27.22,Zone 4,59.79,Zone 5,34.38,Zone 4,62.96,Zone 5,51.33,Zone 5,65.28,Zone 5,60.9,Zone 5,67.07,Zone 5
Meghalaya,South West Khasi Hills,Mawkyrwat,25.3706,91.4765,16.6,2026-09-28,02:30:00,100.0,2026-09-27,02:30:00,2026-09-28 02:46:46,17.350000000000023,Zone 3,30.76,Zone 4,16.29,Zone 3,29.89,Zone 4,22.7,Zone 3,34.23,Zone 4,26.35,Zone 4,41.49,Zone 5,30.76,Zone 4,53.72,Zone 5
Meghalaya,West Garo Hills,Tura,25.495,90.2094,24.8,2026-09-28,02:30:00,89.0,2026-09-27,02:30:00,2026-09-28 02:46:46,26.75,Zone 4,57.57,Zone 5,26.42,Zone 4,53.14,Zone 5,32.85,Zone 4,60.96,Zone 5,40.51,Zone 5,63.54,Zone 5,57.57,Zone 5,65.54,Zone 5
Meghalaya,West Khasi Hills,Nongstoin,25.5219,91.265,17.7,2026-09-28,02:30:00,91.0,2026-09-27,02:30:00,2026-09-28 02:46:46,18.25,Zone 3,31.54,Zone 4,17.16,Zone 3,30.67,Zone 4,23.31,Zone 3,34.96,Zone 4,27.17,Zone 4,42.01,Zone 5,31.54,Zone 4,54.22,Zone 5
Mizoram,Aizawl,Lengpui,23.84,92.62,25.2,2026-09-28,02:30:00,100.0,2026-09-27,02:30:00,2026-09-28 02:46:46,28.350000000000023,Zone 4,60.9,Zone 5,27.22,Zone 4,59.79,Zone 5,34.38,Zone 4,62.96,Zone 5,51.33,Zone 5,65.28,Zone 5,60.9,Zone 5,67.07,Zone 5
Mizoram,Aizawl,Mizoram University,23.7371,92.6518,24.3,2026-09-28,02:30:00,99.0,2026-09-27,02:30:00,2026-09-28 02:46:46,26.55000000000001,Zone 4,59.82,Zone 5,26.22,Zone 4,57.89,Zone 5,33.1,Zone 4,62.02,Zone 5,46.06,Zone 5,64.46,Zone 5,59.82,Zone 5,66.35,Zone 5
Mizoram,Champhai,Champhai Aws,23.495,93.3094,18.9,2026-09-28,02:15:00,,,,2026-09-28 02:46:46,,,,,,,,,,,,,,,,,,,,
Mizoram,Hnathial,Hnathial,22.9522,92.9328,23.5,2026-09-28,02:30:00,100.0,2026-09-27,02:30:00,2026-09-28 02:46:46,25.25,Zone 3,56.39,Zone 5,24.83,Zone 3,51.81,Zone 5,31.19,Zone 4,60.68,Zone 5,39.18,Zone 5,63.3,Zone 5,56.39,Zone 5,65.33,Zone 5
Mizoram,Khawzawl,Khawzawl,23.5266,93.1789,19.8,2026-09-28,02:30:00,100.0,2026-09-27,02:30:00,2026-09-28 02:46:46,21.25,Zone 3,35.8,Zone 4,20.79,Zone 3,34.6,Zone 4,25.68,Zone 4,45.37,Zone 5,30.87,Zone 4,58.37,Zone 5,35.8,Zone 4,61.39,Zone 5
Mizoram,Kolasib,Kolasib,24.208,92.6757,24.5,2026-09-28,02:30:00,100.0,2026-09-27,02:30:00,2026-09-28 02:46:46,27.05000000000001,Zone 4,60.03,Zone 5,26.29,Zone 4,58.62,Zone 5,33.24,Zone 4,62.19,Zone 5,47.04,Zone 5,64.61,Zone 5,60.03,Zone 5,66.49,Zone 5
Mizoram,Lawngtlai,Chawnhu,22.5055,92.8949,23.0,2026-09-28,02:30:00,100.0,2026-09-27,02:30:00,2026-09-28 02:46:46,24.75,Zone 3,53.01,Zone 5,24.29,Zone 3,48.21,Zone 5,30.26,Zone 4,59.93,Zone 5,36.15,Zone 4,62.65,Zone 5,53.01,Zone 5,64.76,Zone 5
Mizoram,Mamit,Lengpui Kvk,23.8381,92.6357,24.6,2026-09-28,02:30:00,100.0,2026-09-27,02:30:00,2026-09-28 02:46:46,27.25,Zone 4,60.03,Zone 5,26.29,Zone 4,58.62,Zone 5,33.24,Zone 4,62.19,Zone 5,47.04,Zone 5,64.61,Zone 5,60.03,Zone 5,66.49,Zone 5
Mizoram,Saiha,Saiha,22.4949,92.9988,22.1,2026-09-28,02:30:00,95.0,2026-09-27,02:30:00,2026-09-28 02:46:46,23.650000000000034,Zone 3,42.36,Zone 5,22.97,Zone 3,38.14,Zone 5,28.24,Zone 4,53.92,Zone 5,33.67,Zone 4,60.66,Zone 5,42.36,Zone 5,63.0,Zone 5
Mizoram,Serchhip,Serchhip,24.3425,92.8463,22.4,2026-09-28,02:30:00,13.0,2026-09-27,02:30:00,2026-09-28 02:46:46,19.650000000000034,Zone 3,32.02,Zone 4,18.83,Zone 3,31.62,Zone 4,25.21,Zone 3,34.81,Zone 4,28.74,Zone 4,37.82,Zone 4,32.02,Zone 4,40.73,Zone 4
Nagaland,Dimapur,Dimapur,25.9091,93.7266,25.8,2026-09-28,02:30:00,100.0,2026-09-27,02:30:00,2026-09-28 02:46:46,29.650000000000034,Zone 4,62.67,Zone 5,29.31,Zone 4,61.61,Zone 5,39.34,Zone 5,64.5,Zone 5,59.12,Zone 5,66.62,Zone 5,62.67,Zone 5,68.24,Zone 5
Nagaland,Kiphire,Kiphire Aws400,25.8833,94.7833,19.5,2026-09-28,02:30:00,100.0,2026-09-27,02:30:00,2026-09-28 02:46:46,20.850000000000023,Zone 3,34.98,Zone 4,20.17,Zone 3,33.84,Zone 4,25.12,Zone 3,42.59,Zone 5,30.14,Zone 4,56.08,Zone 5,34.98,Zone 4,60.84,Zone 5
Nagaland,Kohima,Chiephobozou Nerhema,25.7929,94.1312,19.7,2026-09-28,02:30:00,100.0,2026-09-27,02:30:00,2026-09-28 02:46:46,21.150000000000034,Zone 3,34.98,Zone 4,20.17,Zone 3,33.84,Zone 4,25.12,Zone 3,42.59,Zone 5,30.14,Zone 4,56.08,Zone 5,34.98,Zone 4,60.84,Zone 5
Nagaland,Kohima,Kohima,25.65,94.1167,19.1,2026-09-28,02:30:00,98.0,2026-09-27,02:30:00,2026-09-28 02:46:46,20.350000000000023,Zone 3,34.04,Zone 4,19.45,Zone 3,32.98,Zone 4,24.69,Zone 3,39.01,Zone 5,29.33,Zone 4,52.66,Zone 5,34.04,Zone 4,60.07,Zone 5
Nagaland,Kohima,Sechu,25.7,94.0333,19.4,2026-09-28,02:30:00,100.0,2026-09-27,02:30:00,2026-09-28 02:46:46,20.75,Zone 3,34.98,Zone 4,20.17,Zone 3,33.84,Zone 4,25.12,Zone 3,42.59,Zone 5,30.14,Zone 4,56.08,Zone 5,34.98,Zone 4,60.84,Zone 5
Nagaland,Peren,Jalukie,25.6534,93.6669,24.0,2026-09-28,02:30:00,100.0,2026-09-27,02:30:00,2026-09-28 02:46:46,26.150000000000034,Zone 4,59.15,Zone 5,25.42,Zone 4,55.33,Zone 5,32.18,Zone 4,61.44,Zone 5,42.93,Zone 5,63.96,Zone 5,59.15,Zone 5,65.91,Zone 5
Nagaland,Tuensang,Thonoknyu,25.9888,94.9058,17.8,2026-09-28,02:30:00,100.0,2026-09-27,02:30:00,2026-09-28 02:46:46,18.850000000000023,Zone 3,32.74,Zone 4,18.26,Zone 3,31.74,Zone 4,23.94,Zone 3,36.28,Zone 4,28.13,Zone 4,48.64,Zone 5,32.74,Zone 4,59.21,Zone 5
Nagaland,Wokha,Wokha,26.0852,94.255,20.1,2026-09-28,02:30:00,21.0,2026-09-27,02:30:00,2026-09-28 02:46:46,17.350000000000023,Zone 3,30.48,Zone 4,16.24,Zone 3,30.08,Zone 4,23.35,Zone 3,33.37,Zone 4,27.09,Zone 4,36.47,Zone 4,30.48,Zone 4,39.46,Zone 4
Odisha,Balangir,Bolangir,20.7,83.47,24.2,2026-09-28,02:30:00,100.0,2026-09-27,02:30:00,2026-09-28 02:46:46,26.450000000000045,Zone 4,59.15,Zone 5,25.42,Zone 4,55.33,Zone 5,32.18,Zone 4,61.44,Zone 5,42.93,Zone 5,63.96,Zone 5,59.15,Zone 5,65.91,Zone 5
Odisha,Balasore,Fm University,21.553,86.8147,26.0,2026-09-28,02:30:00,100.0,2026-09-27,02:30:00,2026-09-28 02:46:46,30.150000000000034,Zone 4,62.67,Zone 5,29.31,Zone 4,61.61,Zone 5,39.34,Zone 5,64.5,Zone 5,59.12,Zone 5,66.62,Zone 5,62.67,Zone 5,68.24,Zone 5
Odisha,Bargarh,Barapalli,21.18,83.59,25.1,2026-09-28,02:30:00,,,,2026-09-28 02:46:46,,,,,,,,,,,,,,,,,,,,
Odisha,Cuttack,Cuttack Kvk,20.5958,86.0239,25.7,2026-09-28,02:30:00,,,,2026-09-28 02:46:46,,,,,,,,,,,,,,,,,,,,
Odisha,Ganjam,Benakuda Kvk,19.9508,84.5929,25.1,2026-09-28,02:30:00,92.0,2026-09-27,02:30:00,2026-09-28 02:46:46,27.55000000000001,Zone 4,59.24,Zone 5,26.63,Zone 4,55.68,Zone 5,33.24,Zone 4,61.51,Zone 5,43.32,Zone 5,64.02,Zone 5,59.24,Zone 5,65.97,Zone 5
Odisha,Jharsuguda,Jharsuguda,21.89,84.03,24.7,2026-09-28,02:30:00,100.0,2026-09-27,02:30:00,2026-09-28 02:46:46,27.350000000000023,Zone 4,60.03,Zone 5,26.29,Zone 4,58.62,Zone 5,33.24,Zone 4,62.19,Zone 5,47.04,Zone 5,64.61,Zone 5,60.03,Zone 5,66.49,Zone 5
Odisha,Kandhamal,Phulbani,20.4786,84.2913,22.8,2026-09-28,02:30:00,100.0,2026-09-27,02:30:00,2026-09-28 02:46:46,24.55000000000001,Zone 3,53.01,Zone 5,24.29,Zone 3,48.21,Zone 5,30.26,Zone 4,59.93,Zone 5,36.15,Zone 4,62.65,Zone 5,53.01,Zone 5,64.76,Zone 5
Odisha,Khurdha,Pitapalli,20.201,85.6671,25.8,2026-09-28,02:30:00,100.0,2026-09-27,02:30:00,2026-09-28 02:46:46,29.650000000000034,Zone 4,62.67,Zone 5,29.31,Zone 4,61.61,Zone 5,39.34,Zone 5,64.5,Zone 5,59.12,Zone 5,66.62,Zone 5,62.67,Zone 5,68.24,Zone 5
Odisha,Mayurbhanj,Baripada,21.9228,86.7405,25.1,2026-09-28,02:30:00,100.0,2026-09-27,02:30:00,2026-09-28 02:46:46,28.150000000000034,Zone 4,60.9,Zone 5,27.22,Zone 4,59.79,Zone 5,34.38,Zone 4,62.96,Zone 5,51.33,Zone 5,65.28,Zone 5,60.9,Zone 5,67.07,Zone 5
Odisha,Puri,Janhukuda(Near Satapada),19.646,85.4058,28.1,2026-09-28,02:30:00,100.0,2026-09-27,02:30:00,2026-09-28 02:46:46,38.25,Zone 5,66.26,Zone 5,34.81,Zone 4,65.32,Zone 5,59.24,Zone 5,67.65,Zone 5,63.42,Zone 5,69.34,Zone 5,66.26,Zone 5,72.76,Zone 6
Odisha,Puri,Puri Kvk,19.9335,85.8181,27.4,2026-09-28,02:30:00,,,,2026-09-28 02:46:46,,,,,,,,,,,,,,,,,,,,
Odisha,Sambalpur,Dhankauda,21.4691,84.0018,24.9,2026-09-28,02:30:00,81.0,2026-09-27,02:30:00,2026-09-28 02:46:46,26.450000000000045,Zone 4,50.79,Zone 5,25.93,Zone 4,46.01,Zone 5,31.93,Zone 4,59.47,Zone 5,37.4,Zone 4,62.25,Zone 5,50.79,Zone 5,64.4,Zone 5
Odisha,Subarnapur,Dungripalli,21.04,83.54,24.6,2026-09-28,02:30:00,,,,2026-09-28 02:46:46,,,,,,,,,,,,,,,,,,,,
Odisha,Sundergarh,Sundergarh,22.1176,84.0436,24.5,2026-09-28,02:30:00,100.0,2026-09-27,02:30:00,2026-09-28 02:46:46,27.05000000000001,Zone 4,60.03,Zone 5,26.29,Zone 4,58.62,Zone 5,33.24,Zone 4,62.19,Zone 5,47.04,Zone 5,64.61,Zone 5,60.03,Zone 5,66.49,Zone 5
Puducherry,Mahe,Mahe Jnv,11.7514,75.5439,25.3,2026-09-28,02:30:00,99.0,2026-09-27,02:30:00,2026-09-28 02:46:46,28.450000000000045,Zone 4,61.57,Zone 5,28.13,Zone 4,60.48,Zone 5,35.43,Zone 4,63.54,Zone 5,54.56,Zone 5,65.79,Zone 5,61.57,Zone 5,67.51,Zone 5
Puducherry,Puducherry,Puducherry,11.9517,79.8267,28.6,2026-09-28,02:30:00,98.0,2026-09-27,02:30:00,2026-09-28 02:46:46,41.150000000000034,Zone 5,66.71,Zone 5,37.06,Zone 5,65.79,Zone 5,59.9,Zone 5,68.05,Zone 5,63.96,Zone 5,70.12,Zone 6,66.71,Zone 5,73.57,Zone 6
Puducherry,Puducherry,Puducherry Kvk,11.936,79.7687,27.4,2026-09-28,02:30:00,100.0,2026-09-27,02:30:00,2026-09-28 02:46:46,33.85000000000002,Zone 4,65.36,Zone 5,33.22,Zone 4,64.38,Zone 5,54.9,Zone 5,66.86,Zone 5,62.33,Zone 5,68.65,Zone 5,65.36,Zone 5,71.14,Zone 6
Punjab,Barnala,Barnala,30.36,75.53,22.4,2026-09-28,02:30:00,95.0,2026-09-27,02:30:00,2026-09-28 02:46:46,23.950000000000045,Zone 3,45.62,Zone 5,23.54,Zone 3,41.07,Zone 5,29.02,Zone 4,56.72,Zone 5,34.56,Zone 4,61.29,Zone 5,45.62,Zone 5,63.56,Zone 5
Punjab,Bathinda,Bhatinda Amfu,30.19,74.9333,22.1,2026-09-28,02:30:00,98.0,2026-09-27,02:30:00,2026-09-28 02:46:46,23.75,Zone 3,44.52,Zone 5,23.1,Zone 3,40.07,Zone 5,28.43,Zone 4,55.81,Zone 5,33.98,Zone 4,61.08,Zone 5,44.52,Zone 5,63.38,Zone 5
Punjab,Faridkot,Faridkot Amfu,30.67,74.74,23.5,2026-09-28,02:30:00,,,,2026-09-28 02:46:46,,,,,,,,,,,,,,,,,,,,
Punjab,Fatehgarh Sahib,Fatehgarh Sahib,30.62,76.41,21.2,2026-09-28,02:30:00,100.0,2026-09-27,02:30:00,2026-09-28 02:46:46,22.850000000000023,Zone 3,39.6,Zone 5,22.01,Zone 3,36.25,Zone 4,27.05,Zone 4,51.26,Zone 5,32.45,Zone 4,60.09,Zone 5,39.6,Zone 5,62.5,Zone 5
Punjab,Firozpur,Ferojpur,30.91,74.66,22.2,2026-09-28,02:30:00,99.0,2026-09-27,02:30:00,2026-09-28 02:46:46,23.850000000000023,Zone 3,45.26,Zone 5,23.14,Zone 3,40.73,Zone 5,28.5,Zone 4,56.42,Zone 5,34.09,Zone 4,61.22,Zone 5,45.26,Zone 5,63.5,Zone 5
Punjab,Firozpur,Firozpur Kvk,30.933,74.622,22.4,2026-09-28,02:30:00,98.0,2026-09-27,02:30:00,2026-09-28 02:46:46,24.05000000000001,Zone 3,47.94,Zone 5,23.66,Zone 3,43.22,Zone 5,29.24,Zone 4,58.5,Zone 5,34.9,Zone 4,61.72,Zone 5,47.94,Zone 5,63.94,Zone 5
Punjab,Gurdaspur,Gurdaspur Amfu,32.05,75.42,21.8,2026-09-28,02:30:00,98.0,2026-09-27,02:30:00,2026-09-28 02:46:46,23.450000000000045,Zone 3,44.52,Zone 5,23.1,Zone 3,40.07,Zone 5,28.43,Zone 4,55.81,Zone 5,33.98,Zone 4,61.08,Zone 5,44.52,Zone 5,63.38,Zone 5
Punjab,Hoshiarpur,Hosiyarpur,31.38,76.0239,20.6,2026-09-28,02:30:00,100.0,2026-09-27,02:30:00,2026-09-28 02:46:46,22.150000000000034,Zone 3,36.83,Zone 5,21.41,Zone 3,35.41,Zone 4,26.35,Zone 4,48.28,Zone 5,31.64,Zone 4,59.46,Zone 5,36.83,Zone 5,61.94,Zone 5
Punjab,Hoshiarpur,Salern,31.5833,75.98,21.2,2026-09-28,02:30:00,100.0,2026-09-27,02:30:00,2026-09-28 02:46:46,22.850000000000023,Zone 3,39.6,Zone 5,22.01,Zone 3,36.25,Zone 4,27.05,Zone 4,51.26,Zone 5,32.45,Zone 4,60.09,Zone 5,39.6,Zone 5,62.5,Zone 5
Punjab,Jalandhar,Jalandhar,31.05,75.34,21.1,2026-09-28,02:30:00,99.0,2026-09-27,02:30:00,2026-09-28 02:46:46,22.650000000000034,Zone 3,38.98,Zone 5,21.96,Zone 3,36.15,Zone 4,27.0,Zone 4,50.63,Zone 5,32.36,Zone 4,59.95,Zone 5,38.98,Zone 5,62.38,Zone 5
Punjab,Ludhiana,Ludhiyana Amfu,30.55,75.51,21.0,2026-09-28,02:30:00,99.0,2026-09-27,02:30:00,2026-09-28 02:46:46,22.55000000000001,Zone 3,38.98,Zone 5,21.96,Zone 3,36.15,Zone 4,27.0,Zone 4,50.63,Zone 5,32.36,Zone 4,59.95,Zone 5,38.98,Zone 5,62.38,Zone 5
Punjab,Mohali,Mohali,30.79,76.81,24.2,2026-09-28,02:30:00,14.0,2026-09-27,02:30:00,2026-09-28 02:46:46,21.950000000000045,Zone 3,33.26,Zone 4,20.86,Zone 3,32.83,Zone 4,26.45,Zone 4,36.04,Zone 4,29.97,Zone 4,39.07,Zone 4,33.26,Zone 4,42.0,Zone 4
Punjab,Pathankot,Kvk Pathankot,32.3217,75.6622,21.5,2026-09-28,02:30:00,,,,2026-09-28 02:46:46,,,,,,,,,,,,,,,,,,,,
Punjab,Pathankot,Thein Dam,32.4409,75.7575,21.2,2026-09-28,02:30:00,100.0,2026-09-27,02:30:00,2026-09-28 02:46:46,22.850000000000023,Zone 3,39.6,Zone 5,22.01,Zone 3,36.25,Zone 4,27.05,Zone 4,51.26,Zone 5,32.45,Zone 4,60.09,Zone 5,39.6,Zone 5,62.5,Zone 5
Punjab,Patiala,Rauni,30.3333,76.27,21.2,2026-09-28,02:30:00,100.0,2026-09-27,02:30:00,2026-09-28 02:46:46,22.850000000000023,Zone 3,39.6,Zone 5,22.01,Zone 3,36.25,Zone 4,27.05,Zone 4,51.26,Zone 5,32.45,Zone 4,60.09,Zone 5,39.6,Zone 5,62.5,Zone 5
Punjab,Rupnagar,Bhakra Dam Imdnagal,31.387,76.3783,21.3,2026-09-28,02:30:00,100.0,2026-09-27,02:30:00,2026-09-28 02:46:46,22.950000000000045,Zone 3,42.68,Zone 5,22.6,Zone 3,38.42,Zone 5,27.79,Zone 4,54.2,Zone 5,33.3,Zone 4,60.72,Zone 5,42.68,Zone 5,63.06,Zone 5
Punjab,Rupnagar,Sri Anadpur Sahib Imdjindwadi,31.289,76.4159,21.7,2026-09-28,02:30:00,97.0,2026-09-27,02:30:00,2026-09-28 02:46:46,23.25,Zone 3,40.65,Zone 5,22.47,Zone 3,36.8,Zone 4,27.61,Zone 4,52.3,Zone 5,33.01,Zone 4,60.31,Zone 5,40.65,Zone 5,62.7,Zone 5
Punjab,Sangrur,Sangrur,30.12,75.89,20.9,2026-09-28,02:30:00,100.0,2026-09-27,02:30:00,2026-09-28 02:46:46,22.55000000000001,Zone 3,39.6,Zone 5,22.01,Zone 3,36.25,Zone 4,27.05,Zone 4,51.26,Zone 5,32.45,Zone 4,60.09,Zone 5,39.6,Zone 5,62.5,Zone 5
Rajasthan,Ajmer,Ajmer,26.42,74.62,25.9,2026-09-28,02:30:00,77.0,2026-09-27,02:30:00,2026-09-28 02:46:46,27.650000000000034,Zone 4,53.72,Zone 5,27.21,Zone 4,48.99,Zone 5,33.22,Zone 4,60.1,Zone 5,38.7,Zone 4,62.79,Zone 5,53.72,Zone 5,64.88,Zone 5
Rajasthan,Ajmer,Central University Kishangarh,26.6237,75.0219,23.3,2026-09-28,02:30:00,75.0,2026-09-27,02:30:00,2026-09-28 02:46:46,24.150000000000034,Zone 3,38.76,Zone 4,23.84,Zone 3,37.6,Zone 4,29.1,Zone 4,48.45,Zone 5,34.06,Zone 4,59.49,Zone 5,38.76,Zone 4,61.97,Zone 5
Rajasthan,Bikaner,Chattargarh,28.66,73.12,25.0,2026-09-28,02:30:00,100.0,2026-09-27,02:30:00,2026-09-28 02:46:46,27.950000000000045,Zone 4,60.9,Zone 5,27.22,Zone 4,59.79,Zone 5,34.38,Zone 4,62.96,Zone 5,51.33,Zone 5,65.28,Zone 5,60.9,Zone 5,67.07,Zone 5
Rajasthan,Chittaurgarh,Chittorgarh Kvk,24.8462,74.5828,23.3,2026-09-28,02:30:00,,,,2026-09-28 02:46:46,,,,,,,,,,,,,,,,,,,,
Rajasthan,Churu,Churu,28.28,75.12,23.7,2026-09-28,02:30:00,96.0,2026-09-27,02:30:00,2026-09-28 02:46:46,25.450000000000045,Zone 4,53.32,Zone 5,24.69,Zone 3,48.54,Zone 5,30.8,Zone 4,60.0,Zone 5,36.63,Zone 4,62.71,Zone 5,53.32,Zone 5,64.81,Zone 5
Rajasthan,Jaipur,Amity University,26.8207,75.8175,21.8,2026-09-28,02:30:00,100.0,2026-09-27,02:30:00,2026-09-28 02:46:46,23.55000000000001,Zone 3,46.01,Zone 5,23.18,Zone 3,41.41,Zone 5,28.57,Zone 4,57.02,Zone 5,34.19,Zone 4,61.36,Zone 5,46.01,Zone 5,63.62,Zone 5
Rajasthan,Jaipur,Jaipur,26.8,75.8,23.2,2026-09-28,02:30:00,75.0,2026-09-27,02:30:00,2026-09-28 02:46:46,24.05000000000001,Zone 3,37.94,Zone 4,23.25,Zone 3,36.83,Zone 4,28.42,Zone 4,45.75,Zone 5,33.31,Zone 4,58.66,Zone 5,37.94,Zone 4,61.46,Zone 5
Rajasthan,Jaisalmer,Jaisalmer,26.9,70.9167,23.7,2026-09-28,02:30:00,79.0,2026-09-27,02:30:00,2026-09-28 02:46:46,24.75,Zone 3,39.72,Zone 5,24.01,Zone 3,38.09,Zone 4,29.38,Zone 4,51.41,Zone 5,34.49,Zone 4,60.12,Zone 5,39.72,Zone 5,62.53,Zone 5
Rajasthan,Jhunjhunu,Jhunjhunu(Aws),28.2,75.23,23.6,2026-09-28,02:30:00,90.0,2026-09-27,02:30:00,2026-09-28 02:46:46,25.05000000000001,Zone 3,48.42,Zone 5,24.46,Zone 3,43.69,Zone 5,30.25,Zone 4,58.87,Zone 5,35.81,Zone 4,61.81,Zone 5,48.42,Zone 5,64.02,Zone 5
Rajasthan,Jhunjhunu,Pilani,28.3333,75.58,22.0,2026-09-28,02:30:00,42.0,2026-09-27,02:30:00,2026-09-28 02:46:46,21.05000000000001,Zone 3,33.51,Zone 4,20.2,Zone 3,32.87,Zone 4,25.74,Zone 4,36.53,Zone 4,29.75,Zone 4,39.99,Zone 4,33.51,Zone 4,46.65,Zone 5
Rajasthan,Jodhpur,Jodhpur,26.3,73.0167,28.4,2026-09-28,02:30:00,75.0,2026-09-27,02:30:00,2026-09-28 02:46:46,31.950000000000045,Zone 4,61.17,Zone 5,31.46,Zone 4,60.08,Zone 5,37.97,Zone 4,63.2,Zone 5,52.63,Zone 5,65.48,Zone 5,61.17,Zone 5,67.25,Zone 5
Rajasthan,Karauli,Karauli Kvk,26.777,77.0691,21.9,2026-09-28,02:30:00,,,,2026-09-28 02:46:46,,,,,,,,,,,,,,,,,,,,
Rajasthan,Nagaur,Krishi Vishwavidhyalaya,27.2315,73.689,24.5,2026-09-28,02:30:00,80.0,2026-09-27,02:30:00,2026-09-28 02:46:46,25.75,Zone 4,46.59,Zone 5,25.17,Zone 3,41.99,Zone 5,30.99,Zone 4,57.51,Zone 5,36.32,Zone 4,61.47,Zone 5,46.59,Zone 5,63.72,Zone 5
Rajasthan,Pratapgarh,Pratapgarh,24.0379,74.7635,23.3,2026-09-28,02:30:00,89.0,2026-09-27,02:30:00,2026-09-28 02:46:46,24.650000000000034,Zone 3,47.59,Zone 5,24.42,Zone 3,42.91,Zone 5,30.17,Zone 4,58.26,Zone 5,35.68,Zone 4,61.66,Zone 5,47.59,Zone 5,63.88,Zone 5
Rajasthan,Sirohi,Mount Abu,24.5869,72.7036,18.5,2026-09-28,02:30:00,99.0,2026-09-27,02:30:00,2026-09-28 02:46:46,19.650000000000034,Zone 3,33.38,Zone 4,18.86,Zone 3,32.35,Zone 4,24.31,Zone 3,37.18,Zone 5,28.72,Zone 4,50.66,Zone 5,33.38,Zone 4,59.64,Zone 5
Rajasthan,Sirohi,Sirohi Kvk,24.9519,72.8815,20.4,2026-09-28,02:30:00,75.0,2026-09-27,02:30:00,2026-09-28 02:46:46,20.850000000000023,Zone 3,34.32,Zone 4,20.19,Zone 3,33.4,Zone 4,25.36,Zone 4,37.66,Zone 4,29.97,Zone 4,47.41,Zone 5,34.32,Zone 4,58.76,Zone 5
Sikkim,Gangtok,Gangtok,27.3314,88.6138,17.1,2026-09-28,02:30:00,100.0,2026-09-27,02:30:00,2026-09-28 02:46:46,17.950000000000045,Zone 3,31.4,Zone 4,16.95,Zone 3,30.48,Zone 4,23.12,Zone 3,34.88,Zone 4,26.92,Zone 4,43.77,Zone 5,31.4,Zone 4,55.81,Zone 5
Sikkim,Namchi,Namchi,27.1642,88.3964,19.0,2026-09-28,02:30:00,98.0,2026-09-27,02:30:00,2026-09-28 02:46:46,20.150000000000034,Zone 3,34.04,Zone 4,19.45,Zone 3,32.98,Zone 4,24.69,Zone 3,39.01,Zone 5,29.33,Zone 4,52.66,Zone 5,34.04,Zone 4,60.07,Zone 5
Sikkim,Soreng,Soreng,27.19,88.16,16.6,2026-09-28,02:30:00,96.0,2026-09-27,02:30:00,2026-09-28 02:46:46,17.150000000000034,Zone 3,30.57,Zone 4,16.1,Zone 3,29.73,Zone 4,22.6,Zone 3,34.0,Zone 4,26.22,Zone 4,39.87,Zone 5,30.57,Zone 4,52.11,Zone 5
Sikkim,Soreng,Soreng,27.19,88.16,16.6,2026-09-28,02:30:00,100.0,2026-09-27,02:30:00,2026-09-28 02:46:46,17.350000000000023,Zone 3,30.76,Zone 4,16.29,Zone 3,29.89,Zone 4,22.7,Zone 3,34.23,Zone 4,26.35,Zone 4,41.49,Zone 5,30.76,Zone 4,53.72,Zone 5
Sikkim,Soreng,Soreng,27.1687,88.2044,18.1,2026-09-28,02:30:00,96.0,2026-09-27,02:30:00,2026-09-28 02:46:46,19.05000000000001,Zone 3,32.48,Zone 4,18.06,Zone 3,31.53,Zone 4,23.84,Zone 3,35.97,Zone 4,27.96,Zone 4,46.68,Zone 5,32.48,Zone 4,58.21,Zone 5
Sikkim,Soreng,Soreng,27.1687,88.2044,18.1,2026-09-28,02:30:00,100.0,2026-09-27,02:30:00,2026-09-28 02:46:46,19.150000000000034,Zone 3,32.74,Zone 4,18.26,Zone 3,31.74,Zone 4,23.94,Zone 3,36.28,Zone 4,28.13,Zone 4,48.64,Zone 5,32.74,Zone 4,59.21,Zone 5
Tamil Nadu,Ariyalur,Ariyalur,11.136,79.076,26.8,2026-09-28,02:30:00,94.0,2026-09-27,02:30:00,2026-09-28 02:46:46,31.150000000000034,Zone 4,63.13,Zone 5,30.87,Zone 4,62.08,Zone 5,41.75,Zone 5,64.9,Zone 5,59.67,Zone 5,66.96,Zone 5,63.13,Zone 5,68.55,Zone 5
Tamil Nadu,Chengalpattu,Mahabalipuram,12.6336,80.1976,27.8,2026-09-28,02:30:00,95.0,2026-09-27,02:30:00,2026-09-28 02:46:46,33.950000000000045,Zone 4,65.12,Zone 5,33.68,Zone 4,64.14,Zone 5,53.52,Zone 5,66.65,Zone 5,62.05,Zone 5,68.47,Zone 5,65.12,Zone 5,70.72,Zone 6
Tamil Nadu,Chengalpattu,New Chennai Township Private L,12.3808,80.0578,27.0,2026-09-28,02:30:00,100.0,2026-09-27,02:30:00,2026-09-28 02:46:46,32.650000000000034,Zone 4,64.46,Zone 5,31.79,Zone 4,63.45,Zone 5,49.51,Zone 5,66.07,Zone 5,61.26,Zone 5,67.97,Zone 5,64.46,Zone 5,69.54,Zone 6
Tamil Nadu,Chengalpattu,Vit Chennai,12.8406,80.1534,27.3,2026-09-28,02:30:00,91.0,2026-09-27,02:30:00,2026-09-28 02:46:46,31.950000000000045,Zone 4,63.32,Zone 5,31.62,Zone 4,62.28,Zone 5,42.83,Zone 5,65.08,Zone 5,59.9,Zone 5,67.11,Zone 5,63.32,Zone 5,68.68,Zone 5
Tamil Nadu,Chengalpattu,West Tambaram Sit,12.959,80.05,26.7,2026-09-28,02:30:00,95.0,2026-09-27,02:30:00,2026-09-28 02:46:46,31.05000000000001,Zone 4,62.47,Zone 5,29.84,Zone 4,61.41,Zone 5,38.37,Zone 5,64.33,Zone 5,58.58,Zone 5,66.47,Zone 5,62.47,Zone 5,68.11,Zone 5
Tamil Nadu,Chennai,Chennai,13.075,80.2633,27.8,2026-09-28,02:30:00,96.0,2026-09-27,02:30:00,2026-09-28 02:46:46,34.150000000000034,Zone 4,65.35,Zone 5,33.89,Zone 4,64.38,Zone 5,54.87,Zone 5,66.85,Zone 5,62.33,Zone 5,68.65,Zone 5,65.35,Zone 5,71.13,Zone 6
Tamil Nadu,Chennai,Ennore Port,13.2567,80.3467,27.4,2026-09-28,02:30:00,80.0,2026-09-27,02:30:00,2026-09-28 02:46:46,30.650000000000034,Zone 4,60.75,Zone 5,30.12,Zone 4,59.65,Zone 5,36.71,Zone 4,62.83,Zone 5,50.58,Zone 5,65.17,Zone 5,60.75,Zone 5,66.97,Zone 5
Tamil Nadu,Chennai,Meenambakkam Isro,12.99,80.1983,26.0,2026-09-28,02:30:00,87.0,2026-09-27,02:30:00,2026-09-28 02:46:46,28.75,Zone 4,59.85,Zone 5,28.01,Zone 4,58.01,Zone 5,34.62,Zone 4,62.05,Zone 5,46.21,Zone 5,64.49,Zone 5,59.85,Zone 5,66.37,Zone 5
Tamil Nadu,Chennai,Niot Pallikaranai,12.953,80.035,26.5,2026-09-28,02:30:00,79.0,2026-09-27,02:30:00,2026-09-28 02:46:46,28.850000000000023,Zone 4,58.52,Zone 5,28.19,Zone 4,54.24,Zone 5,34.43,Zone 4,61.2,Zone 5,41.66,Zone 5,63.75,Zone 5,58.52,Zone 5,65.72,Zone 5
Tamil Nadu,Coimbatore,Coimbatore Amfu,11.0133,76.9383,23.3,2026-09-28,02:30:00,87.0,2026-09-27,02:30:00,2026-09-28 02:46:46,24.650000000000034,Zone 3,45.95,Zone 5,24.34,Zone 3,41.38,Zone 5,30.0,Zone 4,56.99,Zone 5,35.43,Zone 4,61.35,Zone 5,45.95,Zone 5,63.62,Zone 5
Tamil Nadu,Coimbatore,P N Palayam,11.15,76.94,22.9,2026-09-28,02:30:00,86.0,2026-09-27,02:30:00,2026-09-28 02:46:46,24.150000000000034,Zone 3,41.99,Zone 5,23.74,Zone 3,38.13,Zone 4,29.15,Zone 4,53.59,Zone 5,34.44,Zone 4,60.59,Zone 5,41.99,Zone 5,62.94,Zone 5
Tamil Nadu,Coimbatore,Upasi Tea Research Foundation,10.2682,76.9682,18.0,2026-09-28,02:30:00,43.0,2026-09-27,02:30:00,2026-09-28 02:46:46,16.150000000000034,Zone 3,29.77,Zone 4,15.14,Zone 3,29.27,Zone 4,22.37,Zone 3,32.81,Zone 4,26.12,Zone 4,36.15,Zone 4,29.77,Zone 4,39.38,Zone 4
Tamil Nadu,Cuddalore,Neyveli,11.62,79.545,26.2,2026-09-28,02:30:00,99.0,2026-09-27,02:30:00,2026-09-28 02:46:46,30.450000000000045,Zone 4,62.46,Zone 5,29.2,Zone 4,61.39,Zone 5,38.29,Zone 5,64.32,Zone 5,58.51,Zone 5,66.45,Zone 5,62.46,Zone 5,68.1,Zone 5
Tamil Nadu,Cuddalore,Vridha Chalam,11.51,79.33,27.2,2026-09-28,02:30:00,84.0,2026-09-27,02:30:00,2026-09-28 02:46:46,30.75,Zone 4,60.85,Zone 5,29.61,Zone 4,59.75,Zone 5,36.33,Zone 4,62.92,Zone 5,51.1,Zone 5,65.25,Zone 5,60.85,Zone 5,67.04,Zone 5
Tamil Nadu,Dharmapuri,Palacode,12.29,78.07,25.3,2026-09-28,02:30:00,75.0,2026-09-27,02:30:00,2026-09-28 02:46:46,26.650000000000034,Zone 4,48.59,Zone 5,26.32,Zone 4,43.89,Zone 5,32.12,Zone 4,59.01,Zone 5,37.41,Zone 4,61.84,Zone 5,48.59,Zone 5,64.05,Zone 5
Tamil Nadu,Dindigul,Palani,10.4556,77.523,23.8,2026-09-28,02:30:00,70.0,2026-09-27,02:30:00,2026-09-28 02:46:46,24.55000000000001,Zone 3,38.88,Zone 4,24.19,Zone 3,37.76,Zone 4,29.43,Zone 4,47.38,Zone 5,34.29,Zone 4,59.26,Zone 5,38.88,Zone 4,61.77,Zone 5
Tamil Nadu,Dindigul,Vedasandur,10.5367,77.965,26.4,2026-09-28,02:30:00,70.0,2026-09-27,02:30:00,2026-09-28 02:46:46,27.950000000000045,Zone 4,50.26,Zone 5,27.47,Zone 4,45.52,Zone 5,33.2,Zone 4,59.36,Zone 5,38.43,Zone 4,62.15,Zone 5,50.26,Zone 5,64.32,Zone 5
Tamil Nadu,Kallakurichi,Kallakurichi,11.7333,78.95,28.1,2026-09-28,02:30:00,64.0,2026-09-27,02:30:00,2026-09-28 02:46:46,30.05000000000001,Zone 4,53.62,Zone 5,29.27,Zone 4,48.93,Zone 5,34.94,Zone 4,60.08,Zone 5,40.13,Zone 4,62.77,Zone 5,53.62,Zone 5,64.87,Zone 5
Tamil Nadu,Kallakurichi,Kallakurichi(Taluk Office),11.7409,78.9651,27.1,2026-09-28,02:30:00,87.0,2026-09-27,02:30:00,2026-09-28 02:46:46,30.950000000000045,Zone 4,61.55,Zone 5,29.95,Zone 4,60.46,Zone 5,36.91,Zone 4,63.52,Zone 5,54.43,Zone 5,65.77,Zone 5,61.55,Zone 5,67.5,Zone 5
Tamil Nadu,Kallakurichi,Thirukoilur,11.95,79.1833,27.2,2026-09-28,02:30:00,89.0,2026-09-27,02:30:00,2026-09-28 02:46:46,31.350000000000023,Zone 4,62.0,Zone 5,30.2,Zone 4,60.92,Zone 5,37.32,Zone 4,63.92,Zone 5,56.53,Zone 5,66.11,Zone 5,62.0,Zone 5,67.8,Zone 5
Tamil Nadu,Kanchipuram,Acs Medical College,13.068,80.2469,29.4,2026-09-28,02:30:00,86.0,2026-09-27,02:30:00,2026-09-28 02:46:46,36.55000000000001,Zone 4,65.61,Zone 5,36.06,Zone 4,64.65,Zone 5,56.33,Zone 5,67.08,Zone 5,62.64,Zone 5,68.84,Zone 5,65.61,Zone 5,71.59,Zone 6
Tamil Nadu,Kanchipuram,Chembarambakkam,13.0,80.0833,27.2,2026-09-28,02:30:00,92.0,2026-09-27,02:30:00,2026-09-28 02:46:46,31.850000000000023,Zone 4,62.68,Zone 5,30.59,Zone 4,61.62,Zone 5,39.39,Zone 5,64.51,Zone 5,59.13,Zone 5,66.63,Zone 5,62.68,Zone 5,68.25,Zone 5
Tamil Nadu,Kanchipuram,Hindustan University,12.8013,80.2237,28.1,2026-09-28,02:15:00,,,,2026-09-28 02:46:46,,,,,,,,,,,,,,,,,,,,
Tamil Nadu,Kanchipuram,Kanchipuram Isro,12.8333,79.7017,26.5,2026-09-28,02:30:00,72.0,2026-09-27,02:30:00,2026-09-28 02:46:46,28.25,Zone 4,52.22,Zone 5,27.62,Zone 4,47.46,Zone 5,33.46,Zone 4,59.78,Zone 5,38.79,Zone 4,62.51,Zone 5,52.22,Zone 5,64.63,Zone 5
Tamil Nadu,Kanchipuram,Lmois  Kolapakkam,13.0,80.1333,28.1,2026-09-28,02:30:00,85.0,2026-09-27,02:30:00,2026-09-28 02:46:46,32.85000000000002,Zone 4,62.78,Zone 5,31.87,Zone 4,61.73,Zone 5,39.91,Zone 5,64.6,Zone 5,59.25,Zone 5,66.7,Zone 5,62.78,Zone 5,68.32,Zone 5
Tamil Nadu,Kanchipuram,Sathyabama  University,12.8667,80.2,27.6,2026-09-28,02:30:00,99.0,2026-09-27,02:30:00,2026-09-28 02:46:46,34.25,Zone 4,65.13,Zone 5,33.02,Zone 4,64.15,Zone 5,53.59,Zone 5,66.66,Zone 5,62.07,Zone 5,68.48,Zone 5,65.13,Zone 5,70.74,Zone 6
Tamil Nadu,Kanyakumari,Lower Kothaiyar,8.5,77.3,23.4,2026-09-28,02:30:00,,,,2026-09-28 02:46:46,,,,,,,,,,,,,,,,,,,,
Tamil Nadu,Kanyakumari,Thirupathisaram Amfu,8.2103,77.4524,25.5,2026-09-28,02:30:00,96.0,2026-09-27,02:30:00,2026-09-28 02:46:46,28.650000000000034,Zone 4,60.94,Zone 5,27.86,Zone 4,59.84,Zone 5,34.92,Zone 4,62.99,Zone 5,51.53,Zone 5,65.31,Zone 5,60.94,Zone 5,67.1,Zone 5
Tamil Nadu,Karur,Kadavur(Taluk Office),10.714,78.2413,27.5,2026-09-28,02:15:00,,,,2026-09-28 02:46:46,,,,,,,,,,,,,,,,,,,,
Tamil Nadu,Krishnagiri,Denkanikottai,12.52,77.79,22.7,2026-09-28,02:30:00,84.0,2026-09-27,02:30:00,2026-09-28 02:46:46,23.850000000000023,Zone 3,38.26,Zone 4,23.07,Zone 3,37.05,Zone 4,28.29,Zone 4,49.36,Zone 5,33.41,Zone 4,59.68,Zone 5,38.26,Zone 4,62.14,Zone 5
Tamil Nadu,Krishnagiri,Hosur,12.7183,77.8267,21.9,2026-09-28,02:30:00,98.0,2026-09-27,02:30:00,2026-09-28 02:46:46,23.55000000000001,Zone 3,44.52,Zone 5,23.1,Zone 3,40.07,Zone 5,28.43,Zone 4,55.81,Zone 5,33.98,Zone 4,61.08,Zone 5,44.52,Zone 5,63.38,Zone 5
Tamil Nadu,Mayiladuthurai,Mayiladuthurai,11.1008,79.6824,26.3,2026-09-28,02:30:00,,,,2026-09-28 02:46:46,,,,,,,,,,,,,,,,,,,,
Tamil Nadu,Nagapattinam,Mo Nagapattinam Campus,10.7569,79.8465,27.5,2026-09-28,02:15:00,,,,2026-09-28 02:46:46,,,,,,,,,,,,,,,,,,,,
Tamil Nadu,Nagapattinam,Vedharanyam,10.3861,79.8498,27.5,2026-09-28,02:30:00,89.0,2026-09-27,02:30:00,2026-09-28 02:46:46,32.05000000000001,Zone 4,62.86,Zone 5,31.32,Zone 4,61.81,Zone 5,40.33,Zone 5,64.67,Zone 5,59.35,Zone 5,66.76,Zone 5,62.86,Zone 5,68.37,Zone 5
Tamil Nadu,Ramanathapuram,Ramnadu Kvk,9.3462,78.8981,27.6,2026-09-28,02:30:00,,,,2026-09-28 02:46:46,,,,,,,,,,,,,,,,,,,,
Tamil Nadu,Ranipet,Kalavai,12.8117,79.4617,27.2,2026-09-28,02:30:00,90.0,2026-09-27,02:30:00,2026-09-28 02:46:46,31.55000000000001,Zone 4,62.23,Zone 5,30.33,Zone 4,61.16,Zone 5,37.53,Zone 4,64.12,Zone 5,57.53,Zone 5,66.28,Zone 5,62.23,Zone 5,67.95,Zone 5
Tamil Nadu,Ranipet,Ranipet,13.0162,79.7763,26.2,2026-09-28,02:30:00,100.0,2026-09-27,02:30:00,2026-09-28 02:46:46,30.55000000000001,Zone 4,62.67,Zone 5,29.31,Zone 4,61.61,Zone 5,39.34,Zone 5,64.5,Zone 5,59.12,Zone 5,66.62,Zone 5,62.67,Zone 5,68.24,Zone 5
Tamil Nadu,Salem,Govt Hss Mettur,11.7918,77.8,27.7,2026-09-28,02:30:00,71.0,2026-09-27,02:30:00,2026-09-28 02:46:46,30.150000000000034,Zone 4,57.43,Zone 5,29.15,Zone 4,53.02,Zone 5,35.13,Zone 4,60.93,Zone 5,40.6,Zone 4,63.52,Zone 5,57.43,Zone 5,65.52,Zone 5
Tamil Nadu,Salem,Sandhiyur Kvk,11.5679,78.1403,27.0,2026-09-28,02:30:00,54.0,2026-09-27,02:30:00,2026-09-28 02:46:46,27.55000000000001,Zone 4,41.11,Zone 4,27.05,Zone 4,40.03,Zone 4,32.13,Zone 4,49.57,Zone 5,36.74,Zone 4,59.72,Zone 5,41.11,Zone 4,62.18,Zone 5
Tamil Nadu,Salem,Vazhapadi,11.65,78.39,27.2,2026-09-28,02:30:00,,,,2026-09-28 02:46:46,,,,,,,,,,,,,,,,,,,,
Tamil Nadu,Tenkasi,Tenkasi,8.97243,77.3032,27.0,2026-09-28,02:30:00,78.0,2026-09-27,02:30:00,2026-09-28 02:46:46,29.650000000000034,Zone 4,59.45,Zone 5,28.97,Zone 4,56.53,Zone 5,35.27,Zone 4,61.7,Zone 5,44.3,Zone 5,64.19,Zone 5,59.45,Zone 5,66.11,Zone 5
Tamil Nadu,The Nilgiris,Coonoor,11.36,76.805,16.8,2026-09-28,02:30:00,84.0,2026-09-27,02:30:00,2026-09-28 02:46:46,16.850000000000023,Zone 3,30.58,Zone 4,16.15,Zone 3,29.82,Zone 4,22.71,Zone 3,33.92,Zone 4,26.39,Zone 4,37.8,Zone 4,30.58,Zone 4,49.14,Zone 5
Tamil Nadu,Thoothukudi,Thiruchendur,8.5083,78.1217,28.3,2026-09-28,02:30:00,70.0,2026-09-27,02:30:00,2026-09-28 02:46:46,31.05000000000001,Zone 4,59.9,Zone 5,30.79,Zone 4,58.21,Zone 5,36.93,Zone 4,62.09,Zone 5,46.43,Zone 5,64.53,Zone 5,59.9,Zone 5,66.41,Zone 5
Tamil Nadu,Tiruchirappalli,Thuvakudi Isro,10.750757,78.827776,28.0,2026-09-28,02:30:00,75.0,2026-09-27,02:30:00,2026-09-28 02:46:46,31.150000000000034,Zone 4,60.35,Zone 5,30.48,Zone 4,59.25,Zone 5,36.84,Zone 4,62.49,Zone 5,48.65,Zone 5,64.87,Zone 5,60.35,Zone 5,66.71,Zone 5
Tamil Nadu,Tirunelveli,Radhapuram,8.2669,77.6689,27.3,2026-09-28,02:30:00,79.0,2026-09-27,02:30:00,2026-09-28 02:46:46,30.350000000000023,Zone 4,60.51,Zone 5,30.0,Zone 4,59.4,Zone 5,36.52,Zone 4,62.62,Zone 5,49.41,Zone 5,64.99,Zone 5,60.51,Zone 5,66.81,Zone 5
Tamil Nadu,Tirunelveli,Tirunelveli,8.745,77.7117,28.2,2026-09-28,02:30:00,62.0,2026-09-27,02:30:00,2026-09-28 02:46:46,29.950000000000045,Zone 4,51.52,Zone 5,29.08,Zone 4,46.79,Zone 5,34.64,Zone 4,59.63,Zone 5,39.72,Zone 4,62.38,Zone 5,51.52,Zone 5,64.52,Zone 5
Tamil Nadu,Tirupattur,Tirupattur Collectoroffice,12.5002,78.5662,26.4,2026-09-28,02:30:00,,,,2026-09-28 02:46:46,,,,,,,,,,,,,,,,,,,,
Tamil Nadu,Tirupattur,Vaniyambadi,12.6833,78.6167,33.6,2026-09-28,02:30:00,67.0,2026-09-27,02:30:00,2026-09-28 02:46:46,44.150000000000034,Zone 5,67.14,Zone 5,42.43,Zone 4,66.26,Zone 5,60.55,Zone 5,68.44,Zone 5,64.48,Zone 5,70.92,Zone 6,67.14,Zone 5,74.36,Zone 6
Tamil Nadu,Tiruppur,Tiruppur Collector Office,11.0818,77.34,25.6,2026-09-28,02:15:00,,,,2026-09-28 02:46:46,,,,,,,,,,,,,,,,,,,,
Tamil Nadu,Tiruvallur,Good Will School Villivakkam,13.1144,80.2025,28.2,2026-09-28,02:30:00,76.0,2026-09-27,02:30:00,2026-09-28 02:46:46,31.650000000000034,Zone 4,60.6,Zone 5,30.6,Zone 4,59.5,Zone 5,37.04,Zone 4,62.7,Zone 5,49.86,Zone 5,65.06,Zone 5,60.6,Zone 5,66.87,Zone 5
Tamil Nadu,Tiruvallur,Jaya Engineering Clg,13.1339,80.0452,26.9,2026-09-28,02:30:00,67.0,2026-09-27,02:30:00,2026-09-28 02:46:46,28.450000000000045,Zone 4,50.45,Zone 5,27.99,Zone 4,45.71,Zone 5,33.66,Zone 4,59.41,Zone 5,38.83,Zone 4,62.19,Zone 5,50.45,Zone 5,64.35,Zone 5
Tamil Nadu,Tiruvallur,Poonamallee,13.05,80.0833,27.4,2026-09-28,02:30:00,84.0,2026-09-27,02:30:00,2026-09-28 02:46:46,31.150000000000034,Zone 4,61.7,Zone 5,30.62,Zone 4,60.61,Zone 5,37.52,Zone 4,63.66,Zone 5,55.14,Zone 5,65.88,Zone 5,61.7,Zone 5,67.6,Zone 5
Tamil Nadu,Tiruvallur,Puzhal,13.15,80.1833,28.4,2026-09-28,02:30:00,,,,2026-09-28 02:46:46,,,,,,,,,,,,,,,,,,,,
Tamil Nadu,Tiruvallur,R.K.Pet,13.15,79.4167,26.3,2026-09-28,02:30:00,87.0,2026-09-27,02:30:00,2026-09-28 02:46:46,29.25,Zone 4,60.7,Zone 5,28.95,Zone 4,59.59,Zone 5,35.72,Zone 4,62.78,Zone 5,50.33,Zone 5,65.13,Zone 5,60.7,Zone 5,66.93,Zone 5
Tamil Nadu,Tiruvallur,Tirur Kvk,13.1198,79.9567,26.8,2026-09-28,02:30:00,,,,2026-09-28 02:46:46,,,,,,,,,,,,,,,,,,,,
Tamil Nadu,Tiruvannamalai,Cheyyar,12.6667,79.5333,27.4,2026-09-28,02:30:00,87.0,2026-09-27,02:30:00,2026-09-28 02:46:46,31.55000000000001,Zone 4,62.4,Zone 5,31.03,Zone 4,61.33,Zone 5,38.19,Zone 4,64.27,Zone 5,58.26,Zone 5,66.41,Zone 5,62.4,Zone 5,68.06,Zone 5
Tamil Nadu,Tiruvannamalai,Tiruvannamalai Isro,12.2667,79.0667,26.5,2026-09-28,02:30:00,75.0,2026-09-27,02:30:00,2026-09-28 02:46:46,28.450000000000045,Zone 4,55.05,Zone 5,27.86,Zone 4,50.41,Zone 5,33.86,Zone 4,60.39,Zone 5,39.34,Zone 4,63.04,Zone 5,55.05,Zone 5,65.1,Zone 5
Tamil Nadu,Tiruvarur,Tiruvarur,10.7766,79.6062,27.5,2026-09-28,02:30:00,98.0,2026-09-27,02:30:00,2026-09-28 02:46:46,33.75,Zone 4,64.91,Zone 5,32.83,Zone 4,63.92,Zone 5,52.26,Zone 5,66.46,Zone 5,61.8,Zone 5,68.31,Zone 5,64.91,Zone 5,70.35,Zone 6
Tamil Nadu,Vellore,Virinjipuram Kvk,12.9345,79.0209,25.6,2026-09-28,02:30:00,20.0,2026-09-27,02:30:00,2026-09-28 02:46:46,24.150000000000034,Zone 3,35.01,Zone 4,23.28,Zone 3,34.48,Zone 4,27.99,Zone 4,37.81,Zone 4,31.6,Zone 4,40.95,Zone 4,35.01,Zone 4,43.99,Zone 4
Tamil Nadu,Viluppuram,Mailam,12.1317,79.6167,27.0,2026-09-28,02:30:00,100.0,2026-09-27,02:30:00,2026-09-28 02:46:46,32.650000000000034,Zone 4,64.46,Zone 5,31.79,Zone 4,63.45,Zone 5,49.51,Zone 5,66.07,Zone 5,61.26,Zone 5,67.97,Zone 5,64.46,Zone 5,69.54,Zone 6
Tamil Nadu,Virudhunagar,Aruppukottai Kvk,9.5561,78.0895,26.4,2026-09-28,02:30:00,74.0,2026-09-27,02:30:00,2026-09-28 02:46:46,28.25,Zone 4,54.12,Zone 5,27.78,Zone 4,49.43,Zone 5,33.72,Zone 4,60.18,Zone 5,39.15,Zone 4,62.87,Zone 5,54.12,Zone 5,64.95,Zone 5
Telangana,Adilabad,Adilabad Kvk,19.6473,78.519,22.5,2026-09-28,02:30:00,100.0,2026-09-27,02:30:00,2026-09-28 02:46:46,24.25,Zone 3,49.49,Zone 5,23.74,Zone 3,44.71,Zone 5,29.39,Zone 4,59.19,Zone 5,35.14,Zone 4,62.0,Zone 5,49.49,Zone 5,64.19,Zone 5
Telangana,Hyderabad,Golkonda,17.38,78.4,25.7,2026-09-28,02:15:00,,,,2026-09-28 02:46:46,,,,,,,,,,,,,,,,,,,,
Telangana,Jogulamba Gadwal,Jurala Cwc,16.26,77.84,25.1,2026-09-28,02:15:00,,,,2026-09-28 02:46:46,,,,,,,,,,,,,,,,,,,,
Telangana,Kamareddy,Nagireddypet,18.1149,78.1373,22.7,2026-09-28,02:30:00,100.0,2026-09-27,02:30:00,2026-09-28 02:46:46,24.450000000000045,Zone 3,49.49,Zone 5,23.74,Zone 3,44.71,Zone 5,29.39,Zone 4,59.19,Zone 5,35.14,Zone 4,62.0,Zone 5,49.49,Zone 5,64.19,Zone 5
Telangana,Karimnagar,Karimnagar,18.46,79.11,23.3,2026-09-28,02:30:00,91.0,2026-09-27,02:30:00,2026-09-28 02:46:46,24.75,Zone 3,49.25,Zone 5,24.5,Zone 3,44.48,Zone 5,30.34,Zone 4,59.14,Zone 5,35.94,Zone 4,61.96,Zone 5,49.25,Zone 5,64.15,Zone 5
Telangana,Khammam,Wyra Kvk,17.1817,80.3722,24.6,2026-09-28,02:30:00,50.0,2026-09-27,02:30:00,2026-09-28 02:46:46,24.55000000000001,Zone 3,37.05,Zone 4,23.81,Zone 3,36.2,Zone 4,28.71,Zone 4,40.17,Zone 4,33.0,Zone 4,48.76,Zone 5,37.05,Zone 4,59.23,Zone 5
Telangana,Mahbubnagar,Kodangal,,,,,,6.0,2026-09-27,02:30:00,2026-09-28 02:46:46,,,,,,,,,,,,,,,,,,,,
Telangana,Mahbubnagar,Mahbubnagar,16.75,77.99,23.8,2026-09-28,02:30:00,,,,2026-09-28 02:46:46,,,,,,,,,,,,,,,,,,,,
Telangana,Medak,Ars Basanthpur,17.7955,77.5472,21.1,2026-09-28,02:15:00,,,,2026-09-28 02:46:46,,,,,,,,,,,,,,,,,,,,
Telangana,Medchal Malkajgiri,Cgwb Nagole,17.3664,78.5895,20.9,2026-09-28,02:30:00,95.0,2026-09-27,02:30:00,2026-09-28 02:46:46,22.350000000000023,Zone 3,36.98,Zone 4,21.79,Zone 3,35.75,Zone 4,26.8,Zone 4,48.08,Zone 5,32.03,Zone 4,59.41,Zone 5,36.98,Zone 4,61.9,Zone 5
Telangana,Medchal Malkajgiri,Kukatpally Jntu,17.4958,78.3908,24.0,2026-09-28,02:30:00,89.0,2026-09-27,02:30:00,2026-09-28 02:46:46,25.55000000000001,Zone 4,51.0,Zone 5,24.97,Zone 3,46.21,Zone 5,31.01,Zone 4,59.51,Zone 5,36.64,Zone 4,62.28,Zone 5,51.0,Zone 5,64.43,Zone 5
Telangana,Medchal Malkajgiri,Uppal,17.4,78.56,23.8,2026-09-28,02:30:00,83.0,2026-09-27,02:30:00,2026-09-28 02:46:46,25.05000000000001,Zone 3,45.91,Zone 5,24.74,Zone 3,41.36,Zone 5,30.46,Zone 4,56.96,Zone 5,35.82,Zone 4,61.35,Zone 5,45.91,Zone 5,63.61,Zone 5
Telangana,Nalgonda,Devarakonda,16.69,79.92,27.2,2026-09-28,02:30:00,79.0,2026-09-27,02:30:00,2026-09-28 02:46:46,30.150000000000034,Zone 4,59.69,Zone 5,29.07,Zone 4,57.42,Zone 5,35.44,Zone 4,61.91,Zone 5,45.42,Zone 5,64.36,Zone 5,59.69,Zone 5,66.27,Zone 5
Telangana,Nirmal ,Bhainsa Arg,19.1031,77.9653,23.8,2026-09-28,02:30:00,,,,2026-09-28 02:46:46,,,,,,,,,,,,,,,,,,,,
Telangana,Peddapalli,Ars Peddapally,18.5454,79.5417,23.0,2026-09-28,02:30:00,100.0,2026-09-27,02:30:00,2026-09-28 02:46:46,24.75,Zone 3,53.01,Zone 5,24.29,Zone 3,48.21,Zone 5,30.26,Zone 4,59.93,Zone 5,36.15,Zone 4,62.65,Zone 5,53.01,Zone 5,64.76,Zone 5
Telangana,Rajanna Sircilla,Sircilla,18.2595,78.8192,22.4,2026-09-28,02:30:00,99.0,2026-09-27,02:30:00,2026-09-28 02:46:46,24.150000000000034,Zone 3,48.72,Zone 5,23.7,Zone 3,43.96,Zone 5,29.31,Zone 4,59.03,Zone 5,35.02,Zone 4,61.86,Zone 5,48.72,Zone 5,64.06,Zone 5
Telangana,Ranga Reddy,Cbit Gandipet,17.392817,78.318424,22.7,2026-09-28,02:30:00,91.0,2026-09-27,02:30:00,2026-09-28 02:46:46,24.150000000000034,Zone 3,42.61,Zone 5,23.38,Zone 3,38.37,Zone 5,28.74,Zone 4,54.15,Zone 5,34.12,Zone 4,60.71,Zone 5,42.61,Zone 5,63.05,Zone 5
Telangana,Ranga Reddy,Chevella,17.31,78.13,23.2,2026-09-28,02:30:00,80.0,2026-09-27,02:30:00,2026-09-28 02:46:46,24.25,Zone 3,38.59,Zone 4,23.48,Zone 3,37.4,Zone 4,28.74,Zone 4,49.34,Zone 5,33.8,Zone 4,59.68,Zone 5,38.59,Zone 4,62.14,Zone 5
Telangana,Ranga Reddy,Daira,17.3624,78.695,22.1,2026-09-28,02:30:00,88.0,2026-09-27,02:30:00,2026-09-28 02:46:46,23.350000000000023,Zone 3,37.9,Zone 4,22.66,Zone 3,36.67,Zone 4,27.82,Zone 4,49.26,Zone 5,33.0,Zone 4,59.66,Zone 5,37.9,Zone 4,62.12,Zone 5
Telangana,Ranga Reddy,Dullapally,,,,,,60.0,2026-09-27,02:30:00,2026-09-28 02:46:46,,,,,,,,,,,,,,,,,,,,
Telangana,Ranga Reddy,Esci Gachibowli,17.4286,78.368,21.8,2026-09-28,02:30:00,96.0,2026-09-27,02:30:00,2026-09-28 02:46:46,23.350000000000023,Zone 3,43.07,Zone 5,23.01,Zone 3,38.77,Zone 5,28.3,Zone 4,54.56,Zone 5,33.77,Zone 4,60.8,Zone 5,43.07,Zone 5,63.13,Zone 5
Telangana,Ranga Reddy,Ghatkesar,17.4711,78.7377,21.7,2026-09-28,02:30:00,91.0,2026-09-27,02:30:00,2026-09-28 02:46:46,23.05000000000001,Zone 3,37.39,Zone 4,22.21,Zone 3,36.17,Zone 4,27.29,Zone 4,48.38,Zone 5,32.48,Zone 4,59.48,Zone 5,37.39,Zone 4,61.96,Zone 5
Telangana,Ranga Reddy,Ibrahimpatam,17.0774,78.6671,20.5,2026-09-28,02:30:00,100.0,2026-09-27,02:30:00,2026-09-28 02:46:46,22.05000000000001,Zone 3,36.83,Zone 5,21.41,Zone 3,35.41,Zone 4,26.35,Zone 4,48.28,Zone 5,31.64,Zone 4,59.46,Zone 5,36.83,Zone 5,61.94,Zone 5
Telangana,Ranga Reddy,Serilingampally,17.46,78.32,23.8,2026-09-28,02:30:00,95.0,2026-09-27,02:30:00,2026-09-28 02:46:46,25.55000000000001,Zone 4,55.88,Zone 5,25.18,Zone 3,51.26,Zone 5,31.62,Zone 4,60.57,Zone 5,38.65,Zone 5,63.2,Zone 5,55.88,Zone 5,65.24,Zone 5
Telangana,Sangareddy,Kandi,17.587,78.1271,22.5,2026-09-28,02:30:00,99.0,2026-09-27,02:30:00,2026-09-28 02:46:46,24.25,Zone 3,48.72,Zone 5,23.7,Zone 3,43.96,Zone 5,29.31,Zone 4,59.03,Zone 5,35.02,Zone 4,61.86,Zone 5,48.72,Zone 5,64.06,Zone 5
Telangana,Siddipet,Kaveri Siddipet,17.768,78.6723,22.5,2026-09-28,02:30:00,89.0,2026-09-27,02:30:00,2026-09-28 02:46:46,23.850000000000023,Zone 3,41.16,Zone 5,23.29,Zone 3,37.63,Zone 4,28.61,Zone 4,52.81,Zone 5,33.91,Zone 4,60.42,Zone 5,41.16,Zone 5,62.79,Zone 5
Telangana,Vikarabad,Tandur,17.2433,77.5867,22.8,2026-09-28,02:30:00,87.0,2026-09-27,02:30:00,2026-09-28 02:46:46,24.05000000000001,Zone 3,42.74,Zone 5,23.78,Zone 3,38.5,Zone 5,29.22,Zone 4,54.28,Zone 5,34.55,Zone 4,60.74,Zone 5,42.74,Zone 5,63.07,Zone 5
Telangana,Wanaparthy,Horticultural University Mojer,16.4484,77.9407,23.5,2026-09-28,02:30:00,100.0,2026-09-27,02:30:00,2026-09-28 02:46:46,25.25,Zone 3,56.39,Zone 5,24.83,Zone 3,51.81,Zone 5,31.19,Zone 4,60.68,Zone 5,39.18,Zone 5,63.3,Zone 5,56.39,Zone 5,65.33,Zone 5
Telangana,Warangal Rural,Siddhapur,18.0927,79.5952,23.7,2026-09-28,02:30:00,100.0,2026-09-27,02:30:00,2026-09-28 02:46:46,25.650000000000034,Zone 4,56.39,Zone 5,24.83,Zone 3,51.81,Zone 5,31.19,Zone 4,60.68,Zone 5,39.18,Zone 5,63.3,Zone 5,56.39,Zone 5,65.33,Zone 5
Tripura,Dhalai,Dholai Kvk,24.0449,91.8278,25.3,2026-09-28,02:30:00,99.0,2026-09-27,02:30:00,2026-09-28 02:46:46,28.450000000000045,Zone 4,61.57,Zone 5,28.13,Zone 4,60.48,Zone 5,35.43,Zone 4,63.54,Zone 5,54.56,Zone 5,65.79,Zone 5,61.57,Zone 5,67.51,Zone 5
Tripura,Dhalai,Gandachara,23.5945,91.8243,24.9,2026-09-28,02:30:00,99.0,2026-09-27,02:30:00,2026-09-28 02:46:46,27.650000000000034,Zone 4,60.7,Zone 5,27.14,Zone 4,59.58,Zone 5,34.22,Zone 4,62.78,Zone 5,50.32,Zone 5,65.12,Zone 5,60.7,Zone 5,66.93,Zone 5
Tripura,Dhalai,Kamalpur,24.1867,91.8278,27.2,2026-09-28,02:30:00,6.0,2026-09-27,02:30:00,2026-09-28 02:46:46,25.25,Zone 4,34.93,Zone 4,24.33,Zone 3,34.51,Zone 4,28.46,Zone 4,37.58,Zone 4,31.79,Zone 4,40.49,Zone 4,34.93,Zone 4,43.3,Zone 4
Tripura,Gomati,Gokulpur,23.53,91.4617,26.3,2026-09-28,02:30:00,,,,2026-09-28 02:46:46,,,,,,,,,,,,,,,,,,,,
Tripura,Khowai,Khowai,24.0669,91.6142,27.1,2026-09-28,02:30:00,,,,2026-09-28 02:46:46,,,,,,,,,,,,,,,,,,,,
Tripura,Khowai,Teliamura,23.84,91.63,25.8,2026-09-28,02:30:00,100.0,2026-09-27,02:30:00,2026-09-28 02:46:46,29.650000000000034,Zone 4,62.67,Zone 5,29.31,Zone 4,61.61,Zone 5,39.34,Zone 5,64.5,Zone 5,59.12,Zone 5,66.62,Zone 5,62.67,Zone 5,68.24,Zone 5
Tripura,North Tripura,Ashapara,23.8627,92.207,25.2,2026-09-28,02:30:00,100.0,2026-09-27,02:30:00,2026-09-28 02:46:46,28.350000000000023,Zone 4,60.9,Zone 5,27.22,Zone 4,59.79,Zone 5,34.38,Zone 4,62.96,Zone 5,51.33,Zone 5,65.28,Zone 5,60.9,Zone 5,67.07,Zone 5
Tripura,North Tripura,Eden Laouge,24.0065,92.2819,24.3,2026-09-28,02:15:00,,,,2026-09-28 02:46:46,,,,,,,,,,,,,,,,,,,,
Tripura,Sipahijala,Cti,23.7413,91.2728,25.4,2026-09-28,02:30:00,100.0,2026-09-27,02:30:00,2026-09-28 02:46:46,28.75,Zone 4,61.78,Zone 5,28.23,Zone 4,60.7,Zone 5,35.61,Zone 4,63.73,Zone 5,55.54,Zone 5,65.94,Zone 5,61.78,Zone 5,67.65,Zone 5
Tripura,Sipahijala,Sipahijala,23.6077,91.3456,25.1,2026-09-28,02:30:00,,,,2026-09-28 02:46:46,,,,,,,,,,,,,,,,,,,,
Tripura,Sipahijala,Sonamura,23.4844,91.27,27.2,2026-09-28,02:30:00,93.0,2026-09-27,02:30:00,2026-09-28 02:46:46,32.05000000000001,Zone 4,62.9,Zone 5,30.73,Zone 4,61.85,Zone 5,40.55,Zone 5,64.71,Zone 5,59.4,Zone 5,66.79,Zone 5,62.9,Zone 5,68.4,Zone 5
Tripura,South Tripura,Sabroom,23.0114,91.7208,25.7,2026-09-28,02:30:00,100.0,2026-09-27,02:30:00,2026-09-28 02:46:46,29.450000000000045,Zone 4,61.78,Zone 5,28.23,Zone 4,60.7,Zone 5,35.61,Zone 4,63.73,Zone 5,55.54,Zone 5,65.94,Zone 5,61.78,Zone 5,67.65,Zone 5
Tripura,Unakoti,Kailashahar,24.3096,92.0069,26.4,2026-09-28,02:30:00,100.0,2026-09-27,02:30:00,2026-09-28 02:46:46,31.05000000000001,Zone 4,63.56,Zone 5,30.49,Zone 4,62.52,Zone 5,44.17,Zone 5,65.28,Zone 5,60.18,Zone 5,67.29,Zone 5,63.56,Zone 5,68.83,Zone 5
Tripura,West Tripura,Agartala Airport,23.8904,91.2441,26.4,2026-09-28,02:30:00,100.0,2026-09-27,02:30:00,2026-09-28 02:46:46,31.05000000000001,Zone 4,63.56,Zone 5,30.49,Zone 4,62.52,Zone 5,44.17,Zone 5,65.28,Zone 5,60.18,Zone 5,67.29,Zone 5,63.56,Zone 5,68.83,Zone 5
Tripura,West Tripura,Dm Office West Agartala,23.829,91.2723,27.8,2026-09-28,02:30:00,,,,2026-09-28 02:46:46,,,,,,,,,,,,,,,,,,,,
Tripura,West Tripura,Hrc Nagicherra,23.8139,91.3274,25.5,2026-09-28,02:30:00,,,,2026-09-28 02:46:46,,,,,,,,,,,,,,,,,,,,
Tripura,West Tripura,Khumluwang,23.7978,91.4338,25.4,2026-09-28,02:30:00,,,,2026-09-28 02:46:46,,,,,,,,,,,,,,,,,,,,
Tripura,West Tripura,Met Agartala,23.8902,91.244,26.3,2026-09-28,02:30:00,100.0,2026-09-27,02:30:00,2026-09-28 02:46:46,30.850000000000023,Zone 4,63.56,Zone 5,30.49,Zone 4,62.52,Zone 5,44.17,Zone 5,65.28,Zone 5,60.18,Zone 5,67.29,Zone 5,63.56,Zone 5,68.83,Zone 5
Tripura,West Tripura,Secretariat,23.8643,91.2916,26.9,2026-09-28,02:30:00,,,,2026-09-28 02:46:46,,,,,,,,,,,,,,,,,,,,
Uttarakhand,Almora,Chaubatia Ranikhet,29.6213,79.4591,14.8,2026-09-28,02:30:00,100.0,2026-09-27,02:30:00,2026-09-28 02:46:46,15.050000000000011,Zone 3,28.99,Zone 4,14.29,Zone 3,28.23,Zone 4,21.41,Zone 3,32.4,Zone 4,24.95,Zone 3,36.35,Zone 4,28.99,Zone 4,47.27,Zone 5
Uttarakhand,Almora,Matela Kvk,29.6264,79.6309,18.0,2026-09-28,02:30:00,100.0,2026-09-27,02:30:00,2026-09-28 02:46:46,19.05000000000001,Zone 3,32.74,Zone 4,18.26,Zone 3,31.74,Zone 4,23.94,Zone 3,36.28,Zone 4,28.13,Zone 4,48.64,Zone 5,32.74,Zone 4,59.21,Zone 5
Uttarakhand,Chamoli,Chamoli,30.4,79.3167,17.2,2026-09-28,02:30:00,81.0,2026-09-27,02:30:00,2026-09-28 02:46:46,17.150000000000034,Zone 3,30.44,Zone 4,15.99,Zone 3,29.7,Zone 4,22.63,Zone 3,33.76,Zone 4,26.3,Zone 4,37.59,Zone 4,30.44,Zone 4,47.84,Zone 5
Uttarakhand,Chamoli,Tharali,,,,,,13.0,2026-09-27,02:30:00,2026-09-28 02:46:46,,,,,,,,,,,,,,,,,,,,
Uttarakhand,Champawat,Champawat,29.34,80.09,16.1,2026-09-28,02:30:00,,,,2026-09-28 02:46:46,,,,,,,,,,,,,,,,,,,,
Uttarakhand,Dehradun,Dehradun,30.32,78.05,24.6,2026-09-28,02:30:00,78.0,2026-09-27,02:30:00,2026-09-28 02:46:46,25.850000000000023,Zone 4,44.86,Zone 5,25.09,Zone 3,40.41,Zone 5,30.81,Zone 4,56.12,Zone 5,36.05,Zone 4,61.15,Zone 5,44.86,Zone 5,63.44,Zone 5
Uttarakhand,Dehradun,Hatibharkala,30.3431,78.056,19.7,2026-09-28,02:30:00,100.0,2026-09-27,02:30:00,2026-09-28 02:46:46,21.150000000000034,Zone 3,34.98,Zone 4,20.17,Zone 3,33.84,Zone 4,25.12,Zone 3,42.59,Zone 5,30.14,Zone 4,56.08,Zone 5,34.98,Zone 4,60.84,Zone 5
Uttarakhand,Dehradun,Jollygrant,30.19,78.18,29.4,2026-09-28,02:30:00,94.0,2026-09-27,02:30:00,2026-09-28 02:46:46,44.650000000000034,Zone 5,67.57,Zone 5,42.86,Zone 5,66.69,Zone 5,61.18,Zone 5,68.81,Zone 5,64.99,Zone 5,71.69,Zone 6,67.57,Zone 5,75.13,Zone 6
Uttarakhand,Dehradun,Massouri,30.48,78.05,15.3,2026-09-28,02:30:00,80.0,2026-09-27,02:30:00,2026-09-28 02:46:46,14.75,Zone 3,28.8,Zone 4,13.97,Zone 2,28.15,Zone 4,21.31,Zone 3,32.08,Zone 4,24.96,Zone 3,35.79,Zone 4,28.8,Zone 4,41.67,Zone 5
Uttarakhand,Dehradun,Mohakampur,30.2782,78.0744,19.4,2026-09-28,02:30:00,99.0,2026-09-27,02:30:00,2026-09-28 02:46:46,20.75,Zone 3,34.9,Zone 4,20.13,Zone 3,33.77,Zone 4,25.1,Zone 3,42.04,Zone 5,30.08,Zone 4,55.6,Zone 5,34.9,Zone 4,60.73,Zone 5
Uttarakhand,Haridwar,Roorkee Amfu,29.84,77.92,21.5,2026-09-28,02:15:00,,,,2026-09-28 02:46:46,,,,,,,,,,,,,,,,,,,,
Uttarakhand,Nainital,Nainital(Jeolikot) Kvk,29.3455,79.4844,18.3,2026-09-28,02:30:00,99.0,2026-09-27,02:30:00,2026-09-28 02:46:46,19.350000000000023,Zone 3,33.38,Zone 4,18.86,Zone 3,32.35,Zone 4,24.31,Zone 3,37.18,Zone 5,28.72,Zone 4,50.66,Zone 5,33.38,Zone 4,59.64,Zone 5
Uttarakhand,Nainital,Th Kosiyakutoli,29.49,79.47,22.8,2026-09-28,02:30:00,100.0,2026-09-27,02:30:00,2026-09-28 02:46:46,24.55000000000001,Zone 3,53.01,Zone 5,24.29,Zone 3,48.21,Zone 5,30.26,Zone 4,59.93,Zone 5,36.15,Zone 4,62.65,Zone 5,53.01,Zone 5,64.76,Zone 5
Uttarakhand,Pauri Garhwal,Bharsar,30.05,79.0,14.5,2026-09-28,02:30:00,100.0,2026-09-27,02:30:00,2026-09-28 02:46:46,14.650000000000034,Zone 3,28.44,Zone 4,13.71,Zone 2,27.71,Zone 4,20.97,Zone 3,31.83,Zone 4,24.65,Zone 3,35.73,Zone 4,28.44,Zone 4,45.17,Zone 5
Uttarakhand,Pauri Garhwal,Srinagar Arg,30.22,78.77,22.3,2026-09-28,02:30:00,17.0,2026-09-27,02:30:00,2026-09-28 02:46:46,19.75,Zone 3,32.26,Zone 4,19.13,Zone 3,31.84,Zone 4,25.34,Zone 4,35.09,Zone 4,28.93,Zone 4,38.15,Zone 4,32.26,Zone 4,41.11,Zone 4
Uttarakhand,Rudraprayag,Rudra Prayag,30.3167,78.9667,20.6,2026-09-28,02:30:00,97.0,2026-09-27,02:30:00,2026-09-28 02:46:46,22.05000000000001,Zone 3,36.34,Zone 4,21.27,Zone 3,35.13,Zone 4,26.21,Zone 4,46.43,Zone 5,31.41,Zone 4,59.06,Zone 5,36.34,Zone 4,61.59,Zone 5
Uttarakhand,Tehri Garhwal,Devprayag,30.14,78.6,20.5,2026-09-28,02:30:00,93.0,2026-09-27,02:30:00,2026-09-28 02:46:46,21.75,Zone 3,35.93,Zone 4,21.09,Zone 3,34.79,Zone 4,26.04,Zone 4,44.0,Zone 5,31.12,Zone 4,57.28,Zone 5,35.93,Zone 4,61.12,Zone 5
Uttarakhand,Udham Singh Nagar,Kashipur Aws400,29.188,79.0109,22.7,2026-09-28,02:30:00,100.0,2026-09-27,02:30:00,2026-09-28 02:46:46,24.450000000000045,Zone 3,49.49,Zone 5,23.74,Zone 3,44.71,Zone 5,29.39,Zone 4,59.19,Zone 5,35.14,Zone 4,62.0,Zone 5,49.49,Zone 5,64.19,Zone 5
Uttarakhand,Uttarkashi,Purola,30.86,78.0,16.8,2026-09-28,02:30:00,9.0,2026-09-27,02:30:00,2026-09-28 02:46:46,12.950000000000045,Zone 2,27.79,Zone 4,12.26,Zone 2,27.52,Zone 4,20.34,Zone 3,30.66,Zone 4,24.62,Zone 3,33.62,Zone 4,27.79,Zone 4,36.47,Zone 4
Uttar Pradesh,Agra,Hydrogen Factory Bindukatra,27.17123,78.03123,23.7,2026-09-28,02:30:00,,,,2026-09-28 02:46:46,,,,,,,,,,,,,,,,,,,,
Uttar Pradesh,Aligarh,Quarsi Farms Quarsi,27.9024,78.0968,25.9,2026-09-28,02:30:00,27.0,2026-09-27,02:30:00,2026-09-28 02:46:46,24.950000000000045,Zone 3,36.16,Zone 4,24.4,Zone 3,35.54,Zone 4,28.83,Zone 4,39.02,Zone 4,32.61,Zone 4,42.31,Zone 4,36.16,Zone 4,49.47,Zone 5
Uttar Pradesh,Amroha,Amroha 400Aws,28.8523,78.2358,22.3,2026-09-28,02:30:00,100.0,2026-09-27,02:30:00,2026-09-28 02:46:46,24.05000000000001,Zone 3,49.49,Zone 5,23.74,Zone 3,44.71,Zone 5,29.39,Zone 4,59.19,Zone 5,35.14,Zone 4,62.0,Zone 5,49.49,Zone 5,64.19,Zone 5
Uttar Pradesh,Ayodhya,Ayodhya 400Aws,26.7518,82.1464,23.2,2026-09-28,02:30:00,100.0,2026-09-27,02:30:00,2026-09-28 02:46:46,24.950000000000045,Zone 3,53.01,Zone 5,24.29,Zone 3,48.21,Zone 5,30.26,Zone 4,59.93,Zone 5,36.15,Zone 4,62.65,Zone 5,53.01,Zone 5,64.76,Zone 5
Uttar Pradesh,Ballia,Sukhpura Inter College Ballia,25.848502,84.092779,24.4,2026-09-28,02:30:00,99.0,2026-09-27,02:30:00,2026-09-28 02:46:46,26.75,Zone 4,59.82,Zone 5,26.22,Zone 4,57.89,Zone 5,33.1,Zone 4,62.02,Zone 5,46.06,Zone 5,64.46,Zone 5,59.82,Zone 5,66.35,Zone 5
Uttar Pradesh,Balrampur,Bcml Tulsipur Sugar Mill,27.536051,82.419945,24.4,2026-09-28,02:30:00,100.0,2026-09-27,02:30:00,2026-09-28 02:46:46,26.850000000000023,Zone 4,60.03,Zone 5,26.29,Zone 4,58.62,Zone 5,33.24,Zone 4,62.19,Zone 5,47.04,Zone 5,64.61,Zone 5,60.03,Zone 5,66.49,Zone 5
Uttar Pradesh,Banda,Banda 400Aws,,,,,,100.0,2026-09-27,02:30:00,2026-09-28 02:46:46,,,,,,,,,,,,,,,,,,,,
Uttar Pradesh,Barabanki,Barabanki 400Aws,26.9286,81.215,23.3,2026-09-28,02:30:00,100.0,2026-09-27,02:30:00,2026-09-28 02:46:46,25.05000000000001,Zone 3,56.39,Zone 5,24.83,Zone 3,51.81,Zone 5,31.19,Zone 4,60.68,Zone 5,39.18,Zone 5,63.3,Zone 5,56.39,Zone 5,65.33,Zone 5
Uttar Pradesh,Bareilly,Bareilly Bilwa 400Aws,28.4446,79.4327,22.7,2026-09-28,02:30:00,100.0,2026-09-27,02:30:00,2026-09-28 02:46:46,24.450000000000045,Zone 3,49.49,Zone 5,23.74,Zone 3,44.71,Zone 5,29.39,Zone 4,59.19,Zone 5,35.14,Zone 4,62.0,Zone 5,49.49,Zone 5,64.19,Zone 5
Uttar Pradesh,Bijnor,Prithvipur 400Aws,29.3175,78.1158,21.8,2026-09-28,02:30:00,,,,2026-09-28 02:46:46,,,,,,,,,,,,,,,,,,,,
Uttar Pradesh,Farrukhabad,Farrukhabad 400Aws,27.3869,79.6002,22.3,2026-09-28,02:30:00,63.0,2026-09-27,02:30:00,2026-09-28 02:46:46,22.450000000000045,Zone 3,35.88,Zone 4,22.05,Zone 3,34.97,Zone 4,27.14,Zone 4,39.12,Zone 4,31.64,Zone 4,49.13,Zone 5,35.88,Zone 4,59.31,Zone 5
Uttar Pradesh,Gautam Buddha Nagar,Kvk Chholas 400Aws,28.5314,77.6445,23.1,2026-09-28,02:30:00,100.0,2026-09-27,02:30:00,2026-09-28 02:46:46,24.850000000000023,Zone 3,53.01,Zone 5,24.29,Zone 3,48.21,Zone 5,30.26,Zone 4,59.93,Zone 5,36.15,Zone 4,62.65,Zone 5,53.01,Zone 5,64.76,Zone 5
Uttar Pradesh,Ghaziabad,Kv2 Airforce Hindon,28.6936,77.3643,22.1,2026-09-28,02:30:00,100.0,2026-09-27,02:30:00,2026-09-28 02:46:46,23.850000000000023,Zone 3,46.01,Zone 5,23.18,Zone 3,41.41,Zone 5,28.57,Zone 4,57.02,Zone 5,34.19,Zone 4,61.36,Zone 5,46.01,Zone 5,63.62,Zone 5
Uttar Pradesh,Ghaziabad,Kv Kamala Nehru Nagar,28.6789,77.4648,22.7,2026-09-28,02:30:00,100.0,2026-09-27,02:30:00,2026-09-28 02:46:46,24.450000000000045,Zone 3,49.49,Zone 5,23.74,Zone 3,44.71,Zone 5,29.39,Zone 4,59.19,Zone 5,35.14,Zone 4,62.0,Zone 5,49.49,Zone 5,64.19,Zone 5
Uttar Pradesh,Gorakhpur,Met Office Singhariya,26.73683269,83.42977722,25.1,2026-09-28,02:30:00,100.0,2026-09-27,02:30:00,2026-09-28 02:46:46,28.150000000000034,Zone 4,60.9,Zone 5,27.22,Zone 4,59.79,Zone 5,34.38,Zone 4,62.96,Zone 5,51.33,Zone 5,65.28,Zone 5,60.9,Zone 5,67.07,Zone 5
Uttar Pradesh,Hamirpur,Hamirpur 400Aws,25.5814,79.555,24.6,2026-09-28,02:30:00,100.0,2026-09-27,02:30:00,2026-09-28 02:46:46,27.25,Zone 4,60.03,Zone 5,26.29,Zone 4,58.62,Zone 5,33.24,Zone 4,62.19,Zone 5,47.04,Zone 5,64.61,Zone 5,60.03,Zone 5,66.49,Zone 5
Uttar Pradesh,Hapur,Hapur 400Aws,28.739,77.8716,22.6,2026-09-28,02:30:00,100.0,2026-09-27,02:30:00,2026-09-28 02:46:46,24.350000000000023,Zone 3,49.49,Zone 5,23.74,Zone 3,44.71,Zone 5,29.39,Zone 4,59.19,Zone 5,35.14,Zone 4,62.0,Zone 5,49.49,Zone 5,64.19,Zone 5
Uttar Pradesh,Hardoi,Hardoi 400Aws,27.3813,80.124,22.7,2026-09-28,02:30:00,87.0,2026-09-27,02:30:00,2026-09-28 02:46:46,23.950000000000045,Zone 3,39.77,Zone 5,23.21,Zone 3,37.39,Zone 4,28.48,Zone 4,51.45,Zone 5,33.71,Zone 4,60.13,Zone 5,39.77,Zone 5,62.53,Zone 5
Uttar Pradesh,Jalaun,Jalaun 400Aws,26.022112,79.423123,24.1,2026-09-28,02:30:00,100.0,2026-09-27,02:30:00,2026-09-28 02:46:46,26.350000000000023,Zone 4,59.15,Zone 5,25.42,Zone 4,55.33,Zone 5,32.18,Zone 4,61.44,Zone 5,42.93,Zone 5,63.96,Zone 5,59.15,Zone 5,65.91,Zone 5
Uttar Pradesh,Jhansi,Bhundelkhand University,25.43,78.57,22.7,2026-09-28,02:30:00,,,,2026-09-28 02:46:46,,,,,,,,,,,,,,,,,,,,
Uttar Pradesh,Kashganj,Kashganj 400Aws,27.75,78.5166,22.3,2026-09-28,02:30:00,,,,2026-09-28 02:46:46,,,,,,,,,,,,,,,,,,,,
Uttar Pradesh,Kushinagar,Kushinagar Kvk,26.7343,84.1848,24.8,2026-09-28,02:30:00,100.0,2026-09-27,02:30:00,2026-09-28 02:46:46,27.55000000000001,Zone 4,60.9,Zone 5,27.22,Zone 4,59.79,Zone 5,34.38,Zone 4,62.96,Zone 5,51.33,Zone 5,65.28,Zone 5,60.9,Zone 5,67.07,Zone 5
Uttar Pradesh,Lucknow,Integral University,26.9608,81.0044,24.9,2026-09-28,02:30:00,69.0,2026-09-27,02:30:00,2026-09-28 02:46:46,25.75,Zone 4,40.4,Zone 4,25.28,Zone 3,39.2,Zone 4,30.76,Zone 4,51.97,Zone 5,35.71,Zone 4,60.24,Zone 5,40.4,Zone 4,62.63,Zone 5
Uttar Pradesh,Lucknow,Meteorological Centre Amausi,26.8667,80.9167,23.7,2026-09-28,02:30:00,,,,2026-09-28 02:46:46,,,,,,,,,,,,,,,,,,,,
Uttar Pradesh,Mainpuri,Mainpuri Kvk,27.3846,79.0938,22.5,2026-09-28,02:30:00,100.0,2026-09-27,02:30:00,2026-09-28 02:46:46,24.25,Zone 3,49.49,Zone 5,23.74,Zone 3,44.71,Zone 5,29.39,Zone 4,59.19,Zone 5,35.14,Zone 4,62.0,Zone 5,49.49,Zone 5,64.19,Zone 5
Uttar Pradesh,Mathura,Collectorate Office,27.47447526,77.69176576,24.6,2026-09-28,02:30:00,,,,2026-09-28 02:46:46,,,,,,,,,,,,,,,,,,,,
Uttar Pradesh,Mathura,Mathura 400Aws,27.4705,77.6928,22.6,2026-09-28,02:30:00,100.0,2026-09-27,02:30:00,2026-09-28 02:46:46,24.350000000000023,Zone 3,49.49,Zone 5,23.74,Zone 3,44.71,Zone 5,29.39,Zone 4,59.19,Zone 5,35.14,Zone 4,62.0,Zone 5,49.49,Zone 5,64.19,Zone 5
Uttar Pradesh,Meerut,Ccsu Campus,28.97423165,77.73504154,24.4,2026-09-28,02:30:00,100.0,2026-09-27,02:30:00,2026-09-28 02:46:46,26.850000000000023,Zone 4,60.03,Zone 5,26.29,Zone 4,58.62,Zone 5,33.24,Zone 4,62.19,Zone 5,47.04,Zone 5,64.61,Zone 5,60.03,Zone 5,66.49,Zone 5
Uttar Pradesh,Mirzapur,Dagmapur 400Aws,25.0999,82.7985,24.7,2026-09-28,02:30:00,100.0,2026-09-27,02:30:00,2026-09-28 02:46:46,27.350000000000023,Zone 4,60.03,Zone 5,26.29,Zone 4,58.62,Zone 5,33.24,Zone 4,62.19,Zone 5,47.04,Zone 5,64.61,Zone 5,60.03,Zone 5,66.49,Zone 5
Uttar Pradesh,Moradabad,Ucheti 400Aws,28.8683,78.6659,22.4,2026-09-28,02:30:00,100.0,2026-09-27,02:30:00,2026-09-28 02:46:46,24.150000000000034,Zone 3,49.49,Zone 5,23.74,Zone 3,44.71,Zone 5,29.39,Zone 4,59.19,Zone 5,35.14,Zone 4,62.0,Zone 5,49.49,Zone 5,64.19,Zone 5
Uttar Pradesh,Muzaffarnagar,Sohanjani Tajan 400Aws,29.3781,77.638,22.4,2026-09-28,02:30:00,100.0,2026-09-27,02:30:00,2026-09-28 02:46:46,24.150000000000034,Zone 3,49.49,Zone 5,23.74,Zone 3,44.71,Zone 5,29.39,Zone 4,59.19,Zone 5,35.14,Zone 4,62.0,Zone 5,49.49,Zone 5,64.19,Zone 5
Uttar Pradesh,Pratapgarh,Pratapgarh 400Aws,25.283,81.9866,24.9,2026-09-28,02:30:00,100.0,2026-09-27,02:30:00,2026-09-28 02:46:46,27.75,Zone 4,60.9,Zone 5,27.22,Zone 4,59.79,Zone 5,34.38,Zone 4,62.96,Zone 5,51.33,Zone 5,65.28,Zone 5,60.9,Zone 5,67.07,Zone 5
Uttar Pradesh,Raebareli,Airport Fursatganj,26.2503,81.3769,23.1,2026-09-28,02:30:00,100.0,2026-09-27,02:30:00,2026-09-28 02:46:46,24.850000000000023,Zone 3,53.01,Zone 5,24.29,Zone 3,48.21,Zone 5,30.26,Zone 4,59.93,Zone 5,36.15,Zone 4,62.65,Zone 5,53.01,Zone 5,64.76,Zone 5
Uttar Pradesh,Saharanpur,Saharanpur 400Aws,29.9703,77.5573,21.9,2026-09-28,02:30:00,100.0,2026-09-27,02:30:00,2026-09-28 02:46:46,23.650000000000034,Zone 3,46.01,Zone 5,23.18,Zone 3,41.41,Zone 5,28.57,Zone 4,57.02,Zone 5,34.19,Zone 4,61.36,Zone 5,46.01,Zone 5,63.62,Zone 5
Uttar Pradesh,Sambhal,Sambhal Paltha 400Aws,28.4833,78.8491,22.4,2026-09-28,02:30:00,99.0,2026-09-27,02:30:00,2026-09-28 02:46:46,24.150000000000034,Zone 3,48.72,Zone 5,23.7,Zone 3,43.96,Zone 5,29.31,Zone 4,59.03,Zone 5,35.02,Zone 4,61.86,Zone 5,48.72,Zone 5,64.06,Zone 5
Uttar Pradesh,Shahjahanpur,Shahjahanpur 400Aws,27.875,79.9385,22.6,2026-09-28,02:30:00,60.0,2026-09-27,02:30:00,2026-09-28 02:46:46,22.650000000000034,Zone 3,35.58,Zone 4,21.89,Zone 3,34.72,Zone 4,27.0,Zone 4,38.8,Zone 4,31.42,Zone 4,47.18,Zone 5,35.58,Zone 4,58.58,Zone 5
Uttar Pradesh,Shamli,Shamli 400Aws,29.5443,77.1864,22.8,2026-09-28,02:30:00,97.0,2026-09-27,02:30:00,2026-09-28 02:46:46,24.450000000000045,Zone 3,50.65,Zone 5,24.18,Zone 3,45.84,Zone 5,30.0,Zone 4,59.44,Zone 5,35.75,Zone 4,62.21,Zone 5,50.65,Zone 5,64.37,Zone 5
Uttar Pradesh,Sitapur,Ramkot 400Aws,27.5217,80.5854,22.6,2026-09-28,02:30:00,,,,2026-09-28 02:46:46,,,,,,,,,,,,,,,,,,,,
Uttar Pradesh,Sultanpur,Krishi Vigyan Kendra Barasin,,,,,,99.0,2026-09-27,02:30:00,2026-09-28 02:46:46,,,,,,,,,,,,,,,,,,,,
West Bengal,Cooch Behar,Dinhata Aws400,26.1464,89.4649,26.7,2026-09-28,02:30:00,100.0,2026-09-27,02:30:00,2026-09-28 02:46:46,31.850000000000023,Zone 4,63.56,Zone 5,30.49,Zone 4,62.52,Zone 5,44.17,Zone 5,65.28,Zone 5,60.18,Zone 5,67.29,Zone 5,63.56,Zone 5,68.83,Zone 5
West Bengal,Darjeeling,Darjeeling Mo,27.0335,88.1509,17.0,2026-09-28,02:30:00,100.0,2026-09-27,02:30:00,2026-09-28 02:46:46,17.850000000000023,Zone 3,31.4,Zone 4,16.95,Zone 3,30.48,Zone 4,23.12,Zone 3,34.88,Zone 4,26.92,Zone 4,43.77,Zone 5,31.4,Zone 4,55.81,Zone 5
West Bengal,Darjeeling,Kharibari,26.55,88.19,25.7,2026-09-28,02:30:00,100.0,2026-09-27,02:30:00,2026-09-28 02:46:46,29.450000000000045,Zone 4,61.78,Zone 5,28.23,Zone 4,60.7,Zone 5,35.61,Zone 4,63.73,Zone 5,55.54,Zone 5,65.94,Zone 5,61.78,Zone 5,67.65,Zone 5
West Bengal,Howrah,Kvk Howrah Jagatballavapur,22.678,88.1225,26.4,2026-09-28,02:30:00,100.0,2026-09-27,02:30:00,2026-09-28 02:46:46,31.05000000000001,Zone 4,63.56,Zone 5,30.49,Zone 4,62.52,Zone 5,44.17,Zone 5,65.28,Zone 5,60.18,Zone 5,67.29,Zone 5,63.56,Zone 5,68.83,Zone 5
West Bengal,Howrah,Uluberia,22.4692,88.0944,27.9,2026-09-28,02:30:00,99.0,2026-09-27,02:30:00,2026-09-28 02:46:46,35.150000000000034,Zone 4,66.03,Zone 5,34.57,Zone 4,65.09,Zone 5,58.63,Zone 5,67.45,Zone 5,63.15,Zone 5,69.17,Zone 5,66.03,Zone 5,72.35,Zone 6
West Bengal,Jalpaiguri,Banarhat,26.7924,89.0265,24.8,2026-09-28,02:30:00,80.0,2026-09-27,02:30:00,2026-09-28 02:46:46,26.25,Zone 4,49.89,Zone 5,25.87,Zone 4,45.13,Zone 5,31.82,Zone 4,59.28,Zone 5,37.24,Zone 4,62.08,Zone 5,49.89,Zone 5,64.26,Zone 5
West Bengal,Jalpaiguri,Dhupguri,26.5632,89.0409,25.8,2026-09-28,02:30:00,99.0,2026-09-27,02:30:00,2026-09-28 02:46:46,29.55000000000001,Zone 4,62.46,Zone 5,29.2,Zone 4,61.39,Zone 5,38.29,Zone 5,64.32,Zone 5,58.51,Zone 5,66.45,Zone 5,62.46,Zone 5,68.1,Zone 5
West Bengal,Jalpaiguri,Mal,26.8685,88.7466,25.4,2026-09-28,02:30:00,100.0,2026-09-27,02:30:00,2026-09-28 02:46:46,28.75,Zone 4,61.78,Zone 5,28.23,Zone 4,60.7,Zone 5,35.61,Zone 4,63.73,Zone 5,55.54,Zone 5,65.94,Zone 5,61.78,Zone 5,67.65,Zone 5
West Bengal,Jalpaiguri,Ramshai Kvk,26.7035,88.8467,25.0,2026-09-28,02:30:00,,,,2026-09-28 02:46:46,,,,,,,,,,,,,,,,,,,,
West Bengal,Jalpaiguri,Tra Nagrakata,26.86,88.74,24.8,2026-09-28,02:30:00,93.0,2026-09-27,02:30:00,2026-09-28 02:46:46,27.05000000000001,Zone 4,59.45,Zone 5,26.7,Zone 4,56.49,Zone 5,33.37,Zone 4,61.69,Zone 5,44.29,Zone 5,64.18,Zone 5,59.45,Zone 5,66.1,Zone 5
West Bengal,Jhargram,Jhargram,22.449553,86.998154,25.2,2026-09-28,02:30:00,99.0,2026-09-27,02:30:00,2026-09-28 02:46:46,28.25,Zone 4,60.7,Zone 5,27.14,Zone 4,59.58,Zone 5,34.22,Zone 4,62.78,Zone 5,50.32,Zone 5,65.12,Zone 5,60.7,Zone 5,66.93,Zone 5
West Bengal,Kolkata,Ohr 15,22.6174,88.478,26.0,2026-09-28,02:30:00,99.0,2026-09-27,02:30:00,2026-09-28 02:46:46,29.950000000000045,Zone 4,62.46,Zone 5,29.2,Zone 4,61.39,Zone 5,38.29,Zone 5,64.32,Zone 5,58.51,Zone 5,66.45,Zone 5,62.46,Zone 5,68.1,Zone 5
West Bengal,Malda,Malda,24.9787,88.1446,26.4,2026-09-28,02:30:00,,,,2026-09-28 02:46:46,,,,,,,,,,,,,,,,,,,,
West Bengal,Nadia,Bijpur,22.937116,88.510508,26.2,2026-09-28,02:30:00,100.0,2026-09-27,02:30:00,2026-09-28 02:46:46,30.55000000000001,Zone 4,62.67,Zone 5,29.31,Zone 4,61.61,Zone 5,39.34,Zone 5,64.5,Zone 5,59.12,Zone 5,66.62,Zone 5,62.67,Zone 5,68.24,Zone 5
West Bengal,Nadia,Kalyani Amfu,22.9686,88.4964,26.4,2026-09-28,02:30:00,100.0,2026-09-27,02:30:00,2026-09-28 02:46:46,31.05000000000001,Zone 4,63.56,Zone 5,30.49,Zone 4,62.52,Zone 5,44.17,Zone 5,65.28,Zone 5,60.18,Zone 5,67.29,Zone 5,63.56,Zone 5,68.83,Zone 5
West Bengal,North Twenty Four Parganas,Ashoknagar Kvk,22.8382,88.6347,27.2,2026-09-28,02:30:00,,,,2026-09-28 02:46:46,,,,,,,,,,,,,,,,,,,,
West Bengal,North Twenty Four Parganas,Barrackpore Aws400,22.7809,88.3357,26.4,2026-09-28,02:30:00,84.0,2026-09-27,02:30:00,2026-09-28 02:46:46,29.150000000000034,Zone 4,60.02,Zone 5,28.65,Zone 4,58.61,Zone 5,35.21,Zone 4,62.19,Zone 5,47.0,Zone 5,64.61,Zone 5,60.02,Zone 5,66.48,Zone 5
West Bengal,North Twenty Four Parganas,Basirhat,22.6625,88.8725,27.7,2026-09-28,02:30:00,95.0,2026-09-27,02:30:00,2026-09-28 02:46:46,33.650000000000034,Zone 4,64.23,Zone 5,32.28,Zone 4,63.22,Zone 5,48.17,Zone 5,65.87,Zone 5,60.99,Zone 5,67.8,Zone 5,64.23,Zone 5,69.28,Zone 5
West Bengal,North Twenty Four Parganas,Jisu Agarpara,22.6726,88.3791,27.3,2026-09-28,02:15:00,,,,2026-09-28 02:46:46,,,,,,,,,,,,,,,,,,,,
West Bengal,Purulia,Purulia Kvk,23.4007,86.4184,24.1,2026-09-28,02:30:00,,,,2026-09-28 02:46:46,,,,,,,,,,,,,,,,,,,,
West Bengal,South Dinajpur,Balurghat,25.234,88.7942,26.5,2026-09-28,02:30:00,100.0,2026-09-27,02:30:00,2026-09-28 02:46:46,31.350000000000023,Zone 4,63.56,Zone 5,30.49,Zone 4,62.52,Zone 5,44.17,Zone 5,65.28,Zone 5,60.18,Zone 5,67.29,Zone 5,63.56,Zone 5,68.83,Zone 5
West Bengal,South Twenty Four Parganas,Gangasagar,21.74483,88.099278,27.2,2026-09-28,02:30:00,,,,2026-09-28 02:46:46,,,,,,,,,,,,,,,,,,,,
,,,,,,,,,,,2026-09-28 02:46:46,,,,,,,,,,,,,,,,,,,,
,,,,,,,,,,,2026-09-28 02:46:46,,,,,,,,,,,,,,,,,,,,
,,,,,,,,,,,2026-09-28 02:46:46,,,,,,,,,,,,,,,,,,,,
,,,,,,,,,,,2026-09-28 02:46:46,,,,,,,,,,,,,,,,,,,,
Andaman And Nicobar,Nicobar,Car Nicobar,9.1573,92.7581,26.3,2026-09-28,04:45:00,95.0,2026-09-27,04:45:00,2026-09-28 05:05:28,30.150000000000034,Zone 4,62.47,Zone 5,29.84,Zone 4,61.41,Zone 5,38.37,Zone 5,64.33,Zone 5,58.58,Zone 5,66.47,Zone 5,62.47,Zone 5,68.11,Zone 5
Andaman And Nicobar,Nicobar,Nancowry,7.9768,93.5509,40.5,2026-09-28,04:45:00,98.0,2026-09-27,04:45:00,2026-09-28 05:05:28,101.55000000000001,Zone 6,115.17,Zone 6,104.94,Zone 6,113.12,Zone 6,108.43,Zone 6,116.52,Zone 6,111.82,Zone 6,119.83,Zone 6,115.17,Zone 6,123.1,Zone 6
Andaman And Nicobar,N M Andaman,Mayabunder,12.8755,92.8922,26.4,2026-09-28,04:45:00,98.0,2026-09-27,04:45:00,2026-09-28 05:05:28,30.75,Zone 4,63.13,Zone 5,30.22,Zone 4,62.08,Zone 5,41.75,Zone 5,64.9,Zone 5,59.67,Zone 5,66.96,Zone 5,63.13,Zone 5,68.55,Zone 5
Andaman And Nicobar,South Andaman,Ferrargunj,11.7206,92.6542,26.4,2026-09-28,05:00:00,82.0,2026-09-27,05:00:00,2026-09-28 05:05:28,28.950000000000045,Zone 4,59.56,Zone 5,28.46,Zone 4,56.94,Zone 5,34.89,Zone 4,61.8,Zone 5,44.82,Zone 5,64.27,Zone 5,59.56,Zone 5,66.18,Zone 5
Andaman And Nicobar,South Andaman,Hut Bay,10.5962,92.5364,25.1,2026-09-28,04:45:00,99.0,2026-09-27,04:45:00,2026-09-28 05:05:28,28.05000000000001,Zone 4,60.7,Zone 5,27.14,Zone 4,59.58,Zone 5,34.22,Zone 4,62.78,Zone 5,50.32,Zone 5,65.12,Zone 5,60.7,Zone 5,66.93,Zone 5
Andaman And Nicobar,South Andaman,Shaheed Dweep,11.6562,92.7432,27.5,2026-09-28,04:45:00,95.0,2026-09-27,04:45:00,2026-09-28 05:05:28,33.150000000000034,Zone 4,64.23,Zone 5,32.28,Zone 4,63.22,Zone 5,48.17,Zone 5,65.87,Zone 5,60.99,Zone 5,67.8,Zone 5,64.23,Zone 5,69.28,Zone 5
Andaman And Nicobar,South Andaman,Sri Vijaya Puram Aws400,11.0,92.744,26.5,2026-09-28,05:00:00,92.0,2026-09-27,05:00:00,2026-09-28 05:05:28,30.25,Zone 4,61.81,Zone 5,29.49,Zone 4,60.73,Zone 5,36.66,Zone 4,63.75,Zone 5,55.67,Zone 5,65.97,Zone 5,61.81,Zone 5,67.67,Zone 5
Andaman And Nicobar,South Andaman,Swaraj Deep,12.0124,92.9824,26.8,2026-09-28,05:00:00,,,,2026-09-28 05:05:28,,,,,,,,,,,,,,,,,,,,
Andhra Pradesh,Alluri Sitharama Raju,Araku Valley,18.32,82.87,19.6,2026-09-28,04:45:00,97.0,2026-09-27,04:45:00,2026-09-28 05:05:28,20.850000000000023,Zone 3,34.72,Zone 4,20.03,Zone 3,33.62,Zone 4,25.05,Zone 3,40.97,Zone 5,29.96,Zone 4,54.61,Zone 5,34.72,Zone 4,60.5,Zone 5
Andhra Pradesh,Alluri Sitharama Raju,Chintapalli Amfu,17.895,82.3417,18.0,2026-09-28,04:45:00,92.0,2026-09-27,04:45:00,2026-09-28 05:05:28,18.75,Zone 3,32.23,Zone 4,17.87,Zone 3,31.32,Zone 4,23.74,Zone 3,35.68,Zone 4,27.79,Zone 4,44.74,Zone 5,32.23,Zone 4,56.64,Zone 5
Andhra Pradesh,Anantapur,Kh Govtdegcollege Dharmavaram,14.4308,77.7065,25.5,2026-09-28,05:00:00,94.0,2026-09-27,05:00:00,2026-09-28 05:05:28,28.450000000000045,Zone 4,60.52,Zone 5,27.68,Zone 4,59.4,Zone 5,34.6,Zone 4,62.63,Zone 5,49.45,Zone 5,64.99,Zone 5,60.52,Zone 5,66.82,Zone 5
Andhra Pradesh,Bapatla,Bapatla Aws400,15.919,80.4838,25.0,2026-09-28,05:00:00,92.0,2026-09-27,05:00:00,2026-09-28 05:05:28,27.350000000000023,Zone 4,59.24,Zone 5,26.63,Zone 4,55.68,Zone 5,33.24,Zone 4,61.51,Zone 5,43.32,Zone 5,64.02,Zone 5,59.24,Zone 5,65.97,Zone 5
Andhra Pradesh,Bapatla,Chirala,15.8295,80.3803,25.9,2026-09-28,05:00:00,66.0,2026-09-27,05:00:00,2026-09-28 05:05:28,26.950000000000045,Zone 4,43.31,Zone 5,26.48,Zone 4,40.4,Zone 4,31.95,Zone 4,54.82,Zone 5,36.92,Zone 4,60.86,Zone 5,43.31,Zone 5,63.18,Zone 5
Andhra Pradesh,Eluru,Vijayarai,16.63,81.04,24.1,2026-09-28,04:45:00,70.0,2026-09-27,04:45:00,2026-09-28 05:05:28,24.850000000000023,Zone 3,38.88,Zone 4,24.19,Zone 3,37.76,Zone 4,29.43,Zone 4,47.38,Zone 5,34.29,Zone 4,59.26,Zone 5,38.88,Zone 4,61.77,Zone 5
Andhra Pradesh,Kakinada,Kakinada,16.96,82.23,25.4,2026-09-28,04:45:00,89.0,2026-09-27,04:45:00,2026-09-28 05:05:28,27.75,Zone 4,59.45,Zone 5,27.28,Zone 4,56.49,Zone 5,33.86,Zone 4,61.69,Zone 5,44.28,Zone 5,64.18,Zone 5,59.45,Zone 5,66.1,Zone 5
Andhra Pradesh,Kakinada,Peddapuram,17.0717,82.165,26.1,2026-09-28,04:45:00,92.0,2026-09-27,04:45:00,2026-09-28 05:05:28,29.450000000000045,Zone 4,60.95,Zone 5,28.47,Zone 4,59.85,Zone 5,35.43,Zone 4,63.0,Zone 5,51.57,Zone 5,65.32,Zone 5,60.95,Zone 5,67.1,Zone 5
Andhra Pradesh,Konaseema,Ambajipeta Arg,16.6,81.94,24.4,2026-09-28,04:45:00,100.0,2026-09-27,04:45:00,2026-09-28 05:05:28,26.850000000000023,Zone 4,60.03,Zone 5,26.29,Zone 4,58.62,Zone 5,33.24,Zone 4,62.19,Zone 5,47.04,Zone 5,64.61,Zone 5,60.03,Zone 5,66.49,Zone 5
Andhra Pradesh,Konaseema,Ambajipeta Aws,16.602,81.9448,24.7,2026-09-28,05:00:00,100.0,2026-09-27,05:00:00,2026-09-28 05:05:28,27.350000000000023,Zone 4,60.03,Zone 5,26.29,Zone 4,58.62,Zone 5,33.24,Zone 4,62.19,Zone 5,47.04,Zone 5,64.61,Zone 5,60.03,Zone 5,66.49,Zone 5
Andhra Pradesh,Krishna,Kv Gopalnagar Machilipatnam,16.1983,81.1258,26.5,2026-09-28,05:00:00,96.0,2026-09-27,05:00:00,2026-09-28 05:05:28,30.75,Zone 4,62.69,Zone 5,29.97,Zone 4,61.63,Zone 5,39.45,Zone 5,64.52,Zone 5,59.15,Zone 5,66.63,Zone 5,62.69,Zone 5,68.26,Zone 5
Andhra Pradesh,Ntr,Mylavaram College Of  Engineer,16.751,80.6327,23.2,2026-09-28,05:00:00,100.0,2026-09-27,05:00:00,2026-09-28 05:05:28,24.950000000000045,Zone 3,53.01,Zone 5,24.29,Zone 3,48.21,Zone 5,30.26,Zone 4,59.93,Zone 5,36.15,Zone 4,62.65,Zone 5,53.01,Zone 5,64.76,Zone 5
Andhra Pradesh,Prakasam,Cs Puram,15.1627,79.2892,25.1,2026-09-28,05:00:00,92.0,2026-09-27,05:00:00,2026-09-28 05:05:28,27.55000000000001,Zone 4,59.24,Zone 5,26.63,Zone 4,55.68,Zone 5,33.24,Zone 4,61.51,Zone 5,43.32,Zone 5,64.02,Zone 5,59.24,Zone 5,65.97,Zone 5
Andhra Pradesh,Srikakulam,Nagaralapeta Kalingapatnam,18.3334,84.1163,26.7,2026-09-28,05:00:00,100.0,2026-09-27,05:00:00,2026-09-28 05:05:28,31.850000000000023,Zone 4,63.56,Zone 5,30.49,Zone 4,62.52,Zone 5,44.17,Zone 5,65.28,Zone 5,60.18,Zone 5,67.29,Zone 5,63.56,Zone 5,68.83,Zone 5
Andhra Pradesh,Srikakulam,Ragolu,18.4101,83.903,26.0,2026-09-28,04:45:00,97.0,2026-09-27,04:45:00,2026-09-28 05:05:28,29.75,Zone 4,62.03,Zone 5,28.98,Zone 4,60.95,Zone 5,36.34,Zone 4,63.94,Zone 5,56.66,Zone 5,66.13,Zone 5,62.03,Zone 5,67.82,Zone 5
Andhra Pradesh,Visakhapatnam,Anandapuram Arg,17.89,83.37,25.0,2026-09-28,04:45:00,96.0,2026-09-27,04:45:00,2026-09-28 05:05:28,27.650000000000034,Zone 4,60.08,Zone 5,26.91,Zone 4,58.8,Zone 5,33.78,Zone 4,62.24,Zone 5,47.28,Zone 5,64.65,Zone 5,60.08,Zone 5,66.52,Zone 5
Andhra Pradesh,Visakhapatnam,Gangavaram Port,17.6247,83.2283,27.4,2026-09-28,05:00:00,100.0,2026-09-27,05:00:00,2026-09-28 05:05:28,33.85000000000002,Zone 4,65.36,Zone 5,33.22,Zone 4,64.38,Zone 5,54.9,Zone 5,66.86,Zone 5,62.33,Zone 5,68.65,Zone 5,65.36,Zone 5,71.14,Zone 6
Andhra Pradesh,Visakhapatnam,Mehadrigadda Dam,,,,,,96.0,2026-09-27,05:00:00,2026-09-28 05:05:28,,,,,,,,,,,,,,,,,,,,
Andhra Pradesh,Vizianagaram,Bobbili,18.57,83.35,25.0,2026-09-28,05:00:00,97.0,2026-09-27,05:00:00,2026-09-28 05:05:28,27.75,Zone 4,60.28,Zone 5,26.99,Zone 4,59.16,Zone 5,33.93,Zone 4,62.42,Zone 5,48.3,Zone 5,64.81,Zone 5,60.28,Zone 5,66.66,Zone 5
Andhra Pradesh,Vizianagaram,Vizianagaram,18.1417,83.415,26.2,2026-09-28,04:45:00,100.0,2026-09-27,04:45:00,2026-09-28 05:05:28,30.55000000000001,Zone 4,62.67,Zone 5,29.31,Zone 4,61.61,Zone 5,39.34,Zone 5,64.5,Zone 5,59.12,Zone 5,66.62,Zone 5,62.67,Zone 5,68.24,Zone 5
Andhra Pradesh,West Godavari,Bhimavaram,,,,,,100.0,2026-09-27,05:00:00,2026-09-28 05:05:28,,,,,,,,,,,,,,,,,,,,
Andhra Pradesh,West Godavari,Kv Gopannapalem Eluru,16.7687,81.1191,23.4,2026-09-28,05:00:00,57.0,2026-09-27,05:00:00,2026-09-28 05:05:28,23.450000000000045,Zone 3,36.56,Zone 4,22.96,Zone 3,35.67,Zone 4,27.98,Zone 4,39.75,Zone 4,32.4,Zone 4,49.5,Zone 5,36.56,Zone 4,59.39,Zone 5
Andhra Pradesh,West Godavari,Maruteru,16.6467,81.7633,27.2,2026-09-28,04:45:00,99.0,2026-09-27,04:45:00,2026-09-28 05:05:28,33.05000000000001,Zone 4,64.24,Zone 5,31.62,Zone 4,63.22,Zone 5,48.18,Zone 5,65.87,Zone 5,60.99,Zone 5,67.8,Zone 5,64.24,Zone 5,69.28,Zone 5
Andhra Pradesh,West Godavari,Narsapur,16.4365,81.6944,25.5,2026-09-28,05:00:00,,,,2026-09-28 05:05:28,,,,,,,,,,,,,,,,,,,,
Arunachal Pradesh,Anjaw,Kibitoo Circle,28.2598,97.0716,18.6,2026-09-28,04:30:00,83.0,2026-09-27,04:30:00,2026-09-28 05:05:28,19.05000000000001,Zone 3,32.32,Zone 4,18.05,Zone 3,31.46,Zone 4,23.93,Zone 3,35.69,Zone 4,28.0,Zone 4,42.66,Zone 5,32.32,Zone 4,54.82,Zone 5
Arunachal Pradesh,Changlang,Miao,27.4821,96.1978,25.4,2026-09-28,05:00:00,95.0,2026-09-27,05:00:00,2026-09-28 05:05:28,28.350000000000023,Zone 4,60.73,Zone 5,27.77,Zone 4,59.62,Zone 5,34.76,Zone 4,62.81,Zone 5,50.5,Zone 5,65.15,Zone 5,60.73,Zone 5,66.96,Zone 5
Arunachal Pradesh,Dibang Valley,Anini,28.7928,95.8956,18.3,2026-09-28,04:45:00,100.0,2026-09-27,04:45:00,2026-09-28 05:05:28,19.450000000000045,Zone 3,33.46,Zone 4,18.9,Zone 3,32.41,Zone 4,24.34,Zone 3,37.62,Zone 5,28.77,Zone 4,51.16,Zone 5,33.46,Zone 4,59.75,Zone 5
Arunachal Pradesh,East Kameng,Seppa Pampoli,27.3178,93.0042,27.0,2026-09-28,05:00:00,92.0,2026-09-27,05:00:00,2026-09-28 05:05:28,31.350000000000023,Zone 4,62.68,Zone 5,30.59,Zone 4,61.62,Zone 5,39.39,Zone 5,64.51,Zone 5,59.13,Zone 5,66.63,Zone 5,62.68,Zone 5,68.25,Zone 5
Arunachal Pradesh,East Siang,Pashighat,28.0695,95.3323,24.7,2026-09-28,05:00:00,100.0,2026-09-27,05:00:00,2026-09-28 05:05:28,27.350000000000023,Zone 4,60.03,Zone 5,26.29,Zone 4,58.62,Zone 5,33.24,Zone 4,62.19,Zone 5,47.04,Zone 5,64.61,Zone 5,60.03,Zone 5,66.49,Zone 5
Arunachal Pradesh,Kamle,Raga,27.7923,94.0753,21.7,2026-09-28,05:00:00,100.0,2026-09-27,05:00:00,2026-09-28 05:05:28,23.350000000000023,Zone 3,42.68,Zone 5,22.6,Zone 3,38.42,Zone 5,27.79,Zone 4,54.2,Zone 5,33.3,Zone 4,60.72,Zone 5,42.68,Zone 5,63.06,Zone 5
Arunachal Pradesh,Kurung Kumey,Koloraing,27.8989,93.352,21.6,2026-09-28,05:00:00,100.0,2026-09-27,05:00:00,2026-09-28 05:05:28,23.25,Zone 3,42.68,Zone 5,22.6,Zone 3,38.42,Zone 5,27.79,Zone 4,54.2,Zone 5,33.3,Zone 4,60.72,Zone 5,42.68,Zone 5,63.06,Zone 5
Arunachal Pradesh,Kurung Kumey,Nyapin,27.7505,93.3989,21.0,2026-09-28,05:00:00,100.0,2026-09-27,05:00:00,2026-09-28 05:05:28,22.650000000000034,Zone 3,39.6,Zone 5,22.01,Zone 3,36.25,Zone 4,27.05,Zone 4,51.26,Zone 5,32.45,Zone 4,60.09,Zone 5,39.6,Zone 5,62.5,Zone 5
Arunachal Pradesh,Leparada,Basar,27.995,94.704,22.2,2026-09-28,05:00:00,100.0,2026-09-27,05:00:00,2026-09-28 05:05:28,23.950000000000045,Zone 3,46.01,Zone 5,23.18,Zone 3,41.41,Zone 5,28.57,Zone 4,57.02,Zone 5,34.19,Zone 4,61.36,Zone 5,46.01,Zone 5,63.62,Zone 5
Arunachal Pradesh,Lohit,Wakro,27.7834,96.3498,25.1,2026-09-28,05:00:00,79.0,2026-09-27,05:00:00,2026-09-28 05:05:28,26.55000000000001,Zone 4,48.99,Zone 5,25.81,Zone 4,44.26,Zone 5,31.72,Zone 4,59.09,Zone 5,37.09,Zone 4,61.92,Zone 5,48.99,Zone 5,64.11,Zone 5
Arunachal Pradesh,Longding,Longding,27.0243,95.1844,24.8,2026-09-28,04:45:00,,,,2026-09-28 05:05:28,,,,,,,,,,,,,,,,,,,,
Arunachal Pradesh,Longding,Longding New,26.8863,95.3257,23.0,2026-09-28,05:00:00,100.0,2026-09-27,05:00:00,2026-09-28 05:05:28,24.75,Zone 3,53.01,Zone 5,24.29,Zone 3,48.21,Zone 5,30.26,Zone 4,59.93,Zone 5,36.15,Zone 4,62.65,Zone 5,53.01,Zone 5,64.76,Zone 5
Arunachal Pradesh,Lower Siang,Kangku,27.5767,94.4999,25.3,2026-09-28,05:00:00,100.0,2026-09-27,05:00:00,2026-09-28 05:05:28,28.55000000000001,Zone 4,61.78,Zone 5,28.23,Zone 4,60.7,Zone 5,35.61,Zone 4,63.73,Zone 5,55.54,Zone 5,65.94,Zone 5,61.78,Zone 5,67.65,Zone 5
Arunachal Pradesh,Lower Subansiri,Deed,27.5937,93.5671,21.0,2026-09-28,05:00:00,100.0,2026-09-27,05:00:00,2026-09-28 05:05:28,22.650000000000034,Zone 3,39.6,Zone 5,22.01,Zone 3,36.25,Zone 4,27.05,Zone 4,51.26,Zone 5,32.45,Zone 4,60.09,Zone 5,39.6,Zone 5,62.5,Zone 5
Arunachal Pradesh,Lower Subansiri,Yachuli,,,,,,99.0,2026-09-27,05:00:00,2026-09-28 05:05:28,,,,,,,,,,,,,,,,,,,,
Arunachal Pradesh,Lower Subansiri,Ziro Manipolyang,27.5298,93.8385,17.5,2026-09-28,05:00:00,100.0,2026-09-27,05:00:00,2026-09-28 05:05:28,18.450000000000045,Zone 3,32.06,Zone 4,17.61,Zone 3,31.1,Zone 4,23.53,Zone 3,35.57,Zone 4,27.51,Zone 4,46.16,Zone 5,32.06,Zone 4,57.8,Zone 5
Arunachal Pradesh,Namsai,Lekang,27.6386,95.81,24.8,2026-09-28,04:30:00,94.0,2026-09-27,04:30:00,2026-09-28 05:05:28,27.150000000000034,Zone 4,59.66,Zone 5,26.77,Zone 4,57.29,Zone 5,33.5,Zone 4,61.88,Zone 5,45.28,Zone 5,64.34,Zone 5,59.66,Zone 5,66.24,Zone 5
Arunachal Pradesh,Namsai,Namsai Kvk,27.7804,95.9747,24.8,2026-09-28,05:00:00,100.0,2026-09-27,05:00:00,2026-09-28 05:05:28,27.55000000000001,Zone 4,60.9,Zone 5,27.22,Zone 4,59.79,Zone 5,34.38,Zone 4,62.96,Zone 5,51.33,Zone 5,65.28,Zone 5,60.9,Zone 5,67.07,Zone 5
Arunachal Pradesh,Papumpare,Itanagar,27.076,93.6043,25.5,2026-09-28,05:00:00,100.0,2026-09-27,05:00:00,2026-09-28 05:05:28,29.05000000000001,Zone 4,61.78,Zone 5,28.23,Zone 4,60.7,Zone 5,35.61,Zone 4,63.73,Zone 5,55.54,Zone 5,65.94,Zone 5,61.78,Zone 5,67.65,Zone 5
Arunachal Pradesh,Papumpare,Yupia,27.1389,93.7169,27.2,2026-09-28,04:45:00,97.0,2026-09-27,04:45:00,2026-09-28 05:05:28,32.650000000000034,Zone 4,63.8,Zone 5,31.31,Zone 4,62.77,Zone 5,45.55,Zone 5,65.49,Zone 5,60.47,Zone 5,67.47,Zone 5,63.8,Zone 5,68.99,Zone 5
Arunachal Pradesh,Shiyomi,Lamang 2,,,,,,97.0,2026-09-27,04:30:00,2026-09-28 05:05:28,,,,,,,,,,,,,,,,,,,,
Arunachal Pradesh,Siang,Pangin Circle,28.2162,94.9955,23.5,2026-09-28,05:00:00,98.0,2026-09-27,05:00:00,2026-09-28 05:05:28,25.25,Zone 3,54.88,Zone 5,24.76,Zone 3,50.18,Zone 5,30.99,Zone 4,60.34,Zone 5,37.63,Zone 5,63.01,Zone 5,54.88,Zone 5,65.07,Zone 5
Arunachal Pradesh,Tawang,Domane,,,,,,39.0,2026-09-27,04:30:00,2026-09-28 05:05:28,,,,,,,,,,,,,,,,,,,,
Arunachal Pradesh,Tirap,Deomali,27.1919,95.4636,24.4,2026-09-28,04:45:00,100.0,2026-09-27,04:45:00,2026-09-28 05:05:28,26.850000000000023,Zone 4,60.03,Zone 5,26.29,Zone 4,58.62,Zone 5,33.24,Zone 4,62.19,Zone 5,47.04,Zone 5,64.61,Zone 5,60.03,Zone 5,66.49,Zone 5
Arunachal Pradesh,Tirap,Longding,26.8869,95.3219,22.5,2026-09-28,05:00:00,,,,2026-09-28 05:05:28,,,,,,,,,,,,,,,,,,,,
Arunachal Pradesh,Upper Siang,Tenali,29.0796,95.1171,14.7,2026-09-28,04:30:00,99.0,2026-09-27,04:30:00,2026-09-28 05:05:28,14.850000000000023,Zone 3,28.4,Zone 4,13.67,Zone 2,27.68,Zone 4,20.94,Zone 3,31.79,Zone 4,24.63,Zone 3,35.68,Zone 4,28.4,Zone 4,44.81,Zone 5
Arunachal Pradesh,Upper Siang,Yingkiong,28.64,95.0228,25.9,2026-09-28,05:00:00,6.0,2026-09-27,05:00:00,2026-09-28 05:05:28,23.55000000000001,Zone 3,34.18,Zone 4,22.92,Zone 3,33.78,Zone 4,27.69,Zone 4,36.86,Zone 4,31.03,Zone 4,39.76,Zone 4,34.18,Zone 4,42.58,Zone 4
Arunachal Pradesh,Upper Subhanseri,Daporijo,27.9883,94.22,25.8,2026-09-28,05:00:00,95.0,2026-09-27,05:00:00,2026-09-28 05:05:28,29.150000000000034,Zone 4,61.6,Zone 5,28.77,Zone 4,60.51,Zone 5,35.97,Zone 4,63.57,Zone 5,54.69,Zone 5,65.81,Zone 5,61.6,Zone 5,67.53,Zone 5
Arunachal Pradesh,West Kameng,Bomdila,27.2645,92.4159,20.9,2026-09-28,04:45:00,,,,2026-09-28 05:05:28,,,,,,,,,,,,,,,,,,,,
Arunachal Pradesh,West Kameng,Dirang,27.36,92.2439,21.2,2026-09-28,04:45:00,100.0,2026-09-27,05:00:00,2026-09-28 05:05:28,22.850000000000023,Zone 3,39.6,Zone 5,22.01,Zone 3,36.25,Zone 4,27.05,Zone 4,51.26,Zone 5,32.45,Zone 4,60.09,Zone 5,39.6,Zone 5,62.5,Zone 5
Arunachal Pradesh,West Kameng,Dirang,27.3813,92.2319,17.0,2026-09-28,05:00:00,100.0,2026-09-27,05:00:00,2026-09-28 05:05:28,17.850000000000023,Zone 3,31.4,Zone 4,16.95,Zone 3,30.48,Zone 4,23.12,Zone 3,34.88,Zone 4,26.92,Zone 4,43.77,Zone 5,31.4,Zone 4,55.81,Zone 5
Arunachal Pradesh,West Kameng,Kalaktang,27.1042,92.1205,19.4,2026-09-28,04:45:00,48.0,2026-09-27,04:45:00,2026-09-28 05:05:28,18.150000000000034,Zone 3,31.4,Zone 4,17.37,Zone 3,30.81,Zone 4,23.79,Zone 3,34.48,Zone 4,27.63,Zone 4,37.94,Zone 4,31.4,Zone 4,41.73,Zone 5
Arunachal Pradesh,West Siang,Along,,,,,,100.0,2026-09-27,04:45:00,2026-09-28 05:05:28,,,,,,,,,,,,,,,,,,,,
Arunachal Pradesh,West Siang,Yomcha,28.1297,94.5716,23.1,2026-09-28,05:00:00,100.0,2026-09-27,05:00:00,2026-09-28 05:05:28,24.850000000000023,Zone 3,53.01,Zone 5,24.29,Zone 3,48.21,Zone 5,30.26,Zone 4,59.93,Zone 5,36.15,Zone 4,62.65,Zone 5,53.01,Zone 5,64.76,Zone 5
Assam,Barpeta,Bajali University,26.5045,91.1854,26.4,2026-09-28,05:00:00,100.0,2026-09-27,05:00:00,2026-09-28 05:05:28,31.05000000000001,Zone 4,63.56,Zone 5,30.49,Zone 4,62.52,Zone 5,44.17,Zone 5,65.28,Zone 5,60.18,Zone 5,67.29,Zone 5,63.56,Zone 5,68.83,Zone 5
Assam,Barpeta,Barpeta,26.4689,90.9,26.4,2026-09-28,05:00:00,99.0,2026-09-27,05:00:00,2026-09-28 05:05:28,30.950000000000045,Zone 4,63.34,Zone 5,30.36,Zone 4,62.3,Zone 5,42.95,Zone 5,65.09,Zone 5,59.93,Zone 5,67.13,Zone 5,63.34,Zone 5,68.69,Zone 5
Assam,Barpeta,Barpeta Kvk,26.4421,90.9824,26.4,2026-09-28,05:00:00,100.0,2026-09-27,05:00:00,2026-09-28 05:05:28,31.05000000000001,Zone 4,63.56,Zone 5,30.49,Zone 4,62.52,Zone 5,44.17,Zone 5,65.28,Zone 5,60.18,Zone 5,67.29,Zone 5,63.56,Zone 5,68.83,Zone 5
Assam,Charaideo,Sonari Aegcl,27.0309,95.0531,24.8,2026-09-28,05:00:00,100.0,2026-09-27,05:00:00,2026-09-28 05:05:28,27.55000000000001,Zone 4,60.9,Zone 5,27.22,Zone 4,59.79,Zone 5,34.38,Zone 4,62.96,Zone 5,51.33,Zone 5,65.28,Zone 5,60.9,Zone 5,67.07,Zone 5
Assam,Chirang,Chirang,26.5296,90.5018,26.5,2026-09-28,05:00:00,,,,2026-09-28 05:05:28,,,,,,,,,,,,,,,,,,,,
Assam,Chirang,Kajalgaon,26.5225,90.4997,26.4,2026-09-28,05:00:00,94.0,2026-09-27,05:00:00,2026-09-28 05:05:28,30.25,Zone 4,62.25,Zone 5,29.72,Zone 4,61.18,Zone 5,37.32,Zone 5,64.14,Zone 5,57.64,Zone 5,66.3,Zone 5,62.25,Zone 5,67.97,Zone 5
Assam,Darrang,Dalgaon,26.5689,92.1958,25.8,2026-09-28,04:45:00,91.0,2026-09-27,04:45:00,2026-09-28 05:05:28,28.75,Zone 4,60.73,Zone 5,28.37,Zone 4,59.62,Zone 5,35.26,Zone 4,62.81,Zone 5,50.5,Zone 5,65.15,Zone 5,60.73,Zone 5,66.96,Zone 5
Assam,Darrang,Garukhuti,26.3184,91.8986,26.2,2026-09-28,05:00:00,,,,2026-09-28 05:05:28,,,,,,,,,,,,,,,,,,,,
Assam,Darrang,Mangaldai,26.4328,92.0283,24.2,2026-09-28,04:45:00,90.0,2026-09-27,04:45:00,2026-09-28 05:05:28,25.850000000000023,Zone 4,51.84,Zone 5,25.0,Zone 3,47.05,Zone 5,31.11,Zone 4,59.69,Zone 5,36.78,Zone 4,62.44,Zone 5,51.84,Zone 5,64.57,Zone 5
Assam,Dhemaji,Silapathar Science College,27.6071,94.7327,24.9,2026-09-28,05:00:00,100.0,2026-09-27,05:00:00,2026-09-28 05:05:28,27.75,Zone 4,60.9,Zone 5,27.22,Zone 4,59.79,Zone 5,34.38,Zone 4,62.96,Zone 5,51.33,Zone 5,65.28,Zone 5,60.9,Zone 5,67.07,Zone 5
Assam,Dhubri,Agomani,26.1969,89.7902,26.3,2026-09-28,05:00:00,,,,2026-09-28 05:05:28,,,,,,,,,,,,,,,,,,,,
Assam,Dhubri,Bn College,26.024,89.9697,26.7,2026-09-28,05:00:00,99.0,2026-09-27,05:00:00,2026-09-28 05:05:28,31.650000000000034,Zone 4,63.34,Zone 5,30.36,Zone 4,62.3,Zone 5,42.95,Zone 5,65.09,Zone 5,59.93,Zone 5,67.13,Zone 5,63.34,Zone 5,68.69,Zone 5
Assam,Dhubri,Gauripur Aegcl,26.094,89.9854,26.1,2026-09-28,05:00:00,,,,2026-09-28 05:05:28,,,,,,,,,,,,,,,,,,,,
Assam,Dibrugarh,Bcpl Dibrugarh,,,,,,24.0,2026-09-27,04:45:00,2026-09-28 05:05:28,,,,,,,,,,,,,,,,,,,,
Assam,Dibrugarh,Dc Ofc Dibrugarh,27.4667,94.9116,26.0,2026-09-28,04:45:00,25.0,2026-09-27,04:45:00,2026-09-28 05:05:28,24.950000000000045,Zone 3,35.95,Zone 4,24.27,Zone 3,35.35,Zone 4,28.71,Zone 4,38.79,Zone 4,32.44,Zone 4,42.04,Zone 4,35.95,Zone 4,47.96,Zone 5
Assam,Dibrugarh,Lahowal,,,,,,14.0,2026-09-27,05:00:00,2026-09-28 05:05:28,,,,,,,,,,,,,,,,,,,,
Assam,Dima Hasao,Haflong Aegcl,25.191,93.0181,23.1,2026-09-28,05:00:00,100.0,2026-09-27,05:00:00,2026-09-28 05:05:28,24.850000000000023,Zone 3,53.01,Zone 5,24.29,Zone 3,48.21,Zone 5,30.26,Zone 4,59.93,Zone 5,36.15,Zone 4,62.65,Zone 5,53.01,Zone 5,64.76,Zone 5
Assam,Dima Hasao,Lkhep,25.6657,92.7825,25.7,2026-09-28,04:45:00,100.0,2026-09-27,04:45:00,2026-09-28 05:05:28,29.450000000000045,Zone 4,61.78,Zone 5,28.23,Zone 4,60.7,Zone 5,35.61,Zone 4,63.73,Zone 5,55.54,Zone 5,65.94,Zone 5,61.78,Zone 5,67.65,Zone 5
Assam,Goalpara,Agia Aegcl,,,,,,66.0,2026-09-27,05:00:00,2026-09-28 05:05:28,,,,,,,,,,,,,,,,,,,,
Assam,Goalpara,Goalpara,26.1594,90.6292,25.5,2026-09-28,05:00:00,100.0,2026-09-27,05:00:00,2026-09-28 05:05:28,29.05000000000001,Zone 4,61.78,Zone 5,28.23,Zone 4,60.7,Zone 5,35.61,Zone 4,63.73,Zone 5,55.54,Zone 5,65.94,Zone 5,61.78,Zone 5,67.65,Zone 5
Assam,Golaghat,Cnb Collage Bokakhat,26.639,93.592,26.0,2026-09-28,05:00:00,100.0,2026-09-27,05:00:00,2026-09-28 05:05:28,30.150000000000034,Zone 4,62.67,Zone 5,29.31,Zone 4,61.61,Zone 5,39.34,Zone 5,64.5,Zone 5,59.12,Zone 5,66.62,Zone 5,62.67,Zone 5,68.24,Zone 5
Assam,Golaghat,Golaghat,26.5,93.9167,26.6,2026-09-28,04:45:00,88.0,2026-09-27,04:45:00,2026-09-28 05:05:28,29.950000000000045,Zone 4,60.92,Zone 5,29.05,Zone 4,59.82,Zone 5,35.9,Zone 4,62.98,Zone 5,51.43,Zone 5,65.29,Zone 5,60.92,Zone 5,67.08,Zone 5
Assam,Hailakandi,Algapur Circle,24.7543,92.5947,27.2,2026-09-28,05:00:00,100.0,2026-09-27,05:00:00,2026-09-28 05:05:28,33.25,Zone 4,64.46,Zone 5,31.79,Zone 4,63.45,Zone 5,49.51,Zone 5,66.07,Zone 5,61.26,Zone 5,67.97,Zone 5,64.46,Zone 5,69.54,Zone 6
Assam,Hailakandi,Panchgram Aegcl,24.8663,92.5938,26.4,2026-09-28,05:00:00,100.0,2026-09-27,05:00:00,2026-09-28 05:05:28,31.05000000000001,Zone 4,63.56,Zone 5,30.49,Zone 4,62.52,Zone 5,44.17,Zone 5,65.28,Zone 5,60.18,Zone 5,67.29,Zone 5,63.56,Zone 5,68.83,Zone 5
Assam,Hajoi,Lumding,25.75,93.1779,27.1,2026-09-28,04:45:00,89.0,2026-09-27,04:45:00,2026-09-28 05:05:28,31.150000000000034,Zone 4,62.0,Zone 5,30.2,Zone 4,60.92,Zone 5,37.32,Zone 4,63.92,Zone 5,56.53,Zone 5,66.11,Zone 5,62.0,Zone 5,67.8,Zone 5
Assam,Jorhat,Mariyani Aegcl,26.6318,94.3357,25.9,2026-09-28,05:00:00,100.0,2026-09-27,05:00:00,2026-09-28 05:05:28,29.850000000000023,Zone 4,62.67,Zone 5,29.31,Zone 4,61.61,Zone 5,39.34,Zone 5,64.5,Zone 5,59.12,Zone 5,66.62,Zone 5,62.67,Zone 5,68.24,Zone 5
Assam,Kamrup,Amingaon,26.1926,91.6736,26.9,2026-09-28,05:00:00,7.0,2026-09-27,05:00:00,2026-09-28 05:05:28,24.950000000000045,Zone 3,35.02,Zone 4,24.41,Zone 3,34.6,Zone 4,28.52,Zone 4,37.69,Zone 4,31.86,Zone 4,40.61,Zone 4,35.02,Zone 4,43.43,Zone 4
Assam,Kamrup,Boko Aegcl,26.0159,91.1833,25.1,2026-09-28,05:00:00,100.0,2026-09-27,05:00:00,2026-09-28 05:05:28,28.150000000000034,Zone 4,60.9,Zone 5,27.22,Zone 4,59.79,Zone 5,34.38,Zone 4,62.96,Zone 5,51.33,Zone 5,65.28,Zone 5,60.9,Zone 5,67.07,Zone 5
Assam,Kamrup,Chandubi,25.8733,91.4317,26.2,2026-09-28,05:00:00,,,,2026-09-28 05:05:28,,,,,,,,,,,,,,,,,,,,
Assam,Kamrup Metropolitan,Aau Hrs,26.103,91.611,26.2,2026-09-28,04:45:00,100.0,2026-09-27,04:45:00,2026-09-28 05:05:28,30.55000000000001,Zone 4,62.67,Zone 5,29.31,Zone 4,61.61,Zone 5,39.34,Zone 5,64.5,Zone 5,59.12,Zone 5,66.62,Zone 5,62.67,Zone 5,68.24,Zone 5
Assam,Kamrup Metropolitan,Down Town University,26.2036,91.8654,26.1,2026-09-28,05:00:00,100.0,2026-09-27,05:00:00,2026-09-28 05:05:28,30.350000000000023,Zone 4,62.67,Zone 5,29.31,Zone 4,61.61,Zone 5,39.34,Zone 5,64.5,Zone 5,59.12,Zone 5,66.62,Zone 5,62.67,Zone 5,68.24,Zone 5
Assam,Kamrup Metropolitan,Gauhati University,26.1521,91.6566,26.0,2026-09-28,04:45:00,,,,2026-09-28 05:05:28,,,,,,,,,,,,,,,,,,,,
Assam,Kamrup Metropolitan,Guwahati,26.1,91.5667,26.0,2026-09-28,04:45:00,92.0,2026-09-27,04:45:00,2026-09-28 05:05:28,29.25,Zone 4,60.95,Zone 5,28.47,Zone 4,59.85,Zone 5,35.43,Zone 4,63.0,Zone 5,51.57,Zone 5,65.32,Zone 5,60.95,Zone 5,67.1,Zone 5
Assam,Kamrup Metropolitan,Guwahati City,26.1642,91.7566,26.0,2026-09-28,05:00:00,100.0,2026-09-27,05:00:00,2026-09-28 05:05:28,30.150000000000034,Zone 4,62.67,Zone 5,29.31,Zone 4,61.61,Zone 5,39.34,Zone 5,64.5,Zone 5,59.12,Zone 5,66.62,Zone 5,62.67,Zone 5,68.24,Zone 5
Assam,Kamrup Metropolitan,Kalakshetra,26.1313,91.8237,27.2,2026-09-28,04:45:00,,,,2026-09-28 05:05:28,,,,,,,,,,,,,,,,,,,,
Assam,Kamrup Metropolitan,Kamakhya,26.1036,91.5896,26.4,2026-09-28,05:00:00,100.0,2026-09-27,05:00:00,2026-09-28 05:05:28,31.05000000000001,Zone 4,63.56,Zone 5,30.49,Zone 4,62.52,Zone 5,44.17,Zone 5,65.28,Zone 5,60.18,Zone 5,67.29,Zone 5,63.56,Zone 5,68.83,Zone 5
Assam,Kamrup Metropolitan,Vcbc Rani,,,,,,100.0,2026-09-27,04:45:00,2026-09-28 05:05:28,,,,,,,,,,,,,,,,,,,,
Assam,Karbi Anglong(East),Bakulia,26.0545,93.2009,27.1,2026-09-28,04:45:00,84.0,2026-09-27,04:45:00,2026-09-28 05:05:28,30.55000000000001,Zone 4,60.85,Zone 5,29.61,Zone 4,59.75,Zone 5,36.33,Zone 4,62.92,Zone 5,51.1,Zone 5,65.25,Zone 5,60.85,Zone 5,67.04,Zone 5
Assam,Karbi Anglong(East),Diphu,25.8363,93.4348,25.8,2026-09-28,04:45:00,100.0,2026-09-27,04:45:00,2026-09-28 05:05:28,29.650000000000034,Zone 4,62.67,Zone 5,29.31,Zone 4,61.61,Zone 5,39.34,Zone 5,64.5,Zone 5,59.12,Zone 5,66.62,Zone 5,62.67,Zone 5,68.24,Zone 5
Assam,Karbi Anglong(West),Habang Circle,25.7152,92.2087,20.6,2026-09-28,05:00:00,100.0,2026-09-27,05:00:00,2026-09-28 05:05:28,22.150000000000034,Zone 3,36.83,Zone 5,21.41,Zone 3,35.41,Zone 4,26.35,Zone 4,48.28,Zone 5,31.64,Zone 4,59.46,Zone 5,36.83,Zone 5,61.94,Zone 5
Assam,Karbi Anglong(West),Kheronighat,25.8495,92.8816,26.2,2026-09-28,04:45:00,89.0,2026-09-27,04:45:00,2026-09-28 05:05:28,29.25,Zone 4,60.29,Zone 5,28.19,Zone 4,59.18,Zone 5,34.93,Zone 4,62.43,Zone 5,48.35,Zone 5,64.82,Zone 5,60.29,Zone 5,66.67,Zone 5
Assam,Karbi Anglong(West),Umlapher,25.796,92.2356,21.9,2026-09-28,05:00:00,100.0,2026-09-27,05:00:00,2026-09-28 05:05:28,23.650000000000034,Zone 3,46.01,Zone 5,23.18,Zone 3,41.41,Zone 5,28.57,Zone 4,57.02,Zone 5,34.19,Zone 4,61.36,Zone 5,46.01,Zone 5,63.62,Zone 5
Assam,Karbi Anglong(West),Umpanai Apdcl,,,,,,47.0,2026-09-27,05:00:00,2026-09-28 05:05:28,,,,,,,,,,,,,,,,,,,,
Assam,Karimganj,Harinagar,,,,,,13.0,2026-09-27,04:45:00,2026-09-28 05:05:28,,,,,,,,,,,,,,,,,,,,
Assam,Kokrajhar,Salakati Aegcl,26.4407,90.368,26.4,2026-09-28,05:00:00,100.0,2026-09-27,05:00:00,2026-09-28 05:05:28,31.05000000000001,Zone 4,63.56,Zone 5,30.49,Zone 4,62.52,Zone 5,44.17,Zone 5,65.28,Zone 5,60.18,Zone 5,67.29,Zone 5,63.56,Zone 5,68.83,Zone 5
Assam,Lakhimpur,Lakhimpur,27.2808,94.1103,25.4,2026-09-28,05:00:00,100.0,2026-09-27,05:00:00,2026-09-28 05:05:28,28.75,Zone 4,61.78,Zone 5,28.23,Zone 4,60.7,Zone 5,35.61,Zone 4,63.73,Zone 5,55.54,Zone 5,65.94,Zone 5,61.78,Zone 5,67.65,Zone 5
Assam,Majuli,Majuli,26.9778,94.1445,25.8,2026-09-28,05:00:00,100.0,2026-09-27,05:00:00,2026-09-28 05:05:28,29.650000000000034,Zone 4,62.67,Zone 5,29.31,Zone 4,61.61,Zone 5,39.34,Zone 5,64.5,Zone 5,59.12,Zone 5,66.62,Zone 5,62.67,Zone 5,68.24,Zone 5
Assam,Marigaon,Dharamtul,26.1689,92.3569,27.2,2026-09-28,04:45:00,100.0,2026-09-27,04:45:00,2026-09-28 05:05:28,33.25,Zone 4,64.46,Zone 5,31.79,Zone 4,63.45,Zone 5,49.51,Zone 5,66.07,Zone 5,61.26,Zone 5,67.97,Zone 5,64.46,Zone 5,69.54,Zone 6
Assam,Marigaon,Laharighat,26.42,92.33,26.9,2026-09-28,04:45:00,90.0,2026-09-27,04:45:00,2026-09-28 05:05:28,30.850000000000023,Zone 4,62.23,Zone 5,30.33,Zone 4,61.16,Zone 5,37.53,Zone 4,64.12,Zone 5,57.53,Zone 5,66.28,Zone 5,62.23,Zone 5,67.95,Zone 5
Assam,Nagaon,Kampur,26.1625,92.6646,23.3,2026-09-28,04:45:00,,,,2026-09-28 05:05:28,,,,,,,,,,,,,,,,,,,,
Assam,Nagaon,Samaguri Aegcl,26.4055,92.843,26.2,2026-09-28,05:00:00,100.0,2026-09-27,05:00:00,2026-09-28 05:05:28,30.55000000000001,Zone 4,62.67,Zone 5,29.31,Zone 4,61.61,Zone 5,39.34,Zone 5,64.5,Zone 5,59.12,Zone 5,66.62,Zone 5,62.67,Zone 5,68.24,Zone 5
Assam,Nalbari,Nalbari,26.4446,91.4411,30.5,2026-09-28,04:45:00,96.0,2026-09-27,04:45:00,2026-09-28 05:05:28,60.05000000000001,Zone 5,70.33,Zone 6,59.41,Zone 5,69.11,Zone 5,64.63,Zone 5,72.47,Zone 6,67.76,Zone 5,75.94,Zone 6,70.33,Zone 6,79.37,Zone 6
Assam,Nalbari,Nalbari Kvk,26.4707,91.4285,26.3,2026-09-28,05:00:00,100.0,2026-09-27,05:00:00,2026-09-28 05:05:28,30.850000000000023,Zone 4,63.56,Zone 5,30.49,Zone 4,62.52,Zone 5,44.17,Zone 5,65.28,Zone 5,60.18,Zone 5,67.29,Zone 5,63.56,Zone 5,68.83,Zone 5
Assam,Nalbari,Tihu,26.47,91.26,26.9,2026-09-28,04:45:00,90.0,2026-09-27,04:45:00,2026-09-28 05:05:28,30.850000000000023,Zone 4,62.23,Zone 5,30.33,Zone 4,61.16,Zone 5,37.53,Zone 4,64.12,Zone 5,57.53,Zone 5,66.28,Zone 5,62.23,Zone 5,67.95,Zone 5
Assam,Sivasagar,Sivsagar Aegcl,27.0212,94.6722,26.4,2026-09-28,05:00:00,100.0,2026-09-27,05:00:00,2026-09-28 05:05:28,31.05000000000001,Zone 4,63.56,Zone 5,30.49,Zone 4,62.52,Zone 5,44.17,Zone 5,65.28,Zone 5,60.18,Zone 5,67.29,Zone 5,63.56,Zone 5,68.83,Zone 5
Assam,Sonitpur,Dhekiajuli Aegcl,26.6928,92.3765,26.6,2026-09-28,05:00:00,100.0,2026-09-27,05:00:00,2026-09-28 05:05:28,31.55000000000001,Zone 4,63.56,Zone 5,30.49,Zone 4,62.52,Zone 5,44.17,Zone 5,65.28,Zone 5,60.18,Zone 5,67.29,Zone 5,63.56,Zone 5,68.83,Zone 5
Assam,Sonitpur,Ghoramara Aegcl,26.7622,92.7604,26.1,2026-09-28,05:00:00,100.0,2026-09-27,05:00:00,2026-09-28 05:05:28,30.350000000000023,Zone 4,62.67,Zone 5,29.31,Zone 4,61.61,Zone 5,39.34,Zone 5,64.5,Zone 5,59.12,Zone 5,66.62,Zone 5,62.67,Zone 5,68.24,Zone 5
Assam,Tamulpur,Mushalpur,26.6594,91.3409,26.5,2026-09-28,05:00:00,99.0,2026-09-27,05:00:00,2026-09-28 05:05:28,31.150000000000034,Zone 4,63.34,Zone 5,30.36,Zone 4,62.3,Zone 5,42.95,Zone 5,65.09,Zone 5,59.93,Zone 5,67.13,Zone 5,63.34,Zone 5,68.69,Zone 5
Assam,Tinsukia,Margherita,27.2954,95.6564,25.4,2026-09-28,05:00:00,100.0,2026-09-27,05:00:00,2026-09-28 05:05:28,28.75,Zone 4,61.78,Zone 5,28.23,Zone 4,60.7,Zone 5,35.61,Zone 4,63.73,Zone 5,55.54,Zone 5,65.94,Zone 5,61.78,Zone 5,67.65,Zone 5
Assam,Tinsukia,Ntps Apdcl,27.1791,95.3749,25.0,2026-09-28,05:00:00,100.0,2026-09-27,05:00:00,2026-09-28 05:05:28,27.950000000000045,Zone 4,60.9,Zone 5,27.22,Zone 4,59.79,Zone 5,34.38,Zone 4,62.96,Zone 5,51.33,Zone 5,65.28,Zone 5,60.9,Zone 5,67.07,Zone 5
Assam,Tinsukia,Rupai Aegcl,27.5989,95.566,25.7,2026-09-28,05:00:00,100.0,2026-09-27,05:00:00,2026-09-28 05:05:28,29.450000000000045,Zone 4,61.78,Zone 5,28.23,Zone 4,60.7,Zone 5,35.61,Zone 4,63.73,Zone 5,55.54,Zone 5,65.94,Zone 5,61.78,Zone 5,67.65,Zone 5
Assam,Udalguri,Rowta Aegcl,26.7224,92.1909,26.3,2026-09-28,05:00:00,100.0,2026-09-27,05:00:00,2026-09-28 05:05:28,30.850000000000023,Zone 4,63.56,Zone 5,30.49,Zone 4,62.52,Zone 5,44.17,Zone 5,65.28,Zone 5,60.18,Zone 5,67.29,Zone 5,63.56,Zone 5,68.83,Zone 5
Assam,Udalguri,Tangla,26.6589,91.91,26.3,2026-09-28,04:45:00,100.0,2026-09-27,04:45:00,2026-09-28 05:05:28,30.850000000000023,Zone 4,63.56,Zone 5,30.49,Zone 4,62.52,Zone 5,44.17,Zone 5,65.28,Zone 5,60.18,Zone 5,67.29,Zone 5,63.56,Zone 5,68.83,Zone 5
Assam,Udalguri,Udalguri,26.7322,92.0939,26.4,2026-09-28,04:45:00,100.0,2026-09-27,04:45:00,2026-09-28 05:05:28,31.05000000000001,Zone 4,63.56,Zone 5,30.49,Zone 4,62.52,Zone 5,44.17,Zone 5,65.28,Zone 5,60.18,Zone 5,67.29,Zone 5,63.56,Zone 5,68.83,Zone 5
Assam,Udalguri,Udi Kvk,26.6531,92.1803,25.4,2026-09-28,05:00:00,,,,2026-09-28 05:05:28,,,,,,,,,,,,,,,,,,,,
Bihar,Araria,Araria Kvk,26.1183,87.4492,25.4,2026-09-28,05:00:00,100.0,2026-09-27,05:00:00,2026-09-28 05:05:28,28.75,Zone 4,61.78,Zone 5,28.23,Zone 4,60.7,Zone 5,35.61,Zone 4,63.73,Zone 5,55.54,Zone 5,65.94,Zone 5,61.78,Zone 5,67.65,Zone 5
Bihar,Arwal,Arwal Aws400,25.1495,84.5135,22.7,2026-09-28,05:00:00,100.0,2026-09-27,05:00:00,2026-09-28 05:05:28,24.450000000000045,Zone 3,49.49,Zone 5,23.74,Zone 3,44.71,Zone 5,29.39,Zone 4,59.19,Zone 5,35.14,Zone 4,62.0,Zone 5,49.49,Zone 5,64.19,Zone 5
Bihar,Aurangabad,Aurangabad Kvk,24.8373,84.2844,23.8,2026-09-28,05:00:00,100.0,2026-09-27,05:00:00,2026-09-28 05:05:28,25.75,Zone 4,59.15,Zone 5,25.42,Zone 4,55.33,Zone 5,32.18,Zone 4,61.44,Zone 5,42.93,Zone 5,63.96,Zone 5,59.15,Zone 5,65.91,Zone 5
Bihar,Buxar,Dumaraon,25.5333,84.1592,22.3,2026-09-28,05:00:00,100.0,2026-09-27,05:00:00,2026-09-28 05:05:28,24.05000000000001,Zone 3,49.49,Zone 5,23.74,Zone 3,44.71,Zone 5,29.39,Zone 4,59.19,Zone 5,35.14,Zone 4,62.0,Zone 5,49.49,Zone 5,64.19,Zone 5
Bihar,Darbhanga,Darbhanga Aws400,26.1642,85.9004,24.7,2026-09-28,05:00:00,100.0,2026-09-27,05:00:00,2026-09-28 05:05:28,27.350000000000023,Zone 4,60.03,Zone 5,26.29,Zone 4,58.62,Zone 5,33.24,Zone 4,62.19,Zone 5,47.04,Zone 5,64.61,Zone 5,60.03,Zone 5,66.49,Zone 5
Bihar,Gaya,Bodhgaya,24.6837,84.9635,23.5,2026-09-28,05:00:00,100.0,2026-09-27,05:00:00,2026-09-28 05:05:28,25.25,Zone 3,56.39,Zone 5,24.83,Zone 3,51.81,Zone 5,31.19,Zone 4,60.68,Zone 5,39.18,Zone 5,63.3,Zone 5,56.39,Zone 5,65.33,Zone 5
Bihar,Jehanabad,Jehanabad,25.18143,85.13712,25.0,2026-09-28,04:45:00,100.0,2026-09-27,04:45:00,2026-09-28 05:05:28,27.950000000000045,Zone 4,60.9,Zone 5,27.22,Zone 4,59.79,Zone 5,34.38,Zone 4,62.96,Zone 5,51.33,Zone 5,65.28,Zone 5,60.9,Zone 5,67.07,Zone 5
Bihar,Kaimur,Bhabua,25.0481,83.6139,30.1,2026-09-28,04:45:00,94.0,2026-09-27,04:45:00,2026-09-28 05:05:28,54.35000000000002,Zone 5,68.47,Zone 5,49.91,Zone 5,67.63,Zone 5,62.53,Zone 5,69.87,Zone 6,66.08,Zone 5,73.34,Zone 6,68.47,Zone 5,76.78,Zone 6
Bihar,Kishanganj,Arrabari,26.275,88.035,25.3,2026-09-28,05:00:00,100.0,2026-09-27,05:00:00,2026-09-28 05:05:28,28.55000000000001,Zone 4,61.78,Zone 5,28.23,Zone 4,60.7,Zone 5,35.61,Zone 4,63.73,Zone 5,55.54,Zone 5,65.94,Zone 5,61.78,Zone 5,67.65,Zone 5
Bihar,Madhepura,Madhepura,25.9184,86.8043,25.2,2026-09-28,05:00:00,100.0,2026-09-27,05:00:00,2026-09-28 05:05:28,28.350000000000023,Zone 4,60.9,Zone 5,27.22,Zone 4,59.79,Zone 5,34.38,Zone 4,62.96,Zone 5,51.33,Zone 5,65.28,Zone 5,60.9,Zone 5,67.07,Zone 5
Bihar,Madhubani,Chanpur Basaitha,26.42,85.82,24.6,2026-09-28,04:15:00,,,,2026-09-28 05:05:28,,,,,,,,,,,,,,,,,,,,
Bihar,Madhubani,Sukhet,26.2644,86.3199,24.6,2026-09-28,05:00:00,100.0,2026-09-27,05:00:00,2026-09-28 05:05:28,27.25,Zone 4,60.03,Zone 5,26.29,Zone 4,58.62,Zone 5,33.24,Zone 4,62.19,Zone 5,47.04,Zone 5,64.61,Zone 5,60.03,Zone 5,66.49,Zone 5
Bihar,Munger,Kvk Munger,25.3706,86.4997,24.4,2026-09-28,05:00:00,,,,2026-09-28 05:05:28,,,,,,,,,,,,,,,,,,,,
Bihar,Nalanda,Rajgir,25.0119,85.3755,24.6,2026-09-28,05:00:00,100.0,2026-09-27,05:00:00,2026-09-28 05:05:28,27.25,Zone 4,60.03,Zone 5,26.29,Zone 4,58.62,Zone 5,33.24,Zone 4,62.19,Zone 5,47.04,Zone 5,64.61,Zone 5,60.03,Zone 5,66.49,Zone 5
Bihar,Patna,Baldwin Academy,25.5634,85.2214,26.9,2026-09-28,04:45:00,93.0,2026-09-27,04:45:00,2026-09-28 05:05:28,31.25,Zone 4,62.9,Zone 5,30.73,Zone 4,61.85,Zone 5,40.55,Zone 5,64.71,Zone 5,59.4,Zone 5,66.79,Zone 5,62.9,Zone 5,68.4,Zone 5
Bihar,Patna,Iit Patna,25.538424,84.845999,22.7,2026-09-28,04:45:00,100.0,2026-09-27,04:45:00,2026-09-28 05:05:28,24.450000000000045,Zone 3,49.49,Zone 5,23.74,Zone 3,44.71,Zone 5,29.39,Zone 4,59.19,Zone 5,35.14,Zone 4,62.0,Zone 5,49.49,Zone 5,64.19,Zone 5
Bihar,Patna,Kvk Barh,25.4542,85.7213,24.6,2026-09-28,05:00:00,100.0,2026-09-27,05:00:00,2026-09-28 05:05:28,27.25,Zone 4,60.03,Zone 5,26.29,Zone 4,58.62,Zone 5,33.24,Zone 4,62.19,Zone 5,47.04,Zone 5,64.61,Zone 5,60.03,Zone 5,66.49,Zone 5
Bihar,Rohtas,Bikramganj,25.2225,84.24,23.1,2026-09-28,05:00:00,100.0,2026-09-27,05:00:00,2026-09-28 05:05:28,24.850000000000023,Zone 3,53.01,Zone 5,24.29,Zone 3,48.21,Zone 5,30.26,Zone 4,59.93,Zone 5,36.15,Zone 4,62.65,Zone 5,53.01,Zone 5,64.76,Zone 5
Bihar,Rohtas,Dehri,24.8895,84.1715,33.5,2026-09-28,04:45:00,96.0,2026-09-27,04:45:00,2026-09-28 05:05:28,70.95000000000005,Zone 5,81.24,Zone 6,70.61,Zone 6,79.64,Zone 6,74.23,Zone 6,83.17,Zone 6,77.75,Zone 6,86.61,Zone 6,81.24,Zone 6,90.01,Zone 6
Bihar,Saharsa,Agwanpur Aws400,25.9288,86.5597,26.0,2026-09-28,05:00:00,100.0,2026-09-27,05:00:00,2026-09-28 05:05:28,30.150000000000034,Zone 4,62.67,Zone 5,29.31,Zone 4,61.61,Zone 5,39.34,Zone 5,64.5,Zone 5,59.12,Zone 5,66.62,Zone 5,62.67,Zone 5,68.24,Zone 5
Bihar,Samastipur,Pusa Aws400,25.9793,85.6771,24.6,2026-09-28,05:00:00,100.0,2026-09-27,05:00:00,2026-09-28 05:05:28,27.25,Zone 4,60.03,Zone 5,26.29,Zone 4,58.62,Zone 5,33.24,Zone 4,62.19,Zone 5,47.04,Zone 5,64.61,Zone 5,60.03,Zone 5,66.49,Zone 5
Bihar,Saran,Manjhi,25.8419,84.5898,25.0,2026-09-28,05:00:00,72.0,2026-09-27,05:00:00,2026-09-28 05:05:28,26.05000000000001,Zone 4,42.76,Zone 5,25.44,Zone 4,39.65,Zone 4,31.03,Zone 4,54.32,Zone 5,36.1,Zone 4,60.75,Zone 5,42.76,Zone 5,63.08,Zone 5
Bihar,Sheikpura,Sheikpura Kvk,25.0739,85.851,25.4,2026-09-28,05:00:00,,,,2026-09-28 05:05:28,,,,,,,,,,,,,,,,,,,,
Bihar,Siwan,Ziradei,26.1484,84.2689,23.8,2026-09-28,05:00:00,100.0,2026-09-27,05:00:00,2026-09-28 05:05:28,25.75,Zone 4,59.15,Zone 5,25.42,Zone 4,55.33,Zone 5,32.18,Zone 4,61.44,Zone 5,42.93,Zone 5,63.96,Zone 5,59.15,Zone 5,65.91,Zone 5
Bihar,Supaul,Supaul Aws400,26.3047,86.8382,24.7,2026-09-28,05:00:00,100.0,2026-09-27,05:00:00,2026-09-28 05:05:28,27.350000000000023,Zone 4,60.03,Zone 5,26.29,Zone 4,58.62,Zone 5,33.24,Zone 4,62.19,Zone 5,47.04,Zone 5,64.61,Zone 5,60.03,Zone 5,66.49,Zone 5
Bihar,Vaishali,Vaishali,25.7373,85.2498,24.9,2026-09-28,04:45:00,100.0,2026-09-27,04:45:00,2026-09-28 05:05:28,27.75,Zone 4,60.9,Zone 5,27.22,Zone 4,59.79,Zone 5,34.38,Zone 4,62.96,Zone 5,51.33,Zone 5,65.28,Zone 5,60.9,Zone 5,67.07,Zone 5
Chandigarh,Chandigarh,Chandigarh,30.6833,76.8333,22.6,2026-09-28,05:00:00,,,,2026-09-28 05:05:28,,,,,,,,,,,,,,,,,,,,
Chandigarh,Chandigarh,Dav School,30.7347,76.806,22.7,2026-09-28,05:00:00,91.0,2026-09-27,05:00:00,2026-09-28 05:05:28,24.150000000000034,Zone 3,42.61,Zone 5,23.38,Zone 3,38.37,Zone 5,28.74,Zone 4,54.15,Zone 5,34.12,Zone 4,60.71,Zone 5,42.61,Zone 5,63.05,Zone 5
Chhattisgarh,Balod,Balod Aws400,20.7057,81.23,24.7,2026-09-28,05:00:00,100.0,2026-09-27,05:00:00,2026-09-28 05:05:28,27.350000000000023,Zone 4,60.03,Zone 5,26.29,Zone 4,58.62,Zone 5,33.24,Zone 4,62.19,Zone 5,47.04,Zone 5,64.61,Zone 5,60.03,Zone 5,66.49,Zone 5
Chhattisgarh,Balrampur,Balrampur,23.6022,83.6093,21.6,2026-09-28,04:45:00,94.0,2026-09-27,04:45:00,2026-09-28 05:05:28,23.05000000000001,Zone 3,38.72,Zone 5,22.34,Zone 3,36.48,Zone 4,27.45,Zone 4,50.36,Zone 5,32.74,Zone 4,59.89,Zone 5,38.72,Zone 5,62.33,Zone 5
Chhattisgarh,Balrampur,Balrampur Aws400,23.6026,83.6098,20.6,2026-09-28,05:00:00,100.0,2026-09-27,05:00:00,2026-09-28 05:05:28,22.150000000000034,Zone 3,36.83,Zone 5,21.41,Zone 3,35.41,Zone 4,26.35,Zone 4,48.28,Zone 5,31.64,Zone 4,59.46,Zone 5,36.83,Zone 5,61.94,Zone 5
Chhattisgarh,Bemetara,Bemetara,21.7014,81.5474,23.5,2026-09-28,05:00:00,100.0,2026-09-27,05:00:00,2026-09-28 05:05:28,25.25,Zone 3,56.39,Zone 5,24.83,Zone 3,51.81,Zone 5,31.19,Zone 4,60.68,Zone 5,39.18,Zone 5,63.3,Zone 5,56.39,Zone 5,65.33,Zone 5
Chhattisgarh,Bilaspur,Bilaspur,22.106,82.1426,23.3,2026-09-28,04:45:00,98.0,2026-09-27,04:45:00,2026-09-28 05:05:28,25.05000000000001,Zone 3,54.88,Zone 5,24.76,Zone 3,50.18,Zone 5,30.99,Zone 4,60.34,Zone 5,37.63,Zone 5,63.01,Zone 5,54.88,Zone 5,65.07,Zone 5
Chhattisgarh,Gariaband,Gariaband,20.6321,82.0606,24.4,2026-09-28,04:45:00,,,,2026-09-28 05:05:28,,,,,,,,,,,,,,,,,,,,
Chhattisgarh,Janjgir Champa,Janjgir,22.01,82.6004,24.8,2026-09-28,04:45:00,36.0,2026-09-27,04:45:00,2026-09-28 05:05:28,24.05000000000001,Zone 3,36.09,Zone 4,23.65,Zone 3,35.4,Zone 4,28.4,Zone 4,39.05,Zone 4,32.36,Zone 4,42.5,Zone 4,36.09,Zone 4,52.79,Zone 5
Chhattisgarh,Janjgir Champa,Nawagarh,21.8339,82.6411,24.3,2026-09-28,04:45:00,100.0,2026-09-27,04:45:00,2026-09-28 05:05:28,26.650000000000034,Zone 4,60.03,Zone 5,26.29,Zone 4,58.62,Zone 5,33.24,Zone 4,62.19,Zone 5,47.04,Zone 5,64.61,Zone 5,60.03,Zone 5,66.49,Zone 5
Chhattisgarh,Janjgir Champa,Sakti,22.0242,82.9583,23.5,2026-09-28,04:45:00,100.0,2026-09-27,04:45:00,2026-09-28 05:05:28,25.25,Zone 3,56.39,Zone 5,24.83,Zone 3,51.81,Zone 5,31.19,Zone 4,60.68,Zone 5,39.18,Zone 5,63.3,Zone 5,56.39,Zone 5,65.33,Zone 5
Chhattisgarh,Jashpur,Pathalgaon,22.55,83.48,21.8,2026-09-28,04:45:00,100.0,2026-09-27,04:45:00,2026-09-28 05:05:28,23.55000000000001,Zone 3,46.01,Zone 5,23.18,Zone 3,41.41,Zone 5,28.57,Zone 4,57.02,Zone 5,34.19,Zone 4,61.36,Zone 5,46.01,Zone 5,63.62,Zone 5
Chhattisgarh,Kabirdham,Chilpi,,,,,,58.0,2026-09-27,04:45:00,2026-09-28 05:05:28,,,,,,,,,,,,,,,,,,,,
Chhattisgarh,Kabirdham,Kawardha,22.0103,81.2204,22.6,2026-09-28,04:45:00,100.0,2026-09-27,04:45:00,2026-09-28 05:05:28,24.350000000000023,Zone 3,49.49,Zone 5,23.74,Zone 3,44.71,Zone 5,29.39,Zone 4,59.19,Zone 5,35.14,Zone 4,62.0,Zone 5,49.49,Zone 5,64.19,Zone 5
Chhattisgarh,Korba,Lakhanpur Kvk,22.472,82.5232,22.1,2026-09-28,05:00:00,46.0,2026-09-27,05:00:00,2026-09-28 05:05:28,21.350000000000023,Zone 3,33.81,Zone 4,20.45,Zone 3,33.13,Zone 4,25.89,Zone 4,36.87,Zone 4,29.98,Zone 4,40.4,Zone 4,33.81,Zone 4,49.02,Zone 5
Chhattisgarh,Mahasamund,Pithora,21.2193,82.5092,23.0,2026-09-28,04:45:00,89.0,2026-09-27,04:45:00,2026-09-28 05:05:28,24.350000000000023,Zone 3,44.28,Zone 5,23.86,Zone 3,39.86,Zone 5,29.37,Zone 4,55.62,Zone 5,34.77,Zone 4,61.04,Zone 5,44.28,Zone 5,63.34,Zone 5
Chhattisgarh,Mungeli,Lormi,22.2711,81.6869,23.5,2026-09-28,04:45:00,100.0,2026-09-27,04:45:00,2026-09-28 05:05:28,25.25,Zone 3,56.39,Zone 5,24.83,Zone 3,51.81,Zone 5,31.19,Zone 4,60.68,Zone 5,39.18,Zone 5,63.3,Zone 5,56.39,Zone 5,65.33,Zone 5
Chhattisgarh,Pendra Road,Pendra Road,22.7595,81.8993,21.0,2026-09-28,05:00:00,98.0,2026-09-27,05:00:00,2026-09-28 05:05:28,22.55000000000001,Zone 3,38.38,Zone 5,21.92,Zone 3,36.05,Zone 4,26.95,Zone 4,49.99,Zone 5,32.28,Zone 4,59.82,Zone 5,38.38,Zone 5,62.26,Zone 5
Chhattisgarh,Raigarh,Raigarh,21.8897,83.4052,24.5,2026-09-28,04:45:00,100.0,2026-09-27,04:45:00,2026-09-28 05:05:28,27.05000000000001,Zone 4,60.03,Zone 5,26.29,Zone 4,58.62,Zone 5,33.24,Zone 4,62.19,Zone 5,47.04,Zone 5,64.61,Zone 5,60.03,Zone 5,66.49,Zone 5
Chhattisgarh,Raipur,Naya Raipur,21.1592,81.803,24.9,2026-09-28,04:45:00,,,,2026-09-28 05:05:28,,,,,,,,,,,,,,,,,,,,
Chhattisgarh,Raipur,Raipur,21.2115,81.6596,24.8,2026-09-28,05:00:00,100.0,2026-09-27,05:00:00,2026-09-28 05:05:28,27.55000000000001,Zone 4,60.9,Zone 5,27.22,Zone 4,59.79,Zone 5,34.38,Zone 4,62.96,Zone 5,51.33,Zone 5,65.28,Zone 5,60.9,Zone 5,67.07,Zone 5
Chhattisgarh,Rajnandgaon,Rajnandgaon,21.1007,81.0326,24.5,2026-09-28,04:45:00,98.0,2026-09-27,04:45:00,2026-09-28 05:05:28,26.850000000000023,Zone 4,59.62,Zone 5,26.16,Zone 4,57.14,Zone 5,32.97,Zone 4,61.84,Zone 5,45.1,Zone 5,64.31,Zone 5,59.62,Zone 5,66.22,Zone 5
Chhattisgarh,Surajpur,Surajpur Aws400,23.2137,82.8687,20.9,2026-09-28,05:00:00,87.0,2026-09-27,05:00:00,2026-09-28 05:05:28,21.950000000000045,Zone 3,36.13,Zone 4,21.42,Zone 3,35.02,Zone 4,26.43,Zone 4,43.06,Zone 5,31.42,Zone 4,56.49,Zone 5,36.13,Zone 4,60.93,Zone 5
Dadra And Nagar Haveli,Dadar Nagar,Silvassa,20.2703,73.0049,24.4,2026-09-28,05:00:00,100.0,2026-09-27,05:00:00,2026-09-28 05:05:28,26.850000000000023,Zone 4,60.03,Zone 5,26.29,Zone 4,58.62,Zone 5,33.24,Zone 4,62.19,Zone 5,47.04,Zone 5,64.61,Zone 5,60.03,Zone 5,66.49,Zone 5
Daman And Diu,Daman,Daman Aws,20.4,72.8331,24.2,2026-09-28,04:45:00,99.0,2026-09-27,04:45:00,2026-09-28 05:05:28,26.450000000000045,Zone 4,58.82,Zone 5,25.36,Zone 4,54.54,Zone 5,32.06,Zone 4,61.26,Zone 5,42.03,Zone 5,63.81,Zone 5,58.82,Zone 5,65.78,Zone 5
Daman And Diu,Diu,Diu,20.72,70.9167,25.4,2026-09-28,04:45:00,91.0,2026-09-27,04:45:00,2026-09-28 05:05:28,27.950000000000045,Zone 4,59.88,Zone 5,27.44,Zone 4,58.1,Zone 5,34.15,Zone 4,62.07,Zone 5,46.33,Zone 5,64.51,Zone 5,59.88,Zone 5,66.39,Zone 5
Delhi,East Delhi,Salwan Public School,28.6127,77.3075,23.2,2026-09-28,04:45:00,99.0,2026-09-27,04:45:00,2026-09-28 05:05:28,24.950000000000045,Zone 3,52.23,Zone 5,24.26,Zone 3,47.42,Zone 5,30.17,Zone 4,59.77,Zone 5,36.02,Zone 4,62.5,Zone 5,52.23,Zone 5,64.63,Zone 5
Delhi,New Delhi,Pragati Maidan,28.6284,77.2431,23.4,2026-09-28,04:45:00,67.0,2026-09-27,04:45:00,2026-09-28 05:05:28,23.950000000000045,Zone 3,37.72,Zone 4,23.47,Zone 3,36.68,Zone 4,28.57,Zone 4,42.62,Zone 5,33.27,Zone 4,56.1,Zone 5,37.72,Zone 4,60.84,Zone 5
Delhi,North West Delhi,Mungeshpur,28.8084,76.9697,31.1,2026-09-28,05:00:00,95.0,2026-09-27,05:00:00,2026-09-28 05:05:28,61.75,Zone 5,71.61,Zone 6,60.73,Zone 5,70.17,Zone 6,65.63,Zone 5,73.72,Zone 6,68.57,Zone 5,77.19,Zone 6,71.61,Zone 6,80.62,Zone 6
Delhi,North West Delhi,Pitampura,28.7042,77.1504,24.9,2026-09-28,04:45:00,,,,2026-09-28 05:05:28,,,,,,,,,,,,,,,,,,,,
Delhi,South Delhi,Lodi Road,28.5885,77.2224,23.7,2026-09-28,04:45:00,,,,2026-09-28 05:05:28,,,,,,,,,,,,,,,,,,,,
Delhi,South Delhi,Pharma Science And Research Un,28.5168,77.2234,23.1,2026-09-28,05:00:00,97.0,2026-09-27,05:00:00,2026-09-28 05:05:28,24.75,Zone 3,50.65,Zone 5,24.18,Zone 3,45.84,Zone 5,30.0,Zone 4,59.44,Zone 5,35.75,Zone 4,62.21,Zone 5,50.65,Zone 5,64.37,Zone 5
Delhi,South West Delhi,Ayanagar,28.4837,77.1271,21.7,2026-09-28,04:45:00,87.0,2026-09-27,04:45:00,2026-09-28 05:05:28,22.850000000000023,Zone 3,36.93,Zone 4,22.02,Zone 3,35.77,Zone 4,27.08,Zone 4,45.76,Zone 5,32.15,Zone 4,58.67,Zone 5,36.93,Zone 4,61.46,Zone 5
Delhi,South West Delhi,Jafarpur,28.5938,76.9093,21.8,2026-09-28,05:00:00,,,,2026-09-28 05:05:28,,,,,,,,,,,,,,,,,,,,
Delhi,South West Delhi,Kvk Crpf Campus,28.6322,76.9547,22.4,2026-09-28,05:00:00,100.0,2026-09-27,05:00:00,2026-09-28 05:05:28,24.150000000000034,Zone 3,49.49,Zone 5,23.74,Zone 3,44.71,Zone 5,29.39,Zone 4,59.19,Zone 5,35.14,Zone 4,62.0,Zone 5,49.49,Zone 5,64.19,Zone 5
Delhi,South West Delhi,Kv Narayna,28.6155,77.1367,22.4,2026-09-28,05:00:00,95.0,2026-09-27,05:00:00,2026-09-28 05:05:28,23.950000000000045,Zone 3,45.62,Zone 5,23.54,Zone 3,41.07,Zone 5,29.02,Zone 4,56.72,Zone 5,34.56,Zone 4,61.29,Zone 5,45.62,Zone 5,63.56,Zone 5
Delhi,South West Delhi,Najafgarh,28.6357,77.0005,22.2,2026-09-28,04:45:00,100.0,2026-09-27,04:45:00,2026-09-28 05:05:28,23.950000000000045,Zone 3,46.01,Zone 5,23.18,Zone 3,41.41,Zone 5,28.57,Zone 4,57.02,Zone 5,34.19,Zone 4,61.36,Zone 5,46.01,Zone 5,63.62,Zone 5
Delhi,West Delhi,Kv Janakpuri,28.6178,77.0858,23.5,2026-09-28,05:00:00,100.0,2026-09-27,05:00:00,2026-09-28 05:05:28,25.25,Zone 3,56.39,Zone 5,24.83,Zone 3,51.81,Zone 5,31.19,Zone 4,60.68,Zone 5,39.18,Zone 5,63.3,Zone 5,56.39,Zone 5,65.33,Zone 5
Goa,North Goa,Goa State Biodiversity Board,15.5345,73.7916,24.0,2026-09-28,04:45:00,99.0,2026-09-27,04:45:00,2026-09-28 05:05:28,26.05000000000001,Zone 4,58.82,Zone 5,25.36,Zone 4,54.54,Zone 5,32.06,Zone 4,61.26,Zone 5,42.03,Zone 5,63.81,Zone 5,58.82,Zone 5,65.78,Zone 5
Goa,North Goa,Mopa Airport,15.7342,73.8602,23.8,2026-09-28,05:00:00,100.0,2026-09-27,05:00:00,2026-09-28 05:05:28,25.75,Zone 4,59.15,Zone 5,25.42,Zone 4,55.33,Zone 5,32.18,Zone 4,61.44,Zone 5,42.93,Zone 5,63.96,Zone 5,59.15,Zone 5,65.91,Zone 5
Goa,North Goa,Pernem,15.71,73.79,23.9,2026-09-28,04:45:00,,,,2026-09-28 05:05:28,,,,,,,,,,,,,,,,,,,,
Goa,Panaji,Altinho Imdoffice,15.492,73.8252,24.0,2026-09-28,05:00:00,88.0,2026-09-27,05:00:00,2026-09-28 05:05:28,25.450000000000045,Zone 4,50.16,Zone 5,24.93,Zone 3,45.38,Zone 5,30.92,Zone 4,59.34,Zone 5,36.5,Zone 4,62.13,Zone 5,50.16,Zone 5,64.3,Zone 5
Gujarat,Ahmedabad,Ahmedabad,23.07,72.6167,27.4,2026-09-28,04:45:00,78.0,2026-09-27,04:45:00,2026-09-28 05:05:28,30.350000000000023,Zone 4,60.27,Zone 5,29.89,Zone 4,59.16,Zone 5,36.33,Zone 4,62.41,Zone 5,48.23,Zone 5,64.8,Zone 5,60.27,Zone 5,66.65,Zone 5
Gujarat,Ahmedabad,Dhorela,22.2586,72.185,24.0,2026-09-28,05:00:00,100.0,2026-09-27,05:00:00,2026-09-28 05:05:28,26.150000000000034,Zone 4,59.15,Zone 5,25.42,Zone 4,55.33,Zone 5,32.18,Zone 4,61.44,Zone 5,42.93,Zone 5,63.96,Zone 5,59.15,Zone 5,65.91,Zone 5
Gujarat,Ahmedabad,Science City,23.0808,72.4943,25.5,2026-09-28,05:00:00,100.0,2026-09-27,05:00:00,2026-09-28 05:05:28,29.05000000000001,Zone 4,61.78,Zone 5,28.23,Zone 4,60.7,Zone 5,35.61,Zone 4,63.73,Zone 5,55.54,Zone 5,65.94,Zone 5,61.78,Zone 5,67.65,Zone 5
Gujarat,Amreli,Dhari Aws400,21.344,71.0193,22.7,2026-09-28,05:00:00,100.0,2026-09-27,05:00:00,2026-09-28 05:05:28,24.450000000000045,Zone 3,49.49,Zone 5,23.74,Zone 3,44.71,Zone 5,29.39,Zone 4,59.19,Zone 5,35.14,Zone 4,62.0,Zone 5,49.49,Zone 5,64.19,Zone 5
Gujarat,Amreli,Jafrabad,,,,,,93.0,2026-09-27,04:45:00,2026-09-28 05:05:28,,,,,,,,,,,,,,,,,,,,
Gujarat,Anand,Khambhat Aws400,22.3404,72.6401,24.2,2026-09-28,04:45:00,100.0,2026-09-27,04:45:00,2026-09-28 05:05:28,26.450000000000045,Zone 4,59.15,Zone 5,25.42,Zone 4,55.33,Zone 5,32.18,Zone 4,61.44,Zone 5,42.93,Zone 5,63.96,Zone 5,59.15,Zone 5,65.91,Zone 5
Gujarat,Arawali,Modasa,23.4643,73.2988,25.2,2026-09-28,04:30:00,100.0,2026-09-27,04:30:00,2026-09-28 05:05:28,28.350000000000023,Zone 4,60.9,Zone 5,27.22,Zone 4,59.79,Zone 5,34.38,Zone 4,62.96,Zone 5,51.33,Zone 5,65.28,Zone 5,60.9,Zone 5,67.07,Zone 5
Gujarat,Banaskantha,Ambaji Temple,24.331,72.8517,23.7,2026-09-28,05:00:00,100.0,2026-09-27,05:00:00,2026-09-28 05:05:28,25.650000000000034,Zone 4,56.39,Zone 5,24.83,Zone 3,51.81,Zone 5,31.19,Zone 4,60.68,Zone 5,39.18,Zone 5,63.3,Zone 5,56.39,Zone 5,65.33,Zone 5
Gujarat,Banaskantha,Tharad Aws400,24.4033,71.5849,23.6,2026-09-28,05:00:00,89.0,2026-09-27,05:00:00,2026-09-28 05:05:28,25.05000000000001,Zone 3,47.59,Zone 5,24.42,Zone 3,42.91,Zone 5,30.17,Zone 4,58.26,Zone 5,35.68,Zone 4,61.66,Zone 5,47.59,Zone 5,63.88,Zone 5
Gujarat,Bharuch,Hansot Aws400,21.5822,72.8164,24.4,2026-09-28,05:00:00,100.0,2026-09-27,05:00:00,2026-09-28 05:05:28,26.850000000000023,Zone 4,60.03,Zone 5,26.29,Zone 4,58.62,Zone 5,33.24,Zone 4,62.19,Zone 5,47.04,Zone 5,64.61,Zone 5,60.03,Zone 5,66.49,Zone 5
Gujarat,Bhavnagar,Bhavnagar,21.7851,72.0793,23.7,2026-09-28,05:00:00,100.0,2026-09-27,05:00:00,2026-09-28 05:05:28,25.650000000000034,Zone 4,56.39,Zone 5,24.83,Zone 3,51.81,Zone 5,31.19,Zone 4,60.68,Zone 5,39.18,Zone 5,63.3,Zone 5,56.39,Zone 5,65.33,Zone 5
Gujarat,Bhavnagar,Talaja Aws400,21.3646,72.0261,23.0,2026-09-28,05:00:00,100.0,2026-09-27,05:00:00,2026-09-28 05:05:28,24.75,Zone 3,53.01,Zone 5,24.29,Zone 3,48.21,Zone 5,30.26,Zone 4,59.93,Zone 5,36.15,Zone 4,62.65,Zone 5,53.01,Zone 5,64.76,Zone 5
Gujarat,Dang,Dang Kvk,20.776,73.5063,22.2,2026-09-28,05:00:00,100.0,2026-09-27,05:00:00,2026-09-28 05:05:28,23.950000000000045,Zone 3,46.01,Zone 5,23.18,Zone 3,41.41,Zone 5,28.57,Zone 4,57.02,Zone 5,34.19,Zone 4,61.36,Zone 5,46.01,Zone 5,63.62,Zone 5
Gujarat,Dwarka,Dwarka,22.2403,68.9597,26.1,2026-09-28,05:00:00,98.0,2026-09-27,05:00:00,2026-09-28 05:05:28,30.05000000000001,Zone 4,62.24,Zone 5,29.09,Zone 4,61.17,Zone 5,37.27,Zone 5,64.13,Zone 5,57.6,Zone 5,66.29,Zone 5,62.24,Zone 5,67.96,Zone 5
Gujarat,Gandhinagar,Gandhinagar,23.27,72.65,25.8,2026-09-28,04:45:00,71.0,2026-09-27,04:45:00,2026-09-28 05:05:28,27.150000000000034,Zone 4,48.03,Zone 5,26.8,Zone 4,43.36,Zone 5,32.49,Zone 4,58.61,Zone 5,37.69,Zone 4,61.74,Zone 5,48.03,Zone 5,63.96,Zone 5
Gujarat,Gir Somnath,Veraval   Aws400,20.9076,70.3571,26.7,2026-09-28,05:00:00,93.0,2026-09-27,05:00:00,2026-09-28 05:05:28,30.850000000000023,Zone 4,62.03,Zone 5,29.6,Zone 4,60.96,Zone 5,36.86,Zone 4,63.95,Zone 5,56.67,Zone 5,66.14,Zone 5,62.03,Zone 5,67.82,Zone 5
Gujarat,Kachchh,Bachau Amfu,23.3031,70.36,25.6,2026-09-28,04:45:00,99.0,2026-09-27,04:45:00,2026-09-28 05:05:28,29.150000000000034,Zone 4,61.57,Zone 5,28.13,Zone 4,60.48,Zone 5,35.43,Zone 4,63.54,Zone 5,54.56,Zone 5,65.79,Zone 5,61.57,Zone 5,67.51,Zone 5
Gujarat,Kachchh,Kandla,23.15,70.2167,27.2,2026-09-28,04:45:00,86.0,2026-09-27,04:45:00,2026-09-28 05:05:28,30.950000000000045,Zone 4,61.32,Zone 5,29.83,Zone 4,60.22,Zone 5,36.71,Zone 4,63.32,Zone 5,53.34,Zone 5,65.59,Zone 5,61.32,Zone 5,67.35,Zone 5
Gujarat,Kachchh,Mundra,22.8237,69.7225,26.7,2026-09-28,05:00:00,88.0,2026-09-27,05:00:00,2026-09-28 05:05:28,30.150000000000034,Zone 4,60.92,Zone 5,29.05,Zone 4,59.82,Zone 5,35.9,Zone 4,62.98,Zone 5,51.43,Zone 5,65.29,Zone 5,60.92,Zone 5,67.08,Zone 5
Gujarat,Kachchh,Rapar,23.5507,70.6429,24.4,2026-09-28,05:00:00,100.0,2026-09-27,05:00:00,2026-09-28 05:05:28,26.850000000000023,Zone 4,60.03,Zone 5,26.29,Zone 4,58.62,Zone 5,33.24,Zone 4,62.19,Zone 5,47.04,Zone 5,64.61,Zone 5,60.03,Zone 5,66.49,Zone 5
Gujarat,Mahesana,Jagudan,23.5119,72.4023,25.4,2026-09-28,04:45:00,96.0,2026-09-27,04:45:00,2026-09-28 05:05:28,28.450000000000045,Zone 4,60.94,Zone 5,27.86,Zone 4,59.84,Zone 5,34.92,Zone 4,62.99,Zone 5,51.53,Zone 5,65.31,Zone 5,60.94,Zone 5,67.1,Zone 5
Gujarat,Mahisagar,Lunavada,23.1267,73.603,25.2,2026-09-28,05:00:00,100.0,2026-09-27,05:00:00,2026-09-28 05:05:28,28.350000000000023,Zone 4,60.9,Zone 5,27.22,Zone 4,59.79,Zone 5,34.38,Zone 4,62.96,Zone 5,51.33,Zone 5,65.28,Zone 5,60.9,Zone 5,67.07,Zone 5
Gujarat,Morbi,Halwad,23.0096,71.1891,25.1,2026-09-28,05:00:00,93.0,2026-09-27,05:00:00,2026-09-28 05:05:28,27.55000000000001,Zone 4,59.45,Zone 5,26.7,Zone 4,56.49,Zone 5,33.37,Zone 4,61.69,Zone 5,44.29,Zone 5,64.18,Zone 5,59.45,Zone 5,66.1,Zone 5
Gujarat,Patan,Radhanpur,23.8335,71.5867,25.0,2026-09-28,05:00:00,100.0,2026-09-27,05:00:00,2026-09-28 05:05:28,27.950000000000045,Zone 4,60.9,Zone 5,27.22,Zone 4,59.79,Zone 5,34.38,Zone 4,62.96,Zone 5,51.33,Zone 5,65.28,Zone 5,60.9,Zone 5,67.07,Zone 5
Gujarat,Porbandar,Porbandar,21.6423,69.6626,25.3,2026-09-28,05:00:00,100.0,2026-09-27,05:00:00,2026-09-28 05:05:28,28.55000000000001,Zone 4,61.78,Zone 5,28.23,Zone 4,60.7,Zone 5,35.61,Zone 4,63.73,Zone 5,55.54,Zone 5,65.94,Zone 5,61.78,Zone 5,67.65,Zone 5
Gujarat,Sabarkantha,Bayad,23.21,73.21,25.6,2026-09-28,04:45:00,,,,2026-09-28 05:05:28,,,,,,,,,,,,,,,,,,,,
Gujarat,Sabarkantha,Himatnagar,23.5865,72.949,9.7,2026-09-28,05:00:00,100.0,2026-09-27,05:00:00,2026-09-28 05:05:28,9.75,Zone 2,24.36,Zone 3,8.5,Zone 2,24.08,Zone 3,16.39,Zone 3,26.97,Zone 4,21.41,Zone 3,30.49,Zone 4,24.36,Zone 3,33.92,Zone 4
Gujarat,Surat,Surat,21.1439,72.75,28.1,2026-09-28,04:45:00,95.0,2026-09-27,04:45:00,2026-09-28 05:05:28,34.85000000000002,Zone 4,65.12,Zone 5,33.68,Zone 4,64.14,Zone 5,53.52,Zone 5,66.65,Zone 5,62.05,Zone 5,68.47,Zone 5,65.12,Zone 5,70.72,Zone 6
Gujarat,Surat,Surat Kvk,21.1677,72.8032,25.4,2026-09-28,05:00:00,,,,2026-09-28 05:05:28,,,,,,,,,,,,,,,,,,,,
Gujarat,Surendranagar,Surendranagar,22.73,71.62,23.9,2026-09-28,04:45:00,99.0,2026-09-27,04:45:00,2026-09-28 05:05:28,25.950000000000045,Zone 4,58.82,Zone 5,25.36,Zone 4,54.54,Zone 5,32.06,Zone 4,61.26,Zone 5,42.03,Zone 5,63.81,Zone 5,58.82,Zone 5,65.78,Zone 5
Gujarat,Tapi,Vyara Aws400,21.1024,73.3939,23.5,2026-09-28,05:00:00,100.0,2026-09-27,05:00:00,2026-09-28 05:05:28,25.25,Zone 3,56.39,Zone 5,24.83,Zone 3,51.81,Zone 5,31.19,Zone 4,60.68,Zone 5,39.18,Zone 5,63.3,Zone 5,56.39,Zone 5,65.33,Zone 5
Gujarat,Vadodara,Vadodara Aws400,22.3114,73.1826,26.2,2026-09-28,05:00:00,90.0,2026-09-27,05:00:00,2026-09-28 05:05:28,29.350000000000023,Zone 4,60.51,Zone 5,28.28,Zone 4,59.4,Zone 5,35.1,Zone 4,62.62,Zone 5,49.43,Zone 5,64.99,Zone 5,60.51,Zone 5,66.81,Zone 5
Haryana,Bhiwani,Bhiwani,28.8,76.13,22.3,2026-09-28,05:00:00,99.0,2026-09-27,05:00:00,2026-09-28 05:05:28,24.05000000000001,Zone 3,48.72,Zone 5,23.7,Zone 3,43.96,Zone 5,29.31,Zone 4,59.03,Zone 5,35.02,Zone 4,61.86,Zone 5,48.72,Zone 5,64.06,Zone 5
Haryana,Charkhi Dadri,Revenue Office Aws400,28.5921,76.2653,23.9,2026-09-28,05:00:00,98.0,2026-09-27,05:00:00,2026-09-28 05:05:28,25.850000000000023,Zone 4,58.11,Zone 5,25.29,Zone 3,53.74,Zone 5,31.95,Zone 4,61.09,Zone 5,41.16,Zone 5,63.66,Zone 5,58.11,Zone 5,65.64,Zone 5
Haryana,Faridabad,Faridabad,28.37,77.27,23.8,2026-09-28,04:45:00,89.0,2026-09-27,04:45:00,2026-09-28 05:05:28,25.25,Zone 3,51.0,Zone 5,24.97,Zone 3,46.21,Zone 5,31.01,Zone 4,59.51,Zone 5,36.64,Zone 4,62.28,Zone 5,51.0,Zone 5,64.43,Zone 5
Haryana,Fatehabad,Fatehabad,29.31,75.2833,21.0,2026-09-28,05:00:00,99.0,2026-09-27,05:00:00,2026-09-28 05:05:28,22.55000000000001,Zone 3,38.98,Zone 5,21.96,Zone 3,36.15,Zone 4,27.0,Zone 4,50.63,Zone 5,32.36,Zone 4,59.95,Zone 5,38.98,Zone 5,62.38,Zone 5
Haryana,Gurgaon,Gurgaon,28.42,77.0,20.8,2026-09-28,04:45:00,99.0,2026-09-27,04:45:00,2026-09-28 05:05:28,22.350000000000023,Zone 3,38.98,Zone 5,21.96,Zone 3,36.15,Zone 4,27.0,Zone 4,50.63,Zone 5,32.36,Zone 4,59.95,Zone 5,38.98,Zone 5,62.38,Zone 5
Haryana,Gurgaon,Gurgaon Kvk,28.372,76.9881,21.5,2026-09-28,05:00:00,95.0,2026-09-27,05:00:00,2026-09-28 05:05:28,22.950000000000045,Zone 3,39.35,Zone 5,22.38,Zone 3,36.59,Zone 4,27.5,Zone 4,51.01,Zone 5,32.83,Zone 4,60.03,Zone 5,39.35,Zone 5,62.45,Zone 5
Haryana,Gurgaon,Northcap University,28.5029,77.0511,23.1,2026-09-28,05:00:00,95.0,2026-09-27,05:00:00,2026-09-28 05:05:28,24.75,Zone 3,49.05,Zone 5,24.1,Zone 3,44.28,Zone 5,29.84,Zone 4,59.1,Zone 5,35.5,Zone 4,61.92,Zone 5,49.05,Zone 5,64.12,Zone 5
Haryana,Hisar,Balasmand,29.0716,75.4898,21.2,2026-09-28,05:00:00,100.0,2026-09-27,05:00:00,2026-09-28 05:05:28,22.850000000000023,Zone 3,39.6,Zone 5,22.01,Zone 3,36.25,Zone 4,27.05,Zone 4,51.26,Zone 5,32.45,Zone 4,60.09,Zone 5,39.6,Zone 5,62.5,Zone 5
Haryana,Kaithal,Kaithal,29.78,76.4,22.3,2026-09-28,05:00:00,99.0,2026-09-27,05:00:00,2026-09-28 05:05:28,24.05000000000001,Zone 3,48.72,Zone 5,23.7,Zone 3,43.96,Zone 5,29.31,Zone 4,59.03,Zone 5,35.02,Zone 4,61.86,Zone 5,48.72,Zone 5,64.06,Zone 5
Haryana,Karnal,Indri Rest House,29.8829,77.0504,22.3,2026-09-28,05:00:00,,,,2026-09-28 05:05:28,,,,,,,,,,,,,,,,,,,,
Haryana,Karnal,Karnal,29.42,76.57,22.1,2026-09-28,04:45:00,,,,2026-09-28 05:05:28,,,,,,,,,,,,,,,,,,,,
Haryana,Karnal,Uchani,29.68,77.0,23.7,2026-09-28,04:45:00,,,,2026-09-28 05:05:28,,,,,,,,,,,,,,,,,,,,
Haryana,Kurukshetra,Kurukshetra,29.58,76.51,22.5,2026-09-28,04:45:00,100.0,2026-09-27,04:45:00,2026-09-28 05:05:28,24.25,Zone 3,49.49,Zone 5,23.74,Zone 3,44.71,Zone 5,29.39,Zone 4,59.19,Zone 5,35.14,Zone 4,62.0,Zone 5,49.49,Zone 5,64.19,Zone 5
Haryana,Kurukshetra,Pehowa,29.98,76.57,22.0,2026-09-28,05:00:00,,,,2026-09-28 05:05:28,,,,,,,,,,,,,,,,,,,,
Haryana,Mahendragarh,Mahendragarh Aws,28.1,76.1,21.7,2026-09-28,04:45:00,99.0,2026-09-27,04:45:00,2026-09-28 05:05:28,23.350000000000023,Zone 3,41.99,Zone 5,22.56,Zone 3,37.82,Zone 5,27.73,Zone 4,53.58,Zone 5,33.2,Zone 4,60.58,Zone 5,41.99,Zone 5,62.94,Zone 5
Haryana,Mewat,Mandkola,28.1,77.0,21.1,2026-09-28,05:00:00,18.0,2026-09-27,05:00:00,2026-09-28 05:05:28,18.350000000000023,Zone 3,31.13,Zone 4,17.29,Zone 3,30.72,Zone 4,24.1,Zone 3,33.98,Zone 4,27.78,Zone 4,37.05,Zone 4,31.13,Zone 4,40.01,Zone 4
Haryana,Mewat,Nuh,28.84,76.9967,23.2,2026-09-28,04:45:00,,,,2026-09-28 05:05:28,,,,,,,,,,,,,,,,,,,,
Haryana,Palwal,Palwal Water Service Division,28.1082,77.3312,22.6,2026-09-28,05:00:00,92.0,2026-09-27,05:00:00,2026-09-28 05:05:28,24.05000000000001,Zone 3,43.35,Zone 5,23.42,Zone 3,39.03,Zone 5,28.81,Zone 4,54.81,Zone 5,34.23,Zone 4,60.86,Zone 5,43.35,Zone 5,63.18,Zone 5
Haryana,Panchkula,Panchkula,30.67,76.98,22.5,2026-09-28,04:45:00,100.0,2026-09-27,04:45:00,2026-09-28 05:05:28,24.25,Zone 3,49.49,Zone 5,23.74,Zone 3,44.71,Zone 5,29.39,Zone 4,59.19,Zone 5,35.14,Zone 4,62.0,Zone 5,49.49,Zone 5,64.19,Zone 5
Haryana,Panipat,Ujha,29.38,77.0,22.3,2026-09-28,05:00:00,94.0,2026-09-27,05:00:00,2026-09-28 05:05:28,23.850000000000023,Zone 3,44.85,Zone 5,23.5,Zone 3,40.37,Zone 5,28.95,Zone 4,56.09,Zone 5,34.45,Zone 4,61.14,Zone 5,44.85,Zone 5,63.43,Zone 5
Haryana,Rewari,Bawal,28.08,76.59,21.1,2026-09-28,05:00:00,99.0,2026-09-27,05:00:00,2026-09-28 05:05:28,22.650000000000034,Zone 3,38.98,Zone 5,21.96,Zone 3,36.15,Zone 4,27.0,Zone 4,50.63,Zone 5,32.36,Zone 4,59.95,Zone 5,38.98,Zone 5,62.38,Zone 5
Haryana,Rohtak,Canal Rest House,28.7785,76.7758,22.6,2026-09-28,05:00:00,59.0,2026-09-27,05:00:00,2026-09-28 05:05:28,22.650000000000034,Zone 3,35.49,Zone 4,21.84,Zone 3,34.64,Zone 4,26.95,Zone 4,38.69,Zone 4,31.35,Zone 4,46.53,Zone 5,35.49,Zone 4,58.08,Zone 5
Haryana,Rohtak,Rohtak,28.88,76.62,22.5,2026-09-28,04:45:00,99.0,2026-09-27,04:45:00,2026-09-28 05:05:28,24.25,Zone 3,48.72,Zone 5,23.7,Zone 3,43.96,Zone 5,29.31,Zone 4,59.03,Zone 5,35.02,Zone 4,61.86,Zone 5,48.72,Zone 5,64.06,Zone 5
Haryana,Sirsa,Sirsa,29.54,75.04,22.3,2026-09-28,05:00:00,100.0,2026-09-27,05:00:00,2026-09-28 05:05:28,24.05000000000001,Zone 3,49.49,Zone 5,23.74,Zone 3,44.71,Zone 5,29.39,Zone 4,59.19,Zone 5,35.14,Zone 4,62.0,Zone 5,49.49,Zone 5,64.19,Zone 5
Haryana,Sonipat,Canal Resthouse Saragthal,,,,,,67.0,2026-09-27,05:00:00,2026-09-28 05:05:28,,,,,,,,,,,,,,,,,,,,
Haryana,Sonipat,Jagdishpur,30.48,77.1,22.5,2026-09-28,04:45:00,,,,2026-09-28 05:05:28,,,,,,,,,,,,,,,,,,,,
Haryana,Yamunanagar,Damla,30.1,77.28,21.5,2026-09-28,04:45:00,100.0,2026-09-27,04:45:00,2026-09-28 05:05:28,23.150000000000034,Zone 3,42.68,Zone 5,22.6,Zone 3,38.42,Zone 5,27.79,Zone 4,54.2,Zone 5,33.3,Zone 4,60.72,Zone 5,42.68,Zone 5,63.06,Zone 5
Haryana,Yamunanagar,Hathinkundberaj,30.3159,77.5824,20.6,2026-09-28,05:00:00,100.0,2026-09-27,05:00:00,2026-09-28 05:05:28,22.150000000000034,Zone 3,36.83,Zone 5,21.41,Zone 3,35.41,Zone 4,26.35,Zone 4,48.28,Zone 5,31.64,Zone 4,59.46,Zone 5,36.83,Zone 5,61.94,Zone 5
Himachal Pradesh,Bilaspur,Bilaspur Kvk,31.414,76.649,19.8,2026-09-28,05:00:00,100.0,2026-09-27,05:00:00,2026-09-28 05:05:28,21.25,Zone 3,35.8,Zone 4,20.79,Zone 3,34.6,Zone 4,25.68,Zone 4,45.37,Zone 5,30.87,Zone 4,58.37,Zone 5,35.8,Zone 4,61.39,Zone 5
Himachal Pradesh,Chamba,Udaipur,32.5894,76.1022,18.9,2026-09-28,04:30:00,99.0,2026-09-27,04:30:00,2026-09-28 05:05:28,20.150000000000034,Zone 3,34.12,Zone 4,19.5,Zone 3,33.04,Zone 4,24.71,Zone 3,39.5,Zone 5,29.39,Zone 4,53.16,Zone 5,34.12,Zone 4,60.18,Zone 5
Himachal Pradesh,Hamirpur,Hamirpur Neri,31.4152,76.2803,19.3,2026-09-28,05:00:00,100.0,2026-09-27,05:00:00,2026-09-28 05:05:28,20.650000000000034,Zone 3,34.98,Zone 4,20.17,Zone 3,33.84,Zone 4,25.12,Zone 3,42.59,Zone 5,30.14,Zone 4,56.08,Zone 5,34.98,Zone 4,60.84,Zone 5
Himachal Pradesh,Kangra,Malan,32.115,76.415,17.5,2026-09-28,04:45:00,,,,2026-09-28 05:05:28,,,,,,,,,,,,,,,,,,,,
Himachal Pradesh,Kangra,Palampur Amfu,32.0978,76.5483,18.1,2026-09-28,05:00:00,,,,2026-09-28 05:05:28,,,,,,,,,,,,,,,,,,,,
Himachal Pradesh,Kinnaur,Kalpa,31.54,78.25,7.2,2026-09-28,04:30:00,34.0,2026-09-27,04:30:00,2026-09-28 05:05:28,5.350000000000023,Zone 2,22.38,Zone 3,4.0,Zone 2,22.24,Zone 3,12.78,Zone 2,24.7,Zone 3,18.65,Zone 3,27.37,Zone 4,22.38,Zone 3,30.3,Zone 4
Himachal Pradesh,Kinnaur,Pooh,31.7608,78.5829,7.1,2026-09-28,04:30:00,30.0,2026-09-27,04:30:00,2026-09-28 05:05:28,5.150000000000034,Zone 2,22.34,Zone 3,3.88,Zone 2,22.21,Zone 3,12.7,Zone 2,24.68,Zone 3,18.58,Zone 3,27.32,Zone 4,22.34,Zone 3,30.23,Zone 4
Himachal Pradesh,Kinnaur,Sangla,,,,,,45.0,2026-09-27,04:30:00,2026-09-28 05:05:28,,,,,,,,,,,,,,,,,,,,
Himachal Pradesh,Kullu,Bajaura,31.8456,77.1642,17.0,2026-09-28,05:00:00,,,,2026-09-28 05:05:28,,,,,,,,,,,,,,,,,,,,
Himachal Pradesh,Lahaul And Spiti,Tabo,32.0915,78.3851,5.8,2026-09-28,05:00:00,97.0,2026-09-27,05:00:00,2026-09-28 05:05:28,5.75,Zone 2,22.52,Zone 3,4.78,Zone 2,22.28,Zone 3,13.25,Zone 2,24.68,Zone 3,18.96,Zone 3,27.48,Zone 4,22.52,Zone 3,30.71,Zone 4
Himachal Pradesh,Mandi,Sundernagar,31.53,76.9,18.1,2026-09-28,04:30:00,,,,2026-09-28 05:05:28,,,,,,,,,,,,,,,,,,,,
Himachal Pradesh,Mandi,Sundernagar Kvk,32.56,76.12,18.1,2026-09-28,05:00:00,100.0,2026-09-27,05:00:00,2026-09-28 05:05:28,19.150000000000034,Zone 3,32.74,Zone 4,18.26,Zone 3,31.74,Zone 4,23.94,Zone 3,36.28,Zone 4,28.13,Zone 4,48.64,Zone 5,32.74,Zone 4,59.21,Zone 5
Himachal Pradesh,Shimla,Fagu,31.08,77.3,9.0,2026-09-28,04:30:00,,,,2026-09-28 05:05:28,,,,,,,,,,,,,,,,,,,,
Himachal Pradesh,Shimla,Shimala Cpri,31.0958,77.1717,13.1,2026-09-28,04:45:00,83.0,2026-09-27,04:45:00,2026-09-28 05:05:28,12.550000000000011,Zone 2,26.47,Zone 4,11.53,Zone 2,25.93,Zone 4,19.17,Zone 3,29.72,Zone 4,23.44,Zone 3,33.31,Zone 4,26.47,Zone 4,36.78,Zone 4
Himachal Pradesh,Solan,Majhouli,31.02,76.64,22.1,2026-09-28,04:45:00,99.0,2026-09-27,04:45:00,2026-09-28 05:05:28,23.75,Zone 3,45.26,Zone 5,23.14,Zone 3,40.73,Zone 5,28.5,Zone 4,56.42,Zone 5,34.09,Zone 4,61.22,Zone 5,45.26,Zone 5,63.5,Zone 5
Himachal Pradesh,Solan,Ramshar,31.0888,76.7935,18.0,2026-09-28,05:00:00,,,,2026-09-28 05:05:28,,,,,,,,,,,,,,,,,,,,
Jammu And Kashmir,Anantnag,Anantnag,33.6692,75.1719,12.5,2026-09-28,04:30:00,100.0,2026-09-27,04:30:00,2026-09-28 05:05:28,12.550000000000011,Zone 2,26.39,Zone 4,11.62,Zone 2,25.79,Zone 4,19.17,Zone 3,29.72,Zone 4,23.39,Zone 3,33.46,Zone 4,26.39,Zone 4,37.7,Zone 5
Jammu And Kashmir,Anantnag,Khudwani,33.72,75.09,11.9,2026-09-28,04:45:00,97.0,2026-09-27,04:45:00,2026-09-28 05:05:28,11.850000000000023,Zone 2,25.85,Zone 4,11.0,Zone 2,25.27,Zone 3,18.64,Zone 3,29.15,Zone 4,23.02,Zone 3,32.82,Zone 4,25.85,Zone 4,36.37,Zone 4
Jammu And Kashmir,Anantnag,Larnoo,33.62,75.38,7.9,2026-09-28,05:00:00,99.0,2026-09-27,05:00:00,2026-09-28 05:05:28,7.850000000000023,Zone 2,23.59,Zone 3,6.91,Zone 2,23.32,Zone 3,14.96,Zone 3,25.72,Zone 4,20.38,Zone 3,29.14,Zone 4,23.59,Zone 3,32.48,Zone 4
Jammu And Kashmir,Anantnag,Pahalgam,34.02,75.32,8.3,2026-09-28,04:30:00,82.0,2026-09-27,04:30:00,2026-09-28 05:05:28,7.75,Zone 2,23.67,Zone 3,6.91,Zone 2,23.43,Zone 3,15.01,Zone 3,25.9,Zone 4,20.45,Zone 3,29.24,Zone 4,23.67,Zone 3,32.48,Zone 4
Jammu And Kashmir,Badgam,Harran,34.0619,74.71,11.1,2026-09-28,04:30:00,96.0,2026-09-27,04:30:00,2026-09-28 05:05:28,10.950000000000045,Zone 2,25.07,Zone 3,9.93,Zone 2,24.78,Zone 3,17.69,Zone 3,28.2,Zone 4,22.35,Zone 3,31.79,Zone 4,25.07,Zone 3,35.27,Zone 4
Jammu And Kashmir,Bandipora,Bandipora,34.5,74.68,11.6,2026-09-28,04:30:00,100.0,2026-09-27,04:30:00,2026-09-28 05:05:28,11.650000000000034,Zone 2,25.45,Zone 4,10.58,Zone 2,25.06,Zone 3,18.25,Zone 3,28.75,Zone 4,22.74,Zone 3,32.42,Zone 4,25.45,Zone 4,35.97,Zone 4
Jammu And Kashmir,Baramulla,Baramulla Kvk,34.096,74.525,13.4,2026-09-28,05:00:00,79.0,2026-09-27,05:00:00,2026-09-28 05:05:28,12.650000000000034,Zone 2,26.83,Zone 4,11.89,Zone 2,26.29,Zone 4,19.51,Zone 3,30.07,Zone 4,23.7,Zone 3,33.64,Zone 4,26.83,Zone 4,37.1,Zone 4
Jammu And Kashmir,Baramulla,Gulmarg,34.0339,74.3658,8.1,2026-09-28,04:45:00,49.0,2026-09-27,04:45:00,2026-09-28 05:05:28,6.650000000000034,Zone 2,23.06,Zone 3,5.4,Zone 2,22.88,Zone 3,13.77,Zone 2,25.19,Zone 3,19.57,Zone 3,28.28,Zone 4,23.06,Zone 3,31.31,Zone 4
Jammu And Kashmir,Ganderbal,Ganderbal,34.24,74.78,11.4,2026-09-28,04:45:00,78.0,2026-09-27,04:45:00,2026-09-28 05:05:28,10.650000000000034,Zone 2,25.13,Zone 3,9.82,Zone 2,24.87,Zone 3,17.67,Zone 3,28.26,Zone 4,22.39,Zone 3,31.72,Zone 4,25.13,Zone 3,35.06,Zone 4
Jammu And Kashmir,Ganderbal,Sonemarg,34.25611111,75.41694444,7.1,2026-09-28,05:00:00,84.0,2026-09-27,05:00:00,2026-09-28 05:05:28,6.650000000000034,Zone 2,22.92,Zone 3,5.44,Zone 2,22.69,Zone 3,13.74,Zone 2,25.0,Zone 3,19.46,Zone 3,28.08,Zone 4,22.92,Zone 3,31.27,Zone 4
Jammu And Kashmir,Jammu,Chatha Amfu,,,,,,93.0,2026-09-27,04:45:00,2026-09-28 05:05:28,,,,,,,,,,,,,,,,,,,,
Jammu And Kashmir,Jammu,Jammu,32.7266,74.857,23.9,2026-09-28,04:45:00,91.0,2026-09-27,04:45:00,2026-09-28 05:05:28,25.450000000000045,Zone 4,52.68,Zone 5,25.04,Zone 3,47.89,Zone 5,31.21,Zone 4,59.87,Zone 5,36.93,Zone 4,62.59,Zone 5,52.68,Zone 5,64.71,Zone 5
Jammu And Kashmir,Kishtwar,Gulabgarh,33.2667,76.172,9.2,2026-09-28,04:45:00,73.0,2026-09-27,04:45:00,2026-09-28 05:05:28,8.350000000000023,Zone 2,23.83,Zone 3,7.14,Zone 2,23.6,Zone 3,15.24,Zone 3,26.16,Zone 4,20.64,Zone 3,29.46,Zone 4,23.83,Zone 3,32.67,Zone 4
Jammu And Kashmir,Kishtwar,Kishtwar,33.3,75.76,16.9,2026-09-28,04:30:00,95.0,2026-09-27,04:30:00,2026-09-28 05:05:28,17.450000000000045,Zone 3,31.13,Zone 4,16.71,Zone 3,30.27,Zone 4,22.99,Zone 3,34.57,Zone 4,26.75,Zone 4,41.58,Zone 5,31.13,Zone 4,53.81,Zone 5
Jammu And Kashmir,Kulgam,Kulgam Amfu,33.6447,74.9433,12.1,2026-09-28,05:00:00,88.0,2026-09-27,05:00:00,2026-09-28 05:05:28,11.75,Zone 2,25.67,Zone 4,10.69,Zone 2,25.2,Zone 3,18.4,Zone 3,28.93,Zone 4,22.88,Zone 3,32.51,Zone 4,25.67,Zone 4,35.97,Zone 4
Jammu And Kashmir,Kupwara,Kupw Kvk,34.516,74.256,9.9,2026-09-28,05:00:00,93.0,2026-09-27,05:00:00,2026-09-28 05:05:28,9.650000000000034,Zone 2,24.55,Zone 3,8.8,Zone 2,24.27,Zone 3,16.68,Zone 3,27.27,Zone 4,21.64,Zone 3,30.77,Zone 4,24.55,Zone 3,34.17,Zone 4
Jammu And Kashmir,Poonch,Poonch,33.7665,74.111,20.8,2026-09-28,05:00:00,72.0,2026-09-27,05:00:00,2026-09-28 05:05:28,21.150000000000034,Zone 3,34.73,Zone 4,20.66,Zone 3,33.81,Zone 4,25.81,Zone 4,38.05,Zone 4,30.41,Zone 4,47.95,Zone 5,34.73,Zone 4,59.06,Zone 5
Jammu And Kashmir,Poonch,Rajpura Mandi,33.8,74.26,15.5,2026-09-28,04:30:00,91.0,2026-09-27,04:30:00,2026-09-28 05:05:28,15.550000000000011,Zone 3,29.2,Zone 4,14.52,Zone 3,28.48,Zone 4,21.61,Zone 3,32.56,Zone 4,25.12,Zone 3,36.43,Zone 4,29.2,Zone 4,45.87,Zone 5
Jammu And Kashmir,Pulwama,Malangpura,33.8892,74.9808,8.6,2026-09-28,05:00:00,98.0,2026-09-27,05:00:00,2026-09-28 05:05:28,8.550000000000011,Zone 2,23.84,Zone 3,7.4,Zone 2,23.56,Zone 3,15.41,Zone 3,26.11,Zone 4,20.7,Zone 3,29.55,Zone 4,23.84,Zone 3,32.91,Zone 4
Jammu And Kashmir,Pulwama,Tral,33.93,75.11,12.2,2026-09-28,05:00:00,88.0,2026-09-27,05:00:00,2026-09-28 05:05:28,11.850000000000023,Zone 2,25.67,Zone 4,10.69,Zone 2,25.2,Zone 3,18.4,Zone 3,28.93,Zone 4,22.88,Zone 3,32.51,Zone 4,25.67,Zone 4,35.97,Zone 4
Jammu And Kashmir,Rajouri,Rajouri,33.375627,74.290072,17.7,2026-09-28,04:45:00,94.0,2026-09-27,04:45:00,2026-09-28 05:05:28,18.450000000000045,Zone 3,31.71,Zone 4,17.31,Zone 3,30.81,Zone 4,23.38,Zone 3,35.16,Zone 4,27.28,Zone 4,43.37,Zone 5,31.71,Zone 4,55.46,Zone 5
Jammu And Kashmir,Ramban,Govindpura,33.2219,75.2614,26.4,2026-09-28,05:00:00,88.0,2026-09-27,05:00:00,2026-09-28 05:05:28,29.55000000000001,Zone 4,60.92,Zone 5,29.05,Zone 4,59.82,Zone 5,35.9,Zone 4,62.98,Zone 5,51.43,Zone 5,65.29,Zone 5,60.92,Zone 5,67.08,Zone 5
Jammu And Kashmir,Reasi,Reasi Kvk,32.994,74.832,23.0,2026-09-28,05:00:00,100.0,2026-09-27,05:00:00,2026-09-28 05:05:28,24.75,Zone 3,53.01,Zone 5,24.29,Zone 3,48.21,Zone 5,30.26,Zone 4,59.93,Zone 5,36.15,Zone 4,62.65,Zone 5,53.01,Zone 5,64.76,Zone 5
Jammu And Kashmir,Samba,Samba,32.5703,75.1203,20.9,2026-09-28,05:00:00,100.0,2026-09-27,05:00:00,2026-09-28 05:05:28,22.55000000000001,Zone 3,39.6,Zone 5,22.01,Zone 3,36.25,Zone 4,27.05,Zone 4,51.26,Zone 5,32.45,Zone 4,60.09,Zone 5,39.6,Zone 5,62.5,Zone 5
Jammu And Kashmir,Shopian,Shopian,33.5872,74.8722,9.1,2026-09-28,05:00:00,99.0,2026-09-27,05:00:00,2026-09-28 05:05:28,9.050000000000011,Zone 2,24.1,Zone 3,7.95,Zone 2,23.82,Zone 3,15.9,Zone 3,26.53,Zone 4,21.06,Zone 3,30.01,Zone 4,24.1,Zone 3,33.41,Zone 4
Jammu And Kashmir,Shopian,Zainapora,33.78,75.0,9.6,2026-09-28,05:00:00,93.0,2026-09-27,05:00:00,2026-09-28 05:05:28,9.350000000000023,Zone 2,24.29,Zone 3,8.28,Zone 2,24.02,Zone 3,16.22,Zone 3,26.85,Zone 4,21.3,Zone 3,30.32,Zone 4,24.29,Zone 3,33.69,Zone 4
Jammu And Kashmir,Srinagar,Rambagh,34.0508,74.8044,13.9,2026-09-28,04:45:00,79.0,2026-09-27,04:45:00,2026-09-28 05:05:28,13.150000000000034,Zone 2,27.3,Zone 4,12.4,Zone 2,26.73,Zone 4,19.95,Zone 3,30.54,Zone 4,24.01,Zone 3,34.15,Zone 4,27.3,Zone 4,37.63,Zone 4
Jammu And Kashmir,Udhampur,Kawa,32.9022,75.1667,20.6,2026-09-28,05:00:00,100.0,2026-09-27,05:00:00,2026-09-28 05:05:28,22.150000000000034,Zone 3,36.83,Zone 5,21.41,Zone 3,35.41,Zone 4,26.35,Zone 4,48.28,Zone 5,31.64,Zone 4,59.46,Zone 5,36.83,Zone 5,61.94,Zone 5
Jharkhand,Bokaro,Kv Bokaro,23.6688,86.1536,23.7,2026-09-28,05:00:00,100.0,2026-09-27,05:00:00,2026-09-28 05:05:28,25.650000000000034,Zone 4,56.39,Zone 5,24.83,Zone 3,51.81,Zone 5,31.19,Zone 4,60.68,Zone 5,39.18,Zone 5,63.3,Zone 5,56.39,Zone 5,65.33,Zone 5
Jharkhand,Deoghar,Deoghar Aws400,24.4925,86.6611,23.9,2026-09-28,05:00:00,,,,2026-09-28 05:05:28,,,,,,,,,,,,,,,,,,,,
Jharkhand,East Singhbhum,Bahragora,22.2757,86.7119,25.0,2026-09-28,05:00:00,100.0,2026-09-27,05:00:00,2026-09-28 05:05:28,27.950000000000045,Zone 4,60.9,Zone 5,27.22,Zone 4,59.79,Zone 5,34.38,Zone 4,62.96,Zone 5,51.33,Zone 5,65.28,Zone 5,60.9,Zone 5,67.07,Zone 5
Jharkhand,Giridih,Giridih-Bengabad Kvk,,,,,,10.0,2026-09-27,05:00:00,2026-09-28 05:05:28,,,,,,,,,,,,,,,,,,,,
Jharkhand,Gumla,Gumla-Bishnupur Kvk,23.4363,84.3216,20.6,2026-09-28,05:00:00,100.0,2026-09-27,05:00:00,2026-09-28 05:05:28,22.150000000000034,Zone 3,36.83,Zone 5,21.41,Zone 3,35.41,Zone 4,26.35,Zone 4,48.28,Zone 5,31.64,Zone 4,59.46,Zone 5,36.83,Zone 5,61.94,Zone 5
Jharkhand,Hazaribagh,Barhi,24.2812,85.3497,23.6,2026-09-28,05:00:00,100.0,2026-09-27,05:00:00,2026-09-28 05:05:28,25.450000000000045,Zone 4,56.39,Zone 5,24.83,Zone 3,51.81,Zone 5,31.19,Zone 4,60.68,Zone 5,39.18,Zone 5,63.3,Zone 5,56.39,Zone 5,65.33,Zone 5
Jharkhand,Khunti,Diyakel-Khunti Kvk,22.9558,85.1182,22.1,2026-09-28,05:00:00,,,,2026-09-28 05:05:28,,,,,,,,,,,,,,,,,,,,
Jharkhand,Kodarma,Kodarma,24.4757,85.5938,23.8,2026-09-28,05:00:00,100.0,2026-09-27,05:00:00,2026-09-28 05:05:28,25.75,Zone 4,59.15,Zone 5,25.42,Zone 4,55.33,Zone 5,32.18,Zone 4,61.44,Zone 5,42.93,Zone 5,63.96,Zone 5,59.15,Zone 5,65.91,Zone 5
Jharkhand,Latehar,Netarhat,23.4742,84.2609,18.6,2026-09-28,05:00:00,98.0,2026-09-27,05:00:00,2026-09-28 05:05:28,19.75,Zone 3,33.31,Zone 4,18.81,Zone 3,32.29,Zone 4,24.29,Zone 3,36.85,Zone 4,28.67,Zone 4,50.16,Zone 5,33.31,Zone 4,59.53,Zone 5
Jharkhand,Lohardaga,Lohardaga Kvk,,,,,,14.0,2026-09-27,05:00:00,2026-09-28 05:05:28,,,,,,,,,,,,,,,,,,,,
Jharkhand,Pakur,Pakur Kvk,24.4717,87.7629,25.0,2026-09-28,05:00:00,,,,2026-09-28 05:05:28,,,,,,,,,,,,,,,,,,,,
Jharkhand,Ramgarh,Ramgarh Kvk,,,,,,100.0,2026-09-27,05:00:00,2026-09-28 05:05:28,,,,,,,,,,,,,,,,,,,,
Jharkhand,Ranchi,Ranchi,23.3167,85.3167,21.7,2026-09-28,04:45:00,100.0,2026-09-27,04:45:00,2026-09-28 05:05:28,23.350000000000023,Zone 3,42.68,Zone 5,22.6,Zone 3,38.42,Zone 5,27.79,Zone 4,54.2,Zone 5,33.3,Zone 4,60.72,Zone 5,42.68,Zone 5,63.06,Zone 5
Jharkhand,Ranchi,Ranchi Amfu,23.4444,85.3161,20.5,2026-09-28,04:45:00,98.0,2026-09-27,04:45:00,2026-09-28 05:05:28,21.950000000000045,Zone 3,36.45,Zone 4,21.32,Zone 3,35.22,Zone 4,26.26,Zone 4,47.05,Zone 5,31.49,Zone 4,59.19,Zone 5,36.45,Zone 4,61.71,Zone 5
Jharkhand,Saraikela,Saraikela,22.7158,85.954,24.1,2026-09-28,05:00:00,99.0,2026-09-27,05:00:00,2026-09-28 05:05:28,26.25,Zone 4,58.82,Zone 5,25.36,Zone 4,54.54,Zone 5,32.06,Zone 4,61.26,Zone 5,42.03,Zone 5,63.81,Zone 5,58.82,Zone 5,65.78,Zone 5
Jharkhand,Simdega,Bano-Simdega Kvk,22.6358,84.9077,22.8,2026-09-28,05:00:00,20.0,2026-09-27,05:00:00,2026-09-28 05:05:28,20.650000000000034,Zone 3,32.87,Zone 4,20.0,Zone 3,32.4,Zone 4,25.85,Zone 4,35.7,Zone 4,29.48,Zone 4,38.82,Zone 4,32.87,Zone 4,41.83,Zone 4
Jharkhand,Simdega,Simdega,22.5899,84.5173,23.7,2026-09-28,05:00:00,100.0,2026-09-27,05:00:00,2026-09-28 05:05:28,25.650000000000034,Zone 4,56.39,Zone 5,24.83,Zone 3,51.81,Zone 5,31.19,Zone 4,60.68,Zone 5,39.18,Zone 5,63.3,Zone 5,56.39,Zone 5,65.33,Zone 5
Jharkhand,West Singhbhum,Jagannathpur-Bau Kvk,22.2185,85.6394,22.2,2026-09-28,05:00:00,,,,2026-09-28 05:05:28,,,,,,,,,,,,,,,,,,,,
Karnataka,Bagalkot,Bagalkot Kvk,16.2861,76.1672,22.7,2026-09-28,05:00:00,100.0,2026-09-27,05:00:00,2026-09-28 05:05:28,24.450000000000045,Zone 3,49.49,Zone 5,23.74,Zone 3,44.71,Zone 5,29.39,Zone 4,59.19,Zone 5,35.14,Zone 4,62.0,Zone 5,49.49,Zone 5,64.19,Zone 5
Karnataka,Bangalore Rural,Doddaballapura,13.3727,77.5498,22.7,2026-09-28,04:45:00,100.0,2026-09-27,04:45:00,2026-09-28 05:05:28,24.450000000000045,Zone 3,49.49,Zone 5,23.74,Zone 3,44.71,Zone 5,29.39,Zone 4,59.19,Zone 5,35.14,Zone 4,62.0,Zone 5,49.49,Zone 5,64.19,Zone 5
Karnataka,Bangalore Urban,Bangalore,12.97,77.5667,23.2,2026-09-28,04:45:00,85.0,2026-09-27,04:45:00,2026-09-28 05:05:28,24.450000000000045,Zone 3,41.25,Zone 5,23.7,Zone 3,38.01,Zone 4,29.08,Zone 4,52.9,Zone 5,34.33,Zone 4,60.44,Zone 5,41.25,Zone 5,62.81,Zone 5
Karnataka,Bangalore Urban,Gopal Nagar,12.89,77.51,22.7,2026-09-28,04:45:00,93.0,2026-09-27,04:45:00,2026-09-28 05:05:28,24.25,Zone 3,44.1,Zone 5,23.46,Zone 3,39.69,Zone 5,28.88,Zone 4,55.46,Zone 5,34.34,Zone 4,61.0,Zone 5,44.1,Zone 5,63.3,Zone 5
Karnataka,Bangalore Urban,Madhavara(Nice),13.0428,77.4758,23.0,2026-09-28,04:45:00,88.0,2026-09-27,04:45:00,2026-09-28 05:05:28,24.350000000000023,Zone 3,43.51,Zone 5,23.82,Zone 3,39.17,Zone 5,29.29,Zone 4,54.95,Zone 5,34.66,Zone 4,60.89,Zone 5,43.51,Zone 5,63.2,Zone 5
Karnataka,Bellary,Hagari Kvk,15.1385,77.0612,24.9,2026-09-28,05:00:00,84.0,2026-09-27,05:00:00,2026-09-28 05:05:28,26.650000000000034,Zone 4,53.45,Zone 5,26.11,Zone 4,48.7,Zone 5,32.26,Zone 4,60.03,Zone 5,37.87,Zone 4,62.74,Zone 5,53.45,Zone 5,64.83,Zone 5
Karnataka,Bijapur,Tidagundi Amfu,16.98,75.75,23.0,2026-09-28,04:45:00,94.0,2026-09-27,04:45:00,2026-09-28 05:05:28,24.55000000000001,Zone 3,48.25,Zone 5,24.06,Zone 3,43.52,Zone 5,29.76,Zone 4,58.73,Zone 5,35.37,Zone 4,61.78,Zone 5,48.25,Zone 5,63.99,Zone 5
Karnataka,Chikmagalur,Mudigere Kvk,13.1156,75.6392,20.6,2026-09-28,05:00:00,100.0,2026-09-27,05:00:00,2026-09-28 05:05:28,22.150000000000034,Zone 3,36.83,Zone 5,21.41,Zone 3,35.41,Zone 4,26.35,Zone 4,48.28,Zone 5,31.64,Zone 4,59.46,Zone 5,36.83,Zone 5,61.94,Zone 5
Karnataka,Chitradurga,Hiriyur,13.9596,76.6456,22.4,2026-09-28,05:00:00,98.0,2026-09-27,05:00:00,2026-09-28 05:05:28,24.05000000000001,Zone 3,47.94,Zone 5,23.66,Zone 3,43.22,Zone 5,29.24,Zone 4,58.5,Zone 5,34.9,Zone 4,61.72,Zone 5,47.94,Zone 5,63.94,Zone 5
Karnataka,Dakshina Kannada,Mangaluru,12.893,74.8684,24.4,2026-09-28,05:00:00,100.0,2026-09-27,05:00:00,2026-09-28 05:05:28,26.850000000000023,Zone 4,60.03,Zone 5,26.29,Zone 4,58.62,Zone 5,33.24,Zone 4,62.19,Zone 5,47.04,Zone 5,64.61,Zone 5,60.03,Zone 5,66.49,Zone 5
Karnataka,Dharwad,Mugad,15.43,74.91,20.1,2026-09-28,04:45:00,95.0,2026-09-27,04:45:00,2026-09-28 05:05:28,21.350000000000023,Zone 3,35.33,Zone 4,20.56,Zone 3,34.2,Zone 4,25.48,Zone 4,42.48,Zone 5,30.54,Zone 4,55.98,Zone 5,35.33,Zone 4,60.81,Zone 5
Karnataka,Gulbarga,Gulbarga,17.3333,76.8,24.2,2026-09-28,04:30:00,78.0,2026-09-27,04:30:00,2026-09-28 05:05:28,25.25,Zone 3,41.81,Zone 5,24.54,Zone 3,38.8,Zone 4,30.04,Zone 4,53.44,Zone 5,35.2,Zone 4,60.55,Zone 5,41.81,Zone 5,62.91,Zone 5
Karnataka,Gulbarga,Raddewadgi,17.04,76.8,24.2,2026-09-28,04:45:00,75.0,2026-09-27,04:45:00,2026-09-28 05:05:28,25.150000000000034,Zone 3,39.6,Zone 4,24.41,Zone 3,38.4,Zone 4,29.8,Zone 4,51.2,Zone 5,34.84,Zone 4,60.07,Zone 5,39.6,Zone 4,62.49,Zone 5
Karnataka,Hassan,Hassan,12.9795,76.0427,20.8,2026-09-28,05:00:00,100.0,2026-09-27,05:00:00,2026-09-28 05:05:28,22.350000000000023,Zone 3,39.6,Zone 5,22.01,Zone 3,36.25,Zone 4,27.05,Zone 4,51.26,Zone 5,32.45,Zone 4,60.09,Zone 5,39.6,Zone 5,62.5,Zone 5
Karnataka,Kolar,Kgf (Kolar),12.9333,78.25,22.7,2026-09-28,05:00:00,92.0,2026-09-27,05:00:00,2026-09-28 05:05:28,24.150000000000034,Zone 3,43.35,Zone 5,23.42,Zone 3,39.03,Zone 5,28.81,Zone 4,54.81,Zone 5,34.23,Zone 4,60.86,Zone 5,43.35,Zone 5,63.18,Zone 5
Karnataka,Kolar,Tamaka Kvk,13.1333,78.1786,22.6,2026-09-28,05:00:00,92.0,2026-09-27,05:00:00,2026-09-28 05:05:28,24.05000000000001,Zone 3,43.35,Zone 5,23.42,Zone 3,39.03,Zone 5,28.81,Zone 4,54.81,Zone 5,34.23,Zone 4,60.86,Zone 5,43.35,Zone 5,63.18,Zone 5
Karnataka,Mandya,Mandya Kvk,12.5685,76.8322,22.1,2026-09-28,05:00:00,94.0,2026-09-27,05:00:00,2026-09-28 05:05:28,23.650000000000034,Zone 3,41.65,Zone 5,22.93,Zone 3,37.53,Zone 5,28.18,Zone 4,53.27,Zone 5,33.57,Zone 4,60.52,Zone 5,41.65,Zone 5,62.88,Zone 5
Karnataka,Ramanagara,Chandurayanghalli Kvk,12.9788,77.1925,21.4,2026-09-28,05:00:00,94.0,2026-09-27,05:00:00,2026-09-28 05:05:28,22.850000000000023,Zone 3,38.72,Zone 5,22.34,Zone 3,36.48,Zone 4,27.45,Zone 4,50.36,Zone 5,32.74,Zone 4,59.89,Zone 5,38.72,Zone 5,62.33,Zone 5
Karnataka,Shivamogga,Agumbe,13.5062,75.0384,19.4,2026-09-28,04:30:00,100.0,2026-09-27,04:30:00,2026-09-28 05:05:28,20.75,Zone 3,34.98,Zone 4,20.17,Zone 3,33.84,Zone 4,25.12,Zone 3,42.59,Zone 5,30.14,Zone 4,56.08,Zone 5,34.98,Zone 4,60.84,Zone 5
Karnataka,Tumkur,Chikkanakalli,13.6631,76.9161,23.0,2026-09-28,05:00:00,99.0,2026-09-27,05:00:00,2026-09-28 05:05:28,24.75,Zone 3,52.23,Zone 5,24.26,Zone 3,47.42,Zone 5,30.17,Zone 4,59.77,Zone 5,36.02,Zone 4,62.5,Zone 5,52.23,Zone 5,64.63,Zone 5
Kerala,Alappuzha,Karumadi,9.382,76.3898,25.4,2026-09-28,05:00:00,100.0,2026-09-27,05:00:00,2026-09-28 05:05:28,28.75,Zone 4,61.78,Zone 5,28.23,Zone 4,60.7,Zone 5,35.61,Zone 4,63.73,Zone 5,55.54,Zone 5,65.94,Zone 5,61.78,Zone 5,67.65,Zone 5
Kerala,Alappuzha,Kayamkulam,9.1767,76.5167,26.4,2026-09-28,05:00:00,100.0,2026-09-27,05:00:00,2026-09-28 05:05:28,31.05000000000001,Zone 4,63.56,Zone 5,30.49,Zone 4,62.52,Zone 5,44.17,Zone 5,65.28,Zone 5,60.18,Zone 5,67.29,Zone 5,63.56,Zone 5,68.83,Zone 5
Kerala,Alappuzha,Nooranad,9.17,76.62,24.6,2026-09-28,05:00:00,100.0,2026-09-27,05:00:00,2026-09-28 05:05:28,27.25,Zone 4,60.03,Zone 5,26.29,Zone 4,58.62,Zone 5,33.24,Zone 4,62.19,Zone 5,47.04,Zone 5,64.61,Zone 5,60.03,Zone 5,66.49,Zone 5
Kerala,Alappuzha,Thycattussery,9.74,76.36,25.2,2026-09-28,05:00:00,82.0,2026-09-27,05:00:00,2026-09-28 05:05:28,26.950000000000045,Zone 4,51.69,Zone 5,25.99,Zone 4,46.9,Zone 5,32.04,Zone 4,59.66,Zone 5,37.55,Zone 4,62.41,Zone 5,51.69,Zone 5,64.55,Zone 5
Kerala,Ernakulam,Aluva,10.1053,76.3567,25.6,2026-09-28,05:00:00,88.0,2026-09-27,05:00:00,2026-09-28 05:05:28,28.05000000000001,Zone 4,59.23,Zone 5,27.2,Zone 4,55.65,Zone 5,33.72,Zone 4,61.51,Zone 5,43.28,Zone 5,64.02,Zone 5,59.23,Zone 5,65.96,Zone 5
Kerala,Ernakulam,Boat Jetty Kgov,9.9724,76.2789,25.9,2026-09-28,05:00:00,91.0,2026-09-27,05:00:00,2026-09-28 05:05:28,28.950000000000045,Zone 4,60.73,Zone 5,28.37,Zone 4,59.62,Zone 5,35.26,Zone 4,62.81,Zone 5,50.5,Zone 5,65.15,Zone 5,60.73,Zone 5,66.96,Zone 5
Kerala,Ernakulam,Choondi,9.96692,76.4409,24.4,2026-09-28,05:00:00,100.0,2026-09-27,05:00:00,2026-09-28 05:05:28,26.850000000000023,Zone 4,60.03,Zone 5,26.29,Zone 4,58.62,Zone 5,33.24,Zone 4,62.19,Zone 5,47.04,Zone 5,64.61,Zone 5,60.03,Zone 5,66.49,Zone 5
Kerala,Ernakulam,Dhground Kgov,9.9684,76.284,26.4,2026-09-28,05:00:00,87.0,2026-09-27,05:00:00,2026-09-28 05:05:28,29.450000000000045,Zone 4,60.7,Zone 5,28.95,Zone 4,59.59,Zone 5,35.72,Zone 4,62.78,Zone 5,50.33,Zone 5,65.13,Zone 5,60.7,Zone 5,66.93,Zone 5
Kerala,Ernakulam,Kadavanthra Kgov,9.97061,76.296229,26.0,2026-09-28,05:00:00,91.0,2026-09-27,05:00:00,2026-09-28 05:05:28,29.150000000000034,Zone 4,60.73,Zone 5,28.37,Zone 4,59.62,Zone 5,35.26,Zone 4,62.81,Zone 5,50.5,Zone 5,65.15,Zone 5,60.73,Zone 5,66.96,Zone 5
Kerala,Ernakulam,Kalamassery,10.0557,76.3317,25.2,2026-09-28,05:00:00,100.0,2026-09-27,05:00:00,2026-09-28 05:05:28,28.350000000000023,Zone 4,60.9,Zone 5,27.22,Zone 4,59.79,Zone 5,34.38,Zone 4,62.96,Zone 5,51.33,Zone 5,65.28,Zone 5,60.9,Zone 5,67.07,Zone 5
Kerala,Ernakulam,Koothattukulam,9.8616,76.5957,24.0,2026-09-28,04:45:00,100.0,2026-09-27,04:45:00,2026-09-28 05:05:28,26.150000000000034,Zone 4,59.15,Zone 5,25.42,Zone 4,55.33,Zone 5,32.18,Zone 4,61.44,Zone 5,42.93,Zone 5,63.96,Zone 5,59.15,Zone 5,65.91,Zone 5
Kerala,Ernakulam,Mattancherry,9.91,76.26,26.0,2026-09-28,05:00:00,94.0,2026-09-27,05:00:00,2026-09-28 05:05:28,29.450000000000045,Zone 4,61.38,Zone 5,28.67,Zone 4,60.29,Zone 5,35.78,Zone 4,63.38,Zone 5,53.66,Zone 5,65.64,Zone 5,61.38,Zone 5,67.39,Zone 5
Kerala,Ernakulam,Odakkali,10.093,76.559,24.5,2026-09-28,05:00:00,100.0,2026-09-27,05:00:00,2026-09-28 05:05:28,27.05000000000001,Zone 4,60.03,Zone 5,26.29,Zone 4,58.62,Zone 5,33.24,Zone 4,62.19,Zone 5,47.04,Zone 5,64.61,Zone 5,60.03,Zone 5,66.49,Zone 5
Kerala,Idukki,Ayyappankovil,9.71,77.01,21.7,2026-09-28,05:00:00,100.0,2026-09-27,05:00:00,2026-09-28 05:05:28,23.350000000000023,Zone 3,42.68,Zone 5,22.6,Zone 3,38.42,Zone 5,27.79,Zone 4,54.2,Zone 5,33.3,Zone 4,60.72,Zone 5,42.68,Zone 5,63.06,Zone 5
Kerala,Idukki,Cheruthoni,9.865,76.9983,22.3,2026-09-28,05:00:00,100.0,2026-09-27,05:00:00,2026-09-28 05:05:28,24.05000000000001,Zone 3,49.49,Zone 5,23.74,Zone 3,44.71,Zone 5,29.39,Zone 4,59.19,Zone 5,35.14,Zone 4,62.0,Zone 5,49.49,Zone 5,64.19,Zone 5
Kerala,Idukki,Kovilkadavu,10.2597,77.1688,20.2,2026-09-28,05:00:00,89.0,2026-09-27,05:00:00,2026-09-28 05:05:28,21.25,Zone 3,34.79,Zone 4,20.27,Zone 3,33.74,Zone 4,25.26,Zone 3,39.22,Zone 5,30.16,Zone 4,52.87,Zone 5,34.79,Zone 4,60.12,Zone 5
Kerala,Idukki,Kundala Dam,10.1461,77.2019,12.3,2026-09-28,05:00:00,100.0,2026-09-27,05:00:00,2026-09-28 05:05:28,12.350000000000023,Zone 2,26.39,Zone 4,11.62,Zone 2,25.79,Zone 4,19.17,Zone 3,29.72,Zone 4,23.39,Zone 3,33.46,Zone 4,26.39,Zone 4,37.7,Zone 5
Kerala,Idukki,Pampadumpara,9.7986,77.1614,20.2,2026-09-28,05:00:00,100.0,2026-09-27,05:00:00,2026-09-28 05:05:28,21.75,Zone 3,35.8,Zone 4,20.79,Zone 3,34.6,Zone 4,25.68,Zone 4,45.37,Zone 5,30.87,Zone 4,58.37,Zone 5,35.8,Zone 4,61.39,Zone 5
Kerala,Idukki,Udumbannoor,9.8667,76.8586,23.4,2026-09-28,05:00:00,100.0,2026-09-27,05:00:00,2026-09-28 05:05:28,25.150000000000034,Zone 3,56.39,Zone 5,24.83,Zone 3,51.81,Zone 5,31.19,Zone 4,60.68,Zone 5,39.18,Zone 5,63.3,Zone 5,56.39,Zone 5,65.33,Zone 5
Kerala,Idukki,Vattavada,10.1777,77.2538,15.7,2026-09-28,05:00:00,80.0,2026-09-27,05:00:00,2026-09-28 05:05:28,15.25,Zone 3,28.8,Zone 4,13.97,Zone 2,28.15,Zone 4,21.31,Zone 3,32.08,Zone 4,24.96,Zone 3,35.79,Zone 4,28.8,Zone 4,41.67,Zone 5
Kerala,Idukki,Vellathooval,9.98,77.01,23.7,2026-09-28,05:00:00,100.0,2026-09-27,05:00:00,2026-09-28 05:05:28,25.650000000000034,Zone 4,56.39,Zone 5,24.83,Zone 3,51.81,Zone 5,31.19,Zone 4,60.68,Zone 5,39.18,Zone 5,63.3,Zone 5,56.39,Zone 5,65.33,Zone 5
Kerala,Kannur,Ayyankunnu,12.0074,75.6825,23.3,2026-09-28,05:00:00,100.0,2026-09-27,05:00:00,2026-09-28 05:05:28,25.05000000000001,Zone 3,56.39,Zone 5,24.83,Zone 3,51.81,Zone 5,31.19,Zone 4,60.68,Zone 5,39.18,Zone 5,63.3,Zone 5,56.39,Zone 5,65.33,Zone 5
Kerala,Kannur,Chemberi,12.0964,75.5614,23.9,2026-09-28,05:00:00,100.0,2026-09-27,05:00:00,2026-09-28 05:05:28,25.950000000000045,Zone 4,59.15,Zone 5,25.42,Zone 4,55.33,Zone 5,32.18,Zone 4,61.44,Zone 5,42.93,Zone 5,63.96,Zone 5,59.15,Zone 5,65.91,Zone 5
Kerala,Kannur,Cheruvanchery,11.82,75.66,23.5,2026-09-28,05:00:00,100.0,2026-09-27,05:00:00,2026-09-28 05:05:28,25.25,Zone 3,56.39,Zone 5,24.83,Zone 3,51.81,Zone 5,31.19,Zone 4,60.68,Zone 5,39.18,Zone 5,63.3,Zone 5,56.39,Zone 5,65.33,Zone 5
Kerala,Kannur,Peringome,12.2216,75.3073,23.3,2026-09-28,05:00:00,100.0,2026-09-27,05:00:00,2026-09-28 05:05:28,25.05000000000001,Zone 3,56.39,Zone 5,24.83,Zone 3,51.81,Zone 5,31.19,Zone 4,60.68,Zone 5,39.18,Zone 5,63.3,Zone 5,56.39,Zone 5,65.33,Zone 5
Kerala,Kannur,Pinarayi,11.8107,75.4918,25.1,2026-09-28,05:00:00,100.0,2026-09-27,05:00:00,2026-09-28 05:05:28,28.150000000000034,Zone 4,60.9,Zone 5,27.22,Zone 4,59.79,Zone 5,34.38,Zone 4,62.96,Zone 5,51.33,Zone 5,65.28,Zone 5,60.9,Zone 5,67.07,Zone 5
Kerala,Kasaragod,Bayar,12.6917,75.0305,24.2,2026-09-28,05:00:00,100.0,2026-09-27,05:00:00,2026-09-28 05:05:28,26.450000000000045,Zone 4,59.15,Zone 5,25.42,Zone 4,55.33,Zone 5,32.18,Zone 4,61.44,Zone 5,42.93,Zone 5,63.96,Zone 5,59.15,Zone 5,65.91,Zone 5
Kerala,Kasaragod,Erikkulam,12.3006,75.1587,24.1,2026-09-28,05:00:00,100.0,2026-09-27,05:00:00,2026-09-28 05:05:28,26.350000000000023,Zone 4,59.15,Zone 5,25.42,Zone 4,55.33,Zone 5,32.18,Zone 4,61.44,Zone 5,42.93,Zone 5,63.96,Zone 5,59.15,Zone 5,65.91,Zone 5
Kerala,Kasaragod,Kudlu Afmu,12.65,74.96,24.6,2026-09-28,05:00:00,100.0,2026-09-27,05:00:00,2026-09-28 05:05:28,27.25,Zone 4,60.03,Zone 5,26.29,Zone 4,58.62,Zone 5,33.24,Zone 4,62.19,Zone 5,47.04,Zone 5,64.61,Zone 5,60.03,Zone 5,66.49,Zone 5
Kerala,Kasaragod,Muliyar,12.5061,75.0908,23.8,2026-09-28,05:00:00,100.0,2026-09-27,05:00:00,2026-09-28 05:05:28,25.75,Zone 4,59.15,Zone 5,25.42,Zone 4,55.33,Zone 5,32.18,Zone 4,61.44,Zone 5,42.93,Zone 5,63.96,Zone 5,59.15,Zone 5,65.91,Zone 5
Kerala,Kasaragod,Padannakkad,12.1875,75.1783,24.3,2026-09-28,05:00:00,100.0,2026-09-27,05:00:00,2026-09-28 05:05:28,26.650000000000034,Zone 4,60.03,Zone 5,26.29,Zone 4,58.62,Zone 5,33.24,Zone 4,62.19,Zone 5,47.04,Zone 5,64.61,Zone 5,60.03,Zone 5,66.49,Zone 5
Kerala,Kasaragod,Panathur,12.456,75.3671,22.6,2026-09-28,05:00:00,100.0,2026-09-27,05:00:00,2026-09-28 05:05:28,24.350000000000023,Zone 3,49.49,Zone 5,23.74,Zone 3,44.71,Zone 5,29.39,Zone 4,59.19,Zone 5,35.14,Zone 4,62.0,Zone 5,49.49,Zone 5,64.19,Zone 5
Kerala,Kollam,Chavara,8.9944,76.5331,25.6,2026-09-28,05:00:00,97.0,2026-09-27,05:00:00,2026-09-28 05:05:28,28.950000000000045,Zone 4,61.15,Zone 5,27.95,Zone 4,60.05,Zone 5,35.09,Zone 4,63.18,Zone 5,52.56,Zone 5,65.47,Zone 5,61.15,Zone 5,67.24,Zone 5
Kerala,Kollam,Karuvelil Tkmit,8.99472,76.6953,25.1,2026-09-28,05:00:00,100.0,2026-09-27,05:00:00,2026-09-28 05:05:28,28.150000000000034,Zone 4,60.9,Zone 5,27.22,Zone 4,59.79,Zone 5,34.38,Zone 4,62.96,Zone 5,51.33,Zone 5,65.28,Zone 5,60.9,Zone 5,67.07,Zone 5
Kerala,Kollam,Parippally,8.8136,76.7461,24.7,2026-09-28,05:00:00,100.0,2026-09-27,05:00:00,2026-09-28 05:05:28,27.350000000000023,Zone 4,60.03,Zone 5,26.29,Zone 4,58.62,Zone 5,33.24,Zone 4,62.19,Zone 5,47.04,Zone 5,64.61,Zone 5,60.03,Zone 5,66.49,Zone 5
Kerala,Kollam,Punalur,9.01333,76.9433,25.0,2026-09-28,05:00:00,100.0,2026-09-27,05:00:00,2026-09-28 05:05:28,27.950000000000045,Zone 4,60.9,Zone 5,27.22,Zone 4,59.79,Zone 5,34.38,Zone 4,62.96,Zone 5,51.33,Zone 5,65.28,Zone 5,60.9,Zone 5,67.07,Zone 5
Kerala,Kottayam,Kottayam,9.5916,76.5222,25.3,2026-09-28,05:00:00,99.0,2026-09-27,05:00:00,2026-09-28 05:05:28,28.450000000000045,Zone 4,61.57,Zone 5,28.13,Zone 4,60.48,Zone 5,35.43,Zone 4,63.54,Zone 5,54.56,Zone 5,65.79,Zone 5,61.57,Zone 5,67.51,Zone 5
Kerala,Kottayam,Vadavathoor,9.585,76.5708,25.1,2026-09-28,04:15:00,,,,2026-09-28 05:05:28,,,,,,,,,,,,,,,,,,,,
Kerala,Kottayam,Vaikkom,9.72388,76.3925,25.0,2026-09-28,05:00:00,98.0,2026-09-27,05:00:00,2026-09-28 05:05:28,27.850000000000023,Zone 4,60.49,Zone 5,27.07,Zone 4,59.37,Zone 5,34.07,Zone 4,62.6,Zone 5,49.31,Zone 5,64.97,Zone 5,60.49,Zone 5,66.8,Zone 5
Kerala,Kozhikode,Kunnamangalam,11.28,75.87,24.5,2026-09-28,05:00:00,100.0,2026-09-27,05:00:00,2026-09-28 05:05:28,27.05000000000001,Zone 4,60.03,Zone 5,26.29,Zone 4,58.62,Zone 5,33.24,Zone 4,62.19,Zone 5,47.04,Zone 5,64.61,Zone 5,60.03,Zone 5,66.49,Zone 5
Kerala,Kozhikode,Urumi,11.34,76.01,23.2,2026-09-28,05:00:00,100.0,2026-09-27,05:00:00,2026-09-28 05:05:28,24.950000000000045,Zone 3,53.01,Zone 5,24.29,Zone 3,48.21,Zone 5,30.26,Zone 4,59.93,Zone 5,36.15,Zone 4,62.65,Zone 5,53.01,Zone 5,64.76,Zone 5
Kerala,Kozhikode,Vadakara,11.59,75.62,25.2,2026-09-28,05:00:00,100.0,2026-09-27,05:00:00,2026-09-28 05:05:28,28.350000000000023,Zone 4,60.9,Zone 5,27.22,Zone 4,59.79,Zone 5,34.38,Zone 4,62.96,Zone 5,51.33,Zone 5,65.28,Zone 5,60.9,Zone 5,67.07,Zone 5
Kerala,Kozhikode,Vilangad,11.7803,75.7639,23.1,2026-09-28,05:00:00,100.0,2026-09-27,05:00:00,2026-09-28 05:05:28,24.850000000000023,Zone 3,53.01,Zone 5,24.29,Zone 3,48.21,Zone 5,30.26,Zone 4,59.93,Zone 5,36.15,Zone 4,62.65,Zone 5,53.01,Zone 5,64.76,Zone 5
Kerala,Malappuram,Munderi,11.4472,76.2494,23.7,2026-09-28,05:00:00,100.0,2026-09-27,05:00:00,2026-09-28 05:05:28,25.650000000000034,Zone 4,56.39,Zone 5,24.83,Zone 3,51.81,Zone 5,31.19,Zone 4,60.68,Zone 5,39.18,Zone 5,63.3,Zone 5,56.39,Zone 5,65.33,Zone 5
Kerala,Malappuram,Nilambur,11.2283,76.1894,23.9,2026-09-28,05:00:00,100.0,2026-09-27,05:00:00,2026-09-28 05:05:28,25.950000000000045,Zone 4,59.15,Zone 5,25.42,Zone 4,55.33,Zone 5,32.18,Zone 4,61.44,Zone 5,42.93,Zone 5,63.96,Zone 5,59.15,Zone 5,65.91,Zone 5
Kerala,Malappuram,Palemad,11.381,76.3061,24.8,2026-09-28,05:00:00,100.0,2026-09-27,05:00:00,2026-09-28 05:05:28,27.55000000000001,Zone 4,60.9,Zone 5,27.22,Zone 4,59.79,Zone 5,34.38,Zone 4,62.96,Zone 5,51.33,Zone 5,65.28,Zone 5,60.9,Zone 5,67.07,Zone 5
Kerala,Palakkad,Adakkaputhur,10.87,76.373,24.5,2026-09-28,04:45:00,100.0,2026-09-27,04:45:00,2026-09-28 05:05:28,27.05000000000001,Zone 4,60.03,Zone 5,26.29,Zone 4,58.62,Zone 5,33.24,Zone 4,62.19,Zone 5,47.04,Zone 5,64.61,Zone 5,60.03,Zone 5,66.49,Zone 5
Kerala,Palakkad,Kollengode,10.6436,76.6867,24.8,2026-09-28,04:30:00,96.0,2026-09-27,04:30:00,2026-09-28 05:05:28,27.25,Zone 4,60.08,Zone 5,26.91,Zone 4,58.8,Zone 5,33.78,Zone 4,62.24,Zone 5,47.28,Zone 5,64.65,Zone 5,60.08,Zone 5,66.52,Zone 5
Kerala,Palakkad,Malampuzha Dam,10.8403,76.6892,24.2,2026-09-28,05:00:00,100.0,2026-09-27,05:00:00,2026-09-28 05:05:28,26.450000000000045,Zone 4,59.15,Zone 5,25.42,Zone 4,55.33,Zone 5,32.18,Zone 4,61.44,Zone 5,42.93,Zone 5,63.96,Zone 5,59.15,Zone 5,65.91,Zone 5
Kerala,Palakkad,Mangalam Dam,10.517,76.5356,23.7,2026-09-28,05:00:00,100.0,2026-09-27,05:00:00,2026-09-28 05:05:28,25.650000000000034,Zone 4,56.39,Zone 5,24.83,Zone 3,51.81,Zone 5,31.19,Zone 4,60.68,Zone 5,39.18,Zone 5,63.3,Zone 5,56.39,Zone 5,65.33,Zone 5
Kerala,Palakkad,Mankara,10.77,76.6833,26.2,2026-09-28,04:45:00,59.0,2026-09-27,04:45:00,2026-09-28 05:05:28,26.850000000000023,Zone 4,40.4,Zone 4,26.07,Zone 4,39.31,Zone 4,31.25,Zone 4,48.92,Zone 5,35.96,Zone 4,59.59,Zone 5,40.4,Zone 4,62.06,Zone 5
Kerala,Palakkad,Mannarkkad,10.975,76.442,24.4,2026-09-28,05:00:00,100.0,2026-09-27,05:00:00,2026-09-28 05:05:28,26.850000000000023,Zone 4,60.03,Zone 5,26.29,Zone 4,58.62,Zone 5,33.24,Zone 4,62.19,Zone 5,47.04,Zone 5,64.61,Zone 5,60.03,Zone 5,66.49,Zone 5
Kerala,Palakkad,Ottapalam,10.8169,76.4561,24.5,2026-09-28,05:00:00,100.0,2026-09-27,05:00:00,2026-09-28 05:05:28,27.05000000000001,Zone 4,60.03,Zone 5,26.29,Zone 4,58.62,Zone 5,33.24,Zone 4,62.19,Zone 5,47.04,Zone 5,64.61,Zone 5,60.03,Zone 5,66.49,Zone 5
Kerala,Palakkad,Pothundy Dam,10.54,76.62,23.5,2026-09-28,05:00:00,100.0,2026-09-27,05:00:00,2026-09-28 05:05:28,25.25,Zone 3,56.39,Zone 5,24.83,Zone 3,51.81,Zone 5,31.19,Zone 4,60.68,Zone 5,39.18,Zone 5,63.3,Zone 5,56.39,Zone 5,65.33,Zone 5
Kerala,Palakkad,Vannamada,10.702,76.852,24.6,2026-09-28,05:00:00,100.0,2026-09-27,05:00:00,2026-09-28 05:05:28,27.25,Zone 4,60.03,Zone 5,26.29,Zone 4,58.62,Zone 5,33.24,Zone 4,62.19,Zone 5,47.04,Zone 5,64.61,Zone 5,60.03,Zone 5,66.49,Zone 5
Kerala,Pathanamthitta,Konni,9.2267,76.8497,23.8,2026-09-28,05:00:00,98.0,2026-09-27,05:00:00,2026-09-28 05:05:28,25.650000000000034,Zone 4,58.11,Zone 5,25.29,Zone 3,53.74,Zone 5,31.95,Zone 4,61.09,Zone 5,41.16,Zone 5,63.66,Zone 5,58.11,Zone 5,65.64,Zone 5
Kerala,Pathanamthitta,Kunnamthanam,9.4325,76.5969,24.9,2026-09-28,05:00:00,100.0,2026-09-27,05:00:00,2026-09-28 05:05:28,27.75,Zone 4,60.9,Zone 5,27.22,Zone 4,59.79,Zone 5,34.38,Zone 4,62.96,Zone 5,51.33,Zone 5,65.28,Zone 5,60.9,Zone 5,67.07,Zone 5
Kerala,Pathanamthitta,Laha,9.36222,76.8406,23.8,2026-09-28,05:00:00,96.0,2026-09-27,05:00:00,2026-09-28 05:05:28,25.55000000000001,Zone 4,56.65,Zone 5,25.22,Zone 3,52.1,Zone 5,31.73,Zone 4,60.74,Zone 5,39.46,Zone 5,63.35,Zone 5,56.65,Zone 5,65.38,Zone 5
Kerala,Pathanamthitta,Pathanamthitta,9.27,76.78,25.0,2026-09-28,05:00:00,100.0,2026-09-27,05:00:00,2026-09-28 05:05:28,27.950000000000045,Zone 4,60.9,Zone 5,27.22,Zone 4,59.79,Zone 5,34.38,Zone 4,62.96,Zone 5,51.33,Zone 5,65.28,Zone 5,60.9,Zone 5,67.07,Zone 5
Kerala,Pathanamthitta,Ranni Chethackal,9.41354,76.822,22.4,2026-09-28,05:00:00,100.0,2026-09-27,05:00:00,2026-09-28 05:05:28,24.150000000000034,Zone 3,49.49,Zone 5,23.74,Zone 3,44.71,Zone 5,29.39,Zone 4,59.19,Zone 5,35.14,Zone 4,62.0,Zone 5,49.49,Zone 5,64.19,Zone 5
Kerala,Pathanamthitta,Thiruvalla Kallunkal,9.35778,76.5553,28.1,2026-09-28,05:00:00,100.0,2026-09-27,05:00:00,2026-09-28 05:05:28,38.25,Zone 5,66.26,Zone 5,34.81,Zone 4,65.32,Zone 5,59.24,Zone 5,67.65,Zone 5,63.42,Zone 5,69.34,Zone 5,66.26,Zone 5,72.76,Zone 6
Kerala,Pathanamthitta,Ulanadu,9.2377,76.6886,25.0,2026-09-28,05:00:00,100.0,2026-09-27,05:00:00,2026-09-28 05:05:28,27.950000000000045,Zone 4,60.9,Zone 5,27.22,Zone 4,59.79,Zone 5,34.38,Zone 4,62.96,Zone 5,51.33,Zone 5,65.28,Zone 5,60.9,Zone 5,67.07,Zone 5
Kerala,Pathanamthitta,Venkurinji,9.45222,76.8578,23.8,2026-09-28,05:00:00,100.0,2026-09-27,05:00:00,2026-09-28 05:05:28,25.75,Zone 4,59.15,Zone 5,25.42,Zone 4,55.33,Zone 5,32.18,Zone 4,61.44,Zone 5,42.93,Zone 5,63.96,Zone 5,59.15,Zone 5,65.91,Zone 5
Kerala,Thiruvananthapuram,Palode,8.75333,77.0264,24.6,2026-09-28,04:30:00,82.0,2026-09-27,04:30:00,2026-09-28 05:05:28,26.05000000000001,Zone 4,48.35,Zone 5,25.24,Zone 3,43.64,Zone 5,31.19,Zone 4,58.82,Zone 5,36.6,Zone 4,61.8,Zone 5,48.35,Zone 5,64.01,Zone 5
Kerala,Thiruvananthapuram,Pirappancode,8.65944,76.9114,24.8,2026-09-28,05:00:00,100.0,2026-09-27,05:00:00,2026-09-28 05:05:28,27.55000000000001,Zone 4,60.9,Zone 5,27.22,Zone 4,59.79,Zone 5,34.38,Zone 4,62.96,Zone 5,51.33,Zone 5,65.28,Zone 5,60.9,Zone 5,67.07,Zone 5
Kerala,Thiruvananthapuram,Ponmudi,8.7599,77.1169,19.8,2026-09-28,05:00:00,100.0,2026-09-27,05:00:00,2026-09-28 05:05:28,21.25,Zone 3,35.8,Zone 4,20.79,Zone 3,34.6,Zone 4,25.68,Zone 4,45.37,Zone 5,30.87,Zone 4,58.37,Zone 5,35.8,Zone 4,61.39,Zone 5
Kerala,Thiruvananthapuram,Thattathumala,8.79972,76.8803,24.5,2026-09-28,05:00:00,77.0,2026-09-27,05:00:00,2026-09-28 05:05:28,25.650000000000034,Zone 4,44.01,Zone 5,25.05,Zone 3,39.64,Zone 5,30.72,Zone 4,55.4,Zone 5,35.92,Zone 4,60.99,Zone 5,44.01,Zone 5,63.29,Zone 5
Kerala,Thiruvananthapuram,Thiruvananthapuram,8.4667,76.95,25.3,2026-09-28,05:00:00,82.0,2026-09-27,05:00:00,2026-09-28 05:05:28,27.150000000000034,Zone 4,54.96,Zone 5,26.77,Zone 4,50.3,Zone 5,32.93,Zone 4,60.37,Zone 5,38.56,Zone 4,63.02,Zone 5,54.96,Zone 5,65.09,Zone 5
Kerala,Thrissur,Kunnamkulam,10.6466,76.075,25.1,2026-09-28,05:00:00,100.0,2026-09-27,05:00:00,2026-09-28 05:05:28,28.150000000000034,Zone 4,60.9,Zone 5,27.22,Zone 4,59.79,Zone 5,34.38,Zone 4,62.96,Zone 5,51.33,Zone 5,65.28,Zone 5,60.9,Zone 5,67.07,Zone 5
Kerala,Thrissur,Lower Sholayar,10.3187,76.734,21.4,2026-09-28,05:00:00,100.0,2026-09-27,05:00:00,2026-09-28 05:05:28,23.05000000000001,Zone 3,42.68,Zone 5,22.6,Zone 3,38.42,Zone 5,27.79,Zone 4,54.2,Zone 5,33.3,Zone 4,60.72,Zone 5,42.68,Zone 5,63.06,Zone 5
Kerala,Thrissur,Munakkal,,,,,,9.0,2026-09-27,05:00:00,2026-09-28 05:05:28,,,,,,,,,,,,,,,,,,,,
Kerala,Thrissur,Peechi,10.5303,76.3997,23.9,2026-09-28,05:00:00,100.0,2026-09-27,05:00:00,2026-09-28 05:05:28,25.950000000000045,Zone 4,59.15,Zone 5,25.42,Zone 4,55.33,Zone 5,32.18,Zone 4,61.44,Zone 5,42.93,Zone 5,63.96,Zone 5,59.15,Zone 5,65.91,Zone 5
Kerala,Wayanad,Kabanigiri,11.8544,76.1781,20.8,2026-09-28,04:45:00,100.0,2026-09-27,04:45:00,2026-09-28 05:05:28,22.350000000000023,Zone 3,39.6,Zone 5,22.01,Zone 3,36.25,Zone 4,27.05,Zone 4,51.26,Zone 5,32.45,Zone 4,60.09,Zone 5,39.6,Zone 5,62.5,Zone 5
Kerala,Wayanad,Karapuzha,11.618,76.167,21.0,2026-09-28,05:00:00,100.0,2026-09-27,05:00:00,2026-09-28 05:05:28,22.650000000000034,Zone 3,39.6,Zone 5,22.01,Zone 3,36.25,Zone 4,27.05,Zone 4,51.26,Zone 5,32.45,Zone 4,60.09,Zone 5,39.6,Zone 5,62.5,Zone 5
Kerala,Wayanad,Kuppadi,11.6786,76.2269,19.4,2026-09-28,05:00:00,100.0,2026-09-27,05:00:00,2026-09-28 05:05:28,20.75,Zone 3,34.98,Zone 4,20.17,Zone 3,33.84,Zone 4,25.12,Zone 3,42.59,Zone 5,30.14,Zone 4,56.08,Zone 5,34.98,Zone 4,60.84,Zone 5
Kerala,Wayanad,Padamala,11.8111,76.0758,20.4,2026-09-28,05:00:00,100.0,2026-09-27,05:00:00,2026-09-28 05:05:28,21.950000000000045,Zone 3,36.83,Zone 5,21.41,Zone 3,35.41,Zone 4,26.35,Zone 4,48.28,Zone 5,31.64,Zone 4,59.46,Zone 5,36.83,Zone 5,61.94,Zone 5
Ladakh,Kargil,Dras,34.3667,75.8333,3.5,2026-09-28,05:00:00,66.0,2026-09-27,05:00:00,2026-09-28 05:05:28,2.75,Zone 2,20.88,Zone 3,1.45,Zone 2,20.74,Zone 3,10.92,Zone 2,23.48,Zone 3,16.76,Zone 3,25.37,Zone 4,20.88,Zone 3,28.35,Zone 4
Ladakh,Kargil,Garkon,34.56,76.482,16.4,2026-09-28,04:45:00,13.0,2026-09-27,04:45:00,2026-09-28 05:05:28,12.850000000000023,Zone 2,27.54,Zone 4,11.99,Zone 2,27.27,Zone 4,20.05,Zone 3,30.45,Zone 4,24.39,Zone 3,33.44,Zone 4,27.54,Zone 4,36.33,Zone 4
Ladakh,Kargil,Kargil,34.5222,76.1422,9.4,2026-09-28,05:00:00,26.0,2026-09-27,05:00:00,2026-09-28 05:05:28,7.050000000000011,Zone 2,23.56,Zone 3,6.08,Zone 2,23.41,Zone 3,14.4,Zone 3,25.9,Zone 4,20.16,Zone 3,28.93,Zone 4,23.56,Zone 3,31.86,Zone 4
Ladakh,Kargil,Padum Kvk,33.479,76.869,6.6,2026-09-28,05:00:00,40.0,2026-09-27,05:00:00,2026-09-28 05:05:28,4.9500000000000455,Zone 2,22.19,Zone 3,3.7,Zone 2,22.05,Zone 3,12.55,Zone 2,24.54,Zone 3,18.41,Zone 3,27.11,Zone 4,22.19,Zone 3,30.06,Zone 4
Ladakh,Leh,Khaltse,34.556,77.01,14.2,2026-09-28,05:00:00,15.0,2026-09-27,05:00:00,2026-09-28 05:05:28,10.950000000000045,Zone 2,25.81,Zone 4,9.79,Zone 2,25.57,Zone 4,17.96,Zone 3,28.77,Zone 4,22.85,Zone 3,31.77,Zone 4,25.81,Zone 4,34.66,Zone 4
Ladakh,Leh,Nubra Hunder,34.783,77.566,7.0,2026-09-28,04:45:00,40.0,2026-09-27,04:45:00,2026-09-28 05:05:28,5.350000000000023,Zone 2,22.45,Zone 3,4.17,Zone 2,22.3,Zone 3,12.9,Zone 2,24.74,Zone 3,18.75,Zone 3,27.45,Zone 4,22.45,Zone 3,30.41,Zone 4
Ladakh,Leh,Nyoma Kvk,33.209,78.646,5.5,2026-09-28,04:45:00,68.0,2026-09-27,04:45:00,2026-09-28 05:05:28,4.650000000000034,Zone 2,21.96,Zone 3,3.49,Zone 2,21.78,Zone 3,12.37,Zone 2,24.31,Zone 3,18.17,Zone 3,26.75,Zone 4,21.96,Zone 3,29.81,Zone 4
Ladakh,Leh,Tangtse Durbuk,33.98,78.23,5.6,2026-09-28,04:45:00,36.0,2026-09-27,04:45:00,2026-09-28 05:05:28,3.9500000000000455,Zone 2,21.63,Zone 3,2.63,Zone 2,21.51,Zone 3,11.79,Zone 2,24.12,Zone 3,17.67,Zone 3,26.4,Zone 4,21.63,Zone 3,29.32,Zone 4
Ladakh,Leh,Upshi,33.83,77.81,5.6,2026-09-28,04:45:00,51.0,2026-09-27,04:45:00,2026-09-28 05:05:28,4.350000000000023,Zone 2,21.79,Zone 3,3.04,Zone 2,21.64,Zone 3,12.07,Zone 2,24.21,Zone 3,17.91,Zone 3,26.56,Zone 4,21.79,Zone 3,29.54,Zone 4
Madhya Pradesh,Agar,Agar Malwa,23.6806,75.9941,21.2,2026-09-28,05:00:00,100.0,2026-09-27,05:00:00,2026-09-28 05:05:28,22.850000000000023,Zone 3,39.6,Zone 5,22.01,Zone 3,36.25,Zone 4,27.05,Zone 4,51.26,Zone 5,32.45,Zone 4,60.09,Zone 5,39.6,Zone 5,62.5,Zone 5
Madhya Pradesh,Alirajpur,Alirajpur,22.3139,74.3531,21.9,2026-09-28,04:45:00,88.0,2026-09-27,04:45:00,2026-09-28 05:05:28,23.150000000000034,Zone 3,37.9,Zone 4,22.66,Zone 3,36.67,Zone 4,27.82,Zone 4,49.26,Zone 5,33.0,Zone 4,59.66,Zone 5,37.9,Zone 4,62.12,Zone 5
Madhya Pradesh,Anuppur,Amarkantak Crch,22.6765,81.7607,19.2,2026-09-28,05:00:00,100.0,2026-09-27,05:00:00,2026-09-28 05:05:28,20.55000000000001,Zone 3,34.2,Zone 4,19.54,Zone 3,33.11,Zone 4,24.73,Zone 3,40.0,Zone 5,29.44,Zone 4,53.66,Zone 5,34.2,Zone 4,60.29,Zone 5
Madhya Pradesh,Balaghat,Pala Kvk,21.6477,80.3152,23.0,2026-09-28,05:00:00,99.0,2026-09-27,05:00:00,2026-09-28 05:05:28,24.75,Zone 3,52.23,Zone 5,24.26,Zone 3,47.42,Zone 5,30.17,Zone 4,59.77,Zone 5,36.02,Zone 4,62.5,Zone 5,52.23,Zone 5,64.63,Zone 5
Madhya Pradesh,Barwani,Talun Kvk,22.0328,74.9744,22.5,2026-09-28,05:00:00,100.0,2026-09-27,05:00:00,2026-09-28 05:05:28,24.25,Zone 3,49.49,Zone 5,23.74,Zone 3,44.71,Zone 5,29.39,Zone 4,59.19,Zone 5,35.14,Zone 4,62.0,Zone 5,49.49,Zone 5,64.19,Zone 5
Madhya Pradesh,Betul,Betul,,,,,,99.0,2026-09-27,04:45:00,2026-09-28 05:05:28,,,,,,,,,,,,,,,,,,,,
Madhya Pradesh,Bhopal,Berasia,23.62,77.43,21.2,2026-09-28,04:45:00,100.0,2026-09-27,04:45:00,2026-09-28 05:05:28,22.850000000000023,Zone 3,39.6,Zone 5,22.01,Zone 3,36.25,Zone 4,27.05,Zone 4,51.26,Zone 5,32.45,Zone 4,60.09,Zone 5,39.6,Zone 5,62.5,Zone 5
Madhya Pradesh,Bhopal ,Bhopal,23.28,77.35,22.7,2026-09-28,04:45:00,100.0,2026-09-27,04:45:00,2026-09-28 05:05:28,24.450000000000045,Zone 3,49.49,Zone 5,23.74,Zone 3,44.71,Zone 5,29.39,Zone 4,59.19,Zone 5,35.14,Zone 4,62.0,Zone 5,49.49,Zone 5,64.19,Zone 5
Madhya Pradesh,Chhindwara,New Chhindwara,22.0572,78.9382,20.4,2026-09-28,04:45:00,100.0,2026-09-27,04:45:00,2026-09-28 05:05:28,21.950000000000045,Zone 3,36.83,Zone 5,21.41,Zone 3,35.41,Zone 4,26.35,Zone 4,48.28,Zone 5,31.64,Zone 4,59.46,Zone 5,36.83,Zone 5,61.94,Zone 5
Madhya Pradesh,Chhindwara,Sausar,21.66,78.8,20.5,2026-09-28,04:45:00,98.0,2026-09-27,04:45:00,2026-09-28 05:05:28,21.950000000000045,Zone 3,36.45,Zone 4,21.32,Zone 3,35.22,Zone 4,26.26,Zone 4,47.05,Zone 5,31.49,Zone 4,59.19,Zone 5,36.45,Zone 4,61.71,Zone 5
Madhya Pradesh,Guna,Aron Kvk,,,,,,26.0,2026-09-27,05:00:00,2026-09-28 05:05:28,,,,,,,,,,,,,,,,,,,,
Madhya Pradesh,Hoshangabad,Pachmarhi Aec,22.4695,78.4318,19.7,2026-09-28,05:00:00,94.0,2026-09-27,05:00:00,2026-09-28 05:05:28,20.850000000000023,Zone 3,34.47,Zone 4,19.89,Zone 3,33.41,Zone 4,24.99,Zone 3,39.42,Zone 5,29.78,Zone 4,53.07,Zone 5,34.47,Zone 4,60.16,Zone 5
Madhya Pradesh,Mandsaur,Mandsour,24.06,75.1,21.3,2026-09-28,04:45:00,97.0,2026-09-27,04:45:00,2026-09-28 05:05:28,22.850000000000023,Zone 3,40.65,Zone 5,22.47,Zone 3,36.8,Zone 4,27.61,Zone 4,52.3,Zone 5,33.01,Zone 4,60.31,Zone 5,40.65,Zone 5,62.7,Zone 5
Madhya Pradesh,Narsinghpur,Narsinghpur,22.94,79.22,22.4,2026-09-28,04:45:00,100.0,2026-09-27,04:45:00,2026-09-28 05:05:28,24.150000000000034,Zone 3,49.49,Zone 5,23.74,Zone 3,44.71,Zone 5,29.39,Zone 4,59.19,Zone 5,35.14,Zone 4,62.0,Zone 5,49.49,Zone 5,64.19,Zone 5
Madhya Pradesh,Neemuch,Marukheda Kvk,24.4738,74.8969,23.1,2026-09-28,05:00:00,100.0,2026-09-27,05:00:00,2026-09-28 05:05:28,24.850000000000023,Zone 3,53.01,Zone 5,24.29,Zone 3,48.21,Zone 5,30.26,Zone 4,59.93,Zone 5,36.15,Zone 4,62.65,Zone 5,53.01,Zone 5,64.76,Zone 5
Madhya Pradesh,Sagar,Khurai,24.04,78.33,22.1,2026-09-28,04:45:00,91.0,2026-09-27,04:45:00,2026-09-28 05:05:28,23.450000000000045,Zone 3,39.61,Zone 5,22.8,Zone 3,37.0,Zone 4,28.0,Zone 4,51.28,Zone 5,33.28,Zone 4,60.09,Zone 5,39.61,Zone 5,62.5,Zone 5
Madhya Pradesh,Sagar,Sagar,23.83,78.69,18.2,2026-09-28,04:45:00,99.0,2026-09-27,04:45:00,2026-09-28 05:05:28,19.25,Zone 3,32.68,Zone 4,18.21,Zone 3,31.69,Zone 4,23.91,Zone 3,36.2,Zone 4,28.09,Zone 4,48.15,Zone 5,32.68,Zone 4,59.1,Zone 5
Madhya Pradesh,Satna,Satna,24.57,80.82,21.0,2026-09-28,04:45:00,99.0,2026-09-27,04:45:00,2026-09-28 05:05:28,22.55000000000001,Zone 3,38.98,Zone 5,21.96,Zone 3,36.15,Zone 4,27.0,Zone 4,50.63,Zone 5,32.36,Zone 4,59.95,Zone 5,38.98,Zone 5,62.38,Zone 5
Madhya Pradesh,Shajapur,Shajapur,23.4317,76.2636,21.9,2026-09-28,04:45:00,95.0,2026-09-27,04:45:00,2026-09-28 05:05:28,23.450000000000045,Zone 3,42.36,Zone 5,22.97,Zone 3,38.14,Zone 5,28.24,Zone 4,53.92,Zone 5,33.67,Zone 4,60.66,Zone 5,42.36,Zone 5,63.0,Zone 5
Madhya Pradesh,Sidhi,Sidhi,24.41,81.86,22.7,2026-09-28,04:45:00,93.0,2026-09-27,04:45:00,2026-09-28 05:05:28,24.25,Zone 3,44.1,Zone 5,23.46,Zone 3,39.69,Zone 5,28.88,Zone 4,55.46,Zone 5,34.34,Zone 4,61.0,Zone 5,44.1,Zone 5,63.3,Zone 5
Madhya Pradesh,Ujjain,Vikram Vv Ujjain,23.1578,75.806,22.1,2026-09-28,05:00:00,100.0,2026-09-27,05:00:00,2026-09-28 05:05:28,23.850000000000023,Zone 3,46.01,Zone 5,23.18,Zone 3,41.41,Zone 5,28.57,Zone 4,57.02,Zone 5,34.19,Zone 4,61.36,Zone 5,46.01,Zone 5,63.62,Zone 5
Madhya Pradesh,Vidisha,Lateri,,,,,,100.0,2026-09-27,05:00:00,2026-09-28 05:05:28,,,,,,,,,,,,,,,,,,,,
Maharashtra,Amravati,Morshi,21.2833,78.01,22.0,2026-09-28,04:45:00,93.0,2026-09-27,04:45:00,2026-09-28 05:05:28,23.450000000000045,Zone 3,40.96,Zone 5,22.88,Zone 3,37.23,Zone 4,28.12,Zone 4,52.61,Zone 5,33.47,Zone 4,60.38,Zone 5,40.96,Zone 5,62.75,Zone 5
Maharashtra,Beed,Beed Pto,18.990814,75.748339,24.1,2026-09-28,05:00:00,83.0,2026-09-27,05:00:00,2026-09-28 05:05:28,25.350000000000023,Zone 4,45.91,Zone 5,24.74,Zone 3,41.36,Zone 5,30.46,Zone 4,56.96,Zone 5,35.82,Zone 4,61.35,Zone 5,45.91,Zone 5,63.61,Zone 5
Maharashtra,Buldhana,Hiwara,20.14,76.29,20.7,2026-09-28,04:45:00,89.0,2026-09-27,04:45:00,2026-09-28 05:05:28,21.850000000000023,Zone 3,35.55,Zone 4,20.9,Zone 3,34.45,Zone 4,25.88,Zone 4,41.66,Zone 5,30.85,Zone 4,55.25,Zone 5,35.55,Zone 4,60.64,Zone 5
Maharashtra,Chandrapur,Chandrapur Aws400,19.97,79.2984,24.1,2026-09-28,05:00:00,100.0,2026-09-27,05:00:00,2026-09-28 05:05:28,26.350000000000023,Zone 4,59.15,Zone 5,25.42,Zone 4,55.33,Zone 5,32.18,Zone 4,61.44,Zone 5,42.93,Zone 5,63.96,Zone 5,59.15,Zone 5,65.91,Zone 5
Maharashtra,Hingoli,Tondapur Aws400,19.422844,77.401916,21.7,2026-09-28,05:00:00,92.0,2026-09-27,05:00:00,2026-09-28 05:05:28,23.05000000000001,Zone 3,37.51,Zone 4,22.25,Zone 3,36.27,Zone 4,27.34,Zone 4,49.04,Zone 5,32.57,Zone 4,59.62,Zone 5,37.51,Zone 4,62.08,Zone 5
Maharashtra,Kolhapur,Radhanagri Ars,16.41029,73.994119,18.8,2026-09-28,05:00:00,100.0,2026-09-27,05:00:00,2026-09-28 05:05:28,20.05000000000001,Zone 3,34.2,Zone 4,19.54,Zone 3,33.11,Zone 4,24.73,Zone 3,40.0,Zone 5,29.44,Zone 4,53.66,Zone 5,34.2,Zone 4,60.29,Zone 5
Maharashtra,Latur,Udgir Aws400,18.387928,77.118043,24.5,2026-09-28,05:00:00,80.0,2026-09-27,05:00:00,2026-09-28 05:05:28,25.75,Zone 4,46.59,Zone 5,25.17,Zone 3,41.99,Zone 5,30.99,Zone 4,57.51,Zone 5,36.32,Zone 4,61.47,Zone 5,46.59,Zone 5,63.72,Zone 5
Maharashtra,Mumbai Suburban,Ram Mandir,19.1531,72.8497,25.8,2026-09-28,05:00:00,,,,2026-09-28 05:05:28,,,,,,,,,,,,,,,,,,,,
Maharashtra,Mumbai Suburban,Vikhroli,19.1096,72.9282,25.7,2026-09-28,05:00:00,75.0,2026-09-27,05:00:00,2026-09-28 05:05:28,27.25,Zone 4,48.59,Zone 5,26.32,Zone 4,43.89,Zone 5,32.12,Zone 4,59.01,Zone 5,37.41,Zone 4,61.84,Zone 5,48.59,Zone 5,64.05,Zone 5
Maharashtra,Mumbai City,Byculla Mumbai,18.9836,72.8345,26.2,2026-09-28,05:00:00,100.0,2026-09-27,05:00:00,2026-09-28 05:05:28,30.55000000000001,Zone 4,62.67,Zone 5,29.31,Zone 4,61.61,Zone 5,39.34,Zone 5,64.5,Zone 5,59.12,Zone 5,66.62,Zone 5,62.67,Zone 5,68.24,Zone 5
Maharashtra,Mumbai City,Mahalaxmi,18.9799,72.8231,26.9,2026-09-28,05:00:00,,,,2026-09-28 05:05:28,,,,,,,,,,,,,,,,,,,,
Maharashtra,Mumbai City,Mumbai Santa Cruz,19.100662,72.858223,25.4,2026-09-28,04:45:00,,,,2026-09-28 05:05:28,,,,,,,,,,,,,,,,,,,,
Maharashtra,Nagpur,Nagpur,,,,,,83.0,2026-09-27,04:45:00,2026-09-28 05:05:28,,,,,,,,,,,,,,,,,,,,
Maharashtra,Nagpur,Nagpur Kvk,21.0383,79.0572,21.7,2026-09-28,05:00:00,100.0,2026-09-27,05:00:00,2026-09-28 05:05:28,23.350000000000023,Zone 3,42.68,Zone 5,22.6,Zone 3,38.42,Zone 5,27.79,Zone 4,54.2,Zone 5,33.3,Zone 4,60.72,Zone 5,42.68,Zone 5,63.06,Zone 5
Maharashtra,Nagpur,Ramtek Aws400,21.3937,79.3235,24.1,2026-09-28,05:00:00,100.0,2026-09-27,05:00:00,2026-09-28 05:05:28,26.350000000000023,Zone 4,59.15,Zone 5,25.42,Zone 4,55.33,Zone 5,32.18,Zone 4,61.44,Zone 5,42.93,Zone 5,63.96,Zone 5,59.15,Zone 5,65.91,Zone 5
Maharashtra,Nanded,Sagroli Kvk,18.69124,77.732679,22.5,2026-09-28,05:00:00,100.0,2026-09-27,05:00:00,2026-09-28 05:05:28,24.25,Zone 3,49.49,Zone 5,23.74,Zone 3,44.71,Zone 5,29.39,Zone 4,59.19,Zone 5,35.14,Zone 4,62.0,Zone 5,49.49,Zone 5,64.19,Zone 5
Maharashtra,Nandurbar,Shahada Aws400,21.53515,74.485958,21.7,2026-09-28,05:00:00,100.0,2026-09-27,05:00:00,2026-09-28 05:05:28,23.350000000000023,Zone 3,42.68,Zone 5,22.6,Zone 3,38.42,Zone 5,27.79,Zone 4,54.2,Zone 5,33.3,Zone 4,60.72,Zone 5,42.68,Zone 5,63.06,Zone 5
Maharashtra,Nashik,Malegaon,20.569239,74.513275,22.8,2026-09-28,04:45:00,87.0,2026-09-27,04:45:00,2026-09-28 05:05:28,24.05000000000001,Zone 3,42.74,Zone 5,23.78,Zone 3,38.5,Zone 5,29.22,Zone 4,54.28,Zone 5,34.55,Zone 4,60.74,Zone 5,42.74,Zone 5,63.07,Zone 5
Maharashtra,Nashik,Vilholi,19.937324,73.721246,20.2,2026-09-28,05:00:00,100.0,2026-09-27,05:00:00,2026-09-28 05:05:28,21.75,Zone 3,35.8,Zone 4,20.79,Zone 3,34.6,Zone 4,25.68,Zone 4,45.37,Zone 5,30.87,Zone 4,58.37,Zone 5,35.8,Zone 4,61.39,Zone 5
Maharashtra,Palghar,Palghar Aws400,19.7319,72.7609,23.4,2026-09-28,05:00:00,100.0,2026-09-27,05:00:00,2026-09-28 05:05:28,25.150000000000034,Zone 3,56.39,Zone 5,24.83,Zone 3,51.81,Zone 5,31.19,Zone 4,60.68,Zone 5,39.18,Zone 5,63.3,Zone 5,56.39,Zone 5,65.33,Zone 5
Maharashtra,Pune, Nimgiri Junnar,19.2092,73.8725,19.0,2026-09-28,04:45:00,,,,2026-09-28 05:05:28,,,,,,,,,,,,,,,,,,,,
Maharashtra,Pune,Blindschool Kp Pune,18.54,73.8886,22.9,2026-09-28,04:45:00,90.0,2026-09-27,04:45:00,2026-09-28 05:05:28,24.350000000000023,Zone 3,45.06,Zone 5,23.9,Zone 3,40.57,Zone 5,29.44,Zone 4,56.27,Zone 5,34.89,Zone 4,61.18,Zone 5,45.06,Zone 5,63.47,Zone 5
Maharashtra,Pune,Chinchwad Pune,18.6595,73.7987,22.2,2026-09-28,04:45:00,94.0,2026-09-27,04:45:00,2026-09-28 05:05:28,23.75,Zone 3,41.65,Zone 5,22.93,Zone 3,37.53,Zone 5,28.18,Zone 4,53.27,Zone 5,33.57,Zone 4,60.52,Zone 5,41.65,Zone 5,62.88,Zone 5
Maharashtra,Pune,Dps Hadapsar Pune,18.4659,73.9244,23.6,2026-09-28,05:00:00,89.0,2026-09-27,05:00:00,2026-09-28 05:05:28,25.05000000000001,Zone 3,47.59,Zone 5,24.42,Zone 3,42.91,Zone 5,30.17,Zone 4,58.26,Zone 5,35.68,Zone 4,61.66,Zone 5,47.59,Zone 5,63.88,Zone 5
Maharashtra,Pune,Khadakwadi Ambegaon,18.9052,74.0938,19.7,2026-09-28,04:45:00,99.0,2026-09-27,04:45:00,2026-09-28 05:05:28,21.05000000000001,Zone 3,34.9,Zone 4,20.13,Zone 3,33.77,Zone 4,25.1,Zone 3,42.04,Zone 5,30.08,Zone 4,55.6,Zone 5,34.9,Zone 4,60.73,Zone 5
Maharashtra,Pune,Khutbav Daund,18.5056,74.3304,21.1,2026-09-28,04:45:00,,,,2026-09-28 05:05:28,,,,,,,,,,,,,,,,,,,,
Maharashtra,Pune,Lavale,18.5363,73.7325,20.3,2026-09-28,04:45:00,97.0,2026-09-27,04:45:00,2026-09-28 05:05:28,21.650000000000034,Zone 3,36.34,Zone 4,21.27,Zone 3,35.13,Zone 4,26.21,Zone 4,46.43,Zone 5,31.41,Zone 4,59.06,Zone 5,36.34,Zone 4,61.59,Zone 5
Maharashtra,Pune,Magarpatta Pune,18.5115,73.9285,22.6,2026-09-28,04:45:00,96.0,2026-09-27,04:45:00,2026-09-28 05:05:28,24.25,Zone 3,46.39,Zone 5,23.58,Zone 3,41.77,Zone 5,29.09,Zone 4,57.33,Zone 5,34.67,Zone 4,61.43,Zone 5,46.39,Zone 5,63.69,Zone 5
Maharashtra,Pune,Malin Ambegaon,19.1574,73.6811,18.3,2026-09-28,04:45:00,100.0,2026-09-27,04:45:00,2026-09-28 05:05:28,19.450000000000045,Zone 3,33.46,Zone 4,18.9,Zone 3,32.41,Zone 4,24.34,Zone 3,37.62,Zone 5,28.77,Zone 4,51.16,Zone 5,33.46,Zone 4,59.75,Zone 5
Maharashtra,Pune,Mti Pashan Pune,18.5383,73.8045,21.7,2026-09-28,04:45:00,97.0,2026-09-27,04:45:00,2026-09-28 05:05:28,23.25,Zone 3,40.65,Zone 5,22.47,Zone 3,36.8,Zone 4,27.61,Zone 4,52.3,Zone 5,33.01,Zone 4,60.31,Zone 5,40.65,Zone 5,62.7,Zone 5
Maharashtra,Pune,Narayangoan Krishi Kendra,19.1003,73.9655,18.6,2026-09-28,05:00:00,100.0,2026-09-27,05:00:00,2026-09-28 05:05:28,19.850000000000023,Zone 3,33.46,Zone 4,18.9,Zone 3,32.41,Zone 4,24.34,Zone 3,37.62,Zone 5,28.77,Zone 4,51.16,Zone 5,33.46,Zone 4,59.75,Zone 5
Maharashtra,Pune,Nda Pune,18.47,73.78,18.6,2026-09-28,05:00:00,98.0,2026-09-27,05:00:00,2026-09-28 05:05:28,19.75,Zone 3,33.31,Zone 4,18.81,Zone 3,32.29,Zone 4,24.29,Zone 3,36.85,Zone 4,28.67,Zone 4,50.16,Zone 5,33.31,Zone 4,59.53,Zone 5
Maharashtra,Pune,Nes Lakadi Indapur,18.1748,74.689,20.9,2026-09-28,04:45:00,,,,2026-09-28 05:05:28,,,,,,,,,,,,,,,,,,,,
Maharashtra,Pune,Niasm Baramati,18.153,74.5003,21.3,2026-09-28,04:45:00,100.0,2026-09-27,04:45:00,2026-09-28 05:05:28,22.950000000000045,Zone 3,42.68,Zone 5,22.6,Zone 3,38.42,Zone 5,27.79,Zone 4,54.2,Zone 5,33.3,Zone 4,60.72,Zone 5,42.68,Zone 5,63.06,Zone 5
Maharashtra,Pune,Pabal Shirur,18.8344,74.0536,17.6,2026-09-28,04:45:00,99.0,2026-09-27,04:45:00,2026-09-28 05:05:28,18.55000000000001,Zone 3,32.0,Zone 4,17.56,Zone 3,31.05,Zone 4,23.51,Zone 3,35.5,Zone 4,27.47,Zone 4,45.69,Zone 5,32.0,Zone 4,57.42,Zone 5
Maharashtra,Pune,Pashan Tdma Test,18.5246,73.8786,24.2,2026-09-28,04:45:00,73.0,2026-09-27,04:45:00,2026-09-28 05:05:28,25.05000000000001,Zone 3,39.31,Zone 4,24.32,Zone 3,38.14,Zone 4,29.65,Zone 4,49.68,Zone 5,34.62,Zone 4,59.75,Zone 5,39.31,Zone 4,62.2,Zone 5
Maharashtra,Pune,Rajgurunagar,18.841,73.884,20.4,2026-09-28,04:15:00,,,,2026-09-28 05:05:28,,,,,,,,,,,,,,,,,,,,
Maharashtra,Pune,Talegaon,18.722,73.6632,20.2,2026-09-28,05:00:00,,,,2026-09-28 05:05:28,,,,,,,,,,,,,,,,,,,,
Maharashtra,Pune,Talegaon Dhamdhere,18.671,74.148,21.5,2026-09-28,04:45:00,99.0,2026-09-27,04:45:00,2026-09-28 05:05:28,23.150000000000034,Zone 3,41.99,Zone 5,22.56,Zone 3,37.82,Zone 5,27.73,Zone 4,53.58,Zone 5,33.2,Zone 4,60.58,Zone 5,41.99,Zone 5,62.94,Zone 5
Maharashtra,Pune,Wadgaonsheri Pune,18.5482,73.9278,23.2,2026-09-28,04:45:00,79.0,2026-09-27,04:45:00,2026-09-28 05:05:28,24.25,Zone 3,38.46,Zone 4,23.43,Zone 3,37.28,Zone 4,28.67,Zone 4,48.62,Zone 5,33.7,Zone 4,59.53,Zone 5,38.46,Zone 4,62.0,Zone 5
Maharashtra,Pune,Walhe Purandar,18.1748,74.1498,20.2,2026-09-28,04:45:00,99.0,2026-09-27,04:45:00,2026-09-28 05:05:28,21.650000000000034,Zone 3,35.7,Zone 4,20.75,Zone 3,34.52,Zone 4,25.64,Zone 4,44.78,Zone 5,30.8,Zone 4,57.91,Zone 5,35.7,Zone 4,61.27,Zone 5
Maharashtra,Raigad,Iighq Newpanvel,19.0088,73.106,24.9,2026-09-28,04:45:00,100.0,2026-09-27,04:45:00,2026-09-28 05:05:28,27.75,Zone 4,60.9,Zone 5,27.22,Zone 4,59.79,Zone 5,34.38,Zone 4,62.96,Zone 5,51.33,Zone 5,65.28,Zone 5,60.9,Zone 5,67.07,Zone 5
Maharashtra,Raigad,Iig Mo Alibag,18.644514,72.869026,24.7,2026-09-28,04:45:00,100.0,2026-09-27,04:45:00,2026-09-28 05:05:28,27.350000000000023,Zone 4,60.03,Zone 5,26.29,Zone 4,58.62,Zone 5,33.24,Zone 4,62.19,Zone 5,47.04,Zone 5,64.61,Zone 5,60.03,Zone 5,66.49,Zone 5
Maharashtra,Raigad,Karjat,18.915956,73.317216,23.4,2026-09-28,05:00:00,95.0,2026-09-27,05:00:00,2026-09-28 05:05:28,25.05000000000001,Zone 3,52.52,Zone 5,24.65,Zone 3,47.72,Zone 5,30.7,Zone 4,59.83,Zone 5,36.49,Zone 4,62.56,Zone 5,52.52,Zone 5,64.68,Zone 5
Maharashtra,Raigad,Matheran,18.99012,73.266534,20.3,2026-09-28,04:45:00,100.0,2026-09-27,04:45:00,2026-09-28 05:05:28,21.850000000000023,Zone 3,36.83,Zone 5,21.41,Zone 3,35.41,Zone 4,26.35,Zone 4,48.28,Zone 5,31.64,Zone 4,59.46,Zone 5,36.83,Zone 5,61.94,Zone 5
Maharashtra,Ratnagiri,Dapoli,17.754206,73.176743,22.4,2026-09-28,04:45:00,,,,2026-09-28 05:05:28,,,,,,,,,,,,,,,,,,,,
Maharashtra,Ratnagiri,Ratnagiri Aws400,16.9859,73.3285,23.9,2026-09-28,05:00:00,100.0,2026-09-27,05:00:00,2026-09-28 05:05:28,25.950000000000045,Zone 4,59.15,Zone 5,25.42,Zone 4,55.33,Zone 5,32.18,Zone 4,61.44,Zone 5,42.93,Zone 5,63.96,Zone 5,59.15,Zone 5,65.91,Zone 5
Maharashtra,Ratnagiri,Savarde(Golwane),17.23,73.29,23.3,2026-09-28,04:45:00,,,,2026-09-28 05:05:28,,,,,,,,,,,,,,,,,,,,
Maharashtra,Satara,Bgrl Karad,,,,,,62.0,2026-09-27,04:45:00,2026-09-28 05:05:28,,,,,,,,,,,,,,,,,,,,
Maharashtra,Satara,Mahabaleshwar,17.92478,73.66034,18.5,2026-09-28,04:45:00,,,,2026-09-28 05:05:28,,,,,,,,,,,,,,,,,,,,
Maharashtra,Satara,Satara,17.688171,74.026604,21.3,2026-09-28,04:15:00,,,,2026-09-28 05:05:28,,,,,,,,,,,,,,,,,,,,
Maharashtra,Solapur,Mohol Kvk,17.4833,75.3815,23.8,2026-09-28,05:00:00,79.0,2026-09-27,05:00:00,2026-09-28 05:05:28,24.850000000000023,Zone 3,42.61,Zone 5,24.58,Zone 3,38.94,Zone 4,30.12,Zone 4,54.17,Zone 5,35.32,Zone 4,60.71,Zone 5,42.61,Zone 5,63.05,Zone 5
Maharashtra,Solapur,Sangola Mahavidyalaya,17.4208,75.1947,22.9,2026-09-28,05:00:00,98.0,2026-09-27,05:00:00,2026-09-28 05:05:28,24.650000000000034,Zone 3,51.44,Zone 5,24.22,Zone 3,46.63,Zone 5,30.09,Zone 4,59.6,Zone 5,35.88,Zone 4,62.36,Zone 5,51.44,Zone 5,64.5,Zone 5
Maharashtra,Solapur,Solapur,17.2,75.9,25.7,2026-09-28,04:45:00,73.0,2026-09-27,04:45:00,2026-09-28 05:05:28,27.05000000000001,Zone 4,46.73,Zone 5,26.2,Zone 4,42.14,Zone 5,31.91,Zone 4,57.62,Zone 5,37.1,Zone 4,61.5,Zone 5,46.73,Zone 5,63.75,Zone 5
Maharashtra,Thane,Bhayander,19.3147,72.852,25.3,2026-09-28,05:00:00,,,,2026-09-28 05:05:28,,,,,,,,,,,,,,,,,,,,
Maharashtra,Wardha,Wardha,20.78,78.59,22.0,2026-09-28,04:45:00,92.0,2026-09-27,04:45:00,2026-09-28 05:05:28,23.450000000000045,Zone 3,40.28,Zone 5,22.84,Zone 3,37.11,Zone 4,28.06,Zone 4,51.95,Zone 5,33.38,Zone 4,60.23,Zone 5,40.28,Zone 5,62.63,Zone 5
Maharashtra,Yavatmal,Pushad Aws400,19.9547,77.579,20.7,2026-09-28,05:00:00,100.0,2026-09-27,05:00:00,2026-09-28 05:05:28,22.25,Zone 3,36.83,Zone 5,21.41,Zone 3,35.41,Zone 4,26.35,Zone 4,48.28,Zone 5,31.64,Zone 4,59.46,Zone 5,36.83,Zone 5,61.94,Zone 5
Maharashtra,Yavatmal,Yavatmal,20.4025,78.1169,20.0,2026-09-28,04:45:00,99.0,2026-09-27,04:45:00,2026-09-28 05:05:28,21.450000000000045,Zone 3,35.7,Zone 4,20.75,Zone 3,34.52,Zone 4,25.64,Zone 4,44.78,Zone 5,30.8,Zone 4,57.91,Zone 5,35.7,Zone 4,61.27,Zone 5
Manipur,Chandel,Chakpikarong,24.207,93.9039,19.9,2026-09-28,05:00:00,100.0,2026-09-27,05:00:00,2026-09-28 05:05:28,21.350000000000023,Zone 3,35.8,Zone 4,20.79,Zone 3,34.6,Zone 4,25.68,Zone 4,45.37,Zone 5,30.87,Zone 4,58.37,Zone 5,35.8,Zone 4,61.39,Zone 5
Manipur,Chandel,Chandel Kvk,24.3265,94.0224,19.3,2026-09-28,05:00:00,100.0,2026-09-27,05:00:00,2026-09-28 05:05:28,20.650000000000034,Zone 3,34.98,Zone 4,20.17,Zone 3,33.84,Zone 4,25.12,Zone 3,42.59,Zone 5,30.14,Zone 4,56.08,Zone 5,34.98,Zone 4,60.84,Zone 5
Manipur,Imphal East,Jiribam,24.7864,93.1539,26.1,2026-09-28,04:45:00,99.0,2026-09-27,04:45:00,2026-09-28 05:05:28,30.25,Zone 4,62.46,Zone 5,29.2,Zone 4,61.39,Zone 5,38.29,Zone 5,64.32,Zone 5,58.51,Zone 5,66.45,Zone 5,62.46,Zone 5,68.1,Zone 5
Manipur,Imphal East,Porompat,24.8067,93.9603,21.3,2026-09-28,04:45:00,93.0,2026-09-27,04:45:00,2026-09-28 05:05:28,22.650000000000034,Zone 3,38.1,Zone 5,22.3,Zone 3,36.38,Zone 4,27.39,Zone 4,49.7,Zone 5,32.65,Zone 4,59.76,Zone 5,38.1,Zone 5,62.21,Zone 5
Manipur,Kamjong,Kamjong,,,,,,100.0,2026-09-27,05:00:00,2026-09-28 05:05:28,,,,,,,,,,,,,,,,,,,,
Manipur,Kangpokpi,Saikul,,,,,,100.0,2026-09-27,05:00:00,2026-09-28 05:05:28,,,,,,,,,,,,,,,,,,,,
Manipur,Kangpokpi,Tujangvaichong,25.2294,93.8488,19.4,2026-09-28,05:00:00,100.0,2026-09-27,05:00:00,2026-09-28 05:05:28,20.75,Zone 3,34.98,Zone 4,20.17,Zone 3,33.84,Zone 4,25.12,Zone 3,42.59,Zone 5,30.14,Zone 4,56.08,Zone 5,34.98,Zone 4,60.84,Zone 5
Manipur,Noney,Khoupum,24.8547,93.6167,22.4,2026-09-28,05:00:00,100.0,2026-09-27,05:00:00,2026-09-28 05:05:28,24.150000000000034,Zone 3,49.49,Zone 5,23.74,Zone 3,44.71,Zone 5,29.39,Zone 4,59.19,Zone 5,35.14,Zone 4,62.0,Zone 5,49.49,Zone 5,64.19,Zone 5
Manipur,Senapati,Mao,25.5088,94.1497,17.1,2026-09-28,05:00:00,99.0,2026-09-27,05:00:00,2026-09-28 05:05:28,17.950000000000045,Zone 3,31.34,Zone 4,16.9,Zone 3,30.44,Zone 4,23.09,Zone 3,34.82,Zone 4,26.88,Zone 4,43.32,Zone 5,31.34,Zone 4,55.41,Zone 5
Manipur,Tengnoupal,Adc Moreh,24.2596,94.2897,25.0,2026-09-28,05:00:00,100.0,2026-09-27,05:00:00,2026-09-28 05:05:28,27.950000000000045,Zone 4,60.9,Zone 5,27.22,Zone 4,59.79,Zone 5,34.38,Zone 4,62.96,Zone 5,51.33,Zone 5,65.28,Zone 5,60.9,Zone 5,67.07,Zone 5
Meghalaya,East Garo Hills,Williamnagar,25.5094,90.5989,23.7,2026-09-28,04:45:00,93.0,2026-09-27,04:45:00,2026-09-28 05:05:28,25.25,Zone 3,50.89,Zone 5,24.58,Zone 3,46.09,Zone 5,30.52,Zone 4,59.49,Zone 5,36.21,Zone 4,62.26,Zone 5,50.89,Zone 5,64.42,Zone 5
Meghalaya,East Khasi Hills,Khatarshnong Laitkroh,25.439,91.8016,16.1,2026-09-28,05:00:00,84.0,2026-09-27,05:00:00,2026-09-28 05:05:28,15.950000000000045,Zone 3,29.47,Zone 4,14.83,Zone 3,28.77,Zone 4,21.85,Zone 3,32.79,Zone 4,25.37,Zone 4,36.59,Zone 4,29.47,Zone 4,45.1,Zone 5
Meghalaya,East Khasi Hills,Laban,,,,,,97.0,2026-09-27,04:45:00,2026-09-28 05:05:28,,,,,,,,,,,,,,,,,,,,
Meghalaya,East Khasi Hills,Mawryngkneng,25.5514,92.0501,22.8,2026-09-28,04:45:00,,,,2026-09-28 05:05:28,,,,,,,,,,,,,,,,,,,,
Meghalaya,East Khasi Hills,Shillong,25.5658,91.8597,19.3,2026-09-28,04:45:00,96.0,2026-09-27,04:45:00,2026-09-28 05:05:28,20.450000000000045,Zone 3,34.64,Zone 4,19.98,Zone 3,33.55,Zone 4,25.03,Zone 3,40.45,Zone 5,29.9,Zone 4,54.1,Zone 5,34.64,Zone 4,60.39,Zone 5
Meghalaya,Ri Bhoi,Umtrewdam,26.0072,91.8118,28.8,2026-09-28,04:45:00,,,,2026-09-28 05:05:28,,,,,,,,,,,,,,,,,,,,
Meghalaya,South West Garo Hills,Ampati,25.4616,89.9258,25.0,2026-09-28,04:45:00,100.0,2026-09-27,04:45:00,2026-09-28 05:05:28,27.950000000000045,Zone 4,60.9,Zone 5,27.22,Zone 4,59.79,Zone 5,34.38,Zone 4,62.96,Zone 5,51.33,Zone 5,65.28,Zone 5,60.9,Zone 5,67.07,Zone 5
Meghalaya,South West Khasi Hills,Mawkyrwat,25.3706,91.4765,16.3,2026-09-28,05:00:00,100.0,2026-09-27,05:00:00,2026-09-28 05:05:28,16.950000000000045,Zone 3,30.76,Zone 4,16.29,Zone 3,29.89,Zone 4,22.7,Zone 3,34.23,Zone 4,26.35,Zone 4,41.49,Zone 5,30.76,Zone 4,53.72,Zone 5
Meghalaya,West Garo Hills,Tura,25.495,90.2094,25.1,2026-09-28,04:45:00,87.0,2026-09-27,04:45:00,2026-09-28 05:05:28,27.150000000000034,Zone 4,55.98,Zone 5,26.29,Zone 4,51.38,Zone 5,32.61,Zone 4,60.59,Zone 5,38.74,Zone 5,63.22,Zone 5,55.98,Zone 5,65.26,Zone 5
Meghalaya,West Khasi Hills,Nongstoin,25.5219,91.265,17.2,2026-09-28,04:45:00,91.0,2026-09-27,04:45:00,2026-09-28 05:05:28,17.650000000000034,Zone 3,30.93,Zone 4,16.51,Zone 3,30.1,Zone 4,22.89,Zone 3,34.33,Zone 4,26.61,Zone 4,39.9,Zone 5,30.93,Zone 4,52.14,Zone 5
Mizoram,Aizawl,Lengpui,23.84,92.62,25.1,2026-09-28,05:00:00,100.0,2026-09-27,05:00:00,2026-09-28 05:05:28,28.150000000000034,Zone 4,60.9,Zone 5,27.22,Zone 4,59.79,Zone 5,34.38,Zone 4,62.96,Zone 5,51.33,Zone 5,65.28,Zone 5,60.9,Zone 5,67.07,Zone 5
Mizoram,Aizawl,Mizoram University,23.7371,92.6518,23.1,2026-09-28,05:00:00,98.0,2026-09-27,05:00:00,2026-09-28 05:05:28,24.850000000000023,Zone 3,51.44,Zone 5,24.22,Zone 3,46.63,Zone 5,30.09,Zone 4,59.6,Zone 5,35.88,Zone 4,62.36,Zone 5,51.44,Zone 5,64.5,Zone 5
Mizoram,Champhai,Champhai Aws,23.495,93.3094,18.5,2026-09-28,05:00:00,100.0,2026-09-27,05:00:00,2026-09-28 05:05:28,19.650000000000034,Zone 3,33.46,Zone 4,18.9,Zone 3,32.41,Zone 4,24.34,Zone 3,37.62,Zone 5,28.77,Zone 4,51.16,Zone 5,33.46,Zone 4,59.75,Zone 5
Mizoram,Hnathial,Hnathial,22.9522,92.9328,22.7,2026-09-28,05:00:00,100.0,2026-09-27,05:00:00,2026-09-28 05:05:28,24.450000000000045,Zone 3,49.49,Zone 5,23.74,Zone 3,44.71,Zone 5,29.39,Zone 4,59.19,Zone 5,35.14,Zone 4,62.0,Zone 5,49.49,Zone 5,64.19,Zone 5
Mizoram,Khawzawl,Khawzawl,23.5266,93.1789,19.4,2026-09-28,05:00:00,100.0,2026-09-27,05:00:00,2026-09-28 05:05:28,20.75,Zone 3,34.98,Zone 4,20.17,Zone 3,33.84,Zone 4,25.12,Zone 3,42.59,Zone 5,30.14,Zone 4,56.08,Zone 5,34.98,Zone 4,60.84,Zone 5
Mizoram,Kolasib,Kolasib,24.208,92.6757,23.9,2026-09-28,05:00:00,100.0,2026-09-27,05:00:00,2026-09-28 05:05:28,25.950000000000045,Zone 4,59.15,Zone 5,25.42,Zone 4,55.33,Zone 5,32.18,Zone 4,61.44,Zone 5,42.93,Zone 5,63.96,Zone 5,59.15,Zone 5,65.91,Zone 5
Mizoram,Lawngtlai,Chawnhu,22.5055,92.8949,22.9,2026-09-28,05:00:00,100.0,2026-09-27,05:00:00,2026-09-28 05:05:28,24.650000000000034,Zone 3,53.01,Zone 5,24.29,Zone 3,48.21,Zone 5,30.26,Zone 4,59.93,Zone 5,36.15,Zone 4,62.65,Zone 5,53.01,Zone 5,64.76,Zone 5
Mizoram,Mamit,Lengpui Kvk,23.8381,92.6357,24.6,2026-09-28,05:00:00,100.0,2026-09-27,05:00:00,2026-09-28 05:05:28,27.25,Zone 4,60.03,Zone 5,26.29,Zone 4,58.62,Zone 5,33.24,Zone 4,62.19,Zone 5,47.04,Zone 5,64.61,Zone 5,60.03,Zone 5,66.49,Zone 5
Mizoram,Saiha,Saiha,22.4949,92.9988,21.7,2026-09-28,05:00:00,96.0,2026-09-27,05:00:00,2026-09-28 05:05:28,23.25,Zone 3,39.99,Zone 5,22.43,Zone 3,36.69,Zone 4,27.56,Zone 4,51.66,Zone 5,32.92,Zone 4,60.17,Zone 5,39.99,Zone 5,62.57,Zone 5
Mizoram,Serchhip,Serchhip,24.3425,92.8463,22.3,2026-09-28,05:00:00,16.0,2026-09-27,05:00:00,2026-09-28 05:05:28,19.75,Zone 3,32.2,Zone 4,19.05,Zone 3,31.78,Zone 4,25.31,Zone 4,35.02,Zone 4,28.88,Zone 4,38.07,Zone 4,32.2,Zone 4,41.02,Zone 4
Nagaland,Dimapur,Dimapur,25.9091,93.7266,25.4,2026-09-28,05:00:00,100.0,2026-09-27,05:00:00,2026-09-28 05:05:28,28.75,Zone 4,61.78,Zone 5,28.23,Zone 4,60.7,Zone 5,35.61,Zone 4,63.73,Zone 5,55.54,Zone 5,65.94,Zone 5,61.78,Zone 5,67.65,Zone 5
Nagaland,Kiphire,Kiphire Aws400,25.8833,94.7833,19.5,2026-09-28,05:00:00,100.0,2026-09-27,05:00:00,2026-09-28 05:05:28,20.850000000000023,Zone 3,34.98,Zone 4,20.17,Zone 3,33.84,Zone 4,25.12,Zone 3,42.59,Zone 5,30.14,Zone 4,56.08,Zone 5,34.98,Zone 4,60.84,Zone 5
Nagaland,Kohima,Chiephobozou Nerhema,25.7929,94.1312,19.5,2026-09-28,05:00:00,100.0,2026-09-27,05:00:00,2026-09-28 05:05:28,20.850000000000023,Zone 3,34.98,Zone 4,20.17,Zone 3,33.84,Zone 4,25.12,Zone 3,42.59,Zone 5,30.14,Zone 4,56.08,Zone 5,34.98,Zone 4,60.84,Zone 5
Nagaland,Kohima,Kohima,25.65,94.1167,19.0,2026-09-28,04:45:00,95.0,2026-09-27,04:45:00,2026-09-28 05:05:28,20.05000000000001,Zone 3,33.81,Zone 4,19.3,Zone 3,32.78,Zone 4,24.62,Zone 3,37.59,Zone 5,29.17,Zone 4,51.12,Zone 5,33.81,Zone 4,59.74,Zone 5
Nagaland,Kohima,Sechu,25.7,94.0333,19.4,2026-09-28,05:00:00,99.0,2026-09-27,05:00:00,2026-09-28 05:05:28,20.75,Zone 3,34.9,Zone 4,20.13,Zone 3,33.77,Zone 4,25.1,Zone 3,42.04,Zone 5,30.08,Zone 4,55.6,Zone 5,34.9,Zone 4,60.73,Zone 5
Nagaland,Peren,Jalukie,25.6534,93.6669,22.8,2026-09-28,05:00:00,100.0,2026-09-27,05:00:00,2026-09-28 05:05:28,24.55000000000001,Zone 3,53.01,Zone 5,24.29,Zone 3,48.21,Zone 5,30.26,Zone 4,59.93,Zone 5,36.15,Zone 4,62.65,Zone 5,53.01,Zone 5,64.76,Zone 5
Nagaland,Tuensang,Thonoknyu,25.9888,94.9058,17.9,2026-09-28,05:00:00,100.0,2026-09-27,05:00:00,2026-09-28 05:05:28,18.950000000000045,Zone 3,32.74,Zone 4,18.26,Zone 3,31.74,Zone 4,23.94,Zone 3,36.28,Zone 4,28.13,Zone 4,48.64,Zone 5,32.74,Zone 4,59.21,Zone 5
Nagaland,Wokha,Wokha,26.0852,94.255,20.6,2026-09-28,04:45:00,20.0,2026-09-27,04:45:00,2026-09-28 05:05:28,17.950000000000045,Zone 3,30.83,Zone 4,16.8,Zone 3,30.42,Zone 4,23.74,Zone 3,33.7,Zone 4,27.45,Zone 4,36.79,Zone 4,30.83,Zone 4,39.78,Zone 4
Odisha,Balangir,Bolangir,20.7,83.47,23.9,2026-09-28,04:45:00,100.0,2026-09-27,04:45:00,2026-09-28 05:05:28,25.950000000000045,Zone 4,59.15,Zone 5,25.42,Zone 4,55.33,Zone 5,32.18,Zone 4,61.44,Zone 5,42.93,Zone 5,63.96,Zone 5,59.15,Zone 5,65.91,Zone 5
Odisha,Balasore,Fm University,21.553,86.8147,25.7,2026-09-28,05:00:00,100.0,2026-09-27,05:00:00,2026-09-28 05:05:28,29.450000000000045,Zone 4,61.78,Zone 5,28.23,Zone 4,60.7,Zone 5,35.61,Zone 4,63.73,Zone 5,55.54,Zone 5,65.94,Zone 5,61.78,Zone 5,67.65,Zone 5
Odisha,Bargarh,Barapalli,21.18,83.59,24.3,2026-09-28,04:45:00,,,,2026-09-28 05:05:28,,,,,,,,,,,,,,,,,,,,
Odisha,Cuttack,Cuttack Kvk,20.5958,86.0239,25.4,2026-09-28,05:00:00,,,,2026-09-28 05:05:28,,,,,,,,,,,,,,,,,,,,
Odisha,Ganjam,Benakuda Kvk,19.9508,84.5929,24.2,2026-09-28,05:00:00,93.0,2026-09-27,05:00:00,2026-09-28 05:05:28,26.05000000000001,Zone 4,54.31,Zone 5,25.11,Zone 3,49.58,Zone 5,31.41,Zone 4,60.22,Zone 5,37.23,Zone 4,62.9,Zone 5,54.31,Zone 5,64.98,Zone 5
Odisha,Jharsuguda,Jharsuguda,21.89,84.03,23.8,2026-09-28,04:45:00,100.0,2026-09-27,04:45:00,2026-09-28 05:05:28,25.75,Zone 4,59.15,Zone 5,25.42,Zone 4,55.33,Zone 5,32.18,Zone 4,61.44,Zone 5,42.93,Zone 5,63.96,Zone 5,59.15,Zone 5,65.91,Zone 5
Odisha,Kandhamal,Phulbani,20.4786,84.2913,22.4,2026-09-28,05:00:00,100.0,2026-09-27,05:00:00,2026-09-28 05:05:28,24.150000000000034,Zone 3,49.49,Zone 5,23.74,Zone 3,44.71,Zone 5,29.39,Zone 4,59.19,Zone 5,35.14,Zone 4,62.0,Zone 5,49.49,Zone 5,64.19,Zone 5
Odisha,Khurdha,Pitapalli,20.201,85.6671,25.5,2026-09-28,05:00:00,100.0,2026-09-27,05:00:00,2026-09-28 05:05:28,29.05000000000001,Zone 4,61.78,Zone 5,28.23,Zone 4,60.7,Zone 5,35.61,Zone 4,63.73,Zone 5,55.54,Zone 5,65.94,Zone 5,61.78,Zone 5,67.65,Zone 5
Odisha,Mayurbhanj,Baripada,21.9228,86.7405,24.7,2026-09-28,05:00:00,100.0,2026-09-27,05:00:00,2026-09-28 05:05:28,27.350000000000023,Zone 4,60.03,Zone 5,26.29,Zone 4,58.62,Zone 5,33.24,Zone 4,62.19,Zone 5,47.04,Zone 5,64.61,Zone 5,60.03,Zone 5,66.49,Zone 5
Odisha,Puri,Janhukuda(Near Satapada),19.646,85.4058,27.6,2026-09-28,05:00:00,100.0,2026-09-27,05:00:00,2026-09-28 05:05:28,34.450000000000045,Zone 4,65.36,Zone 5,33.22,Zone 4,64.38,Zone 5,54.9,Zone 5,66.86,Zone 5,62.33,Zone 5,68.65,Zone 5,65.36,Zone 5,71.14,Zone 6
Odisha,Puri,Puri Kvk,19.9335,85.8181,26.6,2026-09-28,05:00:00,,,,2026-09-28 05:05:28,,,,,,,,,,,,,,,,,,,,
Odisha,Sambalpur,Dhankauda,21.4691,84.0018,24.4,2026-09-28,05:00:00,82.0,2026-09-27,05:00:00,2026-09-28 05:05:28,25.75,Zone 4,48.35,Zone 5,25.24,Zone 3,43.64,Zone 5,31.19,Zone 4,58.82,Zone 5,36.6,Zone 4,61.8,Zone 5,48.35,Zone 5,64.01,Zone 5
Odisha,Subarnapur,Dungripalli,21.04,83.54,24.2,2026-09-28,04:45:00,,,,2026-09-28 05:05:28,,,,,,,,,,,,,,,,,,,,
Odisha,Sundergarh,Sundergarh,22.1176,84.0436,23.8,2026-09-28,05:00:00,100.0,2026-09-27,05:00:00,2026-09-28 05:05:28,25.75,Zone 4,59.15,Zone 5,25.42,Zone 4,55.33,Zone 5,32.18,Zone 4,61.44,Zone 5,42.93,Zone 5,63.96,Zone 5,59.15,Zone 5,65.91,Zone 5
Puducherry,Mahe,Mahe Jnv,11.7514,75.5439,24.8,2026-09-28,05:00:00,99.0,2026-09-27,05:00:00,2026-09-28 05:05:28,27.55000000000001,Zone 4,60.7,Zone 5,27.14,Zone 4,59.58,Zone 5,34.22,Zone 4,62.78,Zone 5,50.32,Zone 5,65.12,Zone 5,60.7,Zone 5,66.93,Zone 5
Puducherry,Puducherry,Puducherry,11.9517,79.8267,28.1,2026-09-28,04:45:00,96.0,2026-09-27,04:45:00,2026-09-28 05:05:28,35.05000000000001,Zone 4,65.35,Zone 5,33.89,Zone 4,64.38,Zone 5,54.87,Zone 5,66.85,Zone 5,62.33,Zone 5,68.65,Zone 5,65.35,Zone 5,71.13,Zone 6
Puducherry,Puducherry,Puducherry Kvk,11.936,79.7687,26.2,2026-09-28,05:00:00,100.0,2026-09-27,05:00:00,2026-09-28 05:05:28,30.55000000000001,Zone 4,62.67,Zone 5,29.31,Zone 4,61.61,Zone 5,39.34,Zone 5,64.5,Zone 5,59.12,Zone 5,66.62,Zone 5,62.67,Zone 5,68.24,Zone 5
Punjab,Barnala,Barnala,30.36,75.53,21.9,2026-09-28,05:00:00,98.0,2026-09-27,05:00:00,2026-09-28 05:05:28,23.55000000000001,Zone 3,44.52,Zone 5,23.1,Zone 3,40.07,Zone 5,28.43,Zone 4,55.81,Zone 5,33.98,Zone 4,61.08,Zone 5,44.52,Zone 5,63.38,Zone 5
Punjab,Bathinda,Bhatinda Amfu,30.19,74.9333,21.6,2026-09-28,05:00:00,99.0,2026-09-27,05:00:00,2026-09-28 05:05:28,23.25,Zone 3,41.99,Zone 5,22.56,Zone 3,37.82,Zone 5,27.73,Zone 4,53.58,Zone 5,33.2,Zone 4,60.58,Zone 5,41.99,Zone 5,62.94,Zone 5
Punjab,Faridkot,Faridkot Amfu,30.67,74.74,22.8,2026-09-28,05:00:00,,,,2026-09-28 05:05:28,,,,,,,,,,,,,,,,,,,,
Punjab,Fatehgarh Sahib,Fatehgarh Sahib,30.62,76.41,21.4,2026-09-28,05:00:00,100.0,2026-09-27,05:00:00,2026-09-28 05:05:28,23.05000000000001,Zone 3,42.68,Zone 5,22.6,Zone 3,38.42,Zone 5,27.79,Zone 4,54.2,Zone 5,33.3,Zone 4,60.72,Zone 5,42.68,Zone 5,63.06,Zone 5
Punjab,Firozpur,Ferojpur,30.91,74.66,21.3,2026-09-28,05:00:00,99.0,2026-09-27,05:00:00,2026-09-28 05:05:28,22.950000000000045,Zone 3,41.99,Zone 5,22.56,Zone 3,37.82,Zone 5,27.73,Zone 4,53.58,Zone 5,33.2,Zone 4,60.58,Zone 5,41.99,Zone 5,62.94,Zone 5
Punjab,Firozpur,Firozpur Kvk,30.933,74.622,21.5,2026-09-28,05:00:00,99.0,2026-09-27,05:00:00,2026-09-28 05:05:28,23.150000000000034,Zone 3,41.99,Zone 5,22.56,Zone 3,37.82,Zone 5,27.73,Zone 4,53.58,Zone 5,33.2,Zone 4,60.58,Zone 5,41.99,Zone 5,62.94,Zone 5
Punjab,Gurdaspur,Gurdaspur Amfu,32.05,75.42,21.2,2026-09-28,05:00:00,98.0,2026-09-27,05:00:00,2026-09-28 05:05:28,22.75,Zone 3,38.38,Zone 5,21.92,Zone 3,36.05,Zone 4,26.95,Zone 4,49.99,Zone 5,32.28,Zone 4,59.82,Zone 5,38.38,Zone 5,62.26,Zone 5
Punjab,Hoshiarpur,Hosiyarpur,31.38,76.0239,20.5,2026-09-28,04:45:00,100.0,2026-09-27,04:45:00,2026-09-28 05:05:28,22.05000000000001,Zone 3,36.83,Zone 5,21.41,Zone 3,35.41,Zone 4,26.35,Zone 4,48.28,Zone 5,31.64,Zone 4,59.46,Zone 5,36.83,Zone 5,61.94,Zone 5
Punjab,Hoshiarpur,Salern,31.5833,75.98,20.5,2026-09-28,04:45:00,100.0,2026-09-27,04:45:00,2026-09-28 05:05:28,22.05000000000001,Zone 3,36.83,Zone 5,21.41,Zone 3,35.41,Zone 4,26.35,Zone 4,48.28,Zone 5,31.64,Zone 4,59.46,Zone 5,36.83,Zone 5,61.94,Zone 5
Punjab,Jalandhar,Jalandhar,31.05,75.34,20.9,2026-09-28,05:00:00,99.0,2026-09-27,05:00:00,2026-09-28 05:05:28,22.450000000000045,Zone 3,38.98,Zone 5,21.96,Zone 3,36.15,Zone 4,27.0,Zone 4,50.63,Zone 5,32.36,Zone 4,59.95,Zone 5,38.98,Zone 5,62.38,Zone 5
Punjab,Ludhiana,Ludhiyana Amfu,30.55,75.51,20.8,2026-09-28,05:00:00,99.0,2026-09-27,05:00:00,2026-09-28 05:05:28,22.350000000000023,Zone 3,38.98,Zone 5,21.96,Zone 3,36.15,Zone 4,27.0,Zone 4,50.63,Zone 5,32.36,Zone 4,59.95,Zone 5,38.98,Zone 5,62.38,Zone 5
Punjab,Mohali,Mohali,30.79,76.81,23.8,2026-09-28,05:00:00,15.0,2026-09-27,05:00:00,2026-09-28 05:05:28,21.55000000000001,Zone 3,33.34,Zone 4,20.93,Zone 3,32.89,Zone 4,26.49,Zone 4,36.12,Zone 4,30.03,Zone 4,39.16,Zone 4,33.34,Zone 4,42.11,Zone 4
Punjab,Pathankot,Kvk Pathankot,32.3217,75.6622,20.6,2026-09-28,05:00:00,48.0,2026-09-27,05:00:00,2026-09-28 05:05:28,19.650000000000034,Zone 3,32.39,Zone 4,18.65,Zone 3,31.76,Zone 4,24.62,Zone 3,35.47,Zone 4,28.59,Zone 4,38.97,Zone 4,32.39,Zone 4,44.98,Zone 5
Punjab,Pathankot,Thein Dam,32.4409,75.7575,20.9,2026-09-28,05:00:00,100.0,2026-09-27,05:00:00,2026-09-28 05:05:28,22.55000000000001,Zone 3,39.6,Zone 5,22.01,Zone 3,36.25,Zone 4,27.05,Zone 4,51.26,Zone 5,32.45,Zone 4,60.09,Zone 5,39.6,Zone 5,62.5,Zone 5
Punjab,Patiala,Rauni,30.3333,76.27,21.6,2026-09-28,05:00:00,100.0,2026-09-27,05:00:00,2026-09-28 05:05:28,23.25,Zone 3,42.68,Zone 5,22.6,Zone 3,38.42,Zone 5,27.79,Zone 4,54.2,Zone 5,33.3,Zone 4,60.72,Zone 5,42.68,Zone 5,63.06,Zone 5
Punjab,Rupnagar,Bhakra Dam Imdnagal,31.387,76.3783,21.5,2026-09-28,05:00:00,100.0,2026-09-27,05:00:00,2026-09-28 05:05:28,23.150000000000034,Zone 3,42.68,Zone 5,22.6,Zone 3,38.42,Zone 5,27.79,Zone 4,54.2,Zone 5,33.3,Zone 4,60.72,Zone 5,42.68,Zone 5,63.06,Zone 5
Punjab,Rupnagar,Sri Anadpur Sahib Imdjindwadi,31.289,76.4159,21.5,2026-09-28,05:00:00,97.0,2026-09-27,05:00:00,2026-09-28 05:05:28,23.05000000000001,Zone 3,40.65,Zone 5,22.47,Zone 3,36.8,Zone 4,27.61,Zone 4,52.3,Zone 5,33.01,Zone 4,60.31,Zone 5,40.65,Zone 5,62.7,Zone 5
Punjab,Sangrur,Sangrur,30.12,75.89,20.7,2026-09-28,05:00:00,100.0,2026-09-27,05:00:00,2026-09-28 05:05:28,22.25,Zone 3,36.83,Zone 5,21.41,Zone 3,35.41,Zone 4,26.35,Zone 4,48.28,Zone 5,31.64,Zone 4,59.46,Zone 5,36.83,Zone 5,61.94,Zone 5
Rajasthan,Ajmer,Ajmer,26.42,74.62,25.2,2026-09-28,04:45:00,84.0,2026-09-27,04:45:00,2026-09-28 05:05:28,27.05000000000001,Zone 4,53.45,Zone 5,26.11,Zone 4,48.7,Zone 5,32.26,Zone 4,60.03,Zone 5,37.87,Zone 4,62.74,Zone 5,53.45,Zone 5,64.83,Zone 5
Rajasthan,Ajmer,Central University Kishangarh,26.6237,75.0219,25.4,2026-09-28,05:00:00,83.0,2026-09-27,05:00:00,2026-09-28 05:05:28,27.350000000000023,Zone 4,55.82,Zone 5,26.84,Zone 4,51.22,Zone 5,33.06,Zone 4,60.56,Zone 5,38.74,Zone 4,63.19,Zone 5,55.82,Zone 5,65.23,Zone 5
Rajasthan,Bikaner,Chattargarh,28.66,73.12,24.5,2026-09-28,04:45:00,100.0,2026-09-27,04:45:00,2026-09-28 05:05:28,27.05000000000001,Zone 4,60.03,Zone 5,26.29,Zone 4,58.62,Zone 5,33.24,Zone 4,62.19,Zone 5,47.04,Zone 5,64.61,Zone 5,60.03,Zone 5,66.49,Zone 5
Rajasthan,Chittaurgarh,Chittorgarh Kvk,24.8462,74.5828,22.5,2026-09-28,05:00:00,,,,2026-09-28 05:05:28,,,,,,,,,,,,,,,,,,,,
Rajasthan,Churu,Churu,28.28,75.12,22.4,2026-09-28,04:45:00,96.0,2026-09-27,04:45:00,2026-09-28 05:05:28,24.05000000000001,Zone 3,46.39,Zone 5,23.58,Zone 3,41.77,Zone 5,29.09,Zone 4,57.33,Zone 5,34.67,Zone 4,61.43,Zone 5,46.39,Zone 5,63.69,Zone 5
Rajasthan,Jaipur,Amity University,26.8207,75.8175,19.8,2026-09-28,05:00:00,100.0,2026-09-27,05:00:00,2026-09-28 05:05:28,21.25,Zone 3,35.8,Zone 4,20.79,Zone 3,34.6,Zone 4,25.68,Zone 4,45.37,Zone 5,30.87,Zone 4,58.37,Zone 5,35.8,Zone 4,61.39,Zone 5
Rajasthan,Jaipur,Jaipur,26.8,75.8,22.4,2026-09-28,04:45:00,74.0,2026-09-27,04:45:00,2026-09-28 05:05:28,23.150000000000034,Zone 3,37.05,Zone 4,22.61,Zone 3,35.99,Zone 4,27.71,Zone 4,42.49,Zone 5,32.51,Zone 4,55.99,Zone 5,37.05,Zone 4,60.81,Zone 5
Rajasthan,Jaisalmer,Jaisalmer,26.9,70.9167,22.8,2026-09-28,04:45:00,82.0,2026-09-27,04:45:00,2026-09-28 05:05:28,23.850000000000023,Zone 3,39.11,Zone 5,23.57,Zone 3,37.63,Zone 4,28.87,Zone 4,50.78,Zone 5,34.01,Zone 4,59.98,Zone 5,39.11,Zone 5,62.41,Zone 5
Rajasthan,Jhunjhunu,Jhunjhunu(Aws),28.2,75.23,21.7,2026-09-28,05:00:00,100.0,2026-09-27,05:00:00,2026-09-28 05:05:28,23.350000000000023,Zone 3,42.68,Zone 5,22.6,Zone 3,38.42,Zone 5,27.79,Zone 4,54.2,Zone 5,33.3,Zone 4,60.72,Zone 5,42.68,Zone 5,63.06,Zone 5
Rajasthan,Jhunjhunu,Pilani,28.3333,75.58,20.9,2026-09-28,04:45:00,44.0,2026-09-27,04:45:00,2026-09-28 05:05:28,19.75,Zone 3,32.64,Zone 4,19.05,Zone 3,32.02,Zone 4,24.92,Zone 3,35.68,Zone 4,28.89,Zone 4,39.14,Zone 4,32.64,Zone 4,44.48,Zone 5
Rajasthan,Jodhpur,Jodhpur,26.3,73.0167,27.4,2026-09-28,04:45:00,78.0,2026-09-27,04:45:00,2026-09-28 05:05:28,30.350000000000023,Zone 4,60.27,Zone 5,29.89,Zone 4,59.16,Zone 5,36.33,Zone 4,62.41,Zone 5,48.23,Zone 5,64.8,Zone 5,60.27,Zone 5,66.65,Zone 5
Rajasthan,Karauli,Karauli Kvk,26.777,77.0691,21.7,2026-09-28,05:00:00,,,,2026-09-28 05:05:28,,,,,,,,,,,,,,,,,,,,
Rajasthan,Nagaur,Krishi Vishwavidhyalaya,27.2315,73.689,24.1,2026-09-28,05:00:00,96.0,2026-09-27,05:00:00,2026-09-28 05:05:28,26.05000000000001,Zone 4,56.65,Zone 5,25.22,Zone 3,52.1,Zone 5,31.73,Zone 4,60.74,Zone 5,39.46,Zone 5,63.35,Zone 5,56.65,Zone 5,65.38,Zone 5
Rajasthan,Pratapgarh,Pratapgarh,24.0379,74.7635,23.3,2026-09-28,05:00:00,91.0,2026-09-27,05:00:00,2026-09-28 05:05:28,24.75,Zone 3,49.25,Zone 5,24.5,Zone 3,44.48,Zone 5,30.34,Zone 4,59.14,Zone 5,35.94,Zone 4,61.96,Zone 5,49.25,Zone 5,64.15,Zone 5
Rajasthan,Sirohi,Mount Abu,24.5869,72.7036,17.5,2026-09-28,04:45:00,99.0,2026-09-27,04:45:00,2026-09-28 05:05:28,18.450000000000045,Zone 3,32.0,Zone 4,17.56,Zone 3,31.05,Zone 4,23.51,Zone 3,35.5,Zone 4,27.47,Zone 4,45.69,Zone 5,32.0,Zone 4,57.42,Zone 5
Rajasthan,Sirohi,Sirohi Kvk,24.9519,72.8815,19.5,2026-09-28,05:00:00,77.0,2026-09-27,05:00:00,2026-09-28 05:05:28,19.850000000000023,Zone 3,33.18,Zone 4,19.03,Zone 3,32.31,Zone 4,24.58,Zone 3,36.52,Zone 4,28.89,Zone 4,44.01,Zone 5,33.18,Zone 4,56.01,Zone 5
Rajasthan,Sri Ganganagar,Gharsana,29.02,73.07,26.4,2026-09-28,04:30:00,70.0,2026-09-27,04:30:00,2026-09-28 05:05:28,27.950000000000045,Zone 4,50.26,Zone 5,27.47,Zone 4,45.52,Zone 5,33.2,Zone 4,59.36,Zone 5,38.43,Zone 4,62.15,Zone 5,50.26,Zone 5,64.32,Zone 5
Sikkim,Gangtok,Gangtok,27.3314,88.6138,16.1,2026-09-28,05:00:00,100.0,2026-09-27,05:00:00,2026-09-28 05:05:28,16.650000000000034,Zone 3,30.15,Zone 4,15.63,Zone 3,29.32,Zone 4,22.27,Zone 3,33.6,Zone 4,25.79,Zone 4,39.36,Zone 5,30.15,Zone 4,51.58,Zone 5
Sikkim,Namchi,Namchi,27.1642,88.3964,18.1,2026-09-28,05:00:00,99.0,2026-09-27,05:00:00,2026-09-28 05:05:28,19.150000000000034,Zone 3,32.68,Zone 4,18.21,Zone 3,31.69,Zone 4,23.91,Zone 3,36.2,Zone 4,28.09,Zone 4,48.15,Zone 5,32.68,Zone 4,59.1,Zone 5
Sikkim,Soreng,Soreng,27.19,88.16,17.2,2026-09-28,04:45:00,91.0,2026-09-27,04:45:00,2026-09-28 05:05:28,17.650000000000034,Zone 3,30.93,Zone 4,16.51,Zone 3,30.1,Zone 4,22.89,Zone 3,34.33,Zone 4,26.61,Zone 4,39.9,Zone 5,30.93,Zone 4,52.14,Zone 5
Sikkim,Soreng,Soreng,27.19,88.16,17.2,2026-09-28,04:45:00,100.0,2026-09-27,05:00:00,2026-09-28 05:05:28,18.05000000000001,Zone 3,31.4,Zone 4,16.95,Zone 3,30.48,Zone 4,23.12,Zone 3,34.88,Zone 4,26.92,Zone 4,43.77,Zone 5,31.4,Zone 4,55.81,Zone 5
Sikkim,Soreng,Soreng,27.1687,88.2044,17.3,2026-09-28,05:00:00,91.0,2026-09-27,04:45:00,2026-09-28 05:05:28,17.75,Zone 3,31.54,Zone 4,17.16,Zone 3,30.67,Zone 4,23.31,Zone 3,34.96,Zone 4,27.17,Zone 4,42.01,Zone 5,31.54,Zone 4,54.22,Zone 5
Sikkim,Soreng,Soreng,27.1687,88.2044,17.3,2026-09-28,05:00:00,100.0,2026-09-27,05:00:00,2026-09-28 05:05:28,18.150000000000034,Zone 3,32.06,Zone 4,17.61,Zone 3,31.1,Zone 4,23.53,Zone 3,35.57,Zone 4,27.51,Zone 4,46.16,Zone 5,32.06,Zone 4,57.8,Zone 5
Tamil Nadu,Ariyalur,Ariyalur,11.136,79.076,26.3,2026-09-28,04:45:00,94.0,2026-09-27,04:45:00,2026-09-28 05:05:28,30.05000000000001,Zone 4,62.25,Zone 5,29.72,Zone 4,61.18,Zone 5,37.32,Zone 5,64.14,Zone 5,57.64,Zone 5,66.3,Zone 5,62.25,Zone 5,67.97,Zone 5
Tamil Nadu,Chengalpattu,Mahabalipuram,12.6336,80.1976,27.4,2026-09-28,05:00:00,96.0,2026-09-27,05:00:00,2026-09-28 05:05:28,33.05000000000001,Zone 4,64.46,Zone 5,32.46,Zone 4,63.45,Zone 5,49.54,Zone 5,66.07,Zone 5,61.26,Zone 5,67.97,Zone 5,64.46,Zone 5,69.55,Zone 6
Tamil Nadu,Chengalpattu,New Chennai Township Private L,12.3808,80.0578,26.6,2026-09-28,05:00:00,100.0,2026-09-27,05:00:00,2026-09-28 05:05:28,31.55000000000001,Zone 4,63.56,Zone 5,30.49,Zone 4,62.52,Zone 5,44.17,Zone 5,65.28,Zone 5,60.18,Zone 5,67.29,Zone 5,63.56,Zone 5,68.83,Zone 5
Tamil Nadu,Chengalpattu,Vit Chennai,12.8406,80.1534,27.2,2026-09-28,04:45:00,91.0,2026-09-27,04:45:00,2026-09-28 05:05:28,31.650000000000034,Zone 4,62.45,Zone 5,30.46,Zone 4,61.39,Zone 5,38.27,Zone 5,64.32,Zone 5,58.5,Zone 5,66.45,Zone 5,62.45,Zone 5,68.1,Zone 5
Tamil Nadu,Chengalpattu,West Tambaram Sit,12.959,80.05,26.3,2026-09-28,04:45:00,97.0,2026-09-27,04:45:00,2026-09-28 05:05:28,30.450000000000045,Zone 4,62.91,Zone 5,30.09,Zone 4,61.85,Zone 5,40.58,Zone 5,64.71,Zone 5,59.41,Zone 5,66.8,Zone 5,62.91,Zone 5,68.4,Zone 5
Tamil Nadu,Chennai,Chennai,13.075,80.2633,27.9,2026-09-28,05:00:00,95.0,2026-09-27,05:00:00,2026-09-28 05:05:28,34.25,Zone 4,65.12,Zone 5,33.68,Zone 4,64.14,Zone 5,53.52,Zone 5,66.65,Zone 5,62.05,Zone 5,68.47,Zone 5,65.12,Zone 5,70.72,Zone 6
Tamil Nadu,Chennai,Ennore Port,13.2567,80.3467,27.2,2026-09-28,04:45:00,80.0,2026-09-27,04:45:00,2026-09-28 05:05:28,30.25,Zone 4,59.92,Zone 5,29.18,Zone 4,58.28,Zone 5,35.61,Zone 4,62.11,Zone 5,46.54,Zone 5,64.54,Zone 5,59.92,Zone 5,66.42,Zone 5
Tamil Nadu,Chennai,Meenambakkam Isro,12.99,80.1983,26.4,2026-09-28,04:45:00,88.0,2026-09-27,04:45:00,2026-09-28 05:05:28,29.55000000000001,Zone 4,60.92,Zone 5,29.05,Zone 4,59.82,Zone 5,35.9,Zone 4,62.98,Zone 5,51.43,Zone 5,65.29,Zone 5,60.92,Zone 5,67.08,Zone 5
Tamil Nadu,Chennai,Niot Pallikaranai,12.953,80.035,26.5,2026-09-28,04:45:00,79.0,2026-09-27,04:45:00,2026-09-28 05:05:28,28.850000000000023,Zone 4,58.52,Zone 5,28.19,Zone 4,54.24,Zone 5,34.43,Zone 4,61.2,Zone 5,41.66,Zone 5,63.75,Zone 5,58.52,Zone 5,65.72,Zone 5
Tamil Nadu,Coimbatore,Coimbatore Amfu,11.0133,76.9383,23.1,2026-09-28,04:45:00,89.0,2026-09-27,04:45:00,2026-09-28 05:05:28,24.450000000000045,Zone 3,44.28,Zone 5,23.86,Zone 3,39.86,Zone 5,29.37,Zone 4,55.62,Zone 5,34.77,Zone 4,61.04,Zone 5,44.28,Zone 5,63.34,Zone 5
Tamil Nadu,Coimbatore,P N Palayam,11.15,76.94,22.6,2026-09-28,04:45:00,90.0,2026-09-27,04:45:00,2026-09-28 05:05:28,23.950000000000045,Zone 3,41.88,Zone 5,23.34,Zone 3,37.75,Zone 4,28.67,Zone 4,53.49,Zone 5,34.02,Zone 4,60.56,Zone 5,41.88,Zone 5,62.92,Zone 5
Tamil Nadu,Coimbatore,Upasi Tea Research Foundation,10.2682,76.9682,16.7,2026-09-28,05:00:00,43.0,2026-09-27,05:00:00,2026-09-28 05:05:28,14.550000000000011,Zone 3,28.46,Zone 4,13.4,Zone 2,28.01,Zone 4,21.08,Zone 3,31.51,Zone 4,24.95,Zone 3,34.81,Zone 4,28.46,Zone 4,38.0,Zone 4
Tamil Nadu,Cuddalore,Neyveli,11.62,79.545,26.4,2026-09-28,05:00:00,99.0,2026-09-27,05:00:00,2026-09-28 05:05:28,30.950000000000045,Zone 4,63.34,Zone 5,30.36,Zone 4,62.3,Zone 5,42.95,Zone 5,65.09,Zone 5,59.93,Zone 5,67.13,Zone 5,63.34,Zone 5,68.69,Zone 5
Tamil Nadu,Cuddalore,Vridha Chalam,11.51,79.33,26.4,2026-09-28,04:45:00,89.0,2026-09-27,04:45:00,2026-09-28 05:05:28,29.650000000000034,Zone 4,61.15,Zone 5,29.16,Zone 4,60.05,Zone 5,36.08,Zone 4,63.17,Zone 5,52.52,Zone 5,65.46,Zone 5,61.15,Zone 5,67.23,Zone 5
Tamil Nadu,Dharmapuri,Palacode,12.29,78.07,24.6,2026-09-28,04:45:00,80.0,2026-09-27,04:45:00,2026-09-28 05:05:28,25.950000000000045,Zone 4,46.59,Zone 5,25.17,Zone 3,41.99,Zone 5,30.99,Zone 4,57.51,Zone 5,36.32,Zone 4,61.47,Zone 5,46.59,Zone 5,63.72,Zone 5
Tamil Nadu,Dindigul,Palani,10.4556,77.523,23.1,2026-09-28,04:45:00,76.0,2026-09-27,04:45:00,2026-09-28 05:05:28,23.950000000000045,Zone 3,38.07,Zone 4,23.3,Zone 3,36.94,Zone 4,28.48,Zone 4,46.46,Zone 5,33.41,Zone 4,59.06,Zone 5,38.07,Zone 4,61.59,Zone 5
Tamil Nadu,Dindigul,Vedasandur,10.5367,77.965,25.8,2026-09-28,04:45:00,68.0,2026-09-27,04:45:00,2026-09-28 05:05:28,26.950000000000045,Zone 4,45.17,Zone 5,26.6,Zone 4,40.74,Zone 4,32.16,Zone 4,56.39,Zone 5,37.22,Zone 4,61.21,Zone 5,45.17,Zone 5,63.49,Zone 5
Tamil Nadu,Kallakurichi,Kallakurichi,11.7333,78.95,27.1,2026-09-28,04:45:00,71.0,2026-09-27,04:45:00,2026-09-28 05:05:28,29.150000000000034,Zone 4,54.42,Zone 5,28.33,Zone 4,49.74,Zone 5,34.2,Zone 4,60.25,Zone 5,39.58,Zone 4,62.92,Zone 5,54.42,Zone 5,65.0,Zone 5
Tamil Nadu,Kallakurichi,Kallakurichi(Taluk Office),11.7409,78.9651,26.3,2026-09-28,05:00:00,91.0,2026-09-27,05:00:00,2026-09-28 05:05:28,29.75,Zone 4,61.59,Zone 5,29.38,Zone 4,60.5,Zone 5,36.46,Zone 4,63.56,Zone 5,54.64,Zone 5,65.8,Zone 5,61.59,Zone 5,67.53,Zone 5
Tamil Nadu,Kallakurichi,Thirukoilur,11.95,79.1833,26.8,2026-09-28,05:00:00,90.0,2026-09-27,05:00:00,2026-09-28 05:05:28,30.650000000000034,Zone 4,62.23,Zone 5,30.33,Zone 4,61.16,Zone 5,37.53,Zone 4,64.12,Zone 5,57.53,Zone 5,66.28,Zone 5,62.23,Zone 5,67.95,Zone 5
Tamil Nadu,Kanchipuram,Acs Medical College,13.068,80.2469,28.1,2026-09-28,04:45:00,92.0,2026-09-27,04:45:00,2026-09-28 05:05:28,34.150000000000034,Zone 4,64.43,Zone 5,33.08,Zone 4,63.42,Zone 5,49.35,Zone 5,66.04,Zone 5,61.22,Zone 5,67.95,Zone 5,64.43,Zone 5,69.5,Zone 6
Tamil Nadu,Kanchipuram,Chembarambakkam,13.0,80.0833,27.5,2026-09-28,04:45:00,91.0,2026-09-27,04:45:00,2026-09-28 05:05:28,32.450000000000045,Zone 4,63.32,Zone 5,31.62,Zone 4,62.28,Zone 5,42.83,Zone 5,65.08,Zone 5,59.9,Zone 5,67.11,Zone 5,63.32,Zone 5,68.68,Zone 5
Tamil Nadu,Kanchipuram,Kanchipuram Isro,12.8333,79.7017,26.2,2026-09-28,05:00:00,74.0,2026-09-27,05:00:00,2026-09-28 05:05:28,27.950000000000045,Zone 4,50.91,Zone 5,27.0,Zone 4,46.15,Zone 5,32.85,Zone 4,59.5,Zone 5,38.18,Zone 4,62.27,Zone 5,50.91,Zone 5,64.42,Zone 5
Tamil Nadu,Kanchipuram,Lmois  Kolapakkam,13.0,80.1333,27.9,2026-09-28,05:00:00,91.0,2026-09-27,05:00:00,2026-09-28 05:05:28,33.450000000000045,Zone 4,64.2,Zone 5,32.89,Zone 4,63.18,Zone 5,47.94,Zone 5,65.84,Zone 5,60.94,Zone 5,67.77,Zone 5,64.2,Zone 5,69.26,Zone 5
Tamil Nadu,Kanchipuram,Sathyabama  University,12.8667,80.2,27.4,2026-09-28,04:45:00,97.0,2026-09-27,04:45:00,2026-09-28 05:05:28,33.25,Zone 4,64.69,Zone 5,32.64,Zone 4,63.69,Zone 5,50.9,Zone 5,66.27,Zone 5,61.53,Zone 5,68.14,Zone 5,64.69,Zone 5,69.95,Zone 6
Tamil Nadu,Kanyakumari,Lower Kothaiyar,8.5,77.3,22.9,2026-09-28,04:45:00,,,,2026-09-28 05:05:28,,,,,,,,,,,,,,,,,,,,
Tamil Nadu,Kanyakumari,Thirupathisaram Amfu,8.2103,77.4524,25.1,2026-09-28,04:45:00,95.0,2026-09-27,04:45:00,2026-09-28 05:05:28,27.75,Zone 4,59.87,Zone 5,26.84,Zone 4,58.06,Zone 5,33.64,Zone 4,62.06,Zone 5,46.28,Zone 5,64.5,Zone 5,59.87,Zone 5,66.38,Zone 5
Tamil Nadu,Krishnagiri,Denkanikottai,12.52,77.79,21.3,2026-09-28,05:00:00,91.0,2026-09-27,05:00:00,2026-09-28 05:05:28,22.55000000000001,Zone 3,37.39,Zone 4,22.21,Zone 3,36.17,Zone 4,27.29,Zone 4,48.38,Zone 5,32.48,Zone 4,59.48,Zone 5,37.39,Zone 4,61.96,Zone 5
Tamil Nadu,Krishnagiri,Hosur,12.7183,77.8267,20.5,2026-09-28,04:45:00,,,,2026-09-28 05:05:28,,,,,,,,,,,,,,,,,,,,
Tamil Nadu,Mayiladuthurai,Mayiladuthurai,11.1008,79.6824,26.4,2026-09-28,05:00:00,,,,2026-09-28 05:05:28,,,,,,,,,,,,,,,,,,,,
Tamil Nadu,Nagapattinam,Mo Nagapattinam Campus,10.7569,79.8465,26.6,2026-09-28,05:00:00,100.0,2026-09-27,05:00:00,2026-09-28 05:05:28,31.55000000000001,Zone 4,63.56,Zone 5,30.49,Zone 4,62.52,Zone 5,44.17,Zone 5,65.28,Zone 5,60.18,Zone 5,67.29,Zone 5,63.56,Zone 5,68.83,Zone 5
Tamil Nadu,Nagapattinam,Vedharanyam,10.3861,79.8498,27.4,2026-09-28,05:00:00,88.0,2026-09-27,05:00:00,2026-09-28 05:05:28,31.75,Zone 4,62.63,Zone 5,31.17,Zone 4,61.57,Zone 5,39.14,Zone 5,64.47,Zone 5,59.08,Zone 5,66.59,Zone 5,62.63,Zone 5,68.22,Zone 5
Tamil Nadu,Ramanathapuram,Ramnadu Kvk,9.3462,78.8981,27.2,2026-09-28,05:00:00,,,,2026-09-28 05:05:28,,,,,,,,,,,,,,,,,,,,
Tamil Nadu,Ranipet,Kalavai,12.8117,79.4617,26.9,2026-09-28,05:00:00,93.0,2026-09-27,05:00:00,2026-09-28 05:05:28,31.25,Zone 4,62.9,Zone 5,30.73,Zone 4,61.85,Zone 5,40.55,Zone 5,64.71,Zone 5,59.4,Zone 5,66.79,Zone 5,62.9,Zone 5,68.4,Zone 5
Tamil Nadu,Ranipet,Ranipet,13.0162,79.7763,25.4,2026-09-28,05:00:00,100.0,2026-09-27,05:00:00,2026-09-28 05:05:28,28.75,Zone 4,61.78,Zone 5,28.23,Zone 4,60.7,Zone 5,35.61,Zone 4,63.73,Zone 5,55.54,Zone 5,65.94,Zone 5,61.78,Zone 5,67.65,Zone 5
Tamil Nadu,Salem,Govt Hss Mettur,11.7918,77.8,26.8,2026-09-28,05:00:00,75.0,2026-09-27,05:00:00,2026-09-28 05:05:28,28.950000000000045,Zone 4,58.06,Zone 5,28.69,Zone 4,53.72,Zone 5,34.8,Zone 4,61.08,Zone 5,41.09,Zone 5,63.65,Zone 5,58.06,Zone 5,65.64,Zone 5
Tamil Nadu,Salem,Sandhiyur Kvk,11.5679,78.1403,25.4,2026-09-28,05:00:00,72.0,2026-09-27,05:00:00,2026-09-28 05:05:28,26.55000000000001,Zone 4,45.81,Zone 5,26.14,Zone 4,41.29,Zone 5,31.8,Zone 4,56.9,Zone 5,36.95,Zone 4,61.33,Zone 5,45.81,Zone 5,63.6,Zone 5
Tamil Nadu,Salem,Vazhapadi,11.65,78.39,26.4,2026-09-28,04:45:00,,,,2026-09-28 05:05:28,,,,,,,,,,,,,,,,,,,,
Tamil Nadu,Tenkasi,Tenkasi,8.97243,77.3032,26.7,2026-09-28,05:00:00,80.0,2026-09-27,05:00:00,2026-09-28 05:05:28,29.350000000000023,Zone 4,59.1,Zone 5,28.28,Zone 4,55.16,Zone 5,34.58,Zone 4,61.4,Zone 5,42.69,Zone 5,63.92,Zone 5,59.1,Zone 5,65.88,Zone 5
Tamil Nadu,The Nilgiris,Coonoor,11.36,76.805,15.9,2026-09-28,04:30:00,89.0,2026-09-27,04:30:00,2026-09-28 05:05:28,15.950000000000045,Zone 3,29.68,Zone 4,15.08,Zone 3,28.93,Zone 4,21.99,Zone 3,33.03,Zone 4,25.5,Zone 4,36.91,Zone 4,29.68,Zone 4,47.12,Zone 5
Tamil Nadu,Thoothukudi,Thiruchendur,8.5083,78.1217,26.5,2026-09-28,04:45:00,82.0,2026-09-27,04:45:00,2026-09-28 05:05:28,29.150000000000034,Zone 4,59.56,Zone 5,28.46,Zone 4,56.94,Zone 5,34.89,Zone 4,61.8,Zone 5,44.82,Zone 5,64.27,Zone 5,59.56,Zone 5,66.18,Zone 5
Tamil Nadu,Tiruchirappalli,Thuvakudi Isro,10.750757,78.827776,26.4,2026-09-28,04:45:00,85.0,2026-09-27,04:45:00,2026-09-28 05:05:28,29.25,Zone 4,60.24,Zone 5,28.75,Zone 4,59.13,Zone 5,35.38,Zone 4,62.39,Zone 5,48.11,Zone 5,64.78,Zone 5,60.24,Zone 5,66.63,Zone 5
Tamil Nadu,Tirunelveli,Radhapuram,8.2669,77.6689,26.5,2026-09-28,05:00:00,80.0,2026-09-27,05:00:00,2026-09-28 05:05:28,28.950000000000045,Zone 4,59.1,Zone 5,28.28,Zone 4,55.16,Zone 5,34.58,Zone 4,61.4,Zone 5,42.69,Zone 5,63.92,Zone 5,59.1,Zone 5,65.88,Zone 5
Tamil Nadu,Tirunelveli,Tirunelveli,8.745,77.7117,27.2,2026-09-28,05:00:00,68.0,2026-09-27,05:00:00,2026-09-28 05:05:28,28.950000000000045,Zone 4,51.46,Zone 5,28.07,Zone 4,46.71,Zone 5,33.79,Zone 4,59.62,Zone 5,39.01,Zone 4,62.37,Zone 5,51.46,Zone 5,64.51,Zone 5
Tamil Nadu,Tirupattur,Tirupattur Collectoroffice,12.5002,78.5662,26.2,2026-09-28,05:00:00,,,,2026-09-28 05:05:28,,,,,,,,,,,,,,,,,,,,
Tamil Nadu,Tirupattur,Vaniyambadi,,,,,,66.0,2026-09-27,04:45:00,2026-09-28 05:05:28,,,,,,,,,,,,,,,,,,,,
Tamil Nadu,Tiruppur,Tiruppur Collector Office,11.0818,77.34,25.3,2026-09-28,05:00:00,86.0,2026-09-27,05:00:00,2026-09-28 05:05:28,27.350000000000023,Zone 4,58.26,Zone 5,27.05,Zone 4,53.92,Zone 5,33.45,Zone 4,61.13,Zone 5,41.33,Zone 5,63.69,Zone 5,58.26,Zone 5,65.67,Zone 5
Tamil Nadu,Tiruvallur,Good Will School Villivakkam,13.1144,80.2025,27.5,2026-09-28,05:00:00,85.0,2026-09-27,05:00:00,2026-09-28 05:05:28,31.450000000000045,Zone 4,61.93,Zone 5,30.76,Zone 4,60.85,Zone 5,37.74,Zone 4,63.86,Zone 5,56.21,Zone 5,66.06,Zone 5,61.93,Zone 5,67.75,Zone 5
Tamil Nadu,Tiruvallur,Jaya Engineering Clg,13.1339,80.0452,26.8,2026-09-28,05:00:00,65.0,2026-09-27,05:00:00,2026-09-28 05:05:28,28.150000000000034,Zone 4,48.42,Zone 5,27.84,Zone 4,43.75,Zone 5,33.4,Zone 4,58.9,Zone 5,38.48,Zone 4,61.82,Zone 5,48.42,Zone 5,64.02,Zone 5
Tamil Nadu,Tiruvallur,Poonamallee,13.05,80.0833,26.4,2026-09-28,04:45:00,89.0,2026-09-27,04:45:00,2026-09-28 05:05:28,29.650000000000034,Zone 4,61.15,Zone 5,29.16,Zone 4,60.05,Zone 5,36.08,Zone 4,63.17,Zone 5,52.52,Zone 5,65.46,Zone 5,61.15,Zone 5,67.23,Zone 5
Tamil Nadu,Tiruvallur,Puzhal,13.15,80.1833,27.9,2026-09-28,05:00:00,,,,2026-09-28 05:05:28,,,,,,,,,,,,,,,,,,,,
Tamil Nadu,Tiruvallur,R.K.Pet,13.15,79.4167,25.6,2026-09-28,04:45:00,92.0,2026-09-27,04:45:00,2026-09-28 05:05:28,28.450000000000045,Zone 4,60.09,Zone 5,27.52,Zone 4,58.87,Zone 5,34.3,Zone 4,62.25,Zone 5,47.37,Zone 5,64.67,Zone 5,60.09,Zone 5,66.53,Zone 5
Tamil Nadu,Tiruvallur,Tirur Kvk,13.1198,79.9567,26.5,2026-09-28,05:00:00,,,,2026-09-28 05:05:28,,,,,,,,,,,,,,,,,,,,
Tamil Nadu,Tiruvannamalai,Cheyyar,12.6667,79.5333,27.0,2026-09-28,05:00:00,92.0,2026-09-27,05:00:00,2026-09-28 05:05:28,31.350000000000023,Zone 4,62.68,Zone 5,30.59,Zone 4,61.62,Zone 5,39.39,Zone 5,64.51,Zone 5,59.13,Zone 5,66.63,Zone 5,62.68,Zone 5,68.25,Zone 5
Tamil Nadu,Tiruvannamalai,Tiruvannamalai Isro,12.2667,79.0667,26.0,2026-09-28,04:45:00,79.0,2026-09-27,04:45:00,2026-09-28 05:05:28,28.05000000000001,Zone 4,55.51,Zone 5,27.36,Zone 4,50.89,Zone 5,33.48,Zone 4,60.49,Zone 5,39.06,Zone 4,63.13,Zone 5,55.51,Zone 5,65.18,Zone 5
Tamil Nadu,Tiruvarur,Tiruvarur,10.7766,79.6062,26.4,2026-09-28,05:00:00,100.0,2026-09-27,05:00:00,2026-09-28 05:05:28,31.05000000000001,Zone 4,63.56,Zone 5,30.49,Zone 4,62.52,Zone 5,44.17,Zone 5,65.28,Zone 5,60.18,Zone 5,67.29,Zone 5,63.56,Zone 5,68.83,Zone 5
Tamil Nadu,Vellore,Virinjipuram Kvk,12.9345,79.0209,25.0,2026-09-28,05:00:00,32.0,2026-09-27,05:00:00,2026-09-28 05:05:28,24.05000000000001,Zone 3,35.69,Zone 4,23.41,Zone 3,35.04,Zone 4,28.17,Zone 4,38.6,Zone 4,32.04,Zone 4,41.97,Zone 4,35.69,Zone 4,50.0,Zone 5
Tamil Nadu,Viluppuram,Mailam,12.1317,79.6167,26.7,2026-09-28,04:45:00,100.0,2026-09-27,04:45:00,2026-09-28 05:05:28,31.850000000000023,Zone 4,63.56,Zone 5,30.49,Zone 4,62.52,Zone 5,44.17,Zone 5,65.28,Zone 5,60.18,Zone 5,67.29,Zone 5,63.56,Zone 5,68.83,Zone 5
Telangana,Hyderabad,Golkonda,17.38,78.4,25.5,2026-09-28,04:30:00,83.0,2026-09-27,04:30:00,2026-09-28 05:05:28,27.450000000000045,Zone 4,55.82,Zone 5,26.84,Zone 4,51.22,Zone 5,33.06,Zone 4,60.56,Zone 5,38.74,Zone 4,63.19,Zone 5,55.82,Zone 5,65.23,Zone 5
Telangana,Kamareddy,Nagireddypet,18.1149,78.1373,21.8,2026-09-28,05:00:00,100.0,2026-09-27,05:00:00,2026-09-28 05:05:28,23.55000000000001,Zone 3,46.01,Zone 5,23.18,Zone 3,41.41,Zone 5,28.57,Zone 4,57.02,Zone 5,34.19,Zone 4,61.36,Zone 5,46.01,Zone 5,63.62,Zone 5
Telangana,Karimnagar,Karimnagar,18.46,79.11,24.1,2026-09-28,05:00:00,92.0,2026-09-27,05:00:00,2026-09-28 05:05:28,25.850000000000023,Zone 4,53.5,Zone 5,25.08,Zone 3,48.74,Zone 5,31.31,Zone 4,60.04,Zone 5,37.08,Zone 4,62.74,Zone 5,53.5,Zone 5,64.84,Zone 5
Telangana,Khammam,Wyra Kvk,17.1817,80.3722,23.4,2026-09-28,05:00:00,68.0,2026-09-27,05:00:00,2026-09-28 05:05:28,23.950000000000045,Zone 3,37.84,Zone 4,23.51,Zone 3,36.79,Zone 4,28.63,Zone 4,43.32,Zone 5,33.37,Zone 4,56.71,Zone 5,37.84,Zone 4,60.98,Zone 5
Telangana,Mahbubnagar,Kodangal,,,,,,6.0,2026-09-27,05:00:00,2026-09-28 05:05:28,,,,,,,,,,,,,,,,,,,,
Telangana,Mahbubnagar,Mahbubnagar,16.75,77.99,22.6,2026-09-28,04:45:00,,,,2026-09-28 05:05:28,,,,,,,,,,,,,,,,,,,,
Telangana,Medak,Ars Basanthpur,17.7955,77.5472,21.2,2026-09-28,05:00:00,100.0,2026-09-27,05:00:00,2026-09-28 05:05:28,22.850000000000023,Zone 3,39.6,Zone 5,22.01,Zone 3,36.25,Zone 4,27.05,Zone 4,51.26,Zone 5,32.45,Zone 4,60.09,Zone 5,39.6,Zone 5,62.5,Zone 5
Telangana,Medak,Ars Narsapur,17.6974,78.3189,19.6,2026-09-28,04:45:00,100.0,2026-09-27,04:45:00,2026-09-28 05:05:28,21.05000000000001,Zone 3,34.98,Zone 4,20.17,Zone 3,33.84,Zone 4,25.12,Zone 3,42.59,Zone 5,30.14,Zone 4,56.08,Zone 5,34.98,Zone 4,60.84,Zone 5
Telangana,Medchal Malkajgiri,Cgwb Nagole,17.3664,78.5895,20.3,2026-09-28,04:45:00,96.0,2026-09-27,04:45:00,2026-09-28 05:05:28,21.650000000000034,Zone 3,36.24,Zone 4,21.23,Zone 3,35.05,Zone 4,26.17,Zone 4,45.82,Zone 5,31.34,Zone 4,58.72,Zone 5,36.24,Zone 4,61.47,Zone 5
Telangana,Medchal Malkajgiri,Kukatpally Jntu,17.4958,78.3908,23.7,2026-09-28,05:00:00,91.0,2026-09-27,05:00:00,2026-09-28 05:05:28,25.150000000000034,Zone 3,49.25,Zone 5,24.5,Zone 3,44.48,Zone 5,30.34,Zone 4,59.14,Zone 5,35.94,Zone 4,61.96,Zone 5,49.25,Zone 5,64.15,Zone 5
Telangana,Medchal Malkajgiri,Uppal,17.4,78.56,23.3,2026-09-28,04:45:00,84.0,2026-09-27,04:45:00,2026-09-28 05:05:28,24.55000000000001,Zone 3,43.53,Zone 5,24.22,Zone 3,39.2,Zone 5,29.76,Zone 4,54.98,Zone 5,35.06,Zone 4,60.89,Zone 5,43.53,Zone 5,63.21,Zone 5
Telangana,Nalgonda,Devarakonda,16.69,79.92,26.6,2026-09-28,04:45:00,83.0,2026-09-27,04:45:00,2026-09-28 05:05:28,29.450000000000045,Zone 4,59.79,Zone 5,28.56,Zone 4,57.79,Zone 5,35.05,Zone 4,61.99,Zone 5,45.9,Zone 5,64.44,Zone 5,59.79,Zone 5,66.33,Zone 5
Telangana,Nirmal ,Bhainsa Arg,19.1031,77.9653,22.7,2026-09-28,04:45:00,,,,2026-09-28 05:05:28,,,,,,,,,,,,,,,,,,,,
Telangana,Peddapalli,Ars Peddapally,18.5454,79.5417,22.7,2026-09-28,05:00:00,100.0,2026-09-27,05:00:00,2026-09-28 05:05:28,24.450000000000045,Zone 3,49.49,Zone 5,23.74,Zone 3,44.71,Zone 5,29.39,Zone 4,59.19,Zone 5,35.14,Zone 4,62.0,Zone 5,49.49,Zone 5,64.19,Zone 5
Telangana,Rajanna Sircilla,Sircilla,18.2595,78.8192,22.1,2026-09-28,05:00:00,99.0,2026-09-27,05:00:00,2026-09-28 05:05:28,23.75,Zone 3,45.26,Zone 5,23.14,Zone 3,40.73,Zone 5,28.5,Zone 4,56.42,Zone 5,34.09,Zone 4,61.22,Zone 5,45.26,Zone 5,63.5,Zone 5
Telangana,Ranga Reddy,Cbit Gandipet,17.392817,78.318424,21.6,2026-09-28,04:45:00,91.0,2026-09-27,04:45:00,2026-09-28 05:05:28,22.950000000000045,Zone 3,37.39,Zone 4,22.21,Zone 3,36.17,Zone 4,27.29,Zone 4,48.38,Zone 5,32.48,Zone 4,59.48,Zone 5,37.39,Zone 4,61.96,Zone 5
Telangana,Ranga Reddy,Chevella,17.31,78.13,22.8,2026-09-28,05:00:00,78.0,2026-09-27,05:00:00,2026-09-28 05:05:28,23.75,Zone 3,38.33,Zone 4,23.39,Zone 3,37.16,Zone 4,28.61,Zone 4,47.9,Zone 5,33.6,Zone 4,59.37,Zone 5,38.33,Zone 4,61.87,Zone 5
Telangana,Ranga Reddy,Daira,17.3624,78.695,20.7,2026-09-28,05:00:00,94.0,2026-09-27,05:00:00,2026-09-28 05:05:28,22.05000000000001,Zone 3,36.03,Zone 4,21.13,Zone 3,34.87,Zone 4,26.09,Zone 4,44.6,Zone 5,31.2,Zone 4,57.77,Zone 5,36.03,Zone 4,61.24,Zone 5
Telangana,Ranga Reddy,Dullapally,,,,,,59.0,2026-09-27,04:45:00,2026-09-28 05:05:28,,,,,,,,,,,,,,,,,,,,
Telangana,Ranga Reddy,Esci Gachibowli,17.4286,78.368,21.2,2026-09-28,04:45:00,96.0,2026-09-27,04:45:00,2026-09-28 05:05:28,22.650000000000034,Zone 3,37.21,Zone 5,21.83,Zone 3,35.85,Zone 4,26.85,Zone 4,48.72,Zone 5,32.11,Zone 4,59.55,Zone 5,37.21,Zone 5,62.02,Zone 5
Telangana,Ranga Reddy,Ghatkesar,17.4711,78.7377,20.7,2026-09-28,04:45:00,96.0,2026-09-27,04:45:00,2026-09-28 05:05:28,22.150000000000034,Zone 3,36.24,Zone 4,21.23,Zone 3,35.05,Zone 4,26.17,Zone 4,45.82,Zone 5,31.34,Zone 4,58.72,Zone 5,36.24,Zone 4,61.47,Zone 5
Telangana,Ranga Reddy,Ibrahimpatam,17.0774,78.6671,19.8,2026-09-28,05:00:00,100.0,2026-09-27,05:00:00,2026-09-28 05:05:28,21.25,Zone 3,35.8,Zone 4,20.79,Zone 3,34.6,Zone 4,25.68,Zone 4,45.37,Zone 5,30.87,Zone 4,58.37,Zone 5,35.8,Zone 4,61.39,Zone 5
Telangana,Ranga Reddy,Serilingampally,17.46,78.32,22.8,2026-09-28,05:00:00,97.0,2026-09-27,05:00:00,2026-09-28 05:05:28,24.450000000000045,Zone 3,50.65,Zone 5,24.18,Zone 3,45.84,Zone 5,30.0,Zone 4,59.44,Zone 5,35.75,Zone 4,62.21,Zone 5,50.65,Zone 5,64.37,Zone 5
Telangana,Sangareddy,Kandi,17.587,78.1271,21.8,2026-09-28,05:00:00,100.0,2026-09-27,05:00:00,2026-09-28 05:05:28,23.55000000000001,Zone 3,46.01,Zone 5,23.18,Zone 3,41.41,Zone 5,28.57,Zone 4,57.02,Zone 5,34.19,Zone 4,61.36,Zone 5,46.01,Zone 5,63.62,Zone 5
Telangana,Siddipet,Kaveri Siddipet,17.768,78.6723,21.9,2026-09-28,04:45:00,88.0,2026-09-27,04:45:00,2026-09-28 05:05:28,23.150000000000034,Zone 3,37.9,Zone 4,22.66,Zone 3,36.67,Zone 4,27.82,Zone 4,49.26,Zone 5,33.0,Zone 4,59.66,Zone 5,37.9,Zone 4,62.12,Zone 5
Telangana,Vikarabad,Tandur,17.2433,77.5867,21.8,2026-09-28,04:45:00,87.0,2026-09-27,04:45:00,2026-09-28 05:05:28,22.950000000000045,Zone 3,37.77,Zone 4,22.62,Zone 3,36.56,Zone 4,27.76,Zone 4,48.58,Zone 5,32.91,Zone 4,59.52,Zone 5,37.77,Zone 4,62.0,Zone 5
Telangana,Wanaparthy,Horticultural University Mojer,16.4484,77.9407,23.0,2026-09-28,05:00:00,100.0,2026-09-27,05:00:00,2026-09-28 05:05:28,24.75,Zone 3,53.01,Zone 5,24.29,Zone 3,48.21,Zone 5,30.26,Zone 4,59.93,Zone 5,36.15,Zone 4,62.65,Zone 5,53.01,Zone 5,64.76,Zone 5
Telangana,Warangal Rural,Siddhapur,18.0927,79.5952,23.3,2026-09-28,05:00:00,100.0,2026-09-27,05:00:00,2026-09-28 05:05:28,25.05000000000001,Zone 3,56.39,Zone 5,24.83,Zone 3,51.81,Zone 5,31.19,Zone 4,60.68,Zone 5,39.18,Zone 5,63.3,Zone 5,56.39,Zone 5,65.33,Zone 5
Tripura,Dhalai,Dholai Kvk,24.0449,91.8278,25.1,2026-09-28,05:00:00,100.0,2026-09-27,05:00:00,2026-09-28 05:05:28,28.150000000000034,Zone 4,60.9,Zone 5,27.22,Zone 4,59.79,Zone 5,34.38,Zone 4,62.96,Zone 5,51.33,Zone 5,65.28,Zone 5,60.9,Zone 5,67.07,Zone 5
Tripura,Dhalai,Kamalpur,24.1867,91.8278,26.7,2026-09-28,05:00:00,7.0,2026-09-27,05:00:00,2026-09-28 05:05:28,24.75,Zone 3,34.64,Zone 4,23.7,Zone 3,34.23,Zone 4,28.12,Zone 4,37.32,Zone 4,31.48,Zone 4,40.24,Zone 4,34.64,Zone 4,43.07,Zone 4
Tripura,Gomati,Gokulpur,23.53,91.4617,26.3,2026-09-28,04:45:00,,,,2026-09-28 05:05:28,,,,,,,,,,,,,,,,,,,,
Tripura,Khowai,Khowai,24.0669,91.6142,26.8,2026-09-28,04:45:00,100.0,2026-09-27,04:45:00,2026-09-28 05:05:28,32.150000000000034,Zone 4,64.46,Zone 5,31.79,Zone 4,63.45,Zone 5,49.51,Zone 5,66.07,Zone 5,61.26,Zone 5,67.97,Zone 5,64.46,Zone 5,69.54,Zone 6
Tripura,Khowai,Teliamura,23.84,91.63,25.4,2026-09-28,05:00:00,100.0,2026-09-27,05:00:00,2026-09-28 05:05:28,28.75,Zone 4,61.78,Zone 5,28.23,Zone 4,60.7,Zone 5,35.61,Zone 4,63.73,Zone 5,55.54,Zone 5,65.94,Zone 5,61.78,Zone 5,67.65,Zone 5
Tripura,North Tripura,Ashapara,23.8627,92.207,24.7,2026-09-28,05:00:00,100.0,2026-09-27,05:00:00,2026-09-28 05:05:28,27.350000000000023,Zone 4,60.03,Zone 5,26.29,Zone 4,58.62,Zone 5,33.24,Zone 4,62.19,Zone 5,47.04,Zone 5,64.61,Zone 5,60.03,Zone 5,66.49,Zone 5
Tripura,North Tripura,Eden Laouge,24.0065,92.2819,24.1,2026-09-28,04:15:00,,,,2026-09-28 05:05:28,,,,,,,,,,,,,,,,,,,,
Tripura,Sipahijala,Cti,23.7413,91.2728,25.4,2026-09-28,04:15:00,,,,2026-09-28 05:05:28,,,,,,,,,,,,,,,,,,,,
Tripura,Sipahijala,Sipahijala,23.6077,91.3456,24.9,2026-09-28,05:00:00,,,,2026-09-28 05:05:28,,,,,,,,,,,,,,,,,,,,
Tripura,Sipahijala,Sonamura,23.4844,91.27,27.1,2026-09-28,05:00:00,92.0,2026-09-27,05:00:00,2026-09-28 05:05:28,31.650000000000034,Zone 4,62.68,Zone 5,30.59,Zone 4,61.62,Zone 5,39.39,Zone 5,64.51,Zone 5,59.13,Zone 5,66.63,Zone 5,62.68,Zone 5,68.25,Zone 5
Tripura,South Tripura,Sabroom,23.0114,91.7208,25.3,2026-09-28,05:00:00,100.0,2026-09-27,05:00:00,2026-09-28 05:05:28,28.55000000000001,Zone 4,61.78,Zone 5,28.23,Zone 4,60.7,Zone 5,35.61,Zone 4,63.73,Zone 5,55.54,Zone 5,65.94,Zone 5,61.78,Zone 5,67.65,Zone 5
Tripura,Unakoti,Kailashahar,24.3096,92.0069,26.1,2026-09-28,05:00:00,100.0,2026-09-27,05:00:00,2026-09-28 05:05:28,30.350000000000023,Zone 4,62.67,Zone 5,29.31,Zone 4,61.61,Zone 5,39.34,Zone 5,64.5,Zone 5,59.12,Zone 5,66.62,Zone 5,62.67,Zone 5,68.24,Zone 5
Tripura,West Tripura,Agartala Airport,23.8904,91.2441,26.3,2026-09-28,04:45:00,100.0,2026-09-27,04:45:00,2026-09-28 05:05:28,30.850000000000023,Zone 4,63.56,Zone 5,30.49,Zone 4,62.52,Zone 5,44.17,Zone 5,65.28,Zone 5,60.18,Zone 5,67.29,Zone 5,63.56,Zone 5,68.83,Zone 5
Tripura,West Tripura,Dm Office West Agartala,23.829,91.2723,27.4,2026-09-28,04:45:00,,,,2026-09-28 05:05:28,,,,,,,,,,,,,,,,,,,,
Tripura,West Tripura,Hrc Nagicherra,23.8139,91.3274,25.1,2026-09-28,04:45:00,,,,2026-09-28 05:05:28,,,,,,,,,,,,,,,,,,,,
Tripura,West Tripura,Khumluwang,23.7978,91.4338,25.2,2026-09-28,05:00:00,,,,2026-09-28 05:05:28,,,,,,,,,,,,,,,,,,,,
Tripura,West Tripura,Met Agartala,23.8902,91.244,26.0,2026-09-28,05:00:00,100.0,2026-09-27,05:00:00,2026-09-28 05:05:28,30.150000000000034,Zone 4,62.67,Zone 5,29.31,Zone 4,61.61,Zone 5,39.34,Zone 5,64.5,Zone 5,59.12,Zone 5,66.62,Zone 5,62.67,Zone 5,68.24,Zone 5
Tripura,West Tripura,Secretariat,23.8643,91.2916,26.7,2026-09-28,04:45:00,,,,2026-09-28 05:05:28,,,,,,,,,,,,,,,,,,,,
Uttarakhand,Almora,Chaubatia Ranikhet,29.6213,79.4591,15.0,2026-09-28,05:00:00,100.0,2026-09-27,05:00:00,2026-09-28 05:05:28,15.25,Zone 3,28.99,Zone 4,14.29,Zone 3,28.23,Zone 4,21.41,Zone 3,32.4,Zone 4,24.95,Zone 3,36.35,Zone 4,28.99,Zone 4,47.27,Zone 5
Uttarakhand,Almora,Matela Kvk,29.6264,79.6309,17.4,2026-09-28,05:00:00,100.0,2026-09-27,05:00:00,2026-09-28 05:05:28,18.350000000000023,Zone 3,32.06,Zone 4,17.61,Zone 3,31.1,Zone 4,23.53,Zone 3,35.57,Zone 4,27.51,Zone 4,46.16,Zone 5,32.06,Zone 4,57.8,Zone 5
Uttarakhand,Chamoli,Chamoli,30.4,79.3167,17.0,2026-09-28,04:45:00,84.0,2026-09-27,04:45:00,2026-09-28 05:05:28,17.05000000000001,Zone 3,30.58,Zone 4,16.15,Zone 3,29.82,Zone 4,22.71,Zone 3,33.92,Zone 4,26.39,Zone 4,37.8,Zone 4,30.58,Zone 4,49.14,Zone 5
Uttarakhand,Chamoli,Tharali,,,,,,14.0,2026-09-27,05:00:00,2026-09-28 05:05:28,,,,,,,,,,,,,,,,,,,,
Uttarakhand,Champawat,Champawat,29.34,80.09,15.8,2026-09-28,04:45:00,,,,2026-09-28 05:05:28,,,,,,,,,,,,,,,,,,,,
Uttarakhand,Dehradun,Dehradun,30.32,78.05,24.3,2026-09-28,04:45:00,82.0,2026-09-27,04:45:00,2026-09-28 05:05:28,25.55000000000001,Zone 4,48.35,Zone 5,25.24,Zone 3,43.64,Zone 5,31.19,Zone 4,58.82,Zone 5,36.6,Zone 4,61.8,Zone 5,48.35,Zone 5,64.01,Zone 5
Uttarakhand,Dehradun,Hatibharkala,30.3431,78.056,19.5,2026-09-28,05:00:00,100.0,2026-09-27,05:00:00,2026-09-28 05:05:28,20.850000000000023,Zone 3,34.98,Zone 4,20.17,Zone 3,33.84,Zone 4,25.12,Zone 3,42.59,Zone 5,30.14,Zone 4,56.08,Zone 5,34.98,Zone 4,60.84,Zone 5
Uttarakhand,Dehradun,Jollygrant,30.19,78.18,29.3,2026-09-28,04:45:00,94.0,2026-09-27,04:45:00,2026-09-28 05:05:28,43.35000000000002,Zone 5,67.57,Zone 5,42.86,Zone 5,66.69,Zone 5,61.18,Zone 5,68.81,Zone 5,64.99,Zone 5,71.69,Zone 6,67.57,Zone 5,75.13,Zone 6
Uttarakhand,Dehradun,Massouri,30.48,78.05,15.0,2026-09-28,05:00:00,80.0,2026-09-27,05:00:00,2026-09-28 05:05:28,14.350000000000023,Zone 3,28.29,Zone 4,13.46,Zone 2,27.68,Zone 4,20.87,Zone 3,31.56,Zone 4,24.65,Zone 3,35.24,Zone 4,28.29,Zone 4,39.93,Zone 5
Uttarakhand,Dehradun,Mohakampur,30.2782,78.0744,19.6,2026-09-28,05:00:00,99.0,2026-09-27,05:00:00,2026-09-28 05:05:28,20.950000000000045,Zone 3,34.9,Zone 4,20.13,Zone 3,33.77,Zone 4,25.1,Zone 3,42.04,Zone 5,30.08,Zone 4,55.6,Zone 5,34.9,Zone 4,60.73,Zone 5
Uttarakhand,Nainital,Nainital(Jeolikot) Kvk,29.3455,79.4844,18.1,2026-09-28,05:00:00,99.0,2026-09-27,05:00:00,2026-09-28 05:05:28,19.150000000000034,Zone 3,32.68,Zone 4,18.21,Zone 3,31.69,Zone 4,23.91,Zone 3,36.2,Zone 4,28.09,Zone 4,48.15,Zone 5,32.68,Zone 4,59.1,Zone 5
Uttarakhand,Nainital,Th Kosiyakutoli,29.49,79.47,22.3,2026-09-28,05:00:00,100.0,2026-09-27,05:00:00,2026-09-28 05:05:28,24.05000000000001,Zone 3,49.49,Zone 5,23.74,Zone 3,44.71,Zone 5,29.39,Zone 4,59.19,Zone 5,35.14,Zone 4,62.0,Zone 5,49.49,Zone 5,64.19,Zone 5
Uttarakhand,Pauri Garhwal,Bharsar,30.05,79.0,14.4,2026-09-28,05:00:00,100.0,2026-09-27,05:00:00,2026-09-28 05:05:28,14.550000000000011,Zone 3,28.44,Zone 4,13.71,Zone 2,27.71,Zone 4,20.97,Zone 3,31.83,Zone 4,24.65,Zone 3,35.73,Zone 4,28.44,Zone 4,45.17,Zone 5
Uttarakhand,Pauri Garhwal,Srinagar Arg,30.22,78.77,22.3,2026-09-28,04:45:00,17.0,2026-09-27,04:45:00,2026-09-28 05:05:28,19.75,Zone 3,32.26,Zone 4,19.13,Zone 3,31.84,Zone 4,25.34,Zone 4,35.09,Zone 4,28.93,Zone 4,38.15,Zone 4,32.26,Zone 4,41.11,Zone 4
Uttarakhand,Pithoragarh,Gangolihat,29.65,80.04,15.9,2026-09-28,04:30:00,,,,2026-09-28 05:05:28,,,,,,,,,,,,,,,,,,,,
Uttarakhand,Rudraprayag,Rudra Prayag,30.3167,78.9667,20.5,2026-09-28,04:45:00,97.0,2026-09-27,04:45:00,2026-09-28 05:05:28,21.950000000000045,Zone 3,36.34,Zone 4,21.27,Zone 3,35.13,Zone 4,26.21,Zone 4,46.43,Zone 5,31.41,Zone 4,59.06,Zone 5,36.34,Zone 4,61.59,Zone 5
Uttarakhand,Tehri Garhwal,Devprayag,30.14,78.6,20.5,2026-09-28,04:45:00,92.0,2026-09-27,04:45:00,2026-09-28 05:05:28,21.75,Zone 3,35.84,Zone 4,21.04,Zone 3,34.7,Zone 4,26.0,Zone 4,43.41,Zone 5,31.05,Zone 4,56.79,Zone 5,35.84,Zone 4,61.0,Zone 5
Uttarakhand,Udham Singh Nagar,Kashipur Aws400,29.188,79.0109,22.7,2026-09-28,05:00:00,100.0,2026-09-27,05:00:00,2026-09-28 05:05:28,24.450000000000045,Zone 3,49.49,Zone 5,23.74,Zone 3,44.71,Zone 5,29.39,Zone 4,59.19,Zone 5,35.14,Zone 4,62.0,Zone 5,49.49,Zone 5,64.19,Zone 5
Uttarakhand,Uttarkashi,Purola,30.86,78.0,16.7,2026-09-28,04:45:00,9.0,2026-09-27,04:45:00,2026-09-28 05:05:28,12.850000000000023,Zone 2,27.43,Zone 4,11.8,Zone 2,27.18,Zone 4,19.9,Zone 3,30.32,Zone 4,24.3,Zone 3,33.27,Zone 4,27.43,Zone 4,36.13,Zone 4
Uttar Pradesh,Agra,Hydrogen Factory Bindukatra,27.17123,78.03123,23.4,2026-09-28,04:45:00,,,,2026-09-28 05:05:28,,,,,,,,,,,,,,,,,,,,
Uttar Pradesh,Aligarh,Quarsi Farms Quarsi,27.9024,78.0968,25.8,2026-09-28,04:45:00,25.0,2026-09-27,04:45:00,2026-09-28 05:05:28,24.650000000000034,Zone 3,35.95,Zone 4,24.27,Zone 3,35.35,Zone 4,28.71,Zone 4,38.79,Zone 4,32.44,Zone 4,42.04,Zone 4,35.95,Zone 4,47.96,Zone 5
Uttar Pradesh,Amroha,Amroha 400Aws,28.8523,78.2358,22.1,2026-09-28,05:00:00,100.0,2026-09-27,05:00:00,2026-09-28 05:05:28,23.850000000000023,Zone 3,46.01,Zone 5,23.18,Zone 3,41.41,Zone 5,28.57,Zone 4,57.02,Zone 5,34.19,Zone 4,61.36,Zone 5,46.01,Zone 5,63.62,Zone 5
Uttar Pradesh,Ayodhya,Ayodhya 400Aws,26.7518,82.1464,23.1,2026-09-28,04:45:00,100.0,2026-09-27,04:45:00,2026-09-28 05:05:28,24.850000000000023,Zone 3,53.01,Zone 5,24.29,Zone 3,48.21,Zone 5,30.26,Zone 4,59.93,Zone 5,36.15,Zone 4,62.65,Zone 5,53.01,Zone 5,64.76,Zone 5
Uttar Pradesh,Ballia,Sukhpura Inter College Ballia,25.848502,84.092779,23.9,2026-09-28,05:00:00,100.0,2026-09-27,05:00:00,2026-09-28 05:05:28,25.950000000000045,Zone 4,59.15,Zone 5,25.42,Zone 4,55.33,Zone 5,32.18,Zone 4,61.44,Zone 5,42.93,Zone 5,63.96,Zone 5,59.15,Zone 5,65.91,Zone 5
Uttar Pradesh,Balrampur,Bcml Tulsipur Sugar Mill,27.536051,82.419945,24.0,2026-09-28,05:00:00,100.0,2026-09-27,05:00:00,2026-09-28 05:05:28,26.150000000000034,Zone 4,59.15,Zone 5,25.42,Zone 4,55.33,Zone 5,32.18,Zone 4,61.44,Zone 5,42.93,Zone 5,63.96,Zone 5,59.15,Zone 5,65.91,Zone 5
Uttar Pradesh,Banda,Banda 400Aws,,,,,,100.0,2026-09-27,05:00:00,2026-09-28 05:05:28,,,,,,,,,,,,,,,,,,,,
Uttar Pradesh,Barabanki,Barabanki 400Aws,26.9286,81.215,22.9,2026-09-28,05:00:00,100.0,2026-09-27,05:00:00,2026-09-28 05:05:28,24.650000000000034,Zone 3,53.01,Zone 5,24.29,Zone 3,48.21,Zone 5,30.26,Zone 4,59.93,Zone 5,36.15,Zone 4,62.65,Zone 5,53.01,Zone 5,64.76,Zone 5
Uttar Pradesh,Bareilly,Bareilly Bilwa 400Aws,28.4446,79.4327,22.8,2026-09-28,05:00:00,100.0,2026-09-27,05:00:00,2026-09-28 05:05:28,24.55000000000001,Zone 3,53.01,Zone 5,24.29,Zone 3,48.21,Zone 5,30.26,Zone 4,59.93,Zone 5,36.15,Zone 4,62.65,Zone 5,53.01,Zone 5,64.76,Zone 5
Uttar Pradesh,Bijnor,Prithvipur 400Aws,29.3175,78.1158,22.1,2026-09-28,05:00:00,,,,2026-09-28 05:05:28,,,,,,,,,,,,,,,,,,,,
Uttar Pradesh,Farrukhabad,Farrukhabad 400Aws,27.3869,79.6002,22.6,2026-09-28,05:00:00,87.0,2026-09-27,05:00:00,2026-09-28 05:05:28,23.850000000000023,Zone 3,39.77,Zone 5,23.21,Zone 3,37.39,Zone 4,28.48,Zone 4,51.45,Zone 5,33.71,Zone 4,60.13,Zone 5,39.77,Zone 5,62.53,Zone 5
Uttar Pradesh,Gautam Buddha Nagar,Kvk Chholas 400Aws,28.5314,77.6445,23.0,2026-09-28,05:00:00,100.0,2026-09-27,05:00:00,2026-09-28 05:05:28,24.75,Zone 3,53.01,Zone 5,24.29,Zone 3,48.21,Zone 5,30.26,Zone 4,59.93,Zone 5,36.15,Zone 4,62.65,Zone 5,53.01,Zone 5,64.76,Zone 5
Uttar Pradesh,Ghaziabad,Kv2 Airforce Hindon,28.6936,77.3643,22.8,2026-09-28,05:00:00,100.0,2026-09-27,05:00:00,2026-09-28 05:05:28,24.55000000000001,Zone 3,53.01,Zone 5,24.29,Zone 3,48.21,Zone 5,30.26,Zone 4,59.93,Zone 5,36.15,Zone 4,62.65,Zone 5,53.01,Zone 5,64.76,Zone 5
Uttar Pradesh,Ghaziabad,Kv Kamala Nehru Nagar,28.6789,77.4648,23.1,2026-09-28,05:00:00,100.0,2026-09-27,05:00:00,2026-09-28 05:05:28,24.850000000000023,Zone 3,53.01,Zone 5,24.29,Zone 3,48.21,Zone 5,30.26,Zone 4,59.93,Zone 5,36.15,Zone 4,62.65,Zone 5,53.01,Zone 5,64.76,Zone 5
Uttar Pradesh,Gorakhpur,Met Office Singhariya,26.73683269,83.42977722,24.2,2026-09-28,05:00:00,100.0,2026-09-27,05:00:00,2026-09-28 05:05:28,26.450000000000045,Zone 4,59.15,Zone 5,25.42,Zone 4,55.33,Zone 5,32.18,Zone 4,61.44,Zone 5,42.93,Zone 5,63.96,Zone 5,59.15,Zone 5,65.91,Zone 5
Uttar Pradesh,Hamirpur,Hamirpur 400Aws,25.5814,79.555,24.7,2026-09-28,05:00:00,100.0,2026-09-27,05:00:00,2026-09-28 05:05:28,27.350000000000023,Zone 4,60.03,Zone 5,26.29,Zone 4,58.62,Zone 5,33.24,Zone 4,62.19,Zone 5,47.04,Zone 5,64.61,Zone 5,60.03,Zone 5,66.49,Zone 5
Uttar Pradesh,Hapur,Hapur 400Aws,28.739,77.8716,22.4,2026-09-28,05:00:00,100.0,2026-09-27,05:00:00,2026-09-28 05:05:28,24.150000000000034,Zone 3,49.49,Zone 5,23.74,Zone 3,44.71,Zone 5,29.39,Zone 4,59.19,Zone 5,35.14,Zone 4,62.0,Zone 5,49.49,Zone 5,64.19,Zone 5
Uttar Pradesh,Hardoi,Hardoi 400Aws,27.3813,80.124,22.3,2026-09-28,05:00:00,89.0,2026-09-27,05:00:00,2026-09-28 05:05:28,23.650000000000034,Zone 3,41.16,Zone 5,23.29,Zone 3,37.63,Zone 4,28.61,Zone 4,52.81,Zone 5,33.91,Zone 4,60.42,Zone 5,41.16,Zone 5,62.79,Zone 5
Uttar Pradesh,Jalaun,Jalaun 400Aws,26.022112,79.423123,23.7,2026-09-28,05:00:00,100.0,2026-09-27,05:00:00,2026-09-28 05:05:28,25.650000000000034,Zone 4,56.39,Zone 5,24.83,Zone 3,51.81,Zone 5,31.19,Zone 4,60.68,Zone 5,39.18,Zone 5,63.3,Zone 5,56.39,Zone 5,65.33,Zone 5
Uttar Pradesh,Jhansi,Bhundelkhand University,25.43,78.57,21.6,2026-09-28,05:00:00,,,,2026-09-28 05:05:28,,,,,,,,,,,,,,,,,,,,
Uttar Pradesh,Kashganj,Kashganj 400Aws,27.75,78.5166,22.4,2026-09-28,05:00:00,,,,2026-09-28 05:05:28,,,,,,,,,,,,,,,,,,,,
Uttar Pradesh,Kushinagar,Kushinagar Kvk,26.7343,84.1848,24.3,2026-09-28,05:00:00,100.0,2026-09-27,05:00:00,2026-09-28 05:05:28,26.650000000000034,Zone 4,60.03,Zone 5,26.29,Zone 4,58.62,Zone 5,33.24,Zone 4,62.19,Zone 5,47.04,Zone 5,64.61,Zone 5,60.03,Zone 5,66.49,Zone 5
Uttar Pradesh,Lucknow,Integral University,26.9608,81.0044,24.6,2026-09-28,04:45:00,83.0,2026-09-27,04:45:00,2026-09-28 05:05:28,26.05000000000001,Zone 4,49.22,Zone 5,25.28,Zone 3,44.48,Zone 5,31.28,Zone 4,59.14,Zone 5,36.74,Zone 4,61.96,Zone 5,49.22,Zone 5,64.15,Zone 5
Uttar Pradesh,Lucknow,Meteorological Centre Amausi,26.8667,80.9167,23.6,2026-09-28,05:00:00,,,,2026-09-28 05:05:28,,,,,,,,,,,,,,,,,,,,
Uttar Pradesh,Mainpuri,Mainpuri Kvk,27.3846,79.0938,22.4,2026-09-28,05:00:00,100.0,2026-09-27,05:00:00,2026-09-28 05:05:28,24.150000000000034,Zone 3,49.49,Zone 5,23.74,Zone 3,44.71,Zone 5,29.39,Zone 4,59.19,Zone 5,35.14,Zone 4,62.0,Zone 5,49.49,Zone 5,64.19,Zone 5
Uttar Pradesh,Mathura,Collectorate Office,27.47447526,77.69176576,24.3,2026-09-28,05:00:00,,,,2026-09-28 05:05:28,,,,,,,,,,,,,,,,,,,,
Uttar Pradesh,Mathura,Mathura 400Aws,27.4705,77.6928,22.6,2026-09-28,05:00:00,100.0,2026-09-27,05:00:00,2026-09-28 05:05:28,24.350000000000023,Zone 3,49.49,Zone 5,23.74,Zone 3,44.71,Zone 5,29.39,Zone 4,59.19,Zone 5,35.14,Zone 4,62.0,Zone 5,49.49,Zone 5,64.19,Zone 5
Uttar Pradesh,Meerut,Ccsu Campus,28.97423165,77.73504154,24.0,2026-09-28,04:45:00,,,,2026-09-28 05:05:28,,,,,,,,,,,,,,,,,,,,
Uttar Pradesh,Mirzapur,Dagmapur 400Aws,25.0999,82.7985,25.1,2026-09-28,05:00:00,100.0,2026-09-27,05:00:00,2026-09-28 05:05:28,28.150000000000034,Zone 4,60.9,Zone 5,27.22,Zone 4,59.79,Zone 5,34.38,Zone 4,62.96,Zone 5,51.33,Zone 5,65.28,Zone 5,60.9,Zone 5,67.07,Zone 5
Uttar Pradesh,Moradabad,Ucheti 400Aws,28.8683,78.6659,22.5,2026-09-28,05:00:00,100.0,2026-09-27,05:00:00,2026-09-28 05:05:28,24.25,Zone 3,49.49,Zone 5,23.74,Zone 3,44.71,Zone 5,29.39,Zone 4,59.19,Zone 5,35.14,Zone 4,62.0,Zone 5,49.49,Zone 5,64.19,Zone 5
Uttar Pradesh,Muzaffarnagar,Sohanjani Tajan 400Aws,29.3781,77.638,22.0,2026-09-28,05:00:00,100.0,2026-09-27,05:00:00,2026-09-28 05:05:28,23.75,Zone 3,46.01,Zone 5,23.18,Zone 3,41.41,Zone 5,28.57,Zone 4,57.02,Zone 5,34.19,Zone 4,61.36,Zone 5,46.01,Zone 5,63.62,Zone 5
Uttar Pradesh,Pratapgarh,Pratapgarh 400Aws,25.283,81.9866,24.4,2026-09-28,05:00:00,100.0,2026-09-27,05:00:00,2026-09-28 05:05:28,26.850000000000023,Zone 4,60.03,Zone 5,26.29,Zone 4,58.62,Zone 5,33.24,Zone 4,62.19,Zone 5,47.04,Zone 5,64.61,Zone 5,60.03,Zone 5,66.49,Zone 5
Uttar Pradesh,Raebareli,Airport Fursatganj,26.2503,81.3769,23.0,2026-09-28,04:45:00,100.0,2026-09-27,04:45:00,2026-09-28 05:05:28,24.75,Zone 3,53.01,Zone 5,24.29,Zone 3,48.21,Zone 5,30.26,Zone 4,59.93,Zone 5,36.15,Zone 4,62.65,Zone 5,53.01,Zone 5,64.76,Zone 5
Uttar Pradesh,Saharanpur,Saharanpur 400Aws,29.9703,77.5573,21.8,2026-09-28,05:00:00,100.0,2026-09-27,05:00:00,2026-09-28 05:05:28,23.55000000000001,Zone 3,46.01,Zone 5,23.18,Zone 3,41.41,Zone 5,28.57,Zone 4,57.02,Zone 5,34.19,Zone 4,61.36,Zone 5,46.01,Zone 5,63.62,Zone 5
Uttar Pradesh,Sambhal,Sambhal Paltha 400Aws,28.4833,78.8491,22.3,2026-09-28,05:00:00,99.0,2026-09-27,05:00:00,2026-09-28 05:05:28,24.05000000000001,Zone 3,48.72,Zone 5,23.7,Zone 3,43.96,Zone 5,29.31,Zone 4,59.03,Zone 5,35.02,Zone 4,61.86,Zone 5,48.72,Zone 5,64.06,Zone 5
Uttar Pradesh,Shahjahanpur,Shahjahanpur 400Aws,27.875,79.9385,22.2,2026-09-28,05:00:00,60.0,2026-09-27,05:00:00,2026-09-28 05:05:28,22.25,Zone 3,34.96,Zone 4,21.27,Zone 3,34.12,Zone 4,26.44,Zone 4,38.16,Zone 4,30.83,Zone 4,45.06,Zone 5,34.96,Zone 4,56.9,Zone 5
Uttar Pradesh,Shamli,Shamli 400Aws,29.5443,77.1864,22.2,2026-09-28,05:00:00,100.0,2026-09-27,05:00:00,2026-09-28 05:05:28,23.950000000000045,Zone 3,46.01,Zone 5,23.18,Zone 3,41.41,Zone 5,28.57,Zone 4,57.02,Zone 5,34.19,Zone 4,61.36,Zone 5,46.01,Zone 5,63.62,Zone 5
Uttar Pradesh,Sitapur,Ramkot 400Aws,27.5217,80.5854,22.3,2026-09-28,05:00:00,,,,2026-09-28 05:05:28,,,,,,,,,,,,,,,,,,,,
Uttar Pradesh,Sultanpur,Krishi Vigyan Kendra Barasin,,,,,,99.0,2026-09-27,04:45:00,2026-09-28 05:05:28,,,,,,,,,,,,,,,,,,,,
West Bengal,Cooch Behar,Dinhata Aws400,26.1464,89.4649,26.5,2026-09-28,05:00:00,100.0,2026-09-27,05:00:00,2026-09-28 05:05:28,31.350000000000023,Zone 4,63.56,Zone 5,30.49,Zone 4,62.52,Zone 5,44.17,Zone 5,65.28,Zone 5,60.18,Zone 5,67.29,Zone 5,63.56,Zone 5,68.83,Zone 5
West Bengal,Darjeeling,Darjeeling Mo,27.0335,88.1509,15.8,2026-09-28,05:00:00,100.0,2026-09-27,05:00:00,2026-09-28 05:05:28,16.350000000000023,Zone 3,30.15,Zone 4,15.63,Zone 3,29.32,Zone 4,22.27,Zone 3,33.6,Zone 4,25.79,Zone 4,39.36,Zone 5,30.15,Zone 4,51.58,Zone 5
West Bengal,Darjeeling,Kharibari,26.55,88.19,25.7,2026-09-28,04:45:00,100.0,2026-09-27,04:45:00,2026-09-28 05:05:28,29.450000000000045,Zone 4,61.78,Zone 5,28.23,Zone 4,60.7,Zone 5,35.61,Zone 4,63.73,Zone 5,55.54,Zone 5,65.94,Zone 5,61.78,Zone 5,67.65,Zone 5
West Bengal,Howrah,Kvk Howrah Jagatballavapur,22.678,88.1225,26.0,2026-09-28,05:00:00,100.0,2026-09-27,05:00:00,2026-09-28 05:05:28,30.150000000000034,Zone 4,62.67,Zone 5,29.31,Zone 4,61.61,Zone 5,39.34,Zone 5,64.5,Zone 5,59.12,Zone 5,66.62,Zone 5,62.67,Zone 5,68.24,Zone 5
West Bengal,Howrah,Uluberia,22.4692,88.0944,27.3,2026-09-28,04:45:00,99.0,2026-09-27,04:45:00,2026-09-28 05:05:28,33.35000000000002,Zone 4,65.13,Zone 5,33.02,Zone 4,64.15,Zone 5,53.59,Zone 5,66.66,Zone 5,62.07,Zone 5,68.48,Zone 5,65.13,Zone 5,70.74,Zone 6
West Bengal,Jalpaiguri,Banarhat,26.7924,89.0265,24.2,2026-09-28,05:00:00,79.0,2026-09-27,05:00:00,2026-09-28 05:05:28,25.25,Zone 3,42.61,Zone 5,24.58,Zone 3,38.94,Zone 4,30.12,Zone 4,54.17,Zone 5,35.32,Zone 4,60.71,Zone 5,42.61,Zone 5,63.05,Zone 5
West Bengal,Jalpaiguri,Dhupguri,26.5632,89.0409,25.3,2026-09-28,05:00:00,99.0,2026-09-27,05:00:00,2026-09-28 05:05:28,28.450000000000045,Zone 4,61.57,Zone 5,28.13,Zone 4,60.48,Zone 5,35.43,Zone 4,63.54,Zone 5,54.56,Zone 5,65.79,Zone 5,61.57,Zone 5,67.51,Zone 5
West Bengal,Jalpaiguri,Mal,26.8685,88.7466,24.5,2026-09-28,05:00:00,100.0,2026-09-27,05:00:00,2026-09-28 05:05:28,27.05000000000001,Zone 4,60.03,Zone 5,26.29,Zone 4,58.62,Zone 5,33.24,Zone 4,62.19,Zone 5,47.04,Zone 5,64.61,Zone 5,60.03,Zone 5,66.49,Zone 5
West Bengal,Jalpaiguri,Ramshai Kvk,26.7035,88.8467,25.4,2026-09-28,05:00:00,,,,2026-09-28 05:05:28,,,,,,,,,,,,,,,,,,,,
West Bengal,Jalpaiguri,Tra Nagrakata,26.86,88.74,24.2,2026-09-28,04:45:00,94.0,2026-09-27,04:45:00,2026-09-28 05:05:28,26.150000000000034,Zone 4,55.1,Zone 5,25.15,Zone 3,50.42,Zone 5,31.51,Zone 4,60.39,Zone 5,37.85,Zone 5,63.05,Zone 5,55.1,Zone 5,65.11,Zone 5
West Bengal,Jhargram,Jhargram,22.449553,86.998154,24.8,2026-09-28,04:45:00,99.0,2026-09-27,04:45:00,2026-09-28 05:05:28,27.55000000000001,Zone 4,60.7,Zone 5,27.14,Zone 4,59.58,Zone 5,34.22,Zone 4,62.78,Zone 5,50.32,Zone 5,65.12,Zone 5,60.7,Zone 5,66.93,Zone 5
West Bengal,Kolkata,Ohr 15,22.6174,88.478,25.7,2026-09-28,04:45:00,99.0,2026-09-27,04:45:00,2026-09-28 05:05:28,29.350000000000023,Zone 4,61.57,Zone 5,28.13,Zone 4,60.48,Zone 5,35.43,Zone 4,63.54,Zone 5,54.56,Zone 5,65.79,Zone 5,61.57,Zone 5,67.51,Zone 5
West Bengal,Malda,Malda,24.9787,88.1446,26.2,2026-09-28,05:00:00,,,,2026-09-28 05:05:28,,,,,,,,,,,,,,,,,,,,
West Bengal,Nadia,Bijpur,22.937116,88.510508,25.8,2026-09-28,05:00:00,100.0,2026-09-27,05:00:00,2026-09-28 05:05:28,29.650000000000034,Zone 4,62.67,Zone 5,29.31,Zone 4,61.61,Zone 5,39.34,Zone 5,64.5,Zone 5,59.12,Zone 5,66.62,Zone 5,62.67,Zone 5,68.24,Zone 5
West Bengal,Nadia,Kalyani Amfu,22.9686,88.4964,26.0,2026-09-28,04:45:00,100.0,2026-09-27,04:45:00,2026-09-28 05:05:28,30.150000000000034,Zone 4,62.67,Zone 5,29.31,Zone 4,61.61,Zone 5,39.34,Zone 5,64.5,Zone 5,59.12,Zone 5,66.62,Zone 5,62.67,Zone 5,68.24,Zone 5
West Bengal,North Twenty Four Parganas,Ashoknagar Kvk,22.8382,88.6347,26.8,2026-09-28,05:00:00,,,,2026-09-28 05:05:28,,,,,,,,,,,,,,,,,,,,
West Bengal,North Twenty Four Parganas,Barrackpore Aws400,22.7809,88.3357,26.4,2026-09-28,05:00:00,98.0,2026-09-27,05:00:00,2026-09-28 05:05:28,30.75,Zone 4,63.13,Zone 5,30.22,Zone 4,62.08,Zone 5,41.75,Zone 5,64.9,Zone 5,59.67,Zone 5,66.96,Zone 5,63.13,Zone 5,68.55,Zone 5
West Bengal,North Twenty Four Parganas,Basirhat,22.6625,88.8725,27.3,2026-09-28,04:30:00,95.0,2026-09-27,04:30:00,2026-09-28 05:05:28,32.55000000000001,Zone 4,64.23,Zone 5,32.28,Zone 4,63.22,Zone 5,48.17,Zone 5,65.87,Zone 5,60.99,Zone 5,67.8,Zone 5,64.23,Zone 5,69.28,Zone 5
West Bengal,North Twenty Four Parganas,Jisu Agarpara,22.6726,88.3791,27.3,2026-09-28,04:45:00,95.0,2026-09-27,04:45:00,2026-09-28 05:05:28,32.55000000000001,Zone 4,64.23,Zone 5,32.28,Zone 4,63.22,Zone 5,48.17,Zone 5,65.87,Zone 5,60.99,Zone 5,67.8,Zone 5,64.23,Zone 5,69.28,Zone 5
West Bengal,South Dinajpur,Balurghat,25.234,88.7942,26.5,2026-09-28,05:00:00,100.0,2026-09-27,05:00:00,2026-09-28 05:05:28,31.350000000000023,Zone 4,63.56,Zone 5,30.49,Zone 4,62.52,Zone 5,44.17,Zone 5,65.28,Zone 5,60.18,Zone 5,67.29,Zone 5,63.56,Zone 5,68.83,Zone 5
West Bengal,South Twenty Four Parganas,Gangasagar,21.74483,88.099278,26.9,2026-09-28,05:00:00,,,,2026-09-28 05:05:28,,,,,,,,,,,,,,,,,,,,
,,,,,,,,,,,2026-09-28 05:05:28,,,,,,,,,,,,,,,,,,,,
,,,,,,,,,,,2026-09-28 05:05:28,,,,,,,,,,,,,,,,,,,,
,,,,,,,,,,,2026-09-28 05:05:28,,,,,,,,,,,,,,,,,,,,
,,,,,,,,,,,2026-09-28 05:05:28,,,,,,,,,,,,,,,,,,,,
