STATE,DISTRICT,STATION,TEMP,DATE_TEMP,TIME_TEMP,RH,DATE_RH,TIME_RH,LOGGED_AT (IST),EHI (in shade °C),Light Work Heat Stress Zone,EHI_350 (in shade °C),Hard Labor Heat Stress Zone,EHI_3_shade,Zone_3_shade,EHI_3_sun,Zone_3_sun,EHI_4_shade,Zone_4_shade,EHI_4_sun,Zone_4_sun,EHI_5_shade,Zone_5_shade,EHI_5_sun,Zone_5_sun,EHI_6_shade,Zone_6_shade,EHI_6_sun,Zone_6_sun
Andaman And Nicobar,Nicobar,Nancowry,30.1,2026-03-08,23:30:00,90.0,2026-03-08,23:30:00,2026-03-09 00:00:01,46.75,Zone 5,67.9,Zone 5,45.4,Zone 5,63.6,Zone 5,61.6,Zone 5,66.7,Zone 5,65.4,Zone 5,68.8,Zone 5,67.9,Zone 5,70.4,Zone 5
Andhra Pradesh,Alluri Sitharama Raju,Araku Valley,22.7,2026-03-08,23:30:00,92.0,2026-03-08,23:30:00,2026-03-09 00:00:01,24.150000000000034,Zone 3,46.4,Zone 5,24.0,Zone 3,31.9,Zone 4,29.5,Zone 4,37.3,Zone 4,35.0,Zone 4,53.2,Zone 5,46.4,Zone 5,60.6,Zone 5
Andhra Pradesh,Eluru,Vijayarai,25.3,2026-03-08,23:45:00,65.0,2026-03-08,23:45:00,2026-03-09 00:00:01,26.05000000000001,Zone 4,42.6,Zone 5,26.3,Zone 4,34.1,Zone 4,31.7,Zone 4,39.0,Zone 4,36.7,Zone 4,50.2,Zone 5,42.6,Zone 5,60.0,Zone 5
Andhra Pradesh,Kakinada,Kakinada,25.9,2026-03-08,23:45:00,83.0,2026-03-08,23:45:00,2026-03-09 00:00:01,28.150000000000034,Zone 4,59.6,Zone 5,28.3,Zone 4,37.5,Zone 4,34.7,Zone 4,53.5,Zone 5,45.0,Zone 5,61.1,Zone 5,59.6,Zone 5,63.8,Zone 5
Andhra Pradesh,Kakinada,Prathipadu,26.4,2026-03-08,23:45:00,,,,2026-03-09 00:00:01,,,,,,,,,,,,,,,,,,,,
Andhra Pradesh,Konaseema,Ambajipeta Arg,24.5,2026-03-08,23:45:00,100.0,2026-03-08,23:45:00,2026-03-09 00:00:01,27.05000000000001,Zone 4,60.7,Zone 5,27.0,Zone 4,38.5,Zone 5,34.0,Zone 4,57.5,Zone 5,50.0,Zone 5,62.0,Zone 5,60.7,Zone 5,64.5,Zone 5
Andhra Pradesh,Nellore,Nellore Kvk,25.7,2026-03-08,23:45:00,96.0,2026-03-08,23:45:00,2026-03-09 00:00:01,29.05000000000001,Zone 4,61.5,Zone 5,28.6,Zone 4,43.0,Zone 5,35.7,Zone 4,59.6,Zone 5,54.3,Zone 5,62.9,Zone 5,61.5,Zone 5,65.3,Zone 5
Andhra Pradesh,Palnadu,Jangameshwarapuram,25.2,2026-03-08,23:45:00,,,,2026-03-09 00:00:01,,,,,,,,,,,,,,,,,,,,
Andhra Pradesh,Palnadu,Rentachintala,24.9,2026-03-08,23:45:00,79.0,2026-03-08,23:45:00,2026-03-09 00:00:01,26.25,Zone 4,52.0,Zone 5,26.4,Zone 4,34.9,Zone 4,32.4,Zone 4,42.7,Zone 5,37.9,Zone 4,58.4,Zone 5,52.0,Zone 5,61.8,Zone 5
Andhra Pradesh,Srikakulam,Amadalavalasa Kvk,26.3,2026-03-08,23:45:00,,,,2026-03-09 00:00:01,,,,,,,,,,,,,,,,,,,,
Andhra Pradesh,Srikakulam,Ragolu,25.8,2026-03-08,23:45:00,90.0,2026-03-08,23:45:00,2026-03-09 00:00:01,28.650000000000034,Zone 4,61.1,Zone 5,29.0,Zone 4,41.1,Zone 5,35.9,Zone 4,59.2,Zone 5,52.3,Zone 5,62.5,Zone 5,61.1,Zone 5,65.0,Zone 5
Andhra Pradesh,Visakhapatnam,Anandapuram Arg,25.4,2026-03-08,23:45:00,82.0,2026-03-08,23:45:00,2026-03-09 00:00:01,27.25,Zone 4,57.6,Zone 5,27.4,Zone 4,36.3,Zone 4,33.6,Zone 4,48.9,Zone 5,40.4,Zone 5,60.2,Zone 5,57.6,Zone 5,63.0,Zone 5
Andhra Pradesh,Visakhapatnam,Mehadrigadda Dam,29.8,2026-03-08,23:45:00,89.0,2026-03-08,23:45:00,2026-03-09 00:00:01,41.05000000000001,Zone 5,67.6,Zone 5,43.5,Zone 5,63.3,Zone 5,61.2,Zone 5,66.4,Zone 5,65.1,Zone 5,68.6,Zone 5,67.6,Zone 5,70.2,Zone 5
Andhra Pradesh,Vizianagaram,Bobbili,25.7,2026-03-08,23:45:00,86.0,2026-03-08,23:45:00,2026-03-09 00:00:01,28.05000000000001,Zone 4,59.5,Zone 5,27.7,Zone 4,36.9,Zone 4,34.2,Zone 4,52.7,Zone 5,44.2,Zone 5,61.0,Zone 5,59.5,Zone 5,63.6,Zone 5
Andhra Pradesh,Vizianagaram,Vizianagaram,27.2,2026-03-08,23:45:00,87.0,2026-03-08,23:45:00,2026-03-09 00:00:01,31.150000000000034,Zone 4,62.1,Zone 5,30.7,Zone 4,46.5,Zone 5,37.7,Zone 4,60.3,Zone 5,57.0,Zone 5,63.5,Zone 5,62.1,Zone 5,65.8,Zone 5
Andhra Pradesh,West Godavari,Maruteru,26.8,2026-03-08,23:45:00,98.0,2026-03-08,23:45:00,2026-03-09 00:00:01,31.75,Zone 4,64.5,Zone 5,32.3,Zone 4,58.9,Zone 5,49.7,Zone 5,62.9,Zone 5,61.3,Zone 5,65.6,Zone 5,64.5,Zone 5,67.7,Zone 5
Andhra Pradesh,Ysr Kadapa,Utkuru Kvk,26.5,2026-03-08,23:45:00,84.0,2026-03-08,23:45:00,2026-03-09 00:00:01,29.350000000000023,Zone 4,60.6,Zone 5,29.3,Zone 4,39.1,Zone 5,36.0,Zone 4,57.8,Zone 5,50.0,Zone 5,62.1,Zone 5,60.6,Zone 5,64.6,Zone 5
Arunachal Pradesh,Anjaw,Hayuliang Circle,15.2,2026-03-08,23:45:00,86.0,2026-03-08,23:45:00,2026-03-09 00:00:01,14.850000000000023,Zone 3,29.2,Zone 4,14.6,Zone 3,23.2,Zone 3,21.6,Zone 3,26.7,Zone 4,25.1,Zone 3,30.7,Zone 4,29.2,Zone 4,34.7,Zone 4
Arunachal Pradesh,Anjaw,Kibitoo Circle,13.4,2026-03-08,23:30:00,73.0,2026-03-08,23:30:00,2026-03-09 00:00:01,12.450000000000045,Zone 2,27.4,Zone 4,12.6,Zone 2,21.8,Zone 3,20.0,Zone 3,25.1,Zone 3,24.1,Zone 3,28.8,Zone 4,27.4,Zone 4,32.4,Zone 4
Arunachal Pradesh,Anjaw,Wallong Circle,14.5,2026-03-08,23:30:00,69.0,2026-03-08,23:30:00,2026-03-09 00:00:01,13.350000000000023,Zone 2,28.2,Zone 4,13.4,Zone 2,22.5,Zone 3,20.7,Zone 3,25.8,Zone 4,24.6,Zone 3,29.6,Zone 4,28.2,Zone 4,33.3,Zone 4
Arunachal Pradesh,Dibang Valley,Anini,13.6,2026-03-08,23:45:00,86.0,2026-03-08,23:45:00,2026-03-09 00:00:01,13.150000000000034,Zone 2,27.7,Zone 4,13.0,Zone 2,22.0,Zone 3,20.3,Zone 3,25.2,Zone 3,24.3,Zone 3,29.1,Zone 4,27.7,Zone 4,33.0,Zone 4
Arunachal Pradesh,Kurung Kumey,Koloraing,15.9,2026-03-08,23:45:00,100.0,2026-03-08,23:45:00,2026-03-09 00:00:01,16.450000000000045,Zone 3,31.0,Zone 4,16.6,Zone 3,24.2,Zone 3,22.8,Zone 3,28.2,Zone 4,26.5,Zone 4,32.6,Zone 4,31.0,Zone 4,36.9,Zone 5
Arunachal Pradesh,Longding,Longding,20.5,2026-03-08,23:45:00,,,,2026-03-09 00:00:01,,,,,,,,,,,,,,,,,,,,
Arunachal Pradesh,Namsai,Namsai Kvk,16.8,2026-03-08,23:45:00,100.0,2026-03-08,23:45:00,2026-03-09 00:00:01,17.55000000000001,Zone 3,32.2,Zone 4,17.8,Zone 3,24.9,Zone 3,23.6,Zone 3,29.4,Zone 4,27.6,Zone 4,33.9,Zone 4,32.2,Zone 4,41.3,Zone 5
Arunachal Pradesh,Shiyomi,Lamang 2,,,,97.0,2026-03-08,23:30:00,2026-03-09 00:00:01,,,,,,,,,,,,,,,,,,,,
Arunachal Pradesh,Tawang,Tawang,7.0,2026-03-08,23:45:00,100.0,2026-03-08,23:45:00,2026-03-09 00:00:01,7.050000000000011,Zone 2,23.6,Zone 3,7.0,Zone 2,16.8,Zone 3,14.9,Zone 3,21.5,Zone 3,20.3,Zone 3,24.3,Zone 3,23.6,Zone 3,27.0,Zone 4
Arunachal Pradesh,Tirap,Deomali,18.6,2026-03-08,23:45:00,100.0,2026-03-08,23:45:00,2026-03-09 00:00:01,19.850000000000023,Zone 3,34.3,Zone 4,19.7,Zone 3,26.5,Zone 4,24.8,Zone 3,31.4,Zone 4,29.5,Zone 4,36.1,Zone 4,34.3,Zone 4,49.1,Zone 5
Arunachal Pradesh,Tirap,Longding,19.6,2026-03-08,23:45:00,,,,2026-03-09 00:00:01,,,,,,,,,,,,,,,,,,,,
Arunachal Pradesh,Upper Siang,Tuting,16.9,2026-03-08,23:45:00,99.0,2026-03-08,23:45:00,2026-03-09 00:00:01,17.650000000000034,Zone 3,32.2,Zone 4,17.8,Zone 3,24.9,Zone 3,23.6,Zone 3,29.4,Zone 4,27.6,Zone 4,33.9,Zone 4,32.2,Zone 4,40.8,Zone 5
Arunachal Pradesh,Upper Siang,Yingkiong,20.2,2026-03-08,23:45:00,96.0,2026-03-08,23:45:00,2026-03-09 00:00:01,21.55000000000001,Zone 3,36.3,Zone 4,21.3,Zone 3,28.3,Zone 4,26.2,Zone 4,33.4,Zone 4,31.4,Zone 4,40.6,Zone 5,36.3,Zone 4,55.0,Zone 5
Arunachal Pradesh,West Kameng,Bomdila,8.2,2026-03-08,23:45:00,,,,2026-03-09 00:00:01,,,,,,,,,,,,,,,,,,,,
Arunachal Pradesh,West Kameng,Dirang,17.0,2026-03-08,23:45:00,,,,2026-03-09 00:00:01,,,,,,,,,,,,,,,,,,,,
Arunachal Pradesh,West Kameng,Kalaktang,,,,14.0,2026-03-08,23:45:00,2026-03-09 00:00:01,,,,,,,,,,,,,,,,,,,,
Assam,Barpeta,Barpeta,21.7,2026-03-08,23:45:00,86.0,2026-03-08,23:45:00,2026-03-09 00:00:01,22.850000000000023,Zone 3,37.7,Zone 4,22.6,Zone 3,29.9,Zone 4,27.7,Zone 4,34.9,Zone 4,32.8,Zone 4,43.0,Zone 5,37.7,Zone 4,57.0,Zone 5
Assam,Barpeta,Barpeta Kvk,22.3,2026-03-08,23:45:00,92.0,2026-03-08,23:45:00,2026-03-09 00:00:01,23.75,Zone 3,46.4,Zone 5,24.0,Zone 3,31.9,Zone 4,29.5,Zone 4,37.3,Zone 4,35.0,Zone 4,53.2,Zone 5,46.4,Zone 5,60.6,Zone 5
Assam,Bongaigaon,Bongaigaon,22.3,2026-03-08,23:45:00,78.0,2026-03-08,23:45:00,2026-03-09 00:00:01,23.150000000000034,Zone 3,38.4,Zone 4,23.4,Zone 3,30.8,Zone 4,28.5,Zone 4,35.7,Zone 4,33.6,Zone 4,43.3,Zone 5,38.4,Zone 4,57.2,Zone 5
Assam,Bongaigaon,Manikpur,21.3,2026-03-08,23:45:00,100.0,2026-03-08,23:45:00,2026-03-09 00:00:01,22.950000000000045,Zone 3,45.7,Zone 5,23.2,Zone 3,30.8,Zone 4,28.5,Zone 4,36.4,Zone 4,34.1,Zone 4,52.4,Zone 5,45.7,Zone 5,60.5,Zone 5
Assam,Cachar,Cacher Kvk,23.1,2026-03-08,23:45:00,,,,2026-03-09 00:00:01,,,,,,,,,,,,,,,,,,,,
Assam,Darrang,Dalgaon,24.2,2026-03-08,23:45:00,68.0,2026-03-08,23:45:00,2026-03-09 00:00:01,24.850000000000023,Zone 3,39.4,Zone 4,24.6,Zone 3,32.2,Zone 4,29.9,Zone 4,37.0,Zone 4,34.8,Zone 4,44.3,Zone 5,39.4,Zone 4,58.0,Zone 5
Assam,Darrang,Mangaldai,23.8,2026-03-08,23:45:00,67.0,2026-03-08,23:45:00,2026-03-09 00:00:01,24.350000000000023,Zone 3,39.3,Zone 4,24.6,Zone 3,32.1,Zone 4,29.8,Zone 4,36.8,Zone 4,34.7,Zone 4,43.5,Zone 5,39.3,Zone 4,57.4,Zone 5
Assam,Darrang,Mangaldoi Kvk,25.4,2026-03-08,23:45:00,,,,2026-03-09 00:00:01,,,,,,,,,,,,,,,,,,,,
Assam,Dibrugarh,Bcpl Dibrugarh,,,,100.0,2026-03-08,23:45:00,2026-03-09 00:00:01,,,,,,,,,,,,,,,,,,,,
Assam,Dibrugarh,Dc Ofc Dibrugarh,21.2,2026-03-08,23:45:00,95.0,2026-03-08,23:45:00,2026-03-09 00:00:01,22.650000000000034,Zone 3,39.4,Zone 5,22.4,Zone 3,29.7,Zone 4,27.4,Zone 4,34.9,Zone 4,32.8,Zone 4,45.9,Zone 5,39.4,Zone 5,59.1,Zone 5
Assam,Dibrugarh,Dibrugarh,16.1,2026-03-08,23:45:00,,,,2026-03-09 00:00:01,,,,,,,,,,,,,,,,,,,,
Assam,Dibrugarh,Lahowal,,,,9.0,2026-03-08,23:45:00,2026-03-09 00:00:01,,,,,,,,,,,,,,,,,,,,
Assam,Dima Hasao,Haflong,21.1,2026-03-08,23:45:00,78.0,2026-03-08,23:45:00,2026-03-09 00:00:01,21.75,Zone 3,36.1,Zone 4,21.7,Zone 3,28.8,Zone 4,26.6,Zone 4,33.5,Zone 4,31.5,Zone 4,38.0,Zone 4,36.1,Zone 4,49.9,Zone 5
Assam,Dima Hasao,Lkhep,24.5,2026-03-08,23:45:00,70.0,2026-03-08,23:45:00,2026-03-09 00:00:01,25.25,Zone 3,41.3,Zone 5,25.3,Zone 3,33.1,Zone 4,30.7,Zone 4,38.0,Zone 4,35.8,Zone 4,48.7,Zone 5,41.3,Zone 5,59.7,Zone 5
Assam,Goalpara,Goalpara,23.2,2026-03-08,23:45:00,90.0,2026-03-08,23:45:00,2026-03-09 00:00:01,24.650000000000034,Zone 3,48.2,Zone 5,24.4,Zone 3,32.6,Zone 4,30.1,Zone 4,38.6,Zone 5,35.7,Zone 4,54.9,Zone 5,48.2,Zone 5,61.0,Zone 5
Assam,Hajoi,Lumding,23.3,2026-03-08,23:45:00,68.0,2026-03-08,23:45:00,2026-03-09 00:00:01,23.850000000000023,Zone 3,38.7,Zone 4,24.1,Zone 3,31.5,Zone 4,29.2,Zone 4,36.2,Zone 4,34.1,Zone 4,41.6,Zone 5,38.7,Zone 4,55.8,Zone 5
Assam,Jorhat,Jorhat Amfu,21.9,2026-03-08,23:45:00,78.0,2026-03-08,23:45:00,2026-03-09 00:00:01,22.75,Zone 3,37.6,Zone 4,22.8,Zone 3,30.1,Zone 4,27.9,Zone 4,34.9,Zone 4,32.9,Zone 4,40.6,Zone 5,37.6,Zone 4,54.9,Zone 5
Assam,Kamrup,Chandubi,26.6,2026-03-08,23:15:00,,,,2026-03-09 00:00:01,,,,,,,,,,,,,,,,,,,,
Assam,Kamrup Metropolitan,Aau Hrs,25.7,2026-03-08,23:45:00,71.0,2026-03-08,23:45:00,2026-03-09 00:00:01,26.950000000000045,Zone 4,48.0,Zone 5,26.7,Zone 4,34.8,Zone 4,32.3,Zone 4,39.9,Zone 4,37.6,Zone 4,55.2,Zone 5,48.0,Zone 5,61.1,Zone 5
Assam,Kamrup Metropolitan,Down Town University,26.1,2026-03-08,23:45:00,68.0,2026-03-08,23:45:00,2026-03-09 00:00:01,27.350000000000023,Zone 4,48.3,Zone 5,27.2,Zone 4,35.3,Zone 4,32.8,Zone 4,40.3,Zone 4,38.0,Zone 4,55.6,Zone 5,48.3,Zone 5,61.1,Zone 5
Assam,Kamrup Metropolitan,Gauhati University,25.0,2026-03-08,23:45:00,77.0,2026-03-08,23:45:00,2026-03-09 00:00:01,26.350000000000023,Zone 4,50.3,Zone 5,26.3,Zone 4,34.7,Zone 4,32.2,Zone 4,41.0,Zone 5,37.6,Zone 4,57.0,Zone 5,50.3,Zone 5,61.5,Zone 5
Assam,Kamrup Metropolitan,Guwahati,25.9,2026-03-08,23:45:00,62.0,2026-03-08,23:45:00,2026-03-09 00:00:01,26.650000000000034,Zone 4,42.7,Zone 5,26.8,Zone 4,34.6,Zone 4,32.1,Zone 4,39.4,Zone 4,37.1,Zone 4,50.5,Zone 5,42.7,Zone 5,60.0,Zone 5
Assam,Kamrup Metropolitan,Kalakshetra,26.7,2026-03-08,23:45:00,,,,2026-03-09 00:00:01,,,,,,,,,,,,,,,,,,,,
Assam,Kamrup Metropolitan,Kamakhya,26.1,2026-03-08,23:45:00,62.0,2026-03-08,23:45:00,2026-03-09 00:00:01,26.950000000000045,Zone 4,42.7,Zone 5,26.8,Zone 4,34.6,Zone 4,32.1,Zone 4,39.4,Zone 4,37.1,Zone 4,50.5,Zone 5,42.7,Zone 5,60.0,Zone 5
Assam,Kamrup Metropolitan,Sonapur,25.2,2026-03-08,23:30:00,,,,2026-03-09 00:00:01,,,,,,,,,,,,,,,,,,,,
Assam,Kamrup Metropolitan,Vcbc Rani,24.6,2026-03-08,23:45:00,96.0,2026-03-08,23:45:00,2026-03-09 00:00:01,26.950000000000045,Zone 4,59.9,Zone 5,26.7,Zone 4,36.3,Zone 4,33.5,Zone 4,54.2,Zone 5,46.2,Zone 5,61.3,Zone 5,59.9,Zone 5,63.9,Zone 5
Assam,Karbi Anglong,Diphu Amfu,19.9,2026-03-08,23:45:00,81.0,2026-03-08,23:45:00,2026-03-09 00:00:01,20.55000000000001,Zone 3,34.9,Zone 4,20.6,Zone 3,27.6,Zone 4,25.6,Zone 4,32.3,Zone 4,30.4,Zone 4,36.8,Zone 4,34.9,Zone 4,46.6,Zone 5
Assam,Karbi Anglong(East),Bakulia,24.1,2026-03-08,23:45:00,63.0,2026-03-08,23:45:00,2026-03-09 00:00:01,24.55000000000001,Zone 3,38.8,Zone 4,24.4,Zone 3,31.8,Zone 4,29.5,Zone 4,36.4,Zone 4,34.3,Zone 4,40.8,Zone 4,38.8,Zone 4,54.8,Zone 5
Assam,Karbi Anglong(East),Diphu,20.3,2026-03-08,23:45:00,90.0,2026-03-08,23:45:00,2026-03-09 00:00:01,21.350000000000023,Zone 3,36.5,Zone 4,21.6,Zone 3,28.7,Zone 4,26.5,Zone 4,33.7,Zone 4,31.7,Zone 4,39.9,Zone 5,36.5,Zone 4,54.3,Zone 5
Assam,Karbi Anglong(West),Kheronighat,24.8,2026-03-08,23:45:00,62.0,2026-03-08,23:45:00,2026-03-09 00:00:01,25.25,Zone 3,40.1,Zone 4,25.5,Zone 4,33.1,Zone 4,30.7,Zone 4,37.8,Zone 4,35.6,Zone 4,44.9,Zone 5,40.1,Zone 4,58.5,Zone 5
Assam,Karimganj,Harinagar,,,,10.0,2026-03-08,23:45:00,2026-03-09 00:00:01,,,,,,,,,,,,,,,,,,,,
Assam,Karimganj,Karimganj Amfu,28.7,2026-03-08,23:45:00,,,,2026-03-09 00:00:01,,,,,,,,,,,,,,,,,,,,
Assam,Marigaon,Dharamtul,25.3,2026-03-08,23:45:00,77.0,2026-03-08,23:45:00,2026-03-09 00:00:01,26.75,Zone 4,53.4,Zone 5,27.1,Zone 4,35.6,Zone 4,33.0,Zone 4,44.2,Zone 5,38.5,Zone 4,59.2,Zone 5,53.4,Zone 5,62.1,Zone 5
Assam,Marigaon,Laharighat,25.1,2026-03-08,23:45:00,71.0,2026-03-08,23:45:00,2026-03-09 00:00:01,26.150000000000034,Zone 4,45.0,Zone 5,26.0,Zone 4,34.0,Zone 4,31.6,Zone 4,39.0,Zone 4,36.7,Zone 4,52.4,Zone 5,45.0,Zone 5,60.4,Zone 5
Assam,Marigaon,Marigaon,24.9,2026-03-08,23:45:00,85.0,2026-03-08,23:45:00,2026-03-09 00:00:01,26.650000000000034,Zone 4,57.0,Zone 5,26.8,Zone 4,35.7,Zone 4,33.1,Zone 4,48.1,Zone 5,39.7,Zone 5,60.0,Zone 5,57.0,Zone 5,62.8,Zone 5
Assam,Nagaon,Kampur,23.3,2026-03-08,23:45:00,44.0,2026-03-08,23:45:00,2026-03-09 00:00:01,22.650000000000034,Zone 3,36.0,Zone 4,22.9,Zone 3,29.9,Zone 4,27.8,Zone 4,33.9,Zone 4,32.0,Zone 4,37.8,Zone 4,36.0,Zone 4,41.5,Zone 4
Assam,Nalbari,Chamata,27.3,2026-03-08,23:45:00,76.0,2026-03-08,23:45:00,2026-03-09 00:00:01,29.950000000000045,Zone 4,60.4,Zone 5,30.3,Zone 4,39.5,Zone 4,36.7,Zone 4,57.2,Zone 5,48.9,Zone 5,61.9,Zone 5,60.4,Zone 5,64.5,Zone 5
Assam,Nalbari,Nalbari,30.9,2026-03-08,23:45:00,78.0,2026-03-08,23:45:00,2026-03-09 00:00:01,38.950000000000045,Zone 4,66.6,Zone 5,39.2,Zone 4,61.9,Zone 5,59.6,Zone 5,65.3,Zone 5,63.8,Zone 5,67.6,Zone 5,66.6,Zone 5,69.4,Zone 5
Assam,Nalbari,Tihu,24.5,2026-03-08,23:45:00,73.0,2026-03-08,23:45:00,2026-03-09 00:00:01,25.450000000000045,Zone 4,43.7,Zone 5,25.4,Zone 4,33.4,Zone 4,31.0,Zone 4,38.4,Zone 4,36.2,Zone 4,51.1,Zone 5,43.7,Zone 5,60.2,Zone 5
Assam,Tamulpur,Mushalpur,22.0,2026-03-08,23:45:00,99.0,2026-03-08,23:45:00,2026-03-09 00:00:01,23.650000000000034,Zone 3,48.4,Zone 5,23.7,Zone 3,31.6,Zone 4,29.2,Zone 4,38.5,Zone 5,34.9,Zone 4,54.8,Zone 5,48.4,Zone 5,61.0,Zone 5
Assam,Tinsukia,Tinsukia,20.6,2026-03-08,23:45:00,83.0,2026-03-08,23:45:00,2026-03-09 00:00:01,21.450000000000045,Zone 3,35.8,Zone 4,21.3,Zone 3,28.4,Zone 4,26.2,Zone 4,33.2,Zone 4,31.2,Zone 4,37.7,Zone 4,35.8,Zone 4,50.3,Zone 5
Assam,Udalguri,Udalguri,21.4,2026-03-08,23:45:00,59.0,2026-03-08,23:45:00,2026-03-09 00:00:01,21.25,Zone 3,35.0,Zone 4,21.3,Zone 3,28.4,Zone 4,26.4,Zone 4,32.7,Zone 4,30.8,Zone 4,36.8,Zone 4,35.0,Zone 4,40.8,Zone 5
Assam,Udalguri,Udi Kvk,22.6,2026-03-08,23:45:00,,,,2026-03-09 00:00:01,,,,,,,,,,,,,,,,,,,,
Bihar,Aurangabad,Aurangabad Kvk,22.0,2026-03-08,23:45:00,86.0,2026-03-08,23:45:00,2026-03-09 00:00:01,23.150000000000034,Zone 3,39.2,Zone 5,23.2,Zone 3,30.6,Zone 4,28.3,Zone 4,35.7,Zone 4,33.6,Zone 4,45.9,Zone 5,39.2,Zone 5,59.1,Zone 5
Bihar,Buxar,Buxar,24.3,2026-03-08,23:45:00,80.0,2026-03-08,23:45:00,2026-03-09 00:00:01,25.450000000000045,Zone 4,49.7,Zone 5,25.8,Zone 4,34.2,Zone 4,31.7,Zone 4,40.3,Zone 5,37.1,Zone 4,56.5,Zone 5,49.7,Zone 5,61.3,Zone 5
Bihar,Gaya,Gaya Cusb,25.0,2026-03-08,23:00:00,,,,2026-03-09 00:00:01,,,,,,,,,,,,,,,,,,,,
Bihar,Jehanabad,Jehanabad,23.5,2026-03-08,23:45:00,84.0,2026-03-08,23:45:00,2026-03-09 00:00:01,24.75,Zone 3,46.6,Zone 5,24.7,Zone 3,32.9,Zone 4,30.4,Zone 4,38.2,Zone 4,35.9,Zone 4,53.6,Zone 5,46.6,Zone 5,60.7,Zone 5
Bihar,Kaimur,Bhabua,25.4,2026-03-08,23:45:00,89.0,2026-03-08,23:45:00,2026-03-09 00:00:01,27.75,Zone 4,60.1,Zone 5,28.0,Zone 4,37.4,Zone 4,34.6,Zone 4,55.4,Zone 5,47.3,Zone 5,61.5,Zone 5,60.1,Zone 5,64.1,Zone 5
Bihar,Madhubani,Chanpur Basaitha,22.2,2026-03-08,23:45:00,94.0,2026-03-08,23:45:00,2026-03-09 00:00:01,23.75,Zone 3,44.7,Zone 5,23.5,Zone 3,31.2,Zone 4,28.8,Zone 4,36.6,Zone 4,34.4,Zone 4,51.5,Zone 5,44.7,Zone 5,60.3,Zone 5
Bihar,Nalanda,Harnaut,23.3,2026-03-08,23:45:00,100.0,2026-03-08,23:45:00,2026-03-09 00:00:01,25.05000000000001,Zone 3,58.9,Zone 5,25.3,Zone 3,34.6,Zone 4,31.9,Zone 4,50.0,Zone 5,42.0,Zone 5,60.4,Zone 5,58.9,Zone 5,63.2,Zone 5
Bihar,Patna,Baldwin Academy,25.2,2026-03-08,23:45:00,86.0,2026-03-08,23:45:00,2026-03-09 00:00:01,27.25,Zone 4,57.8,Zone 5,26.9,Zone 4,35.9,Zone 4,33.2,Zone 4,49.0,Zone 5,40.6,Zone 5,60.2,Zone 5,57.8,Zone 5,63.0,Zone 5
Bihar,Patna,Danapur Dps,27.4,2026-03-08,23:45:00,84.0,2026-03-08,23:45:00,2026-03-09 00:00:01,31.150000000000034,Zone 4,62.3,Zone 5,31.4,Zone 4,47.4,Zone 5,38.3,Zone 4,60.5,Zone 5,57.7,Zone 5,63.6,Zone 5,62.3,Zone 5,65.9,Zone 5
Bihar,Patna,Iit Patna,23.6,2026-03-08,23:45:00,100.0,2026-03-08,23:45:00,2026-03-09 00:00:01,25.450000000000045,Zone 4,58.9,Zone 5,25.3,Zone 3,34.6,Zone 4,31.9,Zone 4,50.0,Zone 5,42.0,Zone 5,60.4,Zone 5,58.9,Zone 5,63.2,Zone 5
Bihar,Rohtas,Dehri,31.8,2026-03-08,23:45:00,87.0,2026-03-08,23:45:00,2026-03-09 00:00:01,60.150000000000034,Zone 5,70.6,Zone 5,60.9,Zone 5,67.3,Zone 5,65.7,Zone 5,69.7,Zone 5,68.6,Zone 5,71.3,Zone 5,70.6,Zone 5,74.0,Zone 6
Bihar,Sheikpura,Sheikpura Kvk,22.0,2026-03-08,23:45:00,,,,2026-03-09 00:00:01,,,,,,,,,,,,,,,,,,,,
Bihar,Vaishali,Vaishali,23.0,2026-03-08,23:45:00,100.0,2026-03-08,23:45:00,2026-03-09 00:00:01,24.75,Zone 3,55.8,Zone 5,24.8,Zone 3,33.6,Zone 4,31.0,Zone 4,46.2,Zone 5,38.5,Zone 5,59.6,Zone 5,55.8,Zone 5,62.5,Zone 5
Chandigarh,Chandigarh,Chandigarh,22.5,2026-03-08,23:45:00,,,,2026-03-09 00:00:01,,,,,,,,,,,,,,,,,,,,
Chhattisgarh,Balrampur,Balrampur,21.5,2026-03-08,23:45:00,,,,2026-03-09 00:00:01,,,,,,,,,,,,,,,,,,,,
Chhattisgarh,Bilaspur,Bilaspur,26.2,2026-03-08,23:45:00,52.0,2026-03-08,23:45:00,2026-03-09 00:00:01,26.450000000000045,Zone 4,40.1,Zone 4,26.2,Zone 4,33.5,Zone 4,31.2,Zone 4,37.9,Zone 4,35.8,Zone 4,42.1,Zone 4,40.1,Zone 4,55.9,Zone 5
Chhattisgarh,Janjgir Champa,Janjgir,,,,74.0,2026-03-08,23:45:00,2026-03-09 00:00:01,,,,,,,,,,,,,,,,,,,,
Chhattisgarh,Janjgir Champa,Nawagarh,26.4,2026-03-08,23:45:00,60.0,2026-03-08,23:45:00,2026-03-09 00:00:01,27.25,Zone 4,43.6,Zone 5,27.3,Zone 4,35.1,Zone 4,32.7,Zone 4,39.9,Zone 4,37.6,Zone 4,51.5,Zone 5,43.6,Zone 5,60.2,Zone 5
Chhattisgarh,Janjgir Champa,Sakti,23.9,2026-03-08,23:45:00,71.0,2026-03-08,23:45:00,2026-03-09 00:00:01,24.650000000000034,Zone 3,39.9,Zone 4,24.8,Zone 3,32.4,Zone 4,30.1,Zone 4,37.3,Zone 4,35.1,Zone 4,46.6,Zone 5,39.9,Zone 4,59.2,Zone 5
Chhattisgarh,Jashpur,Bagicha,22.3,2026-03-08,23:45:00,67.0,2026-03-08,23:45:00,2026-03-09 00:00:01,22.650000000000034,Zone 3,37.1,Zone 4,22.9,Zone 3,30.1,Zone 4,27.9,Zone 4,34.7,Zone 4,32.6,Zone 4,39.0,Zone 4,37.1,Zone 4,50.4,Zone 5
Chhattisgarh,Jashpur,Jashpur,22.7,2026-03-08,23:45:00,65.0,2026-03-08,23:45:00,2026-03-09 00:00:01,23.05000000000001,Zone 3,36.9,Zone 4,22.8,Zone 3,30.0,Zone 4,27.8,Zone 4,34.5,Zone 4,32.5,Zone 4,38.8,Zone 4,36.9,Zone 4,49.0,Zone 5
Chhattisgarh,Jashpur,Pathalgaon,24.1,2026-03-08,23:45:00,57.0,2026-03-08,23:45:00,2026-03-09 00:00:01,24.25,Zone 3,38.0,Zone 4,24.2,Zone 3,31.3,Zone 4,29.1,Zone 4,35.7,Zone 4,33.7,Zone 4,40.0,Zone 4,38.0,Zone 4,50.6,Zone 5
Chhattisgarh,Korba,Lakhanpur Kvk,27.7,2026-03-08,23:45:00,41.0,2026-03-08,23:45:00,2026-03-09 00:00:01,27.55000000000001,Zone 4,40.4,Zone 4,27.3,Zone 4,34.3,Zone 4,32.0,Zone 4,38.5,Zone 4,36.3,Zone 4,42.4,Zone 4,40.4,Zone 4,53.5,Zone 5
Chhattisgarh,Koriya,Koriya Kvk,25.2,2026-03-08,23:45:00,,,,2026-03-09 00:00:01,,,,,,,,,,,,,,,,,,,,
Chhattisgarh,Mahasamund,Pithora,23.1,2026-03-08,23:45:00,65.0,2026-03-08,23:45:00,2026-03-09 00:00:01,23.55000000000001,Zone 3,37.6,Zone 4,23.4,Zone 3,30.6,Zone 4,28.4,Zone 4,35.2,Zone 4,33.1,Zone 4,39.5,Zone 4,37.6,Zone 4,51.5,Zone 5
Chhattisgarh,Raigarh,Dharamjaigarh,23.8,2026-03-08,23:45:00,71.0,2026-03-08,23:45:00,2026-03-09 00:00:01,24.55000000000001,Zone 3,39.9,Zone 4,24.8,Zone 3,32.4,Zone 4,30.1,Zone 4,37.3,Zone 4,35.1,Zone 4,46.6,Zone 5,39.9,Zone 4,59.2,Zone 5
Chhattisgarh,Raigarh,Raigarh,24.4,2026-03-08,23:45:00,83.0,2026-03-08,23:45:00,2026-03-09 00:00:01,25.75,Zone 4,52.2,Zone 5,25.9,Zone 4,34.5,Zone 4,32.0,Zone 4,42.8,Zone 5,37.6,Zone 4,58.5,Zone 5,52.2,Zone 5,61.8,Zone 5
Chhattisgarh,Rajnandgaon,Rajnandgaon,25.8,2026-03-08,23:45:00,50.0,2026-03-08,23:45:00,2026-03-09 00:00:01,25.850000000000023,Zone 4,39.8,Zone 4,26.1,Zone 4,33.3,Zone 4,31.0,Zone 4,37.7,Zone 4,35.5,Zone 4,41.8,Zone 4,39.8,Zone 4,54.4,Zone 5
Daman And Diu,Daman,Daman Aws,26.5,2026-03-08,23:45:00,52.0,2026-03-08,23:45:00,2026-03-09 00:00:01,26.850000000000023,Zone 4,40.8,Zone 4,26.8,Zone 4,34.2,Zone 4,31.8,Zone 4,38.6,Zone 4,36.4,Zone 4,44.3,Zone 5,40.8,Zone 4,57.9,Zone 5
Delhi,Central Delhi,Pragati Maidan,24.2,2026-03-08,23:45:00,,,,2026-03-09 00:00:01,,,,,,,,,,,,,,,,,,,,
Delhi,East Delhi,Salwan Public School,21.3,2026-03-08,23:45:00,99.0,2026-03-08,23:45:00,2026-03-09 00:00:01,22.950000000000045,Zone 3,45.0,Zone 5,23.1,Zone 3,30.8,Zone 4,28.4,Zone 4,36.3,Zone 4,34.0,Zone 4,51.7,Zone 5,45.0,Zone 5,60.3,Zone 5
Delhi,New Delhi,Sports Complex,24.9,2026-03-08,23:45:00,90.0,2026-03-08,23:45:00,2026-03-09 00:00:01,27.05000000000001,Zone 4,59.5,Zone 5,27.2,Zone 4,36.5,Zone 4,33.7,Zone 4,52.7,Zone 5,44.3,Zone 5,61.0,Zone 5,59.5,Zone 5,63.6,Zone 5
Delhi,North West Delhi,Pitampura,24.1,2026-03-08,23:45:00,91.0,2026-03-08,23:45:00,2026-03-09 00:00:01,25.75,Zone 4,55.5,Zone 5,25.6,Zone 4,34.5,Zone 4,31.9,Zone 4,46.1,Zone 5,38.1,Zone 5,59.6,Zone 5,55.5,Zone 5,62.5,Zone 5
Delhi,South Delhi,Lodi Road,21.7,2026-03-08,23:45:00,,,,2026-03-09 00:00:01,,,,,,,,,,,,,,,,,,,,
Delhi,South West Delhi,Ayanagar,19.3,2026-03-08,23:45:00,82.0,2026-03-08,23:45:00,2026-03-09 00:00:01,19.850000000000023,Zone 3,34.3,Zone 4,20.1,Zone 3,27.1,Zone 4,25.1,Zone 3,31.7,Zone 4,29.8,Zone 4,36.1,Zone 4,34.3,Zone 4,44.6,Zone 5
Delhi,South West Delhi,Jafarpur,20.7,2026-03-08,23:45:00,,,,2026-03-09 00:00:01,,,,,,,,,,,,,,,,,,,,
Delhi,South West Delhi,Najafgarh,22.9,2026-03-08,23:45:00,100.0,2026-03-08,23:45:00,2026-03-09 00:00:01,24.650000000000034,Zone 3,55.8,Zone 5,24.8,Zone 3,33.6,Zone 4,31.0,Zone 4,46.2,Zone 5,38.5,Zone 5,59.6,Zone 5,55.8,Zone 5,62.5,Zone 5
Goa,North Goa,Goa State Biodiversity Board,25.4,2026-03-08,23:45:00,99.0,2026-03-08,23:45:00,2026-03-09 00:00:01,28.650000000000034,Zone 4,62.2,Zone 5,28.9,Zone 4,46.2,Zone 5,36.7,Zone 5,60.3,Zone 5,57.1,Zone 5,63.4,Zone 5,62.2,Zone 5,65.8,Zone 5
Goa,North Goa,Mapusa,25.4,2026-03-08,23:45:00,,,,2026-03-09 00:00:01,,,,,,,,,,,,,,,,,,,,
Gujarat,Ahmedabad,Ahmedabad,29.1,2026-03-08,23:45:00,41.0,2026-03-08,23:45:00,2026-03-09 00:00:01,29.25,Zone 4,42.4,Zone 4,29.1,Zone 4,36.2,Zone 4,33.8,Zone 4,40.5,Zone 4,38.2,Zone 4,46.1,Zone 5,42.4,Zone 4,59.1,Zone 5
Gujarat,Amreli,Jafrabad,29.4,2026-03-08,23:45:00,68.0,2026-03-08,23:45:00,2026-03-09 00:00:01,32.85000000000002,Zone 4,61.6,Zone 5,33.1,Zone 4,44.4,Zone 5,39.4,Zone 4,59.8,Zone 5,54.4,Zone 5,63.0,Zone 5,61.6,Zone 5,65.4,Zone 5
Gujarat,Amreli,Rajula,28.3,2026-03-08,23:45:00,50.0,2026-03-08,23:45:00,2026-03-09 00:00:01,28.950000000000045,Zone 4,44.6,Zone 5,29.2,Zone 4,36.8,Zone 4,34.3,Zone 4,41.4,Zone 4,39.0,Zone 4,52.8,Zone 5,44.6,Zone 5,60.5,Zone 5
Gujarat,Banaskantha,Dantewada Amfu,34.1,2026-03-08,23:45:00,52.0,2026-03-08,23:45:00,2026-03-09 00:00:01,39.150000000000034,Zone 4,63.7,Zone 5,39.0,Zone 4,56.7,Zone 5,45.0,Zone 4,62.3,Zone 5,60.3,Zone 5,65.1,Zone 5,63.7,Zone 5,67.2,Zone 5
Gujarat,Dahod,Dahod Kvk,22.2,2026-03-08,23:45:00,41.0,2026-03-08,23:45:00,2026-03-09 00:00:01,21.150000000000034,Zone 3,34.1,Zone 4,20.9,Zone 3,28.2,Zone 4,26.2,Zone 4,32.1,Zone 4,30.3,Zone 4,35.9,Zone 4,34.1,Zone 4,39.4,Zone 4
Gujarat,Dang,Dang Kvk,20.2,2026-03-08,23:45:00,48.0,2026-03-08,23:45:00,2026-03-09 00:00:01,19.150000000000034,Zone 3,32.6,Zone 4,18.9,Zone 3,26.4,Zone 4,24.7,Zone 3,30.5,Zone 4,28.7,Zone 4,34.2,Zone 4,32.6,Zone 4,37.9,Zone 4
Gujarat,Gandhinagar,Gandhinagar,27.2,2026-03-08,23:45:00,47.0,2026-03-08,23:45:00,2026-03-09 00:00:01,27.350000000000023,Zone 4,40.7,Zone 4,27.1,Zone 4,34.3,Zone 4,32.0,Zone 4,38.6,Zone 4,36.4,Zone 4,42.8,Zone 4,40.7,Zone 4,56.3,Zone 5
Gujarat,Kachchh,Bachau Amfu,27.6,2026-03-08,23:45:00,36.0,2026-03-08,23:45:00,2026-03-09 00:00:01,27.150000000000034,Zone 4,39.6,Zone 4,27.0,Zone 4,33.7,Zone 4,31.5,Zone 4,37.8,Zone 4,35.7,Zone 4,41.6,Zone 4,39.6,Zone 4,49.1,Zone 5
Gujarat,Kachchh,Bhuj,,,,48.0,2026-03-08,23:45:00,2026-03-09 00:00:01,,,,,,,,,,,,,,,,,,,,
Gujarat,Kachchh,Kandla,27.5,2026-03-08,23:45:00,60.0,2026-03-08,23:45:00,2026-03-09 00:00:01,28.75,Zone 4,49.4,Zone 5,28.7,Zone 4,36.7,Zone 4,34.2,Zone 4,41.6,Zone 4,39.2,Zone 4,56.8,Zone 5,49.4,Zone 5,61.4,Zone 5
Gujarat,Panchmahal,Godra,,,,66.0,2026-03-08,23:45:00,2026-03-09 00:00:01,,,,,,,,,,,,,,,,,,,,
Gujarat,Patan,Patan,23.7,2026-03-08,23:45:00,47.0,2026-03-08,23:45:00,2026-03-09 00:00:01,23.350000000000023,Zone 3,36.3,Zone 4,23.1,Zone 3,30.1,Zone 4,28.0,Zone 4,34.2,Zone 4,32.2,Zone 4,38.1,Zone 4,36.3,Zone 4,41.9,Zone 4
Gujarat,Surat,Surat Kvk,29.1,2026-03-08,23:45:00,,,,2026-03-09 00:00:01,,,,,,,,,,,,,,,,,,,,
Gujarat,Surendranagar,Surendranagar,28.1,2026-03-08,23:45:00,30.0,2026-03-08,23:45:00,2026-03-09 00:00:01,27.25,Zone 4,39.3,Zone 4,27.2,Zone 4,33.7,Zone 4,31.5,Zone 4,37.6,Zone 4,35.5,Zone 4,41.2,Zone 4,39.3,Zone 4,45.7,Zone 5
Haryana,Bhiwani,Bhiwani,23.4,2026-03-08,23:45:00,,,,2026-03-09 00:00:01,,,,,,,,,,,,,,,,,,,,
Haryana,Gurgaon,Gurgaon,17.3,2026-03-08,23:45:00,99.0,2026-03-08,23:45:00,2026-03-09 00:00:01,18.150000000000034,Zone 3,32.8,Zone 4,18.4,Zone 3,25.2,Zone 3,24.0,Zone 3,30.0,Zone 4,28.2,Zone 4,34.6,Zone 4,32.8,Zone 4,43.3,Zone 5
Haryana,Gurgaon,Gurgaon Kvk,18.7,2026-03-08,23:45:00,57.0,2026-03-08,23:45:00,2026-03-09 00:00:01,17.850000000000023,Zone 3,31.6,Zone 4,17.6,Zone 3,25.2,Zone 3,23.7,Zone 3,29.3,Zone 4,27.6,Zone 4,33.2,Zone 4,31.6,Zone 4,36.9,Zone 4
Haryana,Jind,Pandu Pindara,21.5,2026-03-08,23:45:00,,,,2026-03-09 00:00:01,,,,,,,,,,,,,,,,,,,,
Haryana,Karnal,Uchani,23.5,2026-03-08,23:45:00,89.0,2026-03-08,23:45:00,2026-03-09 00:00:01,24.950000000000045,Zone 3,50.7,Zone 5,24.9,Zone 3,33.4,Zone 4,30.9,Zone 4,41.0,Zone 5,36.5,Zone 4,57.1,Zone 5,50.7,Zone 5,61.5,Zone 5
Haryana,Mahendragarh,Mahendragarh Aws,19.3,2026-03-08,23:45:00,94.0,2026-03-08,23:45:00,2026-03-09 00:00:01,20.350000000000023,Zone 3,35.3,Zone 4,20.6,Zone 3,27.5,Zone 4,25.5,Zone 4,32.5,Zone 4,30.5,Zone 4,37.2,Zone 4,35.3,Zone 4,51.3,Zone 5
Haryana,Mewat,Mandkola,21.3,2026-03-08,23:45:00,18.0,2026-03-08,23:45:00,2026-03-09 00:00:01,18.650000000000034,Zone 3,32.1,Zone 4,18.9,Zone 3,26.8,Zone 4,25.0,Zone 3,30.4,Zone 4,28.7,Zone 4,33.7,Zone 4,32.1,Zone 4,36.9,Zone 4
Haryana,Mewat,Nuh,24.5,2026-03-08,23:45:00,,,,2026-03-09 00:00:01,,,,,,,,,,,,,,,,,,,,
Haryana,Panipat,Ujha,24.3,2026-03-08,23:45:00,99.0,2026-03-08,23:45:00,2026-03-09 00:00:01,26.55000000000001,Zone 4,60.5,Zone 5,27.0,Zone 4,37.7,Zone 5,33.9,Zone 4,56.7,Zone 5,49.1,Zone 5,61.8,Zone 5,60.5,Zone 5,64.4,Zone 5
Haryana,Rohtak,Rohtak,22.1,2026-03-08,23:45:00,99.0,2026-03-08,23:45:00,2026-03-09 00:00:01,23.75,Zone 3,48.4,Zone 5,23.7,Zone 3,31.6,Zone 4,29.2,Zone 4,38.5,Zone 5,34.9,Zone 4,54.8,Zone 5,48.4,Zone 5,61.0,Zone 5
Haryana,Sirsa,Sirsa,20.0,2026-03-08,23:45:00,100.0,2026-03-08,23:45:00,2026-03-09 00:00:01,21.450000000000045,Zone 3,36.9,Zone 5,21.5,Zone 3,28.5,Zone 4,26.3,Zone 4,33.7,Zone 4,31.7,Zone 4,42.9,Zone 5,36.9,Zone 5,57.0,Zone 5
Himachal Pradesh,Bilaspur,Bilaspur Kvk,15.2,2026-03-08,23:45:00,100.0,2026-03-08,23:45:00,2026-03-09 00:00:01,15.550000000000011,Zone 3,29.8,Zone 4,15.3,Zone 3,23.4,Zone 3,22.0,Zone 3,27.0,Zone 4,25.4,Zone 4,31.3,Zone 4,29.8,Zone 4,35.4,Zone 4
Himachal Pradesh,Kullu,Seobagh Amfu,,,,50.0,2026-03-08,23:45:00,2026-03-09 00:00:01,,,,,,,,,,,,,,,,,,,,
Himachal Pradesh,Mandi,Sundernagar Kvk,17.0,2026-03-08,23:45:00,84.0,2026-03-08,23:45:00,2026-03-09 00:00:01,17.05000000000001,Zone 3,31.4,Zone 4,17.1,Zone 3,24.6,Zone 3,23.2,Zone 3,28.8,Zone 4,27.1,Zone 4,33.0,Zone 4,31.4,Zone 4,37.0,Zone 4
Jammu And Kashmir,Anantnag,Anantnag,9.4,2026-03-08,23:30:00,75.0,2026-03-08,23:30:00,2026-03-09 00:00:01,8.650000000000034,Zone 2,24.5,Zone 3,8.7,Zone 2,18.5,Zone 3,16.6,Zone 3,22.7,Zone 3,21.6,Zone 3,25.2,Zone 3,24.5,Zone 3,28.7,Zone 4
Jammu And Kashmir,Anantnag,Khudwani,9.9,2026-03-08,23:45:00,82.0,2026-03-08,23:45:00,2026-03-09 00:00:01,9.350000000000023,Zone 2,24.9,Zone 3,9.4,Zone 2,19.1,Zone 3,17.2,Zone 3,23.1,Zone 3,22.0,Zone 3,25.8,Zone 4,24.9,Zone 3,29.3,Zone 4
Jammu And Kashmir,Anantnag,Larnoo,6.1,2026-03-08,23:45:00,99.0,2026-03-08,23:45:00,2026-03-09 00:00:01,6.050000000000011,Zone 2,23.0,Zone 3,6.0,Zone 2,15.9,Zone 3,14.0,Zone 2,20.8,Zone 3,19.7,Zone 3,23.8,Zone 3,23.0,Zone 3,26.2,Zone 4
Jammu And Kashmir,Anantnag,Pahalgam,6.6,2026-03-08,23:45:00,75.0,2026-03-08,23:45:00,2026-03-09 00:00:01,5.9500000000000455,Zone 2,23.1,Zone 3,5.8,Zone 2,16.0,Zone 3,13.9,Zone 2,20.9,Zone 3,19.6,Zone 3,23.8,Zone 3,23.1,Zone 3,26.3,Zone 4
Jammu And Kashmir,Badgam,Harran,9.9,2026-03-08,23:30:00,81.0,2026-03-08,23:30:00,2026-03-09 00:00:01,9.350000000000023,Zone 2,24.8,Zone 3,9.4,Zone 2,19.1,Zone 3,17.1,Zone 3,23.1,Zone 3,22.0,Zone 3,25.8,Zone 4,24.8,Zone 3,29.3,Zone 4
Jammu And Kashmir,Bandipora,Bandipora,9.8,2026-03-08,23:00:00,,,,2026-03-09 00:00:01,,,,,,,,,,,,,,,,,,,,
Jammu And Kashmir,Baramulla,Baramulla Amfu,22.8,2026-03-08,23:30:00,73.0,2026-03-08,23:30:00,2026-03-09 00:00:01,23.55000000000001,Zone 3,38.5,Zone 4,23.7,Zone 3,31.2,Zone 4,28.9,Zone 4,36.0,Zone 4,33.9,Zone 4,42.5,Zone 5,38.5,Zone 4,56.6,Zone 5
Jammu And Kashmir,Baramulla,Baramulla Kvk,13.3,2026-03-08,23:45:00,49.0,2026-03-08,23:45:00,2026-03-09 00:00:01,11.450000000000045,Zone 2,26.8,Zone 4,11.7,Zone 2,21.3,Zone 3,19.3,Zone 3,24.8,Zone 3,23.7,Zone 3,28.1,Zone 4,26.8,Zone 4,31.6,Zone 4
Jammu And Kashmir,Baramulla,Gulmarg,4.8,2026-03-08,23:45:00,46.0,2026-03-08,23:45:00,2026-03-09 00:00:01,3.4500000000000455,Zone 2,22.0,Zone 3,3.7,Zone 2,14.1,Zone 3,12.4,Zone 2,19.5,Zone 3,18.2,Zone 3,22.9,Zone 3,22.0,Zone 3,25.0,Zone 3
Jammu And Kashmir,Ganderbal,Ganderbal,12.3,2026-03-08,23:45:00,44.0,2026-03-08,23:45:00,2026-03-09 00:00:01,10.350000000000023,Zone 2,25.9,Zone 4,10.5,Zone 2,20.4,Zone 3,18.3,Zone 3,24.1,Zone 3,23.0,Zone 3,27.2,Zone 4,25.9,Zone 4,30.6,Zone 4
Jammu And Kashmir,Ganderbal,Sonemarg,4.8,2026-03-08,23:45:00,85.0,2026-03-08,23:45:00,2026-03-09 00:00:01,4.4500000000000455,Zone 2,22.4,Zone 3,4.6,Zone 2,14.8,Zone 3,13.0,Zone 2,20.0,Zone 3,18.8,Zone 3,23.2,Zone 3,22.4,Zone 3,25.2,Zone 3
Jammu And Kashmir,Jammu,Chatha Amfu,20.6,2026-03-08,23:45:00,90.0,2026-03-08,23:45:00,2026-03-09 00:00:01,21.75,Zone 3,36.5,Zone 4,21.6,Zone 3,28.7,Zone 4,26.5,Zone 4,33.7,Zone 4,31.7,Zone 4,39.9,Zone 5,36.5,Zone 4,54.3,Zone 5
Jammu And Kashmir,Jammu,Jammu,21.3,2026-03-08,23:45:00,85.0,2026-03-08,23:45:00,2026-03-09 00:00:01,22.350000000000023,Zone 3,37.6,Zone 4,22.6,Zone 3,29.8,Zone 4,27.6,Zone 4,34.8,Zone 4,32.7,Zone 4,42.3,Zone 5,37.6,Zone 4,56.5,Zone 5
Jammu And Kashmir,Kathua,Kathua Kvk,19.7,2026-03-08,23:45:00,100.0,2026-03-08,23:45:00,2026-03-09 00:00:01,21.150000000000034,Zone 3,35.9,Zone 4,20.9,Zone 3,27.8,Zone 4,25.7,Zone 4,32.9,Zone 4,30.9,Zone 4,40.1,Zone 5,35.9,Zone 4,54.5,Zone 5
Jammu And Kashmir,Kishtwar,Gulabgarh,5.3,2026-03-08,23:45:00,52.0,2026-03-08,23:45:00,2026-03-09 00:00:01,4.050000000000011,Zone 2,22.4,Zone 3,4.3,Zone 2,14.7,Zone 3,12.8,Zone 2,19.9,Zone 3,18.7,Zone 3,23.2,Zone 3,22.4,Zone 3,25.2,Zone 3
Jammu And Kashmir,Kishtwar,Kishtwar,16.2,2026-03-08,23:30:00,47.0,2026-03-08,23:30:00,2026-03-09 00:00:01,14.150000000000034,Zone 3,28.8,Zone 4,13.9,Zone 2,23.2,Zone 3,21.4,Zone 3,26.6,Zone 4,25.1,Zone 3,30.3,Zone 4,28.8,Zone 4,33.8,Zone 4
Jammu And Kashmir,Kulgam,Kulgam Amfu,13.7,2026-03-08,23:45:00,63.0,2026-03-08,23:45:00,2026-03-09 00:00:01,12.350000000000023,Zone 2,27.1,Zone 4,12.2,Zone 2,21.6,Zone 3,19.7,Zone 3,24.9,Zone 3,23.9,Zone 3,28.5,Zone 4,27.1,Zone 4,32.1,Zone 4
Jammu And Kashmir,Kupwara,Kupw Kvk,9.9,2026-03-08,23:45:00,73.0,2026-03-08,23:45:00,2026-03-09 00:00:01,9.050000000000011,Zone 2,24.8,Zone 3,9.2,Zone 2,18.9,Zone 3,16.9,Zone 3,23.0,Zone 3,21.9,Zone 3,25.6,Zone 4,24.8,Zone 3,29.1,Zone 4
Jammu And Kashmir,Poonch,Rajpura Mandi,14.5,2026-03-08,23:30:00,37.0,2026-03-08,23:30:00,2026-03-09 00:00:01,12.150000000000034,Zone 2,27.3,Zone 4,12.1,Zone 2,21.8,Zone 3,19.8,Zone 3,25.2,Zone 3,24.1,Zone 3,28.7,Zone 4,27.3,Zone 4,32.0,Zone 4
Jammu And Kashmir,Pulwama,Tral,13.8,2026-03-08,23:45:00,56.0,2026-03-08,23:45:00,2026-03-09 00:00:01,12.25,Zone 2,27.4,Zone 4,12.4,Zone 2,21.8,Zone 3,20.0,Zone 3,25.1,Zone 3,24.1,Zone 3,28.8,Zone 4,27.4,Zone 4,32.3,Zone 4
Jammu And Kashmir,Rajouri,Rajouri Arg,16.1,2026-03-08,23:45:00,48.0,2026-03-08,23:45:00,2026-03-09 00:00:01,14.150000000000034,Zone 3,28.9,Zone 4,14.0,Zone 2,23.2,Zone 3,21.4,Zone 3,26.7,Zone 4,25.2,Zone 3,30.3,Zone 4,28.9,Zone 4,33.8,Zone 4
Jammu And Kashmir,Ramban,Govindpura,18.8,2026-03-08,23:45:00,55.0,2026-03-08,23:45:00,2026-03-09 00:00:01,17.850000000000023,Zone 3,32.0,Zone 4,18.1,Zone 3,25.7,Zone 4,24.1,Zone 3,29.8,Zone 4,28.0,Zone 4,33.6,Zone 4,32.0,Zone 4,37.3,Zone 4
Jammu And Kashmir,Reasi,Reasi Kvk,17.9,2026-03-08,23:45:00,94.0,2026-03-08,23:45:00,2026-03-09 00:00:01,18.650000000000034,Zone 3,33.2,Zone 4,18.8,Zone 3,25.7,Zone 4,24.2,Zone 3,30.4,Zone 4,28.6,Zone 4,34.9,Zone 4,33.2,Zone 4,43.4,Zone 5
Jammu And Kashmir,Samba,Samba,16.2,2026-03-08,23:45:00,93.0,2026-03-08,23:45:00,2026-03-09 00:00:01,16.450000000000045,Zone 3,30.6,Zone 4,16.2,Zone 3,24.1,Zone 3,22.6,Zone 3,27.9,Zone 4,26.3,Zone 4,32.2,Zone 4,30.6,Zone 4,36.3,Zone 4
Jammu And Kashmir,Shopian,Shopian,10.1,2026-03-08,23:45:00,55.0,2026-03-08,23:45:00,2026-03-09 00:00:01,8.650000000000034,Zone 2,24.6,Zone 3,8.6,Zone 2,18.6,Zone 3,16.5,Zone 3,22.8,Zone 3,21.6,Zone 3,25.4,Zone 4,24.6,Zone 3,28.7,Zone 4
Jammu And Kashmir,Srinagar,Srinagar Amfu,12.4,2026-03-08,23:30:00,60.0,2026-03-08,23:30:00,2026-03-09 00:00:01,11.050000000000011,Zone 2,26.2,Zone 4,11.1,Zone 2,20.7,Zone 3,18.8,Zone 3,24.3,Zone 3,23.2,Zone 3,27.5,Zone 4,26.2,Zone 4,31.0,Zone 4
Jammu And Kashmir,Srinagar,Srinagar Tdma Test,28.6,2026-03-08,23:45:00,58.0,2026-03-08,23:45:00,2026-03-09 00:00:01,30.150000000000034,Zone 4,53.2,Zone 5,30.0,Zone 4,38.1,Zone 4,35.5,Zone 4,44.8,Zone 5,40.6,Zone 4,59.3,Zone 5,53.2,Zone 5,62.2,Zone 5
Jammu And Kashmir,Udhampur,Kawa,18.0,2026-03-08,23:30:00,100.0,2026-03-08,23:30:00,2026-03-09 00:00:01,19.05000000000001,Zone 3,33.6,Zone 4,19.1,Zone 3,25.8,Zone 4,24.4,Zone 3,30.7,Zone 4,28.9,Zone 4,35.4,Zone 4,33.6,Zone 4,46.4,Zone 5
Jharkhand,Gumla,Gumla-Bishnupur Kvk,17.2,2026-03-08,23:45:00,91.0,2026-03-08,23:45:00,2026-03-09 00:00:01,17.650000000000034,Zone 3,31.7,Zone 4,17.4,Zone 3,24.8,Zone 3,23.4,Zone 3,29.0,Zone 4,27.3,Zone 4,33.4,Zone 4,31.7,Zone 4,37.5,Zone 4
Jharkhand,Khunti,Diyakel-Khunti Kvk,23.4,2026-03-08,23:45:00,,,,2026-03-09 00:00:01,,,,,,,,,,,,,,,,,,,,
Jharkhand,Lohardaga,Lohardaga Kvk,23.5,2026-03-08,23:45:00,,,,2026-03-09 00:00:01,,,,,,,,,,,,,,,,,,,,
Jharkhand,Pakur,Pakur Kvk,22.6,2026-03-08,23:45:00,,,,2026-03-09 00:00:01,,,,,,,,,,,,,,,,,,,,
Jharkhand,Ramgarh,Ramgarh Kvk,,,,100.0,2026-03-08,23:45:00,2026-03-09 00:00:01,,,,,,,,,,,,,,,,,,,,
Jharkhand,Simdega,Bano-Simdega Kvk,22.5,2026-03-08,23:45:00,74.0,2026-03-08,23:45:00,2026-03-09 00:00:01,23.25,Zone 3,37.9,Zone 4,23.2,Zone 3,30.5,Zone 4,28.3,Zone 4,35.3,Zone 4,33.2,Zone 4,40.6,Zone 5,37.9,Zone 4,54.9,Zone 5
Jharkhand,West Singhbhum,Jagannathpur-Bau Kvk,24.7,2026-03-08,23:45:00,,,,2026-03-09 00:00:01,,,,,,,,,,,,,,,,,,,,
Karnataka,Bagalkot,Bagalkot Kvk,23.5,2026-03-08,23:45:00,48.0,2026-03-08,23:45:00,2026-03-09 00:00:01,23.150000000000034,Zone 3,36.4,Zone 4,23.1,Zone 3,30.1,Zone 4,28.0,Zone 4,34.3,Zone 4,32.3,Zone 4,38.2,Zone 4,36.4,Zone 4,42.1,Zone 5
Karnataka,Bangalore Urban,Bangalore,24.7,2026-03-08,23:45:00,56.0,2026-03-08,23:45:00,2026-03-09 00:00:01,24.950000000000045,Zone 3,38.5,Zone 4,24.7,Zone 3,31.9,Zone 4,29.6,Zone 4,36.3,Zone 4,34.2,Zone 4,40.5,Zone 4,38.5,Zone 4,52.2,Zone 5
Karnataka,Bangalore Urban,Electronic City(Nice),24.3,2026-03-08,23:45:00,50.0,2026-03-08,23:45:00,2026-03-09 00:00:01,24.150000000000034,Zone 3,37.8,Zone 4,24.4,Zone 3,31.4,Zone 4,29.2,Zone 4,35.7,Zone 4,33.6,Zone 4,39.7,Zone 4,37.8,Zone 4,47.7,Zone 5
Karnataka,Bangalore Urban,Gopal Nagar,24.0,2026-03-08,23:45:00,60.0,2026-03-08,23:45:00,2026-03-09 00:00:01,24.25,Zone 3,38.4,Zone 4,24.3,Zone 3,31.5,Zone 4,29.3,Zone 4,36.1,Zone 4,34.0,Zone 4,40.4,Zone 4,38.4,Zone 4,52.7,Zone 5
Karnataka,Bangalore Urban,Madhavara(Nice),25.4,2026-03-08,23:45:00,43.0,2026-03-08,23:45:00,2026-03-09 00:00:01,25.150000000000034,Zone 3,38.2,Zone 4,25.2,Zone 3,32.0,Zone 4,29.9,Zone 4,36.2,Zone 4,34.1,Zone 4,40.1,Zone 4,38.2,Zone 4,46.7,Zone 5
Karnataka,Bellary,Hagari Kvk,26.9,2026-03-08,23:45:00,29.0,2026-03-08,23:45:00,2026-03-09 00:00:01,26.05000000000001,Zone 4,38.1,Zone 4,26.1,Zone 4,32.5,Zone 4,30.4,Zone 4,36.3,Zone 4,34.3,Zone 4,40.0,Zone 4,38.1,Zone 4,43.5,Zone 4
Karnataka,Bijapur,Tidagundi Amfu,26.5,2026-03-08,23:30:00,34.0,2026-03-08,23:30:00,2026-03-09 00:00:01,25.850000000000023,Zone 4,38.2,Zone 4,25.9,Zone 4,32.4,Zone 4,30.3,Zone 4,36.4,Zone 4,34.3,Zone 4,40.1,Zone 4,38.2,Zone 4,43.7,Zone 4
Karnataka,Gadag,Gadag,24.7,2026-03-08,23:45:00,41.0,2026-03-08,23:45:00,2026-03-09 00:00:01,24.150000000000034,Zone 3,36.8,Zone 4,24.0,Zone 3,30.8,Zone 4,28.7,Zone 4,34.8,Zone 4,32.8,Zone 4,38.6,Zone 4,36.8,Zone 4,42.3,Zone 4
Karnataka,Gulbarga,Raddewadgi,25.4,2026-03-08,23:45:00,33.0,2026-03-08,23:45:00,2026-03-09 00:00:01,24.650000000000034,Zone 3,37.0,Zone 4,24.7,Zone 3,31.3,Zone 4,29.2,Zone 4,35.2,Zone 4,33.2,Zone 4,38.8,Zone 4,37.0,Zone 4,42.4,Zone 4
Karnataka,Kolar,Tamaka Kvk,20.9,2026-03-08,23:45:00,70.0,2026-03-08,23:45:00,2026-03-09 00:00:01,21.150000000000034,Zone 3,35.3,Zone 4,21.3,Zone 3,28.4,Zone 4,26.3,Zone 4,32.9,Zone 4,31.0,Zone 4,37.2,Zone 4,35.3,Zone 4,45.0,Zone 5
Karnataka,Koppal,Koppal,31.4,2026-03-08,23:45:00,28.0,2026-03-08,23:45:00,2026-03-09 00:00:01,30.650000000000034,Zone 4,43.0,Zone 4,30.8,Zone 4,37.4,Zone 4,35.1,Zone 4,41.4,Zone 4,39.1,Zone 4,45.1,Zone 4,43.0,Zone 4,56.9,Zone 5
Karnataka,Mandya,Mandya Kvk,23.0,2026-03-08,23:45:00,86.0,2026-03-08,23:45:00,2026-03-09 00:00:01,24.25,Zone 3,45.0,Zone 5,24.3,Zone 3,32.2,Zone 4,29.8,Zone 4,37.5,Zone 4,35.2,Zone 4,52.0,Zone 5,45.0,Zone 5,60.4,Zone 5
Karnataka,Ramanagara,Chandurayanghalli Kvk,21.4,2026-03-08,23:45:00,43.0,2026-03-08,23:45:00,2026-03-09 00:00:01,20.350000000000023,Zone 3,33.8,Zone 4,20.4,Zone 3,27.8,Zone 4,25.8,Zone 4,31.7,Zone 4,29.9,Zone 4,35.5,Zone 4,33.8,Zone 4,39.1,Zone 4
Karnataka,Tumkur,Chikkanakalli,20.0,2026-03-08,23:45:00,56.0,2026-03-08,23:45:00,2026-03-09 00:00:01,19.350000000000023,Zone 3,33.1,Zone 4,19.3,Zone 3,26.7,Zone 4,24.9,Zone 3,30.9,Zone 4,29.1,Zone 4,34.8,Zone 4,33.1,Zone 4,38.6,Zone 4
Kerala,Ernakulam,Boat Jetty Kgov,28.3,2026-03-08,23:45:00,100.0,2026-03-08,23:45:00,2026-03-09 00:00:01,40.55000000000001,Zone 5,67.6,Zone 5,43.1,Zone 5,63.1,Zone 5,61.2,Zone 5,66.3,Zone 5,65.0,Zone 5,68.5,Zone 5,67.6,Zone 5,70.1,Zone 5
Kerala,Ernakulam,Dhground Kgov,27.9,2026-03-08,23:45:00,100.0,2026-03-08,23:45:00,2026-03-09 00:00:01,36.05000000000001,Zone 5,66.7,Zone 5,37.1,Zone 5,61.9,Zone 5,59.8,Zone 5,65.3,Zone 5,63.9,Zone 5,67.7,Zone 5,66.7,Zone 5,69.4,Zone 5
Kerala,Ernakulam,Kadavanthra Kgov,30.8,2026-03-08,23:45:00,79.0,2026-03-08,23:45:00,2026-03-09 00:00:01,38.950000000000045,Zone 4,66.8,Zone 5,39.6,Zone 4,62.2,Zone 5,60.0,Zone 5,65.6,Zone 5,64.1,Zone 5,67.9,Zone 5,66.8,Zone 5,69.6,Zone 5
Kerala,Malappuram,Thavanur Kvk,27.4,2026-03-08,23:45:00,89.0,2026-03-08,23:45:00,2026-03-09 00:00:01,31.850000000000023,Zone 4,63.4,Zone 5,32.1,Zone 4,53.5,Zone 5,43.1,Zone 5,61.7,Zone 5,60.0,Zone 5,64.6,Zone 5,63.4,Zone 5,66.8,Zone 5
Kerala,Palakkad,Pattambi Kvk,27.2,2026-03-08,23:45:00,89.0,2026-03-08,23:45:00,2026-03-09 00:00:01,31.350000000000023,Zone 4,62.6,Zone 5,31.0,Zone 4,48.9,Zone 5,38.6,Zone 5,60.8,Zone 5,58.9,Zone 5,63.9,Zone 5,62.6,Zone 5,66.1,Zone 5
Ladakh,Kargil,Garkon,9.1,2026-03-08,23:45:00,30.0,2026-03-08,23:45:00,2026-03-09 00:00:01,6.9500000000000455,Zone 2,23.8,Zone 3,6.9,Zone 2,17.2,Zone 3,15.0,Zone 3,21.9,Zone 3,20.6,Zone 3,24.6,Zone 3,23.8,Zone 3,27.5,Zone 4
Ladakh,Kargil,Kargil,5.2,2026-03-08,23:45:00,42.0,2026-03-08,23:45:00,2026-03-09 00:00:01,3.75,Zone 2,22.0,Zone 3,3.6,Zone 2,14.1,Zone 3,12.3,Zone 2,19.5,Zone 3,18.2,Zone 3,22.8,Zone 3,22.0,Zone 3,25.0,Zone 3
Ladakh,Kargil,Padum Kvk,-1.3,2026-03-08,23:45:00,54.0,2026-03-08,23:45:00,2026-03-09 00:00:01,-2.0499999999999545,Zone 2,18.8,Zone 3,-2.3,Zone 2,9.7,Zone 2,8.1,Zone 2,15.3,Zone 3,14.0,Zone 3,19.6,Zone 3,18.8,Zone 3,22.4,Zone 3
Ladakh,Leh,Chuchot Yokma,3.3,2026-03-08,23:45:00,23.0,2026-03-08,23:45:00,2026-03-09 00:00:01,1.5500000000000114,Zone 2,21.1,Zone 3,1.7,Zone 2,12.8,Zone 2,11.0,Zone 2,18.3,Zone 3,16.9,Zone 3,21.9,Zone 3,21.1,Zone 3,24.3,Zone 3
Ladakh,Leh,Khaltse,7.0,2026-03-08,23:45:00,28.0,2026-03-08,23:45:00,2026-03-09 00:00:01,5.050000000000011,Zone 2,22.9,Zone 3,5.0,Zone 2,15.5,Zone 3,13.4,Zone 2,20.6,Zone 3,19.3,Zone 3,23.7,Zone 3,22.9,Zone 3,26.0,Zone 4
Ladakh,Leh,Leh Amfu,1.1,2026-03-08,23:45:00,44.0,2026-03-08,23:45:00,2026-03-09 00:00:01,-0.049999999999954525,Zone 2,20.0,Zone 3,-0.1,Zone 2,11.4,Zone 2,9.7,Zone 2,16.9,Zone 3,15.6,Zone 3,20.8,Zone 3,20.0,Zone 3,23.4,Zone 3
Ladakh,Leh,Mc Leh,1.8,2026-03-08,23:45:00,23.0,2026-03-08,23:45:00,2026-03-09 00:00:01,0.1500000000000341,Zone 2,20.3,Zone 3,0.4,Zone 2,11.8,Zone 2,10.1,Zone 2,17.3,Zone 3,16.0,Zone 3,21.2,Zone 3,20.3,Zone 3,23.7,Zone 3
Ladakh,Leh,Nubra Hunder,4.0,2026-03-08,23:45:00,27.0,2026-03-08,23:45:00,2026-03-09 00:00:01,2.25,Zone 2,21.4,Zone 3,2.3,Zone 2,13.2,Zone 2,11.4,Zone 2,18.7,Zone 3,17.3,Zone 3,22.2,Zone 3,21.4,Zone 3,24.5,Zone 3
Ladakh,Leh,Nyoma Kvk,,,,24.0,2026-03-08,23:45:00,2026-03-09 00:00:01,,,,,,,,,,,,,,,,,,,,
Ladakh,Leh,Tangtse Durbuk,0.8,2026-03-08,23:45:00,34.0,2026-03-08,23:45:00,2026-03-09 00:00:01,-0.44999999999998863,Zone 2,19.9,Zone 3,-0.3,Zone 2,11.3,Zone 2,9.6,Zone 2,16.8,Zone 3,15.5,Zone 3,20.7,Zone 3,19.9,Zone 3,23.3,Zone 3
Ladakh,Leh,Upshi,0.7,2026-03-08,23:30:00,51.0,2026-03-08,23:30:00,2026-03-09 00:00:01,-0.25,Zone 2,19.8,Zone 3,-0.4,Zone 2,11.1,Zone 2,9.5,Zone 2,16.6,Zone 3,15.3,Zone 3,20.6,Zone 3,19.8,Zone 3,23.2,Zone 3
Madhya Pradesh,Barwani,Talun Kvk,19.8,2026-03-08,23:45:00,54.0,2026-03-08,23:45:00,2026-03-09 00:00:01,18.950000000000045,Zone 3,33.0,Zone 4,19.2,Zone 3,26.6,Zone 4,24.8,Zone 3,30.8,Zone 4,29.0,Zone 4,34.7,Zone 4,33.0,Zone 4,38.4,Zone 4
Madhya Pradesh,Betul,Betul,,,,70.0,2026-03-08,23:45:00,2026-03-09 00:00:01,,,,,,,,,,,,,,,,,,,,
Madhya Pradesh,Bhopal,Berasia,21.6,2026-03-08,23:45:00,50.0,2026-03-08,23:45:00,2026-03-09 00:00:01,20.950000000000045,Zone 3,34.3,Zone 4,20.8,Zone 3,28.0,Zone 4,26.1,Zone 4,32.1,Zone 4,30.3,Zone 4,36.0,Zone 4,34.3,Zone 4,39.8,Zone 4
Madhya Pradesh,Bhopal,Islamnagar,20.4,2026-03-08,23:45:00,60.0,2026-03-08,23:45:00,2026-03-09 00:00:01,20.05000000000001,Zone 3,33.9,Zone 4,20.2,Zone 3,27.4,Zone 4,25.4,Zone 4,31.6,Zone 4,29.8,Zone 4,35.7,Zone 4,33.9,Zone 4,39.5,Zone 4
Madhya Pradesh,Bhopal ,Bhopal,25.3,2026-03-08,23:45:00,50.0,2026-03-08,23:45:00,2026-03-09 00:00:01,25.350000000000023,Zone 4,39.1,Zone 4,25.5,Zone 4,32.6,Zone 4,30.4,Zone 4,37.0,Zone 4,34.9,Zone 4,41.1,Zone 4,39.1,Zone 4,52.2,Zone 5
Madhya Pradesh,Datia,Datia,20.6,2026-03-08,23:45:00,81.0,2026-03-08,23:45:00,2026-03-09 00:00:01,21.350000000000023,Zone 3,35.6,Zone 4,21.2,Zone 3,28.3,Zone 4,26.2,Zone 4,33.0,Zone 4,31.0,Zone 4,37.5,Zone 4,35.6,Zone 4,49.1,Zone 5
Madhya Pradesh,Dewas,Kannod,25.1,2026-03-08,23:45:00,27.0,2026-03-08,23:45:00,2026-03-09 00:00:01,23.950000000000045,Zone 3,35.9,Zone 4,23.8,Zone 3,30.4,Zone 4,28.4,Zone 4,34.1,Zone 4,32.2,Zone 4,37.7,Zone 4,35.9,Zone 4,41.1,Zone 4
Madhya Pradesh,Dhar,Dhar,22.5,2026-03-08,23:45:00,33.0,2026-03-08,23:45:00,2026-03-09 00:00:01,21.05000000000001,Zone 3,34.0,Zone 4,21.1,Zone 3,28.3,Zone 4,26.4,Zone 4,32.1,Zone 4,30.3,Zone 4,35.7,Zone 4,34.0,Zone 4,39.2,Zone 4
Madhya Pradesh,Hoshangabad,Hoshangabad,20.7,2026-03-08,23:45:00,75.0,2026-03-08,23:45:00,2026-03-09 00:00:01,21.150000000000034,Zone 3,35.1,Zone 4,20.9,Zone 3,28.0,Zone 4,25.9,Zone 4,32.6,Zone 4,30.7,Zone 4,37.0,Zone 4,35.1,Zone 4,45.6,Zone 5
Madhya Pradesh,Khandwa,Khandwa Kvk,21.5,2026-03-08,23:45:00,,,,2026-03-09 00:00:01,,,,,,,,,,,,,,,,,,,,
Madhya Pradesh,Mandsaur,Mandsour,18.8,2026-03-08,23:45:00,61.0,2026-03-08,23:45:00,2026-03-09 00:00:01,18.150000000000034,Zone 3,32.3,Zone 4,18.4,Zone 3,25.8,Zone 4,24.2,Zone 3,30.0,Zone 4,28.3,Zone 4,34.0,Zone 4,32.3,Zone 4,37.8,Zone 4
Madhya Pradesh,Morena,Morena Amfu,21.8,2026-03-08,23:45:00,76.0,2026-03-08,23:45:00,2026-03-09 00:00:01,22.55000000000001,Zone 3,37.4,Zone 4,22.7,Zone 3,30.0,Zone 4,27.8,Zone 4,34.8,Zone 4,32.7,Zone 4,39.4,Zone 5,37.4,Zone 4,53.7,Zone 5
Madhya Pradesh,Narsinghpur,Narsinghpur,21.0,2026-03-08,23:45:00,72.0,2026-03-08,23:45:00,2026-03-09 00:00:01,21.350000000000023,Zone 3,35.5,Zone 4,21.4,Zone 3,28.5,Zone 4,26.4,Zone 4,33.0,Zone 4,31.1,Zone 4,37.4,Zone 4,35.5,Zone 4,46.2,Zone 5
Madhya Pradesh,Neemuch,Marukheda Kvk,22.2,2026-03-08,23:45:00,44.0,2026-03-08,23:45:00,2026-03-09 00:00:01,21.350000000000023,Zone 3,34.4,Zone 4,21.1,Zone 3,28.3,Zone 4,26.3,Zone 4,32.3,Zone 4,30.5,Zone 4,36.1,Zone 4,34.4,Zone 4,39.7,Zone 4
Madhya Pradesh,Niwari,Prithvipur,22.7,2026-03-08,23:45:00,52.0,2026-03-08,23:45:00,2026-03-09 00:00:01,22.350000000000023,Zone 3,35.6,Zone 4,22.2,Zone 3,29.2,Zone 4,27.2,Zone 4,33.4,Zone 4,31.5,Zone 4,37.4,Zone 4,35.6,Zone 4,41.2,Zone 4
Madhya Pradesh,Rajgarh,Rajgarh Kvk,17.0,2026-03-08,23:45:00,42.0,2026-03-08,23:45:00,2026-03-09 00:00:01,14.850000000000023,Zone 3,29.5,Zone 4,14.9,Zone 3,23.9,Zone 3,22.1,Zone 3,27.4,Zone 4,25.8,Zone 4,31.0,Zone 4,29.5,Zone 4,34.5,Zone 4
Madhya Pradesh,Rewa,Rewa Kvk,19.4,2026-03-08,23:45:00,,,,2026-03-09 00:00:01,,,,,,,,,,,,,,,,,,,,
Madhya Pradesh,Sagar,Sagar,18.7,2026-03-08,23:45:00,55.0,2026-03-08,23:45:00,2026-03-09 00:00:01,17.650000000000034,Zone 3,31.5,Zone 4,17.4,Zone 3,25.2,Zone 3,23.7,Zone 3,29.2,Zone 4,27.6,Zone 4,33.1,Zone 4,31.5,Zone 4,36.8,Zone 4
Madhya Pradesh,Sehore,Bhairunda,24.0,2026-03-08,23:45:00,,,,2026-03-09 00:00:01,,,,,,,,,,,,,,,,,,,,
Madhya Pradesh,Sehore,Sehore Amfu,19.1,2026-03-08,23:45:00,51.0,2026-03-08,23:45:00,2026-03-09 00:00:01,17.950000000000045,Zone 3,31.8,Zone 4,17.8,Zone 3,25.6,Zone 4,24.0,Zone 3,29.6,Zone 4,27.9,Zone 4,33.4,Zone 4,31.8,Zone 4,37.0,Zone 4
Madhya Pradesh,Shahdol,Kalyanpur Kvk,17.3,2026-03-08,23:45:00,75.0,2026-03-08,23:45:00,2026-03-09 00:00:01,17.05000000000001,Zone 3,31.5,Zone 4,17.3,Zone 3,24.8,Zone 3,23.4,Zone 3,29.0,Zone 4,27.3,Zone 4,33.1,Zone 4,31.5,Zone 4,37.0,Zone 4
Madhya Pradesh,Shajapur,Shajapur,16.8,2026-03-08,23:45:00,57.0,2026-03-08,23:45:00,2026-03-09 00:00:01,15.450000000000045,Zone 3,30.1,Zone 4,15.7,Zone 3,24.1,Zone 3,22.5,Zone 3,27.8,Zone 4,26.2,Zone 4,31.6,Zone 4,30.1,Zone 4,35.3,Zone 4
Madhya Pradesh,Sheopur,Sheopur,,,,59.0,2026-03-08,23:45:00,2026-03-09 00:00:01,,,,,,,,,,,,,,,,,,,,
Madhya Pradesh,Shivpuri,Shivpuri,23.7,2026-03-08,23:45:00,38.0,2026-03-08,23:45:00,2026-03-09 00:00:01,22.850000000000023,Zone 3,35.4,Zone 4,22.6,Zone 3,29.5,Zone 4,27.5,Zone 4,33.5,Zone 4,31.6,Zone 4,37.2,Zone 4,35.4,Zone 4,40.8,Zone 4
Madhya Pradesh,Vidisha,Vidisha,20.9,2026-03-08,23:45:00,60.0,2026-03-08,23:45:00,2026-03-09 00:00:01,20.650000000000034,Zone 3,34.5,Zone 4,20.8,Zone 3,27.9,Zone 4,25.9,Zone 4,32.2,Zone 4,30.3,Zone 4,36.3,Zone 4,34.5,Zone 4,40.2,Zone 4
Maharashtra,Akola,Akola Amfu,24.6,2026-03-08,23:45:00,23.0,2026-03-08,23:45:00,2026-03-09 00:00:01,23.05000000000001,Zone 3,35.0,Zone 4,22.9,Zone 3,29.7,Zone 4,27.7,Zone 4,33.3,Zone 4,31.5,Zone 4,36.8,Zone 4,35.0,Zone 4,40.1,Zone 4
Maharashtra,Buldhana,Lonar,26.2,2026-03-08,23:45:00,19.0,2026-03-08,23:45:00,2026-03-09 00:00:01,24.850000000000023,Zone 3,36.0,Zone 4,24.6,Zone 3,30.8,Zone 4,28.8,Zone 4,34.4,Zone 4,32.5,Zone 4,37.8,Zone 4,36.0,Zone 4,41.0,Zone 4
Maharashtra,Gondia,Tiroda,,,,48.0,2026-03-08,23:45:00,2026-03-09 00:00:01,,,,,,,,,,,,,,,,,,,,
Maharashtra,Kolhapur,Kolhapur Amfu,24.5,2026-03-08,23:45:00,100.0,2026-03-08,23:45:00,2026-03-09 00:00:01,27.05000000000001,Zone 4,60.7,Zone 5,27.0,Zone 4,38.5,Zone 5,34.0,Zone 4,57.5,Zone 5,50.0,Zone 5,62.0,Zone 5,60.7,Zone 5,64.5,Zone 5
Maharashtra,Mumbai Suburban,Bandra,28.3,2026-03-08,23:45:00,,,,2026-03-09 00:00:01,,,,,,,,,,,,,,,,,,,,
Maharashtra,Mumbai Suburban,Ram Mandir,30.0,2026-03-08,23:30:00,,,,2026-03-09 00:00:01,,,,,,,,,,,,,,,,,,,,
Maharashtra,Mumbai Suburban,Tata Power Chembur,28.8,2026-03-08,23:45:00,,,,2026-03-09 00:00:01,,,,,,,,,,,,,,,,,,,,
Maharashtra,Mumbai Suburban,Vidyavihar,28.2,2026-03-08,23:45:00,38.0,2026-03-08,23:45:00,2026-03-09 00:00:01,27.950000000000045,Zone 4,40.5,Zone 4,27.7,Zone 4,34.5,Zone 4,32.3,Zone 4,38.7,Zone 4,36.5,Zone 4,42.6,Zone 4,40.5,Zone 4,52.9,Zone 5
Maharashtra,Mumbai Suburban,Vikhroli,27.6,2026-03-08,23:45:00,59.0,2026-03-08,23:45:00,2026-03-09 00:00:01,28.75,Zone 4,48.4,Zone 5,28.7,Zone 4,36.6,Zone 4,34.0,Zone 4,41.4,Zone 4,39.0,Zone 4,56.0,Zone 5,48.4,Zone 5,61.2,Zone 5
Maharashtra,Mumbai City,Byculla Mumbai,29.9,2026-03-08,23:45:00,,,,2026-03-09 00:00:01,,,,,,,,,,,,,,,,,,,,
Maharashtra,Mumbai City,Mahalaxmi,30.3,2026-03-08,23:45:00,,,,2026-03-09 00:00:01,,,,,,,,,,,,,,,,,,,,
Maharashtra,Mumbai City,Mumbai Santa Cruz,27.6,2026-03-08,23:45:00,,,,2026-03-09 00:00:01,,,,,,,,,,,,,,,,,,,,
Maharashtra,Nagpur,Nagpur,23.4,2026-03-08,23:45:00,56.0,2026-03-08,23:45:00,2026-03-09 00:00:01,23.450000000000045,Zone 3,37.2,Zone 4,23.5,Zone 3,30.6,Zone 4,28.5,Zone 4,35.0,Zone 4,33.0,Zone 4,39.1,Zone 4,37.2,Zone 4,47.6,Zone 5
Maharashtra,Nagpur,Nagpur Kvk,22.8,2026-03-08,23:45:00,41.0,2026-03-08,23:45:00,2026-03-09 00:00:01,21.950000000000045,Zone 3,35.1,Zone 4,22.2,Zone 3,29.2,Zone 4,27.2,Zone 4,33.2,Zone 4,31.3,Zone 4,36.9,Zone 4,35.1,Zone 4,40.6,Zone 4
Maharashtra,Nashik,Kalwan,20.5,2026-03-08,23:45:00,,,,2026-03-09 00:00:01,,,,,,,,,,,,,,,,,,,,
Maharashtra,Nashik,Malegaon,25.6,2026-03-08,23:45:00,42.0,2026-03-08,23:45:00,2026-03-09 00:00:01,25.25,Zone 4,38.0,Zone 4,25.2,Zone 3,32.0,Zone 4,29.8,Zone 4,36.1,Zone 4,34.0,Zone 4,40.0,Zone 4,38.0,Zone 4,45.9,Zone 5
Maharashtra,Palghar,Palghar Kvk,28.3,2026-03-08,23:45:00,,,,2026-03-09 00:00:01,,,,,,,,,,,,,,,,,,,,
Maharashtra,Pune, Nimgiri Junnar,27.6,2026-03-08,23:45:00,,,,2026-03-09 00:00:01,,,,,,,,,,,,,,,,,,,,
Maharashtra,Pune,Cagmo Shivajinagar,23.0,2026-03-08,23:45:00,41.0,2026-03-08,23:45:00,2026-03-09 00:00:01,22.150000000000034,Zone 3,35.1,Zone 4,22.2,Zone 3,29.2,Zone 4,27.2,Zone 4,33.2,Zone 4,31.3,Zone 4,36.9,Zone 4,35.1,Zone 4,40.6,Zone 4
Maharashtra,Pune,Chinchwad Pune,27.1,2026-03-08,23:45:00,23.0,2026-03-08,23:45:00,2026-03-09 00:00:01,25.950000000000045,Zone 4,37.3,Zone 4,25.8,Zone 4,32.0,Zone 4,30.0,Zone 4,35.7,Zone 4,33.7,Zone 4,39.2,Zone 4,37.3,Zone 4,42.5,Zone 4
Maharashtra,Pune,Cme Dapodi,26.1,2026-03-08,23:45:00,31.0,2026-03-08,23:45:00,2026-03-09 00:00:01,25.350000000000023,Zone 4,37.3,Zone 4,25.2,Zone 3,31.7,Zone 4,29.6,Zone 4,35.5,Zone 4,33.5,Zone 4,39.2,Zone 4,37.3,Zone 4,42.7,Zone 4
Maharashtra,Pune,Dps Hadapsar Pune,24.4,2026-03-08,23:45:00,36.0,2026-03-08,23:45:00,2026-03-09 00:00:01,23.55000000000001,Zone 3,36.3,Zone 4,23.7,Zone 3,30.5,Zone 4,28.4,Zone 4,34.4,Zone 4,32.4,Zone 4,38.1,Zone 4,36.3,Zone 4,41.7,Zone 4
Maharashtra,Pune,Girivan,24.9,2026-03-08,23:45:00,26.0,2026-03-08,23:45:00,2026-03-09 00:00:01,23.650000000000034,Zone 3,35.8,Zone 4,23.7,Zone 3,30.3,Zone 4,28.3,Zone 4,34.0,Zone 4,32.2,Zone 4,37.6,Zone 4,35.8,Zone 4,40.9,Zone 4
Maharashtra,Pune,Gudhe Bhor,25.4,2026-03-08,23:45:00,,,,2026-03-09 00:00:01,,,,,,,,,,,,,,,,,,,,
Maharashtra,Pune,Khadakwadi Ambegaon,26.1,2026-03-08,23:45:00,22.0,2026-03-08,23:45:00,2026-03-09 00:00:01,24.850000000000023,Zone 3,36.3,Zone 4,24.7,Zone 3,31.0,Zone 4,29.0,Zone 4,34.6,Zone 4,32.7,Zone 4,38.1,Zone 4,36.3,Zone 4,41.4,Zone 4
Maharashtra,Pune,Khutbav Daund,22.0,2026-03-08,23:45:00,,,,2026-03-09 00:00:01,,,,,,,,,,,,,,,,,,,,
Maharashtra,Pune,Kurvande,19.0,2026-03-08,23:45:00,17.0,2026-03-08,23:45:00,2026-03-09 00:00:01,15.75,Zone 3,30.1,Zone 4,15.8,Zone 3,24.8,Zone 3,22.9,Zone 3,28.3,Zone 4,26.7,Zone 4,31.6,Zone 4,30.1,Zone 4,34.8,Zone 4
Maharashtra,Pune,Lavale,25.3,2026-03-08,23:45:00,30.0,2026-03-08,23:45:00,2026-03-09 00:00:01,24.350000000000023,Zone 3,36.7,Zone 4,24.6,Zone 3,31.1,Zone 4,29.0,Zone 4,34.9,Zone 4,32.9,Zone 4,38.5,Zone 4,36.7,Zone 4,42.0,Zone 4
Maharashtra,Pune,Lonikalbhor Haveli,19.4,2026-03-08,23:45:00,47.0,2026-03-08,23:45:00,2026-03-09 00:00:01,18.150000000000034,Zone 3,32.0,Zone 4,18.2,Zone 3,25.9,Zone 4,24.2,Zone 3,29.9,Zone 4,28.2,Zone 4,33.7,Zone 4,32.0,Zone 4,37.3,Zone 4
Maharashtra,Pune,Malin Ambegaon,20.5,2026-03-08,23:45:00,48.0,2026-03-08,23:45:00,2026-03-09 00:00:01,19.55000000000001,Zone 3,33.1,Zone 4,19.5,Zone 3,26.9,Zone 4,25.1,Zone 3,31.0,Zone 4,29.2,Zone 4,34.8,Zone 4,33.1,Zone 4,38.4,Zone 4
Maharashtra,Pune,Mti Pashan Pune,20.2,2026-03-08,23:45:00,49.0,2026-03-08,23:45:00,2026-03-09 00:00:01,19.25,Zone 3,32.6,Zone 4,19.0,Zone 3,26.5,Zone 4,24.7,Zone 3,30.5,Zone 4,28.8,Zone 4,34.3,Zone 4,32.6,Zone 4,38.0,Zone 4
Maharashtra,Pune,Narayangoan Krishi Kendra,25.4,2026-03-08,23:45:00,25.0,2026-03-08,23:45:00,2026-03-09 00:00:01,24.150000000000034,Zone 3,36.1,Zone 4,24.3,Zone 3,30.7,Zone 4,28.7,Zone 4,34.4,Zone 4,32.5,Zone 4,37.9,Zone 4,36.1,Zone 4,41.3,Zone 4
Maharashtra,Pune,Niasm Baramati,27.2,2026-03-08,23:00:00,,,,2026-03-09 00:00:01,,,,,,,,,,,,,,,,,,,,
Maharashtra,Pune,Pabal Shirur,21.1,2026-03-08,23:45:00,33.0,2026-03-08,23:45:00,2026-03-09 00:00:01,19.350000000000023,Zone 3,32.6,Zone 4,19.2,Zone 3,26.9,Zone 4,25.1,Zone 3,30.7,Zone 4,29.0,Zone 4,34.3,Zone 4,32.6,Zone 4,37.7,Zone 4
Maharashtra,Pune,Rajgurunagar,25.6,2026-03-08,23:45:00,26.0,2026-03-08,23:45:00,2026-03-09 00:00:01,24.450000000000045,Zone 3,36.2,Zone 4,24.4,Zone 3,30.8,Zone 4,28.8,Zone 4,34.5,Zone 4,32.6,Zone 4,38.0,Zone 4,36.2,Zone 4,41.4,Zone 4
Maharashtra,Pune,Rjspmcop Dudulgaon,27.5,2026-03-08,23:45:00,22.0,2026-03-08,23:45:00,2026-03-09 00:00:01,26.25,Zone 4,37.7,Zone 4,26.3,Zone 4,32.4,Zone 4,30.4,Zone 4,36.1,Zone 4,34.1,Zone 4,39.6,Zone 4,37.7,Zone 4,42.9,Zone 4
Maharashtra,Pune,Talegaon,22.8,2026-03-08,23:45:00,,,,2026-03-09 00:00:01,,,,,,,,,,,,,,,,,,,,
Maharashtra,Pune,Wadgaonsheri Pune,27.0,2026-03-08,23:45:00,28.0,2026-03-08,23:45:00,2026-03-09 00:00:01,26.05000000000001,Zone 4,37.9,Zone 4,26.1,Zone 4,32.5,Zone 4,30.3,Zone 4,36.2,Zone 4,34.2,Zone 4,39.8,Zone 4,37.9,Zone 4,43.3,Zone 4
Maharashtra,Pune,Walhe Purandar,27.1,2026-03-08,23:45:00,25.0,2026-03-08,23:45:00,2026-03-09 00:00:01,26.05000000000001,Zone 4,37.6,Zone 4,25.9,Zone 4,32.2,Zone 4,30.1,Zone 4,35.9,Zone 4,33.9,Zone 4,39.5,Zone 4,37.6,Zone 4,42.8,Zone 4
Maharashtra,Raigad,Iighq Newpanvel,27.5,2026-03-08,23:45:00,7.0,2026-03-08,23:45:00,2026-03-09 00:00:01,25.55000000000001,Zone 4,36.0,Zone 4,25.6,Zone 4,31.3,Zone 4,29.3,Zone 4,34.6,Zone 4,32.7,Zone 4,37.8,Zone 4,36.0,Zone 4,40.8,Zone 4
Maharashtra,Raigad,Iig Mo Alibag,25.4,2026-03-08,23:45:00,99.0,2026-03-08,23:45:00,2026-03-09 00:00:01,28.650000000000034,Zone 4,62.2,Zone 5,28.9,Zone 4,46.2,Zone 5,36.7,Zone 5,60.3,Zone 5,57.1,Zone 5,63.4,Zone 5,62.2,Zone 5,65.8,Zone 5
Maharashtra,Raigad,Karjat,24.3,2026-03-08,23:45:00,55.0,2026-03-08,23:45:00,2026-03-09 00:00:01,24.450000000000045,Zone 3,38.4,Zone 4,24.6,Zone 3,31.8,Zone 4,29.6,Zone 4,36.2,Zone 4,34.1,Zone 4,40.4,Zone 4,38.4,Zone 4,51.5,Zone 5
Maharashtra,Ratnagiri,Dapoli,20.7,2026-03-08,23:45:00,89.0,2026-03-08,23:45:00,2026-03-09 00:00:01,21.850000000000023,Zone 3,36.4,Zone 4,21.6,Zone 3,28.7,Zone 4,26.5,Zone 4,33.6,Zone 4,31.6,Zone 4,39.4,Zone 5,36.4,Zone 4,53.7,Zone 5
Maharashtra,Ratnagiri,Savarde(Golwane),22.2,2026-03-08,23:45:00,,,,2026-03-09 00:00:01,,,,,,,,,,,,,,,,,,,,
Maharashtra,Satara,Mahabaleshwar,22.2,2026-03-08,23:45:00,37.0,2026-03-08,23:45:00,2026-03-09 00:00:01,20.950000000000045,Zone 3,33.8,Zone 4,20.7,Zone 3,28.0,Zone 4,26.1,Zone 4,31.9,Zone 4,30.1,Zone 4,35.5,Zone 4,33.8,Zone 4,39.0,Zone 4
Maharashtra,Sindhudurg,Devgad,26.4,2026-03-08,23:30:00,97.0,2026-03-08,23:30:00,2026-03-09 00:00:01,30.650000000000034,Zone 4,63.5,Zone 5,30.9,Zone 4,53.4,Zone 5,43.3,Zone 5,61.7,Zone 5,60.0,Zone 5,64.6,Zone 5,63.5,Zone 5,66.8,Zone 5
Maharashtra,Sindhudurg,Mulde Amfu,24.7,2026-03-08,23:45:00,100.0,2026-03-08,23:45:00,2026-03-09 00:00:01,27.350000000000023,Zone 4,60.7,Zone 5,27.0,Zone 4,38.5,Zone 5,34.0,Zone 4,57.5,Zone 5,50.0,Zone 5,62.0,Zone 5,60.7,Zone 5,64.5,Zone 5
Maharashtra,Sindhudurg,Vaibhavwadi,25.0,2026-03-08,23:45:00,100.0,2026-03-08,23:45:00,2026-03-09 00:00:01,27.950000000000045,Zone 4,61.5,Zone 5,28.0,Zone 4,42.7,Zone 5,35.2,Zone 4,59.5,Zone 5,54.1,Zone 5,62.8,Zone 5,61.5,Zone 5,65.2,Zone 5
Maharashtra,Sindhudurg,Vengurla,24.3,2026-03-08,23:45:00,92.0,2026-03-08,23:45:00,2026-03-09 00:00:01,26.150000000000034,Zone 4,59.1,Zone 5,26.5,Zone 4,35.7,Zone 4,33.0,Zone 4,50.7,Zone 5,42.4,Zone 5,60.5,Zone 5,59.1,Zone 5,63.3,Zone 5
Maharashtra,Solapur,Mohol Kvk,23.5,2026-03-08,23:45:00,29.0,2026-03-08,23:45:00,2026-03-09 00:00:01,22.05000000000001,Zone 3,34.6,Zone 4,22.1,Zone 3,29.1,Zone 4,27.1,Zone 4,32.8,Zone 4,31.0,Zone 4,36.4,Zone 4,34.6,Zone 4,39.8,Zone 4
Maharashtra,Wardha,Wardha,25.9,2026-03-08,23:30:00,32.0,2026-03-08,23:30:00,2026-03-09 00:00:01,25.150000000000034,Zone 3,37.4,Zone 4,25.3,Zone 3,31.7,Zone 4,29.6,Zone 4,35.6,Zone 4,33.6,Zone 4,39.3,Zone 4,37.4,Zone 4,42.8,Zone 4
Manipur,Chandel,Chandel Kvk,17.0,2026-03-08,23:45:00,100.0,2026-03-08,23:45:00,2026-03-09 00:00:01,17.850000000000023,Zone 3,32.2,Zone 4,17.8,Zone 3,24.9,Zone 3,23.6,Zone 3,29.4,Zone 4,27.6,Zone 4,33.9,Zone 4,32.2,Zone 4,41.3,Zone 5
Manipur,Imphal East,Jiribam,23.6,2026-03-08,23:30:00,99.0,2026-03-08,23:30:00,2026-03-09 00:00:01,25.450000000000045,Zone 4,58.2,Zone 5,25.2,Zone 3,34.5,Zone 4,31.8,Zone 4,49.1,Zone 5,41.2,Zone 5,60.2,Zone 5,58.2,Zone 5,63.0,Zone 5
Meghalaya,East Garo Hills,Williamnagar,19.7,2026-03-08,23:45:00,82.0,2026-03-08,23:45:00,2026-03-09 00:00:01,20.350000000000023,Zone 3,34.3,Zone 4,20.1,Zone 3,27.1,Zone 4,25.1,Zone 3,31.7,Zone 4,29.8,Zone 4,36.1,Zone 4,34.3,Zone 4,44.6,Zone 5
Meghalaya,East Khasi Hills,Laban,15.7,2026-03-08,23:45:00,90.0,2026-03-08,23:45:00,2026-03-09 00:00:01,15.75,Zone 3,29.9,Zone 4,15.5,Zone 3,23.6,Zone 3,22.1,Zone 3,27.3,Zone 4,25.7,Zone 4,31.5,Zone 4,29.9,Zone 4,35.5,Zone 4
Meghalaya,East Khasi Hills,Mawryngkneng,17.3,2026-03-08,23:45:00,89.0,2026-03-08,23:45:00,2026-03-09 00:00:01,17.650000000000034,Zone 3,32.2,Zone 4,17.9,Zone 3,25.1,Zone 3,23.7,Zone 3,29.6,Zone 4,27.8,Zone 4,33.9,Zone 4,32.2,Zone 4,38.8,Zone 5
Meghalaya,East Khasi Hills,Mawsynram,16.4,2026-03-08,23:45:00,99.0,2026-03-08,23:45:00,2026-03-09 00:00:01,17.05000000000001,Zone 3,31.5,Zone 4,17.1,Zone 3,24.5,Zone 3,23.2,Zone 3,28.7,Zone 4,27.0,Zone 4,33.2,Zone 4,31.5,Zone 4,38.6,Zone 5
Meghalaya,East Khasi Hills,Nehu,15.8,2026-03-08,23:45:00,100.0,2026-03-08,23:45:00,2026-03-09 00:00:01,16.350000000000023,Zone 3,31.0,Zone 4,16.6,Zone 3,24.2,Zone 3,22.8,Zone 3,28.2,Zone 4,26.5,Zone 4,32.6,Zone 4,31.0,Zone 4,36.9,Zone 5
Meghalaya,East Khasi Hills,Shillong,13.3,2026-03-08,23:45:00,96.0,2026-03-08,23:45:00,2026-03-09 00:00:01,13.150000000000034,Zone 2,28.0,Zone 4,13.4,Zone 2,22.2,Zone 3,20.6,Zone 3,25.4,Zone 4,24.4,Zone 3,29.5,Zone 4,28.0,Zone 4,33.4,Zone 4
Meghalaya,East Khasi Hills,Sohra(Cherrapunjee),17.2,2026-03-08,23:45:00,99.0,2026-03-08,23:45:00,2026-03-09 00:00:01,18.05000000000001,Zone 3,32.2,Zone 4,17.8,Zone 3,24.9,Zone 3,23.6,Zone 3,29.4,Zone 4,27.6,Zone 4,33.9,Zone 4,32.2,Zone 4,40.8,Zone 5
Meghalaya,East West Khasi Hills,Mairang,15.1,2026-03-08,23:45:00,,,,2026-03-09 00:00:01,,,,,,,,,,,,,,,,,,,,
Meghalaya,Jaintia Hills,Anlarem,18.8,2026-03-08,23:45:00,100.0,2026-03-08,23:45:00,2026-03-09 00:00:01,20.05000000000001,Zone 3,35.1,Zone 4,20.3,Zone 3,27.1,Zone 4,25.1,Zone 3,32.2,Zone 4,30.2,Zone 4,37.5,Zone 5,35.1,Zone 4,51.8,Zone 5
Meghalaya,Ri Bhoi,Umtrewdam,28.9,2026-03-08,23:45:00,100.0,2026-03-08,23:45:00,2026-03-09 00:00:01,48.55000000000001,Zone 5,68.5,Zone 5,50.0,Zone 5,64.3,Zone 5,62.5,Zone 5,67.3,Zone 5,66.1,Zone 5,69.3,Zone 5,68.5,Zone 5,70.8,Zone 5
Meghalaya,South Garo Hills,Baghmara,22.9,2026-03-08,23:45:00,99.0,2026-03-08,23:45:00,2026-03-09 00:00:01,24.650000000000034,Zone 3,55.1,Zone 5,24.7,Zone 3,33.5,Zone 4,30.9,Zone 4,45.3,Zone 5,37.7,Zone 5,59.4,Zone 5,55.1,Zone 5,62.3,Zone 5
Meghalaya,West Garo Hills,Tura,23.6,2026-03-08,23:45:00,72.0,2026-03-08,23:45:00,2026-03-09 00:00:01,24.350000000000023,Zone 3,39.2,Zone 4,24.3,Zone 3,31.8,Zone 4,29.5,Zone 4,36.6,Zone 4,34.5,Zone 4,44.5,Zone 5,39.2,Zone 4,58.2,Zone 5
Meghalaya,West Khasi Hills,Nongstoin,15.7,2026-03-08,23:45:00,90.0,2026-03-08,23:45:00,2026-03-09 00:00:01,15.75,Zone 3,29.9,Zone 4,15.5,Zone 3,23.6,Zone 3,22.1,Zone 3,27.3,Zone 4,25.7,Zone 4,31.5,Zone 4,29.9,Zone 4,35.5,Zone 4
Mizoram,Mamit,Lengpui Kvk,20.5,2026-03-08,23:45:00,100.0,2026-03-08,23:45:00,2026-03-09 00:00:01,22.05000000000001,Zone 3,39.6,Zone 5,22.0,Zone 3,29.2,Zone 4,27.0,Zone 4,34.6,Zone 4,32.4,Zone 4,46.0,Zone 5,39.6,Zone 5,59.1,Zone 5
Odisha,Balangir,Bolangir,32.9,2026-03-08,23:45:00,100.0,2026-03-08,23:45:00,2026-03-09 00:00:01,70.75,Zone 5,80.0,Zone 6,71.2,Zone 5,75.5,Zone 6,74.1,Zone 6,78.5,Zone 6,77.1,Zone 6,81.4,Zone 6,80.0,Zone 6,84.2,Zone 6
Odisha,Cuttack,Cuttack Kvk,25.2,2026-03-08,23:45:00,,,,2026-03-09 00:00:01,,,,,,,,,,,,,,,,,,,,
Odisha,Gajapati,Paralakhemundi,,,,86.0,2026-03-08,23:45:00,2026-03-09 00:00:01,,,,,,,,,,,,,,,,,,,,
Odisha,Ganjam,Benakuda Kvk,24.7,2026-03-08,23:45:00,81.0,2026-03-08,23:45:00,2026-03-09 00:00:01,26.150000000000034,Zone 4,50.5,Zone 5,25.8,Zone 4,34.3,Zone 4,31.8,Zone 4,41.1,Zone 5,37.3,Zone 4,57.2,Zone 5,50.5,Zone 5,61.5,Zone 5
Odisha,Khurdha,Bhubaneshwar Airport,24.2,2026-03-08,23:00:00,,,,2026-03-09 00:00:01,,,,,,,,,,,,,,,,,,,,
Odisha,Mayurbhanj,Karanjia,45.8,2026-03-08,23:30:00,80.0,2026-03-08,23:30:00,2026-03-09 00:00:01,111.15000000000003,Zone 6,120.4,Zone 6,112.0,Zone 6,116.3,Zone 6,114.8,Zone 6,119.1,Zone 6,117.6,Zone 6,121.8,Zone 6,120.4,Zone 6,124.6,Zone 6
Odisha,Mayurbhanj,Mayurbhanj Kvk,,,,100.0,2026-03-08,23:45:00,2026-03-09 00:00:01,,,,,,,,,,,,,,,,,,,,
Odisha,Nuapada,Nawapada,24.2,2026-03-08,23:45:00,52.0,2026-03-08,23:45:00,2026-03-09 00:00:01,24.150000000000034,Zone 3,37.4,Zone 4,23.9,Zone 3,31.0,Zone 4,28.8,Zone 4,35.2,Zone 4,33.2,Zone 4,39.3,Zone 4,37.4,Zone 4,47.0,Zone 5
Odisha,Puri,Puri Kvk,25.4,2026-03-08,23:45:00,53.0,2026-03-08,23:45:00,2026-03-09 00:00:01,25.55000000000001,Zone 4,39.5,Zone 4,25.7,Zone 4,32.9,Zone 4,30.6,Zone 4,37.3,Zone 4,35.2,Zone 4,41.6,Zone 4,39.5,Zone 4,54.5,Zone 5
Odisha,Rayagada,Gunupur Kvk,26.1,2026-03-08,23:45:00,100.0,2026-03-08,23:45:00,2026-03-09 00:00:01,30.350000000000023,Zone 4,63.2,Zone 5,30.1,Zone 4,52.0,Zone 5,42.0,Zone 5,61.4,Zone 5,59.8,Zone 5,64.4,Zone 5,63.2,Zone 5,66.6,Zone 5
Puducherry,Karaikal,Karaikal,26.4,2026-03-08,23:45:00,99.0,2026-03-08,23:45:00,2026-03-09 00:00:01,30.950000000000045,Zone 4,63.9,Zone 5,31.2,Zone 4,55.6,Zone 5,45.8,Zone 5,62.2,Zone 5,60.5,Zone 5,65.0,Zone 5,63.9,Zone 5,67.1,Zone 5
Puducherry,Puducherry,Puducherry,26.5,2026-03-08,23:45:00,86.0,2026-03-08,23:45:00,2026-03-09 00:00:01,29.55000000000001,Zone 4,61.1,Zone 5,29.6,Zone 4,41.1,Zone 5,36.3,Zone 4,59.2,Zone 5,52.1,Zone 5,62.5,Zone 5,61.1,Zone 5,64.9,Zone 5
Puducherry,Puducherry,Puducherry Kvk,26.7,2026-03-08,23:45:00,89.0,2026-03-08,23:45:00,2026-03-09 00:00:01,30.350000000000023,Zone 4,61.7,Zone 5,29.9,Zone 4,44.3,Zone 5,36.9,Zone 4,59.9,Zone 5,55.3,Zone 5,63.1,Zone 5,61.7,Zone 5,65.5,Zone 5
Punjab,Bathinda,Bhatinda Amfu,21.5,2026-03-08,23:45:00,10.0,2026-03-08,23:45:00,2026-03-09 00:00:01,18.350000000000023,Zone 3,31.7,Zone 4,18.3,Zone 3,26.6,Zone 4,24.8,Zone 3,30.0,Zone 4,28.4,Zone 4,33.3,Zone 4,31.7,Zone 4,36.4,Zone 4
Punjab,Fazilka,Fazilka,19.9,2026-03-08,23:45:00,,,,2026-03-09 00:00:01,,,,,,,,,,,,,,,,,,,,
Punjab,Firozpur,Firozpur Kvk,19.9,2026-03-08,23:45:00,99.0,2026-03-08,23:45:00,2026-03-09 00:00:01,21.350000000000023,Zone 3,36.6,Zone 4,21.4,Zone 3,28.5,Zone 4,26.3,Zone 4,33.6,Zone 4,31.6,Zone 4,42.3,Zone 5,36.6,Zone 4,56.5,Zone 5
Punjab,Hoshiarpur,Hosiyarpur,18.1,2026-03-08,23:30:00,100.0,2026-03-08,23:30:00,2026-03-09 00:00:01,19.150000000000034,Zone 3,33.6,Zone 4,19.1,Zone 3,25.8,Zone 4,24.4,Zone 3,30.7,Zone 4,28.9,Zone 4,35.4,Zone 4,33.6,Zone 4,46.4,Zone 5
Punjab,Mohali,Mohali,24.8,2026-03-08,23:45:00,,,,2026-03-09 00:00:01,,,,,,,,,,,,,,,,,,,,
Punjab,Muktsar,Gidderbaha,23.1,2026-03-08,23:45:00,,,,2026-03-09 00:00:01,,,,,,,,,,,,,,,,,,,,
Rajasthan,Ajmer,Ajmer,24.5,2026-03-08,23:45:00,41.0,2026-03-08,23:45:00,2026-03-09 00:00:01,23.950000000000045,Zone 3,36.8,Zone 4,24.0,Zone 3,30.8,Zone 4,28.7,Zone 4,34.8,Zone 4,32.8,Zone 4,38.6,Zone 4,36.8,Zone 4,42.3,Zone 4
Rajasthan,Baran,Anta-Baran Kvk,16.8,2026-03-08,23:45:00,,,,2026-03-09 00:00:01,,,,,,,,,,,,,,,,,,,,
Rajasthan,Barmer,Barmer,1.4,2026-03-08,23:45:00,29.0,2026-03-08,23:45:00,2026-03-09 00:00:01,-0.049999999999954525,Zone 2,20.1,Zone 3,0.1,Zone 2,11.5,Zone 2,9.8,Zone 2,17.1,Zone 3,15.7,Zone 3,21.0,Zone 3,20.1,Zone 3,23.5,Zone 3
Rajasthan,Bikaner,Bikaner Amfu,22.5,2026-03-08,23:45:00,41.0,2026-03-08,23:45:00,2026-03-09 00:00:01,21.55000000000001,Zone 3,34.6,Zone 4,21.6,Zone 3,28.7,Zone 4,26.7,Zone 4,32.6,Zone 4,30.8,Zone 4,36.4,Zone 4,34.6,Zone 4,40.0,Zone 4
Rajasthan,Bikaner,Chattargarh,22.9,2026-03-08,23:45:00,,,,2026-03-09 00:00:01,,,,,,,,,,,,,,,,,,,,
Rajasthan,Chittaurgarh,Chittorgarh Kvk,21.8,2026-03-08,23:45:00,,,,2026-03-09 00:00:01,,,,,,,,,,,,,,,,,,,,
Rajasthan,Churu,Churu,24.3,2026-03-08,23:45:00,49.0,2026-03-08,23:45:00,2026-03-09 00:00:01,24.150000000000034,Zone 3,37.7,Zone 4,24.4,Zone 3,31.3,Zone 4,29.2,Zone 4,35.6,Zone 4,33.6,Zone 4,39.6,Zone 4,37.7,Zone 4,47.0,Zone 5
Rajasthan,Dungarpur,Dungarpur Kvk,27.2,2026-03-08,23:45:00,23.0,2026-03-08,23:45:00,2026-03-09 00:00:01,26.05000000000001,Zone 4,37.3,Zone 4,25.8,Zone 4,32.0,Zone 4,30.0,Zone 4,35.7,Zone 4,33.7,Zone 4,39.2,Zone 4,37.3,Zone 4,42.5,Zone 4
Rajasthan,Ganganagar,Ganganagar,39.0,2026-03-08,23:45:00,77.0,2026-03-08,23:45:00,2026-03-09 00:00:01,80.15000000000003,Zone 6,88.9,Zone 6,80.2,Zone 6,84.6,Zone 6,83.1,Zone 6,87.5,Zone 6,86.0,Zone 6,90.4,Zone 6,88.9,Zone 6,93.2,Zone 6
Rajasthan,Jaisalmer,Jaisalmer,22.5,2026-03-08,23:45:00,22.0,2026-03-08,23:45:00,2026-03-09 00:00:01,20.350000000000023,Zone 3,33.2,Zone 4,20.4,Zone 3,27.9,Zone 4,26.0,Zone 4,31.5,Zone 4,29.7,Zone 4,34.9,Zone 4,33.2,Zone 4,38.1,Zone 4
Rajasthan,Jalore,Jalore Kvk,21.2,2026-03-08,23:45:00,45.0,2026-03-08,23:45:00,2026-03-09 00:00:01,20.150000000000034,Zone 3,33.4,Zone 4,20.0,Zone 3,27.3,Zone 4,25.4,Zone 4,31.3,Zone 4,29.5,Zone 4,35.1,Zone 4,33.4,Zone 4,38.7,Zone 4
Rajasthan,Jhunjhunu,Jhunjhunu(Aws),26.1,2026-03-08,23:45:00,42.0,2026-03-08,23:45:00,2026-03-09 00:00:01,25.850000000000023,Zone 4,38.6,Zone 4,25.7,Zone 4,32.6,Zone 4,30.4,Zone 4,36.7,Zone 4,34.6,Zone 4,40.6,Zone 4,38.6,Zone 4,48.0,Zone 5
Rajasthan,Jhunjhunu,Pilani,20.4,2026-03-08,23:45:00,76.0,2026-03-08,23:45:00,2026-03-09 00:00:01,20.850000000000023,Zone 3,35.2,Zone 4,21.0,Zone 3,28.0,Zone 4,26.0,Zone 4,32.7,Zone 4,30.7,Zone 4,37.0,Zone 4,35.2,Zone 4,46.2,Zone 5
Rajasthan,Jodhpur,Jodhpur,25.6,2026-03-08,23:45:00,38.0,2026-03-08,23:45:00,2026-03-09 00:00:01,25.150000000000034,Zone 3,37.6,Zone 4,25.0,Zone 3,31.7,Zone 4,29.5,Zone 4,35.7,Zone 4,33.7,Zone 4,39.5,Zone 4,37.6,Zone 4,43.1,Zone 4
Rajasthan,Karauli,Karauli Kvk,19.8,2026-03-08,23:45:00,,,,2026-03-09 00:00:01,,,,,,,,,,,,,,,,,,,,
Rajasthan,Pali,Pali,20.7,2026-03-08,23:45:00,45.0,2026-03-08,23:45:00,2026-03-09 00:00:01,19.55000000000001,Zone 3,32.9,Zone 4,19.3,Zone 3,26.8,Zone 4,25.0,Zone 3,30.8,Zone 4,29.1,Zone 4,34.6,Zone 4,32.9,Zone 4,38.2,Zone 4
Rajasthan,Sikar,Fatehpur Amfu,18.7,2026-03-08,23:45:00,44.0,2026-03-08,23:45:00,2026-03-09 00:00:01,17.05000000000001,Zone 3,30.9,Zone 4,16.8,Zone 3,25.0,Zone 3,23.4,Zone 3,28.8,Zone 4,27.2,Zone 4,32.5,Zone 4,30.9,Zone 4,36.0,Zone 4
Rajasthan,Sirohi,Mount Abu,16.3,2026-03-08,23:45:00,55.0,2026-03-08,23:45:00,2026-03-09 00:00:01,14.75,Zone 3,29.6,Zone 4,15.0,Zone 3,23.7,Zone 3,22.0,Zone 3,27.3,Zone 4,25.7,Zone 4,31.1,Zone 4,29.6,Zone 4,34.7,Zone 4
Rajasthan,Sirohi,Sirohi Kvk,17.9,2026-03-08,23:30:00,43.0,2026-03-08,23:30:00,2026-03-09 00:00:01,16.05000000000001,Zone 3,30.4,Zone 4,16.2,Zone 3,24.6,Zone 3,22.9,Zone 3,28.3,Zone 4,26.7,Zone 4,32.0,Zone 4,30.4,Zone 4,35.5,Zone 4
Rajasthan,Sri Ganganagar,Gharsana,24.8,2026-03-08,23:45:00,74.0,2026-03-08,23:45:00,2026-03-09 00:00:01,25.850000000000023,Zone 4,47.6,Zone 5,26.1,Zone 4,34.3,Zone 4,31.9,Zone 4,39.5,Zone 4,37.1,Zone 4,54.8,Zone 5,47.6,Zone 5,61.0,Zone 5
Tamil Nadu,Ariyalur,Ariyalur,24.1,2026-03-08,23:45:00,92.0,2026-03-08,23:45:00,2026-03-09 00:00:01,25.850000000000023,Zone 4,56.3,Zone 5,25.7,Zone 4,34.7,Zone 4,32.0,Zone 4,46.9,Zone 5,38.9,Zone 5,59.8,Zone 5,56.3,Zone 5,62.6,Zone 5
Tamil Nadu,Chengalpattu,Vit Chennai,24.7,2026-03-08,23:45:00,86.0,2026-03-08,23:45:00,2026-03-09 00:00:01,26.450000000000045,Zone 4,54.7,Zone 5,26.1,Zone 4,34.9,Zone 4,32.3,Zone 4,45.4,Zone 5,38.0,Zone 4,59.4,Zone 5,54.7,Zone 5,62.3,Zone 5
Tamil Nadu,Chennai,Anna University,26.3,2026-03-08,23:45:00,86.0,2026-03-08,23:45:00,2026-03-09 00:00:01,29.150000000000034,Zone 4,61.1,Zone 5,29.6,Zone 4,41.1,Zone 5,36.3,Zone 4,59.2,Zone 5,52.1,Zone 5,62.5,Zone 5,61.1,Zone 5,64.9,Zone 5
Tamil Nadu,Chennai,Chennai,27.1,2026-03-08,23:45:00,90.0,2026-03-08,23:45:00,2026-03-09 00:00:01,31.350000000000023,Zone 4,62.8,Zone 5,31.1,Zone 4,50.0,Zone 5,39.7,Zone 5,61.0,Zone 5,59.2,Zone 5,64.1,Zone 5,62.8,Zone 5,66.3,Zone 5
Tamil Nadu,Chennai,Ennore Port,26.4,2026-03-08,23:45:00,76.0,2026-03-08,23:45:00,2026-03-09 00:00:01,28.450000000000045,Zone 4,58.5,Zone 5,28.6,Zone 4,37.4,Zone 4,34.7,Zone 4,50.3,Zone 5,41.5,Zone 5,60.4,Zone 5,58.5,Zone 5,63.2,Zone 5
Tamil Nadu,Chennai,Meenambakkam Isro,24.8,2026-03-08,23:45:00,84.0,2026-03-08,23:45:00,2026-03-09 00:00:01,26.450000000000045,Zone 4,56.2,Zone 5,26.8,Zone 4,35.6,Zone 4,33.0,Zone 4,47.2,Zone 5,38.9,Zone 5,59.8,Zone 5,56.2,Zone 5,62.6,Zone 5
Tamil Nadu,Chennai,Niot Pallikaranai,26.2,2026-03-08,23:45:00,80.0,2026-03-08,23:45:00,2026-03-09 00:00:01,28.450000000000045,Zone 4,58.9,Zone 5,28.1,Zone 4,37.0,Zone 4,34.3,Zone 4,50.6,Zone 5,42.0,Zone 5,60.5,Zone 5,58.9,Zone 5,63.3,Zone 5
Tamil Nadu,Coimbatore,Coimbatore Amfu,25.9,2026-03-08,23:45:00,73.0,2026-03-08,23:45:00,2026-03-09 00:00:01,27.350000000000023,Zone 4,52.9,Zone 5,27.5,Zone 4,36.0,Zone 4,33.4,Zone 4,43.9,Zone 5,38.8,Zone 4,59.1,Zone 5,52.9,Zone 5,62.0,Zone 5
Tamil Nadu,Cuddalore,Neyveli,23.8,2026-03-08,23:30:00,99.0,2026-03-08,23:30:00,2026-03-09 00:00:01,25.75,Zone 4,59.6,Zone 5,26.1,Zone 4,35.6,Zone 4,32.8,Zone 4,53.0,Zone 5,45.0,Zone 5,61.0,Zone 5,59.6,Zone 5,63.7,Zone 5
Tamil Nadu,Cuddalore,Vridha Chalam,25.2,2026-03-08,23:45:00,86.0,2026-03-08,23:45:00,2026-03-09 00:00:01,27.25,Zone 4,57.8,Zone 5,26.9,Zone 4,35.9,Zone 4,33.2,Zone 4,49.0,Zone 5,40.6,Zone 5,60.2,Zone 5,57.8,Zone 5,63.0,Zone 5
Tamil Nadu,Dharmapuri,Palacode,25.2,2026-03-08,23:45:00,64.0,2026-03-08,23:45:00,2026-03-09 00:00:01,25.850000000000023,Zone 4,40.4,Zone 4,25.6,Zone 4,33.3,Zone 4,30.9,Zone 4,38.0,Zone 4,35.8,Zone 4,46.6,Zone 5,40.4,Zone 4,59.2,Zone 5
Tamil Nadu,Dindigul,Natham Isro,22.2,2026-03-08,23:45:00,69.0,2026-03-08,23:45:00,2026-03-09 00:00:01,22.650000000000034,Zone 3,36.6,Zone 4,22.4,Zone 3,29.6,Zone 4,27.4,Zone 4,34.1,Zone 4,32.1,Zone 4,38.5,Zone 4,36.6,Zone 4,49.2,Zone 5
Tamil Nadu,Dindigul,Palani,24.8,2026-03-08,23:45:00,69.0,2026-03-08,23:45:00,2026-03-09 00:00:01,25.650000000000034,Zone 4,43.2,Zone 5,25.9,Zone 4,33.8,Zone 4,31.4,Zone 4,38.7,Zone 4,36.5,Zone 4,50.7,Zone 5,43.2,Zone 5,60.1,Zone 5
Tamil Nadu,Dindigul,Vedasandur,27.9,2026-03-08,23:45:00,57.0,2026-03-08,23:45:00,2026-03-09 00:00:01,29.05000000000001,Zone 4,49.2,Zone 5,29.2,Zone 4,37.1,Zone 4,34.5,Zone 4,41.9,Zone 4,39.5,Zone 4,56.8,Zone 5,49.2,Zone 5,61.4,Zone 5
Tamil Nadu,Erode,Erode Isro,,,,49.0,2026-03-08,23:30:00,2026-03-09 00:00:01,,,,,,,,,,,,,,,,,,,,
Tamil Nadu,Kallakurichi,Kallakurichi,32.1,2026-03-08,23:45:00,79.0,2026-03-08,23:45:00,2026-03-09 00:00:01,51.55000000000001,Zone 5,68.5,Zone 5,50.2,Zone 5,64.5,Zone 5,62.5,Zone 5,67.4,Zone 5,66.1,Zone 5,69.4,Zone 5,68.5,Zone 5,70.9,Zone 5
Tamil Nadu,Kanchipuram,Acs Medical College,26.9,2026-03-08,23:45:00,84.0,2026-03-08,23:45:00,2026-03-09 00:00:01,30.150000000000034,Zone 4,61.5,Zone 5,30.3,Zone 4,43.1,Zone 5,37.1,Zone 4,59.6,Zone 5,53.9,Zone 5,62.8,Zone 5,61.5,Zone 5,65.3,Zone 5
Tamil Nadu,Kanchipuram,Chembarambakkam,25.6,2026-03-08,23:45:00,87.0,2026-03-08,23:45:00,2026-03-09 00:00:01,27.950000000000045,Zone 4,59.7,Zone 5,27.8,Zone 4,37.1,Zone 4,34.3,Zone 4,53.6,Zone 5,45.2,Zone 5,61.1,Zone 5,59.7,Zone 5,63.8,Zone 5
Tamil Nadu,Kanchipuram,Hindustan University,26.4,2026-03-08,23:45:00,86.0,2026-03-08,23:45:00,2026-03-09 00:00:01,29.350000000000023,Zone 4,61.1,Zone 5,29.6,Zone 4,41.1,Zone 5,36.3,Zone 4,59.2,Zone 5,52.1,Zone 5,62.5,Zone 5,61.1,Zone 5,64.9,Zone 5
Tamil Nadu,Kanchipuram,Lmois  Kolapakkam,27.2,2026-03-08,23:45:00,75.0,2026-03-08,23:45:00,2026-03-09 00:00:01,29.650000000000034,Zone 4,59.4,Zone 5,29.3,Zone 4,38.3,Zone 4,35.5,Zone 4,52.8,Zone 5,44.0,Zone 5,61.0,Zone 5,59.4,Zone 5,63.6,Zone 5
Tamil Nadu,Kanchipuram,Sathyabama  University,26.2,2026-03-08,23:45:00,87.0,2026-03-08,23:45:00,2026-03-09 00:00:01,29.05000000000001,Zone 4,60.5,Zone 5,28.7,Zone 4,38.2,Zone 5,35.4,Zone 4,57.1,Zone 5,49.2,Zone 5,61.9,Zone 5,60.5,Zone 5,64.5,Zone 5
Tamil Nadu,Kanyakumari,Nagercoil,21.4,2026-03-08,23:45:00,70.0,2026-03-08,23:45:00,2026-03-09 00:00:01,21.75,Zone 3,36.0,Zone 4,21.9,Zone 3,29.0,Zone 4,26.9,Zone 4,33.6,Zone 4,31.6,Zone 4,37.9,Zone 4,36.0,Zone 4,47.4,Zone 5
Tamil Nadu,Kanyakumari,Neyyoor,25.3,2026-03-08,23:45:00,92.0,2026-03-08,23:45:00,2026-03-09 00:00:01,27.850000000000023,Zone 4,60.7,Zone 5,28.2,Zone 4,39.1,Zone 5,35.1,Zone 4,57.9,Zone 5,50.3,Zone 5,62.1,Zone 5,60.7,Zone 5,64.6,Zone 5
Tamil Nadu,Kanyakumari,Thirupathisaram Amfu,24.6,2026-03-08,23:45:00,99.0,2026-03-08,23:45:00,2026-03-09 00:00:01,27.150000000000034,Zone 4,60.5,Zone 5,27.0,Zone 4,37.7,Zone 5,33.9,Zone 4,56.7,Zone 5,49.1,Zone 5,61.8,Zone 5,60.5,Zone 5,64.4,Zone 5
Tamil Nadu,Krishnagiri,Denkanikottai,22.5,2026-03-08,23:45:00,54.0,2026-03-08,23:45:00,2026-03-09 00:00:01,22.25,Zone 3,35.8,Zone 4,22.3,Zone 3,29.3,Zone 4,27.3,Zone 4,33.6,Zone 4,31.6,Zone 4,37.6,Zone 4,35.8,Zone 4,41.9,Zone 5
Tamil Nadu,Krishnagiri,Hosur,22.2,2026-03-08,23:45:00,62.0,2026-03-08,23:45:00,2026-03-09 00:00:01,22.350000000000023,Zone 3,35.9,Zone 4,22.1,Zone 3,29.2,Zone 4,27.1,Zone 4,33.6,Zone 4,31.6,Zone 4,37.8,Zone 4,35.9,Zone 4,44.7,Zone 5
Tamil Nadu,Madurai,Madurai Isro,24.1,2026-03-08,23:45:00,,,,2026-03-09 00:00:01,,,,,,,,,,,,,,,,,,,,
Tamil Nadu,Perambalur,Perambalur,22.7,2026-03-08,23:45:00,84.0,2026-03-08,23:45:00,2026-03-09 00:00:01,23.850000000000023,Zone 3,40.6,Zone 5,23.6,Zone 3,31.2,Zone 4,28.9,Zone 4,36.4,Zone 4,34.2,Zone 4,47.5,Zone 5,40.6,Zone 5,59.4,Zone 5
Tamil Nadu,Pudukkottai,Vamban Kvk,23.8,2026-03-08,23:45:00,89.0,2026-03-08,23:45:00,2026-03-09 00:00:01,25.25,Zone 3,53.9,Zone 5,25.5,Zone 4,34.3,Zone 4,31.7,Zone 4,44.4,Zone 5,37.5,Zone 4,59.2,Zone 5,53.9,Zone 5,62.2,Zone 5
Tamil Nadu,Ramanathapuram,Ramnadu Kvk,26.7,2026-03-08,23:45:00,,,,2026-03-09 00:00:01,,,,,,,,,,,,,,,,,,,,
Tamil Nadu,Salem,Sandhiyur Kvk,26.9,2026-03-08,23:45:00,47.0,2026-03-08,23:45:00,2026-03-09 00:00:01,27.05000000000001,Zone 4,40.7,Zone 4,27.1,Zone 4,34.3,Zone 4,32.0,Zone 4,38.6,Zone 4,36.4,Zone 4,42.8,Zone 4,40.7,Zone 4,56.3,Zone 5
Tamil Nadu,Thanjavur,Adiramapattinam,25.0,2026-03-08,23:45:00,100.0,2026-03-08,23:45:00,2026-03-09 00:00:01,27.950000000000045,Zone 4,61.5,Zone 5,28.0,Zone 4,42.7,Zone 5,35.2,Zone 4,59.5,Zone 5,54.1,Zone 5,62.8,Zone 5,61.5,Zone 5,65.2,Zone 5
Tamil Nadu,The Nilgiris,Coonoor,15.6,2026-03-08,23:45:00,79.0,2026-03-08,23:45:00,2026-03-09 00:00:01,15.050000000000011,Zone 3,29.5,Zone 4,14.9,Zone 3,23.4,Zone 3,21.9,Zone 3,27.0,Zone 4,25.4,Zone 4,31.0,Zone 4,29.5,Zone 4,34.9,Zone 4
Tamil Nadu,Thoothukudi,Thiruchendur,25.2,2026-03-08,23:45:00,99.0,2026-03-08,23:45:00,2026-03-09 00:00:01,28.25,Zone 4,61.3,Zone 5,27.9,Zone 4,41.7,Zone 5,35.0,Zone 4,59.3,Zone 5,53.2,Zone 5,62.6,Zone 5,61.3,Zone 5,65.1,Zone 5
Tamil Nadu,Thoothukudi,Tuticorin Airport,25.4,2026-03-08,23:45:00,91.0,2026-03-08,23:45:00,2026-03-09 00:00:01,27.950000000000045,Zone 4,60.5,Zone 5,28.1,Zone 4,38.2,Zone 5,34.9,Zone 4,57.1,Zone 5,49.3,Zone 5,61.9,Zone 5,60.5,Zone 5,64.5,Zone 5
Tamil Nadu,Thoothukudi,Tuticorin Railway Station,26.3,2026-03-08,23:45:00,81.0,2026-03-08,23:45:00,2026-03-09 00:00:01,28.650000000000034,Zone 4,60.0,Zone 5,29.0,Zone 4,38.3,Zone 4,35.5,Zone 4,55.2,Zone 5,46.7,Zone 5,61.5,Zone 5,60.0,Zone 5,64.1,Zone 5
Tamil Nadu,Tiruchirappalli,Thuvakudi Isro,23.8,2026-03-08,23:45:00,85.0,2026-03-08,23:45:00,2026-03-09 00:00:01,25.05000000000001,Zone 3,50.7,Zone 5,25.3,Zone 3,33.8,Zone 4,31.3,Zone 4,41.1,Zone 5,36.9,Zone 4,57.2,Zone 5,50.7,Zone 5,61.5,Zone 5
Tamil Nadu,Tiruvallur,Good Will School Villivakkam,26.2,2026-03-08,23:45:00,80.0,2026-03-08,23:45:00,2026-03-09 00:00:01,28.450000000000045,Zone 4,58.9,Zone 5,28.1,Zone 4,37.0,Zone 4,34.3,Zone 4,50.6,Zone 5,42.0,Zone 5,60.5,Zone 5,58.9,Zone 5,63.3,Zone 5
Tamil Nadu,Tiruvallur,Poonamallee,25.6,2026-03-08,23:45:00,83.0,2026-03-08,23:45:00,2026-03-09 00:00:01,27.650000000000034,Zone 4,58.4,Zone 5,27.5,Zone 4,36.5,Zone 4,33.8,Zone 4,49.9,Zone 5,41.3,Zone 5,60.4,Zone 5,58.4,Zone 5,63.1,Zone 5
Tamil Nadu,Tiruvallur,R.K.Pet,24.9,2026-03-08,23:45:00,88.0,2026-03-08,23:45:00,2026-03-09 00:00:01,26.850000000000023,Zone 4,59.1,Zone 5,27.0,Zone 4,36.2,Zone 4,33.5,Zone 4,50.8,Zone 5,42.4,Zone 5,60.6,Zone 5,59.1,Zone 5,63.3,Zone 5
Tamil Nadu,Tiruvallur,Tirur Kvk,24.5,2026-03-08,23:45:00,,,,2026-03-09 00:00:01,,,,,,,,,,,,,,,,,,,,
Tamil Nadu,Tiruvannamalai,Cheyyar,24.9,2026-03-08,23:45:00,93.0,2026-03-08,23:45:00,2026-03-09 00:00:01,27.25,Zone 4,60.1,Zone 5,27.4,Zone 4,36.9,Zone 4,34.1,Zone 4,55.3,Zone 5,47.3,Zone 5,61.5,Zone 5,60.1,Zone 5,64.1,Zone 5
Tamil Nadu,Vellore,Virinjipuram Kvk,25.0,2026-03-08,23:45:00,47.0,2026-03-08,23:45:00,2026-03-09 00:00:01,24.850000000000023,Zone 3,38.1,Zone 4,24.8,Zone 3,31.8,Zone 4,29.6,Zone 4,36.0,Zone 4,34.0,Zone 4,40.0,Zone 4,38.1,Zone 4,47.7,Zone 5
Tamil Nadu,Virudhunagar,Aruppukottai Kvk,24.5,2026-03-08,23:45:00,62.0,2026-03-08,23:45:00,2026-03-09 00:00:01,24.950000000000045,Zone 3,39.4,Zone 4,24.9,Zone 3,32.4,Zone 4,30.1,Zone 4,37.0,Zone 4,34.9,Zone 4,42.3,Zone 5,39.4,Zone 4,56.4,Zone 5
Telangana,Hanumakonda,Hanumakonda,26.0,2026-03-08,23:45:00,73.0,2026-03-08,23:45:00,2026-03-09 00:00:01,27.55000000000001,Zone 4,52.9,Zone 5,27.5,Zone 4,36.0,Zone 4,33.4,Zone 4,43.9,Zone 5,38.8,Zone 4,59.1,Zone 5,52.9,Zone 5,62.0,Zone 5
Telangana,Hyderabad,Golkonda,28.0,2026-03-08,23:45:00,65.0,2026-03-08,23:45:00,2026-03-09 00:00:01,29.950000000000045,Zone 4,57.3,Zone 5,30.0,Zone 4,38.4,Zone 4,35.7,Zone 4,49.2,Zone 5,41.1,Zone 4,60.2,Zone 5,57.3,Zone 5,63.0,Zone 5
Telangana,Karimnagar,Karimnagar,25.2,2026-03-08,23:45:00,80.0,2026-03-08,23:45:00,2026-03-09 00:00:01,26.850000000000023,Zone 4,52.9,Zone 5,26.5,Zone 4,35.1,Zone 4,32.5,Zone 4,43.5,Zone 5,38.1,Zone 4,59.0,Zone 5,52.9,Zone 5,62.0,Zone 5
Telangana,Khammam,Khammam,25.2,2026-03-08,23:45:00,88.0,2026-03-08,23:45:00,2026-03-09 00:00:01,27.350000000000023,Zone 4,59.1,Zone 5,27.0,Zone 4,36.2,Zone 4,33.5,Zone 4,50.8,Zone 5,42.4,Zone 5,60.6,Zone 5,59.1,Zone 5,63.3,Zone 5
Telangana,Khammam,Wyra Kvk,25.0,2026-03-08,23:45:00,79.0,2026-03-08,23:45:00,2026-03-09 00:00:01,26.450000000000045,Zone 4,52.0,Zone 5,26.4,Zone 4,34.9,Zone 4,32.4,Zone 4,42.7,Zone 5,37.9,Zone 4,58.4,Zone 5,52.0,Zone 5,61.8,Zone 5
Telangana,Kumuram Bheem Asifabad ,Asifabad,21.6,2026-03-08,23:45:00,49.0,2026-03-08,23:45:00,2026-03-09 00:00:01,20.950000000000045,Zone 3,34.2,Zone 4,20.8,Zone 3,28.0,Zone 4,26.0,Zone 4,32.1,Zone 4,30.2,Zone 4,36.0,Zone 4,34.2,Zone 4,39.7,Zone 4
Telangana,Mahabubabad,Malyal Kvk,25.2,2026-03-08,23:45:00,89.0,2026-03-08,23:45:00,2026-03-09 00:00:01,27.450000000000045,Zone 4,59.3,Zone 5,27.1,Zone 4,36.3,Zone 4,33.6,Zone 4,51.7,Zone 5,43.4,Zone 5,60.8,Zone 5,59.3,Zone 5,63.5,Zone 5
Telangana,Mahbubnagar,Mahbubnagar,25.7,2026-03-08,23:45:00,59.0,2026-03-08,23:45:00,2026-03-09 00:00:01,26.25,Zone 4,40.4,Zone 4,26.0,Zone 4,33.5,Zone 4,31.2,Zone 4,38.1,Zone 4,35.9,Zone 4,45.1,Zone 5,40.4,Zone 4,58.6,Zone 5
Telangana,Medak,Medak,23.6,2026-03-08,23:45:00,63.0,2026-03-08,23:45:00,2026-03-09 00:00:01,23.950000000000045,Zone 3,38.0,Zone 4,23.9,Zone 3,31.1,Zone 4,28.9,Zone 4,35.7,Zone 4,33.6,Zone 4,40.0,Zone 4,38.0,Zone 4,52.5,Zone 5
Telangana,Medchal Malkajgiri,Kukatpally Jntu,27.0,2026-03-08,23:45:00,76.0,2026-03-08,23:45:00,2026-03-09 00:00:01,29.450000000000045,Zone 4,59.6,Zone 5,29.4,Zone 4,38.4,Zone 4,35.7,Zone 4,53.8,Zone 5,45.1,Zone 5,61.2,Zone 5,59.6,Zone 5,63.8,Zone 5
Telangana,Nalgonda,Devarakonda,28.1,2026-03-08,23:45:00,72.0,2026-03-08,23:45:00,2026-03-09 00:00:01,30.950000000000045,Zone 4,60.3,Zone 5,30.8,Zone 4,39.8,Zone 4,37.0,Zone 4,56.6,Zone 5,48.0,Zone 5,61.8,Zone 5,60.3,Zone 5,64.3,Zone 5
Telangana,Nirmal ,Bhainsa Arg,24.3,2026-03-08,23:45:00,68.0,2026-03-08,23:45:00,2026-03-09 00:00:01,24.950000000000045,Zone 3,40.2,Zone 4,25.2,Zone 3,32.9,Zone 4,30.6,Zone 4,37.8,Zone 4,35.5,Zone 4,47.1,Zone 5,40.2,Zone 4,59.3,Zone 5
Telangana,Peddapalli,Kunaram,25.2,2026-03-08,23:45:00,29.0,2026-03-08,23:45:00,2026-03-09 00:00:01,24.150000000000034,Zone 3,36.1,Zone 4,23.9,Zone 3,30.5,Zone 4,28.5,Zone 4,34.3,Zone 4,32.4,Zone 4,37.9,Zone 4,36.1,Zone 4,41.3,Zone 4
Telangana,Ranga Reddy,Cbit Gandipet,26.4,2026-03-08,23:45:00,59.0,2026-03-08,23:45:00,2026-03-09 00:00:01,27.150000000000034,Zone 4,42.7,Zone 5,27.3,Zone 4,35.0,Zone 4,32.5,Zone 4,39.7,Zone 4,37.4,Zone 4,50.6,Zone 5,42.7,Zone 5,60.1,Zone 5
Telangana,Ranga Reddy,Dullapally,46.6,2026-03-08,23:45:00,60.0,2026-03-08,23:45:00,2026-03-09 00:00:01,95.25,Zone 6,103.4,Zone 6,94.9,Zone 6,99.5,Zone 6,97.8,Zone 6,102.3,Zone 6,100.6,Zone 6,105.1,Zone 6,103.4,Zone 6,107.9,Zone 6
Telangana,Ranga Reddy,Esci Gachibowli,24.7,2026-03-08,23:45:00,70.0,2026-03-08,23:45:00,2026-03-09 00:00:01,25.55000000000001,Zone 4,41.3,Zone 5,25.3,Zone 3,33.1,Zone 4,30.7,Zone 4,38.0,Zone 4,35.8,Zone 4,48.7,Zone 5,41.3,Zone 5,59.7,Zone 5
Telangana,Ranga Reddy,Ghatkesar,21.7,2026-03-08,23:45:00,89.0,2026-03-08,23:45:00,2026-03-09 00:00:01,22.950000000000045,Zone 3,38.4,Zone 5,22.7,Zone 3,30.1,Zone 4,27.8,Zone 4,35.2,Zone 4,33.1,Zone 4,45.0,Zone 5,38.4,Zone 5,58.6,Zone 5
Telangana,Ranga Reddy,Hayathnagar,22.2,2026-03-08,23:45:00,83.0,2026-03-08,23:45:00,2026-03-09 00:00:01,23.25,Zone 3,38.2,Zone 4,23.0,Zone 3,30.4,Zone 4,28.2,Zone 4,35.4,Zone 4,33.3,Zone 4,43.9,Zone 5,38.2,Zone 4,57.7,Zone 5
Telangana,Sangareddy,Zaheerabad,24.4,2026-03-08,23:45:00,38.0,2026-03-08,23:45:00,2026-03-09 00:00:01,23.650000000000034,Zone 3,36.5,Zone 4,23.8,Zone 3,30.6,Zone 4,28.5,Zone 4,34.5,Zone 4,32.6,Zone 4,38.3,Zone 4,36.5,Zone 4,41.9,Zone 4
Telangana,Siddipet,Kaveri Siddipet,24.4,2026-03-08,23:45:00,68.0,2026-03-08,23:45:00,2026-03-09 00:00:01,25.05000000000001,Zone 3,40.2,Zone 4,25.2,Zone 3,32.9,Zone 4,30.6,Zone 4,37.8,Zone 4,35.5,Zone 4,47.1,Zone 5,40.2,Zone 4,59.3,Zone 5
Telangana,Suryapet,Suryapet Arg,25.4,2026-03-08,23:45:00,76.0,2026-03-08,23:45:00,2026-03-09 00:00:01,26.850000000000023,Zone 4,52.5,Zone 5,27.0,Zone 4,35.5,Zone 4,32.9,Zone 4,43.3,Zone 5,38.4,Zone 4,58.9,Zone 5,52.5,Zone 5,61.9,Zone 5
Telangana,Vikarabad,Tandur,21.7,2026-03-08,23:45:00,55.0,2026-03-08,23:45:00,2026-03-09 00:00:01,21.350000000000023,Zone 3,34.7,Zone 4,21.1,Zone 3,28.3,Zone 4,26.3,Zone 4,32.5,Zone 4,30.6,Zone 4,36.5,Zone 4,34.7,Zone 4,40.3,Zone 4
Tripura,Khowai,Khowai,25.4,2026-03-08,23:45:00,97.0,2026-03-08,23:45:00,2026-03-09 00:00:01,28.450000000000045,Zone 4,61.8,Zone 5,28.7,Zone 4,44.0,Zone 5,35.9,Zone 4,59.8,Zone 5,55.3,Zone 5,63.0,Zone 5,61.8,Zone 5,65.4,Zone 5
Tripura,Khowai,Teliamura,22.8,2026-03-08,23:45:00,96.0,2026-03-08,23:45:00,2026-03-09 00:00:01,24.450000000000045,Zone 3,52.8,Zone 5,24.6,Zone 3,33.2,Zone 4,30.6,Zone 4,43.0,Zone 5,36.5,Zone 4,58.7,Zone 5,52.8,Zone 5,61.9,Zone 5
Tripura,North Tripura,Eden Laouge,21.4,2026-03-08,23:15:00,,,,2026-03-09 00:00:01,,,,,,,,,,,,,,,,,,,,
Tripura,North Tripura,Kamalpur,21.1,2026-03-08,23:45:00,38.0,2026-03-08,23:45:00,2026-03-09 00:00:01,19.650000000000034,Zone 3,32.9,Zone 4,19.5,Zone 3,27.1,Zone 4,25.2,Zone 3,30.9,Zone 4,29.2,Zone 4,34.6,Zone 4,32.9,Zone 4,38.1,Zone 4
Tripura,Sipahijala,Cti,23.4,2026-03-08,23:45:00,100.0,2026-03-08,23:45:00,2026-03-09 00:00:01,25.150000000000034,Zone 3,58.9,Zone 5,25.3,Zone 3,34.6,Zone 4,31.9,Zone 4,50.0,Zone 5,42.0,Zone 5,60.4,Zone 5,58.9,Zone 5,63.2,Zone 5
Tripura,South Tripura,Gokulpur,21.7,2026-03-08,23:45:00,,,,2026-03-09 00:00:01,,,,,,,,,,,,,,,,,,,,
Tripura,West Tripura,Agartala Airport,23.8,2026-03-08,23:45:00,92.0,2026-03-08,23:45:00,2026-03-09 00:00:01,25.350000000000023,Zone 4,56.3,Zone 5,25.7,Zone 4,34.7,Zone 4,32.0,Zone 4,46.9,Zone 5,38.9,Zone 5,59.8,Zone 5,56.3,Zone 5,62.6,Zone 5
Tripura,West Tripura,Dm Office West Agartala,24.5,2026-03-08,23:45:00,,,,2026-03-09 00:00:01,,,,,,,,,,,,,,,,,,,,
Tripura,West Tripura,Hrc Nagicherra,22.5,2026-03-08,23:45:00,,,,2026-03-09 00:00:01,,,,,,,,,,,,,,,,,,,,
Tripura,West Tripura,Khumluwang,23.4,2026-03-08,23:45:00,,,,2026-03-09 00:00:01,,,,,,,,,,,,,,,,,,,,
Tripura,West Tripura,Secretariat,23.6,2026-03-08,23:45:00,,,,2026-03-09 00:00:01,,,,,,,,,,,,,,,,,,,,
Uttarakhand,Almora,Matela Kvk,14.7,2026-03-08,23:45:00,100.0,2026-03-08,23:45:00,2026-03-09 00:00:01,14.850000000000023,Zone 3,29.2,Zone 4,14.6,Zone 3,23.1,Zone 3,21.5,Zone 3,26.5,Zone 4,25.1,Zone 3,30.7,Zone 4,29.2,Zone 4,34.8,Zone 4
Uttarakhand,Bageshwar,Kapkote,,,,88.0,2026-03-08,23:45:00,2026-03-09 00:00:01,,,,,,,,,,,,,,,,,,,,
Uttarakhand,Chamoli,Chamoli,20.2,2026-03-08,23:45:00,,,,2026-03-09 00:00:01,,,,,,,,,,,,,,,,,,,,
Uttarakhand,Chamoli,Tharali,,,,14.0,2026-03-08,23:30:00,2026-03-09 00:00:01,,,,,,,,,,,,,,,,,,,,
Uttarakhand,Champawat,Champawat,14.5,2026-03-08,23:45:00,,,,2026-03-09 00:00:01,,,,,,,,,,,,,,,,,,,,
Uttarakhand,Dehradun,Dehradun,,,,76.0,2026-03-08,23:45:00,2026-03-09 00:00:01,,,,,,,,,,,,,,,,,,,,
Uttarakhand,Dehradun,Jollygrant,21.5,2026-03-08,23:45:00,79.0,2026-03-08,23:45:00,2026-03-09 00:00:01,22.25,Zone 3,36.9,Zone 4,22.3,Zone 3,29.5,Zone 4,27.3,Zone 4,34.3,Zone 4,32.2,Zone 4,38.9,Zone 4,36.9,Zone 4,53.0,Zone 5
Uttarakhand,Dehradun,Massouri,17.8,2026-03-08,23:45:00,63.0,2026-03-08,23:45:00,2026-03-09 00:00:01,17.05000000000001,Zone 3,31.4,Zone 4,17.3,Zone 3,25.0,Zone 3,23.5,Zone 3,29.0,Zone 4,27.4,Zone 4,33.0,Zone 4,31.4,Zone 4,36.8,Zone 4
Uttarakhand,Dehradun,Rishikesh,,,,86.0,2026-03-08,23:45:00,2026-03-09 00:00:01,,,,,,,,,,,,,,,,,,,,
Uttarakhand,Haridwar,Roorkee Amfu,20.6,2026-03-08,23:45:00,,,,2026-03-09 00:00:01,,,,,,,,,,,,,,,,,,,,
Uttarakhand,Nainital,Mukteshwar,19.7,2026-03-08,23:45:00,,,,2026-03-09 00:00:01,,,,,,,,,,,,,,,,,,,,
Uttarakhand,Nainital,Nainital(Jeolikot) Kvk,16.5,2026-03-08,23:45:00,100.0,2026-03-08,23:45:00,2026-03-09 00:00:01,17.150000000000034,Zone 3,31.6,Zone 4,17.2,Zone 3,24.5,Zone 3,23.2,Zone 3,28.8,Zone 4,27.0,Zone 4,33.2,Zone 4,31.6,Zone 4,39.0,Zone 5
Uttarakhand,Pauri Garhwal,Bharsar,11.9,2026-03-08,23:45:00,83.0,2026-03-08,23:45:00,2026-03-09 00:00:01,11.350000000000023,Zone 2,26.3,Zone 4,11.4,Zone 2,20.8,Zone 3,19.0,Zone 3,24.3,Zone 3,23.3,Zone 3,27.6,Zone 4,26.3,Zone 4,31.3,Zone 4
Uttarakhand,Pauri Garhwal,Srinagar Arg,22.6,2026-03-08,23:45:00,,,,2026-03-09 00:00:01,,,,,,,,,,,,,,,,,,,,
Uttarakhand,Rudraprayag,Rudra Prayag,22.7,2026-03-08,23:45:00,77.0,2026-03-08,23:45:00,2026-03-09 00:00:01,23.55000000000001,Zone 3,38.2,Zone 4,23.4,Zone 3,30.7,Zone 4,28.5,Zone 4,35.6,Zone 4,33.5,Zone 4,42.6,Zone 5,38.2,Zone 4,56.7,Zone 5
Uttarakhand,Tehri Garhwal,Devprayag,21.0,2026-03-08,23:45:00,81.0,2026-03-08,23:45:00,2026-03-09 00:00:01,21.850000000000023,Zone 3,36.4,Zone 4,21.8,Zone 3,28.9,Zone 4,26.8,Zone 4,33.7,Zone 4,31.7,Zone 4,38.3,Zone 4,36.4,Zone 4,51.7,Zone 5
Uttarakhand,Tehri Garhwal,Rani Chawri,,,,79.0,2026-03-08,23:45:00,2026-03-09 00:00:01,,,,,,,,,,,,,,,,,,,,
Uttarakhand,Uttarkashi,Purola,14.6,2026-03-08,23:45:00,70.0,2026-03-08,23:45:00,2026-03-09 00:00:01,13.550000000000011,Zone 2,28.2,Zone 4,13.4,Zone 2,22.5,Zone 3,20.8,Zone 3,25.8,Zone 4,24.6,Zone 3,29.6,Zone 4,28.2,Zone 4,33.3,Zone 4
Uttar Pradesh,Agra,Hydrogen Factory Bindukatra,23.0,2026-03-08,23:45:00,78.0,2026-03-08,23:45:00,2026-03-09 00:00:01,23.950000000000045,Zone 3,39.2,Zone 4,24.0,Zone 3,31.5,Zone 4,29.2,Zone 4,36.5,Zone 4,34.4,Zone 4,46.1,Zone 5,39.2,Zone 4,59.1,Zone 5
Uttar Pradesh,Aligarh,Quarsi Farms Quarsi,24.9,2026-03-08,23:45:00,83.0,2026-03-08,23:45:00,2026-03-09 00:00:01,26.55000000000001,Zone 4,55.4,Zone 5,26.7,Zone 4,35.5,Zone 4,32.8,Zone 4,46.2,Zone 5,38.5,Zone 4,59.6,Zone 5,55.4,Zone 5,62.5,Zone 5
Uttar Pradesh,Ambedkar Nagar,Collectorate Office Akbarpur,23.2,2026-03-08,23:45:00,99.0,2026-03-08,23:45:00,2026-03-09 00:00:01,24.950000000000045,Zone 3,55.1,Zone 5,24.7,Zone 3,33.5,Zone 4,30.9,Zone 4,45.3,Zone 5,37.7,Zone 5,59.4,Zone 5,55.1,Zone 5,62.3,Zone 5
Uttar Pradesh,Ayodhya,Krishi Vigyan Kendra Kumarganj,,,,88.0,2026-03-08,23:45:00,2026-03-09 00:00:01,,,,,,,,,,,,,,,,,,,,
Uttar Pradesh,Azamgarh,Lalganj Tehsil Office,23.6,2026-03-08,23:45:00,,,,2026-03-09 00:00:01,,,,,,,,,,,,,,,,,,,,
Uttar Pradesh,Balrampur,Bcml Tulsipur Sugar Mill,23.3,2026-03-08,23:45:00,,,,2026-03-09 00:00:01,,,,,,,,,,,,,,,,,,,,
Uttar Pradesh,Bulandshahar,Bulandshahar Kvk,18.7,2026-03-08,23:45:00,92.0,2026-03-08,23:45:00,2026-03-09 00:00:01,19.55000000000001,Zone 3,33.7,Zone 4,19.3,Zone 3,26.2,Zone 4,24.6,Zone 3,31.0,Zone 4,29.1,Zone 4,35.5,Zone 4,33.7,Zone 4,44.9,Zone 5
Uttar Pradesh,Chitrakoot,Ganivan Kvk,20.3,2026-03-08,23:45:00,,,,2026-03-09 00:00:01,,,,,,,,,,,,,,,,,,,,
Uttar Pradesh,Etawah,Bbrau Agriculture College,26.8,2026-03-08,23:45:00,52.0,2026-03-08,23:45:00,2026-03-09 00:00:01,27.25,Zone 4,41.6,Zone 4,27.5,Zone 4,34.9,Zone 4,32.5,Zone 4,39.4,Zone 4,37.1,Zone 4,46.8,Zone 5,41.6,Zone 4,59.3,Zone 5
Uttar Pradesh,Fatehpur,Fatehpur Kvk,21.8,2026-03-08,23:45:00,,,,2026-03-09 00:00:01,,,,,,,,,,,,,,,,,,,,
Uttar Pradesh,Jaunpur,Mariahu Tehsil Office,23.9,2026-03-08,23:45:00,,,,2026-03-09 00:00:01,,,,,,,,,,,,,,,,,,,,
Uttar Pradesh,Kushinagar,Kushinagar Kvk,22.7,2026-03-08,23:45:00,100.0,2026-03-08,23:45:00,2026-03-09 00:00:01,24.450000000000045,Zone 3,52.5,Zone 5,24.3,Zone 3,32.6,Zone 4,30.1,Zone 4,42.5,Zone 5,36.0,Zone 4,58.4,Zone 5,52.5,Zone 5,61.8,Zone 5
Uttar Pradesh,Lucknow,Integral University,24.5,2026-03-08,23:45:00,,,,2026-03-09 00:00:01,,,,,,,,,,,,,,,,,,,,
Uttar Pradesh,Lucknow,Meteorological Centre Amausi,23.9,2026-03-08,23:45:00,86.0,2026-03-08,23:45:00,2026-03-09 00:00:01,25.25,Zone 3,51.5,Zone 5,25.3,Zone 4,33.9,Zone 4,31.4,Zone 4,41.9,Zone 5,37.0,Zone 4,57.8,Zone 5,51.5,Zone 5,61.7,Zone 5
Uttar Pradesh,Mainpuri,Mainpuri Kvk,19.9,2026-03-08,23:45:00,100.0,2026-03-08,23:45:00,2026-03-09 00:00:01,21.350000000000023,Zone 3,36.9,Zone 5,21.5,Zone 3,28.5,Zone 4,26.3,Zone 4,33.7,Zone 4,31.7,Zone 4,42.9,Zone 5,36.9,Zone 5,57.0,Zone 5
Uttar Pradesh,Mathura,Collectorate Office,23.0,2026-03-08,23:45:00,90.0,2026-03-08,23:45:00,2026-03-09 00:00:01,24.450000000000045,Zone 3,48.2,Zone 5,24.4,Zone 3,32.6,Zone 4,30.1,Zone 4,38.6,Zone 5,35.7,Zone 4,54.9,Zone 5,48.2,Zone 5,61.0,Zone 5
Uttar Pradesh,Meerut,Ccsu Campus,25.0,2026-03-08,23:45:00,91.0,2026-03-08,23:45:00,2026-03-09 00:00:01,27.25,Zone 4,59.7,Zone 5,27.3,Zone 4,36.6,Zone 4,33.8,Zone 4,53.5,Zone 5,45.3,Zone 5,61.1,Zone 5,59.7,Zone 5,63.8,Zone 5
Uttar Pradesh,Raebareli,Airport Fursatganj,21.9,2026-03-08,23:45:00,100.0,2026-03-08,23:45:00,2026-03-09 00:00:01,23.650000000000034,Zone 3,49.1,Zone 5,23.7,Zone 3,31.7,Zone 4,29.3,Zone 4,39.1,Zone 5,35.0,Zone 4,55.5,Zone 5,49.1,Zone 5,61.1,Zone 5
Uttar Pradesh,Sultanpur,Krishi Vigyan Kendra Barasin,,,,96.0,2026-03-08,23:45:00,2026-03-09 00:00:01,,,,,,,,,,,,,,,,,,,,
West Bengal,Asansol,Imd Mo Assansol,24.9,2026-03-08,23:45:00,50.0,2026-03-08,23:45:00,2026-03-09 00:00:01,24.850000000000023,Zone 3,38.4,Zone 4,25.0,Zone 3,32.0,Zone 4,29.8,Zone 4,36.3,Zone 4,34.3,Zone 4,40.4,Zone 4,38.4,Zone 4,50.0,Zone 5
West Bengal,Cooch Behar,Pundibari Amfu,27.2,2026-03-08,23:45:00,,,,2026-03-09 00:00:01,,,,,,,,,,,,,,,,,,,,
West Bengal,Darjeeling,Kharibari,23.1,2026-03-08,23:45:00,93.0,2026-03-08,23:45:00,2026-03-09 00:00:01,24.650000000000034,Zone 3,50.5,Zone 5,24.5,Zone 3,32.9,Zone 4,30.4,Zone 4,40.7,Zone 5,36.1,Zone 4,56.9,Zone 5,50.5,Zone 5,61.4,Zone 5
West Bengal,Howrah,Ramsaday College Amta,24.7,2026-03-08,23:45:00,87.0,2026-03-08,23:45:00,2026-03-09 00:00:01,26.450000000000045,Zone 4,55.5,Zone 5,26.2,Zone 4,35.0,Zone 4,32.4,Zone 4,46.2,Zone 5,38.2,Zone 4,59.6,Zone 5,55.5,Zone 5,62.5,Zone 5
West Bengal,Howrah,Uluberia,27.9,2026-03-08,23:45:00,,,,2026-03-09 00:00:01,,,,,,,,,,,,,,,,,,,,
West Bengal,Jalpaiguri,Ramshai Kvk,23.0,2026-03-08,23:45:00,,,,2026-03-09 00:00:01,,,,,,,,,,,,,,,,,,,,
West Bengal,Jhargram,Jhargram,24.5,2026-03-08,23:45:00,94.0,2026-03-08,23:45:00,2026-03-09 00:00:01,26.650000000000034,Zone 4,59.5,Zone 5,26.6,Zone 4,36.0,Zone 4,33.2,Zone 4,52.5,Zone 5,44.3,Zone 5,60.9,Zone 5,59.5,Zone 5,63.6,Zone 5
West Bengal,Kalimpong,Kalimpong Amfu,19.6,2026-03-08,23:45:00,77.0,2026-03-08,23:45:00,2026-03-09 00:00:01,19.950000000000045,Zone 3,34.0,Zone 4,19.8,Zone 3,26.9,Zone 4,25.0,Zone 3,31.4,Zone 4,29.6,Zone 4,35.7,Zone 4,34.0,Zone 4,42.0,Zone 5
West Bengal,Kolkata,Kolkata Airport,25.5,2026-03-08,23:45:00,94.0,2026-03-08,23:45:00,2026-03-09 00:00:01,28.450000000000045,Zone 4,61.1,Zone 5,28.4,Zone 4,41.0,Zone 5,35.4,Zone 4,59.1,Zone 5,52.4,Zone 5,62.5,Zone 5,61.1,Zone 5,65.0,Zone 5
West Bengal,Murshidabad,Berhampore,23.5,2026-03-08,23:45:00,83.0,2026-03-08,23:45:00,2026-03-09 00:00:01,24.650000000000034,Zone 3,45.8,Zone 5,24.7,Zone 3,32.8,Zone 4,30.3,Zone 4,38.0,Zone 4,35.7,Zone 4,52.8,Zone 5,45.8,Zone 5,60.6,Zone 5
West Bengal,Murshidabad,Murshidabad Kvk,22.4,2026-03-08,23:45:00,,,,2026-03-09 00:00:01,,,,,,,,,,,,,,,,,,,,
West Bengal,Nadia,Kalyani Amfu,24.8,2026-03-08,23:45:00,100.0,2026-03-08,23:45:00,2026-03-09 00:00:01,27.55000000000001,Zone 4,61.5,Zone 5,28.0,Zone 4,42.7,Zone 5,35.2,Zone 4,59.5,Zone 5,54.1,Zone 5,62.8,Zone 5,61.5,Zone 5,65.2,Zone 5
West Bengal,North Twenty Four Parganas,Ashoknagar Kvk,25.2,2026-03-08,23:45:00,,,,2026-03-09 00:00:01,,,,,,,,,,,,,,,,,,,,
West Bengal,Purba Mednipur,Imd Mo Digha,26.0,2026-03-08,23:15:00,,,,2026-03-09 00:00:01,,,,,,,,,,,,,,,,,,,,
West Bengal,Purulia,Purulia Kvk,24.5,2026-03-08,23:45:00,,,,2026-03-09 00:00:01,,,,,,,,,,,,,,,,,,,,
West Bengal,South Dinajpur,Majhian Amfu,23.2,2026-03-08,23:45:00,98.0,2026-03-08,23:45:00,2026-03-09 00:00:01,24.950000000000045,Zone 3,54.3,Zone 5,24.7,Zone 3,33.4,Zone 4,30.8,Zone 4,44.5,Zone 5,37.0,Zone 5,59.3,Zone 5,54.3,Zone 5,62.2,Zone 5
West Bengal,South Twenty Four Parganas,Alipore,25.5,2026-03-08,23:45:00,99.0,2026-03-08,23:45:00,2026-03-09 00:00:01,28.950000000000045,Zone 4,62.2,Zone 5,28.9,Zone 4,46.2,Zone 5,36.7,Zone 5,60.3,Zone 5,57.1,Zone 5,63.4,Zone 5,62.2,Zone 5,65.8,Zone 5
West Bengal,South Twenty Four Parganas,Ramkrishna Mission College,24.2,2026-03-08,23:15:00,,,,2026-03-09 00:00:01,,,,,,,,,,,,,,,,,,,,
,,,,,,,,,2026-03-09 00:00:01,,,,,,,,,,,,,,,,,,,,
,,,,,,,,,2026-03-09 00:00:01,,,,,,,,,,,,,,,,,,,,
,,,,,,,,,2026-03-09 00:00:01,,,,,,,,,,,,,,,,,,,,
,,,,,,,,,2026-03-09 00:00:01,,,,,,,,,,,,,,,,,,,,
Andaman And Nicobar,Nicobar,Nancowry,30.1,2026-03-08,23:30:00,90.0,2026-03-08,23:30:00,2026-03-09 00:20:22,46.75,Zone 5,67.9,Zone 5,45.4,Zone 5,63.6,Zone 5,61.6,Zone 5,66.7,Zone 5,65.4,Zone 5,68.8,Zone 5,67.9,Zone 5,70.4,Zone 5
Andaman And Nicobar,South Andaman,Shaheed Dweep,26.1,2026-03-08,23:30:00,94.0,2026-03-08,23:30:00,2026-03-09 00:20:22,29.650000000000034,Zone 4,62.0,Zone 5,29.4,Zone 4,45.4,Zone 5,36.6,Zone 4,60.1,Zone 5,56.3,Zone 5,63.3,Zone 5,62.0,Zone 5,65.6,Zone 5
Andhra Pradesh,Alluri Sitharama Raju,Araku Valley,22.7,2026-03-08,23:30:00,92.0,2026-03-08,23:30:00,2026-03-09 00:20:22,24.150000000000034,Zone 3,46.4,Zone 5,24.0,Zone 3,31.9,Zone 4,29.5,Zone 4,37.3,Zone 4,35.0,Zone 4,53.2,Zone 5,46.4,Zone 5,60.6,Zone 5
Andhra Pradesh,Eluru,Vijayarai,25.1,2026-03-09,00:00:00,65.0,2026-03-08,00:00:00,2026-03-09 00:20:22,25.75,Zone 4,40.6,Zone 4,25.7,Zone 4,33.4,Zone 4,31.0,Zone 4,38.2,Zone 4,35.9,Zone 4,47.4,Zone 5,40.6,Zone 4,59.4,Zone 5
Andhra Pradesh,Kakinada,Kakinada,25.6,2026-03-09,00:00:00,84.0,2026-03-08,00:00:00,2026-03-09 00:20:22,27.75,Zone 4,59.0,Zone 5,27.6,Zone 4,36.6,Zone 4,33.9,Zone 4,50.8,Zone 5,42.3,Zone 5,60.6,Zone 5,59.0,Zone 5,63.3,Zone 5
Andhra Pradesh,Kakinada,Prathipadu,26.4,2026-03-09,00:00:00,,,,2026-03-09 00:20:22,,,,,,,,,,,,,,,,,,,,
Andhra Pradesh,Konaseema,Ambajipeta Arg,24.2,2026-03-09,00:00:00,100.0,2026-03-08,00:00:00,2026-03-09 00:20:22,26.450000000000045,Zone 4,59.8,Zone 5,26.1,Zone 4,35.7,Zone 4,32.9,Zone 4,53.8,Zone 5,45.9,Zone 5,61.2,Zone 5,59.8,Zone 5,63.9,Zone 5
Andhra Pradesh,Nellore,Nellore Kvk,25.7,2026-03-09,00:15:00,97.0,2026-03-08,00:15:00,2026-03-09 00:20:22,29.150000000000034,Zone 4,61.8,Zone 5,28.7,Zone 4,44.0,Zone 5,35.9,Zone 4,59.8,Zone 5,55.3,Zone 5,63.0,Zone 5,61.8,Zone 5,65.4,Zone 5
Andhra Pradesh,Palnadu,Jangameshwarapuram,25.1,2026-03-09,00:00:00,,,,2026-03-09 00:20:22,,,,,,,,,,,,,,,,,,,,
Andhra Pradesh,Palnadu,Rentachintala,25.2,2026-03-09,00:00:00,79.0,2026-03-08,00:00:00,2026-03-09 00:20:22,26.75,Zone 4,52.0,Zone 5,26.4,Zone 4,34.9,Zone 4,32.4,Zone 4,42.7,Zone 5,37.9,Zone 4,58.4,Zone 5,52.0,Zone 5,61.8,Zone 5
Andhra Pradesh,Srikakulam,Amadalavalasa Kvk,26.1,2026-03-09,00:15:00,,,,2026-03-09 00:20:22,,,,,,,,,,,,,,,,,,,,
Andhra Pradesh,Srikakulam,Ragolu,25.4,2026-03-09,00:00:00,90.0,2026-03-08,00:00:00,2026-03-09 00:20:22,27.850000000000023,Zone 4,60.3,Zone 5,28.1,Zone 4,37.6,Zone 4,34.8,Zone 4,56.3,Zone 5,48.3,Zone 5,61.7,Zone 5,60.3,Zone 5,64.3,Zone 5
Andhra Pradesh,Visakhapatnam,Anandapuram Arg,25.4,2026-03-09,00:00:00,81.0,2026-03-08,00:00:00,2026-03-09 00:20:22,27.150000000000034,Zone 4,56.8,Zone 5,27.4,Zone 4,36.2,Zone 4,33.5,Zone 4,48.0,Zone 5,39.5,Zone 5,60.0,Zone 5,56.8,Zone 5,62.8,Zone 5
Andhra Pradesh,Visakhapatnam,Mehadrigadda Dam,29.7,2026-03-09,00:00:00,90.0,2026-03-08,00:00:00,2026-03-09 00:20:22,41.55000000000001,Zone 5,67.0,Zone 5,39.2,Zone 5,62.4,Zone 5,60.3,Zone 5,65.7,Zone 5,64.3,Zone 5,68.0,Zone 5,67.0,Zone 5,69.7,Zone 5
Andhra Pradesh,Vizianagaram,Bobbili,25.7,2026-03-09,00:00:00,86.0,2026-03-08,00:00:00,2026-03-09 00:20:22,28.05000000000001,Zone 4,59.5,Zone 5,27.7,Zone 4,36.9,Zone 4,34.2,Zone 4,52.7,Zone 5,44.2,Zone 5,61.0,Zone 5,59.5,Zone 5,63.6,Zone 5
Andhra Pradesh,Vizianagaram,Vizianagaram,27.2,2026-03-09,00:00:00,87.0,2026-03-08,00:00:00,2026-03-09 00:20:22,31.150000000000034,Zone 4,62.1,Zone 5,30.7,Zone 4,46.5,Zone 5,37.7,Zone 4,60.3,Zone 5,57.0,Zone 5,63.5,Zone 5,62.1,Zone 5,65.8,Zone 5
Andhra Pradesh,West Godavari,Maruteru,26.4,2026-03-09,00:00:00,100.0,2026-03-08,00:00:00,2026-03-09 00:20:22,31.05000000000001,Zone 4,64.1,Zone 5,31.3,Zone 4,56.6,Zone 5,47.0,Zone 5,62.4,Zone 5,60.8,Zone 5,65.2,Zone 5,64.1,Zone 5,67.3,Zone 5
Andhra Pradesh,Ysr Kadapa,Utkuru Kvk,26.2,2026-03-09,00:15:00,97.0,2026-03-08,00:15:00,2026-03-09 00:20:22,30.25,Zone 4,62.6,Zone 5,29.8,Zone 4,48.7,Zone 5,38.8,Zone 5,60.8,Zone 5,59.0,Zone 5,63.8,Zone 5,62.6,Zone 5,66.1,Zone 5
Arunachal Pradesh,Anjaw,Hayuliang Circle,14.9,2026-03-09,00:00:00,86.0,2026-03-08,00:00:00,2026-03-09 00:20:22,14.550000000000011,Zone 3,29.2,Zone 4,14.6,Zone 3,23.2,Zone 3,21.6,Zone 3,26.7,Zone 4,25.1,Zone 3,30.7,Zone 4,29.2,Zone 4,34.7,Zone 4
Arunachal Pradesh,Anjaw,Kibitoo Circle,13.4,2026-03-08,23:30:00,73.0,2026-03-08,23:30:00,2026-03-09 00:20:22,12.450000000000045,Zone 2,27.4,Zone 4,12.6,Zone 2,21.8,Zone 3,20.0,Zone 3,25.1,Zone 3,24.1,Zone 3,28.8,Zone 4,27.4,Zone 4,32.4,Zone 4
Arunachal Pradesh,Anjaw,Wallong Circle,14.5,2026-03-08,23:30:00,69.0,2026-03-08,23:30:00,2026-03-09 00:20:22,13.350000000000023,Zone 2,28.2,Zone 4,13.4,Zone 2,22.5,Zone 3,20.7,Zone 3,25.8,Zone 4,24.6,Zone 3,29.6,Zone 4,28.2,Zone 4,33.3,Zone 4
Arunachal Pradesh,Dibang Valley,Anini,13.0,2026-03-09,00:00:00,90.0,2026-03-08,00:00:00,2026-03-09 00:20:22,12.650000000000034,Zone 2,27.4,Zone 4,12.7,Zone 2,21.7,Zone 3,20.0,Zone 3,25.0,Zone 3,24.0,Zone 3,28.7,Zone 4,27.4,Zone 4,32.6,Zone 4
Arunachal Pradesh,Kurung Kumey,Koloraing,15.7,2026-03-09,00:15:00,100.0,2026-03-08,00:15:00,2026-03-09 00:20:22,16.150000000000034,Zone 3,30.4,Zone 4,15.9,Zone 3,23.8,Zone 3,22.4,Zone 3,27.6,Zone 4,25.9,Zone 4,31.9,Zone 4,30.4,Zone 4,36.1,Zone 4
Arunachal Pradesh,Longding,Longding,20.2,2026-03-09,00:00:00,,,,2026-03-09 00:20:22,,,,,,,,,,,,,,,,,,,,
Arunachal Pradesh,Namsai,Namsai Kvk,16.6,2026-03-09,00:15:00,100.0,2026-03-08,00:15:00,2026-03-09 00:20:22,17.350000000000023,Zone 3,31.6,Zone 4,17.2,Zone 3,24.5,Zone 3,23.2,Zone 3,28.8,Zone 4,27.0,Zone 4,33.2,Zone 4,31.6,Zone 4,39.0,Zone 5
Arunachal Pradesh,Shiyomi,Lamang 2,,,,97.0,2026-03-08,23:30:00,2026-03-09 00:20:22,,,,,,,,,,,,,,,,,,,,
Arunachal Pradesh,Tawang,Tawang,6.8,2026-03-09,00:00:00,100.0,2026-03-08,00:00:00,2026-03-09 00:20:22,6.850000000000023,Zone 2,23.6,Zone 3,7.0,Zone 2,16.8,Zone 3,14.9,Zone 3,21.5,Zone 3,20.3,Zone 3,24.3,Zone 3,23.6,Zone 3,27.0,Zone 4
Arunachal Pradesh,Tirap,Deomali,18.5,2026-03-09,00:00:00,100.0,2026-03-08,00:00:00,2026-03-09 00:20:22,19.650000000000034,Zone 3,34.3,Zone 4,19.7,Zone 3,26.5,Zone 4,24.8,Zone 3,31.4,Zone 4,29.5,Zone 4,36.1,Zone 4,34.3,Zone 4,49.1,Zone 5
Arunachal Pradesh,Tirap,Longding,20.1,2026-03-09,00:00:00,,,,2026-03-09 00:20:22,,,,,,,,,,,,,,,,,,,,
Arunachal Pradesh,Upper Siang,Tuting,17.0,2026-03-09,00:00:00,99.0,2026-03-08,00:00:00,2026-03-09 00:20:22,17.75,Zone 3,32.2,Zone 4,17.8,Zone 3,24.9,Zone 3,23.6,Zone 3,29.4,Zone 4,27.6,Zone 4,33.9,Zone 4,32.2,Zone 4,40.8,Zone 5
Arunachal Pradesh,Upper Siang,Yingkiong,20.1,2026-03-09,00:00:00,98.0,2026-03-08,00:00:00,2026-03-09 00:20:22,21.55000000000001,Zone 3,36.5,Zone 4,21.4,Zone 3,28.4,Zone 4,26.2,Zone 4,33.6,Zone 4,31.5,Zone 4,41.8,Zone 5,36.5,Zone 4,56.0,Zone 5
Arunachal Pradesh,West Kameng,Bomdila,8.0,2026-03-09,00:00:00,,,,2026-03-09 00:20:22,,,,,,,,,,,,,,,,,,,,
Arunachal Pradesh,West Kameng,Dirang,16.9,2026-03-09,00:00:00,,,,2026-03-09 00:20:22,,,,,,,,,,,,,,,,,,,,
Arunachal Pradesh,West Kameng,Kalaktang,14.9,2026-03-09,00:00:00,100.0,2026-03-08,00:00:00,2026-03-09 00:20:22,15.150000000000034,Zone 3,29.8,Zone 4,15.3,Zone 3,23.4,Zone 3,22.0,Zone 3,27.0,Zone 4,25.4,Zone 4,31.3,Zone 4,29.8,Zone 4,35.4,Zone 4
Assam,Barpeta,Barpeta,21.5,2026-03-09,00:00:00,85.0,2026-03-08,00:00:00,2026-03-09 00:20:22,22.55000000000001,Zone 3,37.6,Zone 4,22.6,Zone 3,29.8,Zone 4,27.6,Zone 4,34.8,Zone 4,32.7,Zone 4,42.3,Zone 5,37.6,Zone 4,56.5,Zone 5
Assam,Barpeta,Barpeta Kvk,21.9,2026-03-09,00:15:00,94.0,2026-03-08,00:15:00,2026-03-09 00:20:22,23.350000000000023,Zone 3,44.7,Zone 5,23.5,Zone 3,31.2,Zone 4,28.8,Zone 4,36.6,Zone 4,34.4,Zone 4,51.5,Zone 5,44.7,Zone 5,60.3,Zone 5
Assam,Bongaigaon,Bongaigaon,22.3,2026-03-09,00:00:00,78.0,2026-03-08,00:00:00,2026-03-09 00:20:22,23.150000000000034,Zone 3,38.4,Zone 4,23.4,Zone 3,30.8,Zone 4,28.5,Zone 4,35.7,Zone 4,33.6,Zone 4,43.3,Zone 5,38.4,Zone 4,57.2,Zone 5
Assam,Bongaigaon,Manikpur,21.3,2026-03-09,00:00:00,100.0,2026-03-08,00:00:00,2026-03-09 00:20:22,22.950000000000045,Zone 3,45.7,Zone 5,23.2,Zone 3,30.8,Zone 4,28.5,Zone 4,36.4,Zone 4,34.1,Zone 4,52.4,Zone 5,45.7,Zone 5,60.5,Zone 5
Assam,Cachar,Cacher Kvk,22.8,2026-03-09,00:15:00,,,,2026-03-09 00:20:22,,,,,,,,,,,,,,,,,,,,
Assam,Darrang,Dalgaon,24.2,2026-03-09,00:00:00,72.0,2026-03-08,00:00:00,2026-03-09 00:20:22,25.05000000000001,Zone 3,40.1,Zone 5,24.8,Zone 3,32.5,Zone 4,30.2,Zone 4,37.5,Zone 4,35.2,Zone 4,47.4,Zone 5,40.1,Zone 5,59.4,Zone 5
Assam,Darrang,Mangaldai,23.9,2026-03-09,00:00:00,68.0,2026-03-08,00:00:00,2026-03-09 00:20:22,24.55000000000001,Zone 3,39.4,Zone 4,24.6,Zone 3,32.2,Zone 4,29.9,Zone 4,37.0,Zone 4,34.8,Zone 4,44.3,Zone 5,39.4,Zone 4,58.0,Zone 5
Assam,Darrang,Mangaldoi Kvk,25.3,2026-03-09,00:00:00,,,,2026-03-09 00:20:22,,,,,,,,,,,,,,,,,,,,
Assam,Dibrugarh,Bcpl Dibrugarh,,,,100.0,2026-03-08,23:45:00,2026-03-09 00:20:22,,,,,,,,,,,,,,,,,,,,
Assam,Dibrugarh,Dc Ofc Dibrugarh,20.9,2026-03-09,00:00:00,96.0,2026-03-08,00:00:00,2026-03-09 00:20:22,22.350000000000023,Zone 3,40.0,Zone 5,22.5,Zone 3,29.8,Zone 4,27.5,Zone 4,35.0,Zone 4,32.9,Zone 4,46.5,Zone 5,40.0,Zone 5,59.2,Zone 5
Assam,Dibrugarh,Dibrugarh,15.8,2026-03-09,00:00:00,,,,2026-03-09 00:20:22,,,,,,,,,,,,,,,,,,,,
Assam,Dibrugarh,Lahowal,,,,9.0,2026-03-08,00:00:00,2026-03-09 00:20:22,,,,,,,,,,,,,,,,,,,,
Assam,Dima Hasao,Haflong,21.2,2026-03-09,00:00:00,74.0,2026-03-08,00:00:00,2026-03-09 00:20:22,21.75,Zone 3,35.7,Zone 4,21.5,Zone 3,28.6,Zone 4,26.5,Zone 4,33.2,Zone 4,31.2,Zone 4,37.6,Zone 4,35.7,Zone 4,47.4,Zone 5
Assam,Dima Hasao,Lkhep,24.5,2026-03-08,23:45:00,70.0,2026-03-08,23:45:00,2026-03-09 00:20:22,25.25,Zone 3,41.3,Zone 5,25.3,Zone 3,33.1,Zone 4,30.7,Zone 4,38.0,Zone 4,35.8,Zone 4,48.7,Zone 5,41.3,Zone 5,59.7,Zone 5
Assam,Goalpara,Goalpara,23.0,2026-03-09,00:00:00,91.0,2026-03-08,00:00:00,2026-03-09 00:20:22,24.450000000000045,Zone 3,49.0,Zone 5,24.5,Zone 3,32.7,Zone 4,30.2,Zone 4,39.3,Zone 5,35.8,Zone 4,55.5,Zone 5,49.0,Zone 5,61.1,Zone 5
Assam,Hajoi,Lumding,22.9,2026-03-09,00:00:00,70.0,2026-03-08,00:00:00,2026-03-09 00:20:22,23.450000000000045,Zone 3,38.2,Zone 4,23.6,Zone 3,30.9,Zone 4,28.7,Zone 4,35.7,Zone 4,33.6,Zone 4,40.5,Zone 5,38.2,Zone 4,54.7,Zone 5
Assam,Jorhat,Jorhat Amfu,21.8,2026-03-09,00:00:00,78.0,2026-03-08,00:00:00,2026-03-09 00:20:22,22.55000000000001,Zone 3,37.6,Zone 4,22.8,Zone 3,30.1,Zone 4,27.9,Zone 4,34.9,Zone 4,32.9,Zone 4,40.6,Zone 5,37.6,Zone 4,54.9,Zone 5
Assam,Kamrup,Chandubi,26.5,2026-03-09,00:00:00,99.0,2026-03-08,00:00:00,2026-03-09 00:20:22,31.150000000000034,Zone 4,63.9,Zone 5,31.2,Zone 4,55.6,Zone 5,45.8,Zone 5,62.2,Zone 5,60.5,Zone 5,65.0,Zone 5,63.9,Zone 5,67.1,Zone 5
Assam,Kamrup Metropolitan,Aau Hrs,25.5,2026-03-09,00:00:00,73.0,2026-03-08,00:00:00,2026-03-09 00:20:22,26.850000000000023,Zone 4,49.8,Zone 5,26.8,Zone 4,35.1,Zone 4,32.6,Zone 4,40.7,Zone 5,37.9,Zone 4,56.8,Zone 5,49.8,Zone 5,61.4,Zone 5
Assam,Kamrup Metropolitan,Down Town University,26.6,2026-03-09,00:00:00,69.0,2026-03-08,00:00:00,2026-03-09 00:20:22,28.150000000000034,Zone 4,52.3,Zone 5,28.0,Zone 4,36.3,Zone 4,33.7,Zone 4,43.3,Zone 5,39.0,Zone 4,58.9,Zone 5,52.3,Zone 5,61.9,Zone 5
Assam,Kamrup Metropolitan,Gauhati University,24.9,2026-03-09,00:00:00,77.0,2026-03-08,00:00:00,2026-03-09 00:20:22,26.150000000000034,Zone 4,50.3,Zone 5,26.3,Zone 4,34.7,Zone 4,32.2,Zone 4,41.0,Zone 5,37.6,Zone 4,57.0,Zone 5,50.3,Zone 5,61.5,Zone 5
Assam,Kamrup Metropolitan,Guwahati,25.5,2026-03-09,00:00:00,63.0,2026-03-08,00:00:00,2026-03-09 00:20:22,26.25,Zone 4,41.1,Zone 4,26.2,Zone 4,33.9,Zone 4,31.5,Zone 4,38.7,Zone 4,36.4,Zone 4,48.5,Zone 5,41.1,Zone 4,59.6,Zone 5
Assam,Kamrup Metropolitan,Kalakshetra,26.8,2026-03-09,00:00:00,,,,2026-03-09 00:20:22,,,,,,,,,,,,,,,,,,,,
Assam,Kamrup Metropolitan,Kamakhya,25.9,2026-03-09,00:00:00,63.0,2026-03-08,00:00:00,2026-03-09 00:20:22,26.75,Zone 4,43.6,Zone 5,26.9,Zone 4,34.7,Zone 4,32.2,Zone 4,39.5,Zone 4,37.2,Zone 4,51.3,Zone 5,43.6,Zone 5,60.2,Zone 5
Assam,Kamrup Metropolitan,Sonapur,25.2,2026-03-08,23:30:00,,,,2026-03-09 00:20:22,,,,,,,,,,,,,,,,,,,,
Assam,Kamrup Metropolitan,Vcbc Rani,24.4,2026-03-09,00:00:00,96.0,2026-03-08,00:00:00,2026-03-09 00:20:22,26.55000000000001,Zone 4,59.9,Zone 5,26.7,Zone 4,36.3,Zone 4,33.5,Zone 4,54.2,Zone 5,46.2,Zone 5,61.3,Zone 5,59.9,Zone 5,63.9,Zone 5
Assam,Karbi Anglong,Diphu Amfu,19.9,2026-03-09,00:00:00,80.0,2026-03-08,00:00:00,2026-03-09 00:20:22,20.450000000000045,Zone 3,34.9,Zone 4,20.6,Zone 3,27.6,Zone 4,25.5,Zone 4,32.3,Zone 4,30.3,Zone 4,36.7,Zone 4,34.9,Zone 4,46.0,Zone 5
Assam,Karbi Anglong(East),Bakulia,24.1,2026-03-09,00:00:00,64.0,2026-03-08,00:00:00,2026-03-09 00:20:22,24.55000000000001,Zone 3,38.9,Zone 4,24.5,Zone 3,31.9,Zone 4,29.6,Zone 4,36.5,Zone 4,34.4,Zone 4,41.3,Zone 5,38.9,Zone 4,55.5,Zone 5
Assam,Karbi Anglong(East),Diphu,20.5,2026-03-09,00:00:00,90.0,2026-03-08,00:00:00,2026-03-09 00:20:22,21.650000000000034,Zone 3,36.5,Zone 4,21.6,Zone 3,28.7,Zone 4,26.5,Zone 4,33.7,Zone 4,31.7,Zone 4,39.9,Zone 5,36.5,Zone 4,54.3,Zone 5
Assam,Karbi Anglong(West),Kheronighat,24.7,2026-03-09,00:00:00,62.0,2026-03-08,00:00:00,2026-03-09 00:20:22,25.150000000000034,Zone 3,39.4,Zone 4,24.9,Zone 3,32.4,Zone 4,30.1,Zone 4,37.0,Zone 4,34.9,Zone 4,42.3,Zone 5,39.4,Zone 4,56.4,Zone 5
Assam,Karimganj,Harinagar,,,,10.0,2026-03-08,00:00:00,2026-03-09 00:20:22,,,,,,,,,,,,,,,,,,,,
Assam,Karimganj,Karimganj Amfu,29.1,2026-03-09,00:00:00,,,,2026-03-09 00:20:22,,,,,,,,,,,,,,,,,,,,
Assam,Marigaon,Dharamtul,25.3,2026-03-09,00:00:00,77.0,2026-03-08,00:00:00,2026-03-09 00:20:22,26.75,Zone 4,53.4,Zone 5,27.1,Zone 4,35.6,Zone 4,33.0,Zone 4,44.2,Zone 5,38.5,Zone 4,59.2,Zone 5,53.4,Zone 5,62.1,Zone 5
Assam,Marigaon,Laharighat,25.0,2026-03-09,00:00:00,71.0,2026-03-08,00:00:00,2026-03-09 00:20:22,25.950000000000045,Zone 4,45.0,Zone 5,26.0,Zone 4,34.0,Zone 4,31.6,Zone 4,39.0,Zone 4,36.7,Zone 4,52.4,Zone 5,45.0,Zone 5,60.4,Zone 5
Assam,Marigaon,Marigaon,24.8,2026-03-09,00:00:00,89.0,2026-03-08,00:00:00,2026-03-09 00:20:22,26.75,Zone 4,59.3,Zone 5,27.1,Zone 4,36.3,Zone 4,33.6,Zone 4,51.7,Zone 5,43.4,Zone 5,60.8,Zone 5,59.3,Zone 5,63.5,Zone 5
Assam,Nagaon,Kampur,22.9,2026-03-09,00:00:00,45.0,2026-03-08,00:00:00,2026-03-09 00:20:22,22.25,Zone 3,35.5,Zone 4,22.4,Zone 3,29.4,Zone 4,27.4,Zone 4,33.5,Zone 4,31.6,Zone 4,37.3,Zone 4,35.5,Zone 4,41.0,Zone 4
Assam,Nalbari,Chamata,27.4,2026-03-09,00:00:00,89.0,2026-03-08,00:00:00,2026-03-09 00:20:22,31.850000000000023,Zone 4,63.4,Zone 5,32.1,Zone 4,53.5,Zone 5,43.1,Zone 5,61.7,Zone 5,60.0,Zone 5,64.6,Zone 5,63.4,Zone 5,66.8,Zone 5
Assam,Nalbari,Nalbari,30.9,2026-03-08,23:45:00,78.0,2026-03-08,23:45:00,2026-03-09 00:20:22,38.950000000000045,Zone 4,66.6,Zone 5,39.2,Zone 4,61.9,Zone 5,59.6,Zone 5,65.3,Zone 5,63.8,Zone 5,67.6,Zone 5,66.6,Zone 5,69.4,Zone 5
Assam,Nalbari,Tihu,24.4,2026-03-09,00:00:00,74.0,2026-03-08,00:00:00,2026-03-09 00:20:22,25.350000000000023,Zone 4,44.6,Zone 5,25.5,Zone 4,33.5,Zone 4,31.1,Zone 4,38.6,Zone 4,36.3,Zone 4,51.9,Zone 5,44.6,Zone 5,60.3,Zone 5
Assam,Tamulpur,Mushalpur,22.2,2026-03-09,00:00:00,99.0,2026-03-08,00:00:00,2026-03-09 00:20:22,23.850000000000023,Zone 3,48.4,Zone 5,23.7,Zone 3,31.6,Zone 4,29.2,Zone 4,38.5,Zone 5,34.9,Zone 4,54.8,Zone 5,48.4,Zone 5,61.0,Zone 5
Assam,Tinsukia,Tinsukia,20.2,2026-03-09,00:00:00,83.0,2026-03-08,00:00:00,2026-03-09 00:20:22,20.950000000000045,Zone 3,35.1,Zone 4,20.7,Zone 3,27.7,Zone 4,25.7,Zone 4,32.5,Zone 4,30.5,Zone 4,37.0,Zone 4,35.1,Zone 4,47.7,Zone 5
Assam,Udalguri,Udalguri,21.4,2026-03-09,00:00:00,60.0,2026-03-08,00:00:00,2026-03-09 00:20:22,21.25,Zone 3,35.1,Zone 4,21.4,Zone 3,28.5,Zone 4,26.5,Zone 4,32.8,Zone 4,30.9,Zone 4,36.9,Zone 4,35.1,Zone 4,41.4,Zone 5
Assam,Udalguri,Udi Kvk,22.5,2026-03-09,00:15:00,,,,2026-03-09 00:20:22,,,,,,,,,,,,,,,,,,,,
Bihar,Aurangabad,Aurangabad Kvk,21.9,2026-03-09,00:15:00,88.0,2026-03-08,00:15:00,2026-03-09 00:20:22,23.150000000000034,Zone 3,40.5,Zone 5,23.3,Zone 3,30.8,Zone 4,28.5,Zone 4,36.0,Zone 4,33.8,Zone 4,47.3,Zone 5,40.5,Zone 5,59.4,Zone 5
Bihar,Buxar,Buxar,24.1,2026-03-09,00:00:00,81.0,2026-03-08,00:00:00,2026-03-09 00:20:22,25.25,Zone 3,47.3,Zone 5,25.1,Zone 3,33.4,Zone 4,30.9,Zone 4,38.7,Zone 4,36.4,Zone 4,54.3,Zone 5,47.3,Zone 5,60.9,Zone 5
Bihar,Jehanabad,Jehanabad,23.5,2026-03-08,23:45:00,84.0,2026-03-08,23:45:00,2026-03-09 00:20:22,24.75,Zone 3,46.6,Zone 5,24.7,Zone 3,32.9,Zone 4,30.4,Zone 4,38.2,Zone 4,35.9,Zone 4,53.6,Zone 5,46.6,Zone 5,60.7,Zone 5
Bihar,Kaimur,Bhabua,25.4,2026-03-09,00:00:00,89.0,2026-03-08,00:00:00,2026-03-09 00:20:22,27.75,Zone 4,60.1,Zone 5,28.0,Zone 4,37.4,Zone 4,34.6,Zone 4,55.4,Zone 5,47.3,Zone 5,61.5,Zone 5,60.1,Zone 5,64.1,Zone 5
Bihar,Madhubani,Chanpur Basaitha,22.2,2026-03-09,00:00:00,94.0,2026-03-08,00:00:00,2026-03-09 00:20:22,23.75,Zone 3,44.7,Zone 5,23.5,Zone 3,31.2,Zone 4,28.8,Zone 4,36.6,Zone 4,34.4,Zone 4,51.5,Zone 5,44.7,Zone 5,60.3,Zone 5
Bihar,Nalanda,Harnaut,23.3,2026-03-08,23:45:00,100.0,2026-03-08,23:45:00,2026-03-09 00:20:22,25.05000000000001,Zone 3,58.9,Zone 5,25.3,Zone 3,34.6,Zone 4,31.9,Zone 4,50.0,Zone 5,42.0,Zone 5,60.4,Zone 5,58.9,Zone 5,63.2,Zone 5
Bihar,Patna,Baldwin Academy,25.1,2026-03-09,00:00:00,87.0,2026-03-08,00:00:00,2026-03-09 00:20:22,27.150000000000034,Zone 4,58.5,Zone 5,27.0,Zone 4,36.0,Zone 4,33.3,Zone 4,49.9,Zone 5,41.5,Zone 5,60.4,Zone 5,58.5,Zone 5,63.1,Zone 5
Bihar,Patna,Danapur Dps,27.2,2026-03-09,00:00:00,84.0,2026-03-08,00:00:00,2026-03-09 00:20:22,30.75,Zone 4,61.5,Zone 5,30.3,Zone 4,43.1,Zone 5,37.1,Zone 4,59.6,Zone 5,53.9,Zone 5,62.8,Zone 5,61.5,Zone 5,65.3,Zone 5
Bihar,Patna,Iit Patna,23.6,2026-03-08,23:45:00,100.0,2026-03-08,23:45:00,2026-03-09 00:20:22,25.450000000000045,Zone 4,58.9,Zone 5,25.3,Zone 3,34.6,Zone 4,31.9,Zone 4,50.0,Zone 5,42.0,Zone 5,60.4,Zone 5,58.9,Zone 5,63.2,Zone 5
Bihar,Rohtas,Dehri,31.6,2026-03-09,00:00:00,88.0,2026-03-08,00:00:00,2026-03-09 00:20:22,60.05000000000001,Zone 5,70.0,Zone 5,59.7,Zone 5,66.4,Zone 5,64.8,Zone 5,69.0,Zone 5,67.9,Zone 5,70.7,Zone 5,70.0,Zone 5,72.8,Zone 6
Bihar,Sheikpura,Sheikpura Kvk,22.0,2026-03-09,00:15:00,,,,2026-03-09 00:20:22,,,,,,,,,,,,,,,,,,,,
Bihar,Vaishali,Vaishali,23.0,2026-03-08,23:45:00,100.0,2026-03-08,23:45:00,2026-03-09 00:20:22,24.75,Zone 3,55.8,Zone 5,24.8,Zone 3,33.6,Zone 4,31.0,Zone 4,46.2,Zone 5,38.5,Zone 5,59.6,Zone 5,55.8,Zone 5,62.5,Zone 5
Chandigarh,Chandigarh,Chandigarh,22.2,2026-03-09,00:00:00,,,,2026-03-09 00:20:22,,,,,,,,,,,,,,,,,,,,
Chhattisgarh,Balrampur,Balrampur,20.8,2026-03-09,00:00:00,,,,2026-03-09 00:20:22,,,,,,,,,,,,,,,,,,,,
Chhattisgarh,Bilaspur,Bilaspur,26.0,2026-03-09,00:00:00,53.0,2026-03-08,00:00:00,2026-03-09 00:20:22,26.25,Zone 4,40.2,Zone 4,26.3,Zone 4,33.6,Zone 4,31.3,Zone 4,38.1,Zone 4,35.9,Zone 4,42.6,Zone 5,40.2,Zone 4,56.6,Zone 5
Chhattisgarh,Janjgir Champa,Janjgir,,,,78.0,2026-03-08,00:00:00,2026-03-09 00:20:22,,,,,,,,,,,,,,,,,,,,
Chhattisgarh,Janjgir Champa,Nawagarh,26.4,2026-03-09,00:00:00,67.0,2026-03-08,00:00:00,2026-03-09 00:20:22,27.75,Zone 4,50.4,Zone 5,27.8,Zone 4,36.0,Zone 4,33.5,Zone 4,41.5,Zone 5,38.7,Zone 4,57.4,Zone 5,50.4,Zone 5,61.6,Zone 5
Chhattisgarh,Janjgir Champa,Sakti,24.0,2026-03-09,00:00:00,71.0,2026-03-08,00:00:00,2026-03-09 00:20:22,24.75,Zone 3,39.9,Zone 4,24.8,Zone 3,32.4,Zone 4,30.1,Zone 4,37.3,Zone 4,35.1,Zone 4,46.6,Zone 5,39.9,Zone 4,59.2,Zone 5
Chhattisgarh,Jashpur,Bagicha,22.0,2026-03-09,00:00:00,68.0,2026-03-08,00:00:00,2026-03-09 00:20:22,22.350000000000023,Zone 3,36.5,Zone 4,22.4,Zone 3,29.5,Zone 4,27.4,Zone 4,34.1,Zone 4,32.1,Zone 4,38.4,Zone 4,36.5,Zone 4,48.6,Zone 5
Chhattisgarh,Jashpur,Jashpur,22.8,2026-03-09,00:00:00,63.0,2026-03-08,00:00:00,2026-03-09 00:20:22,23.05000000000001,Zone 3,37.3,Zone 4,23.3,Zone 3,30.5,Zone 4,28.3,Zone 4,35.0,Zone 4,32.9,Zone 4,39.3,Zone 4,37.3,Zone 4,50.1,Zone 5
Chhattisgarh,Jashpur,Pathalgaon,24.1,2026-03-08,23:45:00,57.0,2026-03-08,23:45:00,2026-03-09 00:20:22,24.25,Zone 3,38.0,Zone 4,24.2,Zone 3,31.3,Zone 4,29.1,Zone 4,35.7,Zone 4,33.7,Zone 4,40.0,Zone 4,38.0,Zone 4,50.6,Zone 5
Chhattisgarh,Korba,Lakhanpur Kvk,26.5,2026-03-09,00:15:00,45.0,2026-03-08,00:15:00,2026-03-09 00:20:22,26.450000000000045,Zone 4,39.7,Zone 4,26.4,Zone 4,33.4,Zone 4,31.2,Zone 4,37.7,Zone 4,35.6,Zone 4,41.7,Zone 4,39.7,Zone 4,52.6,Zone 5
Chhattisgarh,Koriya,Koriya Kvk,24.9,2026-03-09,00:15:00,,,,2026-03-09 00:20:22,,,,,,,,,,,,,,,,,,,,
Chhattisgarh,Mahasamund,Pithora,23.1,2026-03-08,23:45:00,65.0,2026-03-08,23:45:00,2026-03-09 00:20:22,23.55000000000001,Zone 3,37.6,Zone 4,23.4,Zone 3,30.6,Zone 4,28.4,Zone 4,35.2,Zone 4,33.1,Zone 4,39.5,Zone 4,37.6,Zone 4,51.5,Zone 5
Chhattisgarh,Raigarh,Dharamjaigarh,23.7,2026-03-09,00:00:00,73.0,2026-03-08,00:00:00,2026-03-09 00:20:22,24.55000000000001,Zone 3,39.3,Zone 4,24.3,Zone 3,31.9,Zone 4,29.6,Zone 4,36.8,Zone 4,34.6,Zone 4,45.3,Zone 5,39.3,Zone 4,58.8,Zone 5
Chhattisgarh,Raigarh,Raigarh,25.0,2026-03-09,00:00:00,75.0,2026-03-08,00:00:00,2026-03-09 00:20:22,26.25,Zone 4,48.5,Zone 5,26.2,Zone 4,34.5,Zone 4,32.0,Zone 4,39.6,Zone 4,37.3,Zone 4,55.5,Zone 5,48.5,Zone 5,61.1,Zone 5
Chhattisgarh,Rajnandgaon,Rajnandgaon,25.5,2026-03-09,00:00:00,50.0,2026-03-08,00:00:00,2026-03-09 00:20:22,25.55000000000001,Zone 4,39.1,Zone 4,25.5,Zone 4,32.6,Zone 4,30.4,Zone 4,37.0,Zone 4,34.9,Zone 4,41.1,Zone 4,39.1,Zone 4,52.2,Zone 5
Daman And Diu,Daman,Daman Aws,26.7,2026-03-09,00:00:00,51.0,2026-03-08,00:00:00,2026-03-09 00:20:22,27.05000000000001,Zone 4,40.6,Zone 4,26.8,Zone 4,34.1,Zone 4,31.7,Zone 4,38.5,Zone 4,36.3,Zone 4,43.4,Zone 5,40.6,Zone 4,57.2,Zone 5
Delhi,Central Delhi,Pragati Maidan,24.2,2026-03-09,00:00:00,,,,2026-03-09 00:20:22,,,,,,,,,,,,,,,,,,,,
Delhi,East Delhi,Salwan Public School,21.3,2026-03-09,00:00:00,99.0,2026-03-08,00:00:00,2026-03-09 00:20:22,22.950000000000045,Zone 3,45.0,Zone 5,23.1,Zone 3,30.8,Zone 4,28.4,Zone 4,36.3,Zone 4,34.0,Zone 4,51.7,Zone 5,45.0,Zone 5,60.3,Zone 5
Delhi,New Delhi,Sports Complex,24.6,2026-03-09,00:00:00,91.0,2026-03-08,00:00:00,2026-03-09 00:20:22,26.55000000000001,Zone 4,58.5,Zone 5,26.4,Zone 4,35.5,Zone 4,32.9,Zone 4,49.8,Zone 5,41.5,Zone 5,60.4,Zone 5,58.5,Zone 5,63.1,Zone 5
Delhi,North West Delhi,Pitampura,23.9,2026-03-09,00:00:00,92.0,2026-03-08,00:00:00,2026-03-09 00:20:22,25.55000000000001,Zone 4,56.3,Zone 5,25.7,Zone 4,34.7,Zone 4,32.0,Zone 4,46.9,Zone 5,38.9,Zone 5,59.8,Zone 5,56.3,Zone 5,62.6,Zone 5
Delhi,South Delhi,Lodi Road,21.6,2026-03-09,00:00:00,,,,2026-03-09 00:20:22,,,,,,,,,,,,,,,,,,,,
Delhi,South West Delhi,Ayanagar,19.2,2026-03-09,00:00:00,83.0,2026-03-08,00:00:00,2026-03-09 00:20:22,19.75,Zone 3,33.8,Zone 4,19.5,Zone 3,26.5,Zone 4,24.8,Zone 3,31.1,Zone 4,29.3,Zone 4,35.5,Zone 4,33.8,Zone 4,42.8,Zone 5
Delhi,South West Delhi,Jafarpur,20.5,2026-03-09,00:00:00,,,,2026-03-09 00:20:22,,,,,,,,,,,,,,,,,,,,
Delhi,South West Delhi,Najafgarh,22.5,2026-03-09,00:00:00,100.0,2026-03-08,00:00:00,2026-03-09 00:20:22,24.25,Zone 3,52.5,Zone 5,24.3,Zone 3,32.6,Zone 4,30.1,Zone 4,42.5,Zone 5,36.0,Zone 4,58.4,Zone 5,52.5,Zone 5,61.8,Zone 5
Goa,North Goa,Goa State Biodiversity Board,25.3,2026-03-09,00:00:00,99.0,2026-03-08,00:00:00,2026-03-09 00:20:22,28.450000000000045,Zone 4,62.2,Zone 5,28.9,Zone 4,46.2,Zone 5,36.7,Zone 5,60.3,Zone 5,57.1,Zone 5,63.4,Zone 5,62.2,Zone 5,65.8,Zone 5
Goa,North Goa,Mapusa,25.4,2026-03-09,00:00:00,,,,2026-03-09 00:20:22,,,,,,,,,,,,,,,,,,,,
Gujarat,Ahmedabad,Ahmedabad,29.2,2026-03-09,00:00:00,40.0,2026-03-08,00:00:00,2026-03-09 00:20:22,29.25,Zone 4,42.2,Zone 4,29.0,Zone 4,36.1,Zone 4,33.7,Zone 4,40.3,Zone 4,38.1,Zone 4,45.1,Zone 5,42.2,Zone 4,58.5,Zone 5
Gujarat,Amreli,Jafrabad,30.0,2026-03-09,00:00:00,66.0,2026-03-08,00:00:00,2026-03-09 00:20:22,33.75,Zone 4,61.8,Zone 5,33.7,Zone 4,45.8,Zone 5,40.0,Zone 4,60.1,Zone 5,55.6,Zone 5,63.3,Zone 5,61.8,Zone 5,65.6,Zone 5
Gujarat,Amreli,Rajula,27.5,2026-03-09,00:00:00,53.0,2026-03-08,00:00:00,2026-03-09 00:20:22,28.150000000000034,Zone 4,42.5,Zone 4,28.2,Zone 4,35.7,Zone 4,33.3,Zone 4,40.3,Zone 4,38.0,Zone 4,50.4,Zone 5,42.5,Zone 4,60.0,Zone 5
Gujarat,Banaskantha,Dantewada Amfu,34.1,2026-03-08,23:45:00,52.0,2026-03-08,23:45:00,2026-03-09 00:20:22,39.150000000000034,Zone 4,63.7,Zone 5,39.0,Zone 4,56.7,Zone 5,45.0,Zone 4,62.3,Zone 5,60.3,Zone 5,65.1,Zone 5,63.7,Zone 5,67.2,Zone 5
Gujarat,Dahod,Dahod Kvk,21.5,2026-03-09,00:15:00,44.0,2026-03-08,00:15:00,2026-03-09 00:20:22,20.55000000000001,Zone 3,33.8,Zone 4,20.5,Zone 3,27.8,Zone 4,25.8,Zone 4,31.8,Zone 4,30.0,Zone 4,35.6,Zone 4,33.8,Zone 4,39.2,Zone 4
Gujarat,Dang,Dang Kvk,19.9,2026-03-09,00:15:00,50.0,2026-03-08,00:15:00,2026-03-09 00:20:22,18.850000000000023,Zone 3,32.7,Zone 4,19.0,Zone 3,26.5,Zone 4,24.7,Zone 3,30.6,Zone 4,28.8,Zone 4,34.4,Zone 4,32.7,Zone 4,38.0,Zone 4
Gujarat,Gandhinagar,Gandhinagar,26.8,2026-03-09,00:00:00,47.0,2026-03-08,00:00:00,2026-03-09 00:20:22,26.850000000000023,Zone 4,40.7,Zone 4,27.1,Zone 4,34.3,Zone 4,32.0,Zone 4,38.6,Zone 4,36.4,Zone 4,42.8,Zone 4,40.7,Zone 4,56.3,Zone 5
Gujarat,Kachchh,Bachau Amfu,27.1,2026-03-09,00:00:00,40.0,2026-03-08,00:00:00,2026-03-09 00:20:22,26.850000000000023,Zone 4,39.6,Zone 4,26.7,Zone 4,33.6,Zone 4,31.3,Zone 4,37.7,Zone 4,35.6,Zone 4,41.6,Zone 4,39.6,Zone 4,50.5,Zone 5
Gujarat,Kachchh,Bhuj,,,,48.0,2026-03-08,23:45:00,2026-03-09 00:20:22,,,,,,,,,,,,,,,,,,,,
Gujarat,Kachchh,Kandla,27.5,2026-03-09,00:00:00,58.0,2026-03-08,00:00:00,2026-03-09 00:20:22,28.55000000000001,Zone 4,47.4,Zone 5,28.6,Zone 4,36.4,Zone 4,33.9,Zone 4,41.2,Zone 4,38.9,Zone 4,55.1,Zone 5,47.4,Zone 5,61.0,Zone 5
Gujarat,Panchmahal,Godra,,,,68.0,2026-03-08,00:00:00,2026-03-09 00:20:22,,,,,,,,,,,,,,,,,,,,
Gujarat,Patan,Patan,23.7,2026-03-08,23:45:00,47.0,2026-03-08,23:45:00,2026-03-09 00:20:22,23.350000000000023,Zone 3,36.3,Zone 4,23.1,Zone 3,30.1,Zone 4,28.0,Zone 4,34.2,Zone 4,32.2,Zone 4,38.1,Zone 4,36.3,Zone 4,41.9,Zone 4
Gujarat,Surat,Surat Kvk,28.7,2026-03-09,00:15:00,,,,2026-03-09 00:20:22,,,,,,,,,,,,,,,,,,,,
Gujarat,Surendranagar,Surendranagar,27.8,2026-03-09,00:00:00,30.0,2026-03-08,00:00:00,2026-03-09 00:20:22,26.950000000000045,Zone 4,39.3,Zone 4,27.2,Zone 4,33.7,Zone 4,31.5,Zone 4,37.6,Zone 4,35.5,Zone 4,41.2,Zone 4,39.3,Zone 4,45.7,Zone 5
Haryana,Bhiwani,Bhiwani,23.0,2026-03-09,00:00:00,,,,2026-03-09 00:20:22,,,,,,,,,,,,,,,,,,,,
Haryana,Gurgaon,Gurgaon,17.3,2026-03-09,00:00:00,99.0,2026-03-08,00:00:00,2026-03-09 00:20:22,18.150000000000034,Zone 3,32.8,Zone 4,18.4,Zone 3,25.2,Zone 3,24.0,Zone 3,30.0,Zone 4,28.2,Zone 4,34.6,Zone 4,32.8,Zone 4,43.3,Zone 5
Haryana,Gurgaon,Gurgaon Kvk,18.9,2026-03-09,00:15:00,57.0,2026-03-08,00:15:00,2026-03-09 00:20:22,18.05000000000001,Zone 3,32.1,Zone 4,18.2,Zone 3,25.7,Zone 4,24.1,Zone 3,29.8,Zone 4,28.1,Zone 4,33.7,Zone 4,32.1,Zone 4,37.5,Zone 4
Haryana,Jind,Pandu Pindara,21.5,2026-03-09,00:00:00,,,,2026-03-09 00:20:22,,,,,,,,,,,,,,,,,,,,
Haryana,Karnal,Uchani,22.7,2026-03-09,00:00:00,89.0,2026-03-08,00:00:00,2026-03-09 00:20:22,24.05000000000001,Zone 3,44.2,Zone 5,23.8,Zone 3,31.6,Zone 4,29.3,Zone 4,37.0,Zone 4,34.7,Zone 4,51.1,Zone 5,44.2,Zone 5,60.2,Zone 5
Haryana,Mahendragarh,Mahendragarh Aws,19.1,2026-03-09,00:00:00,99.0,2026-03-08,00:00:00,2026-03-09 00:20:22,20.350000000000023,Zone 3,35.0,Zone 4,20.2,Zone 3,27.1,Zone 4,25.1,Zone 3,32.1,Zone 4,30.1,Zone 4,37.0,Zone 5,35.0,Zone 4,51.3,Zone 5
Haryana,Mewat,Mandkola,21.2,2026-03-09,00:00:00,18.0,2026-03-08,00:00:00,2026-03-09 00:20:22,18.55000000000001,Zone 3,31.7,Zone 4,18.3,Zone 3,26.4,Zone 4,24.6,Zone 3,30.0,Zone 4,28.3,Zone 4,33.3,Zone 4,31.7,Zone 4,36.5,Zone 4
Haryana,Mewat,Nuh,24.0,2026-03-09,00:00:00,,,,2026-03-09 00:20:22,,,,,,,,,,,,,,,,,,,,
Haryana,Panipat,Ujha,24.3,2026-03-09,00:00:00,99.0,2026-03-08,00:00:00,2026-03-09 00:20:22,26.55000000000001,Zone 4,60.5,Zone 5,27.0,Zone 4,37.7,Zone 5,33.9,Zone 4,56.7,Zone 5,49.1,Zone 5,61.8,Zone 5,60.5,Zone 5,64.4,Zone 5
Haryana,Rohtak,Rohtak,21.9,2026-03-09,00:00:00,99.0,2026-03-08,00:00:00,2026-03-09 00:20:22,23.55000000000001,Zone 3,48.4,Zone 5,23.7,Zone 3,31.6,Zone 4,29.2,Zone 4,38.5,Zone 5,34.9,Zone 4,54.8,Zone 5,48.4,Zone 5,61.0,Zone 5
Haryana,Sirsa,Sirsa,19.6,2026-03-09,00:00:00,100.0,2026-03-08,00:00:00,2026-03-09 00:20:22,21.05000000000001,Zone 3,35.9,Zone 4,20.9,Zone 3,27.8,Zone 4,25.7,Zone 4,32.9,Zone 4,30.9,Zone 4,40.1,Zone 5,35.9,Zone 4,54.5,Zone 5
Himachal Pradesh,Bilaspur,Bilaspur Kvk,14.8,2026-03-09,00:15:00,100.0,2026-03-08,00:15:00,2026-03-09 00:20:22,15.050000000000011,Zone 3,29.8,Zone 4,15.3,Zone 3,23.4,Zone 3,22.0,Zone 3,27.0,Zone 4,25.4,Zone 4,31.3,Zone 4,29.8,Zone 4,35.4,Zone 4
Himachal Pradesh,Kullu,Seobagh Amfu,,,,53.0,2026-03-08,00:00:00,2026-03-09 00:20:22,,,,,,,,,,,,,,,,,,,,
Himachal Pradesh,Lahaul And Spiti,Keylong,4.8,2026-03-08,23:30:00,99.0,2026-03-08,23:30:00,2026-03-09 00:20:22,4.75,Zone 2,22.5,Zone 3,5.0,Zone 2,15.0,Zone 3,13.3,Zone 2,20.2,Zone 3,19.0,Zone 3,23.3,Zone 3,22.5,Zone 3,25.4,Zone 4
Himachal Pradesh,Mandi,Sundernagar Kvk,16.1,2026-03-09,00:15:00,89.0,2026-03-08,00:15:00,2026-03-09 00:20:22,16.150000000000034,Zone 3,30.4,Zone 4,16.1,Zone 3,24.0,Zone 3,22.5,Zone 3,27.8,Zone 4,26.2,Zone 4,32.0,Zone 4,30.4,Zone 4,36.1,Zone 4
Himachal Pradesh,Solan,Kasauli,19.4,2026-03-08,23:30:00,16.0,2026-03-08,23:30:00,2026-03-09 00:20:22,16.150000000000034,Zone 3,30.5,Zone 4,16.3,Zone 3,25.2,Zone 3,23.3,Zone 3,28.7,Zone 4,27.1,Zone 4,32.0,Zone 4,30.5,Zone 4,35.2,Zone 4
Jammu And Kashmir,Anantnag,Anantnag,9.3,2026-03-09,00:00:00,74.0,2026-03-08,00:00:00,2026-03-09 00:20:22,8.550000000000011,Zone 2,24.5,Zone 3,8.7,Zone 2,18.5,Zone 3,16.5,Zone 3,22.7,Zone 3,21.6,Zone 3,25.2,Zone 3,24.5,Zone 3,28.7,Zone 4
Jammu And Kashmir,Anantnag,Khudwani,9.7,2026-03-09,00:00:00,83.0,2026-03-08,00:00:00,2026-03-09 00:20:22,9.150000000000034,Zone 2,24.6,Zone 3,9.0,Zone 2,18.7,Zone 3,16.8,Zone 3,22.8,Zone 3,21.7,Zone 3,25.4,Zone 4,24.6,Zone 3,28.9,Zone 4
Jammu And Kashmir,Anantnag,Larnoo,5.8,2026-03-09,00:00:00,99.0,2026-03-08,00:00:00,2026-03-09 00:20:22,5.75,Zone 2,23.0,Zone 3,6.0,Zone 2,15.9,Zone 3,14.0,Zone 2,20.8,Zone 3,19.7,Zone 3,23.8,Zone 3,23.0,Zone 3,26.2,Zone 4
Jammu And Kashmir,Anantnag,Pahalgam,6.6,2026-03-08,23:45:00,75.0,2026-03-08,23:45:00,2026-03-09 00:20:22,5.9500000000000455,Zone 2,23.1,Zone 3,5.8,Zone 2,16.0,Zone 3,13.9,Zone 2,20.9,Zone 3,19.6,Zone 3,23.8,Zone 3,23.1,Zone 3,26.3,Zone 4
Jammu And Kashmir,Badgam,Harran,10.1,2026-03-09,00:00:00,79.0,2026-03-08,00:00:00,2026-03-09 00:20:22,9.450000000000045,Zone 2,24.8,Zone 3,9.4,Zone 2,19.0,Zone 3,17.1,Zone 3,23.1,Zone 3,22.0,Zone 3,25.7,Zone 4,24.8,Zone 3,29.3,Zone 4
Jammu And Kashmir,Bandipora,Bandipora,12.6,2026-03-09,00:00:00,98.0,2026-03-08,00:00:00,2026-03-09 00:20:22,12.550000000000011,Zone 2,27.1,Zone 4,12.4,Zone 2,21.5,Zone 3,19.8,Zone 3,24.8,Zone 3,23.8,Zone 3,28.5,Zone 4,27.1,Zone 4,32.3,Zone 4
Jammu And Kashmir,Baramulla,Baramulla Amfu,22.2,2026-03-09,00:00:00,79.0,2026-03-08,00:00:00,2026-03-09 00:20:22,23.150000000000034,Zone 3,37.7,Zone 4,22.9,Zone 3,30.2,Zone 4,27.9,Zone 4,35.0,Zone 4,33.0,Zone 4,41.2,Zone 5,37.7,Zone 4,55.5,Zone 5
Jammu And Kashmir,Baramulla,Baramulla Kvk,11.8,2026-03-09,00:15:00,53.0,2026-03-08,00:15:00,2026-03-09 00:20:22,10.25,Zone 2,25.7,Zone 4,10.4,Zone 2,20.2,Zone 3,18.2,Zone 3,24.0,Zone 3,22.8,Zone 3,27.0,Zone 4,25.7,Zone 4,30.4,Zone 4
Jammu And Kashmir,Baramulla,Gulmarg,5.7,2026-03-09,00:00:00,38.0,2026-03-08,00:00:00,2026-03-09 00:20:22,4.050000000000011,Zone 2,22.2,Zone 3,3.9,Zone 2,14.4,Zone 3,12.6,Zone 2,19.8,Zone 3,18.4,Zone 3,23.0,Zone 3,22.2,Zone 3,25.2,Zone 3
Jammu And Kashmir,Ganderbal,Ganderbal,13.2,2026-03-09,00:00:00,39.0,2026-03-08,00:00:00,2026-03-09 00:20:22,11.050000000000011,Zone 2,26.2,Zone 4,10.8,Zone 2,20.7,Zone 3,18.6,Zone 3,24.4,Zone 3,23.2,Zone 3,27.5,Zone 4,26.2,Zone 4,30.8,Zone 4
Jammu And Kashmir,Ganderbal,Sonemarg,4.8,2026-03-09,00:00:00,85.0,2026-03-08,00:00:00,2026-03-09 00:20:22,4.4500000000000455,Zone 2,22.4,Zone 3,4.6,Zone 2,14.8,Zone 3,13.0,Zone 2,20.0,Zone 3,18.8,Zone 3,23.2,Zone 3,22.4,Zone 3,25.2,Zone 3
Jammu And Kashmir,Jammu,Chatha Amfu,20.8,2026-03-09,00:00:00,90.0,2026-03-08,00:00:00,2026-03-09 00:20:22,21.950000000000045,Zone 3,37.3,Zone 4,22.2,Zone 3,29.4,Zone 4,27.2,Zone 4,34.5,Zone 4,32.4,Zone 4,42.7,Zone 5,37.3,Zone 4,56.8,Zone 5
Jammu And Kashmir,Jammu,Jammu,21.3,2026-03-09,00:00:00,85.0,2026-03-08,00:00:00,2026-03-09 00:20:22,22.350000000000023,Zone 3,37.6,Zone 4,22.6,Zone 3,29.8,Zone 4,27.6,Zone 4,34.8,Zone 4,32.7,Zone 4,42.3,Zone 5,37.6,Zone 4,56.5,Zone 5
Jammu And Kashmir,Kathua,Kathua Kvk,19.3,2026-03-09,00:15:00,100.0,2026-03-08,00:15:00,2026-03-09 00:20:22,20.650000000000034,Zone 3,35.9,Zone 4,20.9,Zone 3,27.8,Zone 4,25.7,Zone 4,32.9,Zone 4,30.9,Zone 4,40.1,Zone 5,35.9,Zone 4,54.5,Zone 5
Jammu And Kashmir,Kishtwar,Gulabgarh,5.0,2026-03-09,00:00:00,54.0,2026-03-08,00:00:00,2026-03-09 00:20:22,3.8500000000000227,Zone 2,22.1,Zone 3,3.9,Zone 2,14.3,Zone 3,12.5,Zone 2,19.6,Zone 3,18.4,Zone 3,22.9,Zone 3,22.1,Zone 3,25.1,Zone 3
Jammu And Kashmir,Kishtwar,Kishtwar,15.8,2026-03-09,00:00:00,48.0,2026-03-08,00:00:00,2026-03-09 00:20:22,13.75,Zone 2,28.9,Zone 4,14.0,Zone 2,23.2,Zone 3,21.4,Zone 3,26.7,Zone 4,25.2,Zone 3,30.3,Zone 4,28.9,Zone 4,33.8,Zone 4
Jammu And Kashmir,Kulgam,Kulgam Amfu,13.9,2026-03-09,00:15:00,62.0,2026-03-08,00:15:00,2026-03-09 00:20:22,12.550000000000011,Zone 2,27.5,Zone 4,12.6,Zone 2,22.0,Zone 3,20.1,Zone 3,25.2,Zone 3,24.2,Zone 3,28.9,Zone 4,27.5,Zone 4,32.5,Zone 4
Jammu And Kashmir,Kupwara,Kupw Kvk,10.1,2026-03-09,00:15:00,68.0,2026-03-08,00:15:00,2026-03-09 00:20:22,9.050000000000011,Zone 2,24.7,Zone 3,9.0,Zone 2,18.8,Zone 3,16.8,Zone 3,23.0,Zone 3,21.8,Zone 3,25.6,Zone 4,24.7,Zone 3,29.0,Zone 4
Jammu And Kashmir,Poonch,Rajpura Mandi,14.4,2026-03-09,00:00:00,37.0,2026-03-08,00:00:00,2026-03-09 00:20:22,12.050000000000011,Zone 2,27.3,Zone 4,12.1,Zone 2,21.8,Zone 3,19.8,Zone 3,25.2,Zone 3,24.1,Zone 3,28.7,Zone 4,27.3,Zone 4,32.0,Zone 4
Jammu And Kashmir,Pulwama,Tral,12.5,2026-03-09,00:00:00,62.0,2026-03-08,00:00:00,2026-03-09 00:20:22,11.150000000000034,Zone 2,26.3,Zone 4,11.2,Zone 2,20.8,Zone 3,18.8,Zone 3,24.4,Zone 3,23.3,Zone 3,27.6,Zone 4,26.3,Zone 4,31.1,Zone 4
Jammu And Kashmir,Rajouri,Rajouri Arg,16.7,2026-03-09,00:00:00,47.0,2026-03-08,00:00:00,2026-03-09 00:20:22,14.75,Zone 3,29.3,Zone 4,14.5,Zone 3,23.6,Zone 3,21.8,Zone 3,27.1,Zone 4,25.5,Zone 4,30.7,Zone 4,29.3,Zone 4,34.2,Zone 4
Jammu And Kashmir,Ramban,Govindpura,18.8,2026-03-09,00:00:00,56.0,2026-03-08,00:00:00,2026-03-09 00:20:22,17.850000000000023,Zone 3,32.0,Zone 4,18.1,Zone 3,25.7,Zone 4,24.1,Zone 3,29.8,Zone 4,28.1,Zone 4,33.7,Zone 4,32.0,Zone 4,37.4,Zone 4
Jammu And Kashmir,Reasi,Reasi Kvk,17.9,2026-03-09,00:15:00,94.0,2026-03-08,00:15:00,2026-03-09 00:20:22,18.650000000000034,Zone 3,33.2,Zone 4,18.8,Zone 3,25.7,Zone 4,24.2,Zone 3,30.4,Zone 4,28.6,Zone 4,34.9,Zone 4,33.2,Zone 4,43.4,Zone 5
Jammu And Kashmir,Samba,Samba,16.1,2026-03-09,00:00:00,93.0,2026-03-08,00:00:00,2026-03-09 00:20:22,16.350000000000023,Zone 3,30.6,Zone 4,16.2,Zone 3,24.1,Zone 3,22.6,Zone 3,27.9,Zone 4,26.3,Zone 4,32.2,Zone 4,30.6,Zone 4,36.3,Zone 4
Jammu And Kashmir,Shopian,Shopian,8.5,2026-03-09,00:00:00,62.0,2026-03-08,00:00:00,2026-03-09 00:20:22,7.350000000000023,Zone 2,23.9,Zone 3,7.4,Zone 2,17.4,Zone 3,15.4,Zone 3,22.0,Zone 3,20.8,Zone 3,24.7,Zone 3,23.9,Zone 3,27.7,Zone 4
Jammu And Kashmir,Srinagar,Srinagar Amfu,13.8,2026-03-09,00:00:00,54.0,2026-03-08,00:00:00,2026-03-09 00:20:22,12.150000000000034,Zone 2,27.3,Zone 4,12.3,Zone 2,21.8,Zone 3,19.9,Zone 3,25.1,Zone 3,24.1,Zone 3,28.7,Zone 4,27.3,Zone 4,32.2,Zone 4
Jammu And Kashmir,Srinagar,Srinagar Tdma Test,28.6,2026-03-09,00:00:00,58.0,2026-03-08,00:00:00,2026-03-09 00:20:22,30.150000000000034,Zone 4,53.2,Zone 5,30.0,Zone 4,38.1,Zone 4,35.5,Zone 4,44.8,Zone 5,40.6,Zone 4,59.3,Zone 5,53.2,Zone 5,62.2,Zone 5
Jammu And Kashmir,Udhampur,Kawa,18.0,2026-03-08,23:30:00,100.0,2026-03-08,23:30:00,2026-03-09 00:20:22,19.05000000000001,Zone 3,33.6,Zone 4,19.1,Zone 3,25.8,Zone 4,24.4,Zone 3,30.7,Zone 4,28.9,Zone 4,35.4,Zone 4,33.6,Zone 4,46.4,Zone 5
Jharkhand,Gumla,Gumla-Bishnupur Kvk,18.0,2026-03-09,00:15:00,93.0,2026-03-08,00:15:00,2026-03-09 00:20:22,18.75,Zone 3,33.1,Zone 4,18.7,Zone 3,25.6,Zone 4,24.2,Zone 3,30.4,Zone 4,28.5,Zone 4,34.9,Zone 4,33.1,Zone 4,42.9,Zone 5
Jharkhand,Khunti,Diyakel-Khunti Kvk,22.4,2026-03-09,00:15:00,,,,2026-03-09 00:20:22,,,,,,,,,,,,,,,,,,,,
Jharkhand,Lohardaga,Lohardaga Kvk,22.9,2026-03-09,00:15:00,,,,2026-03-09 00:20:22,,,,,,,,,,,,,,,,,,,,
Jharkhand,Pakur,Pakur Kvk,22.1,2026-03-09,00:15:00,,,,2026-03-09 00:20:22,,,,,,,,,,,,,,,,,,,,
Jharkhand,Ramgarh,Ramgarh Kvk,,,,100.0,2026-03-08,00:15:00,2026-03-09 00:20:22,,,,,,,,,,,,,,,,,,,,
Jharkhand,Simdega,Bano-Simdega Kvk,22.2,2026-03-09,00:15:00,76.0,2026-03-08,00:15:00,2026-03-09 00:20:22,22.950000000000045,Zone 3,37.4,Zone 4,22.7,Zone 3,30.0,Zone 4,27.8,Zone 4,34.8,Zone 4,32.7,Zone 4,39.4,Zone 5,37.4,Zone 4,53.7,Zone 5
Jharkhand,West Singhbhum,Jagannathpur-Bau Kvk,24.4,2026-03-09,00:15:00,,,,2026-03-09 00:20:22,,,,,,,,,,,,,,,,,,,,
Karnataka,Bagalkot,Bagalkot Kvk,23.2,2026-03-09,00:15:00,46.0,2026-03-08,00:15:00,2026-03-09 00:20:22,22.650000000000034,Zone 3,35.6,Zone 4,22.4,Zone 3,29.4,Zone 4,27.4,Zone 4,33.5,Zone 4,31.6,Zone 4,37.4,Zone 4,35.6,Zone 4,41.1,Zone 4
Karnataka,Bangalore Urban,Bangalore,24.6,2026-03-09,00:00:00,56.0,2026-03-08,00:00:00,2026-03-09 00:20:22,24.75,Zone 3,38.5,Zone 4,24.7,Zone 3,31.9,Zone 4,29.6,Zone 4,36.3,Zone 4,34.2,Zone 4,40.5,Zone 4,38.5,Zone 4,52.2,Zone 5
Karnataka,Bangalore Urban,Electronic City(Nice),24.1,2026-03-09,00:00:00,51.0,2026-03-08,00:00:00,2026-03-09 00:20:22,23.950000000000045,Zone 3,37.3,Zone 4,23.9,Zone 3,30.9,Zone 4,28.7,Zone 4,35.2,Zone 4,33.1,Zone 4,39.2,Zone 4,37.3,Zone 4,46.3,Zone 5
Karnataka,Bangalore Urban,Gopal Nagar,23.4,2026-03-09,00:00:00,62.0,2026-03-08,00:00:00,2026-03-09 00:20:22,23.75,Zone 3,37.9,Zone 4,23.8,Zone 3,31.0,Zone 4,28.8,Zone 4,35.6,Zone 4,33.5,Zone 4,39.9,Zone 4,37.9,Zone 4,51.8,Zone 5
Karnataka,Bangalore Urban,Madhavara(Nice),25.0,2026-03-09,00:00:00,45.0,2026-03-08,00:00:00,2026-03-09 00:20:22,24.75,Zone 3,37.8,Zone 4,24.7,Zone 3,31.6,Zone 4,29.5,Zone 4,35.8,Zone 4,33.8,Zone 4,39.7,Zone 4,37.8,Zone 4,46.1,Zone 5
Karnataka,Bellary,Hagari Kvk,27.9,2026-03-09,00:00:00,28.0,2026-03-08,00:00:00,2026-03-09 00:20:22,26.950000000000045,Zone 4,39.0,Zone 4,27.1,Zone 4,33.5,Zone 4,31.3,Zone 4,37.3,Zone 4,35.3,Zone 4,40.9,Zone 4,39.0,Zone 4,44.4,Zone 4
Karnataka,Bijapur,Tidagundi Amfu,25.9,2026-03-09,00:00:00,35.0,2026-03-08,00:00:00,2026-03-09 00:20:22,25.350000000000023,Zone 4,37.7,Zone 4,25.4,Zone 4,32.0,Zone 4,29.8,Zone 4,35.9,Zone 4,33.9,Zone 4,39.7,Zone 4,37.7,Zone 4,43.3,Zone 4
Karnataka,Gadag,Gadag,24.9,2026-03-09,00:00:00,39.0,2026-03-08,00:00:00,2026-03-09 00:20:22,24.350000000000023,Zone 3,37.1,Zone 4,24.4,Zone 3,31.2,Zone 4,29.1,Zone 4,35.2,Zone 4,33.2,Zone 4,39.0,Zone 4,37.1,Zone 4,42.6,Zone 4
Karnataka,Gulbarga,Raddewadgi,25.4,2026-03-09,00:00:00,37.0,2026-03-08,00:00:00,2026-03-09 00:20:22,24.850000000000023,Zone 3,37.4,Zone 4,24.9,Zone 3,31.6,Zone 4,29.5,Zone 4,35.6,Zone 4,33.6,Zone 4,39.3,Zone 4,37.4,Zone 4,43.0,Zone 4
Karnataka,Kolar,Tamaka Kvk,20.8,2026-03-09,00:00:00,72.0,2026-03-08,00:00:00,2026-03-09 00:20:22,21.150000000000034,Zone 3,35.5,Zone 4,21.4,Zone 3,28.5,Zone 4,26.4,Zone 4,33.0,Zone 4,31.1,Zone 4,37.4,Zone 4,35.5,Zone 4,46.2,Zone 5
Karnataka,Koppal,Koppal,31.0,2026-03-09,00:00:00,29.0,2026-03-08,00:00:00,2026-03-09 00:20:22,30.350000000000023,Zone 4,42.6,Zone 4,30.3,Zone 4,37.0,Zone 4,34.6,Zone 4,40.9,Zone 4,38.7,Zone 4,44.7,Zone 4,42.6,Zone 4,56.1,Zone 5
Karnataka,Mandya,Mandya Kvk,22.9,2026-03-09,00:15:00,90.0,2026-03-08,00:15:00,2026-03-09 00:20:22,24.350000000000023,Zone 3,48.2,Zone 5,24.4,Zone 3,32.6,Zone 4,30.1,Zone 4,38.6,Zone 5,35.7,Zone 4,54.9,Zone 5,48.2,Zone 5,61.0,Zone 5
Karnataka,Ramanagara,Chandurayanghalli Kvk,22.1,2026-03-09,00:15:00,41.0,2026-03-08,00:15:00,2026-03-09 00:20:22,21.05000000000001,Zone 3,34.1,Zone 4,20.9,Zone 3,28.2,Zone 4,26.2,Zone 4,32.1,Zone 4,30.3,Zone 4,35.9,Zone 4,34.1,Zone 4,39.4,Zone 4
Karnataka,Tumkur,Chikkanakalli,20.1,2026-03-09,00:00:00,56.0,2026-03-08,00:00:00,2026-03-09 00:20:22,19.450000000000045,Zone 3,33.1,Zone 4,19.3,Zone 3,26.7,Zone 4,24.9,Zone 3,30.9,Zone 4,29.1,Zone 4,34.8,Zone 4,33.1,Zone 4,38.6,Zone 4
Kerala,Ernakulam,Boat Jetty Kgov,28.3,2026-03-08,23:45:00,100.0,2026-03-08,23:45:00,2026-03-09 00:20:22,40.55000000000001,Zone 5,67.6,Zone 5,43.1,Zone 5,63.1,Zone 5,61.2,Zone 5,66.3,Zone 5,65.0,Zone 5,68.5,Zone 5,67.6,Zone 5,70.1,Zone 5
Kerala,Ernakulam,Dhground Kgov,27.9,2026-03-08,23:45:00,100.0,2026-03-08,23:45:00,2026-03-09 00:20:22,36.05000000000001,Zone 5,66.7,Zone 5,37.1,Zone 5,61.9,Zone 5,59.8,Zone 5,65.3,Zone 5,63.9,Zone 5,67.7,Zone 5,66.7,Zone 5,69.4,Zone 5
Kerala,Ernakulam,Kadavanthra Kgov,30.8,2026-03-08,23:45:00,79.0,2026-03-08,23:45:00,2026-03-09 00:20:22,38.950000000000045,Zone 4,66.8,Zone 5,39.6,Zone 4,62.2,Zone 5,60.0,Zone 5,65.6,Zone 5,64.1,Zone 5,67.9,Zone 5,66.8,Zone 5,69.6,Zone 5
Kerala,Malappuram,Thavanur Kvk,27.2,2026-03-09,00:15:00,91.0,2026-03-08,00:15:00,2026-03-09 00:20:22,31.650000000000034,Zone 4,63.0,Zone 5,31.2,Zone 4,51.2,Zone 5,40.9,Zone 5,61.3,Zone 5,59.5,Zone 5,64.3,Zone 5,63.0,Zone 5,66.5,Zone 5
Kerala,Palakkad,Pattambi Kvk,26.9,2026-03-09,00:15:00,91.0,2026-03-08,00:15:00,2026-03-09 00:20:22,30.950000000000045,Zone 4,63.0,Zone 5,31.2,Zone 4,51.2,Zone 5,40.9,Zone 5,61.3,Zone 5,59.5,Zone 5,64.3,Zone 5,63.0,Zone 5,66.5,Zone 5
Ladakh,Kargil,Garkon,9.0,2026-03-09,00:00:00,30.0,2026-03-08,00:00:00,2026-03-09 00:20:22,6.850000000000023,Zone 2,23.8,Zone 3,6.9,Zone 2,17.2,Zone 3,15.0,Zone 3,21.9,Zone 3,20.6,Zone 3,24.6,Zone 3,23.8,Zone 3,27.5,Zone 4
Ladakh,Kargil,Kargil,5.4,2026-03-09,00:00:00,42.0,2026-03-08,00:00:00,2026-03-09 00:20:22,3.9500000000000455,Zone 2,22.3,Zone 3,4.0,Zone 2,14.5,Zone 3,12.7,Zone 2,19.8,Zone 3,18.5,Zone 3,23.1,Zone 3,22.3,Zone 3,25.2,Zone 3
Ladakh,Kargil,Padum Kvk,-1.3,2026-03-09,00:00:00,54.0,2026-03-08,00:00:00,2026-03-09 00:20:22,-2.0499999999999545,Zone 2,18.8,Zone 3,-2.3,Zone 2,9.7,Zone 2,8.1,Zone 2,15.3,Zone 3,14.0,Zone 3,19.6,Zone 3,18.8,Zone 3,22.4,Zone 3
Ladakh,Leh,Chuchot Yokma,3.8,2026-03-09,00:00:00,23.0,2026-03-08,00:00:00,2026-03-09 00:20:22,2.0500000000000114,Zone 2,21.3,Zone 3,2.2,Zone 2,13.1,Zone 2,11.4,Zone 2,18.6,Zone 3,17.3,Zone 3,22.2,Zone 3,21.3,Zone 3,24.5,Zone 3
Ladakh,Leh,Khaltse,6.7,2026-03-09,00:00:00,29.0,2026-03-08,00:00:00,2026-03-09 00:20:22,4.75,Zone 2,22.6,Zone 3,4.6,Zone 2,15.1,Zone 3,13.1,Zone 2,20.3,Zone 3,19.0,Zone 3,23.5,Zone 3,22.6,Zone 3,25.7,Zone 4
Ladakh,Leh,Leh Amfu,2.9,2026-03-09,00:15:00,40.0,2026-03-08,00:15:00,2026-03-09 00:20:22,1.5500000000000114,Zone 2,21.0,Zone 3,1.7,Zone 2,12.7,Zone 2,11.0,Zone 2,18.2,Zone 3,16.8,Zone 3,21.8,Zone 3,21.0,Zone 3,24.2,Zone 3
Ladakh,Leh,Mc Leh,2.2,2026-03-09,00:00:00,22.0,2026-03-08,00:00:00,2026-03-09 00:20:22,0.5500000000000114,Zone 2,20.3,Zone 3,0.4,Zone 2,11.8,Zone 2,10.0,Zone 2,17.3,Zone 3,15.9,Zone 3,21.2,Zone 3,20.3,Zone 3,23.7,Zone 3
Ladakh,Leh,Nubra Hunder,3.6,2026-03-09,00:00:00,28.0,2026-03-08,00:00:00,2026-03-09 00:20:22,1.9500000000000455,Zone 2,21.1,Zone 3,1.8,Zone 2,12.9,Zone 2,11.1,Zone 2,18.4,Zone 3,17.0,Zone 3,22.0,Zone 3,21.1,Zone 3,24.3,Zone 3
Ladakh,Leh,Nyoma Kvk,0.5,2026-03-09,00:00:00,25.0,2026-03-08,00:00:00,2026-03-09 00:20:22,-0.9499999999999886,Zone 2,19.6,Zone 3,-0.9,Zone 2,10.8,Zone 2,9.1,Zone 2,16.4,Zone 3,15.0,Zone 3,20.4,Zone 3,19.6,Zone 3,23.1,Zone 3
Ladakh,Leh,Tangtse Durbuk,0.8,2026-03-09,00:00:00,33.0,2026-03-08,00:00:00,2026-03-09 00:20:22,-0.44999999999998863,Zone 2,19.9,Zone 3,-0.3,Zone 2,11.2,Zone 2,9.5,Zone 2,16.8,Zone 3,15.4,Zone 3,20.7,Zone 3,19.9,Zone 3,23.3,Zone 3
Ladakh,Leh,Upshi,0.7,2026-03-08,23:30:00,51.0,2026-03-08,23:30:00,2026-03-09 00:20:22,-0.25,Zone 2,19.8,Zone 3,-0.4,Zone 2,11.1,Zone 2,9.5,Zone 2,16.6,Zone 3,15.3,Zone 3,20.6,Zone 3,19.8,Zone 3,23.2,Zone 3
Madhya Pradesh,Barwani,Talun Kvk,19.0,2026-03-09,00:00:00,59.0,2026-03-08,00:00:00,2026-03-09 00:20:22,18.25,Zone 3,32.2,Zone 4,18.3,Zone 3,25.8,Zone 4,24.2,Zone 3,29.9,Zone 4,28.2,Zone 4,33.9,Zone 4,32.2,Zone 4,37.6,Zone 4
Madhya Pradesh,Betul,Betul,,,,69.0,2026-03-08,00:00:00,2026-03-09 00:20:22,,,,,,,,,,,,,,,,,,,,
Madhya Pradesh,Bhopal,Berasia,21.4,2026-03-09,00:00:00,50.0,2026-03-08,00:00:00,2026-03-09 00:20:22,20.75,Zone 3,34.3,Zone 4,20.8,Zone 3,28.0,Zone 4,26.1,Zone 4,32.1,Zone 4,30.3,Zone 4,36.0,Zone 4,34.3,Zone 4,39.8,Zone 4
Madhya Pradesh,Bhopal,Islamnagar,20.4,2026-03-08,23:45:00,60.0,2026-03-08,23:45:00,2026-03-09 00:20:22,20.05000000000001,Zone 3,33.9,Zone 4,20.2,Zone 3,27.4,Zone 4,25.4,Zone 4,31.6,Zone 4,29.8,Zone 4,35.7,Zone 4,33.9,Zone 4,39.5,Zone 4
Madhya Pradesh,Bhopal ,Bhopal,24.7,2026-03-09,00:00:00,54.0,2026-03-08,00:00:00,2026-03-09 00:20:22,24.850000000000023,Zone 3,38.3,Zone 4,24.6,Zone 3,31.7,Zone 4,29.5,Zone 4,36.1,Zone 4,34.0,Zone 4,40.3,Zone 4,38.3,Zone 4,50.7,Zone 5
Madhya Pradesh,Datia,Datia,20.4,2026-03-09,00:00:00,83.0,2026-03-08,00:00:00,2026-03-09 00:20:22,21.150000000000034,Zone 3,35.8,Zone 4,21.3,Zone 3,28.4,Zone 4,26.2,Zone 4,33.2,Zone 4,31.2,Zone 4,37.7,Zone 4,35.8,Zone 4,50.3,Zone 5
Madhya Pradesh,Dewas,Kannod,25.2,2026-03-09,00:00:00,28.0,2026-03-08,00:00:00,2026-03-09 00:20:22,24.05000000000001,Zone 3,36.0,Zone 4,23.8,Zone 3,30.5,Zone 4,28.4,Zone 4,34.2,Zone 4,32.3,Zone 4,37.8,Zone 4,36.0,Zone 4,41.2,Zone 4
Madhya Pradesh,Dhar,Dhar,22.8,2026-03-09,00:00:00,32.0,2026-03-08,00:00:00,2026-03-09 00:20:22,21.350000000000023,Zone 3,34.4,Zone 4,21.6,Zone 3,28.7,Zone 4,26.8,Zone 4,32.5,Zone 4,30.7,Zone 4,36.1,Zone 4,34.4,Zone 4,39.6,Zone 4
Madhya Pradesh,Hoshangabad,Hoshangabad,20.7,2026-03-08,23:45:00,75.0,2026-03-08,23:45:00,2026-03-09 00:20:22,21.150000000000034,Zone 3,35.1,Zone 4,20.9,Zone 3,28.0,Zone 4,25.9,Zone 4,32.6,Zone 4,30.7,Zone 4,37.0,Zone 4,35.1,Zone 4,45.6,Zone 5
Madhya Pradesh,Khandwa,Khandwa Kvk,21.7,2026-03-09,00:15:00,,,,2026-03-09 00:20:22,,,,,,,,,,,,,,,,,,,,
Madhya Pradesh,Mandsaur,Mandsour,18.6,2026-03-09,00:00:00,61.0,2026-03-08,00:00:00,2026-03-09 00:20:22,17.850000000000023,Zone 3,31.8,Zone 4,17.8,Zone 3,25.3,Zone 4,23.8,Zone 3,29.5,Zone 4,27.8,Zone 4,33.4,Zone 4,31.8,Zone 4,37.2,Zone 4
Madhya Pradesh,Morena,Morena Amfu,21.5,2026-03-09,00:00:00,77.0,2026-03-08,00:00:00,2026-03-09 00:20:22,22.25,Zone 3,36.7,Zone 4,22.2,Zone 3,29.4,Zone 4,27.2,Zone 4,34.1,Zone 4,32.1,Zone 4,38.6,Zone 4,36.7,Zone 4,51.8,Zone 5
Madhya Pradesh,Narsinghpur,Narsinghpur,20.2,2026-03-09,00:00:00,74.0,2026-03-08,00:00:00,2026-03-09 00:20:22,20.55000000000001,Zone 3,34.4,Zone 4,20.3,Zone 3,27.4,Zone 4,25.3,Zone 4,31.9,Zone 4,30.0,Zone 4,36.2,Zone 4,34.4,Zone 4,42.7,Zone 5
Madhya Pradesh,Neemuch,Marukheda Kvk,21.0,2026-03-09,00:15:00,51.0,2026-03-08,00:15:00,2026-03-09 00:20:22,20.25,Zone 3,33.8,Zone 4,20.3,Zone 3,27.6,Zone 4,25.6,Zone 4,31.7,Zone 4,29.8,Zone 4,35.6,Zone 4,33.8,Zone 4,39.3,Zone 4
Madhya Pradesh,Niwari,Prithvipur,22.2,2026-03-09,00:00:00,52.0,2026-03-08,00:00:00,2026-03-09 00:20:22,21.75,Zone 3,35.0,Zone 4,21.6,Zone 3,28.7,Zone 4,26.6,Zone 4,32.8,Zone 4,31.0,Zone 4,36.8,Zone 4,35.0,Zone 4,40.6,Zone 4
Madhya Pradesh,Rajgarh,Rajgarh Kvk,16.5,2026-03-09,00:15:00,48.0,2026-03-08,00:15:00,2026-03-09 00:20:22,14.550000000000011,Zone 3,29.3,Zone 4,14.6,Zone 3,23.6,Zone 3,21.8,Zone 3,27.1,Zone 4,25.5,Zone 4,30.8,Zone 4,29.3,Zone 4,34.3,Zone 4
Madhya Pradesh,Rewa,Rewa Kvk,19.1,2026-03-09,00:15:00,,,,2026-03-09 00:20:22,,,,,,,,,,,,,,,,,,,,
Madhya Pradesh,Sagar,Sagar,18.5,2026-03-09,00:00:00,56.0,2026-03-08,00:00:00,2026-03-09 00:20:22,17.450000000000045,Zone 3,31.5,Zone 4,17.5,Zone 3,25.2,Zone 3,23.7,Zone 3,29.3,Zone 4,27.6,Zone 4,33.1,Zone 4,31.5,Zone 4,36.8,Zone 4
Madhya Pradesh,Sehore,Bhairunda,23.7,2026-03-09,00:00:00,,,,2026-03-09 00:20:22,,,,,,,,,,,,,,,,,,,,
Madhya Pradesh,Sehore,Sehore Amfu,18.9,2026-03-09,00:00:00,54.0,2026-03-08,00:00:00,2026-03-09 00:20:22,17.850000000000023,Zone 3,31.9,Zone 4,18.0,Zone 3,25.6,Zone 4,24.0,Zone 3,29.7,Zone 4,28.0,Zone 4,33.6,Zone 4,31.9,Zone 4,37.2,Zone 4
Madhya Pradesh,Shahdol,Kalyanpur Kvk,17.1,2026-03-09,00:00:00,76.0,2026-03-08,00:00:00,2026-03-09 00:20:22,16.850000000000023,Zone 3,31.0,Zone 4,16.7,Zone 3,24.5,Zone 3,23.0,Zone 3,28.5,Zone 4,26.8,Zone 4,32.6,Zone 4,31.0,Zone 4,36.5,Zone 4
Madhya Pradesh,Shajapur,Shajapur,16.5,2026-03-09,00:00:00,48.0,2026-03-08,00:00:00,2026-03-09 00:20:22,14.550000000000011,Zone 3,29.3,Zone 4,14.6,Zone 3,23.6,Zone 3,21.8,Zone 3,27.1,Zone 4,25.5,Zone 4,30.8,Zone 4,29.3,Zone 4,34.3,Zone 4
Madhya Pradesh,Sheopur,Sheopur,,,,60.0,2026-03-08,00:00:00,2026-03-09 00:20:22,,,,,,,,,,,,,,,,,,,,
Madhya Pradesh,Shivpuri,Shivpuri,24.1,2026-03-09,00:00:00,35.0,2026-03-08,00:00:00,2026-03-09 00:20:22,23.150000000000034,Zone 3,35.6,Zone 4,23.0,Zone 3,29.9,Zone 4,27.9,Zone 4,33.8,Zone 4,31.9,Zone 4,37.4,Zone 4,35.6,Zone 4,41.0,Zone 4
Madhya Pradesh,Vidisha,Vidisha,20.4,2026-03-09,00:00:00,62.0,2026-03-08,00:00:00,2026-03-09 00:20:22,20.150000000000034,Zone 3,34.1,Zone 4,20.3,Zone 3,27.5,Zone 4,25.5,Zone 4,31.8,Zone 4,29.9,Zone 4,35.8,Zone 4,34.1,Zone 4,39.7,Zone 4
Maharashtra,Akola,Akola Amfu,24.3,2026-03-09,00:00:00,24.0,2026-03-08,00:00:00,2026-03-09 00:20:22,22.75,Zone 3,35.1,Zone 4,23.0,Zone 3,29.7,Zone 4,27.8,Zone 4,33.4,Zone 4,31.6,Zone 4,36.9,Zone 4,35.1,Zone 4,40.2,Zone 4
Maharashtra,Buldhana,Lonar,25.9,2026-03-09,00:00:00,20.0,2026-03-08,00:00:00,2026-03-09 00:20:22,24.450000000000045,Zone 3,36.1,Zone 4,24.6,Zone 3,30.9,Zone 4,28.9,Zone 4,34.5,Zone 4,32.6,Zone 4,37.9,Zone 4,36.1,Zone 4,41.2,Zone 4
Maharashtra,Gondia,Tiroda,,,,51.0,2026-03-08,00:00:00,2026-03-09 00:20:22,,,,,,,,,,,,,,,,,,,,
Maharashtra,Kolhapur,Kolhapur Amfu,24.0,2026-03-09,00:00:00,100.0,2026-03-08,00:00:00,2026-03-09 00:20:22,26.150000000000034,Zone 4,59.8,Zone 5,26.1,Zone 4,35.7,Zone 4,32.9,Zone 4,53.8,Zone 5,45.9,Zone 5,61.2,Zone 5,59.8,Zone 5,63.9,Zone 5
Maharashtra,Mumbai Suburban,Bandra,27.9,2026-03-09,00:00:00,,,,2026-03-09 00:20:22,,,,,,,,,,,,,,,,,,,,
Maharashtra,Mumbai Suburban,Ram Mandir,30.0,2026-03-08,23:30:00,,,,2026-03-09 00:20:22,,,,,,,,,,,,,,,,,,,,
Maharashtra,Mumbai Suburban,Tata Power Chembur,28.3,2026-03-09,00:00:00,,,,2026-03-09 00:20:22,,,,,,,,,,,,,,,,,,,,
Maharashtra,Mumbai Suburban,Vidyavihar,27.9,2026-03-09,00:00:00,38.0,2026-03-08,00:00:00,2026-03-09 00:20:22,27.55000000000001,Zone 4,40.5,Zone 4,27.7,Zone 4,34.5,Zone 4,32.3,Zone 4,38.7,Zone 4,36.5,Zone 4,42.6,Zone 4,40.5,Zone 4,52.9,Zone 5
Maharashtra,Mumbai Suburban,Vikhroli,27.2,2026-03-09,00:00:00,61.0,2026-03-08,00:00:00,2026-03-09 00:20:22,28.350000000000023,Zone 4,47.5,Zone 5,28.1,Zone 4,36.0,Zone 4,33.5,Zone 4,40.9,Zone 4,38.5,Zone 4,55.1,Zone 5,47.5,Zone 5,61.0,Zone 5
Maharashtra,Mumbai City,Byculla Mumbai,29.9,2026-03-08,23:45:00,,,,2026-03-09 00:20:22,,,,,,,,,,,,,,,,,,,,
Maharashtra,Mumbai City,Mahalaxmi,29.1,2026-03-09,00:00:00,,,,2026-03-09 00:20:22,,,,,,,,,,,,,,,,,,,,
Maharashtra,Mumbai City,Mumbai Santa Cruz,27.6,2026-03-08,23:45:00,,,,2026-03-09 00:20:22,,,,,,,,,,,,,,,,,,,,
Maharashtra,Nagpur,Nagpur,24.8,2026-03-09,00:00:00,51.0,2026-03-08,00:00:00,2026-03-09 00:20:22,24.75,Zone 3,38.6,Zone 4,25.0,Zone 3,32.1,Zone 4,29.9,Zone 4,36.4,Zone 4,34.4,Zone 4,40.6,Zone 4,38.6,Zone 4,50.7,Zone 5
Maharashtra,Nagpur,Nagpur Kvk,22.2,2026-03-09,00:00:00,42.0,2026-03-08,00:00:00,2026-03-09 00:20:22,21.25,Zone 3,34.2,Zone 4,21.0,Zone 3,28.2,Zone 4,26.2,Zone 4,32.2,Zone 4,30.3,Zone 4,35.9,Zone 4,34.2,Zone 4,39.5,Zone 4
Maharashtra,Nashik,Kalwan,20.6,2026-03-09,00:00:00,,,,2026-03-09 00:20:22,,,,,,,,,,,,,,,,,,,,
Maharashtra,Nashik,Malegaon,25.2,2026-03-09,00:00:00,45.0,2026-03-08,00:00:00,2026-03-09 00:20:22,24.950000000000045,Zone 3,37.8,Zone 4,24.7,Zone 3,31.6,Zone 4,29.5,Zone 4,35.8,Zone 4,33.8,Zone 4,39.7,Zone 4,37.8,Zone 4,46.1,Zone 5
Maharashtra,Palghar,Palghar Kvk,28.0,2026-03-09,00:15:00,,,,2026-03-09 00:20:22,,,,,,,,,,,,,,,,,,,,
Maharashtra,Pune, Nimgiri Junnar,26.4,2026-03-09,00:00:00,,,,2026-03-09 00:20:22,,,,,,,,,,,,,,,,,,,,
Maharashtra,Pune,Cagmo Shivajinagar,22.6,2026-03-09,00:00:00,42.0,2026-03-08,00:00:00,2026-03-09 00:20:22,21.75,Zone 3,34.7,Zone 4,21.6,Zone 3,28.7,Zone 4,26.7,Zone 4,32.7,Zone 4,30.8,Zone 4,36.5,Zone 4,34.7,Zone 4,40.1,Zone 4
Maharashtra,Pune,Chinchwad Pune,26.6,2026-03-09,00:00:00,25.0,2026-03-08,00:00:00,2026-03-09 00:20:22,25.55000000000001,Zone 4,37.1,Zone 4,25.5,Zone 4,31.7,Zone 4,29.6,Zone 4,35.4,Zone 4,33.5,Zone 4,38.9,Zone 4,37.1,Zone 4,42.3,Zone 4
Maharashtra,Pune,Cme Dapodi,25.6,2026-03-09,00:00:00,32.0,2026-03-08,00:00:00,2026-03-09 00:20:22,24.850000000000023,Zone 3,36.9,Zone 4,24.7,Zone 3,31.2,Zone 4,29.1,Zone 4,35.1,Zone 4,33.1,Zone 4,38.7,Zone 4,36.9,Zone 4,42.2,Zone 4
Maharashtra,Pune,Dps Hadapsar Pune,24.4,2026-03-08,23:45:00,36.0,2026-03-08,23:45:00,2026-03-09 00:20:22,23.55000000000001,Zone 3,36.3,Zone 4,23.7,Zone 3,30.5,Zone 4,28.4,Zone 4,34.4,Zone 4,32.4,Zone 4,38.1,Zone 4,36.3,Zone 4,41.7,Zone 4
Maharashtra,Pune,Girivan,24.8,2026-03-09,00:00:00,26.0,2026-03-08,00:00:00,2026-03-09 00:20:22,23.450000000000045,Zone 3,35.8,Zone 4,23.7,Zone 3,30.3,Zone 4,28.3,Zone 4,34.0,Zone 4,32.2,Zone 4,37.6,Zone 4,35.8,Zone 4,40.9,Zone 4
Maharashtra,Pune,Gudhe Bhor,24.9,2026-03-09,00:00:00,,,,2026-03-09 00:20:22,,,,,,,,,,,,,,,,,,,,
Maharashtra,Pune,Khadakwadi Ambegaon,23.7,2026-03-09,00:00:00,35.0,2026-03-08,00:00:00,2026-03-09 00:20:22,22.650000000000034,Zone 3,35.1,Zone 4,22.4,Zone 3,29.4,Zone 4,27.4,Zone 4,33.2,Zone 4,31.4,Zone 4,36.9,Zone 4,35.1,Zone 4,40.4,Zone 4
Maharashtra,Pune,Khutbav Daund,21.7,2026-03-09,00:00:00,,,,2026-03-09 00:20:22,,,,,,,,,,,,,,,,,,,,
Maharashtra,Pune,Kurvande,18.5,2026-03-09,00:00:00,17.0,2026-03-08,00:00:00,2026-03-09 00:20:22,15.150000000000034,Zone 3,29.8,Zone 4,15.2,Zone 3,24.4,Zone 3,22.5,Zone 3,27.9,Zone 4,26.3,Zone 4,31.2,Zone 4,29.8,Zone 4,34.4,Zone 4
Maharashtra,Pune,Lavale,25.2,2026-03-09,00:00:00,30.0,2026-03-08,00:00:00,2026-03-09 00:20:22,24.25,Zone 3,36.2,Zone 4,24.0,Zone 3,30.6,Zone 4,28.5,Zone 4,34.4,Zone 4,32.5,Zone 4,38.0,Zone 4,36.2,Zone 4,41.4,Zone 4
Maharashtra,Pune,Lonikalbhor Haveli,19.6,2026-03-09,00:00:00,43.0,2026-03-08,00:00:00,2026-03-09 00:20:22,18.150000000000034,Zone 3,31.8,Zone 4,18.0,Zone 3,25.8,Zone 4,24.1,Zone 3,29.7,Zone 4,28.0,Zone 4,33.4,Zone 4,31.8,Zone 4,37.0,Zone 4
Maharashtra,Pune,Malin Ambegaon,20.5,2026-03-08,23:45:00,48.0,2026-03-08,23:45:00,2026-03-09 00:20:22,19.55000000000001,Zone 3,33.1,Zone 4,19.5,Zone 3,26.9,Zone 4,25.1,Zone 3,31.0,Zone 4,29.2,Zone 4,34.8,Zone 4,33.1,Zone 4,38.4,Zone 4
Maharashtra,Pune,Mti Pashan Pune,19.9,2026-03-09,00:00:00,50.0,2026-03-08,00:00:00,2026-03-09 00:20:22,18.850000000000023,Zone 3,32.7,Zone 4,19.0,Zone 3,26.5,Zone 4,24.7,Zone 3,30.6,Zone 4,28.8,Zone 4,34.4,Zone 4,32.7,Zone 4,38.0,Zone 4
Maharashtra,Pune,Narayangoan Krishi Kendra,25.5,2026-03-09,00:00:00,24.0,2026-03-08,00:00:00,2026-03-09 00:20:22,24.25,Zone 3,36.0,Zone 4,24.2,Zone 3,30.7,Zone 4,28.7,Zone 4,34.3,Zone 4,32.5,Zone 4,37.8,Zone 4,36.0,Zone 4,41.2,Zone 4
Maharashtra,Pune,Niasm Baramati,26.9,2026-03-09,00:00:00,27.0,2026-03-08,00:00:00,2026-03-09 00:20:22,25.950000000000045,Zone 4,37.8,Zone 4,26.0,Zone 4,32.4,Zone 4,30.3,Zone 4,36.1,Zone 4,34.1,Zone 4,39.7,Zone 4,37.8,Zone 4,43.1,Zone 4
Maharashtra,Pune,Pabal Shirur,21.4,2026-03-09,00:00:00,31.0,2026-03-08,00:00:00,2026-03-09 00:20:22,19.650000000000034,Zone 3,32.9,Zone 4,19.7,Zone 3,27.3,Zone 4,25.4,Zone 4,31.1,Zone 4,29.3,Zone 4,34.6,Zone 4,32.9,Zone 4,38.0,Zone 4
Maharashtra,Pune,Rajgurunagar,25.7,2026-03-09,00:00:00,26.0,2026-03-08,00:00:00,2026-03-09 00:20:22,24.55000000000001,Zone 3,36.2,Zone 4,24.4,Zone 3,30.8,Zone 4,28.8,Zone 4,34.5,Zone 4,32.6,Zone 4,38.0,Zone 4,36.2,Zone 4,41.4,Zone 4
Maharashtra,Pune,Rjspmcop Dudulgaon,27.4,2026-03-09,00:00:00,22.0,2026-03-08,00:00:00,2026-03-09 00:20:22,26.150000000000034,Zone 4,37.7,Zone 4,26.3,Zone 4,32.4,Zone 4,30.4,Zone 4,36.1,Zone 4,34.1,Zone 4,39.6,Zone 4,37.7,Zone 4,42.9,Zone 4
Maharashtra,Pune,Talegaon,22.8,2026-03-09,00:00:00,,,,2026-03-09 00:20:22,,,,,,,,,,,,,,,,,,,,
Maharashtra,Pune,Wadgaonsheri Pune,26.9,2026-03-09,00:00:00,26.0,2026-03-08,00:00:00,2026-03-09 00:20:22,25.850000000000023,Zone 4,37.7,Zone 4,26.0,Zone 4,32.3,Zone 4,30.2,Zone 4,36.0,Zone 4,34.0,Zone 4,39.6,Zone 4,37.7,Zone 4,43.0,Zone 4
Maharashtra,Pune,Walhe Purandar,27.1,2026-03-08,23:45:00,25.0,2026-03-08,23:45:00,2026-03-09 00:20:22,26.05000000000001,Zone 4,37.6,Zone 4,25.9,Zone 4,32.2,Zone 4,30.1,Zone 4,35.9,Zone 4,33.9,Zone 4,39.5,Zone 4,37.6,Zone 4,42.8,Zone 4
Maharashtra,Raigad,Iighq Newpanvel,27.4,2026-03-09,00:00:00,11.0,2026-03-08,00:00:00,2026-03-09 00:20:22,25.650000000000034,Zone 4,36.4,Zone 4,25.8,Zone 4,31.6,Zone 4,29.6,Zone 4,35.0,Zone 4,33.1,Zone 4,38.2,Zone 4,36.4,Zone 4,41.3,Zone 4
Maharashtra,Raigad,Iig Mo Alibag,25.5,2026-03-09,00:00:00,92.0,2026-03-08,00:00:00,2026-03-09 00:20:22,28.25,Zone 4,60.7,Zone 5,28.2,Zone 4,39.1,Zone 5,35.1,Zone 4,57.9,Zone 5,50.3,Zone 5,62.1,Zone 5,60.7,Zone 5,64.6,Zone 5
Maharashtra,Raigad,Karjat,23.5,2026-03-09,00:00:00,57.0,2026-03-08,00:00:00,2026-03-09 00:20:22,23.55000000000001,Zone 3,37.3,Zone 4,23.6,Zone 3,30.7,Zone 4,28.5,Zone 4,35.1,Zone 4,33.1,Zone 4,39.3,Zone 4,37.3,Zone 4,48.3,Zone 5
Maharashtra,Ratnagiri,Dapoli,20.3,2026-03-09,00:00:00,88.0,2026-03-08,00:00:00,2026-03-09 00:20:22,21.350000000000023,Zone 3,36.3,Zone 4,21.5,Zone 3,28.6,Zone 4,26.5,Zone 4,33.5,Zone 4,31.5,Zone 4,38.8,Zone 5,36.3,Zone 4,53.2,Zone 5
Maharashtra,Ratnagiri,Savarde(Golwane),22.1,2026-03-09,00:00:00,,,,2026-03-09 00:20:22,,,,,,,,,,,,,,,,,,,,
Maharashtra,Satara,Mahabaleshwar,22.1,2026-03-09,00:00:00,38.0,2026-03-08,00:00:00,2026-03-09 00:20:22,20.850000000000023,Zone 3,33.9,Zone 4,20.8,Zone 3,28.0,Zone 4,26.1,Zone 4,31.9,Zone 4,30.1,Zone 4,35.6,Zone 4,33.9,Zone 4,39.1,Zone 4
Maharashtra,Sindhudurg,Devgad,26.1,2026-03-09,00:00:00,98.0,2026-03-08,00:00:00,2026-03-09 00:20:22,30.05000000000001,Zone 4,62.8,Zone 5,29.9,Zone 4,49.8,Zone 5,39.8,Zone 5,61.0,Zone 5,59.3,Zone 5,64.0,Zone 5,62.8,Zone 5,66.3,Zone 5
Maharashtra,Sindhudurg,Mulde Amfu,24.8,2026-03-09,00:00:00,100.0,2026-03-08,00:00:00,2026-03-09 00:20:22,27.55000000000001,Zone 4,61.5,Zone 5,28.0,Zone 4,42.7,Zone 5,35.2,Zone 4,59.5,Zone 5,54.1,Zone 5,62.8,Zone 5,61.5,Zone 5,65.2,Zone 5
Maharashtra,Sindhudurg,Vaibhavwadi,25.0,2026-03-08,23:45:00,100.0,2026-03-08,23:45:00,2026-03-09 00:20:22,27.950000000000045,Zone 4,61.5,Zone 5,28.0,Zone 4,42.7,Zone 5,35.2,Zone 4,59.5,Zone 5,54.1,Zone 5,62.8,Zone 5,61.5,Zone 5,65.2,Zone 5
Maharashtra,Sindhudurg,Vengurla,24.2,2026-03-09,00:00:00,92.0,2026-03-08,00:00:00,2026-03-09 00:20:22,25.950000000000045,Zone 4,56.3,Zone 5,25.7,Zone 4,34.7,Zone 4,32.0,Zone 4,46.9,Zone 5,38.9,Zone 5,59.8,Zone 5,56.3,Zone 5,62.6,Zone 5
Maharashtra,Solapur,Mohol Kvk,22.0,2026-03-09,00:00:00,33.0,2026-03-08,00:00:00,2026-03-09 00:20:22,20.450000000000045,Zone 3,33.5,Zone 4,20.5,Zone 3,27.8,Zone 4,25.9,Zone 4,31.6,Zone 4,29.9,Zone 4,35.2,Zone 4,33.5,Zone 4,38.7,Zone 4
Maharashtra,Wardha,Wardha,25.4,2026-03-09,00:00:00,33.0,2026-03-08,00:00:00,2026-03-09 00:20:22,24.650000000000034,Zone 3,37.0,Zone 4,24.7,Zone 3,31.3,Zone 4,29.2,Zone 4,35.2,Zone 4,33.2,Zone 4,38.8,Zone 4,37.0,Zone 4,42.4,Zone 4
Manipur,Chandel,Chandel Kvk,16.7,2026-03-09,00:15:00,100.0,2026-03-08,00:15:00,2026-03-09 00:20:22,17.450000000000045,Zone 3,31.6,Zone 4,17.2,Zone 3,24.5,Zone 3,23.2,Zone 3,28.8,Zone 4,27.0,Zone 4,33.2,Zone 4,31.6,Zone 4,39.0,Zone 5
Manipur,Imphal East,Jiribam,23.0,2026-03-09,00:00:00,99.0,2026-03-08,00:00:00,2026-03-09 00:20:22,24.75,Zone 3,55.1,Zone 5,24.7,Zone 3,33.5,Zone 4,30.9,Zone 4,45.3,Zone 5,37.7,Zone 5,59.4,Zone 5,55.1,Zone 5,62.3,Zone 5
Manipur,Imphal West,Imphal Amfu,19.8,2026-03-09,00:00:00,99.0,2026-03-08,00:00:00,2026-03-09 00:20:22,21.150000000000034,Zone 3,36.6,Zone 4,21.4,Zone 3,28.5,Zone 4,26.3,Zone 4,33.6,Zone 4,31.6,Zone 4,42.3,Zone 5,36.6,Zone 4,56.5,Zone 5
Meghalaya,East Garo Hills,Williamnagar,19.7,2026-03-08,23:45:00,82.0,2026-03-08,23:45:00,2026-03-09 00:20:22,20.350000000000023,Zone 3,34.3,Zone 4,20.1,Zone 3,27.1,Zone 4,25.1,Zone 3,31.7,Zone 4,29.8,Zone 4,36.1,Zone 4,34.3,Zone 4,44.6,Zone 5
Meghalaya,East Khasi Hills,Laban,14.9,2026-03-09,00:00:00,93.0,2026-03-08,00:00:00,2026-03-09 00:20:22,14.850000000000023,Zone 3,29.5,Zone 4,15.0,Zone 3,23.3,Zone 3,21.8,Zone 3,26.8,Zone 4,25.2,Zone 3,31.0,Zone 4,29.5,Zone 4,35.0,Zone 4
Meghalaya,East Khasi Hills,Mawryngkneng,17.3,2026-03-08,23:45:00,89.0,2026-03-08,23:45:00,2026-03-09 00:20:22,17.650000000000034,Zone 3,32.2,Zone 4,17.9,Zone 3,25.1,Zone 3,23.7,Zone 3,29.6,Zone 4,27.8,Zone 4,33.9,Zone 4,32.2,Zone 4,38.8,Zone 5
Meghalaya,East Khasi Hills,Mawsynram,16.5,2026-03-09,00:00:00,99.0,2026-03-08,00:00:00,2026-03-09 00:20:22,17.150000000000034,Zone 3,31.5,Zone 4,17.1,Zone 3,24.5,Zone 3,23.2,Zone 3,28.7,Zone 4,27.0,Zone 4,33.2,Zone 4,31.5,Zone 4,38.6,Zone 5
Meghalaya,East Khasi Hills,Nehu,15.7,2026-03-09,00:00:00,100.0,2026-03-08,00:00:00,2026-03-09 00:20:22,16.150000000000034,Zone 3,30.4,Zone 4,15.9,Zone 3,23.8,Zone 3,22.4,Zone 3,27.6,Zone 4,25.9,Zone 4,31.9,Zone 4,30.4,Zone 4,36.1,Zone 4
Meghalaya,East Khasi Hills,Shillong,,,,96.0,2026-03-08,00:00:00,2026-03-09 00:20:22,,,,,,,,,,,,,,,,,,,,
Meghalaya,East Khasi Hills,Sohra(Cherrapunjee),17.2,2026-03-09,00:00:00,100.0,2026-03-08,00:00:00,2026-03-09 00:20:22,18.05000000000001,Zone 3,32.2,Zone 4,17.8,Zone 3,24.9,Zone 3,23.6,Zone 3,29.4,Zone 4,27.6,Zone 4,33.9,Zone 4,32.2,Zone 4,41.3,Zone 5
Meghalaya,East West Khasi Hills,Mairang,15.0,2026-03-09,00:00:00,100.0,2026-03-08,00:00:00,2026-03-09 00:20:22,15.25,Zone 3,29.8,Zone 4,15.3,Zone 3,23.4,Zone 3,22.0,Zone 3,27.0,Zone 4,25.4,Zone 4,31.3,Zone 4,29.8,Zone 4,35.4,Zone 4
Meghalaya,Jaintia Hills,Anlarem,18.8,2026-03-08,23:45:00,100.0,2026-03-08,23:45:00,2026-03-09 00:20:22,20.05000000000001,Zone 3,35.1,Zone 4,20.3,Zone 3,27.1,Zone 4,25.1,Zone 3,32.2,Zone 4,30.2,Zone 4,37.5,Zone 5,35.1,Zone 4,51.8,Zone 5
Meghalaya,Ri Bhoi,Umtrewdam,29.0,2026-03-09,00:00:00,,,,2026-03-09 00:20:22,,,,,,,,,,,,,,,,,,,,
Meghalaya,South Garo Hills,Baghmara,22.8,2026-03-09,00:00:00,99.0,2026-03-08,00:00:00,2026-03-09 00:20:22,24.55000000000001,Zone 3,55.1,Zone 5,24.7,Zone 3,33.5,Zone 4,30.9,Zone 4,45.3,Zone 5,37.7,Zone 5,59.4,Zone 5,55.1,Zone 5,62.3,Zone 5
Meghalaya,West Garo Hills,Tura,23.7,2026-03-09,00:00:00,71.0,2026-03-08,00:00:00,2026-03-09 00:20:22,24.450000000000045,Zone 3,39.1,Zone 4,24.2,Zone 3,31.7,Zone 4,29.4,Zone 4,36.5,Zone 4,34.4,Zone 4,43.8,Zone 5,39.1,Zone 4,57.6,Zone 5
Meghalaya,West Khasi Hills,Nongstoin,15.7,2026-03-09,00:00:00,90.0,2026-03-08,00:00:00,2026-03-09 00:20:22,15.75,Zone 3,29.9,Zone 4,15.5,Zone 3,23.6,Zone 3,22.1,Zone 3,27.3,Zone 4,25.7,Zone 4,31.5,Zone 4,29.9,Zone 4,35.5,Zone 4
Mizoram,Mamit,Lengpui Kvk,20.2,2026-03-09,00:15:00,100.0,2026-03-08,00:15:00,2026-03-09 00:20:22,21.75,Zone 3,36.9,Zone 5,21.5,Zone 3,28.5,Zone 4,26.3,Zone 4,33.7,Zone 4,31.7,Zone 4,42.9,Zone 5,36.9,Zone 5,57.0,Zone 5
Odisha,Balangir,Bolangir,32.9,2026-03-09,00:00:00,100.0,2026-03-08,00:00:00,2026-03-09 00:20:22,70.75,Zone 5,80.0,Zone 6,71.2,Zone 5,75.5,Zone 6,74.1,Zone 6,78.5,Zone 6,77.1,Zone 6,81.4,Zone 6,80.0,Zone 6,84.2,Zone 6
Odisha,Cuttack,Cuttack Kvk,25.0,2026-03-09,00:15:00,,,,2026-03-09 00:20:22,,,,,,,,,,,,,,,,,,,,
Odisha,Gajapati,Paralakhemundi,,,,86.0,2026-03-08,23:45:00,2026-03-09 00:20:22,,,,,,,,,,,,,,,,,,,,
Odisha,Ganjam,Benakuda Kvk,25.0,2026-03-09,00:15:00,82.0,2026-03-08,00:15:00,2026-03-09 00:20:22,26.650000000000034,Zone 4,54.6,Zone 5,26.6,Zone 4,35.3,Zone 4,32.7,Zone 4,45.3,Zone 5,38.4,Zone 4,59.4,Zone 5,54.6,Zone 5,62.3,Zone 5
Odisha,Mayurbhanj,Karanjia,45.7,2026-03-08,23:45:00,81.0,2026-03-08,23:45:00,2026-03-09 00:20:22,111.55000000000001,Zone 6,119.0,Zone 6,110.7,Zone 6,115.0,Zone 6,113.5,Zone 6,117.7,Zone 6,116.3,Zone 6,120.5,Zone 6,119.0,Zone 6,123.2,Zone 6
Odisha,Mayurbhanj,Mayurbhanj Kvk,,,,100.0,2026-03-08,00:15:00,2026-03-09 00:20:22,,,,,,,,,,,,,,,,,,,,
Odisha,Nuapada,Nawapada,24.3,2026-03-09,00:00:00,52.0,2026-03-08,00:00:00,2026-03-09 00:20:22,24.25,Zone 3,38.0,Zone 4,24.5,Zone 3,31.6,Zone 4,29.4,Zone 4,35.9,Zone 4,33.8,Zone 4,40.0,Zone 4,38.0,Zone 4,49.2,Zone 5
Odisha,Puri,Puri Kvk,25.4,2026-03-09,00:15:00,54.0,2026-03-08,00:15:00,2026-03-09 00:20:22,25.650000000000034,Zone 4,39.7,Zone 4,25.7,Zone 4,33.0,Zone 4,30.7,Zone 4,37.5,Zone 4,35.3,Zone 4,41.7,Zone 4,39.7,Zone 4,55.2,Zone 5
Odisha,Rayagada,Gunupur Kvk,26.0,2026-03-09,00:15:00,100.0,2026-03-08,00:15:00,2026-03-09 00:20:22,30.150000000000034,Zone 4,63.2,Zone 5,30.1,Zone 4,52.0,Zone 5,42.0,Zone 5,61.4,Zone 5,59.8,Zone 5,64.4,Zone 5,63.2,Zone 5,66.6,Zone 5
Puducherry,Karaikal,Karaikal,26.3,2026-03-09,00:00:00,99.0,2026-03-08,00:00:00,2026-03-09 00:20:22,30.650000000000034,Zone 4,63.9,Zone 5,31.2,Zone 4,55.6,Zone 5,45.8,Zone 5,62.2,Zone 5,60.5,Zone 5,65.0,Zone 5,63.9,Zone 5,67.1,Zone 5
Puducherry,Puducherry,Puducherry,26.6,2026-03-09,00:00:00,87.0,2026-03-08,00:00:00,2026-03-09 00:20:22,29.850000000000023,Zone 4,61.3,Zone 5,29.7,Zone 4,42.1,Zone 5,36.5,Zone 4,59.4,Zone 5,53.2,Zone 5,62.7,Zone 5,61.3,Zone 5,65.1,Zone 5
Puducherry,Puducherry,Puducherry Kvk,26.6,2026-03-09,00:00:00,88.0,2026-03-08,00:00:00,2026-03-09 00:20:22,29.950000000000045,Zone 4,61.5,Zone 5,29.8,Zone 4,43.2,Zone 5,36.7,Zone 4,59.6,Zone 5,54.2,Zone 5,62.9,Zone 5,61.5,Zone 5,65.3,Zone 5
Punjab,Bathinda,Bhatinda Amfu,21.3,2026-03-09,00:00:00,11.0,2026-03-08,00:00:00,2026-03-09 00:20:22,18.150000000000034,Zone 3,31.7,Zone 4,18.4,Zone 3,26.6,Zone 4,24.8,Zone 3,30.1,Zone 4,28.4,Zone 4,33.3,Zone 4,31.7,Zone 4,36.4,Zone 4
Punjab,Fazilka,Fazilka,19.7,2026-03-09,00:00:00,,,,2026-03-09 00:20:22,,,,,,,,,,,,,,,,,,,,
Punjab,Firozpur,Firozpur Kvk,19.9,2026-03-09,00:15:00,99.0,2026-03-08,00:15:00,2026-03-09 00:20:22,21.350000000000023,Zone 3,36.6,Zone 4,21.4,Zone 3,28.5,Zone 4,26.3,Zone 4,33.6,Zone 4,31.6,Zone 4,42.3,Zone 5,36.6,Zone 4,56.5,Zone 5
Punjab,Hoshiarpur,Hosiyarpur,18.2,2026-03-09,00:00:00,100.0,2026-03-08,00:00:00,2026-03-09 00:20:22,19.350000000000023,Zone 3,33.6,Zone 4,19.1,Zone 3,25.8,Zone 4,24.4,Zone 3,30.7,Zone 4,28.9,Zone 4,35.4,Zone 4,33.6,Zone 4,46.4,Zone 5
Punjab,Mohali,Mohali,24.8,2026-03-09,00:00:00,,,,2026-03-09 00:20:22,,,,,,,,,,,,,,,,,,,,
Punjab,Muktsar,Gidderbaha,23.1,2026-03-09,00:00:00,,,,2026-03-09 00:20:22,,,,,,,,,,,,,,,,,,,,
Rajasthan,Ajmer,Ajmer,24.1,2026-03-09,00:00:00,42.0,2026-03-08,00:00:00,2026-03-09 00:20:22,23.55000000000001,Zone 3,36.3,Zone 4,23.4,Zone 3,30.3,Zone 4,28.2,Zone 4,34.3,Zone 4,32.4,Zone 4,38.2,Zone 4,36.3,Zone 4,41.8,Zone 4
Rajasthan,Baran,Anta-Baran Kvk,17.7,2026-03-09,00:15:00,,,,2026-03-09 00:20:22,,,,,,,,,,,,,,,,,,,,
Rajasthan,Barmer,Barmer,6.0,2026-03-09,00:00:00,30.0,2026-03-08,00:00:00,2026-03-09 00:20:22,4.150000000000034,Zone 2,22.4,Zone 3,4.2,Zone 2,14.7,Zone 3,12.8,Zone 2,20.0,Zone 3,18.6,Zone 3,23.2,Zone 3,22.4,Zone 3,25.4,Zone 4
Rajasthan,Bikaner,Bikaner Amfu,22.7,2026-03-09,00:00:00,43.0,2026-03-08,00:00:00,2026-03-09 00:20:22,21.950000000000045,Zone 3,34.8,Zone 4,21.7,Zone 3,28.8,Zone 4,26.8,Zone 4,32.8,Zone 4,30.9,Zone 4,36.6,Zone 4,34.8,Zone 4,40.2,Zone 4
Rajasthan,Bikaner,Chattargarh,22.8,2026-03-09,00:00:00,100.0,2026-03-08,00:00:00,2026-03-09 00:20:22,24.55000000000001,Zone 3,55.8,Zone 5,24.8,Zone 3,33.6,Zone 4,31.0,Zone 4,46.2,Zone 5,38.5,Zone 5,59.6,Zone 5,55.8,Zone 5,62.5,Zone 5
Rajasthan,Chittaurgarh,Chittorgarh Kvk,20.7,2026-03-09,00:15:00,,,,2026-03-09 00:20:22,,,,,,,,,,,,,,,,,,,,
Rajasthan,Churu,Churu,24.1,2026-03-09,00:00:00,50.0,2026-03-08,00:00:00,2026-03-09 00:20:22,23.950000000000045,Zone 3,37.2,Zone 4,23.8,Zone 3,30.8,Zone 4,28.7,Zone 4,35.1,Zone 4,33.1,Zone 4,39.1,Zone 4,37.2,Zone 4,45.5,Zone 5
Rajasthan,Dungarpur,Dungarpur Kvk,,,,30.0,2026-03-08,00:15:00,2026-03-09 00:20:22,,,,,,,,,,,,,,,,,,,,
Rajasthan,Ganganagar,Ganganagar,39.0,2026-03-08,23:45:00,77.0,2026-03-08,23:45:00,2026-03-09 00:20:22,80.15000000000003,Zone 6,88.9,Zone 6,80.2,Zone 6,84.6,Zone 6,83.1,Zone 6,87.5,Zone 6,86.0,Zone 6,90.4,Zone 6,88.9,Zone 6,93.2,Zone 6
Rajasthan,Jaisalmer,Jaisalmer,22.4,2026-03-09,00:00:00,21.0,2026-03-08,00:00:00,2026-03-09 00:20:22,20.150000000000034,Zone 3,33.1,Zone 4,20.3,Zone 3,27.8,Zone 4,25.9,Zone 4,31.4,Zone 4,29.7,Zone 4,34.8,Zone 4,33.1,Zone 4,38.1,Zone 4
Rajasthan,Jalore,Jalore Kvk,21.2,2026-03-09,00:15:00,44.0,2026-03-08,00:15:00,2026-03-09 00:20:22,20.150000000000034,Zone 3,33.3,Zone 4,19.9,Zone 3,27.3,Zone 4,25.4,Zone 4,31.3,Zone 4,29.5,Zone 4,35.0,Zone 4,33.3,Zone 4,38.6,Zone 4
Rajasthan,Jhunjhunu,Jhunjhunu(Aws),25.7,2026-03-09,00:00:00,43.0,2026-03-08,00:00:00,2026-03-09 00:20:22,25.450000000000045,Zone 4,38.2,Zone 4,25.2,Zone 3,32.0,Zone 4,29.9,Zone 4,36.2,Zone 4,34.1,Zone 4,40.1,Zone 4,38.2,Zone 4,46.7,Zone 5
Rajasthan,Jhunjhunu,Pilani,20.2,2026-03-09,00:00:00,76.0,2026-03-08,00:00:00,2026-03-09 00:20:22,20.650000000000034,Zone 3,34.5,Zone 4,20.4,Zone 3,27.4,Zone 4,25.4,Zone 4,32.0,Zone 4,30.1,Zone 4,36.3,Zone 4,34.5,Zone 4,43.8,Zone 5
Rajasthan,Jodhpur,Jodhpur,25.6,2026-03-09,00:00:00,38.0,2026-03-08,00:00:00,2026-03-09 00:20:22,25.150000000000034,Zone 3,37.6,Zone 4,25.0,Zone 3,31.7,Zone 4,29.5,Zone 4,35.7,Zone 4,33.7,Zone 4,39.5,Zone 4,37.6,Zone 4,43.1,Zone 4
Rajasthan,Karauli,Karauli Kvk,20.8,2026-03-09,00:15:00,,,,2026-03-09 00:20:22,,,,,,,,,,,,,,,,,,,,
Rajasthan,Pali,Pali,20.4,2026-03-09,00:00:00,48.0,2026-03-08,00:00:00,2026-03-09 00:20:22,19.350000000000023,Zone 3,33.1,Zone 4,19.5,Zone 3,26.9,Zone 4,25.1,Zone 3,31.0,Zone 4,29.2,Zone 4,34.8,Zone 4,33.1,Zone 4,38.4,Zone 4
Rajasthan,Sikar,Fatehpur Amfu,18.7,2026-03-08,23:45:00,44.0,2026-03-08,23:45:00,2026-03-09 00:20:22,17.05000000000001,Zone 3,30.9,Zone 4,16.8,Zone 3,25.0,Zone 3,23.4,Zone 3,28.8,Zone 4,27.2,Zone 4,32.5,Zone 4,30.9,Zone 4,36.0,Zone 4
Rajasthan,Sirohi,Mount Abu,16.2,2026-03-09,00:00:00,56.0,2026-03-08,00:00:00,2026-03-09 00:20:22,14.650000000000034,Zone 3,29.1,Zone 4,14.4,Zone 3,23.4,Zone 3,21.6,Zone 3,26.9,Zone 4,25.3,Zone 3,30.6,Zone 4,29.1,Zone 4,34.2,Zone 4
Rajasthan,Sirohi,Sirohi Kvk,18.9,2026-03-09,00:15:00,38.0,2026-03-08,00:15:00,2026-03-09 00:20:22,16.950000000000045,Zone 3,31.1,Zone 4,17.1,Zone 3,25.2,Zone 3,23.6,Zone 3,29.1,Zone 4,27.4,Zone 4,32.7,Zone 4,31.1,Zone 4,36.1,Zone 4
Rajasthan,Sri Ganganagar,Gharsana,24.8,2026-03-08,23:45:00,74.0,2026-03-08,23:45:00,2026-03-09 00:20:22,25.850000000000023,Zone 4,47.6,Zone 5,26.1,Zone 4,34.3,Zone 4,31.9,Zone 4,39.5,Zone 4,37.1,Zone 4,54.8,Zone 5,47.6,Zone 5,61.0,Zone 5
Tamil Nadu,Ariyalur,Ariyalur,24.1,2026-03-08,23:45:00,92.0,2026-03-08,23:45:00,2026-03-09 00:20:22,25.850000000000023,Zone 4,56.3,Zone 5,25.7,Zone 4,34.7,Zone 4,32.0,Zone 4,46.9,Zone 5,38.9,Zone 5,59.8,Zone 5,56.3,Zone 5,62.6,Zone 5
Tamil Nadu,Chengalpattu,Vit Chennai,24.7,2026-03-08,23:45:00,86.0,2026-03-08,23:45:00,2026-03-09 00:20:22,26.450000000000045,Zone 4,54.7,Zone 5,26.1,Zone 4,34.9,Zone 4,32.3,Zone 4,45.4,Zone 5,38.0,Zone 4,59.4,Zone 5,54.7,Zone 5,62.3,Zone 5
Tamil Nadu,Chennai,Anna University,26.2,2026-03-09,00:00:00,85.0,2026-03-08,00:00:00,2026-03-09 00:20:22,28.850000000000023,Zone 4,60.1,Zone 5,28.5,Zone 4,37.9,Zone 4,35.0,Zone 4,55.4,Zone 5,47.1,Zone 5,61.5,Zone 5,60.1,Zone 5,64.1,Zone 5
Tamil Nadu,Chennai,Chennai,26.9,2026-03-09,00:00:00,90.0,2026-03-08,00:00:00,2026-03-09 00:20:22,30.850000000000023,Zone 4,62.8,Zone 5,31.1,Zone 4,50.0,Zone 5,39.7,Zone 5,61.0,Zone 5,59.2,Zone 5,64.1,Zone 5,62.8,Zone 5,66.3,Zone 5
Tamil Nadu,Chennai,Ennore Port,26.2,2026-03-09,00:00:00,77.0,2026-03-08,00:00:00,2026-03-09 00:20:22,28.150000000000034,Zone 4,56.5,Zone 5,27.9,Zone 4,36.6,Zone 4,33.9,Zone 4,47.7,Zone 5,39.5,Zone 4,59.9,Zone 5,56.5,Zone 5,62.7,Zone 5
Tamil Nadu,Chennai,Meenambakkam Isro,24.8,2026-03-08,23:45:00,84.0,2026-03-08,23:45:00,2026-03-09 00:20:22,26.450000000000045,Zone 4,56.2,Zone 5,26.8,Zone 4,35.6,Zone 4,33.0,Zone 4,47.2,Zone 5,38.9,Zone 5,59.8,Zone 5,56.2,Zone 5,62.6,Zone 5
Tamil Nadu,Chennai,Niot Pallikaranai,26.2,2026-03-08,23:45:00,80.0,2026-03-08,23:45:00,2026-03-09 00:20:22,28.450000000000045,Zone 4,58.9,Zone 5,28.1,Zone 4,37.0,Zone 4,34.3,Zone 4,50.6,Zone 5,42.0,Zone 5,60.5,Zone 5,58.9,Zone 5,63.3,Zone 5
Tamil Nadu,Coimbatore,Coimbatore Amfu,25.9,2026-03-08,23:45:00,73.0,2026-03-08,23:45:00,2026-03-09 00:20:22,27.350000000000023,Zone 4,52.9,Zone 5,27.5,Zone 4,36.0,Zone 4,33.4,Zone 4,43.9,Zone 5,38.8,Zone 4,59.1,Zone 5,52.9,Zone 5,62.0,Zone 5
Tamil Nadu,Cuddalore,Neyveli,23.7,2026-03-09,00:00:00,99.0,2026-03-08,00:00:00,2026-03-09 00:20:22,25.55000000000001,Zone 4,58.2,Zone 5,25.2,Zone 3,34.5,Zone 4,31.8,Zone 4,49.1,Zone 5,41.2,Zone 5,60.2,Zone 5,58.2,Zone 5,63.0,Zone 5
Tamil Nadu,Cuddalore,Vridha Chalam,25.2,2026-03-08,23:45:00,86.0,2026-03-08,23:45:00,2026-03-09 00:20:22,27.25,Zone 4,57.8,Zone 5,26.9,Zone 4,35.9,Zone 4,33.2,Zone 4,49.0,Zone 5,40.6,Zone 5,60.2,Zone 5,57.8,Zone 5,63.0,Zone 5
Tamil Nadu,Dharmapuri,Palacode,24.8,2026-03-09,00:00:00,68.0,2026-03-08,00:00:00,2026-03-09 00:20:22,25.55000000000001,Zone 4,42.4,Zone 5,25.8,Zone 4,33.7,Zone 4,31.3,Zone 4,38.6,Zone 4,36.3,Zone 4,49.9,Zone 5,42.4,Zone 5,59.9,Zone 5
Tamil Nadu,Dindigul,Natham Isro,22.2,2026-03-08,23:45:00,69.0,2026-03-08,23:45:00,2026-03-09 00:20:22,22.650000000000034,Zone 3,36.6,Zone 4,22.4,Zone 3,29.6,Zone 4,27.4,Zone 4,34.1,Zone 4,32.1,Zone 4,38.5,Zone 4,36.6,Zone 4,49.2,Zone 5
Tamil Nadu,Dindigul,Palani,24.8,2026-03-08,23:45:00,69.0,2026-03-08,23:45:00,2026-03-09 00:20:22,25.650000000000034,Zone 4,43.2,Zone 5,25.9,Zone 4,33.8,Zone 4,31.4,Zone 4,38.7,Zone 4,36.5,Zone 4,50.7,Zone 5,43.2,Zone 5,60.1,Zone 5
Tamil Nadu,Dindigul,Vedasandur,27.8,2026-03-09,00:00:00,58.0,2026-03-08,00:00:00,2026-03-09 00:20:22,28.950000000000045,Zone 4,50.3,Zone 5,29.3,Zone 4,37.2,Zone 4,34.7,Zone 4,42.1,Zone 4,39.7,Zone 4,57.6,Zone 5,50.3,Zone 5,61.6,Zone 5
Tamil Nadu,Erode,Erode Isro,,,,54.0,2026-03-08,00:00:00,2026-03-09 00:20:22,,,,,,,,,,,,,,,,,,,,
Tamil Nadu,Kallakurichi,Kallakurichi,32.1,2026-03-08,23:45:00,79.0,2026-03-08,23:45:00,2026-03-09 00:20:22,51.55000000000001,Zone 5,68.5,Zone 5,50.2,Zone 5,64.5,Zone 5,62.5,Zone 5,67.4,Zone 5,66.1,Zone 5,69.4,Zone 5,68.5,Zone 5,70.9,Zone 5
Tamil Nadu,Kanchipuram,Acs Medical College,26.9,2026-03-08,23:45:00,84.0,2026-03-08,23:45:00,2026-03-09 00:20:22,30.150000000000034,Zone 4,61.5,Zone 5,30.3,Zone 4,43.1,Zone 5,37.1,Zone 4,59.6,Zone 5,53.9,Zone 5,62.8,Zone 5,61.5,Zone 5,65.3,Zone 5
Tamil Nadu,Kanchipuram,Chembarambakkam,25.4,2026-03-09,00:00:00,88.0,2026-03-08,00:00:00,2026-03-09 00:20:22,27.75,Zone 4,59.9,Zone 5,27.9,Zone 4,37.3,Zone 4,34.5,Zone 4,54.5,Zone 5,46.3,Zone 5,61.3,Zone 5,59.9,Zone 5,64.0,Zone 5
Tamil Nadu,Kanchipuram,Hindustan University,26.4,2026-03-09,00:00:00,87.0,2026-03-08,00:00:00,2026-03-09 00:20:22,29.450000000000045,Zone 4,61.3,Zone 5,29.7,Zone 4,42.1,Zone 5,36.5,Zone 4,59.4,Zone 5,53.2,Zone 5,62.7,Zone 5,61.3,Zone 5,65.1,Zone 5
Tamil Nadu,Kanchipuram,Lmois  Kolapakkam,27.0,2026-03-09,00:00:00,76.0,2026-03-08,00:00:00,2026-03-09 00:20:22,29.450000000000045,Zone 4,59.6,Zone 5,29.4,Zone 4,38.4,Zone 4,35.7,Zone 4,53.8,Zone 5,45.1,Zone 5,61.2,Zone 5,59.6,Zone 5,63.8,Zone 5
Tamil Nadu,Kanchipuram,Sathyabama  University,26.2,2026-03-09,00:00:00,89.0,2026-03-08,00:00:00,2026-03-09 00:20:22,29.25,Zone 4,60.9,Zone 5,28.9,Zone 4,40.1,Zone 5,35.7,Zone 4,58.8,Zone 5,51.3,Zone 5,62.3,Zone 5,60.9,Zone 5,64.8,Zone 5
Tamil Nadu,Kanyakumari,Nagercoil,21.3,2026-03-09,00:00:00,69.0,2026-03-08,00:00:00,2026-03-09 00:20:22,21.55000000000001,Zone 3,35.9,Zone 4,21.8,Zone 3,28.9,Zone 4,26.8,Zone 4,33.5,Zone 4,31.5,Zone 4,37.8,Zone 4,35.9,Zone 4,46.8,Zone 5
Tamil Nadu,Kanyakumari,Neyyoor,25.4,2026-03-09,00:00:00,90.0,2026-03-08,00:00:00,2026-03-09 00:20:22,27.850000000000023,Zone 4,60.3,Zone 5,28.1,Zone 4,37.6,Zone 4,34.8,Zone 4,56.3,Zone 5,48.3,Zone 5,61.7,Zone 5,60.3,Zone 5,64.3,Zone 5
Tamil Nadu,Kanyakumari,Thirupathisaram Amfu,24.6,2026-03-08,23:45:00,99.0,2026-03-08,23:45:00,2026-03-09 00:20:22,27.150000000000034,Zone 4,60.5,Zone 5,27.0,Zone 4,37.7,Zone 5,33.9,Zone 4,56.7,Zone 5,49.1,Zone 5,61.8,Zone 5,60.5,Zone 5,64.4,Zone 5
Tamil Nadu,Krishnagiri,Denkanikottai,22.2,2026-03-09,00:00:00,55.0,2026-03-08,00:00:00,2026-03-09 00:20:22,21.950000000000045,Zone 3,35.3,Zone 4,21.7,Zone 3,28.8,Zone 4,26.8,Zone 4,33.1,Zone 4,31.2,Zone 4,37.1,Zone 4,35.3,Zone 4,40.9,Zone 4
Tamil Nadu,Krishnagiri,Hosur,22.2,2026-03-09,00:00:00,64.0,2026-03-08,00:00:00,2026-03-09 00:20:22,22.450000000000045,Zone 3,36.1,Zone 4,22.2,Zone 3,29.3,Zone 4,27.2,Zone 4,33.7,Zone 4,31.8,Zone 4,38.0,Zone 4,36.1,Zone 4,46.0,Zone 5
Tamil Nadu,Madurai,Madurai Isro,24.1,2026-03-09,00:00:00,,,,2026-03-09 00:20:22,,,,,,,,,,,,,,,,,,,,
Tamil Nadu,Perambalur,Perambalur,22.7,2026-03-08,23:45:00,84.0,2026-03-08,23:45:00,2026-03-09 00:20:22,23.850000000000023,Zone 3,40.6,Zone 5,23.6,Zone 3,31.2,Zone 4,28.9,Zone 4,36.4,Zone 4,34.2,Zone 4,47.5,Zone 5,40.6,Zone 5,59.4,Zone 5
Tamil Nadu,Pudukkottai,Vamban Kvk,24.1,2026-03-09,00:15:00,88.0,2026-03-08,00:15:00,2026-03-09 00:20:22,25.650000000000034,Zone 4,53.1,Zone 5,25.5,Zone 4,34.2,Zone 4,31.6,Zone 4,43.5,Zone 5,37.3,Zone 4,59.0,Zone 5,53.1,Zone 5,62.0,Zone 5
Tamil Nadu,Ramanathapuram,Ramnadu Kvk,26.7,2026-03-09,00:00:00,,,,2026-03-09 00:20:22,,,,,,,,,,,,,,,,,,,,
Tamil Nadu,Salem,Sandhiyur Kvk,26.4,2026-03-09,00:15:00,51.0,2026-03-08,00:15:00,2026-03-09 00:20:22,26.650000000000034,Zone 4,40.6,Zone 4,26.8,Zone 4,34.1,Zone 4,31.7,Zone 4,38.5,Zone 4,36.3,Zone 4,43.4,Zone 5,40.6,Zone 4,57.2,Zone 5
Tamil Nadu,Thanjavur,Adiramapattinam,25.1,2026-03-09,00:00:00,100.0,2026-03-08,00:00:00,2026-03-09 00:20:22,28.150000000000034,Zone 4,61.5,Zone 5,28.0,Zone 4,42.7,Zone 5,35.2,Zone 4,59.5,Zone 5,54.1,Zone 5,62.8,Zone 5,61.5,Zone 5,65.2,Zone 5
Tamil Nadu,The Nilgiris,Coonoor,15.6,2026-03-09,00:00:00,78.0,2026-03-08,00:00:00,2026-03-09 00:20:22,15.050000000000011,Zone 3,29.5,Zone 4,14.9,Zone 3,23.4,Zone 3,21.8,Zone 3,27.0,Zone 4,25.4,Zone 4,31.0,Zone 4,29.5,Zone 4,34.8,Zone 4
Tamil Nadu,Thoothukudi,Thiruchendur,25.2,2026-03-09,00:00:00,99.0,2026-03-08,00:00:00,2026-03-09 00:20:22,28.25,Zone 4,61.3,Zone 5,27.9,Zone 4,41.7,Zone 5,35.0,Zone 4,59.3,Zone 5,53.2,Zone 5,62.6,Zone 5,61.3,Zone 5,65.1,Zone 5
Tamil Nadu,Thoothukudi,Tuticorin Airport,25.4,2026-03-09,00:00:00,91.0,2026-03-08,00:00:00,2026-03-09 00:20:22,27.950000000000045,Zone 4,60.5,Zone 5,28.1,Zone 4,38.2,Zone 5,34.9,Zone 4,57.1,Zone 5,49.3,Zone 5,61.9,Zone 5,60.5,Zone 5,64.5,Zone 5
Tamil Nadu,Thoothukudi,Tuticorin Railway Station,26.1,2026-03-09,00:00:00,84.0,2026-03-08,00:00:00,2026-03-09 00:20:22,28.650000000000034,Zone 4,59.8,Zone 5,28.4,Zone 4,37.7,Zone 4,34.9,Zone 4,54.4,Zone 5,46.0,Zone 5,61.3,Zone 5,59.8,Zone 5,63.9,Zone 5
Tamil Nadu,Tiruchirappalli,Thuvakudi Isro,23.8,2026-03-08,23:45:00,85.0,2026-03-08,23:45:00,2026-03-09 00:20:22,25.05000000000001,Zone 3,50.7,Zone 5,25.3,Zone 3,33.8,Zone 4,31.3,Zone 4,41.1,Zone 5,36.9,Zone 4,57.2,Zone 5,50.7,Zone 5,61.5,Zone 5
Tamil Nadu,Tirunelveli,Tirunelveli,25.6,2026-03-09,00:00:00,78.0,2026-03-08,00:00:00,2026-03-09 00:20:22,27.25,Zone 4,54.3,Zone 5,27.1,Zone 4,35.7,Zone 4,33.1,Zone 4,45.2,Zone 5,38.7,Zone 4,59.4,Zone 5,54.3,Zone 5,62.3,Zone 5
Tamil Nadu,Tiruvallur,Good Will School Villivakkam,26.1,2026-03-09,00:00:00,80.0,2026-03-08,00:00:00,2026-03-09 00:20:22,28.25,Zone 4,58.9,Zone 5,28.1,Zone 4,37.0,Zone 4,34.3,Zone 4,50.6,Zone 5,42.0,Zone 5,60.5,Zone 5,58.9,Zone 5,63.3,Zone 5
Tamil Nadu,Tiruvallur,Poonamallee,25.4,2026-03-09,00:00:00,83.0,2026-03-08,00:00:00,2026-03-09 00:20:22,27.350000000000023,Zone 4,58.4,Zone 5,27.5,Zone 4,36.5,Zone 4,33.8,Zone 4,49.9,Zone 5,41.3,Zone 5,60.4,Zone 5,58.4,Zone 5,63.1,Zone 5
Tamil Nadu,Tiruvallur,R.K.Pet,24.9,2026-03-08,23:45:00,88.0,2026-03-08,23:45:00,2026-03-09 00:20:22,26.850000000000023,Zone 4,59.1,Zone 5,27.0,Zone 4,36.2,Zone 4,33.5,Zone 4,50.8,Zone 5,42.4,Zone 5,60.6,Zone 5,59.1,Zone 5,63.3,Zone 5
Tamil Nadu,Tiruvallur,Tirur Kvk,24.3,2026-03-09,00:15:00,,,,2026-03-09 00:20:22,,,,,,,,,,,,,,,,,,,,
Tamil Nadu,Tiruvannamalai,Cheyyar,24.8,2026-03-09,00:00:00,93.0,2026-03-08,00:00:00,2026-03-09 00:20:22,27.05000000000001,Zone 4,60.1,Zone 5,27.4,Zone 4,36.9,Zone 4,34.1,Zone 4,55.3,Zone 5,47.3,Zone 5,61.5,Zone 5,60.1,Zone 5,64.1,Zone 5
Tamil Nadu,Vellore,Virinjipuram Kvk,24.8,2026-03-09,00:15:00,49.0,2026-03-08,00:15:00,2026-03-09 00:20:22,24.75,Zone 3,38.3,Zone 4,24.9,Zone 3,31.9,Zone 4,29.7,Zone 4,36.2,Zone 4,34.1,Zone 4,40.3,Zone 4,38.3,Zone 4,49.2,Zone 5
Tamil Nadu,Virudhunagar,Aruppukottai Kvk,24.1,2026-03-09,00:15:00,64.0,2026-03-08,00:15:00,2026-03-09 00:20:22,24.55000000000001,Zone 3,38.9,Zone 4,24.5,Zone 3,31.9,Zone 4,29.6,Zone 4,36.5,Zone 4,34.4,Zone 4,41.3,Zone 5,38.9,Zone 4,55.5,Zone 5
Telangana,Hanumakonda,Hanumakonda,25.8,2026-03-09,00:00:00,75.0,2026-03-08,00:00:00,2026-03-09 00:20:22,27.350000000000023,Zone 4,54.7,Zone 5,27.7,Zone 4,36.3,Zone 4,33.6,Zone 4,45.8,Zone 5,39.2,Zone 4,59.5,Zone 5,54.7,Zone 5,62.4,Zone 5
Telangana,Hyderabad,Golkonda,28.0,2026-03-08,23:45:00,65.0,2026-03-08,23:45:00,2026-03-09 00:20:22,29.950000000000045,Zone 4,57.3,Zone 5,30.0,Zone 4,38.4,Zone 4,35.7,Zone 4,49.2,Zone 5,41.1,Zone 4,60.2,Zone 5,57.3,Zone 5,63.0,Zone 5
Telangana,Karimnagar,Karimnagar,25.1,2026-03-09,00:00:00,82.0,2026-03-08,00:00:00,2026-03-09 00:20:22,26.75,Zone 4,54.6,Zone 5,26.6,Zone 4,35.3,Zone 4,32.7,Zone 4,45.3,Zone 5,38.4,Zone 4,59.4,Zone 5,54.6,Zone 5,62.3,Zone 5
Telangana,Khammam,Khammam,25.2,2026-03-09,00:00:00,87.0,2026-03-08,00:00:00,2026-03-09 00:20:22,27.25,Zone 4,58.5,Zone 5,27.0,Zone 4,36.0,Zone 4,33.3,Zone 4,49.9,Zone 5,41.5,Zone 5,60.4,Zone 5,58.5,Zone 5,63.1,Zone 5
Telangana,Khammam,Wyra Kvk,25.0,2026-03-08,23:45:00,79.0,2026-03-08,23:45:00,2026-03-09 00:20:22,26.450000000000045,Zone 4,52.0,Zone 5,26.4,Zone 4,34.9,Zone 4,32.4,Zone 4,42.7,Zone 5,37.9,Zone 4,58.4,Zone 5,52.0,Zone 5,61.8,Zone 5
Telangana,Kumuram Bheem Asifabad ,Asifabad,21.1,2026-03-09,00:00:00,51.0,2026-03-08,00:00:00,2026-03-09 00:20:22,20.450000000000045,Zone 3,33.8,Zone 4,20.3,Zone 3,27.6,Zone 4,25.6,Zone 4,31.7,Zone 4,29.8,Zone 4,35.6,Zone 4,33.8,Zone 4,39.3,Zone 4
Telangana,Mahabubabad,Malyal Kvk,24.8,2026-03-09,00:15:00,99.0,2026-03-08,00:15:00,2026-03-09 00:20:22,27.55000000000001,Zone 4,61.3,Zone 5,27.9,Zone 4,41.7,Zone 5,35.0,Zone 4,59.3,Zone 5,53.2,Zone 5,62.6,Zone 5,61.3,Zone 5,65.1,Zone 5
Telangana,Mahbubnagar,Mahbubnagar,25.4,2026-03-09,00:00:00,62.0,2026-03-08,00:00:00,2026-03-09 00:20:22,26.05000000000001,Zone 4,40.9,Zone 4,26.2,Zone 4,33.8,Zone 4,31.4,Zone 4,38.5,Zone 4,36.3,Zone 4,47.7,Zone 5,40.9,Zone 4,59.5,Zone 5
Telangana,Medak,Medak,23.3,2026-03-09,00:00:00,64.0,2026-03-08,00:00:00,2026-03-09 00:20:22,23.650000000000034,Zone 3,38.2,Zone 4,23.9,Zone 3,31.2,Zone 4,29.0,Zone 4,35.8,Zone 4,33.7,Zone 4,40.1,Zone 4,38.2,Zone 4,53.2,Zone 5
Telangana,Medchal Malkajgiri,Kukatpally Jntu,26.7,2026-03-09,00:00:00,75.0,2026-03-08,00:00:00,2026-03-09 00:20:22,28.850000000000023,Zone 4,57.7,Zone 5,28.5,Zone 4,37.2,Zone 4,34.5,Zone 4,49.3,Zone 5,40.5,Zone 5,60.2,Zone 5,57.7,Zone 5,63.0,Zone 5
Telangana,Nalgonda,Devarakonda,28.0,2026-03-09,00:00:00,72.0,2026-03-08,00:00:00,2026-03-09 00:20:22,30.75,Zone 4,60.3,Zone 5,30.8,Zone 4,39.8,Zone 4,37.0,Zone 4,56.6,Zone 5,48.0,Zone 5,61.8,Zone 5,60.3,Zone 5,64.3,Zone 5
Telangana,Nirmal ,Bhainsa Arg,24.2,2026-03-09,00:00:00,66.0,2026-03-08,00:00:00,2026-03-09 00:20:22,24.75,Zone 3,39.2,Zone 4,24.6,Zone 3,32.0,Zone 4,29.7,Zone 4,36.7,Zone 4,34.6,Zone 4,42.8,Zone 5,39.2,Zone 4,56.8,Zone 5
Telangana,Peddapalli,Kunaram,25.3,2026-03-09,00:00:00,29.0,2026-03-08,00:00:00,2026-03-09 00:20:22,24.25,Zone 3,36.5,Zone 4,24.5,Zone 3,31.0,Zone 4,29.0,Zone 4,34.8,Zone 4,32.9,Zone 4,38.4,Zone 4,36.5,Zone 4,41.8,Zone 4
Telangana,Ranga Reddy,Cbit Gandipet,26.0,2026-03-09,00:00:00,59.0,2026-03-08,00:00:00,2026-03-09 00:20:22,26.650000000000034,Zone 4,41.2,Zone 4,26.6,Zone 4,34.2,Zone 4,31.8,Zone 4,38.9,Zone 4,36.7,Zone 4,47.8,Zone 5,41.2,Zone 4,59.5,Zone 5
Telangana,Ranga Reddy,Dullapally,,,,60.0,2026-03-08,00:00:00,2026-03-09 00:20:22,,,,,,,,,,,,,,,,,,,,
Telangana,Ranga Reddy,Esci Gachibowli,24.7,2026-03-09,00:00:00,67.0,2026-03-08,00:00:00,2026-03-09 00:20:22,25.350000000000023,Zone 4,40.1,Zone 4,25.1,Zone 3,32.8,Zone 4,30.5,Zone 4,37.6,Zone 4,35.4,Zone 4,46.2,Zone 5,40.1,Zone 4,59.2,Zone 5
Telangana,Ranga Reddy,Ghatkesar,21.6,2026-03-09,00:00:00,89.0,2026-03-08,00:00:00,2026-03-09 00:20:22,22.850000000000023,Zone 3,38.4,Zone 5,22.7,Zone 3,30.1,Zone 4,27.8,Zone 4,35.2,Zone 4,33.1,Zone 4,45.0,Zone 5,38.4,Zone 5,58.6,Zone 5
Telangana,Ranga Reddy,Hayathnagar,21.9,2026-03-09,00:00:00,83.0,2026-03-08,00:00:00,2026-03-09 00:20:22,22.950000000000045,Zone 3,38.2,Zone 4,23.0,Zone 3,30.4,Zone 4,28.2,Zone 4,35.4,Zone 4,33.3,Zone 4,43.9,Zone 5,38.2,Zone 4,57.7,Zone 5
Telangana,Sangareddy,Zaheerabad,24.0,2026-03-09,00:00:00,38.0,2026-03-08,00:00:00,2026-03-09 00:20:22,23.150000000000034,Zone 3,35.9,Zone 4,23.2,Zone 3,30.1,Zone 4,28.0,Zone 4,34.0,Zone 4,32.1,Zone 4,37.7,Zone 4,35.9,Zone 4,41.3,Zone 4
Telangana,Siddipet,Kaveri Siddipet,24.7,2026-03-09,00:00:00,69.0,2026-03-08,00:00:00,2026-03-09 00:20:22,25.450000000000045,Zone 4,40.5,Zone 5,25.2,Zone 3,33.0,Zone 4,30.7,Zone 4,37.9,Zone 4,35.7,Zone 4,47.9,Zone 5,40.5,Zone 5,59.5,Zone 5
Telangana,Suryapet,Suryapet Arg,25.4,2026-03-08,23:45:00,76.0,2026-03-08,23:45:00,2026-03-09 00:20:22,26.850000000000023,Zone 4,52.5,Zone 5,27.0,Zone 4,35.5,Zone 4,32.9,Zone 4,43.3,Zone 5,38.4,Zone 4,58.9,Zone 5,52.5,Zone 5,61.9,Zone 5
Telangana,Vikarabad,Tandur,21.3,2026-03-09,00:00:00,55.0,2026-03-08,00:00:00,2026-03-09 00:20:22,20.850000000000023,Zone 3,34.7,Zone 4,21.1,Zone 3,28.3,Zone 4,26.3,Zone 4,32.5,Zone 4,30.6,Zone 4,36.5,Zone 4,34.7,Zone 4,40.3,Zone 4
Tripura,Khowai,Khowai,25.4,2026-03-09,00:00:00,100.0,2026-03-08,00:00:00,2026-03-09 00:20:22,28.75,Zone 4,62.4,Zone 5,29.0,Zone 4,47.2,Zone 5,37.6,Zone 5,60.5,Zone 5,58.0,Zone 5,63.6,Zone 5,62.4,Zone 5,65.9,Zone 5
Tripura,Khowai,Teliamura,22.6,2026-03-09,00:00:00,95.0,2026-03-08,00:00:00,2026-03-09 00:20:22,24.150000000000034,Zone 3,48.7,Zone 5,24.1,Zone 3,32.2,Zone 4,29.7,Zone 4,38.9,Zone 5,35.4,Zone 4,55.2,Zone 5,48.7,Zone 5,61.1,Zone 5
Tripura,North Tripura,Kamalpur,21.1,2026-03-09,00:00:00,22.0,2026-03-08,00:00:00,2026-03-09 00:20:22,18.650000000000034,Zone 3,32.0,Zone 4,18.5,Zone 3,26.6,Zone 4,24.7,Zone 3,30.2,Zone 4,28.5,Zone 4,33.6,Zone 4,32.0,Zone 4,36.8,Zone 4
Tripura,Sipahijala,Cti,23.3,2026-03-09,00:00:00,100.0,2026-03-08,00:00:00,2026-03-09 00:20:22,25.05000000000001,Zone 3,58.9,Zone 5,25.3,Zone 3,34.6,Zone 4,31.9,Zone 4,50.0,Zone 5,42.0,Zone 5,60.4,Zone 5,58.9,Zone 5,63.2,Zone 5
Tripura,South Tripura,Gokulpur,21.6,2026-03-09,00:00:00,,,,2026-03-09 00:20:22,,,,,,,,,,,,,,,,,,,,
Tripura,West Tripura,Agartala Airport,23.8,2026-03-09,00:00:00,91.0,2026-03-08,00:00:00,2026-03-09 00:20:22,25.25,Zone 3,55.5,Zone 5,25.6,Zone 4,34.5,Zone 4,31.9,Zone 4,46.1,Zone 5,38.1,Zone 5,59.6,Zone 5,55.5,Zone 5,62.5,Zone 5
Tripura,West Tripura,Dm Office West Agartala,24.4,2026-03-09,00:00:00,,,,2026-03-09 00:20:22,,,,,,,,,,,,,,,,,,,,
Tripura,West Tripura,Hrc Nagicherra,22.5,2026-03-09,00:00:00,,,,2026-03-09 00:20:22,,,,,,,,,,,,,,,,,,,,
Tripura,West Tripura,Khumluwang,23.3,2026-03-09,00:00:00,,,,2026-03-09 00:20:22,,,,,,,,,,,,,,,,,,,,
Tripura,West Tripura,Secretariat,24.0,2026-03-09,00:00:00,,,,2026-03-09 00:20:22,,,,,,,,,,,,,,,,,,,,
Uttarakhand,Almora,Matela Kvk,14.3,2026-03-09,00:15:00,100.0,2026-03-08,00:15:00,2026-03-09 00:20:22,14.350000000000023,Zone 3,29.2,Zone 4,14.6,Zone 3,23.1,Zone 3,21.5,Zone 3,26.5,Zone 4,25.1,Zone 3,30.7,Zone 4,29.2,Zone 4,34.8,Zone 4
Uttarakhand,Bageshwar,Kapkote,,,,88.0,2026-03-08,00:00:00,2026-03-09 00:20:22,,,,,,,,,,,,,,,,,,,,
Uttarakhand,Chamoli,Chamoli,20.2,2026-03-08,23:45:00,,,,2026-03-09 00:20:22,,,,,,,,,,,,,,,,,,,,
Uttarakhand,Chamoli,Tharali,,,,14.0,2026-03-08,00:00:00,2026-03-09 00:20:22,,,,,,,,,,,,,,,,,,,,
Uttarakhand,Champawat,Champawat,14.3,2026-03-09,00:00:00,,,,2026-03-09 00:20:22,,,,,,,,,,,,,,,,,,,,
Uttarakhand,Dehradun,Dehradun,,,,76.0,2026-03-08,00:00:00,2026-03-09 00:20:22,,,,,,,,,,,,,,,,,,,,
Uttarakhand,Dehradun,Jollygrant,21.7,2026-03-09,00:00:00,77.0,2026-03-08,00:00:00,2026-03-09 00:20:22,22.450000000000045,Zone 3,36.7,Zone 4,22.2,Zone 3,29.4,Zone 4,27.2,Zone 4,34.1,Zone 4,32.1,Zone 4,38.6,Zone 4,36.7,Zone 4,51.8,Zone 5
Uttarakhand,Dehradun,Massouri,17.9,2026-03-09,00:00:00,61.0,2026-03-08,00:00:00,2026-03-09 00:20:22,17.05000000000001,Zone 3,31.3,Zone 4,17.2,Zone 3,24.9,Zone 3,23.4,Zone 3,29.0,Zone 4,27.3,Zone 4,32.9,Zone 4,31.3,Zone 4,36.6,Zone 4
Uttarakhand,Dehradun,Rishikesh,,,,86.0,2026-03-08,00:00:00,2026-03-09 00:20:22,,,,,,,,,,,,,,,,,,,,
Uttarakhand,Haridwar,Roorkee Amfu,20.4,2026-03-09,00:00:00,,,,2026-03-09 00:20:22,,,,,,,,,,,,,,,,,,,,
Uttarakhand,Nainital,Mukteshwar,19.8,2026-03-09,00:00:00,,,,2026-03-09 00:20:22,,,,,,,,,,,,,,,,,,,,
Uttarakhand,Nainital,Nainital(Jeolikot) Kvk,16.7,2026-03-09,00:15:00,100.0,2026-03-08,00:15:00,2026-03-09 00:20:22,17.450000000000045,Zone 3,31.6,Zone 4,17.2,Zone 3,24.5,Zone 3,23.2,Zone 3,28.8,Zone 4,27.0,Zone 4,33.2,Zone 4,31.6,Zone 4,39.0,Zone 5
Uttarakhand,Pauri Garhwal,Bharsar,11.8,2026-03-09,00:00:00,82.0,2026-03-08,00:00:00,2026-03-09 00:20:22,11.25,Zone 2,26.3,Zone 4,11.4,Zone 2,20.8,Zone 3,18.9,Zone 3,24.3,Zone 3,23.3,Zone 3,27.6,Zone 4,26.3,Zone 4,31.3,Zone 4
Uttarakhand,Pauri Garhwal,Srinagar Arg,22.6,2026-03-08,23:45:00,,,,2026-03-09 00:20:22,,,,,,,,,,,,,,,,,,,,
Uttarakhand,Rudraprayag,Rudra Prayag,22.4,2026-03-09,00:00:00,78.0,2026-03-08,00:00:00,2026-03-09 00:20:22,23.25,Zone 3,38.4,Zone 4,23.4,Zone 3,30.8,Zone 4,28.5,Zone 4,35.7,Zone 4,33.6,Zone 4,43.3,Zone 5,38.4,Zone 4,57.2,Zone 5
Uttarakhand,Tehri Garhwal,Devprayag,20.8,2026-03-09,00:00:00,82.0,2026-03-08,00:00:00,2026-03-09 00:20:22,21.650000000000034,Zone 3,36.5,Zone 4,21.9,Zone 3,29.0,Zone 4,26.8,Zone 4,33.8,Zone 4,31.8,Zone 4,38.4,Zone 4,36.5,Zone 4,52.3,Zone 5
Uttarakhand,Tehri Garhwal,Rani Chawri,,,,80.0,2026-03-08,00:00:00,2026-03-09 00:20:22,,,,,,,,,,,,,,,,,,,,
Uttarakhand,Uttarkashi,Purola,14.5,2026-03-09,00:00:00,70.0,2026-03-08,00:00:00,2026-03-09 00:20:22,13.450000000000045,Zone 2,28.2,Zone 4,13.4,Zone 2,22.5,Zone 3,20.8,Zone 3,25.8,Zone 4,24.6,Zone 3,29.6,Zone 4,28.2,Zone 4,33.3,Zone 4
Uttar Pradesh,Agra,Hydrogen Factory Bindukatra,22.9,2026-03-09,00:00:00,78.0,2026-03-08,00:00:00,2026-03-09 00:20:22,23.850000000000023,Zone 3,39.2,Zone 4,24.0,Zone 3,31.5,Zone 4,29.2,Zone 4,36.5,Zone 4,34.4,Zone 4,46.1,Zone 5,39.2,Zone 4,59.1,Zone 5
Uttar Pradesh,Aligarh,Quarsi Farms Quarsi,24.7,2026-03-09,00:00:00,83.0,2026-03-08,00:00:00,2026-03-09 00:20:22,26.25,Zone 4,52.2,Zone 5,25.9,Zone 4,34.5,Zone 4,32.0,Zone 4,42.8,Zone 5,37.6,Zone 4,58.5,Zone 5,52.2,Zone 5,61.8,Zone 5
Uttar Pradesh,Ambedkar Nagar,Collectorate Office Akbarpur,23.0,2026-03-09,00:00:00,99.0,2026-03-08,00:00:00,2026-03-09 00:20:22,24.75,Zone 3,55.1,Zone 5,24.7,Zone 3,33.5,Zone 4,30.9,Zone 4,45.3,Zone 5,37.7,Zone 5,59.4,Zone 5,55.1,Zone 5,62.3,Zone 5
Uttar Pradesh,Ayodhya,Krishi Vigyan Kendra Kumarganj,,,,88.0,2026-03-08,00:00:00,2026-03-09 00:20:22,,,,,,,,,,,,,,,,,,,,
Uttar Pradesh,Azamgarh,Lalganj Tehsil Office,23.5,2026-03-09,00:00:00,,,,2026-03-09 00:20:22,,,,,,,,,,,,,,,,,,,,
Uttar Pradesh,Balrampur,Bcml Tulsipur Sugar Mill,23.5,2026-03-09,00:00:00,,,,2026-03-09 00:20:22,,,,,,,,,,,,,,,,,,,,
Uttar Pradesh,Bulandshahar,Bulandshahar Kvk,19.0,2026-03-09,00:15:00,90.0,2026-03-08,00:15:00,2026-03-09 00:20:22,19.850000000000023,Zone 3,34.3,Zone 4,19.8,Zone 3,26.7,Zone 4,24.9,Zone 3,31.5,Zone 4,29.6,Zone 4,36.1,Zone 4,34.3,Zone 4,46.4,Zone 5
Uttar Pradesh,Chitrakoot,Ganivan Kvk,20.6,2026-03-09,00:15:00,,,,2026-03-09 00:20:22,,,,,,,,,,,,,,,,,,,,
Uttar Pradesh,Etawah,Bbrau Agriculture College,26.5,2026-03-09,00:00:00,52.0,2026-03-08,00:00:00,2026-03-09 00:20:22,26.850000000000023,Zone 4,40.8,Zone 4,26.8,Zone 4,34.2,Zone 4,31.8,Zone 4,38.6,Zone 4,36.4,Zone 4,44.3,Zone 5,40.8,Zone 4,57.9,Zone 5
Uttar Pradesh,Fatehpur,Fatehpur Kvk,21.4,2026-03-09,00:15:00,,,,2026-03-09 00:20:22,,,,,,,,,,,,,,,,,,,,
Uttar Pradesh,Jaunpur,Mariahu Tehsil Office,23.9,2026-03-08,23:45:00,,,,2026-03-09 00:20:22,,,,,,,,,,,,,,,,,,,,
Uttar Pradesh,Kushinagar,Kushinagar Kvk,22.8,2026-03-09,00:15:00,100.0,2026-03-08,00:15:00,2026-03-09 00:20:22,24.55000000000001,Zone 3,55.8,Zone 5,24.8,Zone 3,33.6,Zone 4,31.0,Zone 4,46.2,Zone 5,38.5,Zone 5,59.6,Zone 5,55.8,Zone 5,62.5,Zone 5
Uttar Pradesh,Lucknow,Integral University,24.4,2026-03-09,00:00:00,,,,2026-03-09 00:20:22,,,,,,,,,,,,,,,,,,,,
Uttar Pradesh,Lucknow,Meteorological Centre Amausi,23.7,2026-03-09,00:00:00,86.0,2026-03-08,00:00:00,2026-03-09 00:20:22,25.05000000000001,Zone 3,48.2,Zone 5,24.8,Zone 3,33.1,Zone 4,30.6,Zone 4,38.7,Zone 5,36.1,Zone 4,55.0,Zone 5,48.2,Zone 5,61.0,Zone 5
Uttar Pradesh,Mainpuri,Mainpuri Kvk,19.9,2026-03-09,00:15:00,100.0,2026-03-08,00:15:00,2026-03-09 00:20:22,21.350000000000023,Zone 3,36.9,Zone 5,21.5,Zone 3,28.5,Zone 4,26.3,Zone 4,33.7,Zone 4,31.7,Zone 4,42.9,Zone 5,36.9,Zone 5,57.0,Zone 5
Uttar Pradesh,Mathura,Collectorate Office,22.8,2026-03-09,00:00:00,90.0,2026-03-08,00:00:00,2026-03-09 00:20:22,24.25,Zone 3,48.2,Zone 5,24.4,Zone 3,32.6,Zone 4,30.1,Zone 4,38.6,Zone 5,35.7,Zone 4,54.9,Zone 5,48.2,Zone 5,61.0,Zone 5
Uttar Pradesh,Meerut,Ccsu Campus,22.8,2026-03-09,00:00:00,91.0,2026-03-08,00:00:00,2026-03-09 00:20:22,24.25,Zone 3,49.0,Zone 5,24.5,Zone 3,32.7,Zone 4,30.2,Zone 4,39.3,Zone 5,35.8,Zone 4,55.5,Zone 5,49.0,Zone 5,61.1,Zone 5
Uttar Pradesh,Raebareli,Airport Fursatganj,21.7,2026-03-09,00:00:00,100.0,2026-03-08,00:00:00,2026-03-09 00:20:22,23.350000000000023,Zone 3,45.7,Zone 5,23.2,Zone 3,30.8,Zone 4,28.5,Zone 4,36.4,Zone 4,34.1,Zone 4,52.4,Zone 5,45.7,Zone 5,60.5,Zone 5
Uttar Pradesh,Sultanpur,Krishi Vigyan Kendra Barasin,,,,96.0,2026-03-08,00:00:00,2026-03-09 00:20:22,,,,,,,,,,,,,,,,,,,,
West Bengal,Asansol,Imd Mo Assansol,24.9,2026-03-08,23:45:00,50.0,2026-03-08,23:45:00,2026-03-09 00:20:22,24.850000000000023,Zone 3,38.4,Zone 4,25.0,Zone 3,32.0,Zone 4,29.8,Zone 4,36.3,Zone 4,34.3,Zone 4,40.4,Zone 4,38.4,Zone 4,50.0,Zone 5
West Bengal,Cooch Behar,Pundibari Amfu,27.2,2026-03-08,23:45:00,,,,2026-03-09 00:20:22,,,,,,,,,,,,,,,,,,,,
West Bengal,Darjeeling,Kharibari,23.1,2026-03-09,00:00:00,93.0,2026-03-08,00:00:00,2026-03-09 00:20:22,24.650000000000034,Zone 3,50.5,Zone 5,24.5,Zone 3,32.9,Zone 4,30.4,Zone 4,40.7,Zone 5,36.1,Zone 4,56.9,Zone 5,50.5,Zone 5,61.4,Zone 5
West Bengal,Howrah,Ramsaday College Amta,24.7,2026-03-08,23:45:00,87.0,2026-03-08,23:45:00,2026-03-09 00:20:22,26.450000000000045,Zone 4,55.5,Zone 5,26.2,Zone 4,35.0,Zone 4,32.4,Zone 4,46.2,Zone 5,38.2,Zone 4,59.6,Zone 5,55.5,Zone 5,62.5,Zone 5
West Bengal,Howrah,Uluberia,27.9,2026-03-08,23:45:00,,,,2026-03-09 00:20:22,,,,,,,,,,,,,,,,,,,,
West Bengal,Jalpaiguri,Ramshai Kvk,22.8,2026-03-09,00:15:00,,,,2026-03-09 00:20:22,,,,,,,,,,,,,,,,,,,,
West Bengal,Jhargram,Jhargram,24.5,2026-03-09,00:00:00,94.0,2026-03-08,00:00:00,2026-03-09 00:20:22,26.650000000000034,Zone 4,59.5,Zone 5,26.6,Zone 4,36.0,Zone 4,33.2,Zone 4,52.5,Zone 5,44.3,Zone 5,60.9,Zone 5,59.5,Zone 5,63.6,Zone 5
West Bengal,Kalimpong,Kalimpong Amfu,19.6,2026-03-09,00:00:00,75.0,2026-03-08,00:00:00,2026-03-09 00:20:22,19.850000000000023,Zone 3,33.8,Zone 4,19.7,Zone 3,26.8,Zone 4,25.0,Zone 3,31.3,Zone 4,29.5,Zone 4,35.6,Zone 4,33.8,Zone 4,41.0,Zone 5
West Bengal,Kolkata,Kolkata Airport,25.4,2026-03-09,00:00:00,94.0,2026-03-08,00:00:00,2026-03-09 00:20:22,28.25,Zone 4,61.1,Zone 5,28.4,Zone 4,41.0,Zone 5,35.4,Zone 4,59.1,Zone 5,52.4,Zone 5,62.5,Zone 5,61.1,Zone 5,65.0,Zone 5
West Bengal,Murshidabad,Berhampore,23.5,2026-03-08,23:45:00,83.0,2026-03-08,23:45:00,2026-03-09 00:20:22,24.650000000000034,Zone 3,45.8,Zone 5,24.7,Zone 3,32.8,Zone 4,30.3,Zone 4,38.0,Zone 4,35.7,Zone 4,52.8,Zone 5,45.8,Zone 5,60.6,Zone 5
West Bengal,Murshidabad,Murshidabad Kvk,22.4,2026-03-09,00:15:00,,,,2026-03-09 00:20:22,,,,,,,,,,,,,,,,,,,,
West Bengal,Nadia,Kalyani Amfu,24.7,2026-03-09,00:00:00,100.0,2026-03-08,00:00:00,2026-03-09 00:20:22,27.350000000000023,Zone 4,60.7,Zone 5,27.0,Zone 4,38.5,Zone 5,34.0,Zone 4,57.5,Zone 5,50.0,Zone 5,62.0,Zone 5,60.7,Zone 5,64.5,Zone 5
West Bengal,North Twenty Four Parganas,Ashoknagar Kvk,25.0,2026-03-09,00:15:00,,,,2026-03-09 00:20:22,,,,,,,,,,,,,,,,,,,,
West Bengal,Purba Mednipur,Imd Mo Digha,25.9,2026-03-09,00:00:00,,,,2026-03-09 00:20:22,,,,,,,,,,,,,,,,,,,,
West Bengal,Purulia,Purulia Kvk,24.2,2026-03-09,00:15:00,,,,2026-03-09 00:20:22,,,,,,,,,,,,,,,,,,,,
West Bengal,South Dinajpur,Majhian Amfu,23.0,2026-03-09,00:00:00,98.0,2026-03-08,00:00:00,2026-03-09 00:20:22,24.75,Zone 3,54.3,Zone 5,24.7,Zone 3,33.4,Zone 4,30.8,Zone 4,44.5,Zone 5,37.0,Zone 5,59.3,Zone 5,54.3,Zone 5,62.2,Zone 5
West Bengal,South Twenty Four Parganas,Alipore,25.5,2026-03-09,00:00:00,99.0,2026-03-08,00:00:00,2026-03-09 00:20:22,28.950000000000045,Zone 4,62.2,Zone 5,28.9,Zone 4,46.2,Zone 5,36.7,Zone 5,60.3,Zone 5,57.1,Zone 5,63.4,Zone 5,62.2,Zone 5,65.8,Zone 5
,,,,,,,,,2026-03-09 00:20:22,,,,,,,,,,,,,,,,,,,,
,,,,,,,,,2026-03-09 00:20:22,,,,,,,,,,,,,,,,,,,,
,,,,,,,,,2026-03-09 00:20:22,,,,,,,,,,,,,,,,,,,,
,,,,,,,,,2026-03-09 00:20:22,,,,,,,,,,,,,,,,,,,,
Andaman And Nicobar,Nicobar,Nancowry,31.1,2026-03-09,00:30:00,91.0,2026-03-08,00:30:00,2026-03-09 00:51:53,59.75,Zone 5,69.9,Zone 5,59.4,Zone 5,66.3,Zone 5,64.6,Zone 5,68.8,Zone 5,67.7,Zone 5,70.6,Zone 5,69.9,Zone 5,72.5,Zone 6
Andaman And Nicobar,South Andaman,Hut Bay,26.4,2026-03-09,00:30:00,82.0,2026-03-08,00:30:00,2026-03-09 00:51:53,28.950000000000045,Zone 4,60.2,Zone 5,29.1,Zone 4,38.5,Zone 4,35.6,Zone 4,56.1,Zone 5,47.8,Zone 5,61.7,Zone 5,60.2,Zone 5,64.3,Zone 5
Andaman And Nicobar,South Andaman,Shaheed Dweep,25.9,2026-03-09,00:30:00,94.0,2026-03-08,00:30:00,2026-03-09 00:51:53,29.25,Zone 4,62.0,Zone 5,29.4,Zone 4,45.4,Zone 5,36.6,Zone 4,60.1,Zone 5,56.3,Zone 5,63.3,Zone 5,62.0,Zone 5,65.6,Zone 5
Andhra Pradesh,Alluri Sitharama Raju,Araku Valley,22.2,2026-03-09,00:00:00,,,,2026-03-09 00:51:53,,,,,,,,,,,,,,,,,,,,
Andhra Pradesh,Eluru,Vijayarai,24.5,2026-03-09,00:30:00,66.0,2026-03-08,00:30:00,2026-03-09 00:51:53,25.150000000000034,Zone 3,39.9,Zone 4,25.1,Zone 3,32.7,Zone 4,30.4,Zone 4,37.5,Zone 4,35.3,Zone 4,45.4,Zone 5,39.9,Zone 4,58.9,Zone 5
Andhra Pradesh,Kakinada,Kakinada,25.5,2026-03-09,00:30:00,84.0,2026-03-08,00:30:00,2026-03-09 00:51:53,27.55000000000001,Zone 4,59.0,Zone 5,27.6,Zone 4,36.6,Zone 4,33.9,Zone 4,50.8,Zone 5,42.3,Zone 5,60.6,Zone 5,59.0,Zone 5,63.3,Zone 5
Andhra Pradesh,Kakinada,Prathipadu,26.2,2026-03-09,00:30:00,,,,2026-03-09 00:51:53,,,,,,,,,,,,,,,,,,,,
Andhra Pradesh,Konaseema,Ambajipeta Arg,23.7,2026-03-09,00:30:00,100.0,2026-03-08,00:30:00,2026-03-09 00:51:53,25.650000000000034,Zone 4,58.9,Zone 5,25.3,Zone 3,34.6,Zone 4,31.9,Zone 4,50.0,Zone 5,42.0,Zone 5,60.4,Zone 5,58.9,Zone 5,63.2,Zone 5
Andhra Pradesh,Nellore,Nellore Kvk,25.5,2026-03-09,00:45:00,97.0,2026-03-08,00:45:00,2026-03-09 00:51:53,28.75,Zone 4,61.8,Zone 5,28.7,Zone 4,44.0,Zone 5,35.9,Zone 4,59.8,Zone 5,55.3,Zone 5,63.0,Zone 5,61.8,Zone 5,65.4,Zone 5
Andhra Pradesh,Palnadu,Jangameshwarapuram,25.2,2026-03-09,00:30:00,,,,2026-03-09 00:51:53,,,,,,,,,,,,,,,,,,,,
Andhra Pradesh,Palnadu,Rentachintala,25.1,2026-03-09,00:30:00,80.0,2026-03-08,00:30:00,2026-03-09 00:51:53,26.650000000000034,Zone 4,52.9,Zone 5,26.5,Zone 4,35.1,Zone 4,32.5,Zone 4,43.5,Zone 5,38.1,Zone 4,59.0,Zone 5,52.9,Zone 5,62.0,Zone 5
Andhra Pradesh,Srikakulam,Amadalavalasa Kvk,25.7,2026-03-09,00:45:00,,,,2026-03-09 00:51:53,,,,,,,,,,,,,,,,,,,,
Andhra Pradesh,Srikakulam,Ragolu,25.6,2026-03-09,00:30:00,91.0,2026-03-08,00:30:00,2026-03-09 00:51:53,28.350000000000023,Zone 4,60.5,Zone 5,28.1,Zone 4,38.2,Zone 5,34.9,Zone 4,57.1,Zone 5,49.3,Zone 5,61.9,Zone 5,60.5,Zone 5,64.5,Zone 5
Andhra Pradesh,Sri Potti Sriramulu Nellore,Podalakur,24.4,2026-03-09,00:30:00,,,,2026-03-09 00:51:53,,,,,,,,,,,,,,,,,,,,
Andhra Pradesh,Visakhapatnam,Anandapuram Arg,25.1,2026-03-09,00:30:00,82.0,2026-03-08,00:30:00,2026-03-09 00:51:53,26.75,Zone 4,54.6,Zone 5,26.6,Zone 4,35.3,Zone 4,32.7,Zone 4,45.3,Zone 5,38.4,Zone 4,59.4,Zone 5,54.6,Zone 5,62.3,Zone 5
Andhra Pradesh,Visakhapatnam,Mehadrigadda Dam,29.9,2026-03-09,00:30:00,90.0,2026-03-08,00:30:00,2026-03-09 00:51:53,44.05000000000001,Zone 5,67.9,Zone 5,45.4,Zone 5,63.6,Zone 5,61.6,Zone 5,66.7,Zone 5,65.4,Zone 5,68.8,Zone 5,67.9,Zone 5,70.4,Zone 5
Andhra Pradesh,Vizianagaram,Bobbili,25.5,2026-03-09,00:30:00,87.0,2026-03-08,00:30:00,2026-03-09 00:51:53,27.850000000000023,Zone 4,59.7,Zone 5,27.8,Zone 4,37.1,Zone 4,34.3,Zone 4,53.6,Zone 5,45.2,Zone 5,61.1,Zone 5,59.7,Zone 5,63.8,Zone 5
Andhra Pradesh,Vizianagaram,Vizianagaram,27.0,2026-03-09,00:30:00,87.0,2026-03-08,00:30:00,2026-03-09 00:51:53,30.650000000000034,Zone 4,62.1,Zone 5,30.7,Zone 4,46.5,Zone 5,37.7,Zone 4,60.3,Zone 5,57.0,Zone 5,63.5,Zone 5,62.1,Zone 5,65.8,Zone 5
Andhra Pradesh,West Godavari,Maruteru,25.9,2026-03-09,00:30:00,,,,2026-03-09 00:51:53,,,,,,,,,,,,,,,,,,,,
Andhra Pradesh,Ysr Kadapa,Utkuru Kvk,25.7,2026-03-09,00:45:00,100.0,2026-03-08,00:45:00,2026-03-09 00:51:53,29.450000000000045,Zone 4,62.4,Zone 5,29.0,Zone 4,47.2,Zone 5,37.6,Zone 5,60.5,Zone 5,58.0,Zone 5,63.6,Zone 5,62.4,Zone 5,65.9,Zone 5
Arunachal Pradesh,Anjaw,Hayuliang Circle,14.7,2026-03-09,00:30:00,87.0,2026-03-08,00:30:00,2026-03-09 00:51:53,14.350000000000023,Zone 3,28.8,Zone 4,14.0,Zone 3,22.8,Zone 3,21.2,Zone 3,26.2,Zone 4,24.9,Zone 3,30.2,Zone 4,28.8,Zone 4,34.1,Zone 4
Arunachal Pradesh,Anjaw,Kibitoo Circle,12.6,2026-03-09,00:30:00,73.0,2026-03-08,00:30:00,2026-03-09 00:51:53,11.650000000000034,Zone 2,26.5,Zone 4,11.6,Zone 2,21.0,Zone 3,19.1,Zone 3,24.5,Zone 3,23.5,Zone 3,27.8,Zone 4,26.5,Zone 4,31.4,Zone 4
Arunachal Pradesh,Anjaw,Wallong Circle,13.7,2026-03-09,00:30:00,70.0,2026-03-08,00:30:00,2026-03-09 00:51:53,12.650000000000034,Zone 2,27.3,Zone 4,12.4,Zone 2,21.7,Zone 3,19.9,Zone 3,25.0,Zone 3,24.0,Zone 3,28.7,Zone 4,27.3,Zone 4,32.3,Zone 4
Arunachal Pradesh,Dibang Valley,Anini,11.8,2026-03-09,00:30:00,95.0,2026-03-08,00:30:00,2026-03-09 00:51:53,11.650000000000034,Zone 2,26.5,Zone 4,11.8,Zone 2,21.0,Zone 3,19.3,Zone 3,24.5,Zone 3,23.5,Zone 3,27.9,Zone 4,26.5,Zone 4,31.7,Zone 4
Arunachal Pradesh,Kurung Kumey,Koloraing,15.7,2026-03-09,00:30:00,100.0,2026-03-08,00:30:00,2026-03-09 00:51:53,16.150000000000034,Zone 3,30.4,Zone 4,15.9,Zone 3,23.8,Zone 3,22.4,Zone 3,27.6,Zone 4,25.9,Zone 4,31.9,Zone 4,30.4,Zone 4,36.1,Zone 4
Arunachal Pradesh,Kurung Kumey,Nyapin,16.2,2026-03-09,00:30:00,,,,2026-03-09 00:51:53,,,,,,,,,,,,,,,,,,,,
Arunachal Pradesh,Longding,Longding,19.9,2026-03-09,00:30:00,,,,2026-03-09 00:51:53,,,,,,,,,,,,,,,,,,,,
Arunachal Pradesh,Namsai,Namsai Kvk,16.1,2026-03-09,00:45:00,100.0,2026-03-08,00:45:00,2026-03-09 00:51:53,16.650000000000034,Zone 3,31.0,Zone 4,16.6,Zone 3,24.2,Zone 3,22.8,Zone 3,28.2,Zone 4,26.5,Zone 4,32.6,Zone 4,31.0,Zone 4,36.9,Zone 5
Arunachal Pradesh,Pakke Kesang,Pakke Kesang,13.5,2026-03-09,00:30:00,100.0,2026-03-08,00:30:00,2026-03-09 00:51:53,13.450000000000045,Zone 2,28.1,Zone 4,13.5,Zone 2,22.3,Zone 3,20.7,Zone 3,25.4,Zone 4,24.5,Zone 3,29.6,Zone 4,28.1,Zone 4,33.6,Zone 4
Arunachal Pradesh,Shiyomi,Lamang 2,2.1,2026-03-09,00:30:00,97.0,2026-03-08,00:30:00,2026-03-09 00:51:53,2.0500000000000114,Zone 2,21.0,Zone 3,1.9,Zone 2,12.7,Zone 2,11.1,Zone 2,18.1,Zone 3,16.9,Zone 3,21.7,Zone 3,21.0,Zone 3,24.1,Zone 3
Arunachal Pradesh,Tawang,Tawang,6.6,2026-03-09,00:30:00,100.0,2026-03-08,00:30:00,2026-03-09 00:51:53,6.550000000000011,Zone 2,23.3,Zone 3,6.5,Zone 2,16.4,Zone 3,14.4,Zone 3,21.1,Zone 3,20.0,Zone 3,24.0,Zone 3,23.3,Zone 3,26.6,Zone 4
Arunachal Pradesh,Tirap,Deomali,18.1,2026-03-09,00:30:00,100.0,2026-03-08,00:30:00,2026-03-09 00:51:53,19.150000000000034,Zone 3,33.6,Zone 4,19.1,Zone 3,25.8,Zone 4,24.4,Zone 3,30.7,Zone 4,28.9,Zone 4,35.4,Zone 4,33.6,Zone 4,46.4,Zone 5
Arunachal Pradesh,Tirap,Longding,19.6,2026-03-09,00:30:00,,,,2026-03-09 00:51:53,,,,,,,,,,,,,,,,,,,,
Arunachal Pradesh,Upper Siang,Tuting,16.9,2026-03-09,00:30:00,99.0,2026-03-08,00:30:00,2026-03-09 00:51:53,17.650000000000034,Zone 3,32.2,Zone 4,17.8,Zone 3,24.9,Zone 3,23.6,Zone 3,29.4,Zone 4,27.6,Zone 4,33.9,Zone 4,32.2,Zone 4,40.8,Zone 5
Arunachal Pradesh,Upper Siang,Yingkiong,19.9,2026-03-09,00:30:00,99.0,2026-03-08,00:30:00,2026-03-09 00:51:53,21.350000000000023,Zone 3,36.6,Zone 4,21.4,Zone 3,28.5,Zone 4,26.3,Zone 4,33.6,Zone 4,31.6,Zone 4,42.3,Zone 5,36.6,Zone 4,56.5,Zone 5
Arunachal Pradesh,West Kameng,Bomdila,8.9,2026-03-09,00:30:00,,,,2026-03-09 00:51:53,,,,,,,,,,,,,,,,,,,,
Arunachal Pradesh,West Kameng,Dirang,17.4,2026-03-09,00:30:00,,,,2026-03-09 00:51:53,,,,,,,,,,,,,,,,,,,,
Arunachal Pradesh,West Kameng,Kalaktang,14.4,2026-03-09,00:30:00,100.0,2026-03-08,00:30:00,2026-03-09 00:51:53,14.550000000000011,Zone 3,29.2,Zone 4,14.6,Zone 3,23.1,Zone 3,21.5,Zone 3,26.5,Zone 4,25.1,Zone 3,30.7,Zone 4,29.2,Zone 4,34.8,Zone 4
Assam,Barpeta,Barpeta,21.4,2026-03-09,00:15:00,,,,2026-03-09 00:51:53,,,,,,,,,,,,,,,,,,,,
Assam,Barpeta,Barpeta Kvk,21.9,2026-03-09,00:45:00,96.0,2026-03-08,00:45:00,2026-03-09 00:51:53,23.450000000000045,Zone 3,46.2,Zone 5,23.6,Zone 3,31.4,Zone 4,29.0,Zone 4,36.9,Zone 4,34.6,Zone 4,52.8,Zone 5,46.2,Zone 5,60.6,Zone 5
Assam,Bongaigaon,Bongaigaon,21.9,2026-03-09,00:30:00,78.0,2026-03-08,00:30:00,2026-03-09 00:51:53,22.75,Zone 3,37.6,Zone 4,22.8,Zone 3,30.1,Zone 4,27.9,Zone 4,34.9,Zone 4,32.9,Zone 4,40.6,Zone 5,37.6,Zone 4,54.9,Zone 5
Assam,Bongaigaon,Manikpur,21.0,2026-03-09,00:30:00,100.0,2026-03-08,00:30:00,2026-03-09 00:51:53,22.650000000000034,Zone 3,42.5,Zone 5,22.6,Zone 3,30.0,Zone 4,27.7,Zone 4,35.4,Zone 4,33.3,Zone 4,49.1,Zone 5,42.5,Zone 5,59.8,Zone 5
Assam,Cachar,Cacher Kvk,22.9,2026-03-09,00:45:00,,,,2026-03-09 00:51:53,,,,,,,,,,,,,,,,,,,,
Assam,Cachar,Silchar Jns College,22.3,2026-03-09,00:30:00,98.0,2026-03-08,00:30:00,2026-03-09 00:51:53,23.950000000000045,Zone 3,51.0,Zone 5,24.2,Zone 3,32.4,Zone 4,29.9,Zone 4,41.0,Zone 5,35.8,Zone 4,57.2,Zone 5,51.0,Zone 5,61.5,Zone 5
Assam,Darrang,Dalgaon,23.8,2026-03-09,00:30:00,74.0,2026-03-08,00:30:00,2026-03-09 00:51:53,24.650000000000034,Zone 3,41.7,Zone 5,24.9,Zone 3,32.7,Zone 4,30.3,Zone 4,37.7,Zone 4,35.5,Zone 4,48.9,Zone 5,41.7,Zone 5,59.7,Zone 5
Assam,Darrang,Mangaldai,23.5,2026-03-09,00:30:00,70.0,2026-03-08,00:30:00,2026-03-09 00:51:53,24.150000000000034,Zone 3,38.9,Zone 4,24.2,Zone 3,31.6,Zone 4,29.4,Zone 4,36.4,Zone 4,34.3,Zone 4,43.1,Zone 5,38.9,Zone 4,57.0,Zone 5
Assam,Darrang,Mangaldoi Kvk,24.7,2026-03-09,00:45:00,,,,2026-03-09 00:51:53,,,,,,,,,,,,,,,,,,,,
Assam,Dibrugarh,Dc Ofc Dibrugarh,20.9,2026-03-09,00:00:00,,,,2026-03-09 00:51:53,,,,,,,,,,,,,,,,,,,,
Assam,Dibrugarh,Dibrugarh,15.6,2026-03-09,00:15:00,,,,2026-03-09 00:51:53,,,,,,,,,,,,,,,,,,,,
Assam,Dibrugarh,Lahowal,,,,9.0,2026-03-08,00:30:00,2026-03-09 00:51:53,,,,,,,,,,,,,,,,,,,,
Assam,Dima Hasao,Haflong,21.2,2026-03-09,00:15:00,,,,2026-03-09 00:51:53,,,,,,,,,,,,,,,,,,,,
Assam,Dima Hasao,Lkhep,24.4,2026-03-09,00:30:00,72.0,2026-03-08,00:30:00,2026-03-09 00:51:53,25.25,Zone 3,42.9,Zone 5,25.4,Zone 4,33.3,Zone 4,30.9,Zone 4,38.3,Zone 4,36.0,Zone 4,50.3,Zone 5,42.9,Zone 5,60.0,Zone 5
Assam,Goalpara,Goalpara,22.6,2026-03-09,00:30:00,93.0,2026-03-08,00:30:00,2026-03-09 00:51:53,24.150000000000034,Zone 3,47.2,Zone 5,24.0,Zone 3,32.0,Zone 4,29.6,Zone 4,37.6,Zone 5,35.2,Zone 4,53.9,Zone 5,47.2,Zone 5,60.8,Zone 5
Assam,Hajoi,Lumding,22.5,2026-03-09,00:30:00,72.0,2026-03-08,00:30:00,2026-03-09 00:51:53,23.150000000000034,Zone 3,37.6,Zone 4,23.1,Zone 3,30.4,Zone 4,28.2,Zone 4,35.1,Zone 4,33.1,Zone 4,39.6,Zone 4,37.6,Zone 4,53.6,Zone 5
Assam,Jorhat,Jorhat Amfu,21.4,2026-03-09,00:30:00,80.0,2026-03-08,00:30:00,2026-03-09 00:51:53,22.25,Zone 3,37.0,Zone 4,22.3,Zone 3,29.5,Zone 4,27.4,Zone 4,34.4,Zone 4,32.3,Zone 4,39.3,Zone 5,37.0,Zone 4,53.6,Zone 5
Assam,Kamrup,Chandubi,26.5,2026-03-09,00:00:00,,,,2026-03-09 00:51:53,,,,,,,,,,,,,,,,,,,,
Assam,Kamrup Metropolitan,Aau Hrs,25.2,2026-03-09,00:30:00,73.0,2026-03-08,00:30:00,2026-03-09 00:51:53,26.350000000000023,Zone 4,46.7,Zone 5,26.1,Zone 4,34.2,Zone 4,31.8,Zone 4,39.3,Zone 4,37.0,Zone 4,54.0,Zone 5,46.7,Zone 5,60.8,Zone 5
Assam,Kamrup Metropolitan,Down Town University,25.4,2026-03-09,00:30:00,74.0,2026-03-08,00:30:00,2026-03-09 00:51:53,26.75,Zone 4,50.7,Zone 5,26.9,Zone 4,35.2,Zone 4,32.7,Zone 4,41.5,Zone 5,38.0,Zone 4,57.5,Zone 5,50.7,Zone 5,61.6,Zone 5
Assam,Kamrup Metropolitan,Gauhati University,24.7,2026-03-09,00:30:00,78.0,2026-03-08,00:30:00,2026-03-09 00:51:53,25.950000000000045,Zone 4,48.0,Zone 5,25.7,Zone 4,33.9,Zone 4,31.5,Zone 4,39.2,Zone 4,36.8,Zone 4,55.0,Zone 5,48.0,Zone 5,61.0,Zone 5
Assam,Kamrup Metropolitan,Guwahati,25.4,2026-03-09,00:30:00,64.0,2026-03-08,00:30:00,2026-03-09 00:51:53,26.150000000000034,Zone 4,41.8,Zone 5,26.3,Zone 4,34.0,Zone 4,31.6,Zone 4,38.8,Zone 4,36.6,Zone 4,49.4,Zone 5,41.8,Zone 5,59.8,Zone 5
Assam,Kamrup Metropolitan,Kalakshetra,27.0,2026-03-09,00:30:00,,,,2026-03-09 00:51:53,,,,,,,,,,,,,,,,,,,,
Assam,Kamrup Metropolitan,Kamakhya,25.8,2026-03-09,00:30:00,64.0,2026-03-08,00:30:00,2026-03-09 00:51:53,26.650000000000034,Zone 4,44.5,Zone 5,26.9,Zone 4,34.8,Zone 4,32.3,Zone 4,39.7,Zone 4,37.4,Zone 4,52.2,Zone 5,44.5,Zone 5,60.4,Zone 5
Assam,Kamrup Metropolitan,Vcbc Rani,24.2,2026-03-09,00:30:00,97.0,2026-03-08,00:30:00,2026-03-09 00:51:53,26.25,Zone 4,59.2,Zone 5,26.0,Zone 4,35.3,Zone 4,32.6,Zone 4,51.3,Zone 5,43.2,Zone 5,60.7,Zone 5,59.2,Zone 5,63.4,Zone 5
Assam,Karbi Anglong,Diphu Amfu,19.7,2026-03-09,00:30:00,80.0,2026-03-08,00:30:00,2026-03-09 00:51:53,20.25,Zone 3,34.2,Zone 4,20.0,Zone 3,27.0,Zone 4,25.1,Zone 3,31.6,Zone 4,29.7,Zone 4,36.0,Zone 4,34.2,Zone 4,43.6,Zone 5
Assam,Karbi Anglong(East),Bakulia,24.3,2026-03-09,00:30:00,63.0,2026-03-08,00:30:00,2026-03-09 00:51:53,24.75,Zone 3,39.5,Zone 4,25.0,Zone 3,32.5,Zone 4,30.2,Zone 4,37.1,Zone 4,35.0,Zone 4,43.1,Zone 5,39.5,Zone 4,57.0,Zone 5
Assam,Karbi Anglong(East),Diphu,20.3,2026-03-09,00:30:00,90.0,2026-03-08,00:30:00,2026-03-09 00:51:53,21.350000000000023,Zone 3,36.5,Zone 4,21.6,Zone 3,28.7,Zone 4,26.5,Zone 4,33.7,Zone 4,31.7,Zone 4,39.9,Zone 5,36.5,Zone 4,54.3,Zone 5
Assam,Karbi Anglong(West),Kheronighat,24.5,2026-03-09,00:30:00,63.0,2026-03-08,00:30:00,2026-03-09 00:51:53,24.950000000000045,Zone 3,39.5,Zone 4,25.0,Zone 3,32.5,Zone 4,30.2,Zone 4,37.1,Zone 4,35.0,Zone 4,43.1,Zone 5,39.5,Zone 4,57.0,Zone 5
Assam,Karimganj,Harinagar,,,,10.0,2026-03-08,00:30:00,2026-03-09 00:51:53,,,,,,,,,,,,,,,,,,,,
Assam,Karimganj,Karimganj Amfu,29.4,2026-03-09,00:30:00,,,,2026-03-09 00:51:53,,,,,,,,,,,,,,,,,,,,
Assam,Marigaon,Dharamtul,25.3,2026-03-09,00:00:00,,,,2026-03-09 00:51:53,,,,,,,,,,,,,,,,,,,,
Assam,Marigaon,Laharighat,24.9,2026-03-09,00:30:00,72.0,2026-03-08,00:30:00,2026-03-09 00:51:53,25.850000000000023,Zone 4,45.8,Zone 5,26.0,Zone 4,34.1,Zone 4,31.7,Zone 4,39.2,Zone 4,36.9,Zone 4,53.2,Zone 5,45.8,Zone 5,60.6,Zone 5
Assam,Marigaon,Marigaon,24.8,2026-03-09,00:30:00,94.0,2026-03-08,00:30:00,2026-03-09 00:51:53,27.150000000000034,Zone 4,60.3,Zone 5,27.5,Zone 4,37.2,Zone 5,34.3,Zone 4,56.1,Zone 5,48.3,Zone 5,61.7,Zone 5,60.3,Zone 5,64.3,Zone 5
Assam,Nagaon,Kampur,22.9,2026-03-09,00:00:00,,,,2026-03-09 00:51:53,,,,,,,,,,,,,,,,,,,,
Assam,Nalbari,Chamata,27.1,2026-03-09,00:30:00,,,,2026-03-09 00:51:53,,,,,,,,,,,,,,,,,,,,
Assam,Nalbari,Nalbari,30.8,2026-03-09,00:15:00,,,,2026-03-09 00:51:53,,,,,,,,,,,,,,,,,,,,
Assam,Nalbari,Tihu,24.3,2026-03-09,00:30:00,74.0,2026-03-08,00:30:00,2026-03-09 00:51:53,25.150000000000034,Zone 3,44.6,Zone 5,25.5,Zone 4,33.5,Zone 4,31.1,Zone 4,38.6,Zone 4,36.3,Zone 4,51.9,Zone 5,44.6,Zone 5,60.3,Zone 5
Assam,Tamulpur,Mushalpur,23.4,2026-03-09,00:30:00,97.0,2026-03-08,00:30:00,2026-03-09 00:51:53,25.05000000000001,Zone 3,56.8,Zone 5,25.2,Zone 3,34.3,Zone 4,31.6,Zone 4,47.5,Zone 5,39.5,Zone 5,59.9,Zone 5,56.8,Zone 5,62.7,Zone 5
Assam,Tinsukia,Tinsukia,19.9,2026-03-09,00:30:00,84.0,2026-03-08,00:30:00,2026-03-09 00:51:53,20.650000000000034,Zone 3,35.2,Zone 4,20.8,Zone 3,27.8,Zone 4,25.7,Zone 4,32.5,Zone 4,30.6,Zone 4,37.1,Zone 4,35.2,Zone 4,48.3,Zone 5
Assam,Udalguri,Udalguri,21.3,2026-03-09,00:30:00,63.0,2026-03-08,00:30:00,2026-03-09 00:51:53,21.25,Zone 3,35.4,Zone 4,21.5,Zone 3,28.6,Zone 4,26.6,Zone 4,33.0,Zone 4,31.1,Zone 4,37.2,Zone 4,35.4,Zone 4,43.1,Zone 5
Assam,Udalguri,Udi Kvk,21.9,2026-03-09,00:45:00,,,,2026-03-09 00:51:53,,,,,,,,,,,,,,,,,,,,
Bihar,Aurangabad,Aurangabad Kvk,21.7,2026-03-09,00:45:00,89.0,2026-03-08,00:45:00,2026-03-09 00:51:53,22.950000000000045,Zone 3,38.4,Zone 5,22.7,Zone 3,30.1,Zone 4,27.8,Zone 4,35.2,Zone 4,33.1,Zone 4,45.0,Zone 5,38.4,Zone 5,58.6,Zone 5
Bihar,Buxar,Buxar,23.8,2026-03-09,00:30:00,82.0,2026-03-08,00:30:00,2026-03-09 00:51:53,24.950000000000045,Zone 3,48.2,Zone 5,25.2,Zone 3,33.5,Zone 4,31.0,Zone 4,38.8,Zone 4,36.5,Zone 4,55.1,Zone 5,48.2,Zone 5,61.0,Zone 5
Bihar,Gaya,Gaya Cusb,24.4,2026-03-09,00:15:00,,,,2026-03-09 00:51:53,,,,,,,,,,,,,,,,,,,,
Bihar,Jehanabad,Jehanabad,23.1,2026-03-09,00:30:00,88.0,2026-03-08,00:30:00,2026-03-09 00:51:53,24.450000000000045,Zone 3,46.6,Zone 5,24.3,Zone 3,32.4,Zone 4,30.0,Zone 4,37.8,Zone 4,35.5,Zone 4,53.5,Zone 5,46.6,Zone 5,60.7,Zone 5
Bihar,Kaimur,Bhabua,25.3,2026-03-09,00:30:00,89.0,2026-03-08,00:30:00,2026-03-09 00:51:53,27.650000000000034,Zone 4,60.1,Zone 5,28.0,Zone 4,37.4,Zone 4,34.6,Zone 4,55.4,Zone 5,47.3,Zone 5,61.5,Zone 5,60.1,Zone 5,64.1,Zone 5
Bihar,Madhubani,Chanpur Basaitha,22.0,2026-03-09,00:30:00,93.0,2026-03-08,00:30:00,2026-03-09 00:51:53,23.450000000000045,Zone 3,44.0,Zone 5,23.5,Zone 3,31.1,Zone 4,28.8,Zone 4,36.5,Zone 4,34.3,Zone 4,50.8,Zone 5,44.0,Zone 5,60.1,Zone 5
Bihar,Nalanda,Harnaut,23.2,2026-03-09,00:30:00,100.0,2026-03-08,00:30:00,2026-03-09 00:51:53,24.950000000000045,Zone 3,55.8,Zone 5,24.8,Zone 3,33.6,Zone 4,31.0,Zone 4,46.2,Zone 5,38.5,Zone 5,59.6,Zone 5,55.8,Zone 5,62.5,Zone 5
Bihar,Patna,Baldwin Academy,24.9,2026-03-09,00:30:00,88.0,2026-03-08,00:30:00,2026-03-09 00:51:53,26.850000000000023,Zone 4,59.1,Zone 5,27.0,Zone 4,36.2,Zone 4,33.5,Zone 4,50.8,Zone 5,42.4,Zone 5,60.6,Zone 5,59.1,Zone 5,63.3,Zone 5
Bihar,Patna,Danapur Dps,27.1,2026-03-09,00:30:00,85.0,2026-03-08,00:30:00,2026-03-09 00:51:53,30.650000000000034,Zone 4,61.7,Zone 5,30.4,Zone 4,44.2,Zone 5,37.3,Zone 4,59.8,Zone 5,55.0,Zone 5,63.0,Zone 5,61.7,Zone 5,65.4,Zone 5
Bihar,Patna,Iit Patna,23.3,2026-03-09,00:30:00,100.0,2026-03-08,00:30:00,2026-03-09 00:51:53,25.05000000000001,Zone 3,58.9,Zone 5,25.3,Zone 3,34.6,Zone 4,31.9,Zone 4,50.0,Zone 5,42.0,Zone 5,60.4,Zone 5,58.9,Zone 5,63.2,Zone 5
Bihar,Purnea,Purnea Imd,32.5,2026-03-09,00:30:00,90.0,2026-03-08,00:30:00,2026-03-09 00:51:53,64.15000000000003,Zone 5,72.9,Zone 6,64.2,Zone 5,69.5,Zone 5,68.2,Zone 5,71.5,Zone 5,70.6,Zone 5,74.4,Zone 6,72.9,Zone 6,77.3,Zone 6
Bihar,Rohtas,Dehri,31.4,2026-03-09,00:30:00,88.0,2026-03-08,00:30:00,2026-03-09 00:51:53,59.35000000000002,Zone 5,70.0,Zone 5,59.7,Zone 5,66.4,Zone 5,64.8,Zone 5,69.0,Zone 5,67.9,Zone 5,70.7,Zone 5,70.0,Zone 5,72.8,Zone 6
Bihar,Sheikpura,Sheikpura Kvk,21.8,2026-03-09,00:45:00,,,,2026-03-09 00:51:53,,,,,,,,,,,,,,,,,,,,
Bihar,Vaishali,Vaishali,22.9,2026-03-09,00:30:00,100.0,2026-03-08,00:30:00,2026-03-09 00:51:53,24.650000000000034,Zone 3,55.8,Zone 5,24.8,Zone 3,33.6,Zone 4,31.0,Zone 4,46.2,Zone 5,38.5,Zone 5,59.6,Zone 5,55.8,Zone 5,62.5,Zone 5
Chandigarh,Chandigarh,Chandigarh,22.8,2026-03-09,00:30:00,,,,2026-03-09 00:51:53,,,,,,,,,,,,,,,,,,,,
Chhattisgarh,Balrampur,Balrampur,20.5,2026-03-09,00:30:00,,,,2026-03-09 00:51:53,,,,,,,,,,,,,,,,,,,,
Chhattisgarh,Bilaspur,Bilaspur,25.6,2026-03-09,00:30:00,53.0,2026-03-08,00:30:00,2026-03-09 00:51:53,25.850000000000023,Zone 4,39.5,Zone 4,25.7,Zone 4,32.9,Zone 4,30.6,Zone 4,37.3,Zone 4,35.2,Zone 4,41.6,Zone 4,39.5,Zone 4,54.5,Zone 5
Chhattisgarh,Janjgir Champa,Janjgir,,,,58.0,2026-03-08,00:30:00,2026-03-09 00:51:53,,,,,,,,,,,,,,,,,,,,
Chhattisgarh,Janjgir Champa,Nawagarh,27.7,2026-03-09,00:30:00,48.0,2026-03-08,00:30:00,2026-03-09 00:51:53,28.05000000000001,Zone 4,41.6,Zone 4,27.8,Zone 4,35.1,Zone 4,32.7,Zone 4,39.5,Zone 4,37.3,Zone 4,45.6,Zone 5,41.6,Zone 4,59.0,Zone 5
Chhattisgarh,Janjgir Champa,Sakti,23.6,2026-03-09,00:30:00,72.0,2026-03-08,00:30:00,2026-03-09 00:51:53,24.350000000000023,Zone 3,39.2,Zone 4,24.3,Zone 3,31.8,Zone 4,29.5,Zone 4,36.6,Zone 4,34.5,Zone 4,44.5,Zone 5,39.2,Zone 4,58.2,Zone 5
Chhattisgarh,Jashpur,Bagicha,21.7,2026-03-09,00:15:00,,,,2026-03-09 00:51:53,,,,,,,,,,,,,,,,,,,,
Chhattisgarh,Jashpur,Jashpur,23.0,2026-03-09,00:30:00,62.0,2026-03-08,00:30:00,2026-03-09 00:51:53,23.25,Zone 3,37.2,Zone 4,23.2,Zone 3,30.4,Zone 4,28.2,Zone 4,34.9,Zone 4,32.9,Zone 4,39.2,Zone 4,37.2,Zone 4,49.4,Zone 5
Chhattisgarh,Jashpur,Pathalgaon,23.6,2026-03-09,00:30:00,60.0,2026-03-08,00:30:00,2026-03-09 00:51:53,23.850000000000023,Zone 3,37.7,Zone 4,23.7,Zone 3,30.9,Zone 4,28.7,Zone 4,35.4,Zone 4,33.3,Zone 4,39.6,Zone 4,37.7,Zone 4,50.4,Zone 5
Chhattisgarh,Korba,Lakhanpur Kvk,25.4,2026-03-09,00:45:00,51.0,2026-03-08,00:45:00,2026-03-09 00:51:53,25.450000000000045,Zone 4,39.2,Zone 4,25.6,Zone 4,32.7,Zone 4,30.5,Zone 4,37.1,Zone 4,35.0,Zone 4,41.3,Zone 4,39.2,Zone 4,53.0,Zone 5
Chhattisgarh,Koriya,Koriya Kvk,24.3,2026-03-09,00:45:00,,,,2026-03-09 00:51:53,,,,,,,,,,,,,,,,,,,,
Chhattisgarh,Mahasamund,Pithora,22.0,2026-03-09,00:30:00,70.0,2026-03-08,00:30:00,2026-03-09 00:51:53,22.450000000000045,Zone 3,36.7,Zone 4,22.5,Zone 3,29.6,Zone 4,27.5,Zone 4,34.2,Zone 4,32.2,Zone 4,38.6,Zone 4,36.7,Zone 4,49.9,Zone 5
Chhattisgarh,Raigarh,Dharamjaigarh,23.5,2026-03-09,00:15:00,,,,2026-03-09 00:51:53,,,,,,,,,,,,,,,,,,,,
Chhattisgarh,Raigarh,Raigarh,25.0,2026-03-09,00:15:00,,,,2026-03-09 00:51:53,,,,,,,,,,,,,,,,,,,,
Chhattisgarh,Rajnandgaon,Rajnandgaon,25.4,2026-03-09,00:30:00,48.0,2026-03-08,00:30:00,2026-03-09 00:51:53,25.350000000000023,Zone 4,38.8,Zone 4,25.5,Zone 4,32.5,Zone 4,30.3,Zone 4,36.7,Zone 4,34.7,Zone 4,40.8,Zone 4,38.8,Zone 4,50.6,Zone 5
Daman And Diu,Daman,Daman Aws,26.0,2026-03-09,00:30:00,52.0,2026-03-08,00:30:00,2026-03-09 00:51:53,26.25,Zone 4,40.1,Zone 4,26.2,Zone 4,33.5,Zone 4,31.2,Zone 4,37.9,Zone 4,35.8,Zone 4,42.1,Zone 4,40.1,Zone 4,55.9,Zone 5
Delhi,Central Delhi,Pragati Maidan,24.2,2026-03-09,00:30:00,,,,2026-03-09 00:51:53,,,,,,,,,,,,,,,,,,,,
Delhi,East Delhi,Salwan Public School,21.0,2026-03-09,00:30:00,99.0,2026-03-08,00:30:00,2026-03-09 00:51:53,22.55000000000001,Zone 3,41.9,Zone 5,22.6,Zone 3,30.0,Zone 4,27.7,Zone 4,35.3,Zone 4,33.2,Zone 4,48.5,Zone 5,41.9,Zone 5,59.7,Zone 5
Delhi,New Delhi,Sports Complex,24.3,2026-03-09,00:30:00,93.0,2026-03-08,00:30:00,2026-03-09 00:51:53,26.25,Zone 4,59.3,Zone 5,26.5,Zone 4,35.8,Zone 4,33.1,Zone 4,51.6,Zone 5,43.4,Zone 5,60.7,Zone 5,59.3,Zone 5,63.4,Zone 5
Delhi,North West Delhi,Pitampura,23.9,2026-03-09,00:30:00,93.0,2026-03-08,00:30:00,2026-03-09 00:51:53,25.55000000000001,Zone 4,57.0,Zone 5,25.7,Zone 4,34.8,Zone 4,32.1,Zone 4,47.8,Zone 5,39.7,Zone 5,60.0,Zone 5,57.0,Zone 5,62.8,Zone 5
Delhi,South Delhi,Lodi Road,21.4,2026-03-09,00:30:00,,,,2026-03-09 00:51:53,,,,,,,,,,,,,,,,,,,,
Delhi,South West Delhi,Ayanagar,19.2,2026-03-09,00:30:00,84.0,2026-03-08,00:30:00,2026-03-09 00:51:53,19.75,Zone 3,33.8,Zone 4,19.6,Zone 3,26.5,Zone 4,24.8,Zone 3,31.2,Zone 4,29.3,Zone 4,35.6,Zone 4,33.8,Zone 4,43.3,Zone 5
Delhi,South West Delhi,Jafarpur,20.2,2026-03-09,00:30:00,,,,2026-03-09 00:51:53,,,,,,,,,,,,,,,,,,,,
Delhi,South West Delhi,Najafgarh,22.3,2026-03-09,00:30:00,100.0,2026-03-08,00:30:00,2026-03-09 00:51:53,24.05000000000001,Zone 3,52.5,Zone 5,24.3,Zone 3,32.6,Zone 4,30.1,Zone 4,42.5,Zone 5,36.0,Zone 4,58.4,Zone 5,52.5,Zone 5,61.8,Zone 5
Goa,North Goa,Goa State Biodiversity Board,25.1,2026-03-09,00:30:00,99.0,2026-03-08,00:30:00,2026-03-09 00:51:53,28.05000000000001,Zone 4,61.3,Zone 5,27.9,Zone 4,41.7,Zone 5,35.0,Zone 4,59.3,Zone 5,53.2,Zone 5,62.6,Zone 5,61.3,Zone 5,65.1,Zone 5
Goa,North Goa,Mapusa,25.4,2026-03-09,00:30:00,,,,2026-03-09 00:51:53,,,,,,,,,,,,,,,,,,,,
Goa,North Goa,Pernem,24.0,2026-03-09,00:30:00,100.0,2026-03-08,00:30:00,2026-03-09 00:51:53,26.150000000000034,Zone 4,59.8,Zone 5,26.1,Zone 4,35.7,Zone 4,32.9,Zone 4,53.8,Zone 5,45.9,Zone 5,61.2,Zone 5,59.8,Zone 5,63.9,Zone 5
Gujarat,Ahmedabad,Ahmedabad,28.5,2026-03-09,00:30:00,41.0,2026-03-08,00:30:00,2026-03-09 00:51:53,28.450000000000045,Zone 4,41.7,Zone 4,28.5,Zone 4,35.5,Zone 4,33.2,Zone 4,39.8,Zone 4,37.6,Zone 4,43.8,Zone 4,41.7,Zone 4,57.5,Zone 5
Gujarat,Amreli,Jafrabad,29.2,2026-03-09,00:30:00,68.0,2026-03-08,00:30:00,2026-03-09 00:51:53,32.450000000000045,Zone 4,60.8,Zone 5,32.1,Zone 4,41.2,Zone 4,38.3,Zone 4,58.9,Zone 5,50.7,Zone 5,62.3,Zone 5,60.8,Zone 5,64.8,Zone 5
Gujarat,Amreli,Rajula,26.6,2026-03-09,00:30:00,57.0,2026-03-08,00:30:00,2026-03-09 00:51:53,27.25,Zone 4,41.7,Zone 4,27.1,Zone 4,34.7,Zone 4,32.3,Zone 4,39.4,Zone 4,37.1,Zone 4,48.8,Zone 5,41.7,Zone 4,59.7,Zone 5
Gujarat,Banaskantha,Dantewada Amfu,33.4,2026-03-09,00:30:00,65.0,2026-03-08,00:30:00,2026-03-09 00:51:53,42.05000000000001,Zone 4,67.0,Zone 5,42.3,Zone 4,62.6,Zone 5,60.2,Zone 5,65.8,Zone 5,64.2,Zone 5,68.1,Zone 5,67.0,Zone 5,69.7,Zone 5
Gujarat,Dahod,Dahod Kvk,21.3,2026-03-09,00:45:00,45.0,2026-03-08,00:45:00,2026-03-09 00:51:53,20.350000000000023,Zone 3,33.9,Zone 4,20.6,Zone 3,27.8,Zone 4,25.9,Zone 4,31.8,Zone 4,30.0,Zone 4,35.6,Zone 4,33.9,Zone 4,39.3,Zone 4
Gujarat,Dang,Dang Kvk,19.8,2026-03-09,00:45:00,52.0,2026-03-08,00:45:00,2026-03-09 00:51:53,18.850000000000023,Zone 3,32.8,Zone 4,19.1,Zone 3,26.6,Zone 4,24.8,Zone 3,30.7,Zone 4,28.9,Zone 4,34.5,Zone 4,32.8,Zone 4,38.2,Zone 4
Gujarat,Gandhinagar,Gandhinagar,26.2,2026-03-09,00:30:00,48.0,2026-03-08,00:30:00,2026-03-09 00:51:53,26.25,Zone 4,39.5,Zone 4,26.0,Zone 4,33.1,Zone 4,30.8,Zone 4,37.4,Zone 4,35.3,Zone 4,41.5,Zone 4,39.5,Zone 4,52.8,Zone 5
Gujarat,Kachchh,Bachau Amfu,26.4,2026-03-09,00:30:00,44.0,2026-03-08,00:30:00,2026-03-09 00:51:53,26.25,Zone 4,39.5,Zone 4,26.4,Zone 4,33.3,Zone 4,31.1,Zone 4,37.6,Zone 4,35.4,Zone 4,41.6,Zone 4,39.5,Zone 4,51.8,Zone 5
Gujarat,Kachchh,Kandla,26.5,2026-03-09,00:30:00,59.0,2026-03-08,00:30:00,2026-03-09 00:51:53,27.25,Zone 4,42.7,Zone 5,27.3,Zone 4,35.0,Zone 4,32.5,Zone 4,39.7,Zone 4,37.4,Zone 4,50.6,Zone 5,42.7,Zone 5,60.1,Zone 5
Gujarat,Panchmahal,Godra,,,,66.0,2026-03-08,00:30:00,2026-03-09 00:51:53,,,,,,,,,,,,,,,,,,,,
Gujarat,Patan,Patan,22.9,2026-03-09,00:30:00,51.0,2026-03-08,00:30:00,2026-03-09 00:51:53,22.55000000000001,Zone 3,36.1,Zone 4,22.7,Zone 3,29.7,Zone 4,27.6,Zone 4,33.9,Zone 4,32.0,Zone 4,37.9,Zone 4,36.1,Zone 4,42.0,Zone 5
Gujarat,Sabarkantha,Bayad,27.6,2026-03-09,00:30:00,33.0,2026-03-08,00:30:00,2026-03-09 00:51:53,26.950000000000045,Zone 4,39.2,Zone 4,26.9,Zone 4,33.4,Zone 4,31.2,Zone 4,37.4,Zone 4,35.3,Zone 4,41.1,Zone 4,39.2,Zone 4,46.4,Zone 5
Gujarat,Surat,Surat Kvk,28.9,2026-03-09,00:45:00,,,,2026-03-09 00:51:53,,,,,,,,,,,,,,,,,,,,
Gujarat,Surendranagar,Surendranagar,27.2,2026-03-09,00:30:00,29.0,2026-03-08,00:30:00,2026-03-09 00:51:53,26.350000000000023,Zone 4,38.1,Zone 4,26.1,Zone 4,32.5,Zone 4,30.4,Zone 4,36.3,Zone 4,34.3,Zone 4,40.0,Zone 4,38.1,Zone 4,43.5,Zone 4
Haryana,Bhiwani,Bhiwani,22.9,2026-03-09,00:30:00,,,,2026-03-09 00:51:53,,,,,,,,,,,,,,,,,,,,
Haryana,Gurgaon,Gurgaon,16.9,2026-03-09,00:30:00,99.0,2026-03-08,00:30:00,2026-03-09 00:51:53,17.650000000000034,Zone 3,32.2,Zone 4,17.8,Zone 3,24.9,Zone 3,23.6,Zone 3,29.4,Zone 4,27.6,Zone 4,33.9,Zone 4,32.2,Zone 4,40.8,Zone 5
Haryana,Gurgaon,Gurgaon Kvk,18.8,2026-03-09,00:45:00,59.0,2026-03-08,00:45:00,2026-03-09 00:51:53,18.05000000000001,Zone 3,32.2,Zone 4,18.3,Zone 3,25.8,Zone 4,24.2,Zone 3,29.9,Zone 4,28.2,Zone 4,33.9,Zone 4,32.2,Zone 4,37.6,Zone 4
Haryana,Jind,Pandu Pindara,21.2,2026-03-09,00:30:00,,,,2026-03-09 00:51:53,,,,,,,,,,,,,,,,,,,,
Haryana,Karnal,Uchani,21.6,2026-03-09,00:30:00,93.0,2026-03-08,00:30:00,2026-03-09 00:51:53,23.05000000000001,Zone 3,41.0,Zone 5,22.9,Zone 3,30.3,Zone 4,28.0,Zone 4,35.6,Zone 4,33.4,Zone 4,47.6,Zone 5,41.0,Zone 5,59.5,Zone 5
Haryana,Mahendragarh,Mahendragarh Aws,18.8,2026-03-09,00:30:00,99.0,2026-03-08,00:30:00,2026-03-09 00:51:53,19.950000000000045,Zone 3,35.0,Zone 4,20.2,Zone 3,27.1,Zone 4,25.1,Zone 3,32.1,Zone 4,30.1,Zone 4,37.0,Zone 5,35.0,Zone 4,51.3,Zone 5
Haryana,Mewat,Mandkola,20.1,2026-03-09,00:30:00,18.0,2026-03-08,00:30:00,2026-03-09 00:51:53,17.150000000000034,Zone 3,31.0,Zone 4,17.0,Zone 3,25.6,Zone 4,23.8,Zone 3,29.2,Zone 4,27.5,Zone 4,32.5,Zone 4,31.0,Zone 4,35.7,Zone 4
Haryana,Mewat,Nuh,23.4,2026-03-09,00:30:00,,,,2026-03-09 00:51:53,,,,,,,,,,,,,,,,,,,,
Haryana,Panipat,Ujha,24.3,2026-03-09,00:30:00,99.0,2026-03-08,00:30:00,2026-03-09 00:51:53,26.55000000000001,Zone 4,60.5,Zone 5,27.0,Zone 4,37.7,Zone 5,33.9,Zone 4,56.7,Zone 5,49.1,Zone 5,61.8,Zone 5,60.5,Zone 5,64.4,Zone 5
Haryana,Rohtak,Rohtak,21.7,2026-03-09,00:30:00,99.0,2026-03-08,00:30:00,2026-03-09 00:51:53,23.350000000000023,Zone 3,45.0,Zone 5,23.1,Zone 3,30.8,Zone 4,28.4,Zone 4,36.3,Zone 4,34.0,Zone 4,51.7,Zone 5,45.0,Zone 5,60.3,Zone 5
Haryana,Sirsa,Sirsa,19.1,2026-03-09,00:30:00,100.0,2026-03-08,00:30:00,2026-03-09 00:51:53,20.450000000000045,Zone 3,35.1,Zone 4,20.3,Zone 3,27.1,Zone 4,25.1,Zone 3,32.2,Zone 4,30.2,Zone 4,37.5,Zone 5,35.1,Zone 4,51.8,Zone 5
Himachal Pradesh,Bilaspur,Bilaspur Kvk,14.4,2026-03-09,00:45:00,100.0,2026-03-08,00:45:00,2026-03-09 00:51:53,14.550000000000011,Zone 3,29.2,Zone 4,14.6,Zone 3,23.1,Zone 3,21.5,Zone 3,26.5,Zone 4,25.1,Zone 3,30.7,Zone 4,29.2,Zone 4,34.8,Zone 4
Himachal Pradesh,Kullu,Seobagh Amfu,,,,54.0,2026-03-08,00:30:00,2026-03-09 00:51:53,,,,,,,,,,,,,,,,,,,,
Himachal Pradesh,Mandi,Sundernagar Kvk,16.3,2026-03-09,00:45:00,87.0,2026-03-08,00:45:00,2026-03-09 00:51:53,16.350000000000023,Zone 3,30.9,Zone 4,16.6,Zone 3,24.3,Zone 3,22.9,Zone 3,28.3,Zone 4,26.6,Zone 4,32.5,Zone 4,30.9,Zone 4,36.6,Zone 4
Jammu And Kashmir,Anantnag,Anantnag,8.5,2026-03-09,00:30:00,77.0,2026-03-08,00:30:00,2026-03-09 00:51:53,7.850000000000023,Zone 2,24.1,Zone 3,7.8,Zone 2,17.7,Zone 3,15.7,Zone 3,22.1,Zone 3,21.0,Zone 3,24.8,Zone 3,24.1,Zone 3,27.9,Zone 4
Jammu And Kashmir,Anantnag,Khudwani,9.1,2026-03-09,00:30:00,83.0,2026-03-08,00:30:00,2026-03-09 00:51:53,8.550000000000011,Zone 2,24.4,Zone 3,8.5,Zone 2,18.3,Zone 3,16.3,Zone 3,22.5,Zone 3,21.4,Zone 3,25.1,Zone 3,24.4,Zone 3,28.5,Zone 4
Jammu And Kashmir,Anantnag,Larnoo,5.6,2026-03-09,00:30:00,99.0,2026-03-08,00:30:00,2026-03-09 00:51:53,5.550000000000011,Zone 2,22.8,Zone 3,5.5,Zone 2,15.5,Zone 3,13.6,Zone 2,20.5,Zone 3,19.3,Zone 3,23.5,Zone 3,22.8,Zone 3,25.8,Zone 4
Jammu And Kashmir,Anantnag,Pahalgam,6.0,2026-03-09,00:30:00,75.0,2026-03-08,00:30:00,2026-03-09 00:51:53,5.350000000000023,Zone 2,22.8,Zone 3,5.4,Zone 2,15.5,Zone 3,13.6,Zone 2,20.5,Zone 3,19.3,Zone 3,23.6,Zone 3,22.8,Zone 3,25.9,Zone 4
Jammu And Kashmir,Badgam,Harran,9.8,2026-03-09,00:30:00,74.0,2026-03-08,00:30:00,2026-03-09 00:51:53,8.950000000000045,Zone 2,24.8,Zone 3,9.2,Zone 2,18.9,Zone 3,17.0,Zone 3,23.0,Zone 3,21.9,Zone 3,25.6,Zone 4,24.8,Zone 3,29.2,Zone 4
Jammu And Kashmir,Bandipora,Bandipora,9.5,2026-03-09,00:45:00,,,,2026-03-09 00:51:53,,,,,,,,,,,,,,,,,,,,
Jammu And Kashmir,Baramulla,Baramulla Amfu,22.1,2026-03-09,00:30:00,78.0,2026-03-08,00:30:00,2026-03-09 00:51:53,22.950000000000045,Zone 3,37.6,Zone 4,22.8,Zone 3,30.1,Zone 4,27.9,Zone 4,34.9,Zone 4,32.9,Zone 4,40.6,Zone 5,37.6,Zone 4,54.9,Zone 5
Jammu And Kashmir,Baramulla,Baramulla Kvk,10.3,2026-03-09,00:45:00,62.0,2026-03-08,00:45:00,2026-03-09 00:51:53,9.050000000000011,Zone 2,24.9,Zone 3,9.3,Zone 2,19.1,Zone 3,17.1,Zone 3,23.2,Zone 3,22.0,Zone 3,25.9,Zone 4,24.9,Zone 3,29.3,Zone 4
Jammu And Kashmir,Baramulla,Gulmarg,5.2,2026-03-09,00:30:00,40.0,2026-03-08,00:30:00,2026-03-09 00:51:53,3.650000000000034,Zone 2,22.0,Zone 3,3.5,Zone 2,14.0,Zone 3,12.3,Zone 2,19.5,Zone 3,18.2,Zone 3,22.8,Zone 3,22.0,Zone 3,25.0,Zone 3
Jammu And Kashmir,Ganderbal,Ganderbal,12.7,2026-03-09,00:30:00,40.0,2026-03-08,00:30:00,2026-03-09 00:51:53,10.550000000000011,Zone 2,25.8,Zone 4,10.4,Zone 2,20.3,Zone 3,18.2,Zone 3,24.1,Zone 3,22.9,Zone 3,27.1,Zone 4,25.8,Zone 4,30.4,Zone 4
Jammu And Kashmir,Ganderbal,Sonemarg,4.7,2026-03-09,00:30:00,86.0,2026-03-08,00:30:00,2026-03-09 00:51:53,4.350000000000023,Zone 2,22.2,Zone 3,4.2,Zone 2,14.4,Zone 3,12.7,Zone 2,19.7,Zone 3,18.5,Zone 3,22.9,Zone 3,22.2,Zone 3,25.0,Zone 3
Jammu And Kashmir,Jammu,Chatha Amfu,20.2,2026-03-09,00:30:00,91.0,2026-03-08,00:30:00,2026-03-09 00:51:53,21.350000000000023,Zone 3,35.8,Zone 4,21.1,Zone 3,28.1,Zone 4,26.0,Zone 4,33.0,Zone 4,31.0,Zone 4,37.9,Zone 5,35.8,Zone 4,52.2,Zone 5
Jammu And Kashmir,Jammu,Jammu,21.3,2026-03-09,00:00:00,,,,2026-03-09 00:51:53,,,,,,,,,,,,,,,,,,,,
Jammu And Kashmir,Kathua,Kathua Kvk,19.9,2026-03-09,00:45:00,100.0,2026-03-08,00:45:00,2026-03-09 00:51:53,21.350000000000023,Zone 3,36.9,Zone 5,21.5,Zone 3,28.5,Zone 4,26.3,Zone 4,33.7,Zone 4,31.7,Zone 4,42.9,Zone 5,36.9,Zone 5,57.0,Zone 5
Jammu And Kashmir,Kishtwar,Gulabgarh,4.5,2026-03-09,00:30:00,53.0,2026-03-08,00:30:00,2026-03-09 00:51:53,3.3500000000000227,Zone 2,21.9,Zone 3,3.4,Zone 2,13.9,Zone 2,12.2,Zone 2,19.3,Zone 3,18.0,Zone 3,22.7,Zone 3,21.9,Zone 3,24.9,Zone 3
Jammu And Kashmir,Kishtwar,Kishtwar,14.6,2026-03-09,00:45:00,52.0,2026-03-08,00:45:00,2026-03-09 00:51:53,12.850000000000023,Zone 2,27.7,Zone 4,12.7,Zone 2,22.1,Zone 3,20.3,Zone 3,25.4,Zone 4,24.3,Zone 3,29.1,Zone 4,27.7,Zone 4,32.6,Zone 4
Jammu And Kashmir,Kulgam,Kulgam Amfu,13.9,2026-03-09,00:45:00,61.0,2026-03-08,00:45:00,2026-03-09 00:51:53,12.450000000000045,Zone 2,27.5,Zone 4,12.6,Zone 2,21.9,Zone 3,20.1,Zone 3,25.2,Zone 3,24.2,Zone 3,28.9,Zone 4,27.5,Zone 4,32.5,Zone 4
Jammu And Kashmir,Kupwara,Kupw Kvk,9.7,2026-03-09,00:45:00,72.0,2026-03-08,00:45:00,2026-03-09 00:51:53,8.850000000000023,Zone 2,24.5,Zone 3,8.6,Zone 2,18.5,Zone 3,16.5,Zone 3,22.7,Zone 3,21.6,Zone 3,25.2,Zone 3,24.5,Zone 3,28.7,Zone 4
Jammu And Kashmir,Poonch,Rajpura Mandi,14.6,2026-03-09,00:30:00,37.0,2026-03-08,00:30:00,2026-03-09 00:51:53,12.25,Zone 2,27.3,Zone 4,12.1,Zone 2,21.8,Zone 3,19.8,Zone 3,25.2,Zone 3,24.1,Zone 3,28.7,Zone 4,27.3,Zone 4,32.0,Zone 4
Jammu And Kashmir,Pulwama,Tral,11.2,2026-03-09,00:30:00,67.0,2026-03-08,00:30:00,2026-03-09 00:51:53,10.150000000000034,Zone 2,25.2,Zone 3,9.9,Zone 2,19.6,Zone 3,17.7,Zone 3,23.5,Zone 3,22.4,Zone 3,26.4,Zone 4,25.2,Zone 3,29.9,Zone 4
Jammu And Kashmir,Rajouri,Rajouri Arg,16.3,2026-03-09,00:30:00,41.0,2026-03-08,00:30:00,2026-03-09 00:51:53,13.950000000000045,Zone 2,29.1,Zone 4,14.2,Zone 3,23.5,Zone 3,21.6,Zone 3,26.9,Zone 4,25.4,Zone 4,30.5,Zone 4,29.1,Zone 4,33.9,Zone 4
Jammu And Kashmir,Ramban,Govindpura,18.3,2026-03-09,00:30:00,57.0,2026-03-08,00:30:00,2026-03-09 00:51:53,17.350000000000023,Zone 3,31.6,Zone 4,17.6,Zone 3,25.2,Zone 3,23.7,Zone 3,29.3,Zone 4,27.6,Zone 4,33.2,Zone 4,31.6,Zone 4,36.9,Zone 4
Jammu And Kashmir,Reasi,Reasi Kvk,17.5,2026-03-09,00:45:00,96.0,2026-03-08,00:45:00,2026-03-09 00:51:53,18.25,Zone 3,32.6,Zone 4,18.3,Zone 3,25.2,Zone 3,23.9,Zone 3,29.9,Zone 4,28.1,Zone 4,34.4,Zone 4,32.6,Zone 4,41.9,Zone 5
Jammu And Kashmir,Samba,Samba,16.0,2026-03-09,00:30:00,94.0,2026-03-08,00:30:00,2026-03-09 00:51:53,16.25,Zone 3,30.7,Zone 4,16.3,Zone 3,24.1,Zone 3,22.6,Zone 3,28.0,Zone 4,26.3,Zone 4,32.3,Zone 4,30.7,Zone 4,36.4,Zone 4
Jammu And Kashmir,Shopian,Shopian,10.7,2026-03-09,00:30:00,50.0,2026-03-08,00:30:00,2026-03-09 00:51:53,9.050000000000011,Zone 2,24.8,Zone 3,8.9,Zone 2,18.9,Zone 3,16.8,Zone 3,23.0,Zone 3,21.8,Zone 3,25.7,Zone 4,24.8,Zone 3,29.0,Zone 4
Jammu And Kashmir,Srinagar,Srinagar Amfu,10.6,2026-03-09,00:30:00,67.0,2026-03-08,00:30:00,2026-03-09 00:51:53,9.550000000000011,Zone 2,24.9,Zone 3,9.4,Zone 2,19.2,Zone 3,17.2,Zone 3,23.2,Zone 3,22.1,Zone 3,26.0,Zone 4,24.9,Zone 3,29.4,Zone 4
Jammu And Kashmir,Srinagar,Srinagar Tdma Test,28.5,2026-03-09,00:30:00,58.0,2026-03-08,00:30:00,2026-03-09 00:51:53,30.05000000000001,Zone 4,53.2,Zone 5,30.0,Zone 4,38.1,Zone 4,35.5,Zone 4,44.8,Zone 5,40.6,Zone 4,59.3,Zone 5,53.2,Zone 5,62.2,Zone 5
Jammu And Kashmir,Udhampur,Kawa,17.2,2026-03-09,00:30:00,100.0,2026-03-08,00:30:00,2026-03-09 00:51:53,18.05000000000001,Zone 3,32.2,Zone 4,17.8,Zone 3,24.9,Zone 3,23.6,Zone 3,29.4,Zone 4,27.6,Zone 4,33.9,Zone 4,32.2,Zone 4,41.3,Zone 5
Jharkhand,Gumla,Gumla-Bishnupur Kvk,17.8,2026-03-09,00:45:00,94.0,2026-03-08,00:45:00,2026-03-09 00:51:53,18.55000000000001,Zone 3,33.2,Zone 4,18.8,Zone 3,25.7,Zone 4,24.2,Zone 3,30.4,Zone 4,28.6,Zone 4,34.9,Zone 4,33.2,Zone 4,43.4,Zone 5
Jharkhand,Khunti,Diyakel-Khunti Kvk,22.7,2026-03-09,00:45:00,,,,2026-03-09 00:51:53,,,,,,,,,,,,,,,,,,,,
Jharkhand,Lohardaga,Lohardaga Kvk,22.7,2026-03-09,00:45:00,,,,2026-03-09 00:51:53,,,,,,,,,,,,,,,,,,,,
Jharkhand,Pakur,Pakur Kvk,21.8,2026-03-09,00:45:00,,,,2026-03-09 00:51:53,,,,,,,,,,,,,,,,,,,,
Jharkhand,Ramgarh,Ramgarh Kvk,,,,100.0,2026-03-08,00:45:00,2026-03-09 00:51:53,,,,,,,,,,,,,,,,,,,,
Jharkhand,Simdega,Bano-Simdega Kvk,22.1,2026-03-09,00:45:00,79.0,2026-03-08,00:45:00,2026-03-09 00:51:53,22.950000000000045,Zone 3,37.7,Zone 4,22.9,Zone 3,30.2,Zone 4,27.9,Zone 4,35.0,Zone 4,33.0,Zone 4,41.2,Zone 5,37.7,Zone 4,55.5,Zone 5
Jharkhand,West Singhbhum,Jagannathpur-Bau Kvk,24.0,2026-03-09,00:45:00,,,,2026-03-09 00:51:53,,,,,,,,,,,,,,,,,,,,
Karnataka,Bagalkot,Bagalkot Kvk,21.8,2026-03-09,00:45:00,46.0,2026-03-08,00:45:00,2026-03-09 00:51:53,20.950000000000045,Zone 3,34.5,Zone 4,21.2,Zone 3,28.4,Zone 4,26.4,Zone 4,32.4,Zone 4,30.6,Zone 4,36.3,Zone 4,34.5,Zone 4,39.9,Zone 4
Karnataka,Bangalore Urban,Bangalore,24.2,2026-03-09,00:30:00,58.0,2026-03-08,00:30:00,2026-03-09 00:51:53,24.450000000000045,Zone 3,38.1,Zone 4,24.2,Zone 3,31.4,Zone 4,29.2,Zone 4,35.8,Zone 4,33.8,Zone 4,40.1,Zone 4,38.1,Zone 4,51.3,Zone 5
Karnataka,Bangalore Urban,Electronic City(Nice),23.6,2026-03-09,00:30:00,53.0,2026-03-08,00:30:00,2026-03-09 00:51:53,23.55000000000001,Zone 3,36.9,Zone 4,23.4,Zone 3,30.4,Zone 4,28.3,Zone 4,34.7,Zone 4,32.7,Zone 4,38.8,Zone 4,36.9,Zone 4,45.5,Zone 5
Karnataka,Bangalore Urban,Gopal Nagar,23.3,2026-03-09,00:30:00,65.0,2026-03-08,00:30:00,2026-03-09 00:51:53,23.75,Zone 3,38.3,Zone 4,24.0,Zone 3,31.3,Zone 4,29.0,Zone 4,35.9,Zone 4,33.8,Zone 4,40.3,Zone 4,38.3,Zone 4,53.8,Zone 5
Karnataka,Bangalore Urban,Madhavara(Nice),24.4,2026-03-09,00:30:00,46.0,2026-03-08,00:30:00,2026-03-09 00:51:53,24.05000000000001,Zone 3,37.3,Zone 4,24.2,Zone 3,31.1,Zone 4,29.0,Zone 4,35.3,Zone 4,33.3,Zone 4,39.2,Zone 4,37.3,Zone 4,44.8,Zone 5
Karnataka,Bellary,Hagari Kvk,27.6,2026-03-09,00:30:00,36.0,2026-03-08,00:30:00,2026-03-09 00:51:53,27.150000000000034,Zone 4,39.6,Zone 4,27.0,Zone 4,33.7,Zone 4,31.5,Zone 4,37.8,Zone 4,35.7,Zone 4,41.6,Zone 4,39.6,Zone 4,49.1,Zone 5
Karnataka,Bijapur,Tidagundi Amfu,26.8,2026-03-09,00:30:00,35.0,2026-03-08,00:30:00,2026-03-09 00:51:53,26.25,Zone 4,38.9,Zone 4,26.4,Zone 4,33.1,Zone 4,30.9,Zone 4,37.0,Zone 4,35.0,Zone 4,40.8,Zone 4,38.9,Zone 4,46.2,Zone 5
Karnataka,Gadag,Gadag,23.9,2026-03-09,00:30:00,42.0,2026-03-08,00:30:00,2026-03-09 00:51:53,23.25,Zone 3,36.3,Zone 4,23.4,Zone 3,30.3,Zone 4,28.2,Zone 4,34.3,Zone 4,32.4,Zone 4,38.2,Zone 4,36.3,Zone 4,41.8,Zone 4
Karnataka,Gulbarga,Raddewadgi,24.4,2026-03-09,00:30:00,42.0,2026-03-08,00:30:00,2026-03-09 00:51:53,23.850000000000023,Zone 3,36.9,Zone 4,24.0,Zone 3,30.8,Zone 4,28.7,Zone 4,34.9,Zone 4,32.9,Zone 4,38.8,Zone 4,36.9,Zone 4,42.5,Zone 4
Karnataka,Kolar,Kgf (Kolar),21.6,2026-03-09,00:30:00,80.0,2026-03-08,00:30:00,2026-03-09 00:51:53,22.450000000000045,Zone 3,37.0,Zone 4,22.3,Zone 3,29.5,Zone 4,27.4,Zone 4,34.4,Zone 4,32.3,Zone 4,39.3,Zone 5,37.0,Zone 4,53.6,Zone 5
Karnataka,Kolar,Tamaka Kvk,20.4,2026-03-09,00:30:00,74.0,2026-03-08,00:30:00,2026-03-09 00:51:53,20.75,Zone 3,35.0,Zone 4,20.9,Zone 3,27.9,Zone 4,25.9,Zone 4,32.5,Zone 4,30.6,Zone 4,36.9,Zone 4,35.0,Zone 4,45.0,Zone 5
Karnataka,Koppal,Koppal,30.8,2026-03-09,00:30:00,28.0,2026-03-08,00:30:00,2026-03-09 00:51:53,29.950000000000045,Zone 4,42.4,Zone 4,30.2,Zone 4,36.8,Zone 4,34.5,Zone 4,40.8,Zone 4,38.5,Zone 4,44.5,Zone 4,42.4,Zone 4,55.1,Zone 5
Karnataka,Mandya,Mandya Kvk,22.7,2026-03-09,00:45:00,93.0,2026-03-08,00:45:00,2026-03-09 00:51:53,24.25,Zone 3,47.2,Zone 5,24.0,Zone 3,32.0,Zone 4,29.6,Zone 4,37.6,Zone 5,35.2,Zone 4,53.9,Zone 5,47.2,Zone 5,60.8,Zone 5
Karnataka,Ramanagara,Chandurayanghalli Kvk,23.1,2026-03-09,00:45:00,39.0,2026-03-08,00:45:00,2026-03-09 00:51:53,22.150000000000034,Zone 3,35.0,Zone 4,22.0,Zone 3,29.1,Zone 4,27.1,Zone 4,33.0,Zone 4,31.2,Zone 4,36.8,Zone 4,35.0,Zone 4,40.3,Zone 4
Karnataka,Tumkur,Chikkanakalli,21.0,2026-03-09,00:30:00,54.0,2026-03-08,00:30:00,2026-03-09 00:51:53,20.450000000000045,Zone 3,34.0,Zone 4,20.5,Zone 3,27.7,Zone 4,25.7,Zone 4,31.8,Zone 4,30.0,Zone 4,35.8,Zone 4,34.0,Zone 4,39.6,Zone 4
Kerala,Ernakulam,Boat Jetty Kgov,27.9,2026-03-09,00:30:00,100.0,2026-03-08,00:30:00,2026-03-09 00:51:53,36.05000000000001,Zone 5,66.7,Zone 5,37.1,Zone 5,61.9,Zone 5,59.8,Zone 5,65.3,Zone 5,63.9,Zone 5,67.7,Zone 5,66.7,Zone 5,69.4,Zone 5
Kerala,Ernakulam,Dhground Kgov,27.7,2026-03-09,00:30:00,100.0,2026-03-08,00:30:00,2026-03-09 00:51:53,34.75,Zone 4,65.8,Zone 5,34.1,Zone 4,60.7,Zone 5,57.3,Zone 5,64.3,Zone 5,62.9,Zone 5,66.9,Zone 5,65.8,Zone 5,68.7,Zone 5
Kerala,Ernakulam,Kadavanthra Kgov,27.3,2026-03-09,00:30:00,100.0,2026-03-08,00:30:00,2026-03-09 00:51:53,33.55000000000001,Zone 4,65.8,Zone 5,34.1,Zone 4,60.7,Zone 5,57.3,Zone 5,64.3,Zone 5,62.9,Zone 5,66.9,Zone 5,65.8,Zone 5,68.7,Zone 5
Kerala,Malappuram,Thavanur Kvk,27.2,2026-03-09,00:45:00,92.0,2026-03-08,00:45:00,2026-03-09 00:51:53,31.850000000000023,Zone 4,63.2,Zone 5,31.4,Zone 4,52.4,Zone 5,42.1,Zone 5,61.5,Zone 5,59.8,Zone 5,64.5,Zone 5,63.2,Zone 5,66.6,Zone 5
Kerala,Palakkad,Pattambi Kvk,26.9,2026-03-09,00:30:00,92.0,2026-03-08,00:30:00,2026-03-09 00:51:53,31.150000000000034,Zone 4,63.2,Zone 5,31.4,Zone 4,52.4,Zone 5,42.1,Zone 5,61.5,Zone 5,59.8,Zone 5,64.5,Zone 5,63.2,Zone 5,66.6,Zone 5
Ladakh,Kargil,Garkon,8.8,2026-03-09,00:30:00,31.0,2026-03-08,00:30:00,2026-03-09 00:51:53,6.75,Zone 2,23.9,Zone 3,6.9,Zone 2,17.3,Zone 3,15.0,Zone 3,21.9,Zone 3,20.6,Zone 3,24.7,Zone 3,23.9,Zone 3,27.5,Zone 4
Ladakh,Kargil,Kargil,4.7,2026-03-09,00:30:00,44.0,2026-03-08,00:30:00,2026-03-09 00:51:53,3.3500000000000227,Zone 2,21.8,Zone 3,3.1,Zone 2,13.7,Zone 2,12.0,Zone 2,19.2,Zone 3,17.9,Zone 3,22.6,Zone 3,21.8,Zone 3,24.8,Zone 3
Ladakh,Kargil,Padum Kvk,-1.7,2026-03-09,00:30:00,55.0,2026-03-08,00:30:00,2026-03-09 00:51:53,-2.4499999999999886,Zone 2,18.8,Zone 3,-2.2,Zone 2,9.7,Zone 2,8.1,Zone 2,15.3,Zone 3,14.0,Zone 3,19.6,Zone 3,18.8,Zone 3,22.4,Zone 3
Ladakh,Leh,Chuchot Yokma,3.0,2026-03-09,00:30:00,23.0,2026-03-08,00:30:00,2026-03-09 00:51:53,1.25,Zone 2,20.8,Zone 3,1.3,Zone 2,12.5,Zone 2,10.7,Zone 2,18.0,Zone 3,16.6,Zone 3,21.7,Zone 3,20.8,Zone 3,24.1,Zone 3
Ladakh,Leh,Khaltse,5.4,2026-03-09,00:30:00,31.0,2026-03-08,00:30:00,2026-03-09 00:51:53,3.650000000000034,Zone 2,22.1,Zone 3,3.7,Zone 2,14.3,Zone 3,12.5,Zone 2,19.7,Zone 3,18.3,Zone 3,23.0,Zone 3,22.1,Zone 3,25.1,Zone 3
Ladakh,Leh,Leh Amfu,3.0,2026-03-09,00:45:00,38.0,2026-03-08,00:45:00,2026-03-09 00:51:53,1.650000000000034,Zone 2,21.0,Zone 3,1.6,Zone 2,12.7,Zone 2,10.9,Zone 2,18.1,Zone 3,16.8,Zone 3,21.8,Zone 3,21.0,Zone 3,24.2,Zone 3
Ladakh,Leh,Mc Leh,1.7,2026-03-09,00:30:00,23.0,2026-03-08,00:30:00,2026-03-09 00:51:53,0.1500000000000341,Zone 2,20.1,Zone 3,-0.1,Zone 2,11.5,Zone 2,9.7,Zone 2,17.0,Zone 3,15.6,Zone 3,20.9,Zone 3,20.1,Zone 3,23.5,Zone 3
Ladakh,Leh,Nubra Hunder,3.4,2026-03-09,00:30:00,29.0,2026-03-08,00:30:00,2026-03-09 00:51:53,1.75,Zone 2,21.1,Zone 3,1.9,Zone 2,12.9,Zone 2,11.1,Zone 2,18.4,Zone 3,17.0,Zone 3,22.0,Zone 3,21.1,Zone 3,24.3,Zone 3
Ladakh,Leh,Nyoma Kvk,-1.3,2026-03-09,00:30:00,26.0,2026-03-08,00:30:00,2026-03-09 00:51:53,-2.5499999999999545,Zone 2,18.5,Zone 3,-2.7,Zone 2,9.4,Zone 2,7.8,Zone 2,15.0,Zone 3,13.8,Zone 2,19.4,Zone 3,18.5,Zone 3,22.3,Zone 3
Ladakh,Leh,Tangtse Durbuk,0.8,2026-03-09,00:30:00,33.0,2026-03-08,00:30:00,2026-03-09 00:51:53,-0.44999999999998863,Zone 2,19.9,Zone 3,-0.3,Zone 2,11.2,Zone 2,9.5,Zone 2,16.8,Zone 3,15.4,Zone 3,20.7,Zone 3,19.9,Zone 3,23.3,Zone 3
Ladakh,Leh,Upshi,,,,49.0,2026-03-08,00:30:00,2026-03-09 00:51:53,,,,,,,,,,,,,,,,,,,,
Madhya Pradesh,Barwani,Talun Kvk,19.0,2026-03-09,00:45:00,56.0,2026-03-08,00:45:00,2026-03-09 00:51:53,18.150000000000034,Zone 3,32.0,Zone 4,18.1,Zone 3,25.7,Zone 4,24.1,Zone 3,29.8,Zone 4,28.1,Zone 4,33.7,Zone 4,32.0,Zone 4,37.4,Zone 4
Madhya Pradesh,Betul,Betul,,,,70.0,2026-03-08,00:30:00,2026-03-09 00:51:53,,,,,,,,,,,,,,,,,,,,
Madhya Pradesh,Bhopal,Berasia,20.8,2026-03-09,00:30:00,54.0,2026-03-08,00:30:00,2026-03-09 00:51:53,20.25,Zone 3,34.0,Zone 4,20.5,Zone 3,27.7,Zone 4,25.7,Zone 4,31.8,Zone 4,30.0,Zone 4,35.8,Zone 4,34.0,Zone 4,39.6,Zone 4
Madhya Pradesh,Bhopal,Islamnagar,18.6,2026-03-09,00:30:00,70.0,2026-03-08,00:30:00,2026-03-09 00:51:53,18.350000000000023,Zone 3,32.3,Zone 4,18.2,Zone 3,25.6,Zone 4,24.1,Zone 3,29.9,Zone 4,28.1,Zone 4,34.0,Zone 4,32.3,Zone 4,37.9,Zone 4
Madhya Pradesh,Bhopal ,Bhopal,23.8,2026-03-09,00:30:00,56.0,2026-03-08,00:30:00,2026-03-09 00:51:53,23.850000000000023,Zone 3,37.9,Zone 4,24.1,Zone 3,31.2,Zone 4,29.1,Zone 4,35.6,Zone 4,33.6,Zone 4,39.8,Zone 4,37.9,Zone 4,49.9,Zone 5
Madhya Pradesh,Datia,Datia,20.1,2026-03-09,00:30:00,84.0,2026-03-08,00:30:00,2026-03-09 00:51:53,20.850000000000023,Zone 3,35.2,Zone 4,20.8,Zone 3,27.8,Zone 4,25.7,Zone 4,32.5,Zone 4,30.6,Zone 4,37.1,Zone 4,35.2,Zone 4,48.3,Zone 5
Madhya Pradesh,Dewas,Kannod,25.0,2026-03-09,00:30:00,29.0,2026-03-08,00:30:00,2026-03-09 00:51:53,23.950000000000045,Zone 3,36.1,Zone 4,23.9,Zone 3,30.5,Zone 4,28.5,Zone 4,34.3,Zone 4,32.4,Zone 4,37.9,Zone 4,36.1,Zone 4,41.3,Zone 4
Madhya Pradesh,Dhar,Dhar,22.6,2026-03-09,00:30:00,32.0,2026-03-08,00:30:00,2026-03-09 00:51:53,21.150000000000034,Zone 3,33.9,Zone 4,21.0,Zone 3,28.3,Zone 4,26.3,Zone 4,32.1,Zone 4,30.3,Zone 4,35.6,Zone 4,33.9,Zone 4,39.1,Zone 4
Madhya Pradesh,Hoshangabad,Hoshangabad,19.9,2026-03-09,00:30:00,76.0,2026-03-08,00:30:00,2026-03-09 00:51:53,20.25,Zone 3,34.5,Zone 4,20.4,Zone 3,27.4,Zone 4,25.4,Zone 4,32.0,Zone 4,30.1,Zone 4,36.3,Zone 4,34.5,Zone 4,43.8,Zone 5
Madhya Pradesh,Khandwa,Khandwa Kvk,20.7,2026-03-09,00:45:00,,,,2026-03-09 00:51:53,,,,,,,,,,,,,,,,,,,,
Madhya Pradesh,Mandsaur,Mandsour,17.0,2026-03-09,00:30:00,67.0,2026-03-08,00:30:00,2026-03-09 00:51:53,16.25,Zone 3,30.5,Zone 4,16.2,Zone 3,24.3,Zone 3,22.8,Zone 3,28.2,Zone 4,26.5,Zone 4,32.1,Zone 4,30.5,Zone 4,35.9,Zone 4
Madhya Pradesh,Morena,Morena Amfu,21.3,2026-03-09,00:30:00,77.0,2026-03-08,00:30:00,2026-03-09 00:51:53,21.950000000000045,Zone 3,36.7,Zone 4,22.2,Zone 3,29.4,Zone 4,27.2,Zone 4,34.1,Zone 4,32.1,Zone 4,38.6,Zone 4,36.7,Zone 4,51.8,Zone 5
Madhya Pradesh,Narsinghpur,Narsinghpur,21.1,2026-03-09,00:30:00,65.0,2026-03-08,00:30:00,2026-03-09 00:51:53,21.150000000000034,Zone 3,34.9,Zone 4,21.0,Zone 3,28.1,Zone 4,26.1,Zone 4,32.5,Zone 4,30.6,Zone 4,36.7,Zone 4,34.9,Zone 4,42.1,Zone 5
Madhya Pradesh,Neemuch,Marukheda Kvk,20.4,2026-03-09,00:45:00,54.0,2026-03-08,00:45:00,2026-03-09 00:51:53,19.75,Zone 3,33.5,Zone 4,19.8,Zone 3,27.2,Zone 4,25.2,Zone 3,31.3,Zone 4,29.5,Zone 4,35.2,Zone 4,33.5,Zone 4,39.0,Zone 4
Madhya Pradesh,Niwari,Prithvipur,22.1,2026-03-09,00:30:00,58.0,2026-03-08,00:30:00,2026-03-09 00:51:53,21.950000000000045,Zone 3,35.5,Zone 4,21.9,Zone 3,29.0,Zone 4,26.9,Zone 4,33.3,Zone 4,31.4,Zone 4,37.4,Zone 4,35.5,Zone 4,42.3,Zone 5
Madhya Pradesh,Rajgarh,Rajgarh Kvk,15.9,2026-03-09,00:45:00,52.0,2026-03-08,00:45:00,2026-03-09 00:51:53,14.050000000000011,Zone 3,29.0,Zone 4,14.2,Zone 3,23.3,Zone 3,21.5,Zone 3,26.8,Zone 4,25.2,Zone 3,30.5,Zone 4,29.0,Zone 4,34.0,Zone 4
Madhya Pradesh,Rewa,Rewa Kvk,18.9,2026-03-09,00:45:00,,,,2026-03-09 00:51:53,,,,,,,,,,,,,,,,,,,,
Madhya Pradesh,Sagar,Sagar,18.5,2026-03-09,00:00:00,,,,2026-03-09 00:51:53,,,,,,,,,,,,,,,,,,,,
Madhya Pradesh,Sehore,Bhairunda,23.3,2026-03-09,00:30:00,48.0,2026-03-08,00:30:00,2026-03-09 00:51:53,22.950000000000045,Zone 3,36.4,Zone 4,23.1,Zone 3,30.1,Zone 4,28.0,Zone 4,34.3,Zone 4,32.3,Zone 4,38.2,Zone 4,36.4,Zone 4,42.1,Zone 5
Madhya Pradesh,Sehore,Sehore Amfu,17.9,2026-03-09,00:30:00,56.0,2026-03-08,00:30:00,2026-03-09 00:51:53,16.75,Zone 3,31.0,Zone 4,16.9,Zone 3,24.9,Zone 3,23.3,Zone 3,28.8,Zone 4,27.1,Zone 4,32.6,Zone 4,31.0,Zone 4,36.3,Zone 4
Madhya Pradesh,Shahdol,Kalyanpur Kvk,17.0,2026-03-09,00:30:00,76.0,2026-03-08,00:30:00,2026-03-09 00:51:53,16.650000000000034,Zone 3,31.0,Zone 4,16.7,Zone 3,24.5,Zone 3,23.0,Zone 3,28.5,Zone 4,26.8,Zone 4,32.6,Zone 4,31.0,Zone 4,36.5,Zone 4
Madhya Pradesh,Shajapur,Shajapur,17.0,2026-03-09,00:30:00,58.0,2026-03-08,00:30:00,2026-03-09 00:51:53,15.75,Zone 3,30.2,Zone 4,15.7,Zone 3,24.2,Zone 3,22.5,Zone 3,27.9,Zone 4,26.3,Zone 4,31.7,Zone 4,30.2,Zone 4,35.3,Zone 4
Madhya Pradesh,Sheopur,Sheopur,,,,60.0,2026-03-08,00:30:00,2026-03-09 00:51:53,,,,,,,,,,,,,,,,,,,,
Madhya Pradesh,Shivpuri,Shivpuri,23.4,2026-03-09,00:30:00,38.0,2026-03-08,00:30:00,2026-03-09 00:51:53,22.450000000000045,Zone 3,35.4,Zone 4,22.6,Zone 3,29.5,Zone 4,27.5,Zone 4,33.5,Zone 4,31.6,Zone 4,37.2,Zone 4,35.4,Zone 4,40.8,Zone 4
Madhya Pradesh,Ujjain,Tarana,22.5,2026-03-09,00:15:00,,,,2026-03-09 00:51:53,,,,,,,,,,,,,,,,,,,,
Madhya Pradesh,Vidisha,Vidisha,19.9,2026-03-09,00:30:00,61.0,2026-03-08,00:30:00,2026-03-09 00:51:53,19.450000000000045,Zone 3,33.4,Zone 4,19.6,Zone 3,26.9,Zone 4,25.0,Zone 3,31.1,Zone 4,29.3,Zone 4,35.2,Zone 4,33.4,Zone 4,39.0,Zone 4
Maharashtra,Akola,Akola Amfu,23.7,2026-03-09,00:30:00,26.0,2026-03-08,00:30:00,2026-03-09 00:51:53,22.150000000000034,Zone 3,34.4,Zone 4,21.9,Zone 3,28.9,Zone 4,27.0,Zone 4,32.6,Zone 4,30.8,Zone 4,36.1,Zone 4,34.4,Zone 4,39.5,Zone 4
Maharashtra,Buldhana,Lonar,25.5,2026-03-09,00:30:00,20.0,2026-03-08,00:30:00,2026-03-09 00:51:53,23.950000000000045,Zone 3,35.6,Zone 4,24.0,Zone 3,30.4,Zone 4,28.4,Zone 4,34.0,Zone 4,32.1,Zone 4,37.4,Zone 4,35.6,Zone 4,40.7,Zone 4
Maharashtra,Gondia,Tiroda,,,,49.0,2026-03-08,00:30:00,2026-03-09 00:51:53,,,,,,,,,,,,,,,,,,,,
Maharashtra,Kolhapur,Kolhapur Amfu,23.3,2026-03-09,00:30:00,100.0,2026-03-08,00:30:00,2026-03-09 00:51:53,25.05000000000001,Zone 3,58.9,Zone 5,25.3,Zone 3,34.6,Zone 4,31.9,Zone 4,50.0,Zone 5,42.0,Zone 5,60.4,Zone 5,58.9,Zone 5,63.2,Zone 5
Maharashtra,Mumbai Suburban,Bandra,27.5,2026-03-09,00:30:00,,,,2026-03-09 00:51:53,,,,,,,,,,,,,,,,,,,,
Maharashtra,Mumbai Suburban,Tata Power Chembur,27.5,2026-03-09,00:30:00,,,,2026-03-09 00:51:53,,,,,,,,,,,,,,,,,,,,
Maharashtra,Mumbai Suburban,Vidyavihar,27.2,2026-03-09,00:30:00,41.0,2026-03-08,00:30:00,2026-03-09 00:51:53,26.950000000000045,Zone 4,39.7,Zone 4,26.8,Zone 4,33.7,Zone 4,31.4,Zone 4,37.8,Zone 4,35.7,Zone 4,41.8,Zone 4,39.7,Zone 4,51.4,Zone 5
Maharashtra,Mumbai Suburban,Vikhroli,27.2,2026-03-09,00:00:00,,,,2026-03-09 00:51:53,,,,,,,,,,,,,,,,,,,,
Maharashtra,Mumbai City,Mahalaxmi,28.1,2026-03-09,00:30:00,,,,2026-03-09 00:51:53,,,,,,,,,,,,,,,,,,,,
Maharashtra,Mumbai City,Mumbai Santa Cruz,26.9,2026-03-09,00:30:00,,,,2026-03-09 00:51:53,,,,,,,,,,,,,,,,,,,,
Maharashtra,Nagpur,Nagpur,23.4,2026-03-09,00:30:00,53.0,2026-03-08,00:30:00,2026-03-09 00:51:53,23.25,Zone 3,36.9,Zone 4,23.4,Zone 3,30.4,Zone 4,28.3,Zone 4,34.7,Zone 4,32.7,Zone 4,38.8,Zone 4,36.9,Zone 4,45.5,Zone 5
Maharashtra,Nagpur,Nagpur Kvk,22.2,2026-03-09,00:45:00,39.0,2026-03-08,00:45:00,2026-03-09 00:51:53,21.05000000000001,Zone 3,34.0,Zone 4,20.8,Zone 3,28.1,Zone 4,26.1,Zone 4,32.0,Zone 4,30.2,Zone 4,35.7,Zone 4,34.0,Zone 4,39.2,Zone 4
Maharashtra,Nashik,Kalwan,20.2,2026-03-09,00:30:00,,,,2026-03-09 00:51:53,,,,,,,,,,,,,,,,,,,,
Maharashtra,Nashik,Malegaon,24.1,2026-03-09,00:30:00,49.0,2026-03-08,00:30:00,2026-03-09 00:51:53,23.850000000000023,Zone 3,37.1,Zone 4,23.8,Zone 3,30.7,Zone 4,28.6,Zone 4,35.0,Zone 4,33.0,Zone 4,39.0,Zone 4,37.1,Zone 4,44.8,Zone 5
Maharashtra,Palghar,Palghar Kvk,27.5,2026-03-09,00:45:00,,,,2026-03-09 00:51:53,,,,,,,,,,,,,,,,,,,,
Maharashtra,Pune, Nimgiri Junnar,27.6,2026-03-09,00:30:00,,,,2026-03-09 00:51:53,,,,,,,,,,,,,,,,,,,,
Maharashtra,Pune,Ballalwadi Junnar,24.7,2026-03-09,00:30:00,24.0,2026-03-08,00:30:00,2026-03-09 00:51:53,23.25,Zone 3,35.1,Zone 4,23.0,Zone 3,29.7,Zone 4,27.8,Zone 4,33.4,Zone 4,31.6,Zone 4,36.9,Zone 4,35.1,Zone 4,40.2,Zone 4
Maharashtra,Pune,Cagmo Shivajinagar,22.3,2026-03-09,00:30:00,41.0,2026-03-08,00:30:00,2026-03-09 00:51:53,21.350000000000023,Zone 3,34.6,Zone 4,21.6,Zone 3,28.7,Zone 4,26.7,Zone 4,32.6,Zone 4,30.8,Zone 4,36.4,Zone 4,34.6,Zone 4,40.0,Zone 4
Maharashtra,Pune,Chinchwad Pune,25.8,2026-03-09,00:30:00,27.0,2026-03-08,00:30:00,2026-03-09 00:51:53,24.75,Zone 3,36.8,Zone 4,25.0,Zone 3,31.4,Zone 4,29.3,Zone 4,35.1,Zone 4,33.2,Zone 4,38.7,Zone 4,36.8,Zone 4,42.1,Zone 4
Maharashtra,Pune,Cme Dapodi,24.4,2026-03-09,00:30:00,35.0,2026-03-08,00:30:00,2026-03-09 00:51:53,23.55000000000001,Zone 3,36.2,Zone 4,23.6,Zone 3,30.4,Zone 4,28.3,Zone 4,34.3,Zone 4,32.4,Zone 4,38.0,Zone 4,36.2,Zone 4,41.5,Zone 4
Maharashtra,Pune,Dps Hadapsar Pune,23.8,2026-03-09,00:30:00,38.0,2026-03-08,00:30:00,2026-03-09 00:51:53,22.950000000000045,Zone 3,35.9,Zone 4,23.2,Zone 3,30.1,Zone 4,28.0,Zone 4,34.0,Zone 4,32.1,Zone 4,37.7,Zone 4,35.9,Zone 4,41.3,Zone 4
Maharashtra,Pune,Girivan,25.3,2026-03-09,00:30:00,24.0,2026-03-08,00:30:00,2026-03-09 00:51:53,23.950000000000045,Zone 3,36.0,Zone 4,24.2,Zone 3,30.7,Zone 4,28.7,Zone 4,34.3,Zone 4,32.5,Zone 4,37.8,Zone 4,36.0,Zone 4,41.2,Zone 4
Maharashtra,Pune,Gudhe Bhor,24.4,2026-03-09,00:30:00,,,,2026-03-09 00:51:53,,,,,,,,,,,,,,,,,,,,
Maharashtra,Pune,Khadakwadi Ambegaon,22.4,2026-03-09,00:30:00,41.0,2026-03-08,00:30:00,2026-03-09 00:51:53,21.450000000000045,Zone 3,34.6,Zone 4,21.6,Zone 3,28.7,Zone 4,26.7,Zone 4,32.6,Zone 4,30.8,Zone 4,36.4,Zone 4,34.6,Zone 4,40.0,Zone 4
Maharashtra,Pune,Khutbav Daund,21.7,2026-03-09,00:00:00,,,,2026-03-09 00:51:53,,,,,,,,,,,,,,,,,,,,
Maharashtra,Pune,Kurvande,22.0,2026-03-09,00:30:00,18.0,2026-03-08,00:30:00,2026-03-09 00:51:53,19.450000000000045,Zone 3,32.5,Zone 4,19.5,Zone 3,27.3,Zone 4,25.4,Zone 4,30.8,Zone 4,29.1,Zone 4,34.2,Zone 4,32.5,Zone 4,37.4,Zone 4
Maharashtra,Pune,Lavale,25.6,2026-03-09,00:30:00,29.0,2026-03-08,00:30:00,2026-03-09 00:51:53,24.650000000000034,Zone 3,36.5,Zone 4,24.5,Zone 3,31.0,Zone 4,29.0,Zone 4,34.8,Zone 4,32.9,Zone 4,38.4,Zone 4,36.5,Zone 4,41.8,Zone 4
Maharashtra,Pune,Lonikalbhor Haveli,19.3,2026-03-09,00:30:00,48.0,2026-03-08,00:30:00,2026-03-09 00:51:53,18.05000000000001,Zone 3,32.1,Zone 4,18.3,Zone 3,26.0,Zone 4,24.3,Zone 3,30.0,Zone 4,28.2,Zone 4,33.7,Zone 4,32.1,Zone 4,37.3,Zone 4
Maharashtra,Pune,Malin Ambegaon,20.6,2026-03-09,00:15:00,,,,2026-03-09 00:51:53,,,,,,,,,,,,,,,,,,,,
Maharashtra,Pune,Mti Pashan Pune,19.5,2026-03-09,00:30:00,49.0,2026-03-08,00:30:00,2026-03-09 00:51:53,18.350000000000023,Zone 3,32.1,Zone 4,18.3,Zone 3,26.0,Zone 4,24.3,Zone 3,30.0,Zone 4,28.3,Zone 4,33.8,Zone 4,32.1,Zone 4,37.4,Zone 4
Maharashtra,Pune,Narayangoan Krishi Kendra,24.8,2026-03-09,00:30:00,26.0,2026-03-08,00:30:00,2026-03-09 00:51:53,23.450000000000045,Zone 3,35.8,Zone 4,23.7,Zone 3,30.3,Zone 4,28.3,Zone 4,34.0,Zone 4,32.2,Zone 4,37.6,Zone 4,35.8,Zone 4,40.9,Zone 4
Maharashtra,Pune,Niasm Baramati,26.1,2026-03-09,00:30:00,28.0,2026-03-08,00:30:00,2026-03-09 00:51:53,25.25,Zone 3,36.9,Zone 4,25.1,Zone 3,31.4,Zone 4,29.4,Zone 4,35.2,Zone 4,33.3,Zone 4,38.8,Zone 4,36.9,Zone 4,42.2,Zone 4
Maharashtra,Pune,Pabal Shirur,20.1,2026-03-09,00:30:00,34.0,2026-03-08,00:30:00,2026-03-09 00:51:53,18.150000000000034,Zone 3,31.8,Zone 4,18.1,Zone 3,26.0,Zone 4,24.3,Zone 3,29.8,Zone 4,28.1,Zone 4,33.4,Zone 4,31.8,Zone 4,36.8,Zone 4
Maharashtra,Pune,Rajgurunagar,25.0,2026-03-09,00:30:00,27.0,2026-03-08,00:30:00,2026-03-09 00:51:53,23.75,Zone 3,35.9,Zone 4,23.8,Zone 3,30.4,Zone 4,28.4,Zone 4,34.1,Zone 4,32.2,Zone 4,37.7,Zone 4,35.9,Zone 4,41.1,Zone 4
Maharashtra,Pune,Rjspmcop Dudulgaon,27.2,2026-03-09,00:30:00,22.0,2026-03-08,00:30:00,2026-03-09 00:51:53,25.950000000000045,Zone 4,37.2,Zone 4,25.8,Zone 4,32.0,Zone 4,29.9,Zone 4,35.6,Zone 4,33.7,Zone 4,39.1,Zone 4,37.2,Zone 4,42.4,Zone 4
Maharashtra,Pune,Talegaon,22.4,2026-03-09,00:30:00,,,,2026-03-09 00:51:53,,,,,,,,,,,,,,,,,,,,
Maharashtra,Pune,Wadgaonsheri Pune,26.8,2026-03-09,00:30:00,24.0,2026-03-08,00:30:00,2026-03-09 00:51:53,25.75,Zone 4,37.4,Zone 4,25.9,Zone 4,32.1,Zone 4,30.0,Zone 4,35.8,Zone 4,33.8,Zone 4,39.3,Zone 4,37.4,Zone 4,42.7,Zone 4
Maharashtra,Pune,Walhe Purandar,26.6,2026-03-09,00:15:00,,,,2026-03-09 00:51:53,,,,,,,,,,,,,,,,,,,,
Maharashtra,Raigad,Iighq Newpanvel,27.1,2026-03-09,00:30:00,25.0,2026-03-08,00:30:00,2026-03-09 00:51:53,26.05000000000001,Zone 4,37.6,Zone 4,25.9,Zone 4,32.2,Zone 4,30.1,Zone 4,35.9,Zone 4,33.9,Zone 4,39.5,Zone 4,37.6,Zone 4,42.8,Zone 4
Maharashtra,Raigad,Iig Mo Alibag,25.6,2026-03-09,00:30:00,80.0,2026-03-08,00:30:00,2026-03-09 00:51:53,27.450000000000045,Zone 4,56.0,Zone 5,27.3,Zone 4,36.0,Zone 4,33.4,Zone 4,47.0,Zone 5,39.0,Zone 4,59.8,Zone 5,56.0,Zone 5,62.6,Zone 5
Maharashtra,Raigad,Karjat,23.0,2026-03-09,00:30:00,58.0,2026-03-08,00:30:00,2026-03-09 00:51:53,23.05000000000001,Zone 3,36.8,Zone 4,23.1,Zone 3,30.1,Zone 4,28.0,Zone 4,34.5,Zone 4,32.5,Zone 4,38.7,Zone 4,36.8,Zone 4,46.7,Zone 5
Maharashtra,Ratnagiri,Dapoli,20.3,2026-03-09,00:00:00,,,,2026-03-09 00:51:53,,,,,,,,,,,,,,,,,,,,
Maharashtra,Ratnagiri,Savarde(Golwane),21.4,2026-03-09,00:30:00,,,,2026-03-09 00:51:53,,,,,,,,,,,,,,,,,,,,
Maharashtra,Satara,Mahabaleshwar,22.1,2026-03-09,00:30:00,39.0,2026-03-08,00:30:00,2026-03-09 00:51:53,20.950000000000045,Zone 3,34.0,Zone 4,20.8,Zone 3,28.1,Zone 4,26.1,Zone 4,32.0,Zone 4,30.2,Zone 4,35.7,Zone 4,34.0,Zone 4,39.2,Zone 4
Maharashtra,Sindhudurg,Devgad,26.0,2026-03-09,00:30:00,98.0,2026-03-08,00:30:00,2026-03-09 00:51:53,29.850000000000023,Zone 4,62.8,Zone 5,29.9,Zone 4,49.8,Zone 5,39.8,Zone 5,61.0,Zone 5,59.3,Zone 5,64.0,Zone 5,62.8,Zone 5,66.3,Zone 5
Maharashtra,Sindhudurg,Mulde Amfu,24.4,2026-03-09,00:30:00,100.0,2026-03-08,00:30:00,2026-03-09 00:51:53,26.850000000000023,Zone 4,60.7,Zone 5,27.0,Zone 4,38.5,Zone 5,34.0,Zone 4,57.5,Zone 5,50.0,Zone 5,62.0,Zone 5,60.7,Zone 5,64.5,Zone 5
Maharashtra,Sindhudurg,Vaibhavwadi,24.6,2026-03-09,00:30:00,100.0,2026-03-08,00:30:00,2026-03-09 00:51:53,27.25,Zone 4,60.7,Zone 5,27.0,Zone 4,38.5,Zone 5,34.0,Zone 4,57.5,Zone 5,50.0,Zone 5,62.0,Zone 5,60.7,Zone 5,64.5,Zone 5
Maharashtra,Sindhudurg,Vengurla,24.0,2026-03-09,00:30:00,92.0,2026-03-08,00:30:00,2026-03-09 00:51:53,25.650000000000034,Zone 4,56.3,Zone 5,25.7,Zone 4,34.7,Zone 4,32.0,Zone 4,46.9,Zone 5,38.9,Zone 5,59.8,Zone 5,56.3,Zone 5,62.6,Zone 5
Maharashtra,Solapur,Mohol Kvk,20.6,2026-03-09,00:45:00,33.0,2026-03-08,00:45:00,2026-03-09 00:51:53,18.75,Zone 3,32.2,Zone 4,18.6,Zone 3,26.5,Zone 4,24.7,Zone 3,30.2,Zone 4,28.5,Zone 4,33.8,Zone 4,32.2,Zone 4,37.2,Zone 4
Maharashtra,Wardha,Wardha,24.9,2026-03-09,00:30:00,34.0,2026-03-08,00:30:00,2026-03-09 00:51:53,24.05000000000001,Zone 3,36.6,Zone 4,24.2,Zone 3,30.8,Zone 4,28.8,Zone 4,34.7,Zone 4,32.8,Zone 4,38.4,Zone 4,36.6,Zone 4,42.0,Zone 4
Manipur,Chandel,Chandel Kvk,16.1,2026-03-09,00:45:00,100.0,2026-03-08,00:45:00,2026-03-09 00:51:53,16.650000000000034,Zone 3,31.0,Zone 4,16.6,Zone 3,24.2,Zone 3,22.8,Zone 3,28.2,Zone 4,26.5,Zone 4,32.6,Zone 4,31.0,Zone 4,36.9,Zone 5
Manipur,Imphal East,Jiribam,22.7,2026-03-09,00:30:00,,,,2026-03-09 00:51:53,,,,,,,,,,,,,,,,,,,,
Manipur,Imphal West,Imphal Amfu,19.8,2026-03-09,00:30:00,99.0,2026-03-08,00:30:00,2026-03-09 00:51:53,21.150000000000034,Zone 3,36.6,Zone 4,21.4,Zone 3,28.5,Zone 4,26.3,Zone 4,33.6,Zone 4,31.6,Zone 4,42.3,Zone 5,36.6,Zone 4,56.5,Zone 5
Meghalaya,East Garo Hills,Williamnagar,19.4,2026-03-09,00:30:00,83.0,2026-03-08,00:30:00,2026-03-09 00:51:53,19.950000000000045,Zone 3,34.4,Zone 4,20.1,Zone 3,27.1,Zone 4,25.1,Zone 3,31.8,Zone 4,29.9,Zone 4,36.2,Zone 4,34.4,Zone 4,45.2,Zone 5
Meghalaya,East Khasi Hills,Laban,14.8,2026-03-09,00:30:00,85.0,2026-03-08,00:30:00,2026-03-09 00:51:53,14.350000000000023,Zone 3,29.2,Zone 4,14.6,Zone 3,23.2,Zone 3,21.6,Zone 3,26.6,Zone 4,25.1,Zone 3,30.7,Zone 4,29.2,Zone 4,34.6,Zone 4
Meghalaya,East Khasi Hills,Mawryngkneng,16.4,2026-03-09,00:30:00,85.0,2026-03-08,00:30:00,2026-03-09 00:51:53,16.350000000000023,Zone 3,30.8,Zone 4,16.5,Zone 3,24.3,Zone 3,22.8,Zone 3,28.2,Zone 4,26.6,Zone 4,32.4,Zone 4,30.8,Zone 4,36.5,Zone 4
Meghalaya,East Khasi Hills,Mawsynram,16.5,2026-03-09,00:00:00,,,,2026-03-09 00:51:53,,,,,,,,,,,,,,,,,,,,
Meghalaya,East Khasi Hills,Nehu,15.1,2026-03-09,00:30:00,100.0,2026-03-08,00:30:00,2026-03-09 00:51:53,15.450000000000045,Zone 3,29.8,Zone 4,15.3,Zone 3,23.4,Zone 3,22.0,Zone 3,27.0,Zone 4,25.4,Zone 4,31.3,Zone 4,29.8,Zone 4,35.4,Zone 4
Meghalaya,East Khasi Hills,Shillong,14.0,2026-03-09,00:30:00,95.0,2026-03-08,00:30:00,2026-03-09 00:51:53,13.850000000000023,Zone 2,28.5,Zone 4,13.8,Zone 2,22.6,Zone 3,21.0,Zone 3,25.8,Zone 4,24.7,Zone 3,30.0,Zone 4,28.5,Zone 4,33.9,Zone 4
Meghalaya,East Khasi Hills,Sohra(Cherrapunjee),17.1,2026-03-09,00:30:00,94.0,2026-03-08,00:30:00,2026-03-09 00:51:53,17.650000000000034,Zone 3,31.9,Zone 4,17.5,Zone 3,24.8,Zone 3,23.4,Zone 3,29.2,Zone 4,27.4,Zone 4,33.6,Zone 4,31.9,Zone 4,38.7,Zone 5
Meghalaya,East West Khasi Hills,Mairang,14.9,2026-03-09,00:30:00,100.0,2026-03-08,00:30:00,2026-03-09 00:51:53,15.150000000000034,Zone 3,29.8,Zone 4,15.3,Zone 3,23.4,Zone 3,22.0,Zone 3,27.0,Zone 4,25.4,Zone 4,31.3,Zone 4,29.8,Zone 4,35.4,Zone 4
Meghalaya,Ri Bhoi,Umtrewdam,28.6,2026-03-09,00:30:00,,,,2026-03-09 00:51:53,,,,,,,,,,,,,,,,,,,,
Meghalaya,South Garo Hills,Baghmara,22.5,2026-03-09,00:30:00,99.0,2026-03-08,00:30:00,2026-03-09 00:51:53,24.25,Zone 3,51.8,Zone 5,24.2,Zone 3,32.5,Zone 4,30.0,Zone 4,41.8,Zone 5,35.9,Zone 4,57.8,Zone 5,51.8,Zone 5,61.7,Zone 5
Meghalaya,West Garo Hills,Tura,22.8,2026-03-09,00:30:00,73.0,2026-03-08,00:30:00,2026-03-09 00:51:53,23.55000000000001,Zone 3,38.5,Zone 4,23.7,Zone 3,31.2,Zone 4,28.9,Zone 4,36.0,Zone 4,33.9,Zone 4,42.5,Zone 5,38.5,Zone 4,56.6,Zone 5
Meghalaya,West Khasi Hills,Nongstoin,15.6,2026-03-09,00:30:00,92.0,2026-03-08,00:30:00,2026-03-09 00:51:53,15.650000000000034,Zone 3,30.0,Zone 4,15.6,Zone 3,23.7,Zone 3,22.2,Zone 3,27.4,Zone 4,25.7,Zone 4,31.6,Zone 4,30.0,Zone 4,35.6,Zone 4
Mizoram,Mamit,Lengpui Kvk,19.9,2026-03-09,00:45:00,100.0,2026-03-08,00:45:00,2026-03-09 00:51:53,21.350000000000023,Zone 3,36.9,Zone 5,21.5,Zone 3,28.5,Zone 4,26.3,Zone 4,33.7,Zone 4,31.7,Zone 4,42.9,Zone 5,36.9,Zone 5,57.0,Zone 5
Odisha,Balangir,Bolangir,24.8,2026-03-09,00:30:00,100.0,2026-03-08,00:30:00,2026-03-09 00:51:53,27.55000000000001,Zone 4,61.5,Zone 5,28.0,Zone 4,42.7,Zone 5,35.2,Zone 4,59.5,Zone 5,54.1,Zone 5,62.8,Zone 5,61.5,Zone 5,65.2,Zone 5
Odisha,Cuttack,Cuttack Kvk,24.9,2026-03-09,00:45:00,,,,2026-03-09 00:51:53,,,,,,,,,,,,,,,,,,,,
Odisha,Ganjam,Benakuda Kvk,24.8,2026-03-09,00:45:00,83.0,2026-03-08,00:45:00,2026-03-09 00:51:53,26.350000000000023,Zone 4,55.4,Zone 5,26.7,Zone 4,35.5,Zone 4,32.8,Zone 4,46.2,Zone 5,38.5,Zone 4,59.6,Zone 5,55.4,Zone 5,62.5,Zone 5
Odisha,Jharsuguda,Likera,25.3,2026-03-09,00:30:00,,,,2026-03-09 00:51:53,,,,,,,,,,,,,,,,,,,,
Odisha,Khurdha,Bhubaneshwar Airport,23.8,2026-03-09,00:15:00,,,,2026-03-09 00:51:53,,,,,,,,,,,,,,,,,,,,
Odisha,Mayurbhanj,Karanjia,45.7,2026-03-09,00:00:00,,,,2026-03-09 00:51:53,,,,,,,,,,,,,,,,,,,,
Odisha,Mayurbhanj,Mayurbhanj Kvk,,,,100.0,2026-03-08,00:45:00,2026-03-09 00:51:53,,,,,,,,,,,,,,,,,,,,
Odisha,Nuapada,Nawapada,24.4,2026-03-09,00:30:00,50.0,2026-03-08,00:30:00,2026-03-09 00:51:53,24.25,Zone 3,37.8,Zone 4,24.4,Zone 3,31.4,Zone 4,29.2,Zone 4,35.7,Zone 4,33.6,Zone 4,39.7,Zone 4,37.8,Zone 4,47.7,Zone 5
Odisha,Puri,Puri Kvk,25.2,2026-03-09,00:45:00,53.0,2026-03-08,00:45:00,2026-03-09 00:51:53,25.350000000000023,Zone 4,38.8,Zone 4,25.1,Zone 3,32.3,Zone 4,30.0,Zone 4,36.7,Zone 4,34.6,Zone 4,40.8,Zone 4,38.8,Zone 4,52.2,Zone 5
Odisha,Rayagada,Gunupur Kvk,26.0,2026-03-09,00:45:00,100.0,2026-03-08,00:45:00,2026-03-09 00:51:53,30.150000000000034,Zone 4,63.2,Zone 5,30.1,Zone 4,52.0,Zone 5,42.0,Zone 5,61.4,Zone 5,59.8,Zone 5,64.4,Zone 5,63.2,Zone 5,66.6,Zone 5
Puducherry,Karaikal,Karaikal,26.2,2026-03-09,00:30:00,99.0,2026-03-08,00:30:00,2026-03-09 00:51:53,30.450000000000045,Zone 4,63.0,Zone 5,30.0,Zone 4,50.9,Zone 5,40.9,Zone 5,61.2,Zone 5,59.5,Zone 5,64.2,Zone 5,63.0,Zone 5,66.5,Zone 5
Puducherry,Puducherry,Puducherry,26.4,2026-03-09,00:30:00,88.0,2026-03-08,00:30:00,2026-03-09 00:51:53,29.55000000000001,Zone 4,61.5,Zone 5,29.8,Zone 4,43.2,Zone 5,36.7,Zone 4,59.6,Zone 5,54.2,Zone 5,62.9,Zone 5,61.5,Zone 5,65.3,Zone 5
Puducherry,Puducherry,Puducherry Kvk,26.6,2026-03-09,00:30:00,89.0,2026-03-08,00:30:00,2026-03-09 00:51:53,30.05000000000001,Zone 4,61.7,Zone 5,29.9,Zone 4,44.3,Zone 5,36.9,Zone 4,59.9,Zone 5,55.3,Zone 5,63.1,Zone 5,61.7,Zone 5,65.5,Zone 5
Punjab,Bathinda,Bhatinda Amfu,20.9,2026-03-09,00:30:00,10.0,2026-03-08,00:30:00,2026-03-09 00:51:53,17.55000000000001,Zone 3,31.3,Zone 4,17.7,Zone 3,26.2,Zone 4,24.3,Zone 3,29.6,Zone 4,28.0,Zone 4,32.9,Zone 4,31.3,Zone 4,36.0,Zone 4
Punjab,Fazilka,Fazilka,19.2,2026-03-09,00:30:00,,,,2026-03-09 00:51:53,,,,,,,,,,,,,,,,,,,,
Punjab,Firozpur,Firozpur Kvk,19.5,2026-03-09,00:45:00,99.0,2026-03-08,00:45:00,2026-03-09 00:51:53,20.850000000000023,Zone 3,35.8,Zone 4,20.8,Zone 3,27.8,Zone 4,25.6,Zone 4,32.8,Zone 4,30.8,Zone 4,39.6,Zone 5,35.8,Zone 4,53.9,Zone 5
Punjab,Hoshiarpur,Hosiyarpur,17.8,2026-03-09,00:30:00,100.0,2026-03-08,00:30:00,2026-03-09 00:51:53,18.850000000000023,Zone 3,33.6,Zone 4,19.1,Zone 3,25.8,Zone 4,24.4,Zone 3,30.7,Zone 4,28.9,Zone 4,35.4,Zone 4,33.6,Zone 4,46.4,Zone 5
Punjab,Hoshiarpur,Salern,20.6,2026-03-09,00:30:00,100.0,2026-03-08,00:30:00,2026-03-09 00:51:53,22.150000000000034,Zone 3,39.6,Zone 5,22.0,Zone 3,29.2,Zone 4,27.0,Zone 4,34.6,Zone 4,32.4,Zone 4,46.0,Zone 5,39.6,Zone 5,59.1,Zone 5
Punjab,Mohali,Mohali,24.6,2026-03-09,00:30:00,,,,2026-03-09 00:51:53,,,,,,,,,,,,,,,,,,,,
Punjab,Muktsar,Gidderbaha,23.1,2026-03-09,00:30:00,,,,2026-03-09 00:51:53,,,,,,,,,,,,,,,,,,,,
Punjab,Pathankot,Pathankot,18.7,2026-03-09,00:30:00,,,,2026-03-09 00:51:53,,,,,,,,,,,,,,,,,,,,
Rajasthan,Ajmer,Ajmer,23.4,2026-03-09,00:15:00,,,,2026-03-09 00:51:53,,,,,,,,,,,,,,,,,,,,
Rajasthan,Baran,Anta-Baran Kvk,20.5,2026-03-09,00:45:00,,,,2026-03-09 00:51:53,,,,,,,,,,,,,,,,,,,,
Rajasthan,Barmer,Barmer,-1.0,2026-03-09,00:30:00,32.0,2026-03-08,00:30:00,2026-03-09 00:51:53,-2.1499999999999773,Zone 2,18.8,Zone 3,-2.2,Zone 2,9.9,Zone 2,8.2,Zone 2,15.4,Zone 3,14.1,Zone 3,19.7,Zone 3,18.8,Zone 3,22.5,Zone 3
Rajasthan,Bikaner,Bikaner Amfu,21.8,2026-03-09,00:30:00,47.0,2026-03-08,00:30:00,2026-03-09 00:51:53,21.05000000000001,Zone 3,34.6,Zone 4,21.3,Zone 3,28.4,Zone 4,26.4,Zone 4,32.5,Zone 4,30.6,Zone 4,36.4,Zone 4,34.6,Zone 4,40.0,Zone 4
Rajasthan,Bikaner,Chattargarh,22.3,2026-03-09,00:30:00,,,,2026-03-09 00:51:53,,,,,,,,,,,,,,,,,,,,
Rajasthan,Chittaurgarh,Chittorgarh Kvk,18.9,2026-03-09,00:30:00,,,,2026-03-09 00:51:53,,,,,,,,,,,,,,,,,,,,
Rajasthan,Churu,Churu,23.8,2026-03-09,00:15:00,,,,2026-03-09 00:51:53,,,,,,,,,,,,,,,,,,,,
Rajasthan,Dungarpur,Dungarpur Kvk,,,,32.0,2026-03-08,00:45:00,2026-03-09 00:51:53,,,,,,,,,,,,,,,,,,,,
Rajasthan,Ganganagar,Ganganagar,39.1,2026-03-09,00:30:00,77.0,2026-03-08,00:30:00,2026-03-09 00:51:53,80.55000000000001,Zone 6,88.9,Zone 6,80.2,Zone 6,84.6,Zone 6,83.1,Zone 6,87.5,Zone 6,86.0,Zone 6,90.4,Zone 6,88.9,Zone 6,93.2,Zone 6
Rajasthan,Jaisalmer,Jaisalmer,22.3,2026-03-09,00:30:00,21.0,2026-03-08,00:30:00,2026-03-09 00:51:53,20.05000000000001,Zone 3,33.1,Zone 4,20.3,Zone 3,27.8,Zone 4,25.9,Zone 4,31.4,Zone 4,29.7,Zone 4,34.8,Zone 4,33.1,Zone 4,38.1,Zone 4
Rajasthan,Jalore,Jalore Kvk,20.6,2026-03-09,00:45:00,45.0,2026-03-08,00:45:00,2026-03-09 00:51:53,19.450000000000045,Zone 3,32.9,Zone 4,19.3,Zone 3,26.8,Zone 4,25.0,Zone 3,30.8,Zone 4,29.1,Zone 4,34.6,Zone 4,32.9,Zone 4,38.2,Zone 4
Rajasthan,Jhunjhunu,Jhunjhunu(Aws),25.6,2026-03-09,00:30:00,43.0,2026-03-08,00:30:00,2026-03-09 00:51:53,25.350000000000023,Zone 4,38.2,Zone 4,25.2,Zone 3,32.0,Zone 4,29.9,Zone 4,36.2,Zone 4,34.1,Zone 4,40.1,Zone 4,38.2,Zone 4,46.7,Zone 5
Rajasthan,Jhunjhunu,Pilani,19.7,2026-03-09,00:30:00,52.0,2026-03-08,00:30:00,2026-03-09 00:51:53,18.75,Zone 3,32.3,Zone 4,18.5,Zone 3,26.1,Zone 4,24.4,Zone 3,30.1,Zone 4,28.4,Zone 4,34.0,Zone 4,32.3,Zone 4,37.6,Zone 4
Rajasthan,Jodhpur,Jodhpur,25.4,2026-03-09,00:30:00,39.0,2026-03-08,00:30:00,2026-03-09 00:51:53,24.950000000000045,Zone 3,37.7,Zone 4,25.0,Zone 3,31.7,Zone 4,29.6,Zone 4,35.8,Zone 4,33.8,Zone 4,39.6,Zone 4,37.7,Zone 4,43.6,Zone 5
Rajasthan,Karauli,Karauli Kvk,19.6,2026-03-09,00:45:00,,,,2026-03-09 00:51:53,,,,,,,,,,,,,,,,,,,,
Rajasthan,Pali,Pali,17.1,2026-03-09,00:30:00,60.0,2026-03-08,00:30:00,2026-03-09 00:51:53,15.950000000000045,Zone 3,30.2,Zone 4,15.9,Zone 3,24.2,Zone 3,22.6,Zone 3,27.9,Zone 4,26.3,Zone 4,31.8,Zone 4,30.2,Zone 4,35.5,Zone 4
Rajasthan,Sikar,Fatehpur Amfu,19.0,2026-03-09,00:30:00,48.0,2026-03-08,00:30:00,2026-03-09 00:51:53,17.650000000000034,Zone 3,31.6,Zone 4,17.7,Zone 3,25.5,Zone 4,23.9,Zone 3,29.5,Zone 4,27.8,Zone 4,33.2,Zone 4,31.6,Zone 4,36.8,Zone 4
Rajasthan,Sirohi,Mount Abu,16.1,2026-03-09,00:30:00,56.0,2026-03-08,00:30:00,2026-03-09 00:51:53,14.550000000000011,Zone 3,29.1,Zone 4,14.4,Zone 3,23.4,Zone 3,21.6,Zone 3,26.9,Zone 4,25.3,Zone 3,30.6,Zone 4,29.1,Zone 4,34.2,Zone 4
Rajasthan,Sirohi,Sirohi Kvk,17.8,2026-03-09,00:45:00,42.0,2026-03-08,00:45:00,2026-03-09 00:51:53,15.850000000000023,Zone 3,30.4,Zone 4,16.1,Zone 3,24.6,Zone 3,22.9,Zone 3,28.3,Zone 4,26.7,Zone 4,31.9,Zone 4,30.4,Zone 4,35.4,Zone 4
Tamil Nadu,Ariyalur,Ariyalur,23.8,2026-03-09,00:30:00,94.0,2026-03-08,00:30:00,2026-03-09 00:51:53,25.450000000000045,Zone 4,57.7,Zone 5,25.8,Zone 4,34.9,Zone 4,32.2,Zone 4,48.7,Zone 5,40.6,Zone 5,60.1,Zone 5,57.7,Zone 5,62.9,Zone 5
Tamil Nadu,Chengalpattu,Vit Chennai,24.0,2026-03-09,00:30:00,89.0,2026-03-08,00:30:00,2026-03-09 00:51:53,25.55000000000001,Zone 4,53.9,Zone 5,25.5,Zone 4,34.3,Zone 4,31.7,Zone 4,44.4,Zone 5,37.5,Zone 4,59.2,Zone 5,53.9,Zone 5,62.2,Zone 5
Tamil Nadu,Chennai,Anna University,26.2,2026-03-09,00:30:00,86.0,2026-03-08,00:30:00,2026-03-09 00:51:53,28.950000000000045,Zone 4,60.3,Zone 5,28.6,Zone 4,38.1,Zone 4,35.2,Zone 4,56.2,Zone 5,48.1,Zone 5,61.7,Zone 5,60.3,Zone 5,64.3,Zone 5
Tamil Nadu,Chennai,Chennai,26.7,2026-03-09,00:30:00,92.0,2026-03-08,00:30:00,2026-03-09 00:51:53,30.650000000000034,Zone 4,62.4,Zone 5,30.2,Zone 4,47.7,Zone 5,37.7,Zone 5,60.6,Zone 5,58.1,Zone 5,63.7,Zone 5,62.4,Zone 5,66.0,Zone 5
Tamil Nadu,Chennai,Ennore Port,26.2,2026-03-09,00:30:00,77.0,2026-03-08,00:30:00,2026-03-09 00:51:53,28.150000000000034,Zone 4,56.5,Zone 5,27.9,Zone 4,36.6,Zone 4,33.9,Zone 4,47.7,Zone 5,39.5,Zone 4,59.9,Zone 5,56.5,Zone 5,62.7,Zone 5
Tamil Nadu,Chennai,Meenambakkam Isro,24.7,2026-03-09,00:30:00,85.0,2026-03-08,00:30:00,2026-03-09 00:51:53,26.350000000000023,Zone 4,53.9,Zone 5,26.0,Zone 4,34.8,Zone 4,32.2,Zone 4,44.5,Zone 5,37.9,Zone 4,59.2,Zone 5,53.9,Zone 5,62.2,Zone 5
Tamil Nadu,Chennai,Niot Pallikaranai,26.1,2026-03-09,00:15:00,,,,2026-03-09 00:51:53,,,,,,,,,,,,,,,,,,,,
Tamil Nadu,Coimbatore,Coimbatore Amfu,25.7,2026-03-09,00:30:00,74.0,2026-03-08,00:30:00,2026-03-09 00:51:53,27.150000000000034,Zone 4,50.7,Zone 5,26.9,Zone 4,35.2,Zone 4,32.7,Zone 4,41.5,Zone 5,38.0,Zone 4,57.5,Zone 5,50.7,Zone 5,61.6,Zone 5
Tamil Nadu,Cuddalore,Neyveli,23.5,2026-03-09,00:30:00,99.0,2026-03-08,00:30:00,2026-03-09 00:51:53,25.25,Zone 3,58.2,Zone 5,25.2,Zone 3,34.5,Zone 4,31.8,Zone 4,49.1,Zone 5,41.2,Zone 5,60.2,Zone 5,58.2,Zone 5,63.0,Zone 5
Tamil Nadu,Cuddalore,Vridha Chalam,24.7,2026-03-09,00:30:00,87.0,2026-03-08,00:30:00,2026-03-09 00:51:53,26.450000000000045,Zone 4,55.5,Zone 5,26.2,Zone 4,35.0,Zone 4,32.4,Zone 4,46.2,Zone 5,38.2,Zone 4,59.6,Zone 5,55.5,Zone 5,62.5,Zone 5
Tamil Nadu,Dharmapuri,Palacode,23.9,2026-03-09,00:30:00,81.0,2026-03-08,00:30:00,2026-03-09 00:51:53,25.05000000000001,Zone 3,47.3,Zone 5,25.1,Zone 3,33.4,Zone 4,30.9,Zone 4,38.7,Zone 4,36.4,Zone 4,54.3,Zone 5,47.3,Zone 5,60.9,Zone 5
Tamil Nadu,Dindigul,Natham Isro,20.9,2026-03-09,00:30:00,,,,2026-03-09 00:51:53,,,,,,,,,,,,,,,,,,,,
Tamil Nadu,Dindigul,Palani,24.2,2026-03-09,00:30:00,75.0,2026-03-08,00:30:00,2026-03-09 00:51:53,25.150000000000034,Zone 3,42.4,Zone 5,24.9,Zone 3,32.8,Zone 4,30.4,Zone 4,37.8,Zone 4,35.6,Zone 4,49.7,Zone 5,42.4,Zone 5,59.9,Zone 5
Tamil Nadu,Dindigul,Vedasandur,27.2,2026-03-09,00:30:00,59.0,2026-03-08,00:30:00,2026-03-09 00:51:53,28.25,Zone 4,45.5,Zone 5,28.0,Zone 4,35.8,Zone 4,33.3,Zone 4,40.6,Zone 4,38.2,Zone 4,53.3,Zone 5,45.5,Zone 5,60.6,Zone 5
Tamil Nadu,Erode,Erode Isro,,,,60.0,2026-03-08,00:30:00,2026-03-09 00:51:53,,,,,,,,,,,,,,,,,,,,
Tamil Nadu,Kallakurichi,Kallakurichi,32.0,2026-03-09,00:30:00,81.0,2026-03-08,00:30:00,2026-03-09 00:51:53,54.35000000000002,Zone 5,69.0,Zone 5,54.4,Zone 5,65.2,Zone 5,63.3,Zone 5,68.0,Zone 5,66.7,Zone 5,69.9,Zone 5,69.0,Zone 5,71.3,Zone 5
Tamil Nadu,Kanchipuram,Chembarambakkam,24.5,2026-03-09,00:30:00,91.0,2026-03-08,00:30:00,2026-03-09 00:51:53,26.450000000000045,Zone 4,58.5,Zone 5,26.4,Zone 4,35.5,Zone 4,32.9,Zone 4,49.8,Zone 5,41.5,Zone 5,60.4,Zone 5,58.5,Zone 5,63.1,Zone 5
Tamil Nadu,Kanchipuram,Hindustan University,26.4,2026-03-09,00:30:00,88.0,2026-03-08,00:30:00,2026-03-09 00:51:53,29.55000000000001,Zone 4,61.5,Zone 5,29.8,Zone 4,43.2,Zone 5,36.7,Zone 4,59.6,Zone 5,54.2,Zone 5,62.9,Zone 5,61.5,Zone 5,65.3,Zone 5
Tamil Nadu,Kanchipuram,Lmois  Kolapakkam,26.7,2026-03-09,00:30:00,78.0,2026-03-08,00:30:00,2026-03-09 00:51:53,29.150000000000034,Zone 4,59.3,Zone 5,28.8,Zone 4,37.7,Zone 4,35.0,Zone 4,52.3,Zone 5,43.5,Zone 5,60.9,Zone 5,59.3,Zone 5,63.5,Zone 5
Tamil Nadu,Kanchipuram,Sathyabama  University,26.0,2026-03-09,00:30:00,89.0,2026-03-08,00:30:00,2026-03-09 00:51:53,28.950000000000045,Zone 4,60.9,Zone 5,28.9,Zone 4,40.1,Zone 5,35.7,Zone 4,58.8,Zone 5,51.3,Zone 5,62.3,Zone 5,60.9,Zone 5,64.8,Zone 5
Tamil Nadu,Kanyakumari,Nagercoil,21.0,2026-03-09,00:30:00,69.0,2026-03-08,00:30:00,2026-03-09 00:51:53,21.25,Zone 3,35.3,Zone 4,21.2,Zone 3,28.3,Zone 4,26.3,Zone 4,32.8,Zone 4,30.9,Zone 4,37.1,Zone 4,35.3,Zone 4,44.4,Zone 5
Tamil Nadu,Kanyakumari,Neyyoor,25.0,2026-03-09,00:30:00,92.0,2026-03-08,00:30:00,2026-03-09 00:51:53,27.350000000000023,Zone 4,59.9,Zone 5,27.3,Zone 4,36.8,Zone 4,34.0,Zone 4,54.4,Zone 5,46.3,Zone 5,61.3,Zone 5,59.9,Zone 5,64.0,Zone 5
Tamil Nadu,Kanyakumari,Thirupathisaram Amfu,24.2,2026-03-09,00:30:00,,,,2026-03-09 00:51:53,,,,,,,,,,,,,,,,,,,,
Tamil Nadu,Krishnagiri,Denkanikottai,21.4,2026-03-09,00:30:00,58.0,2026-03-08,00:30:00,2026-03-09 00:51:53,21.150000000000034,Zone 3,34.9,Zone 4,21.3,Zone 3,28.4,Zone 4,26.4,Zone 4,32.7,Zone 4,30.8,Zone 4,36.7,Zone 4,34.9,Zone 4,40.6,Zone 4
Tamil Nadu,Krishnagiri,Hosur,20.8,2026-03-09,00:30:00,71.0,2026-03-08,00:30:00,2026-03-09 00:51:53,21.05000000000001,Zone 3,35.4,Zone 4,21.3,Zone 3,28.4,Zone 4,26.3,Zone 4,33.0,Zone 4,31.0,Zone 4,37.3,Zone 4,35.4,Zone 4,45.6,Zone 5
Tamil Nadu,Madurai,Madurai Isro,24.4,2026-03-09,00:30:00,,,,2026-03-09 00:51:53,,,,,,,,,,,,,,,,,,,,
Tamil Nadu,Perambalur,Perambalur,22.4,2026-03-09,00:30:00,87.0,2026-03-08,00:30:00,2026-03-09 00:51:53,23.650000000000034,Zone 3,42.7,Zone 5,23.8,Zone 3,31.5,Zone 4,29.1,Zone 4,36.7,Zone 4,34.5,Zone 4,49.7,Zone 5,42.7,Zone 5,59.9,Zone 5
Tamil Nadu,Pudukkottai,Vamban Kvk,24.0,2026-03-09,00:45:00,90.0,2026-03-08,00:45:00,2026-03-09 00:51:53,25.55000000000001,Zone 4,54.7,Zone 5,25.6,Zone 4,34.4,Zone 4,31.8,Zone 4,45.2,Zone 5,37.6,Zone 4,59.4,Zone 5,54.7,Zone 5,62.3,Zone 5
Tamil Nadu,Ramanathapuram,Ramnadu Kvk,27.1,2026-03-09,00:30:00,,,,2026-03-09 00:51:53,,,,,,,,,,,,,,,,,,,,
Tamil Nadu,Salem,Sandhiyur Kvk,25.9,2026-03-09,00:45:00,55.0,2026-03-08,00:45:00,2026-03-09 00:51:53,26.25,Zone 4,40.6,Zone 4,26.4,Zone 4,33.8,Zone 4,31.5,Zone 4,38.3,Zone 4,36.1,Zone 4,44.3,Zone 5,40.6,Zone 4,58.0,Zone 5
Tamil Nadu,Thanjavur,Adiramapattinam,24.7,2026-03-09,00:30:00,100.0,2026-03-08,00:30:00,2026-03-09 00:51:53,27.350000000000023,Zone 4,60.7,Zone 5,27.0,Zone 4,38.5,Zone 5,34.0,Zone 4,57.5,Zone 5,50.0,Zone 5,62.0,Zone 5,60.7,Zone 5,64.5,Zone 5
Tamil Nadu,The Nilgiris,Coonoor,14.6,2026-03-09,00:30:00,83.0,2026-03-08,00:30:00,2026-03-09 00:51:53,13.950000000000045,Zone 2,28.6,Zone 4,13.9,Zone 2,22.8,Zone 3,21.1,Zone 3,26.1,Zone 4,24.8,Zone 3,30.1,Zone 4,28.6,Zone 4,33.9,Zone 4
Tamil Nadu,Thoothukudi,Thiruchendur,25.0,2026-03-09,00:30:00,99.0,2026-03-08,00:30:00,2026-03-09 00:51:53,27.850000000000023,Zone 4,61.3,Zone 5,27.9,Zone 4,41.7,Zone 5,35.0,Zone 4,59.3,Zone 5,53.2,Zone 5,62.6,Zone 5,61.3,Zone 5,65.1,Zone 5
Tamil Nadu,Thoothukudi,Tuticorin Airport,25.3,2026-03-09,00:30:00,89.0,2026-03-08,00:30:00,2026-03-09 00:51:53,27.650000000000034,Zone 4,60.1,Zone 5,28.0,Zone 4,37.4,Zone 4,34.6,Zone 4,55.4,Zone 5,47.3,Zone 5,61.5,Zone 5,60.1,Zone 5,64.1,Zone 5
Tamil Nadu,Thoothukudi,Tuticorin Railway Station,25.7,2026-03-09,00:30:00,86.0,2026-03-08,00:30:00,2026-03-09 00:51:53,28.05000000000001,Zone 4,59.5,Zone 5,27.7,Zone 4,36.9,Zone 4,34.2,Zone 4,52.7,Zone 5,44.2,Zone 5,61.0,Zone 5,59.5,Zone 5,63.6,Zone 5
Tamil Nadu,Tiruchirappalli,Thuvakudi Isro,23.4,2026-03-09,00:30:00,91.0,2026-03-08,00:30:00,2026-03-09 00:51:53,24.850000000000023,Zone 3,52.3,Zone 5,25.0,Zone 3,33.6,Zone 4,31.0,Zone 4,42.5,Zone 5,36.8,Zone 4,58.4,Zone 5,52.3,Zone 5,61.8,Zone 5
Tamil Nadu,Tirunelveli,Tirunelveli,25.6,2026-03-09,00:00:00,,,,2026-03-09 00:51:53,,,,,,,,,,,,,,,,,,,,
Tamil Nadu,Tiruvallur,Good Will School Villivakkam,25.9,2026-03-09,00:30:00,81.0,2026-03-08,00:30:00,2026-03-09 00:51:53,28.05000000000001,Zone 4,59.2,Zone 5,28.2,Zone 4,37.2,Zone 4,34.5,Zone 4,51.6,Zone 5,43.0,Zone 5,60.7,Zone 5,59.2,Zone 5,63.4,Zone 5
Tamil Nadu,Tiruvallur,Poonamallee,25.4,2026-03-09,00:30:00,85.0,2026-03-08,00:30:00,2026-03-09 00:51:53,27.450000000000045,Zone 4,59.3,Zone 5,27.7,Zone 4,36.8,Zone 4,34.0,Zone 4,51.8,Zone 5,43.3,Zone 5,60.8,Zone 5,59.3,Zone 5,63.5,Zone 5
Tamil Nadu,Tiruvallur,R.K.Pet,24.3,2026-03-09,00:30:00,91.0,2026-03-08,00:30:00,2026-03-09 00:51:53,26.05000000000001,Zone 4,58.5,Zone 5,26.4,Zone 4,35.5,Zone 4,32.9,Zone 4,49.8,Zone 5,41.5,Zone 5,60.4,Zone 5,58.5,Zone 5,63.1,Zone 5
Tamil Nadu,Tiruvallur,Tirur Kvk,24.1,2026-03-09,00:45:00,,,,2026-03-09 00:51:53,,,,,,,,,,,,,,,,,,,,
Tamil Nadu,Tiruvannamalai,Cheyyar,24.8,2026-03-09,00:30:00,93.0,2026-03-08,00:30:00,2026-03-09 00:51:53,27.05000000000001,Zone 4,60.1,Zone 5,27.4,Zone 4,36.9,Zone 4,34.1,Zone 4,55.3,Zone 5,47.3,Zone 5,61.5,Zone 5,60.1,Zone 5,64.1,Zone 5
Tamil Nadu,Vellore,Virinjipuram Kvk,24.5,2026-03-09,00:45:00,52.0,2026-03-08,00:45:00,2026-03-09 00:51:53,24.55000000000001,Zone 3,38.0,Zone 4,24.5,Zone 3,31.6,Zone 4,29.4,Zone 4,35.9,Zone 4,33.8,Zone 4,40.0,Zone 4,38.0,Zone 4,49.2,Zone 5
Tamil Nadu,Virudhunagar,Aruppukottai Kvk,23.8,2026-03-09,00:45:00,64.0,2026-03-08,00:45:00,2026-03-09 00:51:53,24.25,Zone 3,38.9,Zone 4,24.5,Zone 3,31.9,Zone 4,29.6,Zone 4,36.5,Zone 4,34.4,Zone 4,41.3,Zone 5,38.9,Zone 4,55.5,Zone 5
Telangana,Hanumakonda,Hanumakonda,25.5,2026-03-09,00:30:00,77.0,2026-03-08,00:30:00,2026-03-09 00:51:53,27.05000000000001,Zone 4,53.4,Zone 5,27.1,Zone 4,35.6,Zone 4,33.0,Zone 4,44.2,Zone 5,38.5,Zone 4,59.2,Zone 5,53.4,Zone 5,62.1,Zone 5
Telangana,Hyderabad,Golkonda,27.7,2026-03-09,00:15:00,,,,2026-03-09 00:51:53,,,,,,,,,,,,,,,,,,,,
Telangana,Hyderabad,Hyderabad,25.4,2026-03-09,00:30:00,59.0,2026-03-08,00:30:00,2026-03-09 00:51:53,25.850000000000023,Zone 4,40.4,Zone 4,26.0,Zone 4,33.5,Zone 4,31.2,Zone 4,38.1,Zone 4,35.9,Zone 4,45.1,Zone 5,40.4,Zone 4,58.6,Zone 5
Telangana,Karimnagar,Karimnagar,24.7,2026-03-09,00:30:00,83.0,2026-03-08,00:30:00,2026-03-09 00:51:53,26.25,Zone 4,52.2,Zone 5,25.9,Zone 4,34.5,Zone 4,32.0,Zone 4,42.8,Zone 5,37.6,Zone 4,58.5,Zone 5,52.2,Zone 5,61.8,Zone 5
Telangana,Khammam,Khammam,25.1,2026-03-09,00:30:00,88.0,2026-03-08,00:30:00,2026-03-09 00:51:53,27.25,Zone 4,59.1,Zone 5,27.0,Zone 4,36.2,Zone 4,33.5,Zone 4,50.8,Zone 5,42.4,Zone 5,60.6,Zone 5,59.1,Zone 5,63.3,Zone 5
Telangana,Khammam,Wyra Kvk,24.6,2026-03-09,00:45:00,88.0,2026-03-08,00:45:00,2026-03-09 00:51:53,26.350000000000023,Zone 4,56.3,Zone 5,26.2,Zone 4,35.1,Zone 4,32.5,Zone 4,47.1,Zone 5,39.0,Zone 5,59.8,Zone 5,56.3,Zone 5,62.6,Zone 5
Telangana,Kumuram Bheem Asifabad ,Asifabad,21.0,2026-03-09,00:30:00,52.0,2026-03-08,00:30:00,2026-03-09 00:51:53,20.350000000000023,Zone 3,33.9,Zone 4,20.3,Zone 3,27.6,Zone 4,25.6,Zone 4,31.7,Zone 4,29.9,Zone 4,35.6,Zone 4,33.9,Zone 4,39.4,Zone 4
Telangana,Mahabubabad,Malyal Kvk,24.9,2026-03-09,00:45:00,100.0,2026-03-08,00:45:00,2026-03-09 00:51:53,27.75,Zone 4,61.5,Zone 5,28.0,Zone 4,42.7,Zone 5,35.2,Zone 4,59.5,Zone 5,54.1,Zone 5,62.8,Zone 5,61.5,Zone 5,65.2,Zone 5
Telangana,Mahbubnagar,Mahbubnagar,25.0,2026-03-09,00:30:00,65.0,2026-03-08,00:30:00,2026-03-09 00:51:53,25.650000000000034,Zone 4,40.6,Zone 4,25.7,Zone 4,33.4,Zone 4,31.0,Zone 4,38.2,Zone 4,35.9,Zone 4,47.4,Zone 5,40.6,Zone 4,59.4,Zone 5
Telangana,Medak,Medak,23.2,2026-03-09,00:30:00,70.0,2026-03-08,00:30:00,2026-03-09 00:51:53,23.850000000000023,Zone 3,38.2,Zone 4,23.6,Zone 3,30.9,Zone 4,28.7,Zone 4,35.7,Zone 4,33.6,Zone 4,40.5,Zone 5,38.2,Zone 4,54.7,Zone 5
Telangana,Medchal Malkajgiri,Kukatpally Jntu,26.2,2026-03-09,00:30:00,75.0,2026-03-08,00:30:00,2026-03-09 00:51:53,28.05000000000001,Zone 4,54.7,Zone 5,27.7,Zone 4,36.3,Zone 4,33.6,Zone 4,45.8,Zone 5,39.2,Zone 4,59.5,Zone 5,54.7,Zone 5,62.4,Zone 5
Telangana,Nalgonda,Devarakonda,27.7,2026-03-09,00:30:00,75.0,2026-03-08,00:30:00,2026-03-09 00:51:53,30.55000000000001,Zone 4,60.2,Zone 5,30.2,Zone 4,39.3,Zone 4,36.5,Zone 4,56.2,Zone 5,47.7,Zone 5,61.7,Zone 5,60.2,Zone 5,64.3,Zone 5
Telangana,Nirmal ,Bhainsa Arg,23.6,2026-03-09,00:30:00,76.0,2026-03-08,00:30:00,2026-03-09 00:51:53,24.55000000000001,Zone 3,40.4,Zone 5,24.4,Zone 3,32.1,Zone 4,29.8,Zone 4,37.1,Zone 4,34.9,Zone 4,47.6,Zone 5,40.4,Zone 5,59.4,Zone 5
Telangana,Peddapalli,Kunaram,25.6,2026-03-09,00:30:00,29.0,2026-03-08,00:30:00,2026-03-09 00:51:53,24.650000000000034,Zone 3,36.5,Zone 4,24.5,Zone 3,31.0,Zone 4,29.0,Zone 4,34.8,Zone 4,32.9,Zone 4,38.4,Zone 4,36.5,Zone 4,41.8,Zone 4
Telangana,Ranga Reddy,Cbit Gandipet,24.4,2026-03-09,00:30:00,63.0,2026-03-08,00:30:00,2026-03-09 00:51:53,24.850000000000023,Zone 3,39.5,Zone 4,25.0,Zone 3,32.5,Zone 4,30.2,Zone 4,37.1,Zone 4,35.0,Zone 4,43.1,Zone 5,39.5,Zone 4,57.0,Zone 5
Telangana,Ranga Reddy,Dullapally,,,,59.0,2026-03-08,00:30:00,2026-03-09 00:51:53,,,,,,,,,,,,,,,,,,,,
Telangana,Ranga Reddy,Esci Gachibowli,23.4,2026-03-09,00:30:00,71.0,2026-03-08,00:30:00,2026-03-09 00:51:53,24.150000000000034,Zone 3,39.1,Zone 4,24.2,Zone 3,31.7,Zone 4,29.4,Zone 4,36.5,Zone 4,34.4,Zone 4,43.8,Zone 5,39.1,Zone 4,57.6,Zone 5
Telangana,Ranga Reddy,Ghatkesar,21.6,2026-03-09,00:30:00,88.0,2026-03-08,00:30:00,2026-03-09 00:51:53,22.850000000000023,Zone 3,37.9,Zone 4,22.7,Zone 3,30.0,Zone 4,27.8,Zone 4,35.1,Zone 4,33.0,Zone 4,44.3,Zone 5,37.9,Zone 4,58.1,Zone 5
Telangana,Ranga Reddy,Hayathnagar,21.1,2026-03-09,00:30:00,89.0,2026-03-08,00:30:00,2026-03-09 00:51:53,22.25,Zone 3,37.2,Zone 4,22.2,Zone 3,29.4,Zone 4,27.1,Zone 4,34.4,Zone 4,32.3,Zone 4,42.1,Zone 5,37.2,Zone 4,56.2,Zone 5
Telangana,Sangareddy,Zaheerabad,23.6,2026-03-09,00:30:00,39.0,2026-03-08,00:30:00,2026-03-09 00:51:53,22.75,Zone 3,35.5,Zone 4,22.7,Zone 3,29.6,Zone 4,27.6,Zone 4,33.5,Zone 4,31.7,Zone 4,37.3,Zone 4,35.5,Zone 4,40.9,Zone 4
Telangana,Siddipet,Kaveri Siddipet,24.1,2026-03-09,00:30:00,73.0,2026-03-08,00:30:00,2026-03-09 00:51:53,24.950000000000045,Zone 3,40.9,Zone 5,24.8,Zone 3,32.6,Zone 4,30.3,Zone 4,37.6,Zone 4,35.4,Zone 4,48.2,Zone 5,40.9,Zone 5,59.6,Zone 5
Telangana,Suryapet,Suryapet Arg,25.0,2026-03-09,00:30:00,81.0,2026-03-08,00:30:00,2026-03-09 00:51:53,26.55000000000001,Zone 4,53.7,Zone 5,26.6,Zone 4,35.2,Zone 4,32.6,Zone 4,44.4,Zone 5,38.2,Zone 4,59.2,Zone 5,53.7,Zone 5,62.1,Zone 5
Telangana,Vikarabad,Tandur,20.9,2026-03-09,00:30:00,54.0,2026-03-08,00:30:00,2026-03-09 00:51:53,20.350000000000023,Zone 3,34.0,Zone 4,20.5,Zone 3,27.7,Zone 4,25.7,Zone 4,31.8,Zone 4,30.0,Zone 4,35.8,Zone 4,34.0,Zone 4,39.6,Zone 4
Tripura,Khowai,Khowai,24.9,2026-03-09,00:30:00,,,,2026-03-09 00:51:53,,,,,,,,,,,,,,,,,,,,
Tripura,Khowai,Teliamura,22.2,2026-03-09,00:30:00,95.0,2026-03-08,00:30:00,2026-03-09 00:51:53,23.75,Zone 3,45.4,Zone 5,23.5,Zone 3,31.3,Zone 4,28.9,Zone 4,36.7,Zone 4,34.5,Zone 4,52.2,Zone 5,45.4,Zone 5,60.4,Zone 5
Tripura,North Tripura,Eden Laouge,20.8,2026-03-09,00:15:00,,,,2026-03-09 00:51:53,,,,,,,,,,,,,,,,,,,,
Tripura,North Tripura,Kamalpur,20.8,2026-03-09,00:30:00,16.0,2026-03-08,00:30:00,2026-03-09 00:51:53,17.850000000000023,Zone 3,31.6,Zone 4,18.1,Zone 3,26.4,Zone 4,24.5,Zone 3,29.9,Zone 4,28.2,Zone 4,33.2,Zone 4,31.6,Zone 4,36.4,Zone 4
Tripura,Sipahijala,Cti,22.9,2026-03-09,00:30:00,100.0,2026-03-08,00:30:00,2026-03-09 00:51:53,24.650000000000034,Zone 3,55.8,Zone 5,24.8,Zone 3,33.6,Zone 4,31.0,Zone 4,46.2,Zone 5,38.5,Zone 5,59.6,Zone 5,55.8,Zone 5,62.5,Zone 5
Tripura,South Tripura,Gokulpur,21.5,2026-03-09,00:30:00,,,,2026-03-09 00:51:53,,,,,,,,,,,,,,,,,,,,
Tripura,West Tripura,Agartala Airport,23.7,2026-03-09,00:30:00,91.0,2026-03-08,00:30:00,2026-03-09 00:51:53,25.150000000000034,Zone 3,52.3,Zone 5,25.0,Zone 3,33.6,Zone 4,31.0,Zone 4,42.5,Zone 5,36.8,Zone 4,58.4,Zone 5,52.3,Zone 5,61.8,Zone 5
Tripura,West Tripura,Dm Office West Agartala,24.2,2026-03-09,00:30:00,,,,2026-03-09 00:51:53,,,,,,,,,,,,,,,,,,,,
Tripura,West Tripura,Hrc Nagicherra,22.2,2026-03-09,00:30:00,,,,2026-03-09 00:51:53,,,,,,,,,,,,,,,,,,,,
Tripura,West Tripura,Khumluwang,22.9,2026-03-09,00:30:00,,,,2026-03-09 00:51:53,,,,,,,,,,,,,,,,,,,,
Tripura,West Tripura,Secretariat,23.6,2026-03-09,00:30:00,,,,2026-03-09 00:51:53,,,,,,,,,,,,,,,,,,,,
Uttarakhand,Almora,Matela Kvk,13.9,2026-03-09,00:45:00,100.0,2026-03-08,00:45:00,2026-03-09 00:51:53,13.950000000000045,Zone 2,28.7,Zone 4,14.0,Zone 2,22.7,Zone 3,21.1,Zone 3,26.0,Zone 4,24.8,Zone 3,30.1,Zone 4,28.7,Zone 4,34.2,Zone 4
Uttarakhand,Bageshwar,Kapkote,,,,88.0,2026-03-08,00:30:00,2026-03-09 00:51:53,,,,,,,,,,,,,,,,,,,,
Uttarakhand,Chamoli,Chamoli,19.6,2026-03-09,00:30:00,,,,2026-03-09 00:51:53,,,,,,,,,,,,,,,,,,,,
Uttarakhand,Chamoli,Tharali,,,,13.0,2026-03-08,00:30:00,2026-03-09 00:51:53,,,,,,,,,,,,,,,,,,,,
Uttarakhand,Champawat,Champawat,14.4,2026-03-09,00:30:00,,,,2026-03-09 00:51:53,,,,,,,,,,,,,,,,,,,,
Uttarakhand,Dehradun,Dehradun,,,,77.0,2026-03-08,00:30:00,2026-03-09 00:51:53,,,,,,,,,,,,,,,,,,,,
Uttarakhand,Dehradun,Jollygrant,21.3,2026-03-09,00:30:00,79.0,2026-03-08,00:30:00,2026-03-09 00:51:53,22.05000000000001,Zone 3,36.9,Zone 4,22.3,Zone 3,29.5,Zone 4,27.3,Zone 4,34.3,Zone 4,32.2,Zone 4,38.9,Zone 4,36.9,Zone 4,53.0,Zone 5
Uttarakhand,Dehradun,Massouri,17.7,2026-03-09,00:30:00,61.0,2026-03-08,00:30:00,2026-03-09 00:51:53,16.75,Zone 3,30.8,Zone 4,16.5,Zone 3,24.6,Zone 3,23.0,Zone 3,28.5,Zone 4,26.8,Zone 4,32.3,Zone 4,30.8,Zone 4,36.1,Zone 4
Uttarakhand,Dehradun,Rishikesh,,,,88.0,2026-03-08,00:30:00,2026-03-09 00:51:53,,,,,,,,,,,,,,,,,,,,
Uttarakhand,Haridwar,Roorkee Amfu,20.1,2026-03-09,00:30:00,7.0,2026-03-08,00:30:00,2026-03-09 00:51:53,16.450000000000045,Zone 3,30.4,Zone 4,16.3,Zone 3,25.3,Zone 4,23.4,Zone 3,28.8,Zone 4,27.2,Zone 4,32.0,Zone 4,30.4,Zone 4,35.0,Zone 4
Uttarakhand,Nainital,Mukteshwar,19.7,2026-03-09,00:30:00,,,,2026-03-09 00:51:53,,,,,,,,,,,,,,,,,,,,
Uttarakhand,Nainital,Nainital(Jeolikot) Kvk,16.7,2026-03-09,00:45:00,100.0,2026-03-08,00:45:00,2026-03-09 00:51:53,17.450000000000045,Zone 3,31.6,Zone 4,17.2,Zone 3,24.5,Zone 3,23.2,Zone 3,28.8,Zone 4,27.0,Zone 4,33.2,Zone 4,31.6,Zone 4,39.0,Zone 5
Uttarakhand,Pauri Garhwal,Bharsar,12.0,2026-03-09,00:30:00,78.0,2026-03-08,00:30:00,2026-03-09 00:51:53,11.25,Zone 2,26.2,Zone 4,11.3,Zone 2,20.7,Zone 3,18.8,Zone 3,24.3,Zone 3,23.2,Zone 3,27.5,Zone 4,26.2,Zone 4,31.1,Zone 4
Uttarakhand,Pauri Garhwal,Srinagar Arg,22.1,2026-03-09,00:30:00,,,,2026-03-09 00:51:53,,,,,,,,,,,,,,,,,,,,
Uttarakhand,Rudraprayag,Rudra Prayag,21.9,2026-03-09,00:30:00,79.0,2026-03-08,00:30:00,2026-03-09 00:51:53,22.75,Zone 3,37.7,Zone 4,22.9,Zone 3,30.2,Zone 4,27.9,Zone 4,35.0,Zone 4,33.0,Zone 4,41.2,Zone 5,37.7,Zone 4,55.5,Zone 5
Uttarakhand,Tehri Garhwal,Devprayag,20.4,2026-03-09,00:30:00,84.0,2026-03-08,00:30:00,2026-03-09 00:51:53,21.25,Zone 3,35.9,Zone 4,21.4,Zone 3,28.4,Zone 4,26.3,Zone 4,33.2,Zone 4,31.2,Zone 4,37.8,Zone 4,35.9,Zone 4,50.9,Zone 5
Uttarakhand,Tehri Garhwal,Rani Chawri,,,,92.0,2026-03-08,00:30:00,2026-03-09 00:51:53,,,,,,,,,,,,,,,,,,,,
Uttarakhand,Uttarkashi,Purola,14.1,2026-03-09,00:30:00,73.0,2026-03-08,00:30:00,2026-03-09 00:51:53,13.150000000000034,Zone 2,27.8,Zone 4,13.0,Zone 2,22.2,Zone 3,20.4,Zone 3,25.4,Zone 4,24.4,Zone 3,29.3,Zone 4,27.8,Zone 4,32.9,Zone 4
Uttar Pradesh,Agra,Hydrogen Factory Bindukatra,22.7,2026-03-09,00:30:00,79.0,2026-03-08,00:30:00,2026-03-09 00:51:53,23.650000000000034,Zone 3,38.5,Zone 4,23.4,Zone 3,30.9,Zone 4,28.6,Zone 4,35.8,Zone 4,33.7,Zone 4,44.0,Zone 5,38.5,Zone 4,57.8,Zone 5
Uttar Pradesh,Aligarh,Quarsi Farms Quarsi,24.5,2026-03-09,00:30:00,82.0,2026-03-08,00:30:00,2026-03-09 00:51:53,25.850000000000023,Zone 4,51.4,Zone 5,25.9,Zone 4,34.4,Zone 4,31.9,Zone 4,41.9,Zone 5,37.4,Zone 4,57.9,Zone 5,51.4,Zone 5,61.7,Zone 5
Uttar Pradesh,Ambedkar Nagar,Collectorate Office Akbarpur,22.8,2026-03-09,00:30:00,99.0,2026-03-08,00:30:00,2026-03-09 00:51:53,24.55000000000001,Zone 3,55.1,Zone 5,24.7,Zone 3,33.5,Zone 4,30.9,Zone 4,45.3,Zone 5,37.7,Zone 5,59.4,Zone 5,55.1,Zone 5,62.3,Zone 5
Uttar Pradesh,Ayodhya,Krishi Vigyan Kendra Kumarganj,,,,88.0,2026-03-08,00:30:00,2026-03-09 00:51:53,,,,,,,,,,,,,,,,,,,,
Uttar Pradesh,Azamgarh,Lalganj Tehsil Office,23.4,2026-03-09,00:30:00,,,,2026-03-09 00:51:53,,,,,,,,,,,,,,,,,,,,
Uttar Pradesh,Balrampur,Bcml Tulsipur Sugar Mill,23.5,2026-03-09,00:30:00,,,,2026-03-09 00:51:53,,,,,,,,,,,,,,,,,,,,
Uttar Pradesh,Bulandshahar,Bulandshahar Kvk,18.0,2026-03-09,00:45:00,94.0,2026-03-08,00:45:00,2026-03-09 00:51:53,18.75,Zone 3,33.2,Zone 4,18.8,Zone 3,25.7,Zone 4,24.2,Zone 3,30.4,Zone 4,28.6,Zone 4,34.9,Zone 4,33.2,Zone 4,43.4,Zone 5
Uttar Pradesh,Chitrakoot,Ganivan Kvk,19.8,2026-03-09,00:45:00,,,,2026-03-09 00:51:53,,,,,,,,,,,,,,,,,,,,
Uttar Pradesh,Etawah,Bbrau Agriculture College,26.4,2026-03-09,00:30:00,53.0,2026-03-08,00:30:00,2026-03-09 00:51:53,26.75,Zone 4,41.0,Zone 4,26.9,Zone 4,34.3,Zone 4,31.9,Zone 4,38.8,Zone 4,36.6,Zone 4,45.1,Zone 5,41.0,Zone 4,58.6,Zone 5
Uttar Pradesh,Fatehpur,Fatehpur Kvk,20.5,2026-03-09,00:45:00,,,,2026-03-09 00:51:53,,,,,,,,,,,,,,,,,,,,
Uttar Pradesh,Jaunpur,Mariahu Tehsil Office,23.5,2026-03-09,00:30:00,,,,2026-03-09 00:51:53,,,,,,,,,,,,,,,,,,,,
Uttar Pradesh,Kushinagar,Kushinagar Kvk,22.7,2026-03-09,00:45:00,100.0,2026-03-08,00:45:00,2026-03-09 00:51:53,24.450000000000045,Zone 3,52.5,Zone 5,24.3,Zone 3,32.6,Zone 4,30.1,Zone 4,42.5,Zone 5,36.0,Zone 4,58.4,Zone 5,52.5,Zone 5,61.8,Zone 5
Uttar Pradesh,Lucknow,Integral University,24.4,2026-03-09,00:30:00,,,,2026-03-09 00:51:53,,,,,,,,,,,,,,,,,,,,
Uttar Pradesh,Lucknow,Meteorological Centre Amausi,23.4,2026-03-09,00:30:00,87.0,2026-03-08,00:30:00,2026-03-09 00:51:53,24.75,Zone 3,49.1,Zone 5,24.8,Zone 3,33.2,Zone 4,30.7,Zone 4,39.5,Zone 5,36.2,Zone 4,55.7,Zone 5,49.1,Zone 5,61.2,Zone 5
Uttar Pradesh,Mainpuri,Mainpuri Kvk,19.4,2026-03-09,00:45:00,100.0,2026-03-08,00:45:00,2026-03-09 00:51:53,20.75,Zone 3,35.9,Zone 4,20.9,Zone 3,27.8,Zone 4,25.7,Zone 4,32.9,Zone 4,30.9,Zone 4,40.1,Zone 5,35.9,Zone 4,54.5,Zone 5
Uttar Pradesh,Mathura,Collectorate Office,22.3,2026-03-09,00:30:00,91.0,2026-03-08,00:30:00,2026-03-09 00:51:53,23.75,Zone 3,45.7,Zone 5,23.9,Zone 3,31.8,Zone 4,29.4,Zone 4,37.2,Zone 4,34.9,Zone 4,52.5,Zone 5,45.7,Zone 5,60.5,Zone 5
Uttar Pradesh,Meerut,Ccsu Campus,23.3,2026-03-09,00:30:00,91.0,2026-03-08,00:30:00,2026-03-09 00:51:53,24.75,Zone 3,52.3,Zone 5,25.0,Zone 3,33.6,Zone 4,31.0,Zone 4,42.5,Zone 5,36.8,Zone 4,58.4,Zone 5,52.3,Zone 5,61.8,Zone 5
Uttar Pradesh,Raebareli,Airport Fursatganj,21.3,2026-03-09,00:30:00,100.0,2026-03-08,00:30:00,2026-03-09 00:51:53,22.950000000000045,Zone 3,45.7,Zone 5,23.2,Zone 3,30.8,Zone 4,28.5,Zone 4,36.4,Zone 4,34.1,Zone 4,52.4,Zone 5,45.7,Zone 5,60.5,Zone 5
Uttar Pradesh,Sultanpur,Krishi Vigyan Kendra Barasin,,,,95.0,2026-03-08,00:30:00,2026-03-09 00:51:53,,,,,,,,,,,,,,,,,,,,
West Bengal,Alipurduar,Jayanti,22.4,2026-03-09,00:30:00,79.0,2026-03-08,00:30:00,2026-03-09 00:51:53,23.350000000000023,Zone 3,38.5,Zone 4,23.4,Zone 3,30.9,Zone 4,28.6,Zone 4,35.8,Zone 4,33.7,Zone 4,44.0,Zone 5,38.5,Zone 4,57.8,Zone 5
West Bengal,Asansol,Imd Mo Assansol,24.6,2026-03-09,00:30:00,56.0,2026-03-08,00:30:00,2026-03-09 00:51:53,24.75,Zone 3,38.5,Zone 4,24.7,Zone 3,31.9,Zone 4,29.6,Zone 4,36.3,Zone 4,34.2,Zone 4,40.5,Zone 4,38.5,Zone 4,52.2,Zone 5
West Bengal,Cooch Behar,Pundibari Amfu,27.4,2026-03-09,00:30:00,,,,2026-03-09 00:51:53,,,,,,,,,,,,,,,,,,,,
West Bengal,Darjeeling,Kharibari,23.0,2026-03-09,00:30:00,94.0,2026-03-08,00:30:00,2026-03-09 00:51:53,24.55000000000001,Zone 3,51.3,Zone 5,24.6,Zone 3,33.0,Zone 4,30.5,Zone 4,41.4,Zone 5,36.2,Zone 4,57.5,Zone 5,51.3,Zone 5,61.6,Zone 5
West Bengal,Howrah,Ramsaday College Amta,24.8,2026-03-09,00:30:00,88.0,2026-03-08,00:30:00,2026-03-09 00:51:53,26.75,Zone 4,59.1,Zone 5,27.0,Zone 4,36.2,Zone 4,33.5,Zone 4,50.8,Zone 5,42.4,Zone 5,60.6,Zone 5,59.1,Zone 5,63.3,Zone 5
West Bengal,Howrah,Uluberia,27.9,2026-03-09,00:00:00,,,,2026-03-09 00:51:53,,,,,,,,,,,,,,,,,,,,
West Bengal,Jalpaiguri,Ramshai Kvk,22.8,2026-03-09,00:45:00,,,,2026-03-09 00:51:53,,,,,,,,,,,,,,,,,,,,
West Bengal,Jhargram,Jhargram,24.5,2026-03-09,00:00:00,,,,2026-03-09 00:51:53,,,,,,,,,,,,,,,,,,,,
West Bengal,Kalimpong,Kalimpong Amfu,19.4,2026-03-09,00:30:00,78.0,2026-03-08,00:30:00,2026-03-09 00:51:53,19.75,Zone 3,34.0,Zone 4,19.9,Zone 3,26.9,Zone 4,25.0,Zone 3,31.5,Zone 4,29.6,Zone 4,35.8,Zone 4,34.0,Zone 4,42.5,Zone 5
West Bengal,Kolkata,Kolkata Airport,25.5,2026-03-09,00:15:00,,,,2026-03-09 00:51:53,,,,,,,,,,,,,,,,,,,,
West Bengal,Murshidabad,Berhampore,23.7,2026-03-09,00:30:00,84.0,2026-03-08,00:30:00,2026-03-09 00:51:53,24.950000000000045,Zone 3,46.6,Zone 5,24.7,Zone 3,32.9,Zone 4,30.4,Zone 4,38.2,Zone 4,35.9,Zone 4,53.6,Zone 5,46.6,Zone 5,60.7,Zone 5
West Bengal,Murshidabad,Murshidabad Kvk,22.1,2026-03-09,00:45:00,,,,2026-03-09 00:51:53,,,,,,,,,,,,,,,,,,,,
West Bengal,Nadia,Kalyani Amfu,24.5,2026-03-09,00:30:00,100.0,2026-03-08,00:30:00,2026-03-09 00:51:53,27.05000000000001,Zone 4,60.7,Zone 5,27.0,Zone 4,38.5,Zone 5,34.0,Zone 4,57.5,Zone 5,50.0,Zone 5,62.0,Zone 5,60.7,Zone 5,64.5,Zone 5
West Bengal,North Dinajpur,Raiganj,22.3,2026-03-09,00:15:00,,,,2026-03-09 00:51:53,,,,,,,,,,,,,,,,,,,,
West Bengal,North Twenty Four Parganas,Ashoknagar Kvk,24.5,2026-03-09,00:45:00,,,,2026-03-09 00:51:53,,,,,,,,,,,,,,,,,,,,
West Bengal,Purba Mednipur,Imd Mo Digha,25.9,2026-03-09,00:00:00,,,,2026-03-09 00:51:53,,,,,,,,,,,,,,,,,,,,
West Bengal,Purulia,Purulia Kvk,24.0,2026-03-09,00:45:00,,,,2026-03-09 00:51:53,,,,,,,,,,,,,,,,,,,,
West Bengal,South Dinajpur,Majhian Amfu,22.6,2026-03-09,00:30:00,100.0,2026-03-08,00:30:00,2026-03-09 00:51:53,24.350000000000023,Zone 3,52.5,Zone 5,24.3,Zone 3,32.6,Zone 4,30.1,Zone 4,42.5,Zone 5,36.0,Zone 4,58.4,Zone 5,52.5,Zone 5,61.8,Zone 5
West Bengal,South Twenty Four Parganas,Alipore,25.5,2026-03-09,00:30:00,99.0,2026-03-08,00:30:00,2026-03-09 00:51:53,28.950000000000045,Zone 4,62.2,Zone 5,28.9,Zone 4,46.2,Zone 5,36.7,Zone 5,60.3,Zone 5,57.1,Zone 5,63.4,Zone 5,62.2,Zone 5,65.8,Zone 5
,,,,,,,,,2026-03-09 00:51:53,,,,,,,,,,,,,,,,,,,,
,,,,,,,,,2026-03-09 00:51:53,,,,,,,,,,,,,,,,,,,,
,,,,,,,,,2026-03-09 00:51:53,,,,,,,,,,,,,,,,,,,,
,,,,,,,,,2026-03-09 00:51:53,,,,,,,,,,,,,,,,,,,,
Andaman And Nicobar,Nicobar,Nancowry,31.1,2026-03-09,00:30:00,91.0,2026-03-08,00:30:00,2026-03-09 01:02:57,59.75,Zone 5,69.9,Zone 5,59.4,Zone 5,66.3,Zone 5,64.6,Zone 5,68.8,Zone 5,67.7,Zone 5,70.6,Zone 5,69.9,Zone 5,72.5,Zone 6
Andaman And Nicobar,South Andaman,Hut Bay,26.4,2026-03-09,00:30:00,82.0,2026-03-08,00:30:00,2026-03-09 01:02:57,28.950000000000045,Zone 4,60.2,Zone 5,29.1,Zone 4,38.5,Zone 4,35.6,Zone 4,56.1,Zone 5,47.8,Zone 5,61.7,Zone 5,60.2,Zone 5,64.3,Zone 5
Andaman And Nicobar,South Andaman,Shaheed Dweep,25.9,2026-03-09,00:30:00,94.0,2026-03-08,00:30:00,2026-03-09 01:02:57,29.25,Zone 4,62.0,Zone 5,29.4,Zone 4,45.4,Zone 5,36.6,Zone 4,60.1,Zone 5,56.3,Zone 5,63.3,Zone 5,62.0,Zone 5,65.6,Zone 5
Andhra Pradesh,Alluri Sitharama Raju,Araku Valley,21.8,2026-03-09,00:30:00,92.0,2026-03-08,00:30:00,2026-03-09 01:02:57,23.150000000000034,Zone 3,43.3,Zone 5,23.4,Zone 3,31.1,Zone 4,28.7,Zone 4,36.4,Zone 4,34.2,Zone 4,50.1,Zone 5,43.3,Zone 5,60.0,Zone 5
Andhra Pradesh,Eluru,Vijayarai,24.3,2026-03-09,01:00:00,66.0,2026-03-08,01:00:00,2026-03-09 01:02:57,24.850000000000023,Zone 3,39.9,Zone 4,25.1,Zone 3,32.7,Zone 4,30.4,Zone 4,37.5,Zone 4,35.3,Zone 4,45.4,Zone 5,39.9,Zone 4,58.9,Zone 5
Andhra Pradesh,Kakinada,Kakinada,25.5,2026-03-09,00:45:00,83.0,2026-03-08,00:45:00,2026-03-09 01:02:57,27.450000000000045,Zone 4,58.4,Zone 5,27.5,Zone 4,36.5,Zone 4,33.8,Zone 4,49.9,Zone 5,41.3,Zone 5,60.4,Zone 5,58.4,Zone 5,63.1,Zone 5
Andhra Pradesh,Kakinada,Prathipadu,25.9,2026-03-09,01:00:00,,,,2026-03-09 01:02:57,,,,,,,,,,,,,,,,,,,,
Andhra Pradesh,Konaseema,Ambajipeta Arg,23.5,2026-03-09,00:45:00,100.0,2026-03-08,00:45:00,2026-03-09 01:02:57,25.25,Zone 3,58.9,Zone 5,25.3,Zone 3,34.6,Zone 4,31.9,Zone 4,50.0,Zone 5,42.0,Zone 5,60.4,Zone 5,58.9,Zone 5,63.2,Zone 5
Andhra Pradesh,Nellore,Nellore Kvk,25.5,2026-03-09,00:45:00,97.0,2026-03-08,00:45:00,2026-03-09 01:02:57,28.75,Zone 4,61.8,Zone 5,28.7,Zone 4,44.0,Zone 5,35.9,Zone 4,59.8,Zone 5,55.3,Zone 5,63.0,Zone 5,61.8,Zone 5,65.4,Zone 5
Andhra Pradesh,Palnadu,Jangameshwarapuram,24.5,2026-03-09,00:45:00,,,,2026-03-09 01:02:57,,,,,,,,,,,,,,,,,,,,
Andhra Pradesh,Palnadu,Rentachintala,25.5,2026-03-09,00:45:00,79.0,2026-03-08,00:45:00,2026-03-09 01:02:57,27.25,Zone 4,55.1,Zone 5,27.2,Zone 4,35.9,Zone 4,33.3,Zone 4,46.1,Zone 5,38.9,Zone 4,59.6,Zone 5,55.1,Zone 5,62.4,Zone 5
Andhra Pradesh,Srikakulam,Amadalavalasa Kvk,25.7,2026-03-09,00:45:00,,,,2026-03-09 01:02:57,,,,,,,,,,,,,,,,,,,,
Andhra Pradesh,Srikakulam,Ragolu,25.4,2026-03-09,00:45:00,88.0,2026-03-08,00:45:00,2026-03-09 01:02:57,27.75,Zone 4,59.9,Zone 5,27.9,Zone 4,37.3,Zone 4,34.5,Zone 4,54.5,Zone 5,46.3,Zone 5,61.3,Zone 5,59.9,Zone 5,64.0,Zone 5
Andhra Pradesh,Sri Potti Sriramulu Nellore,Podalakur,24.4,2026-03-09,00:30:00,,,,2026-03-09 01:02:57,,,,,,,,,,,,,,,,,,,,
Andhra Pradesh,Visakhapatnam,Anandapuram Arg,25.0,2026-03-09,00:45:00,83.0,2026-03-08,00:45:00,2026-03-09 01:02:57,26.650000000000034,Zone 4,55.4,Zone 5,26.7,Zone 4,35.5,Zone 4,32.8,Zone 4,46.2,Zone 5,38.5,Zone 4,59.6,Zone 5,55.4,Zone 5,62.5,Zone 5
Andhra Pradesh,Visakhapatnam,Mehadrigadda Dam,30.0,2026-03-09,01:00:00,90.0,2026-03-08,01:00:00,2026-03-09 01:02:57,45.35000000000002,Zone 5,67.9,Zone 5,45.4,Zone 5,63.6,Zone 5,61.6,Zone 5,66.7,Zone 5,65.4,Zone 5,68.8,Zone 5,67.9,Zone 5,70.4,Zone 5
Andhra Pradesh,Vizianagaram,Bobbili,25.6,2026-03-09,01:00:00,85.0,2026-03-08,01:00:00,2026-03-09 01:02:57,27.850000000000023,Zone 4,59.3,Zone 5,27.7,Zone 4,36.8,Zone 4,34.0,Zone 4,51.8,Zone 5,43.3,Zone 5,60.8,Zone 5,59.3,Zone 5,63.5,Zone 5
Andhra Pradesh,Vizianagaram,Vizianagaram,26.8,2026-03-09,00:45:00,87.0,2026-03-08,00:45:00,2026-03-09 01:02:57,30.25,Zone 4,62.1,Zone 5,30.7,Zone 4,46.5,Zone 5,37.7,Zone 4,60.3,Zone 5,57.0,Zone 5,63.5,Zone 5,62.1,Zone 5,65.8,Zone 5
Andhra Pradesh,West Godavari,Maruteru,25.9,2026-03-09,00:45:00,,,,2026-03-09 01:02:57,,,,,,,,,,,,,,,,,,,,
Andhra Pradesh,Ysr Kadapa,Utkuru Kvk,25.7,2026-03-09,00:45:00,100.0,2026-03-08,00:45:00,2026-03-09 01:02:57,29.450000000000045,Zone 4,62.4,Zone 5,29.0,Zone 4,47.2,Zone 5,37.6,Zone 5,60.5,Zone 5,58.0,Zone 5,63.6,Zone 5,62.4,Zone 5,65.9,Zone 5
Arunachal Pradesh,Anjaw,Hayuliang Circle,14.6,2026-03-09,01:00:00,87.0,2026-03-08,01:00:00,2026-03-09 01:02:57,14.150000000000034,Zone 3,28.8,Zone 4,14.0,Zone 3,22.8,Zone 3,21.2,Zone 3,26.2,Zone 4,24.9,Zone 3,30.2,Zone 4,28.8,Zone 4,34.1,Zone 4
Arunachal Pradesh,Anjaw,Kibitoo Circle,12.6,2026-03-09,00:30:00,73.0,2026-03-08,00:30:00,2026-03-09 01:02:57,11.650000000000034,Zone 2,26.5,Zone 4,11.6,Zone 2,21.0,Zone 3,19.1,Zone 3,24.5,Zone 3,23.5,Zone 3,27.8,Zone 4,26.5,Zone 4,31.4,Zone 4
Arunachal Pradesh,Anjaw,Wallong Circle,13.7,2026-03-09,00:30:00,70.0,2026-03-08,00:30:00,2026-03-09 01:02:57,12.650000000000034,Zone 2,27.3,Zone 4,12.4,Zone 2,21.7,Zone 3,19.9,Zone 3,25.0,Zone 3,24.0,Zone 3,28.7,Zone 4,27.3,Zone 4,32.3,Zone 4
Arunachal Pradesh,Dibang Valley,Anini,11.6,2026-03-09,00:45:00,96.0,2026-03-08,00:45:00,2026-03-09 01:02:57,11.450000000000045,Zone 2,26.1,Zone 4,11.4,Zone 2,20.6,Zone 3,18.9,Zone 3,24.2,Zone 3,23.2,Zone 3,27.4,Zone 4,26.1,Zone 4,31.2,Zone 4
Arunachal Pradesh,Kurung Kumey,Koloraing,15.5,2026-03-09,00:45:00,100.0,2026-03-08,00:45:00,2026-03-09 01:02:57,15.950000000000045,Zone 3,30.4,Zone 4,15.9,Zone 3,23.8,Zone 3,22.4,Zone 3,27.6,Zone 4,25.9,Zone 4,31.9,Zone 4,30.4,Zone 4,36.1,Zone 4
Arunachal Pradesh,Kurung Kumey,Nyapin,16.2,2026-03-09,00:30:00,,,,2026-03-09 01:02:57,,,,,,,,,,,,,,,,,,,,
Arunachal Pradesh,Longding,Longding,19.8,2026-03-09,00:45:00,,,,2026-03-09 01:02:57,,,,,,,,,,,,,,,,,,,,
Arunachal Pradesh,Namsai,Namsai Kvk,16.1,2026-03-09,00:45:00,100.0,2026-03-08,00:45:00,2026-03-09 01:02:57,16.650000000000034,Zone 3,31.0,Zone 4,16.6,Zone 3,24.2,Zone 3,22.8,Zone 3,28.2,Zone 4,26.5,Zone 4,32.6,Zone 4,31.0,Zone 4,36.9,Zone 5
Arunachal Pradesh,Pakke Kesang,Pakke Kesang,13.6,2026-03-09,00:45:00,100.0,2026-03-08,00:45:00,2026-03-09 01:02:57,13.550000000000011,Zone 2,28.1,Zone 4,13.5,Zone 2,22.3,Zone 3,20.7,Zone 3,25.4,Zone 4,24.5,Zone 3,29.6,Zone 4,28.1,Zone 4,33.6,Zone 4
Arunachal Pradesh,Shiyomi,Lamang 2,2.1,2026-03-09,00:30:00,97.0,2026-03-08,00:30:00,2026-03-09 01:02:57,2.0500000000000114,Zone 2,21.0,Zone 3,1.9,Zone 2,12.7,Zone 2,11.1,Zone 2,18.1,Zone 3,16.9,Zone 3,21.7,Zone 3,21.0,Zone 3,24.1,Zone 3
Arunachal Pradesh,Tawang,Tawang,6.6,2026-03-09,00:45:00,100.0,2026-03-08,00:45:00,2026-03-09 01:02:57,6.550000000000011,Zone 2,23.3,Zone 3,6.5,Zone 2,16.4,Zone 3,14.4,Zone 3,21.1,Zone 3,20.0,Zone 3,24.0,Zone 3,23.3,Zone 3,26.6,Zone 4
Arunachal Pradesh,Tirap,Deomali,18.1,2026-03-09,00:45:00,100.0,2026-03-08,00:45:00,2026-03-09 01:02:57,19.150000000000034,Zone 3,33.6,Zone 4,19.1,Zone 3,25.8,Zone 4,24.4,Zone 3,30.7,Zone 4,28.9,Zone 4,35.4,Zone 4,33.6,Zone 4,46.4,Zone 5
Arunachal Pradesh,Tirap,Longding,20.2,2026-03-09,01:00:00,,,,2026-03-09 01:02:57,,,,,,,,,,,,,,,,,,,,
Arunachal Pradesh,Upper Siang,Tuting,16.7,2026-03-09,00:45:00,99.0,2026-03-08,00:45:00,2026-03-09 01:02:57,17.450000000000045,Zone 3,31.5,Zone 4,17.1,Zone 3,24.5,Zone 3,23.2,Zone 3,28.7,Zone 4,27.0,Zone 4,33.2,Zone 4,31.5,Zone 4,38.6,Zone 5
Arunachal Pradesh,Upper Siang,Yingkiong,19.8,2026-03-09,00:45:00,99.0,2026-03-08,00:45:00,2026-03-09 01:02:57,21.150000000000034,Zone 3,36.6,Zone 4,21.4,Zone 3,28.5,Zone 4,26.3,Zone 4,33.6,Zone 4,31.6,Zone 4,42.3,Zone 5,36.6,Zone 4,56.5,Zone 5
Arunachal Pradesh,West Kameng,Bomdila,9.0,2026-03-09,00:45:00,,,,2026-03-09 01:02:57,,,,,,,,,,,,,,,,,,,,
Arunachal Pradesh,West Kameng,Dirang,17.3,2026-03-09,00:45:00,,,,2026-03-09 01:02:57,,,,,,,,,,,,,,,,,,,,
Arunachal Pradesh,West Kameng,Kalaktang,14.6,2026-03-09,00:45:00,100.0,2026-03-08,00:45:00,2026-03-09 01:02:57,14.75,Zone 3,29.2,Zone 4,14.6,Zone 3,23.1,Zone 3,21.5,Zone 3,26.5,Zone 4,25.1,Zone 3,30.7,Zone 4,29.2,Zone 4,34.8,Zone 4
Assam,Barpeta,Barpeta,21.3,2026-03-09,00:45:00,87.0,2026-03-08,00:45:00,2026-03-09 01:02:57,22.450000000000045,Zone 3,37.8,Zone 4,22.6,Zone 3,30.0,Zone 4,27.7,Zone 4,35.0,Zone 4,32.9,Zone 4,43.6,Zone 5,37.8,Zone 4,57.6,Zone 5
Assam,Barpeta,Barpeta Kvk,21.9,2026-03-09,00:45:00,96.0,2026-03-08,00:45:00,2026-03-09 01:02:57,23.450000000000045,Zone 3,46.2,Zone 5,23.6,Zone 3,31.4,Zone 4,29.0,Zone 4,36.9,Zone 4,34.6,Zone 4,52.8,Zone 5,46.2,Zone 5,60.6,Zone 5
Assam,Bongaigaon,Bongaigaon,21.7,2026-03-09,01:00:00,78.0,2026-03-08,01:00:00,2026-03-09 01:02:57,22.450000000000045,Zone 3,36.8,Zone 4,22.3,Zone 3,29.4,Zone 4,27.3,Zone 4,34.2,Zone 4,32.2,Zone 4,38.8,Zone 4,36.8,Zone 4,52.4,Zone 5
Assam,Bongaigaon,Manikpur,20.9,2026-03-09,00:45:00,100.0,2026-03-08,00:45:00,2026-03-09 01:02:57,22.55000000000001,Zone 3,42.5,Zone 5,22.6,Zone 3,30.0,Zone 4,27.7,Zone 4,35.4,Zone 4,33.3,Zone 4,49.1,Zone 5,42.5,Zone 5,59.8,Zone 5
Assam,Cachar,Cacher Kvk,22.9,2026-03-09,00:45:00,,,,2026-03-09 01:02:57,,,,,,,,,,,,,,,,,,,,
Assam,Cachar,Silchar Jns College,21.8,2026-03-09,00:45:00,97.0,2026-03-08,00:45:00,2026-03-09 01:02:57,23.350000000000023,Zone 3,46.9,Zone 5,23.6,Zone 3,31.5,Zone 4,29.1,Zone 4,37.2,Zone 5,34.7,Zone 4,53.5,Zone 5,46.9,Zone 5,60.7,Zone 5
Assam,Darrang,Dalgaon,23.7,2026-03-09,00:45:00,74.0,2026-03-08,00:45:00,2026-03-09 01:02:57,24.55000000000001,Zone 3,39.5,Zone 4,24.3,Zone 3,32.0,Zone 4,29.6,Zone 4,36.9,Zone 4,34.7,Zone 4,46.0,Zone 5,39.5,Zone 4,59.1,Zone 5
Assam,Darrang,Mangaldai,23.3,2026-03-09,01:00:00,71.0,2026-03-08,01:00:00,2026-03-09 01:02:57,23.950000000000045,Zone 3,39.1,Zone 4,24.2,Zone 3,31.7,Zone 4,29.4,Zone 4,36.5,Zone 4,34.4,Zone 4,43.8,Zone 5,39.1,Zone 4,57.6,Zone 5
Assam,Darrang,Mangaldoi Kvk,24.7,2026-03-09,00:45:00,,,,2026-03-09 01:02:57,,,,,,,,,,,,,,,,,,,,
Assam,Dibrugarh,Bcpl Dibrugarh,,,,100.0,2026-03-08,00:45:00,2026-03-09 01:02:57,,,,,,,,,,,,,,,,,,,,
Assam,Dibrugarh,Dibrugarh,15.3,2026-03-09,00:45:00,,,,2026-03-09 01:02:57,,,,,,,,,,,,,,,,,,,,
Assam,Dibrugarh,Lahowal,,,,9.0,2026-03-08,01:00:00,2026-03-09 01:02:57,,,,,,,,,,,,,,,,,,,,
Assam,Dima Hasao,Haflong,21.0,2026-03-09,00:45:00,71.0,2026-03-08,00:45:00,2026-03-09 01:02:57,21.350000000000023,Zone 3,35.4,Zone 4,21.3,Zone 3,28.4,Zone 4,26.3,Zone 4,33.0,Zone 4,31.0,Zone 4,37.3,Zone 4,35.4,Zone 4,45.6,Zone 5
Assam,Dima Hasao,Lkhep,23.9,2026-03-09,01:00:00,75.0,2026-03-08,01:00:00,2026-03-09 01:02:57,24.850000000000023,Zone 3,42.4,Zone 5,24.9,Zone 3,32.8,Zone 4,30.4,Zone 4,37.8,Zone 4,35.6,Zone 4,49.7,Zone 5,42.4,Zone 5,59.9,Zone 5
Assam,Goalpara,Goalpara,22.4,2026-03-09,00:45:00,94.0,2026-03-08,00:45:00,2026-03-09 01:02:57,23.950000000000045,Zone 3,48.0,Zone 5,24.0,Zone 3,32.1,Zone 4,29.6,Zone 4,38.3,Zone 5,35.3,Zone 4,54.6,Zone 5,48.0,Zone 5,60.9,Zone 5
Assam,Hajoi,Lumding,22.7,2026-03-09,00:45:00,72.0,2026-03-08,00:45:00,2026-03-09 01:02:57,23.350000000000023,Zone 3,37.6,Zone 4,23.1,Zone 3,30.4,Zone 4,28.2,Zone 4,35.1,Zone 4,33.1,Zone 4,39.6,Zone 4,37.6,Zone 4,53.6,Zone 5
Assam,Jorhat,Jorhat Amfu,21.1,2026-03-09,00:45:00,80.0,2026-03-08,00:45:00,2026-03-09 01:02:57,21.850000000000023,Zone 3,36.3,Zone 4,21.8,Zone 3,28.9,Zone 4,26.7,Zone 4,33.6,Zone 4,31.6,Zone 4,38.2,Zone 4,36.3,Zone 4,51.1,Zone 5
Assam,Kamrup Metropolitan,Aau Hrs,25.3,2026-03-09,01:00:00,72.0,2026-03-08,01:00:00,2026-03-09 01:02:57,26.450000000000045,Zone 4,48.9,Zone 5,26.7,Zone 4,35.0,Zone 4,32.4,Zone 4,40.1,Zone 4,37.7,Zone 4,56.0,Zone 5,48.9,Zone 5,61.2,Zone 5
Assam,Kamrup Metropolitan,Down Town University,24.9,2026-03-09,01:00:00,78.0,2026-03-08,01:00:00,2026-03-09 01:02:57,26.25,Zone 4,51.1,Zone 5,26.4,Zone 4,34.8,Zone 4,32.3,Zone 4,41.8,Zone 5,37.7,Zone 4,57.7,Zone 5,51.1,Zone 5,61.6,Zone 5
Assam,Kamrup Metropolitan,Gauhati University,24.6,2026-03-09,00:45:00,78.0,2026-03-08,00:45:00,2026-03-09 01:02:57,25.850000000000023,Zone 4,48.0,Zone 5,25.7,Zone 4,33.9,Zone 4,31.5,Zone 4,39.2,Zone 4,36.8,Zone 4,55.0,Zone 5,48.0,Zone 5,61.0,Zone 5
Assam,Kamrup Metropolitan,Guwahati,25.3,2026-03-09,00:45:00,64.0,2026-03-08,00:45:00,2026-03-09 01:02:57,26.05000000000001,Zone 4,41.8,Zone 5,26.3,Zone 4,34.0,Zone 4,31.6,Zone 4,38.8,Zone 4,36.6,Zone 4,49.4,Zone 5,41.8,Zone 5,59.8,Zone 5
Assam,Kamrup Metropolitan,Kalakshetra,26.7,2026-03-09,00:45:00,,,,2026-03-09 01:02:57,,,,,,,,,,,,,,,,,,,,
Assam,Kamrup Metropolitan,Kamakhya,25.8,2026-03-09,01:00:00,61.0,2026-03-08,01:00:00,2026-03-09 01:02:57,26.450000000000045,Zone 4,41.8,Zone 5,26.7,Zone 4,34.4,Zone 4,32.0,Zone 4,39.2,Zone 4,36.9,Zone 4,49.6,Zone 5,41.8,Zone 5,59.9,Zone 5
Assam,Kamrup Metropolitan,Vcbc Rani,24.1,2026-03-09,00:45:00,96.0,2026-03-08,00:45:00,2026-03-09 01:02:57,26.05000000000001,Zone 4,59.0,Zone 5,25.9,Zone 4,35.2,Zone 4,32.5,Zone 4,50.4,Zone 5,42.3,Zone 5,60.5,Zone 5,59.0,Zone 5,63.2,Zone 5
Assam,Karbi Anglong,Diphu Amfu,19.5,2026-03-09,00:45:00,81.0,2026-03-08,00:45:00,2026-03-09 01:02:57,20.05000000000001,Zone 3,34.3,Zone 4,20.0,Zone 3,27.0,Zone 4,25.1,Zone 3,31.7,Zone 4,29.8,Zone 4,36.1,Zone 4,34.3,Zone 4,44.1,Zone 5
Assam,Karbi Anglong(East),Bakulia,23.8,2026-03-09,00:45:00,65.0,2026-03-08,00:45:00,2026-03-09 01:02:57,24.25,Zone 3,39.0,Zone 4,24.5,Zone 3,31.9,Zone 4,29.7,Zone 4,36.6,Zone 4,34.5,Zone 4,42.0,Zone 5,39.0,Zone 4,56.1,Zone 5
Assam,Karbi Anglong(East),Diphu,20.1,2026-03-09,00:45:00,91.0,2026-03-08,00:45:00,2026-03-09 01:02:57,21.150000000000034,Zone 3,35.8,Zone 4,21.1,Zone 3,28.1,Zone 4,26.0,Zone 4,33.0,Zone 4,31.0,Zone 4,37.9,Zone 5,35.8,Zone 4,52.2,Zone 5
Assam,Karbi Anglong(West),Kheronighat,24.1,2026-03-09,00:45:00,65.0,2026-03-08,00:45:00,2026-03-09 01:02:57,24.650000000000034,Zone 3,39.0,Zone 4,24.5,Zone 3,31.9,Zone 4,29.7,Zone 4,36.6,Zone 4,34.5,Zone 4,42.0,Zone 5,39.0,Zone 4,56.1,Zone 5
Assam,Karimganj,Harinagar,,,,10.0,2026-03-08,00:45:00,2026-03-09 01:02:57,,,,,,,,,,,,,,,,,,,,
Assam,Karimganj,Karimganj Amfu,29.8,2026-03-09,00:45:00,,,,2026-03-09 01:02:57,,,,,,,,,,,,,,,,,,,,
Assam,Marigaon,Laharighat,24.8,2026-03-09,00:45:00,73.0,2026-03-08,00:45:00,2026-03-09 01:02:57,25.850000000000023,Zone 4,46.7,Zone 5,26.1,Zone 4,34.2,Zone 4,31.8,Zone 4,39.3,Zone 4,37.0,Zone 4,54.0,Zone 5,46.7,Zone 5,60.8,Zone 5
Assam,Marigaon,Marigaon,24.9,2026-03-09,00:45:00,94.0,2026-03-08,00:45:00,2026-03-09 01:02:57,27.350000000000023,Zone 4,60.3,Zone 5,27.5,Zone 4,37.2,Zone 5,34.3,Zone 4,56.1,Zone 5,48.3,Zone 5,61.7,Zone 5,60.3,Zone 5,64.3,Zone 5
Assam,Nalbari,Chamata,27.0,2026-03-09,00:45:00,,,,2026-03-09 01:02:57,,,,,,,,,,,,,,,,,,,,
Assam,Nalbari,Nalbari,30.4,2026-03-09,00:45:00,81.0,2026-03-08,00:45:00,2026-03-09 01:02:57,38.25,Zone 4,66.5,Zone 5,38.6,Zone 4,61.8,Zone 5,59.6,Zone 5,65.2,Zone 5,63.7,Zone 5,67.6,Zone 5,66.5,Zone 5,69.3,Zone 5
Assam,Nalbari,Tihu,24.2,2026-03-09,00:45:00,74.0,2026-03-08,00:45:00,2026-03-09 01:02:57,25.05000000000001,Zone 3,41.7,Zone 5,24.9,Zone 3,32.7,Zone 4,30.3,Zone 4,37.7,Zone 4,35.5,Zone 4,48.9,Zone 5,41.7,Zone 5,59.7,Zone 5
Assam,Tamulpur,Mushalpur,23.3,2026-03-09,00:45:00,98.0,2026-03-08,00:45:00,2026-03-09 01:02:57,25.05000000000001,Zone 3,57.5,Zone 5,25.2,Zone 3,34.4,Zone 4,31.7,Zone 4,48.3,Zone 5,40.3,Zone 5,60.1,Zone 5,57.5,Zone 5,62.9,Zone 5
Assam,Tinsukia,Tinsukia,19.9,2026-03-09,00:45:00,83.0,2026-03-08,00:45:00,2026-03-09 01:02:57,20.55000000000001,Zone 3,35.1,Zone 4,20.7,Zone 3,27.7,Zone 4,25.7,Zone 4,32.5,Zone 4,30.5,Zone 4,37.0,Zone 4,35.1,Zone 4,47.7,Zone 5
Assam,Udalguri,Udalguri,21.4,2026-03-09,00:45:00,63.0,2026-03-08,00:45:00,2026-03-09 01:02:57,21.450000000000045,Zone 3,35.4,Zone 4,21.5,Zone 3,28.6,Zone 4,26.6,Zone 4,33.0,Zone 4,31.1,Zone 4,37.2,Zone 4,35.4,Zone 4,43.1,Zone 5
Assam,Udalguri,Udi Kvk,21.9,2026-03-09,00:45:00,,,,2026-03-09 01:02:57,,,,,,,,,,,,,,,,,,,,
Bihar,Aurangabad,Aurangabad Kvk,21.7,2026-03-09,00:45:00,89.0,2026-03-08,00:45:00,2026-03-09 01:02:57,22.950000000000045,Zone 3,38.4,Zone 5,22.7,Zone 3,30.1,Zone 4,27.8,Zone 4,35.2,Zone 4,33.1,Zone 4,45.0,Zone 5,38.4,Zone 5,58.6,Zone 5
Bihar,Buxar,Buxar,23.6,2026-03-09,00:45:00,83.0,2026-03-08,00:45:00,2026-03-09 01:02:57,24.75,Zone 3,45.8,Zone 5,24.7,Zone 3,32.8,Zone 4,30.3,Zone 4,38.0,Zone 4,35.7,Zone 4,52.8,Zone 5,45.8,Zone 5,60.6,Zone 5
Bihar,Gaya,Gaya Cusb,24.2,2026-03-09,00:45:00,87.0,2026-03-08,00:45:00,2026-03-09 01:02:57,25.75,Zone 4,52.3,Zone 5,25.4,Zone 4,34.1,Zone 4,31.5,Zone 4,42.7,Zone 5,37.2,Zone 4,58.5,Zone 5,52.3,Zone 5,61.8,Zone 5
Bihar,Jehanabad,Jehanabad,22.8,2026-03-09,00:45:00,88.0,2026-03-08,00:45:00,2026-03-09 01:02:57,24.150000000000034,Zone 3,46.6,Zone 5,24.3,Zone 3,32.4,Zone 4,30.0,Zone 4,37.8,Zone 4,35.5,Zone 4,53.5,Zone 5,46.6,Zone 5,60.7,Zone 5
Bihar,Kaimur,Bhabua,25.1,2026-03-09,00:45:00,89.0,2026-03-08,00:45:00,2026-03-09 01:02:57,27.25,Zone 4,59.3,Zone 5,27.1,Zone 4,36.3,Zone 4,33.6,Zone 4,51.7,Zone 5,43.4,Zone 5,60.8,Zone 5,59.3,Zone 5,63.5,Zone 5
Bihar,Madhubani,Chanpur Basaitha,21.8,2026-03-09,00:45:00,93.0,2026-03-08,00:45:00,2026-03-09 01:02:57,23.25,Zone 3,44.0,Zone 5,23.5,Zone 3,31.1,Zone 4,28.8,Zone 4,36.5,Zone 4,34.3,Zone 4,50.8,Zone 5,44.0,Zone 5,60.1,Zone 5
Bihar,Nalanda,Harnaut,23.1,2026-03-09,00:45:00,100.0,2026-03-08,00:45:00,2026-03-09 01:02:57,24.850000000000023,Zone 3,55.8,Zone 5,24.8,Zone 3,33.6,Zone 4,31.0,Zone 4,46.2,Zone 5,38.5,Zone 5,59.6,Zone 5,55.8,Zone 5,62.5,Zone 5
Bihar,Patna,Baldwin Academy,24.8,2026-03-09,00:45:00,88.0,2026-03-08,00:45:00,2026-03-09 01:02:57,26.75,Zone 4,59.1,Zone 5,27.0,Zone 4,36.2,Zone 4,33.5,Zone 4,50.8,Zone 5,42.4,Zone 5,60.6,Zone 5,59.1,Zone 5,63.3,Zone 5
Bihar,Patna,Danapur Dps,27.2,2026-03-09,00:45:00,86.0,2026-03-08,00:45:00,2026-03-09 01:02:57,30.950000000000045,Zone 4,61.9,Zone 5,30.6,Zone 4,45.3,Zone 5,37.5,Zone 4,60.1,Zone 5,56.0,Zone 5,63.3,Zone 5,61.9,Zone 5,65.6,Zone 5
Bihar,Patna,Iit Patna,23.2,2026-03-09,00:45:00,100.0,2026-03-08,00:45:00,2026-03-09 01:02:57,24.950000000000045,Zone 3,55.8,Zone 5,24.8,Zone 3,33.6,Zone 4,31.0,Zone 4,46.2,Zone 5,38.5,Zone 5,59.6,Zone 5,55.8,Zone 5,62.5,Zone 5
Bihar,Purnea,Purnea Imd,31.9,2026-03-09,00:45:00,90.0,2026-03-08,00:45:00,2026-03-09 01:02:57,62.05000000000001,Zone 5,71.3,Zone 5,62.4,Zone 5,68.3,Zone 5,66.8,Zone 5,70.5,Zone 5,69.5,Zone 5,72.6,Zone 6,71.3,Zone 5,75.5,Zone 6
Bihar,Rohtas,Dehri,31.2,2026-03-09,00:45:00,88.0,2026-03-08,00:45:00,2026-03-09 01:02:57,57.650000000000034,Zone 5,69.1,Zone 5,55.1,Zone 5,65.3,Zone 5,63.5,Zone 5,68.0,Zone 5,66.8,Zone 5,70.0,Zone 5,69.1,Zone 5,71.3,Zone 5
Bihar,Sheikpura,Sheikpura Kvk,21.8,2026-03-09,00:45:00,,,,2026-03-09 01:02:57,,,,,,,,,,,,,,,,,,,,
Bihar,Vaishali,Vaishali,22.7,2026-03-09,00:45:00,100.0,2026-03-08,00:45:00,2026-03-09 01:02:57,24.450000000000045,Zone 3,52.5,Zone 5,24.3,Zone 3,32.6,Zone 4,30.1,Zone 4,42.5,Zone 5,36.0,Zone 4,58.4,Zone 5,52.5,Zone 5,61.8,Zone 5
Chandigarh,Chandigarh,Chandigarh,22.8,2026-03-09,00:45:00,,,,2026-03-09 01:02:57,,,,,,,,,,,,,,,,,,,,
Chhattisgarh,Balrampur,Balrampur,20.3,2026-03-09,00:45:00,,,,2026-03-09 01:02:57,,,,,,,,,,,,,,,,,,,,
Chhattisgarh,Bilaspur,Bilaspur,25.7,2026-03-09,00:45:00,51.0,2026-03-08,00:45:00,2026-03-09 01:02:57,25.850000000000023,Zone 4,39.2,Zone 4,25.6,Zone 4,32.7,Zone 4,30.5,Zone 4,37.1,Zone 4,35.0,Zone 4,41.3,Zone 4,39.2,Zone 4,53.0,Zone 5
Chhattisgarh,Janjgir Champa,Janjgir,,,,56.0,2026-03-08,00:45:00,2026-03-09 01:02:57,,,,,,,,,,,,,,,,,,,,
Chhattisgarh,Janjgir Champa,Nawagarh,27.6,2026-03-09,00:45:00,48.0,2026-03-08,00:45:00,2026-03-09 01:02:57,27.950000000000045,Zone 4,41.6,Zone 4,27.8,Zone 4,35.1,Zone 4,32.7,Zone 4,39.5,Zone 4,37.3,Zone 4,45.6,Zone 5,41.6,Zone 4,59.0,Zone 5
Chhattisgarh,Janjgir Champa,Sakti,23.4,2026-03-09,00:45:00,73.0,2026-03-08,00:45:00,2026-03-09 01:02:57,24.150000000000034,Zone 3,39.3,Zone 4,24.3,Zone 3,31.9,Zone 4,29.6,Zone 4,36.8,Zone 4,34.6,Zone 4,45.3,Zone 5,39.3,Zone 4,58.8,Zone 5
Chhattisgarh,Jashpur,Bagicha,21.6,2026-03-09,00:45:00,70.0,2026-03-08,00:45:00,2026-03-09 01:02:57,21.950000000000045,Zone 3,36.0,Zone 4,21.9,Zone 3,29.0,Zone 4,26.9,Zone 4,33.6,Zone 4,31.6,Zone 4,37.9,Zone 4,36.0,Zone 4,47.4,Zone 5
Chhattisgarh,Jashpur,Jashpur,23.0,2026-03-09,00:45:00,62.0,2026-03-08,00:45:00,2026-03-09 01:02:57,23.25,Zone 3,37.2,Zone 4,23.2,Zone 3,30.4,Zone 4,28.2,Zone 4,34.9,Zone 4,32.9,Zone 4,39.2,Zone 4,37.2,Zone 4,49.4,Zone 5
Chhattisgarh,Jashpur,Pathalgaon,23.9,2026-03-09,00:45:00,58.0,2026-03-08,00:45:00,2026-03-09 01:02:57,24.05000000000001,Zone 3,38.1,Zone 4,24.2,Zone 3,31.4,Zone 4,29.2,Zone 4,35.8,Zone 4,33.8,Zone 4,40.1,Zone 4,38.1,Zone 4,51.3,Zone 5
Chhattisgarh,Korba,Lakhanpur Kvk,25.4,2026-03-09,00:45:00,51.0,2026-03-08,00:45:00,2026-03-09 01:02:57,25.450000000000045,Zone 4,39.2,Zone 4,25.6,Zone 4,32.7,Zone 4,30.5,Zone 4,37.1,Zone 4,35.0,Zone 4,41.3,Zone 4,39.2,Zone 4,53.0,Zone 5
Chhattisgarh,Koriya,Koriya Kvk,24.3,2026-03-09,00:45:00,,,,2026-03-09 01:02:57,,,,,,,,,,,,,,,,,,,,
Chhattisgarh,Mahasamund,Pithora,22.1,2026-03-09,00:45:00,70.0,2026-03-08,00:45:00,2026-03-09 01:02:57,22.55000000000001,Zone 3,36.7,Zone 4,22.5,Zone 3,29.6,Zone 4,27.5,Zone 4,34.2,Zone 4,32.2,Zone 4,38.6,Zone 4,36.7,Zone 4,49.9,Zone 5
Chhattisgarh,Raigarh,Dharamjaigarh,23.3,2026-03-09,00:45:00,72.0,2026-03-08,00:45:00,2026-03-09 01:02:57,24.05000000000001,Zone 3,39.2,Zone 4,24.3,Zone 3,31.8,Zone 4,29.5,Zone 4,36.6,Zone 4,34.5,Zone 4,44.5,Zone 5,39.2,Zone 4,58.2,Zone 5
Chhattisgarh,Raigarh,Raigarh,24.5,2026-03-09,00:45:00,81.0,2026-03-08,00:45:00,2026-03-09 01:02:57,25.850000000000023,Zone 4,50.5,Zone 5,25.8,Zone 4,34.3,Zone 4,31.8,Zone 4,41.1,Zone 5,37.3,Zone 4,57.2,Zone 5,50.5,Zone 5,61.5,Zone 5
Chhattisgarh,Rajnandgaon,Rajnandgaon,25.5,2026-03-09,00:45:00,47.0,2026-03-08,00:45:00,2026-03-09 01:02:57,25.450000000000045,Zone 4,38.7,Zone 4,25.4,Zone 4,32.4,Zone 4,30.2,Zone 4,36.6,Zone 4,34.6,Zone 4,40.7,Zone 4,38.7,Zone 4,49.8,Zone 5
Daman And Diu,Daman,Daman Aws,25.7,2026-03-09,00:45:00,53.0,2026-03-08,00:45:00,2026-03-09 01:02:57,25.950000000000045,Zone 4,39.5,Zone 4,25.7,Zone 4,32.9,Zone 4,30.6,Zone 4,37.3,Zone 4,35.2,Zone 4,41.6,Zone 4,39.5,Zone 4,54.5,Zone 5
Delhi,Central Delhi,Pragati Maidan,24.1,2026-03-09,00:45:00,,,,2026-03-09 01:02:57,,,,,,,,,,,,,,,,,,,,
Delhi,East Delhi,Salwan Public School,20.8,2026-03-09,00:45:00,99.0,2026-03-08,00:45:00,2026-03-09 01:02:57,22.350000000000023,Zone 3,41.9,Zone 5,22.6,Zone 3,30.0,Zone 4,27.7,Zone 4,35.3,Zone 4,33.2,Zone 4,48.5,Zone 5,41.9,Zone 5,59.7,Zone 5
Delhi,New Delhi,Sports Complex,24.1,2026-03-09,00:45:00,95.0,2026-03-08,00:45:00,2026-03-09 01:02:57,25.950000000000045,Zone 4,58.4,Zone 5,25.8,Zone 4,35.0,Zone 4,32.4,Zone 4,49.6,Zone 5,41.4,Zone 5,60.3,Zone 5,58.4,Zone 5,63.1,Zone 5
Delhi,North West Delhi,Pitampura,24.3,2026-03-09,00:45:00,91.0,2026-03-08,00:45:00,2026-03-09 01:02:57,26.05000000000001,Zone 4,58.5,Zone 5,26.4,Zone 4,35.5,Zone 4,32.9,Zone 4,49.8,Zone 5,41.5,Zone 5,60.4,Zone 5,58.5,Zone 5,63.1,Zone 5
Delhi,South Delhi,Lodi Road,21.4,2026-03-09,00:45:00,,,,2026-03-09 01:02:57,,,,,,,,,,,,,,,,,,,,
Delhi,South West Delhi,Ayanagar,19.2,2026-03-09,00:45:00,85.0,2026-03-08,00:45:00,2026-03-09 01:02:57,19.850000000000023,Zone 3,33.9,Zone 4,19.6,Zone 3,26.6,Zone 4,24.8,Zone 3,31.2,Zone 4,29.4,Zone 4,35.7,Zone 4,33.9,Zone 4,43.8,Zone 5
Delhi,South West Delhi,Jafarpur,20.0,2026-03-09,00:45:00,,,,2026-03-09 01:02:57,,,,,,,,,,,,,,,,,,,,
Delhi,South West Delhi,Najafgarh,22.3,2026-03-09,00:45:00,100.0,2026-03-08,00:45:00,2026-03-09 01:02:57,24.05000000000001,Zone 3,52.5,Zone 5,24.3,Zone 3,32.6,Zone 4,30.1,Zone 4,42.5,Zone 5,36.0,Zone 4,58.4,Zone 5,52.5,Zone 5,61.8,Zone 5
Goa,North Goa,Goa State Biodiversity Board,24.9,2026-03-09,00:45:00,99.0,2026-03-08,00:45:00,2026-03-09 01:02:57,27.650000000000034,Zone 4,61.3,Zone 5,27.9,Zone 4,41.7,Zone 5,35.0,Zone 4,59.3,Zone 5,53.2,Zone 5,62.6,Zone 5,61.3,Zone 5,65.1,Zone 5
Goa,North Goa,Mapusa,25.3,2026-03-09,00:45:00,,,,2026-03-09 01:02:57,,,,,,,,,,,,,,,,,,,,
Goa,North Goa,Pernem,23.9,2026-03-09,00:45:00,100.0,2026-03-08,00:45:00,2026-03-09 01:02:57,25.950000000000045,Zone 4,59.8,Zone 5,26.1,Zone 4,35.7,Zone 4,32.9,Zone 4,53.8,Zone 5,45.9,Zone 5,61.2,Zone 5,59.8,Zone 5,63.9,Zone 5
Gujarat,Ahmedabad,Ahmedabad,28.6,2026-03-09,00:45:00,41.0,2026-03-08,00:45:00,2026-03-09 01:02:57,28.650000000000034,Zone 4,41.7,Zone 4,28.5,Zone 4,35.5,Zone 4,33.2,Zone 4,39.8,Zone 4,37.6,Zone 4,43.8,Zone 4,41.7,Zone 4,57.5,Zone 5
Gujarat,Amreli,Jafrabad,28.8,2026-03-09,00:45:00,70.0,2026-03-08,00:45:00,2026-03-09 01:02:57,32.05000000000001,Zone 4,61.3,Zone 5,32.4,Zone 4,42.9,Zone 5,38.7,Zone 4,59.5,Zone 5,53.2,Zone 5,62.8,Zone 5,61.3,Zone 5,65.2,Zone 5
Gujarat,Amreli,Rajula,26.4,2026-03-09,00:45:00,58.0,2026-03-08,00:45:00,2026-03-09 01:02:57,27.05000000000001,Zone 4,41.9,Zone 4,27.2,Zone 4,34.9,Zone 4,32.4,Zone 4,39.6,Zone 4,37.3,Zone 4,49.7,Zone 5,41.9,Zone 4,59.9,Zone 5
Gujarat,Banaskantha,Dantewada Amfu,33.8,2026-03-09,00:45:00,67.0,2026-03-08,00:45:00,2026-03-09 01:02:57,46.55000000000001,Zone 5,68.3,Zone 5,49.1,Zone 5,64.4,Zone 5,62.3,Zone 5,67.3,Zone 5,65.9,Zone 5,69.3,Zone 5,68.3,Zone 5,70.8,Zone 5
Gujarat,Dahod,Dahod Kvk,21.3,2026-03-09,00:45:00,45.0,2026-03-08,00:45:00,2026-03-09 01:02:57,20.350000000000023,Zone 3,33.9,Zone 4,20.6,Zone 3,27.8,Zone 4,25.9,Zone 4,31.8,Zone 4,30.0,Zone 4,35.6,Zone 4,33.9,Zone 4,39.3,Zone 4
Gujarat,Dang,Dang Kvk,19.8,2026-03-09,00:45:00,52.0,2026-03-08,00:45:00,2026-03-09 01:02:57,18.850000000000023,Zone 3,32.8,Zone 4,19.1,Zone 3,26.6,Zone 4,24.8,Zone 3,30.7,Zone 4,28.9,Zone 4,34.5,Zone 4,32.8,Zone 4,38.2,Zone 4
Gujarat,Gandhinagar,Gandhinagar,26.0,2026-03-09,00:45:00,49.0,2026-03-08,00:45:00,2026-03-09 01:02:57,26.05000000000001,Zone 4,39.6,Zone 4,26.1,Zone 4,33.2,Zone 4,30.9,Zone 4,37.5,Zone 4,35.4,Zone 4,41.7,Zone 4,39.6,Zone 4,53.6,Zone 5
Gujarat,Kachchh,Bachau Amfu,26.3,2026-03-09,00:45:00,45.0,2026-03-08,00:45:00,2026-03-09 01:02:57,26.25,Zone 4,39.7,Zone 4,26.4,Zone 4,33.4,Zone 4,31.2,Zone 4,37.7,Zone 4,35.6,Zone 4,41.7,Zone 4,39.7,Zone 4,52.6,Zone 5
Gujarat,Kachchh,Kandla,26.3,2026-03-09,00:45:00,59.0,2026-03-08,00:45:00,2026-03-09 01:02:57,27.05000000000001,Zone 4,42.7,Zone 5,27.3,Zone 4,35.0,Zone 4,32.5,Zone 4,39.7,Zone 4,37.4,Zone 4,50.6,Zone 5,42.7,Zone 5,60.1,Zone 5
Gujarat,Panchmahal,Godra,,,,66.0,2026-03-08,00:45:00,2026-03-09 01:02:57,,,,,,,,,,,,,,,,,,,,
Gujarat,Patan,Patan,22.7,2026-03-09,00:45:00,52.0,2026-03-08,00:45:00,2026-03-09 01:02:57,22.350000000000023,Zone 3,35.6,Zone 4,22.2,Zone 3,29.2,Zone 4,27.2,Zone 4,33.4,Zone 4,31.5,Zone 4,37.4,Zone 4,35.6,Zone 4,41.2,Zone 4
Gujarat,Sabarkantha,Bayad,27.4,2026-03-09,00:45:00,33.0,2026-03-08,00:45:00,2026-03-09 01:02:57,26.75,Zone 4,39.2,Zone 4,26.9,Zone 4,33.4,Zone 4,31.2,Zone 4,37.4,Zone 4,35.3,Zone 4,41.1,Zone 4,39.2,Zone 4,46.4,Zone 5
Gujarat,Surat,Surat Kvk,28.9,2026-03-09,00:45:00,,,,2026-03-09 01:02:57,,,,,,,,,,,,,,,,,,,,
Gujarat,Surendranagar,Surendranagar,26.5,2026-03-09,00:45:00,32.0,2026-03-08,00:45:00,2026-03-09 01:02:57,25.75,Zone 4,37.9,Zone 4,25.8,Zone 4,32.3,Zone 4,30.1,Zone 4,36.1,Zone 4,34.1,Zone 4,39.8,Zone 4,37.9,Zone 4,43.4,Zone 4
Haryana,Bhiwani,Bhiwani,22.9,2026-03-09,00:45:00,,,,2026-03-09 01:02:57,,,,,,,,,,,,,,,,,,,,
Haryana,Gurgaon,Gurgaon,16.9,2026-03-09,00:45:00,99.0,2026-03-08,00:45:00,2026-03-09 01:02:57,17.650000000000034,Zone 3,32.2,Zone 4,17.8,Zone 3,24.9,Zone 3,23.6,Zone 3,29.4,Zone 4,27.6,Zone 4,33.9,Zone 4,32.2,Zone 4,40.8,Zone 5
Haryana,Gurgaon,Gurgaon Kvk,18.8,2026-03-09,00:45:00,59.0,2026-03-08,00:45:00,2026-03-09 01:02:57,18.05000000000001,Zone 3,32.2,Zone 4,18.3,Zone 3,25.8,Zone 4,24.2,Zone 3,29.9,Zone 4,28.2,Zone 4,33.9,Zone 4,32.2,Zone 4,37.6,Zone 4
Haryana,Jind,Pandu Pindara,21.2,2026-03-09,00:45:00,,,,2026-03-09 01:02:57,,,,,,,,,,,,,,,,,,,,
Haryana,Karnal,Uchani,21.6,2026-03-09,00:45:00,94.0,2026-03-08,00:45:00,2026-03-09 01:02:57,23.05000000000001,Zone 3,41.6,Zone 5,22.9,Zone 3,30.4,Zone 4,28.1,Zone 4,35.7,Zone 4,33.5,Zone 4,48.3,Zone 5,41.6,Zone 5,59.6,Zone 5
Haryana,Mahendragarh,Mahendragarh Aws,18.5,2026-03-09,00:45:00,99.0,2026-03-08,00:45:00,2026-03-09 01:02:57,19.650000000000034,Zone 3,34.2,Zone 4,19.6,Zone 3,26.4,Zone 4,24.7,Zone 3,31.4,Zone 4,29.5,Zone 4,36.1,Zone 4,34.2,Zone 4,48.5,Zone 5
Haryana,Mewat,Mandkola,19.3,2026-03-09,00:45:00,18.0,2026-03-08,00:45:00,2026-03-09 01:02:57,16.25,Zone 3,30.6,Zone 4,16.4,Zone 3,25.2,Zone 3,23.4,Zone 3,28.8,Zone 4,27.1,Zone 4,32.1,Zone 4,30.6,Zone 4,35.3,Zone 4
Haryana,Mewat,Nuh,23.2,2026-03-09,00:45:00,,,,2026-03-09 01:02:57,,,,,,,,,,,,,,,,,,,,
Haryana,Panipat,Ujha,24.0,2026-03-09,00:45:00,99.0,2026-03-08,00:45:00,2026-03-09 01:02:57,26.05000000000001,Zone 4,59.6,Zone 5,26.1,Zone 4,35.6,Zone 4,32.8,Zone 4,53.0,Zone 5,45.0,Zone 5,61.0,Zone 5,59.6,Zone 5,63.7,Zone 5
Haryana,Rohtak,Rohtak,21.3,2026-03-09,00:45:00,99.0,2026-03-08,00:45:00,2026-03-09 01:02:57,22.950000000000045,Zone 3,45.0,Zone 5,23.1,Zone 3,30.8,Zone 4,28.4,Zone 4,36.3,Zone 4,34.0,Zone 4,51.7,Zone 5,45.0,Zone 5,60.3,Zone 5
Haryana,Sirsa,Sirsa,18.9,2026-03-09,00:45:00,100.0,2026-03-08,00:45:00,2026-03-09 01:02:57,20.150000000000034,Zone 3,35.1,Zone 4,20.3,Zone 3,27.1,Zone 4,25.1,Zone 3,32.2,Zone 4,30.2,Zone 4,37.5,Zone 5,35.1,Zone 4,51.8,Zone 5
Himachal Pradesh,Bilaspur,Bilaspur Kvk,14.4,2026-03-09,00:45:00,100.0,2026-03-08,00:45:00,2026-03-09 01:02:57,14.550000000000011,Zone 3,29.2,Zone 4,14.6,Zone 3,23.1,Zone 3,21.5,Zone 3,26.5,Zone 4,25.1,Zone 3,30.7,Zone 4,29.2,Zone 4,34.8,Zone 4
Himachal Pradesh,Kullu,Seobagh Amfu,,,,54.0,2026-03-08,00:30:00,2026-03-09 01:02:57,,,,,,,,,,,,,,,,,,,,
Himachal Pradesh,Mandi,Sundernagar Kvk,16.3,2026-03-09,00:45:00,87.0,2026-03-08,00:45:00,2026-03-09 01:02:57,16.350000000000023,Zone 3,30.9,Zone 4,16.6,Zone 3,24.3,Zone 3,22.9,Zone 3,28.3,Zone 4,26.6,Zone 4,32.5,Zone 4,30.9,Zone 4,36.6,Zone 4
Himachal Pradesh,Solan,Kasauli,,,,13.0,2026-03-08,00:30:00,2026-03-09 01:02:57,,,,,,,,,,,,,,,,,,,,
Jammu And Kashmir,Anantnag,Anantnag,8.5,2026-03-09,00:30:00,77.0,2026-03-08,00:30:00,2026-03-09 01:02:57,7.850000000000023,Zone 2,24.1,Zone 3,7.8,Zone 2,17.7,Zone 3,15.7,Zone 3,22.1,Zone 3,21.0,Zone 3,24.8,Zone 3,24.1,Zone 3,27.9,Zone 4
Jammu And Kashmir,Anantnag,Khudwani,9.1,2026-03-09,00:45:00,85.0,2026-03-08,00:45:00,2026-03-09 01:02:57,8.650000000000034,Zone 2,24.4,Zone 3,8.6,Zone 2,18.3,Zone 3,16.4,Zone 3,22.5,Zone 3,21.4,Zone 3,25.1,Zone 3,24.4,Zone 3,28.5,Zone 4
Jammu And Kashmir,Anantnag,Larnoo,5.9,2026-03-09,00:45:00,99.0,2026-03-08,00:45:00,2026-03-09 01:02:57,5.850000000000023,Zone 2,23.0,Zone 3,6.0,Zone 2,15.9,Zone 3,14.0,Zone 2,20.8,Zone 3,19.7,Zone 3,23.8,Zone 3,23.0,Zone 3,26.2,Zone 4
Jammu And Kashmir,Anantnag,Pahalgam,6.0,2026-03-09,00:30:00,75.0,2026-03-08,00:30:00,2026-03-09 01:02:57,5.350000000000023,Zone 2,22.8,Zone 3,5.4,Zone 2,15.5,Zone 3,13.6,Zone 2,20.5,Zone 3,19.3,Zone 3,23.6,Zone 3,22.8,Zone 3,25.9,Zone 4
Jammu And Kashmir,Badgam,Harran,9.8,2026-03-09,00:30:00,74.0,2026-03-08,00:30:00,2026-03-09 01:02:57,8.950000000000045,Zone 2,24.8,Zone 3,9.2,Zone 2,18.9,Zone 3,17.0,Zone 3,23.0,Zone 3,21.9,Zone 3,25.6,Zone 4,24.8,Zone 3,29.2,Zone 4
Jammu And Kashmir,Bandipora,Bandipora,9.5,2026-03-09,00:45:00,,,,2026-03-09 01:02:57,,,,,,,,,,,,,,,,,,,,
Jammu And Kashmir,Baramulla,Baramulla Amfu,22.1,2026-03-09,00:30:00,78.0,2026-03-08,00:30:00,2026-03-09 01:02:57,22.950000000000045,Zone 3,37.6,Zone 4,22.8,Zone 3,30.1,Zone 4,27.9,Zone 4,34.9,Zone 4,32.9,Zone 4,40.6,Zone 5,37.6,Zone 4,54.9,Zone 5
Jammu And Kashmir,Baramulla,Baramulla Kvk,10.3,2026-03-09,00:45:00,62.0,2026-03-08,00:45:00,2026-03-09 01:02:57,9.050000000000011,Zone 2,24.9,Zone 3,9.3,Zone 2,19.1,Zone 3,17.1,Zone 3,23.2,Zone 3,22.0,Zone 3,25.9,Zone 4,24.9,Zone 3,29.3,Zone 4
Jammu And Kashmir,Baramulla,Gulmarg,5.9,2026-03-09,00:45:00,37.0,2026-03-08,00:45:00,2026-03-09 01:02:57,4.25,Zone 2,22.5,Zone 3,4.3,Zone 2,14.8,Zone 3,12.9,Zone 2,20.1,Zone 3,18.8,Zone 3,23.3,Zone 3,22.5,Zone 3,25.4,Zone 4
Jammu And Kashmir,Ganderbal,Ganderbal,12.6,2026-03-09,01:00:00,41.0,2026-03-08,01:00:00,2026-03-09 01:02:57,10.550000000000011,Zone 2,25.8,Zone 4,10.4,Zone 2,20.3,Zone 3,18.3,Zone 3,24.1,Zone 3,22.9,Zone 3,27.1,Zone 4,25.8,Zone 4,30.5,Zone 4
Jammu And Kashmir,Ganderbal,Sonemarg,5.2,2026-03-09,00:45:00,85.0,2026-03-08,00:45:00,2026-03-09 01:02:57,4.850000000000023,Zone 2,22.4,Zone 3,4.6,Zone 2,14.8,Zone 3,13.0,Zone 2,20.0,Zone 3,18.8,Zone 3,23.2,Zone 3,22.4,Zone 3,25.2,Zone 3
Jammu And Kashmir,Jammu,Chatha Amfu,19.8,2026-03-09,00:45:00,91.0,2026-03-08,00:45:00,2026-03-09 01:02:57,20.850000000000023,Zone 3,35.8,Zone 4,21.1,Zone 3,28.1,Zone 4,26.0,Zone 4,33.0,Zone 4,31.0,Zone 4,37.9,Zone 5,35.8,Zone 4,52.2,Zone 5
Jammu And Kashmir,Kathua,Kathua Kvk,19.9,2026-03-09,00:45:00,100.0,2026-03-08,00:45:00,2026-03-09 01:02:57,21.350000000000023,Zone 3,36.9,Zone 5,21.5,Zone 3,28.5,Zone 4,26.3,Zone 4,33.7,Zone 4,31.7,Zone 4,42.9,Zone 5,36.9,Zone 5,57.0,Zone 5
Jammu And Kashmir,Kishtwar,Gulabgarh,4.7,2026-03-09,01:00:00,53.0,2026-03-08,01:00:00,2026-03-09 01:02:57,3.5500000000000114,Zone 2,21.9,Zone 3,3.4,Zone 2,13.9,Zone 2,12.2,Zone 2,19.3,Zone 3,18.0,Zone 3,22.7,Zone 3,21.9,Zone 3,24.9,Zone 3
Jammu And Kashmir,Kishtwar,Kishtwar,14.6,2026-03-09,00:45:00,52.0,2026-03-08,00:45:00,2026-03-09 01:02:57,12.850000000000023,Zone 2,27.7,Zone 4,12.7,Zone 2,22.1,Zone 3,20.3,Zone 3,25.4,Zone 4,24.3,Zone 3,29.1,Zone 4,27.7,Zone 4,32.6,Zone 4
Jammu And Kashmir,Kulgam,Kulgam Amfu,13.9,2026-03-09,00:45:00,61.0,2026-03-08,00:45:00,2026-03-09 01:02:57,12.450000000000045,Zone 2,27.5,Zone 4,12.6,Zone 2,21.9,Zone 3,20.1,Zone 3,25.2,Zone 3,24.2,Zone 3,28.9,Zone 4,27.5,Zone 4,32.5,Zone 4
Jammu And Kashmir,Kupwara,Kupw Kvk,9.7,2026-03-09,00:45:00,72.0,2026-03-08,00:45:00,2026-03-09 01:02:57,8.850000000000023,Zone 2,24.5,Zone 3,8.6,Zone 2,18.5,Zone 3,16.5,Zone 3,22.7,Zone 3,21.6,Zone 3,25.2,Zone 3,24.5,Zone 3,28.7,Zone 4
Jammu And Kashmir,Poonch,Rajpura Mandi,14.6,2026-03-09,00:30:00,37.0,2026-03-08,00:30:00,2026-03-09 01:02:57,12.25,Zone 2,27.3,Zone 4,12.1,Zone 2,21.8,Zone 3,19.8,Zone 3,25.2,Zone 3,24.1,Zone 3,28.7,Zone 4,27.3,Zone 4,32.0,Zone 4
Jammu And Kashmir,Pulwama,Tral,12.0,2026-03-09,00:45:00,64.0,2026-03-08,00:45:00,2026-03-09 01:02:57,10.75,Zone 2,25.9,Zone 4,10.8,Zone 2,20.4,Zone 3,18.5,Zone 3,24.1,Zone 3,23.0,Zone 3,27.2,Zone 4,25.9,Zone 4,30.7,Zone 4
Jammu And Kashmir,Rajouri,Rajouri Arg,15.2,2026-03-09,01:00:00,42.0,2026-03-08,01:00:00,2026-03-09 01:02:57,12.950000000000045,Zone 2,27.8,Zone 4,12.8,Zone 2,22.3,Zone 3,20.4,Zone 3,25.7,Zone 4,24.5,Zone 3,29.2,Zone 4,27.8,Zone 4,32.6,Zone 4
Jammu And Kashmir,Ramban,Govindpura,18.3,2026-03-09,00:45:00,56.0,2026-03-08,00:45:00,2026-03-09 01:02:57,17.25,Zone 3,31.5,Zone 4,17.5,Zone 3,25.2,Zone 3,23.7,Zone 3,29.3,Zone 4,27.6,Zone 4,33.1,Zone 4,31.5,Zone 4,36.8,Zone 4
Jammu And Kashmir,Reasi,Reasi Kvk,17.5,2026-03-09,00:45:00,96.0,2026-03-08,00:45:00,2026-03-09 01:02:57,18.25,Zone 3,32.6,Zone 4,18.3,Zone 3,25.2,Zone 3,23.9,Zone 3,29.9,Zone 4,28.1,Zone 4,34.4,Zone 4,32.6,Zone 4,41.9,Zone 5
Jammu And Kashmir,Samba,Samba,15.5,2026-03-09,01:00:00,94.0,2026-03-08,01:00:00,2026-03-09 01:02:57,15.650000000000034,Zone 3,30.1,Zone 4,15.6,Zone 3,23.7,Zone 3,22.2,Zone 3,27.4,Zone 4,25.8,Zone 4,31.7,Zone 4,30.1,Zone 4,35.7,Zone 4
Jammu And Kashmir,Shopian,Shopian,10.5,2026-03-09,00:45:00,49.0,2026-03-08,00:45:00,2026-03-09 01:02:57,8.850000000000023,Zone 2,24.8,Zone 3,8.9,Zone 2,18.9,Zone 3,16.8,Zone 3,23.0,Zone 3,21.8,Zone 3,25.7,Zone 4,24.8,Zone 3,29.0,Zone 4
Jammu And Kashmir,Srinagar,Srinagar Amfu,10.6,2026-03-09,00:30:00,67.0,2026-03-08,00:30:00,2026-03-09 01:02:57,9.550000000000011,Zone 2,24.9,Zone 3,9.4,Zone 2,19.2,Zone 3,17.2,Zone 3,23.2,Zone 3,22.1,Zone 3,26.0,Zone 4,24.9,Zone 3,29.4,Zone 4
Jammu And Kashmir,Srinagar,Srinagar Tdma Test,28.4,2026-03-09,00:45:00,58.0,2026-03-08,00:45:00,2026-03-09 01:02:57,29.850000000000023,Zone 4,53.2,Zone 5,30.0,Zone 4,38.1,Zone 4,35.5,Zone 4,44.8,Zone 5,40.6,Zone 4,59.3,Zone 5,53.2,Zone 5,62.2,Zone 5
Jammu And Kashmir,Udhampur,Kawa,17.2,2026-03-09,00:30:00,100.0,2026-03-08,00:30:00,2026-03-09 01:02:57,18.05000000000001,Zone 3,32.2,Zone 4,17.8,Zone 3,24.9,Zone 3,23.6,Zone 3,29.4,Zone 4,27.6,Zone 4,33.9,Zone 4,32.2,Zone 4,41.3,Zone 5
Jharkhand,Gumla,Gumla-Bishnupur Kvk,17.8,2026-03-09,00:45:00,94.0,2026-03-08,00:45:00,2026-03-09 01:02:57,18.55000000000001,Zone 3,33.2,Zone 4,18.8,Zone 3,25.7,Zone 4,24.2,Zone 3,30.4,Zone 4,28.6,Zone 4,34.9,Zone 4,33.2,Zone 4,43.4,Zone 5
Jharkhand,Khunti,Diyakel-Khunti Kvk,22.7,2026-03-09,00:45:00,,,,2026-03-09 01:02:57,,,,,,,,,,,,,,,,,,,,
Jharkhand,Lohardaga,Lohardaga Kvk,22.7,2026-03-09,00:45:00,,,,2026-03-09 01:02:57,,,,,,,,,,,,,,,,,,,,
Jharkhand,Pakur,Pakur Kvk,21.8,2026-03-09,00:45:00,,,,2026-03-09 01:02:57,,,,,,,,,,,,,,,,,,,,
Jharkhand,Ramgarh,Ramgarh Kvk,,,,100.0,2026-03-08,00:45:00,2026-03-09 01:02:57,,,,,,,,,,,,,,,,,,,,
Jharkhand,Simdega,Bano-Simdega Kvk,22.1,2026-03-09,00:45:00,79.0,2026-03-08,00:45:00,2026-03-09 01:02:57,22.950000000000045,Zone 3,37.7,Zone 4,22.9,Zone 3,30.2,Zone 4,27.9,Zone 4,35.0,Zone 4,33.0,Zone 4,41.2,Zone 5,37.7,Zone 4,55.5,Zone 5
Jharkhand,West Singhbhum,Jagannathpur-Bau Kvk,24.0,2026-03-09,00:45:00,,,,2026-03-09 01:02:57,,,,,,,,,,,,,,,,,,,,
Karnataka,Bagalkot,Bagalkot Kvk,21.8,2026-03-09,00:45:00,46.0,2026-03-08,00:45:00,2026-03-09 01:02:57,20.950000000000045,Zone 3,34.5,Zone 4,21.2,Zone 3,28.4,Zone 4,26.4,Zone 4,32.4,Zone 4,30.6,Zone 4,36.3,Zone 4,34.5,Zone 4,39.9,Zone 4
Karnataka,Bangalore Urban,Bangalore,23.8,2026-03-09,01:00:00,59.0,2026-03-08,01:00:00,2026-03-09 01:02:57,24.05000000000001,Zone 3,38.2,Zone 4,24.3,Zone 3,31.5,Zone 4,29.2,Zone 4,36.0,Zone 4,33.9,Zone 4,40.2,Zone 4,38.2,Zone 4,52.0,Zone 5
Karnataka,Bangalore Urban,Electronic City(Nice),23.0,2026-03-09,01:00:00,55.0,2026-03-08,01:00:00,2026-03-09 01:02:57,22.950000000000045,Zone 3,36.5,Zone 4,22.9,Zone 3,30.0,Zone 4,27.9,Zone 4,34.3,Zone 4,32.3,Zone 4,38.4,Zone 4,36.5,Zone 4,44.7,Zone 5
Karnataka,Bangalore Urban,Gopal Nagar,23.2,2026-03-09,00:45:00,67.0,2026-03-08,00:45:00,2026-03-09 01:02:57,23.75,Zone 3,37.8,Zone 4,23.5,Zone 3,30.7,Zone 4,28.5,Zone 4,35.4,Zone 4,33.3,Zone 4,39.8,Zone 4,37.8,Zone 4,52.8,Zone 5
Karnataka,Bangalore Urban,Madhavara(Nice),24.2,2026-03-09,00:45:00,47.0,2026-03-08,00:45:00,2026-03-09 01:02:57,23.950000000000045,Zone 3,36.8,Zone 4,23.7,Zone 3,30.6,Zone 4,28.5,Zone 4,34.8,Zone 4,32.8,Zone 4,38.7,Zone 4,36.8,Zone 4,43.4,Zone 5
Karnataka,Bellary,Hagari Kvk,27.2,2026-03-09,01:00:00,39.0,2026-03-08,01:00:00,2026-03-09 01:02:57,26.850000000000023,Zone 4,39.4,Zone 4,26.7,Zone 4,33.5,Zone 4,31.2,Zone 4,37.5,Zone 4,35.4,Zone 4,41.4,Zone 4,39.4,Zone 4,49.7,Zone 5
Karnataka,Bijapur,Tidagundi Amfu,26.5,2026-03-09,00:45:00,36.0,2026-03-08,00:45:00,2026-03-09 01:02:57,25.950000000000045,Zone 4,38.4,Zone 4,26.0,Zone 4,32.6,Zone 4,30.4,Zone 4,36.6,Zone 4,34.5,Zone 4,40.4,Zone 4,38.4,Zone 4,45.1,Zone 5
Karnataka,Gadag,Gadag,24.8,2026-03-09,00:45:00,40.0,2026-03-08,00:45:00,2026-03-09 01:02:57,24.25,Zone 3,37.2,Zone 4,24.5,Zone 3,31.3,Zone 4,29.1,Zone 4,35.3,Zone 4,33.3,Zone 4,39.1,Zone 4,37.2,Zone 4,42.8,Zone 4
Karnataka,Gulbarga,Raddewadgi,23.8,2026-03-09,00:45:00,42.0,2026-03-08,00:45:00,2026-03-09 01:02:57,23.150000000000034,Zone 3,36.3,Zone 4,23.4,Zone 3,30.3,Zone 4,28.2,Zone 4,34.3,Zone 4,32.4,Zone 4,38.2,Zone 4,36.3,Zone 4,41.8,Zone 4
Karnataka,Kolar,Kgf (Kolar),21.6,2026-03-09,00:30:00,80.0,2026-03-08,00:30:00,2026-03-09 01:02:57,22.450000000000045,Zone 3,37.0,Zone 4,22.3,Zone 3,29.5,Zone 4,27.4,Zone 4,34.4,Zone 4,32.3,Zone 4,39.3,Zone 5,37.0,Zone 4,53.6,Zone 5
Karnataka,Kolar,Tamaka Kvk,20.1,2026-03-09,00:45:00,76.0,2026-03-08,00:45:00,2026-03-09 01:02:57,20.55000000000001,Zone 3,34.5,Zone 4,20.4,Zone 3,27.4,Zone 4,25.4,Zone 4,32.0,Zone 4,30.1,Zone 4,36.3,Zone 4,34.5,Zone 4,43.8,Zone 5
Karnataka,Koppal,Koppal,30.9,2026-03-09,01:00:00,28.0,2026-03-08,01:00:00,2026-03-09 01:02:57,30.05000000000001,Zone 4,42.4,Zone 4,30.2,Zone 4,36.8,Zone 4,34.5,Zone 4,40.8,Zone 4,38.5,Zone 4,44.5,Zone 4,42.4,Zone 4,55.1,Zone 5
Karnataka,Mandya,Mandya Kvk,22.7,2026-03-09,00:45:00,93.0,2026-03-08,00:45:00,2026-03-09 01:02:57,24.25,Zone 3,47.2,Zone 5,24.0,Zone 3,32.0,Zone 4,29.6,Zone 4,37.6,Zone 5,35.2,Zone 4,53.9,Zone 5,47.2,Zone 5,60.8,Zone 5
Karnataka,Ramanagara,Chandurayanghalli Kvk,23.1,2026-03-09,00:45:00,39.0,2026-03-08,00:45:00,2026-03-09 01:02:57,22.150000000000034,Zone 3,35.0,Zone 4,22.0,Zone 3,29.1,Zone 4,27.1,Zone 4,33.0,Zone 4,31.2,Zone 4,36.8,Zone 4,35.0,Zone 4,40.3,Zone 4
Karnataka,Tumkur,Chikkanakalli,19.8,2026-03-09,01:00:00,59.0,2026-03-08,01:00:00,2026-03-09 01:02:57,19.25,Zone 3,33.3,Zone 4,19.5,Zone 3,26.8,Zone 4,25.0,Zone 3,31.0,Zone 4,29.2,Zone 4,35.0,Zone 4,33.3,Zone 4,38.8,Zone 4
Kerala,Ernakulam,Boat Jetty Kgov,27.8,2026-03-09,00:45:00,100.0,2026-03-08,00:45:00,2026-03-09 01:02:57,35.05000000000001,Zone 5,66.7,Zone 5,37.1,Zone 5,61.9,Zone 5,59.8,Zone 5,65.3,Zone 5,63.9,Zone 5,67.7,Zone 5,66.7,Zone 5,69.4,Zone 5
Kerala,Ernakulam,Dhground Kgov,27.6,2026-03-09,00:45:00,100.0,2026-03-08,00:45:00,2026-03-09 01:02:57,34.450000000000045,Zone 4,65.8,Zone 5,34.1,Zone 4,60.7,Zone 5,57.3,Zone 5,64.3,Zone 5,62.9,Zone 5,66.9,Zone 5,65.8,Zone 5,68.7,Zone 5
Kerala,Ernakulam,Kadavanthra Kgov,27.3,2026-03-09,00:45:00,100.0,2026-03-08,00:45:00,2026-03-09 01:02:57,33.55000000000001,Zone 4,65.8,Zone 5,34.1,Zone 4,60.7,Zone 5,57.3,Zone 5,64.3,Zone 5,62.9,Zone 5,66.9,Zone 5,65.8,Zone 5,68.7,Zone 5
Kerala,Malappuram,Thavanur Kvk,27.2,2026-03-09,00:45:00,92.0,2026-03-08,00:45:00,2026-03-09 01:02:57,31.850000000000023,Zone 4,63.2,Zone 5,31.4,Zone 4,52.4,Zone 5,42.1,Zone 5,61.5,Zone 5,59.8,Zone 5,64.5,Zone 5,63.2,Zone 5,66.6,Zone 5
Kerala,Palakkad,Pattambi Kvk,26.8,2026-03-09,00:45:00,92.0,2026-03-08,00:45:00,2026-03-09 01:02:57,30.950000000000045,Zone 4,63.2,Zone 5,31.4,Zone 4,52.4,Zone 5,42.1,Zone 5,61.5,Zone 5,59.8,Zone 5,64.5,Zone 5,63.2,Zone 5,66.6,Zone 5
Ladakh,Kargil,Garkon,8.7,2026-03-09,00:45:00,31.0,2026-03-08,00:45:00,2026-03-09 01:02:57,6.650000000000034,Zone 2,23.6,Zone 3,6.4,Zone 2,16.8,Zone 3,14.6,Zone 3,21.6,Zone 3,20.3,Zone 3,24.4,Zone 3,23.6,Zone 3,27.2,Zone 4
Ladakh,Kargil,Kargil,5.3,2026-03-09,00:45:00,41.0,2026-03-08,00:45:00,2026-03-09 01:02:57,3.8500000000000227,Zone 2,22.2,Zone 3,4.0,Zone 2,14.5,Zone 3,12.6,Zone 2,19.8,Zone 3,18.5,Zone 3,23.1,Zone 3,22.2,Zone 3,25.2,Zone 3
Ladakh,Kargil,Padum Kvk,-1.5,2026-03-09,00:45:00,55.0,2026-03-08,00:45:00,2026-03-09 01:02:57,-2.25,Zone 2,18.8,Zone 3,-2.2,Zone 2,9.7,Zone 2,8.1,Zone 2,15.3,Zone 3,14.0,Zone 3,19.6,Zone 3,18.8,Zone 3,22.4,Zone 3
Ladakh,Leh,Chuchot Yokma,3.1,2026-03-09,00:45:00,23.0,2026-03-08,00:45:00,2026-03-09 01:02:57,1.3500000000000227,Zone 2,20.8,Zone 3,1.3,Zone 2,12.5,Zone 2,10.7,Zone 2,18.0,Zone 3,16.6,Zone 3,21.7,Zone 3,20.8,Zone 3,24.1,Zone 3
Ladakh,Leh,Khaltse,5.6,2026-03-09,01:00:00,31.0,2026-03-08,01:00:00,2026-03-09 01:02:57,3.8500000000000227,Zone 2,22.1,Zone 3,3.7,Zone 2,14.3,Zone 3,12.5,Zone 2,19.7,Zone 3,18.3,Zone 3,23.0,Zone 3,22.1,Zone 3,25.1,Zone 3
Ladakh,Leh,Leh Amfu,3.0,2026-03-09,00:45:00,38.0,2026-03-08,00:45:00,2026-03-09 01:02:57,1.650000000000034,Zone 2,21.0,Zone 3,1.6,Zone 2,12.7,Zone 2,10.9,Zone 2,18.1,Zone 3,16.8,Zone 3,21.8,Zone 3,21.0,Zone 3,24.2,Zone 3
Ladakh,Leh,Mc Leh,1.4,2026-03-09,01:00:00,24.0,2026-03-08,01:00:00,2026-03-09 01:02:57,-0.14999999999997726,Zone 2,20.1,Zone 3,-0.0,Zone 2,11.5,Zone 2,9.7,Zone 2,17.0,Zone 3,15.7,Zone 3,20.9,Zone 3,20.1,Zone 3,23.5,Zone 3
Ladakh,Leh,Nubra Hunder,3.2,2026-03-09,00:45:00,29.0,2026-03-08,00:45:00,2026-03-09 01:02:57,1.5500000000000114,Zone 2,20.9,Zone 3,1.4,Zone 2,12.5,Zone 2,10.8,Zone 2,18.0,Zone 3,16.7,Zone 3,21.7,Zone 3,20.9,Zone 3,24.1,Zone 3
Ladakh,Leh,Nyoma Kvk,-1.3,2026-03-09,00:45:00,27.0,2026-03-08,00:45:00,2026-03-09 01:02:57,-2.5499999999999545,Zone 2,18.5,Zone 3,-2.7,Zone 2,9.5,Zone 2,7.8,Zone 2,15.0,Zone 3,13.8,Zone 2,19.4,Zone 3,18.5,Zone 3,22.3,Zone 3
Ladakh,Leh,Tangtse Durbuk,-1.5,2026-03-09,00:45:00,34.0,2026-03-08,00:45:00,2026-03-09 01:02:57,-2.5499999999999545,Zone 2,18.6,Zone 3,-2.6,Zone 2,9.5,Zone 2,7.9,Zone 2,15.1,Zone 3,13.8,Zone 2,19.4,Zone 3,18.6,Zone 3,22.3,Zone 3
Ladakh,Leh,Upshi,0.5,2026-03-09,00:45:00,51.0,2026-03-08,00:45:00,2026-03-09 01:02:57,-0.44999999999998863,Zone 2,19.8,Zone 3,-0.4,Zone 2,11.1,Zone 2,9.5,Zone 2,16.6,Zone 3,15.3,Zone 3,20.6,Zone 3,19.8,Zone 3,23.2,Zone 3
Madhya Pradesh,Barwani,Talun Kvk,19.0,2026-03-09,00:45:00,56.0,2026-03-08,00:45:00,2026-03-09 01:02:57,18.150000000000034,Zone 3,32.0,Zone 4,18.1,Zone 3,25.7,Zone 4,24.1,Zone 3,29.8,Zone 4,28.1,Zone 4,33.7,Zone 4,32.0,Zone 4,37.4,Zone 4
Madhya Pradesh,Betul,Betul,,,,71.0,2026-03-08,00:45:00,2026-03-09 01:02:57,,,,,,,,,,,,,,,,,,,,
Madhya Pradesh,Bhopal,Berasia,20.8,2026-03-09,00:45:00,53.0,2026-03-08,00:45:00,2026-03-09 01:02:57,20.150000000000034,Zone 3,34.0,Zone 4,20.4,Zone 3,27.6,Zone 4,25.7,Zone 4,31.8,Zone 4,30.0,Zone 4,35.7,Zone 4,34.0,Zone 4,39.5,Zone 4
Madhya Pradesh,Bhopal,Islamnagar,18.5,2026-03-09,01:00:00,73.0,2026-03-08,01:00:00,2026-03-09 01:02:57,18.350000000000023,Zone 3,32.5,Zone 4,18.4,Zone 3,25.6,Zone 4,24.1,Zone 3,30.0,Zone 4,28.3,Zone 4,34.2,Zone 4,32.5,Zone 4,38.1,Zone 4
Madhya Pradesh,Bhopal ,Bhopal,23.7,2026-03-09,00:45:00,51.0,2026-03-08,00:45:00,2026-03-09 01:02:57,23.55000000000001,Zone 3,36.7,Zone 4,23.3,Zone 3,30.3,Zone 4,28.2,Zone 4,34.5,Zone 4,32.6,Zone 4,38.6,Zone 4,36.7,Zone 4,44.1,Zone 5
Madhya Pradesh,Datia,Datia,19.8,2026-03-09,00:45:00,83.0,2026-03-08,00:45:00,2026-03-09 01:02:57,20.450000000000045,Zone 3,35.1,Zone 4,20.7,Zone 3,27.7,Zone 4,25.7,Zone 4,32.5,Zone 4,30.5,Zone 4,37.0,Zone 4,35.1,Zone 4,47.7,Zone 5
Madhya Pradesh,Dewas,Kannod,24.6,2026-03-09,00:45:00,30.0,2026-03-08,00:45:00,2026-03-09 01:02:57,23.450000000000045,Zone 3,35.7,Zone 4,23.4,Zone 3,30.1,Zone 4,28.1,Zone 4,33.9,Zone 4,32.0,Zone 4,37.5,Zone 4,35.7,Zone 4,40.9,Zone 4
Madhya Pradesh,Dhar,Dhar,22.8,2026-03-09,00:45:00,31.0,2026-03-08,00:45:00,2026-03-09 01:02:57,21.350000000000023,Zone 3,34.3,Zone 4,21.6,Zone 3,28.7,Zone 4,26.7,Zone 4,32.5,Zone 4,30.7,Zone 4,36.0,Zone 4,34.3,Zone 4,39.5,Zone 4
Madhya Pradesh,Hoshangabad,Hoshangabad,19.5,2026-03-09,00:45:00,83.0,2026-03-08,00:45:00,2026-03-09 01:02:57,20.150000000000034,Zone 3,34.4,Zone 4,20.1,Zone 3,27.1,Zone 4,25.1,Zone 3,31.8,Zone 4,29.9,Zone 4,36.2,Zone 4,34.4,Zone 4,45.2,Zone 5
Madhya Pradesh,Khandwa,Khandwa Kvk,20.7,2026-03-09,00:45:00,,,,2026-03-09 01:02:57,,,,,,,,,,,,,,,,,,,,
Madhya Pradesh,Mandsaur,Mandsour,16.8,2026-03-09,00:45:00,69.0,2026-03-08,00:45:00,2026-03-09 01:02:57,16.05000000000001,Zone 3,30.6,Zone 4,16.3,Zone 3,24.4,Zone 3,22.8,Zone 3,28.2,Zone 4,26.6,Zone 4,32.2,Zone 4,30.6,Zone 4,36.0,Zone 4
Madhya Pradesh,Morena,Morena Amfu,21.4,2026-03-09,00:45:00,76.0,2026-03-08,00:45:00,2026-03-09 01:02:57,22.05000000000001,Zone 3,36.6,Zone 4,22.2,Zone 3,29.3,Zone 4,27.2,Zone 4,34.0,Zone 4,32.0,Zone 4,38.5,Zone 4,36.6,Zone 4,51.2,Zone 5
Madhya Pradesh,Narsinghpur,Narsinghpur,20.8,2026-03-09,00:45:00,65.0,2026-03-08,00:45:00,2026-03-09 01:02:57,20.75,Zone 3,34.9,Zone 4,21.0,Zone 3,28.1,Zone 4,26.1,Zone 4,32.5,Zone 4,30.6,Zone 4,36.7,Zone 4,34.9,Zone 4,42.1,Zone 5
Madhya Pradesh,Neemuch,Marukheda Kvk,20.4,2026-03-09,00:45:00,54.0,2026-03-08,00:45:00,2026-03-09 01:02:57,19.75,Zone 3,33.5,Zone 4,19.8,Zone 3,27.2,Zone 4,25.2,Zone 3,31.3,Zone 4,29.5,Zone 4,35.2,Zone 4,33.5,Zone 4,39.0,Zone 4
Madhya Pradesh,Niwari,Prithvipur,21.8,2026-03-09,00:45:00,60.0,2026-03-08,00:45:00,2026-03-09 01:02:57,21.75,Zone 3,35.7,Zone 4,22.0,Zone 3,29.1,Zone 4,27.0,Zone 4,33.4,Zone 4,31.5,Zone 4,37.6,Zone 4,35.7,Zone 4,43.5,Zone 5
Madhya Pradesh,Rajgarh,Rajgarh Kvk,15.9,2026-03-09,00:45:00,52.0,2026-03-08,00:45:00,2026-03-09 01:02:57,14.050000000000011,Zone 3,29.0,Zone 4,14.2,Zone 3,23.3,Zone 3,21.5,Zone 3,26.8,Zone 4,25.2,Zone 3,30.5,Zone 4,29.0,Zone 4,34.0,Zone 4
Madhya Pradesh,Rewa,Rewa Kvk,18.9,2026-03-09,00:45:00,,,,2026-03-09 01:02:57,,,,,,,,,,,,,,,,,,,,
Madhya Pradesh,Sagar,Sagar,16.6,2026-03-09,00:45:00,60.0,2026-03-08,00:45:00,2026-03-09 01:02:57,15.350000000000023,Zone 3,29.8,Zone 4,15.2,Zone 3,23.8,Zone 3,22.2,Zone 3,27.4,Zone 4,25.8,Zone 4,31.3,Zone 4,29.8,Zone 4,34.9,Zone 4
Madhya Pradesh,Sehore,Bhairunda,23.2,2026-03-09,00:45:00,,,,2026-03-09 01:02:57,,,,,,,,,,,,,,,,,,,,
Madhya Pradesh,Sehore,Sehore Amfu,17.7,2026-03-09,00:45:00,60.0,2026-03-08,00:45:00,2026-03-09 01:02:57,16.75,Zone 3,30.7,Zone 4,16.5,Zone 3,24.6,Zone 3,23.0,Zone 3,28.4,Zone 4,26.8,Zone 4,32.3,Zone 4,30.7,Zone 4,36.0,Zone 4
Madhya Pradesh,Shahdol,Kalyanpur Kvk,16.7,2026-03-09,00:45:00,78.0,2026-03-08,00:45:00,2026-03-09 01:02:57,16.450000000000045,Zone 3,30.5,Zone 4,16.1,Zone 3,24.2,Zone 3,22.7,Zone 3,28.0,Zone 4,26.3,Zone 4,32.1,Zone 4,30.5,Zone 4,36.0,Zone 4
Madhya Pradesh,Shajapur,Shajapur,16.7,2026-03-09,00:45:00,57.0,2026-03-08,00:45:00,2026-03-09 01:02:57,15.350000000000023,Zone 3,29.6,Zone 4,15.1,Zone 3,23.8,Zone 3,22.1,Zone 3,27.4,Zone 4,25.8,Zone 4,31.1,Zone 4,29.6,Zone 4,34.8,Zone 4
Madhya Pradesh,Sheopur,Sheopur,,,,61.0,2026-03-08,00:45:00,2026-03-09 01:02:57,,,,,,,,,,,,,,,,,,,,
Madhya Pradesh,Shivpuri,Shivpuri,22.9,2026-03-09,00:45:00,39.0,2026-03-08,00:45:00,2026-03-09 01:02:57,21.950000000000045,Zone 3,35.0,Zone 4,22.0,Zone 3,29.1,Zone 4,27.1,Zone 4,33.0,Zone 4,31.2,Zone 4,36.8,Zone 4,35.0,Zone 4,40.3,Zone 4
Madhya Pradesh,Ujjain,Tarana,22.5,2026-03-09,00:15:00,,,,2026-03-09 01:02:57,,,,,,,,,,,,,,,,,,,,
Madhya Pradesh,Vidisha,Vidisha,19.5,2026-03-09,00:45:00,62.0,2026-03-08,00:45:00,2026-03-09 01:02:57,19.05000000000001,Zone 3,32.9,Zone 4,19.1,Zone 3,26.4,Zone 4,24.6,Zone 3,30.6,Zone 4,28.8,Zone 4,34.6,Zone 4,32.9,Zone 4,38.5,Zone 4
Maharashtra,Akola,Akola Amfu,23.1,2026-03-09,00:45:00,26.0,2026-03-08,00:45:00,2026-03-09 01:02:57,21.350000000000023,Zone 3,33.9,Zone 4,21.3,Zone 3,28.5,Zone 4,26.5,Zone 4,32.1,Zone 4,30.4,Zone 4,35.6,Zone 4,33.9,Zone 4,39.0,Zone 4
Maharashtra,Buldhana,Lonar,25.2,2026-03-09,00:45:00,20.0,2026-03-08,00:45:00,2026-03-09 01:02:57,23.650000000000034,Zone 3,35.2,Zone 4,23.4,Zone 3,30.0,Zone 4,28.0,Zone 4,33.6,Zone 4,31.7,Zone 4,37.0,Zone 4,35.2,Zone 4,40.2,Zone 4
Maharashtra,Gondia,Tiroda,,,,53.0,2026-03-08,00:45:00,2026-03-09 01:02:57,,,,,,,,,,,,,,,,,,,,
Maharashtra,Kolhapur,Kolhapur Amfu,23.7,2026-03-09,00:45:00,100.0,2026-03-08,00:45:00,2026-03-09 01:02:57,25.650000000000034,Zone 4,58.9,Zone 5,25.3,Zone 3,34.6,Zone 4,31.9,Zone 4,50.0,Zone 5,42.0,Zone 5,60.4,Zone 5,58.9,Zone 5,63.2,Zone 5
Maharashtra,Mumbai Suburban,Bandra,27.1,2026-03-09,00:45:00,,,,2026-03-09 01:02:57,,,,,,,,,,,,,,,,,,,,
Maharashtra,Mumbai Suburban,Tata Power Chembur,27.2,2026-03-09,00:45:00,,,,2026-03-09 01:02:57,,,,,,,,,,,,,,,,,,,,
Maharashtra,Mumbai Suburban,Vidyavihar,27.9,2026-03-09,00:45:00,39.0,2026-03-08,00:45:00,2026-03-09 01:02:57,27.650000000000034,Zone 4,40.7,Zone 4,27.8,Zone 4,34.7,Zone 4,32.4,Zone 4,38.8,Zone 4,36.6,Zone 4,42.8,Zone 4,40.7,Zone 4,53.8,Zone 5
Maharashtra,Mumbai City,Mahalaxmi,27.7,2026-03-09,00:45:00,,,,2026-03-09 01:02:57,,,,,,,,,,,,,,,,,,,,
Maharashtra,Mumbai City,Mumbai Santa Cruz,26.6,2026-03-09,00:45:00,16.0,2026-03-08,00:45:00,2026-03-09 01:02:57,25.150000000000034,Zone 3,36.1,Zone 4,25.0,Zone 3,31.1,Zone 4,29.1,Zone 4,34.6,Zone 4,32.7,Zone 4,37.9,Zone 4,36.1,Zone 4,41.1,Zone 4
Maharashtra,Nagpur,Nagpur,23.7,2026-03-09,00:45:00,51.0,2026-03-08,00:45:00,2026-03-09 01:02:57,23.55000000000001,Zone 3,36.7,Zone 4,23.3,Zone 3,30.3,Zone 4,28.2,Zone 4,34.5,Zone 4,32.6,Zone 4,38.6,Zone 4,36.7,Zone 4,44.1,Zone 5
Maharashtra,Nagpur,Nagpur Kvk,22.2,2026-03-09,00:45:00,39.0,2026-03-08,00:45:00,2026-03-09 01:02:57,21.05000000000001,Zone 3,34.0,Zone 4,20.8,Zone 3,28.1,Zone 4,26.1,Zone 4,32.0,Zone 4,30.2,Zone 4,35.7,Zone 4,34.0,Zone 4,39.2,Zone 4
Maharashtra,Nanded,Nanded,24.2,2026-03-09,00:30:00,86.0,2026-03-08,00:30:00,2026-03-09 01:02:57,25.650000000000034,Zone 4,51.5,Zone 5,25.3,Zone 4,33.9,Zone 4,31.4,Zone 4,41.9,Zone 5,37.0,Zone 4,57.8,Zone 5,51.5,Zone 5,61.7,Zone 5
Maharashtra,Nashik,Kalwan,19.9,2026-03-09,00:45:00,,,,2026-03-09 01:02:57,,,,,,,,,,,,,,,,,,,,
Maharashtra,Nashik,Malegaon,23.7,2026-03-09,00:45:00,49.0,2026-03-08,00:45:00,2026-03-09 01:02:57,23.450000000000045,Zone 3,36.5,Zone 4,23.2,Zone 3,30.2,Zone 4,28.1,Zone 4,34.4,Zone 4,32.4,Zone 4,38.3,Zone 4,36.5,Zone 4,42.7,Zone 5
Maharashtra,Palghar,Palghar Kvk,27.5,2026-03-09,00:45:00,,,,2026-03-09 01:02:57,,,,,,,,,,,,,,,,,,,,
Maharashtra,Pune, Nimgiri Junnar,26.0,2026-03-09,00:45:00,,,,2026-03-09 01:02:57,,,,,,,,,,,,,,,,,,,,
Maharashtra,Pune,Ballalwadi Junnar,24.5,2026-03-09,00:45:00,22.0,2026-03-08,00:45:00,2026-03-09 01:02:57,22.850000000000023,Zone 3,34.9,Zone 4,22.9,Zone 3,29.6,Zone 4,27.7,Zone 4,33.3,Zone 4,31.4,Zone 4,36.7,Zone 4,34.9,Zone 4,40.0,Zone 4
Maharashtra,Pune,Cagmo Shivajinagar,22.8,2026-03-09,00:45:00,42.0,2026-03-08,00:45:00,2026-03-09 01:02:57,21.950000000000045,Zone 3,35.2,Zone 4,22.2,Zone 3,29.2,Zone 4,27.2,Zone 4,33.2,Zone 4,31.4,Zone 4,37.0,Zone 4,35.2,Zone 4,40.7,Zone 4
Maharashtra,Pune,Chinchwad Pune,25.5,2026-03-09,00:45:00,27.0,2026-03-08,00:45:00,2026-03-09 01:02:57,24.450000000000045,Zone 3,36.3,Zone 4,24.4,Zone 3,30.9,Zone 4,28.8,Zone 4,34.6,Zone 4,32.7,Zone 4,38.2,Zone 4,36.3,Zone 4,41.6,Zone 4
Maharashtra,Pune,Cme Dapodi,24.2,2026-03-09,00:45:00,40.0,2026-03-08,00:45:00,2026-03-09 01:02:57,23.55000000000001,Zone 3,36.1,Zone 4,23.3,Zone 3,30.2,Zone 4,28.1,Zone 4,34.2,Zone 4,32.2,Zone 4,38.0,Zone 4,36.1,Zone 4,41.6,Zone 4
Maharashtra,Pune,Dps Hadapsar Pune,23.6,2026-03-09,00:45:00,37.0,2026-03-08,00:45:00,2026-03-09 01:02:57,22.650000000000034,Zone 3,35.3,Zone 4,22.5,Zone 3,29.5,Zone 4,27.5,Zone 4,33.4,Zone 4,31.5,Zone 4,37.1,Zone 4,35.3,Zone 4,40.7,Zone 4
Maharashtra,Pune,Girivan,25.3,2026-03-09,00:45:00,25.0,2026-03-08,00:45:00,2026-03-09 01:02:57,24.05000000000001,Zone 3,36.1,Zone 4,24.3,Zone 3,30.7,Zone 4,28.7,Zone 4,34.4,Zone 4,32.5,Zone 4,37.9,Zone 4,36.1,Zone 4,41.3,Zone 4
Maharashtra,Pune,Gudhe Bhor,24.3,2026-03-09,00:45:00,,,,2026-03-09 01:02:57,,,,,,,,,,,,,,,,,,,,
Maharashtra,Pune,Khadakwadi Ambegaon,21.9,2026-03-09,00:45:00,32.0,2026-03-08,00:45:00,2026-03-09 01:02:57,20.25,Zone 3,33.5,Zone 4,20.4,Zone 3,27.8,Zone 4,25.9,Zone 4,31.6,Zone 4,29.8,Zone 4,35.1,Zone 4,33.5,Zone 4,38.6,Zone 4
Maharashtra,Pune,Khutbav Daund,20.9,2026-03-09,00:45:00,,,,2026-03-09 01:02:57,,,,,,,,,,,,,,,,,,,,
Maharashtra,Pune,Kurvande,22.7,2026-03-09,00:45:00,18.0,2026-03-08,00:45:00,2026-03-09 01:02:57,20.350000000000023,Zone 3,32.9,Zone 4,20.1,Zone 3,27.7,Zone 4,25.8,Zone 4,31.2,Zone 4,29.5,Zone 4,34.6,Zone 4,32.9,Zone 4,37.8,Zone 4
Maharashtra,Pune,Lavale,25.4,2026-03-09,00:45:00,29.0,2026-03-08,00:45:00,2026-03-09 01:02:57,24.350000000000023,Zone 3,36.5,Zone 4,24.5,Zone 3,31.0,Zone 4,29.0,Zone 4,34.8,Zone 4,32.9,Zone 4,38.4,Zone 4,36.5,Zone 4,41.8,Zone 4
Maharashtra,Pune,Lonikalbhor Haveli,19.2,2026-03-09,00:45:00,42.0,2026-03-08,00:45:00,2026-03-09 01:02:57,17.55000000000001,Zone 3,31.3,Zone 4,17.3,Zone 3,25.3,Zone 4,23.7,Zone 3,29.2,Zone 4,27.5,Zone 4,32.9,Zone 4,31.3,Zone 4,36.4,Zone 4
Maharashtra,Pune,Malin Ambegaon,20.7,2026-03-09,00:45:00,45.0,2026-03-08,00:45:00,2026-03-09 01:02:57,19.55000000000001,Zone 3,32.9,Zone 4,19.3,Zone 3,26.8,Zone 4,25.0,Zone 3,30.8,Zone 4,29.1,Zone 4,34.6,Zone 4,32.9,Zone 4,38.2,Zone 4
Maharashtra,Pune,Mti Pashan Pune,19.2,2026-03-09,00:45:00,50.0,2026-03-08,00:45:00,2026-03-09 01:02:57,18.05000000000001,Zone 3,31.7,Zone 4,17.8,Zone 3,25.5,Zone 4,23.9,Zone 3,29.5,Zone 4,27.8,Zone 4,33.3,Zone 4,31.7,Zone 4,36.9,Zone 4
Maharashtra,Pune,Narayangoan Krishi Kendra,24.6,2026-03-09,00:45:00,26.0,2026-03-08,00:45:00,2026-03-09 01:02:57,23.25,Zone 3,35.3,Zone 4,23.1,Zone 3,29.9,Zone 4,27.9,Zone 4,33.6,Zone 4,31.7,Zone 4,37.1,Zone 4,35.3,Zone 4,40.4,Zone 4
Maharashtra,Pune,Niasm Baramati,26.1,2026-03-09,00:30:00,28.0,2026-03-08,00:30:00,2026-03-09 01:02:57,25.25,Zone 3,36.9,Zone 4,25.1,Zone 3,31.4,Zone 4,29.4,Zone 4,35.2,Zone 4,33.3,Zone 4,38.8,Zone 4,36.9,Zone 4,42.2,Zone 4
Maharashtra,Pune,Pabal Shirur,19.8,2026-03-09,00:45:00,36.0,2026-03-08,00:45:00,2026-03-09 01:02:57,17.950000000000045,Zone 3,31.9,Zone 4,18.2,Zone 3,26.1,Zone 4,24.3,Zone 3,29.9,Zone 4,28.2,Zone 4,33.5,Zone 4,31.9,Zone 4,36.9,Zone 4
Maharashtra,Pune,Rajgurunagar,24.7,2026-03-09,00:45:00,28.0,2026-03-08,00:45:00,2026-03-09 01:02:57,23.450000000000045,Zone 3,35.5,Zone 4,23.2,Zone 3,30.0,Zone 4,28.0,Zone 4,33.7,Zone 4,31.8,Zone 4,37.3,Zone 4,35.5,Zone 4,40.7,Zone 4
Maharashtra,Pune,Rjspmcop Dudulgaon,27.1,2026-03-09,00:45:00,23.0,2026-03-08,00:45:00,2026-03-09 01:02:57,25.950000000000045,Zone 4,37.3,Zone 4,25.8,Zone 4,32.0,Zone 4,30.0,Zone 4,35.7,Zone 4,33.7,Zone 4,39.2,Zone 4,37.3,Zone 4,42.5,Zone 4
Maharashtra,Pune,Talegaon,22.7,2026-03-09,00:45:00,,,,2026-03-09 01:02:57,,,,,,,,,,,,,,,,,,,,
Maharashtra,Pune,Wadgaonsheri Pune,26.5,2026-03-09,00:45:00,25.0,2026-03-08,00:45:00,2026-03-09 01:02:57,25.450000000000045,Zone 4,37.1,Zone 4,25.5,Zone 4,31.7,Zone 4,29.6,Zone 4,35.4,Zone 4,33.5,Zone 4,38.9,Zone 4,37.1,Zone 4,42.3,Zone 4
Maharashtra,Pune,Walhe Purandar,25.0,2026-03-09,00:45:00,31.0,2026-03-08,00:45:00,2026-03-09 01:02:57,24.05000000000001,Zone 3,36.3,Zone 4,24.0,Zone 3,30.6,Zone 4,28.6,Zone 4,34.5,Zone 4,32.5,Zone 4,38.1,Zone 4,36.3,Zone 4,41.6,Zone 4
Maharashtra,Raigad,Iighq Newpanvel,27.0,2026-03-09,00:45:00,33.0,2026-03-08,00:45:00,2026-03-09 01:02:57,26.350000000000023,Zone 4,38.6,Zone 4,26.3,Zone 4,32.9,Zone 4,30.7,Zone 4,36.8,Zone 4,34.8,Zone 4,40.5,Zone 4,38.6,Zone 4,44.5,Zone 5
Maharashtra,Raigad,Iig Mo Alibag,25.6,2026-03-09,00:45:00,82.0,2026-03-08,00:45:00,2026-03-09 01:02:57,27.55000000000001,Zone 4,57.6,Zone 5,27.4,Zone 4,36.3,Zone 4,33.6,Zone 4,48.9,Zone 5,40.4,Zone 5,60.2,Zone 5,57.6,Zone 5,63.0,Zone 5
Maharashtra,Raigad,Karjat,23.5,2026-03-09,00:45:00,55.0,2026-03-08,00:45:00,2026-03-09 01:02:57,23.450000000000045,Zone 3,37.1,Zone 4,23.5,Zone 3,30.6,Zone 4,28.4,Zone 4,34.9,Zone 4,32.9,Zone 4,39.0,Zone 4,37.1,Zone 4,46.9,Zone 5
Maharashtra,Ratnagiri,Dapoli,20.4,2026-03-09,00:45:00,84.0,2026-03-08,00:45:00,2026-03-09 01:02:57,21.25,Zone 3,35.9,Zone 4,21.4,Zone 3,28.4,Zone 4,26.3,Zone 4,33.2,Zone 4,31.2,Zone 4,37.8,Zone 4,35.9,Zone 4,50.9,Zone 5
Maharashtra,Ratnagiri,Savarde(Golwane),21.2,2026-03-09,00:45:00,,,,2026-03-09 01:02:57,,,,,,,,,,,,,,,,,,,,
Maharashtra,Satara,Mahabaleshwar,22.1,2026-03-09,00:45:00,39.0,2026-03-08,00:45:00,2026-03-09 01:02:57,20.950000000000045,Zone 3,34.0,Zone 4,20.8,Zone 3,28.1,Zone 4,26.1,Zone 4,32.0,Zone 4,30.2,Zone 4,35.7,Zone 4,34.0,Zone 4,39.2,Zone 4
Maharashtra,Sindhudurg,Devgad,25.9,2026-03-09,00:45:00,99.0,2026-03-08,00:45:00,2026-03-09 01:02:57,29.75,Zone 4,63.0,Zone 5,30.0,Zone 4,50.9,Zone 5,40.9,Zone 5,61.2,Zone 5,59.5,Zone 5,64.2,Zone 5,63.0,Zone 5,66.5,Zone 5
Maharashtra,Sindhudurg,Mulde Amfu,24.7,2026-03-09,00:45:00,100.0,2026-03-08,00:45:00,2026-03-09 01:02:57,27.350000000000023,Zone 4,60.7,Zone 5,27.0,Zone 4,38.5,Zone 5,34.0,Zone 4,57.5,Zone 5,50.0,Zone 5,62.0,Zone 5,60.7,Zone 5,64.5,Zone 5
Maharashtra,Sindhudurg,Vaibhavwadi,24.0,2026-03-09,01:00:00,100.0,2026-03-08,01:00:00,2026-03-09 01:02:57,26.150000000000034,Zone 4,59.8,Zone 5,26.1,Zone 4,35.7,Zone 4,32.9,Zone 4,53.8,Zone 5,45.9,Zone 5,61.2,Zone 5,59.8,Zone 5,63.9,Zone 5
Maharashtra,Sindhudurg,Vengurla,23.9,2026-03-09,00:45:00,93.0,2026-03-08,00:45:00,2026-03-09 01:02:57,25.55000000000001,Zone 4,57.0,Zone 5,25.7,Zone 4,34.8,Zone 4,32.1,Zone 4,47.8,Zone 5,39.7,Zone 5,60.0,Zone 5,57.0,Zone 5,62.8,Zone 5
Maharashtra,Solapur,Mohol Kvk,20.6,2026-03-09,00:45:00,33.0,2026-03-08,00:45:00,2026-03-09 01:02:57,18.75,Zone 3,32.2,Zone 4,18.6,Zone 3,26.5,Zone 4,24.7,Zone 3,30.2,Zone 4,28.5,Zone 4,33.8,Zone 4,32.2,Zone 4,37.2,Zone 4
Maharashtra,Wardha,Wardha,24.8,2026-03-09,00:45:00,34.0,2026-03-08,00:45:00,2026-03-09 01:02:57,23.950000000000045,Zone 3,36.6,Zone 4,24.2,Zone 3,30.8,Zone 4,28.8,Zone 4,34.7,Zone 4,32.8,Zone 4,38.4,Zone 4,36.6,Zone 4,42.0,Zone 4
Manipur,Chandel,Chandel Kvk,16.1,2026-03-09,00:45:00,100.0,2026-03-08,00:45:00,2026-03-09 01:02:57,16.650000000000034,Zone 3,31.0,Zone 4,16.6,Zone 3,24.2,Zone 3,22.8,Zone 3,28.2,Zone 4,26.5,Zone 4,32.6,Zone 4,31.0,Zone 4,36.9,Zone 5
Manipur,Imphal East,Jiribam,22.7,2026-03-09,00:45:00,,,,2026-03-09 01:02:57,,,,,,,,,,,,,,,,,,,,
Manipur,Imphal West,Imphal Amfu,19.0,2026-03-09,00:45:00,99.0,2026-03-08,00:45:00,2026-03-09 01:02:57,20.25,Zone 3,35.0,Zone 4,20.2,Zone 3,27.1,Zone 4,25.1,Zone 3,32.1,Zone 4,30.1,Zone 4,37.0,Zone 5,35.0,Zone 4,51.3,Zone 5
Meghalaya,East Garo Hills,Williamnagar,19.2,2026-03-09,01:00:00,82.0,2026-03-08,01:00:00,2026-03-09 01:02:57,19.75,Zone 3,33.7,Zone 4,19.5,Zone 3,26.5,Zone 4,24.7,Zone 3,31.1,Zone 4,29.2,Zone 4,35.4,Zone 4,33.7,Zone 4,42.2,Zone 5
Meghalaya,East Khasi Hills,Laban,14.8,2026-03-09,00:45:00,80.0,2026-03-08,00:45:00,2026-03-09 01:02:57,14.050000000000011,Zone 3,29.0,Zone 4,14.4,Zone 3,23.1,Zone 3,21.5,Zone 3,26.5,Zone 4,25.1,Zone 3,30.5,Zone 4,29.0,Zone 4,34.4,Zone 4
Meghalaya,East Khasi Hills,Mawryngkneng,16.0,2026-03-09,00:45:00,84.0,2026-03-08,00:45:00,2026-03-09 01:02:57,15.850000000000023,Zone 3,30.2,Zone 4,15.8,Zone 3,23.9,Zone 3,22.4,Zone 3,27.7,Zone 4,26.0,Zone 4,31.8,Zone 4,30.2,Zone 4,35.8,Zone 4
Meghalaya,East Khasi Hills,Mawsynram,15.9,2026-03-09,00:45:00,82.0,2026-03-08,00:45:00,2026-03-09 01:02:57,15.550000000000011,Zone 3,30.1,Zone 4,15.7,Zone 3,23.9,Zone 3,22.3,Zone 3,27.6,Zone 4,26.0,Zone 4,31.7,Zone 4,30.1,Zone 4,35.6,Zone 4
Meghalaya,East Khasi Hills,Nehu,14.3,2026-03-09,00:45:00,98.0,2026-03-08,00:45:00,2026-03-09 01:02:57,14.25,Zone 3,29.1,Zone 4,14.6,Zone 3,23.0,Zone 3,21.5,Zone 3,26.4,Zone 4,25.0,Zone 3,30.6,Zone 4,29.1,Zone 4,34.7,Zone 4
Meghalaya,East Khasi Hills,Shillong,13.7,2026-03-09,00:45:00,95.0,2026-03-08,00:45:00,2026-03-09 01:02:57,13.550000000000011,Zone 2,28.0,Zone 4,13.3,Zone 2,22.2,Zone 3,20.6,Zone 3,25.3,Zone 4,24.4,Zone 3,29.4,Zone 4,28.0,Zone 4,33.3,Zone 4
Meghalaya,East Khasi Hills,Sohra(Cherrapunjee),17.1,2026-03-09,00:45:00,94.0,2026-03-08,00:45:00,2026-03-09 01:02:57,17.650000000000034,Zone 3,31.9,Zone 4,17.5,Zone 3,24.8,Zone 3,23.4,Zone 3,29.2,Zone 4,27.4,Zone 4,33.6,Zone 4,31.9,Zone 4,38.7,Zone 5
Meghalaya,East West Khasi Hills,Mairang,15.0,2026-03-09,00:45:00,97.0,2026-03-08,00:45:00,2026-03-09 01:02:57,15.150000000000034,Zone 3,29.7,Zone 4,15.1,Zone 3,23.4,Zone 3,21.9,Zone 3,26.9,Zone 4,25.3,Zone 4,31.2,Zone 4,29.7,Zone 4,35.3,Zone 4
Meghalaya,Ri Bhoi,Umtrewdam,28.6,2026-03-09,00:45:00,98.0,2026-03-08,00:45:00,2026-03-09 01:02:57,41.150000000000034,Zone 5,67.1,Zone 5,39.9,Zone 5,62.5,Zone 5,60.5,Zone 5,65.8,Zone 5,64.5,Zone 5,68.1,Zone 5,67.1,Zone 5,69.8,Zone 5
Meghalaya,South Garo Hills,Baghmara,22.3,2026-03-09,01:00:00,99.0,2026-03-08,01:00:00,2026-03-09 01:02:57,24.05000000000001,Zone 3,51.8,Zone 5,24.2,Zone 3,32.5,Zone 4,30.0,Zone 4,41.8,Zone 5,35.9,Zone 4,57.8,Zone 5,51.8,Zone 5,61.7,Zone 5
Meghalaya,West Garo Hills,Tura,22.7,2026-03-09,00:45:00,74.0,2026-03-08,00:45:00,2026-03-09 01:02:57,23.450000000000045,Zone 3,37.9,Zone 4,23.2,Zone 3,30.5,Zone 4,28.3,Zone 4,35.3,Zone 4,33.2,Zone 4,40.6,Zone 5,37.9,Zone 4,54.9,Zone 5
Meghalaya,West Khasi Hills,Nongstoin,15.4,2026-03-09,00:45:00,98.0,2026-03-08,00:45:00,2026-03-09 01:02:57,15.75,Zone 3,30.3,Zone 4,15.8,Zone 3,23.8,Zone 3,22.3,Zone 3,27.5,Zone 4,25.9,Zone 4,31.8,Zone 4,30.3,Zone 4,36.0,Zone 4
Mizoram,Mamit,Lengpui Kvk,19.9,2026-03-09,00:45:00,100.0,2026-03-08,00:45:00,2026-03-09 01:02:57,21.350000000000023,Zone 3,36.9,Zone 5,21.5,Zone 3,28.5,Zone 4,26.3,Zone 4,33.7,Zone 4,31.7,Zone 4,42.9,Zone 5,36.9,Zone 5,57.0,Zone 5
Odisha,Balangir,Bolangir,24.8,2026-03-09,00:45:00,100.0,2026-03-08,00:45:00,2026-03-09 01:02:57,27.55000000000001,Zone 4,61.5,Zone 5,28.0,Zone 4,42.7,Zone 5,35.2,Zone 4,59.5,Zone 5,54.1,Zone 5,62.8,Zone 5,61.5,Zone 5,65.2,Zone 5
Odisha,Cuttack,Cuttack Kvk,24.9,2026-03-09,00:45:00,,,,2026-03-09 01:02:57,,,,,,,,,,,,,,,,,,,,
Odisha,Ganjam,Benakuda Kvk,24.8,2026-03-09,00:45:00,83.0,2026-03-08,00:45:00,2026-03-09 01:02:57,26.350000000000023,Zone 4,55.4,Zone 5,26.7,Zone 4,35.5,Zone 4,32.8,Zone 4,46.2,Zone 5,38.5,Zone 4,59.6,Zone 5,55.4,Zone 5,62.5,Zone 5
Odisha,Jharsuguda,Likera,25.4,2026-03-09,00:45:00,,,,2026-03-09 01:02:57,,,,,,,,,,,,,,,,,,,,
Odisha,Khurdha,Bhubaneshwar Airport,23.8,2026-03-09,00:15:00,,,,2026-03-09 01:02:57,,,,,,,,,,,,,,,,,,,,
Odisha,Mayurbhanj,Karanjia,45.7,2026-03-09,00:45:00,83.0,2026-03-08,00:45:00,2026-03-09 01:02:57,113.35000000000002,Zone 6,120.8,Zone 6,112.5,Zone 6,116.7,Zone 6,115.3,Zone 6,119.5,Zone 6,118.1,Zone 6,122.2,Zone 6,120.8,Zone 6,125.0,Zone 6
Odisha,Mayurbhanj,Mayurbhanj Kvk,,,,100.0,2026-03-08,00:45:00,2026-03-09 01:02:57,,,,,,,,,,,,,,,,,,,,
Odisha,Nuapada,Nawapada,24.2,2026-03-09,00:45:00,53.0,2026-03-08,00:45:00,2026-03-09 01:02:57,24.25,Zone 3,37.5,Zone 4,24.0,Zone 3,31.0,Zone 4,28.9,Zone 4,35.3,Zone 4,33.3,Zone 4,39.4,Zone 4,37.5,Zone 4,47.7,Zone 5
Odisha,Puri,Puri Kvk,25.2,2026-03-09,00:45:00,53.0,2026-03-08,00:45:00,2026-03-09 01:02:57,25.350000000000023,Zone 4,38.8,Zone 4,25.1,Zone 3,32.3,Zone 4,30.0,Zone 4,36.7,Zone 4,34.6,Zone 4,40.8,Zone 4,38.8,Zone 4,52.2,Zone 5
Odisha,Rayagada,Gunupur Kvk,26.0,2026-03-09,00:45:00,100.0,2026-03-08,00:45:00,2026-03-09 01:02:57,30.150000000000034,Zone 4,63.2,Zone 5,30.1,Zone 4,52.0,Zone 5,42.0,Zone 5,61.4,Zone 5,59.8,Zone 5,64.4,Zone 5,63.2,Zone 5,66.6,Zone 5
Puducherry,Karaikal,Karaikal,26.2,2026-03-09,00:45:00,99.0,2026-03-08,00:45:00,2026-03-09 01:02:57,30.450000000000045,Zone 4,63.0,Zone 5,30.0,Zone 4,50.9,Zone 5,40.9,Zone 5,61.2,Zone 5,59.5,Zone 5,64.2,Zone 5,63.0,Zone 5,66.5,Zone 5
Puducherry,Puducherry,Puducherry,26.4,2026-03-09,00:45:00,88.0,2026-03-08,00:45:00,2026-03-09 01:02:57,29.55000000000001,Zone 4,61.5,Zone 5,29.8,Zone 4,43.2,Zone 5,36.7,Zone 4,59.6,Zone 5,54.2,Zone 5,62.9,Zone 5,61.5,Zone 5,65.3,Zone 5
Puducherry,Puducherry,Puducherry Kvk,26.5,2026-03-09,00:45:00,93.0,2026-03-08,00:45:00,2026-03-09 01:02:57,30.350000000000023,Zone 4,62.6,Zone 5,30.4,Zone 4,48.9,Zone 5,38.8,Zone 5,60.8,Zone 5,59.0,Zone 5,63.9,Zone 5,62.6,Zone 5,66.1,Zone 5
Punjab,Bathinda,Bhatinda Amfu,21.0,2026-03-09,00:45:00,11.0,2026-03-08,00:45:00,2026-03-09 01:02:57,17.75,Zone 3,31.4,Zone 4,17.8,Zone 3,26.2,Zone 4,24.4,Zone 3,29.7,Zone 4,28.0,Zone 4,32.9,Zone 4,31.4,Zone 4,36.0,Zone 4
Punjab,Fazilka,Fazilka,18.9,2026-03-09,00:45:00,,,,2026-03-09 01:02:57,,,,,,,,,,,,,,,,,,,,
Punjab,Firozpur,Firozpur Kvk,19.5,2026-03-09,00:45:00,99.0,2026-03-08,00:45:00,2026-03-09 01:02:57,20.850000000000023,Zone 3,35.8,Zone 4,20.8,Zone 3,27.8,Zone 4,25.6,Zone 4,32.8,Zone 4,30.8,Zone 4,39.6,Zone 5,35.8,Zone 4,53.9,Zone 5
Punjab,Hoshiarpur,Hosiyarpur,17.7,2026-03-09,00:45:00,100.0,2026-03-08,00:45:00,2026-03-09 01:02:57,18.650000000000034,Zone 3,32.9,Zone 4,18.4,Zone 3,25.2,Zone 3,24.0,Zone 3,30.1,Zone 4,28.2,Zone 4,34.6,Zone 4,32.9,Zone 4,43.8,Zone 5
Punjab,Hoshiarpur,Salern,20.7,2026-03-09,00:45:00,100.0,2026-03-08,00:45:00,2026-03-09 01:02:57,22.25,Zone 3,39.6,Zone 5,22.0,Zone 3,29.2,Zone 4,27.0,Zone 4,34.6,Zone 4,32.4,Zone 4,46.0,Zone 5,39.6,Zone 5,59.1,Zone 5
Punjab,Mohali,Mohali,24.5,2026-03-09,00:45:00,,,,2026-03-09 01:02:57,,,,,,,,,,,,,,,,,,,,
Punjab,Muktsar,Gidderbaha,23.1,2026-03-09,00:45:00,,,,2026-03-09 01:02:57,,,,,,,,,,,,,,,,,,,,
Punjab,Pathankot,Pathankot,18.7,2026-03-09,00:30:00,,,,2026-03-09 01:02:57,,,,,,,,,,,,,,,,,,,,
Rajasthan,Ajmer,Ajmer,23.2,2026-03-09,00:45:00,41.0,2026-03-08,00:45:00,2026-03-09 01:02:57,22.450000000000045,Zone 3,35.1,Zone 4,22.2,Zone 3,29.2,Zone 4,27.2,Zone 4,33.2,Zone 4,31.3,Zone 4,36.9,Zone 4,35.1,Zone 4,40.6,Zone 4
Rajasthan,Baran,Anta-Baran Kvk,20.5,2026-03-09,00:45:00,,,,2026-03-09 01:02:57,,,,,,,,,,,,,,,,,,,,
Rajasthan,Barmer,Barmer,,,,33.0,2026-03-08,00:45:00,2026-03-09 01:02:57,,,,,,,,,,,,,,,,,,,,
Rajasthan,Bikaner,Bikaner Amfu,21.7,2026-03-09,00:45:00,49.0,2026-03-08,00:45:00,2026-03-09 01:02:57,21.05000000000001,Zone 3,34.2,Zone 4,20.8,Zone 3,28.0,Zone 4,26.0,Zone 4,32.1,Zone 4,30.2,Zone 4,36.0,Zone 4,34.2,Zone 4,39.7,Zone 4
Rajasthan,Bikaner,Chattargarh,22.1,2026-03-09,00:45:00,,,,2026-03-09 01:02:57,,,,,,,,,,,,,,,,,,,,
Rajasthan,Chittaurgarh,Chittorgarh Kvk,18.9,2026-03-09,00:30:00,,,,2026-03-09 01:02:57,,,,,,,,,,,,,,,,,,,,
Rajasthan,Churu,Churu,23.8,2026-03-09,00:15:00,,,,2026-03-09 01:02:57,,,,,,,,,,,,,,,,,,,,
Rajasthan,Dungarpur,Dungarpur Kvk,,,,32.0,2026-03-08,00:45:00,2026-03-09 01:02:57,,,,,,,,,,,,,,,,,,,,
Rajasthan,Ganganagar,Ganganagar,38.8,2026-03-09,00:45:00,77.0,2026-03-08,00:45:00,2026-03-09 01:02:57,79.35000000000002,Zone 6,88.9,Zone 6,80.2,Zone 6,84.6,Zone 6,83.1,Zone 6,87.5,Zone 6,86.0,Zone 6,90.4,Zone 6,88.9,Zone 6,93.2,Zone 6
Rajasthan,Jaisalmer,Jaisalmer,22.0,2026-03-09,00:45:00,22.0,2026-03-08,00:45:00,2026-03-09 01:02:57,19.75,Zone 3,32.8,Zone 4,19.8,Zone 3,27.4,Zone 4,25.5,Zone 4,31.0,Zone 4,29.3,Zone 4,34.4,Zone 4,32.8,Zone 4,37.7,Zone 4
Rajasthan,Jalore,Jalore Kvk,20.6,2026-03-09,00:45:00,45.0,2026-03-08,00:45:00,2026-03-09 01:02:57,19.450000000000045,Zone 3,32.9,Zone 4,19.3,Zone 3,26.8,Zone 4,25.0,Zone 3,30.8,Zone 4,29.1,Zone 4,34.6,Zone 4,32.9,Zone 4,38.2,Zone 4
Rajasthan,Jhunjhunu,Jhunjhunu(Aws),24.6,2026-03-09,00:45:00,47.0,2026-03-08,00:45:00,2026-03-09 01:02:57,24.350000000000023,Zone 3,37.4,Zone 4,24.3,Zone 3,31.2,Zone 4,29.0,Zone 4,35.4,Zone 4,33.4,Zone 4,39.4,Zone 4,37.4,Zone 4,45.5,Zone 5
Rajasthan,Jhunjhunu,Pilani,19.4,2026-03-09,00:45:00,58.0,2026-03-08,00:45:00,2026-03-09 01:02:57,18.75,Zone 3,32.7,Zone 4,18.8,Zone 3,26.3,Zone 4,24.5,Zone 3,30.4,Zone 4,28.7,Zone 4,34.4,Zone 4,32.7,Zone 4,38.1,Zone 4
Rajasthan,Jodhpur,Jodhpur,25.4,2026-03-09,00:45:00,39.0,2026-03-08,00:45:00,2026-03-09 01:02:57,24.950000000000045,Zone 3,37.7,Zone 4,25.0,Zone 3,31.7,Zone 4,29.6,Zone 4,35.8,Zone 4,33.8,Zone 4,39.6,Zone 4,37.7,Zone 4,43.6,Zone 5
Rajasthan,Karauli,Karauli Kvk,19.6,2026-03-09,00:45:00,,,,2026-03-09 01:02:57,,,,,,,,,,,,,,,,,,,,
Rajasthan,Pali,Pali,10.8,2026-03-09,01:00:00,57.0,2026-03-08,01:00:00,2026-03-09 01:02:57,9.450000000000045,Zone 2,25.1,Zone 3,9.6,Zone 2,19.4,Zone 3,17.4,Zone 3,23.4,Zone 3,22.3,Zone 3,26.2,Zone 4,25.1,Zone 3,29.6,Zone 4
Rajasthan,Sikar,Fatehpur Amfu,18.1,2026-03-09,00:45:00,52.0,2026-03-08,00:45:00,2026-03-09 01:02:57,16.75,Zone 3,30.8,Zone 4,16.7,Zone 3,24.8,Zone 3,23.2,Zone 3,28.6,Zone 4,27.0,Zone 4,32.4,Zone 4,30.8,Zone 4,36.0,Zone 4
Rajasthan,Sirohi,Mount Abu,16.1,2026-03-09,00:45:00,56.0,2026-03-08,00:45:00,2026-03-09 01:02:57,14.550000000000011,Zone 3,29.1,Zone 4,14.4,Zone 3,23.4,Zone 3,21.6,Zone 3,26.9,Zone 4,25.3,Zone 3,30.6,Zone 4,29.1,Zone 4,34.2,Zone 4
Rajasthan,Sirohi,Sirohi Kvk,17.8,2026-03-09,00:45:00,42.0,2026-03-08,00:45:00,2026-03-09 01:02:57,15.850000000000023,Zone 3,30.4,Zone 4,16.1,Zone 3,24.6,Zone 3,22.9,Zone 3,28.3,Zone 4,26.7,Zone 4,31.9,Zone 4,30.4,Zone 4,35.4,Zone 4
Tamil Nadu,Ariyalur,Ariyalur,23.8,2026-03-09,00:45:00,94.0,2026-03-08,00:45:00,2026-03-09 01:02:57,25.450000000000045,Zone 4,57.7,Zone 5,25.8,Zone 4,34.9,Zone 4,32.2,Zone 4,48.7,Zone 5,40.6,Zone 5,60.1,Zone 5,57.7,Zone 5,62.9,Zone 5
Tamil Nadu,Chengalpattu,Vit Chennai,23.4,2026-03-09,00:45:00,90.0,2026-03-08,00:45:00,2026-03-09 01:02:57,24.850000000000023,Zone 3,51.5,Zone 5,24.9,Zone 3,33.5,Zone 4,30.9,Zone 4,41.7,Zone 5,36.6,Zone 4,57.7,Zone 5,51.5,Zone 5,61.7,Zone 5
Tamil Nadu,Chennai,Anna University,26.0,2026-03-09,00:45:00,88.0,2026-03-08,00:45:00,2026-03-09 01:02:57,28.850000000000023,Zone 4,60.7,Zone 5,28.8,Zone 4,39.2,Zone 5,35.5,Zone 4,58.0,Zone 5,50.2,Zone 5,62.1,Zone 5,60.7,Zone 5,64.6,Zone 5
Tamil Nadu,Chennai,Chennai,26.6,2026-03-09,00:45:00,93.0,2026-03-08,00:45:00,2026-03-09 01:02:57,30.55000000000001,Zone 4,62.6,Zone 5,30.4,Zone 4,48.9,Zone 5,38.8,Zone 5,60.8,Zone 5,59.0,Zone 5,63.9,Zone 5,62.6,Zone 5,66.1,Zone 5
Tamil Nadu,Chennai,Ennore Port,26.0,2026-03-09,00:45:00,77.0,2026-03-08,00:45:00,2026-03-09 01:02:57,27.850000000000023,Zone 4,56.5,Zone 5,27.9,Zone 4,36.6,Zone 4,33.9,Zone 4,47.7,Zone 5,39.5,Zone 4,59.9,Zone 5,56.5,Zone 5,62.7,Zone 5
Tamil Nadu,Chennai,Meenambakkam Isro,24.5,2026-03-09,00:45:00,86.0,2026-03-08,00:45:00,2026-03-09 01:02:57,26.150000000000034,Zone 4,54.7,Zone 5,26.1,Zone 4,34.9,Zone 4,32.3,Zone 4,45.4,Zone 5,38.0,Zone 4,59.4,Zone 5,54.7,Zone 5,62.3,Zone 5
Tamil Nadu,Chennai,Niot Pallikaranai,26.0,2026-03-09,00:45:00,81.0,2026-03-08,00:45:00,2026-03-09 01:02:57,28.150000000000034,Zone 4,59.2,Zone 5,28.2,Zone 4,37.2,Zone 4,34.5,Zone 4,51.6,Zone 5,43.0,Zone 5,60.7,Zone 5,59.2,Zone 5,63.4,Zone 5
Tamil Nadu,Coimbatore,Coimbatore Amfu,25.7,2026-03-09,00:45:00,74.0,2026-03-08,00:45:00,2026-03-09 01:02:57,27.150000000000034,Zone 4,50.7,Zone 5,26.9,Zone 4,35.2,Zone 4,32.7,Zone 4,41.5,Zone 5,38.0,Zone 4,57.5,Zone 5,50.7,Zone 5,61.6,Zone 5
Tamil Nadu,Cuddalore,Neyveli,23.4,2026-03-09,00:45:00,99.0,2026-03-08,00:45:00,2026-03-09 01:02:57,25.150000000000034,Zone 3,58.2,Zone 5,25.2,Zone 3,34.5,Zone 4,31.8,Zone 4,49.1,Zone 5,41.2,Zone 5,60.2,Zone 5,58.2,Zone 5,63.0,Zone 5
Tamil Nadu,Cuddalore,Vridha Chalam,24.6,2026-03-09,00:45:00,88.0,2026-03-08,00:45:00,2026-03-09 01:02:57,26.350000000000023,Zone 4,56.3,Zone 5,26.2,Zone 4,35.1,Zone 4,32.5,Zone 4,47.1,Zone 5,39.0,Zone 5,59.8,Zone 5,56.3,Zone 5,62.6,Zone 5
Tamil Nadu,Dharmapuri,Palacode,23.7,2026-03-09,00:45:00,81.0,2026-03-08,00:45:00,2026-03-09 01:02:57,24.850000000000023,Zone 3,44.2,Zone 5,24.6,Zone 3,32.6,Zone 4,30.2,Zone 4,37.8,Zone 4,35.5,Zone 4,51.4,Zone 5,44.2,Zone 5,60.2,Zone 5
Tamil Nadu,Dindigul,Natham Isro,20.7,2026-03-09,00:45:00,,,,2026-03-09 01:02:57,,,,,,,,,,,,,,,,,,,,
Tamil Nadu,Dindigul,Palani,24.1,2026-03-09,00:45:00,76.0,2026-03-08,00:45:00,2026-03-09 01:02:57,25.05000000000001,Zone 3,43.2,Zone 5,25.0,Zone 3,32.9,Zone 4,30.5,Zone 4,38.0,Zone 4,35.7,Zone 4,50.5,Zone 5,43.2,Zone 5,60.1,Zone 5
Tamil Nadu,Dindigul,Vedasandur,27.2,2026-03-09,00:45:00,59.0,2026-03-08,00:45:00,2026-03-09 01:02:57,28.25,Zone 4,45.5,Zone 5,28.0,Zone 4,35.8,Zone 4,33.3,Zone 4,40.6,Zone 4,38.2,Zone 4,53.3,Zone 5,45.5,Zone 5,60.6,Zone 5
Tamil Nadu,Erode,Erode Isro,,,,62.0,2026-03-08,01:00:00,2026-03-09 01:02:57,,,,,,,,,,,,,,,,,,,,
Tamil Nadu,Kallakurichi,Kallakurichi,31.9,2026-03-09,00:45:00,81.0,2026-03-08,00:45:00,2026-03-09 01:02:57,53.05000000000001,Zone 5,69.0,Zone 5,54.4,Zone 5,65.2,Zone 5,63.3,Zone 5,68.0,Zone 5,66.7,Zone 5,69.9,Zone 5,69.0,Zone 5,71.3,Zone 5
Tamil Nadu,Kanchipuram,Chembarambakkam,24.3,2026-03-09,00:45:00,91.0,2026-03-08,00:45:00,2026-03-09 01:02:57,26.05000000000001,Zone 4,58.5,Zone 5,26.4,Zone 4,35.5,Zone 4,32.9,Zone 4,49.8,Zone 5,41.5,Zone 5,60.4,Zone 5,58.5,Zone 5,63.1,Zone 5
Tamil Nadu,Kanchipuram,Hindustan University,26.3,2026-03-09,00:45:00,88.0,2026-03-08,00:45:00,2026-03-09 01:02:57,29.350000000000023,Zone 4,61.5,Zone 5,29.8,Zone 4,43.2,Zone 5,36.7,Zone 4,59.6,Zone 5,54.2,Zone 5,62.9,Zone 5,61.5,Zone 5,65.3,Zone 5
Tamil Nadu,Kanchipuram,Lmois  Kolapakkam,26.4,2026-03-09,00:45:00,80.0,2026-03-08,00:45:00,2026-03-09 01:02:57,28.75,Zone 4,59.8,Zone 5,28.9,Zone 4,38.1,Zone 4,35.3,Zone 4,54.2,Zone 5,45.7,Zone 5,61.3,Zone 5,59.8,Zone 5,63.9,Zone 5
Tamil Nadu,Kanchipuram,Sathyabama  University,26.0,2026-03-09,00:45:00,88.0,2026-03-08,00:45:00,2026-03-09 01:02:57,28.850000000000023,Zone 4,60.7,Zone 5,28.8,Zone 4,39.2,Zone 5,35.5,Zone 4,58.0,Zone 5,50.2,Zone 5,62.1,Zone 5,60.7,Zone 5,64.6,Zone 5
Tamil Nadu,Kanyakumari,Nagercoil,20.8,2026-03-09,00:45:00,69.0,2026-03-08,00:45:00,2026-03-09 01:02:57,20.950000000000045,Zone 3,35.3,Zone 4,21.2,Zone 3,28.3,Zone 4,26.3,Zone 4,32.8,Zone 4,30.9,Zone 4,37.1,Zone 4,35.3,Zone 4,44.4,Zone 5
Tamil Nadu,Kanyakumari,Neyyoor,25.1,2026-03-09,00:45:00,93.0,2026-03-08,00:45:00,2026-03-09 01:02:57,27.55000000000001,Zone 4,60.1,Zone 5,27.4,Zone 4,36.9,Zone 4,34.1,Zone 4,55.3,Zone 5,47.3,Zone 5,61.5,Zone 5,60.1,Zone 5,64.1,Zone 5
Tamil Nadu,Kanyakumari,Thirupathisaram Amfu,23.8,2026-03-09,00:45:00,98.0,2026-03-08,00:45:00,2026-03-09 01:02:57,25.650000000000034,Zone 4,59.4,Zone 5,26.0,Zone 4,35.4,Zone 4,32.7,Zone 4,52.1,Zone 5,44.1,Zone 5,60.9,Zone 5,59.4,Zone 5,63.6,Zone 5
Tamil Nadu,Krishnagiri,Denkanikottai,21.1,2026-03-09,00:45:00,59.0,2026-03-08,00:45:00,2026-03-09 01:02:57,20.850000000000023,Zone 3,34.4,Zone 4,20.7,Zone 3,27.9,Zone 4,25.9,Zone 4,32.2,Zone 4,30.3,Zone 4,36.2,Zone 4,34.4,Zone 4,40.1,Zone 4
Tamil Nadu,Krishnagiri,Hosur,20.1,2026-03-09,00:45:00,75.0,2026-03-08,00:45:00,2026-03-09 01:02:57,20.450000000000045,Zone 3,34.5,Zone 4,20.3,Zone 3,27.4,Zone 4,25.4,Zone 4,31.9,Zone 4,30.1,Zone 4,36.3,Zone 4,34.5,Zone 4,43.2,Zone 5
Tamil Nadu,Madurai,Madurai Isro,24.0,2026-03-09,00:45:00,,,,2026-03-09 01:02:57,,,,,,,,,,,,,,,,,,,,
Tamil Nadu,Perambalur,Perambalur,22.4,2026-03-09,00:45:00,87.0,2026-03-08,00:45:00,2026-03-09 01:02:57,23.650000000000034,Zone 3,42.7,Zone 5,23.8,Zone 3,31.5,Zone 4,29.1,Zone 4,36.7,Zone 4,34.5,Zone 4,49.7,Zone 5,42.7,Zone 5,59.9,Zone 5
Tamil Nadu,Pudukkottai,Vamban Kvk,24.0,2026-03-09,00:45:00,90.0,2026-03-08,00:45:00,2026-03-09 01:02:57,25.55000000000001,Zone 4,54.7,Zone 5,25.6,Zone 4,34.4,Zone 4,31.8,Zone 4,45.2,Zone 5,37.6,Zone 4,59.4,Zone 5,54.7,Zone 5,62.3,Zone 5
Tamil Nadu,Ramanathapuram,Ramnadu Kvk,27.0,2026-03-09,00:45:00,,,,2026-03-09 01:02:57,,,,,,,,,,,,,,,,,,,,
Tamil Nadu,Salem,Sandhiyur Kvk,25.9,2026-03-09,00:45:00,55.0,2026-03-08,00:45:00,2026-03-09 01:02:57,26.25,Zone 4,40.6,Zone 4,26.4,Zone 4,33.8,Zone 4,31.5,Zone 4,38.3,Zone 4,36.1,Zone 4,44.3,Zone 5,40.6,Zone 4,58.0,Zone 5
Tamil Nadu,Thanjavur,Adiramapattinam,24.6,2026-03-09,00:45:00,100.0,2026-03-08,00:45:00,2026-03-09 01:02:57,27.25,Zone 4,60.7,Zone 5,27.0,Zone 4,38.5,Zone 5,34.0,Zone 4,57.5,Zone 5,50.0,Zone 5,62.0,Zone 5,60.7,Zone 5,64.5,Zone 5
Tamil Nadu,The Nilgiris,Coonoor,14.3,2026-03-09,00:45:00,84.0,2026-03-08,00:45:00,2026-03-09 01:02:57,13.75,Zone 2,28.7,Zone 4,13.9,Zone 2,22.8,Zone 3,21.1,Zone 3,26.1,Zone 4,24.8,Zone 3,30.1,Zone 4,28.7,Zone 4,34.0,Zone 4
Tamil Nadu,Thoothukudi,Thiruchendur,25.0,2026-03-09,00:45:00,99.0,2026-03-08,00:45:00,2026-03-09 01:02:57,27.850000000000023,Zone 4,61.3,Zone 5,27.9,Zone 4,41.7,Zone 5,35.0,Zone 4,59.3,Zone 5,53.2,Zone 5,62.6,Zone 5,61.3,Zone 5,65.1,Zone 5
Tamil Nadu,Thoothukudi,Tuticorin Airport,25.4,2026-03-09,00:45:00,87.0,2026-03-08,00:45:00,2026-03-09 01:02:57,27.650000000000034,Zone 4,59.7,Zone 5,27.8,Zone 4,37.1,Zone 4,34.3,Zone 4,53.6,Zone 5,45.2,Zone 5,61.1,Zone 5,59.7,Zone 5,63.8,Zone 5
Tamil Nadu,Thoothukudi,Tuticorin Railway Station,25.5,2026-03-09,00:45:00,86.0,2026-03-08,00:45:00,2026-03-09 01:02:57,27.75,Zone 4,59.5,Zone 5,27.7,Zone 4,36.9,Zone 4,34.2,Zone 4,52.7,Zone 5,44.2,Zone 5,61.0,Zone 5,59.5,Zone 5,63.6,Zone 5
Tamil Nadu,Tiruchirappalli,Thuvakudi Isro,23.4,2026-03-09,00:45:00,92.0,2026-03-08,00:45:00,2026-03-09 01:02:57,24.950000000000045,Zone 3,53.1,Zone 5,25.0,Zone 3,33.7,Zone 4,31.1,Zone 4,43.3,Zone 5,36.9,Zone 4,59.0,Zone 5,53.1,Zone 5,62.0,Zone 5
Tamil Nadu,Tirunelveli,Tirunelveli,25.2,2026-03-09,00:45:00,80.0,2026-03-08,00:45:00,2026-03-09 01:02:57,26.850000000000023,Zone 4,52.9,Zone 5,26.5,Zone 4,35.1,Zone 4,32.5,Zone 4,43.5,Zone 5,38.1,Zone 4,59.0,Zone 5,52.9,Zone 5,62.0,Zone 5
Tamil Nadu,Tiruvallur,Good Will School Villivakkam,25.9,2026-03-09,00:45:00,81.0,2026-03-08,00:45:00,2026-03-09 01:02:57,28.05000000000001,Zone 4,59.2,Zone 5,28.2,Zone 4,37.2,Zone 4,34.5,Zone 4,51.6,Zone 5,43.0,Zone 5,60.7,Zone 5,59.2,Zone 5,63.4,Zone 5
Tamil Nadu,Tiruvallur,Poonamallee,25.5,2026-03-09,00:45:00,85.0,2026-03-08,00:45:00,2026-03-09 01:02:57,27.650000000000034,Zone 4,59.3,Zone 5,27.7,Zone 4,36.8,Zone 4,34.0,Zone 4,51.8,Zone 5,43.3,Zone 5,60.8,Zone 5,59.3,Zone 5,63.5,Zone 5
Tamil Nadu,Tiruvallur,R.K.Pet,24.3,2026-03-09,00:30:00,91.0,2026-03-08,00:30:00,2026-03-09 01:02:57,26.05000000000001,Zone 4,58.5,Zone 5,26.4,Zone 4,35.5,Zone 4,32.9,Zone 4,49.8,Zone 5,41.5,Zone 5,60.4,Zone 5,58.5,Zone 5,63.1,Zone 5
Tamil Nadu,Tiruvallur,Tirur Kvk,24.1,2026-03-09,00:45:00,,,,2026-03-09 01:02:57,,,,,,,,,,,,,,,,,,,,
Tamil Nadu,Tiruvannamalai,Cheyyar,24.7,2026-03-09,00:45:00,94.0,2026-03-08,00:45:00,2026-03-09 01:02:57,26.950000000000045,Zone 4,59.5,Zone 5,26.6,Zone 4,36.0,Zone 4,33.2,Zone 4,52.5,Zone 5,44.3,Zone 5,60.9,Zone 5,59.5,Zone 5,63.6,Zone 5
Tamil Nadu,Vellore,Virinjipuram Kvk,24.5,2026-03-09,00:45:00,52.0,2026-03-08,00:45:00,2026-03-09 01:02:57,24.55000000000001,Zone 3,38.0,Zone 4,24.5,Zone 3,31.6,Zone 4,29.4,Zone 4,35.9,Zone 4,33.8,Zone 4,40.0,Zone 4,38.0,Zone 4,49.2,Zone 5
Tamil Nadu,Virudhunagar,Aruppukottai Kvk,23.8,2026-03-09,00:45:00,64.0,2026-03-08,00:45:00,2026-03-09 01:02:57,24.25,Zone 3,38.9,Zone 4,24.5,Zone 3,31.9,Zone 4,29.6,Zone 4,36.5,Zone 4,34.4,Zone 4,41.3,Zone 5,38.9,Zone 4,55.5,Zone 5
Telangana,Hanumakonda,Hanumakonda,25.1,2026-03-09,00:45:00,79.0,2026-03-08,00:45:00,2026-03-09 01:02:57,26.55000000000001,Zone 4,52.0,Zone 5,26.4,Zone 4,34.9,Zone 4,32.4,Zone 4,42.7,Zone 5,37.9,Zone 4,58.4,Zone 5,52.0,Zone 5,61.8,Zone 5
Telangana,Hyderabad,Golkonda,27.0,2026-03-09,00:45:00,67.0,2026-03-08,00:45:00,2026-03-09 01:02:57,28.55000000000001,Zone 4,53.4,Zone 5,28.6,Zone 4,36.9,Zone 4,34.3,Zone 4,44.6,Zone 5,39.6,Zone 4,59.3,Zone 5,53.4,Zone 5,62.2,Zone 5
Telangana,Hyderabad,Hyderabad,25.2,2026-03-09,00:45:00,59.0,2026-03-08,00:45:00,2026-03-09 01:02:57,25.650000000000034,Zone 4,39.7,Zone 4,25.4,Zone 4,32.8,Zone 4,30.5,Zone 4,37.4,Zone 4,35.2,Zone 4,42.5,Zone 5,39.7,Zone 4,56.6,Zone 5
Telangana,Karimnagar,Karimnagar,24.7,2026-03-09,00:45:00,84.0,2026-03-08,00:45:00,2026-03-09 01:02:57,26.25,Zone 4,53.1,Zone 5,26.0,Zone 4,34.6,Zone 4,32.1,Zone 4,43.6,Zone 5,37.7,Zone 4,59.1,Zone 5,53.1,Zone 5,62.0,Zone 5
Telangana,Khammam,Khammam,25.0,2026-03-09,00:45:00,91.0,2026-03-08,00:45:00,2026-03-09 01:02:57,27.25,Zone 4,59.7,Zone 5,27.3,Zone 4,36.6,Zone 4,33.8,Zone 4,53.5,Zone 5,45.3,Zone 5,61.1,Zone 5,59.7,Zone 5,63.8,Zone 5
Telangana,Khammam,Wyra Kvk,24.6,2026-03-09,00:45:00,88.0,2026-03-08,00:45:00,2026-03-09 01:02:57,26.350000000000023,Zone 4,56.3,Zone 5,26.2,Zone 4,35.1,Zone 4,32.5,Zone 4,47.1,Zone 5,39.0,Zone 5,59.8,Zone 5,56.3,Zone 5,62.6,Zone 5
Telangana,Kumuram Bheem Asifabad ,Asifabad,21.0,2026-03-09,00:45:00,53.0,2026-03-08,00:45:00,2026-03-09 01:02:57,20.450000000000045,Zone 3,34.0,Zone 4,20.4,Zone 3,27.6,Zone 4,25.7,Zone 4,31.8,Zone 4,30.0,Zone 4,35.7,Zone 4,34.0,Zone 4,39.5,Zone 4
Telangana,Mahabubabad,Malyal Kvk,24.9,2026-03-09,00:45:00,100.0,2026-03-08,00:45:00,2026-03-09 01:02:57,27.75,Zone 4,61.5,Zone 5,28.0,Zone 4,42.7,Zone 5,35.2,Zone 4,59.5,Zone 5,54.1,Zone 5,62.8,Zone 5,61.5,Zone 5,65.2,Zone 5
Telangana,Mahbubnagar,Mahbubnagar,24.8,2026-03-09,00:45:00,67.0,2026-03-08,00:45:00,2026-03-09 01:02:57,25.55000000000001,Zone 4,41.6,Zone 5,25.8,Zone 4,33.6,Zone 4,31.2,Zone 4,38.4,Zone 4,36.2,Zone 4,49.1,Zone 5,41.6,Zone 5,59.8,Zone 5
Telangana,Medak,Medak,23.1,2026-03-09,00:45:00,75.0,2026-03-08,00:45:00,2026-03-09 01:02:57,23.950000000000045,Zone 3,38.8,Zone 4,23.8,Zone 3,31.3,Zone 4,29.0,Zone 4,36.2,Zone 4,34.0,Zone 4,43.9,Zone 5,38.8,Zone 4,57.8,Zone 5
Telangana,Medchal Malkajgiri,Kukatpally Jntu,25.9,2026-03-09,00:45:00,75.0,2026-03-08,00:45:00,2026-03-09 01:02:57,27.55000000000001,Zone 4,54.7,Zone 5,27.7,Zone 4,36.3,Zone 4,33.6,Zone 4,45.8,Zone 5,39.2,Zone 4,59.5,Zone 5,54.7,Zone 5,62.4,Zone 5
Telangana,Nalgonda,Devarakonda,27.4,2026-03-09,00:45:00,76.0,2026-03-08,00:45:00,2026-03-09 01:02:57,30.150000000000034,Zone 4,60.4,Zone 5,30.3,Zone 4,39.5,Zone 4,36.7,Zone 4,57.2,Zone 5,48.9,Zone 5,61.9,Zone 5,60.4,Zone 5,64.5,Zone 5
Telangana,Nirmal ,Bhainsa Arg,23.5,2026-03-09,00:45:00,78.0,2026-03-08,00:45:00,2026-03-09 01:02:57,24.450000000000045,Zone 3,41.9,Zone 5,24.5,Zone 3,32.3,Zone 4,29.9,Zone 4,37.4,Zone 4,35.1,Zone 4,49.1,Zone 5,41.9,Zone 5,59.8,Zone 5
Telangana,Peddapalli,Kunaram,25.3,2026-03-09,00:45:00,29.0,2026-03-08,00:45:00,2026-03-09 01:02:57,24.25,Zone 3,36.5,Zone 4,24.5,Zone 3,31.0,Zone 4,29.0,Zone 4,34.8,Zone 4,32.9,Zone 4,38.4,Zone 4,36.5,Zone 4,41.8,Zone 4
Telangana,Ranga Reddy,Cbit Gandipet,23.9,2026-03-09,00:45:00,64.0,2026-03-08,00:45:00,2026-03-09 01:02:57,24.350000000000023,Zone 3,38.9,Zone 4,24.5,Zone 3,31.9,Zone 4,29.6,Zone 4,36.5,Zone 4,34.4,Zone 4,41.3,Zone 5,38.9,Zone 4,55.5,Zone 5
Telangana,Ranga Reddy,Dullapally,,,,59.0,2026-03-08,00:45:00,2026-03-09 01:02:57,,,,,,,,,,,,,,,,,,,,
Telangana,Ranga Reddy,Esci Gachibowli,23.0,2026-03-09,00:45:00,73.0,2026-03-08,00:45:00,2026-03-09 01:02:57,23.75,Zone 3,38.5,Zone 4,23.7,Zone 3,31.2,Zone 4,28.9,Zone 4,36.0,Zone 4,33.9,Zone 4,42.5,Zone 5,38.5,Zone 4,56.6,Zone 5
Telangana,Ranga Reddy,Ghatkesar,21.3,2026-03-09,00:45:00,88.0,2026-03-08,00:45:00,2026-03-09 01:02:57,22.450000000000045,Zone 3,37.9,Zone 4,22.7,Zone 3,30.0,Zone 4,27.8,Zone 4,35.1,Zone 4,33.0,Zone 4,44.3,Zone 5,37.9,Zone 4,58.1,Zone 5
Telangana,Ranga Reddy,Hayathnagar,20.9,2026-03-09,00:45:00,92.0,2026-03-08,00:45:00,2026-03-09 01:02:57,22.150000000000034,Zone 3,37.6,Zone 5,22.3,Zone 3,29.5,Zone 4,27.3,Zone 4,34.7,Zone 4,32.6,Zone 4,43.9,Zone 5,37.6,Zone 5,57.8,Zone 5
Telangana,Sangareddy,Zaheerabad,23.7,2026-03-09,00:45:00,40.0,2026-03-08,00:45:00,2026-03-09 01:02:57,22.950000000000045,Zone 3,35.6,Zone 4,22.7,Zone 3,29.6,Zone 4,27.6,Zone 4,33.6,Zone 4,31.7,Zone 4,37.4,Zone 4,35.6,Zone 4,41.0,Zone 4
Telangana,Siddipet,Kaveri Siddipet,23.8,2026-03-09,00:45:00,77.0,2026-03-08,00:45:00,2026-03-09 01:02:57,24.75,Zone 3,44.0,Zone 5,25.0,Zone 3,33.0,Zone 4,30.6,Zone 4,38.1,Zone 4,35.8,Zone 4,51.3,Zone 5,44.0,Zone 5,60.2,Zone 5
Telangana,Suryapet,Suryapet Arg,25.0,2026-03-09,00:45:00,81.0,2026-03-08,00:45:00,2026-03-09 01:02:57,26.55000000000001,Zone 4,53.7,Zone 5,26.6,Zone 4,35.2,Zone 4,32.6,Zone 4,44.4,Zone 5,38.2,Zone 4,59.2,Zone 5,53.7,Zone 5,62.1,Zone 5
Telangana,Vikarabad,Tandur,21.3,2026-03-09,00:45:00,59.0,2026-03-08,00:45:00,2026-03-09 01:02:57,21.05000000000001,Zone 3,35.0,Zone 4,21.3,Zone 3,28.4,Zone 4,26.4,Zone 4,32.7,Zone 4,30.8,Zone 4,36.8,Zone 4,35.0,Zone 4,40.8,Zone 5
Tripura,Khowai,Khowai,24.9,2026-03-09,00:45:00,,,,2026-03-09 01:02:57,,,,,,,,,,,,,,,,,,,,
Tripura,Khowai,Teliamura,22.2,2026-03-09,00:45:00,94.0,2026-03-08,00:45:00,2026-03-09 01:02:57,23.75,Zone 3,44.7,Zone 5,23.5,Zone 3,31.2,Zone 4,28.8,Zone 4,36.6,Zone 4,34.4,Zone 4,51.5,Zone 5,44.7,Zone 5,60.3,Zone 5
Tripura,North Tripura,Eden Laouge,20.8,2026-03-09,00:15:00,,,,2026-03-09 01:02:57,,,,,,,,,,,,,,,,,,,,
Tripura,North Tripura,Kamalpur,20.8,2026-03-09,00:45:00,16.0,2026-03-08,00:45:00,2026-03-09 01:02:57,17.850000000000023,Zone 3,31.6,Zone 4,18.1,Zone 3,26.4,Zone 4,24.5,Zone 3,29.9,Zone 4,28.2,Zone 4,33.2,Zone 4,31.6,Zone 4,36.4,Zone 4
Tripura,Sipahijala,Cti,22.3,2026-03-09,01:00:00,100.0,2026-03-08,01:00:00,2026-03-09 01:02:57,24.05000000000001,Zone 3,52.5,Zone 5,24.3,Zone 3,32.6,Zone 4,30.1,Zone 4,42.5,Zone 5,36.0,Zone 4,58.4,Zone 5,52.5,Zone 5,61.8,Zone 5
Tripura,South Tripura,Gokulpur,21.4,2026-03-09,00:45:00,,,,2026-03-09 01:02:57,,,,,,,,,,,,,,,,,,,,
Tripura,West Tripura,Agartala Airport,23.7,2026-03-09,00:45:00,91.0,2026-03-08,00:45:00,2026-03-09 01:02:57,25.150000000000034,Zone 3,52.3,Zone 5,25.0,Zone 3,33.6,Zone 4,31.0,Zone 4,42.5,Zone 5,36.8,Zone 4,58.4,Zone 5,52.3,Zone 5,61.8,Zone 5
Tripura,West Tripura,Dm Office West Agartala,24.0,2026-03-09,00:45:00,,,,2026-03-09 01:02:57,,,,,,,,,,,,,,,,,,,,
Tripura,West Tripura,Hrc Nagicherra,22.1,2026-03-09,00:45:00,,,,2026-03-09 01:02:57,,,,,,,,,,,,,,,,,,,,
Tripura,West Tripura,Khumluwang,22.6,2026-03-09,01:00:00,,,,2026-03-09 01:02:57,,,,,,,,,,,,,,,,,,,,
Tripura,West Tripura,Secretariat,23.6,2026-03-09,00:45:00,,,,2026-03-09 01:02:57,,,,,,,,,,,,,,,,,,,,
Uttarakhand,Almora,Matela Kvk,13.9,2026-03-09,00:45:00,100.0,2026-03-08,00:45:00,2026-03-09 01:02:57,13.950000000000045,Zone 2,28.7,Zone 4,14.0,Zone 2,22.7,Zone 3,21.1,Zone 3,26.0,Zone 4,24.8,Zone 3,30.1,Zone 4,28.7,Zone 4,34.2,Zone 4
Uttarakhand,Bageshwar,Kapkote,,,,88.0,2026-03-08,00:45:00,2026-03-09 01:02:57,,,,,,,,,,,,,,,,,,,,
Uttarakhand,Chamoli,Chamoli,19.2,2026-03-09,00:45:00,,,,2026-03-09 01:02:57,,,,,,,,,,,,,,,,,,,,
Uttarakhand,Chamoli,Tharali,,,,13.0,2026-03-08,00:45:00,2026-03-09 01:02:57,,,,,,,,,,,,,,,,,,,,
Uttarakhand,Champawat,Champawat,14.5,2026-03-09,00:45:00,,,,2026-03-09 01:02:57,,,,,,,,,,,,,,,,,,,,
Uttarakhand,Dehradun,Dehradun,,,,77.0,2026-03-08,00:45:00,2026-03-09 01:02:57,,,,,,,,,,,,,,,,,,,,
Uttarakhand,Dehradun,Jollygrant,20.7,2026-03-09,00:45:00,81.0,2026-03-08,00:45:00,2026-03-09 01:02:57,21.450000000000045,Zone 3,35.6,Zone 4,21.2,Zone 3,28.3,Zone 4,26.2,Zone 4,33.0,Zone 4,31.0,Zone 4,37.5,Zone 4,35.6,Zone 4,49.1,Zone 5
Uttarakhand,Dehradun,Massouri,17.3,2026-03-09,00:45:00,59.0,2026-03-08,00:45:00,2026-03-09 01:02:57,16.150000000000034,Zone 3,30.7,Zone 4,16.4,Zone 3,24.5,Zone 3,23.0,Zone 3,28.4,Zone 4,26.7,Zone 4,32.2,Zone 4,30.7,Zone 4,35.9,Zone 4
Uttarakhand,Dehradun,Rishikesh,,,,87.0,2026-03-08,00:45:00,2026-03-09 01:02:57,,,,,,,,,,,,,,,,,,,,
Uttarakhand,Haridwar,Roorkee Amfu,20.0,2026-03-09,00:45:00,10.0,2026-03-08,00:45:00,2026-03-09 01:02:57,16.55000000000001,Zone 3,30.6,Zone 4,16.5,Zone 3,25.4,Zone 4,23.5,Zone 3,28.9,Zone 4,27.3,Zone 4,32.1,Zone 4,30.6,Zone 4,35.2,Zone 4
Uttarakhand,Nainital,Mukteshwar,19.7,2026-03-09,00:45:00,,,,2026-03-09 01:02:57,,,,,,,,,,,,,,,,,,,,
Uttarakhand,Nainital,Nainital(Jeolikot) Kvk,16.7,2026-03-09,00:45:00,100.0,2026-03-08,00:45:00,2026-03-09 01:02:57,17.450000000000045,Zone 3,31.6,Zone 4,17.2,Zone 3,24.5,Zone 3,23.2,Zone 3,28.8,Zone 4,27.0,Zone 4,33.2,Zone 4,31.6,Zone 4,39.0,Zone 5
Uttarakhand,Pauri Garhwal,Bharsar,11.7,2026-03-09,00:45:00,79.0,2026-03-08,00:45:00,2026-03-09 01:02:57,11.050000000000011,Zone 2,25.8,Zone 4,10.8,Zone 2,20.3,Zone 3,18.4,Zone 3,24.0,Zone 3,22.9,Zone 3,27.0,Zone 4,25.8,Zone 4,30.7,Zone 4
Uttarakhand,Pauri Garhwal,Srinagar Arg,21.8,2026-03-09,00:45:00,,,,2026-03-09 01:02:57,,,,,,,,,,,,,,,,,,,,
Uttarakhand,Rudraprayag,Rudra Prayag,21.6,2026-03-09,00:45:00,80.0,2026-03-08,00:45:00,2026-03-09 01:02:57,22.450000000000045,Zone 3,37.0,Zone 4,22.3,Zone 3,29.5,Zone 4,27.4,Zone 4,34.4,Zone 4,32.3,Zone 4,39.3,Zone 5,37.0,Zone 4,53.6,Zone 5
Uttarakhand,Tehri Garhwal,Devprayag,20.2,2026-03-09,00:45:00,84.0,2026-03-08,00:45:00,2026-03-09 01:02:57,21.05000000000001,Zone 3,35.2,Zone 4,20.8,Zone 3,27.8,Zone 4,25.7,Zone 4,32.5,Zone 4,30.6,Zone 4,37.1,Zone 4,35.2,Zone 4,48.3,Zone 5
Uttarakhand,Tehri Garhwal,Rani Chawri,,,,92.0,2026-03-08,00:45:00,2026-03-09 01:02:57,,,,,,,,,,,,,,,,,,,,
Uttarakhand,Uttarkashi,Purola,13.7,2026-03-09,00:45:00,74.0,2026-03-08,00:45:00,2026-03-09 01:02:57,12.75,Zone 2,27.4,Zone 4,12.6,Zone 2,21.8,Zone 3,20.0,Zone 3,25.1,Zone 3,24.1,Zone 3,28.8,Zone 4,27.4,Zone 4,32.5,Zone 4
Uttar Pradesh,Agra,Hydrogen Factory Bindukatra,23.0,2026-03-09,00:45:00,78.0,2026-03-08,00:45:00,2026-03-09 01:02:57,23.950000000000045,Zone 3,39.2,Zone 4,24.0,Zone 3,31.5,Zone 4,29.2,Zone 4,36.5,Zone 4,34.4,Zone 4,46.1,Zone 5,39.2,Zone 4,59.1,Zone 5
Uttar Pradesh,Aligarh,Quarsi Farms Quarsi,24.5,2026-03-09,00:45:00,83.0,2026-03-08,00:45:00,2026-03-09 01:02:57,25.950000000000045,Zone 4,52.2,Zone 5,25.9,Zone 4,34.5,Zone 4,32.0,Zone 4,42.8,Zone 5,37.6,Zone 4,58.5,Zone 5,52.2,Zone 5,61.8,Zone 5
Uttar Pradesh,Ambedkar Nagar,Collectorate Office Akbarpur,22.8,2026-03-09,00:45:00,99.0,2026-03-08,00:45:00,2026-03-09 01:02:57,24.55000000000001,Zone 3,55.1,Zone 5,24.7,Zone 3,33.5,Zone 4,30.9,Zone 4,45.3,Zone 5,37.7,Zone 5,59.4,Zone 5,55.1,Zone 5,62.3,Zone 5
Uttar Pradesh,Ayodhya,Krishi Vigyan Kendra Kumarganj,,,,89.0,2026-03-08,00:45:00,2026-03-09 01:02:57,,,,,,,,,,,,,,,,,,,,
Uttar Pradesh,Azamgarh,Lalganj Tehsil Office,23.2,2026-03-09,00:45:00,,,,2026-03-09 01:02:57,,,,,,,,,,,,,,,,,,,,
Uttar Pradesh,Balrampur,Bcml Tulsipur Sugar Mill,21.7,2026-03-09,01:00:00,,,,2026-03-09 01:02:57,,,,,,,,,,,,,,,,,,,,
Uttar Pradesh,Bulandshahar,Bulandshahar Kvk,18.0,2026-03-09,00:45:00,94.0,2026-03-08,00:45:00,2026-03-09 01:02:57,18.75,Zone 3,33.2,Zone 4,18.8,Zone 3,25.7,Zone 4,24.2,Zone 3,30.4,Zone 4,28.6,Zone 4,34.9,Zone 4,33.2,Zone 4,43.4,Zone 5
Uttar Pradesh,Chitrakoot,Ganivan Kvk,19.8,2026-03-09,00:45:00,,,,2026-03-09 01:02:57,,,,,,,,,,,,,,,,,,,,
Uttar Pradesh,Etawah,Bbrau Agriculture College,26.1,2026-03-09,00:45:00,53.0,2026-03-08,00:45:00,2026-03-09 01:02:57,26.450000000000045,Zone 4,40.2,Zone 4,26.3,Zone 4,33.6,Zone 4,31.3,Zone 4,38.1,Zone 4,35.9,Zone 4,42.6,Zone 5,40.2,Zone 4,56.6,Zone 5
Uttar Pradesh,Fatehpur,Fatehpur Kvk,20.5,2026-03-09,00:45:00,,,,2026-03-09 01:02:57,,,,,,,,,,,,,,,,,,,,
Uttar Pradesh,Jaunpur,Mariahu Tehsil Office,23.5,2026-03-09,00:45:00,,,,2026-03-09 01:02:57,,,,,,,,,,,,,,,,,,,,
Uttar Pradesh,Kushinagar,Kushinagar Kvk,22.7,2026-03-09,00:45:00,100.0,2026-03-08,00:45:00,2026-03-09 01:02:57,24.450000000000045,Zone 3,52.5,Zone 5,24.3,Zone 3,32.6,Zone 4,30.1,Zone 4,42.5,Zone 5,36.0,Zone 4,58.4,Zone 5,52.5,Zone 5,61.8,Zone 5
Uttar Pradesh,Lucknow,Integral University,24.1,2026-03-09,00:45:00,,,,2026-03-09 01:02:57,,,,,,,,,,,,,,,,,,,,
Uttar Pradesh,Lucknow,Meteorological Centre Amausi,23.3,2026-03-09,00:45:00,87.0,2026-03-08,00:45:00,2026-03-09 01:02:57,24.650000000000034,Zone 3,49.1,Zone 5,24.8,Zone 3,33.2,Zone 4,30.7,Zone 4,39.5,Zone 5,36.2,Zone 4,55.7,Zone 5,49.1,Zone 5,61.2,Zone 5
Uttar Pradesh,Mainpuri,Mainpuri Kvk,19.4,2026-03-09,00:45:00,100.0,2026-03-08,00:45:00,2026-03-09 01:02:57,20.75,Zone 3,35.9,Zone 4,20.9,Zone 3,27.8,Zone 4,25.7,Zone 4,32.9,Zone 4,30.9,Zone 4,40.1,Zone 5,35.9,Zone 4,54.5,Zone 5
Uttar Pradesh,Mathura,Collectorate Office,22.2,2026-03-09,00:45:00,92.0,2026-03-08,00:45:00,2026-03-09 01:02:57,23.650000000000034,Zone 3,43.3,Zone 5,23.4,Zone 3,31.1,Zone 4,28.7,Zone 4,36.4,Zone 4,34.2,Zone 4,50.1,Zone 5,43.3,Zone 5,60.0,Zone 5
Uttar Pradesh,Meerut,Ccsu Campus,24.2,2026-03-09,00:45:00,94.0,2026-03-08,00:45:00,2026-03-09 01:02:57,26.150000000000034,Zone 4,57.7,Zone 5,25.8,Zone 4,34.9,Zone 4,32.2,Zone 4,48.7,Zone 5,40.6,Zone 5,60.1,Zone 5,57.7,Zone 5,62.9,Zone 5
Uttar Pradesh,Raebareli,Airport Fursatganj,21.2,2026-03-09,00:45:00,100.0,2026-03-08,00:45:00,2026-03-09 01:02:57,22.850000000000023,Zone 3,42.5,Zone 5,22.6,Zone 3,30.0,Zone 4,27.7,Zone 4,35.4,Zone 4,33.3,Zone 4,49.1,Zone 5,42.5,Zone 5,59.8,Zone 5
Uttar Pradesh,Sultanpur,Krishi Vigyan Kendra Barasin,,,,96.0,2026-03-08,00:45:00,2026-03-09 01:02:57,,,,,,,,,,,,,,,,,,,,
West Bengal,Alipurduar,Jayanti,22.4,2026-03-09,00:45:00,79.0,2026-03-08,00:45:00,2026-03-09 01:02:57,23.350000000000023,Zone 3,38.5,Zone 4,23.4,Zone 3,30.9,Zone 4,28.6,Zone 4,35.8,Zone 4,33.7,Zone 4,44.0,Zone 5,38.5,Zone 4,57.8,Zone 5
West Bengal,Asansol,Imd Mo Assansol,24.6,2026-03-09,00:45:00,57.0,2026-03-08,00:45:00,2026-03-09 01:02:57,24.850000000000023,Zone 3,38.7,Zone 4,24.7,Zone 3,32.0,Zone 4,29.7,Zone 4,36.4,Zone 4,34.3,Zone 4,40.7,Zone 4,38.7,Zone 4,52.9,Zone 5
West Bengal,Cooch Behar,Pundibari Amfu,27.3,2026-03-09,00:45:00,,,,2026-03-09 01:02:57,,,,,,,,,,,,,,,,,,,,
West Bengal,Darjeeling,Kharibari,23.0,2026-03-09,00:45:00,94.0,2026-03-08,00:45:00,2026-03-09 01:02:57,24.55000000000001,Zone 3,51.3,Zone 5,24.6,Zone 3,33.0,Zone 4,30.5,Zone 4,41.4,Zone 5,36.2,Zone 4,57.5,Zone 5,51.3,Zone 5,61.6,Zone 5
West Bengal,Durgapur,Kzi Airport,24.7,2026-03-09,00:30:00,72.0,2026-03-08,00:30:00,2026-03-09 01:02:57,25.650000000000034,Zone 4,42.9,Zone 5,25.4,Zone 4,33.3,Zone 4,30.9,Zone 4,38.3,Zone 4,36.0,Zone 4,50.3,Zone 5,42.9,Zone 5,60.0,Zone 5
West Bengal,Howrah,Ramsaday College Amta,24.8,2026-03-09,00:30:00,88.0,2026-03-08,00:30:00,2026-03-09 01:02:57,26.75,Zone 4,59.1,Zone 5,27.0,Zone 4,36.2,Zone 4,33.5,Zone 4,50.8,Zone 5,42.4,Zone 5,60.6,Zone 5,59.1,Zone 5,63.3,Zone 5
West Bengal,Howrah,Uluberia,27.5,2026-03-09,00:45:00,,,,2026-03-09 01:02:57,,,,,,,,,,,,,,,,,,,,
West Bengal,Jalpaiguri,Ramshai Kvk,22.8,2026-03-09,00:45:00,,,,2026-03-09 01:02:57,,,,,,,,,,,,,,,,,,,,
West Bengal,Jhargram,Jhargram,24.6,2026-03-09,00:45:00,93.0,2026-03-08,00:45:00,2026-03-09 01:02:57,26.75,Zone 4,59.3,Zone 5,26.5,Zone 4,35.8,Zone 4,33.1,Zone 4,51.6,Zone 5,43.4,Zone 5,60.7,Zone 5,59.3,Zone 5,63.4,Zone 5
West Bengal,Kalimpong,Kalimpong Amfu,19.5,2026-03-09,00:45:00,76.0,2026-03-08,00:45:00,2026-03-09 01:02:57,19.75,Zone 3,33.9,Zone 4,19.8,Zone 3,26.8,Zone 4,25.0,Zone 3,31.4,Zone 4,29.5,Zone 4,35.7,Zone 4,33.9,Zone 4,41.5,Zone 5
West Bengal,Kolkata,Kolkata Airport,25.3,2026-03-09,00:45:00,95.0,2026-03-08,00:45:00,2026-03-09 01:02:57,28.150000000000034,Zone 4,61.3,Zone 5,28.5,Zone 4,42.0,Zone 5,35.6,Zone 4,59.4,Zone 5,53.4,Zone 5,62.7,Zone 5,61.3,Zone 5,65.1,Zone 5
West Bengal,Murshidabad,Berhampore,23.6,2026-03-09,00:45:00,85.0,2026-03-08,00:45:00,2026-03-09 01:02:57,24.850000000000023,Zone 3,47.4,Zone 5,24.8,Zone 3,33.0,Zone 4,30.5,Zone 4,38.3,Zone 4,36.0,Zone 4,54.3,Zone 5,47.4,Zone 5,60.9,Zone 5
West Bengal,Murshidabad,Murshidabad Kvk,22.1,2026-03-09,00:45:00,,,,2026-03-09 01:02:57,,,,,,,,,,,,,,,,,,,,
West Bengal,Nadia,Kalyani Amfu,24.4,2026-03-09,00:45:00,100.0,2026-03-08,00:45:00,2026-03-09 01:02:57,26.850000000000023,Zone 4,60.7,Zone 5,27.0,Zone 4,38.5,Zone 5,34.0,Zone 4,57.5,Zone 5,50.0,Zone 5,62.0,Zone 5,60.7,Zone 5,64.5,Zone 5
West Bengal,North Dinajpur,Raiganj,21.8,2026-03-09,00:45:00,98.0,2026-03-08,00:45:00,2026-03-09 01:02:57,23.450000000000045,Zone 3,47.6,Zone 5,23.6,Zone 3,31.5,Zone 4,29.1,Zone 4,37.8,Zone 5,34.8,Zone 4,54.2,Zone 5,47.6,Zone 5,60.8,Zone 5
West Bengal,North Twenty Four Parganas,Ashoknagar Kvk,24.5,2026-03-09,00:45:00,,,,2026-03-09 01:02:57,,,,,,,,,,,,,,,,,,,,
West Bengal,Purba Mednipur,Imd Mo Digha,25.8,2026-03-09,00:45:00,,,,2026-03-09 01:02:57,,,,,,,,,,,,,,,,,,,,
West Bengal,Purulia,Purulia Kvk,24.0,2026-03-09,00:45:00,,,,2026-03-09 01:02:57,,,,,,,,,,,,,,,,,,,,
West Bengal,South Dinajpur,Majhian Amfu,22.3,2026-03-09,00:45:00,100.0,2026-03-08,00:45:00,2026-03-09 01:02:57,24.05000000000001,Zone 3,52.5,Zone 5,24.3,Zone 3,32.6,Zone 4,30.1,Zone 4,42.5,Zone 5,36.0,Zone 4,58.4,Zone 5,52.5,Zone 5,61.8,Zone 5
West Bengal,South Twenty Four Parganas,Alipore,25.5,2026-03-09,00:45:00,99.0,2026-03-08,00:45:00,2026-03-09 01:02:57,28.950000000000045,Zone 4,62.2,Zone 5,28.9,Zone 4,46.2,Zone 5,36.7,Zone 5,60.3,Zone 5,57.1,Zone 5,63.4,Zone 5,62.2,Zone 5,65.8,Zone 5
West Bengal,South Twenty Four Parganas,Ramkrishna Mission College,24.0,2026-03-09,00:45:00,97.0,2026-03-08,00:45:00,2026-03-09 01:02:57,25.950000000000045,Zone 4,59.2,Zone 5,26.0,Zone 4,35.3,Zone 4,32.6,Zone 4,51.3,Zone 5,43.2,Zone 5,60.7,Zone 5,59.2,Zone 5,63.4,Zone 5
,,,,,,,,,2026-03-09 01:02:57,,,,,,,,,,,,,,,,,,,,
,,,,,,,,,2026-03-09 01:02:57,,,,,,,,,,,,,,,,,,,,
,,,,,,,,,2026-03-09 01:02:57,,,,,,,,,,,,,,,,,,,,
,,,,,,,,,2026-03-09 01:02:57,,,,,,,,,,,,,,,,,,,,
Andaman And Nicobar,Nicobar,Nancowry,31.1,2026-03-09,00:30:00,91.0,2026-03-08,00:30:00,2026-03-09 01:19:31,59.75,Zone 5,69.9,Zone 5,59.4,Zone 5,66.3,Zone 5,64.6,Zone 5,68.8,Zone 5,67.7,Zone 5,70.6,Zone 5,69.9,Zone 5,72.5,Zone 6
Andaman And Nicobar,South Andaman,Hut Bay,26.4,2026-03-09,00:30:00,82.0,2026-03-08,00:30:00,2026-03-09 01:19:31,28.950000000000045,Zone 4,60.2,Zone 5,29.1,Zone 4,38.5,Zone 4,35.6,Zone 4,56.1,Zone 5,47.8,Zone 5,61.7,Zone 5,60.2,Zone 5,64.3,Zone 5
Andaman And Nicobar,South Andaman,Shaheed Dweep,25.9,2026-03-09,00:30:00,94.0,2026-03-08,00:30:00,2026-03-09 01:19:31,29.25,Zone 4,62.0,Zone 5,29.4,Zone 4,45.4,Zone 5,36.6,Zone 4,60.1,Zone 5,56.3,Zone 5,63.3,Zone 5,62.0,Zone 5,65.6,Zone 5
Andhra Pradesh,Alluri Sitharama Raju,Araku Valley,21.5,2026-03-09,00:45:00,93.0,2026-03-08,00:45:00,2026-03-09 01:19:31,22.850000000000023,Zone 3,41.0,Zone 5,22.9,Zone 3,30.3,Zone 4,28.0,Zone 4,35.6,Zone 4,33.4,Zone 4,47.6,Zone 5,41.0,Zone 5,59.5,Zone 5
Andhra Pradesh,Eluru,Vijayarai,24.2,2026-03-09,01:15:00,66.0,2026-03-08,01:15:00,2026-03-09 01:19:31,24.75,Zone 3,39.2,Zone 4,24.6,Zone 3,32.0,Zone 4,29.7,Zone 4,36.7,Zone 4,34.6,Zone 4,42.8,Zone 5,39.2,Zone 4,56.8,Zone 5
Andhra Pradesh,Kakinada,Kakinada,25.4,2026-03-09,01:00:00,84.0,2026-03-08,01:00:00,2026-03-09 01:19:31,27.450000000000045,Zone 4,59.0,Zone 5,27.6,Zone 4,36.6,Zone 4,33.9,Zone 4,50.8,Zone 5,42.3,Zone 5,60.6,Zone 5,59.0,Zone 5,63.3,Zone 5
Andhra Pradesh,Kakinada,Prathipadu,25.8,2026-03-09,01:15:00,,,,2026-03-09 01:19:31,,,,,,,,,,,,,,,,,,,,
Andhra Pradesh,Konaseema,Ambajipeta Arg,23.4,2026-03-09,01:00:00,100.0,2026-03-08,01:00:00,2026-03-09 01:19:31,25.150000000000034,Zone 3,58.9,Zone 5,25.3,Zone 3,34.6,Zone 4,31.9,Zone 4,50.0,Zone 5,42.0,Zone 5,60.4,Zone 5,58.9,Zone 5,63.2,Zone 5
Andhra Pradesh,Nellore,Nellore Kvk,25.4,2026-03-09,01:15:00,97.0,2026-03-08,01:15:00,2026-03-09 01:19:31,28.450000000000045,Zone 4,61.8,Zone 5,28.7,Zone 4,44.0,Zone 5,35.9,Zone 4,59.8,Zone 5,55.3,Zone 5,63.0,Zone 5,61.8,Zone 5,65.4,Zone 5
Andhra Pradesh,Palnadu,Jangameshwarapuram,24.5,2026-03-09,01:00:00,,,,2026-03-09 01:19:31,,,,,,,,,,,,,,,,,,,,
Andhra Pradesh,Palnadu,Rentachintala,25.4,2026-03-09,01:00:00,80.0,2026-03-08,01:00:00,2026-03-09 01:19:31,27.150000000000034,Zone 4,56.0,Zone 5,27.3,Zone 4,36.0,Zone 4,33.4,Zone 4,47.0,Zone 5,39.0,Zone 4,59.8,Zone 5,56.0,Zone 5,62.6,Zone 5
Andhra Pradesh,Srikakulam,Amadalavalasa Kvk,25.5,2026-03-09,01:15:00,,,,2026-03-09 01:19:31,,,,,,,,,,,,,,,,,,,,
Andhra Pradesh,Srikakulam,Ragolu,25.4,2026-03-09,01:00:00,88.0,2026-03-08,01:00:00,2026-03-09 01:19:31,27.75,Zone 4,59.9,Zone 5,27.9,Zone 4,37.3,Zone 4,34.5,Zone 4,54.5,Zone 5,46.3,Zone 5,61.3,Zone 5,59.9,Zone 5,64.0,Zone 5
Andhra Pradesh,Sri Potti Sriramulu Nellore,Podalakur,24.4,2026-03-09,00:30:00,,,,2026-03-09 01:19:31,,,,,,,,,,,,,,,,,,,,
Andhra Pradesh,Visakhapatnam,Anandapuram Arg,25.1,2026-03-09,01:00:00,83.0,2026-03-08,01:00:00,2026-03-09 01:19:31,26.850000000000023,Zone 4,55.4,Zone 5,26.7,Zone 4,35.5,Zone 4,32.8,Zone 4,46.2,Zone 5,38.5,Zone 4,59.6,Zone 5,55.4,Zone 5,62.5,Zone 5
Andhra Pradesh,Visakhapatnam,Mehadrigadda Dam,30.1,2026-03-09,01:15:00,90.0,2026-03-08,01:15:00,2026-03-09 01:19:31,46.75,Zone 5,67.9,Zone 5,45.4,Zone 5,63.6,Zone 5,61.6,Zone 5,66.7,Zone 5,65.4,Zone 5,68.8,Zone 5,67.9,Zone 5,70.4,Zone 5
Andhra Pradesh,Vizianagaram,Bobbili,25.5,2026-03-09,01:15:00,85.0,2026-03-08,01:15:00,2026-03-09 01:19:31,27.650000000000034,Zone 4,59.3,Zone 5,27.7,Zone 4,36.8,Zone 4,34.0,Zone 4,51.8,Zone 5,43.3,Zone 5,60.8,Zone 5,59.3,Zone 5,63.5,Zone 5
Andhra Pradesh,Vizianagaram,Vizianagaram,26.7,2026-03-09,01:00:00,89.0,2026-03-08,01:00:00,2026-03-09 01:19:31,30.350000000000023,Zone 4,61.7,Zone 5,29.9,Zone 4,44.3,Zone 5,36.9,Zone 4,59.9,Zone 5,55.3,Zone 5,63.1,Zone 5,61.7,Zone 5,65.5,Zone 5
Andhra Pradesh,West Godavari,Maruteru,25.8,2026-03-09,01:00:00,,,,2026-03-09 01:19:31,,,,,,,,,,,,,,,,,,,,
Andhra Pradesh,Ysr Kadapa,Utkuru Kvk,25.3,2026-03-09,01:15:00,99.0,2026-03-08,01:15:00,2026-03-09 01:19:31,28.450000000000045,Zone 4,62.2,Zone 5,28.9,Zone 4,46.2,Zone 5,36.7,Zone 5,60.3,Zone 5,57.1,Zone 5,63.4,Zone 5,62.2,Zone 5,65.8,Zone 5
Arunachal Pradesh,Anjaw,Hayuliang Circle,14.4,2026-03-09,01:15:00,87.0,2026-03-08,01:15:00,2026-03-09 01:19:31,13.950000000000045,Zone 2,28.8,Zone 4,14.0,Zone 3,22.8,Zone 3,21.2,Zone 3,26.2,Zone 4,24.9,Zone 3,30.2,Zone 4,28.8,Zone 4,34.1,Zone 4
Arunachal Pradesh,Anjaw,Kibitoo Circle,12.6,2026-03-09,00:30:00,73.0,2026-03-08,00:30:00,2026-03-09 01:19:31,11.650000000000034,Zone 2,26.5,Zone 4,11.6,Zone 2,21.0,Zone 3,19.1,Zone 3,24.5,Zone 3,23.5,Zone 3,27.8,Zone 4,26.5,Zone 4,31.4,Zone 4
Arunachal Pradesh,Anjaw,Wallong Circle,13.7,2026-03-09,00:30:00,70.0,2026-03-08,00:30:00,2026-03-09 01:19:31,12.650000000000034,Zone 2,27.3,Zone 4,12.4,Zone 2,21.7,Zone 3,19.9,Zone 3,25.0,Zone 3,24.0,Zone 3,28.7,Zone 4,27.3,Zone 4,32.3,Zone 4
Arunachal Pradesh,Dibang Valley,Anini,11.3,2026-03-09,01:00:00,97.0,2026-03-08,01:00:00,2026-03-09 01:19:31,11.25,Zone 2,26.1,Zone 4,11.4,Zone 2,20.6,Zone 3,18.9,Zone 3,24.2,Zone 3,23.2,Zone 3,27.4,Zone 4,26.1,Zone 4,31.2,Zone 4
Arunachal Pradesh,Kurung Kumey,Koloraing,15.5,2026-03-09,01:15:00,100.0,2026-03-08,01:15:00,2026-03-09 01:19:31,15.950000000000045,Zone 3,30.4,Zone 4,15.9,Zone 3,23.8,Zone 3,22.4,Zone 3,27.6,Zone 4,25.9,Zone 4,31.9,Zone 4,30.4,Zone 4,36.1,Zone 4
Arunachal Pradesh,Kurung Kumey,Nyapin,16.2,2026-03-09,00:30:00,,,,2026-03-09 01:19:31,,,,,,,,,,,,,,,,,,,,
Arunachal Pradesh,Longding,Longding,19.7,2026-03-09,01:00:00,,,,2026-03-09 01:19:31,,,,,,,,,,,,,,,,,,,,
Arunachal Pradesh,Namsai,Namsai Kvk,15.9,2026-03-09,01:15:00,100.0,2026-03-08,01:15:00,2026-03-09 01:19:31,16.450000000000045,Zone 3,31.0,Zone 4,16.6,Zone 3,24.2,Zone 3,22.8,Zone 3,28.2,Zone 4,26.5,Zone 4,32.6,Zone 4,31.0,Zone 4,36.9,Zone 5
Arunachal Pradesh,Pakke Kesang,Pakke Kesang,13.4,2026-03-09,01:00:00,100.0,2026-03-08,01:00:00,2026-03-09 01:19:31,13.450000000000045,Zone 2,28.1,Zone 4,13.5,Zone 2,22.3,Zone 3,20.7,Zone 3,25.4,Zone 4,24.5,Zone 3,29.6,Zone 4,28.1,Zone 4,33.6,Zone 4
Arunachal Pradesh,Shiyomi,Lamang 2,2.1,2026-03-09,00:30:00,97.0,2026-03-08,00:30:00,2026-03-09 01:19:31,2.0500000000000114,Zone 2,21.0,Zone 3,1.9,Zone 2,12.7,Zone 2,11.1,Zone 2,18.1,Zone 3,16.9,Zone 3,21.7,Zone 3,21.0,Zone 3,24.1,Zone 3
Arunachal Pradesh,Tawang,Tawang,6.6,2026-03-09,01:00:00,100.0,2026-03-08,01:00:00,2026-03-09 01:19:31,6.550000000000011,Zone 2,23.3,Zone 3,6.5,Zone 2,16.4,Zone 3,14.4,Zone 3,21.1,Zone 3,20.0,Zone 3,24.0,Zone 3,23.3,Zone 3,26.6,Zone 4
Arunachal Pradesh,Tirap,Deomali,17.9,2026-03-09,01:15:00,100.0,2026-03-08,01:15:00,2026-03-09 01:19:31,18.950000000000045,Zone 3,33.6,Zone 4,19.1,Zone 3,25.8,Zone 4,24.4,Zone 3,30.7,Zone 4,28.9,Zone 4,35.4,Zone 4,33.6,Zone 4,46.4,Zone 5
Arunachal Pradesh,Tirap,Longding,20.2,2026-03-09,01:00:00,,,,2026-03-09 01:19:31,,,,,,,,,,,,,,,,,,,,
Arunachal Pradesh,Upper Siang,Tuting,16.6,2026-03-09,01:00:00,99.0,2026-03-08,01:00:00,2026-03-09 01:19:31,17.25,Zone 3,31.5,Zone 4,17.1,Zone 3,24.5,Zone 3,23.2,Zone 3,28.7,Zone 4,27.0,Zone 4,33.2,Zone 4,31.5,Zone 4,38.6,Zone 5
Arunachal Pradesh,Upper Siang,Yingkiong,19.8,2026-03-09,01:00:00,99.0,2026-03-08,01:00:00,2026-03-09 01:19:31,21.150000000000034,Zone 3,36.6,Zone 4,21.4,Zone 3,28.5,Zone 4,26.3,Zone 4,33.6,Zone 4,31.6,Zone 4,42.3,Zone 5,36.6,Zone 4,56.5,Zone 5
Arunachal Pradesh,West Kameng,Bomdila,9.4,2026-03-09,01:00:00,,,,2026-03-09 01:19:31,,,,,,,,,,,,,,,,,,,,
Arunachal Pradesh,West Kameng,Dirang,17.2,2026-03-09,01:00:00,,,,2026-03-09 01:19:31,,,,,,,,,,,,,,,,,,,,
Arunachal Pradesh,West Kameng,Kalaktang,14.9,2026-03-09,01:00:00,100.0,2026-03-08,01:00:00,2026-03-09 01:19:31,15.150000000000034,Zone 3,29.8,Zone 4,15.3,Zone 3,23.4,Zone 3,22.0,Zone 3,27.0,Zone 4,25.4,Zone 4,31.3,Zone 4,29.8,Zone 4,35.4,Zone 4
Assam,Barpeta,Barpeta,21.4,2026-03-09,01:00:00,85.0,2026-03-08,01:00:00,2026-03-09 01:19:31,22.450000000000045,Zone 3,37.6,Zone 4,22.6,Zone 3,29.8,Zone 4,27.6,Zone 4,34.8,Zone 4,32.7,Zone 4,42.3,Zone 5,37.6,Zone 4,56.5,Zone 5
Assam,Barpeta,Barpeta Kvk,21.8,2026-03-09,01:15:00,97.0,2026-03-08,01:15:00,2026-03-09 01:19:31,23.350000000000023,Zone 3,46.9,Zone 5,23.6,Zone 3,31.5,Zone 4,29.1,Zone 4,37.2,Zone 5,34.7,Zone 4,53.5,Zone 5,46.9,Zone 5,60.7,Zone 5
Assam,Bongaigaon,Bongaigaon,21.7,2026-03-09,01:00:00,78.0,2026-03-08,01:00:00,2026-03-09 01:19:31,22.450000000000045,Zone 3,36.8,Zone 4,22.3,Zone 3,29.4,Zone 4,27.3,Zone 4,34.2,Zone 4,32.2,Zone 4,38.8,Zone 4,36.8,Zone 4,52.4,Zone 5
Assam,Bongaigaon,Manikpur,21.0,2026-03-09,01:00:00,100.0,2026-03-08,01:00:00,2026-03-09 01:19:31,22.650000000000034,Zone 3,42.5,Zone 5,22.6,Zone 3,30.0,Zone 4,27.7,Zone 4,35.4,Zone 4,33.3,Zone 4,49.1,Zone 5,42.5,Zone 5,59.8,Zone 5
Assam,Cachar,Cacher Kvk,22.5,2026-03-09,01:15:00,,,,2026-03-09 01:19:31,,,,,,,,,,,,,,,,,,,,
Assam,Cachar,Silchar Jns College,21.6,2026-03-09,01:00:00,98.0,2026-03-08,01:00:00,2026-03-09 01:19:31,23.25,Zone 3,44.3,Zone 5,23.1,Zone 3,30.7,Zone 4,28.3,Zone 4,36.1,Zone 4,33.9,Zone 4,51.0,Zone 5,44.3,Zone 5,60.2,Zone 5
Assam,Darrang,Dalgaon,23.6,2026-03-09,01:00:00,74.0,2026-03-08,01:00:00,2026-03-09 01:19:31,24.450000000000045,Zone 3,39.5,Zone 4,24.3,Zone 3,32.0,Zone 4,29.6,Zone 4,36.9,Zone 4,34.7,Zone 4,46.0,Zone 5,39.5,Zone 4,59.1,Zone 5
Assam,Darrang,Mangaldai,23.3,2026-03-09,01:00:00,71.0,2026-03-08,01:00:00,2026-03-09 01:19:31,23.950000000000045,Zone 3,39.1,Zone 4,24.2,Zone 3,31.7,Zone 4,29.4,Zone 4,36.5,Zone 4,34.4,Zone 4,43.8,Zone 5,39.1,Zone 4,57.6,Zone 5
Assam,Darrang,Mangaldoi Kvk,24.3,2026-03-09,01:15:00,,,,2026-03-09 01:19:31,,,,,,,,,,,,,,,,,,,,
Assam,Dibrugarh,Bcpl Dibrugarh,,,,100.0,2026-03-08,01:00:00,2026-03-09 01:19:31,,,,,,,,,,,,,,,,,,,,
Assam,Dibrugarh,Dc Ofc Dibrugarh,20.1,2026-03-09,01:00:00,100.0,2026-03-08,01:00:00,2026-03-09 01:19:31,21.55000000000001,Zone 3,36.9,Zone 5,21.5,Zone 3,28.5,Zone 4,26.3,Zone 4,33.7,Zone 4,31.7,Zone 4,42.9,Zone 5,36.9,Zone 5,57.0,Zone 5
Assam,Dibrugarh,Dibrugarh,15.2,2026-03-09,01:00:00,,,,2026-03-09 01:19:31,,,,,,,,,,,,,,,,,,,,
Assam,Dibrugarh,Lahowal,,,,8.0,2026-03-08,01:15:00,2026-03-09 01:19:31,,,,,,,,,,,,,,,,,,,,
Assam,Dima Hasao,Haflong,21.0,2026-03-09,00:45:00,71.0,2026-03-08,00:45:00,2026-03-09 01:19:31,21.350000000000023,Zone 3,35.4,Zone 4,21.3,Zone 3,28.4,Zone 4,26.3,Zone 4,33.0,Zone 4,31.0,Zone 4,37.3,Zone 4,35.4,Zone 4,45.6,Zone 5
Assam,Dima Hasao,Lkhep,23.9,2026-03-09,01:00:00,75.0,2026-03-08,01:00:00,2026-03-09 01:19:31,24.850000000000023,Zone 3,42.4,Zone 5,24.9,Zone 3,32.8,Zone 4,30.4,Zone 4,37.8,Zone 4,35.6,Zone 4,49.7,Zone 5,42.4,Zone 5,59.9,Zone 5
Assam,Goalpara,Goalpara,22.3,2026-03-09,01:00:00,95.0,2026-03-08,01:00:00,2026-03-09 01:19:31,23.850000000000023,Zone 3,48.7,Zone 5,24.1,Zone 3,32.2,Zone 4,29.7,Zone 4,38.9,Zone 5,35.4,Zone 4,55.2,Zone 5,48.7,Zone 5,61.1,Zone 5
Assam,Hajoi,Lumding,22.9,2026-03-09,01:00:00,70.0,2026-03-08,01:00:00,2026-03-09 01:19:31,23.450000000000045,Zone 3,38.2,Zone 4,23.6,Zone 3,30.9,Zone 4,28.7,Zone 4,35.7,Zone 4,33.6,Zone 4,40.5,Zone 5,38.2,Zone 4,54.7,Zone 5
Assam,Jorhat,Jorhat Amfu,20.9,2026-03-09,01:00:00,82.0,2026-03-08,01:00:00,2026-03-09 01:19:31,21.75,Zone 3,36.5,Zone 4,21.9,Zone 3,29.0,Zone 4,26.8,Zone 4,33.8,Zone 4,31.8,Zone 4,38.4,Zone 4,36.5,Zone 4,52.3,Zone 5
Assam,Kamrup,Chandubi,26.4,2026-03-09,01:00:00,97.0,2026-03-08,01:00:00,2026-03-09 01:19:31,30.650000000000034,Zone 4,63.5,Zone 5,30.9,Zone 4,53.4,Zone 5,43.3,Zone 5,61.7,Zone 5,60.0,Zone 5,64.6,Zone 5,63.5,Zone 5,66.8,Zone 5
Assam,Kamrup Metropolitan,Aau Hrs,25.3,2026-03-09,01:00:00,72.0,2026-03-08,01:00:00,2026-03-09 01:19:31,26.450000000000045,Zone 4,48.9,Zone 5,26.7,Zone 4,35.0,Zone 4,32.4,Zone 4,40.1,Zone 4,37.7,Zone 4,56.0,Zone 5,48.9,Zone 5,61.2,Zone 5
Assam,Kamrup Metropolitan,Down Town University,24.9,2026-03-09,01:00:00,78.0,2026-03-08,01:00:00,2026-03-09 01:19:31,26.25,Zone 4,51.1,Zone 5,26.4,Zone 4,34.8,Zone 4,32.3,Zone 4,41.8,Zone 5,37.7,Zone 4,57.7,Zone 5,51.1,Zone 5,61.6,Zone 5
Assam,Kamrup Metropolitan,Gauhati University,24.6,2026-03-09,01:00:00,79.0,2026-03-08,01:00:00,2026-03-09 01:19:31,25.850000000000023,Zone 4,48.8,Zone 5,25.7,Zone 4,34.1,Zone 4,31.6,Zone 4,39.5,Zone 5,37.0,Zone 4,55.7,Zone 5,48.8,Zone 5,61.2,Zone 5
Assam,Kamrup Metropolitan,Guwahati,25.5,2026-03-09,01:00:00,62.0,2026-03-08,01:00:00,2026-03-09 01:19:31,26.150000000000034,Zone 4,40.9,Zone 4,26.2,Zone 4,33.8,Zone 4,31.4,Zone 4,38.5,Zone 4,36.3,Zone 4,47.7,Zone 5,40.9,Zone 4,59.5,Zone 5
Assam,Kamrup Metropolitan,Kalakshetra,26.6,2026-03-09,01:00:00,,,,2026-03-09 01:19:31,,,,,,,,,,,,,,,,,,,,
Assam,Kamrup Metropolitan,Kamakhya,25.7,2026-03-09,01:15:00,62.0,2026-03-08,01:15:00,2026-03-09 01:19:31,26.450000000000045,Zone 4,40.9,Zone 4,26.2,Zone 4,33.8,Zone 4,31.4,Zone 4,38.5,Zone 4,36.3,Zone 4,47.7,Zone 5,40.9,Zone 4,59.5,Zone 5
Assam,Kamrup Metropolitan,Vcbc Rani,24.0,2026-03-09,01:00:00,99.0,2026-03-08,01:00:00,2026-03-09 01:19:31,26.05000000000001,Zone 4,59.6,Zone 5,26.1,Zone 4,35.6,Zone 4,32.8,Zone 4,53.0,Zone 5,45.0,Zone 5,61.0,Zone 5,59.6,Zone 5,63.7,Zone 5
Assam,Karbi Anglong,Diphu Amfu,19.5,2026-03-09,01:00:00,81.0,2026-03-08,01:00:00,2026-03-09 01:19:31,20.05000000000001,Zone 3,34.3,Zone 4,20.0,Zone 3,27.0,Zone 4,25.1,Zone 3,31.7,Zone 4,29.8,Zone 4,36.1,Zone 4,34.3,Zone 4,44.1,Zone 5
Assam,Karbi Anglong(East),Bakulia,23.9,2026-03-09,01:00:00,65.0,2026-03-08,01:00:00,2026-03-09 01:19:31,24.450000000000045,Zone 3,39.0,Zone 4,24.5,Zone 3,31.9,Zone 4,29.7,Zone 4,36.6,Zone 4,34.5,Zone 4,42.0,Zone 5,39.0,Zone 4,56.1,Zone 5
Assam,Karbi Anglong(East),Diphu,20.1,2026-03-09,01:00:00,91.0,2026-03-08,01:00:00,2026-03-09 01:19:31,21.150000000000034,Zone 3,35.8,Zone 4,21.1,Zone 3,28.1,Zone 4,26.0,Zone 4,33.0,Zone 4,31.0,Zone 4,37.9,Zone 5,35.8,Zone 4,52.2,Zone 5
Assam,Karbi Anglong(West),Kheronighat,24.1,2026-03-09,01:00:00,65.0,2026-03-08,01:00:00,2026-03-09 01:19:31,24.650000000000034,Zone 3,39.0,Zone 4,24.5,Zone 3,31.9,Zone 4,29.7,Zone 4,36.6,Zone 4,34.5,Zone 4,42.0,Zone 5,39.0,Zone 4,56.1,Zone 5
Assam,Karimganj,Harinagar,,,,10.0,2026-03-08,01:00:00,2026-03-09 01:19:31,,,,,,,,,,,,,,,,,,,,
Assam,Karimganj,Karimganj Amfu,29.4,2026-03-09,01:00:00,,,,2026-03-09 01:19:31,,,,,,,,,,,,,,,,,,,,
Assam,Marigaon,Dharamtul,25.4,2026-03-09,01:00:00,75.0,2026-03-08,01:00:00,2026-03-09 01:19:31,26.75,Zone 4,51.6,Zone 5,26.9,Zone 4,35.3,Zone 4,32.8,Zone 4,42.4,Zone 5,38.2,Zone 4,58.2,Zone 5,51.6,Zone 5,61.8,Zone 5
Assam,Marigaon,Laharighat,24.7,2026-03-09,01:00:00,74.0,2026-03-08,01:00:00,2026-03-09 01:19:31,25.75,Zone 4,44.6,Zone 5,25.5,Zone 4,33.5,Zone 4,31.1,Zone 4,38.6,Zone 4,36.3,Zone 4,51.9,Zone 5,44.6,Zone 5,60.3,Zone 5
Assam,Marigaon,Marigaon,24.9,2026-03-09,01:00:00,98.0,2026-03-08,01:00:00,2026-03-09 01:19:31,27.650000000000034,Zone 4,61.1,Zone 5,27.8,Zone 4,40.7,Zone 5,34.9,Zone 4,59.1,Zone 5,52.2,Zone 5,62.4,Zone 5,61.1,Zone 5,64.9,Zone 5
Assam,Nagaon,Kampur,22.6,2026-03-09,01:00:00,47.0,2026-03-08,01:00:00,2026-03-09 01:19:31,22.05000000000001,Zone 3,35.1,Zone 4,21.9,Zone 3,29.0,Zone 4,26.9,Zone 4,33.1,Zone 4,31.2,Zone 4,36.9,Zone 4,35.1,Zone 4,40.6,Zone 4
Assam,Nalbari,Chamata,26.0,2026-03-09,01:00:00,96.0,2026-03-08,01:00:00,2026-03-09 01:19:31,29.650000000000034,Zone 4,62.4,Zone 5,29.6,Zone 4,47.6,Zone 5,37.8,Zone 5,60.5,Zone 5,58.2,Zone 5,63.7,Zone 5,62.4,Zone 5,66.0,Zone 5
Assam,Nalbari,Nalbari,30.6,2026-03-09,01:00:00,81.0,2026-03-08,01:00:00,2026-03-09 01:19:31,38.950000000000045,Zone 4,66.5,Zone 5,38.6,Zone 4,61.8,Zone 5,59.6,Zone 5,65.2,Zone 5,63.7,Zone 5,67.6,Zone 5,66.5,Zone 5,69.3,Zone 5
Assam,Nalbari,Tihu,24.2,2026-03-09,01:00:00,74.0,2026-03-08,01:00:00,2026-03-09 01:19:31,25.05000000000001,Zone 3,41.7,Zone 5,24.9,Zone 3,32.7,Zone 4,30.3,Zone 4,37.7,Zone 4,35.5,Zone 4,48.9,Zone 5,41.7,Zone 5,59.7,Zone 5
Assam,Tamulpur,Mushalpur,23.4,2026-03-09,01:00:00,98.0,2026-03-08,01:00:00,2026-03-09 01:19:31,25.150000000000034,Zone 3,57.5,Zone 5,25.2,Zone 3,34.4,Zone 4,31.7,Zone 4,48.3,Zone 5,40.3,Zone 5,60.1,Zone 5,57.5,Zone 5,62.9,Zone 5
Assam,Tinsukia,Tinsukia,20.0,2026-03-09,01:00:00,83.0,2026-03-08,01:00:00,2026-03-09 01:19:31,20.75,Zone 3,35.1,Zone 4,20.7,Zone 3,27.7,Zone 4,25.7,Zone 4,32.5,Zone 4,30.5,Zone 4,37.0,Zone 4,35.1,Zone 4,47.7,Zone 5
Assam,Udalguri,Udalguri,21.1,2026-03-09,01:00:00,65.0,2026-03-08,01:00:00,2026-03-09 01:19:31,21.150000000000034,Zone 3,34.9,Zone 4,21.0,Zone 3,28.1,Zone 4,26.1,Zone 4,32.5,Zone 4,30.6,Zone 4,36.7,Zone 4,34.9,Zone 4,42.1,Zone 5
Assam,Udalguri,Udi Kvk,21.9,2026-03-09,01:15:00,,,,2026-03-09 01:19:31,,,,,,,,,,,,,,,,,,,,
Bihar,Aurangabad,Aurangabad Kvk,21.1,2026-03-09,01:15:00,89.0,2026-03-08,01:15:00,2026-03-09 01:19:31,22.25,Zone 3,37.2,Zone 4,22.2,Zone 3,29.4,Zone 4,27.1,Zone 4,34.4,Zone 4,32.3,Zone 4,42.1,Zone 5,37.2,Zone 4,56.2,Zone 5
Bihar,Buxar,Buxar,23.5,2026-03-09,01:00:00,83.0,2026-03-08,01:00:00,2026-03-09 01:19:31,24.650000000000034,Zone 3,45.8,Zone 5,24.7,Zone 3,32.8,Zone 4,30.3,Zone 4,38.0,Zone 4,35.7,Zone 4,52.8,Zone 5,45.8,Zone 5,60.6,Zone 5
Bihar,Gaya,Gaya Cusb,24.2,2026-03-09,00:45:00,87.0,2026-03-08,00:45:00,2026-03-09 01:19:31,25.75,Zone 4,52.3,Zone 5,25.4,Zone 4,34.1,Zone 4,31.5,Zone 4,42.7,Zone 5,37.2,Zone 4,58.5,Zone 5,52.3,Zone 5,61.8,Zone 5
Bihar,Jehanabad,Jehanabad,22.8,2026-03-09,01:00:00,90.0,2026-03-08,01:00:00,2026-03-09 01:19:31,24.25,Zone 3,48.2,Zone 5,24.4,Zone 3,32.6,Zone 4,30.1,Zone 4,38.6,Zone 5,35.7,Zone 4,54.9,Zone 5,48.2,Zone 5,61.0,Zone 5
Bihar,Kaimur,Bhabua,25.0,2026-03-09,01:00:00,88.0,2026-03-08,01:00:00,2026-03-09 01:19:31,27.05000000000001,Zone 4,59.1,Zone 5,27.0,Zone 4,36.2,Zone 4,33.5,Zone 4,50.8,Zone 5,42.4,Zone 5,60.6,Zone 5,59.1,Zone 5,63.3,Zone 5
Bihar,Madhubani,Chanpur Basaitha,21.7,2026-03-09,01:00:00,94.0,2026-03-08,01:00:00,2026-03-09 01:19:31,23.150000000000034,Zone 3,41.6,Zone 5,22.9,Zone 3,30.4,Zone 4,28.1,Zone 4,35.7,Zone 4,33.5,Zone 4,48.3,Zone 5,41.6,Zone 5,59.6,Zone 5
Bihar,Nalanda,Harnaut,23.0,2026-03-09,01:00:00,100.0,2026-03-08,01:00:00,2026-03-09 01:19:31,24.75,Zone 3,55.8,Zone 5,24.8,Zone 3,33.6,Zone 4,31.0,Zone 4,46.2,Zone 5,38.5,Zone 5,59.6,Zone 5,55.8,Zone 5,62.5,Zone 5
Bihar,Patna,Baldwin Academy,24.6,2026-03-09,01:00:00,88.0,2026-03-08,01:00:00,2026-03-09 01:19:31,26.350000000000023,Zone 4,56.3,Zone 5,26.2,Zone 4,35.1,Zone 4,32.5,Zone 4,47.1,Zone 5,39.0,Zone 5,59.8,Zone 5,56.3,Zone 5,62.6,Zone 5
Bihar,Patna,Danapur Dps,26.6,2026-03-09,01:00:00,87.0,2026-03-08,01:00:00,2026-03-09 01:19:31,29.850000000000023,Zone 4,61.3,Zone 5,29.7,Zone 4,42.1,Zone 5,36.5,Zone 4,59.4,Zone 5,53.2,Zone 5,62.7,Zone 5,61.3,Zone 5,65.1,Zone 5
Bihar,Patna,Iit Patna,23.1,2026-03-09,01:00:00,100.0,2026-03-08,01:00:00,2026-03-09 01:19:31,24.850000000000023,Zone 3,55.8,Zone 5,24.8,Zone 3,33.6,Zone 4,31.0,Zone 4,46.2,Zone 5,38.5,Zone 5,59.6,Zone 5,55.8,Zone 5,62.5,Zone 5
Bihar,Patna,Manava Bharati,,,,100.0,2026-03-08,01:00:00,2026-03-09 01:19:31,,,,,,,,,,,,,,,,,,,,
Bihar,Purnea,Purnea Imd,31.9,2026-03-09,00:45:00,90.0,2026-03-08,00:45:00,2026-03-09 01:19:31,62.05000000000001,Zone 5,71.3,Zone 5,62.4,Zone 5,68.3,Zone 5,66.8,Zone 5,70.5,Zone 5,69.5,Zone 5,72.6,Zone 6,71.3,Zone 5,75.5,Zone 6
Bihar,Rohtas,Dehri,31.2,2026-03-09,01:00:00,88.0,2026-03-08,01:00:00,2026-03-09 01:19:31,57.650000000000034,Zone 5,69.1,Zone 5,55.1,Zone 5,65.3,Zone 5,63.5,Zone 5,68.0,Zone 5,66.8,Zone 5,70.0,Zone 5,69.1,Zone 5,71.3,Zone 5
Bihar,Sheikpura,Sheikpura Kvk,22.0,2026-03-09,01:15:00,,,,2026-03-09 01:19:31,,,,,,,,,,,,,,,,,,,,
Bihar,Vaishali,Vaishali,22.7,2026-03-09,01:00:00,100.0,2026-03-08,01:00:00,2026-03-09 01:19:31,24.450000000000045,Zone 3,52.5,Zone 5,24.3,Zone 3,32.6,Zone 4,30.1,Zone 4,42.5,Zone 5,36.0,Zone 4,58.4,Zone 5,52.5,Zone 5,61.8,Zone 5
Chandigarh,Chandigarh,Chandigarh,22.4,2026-03-09,01:00:00,,,,2026-03-09 01:19:31,,,,,,,,,,,,,,,,,,,,
Chhattisgarh,Balrampur,Balrampur,20.1,2026-03-09,01:00:00,,,,2026-03-09 01:19:31,,,,,,,,,,,,,,,,,,,,
Chhattisgarh,Bilaspur,Bilaspur,25.8,2026-03-09,01:00:00,50.0,2026-03-08,01:00:00,2026-03-09 01:19:31,25.850000000000023,Zone 4,39.8,Zone 4,26.1,Zone 4,33.3,Zone 4,31.0,Zone 4,37.7,Zone 4,35.5,Zone 4,41.8,Zone 4,39.8,Zone 4,54.4,Zone 5
Chhattisgarh,Janjgir Champa,Janjgir,,,,53.0,2026-03-08,01:00:00,2026-03-09 01:19:31,,,,,,,,,,,,,,,,,,,,
Chhattisgarh,Janjgir Champa,Nawagarh,27.2,2026-03-09,01:00:00,48.0,2026-03-08,01:00:00,2026-03-09 01:19:31,27.450000000000045,Zone 4,40.9,Zone 4,27.2,Zone 4,34.4,Zone 4,32.1,Zone 4,38.8,Zone 4,36.6,Zone 4,43.2,Zone 5,40.9,Zone 4,57.0,Zone 5
Chhattisgarh,Janjgir Champa,Sakti,23.3,2026-03-09,01:00:00,73.0,2026-03-08,01:00:00,2026-03-09 01:19:31,24.05000000000001,Zone 3,39.3,Zone 4,24.3,Zone 3,31.9,Zone 4,29.6,Zone 4,36.8,Zone 4,34.6,Zone 4,45.3,Zone 5,39.3,Zone 4,58.8,Zone 5
Chhattisgarh,Jashpur,Bagicha,21.3,2026-03-09,01:00:00,70.0,2026-03-08,01:00:00,2026-03-09 01:19:31,21.650000000000034,Zone 3,36.0,Zone 4,21.9,Zone 3,29.0,Zone 4,26.9,Zone 4,33.6,Zone 4,31.6,Zone 4,37.9,Zone 4,36.0,Zone 4,47.4,Zone 5
Chhattisgarh,Jashpur,Jashpur,22.7,2026-03-09,01:15:00,62.0,2026-03-08,01:15:00,2026-03-09 01:19:31,22.850000000000023,Zone 3,36.6,Zone 4,22.7,Zone 3,29.8,Zone 4,27.7,Zone 4,34.2,Zone 4,32.2,Zone 4,38.4,Zone 4,36.6,Zone 4,47.1,Zone 5
Chhattisgarh,Jashpur,Pathalgaon,23.7,2026-03-09,01:00:00,60.0,2026-03-08,01:00:00,2026-03-09 01:19:31,23.950000000000045,Zone 3,37.7,Zone 4,23.7,Zone 3,30.9,Zone 4,28.7,Zone 4,35.4,Zone 4,33.3,Zone 4,39.6,Zone 4,37.7,Zone 4,50.4,Zone 5
Chhattisgarh,Korba,Lakhanpur Kvk,24.2,2026-03-09,01:15:00,55.0,2026-03-08,01:15:00,2026-03-09 01:19:31,24.25,Zone 3,37.8,Zone 4,24.1,Zone 3,31.2,Zone 4,29.0,Zone 4,35.5,Zone 4,33.5,Zone 4,39.7,Zone 4,37.8,Zone 4,49.2,Zone 5
Chhattisgarh,Koriya,Koriya Kvk,23.3,2026-03-09,01:15:00,,,,2026-03-09 01:19:31,,,,,,,,,,,,,,,,,,,,
Chhattisgarh,Mahasamund,Pithora,22.4,2026-03-09,01:00:00,70.0,2026-03-08,01:00:00,2026-03-09 01:19:31,22.950000000000045,Zone 3,37.4,Zone 4,23.0,Zone 3,30.3,Zone 4,28.1,Zone 4,34.9,Zone 4,32.9,Zone 4,39.4,Zone 4,37.4,Zone 4,52.3,Zone 5
Chhattisgarh,Raigarh,Dharamjaigarh,23.2,2026-03-09,01:00:00,73.0,2026-03-08,01:00:00,2026-03-09 01:19:31,23.950000000000045,Zone 3,38.5,Zone 4,23.7,Zone 3,31.2,Zone 4,28.9,Zone 4,36.0,Zone 4,33.9,Zone 4,42.5,Zone 5,38.5,Zone 4,56.6,Zone 5
Chhattisgarh,Raigarh,Raigarh,25.1,2026-03-09,01:15:00,74.0,2026-03-08,01:15:00,2026-03-09 01:19:31,26.25,Zone 4,47.6,Zone 5,26.1,Zone 4,34.3,Zone 4,31.9,Zone 4,39.5,Zone 4,37.1,Zone 4,54.8,Zone 5,47.6,Zone 5,61.0,Zone 5
Chhattisgarh,Rajnandgaon,Rajnandgaon,25.5,2026-03-09,01:00:00,46.0,2026-03-08,01:00:00,2026-03-09 01:19:31,25.350000000000023,Zone 4,38.6,Zone 4,25.4,Zone 4,32.3,Zone 4,30.1,Zone 4,36.5,Zone 4,34.4,Zone 4,40.5,Zone 4,38.6,Zone 4,49.1,Zone 5
Daman And Diu,Daman,Daman Aws,25.4,2026-03-09,01:00:00,54.0,2026-03-08,01:00:00,2026-03-09 01:19:31,25.650000000000034,Zone 4,39.7,Zone 4,25.7,Zone 4,33.0,Zone 4,30.7,Zone 4,37.5,Zone 4,35.3,Zone 4,41.7,Zone 4,39.7,Zone 4,55.2,Zone 5
Delhi,Central Delhi,Pragati Maidan,24.3,2026-03-09,01:00:00,,,,2026-03-09 01:19:31,,,,,,,,,,,,,,,,,,,,
Delhi,East Delhi,Salwan Public School,20.7,2026-03-09,01:00:00,99.0,2026-03-08,01:00:00,2026-03-09 01:19:31,22.25,Zone 3,39.0,Zone 5,22.0,Zone 3,29.2,Zone 4,27.0,Zone 4,34.5,Zone 4,32.4,Zone 4,45.3,Zone 5,39.0,Zone 5,58.9,Zone 5
Delhi,New Delhi,Sports Complex,24.2,2026-03-09,01:00:00,95.0,2026-03-08,01:00:00,2026-03-09 01:19:31,26.150000000000034,Zone 4,58.4,Zone 5,25.8,Zone 4,35.0,Zone 4,32.4,Zone 4,49.6,Zone 5,41.4,Zone 5,60.3,Zone 5,58.4,Zone 5,63.1,Zone 5
Delhi,North West Delhi,Pitampura,24.9,2026-03-09,01:00:00,87.0,2026-03-08,01:00:00,2026-03-09 01:19:31,26.850000000000023,Zone 4,58.5,Zone 5,27.0,Zone 4,36.0,Zone 4,33.3,Zone 4,49.9,Zone 5,41.5,Zone 5,60.4,Zone 5,58.5,Zone 5,63.1,Zone 5
Delhi,South Delhi,Lodi Road,21.3,2026-03-09,01:00:00,,,,2026-03-09 01:19:31,,,,,,,,,,,,,,,,,,,,
Delhi,South West Delhi,Ayanagar,19.3,2026-03-09,01:00:00,85.0,2026-03-08,01:00:00,2026-03-09 01:19:31,19.950000000000045,Zone 3,34.6,Zone 4,20.2,Zone 3,27.2,Zone 4,25.2,Zone 3,31.9,Zone 4,30.0,Zone 4,36.4,Zone 4,34.6,Zone 4,46.3,Zone 5
Delhi,South West Delhi,Jafarpur,19.9,2026-03-09,01:00:00,,,,2026-03-09 01:19:31,,,,,,,,,,,,,,,,,,,,
Delhi,South West Delhi,Najafgarh,22.3,2026-03-09,01:00:00,100.0,2026-03-08,01:00:00,2026-03-09 01:19:31,24.05000000000001,Zone 3,52.5,Zone 5,24.3,Zone 3,32.6,Zone 4,30.1,Zone 4,42.5,Zone 5,36.0,Zone 4,58.4,Zone 5,52.5,Zone 5,61.8,Zone 5
Goa,North Goa,Goa State Biodiversity Board,25.4,2026-03-09,01:00:00,99.0,2026-03-08,01:00:00,2026-03-09 01:19:31,28.650000000000034,Zone 4,62.2,Zone 5,28.9,Zone 4,46.2,Zone 5,36.7,Zone 5,60.3,Zone 5,57.1,Zone 5,63.4,Zone 5,62.2,Zone 5,65.8,Zone 5
Goa,North Goa,Mapusa,25.3,2026-03-09,01:00:00,,,,2026-03-09 01:19:31,,,,,,,,,,,,,,,,,,,,
Goa,North Goa,Pernem,23.8,2026-03-09,01:00:00,100.0,2026-03-08,01:00:00,2026-03-09 01:19:31,25.75,Zone 4,59.8,Zone 5,26.1,Zone 4,35.7,Zone 4,32.9,Zone 4,53.8,Zone 5,45.9,Zone 5,61.2,Zone 5,59.8,Zone 5,63.9,Zone 5
Gujarat,Ahmedabad,Ahmedabad,28.2,2026-03-09,01:00:00,41.0,2026-03-08,01:00:00,2026-03-09 01:19:31,28.150000000000034,Zone 4,41.0,Zone 4,27.9,Zone 4,34.9,Zone 4,32.6,Zone 4,39.1,Zone 4,36.9,Zone 4,43.1,Zone 4,41.0,Zone 4,55.5,Zone 5
Gujarat,Amreli,Jafrabad,28.6,2026-03-09,01:00:00,71.0,2026-03-08,01:00:00,2026-03-09 01:19:31,31.75,Zone 4,60.8,Zone 5,31.6,Zone 4,40.7,Zone 4,37.8,Zone 4,58.8,Zone 5,50.6,Zone 5,62.3,Zone 5,60.8,Zone 5,64.8,Zone 5
Gujarat,Amreli,Rajula,26.0,2026-03-09,01:00:00,59.0,2026-03-08,01:00:00,2026-03-09 01:19:31,26.650000000000034,Zone 4,41.2,Zone 4,26.6,Zone 4,34.2,Zone 4,31.8,Zone 4,38.9,Zone 4,36.7,Zone 4,47.8,Zone 5,41.2,Zone 4,59.5,Zone 5
Gujarat,Banaskantha,Dantewada Amfu,33.3,2026-03-09,01:00:00,70.0,2026-03-08,01:00:00,2026-03-09 01:19:31,47.25,Zone 5,68.4,Zone 5,49.8,Zone 5,64.5,Zone 5,62.4,Zone 5,67.4,Zone 5,66.0,Zone 5,69.4,Zone 5,68.4,Zone 5,70.9,Zone 5
Gujarat,Dahod,Dahod Kvk,21.4,2026-03-09,01:15:00,41.0,2026-03-08,01:15:00,2026-03-09 01:19:31,20.25,Zone 3,33.6,Zone 4,20.3,Zone 3,27.7,Zone 4,25.7,Zone 4,31.6,Zone 4,29.8,Zone 4,35.3,Zone 4,33.6,Zone 4,38.9,Zone 4
Gujarat,Dang,Dang Kvk,19.6,2026-03-09,01:15:00,53.0,2026-03-08,01:15:00,2026-03-09 01:19:31,18.650000000000034,Zone 3,32.4,Zone 4,18.6,Zone 3,26.1,Zone 4,24.4,Zone 3,30.2,Zone 4,28.4,Zone 4,34.0,Zone 4,32.4,Zone 4,37.7,Zone 4
Gujarat,Gandhinagar,Gandhinagar,25.7,2026-03-09,01:00:00,49.0,2026-03-08,01:00:00,2026-03-09 01:19:31,25.75,Zone 4,39.0,Zone 4,25.5,Zone 4,32.6,Zone 4,30.3,Zone 4,36.9,Zone 4,34.8,Zone 4,41.0,Zone 4,39.0,Zone 4,51.4,Zone 5
Gujarat,Kachchh,Bachau Amfu,25.4,2026-03-09,01:00:00,47.0,2026-03-08,01:00:00,2026-03-09 01:19:31,25.25,Zone 4,38.7,Zone 4,25.4,Zone 4,32.4,Zone 4,30.2,Zone 4,36.6,Zone 4,34.6,Zone 4,40.7,Zone 4,38.7,Zone 4,49.8,Zone 5
Gujarat,Kachchh,Kandla,26.1,2026-03-09,01:00:00,59.0,2026-03-08,01:00:00,2026-03-09 01:19:31,26.75,Zone 4,41.2,Zone 4,26.6,Zone 4,34.2,Zone 4,31.8,Zone 4,38.9,Zone 4,36.7,Zone 4,47.8,Zone 5,41.2,Zone 4,59.5,Zone 5
Gujarat,Panchmahal,Godra,,,,65.0,2026-03-08,01:00:00,2026-03-09 01:19:31,,,,,,,,,,,,,,,,,,,,
Gujarat,Patan,Patan,22.3,2026-03-09,01:00:00,51.0,2026-03-08,01:00:00,2026-03-09 01:19:31,21.850000000000023,Zone 3,35.5,Zone 4,22.1,Zone 3,29.2,Zone 4,27.1,Zone 4,33.3,Zone 4,31.4,Zone 4,37.3,Zone 4,35.5,Zone 4,41.1,Zone 4
Gujarat,Sabarkantha,Bayad,27.4,2026-03-09,00:45:00,33.0,2026-03-08,00:45:00,2026-03-09 01:19:31,26.75,Zone 4,39.2,Zone 4,26.9,Zone 4,33.4,Zone 4,31.2,Zone 4,37.4,Zone 4,35.3,Zone 4,41.1,Zone 4,39.2,Zone 4,46.4,Zone 5
Gujarat,Surat,Surat Kvk,27.7,2026-03-09,01:15:00,,,,2026-03-09 01:19:31,,,,,,,,,,,,,,,,,,,,
Gujarat,Surendranagar,Surendranagar,25.8,2026-03-09,01:00:00,35.0,2026-03-08,01:00:00,2026-03-09 01:19:31,25.150000000000034,Zone 3,37.7,Zone 4,25.4,Zone 4,32.0,Zone 4,29.8,Zone 4,35.9,Zone 4,33.9,Zone 4,39.7,Zone 4,37.7,Zone 4,43.3,Zone 4
Haryana,Bhiwani,Bhiwani,22.9,2026-03-09,01:00:00,,,,2026-03-09 01:19:31,,,,,,,,,,,,,,,,,,,,
Haryana,Gurgaon,Gurgaon,16.9,2026-03-09,01:00:00,99.0,2026-03-08,01:00:00,2026-03-09 01:19:31,17.650000000000034,Zone 3,32.2,Zone 4,17.8,Zone 3,24.9,Zone 3,23.6,Zone 3,29.4,Zone 4,27.6,Zone 4,33.9,Zone 4,32.2,Zone 4,40.8,Zone 5
Haryana,Gurgaon,Gurgaon Kvk,18.4,2026-03-09,01:15:00,62.0,2026-03-08,01:15:00,2026-03-09 01:19:31,17.650000000000034,Zone 3,31.9,Zone 4,17.8,Zone 3,25.3,Zone 4,23.9,Zone 3,29.5,Zone 4,27.8,Zone 4,33.5,Zone 4,31.9,Zone 4,37.3,Zone 4
Haryana,Jind,Pandu Pindara,21.2,2026-03-09,01:00:00,,,,2026-03-09 01:19:31,,,,,,,,,,,,,,,,,,,,
Haryana,Karnal,Uchani,21.3,2026-03-09,01:00:00,94.0,2026-03-08,01:00:00,2026-03-09 01:19:31,22.75,Zone 3,41.6,Zone 5,22.9,Zone 3,30.4,Zone 4,28.1,Zone 4,35.7,Zone 4,33.5,Zone 4,48.3,Zone 5,41.6,Zone 5,59.6,Zone 5
Haryana,Mahendragarh,Mahendragarh Aws,18.7,2026-03-09,01:00:00,99.0,2026-03-08,01:00:00,2026-03-09 01:19:31,19.850000000000023,Zone 3,34.2,Zone 4,19.6,Zone 3,26.4,Zone 4,24.7,Zone 3,31.4,Zone 4,29.5,Zone 4,36.1,Zone 4,34.2,Zone 4,48.5,Zone 5
Haryana,Mewat,Mandkola,18.9,2026-03-09,01:00:00,18.0,2026-03-08,01:00:00,2026-03-09 01:19:31,15.75,Zone 3,30.2,Zone 4,15.8,Zone 3,24.8,Zone 3,23.0,Zone 3,28.3,Zone 4,26.8,Zone 4,31.7,Zone 4,30.2,Zone 4,34.9,Zone 4
Haryana,Mewat,Nuh,22.7,2026-03-09,01:00:00,,,,2026-03-09 01:19:31,,,,,,,,,,,,,,,,,,,,
Haryana,Panipat,Ujha,23.7,2026-03-09,01:00:00,99.0,2026-03-08,01:00:00,2026-03-09 01:19:31,25.55000000000001,Zone 4,58.2,Zone 5,25.2,Zone 3,34.5,Zone 4,31.8,Zone 4,49.1,Zone 5,41.2,Zone 5,60.2,Zone 5,58.2,Zone 5,63.0,Zone 5
Haryana,Rohtak,Rohtak,21.4,2026-03-09,01:00:00,99.0,2026-03-08,01:00:00,2026-03-09 01:19:31,23.05000000000001,Zone 3,45.0,Zone 5,23.1,Zone 3,30.8,Zone 4,28.4,Zone 4,36.3,Zone 4,34.0,Zone 4,51.7,Zone 5,45.0,Zone 5,60.3,Zone 5
Haryana,Sirsa,Sirsa,19.1,2026-03-09,01:00:00,100.0,2026-03-08,01:00:00,2026-03-09 01:19:31,20.450000000000045,Zone 3,35.1,Zone 4,20.3,Zone 3,27.1,Zone 4,25.1,Zone 3,32.2,Zone 4,30.2,Zone 4,37.5,Zone 5,35.1,Zone 4,51.8,Zone 5
Himachal Pradesh,Bilaspur,Bilaspur Kvk,14.1,2026-03-09,01:15:00,100.0,2026-03-08,01:15:00,2026-03-09 01:19:31,14.150000000000034,Zone 3,28.7,Zone 4,14.0,Zone 2,22.7,Zone 3,21.1,Zone 3,26.0,Zone 4,24.8,Zone 3,30.1,Zone 4,28.7,Zone 4,34.2,Zone 4
Himachal Pradesh,Kullu,Seobagh Amfu,,,,55.0,2026-03-08,01:00:00,2026-03-09 01:19:31,,,,,,,,,,,,,,,,,,,,
Himachal Pradesh,Mandi,Sundernagar Kvk,15.2,2026-03-09,01:15:00,92.0,2026-03-08,01:15:00,2026-03-09 01:19:31,15.150000000000034,Zone 3,29.5,Zone 4,14.9,Zone 3,23.3,Zone 3,21.8,Zone 3,26.8,Zone 4,25.2,Zone 3,31.0,Zone 4,29.5,Zone 4,35.0,Zone 4
Himachal Pradesh,Solan,Kasauli,19.3,2026-03-09,00:30:00,13.0,2026-03-08,00:30:00,2026-03-09 01:19:31,15.850000000000023,Zone 3,30.3,Zone 4,16.1,Zone 3,25.1,Zone 3,23.2,Zone 3,28.6,Zone 4,27.0,Zone 4,31.9,Zone 4,30.3,Zone 4,35.0,Zone 4
Jammu And Kashmir,Anantnag,Anantnag,7.8,2026-03-09,01:00:00,84.0,2026-03-08,01:00:00,2026-03-09 01:19:31,7.350000000000023,Zone 2,23.9,Zone 3,7.5,Zone 2,17.4,Zone 3,15.4,Zone 3,21.9,Zone 3,20.8,Zone 3,24.6,Zone 3,23.9,Zone 3,27.6,Zone 4
Jammu And Kashmir,Anantnag,Khudwani,9.0,2026-03-09,01:00:00,84.0,2026-03-08,01:00:00,2026-03-09 01:19:31,8.550000000000011,Zone 2,24.4,Zone 3,8.5,Zone 2,18.3,Zone 3,16.3,Zone 3,22.5,Zone 3,21.4,Zone 3,25.1,Zone 3,24.4,Zone 3,28.5,Zone 4
Jammu And Kashmir,Anantnag,Larnoo,5.4,2026-03-09,01:00:00,99.0,2026-03-08,01:00:00,2026-03-09 01:19:31,5.350000000000023,Zone 2,22.8,Zone 3,5.5,Zone 2,15.5,Zone 3,13.6,Zone 2,20.5,Zone 3,19.3,Zone 3,23.5,Zone 3,22.8,Zone 3,25.8,Zone 4
Jammu And Kashmir,Anantnag,Pahalgam,5.4,2026-03-09,01:00:00,77.0,2026-03-08,01:00:00,2026-03-09 01:19:31,4.850000000000023,Zone 2,22.6,Zone 3,4.9,Zone 2,15.1,Zone 3,13.3,Zone 2,20.2,Zone 3,19.0,Zone 3,23.4,Zone 3,22.6,Zone 3,25.5,Zone 4
Jammu And Kashmir,Badgam,Harran,9.4,2026-03-09,01:00:00,73.0,2026-03-08,01:00:00,2026-03-09 01:19:31,8.550000000000011,Zone 2,24.5,Zone 3,8.7,Zone 2,18.5,Zone 3,16.5,Zone 3,22.7,Zone 3,21.6,Zone 3,25.2,Zone 3,24.5,Zone 3,28.7,Zone 4
Jammu And Kashmir,Bandipora,Bandipora,9.5,2026-03-09,00:45:00,,,,2026-03-09 01:19:31,,,,,,,,,,,,,,,,,,,,
Jammu And Kashmir,Baramulla,Baramulla Amfu,21.6,2026-03-09,01:00:00,76.0,2026-03-08,01:00:00,2026-03-09 01:19:31,22.25,Zone 3,36.6,Zone 4,22.2,Zone 3,29.3,Zone 4,27.2,Zone 4,34.0,Zone 4,32.0,Zone 4,38.5,Zone 4,36.6,Zone 4,51.2,Zone 5
Jammu And Kashmir,Baramulla,Baramulla Kvk,9.4,2026-03-09,01:15:00,66.0,2026-03-08,01:15:00,2026-03-09 01:19:31,8.350000000000023,Zone 2,24.5,Zone 3,8.5,Zone 2,18.4,Zone 3,16.3,Zone 3,22.6,Zone 3,21.5,Zone 3,25.2,Zone 3,24.5,Zone 3,28.6,Zone 4
Jammu And Kashmir,Baramulla,Gulmarg,5.2,2026-03-09,01:00:00,36.0,2026-03-08,01:00:00,2026-03-09 01:19:31,3.5500000000000114,Zone 2,21.9,Zone 3,3.4,Zone 2,14.0,Zone 2,12.2,Zone 2,19.4,Zone 3,18.1,Zone 3,22.8,Zone 3,21.9,Zone 3,25.0,Zone 3
Jammu And Kashmir,Ganderbal,Ganderbal,12.6,2026-03-09,01:00:00,41.0,2026-03-08,01:00:00,2026-03-09 01:19:31,10.550000000000011,Zone 2,25.8,Zone 4,10.4,Zone 2,20.3,Zone 3,18.3,Zone 3,24.1,Zone 3,22.9,Zone 3,27.1,Zone 4,25.8,Zone 4,30.5,Zone 4
Jammu And Kashmir,Ganderbal,Sonemarg,5.1,2026-03-09,01:00:00,85.0,2026-03-08,01:00:00,2026-03-09 01:19:31,4.75,Zone 2,22.4,Zone 3,4.6,Zone 2,14.8,Zone 3,13.0,Zone 2,20.0,Zone 3,18.8,Zone 3,23.2,Zone 3,22.4,Zone 3,25.2,Zone 3
Jammu And Kashmir,Jammu,Chatha Amfu,19.4,2026-03-09,01:00:00,92.0,2026-03-08,01:00:00,2026-03-09 01:19:31,20.450000000000045,Zone 3,35.2,Zone 4,20.5,Zone 3,27.5,Zone 4,25.4,Zone 4,32.4,Zone 4,30.4,Zone 4,37.0,Zone 4,35.2,Zone 4,50.2,Zone 5
Jammu And Kashmir,Kathua,Kathua Kvk,18.6,2026-03-09,01:15:00,100.0,2026-03-08,01:15:00,2026-03-09 01:19:31,19.850000000000023,Zone 3,34.3,Zone 4,19.7,Zone 3,26.5,Zone 4,24.8,Zone 3,31.4,Zone 4,29.5,Zone 4,36.1,Zone 4,34.3,Zone 4,49.1,Zone 5
Jammu And Kashmir,Kishtwar,Gulabgarh,4.7,2026-03-09,01:00:00,53.0,2026-03-08,01:00:00,2026-03-09 01:19:31,3.5500000000000114,Zone 2,21.9,Zone 3,3.4,Zone 2,13.9,Zone 2,12.2,Zone 2,19.3,Zone 3,18.0,Zone 3,22.7,Zone 3,21.9,Zone 3,24.9,Zone 3
Jammu And Kashmir,Kishtwar,Kishtwar,14.6,2026-03-09,00:45:00,52.0,2026-03-08,00:45:00,2026-03-09 01:19:31,12.850000000000023,Zone 2,27.7,Zone 4,12.7,Zone 2,22.1,Zone 3,20.3,Zone 3,25.4,Zone 4,24.3,Zone 3,29.1,Zone 4,27.7,Zone 4,32.6,Zone 4
Jammu And Kashmir,Kulgam,Kulgam Amfu,13.5,2026-03-09,01:15:00,61.0,2026-03-08,01:15:00,2026-03-09 01:19:31,12.150000000000034,Zone 2,27.1,Zone 4,12.1,Zone 2,21.5,Zone 3,19.7,Zone 3,24.9,Zone 3,23.9,Zone 3,28.4,Zone 4,27.1,Zone 4,32.0,Zone 4
Jammu And Kashmir,Kupwara,Kupw Kvk,9.3,2026-03-09,01:15:00,69.0,2026-03-08,01:15:00,2026-03-09 01:19:31,8.350000000000023,Zone 2,24.5,Zone 3,8.6,Zone 2,18.4,Zone 3,16.4,Zone 3,22.7,Zone 3,21.5,Zone 3,25.2,Zone 3,24.5,Zone 3,28.6,Zone 4
Jammu And Kashmir,Poonch,Rajpura Mandi,14.0,2026-03-09,01:00:00,39.0,2026-03-08,01:00:00,2026-03-09 01:19:31,11.75,Zone 2,27.0,Zone 4,11.7,Zone 2,21.5,Zone 3,19.5,Zone 3,24.9,Zone 3,23.8,Zone 3,28.3,Zone 4,27.0,Zone 4,31.7,Zone 4
Jammu And Kashmir,Pulwama,Tral,12.2,2026-03-09,01:00:00,63.0,2026-03-08,01:00:00,2026-03-09 01:19:31,10.950000000000045,Zone 2,25.9,Zone 4,10.8,Zone 2,20.4,Zone 3,18.4,Zone 3,24.1,Zone 3,23.0,Zone 3,27.2,Zone 4,25.9,Zone 4,30.7,Zone 4
Jammu And Kashmir,Rajouri,Rajouri Arg,15.2,2026-03-09,01:00:00,42.0,2026-03-08,01:00:00,2026-03-09 01:19:31,12.950000000000045,Zone 2,27.8,Zone 4,12.8,Zone 2,22.3,Zone 3,20.4,Zone 3,25.7,Zone 4,24.5,Zone 3,29.2,Zone 4,27.8,Zone 4,32.6,Zone 4
Jammu And Kashmir,Ramban,Govindpura,18.1,2026-03-09,01:00:00,57.0,2026-03-08,01:00:00,2026-03-09 01:19:31,17.05000000000001,Zone 3,31.1,Zone 4,16.9,Zone 3,24.9,Zone 3,23.3,Zone 3,28.8,Zone 4,27.1,Zone 4,32.7,Zone 4,31.1,Zone 4,36.4,Zone 4
Jammu And Kashmir,Reasi,Reasi Kvk,17.4,2026-03-09,01:15:00,95.0,2026-03-08,01:15:00,2026-03-09 01:19:31,18.05000000000001,Zone 3,32.6,Zone 4,18.2,Zone 3,25.2,Zone 3,23.9,Zone 3,29.8,Zone 4,28.0,Zone 4,34.3,Zone 4,32.6,Zone 4,41.4,Zone 5
Jammu And Kashmir,Samba,Samba,15.8,2026-03-09,01:15:00,94.0,2026-03-08,01:15:00,2026-03-09 01:19:31,16.05000000000001,Zone 3,30.7,Zone 4,16.3,Zone 3,24.1,Zone 3,22.6,Zone 3,28.0,Zone 4,26.3,Zone 4,32.3,Zone 4,30.7,Zone 4,36.4,Zone 4
Jammu And Kashmir,Shopian,Shopian,10.2,2026-03-09,01:00:00,50.0,2026-03-08,01:00:00,2026-03-09 01:19:31,8.650000000000034,Zone 2,24.5,Zone 3,8.4,Zone 2,18.5,Zone 3,16.4,Zone 3,22.7,Zone 3,21.5,Zone 3,25.3,Zone 3,24.5,Zone 3,28.6,Zone 4
Jammu And Kashmir,Srinagar,Srinagar Amfu,9.8,2026-03-09,01:00:00,69.0,2026-03-08,01:00:00,2026-03-09 01:19:31,8.850000000000023,Zone 2,24.7,Zone 3,9.0,Zone 2,18.8,Zone 3,16.8,Zone 3,23.0,Zone 3,21.8,Zone 3,25.6,Zone 4,24.7,Zone 3,29.0,Zone 4
Jammu And Kashmir,Srinagar,Srinagar Tdma Test,28.4,2026-03-09,01:00:00,58.0,2026-03-08,01:00:00,2026-03-09 01:19:31,29.850000000000023,Zone 4,53.2,Zone 5,30.0,Zone 4,38.1,Zone 4,35.5,Zone 4,44.8,Zone 5,40.6,Zone 4,59.3,Zone 5,53.2,Zone 5,62.2,Zone 5
Jammu And Kashmir,Udhampur,Kawa,16.7,2026-03-09,01:00:00,100.0,2026-03-08,01:00:00,2026-03-09 01:19:31,17.450000000000045,Zone 3,31.6,Zone 4,17.2,Zone 3,24.5,Zone 3,23.2,Zone 3,28.8,Zone 4,27.0,Zone 4,33.2,Zone 4,31.6,Zone 4,39.0,Zone 5
Jharkhand,Gumla,Gumla-Bishnupur Kvk,17.7,2026-03-09,01:15:00,96.0,2026-03-08,01:15:00,2026-03-09 01:19:31,18.55000000000001,Zone 3,32.6,Zone 4,18.3,Zone 3,25.2,Zone 3,23.9,Zone 3,29.9,Zone 4,28.1,Zone 4,34.4,Zone 4,32.6,Zone 4,41.9,Zone 5
Jharkhand,Khunti,Diyakel-Khunti Kvk,22.2,2026-03-09,01:15:00,,,,2026-03-09 01:19:31,,,,,,,,,,,,,,,,,,,,
Jharkhand,Lohardaga,Lohardaga Kvk,22.1,2026-03-09,01:15:00,,,,2026-03-09 01:19:31,,,,,,,,,,,,,,,,,,,,
Jharkhand,Pakur,Pakur Kvk,21.5,2026-03-09,01:15:00,,,,2026-03-09 01:19:31,,,,,,,,,,,,,,,,,,,,
Jharkhand,Ramgarh,Ramgarh Kvk,,,,100.0,2026-03-08,01:15:00,2026-03-09 01:19:31,,,,,,,,,,,,,,,,,,,,
Jharkhand,Simdega,Bano-Simdega Kvk,21.6,2026-03-09,01:15:00,80.0,2026-03-08,01:15:00,2026-03-09 01:19:31,22.450000000000045,Zone 3,37.0,Zone 4,22.3,Zone 3,29.5,Zone 4,27.4,Zone 4,34.4,Zone 4,32.3,Zone 4,39.3,Zone 5,37.0,Zone 4,53.6,Zone 5
Jharkhand,West Singhbhum,Jagannathpur-Bau Kvk,23.7,2026-03-09,01:15:00,,,,2026-03-09 01:19:31,,,,,,,,,,,,,,,,,,,,
Karnataka,Bagalkot,Bagalkot Kvk,24.4,2026-03-09,01:15:00,35.0,2026-03-08,01:15:00,2026-03-09 01:19:31,23.55000000000001,Zone 3,36.2,Zone 4,23.6,Zone 3,30.4,Zone 4,28.3,Zone 4,34.3,Zone 4,32.4,Zone 4,38.0,Zone 4,36.2,Zone 4,41.5,Zone 4
Karnataka,Bangalore Urban,Bangalore,23.8,2026-03-09,01:00:00,59.0,2026-03-08,01:00:00,2026-03-09 01:19:31,24.05000000000001,Zone 3,38.2,Zone 4,24.3,Zone 3,31.5,Zone 4,29.2,Zone 4,36.0,Zone 4,33.9,Zone 4,40.2,Zone 4,38.2,Zone 4,52.0,Zone 5
Karnataka,Bangalore Urban,Electronic City(Nice),22.9,2026-03-09,01:15:00,55.0,2026-03-08,01:15:00,2026-03-09 01:19:31,22.75,Zone 3,36.5,Zone 4,22.9,Zone 3,30.0,Zone 4,27.9,Zone 4,34.3,Zone 4,32.3,Zone 4,38.4,Zone 4,36.5,Zone 4,44.7,Zone 5
Karnataka,Bangalore Urban,Gopal Nagar,23.2,2026-03-09,00:45:00,67.0,2026-03-08,00:45:00,2026-03-09 01:19:31,23.75,Zone 3,37.8,Zone 4,23.5,Zone 3,30.7,Zone 4,28.5,Zone 4,35.4,Zone 4,33.3,Zone 4,39.8,Zone 4,37.8,Zone 4,52.8,Zone 5
Karnataka,Bangalore Urban,Madhavara(Nice),23.9,2026-03-09,01:00:00,48.0,2026-03-08,01:00:00,2026-03-09 01:19:31,23.650000000000034,Zone 3,37.0,Zone 4,23.7,Zone 3,30.7,Zone 4,28.6,Zone 4,34.9,Zone 4,32.9,Zone 4,38.8,Zone 4,37.0,Zone 4,44.1,Zone 5
Karnataka,Bellary,Hagari Kvk,26.4,2026-03-09,01:15:00,41.0,2026-03-08,01:15:00,2026-03-09 01:19:31,26.150000000000034,Zone 4,39.1,Zone 4,26.2,Zone 4,33.1,Zone 4,30.8,Zone 4,37.2,Zone 4,35.1,Zone 4,41.1,Zone 4,39.1,Zone 4,49.3,Zone 5
Karnataka,Bijapur,Tidagundi Amfu,25.7,2026-03-09,01:00:00,37.0,2026-03-08,01:00:00,2026-03-09 01:19:31,25.150000000000034,Zone 3,37.4,Zone 4,24.9,Zone 3,31.6,Zone 4,29.5,Zone 4,35.6,Zone 4,33.6,Zone 4,39.3,Zone 4,37.4,Zone 4,43.0,Zone 4
Karnataka,Gadag,Gadag,24.1,2026-03-09,01:00:00,41.0,2026-03-08,01:00:00,2026-03-09 01:19:31,23.450000000000045,Zone 3,36.2,Zone 4,23.4,Zone 3,30.2,Zone 4,28.2,Zone 4,34.3,Zone 4,32.3,Zone 4,38.1,Zone 4,36.2,Zone 4,41.7,Zone 4
Karnataka,Gulbarga,Raddewadgi,23.0,2026-03-09,01:00:00,45.0,2026-03-08,01:00:00,2026-03-09 01:19:31,22.350000000000023,Zone 3,35.5,Zone 4,22.4,Zone 3,29.4,Zone 4,27.4,Zone 4,33.5,Zone 4,31.6,Zone 4,37.3,Zone 4,35.5,Zone 4,41.0,Zone 4
Karnataka,Kolar,Kgf (Kolar),21.1,2026-03-09,01:00:00,95.0,2026-03-08,01:00:00,2026-03-09 01:19:31,22.55000000000001,Zone 3,39.4,Zone 5,22.4,Zone 3,29.7,Zone 4,27.4,Zone 4,34.9,Zone 4,32.8,Zone 4,45.9,Zone 5,39.4,Zone 5,59.1,Zone 5
Karnataka,Kolar,Tamaka Kvk,20.0,2026-03-09,01:00:00,78.0,2026-03-08,01:00:00,2026-03-09 01:19:31,20.450000000000045,Zone 3,34.7,Zone 4,20.5,Zone 3,27.5,Zone 4,25.5,Zone 4,32.1,Zone 4,30.2,Zone 4,36.5,Zone 4,34.7,Zone 4,44.9,Zone 5
Karnataka,Koppal,Koppal,30.9,2026-03-09,01:15:00,28.0,2026-03-08,01:15:00,2026-03-09 01:19:31,30.05000000000001,Zone 4,42.4,Zone 4,30.2,Zone 4,36.8,Zone 4,34.5,Zone 4,40.8,Zone 4,38.5,Zone 4,44.5,Zone 4,42.4,Zone 4,55.1,Zone 5
Karnataka,Mandya,Mandya Kvk,22.6,2026-03-09,01:15:00,94.0,2026-03-08,01:15:00,2026-03-09 01:19:31,24.150000000000034,Zone 3,48.0,Zone 5,24.0,Zone 3,32.1,Zone 4,29.6,Zone 4,38.3,Zone 5,35.3,Zone 4,54.6,Zone 5,48.0,Zone 5,60.9,Zone 5
Karnataka,Ramanagara,Chandurayanghalli Kvk,22.9,2026-03-09,01:15:00,41.0,2026-03-08,01:15:00,2026-03-09 01:19:31,22.05000000000001,Zone 3,35.1,Zone 4,22.2,Zone 3,29.2,Zone 4,27.2,Zone 4,33.2,Zone 4,31.3,Zone 4,36.9,Zone 4,35.1,Zone 4,40.6,Zone 4
Karnataka,Tumkur,Chikkanakalli,19.9,2026-03-09,01:15:00,59.0,2026-03-08,01:15:00,2026-03-09 01:19:31,19.350000000000023,Zone 3,33.3,Zone 4,19.5,Zone 3,26.8,Zone 4,25.0,Zone 3,31.0,Zone 4,29.2,Zone 4,35.0,Zone 4,33.3,Zone 4,38.8,Zone 4
Kerala,Ernakulam,Boat Jetty Kgov,27.7,2026-03-09,01:00:00,100.0,2026-03-08,01:00:00,2026-03-09 01:19:31,34.75,Zone 4,65.8,Zone 5,34.1,Zone 4,60.7,Zone 5,57.3,Zone 5,64.3,Zone 5,62.9,Zone 5,66.9,Zone 5,65.8,Zone 5,68.7,Zone 5
Kerala,Ernakulam,Dhground Kgov,27.4,2026-03-09,01:00:00,100.0,2026-03-08,01:00:00,2026-03-09 01:19:31,33.85000000000002,Zone 4,65.8,Zone 5,34.1,Zone 4,60.7,Zone 5,57.3,Zone 5,64.3,Zone 5,62.9,Zone 5,66.9,Zone 5,65.8,Zone 5,68.7,Zone 5
Kerala,Ernakulam,Kadavanthra Kgov,27.3,2026-03-09,01:00:00,100.0,2026-03-08,01:00:00,2026-03-09 01:19:31,33.55000000000001,Zone 4,65.8,Zone 5,34.1,Zone 4,60.7,Zone 5,57.3,Zone 5,64.3,Zone 5,62.9,Zone 5,66.9,Zone 5,65.8,Zone 5,68.7,Zone 5
Kerala,Malappuram,Thavanur Kvk,27.2,2026-03-09,01:15:00,93.0,2026-03-08,01:15:00,2026-03-09 01:19:31,32.05000000000001,Zone 4,63.4,Zone 5,31.5,Zone 4,53.5,Zone 5,43.3,Zone 5,61.7,Zone 5,60.0,Zone 5,64.7,Zone 5,63.4,Zone 5,66.8,Zone 5
Kerala,Palakkad,Pattambi Kvk,26.6,2026-03-09,01:15:00,93.0,2026-03-08,01:15:00,2026-03-09 01:19:31,30.55000000000001,Zone 4,62.6,Zone 5,30.4,Zone 4,48.9,Zone 5,38.8,Zone 5,60.8,Zone 5,59.0,Zone 5,63.9,Zone 5,62.6,Zone 5,66.1,Zone 5
Ladakh,Kargil,Garkon,8.6,2026-03-09,01:00:00,31.0,2026-03-08,01:00:00,2026-03-09 01:19:31,6.550000000000011,Zone 2,23.6,Zone 3,6.4,Zone 2,16.8,Zone 3,14.6,Zone 3,21.6,Zone 3,20.3,Zone 3,24.4,Zone 3,23.6,Zone 3,27.2,Zone 4
Ladakh,Kargil,Kargil,4.1,2026-03-09,01:00:00,46.0,2026-03-08,01:00:00,2026-03-09 01:19:31,2.8500000000000227,Zone 2,21.5,Zone 3,2.7,Zone 2,13.4,Zone 2,11.7,Zone 2,18.9,Zone 3,17.6,Zone 3,22.4,Zone 3,21.5,Zone 3,24.6,Zone 3
Ladakh,Kargil,Padum Kvk,-1.2,2026-03-09,01:00:00,53.0,2026-03-08,01:00:00,2026-03-09 01:19:31,-1.9499999999999886,Zone 2,19.0,Zone 3,-1.8,Zone 2,10.1,Zone 2,8.5,Zone 2,15.6,Zone 3,14.4,Zone 3,19.8,Zone 3,19.0,Zone 3,22.6,Zone 3
Ladakh,Leh,Chuchot Yokma,2.7,2026-03-09,01:00:00,24.0,2026-03-08,01:00:00,2026-03-09 01:19:31,1.0500000000000114,Zone 2,20.6,Zone 3,0.9,Zone 2,12.1,Zone 2,10.4,Zone 2,17.7,Zone 3,16.3,Zone 3,21.4,Zone 3,20.6,Zone 3,23.9,Zone 3
Ladakh,Leh,Khaltse,5.6,2026-03-09,01:00:00,31.0,2026-03-08,01:00:00,2026-03-09 01:19:31,3.8500000000000227,Zone 2,22.1,Zone 3,3.7,Zone 2,14.3,Zone 3,12.5,Zone 2,19.7,Zone 3,18.3,Zone 3,23.0,Zone 3,22.1,Zone 3,25.1,Zone 3
Ladakh,Leh,Leh Amfu,0.3,2026-03-09,01:15:00,43.0,2026-03-08,01:15:00,2026-03-09 01:19:31,-0.75,Zone 2,19.7,Zone 3,-0.6,Zone 2,11.0,Zone 2,9.3,Zone 2,16.5,Zone 3,15.2,Zone 3,20.5,Zone 3,19.7,Zone 3,23.2,Zone 3
Ladakh,Leh,Mc Leh,1.4,2026-03-09,01:00:00,24.0,2026-03-08,01:00:00,2026-03-09 01:19:31,-0.14999999999997726,Zone 2,20.1,Zone 3,-0.0,Zone 2,11.5,Zone 2,9.7,Zone 2,17.0,Zone 3,15.7,Zone 3,20.9,Zone 3,20.1,Zone 3,23.5,Zone 3
Ladakh,Leh,Nubra Hunder,3.5,2026-03-09,01:00:00,29.0,2026-03-08,01:00:00,2026-03-09 01:19:31,1.8500000000000227,Zone 2,21.1,Zone 3,1.9,Zone 2,12.9,Zone 2,11.1,Zone 2,18.4,Zone 3,17.0,Zone 3,22.0,Zone 3,21.1,Zone 3,24.3,Zone 3
Ladakh,Leh,Nyoma Kvk,-1.5,2026-03-09,01:00:00,24.0,2026-03-08,01:00:00,2026-03-09 01:19:31,-2.75,Zone 2,18.5,Zone 3,-2.7,Zone 2,9.4,Zone 2,7.8,Zone 2,15.0,Zone 3,13.8,Zone 2,19.4,Zone 3,18.5,Zone 3,22.2,Zone 3
Ladakh,Leh,Tangtse Durbuk,-1.2,2026-03-09,01:00:00,35.0,2026-03-08,01:00:00,2026-03-09 01:19:31,-2.25,Zone 2,18.9,Zone 3,-2.1,Zone 2,9.9,Zone 2,8.2,Zone 2,15.4,Zone 3,14.1,Zone 3,19.7,Zone 3,18.9,Zone 3,22.5,Zone 3
Ladakh,Leh,Upshi,,,,51.0,2026-03-08,01:15:00,2026-03-09 01:19:31,,,,,,,,,,,,,,,,,,,,
Madhya Pradesh,Barwani,Talun Kvk,18.0,2026-03-09,01:15:00,60.0,2026-03-08,01:15:00,2026-03-09 01:19:31,17.05000000000001,Zone 3,31.2,Zone 4,17.1,Zone 3,24.9,Zone 3,23.4,Zone 3,28.9,Zone 4,27.3,Zone 4,32.8,Zone 4,31.2,Zone 4,36.6,Zone 4
Madhya Pradesh,Betul,Betul,,,,72.0,2026-03-08,01:00:00,2026-03-09 01:19:31,,,,,,,,,,,,,,,,,,,,
Madhya Pradesh,Bhopal,Berasia,20.8,2026-03-09,01:00:00,53.0,2026-03-08,01:00:00,2026-03-09 01:19:31,20.150000000000034,Zone 3,34.0,Zone 4,20.4,Zone 3,27.6,Zone 4,25.7,Zone 4,31.8,Zone 4,30.0,Zone 4,35.7,Zone 4,34.0,Zone 4,39.5,Zone 4
Madhya Pradesh,Bhopal,Islamnagar,18.5,2026-03-09,01:00:00,73.0,2026-03-08,01:00:00,2026-03-09 01:19:31,18.350000000000023,Zone 3,32.5,Zone 4,18.4,Zone 3,25.6,Zone 4,24.1,Zone 3,30.0,Zone 4,28.3,Zone 4,34.2,Zone 4,32.5,Zone 4,38.1,Zone 4
Madhya Pradesh,Bhopal ,Bhopal,23.7,2026-03-09,01:15:00,46.0,2026-03-08,01:15:00,2026-03-09 01:19:31,23.25,Zone 3,36.2,Zone 4,23.0,Zone 3,30.0,Zone 4,27.9,Zone 4,34.1,Zone 4,32.2,Zone 4,38.0,Zone 4,36.2,Zone 4,41.7,Zone 4
Madhya Pradesh,Datia,Datia,19.7,2026-03-09,01:00:00,82.0,2026-03-08,01:00:00,2026-03-09 01:19:31,20.350000000000023,Zone 3,34.3,Zone 4,20.1,Zone 3,27.1,Zone 4,25.1,Zone 3,31.7,Zone 4,29.8,Zone 4,36.1,Zone 4,34.3,Zone 4,44.6,Zone 5
Madhya Pradesh,Dewas,Kannod,24.2,2026-03-09,01:00:00,31.0,2026-03-08,01:00:00,2026-03-09 01:19:31,23.05000000000001,Zone 3,35.3,Zone 4,22.8,Zone 3,29.7,Zone 4,27.7,Zone 4,33.4,Zone 4,31.6,Zone 4,37.0,Zone 4,35.3,Zone 4,40.5,Zone 4
Madhya Pradesh,Dhar,Dhar,22.8,2026-03-09,00:45:00,31.0,2026-03-08,00:45:00,2026-03-09 01:19:31,21.350000000000023,Zone 3,34.3,Zone 4,21.6,Zone 3,28.7,Zone 4,26.7,Zone 4,32.5,Zone 4,30.7,Zone 4,36.0,Zone 4,34.3,Zone 4,39.5,Zone 4
Madhya Pradesh,Hoshangabad,Hoshangabad,18.4,2026-03-09,01:00:00,84.0,2026-03-08,01:00:00,2026-03-09 01:19:31,18.850000000000023,Zone 3,33.2,Zone 4,18.9,Zone 3,26.0,Zone 4,24.4,Zone 3,30.6,Zone 4,28.7,Zone 4,34.9,Zone 4,33.2,Zone 4,40.9,Zone 5
Madhya Pradesh,Khandwa,Khandwa Kvk,20.6,2026-03-09,01:15:00,,,,2026-03-09 01:19:31,,,,,,,,,,,,,,,,,,,,
Madhya Pradesh,Mandsaur,Mandsour,17.0,2026-03-09,01:00:00,67.0,2026-03-08,01:00:00,2026-03-09 01:19:31,16.25,Zone 3,30.5,Zone 4,16.2,Zone 3,24.3,Zone 3,22.8,Zone 3,28.2,Zone 4,26.5,Zone 4,32.1,Zone 4,30.5,Zone 4,35.9,Zone 4
Madhya Pradesh,Morena,Morena Amfu,21.3,2026-03-09,01:00:00,77.0,2026-03-08,01:00:00,2026-03-09 01:19:31,21.950000000000045,Zone 3,36.7,Zone 4,22.2,Zone 3,29.4,Zone 4,27.2,Zone 4,34.1,Zone 4,32.1,Zone 4,38.6,Zone 4,36.7,Zone 4,51.8,Zone 5
Madhya Pradesh,Narsinghpur,Narsinghpur,20.4,2026-03-09,01:00:00,68.0,2026-03-08,01:00:00,2026-03-09 01:19:31,20.450000000000045,Zone 3,34.5,Zone 4,20.6,Zone 3,27.7,Zone 4,25.7,Zone 4,32.1,Zone 4,30.2,Zone 4,36.3,Zone 4,34.5,Zone 4,41.6,Zone 5
Madhya Pradesh,Neemuch,Marukheda Kvk,19.5,2026-03-09,01:15:00,57.0,2026-03-08,01:15:00,2026-03-09 01:19:31,18.75,Zone 3,32.6,Zone 4,18.8,Zone 3,26.2,Zone 4,24.5,Zone 3,30.4,Zone 4,28.6,Zone 4,34.3,Zone 4,32.6,Zone 4,38.1,Zone 4
Madhya Pradesh,Niwari,Prithvipur,21.6,2026-03-09,01:00:00,63.0,2026-03-08,01:00:00,2026-03-09 01:19:31,21.650000000000034,Zone 3,35.4,Zone 4,21.5,Zone 3,28.6,Zone 4,26.6,Zone 4,33.0,Zone 4,31.1,Zone 4,37.2,Zone 4,35.4,Zone 4,43.1,Zone 5
Madhya Pradesh,Rajgarh,Rajgarh Kvk,15.4,2026-03-09,01:15:00,55.0,2026-03-08,01:15:00,2026-03-09 01:19:31,13.650000000000034,Zone 2,28.7,Zone 4,13.8,Zone 2,23.0,Zone 3,21.2,Zone 3,26.4,Zone 4,25.0,Zone 3,30.1,Zone 4,28.7,Zone 4,33.7,Zone 4
Madhya Pradesh,Rewa,Rewa Kvk,18.5,2026-03-09,01:15:00,,,,2026-03-09 01:19:31,,,,,,,,,,,,,,,,,,,,
Madhya Pradesh,Sagar,Sagar,16.6,2026-03-09,01:00:00,59.0,2026-03-08,01:00:00,2026-03-09 01:19:31,15.350000000000023,Zone 3,29.7,Zone 4,15.2,Zone 3,23.8,Zone 3,22.1,Zone 3,27.4,Zone 4,25.8,Zone 4,31.2,Zone 4,29.7,Zone 4,34.9,Zone 4
Madhya Pradesh,Sehore,Bhairunda,22.7,2026-03-09,01:00:00,,,,2026-03-09 01:19:31,,,,,,,,,,,,,,,,,,,,
Madhya Pradesh,Sehore,Sehore Amfu,17.7,2026-03-09,01:00:00,63.0,2026-03-08,01:00:00,2026-03-09 01:19:31,16.850000000000023,Zone 3,30.9,Zone 4,16.6,Zone 3,24.6,Zone 3,23.1,Zone 3,28.5,Zone 4,26.9,Zone 4,32.4,Zone 4,30.9,Zone 4,36.2,Zone 4
Madhya Pradesh,Shahdol,Kalyanpur Kvk,16.9,2026-03-09,01:00:00,77.0,2026-03-08,01:00:00,2026-03-09 01:19:31,16.650000000000034,Zone 3,31.0,Zone 4,16.7,Zone 3,24.5,Zone 3,23.0,Zone 3,28.5,Zone 4,26.8,Zone 4,32.6,Zone 4,31.0,Zone 4,36.5,Zone 4
Madhya Pradesh,Shajapur,Shajapur,16.5,2026-03-09,01:00:00,59.0,2026-03-08,01:00:00,2026-03-09 01:19:31,15.150000000000034,Zone 3,29.7,Zone 4,15.2,Zone 3,23.8,Zone 3,22.1,Zone 3,27.4,Zone 4,25.8,Zone 4,31.2,Zone 4,29.7,Zone 4,34.9,Zone 4
Madhya Pradesh,Sheopur,Sheopur,,,,60.0,2026-03-08,01:00:00,2026-03-09 01:19:31,,,,,,,,,,,,,,,,,,,,
Madhya Pradesh,Shivpuri,Shivpuri,22.7,2026-03-09,01:00:00,41.0,2026-03-08,01:00:00,2026-03-09 01:19:31,21.75,Zone 3,34.6,Zone 4,21.6,Zone 3,28.7,Zone 4,26.7,Zone 4,32.6,Zone 4,30.8,Zone 4,36.4,Zone 4,34.6,Zone 4,40.0,Zone 4
Madhya Pradesh,Vidisha,Vidisha,19.5,2026-03-09,01:15:00,60.0,2026-03-08,01:15:00,2026-03-09 01:19:31,18.950000000000045,Zone 3,32.8,Zone 4,19.0,Zone 3,26.3,Zone 4,24.6,Zone 3,30.5,Zone 4,28.7,Zone 4,34.5,Zone 4,32.8,Zone 4,38.3,Zone 4
Maharashtra,Akola,Akola Amfu,23.4,2026-03-09,01:00:00,27.0,2026-03-08,01:00:00,2026-03-09 01:19:31,21.850000000000023,Zone 3,34.5,Zone 4,21.9,Zone 3,29.0,Zone 4,27.0,Zone 4,32.7,Zone 4,30.9,Zone 4,36.2,Zone 4,34.5,Zone 4,39.6,Zone 4
Maharashtra,Buldhana,Lonar,24.7,2026-03-09,01:15:00,20.0,2026-03-08,01:15:00,2026-03-09 01:19:31,22.950000000000045,Zone 3,34.8,Zone 4,22.7,Zone 3,29.5,Zone 4,27.6,Zone 4,33.1,Zone 4,31.3,Zone 4,36.5,Zone 4,34.8,Zone 4,39.8,Zone 4
Maharashtra,Gondia,Tiroda,,,,49.0,2026-03-08,01:00:00,2026-03-09 01:19:31,,,,,,,,,,,,,,,,,,,,
Maharashtra,Kolhapur,Kolhapur Amfu,24.2,2026-03-09,01:00:00,100.0,2026-03-08,01:00:00,2026-03-09 01:19:31,26.450000000000045,Zone 4,59.8,Zone 5,26.1,Zone 4,35.7,Zone 4,32.9,Zone 4,53.8,Zone 5,45.9,Zone 5,61.2,Zone 5,59.8,Zone 5,63.9,Zone 5
Maharashtra,Mumbai Suburban,Bandra,26.9,2026-03-09,01:00:00,,,,2026-03-09 01:19:31,,,,,,,,,,,,,,,,,,,,
Maharashtra,Mumbai Suburban,Tata Power Chembur,26.9,2026-03-09,01:00:00,,,,2026-03-09 01:19:31,,,,,,,,,,,,,,,,,,,,
Maharashtra,Mumbai Suburban,Vidyavihar,27.4,2026-03-09,01:00:00,42.0,2026-03-08,01:00:00,2026-03-09 01:19:31,27.25,Zone 4,40.5,Zone 4,27.4,Zone 4,34.4,Zone 4,32.1,Zone 4,38.6,Zone 4,36.4,Zone 4,42.6,Zone 4,40.5,Zone 4,54.3,Zone 5
Maharashtra,Mumbai City,Mahalaxmi,27.3,2026-03-09,01:00:00,,,,2026-03-09 01:19:31,,,,,,,,,,,,,,,,,,,,
Maharashtra,Mumbai City,Mumbai Santa Cruz,26.2,2026-03-09,01:00:00,33.0,2026-03-08,01:00:00,2026-03-09 01:19:31,25.55000000000001,Zone 4,37.5,Zone 4,25.3,Zone 4,31.8,Zone 4,29.7,Zone 4,35.7,Zone 4,33.7,Zone 4,39.4,Zone 4,37.5,Zone 4,42.9,Zone 4
Maharashtra,Nagpur,Nagpur,23.7,2026-03-09,00:45:00,51.0,2026-03-08,00:45:00,2026-03-09 01:19:31,23.55000000000001,Zone 3,36.7,Zone 4,23.3,Zone 3,30.3,Zone 4,28.2,Zone 4,34.5,Zone 4,32.6,Zone 4,38.6,Zone 4,36.7,Zone 4,44.1,Zone 5
Maharashtra,Nagpur,Nagpur Kvk,22.3,2026-03-09,01:15:00,38.0,2026-03-08,01:15:00,2026-03-09 01:19:31,21.150000000000034,Zone 3,34.4,Zone 4,21.4,Zone 3,28.5,Zone 4,26.6,Zone 4,32.4,Zone 4,30.6,Zone 4,36.1,Zone 4,34.4,Zone 4,39.7,Zone 4
Maharashtra,Nanded,Nanded,23.7,2026-03-09,00:45:00,82.0,2026-03-08,00:45:00,2026-03-09 01:19:31,24.850000000000023,Zone 3,45.0,Zone 5,24.7,Zone 3,32.7,Zone 4,30.3,Zone 4,37.9,Zone 4,35.6,Zone 4,52.1,Zone 5,45.0,Zone 5,60.4,Zone 5
Maharashtra,Nashik,Kalwan,19.1,2026-03-09,01:00:00,,,,2026-03-09 01:19:31,,,,,,,,,,,,,,,,,,,,
Maharashtra,Nashik,Malegaon,23.2,2026-03-09,01:00:00,50.0,2026-03-08,01:00:00,2026-03-09 01:19:31,22.850000000000023,Zone 3,36.0,Zone 4,22.6,Zone 3,29.7,Zone 4,27.6,Zone 4,33.9,Zone 4,31.9,Zone 4,37.8,Zone 4,36.0,Zone 4,41.6,Zone 4
Maharashtra,Palghar,Palghar Kvk,26.9,2026-03-09,01:15:00,,,,2026-03-09 01:19:31,,,,,,,,,,,,,,,,,,,,
Maharashtra,Pune, Nimgiri Junnar,26.2,2026-03-09,01:00:00,,,,2026-03-09 01:19:31,,,,,,,,,,,,,,,,,,,,
Maharashtra,Pune,Ballalwadi Junnar,24.8,2026-03-09,01:00:00,22.0,2026-03-08,01:00:00,2026-03-09 01:19:31,23.25,Zone 3,35.4,Zone 4,23.5,Zone 3,30.1,Zone 4,28.1,Zone 4,33.7,Zone 4,31.9,Zone 4,37.2,Zone 4,35.4,Zone 4,40.4,Zone 4
Maharashtra,Pune,Cagmo Shivajinagar,22.3,2026-03-09,01:00:00,45.0,2026-03-08,01:00:00,2026-03-09 01:19:31,21.55000000000001,Zone 3,35.0,Zone 4,21.8,Zone 3,28.9,Zone 4,26.9,Zone 4,32.9,Zone 4,31.0,Zone 4,36.7,Zone 4,35.0,Zone 4,40.4,Zone 4
Maharashtra,Pune,Chinchwad Pune,25.4,2026-03-09,01:00:00,28.0,2026-03-08,01:00:00,2026-03-09 01:19:31,24.350000000000023,Zone 3,36.4,Zone 4,24.5,Zone 3,30.9,Zone 4,28.9,Zone 4,34.7,Zone 4,32.8,Zone 4,38.3,Zone 4,36.4,Zone 4,41.7,Zone 4
Maharashtra,Pune,Cme Dapodi,24.5,2026-03-09,01:00:00,38.0,2026-03-08,01:00:00,2026-03-09 01:19:31,23.850000000000023,Zone 3,36.5,Zone 4,23.8,Zone 3,30.6,Zone 4,28.5,Zone 4,34.5,Zone 4,32.6,Zone 4,38.3,Zone 4,36.5,Zone 4,41.9,Zone 4
Maharashtra,Pune,Dps Hadapsar Pune,23.5,2026-03-09,01:00:00,38.0,2026-03-08,01:00:00,2026-03-09 01:19:31,22.55000000000001,Zone 3,35.4,Zone 4,22.6,Zone 3,29.5,Zone 4,27.5,Zone 4,33.5,Zone 4,31.6,Zone 4,37.2,Zone 4,35.4,Zone 4,40.8,Zone 4
Maharashtra,Pune,Girivan,24.9,2026-03-09,01:00:00,25.0,2026-03-08,01:00:00,2026-03-09 01:19:31,23.55000000000001,Zone 3,35.7,Zone 4,23.7,Zone 3,30.3,Zone 4,28.3,Zone 4,34.0,Zone 4,32.1,Zone 4,37.5,Zone 4,35.7,Zone 4,40.8,Zone 4
Maharashtra,Pune,Gudhe Bhor,23.6,2026-03-09,01:00:00,,,,2026-03-09 01:19:31,,,,,,,,,,,,,,,,,,,,
Maharashtra,Pune,Khadakwadi Ambegaon,26.0,2026-03-09,01:00:00,20.0,2026-03-08,01:00:00,2026-03-09 01:19:31,24.650000000000034,Zone 3,36.1,Zone 4,24.6,Zone 3,30.9,Zone 4,28.9,Zone 4,34.5,Zone 4,32.6,Zone 4,37.9,Zone 4,36.1,Zone 4,41.2,Zone 4
Maharashtra,Pune,Khutbav Daund,20.8,2026-03-09,01:00:00,,,,2026-03-09 01:19:31,,,,,,,,,,,,,,,,,,,,
Maharashtra,Pune,Kurvande,22.7,2026-03-09,00:45:00,18.0,2026-03-08,00:45:00,2026-03-09 01:19:31,20.350000000000023,Zone 3,32.9,Zone 4,20.1,Zone 3,27.7,Zone 4,25.8,Zone 4,31.2,Zone 4,29.5,Zone 4,34.6,Zone 4,32.9,Zone 4,37.8,Zone 4
Maharashtra,Pune,Lavale,25.4,2026-03-09,01:00:00,29.0,2026-03-08,01:00:00,2026-03-09 01:19:31,24.350000000000023,Zone 3,36.5,Zone 4,24.5,Zone 3,31.0,Zone 4,29.0,Zone 4,34.8,Zone 4,32.9,Zone 4,38.4,Zone 4,36.5,Zone 4,41.8,Zone 4
Maharashtra,Pune,Lonikalbhor Haveli,18.8,2026-03-09,01:00:00,47.0,2026-03-08,01:00:00,2026-03-09 01:19:31,17.350000000000023,Zone 3,31.6,Zone 4,17.6,Zone 3,25.5,Zone 4,23.8,Zone 3,29.4,Zone 4,27.7,Zone 4,33.2,Zone 4,31.6,Zone 4,36.7,Zone 4
Maharashtra,Pune,Malin Ambegaon,20.8,2026-03-09,01:00:00,44.0,2026-03-08,01:00:00,2026-03-09 01:19:31,19.650000000000034,Zone 3,33.3,Zone 4,19.9,Zone 3,27.3,Zone 4,25.4,Zone 4,31.3,Zone 4,29.5,Zone 4,35.0,Zone 4,33.3,Zone 4,38.6,Zone 4
Maharashtra,Pune,Mti Pashan Pune,18.7,2026-03-09,01:15:00,50.0,2026-03-08,01:15:00,2026-03-09 01:19:31,17.450000000000045,Zone 3,31.2,Zone 4,17.2,Zone 3,25.1,Zone 3,23.5,Zone 3,29.1,Zone 4,27.4,Zone 4,32.8,Zone 4,31.2,Zone 4,36.4,Zone 4
Maharashtra,Pune,Narayangoan Krishi Kendra,24.6,2026-03-09,00:45:00,26.0,2026-03-08,00:45:00,2026-03-09 01:19:31,23.25,Zone 3,35.3,Zone 4,23.1,Zone 3,29.9,Zone 4,27.9,Zone 4,33.6,Zone 4,31.7,Zone 4,37.1,Zone 4,35.3,Zone 4,40.4,Zone 4
Maharashtra,Pune,Niasm Baramati,25.0,2026-03-09,01:00:00,31.0,2026-03-08,01:00:00,2026-03-09 01:19:31,24.05000000000001,Zone 3,36.3,Zone 4,24.0,Zone 3,30.6,Zone 4,28.6,Zone 4,34.5,Zone 4,32.5,Zone 4,38.1,Zone 4,36.3,Zone 4,41.6,Zone 4
Maharashtra,Pune,Pabal Shirur,19.0,2026-03-09,01:00:00,36.0,2026-03-08,01:00:00,2026-03-09 01:19:31,16.950000000000045,Zone 3,31.0,Zone 4,17.0,Zone 3,25.2,Zone 3,23.5,Zone 3,29.0,Zone 4,27.3,Zone 4,32.6,Zone 4,31.0,Zone 4,36.0,Zone 4
Maharashtra,Pune,Rajgurunagar,23.2,2026-03-09,01:00:00,32.0,2026-03-08,01:00:00,2026-03-09 01:19:31,21.850000000000023,Zone 3,34.4,Zone 4,21.6,Zone 3,28.7,Zone 4,26.8,Zone 4,32.5,Zone 4,30.7,Zone 4,36.1,Zone 4,34.4,Zone 4,39.6,Zone 4
Maharashtra,Pune,Rjspmcop Dudulgaon,26.7,2026-03-09,01:00:00,23.0,2026-03-08,01:00:00,2026-03-09 01:19:31,25.55000000000001,Zone 4,36.9,Zone 4,25.4,Zone 4,31.6,Zone 4,29.5,Zone 4,35.2,Zone 4,33.3,Zone 4,38.7,Zone 4,36.9,Zone 4,42.0,Zone 4
Maharashtra,Pune,Talegaon,22.7,2026-03-09,01:15:00,,,,2026-03-09 01:19:31,,,,,,,,,,,,,,,,,,,,
Maharashtra,Pune,Wadgaonsheri Pune,26.4,2026-03-09,01:00:00,29.0,2026-03-08,01:00:00,2026-03-09 01:19:31,25.55000000000001,Zone 4,37.6,Zone 4,25.6,Zone 4,32.0,Zone 4,29.9,Zone 4,35.8,Zone 4,33.8,Zone 4,39.4,Zone 4,37.6,Zone 4,42.9,Zone 4
Maharashtra,Pune,Walhe Purandar,25.5,2026-03-09,01:15:00,26.0,2026-03-08,01:15:00,2026-03-09 01:19:31,24.350000000000023,Zone 3,36.2,Zone 4,24.4,Zone 3,30.8,Zone 4,28.8,Zone 4,34.5,Zone 4,32.6,Zone 4,38.0,Zone 4,36.2,Zone 4,41.4,Zone 4
Maharashtra,Raigad,Iighq Newpanvel,26.9,2026-03-09,01:00:00,44.0,2026-03-08,01:00:00,2026-03-09 01:19:31,26.850000000000023,Zone 4,40.2,Zone 4,27.0,Zone 4,34.0,Zone 4,31.7,Zone 4,38.2,Zone 4,36.1,Zone 4,42.3,Zone 4,40.2,Zone 4,53.9,Zone 5
Maharashtra,Raigad,Iig Mo Alibag,25.5,2026-03-09,01:00:00,79.0,2026-03-08,01:00:00,2026-03-09 01:19:31,27.25,Zone 4,55.1,Zone 5,27.2,Zone 4,35.9,Zone 4,33.3,Zone 4,46.1,Zone 5,38.9,Zone 4,59.6,Zone 5,55.1,Zone 5,62.4,Zone 5
Maharashtra,Raigad,Karjat,23.0,2026-03-09,01:00:00,58.0,2026-03-08,01:00:00,2026-03-09 01:19:31,23.05000000000001,Zone 3,36.8,Zone 4,23.1,Zone 3,30.1,Zone 4,28.0,Zone 4,34.5,Zone 4,32.5,Zone 4,38.7,Zone 4,36.8,Zone 4,46.7,Zone 5
Maharashtra,Ratnagiri,Dapoli,19.8,2026-03-09,01:00:00,87.0,2026-03-08,01:00:00,2026-03-09 01:19:31,20.650000000000034,Zone 3,35.5,Zone 4,20.9,Zone 3,27.9,Zone 4,25.8,Zone 4,32.7,Zone 4,30.8,Zone 4,37.3,Zone 4,35.5,Zone 4,50.0,Zone 5
Maharashtra,Ratnagiri,Savarde(Golwane),21.0,2026-03-09,01:00:00,,,,2026-03-09 01:19:31,,,,,,,,,,,,,,,,,,,,
Maharashtra,Satara,Mahabaleshwar,22.1,2026-03-09,01:00:00,40.0,2026-03-08,01:00:00,2026-03-09 01:19:31,21.05000000000001,Zone 3,34.0,Zone 4,20.9,Zone 3,28.1,Zone 4,26.2,Zone 4,32.1,Zone 4,30.2,Zone 4,35.8,Zone 4,34.0,Zone 4,39.3,Zone 4
Maharashtra,Sindhudurg,Devgad,26.0,2026-03-09,01:00:00,99.0,2026-03-08,01:00:00,2026-03-09 01:19:31,29.950000000000045,Zone 4,63.0,Zone 5,30.0,Zone 4,50.9,Zone 5,40.9,Zone 5,61.2,Zone 5,59.5,Zone 5,64.2,Zone 5,63.0,Zone 5,66.5,Zone 5
Maharashtra,Sindhudurg,Mulde Amfu,24.6,2026-03-09,01:00:00,100.0,2026-03-08,01:00:00,2026-03-09 01:19:31,27.25,Zone 4,60.7,Zone 5,27.0,Zone 4,38.5,Zone 5,34.0,Zone 4,57.5,Zone 5,50.0,Zone 5,62.0,Zone 5,60.7,Zone 5,64.5,Zone 5
Maharashtra,Sindhudurg,Vaibhavwadi,24.0,2026-03-09,01:00:00,100.0,2026-03-08,01:00:00,2026-03-09 01:19:31,26.150000000000034,Zone 4,59.8,Zone 5,26.1,Zone 4,35.7,Zone 4,32.9,Zone 4,53.8,Zone 5,45.9,Zone 5,61.2,Zone 5,59.8,Zone 5,63.9,Zone 5
Maharashtra,Sindhudurg,Vengurla,23.9,2026-03-09,01:00:00,93.0,2026-03-08,01:00:00,2026-03-09 01:19:31,25.55000000000001,Zone 4,57.0,Zone 5,25.7,Zone 4,34.8,Zone 4,32.1,Zone 4,47.8,Zone 5,39.7,Zone 5,60.0,Zone 5,57.0,Zone 5,62.8,Zone 5
Maharashtra,Solapur,Mohol Kvk,19.8,2026-03-09,01:15:00,41.0,2026-03-08,01:15:00,2026-03-09 01:19:31,18.25,Zone 3,32.2,Zone 4,18.5,Zone 3,26.2,Zone 4,24.5,Zone 3,30.1,Zone 4,28.4,Zone 4,33.8,Zone 4,32.2,Zone 4,37.3,Zone 4
Maharashtra,Wardha,Wardha,24.6,2026-03-09,01:00:00,35.0,2026-03-08,01:00:00,2026-03-09 01:19:31,23.75,Zone 3,36.2,Zone 4,23.6,Zone 3,30.4,Zone 4,28.3,Zone 4,34.3,Zone 4,32.4,Zone 4,38.0,Zone 4,36.2,Zone 4,41.5,Zone 4
Manipur,Chandel,Chandel Kvk,15.9,2026-03-09,01:15:00,100.0,2026-03-08,01:15:00,2026-03-09 01:19:31,16.450000000000045,Zone 3,31.0,Zone 4,16.6,Zone 3,24.2,Zone 3,22.8,Zone 3,28.2,Zone 4,26.5,Zone 4,32.6,Zone 4,31.0,Zone 4,36.9,Zone 5
Manipur,Imphal East,Jiribam,22.6,2026-03-09,01:00:00,,,,2026-03-09 01:19:31,,,,,,,,,,,,,,,,,,,,
Manipur,Imphal West,Imphal Amfu,18.6,2026-03-09,01:00:00,99.0,2026-03-08,01:00:00,2026-03-09 01:19:31,19.75,Zone 3,34.2,Zone 4,19.6,Zone 3,26.4,Zone 4,24.7,Zone 3,31.4,Zone 4,29.5,Zone 4,36.1,Zone 4,34.2,Zone 4,48.5,Zone 5
Meghalaya,East Garo Hills,Williamnagar,19.2,2026-03-09,01:00:00,82.0,2026-03-08,01:00:00,2026-03-09 01:19:31,19.75,Zone 3,33.7,Zone 4,19.5,Zone 3,26.5,Zone 4,24.7,Zone 3,31.1,Zone 4,29.2,Zone 4,35.4,Zone 4,33.7,Zone 4,42.2,Zone 5
Meghalaya,East Khasi Hills,Laban,14.9,2026-03-09,01:00:00,78.0,2026-03-08,01:00:00,2026-03-09 01:19:31,14.150000000000034,Zone 3,29.0,Zone 4,14.3,Zone 3,23.0,Zone 3,21.4,Zone 3,26.5,Zone 4,25.0,Zone 3,30.4,Zone 4,29.0,Zone 4,34.3,Zone 4
Meghalaya,East Khasi Hills,Mawryngkneng,15.7,2026-03-09,01:00:00,88.0,2026-03-08,01:00:00,2026-03-09 01:19:31,15.650000000000034,Zone 3,29.9,Zone 4,15.4,Zone 3,23.6,Zone 3,22.1,Zone 3,27.2,Zone 4,25.6,Zone 4,31.4,Zone 4,29.9,Zone 4,35.4,Zone 4
Meghalaya,East Khasi Hills,Mawsynram,15.8,2026-03-09,01:00:00,85.0,2026-03-08,01:00:00,2026-03-09 01:19:31,15.650000000000034,Zone 3,30.3,Zone 4,15.9,Zone 3,23.9,Zone 3,22.4,Zone 3,27.7,Zone 4,26.0,Zone 4,31.8,Zone 4,30.3,Zone 4,35.8,Zone 4
Meghalaya,East Khasi Hills,Nehu,14.3,2026-03-09,01:00:00,100.0,2026-03-08,01:00:00,2026-03-09 01:19:31,14.350000000000023,Zone 3,29.2,Zone 4,14.6,Zone 3,23.1,Zone 3,21.5,Zone 3,26.5,Zone 4,25.1,Zone 3,30.7,Zone 4,29.2,Zone 4,34.8,Zone 4
Meghalaya,East Khasi Hills,Shillong,13.5,2026-03-09,01:00:00,95.0,2026-03-08,01:00:00,2026-03-09 01:19:31,13.350000000000023,Zone 2,28.0,Zone 4,13.3,Zone 2,22.2,Zone 3,20.6,Zone 3,25.3,Zone 4,24.4,Zone 3,29.4,Zone 4,28.0,Zone 4,33.3,Zone 4
Meghalaya,East Khasi Hills,Sohra(Cherrapunjee),17.2,2026-03-09,01:00:00,94.0,2026-03-08,01:00:00,2026-03-09 01:19:31,17.75,Zone 3,31.9,Zone 4,17.5,Zone 3,24.8,Zone 3,23.4,Zone 3,29.2,Zone 4,27.4,Zone 4,33.6,Zone 4,31.9,Zone 4,38.7,Zone 5
Meghalaya,East West Khasi Hills,Mairang,14.6,2026-03-09,01:00:00,91.0,2026-03-08,01:00:00,2026-03-09 01:19:31,14.350000000000023,Zone 3,28.9,Zone 4,14.2,Zone 3,22.9,Zone 3,21.3,Zone 3,26.3,Zone 4,24.9,Zone 3,30.4,Zone 4,28.9,Zone 4,34.3,Zone 4
Meghalaya,Ri Bhoi,Umtrewdam,28.7,2026-03-09,01:00:00,97.0,2026-03-08,01:00:00,2026-03-09 01:19:31,40.75,Zone 5,66.9,Zone 5,38.4,Zone 5,62.2,Zone 5,60.2,Zone 5,65.5,Zone 5,64.2,Zone 5,67.9,Zone 5,66.9,Zone 5,69.6,Zone 5
Meghalaya,South Garo Hills,Baghmara,22.3,2026-03-09,01:00:00,99.0,2026-03-08,01:00:00,2026-03-09 01:19:31,24.05000000000001,Zone 3,51.8,Zone 5,24.2,Zone 3,32.5,Zone 4,30.0,Zone 4,41.8,Zone 5,35.9,Zone 4,57.8,Zone 5,51.8,Zone 5,61.7,Zone 5
Meghalaya,West Garo Hills,Tura,22.5,2026-03-09,01:00:00,74.0,2026-03-08,01:00:00,2026-03-09 01:19:31,23.25,Zone 3,37.9,Zone 4,23.2,Zone 3,30.5,Zone 4,28.3,Zone 4,35.3,Zone 4,33.2,Zone 4,40.6,Zone 5,37.9,Zone 4,54.9,Zone 5
Meghalaya,West Khasi Hills,Nongstoin,15.3,2026-03-09,01:00:00,100.0,2026-03-08,01:00:00,2026-03-09 01:19:31,15.650000000000034,Zone 3,30.4,Zone 4,15.9,Zone 3,23.8,Zone 3,22.4,Zone 3,27.6,Zone 4,25.9,Zone 4,31.9,Zone 4,30.4,Zone 4,36.1,Zone 4
Mizoram,Mamit,Lengpui Kvk,19.5,2026-03-09,01:15:00,100.0,2026-03-08,01:15:00,2026-03-09 01:19:31,20.850000000000023,Zone 3,35.9,Zone 4,20.9,Zone 3,27.8,Zone 4,25.7,Zone 4,32.9,Zone 4,30.9,Zone 4,40.1,Zone 5,35.9,Zone 4,54.5,Zone 5
Odisha,Balangir,Bolangir,26.1,2026-03-09,01:00:00,100.0,2026-03-08,01:00:00,2026-03-09 01:19:31,30.350000000000023,Zone 4,63.2,Zone 5,30.1,Zone 4,52.0,Zone 5,42.0,Zone 5,61.4,Zone 5,59.8,Zone 5,64.4,Zone 5,63.2,Zone 5,66.6,Zone 5
Odisha,Cuttack,Cuttack Kvk,24.5,2026-03-09,01:15:00,,,,2026-03-09 01:19:31,,,,,,,,,,,,,,,,,,,,
Odisha,Ganjam,Benakuda Kvk,24.7,2026-03-09,01:15:00,83.0,2026-03-08,01:15:00,2026-03-09 01:19:31,26.25,Zone 4,52.2,Zone 5,25.9,Zone 4,34.5,Zone 4,32.0,Zone 4,42.8,Zone 5,37.6,Zone 4,58.5,Zone 5,52.2,Zone 5,61.8,Zone 5
Odisha,Jharsuguda,Likera,25.4,2026-03-09,00:45:00,,,,2026-03-09 01:19:31,,,,,,,,,,,,,,,,,,,,
Odisha,Mayurbhanj,Karanjia,45.7,2026-03-09,01:00:00,84.0,2026-03-08,01:00:00,2026-03-09 01:19:31,114.25,Zone 6,121.7,Zone 6,113.4,Zone 6,117.6,Zone 6,116.2,Zone 6,120.4,Zone 6,119.0,Zone 6,123.1,Zone 6,121.7,Zone 6,125.8,Zone 6
Odisha,Mayurbhanj,Mayurbhanj Kvk,,,,100.0,2026-03-08,01:15:00,2026-03-09 01:19:31,,,,,,,,,,,,,,,,,,,,
Odisha,Nuapada,Nawapada,24.2,2026-03-09,01:00:00,54.0,2026-03-08,01:00:00,2026-03-09 01:19:31,24.25,Zone 3,37.6,Zone 4,24.0,Zone 3,31.1,Zone 4,28.9,Zone 4,35.4,Zone 4,33.4,Zone 4,39.6,Zone 4,37.6,Zone 4,48.4,Zone 5
Odisha,Puri,Puri Kvk,25.2,2026-03-09,01:15:00,53.0,2026-03-08,01:15:00,2026-03-09 01:19:31,25.350000000000023,Zone 4,38.8,Zone 4,25.1,Zone 3,32.3,Zone 4,30.0,Zone 4,36.7,Zone 4,34.6,Zone 4,40.8,Zone 4,38.8,Zone 4,52.2,Zone 5
Odisha,Rayagada,Gunupur Kvk,25.9,2026-03-09,01:15:00,100.0,2026-03-08,01:15:00,2026-03-09 01:19:31,29.850000000000023,Zone 4,63.2,Zone 5,30.1,Zone 4,52.0,Zone 5,42.0,Zone 5,61.4,Zone 5,59.8,Zone 5,64.4,Zone 5,63.2,Zone 5,66.6,Zone 5
Puducherry,Karaikal,Karaikal,26.0,2026-03-09,01:00:00,99.0,2026-03-08,01:00:00,2026-03-09 01:19:31,29.950000000000045,Zone 4,63.0,Zone 5,30.0,Zone 4,50.9,Zone 5,40.9,Zone 5,61.2,Zone 5,59.5,Zone 5,64.2,Zone 5,63.0,Zone 5,66.5,Zone 5
Puducherry,Puducherry,Puducherry,26.4,2026-03-09,01:00:00,88.0,2026-03-08,01:00:00,2026-03-09 01:19:31,29.55000000000001,Zone 4,61.5,Zone 5,29.8,Zone 4,43.2,Zone 5,36.7,Zone 4,59.6,Zone 5,54.2,Zone 5,62.9,Zone 5,61.5,Zone 5,65.3,Zone 5
Puducherry,Puducherry,Puducherry Kvk,26.4,2026-03-09,01:00:00,97.0,2026-03-08,01:00:00,2026-03-09 01:19:31,30.650000000000034,Zone 4,63.5,Zone 5,30.9,Zone 4,53.4,Zone 5,43.3,Zone 5,61.7,Zone 5,60.0,Zone 5,64.6,Zone 5,63.5,Zone 5,66.8,Zone 5
Punjab,Bathinda,Bhatinda Amfu,20.7,2026-03-09,01:00:00,12.0,2026-03-08,01:00:00,2026-03-09 01:19:31,17.450000000000045,Zone 3,31.0,Zone 4,17.2,Zone 3,25.9,Zone 4,24.0,Zone 3,29.3,Zone 4,27.7,Zone 4,32.6,Zone 4,31.0,Zone 4,35.7,Zone 4
Punjab,Fazilka,Fazilka,18.8,2026-03-09,01:00:00,,,,2026-03-09 01:19:31,,,,,,,,,,,,,,,,,,,,
Punjab,Firozpur,Firozpur Kvk,19.0,2026-03-09,01:15:00,99.0,2026-03-08,01:15:00,2026-03-09 01:19:31,20.25,Zone 3,35.0,Zone 4,20.2,Zone 3,27.1,Zone 4,25.1,Zone 3,32.1,Zone 4,30.1,Zone 4,37.0,Zone 5,35.0,Zone 4,51.3,Zone 5
Punjab,Hoshiarpur,Hosiyarpur,17.9,2026-03-09,01:00:00,100.0,2026-03-08,01:00:00,2026-03-09 01:19:31,18.950000000000045,Zone 3,33.6,Zone 4,19.1,Zone 3,25.8,Zone 4,24.4,Zone 3,30.7,Zone 4,28.9,Zone 4,35.4,Zone 4,33.6,Zone 4,46.4,Zone 5
Punjab,Hoshiarpur,Salern,21.4,2026-03-09,01:00:00,100.0,2026-03-08,01:00:00,2026-03-09 01:19:31,23.05000000000001,Zone 3,45.7,Zone 5,23.2,Zone 3,30.8,Zone 4,28.5,Zone 4,36.4,Zone 4,34.1,Zone 4,52.4,Zone 5,45.7,Zone 5,60.5,Zone 5
Punjab,Mohali,Mohali,24.0,2026-03-09,01:00:00,,,,2026-03-09 01:19:31,,,,,,,,,,,,,,,,,,,,
Punjab,Muktsar,Gidderbaha,23.1,2026-03-09,01:00:00,,,,2026-03-09 01:19:31,,,,,,,,,,,,,,,,,,,,
Punjab,Pathankot,Pathankot,18.7,2026-03-09,00:30:00,,,,2026-03-09 01:19:31,,,,,,,,,,,,,,,,,,,,
Rajasthan,Ajmer,Ajmer,24.3,2026-03-09,01:00:00,40.0,2026-03-08,01:00:00,2026-03-09 01:19:31,23.650000000000034,Zone 3,36.7,Zone 4,23.9,Zone 3,30.7,Zone 4,28.6,Zone 4,34.7,Zone 4,32.8,Zone 4,38.5,Zone 4,36.7,Zone 4,42.2,Zone 4
Rajasthan,Baran,Anta-Baran Kvk,20.2,2026-03-09,01:15:00,,,,2026-03-09 01:19:31,,,,,,,,,,,,,,,,,,,,
Rajasthan,Barmer,Barmer,,,,33.0,2026-03-08,01:00:00,2026-03-09 01:19:31,,,,,,,,,,,,,,,,,,,,
Rajasthan,Bikaner,Bikaner Amfu,21.8,2026-03-09,01:00:00,50.0,2026-03-08,01:00:00,2026-03-09 01:19:31,21.25,Zone 3,34.8,Zone 4,21.5,Zone 3,28.6,Zone 4,26.6,Zone 4,32.7,Zone 4,30.8,Zone 4,36.6,Zone 4,34.8,Zone 4,40.4,Zone 4
Rajasthan,Bikaner,Chattargarh,21.8,2026-03-09,01:00:00,,,,2026-03-09 01:19:31,,,,,,,,,,,,,,,,,,,,
Rajasthan,Chittaurgarh,Chittorgarh Kvk,17.9,2026-03-09,01:00:00,,,,2026-03-09 01:19:31,,,,,,,,,,,,,,,,,,,,
Rajasthan,Churu,Churu,23.2,2026-03-09,01:00:00,54.0,2026-03-08,01:00:00,2026-03-09 01:19:31,23.05000000000001,Zone 3,36.4,Zone 4,22.9,Zone 3,29.9,Zone 4,27.8,Zone 4,34.2,Zone 4,32.2,Zone 4,38.2,Zone 4,36.4,Zone 4,44.0,Zone 5
Rajasthan,Dungarpur,Dungarpur Kvk,,,,32.0,2026-03-08,01:15:00,2026-03-09 01:19:31,,,,,,,,,,,,,,,,,,,,
Rajasthan,Ganganagar,Ganganagar,38.6,2026-03-09,01:00:00,78.0,2026-03-08,01:00:00,2026-03-09 01:19:31,79.35000000000002,Zone 6,87.7,Zone 6,78.9,Zone 6,83.4,Zone 6,81.9,Zone 6,86.3,Zone 6,84.8,Zone 6,89.2,Zone 6,87.7,Zone 6,92.0,Zone 6
Rajasthan,Jaisalmer,Jaisalmer,21.9,2026-03-09,01:00:00,24.0,2026-03-08,01:00:00,2026-03-09 01:19:31,19.75,Zone 3,32.9,Zone 4,19.9,Zone 3,27.5,Zone 4,25.6,Zone 4,31.1,Zone 4,29.4,Zone 4,34.6,Zone 4,32.9,Zone 4,37.9,Zone 4
Rajasthan,Jalore,Jalore Kvk,20.3,2026-03-09,01:00:00,45.0,2026-03-08,01:00:00,2026-03-09 01:19:31,19.05000000000001,Zone 3,32.9,Zone 4,19.3,Zone 3,26.8,Zone 4,25.0,Zone 3,30.8,Zone 4,29.1,Zone 4,34.6,Zone 4,32.9,Zone 4,38.2,Zone 4
Rajasthan,Jhunjhunu,Jhunjhunu(Aws),22.6,2026-03-09,01:15:00,53.0,2026-03-08,01:15:00,2026-03-09 01:19:31,22.350000000000023,Zone 3,35.7,Zone 4,22.2,Zone 3,29.3,Zone 4,27.2,Zone 4,33.5,Zone 4,31.6,Zone 4,37.5,Zone 4,35.7,Zone 4,41.3,Zone 4
Rajasthan,Jhunjhunu,Pilani,19.0,2026-03-09,01:15:00,75.0,2026-03-08,01:15:00,2026-03-09 01:19:31,19.150000000000034,Zone 3,33.2,Zone 4,19.1,Zone 3,26.2,Zone 4,24.6,Zone 3,30.7,Zone 4,28.9,Zone 4,34.9,Zone 4,33.2,Zone 4,39.0,Zone 4
Rajasthan,Jodhpur,Jodhpur,25.7,2026-03-09,01:00:00,37.0,2026-03-08,01:00:00,2026-03-09 01:19:31,25.150000000000034,Zone 3,37.4,Zone 4,24.9,Zone 3,31.6,Zone 4,29.5,Zone 4,35.6,Zone 4,33.6,Zone 4,39.3,Zone 4,37.4,Zone 4,43.0,Zone 4
Rajasthan,Karauli,Karauli Kvk,19.4,2026-03-09,01:15:00,,,,2026-03-09 01:19:31,,,,,,,,,,,,,,,,,,,,
Rajasthan,Pali,Pali,10.9,2026-03-09,01:15:00,56.0,2026-03-08,01:15:00,2026-03-09 01:19:31,9.450000000000045,Zone 2,25.1,Zone 3,9.6,Zone 2,19.4,Zone 3,17.4,Zone 3,23.4,Zone 3,22.3,Zone 3,26.2,Zone 4,25.1,Zone 3,29.6,Zone 4
Rajasthan,Sikar,Fatehpur Amfu,17.7,2026-03-09,01:00:00,56.0,2026-03-08,01:00:00,2026-03-09 01:19:31,16.55000000000001,Zone 3,30.5,Zone 4,16.3,Zone 3,24.5,Zone 3,22.9,Zone 3,28.3,Zone 4,26.7,Zone 4,32.1,Zone 4,30.5,Zone 4,35.8,Zone 4
Rajasthan,Sirohi,Mount Abu,15.7,2026-03-09,01:00:00,57.0,2026-03-08,01:00:00,2026-03-09 01:19:31,14.050000000000011,Zone 3,28.7,Zone 4,13.9,Zone 2,23.0,Zone 3,21.3,Zone 3,26.4,Zone 4,25.0,Zone 3,30.2,Zone 4,28.7,Zone 4,33.8,Zone 4
Rajasthan,Sirohi,Sirohi Kvk,16.7,2026-03-09,01:15:00,51.0,2026-03-08,01:15:00,2026-03-09 01:19:31,15.050000000000011,Zone 3,29.4,Zone 4,14.8,Zone 3,23.7,Zone 3,21.9,Zone 3,27.2,Zone 4,25.6,Zone 4,30.9,Zone 4,29.4,Zone 4,34.4,Zone 4
Tamil Nadu,Ariyalur,Ariyalur,23.8,2026-03-09,01:00:00,94.0,2026-03-08,01:00:00,2026-03-09 01:19:31,25.450000000000045,Zone 4,57.7,Zone 5,25.8,Zone 4,34.9,Zone 4,32.2,Zone 4,48.7,Zone 5,40.6,Zone 5,60.1,Zone 5,57.7,Zone 5,62.9,Zone 5
Tamil Nadu,Chengalpattu,Vit Chennai,23.4,2026-03-09,00:45:00,90.0,2026-03-08,00:45:00,2026-03-09 01:19:31,24.850000000000023,Zone 3,51.5,Zone 5,24.9,Zone 3,33.5,Zone 4,30.9,Zone 4,41.7,Zone 5,36.6,Zone 4,57.7,Zone 5,51.5,Zone 5,61.7,Zone 5
Tamil Nadu,Chennai,Anna University,25.9,2026-03-09,01:00:00,89.0,2026-03-08,01:00:00,2026-03-09 01:19:31,28.75,Zone 4,60.9,Zone 5,28.9,Zone 4,40.1,Zone 5,35.7,Zone 4,58.8,Zone 5,51.3,Zone 5,62.3,Zone 5,60.9,Zone 5,64.8,Zone 5
Tamil Nadu,Chennai,Chennai,26.6,2026-03-09,01:00:00,94.0,2026-03-08,01:00:00,2026-03-09 01:19:31,30.75,Zone 4,62.8,Zone 5,30.5,Zone 4,50.0,Zone 5,39.9,Zone 5,61.0,Zone 5,59.3,Zone 5,64.1,Zone 5,62.8,Zone 5,66.3,Zone 5
Tamil Nadu,Chennai,Ennore Port,26.0,2026-03-09,01:00:00,77.0,2026-03-08,01:00:00,2026-03-09 01:19:31,27.850000000000023,Zone 4,56.5,Zone 5,27.9,Zone 4,36.6,Zone 4,33.9,Zone 4,47.7,Zone 5,39.5,Zone 4,59.9,Zone 5,56.5,Zone 5,62.7,Zone 5
Tamil Nadu,Chennai,Meenambakkam Isro,24.7,2026-03-09,01:00:00,86.0,2026-03-08,01:00:00,2026-03-09 01:19:31,26.450000000000045,Zone 4,54.7,Zone 5,26.1,Zone 4,34.9,Zone 4,32.3,Zone 4,45.4,Zone 5,38.0,Zone 4,59.4,Zone 5,54.7,Zone 5,62.3,Zone 5
Tamil Nadu,Chennai,Niot Pallikaranai,25.8,2026-03-09,01:00:00,82.0,2026-03-08,01:00:00,2026-03-09 01:19:31,27.950000000000045,Zone 4,59.4,Zone 5,28.3,Zone 4,37.4,Zone 4,34.6,Zone 4,52.6,Zone 5,44.0,Zone 5,60.9,Zone 5,59.4,Zone 5,63.6,Zone 5
Tamil Nadu,Coimbatore,Coimbatore Amfu,25.6,2026-03-09,01:00:00,75.0,2026-03-08,01:00:00,2026-03-09 01:19:31,27.05000000000001,Zone 4,51.6,Zone 5,26.9,Zone 4,35.3,Zone 4,32.8,Zone 4,42.4,Zone 5,38.2,Zone 4,58.2,Zone 5,51.6,Zone 5,61.8,Zone 5
Tamil Nadu,Cuddalore,Neyveli,23.4,2026-03-09,00:45:00,99.0,2026-03-08,00:45:00,2026-03-09 01:19:31,25.150000000000034,Zone 3,58.2,Zone 5,25.2,Zone 3,34.5,Zone 4,31.8,Zone 4,49.1,Zone 5,41.2,Zone 5,60.2,Zone 5,58.2,Zone 5,63.0,Zone 5
Tamil Nadu,Cuddalore,Vridha Chalam,24.5,2026-03-09,01:00:00,88.0,2026-03-08,01:00:00,2026-03-09 01:19:31,26.25,Zone 4,56.3,Zone 5,26.2,Zone 4,35.1,Zone 4,32.5,Zone 4,47.1,Zone 5,39.0,Zone 5,59.8,Zone 5,56.3,Zone 5,62.6,Zone 5
Tamil Nadu,Dharmapuri,Palacode,23.3,2026-03-09,01:00:00,81.0,2026-03-08,01:00:00,2026-03-09 01:19:31,24.350000000000023,Zone 3,44.2,Zone 5,24.6,Zone 3,32.6,Zone 4,30.2,Zone 4,37.8,Zone 4,35.5,Zone 4,51.4,Zone 5,44.2,Zone 5,60.2,Zone 5
Tamil Nadu,Dindigul,Natham Isro,20.5,2026-03-09,01:00:00,,,,2026-03-09 01:19:31,,,,,,,,,,,,,,,,,,,,
Tamil Nadu,Dindigul,Palani,24.0,2026-03-09,01:00:00,77.0,2026-03-08,01:00:00,2026-03-09 01:19:31,24.950000000000045,Zone 3,44.0,Zone 5,25.0,Zone 3,33.0,Zone 4,30.6,Zone 4,38.1,Zone 4,35.8,Zone 4,51.3,Zone 5,44.0,Zone 5,60.2,Zone 5
Tamil Nadu,Dindigul,Vedasandur,27.2,2026-03-09,00:45:00,59.0,2026-03-08,00:45:00,2026-03-09 01:19:31,28.25,Zone 4,45.5,Zone 5,28.0,Zone 4,35.8,Zone 4,33.3,Zone 4,40.6,Zone 4,38.2,Zone 4,53.3,Zone 5,45.5,Zone 5,60.6,Zone 5
Tamil Nadu,Erode,Erode Isro,,,,62.0,2026-03-08,01:00:00,2026-03-09 01:19:31,,,,,,,,,,,,,,,,,,,,
Tamil Nadu,Kallakurichi,Kallakurichi,31.8,2026-03-09,01:00:00,81.0,2026-03-08,01:00:00,2026-03-09 01:19:31,51.75,Zone 5,69.0,Zone 5,54.4,Zone 5,65.2,Zone 5,63.3,Zone 5,68.0,Zone 5,66.7,Zone 5,69.9,Zone 5,69.0,Zone 5,71.3,Zone 5
Tamil Nadu,Kanchipuram,Chembarambakkam,24.3,2026-03-09,01:00:00,94.0,2026-03-08,01:00:00,2026-03-09 01:19:31,26.25,Zone 4,59.5,Zone 5,26.6,Zone 4,36.0,Zone 4,33.2,Zone 4,52.5,Zone 5,44.3,Zone 5,60.9,Zone 5,59.5,Zone 5,63.6,Zone 5
Tamil Nadu,Kanchipuram,Hindustan University,26.0,2026-03-09,01:00:00,89.0,2026-03-08,01:00:00,2026-03-09 01:19:31,28.950000000000045,Zone 4,60.9,Zone 5,28.9,Zone 4,40.1,Zone 5,35.7,Zone 4,58.8,Zone 5,51.3,Zone 5,62.3,Zone 5,60.9,Zone 5,64.8,Zone 5
Tamil Nadu,Kanchipuram,Lmois  Kolapakkam,26.4,2026-03-09,01:00:00,81.0,2026-03-08,01:00:00,2026-03-09 01:19:31,28.850000000000023,Zone 4,60.0,Zone 5,29.0,Zone 4,38.3,Zone 4,35.5,Zone 4,55.2,Zone 5,46.7,Zone 5,61.5,Zone 5,60.0,Zone 5,64.1,Zone 5
Tamil Nadu,Kanchipuram,Sathyabama  University,25.9,2026-03-09,01:00:00,89.0,2026-03-08,01:00:00,2026-03-09 01:19:31,28.75,Zone 4,60.9,Zone 5,28.9,Zone 4,40.1,Zone 5,35.7,Zone 4,58.8,Zone 5,51.3,Zone 5,62.3,Zone 5,60.9,Zone 5,64.8,Zone 5
Tamil Nadu,Kanyakumari,Nagercoil,20.8,2026-03-09,01:00:00,69.0,2026-03-08,01:00:00,2026-03-09 01:19:31,20.950000000000045,Zone 3,35.3,Zone 4,21.2,Zone 3,28.3,Zone 4,26.3,Zone 4,32.8,Zone 4,30.9,Zone 4,37.1,Zone 4,35.3,Zone 4,44.4,Zone 5
Tamil Nadu,Kanyakumari,Neyyoor,25.0,2026-03-09,01:00:00,91.0,2026-03-08,01:00:00,2026-03-09 01:19:31,27.25,Zone 4,59.7,Zone 5,27.3,Zone 4,36.6,Zone 4,33.8,Zone 4,53.5,Zone 5,45.3,Zone 5,61.1,Zone 5,59.7,Zone 5,63.8,Zone 5
Tamil Nadu,Kanyakumari,Thirupathisaram Amfu,23.6,2026-03-09,01:15:00,99.0,2026-03-08,01:15:00,2026-03-09 01:19:31,25.450000000000045,Zone 4,58.2,Zone 5,25.2,Zone 3,34.5,Zone 4,31.8,Zone 4,49.1,Zone 5,41.2,Zone 5,60.2,Zone 5,58.2,Zone 5,63.0,Zone 5
Tamil Nadu,Krishnagiri,Denkanikottai,20.9,2026-03-09,01:00:00,60.0,2026-03-08,01:00:00,2026-03-09 01:19:31,20.650000000000034,Zone 3,34.5,Zone 4,20.8,Zone 3,27.9,Zone 4,25.9,Zone 4,32.2,Zone 4,30.3,Zone 4,36.3,Zone 4,34.5,Zone 4,40.2,Zone 4
Tamil Nadu,Krishnagiri,Hosur,19.6,2026-03-09,01:00:00,77.0,2026-03-08,01:00:00,2026-03-09 01:19:31,19.950000000000045,Zone 3,34.0,Zone 4,19.8,Zone 3,26.9,Zone 4,25.0,Zone 3,31.4,Zone 4,29.6,Zone 4,35.7,Zone 4,34.0,Zone 4,42.0,Zone 5
Tamil Nadu,Madurai,Madurai Isro,24.0,2026-03-09,01:00:00,,,,2026-03-09 01:19:31,,,,,,,,,,,,,,,,,,,,
Tamil Nadu,Perambalur,Perambalur,22.3,2026-03-09,01:00:00,89.0,2026-03-08,01:00:00,2026-03-09 01:19:31,23.650000000000034,Zone 3,44.2,Zone 5,23.8,Zone 3,31.6,Zone 4,29.3,Zone 4,37.0,Zone 4,34.7,Zone 4,51.1,Zone 5,44.2,Zone 5,60.2,Zone 5
Tamil Nadu,Pudukkottai,Vamban Kvk,23.9,2026-03-09,01:15:00,91.0,2026-03-08,01:15:00,2026-03-09 01:19:31,25.450000000000045,Zone 4,55.5,Zone 5,25.6,Zone 4,34.5,Zone 4,31.9,Zone 4,46.1,Zone 5,38.1,Zone 5,59.6,Zone 5,55.5,Zone 5,62.5,Zone 5
Tamil Nadu,Ramanathapuram,Ramnadu Kvk,26.9,2026-03-09,01:00:00,,,,2026-03-09 01:19:31,,,,,,,,,,,,,,,,,,,,
Tamil Nadu,Salem,Sandhiyur Kvk,25.5,2026-03-09,01:15:00,57.0,2026-03-08,01:15:00,2026-03-09 01:19:31,25.850000000000023,Zone 4,40.1,Zone 4,25.9,Zone 4,33.3,Zone 4,31.0,Zone 4,37.9,Zone 4,35.7,Zone 4,43.5,Zone 5,40.1,Zone 4,57.3,Zone 5
Tamil Nadu,Thanjavur,Adiramapattinam,24.4,2026-03-09,01:00:00,100.0,2026-03-08,01:00:00,2026-03-09 01:19:31,26.850000000000023,Zone 4,60.7,Zone 5,27.0,Zone 4,38.5,Zone 5,34.0,Zone 4,57.5,Zone 5,50.0,Zone 5,62.0,Zone 5,60.7,Zone 5,64.5,Zone 5
Tamil Nadu,The Nilgiris,Coonoor,14.3,2026-03-09,01:00:00,84.0,2026-03-08,01:00:00,2026-03-09 01:19:31,13.75,Zone 2,28.7,Zone 4,13.9,Zone 2,22.8,Zone 3,21.1,Zone 3,26.1,Zone 4,24.8,Zone 3,30.1,Zone 4,28.7,Zone 4,34.0,Zone 4
Tamil Nadu,Thoothukudi,Thiruchendur,25.1,2026-03-09,01:00:00,99.0,2026-03-08,01:00:00,2026-03-09 01:19:31,28.05000000000001,Zone 4,61.3,Zone 5,27.9,Zone 4,41.7,Zone 5,35.0,Zone 4,59.3,Zone 5,53.2,Zone 5,62.6,Zone 5,61.3,Zone 5,65.1,Zone 5
Tamil Nadu,Thoothukudi,Tuticorin Airport,25.2,2026-03-09,01:00:00,90.0,2026-03-08,01:00:00,2026-03-09 01:19:31,27.55000000000001,Zone 4,59.5,Zone 5,27.2,Zone 4,36.5,Zone 4,33.7,Zone 4,52.7,Zone 5,44.3,Zone 5,61.0,Zone 5,59.5,Zone 5,63.6,Zone 5
Tamil Nadu,Thoothukudi,Tuticorin Railway Station,25.5,2026-03-09,01:00:00,85.0,2026-03-08,01:00:00,2026-03-09 01:19:31,27.650000000000034,Zone 4,59.3,Zone 5,27.7,Zone 4,36.8,Zone 4,34.0,Zone 4,51.8,Zone 5,43.3,Zone 5,60.8,Zone 5,59.3,Zone 5,63.5,Zone 5
Tamil Nadu,Tiruchirappalli,Thuvakudi Isro,23.2,2026-03-09,01:00:00,93.0,2026-03-08,01:00:00,2026-03-09 01:19:31,24.75,Zone 3,50.5,Zone 5,24.5,Zone 3,32.9,Zone 4,30.4,Zone 4,40.7,Zone 5,36.1,Zone 4,56.9,Zone 5,50.5,Zone 5,61.4,Zone 5
Tamil Nadu,Tirunelveli,Tirunelveli,25.2,2026-03-09,00:45:00,80.0,2026-03-08,00:45:00,2026-03-09 01:19:31,26.850000000000023,Zone 4,52.9,Zone 5,26.5,Zone 4,35.1,Zone 4,32.5,Zone 4,43.5,Zone 5,38.1,Zone 4,59.0,Zone 5,52.9,Zone 5,62.0,Zone 5
Tamil Nadu,Tiruvallur,Good Will School Villivakkam,25.8,2026-03-09,01:00:00,82.0,2026-03-08,01:00:00,2026-03-09 01:19:31,27.950000000000045,Zone 4,59.4,Zone 5,28.3,Zone 4,37.4,Zone 4,34.6,Zone 4,52.6,Zone 5,44.0,Zone 5,60.9,Zone 5,59.4,Zone 5,63.6,Zone 5
Tamil Nadu,Tiruvallur,Poonamallee,25.1,2026-03-09,01:00:00,87.0,2026-03-08,01:00:00,2026-03-09 01:19:31,27.150000000000034,Zone 4,58.5,Zone 5,27.0,Zone 4,36.0,Zone 4,33.3,Zone 4,49.9,Zone 5,41.5,Zone 5,60.4,Zone 5,58.5,Zone 5,63.1,Zone 5
Tamil Nadu,Tiruvallur,R.K.Pet,24.3,2026-03-09,01:00:00,93.0,2026-03-08,01:00:00,2026-03-09 01:19:31,26.25,Zone 4,59.3,Zone 5,26.5,Zone 4,35.8,Zone 4,33.1,Zone 4,51.6,Zone 5,43.4,Zone 5,60.7,Zone 5,59.3,Zone 5,63.4,Zone 5
Tamil Nadu,Tiruvallur,Tirur Kvk,23.9,2026-03-09,01:15:00,,,,2026-03-09 01:19:31,,,,,,,,,,,,,,,,,,,,
Tamil Nadu,Tiruvannamalai,Cheyyar,24.5,2026-03-09,01:00:00,96.0,2026-03-08,01:00:00,2026-03-09 01:19:31,26.75,Zone 4,59.9,Zone 5,26.7,Zone 4,36.3,Zone 4,33.5,Zone 4,54.2,Zone 5,46.2,Zone 5,61.3,Zone 5,59.9,Zone 5,63.9,Zone 5
Tamil Nadu,Vellore,Virinjipuram Kvk,24.3,2026-03-09,01:15:00,54.0,2026-03-08,01:15:00,2026-03-09 01:19:31,24.350000000000023,Zone 3,38.3,Zone 4,24.6,Zone 3,31.7,Zone 4,29.5,Zone 4,36.1,Zone 4,34.0,Zone 4,40.3,Zone 4,38.3,Zone 4,50.7,Zone 5
Tamil Nadu,Virudhunagar,Aruppukottai Kvk,23.0,2026-03-09,01:15:00,68.0,2026-03-08,01:15:00,2026-03-09 01:19:31,23.55000000000001,Zone 3,37.9,Zone 4,23.5,Zone 3,30.8,Zone 4,28.6,Zone 4,35.5,Zone 4,33.4,Zone 4,39.9,Zone 4,37.9,Zone 4,53.4,Zone 5
Telangana,Hanumakonda,Hanumakonda,24.7,2026-03-09,01:00:00,81.0,2026-03-08,01:00:00,2026-03-09 01:19:31,26.150000000000034,Zone 4,50.5,Zone 5,25.8,Zone 4,34.3,Zone 4,31.8,Zone 4,41.1,Zone 5,37.3,Zone 4,57.2,Zone 5,50.5,Zone 5,61.5,Zone 5
Telangana,Hyderabad,Golkonda,26.6,2026-03-09,01:00:00,68.0,2026-03-08,01:00:00,2026-03-09 01:19:31,28.05000000000001,Zone 4,51.3,Zone 5,27.9,Zone 4,36.2,Zone 4,33.6,Zone 4,42.4,Zone 5,38.9,Zone 4,58.2,Zone 5,51.3,Zone 5,61.7,Zone 5
Telangana,Hyderabad,Hyderabad,25.8,2026-03-09,01:00:00,58.0,2026-03-08,01:00:00,2026-03-09 01:19:31,26.350000000000023,Zone 4,41.0,Zone 4,26.6,Zone 4,34.1,Zone 4,31.7,Zone 4,38.8,Zone 4,36.5,Zone 4,46.9,Zone 5,41.0,Zone 4,59.3,Zone 5
Telangana,Jogulamba Gadwal,Jurala Cwc,22.1,2026-03-09,01:00:00,56.0,2026-03-08,01:00:00,2026-03-09 01:19:31,21.850000000000023,Zone 3,35.4,Zone 4,21.8,Zone 3,28.9,Zone 4,26.8,Zone 4,33.1,Zone 4,31.2,Zone 4,37.2,Zone 4,35.4,Zone 4,41.1,Zone 5
Telangana,Karimnagar,Karimnagar,24.4,2026-03-09,01:00:00,84.0,2026-03-08,01:00:00,2026-03-09 01:19:31,25.850000000000023,Zone 4,53.1,Zone 5,26.0,Zone 4,34.6,Zone 4,32.1,Zone 4,43.6,Zone 5,37.7,Zone 4,59.1,Zone 5,53.1,Zone 5,62.0,Zone 5
Telangana,Khammam,Khammam,24.9,2026-03-09,01:00:00,94.0,2026-03-08,01:00:00,2026-03-09 01:19:31,27.350000000000023,Zone 4,60.3,Zone 5,27.5,Zone 4,37.2,Zone 5,34.3,Zone 4,56.1,Zone 5,48.3,Zone 5,61.7,Zone 5,60.3,Zone 5,64.3,Zone 5
Telangana,Khammam,Wyra Kvk,24.3,2026-03-09,01:15:00,91.0,2026-03-08,01:15:00,2026-03-09 01:19:31,26.05000000000001,Zone 4,58.5,Zone 5,26.4,Zone 4,35.5,Zone 4,32.9,Zone 4,49.8,Zone 5,41.5,Zone 5,60.4,Zone 5,58.5,Zone 5,63.1,Zone 5
Telangana,Kumuram Bheem Asifabad ,Asifabad,20.4,2026-03-09,01:00:00,55.0,2026-03-08,01:00:00,2026-03-09 01:19:31,19.75,Zone 3,33.6,Zone 4,19.9,Zone 3,27.2,Zone 4,25.2,Zone 3,31.4,Zone 4,29.5,Zone 4,35.3,Zone 4,33.6,Zone 4,39.1,Zone 4
Telangana,Mahabubabad,Malyal Kvk,24.7,2026-03-09,01:15:00,100.0,2026-03-08,01:15:00,2026-03-09 01:19:31,27.350000000000023,Zone 4,60.7,Zone 5,27.0,Zone 4,38.5,Zone 5,34.0,Zone 4,57.5,Zone 5,50.0,Zone 5,62.0,Zone 5,60.7,Zone 5,64.5,Zone 5
Telangana,Mahbubnagar,Mahbubnagar,24.8,2026-03-09,01:00:00,68.0,2026-03-08,01:00:00,2026-03-09 01:19:31,25.55000000000001,Zone 4,42.4,Zone 5,25.8,Zone 4,33.7,Zone 4,31.3,Zone 4,38.6,Zone 4,36.3,Zone 4,49.9,Zone 5,42.4,Zone 5,59.9,Zone 5
Telangana,Medak,Medak,23.0,2026-03-09,01:00:00,78.0,2026-03-08,01:00:00,2026-03-09 01:19:31,23.950000000000045,Zone 3,39.2,Zone 4,24.0,Zone 3,31.5,Zone 4,29.2,Zone 4,36.5,Zone 4,34.4,Zone 4,46.1,Zone 5,39.2,Zone 4,59.1,Zone 5
Telangana,Medchal Malkajgiri,Kukatpally Jntu,25.7,2026-03-09,01:00:00,75.0,2026-03-08,01:00:00,2026-03-09 01:19:31,27.25,Zone 4,51.6,Zone 5,26.9,Zone 4,35.3,Zone 4,32.8,Zone 4,42.4,Zone 5,38.2,Zone 4,58.2,Zone 5,51.6,Zone 5,61.8,Zone 5
Telangana,Nalgonda,Devarakonda,27.2,2026-03-09,01:00:00,77.0,2026-03-08,01:00:00,2026-03-09 01:19:31,29.850000000000023,Zone 4,59.9,Zone 5,29.5,Zone 4,38.6,Zone 4,35.8,Zone 4,54.8,Zone 5,46.2,Zone 5,61.4,Zone 5,59.9,Zone 5,64.0,Zone 5
Telangana,Nirmal ,Bhainsa Arg,23.3,2026-03-09,01:00:00,80.0,2026-03-08,01:00:00,2026-03-09 01:19:31,24.350000000000023,Zone 3,43.4,Zone 5,24.6,Zone 3,32.5,Zone 4,30.1,Zone 4,37.6,Zone 4,35.4,Zone 4,50.6,Zone 5,43.4,Zone 5,60.1,Zone 5
Telangana,Peddapalli,Kunaram,25.0,2026-03-09,01:00:00,29.0,2026-03-08,01:00:00,2026-03-09 01:19:31,23.950000000000045,Zone 3,36.1,Zone 4,23.9,Zone 3,30.5,Zone 4,28.5,Zone 4,34.3,Zone 4,32.4,Zone 4,37.9,Zone 4,36.1,Zone 4,41.3,Zone 4
Telangana,Ranga Reddy,Cbit Gandipet,23.4,2026-03-09,01:00:00,67.0,2026-03-08,01:00:00,2026-03-09 01:19:31,23.950000000000045,Zone 3,38.5,Zone 4,24.0,Zone 3,31.4,Zone 4,29.2,Zone 4,36.1,Zone 4,34.0,Zone 4,40.9,Zone 5,38.5,Zone 4,55.1,Zone 5
Telangana,Ranga Reddy,Dullapally,,,,59.0,2026-03-08,01:00:00,2026-03-09 01:19:31,,,,,,,,,,,,,,,,,,,,
Telangana,Ranga Reddy,Esci Gachibowli,22.6,2026-03-09,01:00:00,74.0,2026-03-08,01:00:00,2026-03-09 01:19:31,23.350000000000023,Zone 3,37.9,Zone 4,23.2,Zone 3,30.5,Zone 4,28.3,Zone 4,35.3,Zone 4,33.2,Zone 4,40.6,Zone 5,37.9,Zone 4,54.9,Zone 5
Telangana,Ranga Reddy,Ghatkesar,20.9,2026-03-09,01:00:00,90.0,2026-03-08,01:00:00,2026-03-09 01:19:31,22.05000000000001,Zone 3,37.3,Zone 4,22.2,Zone 3,29.4,Zone 4,27.2,Zone 4,34.5,Zone 4,32.4,Zone 4,42.7,Zone 5,37.3,Zone 4,56.8,Zone 5
Telangana,Ranga Reddy,Hayathnagar,20.6,2026-03-09,01:00:00,87.0,2026-03-08,01:00:00,2026-03-09 01:19:31,21.650000000000034,Zone 3,36.2,Zone 4,21.5,Zone 3,28.6,Zone 4,26.4,Zone 4,33.5,Zone 4,31.5,Zone 4,38.3,Zone 5,36.2,Zone 4,52.6,Zone 5
Telangana,Sangareddy,Zaheerabad,23.2,2026-03-09,01:00:00,40.0,2026-03-08,01:00:00,2026-03-09 01:19:31,22.350000000000023,Zone 3,35.1,Zone 4,22.1,Zone 3,29.1,Zone 4,27.1,Zone 4,33.1,Zone 4,31.2,Zone 4,36.8,Zone 4,35.1,Zone 4,40.4,Zone 4
Telangana,Siddipet,Kaveri Siddipet,23.7,2026-03-09,01:00:00,75.0,2026-03-08,01:00:00,2026-03-09 01:19:31,24.55000000000001,Zone 3,39.7,Zone 5,24.4,Zone 3,32.0,Zone 4,29.7,Zone 4,37.0,Zone 4,34.8,Zone 4,46.8,Zone 5,39.7,Zone 5,59.3,Zone 5
Telangana,Suryapet,Suryapet Arg,24.9,2026-03-09,01:00:00,82.0,2026-03-08,01:00:00,2026-03-09 01:19:31,26.450000000000045,Zone 4,54.6,Zone 5,26.6,Zone 4,35.3,Zone 4,32.7,Zone 4,45.3,Zone 5,38.4,Zone 4,59.4,Zone 5,54.6,Zone 5,62.3,Zone 5
Telangana,Vikarabad,Tandur,21.0,2026-03-09,01:00:00,60.0,2026-03-08,01:00:00,2026-03-09 01:19:31,20.75,Zone 3,34.5,Zone 4,20.8,Zone 3,27.9,Zone 4,25.9,Zone 4,32.2,Zone 4,30.3,Zone 4,36.3,Zone 4,34.5,Zone 4,40.2,Zone 4
Tripura,Khowai,Khowai,24.8,2026-03-09,01:00:00,,,,2026-03-09 01:19:31,,,,,,,,,,,,,,,,,,,,
Tripura,Khowai,Teliamura,22.0,2026-03-09,01:00:00,95.0,2026-03-08,01:00:00,2026-03-09 01:19:31,23.55000000000001,Zone 3,45.4,Zone 5,23.5,Zone 3,31.3,Zone 4,28.9,Zone 4,36.7,Zone 4,34.5,Zone 4,52.2,Zone 5,45.4,Zone 5,60.4,Zone 5
Tripura,North Tripura,Kamalpur,20.6,2026-03-09,01:00:00,11.0,2026-03-08,01:00:00,2026-03-09 01:19:31,17.25,Zone 3,31.0,Zone 4,17.2,Zone 3,25.8,Zone 4,24.0,Zone 3,29.3,Zone 4,27.7,Zone 4,32.5,Zone 4,31.0,Zone 4,35.6,Zone 4
Tripura,Sipahijala,Cti,22.3,2026-03-09,01:00:00,100.0,2026-03-08,01:00:00,2026-03-09 01:19:31,24.05000000000001,Zone 3,52.5,Zone 5,24.3,Zone 3,32.6,Zone 4,30.1,Zone 4,42.5,Zone 5,36.0,Zone 4,58.4,Zone 5,52.5,Zone 5,61.8,Zone 5
Tripura,South Tripura,Gokulpur,21.6,2026-03-09,01:00:00,,,,2026-03-09 01:19:31,,,,,,,,,,,,,,,,,,,,
Tripura,West Tripura,Agartala Airport,23.8,2026-03-09,01:00:00,91.0,2026-03-08,01:00:00,2026-03-09 01:19:31,25.25,Zone 3,55.5,Zone 5,25.6,Zone 4,34.5,Zone 4,31.9,Zone 4,46.1,Zone 5,38.1,Zone 5,59.6,Zone 5,55.5,Zone 5,62.5,Zone 5
Tripura,West Tripura,Dm Office West Agartala,24.2,2026-03-09,01:00:00,,,,2026-03-09 01:19:31,,,,,,,,,,,,,,,,,,,,
Tripura,West Tripura,Hrc Nagicherra,22.1,2026-03-09,01:00:00,,,,2026-03-09 01:19:31,,,,,,,,,,,,,,,,,,,,
Tripura,West Tripura,Khumluwang,22.6,2026-03-09,01:15:00,,,,2026-03-09 01:19:31,,,,,,,,,,,,,,,,,,,,
Tripura,West Tripura,Secretariat,23.7,2026-03-09,01:00:00,,,,2026-03-09 01:19:31,,,,,,,,,,,,,,,,,,,,
Uttarakhand,Almora,Matela Kvk,14.0,2026-03-09,01:15:00,100.0,2026-03-08,01:15:00,2026-03-09 01:19:31,13.950000000000045,Zone 2,28.7,Zone 4,14.0,Zone 2,22.7,Zone 3,21.1,Zone 3,26.0,Zone 4,24.8,Zone 3,30.1,Zone 4,28.7,Zone 4,34.2,Zone 4
Uttarakhand,Bageshwar,Kapkote,,,,88.0,2026-03-08,01:00:00,2026-03-09 01:19:31,,,,,,,,,,,,,,,,,,,,
Uttarakhand,Chamoli,Chamoli,18.4,2026-03-09,01:00:00,,,,2026-03-09 01:19:31,,,,,,,,,,,,,,,,,,,,
Uttarakhand,Chamoli,Tharali,,,,13.0,2026-03-08,01:15:00,2026-03-09 01:19:31,,,,,,,,,,,,,,,,,,,,
Uttarakhand,Champawat,Champawat,14.1,2026-03-09,01:00:00,,,,2026-03-09 01:19:31,,,,,,,,,,,,,,,,,,,,
Uttarakhand,Dehradun,Dehradun,,,,78.0,2026-03-08,01:00:00,2026-03-09 01:19:31,,,,,,,,,,,,,,,,,,,,
Uttarakhand,Dehradun,Jollygrant,19.8,2026-03-09,01:00:00,85.0,2026-03-08,01:00:00,2026-03-09 01:19:31,20.55000000000001,Zone 3,35.3,Zone 4,20.8,Zone 3,27.8,Zone 4,25.7,Zone 4,32.6,Zone 4,30.6,Zone 4,37.1,Zone 4,35.3,Zone 4,48.9,Zone 5
Uttarakhand,Dehradun,Massouri,17.0,2026-03-09,01:15:00,58.0,2026-03-08,01:15:00,2026-03-09 01:19:31,15.75,Zone 3,30.2,Zone 4,15.7,Zone 3,24.2,Zone 3,22.5,Zone 3,27.9,Zone 4,26.3,Zone 4,31.7,Zone 4,30.2,Zone 4,35.3,Zone 4
Uttarakhand,Dehradun,Rishikesh,,,,87.0,2026-03-08,01:00:00,2026-03-09 01:19:31,,,,,,,,,,,,,,,,,,,,
Uttarakhand,Haridwar,Roorkee Amfu,19.9,2026-03-09,01:00:00,12.0,2026-03-08,01:00:00,2026-03-09 01:19:31,16.55000000000001,Zone 3,30.7,Zone 4,16.6,Zone 3,25.5,Zone 4,23.6,Zone 3,28.9,Zone 4,27.3,Zone 4,32.2,Zone 4,30.7,Zone 4,35.3,Zone 4
Uttarakhand,Nainital,Mukteshwar,19.7,2026-03-09,01:00:00,,,,2026-03-09 01:19:31,,,,,,,,,,,,,,,,,,,,
Uttarakhand,Nainital,Nainital(Jeolikot) Kvk,17.5,2026-03-09,01:15:00,100.0,2026-03-08,01:15:00,2026-03-09 01:19:31,18.450000000000045,Zone 3,32.9,Zone 4,18.4,Zone 3,25.2,Zone 3,24.0,Zone 3,30.1,Zone 4,28.2,Zone 4,34.6,Zone 4,32.9,Zone 4,43.8,Zone 5
Uttarakhand,Pauri Garhwal,Bharsar,11.6,2026-03-09,01:00:00,78.0,2026-03-08,01:00:00,2026-03-09 01:19:31,10.850000000000023,Zone 2,25.7,Zone 4,10.8,Zone 2,20.3,Zone 3,18.4,Zone 3,24.0,Zone 3,22.9,Zone 3,27.0,Zone 4,25.7,Zone 4,30.6,Zone 4
Uttarakhand,Pauri Garhwal,Srinagar Arg,21.6,2026-03-09,01:00:00,,,,2026-03-09 01:19:31,,,,,,,,,,,,,,,,,,,,
Uttarakhand,Rudraprayag,Rudra Prayag,21.4,2026-03-09,01:00:00,81.0,2026-03-08,01:00:00,2026-03-09 01:19:31,22.25,Zone 3,37.1,Zone 4,22.4,Zone 3,29.6,Zone 4,27.4,Zone 4,34.5,Zone 4,32.4,Zone 4,39.9,Zone 5,37.1,Zone 4,54.2,Zone 5
Uttarakhand,Tehri Garhwal,Devprayag,20.1,2026-03-09,01:00:00,85.0,2026-03-08,01:00:00,2026-03-09 01:19:31,20.950000000000045,Zone 3,35.3,Zone 4,20.8,Zone 3,27.8,Zone 4,25.7,Zone 4,32.6,Zone 4,30.6,Zone 4,37.1,Zone 4,35.3,Zone 4,48.9,Zone 5
Uttarakhand,Tehri Garhwal,Rani Chawri,,,,84.0,2026-03-08,01:00:00,2026-03-09 01:19:31,,,,,,,,,,,,,,,,,,,,
Uttarakhand,Uttarkashi,Purola,13.8,2026-03-09,01:00:00,75.0,2026-03-08,01:00:00,2026-03-09 01:19:31,12.950000000000045,Zone 2,27.9,Zone 4,13.1,Zone 2,22.2,Zone 3,20.5,Zone 3,25.4,Zone 4,24.4,Zone 3,29.3,Zone 4,27.9,Zone 4,33.0,Zone 4
Uttar Pradesh,Agra,Hydrogen Factory Bindukatra,22.6,2026-03-09,01:00:00,79.0,2026-03-08,01:00:00,2026-03-09 01:19:31,23.55000000000001,Zone 3,38.5,Zone 4,23.4,Zone 3,30.9,Zone 4,28.6,Zone 4,35.8,Zone 4,33.7,Zone 4,44.0,Zone 5,38.5,Zone 4,57.8,Zone 5
Uttar Pradesh,Aligarh,Quarsi Farms Quarsi,24.5,2026-03-09,01:00:00,83.0,2026-03-08,01:00:00,2026-03-09 01:19:31,25.950000000000045,Zone 4,52.2,Zone 5,25.9,Zone 4,34.5,Zone 4,32.0,Zone 4,42.8,Zone 5,37.6,Zone 4,58.5,Zone 5,52.2,Zone 5,61.8,Zone 5
Uttar Pradesh,Ambedkar Nagar,Collectorate Office Akbarpur,22.7,2026-03-09,01:00:00,99.0,2026-03-08,01:00:00,2026-03-09 01:19:31,24.450000000000045,Zone 3,51.8,Zone 5,24.2,Zone 3,32.5,Zone 4,30.0,Zone 4,41.8,Zone 5,35.9,Zone 4,57.8,Zone 5,51.8,Zone 5,61.7,Zone 5
Uttar Pradesh,Ayodhya,Krishi Vigyan Kendra Kumarganj,,,,89.0,2026-03-08,01:00:00,2026-03-09 01:19:31,,,,,,,,,,,,,,,,,,,,
Uttar Pradesh,Azamgarh,Lalganj Tehsil Office,23.1,2026-03-09,01:00:00,,,,2026-03-09 01:19:31,,,,,,,,,,,,,,,,,,,,
Uttar Pradesh,Balrampur,Bcml Tulsipur Sugar Mill,21.9,2026-03-09,01:15:00,,,,2026-03-09 01:19:31,,,,,,,,,,,,,,,,,,,,
Uttar Pradesh,Bulandshahar,Bulandshahar Kvk,18.2,2026-03-09,01:15:00,94.0,2026-03-08,01:15:00,2026-03-09 01:19:31,19.05000000000001,Zone 3,33.2,Zone 4,18.8,Zone 3,25.7,Zone 4,24.2,Zone 3,30.4,Zone 4,28.6,Zone 4,34.9,Zone 4,33.2,Zone 4,43.4,Zone 5
Uttar Pradesh,Chitrakoot,Ganivan Kvk,20.1,2026-03-09,01:15:00,,,,2026-03-09 01:19:31,,,,,,,,,,,,,,,,,,,,
Uttar Pradesh,Etawah,Bbrau Agriculture College,25.8,2026-03-09,01:00:00,54.0,2026-03-08,01:00:00,2026-03-09 01:19:31,26.05000000000001,Zone 4,40.4,Zone 4,26.3,Zone 4,33.7,Zone 4,31.4,Zone 4,38.2,Zone 4,36.0,Zone 4,43.5,Zone 5,40.4,Zone 4,57.3,Zone 5
Uttar Pradesh,Fatehpur,Fatehpur Kvk,21.0,2026-03-09,01:15:00,,,,2026-03-09 01:19:31,,,,,,,,,,,,,,,,,,,,
Uttar Pradesh,Jaunpur,Mariahu Tehsil Office,23.3,2026-03-09,01:00:00,,,,2026-03-09 01:19:31,,,,,,,,,,,,,,,,,,,,
Uttar Pradesh,Kushinagar,Kushinagar Kvk,22.3,2026-03-09,01:15:00,100.0,2026-03-08,01:15:00,2026-03-09 01:19:31,24.05000000000001,Zone 3,52.5,Zone 5,24.3,Zone 3,32.6,Zone 4,30.1,Zone 4,42.5,Zone 5,36.0,Zone 4,58.4,Zone 5,52.5,Zone 5,61.8,Zone 5
Uttar Pradesh,Lucknow,Integral University,24.0,2026-03-09,01:00:00,,,,2026-03-09 01:19:31,,,,,,,,,,,,,,,,,,,,
Uttar Pradesh,Lucknow,Meteorological Centre Amausi,23.2,2026-03-09,01:00:00,87.0,2026-03-08,01:00:00,2026-03-09 01:19:31,24.55000000000001,Zone 3,45.8,Zone 5,24.3,Zone 3,32.3,Zone 4,29.9,Zone 4,37.6,Zone 4,35.3,Zone 4,52.7,Zone 5,45.8,Zone 5,60.5,Zone 5
Uttar Pradesh,Mainpuri,Mainpuri Kvk,19.4,2026-03-09,01:15:00,100.0,2026-03-08,01:15:00,2026-03-09 01:19:31,20.75,Zone 3,35.9,Zone 4,20.9,Zone 3,27.8,Zone 4,25.7,Zone 4,32.9,Zone 4,30.9,Zone 4,40.1,Zone 5,35.9,Zone 4,54.5,Zone 5
Uttar Pradesh,Mathura,Collectorate Office,22.0,2026-03-09,01:00:00,92.0,2026-03-08,01:00:00,2026-03-09 01:19:31,23.450000000000045,Zone 3,43.3,Zone 5,23.4,Zone 3,31.1,Zone 4,28.7,Zone 4,36.4,Zone 4,34.2,Zone 4,50.1,Zone 5,43.3,Zone 5,60.0,Zone 5
Uttar Pradesh,Meerut,Ccsu Campus,24.2,2026-03-09,01:00:00,95.0,2026-03-08,01:00:00,2026-03-09 01:19:31,26.150000000000034,Zone 4,58.4,Zone 5,25.8,Zone 4,35.0,Zone 4,32.4,Zone 4,49.6,Zone 5,41.4,Zone 5,60.3,Zone 5,58.4,Zone 5,63.1,Zone 5
Uttar Pradesh,Raebareli,Airport Fursatganj,21.1,2026-03-09,01:15:00,100.0,2026-03-08,01:15:00,2026-03-09 01:19:31,22.75,Zone 3,42.5,Zone 5,22.6,Zone 3,30.0,Zone 4,27.7,Zone 4,35.4,Zone 4,33.3,Zone 4,49.1,Zone 5,42.5,Zone 5,59.8,Zone 5
Uttar Pradesh,Sultanpur,Krishi Vigyan Kendra Barasin,,,,95.0,2026-03-08,01:00:00,2026-03-09 01:19:31,,,,,,,,,,,,,,,,,,,,
West Bengal,Alipurduar,Jayanti,22.4,2026-03-09,01:00:00,79.0,2026-03-08,01:00:00,2026-03-09 01:19:31,23.350000000000023,Zone 3,38.5,Zone 4,23.4,Zone 3,30.9,Zone 4,28.6,Zone 4,35.8,Zone 4,33.7,Zone 4,44.0,Zone 5,38.5,Zone 4,57.8,Zone 5
West Bengal,Asansol,Imd Mo Assansol,24.5,2026-03-09,01:00:00,57.0,2026-03-08,01:00:00,2026-03-09 01:19:31,24.75,Zone 3,38.7,Zone 4,24.7,Zone 3,32.0,Zone 4,29.7,Zone 4,36.4,Zone 4,34.3,Zone 4,40.7,Zone 4,38.7,Zone 4,52.9,Zone 5
West Bengal,Cooch Behar,Pundibari Amfu,27.5,2026-03-09,01:00:00,,,,2026-03-09 01:19:31,,,,,,,,,,,,,,,,,,,,
West Bengal,Darjeeling,Kharibari,22.9,2026-03-09,01:00:00,95.0,2026-03-08,01:00:00,2026-03-09 01:19:31,24.450000000000045,Zone 3,52.1,Zone 5,24.6,Zone 3,33.1,Zone 4,30.5,Zone 4,42.2,Zone 5,36.3,Zone 4,58.1,Zone 5,52.1,Zone 5,61.7,Zone 5
West Bengal,Durgapur,Kzi Airport,24.7,2026-03-09,00:30:00,72.0,2026-03-08,00:30:00,2026-03-09 01:19:31,25.650000000000034,Zone 4,42.9,Zone 5,25.4,Zone 4,33.3,Zone 4,30.9,Zone 4,38.3,Zone 4,36.0,Zone 4,50.3,Zone 5,42.9,Zone 5,60.0,Zone 5
West Bengal,Howrah,Ramsaday College Amta,24.6,2026-03-09,01:00:00,89.0,2026-03-08,01:00:00,2026-03-09 01:19:31,26.450000000000045,Zone 4,57.1,Zone 5,26.3,Zone 4,35.3,Zone 4,32.6,Zone 4,48.0,Zone 5,39.8,Zone 5,60.0,Zone 5,57.1,Zone 5,62.8,Zone 5
West Bengal,Howrah,Uluberia,27.6,2026-03-09,01:00:00,,,,2026-03-09 01:19:31,,,,,,,,,,,,,,,,,,,,
West Bengal,Jalpaiguri,Ramshai Kvk,22.5,2026-03-09,01:15:00,,,,2026-03-09 01:19:31,,,,,,,,,,,,,,,,,,,,
West Bengal,Jhargram,Jhargram,24.5,2026-03-09,01:00:00,94.0,2026-03-08,01:00:00,2026-03-09 01:19:31,26.650000000000034,Zone 4,59.5,Zone 5,26.6,Zone 4,36.0,Zone 4,33.2,Zone 4,52.5,Zone 5,44.3,Zone 5,60.9,Zone 5,59.5,Zone 5,63.6,Zone 5
West Bengal,Kalimpong,Kalimpong Amfu,19.4,2026-03-09,01:00:00,76.0,2026-03-08,01:00:00,2026-03-09 01:19:31,19.650000000000034,Zone 3,33.9,Zone 4,19.8,Zone 3,26.8,Zone 4,25.0,Zone 3,31.4,Zone 4,29.5,Zone 4,35.7,Zone 4,33.9,Zone 4,41.5,Zone 5
West Bengal,Kolkata,Kolkata Airport,25.2,2026-03-09,01:00:00,96.0,2026-03-08,01:00:00,2026-03-09 01:19:31,28.05000000000001,Zone 4,60.7,Zone 5,27.6,Zone 4,38.9,Zone 5,34.6,Zone 4,57.7,Zone 5,50.3,Zone 5,62.1,Zone 5,60.7,Zone 5,64.6,Zone 5
West Bengal,Murshidabad,Berhampore,23.6,2026-03-09,01:00:00,85.0,2026-03-08,01:00:00,2026-03-09 01:19:31,24.850000000000023,Zone 3,47.4,Zone 5,24.8,Zone 3,33.0,Zone 4,30.5,Zone 4,38.3,Zone 4,36.0,Zone 4,54.3,Zone 5,47.4,Zone 5,60.9,Zone 5
West Bengal,Murshidabad,Murshidabad Kvk,21.9,2026-03-09,01:15:00,,,,2026-03-09 01:19:31,,,,,,,,,,,,,,,,,,,,
West Bengal,Nadia,Kalyani Amfu,24.3,2026-03-09,01:00:00,100.0,2026-03-08,01:00:00,2026-03-09 01:19:31,26.650000000000034,Zone 4,60.7,Zone 5,27.0,Zone 4,38.5,Zone 5,34.0,Zone 4,57.5,Zone 5,50.0,Zone 5,62.0,Zone 5,60.7,Zone 5,64.5,Zone 5
West Bengal,North Dinajpur,Raiganj,21.7,2026-03-09,01:00:00,99.0,2026-03-08,01:00:00,2026-03-09 01:19:31,23.350000000000023,Zone 3,45.0,Zone 5,23.1,Zone 3,30.8,Zone 4,28.4,Zone 4,36.3,Zone 4,34.0,Zone 4,51.7,Zone 5,45.0,Zone 5,60.3,Zone 5
West Bengal,North Twenty Four Parganas,Ashoknagar Kvk,24.7,2026-03-09,01:15:00,,,,2026-03-09 01:19:31,,,,,,,,,,,,,,,,,,,,
West Bengal,Purba Mednipur,Imd Mo Digha,25.8,2026-03-09,00:45:00,,,,2026-03-09 01:19:31,,,,,,,,,,,,,,,,,,,,
West Bengal,Purulia,Purulia Kvk,23.8,2026-03-09,01:15:00,,,,2026-03-09 01:19:31,,,,,,,,,,,,,,,,,,,,
West Bengal,South Dinajpur,Majhian Amfu,22.1,2026-03-09,01:00:00,100.0,2026-03-08,01:00:00,2026-03-09 01:19:31,23.850000000000023,Zone 3,49.1,Zone 5,23.7,Zone 3,31.7,Zone 4,29.3,Zone 4,39.1,Zone 5,35.0,Zone 4,55.5,Zone 5,49.1,Zone 5,61.1,Zone 5
West Bengal,South Twenty Four Parganas,Alipore,25.4,2026-03-09,01:00:00,99.0,2026-03-08,01:00:00,2026-03-09 01:19:31,28.650000000000034,Zone 4,62.2,Zone 5,28.9,Zone 4,46.2,Zone 5,36.7,Zone 5,60.3,Zone 5,57.1,Zone 5,63.4,Zone 5,62.2,Zone 5,65.8,Zone 5
West Bengal,South Twenty Four Parganas,Ramkrishna Mission College,24.0,2026-03-09,00:45:00,97.0,2026-03-08,00:45:00,2026-03-09 01:19:31,25.950000000000045,Zone 4,59.2,Zone 5,26.0,Zone 4,35.3,Zone 4,32.6,Zone 4,51.3,Zone 5,43.2,Zone 5,60.7,Zone 5,59.2,Zone 5,63.4,Zone 5
,,,,,,,,,2026-03-09 01:19:31,,,,,,,,,,,,,,,,,,,,
,,,,,,,,,2026-03-09 01:19:31,,,,,,,,,,,,,,,,,,,,
,,,,,,,,,2026-03-09 01:19:31,,,,,,,,,,,,,,,,,,,,
,,,,,,,,,2026-03-09 01:19:31,,,,,,,,,,,,,,,,,,,,
