STATE,DISTRICT,STATION,TEMP,DATE_TEMP,TIME_TEMP,RH,DATE_RH,TIME_RH,LOGGED_AT (IST),EHI (in shade °C),Light Work Heat Stress Zone,EHI_350 (in shade °C),Hard Labor Heat Stress Zone,EHI_3_shade,Zone_3_shade,EHI_3_sun,Zone_3_sun,EHI_4_shade,Zone_4_shade,EHI_4_sun,Zone_4_sun,EHI_5_shade,Zone_5_shade,EHI_5_sun,Zone_5_sun,EHI_6_shade,Zone_6_shade,EHI_6_sun,Zone_6_sun
Andaman And Nicobar,Nicobar,Campbell Bay,25.9,2026-04-12,23:45:00,97.0,2026-04-12,23:45:00,2026-04-13 00:13:25,29.55000000000001,Zone 4,62.6,Zone 5,29.8,Zone 4,57.0,Zone 5,38.8,Zone 5,62.2,Zone 5,59.0,Zone 5,64.9,Zone 5,62.6,Zone 5,66.9,Zone 5
Andaman And Nicobar,Nicobar,Car Nicobar,39.0,2026-04-13,00:00:00,92.0,2026-04-12,00:00:00,2026-04-13 00:13:25,90.65000000000003,Zone 6,99.3,Zone 6,90.7,Zone 6,95.6,Zone 6,93.6,Zone 6,98.5,Zone 6,96.4,Zone 6,101.3,Zone 6,99.3,Zone 6,104.1,Zone 6
Andaman And Nicobar,Nicobar,Nancowry,35.4,2026-04-13,00:00:00,97.0,2026-04-12,00:00:00,2026-04-13 00:13:25,78.95000000000005,Zone 6,88.1,Zone 6,79.3,Zone 6,84.5,Zone 6,82.3,Zone 6,87.4,Zone 6,85.2,Zone 6,90.2,Zone 6,88.1,Zone 6,93.1,Zone 6
Andaman And Nicobar,N M Andaman,Mayabunder,25.8,2026-04-13,00:00:00,94.0,2026-04-12,00:00:00,2026-04-13 00:13:25,29.05000000000001,Zone 4,62.0,Zone 5,29.4,Zone 4,54.1,Zone 5,36.6,Zone 4,61.6,Zone 5,56.3,Zone 5,64.4,Zone 5,62.0,Zone 5,66.5,Zone 5
Andaman And Nicobar,N M Andaman,Rangat Nimbutala,27.1,2026-04-13,00:00:00,85.0,2026-04-12,00:00:00,2026-04-13 00:13:25,30.650000000000034,Zone 4,61.7,Zone 5,30.4,Zone 4,52.7,Zone 5,37.3,Zone 4,61.3,Zone 5,55.0,Zone 5,64.1,Zone 5,61.7,Zone 5,66.2,Zone 5
Andaman And Nicobar,South Andaman,Ferrargunj,25.5,2026-04-13,00:00:00,82.0,2026-04-12,00:00:00,2026-04-13 00:13:25,27.450000000000045,Zone 4,57.6,Zone 5,27.4,Zone 4,38.8,Zone 4,33.6,Zone 4,56.1,Zone 5,40.4,Zone 5,61.5,Zone 5,57.6,Zone 5,64.0,Zone 5
Andaman And Nicobar,South Andaman,Hut Bay,23.6,2026-04-13,00:00:00,99.0,2026-04-12,00:00:00,2026-04-13 00:13:25,25.450000000000045,Zone 4,58.2,Zone 5,25.2,Zone 3,39.2,Zone 5,31.8,Zone 4,56.7,Zone 5,41.2,Zone 5,61.6,Zone 5,58.2,Zone 5,64.1,Zone 5
Andaman And Nicobar,South Andaman,Shaheed Dweep,25.3,2026-04-13,00:00:00,98.0,2026-04-12,00:00:00,2026-04-13 00:13:25,28.350000000000023,Zone 4,62.0,Zone 5,28.8,Zone 4,54.0,Zone 5,36.1,Zone 4,61.5,Zone 5,56.2,Zone 5,64.3,Zone 5,62.0,Zone 5,66.4,Zone 5
Andaman And Nicobar,South Andaman,Sri Vijaya Puram Aws400,27.9,2026-04-13,00:00:00,89.0,2026-04-12,00:00:00,2026-04-13 00:13:25,33.05000000000001,Zone 4,64.2,Zone 5,33.3,Zone 4,60.4,Zone 5,48.0,Zone 5,63.8,Zone 5,61.0,Zone 5,66.3,Zone 5,64.2,Zone 5,68.1,Zone 5
Andaman And Nicobar,South Andaman,Swaraj Deep,25.9,2026-04-13,00:00:00,82.0,2026-04-12,00:00:00,2026-04-13 00:13:25,28.05000000000001,Zone 4,59.4,Zone 5,28.3,Zone 4,41.8,Zone 5,34.6,Zone 4,59.0,Zone 5,44.0,Zone 5,62.2,Zone 5,59.4,Zone 5,64.6,Zone 5
Andhra Pradesh,Alluri Sitharama Raju,Araku Valley,23.6,2026-04-13,00:00:00,93.0,2026-04-12,00:00:00,2026-04-13 00:13:25,25.150000000000034,Zone 3,53.8,Zone 5,25.0,Zone 3,36.5,Zone 4,31.2,Zone 4,52.3,Zone 5,37.1,Zone 4,60.7,Zone 5,53.8,Zone 5,63.2,Zone 5
Andhra Pradesh,Alluri Sitharama Raju,Chintapalli Amfu,22.4,2026-04-13,00:00:00,92.0,2026-04-12,00:00:00,2026-04-13 00:13:25,23.850000000000023,Zone 3,46.4,Zone 5,24.0,Zone 3,34.6,Zone 4,29.5,Zone 4,44.9,Zone 5,35.0,Zone 4,59.1,Zone 5,46.4,Zone 5,61.9,Zone 5
Andhra Pradesh,Anakapalli,Yellamanchilli Vskp,27.7,2026-04-12,23:45:00,93.0,2026-04-12,23:45:00,2026-04-13 00:13:25,33.25,Zone 4,64.3,Zone 5,32.8,Zone 4,60.5,Zone 5,48.3,Zone 5,63.9,Zone 5,61.0,Zone 5,66.3,Zone 5,64.3,Zone 5,68.2,Zone 5
Andhra Pradesh,Anantapur,Kh Govtdegcollege Dharmavaram,31.6,2026-04-13,00:00:00,41.0,2026-04-12,00:00:00,2026-04-13 00:13:25,32.450000000000045,Zone 4,50.1,Zone 5,32.3,Zone 4,41.4,Zone 4,37.2,Zone 4,48.7,Zone 5,41.8,Zone 4,59.9,Zone 5,50.1,Zone 5,62.6,Zone 5
Andhra Pradesh,Bapatla,Bapatla Aws400,25.8,2026-04-12,23:15:00,,,,2026-04-13 00:13:25,,,,,,,,,,,,,,,,,,,,
Andhra Pradesh,Bapatla,Chirala,27.7,2026-04-13,00:00:00,82.0,2026-04-12,00:00:00,2026-04-13 00:13:25,31.450000000000045,Zone 4,61.8,Zone 5,31.1,Zone 4,53.3,Zone 5,37.9,Zone 4,61.4,Zone 5,55.6,Zone 5,64.2,Zone 5,61.8,Zone 5,66.3,Zone 5
Andhra Pradesh,Eluru,Vijayarai,25.8,2026-04-13,00:00:00,66.0,2026-04-12,00:00:00,2026-04-13 00:13:25,26.75,Zone 4,46.4,Zone 5,27.1,Zone 4,37.2,Zone 4,32.6,Zone 4,44.9,Zone 5,37.7,Zone 4,59.1,Zone 5,46.4,Zone 5,61.9,Zone 5
Andhra Pradesh,Kakinada,Kakinada,27.5,2026-04-13,00:00:00,86.0,2026-04-12,00:00:00,2026-04-13 00:13:25,31.650000000000034,Zone 4,62.7,Zone 5,31.6,Zone 4,57.5,Zone 5,39.4,Zone 5,62.3,Zone 5,59.2,Zone 5,65.0,Zone 5,62.7,Zone 5,67.0,Zone 5
Andhra Pradesh,Kakinada,Peddapuram,27.1,2026-04-13,00:00:00,96.0,2026-04-12,00:00:00,2026-04-13 00:13:25,32.25,Zone 4,64.1,Zone 5,32.0,Zone 4,60.2,Zone 5,47.1,Zone 5,63.7,Zone 5,60.8,Zone 5,66.2,Zone 5,64.1,Zone 5,68.0,Zone 5
Andhra Pradesh,Kakinada,Prathipadu,27.7,2026-04-13,00:00:00,,,,2026-04-13 00:13:25,,,,,,,,,,,,,,,,,,,,
Andhra Pradesh,Konaseema,Ambajipeta Arg,26.1,2026-04-13,00:00:00,100.0,2026-04-12,00:00:00,2026-04-13 00:13:25,30.350000000000023,Zone 4,63.2,Zone 5,30.1,Zone 4,59.2,Zone 5,42.0,Zone 5,62.8,Zone 5,59.8,Zone 5,65.4,Zone 5,63.2,Zone 5,67.4,Zone 5
Andhra Pradesh,Krishna,Kv Gopalnagar Machilipatnam,26.2,2026-04-13,00:00:00,45.0,2026-04-12,00:00:00,2026-04-13 00:13:25,26.05000000000001,Zone 4,39.1,Zone 4,25.9,Zone 4,34.7,Zone 4,30.6,Zone 4,38.8,Zone 4,34.9,Zone 4,42.8,Zone 4,39.1,Zone 4,55.9,Zone 5
Andhra Pradesh,Nellore,Nellore Kvk,27.8,2026-04-13,00:00:00,91.0,2026-04-12,00:00:00,2026-04-13 00:13:25,33.150000000000034,Zone 4,64.7,Zone 5,33.7,Zone 4,61.0,Zone 5,50.8,Zone 5,64.3,Zone 5,61.5,Zone 5,66.7,Zone 5,64.7,Zone 5,68.5,Zone 5
Andhra Pradesh,Ntr,Mylavaram College Of  Engineer,27.0,2026-04-13,00:00:00,100.0,2026-04-12,00:00:00,2026-04-13 00:13:25,32.650000000000034,Zone 4,65.0,Zone 5,32.7,Zone 4,61.3,Zone 5,52.3,Zone 5,64.6,Zone 5,61.8,Zone 5,66.9,Zone 5,65.0,Zone 5,68.7,Zone 5
Andhra Pradesh,Palnadu,Jangameshwarapuram,27.6,2026-04-13,00:00:00,,,,2026-04-13 00:13:25,,,,,,,,,,,,,,,,,,,,
Andhra Pradesh,Palnadu,Rentachintala,27.3,2026-04-13,00:00:00,72.0,2026-04-12,00:00:00,2026-04-13 00:13:25,29.55000000000001,Zone 4,59.5,Zone 5,29.9,Zone 4,42.2,Zone 5,36.0,Zone 4,59.1,Zone 5,44.3,Zone 5,62.2,Zone 5,59.5,Zone 5,64.6,Zone 5
Andhra Pradesh,Prakasam,Cs Puram,27.1,2026-04-13,00:00:00,90.0,2026-04-12,00:00:00,2026-04-13 00:13:25,31.350000000000023,Zone 4,62.8,Zone 5,31.1,Zone 4,57.8,Zone 5,39.7,Zone 5,62.4,Zone 5,59.2,Zone 5,65.1,Zone 5,62.8,Zone 5,67.1,Zone 5
Andhra Pradesh,Prakasam,Peda Araveedu,28.2,2026-04-13,00:00:00,77.0,2026-04-12,00:00:00,2026-04-13 00:13:25,31.850000000000023,Zone 4,61.5,Zone 5,31.4,Zone 4,51.6,Zone 5,38.0,Zone 4,61.0,Zone 5,53.9,Zone 5,63.9,Zone 5,61.5,Zone 5,66.1,Zone 5
Andhra Pradesh,Srikakulam,Amadalavalasa Kvk,27.7,2026-04-13,00:00:00,,,,2026-04-13 00:13:25,,,,,,,,,,,,,,,,,,,,
Andhra Pradesh,Srikakulam,Nagaralapeta Kalingapatnam,27.7,2026-04-13,00:00:00,100.0,2026-04-12,00:00:00,2026-04-13 00:13:25,34.75,Zone 4,65.8,Zone 5,34.1,Zone 4,62.3,Zone 5,57.3,Zone 5,65.4,Zone 5,62.9,Zone 5,67.7,Zone 5,65.8,Zone 5,69.3,Zone 5
Andhra Pradesh,Srikakulam,Ragolu,26.8,2026-04-13,00:00:00,94.0,2026-04-12,00:00:00,2026-04-13 00:13:25,31.150000000000034,Zone 4,63.7,Zone 5,31.7,Zone 4,59.7,Zone 5,44.5,Zone 5,63.3,Zone 5,60.3,Zone 5,65.8,Zone 5,63.7,Zone 5,67.7,Zone 5
Andhra Pradesh,Visakhapatnam,Anandapuram Arg,27.8,2026-04-13,00:00:00,78.0,2026-04-12,00:00:00,2026-04-13 00:13:25,31.150000000000034,Zone 4,61.7,Zone 5,31.6,Zone 4,52.7,Zone 5,38.2,Zone 4,61.3,Zone 5,55.0,Zone 5,64.1,Zone 5,61.7,Zone 5,66.2,Zone 5
Andhra Pradesh,Visakhapatnam,Mehadrigadda Dam,37.2,2026-04-13,00:00:00,91.0,2026-04-12,00:00:00,2026-04-13 00:13:25,82.55000000000001,Zone 6,90.4,Zone 6,81.7,Zone 6,86.8,Zone 6,84.6,Zone 6,89.7,Zone 6,87.6,Zone 6,92.5,Zone 6,90.4,Zone 6,95.4,Zone 6
Andhra Pradesh,Vizianagaram,Bobbili,27.5,2026-04-13,00:00:00,86.0,2026-04-12,00:00:00,2026-04-13 00:13:25,31.650000000000034,Zone 4,62.7,Zone 5,31.6,Zone 4,57.5,Zone 5,39.4,Zone 5,62.3,Zone 5,59.2,Zone 5,65.0,Zone 5,62.7,Zone 5,67.0,Zone 5
Andhra Pradesh,Vizianagaram,Vizianagaram,28.9,2026-04-13,00:00:00,90.0,2026-04-12,00:00:00,2026-04-13 00:13:25,36.150000000000034,Zone 4,66.2,Zone 5,36.4,Zone 4,62.7,Zone 5,59.1,Zone 5,65.8,Zone 5,63.3,Zone 5,68.0,Zone 5,66.2,Zone 5,69.6,Zone 5
Andhra Pradesh,West Godavari,Bhimavaram,27.9,2026-04-13,00:00:00,,,,2026-04-13 00:13:25,,,,,,,,,,,,,,,,,,,,
Andhra Pradesh,West Godavari,Kv Gopannapalem Eluru,26.5,2026-04-13,00:00:00,57.0,2026-04-12,00:00:00,2026-04-13 00:13:25,27.150000000000034,Zone 4,41.7,Zone 4,27.1,Zone 4,36.8,Zone 4,32.3,Zone 4,41.3,Zone 4,37.1,Zone 4,54.9,Zone 5,41.7,Zone 4,60.8,Zone 5
Andhra Pradesh,West Godavari,Maruteru,27.7,2026-04-13,00:00:00,,,,2026-04-13 00:13:25,,,,,,,,,,,,,,,,,,,,
Andhra Pradesh,West Godavari,Narsapur,28.5,2026-04-13,00:00:00,85.0,2026-04-12,00:00:00,2026-04-13 00:13:25,33.85000000000002,Zone 4,64.2,Zone 5,33.9,Zone 4,60.3,Zone 5,47.5,Zone 5,63.8,Zone 5,60.9,Zone 5,66.2,Zone 5,64.2,Zone 5,68.1,Zone 5
Andhra Pradesh,Ysr Kadapa,Agricultural College  Badvel,28.6,2026-04-13,00:00:00,77.0,2026-04-12,00:00:00,2026-04-13 00:13:25,32.650000000000034,Zone 4,62.2,Zone 5,32.5,Zone 4,55.4,Zone 5,39.2,Zone 4,61.8,Zone 5,57.5,Zone 5,64.6,Zone 5,62.2,Zone 5,66.7,Zone 5
Andhra Pradesh,Ysr Kadapa,Utkuru Kvk,29.9,2026-04-13,00:00:00,50.0,2026-04-12,00:00:00,2026-04-13 00:13:25,31.25,Zone 4,52.9,Zone 5,31.4,Zone 4,41.0,Zone 4,36.6,Zone 4,51.4,Zone 5,41.5,Zone 4,60.5,Zone 5,52.9,Zone 5,63.1,Zone 5
Arunachal Pradesh,Anjaw,Hayuliang Circle,15.4,2026-04-13,00:00:00,87.0,2026-04-12,00:00:00,2026-04-13 00:13:25,15.150000000000034,Zone 3,29.8,Zone 4,15.3,Zone 3,25.5,Zone 4,22.1,Zone 3,29.7,Zone 4,25.6,Zone 4,33.8,Zone 4,29.8,Zone 4,37.6,Zone 4
Arunachal Pradesh,Changlang,Miao,17.7,2026-04-13,00:00:00,100.0,2026-04-12,00:00:00,2026-04-13 00:13:25,18.650000000000034,Zone 3,32.9,Zone 4,18.4,Zone 3,28.0,Zone 4,24.0,Zone 3,32.7,Zone 4,28.2,Zone 4,37.9,Zone 5,32.9,Zone 4,51.3,Zone 5
Arunachal Pradesh,Dibang Valley,Anini,9.8,2026-04-13,00:00:00,100.0,2026-04-12,00:00:00,2026-04-13 00:13:25,9.850000000000023,Zone 2,25.0,Zone 3,10.0,Zone 2,22.3,Zone 3,17.6,Zone 3,25.0,Zone 3,22.3,Zone 3,28.6,Zone 4,25.0,Zone 3,32.3,Zone 4
Arunachal Pradesh,East Kameng,Seppa Pampoli,18.9,2026-04-13,00:00:00,92.0,2026-04-12,00:00:00,2026-04-13 00:13:25,19.850000000000023,Zone 3,34.4,Zone 4,19.9,Zone 3,29.5,Zone 4,25.0,Zone 3,34.2,Zone 4,29.7,Zone 4,41.1,Zone 5,34.4,Zone 4,54.5,Zone 5
Arunachal Pradesh,Kamle,Raga,14.5,2026-04-13,00:00:00,95.0,2026-04-12,00:00:00,2026-04-13 00:13:25,14.450000000000045,Zone 3,29.0,Zone 4,14.4,Zone 3,24.9,Zone 3,21.4,Zone 3,28.9,Zone 4,25.0,Zone 3,33.0,Zone 4,29.0,Zone 4,36.9,Zone 4
Arunachal Pradesh,Kurung Kumey,Koloraing,14.2,2026-04-13,00:00:00,100.0,2026-04-12,00:00:00,2026-04-13 00:13:25,14.25,Zone 3,28.7,Zone 4,14.0,Zone 2,24.7,Zone 3,21.1,Zone 3,28.6,Zone 4,24.8,Zone 3,32.7,Zone 4,28.7,Zone 4,36.6,Zone 4
Arunachal Pradesh,Kurung Kumey,Nyapin,14.9,2026-04-13,00:00:00,100.0,2026-04-12,00:00:00,2026-04-13 00:13:25,15.150000000000034,Zone 3,29.8,Zone 4,15.3,Zone 3,25.3,Zone 3,22.0,Zone 3,29.6,Zone 4,25.4,Zone 4,33.8,Zone 4,29.8,Zone 4,40.0,Zone 5
Arunachal Pradesh,Leparada,Basar,14.9,2026-04-13,00:00:00,100.0,2026-04-12,00:00:00,2026-04-13 00:13:25,15.150000000000034,Zone 3,29.8,Zone 4,15.3,Zone 3,25.3,Zone 3,22.0,Zone 3,29.6,Zone 4,25.4,Zone 4,33.8,Zone 4,29.8,Zone 4,40.0,Zone 5
Arunachal Pradesh,Longding,Longding,18.8,2026-04-13,00:00:00,,,,2026-04-13 00:13:25,,,,,,,,,,,,,,,,,,,,
Arunachal Pradesh,Longding,Longding New,16.2,2026-04-13,00:00:00,100.0,2026-04-12,00:00:00,2026-04-13 00:13:25,16.850000000000023,Zone 3,31.0,Zone 4,16.6,Zone 3,26.3,Zone 4,22.8,Zone 3,30.8,Zone 4,26.5,Zone 4,35.1,Zone 4,31.0,Zone 4,44.3,Zone 5
Arunachal Pradesh,Lower Subansiri,Deed,13.2,2026-04-12,23:45:00,96.0,2026-04-12,23:45:00,2026-04-13 00:13:25,13.050000000000011,Zone 2,27.5,Zone 4,12.9,Zone 2,24.1,Zone 3,20.2,Zone 3,27.5,Zone 4,24.1,Zone 3,31.4,Zone 4,27.5,Zone 4,35.2,Zone 4
Arunachal Pradesh,Lower Subansiri,Ziro Manipolyang,11.7,2026-04-13,00:00:00,100.0,2026-04-12,00:00:00,2026-04-13 00:13:25,11.650000000000034,Zone 2,26.2,Zone 4,11.5,Zone 2,23.2,Zone 3,18.9,Zone 3,26.2,Zone 4,23.2,Zone 3,30.0,Zone 4,26.2,Zone 4,33.8,Zone 4
Arunachal Pradesh,Namsai,Lekang,17.1,2026-04-13,00:00:00,94.0,2026-04-12,00:00:00,2026-04-13 00:13:25,17.650000000000034,Zone 3,31.9,Zone 4,17.5,Zone 3,27.2,Zone 4,23.4,Zone 3,31.7,Zone 4,27.4,Zone 4,36.0,Zone 4,31.9,Zone 4,46.2,Zone 5
Arunachal Pradesh,Papumpare,Itanagar,18.5,2026-04-13,00:00:00,100.0,2026-04-12,00:00:00,2026-04-13 00:13:25,19.650000000000034,Zone 3,34.3,Zone 4,19.7,Zone 3,29.2,Zone 4,24.8,Zone 3,34.0,Zone 4,29.5,Zone 4,42.6,Zone 5,34.3,Zone 4,56.0,Zone 5
Arunachal Pradesh,Shiyomi,Lowertato,11.3,2026-04-12,23:45:00,98.0,2026-04-12,23:45:00,2026-04-13 00:13:25,11.25,Zone 2,26.1,Zone 4,11.4,Zone 2,23.2,Zone 3,18.9,Zone 3,26.1,Zone 4,23.2,Zone 3,30.0,Zone 4,26.1,Zone 4,33.7,Zone 4
Arunachal Pradesh,Siang,Pangin Circle,15.8,2026-04-13,00:00:00,100.0,2026-04-12,00:00:00,2026-04-13 00:13:25,16.350000000000023,Zone 3,31.0,Zone 4,16.6,Zone 3,26.3,Zone 4,22.8,Zone 3,30.8,Zone 4,26.5,Zone 4,35.1,Zone 4,31.0,Zone 4,44.3,Zone 5
Arunachal Pradesh,Tirap,Deomali,18.8,2026-04-13,00:00:00,100.0,2026-04-12,00:00:00,2026-04-13 00:13:25,20.05000000000001,Zone 3,35.1,Zone 4,20.3,Zone 3,29.9,Zone 4,25.1,Zone 3,34.8,Zone 4,30.2,Zone 4,45.3,Zone 5,35.1,Zone 4,58.2,Zone 5
Arunachal Pradesh,Tirap,Longding,16.4,2026-04-13,00:00:00,,,,2026-04-13 00:13:25,,,,,,,,,,,,,,,,,,,,
Arunachal Pradesh,Upper Siang,Tenali,,,,100.0,2026-04-12,23:30:00,2026-04-13 00:13:25,,,,,,,,,,,,,,,,,,,,
Arunachal Pradesh,Upper Siang,Yingkiong,18.7,2026-04-13,00:00:00,8.0,2026-04-12,00:00:00,2026-04-13 00:13:25,14.850000000000023,Zone 3,29.4,Zone 4,14.6,Zone 3,26.2,Zone 4,22.2,Zone 3,29.5,Zone 4,26.1,Zone 4,32.7,Zone 4,29.4,Zone 4,35.7,Zone 4
Arunachal Pradesh,West Kameng,Bomdila,8.3,2026-04-13,00:00:00,,,,2026-04-13 00:13:25,,,,,,,,,,,,,,,,,,,,
Arunachal Pradesh,West Kameng,Dirang,19.1,2026-04-13,00:00:00,100.0,2026-04-12,00:00:00,2026-04-13 00:13:25,20.450000000000045,Zone 3,35.1,Zone 4,20.3,Zone 3,29.9,Zone 4,25.1,Zone 3,34.8,Zone 4,30.2,Zone 4,45.3,Zone 5,35.1,Zone 4,58.2,Zone 5
Arunachal Pradesh,West Kameng,Dirang,13.1,2026-04-13,00:00:00,100.0,2026-04-12,00:00:00,2026-04-13 00:13:25,13.050000000000011,Zone 2,27.6,Zone 4,13.0,Zone 2,24.1,Zone 3,20.3,Zone 3,27.6,Zone 4,24.2,Zone 3,31.6,Zone 4,27.6,Zone 4,35.4,Zone 4
Arunachal Pradesh,West Kameng,Kalaktang,13.0,2026-04-13,00:00:00,100.0,2026-04-12,00:00:00,2026-04-13 00:13:25,13.050000000000011,Zone 2,27.6,Zone 4,13.0,Zone 2,24.1,Zone 3,20.3,Zone 3,27.6,Zone 4,24.2,Zone 3,31.6,Zone 4,27.6,Zone 4,35.4,Zone 4
Arunachal Pradesh,West Siang,Along,18.1,2026-04-13,00:00:00,100.0,2026-04-12,00:00:00,2026-04-13 00:13:25,19.150000000000034,Zone 3,33.6,Zone 4,19.1,Zone 3,28.6,Zone 4,24.4,Zone 3,33.3,Zone 4,28.9,Zone 4,40.2,Zone 5,33.6,Zone 4,53.7,Zone 5
Arunachal Pradesh,West Siang,Yomcha,14.9,2026-04-13,00:00:00,100.0,2026-04-12,00:00:00,2026-04-13 00:13:25,15.150000000000034,Zone 3,29.8,Zone 4,15.3,Zone 3,25.3,Zone 3,22.0,Zone 3,29.6,Zone 4,25.4,Zone 4,33.8,Zone 4,29.8,Zone 4,40.0,Zone 5
Assam,Barpeta,Bajali University,20.8,2026-04-13,00:00:00,87.0,2026-04-12,00:00:00,2026-04-13 00:13:25,21.850000000000023,Zone 3,37.0,Zone 4,22.1,Zone 3,31.8,Zone 4,27.1,Zone 4,36.7,Zone 4,32.2,Zone 4,48.5,Zone 5,37.0,Zone 4,59.5,Zone 5
Assam,Barpeta,Barpeta,20.3,2026-04-13,00:00:00,56.0,2026-04-12,00:00:00,2026-04-13 00:13:25,19.75,Zone 3,33.6,Zone 4,20.0,Zone 3,29.5,Zone 4,25.3,Zone 3,33.5,Zone 4,29.6,Zone 4,37.4,Zone 4,33.6,Zone 4,41.9,Zone 5
Assam,Barpeta,Barpeta Kvk,20.6,2026-04-13,00:00:00,86.0,2026-04-12,00:00:00,2026-04-13 00:13:25,21.55000000000001,Zone 3,36.1,Zone 4,21.4,Zone 3,31.1,Zone 4,26.4,Zone 4,35.8,Zone 4,31.4,Zone 4,45.2,Zone 5,36.1,Zone 4,58.1,Zone 5
Assam,Bongaigaon,Manikpur,19.7,2026-04-13,00:00:00,100.0,2026-04-12,00:00:00,2026-04-13 00:13:25,21.150000000000034,Zone 3,35.9,Zone 4,20.9,Zone 3,30.6,Zone 4,25.7,Zone 4,35.5,Zone 4,30.9,Zone 4,48.0,Zone 5,35.9,Zone 4,59.4,Zone 5
Assam,Cachar,Cacher Kvk,22.3,2026-04-13,00:00:00,,,,2026-04-13 00:13:25,,,,,,,,,,,,,,,,,,,,
Assam,Charaideo,Sonari Aegcl,,,,100.0,2026-04-12,00:00:00,2026-04-13 00:13:25,,,,,,,,,,,,,,,,,,,,
Assam,Chirang,Chirang,19.6,2026-04-13,00:00:00,100.0,2026-04-12,00:00:00,2026-04-13 00:13:25,21.05000000000001,Zone 3,35.9,Zone 4,20.9,Zone 3,30.6,Zone 4,25.7,Zone 4,35.5,Zone 4,30.9,Zone 4,48.0,Zone 5,35.9,Zone 4,59.4,Zone 5
Assam,Darrang,Dalgaon,19.6,2026-04-13,00:00:00,81.0,2026-04-12,00:00:00,2026-04-13 00:13:25,20.150000000000034,Zone 3,34.3,Zone 4,20.0,Zone 3,29.5,Zone 4,25.1,Zone 3,34.1,Zone 4,29.8,Zone 4,38.3,Zone 4,34.3,Zone 4,51.3,Zone 5
Assam,Darrang,Garukhuti,20.6,2026-04-13,00:00:00,74.0,2026-04-12,00:00:00,2026-04-13 00:13:25,21.05000000000001,Zone 3,35.0,Zone 4,20.9,Zone 3,30.4,Zone 4,25.9,Zone 4,34.8,Zone 4,30.6,Zone 4,39.1,Zone 4,35.0,Zone 4,52.0,Zone 5
Assam,Darrang,Mangaldai,18.9,2026-04-13,00:00:00,76.0,2026-04-12,00:00:00,2026-04-13 00:13:25,19.05000000000001,Zone 3,33.3,Zone 4,19.2,Zone 3,28.8,Zone 4,24.6,Zone 3,33.1,Zone 4,28.9,Zone 4,37.2,Zone 4,33.3,Zone 4,46.4,Zone 5
Assam,Dhemaji,Silapathar Science College,18.9,2026-04-13,00:00:00,100.0,2026-04-12,00:00:00,2026-04-13 00:13:25,20.150000000000034,Zone 3,35.1,Zone 4,20.3,Zone 3,29.9,Zone 4,25.1,Zone 3,34.8,Zone 4,30.2,Zone 4,45.3,Zone 5,35.1,Zone 4,58.2,Zone 5
Assam,Dhubri,Bn College,22.2,2026-04-12,23:15:00,,,,2026-04-13 00:13:25,,,,,,,,,,,,,,,,,,,,
Assam,Dhubri,Gauripur Aegcl,22.0,2026-04-13,00:00:00,100.0,2026-04-12,00:00:00,2026-04-13 00:13:25,23.75,Zone 3,49.1,Zone 5,23.7,Zone 3,34.5,Zone 4,29.3,Zone 4,47.5,Zone 5,35.0,Zone 4,59.7,Zone 5,49.1,Zone 5,62.4,Zone 5
Assam,Dibrugarh,Bcpl Dibrugarh,,,,100.0,2026-04-12,00:00:00,2026-04-13 00:13:25,,,,,,,,,,,,,,,,,,,,
Assam,Dibrugarh,Dc Ofc Dibrugarh,18.8,2026-04-13,00:00:00,100.0,2026-04-12,00:00:00,2026-04-13 00:13:25,20.05000000000001,Zone 3,35.1,Zone 4,20.3,Zone 3,29.9,Zone 4,25.1,Zone 3,34.8,Zone 4,30.2,Zone 4,45.3,Zone 5,35.1,Zone 4,58.2,Zone 5
Assam,Dibrugarh,Dibrugarh,18.1,2026-04-13,00:00:00,,,,2026-04-13 00:13:25,,,,,,,,,,,,,,,,,,,,
Assam,Dibrugarh,Lahowal,,,,8.0,2026-04-12,23:45:00,2026-04-13 00:13:25,,,,,,,,,,,,,,,,,,,,
Assam,Dima Hasao,Haflong,18.8,2026-04-13,00:00:00,86.0,2026-04-12,00:00:00,2026-04-13 00:13:25,19.450000000000045,Zone 3,34.0,Zone 4,19.6,Zone 3,29.2,Zone 4,24.8,Zone 3,33.8,Zone 4,29.4,Zone 4,38.1,Zone 5,34.0,Zone 4,51.6,Zone 5
Assam,Dima Hasao,Haflong Aegcl,19.4,2026-04-12,23:30:00,100.0,2026-04-12,23:30:00,2026-04-13 00:13:25,20.75,Zone 3,35.9,Zone 4,20.9,Zone 3,30.6,Zone 4,25.7,Zone 4,35.5,Zone 4,30.9,Zone 4,48.0,Zone 5,35.9,Zone 4,59.4,Zone 5
Assam,Dima Hasao,Lkhep,20.4,2026-04-13,00:00:00,100.0,2026-04-12,00:00:00,2026-04-13 00:13:25,21.950000000000045,Zone 3,39.6,Zone 5,22.0,Zone 3,32.0,Zone 4,27.0,Zone 4,38.4,Zone 5,32.4,Zone 4,53.6,Zone 5,39.6,Zone 5,60.6,Zone 5
Assam,Goalpara,Agia Aegcl,20.8,2026-04-13,00:00:00,100.0,2026-04-12,00:00:00,2026-04-13 00:13:25,22.350000000000023,Zone 3,42.5,Zone 5,22.6,Zone 3,32.8,Zone 4,27.7,Zone 4,41.2,Zone 5,33.3,Zone 4,56.3,Zone 5,42.5,Zone 5,61.2,Zone 5
Assam,Golaghat,Cnb Collage Bokakhat,19.5,2026-04-13,00:00:00,100.0,2026-04-12,00:00:00,2026-04-13 00:13:25,20.850000000000023,Zone 3,35.9,Zone 4,20.9,Zone 3,30.6,Zone 4,25.7,Zone 4,35.5,Zone 4,30.9,Zone 4,48.0,Zone 5,35.9,Zone 4,59.4,Zone 5
Assam,Hailakandi,Panchgram Aegcl,21.3,2026-04-13,00:00:00,100.0,2026-04-12,00:00:00,2026-04-13 00:13:25,22.950000000000045,Zone 3,45.7,Zone 5,23.2,Zone 3,33.6,Zone 4,28.5,Zone 4,44.3,Zone 5,34.1,Zone 4,58.9,Zone 5,45.7,Zone 5,61.8,Zone 5
Assam,Hajoi,Lumding,21.0,2026-04-13,00:00:00,77.0,2026-04-12,00:00:00,2026-04-13 00:13:25,21.650000000000034,Zone 3,36.0,Zone 4,21.6,Zone 3,31.2,Zone 4,26.6,Zone 4,35.7,Zone 4,31.4,Zone 4,42.4,Zone 5,36.0,Zone 4,55.7,Zone 5
Assam,Kamrup,Amingaon,,,,87.0,2026-04-12,00:00:00,2026-04-13 00:13:25,,,,,,,,,,,,,,,,,,,,
Assam,Kamrup,Boko Aegcl,20.5,2026-04-13,00:00:00,97.0,2026-04-12,00:00:00,2026-04-13 00:13:25,21.950000000000045,Zone 3,37.9,Zone 5,21.9,Zone 3,31.8,Zone 4,26.9,Zone 4,36.9,Zone 4,32.2,Zone 4,51.9,Zone 5,37.9,Zone 5,60.2,Zone 5
Assam,Kamrup,Chandubi,24.5,2026-04-13,00:00:00,,,,2026-04-13 00:13:25,,,,,,,,,,,,,,,,,,,,
Assam,Kamrup Metropolitan,Aau Hrs,21.3,2026-04-13,00:00:00,88.0,2026-04-12,00:00:00,2026-04-13 00:13:25,22.450000000000045,Zone 3,37.9,Zone 4,22.7,Zone 3,32.6,Zone 4,27.8,Zone 4,37.6,Zone 4,33.0,Zone 4,51.8,Zone 5,37.9,Zone 4,60.2,Zone 5
Assam,Kamrup Metropolitan,Down Town University,20.6,2026-04-13,00:00:00,85.0,2026-04-12,00:00:00,2026-04-13 00:13:25,21.55000000000001,Zone 3,36.0,Zone 4,21.4,Zone 3,31.0,Zone 4,26.3,Zone 4,35.7,Zone 4,31.3,Zone 4,44.6,Zone 5,36.0,Zone 4,57.7,Zone 5
Assam,Kamrup Metropolitan,Gauhati University,21.6,2026-04-13,00:00:00,100.0,2026-04-12,00:00:00,2026-04-13 00:13:25,23.25,Zone 3,45.7,Zone 5,23.2,Zone 3,33.6,Zone 4,28.5,Zone 4,44.3,Zone 5,34.1,Zone 4,58.9,Zone 5,45.7,Zone 5,61.8,Zone 5
Assam,Kamrup Metropolitan,Guwahati,21.0,2026-04-13,00:00:00,79.0,2026-04-12,00:00:00,2026-04-13 00:13:25,21.75,Zone 3,36.2,Zone 4,21.7,Zone 3,31.3,Zone 4,26.7,Zone 4,35.9,Zone 4,31.6,Zone 4,43.6,Zone 5,36.2,Zone 4,56.8,Zone 5
Assam,Kamrup Metropolitan,Guwahati City,21.1,2026-04-12,23:45:00,92.0,2026-04-12,23:45:00,2026-04-13 00:13:25,22.450000000000045,Zone 3,37.6,Zone 5,22.3,Zone 3,32.2,Zone 4,27.3,Zone 4,37.2,Zone 4,32.6,Zone 4,51.6,Zone 5,37.6,Zone 5,60.1,Zone 5
Assam,Kamrup Metropolitan,Kalakshetra,22.4,2026-04-13,00:00:00,,,,2026-04-13 00:13:25,,,,,,,,,,,,,,,,,,,,
Assam,Kamrup Metropolitan,Kamakhya,21.6,2026-04-13,00:00:00,83.0,2026-04-12,00:00:00,2026-04-13 00:13:25,22.55000000000001,Zone 3,37.4,Zone 4,22.5,Zone 3,32.2,Zone 4,27.5,Zone 4,37.0,Zone 4,32.6,Zone 4,48.6,Zone 5,37.4,Zone 4,59.5,Zone 5
Assam,Kamrup Metropolitan,Sonapur,20.6,2026-04-13,00:00:00,,,,2026-04-13 00:13:25,,,,,,,,,,,,,,,,,,,,
Assam,Kamrup Metropolitan,Vcbc Rani,21.2,2026-04-13,00:00:00,100.0,2026-04-12,00:00:00,2026-04-13 00:13:25,22.850000000000023,Zone 3,42.5,Zone 5,22.6,Zone 3,32.8,Zone 4,27.7,Zone 4,41.2,Zone 5,33.3,Zone 4,56.3,Zone 5,42.5,Zone 5,61.2,Zone 5
Assam,Karbi Anglong,Diphu Amfu,19.6,2026-04-13,00:00:00,82.0,2026-04-12,00:00:00,2026-04-13 00:13:25,20.150000000000034,Zone 3,34.3,Zone 4,20.1,Zone 3,29.6,Zone 4,25.1,Zone 3,34.1,Zone 4,29.8,Zone 4,38.4,Zone 4,34.3,Zone 4,51.8,Zone 5
Assam,Karbi Anglong(East),Bakulia,23.3,2026-04-13,00:00:00,85.0,2026-04-12,00:00:00,2026-04-13 00:13:25,24.55000000000001,Zone 3,47.4,Zone 5,24.8,Zone 3,35.5,Zone 4,30.5,Zone 4,45.9,Zone 5,36.0,Zone 4,59.3,Zone 5,47.4,Zone 5,62.1,Zone 5
Assam,Karbi Anglong(East),Diphu,20.0,2026-04-12,23:45:00,91.0,2026-04-12,23:45:00,2026-04-13 00:13:25,21.05000000000001,Zone 3,35.8,Zone 4,21.1,Zone 3,30.7,Zone 4,26.0,Zone 4,35.5,Zone 4,31.0,Zone 4,45.6,Zone 5,35.8,Zone 4,58.4,Zone 5
Assam,Karbi Anglong(West),Habang Circle,17.3,2026-04-13,00:00:00,100.0,2026-04-12,00:00:00,2026-04-13 00:13:25,18.150000000000034,Zone 3,32.9,Zone 4,18.4,Zone 3,28.0,Zone 4,24.0,Zone 3,32.7,Zone 4,28.2,Zone 4,37.9,Zone 5,32.9,Zone 4,51.3,Zone 5
Assam,Karbi Anglong(West),Kheronighat,21.2,2026-04-13,00:00:00,77.0,2026-04-12,00:00:00,2026-04-13 00:13:25,21.850000000000023,Zone 3,36.0,Zone 4,21.6,Zone 3,31.2,Zone 4,26.6,Zone 4,35.7,Zone 4,31.4,Zone 4,42.4,Zone 5,36.0,Zone 4,55.7,Zone 5
Assam,Karbi Anglong(West),Umlapher,17.0,2026-04-13,00:00:00,100.0,2026-04-12,00:00:00,2026-04-13 00:13:25,17.850000000000023,Zone 3,32.2,Zone 4,17.8,Zone 3,27.4,Zone 4,23.6,Zone 3,32.0,Zone 4,27.6,Zone 4,36.4,Zone 4,32.2,Zone 4,48.9,Zone 5
Assam,Karbi Anglong(West),Umpanai Apdcl,18.6,2026-04-13,00:00:00,100.0,2026-04-12,00:00:00,2026-04-13 00:13:25,19.850000000000023,Zone 3,34.3,Zone 4,19.7,Zone 3,29.2,Zone 4,24.8,Zone 3,34.0,Zone 4,29.5,Zone 4,42.6,Zone 5,34.3,Zone 4,56.0,Zone 5
Assam,Karimganj,Harinagar,,,,12.0,2026-04-12,23:45:00,2026-04-13 00:13:25,,,,,,,,,,,,,,,,,,,,
Assam,Karimganj,Karimganj Amfu,24.2,2026-04-12,23:45:00,98.0,2026-04-12,23:45:00,2026-04-13 00:13:25,26.350000000000023,Zone 4,59.4,Zone 5,26.0,Zone 4,41.9,Zone 5,32.7,Zone 4,59.0,Zone 5,44.1,Zone 5,62.2,Zone 5,59.4,Zone 5,64.6,Zone 5
Assam,Kokrajhar,Salakati Aegcl,20.9,2026-04-13,00:00:00,100.0,2026-04-12,00:00:00,2026-04-13 00:13:25,22.55000000000001,Zone 3,42.5,Zone 5,22.6,Zone 3,32.8,Zone 4,27.7,Zone 4,41.2,Zone 5,33.3,Zone 4,56.3,Zone 5,42.5,Zone 5,61.2,Zone 5
Assam,Lakhimpur,Lakhimpur,18.8,2026-04-13,00:00:00,100.0,2026-04-12,00:00:00,2026-04-13 00:13:25,20.05000000000001,Zone 3,35.1,Zone 4,20.3,Zone 3,29.9,Zone 4,25.1,Zone 3,34.8,Zone 4,30.2,Zone 4,45.3,Zone 5,35.1,Zone 4,58.2,Zone 5
Assam,Majuli,Majuli,18.8,2026-04-13,00:00:00,100.0,2026-04-12,00:00:00,2026-04-13 00:13:25,20.05000000000001,Zone 3,35.1,Zone 4,20.3,Zone 3,29.9,Zone 4,25.1,Zone 3,34.8,Zone 4,30.2,Zone 4,45.3,Zone 5,35.1,Zone 4,58.2,Zone 5
Assam,Marigaon,Dharamtul,21.0,2026-04-13,00:00:00,95.0,2026-04-12,00:00:00,2026-04-13 00:13:25,22.450000000000045,Zone 3,39.4,Zone 5,22.4,Zone 3,32.4,Zone 4,27.4,Zone 4,38.2,Zone 5,32.8,Zone 4,53.4,Zone 5,39.4,Zone 5,60.5,Zone 5
Assam,Marigaon,Laharighat,21.0,2026-04-13,00:00:00,74.0,2026-04-12,00:00:00,2026-04-13 00:13:25,21.450000000000045,Zone 3,35.7,Zone 4,21.5,Zone 3,31.0,Zone 4,26.5,Zone 4,35.5,Zone 4,31.2,Zone 4,40.6,Zone 5,35.7,Zone 4,54.1,Zone 5
Assam,Marigaon,Marigaon,20.7,2026-04-13,00:00:00,100.0,2026-04-12,00:00:00,2026-04-13 00:13:25,22.25,Zone 3,39.6,Zone 5,22.0,Zone 3,32.0,Zone 4,27.0,Zone 4,38.4,Zone 5,32.4,Zone 4,53.6,Zone 5,39.6,Zone 5,60.6,Zone 5
Assam,Nagaon,Kampur,18.5,2026-04-13,00:00:00,26.0,2026-04-12,00:00:00,2026-04-13 00:13:25,15.75,Zone 3,30.1,Zone 4,15.8,Zone 3,26.7,Zone 4,22.8,Zone 3,30.2,Zone 4,26.6,Zone 4,33.5,Zone 4,30.1,Zone 4,36.7,Zone 4
Assam,Nagaon,Samaguri Aegcl,20.8,2026-04-13,00:00:00,88.0,2026-04-12,00:00:00,2026-04-13 00:13:25,21.850000000000023,Zone 3,37.1,Zone 4,22.1,Zone 3,31.9,Zone 4,27.1,Zone 4,36.8,Zone 4,32.2,Zone 4,49.1,Zone 5,37.1,Zone 4,59.6,Zone 5
Assam,Nalbari,Chamata,27.0,2026-04-13,00:00:00,,,,2026-04-13 00:13:25,,,,,,,,,,,,,,,,,,,,
Assam,Nalbari,Nalbari,37.1,2026-04-13,00:00:00,98.0,2026-04-12,00:00:00,2026-04-13 00:13:25,86.55000000000001,Zone 6,94.8,Zone 6,86.1,Zone 6,91.2,Zone 6,89.1,Zone 6,94.0,Zone 6,91.9,Zone 6,96.9,Zone 6,94.8,Zone 6,99.7,Zone 6
Assam,Nalbari,Nalbari Kvk,20.3,2026-04-13,00:00:00,,,,2026-04-13 00:13:25,,,,,,,,,,,,,,,,,,,,
Assam,Nalbari,Tihu,20.9,2026-04-13,00:00:00,77.0,2026-04-12,00:00:00,2026-04-13 00:13:25,21.55000000000001,Zone 3,36.0,Zone 4,21.6,Zone 3,31.2,Zone 4,26.6,Zone 4,35.7,Zone 4,31.4,Zone 4,42.4,Zone 5,36.0,Zone 4,55.7,Zone 5
Assam,Sivasagar,Sivsagar Aegcl,18.9,2026-04-12,23:45:00,100.0,2026-04-12,23:45:00,2026-04-13 00:13:25,20.150000000000034,Zone 3,35.1,Zone 4,20.3,Zone 3,29.9,Zone 4,25.1,Zone 3,34.8,Zone 4,30.2,Zone 4,45.3,Zone 5,35.1,Zone 4,58.2,Zone 5
Assam,Sonitpur,Dhekiajuli Aegcl,19.8,2026-04-12,23:45:00,100.0,2026-04-12,23:45:00,2026-04-13 00:13:25,21.25,Zone 3,36.9,Zone 5,21.5,Zone 3,31.3,Zone 4,26.3,Zone 4,36.3,Zone 4,31.7,Zone 4,50.8,Zone 5,36.9,Zone 5,60.0,Zone 5
Assam,Sonitpur,Ghoramara Aegcl,19.2,2026-04-13,00:00:00,,,,2026-04-13 00:13:25,,,,,,,,,,,,,,,,,,,,
Assam,Sonitpur,Neriwalam,20.1,2026-04-13,00:00:00,100.0,2026-04-12,00:00:00,2026-04-13 00:13:25,21.55000000000001,Zone 3,36.9,Zone 5,21.5,Zone 3,31.3,Zone 4,26.3,Zone 4,36.3,Zone 4,31.7,Zone 4,50.8,Zone 5,36.9,Zone 5,60.0,Zone 5
Assam,Tamulpur,Mushalpur,7.3,2026-04-13,00:00:00,86.0,2026-04-12,00:00:00,2026-04-13 00:13:25,6.9500000000000455,Zone 2,23.7,Zone 3,7.1,Zone 2,20.6,Zone 3,15.0,Zone 3,23.8,Zone 3,20.5,Zone 3,26.3,Zone 4,23.7,Zone 3,29.7,Zone 4
Assam,Tinsukia,Margherita,18.6,2026-04-13,00:00:00,100.0,2026-04-12,00:00:00,2026-04-13 00:13:25,19.850000000000023,Zone 3,34.3,Zone 4,19.7,Zone 3,29.2,Zone 4,24.8,Zone 3,34.0,Zone 4,29.5,Zone 4,42.6,Zone 5,34.3,Zone 4,56.0,Zone 5
Assam,Tinsukia,Rupai Aegcl,18.3,2026-04-12,23:15:00,,,,2026-04-13 00:13:25,,,,,,,,,,,,,,,,,,,,
Assam,Tinsukia,Tinsukia,19.1,2026-04-13,00:00:00,88.0,2026-04-12,00:00:00,2026-04-13 00:13:25,19.850000000000023,Zone 3,34.1,Zone 4,19.7,Zone 3,29.3,Zone 4,24.9,Zone 3,33.9,Zone 4,29.5,Zone 4,39.1,Zone 5,34.1,Zone 4,52.6,Zone 5
Assam,Udalguri,Rowta Aegcl,19.9,2026-04-13,00:00:00,100.0,2026-04-12,00:00:00,2026-04-13 00:13:25,21.350000000000023,Zone 3,36.9,Zone 5,21.5,Zone 3,31.3,Zone 4,26.3,Zone 4,36.3,Zone 4,31.7,Zone 4,50.8,Zone 5,36.9,Zone 5,60.0,Zone 5
Assam,Udalguri,Udalguri,16.9,2026-04-13,00:00:00,80.0,2026-04-12,00:00:00,2026-04-13 00:13:25,16.75,Zone 3,31.2,Zone 4,16.9,Zone 3,26.8,Zone 4,23.1,Zone 3,31.0,Zone 4,26.9,Zone 4,35.1,Zone 4,31.2,Zone 4,40.1,Zone 5
Assam,Udalguri,Udi Kvk,19.5,2026-04-13,00:00:00,,,,2026-04-13 00:13:25,,,,,,,,,,,,,,,,,,,,
Bihar,Arwal,Arwal Aws400,24.2,2026-04-13,00:00:00,38.0,2026-04-12,00:00:00,2026-04-13 00:13:25,23.450000000000045,Zone 3,35.9,Zone 4,23.2,Zone 3,32.0,Zone 4,28.0,Zone 4,35.8,Zone 4,32.1,Zone 4,39.5,Zone 4,35.9,Zone 4,43.5,Zone 5
Bihar,Bhojpur,Bhojpur Amfu,,,,57.0,2026-04-12,00:00:00,2026-04-13 00:13:25,,,,,,,,,,,,,,,,,,,,
Bihar,Buxar,Buxar,25.4,2026-04-13,00:00:00,52.0,2026-04-12,00:00:00,2026-04-13 00:13:25,25.55000000000001,Zone 4,39.4,Zone 4,25.6,Zone 4,34.8,Zone 4,30.6,Zone 4,39.1,Zone 4,35.1,Zone 4,46.1,Zone 5,39.4,Zone 4,58.8,Zone 5
Bihar,Buxar,Dumaraon,24.3,2026-04-13,00:00:00,17.0,2026-04-12,00:00:00,2026-04-13 00:13:25,22.25,Zone 3,34.5,Zone 4,22.5,Zone 3,31.1,Zone 4,27.4,Zone 4,34.5,Zone 4,31.1,Zone 4,37.8,Zone 4,34.5,Zone 4,40.9,Zone 4
Bihar,Darbhanga,Darbhanga Aws400,24.4,2026-04-13,00:00:00,,,,2026-04-13 00:13:25,,,,,,,,,,,,,,,,,,,,
Bihar,Gaya,Bodhgaya,24.4,2026-04-13,00:00:00,32.0,2026-04-12,00:00:00,2026-04-13 00:13:25,23.350000000000023,Zone 3,35.9,Zone 4,23.5,Zone 3,32.0,Zone 4,28.2,Zone 4,35.8,Zone 4,32.1,Zone 4,39.3,Zone 4,35.9,Zone 4,42.7,Zone 4
Bihar,Gopalganj,Sipaya,34.4,2026-04-12,23:15:00,,,,2026-04-13 00:13:25,,,,,,,,,,,,,,,,,,,,
Bihar,Jehanabad,Jehanabad,24.4,2026-04-13,00:00:00,56.0,2026-04-12,00:00:00,2026-04-13 00:13:25,24.55000000000001,Zone 3,38.5,Zone 4,24.7,Zone 3,34.0,Zone 4,29.6,Zone 4,38.3,Zone 4,34.2,Zone 4,44.6,Zone 5,38.5,Zone 4,57.6,Zone 5
Bihar,Kaimur,Bhabua,27.5,2026-04-13,00:00:00,53.0,2026-04-12,00:00:00,2026-04-13 00:13:25,28.150000000000034,Zone 4,42.5,Zone 4,28.2,Zone 4,37.7,Zone 4,33.3,Zone 4,42.2,Zone 4,38.0,Zone 4,56.2,Zone 5,42.5,Zone 4,61.1,Zone 5
Bihar,Katihar,Katihar Kvk,22.7,2026-04-13,00:00:00,,,,2026-04-13 00:13:25,,,,,,,,,,,,,,,,,,,,
Bihar,Krishnaganj,Arrabari,22.2,2026-04-12,23:30:00,83.0,2026-04-12,23:30:00,2026-04-13 00:13:25,23.25,Zone 3,38.2,Zone 4,23.0,Zone 3,32.9,Zone 4,28.2,Zone 4,37.8,Zone 4,33.3,Zone 4,51.3,Zone 5,38.2,Zone 4,60.1,Zone 5
Bihar,Madhepura,Madhepura,22.8,2026-04-13,00:00:00,100.0,2026-04-12,00:00:00,2026-04-13 00:13:25,24.55000000000001,Zone 3,55.8,Zone 5,24.8,Zone 3,36.7,Zone 5,31.0,Zone 4,54.3,Zone 5,38.5,Zone 5,61.1,Zone 5,55.8,Zone 5,63.6,Zone 5
Bihar,Madhubani,Chanpur Basaitha,24.5,2026-04-13,00:00:00,87.0,2026-04-12,00:00:00,2026-04-13 00:13:25,26.150000000000034,Zone 4,55.5,Zone 5,26.2,Zone 4,37.6,Zone 4,32.4,Zone 4,54.0,Zone 5,38.2,Zone 4,61.0,Zone 5,55.5,Zone 5,63.6,Zone 5
Bihar,Madhubani,Sukhet,23.7,2026-04-13,00:00:00,81.0,2026-04-12,00:00:00,2026-04-13 00:13:25,24.850000000000023,Zone 3,44.2,Zone 5,24.6,Zone 3,35.1,Zone 4,30.2,Zone 4,42.8,Zone 5,35.5,Zone 4,57.7,Zone 5,44.2,Zone 5,61.5,Zone 5
Bihar,Munger,Kvk Munger,23.5,2026-04-13,00:00:00,75.0,2026-04-12,00:00:00,2026-04-13 00:13:25,24.350000000000023,Zone 3,39.7,Zone 5,24.4,Zone 3,34.4,Zone 4,29.7,Zone 4,39.3,Zone 4,34.8,Zone 4,53.8,Zone 5,39.7,Zone 5,60.6,Zone 5
Bihar,Nalanda,Harnaut,25.4,2026-04-13,00:00:00,43.0,2026-04-12,00:00:00,2026-04-13 00:13:25,25.150000000000034,Zone 3,38.2,Zone 4,25.2,Zone 3,33.9,Zone 4,29.9,Zone 4,38.0,Zone 4,34.1,Zone 4,41.8,Zone 4,38.2,Zone 4,52.6,Zone 5
Bihar,Nalanda,Rajgir,22.9,2026-04-13,00:00:00,49.0,2026-04-12,00:00:00,2026-04-13 00:13:25,22.450000000000045,Zone 3,35.9,Zone 4,22.6,Zone 3,31.7,Zone 4,27.6,Zone 4,35.7,Zone 4,31.8,Zone 4,39.6,Zone 4,35.9,Zone 4,47.2,Zone 5
Bihar,Patna,Baldwin Academy,27.1,2026-04-13,00:00:00,55.0,2026-04-12,00:00:00,2026-04-13 00:13:25,27.75,Zone 4,42.1,Zone 4,27.7,Zone 4,37.2,Zone 4,32.8,Zone 4,41.8,Zone 4,37.6,Zone 4,55.6,Zone 5,42.1,Zone 4,61.0,Zone 5
Bihar,Patna,Danapur Dps,24.4,2026-04-13,00:00:00,62.0,2026-04-12,00:00:00,2026-04-13 00:13:25,24.850000000000023,Zone 3,39.4,Zone 4,24.9,Zone 3,34.5,Zone 4,30.1,Zone 4,39.1,Zone 4,34.9,Zone 4,49.3,Zone 5,39.4,Zone 4,59.6,Zone 5
Bihar,Patna,Iit Patna,21.3,2026-04-13,00:00:00,82.0,2026-04-12,00:00:00,2026-04-13 00:13:25,22.25,Zone 3,37.2,Zone 4,22.4,Zone 3,32.2,Zone 4,27.5,Zone 4,36.9,Zone 4,32.5,Zone 4,48.0,Zone 5,37.2,Zone 4,59.4,Zone 5
Bihar,Patna,Kvk Barh,23.2,2026-04-13,00:00:00,,,,2026-04-13 00:13:25,,,,,,,,,,,,,,,,,,,,
Bihar,Patna,Patna,30.4,2026-04-13,00:00:00,,,,2026-04-13 00:13:25,,,,,,,,,,,,,,,,,,,,
Bihar,Patna,Patna Pwc,29.4,2026-04-12,23:45:00,50.0,2026-04-12,23:45:00,2026-04-13 00:13:25,30.450000000000045,Zone 4,50.1,Zone 5,30.6,Zone 4,40.2,Zone 4,35.8,Zone 4,48.6,Zone 5,40.6,Zone 4,59.9,Zone 5,50.1,Zone 5,62.6,Zone 5
Bihar,Rohtas,Dehri,33.5,2026-04-13,00:00:00,53.0,2026-04-12,00:00:00,2026-04-13 00:13:25,38.150000000000034,Zone 4,63.3,Zone 5,38.1,Zone 4,59.3,Zone 5,44.2,Zone 4,62.9,Zone 5,59.8,Zone 5,65.5,Zone 5,63.3,Zone 5,67.4,Zone 5
Bihar,Saharsa,Agwanpur Aws400,23.8,2026-04-13,00:00:00,92.0,2026-04-12,00:00:00,2026-04-13 00:13:25,25.350000000000023,Zone 4,56.3,Zone 5,25.7,Zone 4,37.3,Zone 4,32.0,Zone 4,54.7,Zone 5,38.9,Zone 5,61.2,Zone 5,56.3,Zone 5,63.7,Zone 5
Bihar,Samastipur,Pusa Aws400,22.6,2026-04-13,00:00:00,85.0,2026-04-12,00:00:00,2026-04-13 00:13:25,23.75,Zone 3,41.3,Zone 5,23.7,Zone 3,33.9,Zone 4,29.0,Zone 4,40.0,Zone 5,34.3,Zone 4,55.3,Zone 5,41.3,Zone 5,60.9,Zone 5
Bihar,Saran,Manjhi,22.7,2026-04-12,23:30:00,53.0,2026-04-12,23:30:00,2026-04-13 00:13:25,22.450000000000045,Zone 3,35.7,Zone 4,22.2,Zone 3,31.4,Zone 4,27.2,Zone 4,35.5,Zone 4,31.6,Zone 4,39.4,Zone 4,35.7,Zone 4,47.8,Zone 5
Bihar,Sasaram,Bikramganj,17.6,2026-04-13,00:00:00,46.0,2026-04-12,00:00:00,2026-04-13 00:13:25,15.850000000000023,Zone 3,30.1,Zone 4,15.7,Zone 3,26.4,Zone 4,22.6,Zone 3,30.1,Zone 4,26.4,Zone 4,33.7,Zone 4,30.1,Zone 4,37.1,Zone 4
Bihar,Sheikpura,Sheikpura Kvk,24.3,2026-04-13,00:00:00,,,,2026-04-13 00:13:25,,,,,,,,,,,,,,,,,,,,
Bihar,Siwan,Ziradei,22.0,2026-04-13,00:00:00,21.0,2026-04-12,00:00:00,2026-04-13 00:13:25,19.650000000000034,Zone 3,32.7,Zone 4,19.7,Zone 3,29.3,Zone 4,25.5,Zone 4,32.7,Zone 4,29.2,Zone 4,36.1,Zone 4,32.7,Zone 4,39.2,Zone 4
Bihar,Supaul,Supaul Aws400,22.6,2026-04-13,00:00:00,94.0,2026-04-12,00:00:00,2026-04-13 00:13:25,24.150000000000034,Zone 3,48.0,Zone 5,24.0,Zone 3,34.8,Zone 4,29.6,Zone 4,46.4,Zone 5,35.3,Zone 4,59.4,Zone 5,48.0,Zone 5,62.2,Zone 5
Bihar,Vaishali,Vaishali,23.3,2026-04-13,00:00:00,70.0,2026-04-12,00:00:00,2026-04-13 00:13:25,23.950000000000045,Zone 3,38.9,Zone 4,24.2,Zone 3,33.9,Zone 4,29.4,Zone 4,38.6,Zone 4,34.3,Zone 4,50.2,Zone 5,38.9,Zone 4,59.8,Zone 5
Chandigarh,Chandigarh,Chandigarh,21.6,2026-04-13,00:00:00,,,,2026-04-13 00:13:25,,,,,,,,,,,,,,,,,,,,
Chandigarh,Chandigarh,Dav School,21.4,2026-04-13,00:00:00,55.0,2026-04-12,00:00:00,2026-04-13 00:13:25,20.950000000000045,Zone 3,34.7,Zone 4,21.1,Zone 3,30.4,Zone 4,26.3,Zone 4,34.5,Zone 4,30.6,Zone 4,38.4,Zone 4,34.7,Zone 4,45.1,Zone 5
Chhattisgarh,Balod,Balod Aws400,28.4,2026-04-13,00:00:00,38.0,2026-04-12,00:00:00,2026-04-13 00:13:25,28.150000000000034,Zone 4,41.2,Zone 4,28.3,Zone 4,36.9,Zone 4,32.9,Zone 4,40.9,Zone 4,37.1,Zone 4,46.8,Zone 5,41.2,Zone 4,59.1,Zone 5
Chhattisgarh,Balrampur,Balrampur,22.1,2026-04-13,00:00:00,,,,2026-04-13 00:13:25,,,,,,,,,,,,,,,,,,,,
Chhattisgarh,Balrampur,Balrampur Aws400,19.9,2026-04-13,00:00:00,74.0,2026-04-12,00:00:00,2026-04-13 00:13:25,20.150000000000034,Zone 3,34.4,Zone 4,20.3,Zone 3,29.8,Zone 4,25.3,Zone 4,34.2,Zone 4,30.0,Zone 4,38.4,Zone 4,34.4,Zone 4,49.8,Zone 5
Chhattisgarh,Bemetara,Bemetara,28.3,2026-04-13,00:00:00,26.0,2026-04-12,00:00:00,2026-04-13 00:13:25,27.25,Zone 4,39.2,Zone 4,27.5,Zone 4,35.4,Zone 4,31.6,Zone 4,39.1,Zone 4,35.5,Zone 4,42.6,Zone 4,39.2,Zone 4,49.3,Zone 5
Chhattisgarh,Bemetara,Bemetara Durg,29.8,2026-04-13,00:00:00,26.0,2026-04-12,00:00:00,2026-04-13 00:13:25,28.75,Zone 4,40.8,Zone 4,29.0,Zone 4,36.9,Zone 4,33.2,Zone 4,40.7,Zone 4,37.1,Zone 4,44.2,Zone 4,40.8,Zone 4,54.2,Zone 5
Chhattisgarh,Bilaspur,Bilaspur,26.0,2026-04-13,00:00:00,40.0,2026-04-12,00:00:00,2026-04-13 00:13:25,25.650000000000034,Zone 4,38.4,Zone 4,25.6,Zone 4,34.2,Zone 4,30.2,Zone 4,38.2,Zone 4,34.4,Zone 4,42.0,Zone 4,38.4,Zone 4,52.2,Zone 5
Chhattisgarh,Janjgir Champa,Janjgir,7.9,2026-04-13,00:00:00,58.0,2026-04-12,00:00:00,2026-04-13 00:13:25,6.650000000000034,Zone 2,23.6,Zone 3,6.8,Zone 2,20.6,Zone 3,14.8,Zone 3,23.8,Zone 3,20.4,Zone 3,26.3,Zone 4,23.6,Zone 3,29.6,Zone 4
Chhattisgarh,Janjgir Champa,Nawagarh,25.7,2026-04-12,23:45:00,47.0,2026-04-12,23:45:00,2026-04-13 00:13:25,25.650000000000034,Zone 4,38.7,Zone 4,25.4,Zone 4,34.3,Zone 4,30.2,Zone 4,38.5,Zone 4,34.6,Zone 4,42.4,Zone 4,38.7,Zone 4,55.5,Zone 5
Chhattisgarh,Janjgir Champa,Sakti,25.9,2026-04-12,23:45:00,46.0,2026-04-12,23:45:00,2026-04-13 00:13:25,25.850000000000023,Zone 4,39.2,Zone 4,25.9,Zone 4,34.8,Zone 4,30.7,Zone 4,39.0,Zone 4,35.1,Zone 4,43.4,Zone 5,39.2,Zone 4,56.6,Zone 5
Chhattisgarh,Jashpur,Bagicha,22.0,2026-04-13,00:00:00,51.0,2026-04-12,00:00:00,2026-04-13 00:13:25,21.55000000000001,Zone 3,34.9,Zone 4,21.5,Zone 3,30.7,Zone 4,26.6,Zone 4,34.8,Zone 4,30.9,Zone 4,38.6,Zone 4,34.9,Zone 4,44.6,Zone 5
Chhattisgarh,Jashpur,Pathalgaon,24.8,2026-04-13,00:00:00,33.0,2026-04-12,00:00:00,2026-04-13 00:13:25,23.850000000000023,Zone 3,36.5,Zone 4,24.1,Zone 3,32.6,Zone 4,28.7,Zone 4,36.4,Zone 4,32.7,Zone 4,39.9,Zone 4,36.5,Zone 4,43.4,Zone 4
Chhattisgarh,Kabirdham,Chilpi,19.9,2026-04-13,00:00:00,45.0,2026-04-12,00:00:00,2026-04-13 00:13:25,18.650000000000034,Zone 3,32.4,Zone 4,18.7,Zone 3,28.5,Zone 4,24.6,Zone 3,32.4,Zone 4,28.6,Zone 4,36.0,Zone 4,32.4,Zone 4,39.5,Zone 4
Chhattisgarh,Kabirdham,Kawardha,30.7,2026-04-13,00:00:00,9.0,2026-04-12,00:00:00,2026-04-13 00:13:25,28.350000000000023,Zone 4,38.6,Zone 4,28.2,Zone 4,35.3,Zone 4,31.9,Zone 4,38.5,Zone 4,35.3,Zone 4,41.7,Zone 4,38.6,Zone 4,44.7,Zone 4
Chhattisgarh,Kabirdham,Pandaria,30.2,2026-04-13,00:00:00,45.0,2026-04-12,00:00:00,2026-04-13 00:13:25,31.05000000000001,Zone 4,47.0,Zone 5,30.8,Zone 4,40.0,Zone 4,35.7,Zone 4,45.6,Zone 5,40.4,Zone 4,59.3,Zone 5,47.0,Zone 5,62.0,Zone 5
Chhattisgarh,Korba,Lakhanpur Kvk,24.5,2026-04-13,00:00:00,39.0,2026-04-12,00:00:00,2026-04-13 00:13:25,23.850000000000023,Zone 3,36.6,Zone 4,23.9,Zone 3,32.5,Zone 4,28.6,Zone 4,36.4,Zone 4,32.7,Zone 4,40.1,Zone 4,36.6,Zone 4,45.9,Zone 5
Chhattisgarh,Koriya,Koriya Kvk,27.0,2026-04-13,00:00:00,,,,2026-04-13 00:13:25,,,,,,,,,,,,,,,,,,,,
Chhattisgarh,Mahasamund,Pithora,24.0,2026-04-12,23:45:00,48.0,2026-04-12,23:45:00,2026-04-13 00:13:25,23.75,Zone 3,37.0,Zone 4,23.7,Zone 3,32.7,Zone 4,28.6,Zone 4,36.8,Zone 4,32.9,Zone 4,40.7,Zone 4,37.0,Zone 4,50.4,Zone 5
Chhattisgarh,Mungeli,Lormi,25.5,2026-04-12,23:45:00,49.0,2026-04-12,23:45:00,2026-04-13 00:13:25,25.55000000000001,Zone 4,39.0,Zone 4,25.5,Zone 4,34.5,Zone 4,30.3,Zone 4,38.7,Zone 4,34.8,Zone 4,43.7,Zone 5,39.0,Zone 4,56.8,Zone 5
Chhattisgarh,Mungeli,Mungeli,27.4,2026-04-13,00:00:00,34.0,2026-04-12,00:00:00,2026-04-13 00:13:25,26.850000000000023,Zone 4,39.3,Zone 4,26.9,Zone 4,35.2,Zone 4,31.3,Zone 4,39.1,Zone 4,35.4,Zone 4,42.8,Zone 4,39.3,Zone 4,52.8,Zone 5
Chhattisgarh,Pendra Road,Pendra Road,26.5,2026-04-12,23:15:00,,,,2026-04-13 00:13:25,,,,,,,,,,,,,,,,,,,,
Chhattisgarh,Raigarh,Dharamjaigarh,24.9,2026-04-13,00:00:00,52.0,2026-04-12,00:00:00,2026-04-13 00:13:25,24.950000000000045,Zone 3,38.7,Zone 4,25.1,Zone 3,34.2,Zone 4,30.0,Zone 4,38.5,Zone 4,34.5,Zone 4,43.8,Zone 5,38.7,Zone 4,57.0,Zone 5
Chhattisgarh,Raigarh,Raigarh,25.2,2026-04-12,23:45:00,51.0,2026-04-12,23:45:00,2026-04-13 00:13:25,25.25,Zone 3,38.6,Zone 4,25.0,Zone 3,34.1,Zone 4,29.9,Zone 4,38.3,Zone 4,34.4,Zone 4,43.1,Zone 5,38.6,Zone 4,56.3,Zone 5
Chhattisgarh,Raipur,Naya Raipur,28.4,2026-04-13,00:00:00,34.0,2026-04-12,00:00:00,2026-04-13 00:13:25,27.850000000000023,Zone 4,40.5,Zone 4,28.0,Zone 4,36.3,Zone 4,32.4,Zone 4,40.3,Zone 4,36.6,Zone 4,44.0,Zone 4,40.5,Zone 4,56.3,Zone 5
Chhattisgarh,Raipur,Raipur,28.4,2026-04-13,00:00:00,28.0,2026-04-12,00:00:00,2026-04-13 00:13:25,27.450000000000045,Zone 4,39.5,Zone 4,27.6,Zone 4,35.6,Zone 4,31.8,Zone 4,39.4,Zone 4,35.8,Zone 4,42.9,Zone 4,39.5,Zone 4,51.1,Zone 5
Chhattisgarh,Rajnandgaon,Rajnandgaon,27.6,2026-04-13,00:00:00,32.0,2026-04-12,00:00:00,2026-04-13 00:13:25,26.950000000000045,Zone 4,39.0,Zone 4,26.8,Zone 4,35.0,Zone 4,31.2,Zone 4,38.8,Zone 4,35.2,Zone 4,42.5,Zone 4,39.0,Zone 4,51.2,Zone 5
Chhattisgarh,Sukma,Sukma,29.6,2026-04-13,00:00:00,71.0,2026-04-12,00:00:00,2026-04-13 00:13:25,33.75,Zone 4,62.3,Zone 5,33.6,Zone 4,55.8,Zone 5,40.1,Zone 4,61.9,Zone 5,57.9,Zone 5,64.7,Zone 5,62.3,Zone 5,66.7,Zone 5
Dadra And Nagar Haveli,Dadar Nagar,Silvassa,27.1,2026-04-13,00:00:00,88.0,2026-04-12,00:00:00,2026-04-13 00:13:25,31.05000000000001,Zone 4,62.4,Zone 5,30.8,Zone 4,55.8,Zone 5,37.9,Zone 4,61.9,Zone 5,58.0,Zone 5,64.7,Zone 5,62.4,Zone 5,66.7,Zone 5
Daman And Diu,Daman,Daman Aws,26.1,2026-04-13,00:00:00,99.0,2026-04-12,00:00:00,2026-04-13 00:13:25,30.25,Zone 4,63.0,Zone 5,30.0,Zone 4,58.7,Zone 5,40.9,Zone 5,62.6,Zone 5,59.5,Zone 5,65.2,Zone 5,63.0,Zone 5,67.2,Zone 5
Delhi,Central Delhi,Pragati Maidan,26.4,2026-04-13,00:00:00,,,,2026-04-13 00:13:25,,,,,,,,,,,,,,,,,,,,
Delhi,Delhi,Kvk Crpf Campus,21.3,2026-04-13,00:00:00,48.0,2026-04-12,00:00:00,2026-04-13 00:13:25,20.450000000000045,Zone 3,34.1,Zone 4,20.7,Zone 3,30.1,Zone 4,26.0,Zone 4,34.0,Zone 4,30.2,Zone 4,37.8,Zone 4,34.1,Zone 4,41.4,Zone 4
Delhi,Delhi,Kv Janakpuri,24.7,2026-04-13,00:00:00,38.0,2026-04-12,00:00:00,2026-04-13 00:13:25,24.05000000000001,Zone 3,36.5,Zone 4,23.8,Zone 3,32.5,Zone 4,28.5,Zone 4,36.3,Zone 4,32.6,Zone 4,40.0,Zone 4,36.5,Zone 4,45.2,Zone 5
Delhi,Delhi,Kv Narayna,23.7,2026-04-13,00:00:00,34.0,2026-04-12,00:00:00,2026-04-13 00:13:25,22.650000000000034,Zone 3,35.0,Zone 4,22.4,Zone 3,31.2,Zone 4,27.3,Zone 4,35.0,Zone 4,31.3,Zone 4,38.5,Zone 4,35.0,Zone 4,42.0,Zone 4
Delhi,Delhi,Pharma Science And Research Un,21.7,2026-04-13,00:00:00,53.0,2026-04-12,00:00:00,2026-04-13 00:13:25,21.25,Zone 3,34.5,Zone 4,21.0,Zone 3,30.3,Zone 4,26.2,Zone 4,34.4,Zone 4,30.5,Zone 4,38.3,Zone 4,34.5,Zone 4,44.0,Zone 5
Delhi,East Delhi,Salwan Public School,24.9,2026-04-13,00:00:00,31.0,2026-04-12,00:00:00,2026-04-13 00:13:25,23.850000000000023,Zone 3,36.3,Zone 4,24.0,Zone 3,32.4,Zone 4,28.6,Zone 4,36.2,Zone 4,32.5,Zone 4,39.7,Zone 4,36.3,Zone 4,43.1,Zone 4
Delhi,New Delhi,Sports Complex,26.4,2026-04-13,00:00:00,48.0,2026-04-12,00:00:00,2026-04-13 00:13:25,26.450000000000045,Zone 4,40.2,Zone 4,26.6,Zone 4,35.6,Zone 4,31.4,Zone 4,39.9,Zone 4,35.9,Zone 4,47.3,Zone 5,40.2,Zone 4,59.2,Zone 5
Delhi,North West Delhi,Mungeshpur,21.6,2026-04-13,00:00:00,50.0,2026-04-12,00:00:00,2026-04-13 00:13:25,20.950000000000045,Zone 3,34.3,Zone 4,20.8,Zone 3,30.2,Zone 4,26.1,Zone 4,34.2,Zone 4,30.3,Zone 4,38.0,Zone 4,34.3,Zone 4,42.2,Zone 5
Delhi,North West Delhi,Pitampura,24.9,2026-04-13,00:00:00,51.0,2026-04-12,00:00:00,2026-04-13 00:13:25,24.950000000000045,Zone 3,38.6,Zone 4,25.0,Zone 3,34.1,Zone 4,29.9,Zone 4,38.3,Zone 4,34.4,Zone 4,43.1,Zone 5,38.6,Zone 4,56.3,Zone 5
Delhi,South Delhi,Lodi Road,22.4,2026-04-13,00:00:00,72.0,2026-04-12,00:00:00,2026-04-13 00:13:25,23.05000000000001,Zone 3,37.6,Zone 4,23.1,Zone 3,32.7,Zone 4,28.2,Zone 4,37.4,Zone 4,33.1,Zone 4,46.5,Zone 5,37.6,Zone 4,59.0,Zone 5
Delhi,South West Delhi,Ayanagar,19.2,2026-04-13,00:00:00,51.0,2026-04-12,00:00:00,2026-04-13 00:13:25,18.05000000000001,Zone 3,31.8,Zone 4,17.8,Zone 3,27.8,Zone 4,24.0,Zone 3,31.7,Zone 4,27.9,Zone 4,35.4,Zone 4,31.8,Zone 4,39.0,Zone 4
Delhi,South West Delhi,Ignou,23.3,2026-04-13,00:00:00,31.0,2026-04-12,00:00:00,2026-04-13 00:13:25,21.950000000000045,Zone 3,34.8,Zone 4,22.2,Zone 3,31.0,Zone 4,27.2,Zone 4,34.7,Zone 4,31.1,Zone 4,38.2,Zone 4,34.8,Zone 4,41.6,Zone 4
Delhi,South West Delhi,Jafarpur,21.5,2026-04-13,00:00:00,,,,2026-04-13 00:13:25,,,,,,,,,,,,,,,,,,,,
Delhi,South West Delhi,Najafgarh,22.5,2026-04-13,00:00:00,49.0,2026-04-12,00:00:00,2026-04-13 00:13:25,21.950000000000045,Zone 3,35.3,Zone 4,22.0,Zone 3,31.2,Zone 4,27.0,Zone 4,35.2,Zone 4,31.3,Zone 4,39.0,Zone 4,35.3,Zone 4,45.3,Zone 5
Goa,North Goa,Goa State Biodiversity Board,26.7,2026-04-12,23:45:00,97.0,2026-04-12,23:45:00,2026-04-13 00:13:25,31.350000000000023,Zone 4,63.5,Zone 5,30.9,Zone 4,59.5,Zone 5,43.3,Zone 5,63.0,Zone 5,60.0,Zone 5,65.6,Zone 5,63.5,Zone 5,67.5,Zone 5
Goa,Panaji,Altinho Imdoffice,26.6,2026-04-12,23:45:00,60.0,2026-04-12,23:45:00,2026-04-13 00:13:25,27.450000000000045,Zone 4,43.6,Zone 5,27.3,Zone 4,37.2,Zone 4,32.7,Zone 4,42.3,Zone 5,37.6,Zone 4,57.3,Zone 5,43.6,Zone 5,61.4,Zone 5
Gujarat,Ahmedabad,Ahmedabad,31.0,2026-04-13,00:00:00,33.0,2026-04-12,00:00:00,2026-04-13 00:13:25,30.75,Zone 4,43.4,Zone 4,30.7,Zone 4,39.1,Zone 4,35.2,Zone 4,43.2,Zone 4,39.4,Zone 4,52.2,Zone 5,43.4,Zone 4,60.2,Zone 5
Gujarat,Ahmedabad,Dhorela,31.6,2026-04-12,23:45:00,33.0,2026-04-12,23:45:00,2026-04-13 00:13:25,31.450000000000045,Zone 4,44.1,Zone 4,31.3,Zone 4,39.8,Zone 4,35.8,Zone 4,43.8,Zone 4,40.1,Zone 4,54.2,Zone 5,44.1,Zone 4,60.7,Zone 5
Gujarat,Ahmedabad,Science City,29.5,2026-04-13,00:00:00,25.0,2026-04-12,00:00:00,2026-04-13 00:13:25,28.350000000000023,Zone 4,40.1,Zone 4,28.4,Zone 4,36.3,Zone 4,32.6,Zone 4,40.0,Zone 4,36.4,Zone 4,43.5,Zone 4,40.1,Zone 4,51.7,Zone 5
Gujarat,Amreli,Dhari Aws400,28.1,2026-04-13,00:00:00,51.0,2026-04-12,00:00:00,2026-04-13 00:13:25,28.850000000000023,Zone 4,43.0,Zone 5,28.7,Zone 4,38.1,Zone 4,33.7,Zone 4,42.6,Zone 4,38.5,Zone 4,56.7,Zone 5,43.0,Zone 5,61.3,Zone 5
Gujarat,Amreli,Jafrabad,32.6,2026-04-13,00:00:00,69.0,2026-04-12,00:00:00,2026-04-13 00:13:25,41.05000000000001,Zone 4,66.5,Zone 5,40.8,Zone 4,63.2,Zone 5,59.6,Zone 5,66.2,Zone 5,63.7,Zone 5,68.3,Zone 5,66.5,Zone 5,69.8,Zone 5
Gujarat,Amreli,Rajula,28.5,2026-04-13,00:00:00,62.0,2026-04-12,00:00:00,2026-04-13 00:13:25,30.450000000000045,Zone 4,57.2,Zone 5,30.5,Zone 4,40.9,Zone 4,36.1,Zone 4,55.8,Zone 5,41.4,Zone 4,61.4,Zone 5,57.2,Zone 5,63.9,Zone 5
Gujarat,Anand,Khambhat Aws400,26.7,2026-04-13,00:00:00,64.0,2026-04-12,00:00:00,2026-04-13 00:13:25,27.950000000000045,Zone 4,47.5,Zone 5,27.6,Zone 4,37.8,Zone 4,33.1,Zone 4,46.0,Zone 5,38.2,Zone 4,59.3,Zone 5,47.5,Zone 5,62.1,Zone 5
Gujarat,Banaskantha,Ambaji Temple,26.3,2026-04-13,00:00:00,20.0,2026-04-12,00:00:00,2026-04-13 00:13:25,25.05000000000001,Zone 3,36.5,Zone 4,25.3,Zone 3,33.0,Zone 4,29.3,Zone 4,36.5,Zone 4,33.0,Zone 4,39.8,Zone 4,36.5,Zone 4,43.0,Zone 4
Gujarat,Banaskantha,Dantewada Amfu,33.7,2026-04-13,00:00:00,58.0,2026-04-12,00:00:00,2026-04-13 00:13:25,40.150000000000034,Zone 4,64.8,Zone 5,39.7,Zone 4,61.1,Zone 5,51.6,Zone 5,64.4,Zone 5,61.7,Zone 5,66.8,Zone 5,64.8,Zone 5,68.6,Zone 5
Gujarat,Banaskantha,Tharad Aws400,22.6,2026-04-13,00:00:00,57.0,2026-04-12,00:00:00,2026-04-13 00:13:25,22.55000000000001,Zone 3,36.1,Zone 4,22.4,Zone 3,31.7,Zone 4,27.4,Zone 4,35.9,Zone 4,31.9,Zone 4,39.9,Zone 4,36.1,Zone 4,50.4,Zone 5
Gujarat,Bharuch,Hansot Aws400,28.6,2026-04-13,00:00:00,65.0,2026-04-12,00:00:00,2026-04-13 00:13:25,30.950000000000045,Zone 4,59.3,Zone 5,30.8,Zone 4,41.6,Zone 4,36.7,Zone 4,58.6,Zone 5,43.4,Zone 5,62.1,Zone 5,59.3,Zone 5,64.5,Zone 5
Gujarat,Bhavnagar,Bhavnagar,29.0,2026-04-13,00:00:00,46.0,2026-04-12,00:00:00,2026-04-13 00:13:25,29.55000000000001,Zone 4,43.4,Zone 4,29.5,Zone 4,38.7,Zone 4,34.5,Zone 4,43.1,Zone 4,39.1,Zone 4,56.7,Zone 5,43.4,Zone 4,61.2,Zone 5
Gujarat,Bhavnagar,Talaja Aws400,26.9,2026-04-13,00:00:00,55.0,2026-04-12,00:00:00,2026-04-13 00:13:25,27.55000000000001,Zone 4,42.1,Zone 4,27.7,Zone 4,37.2,Zone 4,32.8,Zone 4,41.8,Zone 4,37.6,Zone 4,55.6,Zone 5,42.1,Zone 4,61.0,Zone 5
Gujarat,Botad,Botad,29.7,2026-04-13,00:00:00,30.0,2026-04-12,00:00:00,2026-04-13 00:13:25,28.950000000000045,Zone 4,41.0,Zone 4,28.8,Zone 4,36.9,Zone 4,33.1,Zone 4,40.8,Zone 4,37.1,Zone 4,44.4,Zone 4,41.0,Zone 4,56.2,Zone 5
Gujarat,Dahod,Dahod Kvk,25.1,2026-04-13,00:00:00,48.0,2026-04-12,00:00:00,2026-04-13 00:13:25,25.05000000000001,Zone 3,38.2,Zone 4,24.9,Zone 3,33.8,Zone 4,29.7,Zone 4,38.0,Zone 4,34.1,Zone 4,41.9,Zone 4,38.2,Zone 4,54.3,Zone 5
Gujarat,Dang,Dang Kvk,24.3,2026-04-13,00:00:00,59.0,2026-04-12,00:00:00,2026-04-13 00:13:25,24.55000000000001,Zone 3,38.9,Zone 4,24.8,Zone 3,34.2,Zone 4,29.9,Zone 4,38.7,Zone 4,34.5,Zone 4,46.9,Zone 5,38.9,Zone 4,59.1,Zone 5
Gujarat,Gandhinagar,Gandhinagar,28.3,2026-04-13,00:00:00,21.0,2026-04-12,00:00:00,2026-04-13 00:13:25,26.950000000000045,Zone 4,38.5,Zone 4,27.2,Zone 4,34.8,Zone 4,31.2,Zone 4,38.4,Zone 4,35.0,Zone 4,41.8,Zone 4,38.5,Zone 4,45.1,Zone 4
Gujarat,Gir Somnath,Veraval   Aws400,27.1,2026-04-13,00:00:00,88.0,2026-04-12,00:00:00,2026-04-13 00:13:25,31.05000000000001,Zone 4,62.4,Zone 5,30.8,Zone 4,55.8,Zone 5,37.9,Zone 4,61.9,Zone 5,58.0,Zone 5,64.7,Zone 5,62.4,Zone 5,66.7,Zone 5
Gujarat,Kachchh,Bachau Amfu,29.9,2026-04-13,00:00:00,27.0,2026-04-12,00:00:00,2026-04-13 00:13:25,28.950000000000045,Zone 4,41.0,Zone 4,29.1,Zone 4,37.1,Zone 4,33.3,Zone 4,40.8,Zone 4,37.2,Zone 4,44.4,Zone 4,41.0,Zone 4,55.2,Zone 5
Gujarat,Kachchh,Bhuj,,,,53.0,2026-04-12,00:00:00,2026-04-13 00:13:25,,,,,,,,,,,,,,,,,,,,
Gujarat,Kachchh,Kandla,31.1,2026-04-13,00:00:00,37.0,2026-04-12,00:00:00,2026-04-13 00:13:25,31.25,Zone 4,44.4,Zone 4,31.2,Zone 4,39.9,Zone 4,35.8,Zone 4,44.1,Zone 4,40.2,Zone 4,56.4,Zone 5,44.4,Zone 4,61.2,Zone 5
Gujarat,Kachchh,Mundra,27.8,2026-04-13,00:00:00,,,,2026-04-13 00:13:25,,,,,,,,,,,,,,,,,,,,
Gujarat,Mahesana,Jagudan,24.1,2026-04-13,00:00:00,45.0,2026-04-12,00:00:00,2026-04-13 00:13:25,23.650000000000034,Zone 3,36.6,Zone 4,23.6,Zone 3,32.5,Zone 4,28.4,Zone 4,36.5,Zone 4,32.6,Zone 4,40.3,Zone 4,36.6,Zone 4,48.3,Zone 5
Gujarat,Mahisagar,Lunavada,24.9,2026-04-13,00:00:00,63.0,2026-04-12,00:00:00,2026-04-13 00:13:25,25.450000000000045,Zone 4,40.3,Zone 4,25.6,Zone 4,35.3,Zone 4,30.8,Zone 4,40.0,Zone 4,35.7,Zone 4,52.5,Zone 5,40.3,Zone 4,60.3,Zone 5
Gujarat,Morbi,Halwad,29.5,2026-04-13,00:00:00,32.0,2026-04-12,00:00:00,2026-04-13 00:13:25,28.950000000000045,Zone 4,41.3,Zone 4,28.9,Zone 4,37.2,Zone 4,33.3,Zone 4,41.1,Zone 4,37.4,Zone 4,44.9,Zone 5,41.3,Zone 4,57.9,Zone 5
Gujarat,Porbandar,Porbandar,26.7,2026-04-13,00:00:00,86.0,2026-04-12,00:00:00,2026-04-13 00:13:25,29.950000000000045,Zone 4,61.1,Zone 5,29.6,Zone 4,49.8,Zone 5,36.3,Zone 4,60.7,Zone 5,52.1,Zone 5,63.6,Zone 5,61.1,Zone 5,65.8,Zone 5
Gujarat,Sabarkantha,Himatnagar,24.8,2026-04-13,00:00:00,36.0,2026-04-12,00:00:00,2026-04-13 00:13:25,24.05000000000001,Zone 3,36.8,Zone 4,24.3,Zone 3,32.8,Zone 4,28.9,Zone 4,36.7,Zone 4,33.0,Zone 4,40.3,Zone 4,36.8,Zone 4,45.5,Zone 5
Gujarat,Surat,Surat Kvk,28.9,2026-04-13,00:00:00,,,,2026-04-13 00:13:25,,,,,,,,,,,,,,,,,,,,
Gujarat,Surendranagar,Surendranagar,29.5,2026-04-13,00:00:00,18.0,2026-04-12,00:00:00,2026-04-13 00:13:25,27.950000000000045,Zone 4,39.0,Zone 4,27.9,Zone 4,35.4,Zone 4,31.9,Zone 4,38.9,Zone 4,35.5,Zone 4,42.3,Zone 4,39.0,Zone 4,45.5,Zone 4
Gujarat,Vadodara,Vadodara Aws400,31.2,2026-04-13,00:00:00,36.0,2026-04-12,00:00:00,2026-04-13 00:13:25,31.25,Zone 4,44.1,Zone 4,31.1,Zone 4,39.7,Zone 4,35.7,Zone 4,43.8,Zone 4,40.0,Zone 4,55.4,Zone 5,44.1,Zone 4,60.9,Zone 5
Haryana,Bhiwani,Bhiwani,22.3,2026-04-13,00:00:00,,,,2026-04-13 00:13:25,,,,,,,,,,,,,,,,,,,,
Haryana,Charkhi Dadri,Revenue Office Aws400,23.4,2026-04-13,00:00:00,36.0,2026-04-12,00:00:00,2026-04-13 00:13:25,22.350000000000023,Zone 3,35.2,Zone 4,22.5,Zone 3,31.3,Zone 4,27.4,Zone 4,35.1,Zone 4,31.4,Zone 4,38.7,Zone 4,35.2,Zone 4,42.2,Zone 4
Haryana,Gurgaon,Gurgaon,20.9,2026-04-13,00:00:00,40.0,2026-04-12,00:00:00,2026-04-13 00:13:25,19.55000000000001,Zone 3,33.1,Zone 4,19.7,Zone 3,29.2,Zone 4,25.2,Zone 3,33.0,Zone 4,29.3,Zone 4,36.6,Zone 4,33.1,Zone 4,40.1,Zone 4
Haryana,Gurgaon,Gurgaon Kvk,19.6,2026-04-13,00:00:00,15.0,2026-04-12,00:00:00,2026-04-13 00:13:25,16.350000000000023,Zone 3,30.4,Zone 4,16.2,Zone 3,27.1,Zone 4,23.3,Zone 3,30.5,Zone 4,27.0,Zone 4,33.7,Zone 4,30.4,Zone 4,36.8,Zone 4
Haryana,Gurgaon,Northcap University,22.0,2026-04-13,00:00:00,46.0,2026-04-12,00:00:00,2026-04-13 00:13:25,21.25,Zone 3,34.5,Zone 4,21.2,Zone 3,30.5,Zone 4,26.4,Zone 4,34.4,Zone 4,30.6,Zone 4,38.2,Zone 4,34.5,Zone 4,41.7,Zone 4
Haryana,Jhajjar,Jhajjar,20.3,2026-04-13,00:00:00,43.0,2026-04-12,00:00:00,2026-04-13 00:13:25,18.950000000000045,Zone 3,32.8,Zone 4,19.2,Zone 3,28.9,Zone 4,24.9,Zone 3,32.7,Zone 4,29.0,Zone 4,36.3,Zone 4,32.8,Zone 4,39.8,Zone 4
Haryana,Jind,Pandu Pindara,22.1,2026-04-13,00:00:00,,,,2026-04-13 00:13:25,,,,,,,,,,,,,,,,,,,,
Haryana,Karnal,Indri Rest House,19.4,2026-04-13,00:00:00,,,,2026-04-13 00:13:25,,,,,,,,,,,,,,,,,,,,
Haryana,Karnal,Karnal,19.4,2026-04-13,00:00:00,,,,2026-04-13 00:13:25,,,,,,,,,,,,,,,,,,,,
Haryana,Karnal,Uchani,21.8,2026-04-13,00:00:00,56.0,2026-04-12,00:00:00,2026-04-13 00:13:25,21.55000000000001,Zone 3,35.4,Zone 4,21.8,Zone 3,31.0,Zone 4,26.8,Zone 4,35.2,Zone 4,31.2,Zone 4,39.1,Zone 4,35.4,Zone 4,47.7,Zone 5
Haryana,Mahendragarh,Mahendragarh Aws,20.0,2026-04-13,00:00:00,46.0,2026-04-12,00:00:00,2026-04-13 00:13:25,18.75,Zone 3,32.5,Zone 4,18.8,Zone 3,28.6,Zone 4,24.6,Zone 3,32.4,Zone 4,28.6,Zone 4,36.1,Zone 4,32.5,Zone 4,39.6,Zone 4
Haryana,Mewat,Mandkola,20.8,2026-04-13,00:00:00,18.0,2026-04-12,00:00:00,2026-04-13 00:13:25,18.05000000000001,Zone 3,31.7,Zone 4,18.3,Zone 3,28.4,Zone 4,24.6,Zone 3,31.8,Zone 4,28.3,Zone 4,35.0,Zone 4,31.7,Zone 4,38.2,Zone 4
Haryana,Mewat,Nuh,26.4,2026-04-13,00:00:00,,,,2026-04-13 00:13:25,,,,,,,,,,,,,,,,,,,,
Haryana,Palwal,Palwal Water Service Division,24.3,2026-04-13,00:00:00,,,,2026-04-13 00:13:25,,,,,,,,,,,,,,,,,,,,
Haryana,Panipat,Ujha,25.8,2026-04-13,00:00:00,,,,2026-04-13 00:13:25,,,,,,,,,,,,,,,,,,,,
Haryana,Rewari,Bawal,23.5,2026-04-13,00:00:00,32.0,2026-04-12,00:00:00,2026-04-13 00:13:25,22.25,Zone 3,34.9,Zone 4,22.2,Zone 3,31.1,Zone 4,27.2,Zone 4,34.8,Zone 4,31.2,Zone 4,38.3,Zone 4,34.9,Zone 4,41.7,Zone 4
Haryana,Rohtak,Canal Rest House,20.7,2026-04-13,00:00:00,37.0,2026-04-12,00:00:00,2026-04-13 00:13:25,19.150000000000034,Zone 3,32.4,Zone 4,18.9,Zone 3,28.7,Zone 4,24.8,Zone 3,32.4,Zone 4,28.7,Zone 4,35.9,Zone 4,32.4,Zone 4,39.3,Zone 4
Haryana,Rohtak,Rohtak,22.5,2026-04-13,00:00:00,36.0,2026-04-12,00:00:00,2026-04-13 00:13:25,21.25,Zone 3,34.2,Zone 4,21.3,Zone 3,30.4,Zone 4,26.5,Zone 4,34.2,Zone 4,30.5,Zone 4,37.7,Zone 4,34.2,Zone 4,41.2,Zone 4
Haryana,Sirsa,Canal Colony Village Ottu,21.3,2026-04-13,00:00:00,,,,2026-04-13 00:13:25,,,,,,,,,,,,,,,,,,,,
Haryana,Sirsa,Sirsa,21.6,2026-04-13,00:00:00,40.0,2026-04-12,00:00:00,2026-04-13 00:13:25,20.350000000000023,Zone 3,33.5,Zone 4,20.3,Zone 3,29.7,Zone 4,25.7,Zone 4,33.5,Zone 4,29.8,Zone 4,37.1,Zone 4,33.5,Zone 4,40.6,Zone 4
Haryana,Sonipat,Canal Resthouse Saragthal,14.3,2026-04-13,00:00:00,85.0,2026-04-12,00:00:00,2026-04-13 00:13:25,13.75,Zone 2,28.7,Zone 4,14.0,Zone 2,24.8,Zone 3,21.2,Zone 3,28.6,Zone 4,24.8,Zone 3,32.6,Zone 4,28.7,Zone 4,36.4,Zone 4
Haryana,Sonipat,Jagdishpur,20.0,2026-04-13,00:00:00,,,,2026-04-13 00:13:25,,,,,,,,,,,,,,,,,,,,
Haryana,Yamunanagar,Hathinkundberaj,18.1,2026-04-13,00:00:00,82.0,2026-04-12,00:00:00,2026-04-13 00:13:25,18.350000000000023,Zone 3,32.4,Zone 4,18.2,Zone 3,27.9,Zone 4,24.0,Zone 3,32.3,Zone 4,28.1,Zone 4,36.4,Zone 4,32.4,Zone 4,45.1,Zone 5
Himachal Pradesh,Bilaspur,Bilaspur Kvk,13.5,2026-04-13,00:00:00,100.0,2026-04-12,00:00:00,2026-04-13 00:13:25,13.450000000000045,Zone 2,28.1,Zone 4,13.5,Zone 2,24.4,Zone 3,20.7,Zone 3,28.1,Zone 4,24.5,Zone 3,32.1,Zone 4,28.1,Zone 4,36.0,Zone 4
Himachal Pradesh,Chamba,Udaipur,13.4,2026-04-12,23:30:00,99.0,2026-04-12,23:30:00,2026-04-13 00:13:25,13.350000000000023,Zone 2,28.1,Zone 4,13.5,Zone 2,24.4,Zone 3,20.7,Zone 3,28.0,Zone 4,24.4,Zone 3,32.1,Zone 4,28.1,Zone 4,36.0,Zone 4
Himachal Pradesh,Kinnaur,Kalpa,7.2,2026-04-12,23:30:00,34.0,2026-04-12,23:30:00,2026-04-13 00:13:25,5.350000000000023,Zone 2,22.9,Zone 3,5.2,Zone 2,19.6,Zone 3,13.5,Zone 2,23.1,Zone 3,19.4,Zone 3,25.3,Zone 3,22.9,Zone 3,28.4,Zone 4
Himachal Pradesh,Kullu,Seobagh Amfu,,,,74.0,2026-04-12,00:00:00,2026-04-13 00:13:25,,,,,,,,,,,,,,,,,,,,
Himachal Pradesh,Lahaul And Spiti,Keylong,2.2,2026-04-12,23:30:00,99.0,2026-04-12,23:30:00,2026-04-13 00:13:25,2.150000000000034,Zone 2,21.0,Zone 3,2.0,Zone 2,17.3,Zone 3,11.2,Zone 2,21.2,Zone 3,16.9,Zone 3,23.7,Zone 3,21.0,Zone 3,25.7,Zone 4
Himachal Pradesh,Lahaul And Spiti,Tabo,5.1,2026-04-13,00:00:00,30.0,2026-04-12,00:00:00,2026-04-13 00:13:25,3.3500000000000227,Zone 2,21.9,Zone 3,3.3,Zone 2,18.4,Zone 3,12.1,Zone 2,22.1,Zone 3,18.0,Zone 3,24.5,Zone 3,21.9,Zone 3,27.0,Zone 4
Himachal Pradesh,Mandi,Sundernagar,15.3,2026-04-12,23:30:00,,,,2026-04-13 00:13:25,,,,,,,,,,,,,,,,,,,,
Himachal Pradesh,Mandi,Sundernagar Kvk,14.6,2026-04-13,00:00:00,92.0,2026-04-12,00:00:00,2026-04-13 00:13:25,14.450000000000045,Zone 3,28.9,Zone 4,14.3,Zone 3,24.9,Zone 3,21.3,Zone 3,28.9,Zone 4,24.9,Zone 3,32.9,Zone 4,28.9,Zone 4,36.8,Zone 4
Himachal Pradesh,Shimla,Fagu,7.6,2026-04-12,23:30:00,,,,2026-04-13 00:13:25,,,,,,,,,,,,,,,,,,,,
Jammu And Kashmir,Anantnag,Anantnag,7.6,2026-04-13,00:00:00,100.0,2026-04-12,00:00:00,2026-04-13 00:13:25,7.550000000000011,Zone 2,23.8,Zone 3,7.5,Zone 2,20.8,Zone 3,15.4,Zone 3,23.9,Zone 3,20.7,Zone 3,26.5,Zone 4,23.8,Zone 3,30.0,Zone 4
Jammu And Kashmir,Anantnag,Khudwani,9.3,2026-04-13,00:00:00,96.0,2026-04-12,00:00:00,2026-04-13 00:13:25,9.150000000000034,Zone 2,24.7,Zone 3,9.4,Zone 2,22.0,Zone 3,17.1,Zone 3,24.8,Zone 3,21.9,Zone 3,28.1,Zone 4,24.7,Zone 3,31.7,Zone 4
Jammu And Kashmir,Anantnag,Larnoo,7.5,2026-04-13,00:00:00,99.0,2026-04-12,00:00:00,2026-04-13 00:13:25,7.4500000000000455,Zone 2,23.8,Zone 3,7.5,Zone 2,20.8,Zone 3,15.3,Zone 3,23.9,Zone 3,20.7,Zone 3,26.5,Zone 4,23.8,Zone 3,30.0,Zone 4
Jammu And Kashmir,Anantnag,Pahalgam,3.3,2026-04-12,23:45:00,86.0,2026-04-12,23:45:00,2026-04-13 00:13:25,2.9500000000000455,Zone 2,21.6,Zone 3,3.2,Zone 2,18.1,Zone 3,12.0,Zone 2,21.8,Zone 3,17.8,Zone 3,24.2,Zone 3,21.6,Zone 3,26.6,Zone 4
Jammu And Kashmir,Badgam,Harran,8.9,2026-04-13,00:00:00,83.0,2026-04-12,00:00:00,2026-04-13 00:13:25,8.350000000000023,Zone 2,24.4,Zone 3,8.5,Zone 2,21.5,Zone 3,16.3,Zone 3,24.4,Zone 3,21.4,Zone 3,27.4,Zone 4,24.4,Zone 3,30.9,Zone 4
Jammu And Kashmir,Bandipora,Bandipora,9.4,2026-04-13,00:00:00,100.0,2026-04-12,00:00:00,2026-04-13 00:13:25,9.350000000000023,Zone 2,24.8,Zone 3,9.5,Zone 2,22.0,Zone 3,17.2,Zone 3,24.8,Zone 3,22.0,Zone 3,28.2,Zone 4,24.8,Zone 3,31.8,Zone 4
Jammu And Kashmir,Baramulla,Baramulla Amfu,37.4,2026-04-12,23:45:00,91.0,2026-04-12,23:45:00,2026-04-13 00:13:25,83.35000000000002,Zone 6,92.4,Zone 6,83.7,Zone 6,88.8,Zone 6,86.7,Zone 6,91.7,Zone 6,89.6,Zone 6,94.5,Zone 6,92.4,Zone 6,97.3,Zone 6
Jammu And Kashmir,Baramulla,Baramulla Kvk,8.6,2026-04-13,00:00:00,82.0,2026-04-12,00:00:00,2026-04-13 00:13:25,8.050000000000011,Zone 2,24.1,Zone 3,8.0,Zone 2,21.2,Zone 3,15.8,Zone 3,24.2,Zone 3,21.1,Zone 3,27.0,Zone 4,24.1,Zone 3,30.4,Zone 4
Jammu And Kashmir,Baramulla,Gulmarg,2.8,2026-04-13,00:00:00,68.0,2026-04-12,00:00:00,2026-04-13 00:13:25,2.150000000000034,Zone 2,21.2,Zone 3,2.3,Zone 2,17.6,Zone 3,11.4,Zone 2,21.4,Zone 3,17.2,Zone 3,24.0,Zone 3,21.2,Zone 3,26.1,Zone 4
Jammu And Kashmir,Doda,Bhella,13.9,2026-04-13,00:00:00,70.0,2026-04-12,00:00:00,2026-04-13 00:13:25,12.850000000000023,Zone 2,27.8,Zone 4,12.9,Zone 2,24.3,Zone 3,20.3,Zone 3,27.8,Zone 4,24.3,Zone 3,31.5,Zone 4,27.8,Zone 4,35.1,Zone 4
Jammu And Kashmir,Jammu,Chatha Amfu,20.0,2026-04-13,00:00:00,66.0,2026-04-12,00:00:00,2026-04-13 00:13:25,19.850000000000023,Zone 3,33.8,Zone 4,19.9,Zone 3,29.4,Zone 4,25.1,Zone 3,33.6,Zone 4,29.6,Zone 4,37.7,Zone 4,33.8,Zone 4,45.4,Zone 5
Jammu And Kashmir,Jammu,Jammu,19.1,2026-04-13,00:00:00,82.0,2026-04-12,00:00:00,2026-04-13 00:13:25,19.55000000000001,Zone 3,33.7,Zone 4,19.5,Zone 3,29.0,Zone 4,24.7,Zone 3,33.5,Zone 4,29.2,Zone 4,37.8,Zone 4,33.7,Zone 4,49.5,Zone 5
Jammu And Kashmir,Kathua,Kathua Kvk,17.1,2026-04-13,00:00:00,91.0,2026-04-12,00:00:00,2026-04-13 00:13:25,17.55000000000001,Zone 3,31.7,Zone 4,17.4,Zone 3,27.1,Zone 4,23.4,Zone 3,31.6,Zone 4,27.3,Zone 4,35.8,Zone 4,31.7,Zone 4,44.9,Zone 5
Jammu And Kashmir,Kishtwar,Gulabgarh,3.8,2026-04-13,00:00:00,75.0,2026-04-12,00:00:00,2026-04-13 00:13:25,3.25,Zone 2,21.8,Zone 3,3.4,Zone 2,18.3,Zone 3,12.2,Zone 2,22.0,Zone 3,18.0,Zone 3,24.4,Zone 3,21.8,Zone 3,26.9,Zone 4
Jammu And Kashmir,Kishtwar,Kishtwar,10.9,2026-04-13,00:00:00,86.0,2026-04-12,00:00:00,2026-04-13 00:13:25,10.450000000000045,Zone 2,25.5,Zone 4,10.6,Zone 2,22.8,Zone 3,18.2,Zone 3,25.5,Zone 4,22.7,Zone 3,29.2,Zone 4,25.5,Zone 4,32.8,Zone 4
Jammu And Kashmir,Kulgam,Kulgam Amfu,10.0,2026-04-13,00:00:00,89.0,2026-04-12,00:00:00,2026-04-13 00:13:25,9.650000000000034,Zone 2,24.9,Zone 3,9.7,Zone 2,22.2,Zone 3,17.3,Zone 3,25.0,Zone 3,22.1,Zone 3,28.4,Zone 4,24.9,Zone 3,31.9,Zone 4
Jammu And Kashmir,Kupwara,Kupw Kvk,9.6,2026-04-13,00:00:00,82.0,2026-04-12,00:00:00,2026-04-13 00:13:25,9.050000000000011,Zone 2,24.6,Zone 3,9.0,Zone 2,21.8,Zone 3,16.7,Zone 3,24.7,Zone 3,21.7,Zone 3,27.8,Zone 4,24.6,Zone 3,31.3,Zone 4
Jammu And Kashmir,Poonch,Poonch,13.9,2026-04-13,00:00:00,78.0,2026-04-12,00:00:00,2026-04-13 00:13:25,13.150000000000034,Zone 2,28.0,Zone 4,13.2,Zone 2,24.4,Zone 3,20.6,Zone 3,28.0,Zone 4,24.4,Zone 3,31.8,Zone 4,28.0,Zone 4,35.4,Zone 4
Jammu And Kashmir,Poonch,Rajpura Mandi,10.1,2026-04-13,00:00:00,77.0,2026-04-12,00:00:00,2026-04-13 00:13:25,9.350000000000023,Zone 2,24.8,Zone 3,9.3,Zone 2,22.0,Zone 3,17.0,Zone 3,24.9,Zone 3,22.0,Zone 3,28.2,Zone 4,24.8,Zone 3,31.6,Zone 4
Jammu And Kashmir,Pulwama,Tral,9.7,2026-04-13,00:00:00,84.0,2026-04-12,00:00:00,2026-04-13 00:13:25,9.25,Zone 2,24.6,Zone 3,9.0,Zone 2,21.8,Zone 3,16.8,Zone 3,24.7,Zone 3,21.7,Zone 3,27.9,Zone 4,24.6,Zone 3,31.4,Zone 4
Jammu And Kashmir,Rajouri,Rajouri,12.5,2026-04-13,00:00:00,96.0,2026-04-12,00:00:00,2026-04-13 00:13:25,12.350000000000023,Zone 2,27.0,Zone 4,12.4,Zone 2,23.8,Zone 3,19.7,Zone 3,27.0,Zone 4,23.8,Zone 3,30.9,Zone 4,27.0,Zone 4,34.7,Zone 4
Jammu And Kashmir,Rajouri,Rajouri Arg,10.2,2026-04-12,23:45:00,84.0,2026-04-12,23:45:00,2026-04-13 00:13:25,9.75,Zone 2,24.9,Zone 3,9.5,Zone 2,22.1,Zone 3,17.2,Zone 3,24.9,Zone 3,22.1,Zone 3,28.3,Zone 4,24.9,Zone 3,31.8,Zone 4
Jammu And Kashmir,Ramban,Govindpura,16.6,2026-04-13,00:00:00,80.0,2026-04-12,00:00:00,2026-04-13 00:13:25,16.350000000000023,Zone 3,30.6,Zone 4,16.2,Zone 3,26.3,Zone 4,22.7,Zone 3,30.5,Zone 4,26.4,Zone 4,34.5,Zone 4,30.6,Zone 4,38.4,Zone 4
Jammu And Kashmir,Reasi,Reasi Kvk,16.7,2026-04-13,00:00:00,97.0,2026-04-12,00:00:00,2026-04-13 00:13:25,17.350000000000023,Zone 3,31.4,Zone 4,17.1,Zone 3,26.8,Zone 4,23.1,Zone 3,31.2,Zone 4,26.9,Zone 4,35.5,Zone 4,31.4,Zone 4,45.3,Zone 5
Jammu And Kashmir,Samba,Samba,14.7,2026-04-13,00:00:00,93.0,2026-04-12,00:00:00,2026-04-13 00:13:25,14.550000000000011,Zone 3,29.0,Zone 4,14.3,Zone 3,24.9,Zone 3,21.4,Zone 3,28.9,Zone 4,25.0,Zone 3,32.9,Zone 4,29.0,Zone 4,36.8,Zone 4
Jammu And Kashmir,Shopian,Shopian,5.6,2026-04-13,00:00:00,89.0,2026-04-12,00:00:00,2026-04-13 00:13:25,5.350000000000023,Zone 2,22.7,Zone 3,5.2,Zone 2,19.4,Zone 3,13.5,Zone 2,22.8,Zone 3,19.2,Zone 3,25.0,Zone 3,22.7,Zone 3,28.2,Zone 4
Jammu And Kashmir,Srinagar,Srinagar Amfu,9.0,2026-04-13,00:00:00,100.0,2026-04-12,00:00:00,2026-04-13 00:13:25,8.950000000000045,Zone 2,24.5,Zone 3,9.0,Zone 2,21.7,Zone 3,16.7,Zone 3,24.6,Zone 3,21.7,Zone 3,27.7,Zone 4,24.5,Zone 3,31.3,Zone 4
Jammu And Kashmir,Udhampur,Kawa,15.5,2026-04-12,23:45:00,100.0,2026-04-12,23:45:00,2026-04-13 00:13:25,15.950000000000045,Zone 3,30.4,Zone 4,15.9,Zone 3,25.8,Zone 4,22.4,Zone 3,30.2,Zone 4,25.9,Zone 4,34.4,Zone 4,30.4,Zone 4,42.1,Zone 5
Jharkhand,Bokaro,Kv Bokaro,23.6,2026-04-13,00:00:00,71.0,2026-04-12,00:00:00,2026-04-13 00:13:25,24.350000000000023,Zone 3,39.1,Zone 4,24.2,Zone 3,34.0,Zone 4,29.4,Zone 4,38.7,Zone 4,34.4,Zone 4,50.9,Zone 5,39.1,Zone 4,60.0,Zone 5
Jharkhand,Deoghar,Deoghar Aws400,25.1,2026-04-13,00:00:00,44.0,2026-04-12,00:00:00,2026-04-13 00:13:25,24.850000000000023,Zone 3,37.7,Zone 4,24.7,Zone 3,33.5,Zone 4,29.4,Zone 4,37.5,Zone 4,33.7,Zone 4,41.4,Zone 4,37.7,Zone 4,51.4,Zone 5
Jharkhand,East Singhbhum,Bahragora,26.8,2026-04-13,00:00:00,83.0,2026-04-12,00:00:00,2026-04-13 00:13:25,29.850000000000023,Zone 4,61.2,Zone 5,30.2,Zone 4,50.5,Zone 5,36.9,Zone 4,60.8,Zone 5,52.9,Zone 5,63.7,Zone 5,61.2,Zone 5,65.9,Zone 5
Jharkhand,Godda,Godda Kvk,26.2,2026-04-13,00:00:00,,,,2026-04-13 00:13:25,,,,,,,,,,,,,,,,,,,,
Jharkhand,Hazaribagh,Barhi,23.4,2026-04-13,00:00:00,26.0,2026-04-12,00:00:00,2026-04-13 00:13:25,21.75,Zone 3,34.4,Zone 4,21.9,Zone 3,30.8,Zone 4,27.0,Zone 4,34.3,Zone 4,30.8,Zone 4,37.8,Zone 4,34.4,Zone 4,41.0,Zone 4
Jharkhand,Khunti,Diyakel-Khunti Kvk,20.2,2026-04-13,00:00:00,,,,2026-04-13 00:13:25,,,,,,,,,,,,,,,,,,,,
Jharkhand,Kodarma,Kodarma,,,,32.0,2026-04-12,00:00:00,2026-04-13 00:13:25,,,,,,,,,,,,,,,,,,,,
Jharkhand,Lohardaga,Lohardaga Kvk,22.6,2026-04-13,00:00:00,,,,2026-04-13 00:13:25,,,,,,,,,,,,,,,,,,,,
Jharkhand,Pakur,Pakur Kvk,23.3,2026-04-13,00:00:00,,,,2026-04-13 00:13:25,,,,,,,,,,,,,,,,,,,,
Jharkhand,Ramgarh,Ramgarh Kvk,,,,100.0,2026-04-12,00:00:00,2026-04-13 00:13:25,,,,,,,,,,,,,,,,,,,,
Jharkhand,Ranchi,Mc Ranchi,24.7,2026-04-13,00:00:00,34.0,2026-04-12,00:00:00,2026-04-13 00:13:25,23.850000000000023,Zone 3,36.1,Zone 4,23.6,Zone 3,32.2,Zone 4,28.3,Zone 4,35.9,Zone 4,32.3,Zone 4,39.5,Zone 4,36.1,Zone 4,43.0,Zone 4
Jharkhand,Ranchi,Ranchi Amfu,21.1,2026-04-13,00:00:00,65.0,2026-04-12,00:00:00,2026-04-13 00:13:25,21.150000000000034,Zone 3,34.9,Zone 4,21.0,Zone 3,30.5,Zone 4,26.1,Zone 4,34.7,Zone 4,30.6,Zone 4,38.8,Zone 4,34.9,Zone 4,49.0,Zone 5
Jharkhand,Saraikela,Saraikela,25.2,2026-04-13,00:00:00,41.0,2026-04-12,00:00:00,2026-04-13 00:13:25,24.75,Zone 3,37.3,Zone 4,24.6,Zone 3,33.2,Zone 4,29.2,Zone 4,37.2,Zone 4,33.4,Zone 4,41.0,Zone 4,37.3,Zone 4,49.2,Zone 5
Jharkhand,Simdega,Bano-Simdega Kvk,20.8,2026-04-13,00:00:00,58.0,2026-04-12,00:00:00,2026-04-13 00:13:25,20.450000000000045,Zone 3,34.4,Zone 4,20.7,Zone 3,30.1,Zone 4,25.8,Zone 4,34.2,Zone 4,30.2,Zone 4,38.1,Zone 4,34.4,Zone 4,44.9,Zone 5
Jharkhand,Simdega,Simdega,23.6,2026-04-13,00:00:00,57.0,2026-04-12,00:00:00,2026-04-13 00:13:25,23.75,Zone 3,37.3,Zone 4,23.6,Zone 3,32.8,Zone 4,28.5,Zone 4,37.1,Zone 4,33.1,Zone 4,41.2,Zone 4,37.3,Zone 4,54.4,Zone 5
Jharkhand,West Singhbhum,Jagannathpur-Bau Kvk,25.9,2026-04-13,00:00:00,,,,2026-04-13 00:13:25,,,,,,,,,,,,,,,,,,,,
Karnataka,Bagalkot,Bagalkot Kvk,29.9,2026-04-13,00:00:00,55.0,2026-04-12,00:00:00,2026-04-13 00:13:25,31.850000000000023,Zone 4,58.3,Zone 5,32.0,Zone 4,42.1,Zone 4,37.5,Zone 4,56.9,Zone 5,42.7,Zone 4,61.7,Zone 5,58.3,Zone 5,64.1,Zone 5
Karnataka,Bangalore Rural,Doddaballapura,25.4,2026-04-13,00:00:00,55.0,2026-04-12,00:00:00,2026-04-13 00:13:25,25.650000000000034,Zone 4,39.8,Zone 4,25.8,Zone 4,35.1,Zone 4,30.8,Zone 4,39.5,Zone 4,35.4,Zone 4,48.5,Zone 5,39.8,Zone 4,59.5,Zone 5
Karnataka,Bangalore Urban,Electronic City(Nice),27.0,2026-04-13,00:00:00,52.0,2026-04-12,00:00:00,2026-04-13 00:13:25,27.450000000000045,Zone 4,41.6,Zone 4,27.5,Zone 4,36.8,Zone 4,32.5,Zone 4,41.2,Zone 4,37.1,Zone 4,53.1,Zone 5,41.6,Zone 4,60.4,Zone 5
Karnataka,Bangalore Urban,Gopal Nagar,26.9,2026-04-13,00:00:00,63.0,2026-04-12,00:00:00,2026-04-13 00:13:25,28.150000000000034,Zone 4,49.5,Zone 5,28.3,Zone 4,38.4,Zone 4,33.8,Zone 4,48.0,Zone 5,38.9,Zone 4,59.8,Zone 5,49.5,Zone 5,62.4,Zone 5
Karnataka,Bangalore Urban,Madhavara(Nice),27.3,2026-04-13,00:00:00,46.0,2026-04-12,00:00:00,2026-04-13 00:13:25,27.450000000000045,Zone 4,41.2,Zone 4,27.7,Zone 4,36.7,Zone 4,32.5,Zone 4,40.9,Zone 4,37.0,Zone 4,50.0,Zone 5,41.2,Zone 4,59.8,Zone 5
Karnataka,Bellary,Hagari Kvk,32.2,2026-04-13,00:00:00,36.0,2026-04-12,00:00:00,2026-04-13 00:13:25,32.55000000000001,Zone 4,46.2,Zone 5,32.3,Zone 4,41.1,Zone 4,37.0,Zone 4,45.3,Zone 4,41.4,Zone 4,59.1,Zone 5,46.2,Zone 5,61.9,Zone 5
Karnataka,Bijapur,Tidagundi Amfu,32.4,2026-04-13,00:00:00,36.0,2026-04-12,00:00:00,2026-04-13 00:13:25,32.85000000000002,Zone 4,48.7,Zone 5,33.0,Zone 4,41.8,Zone 4,37.7,Zone 4,47.3,Zone 5,42.1,Zone 4,59.6,Zone 5,48.7,Zone 5,62.3,Zone 5
Karnataka,Chikmagalur,Mudigere Kvk,22.8,2026-04-13,00:00:00,100.0,2026-04-12,00:00:00,2026-04-13 00:13:25,24.55000000000001,Zone 3,55.8,Zone 5,24.8,Zone 3,36.7,Zone 5,31.0,Zone 4,54.3,Zone 5,38.5,Zone 5,61.1,Zone 5,55.8,Zone 5,63.6,Zone 5
Karnataka,Chitradurga,Hiriyur,29.6,2026-04-13,00:00:00,40.0,2026-04-12,00:00:00,2026-04-13 00:13:25,29.75,Zone 4,42.9,Zone 4,29.6,Zone 4,38.4,Zone 4,34.3,Zone 4,42.6,Zone 4,38.7,Zone 4,53.2,Zone 5,42.9,Zone 4,60.5,Zone 5
Karnataka,Dakshina Kannada,Mangaluru,28.3,2026-04-13,00:00:00,90.0,2026-04-12,00:00:00,2026-04-13 00:13:25,34.35000000000002,Zone 4,65.3,Zone 5,34.9,Zone 4,61.7,Zone 5,54.5,Zone 5,64.9,Zone 5,62.3,Zone 5,67.2,Zone 5,65.3,Zone 5,68.9,Zone 5
Karnataka,Dharwad,Mugad,24.3,2026-04-13,00:00:00,91.0,2026-04-12,00:00:00,2026-04-13 00:13:25,26.05000000000001,Zone 4,58.5,Zone 5,26.4,Zone 4,39.5,Zone 5,32.9,Zone 4,57.1,Zone 5,41.5,Zone 5,61.7,Zone 5,58.5,Zone 5,64.2,Zone 5
Karnataka,Gadag,Gadag,27.4,2026-04-13,00:00:00,85.0,2026-04-12,00:00:00,2026-04-13 00:13:25,31.25,Zone 4,62.5,Zone 5,31.5,Zone 4,56.5,Zone 5,38.5,Zone 4,62.1,Zone 5,58.6,Zone 5,64.8,Zone 5,62.5,Zone 5,66.8,Zone 5
Karnataka,Gulbarga,Raddewadgi,30.6,2026-04-12,23:45:00,34.0,2026-04-12,23:45:00,2026-04-13 00:13:25,30.350000000000023,Zone 4,43.0,Zone 4,30.2,Zone 4,38.7,Zone 4,34.8,Zone 4,42.7,Zone 4,39.0,Zone 4,51.2,Zone 5,43.0,Zone 4,60.0,Zone 5
Karnataka,Hassan,Hassan,23.7,2026-04-13,00:00:00,100.0,2026-04-12,00:00:00,2026-04-13 00:13:25,25.650000000000034,Zone 4,58.9,Zone 5,25.3,Zone 3,39.9,Zone 5,31.9,Zone 4,57.4,Zone 5,42.0,Zone 5,61.8,Zone 5,58.9,Zone 5,64.2,Zone 5
Karnataka,Kolar,Kgf (Kolar),24.4,2026-04-12,23:30:00,77.0,2026-04-12,23:30:00,2026-04-13 00:13:25,25.450000000000045,Zone 4,47.1,Zone 5,25.6,Zone 4,36.2,Zone 4,31.4,Zone 4,45.6,Zone 5,36.7,Zone 4,59.3,Zone 5,47.1,Zone 5,62.0,Zone 5
Karnataka,Koppal,Koppal,35.6,2026-04-13,00:00:00,45.0,2026-04-12,00:00:00,2026-04-13 00:13:25,40.150000000000034,Zone 4,63.4,Zone 5,40.0,Zone 4,59.5,Zone 5,45.7,Zone 4,63.1,Zone 5,60.0,Zone 5,65.6,Zone 5,63.4,Zone 5,67.6,Zone 5
Karnataka,Mandya,Malavalli,27.5,2026-04-13,00:00:00,63.0,2026-04-12,00:00:00,2026-04-13 00:13:25,29.05000000000001,Zone 4,52.5,Zone 5,29.0,Zone 4,39.3,Zone 4,34.6,Zone 4,50.9,Zone 5,39.8,Zone 4,60.4,Zone 5,52.5,Zone 5,63.0,Zone 5
Karnataka,Mandya,Mandya Kvk,25.5,2026-04-13,00:00:00,83.0,2026-04-12,00:00:00,2026-04-13 00:13:25,27.450000000000045,Zone 4,58.4,Zone 5,27.5,Zone 4,39.4,Zone 5,33.8,Zone 4,56.9,Zone 5,41.3,Zone 5,61.7,Zone 5,58.4,Zone 5,64.1,Zone 5
Karnataka,Ramanagara,Chandurayanghalli Kvk,26.4,2026-04-13,00:00:00,35.0,2026-04-12,00:00:00,2026-04-13 00:13:25,25.850000000000023,Zone 4,38.3,Zone 4,25.9,Zone 4,34.3,Zone 4,30.4,Zone 4,38.1,Zone 4,34.4,Zone 4,41.8,Zone 4,38.3,Zone 4,50.1,Zone 5
Karnataka,Shivamogga,Agumbe,24.3,2026-04-12,23:45:00,100.0,2026-04-12,23:45:00,2026-04-13 00:13:25,26.650000000000034,Zone 4,60.7,Zone 5,27.0,Zone 4,47.6,Zone 5,34.0,Zone 4,60.2,Zone 5,50.0,Zone 5,63.2,Zone 5,60.7,Zone 5,65.5,Zone 5
Karnataka,Tumkur,Chikkanakalli,27.7,2026-04-13,00:00:00,48.0,2026-04-12,00:00:00,2026-04-13 00:13:25,28.05000000000001,Zone 4,41.6,Zone 4,27.8,Zone 4,36.9,Zone 4,32.7,Zone 4,41.3,Zone 4,37.3,Zone 4,51.9,Zone 5,41.6,Zone 4,60.2,Zone 5
Kerala,Alappuzha,Karumadi,29.3,2026-04-13,00:00:00,78.0,2026-04-12,00:00:00,2026-04-13 00:13:25,34.450000000000045,Zone 4,64.1,Zone 5,34.9,Zone 4,60.3,Zone 5,47.2,Zone 5,63.7,Zone 5,60.8,Zone 5,66.2,Zone 5,64.1,Zone 5,68.0,Zone 5
Kerala,Alappuzha,Kayamkulam,28.1,2026-04-13,00:00:00,100.0,2026-04-12,00:00:00,2026-04-13 00:13:25,38.25,Zone 5,66.7,Zone 5,37.1,Zone 5,63.4,Zone 5,59.8,Zone 5,66.3,Zone 5,63.9,Zone 5,68.4,Zone 5,66.7,Zone 5,70.0,Zone 5
Kerala,Alappuzha,Nooranad,28.7,2026-04-13,00:00:00,92.0,2026-04-12,00:00:00,2026-04-13 00:13:25,35.950000000000045,Zone 4,65.8,Zone 5,35.4,Zone 4,62.3,Zone 5,57.1,Zone 5,65.4,Zone 5,62.8,Zone 5,67.6,Zone 5,65.8,Zone 5,69.3,Zone 5
Kerala,Alappuzha,Thycattussery,28.6,2026-04-13,00:00:00,83.0,2026-04-12,00:00:00,2026-04-13 00:13:25,33.75,Zone 4,63.7,Zone 5,33.5,Zone 4,59.7,Zone 5,44.7,Zone 5,63.3,Zone 5,60.3,Zone 5,65.8,Zone 5,63.7,Zone 5,67.7,Zone 5
Kerala,Ernakulam,Aluva,29.4,2026-04-13,00:00:00,83.0,2026-04-12,00:00:00,2026-04-13 00:13:25,35.85000000000002,Zone 4,65.3,Zone 5,36.1,Zone 4,61.7,Zone 5,54.6,Zone 5,64.9,Zone 5,62.3,Zone 5,67.2,Zone 5,65.3,Zone 5,68.9,Zone 5
Kerala,Ernakulam,Boat Jetty Kgov,28.4,2026-04-13,00:00:00,100.0,2026-04-12,00:00:00,2026-04-13 00:13:25,41.75,Zone 5,67.6,Zone 5,43.1,Zone 5,64.5,Zone 5,61.2,Zone 5,67.2,Zone 5,65.0,Zone 5,69.2,Zone 5,67.6,Zone 5,70.6,Zone 5
Kerala,Ernakulam,Choondi,28.6,2026-04-13,00:00:00,96.0,2026-04-12,00:00:00,2026-04-13 00:13:25,38.150000000000034,Zone 5,66.7,Zone 5,37.0,Zone 5,63.4,Zone 5,59.8,Zone 5,66.3,Zone 5,63.9,Zone 5,68.4,Zone 5,66.7,Zone 5,69.9,Zone 5
Kerala,Ernakulam,Dhground Kgov,28.6,2026-04-13,00:00:00,100.0,2026-04-12,00:00:00,2026-04-13 00:13:25,44.450000000000045,Zone 5,67.6,Zone 5,43.1,Zone 5,64.5,Zone 5,61.2,Zone 5,67.2,Zone 5,65.0,Zone 5,69.2,Zone 5,67.6,Zone 5,70.6,Zone 5
Kerala,Ernakulam,Kadavanthra Kgov,31.5,2026-04-13,00:00:00,91.0,2026-04-12,00:00:00,2026-04-13 00:13:25,61.150000000000034,Zone 5,70.7,Zone 5,61.2,Zone 5,68.3,Zone 5,65.9,Zone 5,70.4,Zone 5,68.8,Zone 5,72.3,Zone 6,70.7,Zone 5,75.2,Zone 6
Kerala,Ernakulam,Kalamassery,28.1,2026-04-13,00:00:00,63.0,2026-04-12,00:00:00,2026-04-13 00:13:25,29.950000000000045,Zone 4,55.4,Zone 5,29.8,Zone 4,40.2,Zone 4,35.4,Zone 4,53.9,Zone 5,40.7,Zone 4,61.0,Zone 5,55.4,Zone 5,63.5,Zone 5
Kerala,Ernakulam,Koothattukulam,27.8,2026-04-13,00:00:00,100.0,2026-04-12,00:00:00,2026-04-13 00:13:25,35.05000000000001,Zone 5,66.7,Zone 5,37.1,Zone 5,63.4,Zone 5,59.8,Zone 5,66.3,Zone 5,63.9,Zone 5,68.4,Zone 5,66.7,Zone 5,70.0,Zone 5
Kerala,Ernakulam,Odakkali,27.7,2026-04-13,00:00:00,100.0,2026-04-12,00:00:00,2026-04-13 00:13:25,34.75,Zone 4,65.8,Zone 5,34.1,Zone 4,62.3,Zone 5,57.3,Zone 5,65.4,Zone 5,62.9,Zone 5,67.7,Zone 5,65.8,Zone 5,69.3,Zone 5
Kerala,Ernakulam,Palluruthy,29.1,2026-04-13,00:00:00,100.0,2026-04-12,00:00:00,2026-04-13 00:13:25,51.450000000000045,Zone 5,68.5,Zone 5,50.0,Zone 5,65.5,Zone 5,62.5,Zone 5,68.1,Zone 5,66.1,Zone 5,69.9,Zone 5,68.5,Zone 5,71.3,Zone 5
Kerala,Idukki,Ayyappankovil,23.9,2026-04-13,00:00:00,100.0,2026-04-12,00:00:00,2026-04-13 00:13:25,25.950000000000045,Zone 4,59.8,Zone 5,26.1,Zone 4,43.6,Zone 5,32.9,Zone 4,59.4,Zone 5,45.9,Zone 5,62.5,Zone 5,59.8,Zone 5,64.8,Zone 5
Kerala,Idukki,Cheruthoni,24.0,2026-04-13,00:00:00,100.0,2026-04-12,00:00:00,2026-04-13 00:13:25,26.150000000000034,Zone 4,59.8,Zone 5,26.1,Zone 4,43.6,Zone 5,32.9,Zone 4,59.4,Zone 5,45.9,Zone 5,62.5,Zone 5,59.8,Zone 5,64.8,Zone 5
Kerala,Idukki,Kovilkadavu,22.0,2026-04-13,00:00:00,66.0,2026-04-12,00:00:00,2026-04-13 00:13:25,22.25,Zone 3,36.3,Zone 4,22.3,Zone 3,31.7,Zone 4,27.3,Zone 4,36.1,Zone 4,31.9,Zone 4,40.3,Zone 5,36.3,Zone 4,53.8,Zone 5
Kerala,Idukki,Kundala Dam,14.4,2026-04-12,23:45:00,100.0,2026-04-12,23:45:00,2026-04-13 00:13:25,14.550000000000011,Zone 3,29.2,Zone 4,14.6,Zone 3,25.0,Zone 3,21.5,Zone 3,29.1,Zone 4,25.1,Zone 3,33.2,Zone 4,29.2,Zone 4,38.1,Zone 5
Kerala,Idukki,Meencut,21.0,2026-04-13,00:00:00,100.0,2026-04-12,00:00:00,2026-04-13 00:13:25,22.650000000000034,Zone 3,42.5,Zone 5,22.6,Zone 3,32.8,Zone 4,27.7,Zone 4,41.2,Zone 5,33.3,Zone 4,56.3,Zone 5,42.5,Zone 5,61.2,Zone 5
Kerala,Idukki,Sengulam Dam,23.0,2026-04-13,00:00:00,,,,2026-04-13 00:13:25,,,,,,,,,,,,,,,,,,,,
Kerala,Idukki,Udumbannoor,27.3,2026-04-12,23:45:00,100.0,2026-04-12,23:45:00,2026-04-13 00:13:25,33.55000000000001,Zone 4,65.8,Zone 5,34.1,Zone 4,62.3,Zone 5,57.3,Zone 5,65.4,Zone 5,62.9,Zone 5,67.7,Zone 5,65.8,Zone 5,69.3,Zone 5
Kerala,Idukki,Vattavada,16.3,2026-04-12,23:15:00,,,,2026-04-13 00:13:25,,,,,,,,,,,,,,,,,,,,
Kerala,Idukki,Vellathooval,25.4,2026-04-13,00:00:00,100.0,2026-04-12,00:00:00,2026-04-13 00:13:25,28.75,Zone 4,62.4,Zone 5,29.0,Zone 4,55.9,Zone 5,37.6,Zone 5,62.0,Zone 5,58.0,Zone 5,64.7,Zone 5,62.4,Zone 5,66.7,Zone 5
Kerala,Kannur,Aralam,26.4,2026-04-13,00:00:00,96.0,2026-04-12,00:00:00,2026-04-13 00:13:25,30.55000000000001,Zone 4,63.2,Zone 5,30.8,Zone 4,59.2,Zone 5,42.1,Zone 5,62.8,Zone 5,59.8,Zone 5,65.4,Zone 5,63.2,Zone 5,67.4,Zone 5
Kerala,Kannur,Ayyankunnu,26.1,2026-04-13,00:00:00,91.0,2026-04-12,00:00:00,2026-04-13 00:13:25,29.350000000000023,Zone 4,61.3,Zone 5,29.1,Zone 4,51.0,Zone 5,36.0,Zone 4,60.9,Zone 5,53.4,Zone 5,63.8,Zone 5,61.3,Zone 5,66.0,Zone 5
Kerala,Kannur,Cheruvanchery,26.6,2026-04-12,23:30:00,100.0,2026-04-12,23:30:00,2026-04-13 00:13:25,31.55000000000001,Zone 4,64.1,Zone 5,31.3,Zone 4,60.2,Zone 5,47.0,Zone 5,63.7,Zone 5,60.8,Zone 5,66.2,Zone 5,64.1,Zone 5,68.0,Zone 5
Kerala,Kannur,Panniyoor,26.8,2026-04-13,00:00:00,100.0,2026-04-12,00:00:00,2026-04-13 00:13:25,32.150000000000034,Zone 4,65.0,Zone 5,32.7,Zone 4,61.3,Zone 5,52.3,Zone 5,64.6,Zone 5,61.8,Zone 5,66.9,Zone 5,65.0,Zone 5,68.7,Zone 5
Kerala,Kannur,Peringome,26.8,2026-04-12,23:45:00,97.0,2026-04-12,23:45:00,2026-04-13 00:13:25,31.650000000000034,Zone 4,64.3,Zone 5,32.1,Zone 4,60.5,Zone 5,48.4,Zone 5,63.9,Zone 5,61.1,Zone 5,66.4,Zone 5,64.3,Zone 5,68.2,Zone 5
Kerala,Kannur,Pinarayi,28.0,2026-04-12,23:45:00,100.0,2026-04-12,23:45:00,2026-04-13 00:13:25,37.150000000000034,Zone 5,66.7,Zone 5,37.1,Zone 5,63.4,Zone 5,59.8,Zone 5,66.3,Zone 5,63.9,Zone 5,68.4,Zone 5,66.7,Zone 5,70.0,Zone 5
Kerala,Kasaragod,Bayar,27.3,2026-04-12,23:45:00,91.0,2026-04-12,23:45:00,2026-04-13 00:13:25,31.950000000000045,Zone 4,63.9,Zone 5,32.4,Zone 4,59.9,Zone 5,45.7,Zone 5,63.5,Zone 5,60.5,Zone 5,66.0,Zone 5,63.9,Zone 5,67.8,Zone 5
Kerala,Kasaragod,Kudlu Afmu,,,,95.0,2026-04-12,23:30:00,2026-04-13 00:13:25,,,,,,,,,,,,,,,,,,,,
Kerala,Kasaragod,Madikkai,27.5,2026-04-12,23:30:00,93.0,2026-04-12,23:30:00,2026-04-13 00:13:25,32.75,Zone 4,64.3,Zone 5,32.8,Zone 4,60.5,Zone 5,48.3,Zone 5,63.9,Zone 5,61.0,Zone 5,66.3,Zone 5,64.3,Zone 5,68.2,Zone 5
Kerala,Kasaragod,Muliyar,27.6,2026-04-12,23:45:00,94.0,2026-04-12,23:45:00,2026-04-13 00:13:25,33.25,Zone 4,64.5,Zone 5,32.9,Zone 4,60.7,Zone 5,49.7,Zone 5,64.1,Zone 5,61.3,Zone 5,66.5,Zone 5,64.5,Zone 5,68.3,Zone 5
Kerala,Kasaragod,Padannakkad,27.5,2026-04-13,00:00:00,93.0,2026-04-12,00:00:00,2026-04-13 00:13:25,32.75,Zone 4,64.3,Zone 5,32.8,Zone 4,60.5,Zone 5,48.3,Zone 5,63.9,Zone 5,61.0,Zone 5,66.3,Zone 5,64.3,Zone 5,68.2,Zone 5
Kerala,Kasaragod,Panathur,31.5,2026-04-13,00:00:00,100.0,2026-04-12,00:00:00,2026-04-13 00:13:25,65.55000000000001,Zone 5,74.4,Zone 6,65.6,Zone 5,71.1,Zone 5,69.3,Zone 5,73.8,Zone 6,71.5,Zone 5,76.7,Zone 6,74.4,Zone 6,79.6,Zone 6
Kerala,Kollam,Chavara,29.7,2026-04-13,00:00:00,100.0,2026-04-12,00:00:00,2026-04-13 00:13:25,59.150000000000034,Zone 5,69.3,Zone 5,56.9,Zone 5,66.6,Zone 5,63.8,Zone 5,69.0,Zone 5,67.1,Zone 5,70.7,Zone 5,69.3,Zone 5,72.6,Zone 6
Kerala,Kollam,Karuvelil Tkmit,28.0,2026-04-13,00:00:00,82.0,2026-04-12,00:00:00,2026-04-13 00:13:25,32.150000000000034,Zone 4,62.6,Zone 5,32.1,Zone 4,57.1,Zone 5,39.1,Zone 4,62.2,Zone 5,59.1,Zone 5,64.9,Zone 5,62.6,Zone 5,66.9,Zone 5
Kerala,Kollam,Parippally,27.4,2026-04-13,00:00:00,100.0,2026-04-12,00:00:00,2026-04-13 00:13:25,33.85000000000002,Zone 4,65.8,Zone 5,34.1,Zone 4,62.3,Zone 5,57.3,Zone 5,65.4,Zone 5,62.9,Zone 5,67.7,Zone 5,65.8,Zone 5,69.3,Zone 5
Kerala,Kollam,Punalur,26.4,2026-04-13,00:00:00,100.0,2026-04-12,00:00:00,2026-04-13 00:13:25,31.05000000000001,Zone 4,64.1,Zone 5,31.3,Zone 4,60.2,Zone 5,47.0,Zone 5,63.7,Zone 5,60.8,Zone 5,66.2,Zone 5,64.1,Zone 5,68.0,Zone 5
Kerala,Kottayam,Vadavathoor,27.8,2026-04-12,23:45:00,100.0,2026-04-12,23:45:00,2026-04-13 00:13:25,35.05000000000001,Zone 5,66.7,Zone 5,37.1,Zone 5,63.4,Zone 5,59.8,Zone 5,66.3,Zone 5,63.9,Zone 5,68.4,Zone 5,66.7,Zone 5,70.0,Zone 5
Kerala,Kottayam,Vaikkom,28.1,2026-04-13,00:00:00,100.0,2026-04-12,00:00:00,2026-04-13 00:13:25,38.25,Zone 5,66.7,Zone 5,37.1,Zone 5,63.4,Zone 5,59.8,Zone 5,66.3,Zone 5,63.9,Zone 5,68.4,Zone 5,66.7,Zone 5,70.0,Zone 5
Kerala,Kozhikode,Kozhikode,30.9,2026-04-13,00:00:00,,,,2026-04-13 00:13:25,,,,,,,,,,,,,,,,,,,,
Kerala,Kozhikode,Kunnamangalam,27.7,2026-04-13,00:00:00,100.0,2026-04-12,00:00:00,2026-04-13 00:13:25,34.75,Zone 4,65.8,Zone 5,34.1,Zone 4,62.3,Zone 5,57.3,Zone 5,65.4,Zone 5,62.9,Zone 5,67.7,Zone 5,65.8,Zone 5,69.3,Zone 5
Kerala,Kozhikode,Urumi,26.1,2026-04-13,00:00:00,100.0,2026-04-12,00:00:00,2026-04-13 00:13:25,30.350000000000023,Zone 4,63.2,Zone 5,30.1,Zone 4,59.2,Zone 5,42.0,Zone 5,62.8,Zone 5,59.8,Zone 5,65.4,Zone 5,63.2,Zone 5,67.4,Zone 5
Kerala,Kozhikode,Vadakara,27.9,2026-04-12,23:15:00,,,,2026-04-13 00:13:25,,,,,,,,,,,,,,,,,,,,
Kerala,Kozhikode,Vilangad,25.8,2026-04-13,00:00:00,100.0,2026-04-12,00:00:00,2026-04-13 00:13:25,29.650000000000034,Zone 4,63.2,Zone 5,30.1,Zone 4,59.2,Zone 5,42.0,Zone 5,62.8,Zone 5,59.8,Zone 5,65.4,Zone 5,63.2,Zone 5,67.4,Zone 5
Kerala,Malappuram,Nilambur,27.5,2026-04-13,00:00:00,100.0,2026-04-12,00:00:00,2026-04-13 00:13:25,34.150000000000034,Zone 4,65.8,Zone 5,34.1,Zone 4,62.3,Zone 5,57.3,Zone 5,65.4,Zone 5,62.9,Zone 5,67.7,Zone 5,65.8,Zone 5,69.3,Zone 5
Kerala,Malappuram,Palemad,28.6,2026-04-12,23:45:00,89.0,2026-04-12,23:45:00,2026-04-13 00:13:25,34.950000000000045,Zone 4,65.1,Zone 5,34.7,Zone 4,61.4,Zone 5,53.1,Zone 5,64.7,Zone 5,62.0,Zone 5,67.0,Zone 5,65.1,Zone 5,68.8,Zone 5
Kerala,Malappuram,Thavanur Kvk,28.7,2026-04-13,00:00:00,90.0,2026-04-12,00:00:00,2026-04-13 00:13:25,35.450000000000045,Zone 4,65.3,Zone 5,34.9,Zone 4,61.7,Zone 5,54.5,Zone 5,64.9,Zone 5,62.3,Zone 5,67.2,Zone 5,65.3,Zone 5,68.9,Zone 5
Kerala,Malappuram,Thennala,28.1,2026-04-12,23:45:00,94.0,2026-04-12,23:45:00,2026-04-13 00:13:25,34.650000000000034,Zone 4,65.4,Zone 5,34.3,Zone 4,61.8,Zone 5,54.8,Zone 5,65.0,Zone 5,62.3,Zone 5,67.3,Zone 5,65.4,Zone 5,69.0,Zone 5
Kerala,Malappuram,Vakkad,29.4,2026-04-13,00:00:00,,,,2026-04-13 00:13:25,,,,,,,,,,,,,,,,,,,,
Kerala,Palakkad,Adakkaputhur,27.8,2026-04-13,00:00:00,93.0,2026-04-12,00:00:00,2026-04-13 00:13:25,33.55000000000001,Zone 4,65.1,Zone 5,34.1,Zone 4,61.5,Zone 5,53.5,Zone 5,64.8,Zone 5,62.1,Zone 5,67.1,Zone 5,65.1,Zone 5,68.8,Zone 5
Kerala,Palakkad,Kollengode,28.7,2026-04-12,23:45:00,90.0,2026-04-12,23:45:00,2026-04-13 00:13:25,35.450000000000045,Zone 4,65.3,Zone 5,34.9,Zone 4,61.7,Zone 5,54.5,Zone 5,64.9,Zone 5,62.3,Zone 5,67.2,Zone 5,65.3,Zone 5,68.9,Zone 5
Kerala,Palakkad,Malampuzha Dam,28.3,2026-04-12,23:45:00,85.0,2026-04-12,23:45:00,2026-04-13 00:13:25,33.35000000000002,Zone 4,64.2,Zone 5,33.9,Zone 4,60.3,Zone 5,47.5,Zone 5,63.8,Zone 5,60.9,Zone 5,66.2,Zone 5,64.2,Zone 5,68.1,Zone 5
Kerala,Palakkad,Mangalam Dam,29.1,2026-04-13,00:00:00,85.0,2026-04-12,00:00:00,2026-04-13 00:13:25,35.450000000000045,Zone 4,65.0,Zone 5,35.2,Zone 4,61.3,Zone 5,52.5,Zone 5,64.6,Zone 5,61.9,Zone 5,66.9,Zone 5,65.0,Zone 5,68.7,Zone 5
Kerala,Palakkad,Mankara,29.9,2026-04-13,00:00:00,83.0,2026-04-12,00:00:00,2026-04-13 00:13:25,37.35000000000002,Zone 4,66.2,Zone 5,37.6,Zone 4,62.7,Zone 5,59.1,Zone 5,65.8,Zone 5,63.3,Zone 5,68.0,Zone 5,66.2,Zone 5,69.6,Zone 5
Kerala,Palakkad,Mannarkkad,27.7,2026-04-12,23:45:00,100.0,2026-04-12,23:45:00,2026-04-13 00:13:25,34.75,Zone 4,65.8,Zone 5,34.1,Zone 4,62.3,Zone 5,57.3,Zone 5,65.4,Zone 5,62.9,Zone 5,67.7,Zone 5,65.8,Zone 5,69.3,Zone 5
Kerala,Palakkad,Ottapalam,27.9,2026-04-12,23:45:00,96.0,2026-04-12,23:45:00,2026-04-13 00:13:25,34.450000000000045,Zone 4,65.8,Zone 5,34.8,Zone 4,62.3,Zone 5,57.3,Zone 5,65.4,Zone 5,62.9,Zone 5,67.6,Zone 5,65.8,Zone 5,69.3,Zone 5
Kerala,Palakkad,Parambikulam,25.3,2026-04-13,00:00:00,100.0,2026-04-12,00:00:00,2026-04-13 00:13:25,28.55000000000001,Zone 4,62.4,Zone 5,29.0,Zone 4,55.9,Zone 5,37.6,Zone 5,62.0,Zone 5,58.0,Zone 5,64.7,Zone 5,62.4,Zone 5,66.7,Zone 5
Kerala,Palakkad,Vannamada,27.9,2026-04-12,23:45:00,100.0,2026-04-12,23:45:00,2026-04-13 00:13:25,36.05000000000001,Zone 5,66.7,Zone 5,37.1,Zone 5,63.4,Zone 5,59.8,Zone 5,66.3,Zone 5,63.9,Zone 5,68.4,Zone 5,66.7,Zone 5,70.0,Zone 5
Kerala,Pathanamthitta,Konni,27.3,2026-04-12,23:45:00,93.0,2026-04-12,23:45:00,2026-04-13 00:13:25,32.25,Zone 4,64.3,Zone 5,32.8,Zone 4,60.5,Zone 5,48.3,Zone 5,63.9,Zone 5,61.0,Zone 5,66.3,Zone 5,64.3,Zone 5,68.2,Zone 5
Kerala,Pathanamthitta,Kunnamthanam,28.4,2026-04-12,23:30:00,100.0,2026-04-12,23:30:00,2026-04-13 00:13:25,41.75,Zone 5,67.6,Zone 5,43.1,Zone 5,64.5,Zone 5,61.2,Zone 5,67.2,Zone 5,65.0,Zone 5,69.2,Zone 5,67.6,Zone 5,70.6,Zone 5
Kerala,Pathanamthitta,Laha,26.0,2026-04-13,00:00:00,100.0,2026-04-12,00:00:00,2026-04-13 00:13:25,30.150000000000034,Zone 4,63.2,Zone 5,30.1,Zone 4,59.2,Zone 5,42.0,Zone 5,62.8,Zone 5,59.8,Zone 5,65.4,Zone 5,63.2,Zone 5,67.4,Zone 5
Kerala,Pathanamthitta,Pathanamthitta,27.0,2026-04-13,00:00:00,100.0,2026-04-12,00:00:00,2026-04-13 00:13:25,32.650000000000034,Zone 4,65.0,Zone 5,32.7,Zone 4,61.3,Zone 5,52.3,Zone 5,64.6,Zone 5,61.8,Zone 5,66.9,Zone 5,65.0,Zone 5,68.7,Zone 5
Kerala,Pathanamthitta,Ranni Chethackal,25.2,2026-04-13,00:00:00,100.0,2026-04-12,00:00:00,2026-04-13 00:13:25,28.350000000000023,Zone 4,61.5,Zone 5,28.0,Zone 4,51.8,Zone 5,35.2,Zone 4,61.1,Zone 5,54.1,Zone 5,64.0,Zone 5,61.5,Zone 5,66.1,Zone 5
Kerala,Pathanamthitta,Thiruvalla Kallunkal,32.0,2026-04-13,00:00:00,96.0,2026-04-12,00:00:00,2026-04-13 00:13:25,65.45000000000005,Zone 5,74.2,Zone 6,65.4,Zone 5,71.0,Zone 5,69.1,Zone 5,73.6,Zone 6,71.4,Zone 5,76.5,Zone 6,74.2,Zone 6,79.4,Zone 6
Kerala,Pathanamthitta,Ulanadu,28.2,2026-04-13,00:00:00,88.0,2026-04-12,00:00:00,2026-04-13 00:13:25,33.650000000000034,Zone 4,64.0,Zone 5,33.1,Zone 4,60.1,Zone 5,46.6,Zone 5,63.6,Zone 5,60.7,Zone 5,66.1,Zone 5,64.0,Zone 5,68.0,Zone 5
Kerala,Thiruvananthapuram,Palode,26.4,2026-04-13,00:00:00,97.0,2026-04-12,00:00:00,2026-04-13 00:13:25,30.650000000000034,Zone 4,63.5,Zone 5,30.9,Zone 4,59.5,Zone 5,43.3,Zone 5,63.0,Zone 5,60.0,Zone 5,65.6,Zone 5,63.5,Zone 5,67.5,Zone 5
Kerala,Thiruvananthapuram,Pirappancode,27.3,2026-04-13,00:00:00,96.0,2026-04-12,00:00:00,2026-04-13 00:13:25,32.75,Zone 4,65.0,Zone 5,33.3,Zone 4,61.3,Zone 5,52.3,Zone 5,64.6,Zone 5,61.8,Zone 5,66.9,Zone 5,65.0,Zone 5,68.7,Zone 5
Kerala,Thiruvananthapuram,Thattathumala,27.2,2026-04-13,00:00:00,100.0,2026-04-12,00:00:00,2026-04-13 00:13:25,33.25,Zone 4,65.0,Zone 5,32.7,Zone 4,61.3,Zone 5,52.3,Zone 5,64.6,Zone 5,61.8,Zone 5,66.9,Zone 5,65.0,Zone 5,68.7,Zone 5
Kerala,Thiruvananthapuram,Thiruvananthapuram,27.9,2026-04-13,00:00:00,78.0,2026-04-12,00:00:00,2026-04-13 00:13:25,31.350000000000023,Zone 4,61.7,Zone 5,31.6,Zone 4,52.7,Zone 5,38.2,Zone 4,61.3,Zone 5,55.0,Zone 5,64.1,Zone 5,61.7,Zone 5,66.2,Zone 5
Kerala,Thiruvananthapuram,Varkala,28.1,2026-04-13,00:00:00,100.0,2026-04-12,00:00:00,2026-04-13 00:13:25,38.25,Zone 5,66.7,Zone 5,37.1,Zone 5,63.4,Zone 5,59.8,Zone 5,66.3,Zone 5,63.9,Zone 5,68.4,Zone 5,66.7,Zone 5,70.0,Zone 5
Kerala,Thrissur,Athirappilly,27.2,2026-04-13,00:00:00,100.0,2026-04-12,00:00:00,2026-04-13 00:13:25,33.25,Zone 4,65.0,Zone 5,32.7,Zone 4,61.3,Zone 5,52.3,Zone 5,64.6,Zone 5,61.8,Zone 5,66.9,Zone 5,65.0,Zone 5,68.7,Zone 5
Kerala,Thrissur,Kunnamkulam,28.3,2026-04-12,23:45:00,97.0,2026-04-12,23:45:00,2026-04-13 00:13:25,36.25,Zone 5,66.9,Zone 5,38.4,Zone 5,63.6,Zone 5,60.2,Zone 5,66.5,Zone 5,64.2,Zone 5,68.6,Zone 5,66.9,Zone 5,70.1,Zone 5
Kerala,Thrissur,Lower Sholayar,24.2,2026-04-13,00:00:00,100.0,2026-04-12,00:00:00,2026-04-13 00:13:25,26.450000000000045,Zone 4,59.8,Zone 5,26.1,Zone 4,43.6,Zone 5,32.9,Zone 4,59.4,Zone 5,45.9,Zone 5,62.5,Zone 5,59.8,Zone 5,64.8,Zone 5
Kerala,Thrissur,Munakkal,29.6,2026-04-12,23:45:00,,,,2026-04-13 00:13:25,,,,,,,,,,,,,,,,,,,,
Kerala,Thrissur,Peechi,27.8,2026-04-12,23:45:00,100.0,2026-04-12,23:45:00,2026-04-13 00:13:25,35.05000000000001,Zone 5,66.7,Zone 5,37.1,Zone 5,63.4,Zone 5,59.8,Zone 5,66.3,Zone 5,63.9,Zone 5,68.4,Zone 5,66.7,Zone 5,70.0,Zone 5
Kerala,Thrissur,Vilangankunnu,,,,91.0,2026-04-12,00:00:00,2026-04-13 00:13:25,,,,,,,,,,,,,,,,,,,,
Kerala,Wayanad,Kabanigiri,23.6,2026-04-12,23:45:00,100.0,2026-04-12,23:45:00,2026-04-13 00:13:25,25.450000000000045,Zone 4,58.9,Zone 5,25.3,Zone 3,39.9,Zone 5,31.9,Zone 4,57.4,Zone 5,42.0,Zone 5,61.8,Zone 5,58.9,Zone 5,64.2,Zone 5
Kerala,Wayanad,Kalpeta,23.1,2026-04-12,23:45:00,100.0,2026-04-12,23:45:00,2026-04-13 00:13:25,24.850000000000023,Zone 3,55.8,Zone 5,24.8,Zone 3,36.7,Zone 5,31.0,Zone 4,54.3,Zone 5,38.5,Zone 5,61.1,Zone 5,55.8,Zone 5,63.6,Zone 5
Kerala,Wayanad,Karapuzha,24.2,2026-04-13,00:00:00,98.0,2026-04-12,00:00:00,2026-04-13 00:13:25,26.350000000000023,Zone 4,59.4,Zone 5,26.0,Zone 4,41.9,Zone 5,32.7,Zone 4,59.0,Zone 5,44.1,Zone 5,62.2,Zone 5,59.4,Zone 5,64.6,Zone 5
Kerala,Wayanad,Padamala,22.6,2026-04-13,00:00:00,100.0,2026-04-12,00:00:00,2026-04-13 00:13:25,24.350000000000023,Zone 3,52.5,Zone 5,24.3,Zone 3,35.4,Zone 4,30.1,Zone 4,50.9,Zone 5,36.0,Zone 4,60.4,Zone 5,52.5,Zone 5,63.0,Zone 5
Ladakh,Kargil,Garkon,10.3,2026-04-13,00:00:00,30.0,2026-04-12,00:00:00,2026-04-13 00:13:25,8.050000000000011,Zone 2,24.6,Zone 3,8.2,Zone 2,21.7,Zone 3,16.2,Zone 3,24.7,Zone 3,21.5,Zone 3,27.7,Zone 4,24.6,Zone 3,30.8,Zone 4
Ladakh,Kargil,Kargil,6.3,2026-04-13,00:00:00,36.0,2026-04-12,00:00:00,2026-04-13 00:13:25,4.550000000000011,Zone 2,22.7,Zone 3,4.8,Zone 2,19.4,Zone 3,13.2,Zone 2,22.9,Zone 3,19.1,Zone 3,25.1,Zone 3,22.7,Zone 3,28.1,Zone 4
Ladakh,Leh,Mc Leh,1.0,2026-04-13,00:00:00,27.0,2026-04-12,00:00:00,2026-04-13 00:13:25,-0.44999999999998863,Zone 2,19.8,Zone 3,-0.4,Zone 2,15.9,Zone 3,9.5,Zone 2,20.2,Zone 3,15.4,Zone 3,23.0,Zone 3,19.8,Zone 3,24.9,Zone 3
Madhya Pradesh,Agar,Agar Malwa,26.6,2026-04-13,00:00:00,24.0,2026-04-12,00:00:00,2026-04-13 00:13:25,25.55000000000001,Zone 4,37.0,Zone 4,25.4,Zone 4,33.3,Zone 4,29.6,Zone 4,36.9,Zone 4,33.4,Zone 4,40.3,Zone 4,37.0,Zone 4,43.6,Zone 4
Madhya Pradesh,Anuppur,Amarkantak Crch,23.3,2026-04-13,00:00:00,16.0,2026-04-12,00:00:00,2026-04-13 00:13:25,20.950000000000045,Zone 3,33.6,Zone 4,21.2,Zone 3,30.2,Zone 4,26.6,Zone 4,33.6,Zone 4,30.2,Zone 4,36.9,Zone 4,33.6,Zone 4,40.0,Zone 4
Madhya Pradesh,Barwani,Talun Kvk,30.4,2026-04-13,00:00:00,22.0,2026-04-12,00:00:00,2026-04-13 00:13:25,29.05000000000001,Zone 4,40.7,Zone 4,29.1,Zone 4,36.9,Zone 4,33.2,Zone 4,40.5,Zone 4,37.0,Zone 4,44.0,Zone 4,40.7,Zone 4,52.0,Zone 5
Madhya Pradesh,Betul,Betul,,,,51.0,2026-04-12,00:00:00,2026-04-13 00:13:25,,,,,,,,,,,,,,,,,,,,
Madhya Pradesh,Bhopal,Berasia,27.9,2026-04-13,00:00:00,22.0,2026-04-12,00:00:00,2026-04-13 00:13:25,26.650000000000034,Zone 4,38.2,Zone 4,26.7,Zone 4,34.5,Zone 4,30.8,Zone 4,38.1,Zone 4,34.6,Zone 4,41.5,Zone 4,38.2,Zone 4,44.8,Zone 4
Madhya Pradesh,Bhopal,Islamnagar,24.7,2026-04-12,23:45:00,39.0,2026-04-12,23:45:00,2026-04-13 00:13:25,24.05000000000001,Zone 3,36.6,Zone 4,23.9,Zone 3,32.5,Zone 4,28.6,Zone 4,36.4,Zone 4,32.7,Zone 4,40.1,Zone 4,36.6,Zone 4,45.9,Zone 5
Madhya Pradesh,Bhopal ,Bhopal,28.0,2026-04-13,00:00:00,28.0,2026-04-12,00:00:00,2026-04-13 00:13:25,27.05000000000001,Zone 4,39.0,Zone 4,27.1,Zone 4,35.1,Zone 4,31.3,Zone 4,38.8,Zone 4,35.3,Zone 4,42.4,Zone 4,39.0,Zone 4,49.4,Zone 5
Madhya Pradesh,Datia,Datia,21.6,2026-04-13,00:00:00,47.0,2026-04-12,00:00:00,2026-04-13 00:13:25,20.75,Zone 3,34.1,Zone 4,20.7,Zone 3,30.0,Zone 4,26.0,Zone 4,34.0,Zone 4,30.1,Zone 4,37.7,Zone 4,34.1,Zone 4,41.3,Zone 4
Madhya Pradesh,Dewas,Kannod,30.2,2026-04-13,00:00:00,18.0,2026-04-12,00:00:00,2026-04-13 00:13:25,28.55000000000001,Zone 4,39.5,Zone 4,28.4,Zone 4,35.9,Zone 4,32.3,Zone 4,39.4,Zone 4,36.0,Zone 4,42.7,Zone 4,39.5,Zone 4,46.4,Zone 5
Madhya Pradesh,Dhar,Dhar,27.2,2026-04-13,00:00:00,29.0,2026-04-12,00:00:00,2026-04-13 00:13:25,26.350000000000023,Zone 4,38.1,Zone 4,26.1,Zone 4,34.2,Zone 4,30.4,Zone 4,37.9,Zone 4,34.3,Zone 4,41.5,Zone 4,38.1,Zone 4,46.9,Zone 5
Madhya Pradesh,Hoshangabad,Hoshangabad,30.1,2026-04-13,00:00:00,24.0,2026-04-12,00:00:00,2026-04-13 00:13:25,28.950000000000045,Zone 4,40.5,Zone 4,28.8,Zone 4,36.6,Zone 4,33.0,Zone 4,40.3,Zone 4,36.8,Zone 4,43.8,Zone 4,40.5,Zone 4,52.3,Zone 5
Madhya Pradesh,Hoshangabad,Hoshangabad Amfu,26.9,2026-04-13,00:00:00,41.0,2026-04-12,00:00:00,2026-04-13 00:13:25,26.650000000000034,Zone 4,39.7,Zone 4,26.8,Zone 4,35.5,Zone 4,31.4,Zone 4,39.5,Zone 4,35.7,Zone 4,43.4,Zone 4,39.7,Zone 4,56.6,Zone 5
Madhya Pradesh,Hoshangabad,Pachmarhi Aec,18.8,2026-04-13,00:00:00,72.0,2026-04-12,00:00:00,2026-04-13 00:13:25,18.75,Zone 3,33.0,Zone 4,19.0,Zone 3,28.6,Zone 4,24.5,Zone 3,32.9,Zone 4,28.8,Zone 4,36.9,Zone 4,33.0,Zone 4,44.4,Zone 5
Madhya Pradesh,Mandsaur,Mandsour,21.7,2026-04-13,00:00:00,38.0,2026-04-12,00:00:00,2026-04-13 00:13:25,20.350000000000023,Zone 3,33.4,Zone 4,20.2,Zone 3,29.6,Zone 4,25.6,Zone 4,33.4,Zone 4,29.7,Zone 4,36.9,Zone 4,33.4,Zone 4,40.4,Zone 4
Madhya Pradesh,Morena,Morena Amfu,22.6,2026-04-13,00:00:00,49.0,2026-04-12,00:00:00,2026-04-13 00:13:25,22.150000000000034,Zone 3,35.3,Zone 4,22.0,Zone 3,31.2,Zone 4,27.0,Zone 4,35.2,Zone 4,31.3,Zone 4,39.0,Zone 4,35.3,Zone 4,45.3,Zone 5
Madhya Pradesh,Neemuch,Marukheda Kvk,23.4,2026-04-13,00:00:00,35.0,2026-04-12,00:00:00,2026-04-13 00:13:25,22.25,Zone 3,35.1,Zone 4,22.4,Zone 3,31.3,Zone 4,27.4,Zone 4,35.0,Zone 4,31.4,Zone 4,38.6,Zone 4,35.1,Zone 4,42.1,Zone 4
Madhya Pradesh,Niwari,Prithvipur,26.4,2026-04-13,00:00:00,23.0,2026-04-12,00:00:00,2026-04-13 00:13:25,25.25,Zone 4,36.9,Zone 4,25.4,Zone 4,33.2,Zone 4,29.5,Zone 4,36.8,Zone 4,33.3,Zone 4,40.2,Zone 4,36.9,Zone 4,43.5,Zone 4
Madhya Pradesh,Rajgarh,Rajgarh Kvk,22.3,2026-04-13,00:00:00,27.0,2026-04-12,00:00:00,2026-04-13 00:13:25,20.450000000000045,Zone 3,33.6,Zone 4,20.7,Zone 3,29.9,Zone 4,26.1,Zone 4,33.5,Zone 4,30.0,Zone 4,37.0,Zone 4,33.6,Zone 4,40.2,Zone 4
Madhya Pradesh,Rewa,Rewa Kvk,24.0,2026-04-13,00:00:00,,,,2026-04-13 00:13:25,,,,,,,,,,,,,,,,,,,,
Madhya Pradesh,Sagar,Khurai,26.3,2026-04-13,00:00:00,36.0,2026-04-12,00:00:00,2026-04-13 00:13:25,25.75,Zone 4,38.4,Zone 4,26.0,Zone 4,34.4,Zone 4,30.4,Zone 4,38.3,Zone 4,34.5,Zone 4,42.0,Zone 4,38.4,Zone 4,50.9,Zone 5
Madhya Pradesh,Sagar,Sagar,26.9,2026-04-13,00:00:00,30.0,2026-04-12,00:00:00,2026-04-13 00:13:25,26.05000000000001,Zone 4,38.2,Zone 4,26.2,Zone 4,34.3,Zone 4,30.5,Zone 4,38.1,Zone 4,34.4,Zone 4,41.6,Zone 4,38.2,Zone 4,47.7,Zone 5
Madhya Pradesh,Satna,Gramoday Vv Chitrakoot,24.4,2026-04-13,00:00:00,37.0,2026-04-12,00:00:00,2026-04-13 00:13:25,23.650000000000034,Zone 3,36.4,Zone 4,23.7,Zone 3,32.4,Zone 4,28.5,Zone 4,36.2,Zone 4,32.5,Zone 4,39.9,Zone 4,36.4,Zone 4,44.5,Zone 5
Madhya Pradesh,Satna,Satna,24.4,2026-04-13,00:00:00,40.0,2026-04-12,00:00:00,2026-04-13 00:13:25,23.75,Zone 3,36.7,Zone 4,23.9,Zone 3,32.6,Zone 4,28.6,Zone 4,36.5,Zone 4,32.8,Zone 4,40.3,Zone 4,36.7,Zone 4,46.7,Zone 5
Madhya Pradesh,Sehore,Bhairunda,28.6,2026-04-13,00:00:00,28.0,2026-04-12,00:00:00,2026-04-13 00:13:25,27.650000000000034,Zone 4,39.5,Zone 4,27.6,Zone 4,35.6,Zone 4,31.8,Zone 4,39.4,Zone 4,35.8,Zone 4,42.9,Zone 4,39.5,Zone 4,51.1,Zone 5
Madhya Pradesh,Shahdol,Kalyanpur Kvk,21.8,2026-04-13,00:00:00,32.0,2026-04-12,00:00:00,2026-04-13 00:13:25,20.150000000000034,Zone 3,33.5,Zone 4,20.4,Zone 3,29.8,Zone 4,25.9,Zone 4,33.4,Zone 4,29.8,Zone 4,36.9,Zone 4,33.5,Zone 4,40.3,Zone 4
Madhya Pradesh,Shajapur,Shajapur,24.1,2026-04-13,00:00:00,12.0,2026-04-12,00:00:00,2026-04-13 00:13:25,21.650000000000034,Zone 3,33.7,Zone 4,21.6,Zone 3,30.4,Zone 4,26.8,Zone 4,33.7,Zone 4,30.4,Zone 4,36.9,Zone 4,33.7,Zone 4,40.0,Zone 4
Madhya Pradesh,Sheopur,Sheopur,,,,44.0,2026-04-12,00:00:00,2026-04-13 00:13:25,,,,,,,,,,,,,,,,,,,,
Madhya Pradesh,Shivpuri,Shivpuri,25.0,2026-04-13,00:00:00,24.0,2026-04-12,00:00:00,2026-04-13 00:13:25,23.650000000000034,Zone 3,35.6,Zone 4,23.6,Zone 3,31.9,Zone 4,28.2,Zone 4,35.5,Zone 4,32.0,Zone 4,38.9,Zone 4,35.6,Zone 4,42.2,Zone 4
Madhya Pradesh,Sidhi,Rampur Naikin,26.6,2026-04-13,00:00:00,35.0,2026-04-12,00:00:00,2026-04-13 00:13:25,26.05000000000001,Zone 4,38.3,Zone 4,25.9,Zone 4,34.3,Zone 4,30.4,Zone 4,38.1,Zone 4,34.4,Zone 4,41.8,Zone 4,38.3,Zone 4,50.1,Zone 5
Madhya Pradesh,Sidhi,Sidhi,27.2,2026-04-13,00:00:00,34.0,2026-04-12,00:00:00,2026-04-13 00:13:25,26.55000000000001,Zone 4,38.7,Zone 4,26.4,Zone 4,34.7,Zone 4,30.8,Zone 4,38.6,Zone 4,34.9,Zone 4,42.3,Zone 4,38.7,Zone 4,51.1,Zone 5
Madhya Pradesh,Ujjain,Vikram Vv Ujjain,26.2,2026-04-12,23:45:00,29.0,2026-04-12,23:45:00,2026-04-13 00:13:25,25.350000000000023,Zone 4,37.0,Zone 4,25.1,Zone 3,33.2,Zone 4,29.4,Zone 4,36.9,Zone 4,33.3,Zone 4,40.5,Zone 4,37.0,Zone 4,43.9,Zone 4
Madhya Pradesh,Vidisha,Vidisha,25.2,2026-04-13,00:00:00,34.0,2026-04-12,00:00:00,2026-04-13 00:13:25,24.450000000000045,Zone 3,36.6,Zone 4,24.2,Zone 3,32.7,Zone 4,28.8,Zone 4,36.5,Zone 4,32.8,Zone 4,40.1,Zone 4,36.6,Zone 4,44.1,Zone 5
Maharashtra,Akola,Akola Amfu,28.3,2026-04-13,00:00:00,36.0,2026-04-12,00:00:00,2026-04-13 00:13:25,27.950000000000045,Zone 4,40.8,Zone 4,28.1,Zone 4,36.6,Zone 4,32.6,Zone 4,40.6,Zone 4,36.8,Zone 4,44.9,Zone 5,40.8,Zone 4,57.8,Zone 5
Maharashtra,Buldhana,Lonar,31.1,2026-04-13,00:00:00,18.0,2026-04-12,00:00:00,2026-04-13 00:13:25,29.350000000000023,Zone 4,40.5,Zone 4,29.3,Zone 4,36.8,Zone 4,33.3,Zone 4,40.3,Zone 4,36.9,Zone 4,43.7,Zone 4,40.5,Zone 4,49.4,Zone 5
Maharashtra,Chandrapur,Chandrapur Aws400,31.7,2026-04-13,00:00:00,38.0,2026-04-12,00:00:00,2026-04-13 00:13:25,32.150000000000034,Zone 4,46.2,Zone 5,31.9,Zone 4,40.8,Zone 4,36.7,Zone 4,45.0,Zone 4,41.1,Zone 4,59.1,Zone 5,46.2,Zone 5,61.9,Zone 5
Maharashtra,Dhule,Dhule,30.8,2026-04-13,00:00:00,41.0,2026-04-12,00:00:00,2026-04-13 00:13:25,31.350000000000023,Zone 4,47.5,Zone 5,31.6,Zone 4,40.7,Zone 4,36.5,Zone 4,46.0,Zone 5,41.1,Zone 4,59.3,Zone 5,47.5,Zone 5,62.1,Zone 5
Maharashtra,Gondia,Gondia Aws400,25.0,2026-04-13,00:00:00,30.0,2026-04-12,00:00:00,2026-04-13 00:13:25,23.950000000000045,Zone 3,36.2,Zone 4,24.0,Zone 3,32.4,Zone 4,28.5,Zone 4,36.1,Zone 4,32.5,Zone 4,39.6,Zone 4,36.2,Zone 4,43.0,Zone 4
Maharashtra,Gondia,Tiroda,,,,40.0,2026-04-12,00:00:00,2026-04-13 00:13:25,,,,,,,,,,,,,,,,,,,,
Maharashtra,Hingoli,Tondapur Aws400,28.6,2026-04-13,00:00:00,37.0,2026-04-12,00:00:00,2026-04-13 00:13:25,28.350000000000023,Zone 4,41.0,Zone 4,28.2,Zone 4,36.7,Zone 4,32.7,Zone 4,40.8,Zone 4,37.0,Zone 4,45.9,Zone 5,41.0,Zone 4,58.6,Zone 5
Maharashtra,Kolhapur,Kolhapur Amfu,24.9,2026-04-13,00:00:00,100.0,2026-04-12,00:00:00,2026-04-13 00:13:25,27.75,Zone 4,61.5,Zone 5,28.0,Zone 4,51.8,Zone 5,35.2,Zone 4,61.1,Zone 5,54.1,Zone 5,64.0,Zone 5,61.5,Zone 5,66.1,Zone 5
Maharashtra,Kolhapur,Radhanagri Ars,24.1,2026-04-13,00:00:00,100.0,2026-04-12,00:00:00,2026-04-13 00:13:25,26.350000000000023,Zone 4,59.8,Zone 5,26.1,Zone 4,43.6,Zone 5,32.9,Zone 4,59.4,Zone 5,45.9,Zone 5,62.5,Zone 5,59.8,Zone 5,64.8,Zone 5
Maharashtra,Mumbai Suburban,Bandra,27.2,2026-04-13,00:00:00,,,,2026-04-13 00:13:25,,,,,,,,,,,,,,,,,,,,
Maharashtra,Mumbai Suburban,Dahisar,27.9,2026-04-13,00:00:00,,,,2026-04-13 00:13:25,,,,,,,,,,,,,,,,,,,,
Maharashtra,Mumbai Suburban,Tata Power Chembur,27.2,2026-04-13,00:00:00,100.0,2026-04-12,00:00:00,2026-04-13 00:13:25,33.25,Zone 4,65.0,Zone 5,32.7,Zone 4,61.3,Zone 5,52.3,Zone 5,64.6,Zone 5,61.8,Zone 5,66.9,Zone 5,65.0,Zone 5,68.7,Zone 5
Maharashtra,Mumbai Suburban,Vidyavihar,27.4,2026-04-13,00:00:00,99.0,2026-04-12,00:00:00,2026-04-13 00:13:25,33.650000000000034,Zone 4,65.6,Zone 5,33.9,Zone 4,62.1,Zone 5,56.1,Zone 5,65.2,Zone 5,62.6,Zone 5,67.5,Zone 5,65.6,Zone 5,69.1,Zone 5
Maharashtra,Mumbai Suburban,Vikhroli,28.3,2026-04-13,00:00:00,83.0,2026-04-12,00:00:00,2026-04-13 00:13:25,32.950000000000045,Zone 4,63.7,Zone 5,33.5,Zone 4,59.7,Zone 5,44.7,Zone 5,63.3,Zone 5,60.3,Zone 5,65.8,Zone 5,63.7,Zone 5,67.7,Zone 5
Maharashtra,Mumbai City,Byculla Mumbai,27.3,2026-04-13,00:00:00,100.0,2026-04-12,00:00:00,2026-04-13 00:13:25,33.55000000000001,Zone 4,65.8,Zone 5,34.1,Zone 4,62.3,Zone 5,57.3,Zone 5,65.4,Zone 5,62.9,Zone 5,67.7,Zone 5,65.8,Zone 5,69.3,Zone 5
Maharashtra,Mumbai City,Mahalaxmi,28.1,2026-04-13,00:00:00,99.0,2026-04-12,00:00:00,2026-04-13 00:13:25,36.85000000000002,Zone 5,66.5,Zone 5,35.8,Zone 5,63.1,Zone 5,59.5,Zone 5,66.1,Zone 5,63.7,Zone 5,68.2,Zone 5,66.5,Zone 5,69.8,Zone 5
Maharashtra,Mumbai City,Mumbai Santa Cruz,26.4,2026-04-13,00:00:00,100.0,2026-04-12,00:00:00,2026-04-13 00:13:25,31.05000000000001,Zone 4,64.1,Zone 5,31.3,Zone 4,60.2,Zone 5,47.0,Zone 5,63.7,Zone 5,60.8,Zone 5,66.2,Zone 5,64.1,Zone 5,68.0,Zone 5
Maharashtra,Nagpur,Nagpur,26.8,2026-04-13,00:00:00,46.0,2026-04-12,00:00:00,2026-04-13 00:13:25,26.850000000000023,Zone 4,40.5,Zone 4,27.1,Zone 4,36.0,Zone 4,31.9,Zone 4,40.3,Zone 4,36.3,Zone 4,47.8,Zone 5,40.5,Zone 4,59.3,Zone 5
Maharashtra,Nagpur,Nagpur Kvk,29.1,2026-04-13,00:00:00,28.0,2026-04-12,00:00:00,2026-04-13 00:13:25,28.150000000000034,Zone 4,40.1,Zone 4,28.1,Zone 4,36.1,Zone 4,32.3,Zone 4,39.9,Zone 4,36.3,Zone 4,43.5,Zone 4,40.1,Zone 4,52.8,Zone 5
Maharashtra,Nagpur,Ramtek Aws400,27.7,2026-04-13,00:00:00,42.0,2026-04-12,00:00:00,2026-04-13 00:13:25,27.650000000000034,Zone 4,40.5,Zone 4,27.4,Zone 4,36.2,Zone 4,32.1,Zone 4,40.3,Zone 4,36.4,Zone 4,46.3,Zone 5,40.5,Zone 4,59.0,Zone 5
Maharashtra,Nanded,Sagroli Kvk,29.9,2026-04-13,00:00:00,42.0,2026-04-12,00:00:00,2026-04-13 00:13:25,30.350000000000023,Zone 4,44.1,Zone 4,30.4,Zone 4,39.4,Zone 4,35.3,Zone 4,43.7,Zone 4,39.8,Zone 4,57.2,Zone 5,44.1,Zone 4,61.4,Zone 5
Maharashtra,Nandurbar,Shahada Aws400,30.5,2026-04-13,00:00:00,36.0,2026-04-12,00:00:00,2026-04-13 00:13:25,30.450000000000045,Zone 4,43.4,Zone 4,30.4,Zone 4,39.0,Zone 4,35.0,Zone 4,43.1,Zone 4,39.3,Zone 4,53.3,Zone 5,43.4,Zone 4,60.5,Zone 5
Maharashtra,Nashik,Kalwan,27.6,2026-04-13,00:00:00,,,,2026-04-13 00:13:25,,,,,,,,,,,,,,,,,,,,
Maharashtra,Nashik,Malegaon,29.7,2026-04-13,00:00:00,44.0,2026-04-12,00:00:00,2026-04-13 00:13:25,30.25,Zone 4,43.8,Zone 4,30.0,Zone 4,39.1,Zone 4,34.9,Zone 4,43.4,Zone 4,39.4,Zone 4,57.0,Zone 5,43.8,Zone 4,61.3,Zone 5
Maharashtra,Nashik,Vilholi,28.9,2026-04-12,23:30:00,29.0,2026-04-12,23:30:00,2026-04-13 00:13:25,28.05000000000001,Zone 4,40.2,Zone 4,28.2,Zone 4,36.3,Zone 4,32.5,Zone 4,40.0,Zone 4,36.4,Zone 4,43.7,Zone 4,40.2,Zone 4,53.7,Zone 5
Maharashtra,Palghar,Palghar Aws400,23.1,2026-04-13,00:00:00,100.0,2026-04-12,00:00:00,2026-04-13 00:13:25,24.850000000000023,Zone 3,55.8,Zone 5,24.8,Zone 3,36.7,Zone 5,31.0,Zone 4,54.3,Zone 5,38.5,Zone 5,61.1,Zone 5,55.8,Zone 5,63.6,Zone 5
Maharashtra,Pune, Nimgiri Junnar,25.3,2026-04-13,00:00:00,,,,2026-04-13 00:13:25,,,,,,,,,,,,,,,,,,,,
Maharashtra,Pune,Ballalwadi Junnar,26.6,2026-04-13,00:00:00,44.0,2026-04-12,00:00:00,2026-04-13 00:13:25,26.450000000000045,Zone 4,39.5,Zone 4,26.4,Zone 4,35.2,Zone 4,31.1,Zone 4,39.3,Zone 4,35.4,Zone 4,43.8,Zone 5,39.5,Zone 4,57.0,Zone 5
Maharashtra,Pune,Blindschool Kp Pune,29.3,2026-04-13,00:00:00,56.0,2026-04-12,00:00:00,2026-04-13 00:13:25,31.05000000000001,Zone 4,56.7,Zone 5,31.3,Zone 4,41.5,Zone 4,36.8,Zone 4,55.3,Zone 5,42.0,Zone 4,61.3,Zone 5,56.7,Zone 5,63.8,Zone 5
Maharashtra,Pune,Cagmo Shivajinagar,29.3,2026-04-13,00:00:00,45.0,2026-04-12,00:00:00,2026-04-13 00:13:25,29.850000000000023,Zone 4,44.4,Zone 5,30.1,Zone 4,39.3,Zone 4,35.0,Zone 4,43.7,Zone 4,39.6,Zone 4,57.9,Zone 5,44.4,Zone 5,61.5,Zone 5
Maharashtra,Pune,Chinchwad Pune,28.5,2026-04-13,00:00:00,36.0,2026-04-12,00:00:00,2026-04-13 00:13:25,28.150000000000034,Zone 4,40.8,Zone 4,28.1,Zone 4,36.6,Zone 4,32.6,Zone 4,40.6,Zone 4,36.8,Zone 4,44.9,Zone 5,40.8,Zone 4,57.8,Zone 5
Maharashtra,Pune,Dps Hadapsar Pune,29.9,2026-04-13,00:00:00,55.0,2026-04-12,00:00:00,2026-04-13 00:13:25,31.850000000000023,Zone 4,58.3,Zone 5,32.0,Zone 4,42.1,Zone 4,37.5,Zone 4,56.9,Zone 5,42.7,Zone 4,61.7,Zone 5,58.3,Zone 5,64.1,Zone 5
Maharashtra,Pune,Girivan,27.2,2026-04-13,00:00:00,29.0,2026-04-12,00:00:00,2026-04-13 00:13:25,26.350000000000023,Zone 4,38.1,Zone 4,26.1,Zone 4,34.2,Zone 4,30.4,Zone 4,37.9,Zone 4,34.3,Zone 4,41.5,Zone 4,38.1,Zone 4,46.9,Zone 5
Maharashtra,Pune,Khadakwadi Ambegaon,26.6,2026-04-13,00:00:00,49.0,2026-04-12,00:00:00,2026-04-13 00:13:25,26.75,Zone 4,40.3,Zone 4,26.7,Zone 4,35.8,Zone 4,31.5,Zone 4,40.0,Zone 4,36.0,Zone 4,48.1,Zone 5,40.3,Zone 4,59.4,Zone 5
Maharashtra,Pune,Khutbav Daund,27.4,2026-04-13,00:00:00,55.0,2026-04-12,00:00:00,2026-04-13 00:13:25,28.150000000000034,Zone 4,44.3,Zone 5,28.3,Zone 4,38.0,Zone 4,33.5,Zone 4,43.0,Zone 5,38.4,Zone 4,57.8,Zone 5,44.3,Zone 5,61.5,Zone 5
Maharashtra,Pune,Kurvande,19.6,2026-04-13,00:00:00,,,,2026-04-13 00:13:25,,,,,,,,,,,,,,,,,,,,
Maharashtra,Pune,Lavale,25.2,2026-04-12,23:45:00,58.0,2026-04-12,23:45:00,2026-04-13 00:13:25,25.55000000000001,Zone 4,39.5,Zone 4,25.3,Zone 4,34.8,Zone 4,30.4,Zone 4,39.2,Zone 4,35.1,Zone 4,48.6,Zone 5,39.5,Zone 4,59.5,Zone 5
Maharashtra,Pune,Lonikalbhor Haveli,26.3,2026-04-13,00:00:00,54.0,2026-04-12,00:00:00,2026-04-13 00:13:25,26.75,Zone 4,41.1,Zone 4,27.0,Zone 4,36.4,Zone 4,32.0,Zone 4,40.8,Zone 4,36.7,Zone 4,52.5,Zone 5,41.1,Zone 4,60.3,Zone 5
Maharashtra,Pune,Magarpatta Pune,29.8,2026-04-13,00:00:00,47.0,2026-04-12,00:00:00,2026-04-13 00:13:25,30.75,Zone 4,49.4,Zone 5,31.0,Zone 4,40.4,Zone 4,36.1,Zone 4,47.9,Zone 5,40.8,Zone 4,59.7,Zone 5,49.4,Zone 5,62.4,Zone 5
Maharashtra,Pune,Malin Ambegaon,25.5,2026-04-13,00:00:00,54.0,2026-04-12,00:00:00,2026-04-13 00:13:25,25.75,Zone 4,39.7,Zone 4,25.7,Zone 4,35.0,Zone 4,30.7,Zone 4,39.4,Zone 4,35.3,Zone 4,47.7,Zone 5,39.7,Zone 4,59.3,Zone 5
Maharashtra,Pune,Mti Pashan Pune,26.0,2026-04-13,00:00:00,58.0,2026-04-12,00:00:00,2026-04-13 00:13:25,26.55000000000001,Zone 4,41.0,Zone 4,26.6,Zone 4,36.2,Zone 4,31.7,Zone 4,40.7,Zone 4,36.5,Zone 4,53.4,Zone 5,41.0,Zone 4,60.5,Zone 5
Maharashtra,Pune,Narayangoan Krishi Kendra,26.5,2026-04-13,00:00:00,43.0,2026-04-12,00:00:00,2026-04-13 00:13:25,26.350000000000023,Zone 4,39.4,Zone 4,26.3,Zone 4,35.1,Zone 4,31.0,Zone 4,39.2,Zone 4,35.3,Zone 4,43.1,Zone 4,39.4,Zone 4,56.3,Zone 5
Maharashtra,Pune,Nda Pune,26.7,2026-04-13,00:00:00,51.0,2026-04-12,00:00:00,2026-04-13 00:13:25,27.05000000000001,Zone 4,40.6,Zone 4,26.8,Zone 4,36.0,Zone 4,31.7,Zone 4,40.4,Zone 4,36.3,Zone 4,49.9,Zone 5,40.6,Zone 4,59.8,Zone 5
Maharashtra,Pune,Niasm Baramati,28.0,2026-04-12,23:30:00,38.0,2026-04-12,23:30:00,2026-04-13 00:13:25,27.75,Zone 4,40.5,Zone 4,27.7,Zone 4,36.3,Zone 4,32.3,Zone 4,40.3,Zone 4,36.5,Zone 4,44.7,Zone 5,40.5,Zone 4,57.7,Zone 5
Maharashtra,Pune,Pabal Shirur,24.4,2026-04-13,00:00:00,62.0,2026-04-12,00:00:00,2026-04-13 00:13:25,24.850000000000023,Zone 3,39.4,Zone 4,24.9,Zone 3,34.5,Zone 4,30.1,Zone 4,39.1,Zone 4,34.9,Zone 4,49.3,Zone 5,39.4,Zone 4,59.6,Zone 5
Maharashtra,Pune,Pashan Tdma Test,29.9,2026-04-13,00:00:00,41.0,2026-04-12,00:00:00,2026-04-13 00:13:25,30.25,Zone 4,43.8,Zone 4,30.3,Zone 4,39.3,Zone 4,35.1,Zone 4,43.5,Zone 4,39.6,Zone 4,56.3,Zone 5,43.8,Zone 4,61.1,Zone 5
Maharashtra,Pune,Rajgurunagar,27.0,2026-04-12,23:45:00,61.0,2026-04-12,23:45:00,2026-04-13 00:13:25,28.150000000000034,Zone 4,47.5,Zone 5,28.1,Zone 4,38.1,Zone 4,33.5,Zone 4,46.0,Zone 5,38.5,Zone 4,59.3,Zone 5,47.5,Zone 5,62.1,Zone 5
Maharashtra,Pune,Rjspmcop Dudulgaon,28.8,2026-04-13,00:00:00,44.0,2026-04-12,00:00:00,2026-04-13 00:13:25,29.150000000000034,Zone 4,43.0,Zone 4,29.4,Zone 4,38.4,Zone 4,34.2,Zone 4,42.7,Zone 4,38.7,Zone 4,54.9,Zone 5,43.0,Zone 4,60.8,Zone 5
Maharashtra,Pune,Talegaon,26.3,2026-04-13,00:00:00,,,,2026-04-13 00:13:25,,,,,,,,,,,,,,,,,,,,
Maharashtra,Pune,Wadgaonsheri Pune,29.0,2026-04-13,00:00:00,45.0,2026-04-12,00:00:00,2026-04-13 00:13:25,29.450000000000045,Zone 4,43.2,Zone 4,29.4,Zone 4,38.6,Zone 4,34.3,Zone 4,42.9,Zone 4,38.9,Zone 4,55.8,Zone 5,43.2,Zone 4,61.0,Zone 5
Maharashtra,Raigad,Iighq Newpanvel,28.1,2026-04-13,00:00:00,100.0,2026-04-12,00:00:00,2026-04-13 00:13:25,38.25,Zone 5,66.7,Zone 5,37.1,Zone 5,63.4,Zone 5,59.8,Zone 5,66.3,Zone 5,63.9,Zone 5,68.4,Zone 5,66.7,Zone 5,70.0,Zone 5
Maharashtra,Raigad,Iig Mo Alibag,26.2,2026-04-13,00:00:00,100.0,2026-04-12,00:00:00,2026-04-13 00:13:25,30.55000000000001,Zone 4,63.2,Zone 5,30.1,Zone 4,59.2,Zone 5,42.0,Zone 5,62.8,Zone 5,59.8,Zone 5,65.4,Zone 5,63.2,Zone 5,67.4,Zone 5
Maharashtra,Raigad,Karjat,27.8,2026-04-13,00:00:00,78.0,2026-04-12,00:00:00,2026-04-13 00:13:25,31.150000000000034,Zone 4,61.7,Zone 5,31.6,Zone 4,52.7,Zone 5,38.2,Zone 4,61.3,Zone 5,55.0,Zone 5,64.1,Zone 5,61.7,Zone 5,66.2,Zone 5
Maharashtra,Raigad,Matheran,26.1,2026-04-13,00:00:00,41.0,2026-04-12,00:00:00,2026-04-13 00:13:25,25.75,Zone 4,38.5,Zone 4,25.7,Zone 4,34.3,Zone 4,30.3,Zone 4,38.3,Zone 4,34.5,Zone 4,42.1,Zone 4,38.5,Zone 4,53.0,Zone 5
Maharashtra,Ratnagiri,Dapoli,25.0,2026-04-13,00:00:00,,,,2026-04-13 00:13:25,,,,,,,,,,,,,,,,,,,,
Maharashtra,Ratnagiri,Ratnagiri Aws400,27.2,2026-04-13,00:00:00,98.0,2026-04-12,00:00:00,2026-04-13 00:13:25,32.85000000000002,Zone 4,64.5,Zone 5,32.3,Zone 4,60.7,Zone 5,49.7,Zone 5,64.1,Zone 5,61.3,Zone 5,66.5,Zone 5,64.5,Zone 5,68.3,Zone 5
Maharashtra,Ratnagiri,Savarde(Golwane),26.4,2026-04-13,00:00:00,,,,2026-04-13 00:13:25,,,,,,,,,,,,,,,,,,,,
Maharashtra,Sangli,Sangli Kvk,26.4,2026-04-13,00:00:00,81.0,2026-04-12,00:00:00,2026-04-13 00:13:25,28.850000000000023,Zone 4,60.0,Zone 5,29.0,Zone 4,44.5,Zone 5,35.5,Zone 4,59.6,Zone 5,46.7,Zone 5,62.7,Zone 5,60.0,Zone 5,65.0,Zone 5
Maharashtra,Satara,Mahabaleshwar,23.6,2026-04-13,00:00:00,64.0,2026-04-12,00:00:00,2026-04-13 00:13:25,24.05000000000001,Zone 3,38.2,Zone 4,23.9,Zone 3,33.4,Zone 4,29.0,Zone 4,37.9,Zone 4,33.7,Zone 4,45.9,Zone 5,38.2,Zone 4,58.6,Zone 5
Maharashtra,Sindhudurg,Devgad,27.9,2026-04-13,00:00:00,91.0,2026-04-12,00:00:00,2026-04-13 00:13:25,33.450000000000045,Zone 4,64.7,Zone 5,33.7,Zone 4,61.0,Zone 5,50.8,Zone 5,64.3,Zone 5,61.5,Zone 5,66.7,Zone 5,64.7,Zone 5,68.5,Zone 5
Maharashtra,Sindhudurg,Mulde Amfu,26.1,2026-04-13,00:00:00,100.0,2026-04-12,00:00:00,2026-04-13 00:13:25,30.350000000000023,Zone 4,63.2,Zone 5,30.1,Zone 4,59.2,Zone 5,42.0,Zone 5,62.8,Zone 5,59.8,Zone 5,65.4,Zone 5,63.2,Zone 5,67.4,Zone 5
Maharashtra,Sindhudurg,Vaibhavwadi,27.6,2026-04-13,00:00:00,100.0,2026-04-12,00:00:00,2026-04-13 00:13:25,34.450000000000045,Zone 4,65.8,Zone 5,34.1,Zone 4,62.3,Zone 5,57.3,Zone 5,65.4,Zone 5,62.9,Zone 5,67.7,Zone 5,65.8,Zone 5,69.3,Zone 5
Maharashtra,Sindhudurg,Vengurla,25.9,2026-04-13,00:00:00,88.0,2026-04-12,00:00:00,2026-04-13 00:13:25,28.650000000000034,Zone 4,60.7,Zone 5,28.8,Zone 4,47.9,Zone 5,35.5,Zone 4,60.3,Zone 5,50.2,Zone 5,63.3,Zone 5,60.7,Zone 5,65.5,Zone 5
Maharashtra,Solapur,Mohol Kvk,28.2,2026-04-13,00:00:00,28.0,2026-04-12,00:00:00,2026-04-13 00:13:25,27.25,Zone 4,39.0,Zone 4,27.1,Zone 4,35.1,Zone 4,31.3,Zone 4,38.8,Zone 4,35.3,Zone 4,42.4,Zone 4,39.0,Zone 4,49.4,Zone 5
Maharashtra,Solapur,Sangola Mahavidyalaya,28.8,2026-04-13,00:00:00,32.0,2026-04-12,00:00:00,2026-04-13 00:13:25,28.150000000000034,Zone 4,40.7,Zone 4,28.4,Zone 4,36.6,Zone 4,32.8,Zone 4,40.5,Zone 4,36.9,Zone 4,44.2,Zone 4,40.7,Zone 4,56.3,Zone 5
Maharashtra,Thane,Bhayander,26.7,2026-04-13,00:00:00,,,,2026-04-13 00:13:25,,,,,,,,,,,,,,,,,,,,
Maharashtra,Wardha,Wardha,29.1,2026-04-12,23:45:00,30.0,2026-04-12,23:45:00,2026-04-13 00:13:25,28.350000000000023,Zone 4,40.4,Zone 4,28.2,Zone 4,36.4,Zone 4,32.6,Zone 4,40.2,Zone 4,36.6,Zone 4,43.9,Zone 4,40.4,Zone 4,54.6,Zone 5
Maharashtra,Yavatmal,Pushad Aws400,25.9,2026-04-13,00:00:00,36.0,2026-04-12,00:00:00,2026-04-13 00:13:25,25.350000000000023,Zone 4,37.9,Zone 4,25.5,Zone 4,33.8,Zone 4,29.9,Zone 4,37.7,Zone 4,34.0,Zone 4,41.4,Zone 4,37.9,Zone 4,49.1,Zone 5
Manipur,Chandel,Chandel Kvk,16.5,2026-04-13,00:00:00,96.0,2026-04-12,00:00:00,2026-04-13 00:13:25,17.05000000000001,Zone 3,31.4,Zone 4,17.0,Zone 3,26.7,Zone 4,23.1,Zone 3,31.2,Zone 4,26.9,Zone 4,35.5,Zone 4,31.4,Zone 4,44.8,Zone 5
Manipur,Imphal East,Jiribam,22.3,2026-04-13,00:00:00,99.0,2026-04-12,00:00:00,2026-04-13 00:13:25,24.05000000000001,Zone 3,51.8,Zone 5,24.2,Zone 3,35.3,Zone 4,30.0,Zone 4,50.2,Zone 5,35.9,Zone 4,60.2,Zone 5,51.8,Zone 5,62.9,Zone 5
Manipur,Kamjong,Kamjong,,,,87.0,2026-04-12,23:45:00,2026-04-13 00:13:25,,,,,,,,,,,,,,,,,,,,
Manipur,Kangpokpi,Saikul,16.8,2026-04-13,00:00:00,95.0,2026-04-12,00:00:00,2026-04-13 00:13:25,17.350000000000023,Zone 3,31.9,Zone 4,17.6,Zone 3,27.2,Zone 4,23.5,Zone 3,31.8,Zone 4,27.4,Zone 4,36.1,Zone 4,31.9,Zone 4,46.7,Zone 5
Manipur,Kangpokpi,Tujangvaichong,17.7,2026-04-12,23:15:00,,,,2026-04-13 00:13:25,,,,,,,,,,,,,,,,,,,,
Manipur,Noney,Khoupum,20.0,2026-04-13,00:00:00,100.0,2026-04-12,00:00:00,2026-04-13 00:13:25,21.450000000000045,Zone 3,36.9,Zone 5,21.5,Zone 3,31.3,Zone 4,26.3,Zone 4,36.3,Zone 4,31.7,Zone 4,50.8,Zone 5,36.9,Zone 5,60.0,Zone 5
Manipur,Senapati,Mao,15.6,2026-04-12,23:15:00,,,,2026-04-13 00:13:25,,,,,,,,,,,,,,,,,,,,
Manipur,Tengnoupal,Adc Moreh,11.4,2026-04-12,23:15:00,,,,2026-04-13 00:13:25,,,,,,,,,,,,,,,,,,,,
Meghalaya,East Garo Hills,Williamnagar,21.3,2026-04-13,00:00:00,86.0,2026-04-12,00:00:00,2026-04-13 00:13:25,22.350000000000023,Zone 3,37.7,Zone 4,22.6,Zone 3,32.5,Zone 4,27.7,Zone 4,37.4,Zone 4,32.8,Zone 4,50.6,Zone 5,37.7,Zone 4,59.9,Zone 5
Meghalaya,East Khasi Hills,Laban,17.5,2026-04-13,00:00:00,75.0,2026-04-12,00:00:00,2026-04-13 00:13:25,17.25,Zone 3,31.5,Zone 4,17.3,Zone 3,27.2,Zone 4,23.4,Zone 3,31.3,Zone 4,27.3,Zone 4,35.4,Zone 4,31.5,Zone 4,39.9,Zone 5
Meghalaya,East Khasi Hills,Mawryngkneng,20.5,2026-04-13,00:00:00,60.0,2026-04-12,00:00:00,2026-04-13 00:13:25,20.150000000000034,Zone 3,33.9,Zone 4,20.2,Zone 3,29.7,Zone 4,25.4,Zone 4,33.8,Zone 4,29.8,Zone 4,37.7,Zone 4,33.9,Zone 4,44.1,Zone 5
Meghalaya,East Khasi Hills,Mawsynram,17.9,2026-04-13,00:00:00,99.0,2026-04-12,00:00:00,2026-04-13 00:13:25,18.850000000000023,Zone 3,33.5,Zone 4,19.0,Zone 3,28.5,Zone 4,24.3,Zone 3,33.3,Zone 4,28.8,Zone 4,39.7,Zone 5,33.5,Zone 4,53.2,Zone 5
Meghalaya,East Khasi Hills,Nehu,17.0,2026-04-13,00:00:00,72.0,2026-04-12,00:00:00,2026-04-13 00:13:25,16.450000000000045,Zone 3,30.8,Zone 4,16.5,Zone 3,26.6,Zone 4,22.9,Zone 3,30.7,Zone 4,26.7,Zone 4,34.6,Zone 4,30.8,Zone 4,38.4,Zone 4
Meghalaya,East Khasi Hills,Shillong,17.2,2026-04-13,00:00:00,87.0,2026-04-12,00:00:00,2026-04-13 00:13:25,17.450000000000045,Zone 3,31.5,Zone 4,17.2,Zone 3,27.0,Zone 4,23.3,Zone 3,31.4,Zone 4,27.2,Zone 4,35.5,Zone 4,31.5,Zone 4,43.1,Zone 5
Meghalaya,East West Khasi Hills,Mairang,15.5,2026-04-13,00:00:00,81.0,2026-04-12,00:00:00,2026-04-13 00:13:25,15.050000000000011,Zone 3,29.6,Zone 4,15.0,Zone 3,25.4,Zone 4,21.9,Zone 3,29.5,Zone 4,25.4,Zone 4,33.5,Zone 4,29.6,Zone 4,37.3,Zone 4
Meghalaya,North Garo Hills,Resubelpara,20.7,2026-04-13,00:00:00,99.0,2026-04-12,00:00:00,2026-04-13 00:13:25,22.25,Zone 3,39.0,Zone 5,22.0,Zone 3,31.9,Zone 4,27.0,Zone 4,37.8,Zone 5,32.4,Zone 4,53.0,Zone 5,39.0,Zone 5,60.4,Zone 5
Meghalaya,Ri Bhoi,Byrnihat,20.7,2026-04-13,00:00:00,96.0,2026-04-12,00:00:00,2026-04-13 00:13:25,22.150000000000034,Zone 3,37.3,Zone 5,21.9,Zone 3,31.7,Zone 4,26.8,Zone 4,36.8,Zone 4,32.1,Zone 4,51.3,Zone 5,37.3,Zone 5,60.0,Zone 5
Meghalaya,Ri Bhoi,Umtrewdam,26.4,2026-04-13,00:00:00,6.0,2026-04-12,00:00:00,2026-04-13 00:13:25,24.25,Zone 3,35.1,Zone 4,24.4,Zone 3,31.9,Zone 4,28.5,Zone 4,35.2,Zone 4,31.9,Zone 4,38.2,Zone 4,35.1,Zone 4,41.2,Zone 4
Meghalaya,South Garo Hills,Baghmara,22.5,2026-04-13,00:00:00,99.0,2026-04-12,00:00:00,2026-04-13 00:13:25,24.25,Zone 3,51.8,Zone 5,24.2,Zone 3,35.3,Zone 4,30.0,Zone 4,50.2,Zone 5,35.9,Zone 4,60.2,Zone 5,51.8,Zone 5,62.9,Zone 5
Meghalaya,South West Garo Hills,Ampati,22.7,2026-04-13,00:00:00,99.0,2026-04-12,00:00:00,2026-04-13 00:13:25,24.450000000000045,Zone 3,51.8,Zone 5,24.2,Zone 3,35.3,Zone 4,30.0,Zone 4,50.2,Zone 5,35.9,Zone 4,60.2,Zone 5,51.8,Zone 5,62.9,Zone 5
Meghalaya,South West Khasi Hills,Mawkyrwat,15.9,2026-04-13,00:00:00,100.0,2026-04-12,00:00:00,2026-04-13 00:13:25,16.450000000000045,Zone 3,31.0,Zone 4,16.6,Zone 3,26.3,Zone 4,22.8,Zone 3,30.8,Zone 4,26.5,Zone 4,35.1,Zone 4,31.0,Zone 4,44.3,Zone 5
Meghalaya,West Garo Hills,Tura,23.1,2026-04-12,23:45:00,72.0,2026-04-12,23:45:00,2026-04-13 00:13:25,23.850000000000023,Zone 3,38.4,Zone 4,23.7,Zone 3,33.4,Zone 4,28.8,Zone 4,38.1,Zone 4,33.8,Zone 4,49.1,Zone 5,38.4,Zone 4,59.6,Zone 5
Meghalaya,West Khasi Hills,Nongstoin,16.8,2026-04-13,00:00:00,86.0,2026-04-12,00:00:00,2026-04-13 00:13:25,16.950000000000045,Zone 3,31.5,Zone 4,17.2,Zone 3,27.0,Zone 4,23.3,Zone 3,31.3,Zone 4,27.1,Zone 4,35.5,Zone 4,31.5,Zone 4,42.7,Zone 5
Mizoram,Aizawl,Mizoram University,22.9,2026-04-12,23:45:00,71.0,2026-04-12,23:45:00,2026-04-13 00:13:25,23.55000000000001,Zone 3,38.3,Zone 4,23.7,Zone 3,33.3,Zone 4,28.8,Zone 4,38.0,Zone 4,33.7,Zone 4,48.4,Zone 5,38.3,Zone 4,59.4,Zone 5
Mizoram,Champhai,Champhai Aws,15.6,2026-04-12,23:15:00,,,,2026-04-13 00:13:25,,,,,,,,,,,,,,,,,,,,
Mizoram,Hnathial,Hnathial,20.7,2026-04-12,23:45:00,95.0,2026-04-12,23:45:00,2026-04-13 00:13:25,22.05000000000001,Zone 3,37.0,Zone 4,21.8,Zone 3,31.7,Zone 4,26.8,Zone 4,36.7,Zone 4,32.0,Zone 4,50.7,Zone 5,37.0,Zone 4,59.9,Zone 5
Mizoram,Khawzawl,Khawzawl,18.1,2026-04-13,00:00:00,88.0,2026-04-12,00:00:00,2026-04-13 00:13:25,18.650000000000034,Zone 3,32.8,Zone 4,18.5,Zone 3,28.1,Zone 4,24.1,Zone 3,32.6,Zone 4,28.3,Zone 4,36.9,Zone 4,32.8,Zone 4,48.0,Zone 5
Mizoram,Kolasib,Kolasib,22.7,2026-04-13,00:00:00,80.0,2026-04-12,00:00:00,2026-04-13 00:13:25,23.75,Zone 3,38.6,Zone 4,23.5,Zone 3,33.4,Zone 4,28.7,Zone 4,38.3,Zone 4,33.8,Zone 4,52.0,Zone 5,38.6,Zone 4,60.2,Zone 5
Mizoram,Lawngtlai,Chawnhu,20.5,2026-04-13,00:00:00,70.0,2026-04-12,00:00:00,2026-04-13 00:13:25,20.650000000000034,Zone 3,34.7,Zone 4,20.7,Zone 3,30.2,Zone 4,25.7,Zone 4,34.5,Zone 4,30.4,Zone 4,38.7,Zone 4,34.7,Zone 4,49.7,Zone 5
Mizoram,Mamit,Lengpui Kvk,23.6,2026-04-13,00:00:00,83.0,2026-04-12,00:00:00,2026-04-13 00:13:25,24.75,Zone 3,45.8,Zone 5,24.7,Zone 3,35.3,Zone 4,30.3,Zone 4,44.3,Zone 5,35.7,Zone 4,58.9,Zone 5,45.8,Zone 5,61.8,Zone 5
Mizoram,Saiha,Saiha,18.5,2026-04-13,00:00:00,79.0,2026-04-12,00:00:00,2026-04-13 00:13:25,18.650000000000034,Zone 3,32.9,Zone 4,18.7,Zone 3,28.3,Zone 4,24.3,Zone 3,32.7,Zone 4,28.5,Zone 4,36.8,Zone 4,32.9,Zone 4,45.8,Zone 5
Nagaland,Kiphire,Kiphire Aws400,16.7,2026-04-13,00:00:00,89.0,2026-04-12,00:00:00,2026-04-13 00:13:25,16.950000000000045,Zone 3,31.0,Zone 4,16.7,Zone 3,26.5,Zone 4,22.9,Zone 3,30.9,Zone 4,26.7,Zone 4,35.0,Zone 4,31.0,Zone 4,41.9,Zone 5
Nagaland,Longleng,Sakshi,16.7,2026-04-13,00:00:00,100.0,2026-04-12,00:00:00,2026-04-13 00:13:25,17.450000000000045,Zone 3,31.6,Zone 4,17.2,Zone 3,26.9,Zone 4,23.2,Zone 3,31.4,Zone 4,27.0,Zone 4,35.7,Zone 4,31.6,Zone 4,46.6,Zone 5
Nagaland,Peren,Jalukie,19.1,2026-04-13,00:00:00,100.0,2026-04-12,00:00:00,2026-04-13 00:13:25,20.450000000000045,Zone 3,35.1,Zone 4,20.3,Zone 3,29.9,Zone 4,25.1,Zone 3,34.8,Zone 4,30.2,Zone 4,45.3,Zone 5,35.1,Zone 4,58.2,Zone 5
Nagaland,Tuensang,Thonoknyu,14.2,2026-04-13,00:00:00,98.0,2026-04-12,00:00:00,2026-04-13 00:13:25,14.150000000000034,Zone 3,28.6,Zone 4,13.9,Zone 2,24.7,Zone 3,21.1,Zone 3,28.5,Zone 4,24.7,Zone 3,32.6,Zone 4,28.6,Zone 4,36.5,Zone 4
Nagaland,Wokha,Wokha,17.0,2026-04-13,00:00:00,100.0,2026-04-12,00:00:00,2026-04-13 00:13:25,17.850000000000023,Zone 3,32.2,Zone 4,17.8,Zone 3,27.4,Zone 4,23.6,Zone 3,32.0,Zone 4,27.6,Zone 4,36.4,Zone 4,32.2,Zone 4,48.9,Zone 5
Odisha,Balangir,Bolangir,33.4,2026-04-13,00:00:00,,,,2026-04-13 00:13:25,,,,,,,,,,,,,,,,,,,,
Odisha,Balasore,Fm University,26.1,2026-04-13,00:00:00,99.0,2026-04-12,00:00:00,2026-04-13 00:13:25,30.25,Zone 4,63.0,Zone 5,30.0,Zone 4,58.7,Zone 5,40.9,Zone 5,62.6,Zone 5,59.5,Zone 5,65.2,Zone 5,63.0,Zone 5,67.2,Zone 5
Odisha,Cuttack,Cuttack Kvk,27.6,2026-04-13,00:00:00,,,,2026-04-13 00:13:25,,,,,,,,,,,,,,,,,,,,
Odisha,Ganjam,Benakuda Kvk,26.5,2026-04-13,00:00:00,82.0,2026-04-12,00:00:00,2026-04-13 00:13:25,29.150000000000034,Zone 4,60.2,Zone 5,29.1,Zone 4,45.5,Zone 5,35.6,Zone 4,59.8,Zone 5,47.8,Zone 5,62.9,Zone 5,60.2,Zone 5,65.1,Zone 5
Odisha,Jharsuguda,Jharsuguda,25.4,2026-04-13,00:00:00,51.0,2026-04-12,00:00:00,2026-04-13 00:13:25,25.450000000000045,Zone 4,39.2,Zone 4,25.6,Zone 4,34.7,Zone 4,30.5,Zone 4,39.0,Zone 4,35.0,Zone 4,45.3,Zone 5,39.2,Zone 4,58.1,Zone 5
Odisha,Kandhamal,Phulbani,24.8,2026-04-13,00:00:00,99.0,2026-04-12,00:00:00,2026-04-13 00:13:25,27.55000000000001,Zone 4,61.3,Zone 5,27.9,Zone 4,50.8,Zone 5,35.0,Zone 4,60.9,Zone 5,53.2,Zone 5,63.8,Zone 5,61.3,Zone 5,66.0,Zone 5
Odisha,Khurdha,Bhubaneshwar Airport,26.1,2026-04-13,00:00:00,91.0,2026-04-12,00:00:00,2026-04-13 00:13:25,29.350000000000023,Zone 4,61.3,Zone 5,29.1,Zone 4,51.0,Zone 5,36.0,Zone 4,60.9,Zone 5,53.4,Zone 5,63.8,Zone 5,61.3,Zone 5,66.0,Zone 5
Odisha,Mayurbhanj,Baripada,28.1,2026-04-13,00:00:00,77.0,2026-04-12,00:00:00,2026-04-13 00:13:25,31.650000000000034,Zone 4,61.5,Zone 5,31.4,Zone 4,51.6,Zone 5,38.0,Zone 4,61.0,Zone 5,53.9,Zone 5,63.9,Zone 5,61.5,Zone 5,66.1,Zone 5
Odisha,Nuapada,Nawapada,27.2,2026-04-13,00:00:00,29.0,2026-04-12,00:00:00,2026-04-13 00:13:25,26.350000000000023,Zone 4,38.1,Zone 4,26.1,Zone 4,34.2,Zone 4,30.4,Zone 4,37.9,Zone 4,34.3,Zone 4,41.5,Zone 4,38.1,Zone 4,46.9,Zone 5
Odisha,Puri,Janhukuda(Near Satapada),27.9,2026-04-13,00:00:00,100.0,2026-04-12,00:00:00,2026-04-13 00:13:25,36.05000000000001,Zone 5,66.7,Zone 5,37.1,Zone 5,63.4,Zone 5,59.8,Zone 5,66.3,Zone 5,63.9,Zone 5,68.4,Zone 5,66.7,Zone 5,70.0,Zone 5
Odisha,Puri,Puri Kvk,27.2,2026-04-13,00:00:00,54.0,2026-04-12,00:00:00,2026-04-13 00:13:25,27.850000000000023,Zone 4,41.9,Zone 4,27.6,Zone 4,37.1,Zone 4,32.7,Zone 4,41.6,Zone 4,37.4,Zone 4,54.8,Zone 5,41.9,Zone 4,60.8,Zone 5
Odisha,Rayagada,Gunupur Kvk,27.9,2026-04-13,00:00:00,100.0,2026-04-12,00:00:00,2026-04-13 00:13:25,36.05000000000001,Zone 5,66.7,Zone 5,37.1,Zone 5,63.4,Zone 5,59.8,Zone 5,66.3,Zone 5,63.9,Zone 5,68.4,Zone 5,66.7,Zone 5,70.0,Zone 5
Odisha,Sambalpur,Dhankauda,25.6,2026-04-13,00:00:00,42.0,2026-04-12,00:00:00,2026-04-13 00:13:25,25.25,Zone 4,38.0,Zone 4,25.2,Zone 3,33.8,Zone 4,29.8,Zone 4,37.9,Zone 4,34.0,Zone 4,41.7,Zone 4,38.0,Zone 4,51.9,Zone 5
Odisha,Sonepur,Sonepur,26.4,2026-04-13,00:00:00,60.0,2026-04-12,00:00:00,2026-04-13 00:13:25,27.25,Zone 4,43.6,Zone 5,27.3,Zone 4,37.2,Zone 4,32.7,Zone 4,42.3,Zone 5,37.6,Zone 4,57.3,Zone 5,43.6,Zone 5,61.4,Zone 5
Odisha,Sundergarh,Balishankar,23.4,2026-04-13,00:00:00,,,,2026-04-13 00:13:25,,,,,,,,,,,,,,,,,,,,
Odisha,Sundergarh,Sundergarh,24.7,2026-04-13,00:00:00,47.0,2026-04-12,00:00:00,2026-04-13 00:13:25,24.450000000000045,Zone 3,37.4,Zone 4,24.3,Zone 3,33.2,Zone 4,29.0,Zone 4,37.3,Zone 4,33.4,Zone 4,41.2,Zone 4,37.4,Zone 4,51.7,Zone 5
Puducherry,Karaikal,Karaikal,27.5,2026-04-13,00:00:00,99.0,2026-04-12,00:00:00,2026-04-13 00:13:25,33.950000000000045,Zone 4,65.6,Zone 5,33.9,Zone 4,62.1,Zone 5,56.1,Zone 5,65.2,Zone 5,62.6,Zone 5,67.5,Zone 5,65.6,Zone 5,69.1,Zone 5
Puducherry,Mahe,Mahe Jnv,27.8,2026-04-13,00:00:00,99.0,2026-04-12,00:00:00,2026-04-13 00:13:25,34.85000000000002,Zone 4,66.5,Zone 5,35.8,Zone 5,63.1,Zone 5,59.5,Zone 5,66.1,Zone 5,63.7,Zone 5,68.2,Zone 5,66.5,Zone 5,69.8,Zone 5
Puducherry,Puducherry,Puducherry,28.2,2026-04-13,00:00:00,86.0,2026-04-12,00:00:00,2026-04-13 00:13:25,33.25,Zone 4,63.6,Zone 5,32.8,Zone 4,59.6,Zone 5,43.9,Zone 5,63.2,Zone 5,60.2,Zone 5,65.7,Zone 5,63.6,Zone 5,67.6,Zone 5
Puducherry,Puducherry,Puducherry Kvk,27.8,2026-04-13,00:00:00,100.0,2026-04-12,00:00:00,2026-04-13 00:13:25,35.05000000000001,Zone 5,66.7,Zone 5,37.1,Zone 5,63.4,Zone 5,59.8,Zone 5,66.3,Zone 5,63.9,Zone 5,68.4,Zone 5,66.7,Zone 5,70.0,Zone 5
Punjab,Bathinda,Bhatinda Amfu,23.7,2026-04-13,00:00:00,,,,2026-04-13 00:13:25,,,,,,,,,,,,,,,,,,,,
Punjab,Faridkot,Faridkot Amfu,21.3,2026-04-12,23:45:00,70.0,2026-04-12,23:45:00,2026-04-13 00:13:25,21.650000000000034,Zone 3,36.0,Zone 4,21.9,Zone 3,31.3,Zone 4,26.9,Zone 4,35.8,Zone 4,31.6,Zone 4,40.5,Zone 5,36.0,Zone 4,54.0,Zone 5
Punjab,Fazilka,Fasc Abohar,19.5,2026-04-13,00:00:00,57.0,2026-04-12,00:00:00,2026-04-13 00:13:25,18.75,Zone 3,32.6,Zone 4,18.8,Zone 3,28.5,Zone 4,24.5,Zone 3,32.5,Zone 4,28.6,Zone 4,36.4,Zone 4,32.6,Zone 4,40.0,Zone 4
Punjab,Fazilka,Fazilka,22.6,2026-04-13,00:00:00,,,,2026-04-13 00:13:25,,,,,,,,,,,,,,,,,,,,
Punjab,Firozpur,Firozpur Kvk,18.1,2026-04-13,00:00:00,72.0,2026-04-12,00:00:00,2026-04-13 00:13:25,17.850000000000023,Zone 3,31.9,Zone 4,17.7,Zone 3,27.6,Zone 4,23.7,Zone 3,31.7,Zone 4,27.7,Zone 4,35.7,Zone 4,31.9,Zone 4,40.5,Zone 5
Punjab,Hoshiarpur,Hosiyarpur,15.6,2026-04-13,00:00:00,90.0,2026-04-12,00:00:00,2026-04-13 00:13:25,15.550000000000011,Zone 3,29.9,Zone 4,15.5,Zone 3,25.6,Zone 4,22.1,Zone 3,29.8,Zone 4,25.7,Zone 4,33.9,Zone 4,29.9,Zone 4,38.4,Zone 5
Punjab,Mohali,Mohali,23.2,2026-04-13,00:00:00,,,,2026-04-13 00:13:25,,,,,,,,,,,,,,,,,,,,
Punjab,Muktsar,Gidderbaha,23.1,2026-04-13,00:00:00,,,,2026-04-13 00:13:25,,,,,,,,,,,,,,,,,,,,
Punjab,Pathankot,Kvk Pathankot,16.0,2026-04-13,00:00:00,58.0,2026-04-12,00:00:00,2026-04-13 00:13:25,14.550000000000011,Zone 3,29.2,Zone 4,14.5,Zone 3,25.3,Zone 4,21.7,Zone 3,29.2,Zone 4,25.4,Zone 4,32.9,Zone 4,29.2,Zone 4,36.4,Zone 4
Punjab,Pathankot,Pathankot,17.3,2026-04-12,23:45:00,,,,2026-04-13 00:13:25,,,,,,,,,,,,,,,,,,,,
Punjab,Pathankot,Thein Dam,17.9,2026-04-13,00:00:00,81.0,2026-04-12,00:00:00,2026-04-13 00:13:25,18.05000000000001,Zone 3,32.4,Zone 4,18.2,Zone 3,27.9,Zone 4,23.9,Zone 3,32.2,Zone 4,28.0,Zone 4,36.4,Zone 4,32.4,Zone 4,44.6,Zone 5
Punjab,Rupnagar,Sri Anadpur Sahib Imdjindwadi,1.8,2026-04-13,00:00:00,100.0,2026-04-12,00:00:00,2026-04-13 00:13:25,1.75,Zone 2,21.0,Zone 3,2.0,Zone 2,17.3,Zone 3,11.2,Zone 2,21.2,Zone 3,17.0,Zone 3,23.7,Zone 3,21.0,Zone 3,25.7,Zone 4
Rajasthan,Ajmer,Ajmer,24.8,2026-04-13,00:00:00,34.0,2026-04-12,00:00:00,2026-04-13 00:13:25,23.950000000000045,Zone 3,36.6,Zone 4,24.2,Zone 3,32.7,Zone 4,28.8,Zone 4,36.5,Zone 4,32.8,Zone 4,40.1,Zone 4,36.6,Zone 4,44.1,Zone 5
Rajasthan,Ajmer,Central University Kishangarh,19.6,2026-04-13,00:00:00,49.0,2026-04-12,00:00:00,2026-04-13 00:13:25,18.450000000000045,Zone 3,32.1,Zone 4,18.3,Zone 3,28.2,Zone 4,24.3,Zone 3,32.1,Zone 4,28.3,Zone 4,35.8,Zone 4,32.1,Zone 4,39.3,Zone 4
Rajasthan,Barmer,Barmer,,,,32.0,2026-04-12,00:00:00,2026-04-13 00:13:25,,,,,,,,,,,,,,,,,,,,
Rajasthan,Bikaner,Bikaner Amfu,26.7,2026-04-13,00:00:00,33.0,2026-04-12,00:00:00,2026-04-13 00:13:25,26.05000000000001,Zone 4,38.0,Zone 4,25.8,Zone 4,34.1,Zone 4,30.2,Zone 4,37.9,Zone 4,34.2,Zone 4,41.5,Zone 4,38.0,Zone 4,48.5,Zone 5
Rajasthan,Bikaner,Chattargarh,23.3,2026-04-13,00:00:00,,,,2026-04-13 00:13:25,,,,,,,,,,,,,,,,,,,,
Rajasthan,Bikaner,Lunkarnsar,25.1,2026-04-13,00:00:00,32.0,2026-04-12,00:00:00,2026-04-13 00:13:25,24.150000000000034,Zone 3,36.4,Zone 4,24.1,Zone 3,32.5,Zone 4,28.7,Zone 4,36.3,Zone 4,32.6,Zone 4,39.8,Zone 4,36.4,Zone 4,43.3,Zone 4
Rajasthan,Chittaurgarh,Chittorgarh Kvk,23.8,2026-04-13,00:00:00,,,,2026-04-13 00:13:25,,,,,,,,,,,,,,,,,,,,
Rajasthan,Churu,Churu,23.8,2026-04-13,00:00:00,43.0,2026-04-12,00:00:00,2026-04-13 00:13:25,23.25,Zone 3,36.4,Zone 4,23.5,Zone 3,32.3,Zone 4,28.3,Zone 4,36.3,Zone 4,32.5,Zone 4,40.1,Zone 4,36.4,Zone 4,46.9,Zone 5
Rajasthan,Dausa,Khedali,19.9,2026-04-13,00:00:00,34.0,2026-04-12,00:00:00,2026-04-13 00:13:25,17.950000000000045,Zone 3,31.8,Zone 4,18.1,Zone 3,28.1,Zone 4,24.3,Zone 3,31.8,Zone 4,28.1,Zone 4,35.2,Zone 4,31.8,Zone 4,38.6,Zone 4
Rajasthan,Dungarpur,Dungarpur Kvk,30.8,2026-04-13,00:00:00,,,,2026-04-13 00:13:25,,,,,,,,,,,,,,,,,,,,
Rajasthan,Ganganagar,Ganganagar,38.9,2026-04-13,00:00:00,53.0,2026-04-12,00:00:00,2026-04-13 00:13:25,62.35000000000002,Zone 5,71.5,Zone 5,62.7,Zone 5,69.3,Zone 5,67.0,Zone 5,71.2,Zone 5,69.7,Zone 5,73.8,Zone 6,71.5,Zone 5,76.7,Zone 6
Rajasthan,Jaipur,Amity University,20.2,2026-04-13,00:00:00,61.0,2026-04-12,00:00:00,2026-04-13 00:13:25,19.850000000000023,Zone 3,33.4,Zone 4,19.6,Zone 3,29.2,Zone 4,25.0,Zone 3,33.3,Zone 4,29.3,Zone 4,37.2,Zone 4,33.4,Zone 4,42.7,Zone 5
Rajasthan,Jaisalmer,Jaisalmer,23.5,2026-04-13,00:00:00,29.0,2026-04-12,00:00:00,2026-04-13 00:13:25,22.05000000000001,Zone 3,34.6,Zone 4,22.1,Zone 3,30.9,Zone 4,27.1,Zone 4,34.6,Zone 4,31.0,Zone 4,38.0,Zone 4,34.6,Zone 4,41.4,Zone 4
Rajasthan,Jalore,Jalore Kvk,22.4,2026-04-13,00:00:00,33.0,2026-04-12,00:00:00,2026-04-13 00:13:25,20.950000000000045,Zone 3,34.0,Zone 4,21.1,Zone 3,30.3,Zone 4,26.4,Zone 4,33.9,Zone 4,30.3,Zone 4,37.5,Zone 4,34.0,Zone 4,40.9,Zone 4
Rajasthan,Jhunjhunu,Jhunjhunu(Aws),27.4,2026-04-12,23:45:00,23.0,2026-04-12,23:45:00,2026-04-13 00:13:25,26.25,Zone 4,37.8,Zone 4,26.3,Zone 4,34.1,Zone 4,30.4,Zone 4,37.7,Zone 4,34.2,Zone 4,41.1,Zone 4,37.8,Zone 4,44.4,Zone 4
Rajasthan,Jhunjhunu,Pilani,20.1,2026-04-13,00:00:00,26.0,2026-04-12,00:00:00,2026-04-13 00:13:25,17.650000000000034,Zone 3,31.4,Zone 4,17.6,Zone 3,27.8,Zone 4,24.0,Zone 3,31.4,Zone 4,27.8,Zone 4,34.7,Zone 4,31.4,Zone 4,38.0,Zone 4
Rajasthan,Jodhpur,Jodhpur,25.2,2026-04-13,00:00:00,44.0,2026-04-12,00:00:00,2026-04-13 00:13:25,24.950000000000045,Zone 3,37.7,Zone 4,24.7,Zone 3,33.5,Zone 4,29.4,Zone 4,37.5,Zone 4,33.7,Zone 4,41.4,Zone 4,37.7,Zone 4,51.4,Zone 5
Rajasthan,Karauli,Karauli Kvk,20.5,2026-04-13,00:00:00,,,,2026-04-13 00:13:25,,,,,,,,,,,,,,,,,,,,
Rajasthan,Nagaur,Krishi Vishwavidhyalaya,22.5,2026-04-12,23:45:00,56.0,2026-04-12,23:45:00,2026-04-13 00:13:25,22.350000000000023,Zone 3,36.0,Zone 4,22.4,Zone 3,31.6,Zone 4,27.4,Zone 4,35.8,Zone 4,31.8,Zone 4,39.8,Zone 4,36.0,Zone 4,49.8,Zone 5
Rajasthan,Pali,Pali,19.6,2026-04-13,00:00:00,46.0,2026-04-12,00:00:00,2026-04-13 00:13:25,18.25,Zone 3,32.0,Zone 4,18.2,Zone 3,28.1,Zone 4,24.2,Zone 3,31.9,Zone 4,28.2,Zone 4,35.6,Zone 4,32.0,Zone 4,39.1,Zone 4
Rajasthan,Pratapgarh,Pratapgarh,27.6,2026-04-13,00:00:00,24.0,2026-04-12,00:00:00,2026-04-13 00:13:25,26.450000000000045,Zone 4,37.9,Zone 4,26.4,Zone 4,34.2,Zone 4,30.5,Zone 4,37.8,Zone 4,34.3,Zone 4,41.3,Zone 4,37.9,Zone 4,44.6,Zone 4
Rajasthan,Sikar,Fatehpur Amfu,19.3,2026-04-13,00:00:00,62.0,2026-04-12,00:00:00,2026-04-13 00:13:25,18.850000000000023,Zone 3,32.9,Zone 4,19.1,Zone 3,28.7,Zone 4,24.6,Zone 3,32.8,Zone 4,28.8,Zone 4,36.7,Zone 4,32.9,Zone 4,41.4,Zone 5
Rajasthan,Sirohi,Mount Abu,18.8,2026-04-13,00:00:00,30.0,2026-04-12,00:00:00,2026-04-13 00:13:25,16.350000000000023,Zone 3,30.7,Zone 4,16.6,Zone 3,27.2,Zone 4,23.4,Zone 3,30.7,Zone 4,27.1,Zone 4,34.1,Zone 4,30.7,Zone 4,37.4,Zone 4
Rajasthan,Sirohi,Sirohi Kvk,20.6,2026-04-13,00:00:00,26.0,2026-04-12,00:00:00,2026-04-13 00:13:25,18.350000000000023,Zone 3,31.8,Zone 4,18.2,Zone 3,28.2,Zone 4,24.4,Zone 3,31.8,Zone 4,28.2,Zone 4,35.2,Zone 4,31.8,Zone 4,38.4,Zone 4
Sikkim,Gangtok,Gangtok,11.4,2026-04-13,00:00:00,100.0,2026-04-12,00:00:00,2026-04-13 00:13:25,11.450000000000045,Zone 2,26.2,Zone 4,11.5,Zone 2,23.2,Zone 3,18.9,Zone 3,26.2,Zone 4,23.2,Zone 3,30.0,Zone 4,26.2,Zone 4,33.8,Zone 4
Sikkim,Namchi,Namchi,13.2,2026-04-13,00:00:00,99.0,2026-04-12,00:00:00,2026-04-13 00:13:25,13.150000000000034,Zone 2,27.6,Zone 4,13.0,Zone 2,24.1,Zone 3,20.2,Zone 3,27.5,Zone 4,24.1,Zone 3,31.5,Zone 4,27.6,Zone 4,35.4,Zone 4
Sikkim,Soreng,Soreng,12.1,2026-04-13,00:00:00,100.0,2026-04-12,00:00:00,2026-04-13 00:13:25,12.150000000000034,Zone 2,26.6,Zone 4,12.0,Zone 2,23.5,Zone 3,19.4,Zone 3,26.6,Zone 4,23.6,Zone 3,30.5,Zone 4,26.6,Zone 4,34.3,Zone 4
Sikkim,Soreng,Soreng,12.1,2026-04-13,00:00:00,100.0,2026-04-12,00:00:00,2026-04-13 00:13:25,12.150000000000034,Zone 2,26.6,Zone 4,12.0,Zone 2,23.5,Zone 3,19.4,Zone 3,26.6,Zone 4,23.6,Zone 3,30.5,Zone 4,26.6,Zone 4,34.3,Zone 4
Sikkim,Soreng,Soreng,12.4,2026-04-13,00:00:00,100.0,2026-04-12,00:00:00,2026-04-13 00:13:25,12.350000000000023,Zone 2,27.1,Zone 4,12.5,Zone 2,23.8,Zone 3,19.8,Zone 3,27.1,Zone 4,23.9,Zone 3,31.0,Zone 4,27.1,Zone 4,34.9,Zone 4
Sikkim,Soreng,Soreng,12.4,2026-04-13,00:00:00,100.0,2026-04-12,00:00:00,2026-04-13 00:13:25,12.350000000000023,Zone 2,27.1,Zone 4,12.5,Zone 2,23.8,Zone 3,19.8,Zone 3,27.1,Zone 4,23.9,Zone 3,31.0,Zone 4,27.1,Zone 4,34.9,Zone 4
Tamil Nadu,Ariyalur,Ariyalur,26.3,2026-04-13,00:00:00,86.0,2026-04-12,00:00:00,2026-04-13 00:13:25,29.150000000000034,Zone 4,61.1,Zone 5,29.6,Zone 4,49.8,Zone 5,36.3,Zone 4,60.7,Zone 5,52.1,Zone 5,63.6,Zone 5,61.1,Zone 5,65.8,Zone 5
Tamil Nadu,Chengalpattu,Mahabalipuram,28.3,2026-04-13,00:00:00,84.0,2026-04-12,00:00:00,2026-04-13 00:13:25,33.150000000000034,Zone 4,63.9,Zone 5,33.7,Zone 4,60.0,Zone 5,46.1,Zone 5,63.5,Zone 5,60.6,Zone 5,66.0,Zone 5,63.9,Zone 5,67.9,Zone 5
Tamil Nadu,Chengalpattu,Vit Chennai,26.9,2026-04-13,00:00:00,90.0,2026-04-12,00:00:00,2026-04-13 00:13:25,30.850000000000023,Zone 4,62.8,Zone 5,31.1,Zone 4,57.8,Zone 5,39.7,Zone 5,62.4,Zone 5,59.2,Zone 5,65.1,Zone 5,62.8,Zone 5,67.1,Zone 5
Tamil Nadu,Chennai,Anna University,27.5,2026-04-13,00:00:00,91.0,2026-04-12,00:00:00,2026-04-13 00:13:25,32.450000000000045,Zone 4,63.9,Zone 5,32.4,Zone 4,59.9,Zone 5,45.7,Zone 5,63.5,Zone 5,60.5,Zone 5,66.0,Zone 5,63.9,Zone 5,67.8,Zone 5
Tamil Nadu,Chennai,Chennai,28.6,2026-04-13,00:00:00,97.0,2026-04-12,00:00:00,2026-04-13 00:13:25,39.55000000000001,Zone 5,66.9,Zone 5,38.4,Zone 5,63.6,Zone 5,60.2,Zone 5,66.5,Zone 5,64.2,Zone 5,68.6,Zone 5,66.9,Zone 5,70.1,Zone 5
Tamil Nadu,Chennai,Meenambakkam Isro,26.4,2026-04-13,00:00:00,86.0,2026-04-12,00:00:00,2026-04-13 00:13:25,29.350000000000023,Zone 4,61.1,Zone 5,29.6,Zone 4,49.8,Zone 5,36.3,Zone 4,60.7,Zone 5,52.1,Zone 5,63.6,Zone 5,61.1,Zone 5,65.8,Zone 5
Tamil Nadu,Chennai,Niot Pallikaranai,27.8,2026-04-13,00:00:00,84.0,2026-04-12,00:00:00,2026-04-13 00:13:25,32.05000000000001,Zone 4,63.1,Zone 5,32.5,Zone 4,59.0,Zone 5,41.4,Zone 5,62.7,Zone 5,59.6,Zone 5,65.3,Zone 5,63.1,Zone 5,67.3,Zone 5
Tamil Nadu,Coimbatore,Coimbatore Amfu,27.2,2026-04-12,23:45:00,70.0,2026-04-12,23:45:00,2026-04-13 00:13:25,29.150000000000034,Zone 4,56.2,Zone 5,28.9,Zone 4,39.6,Zone 4,34.7,Zone 4,54.7,Zone 5,40.2,Zone 4,61.2,Zone 5,56.2,Zone 5,63.7,Zone 5
Tamil Nadu,Coimbatore,Upasi Tea Research Foundation,19.9,2026-04-13,00:00:00,52.0,2026-04-12,00:00:00,2026-04-13 00:13:25,19.05000000000001,Zone 3,32.8,Zone 4,19.1,Zone 3,28.8,Zone 4,24.8,Zone 3,32.8,Zone 4,28.9,Zone 4,36.5,Zone 4,32.8,Zone 4,40.1,Zone 4
Tamil Nadu,Cuddalore,Neyveli,25.7,2026-04-13,00:00:00,99.0,2026-04-12,00:00:00,2026-04-13 00:13:25,29.350000000000023,Zone 4,62.2,Zone 5,28.9,Zone 4,54.9,Zone 5,36.7,Zone 5,61.7,Zone 5,57.1,Zone 5,64.5,Zone 5,62.2,Zone 5,66.6,Zone 5
Tamil Nadu,Cuddalore,Vridha Chalam,27.2,2026-04-13,00:00:00,82.0,2026-04-12,00:00:00,2026-04-13 00:13:25,30.450000000000045,Zone 4,61.0,Zone 5,30.1,Zone 4,49.4,Zone 5,36.7,Zone 4,60.6,Zone 5,51.8,Zone 5,63.5,Zone 5,61.0,Zone 5,65.7,Zone 5
Tamil Nadu,Dharmapuri,Palacode,27.2,2026-04-13,00:00:00,54.0,2026-04-12,00:00:00,2026-04-13 00:13:25,27.850000000000023,Zone 4,41.9,Zone 4,27.6,Zone 4,37.1,Zone 4,32.7,Zone 4,41.6,Zone 4,37.4,Zone 4,54.8,Zone 5,41.9,Zone 4,60.8,Zone 5
Tamil Nadu,Dindigul,Natham Isro,22.7,2026-04-13,00:00:00,,,,2026-04-13 00:13:25,,,,,,,,,,,,,,,,,,,,
Tamil Nadu,Dindigul,Palani,26.4,2026-04-13,00:00:00,72.0,2026-04-12,00:00:00,2026-04-13 00:13:25,28.05000000000001,Zone 4,55.1,Zone 5,28.2,Zone 4,39.0,Zone 4,34.1,Zone 4,53.5,Zone 5,39.6,Zone 4,60.9,Zone 5,55.1,Zone 5,63.5,Zone 5
Tamil Nadu,Dindigul,Vedasandur,29.8,2026-04-13,00:00:00,45.0,2026-04-12,00:00:00,2026-04-13 00:13:25,30.450000000000045,Zone 4,47.0,Zone 5,30.8,Zone 4,40.0,Zone 4,35.7,Zone 4,45.6,Zone 5,40.4,Zone 4,59.3,Zone 5,47.0,Zone 5,62.0,Zone 5
Tamil Nadu,Erode,Erode Isro,29.9,2026-04-13,00:00:00,48.0,2026-04-12,00:00:00,2026-04-13 00:13:25,30.950000000000045,Zone 4,50.6,Zone 5,31.1,Zone 4,40.6,Zone 4,36.2,Zone 4,49.1,Zone 5,41.0,Zone 4,60.0,Zone 5,50.6,Zone 5,62.7,Zone 5
Tamil Nadu,Kallakurichi,Kallakurichi,34.2,2026-04-12,23:45:00,72.0,2026-04-12,23:45:00,2026-04-13 00:13:25,60.05000000000001,Zone 5,69.8,Zone 5,59.4,Zone 5,67.2,Zone 5,64.5,Zone 5,69.5,Zone 5,67.7,Zone 5,71.1,Zone 5,69.8,Zone 5,73.5,Zone 6
Tamil Nadu,Kallakurichi,Kallakurichi(Taluk Office),26.7,2026-04-13,00:00:00,83.0,2026-04-12,00:00:00,2026-04-13 00:13:25,29.650000000000034,Zone 4,60.4,Zone 5,29.2,Zone 4,46.6,Zone 5,35.8,Zone 4,60.0,Zone 5,48.9,Zone 5,63.0,Zone 5,60.4,Zone 5,65.3,Zone 5
Tamil Nadu,Kanchipuram,Chembarambakkam,27.1,2026-04-13,00:00:00,90.0,2026-04-12,00:00:00,2026-04-13 00:13:25,31.350000000000023,Zone 4,62.8,Zone 5,31.1,Zone 4,57.8,Zone 5,39.7,Zone 5,62.4,Zone 5,59.2,Zone 5,65.1,Zone 5,62.8,Zone 5,67.1,Zone 5
Tamil Nadu,Kanchipuram,Hindustan University,27.9,2026-04-13,00:00:00,89.0,2026-04-12,00:00:00,2026-04-13 00:13:25,33.05000000000001,Zone 4,64.2,Zone 5,33.3,Zone 4,60.4,Zone 5,48.0,Zone 5,63.8,Zone 5,61.0,Zone 5,66.3,Zone 5,64.2,Zone 5,68.1,Zone 5
Tamil Nadu,Kanchipuram,Lmois  Kolapakkam,28.7,2026-04-13,00:00:00,81.0,2026-04-12,00:00:00,2026-04-13 00:13:25,33.55000000000001,Zone 4,63.2,Zone 5,33.1,Zone 4,59.2,Zone 5,42.0,Zone 5,62.8,Zone 5,59.7,Zone 5,65.4,Zone 5,63.2,Zone 5,67.4,Zone 5
Tamil Nadu,Kanchipuram,Sathyabama  University,27.7,2026-04-13,00:00:00,93.0,2026-04-12,00:00:00,2026-04-13 00:13:25,33.25,Zone 4,64.3,Zone 5,32.8,Zone 4,60.5,Zone 5,48.3,Zone 5,63.9,Zone 5,61.0,Zone 5,66.3,Zone 5,64.3,Zone 5,68.2,Zone 5
Tamil Nadu,Kanyakumari,Nagercoil,22.9,2026-04-13,00:00:00,70.0,2026-04-12,00:00:00,2026-04-13 00:13:25,23.450000000000045,Zone 3,38.2,Zone 4,23.6,Zone 3,33.3,Zone 4,28.7,Zone 4,37.9,Zone 4,33.6,Zone 4,47.7,Zone 5,38.2,Zone 4,59.3,Zone 5
Tamil Nadu,Kanyakumari,Neyyoor,26.6,2026-04-13,00:00:00,91.0,2026-04-12,00:00:00,2026-04-13 00:13:25,30.350000000000023,Zone 4,62.2,Zone 5,30.1,Zone 4,55.0,Zone 5,37.3,Zone 4,61.8,Zone 5,57.2,Zone 5,64.5,Zone 5,62.2,Zone 5,66.6,Zone 5
Tamil Nadu,Kanyakumari,Thirupathisaram Amfu,26.4,2026-04-13,00:00:00,96.0,2026-04-12,00:00:00,2026-04-13 00:13:25,30.55000000000001,Zone 4,63.2,Zone 5,30.8,Zone 4,59.2,Zone 5,42.1,Zone 5,62.8,Zone 5,59.8,Zone 5,65.4,Zone 5,63.2,Zone 5,67.4,Zone 5
Tamil Nadu,Krishnagiri,Denkanikottai,24.6,2026-04-13,00:00:00,56.0,2026-04-12,00:00:00,2026-04-13 00:13:25,24.75,Zone 3,38.5,Zone 4,24.7,Zone 3,34.0,Zone 4,29.6,Zone 4,38.3,Zone 4,34.2,Zone 4,44.6,Zone 5,38.5,Zone 4,57.6,Zone 5
Tamil Nadu,Krishnagiri,Hosur,24.1,2026-04-13,00:00:00,71.0,2026-04-12,00:00:00,2026-04-13 00:13:25,24.850000000000023,Zone 3,39.9,Zone 4,24.8,Zone 3,34.8,Zone 4,30.1,Zone 4,39.5,Zone 4,35.1,Zone 4,53.5,Zone 5,39.9,Zone 4,60.5,Zone 5
Tamil Nadu,Madurai,Madurai Isro,25.9,2026-04-13,00:00:00,,,,2026-04-13 00:13:25,,,,,,,,,,,,,,,,,,,,
Tamil Nadu,Mayiladuthurai,Mayiladuthurai,26.5,2026-04-13,00:00:00,,,,2026-04-13 00:13:25,,,,,,,,,,,,,,,,,,,,
Tamil Nadu,Nagapattinam,Mo Nagapattinam Campus,28.6,2026-04-12,23:30:00,89.0,2026-04-12,23:30:00,2026-04-13 00:13:25,34.950000000000045,Zone 4,65.1,Zone 5,34.7,Zone 4,61.4,Zone 5,53.1,Zone 5,64.7,Zone 5,62.0,Zone 5,67.0,Zone 5,65.1,Zone 5,68.8,Zone 5
Tamil Nadu,Nagapattinam,Vedharanyam,27.5,2026-04-12,23:15:00,,,,2026-04-13 00:13:25,,,,,,,,,,,,,,,,,,,,
Tamil Nadu,Nctpl Marg Ecr,New Chennai Township Private L,27.5,2026-04-13,00:00:00,91.0,2026-04-12,00:00:00,2026-04-13 00:13:25,32.450000000000045,Zone 4,63.9,Zone 5,32.4,Zone 4,59.9,Zone 5,45.7,Zone 5,63.5,Zone 5,60.5,Zone 5,66.0,Zone 5,63.9,Zone 5,67.8,Zone 5
Tamil Nadu,Perambalur,Perambalur,24.4,2026-04-12,23:45:00,70.0,2026-04-12,23:45:00,2026-04-13 00:13:25,25.150000000000034,Zone 3,41.3,Zone 5,25.3,Zone 3,35.4,Zone 4,30.7,Zone 4,40.2,Zone 4,35.8,Zone 4,55.3,Zone 5,41.3,Zone 5,60.9,Zone 5
Tamil Nadu,Pudukkottai,Vamban Kvk,22.8,2026-04-13,00:00:00,98.0,2026-04-12,00:00:00,2026-04-13 00:13:25,24.450000000000045,Zone 3,54.3,Zone 5,24.7,Zone 3,36.2,Zone 4,30.8,Zone 4,52.8,Zone 5,37.0,Zone 5,60.8,Zone 5,54.3,Zone 5,63.3,Zone 5
Tamil Nadu,Ramanathapuram,Ramnadu Kvk,26.3,2026-04-13,00:00:00,,,,2026-04-13 00:13:25,,,,,,,,,,,,,,,,,,,,
Tamil Nadu,Ranipet,Kalavai,26.3,2026-04-13,00:00:00,,,,2026-04-13 00:13:25,,,,,,,,,,,,,,,,,,,,
Tamil Nadu,Ranipet,Ranipet,25.8,2026-04-13,00:00:00,100.0,2026-04-12,00:00:00,2026-04-13 00:13:25,29.650000000000034,Zone 4,63.2,Zone 5,30.1,Zone 4,59.2,Zone 5,42.0,Zone 5,62.8,Zone 5,59.8,Zone 5,65.4,Zone 5,63.2,Zone 5,67.4,Zone 5
Tamil Nadu,Salem,Sandhiyur Kvk,28.5,2026-04-13,00:00:00,29.0,2026-04-12,00:00:00,2026-04-13 00:13:25,27.650000000000034,Zone 4,39.7,Zone 4,27.6,Zone 4,35.7,Zone 4,31.9,Zone 4,39.5,Zone 4,35.9,Zone 4,43.1,Zone 4,39.7,Zone 4,52.0,Zone 5
Tamil Nadu,Sivaganga,Sethu Bhaskar Agri College Kar,24.2,2026-04-13,00:00:00,92.0,2026-04-12,00:00:00,2026-04-13 00:13:25,25.950000000000045,Zone 4,56.3,Zone 5,25.7,Zone 4,37.3,Zone 4,32.0,Zone 4,54.7,Zone 5,38.9,Zone 5,61.2,Zone 5,56.3,Zone 5,63.7,Zone 5
Tamil Nadu,Tenkasi,Tenkasi,28.1,2026-04-12,23:45:00,81.0,2026-04-12,23:45:00,2026-04-13 00:13:25,32.25,Zone 4,62.4,Zone 5,32.0,Zone 4,56.1,Zone 5,38.9,Zone 4,62.0,Zone 5,58.2,Zone 5,64.7,Zone 5,62.4,Zone 5,66.8,Zone 5
Tamil Nadu,Thanjavur,Adiramapattinam,25.9,2026-04-13,00:00:00,100.0,2026-04-12,00:00:00,2026-04-13 00:13:25,29.850000000000023,Zone 4,63.2,Zone 5,30.1,Zone 4,59.2,Zone 5,42.0,Zone 5,62.8,Zone 5,59.8,Zone 5,65.4,Zone 5,63.2,Zone 5,67.4,Zone 5
Tamil Nadu,The Nilgiris,Coonoor,16.8,2026-04-12,23:45:00,70.0,2026-04-12,23:45:00,2026-04-13 00:13:25,16.150000000000034,Zone 3,30.7,Zone 4,16.4,Zone 3,26.5,Zone 4,22.9,Zone 3,30.6,Zone 4,26.6,Zone 4,34.5,Zone 4,30.7,Zone 4,38.2,Zone 4
Tamil Nadu,Thiruninravur,Jaya Engineering Clg,27.7,2026-04-13,00:00:00,70.0,2026-04-12,00:00:00,2026-04-13 00:13:25,30.05000000000001,Zone 4,59.0,Zone 5,29.7,Zone 4,40.6,Zone 4,35.6,Zone 4,57.6,Zone 5,42.1,Zone 5,61.8,Zone 5,59.0,Zone 5,64.3,Zone 5
Tamil Nadu,Thoothukudi,Sattankulam,27.2,2026-04-13,00:00:00,88.0,2026-04-12,00:00:00,2026-04-13 00:13:25,31.25,Zone 4,62.4,Zone 5,30.8,Zone 4,55.8,Zone 5,37.9,Zone 4,61.9,Zone 5,58.0,Zone 5,64.7,Zone 5,62.4,Zone 5,66.7,Zone 5
Tamil Nadu,Thoothukudi,Thiruchendur,28.4,2026-04-12,23:45:00,,,,2026-04-13 00:13:25,,,,,,,,,,,,,,,,,,,,
Tamil Nadu,Thoothukudi,Tuticorin Airport,26.8,2026-04-12,23:15:00,,,,2026-04-13 00:13:25,,,,,,,,,,,,,,,,,,,,
Tamil Nadu,Thoothukudi,Tuticorin Railway Station,28.1,2026-04-13,00:00:00,78.0,2026-04-12,00:00:00,2026-04-13 00:13:25,31.75,Zone 4,61.7,Zone 5,31.6,Zone 4,52.7,Zone 5,38.2,Zone 4,61.3,Zone 5,55.0,Zone 5,64.1,Zone 5,61.7,Zone 5,66.2,Zone 5
Tamil Nadu,Tiruchirappalli,Thuvakudi Isro,25.7,2026-04-13,00:00:00,80.0,2026-04-12,00:00:00,2026-04-13 00:13:25,27.55000000000001,Zone 4,56.0,Zone 5,27.3,Zone 4,38.5,Zone 4,33.4,Zone 4,54.5,Zone 5,39.0,Zone 4,61.1,Zone 5,56.0,Zone 5,63.6,Zone 5
Tamil Nadu,Tirunelveli,Manimuthar Dam,27.7,2026-04-12,23:45:00,51.0,2026-04-12,23:45:00,2026-04-13 00:13:25,28.25,Zone 4,42.1,Zone 4,28.0,Zone 4,37.4,Zone 4,33.0,Zone 4,41.8,Zone 4,37.7,Zone 4,54.5,Zone 5,42.1,Zone 4,60.7,Zone 5
Tamil Nadu,Tirunelveli,Radhapuram,28.1,2026-04-13,00:00:00,89.0,2026-04-12,00:00:00,2026-04-13 00:13:25,33.55000000000001,Zone 4,64.2,Zone 5,33.3,Zone 4,60.4,Zone 5,48.0,Zone 5,63.8,Zone 5,61.0,Zone 5,66.3,Zone 5,64.2,Zone 5,68.1,Zone 5
Tamil Nadu,Tirunelveli,Tirunelveli,26.3,2026-04-12,23:45:00,85.0,2026-04-12,23:45:00,2026-04-13 00:13:25,29.05000000000001,Zone 4,60.9,Zone 5,29.5,Zone 4,48.7,Zone 5,36.1,Zone 4,60.5,Zone 5,51.1,Zone 5,63.4,Zone 5,60.9,Zone 5,65.6,Zone 5
Tamil Nadu,Tirupattur,Tirupattur Collectoroffice,28.2,2026-04-13,00:00:00,,,,2026-04-13 00:13:25,,,,,,,,,,,,,,,,,,,,
Tamil Nadu,Tiruppur,Tiruppur Collector Office,28.3,2026-04-13,00:00:00,75.0,2026-04-12,00:00:00,2026-04-13 00:13:25,31.75,Zone 4,61.8,Zone 5,32.1,Zone 4,53.1,Zone 5,38.7,Zone 4,61.4,Zone 5,55.4,Zone 5,64.2,Zone 5,61.8,Zone 5,66.3,Zone 5
Tamil Nadu,Tiruvallur,Good Will School Villivakkam,27.9,2026-04-13,00:00:00,84.0,2026-04-12,00:00:00,2026-04-13 00:13:25,32.25,Zone 4,63.1,Zone 5,32.5,Zone 4,59.0,Zone 5,41.4,Zone 5,62.7,Zone 5,59.6,Zone 5,65.3,Zone 5,63.1,Zone 5,67.3,Zone 5
Tamil Nadu,Tiruvallur,Poonamallee,27.2,2026-04-13,00:00:00,85.0,2026-04-12,00:00:00,2026-04-13 00:13:25,30.850000000000023,Zone 4,61.7,Zone 5,30.4,Zone 4,52.7,Zone 5,37.3,Zone 4,61.3,Zone 5,55.0,Zone 5,64.1,Zone 5,61.7,Zone 5,66.2,Zone 5
Tamil Nadu,Tiruvallur,R.K.Pet,26.9,2026-04-13,00:00:00,86.0,2026-04-12,00:00:00,2026-04-13 00:13:25,30.350000000000023,Zone 4,61.9,Zone 5,30.6,Zone 4,53.8,Zone 5,37.5,Zone 4,61.5,Zone 5,56.0,Zone 5,64.3,Zone 5,61.9,Zone 5,66.4,Zone 5
Tamil Nadu,Tiruvallur,Tirur Kvk,27.1,2026-04-13,00:00:00,,,,2026-04-13 00:13:25,,,,,,,,,,,,,,,,,,,,
Tamil Nadu,Tiruvannamalai,Cheyyar,26.8,2026-04-13,00:00:00,91.0,2026-04-12,00:00:00,2026-04-13 00:13:25,30.75,Zone 4,63.0,Zone 5,31.2,Zone 4,58.7,Zone 5,40.9,Zone 5,62.6,Zone 5,59.5,Zone 5,65.2,Zone 5,63.0,Zone 5,67.2,Zone 5
Tamil Nadu,Tiruvannamalai,Tiruvannamalai Isro,26.7,2026-04-13,00:00:00,74.0,2026-04-12,00:00:00,2026-04-13 00:13:25,28.75,Zone 4,56.8,Zone 5,28.4,Zone 4,39.4,Zone 4,34.4,Zone 4,55.3,Zone 5,40.0,Zone 4,61.3,Zone 5,56.8,Zone 5,63.8,Zone 5
Tamil Nadu,Vellore,Virinjipuram Kvk,27.6,2026-04-13,00:00:00,30.0,2026-04-12,00:00:00,2026-04-13 00:13:25,26.75,Zone 4,38.7,Zone 4,26.7,Zone 4,34.8,Zone 4,31.0,Zone 4,38.6,Zone 4,35.0,Zone 4,42.2,Zone 4,38.7,Zone 4,49.4,Zone 5
Tamil Nadu,Virudhunagar,Aruppukottai Kvk,25.7,2026-04-13,00:00:00,69.0,2026-04-12,00:00:00,2026-04-13 00:13:25,26.850000000000023,Zone 4,46.2,Zone 5,26.6,Zone 4,36.8,Zone 4,32.1,Zone 4,44.7,Zone 5,37.3,Zone 4,59.1,Zone 5,46.2,Zone 5,61.8,Zone 5
Telangana,Hanumakonda,Hanumakonda,27.2,2026-04-13,00:00:00,71.0,2026-04-12,00:00:00,2026-04-13 00:13:25,29.25,Zone 4,57.1,Zone 5,29.0,Zone 4,39.8,Zone 4,34.9,Zone 4,55.6,Zone 5,40.4,Zone 4,61.4,Zone 5,57.1,Zone 5,63.9,Zone 5
Telangana,Hyderabad,Golkonda,31.0,2026-04-13,00:00:00,62.0,2026-04-12,00:00:00,2026-04-13 00:13:25,35.05000000000001,Zone 4,62.2,Zone 5,35.0,Zone 4,55.4,Zone 5,41.2,Zone 4,61.8,Zone 5,57.5,Zone 5,64.6,Zone 5,62.2,Zone 5,66.7,Zone 5
Telangana,Hyderabad,Hyderabad,30.0,2026-04-12,23:45:00,56.0,2026-04-12,23:45:00,2026-04-13 00:13:25,32.150000000000034,Zone 4,59.1,Zone 5,32.1,Zone 4,42.4,Zone 4,37.7,Zone 4,57.9,Zone 5,42.9,Zone 4,61.9,Zone 5,59.1,Zone 5,64.3,Zone 5
Telangana,Karimnagar,Karimnagar,28.8,2026-04-13,00:00:00,71.0,2026-04-12,00:00:00,2026-04-13 00:13:25,32.150000000000034,Zone 4,61.6,Zone 5,32.5,Zone 4,52.1,Zone 5,38.9,Zone 4,61.2,Zone 5,54.4,Zone 5,64.0,Zone 5,61.6,Zone 5,66.1,Zone 5
Telangana,Khammam,Khammam,27.4,2026-04-13,00:00:00,80.0,2026-04-12,00:00:00,2026-04-13 00:13:25,30.650000000000034,Zone 4,61.4,Zone 5,30.8,Zone 4,51.1,Zone 5,37.5,Zone 4,61.0,Zone 5,53.4,Zone 5,63.8,Zone 5,61.4,Zone 5,66.0,Zone 5
Telangana,Khammam,Wyra Kvk,25.8,2026-04-13,00:00:00,53.0,2026-04-12,00:00:00,2026-04-13 00:13:25,26.05000000000001,Zone 4,40.2,Zone 4,26.3,Zone 4,35.6,Zone 4,31.3,Zone 4,39.9,Zone 4,35.9,Zone 4,49.2,Zone 5,40.2,Zone 4,59.6,Zone 5
Telangana,Kumuram Bheem Asifabad ,Asifabad,28.9,2026-04-13,00:00:00,53.0,2026-04-12,00:00:00,2026-04-13 00:13:25,30.05000000000001,Zone 4,50.7,Zone 5,30.2,Zone 4,40.0,Zone 4,35.5,Zone 4,49.2,Zone 5,40.4,Zone 4,60.0,Zone 5,50.7,Zone 5,62.7,Zone 5
Telangana,Mahbubnagar,Kodangal,,,,18.0,2026-04-12,00:00:00,2026-04-13 00:13:25,,,,,,,,,,,,,,,,,,,,
Telangana,Mahbubnagar,Mahbubnagar,30.5,2026-04-13,00:00:00,48.0,2026-04-12,00:00:00,2026-04-13 00:13:25,31.850000000000023,Zone 4,53.4,Zone 5,31.8,Zone 4,41.4,Zone 4,37.0,Zone 4,51.9,Zone 5,41.9,Zone 4,60.6,Zone 5,53.4,Zone 5,63.2,Zone 5
Telangana,Medak,Ars Basanthpur,27.5,2026-04-13,00:00:00,45.0,2026-04-12,00:00:00,2026-04-13 00:13:25,27.55000000000001,Zone 4,41.0,Zone 4,27.6,Zone 4,36.6,Zone 4,32.4,Zone 4,40.8,Zone 4,36.8,Zone 4,49.1,Zone 5,41.0,Zone 4,59.6,Zone 5
Telangana,Medak,Ars Narsapur,27.6,2026-04-13,00:00:00,60.0,2026-04-12,00:00:00,2026-04-13 00:13:25,28.850000000000023,Zone 4,49.4,Zone 5,28.7,Zone 4,38.8,Zone 4,34.2,Zone 4,47.9,Zone 5,39.2,Zone 4,59.7,Zone 5,49.4,Zone 5,62.4,Zone 5
Telangana,Medak,Medak,28.1,2026-04-13,00:00:00,63.0,2026-04-12,00:00:00,2026-04-13 00:13:25,29.950000000000045,Zone 4,55.4,Zone 5,29.8,Zone 4,40.2,Zone 4,35.4,Zone 4,53.9,Zone 5,40.7,Zone 4,61.0,Zone 5,55.4,Zone 5,63.5,Zone 5
Telangana,Nalgonda,Devarakonda,30.9,2026-04-13,00:00:00,56.0,2026-04-12,00:00:00,2026-04-13 00:13:25,33.650000000000034,Zone 4,60.5,Zone 5,33.9,Zone 4,47.2,Zone 5,39.6,Zone 4,60.1,Zone 5,49.4,Zone 5,63.1,Zone 5,60.5,Zone 5,65.4,Zone 5
Telangana,Nirmal ,Bhainsa Arg,29.1,2026-04-13,00:00:00,60.0,2026-04-12,00:00:00,2026-04-13 00:13:25,31.150000000000034,Zone 4,58.0,Zone 5,31.0,Zone 4,41.4,Zone 4,36.7,Zone 4,56.6,Zone 5,42.0,Zone 4,61.6,Zone 5,58.0,Zone 5,64.1,Zone 5
Telangana,Peddapalli,Ars Peddapally,28.7,2026-04-12,23:45:00,,,,2026-04-13 00:13:25,,,,,,,,,,,,,,,,,,,,
Telangana,Peddapalli,Kunaram,30.7,2026-04-13,00:00:00,30.0,2026-04-12,00:00:00,2026-04-13 00:13:25,30.05000000000001,Zone 4,42.2,Zone 4,29.8,Zone 4,38.0,Zone 4,34.2,Zone 4,41.9,Zone 4,38.3,Zone 4,46.8,Zone 5,42.2,Zone 4,59.1,Zone 5
Telangana,Rajanna Sircilla,Sircilla,28.5,2026-04-13,00:00:00,61.0,2026-04-12,00:00:00,2026-04-13 00:13:25,30.350000000000023,Zone 4,56.3,Zone 5,30.3,Zone 4,40.7,Zone 4,36.0,Zone 4,54.8,Zone 5,41.2,Zone 4,61.2,Zone 5,56.3,Zone 5,63.7,Zone 5
Telangana,Ranga Reddy,Cbit Gandipet,29.9,2026-04-13,00:00:00,51.0,2026-04-12,00:00:00,2026-04-13 00:13:25,31.350000000000023,Zone 4,54.1,Zone 5,31.5,Zone 4,41.2,Zone 4,36.8,Zone 4,52.6,Zone 5,41.7,Zone 4,60.7,Zone 5,54.1,Zone 5,63.3,Zone 5
Telangana,Ranga Reddy,Dullapally,17.3,2026-04-13,00:00:00,68.0,2026-04-12,00:00:00,2026-04-13 00:13:25,16.650000000000034,Zone 3,31.1,Zone 4,16.9,Zone 3,26.9,Zone 4,23.2,Zone 3,31.0,Zone 4,27.0,Zone 4,34.9,Zone 4,31.1,Zone 4,38.7,Zone 4
Telangana,Ranga Reddy,Esci Gachibowli,27.3,2026-04-13,00:00:00,59.0,2026-04-12,00:00:00,2026-04-13 00:13:25,28.350000000000023,Zone 4,48.4,Zone 5,28.7,Zone 4,38.6,Zone 4,34.0,Zone 4,46.9,Zone 5,39.0,Zone 4,59.5,Zone 5,48.4,Zone 5,62.3,Zone 5
Telangana,Ranga Reddy,Ghatkesar,26.7,2026-04-13,00:00:00,67.0,2026-04-12,00:00:00,2026-04-13 00:13:25,28.150000000000034,Zone 4,50.4,Zone 5,27.8,Zone 4,38.2,Zone 4,33.5,Zone 4,48.8,Zone 5,38.7,Zone 4,59.9,Zone 5,50.4,Zone 5,62.6,Zone 5
Telangana,Ranga Reddy,Hayathnagar,28.5,2026-04-13,00:00:00,56.0,2026-04-12,00:00:00,2026-04-13 00:13:25,29.850000000000023,Zone 4,51.1,Zone 5,29.8,Zone 4,39.7,Zone 4,35.2,Zone 4,49.6,Zone 5,40.2,Zone 4,60.1,Zone 5,51.1,Zone 5,62.7,Zone 5
Telangana,Ranga Reddy,Ibrahimpatam,27.6,2026-04-12,23:45:00,63.0,2026-04-12,23:45:00,2026-04-13 00:13:25,29.150000000000034,Zone 4,52.5,Zone 5,29.0,Zone 4,39.3,Zone 4,34.6,Zone 4,50.9,Zone 5,39.8,Zone 4,60.4,Zone 5,52.5,Zone 5,63.0,Zone 5
Telangana,Sangareddy,Kandi,29.9,2026-04-13,00:00:00,50.0,2026-04-12,00:00:00,2026-04-13 00:13:25,31.25,Zone 4,52.9,Zone 5,31.4,Zone 4,41.0,Zone 4,36.6,Zone 4,51.4,Zone 5,41.5,Zone 4,60.5,Zone 5,52.9,Zone 5,63.1,Zone 5
Telangana,Siddipet,Kaveri Siddipet,26.8,2026-04-13,00:00:00,68.0,2026-04-12,00:00:00,2026-04-13 00:13:25,28.350000000000023,Zone 4,54.4,Zone 5,28.7,Zone 4,39.3,Zone 4,34.4,Zone 4,52.8,Zone 5,39.8,Zone 4,60.8,Zone 5,54.4,Zone 5,63.3,Zone 5
Telangana,Suryapet,Suryapet Arg,27.9,2026-04-13,00:00:00,65.0,2026-04-12,00:00:00,2026-04-13 00:13:25,29.850000000000023,Zone 4,57.3,Zone 5,30.0,Zone 4,40.6,Zone 4,35.7,Zone 4,55.8,Zone 5,41.1,Zone 4,61.4,Zone 5,57.3,Zone 5,63.9,Zone 5
Telangana,Wanaparthy,Horticultural University Mojer,30.3,2026-04-13,00:00:00,50.0,2026-04-12,00:00:00,2026-04-13 00:13:25,31.850000000000023,Zone 4,55.7,Zone 5,32.1,Zone 4,41.9,Zone 4,37.4,Zone 4,54.2,Zone 5,42.3,Zone 4,61.1,Zone 5,55.7,Zone 5,63.6,Zone 5
Tripura,Dhalai,Dholai Kvk,25.5,2026-04-13,00:00:00,91.0,2026-04-12,00:00:00,2026-04-13 00:13:25,28.150000000000034,Zone 4,60.5,Zone 5,28.1,Zone 4,47.0,Zone 5,34.9,Zone 4,60.1,Zone 5,49.3,Zone 5,63.1,Zone 5,60.5,Zone 5,65.4,Zone 5
Tripura,Dhalai,Gandachara,26.1,2026-04-13,00:00:00,95.0,2026-04-12,00:00:00,2026-04-13 00:13:25,29.75,Zone 4,62.2,Zone 5,29.5,Zone 4,55.1,Zone 5,36.8,Zone 5,61.8,Zone 5,57.2,Zone 5,64.5,Zone 5,62.2,Zone 5,66.6,Zone 5
Tripura,Khowai,Khowai,27.2,2026-04-13,00:00:00,,,,2026-04-13 00:13:25,,,,,,,,,,,,,,,,,,,,
Tripura,North Tripura,Ashapara,25.3,2026-04-13,00:00:00,100.0,2026-04-12,00:00:00,2026-04-13 00:13:25,28.55000000000001,Zone 4,62.4,Zone 5,29.0,Zone 4,55.9,Zone 5,37.6,Zone 5,62.0,Zone 5,58.0,Zone 5,64.7,Zone 5,62.4,Zone 5,66.7,Zone 5
Tripura,North Tripura,Eden Laouge,23.1,2026-04-12,23:15:00,,,,2026-04-13 00:13:25,,,,,,,,,,,,,,,,,,,,
Tripura,North Tripura,Kamalpur,24.4,2026-04-13,00:00:00,,,,2026-04-13 00:13:25,,,,,,,,,,,,,,,,,,,,
Tripura,Sipahijala,Cti,26.3,2026-04-13,00:00:00,100.0,2026-04-12,00:00:00,2026-04-13 00:13:25,30.850000000000023,Zone 4,64.1,Zone 5,31.3,Zone 4,60.2,Zone 5,47.0,Zone 5,63.7,Zone 5,60.8,Zone 5,66.2,Zone 5,64.1,Zone 5,68.0,Zone 5
Tripura,South Tripura,Gokulpur,27.1,2026-04-13,00:00:00,,,,2026-04-13 00:13:25,,,,,,,,,,,,,,,,,,,,
Tripura,South Tripura,Sabroom,25.3,2026-04-13,00:00:00,15.0,2026-04-12,00:00:00,2026-04-13 00:13:25,23.450000000000045,Zone 3,35.2,Zone 4,23.7,Zone 3,31.8,Zone 4,28.2,Zone 4,35.2,Zone 4,31.8,Zone 4,38.4,Zone 4,35.2,Zone 4,41.5,Zone 4
Tripura,Unakoti,Kailashahar,25.9,2026-04-13,00:00:00,92.0,2026-04-12,00:00:00,2026-04-13 00:13:25,29.05000000000001,Zone 4,61.6,Zone 5,29.2,Zone 4,52.0,Zone 5,36.2,Zone 4,61.1,Zone 5,54.4,Zone 5,64.0,Zone 5,61.6,Zone 5,66.1,Zone 5
Tripura,West Tripura,A D Nagar Amfu,26.6,2026-04-13,00:00:00,95.0,2026-04-12,00:00:00,2026-04-13 00:13:25,30.850000000000023,Zone 4,63.0,Zone 5,30.6,Zone 4,58.8,Zone 5,41.0,Zone 5,62.6,Zone 5,59.5,Zone 5,65.3,Zone 5,63.0,Zone 5,67.2,Zone 5
Tripura,West Tripura,Dm Office West Agartala,26.8,2026-04-13,00:00:00,,,,2026-04-13 00:13:25,,,,,,,,,,,,,,,,,,,,
Tripura,West Tripura,Hrc Nagicherra,25.2,2026-04-13,00:00:00,,,,2026-04-13 00:13:25,,,,,,,,,,,,,,,,,,,,
Tripura,West Tripura,Khumluwang,25.1,2026-04-13,00:00:00,,,,2026-04-13 00:13:25,,,,,,,,,,,,,,,,,,,,
Tripura,West Tripura,Met Agartala,26.4,2026-04-13,00:00:00,,,,2026-04-13 00:13:25,,,,,,,,,,,,,,,,,,,,
Tripura,West Tripura,Secretariat,26.5,2026-04-13,00:00:00,,,,2026-04-13 00:13:25,,,,,,,,,,,,,,,,,,,,
Uttarakhand,Almora,Chaubatia Ranikhet,11.1,2026-04-13,00:00:00,74.0,2026-04-12,00:00:00,2026-04-13 00:13:25,10.25,Zone 2,25.2,Zone 3,10.2,Zone 2,22.6,Zone 3,17.9,Zone 3,25.3,Zone 4,22.5,Zone 3,28.9,Zone 4,25.2,Zone 3,32.4,Zone 4
Uttarakhand,Almora,Matela Kvk,10.9,2026-04-13,00:00:00,100.0,2026-04-12,00:00:00,2026-04-13 00:13:25,10.950000000000045,Zone 2,25.7,Zone 4,11.0,Zone 2,22.9,Zone 3,18.5,Zone 3,25.7,Zone 4,22.9,Zone 3,29.6,Zone 4,25.7,Zone 4,33.3,Zone 4
Uttarakhand,Bageshwar,Kapkote,,,,97.0,2026-04-12,00:00:00,2026-04-13 00:13:25,,,,,,,,,,,,,,,,,,,,
Uttarakhand,Chamoli,Tharali,,,,11.0,2026-04-12,00:00:00,2026-04-13 00:13:25,,,,,,,,,,,,,,,,,,,,
Uttarakhand,Champawat,Champawat,13.1,2026-04-13,00:00:00,,,,2026-04-13 00:13:25,,,,,,,,,,,,,,,,,,,,
Uttarakhand,Dehradun,Dehradun,,,,55.0,2026-04-12,00:00:00,2026-04-13 00:13:25,,,,,,,,,,,,,,,,,,,,
Uttarakhand,Dehradun,Hatibharkala,20.6,2026-04-13,00:00:00,50.0,2026-04-12,00:00:00,2026-04-13 00:13:25,19.75,Zone 3,33.2,Zone 4,19.6,Zone 3,29.2,Zone 4,25.1,Zone 3,33.1,Zone 4,29.3,Zone 4,36.9,Zone 4,33.2,Zone 4,40.5,Zone 4
Uttarakhand,Dehradun,Jollygrant,20.5,2026-04-13,00:00:00,58.0,2026-04-12,00:00:00,2026-04-13 00:13:25,20.05000000000001,Zone 3,33.8,Zone 4,20.1,Zone 3,29.6,Zone 4,25.3,Zone 4,33.7,Zone 4,29.7,Zone 4,37.6,Zone 4,33.8,Zone 4,43.0,Zone 5
Uttarakhand,Dehradun,Maldevta,19.7,2026-04-13,00:00:00,54.0,2026-04-12,00:00:00,2026-04-13 00:13:25,18.850000000000023,Zone 3,32.4,Zone 4,18.6,Zone 3,28.4,Zone 4,24.4,Zone 3,32.4,Zone 4,28.5,Zone 4,36.1,Zone 4,32.4,Zone 4,39.8,Zone 4
Uttarakhand,Dehradun,Massouri,14.7,2026-04-12,23:45:00,72.0,2026-04-12,23:45:00,2026-04-13 00:13:25,13.650000000000034,Zone 2,28.3,Zone 4,13.5,Zone 2,24.6,Zone 3,20.8,Zone 3,28.3,Zone 4,24.6,Zone 3,32.0,Zone 4,28.3,Zone 4,35.7,Zone 4
Uttarakhand,Dehradun,Mohakampur,17.7,2026-04-13,00:00:00,73.0,2026-04-12,00:00:00,2026-04-13 00:13:25,17.450000000000045,Zone 3,31.4,Zone 4,17.2,Zone 3,27.1,Zone 4,23.3,Zone 3,31.3,Zone 4,27.2,Zone 4,35.2,Zone 4,31.4,Zone 4,39.1,Zone 5
Uttarakhand,Dehradun,Rishikesh,,,,73.0,2026-04-12,00:00:00,2026-04-13 00:13:25,,,,,,,,,,,,,,,,,,,,
Uttarakhand,Haridwar,Roorkee Amfu,19.9,2026-04-13,00:00:00,80.0,2026-04-12,00:00:00,2026-04-13 00:13:25,20.450000000000045,Zone 3,34.9,Zone 4,20.6,Zone 3,30.1,Zone 4,25.5,Zone 4,34.6,Zone 4,30.3,Zone 4,39.5,Zone 5,34.9,Zone 4,53.0,Zone 5
Uttarakhand,Nainital,Mukteshwar,19.5,2026-04-13,00:00:00,,,,2026-04-13 00:13:25,,,,,,,,,,,,,,,,,,,,
Uttarakhand,Nainital,Nainital(Jeolikot) Kvk,14.8,2026-04-13,00:00:00,66.0,2026-04-12,00:00:00,2026-04-13 00:13:25,13.550000000000011,Zone 2,28.6,Zone 4,13.7,Zone 2,24.8,Zone 3,21.1,Zone 3,28.6,Zone 4,24.9,Zone 3,32.3,Zone 4,28.6,Zone 4,35.9,Zone 4
Uttarakhand,Nainital,Th Kosiyakutoli,15.8,2026-04-13,00:00:00,85.0,2026-04-12,00:00:00,2026-04-13 00:13:25,15.650000000000034,Zone 3,30.3,Zone 4,15.9,Zone 3,25.9,Zone 4,22.4,Zone 3,30.2,Zone 4,26.0,Zone 4,34.2,Zone 4,30.3,Zone 4,38.4,Zone 5
Uttarakhand,Pauri Garhwal,Bharsar,9.0,2026-04-13,00:00:00,79.0,2026-04-12,00:00:00,2026-04-13 00:13:25,8.350000000000023,Zone 2,24.3,Zone 3,8.4,Zone 2,21.5,Zone 3,16.2,Zone 3,24.4,Zone 3,21.3,Zone 3,27.4,Zone 4,24.3,Zone 3,30.8,Zone 4
Uttarakhand,Pauri Garhwal,Srinagar Arg,21.5,2026-04-13,00:00:00,80.0,2026-04-12,00:00:00,2026-04-13 00:13:25,22.350000000000023,Zone 3,37.0,Zone 4,22.3,Zone 3,32.0,Zone 4,27.4,Zone 4,36.7,Zone 4,32.3,Zone 4,46.7,Zone 5,37.0,Zone 4,59.1,Zone 5
Uttarakhand,Rudraprayag,Rudra Prayag,19.5,2026-04-13,00:00:00,68.0,2026-04-12,00:00:00,2026-04-13 00:13:25,19.350000000000023,Zone 3,33.3,Zone 4,19.4,Zone 3,29.0,Zone 4,24.8,Zone 3,33.2,Zone 4,29.1,Zone 4,37.2,Zone 4,33.3,Zone 4,44.4,Zone 5
Uttarakhand,Tehri Garhwal,Devprayag,18.7,2026-04-13,00:00:00,74.0,2026-04-12,00:00:00,2026-04-13 00:13:25,18.650000000000034,Zone 3,32.5,Zone 4,18.4,Zone 3,28.1,Zone 4,24.2,Zone 3,32.4,Zone 4,28.3,Zone 4,36.5,Zone 4,32.5,Zone 4,43.4,Zone 5
Uttarakhand,Tehri Garhwal,Rani Chawri,,,,76.0,2026-04-12,00:00:00,2026-04-13 00:13:25,,,,,,,,,,,,,,,,,,,,
Uttarakhand,Udham Singh Nagar,Kashipur Aws400,20.0,2026-04-13,00:00:00,67.0,2026-04-12,00:00:00,2026-04-13 00:13:25,19.950000000000045,Zone 3,33.9,Zone 4,19.9,Zone 3,29.5,Zone 4,25.1,Zone 3,33.7,Zone 4,29.6,Zone 4,37.7,Zone 4,33.9,Zone 4,45.9,Zone 5
Uttarakhand,Uttarkashi,Purola,14.3,2026-04-13,00:00:00,,,,2026-04-13 00:13:25,,,,,,,,,,,,,,,,,,,,
Uttar Pradesh,Agra,Hydrogen Factory Bindukatra,23.9,2026-04-13,00:00:00,58.0,2026-04-12,00:00:00,2026-04-13 00:13:25,24.05000000000001,Zone 3,38.1,Zone 4,24.2,Zone 3,33.5,Zone 4,29.2,Zone 4,37.9,Zone 4,33.8,Zone 4,43.9,Zone 5,38.1,Zone 4,57.0,Zone 5
Uttar Pradesh,Aligarh,Quarsi Farms Quarsi,27.0,2026-04-13,00:00:00,53.0,2026-04-12,00:00:00,2026-04-13 00:13:25,27.55000000000001,Zone 4,41.7,Zone 4,27.5,Zone 4,36.9,Zone 4,32.6,Zone 4,41.4,Zone 4,37.3,Zone 4,53.9,Zone 5,41.7,Zone 4,60.6,Zone 5
Uttar Pradesh,Ambedkar Nagar,Collectorate Office Akbarpur,24.5,2026-04-13,00:00:00,44.0,2026-04-12,00:00:00,2026-04-13 00:13:25,24.150000000000034,Zone 3,37.1,Zone 4,24.1,Zone 3,32.9,Zone 4,28.9,Zone 4,36.9,Zone 4,33.1,Zone 4,40.8,Zone 4,37.1,Zone 4,49.5,Zone 5
Uttar Pradesh,Amethi,Tala Gram 400Aws,26.5,2026-04-12,23:30:00,17.0,2026-04-12,23:30:00,2026-04-13 00:13:25,25.05000000000001,Zone 3,36.2,Zone 4,25.1,Zone 3,32.7,Zone 4,29.1,Zone 4,36.2,Zone 4,32.8,Zone 4,39.5,Zone 4,36.2,Zone 4,42.6,Zone 4
Uttar Pradesh,Amroha,Amroha 400Aws,20.2,2026-04-13,00:00:00,56.0,2026-04-12,00:00:00,2026-04-13 00:13:25,19.55000000000001,Zone 3,33.1,Zone 4,19.3,Zone 3,29.0,Zone 4,24.9,Zone 3,33.0,Zone 4,29.1,Zone 4,36.8,Zone 4,33.1,Zone 4,40.5,Zone 4
Uttar Pradesh,Ayodhya,Ayodhya 400Aws,26.5,2026-04-13,00:00:00,44.0,2026-04-12,00:00:00,2026-04-13 00:13:25,26.350000000000023,Zone 4,39.5,Zone 4,26.4,Zone 4,35.2,Zone 4,31.1,Zone 4,39.3,Zone 4,35.4,Zone 4,43.8,Zone 5,39.5,Zone 4,57.0,Zone 5
Uttar Pradesh,Ayodhya,Krishi Vigyan Kendra Kumarganj,,,,46.0,2026-04-12,00:00:00,2026-04-13 00:13:25,,,,,,,,,,,,,,,,,,,,
Uttar Pradesh,Azamgarh,Lalganj Tehsil Office,24.7,2026-04-13,00:00:00,,,,2026-04-13 00:13:25,,,,,,,,,,,,,,,,,,,,
Uttar Pradesh,Bahraich,Bharaich Amfu,,,,58.0,2026-04-12,00:00:00,2026-04-13 00:13:25,,,,,,,,,,,,,,,,,,,,
Uttar Pradesh,Ballia,Ballia  400Aws,23.3,2026-04-13,00:00:00,82.0,2026-04-12,00:00:00,2026-04-13 00:13:25,24.450000000000045,Zone 3,45.0,Zone 5,24.7,Zone 3,35.2,Zone 4,30.3,Zone 4,43.6,Zone 5,35.6,Zone 4,58.3,Zone 5,45.0,Zone 5,61.6,Zone 5
Uttar Pradesh,Balrampur,Bcml Tulsipur Sugar Mill,23.6,2026-04-13,00:00:00,,,,2026-04-13 00:13:25,,,,,,,,,,,,,,,,,,,,
Uttar Pradesh,Banda,Banda 400Aws,23.8,2026-04-13,00:00:00,46.0,2026-04-12,00:00:00,2026-04-13 00:13:25,23.350000000000023,Zone 3,36.7,Zone 4,23.6,Zone 3,32.5,Zone 4,28.4,Zone 4,36.6,Zone 4,32.7,Zone 4,40.4,Zone 4,36.7,Zone 4,49.0,Zone 5
Uttar Pradesh,Barabanki,Barabanki 400Aws,25.5,2026-04-13,00:00:00,38.0,2026-04-12,00:00:00,2026-04-13 00:13:25,24.950000000000045,Zone 3,37.6,Zone 4,25.0,Zone 3,33.5,Zone 4,29.5,Zone 4,37.4,Zone 4,33.7,Zone 4,41.1,Zone 4,37.6,Zone 4,48.8,Zone 5
Uttar Pradesh,Bareilly,Bareilly Bilwa 400Aws,22.5,2026-04-13,00:00:00,38.0,2026-04-12,00:00:00,2026-04-13 00:13:25,21.350000000000023,Zone 3,34.4,Zone 4,21.4,Zone 3,30.5,Zone 4,26.6,Zone 4,34.3,Zone 4,30.6,Zone 4,37.9,Zone 4,34.4,Zone 4,41.4,Zone 4
Uttar Pradesh,Bijnor,Prithvipur 400Aws,18.9,2026-04-13,00:00:00,43.0,2026-04-12,00:00:00,2026-04-13 00:13:25,17.25,Zone 3,31.3,Zone 4,17.4,Zone 3,27.6,Zone 4,23.7,Zone 3,31.3,Zone 4,27.6,Zone 4,34.9,Zone 4,31.3,Zone 4,38.3,Zone 4
Uttar Pradesh,Bulandshahar,Bulandshahar Kvk,22.6,2026-04-13,00:00:00,28.0,2026-04-12,00:00:00,2026-04-13 00:13:25,20.850000000000023,Zone 3,33.6,Zone 4,20.8,Zone 3,30.0,Zone 4,26.2,Zone 4,33.6,Zone 4,30.0,Zone 4,37.0,Zone 4,33.6,Zone 4,40.3,Zone 4
Uttar Pradesh,Etawah,Bbrau Agriculture College,26.0,2026-04-13,00:00:00,32.0,2026-04-12,00:00:00,2026-04-13 00:13:25,25.25,Zone 3,37.4,Zone 4,25.3,Zone 3,33.5,Zone 4,29.6,Zone 4,37.3,Zone 4,33.6,Zone 4,40.9,Zone 4,37.4,Zone 4,45.9,Zone 5
Uttar Pradesh,Fatehpur,Fatehpur Kvk,26.2,2026-04-13,00:00:00,,,,2026-04-13 00:13:25,,,,,,,,,,,,,,,,,,,,
Uttar Pradesh,Firozabad,Firozabad 400Aws,25.5,2026-04-13,00:00:00,29.0,2026-04-12,00:00:00,2026-04-13 00:13:25,24.55000000000001,Zone 3,36.5,Zone 4,24.5,Zone 3,32.8,Zone 4,29.0,Zone 4,36.4,Zone 4,32.9,Zone 4,40.0,Zone 4,36.5,Zone 4,43.4,Zone 4
Uttar Pradesh,Gautam Buddha Nagar,Kvk Chholas 400Aws,20.9,2026-04-13,00:00:00,,,,2026-04-13 00:13:25,,,,,,,,,,,,,,,,,,,,
Uttar Pradesh,Gautam Buddha Nagar,Ncmrwf,25.8,2026-04-13,00:00:00,25.0,2026-04-12,00:00:00,2026-04-13 00:13:25,24.650000000000034,Zone 3,36.6,Zone 4,24.9,Zone 3,32.9,Zone 4,29.2,Zone 4,36.5,Zone 4,33.0,Zone 4,40.0,Zone 4,36.6,Zone 4,43.3,Zone 4
Uttar Pradesh,Ghaziabad,Kv2 Airforce Hindon,20.6,2026-04-13,00:00:00,47.0,2026-04-12,00:00:00,2026-04-13 00:13:25,19.55000000000001,Zone 3,33.0,Zone 4,19.5,Zone 3,29.1,Zone 4,25.0,Zone 3,33.0,Zone 4,29.1,Zone 4,36.7,Zone 4,33.0,Zone 4,40.2,Zone 4
Uttar Pradesh,Hamirpur,Hamirpur 400Aws,24.1,2026-04-13,00:00:00,38.0,2026-04-12,00:00:00,2026-04-13 00:13:25,23.350000000000023,Zone 3,35.9,Zone 4,23.2,Zone 3,32.0,Zone 4,28.0,Zone 4,35.8,Zone 4,32.1,Zone 4,39.5,Zone 4,35.9,Zone 4,43.5,Zone 5
Uttar Pradesh,Hapur,Hapur 400Aws,19.5,2026-04-13,00:00:00,57.0,2026-04-12,00:00:00,2026-04-13 00:13:25,18.75,Zone 3,32.6,Zone 4,18.8,Zone 3,28.5,Zone 4,24.5,Zone 3,32.5,Zone 4,28.6,Zone 4,36.4,Zone 4,32.6,Zone 4,40.0,Zone 4
Uttar Pradesh,Hardoi,Hardoi 400Aws,20.7,2026-04-13,00:00:00,,,,2026-04-13 00:13:25,,,,,,,,,,,,,,,,,,,,
Uttar Pradesh,Jalaun,Jalaun 400Aws,24.7,2026-04-13,00:00:00,36.0,2026-04-12,00:00:00,2026-04-13 00:13:25,23.950000000000045,Zone 3,36.3,Zone 4,23.7,Zone 3,32.3,Zone 4,28.4,Zone 4,36.1,Zone 4,32.4,Zone 4,39.8,Zone 4,36.3,Zone 4,43.8,Zone 5
Uttar Pradesh,Jaunpur,Jaunpur Kvk,24.0,2026-04-13,00:00:00,52.0,2026-04-12,00:00:00,2026-04-13 00:13:25,23.950000000000045,Zone 3,37.4,Zone 4,23.9,Zone 3,33.0,Zone 4,28.8,Zone 4,37.2,Zone 4,33.2,Zone 4,41.2,Zone 4,37.4,Zone 4,53.2,Zone 5
Uttar Pradesh,Kashganj,Kashganj 400Aws,21.7,2026-04-13,00:00:00,48.0,2026-04-12,00:00:00,2026-04-13 00:13:25,20.950000000000045,Zone 3,34.1,Zone 4,20.7,Zone 3,30.1,Zone 4,26.0,Zone 4,34.0,Zone 4,30.2,Zone 4,37.8,Zone 4,34.1,Zone 4,41.4,Zone 4
Uttar Pradesh,Kushinagar,Kushinagar Kvk,20.6,2026-04-13,00:00:00,100.0,2026-04-12,00:00:00,2026-04-13 00:13:25,22.150000000000034,Zone 3,39.6,Zone 5,22.0,Zone 3,32.0,Zone 4,27.0,Zone 4,38.4,Zone 5,32.4,Zone 4,53.6,Zone 5,39.6,Zone 5,60.6,Zone 5
Uttar Pradesh,Lucknow,Integral University,27.3,2026-04-13,00:00:00,,,,2026-04-13 00:13:25,,,,,,,,,,,,,,,,,,,,
Uttar Pradesh,Lucknow,Meteorological Centre Amausi,26.6,2026-04-13,00:00:00,41.0,2026-04-12,00:00:00,2026-04-13 00:13:25,26.350000000000023,Zone 4,39.1,Zone 4,26.2,Zone 4,34.9,Zone 4,30.8,Zone 4,38.9,Zone 4,35.1,Zone 4,42.8,Zone 4,39.1,Zone 4,54.8,Zone 5
Uttar Pradesh,Mainpuri,Mainpuri Kvk,24.5,2026-04-13,00:00:00,36.0,2026-04-12,00:00:00,2026-04-13 00:13:25,23.650000000000034,Zone 3,36.3,Zone 4,23.7,Zone 3,32.3,Zone 4,28.4,Zone 4,36.1,Zone 4,32.4,Zone 4,39.8,Zone 4,36.3,Zone 4,43.8,Zone 5
Uttar Pradesh,Mathura,Collectorate Office,26.3,2026-04-13,00:00:00,49.0,2026-04-12,00:00:00,2026-04-13 00:13:25,26.450000000000045,Zone 4,40.3,Zone 4,26.7,Zone 4,35.8,Zone 4,31.5,Zone 4,40.0,Zone 4,36.0,Zone 4,48.1,Zone 5,40.3,Zone 4,59.4,Zone 5
Uttar Pradesh,Mathura,Mathura 400Aws,20.3,2026-04-13,00:00:00,56.0,2026-04-12,00:00:00,2026-04-13 00:13:25,19.75,Zone 3,33.6,Zone 4,20.0,Zone 3,29.5,Zone 4,25.3,Zone 3,33.5,Zone 4,29.6,Zone 4,37.4,Zone 4,33.6,Zone 4,41.9,Zone 5
Uttar Pradesh,Meerut,Ccsu Campus,26.4,2026-04-13,00:00:00,56.0,2026-04-12,00:00:00,2026-04-13 00:13:25,26.950000000000045,Zone 4,41.5,Zone 4,27.1,Zone 4,36.6,Zone 4,32.2,Zone 4,41.2,Zone 4,37.0,Zone 4,54.1,Zone 5,41.5,Zone 4,60.7,Zone 5
Uttar Pradesh,Mirzapur,Dagmapur 400Aws,25.1,2026-04-13,00:00:00,40.0,2026-04-12,00:00:00,2026-04-13 00:13:25,24.650000000000034,Zone 3,37.2,Zone 4,24.5,Zone 3,33.1,Zone 4,29.1,Zone 4,37.1,Zone 4,33.3,Zone 4,40.8,Zone 4,37.2,Zone 4,48.5,Zone 5
Uttar Pradesh,Muzaffarnagar,Sohanjani Tajan 400Aws,18.7,2026-04-13,00:00:00,59.0,2026-04-12,00:00:00,2026-04-13 00:13:25,17.950000000000045,Zone 3,31.7,Zone 4,17.7,Zone 3,27.6,Zone 4,23.8,Zone 3,31.6,Zone 4,27.7,Zone 4,35.4,Zone 4,31.7,Zone 4,39.1,Zone 4
Uttar Pradesh,Pratapgarh,Pratapgarh 400Aws,27.0,2026-04-13,00:00:00,34.0,2026-04-12,00:00:00,2026-04-13 00:13:25,26.350000000000023,Zone 4,38.7,Zone 4,26.4,Zone 4,34.7,Zone 4,30.8,Zone 4,38.6,Zone 4,34.9,Zone 4,42.3,Zone 4,38.7,Zone 4,51.1,Zone 5
Uttar Pradesh,Raebareli,Airport Fursatganj,25.7,2026-04-13,00:00:00,45.0,2026-04-12,00:00:00,2026-04-13 00:13:25,25.55000000000001,Zone 4,38.4,Zone 4,25.3,Zone 4,34.1,Zone 4,30.0,Zone 4,38.2,Zone 4,34.3,Zone 4,42.1,Zone 4,38.4,Zone 4,54.1,Zone 5
Uttar Pradesh,Saharanpur,Saharanpur 400Aws,22.9,2026-04-12,23:45:00,46.0,2026-04-12,23:45:00,2026-04-13 00:13:25,22.350000000000023,Zone 3,35.6,Zone 4,22.4,Zone 3,31.5,Zone 4,27.4,Zone 4,35.5,Zone 4,31.6,Zone 4,39.3,Zone 4,35.6,Zone 4,45.2,Zone 5
Uttar Pradesh,Sambhal,Sambhal Paltha 400Aws,21.8,2026-04-13,00:00:00,,,,2026-04-13 00:13:25,,,,,,,,,,,,,,,,,,,,
Uttar Pradesh,Shahjahanpur,Shahjahanpur 400Aws,25.2,2026-04-13,00:00:00,,,,2026-04-13 00:13:25,,,,,,,,,,,,,,,,,,,,
Uttar Pradesh,Sitapur,Ramkot 400Aws,21.0,2026-04-13,00:00:00,,,,2026-04-13 00:13:25,,,,,,,,,,,,,,,,,,,,
Uttar Pradesh,Sultanpur,Krishi Vigyan Kendra Barasin,,,,59.0,2026-04-12,00:00:00,2026-04-13 00:13:25,,,,,,,,,,,,,,,,,,,,
West Bengal,Alipurduar,Jayanti,23.2,2026-04-13,00:00:00,72.0,2026-04-12,00:00:00,2026-04-13 00:13:25,23.950000000000045,Zone 3,38.4,Zone 4,23.7,Zone 3,33.4,Zone 4,28.8,Zone 4,38.1,Zone 4,33.8,Zone 4,49.1,Zone 5,38.4,Zone 4,59.6,Zone 5
West Bengal,Asansol,Imd Mo Assansol,27.3,2026-04-13,00:00:00,,,,2026-04-13 00:13:25,,,,,,,,,,,,,,,,,,,,
West Bengal,Cooch Behar,Dinhata Aws400,22.3,2026-04-13,00:00:00,100.0,2026-04-12,00:00:00,2026-04-13 00:13:25,24.05000000000001,Zone 3,52.5,Zone 5,24.3,Zone 3,35.4,Zone 4,30.1,Zone 4,50.9,Zone 5,36.0,Zone 4,60.4,Zone 5,52.5,Zone 5,63.0,Zone 5
West Bengal,Cooch Behar,Pundibari Amfu,23.9,2026-04-13,00:00:00,88.0,2026-04-12,00:00:00,2026-04-13 00:13:25,25.25,Zone 3,53.1,Zone 5,25.5,Zone 4,36.8,Zone 4,31.6,Zone 4,51.6,Zone 5,37.3,Zone 4,60.5,Zone 5,53.1,Zone 5,63.1,Zone 5
West Bengal,Darjeeling,Darjeeling Mo,10.7,2026-04-13,00:00:00,100.0,2026-04-12,00:00:00,2026-04-13 00:13:25,10.75,Zone 2,25.3,Zone 3,10.5,Zone 2,22.6,Zone 3,18.1,Zone 3,25.3,Zone 3,22.6,Zone 3,29.1,Zone 4,25.3,Zone 3,32.8,Zone 4
West Bengal,Darjeeling,Kharibari,21.2,2026-04-13,00:00:00,92.0,2026-04-12,00:00:00,2026-04-13 00:13:25,22.55000000000001,Zone 3,37.6,Zone 5,22.3,Zone 3,32.2,Zone 4,27.3,Zone 4,37.2,Zone 4,32.6,Zone 4,51.6,Zone 5,37.6,Zone 5,60.1,Zone 5
West Bengal,East Burdwan,Kvk Burdwan Budbud,25.5,2026-04-13,00:00:00,6.0,2026-04-12,00:00:00,2026-04-13 00:13:25,23.05000000000001,Zone 3,34.4,Zone 4,23.1,Zone 3,31.2,Zone 4,27.7,Zone 4,34.4,Zone 4,31.2,Zone 4,37.5,Zone 4,34.4,Zone 4,40.5,Zone 4
West Bengal,Howrah,Ramsaday College Amta,27.5,2026-04-12,23:45:00,82.0,2026-04-12,23:45:00,2026-04-13 00:13:25,31.05000000000001,Zone 4,61.8,Zone 5,31.1,Zone 4,53.3,Zone 5,37.9,Zone 4,61.4,Zone 5,55.6,Zone 5,64.2,Zone 5,61.8,Zone 5,66.3,Zone 5
West Bengal,Howrah,Uluberia,28.9,2026-04-13,00:00:00,100.0,2026-04-12,00:00:00,2026-04-13 00:13:25,48.55000000000001,Zone 5,68.5,Zone 5,50.0,Zone 5,65.5,Zone 5,62.5,Zone 5,68.1,Zone 5,66.1,Zone 5,69.9,Zone 5,68.5,Zone 5,71.3,Zone 5
West Bengal,Jalpaiguri,Banarhat,21.5,2026-04-13,00:00:00,80.0,2026-04-12,00:00:00,2026-04-13 00:13:25,22.350000000000023,Zone 3,37.0,Zone 4,22.3,Zone 3,32.0,Zone 4,27.4,Zone 4,36.7,Zone 4,32.3,Zone 4,46.7,Zone 5,37.0,Zone 4,59.1,Zone 5
West Bengal,Jalpaiguri,Dhupguri,22.7,2026-04-13,00:00:00,82.0,2026-04-12,00:00:00,2026-04-13 00:13:25,23.75,Zone 3,39.2,Zone 5,23.6,Zone 3,33.6,Zone 4,28.8,Zone 4,38.5,Zone 4,34.0,Zone 4,53.3,Zone 5,39.2,Zone 5,60.5,Zone 5
West Bengal,Jalpaiguri,Jalpaiguri,20.7,2026-04-12,23:45:00,84.0,2026-04-12,23:45:00,2026-04-13 00:13:25,21.55000000000001,Zone 3,35.9,Zone 4,21.4,Zone 3,30.9,Zone 4,26.3,Zone 4,35.6,Zone 4,31.2,Zone 4,44.1,Zone 5,35.9,Zone 4,57.2,Zone 5
West Bengal,Jalpaiguri,Ramshai Kvk,20.2,2026-04-13,00:00:00,,,,2026-04-13 00:13:25,,,,,,,,,,,,,,,,,,,,
West Bengal,Jhargram,Jhargram,27.0,2026-04-12,23:45:00,88.0,2026-04-12,23:45:00,2026-04-13 00:13:25,30.850000000000023,Zone 4,62.4,Zone 5,30.8,Zone 4,55.8,Zone 5,37.9,Zone 4,61.9,Zone 5,58.0,Zone 5,64.7,Zone 5,62.4,Zone 5,66.7,Zone 5
West Bengal,Kolkata,Kolkata Airport,,,,92.0,2026-04-12,23:45:00,2026-04-13 00:13:25,,,,,,,,,,,,,,,,,,,,
West Bengal,Kolkata,Ohr 15,26.7,2026-04-13,00:00:00,96.0,2026-04-12,00:00:00,2026-04-13 00:13:25,31.25,Zone 4,63.2,Zone 5,30.8,Zone 4,59.2,Zone 5,42.1,Zone 5,62.8,Zone 5,59.8,Zone 5,65.4,Zone 5,63.2,Zone 5,67.4,Zone 5
West Bengal,Kolkata,Science City,27.8,2026-04-13,00:00:00,91.0,2026-04-12,00:00:00,2026-04-13 00:13:25,33.150000000000034,Zone 4,64.7,Zone 5,33.7,Zone 4,61.0,Zone 5,50.8,Zone 5,64.3,Zone 5,61.5,Zone 5,66.7,Zone 5,64.7,Zone 5,68.5,Zone 5
West Bengal,Malda,Malda,23.9,2026-04-13,00:00:00,,,,2026-04-13 00:13:25,,,,,,,,,,,,,,,,,,,,
West Bengal,Murshidabad,Berhampore,26.4,2026-04-13,00:00:00,73.0,2026-04-12,00:00:00,2026-04-13 00:13:25,28.150000000000034,Zone 4,56.0,Zone 5,28.3,Zone 4,39.2,Zone 4,34.3,Zone 4,54.4,Zone 5,39.8,Zone 4,61.1,Zone 5,56.0,Zone 5,63.6,Zone 5
West Bengal,Murshidabad,Murshidabad Kvk,25.4,2026-04-13,00:00:00,,,,2026-04-13 00:13:25,,,,,,,,,,,,,,,,,,,,
West Bengal,Nadia,Bijpur,25.8,2026-04-13,00:00:00,100.0,2026-04-12,00:00:00,2026-04-13 00:13:25,29.650000000000034,Zone 4,63.2,Zone 5,30.1,Zone 4,59.2,Zone 5,42.0,Zone 5,62.8,Zone 5,59.8,Zone 5,65.4,Zone 5,63.2,Zone 5,67.4,Zone 5
West Bengal,Nadia,Kalyani Amfu,26.3,2026-04-13,00:00:00,100.0,2026-04-12,00:00:00,2026-04-13 00:13:25,30.850000000000023,Zone 4,64.1,Zone 5,31.3,Zone 4,60.2,Zone 5,47.0,Zone 5,63.7,Zone 5,60.8,Zone 5,66.2,Zone 5,64.1,Zone 5,68.0,Zone 5
West Bengal,North Dinajpur,Raiganj,22.8,2026-04-12,23:45:00,95.0,2026-04-12,23:45:00,2026-04-13 00:13:25,24.350000000000023,Zone 3,52.1,Zone 5,24.6,Zone 3,35.8,Zone 4,30.5,Zone 4,50.5,Zone 5,36.3,Zone 4,60.3,Zone 5,52.1,Zone 5,62.9,Zone 5
West Bengal,North Twenty Four Parganas,Ashoknagar Kvk,27.0,2026-04-13,00:00:00,,,,2026-04-13 00:13:25,,,,,,,,,,,,,,,,,,,,
West Bengal,North Twenty Four Parganas,Barrackpore Aws400,27.1,2026-04-13,00:00:00,85.0,2026-04-12,00:00:00,2026-04-13 00:13:25,30.650000000000034,Zone 4,61.7,Zone 5,30.4,Zone 4,52.7,Zone 5,37.3,Zone 4,61.3,Zone 5,55.0,Zone 5,64.1,Zone 5,61.7,Zone 5,66.2,Zone 5
West Bengal,North Twenty Four Parganas,Jisu Agarpara,28.2,2026-04-12,23:30:00,89.0,2026-04-12,23:30:00,2026-04-13 00:13:25,33.85000000000002,Zone 4,64.2,Zone 5,33.3,Zone 4,60.4,Zone 5,48.0,Zone 5,63.8,Zone 5,61.0,Zone 5,66.3,Zone 5,64.2,Zone 5,68.1,Zone 5
West Bengal,Purba Mednipur,Imd Mo Digha,28.0,2026-04-13,00:00:00,,,,2026-04-13 00:13:25,,,,,,,,,,,,,,,,,,,,
West Bengal,Purulia,Purulia Kvk,24.1,2026-04-13,00:00:00,,,,2026-04-13 00:13:25,,,,,,,,,,,,,,,,,,,,
West Bengal,South Dinajpur,Balurghat,24.5,2026-04-13,00:00:00,100.0,2026-04-12,00:00:00,2026-04-13 00:13:25,27.05000000000001,Zone 4,60.7,Zone 5,27.0,Zone 4,47.6,Zone 5,34.0,Zone 4,60.2,Zone 5,50.0,Zone 5,63.2,Zone 5,60.7,Zone 5,65.5,Zone 5
West Bengal,South Dinajpur,Majhian Amfu,24.2,2026-04-13,00:00:00,99.0,2026-04-12,00:00:00,2026-04-13 00:13:25,26.450000000000045,Zone 4,59.6,Zone 5,26.1,Zone 4,42.7,Zone 5,32.8,Zone 4,59.2,Zone 5,45.0,Zone 5,62.3,Zone 5,59.6,Zone 5,64.7,Zone 5
West Bengal,South Twenty Four Parganas,Alipore,28.0,2026-04-13,00:00:00,97.0,2026-04-12,00:00:00,2026-04-13 00:13:25,35.05000000000001,Zone 4,66.0,Zone 5,35.0,Zone 4,62.6,Zone 5,58.5,Zone 5,65.7,Zone 5,63.1,Zone 5,67.8,Zone 5,66.0,Zone 5,69.5,Zone 5
West Bengal,South Twenty Four Parganas,Gangasagar,27.9,2026-04-12,23:45:00,,,,2026-04-13 00:13:25,,,,,,,,,,,,,,,,,,,,
West Bengal,South Twenty Four Parganas,Ramkrishna Mission College,26.9,2026-04-12,23:15:00,,,,2026-04-13 00:13:25,,,,,,,,,,,,,,,,,,,,
,,,,,,,,,2026-04-13 00:13:25,,,,,,,,,,,,,,,,,,,,
,,,,,,,,,2026-04-13 00:13:25,,,,,,,,,,,,,,,,,,,,
,,,,,,,,,2026-04-13 00:13:25,,,,,,,,,,,,,,,,,,,,
,,,,,,,,,2026-04-13 00:13:25,,,,,,,,,,,,,,,,,,,,
Andaman And Nicobar,Nicobar,Campbell Bay,25.9,2026-04-13,00:15:00,97.0,2026-04-12,00:15:00,2026-04-13 00:35:23,29.55000000000001,Zone 4,62.6,Zone 5,29.8,Zone 4,57.0,Zone 5,38.8,Zone 5,62.2,Zone 5,59.0,Zone 5,64.9,Zone 5,62.6,Zone 5,66.9,Zone 5
Andaman And Nicobar,Nicobar,Car Nicobar,39.0,2026-04-13,00:15:00,93.0,2026-04-12,00:15:00,2026-04-13 00:35:23,91.35000000000002,Zone 6,100.0,Zone 6,91.4,Zone 6,96.3,Zone 6,94.2,Zone 6,99.1,Zone 6,97.1,Zone 6,101.9,Zone 6,100.0,Zone 6,104.7,Zone 6
Andaman And Nicobar,Nicobar,Nancowry,36.3,2026-04-13,00:15:00,97.0,2026-04-12,00:15:00,2026-04-13 00:35:23,82.65000000000003,Zone 6,92.1,Zone 6,83.4,Zone 6,88.5,Zone 6,86.4,Zone 6,91.4,Zone 6,89.3,Zone 6,94.2,Zone 6,92.1,Zone 6,97.0,Zone 6
Andaman And Nicobar,N M Andaman,Mayabunder,25.7,2026-04-13,00:15:00,95.0,2026-04-12,00:15:00,2026-04-13 00:35:23,28.950000000000045,Zone 4,61.3,Zone 5,28.5,Zone 4,51.0,Zone 5,35.6,Zone 4,60.9,Zone 5,53.4,Zone 5,63.8,Zone 5,61.3,Zone 5,66.0,Zone 5
Andaman And Nicobar,N M Andaman,Rangat Nimbutala,26.8,2026-04-13,00:15:00,88.0,2026-04-12,00:15:00,2026-04-13 00:35:23,30.350000000000023,Zone 4,62.4,Zone 5,30.8,Zone 4,55.8,Zone 5,37.9,Zone 4,61.9,Zone 5,58.0,Zone 5,64.7,Zone 5,62.4,Zone 5,66.7,Zone 5
Andaman And Nicobar,South Andaman,Ferrargunj,25.4,2026-04-13,00:15:00,82.0,2026-04-12,00:15:00,2026-04-13 00:35:23,27.25,Zone 4,57.6,Zone 5,27.4,Zone 4,38.8,Zone 4,33.6,Zone 4,56.1,Zone 5,40.4,Zone 5,61.5,Zone 5,57.6,Zone 5,64.0,Zone 5
Andaman And Nicobar,South Andaman,Hut Bay,23.5,2026-04-13,00:15:00,99.0,2026-04-12,00:15:00,2026-04-13 00:35:23,25.25,Zone 3,58.2,Zone 5,25.2,Zone 3,39.2,Zone 5,31.8,Zone 4,56.7,Zone 5,41.2,Zone 5,61.6,Zone 5,58.2,Zone 5,64.1,Zone 5
Andaman And Nicobar,South Andaman,Shaheed Dweep,25.2,2026-04-13,00:15:00,98.0,2026-04-12,00:15:00,2026-04-13 00:35:23,28.150000000000034,Zone 4,61.1,Zone 5,27.8,Zone 4,49.9,Zone 5,34.9,Zone 4,60.7,Zone 5,52.2,Zone 5,63.6,Zone 5,61.1,Zone 5,65.8,Zone 5
Andaman And Nicobar,South Andaman,Sri Vijaya Puram Aws400,27.7,2026-04-13,00:15:00,90.0,2026-04-12,00:15:00,2026-04-13 00:35:23,32.75,Zone 4,63.6,Zone 5,32.3,Zone 4,59.7,Zone 5,44.3,Zone 5,63.2,Zone 5,60.2,Zone 5,65.8,Zone 5,63.6,Zone 5,67.7,Zone 5
Andaman And Nicobar,South Andaman,Swaraj Deep,26.0,2026-04-13,00:15:00,83.0,2026-04-12,00:15:00,2026-04-13 00:35:23,28.350000000000023,Zone 4,59.6,Zone 5,28.3,Zone 4,42.8,Zone 5,34.7,Zone 4,59.2,Zone 5,45.0,Zone 5,62.4,Zone 5,59.6,Zone 5,64.7,Zone 5
Andhra Pradesh,Alluri Sitharama Raju,Araku Valley,23.6,2026-04-13,00:00:00,93.0,2026-04-12,00:00:00,2026-04-13 00:35:23,25.150000000000034,Zone 3,53.8,Zone 5,25.0,Zone 3,36.5,Zone 4,31.2,Zone 4,52.3,Zone 5,37.1,Zone 4,60.7,Zone 5,53.8,Zone 5,63.2,Zone 5
Andhra Pradesh,Alluri Sitharama Raju,Chintapalli Amfu,22.4,2026-04-13,00:00:00,92.0,2026-04-12,00:00:00,2026-04-13 00:35:23,23.850000000000023,Zone 3,46.4,Zone 5,24.0,Zone 3,34.6,Zone 4,29.5,Zone 4,44.9,Zone 5,35.0,Zone 4,59.1,Zone 5,46.4,Zone 5,61.9,Zone 5
Andhra Pradesh,Anakapalli,Yellamanchilli Vskp,27.7,2026-04-12,23:45:00,93.0,2026-04-12,23:45:00,2026-04-13 00:35:23,33.25,Zone 4,64.3,Zone 5,32.8,Zone 4,60.5,Zone 5,48.3,Zone 5,63.9,Zone 5,61.0,Zone 5,66.3,Zone 5,64.3,Zone 5,68.2,Zone 5
Andhra Pradesh,Anantapur,Kh Govtdegcollege Dharmavaram,31.2,2026-04-13,00:15:00,42.0,2026-04-12,00:30:00,2026-04-13 00:35:23,32.05000000000001,Zone 4,48.7,Zone 5,31.8,Zone 4,40.9,Zone 4,36.7,Zone 4,47.3,Zone 5,41.3,Zone 4,59.6,Zone 5,48.7,Zone 5,62.3,Zone 5
Andhra Pradesh,Bapatla,Chirala,27.7,2026-04-13,00:15:00,81.0,2026-04-12,00:30:00,2026-04-13 00:35:23,31.350000000000023,Zone 4,61.6,Zone 5,30.9,Zone 4,52.2,Zone 5,37.7,Zone 4,61.2,Zone 5,54.5,Zone 5,64.0,Zone 5,61.6,Zone 5,66.2,Zone 5
Andhra Pradesh,Eluru,Vijayarai,25.6,2026-04-13,00:15:00,66.0,2026-04-12,00:15:00,2026-04-13 00:35:23,26.55000000000001,Zone 4,43.5,Zone 5,26.4,Zone 4,36.4,Zone 4,31.8,Zone 4,42.1,Zone 5,36.9,Zone 4,57.1,Zone 5,43.5,Zone 5,61.3,Zone 5
Andhra Pradesh,Kakinada,Kakinada,27.5,2026-04-13,00:00:00,86.0,2026-04-12,00:00:00,2026-04-13 00:35:23,31.650000000000034,Zone 4,62.7,Zone 5,31.6,Zone 4,57.5,Zone 5,39.4,Zone 5,62.3,Zone 5,59.2,Zone 5,65.0,Zone 5,62.7,Zone 5,67.0,Zone 5
Andhra Pradesh,Kakinada,Peddapuram,26.9,2026-04-13,00:15:00,96.0,2026-04-12,00:15:00,2026-04-13 00:35:23,31.75,Zone 4,64.1,Zone 5,32.0,Zone 4,60.2,Zone 5,47.1,Zone 5,63.7,Zone 5,60.8,Zone 5,66.2,Zone 5,64.1,Zone 5,68.0,Zone 5
Andhra Pradesh,Kakinada,Prathipadu,27.6,2026-04-13,00:15:00,,,,2026-04-13 00:35:23,,,,,,,,,,,,,,,,,,,,
Andhra Pradesh,Konaseema,Ambajipeta Arg,26.1,2026-04-13,00:00:00,100.0,2026-04-12,00:00:00,2026-04-13 00:35:23,30.350000000000023,Zone 4,63.2,Zone 5,30.1,Zone 4,59.2,Zone 5,42.0,Zone 5,62.8,Zone 5,59.8,Zone 5,65.4,Zone 5,63.2,Zone 5,67.4,Zone 5
Andhra Pradesh,Krishna,Kv Gopalnagar Machilipatnam,26.2,2026-04-13,00:15:00,45.0,2026-04-12,00:15:00,2026-04-13 00:35:23,26.05000000000001,Zone 4,39.1,Zone 4,25.9,Zone 4,34.7,Zone 4,30.6,Zone 4,38.8,Zone 4,34.9,Zone 4,42.8,Zone 4,39.1,Zone 4,55.9,Zone 5
Andhra Pradesh,Nellore,Nellore Kvk,27.7,2026-04-13,00:15:00,92.0,2026-04-12,00:15:00,2026-04-13 00:35:23,33.150000000000034,Zone 4,64.1,Zone 5,32.6,Zone 4,60.2,Zone 5,47.0,Zone 5,63.7,Zone 5,60.8,Zone 5,66.2,Zone 5,64.1,Zone 5,68.0,Zone 5
Andhra Pradesh,Palnadu,Jangameshwarapuram,27.6,2026-04-13,00:00:00,,,,2026-04-13 00:35:23,,,,,,,,,,,,,,,,,,,,
Andhra Pradesh,Palnadu,Rentachintala,27.3,2026-04-13,00:15:00,73.0,2026-04-12,00:15:00,2026-04-13 00:35:23,29.650000000000034,Zone 4,59.7,Zone 5,30.0,Zone 4,43.2,Zone 5,36.1,Zone 4,59.3,Zone 5,45.4,Zone 5,62.4,Zone 5,59.7,Zone 5,64.8,Zone 5
Andhra Pradesh,Prakasam,Cs Puram,26.9,2026-04-13,00:15:00,89.0,2026-04-12,00:30:00,2026-04-13 00:35:23,30.75,Zone 4,62.6,Zone 5,31.0,Zone 4,56.8,Zone 5,38.6,Zone 5,62.2,Zone 5,58.9,Zone 5,64.9,Zone 5,62.6,Zone 5,66.9,Zone 5
Andhra Pradesh,Prakasam,Peda Araveedu,28.1,2026-04-13,00:15:00,80.0,2026-04-12,00:15:00,2026-04-13 00:35:23,32.05000000000001,Zone 4,62.2,Zone 5,31.8,Zone 4,55.0,Zone 5,38.6,Zone 4,61.8,Zone 5,57.2,Zone 5,64.5,Zone 5,62.2,Zone 5,66.6,Zone 5
Andhra Pradesh,Srikakulam,Amadalavalasa Kvk,27.6,2026-04-13,00:15:00,,,,2026-04-13 00:35:23,,,,,,,,,,,,,,,,,,,,
Andhra Pradesh,Srikakulam,Nagaralapeta Kalingapatnam,27.8,2026-04-13,00:15:00,100.0,2026-04-12,00:30:00,2026-04-13 00:35:23,35.05000000000001,Zone 5,66.7,Zone 5,37.1,Zone 5,63.4,Zone 5,59.8,Zone 5,66.3,Zone 5,63.9,Zone 5,68.4,Zone 5,66.7,Zone 5,70.0,Zone 5
Andhra Pradesh,Srikakulam,Ragolu,26.8,2026-04-13,00:00:00,94.0,2026-04-12,00:00:00,2026-04-13 00:35:23,31.150000000000034,Zone 4,63.7,Zone 5,31.7,Zone 4,59.7,Zone 5,44.5,Zone 5,63.3,Zone 5,60.3,Zone 5,65.8,Zone 5,63.7,Zone 5,67.7,Zone 5
Andhra Pradesh,Srikakulam,Sky College Etcherla,27.5,2026-04-13,00:15:00,77.0,2026-04-12,00:15:00,2026-04-13 00:35:23,30.450000000000045,Zone 4,60.7,Zone 5,30.5,Zone 4,47.7,Zone 5,36.9,Zone 4,60.3,Zone 5,50.0,Zone 5,63.2,Zone 5,60.7,Zone 5,65.5,Zone 5
Andhra Pradesh,Visakhapatnam,Anandapuram Arg,27.8,2026-04-13,00:00:00,78.0,2026-04-12,00:00:00,2026-04-13 00:35:23,31.150000000000034,Zone 4,61.7,Zone 5,31.6,Zone 4,52.7,Zone 5,38.2,Zone 4,61.3,Zone 5,55.0,Zone 5,64.1,Zone 5,61.7,Zone 5,66.2,Zone 5
Andhra Pradesh,Visakhapatnam,Mehadrigadda Dam,37.6,2026-04-13,00:15:00,91.0,2026-04-12,00:15:00,2026-04-13 00:35:23,84.15000000000003,Zone 6,92.4,Zone 6,83.7,Zone 6,88.8,Zone 6,86.7,Zone 6,91.7,Zone 6,89.6,Zone 6,94.5,Zone 6,92.4,Zone 6,97.3,Zone 6
Andhra Pradesh,Vizianagaram,Bobbili,27.5,2026-04-13,00:15:00,86.0,2026-04-12,00:15:00,2026-04-13 00:35:23,31.650000000000034,Zone 4,62.7,Zone 5,31.6,Zone 4,57.5,Zone 5,39.4,Zone 5,62.3,Zone 5,59.2,Zone 5,65.0,Zone 5,62.7,Zone 5,67.0,Zone 5
Andhra Pradesh,Vizianagaram,Vizianagaram,28.9,2026-04-13,00:00:00,90.0,2026-04-12,00:00:00,2026-04-13 00:35:23,36.150000000000034,Zone 4,66.2,Zone 5,36.4,Zone 4,62.7,Zone 5,59.1,Zone 5,65.8,Zone 5,63.3,Zone 5,68.0,Zone 5,66.2,Zone 5,69.6,Zone 5
Andhra Pradesh,West Godavari,Bhimavaram,27.8,2026-04-13,00:15:00,,,,2026-04-13 00:35:23,,,,,,,,,,,,,,,,,,,,
Andhra Pradesh,West Godavari,Kv Gopannapalem Eluru,26.6,2026-04-13,00:15:00,57.0,2026-04-12,00:15:00,2026-04-13 00:35:23,27.25,Zone 4,41.7,Zone 4,27.1,Zone 4,36.8,Zone 4,32.3,Zone 4,41.3,Zone 4,37.1,Zone 4,54.9,Zone 5,41.7,Zone 4,60.8,Zone 5
Andhra Pradesh,West Godavari,Maruteru,27.7,2026-04-13,00:15:00,,,,2026-04-13 00:35:23,,,,,,,,,,,,,,,,,,,,
Andhra Pradesh,West Godavari,Narsapur,28.5,2026-04-13,00:15:00,86.0,2026-04-12,00:30:00,2026-04-13 00:35:23,34.05000000000001,Zone 4,64.4,Zone 5,34.1,Zone 4,60.6,Zone 5,48.9,Zone 5,64.0,Zone 5,61.2,Zone 5,66.4,Zone 5,64.4,Zone 5,68.2,Zone 5
Andhra Pradesh,Ysr Kadapa,Agricultural College  Badvel,28.6,2026-04-13,00:15:00,77.0,2026-04-12,00:30:00,2026-04-13 00:35:23,32.650000000000034,Zone 4,62.2,Zone 5,32.5,Zone 4,55.4,Zone 5,39.2,Zone 4,61.8,Zone 5,57.5,Zone 5,64.6,Zone 5,62.2,Zone 5,66.7,Zone 5
Andhra Pradesh,Ysr Kadapa,Utkuru Kvk,30.0,2026-04-13,00:15:00,49.0,2026-04-12,00:15:00,2026-04-13 00:35:23,31.25,Zone 4,51.8,Zone 5,31.2,Zone 4,40.8,Zone 4,36.4,Zone 4,50.3,Zone 5,41.2,Zone 4,60.2,Zone 5,51.8,Zone 5,62.9,Zone 5
Arunachal Pradesh,Anjaw,Hayuliang Circle,15.5,2026-04-13,00:15:00,86.0,2026-04-12,00:15:00,2026-04-13 00:35:23,15.25,Zone 3,29.8,Zone 4,15.3,Zone 3,25.5,Zone 4,22.0,Zone 3,29.7,Zone 4,25.6,Zone 4,33.7,Zone 4,29.8,Zone 4,37.6,Zone 4
Arunachal Pradesh,Anjaw,Kibitoo Circle,10.3,2026-04-13,00:30:00,88.0,2026-04-12,00:30:00,2026-04-13 00:35:23,9.950000000000045,Zone 2,25.1,Zone 3,10.1,Zone 2,22.5,Zone 3,17.8,Zone 3,25.2,Zone 3,22.4,Zone 3,28.8,Zone 4,25.1,Zone 3,32.4,Zone 4
Arunachal Pradesh,Changlang,Miao,17.6,2026-04-13,00:15:00,100.0,2026-04-12,00:15:00,2026-04-13 00:35:23,18.55000000000001,Zone 3,32.9,Zone 4,18.4,Zone 3,28.0,Zone 4,24.0,Zone 3,32.7,Zone 4,28.2,Zone 4,37.9,Zone 5,32.9,Zone 4,51.3,Zone 5
Arunachal Pradesh,Dibang Valley,Anini,9.8,2026-04-13,00:00:00,100.0,2026-04-12,00:00:00,2026-04-13 00:35:23,9.850000000000023,Zone 2,25.0,Zone 3,10.0,Zone 2,22.3,Zone 3,17.6,Zone 3,25.0,Zone 3,22.3,Zone 3,28.6,Zone 4,25.0,Zone 3,32.3,Zone 4
Arunachal Pradesh,East Kameng,Seppa Pampoli,19.0,2026-04-13,00:15:00,92.0,2026-04-12,00:15:00,2026-04-13 00:35:23,19.950000000000045,Zone 3,34.4,Zone 4,19.9,Zone 3,29.5,Zone 4,25.0,Zone 3,34.2,Zone 4,29.7,Zone 4,41.1,Zone 5,34.4,Zone 4,54.5,Zone 5
Arunachal Pradesh,Kamle,Raga,13.9,2026-04-13,00:15:00,100.0,2026-04-12,00:15:00,2026-04-13 00:35:23,13.950000000000045,Zone 2,28.7,Zone 4,14.0,Zone 2,24.7,Zone 3,21.1,Zone 3,28.6,Zone 4,24.8,Zone 3,32.7,Zone 4,28.7,Zone 4,36.6,Zone 4
Arunachal Pradesh,Kurung Kumey,Koloraing,14.2,2026-04-13,00:15:00,100.0,2026-04-12,00:15:00,2026-04-13 00:35:23,14.25,Zone 3,28.7,Zone 4,14.0,Zone 2,24.7,Zone 3,21.1,Zone 3,28.6,Zone 4,24.8,Zone 3,32.7,Zone 4,28.7,Zone 4,36.6,Zone 4
Arunachal Pradesh,Kurung Kumey,Nyapin,15.0,2026-04-13,00:15:00,100.0,2026-04-12,00:15:00,2026-04-13 00:35:23,15.25,Zone 3,29.8,Zone 4,15.3,Zone 3,25.3,Zone 3,22.0,Zone 3,29.6,Zone 4,25.4,Zone 4,33.8,Zone 4,29.8,Zone 4,40.0,Zone 5
Arunachal Pradesh,Leparada,Basar,14.9,2026-04-13,00:15:00,100.0,2026-04-12,00:15:00,2026-04-13 00:35:23,15.150000000000034,Zone 3,29.8,Zone 4,15.3,Zone 3,25.3,Zone 3,22.0,Zone 3,29.6,Zone 4,25.4,Zone 4,33.8,Zone 4,29.8,Zone 4,40.0,Zone 5
Arunachal Pradesh,Longding,Longding,18.8,2026-04-13,00:00:00,,,,2026-04-13 00:35:23,,,,,,,,,,,,,,,,,,,,
Arunachal Pradesh,Longding,Longding New,16.2,2026-04-13,00:00:00,100.0,2026-04-12,00:00:00,2026-04-13 00:35:23,16.850000000000023,Zone 3,31.0,Zone 4,16.6,Zone 3,26.3,Zone 4,22.8,Zone 3,30.8,Zone 4,26.5,Zone 4,35.1,Zone 4,31.0,Zone 4,44.3,Zone 5
Arunachal Pradesh,Lower Siang,Kangku,19.1,2026-04-13,00:15:00,100.0,2026-04-12,00:15:00,2026-04-13 00:35:23,20.450000000000045,Zone 3,35.1,Zone 4,20.3,Zone 3,29.9,Zone 4,25.1,Zone 3,34.8,Zone 4,30.2,Zone 4,45.3,Zone 5,35.1,Zone 4,58.2,Zone 5
Arunachal Pradesh,Lower Subansiri,Deed,13.2,2026-04-13,00:15:00,96.0,2026-04-12,00:15:00,2026-04-13 00:35:23,13.050000000000011,Zone 2,27.5,Zone 4,12.9,Zone 2,24.1,Zone 3,20.2,Zone 3,27.5,Zone 4,24.1,Zone 3,31.4,Zone 4,27.5,Zone 4,35.2,Zone 4
Arunachal Pradesh,Lower Subansiri,Ziro Manipolyang,11.4,2026-04-13,00:15:00,100.0,2026-04-12,00:15:00,2026-04-13 00:35:23,11.450000000000045,Zone 2,26.2,Zone 4,11.5,Zone 2,23.2,Zone 3,18.9,Zone 3,26.2,Zone 4,23.2,Zone 3,30.0,Zone 4,26.2,Zone 4,33.8,Zone 4
Arunachal Pradesh,Namsai,Lekang,17.1,2026-04-13,00:15:00,94.0,2026-04-12,00:15:00,2026-04-13 00:35:23,17.650000000000034,Zone 3,31.9,Zone 4,17.5,Zone 3,27.2,Zone 4,23.4,Zone 3,31.7,Zone 4,27.4,Zone 4,36.0,Zone 4,31.9,Zone 4,46.2,Zone 5
Arunachal Pradesh,Papumpare,Itanagar,18.5,2026-04-13,00:15:00,100.0,2026-04-12,00:15:00,2026-04-13 00:35:23,19.650000000000034,Zone 3,34.3,Zone 4,19.7,Zone 3,29.2,Zone 4,24.8,Zone 3,34.0,Zone 4,29.5,Zone 4,42.6,Zone 5,34.3,Zone 4,56.0,Zone 5
Arunachal Pradesh,Shiyomi,Lowertato,11.2,2026-04-13,00:15:00,97.0,2026-04-12,00:15:00,2026-04-13 00:35:23,11.150000000000034,Zone 2,25.7,Zone 4,10.9,Zone 2,22.9,Zone 3,18.4,Zone 3,25.7,Zone 4,22.9,Zone 3,29.5,Zone 4,25.7,Zone 4,33.2,Zone 4
Arunachal Pradesh,Siang,Pangin Circle,15.8,2026-04-13,00:00:00,100.0,2026-04-12,00:00:00,2026-04-13 00:35:23,16.350000000000023,Zone 3,31.0,Zone 4,16.6,Zone 3,26.3,Zone 4,22.8,Zone 3,30.8,Zone 4,26.5,Zone 4,35.1,Zone 4,31.0,Zone 4,44.3,Zone 5
Arunachal Pradesh,Tirap,Deomali,18.8,2026-04-13,00:15:00,100.0,2026-04-12,00:15:00,2026-04-13 00:35:23,20.05000000000001,Zone 3,35.1,Zone 4,20.3,Zone 3,29.9,Zone 4,25.1,Zone 3,34.8,Zone 4,30.2,Zone 4,45.3,Zone 5,35.1,Zone 4,58.2,Zone 5
Arunachal Pradesh,Tirap,Longding,15.6,2026-04-13,00:15:00,,,,2026-04-13 00:35:23,,,,,,,,,,,,,,,,,,,,
Arunachal Pradesh,Upper Siang,Tenali,,,,100.0,2026-04-12,23:30:00,2026-04-13 00:35:23,,,,,,,,,,,,,,,,,,,,
Arunachal Pradesh,Upper Siang,Yingkiong,18.6,2026-04-13,00:15:00,,,,2026-04-13 00:35:23,,,,,,,,,,,,,,,,,,,,
Arunachal Pradesh,West Kameng,Bomdila,8.3,2026-04-13,00:15:00,,,,2026-04-13 00:35:23,,,,,,,,,,,,,,,,,,,,
Arunachal Pradesh,West Kameng,Dirang,19.1,2026-04-13,00:15:00,100.0,2026-04-12,00:15:00,2026-04-13 00:35:23,20.450000000000045,Zone 3,35.1,Zone 4,20.3,Zone 3,29.9,Zone 4,25.1,Zone 3,34.8,Zone 4,30.2,Zone 4,45.3,Zone 5,35.1,Zone 4,58.2,Zone 5
Arunachal Pradesh,West Kameng,Dirang,13.1,2026-04-13,00:15:00,100.0,2026-04-12,00:15:00,2026-04-13 00:35:23,13.050000000000011,Zone 2,27.6,Zone 4,13.0,Zone 2,24.1,Zone 3,20.3,Zone 3,27.6,Zone 4,24.2,Zone 3,31.6,Zone 4,27.6,Zone 4,35.4,Zone 4
Arunachal Pradesh,West Kameng,Kalaktang,13.0,2026-04-13,00:00:00,100.0,2026-04-12,00:00:00,2026-04-13 00:35:23,13.050000000000011,Zone 2,27.6,Zone 4,13.0,Zone 2,24.1,Zone 3,20.3,Zone 3,27.6,Zone 4,24.2,Zone 3,31.6,Zone 4,27.6,Zone 4,35.4,Zone 4
Arunachal Pradesh,West Siang,Along,18.1,2026-04-13,00:15:00,100.0,2026-04-12,00:15:00,2026-04-13 00:35:23,19.150000000000034,Zone 3,33.6,Zone 4,19.1,Zone 3,28.6,Zone 4,24.4,Zone 3,33.3,Zone 4,28.9,Zone 4,40.2,Zone 5,33.6,Zone 4,53.7,Zone 5
Arunachal Pradesh,West Siang,Yomcha,14.9,2026-04-13,00:15:00,100.0,2026-04-12,00:15:00,2026-04-13 00:35:23,15.150000000000034,Zone 3,29.8,Zone 4,15.3,Zone 3,25.3,Zone 3,22.0,Zone 3,29.6,Zone 4,25.4,Zone 4,33.8,Zone 4,29.8,Zone 4,40.0,Zone 5
Assam,Barpeta,Bajali University,20.8,2026-04-13,00:00:00,87.0,2026-04-12,00:00:00,2026-04-13 00:35:23,21.850000000000023,Zone 3,37.0,Zone 4,22.1,Zone 3,31.8,Zone 4,27.1,Zone 4,36.7,Zone 4,32.2,Zone 4,48.5,Zone 5,37.0,Zone 4,59.5,Zone 5
Assam,Barpeta,Barpeta,20.2,2026-04-13,00:15:00,57.0,2026-04-12,00:15:00,2026-04-13 00:35:23,19.650000000000034,Zone 3,33.2,Zone 4,19.4,Zone 3,29.0,Zone 4,24.9,Zone 3,33.1,Zone 4,29.1,Zone 4,36.9,Zone 4,33.2,Zone 4,40.7,Zone 5
Assam,Barpeta,Barpeta Kvk,20.6,2026-04-13,00:15:00,86.0,2026-04-12,00:15:00,2026-04-13 00:35:23,21.55000000000001,Zone 3,36.1,Zone 4,21.4,Zone 3,31.1,Zone 4,26.4,Zone 4,35.8,Zone 4,31.4,Zone 4,45.2,Zone 5,36.1,Zone 4,58.1,Zone 5
Assam,Bongaigaon,Manikpur,19.8,2026-04-13,00:15:00,100.0,2026-04-12,00:15:00,2026-04-13 00:35:23,21.25,Zone 3,36.9,Zone 5,21.5,Zone 3,31.3,Zone 4,26.3,Zone 4,36.3,Zone 4,31.7,Zone 4,50.8,Zone 5,36.9,Zone 5,60.0,Zone 5
Assam,Cachar,Cacher Kvk,22.3,2026-04-13,00:15:00,,,,2026-04-13 00:35:23,,,,,,,,,,,,,,,,,,,,
Assam,Charaideo,Sonari Aegcl,,,,100.0,2026-04-12,00:15:00,2026-04-13 00:35:23,,,,,,,,,,,,,,,,,,,,
Assam,Chirang,Chirang,19.6,2026-04-13,00:15:00,100.0,2026-04-12,00:15:00,2026-04-13 00:35:23,21.05000000000001,Zone 3,35.9,Zone 4,20.9,Zone 3,30.6,Zone 4,25.7,Zone 4,35.5,Zone 4,30.9,Zone 4,48.0,Zone 5,35.9,Zone 4,59.4,Zone 5
Assam,Darrang,Dalgaon,19.6,2026-04-13,00:15:00,81.0,2026-04-12,00:15:00,2026-04-13 00:35:23,20.150000000000034,Zone 3,34.3,Zone 4,20.0,Zone 3,29.5,Zone 4,25.1,Zone 3,34.1,Zone 4,29.8,Zone 4,38.3,Zone 4,34.3,Zone 4,51.3,Zone 5
Assam,Darrang,Garukhuti,20.5,2026-04-13,00:15:00,75.0,2026-04-12,00:15:00,2026-04-13 00:35:23,20.950000000000045,Zone 3,35.1,Zone 4,20.9,Zone 3,30.4,Zone 4,25.9,Zone 4,34.9,Zone 4,30.7,Zone 4,39.2,Zone 4,35.1,Zone 4,52.5,Zone 5
Assam,Darrang,Mangaldai,18.7,2026-04-13,00:15:00,77.0,2026-04-12,00:15:00,2026-04-13 00:35:23,18.850000000000023,Zone 3,32.7,Zone 4,18.6,Zone 3,28.3,Zone 4,24.2,Zone 3,32.6,Zone 4,28.4,Zone 4,36.7,Zone 4,32.7,Zone 4,44.8,Zone 5
Assam,Dhemaji,Silapathar Science College,18.9,2026-04-13,00:15:00,100.0,2026-04-12,00:15:00,2026-04-13 00:35:23,20.150000000000034,Zone 3,35.1,Zone 4,20.3,Zone 3,29.9,Zone 4,25.1,Zone 3,34.8,Zone 4,30.2,Zone 4,45.3,Zone 5,35.1,Zone 4,58.2,Zone 5
Assam,Dhubri,Gauripur Aegcl,21.8,2026-04-13,00:15:00,100.0,2026-04-12,00:15:00,2026-04-13 00:35:23,23.55000000000001,Zone 3,49.1,Zone 5,23.7,Zone 3,34.5,Zone 4,29.3,Zone 4,47.5,Zone 5,35.0,Zone 4,59.7,Zone 5,49.1,Zone 5,62.4,Zone 5
Assam,Dibrugarh,Bcpl Dibrugarh,,,,100.0,2026-04-12,00:00:00,2026-04-13 00:35:23,,,,,,,,,,,,,,,,,,,,
Assam,Dibrugarh,Dc Ofc Dibrugarh,18.8,2026-04-13,00:00:00,100.0,2026-04-12,00:00:00,2026-04-13 00:35:23,20.05000000000001,Zone 3,35.1,Zone 4,20.3,Zone 3,29.9,Zone 4,25.1,Zone 3,34.8,Zone 4,30.2,Zone 4,45.3,Zone 5,35.1,Zone 4,58.2,Zone 5
Assam,Dibrugarh,Dibrugarh,15.8,2026-04-13,00:15:00,,,,2026-04-13 00:35:23,,,,,,,,,,,,,,,,,,,,
Assam,Dibrugarh,Lahowal,,,,8.0,2026-04-12,23:45:00,2026-04-13 00:35:23,,,,,,,,,,,,,,,,,,,,
Assam,Dima Hasao,Haflong,18.5,2026-04-13,00:15:00,86.0,2026-04-12,00:15:00,2026-04-13 00:35:23,19.05000000000001,Zone 3,33.3,Zone 4,19.0,Zone 3,28.6,Zone 4,24.4,Zone 3,33.1,Zone 4,28.8,Zone 4,37.4,Zone 4,33.3,Zone 4,49.3,Zone 5
Assam,Dima Hasao,Haflong Aegcl,,,,100.0,2026-04-12,23:30:00,2026-04-13 00:35:23,,,,,,,,,,,,,,,,,,,,
Assam,Dima Hasao,Lkhep,20.4,2026-04-13,00:15:00,100.0,2026-04-12,00:15:00,2026-04-13 00:35:23,21.950000000000045,Zone 3,39.6,Zone 5,22.0,Zone 3,32.0,Zone 4,27.0,Zone 4,38.4,Zone 5,32.4,Zone 4,53.6,Zone 5,39.6,Zone 5,60.6,Zone 5
Assam,Goalpara,Agia Aegcl,20.7,2026-04-13,00:15:00,100.0,2026-04-12,00:15:00,2026-04-13 00:35:23,22.25,Zone 3,39.6,Zone 5,22.0,Zone 3,32.0,Zone 4,27.0,Zone 4,38.4,Zone 5,32.4,Zone 4,53.6,Zone 5,39.6,Zone 5,60.6,Zone 5
Assam,Golaghat,Cnb Collage Bokakhat,19.4,2026-04-13,00:15:00,100.0,2026-04-12,00:15:00,2026-04-13 00:35:23,20.75,Zone 3,35.9,Zone 4,20.9,Zone 3,30.6,Zone 4,25.7,Zone 4,35.5,Zone 4,30.9,Zone 4,48.0,Zone 5,35.9,Zone 4,59.4,Zone 5
Assam,Hailakandi,Panchgram Aegcl,21.3,2026-04-13,00:15:00,100.0,2026-04-12,00:15:00,2026-04-13 00:35:23,22.950000000000045,Zone 3,45.7,Zone 5,23.2,Zone 3,33.6,Zone 4,28.5,Zone 4,44.3,Zone 5,34.1,Zone 4,58.9,Zone 5,45.7,Zone 5,61.8,Zone 5
Assam,Hajoi,Lumding,21.0,2026-04-13,00:15:00,77.0,2026-04-12,00:15:00,2026-04-13 00:35:23,21.650000000000034,Zone 3,36.0,Zone 4,21.6,Zone 3,31.2,Zone 4,26.6,Zone 4,35.7,Zone 4,31.4,Zone 4,42.4,Zone 5,36.0,Zone 4,55.7,Zone 5
Assam,Kamrup,Amingaon,,,,88.0,2026-04-12,00:15:00,2026-04-13 00:35:23,,,,,,,,,,,,,,,,,,,,
Assam,Kamrup,Boko Aegcl,20.6,2026-04-13,00:15:00,98.0,2026-04-12,00:30:00,2026-04-13 00:35:23,22.05000000000001,Zone 3,38.4,Zone 5,22.0,Zone 3,31.9,Zone 4,26.9,Zone 4,37.3,Zone 5,32.3,Zone 4,52.5,Zone 5,38.4,Zone 5,60.3,Zone 5
Assam,Kamrup,Chandubi,24.5,2026-04-13,00:00:00,,,,2026-04-13 00:35:23,,,,,,,,,,,,,,,,,,,,
Assam,Kamrup Metropolitan,Aau Hrs,21.2,2026-04-13,00:15:00,88.0,2026-04-12,00:15:00,2026-04-13 00:35:23,22.350000000000023,Zone 3,37.1,Zone 4,22.1,Zone 3,31.9,Zone 4,27.1,Zone 4,36.8,Zone 4,32.2,Zone 4,49.1,Zone 5,37.1,Zone 4,59.6,Zone 5
Assam,Kamrup Metropolitan,Down Town University,20.4,2026-04-13,00:15:00,87.0,2026-04-12,00:15:00,2026-04-13 00:35:23,21.350000000000023,Zone 3,36.2,Zone 4,21.5,Zone 3,31.1,Zone 4,26.4,Zone 4,35.9,Zone 4,31.5,Zone 4,45.8,Zone 5,36.2,Zone 4,58.6,Zone 5
Assam,Kamrup Metropolitan,Gauhati University,21.5,2026-04-13,00:15:00,,,,2026-04-13 00:35:23,,,,,,,,,,,,,,,,,,,,
Assam,Kamrup Metropolitan,Guwahati,20.9,2026-04-13,00:15:00,79.0,2026-04-12,00:15:00,2026-04-13 00:35:23,21.55000000000001,Zone 3,36.2,Zone 4,21.7,Zone 3,31.3,Zone 4,26.7,Zone 4,35.9,Zone 4,31.6,Zone 4,43.6,Zone 5,36.2,Zone 4,56.8,Zone 5
Assam,Kamrup Metropolitan,Guwahati City,21.0,2026-04-13,00:15:00,90.0,2026-04-12,00:15:00,2026-04-13 00:35:23,22.25,Zone 3,37.3,Zone 4,22.2,Zone 3,32.0,Zone 4,27.2,Zone 4,37.0,Zone 4,32.4,Zone 4,50.4,Zone 5,37.3,Zone 4,59.9,Zone 5
Assam,Kamrup Metropolitan,Kalakshetra,22.4,2026-04-13,00:00:00,,,,2026-04-13 00:35:23,,,,,,,,,,,,,,,,,,,,
Assam,Kamrup Metropolitan,Kamakhya,21.4,2026-04-13,00:15:00,83.0,2026-04-12,00:15:00,2026-04-13 00:35:23,22.350000000000023,Zone 3,37.4,Zone 4,22.5,Zone 3,32.2,Zone 4,27.5,Zone 4,37.0,Zone 4,32.6,Zone 4,48.6,Zone 5,37.4,Zone 4,59.5,Zone 5
Assam,Kamrup Metropolitan,Sonapur,20.6,2026-04-13,00:00:00,,,,2026-04-13 00:35:23,,,,,,,,,,,,,,,,,,,,
Assam,Kamrup Metropolitan,Vcbc Rani,21.6,2026-04-13,00:15:00,100.0,2026-04-12,00:15:00,2026-04-13 00:35:23,23.25,Zone 3,45.7,Zone 5,23.2,Zone 3,33.6,Zone 4,28.5,Zone 4,44.3,Zone 5,34.1,Zone 4,58.9,Zone 5,45.7,Zone 5,61.8,Zone 5
Assam,Karbi Anglong,Diphu Amfu,19.6,2026-04-13,00:15:00,82.0,2026-04-12,00:15:00,2026-04-13 00:35:23,20.150000000000034,Zone 3,34.3,Zone 4,20.1,Zone 3,29.6,Zone 4,25.1,Zone 3,34.1,Zone 4,29.8,Zone 4,38.4,Zone 4,34.3,Zone 4,51.8,Zone 5
Assam,Karbi Anglong(East),Bakulia,23.0,2026-04-13,00:15:00,86.0,2026-04-12,00:15:00,2026-04-13 00:35:23,24.25,Zone 3,45.0,Zone 5,24.3,Zone 3,34.8,Zone 4,29.8,Zone 4,43.6,Zone 5,35.2,Zone 4,58.3,Zone 5,45.0,Zone 5,61.6,Zone 5
Assam,Karbi Anglong(East),Diphu,19.9,2026-04-13,00:15:00,92.0,2026-04-12,00:15:00,2026-04-13 00:35:23,21.05000000000001,Zone 3,35.9,Zone 4,21.1,Zone 3,30.8,Zone 4,26.0,Zone 4,35.6,Zone 4,31.1,Zone 4,46.1,Zone 5,35.9,Zone 4,58.8,Zone 5
Assam,Karbi Anglong(West),Habang Circle,17.3,2026-04-13,00:15:00,100.0,2026-04-12,00:15:00,2026-04-13 00:35:23,18.150000000000034,Zone 3,32.9,Zone 4,18.4,Zone 3,28.0,Zone 4,24.0,Zone 3,32.7,Zone 4,28.2,Zone 4,37.9,Zone 5,32.9,Zone 4,51.3,Zone 5
Assam,Karbi Anglong(West),Kheronighat,21.2,2026-04-13,00:15:00,74.0,2026-04-12,00:15:00,2026-04-13 00:35:23,21.75,Zone 3,35.7,Zone 4,21.5,Zone 3,31.0,Zone 4,26.5,Zone 4,35.5,Zone 4,31.2,Zone 4,40.6,Zone 5,35.7,Zone 4,54.1,Zone 5
Assam,Karbi Anglong(West),Umlapher,16.6,2026-04-13,00:15:00,100.0,2026-04-12,00:15:00,2026-04-13 00:35:23,17.350000000000023,Zone 3,31.6,Zone 4,17.2,Zone 3,26.9,Zone 4,23.2,Zone 3,31.4,Zone 4,27.0,Zone 4,35.7,Zone 4,31.6,Zone 4,46.6,Zone 5
Assam,Karbi Anglong(West),Umpanai Apdcl,18.3,2026-04-13,00:15:00,100.0,2026-04-12,00:15:00,2026-04-13 00:35:23,19.450000000000045,Zone 3,34.3,Zone 4,19.7,Zone 3,29.2,Zone 4,24.8,Zone 3,34.0,Zone 4,29.5,Zone 4,42.6,Zone 5,34.3,Zone 4,56.0,Zone 5
Assam,Karimganj,Harinagar,,,,11.0,2026-04-12,00:15:00,2026-04-13 00:35:23,,,,,,,,,,,,,,,,,,,,
Assam,Karimganj,Karimganj Amfu,23.7,2026-04-13,00:15:00,,,,2026-04-13 00:35:23,,,,,,,,,,,,,,,,,,,,
Assam,Kokrajhar,Salakati Aegcl,20.9,2026-04-13,00:15:00,100.0,2026-04-12,00:15:00,2026-04-13 00:35:23,22.55000000000001,Zone 3,42.5,Zone 5,22.6,Zone 3,32.8,Zone 4,27.7,Zone 4,41.2,Zone 5,33.3,Zone 4,56.3,Zone 5,42.5,Zone 5,61.2,Zone 5
Assam,Lakhimpur,Lakhimpur,18.8,2026-04-13,00:00:00,100.0,2026-04-12,00:00:00,2026-04-13 00:35:23,20.05000000000001,Zone 3,35.1,Zone 4,20.3,Zone 3,29.9,Zone 4,25.1,Zone 3,34.8,Zone 4,30.2,Zone 4,45.3,Zone 5,35.1,Zone 4,58.2,Zone 5
Assam,Majuli,Majuli,19.1,2026-04-13,00:15:00,100.0,2026-04-12,00:15:00,2026-04-13 00:35:23,20.450000000000045,Zone 3,35.1,Zone 4,20.3,Zone 3,29.9,Zone 4,25.1,Zone 3,34.8,Zone 4,30.2,Zone 4,45.3,Zone 5,35.1,Zone 4,58.2,Zone 5
Assam,Marigaon,Dharamtul,21.0,2026-04-13,00:00:00,95.0,2026-04-12,00:00:00,2026-04-13 00:35:23,22.450000000000045,Zone 3,39.4,Zone 5,22.4,Zone 3,32.4,Zone 4,27.4,Zone 4,38.2,Zone 5,32.8,Zone 4,53.4,Zone 5,39.4,Zone 5,60.5,Zone 5
Assam,Marigaon,Laharighat,21.0,2026-04-13,00:15:00,74.0,2026-04-12,00:15:00,2026-04-13 00:35:23,21.450000000000045,Zone 3,35.7,Zone 4,21.5,Zone 3,31.0,Zone 4,26.5,Zone 4,35.5,Zone 4,31.2,Zone 4,40.6,Zone 5,35.7,Zone 4,54.1,Zone 5
Assam,Marigaon,Marigaon,20.7,2026-04-13,00:00:00,100.0,2026-04-12,00:00:00,2026-04-13 00:35:23,22.25,Zone 3,39.6,Zone 5,22.0,Zone 3,32.0,Zone 4,27.0,Zone 4,38.4,Zone 5,32.4,Zone 4,53.6,Zone 5,39.6,Zone 5,60.6,Zone 5
Assam,Nagaon,Kampur,18.5,2026-04-13,00:00:00,26.0,2026-04-12,00:00:00,2026-04-13 00:35:23,15.75,Zone 3,30.1,Zone 4,15.8,Zone 3,26.7,Zone 4,22.8,Zone 3,30.2,Zone 4,26.6,Zone 4,33.5,Zone 4,30.1,Zone 4,36.7,Zone 4
Assam,Nagaon,Samaguri Aegcl,20.5,2026-04-13,00:15:00,90.0,2026-04-12,00:15:00,2026-04-13 00:35:23,21.650000000000034,Zone 3,36.5,Zone 4,21.6,Zone 3,31.3,Zone 4,26.5,Zone 4,36.2,Zone 4,31.7,Zone 4,47.6,Zone 5,36.5,Zone 4,59.3,Zone 5
Assam,Nalbari,Chamata,25.7,2026-04-13,00:15:00,,,,2026-04-13 00:35:23,,,,,,,,,,,,,,,,,,,,
Assam,Nalbari,Nalbari,31.2,2026-04-13,00:15:00,93.0,2026-04-12,00:15:00,2026-04-13 00:35:23,61.05000000000001,Zone 5,70.3,Zone 5,60.4,Zone 5,67.9,Zone 5,65.3,Zone 5,70.0,Zone 5,68.3,Zone 5,71.6,Zone 6,70.3,Zone 5,74.5,Zone 6
Assam,Nalbari,Nalbari Kvk,20.4,2026-04-13,00:15:00,,,,2026-04-13 00:35:23,,,,,,,,,,,,,,,,,,,,
Assam,Nalbari,Tihu,20.9,2026-04-13,00:00:00,77.0,2026-04-12,00:00:00,2026-04-13 00:35:23,21.55000000000001,Zone 3,36.0,Zone 4,21.6,Zone 3,31.2,Zone 4,26.6,Zone 4,35.7,Zone 4,31.4,Zone 4,42.4,Zone 5,36.0,Zone 4,55.7,Zone 5
Assam,Sivasagar,Sivsagar Aegcl,18.9,2026-04-13,00:15:00,100.0,2026-04-12,00:15:00,2026-04-13 00:35:23,20.150000000000034,Zone 3,35.1,Zone 4,20.3,Zone 3,29.9,Zone 4,25.1,Zone 3,34.8,Zone 4,30.2,Zone 4,45.3,Zone 5,35.1,Zone 4,58.2,Zone 5
Assam,Sonitpur,Dhekiajuli Aegcl,19.9,2026-04-13,00:15:00,100.0,2026-04-12,00:15:00,2026-04-13 00:35:23,21.350000000000023,Zone 3,36.9,Zone 5,21.5,Zone 3,31.3,Zone 4,26.3,Zone 4,36.3,Zone 4,31.7,Zone 4,50.8,Zone 5,36.9,Zone 5,60.0,Zone 5
Assam,Sonitpur,Ghoramara Aegcl,19.2,2026-04-13,00:15:00,,,,2026-04-13 00:35:23,,,,,,,,,,,,,,,,,,,,
Assam,Sonitpur,Neriwalam,20.1,2026-04-13,00:15:00,100.0,2026-04-12,00:15:00,2026-04-13 00:35:23,21.55000000000001,Zone 3,36.9,Zone 5,21.5,Zone 3,31.3,Zone 4,26.3,Zone 4,36.3,Zone 4,31.7,Zone 4,50.8,Zone 5,36.9,Zone 5,60.0,Zone 5
Assam,Tamulpur,Mushalpur,7.3,2026-04-13,00:00:00,86.0,2026-04-12,00:00:00,2026-04-13 00:35:23,6.9500000000000455,Zone 2,23.7,Zone 3,7.1,Zone 2,20.6,Zone 3,15.0,Zone 3,23.8,Zone 3,20.5,Zone 3,26.3,Zone 4,23.7,Zone 3,29.7,Zone 4
Assam,Tinsukia,Margherita,18.6,2026-04-13,00:15:00,100.0,2026-04-12,00:15:00,2026-04-13 00:35:23,19.850000000000023,Zone 3,34.3,Zone 4,19.7,Zone 3,29.2,Zone 4,24.8,Zone 3,34.0,Zone 4,29.5,Zone 4,42.6,Zone 5,34.3,Zone 4,56.0,Zone 5
Assam,Tinsukia,Tinsukia,19.0,2026-04-13,00:15:00,88.0,2026-04-12,00:15:00,2026-04-13 00:35:23,19.75,Zone 3,34.1,Zone 4,19.7,Zone 3,29.3,Zone 4,24.9,Zone 3,33.9,Zone 4,29.5,Zone 4,39.1,Zone 5,34.1,Zone 4,52.6,Zone 5
Assam,Udalguri,Rowta Aegcl,19.7,2026-04-13,00:15:00,100.0,2026-04-12,00:15:00,2026-04-13 00:35:23,21.150000000000034,Zone 3,35.9,Zone 4,20.9,Zone 3,30.6,Zone 4,25.7,Zone 4,35.5,Zone 4,30.9,Zone 4,48.0,Zone 5,35.9,Zone 4,59.4,Zone 5
Assam,Udalguri,Udalguri,16.7,2026-04-13,00:15:00,80.0,2026-04-12,00:15:00,2026-04-13 00:35:23,16.450000000000045,Zone 3,30.6,Zone 4,16.2,Zone 3,26.3,Zone 4,22.7,Zone 3,30.5,Zone 4,26.4,Zone 4,34.5,Zone 4,30.6,Zone 4,38.4,Zone 4
Assam,Udalguri,Udi Kvk,19.6,2026-04-13,00:15:00,,,,2026-04-13 00:35:23,,,,,,,,,,,,,,,,,,,,
Bihar,Arwal,Arwal Aws400,24.9,2026-04-13,00:15:00,38.0,2026-04-12,00:15:00,2026-04-13 00:35:23,24.25,Zone 3,37.0,Zone 4,24.4,Zone 3,33.0,Zone 4,29.0,Zone 4,36.9,Zone 4,33.1,Zone 4,40.6,Zone 4,37.0,Zone 4,47.0,Zone 5
Bihar,Bhojpur,Bhojpur Amfu,,,,53.0,2026-04-12,00:15:00,2026-04-13 00:35:23,,,,,,,,,,,,,,,,,,,,
Bihar,Buxar,Buxar,25.4,2026-04-13,00:15:00,52.0,2026-04-12,00:15:00,2026-04-13 00:35:23,25.55000000000001,Zone 4,39.4,Zone 4,25.6,Zone 4,34.8,Zone 4,30.6,Zone 4,39.1,Zone 4,35.1,Zone 4,46.1,Zone 5,39.4,Zone 4,58.8,Zone 5
Bihar,Buxar,Dumaraon,23.7,2026-04-13,00:15:00,21.0,2026-04-12,00:15:00,2026-04-13 00:35:23,21.75,Zone 3,34.0,Zone 4,21.5,Zone 3,30.5,Zone 4,26.8,Zone 4,34.0,Zone 4,30.5,Zone 4,37.3,Zone 4,34.0,Zone 4,40.5,Zone 4
Bihar,Darbhanga,Darbhanga Aws400,24.2,2026-04-13,00:15:00,,,,2026-04-13 00:35:23,,,,,,,,,,,,,,,,,,,,
Bihar,Gaya,Bodhgaya,24.1,2026-04-13,00:15:00,32.0,2026-04-12,00:15:00,2026-04-13 00:35:23,22.950000000000045,Zone 3,35.4,Zone 4,22.9,Zone 3,31.6,Zone 4,27.7,Zone 4,35.3,Zone 4,31.7,Zone 4,38.8,Zone 4,35.4,Zone 4,42.2,Zone 4
Bihar,Jehanabad,Jehanabad,24.6,2026-04-13,00:15:00,56.0,2026-04-12,00:15:00,2026-04-13 00:35:23,24.75,Zone 3,38.5,Zone 4,24.7,Zone 3,34.0,Zone 4,29.6,Zone 4,38.3,Zone 4,34.2,Zone 4,44.6,Zone 5,38.5,Zone 4,57.6,Zone 5
Bihar,Kaimur,Bhabua,27.3,2026-04-13,00:15:00,52.0,2026-04-12,00:15:00,2026-04-13 00:35:23,27.850000000000023,Zone 4,42.3,Zone 4,28.1,Zone 4,37.5,Zone 4,33.2,Zone 4,42.0,Zone 4,37.9,Zone 4,55.4,Zone 5,42.3,Zone 4,60.9,Zone 5
Bihar,Katihar,Katihar Kvk,23.7,2026-04-13,00:15:00,,,,2026-04-13 00:35:23,,,,,,,,,,,,,,,,,,,,
Bihar,Krishnaganj,Arrabari,22.0,2026-04-13,00:15:00,84.0,2026-04-12,00:15:00,2026-04-13 00:35:23,23.05000000000001,Zone 3,38.3,Zone 4,23.1,Zone 3,33.0,Zone 4,28.2,Zone 4,37.9,Zone 4,33.4,Zone 4,52.0,Zone 5,38.3,Zone 4,60.2,Zone 5
Bihar,Madhepura,Madhepura,22.6,2026-04-13,00:15:00,100.0,2026-04-12,00:15:00,2026-04-13 00:35:23,24.350000000000023,Zone 3,52.5,Zone 5,24.3,Zone 3,35.4,Zone 4,30.1,Zone 4,50.9,Zone 5,36.0,Zone 4,60.4,Zone 5,52.5,Zone 5,63.0,Zone 5
Bihar,Madhubani,Chanpur Basaitha,24.5,2026-04-13,00:00:00,87.0,2026-04-12,00:00:00,2026-04-13 00:35:23,26.150000000000034,Zone 4,55.5,Zone 5,26.2,Zone 4,37.6,Zone 4,32.4,Zone 4,54.0,Zone 5,38.2,Zone 4,61.0,Zone 5,55.5,Zone 5,63.6,Zone 5
Bihar,Madhubani,Sukhet,23.5,2026-04-13,00:15:00,85.0,2026-04-12,00:15:00,2026-04-13 00:35:23,24.75,Zone 3,47.4,Zone 5,24.8,Zone 3,35.5,Zone 4,30.5,Zone 4,45.9,Zone 5,36.0,Zone 4,59.3,Zone 5,47.4,Zone 5,62.1,Zone 5
Bihar,Munger,Kvk Munger,23.6,2026-04-13,00:15:00,76.0,2026-04-12,00:15:00,2026-04-13 00:35:23,24.55000000000001,Zone 3,40.4,Zone 5,24.4,Zone 3,34.5,Zone 4,29.8,Zone 4,39.4,Zone 4,34.9,Zone 4,54.5,Zone 5,40.4,Zone 5,60.7,Zone 5
Bihar,Nalanda,Harnaut,24.9,2026-04-13,00:15:00,44.0,2026-04-12,00:15:00,2026-04-13 00:35:23,24.55000000000001,Zone 3,37.7,Zone 4,24.7,Zone 3,33.5,Zone 4,29.4,Zone 4,37.5,Zone 4,33.7,Zone 4,41.4,Zone 4,37.7,Zone 4,51.4,Zone 5
Bihar,Nalanda,Rajgir,24.2,2026-04-13,00:15:00,43.0,2026-04-12,00:15:00,2026-04-13 00:35:23,23.75,Zone 3,36.4,Zone 4,23.5,Zone 3,32.3,Zone 4,28.3,Zone 4,36.3,Zone 4,32.5,Zone 4,40.1,Zone 4,36.4,Zone 4,46.9,Zone 5
Bihar,Patna,Baldwin Academy,27.0,2026-04-13,00:15:00,56.0,2026-04-12,00:15:00,2026-04-13 00:35:23,27.75,Zone 4,42.6,Zone 5,27.7,Zone 4,37.4,Zone 4,32.9,Zone 4,41.9,Zone 4,37.7,Zone 4,56.4,Zone 5,42.6,Zone 5,61.2,Zone 5
Bihar,Patna,Danapur Dps,24.2,2026-04-13,00:15:00,64.0,2026-04-12,00:15:00,2026-04-13 00:35:23,24.650000000000034,Zone 3,38.9,Zone 4,24.5,Zone 3,34.1,Zone 4,29.6,Zone 4,38.6,Zone 4,34.4,Zone 4,48.3,Zone 5,38.9,Zone 4,59.4,Zone 5
Bihar,Patna,Iit Patna,21.3,2026-04-13,00:00:00,82.0,2026-04-12,00:00:00,2026-04-13 00:35:23,22.25,Zone 3,37.2,Zone 4,22.4,Zone 3,32.2,Zone 4,27.5,Zone 4,36.9,Zone 4,32.5,Zone 4,48.0,Zone 5,37.2,Zone 4,59.4,Zone 5
Bihar,Patna,Kvk Barh,18.7,2026-04-13,00:15:00,,,,2026-04-13 00:35:23,,,,,,,,,,,,,,,,,,,,
Bihar,Patna,Patna,30.0,2026-04-13,00:15:00,7.0,2026-04-12,00:15:00,2026-04-13 00:35:23,27.650000000000034,Zone 4,37.9,Zone 4,27.6,Zone 4,34.7,Zone 4,31.3,Zone 4,37.9,Zone 4,34.7,Zone 4,41.0,Zone 4,37.9,Zone 4,44.0,Zone 4
Bihar,Patna,Patna Pwc,28.7,2026-04-13,00:15:00,53.0,2026-04-12,00:15:00,2026-04-13 00:35:23,29.850000000000023,Zone 4,47.8,Zone 5,29.5,Zone 4,39.2,Zone 4,34.7,Zone 4,46.3,Zone 5,39.6,Zone 4,59.4,Zone 5,47.8,Zone 5,62.2,Zone 5
Bihar,Purnea,Purnea Imd,33.6,2026-04-13,00:15:00,87.0,2026-04-12,00:15:00,2026-04-13 00:35:23,66.45000000000005,Zone 5,74.9,Zone 6,66.1,Zone 5,71.4,Zone 5,69.6,Zone 5,74.3,Zone 6,72.0,Zone 6,77.2,Zone 6,74.9,Zone 6,80.1,Zone 6
Bihar,Rohtas,Dehri,33.5,2026-04-13,00:00:00,53.0,2026-04-12,00:00:00,2026-04-13 00:35:23,38.150000000000034,Zone 4,63.3,Zone 5,38.1,Zone 4,59.3,Zone 5,44.2,Zone 4,62.9,Zone 5,59.8,Zone 5,65.5,Zone 5,63.3,Zone 5,67.4,Zone 5
Bihar,Saharsa,Agwanpur Aws400,23.3,2026-04-13,00:15:00,94.0,2026-04-12,00:15:00,2026-04-13 00:35:23,24.850000000000023,Zone 3,54.6,Zone 5,25.1,Zone 3,36.6,Zone 4,31.3,Zone 4,53.0,Zone 5,37.3,Zone 5,60.8,Zone 5,54.6,Zone 5,63.4,Zone 5
Bihar,Samastipur,Pusa Aws400,22.4,2026-04-13,00:15:00,84.0,2026-04-12,00:15:00,2026-04-13 00:35:23,23.55000000000001,Zone 3,40.6,Zone 5,23.6,Zone 3,33.8,Zone 4,28.9,Zone 4,39.4,Zone 5,34.2,Zone 4,54.6,Zone 5,40.6,Zone 5,60.8,Zone 5
Bihar,Saran,Manjhi,,,,53.0,2026-04-12,23:30:00,2026-04-13 00:35:23,,,,,,,,,,,,,,,,,,,,
Bihar,Sasaram,Bikramganj,18.7,2026-04-13,00:15:00,47.0,2026-04-12,00:15:00,2026-04-13 00:35:23,17.25,Zone 3,31.1,Zone 4,17.0,Zone 3,27.2,Zone 4,23.4,Zone 3,31.1,Zone 4,27.3,Zone 4,34.7,Zone 4,31.1,Zone 4,38.2,Zone 4
Bihar,Sheikpura,Sheikpura Kvk,24.3,2026-04-13,00:15:00,,,,2026-04-13 00:35:23,,,,,,,,,,,,,,,,,,,,
Bihar,Siwan,Ziradei,22.4,2026-04-13,00:15:00,21.0,2026-04-12,00:15:00,2026-04-13 00:35:23,20.150000000000034,Zone 3,33.1,Zone 4,20.3,Zone 3,29.7,Zone 4,25.9,Zone 4,33.1,Zone 4,29.7,Zone 4,36.5,Zone 4,33.1,Zone 4,39.7,Zone 4
Bihar,Supaul,Supaul Aws400,22.2,2026-04-13,00:15:00,96.0,2026-04-12,00:15:00,2026-04-13 00:35:23,23.75,Zone 3,46.2,Zone 5,23.6,Zone 3,34.1,Zone 4,29.0,Zone 4,44.7,Zone 5,34.6,Zone 4,59.1,Zone 5,46.2,Zone 5,61.8,Zone 5
Bihar,Vaishali,Vaishali,23.1,2026-04-13,00:15:00,74.0,2026-04-12,00:15:00,2026-04-13 00:35:23,23.850000000000023,Zone 3,38.7,Zone 4,23.8,Zone 3,33.6,Zone 4,29.0,Zone 4,38.3,Zone 4,33.9,Zone 4,50.5,Zone 5,38.7,Zone 4,59.9,Zone 5
Chandigarh,Chandigarh,Chandigarh,21.1,2026-04-13,00:15:00,,,,2026-04-13 00:35:23,,,,,,,,,,,,,,,,,,,,
Chandigarh,Chandigarh,Dav School,21.3,2026-04-13,00:15:00,56.0,2026-04-12,00:15:00,2026-04-13 00:35:23,20.950000000000045,Zone 3,34.8,Zone 4,21.2,Zone 3,30.5,Zone 4,26.3,Zone 4,34.6,Zone 4,30.7,Zone 4,38.5,Zone 4,34.8,Zone 4,45.7,Zone 5
Chhattisgarh,Balod,Balod Aws400,29.3,2026-04-13,00:15:00,31.0,2026-04-12,00:15:00,2026-04-13 00:35:23,28.650000000000034,Zone 4,41.1,Zone 4,28.8,Zone 4,37.1,Zone 4,33.2,Zone 4,40.9,Zone 4,37.3,Zone 4,44.6,Zone 4,41.1,Zone 4,57.1,Zone 5
Chhattisgarh,Balrampur,Balrampur,22.1,2026-04-13,00:00:00,,,,2026-04-13 00:35:23,,,,,,,,,,,,,,,,,,,,
Chhattisgarh,Balrampur,Balrampur Aws400,18.9,2026-04-13,00:15:00,79.0,2026-04-12,00:15:00,2026-04-13 00:35:23,19.150000000000034,Zone 3,33.5,Zone 4,19.3,Zone 3,28.9,Zone 4,24.7,Zone 3,33.3,Zone 4,29.1,Zone 4,37.5,Zone 4,33.5,Zone 4,48.0,Zone 5
Chhattisgarh,Bemetara,Bemetara,28.6,2026-04-13,00:15:00,25.0,2026-04-12,00:15:00,2026-04-13 00:35:23,27.450000000000045,Zone 4,39.1,Zone 4,27.4,Zone 4,35.3,Zone 4,31.6,Zone 4,38.9,Zone 4,35.4,Zone 4,42.4,Zone 4,39.1,Zone 4,48.4,Zone 5
Chhattisgarh,Bemetara,Bemetara Durg,29.7,2026-04-13,00:15:00,26.0,2026-04-12,00:15:00,2026-04-13 00:35:23,28.650000000000034,Zone 4,40.3,Zone 4,28.5,Zone 4,36.4,Zone 4,32.7,Zone 4,40.1,Zone 4,36.6,Zone 4,43.7,Zone 4,40.3,Zone 4,52.6,Zone 5
Chhattisgarh,Bilaspur,Bilaspur,25.6,2026-04-13,00:15:00,42.0,2026-04-12,00:15:00,2026-04-13 00:35:23,25.25,Zone 4,38.0,Zone 4,25.2,Zone 3,33.8,Zone 4,29.8,Zone 4,37.9,Zone 4,34.0,Zone 4,41.7,Zone 4,38.0,Zone 4,51.9,Zone 5
Chhattisgarh,Janjgir Champa,Janjgir,22.1,2026-04-13,00:15:00,59.0,2026-04-12,00:15:00,2026-04-13 00:35:23,22.05000000000001,Zone 3,35.6,Zone 4,21.9,Zone 3,31.2,Zone 4,26.9,Zone 4,35.4,Zone 4,31.4,Zone 4,39.5,Zone 4,35.6,Zone 4,49.6,Zone 5
Chhattisgarh,Janjgir Champa,Nawagarh,25.8,2026-04-13,00:15:00,47.0,2026-04-12,00:15:00,2026-04-13 00:35:23,25.75,Zone 4,39.3,Zone 4,26.0,Zone 4,34.9,Zone 4,30.8,Zone 4,39.1,Zone 4,35.2,Zone 4,44.2,Zone 5,39.3,Zone 4,57.3,Zone 5
Chhattisgarh,Janjgir Champa,Sakti,24.9,2026-04-13,00:15:00,46.0,2026-04-12,00:15:00,2026-04-13 00:35:23,24.650000000000034,Zone 3,37.9,Zone 4,24.8,Zone 3,33.6,Zone 4,29.5,Zone 4,37.7,Zone 4,33.9,Zone 4,41.6,Zone 4,37.9,Zone 4,52.9,Zone 5
Chhattisgarh,Jashpur,Bagicha,22.6,2026-04-13,00:15:00,48.0,2026-04-12,00:15:00,2026-04-13 00:35:23,22.05000000000001,Zone 3,35.2,Zone 4,21.9,Zone 3,31.1,Zone 4,27.0,Zone 4,35.1,Zone 4,31.2,Zone 4,38.9,Zone 4,35.2,Zone 4,44.7,Zone 5
Chhattisgarh,Jashpur,Pathalgaon,24.4,2026-04-13,00:15:00,,,,2026-04-13 00:35:23,,,,,,,,,,,,,,,,,,,,
Chhattisgarh,Kabirdham,Chilpi,19.9,2026-04-13,00:15:00,46.0,2026-04-12,00:15:00,2026-04-13 00:35:23,18.650000000000034,Zone 3,32.5,Zone 4,18.8,Zone 3,28.6,Zone 4,24.6,Zone 3,32.4,Zone 4,28.6,Zone 4,36.1,Zone 4,32.5,Zone 4,39.6,Zone 4
Chhattisgarh,Kabirdham,Kawardha,30.7,2026-04-13,00:00:00,9.0,2026-04-12,00:00:00,2026-04-13 00:35:23,28.350000000000023,Zone 4,38.6,Zone 4,28.2,Zone 4,35.3,Zone 4,31.9,Zone 4,38.5,Zone 4,35.3,Zone 4,41.7,Zone 4,38.6,Zone 4,44.7,Zone 4
Chhattisgarh,Kabirdham,Pandaria,30.2,2026-04-13,00:15:00,45.0,2026-04-12,00:15:00,2026-04-13 00:35:23,31.05000000000001,Zone 4,47.0,Zone 5,30.8,Zone 4,40.0,Zone 4,35.7,Zone 4,45.6,Zone 5,40.4,Zone 4,59.3,Zone 5,47.0,Zone 5,62.0,Zone 5
Chhattisgarh,Korba,Lakhanpur Kvk,24.5,2026-04-13,00:15:00,40.0,2026-04-12,00:15:00,2026-04-13 00:35:23,23.950000000000045,Zone 3,36.7,Zone 4,23.9,Zone 3,32.6,Zone 4,28.6,Zone 4,36.5,Zone 4,32.8,Zone 4,40.3,Zone 4,36.7,Zone 4,46.7,Zone 5
Chhattisgarh,Koriya,Koriya Kvk,26.9,2026-04-13,00:15:00,,,,2026-04-13 00:35:23,,,,,,,,,,,,,,,,,,,,
Chhattisgarh,Mahasamund,Pithora,23.4,2026-04-13,00:15:00,49.0,2026-04-12,00:15:00,2026-04-13 00:35:23,23.05000000000001,Zone 3,36.5,Zone 4,23.2,Zone 3,32.2,Zone 4,28.1,Zone 4,36.3,Zone 4,32.4,Zone 4,40.2,Zone 4,36.5,Zone 4,49.2,Zone 5
Chhattisgarh,Mungeli,Lormi,25.4,2026-04-13,00:15:00,50.0,2026-04-12,00:15:00,2026-04-13 00:35:23,25.450000000000045,Zone 4,39.1,Zone 4,25.5,Zone 4,34.6,Zone 4,30.4,Zone 4,38.9,Zone 4,34.9,Zone 4,44.5,Zone 5,39.1,Zone 4,57.5,Zone 5
Chhattisgarh,Mungeli,Mungeli,27.2,2026-04-13,00:15:00,34.0,2026-04-12,00:15:00,2026-04-13 00:35:23,26.55000000000001,Zone 4,38.7,Zone 4,26.4,Zone 4,34.7,Zone 4,30.8,Zone 4,38.6,Zone 4,34.9,Zone 4,42.3,Zone 4,38.7,Zone 4,51.1,Zone 5
Chhattisgarh,Raigarh,Dharamjaigarh,24.5,2026-04-13,00:15:00,52.0,2026-04-12,00:15:00,2026-04-13 00:35:23,24.55000000000001,Zone 3,38.0,Zone 4,24.5,Zone 3,33.6,Zone 4,29.4,Zone 4,37.8,Zone 4,33.8,Zone 4,41.8,Zone 4,38.0,Zone 4,55.1,Zone 5
Chhattisgarh,Raigarh,Raigarh,24.5,2026-04-13,00:15:00,58.0,2026-04-12,00:15:00,2026-04-13 00:35:23,24.75,Zone 3,38.8,Zone 4,24.8,Zone 3,34.1,Zone 4,29.8,Zone 4,38.5,Zone 4,34.4,Zone 4,46.2,Zone 5,38.8,Zone 4,58.8,Zone 5
Chhattisgarh,Raipur,Naya Raipur,28.9,2026-04-13,00:15:00,30.0,2026-04-12,00:15:00,2026-04-13 00:35:23,28.150000000000034,Zone 4,40.4,Zone 4,28.2,Zone 4,36.4,Zone 4,32.6,Zone 4,40.2,Zone 4,36.6,Zone 4,43.9,Zone 4,40.4,Zone 4,54.6,Zone 5
Chhattisgarh,Raipur,Raipur,28.2,2026-04-13,00:15:00,30.0,2026-04-12,00:15:00,2026-04-13 00:35:23,27.450000000000045,Zone 4,39.3,Zone 4,27.2,Zone 4,35.3,Zone 4,31.5,Zone 4,39.1,Zone 4,35.5,Zone 4,42.7,Zone 4,39.3,Zone 4,51.2,Zone 5
Chhattisgarh,Rajnandgaon,Rajnandgaon,27.6,2026-04-13,00:00:00,32.0,2026-04-12,00:00:00,2026-04-13 00:35:23,26.950000000000045,Zone 4,39.0,Zone 4,26.8,Zone 4,35.0,Zone 4,31.2,Zone 4,38.8,Zone 4,35.2,Zone 4,42.5,Zone 4,39.0,Zone 4,51.2,Zone 5
Chhattisgarh,Sukma,Sukma,29.4,2026-04-13,00:15:00,71.0,2026-04-12,00:15:00,2026-04-13 00:35:23,33.35000000000002,Zone 4,62.3,Zone 5,33.6,Zone 4,55.8,Zone 5,40.1,Zone 4,61.9,Zone 5,57.9,Zone 5,64.7,Zone 5,62.3,Zone 5,66.7,Zone 5
Dadra And Nagar Haveli,Dadar Nagar,Silvassa,26.7,2026-04-13,00:15:00,91.0,2026-04-12,00:15:00,2026-04-13 00:35:23,30.55000000000001,Zone 4,62.2,Zone 5,30.1,Zone 4,55.0,Zone 5,37.3,Zone 4,61.8,Zone 5,57.2,Zone 5,64.5,Zone 5,62.2,Zone 5,66.6,Zone 5
Daman And Diu,Daman,Daman Aws,25.9,2026-04-13,00:15:00,99.0,2026-04-12,00:15:00,2026-04-13 00:35:23,29.75,Zone 4,63.0,Zone 5,30.0,Zone 4,58.7,Zone 5,40.9,Zone 5,62.6,Zone 5,59.5,Zone 5,65.2,Zone 5,63.0,Zone 5,67.2,Zone 5
Delhi,Central Delhi,Pragati Maidan,26.4,2026-04-13,00:00:00,,,,2026-04-13 00:35:23,,,,,,,,,,,,,,,,,,,,
Delhi,Delhi,Kvk Crpf Campus,21.2,2026-04-13,00:15:00,49.0,2026-04-12,00:15:00,2026-04-13 00:35:23,20.450000000000045,Zone 3,33.7,Zone 4,20.2,Zone 3,29.6,Zone 4,25.5,Zone 4,33.6,Zone 4,29.7,Zone 4,37.3,Zone 4,33.7,Zone 4,41.0,Zone 4
Delhi,Delhi,Kv Janakpuri,23.4,2026-04-13,00:15:00,40.0,2026-04-12,00:15:00,2026-04-13 00:35:23,22.55000000000001,Zone 3,35.6,Zone 4,22.7,Zone 3,31.6,Zone 4,27.6,Zone 4,35.5,Zone 4,31.7,Zone 4,39.2,Zone 4,35.6,Zone 4,43.1,Zone 5
Delhi,Delhi,Kv Narayna,23.2,2026-04-13,00:15:00,36.0,2026-04-12,00:15:00,2026-04-13 00:35:23,22.150000000000034,Zone 3,34.7,Zone 4,21.9,Zone 3,30.9,Zone 4,27.0,Zone 4,34.6,Zone 4,31.0,Zone 4,38.2,Zone 4,34.7,Zone 4,41.7,Zone 4
Delhi,Delhi,Pharma Science And Research Un,21.7,2026-04-13,00:15:00,55.0,2026-04-12,00:15:00,2026-04-13 00:35:23,21.350000000000023,Zone 3,34.7,Zone 4,21.1,Zone 3,30.4,Zone 4,26.3,Zone 4,34.5,Zone 4,30.6,Zone 4,38.4,Zone 4,34.7,Zone 4,45.1,Zone 5
Delhi,East Delhi,Salwan Public School,24.9,2026-04-13,00:00:00,31.0,2026-04-12,00:00:00,2026-04-13 00:35:23,23.850000000000023,Zone 3,36.3,Zone 4,24.0,Zone 3,32.4,Zone 4,28.6,Zone 4,36.2,Zone 4,32.5,Zone 4,39.7,Zone 4,36.3,Zone 4,43.1,Zone 4
Delhi,New Delhi,Sports Complex,26.3,2026-04-13,00:15:00,50.0,2026-04-12,00:15:00,2026-04-13 00:35:23,26.450000000000045,Zone 4,40.5,Zone 4,26.7,Zone 4,35.9,Zone 4,31.6,Zone 4,40.2,Zone 4,36.2,Zone 4,49.0,Zone 5,40.5,Zone 4,59.6,Zone 5
Delhi,North West Delhi,Mungeshpur,21.5,2026-04-13,00:15:00,50.0,2026-04-12,00:15:00,2026-04-13 00:35:23,20.850000000000023,Zone 3,34.3,Zone 4,20.8,Zone 3,30.2,Zone 4,26.1,Zone 4,34.2,Zone 4,30.3,Zone 4,38.0,Zone 4,34.3,Zone 4,42.2,Zone 5
Delhi,North West Delhi,Pitampura,24.9,2026-04-13,00:00:00,51.0,2026-04-12,00:00:00,2026-04-13 00:35:23,24.950000000000045,Zone 3,38.6,Zone 4,25.0,Zone 3,34.1,Zone 4,29.9,Zone 4,38.3,Zone 4,34.4,Zone 4,43.1,Zone 5,38.6,Zone 4,56.3,Zone 5
Delhi,South Delhi,Lodi Road,22.0,2026-04-13,00:15:00,75.0,2026-04-12,00:15:00,2026-04-13 00:35:23,22.650000000000034,Zone 3,37.2,Zone 4,22.7,Zone 3,32.3,Zone 4,27.7,Zone 4,36.9,Zone 4,32.6,Zone 4,46.0,Zone 5,37.2,Zone 4,58.7,Zone 5
Delhi,South West Delhi,Ayanagar,19.2,2026-04-13,00:00:00,51.0,2026-04-12,00:00:00,2026-04-13 00:35:23,18.05000000000001,Zone 3,31.8,Zone 4,17.8,Zone 3,27.8,Zone 4,24.0,Zone 3,31.7,Zone 4,27.9,Zone 4,35.4,Zone 4,31.8,Zone 4,39.0,Zone 4
Delhi,South West Delhi,Ignou,23.3,2026-04-13,00:00:00,31.0,2026-04-12,00:00:00,2026-04-13 00:35:23,21.950000000000045,Zone 3,34.8,Zone 4,22.2,Zone 3,31.0,Zone 4,27.2,Zone 4,34.7,Zone 4,31.1,Zone 4,38.2,Zone 4,34.8,Zone 4,41.6,Zone 4
Delhi,South West Delhi,Jafarpur,21.3,2026-04-13,00:15:00,,,,2026-04-13 00:35:23,,,,,,,,,,,,,,,,,,,,
Delhi,South West Delhi,Najafgarh,22.5,2026-04-13,00:15:00,51.0,2026-04-12,00:15:00,2026-04-13 00:35:23,22.150000000000034,Zone 3,35.5,Zone 4,22.1,Zone 3,31.3,Zone 4,27.1,Zone 4,35.3,Zone 4,31.4,Zone 4,39.2,Zone 4,35.5,Zone 4,46.6,Zone 5
Goa,North Goa,Goa State Biodiversity Board,26.7,2026-04-12,23:45:00,97.0,2026-04-12,23:45:00,2026-04-13 00:35:23,31.350000000000023,Zone 4,63.5,Zone 5,30.9,Zone 4,59.5,Zone 5,43.3,Zone 5,63.0,Zone 5,60.0,Zone 5,65.6,Zone 5,63.5,Zone 5,67.5,Zone 5
Goa,Panaji,Altinho Imdoffice,26.4,2026-04-13,00:15:00,73.0,2026-04-12,00:15:00,2026-04-13 00:35:23,28.150000000000034,Zone 4,56.0,Zone 5,28.3,Zone 4,39.2,Zone 4,34.3,Zone 4,54.4,Zone 5,39.8,Zone 4,61.1,Zone 5,56.0,Zone 5,63.6,Zone 5
Gujarat,Ahmedabad,Ahmedabad,31.0,2026-04-13,00:15:00,33.0,2026-04-12,00:15:00,2026-04-13 00:35:23,30.75,Zone 4,43.4,Zone 4,30.7,Zone 4,39.1,Zone 4,35.2,Zone 4,43.2,Zone 4,39.4,Zone 4,52.2,Zone 5,43.4,Zone 4,60.2,Zone 5
Gujarat,Ahmedabad,Dhorela,30.9,2026-04-13,00:15:00,31.0,2026-04-12,00:15:00,2026-04-13 00:35:23,30.350000000000023,Zone 4,43.0,Zone 4,30.5,Zone 4,38.8,Zone 4,34.9,Zone 4,42.7,Zone 4,39.1,Zone 4,49.9,Zone 5,43.0,Zone 4,59.8,Zone 5
Gujarat,Ahmedabad,Science City,29.2,2026-04-13,00:15:00,25.0,2026-04-12,00:15:00,2026-04-13 00:35:23,28.05000000000001,Zone 4,39.6,Zone 4,27.9,Zone 4,35.8,Zone 4,32.1,Zone 4,39.4,Zone 4,35.9,Zone 4,43.0,Zone 4,39.6,Zone 4,50.0,Zone 5
Gujarat,Amreli,Dhari Aws400,27.9,2026-04-13,00:15:00,53.0,2026-04-12,00:15:00,2026-04-13 00:35:23,28.75,Zone 4,45.0,Zone 5,28.8,Zone 4,38.4,Zone 4,34.0,Zone 4,43.6,Zone 5,38.8,Zone 4,58.4,Zone 5,45.0,Zone 5,61.6,Zone 5
Gujarat,Amreli,Jafrabad,32.6,2026-04-13,00:00:00,69.0,2026-04-12,00:00:00,2026-04-13 00:35:23,41.05000000000001,Zone 4,66.5,Zone 5,40.8,Zone 4,63.2,Zone 5,59.6,Zone 5,66.2,Zone 5,63.7,Zone 5,68.3,Zone 5,66.5,Zone 5,69.8,Zone 5
Gujarat,Amreli,Rajula,28.5,2026-04-13,00:00:00,62.0,2026-04-12,00:00:00,2026-04-13 00:35:23,30.450000000000045,Zone 4,57.2,Zone 5,30.5,Zone 4,40.9,Zone 4,36.1,Zone 4,55.8,Zone 5,41.4,Zone 4,61.4,Zone 5,57.2,Zone 5,63.9,Zone 5
Gujarat,Anand,Khambhat Aws400,26.7,2026-04-13,00:00:00,64.0,2026-04-12,00:00:00,2026-04-13 00:35:23,27.950000000000045,Zone 4,47.5,Zone 5,27.6,Zone 4,37.8,Zone 4,33.1,Zone 4,46.0,Zone 5,38.2,Zone 4,59.3,Zone 5,47.5,Zone 5,62.1,Zone 5
Gujarat,Banaskantha,Ambaji Temple,26.3,2026-04-13,00:00:00,20.0,2026-04-12,00:00:00,2026-04-13 00:35:23,25.05000000000001,Zone 3,36.5,Zone 4,25.3,Zone 3,33.0,Zone 4,29.3,Zone 4,36.5,Zone 4,33.0,Zone 4,39.8,Zone 4,36.5,Zone 4,43.0,Zone 4
Gujarat,Banaskantha,Dantewada Amfu,33.8,2026-04-13,00:15:00,64.0,2026-04-12,00:15:00,2026-04-13 00:35:23,42.85000000000002,Zone 4,67.4,Zone 5,43.5,Zone 4,64.3,Zone 5,61.0,Zone 5,67.1,Zone 5,64.8,Zone 5,69.1,Zone 5,67.4,Zone 5,70.5,Zone 5
Gujarat,Banaskantha,Tharad Aws400,22.3,2026-04-13,00:15:00,62.0,2026-04-12,00:15:00,2026-04-13 00:35:23,22.450000000000045,Zone 3,36.6,Zone 4,22.7,Zone 3,32.0,Zone 4,27.7,Zone 4,36.3,Zone 4,32.2,Zone 4,40.5,Zone 4,36.6,Zone 4,53.5,Zone 5
Gujarat,Bharuch,Hansot Aws400,28.3,2026-04-13,00:15:00,65.0,2026-04-12,00:15:00,2026-04-13 00:35:23,30.450000000000045,Zone 4,59.3,Zone 5,30.8,Zone 4,41.6,Zone 4,36.7,Zone 4,58.6,Zone 5,43.4,Zone 5,62.1,Zone 5,59.3,Zone 5,64.5,Zone 5
Gujarat,Bhavnagar,Bhavnagar,28.8,2026-04-13,00:15:00,46.0,2026-04-12,00:15:00,2026-04-13 00:35:23,29.25,Zone 4,43.4,Zone 4,29.5,Zone 4,38.7,Zone 4,34.5,Zone 4,43.1,Zone 4,39.1,Zone 4,56.7,Zone 5,43.4,Zone 4,61.2,Zone 5
Gujarat,Bhavnagar,Talaja Aws400,26.6,2026-04-13,00:15:00,57.0,2026-04-12,00:15:00,2026-04-13 00:35:23,27.25,Zone 4,41.7,Zone 4,27.1,Zone 4,36.8,Zone 4,32.3,Zone 4,41.3,Zone 4,37.1,Zone 4,54.9,Zone 5,41.7,Zone 4,60.8,Zone 5
Gujarat,Botad,Botad,28.6,2026-04-13,00:15:00,30.0,2026-04-12,00:15:00,2026-04-13 00:35:23,27.850000000000023,Zone 4,39.8,Zone 4,27.7,Zone 4,35.8,Zone 4,32.0,Zone 4,39.7,Zone 4,36.0,Zone 4,43.3,Zone 4,39.8,Zone 4,52.9,Zone 5
Gujarat,Dahod,Dahod Kvk,24.7,2026-04-13,00:15:00,47.0,2026-04-12,00:15:00,2026-04-13 00:35:23,24.450000000000045,Zone 3,37.4,Zone 4,24.3,Zone 3,33.2,Zone 4,29.0,Zone 4,37.3,Zone 4,33.4,Zone 4,41.2,Zone 4,37.4,Zone 4,51.7,Zone 5
Gujarat,Dang,Dang Kvk,24.0,2026-04-13,00:15:00,60.0,2026-04-12,00:15:00,2026-04-13 00:35:23,24.25,Zone 3,38.4,Zone 4,24.3,Zone 3,33.7,Zone 4,29.3,Zone 4,38.1,Zone 4,34.0,Zone 4,45.3,Zone 5,38.4,Zone 4,58.2,Zone 5
Gujarat,Gandhinagar,Gandhinagar,28.1,2026-04-13,00:15:00,21.0,2026-04-12,00:15:00,2026-04-13 00:35:23,26.75,Zone 4,38.0,Zone 4,26.7,Zone 4,34.4,Zone 4,30.7,Zone 4,37.9,Zone 4,34.5,Zone 4,41.3,Zone 4,38.0,Zone 4,44.6,Zone 4
Gujarat,Gir Somnath,Veraval   Aws400,26.9,2026-04-13,00:15:00,89.0,2026-04-12,00:15:00,2026-04-13 00:35:23,30.75,Zone 4,62.6,Zone 5,31.0,Zone 4,56.8,Zone 5,38.6,Zone 5,62.2,Zone 5,58.9,Zone 5,64.9,Zone 5,62.6,Zone 5,66.9,Zone 5
Gujarat,Kachchh,Bachau Amfu,29.9,2026-04-13,00:00:00,27.0,2026-04-12,00:00:00,2026-04-13 00:35:23,28.950000000000045,Zone 4,41.0,Zone 4,29.1,Zone 4,37.1,Zone 4,33.3,Zone 4,40.8,Zone 4,37.2,Zone 4,44.4,Zone 4,41.0,Zone 4,55.2,Zone 5
Gujarat,Kachchh,Bhuj,,,,55.0,2026-04-12,00:15:00,2026-04-13 00:35:23,,,,,,,,,,,,,,,,,,,,
Gujarat,Kachchh,Kandla,31.0,2026-04-13,00:15:00,37.0,2026-04-12,00:15:00,2026-04-13 00:35:23,31.150000000000034,Zone 4,44.4,Zone 4,31.2,Zone 4,39.9,Zone 4,35.8,Zone 4,44.1,Zone 4,40.2,Zone 4,56.4,Zone 5,44.4,Zone 4,61.2,Zone 5
Gujarat,Kachchh,Mundra,27.8,2026-04-13,00:15:00,,,,2026-04-13 00:35:23,,,,,,,,,,,,,,,,,,,,
Gujarat,Mahesana,Jagudan,24.1,2026-04-13,00:00:00,45.0,2026-04-12,00:00:00,2026-04-13 00:35:23,23.650000000000034,Zone 3,36.6,Zone 4,23.6,Zone 3,32.5,Zone 4,28.4,Zone 4,36.5,Zone 4,32.6,Zone 4,40.3,Zone 4,36.6,Zone 4,48.3,Zone 5
Gujarat,Mahisagar,Lunavada,24.4,2026-04-13,00:15:00,65.0,2026-04-12,00:15:00,2026-04-13 00:35:23,24.950000000000045,Zone 3,39.8,Zone 4,25.1,Zone 3,34.9,Zone 4,30.3,Zone 4,39.5,Zone 4,35.2,Zone 4,51.6,Zone 5,39.8,Zone 4,60.1,Zone 5
Gujarat,Morbi,Halwad,28.6,2026-04-13,00:15:00,35.0,2026-04-12,00:15:00,2026-04-13 00:35:23,28.150000000000034,Zone 4,40.6,Zone 4,28.1,Zone 4,36.5,Zone 4,32.5,Zone 4,40.4,Zone 4,36.7,Zone 4,44.2,Zone 4,40.6,Zone 4,57.1,Zone 5
Gujarat,Patan,Patan,26.3,2026-04-13,00:15:00,37.0,2026-04-12,00:15:00,2026-04-13 00:35:23,25.850000000000023,Zone 4,38.6,Zone 4,26.0,Zone 4,34.5,Zone 4,30.5,Zone 4,38.4,Zone 4,34.7,Zone 4,42.1,Zone 4,38.6,Zone 4,51.7,Zone 5
Gujarat,Porbandar,Porbandar,26.6,2026-04-13,00:15:00,87.0,2026-04-12,00:15:00,2026-04-13 00:35:23,29.850000000000023,Zone 4,61.3,Zone 5,29.7,Zone 4,50.9,Zone 5,36.5,Zone 4,60.9,Zone 5,53.2,Zone 5,63.8,Zone 5,61.3,Zone 5,66.0,Zone 5
Gujarat,Sabarkantha,Himatnagar,25.2,2026-04-13,00:15:00,34.0,2026-04-12,00:15:00,2026-04-13 00:35:23,24.450000000000045,Zone 3,36.6,Zone 4,24.2,Zone 3,32.7,Zone 4,28.8,Zone 4,36.5,Zone 4,32.8,Zone 4,40.1,Zone 4,36.6,Zone 4,44.1,Zone 5
Gujarat,Surat,Surat Kvk,29.1,2026-04-13,00:15:00,,,,2026-04-13 00:35:23,,,,,,,,,,,,,,,,,,,,
Gujarat,Surendranagar,Surendranagar,29.1,2026-04-13,00:15:00,21.0,2026-04-12,00:15:00,2026-04-13 00:35:23,27.75,Zone 4,39.0,Zone 4,27.6,Zone 4,35.3,Zone 4,31.7,Zone 4,38.9,Zone 4,35.4,Zone 4,42.3,Zone 4,39.0,Zone 4,46.3,Zone 5
Gujarat,Vadodara,Vadodara Aws400,30.7,2026-04-13,00:15:00,39.0,2026-04-12,00:15:00,2026-04-13 00:35:23,31.05000000000001,Zone 4,44.1,Zone 4,30.8,Zone 4,39.6,Zone 4,35.5,Zone 4,43.8,Zone 4,39.9,Zone 4,56.4,Zone 5,44.1,Zone 4,61.2,Zone 5
Haryana,Bhiwani,Bhiwani,21.7,2026-04-13,00:15:00,,,,2026-04-13 00:35:23,,,,,,,,,,,,,,,,,,,,
Haryana,Charkhi Dadri,Revenue Office Aws400,22.4,2026-04-13,00:15:00,38.0,2026-04-12,00:15:00,2026-04-13 00:35:23,21.25,Zone 3,34.4,Zone 4,21.4,Zone 3,30.5,Zone 4,26.6,Zone 4,34.3,Zone 4,30.6,Zone 4,37.9,Zone 4,34.4,Zone 4,41.4,Zone 4
Haryana,Gurgaon,Gurgaon,22.3,2026-04-13,00:15:00,34.0,2026-04-12,00:15:00,2026-04-13 00:35:23,20.850000000000023,Zone 3,34.1,Zone 4,21.1,Zone 3,30.3,Zone 4,26.4,Zone 4,34.0,Zone 4,30.4,Zone 4,37.6,Zone 4,34.1,Zone 4,41.0,Zone 4
Haryana,Gurgaon,Gurgaon Kvk,19.1,2026-04-13,00:15:00,15.0,2026-04-12,00:15:00,2026-04-13 00:35:23,15.75,Zone 3,30.1,Zone 4,15.7,Zone 3,26.7,Zone 4,22.9,Zone 3,30.1,Zone 4,26.7,Zone 4,33.3,Zone 4,30.1,Zone 4,36.4,Zone 4
Haryana,Gurgaon,Northcap University,21.8,2026-04-13,00:15:00,48.0,2026-04-12,00:15:00,2026-04-13 00:35:23,21.05000000000001,Zone 3,34.7,Zone 4,21.3,Zone 3,30.6,Zone 4,26.5,Zone 4,34.6,Zone 4,30.7,Zone 4,38.3,Zone 4,34.7,Zone 4,42.8,Zone 5
Haryana,Jhajjar,Jhajjar,19.7,2026-04-13,00:15:00,44.0,2026-04-12,00:15:00,2026-04-13 00:35:23,18.350000000000023,Zone 3,31.9,Zone 4,18.1,Zone 3,28.0,Zone 4,24.2,Zone 3,31.8,Zone 4,28.1,Zone 4,35.4,Zone 4,31.9,Zone 4,38.9,Zone 4
Haryana,Jind,Pandu Pindara,21.9,2026-04-13,00:15:00,,,,2026-04-13 00:35:23,,,,,,,,,,,,,,,,,,,,
Haryana,Karnal,Indri Rest House,19.0,2026-04-13,00:15:00,,,,2026-04-13 00:35:23,,,,,,,,,,,,,,,,,,,,
Haryana,Karnal,Karnal,18.7,2026-04-13,00:15:00,,,,2026-04-13 00:35:23,,,,,,,,,,,,,,,,,,,,
Haryana,Karnal,Uchani,21.3,2026-04-13,00:15:00,57.0,2026-04-12,00:15:00,2026-04-13 00:35:23,20.950000000000045,Zone 3,34.9,Zone 4,21.2,Zone 3,30.6,Zone 4,26.3,Zone 4,34.7,Zone 4,30.7,Zone 4,38.6,Zone 4,34.9,Zone 4,46.3,Zone 5
Haryana,Mahendragarh,Mahendragarh Aws,20.4,2026-04-13,00:15:00,53.0,2026-04-12,00:15:00,2026-04-13 00:35:23,19.650000000000034,Zone 3,33.4,Zone 4,19.8,Zone 3,29.3,Zone 4,25.2,Zone 3,33.3,Zone 4,29.4,Zone 4,37.1,Zone 4,33.4,Zone 4,40.8,Zone 4
Haryana,Mewat,Mandkola,21.6,2026-04-13,00:15:00,18.0,2026-04-12,00:15:00,2026-04-13 00:35:23,18.950000000000045,Zone 3,32.1,Zone 4,18.9,Zone 3,28.7,Zone 4,25.0,Zone 3,32.2,Zone 4,28.7,Zone 4,35.4,Zone 4,32.1,Zone 4,38.6,Zone 4
Haryana,Mewat,Nuh,26.3,2026-04-13,00:15:00,,,,2026-04-13 00:35:23,,,,,,,,,,,,,,,,,,,,
Haryana,Palwal,Palwal Water Service Division,24.4,2026-04-13,00:15:00,,,,2026-04-13 00:35:23,,,,,,,,,,,,,,,,,,,,
Haryana,Panipat,Ujha,25.1,2026-04-13,00:15:00,,,,2026-04-13 00:35:23,,,,,,,,,,,,,,,,,,,,
Haryana,Rewari,Bawal,21.9,2026-04-13,00:15:00,35.0,2026-04-12,00:15:00,2026-04-13 00:35:23,20.450000000000045,Zone 3,33.7,Zone 4,20.6,Zone 3,29.9,Zone 4,26.0,Zone 4,33.6,Zone 4,30.0,Zone 4,37.2,Zone 4,33.7,Zone 4,40.6,Zone 4
Haryana,Rohtak,Canal Rest House,22.1,2026-04-13,00:15:00,33.0,2026-04-12,00:15:00,2026-04-13 00:35:23,20.55000000000001,Zone 3,33.5,Zone 4,20.5,Zone 3,29.8,Zone 4,25.9,Zone 4,33.5,Zone 4,29.9,Zone 4,37.0,Zone 4,33.5,Zone 4,40.4,Zone 4
Haryana,Rohtak,Rohtak,22.5,2026-04-13,00:00:00,36.0,2026-04-12,00:00:00,2026-04-13 00:35:23,21.25,Zone 3,34.2,Zone 4,21.3,Zone 3,30.4,Zone 4,26.5,Zone 4,34.2,Zone 4,30.5,Zone 4,37.7,Zone 4,34.2,Zone 4,41.2,Zone 4
Haryana,Sirsa,Canal Colony Village Ottu,21.6,2026-04-13,00:15:00,,,,2026-04-13 00:35:23,,,,,,,,,,,,,,,,,,,,
Haryana,Sirsa,Sirsa,21.5,2026-04-13,00:15:00,39.0,2026-04-12,00:15:00,2026-04-13 00:35:23,20.25,Zone 3,33.5,Zone 4,20.2,Zone 3,29.6,Zone 4,25.7,Zone 4,33.4,Zone 4,29.7,Zone 4,37.0,Zone 4,33.5,Zone 4,40.5,Zone 4
Haryana,Sonipat,Canal Resthouse Saragthal,14.1,2026-04-13,00:15:00,87.0,2026-04-12,00:15:00,2026-04-13 00:35:23,13.650000000000034,Zone 2,28.3,Zone 4,13.5,Zone 2,24.5,Zone 3,20.8,Zone 3,28.2,Zone 4,24.6,Zone 3,32.1,Zone 4,28.3,Zone 4,35.9,Zone 4
Haryana,Sonipat,Jagdishpur,19.7,2026-04-13,00:15:00,,,,2026-04-13 00:35:23,,,,,,,,,,,,,,,,,,,,
Haryana,Yamunanagar,Hathinkundberaj,17.7,2026-04-13,00:15:00,85.0,2026-04-12,00:15:00,2026-04-13 00:35:23,17.950000000000045,Zone 3,32.0,Zone 4,17.7,Zone 3,27.5,Zone 4,23.6,Zone 3,31.8,Zone 4,27.6,Zone 4,36.0,Zone 4,32.0,Zone 4,44.3,Zone 5
Himachal Pradesh,Bilaspur,Bilaspur Kvk,13.5,2026-04-13,00:15:00,100.0,2026-04-12,00:15:00,2026-04-13 00:35:23,13.450000000000045,Zone 2,28.1,Zone 4,13.5,Zone 2,24.4,Zone 3,20.7,Zone 3,28.1,Zone 4,24.5,Zone 3,32.1,Zone 4,28.1,Zone 4,36.0,Zone 4
Himachal Pradesh,Chamba,Udaipur,13.2,2026-04-13,00:30:00,99.0,2026-04-12,00:30:00,2026-04-13 00:35:23,13.150000000000034,Zone 2,27.6,Zone 4,13.0,Zone 2,24.1,Zone 3,20.2,Zone 3,27.5,Zone 4,24.1,Zone 3,31.5,Zone 4,27.6,Zone 4,35.4,Zone 4
Himachal Pradesh,Kinnaur,Kalpa,,,,34.0,2026-04-12,23:30:00,2026-04-13 00:35:23,,,,,,,,,,,,,,,,,,,,
Himachal Pradesh,Kullu,Seobagh Amfu,,,,72.0,2026-04-12,00:15:00,2026-04-13 00:35:23,,,,,,,,,,,,,,,,,,,,
Himachal Pradesh,Lahaul And Spiti,Keylong,1.5,2026-04-13,00:30:00,99.0,2026-04-12,00:30:00,2026-04-13 00:35:23,1.4500000000000455,Zone 2,20.7,Zone 3,1.5,Zone 2,16.9,Zone 3,10.8,Zone 2,20.9,Zone 3,16.6,Zone 3,23.5,Zone 3,20.7,Zone 3,25.4,Zone 4
Himachal Pradesh,Lahaul And Spiti,Tabo,4.8,2026-04-13,00:15:00,31.0,2026-04-12,00:15:00,2026-04-13 00:35:23,3.0500000000000114,Zone 2,21.9,Zone 3,3.3,Zone 2,18.4,Zone 3,12.1,Zone 2,22.1,Zone 3,18.0,Zone 3,24.5,Zone 3,21.9,Zone 3,27.1,Zone 4
Himachal Pradesh,Mandi,Sundernagar Kvk,14.0,2026-04-13,00:15:00,93.0,2026-04-12,00:15:00,2026-04-13 00:35:23,13.75,Zone 2,28.4,Zone 4,13.8,Zone 2,24.6,Zone 3,20.9,Zone 3,28.4,Zone 4,24.7,Zone 3,32.4,Zone 4,28.4,Zone 4,36.2,Zone 4
Jammu And Kashmir,Anantnag,Anantnag,7.4,2026-04-13,00:15:00,100.0,2026-04-12,00:15:00,2026-04-13 00:35:23,7.4500000000000455,Zone 2,23.8,Zone 3,7.5,Zone 2,20.8,Zone 3,15.4,Zone 3,23.9,Zone 3,20.7,Zone 3,26.5,Zone 4,23.8,Zone 3,30.0,Zone 4
Jammu And Kashmir,Anantnag,Khudwani,9.2,2026-04-13,00:15:00,96.0,2026-04-12,00:15:00,2026-04-13 00:35:23,9.050000000000011,Zone 2,24.5,Zone 3,8.9,Zone 2,21.7,Zone 3,16.6,Zone 3,24.6,Zone 3,21.6,Zone 3,27.7,Zone 4,24.5,Zone 3,31.2,Zone 4
Jammu And Kashmir,Anantnag,Larnoo,7.1,2026-04-13,00:15:00,99.0,2026-04-12,00:15:00,2026-04-13 00:35:23,7.050000000000011,Zone 2,23.5,Zone 3,7.0,Zone 2,20.5,Zone 3,14.9,Zone 3,23.6,Zone 3,20.3,Zone 3,26.1,Zone 4,23.5,Zone 3,29.5,Zone 4
Jammu And Kashmir,Anantnag,Pahalgam,3.1,2026-04-13,00:15:00,86.0,2026-04-12,00:15:00,2026-04-13 00:35:23,2.75,Zone 2,21.4,Zone 3,2.7,Zone 2,17.8,Zone 3,11.7,Zone 2,21.6,Zone 3,17.5,Zone 3,24.0,Zone 3,21.4,Zone 3,26.3,Zone 4
Jammu And Kashmir,Badgam,Harran,8.9,2026-04-13,00:00:00,83.0,2026-04-12,00:00:00,2026-04-13 00:35:23,8.350000000000023,Zone 2,24.4,Zone 3,8.5,Zone 2,21.5,Zone 3,16.3,Zone 3,24.4,Zone 3,21.4,Zone 3,27.4,Zone 4,24.4,Zone 3,30.9,Zone 4
Jammu And Kashmir,Bandipora,Bandipora,10.6,2026-04-13,00:15:00,100.0,2026-04-12,00:15:00,2026-04-13 00:35:23,10.550000000000011,Zone 2,25.3,Zone 3,10.5,Zone 2,22.6,Zone 3,18.1,Zone 3,25.3,Zone 3,22.6,Zone 3,29.1,Zone 4,25.3,Zone 3,32.8,Zone 4
Jammu And Kashmir,Baramulla,Baramulla Amfu,37.2,2026-04-13,00:15:00,91.0,2026-04-12,00:15:00,2026-04-13 00:35:23,82.55000000000001,Zone 6,90.4,Zone 6,81.7,Zone 6,86.8,Zone 6,84.6,Zone 6,89.7,Zone 6,87.6,Zone 6,92.5,Zone 6,90.4,Zone 6,95.4,Zone 6
Jammu And Kashmir,Baramulla,Baramulla Kvk,8.2,2026-04-13,00:15:00,83.0,2026-04-12,00:15:00,2026-04-13 00:35:23,7.75,Zone 2,23.9,Zone 3,7.5,Zone 2,20.9,Zone 3,15.4,Zone 3,24.0,Zone 3,20.8,Zone 3,26.6,Zone 4,23.9,Zone 3,30.1,Zone 4
Jammu And Kashmir,Baramulla,Gulmarg,2.5,2026-04-13,00:15:00,67.0,2026-04-12,00:15:00,2026-04-13 00:35:23,1.75,Zone 2,21.0,Zone 3,1.8,Zone 2,17.2,Zone 3,11.0,Zone 2,21.2,Zone 3,16.9,Zone 3,23.8,Zone 3,21.0,Zone 3,25.8,Zone 4
Jammu And Kashmir,Doda,Bhella,13.9,2026-04-13,00:15:00,70.0,2026-04-12,00:15:00,2026-04-13 00:35:23,12.850000000000023,Zone 2,27.8,Zone 4,12.9,Zone 2,24.3,Zone 3,20.3,Zone 3,27.8,Zone 4,24.3,Zone 3,31.5,Zone 4,27.8,Zone 4,35.1,Zone 4
Jammu And Kashmir,Jammu,Chatha Amfu,19.2,2026-04-13,00:15:00,92.0,2026-04-12,00:15:00,2026-04-13 00:35:23,20.150000000000034,Zone 3,34.4,Zone 4,19.9,Zone 3,29.5,Zone 4,25.0,Zone 3,34.2,Zone 4,29.7,Zone 4,41.1,Zone 5,34.4,Zone 4,54.5,Zone 5
Jammu And Kashmir,Jammu,Jammu,19.1,2026-04-13,00:00:00,82.0,2026-04-12,00:00:00,2026-04-13 00:35:23,19.55000000000001,Zone 3,33.7,Zone 4,19.5,Zone 3,29.0,Zone 4,24.7,Zone 3,33.5,Zone 4,29.2,Zone 4,37.8,Zone 4,33.7,Zone 4,49.5,Zone 5
Jammu And Kashmir,Kathua,Kathua Kvk,16.6,2026-04-13,00:15:00,97.0,2026-04-12,00:15:00,2026-04-13 00:35:23,17.150000000000034,Zone 3,31.4,Zone 4,17.1,Zone 3,26.8,Zone 4,23.1,Zone 3,31.2,Zone 4,26.9,Zone 4,35.5,Zone 4,31.4,Zone 4,45.3,Zone 5
Jammu And Kashmir,Kishtwar,Gulabgarh,3.1,2026-04-13,00:15:00,78.0,2026-04-12,00:15:00,2026-04-13 00:35:23,2.650000000000034,Zone 2,21.3,Zone 3,2.5,Zone 2,17.7,Zone 3,11.5,Zone 2,21.5,Zone 3,17.4,Zone 3,24.0,Zone 3,21.3,Zone 3,26.2,Zone 4
Jammu And Kashmir,Kishtwar,Kishtwar,10.9,2026-04-13,00:00:00,86.0,2026-04-12,00:00:00,2026-04-13 00:35:23,10.450000000000045,Zone 2,25.5,Zone 4,10.6,Zone 2,22.8,Zone 3,18.2,Zone 3,25.5,Zone 4,22.7,Zone 3,29.2,Zone 4,25.5,Zone 4,32.8,Zone 4
Jammu And Kashmir,Kulgam,Kulgam Amfu,9.8,2026-04-13,00:15:00,90.0,2026-04-12,00:15:00,2026-04-13 00:35:23,9.450000000000045,Zone 2,24.9,Zone 3,9.7,Zone 2,22.2,Zone 3,17.4,Zone 3,25.0,Zone 3,22.1,Zone 3,28.4,Zone 4,24.9,Zone 3,32.0,Zone 4
Jammu And Kashmir,Kupwara,Kupw Kvk,9.1,2026-04-13,00:15:00,86.0,2026-04-12,00:15:00,2026-04-13 00:35:23,8.650000000000034,Zone 2,24.4,Zone 3,8.6,Zone 2,21.5,Zone 3,16.4,Zone 3,24.5,Zone 3,21.4,Zone 3,27.5,Zone 4,24.4,Zone 3,31.0,Zone 4
Jammu And Kashmir,Poonch,Poonch,14.1,2026-04-13,00:15:00,74.0,2026-04-12,00:15:00,2026-04-13 00:35:23,13.150000000000034,Zone 2,27.9,Zone 4,13.1,Zone 2,24.4,Zone 3,20.5,Zone 3,27.9,Zone 4,24.4,Zone 3,31.6,Zone 4,27.9,Zone 4,35.3,Zone 4
Jammu And Kashmir,Poonch,Rajpura Mandi,10.1,2026-04-13,00:00:00,77.0,2026-04-12,00:00:00,2026-04-13 00:35:23,9.350000000000023,Zone 2,24.8,Zone 3,9.3,Zone 2,22.0,Zone 3,17.0,Zone 3,24.9,Zone 3,22.0,Zone 3,28.2,Zone 4,24.8,Zone 3,31.6,Zone 4
Jammu And Kashmir,Pulwama,Tral,9.6,2026-04-13,00:15:00,86.0,2026-04-12,00:15:00,2026-04-13 00:35:23,9.150000000000034,Zone 2,24.7,Zone 3,9.1,Zone 2,21.8,Zone 3,16.8,Zone 3,24.7,Zone 3,21.8,Zone 3,27.9,Zone 4,24.7,Zone 3,31.4,Zone 4
Jammu And Kashmir,Rajouri,Rajouri,12.3,2026-04-13,00:15:00,96.0,2026-04-12,00:15:00,2026-04-13 00:35:23,12.150000000000034,Zone 2,27.0,Zone 4,12.4,Zone 2,23.8,Zone 3,19.7,Zone 3,27.0,Zone 4,23.8,Zone 3,30.9,Zone 4,27.0,Zone 4,34.7,Zone 4
Jammu And Kashmir,Rajouri,Rajouri Arg,10.3,2026-04-13,00:15:00,83.0,2026-04-12,00:15:00,2026-04-13 00:35:23,9.75,Zone 2,25.1,Zone 3,10.0,Zone 2,22.4,Zone 3,17.6,Zone 3,25.1,Zone 3,22.4,Zone 3,28.7,Zone 4,25.1,Zone 3,32.2,Zone 4
Jammu And Kashmir,Ramban,Govindpura,15.7,2026-04-13,00:15:00,79.0,2026-04-12,00:15:00,2026-04-13 00:35:23,15.150000000000034,Zone 3,29.5,Zone 4,14.9,Zone 3,25.3,Zone 4,21.9,Zone 3,29.4,Zone 4,25.4,Zone 4,33.4,Zone 4,29.5,Zone 4,37.1,Zone 4
Jammu And Kashmir,Reasi,Reasi Kvk,16.9,2026-04-13,00:15:00,95.0,2026-04-12,00:15:00,2026-04-13 00:35:23,17.450000000000045,Zone 3,31.9,Zone 4,17.6,Zone 3,27.2,Zone 4,23.5,Zone 3,31.8,Zone 4,27.4,Zone 4,36.1,Zone 4,31.9,Zone 4,46.7,Zone 5
Jammu And Kashmir,Samba,Samba,14.7,2026-04-13,00:15:00,93.0,2026-04-12,00:15:00,2026-04-13 00:35:23,14.550000000000011,Zone 3,29.0,Zone 4,14.3,Zone 3,24.9,Zone 3,21.4,Zone 3,28.9,Zone 4,25.0,Zone 3,32.9,Zone 4,29.0,Zone 4,36.8,Zone 4
Jammu And Kashmir,Shopian,Shopian,4.6,2026-04-13,00:15:00,92.0,2026-04-12,00:15:00,2026-04-13 00:35:23,4.4500000000000455,Zone 2,22.2,Zone 3,4.3,Zone 2,18.8,Zone 3,12.8,Zone 2,22.4,Zone 3,18.6,Zone 3,24.7,Zone 3,22.2,Zone 3,27.4,Zone 4
Jammu And Kashmir,Srinagar,Srinagar Amfu,9.0,2026-04-13,00:00:00,100.0,2026-04-12,00:00:00,2026-04-13 00:35:23,8.950000000000045,Zone 2,24.5,Zone 3,9.0,Zone 2,21.7,Zone 3,16.7,Zone 3,24.6,Zone 3,21.7,Zone 3,27.7,Zone 4,24.5,Zone 3,31.3,Zone 4
Jammu And Kashmir,Udhampur,Kawa,15.3,2026-04-13,00:15:00,100.0,2026-04-12,00:15:00,2026-04-13 00:35:23,15.650000000000034,Zone 3,30.4,Zone 4,15.9,Zone 3,25.8,Zone 4,22.4,Zone 3,30.2,Zone 4,25.9,Zone 4,34.4,Zone 4,30.4,Zone 4,42.1,Zone 5
Jharkhand,Bokaro,Kv Bokaro,23.3,2026-04-13,00:15:00,75.0,2026-04-12,00:15:00,2026-04-13 00:35:23,24.150000000000034,Zone 3,39.7,Zone 5,24.4,Zone 3,34.4,Zone 4,29.7,Zone 4,39.3,Zone 4,34.8,Zone 4,53.8,Zone 5,39.7,Zone 5,60.6,Zone 5
Jharkhand,Deoghar,Deoghar Aws400,24.7,2026-04-13,00:15:00,44.0,2026-04-12,00:15:00,2026-04-13 00:35:23,24.350000000000023,Zone 3,37.1,Zone 4,24.1,Zone 3,32.9,Zone 4,28.9,Zone 4,36.9,Zone 4,33.1,Zone 4,40.8,Zone 4,37.1,Zone 4,49.5,Zone 5
Jharkhand,East Singhbhum,Bahragora,26.5,2026-04-13,00:15:00,83.0,2026-04-12,00:15:00,2026-04-13 00:35:23,29.25,Zone 4,60.4,Zone 5,29.2,Zone 4,46.6,Zone 5,35.8,Zone 4,60.0,Zone 5,48.9,Zone 5,63.0,Zone 5,60.4,Zone 5,65.3,Zone 5
Jharkhand,Godda,Godda Kvk,26.2,2026-04-13,00:15:00,,,,2026-04-13 00:35:23,,,,,,,,,,,,,,,,,,,,
Jharkhand,Hazaribagh,Barhi,23.5,2026-04-13,00:15:00,26.0,2026-04-12,00:15:00,2026-04-13 00:35:23,21.850000000000023,Zone 3,34.4,Zone 4,21.9,Zone 3,30.8,Zone 4,27.0,Zone 4,34.3,Zone 4,30.8,Zone 4,37.8,Zone 4,34.4,Zone 4,41.0,Zone 4
Jharkhand,Khunti,Diyakel-Khunti Kvk,20.0,2026-04-13,00:15:00,,,,2026-04-13 00:35:23,,,,,,,,,,,,,,,,,,,,
Jharkhand,Kodarma,Kodarma,,,,34.0,2026-04-12,00:15:00,2026-04-13 00:35:23,,,,,,,,,,,,,,,,,,,,
Jharkhand,Lohardaga,Lohardaga Kvk,22.7,2026-04-13,00:15:00,,,,2026-04-13 00:35:23,,,,,,,,,,,,,,,,,,,,
Jharkhand,Pakur,Pakur Kvk,23.1,2026-04-13,00:15:00,,,,2026-04-13 00:35:23,,,,,,,,,,,,,,,,,,,,
Jharkhand,Ramgarh,Ramgarh Kvk,,,,100.0,2026-04-12,00:15:00,2026-04-13 00:35:23,,,,,,,,,,,,,,,,,,,,
Jharkhand,Ranchi,Mc Ranchi,24.5,2026-04-13,00:15:00,36.0,2026-04-12,00:15:00,2026-04-13 00:35:23,23.650000000000034,Zone 3,36.3,Zone 4,23.7,Zone 3,32.3,Zone 4,28.4,Zone 4,36.1,Zone 4,32.4,Zone 4,39.8,Zone 4,36.3,Zone 4,43.8,Zone 5
Jharkhand,Ranchi,Ranchi Amfu,20.5,2026-04-13,00:15:00,67.0,2026-04-12,00:15:00,2026-04-13 00:35:23,20.55000000000001,Zone 3,34.5,Zone 4,20.5,Zone 3,30.0,Zone 4,25.6,Zone 4,34.3,Zone 4,30.2,Zone 4,38.4,Zone 4,34.5,Zone 4,48.0,Zone 5
Jharkhand,Saraikela,Saraikela,24.9,2026-04-13,00:15:00,43.0,2026-04-12,00:15:00,2026-04-13 00:35:23,24.55000000000001,Zone 3,37.6,Zone 4,24.7,Zone 3,33.4,Zone 4,29.3,Zone 4,37.4,Zone 4,33.6,Zone 4,41.2,Zone 4,37.6,Zone 4,50.7,Zone 5
Jharkhand,Simdega,Bano-Simdega Kvk,20.7,2026-04-13,00:15:00,62.0,2026-04-12,00:15:00,2026-04-13 00:35:23,20.55000000000001,Zone 3,34.1,Zone 4,20.3,Zone 3,29.8,Zone 4,25.5,Zone 4,33.9,Zone 4,29.9,Zone 4,37.9,Zone 4,34.1,Zone 4,45.2,Zone 5
Jharkhand,Simdega,Simdega,23.7,2026-04-13,00:15:00,56.0,2026-04-12,00:15:00,2026-04-13 00:35:23,23.75,Zone 3,37.2,Zone 4,23.5,Zone 3,32.7,Zone 4,28.5,Zone 4,37.0,Zone 4,33.0,Zone 4,41.1,Zone 4,37.2,Zone 4,53.8,Zone 5
Jharkhand,West Singhbhum,Jagannathpur-Bau Kvk,25.5,2026-04-13,00:15:00,,,,2026-04-13 00:35:23,,,,,,,,,,,,,,,,,,,,
Karnataka,Bagalkot,Bagalkot Kvk,29.9,2026-04-13,00:15:00,56.0,2026-04-12,00:15:00,2026-04-13 00:35:23,31.950000000000045,Zone 4,59.1,Zone 5,32.1,Zone 4,42.4,Zone 4,37.7,Zone 4,57.9,Zone 5,42.9,Zone 4,61.9,Zone 5,59.1,Zone 5,64.3,Zone 5
Karnataka,Bangalore Rural,Doddaballapura,25.4,2026-04-13,00:00:00,55.0,2026-04-12,00:00:00,2026-04-13 00:35:23,25.650000000000034,Zone 4,39.8,Zone 4,25.8,Zone 4,35.1,Zone 4,30.8,Zone 4,39.5,Zone 4,35.4,Zone 4,48.5,Zone 5,39.8,Zone 4,59.5,Zone 5
Karnataka,Bangalore Urban,Bangalore,26.8,2026-04-13,00:15:00,60.0,2026-04-12,00:15:00,2026-04-13 00:35:23,27.75,Zone 4,46.5,Zone 5,28.0,Zone 4,38.0,Zone 4,33.4,Zone 4,45.0,Zone 5,38.4,Zone 4,59.1,Zone 5,46.5,Zone 5,61.9,Zone 5
Karnataka,Bangalore Urban,Electronic City(Nice),26.9,2026-04-13,00:15:00,52.0,2026-04-12,00:15:00,2026-04-13 00:35:23,27.350000000000023,Zone 4,41.6,Zone 4,27.5,Zone 4,36.8,Zone 4,32.5,Zone 4,41.2,Zone 4,37.1,Zone 4,53.1,Zone 5,41.6,Zone 4,60.4,Zone 5
Karnataka,Bangalore Urban,Gopal Nagar,26.4,2026-04-13,00:15:00,64.0,2026-04-12,00:15:00,2026-04-13 00:35:23,27.450000000000045,Zone 4,47.5,Zone 5,27.6,Zone 4,37.8,Zone 4,33.1,Zone 4,46.0,Zone 5,38.2,Zone 4,59.3,Zone 5,47.5,Zone 5,62.1,Zone 5
Karnataka,Bangalore Urban,Madhavara(Nice),27.2,2026-04-13,00:15:00,47.0,2026-04-12,00:15:00,2026-04-13 00:35:23,27.350000000000023,Zone 4,40.7,Zone 4,27.1,Zone 4,36.2,Zone 4,32.0,Zone 4,40.4,Zone 4,36.4,Zone 4,48.7,Zone 5,40.7,Zone 4,59.5,Zone 5
Karnataka,Bellary,Bellary,31.0,2026-04-13,00:15:00,56.0,2026-04-12,00:15:00,2026-04-13 00:35:23,33.85000000000002,Zone 4,60.5,Zone 5,33.9,Zone 4,47.2,Zone 5,39.6,Zone 4,60.1,Zone 5,49.4,Zone 5,63.1,Zone 5,60.5,Zone 5,65.4,Zone 5
Karnataka,Bellary,Hagari Kvk,32.0,2026-04-13,00:15:00,36.0,2026-04-12,00:15:00,2026-04-13 00:35:23,32.35000000000002,Zone 4,46.2,Zone 5,32.3,Zone 4,41.1,Zone 4,37.0,Zone 4,45.3,Zone 4,41.4,Zone 4,59.1,Zone 5,46.2,Zone 5,61.9,Zone 5
Karnataka,Bijapur,Tidagundi Amfu,32.3,2026-04-13,00:15:00,36.0,2026-04-12,00:15:00,2026-04-13 00:35:23,32.75,Zone 4,48.7,Zone 5,33.0,Zone 4,41.8,Zone 4,37.7,Zone 4,47.3,Zone 5,42.1,Zone 4,59.6,Zone 5,48.7,Zone 5,62.3,Zone 5
Karnataka,Chikmagalur,Mudigere Kvk,22.7,2026-04-13,00:15:00,100.0,2026-04-12,00:15:00,2026-04-13 00:35:23,24.450000000000045,Zone 3,52.5,Zone 5,24.3,Zone 3,35.4,Zone 4,30.1,Zone 4,50.9,Zone 5,36.0,Zone 4,60.4,Zone 5,52.5,Zone 5,63.0,Zone 5
Karnataka,Chitradurga,Hiriyur,29.6,2026-04-13,00:00:00,43.0,2026-04-12,00:30:00,2026-04-13 00:35:23,30.05000000000001,Zone 4,43.5,Zone 4,29.9,Zone 4,38.9,Zone 4,34.7,Zone 4,43.2,Zone 4,39.3,Zone 4,56.1,Zone 5,43.5,Zone 4,61.1,Zone 5
Karnataka,Dakshina Kannada,Mangaluru,28.4,2026-04-13,00:15:00,90.0,2026-04-12,00:15:00,2026-04-13 00:35:23,34.650000000000034,Zone 4,65.3,Zone 5,34.9,Zone 4,61.7,Zone 5,54.5,Zone 5,64.9,Zone 5,62.3,Zone 5,67.2,Zone 5,65.3,Zone 5,68.9,Zone 5
Karnataka,Dharwad,Mugad,24.3,2026-04-13,00:15:00,92.0,2026-04-12,00:15:00,2026-04-13 00:35:23,26.150000000000034,Zone 4,59.1,Zone 5,26.5,Zone 4,40.4,Zone 5,33.0,Zone 4,57.8,Zone 5,42.4,Zone 5,61.9,Zone 5,59.1,Zone 5,64.3,Zone 5
Karnataka,Gadag,Gadag,27.3,2026-04-13,00:15:00,85.0,2026-04-12,00:15:00,2026-04-13 00:35:23,31.05000000000001,Zone 4,62.5,Zone 5,31.5,Zone 4,56.5,Zone 5,38.5,Zone 4,62.1,Zone 5,58.6,Zone 5,64.8,Zone 5,62.5,Zone 5,66.8,Zone 5
Karnataka,Gulbarga,Raddewadgi,30.1,2026-04-13,00:00:00,35.0,2026-04-12,00:00:00,2026-04-13 00:35:23,29.850000000000023,Zone 4,42.5,Zone 4,29.7,Zone 4,38.2,Zone 4,34.3,Zone 4,42.3,Zone 4,38.5,Zone 4,50.1,Zone 5,42.5,Zone 4,59.8,Zone 5
Karnataka,Hassan,Hassan,23.5,2026-04-13,00:15:00,100.0,2026-04-12,00:15:00,2026-04-13 00:35:23,25.25,Zone 3,58.9,Zone 5,25.3,Zone 3,39.9,Zone 5,31.9,Zone 4,57.4,Zone 5,42.0,Zone 5,61.8,Zone 5,58.9,Zone 5,64.2,Zone 5
Karnataka,Kolar,Kgf (Kolar),24.2,2026-04-13,00:15:00,79.0,2026-04-12,00:15:00,2026-04-13 00:35:23,25.25,Zone 3,45.7,Zone 5,25.1,Zone 3,35.6,Zone 4,30.8,Zone 4,44.2,Zone 5,36.1,Zone 4,58.8,Zone 5,45.7,Zone 5,61.8,Zone 5
Karnataka,Koppal,Koppal,35.3,2026-04-13,00:15:00,51.0,2026-04-12,00:15:00,2026-04-13 00:35:23,41.650000000000034,Zone 4,65.5,Zone 5,42.2,Zone 4,62.0,Zone 5,55.7,Zone 5,65.2,Zone 5,62.5,Zone 5,67.4,Zone 5,65.5,Zone 5,69.1,Zone 5
Karnataka,Mandya,Malavalli,27.2,2026-04-13,00:15:00,64.0,2026-04-12,00:15:00,2026-04-13 00:35:23,28.650000000000034,Zone 4,50.5,Zone 5,28.3,Zone 4,38.6,Zone 4,33.9,Zone 4,48.9,Zone 5,39.1,Zone 4,60.0,Zone 5,50.5,Zone 5,62.6,Zone 5
Karnataka,Mandya,Mandya Kvk,25.4,2026-04-13,00:15:00,84.0,2026-04-12,00:15:00,2026-04-13 00:35:23,27.450000000000045,Zone 4,59.0,Zone 5,27.6,Zone 4,40.2,Zone 5,33.9,Zone 4,57.7,Zone 5,42.3,Zone 5,61.9,Zone 5,59.0,Zone 5,64.3,Zone 5
Karnataka,Ramanagara,Chandurayanghalli Kvk,25.6,2026-04-13,00:15:00,38.0,2026-04-12,00:15:00,2026-04-13 00:35:23,25.150000000000034,Zone 3,37.6,Zone 4,25.0,Zone 3,33.5,Zone 4,29.5,Zone 4,37.4,Zone 4,33.7,Zone 4,41.1,Zone 4,37.6,Zone 4,48.8,Zone 5
Karnataka,Shivamogga,Agumbe,24.3,2026-04-13,00:15:00,100.0,2026-04-12,00:30:00,2026-04-13 00:35:23,26.650000000000034,Zone 4,60.7,Zone 5,27.0,Zone 4,47.6,Zone 5,34.0,Zone 4,60.2,Zone 5,50.0,Zone 5,63.2,Zone 5,60.7,Zone 5,65.5,Zone 5
Karnataka,Tumkur,Chikkanakalli,27.8,2026-04-13,00:15:00,48.0,2026-04-12,00:15:00,2026-04-13 00:35:23,28.150000000000034,Zone 4,42.3,Zone 4,28.4,Zone 4,37.6,Zone 4,33.4,Zone 4,42.0,Zone 4,38.0,Zone 4,54.1,Zone 5,42.3,Zone 4,60.7,Zone 5
Kerala,Alappuzha,Karumadi,29.3,2026-04-13,00:00:00,78.0,2026-04-12,00:00:00,2026-04-13 00:35:23,34.450000000000045,Zone 4,64.1,Zone 5,34.9,Zone 4,60.3,Zone 5,47.2,Zone 5,63.7,Zone 5,60.8,Zone 5,66.2,Zone 5,64.1,Zone 5,68.0,Zone 5
Kerala,Alappuzha,Kayamkulam,28.1,2026-04-13,00:15:00,100.0,2026-04-12,00:15:00,2026-04-13 00:35:23,38.25,Zone 5,66.7,Zone 5,37.1,Zone 5,63.4,Zone 5,59.8,Zone 5,66.3,Zone 5,63.9,Zone 5,68.4,Zone 5,66.7,Zone 5,70.0,Zone 5
Kerala,Alappuzha,Nooranad,28.7,2026-04-13,00:15:00,92.0,2026-04-12,00:15:00,2026-04-13 00:35:23,35.950000000000045,Zone 4,65.8,Zone 5,35.4,Zone 4,62.3,Zone 5,57.1,Zone 5,65.4,Zone 5,62.8,Zone 5,67.6,Zone 5,65.8,Zone 5,69.3,Zone 5
Kerala,Alappuzha,Thycattussery,28.5,2026-04-13,00:15:00,84.0,2026-04-12,00:15:00,2026-04-13 00:35:23,33.650000000000034,Zone 4,63.9,Zone 5,33.7,Zone 4,60.0,Zone 5,46.1,Zone 5,63.5,Zone 5,60.6,Zone 5,66.0,Zone 5,63.9,Zone 5,67.9,Zone 5
Kerala,Ernakulam,Aluva,29.3,2026-04-13,00:15:00,83.0,2026-04-12,00:15:00,2026-04-13 00:35:23,35.55000000000001,Zone 4,65.3,Zone 5,36.1,Zone 4,61.7,Zone 5,54.6,Zone 5,64.9,Zone 5,62.3,Zone 5,67.2,Zone 5,65.3,Zone 5,68.9,Zone 5
Kerala,Ernakulam,Boat Jetty Kgov,28.3,2026-04-13,00:15:00,100.0,2026-04-12,00:15:00,2026-04-13 00:35:23,40.55000000000001,Zone 5,67.6,Zone 5,43.1,Zone 5,64.5,Zone 5,61.2,Zone 5,67.2,Zone 5,65.0,Zone 5,69.2,Zone 5,67.6,Zone 5,70.6,Zone 5
Kerala,Ernakulam,Choondi,28.5,2026-04-13,00:15:00,97.0,2026-04-12,00:15:00,2026-04-13 00:35:23,38.450000000000045,Zone 5,66.9,Zone 5,38.4,Zone 5,63.6,Zone 5,60.2,Zone 5,66.5,Zone 5,64.2,Zone 5,68.6,Zone 5,66.9,Zone 5,70.1,Zone 5
Kerala,Ernakulam,Dhground Kgov,28.4,2026-04-13,00:15:00,100.0,2026-04-12,00:15:00,2026-04-13 00:35:23,41.75,Zone 5,67.6,Zone 5,43.1,Zone 5,64.5,Zone 5,61.2,Zone 5,67.2,Zone 5,65.0,Zone 5,69.2,Zone 5,67.6,Zone 5,70.6,Zone 5
Kerala,Ernakulam,Kadavanthra Kgov,28.3,2026-04-13,00:15:00,100.0,2026-04-12,00:15:00,2026-04-13 00:35:23,40.55000000000001,Zone 5,67.6,Zone 5,43.1,Zone 5,64.5,Zone 5,61.2,Zone 5,67.2,Zone 5,65.0,Zone 5,69.2,Zone 5,67.6,Zone 5,70.6,Zone 5
Kerala,Ernakulam,Kalamassery,28.1,2026-04-13,00:15:00,57.0,2026-04-12,00:15:00,2026-04-13 00:35:23,29.350000000000023,Zone 4,49.2,Zone 5,29.2,Zone 4,39.1,Zone 4,34.5,Zone 4,47.7,Zone 5,39.5,Zone 4,59.7,Zone 5,49.2,Zone 5,62.4,Zone 5
Kerala,Ernakulam,Koothattukulam,27.7,2026-04-13,00:15:00,100.0,2026-04-12,00:15:00,2026-04-13 00:35:23,34.75,Zone 4,65.8,Zone 5,34.1,Zone 4,62.3,Zone 5,57.3,Zone 5,65.4,Zone 5,62.9,Zone 5,67.7,Zone 5,65.8,Zone 5,69.3,Zone 5
Kerala,Ernakulam,Mattancherry,28.2,2026-04-13,00:15:00,62.0,2026-04-12,00:15:00,2026-04-13 00:35:23,29.950000000000045,Zone 4,54.4,Zone 5,29.7,Zone 4,40.0,Zone 4,35.3,Zone 4,52.9,Zone 5,40.5,Zone 4,60.8,Zone 5,54.4,Zone 5,63.3,Zone 5
Kerala,Ernakulam,Odakkali,27.6,2026-04-13,00:15:00,100.0,2026-04-12,00:15:00,2026-04-13 00:35:23,34.450000000000045,Zone 4,65.8,Zone 5,34.1,Zone 4,62.3,Zone 5,57.3,Zone 5,65.4,Zone 5,62.9,Zone 5,67.7,Zone 5,65.8,Zone 5,69.3,Zone 5
Kerala,Ernakulam,Palluruthy,28.9,2026-04-13,00:15:00,100.0,2026-04-12,00:15:00,2026-04-13 00:35:23,48.55000000000001,Zone 5,68.5,Zone 5,50.0,Zone 5,65.5,Zone 5,62.5,Zone 5,68.1,Zone 5,66.1,Zone 5,69.9,Zone 5,68.5,Zone 5,71.3,Zone 5
Kerala,Idukki,Ayyappankovil,23.9,2026-04-13,00:00:00,100.0,2026-04-12,00:00:00,2026-04-13 00:35:23,25.950000000000045,Zone 4,59.8,Zone 5,26.1,Zone 4,43.6,Zone 5,32.9,Zone 4,59.4,Zone 5,45.9,Zone 5,62.5,Zone 5,59.8,Zone 5,64.8,Zone 5
Kerala,Idukki,Cheruthoni,24.2,2026-04-13,00:15:00,100.0,2026-04-12,00:15:00,2026-04-13 00:35:23,26.450000000000045,Zone 4,59.8,Zone 5,26.1,Zone 4,43.6,Zone 5,32.9,Zone 4,59.4,Zone 5,45.9,Zone 5,62.5,Zone 5,59.8,Zone 5,64.8,Zone 5
Kerala,Idukki,Kovilkadavu,21.6,2026-04-13,00:15:00,66.0,2026-04-12,00:30:00,2026-04-13 00:35:23,21.850000000000023,Zone 3,35.6,Zone 4,21.7,Zone 3,31.1,Zone 4,26.7,Zone 4,35.4,Zone 4,31.3,Zone 4,39.6,Zone 4,35.6,Zone 4,51.7,Zone 5
Kerala,Idukki,Kundala Dam,13.8,2026-04-13,00:15:00,100.0,2026-04-12,00:15:00,2026-04-13 00:35:23,13.75,Zone 2,28.7,Zone 4,14.0,Zone 2,24.7,Zone 3,21.1,Zone 3,28.6,Zone 4,24.8,Zone 3,32.7,Zone 4,28.7,Zone 4,36.6,Zone 4
Kerala,Idukki,Meencut,20.8,2026-04-13,00:15:00,100.0,2026-04-12,00:15:00,2026-04-13 00:35:23,22.350000000000023,Zone 3,42.5,Zone 5,22.6,Zone 3,32.8,Zone 4,27.7,Zone 4,41.2,Zone 5,33.3,Zone 4,56.3,Zone 5,42.5,Zone 5,61.2,Zone 5
Kerala,Idukki,Sengulam Dam,22.3,2026-04-13,00:15:00,,,,2026-04-13 00:35:23,,,,,,,,,,,,,,,,,,,,
Kerala,Idukki,Udumbannoor,27.3,2026-04-12,23:45:00,100.0,2026-04-12,23:45:00,2026-04-13 00:35:23,33.55000000000001,Zone 4,65.8,Zone 5,34.1,Zone 4,62.3,Zone 5,57.3,Zone 5,65.4,Zone 5,62.9,Zone 5,67.7,Zone 5,65.8,Zone 5,69.3,Zone 5
Kerala,Idukki,Vellathooval,25.4,2026-04-13,00:00:00,100.0,2026-04-12,00:00:00,2026-04-13 00:35:23,28.75,Zone 4,62.4,Zone 5,29.0,Zone 4,55.9,Zone 5,37.6,Zone 5,62.0,Zone 5,58.0,Zone 5,64.7,Zone 5,62.4,Zone 5,66.7,Zone 5
Kerala,Kannur,Aralam,26.4,2026-04-13,00:00:00,96.0,2026-04-12,00:00:00,2026-04-13 00:35:23,30.55000000000001,Zone 4,63.2,Zone 5,30.8,Zone 4,59.2,Zone 5,42.1,Zone 5,62.8,Zone 5,59.8,Zone 5,65.4,Zone 5,63.2,Zone 5,67.4,Zone 5
Kerala,Kannur,Ayyankunnu,26.1,2026-04-13,00:00:00,91.0,2026-04-12,00:00:00,2026-04-13 00:35:23,29.350000000000023,Zone 4,61.3,Zone 5,29.1,Zone 4,51.0,Zone 5,36.0,Zone 4,60.9,Zone 5,53.4,Zone 5,63.8,Zone 5,61.3,Zone 5,66.0,Zone 5
Kerala,Kannur,Cheruvanchery,26.5,2026-04-12,23:45:00,100.0,2026-04-12,23:45:00,2026-04-13 00:35:23,31.350000000000023,Zone 4,64.1,Zone 5,31.3,Zone 4,60.2,Zone 5,47.0,Zone 5,63.7,Zone 5,60.8,Zone 5,66.2,Zone 5,64.1,Zone 5,68.0,Zone 5
Kerala,Kannur,Panniyoor,26.6,2026-04-13,00:15:00,100.0,2026-04-12,00:15:00,2026-04-13 00:35:23,31.55000000000001,Zone 4,64.1,Zone 5,31.3,Zone 4,60.2,Zone 5,47.0,Zone 5,63.7,Zone 5,60.8,Zone 5,66.2,Zone 5,64.1,Zone 5,68.0,Zone 5
Kerala,Kannur,Peringome,26.7,2026-04-13,00:15:00,98.0,2026-04-12,00:15:00,2026-04-13 00:35:23,31.55000000000001,Zone 4,63.7,Zone 5,31.0,Zone 4,59.7,Zone 5,44.5,Zone 5,63.3,Zone 5,60.3,Zone 5,65.8,Zone 5,63.7,Zone 5,67.7,Zone 5
Kerala,Kannur,Pinarayi,28.0,2026-04-12,23:45:00,100.0,2026-04-12,23:45:00,2026-04-13 00:35:23,37.150000000000034,Zone 5,66.7,Zone 5,37.1,Zone 5,63.4,Zone 5,59.8,Zone 5,66.3,Zone 5,63.9,Zone 5,68.4,Zone 5,66.7,Zone 5,70.0,Zone 5
Kerala,Kasaragod,Bayar,27.3,2026-04-12,23:45:00,91.0,2026-04-12,23:45:00,2026-04-13 00:35:23,31.950000000000045,Zone 4,63.9,Zone 5,32.4,Zone 4,59.9,Zone 5,45.7,Zone 5,63.5,Zone 5,60.5,Zone 5,66.0,Zone 5,63.9,Zone 5,67.8,Zone 5
Kerala,Kasaragod,Kudlu Afmu,,,,98.0,2026-04-12,00:15:00,2026-04-13 00:35:23,,,,,,,,,,,,,,,,,,,,
Kerala,Kasaragod,Madikkai,,,,93.0,2026-04-12,23:30:00,2026-04-13 00:35:23,,,,,,,,,,,,,,,,,,,,
Kerala,Kasaragod,Muliyar,27.5,2026-04-13,00:15:00,95.0,2026-04-12,00:15:00,2026-04-13 00:35:23,33.150000000000034,Zone 4,64.7,Zone 5,33.1,Zone 4,61.0,Zone 5,51.0,Zone 5,64.3,Zone 5,61.6,Zone 5,66.7,Zone 5,64.7,Zone 5,68.5,Zone 5
Kerala,Kasaragod,Padannakkad,27.5,2026-04-13,00:15:00,93.0,2026-04-12,00:15:00,2026-04-13 00:35:23,32.75,Zone 4,64.3,Zone 5,32.8,Zone 4,60.5,Zone 5,48.3,Zone 5,63.9,Zone 5,61.0,Zone 5,66.3,Zone 5,64.3,Zone 5,68.2,Zone 5
Kerala,Kasaragod,Panathur,31.5,2026-04-13,00:15:00,100.0,2026-04-12,00:15:00,2026-04-13 00:35:23,65.55000000000001,Zone 5,74.4,Zone 6,65.6,Zone 5,71.1,Zone 5,69.3,Zone 5,73.8,Zone 6,71.5,Zone 5,76.7,Zone 6,74.4,Zone 6,79.6,Zone 6
Kerala,Kollam,Chavara,29.6,2026-04-13,00:15:00,100.0,2026-04-12,00:15:00,2026-04-13 00:35:23,58.25,Zone 5,69.3,Zone 5,56.9,Zone 5,66.6,Zone 5,63.8,Zone 5,69.0,Zone 5,67.1,Zone 5,70.7,Zone 5,69.3,Zone 5,72.6,Zone 6
Kerala,Kollam,Karuvelil Tkmit,27.8,2026-04-13,00:15:00,82.0,2026-04-12,00:15:00,2026-04-13 00:35:23,31.75,Zone 4,62.6,Zone 5,32.1,Zone 4,57.1,Zone 5,39.1,Zone 4,62.2,Zone 5,59.1,Zone 5,64.9,Zone 5,62.6,Zone 5,66.9,Zone 5
Kerala,Kollam,Parippally,27.3,2026-04-13,00:15:00,100.0,2026-04-12,00:15:00,2026-04-13 00:35:23,33.55000000000001,Zone 4,65.8,Zone 5,34.1,Zone 4,62.3,Zone 5,57.3,Zone 5,65.4,Zone 5,62.9,Zone 5,67.7,Zone 5,65.8,Zone 5,69.3,Zone 5
Kerala,Kollam,Punalur,26.3,2026-04-13,00:15:00,100.0,2026-04-12,00:15:00,2026-04-13 00:35:23,30.850000000000023,Zone 4,64.1,Zone 5,31.3,Zone 4,60.2,Zone 5,47.0,Zone 5,63.7,Zone 5,60.8,Zone 5,66.2,Zone 5,64.1,Zone 5,68.0,Zone 5
Kerala,Kollam,Thenmala,27.1,2026-04-13,00:15:00,96.0,2026-04-12,00:15:00,2026-04-13 00:35:23,32.25,Zone 4,64.1,Zone 5,32.0,Zone 4,60.2,Zone 5,47.1,Zone 5,63.7,Zone 5,60.8,Zone 5,66.2,Zone 5,64.1,Zone 5,68.0,Zone 5
Kerala,Kottayam,Kottayam,27.9,2026-04-13,00:15:00,100.0,2026-04-12,00:15:00,2026-04-13 00:35:23,36.05000000000001,Zone 5,66.7,Zone 5,37.1,Zone 5,63.4,Zone 5,59.8,Zone 5,66.3,Zone 5,63.9,Zone 5,68.4,Zone 5,66.7,Zone 5,70.0,Zone 5
Kerala,Kottayam,Vadavathoor,27.9,2026-04-13,00:15:00,100.0,2026-04-12,00:15:00,2026-04-13 00:35:23,36.05000000000001,Zone 5,66.7,Zone 5,37.1,Zone 5,63.4,Zone 5,59.8,Zone 5,66.3,Zone 5,63.9,Zone 5,68.4,Zone 5,66.7,Zone 5,70.0,Zone 5
Kerala,Kottayam,Vaikkom,28.1,2026-04-13,00:15:00,100.0,2026-04-12,00:15:00,2026-04-13 00:35:23,38.25,Zone 5,66.7,Zone 5,37.1,Zone 5,63.4,Zone 5,59.8,Zone 5,66.3,Zone 5,63.9,Zone 5,68.4,Zone 5,66.7,Zone 5,70.0,Zone 5
Kerala,Kozhikode,Kozhikode,30.9,2026-04-13,00:15:00,,,,2026-04-13 00:35:23,,,,,,,,,,,,,,,,,,,,
Kerala,Kozhikode,Kunnamangalam,27.6,2026-04-13,00:15:00,100.0,2026-04-12,00:15:00,2026-04-13 00:35:23,34.450000000000045,Zone 4,65.8,Zone 5,34.1,Zone 4,62.3,Zone 5,57.3,Zone 5,65.4,Zone 5,62.9,Zone 5,67.7,Zone 5,65.8,Zone 5,69.3,Zone 5
Kerala,Kozhikode,Urumi,25.9,2026-04-13,00:15:00,100.0,2026-04-12,00:15:00,2026-04-13 00:35:23,29.850000000000023,Zone 4,63.2,Zone 5,30.1,Zone 4,59.2,Zone 5,42.0,Zone 5,62.8,Zone 5,59.8,Zone 5,65.4,Zone 5,63.2,Zone 5,67.4,Zone 5
Kerala,Kozhikode,Vadakara,27.7,2026-04-13,00:00:00,89.0,2026-04-12,00:00:00,2026-04-13 00:35:23,32.55000000000001,Zone 4,63.4,Zone 5,32.1,Zone 4,59.4,Zone 5,43.1,Zone 5,63.0,Zone 5,60.0,Zone 5,65.6,Zone 5,63.4,Zone 5,67.5,Zone 5
Kerala,Kozhikode,Vilangad,25.8,2026-04-13,00:15:00,100.0,2026-04-12,00:15:00,2026-04-13 00:35:23,29.650000000000034,Zone 4,63.2,Zone 5,30.1,Zone 4,59.2,Zone 5,42.0,Zone 5,62.8,Zone 5,59.8,Zone 5,65.4,Zone 5,63.2,Zone 5,67.4,Zone 5
Kerala,Malappuram,Nilambur,27.5,2026-04-13,00:00:00,100.0,2026-04-12,00:00:00,2026-04-13 00:35:23,34.150000000000034,Zone 4,65.8,Zone 5,34.1,Zone 4,62.3,Zone 5,57.3,Zone 5,65.4,Zone 5,62.9,Zone 5,67.7,Zone 5,65.8,Zone 5,69.3,Zone 5
Kerala,Malappuram,Palemad,28.5,2026-04-13,00:00:00,89.0,2026-04-12,00:00:00,2026-04-13 00:35:23,34.650000000000034,Zone 4,65.1,Zone 5,34.7,Zone 4,61.4,Zone 5,53.1,Zone 5,64.7,Zone 5,62.0,Zone 5,67.0,Zone 5,65.1,Zone 5,68.8,Zone 5
Kerala,Malappuram,Thavanur Kvk,28.7,2026-04-13,00:15:00,91.0,2026-04-12,00:15:00,2026-04-13 00:35:23,35.75,Zone 4,65.5,Zone 5,35.1,Zone 4,62.0,Zone 5,55.8,Zone 5,65.2,Zone 5,62.5,Zone 5,67.4,Zone 5,65.5,Zone 5,69.1,Zone 5
Kerala,Malappuram,Thennala,28.1,2026-04-13,00:15:00,95.0,2026-04-12,00:15:00,2026-04-13 00:35:23,34.85000000000002,Zone 4,65.6,Zone 5,34.5,Zone 4,62.0,Zone 5,56.1,Zone 5,65.2,Zone 5,62.6,Zone 5,67.5,Zone 5,65.6,Zone 5,69.1,Zone 5
Kerala,Malappuram,Vakkad,29.4,2026-04-13,00:00:00,,,,2026-04-13 00:35:23,,,,,,,,,,,,,,,,,,,,
Kerala,Palakkad,Adakkaputhur,27.8,2026-04-13,00:00:00,93.0,2026-04-12,00:00:00,2026-04-13 00:35:23,33.55000000000001,Zone 4,65.1,Zone 5,34.1,Zone 4,61.5,Zone 5,53.5,Zone 5,64.8,Zone 5,62.1,Zone 5,67.1,Zone 5,65.1,Zone 5,68.8,Zone 5
Kerala,Palakkad,Kollengode,28.7,2026-04-12,23:45:00,91.0,2026-04-12,00:30:00,2026-04-13 00:35:23,35.75,Zone 4,65.5,Zone 5,35.1,Zone 4,62.0,Zone 5,55.8,Zone 5,65.2,Zone 5,62.5,Zone 5,67.4,Zone 5,65.5,Zone 5,69.1,Zone 5
Kerala,Palakkad,Malampuzha Dam,28.1,2026-04-13,00:15:00,86.0,2026-04-12,00:15:00,2026-04-13 00:35:23,33.05000000000001,Zone 4,63.6,Zone 5,32.8,Zone 4,59.6,Zone 5,43.9,Zone 5,63.2,Zone 5,60.2,Zone 5,65.7,Zone 5,63.6,Zone 5,67.6,Zone 5
Kerala,Palakkad,Mangalam Dam,28.7,2026-04-13,00:15:00,87.0,2026-04-12,00:15:00,2026-04-13 00:35:23,34.75,Zone 4,64.6,Zone 5,34.3,Zone 4,60.9,Zone 5,50.3,Zone 5,64.2,Zone 5,61.4,Zone 5,66.6,Zone 5,64.6,Zone 5,68.4,Zone 5
Kerala,Palakkad,Mankara,29.9,2026-04-13,00:15:00,83.0,2026-04-12,00:15:00,2026-04-13 00:35:23,37.35000000000002,Zone 4,66.2,Zone 5,37.6,Zone 4,62.7,Zone 5,59.1,Zone 5,65.8,Zone 5,63.3,Zone 5,68.0,Zone 5,66.2,Zone 5,69.6,Zone 5
Kerala,Palakkad,Mannarkkad,27.7,2026-04-12,23:45:00,100.0,2026-04-12,23:45:00,2026-04-13 00:35:23,34.75,Zone 4,65.8,Zone 5,34.1,Zone 4,62.3,Zone 5,57.3,Zone 5,65.4,Zone 5,62.9,Zone 5,67.7,Zone 5,65.8,Zone 5,69.3,Zone 5
Kerala,Palakkad,Ottapalam,28.0,2026-04-13,00:15:00,94.0,2026-04-12,00:15:00,2026-04-13 00:35:23,34.35000000000002,Zone 4,65.4,Zone 5,34.3,Zone 4,61.8,Zone 5,54.8,Zone 5,65.0,Zone 5,62.3,Zone 5,67.3,Zone 5,65.4,Zone 5,69.0,Zone 5
Kerala,Palakkad,Parambikulam,25.1,2026-04-13,00:15:00,100.0,2026-04-12,00:15:00,2026-04-13 00:35:23,28.150000000000034,Zone 4,61.5,Zone 5,28.0,Zone 4,51.8,Zone 5,35.2,Zone 4,61.1,Zone 5,54.1,Zone 5,64.0,Zone 5,61.5,Zone 5,66.1,Zone 5
Kerala,Palakkad,Vannamada,27.6,2026-04-13,00:15:00,100.0,2026-04-12,00:15:00,2026-04-13 00:35:23,34.450000000000045,Zone 4,65.8,Zone 5,34.1,Zone 4,62.3,Zone 5,57.3,Zone 5,65.4,Zone 5,62.9,Zone 5,67.7,Zone 5,65.8,Zone 5,69.3,Zone 5
Kerala,Pathanamthitta,Konni,27.3,2026-04-12,23:45:00,93.0,2026-04-12,23:45:00,2026-04-13 00:35:23,32.25,Zone 4,64.3,Zone 5,32.8,Zone 4,60.5,Zone 5,48.3,Zone 5,63.9,Zone 5,61.0,Zone 5,66.3,Zone 5,64.3,Zone 5,68.2,Zone 5
Kerala,Pathanamthitta,Kunnamthanam,28.0,2026-04-13,00:15:00,100.0,2026-04-12,00:15:00,2026-04-13 00:35:23,37.150000000000034,Zone 5,66.7,Zone 5,37.1,Zone 5,63.4,Zone 5,59.8,Zone 5,66.3,Zone 5,63.9,Zone 5,68.4,Zone 5,66.7,Zone 5,70.0,Zone 5
Kerala,Pathanamthitta,Laha,25.9,2026-04-13,00:15:00,100.0,2026-04-12,00:15:00,2026-04-13 00:35:23,29.850000000000023,Zone 4,63.2,Zone 5,30.1,Zone 4,59.2,Zone 5,42.0,Zone 5,62.8,Zone 5,59.8,Zone 5,65.4,Zone 5,63.2,Zone 5,67.4,Zone 5
Kerala,Pathanamthitta,Pathanamthitta,27.1,2026-04-13,00:15:00,100.0,2026-04-12,00:15:00,2026-04-13 00:35:23,32.950000000000045,Zone 4,65.0,Zone 5,32.7,Zone 4,61.3,Zone 5,52.3,Zone 5,64.6,Zone 5,61.8,Zone 5,66.9,Zone 5,65.0,Zone 5,68.7,Zone 5
Kerala,Pathanamthitta,Ranni Chethackal,25.2,2026-04-13,00:00:00,100.0,2026-04-12,00:00:00,2026-04-13 00:35:23,28.350000000000023,Zone 4,61.5,Zone 5,28.0,Zone 4,51.8,Zone 5,35.2,Zone 4,61.1,Zone 5,54.1,Zone 5,64.0,Zone 5,61.5,Zone 5,66.1,Zone 5
Kerala,Pathanamthitta,Thiruvalla Kallunkal,31.8,2026-04-13,00:15:00,96.0,2026-04-12,00:15:00,2026-04-13 00:35:23,64.75,Zone 5,74.2,Zone 6,65.4,Zone 5,71.0,Zone 5,69.1,Zone 5,73.6,Zone 6,71.4,Zone 5,76.5,Zone 6,74.2,Zone 6,79.4,Zone 6
Kerala,Pathanamthitta,Ulanadu,28.1,2026-04-13,00:15:00,88.0,2026-04-12,00:15:00,2026-04-13 00:35:23,33.450000000000045,Zone 4,64.0,Zone 5,33.1,Zone 4,60.1,Zone 5,46.6,Zone 5,63.6,Zone 5,60.7,Zone 5,66.1,Zone 5,64.0,Zone 5,68.0,Zone 5
Kerala,Pathanamthitta,Venkurinji,26.2,2026-04-13,00:15:00,100.0,2026-04-12,00:15:00,2026-04-13 00:35:23,30.55000000000001,Zone 4,63.2,Zone 5,30.1,Zone 4,59.2,Zone 5,42.0,Zone 5,62.8,Zone 5,59.8,Zone 5,65.4,Zone 5,63.2,Zone 5,67.4,Zone 5
Kerala,Thiruvananthapuram,Palode,26.3,2026-04-13,00:15:00,98.0,2026-04-12,00:15:00,2026-04-13 00:35:23,30.55000000000001,Zone 4,63.7,Zone 5,31.0,Zone 4,59.7,Zone 5,44.5,Zone 5,63.3,Zone 5,60.3,Zone 5,65.8,Zone 5,63.7,Zone 5,67.7,Zone 5
Kerala,Thiruvananthapuram,Pirappancode,27.2,2026-04-13,00:15:00,97.0,2026-04-12,00:15:00,2026-04-13 00:35:23,32.650000000000034,Zone 4,64.3,Zone 5,32.1,Zone 4,60.5,Zone 5,48.4,Zone 5,63.9,Zone 5,61.1,Zone 5,66.4,Zone 5,64.3,Zone 5,68.2,Zone 5
Kerala,Thiruvananthapuram,Thattathumala,27.2,2026-04-13,00:00:00,100.0,2026-04-12,00:00:00,2026-04-13 00:35:23,33.25,Zone 4,65.0,Zone 5,32.7,Zone 4,61.3,Zone 5,52.3,Zone 5,64.6,Zone 5,61.8,Zone 5,66.9,Zone 5,65.0,Zone 5,68.7,Zone 5
Kerala,Thiruvananthapuram,Thiruvananthapuram,27.8,2026-04-13,00:15:00,78.0,2026-04-12,00:30:00,2026-04-13 00:35:23,31.150000000000034,Zone 4,61.7,Zone 5,31.6,Zone 4,52.7,Zone 5,38.2,Zone 4,61.3,Zone 5,55.0,Zone 5,64.1,Zone 5,61.7,Zone 5,66.2,Zone 5
Kerala,Thiruvananthapuram,Varkala,28.0,2026-04-13,00:15:00,100.0,2026-04-12,00:15:00,2026-04-13 00:35:23,37.150000000000034,Zone 5,66.7,Zone 5,37.1,Zone 5,63.4,Zone 5,59.8,Zone 5,66.3,Zone 5,63.9,Zone 5,68.4,Zone 5,66.7,Zone 5,70.0,Zone 5
Kerala,Thrissur,Athirappilly,27.2,2026-04-13,00:15:00,100.0,2026-04-12,00:15:00,2026-04-13 00:35:23,33.25,Zone 4,65.0,Zone 5,32.7,Zone 4,61.3,Zone 5,52.3,Zone 5,64.6,Zone 5,61.8,Zone 5,66.9,Zone 5,65.0,Zone 5,68.7,Zone 5
Kerala,Thrissur,Kunnamkulam,28.3,2026-04-12,23:45:00,97.0,2026-04-12,23:45:00,2026-04-13 00:35:23,36.25,Zone 5,66.9,Zone 5,38.4,Zone 5,63.6,Zone 5,60.2,Zone 5,66.5,Zone 5,64.2,Zone 5,68.6,Zone 5,66.9,Zone 5,70.1,Zone 5
Kerala,Thrissur,Lower Sholayar,24.1,2026-04-13,00:15:00,100.0,2026-04-12,00:30:00,2026-04-13 00:35:23,26.350000000000023,Zone 4,59.8,Zone 5,26.1,Zone 4,43.6,Zone 5,32.9,Zone 4,59.4,Zone 5,45.9,Zone 5,62.5,Zone 5,59.8,Zone 5,64.8,Zone 5
Kerala,Thrissur,Munakkal,29.6,2026-04-12,23:45:00,,,,2026-04-13 00:35:23,,,,,,,,,,,,,,,,,,,,
Kerala,Thrissur,Peechi,27.6,2026-04-13,00:15:00,100.0,2026-04-12,00:15:00,2026-04-13 00:35:23,34.450000000000045,Zone 4,65.8,Zone 5,34.1,Zone 4,62.3,Zone 5,57.3,Zone 5,65.4,Zone 5,62.9,Zone 5,67.7,Zone 5,65.8,Zone 5,69.3,Zone 5
Kerala,Thrissur,Vilangankunnu,,,,91.0,2026-04-12,00:00:00,2026-04-13 00:35:23,,,,,,,,,,,,,,,,,,,,
Kerala,Wayanad,Kabanigiri,23.6,2026-04-12,23:45:00,100.0,2026-04-12,23:45:00,2026-04-13 00:35:23,25.450000000000045,Zone 4,58.9,Zone 5,25.3,Zone 3,39.9,Zone 5,31.9,Zone 4,57.4,Zone 5,42.0,Zone 5,61.8,Zone 5,58.9,Zone 5,64.2,Zone 5
Kerala,Wayanad,Kalpeta,22.9,2026-04-13,00:15:00,100.0,2026-04-12,00:15:00,2026-04-13 00:35:23,24.650000000000034,Zone 3,55.8,Zone 5,24.8,Zone 3,36.7,Zone 5,31.0,Zone 4,54.3,Zone 5,38.5,Zone 5,61.1,Zone 5,55.8,Zone 5,63.6,Zone 5
Kerala,Wayanad,Karapuzha,24.2,2026-04-13,00:00:00,98.0,2026-04-12,00:00:00,2026-04-13 00:35:23,26.350000000000023,Zone 4,59.4,Zone 5,26.0,Zone 4,41.9,Zone 5,32.7,Zone 4,59.0,Zone 5,44.1,Zone 5,62.2,Zone 5,59.4,Zone 5,64.6,Zone 5
Kerala,Wayanad,Meenangadi,23.6,2026-04-13,00:15:00,100.0,2026-04-12,00:15:00,2026-04-13 00:35:23,25.450000000000045,Zone 4,58.9,Zone 5,25.3,Zone 3,39.9,Zone 5,31.9,Zone 4,57.4,Zone 5,42.0,Zone 5,61.8,Zone 5,58.9,Zone 5,64.2,Zone 5
Kerala,Wayanad,Padamala,22.6,2026-04-13,00:15:00,100.0,2026-04-12,00:15:00,2026-04-13 00:35:23,24.350000000000023,Zone 3,52.5,Zone 5,24.3,Zone 3,35.4,Zone 4,30.1,Zone 4,50.9,Zone 5,36.0,Zone 4,60.4,Zone 5,52.5,Zone 5,63.0,Zone 5
Ladakh,Kargil,Garkon,10.3,2026-04-13,00:15:00,30.0,2026-04-12,00:15:00,2026-04-13 00:35:23,8.050000000000011,Zone 2,24.6,Zone 3,8.2,Zone 2,21.7,Zone 3,16.2,Zone 3,24.7,Zone 3,21.5,Zone 3,27.7,Zone 4,24.6,Zone 3,30.8,Zone 4
Ladakh,Kargil,Kargil,6.4,2026-04-13,00:15:00,36.0,2026-04-12,00:15:00,2026-04-13 00:35:23,4.650000000000034,Zone 2,22.7,Zone 3,4.8,Zone 2,19.4,Zone 3,13.2,Zone 2,22.9,Zone 3,19.1,Zone 3,25.1,Zone 3,22.7,Zone 3,28.1,Zone 4
Ladakh,Leh,Mc Leh,1.0,2026-04-13,00:00:00,27.0,2026-04-12,00:00:00,2026-04-13 00:35:23,-0.44999999999998863,Zone 2,19.8,Zone 3,-0.4,Zone 2,15.9,Zone 3,9.5,Zone 2,20.2,Zone 3,15.4,Zone 3,23.0,Zone 3,19.8,Zone 3,24.9,Zone 3
Madhya Pradesh,Agar,Agar Malwa,26.9,2026-04-13,00:15:00,24.0,2026-04-12,00:15:00,2026-04-13 00:35:23,25.850000000000023,Zone 4,37.4,Zone 4,25.9,Zone 4,33.7,Zone 4,30.0,Zone 4,37.3,Zone 4,33.8,Zone 4,40.8,Zone 4,37.4,Zone 4,44.1,Zone 4
Madhya Pradesh,Anuppur,Amarkantak Crch,23.8,2026-04-13,00:15:00,14.0,2026-04-12,00:15:00,2026-04-13 00:35:23,21.450000000000045,Zone 3,33.9,Zone 4,21.7,Zone 3,30.5,Zone 4,26.9,Zone 4,33.9,Zone 4,30.5,Zone 4,37.1,Zone 4,33.9,Zone 4,40.2,Zone 4
Madhya Pradesh,Barwani,Talun Kvk,30.1,2026-04-13,00:15:00,23.0,2026-04-12,00:15:00,2026-04-13 00:35:23,28.850000000000023,Zone 4,40.3,Zone 4,28.7,Zone 4,36.5,Zone 4,32.8,Zone 4,40.2,Zone 4,36.7,Zone 4,43.6,Zone 4,40.3,Zone 4,51.4,Zone 5
Madhya Pradesh,Betul,Betul,,,,51.0,2026-04-12,00:00:00,2026-04-13 00:35:23,,,,,,,,,,,,,,,,,,,,
Madhya Pradesh,Bhopal,Berasia,27.5,2026-04-13,00:15:00,22.0,2026-04-12,00:15:00,2026-04-13 00:35:23,26.25,Zone 4,37.7,Zone 4,26.3,Zone 4,34.0,Zone 4,30.4,Zone 4,37.6,Zone 4,34.1,Zone 4,41.0,Zone 4,37.7,Zone 4,44.3,Zone 4
Madhya Pradesh,Bhopal,Islamnagar,24.6,2026-04-13,00:15:00,38.0,2026-04-12,00:15:00,2026-04-13 00:35:23,23.950000000000045,Zone 3,36.5,Zone 4,23.8,Zone 3,32.5,Zone 4,28.5,Zone 4,36.3,Zone 4,32.6,Zone 4,40.0,Zone 4,36.5,Zone 4,45.2,Zone 5
Madhya Pradesh,Bhopal ,Bhopal,27.9,2026-04-13,00:15:00,28.0,2026-04-12,00:15:00,2026-04-13 00:35:23,26.950000000000045,Zone 4,39.0,Zone 4,27.1,Zone 4,35.1,Zone 4,31.3,Zone 4,38.8,Zone 4,35.3,Zone 4,42.4,Zone 4,39.0,Zone 4,49.4,Zone 5
Madhya Pradesh,Datia,Datia,21.6,2026-04-13,00:00:00,47.0,2026-04-12,00:00:00,2026-04-13 00:35:23,20.75,Zone 3,34.1,Zone 4,20.7,Zone 3,30.0,Zone 4,26.0,Zone 4,34.0,Zone 4,30.1,Zone 4,37.7,Zone 4,34.1,Zone 4,41.3,Zone 4
Madhya Pradesh,Dewas,Kannod,30.2,2026-04-13,00:00:00,18.0,2026-04-12,00:00:00,2026-04-13 00:35:23,28.55000000000001,Zone 4,39.5,Zone 4,28.4,Zone 4,35.9,Zone 4,32.3,Zone 4,39.4,Zone 4,36.0,Zone 4,42.7,Zone 4,39.5,Zone 4,46.4,Zone 5
Madhya Pradesh,Dhar,Dhar,27.2,2026-04-13,00:00:00,29.0,2026-04-12,00:00:00,2026-04-13 00:35:23,26.350000000000023,Zone 4,38.1,Zone 4,26.1,Zone 4,34.2,Zone 4,30.4,Zone 4,37.9,Zone 4,34.3,Zone 4,41.5,Zone 4,38.1,Zone 4,46.9,Zone 5
Madhya Pradesh,Hoshangabad,Hoshangabad,30.5,2026-04-13,00:15:00,23.0,2026-04-12,00:15:00,2026-04-13 00:35:23,29.25,Zone 4,40.8,Zone 4,29.2,Zone 4,37.0,Zone 4,33.3,Zone 4,40.7,Zone 4,37.2,Zone 4,44.2,Zone 4,40.8,Zone 4,53.0,Zone 5
Madhya Pradesh,Hoshangabad,Hoshangabad Amfu,26.9,2026-04-13,00:00:00,41.0,2026-04-12,00:00:00,2026-04-13 00:35:23,26.650000000000034,Zone 4,39.7,Zone 4,26.8,Zone 4,35.5,Zone 4,31.4,Zone 4,39.5,Zone 4,35.7,Zone 4,43.4,Zone 4,39.7,Zone 4,56.6,Zone 5
Madhya Pradesh,Hoshangabad,Pachmarhi Aec,25.0,2026-04-13,00:15:00,31.0,2026-04-12,00:15:00,2026-04-13 00:35:23,24.05000000000001,Zone 3,36.3,Zone 4,24.0,Zone 3,32.4,Zone 4,28.6,Zone 4,36.2,Zone 4,32.5,Zone 4,39.7,Zone 4,36.3,Zone 4,43.1,Zone 4
Madhya Pradesh,Mandsaur,Mandsour,21.0,2026-04-13,00:15:00,41.0,2026-04-12,00:15:00,2026-04-13 00:35:23,19.75,Zone 3,33.1,Zone 4,19.7,Zone 3,29.3,Zone 4,25.3,Zone 3,33.1,Zone 4,29.3,Zone 4,36.7,Zone 4,33.1,Zone 4,40.2,Zone 4
Madhya Pradesh,Morena,Morena Amfu,21.9,2026-04-13,00:15:00,50.0,2026-04-12,00:15:00,2026-04-13 00:35:23,21.350000000000023,Zone 3,34.8,Zone 4,21.5,Zone 3,30.7,Zone 4,26.6,Zone 4,34.7,Zone 4,30.8,Zone 4,38.5,Zone 4,34.8,Zone 4,44.0,Zone 5
Madhya Pradesh,Neemuch,Marukheda Kvk,23.0,2026-04-13,00:15:00,35.0,2026-04-12,00:15:00,2026-04-13 00:35:23,21.850000000000023,Zone 3,34.6,Zone 4,21.8,Zone 3,30.8,Zone 4,26.9,Zone 4,34.6,Zone 4,30.9,Zone 4,38.1,Zone 4,34.6,Zone 4,41.6,Zone 4
Madhya Pradesh,Niwari,Prithvipur,26.4,2026-04-13,00:00:00,23.0,2026-04-12,00:00:00,2026-04-13 00:35:23,25.25,Zone 4,36.9,Zone 4,25.4,Zone 4,33.2,Zone 4,29.5,Zone 4,36.8,Zone 4,33.3,Zone 4,40.2,Zone 4,36.9,Zone 4,43.5,Zone 4
Madhya Pradesh,Rajgarh,Rajgarh Kvk,22.0,2026-04-13,00:15:00,28.0,2026-04-12,00:15:00,2026-04-13 00:35:23,20.150000000000034,Zone 3,33.2,Zone 4,20.1,Zone 3,29.6,Zone 4,25.7,Zone 4,33.2,Zone 4,29.6,Zone 4,36.6,Zone 4,33.2,Zone 4,39.9,Zone 4
Madhya Pradesh,Rewa,Rewa Kvk,22.9,2026-04-13,00:15:00,,,,2026-04-13 00:35:23,,,,,,,,,,,,,,,,,,,,
Madhya Pradesh,Sagar,Khurai,26.0,2026-04-13,00:15:00,37.0,2026-04-12,00:15:00,2026-04-13 00:35:23,25.450000000000045,Zone 4,38.0,Zone 4,25.5,Zone 4,33.9,Zone 4,30.0,Zone 4,37.8,Zone 4,34.1,Zone 4,41.6,Zone 4,38.0,Zone 4,49.9,Zone 5
Madhya Pradesh,Sagar,Sagar,26.6,2026-04-13,00:15:00,30.0,2026-04-12,00:15:00,2026-04-13 00:35:23,25.75,Zone 4,37.7,Zone 4,25.7,Zone 4,33.8,Zone 4,30.0,Zone 4,37.5,Zone 4,33.9,Zone 4,41.1,Zone 4,37.7,Zone 4,46.0,Zone 5
Madhya Pradesh,Satna,Gramoday Vv Chitrakoot,22.5,2026-04-13,00:15:00,36.0,2026-04-12,00:15:00,2026-04-13 00:35:23,21.25,Zone 3,34.2,Zone 4,21.3,Zone 3,30.4,Zone 4,26.5,Zone 4,34.2,Zone 4,30.5,Zone 4,37.7,Zone 4,34.2,Zone 4,41.2,Zone 4
Madhya Pradesh,Satna,Satna,24.3,2026-04-13,00:15:00,41.0,2026-04-12,00:15:00,2026-04-13 00:35:23,23.75,Zone 3,36.8,Zone 4,24.0,Zone 3,32.7,Zone 4,28.7,Zone 4,36.6,Zone 4,32.8,Zone 4,40.4,Zone 4,36.8,Zone 4,47.4,Zone 5
Madhya Pradesh,Sehore,Bhairunda,28.6,2026-04-13,00:00:00,28.0,2026-04-12,00:00:00,2026-04-13 00:35:23,27.650000000000034,Zone 4,39.5,Zone 4,27.6,Zone 4,35.6,Zone 4,31.8,Zone 4,39.4,Zone 4,35.8,Zone 4,42.9,Zone 4,39.5,Zone 4,51.1,Zone 5
Madhya Pradesh,Shahdol,Kalyanpur Kvk,21.2,2026-04-13,00:15:00,36.0,2026-04-12,00:15:00,2026-04-13 00:35:23,19.650000000000034,Zone 3,32.8,Zone 4,19.4,Zone 3,29.1,Zone 4,25.1,Zone 3,32.8,Zone 4,29.1,Zone 4,36.3,Zone 4,32.8,Zone 4,39.7,Zone 4
Madhya Pradesh,Shajapur,Shajapur,24.0,2026-04-13,00:15:00,13.0,2026-04-12,00:15:00,2026-04-13 00:35:23,21.650000000000034,Zone 3,33.8,Zone 4,21.6,Zone 3,30.5,Zone 4,26.9,Zone 4,33.8,Zone 4,30.4,Zone 4,37.0,Zone 4,33.8,Zone 4,40.1,Zone 4
Madhya Pradesh,Sheopur,Sheopur,,,,37.0,2026-04-12,00:15:00,2026-04-13 00:35:23,,,,,,,,,,,,,,,,,,,,
Madhya Pradesh,Shivpuri,Shivpuri,24.9,2026-04-13,00:15:00,24.0,2026-04-12,00:15:00,2026-04-13 00:35:23,23.450000000000045,Zone 3,35.6,Zone 4,23.6,Zone 3,31.9,Zone 4,28.2,Zone 4,35.5,Zone 4,32.0,Zone 4,38.9,Zone 4,35.6,Zone 4,42.2,Zone 4
Madhya Pradesh,Sidhi,Rampur Naikin,26.1,2026-04-13,00:15:00,36.0,2026-04-12,00:15:00,2026-04-13 00:35:23,25.55000000000001,Zone 4,37.9,Zone 4,25.5,Zone 4,33.8,Zone 4,29.9,Zone 4,37.7,Zone 4,34.0,Zone 4,41.4,Zone 4,37.9,Zone 4,49.1,Zone 5
Madhya Pradesh,Sidhi,Sidhi,27.1,2026-04-13,00:15:00,35.0,2026-04-12,00:15:00,2026-04-13 00:35:23,26.55000000000001,Zone 4,38.9,Zone 4,26.4,Zone 4,34.8,Zone 4,30.9,Zone 4,38.7,Zone 4,35.0,Zone 4,42.4,Zone 4,38.9,Zone 4,51.9,Zone 5
Madhya Pradesh,Ujjain,Tarana,26.5,2026-04-13,00:15:00,19.0,2026-04-12,00:15:00,2026-04-13 00:35:23,25.25,Zone 3,36.4,Zone 4,25.2,Zone 3,32.9,Zone 4,29.3,Zone 4,36.4,Zone 4,32.9,Zone 4,39.7,Zone 4,36.4,Zone 4,42.9,Zone 4
Madhya Pradesh,Ujjain,Vikram Vv Ujjain,25.4,2026-04-13,00:15:00,30.0,2026-04-12,00:15:00,2026-04-13 00:35:23,24.450000000000045,Zone 3,36.7,Zone 4,24.6,Zone 3,32.8,Zone 4,29.0,Zone 4,36.5,Zone 4,32.9,Zone 4,40.1,Zone 4,36.7,Zone 4,43.5,Zone 4
Madhya Pradesh,Vidisha,Vidisha,24.8,2026-04-13,00:15:00,35.0,2026-04-12,00:15:00,2026-04-13 00:35:23,23.950000000000045,Zone 3,36.7,Zone 4,24.2,Zone 3,32.7,Zone 4,28.8,Zone 4,36.6,Zone 4,32.9,Zone 4,40.2,Zone 4,36.7,Zone 4,44.8,Zone 5
Maharashtra,Akola,Akola Amfu,27.2,2026-04-13,00:15:00,36.0,2026-04-12,00:15:00,2026-04-13 00:35:23,26.75,Zone 4,39.0,Zone 4,26.5,Zone 4,34.9,Zone 4,31.0,Zone 4,38.8,Zone 4,35.1,Zone 4,42.6,Zone 4,39.0,Zone 4,52.7,Zone 5
Maharashtra,Buldhana,Lonar,30.8,2026-04-13,00:15:00,18.0,2026-04-12,00:15:00,2026-04-13 00:35:23,29.150000000000034,Zone 4,40.5,Zone 4,29.3,Zone 4,36.8,Zone 4,33.3,Zone 4,40.3,Zone 4,36.9,Zone 4,43.7,Zone 4,40.5,Zone 4,49.4,Zone 5
Maharashtra,Chandrapur,Chandrapur Aws400,31.3,2026-04-13,00:15:00,40.0,2026-04-12,00:15:00,2026-04-13 00:35:23,31.950000000000045,Zone 4,48.8,Zone 5,32.2,Zone 4,41.2,Zone 4,37.0,Zone 4,47.4,Zone 5,41.6,Zone 4,59.6,Zone 5,48.8,Zone 5,62.3,Zone 5
Maharashtra,Dhule,Dhule,30.8,2026-04-13,00:00:00,41.0,2026-04-12,00:00:00,2026-04-13 00:35:23,31.350000000000023,Zone 4,47.5,Zone 5,31.6,Zone 4,40.7,Zone 4,36.5,Zone 4,46.0,Zone 5,41.1,Zone 4,59.3,Zone 5,47.5,Zone 5,62.1,Zone 5
Maharashtra,Gondia,Gondia Aws400,25.0,2026-04-13,00:00:00,30.0,2026-04-12,00:00:00,2026-04-13 00:35:23,23.950000000000045,Zone 3,36.2,Zone 4,24.0,Zone 3,32.4,Zone 4,28.5,Zone 4,36.1,Zone 4,32.5,Zone 4,39.6,Zone 4,36.2,Zone 4,43.0,Zone 4
Maharashtra,Gondia,Tiroda,,,,35.0,2026-04-12,00:15:00,2026-04-13 00:35:23,,,,,,,,,,,,,,,,,,,,
Maharashtra,Hingoli,Tondapur Aws400,27.8,2026-04-13,00:15:00,34.0,2026-04-12,00:15:00,2026-04-13 00:35:23,27.25,Zone 4,39.9,Zone 4,27.4,Zone 4,35.8,Zone 4,31.9,Zone 4,39.7,Zone 4,36.0,Zone 4,43.4,Zone 4,39.9,Zone 4,54.6,Zone 5
Maharashtra,Kolhapur,Kolhapur Amfu,24.9,2026-04-13,00:00:00,100.0,2026-04-12,00:00:00,2026-04-13 00:35:23,27.75,Zone 4,61.5,Zone 5,28.0,Zone 4,51.8,Zone 5,35.2,Zone 4,61.1,Zone 5,54.1,Zone 5,64.0,Zone 5,61.5,Zone 5,66.1,Zone 5
Maharashtra,Kolhapur,Radhanagri Ars,23.7,2026-04-13,00:15:00,100.0,2026-04-12,00:15:00,2026-04-13 00:35:23,25.650000000000034,Zone 4,58.9,Zone 5,25.3,Zone 3,39.9,Zone 5,31.9,Zone 4,57.4,Zone 5,42.0,Zone 5,61.8,Zone 5,58.9,Zone 5,64.2,Zone 5
Maharashtra,Mumbai Suburban,Bandra,27.0,2026-04-13,00:15:00,,,,2026-04-13 00:35:23,,,,,,,,,,,,,,,,,,,,
Maharashtra,Mumbai Suburban,Dahisar,27.9,2026-04-13,00:00:00,,,,2026-04-13 00:35:23,,,,,,,,,,,,,,,,,,,,
Maharashtra,Mumbai Suburban,Tata Power Chembur,27.2,2026-04-13,00:00:00,100.0,2026-04-12,00:00:00,2026-04-13 00:35:23,33.25,Zone 4,65.0,Zone 5,32.7,Zone 4,61.3,Zone 5,52.3,Zone 5,64.6,Zone 5,61.8,Zone 5,66.9,Zone 5,65.0,Zone 5,68.7,Zone 5
Maharashtra,Mumbai Suburban,Vidyavihar,27.4,2026-04-13,00:15:00,99.0,2026-04-12,00:15:00,2026-04-13 00:35:23,33.650000000000034,Zone 4,65.6,Zone 5,33.9,Zone 4,62.1,Zone 5,56.1,Zone 5,65.2,Zone 5,62.6,Zone 5,67.5,Zone 5,65.6,Zone 5,69.1,Zone 5
Maharashtra,Mumbai Suburban,Vikhroli,28.3,2026-04-13,00:00:00,83.0,2026-04-12,00:00:00,2026-04-13 00:35:23,32.950000000000045,Zone 4,63.7,Zone 5,33.5,Zone 4,59.7,Zone 5,44.7,Zone 5,63.3,Zone 5,60.3,Zone 5,65.8,Zone 5,63.7,Zone 5,67.7,Zone 5
Maharashtra,Mumbai City,Byculla Mumbai,27.2,2026-04-13,00:15:00,100.0,2026-04-12,00:15:00,2026-04-13 00:35:23,33.25,Zone 4,65.0,Zone 5,32.7,Zone 4,61.3,Zone 5,52.3,Zone 5,64.6,Zone 5,61.8,Zone 5,66.9,Zone 5,65.0,Zone 5,68.7,Zone 5
Maharashtra,Mumbai City,Mahalaxmi,28.1,2026-04-13,00:00:00,99.0,2026-04-12,00:00:00,2026-04-13 00:35:23,36.85000000000002,Zone 5,66.5,Zone 5,35.8,Zone 5,63.1,Zone 5,59.5,Zone 5,66.1,Zone 5,63.7,Zone 5,68.2,Zone 5,66.5,Zone 5,69.8,Zone 5
Maharashtra,Mumbai City,Mumbai Santa Cruz,26.5,2026-04-13,00:15:00,100.0,2026-04-12,00:15:00,2026-04-13 00:35:23,31.350000000000023,Zone 4,64.1,Zone 5,31.3,Zone 4,60.2,Zone 5,47.0,Zone 5,63.7,Zone 5,60.8,Zone 5,66.2,Zone 5,64.1,Zone 5,68.0,Zone 5
Maharashtra,Nagpur,Nagpur,26.8,2026-04-13,00:00:00,46.0,2026-04-12,00:00:00,2026-04-13 00:35:23,26.850000000000023,Zone 4,40.5,Zone 4,27.1,Zone 4,36.0,Zone 4,31.9,Zone 4,40.3,Zone 4,36.3,Zone 4,47.8,Zone 5,40.5,Zone 4,59.3,Zone 5
Maharashtra,Nagpur,Nagpur Kvk,28.3,2026-04-13,00:15:00,30.0,2026-04-12,00:15:00,2026-04-13 00:35:23,27.55000000000001,Zone 4,39.8,Zone 4,27.7,Zone 4,35.8,Zone 4,32.0,Zone 4,39.7,Zone 4,36.0,Zone 4,43.3,Zone 4,39.8,Zone 4,52.9,Zone 5
Maharashtra,Nagpur,Ramtek Aws400,27.9,2026-04-13,00:15:00,43.0,2026-04-12,00:15:00,2026-04-13 00:35:23,27.950000000000045,Zone 4,41.4,Zone 4,28.1,Zone 4,36.9,Zone 4,32.8,Zone 4,41.1,Zone 4,37.2,Zone 4,49.5,Zone 5,41.4,Zone 4,59.7,Zone 5
Maharashtra,Nanded,Sagroli Kvk,29.6,2026-04-13,00:15:00,43.0,2026-04-12,00:15:00,2026-04-13 00:35:23,30.05000000000001,Zone 4,43.5,Zone 4,29.9,Zone 4,38.9,Zone 4,34.7,Zone 4,43.2,Zone 4,39.3,Zone 4,56.1,Zone 5,43.5,Zone 4,61.1,Zone 5
Maharashtra,Nandurbar,Shahada Aws400,30.2,2026-04-13,00:15:00,37.0,2026-04-12,00:15:00,2026-04-13 00:35:23,30.150000000000034,Zone 4,43.0,Zone 4,29.9,Zone 4,38.6,Zone 4,34.6,Zone 4,42.7,Zone 4,38.9,Zone 4,52.3,Zone 5,43.0,Zone 4,60.3,Zone 5
Maharashtra,Nashik,Kalwan,27.6,2026-04-13,00:00:00,,,,2026-04-13 00:35:23,,,,,,,,,,,,,,,,,,,,
Maharashtra,Nashik,Malegaon,29.7,2026-04-13,00:00:00,44.0,2026-04-12,00:00:00,2026-04-13 00:35:23,30.25,Zone 4,43.8,Zone 4,30.0,Zone 4,39.1,Zone 4,34.9,Zone 4,43.4,Zone 4,39.4,Zone 4,57.0,Zone 5,43.8,Zone 4,61.3,Zone 5
Maharashtra,Nashik,Vilholi,,,,29.0,2026-04-12,23:30:00,2026-04-13 00:35:23,,,,,,,,,,,,,,,,,,,,
Maharashtra,Palghar,Palghar Aws400,23.1,2026-04-13,00:15:00,100.0,2026-04-12,00:15:00,2026-04-13 00:35:23,24.850000000000023,Zone 3,55.8,Zone 5,24.8,Zone 3,36.7,Zone 5,31.0,Zone 4,54.3,Zone 5,38.5,Zone 5,61.1,Zone 5,55.8,Zone 5,63.6,Zone 5
Maharashtra,Pune, Nimgiri Junnar,25.3,2026-04-13,00:15:00,,,,2026-04-13 00:35:23,,,,,,,,,,,,,,,,,,,,
Maharashtra,Pune,Ballalwadi Junnar,26.6,2026-04-13,00:00:00,44.0,2026-04-12,00:00:00,2026-04-13 00:35:23,26.450000000000045,Zone 4,39.5,Zone 4,26.4,Zone 4,35.2,Zone 4,31.1,Zone 4,39.3,Zone 4,35.4,Zone 4,43.8,Zone 5,39.5,Zone 4,57.0,Zone 5
Maharashtra,Pune,Blindschool Kp Pune,29.3,2026-04-13,00:15:00,53.0,2026-04-12,00:15:00,2026-04-13 00:35:23,30.650000000000034,Zone 4,53.5,Zone 5,31.0,Zone 4,40.8,Zone 4,36.3,Zone 4,52.0,Zone 5,41.3,Zone 4,60.6,Zone 5,53.5,Zone 5,63.2,Zone 5
Maharashtra,Pune,Cagmo Shivajinagar,29.1,2026-04-13,00:15:00,43.0,2026-04-12,00:15:00,2026-04-13 00:35:23,29.350000000000023,Zone 4,42.8,Zone 4,29.3,Zone 4,38.2,Zone 4,34.1,Zone 4,42.5,Zone 4,38.6,Zone 4,53.9,Zone 5,42.8,Zone 4,60.6,Zone 5
Maharashtra,Pune,Chinchwad Pune,28.5,2026-04-13,00:00:00,36.0,2026-04-12,00:00:00,2026-04-13 00:35:23,28.150000000000034,Zone 4,40.8,Zone 4,28.1,Zone 4,36.6,Zone 4,32.6,Zone 4,40.6,Zone 4,36.8,Zone 4,44.9,Zone 5,40.8,Zone 4,57.8,Zone 5
Maharashtra,Pune,Dps Hadapsar Pune,29.7,2026-04-13,00:15:00,56.0,2026-04-12,00:15:00,2026-04-13 00:35:23,31.650000000000034,Zone 4,56.7,Zone 5,31.3,Zone 4,41.5,Zone 4,36.8,Zone 4,55.3,Zone 5,42.0,Zone 4,61.3,Zone 5,56.7,Zone 5,63.8,Zone 5
Maharashtra,Pune,Girivan,27.3,2026-04-13,00:15:00,29.0,2026-04-12,00:15:00,2026-04-13 00:35:23,26.450000000000045,Zone 4,38.6,Zone 4,26.6,Zone 4,34.7,Zone 4,30.9,Zone 4,38.4,Zone 4,34.9,Zone 4,42.0,Zone 4,38.6,Zone 4,48.6,Zone 5
Maharashtra,Pune,Khadakwadi Ambegaon,27.1,2026-04-13,00:15:00,48.0,2026-04-12,00:15:00,2026-04-13 00:35:23,27.350000000000023,Zone 4,40.9,Zone 4,27.2,Zone 4,36.3,Zone 4,32.1,Zone 4,40.6,Zone 4,36.6,Zone 4,49.6,Zone 5,40.9,Zone 4,59.7,Zone 5
Maharashtra,Pune,Khutbav Daund,27.4,2026-04-13,00:00:00,55.0,2026-04-12,00:00:00,2026-04-13 00:35:23,28.150000000000034,Zone 4,44.3,Zone 5,28.3,Zone 4,38.0,Zone 4,33.5,Zone 4,43.0,Zone 5,38.4,Zone 4,57.8,Zone 5,44.3,Zone 5,61.5,Zone 5
Maharashtra,Pune,Kurvande,19.2,2026-04-13,00:15:00,,,,2026-04-13 00:35:23,,,,,,,,,,,,,,,,,,,,
Maharashtra,Pune,Lavale,24.8,2026-04-13,00:15:00,63.0,2026-04-12,00:15:00,2026-04-13 00:35:23,25.350000000000023,Zone 4,40.3,Zone 4,25.6,Zone 4,35.3,Zone 4,30.8,Zone 4,40.0,Zone 4,35.7,Zone 4,52.5,Zone 5,40.3,Zone 4,60.3,Zone 5
Maharashtra,Pune,Lonikalbhor Haveli,25.7,2026-04-13,00:15:00,59.0,2026-04-12,00:15:00,2026-04-13 00:35:23,26.25,Zone 4,40.4,Zone 4,26.0,Zone 4,35.6,Zone 4,31.2,Zone 4,40.1,Zone 4,35.9,Zone 4,51.8,Zone 5,40.4,Zone 4,60.2,Zone 5
Maharashtra,Pune,Magarpatta Pune,29.5,2026-04-13,00:15:00,47.0,2026-04-12,00:15:00,2026-04-13 00:35:23,30.350000000000023,Zone 4,46.7,Zone 5,30.3,Zone 4,39.6,Zone 4,35.3,Zone 4,45.2,Zone 5,40.0,Zone 4,59.2,Zone 5,46.7,Zone 5,61.9,Zone 5
Maharashtra,Pune,Malin Ambegaon,25.5,2026-04-13,00:00:00,54.0,2026-04-12,00:00:00,2026-04-13 00:35:23,25.75,Zone 4,39.7,Zone 4,25.7,Zone 4,35.0,Zone 4,30.7,Zone 4,39.4,Zone 4,35.3,Zone 4,47.7,Zone 5,39.7,Zone 4,59.3,Zone 5
Maharashtra,Pune,Mti Pashan Pune,25.9,2026-04-13,00:15:00,58.0,2026-04-12,00:15:00,2026-04-13 00:35:23,26.450000000000045,Zone 4,41.0,Zone 4,26.6,Zone 4,36.2,Zone 4,31.7,Zone 4,40.7,Zone 4,36.5,Zone 4,53.4,Zone 5,41.0,Zone 4,60.5,Zone 5
Maharashtra,Pune,Narayangoan Krishi Kendra,26.4,2026-04-13,00:15:00,44.0,2026-04-12,00:15:00,2026-04-13 00:35:23,26.25,Zone 4,39.5,Zone 4,26.4,Zone 4,35.2,Zone 4,31.1,Zone 4,39.3,Zone 4,35.4,Zone 4,43.8,Zone 5,39.5,Zone 4,57.0,Zone 5
Maharashtra,Pune,Nda Pune,26.7,2026-04-13,00:00:00,51.0,2026-04-12,00:00:00,2026-04-13 00:35:23,27.05000000000001,Zone 4,40.6,Zone 4,26.8,Zone 4,36.0,Zone 4,31.7,Zone 4,40.4,Zone 4,36.3,Zone 4,49.9,Zone 5,40.6,Zone 4,59.8,Zone 5
Maharashtra,Pune,Niasm Baramati,27.7,2026-04-13,00:15:00,43.0,2026-04-12,00:15:00,2026-04-13 00:35:23,27.650000000000034,Zone 4,40.7,Zone 4,27.5,Zone 4,36.3,Zone 4,32.2,Zone 4,40.5,Zone 4,36.6,Zone 4,47.3,Zone 5,40.7,Zone 4,59.2,Zone 5
Maharashtra,Pune,Pabal Shirur,24.2,2026-04-13,00:15:00,60.0,2026-04-12,00:15:00,2026-04-13 00:35:23,24.55000000000001,Zone 3,38.4,Zone 4,24.3,Zone 3,33.7,Zone 4,29.3,Zone 4,38.1,Zone 4,34.0,Zone 4,45.3,Zone 5,38.4,Zone 4,58.2,Zone 5
Maharashtra,Pune,Pashan Tdma Test,29.9,2026-04-13,00:15:00,40.0,2026-04-12,00:15:00,2026-04-13 00:35:23,30.150000000000034,Zone 4,43.6,Zone 4,30.2,Zone 4,39.1,Zone 4,35.0,Zone 4,43.3,Zone 4,39.4,Zone 4,55.3,Zone 5,43.6,Zone 4,60.9,Zone 5
Maharashtra,Pune,Rajgurunagar,26.8,2026-04-13,00:15:00,59.0,2026-04-12,00:15:00,2026-04-13 00:35:23,27.650000000000034,Zone 4,45.5,Zone 5,28.0,Zone 4,37.8,Zone 4,33.3,Zone 4,44.1,Zone 5,38.2,Zone 4,58.7,Zone 5,45.5,Zone 5,61.7,Zone 5
Maharashtra,Pune,Rjspmcop Dudulgaon,28.5,2026-04-13,00:15:00,44.0,2026-04-12,00:15:00,2026-04-13 00:35:23,28.75,Zone 4,42.3,Zone 4,28.7,Zone 4,37.7,Zone 4,33.5,Zone 4,42.0,Zone 4,38.0,Zone 4,52.7,Zone 5,42.3,Zone 4,60.3,Zone 5
Maharashtra,Pune,Talegaon,26.4,2026-04-13,00:15:00,,,,2026-04-13 00:35:23,,,,,,,,,,,,,,,,,,,,
Maharashtra,Pune,Wadgaonsheri Pune,28.8,2026-04-13,00:15:00,46.0,2026-04-12,00:15:00,2026-04-13 00:35:23,29.25,Zone 4,43.4,Zone 4,29.5,Zone 4,38.7,Zone 4,34.5,Zone 4,43.1,Zone 4,39.1,Zone 4,56.7,Zone 5,43.4,Zone 4,61.2,Zone 5
Maharashtra,Raigad,Iighq Newpanvel,28.1,2026-04-13,00:15:00,100.0,2026-04-12,00:15:00,2026-04-13 00:35:23,38.25,Zone 5,66.7,Zone 5,37.1,Zone 5,63.4,Zone 5,59.8,Zone 5,66.3,Zone 5,63.9,Zone 5,68.4,Zone 5,66.7,Zone 5,70.0,Zone 5
Maharashtra,Raigad,Iig Mo Alibag,26.1,2026-04-13,00:15:00,100.0,2026-04-12,00:15:00,2026-04-13 00:35:23,30.350000000000023,Zone 4,63.2,Zone 5,30.1,Zone 4,59.2,Zone 5,42.0,Zone 5,62.8,Zone 5,59.8,Zone 5,65.4,Zone 5,63.2,Zone 5,67.4,Zone 5
Maharashtra,Raigad,Karjat,27.4,2026-04-13,00:15:00,80.0,2026-04-12,00:15:00,2026-04-13 00:35:23,30.650000000000034,Zone 4,61.4,Zone 5,30.8,Zone 4,51.1,Zone 5,37.5,Zone 4,61.0,Zone 5,53.4,Zone 5,63.8,Zone 5,61.4,Zone 5,66.0,Zone 5
Maharashtra,Raigad,Matheran,25.9,2026-04-13,00:15:00,41.0,2026-04-12,00:15:00,2026-04-13 00:35:23,25.55000000000001,Zone 4,38.5,Zone 4,25.7,Zone 4,34.3,Zone 4,30.3,Zone 4,38.3,Zone 4,34.5,Zone 4,42.1,Zone 4,38.5,Zone 4,53.0,Zone 5
Maharashtra,Ratnagiri,Dapoli,24.9,2026-04-13,00:15:00,,,,2026-04-13 00:35:23,,,,,,,,,,,,,,,,,,,,
Maharashtra,Ratnagiri,Ratnagiri Aws400,27.1,2026-04-13,00:15:00,98.0,2026-04-12,00:15:00,2026-04-13 00:35:23,32.55000000000001,Zone 4,64.5,Zone 5,32.3,Zone 4,60.7,Zone 5,49.7,Zone 5,64.1,Zone 5,61.3,Zone 5,66.5,Zone 5,64.5,Zone 5,68.3,Zone 5
Maharashtra,Ratnagiri,Savarde(Golwane),26.5,2026-04-13,00:15:00,,,,2026-04-13 00:35:23,,,,,,,,,,,,,,,,,,,,
Maharashtra,Sangli,Sangli Kvk,26.4,2026-04-13,00:00:00,81.0,2026-04-12,00:00:00,2026-04-13 00:35:23,28.850000000000023,Zone 4,60.0,Zone 5,29.0,Zone 4,44.5,Zone 5,35.5,Zone 4,59.6,Zone 5,46.7,Zone 5,62.7,Zone 5,60.0,Zone 5,65.0,Zone 5
Maharashtra,Satara,Mahabaleshwar,23.6,2026-04-13,00:00:00,64.0,2026-04-12,00:00:00,2026-04-13 00:35:23,24.05000000000001,Zone 3,38.2,Zone 4,23.9,Zone 3,33.4,Zone 4,29.0,Zone 4,37.9,Zone 4,33.7,Zone 4,45.9,Zone 5,38.2,Zone 4,58.6,Zone 5
Maharashtra,Sindhudurg,Devgad,27.7,2026-04-13,00:15:00,91.0,2026-04-12,00:15:00,2026-04-13 00:35:23,32.950000000000045,Zone 4,63.9,Zone 5,32.4,Zone 4,59.9,Zone 5,45.7,Zone 5,63.5,Zone 5,60.5,Zone 5,66.0,Zone 5,63.9,Zone 5,67.8,Zone 5
Maharashtra,Sindhudurg,Mulde Amfu,26.0,2026-04-13,00:15:00,100.0,2026-04-12,00:15:00,2026-04-13 00:35:23,30.150000000000034,Zone 4,63.2,Zone 5,30.1,Zone 4,59.2,Zone 5,42.0,Zone 5,62.8,Zone 5,59.8,Zone 5,65.4,Zone 5,63.2,Zone 5,67.4,Zone 5
Maharashtra,Sindhudurg,Vaibhavwadi,27.7,2026-04-13,00:15:00,100.0,2026-04-12,00:15:00,2026-04-13 00:35:23,34.75,Zone 4,65.8,Zone 5,34.1,Zone 4,62.3,Zone 5,57.3,Zone 5,65.4,Zone 5,62.9,Zone 5,67.7,Zone 5,65.8,Zone 5,69.3,Zone 5
Maharashtra,Sindhudurg,Vengurla,25.9,2026-04-13,00:00:00,88.0,2026-04-12,00:00:00,2026-04-13 00:35:23,28.650000000000034,Zone 4,60.7,Zone 5,28.8,Zone 4,47.9,Zone 5,35.5,Zone 4,60.3,Zone 5,50.2,Zone 5,63.3,Zone 5,60.7,Zone 5,65.5,Zone 5
Maharashtra,Solapur,Mohol Kvk,28.0,2026-04-13,00:15:00,28.0,2026-04-12,00:15:00,2026-04-13 00:35:23,27.05000000000001,Zone 4,39.0,Zone 4,27.1,Zone 4,35.1,Zone 4,31.3,Zone 4,38.8,Zone 4,35.3,Zone 4,42.4,Zone 4,39.0,Zone 4,49.4,Zone 5
Maharashtra,Solapur,Sangola Mahavidyalaya,29.0,2026-04-13,00:15:00,35.0,2026-04-12,00:15:00,2026-04-13 00:35:23,28.650000000000034,Zone 4,41.3,Zone 4,28.6,Zone 4,37.0,Zone 4,33.1,Zone 4,41.0,Zone 4,37.3,Zone 4,46.0,Zone 5,41.3,Zone 4,58.7,Zone 5
Maharashtra,Thane,Bhayander,26.6,2026-04-13,00:15:00,,,,2026-04-13 00:35:23,,,,,,,,,,,,,,,,,,,,
Maharashtra,Wardha,Wardha,27.4,2026-04-13,00:15:00,33.0,2026-04-12,00:15:00,2026-04-13 00:35:23,26.75,Zone 4,39.2,Zone 4,26.9,Zone 4,35.1,Zone 4,31.2,Zone 4,39.0,Zone 4,35.3,Zone 4,42.7,Zone 4,39.2,Zone 4,52.0,Zone 5
Maharashtra,Yavatmal,Pushad Aws400,25.8,2026-04-13,00:15:00,37.0,2026-04-12,00:15:00,2026-04-13 00:35:23,25.25,Zone 4,38.0,Zone 4,25.5,Zone 4,33.9,Zone 4,30.0,Zone 4,37.8,Zone 4,34.1,Zone 4,41.6,Zone 4,38.0,Zone 4,49.9,Zone 5
Manipur,Chandel,Chandel Kvk,16.6,2026-04-13,00:15:00,97.0,2026-04-12,00:15:00,2026-04-13 00:35:23,17.150000000000034,Zone 3,31.4,Zone 4,17.1,Zone 3,26.8,Zone 4,23.1,Zone 3,31.2,Zone 4,26.9,Zone 4,35.5,Zone 4,31.4,Zone 4,45.3,Zone 5
Manipur,Imphal East,Jiribam,22.0,2026-04-13,00:15:00,99.0,2026-04-12,00:15:00,2026-04-13 00:35:23,23.650000000000034,Zone 3,48.4,Zone 5,23.7,Zone 3,34.4,Zone 4,29.2,Zone 4,46.8,Zone 5,34.9,Zone 4,59.5,Zone 5,48.4,Zone 5,62.2,Zone 5
Manipur,Kamjong,Kamjong,,,,87.0,2026-04-12,00:15:00,2026-04-13 00:35:23,,,,,,,,,,,,,,,,,,,,
Manipur,Kangpokpi,Saikul,16.6,2026-04-13,00:15:00,96.0,2026-04-12,00:15:00,2026-04-13 00:35:23,17.150000000000034,Zone 3,31.4,Zone 4,17.0,Zone 3,26.7,Zone 4,23.1,Zone 3,31.2,Zone 4,26.9,Zone 4,35.5,Zone 4,31.4,Zone 4,44.8,Zone 5
Manipur,Noney,Khoupum,20.2,2026-04-13,00:15:00,100.0,2026-04-12,00:15:00,2026-04-13 00:35:23,21.75,Zone 3,36.9,Zone 5,21.5,Zone 3,31.3,Zone 4,26.3,Zone 4,36.3,Zone 4,31.7,Zone 4,50.8,Zone 5,36.9,Zone 5,60.0,Zone 5
Meghalaya,East Garo Hills,Williamnagar,21.3,2026-04-13,00:15:00,86.0,2026-04-12,00:15:00,2026-04-13 00:35:23,22.350000000000023,Zone 3,37.7,Zone 4,22.6,Zone 3,32.5,Zone 4,27.7,Zone 4,37.4,Zone 4,32.8,Zone 4,50.6,Zone 5,37.7,Zone 4,59.9,Zone 5
Meghalaya,East Khasi Hills,Laban,17.6,2026-04-13,00:15:00,75.0,2026-04-12,00:15:00,2026-04-13 00:35:23,17.350000000000023,Zone 3,31.5,Zone 4,17.3,Zone 3,27.2,Zone 4,23.4,Zone 3,31.3,Zone 4,27.3,Zone 4,35.4,Zone 4,31.5,Zone 4,39.9,Zone 5
Meghalaya,East Khasi Hills,Mawryngkneng,20.4,2026-04-13,00:15:00,59.0,2026-04-12,00:15:00,2026-04-13 00:35:23,19.950000000000045,Zone 3,33.9,Zone 4,20.1,Zone 3,29.6,Zone 4,25.4,Zone 4,33.7,Zone 4,29.7,Zone 4,37.6,Zone 4,33.9,Zone 4,43.6,Zone 5
Meghalaya,East Khasi Hills,Mawsynram,17.9,2026-04-13,00:00:00,99.0,2026-04-12,00:00:00,2026-04-13 00:35:23,18.850000000000023,Zone 3,33.5,Zone 4,19.0,Zone 3,28.5,Zone 4,24.3,Zone 3,33.3,Zone 4,28.8,Zone 4,39.7,Zone 5,33.5,Zone 4,53.2,Zone 5
Meghalaya,East Khasi Hills,Nehu,16.7,2026-04-13,00:15:00,77.0,2026-04-12,00:15:00,2026-04-13 00:35:23,16.350000000000023,Zone 3,30.5,Zone 4,16.1,Zone 3,26.2,Zone 4,22.6,Zone 3,30.4,Zone 4,26.3,Zone 4,34.3,Zone 4,30.5,Zone 4,38.2,Zone 4
Meghalaya,East Khasi Hills,Shillong,,,,86.0,2026-04-12,00:15:00,2026-04-13 00:35:23,,,,,,,,,,,,,,,,,,,,
Meghalaya,East Khasi Hills,Sohra(Cherrapunjee),19.7,2026-04-13,00:15:00,,,,2026-04-13 00:35:23,,,,,,,,,,,,,,,,,,,,
Meghalaya,East West Khasi Hills,Mairang,15.5,2026-04-13,00:00:00,81.0,2026-04-12,00:00:00,2026-04-13 00:35:23,15.050000000000011,Zone 3,29.6,Zone 4,15.0,Zone 3,25.4,Zone 4,21.9,Zone 3,29.5,Zone 4,25.4,Zone 4,33.5,Zone 4,29.6,Zone 4,37.3,Zone 4
Meghalaya,North Garo Hills,Resubelpara,20.1,2026-04-13,00:15:00,99.0,2026-04-12,00:15:00,2026-04-13 00:35:23,21.55000000000001,Zone 3,36.6,Zone 4,21.4,Zone 3,31.2,Zone 4,26.3,Zone 4,36.2,Zone 4,31.6,Zone 4,50.3,Zone 5,36.6,Zone 4,59.8,Zone 5
Meghalaya,Ri Bhoi,Byrnihat,20.7,2026-04-13,00:15:00,96.0,2026-04-12,00:15:00,2026-04-13 00:35:23,22.150000000000034,Zone 3,37.3,Zone 5,21.9,Zone 3,31.7,Zone 4,26.8,Zone 4,36.8,Zone 4,32.1,Zone 4,51.3,Zone 5,37.3,Zone 5,60.0,Zone 5
Meghalaya,Ri Bhoi,Umtrewdam,26.4,2026-04-13,00:00:00,6.0,2026-04-12,00:00:00,2026-04-13 00:35:23,24.25,Zone 3,35.1,Zone 4,24.4,Zone 3,31.9,Zone 4,28.5,Zone 4,35.2,Zone 4,31.9,Zone 4,38.2,Zone 4,35.1,Zone 4,41.2,Zone 4
Meghalaya,South Garo Hills,Baghmara,22.5,2026-04-13,00:15:00,99.0,2026-04-12,00:15:00,2026-04-13 00:35:23,24.25,Zone 3,51.8,Zone 5,24.2,Zone 3,35.3,Zone 4,30.0,Zone 4,50.2,Zone 5,35.9,Zone 4,60.2,Zone 5,51.8,Zone 5,62.9,Zone 5
Meghalaya,South West Garo Hills,Ampati,22.6,2026-04-13,00:15:00,99.0,2026-04-12,00:15:00,2026-04-13 00:35:23,24.350000000000023,Zone 3,51.8,Zone 5,24.2,Zone 3,35.3,Zone 4,30.0,Zone 4,50.2,Zone 5,35.9,Zone 4,60.2,Zone 5,51.8,Zone 5,62.9,Zone 5
Meghalaya,South West Khasi Hills,Mawkyrwat,15.9,2026-04-13,00:15:00,100.0,2026-04-12,00:15:00,2026-04-13 00:35:23,16.450000000000045,Zone 3,31.0,Zone 4,16.6,Zone 3,26.3,Zone 4,22.8,Zone 3,30.8,Zone 4,26.5,Zone 4,35.1,Zone 4,31.0,Zone 4,44.3,Zone 5
Meghalaya,West Garo Hills,Tura,24.2,2026-04-13,00:15:00,67.0,2026-04-12,00:15:00,2026-04-13 00:35:23,24.850000000000023,Zone 3,39.3,Zone 4,24.6,Zone 3,34.4,Zone 4,29.8,Zone 4,39.0,Zone 4,34.7,Zone 4,50.6,Zone 5,39.3,Zone 4,59.9,Zone 5
Meghalaya,West Khasi Hills,Nongstoin,17.1,2026-04-13,00:15:00,86.0,2026-04-12,00:15:00,2026-04-13 00:35:23,17.25,Zone 3,31.5,Zone 4,17.2,Zone 3,27.0,Zone 4,23.3,Zone 3,31.3,Zone 4,27.1,Zone 4,35.5,Zone 4,31.5,Zone 4,42.7,Zone 5
Mizoram,Aizawl,Mizoram University,23.2,2026-04-13,00:15:00,67.0,2026-04-12,00:15:00,2026-04-13 00:35:23,23.75,Zone 3,37.8,Zone 4,23.5,Zone 3,33.0,Zone 4,28.5,Zone 4,37.5,Zone 4,33.3,Zone 4,45.6,Zone 5,37.8,Zone 4,58.4,Zone 5
Mizoram,Champhai,Champhai Aws,15.8,2026-04-13,00:15:00,94.0,2026-04-12,00:15:00,2026-04-13 00:35:23,16.05000000000001,Zone 3,30.7,Zone 4,16.3,Zone 3,26.2,Zone 4,22.6,Zone 3,30.5,Zone 4,26.3,Zone 4,34.7,Zone 4,30.7,Zone 4,41.8,Zone 5
Mizoram,Hnathial,Hnathial,20.5,2026-04-13,00:15:00,98.0,2026-04-12,00:15:00,2026-04-13 00:35:23,21.950000000000045,Zone 3,38.4,Zone 5,22.0,Zone 3,31.9,Zone 4,26.9,Zone 4,37.3,Zone 5,32.3,Zone 4,52.5,Zone 5,38.4,Zone 5,60.3,Zone 5
Mizoram,Khawzawl,Khawzawl,18.1,2026-04-13,00:15:00,85.0,2026-04-12,00:15:00,2026-04-13 00:35:23,18.450000000000045,Zone 3,32.6,Zone 4,18.4,Zone 3,28.0,Zone 4,24.0,Zone 3,32.4,Zone 4,28.2,Zone 4,36.7,Zone 4,32.6,Zone 4,46.5,Zone 5
Mizoram,Kolasib,Kolasib,22.5,2026-04-13,00:15:00,80.0,2026-04-12,00:15:00,2026-04-13 00:35:23,23.450000000000045,Zone 3,38.6,Zone 4,23.5,Zone 3,33.4,Zone 4,28.7,Zone 4,38.3,Zone 4,33.8,Zone 4,52.0,Zone 5,38.6,Zone 4,60.2,Zone 5
Mizoram,Lawngtlai,Chawnhu,20.3,2026-04-13,00:15:00,65.0,2026-04-12,00:15:00,2026-04-13 00:35:23,20.150000000000034,Zone 3,34.3,Zone 4,20.4,Zone 3,29.9,Zone 4,25.6,Zone 4,34.1,Zone 4,30.1,Zone 4,38.2,Zone 4,34.3,Zone 4,46.9,Zone 5
Mizoram,Mamit,Lengpui Kvk,23.9,2026-04-13,00:15:00,80.0,2026-04-12,00:15:00,2026-04-13 00:35:23,25.05000000000001,Zone 3,46.5,Zone 5,25.1,Zone 3,35.8,Zone 4,30.9,Zone 4,45.0,Zone 5,36.2,Zone 4,59.1,Zone 5,46.5,Zone 5,61.9,Zone 5
Mizoram,Saiha,Saiha,18.4,2026-04-13,00:15:00,78.0,2026-04-12,00:15:00,2026-04-13 00:35:23,18.55000000000001,Zone 3,32.8,Zone 4,18.6,Zone 3,28.3,Zone 4,24.3,Zone 3,32.6,Zone 4,28.5,Zone 4,36.8,Zone 4,32.8,Zone 4,45.3,Zone 5
Nagaland,Kiphire,Kiphire Aws400,16.7,2026-04-13,00:15:00,88.0,2026-04-12,00:15:00,2026-04-13 00:35:23,16.850000000000023,Zone 3,31.0,Zone 4,16.6,Zone 3,26.5,Zone 4,22.9,Zone 3,30.8,Zone 4,26.7,Zone 4,35.0,Zone 4,31.0,Zone 4,41.5,Zone 5
Nagaland,Longleng,Sakshi,16.6,2026-04-13,00:15:00,100.0,2026-04-12,00:15:00,2026-04-13 00:35:23,17.350000000000023,Zone 3,31.6,Zone 4,17.2,Zone 3,26.9,Zone 4,23.2,Zone 3,31.4,Zone 4,27.0,Zone 4,35.7,Zone 4,31.6,Zone 4,46.6,Zone 5
Nagaland,Peren,Jalukie,19.1,2026-04-13,00:00:00,100.0,2026-04-12,00:00:00,2026-04-13 00:35:23,20.450000000000045,Zone 3,35.1,Zone 4,20.3,Zone 3,29.9,Zone 4,25.1,Zone 3,34.8,Zone 4,30.2,Zone 4,45.3,Zone 5,35.1,Zone 4,58.2,Zone 5
Nagaland,Tuensang,Thonoknyu,13.6,2026-04-13,00:15:00,100.0,2026-04-12,00:15:00,2026-04-13 00:35:23,13.550000000000011,Zone 2,28.1,Zone 4,13.5,Zone 2,24.4,Zone 3,20.7,Zone 3,28.1,Zone 4,24.5,Zone 3,32.1,Zone 4,28.1,Zone 4,36.0,Zone 4
Nagaland,Wokha,Wokha,17.0,2026-04-13,00:15:00,100.0,2026-04-12,00:15:00,2026-04-13 00:35:23,17.850000000000023,Zone 3,32.2,Zone 4,17.8,Zone 3,27.4,Zone 4,23.6,Zone 3,32.0,Zone 4,27.6,Zone 4,36.4,Zone 4,32.2,Zone 4,48.9,Zone 5
Odisha,Balangir,Bolangir,29.9,2026-04-13,00:15:00,100.0,2026-04-12,00:15:00,2026-04-13 00:35:23,59.85000000000002,Zone 5,70.2,Zone 5,60.2,Zone 5,67.7,Zone 5,65.2,Zone 5,69.9,Zone 5,68.2,Zone 5,71.4,Zone 5,70.2,Zone 5,74.3,Zone 6
Odisha,Balasore,Fm University,25.9,2026-04-13,00:15:00,99.0,2026-04-12,00:15:00,2026-04-13 00:35:23,29.75,Zone 4,63.0,Zone 5,30.0,Zone 4,58.7,Zone 5,40.9,Zone 5,62.6,Zone 5,59.5,Zone 5,65.2,Zone 5,63.0,Zone 5,67.2,Zone 5
Odisha,Cuttack,Cuttack Kvk,27.4,2026-04-13,00:15:00,,,,2026-04-13 00:35:23,,,,,,,,,,,,,,,,,,,,
Odisha,Ganjam,Benakuda Kvk,26.4,2026-04-13,00:15:00,82.0,2026-04-12,00:15:00,2026-04-13 00:35:23,28.950000000000045,Zone 4,60.2,Zone 5,29.1,Zone 4,45.5,Zone 5,35.6,Zone 4,59.8,Zone 5,47.8,Zone 5,62.9,Zone 5,60.2,Zone 5,65.1,Zone 5
Odisha,Jharsuguda,Jharsuguda,25.2,2026-04-13,00:15:00,56.0,2026-04-12,00:15:00,2026-04-13 00:35:23,25.450000000000045,Zone 4,39.2,Zone 4,25.2,Zone 3,34.6,Zone 4,30.3,Zone 4,39.0,Zone 4,34.9,Zone 4,47.0,Zone 5,39.2,Zone 4,59.1,Zone 5
Odisha,Kandhamal,Phulbani,24.8,2026-04-13,00:00:00,99.0,2026-04-12,00:00:00,2026-04-13 00:35:23,27.55000000000001,Zone 4,61.3,Zone 5,27.9,Zone 4,50.8,Zone 5,35.0,Zone 4,60.9,Zone 5,53.2,Zone 5,63.8,Zone 5,61.3,Zone 5,66.0,Zone 5
Odisha,Khurdha,Bhubaneshwar Airport,26.0,2026-04-13,00:15:00,91.0,2026-04-12,00:15:00,2026-04-13 00:35:23,29.150000000000034,Zone 4,61.3,Zone 5,29.1,Zone 4,51.0,Zone 5,36.0,Zone 4,60.9,Zone 5,53.4,Zone 5,63.8,Zone 5,61.3,Zone 5,66.0,Zone 5
Odisha,Mayurbhanj,Baripada,27.9,2026-04-13,00:15:00,81.0,2026-04-12,00:15:00,2026-04-13 00:35:23,31.75,Zone 4,62.4,Zone 5,32.0,Zone 4,56.1,Zone 5,38.9,Zone 4,62.0,Zone 5,58.2,Zone 5,64.7,Zone 5,62.4,Zone 5,66.8,Zone 5
Odisha,Nuapada,Nawapada,27.2,2026-04-13,00:00:00,29.0,2026-04-12,00:00:00,2026-04-13 00:35:23,26.350000000000023,Zone 4,38.1,Zone 4,26.1,Zone 4,34.2,Zone 4,30.4,Zone 4,37.9,Zone 4,34.3,Zone 4,41.5,Zone 4,38.1,Zone 4,46.9,Zone 5
Odisha,Puri,Janhukuda(Near Satapada),27.9,2026-04-13,00:15:00,100.0,2026-04-12,00:15:00,2026-04-13 00:35:23,36.05000000000001,Zone 5,66.7,Zone 5,37.1,Zone 5,63.4,Zone 5,59.8,Zone 5,66.3,Zone 5,63.9,Zone 5,68.4,Zone 5,66.7,Zone 5,70.0,Zone 5
Odisha,Puri,Puri Kvk,27.2,2026-04-13,00:15:00,53.0,2026-04-12,00:15:00,2026-04-13 00:35:23,27.75,Zone 4,41.7,Zone 4,27.5,Zone 4,36.9,Zone 4,32.6,Zone 4,41.4,Zone 4,37.3,Zone 4,53.9,Zone 5,41.7,Zone 4,60.6,Zone 5
Odisha,Rayagada,Gunupur Kvk,28.1,2026-04-13,00:15:00,100.0,2026-04-12,00:15:00,2026-04-13 00:35:23,38.25,Zone 5,66.7,Zone 5,37.1,Zone 5,63.4,Zone 5,59.8,Zone 5,66.3,Zone 5,63.9,Zone 5,68.4,Zone 5,66.7,Zone 5,70.0,Zone 5
Odisha,Sambalpur,Dhankauda,25.2,2026-04-13,00:15:00,46.0,2026-04-12,00:15:00,2026-04-13 00:35:23,25.05000000000001,Zone 3,37.9,Zone 4,24.8,Zone 3,33.6,Zone 4,29.5,Zone 4,37.7,Zone 4,33.9,Zone 4,41.6,Zone 4,37.9,Zone 4,52.9,Zone 5
Odisha,Sonepur,Sonepur,26.3,2026-04-13,00:15:00,58.0,2026-04-12,00:15:00,2026-04-13 00:35:23,26.950000000000045,Zone 4,41.9,Zone 4,27.2,Zone 4,36.9,Zone 4,32.4,Zone 4,41.5,Zone 4,37.3,Zone 4,55.7,Zone 5,41.9,Zone 4,61.0,Zone 5
Odisha,Subarnapur,Dungripalli,26.4,2026-04-13,00:15:00,,,,2026-04-13 00:35:23,,,,,,,,,,,,,,,,,,,,
Odisha,Sundergarh,Balishankar,23.1,2026-04-13,00:15:00,,,,2026-04-13 00:35:23,,,,,,,,,,,,,,,,,,,,
Odisha,Sundergarh,Sundergarh,24.5,2026-04-13,00:15:00,48.0,2026-04-12,00:15:00,2026-04-13 00:35:23,24.350000000000023,Zone 3,37.6,Zone 4,24.3,Zone 3,33.3,Zone 4,29.1,Zone 4,37.4,Zone 4,33.5,Zone 4,41.3,Zone 4,37.6,Zone 4,52.4,Zone 5
Puducherry,Karaikal,Karaikal,27.5,2026-04-13,00:00:00,99.0,2026-04-12,00:00:00,2026-04-13 00:35:23,33.950000000000045,Zone 4,65.6,Zone 5,33.9,Zone 4,62.1,Zone 5,56.1,Zone 5,65.2,Zone 5,62.6,Zone 5,67.5,Zone 5,65.6,Zone 5,69.1,Zone 5
Puducherry,Mahe,Mahe Jnv,27.7,2026-04-13,00:15:00,99.0,2026-04-12,00:15:00,2026-04-13 00:35:23,34.55000000000001,Zone 4,65.6,Zone 5,33.9,Zone 4,62.1,Zone 5,56.1,Zone 5,65.2,Zone 5,62.6,Zone 5,67.5,Zone 5,65.6,Zone 5,69.1,Zone 5
Puducherry,Puducherry,Puducherry,28.1,2026-04-13,00:15:00,87.0,2026-04-12,00:15:00,2026-04-13 00:35:23,33.25,Zone 4,63.8,Zone 5,33.0,Zone 4,59.9,Zone 5,45.3,Zone 5,63.4,Zone 5,60.4,Zone 5,65.9,Zone 5,63.8,Zone 5,67.8,Zone 5
Puducherry,Puducherry,Puducherry Kvk,27.6,2026-04-13,00:15:00,100.0,2026-04-12,00:15:00,2026-04-13 00:35:23,34.450000000000045,Zone 4,65.8,Zone 5,34.1,Zone 4,62.3,Zone 5,57.3,Zone 5,65.4,Zone 5,62.9,Zone 5,67.7,Zone 5,65.8,Zone 5,69.3,Zone 5
Punjab,Bathinda,Bhatinda Amfu,23.7,2026-04-13,00:00:00,,,,2026-04-13 00:35:23,,,,,,,,,,,,,,,,,,,,
Punjab,Faridkot,Faridkot Amfu,21.3,2026-04-12,23:45:00,70.0,2026-04-12,23:45:00,2026-04-13 00:35:23,21.650000000000034,Zone 3,36.0,Zone 4,21.9,Zone 3,31.3,Zone 4,26.9,Zone 4,35.8,Zone 4,31.6,Zone 4,40.5,Zone 5,36.0,Zone 4,54.0,Zone 5
Punjab,Fazilka,Fasc Abohar,21.6,2026-04-13,00:15:00,38.0,2026-04-12,00:15:00,2026-04-13 00:35:23,20.25,Zone 3,33.4,Zone 4,20.2,Zone 3,29.6,Zone 4,25.6,Zone 4,33.4,Zone 4,29.7,Zone 4,36.9,Zone 4,33.4,Zone 4,40.4,Zone 4
Punjab,Fazilka,Fazilka,21.4,2026-04-13,00:15:00,,,,2026-04-13 00:35:23,,,,,,,,,,,,,,,,,,,,
Punjab,Firozpur,Firozpur Kvk,17.9,2026-04-13,00:15:00,74.0,2026-04-12,00:15:00,2026-04-13 00:35:23,17.75,Zone 3,32.0,Zone 4,17.8,Zone 3,27.6,Zone 4,23.8,Zone 3,31.8,Zone 4,27.8,Zone 4,35.9,Zone 4,32.0,Zone 4,41.4,Zone 5
Punjab,Hoshiarpur,Hosiyarpur,15.5,2026-04-13,00:15:00,91.0,2026-04-12,00:15:00,2026-04-13 00:35:23,15.550000000000011,Zone 3,30.0,Zone 4,15.5,Zone 3,25.6,Zone 4,22.2,Zone 3,29.9,Zone 4,25.7,Zone 4,34.0,Zone 4,30.0,Zone 4,38.7,Zone 5
Punjab,Mohali,Mohali,22.9,2026-04-13,00:15:00,,,,2026-04-13 00:35:23,,,,,,,,,,,,,,,,,,,,
Punjab,Muktsar,Gidderbaha,23.1,2026-04-13,00:15:00,,,,2026-04-13 00:35:23,,,,,,,,,,,,,,,,,,,,
Punjab,Pathankot,Kvk Pathankot,15.8,2026-04-13,00:15:00,59.0,2026-04-12,00:15:00,2026-04-13 00:35:23,14.350000000000023,Zone 3,29.2,Zone 4,14.6,Zone 3,25.4,Zone 4,21.7,Zone 3,29.2,Zone 4,25.4,Zone 4,32.9,Zone 4,29.2,Zone 4,36.5,Zone 4
Punjab,Pathankot,Pathankot,17.3,2026-04-12,23:45:00,,,,2026-04-13 00:35:23,,,,,,,,,,,,,,,,,,,,
Punjab,Pathankot,Thein Dam,17.9,2026-04-13,00:15:00,82.0,2026-04-12,00:15:00,2026-04-13 00:35:23,18.05000000000001,Zone 3,32.4,Zone 4,18.2,Zone 3,27.9,Zone 4,24.0,Zone 3,32.3,Zone 4,28.1,Zone 4,36.4,Zone 4,32.4,Zone 4,45.1,Zone 5
Punjab,Rupnagar,Sri Anadpur Sahib Imdjindwadi,12.8,2026-04-13,00:15:00,100.0,2026-04-12,00:15:00,2026-04-13 00:35:23,12.850000000000023,Zone 2,27.6,Zone 4,13.0,Zone 2,24.1,Zone 3,20.3,Zone 3,27.6,Zone 4,24.2,Zone 3,31.6,Zone 4,27.6,Zone 4,35.4,Zone 4
Rajasthan,Ajmer,Ajmer,24.8,2026-04-13,00:00:00,34.0,2026-04-12,00:00:00,2026-04-13 00:35:23,23.950000000000045,Zone 3,36.6,Zone 4,24.2,Zone 3,32.7,Zone 4,28.8,Zone 4,36.5,Zone 4,32.8,Zone 4,40.1,Zone 4,36.6,Zone 4,44.1,Zone 5
Rajasthan,Ajmer,Central University Kishangarh,19.9,2026-04-13,00:15:00,42.0,2026-04-12,00:15:00,2026-04-13 00:35:23,18.450000000000045,Zone 3,32.2,Zone 4,18.6,Zone 3,28.4,Zone 4,24.5,Zone 3,32.2,Zone 4,28.4,Zone 4,35.8,Zone 4,32.2,Zone 4,39.2,Zone 4
Rajasthan,Barmer,Barmer,,,,32.0,2026-04-12,00:00:00,2026-04-13 00:35:23,,,,,,,,,,,,,,,,,,,,
Rajasthan,Bikaner,Bikaner Amfu,25.8,2026-04-13,00:15:00,35.0,2026-04-12,00:15:00,2026-04-13 00:35:23,25.150000000000034,Zone 3,37.7,Zone 4,25.4,Zone 4,33.8,Zone 4,29.8,Zone 4,37.6,Zone 4,33.9,Zone 4,41.3,Zone 4,37.7,Zone 4,48.3,Zone 5
Rajasthan,Bikaner,Chattargarh,23.3,2026-04-13,00:15:00,,,,2026-04-13 00:35:23,,,,,,,,,,,,,,,,,,,,
Rajasthan,Bikaner,Lunkarnsar,24.3,2026-04-13,00:15:00,35.0,2026-04-12,00:15:00,2026-04-13 00:35:23,23.350000000000023,Zone 3,36.2,Zone 4,23.6,Zone 3,32.2,Zone 4,28.3,Zone 4,36.0,Zone 4,32.4,Zone 4,39.7,Zone 4,36.2,Zone 4,43.1,Zone 4
Rajasthan,Chittaurgarh,Chittorgarh Kvk,23.0,2026-04-13,00:15:00,,,,2026-04-13 00:35:23,,,,,,,,,,,,,,,,,,,,
Rajasthan,Churu,Churu,23.8,2026-04-13,00:00:00,43.0,2026-04-12,00:00:00,2026-04-13 00:35:23,23.25,Zone 3,36.4,Zone 4,23.5,Zone 3,32.3,Zone 4,28.3,Zone 4,36.3,Zone 4,32.5,Zone 4,40.1,Zone 4,36.4,Zone 4,46.9,Zone 5
Rajasthan,Dausa,Khedali,20.4,2026-04-13,00:15:00,32.0,2026-04-12,00:15:00,2026-04-13 00:35:23,18.450000000000045,Zone 3,32.1,Zone 4,18.6,Zone 3,28.5,Zone 4,24.6,Zone 3,32.1,Zone 4,28.5,Zone 4,35.6,Zone 4,32.1,Zone 4,38.9,Zone 4
Rajasthan,Dungarpur,Dungarpur Kvk,30.8,2026-04-13,00:15:00,15.0,2026-04-12,00:15:00,2026-04-13 00:35:23,28.850000000000023,Zone 4,40.0,Zone 4,29.1,Zone 4,36.4,Zone 4,32.9,Zone 4,39.8,Zone 4,36.5,Zone 4,43.1,Zone 4,40.0,Zone 4,46.3,Zone 4
Rajasthan,Ganganagar,Ganganagar,38.8,2026-04-13,00:15:00,53.0,2026-04-12,00:15:00,2026-04-13 00:35:23,62.05000000000001,Zone 5,71.5,Zone 5,62.7,Zone 5,69.3,Zone 5,67.0,Zone 5,71.2,Zone 5,69.7,Zone 5,73.8,Zone 6,71.5,Zone 5,76.7,Zone 6
Rajasthan,Jaipur,Amity University,18.9,2026-04-13,00:15:00,63.0,2026-04-12,00:15:00,2026-04-13 00:35:23,18.350000000000023,Zone 3,32.4,Zone 4,18.5,Zone 3,28.2,Zone 4,24.3,Zone 3,32.3,Zone 4,28.4,Zone 4,36.2,Zone 4,32.4,Zone 4,40.0,Zone 5
Rajasthan,Jaisalmer,Jaisalmer,23.5,2026-04-13,00:00:00,29.0,2026-04-12,00:00:00,2026-04-13 00:35:23,22.05000000000001,Zone 3,34.6,Zone 4,22.1,Zone 3,30.9,Zone 4,27.1,Zone 4,34.6,Zone 4,31.0,Zone 4,38.0,Zone 4,34.6,Zone 4,41.4,Zone 4
Rajasthan,Jalore,Jalore Kvk,22.0,2026-04-13,00:15:00,34.0,2026-04-12,00:15:00,2026-04-13 00:35:23,20.55000000000001,Zone 3,33.6,Zone 4,20.5,Zone 3,29.9,Zone 4,26.0,Zone 4,33.6,Zone 4,29.9,Zone 4,37.1,Zone 4,33.6,Zone 4,40.5,Zone 4
Rajasthan,Jhunjhunu,Jhunjhunu(Aws),26.6,2026-04-13,00:15:00,24.0,2026-04-12,00:15:00,2026-04-13 00:35:23,25.55000000000001,Zone 4,37.0,Zone 4,25.4,Zone 4,33.3,Zone 4,29.6,Zone 4,36.9,Zone 4,33.4,Zone 4,40.3,Zone 4,37.0,Zone 4,43.6,Zone 4
Rajasthan,Jhunjhunu,Pilani,19.9,2026-04-13,00:15:00,24.0,2026-04-12,00:15:00,2026-04-13 00:35:23,17.350000000000023,Zone 3,31.3,Zone 4,17.4,Zone 3,27.8,Zone 4,24.0,Zone 3,31.3,Zone 4,27.7,Zone 4,34.6,Zone 4,31.3,Zone 4,37.8,Zone 4
Rajasthan,Jodhpur,Jodhpur,24.9,2026-04-13,00:15:00,43.0,2026-04-12,00:15:00,2026-04-13 00:35:23,24.55000000000001,Zone 3,37.6,Zone 4,24.7,Zone 3,33.4,Zone 4,29.3,Zone 4,37.4,Zone 4,33.6,Zone 4,41.2,Zone 4,37.6,Zone 4,50.7,Zone 5
Rajasthan,Karauli,Karauli Kvk,20.4,2026-04-13,00:15:00,,,,2026-04-13 00:35:23,,,,,,,,,,,,,,,,,,,,
Rajasthan,Nagaur,Krishi Vishwavidhyalaya,24.1,2026-04-13,00:15:00,44.0,2026-04-12,00:15:00,2026-04-13 00:35:23,23.650000000000034,Zone 3,36.5,Zone 4,23.5,Zone 3,32.4,Zone 4,28.3,Zone 4,36.4,Zone 4,32.6,Zone 4,40.2,Zone 4,36.5,Zone 4,47.6,Zone 5
Rajasthan,Pali,Pali,19.2,2026-04-13,00:15:00,47.0,2026-04-12,00:15:00,2026-04-13 00:35:23,17.850000000000023,Zone 3,31.6,Zone 4,17.6,Zone 3,27.7,Zone 4,23.8,Zone 3,31.5,Zone 4,27.7,Zone 4,35.2,Zone 4,31.6,Zone 4,38.7,Zone 4
Rajasthan,Pratapgarh,Pratapgarh,27.0,2026-04-13,00:15:00,25.0,2026-04-12,00:15:00,2026-04-13 00:35:23,25.950000000000045,Zone 4,37.6,Zone 4,25.9,Zone 4,33.8,Zone 4,30.1,Zone 4,37.5,Zone 4,33.9,Zone 4,40.9,Zone 4,37.6,Zone 4,44.3,Zone 4
Rajasthan,Sikar,Fatehpur Amfu,18.9,2026-04-13,00:15:00,63.0,2026-04-12,00:15:00,2026-04-13 00:35:23,18.350000000000023,Zone 3,32.4,Zone 4,18.5,Zone 3,28.2,Zone 4,24.3,Zone 3,32.3,Zone 4,28.4,Zone 4,36.2,Zone 4,32.4,Zone 4,40.0,Zone 5
Rajasthan,Sirohi,Mount Abu,19.3,2026-04-13,00:15:00,28.0,2026-04-12,00:15:00,2026-04-13 00:35:23,16.850000000000023,Zone 3,31.0,Zone 4,17.1,Zone 3,27.5,Zone 4,23.7,Zone 3,31.1,Zone 4,27.5,Zone 4,34.4,Zone 4,31.0,Zone 4,37.7,Zone 4
Rajasthan,Sirohi,Sirohi Kvk,20.8,2026-04-13,00:15:00,26.0,2026-04-12,00:15:00,2026-04-13 00:35:23,18.55000000000001,Zone 3,32.2,Zone 4,18.8,Zone 3,28.7,Zone 4,24.8,Zone 3,32.2,Zone 4,28.6,Zone 4,35.6,Zone 4,32.2,Zone 4,38.8,Zone 4
Sikkim,Gangtok,Gangtok,11.4,2026-04-13,00:00:00,100.0,2026-04-12,00:00:00,2026-04-13 00:35:23,11.450000000000045,Zone 2,26.2,Zone 4,11.5,Zone 2,23.2,Zone 3,18.9,Zone 3,26.2,Zone 4,23.2,Zone 3,30.0,Zone 4,26.2,Zone 4,33.8,Zone 4
Sikkim,Namchi,Namchi,13.2,2026-04-13,00:15:00,99.0,2026-04-12,00:15:00,2026-04-13 00:35:23,13.150000000000034,Zone 2,27.6,Zone 4,13.0,Zone 2,24.1,Zone 3,20.2,Zone 3,27.5,Zone 4,24.1,Zone 3,31.5,Zone 4,27.6,Zone 4,35.4,Zone 4
Sikkim,Soreng,Soreng,12.2,2026-04-13,00:15:00,100.0,2026-04-12,00:15:00,2026-04-13 00:35:23,12.150000000000034,Zone 2,26.6,Zone 4,12.0,Zone 2,23.5,Zone 3,19.4,Zone 3,26.6,Zone 4,23.6,Zone 3,30.5,Zone 4,26.6,Zone 4,34.3,Zone 4
Sikkim,Soreng,Soreng,12.2,2026-04-13,00:15:00,100.0,2026-04-12,00:15:00,2026-04-13 00:35:23,12.150000000000034,Zone 2,26.6,Zone 4,12.0,Zone 2,23.5,Zone 3,19.4,Zone 3,26.6,Zone 4,23.6,Zone 3,30.5,Zone 4,26.6,Zone 4,34.3,Zone 4
Sikkim,Soreng,Soreng,12.3,2026-04-13,00:15:00,100.0,2026-04-12,00:15:00,2026-04-13 00:35:23,12.350000000000023,Zone 2,27.1,Zone 4,12.5,Zone 2,23.8,Zone 3,19.8,Zone 3,27.1,Zone 4,23.9,Zone 3,31.0,Zone 4,27.1,Zone 4,34.9,Zone 4
Sikkim,Soreng,Soreng,12.3,2026-04-13,00:15:00,100.0,2026-04-12,00:15:00,2026-04-13 00:35:23,12.350000000000023,Zone 2,27.1,Zone 4,12.5,Zone 2,23.8,Zone 3,19.8,Zone 3,27.1,Zone 4,23.9,Zone 3,31.0,Zone 4,27.1,Zone 4,34.9,Zone 4
Tamil Nadu,Ariyalur,Ariyalur,26.3,2026-04-13,00:15:00,86.0,2026-04-12,00:15:00,2026-04-13 00:35:23,29.150000000000034,Zone 4,61.1,Zone 5,29.6,Zone 4,49.8,Zone 5,36.3,Zone 4,60.7,Zone 5,52.1,Zone 5,63.6,Zone 5,61.1,Zone 5,65.8,Zone 5
Tamil Nadu,Chengalpattu,Mahabalipuram,28.3,2026-04-13,00:15:00,84.0,2026-04-12,00:30:00,2026-04-13 00:35:23,33.150000000000034,Zone 4,63.9,Zone 5,33.7,Zone 4,60.0,Zone 5,46.1,Zone 5,63.5,Zone 5,60.6,Zone 5,66.0,Zone 5,63.9,Zone 5,67.9,Zone 5
Tamil Nadu,Chengalpattu,Vit Chennai,26.9,2026-04-13,00:15:00,90.0,2026-04-12,00:15:00,2026-04-13 00:35:23,30.850000000000023,Zone 4,62.8,Zone 5,31.1,Zone 4,57.8,Zone 5,39.7,Zone 5,62.4,Zone 5,59.2,Zone 5,65.1,Zone 5,62.8,Zone 5,67.1,Zone 5
Tamil Nadu,Chennai,Anna University,27.5,2026-04-13,00:00:00,91.0,2026-04-12,00:00:00,2026-04-13 00:35:23,32.450000000000045,Zone 4,63.9,Zone 5,32.4,Zone 4,59.9,Zone 5,45.7,Zone 5,63.5,Zone 5,60.5,Zone 5,66.0,Zone 5,63.9,Zone 5,67.8,Zone 5
Tamil Nadu,Chennai,Chennai,28.5,2026-04-13,00:15:00,97.0,2026-04-12,00:15:00,2026-04-13 00:35:23,38.450000000000045,Zone 5,66.9,Zone 5,38.4,Zone 5,63.6,Zone 5,60.2,Zone 5,66.5,Zone 5,64.2,Zone 5,68.6,Zone 5,66.9,Zone 5,70.1,Zone 5
Tamil Nadu,Chennai,Meenambakkam Isro,26.4,2026-04-13,00:15:00,87.0,2026-04-12,00:15:00,2026-04-13 00:35:23,29.450000000000045,Zone 4,61.3,Zone 5,29.7,Zone 4,50.9,Zone 5,36.5,Zone 4,60.9,Zone 5,53.2,Zone 5,63.8,Zone 5,61.3,Zone 5,66.0,Zone 5
Tamil Nadu,Chennai,Niot Pallikaranai,27.7,2026-04-13,00:15:00,84.0,2026-04-12,00:15:00,2026-04-13 00:35:23,31.75,Zone 4,62.3,Zone 5,31.4,Zone 4,55.5,Zone 5,38.3,Zone 4,61.9,Zone 5,57.7,Zone 5,64.6,Zone 5,62.3,Zone 5,66.7,Zone 5
Tamil Nadu,Coimbatore,Coimbatore Amfu,27.1,2026-04-13,00:15:00,71.0,2026-04-12,00:15:00,2026-04-13 00:35:23,29.150000000000034,Zone 4,57.1,Zone 5,29.0,Zone 4,39.8,Zone 4,34.9,Zone 4,55.6,Zone 5,40.4,Zone 4,61.4,Zone 5,57.1,Zone 5,63.9,Zone 5
Tamil Nadu,Coimbatore,Upasi Tea Research Foundation,19.4,2026-04-13,00:15:00,41.0,2026-04-12,00:15:00,2026-04-13 00:35:23,17.75,Zone 3,31.7,Zone 4,17.9,Zone 3,27.9,Zone 4,24.1,Zone 3,31.7,Zone 4,28.0,Zone 4,35.2,Zone 4,31.7,Zone 4,38.7,Zone 4
Tamil Nadu,Cuddalore,Neyveli,25.6,2026-04-13,00:15:00,99.0,2026-04-12,00:15:00,2026-04-13 00:35:23,29.150000000000034,Zone 4,62.2,Zone 5,28.9,Zone 4,54.9,Zone 5,36.7,Zone 5,61.7,Zone 5,57.1,Zone 5,64.5,Zone 5,62.2,Zone 5,66.6,Zone 5
Tamil Nadu,Cuddalore,Vridha Chalam,27.2,2026-04-13,00:15:00,82.0,2026-04-12,00:15:00,2026-04-13 00:35:23,30.450000000000045,Zone 4,61.0,Zone 5,30.1,Zone 4,49.4,Zone 5,36.7,Zone 4,60.6,Zone 5,51.8,Zone 5,63.5,Zone 5,61.0,Zone 5,65.7,Zone 5
Tamil Nadu,Dharmapuri,Palacode,27.2,2026-04-13,00:15:00,54.0,2026-04-12,00:15:00,2026-04-13 00:35:23,27.850000000000023,Zone 4,41.9,Zone 4,27.6,Zone 4,37.1,Zone 4,32.7,Zone 4,41.6,Zone 4,37.4,Zone 4,54.8,Zone 5,41.9,Zone 4,60.8,Zone 5
Tamil Nadu,Dindigul,Natham Isro,22.3,2026-04-13,00:15:00,,,,2026-04-13 00:35:23,,,,,,,,,,,,,,,,,,,,
Tamil Nadu,Dindigul,Palani,26.3,2026-04-13,00:15:00,71.0,2026-04-12,00:15:00,2026-04-13 00:35:23,27.850000000000023,Zone 4,54.2,Zone 5,28.2,Zone 4,38.9,Zone 4,34.0,Zone 4,52.6,Zone 5,39.4,Zone 4,60.7,Zone 5,54.2,Zone 5,63.3,Zone 5
Tamil Nadu,Dindigul,Vedasandur,29.6,2026-04-13,00:15:00,45.0,2026-04-12,00:15:00,2026-04-13 00:35:23,30.25,Zone 4,44.4,Zone 5,30.1,Zone 4,39.3,Zone 4,35.0,Zone 4,43.7,Zone 4,39.6,Zone 4,57.9,Zone 5,44.4,Zone 5,61.5,Zone 5
Tamil Nadu,Erode,Erode Isro,29.9,2026-04-13,00:00:00,48.0,2026-04-12,00:00:00,2026-04-13 00:35:23,30.950000000000045,Zone 4,50.6,Zone 5,31.1,Zone 4,40.6,Zone 4,36.2,Zone 4,49.1,Zone 5,41.0,Zone 4,60.0,Zone 5,50.6,Zone 5,62.7,Zone 5
Tamil Nadu,Kallakurichi,Kallakurichi,34.2,2026-04-12,23:45:00,72.0,2026-04-12,23:45:00,2026-04-13 00:35:23,60.05000000000001,Zone 5,69.8,Zone 5,59.4,Zone 5,67.2,Zone 5,64.5,Zone 5,69.5,Zone 5,67.7,Zone 5,71.1,Zone 5,69.8,Zone 5,73.5,Zone 6
Tamil Nadu,Kallakurichi,Kallakurichi(Taluk Office),26.5,2026-04-13,00:15:00,84.0,2026-04-12,00:30:00,2026-04-13 00:35:23,29.350000000000023,Zone 4,60.6,Zone 5,29.3,Zone 4,47.6,Zone 5,36.0,Zone 4,60.2,Zone 5,50.0,Zone 5,63.2,Zone 5,60.6,Zone 5,65.5,Zone 5
Tamil Nadu,Kanchipuram,Chembarambakkam,27.1,2026-04-13,00:15:00,90.0,2026-04-12,00:15:00,2026-04-13 00:35:23,31.350000000000023,Zone 4,62.8,Zone 5,31.1,Zone 4,57.8,Zone 5,39.7,Zone 5,62.4,Zone 5,59.2,Zone 5,65.1,Zone 5,62.8,Zone 5,67.1,Zone 5
Tamil Nadu,Kanchipuram,Hindustan University,27.8,2026-04-13,00:15:00,90.0,2026-04-12,00:15:00,2026-04-13 00:35:23,33.05000000000001,Zone 4,64.5,Zone 5,33.5,Zone 4,60.7,Zone 5,49.4,Zone 5,64.1,Zone 5,61.3,Zone 5,66.5,Zone 5,64.5,Zone 5,68.3,Zone 5
Tamil Nadu,Kanchipuram,Lmois  Kolapakkam,28.7,2026-04-13,00:00:00,81.0,2026-04-12,00:00:00,2026-04-13 00:35:23,33.55000000000001,Zone 4,63.2,Zone 5,33.1,Zone 4,59.2,Zone 5,42.0,Zone 5,62.8,Zone 5,59.7,Zone 5,65.4,Zone 5,63.2,Zone 5,67.4,Zone 5
Tamil Nadu,Kanchipuram,Sathyabama  University,27.8,2026-04-13,00:15:00,93.0,2026-04-12,00:15:00,2026-04-13 00:35:23,33.55000000000001,Zone 4,65.1,Zone 5,34.1,Zone 4,61.5,Zone 5,53.5,Zone 5,64.8,Zone 5,62.1,Zone 5,67.1,Zone 5,65.1,Zone 5,68.8,Zone 5
Tamil Nadu,Kanyakumari,Nagercoil,22.8,2026-04-13,00:15:00,70.0,2026-04-12,00:15:00,2026-04-13 00:35:23,23.350000000000023,Zone 3,38.2,Zone 4,23.6,Zone 3,33.3,Zone 4,28.7,Zone 4,37.9,Zone 4,33.6,Zone 4,47.7,Zone 5,38.2,Zone 4,59.3,Zone 5
Tamil Nadu,Kanyakumari,Neyyoor,26.5,2026-04-13,00:15:00,93.0,2026-04-12,00:15:00,2026-04-13 00:35:23,30.350000000000023,Zone 4,62.6,Zone 5,30.4,Zone 4,57.0,Zone 5,38.8,Zone 5,62.2,Zone 5,59.0,Zone 5,64.9,Zone 5,62.6,Zone 5,66.9,Zone 5
Tamil Nadu,Kanyakumari,Thirupathisaram Amfu,26.1,2026-04-13,00:15:00,97.0,2026-04-12,00:15:00,2026-04-13 00:35:23,29.950000000000045,Zone 4,62.6,Zone 5,29.8,Zone 4,57.0,Zone 5,38.8,Zone 5,62.2,Zone 5,59.0,Zone 5,64.9,Zone 5,62.6,Zone 5,66.9,Zone 5
Tamil Nadu,Karur,Kadavur(Taluk Office),28.4,2026-04-13,00:15:00,56.0,2026-04-12,00:15:00,2026-04-13 00:35:23,29.650000000000034,Zone 4,51.1,Zone 5,29.8,Zone 4,39.7,Zone 4,35.2,Zone 4,49.6,Zone 5,40.2,Zone 4,60.1,Zone 5,51.1,Zone 5,62.7,Zone 5
Tamil Nadu,Krishnagiri,Denkanikottai,24.3,2026-04-13,00:15:00,56.0,2026-04-12,00:15:00,2026-04-13 00:35:23,24.450000000000045,Zone 3,38.5,Zone 4,24.7,Zone 3,34.0,Zone 4,29.6,Zone 4,38.3,Zone 4,34.2,Zone 4,44.6,Zone 5,38.5,Zone 4,57.6,Zone 5
Tamil Nadu,Krishnagiri,Hosur,23.7,2026-04-13,00:15:00,72.0,2026-04-12,00:15:00,2026-04-13 00:35:23,24.450000000000045,Zone 3,39.2,Zone 4,24.3,Zone 3,34.1,Zone 4,29.5,Zone 4,38.9,Zone 4,34.5,Zone 4,51.7,Zone 5,39.2,Zone 4,60.1,Zone 5
Tamil Nadu,Madurai,Madurai Isro,25.9,2026-04-13,00:00:00,,,,2026-04-13 00:35:23,,,,,,,,,,,,,,,,,,,,
Tamil Nadu,Mayiladuthurai,Mayiladuthurai,26.4,2026-04-13,00:15:00,,,,2026-04-13 00:35:23,,,,,,,,,,,,,,,,,,,,
Tamil Nadu,Nagapattinam,Mo Nagapattinam Campus,,,,89.0,2026-04-12,23:30:00,2026-04-13 00:35:23,,,,,,,,,,,,,,,,,,,,
Tamil Nadu,Nctpl Marg Ecr,New Chennai Township Private L,27.5,2026-04-13,00:15:00,92.0,2026-04-12,00:30:00,2026-04-13 00:35:23,32.55000000000001,Zone 4,64.1,Zone 5,32.6,Zone 4,60.2,Zone 5,47.0,Zone 5,63.7,Zone 5,60.8,Zone 5,66.2,Zone 5,64.1,Zone 5,68.0,Zone 5
Tamil Nadu,Perambalur,Perambalur,24.3,2026-04-13,00:15:00,73.0,2026-04-12,00:15:00,2026-04-13 00:35:23,25.150000000000034,Zone 3,43.7,Zone 5,25.4,Zone 4,35.7,Zone 4,31.0,Zone 4,42.3,Zone 5,36.2,Zone 4,57.3,Zone 5,43.7,Zone 5,61.4,Zone 5
Tamil Nadu,Pudukkottai,Vamban Kvk,22.7,2026-04-13,00:15:00,99.0,2026-04-12,00:15:00,2026-04-13 00:35:23,24.450000000000045,Zone 3,51.8,Zone 5,24.2,Zone 3,35.3,Zone 4,30.0,Zone 4,50.2,Zone 5,35.9,Zone 4,60.2,Zone 5,51.8,Zone 5,62.9,Zone 5
Tamil Nadu,Ramanathapuram,Ramnadu Kvk,26.4,2026-04-13,00:15:00,,,,2026-04-13 00:35:23,,,,,,,,,,,,,,,,,,,,
Tamil Nadu,Ranipet,Kalavai,26.3,2026-04-13,00:00:00,,,,2026-04-13 00:35:23,,,,,,,,,,,,,,,,,,,,
Tamil Nadu,Ranipet,Ranipet,25.7,2026-04-13,00:15:00,100.0,2026-04-12,00:30:00,2026-04-13 00:35:23,29.450000000000045,Zone 4,62.4,Zone 5,29.0,Zone 4,55.9,Zone 5,37.6,Zone 5,62.0,Zone 5,58.0,Zone 5,64.7,Zone 5,62.4,Zone 5,66.7,Zone 5
Tamil Nadu,Salem,Govt Hss Mettur,30.8,2026-04-13,00:15:00,50.0,2026-04-12,00:15:00,2026-04-13 00:35:23,32.55000000000001,Zone 4,58.2,Zone 5,32.9,Zone 4,42.8,Zone 4,38.2,Zone 4,56.8,Zone 5,43.3,Zone 4,61.7,Zone 5,58.2,Zone 5,64.1,Zone 5
Tamil Nadu,Salem,Sandhiyur Kvk,28.4,2026-04-13,00:15:00,30.0,2026-04-12,00:15:00,2026-04-13 00:35:23,27.650000000000034,Zone 4,39.8,Zone 4,27.7,Zone 4,35.8,Zone 4,32.0,Zone 4,39.7,Zone 4,36.0,Zone 4,43.3,Zone 4,39.8,Zone 4,52.9,Zone 5
Tamil Nadu,Sivaganga,Sethu Bhaskar Agri College Kar,24.5,2026-04-13,00:15:00,95.0,2026-04-12,00:15:00,2026-04-13 00:35:23,26.650000000000034,Zone 4,59.7,Zone 5,26.7,Zone 4,43.0,Zone 5,33.4,Zone 4,59.3,Zone 5,45.2,Zone 5,62.4,Zone 5,59.7,Zone 5,64.7,Zone 5
Tamil Nadu,Tenkasi,Tenkasi,28.1,2026-04-12,23:45:00,81.0,2026-04-12,23:45:00,2026-04-13 00:35:23,32.25,Zone 4,62.4,Zone 5,32.0,Zone 4,56.1,Zone 5,38.9,Zone 4,62.0,Zone 5,58.2,Zone 5,64.7,Zone 5,62.4,Zone 5,66.8,Zone 5
Tamil Nadu,Thanjavur,Adiramapattinam,25.8,2026-04-13,00:15:00,100.0,2026-04-12,00:15:00,2026-04-13 00:35:23,29.650000000000034,Zone 4,63.2,Zone 5,30.1,Zone 4,59.2,Zone 5,42.0,Zone 5,62.8,Zone 5,59.8,Zone 5,65.4,Zone 5,63.2,Zone 5,67.4,Zone 5
Tamil Nadu,The Nilgiris,Coonoor,16.6,2026-04-13,00:00:00,73.0,2026-04-12,00:00:00,2026-04-13 00:35:23,16.05000000000001,Zone 3,30.3,Zone 4,15.9,Zone 3,26.1,Zone 4,22.5,Zone 3,30.2,Zone 4,26.2,Zone 4,34.1,Zone 4,30.3,Zone 4,37.9,Zone 4
Tamil Nadu,Thiruninravur,Jaya Engineering Clg,27.6,2026-04-13,00:15:00,71.0,2026-04-12,00:30:00,2026-04-13 00:35:23,29.950000000000045,Zone 4,59.2,Zone 5,29.8,Zone 4,41.1,Zone 5,35.8,Zone 4,58.4,Zone 5,43.2,Zone 5,62.0,Zone 5,59.2,Zone 5,64.4,Zone 5
Tamil Nadu,Thoothukudi,Sattankulam,27.1,2026-04-13,00:15:00,89.0,2026-04-12,00:15:00,2026-04-13 00:35:23,31.150000000000034,Zone 4,62.6,Zone 5,31.0,Zone 4,56.8,Zone 5,38.6,Zone 5,62.2,Zone 5,58.9,Zone 5,64.9,Zone 5,62.6,Zone 5,66.9,Zone 5
Tamil Nadu,Thoothukudi,Thiruchendur,28.4,2026-04-12,23:45:00,,,,2026-04-13 00:35:23,,,,,,,,,,,,,,,,,,,,
Tamil Nadu,Thoothukudi,Tuticorin Airport,26.7,2026-04-13,00:15:00,90.0,2026-04-12,00:15:00,2026-04-13 00:35:23,30.450000000000045,Zone 4,62.0,Zone 5,30.0,Zone 4,54.0,Zone 5,37.1,Zone 4,61.6,Zone 5,56.2,Zone 5,64.3,Zone 5,62.0,Zone 5,66.4,Zone 5
Tamil Nadu,Thoothukudi,Tuticorin Railway Station,28.1,2026-04-13,00:15:00,78.0,2026-04-12,00:15:00,2026-04-13 00:35:23,31.75,Zone 4,61.7,Zone 5,31.6,Zone 4,52.7,Zone 5,38.2,Zone 4,61.3,Zone 5,55.0,Zone 5,64.1,Zone 5,61.7,Zone 5,66.2,Zone 5
Tamil Nadu,Tiruchirappalli,Thuvakudi Isro,25.4,2026-04-13,00:15:00,81.0,2026-04-12,00:15:00,2026-04-13 00:35:23,27.150000000000034,Zone 4,56.8,Zone 5,27.4,Zone 4,38.6,Zone 4,33.5,Zone 4,55.3,Zone 5,39.5,Zone 5,61.3,Zone 5,56.8,Zone 5,63.8,Zone 5
Tamil Nadu,Tirunelveli,Manimuthar Dam,27.9,2026-04-13,00:15:00,46.0,2026-04-12,00:15:00,2026-04-13 00:35:23,28.150000000000034,Zone 4,41.9,Zone 4,28.3,Zone 4,37.3,Zone 4,33.1,Zone 4,41.6,Zone 4,37.7,Zone 4,52.3,Zone 5,41.9,Zone 4,60.3,Zone 5
Tamil Nadu,Tirunelveli,Radhapuram,28.0,2026-04-13,00:15:00,87.0,2026-04-12,00:15:00,2026-04-13 00:35:23,32.950000000000045,Zone 4,63.8,Zone 5,33.0,Zone 4,59.9,Zone 5,45.3,Zone 5,63.4,Zone 5,60.4,Zone 5,65.9,Zone 5,63.8,Zone 5,67.8,Zone 5
Tamil Nadu,Tirunelveli,Tirunelveli,26.1,2026-04-13,00:15:00,86.0,2026-04-12,00:15:00,2026-04-13 00:35:23,28.75,Zone 4,60.3,Zone 5,28.6,Zone 4,45.8,Zone 5,35.2,Zone 4,59.9,Zone 5,48.1,Zone 5,62.9,Zone 5,60.3,Zone 5,65.2,Zone 5
Tamil Nadu,Tirupattur,Tirupattur Collectoroffice,28.0,2026-04-13,00:15:00,,,,2026-04-13 00:35:23,,,,,,,,,,,,,,,,,,,,
Tamil Nadu,Tiruppur,Tiruppur Collector Office,28.1,2026-04-13,00:15:00,77.0,2026-04-12,00:15:00,2026-04-13 00:35:23,31.650000000000034,Zone 4,61.5,Zone 5,31.4,Zone 4,51.6,Zone 5,38.0,Zone 4,61.0,Zone 5,53.9,Zone 5,63.9,Zone 5,61.5,Zone 5,66.1,Zone 5
Tamil Nadu,Tiruvallur,Good Will School Villivakkam,27.8,2026-04-13,00:15:00,84.0,2026-04-12,00:15:00,2026-04-13 00:35:23,32.05000000000001,Zone 4,63.1,Zone 5,32.5,Zone 4,59.0,Zone 5,41.4,Zone 5,62.7,Zone 5,59.6,Zone 5,65.3,Zone 5,63.1,Zone 5,67.3,Zone 5
Tamil Nadu,Tiruvallur,Poonamallee,27.1,2026-04-13,00:15:00,86.0,2026-04-12,00:15:00,2026-04-13 00:35:23,30.75,Zone 4,61.9,Zone 5,30.6,Zone 4,53.8,Zone 5,37.5,Zone 4,61.5,Zone 5,56.0,Zone 5,64.3,Zone 5,61.9,Zone 5,66.4,Zone 5
Tamil Nadu,Tiruvallur,R.K.Pet,27.0,2026-04-13,00:15:00,86.0,2026-04-12,00:15:00,2026-04-13 00:35:23,30.55000000000001,Zone 4,61.9,Zone 5,30.6,Zone 4,53.8,Zone 5,37.5,Zone 4,61.5,Zone 5,56.0,Zone 5,64.3,Zone 5,61.9,Zone 5,66.4,Zone 5
Tamil Nadu,Tiruvallur,Tirur Kvk,26.8,2026-04-13,00:15:00,,,,2026-04-13 00:35:23,,,,,,,,,,,,,,,,,,,,
Tamil Nadu,Tiruvannamalai,Cheyyar,26.8,2026-04-13,00:00:00,91.0,2026-04-12,00:00:00,2026-04-13 00:35:23,30.75,Zone 4,63.0,Zone 5,31.2,Zone 4,58.7,Zone 5,40.9,Zone 5,62.6,Zone 5,59.5,Zone 5,65.2,Zone 5,63.0,Zone 5,67.2,Zone 5
Tamil Nadu,Tiruvannamalai,Tiruvannamalai Isro,26.7,2026-04-13,00:00:00,74.0,2026-04-12,00:00:00,2026-04-13 00:35:23,28.75,Zone 4,56.8,Zone 5,28.4,Zone 4,39.4,Zone 4,34.4,Zone 4,55.3,Zone 5,40.0,Zone 4,61.3,Zone 5,56.8,Zone 5,63.8,Zone 5
Tamil Nadu,Vellore,Virinjipuram Kvk,27.4,2026-04-13,00:15:00,32.0,2026-04-12,00:15:00,2026-04-13 00:35:23,26.650000000000034,Zone 4,39.0,Zone 4,26.8,Zone 4,35.0,Zone 4,31.2,Zone 4,38.8,Zone 4,35.2,Zone 4,42.5,Zone 4,39.0,Zone 4,51.2,Zone 5
Tamil Nadu,Virudhunagar,Aruppukottai Kvk,25.9,2026-04-13,00:15:00,70.0,2026-04-12,00:15:00,2026-04-13 00:35:23,27.150000000000034,Zone 4,50.2,Zone 5,27.3,Zone 4,37.8,Zone 4,33.0,Zone 4,48.6,Zone 5,38.3,Zone 4,59.9,Zone 5,50.2,Zone 5,62.6,Zone 5
Telangana,Hanumakonda,Hanumakonda,27.2,2026-04-13,00:15:00,72.0,2026-04-12,00:15:00,2026-04-13 00:35:23,29.350000000000023,Zone 4,57.9,Zone 5,29.0,Zone 4,40.0,Zone 4,35.0,Zone 4,56.5,Zone 5,40.9,Zone 5,61.6,Zone 5,57.9,Zone 5,64.0,Zone 5
Telangana,Hyderabad,Golkonda,31.0,2026-04-13,00:00:00,62.0,2026-04-12,00:00:00,2026-04-13 00:35:23,35.05000000000001,Zone 4,62.2,Zone 5,35.0,Zone 4,55.4,Zone 5,41.2,Zone 4,61.8,Zone 5,57.5,Zone 5,64.6,Zone 5,62.2,Zone 5,66.7,Zone 5
Telangana,Hyderabad,Hyderabad,29.8,2026-04-13,00:15:00,56.0,2026-04-12,00:15:00,2026-04-13 00:35:23,31.850000000000023,Zone 4,59.1,Zone 5,32.1,Zone 4,42.4,Zone 4,37.7,Zone 4,57.9,Zone 5,42.9,Zone 4,61.9,Zone 5,59.1,Zone 5,64.3,Zone 5
Telangana,Karimnagar,Karimnagar,28.7,2026-04-13,00:15:00,72.0,2026-04-12,00:15:00,2026-04-13 00:35:23,32.05000000000001,Zone 4,61.0,Zone 5,31.7,Zone 4,49.5,Zone 5,38.0,Zone 4,60.6,Zone 5,51.8,Zone 5,63.6,Zone 5,61.0,Zone 5,65.8,Zone 5
Telangana,Khammam,Khammam,27.3,2026-04-13,00:15:00,82.0,2026-04-12,00:15:00,2026-04-13 00:35:23,30.650000000000034,Zone 4,61.8,Zone 5,31.1,Zone 4,53.3,Zone 5,37.9,Zone 4,61.4,Zone 5,55.6,Zone 5,64.2,Zone 5,61.8,Zone 5,66.3,Zone 5
Telangana,Khammam,Wyra Kvk,25.8,2026-04-13,00:00:00,53.0,2026-04-12,00:00:00,2026-04-13 00:35:23,26.05000000000001,Zone 4,40.2,Zone 4,26.3,Zone 4,35.6,Zone 4,31.3,Zone 4,39.9,Zone 4,35.9,Zone 4,49.2,Zone 5,40.2,Zone 4,59.6,Zone 5
Telangana,Kumuram Bheem Asifabad ,Asifabad,29.4,2026-04-13,00:15:00,51.0,2026-04-12,00:15:00,2026-04-13 00:35:23,30.55000000000001,Zone 4,51.3,Zone 5,30.7,Zone 4,40.4,Zone 4,36.0,Zone 4,49.8,Zone 5,40.8,Zone 4,60.1,Zone 5,51.3,Zone 5,62.8,Zone 5
Telangana,Mahbubnagar,Mahbubnagar,30.3,2026-04-13,00:15:00,49.0,2026-04-12,00:15:00,2026-04-13 00:35:23,31.650000000000034,Zone 4,54.5,Zone 5,32.0,Zone 4,41.6,Zone 4,37.2,Zone 4,53.0,Zone 5,42.1,Zone 4,60.8,Zone 5,54.5,Zone 5,63.4,Zone 5
Telangana,Medak,Ars Basanthpur,27.5,2026-04-13,00:00:00,45.0,2026-04-12,00:00:00,2026-04-13 00:35:23,27.55000000000001,Zone 4,41.0,Zone 4,27.6,Zone 4,36.6,Zone 4,32.4,Zone 4,40.8,Zone 4,36.8,Zone 4,49.1,Zone 5,41.0,Zone 4,59.6,Zone 5
Telangana,Medak,Ars Narsapur,27.3,2026-04-13,00:15:00,61.0,2026-04-12,00:15:00,2026-04-13 00:35:23,28.55000000000001,Zone 4,50.5,Zone 5,28.8,Zone 4,38.9,Zone 4,34.3,Zone 4,48.9,Zone 5,39.4,Zone 4,60.0,Zone 5,50.5,Zone 5,62.6,Zone 5
Telangana,Medak,Medak,28.0,2026-04-13,00:15:00,64.0,2026-04-12,00:15:00,2026-04-13 00:35:23,29.850000000000023,Zone 4,56.4,Zone 5,29.9,Zone 4,40.4,Zone 4,35.6,Zone 4,54.9,Zone 5,40.9,Zone 4,61.2,Zone 5,56.4,Zone 5,63.7,Zone 5
Telangana,Nalgonda,Devarakonda,30.9,2026-04-13,00:00:00,56.0,2026-04-12,00:00:00,2026-04-13 00:35:23,33.650000000000034,Zone 4,60.5,Zone 5,33.9,Zone 4,47.2,Zone 5,39.6,Zone 4,60.1,Zone 5,49.4,Zone 5,63.1,Zone 5,60.5,Zone 5,65.4,Zone 5
Telangana,Nirmal ,Bhainsa Arg,29.1,2026-04-13,00:15:00,60.0,2026-04-12,00:15:00,2026-04-13 00:35:23,31.150000000000034,Zone 4,58.0,Zone 5,31.0,Zone 4,41.4,Zone 4,36.7,Zone 4,56.6,Zone 5,42.0,Zone 4,61.6,Zone 5,58.0,Zone 5,64.1,Zone 5
Telangana,Peddapalli,Ars Peddapally,28.7,2026-04-12,23:45:00,,,,2026-04-13 00:35:23,,,,,,,,,,,,,,,,,,,,
Telangana,Peddapalli,Kunaram,30.5,2026-04-13,00:15:00,30.0,2026-04-12,00:15:00,2026-04-13 00:35:23,29.850000000000023,Zone 4,42.2,Zone 4,29.8,Zone 4,38.0,Zone 4,34.2,Zone 4,41.9,Zone 4,38.3,Zone 4,46.8,Zone 5,42.2,Zone 4,59.1,Zone 5
Telangana,Rajanna Sircilla,Sircilla,28.2,2026-04-13,00:15:00,63.0,2026-04-12,00:15:00,2026-04-13 00:35:23,30.05000000000001,Zone 4,55.4,Zone 5,29.8,Zone 4,40.2,Zone 4,35.4,Zone 4,53.9,Zone 5,40.7,Zone 4,61.0,Zone 5,55.4,Zone 5,63.5,Zone 5
Telangana,Ranga Reddy,Cbit Gandipet,29.8,2026-04-13,00:15:00,52.0,2026-04-12,00:15:00,2026-04-13 00:35:23,31.350000000000023,Zone 4,55.2,Zone 5,31.6,Zone 4,41.5,Zone 4,36.9,Zone 4,53.7,Zone 5,41.9,Zone 4,61.0,Zone 5,55.2,Zone 5,63.5,Zone 5
Telangana,Ranga Reddy,Dullapally,17.3,2026-04-13,00:00:00,68.0,2026-04-12,00:00:00,2026-04-13 00:35:23,16.650000000000034,Zone 3,31.1,Zone 4,16.9,Zone 3,26.9,Zone 4,23.2,Zone 3,31.0,Zone 4,27.0,Zone 4,34.9,Zone 4,31.1,Zone 4,38.7,Zone 4
Telangana,Ranga Reddy,Esci Gachibowli,27.3,2026-04-13,00:00:00,59.0,2026-04-12,00:00:00,2026-04-13 00:35:23,28.350000000000023,Zone 4,48.4,Zone 5,28.7,Zone 4,38.6,Zone 4,34.0,Zone 4,46.9,Zone 5,39.0,Zone 4,59.5,Zone 5,48.4,Zone 5,62.3,Zone 5
Telangana,Ranga Reddy,Ghatkesar,26.7,2026-04-13,00:00:00,67.0,2026-04-12,00:00:00,2026-04-13 00:35:23,28.150000000000034,Zone 4,50.4,Zone 5,27.8,Zone 4,38.2,Zone 4,33.5,Zone 4,48.8,Zone 5,38.7,Zone 4,59.9,Zone 5,50.4,Zone 5,62.6,Zone 5
Telangana,Ranga Reddy,Hayathnagar,28.4,2026-04-13,00:15:00,57.0,2026-04-12,00:15:00,2026-04-13 00:35:23,29.75,Zone 4,52.2,Zone 5,29.9,Zone 4,39.9,Zone 4,35.3,Zone 4,50.6,Zone 5,40.4,Zone 4,60.3,Zone 5,52.2,Zone 5,62.9,Zone 5
Telangana,Ranga Reddy,Ibrahimpatam,27.3,2026-04-13,00:15:00,65.0,2026-04-12,00:15:00,2026-04-13 00:35:23,28.850000000000023,Zone 4,54.5,Zone 5,29.2,Zone 4,39.6,Zone 4,34.9,Zone 4,52.9,Zone 5,40.2,Zone 4,60.8,Zone 5,54.5,Zone 5,63.4,Zone 5
Telangana,Sangareddy,Kandi,29.8,2026-04-13,00:15:00,53.0,2026-04-12,00:30:00,2026-04-13 00:35:23,31.450000000000045,Zone 4,56.3,Zone 5,31.7,Zone 4,41.7,Zone 4,37.1,Zone 4,54.8,Zone 5,42.2,Zone 4,61.2,Zone 5,56.3,Zone 5,63.7,Zone 5
Telangana,Siddipet,Kaveri Siddipet,26.8,2026-04-13,00:00:00,68.0,2026-04-12,00:00:00,2026-04-13 00:35:23,28.350000000000023,Zone 4,54.4,Zone 5,28.7,Zone 4,39.3,Zone 4,34.4,Zone 4,52.8,Zone 5,39.8,Zone 4,60.8,Zone 5,54.4,Zone 5,63.3,Zone 5
Telangana,Suryapet,Suryapet Arg,27.8,2026-04-13,00:15:00,66.0,2026-04-12,00:15:00,2026-04-13 00:35:23,29.75,Zone 4,58.2,Zone 5,30.1,Zone 4,40.8,Zone 4,35.9,Zone 4,56.8,Zone 5,41.3,Zone 4,61.6,Zone 5,58.2,Zone 5,64.1,Zone 5
Telangana,Wanaparthy,Horticultural University Mojer,29.9,2026-04-13,00:15:00,51.0,2026-04-12,00:15:00,2026-04-13 00:35:23,31.350000000000023,Zone 4,54.1,Zone 5,31.5,Zone 4,41.2,Zone 4,36.8,Zone 4,52.6,Zone 5,41.7,Zone 4,60.7,Zone 5,54.1,Zone 5,63.3,Zone 5
Tripura,Dhalai,Dholai Kvk,25.5,2026-04-13,00:15:00,92.0,2026-04-12,00:15:00,2026-04-13 00:35:23,28.25,Zone 4,60.7,Zone 5,28.2,Zone 4,48.0,Zone 5,35.1,Zone 4,60.3,Zone 5,50.3,Zone 5,63.3,Zone 5,60.7,Zone 5,65.5,Zone 5
Tripura,Dhalai,Gandachara,25.9,2026-04-13,00:15:00,96.0,2026-04-12,00:15:00,2026-04-13 00:35:23,29.450000000000045,Zone 4,62.4,Zone 5,29.6,Zone 4,56.0,Zone 5,37.8,Zone 5,62.0,Zone 5,58.2,Zone 5,64.7,Zone 5,62.4,Zone 5,66.8,Zone 5
Tripura,Khowai,Khowai,27.2,2026-04-13,00:15:00,,,,2026-04-13 00:35:23,,,,,,,,,,,,,,,,,,,,
Tripura,North Tripura,Ashapara,25.3,2026-04-13,00:15:00,100.0,2026-04-12,00:15:00,2026-04-13 00:35:23,28.55000000000001,Zone 4,62.4,Zone 5,29.0,Zone 4,55.9,Zone 5,37.6,Zone 5,62.0,Zone 5,58.0,Zone 5,64.7,Zone 5,62.4,Zone 5,66.7,Zone 5
Tripura,North Tripura,Kamalpur,24.4,2026-04-13,00:00:00,,,,2026-04-13 00:35:23,,,,,,,,,,,,,,,,,,,,
Tripura,Sipahijala,Cti,26.3,2026-04-13,00:15:00,100.0,2026-04-12,00:15:00,2026-04-13 00:35:23,30.850000000000023,Zone 4,64.1,Zone 5,31.3,Zone 4,60.2,Zone 5,47.0,Zone 5,63.7,Zone 5,60.8,Zone 5,66.2,Zone 5,64.1,Zone 5,68.0,Zone 5
Tripura,Sipahijala,Sipahijala,25.8,2026-04-13,00:15:00,100.0,2026-04-12,00:15:00,2026-04-13 00:35:23,29.650000000000034,Zone 4,63.2,Zone 5,30.1,Zone 4,59.2,Zone 5,42.0,Zone 5,62.8,Zone 5,59.8,Zone 5,65.4,Zone 5,63.2,Zone 5,67.4,Zone 5
Tripura,South Tripura,Gokulpur,27.2,2026-04-13,00:15:00,,,,2026-04-13 00:35:23,,,,,,,,,,,,,,,,,,,,
Tripura,South Tripura,Sabroom,25.3,2026-04-13,00:15:00,16.0,2026-04-12,00:15:00,2026-04-13 00:35:23,23.450000000000045,Zone 3,35.3,Zone 4,23.7,Zone 3,31.8,Zone 4,28.2,Zone 4,35.2,Zone 4,31.8,Zone 4,38.5,Zone 4,35.3,Zone 4,41.6,Zone 4
Tripura,Unakoti,Kailashahar,25.9,2026-04-13,00:15:00,92.0,2026-04-12,00:15:00,2026-04-13 00:35:23,29.05000000000001,Zone 4,61.6,Zone 5,29.2,Zone 4,52.0,Zone 5,36.2,Zone 4,61.1,Zone 5,54.4,Zone 5,64.0,Zone 5,61.6,Zone 5,66.1,Zone 5
Tripura,West Tripura,A D Nagar Amfu,26.5,2026-04-13,00:15:00,97.0,2026-04-12,00:15:00,2026-04-13 00:35:23,30.850000000000023,Zone 4,63.5,Zone 5,30.9,Zone 4,59.5,Zone 5,43.3,Zone 5,63.0,Zone 5,60.0,Zone 5,65.6,Zone 5,63.5,Zone 5,67.5,Zone 5
Tripura,West Tripura,Dm Office West Agartala,26.7,2026-04-13,00:15:00,,,,2026-04-13 00:35:23,,,,,,,,,,,,,,,,,,,,
Tripura,West Tripura,Hrc Nagicherra,25.3,2026-04-13,00:15:00,,,,2026-04-13 00:35:23,,,,,,,,,,,,,,,,,,,,
Tripura,West Tripura,Khumluwang,25.1,2026-04-13,00:15:00,,,,2026-04-13 00:35:23,,,,,,,,,,,,,,,,,,,,
Tripura,West Tripura,Met Agartala,26.3,2026-04-13,00:15:00,,,,2026-04-13 00:35:23,,,,,,,,,,,,,,,,,,,,
Tripura,West Tripura,Secretariat,26.4,2026-04-13,00:15:00,,,,2026-04-13 00:35:23,,,,,,,,,,,,,,,,,,,,
Uttarakhand,Almora,Chaubatia Ranikhet,11.1,2026-04-13,00:15:00,73.0,2026-04-12,00:15:00,2026-04-13 00:35:23,10.25,Zone 2,25.2,Zone 3,10.1,Zone 2,22.6,Zone 3,17.8,Zone 3,25.3,Zone 3,22.5,Zone 3,28.9,Zone 4,25.2,Zone 3,32.4,Zone 4
Uttarakhand,Almora,Matela Kvk,10.7,2026-04-13,00:15:00,100.0,2026-04-12,00:15:00,2026-04-13 00:35:23,10.75,Zone 2,25.3,Zone 3,10.5,Zone 2,22.6,Zone 3,18.1,Zone 3,25.3,Zone 3,22.6,Zone 3,29.1,Zone 4,25.3,Zone 3,32.8,Zone 4
Uttarakhand,Bageshwar,Kapkote,,,,97.0,2026-04-12,00:15:00,2026-04-13 00:35:23,,,,,,,,,,,,,,,,,,,,
Uttarakhand,Chamoli,Tharali,,,,11.0,2026-04-12,00:15:00,2026-04-13 00:35:23,,,,,,,,,,,,,,,,,,,,
Uttarakhand,Champawat,Champawat,13.1,2026-04-13,00:15:00,,,,2026-04-13 00:35:23,,,,,,,,,,,,,,,,,,,,
Uttarakhand,Dehradun,Dehradun,,,,57.0,2026-04-12,00:15:00,2026-04-13 00:35:23,,,,,,,,,,,,,,,,,,,,
Uttarakhand,Dehradun,Hatibharkala,18.2,2026-04-13,00:15:00,64.0,2026-04-12,00:15:00,2026-04-13 00:35:23,17.55000000000001,Zone 3,31.4,Zone 4,17.3,Zone 3,27.3,Zone 4,23.5,Zone 3,31.4,Zone 4,27.4,Zone 4,35.2,Zone 4,31.4,Zone 4,38.9,Zone 4
Uttarakhand,Dehradun,Jollygrant,19.5,2026-04-13,00:15:00,63.0,2026-04-12,00:15:00,2026-04-13 00:35:23,19.150000000000034,Zone 3,33.0,Zone 4,19.1,Zone 3,28.8,Zone 4,24.7,Zone 3,32.9,Zone 4,28.9,Zone 4,36.8,Zone 4,33.0,Zone 4,41.9,Zone 5
Uttarakhand,Dehradun,Maldevta,19.7,2026-04-13,00:15:00,54.0,2026-04-12,00:15:00,2026-04-13 00:35:23,18.850000000000023,Zone 3,32.4,Zone 4,18.6,Zone 3,28.4,Zone 4,24.4,Zone 3,32.4,Zone 4,28.5,Zone 4,36.1,Zone 4,32.4,Zone 4,39.8,Zone 4
Uttarakhand,Dehradun,Massouri,14.5,2026-04-13,00:15:00,73.0,2026-04-12,00:15:00,2026-04-13 00:35:23,13.550000000000011,Zone 2,28.3,Zone 4,13.5,Zone 2,24.7,Zone 3,20.9,Zone 3,28.3,Zone 4,24.7,Zone 3,32.1,Zone 4,28.3,Zone 4,35.7,Zone 4
Uttarakhand,Dehradun,Mohakampur,18.0,2026-04-13,00:15:00,73.0,2026-04-12,00:15:00,2026-04-13 00:35:23,17.75,Zone 3,31.9,Zone 4,17.8,Zone 3,27.6,Zone 4,23.7,Zone 3,31.8,Zone 4,27.7,Zone 4,35.8,Zone 4,31.9,Zone 4,40.9,Zone 5
Uttarakhand,Dehradun,Rishikesh,,,,74.0,2026-04-12,00:15:00,2026-04-13 00:35:23,,,,,,,,,,,,,,,,,,,,
Uttarakhand,Haridwar,Roorkee Amfu,19.9,2026-04-13,00:00:00,80.0,2026-04-12,00:00:00,2026-04-13 00:35:23,20.450000000000045,Zone 3,34.9,Zone 4,20.6,Zone 3,30.1,Zone 4,25.5,Zone 4,34.6,Zone 4,30.3,Zone 4,39.5,Zone 5,34.9,Zone 4,53.0,Zone 5
Uttarakhand,Nainital,Mukteshwar,19.5,2026-04-13,00:15:00,,,,2026-04-13 00:35:23,,,,,,,,,,,,,,,,,,,,
Uttarakhand,Nainital,Nainital(Jeolikot) Kvk,14.7,2026-04-13,00:15:00,66.0,2026-04-12,00:15:00,2026-04-13 00:35:23,13.450000000000045,Zone 2,28.1,Zone 4,13.3,Zone 2,24.6,Zone 3,20.7,Zone 3,28.1,Zone 4,24.6,Zone 3,31.8,Zone 4,28.1,Zone 4,35.4,Zone 4
Uttarakhand,Nainital,Th Kosiyakutoli,15.7,2026-04-13,00:15:00,86.0,2026-04-12,00:15:00,2026-04-13 00:35:23,15.550000000000011,Zone 3,29.8,Zone 4,15.3,Zone 3,25.5,Zone 4,22.0,Zone 3,29.7,Zone 4,25.6,Zone 4,33.7,Zone 4,29.8,Zone 4,37.6,Zone 4
Uttarakhand,Pauri Garhwal,Bharsar,9.0,2026-04-13,00:15:00,80.0,2026-04-12,00:15:00,2026-04-13 00:35:23,8.450000000000045,Zone 2,24.4,Zone 3,8.4,Zone 2,21.5,Zone 3,16.2,Zone 3,24.4,Zone 3,21.4,Zone 3,27.4,Zone 4,24.4,Zone 3,30.8,Zone 4
Uttarakhand,Pauri Garhwal,Srinagar Arg,,,,82.0,2026-04-12,00:15:00,2026-04-13 00:35:23,,,,,,,,,,,,,,,,,,,,
Uttarakhand,Rudraprayag,Rudra Prayag,19.3,2026-04-13,00:15:00,68.0,2026-04-12,00:15:00,2026-04-13 00:35:23,19.150000000000034,Zone 3,33.3,Zone 4,19.4,Zone 3,29.0,Zone 4,24.8,Zone 3,33.2,Zone 4,29.1,Zone 4,37.2,Zone 4,33.3,Zone 4,44.4,Zone 5
Uttarakhand,Tehri Garhwal,Devprayag,18.5,2026-04-13,00:15:00,75.0,2026-04-12,00:15:00,2026-04-13 00:35:23,18.450000000000045,Zone 3,32.6,Zone 4,18.5,Zone 3,28.2,Zone 4,24.2,Zone 3,32.5,Zone 4,28.3,Zone 4,36.5,Zone 4,32.6,Zone 4,43.8,Zone 5
Uttarakhand,Tehri Garhwal,Rani Chawri,,,,76.0,2026-04-12,00:00:00,2026-04-13 00:35:23,,,,,,,,,,,,,,,,,,,,
Uttarakhand,Udham Singh Nagar,Kashipur Aws400,20.5,2026-04-13,00:15:00,62.0,2026-04-12,00:15:00,2026-04-13 00:35:23,20.25,Zone 3,34.1,Zone 4,20.3,Zone 3,29.8,Zone 4,25.5,Zone 4,33.9,Zone 4,29.9,Zone 4,37.9,Zone 4,34.1,Zone 4,45.2,Zone 5
Uttarakhand,Uttarkashi,Purola,14.3,2026-04-13,00:00:00,,,,2026-04-13 00:35:23,,,,,,,,,,,,,,,,,,,,
Uttar Pradesh,Agra,Hydrogen Factory Bindukatra,24.0,2026-04-13,00:15:00,52.0,2026-04-12,00:15:00,2026-04-13 00:35:23,23.950000000000045,Zone 3,37.4,Zone 4,23.9,Zone 3,33.0,Zone 4,28.8,Zone 4,37.2,Zone 4,33.2,Zone 4,41.2,Zone 4,37.4,Zone 4,53.2,Zone 5
Uttar Pradesh,Aligarh,Quarsi Farms Quarsi,27.0,2026-04-13,00:15:00,53.0,2026-04-12,00:15:00,2026-04-13 00:35:23,27.55000000000001,Zone 4,41.7,Zone 4,27.5,Zone 4,36.9,Zone 4,32.6,Zone 4,41.4,Zone 4,37.3,Zone 4,53.9,Zone 5,41.7,Zone 4,60.6,Zone 5
Uttar Pradesh,Ambedkar Nagar,Collectorate Office Akbarpur,24.5,2026-04-13,00:15:00,45.0,2026-04-12,00:15:00,2026-04-13 00:35:23,24.150000000000034,Zone 3,37.2,Zone 4,24.2,Zone 3,33.0,Zone 4,28.9,Zone 4,37.0,Zone 4,33.2,Zone 4,40.9,Zone 4,37.2,Zone 4,50.3,Zone 5
Uttar Pradesh,Amethi,Tala Gram 400Aws,26.0,2026-04-13,00:15:00,19.0,2026-04-12,00:15:00,2026-04-13 00:35:23,24.55000000000001,Zone 3,36.0,Zone 4,24.6,Zone 3,32.5,Zone 4,28.8,Zone 4,35.9,Zone 4,32.5,Zone 4,39.3,Zone 4,36.0,Zone 4,42.5,Zone 4
Uttar Pradesh,Amroha,Amroha 400Aws,21.9,2026-04-13,00:15:00,49.0,2026-04-12,00:15:00,2026-04-13 00:35:23,21.25,Zone 3,34.8,Zone 4,21.4,Zone 3,30.6,Zone 4,26.5,Zone 4,34.6,Zone 4,30.8,Zone 4,38.4,Zone 4,34.8,Zone 4,43.4,Zone 5
Uttar Pradesh,Ayodhya,Ayodhya 400Aws,26.3,2026-04-13,00:15:00,46.0,2026-04-12,00:15:00,2026-04-13 00:35:23,26.25,Zone 4,39.8,Zone 4,26.5,Zone 4,35.4,Zone 4,31.3,Zone 4,39.6,Zone 4,35.7,Zone 4,45.5,Zone 5,39.8,Zone 4,58.3,Zone 5
Uttar Pradesh,Ayodhya,Krishi Vigyan Kendra Kumarganj,,,,46.0,2026-04-12,00:00:00,2026-04-13 00:35:23,,,,,,,,,,,,,,,,,,,,
Uttar Pradesh,Azamgarh,Lalganj Tehsil Office,24.5,2026-04-13,00:15:00,,,,2026-04-13 00:35:23,,,,,,,,,,,,,,,,,,,,
Uttar Pradesh,Bahraich,Bharaich Amfu,,,,58.0,2026-04-12,00:00:00,2026-04-13 00:35:23,,,,,,,,,,,,,,,,,,,,
Uttar Pradesh,Ballia,Ballia  400Aws,22.9,2026-04-13,00:15:00,43.0,2026-04-12,00:15:00,2026-04-13 00:35:23,22.150000000000034,Zone 3,35.3,Zone 4,22.3,Zone 3,31.3,Zone 4,27.3,Zone 4,35.2,Zone 4,31.4,Zone 4,38.9,Zone 4,35.3,Zone 4,43.3,Zone 5
Uttar Pradesh,Balrampur,Bcml Tulsipur Sugar Mill,23.0,2026-04-13,00:15:00,,,,2026-04-13 00:35:23,,,,,,,,,,,,,,,,,,,,
Uttar Pradesh,Banda,Banda 400Aws,23.8,2026-04-13,00:15:00,45.0,2026-04-12,00:15:00,2026-04-13 00:35:23,23.350000000000023,Zone 3,36.6,Zone 4,23.6,Zone 3,32.5,Zone 4,28.4,Zone 4,36.5,Zone 4,32.6,Zone 4,40.3,Zone 4,36.6,Zone 4,48.3,Zone 5
Uttar Pradesh,Barabanki,Barabanki 400Aws,25.3,2026-04-13,00:15:00,40.0,2026-04-12,00:15:00,2026-04-13 00:35:23,24.850000000000023,Zone 3,37.8,Zone 4,25.1,Zone 3,33.7,Zone 4,29.7,Zone 4,37.6,Zone 4,33.8,Zone 4,41.4,Zone 4,37.8,Zone 4,50.3,Zone 5
Uttar Pradesh,Bareilly,Bareilly Bilwa 400Aws,22.8,2026-04-13,00:15:00,37.0,2026-04-12,00:15:00,2026-04-13 00:35:23,21.650000000000034,Zone 3,34.8,Zone 4,21.9,Zone 3,30.9,Zone 4,27.0,Zone 4,34.7,Zone 4,31.0,Zone 4,38.3,Zone 4,34.8,Zone 4,41.8,Zone 4
Uttar Pradesh,Bijnor,Prithvipur 400Aws,19.9,2026-04-13,00:15:00,32.0,2026-04-12,00:15:00,2026-04-13 00:35:23,17.850000000000023,Zone 3,31.7,Zone 4,17.9,Zone 3,28.0,Zone 4,24.2,Zone 3,31.7,Zone 4,28.0,Zone 4,35.1,Zone 4,31.7,Zone 4,38.4,Zone 4
Uttar Pradesh,Bulandshahar,Bulandshahar Kvk,21.9,2026-04-13,00:15:00,30.0,2026-04-12,00:15:00,2026-04-13 00:35:23,20.150000000000034,Zone 3,33.3,Zone 4,20.3,Zone 3,29.7,Zone 4,25.8,Zone 4,33.3,Zone 4,29.7,Zone 4,36.8,Zone 4,33.3,Zone 4,40.1,Zone 4
Uttar Pradesh,Etawah,Bbrau Agriculture College,25.6,2026-04-13,00:15:00,34.0,2026-04-12,00:15:00,2026-04-13 00:35:23,24.950000000000045,Zone 3,37.1,Zone 4,24.8,Zone 3,33.2,Zone 4,29.3,Zone 4,37.0,Zone 4,33.3,Zone 4,40.6,Zone 4,37.1,Zone 4,45.8,Zone 5
Uttar Pradesh,Fatehpur,Fatehpur Kvk,25.7,2026-04-13,00:15:00,,,,2026-04-13 00:35:23,,,,,,,,,,,,,,,,,,,,
Uttar Pradesh,Firozabad,Firozabad 400Aws,25.1,2026-04-13,00:15:00,30.0,2026-04-12,00:15:00,2026-04-13 00:35:23,24.05000000000001,Zone 3,36.2,Zone 4,24.0,Zone 3,32.4,Zone 4,28.5,Zone 4,36.1,Zone 4,32.5,Zone 4,39.6,Zone 4,36.2,Zone 4,43.0,Zone 4
Uttar Pradesh,Gautam Buddha Nagar,Kvk Chholas 400Aws,20.8,2026-04-13,00:15:00,,,,2026-04-13 00:35:23,,,,,,,,,,,,,,,,,,,,
Uttar Pradesh,Gautam Buddha Nagar,Ncmrwf,25.8,2026-04-13,00:15:00,25.0,2026-04-12,00:15:00,2026-04-13 00:35:23,24.650000000000034,Zone 3,36.6,Zone 4,24.9,Zone 3,32.9,Zone 4,29.2,Zone 4,36.5,Zone 4,33.0,Zone 4,40.0,Zone 4,36.6,Zone 4,43.3,Zone 4
Uttar Pradesh,Ghaziabad,Kv2 Airforce Hindon,19.9,2026-04-13,00:15:00,48.0,2026-04-12,00:15:00,2026-04-13 00:35:23,18.75,Zone 3,32.6,Zone 4,18.9,Zone 3,28.6,Zone 4,24.7,Zone 3,32.5,Zone 4,28.7,Zone 4,36.2,Zone 4,32.6,Zone 4,39.8,Zone 4
Uttar Pradesh,Ghaziabad,Kv Kamala Nehru Nagar,24.9,2026-04-13,00:00:00,33.0,2026-04-12,00:00:00,2026-04-13 00:35:23,24.05000000000001,Zone 3,36.5,Zone 4,24.1,Zone 3,32.6,Zone 4,28.7,Zone 4,36.4,Zone 4,32.7,Zone 4,39.9,Zone 4,36.5,Zone 4,43.4,Zone 4
Uttar Pradesh,Hamirpur,Hamirpur 400Aws,23.2,2026-04-13,00:15:00,41.0,2026-04-12,00:15:00,2026-04-13 00:35:23,22.450000000000045,Zone 3,35.1,Zone 4,22.2,Zone 3,31.2,Zone 4,27.2,Zone 4,35.0,Zone 4,31.3,Zone 4,38.7,Zone 4,35.1,Zone 4,42.3,Zone 4
Uttar Pradesh,Hapur,Hapur 400Aws,19.4,2026-04-13,00:15:00,56.0,2026-04-12,00:15:00,2026-04-13 00:35:23,18.650000000000034,Zone 3,32.6,Zone 4,18.7,Zone 3,28.5,Zone 4,24.5,Zone 3,32.5,Zone 4,28.6,Zone 4,36.3,Zone 4,32.6,Zone 4,39.9,Zone 4
Uttar Pradesh,Hardoi,Hardoi 400Aws,20.8,2026-04-13,00:15:00,,,,2026-04-13 00:35:23,,,,,,,,,,,,,,,,,,,,
Uttar Pradesh,Jalaun,Jalaun 400Aws,24.0,2026-04-13,00:15:00,38.0,2026-04-12,00:15:00,2026-04-13 00:35:23,23.150000000000034,Zone 3,35.9,Zone 4,23.2,Zone 3,32.0,Zone 4,28.0,Zone 4,35.8,Zone 4,32.1,Zone 4,39.5,Zone 4,35.9,Zone 4,43.5,Zone 5
Uttar Pradesh,Jaunpur,Jaunpur Kvk,23.9,2026-04-13,00:15:00,53.0,2026-04-12,00:15:00,2026-04-13 00:35:23,23.850000000000023,Zone 3,37.5,Zone 4,24.0,Zone 3,33.1,Zone 4,28.9,Zone 4,37.3,Zone 4,33.3,Zone 4,41.3,Zone 4,37.5,Zone 4,53.8,Zone 5
Uttar Pradesh,Kashganj,Kashganj 400Aws,21.4,2026-04-13,00:15:00,51.0,2026-04-12,00:15:00,2026-04-13 00:35:23,20.75,Zone 3,34.4,Zone 4,20.9,Zone 3,30.2,Zone 4,26.1,Zone 4,34.2,Zone 4,30.4,Zone 4,38.1,Zone 4,34.4,Zone 4,42.8,Zone 5
Uttar Pradesh,Kushinagar,Kushinagar Kvk,20.5,2026-04-13,00:15:00,100.0,2026-04-12,00:15:00,2026-04-13 00:35:23,22.05000000000001,Zone 3,39.6,Zone 5,22.0,Zone 3,32.0,Zone 4,27.0,Zone 4,38.4,Zone 5,32.4,Zone 4,53.6,Zone 5,39.6,Zone 5,60.6,Zone 5
Uttar Pradesh,Lucknow,Integral University,27.3,2026-04-13,00:00:00,,,,2026-04-13 00:35:23,,,,,,,,,,,,,,,,,,,,
Uttar Pradesh,Lucknow,Meteorological Centre Amausi,26.6,2026-04-13,00:15:00,43.0,2026-04-12,00:15:00,2026-04-13 00:35:23,26.450000000000045,Zone 4,39.4,Zone 4,26.3,Zone 4,35.1,Zone 4,31.0,Zone 4,39.2,Zone 4,35.3,Zone 4,43.1,Zone 4,39.4,Zone 4,56.3,Zone 5
Uttar Pradesh,Mainpuri,Mainpuri Kvk,24.5,2026-04-13,00:15:00,35.0,2026-04-12,00:15:00,2026-04-13 00:35:23,23.650000000000034,Zone 3,36.2,Zone 4,23.6,Zone 3,32.2,Zone 4,28.3,Zone 4,36.0,Zone 4,32.4,Zone 4,39.7,Zone 4,36.2,Zone 4,43.1,Zone 4
Uttar Pradesh,Mathura,Collectorate Office,25.6,2026-04-13,00:15:00,56.0,2026-04-12,00:15:00,2026-04-13 00:35:23,25.950000000000045,Zone 4,40.0,Zone 4,25.8,Zone 4,35.3,Zone 4,30.9,Zone 4,39.7,Zone 4,35.6,Zone 4,49.3,Zone 5,40.0,Zone 4,59.6,Zone 5
Uttar Pradesh,Mathura,Mathura 400Aws,19.6,2026-04-13,00:15:00,58.0,2026-04-12,00:15:00,2026-04-13 00:35:23,18.950000000000045,Zone 3,32.7,Zone 4,18.8,Zone 3,28.6,Zone 4,24.5,Zone 3,32.6,Zone 4,28.7,Zone 4,36.4,Zone 4,32.7,Zone 4,40.1,Zone 4
Uttar Pradesh,Mirzapur,Dagmapur 400Aws,25.1,2026-04-13,00:15:00,41.0,2026-04-12,00:15:00,2026-04-13 00:35:23,24.650000000000034,Zone 3,37.3,Zone 4,24.6,Zone 3,33.2,Zone 4,29.2,Zone 4,37.2,Zone 4,33.4,Zone 4,41.0,Zone 4,37.3,Zone 4,49.2,Zone 5
Uttar Pradesh,Muzaffarnagar,Sohanjani Tajan 400Aws,18.7,2026-04-13,00:15:00,57.0,2026-04-12,00:15:00,2026-04-13 00:35:23,17.850000000000023,Zone 3,31.6,Zone 4,17.6,Zone 3,27.6,Zone 4,23.7,Zone 3,31.5,Zone 4,27.6,Zone 4,35.3,Zone 4,31.6,Zone 4,38.9,Zone 4
Uttar Pradesh,Pratapgarh,Pratapgarh 400Aws,26.8,2026-04-13,00:15:00,34.0,2026-04-12,00:15:00,2026-04-13 00:35:23,26.150000000000034,Zone 4,38.7,Zone 4,26.4,Zone 4,34.7,Zone 4,30.8,Zone 4,38.6,Zone 4,34.9,Zone 4,42.3,Zone 4,38.7,Zone 4,51.1,Zone 5
Uttar Pradesh,Raebareli,Airport Fursatganj,25.4,2026-04-13,00:15:00,47.0,2026-04-12,00:15:00,2026-04-13 00:35:23,25.25,Zone 4,38.7,Zone 4,25.4,Zone 4,34.3,Zone 4,30.2,Zone 4,38.5,Zone 4,34.6,Zone 4,42.4,Zone 4,38.7,Zone 4,55.5,Zone 5
Uttar Pradesh,Saharanpur,Saharanpur 400Aws,21.9,2026-04-13,00:15:00,49.0,2026-04-12,00:15:00,2026-04-13 00:35:23,21.25,Zone 3,34.8,Zone 4,21.4,Zone 3,30.6,Zone 4,26.5,Zone 4,34.6,Zone 4,30.8,Zone 4,38.4,Zone 4,34.8,Zone 4,43.4,Zone 5
Uttar Pradesh,Sambhal,Sambhal Paltha 400Aws,21.7,2026-04-13,00:15:00,,,,2026-04-13 00:35:23,,,,,,,,,,,,,,,,,,,,
Uttar Pradesh,Shahjahanpur,Shahjahanpur 400Aws,25.4,2026-04-13,00:15:00,,,,2026-04-13 00:35:23,,,,,,,,,,,,,,,,,,,,
Uttar Pradesh,Sitapur,Ramkot 400Aws,20.4,2026-04-13,00:15:00,,,,2026-04-13 00:35:23,,,,,,,,,,,,,,,,,,,,
Uttar Pradesh,Sultanpur,Krishi Vigyan Kendra Barasin,,,,62.0,2026-04-12,00:15:00,2026-04-13 00:35:23,,,,,,,,,,,,,,,,,,,,
West Bengal,Alipurduar,Jayanti,22.8,2026-04-13,00:15:00,75.0,2026-04-12,00:15:00,2026-04-13 00:35:23,23.650000000000034,Zone 3,38.8,Zone 4,23.8,Zone 3,33.7,Zone 4,29.0,Zone 4,38.5,Zone 4,34.0,Zone 4,51.2,Zone 5,38.8,Zone 4,60.0,Zone 5
West Bengal,Asansol,Imd Mo Assansol,27.5,2026-04-13,00:15:00,,,,2026-04-13 00:35:23,,,,,,,,,,,,,,,,,,,,
West Bengal,Cooch Behar,Dinhata Aws400,22.4,2026-04-13,00:15:00,100.0,2026-04-12,00:15:00,2026-04-13 00:35:23,24.150000000000034,Zone 3,52.5,Zone 5,24.3,Zone 3,35.4,Zone 4,30.1,Zone 4,50.9,Zone 5,36.0,Zone 4,60.4,Zone 5,52.5,Zone 5,63.0,Zone 5
West Bengal,Cooch Behar,Pundibari Amfu,23.8,2026-04-13,00:15:00,88.0,2026-04-12,00:15:00,2026-04-13 00:35:23,25.150000000000034,Zone 3,53.1,Zone 5,25.5,Zone 4,36.8,Zone 4,31.6,Zone 4,51.6,Zone 5,37.3,Zone 4,60.5,Zone 5,53.1,Zone 5,63.1,Zone 5
West Bengal,Darjeeling,Darjeeling Mo,10.6,2026-04-13,00:15:00,100.0,2026-04-12,00:15:00,2026-04-13 00:35:23,10.550000000000011,Zone 2,25.3,Zone 3,10.5,Zone 2,22.6,Zone 3,18.1,Zone 3,25.3,Zone 3,22.6,Zone 3,29.1,Zone 4,25.3,Zone 3,32.8,Zone 4
West Bengal,Darjeeling,Kharibari,21.2,2026-04-13,00:15:00,88.0,2026-04-12,00:15:00,2026-04-13 00:35:23,22.350000000000023,Zone 3,37.1,Zone 4,22.1,Zone 3,31.9,Zone 4,27.1,Zone 4,36.8,Zone 4,32.2,Zone 4,49.1,Zone 5,37.1,Zone 4,59.6,Zone 5
West Bengal,East Burdwan,Kvk Burdwan Budbud,25.5,2026-04-13,00:00:00,6.0,2026-04-12,00:00:00,2026-04-13 00:35:23,23.05000000000001,Zone 3,34.4,Zone 4,23.1,Zone 3,31.2,Zone 4,27.7,Zone 4,34.4,Zone 4,31.2,Zone 4,37.5,Zone 4,34.4,Zone 4,40.5,Zone 4
West Bengal,Howrah,Ramsaday College Amta,27.5,2026-04-12,23:45:00,82.0,2026-04-12,23:45:00,2026-04-13 00:35:23,31.05000000000001,Zone 4,61.8,Zone 5,31.1,Zone 4,53.3,Zone 5,37.9,Zone 4,61.4,Zone 5,55.6,Zone 5,64.2,Zone 5,61.8,Zone 5,66.3,Zone 5
West Bengal,Howrah,Uluberia,28.9,2026-04-13,00:00:00,100.0,2026-04-12,00:00:00,2026-04-13 00:35:23,48.55000000000001,Zone 5,68.5,Zone 5,50.0,Zone 5,65.5,Zone 5,62.5,Zone 5,68.1,Zone 5,66.1,Zone 5,69.9,Zone 5,68.5,Zone 5,71.3,Zone 5
West Bengal,Jalpaiguri,Banarhat,21.4,2026-04-13,00:15:00,83.0,2026-04-12,00:15:00,2026-04-13 00:35:23,22.350000000000023,Zone 3,37.4,Zone 4,22.5,Zone 3,32.2,Zone 4,27.5,Zone 4,37.0,Zone 4,32.6,Zone 4,48.6,Zone 5,37.4,Zone 4,59.5,Zone 5
West Bengal,Jalpaiguri,Dhupguri,22.5,2026-04-13,00:15:00,84.0,2026-04-12,00:15:00,2026-04-13 00:35:23,23.650000000000034,Zone 3,40.6,Zone 5,23.6,Zone 3,33.8,Zone 4,28.9,Zone 4,39.4,Zone 5,34.2,Zone 4,54.6,Zone 5,40.6,Zone 5,60.8,Zone 5
West Bengal,Jalpaiguri,Jalpaiguri,20.7,2026-04-12,23:45:00,84.0,2026-04-12,23:45:00,2026-04-13 00:35:23,21.55000000000001,Zone 3,35.9,Zone 4,21.4,Zone 3,30.9,Zone 4,26.3,Zone 4,35.6,Zone 4,31.2,Zone 4,44.1,Zone 5,35.9,Zone 4,57.2,Zone 5
West Bengal,Jalpaiguri,Ramshai Kvk,20.2,2026-04-13,00:15:00,,,,2026-04-13 00:35:23,,,,,,,,,,,,,,,,,,,,
West Bengal,Jhargram,Jhargram,27.0,2026-04-12,23:45:00,88.0,2026-04-12,23:45:00,2026-04-13 00:35:23,30.850000000000023,Zone 4,62.4,Zone 5,30.8,Zone 4,55.8,Zone 5,37.9,Zone 4,61.9,Zone 5,58.0,Zone 5,64.7,Zone 5,62.4,Zone 5,66.7,Zone 5
West Bengal,Kolkata,Kolkata Airport,27.7,2026-04-13,00:15:00,92.0,2026-04-12,00:15:00,2026-04-13 00:35:23,33.150000000000034,Zone 4,64.1,Zone 5,32.6,Zone 4,60.2,Zone 5,47.0,Zone 5,63.7,Zone 5,60.8,Zone 5,66.2,Zone 5,64.1,Zone 5,68.0,Zone 5
West Bengal,Kolkata,Ohr 15,26.7,2026-04-13,00:00:00,96.0,2026-04-12,00:00:00,2026-04-13 00:35:23,31.25,Zone 4,63.2,Zone 5,30.8,Zone 4,59.2,Zone 5,42.1,Zone 5,62.8,Zone 5,59.8,Zone 5,65.4,Zone 5,63.2,Zone 5,67.4,Zone 5
West Bengal,Kolkata,Science City,27.8,2026-04-13,00:15:00,90.0,2026-04-12,00:15:00,2026-04-13 00:35:23,33.05000000000001,Zone 4,64.5,Zone 5,33.5,Zone 4,60.7,Zone 5,49.4,Zone 5,64.1,Zone 5,61.3,Zone 5,66.5,Zone 5,64.5,Zone 5,68.3,Zone 5
West Bengal,Malda,Malda,24.3,2026-04-13,00:15:00,,,,2026-04-13 00:35:23,,,,,,,,,,,,,,,,,,,,
West Bengal,Murshidabad,Berhampore,26.2,2026-04-13,00:15:00,74.0,2026-04-12,00:15:00,2026-04-13 00:35:23,27.950000000000045,Zone 4,53.8,Zone 5,27.6,Zone 4,38.5,Zone 4,33.5,Zone 4,52.3,Zone 5,39.0,Zone 4,60.7,Zone 5,53.8,Zone 5,63.2,Zone 5
West Bengal,Murshidabad,Murshidabad Kvk,25.6,2026-04-13,00:15:00,,,,2026-04-13 00:35:23,,,,,,,,,,,,,,,,,,,,
West Bengal,Nadia,Bijpur,25.8,2026-04-13,00:00:00,100.0,2026-04-12,00:00:00,2026-04-13 00:35:23,29.650000000000034,Zone 4,63.2,Zone 5,30.1,Zone 4,59.2,Zone 5,42.0,Zone 5,62.8,Zone 5,59.8,Zone 5,65.4,Zone 5,63.2,Zone 5,67.4,Zone 5
West Bengal,Nadia,Kalyani Amfu,26.3,2026-04-13,00:15:00,100.0,2026-04-12,00:15:00,2026-04-13 00:35:23,30.850000000000023,Zone 4,64.1,Zone 5,31.3,Zone 4,60.2,Zone 5,47.0,Zone 5,63.7,Zone 5,60.8,Zone 5,66.2,Zone 5,64.1,Zone 5,68.0,Zone 5
West Bengal,North Dinajpur,Raiganj,22.7,2026-04-13,00:00:00,95.0,2026-04-12,00:00:00,2026-04-13 00:35:23,24.25,Zone 3,48.7,Zone 5,24.1,Zone 3,34.9,Zone 4,29.7,Zone 4,47.2,Zone 5,35.4,Zone 4,59.6,Zone 5,48.7,Zone 5,62.3,Zone 5
West Bengal,North Twenty Four Parganas,Ashoknagar Kvk,27.0,2026-04-13,00:15:00,,,,2026-04-13 00:35:23,,,,,,,,,,,,,,,,,,,,
West Bengal,North Twenty Four Parganas,Barrackpore Aws400,27.1,2026-04-13,00:15:00,85.0,2026-04-12,00:15:00,2026-04-13 00:35:23,30.650000000000034,Zone 4,61.7,Zone 5,30.4,Zone 4,52.7,Zone 5,37.3,Zone 4,61.3,Zone 5,55.0,Zone 5,64.1,Zone 5,61.7,Zone 5,66.2,Zone 5
West Bengal,North Twenty Four Parganas,Jisu Agarpara,28.1,2026-04-13,00:15:00,89.0,2026-04-12,00:15:00,2026-04-13 00:35:23,33.55000000000001,Zone 4,64.2,Zone 5,33.3,Zone 4,60.4,Zone 5,48.0,Zone 5,63.8,Zone 5,61.0,Zone 5,66.3,Zone 5,64.2,Zone 5,68.1,Zone 5
West Bengal,Purba Mednipur,Imd Mo Digha,28.0,2026-04-13,00:00:00,,,,2026-04-13 00:35:23,,,,,,,,,,,,,,,,,,,,
West Bengal,Purulia,Purulia Kvk,24.1,2026-04-13,00:15:00,,,,2026-04-13 00:35:23,,,,,,,,,,,,,,,,,,,,
West Bengal,South Dinajpur,Balurghat,24.5,2026-04-13,00:15:00,100.0,2026-04-12,00:15:00,2026-04-13 00:35:23,27.05000000000001,Zone 4,60.7,Zone 5,27.0,Zone 4,47.6,Zone 5,34.0,Zone 4,60.2,Zone 5,50.0,Zone 5,63.2,Zone 5,60.7,Zone 5,65.5,Zone 5
West Bengal,South Dinajpur,Majhian Amfu,24.1,2026-04-13,00:15:00,98.0,2026-04-12,00:15:00,2026-04-13 00:35:23,26.150000000000034,Zone 4,59.4,Zone 5,26.0,Zone 4,41.9,Zone 5,32.7,Zone 4,59.0,Zone 5,44.1,Zone 5,62.2,Zone 5,59.4,Zone 5,64.6,Zone 5
West Bengal,South Twenty Four Parganas,Alipore,28.0,2026-04-13,00:00:00,97.0,2026-04-12,00:00:00,2026-04-13 00:35:23,35.05000000000001,Zone 4,66.0,Zone 5,35.0,Zone 4,62.6,Zone 5,58.5,Zone 5,65.7,Zone 5,63.1,Zone 5,67.8,Zone 5,66.0,Zone 5,69.5,Zone 5
West Bengal,South Twenty Four Parganas,Gangasagar,27.9,2026-04-13,00:15:00,,,,2026-04-13 00:35:23,,,,,,,,,,,,,,,,,,,,
,,,,,,,,,2026-04-13 00:35:23,,,,,,,,,,,,,,,,,,,,
,,,,,,,,,2026-04-13 00:35:23,,,,,,,,,,,,,,,,,,,,
,,,,,,,,,2026-04-13 00:35:23,,,,,,,,,,,,,,,,,,,,
,,,,,,,,,2026-04-13 00:35:23,,,,,,,,,,,,,,,,,,,,
