STATE,DISTRICT,STATION,TEMP,DATE_TEMP,TIME_TEMP,RH,DATE_RH,TIME_RH,LOGGED_AT (IST),EHI (in shade °C),Light Work Heat Stress Zone,EHI_350 (in shade °C),Hard Labor Heat Stress Zone,EHI_3_shade,Zone_3_shade,EHI_3_sun,Zone_3_sun,EHI_4_shade,Zone_4_shade,EHI_4_sun,Zone_4_sun,EHI_5_shade,Zone_5_shade,EHI_5_sun,Zone_5_sun,EHI_6_shade,Zone_6_shade,EHI_6_sun,Zone_6_sun
Andaman And Nicobar,Nicobar,Campbell Bay,25.3,2026-03-29,23:45:00,97.0,2026-03-29,23:45:00,2026-03-30 00:09:10,28.350000000000023,Zone 4,61.8,Zone 5,28.7,Zone 4,53.0,Zone 5,35.9,Zone 4,61.3,Zone 5,55.3,Zone 5,64.2,Zone 5,61.8,Zone 5,66.3,Zone 5
Andaman And Nicobar,Nicobar,Car Nicobar,,,,79.0,2026-03-29,23:45:00,2026-03-30 00:09:10,,,,,,,,,,,,,,,,,,,,
Andaman And Nicobar,Nicobar,Nancowry,30.5,2026-03-29,23:45:00,94.0,2026-03-29,23:45:00,2026-03-30 00:09:10,59.150000000000034,Zone 5,69.7,Zone 5,59.1,Zone 5,67.1,Zone 5,64.4,Zone 5,69.4,Zone 5,67.6,Zone 5,71.0,Zone 5,69.7,Zone 5,73.3,Zone 6
Andaman And Nicobar,N M Andaman,Mayabunder,24.9,2026-03-29,23:45:00,93.0,2026-03-29,23:45:00,2026-03-30 00:09:10,27.25,Zone 4,60.1,Zone 5,27.4,Zone 4,45.0,Zone 5,34.1,Zone 4,59.7,Zone 5,47.3,Zone 5,62.8,Zone 5,60.1,Zone 5,65.1,Zone 5
Andaman And Nicobar,South Andaman,Ferrargunj,23.6,2026-03-30,00:00:00,82.0,2026-03-29,00:00:00,2026-03-30 00:09:10,24.75,Zone 3,45.0,Zone 5,24.7,Zone 3,35.2,Zone 4,30.3,Zone 4,43.6,Zone 5,35.6,Zone 4,58.3,Zone 5,45.0,Zone 5,61.6,Zone 5
Andaman And Nicobar,South Andaman,Hut Bay,26.9,2026-03-29,23:45:00,80.0,2026-03-29,23:45:00,2026-03-30 00:09:10,29.650000000000034,Zone 4,60.6,Zone 5,29.9,Zone 4,47.2,Zone 5,36.3,Zone 4,60.2,Zone 5,49.5,Zone 5,63.2,Zone 5,60.6,Zone 5,65.4,Zone 5
Andaman And Nicobar,South Andaman,Shaheed Dweep,23.6,2026-03-29,23:45:00,99.0,2026-03-29,23:45:00,2026-03-30 00:09:10,25.450000000000045,Zone 4,58.2,Zone 5,25.2,Zone 3,39.2,Zone 5,31.8,Zone 4,56.7,Zone 5,41.2,Zone 5,61.6,Zone 5,58.2,Zone 5,64.1,Zone 5
Andaman And Nicobar,South Andaman,Sri Vijaya Puram Aws400,26.7,2026-03-30,00:00:00,90.0,2026-03-29,00:00:00,2026-03-30 00:09:10,30.450000000000045,Zone 4,62.0,Zone 5,30.0,Zone 4,54.0,Zone 5,37.1,Zone 4,61.6,Zone 5,56.2,Zone 5,64.3,Zone 5,62.0,Zone 5,66.4,Zone 5
Andaman And Nicobar,South Andaman,Swaraj Deep,24.5,2026-03-30,00:00:00,87.0,2026-03-29,00:00:00,2026-03-30 00:09:10,26.150000000000034,Zone 4,55.5,Zone 5,26.2,Zone 4,37.6,Zone 4,32.4,Zone 4,54.0,Zone 5,38.2,Zone 4,61.0,Zone 5,55.5,Zone 5,63.6,Zone 5
Andhra Pradesh,Alluri Sitharama Raju,Araku Valley,21.4,2026-03-30,00:00:00,91.0,2026-03-29,00:00:00,2026-03-30 00:09:10,22.75,Zone 3,39.7,Zone 5,22.8,Zone 3,32.9,Zone 4,27.9,Zone 4,38.5,Zone 5,33.3,Zone 4,53.7,Zone 5,39.7,Zone 5,60.6,Zone 5
Andhra Pradesh,Alluri Sitharama Raju,Chintapalli Amfu,20.2,2026-03-30,00:00:00,89.0,2026-03-29,00:00:00,2026-03-30 00:09:10,21.25,Zone 3,35.6,Zone 4,21.0,Zone 3,30.6,Zone 4,25.9,Zone 4,35.4,Zone 4,30.9,Zone 4,44.4,Zone 5,35.6,Zone 4,57.5,Zone 5
Andhra Pradesh,Anakapalli,Yellamanchilli Vskp,26.8,2026-03-29,23:30:00,96.0,2026-03-29,23:30:00,2026-03-30 00:09:10,31.450000000000045,Zone 4,64.1,Zone 5,32.0,Zone 4,60.2,Zone 5,47.1,Zone 5,63.7,Zone 5,60.8,Zone 5,66.2,Zone 5,64.1,Zone 5,68.0,Zone 5
Andhra Pradesh,Anantapur,Kh Govtdegcollege Dharmavaram,29.8,2026-03-30,00:00:00,64.0,2026-03-29,00:00:00,2026-03-30 00:09:10,32.950000000000045,Zone 4,61.3,Zone 5,33.4,Zone 4,50.7,Zone 5,39.5,Zone 4,60.9,Zone 5,53.0,Zone 5,63.8,Zone 5,61.3,Zone 5,65.9,Zone 5
Andhra Pradesh,Bapatla,Chirala,28.0,2026-03-30,00:00:00,80.0,2026-03-29,00:00:00,2026-03-30 00:09:10,31.850000000000023,Zone 4,62.2,Zone 5,31.8,Zone 4,55.0,Zone 5,38.6,Zone 4,61.8,Zone 5,57.2,Zone 5,64.5,Zone 5,62.2,Zone 5,66.6,Zone 5
Andhra Pradesh,Kakinada,Kakinada,26.9,2026-03-30,00:00:00,86.0,2026-03-29,00:00:00,2026-03-30 00:09:10,30.350000000000023,Zone 4,61.9,Zone 5,30.6,Zone 4,53.8,Zone 5,37.5,Zone 4,61.5,Zone 5,56.0,Zone 5,64.3,Zone 5,61.9,Zone 5,66.4,Zone 5
Andhra Pradesh,Kakinada,Peddapuram,26.6,2026-03-30,00:00:00,98.0,2026-03-29,00:00:00,2026-03-30 00:09:10,31.25,Zone 4,63.7,Zone 5,31.0,Zone 4,59.7,Zone 5,44.5,Zone 5,63.3,Zone 5,60.3,Zone 5,65.8,Zone 5,63.7,Zone 5,67.7,Zone 5
Andhra Pradesh,Kakinada,Prathipadu,27.1,2026-03-30,00:00:00,,,,2026-03-30 00:09:10,,,,,,,,,,,,,,,,,,,,
Andhra Pradesh,Konaseema,Ambajipeta Arg,24.9,2026-03-30,00:00:00,100.0,2026-03-29,00:00:00,2026-03-30 00:09:10,27.75,Zone 4,61.5,Zone 5,28.0,Zone 4,51.8,Zone 5,35.2,Zone 4,61.1,Zone 5,54.1,Zone 5,64.0,Zone 5,61.5,Zone 5,66.1,Zone 5
Andhra Pradesh,Krishna,Kv Gopalnagar Machilipatnam,26.8,2026-03-30,00:00:00,46.0,2026-03-29,00:00:00,2026-03-30 00:09:10,26.850000000000023,Zone 4,40.5,Zone 4,27.1,Zone 4,36.0,Zone 4,31.9,Zone 4,40.3,Zone 4,36.3,Zone 4,47.8,Zone 5,40.5,Zone 4,59.3,Zone 5
Andhra Pradesh,Nellore,Nellore Kvk,27.0,2026-03-30,00:00:00,93.0,2026-03-29,00:00:00,2026-03-30 00:09:10,31.55000000000001,Zone 4,63.4,Zone 5,31.5,Zone 4,59.5,Zone 5,43.3,Zone 5,63.0,Zone 5,60.0,Zone 5,65.6,Zone 5,63.4,Zone 5,67.5,Zone 5
Andhra Pradesh,Ntr,Mylavaram College Of  Engineer,26.9,2026-03-30,00:00:00,100.0,2026-03-29,00:00:00,2026-03-30 00:09:10,32.35000000000002,Zone 4,65.0,Zone 5,32.7,Zone 4,61.3,Zone 5,52.3,Zone 5,64.6,Zone 5,61.8,Zone 5,66.9,Zone 5,65.0,Zone 5,68.7,Zone 5
Andhra Pradesh,Palnadu,Jangameshwarapuram,28.1,2026-03-30,00:00:00,,,,2026-03-30 00:09:10,,,,,,,,,,,,,,,,,,,,
Andhra Pradesh,Palnadu,Rentachintala,27.7,2026-03-30,00:00:00,61.0,2026-03-29,00:00:00,2026-03-30 00:09:10,29.150000000000034,Zone 4,50.5,Zone 5,28.8,Zone 4,38.9,Zone 4,34.3,Zone 4,48.9,Zone 5,39.4,Zone 4,60.0,Zone 5,50.5,Zone 5,62.6,Zone 5
Andhra Pradesh,Prakasam,Cs Puram,28.4,2026-03-30,00:00:00,59.0,2026-03-29,00:00:00,2026-03-30 00:09:10,29.950000000000045,Zone 4,54.3,Zone 5,30.1,Zone 4,40.3,Zone 4,35.6,Zone 4,52.7,Zone 5,40.8,Zone 4,60.8,Zone 5,54.3,Zone 5,63.3,Zone 5
Andhra Pradesh,Prakasam,Peda Araveedu,25.1,2026-03-30,00:00:00,90.0,2026-03-29,00:00:00,2026-03-30 00:09:10,27.350000000000023,Zone 4,59.5,Zone 5,27.2,Zone 4,42.2,Zone 5,33.7,Zone 4,59.1,Zone 5,44.3,Zone 5,62.2,Zone 5,59.5,Zone 5,64.6,Zone 5
Andhra Pradesh,Srikakulam,Amadalavalasa Kvk,27.2,2026-03-30,00:00:00,,,,2026-03-30 00:09:10,,,,,,,,,,,,,,,,,,,,
Andhra Pradesh,Srikakulam,Nagaralapeta Kalingapatnam,27.3,2026-03-30,00:00:00,98.0,2026-03-29,00:00:00,2026-03-30 00:09:10,33.150000000000034,Zone 4,65.4,Zone 5,33.7,Zone 4,61.8,Zone 5,54.9,Zone 5,65.0,Zone 5,62.4,Zone 5,67.3,Zone 5,65.4,Zone 5,69.0,Zone 5
Andhra Pradesh,Srikakulam,Ragolu,26.4,2026-03-30,00:00:00,92.0,2026-03-29,00:00:00,2026-03-30 00:09:10,30.05000000000001,Zone 4,62.4,Zone 5,30.2,Zone 4,56.0,Zone 5,37.7,Zone 5,62.0,Zone 5,58.1,Zone 5,64.7,Zone 5,62.4,Zone 5,66.8,Zone 5
Andhra Pradesh,Srikakulam,Sky College Etcherla,27.2,2026-03-29,23:30:00,77.0,2026-03-29,23:30:00,2026-03-30 00:09:10,29.850000000000023,Zone 4,59.9,Zone 5,29.5,Zone 4,43.9,Zone 5,35.8,Zone 4,59.5,Zone 5,46.2,Zone 5,62.6,Zone 5,59.9,Zone 5,64.9,Zone 5
Andhra Pradesh,Visakhapatnam,Anandapuram Arg,26.6,2026-03-30,00:00:00,78.0,2026-03-29,00:00:00,2026-03-30 00:09:10,28.950000000000045,Zone 4,59.3,Zone 5,28.8,Zone 4,41.4,Zone 5,35.0,Zone 4,58.7,Zone 5,43.5,Zone 5,62.1,Zone 5,59.3,Zone 5,64.5,Zone 5
Andhra Pradesh,Visakhapatnam,Mehadrigadda Dam,34.3,2026-03-30,00:00:00,92.0,2026-03-29,00:00:00,2026-03-30 00:09:10,71.75,Zone 6,81.3,Zone 6,72.5,Zone 6,77.8,Zone 6,75.5,Zone 6,80.7,Zone 6,78.4,Zone 6,83.6,Zone 6,81.3,Zone 6,86.4,Zone 6
Andhra Pradesh,Vizianagaram,Bobbili,26.6,2026-03-30,00:00:00,91.0,2026-03-29,00:00:00,2026-03-30 00:09:10,30.350000000000023,Zone 4,62.2,Zone 5,30.1,Zone 4,55.0,Zone 5,37.3,Zone 4,61.8,Zone 5,57.2,Zone 5,64.5,Zone 5,62.2,Zone 5,66.6,Zone 5
Andhra Pradesh,Vizianagaram,Vizianagaram,27.8,2026-03-30,00:00:00,90.0,2026-03-29,00:00:00,2026-03-30 00:09:10,33.05000000000001,Zone 4,64.5,Zone 5,33.5,Zone 4,60.7,Zone 5,49.4,Zone 5,64.1,Zone 5,61.3,Zone 5,66.5,Zone 5,64.5,Zone 5,68.3,Zone 5
Andhra Pradesh,West Godavari,Bhimavaram,27.6,2026-03-30,00:00:00,,,,2026-03-30 00:09:10,,,,,,,,,,,,,,,,,,,,
Andhra Pradesh,West Godavari,Kv Gopannapalem Eluru,26.9,2026-03-30,00:00:00,57.0,2026-03-29,00:00:00,2026-03-30 00:09:10,27.650000000000034,Zone 4,43.5,Zone 5,27.8,Zone 4,37.5,Zone 4,33.0,Zone 4,42.2,Zone 5,37.9,Zone 4,57.2,Zone 5,43.5,Zone 5,61.4,Zone 5
Andhra Pradesh,West Godavari,Maruteru,27.2,2026-03-30,00:00:00,,,,2026-03-30 00:09:10,,,,,,,,,,,,,,,,,,,,
Andhra Pradesh,West Godavari,Narsapur,27.5,2026-03-30,00:00:00,91.0,2026-03-29,00:00:00,2026-03-30 00:09:10,32.450000000000045,Zone 4,63.9,Zone 5,32.4,Zone 4,59.9,Zone 5,45.7,Zone 5,63.5,Zone 5,60.5,Zone 5,66.0,Zone 5,63.9,Zone 5,67.8,Zone 5
Andhra Pradesh,Ysr Kadapa,Agricultural College  Badvel,27.8,2026-03-30,00:00:00,57.0,2026-03-29,00:00:00,2026-03-30 00:09:10,28.950000000000045,Zone 4,49.2,Zone 5,29.2,Zone 4,39.1,Zone 4,34.5,Zone 4,47.7,Zone 5,39.5,Zone 4,59.7,Zone 5,49.2,Zone 5,62.4,Zone 5
Andhra Pradesh,Ysr Kadapa,Utkuru Kvk,29.3,2026-03-30,00:00:00,61.0,2026-03-29,00:00:00,2026-03-30 00:09:10,31.650000000000034,Zone 4,59.7,Zone 5,32.0,Zone 4,43.3,Zone 5,37.8,Zone 4,59.3,Zone 5,45.5,Zone 5,62.4,Zone 5,59.7,Zone 5,64.8,Zone 5
Arunachal Pradesh,Anjaw,Hayuliang Circle,14.1,2026-03-30,00:00:00,91.0,2026-03-29,00:00:00,2026-03-30 00:09:10,13.75,Zone 2,28.4,Zone 4,13.7,Zone 2,24.6,Zone 3,20.9,Zone 3,28.3,Zone 4,24.6,Zone 3,32.3,Zone 4,28.4,Zone 4,36.1,Zone 4
Arunachal Pradesh,Anjaw,Kibitoo Circle,10.0,2026-03-29,23:30:00,87.0,2026-03-29,23:30:00,2026-03-30 00:09:10,9.550000000000011,Zone 2,24.9,Zone 3,9.6,Zone 2,22.2,Zone 3,17.3,Zone 3,24.9,Zone 3,22.1,Zone 3,28.4,Zone 4,24.9,Zone 3,31.9,Zone 4
Arunachal Pradesh,Anjaw,Wallong Circle,11.5,2026-03-29,23:30:00,89.0,2026-03-29,23:30:00,2026-03-30 00:09:10,11.150000000000034,Zone 2,26.0,Zone 4,11.1,Zone 2,23.1,Zone 3,18.7,Zone 3,26.0,Zone 4,23.1,Zone 3,29.7,Zone 4,26.0,Zone 4,33.4,Zone 4
Arunachal Pradesh,Changlang,Miao,19.7,2026-03-30,00:00:00,93.0,2026-03-29,00:00:00,2026-03-30 00:09:10,20.850000000000023,Zone 3,35.2,Zone 4,20.6,Zone 3,30.2,Zone 4,25.4,Zone 4,35.0,Zone 4,30.5,Zone 4,44.1,Zone 5,35.2,Zone 4,57.2,Zone 5
Arunachal Pradesh,Dibang Valley,Anini,10.9,2026-03-30,00:00:00,100.0,2026-03-29,00:00:00,2026-03-30 00:09:10,10.950000000000045,Zone 2,25.7,Zone 4,11.0,Zone 2,22.9,Zone 3,18.5,Zone 3,25.7,Zone 4,22.9,Zone 3,29.6,Zone 4,25.7,Zone 4,33.3,Zone 4
Arunachal Pradesh,East Kameng,Seppa Pampoli,21.0,2026-03-30,00:00:00,92.0,2026-03-29,00:00:00,2026-03-30 00:09:10,22.25,Zone 3,37.6,Zone 5,22.3,Zone 3,32.2,Zone 4,27.3,Zone 4,37.2,Zone 4,32.6,Zone 4,51.6,Zone 5,37.6,Zone 5,60.1,Zone 5
Arunachal Pradesh,East Siang,Pashighat,19.9,2026-03-30,00:00:00,88.0,2026-03-29,00:00:00,2026-03-30 00:09:10,20.850000000000023,Zone 3,35.6,Zone 4,20.9,Zone 3,30.5,Zone 4,25.8,Zone 4,35.3,Zone 4,30.8,Zone 4,43.8,Zone 5,35.6,Zone 4,57.0,Zone 5
Arunachal Pradesh,Kamle,Raga,14.9,2026-03-30,00:00:00,96.0,2026-03-29,00:00:00,2026-03-30 00:09:10,14.950000000000045,Zone 3,29.6,Zone 4,15.1,Zone 3,25.2,Zone 3,21.9,Zone 3,29.5,Zone 4,25.3,Zone 3,33.6,Zone 4,29.6,Zone 4,38.6,Zone 5
Arunachal Pradesh,Kurung Kumey,Koloraing,15.4,2026-03-30,00:00:00,100.0,2026-03-29,00:00:00,2026-03-30 00:09:10,15.75,Zone 3,30.4,Zone 4,15.9,Zone 3,25.8,Zone 4,22.4,Zone 3,30.2,Zone 4,25.9,Zone 4,34.4,Zone 4,30.4,Zone 4,42.1,Zone 5
Arunachal Pradesh,Kurung Kumey,Nyapin,15.6,2026-03-30,00:00:00,100.0,2026-03-29,00:00:00,2026-03-30 00:09:10,16.05000000000001,Zone 3,30.4,Zone 4,15.9,Zone 3,25.8,Zone 4,22.4,Zone 3,30.2,Zone 4,25.9,Zone 4,34.4,Zone 4,30.4,Zone 4,42.1,Zone 5
Arunachal Pradesh,Leparada,Basar,14.7,2026-03-30,00:00:00,100.0,2026-03-29,00:00:00,2026-03-30 00:09:10,14.850000000000023,Zone 3,29.2,Zone 4,14.6,Zone 3,25.0,Zone 3,21.5,Zone 3,29.1,Zone 4,25.1,Zone 3,33.2,Zone 4,29.2,Zone 4,38.1,Zone 5
Arunachal Pradesh,Longding,Longding,19.5,2026-03-30,00:00:00,,,,2026-03-30 00:09:10,,,,,,,,,,,,,,,,,,,,
Arunachal Pradesh,Longding,Longding New,16.2,2026-03-29,23:45:00,100.0,2026-03-29,23:45:00,2026-03-30 00:09:10,16.850000000000023,Zone 3,31.0,Zone 4,16.6,Zone 3,26.3,Zone 4,22.8,Zone 3,30.8,Zone 4,26.5,Zone 4,35.1,Zone 4,31.0,Zone 4,44.3,Zone 5
Arunachal Pradesh,Lower Siang,Kangku,19.0,2026-03-29,23:30:00,100.0,2026-03-29,23:30:00,2026-03-30 00:09:10,20.25,Zone 3,35.1,Zone 4,20.3,Zone 3,29.9,Zone 4,25.1,Zone 3,34.8,Zone 4,30.2,Zone 4,45.3,Zone 5,35.1,Zone 4,58.2,Zone 5
Arunachal Pradesh,Lower Subansiri,Deed,13.8,2026-03-30,00:00:00,100.0,2026-03-29,00:00:00,2026-03-30 00:09:10,13.75,Zone 2,28.7,Zone 4,14.0,Zone 2,24.7,Zone 3,21.1,Zone 3,28.6,Zone 4,24.8,Zone 3,32.7,Zone 4,28.7,Zone 4,36.6,Zone 4
Arunachal Pradesh,Lower Subansiri,Ziro Manipolyang,12.3,2026-03-30,00:00:00,100.0,2026-03-29,00:00:00,2026-03-30 00:09:10,12.350000000000023,Zone 2,27.1,Zone 4,12.5,Zone 2,23.8,Zone 3,19.8,Zone 3,27.1,Zone 4,23.9,Zone 3,31.0,Zone 4,27.1,Zone 4,34.9,Zone 4
Arunachal Pradesh,Namsai,Lekang,18.7,2026-03-30,00:00:00,94.0,2026-03-29,00:00:00,2026-03-30 00:09:10,19.650000000000034,Zone 3,33.9,Zone 4,19.4,Zone 3,28.9,Zone 4,24.6,Zone 3,33.6,Zone 4,29.2,Zone 4,39.7,Zone 5,33.9,Zone 4,53.2,Zone 5
Arunachal Pradesh,Papumpare,Itanagar,18.9,2026-03-30,00:00:00,100.0,2026-03-29,00:00:00,2026-03-30 00:09:10,20.150000000000034,Zone 3,35.1,Zone 4,20.3,Zone 3,29.9,Zone 4,25.1,Zone 3,34.8,Zone 4,30.2,Zone 4,45.3,Zone 5,35.1,Zone 4,58.2,Zone 5
Arunachal Pradesh,Shiyomi,Lamang 2,,,,97.0,2026-03-29,23:30:00,2026-03-30 00:09:10,,,,,,,,,,,,,,,,,,,,
Arunachal Pradesh,Shiyomi,Lowertato,11.4,2026-03-30,00:00:00,99.0,2026-03-29,00:00:00,2026-03-30 00:09:10,11.350000000000023,Zone 2,26.2,Zone 4,11.5,Zone 2,23.2,Zone 3,18.9,Zone 3,26.2,Zone 4,23.2,Zone 3,30.0,Zone 4,26.2,Zone 4,33.7,Zone 4
Arunachal Pradesh,Siang,Pangin Circle,16.3,2026-03-29,23:15:00,,,,2026-03-30 00:09:10,,,,,,,,,,,,,,,,,,,,
Arunachal Pradesh,Tawang,Tawang,5.6,2026-03-29,23:30:00,100.0,2026-03-29,23:30:00,2026-03-30 00:09:10,5.650000000000034,Zone 2,22.8,Zone 3,5.5,Zone 2,19.5,Zone 3,13.6,Zone 2,22.9,Zone 3,19.3,Zone 3,25.1,Zone 3,22.8,Zone 3,28.3,Zone 4
Arunachal Pradesh,Tirap,Deomali,19.7,2026-03-30,00:00:00,100.0,2026-03-29,00:00:00,2026-03-30 00:09:10,21.150000000000034,Zone 3,35.9,Zone 4,20.9,Zone 3,30.6,Zone 4,25.7,Zone 4,35.5,Zone 4,30.9,Zone 4,48.0,Zone 5,35.9,Zone 4,59.4,Zone 5
Arunachal Pradesh,Tirap,Longding,15.8,2026-03-30,00:00:00,,,,2026-03-30 00:09:10,,,,,,,,,,,,,,,,,,,,
Arunachal Pradesh,Upper Siang,Tuting,15.8,2026-03-30,00:00:00,99.0,2026-03-29,00:00:00,2026-03-30 00:09:10,16.25,Zone 3,30.9,Zone 4,16.5,Zone 3,26.3,Zone 4,22.8,Zone 3,30.7,Zone 4,26.5,Zone 4,35.0,Zone 4,30.9,Zone 4,43.9,Zone 5
Arunachal Pradesh,Upper Siang,Yingkiong,18.2,2026-03-30,00:00:00,9.0,2026-03-29,00:00:00,2026-03-30 00:09:10,14.350000000000023,Zone 3,29.1,Zone 4,14.1,Zone 3,25.9,Zone 4,21.8,Zone 3,29.2,Zone 4,25.8,Zone 4,32.4,Zone 4,29.1,Zone 4,35.4,Zone 4
Arunachal Pradesh,Upper Subhanseri,Daporijo,19.5,2026-03-30,00:00:00,88.0,2026-03-29,00:00:00,2026-03-30 00:09:10,20.350000000000023,Zone 3,34.8,Zone 4,20.3,Zone 3,29.9,Zone 4,25.2,Zone 3,34.6,Zone 4,30.2,Zone 4,41.4,Zone 5,34.8,Zone 4,54.8,Zone 5
Arunachal Pradesh,West Kameng,Bomdila,8.9,2026-03-30,00:00:00,,,,2026-03-30 00:09:10,,,,,,,,,,,,,,,,,,,,
Arunachal Pradesh,West Kameng,Dirang,18.3,2026-03-30,00:00:00,100.0,2026-03-29,00:00:00,2026-03-30 00:09:10,19.450000000000045,Zone 3,34.3,Zone 4,19.7,Zone 3,29.2,Zone 4,24.8,Zone 3,34.0,Zone 4,29.5,Zone 4,42.6,Zone 5,34.3,Zone 4,56.0,Zone 5
Arunachal Pradesh,West Kameng,Dirang,13.1,2026-03-30,00:00:00,100.0,2026-03-29,00:00:00,2026-03-30 00:09:10,13.050000000000011,Zone 2,27.6,Zone 4,13.0,Zone 2,24.1,Zone 3,20.3,Zone 3,27.6,Zone 4,24.2,Zone 3,31.6,Zone 4,27.6,Zone 4,35.4,Zone 4
Arunachal Pradesh,West Kameng,Kalaktang,11.3,2026-03-30,00:00:00,100.0,2026-03-29,00:00:00,2026-03-30 00:09:10,11.25,Zone 2,26.2,Zone 4,11.5,Zone 2,23.2,Zone 3,18.9,Zone 3,26.2,Zone 4,23.2,Zone 3,30.0,Zone 4,26.2,Zone 4,33.8,Zone 4
Arunachal Pradesh,West Siang,Yomcha,16.0,2026-03-30,00:00:00,100.0,2026-03-29,00:00:00,2026-03-30 00:09:10,16.55000000000001,Zone 3,31.0,Zone 4,16.6,Zone 3,26.3,Zone 4,22.8,Zone 3,30.8,Zone 4,26.5,Zone 4,35.1,Zone 4,31.0,Zone 4,44.3,Zone 5
Assam,Barpeta,Bajali University,19.8,2026-03-30,00:00:00,98.0,2026-03-29,00:00:00,2026-03-30 00:09:10,21.150000000000034,Zone 3,36.5,Zone 4,21.4,Zone 3,31.1,Zone 4,26.2,Zone 4,36.2,Zone 4,31.5,Zone 4,49.7,Zone 5,36.5,Zone 4,59.7,Zone 5
Assam,Barpeta,Barpeta,19.4,2026-03-30,00:00:00,97.0,2026-03-29,00:00:00,2026-03-30 00:09:10,20.650000000000034,Zone 3,35.6,Zone 4,20.8,Zone 3,30.4,Zone 4,25.6,Zone 4,35.3,Zone 4,30.7,Zone 4,46.3,Zone 5,35.6,Zone 4,59.0,Zone 5
Assam,Barpeta,Barpeta Kvk,19.5,2026-03-30,00:00:00,100.0,2026-03-29,00:00:00,2026-03-30 00:09:10,20.850000000000023,Zone 3,35.9,Zone 4,20.9,Zone 3,30.6,Zone 4,25.7,Zone 4,35.5,Zone 4,30.9,Zone 4,48.0,Zone 5,35.9,Zone 4,59.4,Zone 5
Assam,Bongaigaon,Bongaigaon,20.0,2026-03-30,00:00:00,78.0,2026-03-29,00:00:00,2026-03-30 00:09:10,20.450000000000045,Zone 3,34.7,Zone 4,20.5,Zone 3,30.0,Zone 4,25.5,Zone 4,34.5,Zone 4,30.2,Zone 4,38.8,Zone 4,34.7,Zone 4,51.9,Zone 5
Assam,Bongaigaon,Manikpur,19.3,2026-03-30,00:00:00,100.0,2026-03-29,00:00:00,2026-03-30 00:09:10,20.650000000000034,Zone 3,35.9,Zone 4,20.9,Zone 3,30.6,Zone 4,25.7,Zone 4,35.5,Zone 4,30.9,Zone 4,48.0,Zone 5,35.9,Zone 4,59.4,Zone 5
Assam,Cachar,Cacher Kvk,21.4,2026-03-30,00:00:00,,,,2026-03-30 00:09:10,,,,,,,,,,,,,,,,,,,,
Assam,Cachar,Silchar,22.8,2026-03-30,00:00:00,,,,2026-03-30 00:09:10,,,,,,,,,,,,,,,,,,,,
Assam,Charaideo,Sonari Aegcl,18.9,2026-03-30,00:00:00,100.0,2026-03-29,00:00:00,2026-03-30 00:09:10,20.150000000000034,Zone 3,35.1,Zone 4,20.3,Zone 3,29.9,Zone 4,25.1,Zone 3,34.8,Zone 4,30.2,Zone 4,45.3,Zone 5,35.1,Zone 4,58.2,Zone 5
Assam,Chirang,Chirang,19.0,2026-03-30,00:00:00,100.0,2026-03-29,00:00:00,2026-03-30 00:09:10,20.25,Zone 3,35.1,Zone 4,20.3,Zone 3,29.9,Zone 4,25.1,Zone 3,34.8,Zone 4,30.2,Zone 4,45.3,Zone 5,35.1,Zone 4,58.2,Zone 5
Assam,Darrang,Dalgaon,19.2,2026-03-30,00:00:00,87.0,2026-03-29,00:00:00,2026-03-30 00:09:10,19.950000000000045,Zone 3,34.0,Zone 4,19.7,Zone 3,29.2,Zone 4,24.8,Zone 3,33.8,Zone 4,29.5,Zone 4,38.6,Zone 5,34.0,Zone 4,52.1,Zone 5
Assam,Darrang,Garukhuti,18.9,2026-03-30,00:00:00,99.0,2026-03-29,00:00:00,2026-03-30 00:09:10,20.150000000000034,Zone 3,35.0,Zone 4,20.2,Zone 3,29.8,Zone 4,25.1,Zone 3,34.7,Zone 4,30.1,Zone 4,44.7,Zone 5,35.0,Zone 4,57.7,Zone 5
Assam,Dhemaji,Dhemaji,21.0,2026-03-30,00:00:00,100.0,2026-03-29,00:00:00,2026-03-30 00:09:10,22.650000000000034,Zone 3,42.5,Zone 5,22.6,Zone 3,32.8,Zone 4,27.7,Zone 4,41.2,Zone 5,33.3,Zone 4,56.3,Zone 5,42.5,Zone 5,61.2,Zone 5
Assam,Dhemaji,Silapathar Science College,19.8,2026-03-30,00:00:00,100.0,2026-03-29,00:00:00,2026-03-30 00:09:10,21.25,Zone 3,36.9,Zone 5,21.5,Zone 3,31.3,Zone 4,26.3,Zone 4,36.3,Zone 4,31.7,Zone 4,50.8,Zone 5,36.9,Zone 5,60.0,Zone 5
Assam,Dhubri,Gauripur Aegcl,20.1,2026-03-30,00:00:00,100.0,2026-03-29,00:00:00,2026-03-30 00:09:10,21.55000000000001,Zone 3,36.9,Zone 5,21.5,Zone 3,31.3,Zone 4,26.3,Zone 4,36.3,Zone 4,31.7,Zone 4,50.8,Zone 5,36.9,Zone 5,60.0,Zone 5
Assam,Dibrugarh,Bcpl Dibrugarh,,,,100.0,2026-03-29,23:45:00,2026-03-30 00:09:10,,,,,,,,,,,,,,,,,,,,
Assam,Dibrugarh,Dc Ofc Dibrugarh,20.4,2026-03-30,00:00:00,100.0,2026-03-29,00:00:00,2026-03-30 00:09:10,21.950000000000045,Zone 3,39.6,Zone 5,22.0,Zone 3,32.0,Zone 4,27.0,Zone 4,38.4,Zone 5,32.4,Zone 4,53.6,Zone 5,39.6,Zone 5,60.6,Zone 5
Assam,Dibrugarh,Dibrugarh,18.9,2026-03-30,00:00:00,,,,2026-03-30 00:09:10,,,,,,,,,,,,,,,,,,,,
Assam,Dibrugarh,Lahowal,,,,9.0,2026-03-29,00:00:00,2026-03-30 00:09:10,,,,,,,,,,,,,,,,,,,,
Assam,Dima Hasao,Haflong,17.7,2026-03-30,00:00:00,86.0,2026-03-29,00:00:00,2026-03-30 00:09:10,18.05000000000001,Zone 3,32.1,Zone 4,17.8,Zone 3,27.5,Zone 4,23.7,Zone 3,31.9,Zone 4,27.7,Zone 4,36.1,Zone 4,32.1,Zone 4,44.8,Zone 5
Assam,Dima Hasao,Haflong Aegcl,18.3,2026-03-30,00:00:00,100.0,2026-03-29,00:00:00,2026-03-30 00:09:10,19.450000000000045,Zone 3,34.3,Zone 4,19.7,Zone 3,29.2,Zone 4,24.8,Zone 3,34.0,Zone 4,29.5,Zone 4,42.6,Zone 5,34.3,Zone 4,56.0,Zone 5
Assam,Dima Hasao,Lkhep,18.0,2026-03-30,00:00:00,100.0,2026-03-29,00:00:00,2026-03-30 00:09:10,19.05000000000001,Zone 3,33.6,Zone 4,19.1,Zone 3,28.6,Zone 4,24.4,Zone 3,33.3,Zone 4,28.9,Zone 4,40.2,Zone 5,33.6,Zone 4,53.7,Zone 5
Assam,Goalpara,Agia Aegcl,20.1,2026-03-30,00:00:00,100.0,2026-03-29,00:00:00,2026-03-30 00:09:10,21.55000000000001,Zone 3,36.9,Zone 5,21.5,Zone 3,31.3,Zone 4,26.3,Zone 4,36.3,Zone 4,31.7,Zone 4,50.8,Zone 5,36.9,Zone 5,60.0,Zone 5
Assam,Golaghat,Cnb Collage Bokakhat,20.3,2026-03-30,00:00:00,100.0,2026-03-29,00:00:00,2026-03-30 00:09:10,21.850000000000023,Zone 3,39.6,Zone 5,22.0,Zone 3,32.0,Zone 4,27.0,Zone 4,38.4,Zone 5,32.4,Zone 4,53.6,Zone 5,39.6,Zone 5,60.6,Zone 5
Assam,Hajoi,Lumding,19.6,2026-03-30,00:00:00,88.0,2026-03-29,00:00:00,2026-03-30 00:09:10,20.450000000000045,Zone 3,34.8,Zone 4,20.3,Zone 3,29.9,Zone 4,25.2,Zone 3,34.6,Zone 4,30.2,Zone 4,41.4,Zone 5,34.8,Zone 4,54.8,Zone 5
Assam,Kamrup,Amingaon,,,,100.0,2026-03-29,00:00:00,2026-03-30 00:09:10,,,,,,,,,,,,,,,,,,,,
Assam,Kamrup,Boko Aegcl,19.8,2026-03-30,00:00:00,100.0,2026-03-29,00:00:00,2026-03-30 00:09:10,21.25,Zone 3,36.9,Zone 5,21.5,Zone 3,31.3,Zone 4,26.3,Zone 4,36.3,Zone 4,31.7,Zone 4,50.8,Zone 5,36.9,Zone 5,60.0,Zone 5
Assam,Kamrup,Chandubi,24.4,2026-03-30,00:00:00,,,,2026-03-30 00:09:10,,,,,,,,,,,,,,,,,,,,
Assam,Kamrup Metropolitan,Aau Hrs,20.6,2026-03-30,00:00:00,99.0,2026-03-29,00:00:00,2026-03-30 00:09:10,22.150000000000034,Zone 3,39.0,Zone 5,22.0,Zone 3,31.9,Zone 4,27.0,Zone 4,37.8,Zone 5,32.4,Zone 4,53.0,Zone 5,39.0,Zone 5,60.4,Zone 5
Assam,Kamrup Metropolitan,Down Town University,18.8,2026-03-30,00:00:00,97.0,2026-03-29,00:00:00,2026-03-30 00:09:10,19.950000000000045,Zone 3,34.8,Zone 4,20.2,Zone 3,29.7,Zone 4,25.1,Zone 3,34.5,Zone 4,30.0,Zone 4,43.7,Zone 5,34.8,Zone 4,56.8,Zone 5
Assam,Kamrup Metropolitan,Gauhati University,20.4,2026-03-30,00:00:00,,,,2026-03-30 00:09:10,,,,,,,,,,,,,,,,,,,,
Assam,Kamrup Metropolitan,Guwahati,20.0,2026-03-30,00:00:00,91.0,2026-03-29,00:00:00,2026-03-30 00:09:10,21.05000000000001,Zone 3,35.8,Zone 4,21.1,Zone 3,30.7,Zone 4,26.0,Zone 4,35.5,Zone 4,31.0,Zone 4,45.6,Zone 5,35.8,Zone 4,58.4,Zone 5
Assam,Kamrup Metropolitan,Guwahati City,19.8,2026-03-29,23:45:00,100.0,2026-03-29,23:45:00,2026-03-30 00:09:10,21.25,Zone 3,36.9,Zone 5,21.5,Zone 3,31.3,Zone 4,26.3,Zone 4,36.3,Zone 4,31.7,Zone 4,50.8,Zone 5,36.9,Zone 5,60.0,Zone 5
Assam,Kamrup Metropolitan,Kalakshetra,21.2,2026-03-30,00:00:00,,,,2026-03-30 00:09:10,,,,,,,,,,,,,,,,,,,,
Assam,Kamrup Metropolitan,Kamakhya,20.2,2026-03-30,00:00:00,96.0,2026-03-29,00:00:00,2026-03-30 00:09:10,21.55000000000001,Zone 3,36.3,Zone 4,21.3,Zone 3,31.0,Zone 4,26.2,Zone 4,36.0,Zone 4,31.4,Zone 4,48.5,Zone 5,36.3,Zone 4,59.5,Zone 5
Assam,Kamrup Metropolitan,Vcbc Rani,19.6,2026-03-30,00:00:00,100.0,2026-03-29,00:00:00,2026-03-30 00:09:10,21.05000000000001,Zone 3,35.9,Zone 4,20.9,Zone 3,30.6,Zone 4,25.7,Zone 4,35.5,Zone 4,30.9,Zone 4,48.0,Zone 5,35.9,Zone 4,59.4,Zone 5
Assam,Karbi Anglong(East),Bakulia,21.1,2026-03-30,00:00:00,85.0,2026-03-29,00:00:00,2026-03-30 00:09:10,22.150000000000034,Zone 3,36.8,Zone 4,22.0,Zone 3,31.7,Zone 4,27.0,Zone 4,36.5,Zone 4,32.0,Zone 4,47.3,Zone 5,36.8,Zone 4,59.2,Zone 5
Assam,Karbi Anglong(East),Diphu,18.8,2026-03-30,00:00:00,100.0,2026-03-29,00:00:00,2026-03-30 00:09:10,20.05000000000001,Zone 3,35.1,Zone 4,20.3,Zone 3,29.9,Zone 4,25.1,Zone 3,34.8,Zone 4,30.2,Zone 4,45.3,Zone 5,35.1,Zone 4,58.2,Zone 5
Assam,Karbi Anglong(West),Habang Circle,16.3,2026-03-30,00:00:00,100.0,2026-03-29,00:00:00,2026-03-30 00:09:10,16.950000000000045,Zone 3,31.6,Zone 4,17.2,Zone 3,26.9,Zone 4,23.2,Zone 3,31.4,Zone 4,27.0,Zone 4,35.7,Zone 4,31.6,Zone 4,46.6,Zone 5
Assam,Karbi Anglong(West),Kheronighat,18.6,2026-03-29,23:45:00,87.0,2026-03-29,23:45:00,2026-03-30 00:09:10,19.25,Zone 3,33.4,Zone 4,19.1,Zone 3,28.7,Zone 4,24.5,Zone 3,33.2,Zone 4,28.9,Zone 4,37.5,Zone 4,33.4,Zone 4,49.8,Zone 5
Assam,Karbi Anglong(West),Umlapher,14.4,2026-03-29,23:45:00,100.0,2026-03-29,23:45:00,2026-03-30 00:09:10,14.550000000000011,Zone 3,29.2,Zone 4,14.6,Zone 3,25.0,Zone 3,21.5,Zone 3,29.1,Zone 4,25.1,Zone 3,33.2,Zone 4,29.2,Zone 4,38.1,Zone 5
Assam,Karbi Anglong(West),Umpanai Apdcl,16.4,2026-03-30,00:00:00,100.0,2026-03-29,00:00:00,2026-03-30 00:09:10,17.05000000000001,Zone 3,31.6,Zone 4,17.2,Zone 3,26.9,Zone 4,23.2,Zone 3,31.4,Zone 4,27.0,Zone 4,35.7,Zone 4,31.6,Zone 4,46.6,Zone 5
Assam,Karimganj,Dullavcherra Aegcl,22.3,2026-03-30,00:00:00,100.0,2026-03-29,00:00:00,2026-03-30 00:09:10,24.05000000000001,Zone 3,52.5,Zone 5,24.3,Zone 3,35.4,Zone 4,30.1,Zone 4,50.9,Zone 5,36.0,Zone 4,60.4,Zone 5,52.5,Zone 5,63.0,Zone 5
Assam,Karimganj,Harinagar,,,,10.0,2026-03-29,00:00:00,2026-03-30 00:09:10,,,,,,,,,,,,,,,,,,,,
Assam,Kokrajhar,Salakati Aegcl,19.6,2026-03-30,00:00:00,100.0,2026-03-29,00:00:00,2026-03-30 00:09:10,21.05000000000001,Zone 3,35.9,Zone 4,20.9,Zone 3,30.6,Zone 4,25.7,Zone 4,35.5,Zone 4,30.9,Zone 4,48.0,Zone 5,35.9,Zone 4,59.4,Zone 5
Assam,Lakhimpur,Lakhimpur,19.7,2026-03-29,23:30:00,100.0,2026-03-29,23:30:00,2026-03-30 00:09:10,21.150000000000034,Zone 3,35.9,Zone 4,20.9,Zone 3,30.6,Zone 4,25.7,Zone 4,35.5,Zone 4,30.9,Zone 4,48.0,Zone 5,35.9,Zone 4,59.4,Zone 5
Assam,Majuli,Majuli,20.4,2026-03-30,00:00:00,100.0,2026-03-29,00:00:00,2026-03-30 00:09:10,21.950000000000045,Zone 3,39.6,Zone 5,22.0,Zone 3,32.0,Zone 4,27.0,Zone 4,38.4,Zone 5,32.4,Zone 4,53.6,Zone 5,39.6,Zone 5,60.6,Zone 5
Assam,Marigaon,Dharamtul,20.1,2026-03-30,00:00:00,100.0,2026-03-29,00:00:00,2026-03-30 00:09:10,21.55000000000001,Zone 3,36.9,Zone 5,21.5,Zone 3,31.3,Zone 4,26.3,Zone 4,36.3,Zone 4,31.7,Zone 4,50.8,Zone 5,36.9,Zone 5,60.0,Zone 5
Assam,Marigaon,Laharighat,19.8,2026-03-30,00:00:00,87.0,2026-03-29,00:00:00,2026-03-30 00:09:10,20.650000000000034,Zone 3,35.5,Zone 4,20.9,Zone 3,30.5,Zone 4,25.8,Zone 4,35.2,Zone 4,30.8,Zone 4,43.3,Zone 5,35.5,Zone 4,56.5,Zone 5
Assam,Nagaon,Kampur,17.7,2026-03-30,00:00:00,99.0,2026-03-29,00:00:00,2026-03-30 00:09:10,18.650000000000034,Zone 3,32.8,Zone 4,18.4,Zone 3,28.0,Zone 4,24.0,Zone 3,32.6,Zone 4,28.2,Zone 4,37.5,Zone 5,32.8,Zone 4,50.8,Zone 5
Assam,Nagaon,Samaguri Aegcl,19.0,2026-03-30,00:00:00,100.0,2026-03-29,00:00:00,2026-03-30 00:09:10,20.25,Zone 3,35.1,Zone 4,20.3,Zone 3,29.9,Zone 4,25.1,Zone 3,34.8,Zone 4,30.2,Zone 4,45.3,Zone 5,35.1,Zone 4,58.2,Zone 5
Assam,Nalbari,Chamata,31.9,2026-03-30,00:00:00,12.0,2026-03-29,00:00:00,2026-03-30 00:09:10,29.650000000000034,Zone 4,40.3,Zone 4,29.7,Zone 4,36.9,Zone 4,33.5,Zone 4,40.2,Zone 4,37.0,Zone 4,43.5,Zone 4,40.3,Zone 4,46.6,Zone 4
Assam,Nalbari,Nalbari,30.7,2026-03-29,23:45:00,,,,2026-03-30 00:09:10,,,,,,,,,,,,,,,,,,,,
Assam,Nalbari,Nalbari Kvk,19.2,2026-03-30,00:00:00,,,,2026-03-30 00:09:10,,,,,,,,,,,,,,,,,,,,
Assam,Nalbari,Tihu,19.9,2026-03-30,00:00:00,85.0,2026-03-29,00:00:00,2026-03-30 00:09:10,20.650000000000034,Zone 3,35.3,Zone 4,20.8,Zone 3,30.4,Zone 4,25.7,Zone 4,35.0,Zone 4,30.6,Zone 4,42.2,Zone 5,35.3,Zone 4,55.5,Zone 5
Assam,Sivasagar,Sivsagar Aegcl,19.9,2026-03-30,00:00:00,100.0,2026-03-29,00:00:00,2026-03-30 00:09:10,21.350000000000023,Zone 3,36.9,Zone 5,21.5,Zone 3,31.3,Zone 4,26.3,Zone 4,36.3,Zone 4,31.7,Zone 4,50.8,Zone 5,36.9,Zone 5,60.0,Zone 5
Assam,Sonitpur,Dhekiajuli Aegcl,20.1,2026-03-30,00:00:00,100.0,2026-03-29,00:00:00,2026-03-30 00:09:10,21.55000000000001,Zone 3,36.9,Zone 5,21.5,Zone 3,31.3,Zone 4,26.3,Zone 4,36.3,Zone 4,31.7,Zone 4,50.8,Zone 5,36.9,Zone 5,60.0,Zone 5
Assam,Sonitpur,Ghoramara Aegcl,19.5,2026-03-30,00:00:00,100.0,2026-03-29,00:00:00,2026-03-30 00:09:10,20.850000000000023,Zone 3,35.9,Zone 4,20.9,Zone 3,30.6,Zone 4,25.7,Zone 4,35.5,Zone 4,30.9,Zone 4,48.0,Zone 5,35.9,Zone 4,59.4,Zone 5
Assam,Sonitpur,Neriwalam,20.0,2026-03-30,00:00:00,100.0,2026-03-29,00:00:00,2026-03-30 00:09:10,21.450000000000045,Zone 3,36.9,Zone 5,21.5,Zone 3,31.3,Zone 4,26.3,Zone 4,36.3,Zone 4,31.7,Zone 4,50.8,Zone 5,36.9,Zone 5,60.0,Zone 5
Assam,Tamulpur,Mushalpur,20.4,2026-03-30,00:00:00,99.0,2026-03-29,00:00:00,2026-03-30 00:09:10,21.850000000000023,Zone 3,39.0,Zone 5,22.0,Zone 3,31.9,Zone 4,27.0,Zone 4,37.8,Zone 5,32.4,Zone 4,53.0,Zone 5,39.0,Zone 5,60.4,Zone 5
Assam,Tinsukia,Margherita,20.0,2026-03-30,00:00:00,100.0,2026-03-29,00:00:00,2026-03-30 00:09:10,21.450000000000045,Zone 3,36.9,Zone 5,21.5,Zone 3,31.3,Zone 4,26.3,Zone 4,36.3,Zone 4,31.7,Zone 4,50.8,Zone 5,36.9,Zone 5,60.0,Zone 5
Assam,Tinsukia,Tinsukia,20.5,2026-03-30,00:00:00,86.0,2026-03-29,00:00:00,2026-03-30 00:09:10,21.450000000000045,Zone 3,36.1,Zone 4,21.4,Zone 3,31.1,Zone 4,26.4,Zone 4,35.8,Zone 4,31.4,Zone 4,45.2,Zone 5,36.1,Zone 4,58.1,Zone 5
Assam,Udalguri,Rowta Aegcl,19.7,2026-03-30,00:00:00,100.0,2026-03-29,00:00:00,2026-03-30 00:09:10,21.150000000000034,Zone 3,35.9,Zone 4,20.9,Zone 3,30.6,Zone 4,25.7,Zone 4,35.5,Zone 4,30.9,Zone 4,48.0,Zone 5,35.9,Zone 4,59.4,Zone 5
Assam,Udalguri,Udalguri,17.0,2026-03-30,00:00:00,80.0,2026-03-29,00:00:00,2026-03-30 00:09:10,16.850000000000023,Zone 3,31.2,Zone 4,16.9,Zone 3,26.8,Zone 4,23.1,Zone 3,31.0,Zone 4,26.9,Zone 4,35.1,Zone 4,31.2,Zone 4,40.1,Zone 5
Assam,Udalguri,Udi Kvk,19.6,2026-03-30,00:00:00,,,,2026-03-30 00:09:10,,,,,,,,,,,,,,,,,,,,
Bihar,Arwal,Arwal Aws400,24.1,2026-03-30,00:00:00,89.0,2026-03-29,00:00:00,2026-03-30 00:09:10,25.650000000000034,Zone 4,53.9,Zone 5,25.5,Zone 4,36.9,Zone 4,31.7,Zone 4,52.4,Zone 5,37.5,Zone 4,60.7,Zone 5,53.9,Zone 5,63.3,Zone 5
Bihar,Buxar,Buxar,24.0,2026-03-30,00:00:00,83.0,2026-03-29,00:00:00,2026-03-30 00:09:10,25.25,Zone 3,49.0,Zone 5,25.2,Zone 3,36.1,Zone 4,31.1,Zone 4,47.5,Zone 5,36.6,Zone 4,59.7,Zone 5,49.0,Zone 5,62.4,Zone 5
Bihar,Buxar,Dumaraon,23.7,2026-03-30,00:00:00,90.0,2026-03-29,00:00:00,2026-03-30 00:09:10,25.150000000000034,Zone 3,51.5,Zone 5,24.9,Zone 3,36.1,Zone 4,30.9,Zone 4,49.9,Zone 5,36.6,Zone 4,60.2,Zone 5,51.5,Zone 5,62.8,Zone 5
Bihar,Darbhanga,Darbhanga Aws400,21.9,2026-03-30,00:00:00,,,,2026-03-30 00:09:10,,,,,,,,,,,,,,,,,,,,
Bihar,Gaya,Bodhgaya,23.5,2026-03-30,00:00:00,100.0,2026-03-29,00:00:00,2026-03-30 00:09:10,25.25,Zone 3,58.9,Zone 5,25.3,Zone 3,39.9,Zone 5,31.9,Zone 4,57.4,Zone 5,42.0,Zone 5,61.8,Zone 5,58.9,Zone 5,64.2,Zone 5
Bihar,Jehanabad,Jehanabad,23.2,2026-03-29,23:45:00,88.0,2026-03-29,23:45:00,2026-03-30 00:09:10,24.55000000000001,Zone 3,46.6,Zone 5,24.3,Zone 3,35.0,Zone 4,30.0,Zone 4,45.1,Zone 5,35.5,Zone 4,59.1,Zone 5,46.6,Zone 5,61.9,Zone 5
Bihar,Kaimur,Bhabua,26.8,2026-03-30,00:00:00,72.0,2026-03-29,00:00:00,2026-03-30 00:09:10,28.75,Zone 4,57.9,Zone 5,29.0,Zone 4,40.0,Zone 4,35.0,Zone 4,56.5,Zone 5,40.9,Zone 5,61.6,Zone 5,57.9,Zone 5,64.0,Zone 5
Bihar,Krishnaganj,Arrabari,19.5,2026-03-29,23:45:00,100.0,2026-03-29,23:45:00,2026-03-30 00:09:10,20.850000000000023,Zone 3,35.9,Zone 4,20.9,Zone 3,30.6,Zone 4,25.7,Zone 4,35.5,Zone 4,30.9,Zone 4,48.0,Zone 5,35.9,Zone 4,59.4,Zone 5
Bihar,Madhepura,Madhepura,19.9,2026-03-30,00:00:00,100.0,2026-03-29,00:00:00,2026-03-30 00:09:10,21.350000000000023,Zone 3,36.9,Zone 5,21.5,Zone 3,31.3,Zone 4,26.3,Zone 4,36.3,Zone 4,31.7,Zone 4,50.8,Zone 5,36.9,Zone 5,60.0,Zone 5
Bihar,Madhubani,Chanpur Basaitha,22.2,2026-03-30,00:00:00,92.0,2026-03-29,00:00:00,2026-03-30 00:09:10,23.650000000000034,Zone 3,43.3,Zone 5,23.4,Zone 3,33.7,Zone 4,28.7,Zone 4,41.9,Zone 5,34.2,Zone 4,56.9,Zone 5,43.3,Zone 5,61.3,Zone 5
Bihar,Madhubani,Sukhet,21.3,2026-03-30,00:00:00,96.0,2026-03-29,00:00:00,2026-03-30 00:09:10,22.75,Zone 3,43.0,Zone 5,23.0,Zone 3,33.3,Zone 4,28.2,Zone 4,41.6,Zone 5,33.7,Zone 4,56.7,Zone 5,43.0,Zone 5,61.2,Zone 5
Bihar,Munger,Kvk Munger,20.9,2026-03-30,00:00:00,100.0,2026-03-29,00:00:00,2026-03-30 00:09:10,22.55000000000001,Zone 3,42.5,Zone 5,22.6,Zone 3,32.8,Zone 4,27.7,Zone 4,41.2,Zone 5,33.3,Zone 4,56.3,Zone 5,42.5,Zone 5,61.2,Zone 5
Bihar,Nalanda,Harnaut,22.7,2026-03-29,23:45:00,100.0,2026-03-29,23:45:00,2026-03-30 00:09:10,24.450000000000045,Zone 3,52.5,Zone 5,24.3,Zone 3,35.4,Zone 4,30.1,Zone 4,50.9,Zone 5,36.0,Zone 4,60.4,Zone 5,52.5,Zone 5,63.0,Zone 5
Bihar,Patna,Baldwin Academy,24.0,2026-03-30,00:00:00,88.0,2026-03-29,00:00:00,2026-03-30 00:09:10,25.450000000000045,Zone 4,53.1,Zone 5,25.5,Zone 4,36.8,Zone 4,31.6,Zone 4,51.6,Zone 5,37.3,Zone 4,60.5,Zone 5,53.1,Zone 5,63.1,Zone 5
Bihar,Patna,Danapur Dps,26.3,2026-03-30,00:00:00,87.0,2026-03-29,00:00:00,2026-03-30 00:09:10,29.25,Zone 4,61.3,Zone 5,29.7,Zone 4,50.9,Zone 5,36.5,Zone 4,60.9,Zone 5,53.2,Zone 5,63.8,Zone 5,61.3,Zone 5,66.0,Zone 5
Bihar,Patna,Iit Patna,23.3,2026-03-29,23:45:00,100.0,2026-03-29,23:45:00,2026-03-30 00:09:10,25.05000000000001,Zone 3,58.9,Zone 5,25.3,Zone 3,39.9,Zone 5,31.9,Zone 4,57.4,Zone 5,42.0,Zone 5,61.8,Zone 5,58.9,Zone 5,64.2,Zone 5
Bihar,Patna,Kvk Barh,22.3,2026-03-30,00:00:00,,,,2026-03-30 00:09:10,,,,,,,,,,,,,,,,,,,,
Bihar,Patna,Manava Bharati,,,,80.0,2026-03-29,00:00:00,2026-03-30 00:09:10,,,,,,,,,,,,,,,,,,,,
Bihar,Patna,Patna,24.4,2026-03-29,23:45:00,64.0,2026-03-29,23:45:00,2026-03-30 00:09:10,24.950000000000045,Zone 3,39.6,Zone 4,25.0,Zone 3,34.7,Zone 4,30.2,Zone 4,39.3,Zone 4,35.1,Zone 4,50.8,Zone 5,39.6,Zone 4,59.9,Zone 5
Bihar,Rohtas,Dehri,33.9,2026-03-30,00:00:00,80.0,2026-03-29,00:00:00,2026-03-30 00:09:10,63.650000000000034,Zone 5,72.7,Zone 6,64.0,Zone 5,70.1,Zone 5,68.0,Zone 5,72.2,Zone 6,70.5,Zone 5,75.1,Zone 6,72.7,Zone 6,78.0,Zone 6
Bihar,Saharsa,Agwanpur Aws400,20.5,2026-03-30,00:00:00,100.0,2026-03-29,00:00:00,2026-03-30 00:09:10,22.05000000000001,Zone 3,39.6,Zone 5,22.0,Zone 3,32.0,Zone 4,27.0,Zone 4,38.4,Zone 5,32.4,Zone 4,53.6,Zone 5,39.6,Zone 5,60.6,Zone 5
Bihar,Samastipur,Pusa Aws400,21.8,2026-03-30,00:00:00,100.0,2026-03-29,00:00:00,2026-03-30 00:09:10,23.55000000000001,Zone 3,49.1,Zone 5,23.7,Zone 3,34.5,Zone 4,29.3,Zone 4,47.5,Zone 5,35.0,Zone 4,59.7,Zone 5,49.1,Zone 5,62.4,Zone 5
Bihar,Saran,Manjhi,23.2,2026-03-30,00:00:00,100.0,2026-03-29,00:00:00,2026-03-30 00:09:10,24.950000000000045,Zone 3,55.8,Zone 5,24.8,Zone 3,36.7,Zone 5,31.0,Zone 4,54.3,Zone 5,38.5,Zone 5,61.1,Zone 5,55.8,Zone 5,63.6,Zone 5
Bihar,Sasaram,Bikramganj,33.5,2026-03-30,00:00:00,100.0,2026-03-29,00:00:00,2026-03-30 00:09:10,73.15000000000003,Zone 6,81.9,Zone 6,73.1,Zone 6,78.3,Zone 6,76.1,Zone 6,81.2,Zone 6,79.0,Zone 6,84.1,Zone 6,81.9,Zone 6,87.0,Zone 6
Bihar,Sheikpura,Sheikpura Kvk,22.3,2026-03-30,00:00:00,,,,2026-03-30 00:09:10,,,,,,,,,,,,,,,,,,,,
Bihar,Siwan,Ziradei,23.8,2026-03-30,00:00:00,87.0,2026-03-29,00:00:00,2026-03-30 00:09:10,25.150000000000034,Zone 3,52.3,Zone 5,25.4,Zone 4,36.6,Zone 4,31.5,Zone 4,50.7,Zone 5,37.2,Zone 4,60.3,Zone 5,52.3,Zone 5,63.0,Zone 5
Bihar,Supaul,Supaul Aws400,20.7,2026-03-30,00:00:00,99.0,2026-03-29,00:00:00,2026-03-30 00:09:10,22.25,Zone 3,39.0,Zone 5,22.0,Zone 3,31.9,Zone 4,27.0,Zone 4,37.8,Zone 5,32.4,Zone 4,53.0,Zone 5,39.0,Zone 5,60.4,Zone 5
Bihar,Vaishali,Vaishali,22.6,2026-03-29,23:45:00,100.0,2026-03-29,23:45:00,2026-03-30 00:09:10,24.350000000000023,Zone 3,52.5,Zone 5,24.3,Zone 3,35.4,Zone 4,30.1,Zone 4,50.9,Zone 5,36.0,Zone 4,60.4,Zone 5,52.5,Zone 5,63.0,Zone 5
Chandigarh,Chandigarh,Chandigarh,21.1,2026-03-30,00:00:00,,,,2026-03-30 00:09:10,,,,,,,,,,,,,,,,,,,,
Chandigarh,Chandigarh,Dav School,20.9,2026-03-30,00:00:00,75.0,2026-03-29,00:00:00,2026-03-30 00:09:10,21.450000000000045,Zone 3,35.8,Zone 4,21.5,Zone 3,31.0,Zone 4,26.5,Zone 4,35.6,Zone 4,31.3,Zone 4,41.2,Zone 5,35.8,Zone 4,54.7,Zone 5
Chhattisgarh,Balod,Balod Aws400,29.9,2026-03-29,23:45:00,44.0,2026-03-29,23:45:00,2026-03-30 00:09:10,30.55000000000001,Zone 4,45.8,Zone 5,30.7,Zone 4,39.8,Zone 4,35.6,Zone 4,44.4,Zone 5,40.2,Zone 4,59.0,Zone 5,45.8,Zone 5,61.8,Zone 5
Chhattisgarh,Balrampur,Balrampur,24.2,2026-03-30,00:00:00,,,,2026-03-30 00:09:10,,,,,,,,,,,,,,,,,,,,
Chhattisgarh,Balrampur,Balrampur Aws400,20.5,2026-03-30,00:00:00,89.0,2026-03-29,00:00:00,2026-03-30 00:09:10,21.55000000000001,Zone 3,36.4,Zone 4,21.6,Zone 3,31.3,Zone 4,26.5,Zone 4,36.1,Zone 4,31.6,Zone 4,47.0,Zone 5,36.4,Zone 4,59.2,Zone 5
Chhattisgarh,Bemetara,Bemetara,29.8,2026-03-30,00:00:00,31.0,2026-03-29,00:00:00,2026-03-30 00:09:10,29.150000000000034,Zone 4,41.7,Zone 4,29.4,Zone 4,37.6,Zone 4,33.8,Zone 4,41.5,Zone 4,37.9,Zone 4,45.9,Zone 5,41.7,Zone 4,58.6,Zone 5
Chhattisgarh,Bemetara,Bemetara Durg,30.4,2026-03-30,00:00:00,34.0,2026-03-29,00:00:00,2026-03-30 00:09:10,30.150000000000034,Zone 4,43.0,Zone 4,30.2,Zone 4,38.7,Zone 4,34.8,Zone 4,42.7,Zone 4,39.0,Zone 4,51.2,Zone 5,43.0,Zone 4,60.0,Zone 5
Chhattisgarh,Bilaspur,Bilaspur,26.4,2026-03-30,00:00:00,48.0,2026-03-29,00:00:00,2026-03-30 00:09:10,26.450000000000045,Zone 4,40.2,Zone 4,26.6,Zone 4,35.6,Zone 4,31.4,Zone 4,39.9,Zone 4,35.9,Zone 4,47.3,Zone 5,40.2,Zone 4,59.2,Zone 5
Chhattisgarh,Janjgir Champa,Janjgir,,,,63.0,2026-03-29,00:00:00,2026-03-30 00:09:10,,,,,,,,,,,,,,,,,,,,
Chhattisgarh,Janjgir Champa,Nawagarh,27.2,2026-03-30,00:00:00,44.0,2026-03-29,00:00:00,2026-03-30 00:09:10,27.150000000000034,Zone 4,40.2,Zone 4,27.0,Zone 4,35.8,Zone 4,31.7,Zone 4,40.0,Zone 4,36.1,Zone 4,46.0,Zone 5,40.2,Zone 4,58.7,Zone 5
Chhattisgarh,Janjgir Champa,Sakti,26.3,2026-03-29,23:45:00,53.0,2026-03-29,23:45:00,2026-03-30 00:09:10,26.650000000000034,Zone 4,41.0,Zone 4,26.9,Zone 4,36.2,Zone 4,31.9,Zone 4,40.7,Zone 4,36.6,Zone 4,51.6,Zone 5,41.0,Zone 4,60.1,Zone 5
Chhattisgarh,Jashpur,Bagicha,22.7,2026-03-29,23:45:00,65.0,2026-03-29,23:45:00,2026-03-30 00:09:10,23.05000000000001,Zone 3,36.9,Zone 4,22.8,Zone 3,32.2,Zone 4,27.8,Zone 4,36.6,Zone 4,32.5,Zone 4,41.9,Zone 5,36.9,Zone 4,55.3,Zone 5
Chhattisgarh,Jashpur,Jashpur,24.0,2026-03-30,00:00:00,51.0,2026-03-29,00:00:00,2026-03-30 00:09:10,23.850000000000023,Zone 3,37.3,Zone 4,23.9,Zone 3,32.9,Zone 4,28.7,Zone 4,37.1,Zone 4,33.1,Zone 4,41.1,Zone 4,37.3,Zone 4,52.5,Zone 5
Chhattisgarh,Jashpur,Pathalgaon,26.8,2026-03-29,23:45:00,39.0,2026-03-29,23:45:00,2026-03-30 00:09:10,26.450000000000045,Zone 4,39.4,Zone 4,26.7,Zone 4,35.2,Zone 4,31.2,Zone 4,39.2,Zone 4,35.4,Zone 4,43.1,Zone 4,39.4,Zone 4,55.1,Zone 5
Chhattisgarh,Kabirdham,Chilpi,21.9,2026-03-30,00:00:00,58.0,2026-03-29,00:00:00,2026-03-30 00:09:10,21.75,Zone 3,35.5,Zone 4,21.9,Zone 3,31.2,Zone 4,26.9,Zone 4,35.4,Zone 4,31.4,Zone 4,39.4,Zone 4,35.5,Zone 4,49.0,Zone 5
Chhattisgarh,Kabirdham,Kawardha,28.3,2026-03-29,23:45:00,26.0,2026-03-29,23:45:00,2026-03-30 00:09:10,27.25,Zone 4,39.2,Zone 4,27.5,Zone 4,35.4,Zone 4,31.6,Zone 4,39.1,Zone 4,35.5,Zone 4,42.6,Zone 4,39.2,Zone 4,49.3,Zone 5
Chhattisgarh,Kabirdham,Pandaria,30.2,2026-03-29,23:45:00,45.0,2026-03-29,23:45:00,2026-03-30 00:09:10,31.05000000000001,Zone 4,47.0,Zone 5,30.8,Zone 4,40.0,Zone 4,35.7,Zone 4,45.6,Zone 5,40.4,Zone 4,59.3,Zone 5,47.0,Zone 5,62.0,Zone 5
Chhattisgarh,Korba,Lakhanpur Kvk,26.8,2026-03-30,00:00:00,,,,2026-03-30 00:09:10,,,,,,,,,,,,,,,,,,,,
Chhattisgarh,Koriya,Koriya Kvk,25.1,2026-03-30,00:00:00,,,,2026-03-30 00:09:10,,,,,,,,,,,,,,,,,,,,
Chhattisgarh,Mahasamund,Pithora,25.2,2026-03-29,23:45:00,53.0,2026-03-29,23:45:00,2026-03-30 00:09:10,25.350000000000023,Zone 4,38.8,Zone 4,25.1,Zone 3,34.3,Zone 4,30.0,Zone 4,38.6,Zone 4,34.6,Zone 4,44.6,Zone 5,38.8,Zone 4,57.6,Zone 5
Chhattisgarh,Mungeli,Lormi,26.7,2026-03-29,23:45:00,51.0,2026-03-29,23:45:00,2026-03-30 00:09:10,27.05000000000001,Zone 4,40.6,Zone 4,26.8,Zone 4,36.0,Zone 4,31.7,Zone 4,40.4,Zone 4,36.3,Zone 4,49.9,Zone 5,40.6,Zone 4,59.8,Zone 5
Chhattisgarh,Mungeli,Mungeli,26.9,2026-03-29,23:45:00,50.0,2026-03-29,23:45:00,2026-03-30 00:09:10,27.25,Zone 4,41.2,Zone 4,27.3,Zone 4,36.5,Zone 4,32.3,Zone 4,40.9,Zone 4,36.9,Zone 4,51.3,Zone 5,41.2,Zone 4,60.1,Zone 5
Chhattisgarh,Mungeli,Mungeli Aws400,25.0,2026-03-30,00:00:00,52.0,2026-03-29,00:00:00,2026-03-30 00:09:10,25.05000000000001,Zone 3,38.7,Zone 4,25.1,Zone 3,34.2,Zone 4,30.0,Zone 4,38.5,Zone 4,34.5,Zone 4,43.8,Zone 5,38.7,Zone 4,57.0,Zone 5
Chhattisgarh,Pendra Road,Pendra Road,24.5,2026-03-30,00:00:00,35.0,2026-03-29,00:00:00,2026-03-30 00:09:10,23.650000000000034,Zone 3,36.2,Zone 4,23.6,Zone 3,32.2,Zone 4,28.3,Zone 4,36.0,Zone 4,32.4,Zone 4,39.7,Zone 4,36.2,Zone 4,43.1,Zone 4
Chhattisgarh,Raigarh,Dharamjaigarh,27.2,2026-03-30,00:00:00,47.0,2026-03-29,00:00:00,2026-03-30 00:09:10,27.350000000000023,Zone 4,40.7,Zone 4,27.1,Zone 4,36.2,Zone 4,32.0,Zone 4,40.4,Zone 4,36.4,Zone 4,48.7,Zone 5,40.7,Zone 4,59.5,Zone 5
Chhattisgarh,Raigarh,Raigarh,25.6,2026-03-29,23:45:00,60.0,2026-03-29,23:45:00,2026-03-30 00:09:10,26.150000000000034,Zone 4,40.6,Zone 4,26.0,Zone 4,35.7,Zone 4,31.2,Zone 4,40.3,Zone 4,36.1,Zone 4,52.6,Zone 5,40.6,Zone 4,60.3,Zone 5
Chhattisgarh,Raipur,Raipur,28.6,2026-03-30,00:00:00,33.0,2026-03-29,00:00:00,2026-03-30 00:09:10,28.05000000000001,Zone 4,40.3,Zone 4,27.9,Zone 4,36.2,Zone 4,32.3,Zone 4,40.1,Zone 4,36.4,Zone 4,43.8,Zone 4,40.3,Zone 4,55.5,Zone 5
Chhattisgarh,Rajnandgaon,Rajnandgaon,28.3,2026-03-30,00:00:00,35.0,2026-03-29,00:00:00,2026-03-30 00:09:10,27.850000000000023,Zone 4,40.6,Zone 4,28.1,Zone 4,36.5,Zone 4,32.5,Zone 4,40.4,Zone 4,36.7,Zone 4,44.2,Zone 4,40.6,Zone 4,57.1,Zone 5
Chhattisgarh,Sukma,Sukma,29.5,2026-03-30,00:00:00,63.0,2026-03-29,00:00:00,2026-03-30 00:09:10,32.25,Zone 4,60.3,Zone 5,32.3,Zone 4,45.8,Zone 5,38.2,Zone 4,59.9,Zone 5,48.1,Zone 5,62.9,Zone 5,60.3,Zone 5,65.2,Zone 5
Dadra And Nagar Haveli,Dadar Nagar,Silvassa,26.2,2026-03-30,00:00:00,99.0,2026-03-29,00:00:00,2026-03-30 00:09:10,30.450000000000045,Zone 4,63.0,Zone 5,30.0,Zone 4,58.7,Zone 5,40.9,Zone 5,62.6,Zone 5,59.5,Zone 5,65.2,Zone 5,63.0,Zone 5,67.2,Zone 5
Daman And Diu,Daman,Daman Aws,26.4,2026-03-30,00:00:00,92.0,2026-03-29,00:00:00,2026-03-30 00:09:10,30.05000000000001,Zone 4,62.4,Zone 5,30.2,Zone 4,56.0,Zone 5,37.7,Zone 5,62.0,Zone 5,58.1,Zone 5,64.7,Zone 5,62.4,Zone 5,66.8,Zone 5
Delhi,Central Delhi,Pragati Maidan,26.1,2026-03-29,23:45:00,,,,2026-03-30 00:09:10,,,,,,,,,,,,,,,,,,,,
Delhi,Delhi,Kvk Crpf Campus,26.0,2026-03-30,00:00:00,54.0,2026-03-29,00:00:00,2026-03-30 00:09:10,26.350000000000023,Zone 4,40.4,Zone 4,26.3,Zone 4,35.7,Zone 4,31.4,Zone 4,40.1,Zone 4,36.0,Zone 4,50.1,Zone 5,40.4,Zone 4,59.8,Zone 5
Delhi,Delhi,Kv Janakpuri,24.7,2026-03-30,00:00:00,65.0,2026-03-29,00:00:00,2026-03-30 00:09:10,25.25,Zone 3,39.8,Zone 4,25.1,Zone 3,34.9,Zone 4,30.3,Zone 4,39.5,Zone 4,35.2,Zone 4,51.6,Zone 5,39.8,Zone 4,60.1,Zone 5
Delhi,Delhi,Kv Narayna,23.2,2026-03-30,00:00:00,63.0,2026-03-29,00:00:00,2026-03-30 00:09:10,23.55000000000001,Zone 3,37.3,Zone 4,23.3,Zone 3,32.7,Zone 4,28.3,Zone 4,37.1,Zone 4,32.9,Zone 4,42.8,Zone 5,37.3,Zone 4,56.1,Zone 5
Delhi,Delhi,Pharma Science And Research Un,25.4,2026-03-30,00:00:00,61.0,2026-03-29,00:00:00,2026-03-30 00:09:10,25.950000000000045,Zone 4,40.8,Zone 4,26.1,Zone 4,35.8,Zone 4,31.3,Zone 4,40.4,Zone 4,36.2,Zone 4,53.4,Zone 5,40.8,Zone 4,60.5,Zone 5
Delhi,East Delhi,Salwan Public School,25.9,2026-03-30,00:00:00,53.0,2026-03-29,00:00:00,2026-03-30 00:09:10,26.150000000000034,Zone 4,40.2,Zone 4,26.3,Zone 4,35.6,Zone 4,31.3,Zone 4,39.9,Zone 4,35.9,Zone 4,49.2,Zone 5,40.2,Zone 4,59.6,Zone 5
Delhi,New Delhi,Sports Complex,27.5,2026-03-30,00:00:00,73.0,2026-03-29,00:00:00,2026-03-30 00:09:10,29.950000000000045,Zone 4,59.7,Zone 5,30.0,Zone 4,43.2,Zone 5,36.1,Zone 4,59.3,Zone 5,45.4,Zone 5,62.4,Zone 5,59.7,Zone 5,64.8,Zone 5
Delhi,North West Delhi,Mungeshpur,22.9,2026-03-30,00:00:00,80.0,2026-03-29,00:00:00,2026-03-30 00:09:10,23.950000000000045,Zone 3,40.6,Zone 5,24.0,Zone 3,34.2,Zone 4,29.4,Zone 4,39.3,Zone 5,34.6,Zone 4,54.6,Zone 5,40.6,Zone 5,60.8,Zone 5
Delhi,North West Delhi,Pitampura,27.8,2026-03-30,00:00:00,68.0,2026-03-29,00:00:00,2026-03-30 00:09:10,29.950000000000045,Zone 4,59.3,Zone 5,30.3,Zone 4,41.3,Zone 5,36.3,Zone 4,58.6,Zone 5,43.4,Zone 5,62.1,Zone 5,59.3,Zone 5,64.5,Zone 5
Delhi,South Delhi,Lodi Road,25.2,2026-03-30,00:00:00,90.0,2026-03-29,00:00:00,2026-03-30 00:09:10,27.55000000000001,Zone 4,59.5,Zone 5,27.2,Zone 4,42.2,Zone 5,33.7,Zone 4,59.1,Zone 5,44.3,Zone 5,62.2,Zone 5,59.5,Zone 5,64.6,Zone 5
Delhi,South West Delhi,Ayanagar,23.3,2026-03-30,00:00:00,64.0,2026-03-29,00:00:00,2026-03-30 00:09:10,23.650000000000034,Zone 3,38.2,Zone 4,23.9,Zone 3,33.4,Zone 4,29.0,Zone 4,37.9,Zone 4,33.7,Zone 4,45.9,Zone 5,38.2,Zone 4,58.6,Zone 5
Delhi,South West Delhi,Ignou,23.7,2026-03-29,23:30:00,57.0,2026-03-29,23:30:00,2026-03-30 00:09:10,23.850000000000023,Zone 3,37.3,Zone 4,23.6,Zone 3,32.8,Zone 4,28.5,Zone 4,37.1,Zone 4,33.1,Zone 4,41.2,Zone 4,37.3,Zone 4,54.4,Zone 5
Delhi,South West Delhi,Jafarpur,25.3,2026-03-30,00:00:00,,,,2026-03-30 00:09:10,,,,,,,,,,,,,,,,,,,,
Goa,North Goa,Goa State Biodiversity Board,25.5,2026-03-30,00:00:00,92.0,2026-03-29,00:00:00,2026-03-30 00:09:10,28.25,Zone 4,60.7,Zone 5,28.2,Zone 4,48.0,Zone 5,35.1,Zone 4,60.3,Zone 5,50.3,Zone 5,63.3,Zone 5,60.7,Zone 5,65.5,Zone 5
Goa,North Goa,Mapusa,25.2,2026-03-29,23:45:00,,,,2026-03-30 00:09:10,,,,,,,,,,,,,,,,,,,,
Goa,Panaji,Altinho Imdoffice,25.0,2026-03-30,00:00:00,42.0,2026-03-29,00:00:00,2026-03-30 00:09:10,24.650000000000034,Zone 3,37.5,Zone 4,24.6,Zone 3,33.3,Zone 4,29.3,Zone 4,37.3,Zone 4,33.5,Zone 4,41.1,Zone 4,37.5,Zone 4,50.0,Zone 5
Gujarat,Ahmedabad,Ahmedabad,29.8,2026-03-30,00:00:00,68.0,2026-03-29,00:00:00,2026-03-30 00:09:10,33.650000000000034,Zone 4,62.3,Zone 5,34.1,Zone 4,55.8,Zone 5,40.5,Zone 4,61.9,Zone 5,57.9,Zone 5,64.7,Zone 5,62.3,Zone 5,66.7,Zone 5
Gujarat,Ahmedabad,Dhorela,27.4,2026-03-29,23:45:00,92.0,2026-03-29,23:45:00,2026-03-30 00:09:10,32.35000000000002,Zone 4,64.1,Zone 5,32.6,Zone 4,60.2,Zone 5,47.0,Zone 5,63.7,Zone 5,60.8,Zone 5,66.2,Zone 5,64.1,Zone 5,68.0,Zone 5
Gujarat,Ahmedabad,Science City,27.9,2026-03-30,00:00:00,60.0,2026-03-29,00:00:00,2026-03-30 00:09:10,29.350000000000023,Zone 4,52.4,Zone 5,29.5,Zone 4,39.6,Zone 4,35.0,Zone 4,50.9,Zone 5,40.1,Zone 4,60.4,Zone 5,52.4,Zone 5,63.0,Zone 5
Gujarat,Amreli,Dhari Aws400,25.4,2026-03-30,00:00:00,87.0,2026-03-29,00:00:00,2026-03-30 00:09:10,27.650000000000034,Zone 4,59.7,Zone 5,27.8,Zone 4,43.0,Zone 5,34.3,Zone 4,59.3,Zone 5,45.2,Zone 5,62.4,Zone 5,59.7,Zone 5,64.8,Zone 5
Gujarat,Amreli,Rajula,28.8,2026-03-30,00:00:00,69.0,2026-03-29,00:00:00,2026-03-30 00:09:10,31.850000000000023,Zone 4,61.1,Zone 5,32.2,Zone 4,49.6,Zone 5,38.5,Zone 4,60.7,Zone 5,52.0,Zone 5,63.6,Zone 5,61.1,Zone 5,65.8,Zone 5
Gujarat,Anand,Khambhat Aws400,27.5,2026-03-30,00:00:00,89.0,2026-03-29,00:00:00,2026-03-30 00:09:10,32.05000000000001,Zone 4,63.4,Zone 5,32.1,Zone 4,59.4,Zone 5,43.1,Zone 5,63.0,Zone 5,60.0,Zone 5,65.6,Zone 5,63.4,Zone 5,67.5,Zone 5
Gujarat,Arawali,Modasa,25.3,2026-03-29,23:15:00,,,,2026-03-30 00:09:10,,,,,,,,,,,,,,,,,,,,
Gujarat,Banaskantha,Ambaji Temple,26.3,2026-03-29,23:30:00,60.0,2026-03-29,23:30:00,2026-03-30 00:09:10,27.05000000000001,Zone 4,43.6,Zone 5,27.3,Zone 4,37.2,Zone 4,32.7,Zone 4,42.3,Zone 5,37.6,Zone 4,57.3,Zone 5,43.6,Zone 5,61.4,Zone 5
Gujarat,Banaskantha,Dantewada Amfu,43.3,2026-03-30,00:00:00,76.0,2026-03-29,00:00:00,2026-03-30 00:09:10,96.65000000000003,Zone 6,106.0,Zone 6,97.5,Zone 6,102.3,Zone 6,100.3,Zone 6,105.1,Zone 6,103.2,Zone 6,107.9,Zone 6,106.0,Zone 6,110.7,Zone 6
Gujarat,Banaskantha,Tharad Aws400,25.1,2026-03-30,00:00:00,69.0,2026-03-29,00:00:00,2026-03-30 00:09:10,26.05000000000001,Zone 4,43.2,Zone 5,25.9,Zone 4,36.0,Zone 4,31.4,Zone 4,41.9,Zone 5,36.5,Zone 4,56.9,Zone 5,43.2,Zone 5,61.3,Zone 5
Gujarat,Bhavnagar,Bhavnagar,27.7,2026-03-30,00:00:00,50.0,2026-03-29,00:00:00,2026-03-30 00:09:10,28.25,Zone 4,41.9,Zone 4,27.9,Zone 4,37.2,Zone 4,32.9,Zone 4,41.6,Zone 4,37.6,Zone 4,53.6,Zone 5,41.9,Zone 4,60.6,Zone 5
Gujarat,Bhavnagar,Talaja Aws400,27.4,2026-03-30,00:00:00,62.0,2026-03-29,00:00:00,2026-03-30 00:09:10,28.75,Zone 4,51.5,Zone 5,28.9,Zone 4,39.1,Zone 4,34.4,Zone 4,49.9,Zone 5,39.6,Zone 4,60.2,Zone 5,51.5,Zone 5,62.8,Zone 5
Gujarat,Botad,Botad,26.7,2026-03-30,00:00:00,62.0,2026-03-29,00:00:00,2026-03-30 00:09:10,27.75,Zone 4,45.5,Zone 5,27.5,Zone 4,37.5,Zone 4,32.9,Zone 4,44.1,Zone 5,37.9,Zone 4,58.7,Zone 5,45.5,Zone 5,61.7,Zone 5
Gujarat,Dahod,Dahod Kvk,26.1,2026-03-30,00:00:00,50.0,2026-03-29,00:00:00,2026-03-30 00:09:10,26.25,Zone 4,39.8,Zone 4,26.1,Zone 4,35.2,Zone 4,31.0,Zone 4,39.5,Zone 4,35.5,Zone 4,46.7,Zone 5,39.8,Zone 4,59.1,Zone 5
Gujarat,Dang,Dang Kvk,23.7,2026-03-30,00:00:00,74.0,2026-03-29,00:00:00,2026-03-30 00:09:10,24.55000000000001,Zone 3,39.5,Zone 4,24.3,Zone 3,34.3,Zone 4,29.6,Zone 4,39.1,Zone 4,34.7,Zone 4,53.1,Zone 5,39.5,Zone 4,60.4,Zone 5
Gujarat,Gandhinagar,Gandhinagar,29.4,2026-03-29,23:45:00,65.0,2026-03-29,23:45:00,2026-03-30 00:09:10,32.35000000000002,Zone 4,60.8,Zone 5,32.6,Zone 4,48.3,Zone 5,38.7,Zone 4,60.4,Zone 5,50.6,Zone 5,63.3,Zone 5,60.8,Zone 5,65.6,Zone 5
Gujarat,Gir Somnath,Veraval   Aws400,26.4,2026-03-30,00:00:00,91.0,2026-03-29,00:00:00,2026-03-30 00:09:10,29.950000000000045,Zone 4,62.2,Zone 5,30.1,Zone 4,55.0,Zone 5,37.3,Zone 4,61.8,Zone 5,57.2,Zone 5,64.5,Zone 5,62.2,Zone 5,66.6,Zone 5
Gujarat,Kachchh,Bachau Amfu,26.8,2026-03-30,00:00:00,64.0,2026-03-29,00:00:00,2026-03-30 00:09:10,28.05000000000001,Zone 4,50.5,Zone 5,28.3,Zone 4,38.6,Zone 4,33.9,Zone 4,48.9,Zone 5,39.1,Zone 4,60.0,Zone 5,50.5,Zone 5,62.6,Zone 5
Gujarat,Kachchh,Bhuj,,,,77.0,2026-03-29,00:00:00,2026-03-30 00:09:10,,,,,,,,,,,,,,,,,,,,
Gujarat,Kachchh,Kandla,27.2,2026-03-30,00:00:00,73.0,2026-03-29,00:00:00,2026-03-30 00:09:10,29.450000000000045,Zone 4,58.8,Zone 5,29.1,Zone 4,40.2,Zone 4,35.2,Zone 4,57.4,Zone 5,41.9,Zone 5,61.8,Zone 5,58.8,Zone 5,64.2,Zone 5
Gujarat,Kachchh,Mundra,26.3,2026-03-30,00:00:00,46.0,2026-03-29,00:00:00,2026-03-30 00:09:10,26.25,Zone 4,39.8,Zone 4,26.5,Zone 4,35.4,Zone 4,31.3,Zone 4,39.6,Zone 4,35.7,Zone 4,45.5,Zone 5,39.8,Zone 4,58.3,Zone 5
Gujarat,Kachchh,Rapar,26.8,2026-03-29,23:45:00,65.0,2026-03-29,23:45:00,2026-03-30 00:09:10,28.150000000000034,Zone 4,51.5,Zone 5,28.4,Zone 4,38.8,Zone 4,34.0,Zone 4,49.9,Zone 5,39.2,Zone 4,60.2,Zone 5,51.5,Zone 5,62.8,Zone 5
Gujarat,Mahesana,Jagudan,27.9,2026-03-29,23:45:00,61.0,2026-03-29,23:45:00,2026-03-30 00:09:10,29.450000000000045,Zone 4,53.4,Zone 5,29.6,Zone 4,39.8,Zone 4,35.1,Zone 4,51.9,Zone 5,40.3,Zone 4,60.6,Zone 5,53.4,Zone 5,63.2,Zone 5
Gujarat,Morbi,Halwad,27.0,2026-03-30,00:00:00,73.0,2026-03-29,00:00:00,2026-03-30 00:09:10,29.150000000000034,Zone 4,58.8,Zone 5,29.1,Zone 4,40.2,Zone 4,35.2,Zone 4,57.4,Zone 5,41.9,Zone 5,61.8,Zone 5,58.8,Zone 5,64.2,Zone 5
Gujarat,Panchmahal,Godra,,,,72.0,2026-03-29,23:45:00,2026-03-30 00:09:10,,,,,,,,,,,,,,,,,,,,
Gujarat,Patan,Patan,28.2,2026-03-30,00:00:00,57.0,2026-03-29,00:00:00,2026-03-30 00:09:10,29.450000000000045,Zone 4,49.2,Zone 5,29.2,Zone 4,39.1,Zone 4,34.5,Zone 4,47.7,Zone 5,39.5,Zone 4,59.7,Zone 5,49.2,Zone 5,62.4,Zone 5
Gujarat,Porbandar,Porbandar,26.8,2026-03-30,00:00:00,85.0,2026-03-29,00:00:00,2026-03-30 00:09:10,30.05000000000001,Zone 4,61.7,Zone 5,30.4,Zone 4,52.7,Zone 5,37.3,Zone 4,61.3,Zone 5,55.0,Zone 5,64.1,Zone 5,61.7,Zone 5,66.2,Zone 5
Gujarat,Sabarkantha,Bayad,28.1,2026-03-30,00:00:00,64.0,2026-03-29,00:00:00,2026-03-30 00:09:10,30.05000000000001,Zone 4,56.4,Zone 5,29.9,Zone 4,40.4,Zone 4,35.6,Zone 4,54.9,Zone 5,40.9,Zone 4,61.2,Zone 5,56.4,Zone 5,63.7,Zone 5
Gujarat,Sabarkantha,Himatnagar,24.0,2026-03-30,00:00:00,75.0,2026-03-29,00:00:00,2026-03-30 00:09:10,24.950000000000045,Zone 3,42.4,Zone 5,24.9,Zone 3,35.2,Zone 4,30.4,Zone 4,41.1,Zone 5,35.6,Zone 4,56.3,Zone 5,42.4,Zone 5,61.1,Zone 5
Gujarat,Surat,Surat Kvk,27.6,2026-03-30,00:00:00,,,,2026-03-30 00:09:10,,,,,,,,,,,,,,,,,,,,
Gujarat,Surendranagar,Surendranagar,27.1,2026-03-30,00:00:00,60.0,2026-03-29,00:00:00,2026-03-30 00:09:10,28.150000000000034,Zone 4,46.5,Zone 5,28.0,Zone 4,38.0,Zone 4,33.4,Zone 4,45.0,Zone 5,38.4,Zone 4,59.1,Zone 5,46.5,Zone 5,61.9,Zone 5
Gujarat,Vadodara,Vadodara Aws400,28.3,2026-03-30,00:00:00,59.0,2026-03-29,00:00:00,2026-03-30 00:09:10,29.850000000000023,Zone 4,54.3,Zone 5,30.1,Zone 4,40.3,Zone 4,35.6,Zone 4,52.7,Zone 5,40.8,Zone 4,60.8,Zone 5,54.3,Zone 5,63.3,Zone 5
Haryana,Bhiwani,Bhiwani,26.8,2026-03-30,00:00:00,,,,2026-03-30 00:09:10,,,,,,,,,,,,,,,,,,,,
Haryana,Charkhi Dadri,Revenue Office Aws400,25.1,2026-03-30,00:00:00,68.0,2026-03-29,00:00:00,2026-03-30 00:09:10,25.950000000000045,Zone 4,42.4,Zone 5,25.8,Zone 4,35.9,Zone 4,31.3,Zone 4,41.1,Zone 5,36.3,Zone 4,56.2,Zone 5,42.4,Zone 5,61.1,Zone 5
Haryana,Gurgaon,Gurgaon,21.6,2026-03-30,00:00:00,73.0,2026-03-29,00:00:00,2026-03-30 00:09:10,22.150000000000034,Zone 3,36.3,Zone 4,22.0,Zone 3,31.5,Zone 4,27.0,Zone 4,36.1,Zone 4,31.8,Zone 4,42.3,Zone 5,36.3,Zone 4,55.7,Zone 5
Haryana,Gurgaon,Gurgaon Kvk,25.8,2026-03-30,00:00:00,17.0,2026-03-29,00:00:00,2026-03-30 00:09:10,24.150000000000034,Zone 3,35.8,Zone 4,24.4,Zone 3,32.3,Zone 4,28.7,Zone 4,35.7,Zone 4,32.3,Zone 4,39.0,Zone 4,35.8,Zone 4,42.2,Zone 4
Haryana,Gurgaon,Northcap University,24.8,2026-03-30,00:00:00,62.0,2026-03-29,00:00:00,2026-03-30 00:09:10,25.25,Zone 3,40.1,Zone 4,25.5,Zone 4,35.2,Zone 4,30.7,Zone 4,39.8,Zone 4,35.6,Zone 4,51.7,Zone 5,40.1,Zone 4,60.1,Zone 5
Haryana,Jind,Pandu Pindara,22.5,2026-03-30,00:00:00,,,,2026-03-30 00:09:10,,,,,,,,,,,,,,,,,,,,
Haryana,Karnal,Indri Rest House,22.3,2026-03-30,00:00:00,,,,2026-03-30 00:09:10,,,,,,,,,,,,,,,,,,,,
Haryana,Karnal,Karnal,22.2,2026-03-30,00:00:00,,,,2026-03-30 00:09:10,,,,,,,,,,,,,,,,,,,,
Haryana,Karnal,Uchani,24.2,2026-03-30,00:00:00,77.0,2026-03-29,00:00:00,2026-03-30 00:09:10,25.25,Zone 3,44.0,Zone 5,25.0,Zone 3,35.4,Zone 4,30.6,Zone 4,42.6,Zone 5,35.8,Zone 4,57.6,Zone 5,44.0,Zone 5,61.5,Zone 5
Haryana,Mahendragarh,Mahendragarh Aws,21.9,2026-03-30,00:00:00,82.0,2026-03-29,00:00:00,2026-03-30 00:09:10,22.850000000000023,Zone 3,38.0,Zone 4,23.0,Zone 3,32.9,Zone 4,28.1,Zone 4,37.7,Zone 4,33.2,Zone 4,50.7,Zone 5,38.0,Zone 4,59.9,Zone 5
Haryana,Mewat,Mandkola,23.6,2026-03-30,00:00:00,18.0,2026-03-29,00:00:00,2026-03-30 00:09:10,21.450000000000045,Zone 3,33.8,Zone 4,21.3,Zone 3,30.3,Zone 4,26.6,Zone 4,33.8,Zone 4,30.3,Zone 4,37.0,Zone 4,33.8,Zone 4,40.2,Zone 4
Haryana,Mewat,Nuh,26.8,2026-03-30,00:00:00,,,,2026-03-30 00:09:10,,,,,,,,,,,,,,,,,,,,
Haryana,Palwal,Palwal Water Service Division,25.9,2026-03-29,23:45:00,,,,2026-03-30 00:09:10,,,,,,,,,,,,,,,,,,,,
Haryana,Panipat,Ujha,21.9,2026-03-30,00:00:00,99.0,2026-03-29,00:00:00,2026-03-30 00:09:10,23.55000000000001,Zone 3,48.4,Zone 5,23.7,Zone 3,34.4,Zone 4,29.2,Zone 4,46.8,Zone 5,34.9,Zone 4,59.5,Zone 5,48.4,Zone 5,62.2,Zone 5
Haryana,Rohtak,Canal Rest House,22.0,2026-03-30,00:00:00,72.0,2026-03-29,00:00:00,2026-03-30 00:09:10,22.55000000000001,Zone 3,36.9,Zone 4,22.6,Zone 3,32.1,Zone 4,27.6,Zone 4,36.6,Zone 4,32.4,Zone 4,44.1,Zone 5,36.9,Zone 4,57.2,Zone 5
Haryana,Rohtak,Rohtak,24.5,2026-03-30,00:00:00,60.0,2026-03-29,00:00:00,2026-03-30 00:09:10,24.850000000000023,Zone 3,39.1,Zone 4,24.9,Zone 3,34.3,Zone 4,29.9,Zone 4,38.8,Zone 4,34.6,Zone 4,47.7,Zone 5,39.1,Zone 4,59.3,Zone 5
Haryana,Sirsa,Canal Colony Village Ottu,22.3,2026-03-30,00:00:00,,,,2026-03-30 00:09:10,,,,,,,,,,,,,,,,,,,,
Haryana,Sirsa,Sirsa,22.2,2026-03-30,00:00:00,100.0,2026-03-29,00:00:00,2026-03-30 00:09:10,23.950000000000045,Zone 3,49.1,Zone 5,23.7,Zone 3,34.5,Zone 4,29.3,Zone 4,47.5,Zone 5,35.0,Zone 4,59.7,Zone 5,49.1,Zone 5,62.4,Zone 5
Haryana,Sonipat,Canal Resthouse Saragthal,19.4,2026-03-30,00:00:00,100.0,2026-03-29,00:00:00,2026-03-30 00:09:10,20.75,Zone 3,35.9,Zone 4,20.9,Zone 3,30.6,Zone 4,25.7,Zone 4,35.5,Zone 4,30.9,Zone 4,48.0,Zone 5,35.9,Zone 4,59.4,Zone 5
Haryana,Sonipat,Jagdishpur,21.4,2026-03-30,00:00:00,,,,2026-03-30 00:09:10,,,,,,,,,,,,,,,,,,,,
Haryana,Yamunanagar,Hathinkundberaj,24.5,2026-03-30,00:00:00,46.0,2026-03-29,00:00:00,2026-03-30 00:09:10,24.25,Zone 3,37.3,Zone 4,24.2,Zone 3,33.1,Zone 4,29.0,Zone 4,37.1,Zone 4,33.3,Zone 4,41.0,Zone 4,37.3,Zone 4,51.0,Zone 5
Himachal Pradesh,Bilaspur,Bilaspur Kvk,15.0,2026-03-30,00:00:00,100.0,2026-03-29,00:00:00,2026-03-30 00:09:10,15.25,Zone 3,29.8,Zone 4,15.3,Zone 3,25.3,Zone 3,22.0,Zone 3,29.6,Zone 4,25.4,Zone 4,33.8,Zone 4,29.8,Zone 4,40.0,Zone 5
Himachal Pradesh,Hamirpur,Hamirpur Neri,19.9,2026-03-30,00:00:00,68.0,2026-03-29,00:00:00,2026-03-30 00:09:10,19.850000000000023,Zone 3,33.9,Zone 4,20.0,Zone 3,29.5,Zone 4,25.2,Zone 3,33.8,Zone 4,29.7,Zone 4,37.8,Zone 4,33.9,Zone 4,46.5,Zone 5
Himachal Pradesh,Kinnaur,Pooh,5.5,2026-03-29,23:30:00,30.0,2026-03-29,23:30:00,2026-03-30 00:09:10,3.75,Zone 2,22.1,Zone 3,3.7,Zone 2,18.7,Zone 3,12.4,Zone 2,22.3,Zone 3,18.3,Zone 3,24.7,Zone 3,22.1,Zone 3,27.4,Zone 4
Himachal Pradesh,Kullu,Seobagh Amfu,,,,92.0,2026-03-29,00:00:00,2026-03-30 00:09:10,,,,,,,,,,,,,,,,,,,,
Himachal Pradesh,Lahaul And Spiti,Tabo,4.3,2026-03-30,00:00:00,72.0,2026-03-29,00:00:00,2026-03-30 00:09:10,3.650000000000034,Zone 2,22.0,Zone 3,3.8,Zone 2,18.6,Zone 3,12.5,Zone 2,22.2,Zone 3,18.3,Zone 3,24.6,Zone 3,22.0,Zone 3,27.2,Zone 4
Himachal Pradesh,Mandi,Sundernagar Kvk,14.3,2026-03-30,00:00:00,100.0,2026-03-29,00:00:00,2026-03-30 00:09:10,14.350000000000023,Zone 3,29.2,Zone 4,14.6,Zone 3,25.0,Zone 3,21.5,Zone 3,29.1,Zone 4,25.1,Zone 3,33.2,Zone 4,29.2,Zone 4,38.1,Zone 5
Jammu And Kashmir,Anantnag,Anantnag,12.5,2026-03-30,00:00:00,100.0,2026-03-29,00:00:00,2026-03-30 00:09:10,12.550000000000011,Zone 2,27.1,Zone 4,12.5,Zone 2,23.8,Zone 3,19.8,Zone 3,27.1,Zone 4,23.9,Zone 3,31.0,Zone 4,27.1,Zone 4,34.9,Zone 4
Jammu And Kashmir,Anantnag,Khudwani,13.8,2026-03-30,00:00:00,96.0,2026-03-29,00:00:00,2026-03-30 00:09:10,13.650000000000034,Zone 2,28.5,Zone 4,13.9,Zone 2,24.7,Zone 3,21.0,Zone 3,28.5,Zone 4,24.7,Zone 3,32.5,Zone 4,28.5,Zone 4,36.4,Zone 4
Jammu And Kashmir,Anantnag,Larnoo,9.7,2026-03-30,00:00:00,99.0,2026-03-29,00:00:00,2026-03-30 00:09:10,9.650000000000034,Zone 2,24.8,Zone 3,9.5,Zone 2,22.0,Zone 3,17.1,Zone 3,24.8,Zone 3,22.0,Zone 3,28.2,Zone 4,24.8,Zone 3,31.8,Zone 4
Jammu And Kashmir,Anantnag,Pahalgam,8.5,2026-03-29,23:45:00,93.0,2026-03-29,23:45:00,2026-03-30 00:09:10,8.25,Zone 2,24.2,Zone 3,8.3,Zone 2,21.3,Zone 3,16.1,Zone 3,24.3,Zone 3,21.2,Zone 3,27.2,Zone 4,24.2,Zone 3,30.7,Zone 4
Jammu And Kashmir,Badgam,Harran,13.7,2026-03-30,00:00:00,80.0,2026-03-29,00:00:00,2026-03-30 00:09:10,12.950000000000045,Zone 2,27.6,Zone 4,12.8,Zone 2,24.2,Zone 3,20.2,Zone 3,27.6,Zone 4,24.2,Zone 3,31.4,Zone 4,27.6,Zone 4,35.0,Zone 4
Jammu And Kashmir,Bandipora,Bandipora,12.9,2026-03-30,00:00:00,100.0,2026-03-29,00:00:00,2026-03-30 00:09:10,12.850000000000023,Zone 2,27.6,Zone 4,13.0,Zone 2,24.1,Zone 3,20.3,Zone 3,27.6,Zone 4,24.2,Zone 3,31.6,Zone 4,27.6,Zone 4,35.4,Zone 4
Jammu And Kashmir,Baramulla,Baramulla Amfu,31.9,2026-03-30,00:00:00,89.0,2026-03-29,00:00:00,2026-03-30 00:09:10,61.55000000000001,Zone 5,71.1,Zone 5,61.9,Zone 5,68.8,Zone 5,66.5,Zone 5,70.8,Zone 5,69.2,Zone 5,73.1,Zone 6,71.1,Zone 5,76.0,Zone 6
Jammu And Kashmir,Baramulla,Baramulla Kvk,12.4,2026-03-30,00:00:00,82.0,2026-03-29,00:00:00,2026-03-30 00:09:10,11.75,Zone 2,26.7,Zone 4,11.9,Zone 2,23.6,Zone 3,19.4,Zone 3,26.7,Zone 4,23.6,Zone 3,30.5,Zone 4,26.7,Zone 4,34.1,Zone 4
Jammu And Kashmir,Baramulla,Gulmarg,3.4,2026-03-30,00:00:00,99.0,2026-03-29,00:00:00,2026-03-30 00:09:10,3.3500000000000227,Zone 2,21.8,Zone 3,3.5,Zone 2,18.2,Zone 3,12.2,Zone 2,21.9,Zone 3,18.0,Zone 3,24.3,Zone 3,21.8,Zone 3,26.8,Zone 4
Jammu And Kashmir,Doda,Bhella,15.1,2026-03-30,00:00:00,88.0,2026-03-29,00:00:00,2026-03-30 00:09:10,14.850000000000023,Zone 3,29.3,Zone 4,14.7,Zone 3,25.1,Zone 3,21.7,Zone 3,29.2,Zone 4,25.2,Zone 3,33.2,Zone 4,29.3,Zone 4,37.1,Zone 4
Jammu And Kashmir,Ganderbal,Sonemarg,6.1,2026-03-30,00:00:00,97.0,2026-03-29,00:00:00,2026-03-30 00:09:10,6.050000000000011,Zone 2,23.0,Zone 3,5.9,Zone 2,19.8,Zone 3,13.9,Zone 2,23.1,Zone 3,19.6,Zone 3,25.3,Zone 3,23.0,Zone 3,28.7,Zone 4
Jammu And Kashmir,Jammu,Chatha Amfu,22.4,2026-03-30,00:00:00,92.0,2026-03-29,00:00:00,2026-03-30 00:09:10,23.850000000000023,Zone 3,46.4,Zone 5,24.0,Zone 3,34.6,Zone 4,29.5,Zone 4,44.9,Zone 5,35.0,Zone 4,59.1,Zone 5,46.4,Zone 5,61.9,Zone 5
Jammu And Kashmir,Jammu,Jammu,21.3,2026-03-30,00:00:00,86.0,2026-03-29,00:00:00,2026-03-30 00:09:10,22.350000000000023,Zone 3,37.7,Zone 4,22.6,Zone 3,32.5,Zone 4,27.7,Zone 4,37.4,Zone 4,32.8,Zone 4,50.6,Zone 5,37.7,Zone 4,59.9,Zone 5
Jammu And Kashmir,Kathua,Kathua Kvk,19.7,2026-03-30,00:00:00,100.0,2026-03-29,00:00:00,2026-03-30 00:09:10,21.150000000000034,Zone 3,35.9,Zone 4,20.9,Zone 3,30.6,Zone 4,25.7,Zone 4,35.5,Zone 4,30.9,Zone 4,48.0,Zone 5,35.9,Zone 4,59.4,Zone 5
Jammu And Kashmir,Kishtwar,Gulabgarh,5.6,2026-03-30,00:00:00,88.0,2026-03-29,00:00:00,2026-03-30 00:09:10,5.25,Zone 2,22.7,Zone 3,5.2,Zone 2,19.4,Zone 3,13.4,Zone 2,22.8,Zone 3,19.2,Zone 3,25.0,Zone 3,22.7,Zone 3,28.1,Zone 4
Jammu And Kashmir,Kishtwar,Kishtwar,13.3,2026-03-30,00:00:00,92.0,2026-03-29,00:00:00,2026-03-30 00:09:10,13.050000000000011,Zone 2,27.9,Zone 4,13.2,Zone 2,24.3,Zone 3,20.5,Zone 3,27.9,Zone 4,24.3,Zone 3,31.8,Zone 4,27.9,Zone 4,35.6,Zone 4
Jammu And Kashmir,Kulgam,Kulgam Amfu,14.3,2026-03-30,00:00:00,90.0,2026-03-29,00:00:00,2026-03-30 00:09:10,13.950000000000045,Zone 2,28.9,Zone 4,14.2,Zone 3,24.9,Zone 3,21.3,Zone 3,28.8,Zone 4,24.9,Zone 3,32.8,Zone 4,28.9,Zone 4,36.6,Zone 4
Jammu And Kashmir,Kupwara,Kupw Kvk,12.0,2026-03-30,00:00:00,97.0,2026-03-29,00:00:00,2026-03-30 00:09:10,11.950000000000045,Zone 2,26.6,Zone 4,11.9,Zone 2,23.5,Zone 3,19.3,Zone 3,26.6,Zone 4,23.5,Zone 3,30.4,Zone 4,26.6,Zone 4,34.2,Zone 4
Jammu And Kashmir,Poonch,Poonch,17.1,2026-03-30,00:00:00,89.0,2026-03-29,00:00:00,2026-03-30 00:09:10,17.450000000000045,Zone 3,31.6,Zone 4,17.3,Zone 3,27.1,Zone 4,23.3,Zone 3,31.5,Zone 4,27.2,Zone 4,35.7,Zone 4,31.6,Zone 4,44.0,Zone 5
Jammu And Kashmir,Poonch,Rajpura Mandi,14.1,2026-03-30,00:00:00,76.0,2026-03-29,00:00:00,2026-03-30 00:09:10,13.25,Zone 2,27.9,Zone 4,13.1,Zone 2,24.4,Zone 3,20.5,Zone 3,27.9,Zone 4,24.4,Zone 3,31.7,Zone 4,27.9,Zone 4,35.3,Zone 4
Jammu And Kashmir,Pulwama,Malangpura,12.0,2026-03-30,00:00:00,92.0,2026-03-29,00:00:00,2026-03-30 00:09:10,11.75,Zone 2,26.5,Zone 4,11.7,Zone 2,23.4,Zone 3,19.2,Zone 3,26.5,Zone 4,23.4,Zone 3,30.3,Zone 4,26.5,Zone 4,34.0,Zone 4
Jammu And Kashmir,Pulwama,Tral,13.8,2026-03-30,00:00:00,90.0,2026-03-29,00:00:00,2026-03-30 00:09:10,13.450000000000045,Zone 2,28.3,Zone 4,13.7,Zone 2,24.6,Zone 3,20.9,Zone 3,28.3,Zone 4,24.6,Zone 3,32.2,Zone 4,28.3,Zone 4,36.1,Zone 4
Jammu And Kashmir,Rajouri,Rajouri,15.9,2026-03-29,23:45:00,94.0,2026-03-29,23:45:00,2026-03-30 00:09:10,16.150000000000034,Zone 3,30.7,Zone 4,16.3,Zone 3,26.2,Zone 4,22.6,Zone 3,30.5,Zone 4,26.3,Zone 4,34.7,Zone 4,30.7,Zone 4,41.8,Zone 5
Jammu And Kashmir,Rajouri,Rajouri Arg,18.7,2026-03-30,00:00:00,94.0,2026-03-29,00:00:00,2026-03-30 00:09:10,19.650000000000034,Zone 3,33.9,Zone 4,19.4,Zone 3,28.9,Zone 4,24.6,Zone 3,33.6,Zone 4,29.2,Zone 4,39.7,Zone 5,33.9,Zone 4,53.2,Zone 5
Jammu And Kashmir,Ramban,Govindpura,17.4,2026-03-30,00:00:00,82.0,2026-03-29,00:00:00,2026-03-30 00:09:10,17.450000000000045,Zone 3,31.8,Zone 4,17.6,Zone 3,27.4,Zone 4,23.6,Zone 3,31.7,Zone 4,27.5,Zone 4,35.8,Zone 4,31.8,Zone 4,43.0,Zone 5
Jammu And Kashmir,Reasi,Reasi Kvk,19.6,2026-03-30,00:00:00,98.0,2026-03-29,00:00:00,2026-03-30 00:09:10,20.950000000000045,Zone 3,35.7,Zone 4,20.8,Zone 3,30.4,Zone 4,25.6,Zone 4,35.4,Zone 4,30.8,Zone 4,46.9,Zone 5,35.7,Zone 4,59.1,Zone 5
Jammu And Kashmir,Samba,Samba,17.6,2026-03-30,00:00:00,93.0,2026-03-29,00:00:00,2026-03-30 00:09:10,18.25,Zone 3,32.5,Zone 4,18.1,Zone 3,27.7,Zone 4,23.8,Zone 3,32.3,Zone 4,27.9,Zone 4,36.6,Zone 4,32.5,Zone 4,48.0,Zone 5
Jammu And Kashmir,Shopian,Shopian,10.3,2026-03-30,00:00:00,93.0,2026-03-29,00:00:00,2026-03-30 00:09:10,10.050000000000011,Zone 2,25.2,Zone 3,10.3,Zone 2,22.5,Zone 3,17.9,Zone 3,25.2,Zone 3,22.5,Zone 3,28.9,Zone 4,25.2,Zone 3,32.5,Zone 4
Jammu And Kashmir,Srinagar,Rambagh,14.6,2026-03-30,00:00:00,74.0,2026-03-29,00:00:00,2026-03-30 00:09:10,13.650000000000034,Zone 2,28.3,Zone 4,13.6,Zone 2,24.7,Zone 3,20.9,Zone 3,28.3,Zone 4,24.7,Zone 3,32.1,Zone 4,28.3,Zone 4,35.8,Zone 4
Jammu And Kashmir,Srinagar,Srinagar Amfu,12.9,2026-03-30,00:00:00,100.0,2026-03-29,00:00:00,2026-03-30 00:09:10,12.850000000000023,Zone 2,27.6,Zone 4,13.0,Zone 2,24.1,Zone 3,20.3,Zone 3,27.6,Zone 4,24.2,Zone 3,31.6,Zone 4,27.6,Zone 4,35.4,Zone 4
Jammu And Kashmir,Udhampur,Kawa,18.2,2026-03-30,00:00:00,100.0,2026-03-29,00:00:00,2026-03-30 00:09:10,19.350000000000023,Zone 3,33.6,Zone 4,19.1,Zone 3,28.6,Zone 4,24.4,Zone 3,33.3,Zone 4,28.9,Zone 4,40.2,Zone 5,33.6,Zone 4,53.7,Zone 5
Jharkhand,Bokaro,Kv Bokaro,25.9,2026-03-30,00:00:00,100.0,2026-03-29,00:00:00,2026-03-30 00:09:10,29.850000000000023,Zone 4,63.2,Zone 5,30.1,Zone 4,59.2,Zone 5,42.0,Zone 5,62.8,Zone 5,59.8,Zone 5,65.4,Zone 5,63.2,Zone 5,67.4,Zone 5
Jharkhand,East Singhbhum,Bahragora,27.2,2026-03-30,00:00:00,100.0,2026-03-29,00:00:00,2026-03-30 00:09:10,33.25,Zone 4,65.0,Zone 5,32.7,Zone 4,61.3,Zone 5,52.3,Zone 5,64.6,Zone 5,61.8,Zone 5,66.9,Zone 5,65.0,Zone 5,68.7,Zone 5
Jharkhand,Godda,Godda Kvk,21.9,2026-03-30,00:00:00,,,,2026-03-30 00:09:10,,,,,,,,,,,,,,,,,,,,
Jharkhand,Gumla,Gumla-Bishnupur Kvk,18.8,2026-03-30,00:00:00,87.0,2026-03-29,00:00:00,2026-03-30 00:09:10,19.450000000000045,Zone 3,34.0,Zone 4,19.7,Zone 3,29.2,Zone 4,24.8,Zone 3,33.8,Zone 4,29.5,Zone 4,38.6,Zone 5,34.0,Zone 4,52.1,Zone 5
Jharkhand,Hazaribagh,Barhi,23.3,2026-03-30,00:00:00,81.0,2026-03-29,00:00:00,2026-03-30 00:09:10,24.350000000000023,Zone 3,44.2,Zone 5,24.6,Zone 3,35.1,Zone 4,30.2,Zone 4,42.8,Zone 5,35.5,Zone 4,57.7,Zone 5,44.2,Zone 5,61.5,Zone 5
Jharkhand,Khunti,Diyakel-Khunti Kvk,24.2,2026-03-30,00:00:00,,,,2026-03-30 00:09:10,,,,,,,,,,,,,,,,,,,,
Jharkhand,Kodarma,Kodarma,20.8,2026-03-30,00:00:00,100.0,2026-03-29,00:00:00,2026-03-30 00:09:10,22.350000000000023,Zone 3,42.5,Zone 5,22.6,Zone 3,32.8,Zone 4,27.7,Zone 4,41.2,Zone 5,33.3,Zone 4,56.3,Zone 5,42.5,Zone 5,61.2,Zone 5
Jharkhand,Latehar,Netarhat,20.4,2026-03-30,00:00:00,57.0,2026-03-29,00:00:00,2026-03-30 00:09:10,19.850000000000023,Zone 3,33.7,Zone 4,20.0,Zone 3,29.5,Zone 4,25.3,Zone 4,33.6,Zone 4,29.6,Zone 4,37.5,Zone 4,33.7,Zone 4,42.5,Zone 5
Jharkhand,Lohardaga,Lohardaga Kvk,22.9,2026-03-30,00:00:00,,,,2026-03-30 00:09:10,,,,,,,,,,,,,,,,,,,,
Jharkhand,Pakur,Pakur Kvk,22.6,2026-03-30,00:00:00,,,,2026-03-30 00:09:10,,,,,,,,,,,,,,,,,,,,
Jharkhand,Palamu,Palamu-Daltongunj Kvk,24.7,2026-03-30,00:00:00,47.0,2026-03-29,00:00:00,2026-03-30 00:09:10,24.450000000000045,Zone 3,37.4,Zone 4,24.3,Zone 3,33.2,Zone 4,29.0,Zone 4,37.3,Zone 4,33.4,Zone 4,41.2,Zone 4,37.4,Zone 4,51.7,Zone 5
Jharkhand,Ramgarh,Ramgarh Kvk,,,,100.0,2026-03-29,00:00:00,2026-03-30 00:09:10,,,,,,,,,,,,,,,,,,,,
Jharkhand,Ranchi,Mc Ranchi,23.9,2026-03-30,00:00:00,61.0,2026-03-29,00:00:00,2026-03-30 00:09:10,24.25,Zone 3,38.5,Zone 4,24.3,Zone 3,33.8,Zone 4,29.4,Zone 4,38.2,Zone 4,34.1,Zone 4,46.1,Zone 5,38.5,Zone 4,58.8,Zone 5
Jharkhand,Ranchi,Ranchi Amfu,20.8,2026-03-30,00:00:00,76.0,2026-03-29,00:00:00,2026-03-30 00:09:10,21.350000000000023,Zone 3,35.9,Zone 4,21.6,Zone 3,31.1,Zone 4,26.6,Zone 4,35.6,Zone 4,31.4,Zone 4,41.8,Zone 5,35.9,Zone 4,55.2,Zone 5
Jharkhand,Saraikela,Saraikela,27.0,2026-03-30,00:00:00,100.0,2026-03-29,00:00:00,2026-03-30 00:09:10,32.650000000000034,Zone 4,65.0,Zone 5,32.7,Zone 4,61.3,Zone 5,52.3,Zone 5,64.6,Zone 5,61.8,Zone 5,66.9,Zone 5,65.0,Zone 5,68.7,Zone 5
Jharkhand,Simdega,Bano-Simdega Kvk,22.8,2026-03-30,00:00:00,61.0,2026-03-29,00:00:00,2026-03-30 00:09:10,22.950000000000045,Zone 3,37.1,Zone 4,23.2,Zone 3,32.5,Zone 4,28.2,Zone 4,36.9,Zone 4,32.8,Zone 4,41.5,Zone 5,37.1,Zone 4,54.9,Zone 5
Jharkhand,Simdega,Simdega,27.7,2026-03-30,00:00:00,42.0,2026-03-29,00:00:00,2026-03-30 00:09:10,27.650000000000034,Zone 4,40.5,Zone 4,27.4,Zone 4,36.2,Zone 4,32.1,Zone 4,40.3,Zone 4,36.4,Zone 4,46.3,Zone 5,40.5,Zone 4,59.0,Zone 5
Jharkhand,West Singhbhum,Jagannathpur-Bau Kvk,25.7,2026-03-30,00:00:00,,,,2026-03-30 00:09:10,,,,,,,,,,,,,,,,,,,,
Karnataka,Bagalkot,Bagalkot Kvk,28.1,2026-03-30,00:00:00,35.0,2026-03-29,00:00:00,2026-03-30 00:09:10,27.650000000000034,Zone 4,40.0,Zone 4,27.5,Zone 4,35.9,Zone 4,32.0,Zone 4,39.8,Zone 4,36.1,Zone 4,43.6,Zone 4,40.0,Zone 4,55.4,Zone 5
Karnataka,Bangalore Rural,Doddaballapura,24.0,2026-03-29,23:15:00,,,,2026-03-30 00:09:10,,,,,,,,,,,,,,,,,,,,
Karnataka,Bangalore Urban,Bangalore,21.9,2026-03-30,00:00:00,88.0,2026-03-29,00:00:00,2026-03-30 00:09:10,23.150000000000034,Zone 3,40.5,Zone 5,23.3,Zone 3,33.4,Zone 4,28.5,Zone 4,39.3,Zone 5,33.8,Zone 4,54.5,Zone 5,40.5,Zone 5,60.8,Zone 5
Karnataka,Bangalore Urban,Electronic City(Nice),23.0,2026-03-30,00:00:00,79.0,2026-03-29,00:00:00,2026-03-30 00:09:10,23.950000000000045,Zone 3,39.9,Zone 5,24.0,Zone 3,34.1,Zone 4,29.3,Zone 4,39.0,Zone 4,34.5,Zone 4,53.9,Zone 5,39.9,Zone 5,60.6,Zone 5
Karnataka,Bangalore Urban,Gopal Nagar,23.9,2026-03-29,23:45:00,88.0,2026-03-29,23:45:00,2026-03-30 00:09:10,25.25,Zone 3,53.1,Zone 5,25.5,Zone 4,36.8,Zone 4,31.6,Zone 4,51.6,Zone 5,37.3,Zone 4,60.5,Zone 5,53.1,Zone 5,63.1,Zone 5
Karnataka,Bangalore Urban,Madhavara(Nice),24.7,2026-03-30,00:00:00,66.0,2026-03-29,00:00:00,2026-03-30 00:09:10,25.350000000000023,Zone 4,39.9,Zone 4,25.1,Zone 3,35.0,Zone 4,30.4,Zone 4,39.6,Zone 4,35.3,Zone 4,52.3,Zone 5,39.9,Zone 4,60.3,Zone 5
Karnataka,Bellary,Hagari Kvk,28.5,2026-03-30,00:00:00,38.0,2026-03-29,00:00:00,2026-03-30 00:09:10,28.25,Zone 4,41.2,Zone 4,28.3,Zone 4,36.9,Zone 4,32.9,Zone 4,40.9,Zone 4,37.1,Zone 4,46.8,Zone 5,41.2,Zone 4,59.1,Zone 5
Karnataka,Bijapur,Tidagundi Amfu,28.8,2026-03-30,00:00:00,36.0,2026-03-29,00:00:00,2026-03-30 00:09:10,28.450000000000045,Zone 4,41.4,Zone 4,28.7,Zone 4,37.2,Zone 4,33.2,Zone 4,41.2,Zone 4,37.4,Zone 4,47.0,Zone 5,41.4,Zone 4,59.1,Zone 5
Karnataka,Chikballapur,Kvk Chintamani,20.8,2026-03-30,00:00:00,100.0,2026-03-29,00:00:00,2026-03-30 00:09:10,22.350000000000023,Zone 3,42.5,Zone 5,22.6,Zone 3,32.8,Zone 4,27.7,Zone 4,41.2,Zone 5,33.3,Zone 4,56.3,Zone 5,42.5,Zone 5,61.2,Zone 5
Karnataka,Chikmagalur,Mudigere Kvk,17.4,2026-03-29,23:45:00,96.0,2026-03-29,23:45:00,2026-03-30 00:09:10,18.150000000000034,Zone 3,32.6,Zone 4,18.3,Zone 3,27.8,Zone 4,23.9,Zone 3,32.4,Zone 4,28.1,Zone 4,36.8,Zone 4,32.6,Zone 4,49.4,Zone 5
Karnataka,Chitradurga,Hiriyur,26.2,2026-03-29,23:45:00,54.0,2026-03-29,23:45:00,2026-03-30 00:09:10,26.55000000000001,Zone 4,40.4,Zone 4,26.3,Zone 4,35.7,Zone 4,31.4,Zone 4,40.1,Zone 4,36.0,Zone 4,50.1,Zone 5,40.4,Zone 4,59.8,Zone 5
Karnataka,Dakshina Kannada,Mangaluru,26.9,2026-03-30,00:00:00,94.0,2026-03-29,00:00:00,2026-03-30 00:09:10,31.450000000000045,Zone 4,63.7,Zone 5,31.7,Zone 4,59.7,Zone 5,44.5,Zone 5,63.3,Zone 5,60.3,Zone 5,65.8,Zone 5,63.7,Zone 5,67.7,Zone 5
Karnataka,Dharwad,Mugad,23.9,2026-03-30,00:00:00,86.0,2026-03-29,00:00:00,2026-03-30 00:09:10,25.25,Zone 3,51.5,Zone 5,25.3,Zone 4,36.5,Zone 4,31.4,Zone 4,49.9,Zone 5,37.0,Zone 4,60.2,Zone 5,51.5,Zone 5,62.8,Zone 5
Karnataka,Gadag,Gadag,27.7,2026-03-30,00:00:00,61.0,2026-03-29,00:00:00,2026-03-30 00:09:10,29.150000000000034,Zone 4,50.5,Zone 5,28.8,Zone 4,38.9,Zone 4,34.3,Zone 4,48.9,Zone 5,39.4,Zone 4,60.0,Zone 5,50.5,Zone 5,62.6,Zone 5
Karnataka,Gulbarga,Raddewadgi,28.1,2026-03-30,00:00:00,34.0,2026-03-29,00:00:00,2026-03-30 00:09:10,27.55000000000001,Zone 4,39.9,Zone 4,27.4,Zone 4,35.8,Zone 4,31.9,Zone 4,39.7,Zone 4,36.0,Zone 4,43.4,Zone 4,39.9,Zone 4,54.6,Zone 5
Karnataka,Hassan,Hassan,21.6,2026-03-30,00:00:00,49.0,2026-03-29,00:00:00,2026-03-30 00:09:10,20.950000000000045,Zone 3,34.2,Zone 4,20.8,Zone 3,30.1,Zone 4,26.0,Zone 4,34.1,Zone 4,30.2,Zone 4,37.9,Zone 4,34.2,Zone 4,41.7,Zone 5
Karnataka,Kolar,Kgf (Kolar),20.9,2026-03-30,00:00:00,14.0,2026-03-29,00:00:00,2026-03-30 00:09:10,17.850000000000023,Zone 3,31.5,Zone 4,18.0,Zone 3,28.2,Zone 4,24.5,Zone 3,31.6,Zone 4,28.1,Zone 4,34.8,Zone 4,31.5,Zone 4,37.9,Zone 4
Karnataka,Koppal,Koppal,33.1,2026-03-30,00:00:00,37.0,2026-03-29,00:00:00,2026-03-30 00:09:10,33.950000000000045,Zone 4,52.7,Zone 5,33.8,Zone 4,42.8,Zone 4,38.6,Zone 4,51.2,Zone 5,43.2,Zone 4,60.4,Zone 5,52.7,Zone 5,63.0,Zone 5
Karnataka,Mandya,Malavalli,25.9,2026-03-30,00:00:00,61.0,2026-03-29,00:00:00,2026-03-30 00:09:10,26.650000000000034,Zone 4,41.8,Zone 5,26.7,Zone 4,36.6,Zone 4,32.0,Zone 4,41.2,Zone 4,36.9,Zone 4,55.8,Zone 5,41.8,Zone 5,61.0,Zone 5
Karnataka,Mandya,Mandya Kvk,23.9,2026-03-30,00:00:00,83.0,2026-03-29,00:00:00,2026-03-30 00:09:10,25.150000000000034,Zone 3,49.0,Zone 5,25.2,Zone 3,36.1,Zone 4,31.1,Zone 4,47.5,Zone 5,36.6,Zone 4,59.7,Zone 5,49.0,Zone 5,62.4,Zone 5
Karnataka,Ramanagara,Chandurayanghalli Kvk,24.2,2026-03-30,00:00:00,61.0,2026-03-29,00:00:00,2026-03-30 00:09:10,24.55000000000001,Zone 3,38.5,Zone 4,24.3,Zone 3,33.8,Zone 4,29.4,Zone 4,38.2,Zone 4,34.1,Zone 4,46.1,Zone 5,38.5,Zone 4,58.8,Zone 5
Karnataka,Shivamogga,Agumbe,19.9,2026-03-29,23:45:00,100.0,2026-03-29,23:45:00,2026-03-30 00:09:10,21.350000000000023,Zone 3,36.9,Zone 5,21.5,Zone 3,31.3,Zone 4,26.3,Zone 4,36.3,Zone 4,31.7,Zone 4,50.8,Zone 5,36.9,Zone 5,60.0,Zone 5
Karnataka,Tumkur,Chikkanakalli,25.7,2026-03-30,00:00:00,60.0,2026-03-29,00:00:00,2026-03-30 00:09:10,26.350000000000023,Zone 4,40.6,Zone 4,26.0,Zone 4,35.7,Zone 4,31.2,Zone 4,40.3,Zone 4,36.1,Zone 4,52.6,Zone 5,40.6,Zone 4,60.3,Zone 5
Kerala,Alappuzha,Karumadi,26.4,2026-03-30,00:00:00,69.0,2026-03-29,00:00:00,2026-03-30 00:09:10,27.850000000000023,Zone 4,52.3,Zone 5,28.0,Zone 4,38.5,Zone 4,33.7,Zone 4,50.7,Zone 5,39.0,Zone 4,60.3,Zone 5,52.3,Zone 5,63.0,Zone 5
Kerala,Alappuzha,Kayamkulam,25.5,2026-03-30,00:00:00,96.0,2026-03-29,00:00:00,2026-03-30 00:09:10,28.650000000000034,Zone 4,61.5,Zone 5,28.6,Zone 4,52.0,Zone 5,35.7,Zone 4,61.1,Zone 5,54.3,Zone 5,64.0,Zone 5,61.5,Zone 5,66.1,Zone 5
Kerala,Alappuzha,Nooranad,24.9,2026-03-30,00:00:00,92.0,2026-03-29,00:00:00,2026-03-30 00:09:10,27.150000000000034,Zone 4,59.9,Zone 5,27.3,Zone 4,44.0,Zone 5,34.0,Zone 4,59.5,Zone 5,46.3,Zone 5,62.6,Zone 5,59.9,Zone 5,64.9,Zone 5
Kerala,Alappuzha,Thycattussery,25.0,2026-03-29,23:30:00,77.0,2026-03-29,23:30:00,2026-03-30 00:09:10,26.350000000000023,Zone 4,50.3,Zone 5,26.3,Zone 4,37.1,Zone 4,32.2,Zone 4,48.7,Zone 5,37.6,Zone 4,59.9,Zone 5,50.3,Zone 5,62.6,Zone 5
Kerala,Ernakulam,Boat Jetty Kgov,26.0,2026-03-29,23:45:00,100.0,2026-03-29,23:45:00,2026-03-30 00:09:10,30.150000000000034,Zone 4,63.2,Zone 5,30.1,Zone 4,59.2,Zone 5,42.0,Zone 5,62.8,Zone 5,59.8,Zone 5,65.4,Zone 5,63.2,Zone 5,67.4,Zone 5
Kerala,Ernakulam,Choondi,23.7,2026-03-30,00:00:00,100.0,2026-03-29,00:00:00,2026-03-30 00:09:10,25.650000000000034,Zone 4,58.9,Zone 5,25.3,Zone 3,39.9,Zone 5,31.9,Zone 4,57.4,Zone 5,42.0,Zone 5,61.8,Zone 5,58.9,Zone 5,64.2,Zone 5
Kerala,Ernakulam,Dhground Kgov,26.2,2026-03-29,23:45:00,100.0,2026-03-29,23:45:00,2026-03-30 00:09:10,30.55000000000001,Zone 4,63.2,Zone 5,30.1,Zone 4,59.2,Zone 5,42.0,Zone 5,62.8,Zone 5,59.8,Zone 5,65.4,Zone 5,63.2,Zone 5,67.4,Zone 5
Kerala,Ernakulam,Kadavanthra Kgov,30.8,2026-03-29,23:45:00,96.0,2026-03-29,23:45:00,2026-03-30 00:09:10,61.150000000000034,Zone 5,71.1,Zone 5,61.8,Zone 5,68.8,Zone 5,66.4,Zone 5,70.8,Zone 5,69.2,Zone 5,73.0,Zone 6,71.1,Zone 5,75.9,Zone 6
Kerala,Ernakulam,Kalamassery,24.5,2026-03-30,00:00:00,60.0,2026-03-29,00:00:00,2026-03-30 00:09:10,24.850000000000023,Zone 3,39.1,Zone 4,24.9,Zone 3,34.3,Zone 4,29.9,Zone 4,38.8,Zone 4,34.6,Zone 4,47.7,Zone 5,39.1,Zone 4,59.3,Zone 5
Kerala,Ernakulam,Koothattukulam,24.3,2026-03-30,00:00:00,100.0,2026-03-29,00:00:00,2026-03-30 00:09:10,26.650000000000034,Zone 4,60.7,Zone 5,27.0,Zone 4,47.6,Zone 5,34.0,Zone 4,60.2,Zone 5,50.0,Zone 5,63.2,Zone 5,60.7,Zone 5,65.5,Zone 5
Kerala,Ernakulam,Mattancherry,26.5,2026-03-29,23:45:00,53.0,2026-03-29,23:45:00,2026-03-30 00:09:10,26.850000000000023,Zone 4,41.0,Zone 4,26.9,Zone 4,36.2,Zone 4,31.9,Zone 4,40.7,Zone 4,36.6,Zone 4,51.6,Zone 5,41.0,Zone 4,60.1,Zone 5
Kerala,Ernakulam,Odakkali,23.7,2026-03-30,00:00:00,100.0,2026-03-29,00:00:00,2026-03-30 00:09:10,25.650000000000034,Zone 4,58.9,Zone 5,25.3,Zone 3,39.9,Zone 5,31.9,Zone 4,57.4,Zone 5,42.0,Zone 5,61.8,Zone 5,58.9,Zone 5,64.2,Zone 5
Kerala,Idukki,Anayirankal Dam,19.3,2026-03-30,00:00:00,99.0,2026-03-29,00:00:00,2026-03-30 00:09:10,20.650000000000034,Zone 3,35.8,Zone 4,20.8,Zone 3,30.5,Zone 4,25.6,Zone 4,35.5,Zone 4,30.8,Zone 4,47.5,Zone 5,35.8,Zone 4,59.2,Zone 5
Kerala,Idukki,Ayyappankovil,21.0,2026-03-30,00:00:00,100.0,2026-03-29,00:00:00,2026-03-30 00:09:10,22.650000000000034,Zone 3,42.5,Zone 5,22.6,Zone 3,32.8,Zone 4,27.7,Zone 4,41.2,Zone 5,33.3,Zone 4,56.3,Zone 5,42.5,Zone 5,61.2,Zone 5
Kerala,Idukki,Cheruthoni,22.5,2026-03-30,00:00:00,100.0,2026-03-29,00:00:00,2026-03-30 00:09:10,24.25,Zone 3,52.5,Zone 5,24.3,Zone 3,35.4,Zone 4,30.1,Zone 4,50.9,Zone 5,36.0,Zone 4,60.4,Zone 5,52.5,Zone 5,63.0,Zone 5
Kerala,Idukki,Kovilkadavu,21.3,2026-03-30,00:00:00,77.0,2026-03-29,00:00:00,2026-03-30 00:09:10,21.950000000000045,Zone 3,36.7,Zone 4,22.2,Zone 3,31.8,Zone 4,27.2,Zone 4,36.4,Zone 4,32.1,Zone 4,44.8,Zone 5,36.7,Zone 4,57.8,Zone 5
Kerala,Idukki,Kundala Dam,12.9,2026-03-30,00:00:00,100.0,2026-03-29,00:00:00,2026-03-30 00:09:10,12.850000000000023,Zone 2,27.6,Zone 4,13.0,Zone 2,24.1,Zone 3,20.3,Zone 3,27.6,Zone 4,24.2,Zone 3,31.6,Zone 4,27.6,Zone 4,35.4,Zone 4
Kerala,Idukki,Meencut,20.5,2026-03-30,00:00:00,100.0,2026-03-29,00:00:00,2026-03-30 00:09:10,22.05000000000001,Zone 3,39.6,Zone 5,22.0,Zone 3,32.0,Zone 4,27.0,Zone 4,38.4,Zone 5,32.4,Zone 4,53.6,Zone 5,39.6,Zone 5,60.6,Zone 5
Kerala,Idukki,Sengulam Dam,19.0,2026-03-30,00:00:00,,,,2026-03-30 00:09:10,,,,,,,,,,,,,,,,,,,,
Kerala,Idukki,Udumbannoor,25.5,2026-03-29,23:15:00,,,,2026-03-30 00:09:10,,,,,,,,,,,,,,,,,,,,
Kerala,Idukki,Vattavada,16.4,2026-03-29,23:45:00,71.0,2026-03-29,23:45:00,2026-03-30 00:09:10,15.650000000000034,Zone 3,30.2,Zone 4,15.8,Zone 3,26.1,Zone 4,22.5,Zone 3,30.1,Zone 4,26.1,Zone 4,34.0,Zone 4,30.2,Zone 4,37.7,Zone 4
Kerala,Idukki,Vellathooval,21.2,2026-03-29,23:45:00,100.0,2026-03-29,23:45:00,2026-03-30 00:09:10,22.850000000000023,Zone 3,42.5,Zone 5,22.6,Zone 3,32.8,Zone 4,27.7,Zone 4,41.2,Zone 5,33.3,Zone 4,56.3,Zone 5,42.5,Zone 5,61.2,Zone 5
Kerala,Kannur,Cheruvanchery,26.4,2026-03-30,00:00:00,100.0,2026-03-29,00:00:00,2026-03-30 00:09:10,31.05000000000001,Zone 4,64.1,Zone 5,31.3,Zone 4,60.2,Zone 5,47.0,Zone 5,63.7,Zone 5,60.8,Zone 5,66.2,Zone 5,64.1,Zone 5,68.0,Zone 5
Kerala,Kannur,Panniyoor,25.9,2026-03-30,00:00:00,100.0,2026-03-29,00:00:00,2026-03-30 00:09:10,29.850000000000023,Zone 4,63.2,Zone 5,30.1,Zone 4,59.2,Zone 5,42.0,Zone 5,62.8,Zone 5,59.8,Zone 5,65.4,Zone 5,63.2,Zone 5,67.4,Zone 5
Kerala,Kannur,Peringome,26.1,2026-03-30,00:00:00,94.0,2026-03-29,00:00:00,2026-03-30 00:09:10,29.650000000000034,Zone 4,62.0,Zone 5,29.4,Zone 4,54.1,Zone 5,36.6,Zone 4,61.6,Zone 5,56.3,Zone 5,64.4,Zone 5,62.0,Zone 5,66.5,Zone 5
Kerala,Kannur,Pinarayi,27.2,2026-03-29,23:45:00,100.0,2026-03-29,23:45:00,2026-03-30 00:09:10,33.25,Zone 4,65.0,Zone 5,32.7,Zone 4,61.3,Zone 5,52.3,Zone 5,64.6,Zone 5,61.8,Zone 5,66.9,Zone 5,65.0,Zone 5,68.7,Zone 5
Kerala,Kasaragod,Kudlu Afmu,,,,100.0,2026-03-29,23:45:00,2026-03-30 00:09:10,,,,,,,,,,,,,,,,,,,,
Kerala,Kasaragod,Muliyar,26.2,2026-03-30,00:00:00,100.0,2026-03-29,00:00:00,2026-03-30 00:09:10,30.55000000000001,Zone 4,63.2,Zone 5,30.1,Zone 4,59.2,Zone 5,42.0,Zone 5,62.8,Zone 5,59.8,Zone 5,65.4,Zone 5,63.2,Zone 5,67.4,Zone 5
Kerala,Kasaragod,Padannakkad,26.5,2026-03-30,00:00:00,98.0,2026-03-29,00:00:00,2026-03-30 00:09:10,31.05000000000001,Zone 4,63.7,Zone 5,31.0,Zone 4,59.7,Zone 5,44.5,Zone 5,63.3,Zone 5,60.3,Zone 5,65.8,Zone 5,63.7,Zone 5,67.7,Zone 5
Kerala,Kasaragod,Panathur,27.8,2026-03-29,23:45:00,100.0,2026-03-29,23:45:00,2026-03-30 00:09:10,35.05000000000001,Zone 5,66.7,Zone 5,37.1,Zone 5,63.4,Zone 5,59.8,Zone 5,66.3,Zone 5,63.9,Zone 5,68.4,Zone 5,66.7,Zone 5,70.0,Zone 5
Kerala,Kollam,Chavara,25.9,2026-03-30,00:00:00,98.0,2026-03-29,00:00:00,2026-03-30 00:09:10,29.650000000000034,Zone 4,62.8,Zone 5,29.9,Zone 4,57.9,Zone 5,39.8,Zone 5,62.4,Zone 5,59.3,Zone 5,65.1,Zone 5,62.8,Zone 5,67.1,Zone 5
Kerala,Kollam,Karuvelil Tkmit,25.4,2026-03-30,00:00:00,71.0,2026-03-29,00:00:00,2026-03-30 00:09:10,26.55000000000001,Zone 4,48.0,Zone 5,26.7,Zone 4,37.1,Zone 4,32.3,Zone 4,46.5,Zone 5,37.6,Zone 4,59.4,Zone 5,48.0,Zone 5,62.2,Zone 5
Kerala,Kollam,Parippally,25.3,2026-03-29,23:45:00,77.0,2026-03-29,23:45:00,2026-03-30 00:09:10,26.75,Zone 4,53.4,Zone 5,27.1,Zone 4,38.0,Zone 4,33.0,Zone 4,51.9,Zone 5,38.5,Zone 4,60.6,Zone 5,53.4,Zone 5,63.2,Zone 5
Kerala,Kottayam,Kottayam,26.1,2026-03-29,23:30:00,83.0,2026-03-29,23:30:00,2026-03-30 00:09:10,28.55000000000001,Zone 4,59.6,Zone 5,28.3,Zone 4,42.8,Zone 5,34.7,Zone 4,59.2,Zone 5,45.0,Zone 5,62.4,Zone 5,59.6,Zone 5,64.7,Zone 5
Kerala,Kottayam,Vadavathoor,25.9,2026-03-29,23:15:00,,,,2026-03-30 00:09:10,,,,,,,,,,,,,,,,,,,,
Kerala,Kottayam,Vaikkom,24.6,2026-03-29,23:15:00,,,,2026-03-30 00:09:10,,,,,,,,,,,,,,,,,,,,
Kerala,Kozhikode,Kozhikode,31.3,2026-03-30,00:00:00,,,,2026-03-30 00:09:10,,,,,,,,,,,,,,,,,,,,
Kerala,Kozhikode,Kunnamangalam,27.8,2026-03-30,00:00:00,93.0,2026-03-29,00:00:00,2026-03-30 00:09:10,33.55000000000001,Zone 4,65.1,Zone 5,34.1,Zone 4,61.5,Zone 5,53.5,Zone 5,64.8,Zone 5,62.1,Zone 5,67.1,Zone 5,65.1,Zone 5,68.8,Zone 5
Kerala,Kozhikode,Vadakara,27.8,2026-03-30,00:00:00,84.0,2026-03-29,00:00:00,2026-03-30 00:09:10,32.05000000000001,Zone 4,63.1,Zone 5,32.5,Zone 4,59.0,Zone 5,41.4,Zone 5,62.7,Zone 5,59.6,Zone 5,65.3,Zone 5,63.1,Zone 5,67.3,Zone 5
Kerala,Kozhikode,Vilangad,26.1,2026-03-30,00:00:00,100.0,2026-03-29,00:00:00,2026-03-30 00:09:10,30.350000000000023,Zone 4,63.2,Zone 5,30.1,Zone 4,59.2,Zone 5,42.0,Zone 5,62.8,Zone 5,59.8,Zone 5,65.4,Zone 5,63.2,Zone 5,67.4,Zone 5
Kerala,Malappuram,Nilambur,27.7,2026-03-30,00:00:00,99.0,2026-03-29,00:00:00,2026-03-30 00:09:10,34.55000000000001,Zone 4,65.6,Zone 5,33.9,Zone 4,62.1,Zone 5,56.1,Zone 5,65.2,Zone 5,62.6,Zone 5,67.5,Zone 5,65.6,Zone 5,69.1,Zone 5
Kerala,Malappuram,Palemad,28.1,2026-03-29,23:30:00,88.0,2026-03-29,23:30:00,2026-03-30 00:09:10,33.450000000000045,Zone 4,64.0,Zone 5,33.1,Zone 4,60.1,Zone 5,46.6,Zone 5,63.6,Zone 5,60.7,Zone 5,66.1,Zone 5,64.0,Zone 5,68.0,Zone 5
Kerala,Malappuram,Thavanur Kvk,28.3,2026-03-30,00:00:00,84.0,2026-03-29,00:00:00,2026-03-30 00:09:10,33.150000000000034,Zone 4,63.9,Zone 5,33.7,Zone 4,60.0,Zone 5,46.1,Zone 5,63.5,Zone 5,60.6,Zone 5,66.0,Zone 5,63.9,Zone 5,67.9,Zone 5
Kerala,Malappuram,Thennala,28.1,2026-03-30,00:00:00,82.0,2026-03-29,00:00:00,2026-03-30 00:09:10,32.35000000000002,Zone 4,62.6,Zone 5,32.1,Zone 4,57.1,Zone 5,39.1,Zone 4,62.2,Zone 5,59.1,Zone 5,64.9,Zone 5,62.6,Zone 5,66.9,Zone 5
Kerala,Malappuram,Vakkad,29.4,2026-03-30,00:00:00,,,,2026-03-30 00:09:10,,,,,,,,,,,,,,,,,,,,
Kerala,Palakkad,Adakkaputhur,27.7,2026-03-29,23:30:00,87.0,2026-03-29,23:30:00,2026-03-30 00:09:10,32.25,Zone 4,63.0,Zone 5,31.8,Zone 4,58.5,Zone 5,40.6,Zone 5,62.6,Zone 5,59.4,Zone 5,65.2,Zone 5,63.0,Zone 5,67.2,Zone 5
Kerala,Palakkad,Kollengode,28.4,2026-03-29,23:15:00,,,,2026-03-30 00:09:10,,,,,,,,,,,,,,,,,,,,
Kerala,Palakkad,Malampuzha Dam,28.1,2026-03-30,00:00:00,81.0,2026-03-29,00:00:00,2026-03-30 00:09:10,32.25,Zone 4,62.4,Zone 5,32.0,Zone 4,56.1,Zone 5,38.9,Zone 4,62.0,Zone 5,58.2,Zone 5,64.7,Zone 5,62.4,Zone 5,66.8,Zone 5
Kerala,Palakkad,Mangalam Dam,27.4,2026-03-30,00:00:00,87.0,2026-03-29,00:00:00,2026-03-30 00:09:10,31.55000000000001,Zone 4,63.0,Zone 5,31.8,Zone 4,58.5,Zone 5,40.6,Zone 5,62.6,Zone 5,59.4,Zone 5,65.2,Zone 5,63.0,Zone 5,67.2,Zone 5
Kerala,Palakkad,Mankara,29.6,2026-03-30,00:00:00,80.0,2026-03-29,00:00:00,2026-03-30 00:09:10,35.650000000000034,Zone 4,64.6,Zone 5,35.4,Zone 4,60.8,Zone 5,50.2,Zone 5,64.2,Zone 5,61.4,Zone 5,66.6,Zone 5,64.6,Zone 5,68.4,Zone 5
Kerala,Palakkad,Ottapalam,28.1,2026-03-29,23:45:00,83.0,2026-03-29,23:45:00,2026-03-30 00:09:10,32.55000000000001,Zone 4,62.9,Zone 5,32.3,Zone 4,58.1,Zone 5,40.1,Zone 5,62.5,Zone 5,59.3,Zone 5,65.1,Zone 5,62.9,Zone 5,67.1,Zone 5
Kerala,Palakkad,Pothundy Dam,26.9,2026-03-29,23:30:00,96.0,2026-03-29,23:30:00,2026-03-30 00:09:10,31.75,Zone 4,64.1,Zone 5,32.0,Zone 4,60.2,Zone 5,47.1,Zone 5,63.7,Zone 5,60.8,Zone 5,66.2,Zone 5,64.1,Zone 5,68.0,Zone 5
Kerala,Palakkad,Vannamada,27.4,2026-03-30,00:00:00,100.0,2026-03-29,00:00:00,2026-03-30 00:09:10,33.85000000000002,Zone 4,65.8,Zone 5,34.1,Zone 4,62.3,Zone 5,57.3,Zone 5,65.4,Zone 5,62.9,Zone 5,67.7,Zone 5,65.8,Zone 5,69.3,Zone 5
Kerala,Pathanamthitta,Konni,22.9,2026-03-30,00:00:00,98.0,2026-03-29,00:00:00,2026-03-30 00:09:10,24.650000000000034,Zone 3,54.3,Zone 5,24.7,Zone 3,36.2,Zone 4,30.8,Zone 4,52.8,Zone 5,37.0,Zone 5,60.8,Zone 5,54.3,Zone 5,63.3,Zone 5
Kerala,Pathanamthitta,Kunnamthanam,25.0,2026-03-29,23:45:00,100.0,2026-03-29,23:45:00,2026-03-30 00:09:10,27.950000000000045,Zone 4,61.5,Zone 5,28.0,Zone 4,51.8,Zone 5,35.2,Zone 4,61.1,Zone 5,54.1,Zone 5,64.0,Zone 5,61.5,Zone 5,66.1,Zone 5
Kerala,Pathanamthitta,Laha,25.1,2026-03-30,00:00:00,99.0,2026-03-29,00:00:00,2026-03-30 00:09:10,28.05000000000001,Zone 4,61.3,Zone 5,27.9,Zone 4,50.8,Zone 5,35.0,Zone 4,60.9,Zone 5,53.2,Zone 5,63.8,Zone 5,61.3,Zone 5,66.0,Zone 5
Kerala,Pathanamthitta,Pathanamthitta,23.8,2026-03-29,23:30:00,100.0,2026-03-29,23:30:00,2026-03-30 00:09:10,25.75,Zone 4,59.8,Zone 5,26.1,Zone 4,43.6,Zone 5,32.9,Zone 4,59.4,Zone 5,45.9,Zone 5,62.5,Zone 5,59.8,Zone 5,64.8,Zone 5
Kerala,Pathanamthitta,Thiruvalla Kallunkal,20.3,2026-03-29,23:30:00,100.0,2026-03-29,23:30:00,2026-03-30 00:09:10,21.850000000000023,Zone 3,39.6,Zone 5,22.0,Zone 3,32.0,Zone 4,27.0,Zone 4,38.4,Zone 5,32.4,Zone 4,53.6,Zone 5,39.6,Zone 5,60.6,Zone 5
Kerala,Pathanamthitta,Ulanadu,24.2,2026-03-30,00:00:00,88.0,2026-03-29,00:00:00,2026-03-30 00:09:10,25.75,Zone 4,53.1,Zone 5,25.5,Zone 4,36.8,Zone 4,31.6,Zone 4,51.6,Zone 5,37.3,Zone 4,60.5,Zone 5,53.1,Zone 5,63.1,Zone 5
Kerala,Pathanamthitta,Venkurinji,24.0,2026-03-29,23:45:00,100.0,2026-03-29,23:45:00,2026-03-30 00:09:10,26.150000000000034,Zone 4,59.8,Zone 5,26.1,Zone 4,43.6,Zone 5,32.9,Zone 4,59.4,Zone 5,45.9,Zone 5,62.5,Zone 5,59.8,Zone 5,64.8,Zone 5
Kerala,Thiruvananthapuram,Palode,23.7,2026-03-29,23:45:00,94.0,2026-03-29,23:45:00,2026-03-30 00:09:10,25.25,Zone 3,54.6,Zone 5,25.1,Zone 3,36.6,Zone 4,31.3,Zone 4,53.0,Zone 5,37.3,Zone 5,60.8,Zone 5,54.6,Zone 5,63.4,Zone 5
Kerala,Thiruvananthapuram,Thattathumala,25.9,2026-03-29,23:45:00,80.0,2026-03-29,23:45:00,2026-03-30 00:09:10,27.950000000000045,Zone 4,58.9,Zone 5,28.1,Zone 4,40.0,Zone 5,34.3,Zone 4,57.4,Zone 5,42.0,Zone 5,61.8,Zone 5,58.9,Zone 5,64.2,Zone 5
Kerala,Thiruvananthapuram,Thiruvananthapuram,25.1,2026-03-30,00:00:00,82.0,2026-03-29,00:00:00,2026-03-30 00:09:10,26.75,Zone 4,54.6,Zone 5,26.6,Zone 4,37.8,Zone 4,32.7,Zone 4,53.0,Zone 5,38.4,Zone 4,60.8,Zone 5,54.6,Zone 5,63.4,Zone 5
Kerala,Thiruvananthapuram,Varkala,26.4,2026-03-30,00:00:00,76.0,2026-03-29,00:00:00,2026-03-30 00:09:10,28.450000000000045,Zone 4,58.5,Zone 5,28.6,Zone 4,39.8,Zone 4,34.7,Zone 4,57.1,Zone 5,41.5,Zone 5,61.7,Zone 5,58.5,Zone 5,64.1,Zone 5
Kerala,Thrissur,Athirappilly,25.1,2026-03-29,23:45:00,99.0,2026-03-29,23:45:00,2026-03-30 00:09:10,28.05000000000001,Zone 4,61.3,Zone 5,27.9,Zone 4,50.8,Zone 5,35.0,Zone 4,60.9,Zone 5,53.2,Zone 5,63.8,Zone 5,61.3,Zone 5,66.0,Zone 5
Kerala,Thrissur,Lower Sholayar,22.2,2026-03-30,00:00:00,100.0,2026-03-29,00:00:00,2026-03-30 00:09:10,23.950000000000045,Zone 3,49.1,Zone 5,23.7,Zone 3,34.5,Zone 4,29.3,Zone 4,47.5,Zone 5,35.0,Zone 4,59.7,Zone 5,49.1,Zone 5,62.4,Zone 5
Kerala,Thrissur,Munakkal,26.8,2026-03-29,23:45:00,,,,2026-03-30 00:09:10,,,,,,,,,,,,,,,,,,,,
Kerala,Thrissur,Peechi,27.2,2026-03-29,23:15:00,,,,2026-03-30 00:09:10,,,,,,,,,,,,,,,,,,,,
Kerala,Thrissur,Peringalkuthu,25.2,2026-03-29,23:45:00,100.0,2026-03-29,23:45:00,2026-03-30 00:09:10,28.350000000000023,Zone 4,61.5,Zone 5,28.0,Zone 4,51.8,Zone 5,35.2,Zone 4,61.1,Zone 5,54.1,Zone 5,64.0,Zone 5,61.5,Zone 5,66.1,Zone 5
Kerala,Wayanad,Kalpeta,22.8,2026-03-30,00:00:00,100.0,2026-03-29,00:00:00,2026-03-30 00:09:10,24.55000000000001,Zone 3,55.8,Zone 5,24.8,Zone 3,36.7,Zone 5,31.0,Zone 4,54.3,Zone 5,38.5,Zone 5,61.1,Zone 5,55.8,Zone 5,63.6,Zone 5
Kerala,Wayanad,Kuppadi,20.9,2026-03-30,00:00:00,100.0,2026-03-29,00:00:00,2026-03-30 00:09:10,22.55000000000001,Zone 3,42.5,Zone 5,22.6,Zone 3,32.8,Zone 4,27.7,Zone 4,41.2,Zone 5,33.3,Zone 4,56.3,Zone 5,42.5,Zone 5,61.2,Zone 5
Kerala,Wayanad,Padinjarathara Dam,24.9,2026-03-29,23:45:00,,,,2026-03-30 00:09:10,,,,,,,,,,,,,,,,,,,,
Ladakh,Kargil,Dras,2.4,2026-03-30,00:00:00,78.0,2026-03-29,00:00:00,2026-03-30 00:09:10,1.9500000000000455,Zone 2,21.1,Zone 3,2.0,Zone 2,17.4,Zone 3,11.2,Zone 2,21.3,Zone 3,17.0,Zone 3,23.8,Zone 3,21.1,Zone 3,25.9,Zone 4
Ladakh,Kargil,Garkon,11.1,2026-03-30,00:00:00,49.0,2026-03-29,00:00:00,2026-03-30 00:09:10,9.450000000000045,Zone 2,25.0,Zone 3,9.3,Zone 2,22.3,Zone 3,17.2,Zone 3,25.1,Zone 3,22.1,Zone 3,28.4,Zone 4,25.0,Zone 3,31.7,Zone 4
Ladakh,Kargil,Kargil,9.6,2026-03-30,00:00:00,41.0,2026-03-29,00:00:00,2026-03-30 00:09:10,7.75,Zone 2,24.2,Zone 3,7.7,Zone 2,21.3,Zone 3,15.7,Zone 3,24.3,Zone 3,21.1,Zone 3,27.1,Zone 4,24.2,Zone 3,30.3,Zone 4
Ladakh,Kargil,Padum Kvk,3.5,2026-03-30,00:00:00,49.0,2026-03-29,00:00:00,2026-03-30 00:09:10,2.3500000000000227,Zone 2,21.3,Zone 3,2.3,Zone 2,17.7,Zone 3,11.4,Zone 2,21.5,Zone 3,17.3,Zone 3,24.0,Zone 3,21.3,Zone 3,26.3,Zone 4
Ladakh,Leh,Chuchot Yokma,9.0,2026-03-30,00:00:00,29.0,2026-03-29,00:00:00,2026-03-30 00:09:10,6.850000000000023,Zone 2,23.8,Zone 3,6.8,Zone 2,20.8,Zone 3,14.9,Zone 3,24.0,Zone 3,20.5,Zone 3,26.6,Zone 4,23.8,Zone 3,29.7,Zone 4
Ladakh,Leh,Khaltse,11.3,2026-03-30,00:00:00,35.0,2026-03-29,00:00:00,2026-03-30 00:09:10,9.150000000000034,Zone 2,25.1,Zone 3,9.3,Zone 2,22.4,Zone 3,17.2,Zone 3,25.2,Zone 3,22.2,Zone 3,28.5,Zone 4,25.1,Zone 3,31.6,Zone 4
Ladakh,Leh,Nubra Hunder,5.3,2026-03-29,23:45:00,56.0,2026-03-29,23:45:00,2026-03-30 00:09:10,4.150000000000034,Zone 2,22.4,Zone 3,4.4,Zone 2,19.0,Zone 3,12.9,Zone 2,22.6,Zone 3,18.7,Zone 3,24.9,Zone 3,22.4,Zone 3,27.7,Zone 4
Ladakh,Leh,Nyoma Kvk,0.5,2026-03-30,00:00:00,36.0,2026-03-29,00:00:00,2026-03-30 00:09:10,-0.75,Zone 2,19.7,Zone 3,-0.7,Zone 2,15.7,Zone 3,9.3,Zone 2,20.0,Zone 3,15.2,Zone 3,22.8,Zone 3,19.7,Zone 3,24.7,Zone 3
Ladakh,Leh,Tangtse Durbuk,1.8,2026-03-30,00:00:00,43.0,2026-03-29,00:00:00,2026-03-30 00:09:10,0.6500000000000341,Zone 2,20.5,Zone 3,0.8,Zone 2,16.7,Zone 3,10.3,Zone 2,20.8,Zone 3,16.2,Zone 3,23.4,Zone 3,20.5,Zone 3,25.2,Zone 3
Ladakh,Leh,Upshi,4.6,2026-03-30,00:00:00,53.0,2026-03-29,00:00:00,2026-03-30 00:09:10,3.4500000000000455,Zone 2,21.9,Zone 3,3.4,Zone 2,18.3,Zone 3,12.2,Zone 2,22.1,Zone 3,18.0,Zone 3,24.5,Zone 3,21.9,Zone 3,27.0,Zone 4
Madhya Pradesh,Agar,Agar Malwa,24.5,2026-03-30,00:00:00,52.0,2026-03-29,00:00:00,2026-03-30 00:09:10,24.55000000000001,Zone 3,38.0,Zone 4,24.5,Zone 3,33.6,Zone 4,29.4,Zone 4,37.8,Zone 4,33.8,Zone 4,41.8,Zone 4,38.0,Zone 4,55.1,Zone 5
Madhya Pradesh,Anuppur,Amarkantak Crch,24.9,2026-03-30,00:00:00,23.0,2026-03-29,00:00:00,2026-03-30 00:09:10,23.450000000000045,Zone 3,35.5,Zone 4,23.5,Zone 3,31.9,Zone 4,28.2,Zone 4,35.4,Zone 4,31.9,Zone 4,38.8,Zone 4,35.5,Zone 4,42.1,Zone 4
Madhya Pradesh,Ashoknagar,Aonwari Kvk,25.3,2026-03-30,00:00:00,36.0,2026-03-29,00:00:00,2026-03-30 00:09:10,24.650000000000034,Zone 3,37.3,Zone 4,24.9,Zone 3,33.3,Zone 4,29.4,Zone 4,37.2,Zone 4,33.5,Zone 4,40.9,Zone 4,37.3,Zone 4,47.3,Zone 5
Madhya Pradesh,Barwani,Talun Kvk,29.0,2026-03-30,00:00:00,45.0,2026-03-29,00:00:00,2026-03-30 00:09:10,29.450000000000045,Zone 4,43.2,Zone 4,29.4,Zone 4,38.6,Zone 4,34.3,Zone 4,42.9,Zone 4,38.9,Zone 4,55.8,Zone 5,43.2,Zone 4,61.0,Zone 5
Madhya Pradesh,Betul,Betul,,,,66.0,2026-03-29,00:00:00,2026-03-30 00:09:10,,,,,,,,,,,,,,,,,,,,
Madhya Pradesh,Bhopal,Berasia,26.6,2026-03-30,00:00:00,40.0,2026-03-29,00:00:00,2026-03-30 00:09:10,26.25,Zone 4,39.0,Zone 4,26.2,Zone 4,34.8,Zone 4,30.8,Zone 4,38.8,Zone 4,35.0,Zone 4,42.6,Zone 4,39.0,Zone 4,54.0,Zone 5
Madhya Pradesh,Bhopal,Islamnagar,27.8,2026-03-30,00:00:00,37.0,2026-03-29,00:00:00,2026-03-30 00:09:10,27.450000000000045,Zone 4,40.4,Zone 4,27.6,Zone 4,36.1,Zone 4,32.2,Zone 4,40.1,Zone 4,36.4,Zone 4,44.0,Zone 4,40.4,Zone 4,57.0,Zone 5
Madhya Pradesh,Bhopal ,Bhopal,27.9,2026-03-30,00:00:00,39.0,2026-03-29,00:00:00,2026-03-30 00:09:10,27.650000000000034,Zone 4,40.7,Zone 4,27.8,Zone 4,36.4,Zone 4,32.4,Zone 4,40.5,Zone 4,36.6,Zone 4,45.7,Zone 5,40.7,Zone 4,58.5,Zone 5
Madhya Pradesh,Datia,Datia,25.2,2026-03-30,00:00:00,65.0,2026-03-29,00:00:00,2026-03-30 00:09:10,25.950000000000045,Zone 4,40.6,Zone 4,25.7,Zone 4,35.6,Zone 4,31.0,Zone 4,40.2,Zone 4,35.9,Zone 4,54.0,Zone 5,40.6,Zone 4,60.6,Zone 5
Madhya Pradesh,Dewas,Kannod,28.8,2026-03-30,00:00:00,34.0,2026-03-29,00:00:00,2026-03-30 00:09:10,28.350000000000023,Zone 4,41.1,Zone 4,28.5,Zone 4,36.9,Zone 4,33.0,Zone 4,40.9,Zone 4,37.1,Zone 4,45.0,Zone 5,41.1,Zone 4,57.9,Zone 5
Madhya Pradesh,Dhar,Dhar,25.2,2026-03-30,00:00:00,56.0,2026-03-29,00:00:00,2026-03-30 00:09:10,25.450000000000045,Zone 4,39.2,Zone 4,25.2,Zone 3,34.6,Zone 4,30.3,Zone 4,39.0,Zone 4,34.9,Zone 4,47.0,Zone 5,39.2,Zone 4,59.1,Zone 5
Madhya Pradesh,Hoshangabad,Hoshangabad,26.4,2026-03-30,00:00:00,52.0,2026-03-29,00:00:00,2026-03-30 00:09:10,26.75,Zone 4,40.8,Zone 4,26.8,Zone 4,36.1,Zone 4,31.8,Zone 4,40.5,Zone 4,36.4,Zone 4,50.7,Zone 5,40.8,Zone 4,59.9,Zone 5
Madhya Pradesh,Hoshangabad,Hoshangabad Amfu,25.7,2026-03-30,00:00:00,54.0,2026-03-29,00:00:00,2026-03-30 00:09:10,25.950000000000045,Zone 4,39.7,Zone 4,25.7,Zone 4,35.0,Zone 4,30.7,Zone 4,39.4,Zone 4,35.3,Zone 4,47.7,Zone 5,39.7,Zone 4,59.3,Zone 5
Madhya Pradesh,Hoshangabad,Pachmarhi Aec,20.7,2026-03-30,00:00:00,76.0,2026-03-29,00:00:00,2026-03-30 00:09:10,21.25,Zone 3,35.2,Zone 4,21.0,Zone 3,30.5,Zone 4,26.0,Zone 4,35.0,Zone 4,30.7,Zone 4,39.6,Zone 5,35.2,Zone 4,53.0,Zone 5
Madhya Pradesh,Mandsaur,Mandsour,25.2,2026-03-30,00:00:00,52.0,2026-03-29,00:00:00,2026-03-30 00:09:10,25.25,Zone 4,38.7,Zone 4,25.1,Zone 3,34.2,Zone 4,30.0,Zone 4,38.5,Zone 4,34.5,Zone 4,43.8,Zone 5,38.7,Zone 4,57.0,Zone 5
Madhya Pradesh,Morena,Morena Amfu,25.7,2026-03-30,00:00:00,66.0,2026-03-29,00:00:00,2026-03-30 00:09:10,26.650000000000034,Zone 4,43.5,Zone 5,26.4,Zone 4,36.4,Zone 4,31.8,Zone 4,42.1,Zone 5,36.9,Zone 4,57.1,Zone 5,43.5,Zone 5,61.3,Zone 5
Madhya Pradesh,Neemuch,Marukheda Kvk,26.7,2026-03-30,00:00:00,49.0,2026-03-29,00:00:00,2026-03-30 00:09:10,26.850000000000023,Zone 4,40.3,Zone 4,26.7,Zone 4,35.8,Zone 4,31.5,Zone 4,40.0,Zone 4,36.0,Zone 4,48.1,Zone 5,40.3,Zone 4,59.4,Zone 5
Madhya Pradesh,Niwari,Prithvipur,29.5,2026-03-30,00:00:00,29.0,2026-03-29,00:00:00,2026-03-30 00:09:10,28.650000000000034,Zone 4,40.8,Zone 4,28.7,Zone 4,36.8,Zone 4,33.0,Zone 4,40.6,Zone 4,37.0,Zone 4,44.2,Zone 4,40.8,Zone 4,55.3,Zone 5
Madhya Pradesh,Rajgarh,Rajgarh Kvk,28.1,2026-03-30,00:00:00,35.0,2026-03-29,00:00:00,2026-03-30 00:09:10,27.650000000000034,Zone 4,40.0,Zone 4,27.5,Zone 4,35.9,Zone 4,32.0,Zone 4,39.8,Zone 4,36.1,Zone 4,43.6,Zone 4,40.0,Zone 4,55.4,Zone 5
Madhya Pradesh,Rewa,Rewa Kvk,23.0,2026-03-30,00:00:00,,,,2026-03-30 00:09:10,,,,,,,,,,,,,,,,,,,,
Madhya Pradesh,Sagar,Sagar,24.6,2026-03-30,00:00:00,52.0,2026-03-29,00:00:00,2026-03-30 00:09:10,24.650000000000034,Zone 3,38.0,Zone 4,24.5,Zone 3,33.6,Zone 4,29.4,Zone 4,37.8,Zone 4,33.8,Zone 4,41.8,Zone 4,38.0,Zone 4,55.1,Zone 5
Madhya Pradesh,Satna,Gramoday Vv Chitrakoot,22.4,2026-03-30,00:00:00,64.0,2026-03-29,00:00:00,2026-03-30 00:09:10,22.650000000000034,Zone 3,36.8,Zone 4,22.8,Zone 3,32.1,Zone 4,27.8,Zone 4,36.5,Zone 4,32.4,Zone 4,41.2,Zone 5,36.8,Zone 4,54.7,Zone 5
Madhya Pradesh,Satna,Satna,26.6,2026-03-30,00:00:00,40.0,2026-03-29,00:00:00,2026-03-30 00:09:10,26.25,Zone 4,39.0,Zone 4,26.2,Zone 4,34.8,Zone 4,30.8,Zone 4,38.8,Zone 4,35.0,Zone 4,42.6,Zone 4,39.0,Zone 4,54.0,Zone 5
Madhya Pradesh,Sehore,Bhairunda,28.5,2026-03-30,00:00:00,40.0,2026-03-29,00:00:00,2026-03-30 00:09:10,28.450000000000045,Zone 4,41.5,Zone 4,28.4,Zone 4,37.1,Zone 4,33.1,Zone 4,41.3,Zone 4,37.4,Zone 4,48.8,Zone 5,41.5,Zone 4,59.5,Zone 5
Madhya Pradesh,Shahdol,Kalyanpur Kvk,21.7,2026-03-30,00:00:00,49.0,2026-03-29,00:00:00,2026-03-30 00:09:10,21.05000000000001,Zone 3,34.2,Zone 4,20.8,Zone 3,30.1,Zone 4,26.0,Zone 4,34.1,Zone 4,30.2,Zone 4,37.9,Zone 4,34.2,Zone 4,41.7,Zone 5
Madhya Pradesh,Shajapur,Shajapur,25.5,2026-03-30,00:00:00,6.0,2026-03-29,00:00:00,2026-03-30 00:09:10,23.05000000000001,Zone 3,34.4,Zone 4,23.1,Zone 3,31.2,Zone 4,27.7,Zone 4,34.4,Zone 4,31.2,Zone 4,37.5,Zone 4,34.4,Zone 4,40.5,Zone 4
Madhya Pradesh,Sheopur,Sheopur,,,,37.0,2026-03-29,00:00:00,2026-03-30 00:09:10,,,,,,,,,,,,,,,,,,,,
Madhya Pradesh,Shivpuri,Shivpuri,25.9,2026-03-30,00:00:00,39.0,2026-03-29,00:00:00,2026-03-30 00:09:10,25.450000000000045,Zone 4,38.2,Zone 4,25.6,Zone 4,34.1,Zone 4,30.1,Zone 4,38.1,Zone 4,34.3,Zone 4,41.8,Zone 4,38.2,Zone 4,51.4,Zone 5
Madhya Pradesh,Sidhi,Rampur Naikin,24.3,2026-03-30,00:00:00,51.0,2026-03-29,00:00:00,2026-03-30 00:09:10,24.25,Zone 3,37.9,Zone 4,24.5,Zone 3,33.5,Zone 4,29.3,Zone 4,37.7,Zone 4,33.7,Zone 4,41.7,Zone 4,37.9,Zone 4,54.4,Zone 5
Madhya Pradesh,Sidhi,Sidhi,24.6,2026-03-30,00:00:00,50.0,2026-03-29,00:00:00,2026-03-30 00:09:10,24.55000000000001,Zone 3,37.8,Zone 4,24.4,Zone 3,33.4,Zone 4,29.2,Zone 4,37.6,Zone 4,33.6,Zone 4,41.6,Zone 4,37.8,Zone 4,53.8,Zone 5
Madhya Pradesh,Ujjain,Vikram Vv Ujjain,25.7,2026-03-29,23:45:00,49.0,2026-03-29,23:45:00,2026-03-30 00:09:10,25.75,Zone 4,39.0,Zone 4,25.5,Zone 4,34.5,Zone 4,30.3,Zone 4,38.7,Zone 4,34.8,Zone 4,43.7,Zone 5,39.0,Zone 4,56.8,Zone 5
Madhya Pradesh,Vidisha,Vidisha,27.3,2026-03-29,23:45:00,38.0,2026-03-29,23:45:00,2026-03-30 00:09:10,26.950000000000045,Zone 4,39.9,Zone 4,27.2,Zone 4,35.7,Zone 4,31.7,Zone 4,39.7,Zone 4,35.9,Zone 4,43.5,Zone 4,39.9,Zone 4,56.0,Zone 5
Maharashtra,Akola,Akola Amfu,29.4,2026-03-30,00:00:00,38.0,2026-03-29,00:00:00,2026-03-30 00:09:10,29.350000000000023,Zone 4,42.5,Zone 4,29.4,Zone 4,38.1,Zone 4,34.1,Zone 4,42.2,Zone 4,38.4,Zone 4,51.1,Zone 5,42.5,Zone 4,60.0,Zone 5
Maharashtra,Beed,Beed Pto,28.2,2026-03-30,00:00:00,37.0,2026-03-29,00:00:00,2026-03-30 00:09:10,27.850000000000023,Zone 4,40.4,Zone 4,27.6,Zone 4,36.1,Zone 4,32.2,Zone 4,40.1,Zone 4,36.4,Zone 4,44.0,Zone 4,40.4,Zone 4,57.0,Zone 5
Maharashtra,Buldhana,Lonar,27.8,2026-03-30,00:00:00,37.0,2026-03-29,00:00:00,2026-03-30 00:09:10,27.450000000000045,Zone 4,40.4,Zone 4,27.6,Zone 4,36.1,Zone 4,32.2,Zone 4,40.1,Zone 4,36.4,Zone 4,44.0,Zone 4,40.4,Zone 4,57.0,Zone 5
Maharashtra,Chandrapur,Chandrapur Aws400,28.8,2026-03-30,00:00:00,39.0,2026-03-29,00:00:00,2026-03-30 00:09:10,28.650000000000034,Zone 4,42.0,Zone 4,28.9,Zone 4,37.6,Zone 4,33.6,Zone 4,41.7,Zone 4,37.9,Zone 4,50.0,Zone 5,42.0,Zone 4,59.8,Zone 5
Maharashtra,Dhule,Dhule,30.1,2026-03-29,23:15:00,,,,2026-03-30 00:09:10,,,,,,,,,,,,,,,,,,,,
Maharashtra,Gondia,Gondia Aws400,25.4,2026-03-29,23:15:00,,,,2026-03-30 00:09:10,,,,,,,,,,,,,,,,,,,,
Maharashtra,Gondia,Tiroda,,,,59.0,2026-03-29,00:00:00,2026-03-30 00:09:10,,,,,,,,,,,,,,,,,,,,
Maharashtra,Hingoli,Tondapur Aws400,26.6,2026-03-30,00:00:00,36.0,2026-03-29,00:00:00,2026-03-30 00:09:10,26.05000000000001,Zone 4,38.4,Zone 4,26.0,Zone 4,34.4,Zone 4,30.4,Zone 4,38.3,Zone 4,34.5,Zone 4,42.0,Zone 4,38.4,Zone 4,50.9,Zone 5
Maharashtra,Kolhapur,Kolhapur Amfu,24.2,2026-03-30,00:00:00,97.0,2026-03-29,00:00:00,2026-03-30 00:09:10,26.25,Zone 4,59.2,Zone 5,26.0,Zone 4,41.0,Zone 5,32.6,Zone 4,58.4,Zone 5,43.2,Zone 5,62.0,Zone 5,59.2,Zone 5,64.4,Zone 5
Maharashtra,Kolhapur,Radhanagri Ars,21.7,2026-03-30,00:00:00,98.0,2026-03-29,00:00:00,2026-03-30 00:09:10,23.350000000000023,Zone 3,44.3,Zone 5,23.1,Zone 3,33.5,Zone 4,28.3,Zone 4,42.9,Zone 5,33.9,Zone 4,57.8,Zone 5,44.3,Zone 5,61.5,Zone 5
Maharashtra,Latur,Udgir Aws400,29.5,2026-03-30,00:00:00,34.0,2026-03-29,00:00:00,2026-03-30 00:09:10,29.05000000000001,Zone 4,41.7,Zone 4,29.1,Zone 4,37.5,Zone 4,33.6,Zone 4,41.5,Zone 4,37.7,Zone 4,47.0,Zone 5,41.7,Zone 4,59.1,Zone 5
Maharashtra,Mumbai Suburban,Bandra,27.2,2026-03-30,00:00:00,,,,2026-03-30 00:09:10,,,,,,,,,,,,,,,,,,,,
Maharashtra,Mumbai Suburban,Dahisar,27.1,2026-03-30,00:00:00,,,,2026-03-30 00:09:10,,,,,,,,,,,,,,,,,,,,
Maharashtra,Mumbai Suburban,Tata Power Chembur,27.4,2026-03-30,00:00:00,100.0,2026-03-29,00:00:00,2026-03-30 00:09:10,33.85000000000002,Zone 4,65.8,Zone 5,34.1,Zone 4,62.3,Zone 5,57.3,Zone 5,65.4,Zone 5,62.9,Zone 5,67.7,Zone 5,65.8,Zone 5,69.3,Zone 5
Maharashtra,Mumbai Suburban,Vidyavihar,27.3,2026-03-29,23:45:00,89.0,2026-03-29,23:45:00,2026-03-30 00:09:10,31.650000000000034,Zone 4,63.4,Zone 5,32.1,Zone 4,59.4,Zone 5,43.1,Zone 5,63.0,Zone 5,60.0,Zone 5,65.6,Zone 5,63.4,Zone 5,67.5,Zone 5
Maharashtra,Mumbai City,Byculla Mumbai,27.6,2026-03-29,23:45:00,9.0,2026-03-29,23:45:00,2026-03-30 00:09:10,25.75,Zone 4,36.2,Zone 4,25.7,Zone 4,32.9,Zone 4,29.5,Zone 4,36.2,Zone 4,32.9,Zone 4,39.3,Zone 4,36.2,Zone 4,42.3,Zone 4
Maharashtra,Mumbai City,Mahalaxmi,27.4,2026-03-30,00:00:00,,,,2026-03-30 00:09:10,,,,,,,,,,,,,,,,,,,,
Maharashtra,Mumbai City,Mumbai Santa Cruz,27.2,2026-03-30,00:00:00,100.0,2026-03-29,00:00:00,2026-03-30 00:09:10,33.25,Zone 4,65.0,Zone 5,32.7,Zone 4,61.3,Zone 5,52.3,Zone 5,64.6,Zone 5,61.8,Zone 5,66.9,Zone 5,65.0,Zone 5,68.7,Zone 5
Maharashtra,Nagpur,Nagpur,26.3,2026-03-29,23:45:00,53.0,2026-03-29,23:45:00,2026-03-30 00:09:10,26.650000000000034,Zone 4,41.0,Zone 4,26.9,Zone 4,36.2,Zone 4,31.9,Zone 4,40.7,Zone 4,36.6,Zone 4,51.6,Zone 5,41.0,Zone 4,60.1,Zone 5
Maharashtra,Nagpur,Nagpur Kvk,26.9,2026-03-30,00:00:00,36.0,2026-03-29,00:00:00,2026-03-30 00:09:10,26.350000000000023,Zone 4,39.0,Zone 4,26.5,Zone 4,34.9,Zone 4,31.0,Zone 4,38.8,Zone 4,35.1,Zone 4,42.6,Zone 4,39.0,Zone 4,52.7,Zone 5
Maharashtra,Nagpur,Ramtek Aws400,29.6,2026-03-30,00:00:00,37.0,2026-03-29,00:00:00,2026-03-30 00:09:10,29.450000000000045,Zone 4,42.3,Zone 4,29.3,Zone 4,37.9,Zone 4,33.9,Zone 4,42.0,Zone 4,38.2,Zone 4,50.1,Zone 5,42.3,Zone 4,59.8,Zone 5
Maharashtra,Nanded,Sagroli Kvk,26.4,2026-03-30,00:00:00,44.0,2026-03-29,00:00:00,2026-03-30 00:09:10,26.25,Zone 4,39.5,Zone 4,26.4,Zone 4,35.2,Zone 4,31.1,Zone 4,39.3,Zone 4,35.4,Zone 4,43.8,Zone 5,39.5,Zone 4,57.0,Zone 5
Maharashtra,Nandurbar,Shahada Aws400,28.1,2026-03-30,00:00:00,50.0,2026-03-29,00:00:00,2026-03-30 00:09:10,28.75,Zone 4,42.7,Zone 4,28.6,Zone 4,37.9,Zone 4,33.6,Zone 4,42.4,Zone 4,38.3,Zone 4,55.9,Zone 5,42.7,Zone 4,61.1,Zone 5
Maharashtra,Nashik,Kalwan,25.0,2026-03-30,00:00:00,60.0,2026-03-29,00:00:00,2026-03-30 00:09:10,25.450000000000045,Zone 4,39.8,Zone 4,25.4,Zone 4,35.0,Zone 4,30.6,Zone 4,39.5,Zone 4,35.3,Zone 4,50.1,Zone 5,39.8,Zone 4,59.8,Zone 5
Maharashtra,Nashik,Malegaon,27.4,2026-03-30,00:00:00,61.0,2026-03-29,00:00:00,2026-03-30 00:09:10,28.650000000000034,Zone 4,50.5,Zone 5,28.8,Zone 4,38.9,Zone 4,34.3,Zone 4,48.9,Zone 5,39.4,Zone 4,60.0,Zone 5,50.5,Zone 5,62.6,Zone 5
Maharashtra,Palghar,Palghar Aws400,23.5,2026-03-30,00:00:00,100.0,2026-03-29,00:00:00,2026-03-30 00:09:10,25.25,Zone 3,58.9,Zone 5,25.3,Zone 3,39.9,Zone 5,31.9,Zone 4,57.4,Zone 5,42.0,Zone 5,61.8,Zone 5,58.9,Zone 5,64.2,Zone 5
Maharashtra,Pune, Nimgiri Junnar,22.1,2026-03-30,00:00:00,,,,2026-03-30 00:09:10,,,,,,,,,,,,,,,,,,,,
Maharashtra,Pune,Ballalwadi Junnar,23.7,2026-03-30,00:00:00,74.0,2026-03-29,00:00:00,2026-03-30 00:09:10,24.55000000000001,Zone 3,39.5,Zone 4,24.3,Zone 3,34.3,Zone 4,29.6,Zone 4,39.1,Zone 4,34.7,Zone 4,53.1,Zone 5,39.5,Zone 4,60.4,Zone 5
Maharashtra,Pune,Blindschool Kp Pune,26.8,2026-03-30,00:00:00,78.0,2026-03-29,00:00:00,2026-03-30 00:09:10,29.25,Zone 4,60.1,Zone 5,29.6,Zone 4,45.0,Zone 5,36.0,Zone 4,59.7,Zone 5,47.3,Zone 5,62.8,Zone 5,60.1,Zone 5,65.1,Zone 5
Maharashtra,Pune,Cagmo Shivajinagar,26.4,2026-03-30,00:00:00,71.0,2026-03-29,00:00:00,2026-03-30 00:09:10,28.05000000000001,Zone 4,54.2,Zone 5,28.2,Zone 4,38.9,Zone 4,34.0,Zone 4,52.6,Zone 5,39.4,Zone 4,60.7,Zone 5,54.2,Zone 5,63.3,Zone 5
Maharashtra,Pune,Chinchwad Pune,25.2,2026-03-30,00:00:00,78.0,2026-03-29,00:00:00,2026-03-30 00:09:10,26.650000000000034,Zone 4,51.1,Zone 5,26.4,Zone 4,37.2,Zone 4,32.3,Zone 4,49.6,Zone 5,37.7,Zone 4,60.1,Zone 5,51.1,Zone 5,62.7,Zone 5
Maharashtra,Pune,Cme Dapodi,25.5,2026-03-30,00:00:00,84.0,2026-03-29,00:00:00,2026-03-30 00:09:10,27.55000000000001,Zone 4,59.0,Zone 5,27.6,Zone 4,40.2,Zone 5,33.9,Zone 4,57.7,Zone 5,42.3,Zone 5,61.9,Zone 5,59.0,Zone 5,64.3,Zone 5
Maharashtra,Pune,Dps Hadapsar Pune,26.9,2026-03-29,23:45:00,76.0,2026-03-29,23:45:00,2026-03-30 00:09:10,29.25,Zone 4,59.6,Zone 5,29.4,Zone 4,42.9,Zone 5,35.7,Zone 4,59.2,Zone 5,45.1,Zone 5,62.4,Zone 5,59.6,Zone 5,64.7,Zone 5
Maharashtra,Pune,Girivan,22.1,2026-03-30,00:00:00,100.0,2026-03-29,00:00:00,2026-03-30 00:09:10,23.850000000000023,Zone 3,49.1,Zone 5,23.7,Zone 3,34.5,Zone 4,29.3,Zone 4,47.5,Zone 5,35.0,Zone 4,59.7,Zone 5,49.1,Zone 5,62.4,Zone 5
Maharashtra,Pune,Khadakwadi Ambegaon,25.0,2026-03-30,00:00:00,86.0,2026-03-29,00:00:00,2026-03-30 00:09:10,26.850000000000023,Zone 4,57.8,Zone 5,26.9,Zone 4,38.7,Zone 5,33.2,Zone 4,56.3,Zone 5,40.6,Zone 5,61.5,Zone 5,57.8,Zone 5,64.0,Zone 5
Maharashtra,Pune,Kurvande,20.1,2026-03-30,00:00:00,17.0,2026-03-29,00:00:00,2026-03-30 00:09:10,17.150000000000034,Zone 3,30.9,Zone 4,17.0,Zone 3,27.6,Zone 4,23.8,Zone 3,31.0,Zone 4,27.5,Zone 4,34.2,Zone 4,30.9,Zone 4,37.3,Zone 4
Maharashtra,Pune,Lavale,21.6,2026-03-30,00:00:00,89.0,2026-03-29,00:00:00,2026-03-30 00:09:10,22.850000000000023,Zone 3,38.4,Zone 5,22.7,Zone 3,32.7,Zone 4,27.8,Zone 4,37.7,Zone 4,33.1,Zone 4,52.5,Zone 5,38.4,Zone 5,60.3,Zone 5
Maharashtra,Pune,Lonikalbhor Haveli,24.4,2026-03-30,00:00:00,84.0,2026-03-29,00:00:00,2026-03-30 00:09:10,25.850000000000023,Zone 4,53.1,Zone 5,26.0,Zone 4,37.2,Zone 4,32.1,Zone 4,51.5,Zone 5,37.7,Zone 4,60.5,Zone 5,53.1,Zone 5,63.1,Zone 5
Maharashtra,Pune,Magarpatta Pune,26.6,2026-03-30,00:00:00,71.0,2026-03-29,00:00:00,2026-03-30 00:09:10,28.350000000000023,Zone 4,54.2,Zone 5,28.2,Zone 4,38.9,Zone 4,34.0,Zone 4,52.6,Zone 5,39.4,Zone 4,60.7,Zone 5,54.2,Zone 5,63.3,Zone 5
Maharashtra,Pune,Malin Ambegaon,22.9,2026-03-30,00:00:00,89.0,2026-03-29,00:00:00,2026-03-30 00:09:10,24.25,Zone 3,47.4,Zone 5,24.4,Zone 3,35.1,Zone 4,30.0,Zone 4,45.9,Zone 5,35.6,Zone 4,59.3,Zone 5,47.4,Zone 5,62.1,Zone 5
Maharashtra,Pune,Narayangoan Krishi Kendra,23.9,2026-03-30,00:00:00,100.0,2026-03-29,00:00:00,2026-03-30 00:09:10,25.950000000000045,Zone 4,59.8,Zone 5,26.1,Zone 4,43.6,Zone 5,32.9,Zone 4,59.4,Zone 5,45.9,Zone 5,62.5,Zone 5,59.8,Zone 5,64.8,Zone 5
Maharashtra,Pune,Nda Pune,24.3,2026-03-29,23:45:00,79.0,2026-03-29,23:45:00,2026-03-30 00:09:10,25.450000000000045,Zone 4,48.8,Zone 5,25.7,Zone 4,36.5,Zone 4,31.6,Zone 4,47.3,Zone 5,37.0,Zone 4,59.6,Zone 5,48.8,Zone 5,62.3,Zone 5
Maharashtra,Pune,Niasm Baramati,25.7,2026-03-29,23:30:00,67.0,2026-03-29,23:30:00,2026-03-30 00:09:10,26.75,Zone 4,44.4,Zone 5,26.4,Zone 4,36.6,Zone 4,31.9,Zone 4,43.0,Zone 5,37.0,Zone 4,57.8,Zone 5,44.4,Zone 5,61.5,Zone 5
Maharashtra,Pune,Pabal Shirur,21.7,2026-03-30,00:00:00,99.0,2026-03-29,00:00:00,2026-03-30 00:09:10,23.350000000000023,Zone 3,45.0,Zone 5,23.1,Zone 3,33.5,Zone 4,28.4,Zone 4,43.6,Zone 5,34.0,Zone 4,58.3,Zone 5,45.0,Zone 5,61.6,Zone 5
Maharashtra,Pune,Pashan Agro1,28.0,2026-03-30,00:00:00,66.0,2026-03-29,00:00:00,2026-03-30 00:09:10,30.05000000000001,Zone 4,58.2,Zone 5,30.1,Zone 4,40.8,Zone 4,35.9,Zone 4,56.8,Zone 5,41.3,Zone 4,61.6,Zone 5,58.2,Zone 5,64.1,Zone 5
Maharashtra,Pune,Pashan Aws Lab Amfu,,,,68.0,2026-03-29,23:30:00,2026-03-30 00:09:10,,,,,,,,,,,,,,,,,,,,
Maharashtra,Pune,Rajgurunagar,24.8,2026-03-30,00:00:00,85.0,2026-03-29,00:00:00,2026-03-30 00:09:10,26.55000000000001,Zone 4,57.0,Zone 5,26.8,Zone 4,38.3,Zone 4,33.1,Zone 4,55.5,Zone 5,39.7,Zone 5,61.4,Zone 5,57.0,Zone 5,63.8,Zone 5
Maharashtra,Pune,Rjspmcop Dudulgaon,25.5,2026-03-30,00:00:00,100.0,2026-03-29,00:00:00,2026-03-30 00:09:10,29.05000000000001,Zone 4,62.4,Zone 5,29.0,Zone 4,55.9,Zone 5,37.6,Zone 5,62.0,Zone 5,58.0,Zone 5,64.7,Zone 5,62.4,Zone 5,66.7,Zone 5
Maharashtra,Pune,Talegaon,23.8,2026-03-30,00:00:00,,,,2026-03-30 00:09:10,,,,,,,,,,,,,,,,,,,,
Maharashtra,Pune,Wadgaonsheri Pune,25.7,2026-03-30,00:00:00,69.0,2026-03-29,00:00:00,2026-03-30 00:09:10,26.850000000000023,Zone 4,46.2,Zone 5,26.6,Zone 4,36.8,Zone 4,32.1,Zone 4,44.7,Zone 5,37.3,Zone 4,59.1,Zone 5,46.2,Zone 5,61.8,Zone 5
Maharashtra,Raigad,Iighq Newpanvel,27.6,2026-03-30,00:00:00,100.0,2026-03-29,00:00:00,2026-03-30 00:09:10,34.450000000000045,Zone 4,65.8,Zone 5,34.1,Zone 4,62.3,Zone 5,57.3,Zone 5,65.4,Zone 5,62.9,Zone 5,67.7,Zone 5,65.8,Zone 5,69.3,Zone 5
Maharashtra,Raigad,Iig Mo Alibag,26.9,2026-03-30,00:00:00,100.0,2026-03-29,00:00:00,2026-03-30 00:09:10,32.35000000000002,Zone 4,65.0,Zone 5,32.7,Zone 4,61.3,Zone 5,52.3,Zone 5,64.6,Zone 5,61.8,Zone 5,66.9,Zone 5,65.0,Zone 5,68.7,Zone 5
Maharashtra,Raigad,Karjat,27.1,2026-03-29,23:45:00,68.0,2026-03-29,23:45:00,2026-03-30 00:09:10,28.850000000000023,Zone 4,54.4,Zone 5,28.7,Zone 4,39.3,Zone 4,34.4,Zone 4,52.8,Zone 5,39.8,Zone 4,60.8,Zone 5,54.4,Zone 5,63.3,Zone 5
Maharashtra,Raigad,Matheran,21.5,2026-03-30,00:00:00,93.0,2026-03-29,00:00:00,2026-03-30 00:09:10,22.850000000000023,Zone 3,41.0,Zone 5,22.9,Zone 3,33.0,Zone 4,28.0,Zone 4,39.7,Zone 5,33.4,Zone 4,54.9,Zone 5,41.0,Zone 5,60.8,Zone 5
Maharashtra,Ratnagiri,Dapoli,23.9,2026-03-30,00:00:00,100.0,2026-03-29,00:00:00,2026-03-30 00:09:10,25.950000000000045,Zone 4,59.8,Zone 5,26.1,Zone 4,43.6,Zone 5,32.9,Zone 4,59.4,Zone 5,45.9,Zone 5,62.5,Zone 5,59.8,Zone 5,64.8,Zone 5
Maharashtra,Ratnagiri,Ratnagiri Aws400,26.4,2026-03-30,00:00:00,90.0,2026-03-29,00:00:00,2026-03-30 00:09:10,29.75,Zone 4,62.0,Zone 5,30.0,Zone 4,54.0,Zone 5,37.1,Zone 4,61.6,Zone 5,56.2,Zone 5,64.3,Zone 5,62.0,Zone 5,66.4,Zone 5
Maharashtra,Ratnagiri,Savarde(Golwane),24.6,2026-03-30,00:00:00,,,,2026-03-30 00:09:10,,,,,,,,,,,,,,,,,,,,
Maharashtra,Sangli,Sangli Kvk,24.6,2026-03-30,00:00:00,71.0,2026-03-29,00:00:00,2026-03-30 00:09:10,25.450000000000045,Zone 4,42.1,Zone 5,25.3,Zone 4,35.5,Zone 4,30.8,Zone 4,40.8,Zone 5,35.9,Zone 4,56.0,Zone 5,42.1,Zone 5,61.1,Zone 5
Maharashtra,Satara,Mahabaleshwar,20.7,2026-03-30,00:00:00,86.0,2026-03-29,00:00:00,2026-03-30 00:09:10,21.650000000000034,Zone 3,36.1,Zone 4,21.4,Zone 3,31.1,Zone 4,26.4,Zone 4,35.8,Zone 4,31.4,Zone 4,45.2,Zone 5,36.1,Zone 4,58.1,Zone 5
Maharashtra,Sindhudurg,Devgad,26.6,2026-03-30,00:00:00,87.0,2026-03-29,00:00:00,2026-03-30 00:09:10,29.850000000000023,Zone 4,61.3,Zone 5,29.7,Zone 4,50.9,Zone 5,36.5,Zone 4,60.9,Zone 5,53.2,Zone 5,63.8,Zone 5,61.3,Zone 5,66.0,Zone 5
Maharashtra,Sindhudurg,Mulde Amfu,25.9,2026-03-29,23:45:00,97.0,2026-03-29,23:45:00,2026-03-30 00:09:10,29.55000000000001,Zone 4,62.6,Zone 5,29.8,Zone 4,57.0,Zone 5,38.8,Zone 5,62.2,Zone 5,59.0,Zone 5,64.9,Zone 5,62.6,Zone 5,66.9,Zone 5
Maharashtra,Sindhudurg,Vengurla,25.5,2026-03-30,00:00:00,84.0,2026-03-29,00:00:00,2026-03-30 00:09:10,27.55000000000001,Zone 4,59.0,Zone 5,27.6,Zone 4,40.2,Zone 5,33.9,Zone 4,57.7,Zone 5,42.3,Zone 5,61.9,Zone 5,59.0,Zone 5,64.3,Zone 5
Maharashtra,Solapur,Mohol Kvk,26.0,2026-03-30,00:00:00,33.0,2026-03-29,00:00:00,2026-03-30 00:09:10,25.350000000000023,Zone 4,37.5,Zone 4,25.3,Zone 4,33.6,Zone 4,29.7,Zone 4,37.4,Zone 4,33.7,Zone 4,41.0,Zone 4,37.5,Zone 4,46.7,Zone 5
Maharashtra,Solapur,Sangola Mahavidyalaya,27.2,2026-03-30,00:00:00,34.0,2026-03-29,00:00:00,2026-03-30 00:09:10,26.55000000000001,Zone 4,38.7,Zone 4,26.4,Zone 4,34.7,Zone 4,30.8,Zone 4,38.6,Zone 4,34.9,Zone 4,42.3,Zone 4,38.7,Zone 4,51.1,Zone 5
Maharashtra,Thane,Bhayander,26.7,2026-03-30,00:00:00,,,,2026-03-30 00:09:10,,,,,,,,,,,,,,,,,,,,
Maharashtra,Wardha,Wardha,30.4,2026-03-30,00:00:00,35.0,2026-03-29,00:00:00,2026-03-30 00:09:10,30.25,Zone 4,43.2,Zone 4,30.3,Zone 4,38.9,Zone 4,34.9,Zone 4,42.9,Zone 4,39.2,Zone 4,52.3,Zone 5,43.2,Zone 4,60.3,Zone 5
Maharashtra,Yavatmal,Pushad Aws400,25.3,2026-03-30,00:00:00,44.0,2026-03-29,00:00:00,2026-03-30 00:09:10,25.05000000000001,Zone 3,38.3,Zone 4,25.3,Zone 3,34.0,Zone 4,30.0,Zone 4,38.1,Zone 4,34.2,Zone 4,42.0,Zone 4,38.3,Zone 4,53.3,Zone 5
Manipur,Chandel,Chandel Kvk,14.6,2026-03-30,00:00:00,100.0,2026-03-29,00:00:00,2026-03-30 00:09:10,14.75,Zone 3,29.2,Zone 4,14.6,Zone 3,25.0,Zone 3,21.5,Zone 3,29.1,Zone 4,25.1,Zone 3,33.2,Zone 4,29.2,Zone 4,38.1,Zone 5
Manipur,Churachandpur,Geljang Resort,16.2,2026-03-29,23:30:00,100.0,2026-03-29,23:30:00,2026-03-30 00:09:10,16.850000000000023,Zone 3,31.0,Zone 4,16.6,Zone 3,26.3,Zone 4,22.8,Zone 3,30.8,Zone 4,26.5,Zone 4,35.1,Zone 4,31.0,Zone 4,44.3,Zone 5
Manipur,Imphal East,Jiribam,21.4,2026-03-30,00:00:00,99.0,2026-03-29,00:00:00,2026-03-30 00:09:10,23.05000000000001,Zone 3,45.0,Zone 5,23.1,Zone 3,33.5,Zone 4,28.4,Zone 4,43.6,Zone 5,34.0,Zone 4,58.3,Zone 5,45.0,Zone 5,61.6,Zone 5
Manipur,Imphal East,Porompat,17.0,2026-03-30,00:00:00,93.0,2026-03-29,00:00:00,2026-03-30 00:09:10,17.55000000000001,Zone 3,31.8,Zone 4,17.5,Zone 3,27.2,Zone 4,23.4,Zone 3,31.7,Zone 4,27.4,Zone 4,35.9,Zone 4,31.8,Zone 4,45.8,Zone 5
Manipur,Kamjong,Kamjong,11.5,2026-03-29,23:45:00,99.0,2026-03-29,23:45:00,2026-03-30 00:09:10,11.450000000000045,Zone 2,26.2,Zone 4,11.5,Zone 2,23.2,Zone 3,18.9,Zone 3,26.2,Zone 4,23.2,Zone 3,30.0,Zone 4,26.2,Zone 4,33.7,Zone 4
Manipur,Kangpokpi,Saikul,11.2,2026-03-30,00:00:00,100.0,2026-03-29,00:00:00,2026-03-30 00:09:10,11.150000000000034,Zone 2,25.7,Zone 4,11.0,Zone 2,22.9,Zone 3,18.5,Zone 3,25.7,Zone 4,22.9,Zone 3,29.6,Zone 4,25.7,Zone 4,33.3,Zone 4
Manipur,Kangpokpi,Tujangvaichong,16.6,2026-03-29,23:30:00,100.0,2026-03-29,23:30:00,2026-03-30 00:09:10,17.350000000000023,Zone 3,31.6,Zone 4,17.2,Zone 3,26.9,Zone 4,23.2,Zone 3,31.4,Zone 4,27.0,Zone 4,35.7,Zone 4,31.6,Zone 4,46.6,Zone 5
Manipur,Noney,Khoupum,18.1,2026-03-30,00:00:00,100.0,2026-03-29,00:00:00,2026-03-30 00:09:10,19.150000000000034,Zone 3,33.6,Zone 4,19.1,Zone 3,28.6,Zone 4,24.4,Zone 3,33.3,Zone 4,28.9,Zone 4,40.2,Zone 5,33.6,Zone 4,53.7,Zone 5
Manipur,Senapati,Mao,13.9,2026-03-30,00:00:00,96.0,2026-03-29,00:00:00,2026-03-30 00:09:10,13.75,Zone 2,28.5,Zone 4,13.9,Zone 2,24.7,Zone 3,21.0,Zone 3,28.5,Zone 4,24.7,Zone 3,32.5,Zone 4,28.5,Zone 4,36.4,Zone 4
Manipur,Thoubal,Thoubal,16.7,2026-03-30,00:00:00,99.0,2026-03-29,00:00:00,2026-03-30 00:09:10,17.450000000000045,Zone 3,31.5,Zone 4,17.1,Zone 3,26.8,Zone 4,23.2,Zone 3,31.3,Zone 4,27.0,Zone 4,35.7,Zone 4,31.5,Zone 4,46.1,Zone 5
Meghalaya,East Garo Hills,Williamnagar,18.8,2026-03-30,00:00:00,89.0,2026-03-29,00:00:00,2026-03-30 00:09:10,19.55000000000001,Zone 3,34.2,Zone 4,19.8,Zone 3,29.3,Zone 4,24.9,Zone 3,34.0,Zone 4,29.6,Zone 4,39.6,Zone 5,34.2,Zone 4,53.1,Zone 5
Meghalaya,East Khasi Hills,Laban,14.8,2026-03-30,00:00:00,93.0,2026-03-29,00:00:00,2026-03-30 00:09:10,14.75,Zone 3,29.5,Zone 4,15.0,Zone 3,25.2,Zone 3,21.8,Zone 3,29.4,Zone 4,25.2,Zone 3,33.5,Zone 4,29.5,Zone 4,37.6,Zone 5
Meghalaya,East Khasi Hills,Mawryngkneng,14.7,2026-03-29,23:45:00,89.0,2026-03-29,23:45:00,2026-03-30 00:09:10,14.350000000000023,Zone 3,28.8,Zone 4,14.1,Zone 3,24.9,Zone 3,21.3,Zone 3,28.8,Zone 4,24.9,Zone 3,32.7,Zone 4,28.8,Zone 4,36.6,Zone 4
Meghalaya,East Khasi Hills,Mawsynram,15.4,2026-03-30,00:00:00,99.0,2026-03-29,00:00:00,2026-03-30 00:09:10,15.75,Zone 3,30.3,Zone 4,15.9,Zone 3,25.8,Zone 4,22.4,Zone 3,30.2,Zone 4,25.9,Zone 4,34.4,Zone 4,30.3,Zone 4,41.7,Zone 5
Meghalaya,East Khasi Hills,Nehu,12.2,2026-03-30,00:00:00,98.0,2026-03-29,00:00:00,2026-03-30 00:09:10,12.150000000000034,Zone 2,26.6,Zone 4,11.9,Zone 2,23.5,Zone 3,19.3,Zone 3,26.6,Zone 4,23.5,Zone 3,30.5,Zone 4,26.6,Zone 4,34.2,Zone 4
Meghalaya,East Khasi Hills,Shillong,14.7,2026-03-30,00:00:00,95.0,2026-03-29,00:00:00,2026-03-30 00:09:10,14.650000000000034,Zone 3,29.0,Zone 4,14.4,Zone 3,24.9,Zone 3,21.4,Zone 3,28.9,Zone 4,25.0,Zone 3,33.0,Zone 4,29.0,Zone 4,36.9,Zone 4
Meghalaya,East Khasi Hills,Sohra(Cherrapunjee),17.4,2026-03-30,00:00:00,,,,2026-03-30 00:09:10,,,,,,,,,,,,,,,,,,,,
Meghalaya,Jaintia Hills,Jowai,16.4,2026-03-30,00:00:00,,,,2026-03-30 00:09:10,,,,,,,,,,,,,,,,,,,,
Meghalaya,North Garo Hills,Resubelpara,20.1,2026-03-30,00:00:00,99.0,2026-03-29,00:00:00,2026-03-30 00:09:10,21.55000000000001,Zone 3,36.6,Zone 4,21.4,Zone 3,31.2,Zone 4,26.3,Zone 4,36.2,Zone 4,31.6,Zone 4,50.3,Zone 5,36.6,Zone 4,59.8,Zone 5
Meghalaya,Ri Bhoi,Byrnihat,20.5,2026-03-30,00:00:00,100.0,2026-03-29,00:00:00,2026-03-30 00:09:10,22.05000000000001,Zone 3,39.6,Zone 5,22.0,Zone 3,32.0,Zone 4,27.0,Zone 4,38.4,Zone 5,32.4,Zone 4,53.6,Zone 5,39.6,Zone 5,60.6,Zone 5
Meghalaya,Ri Bhoi,Umtrewdam,25.4,2026-03-30,00:00:00,,,,2026-03-30 00:09:10,,,,,,,,,,,,,,,,,,,,
Meghalaya,South Garo Hills,Baghmara,20.2,2026-03-30,00:00:00,99.0,2026-03-29,00:00:00,2026-03-30 00:09:10,21.650000000000034,Zone 3,36.6,Zone 4,21.4,Zone 3,31.2,Zone 4,26.3,Zone 4,36.2,Zone 4,31.6,Zone 4,50.3,Zone 5,36.6,Zone 4,59.8,Zone 5
Meghalaya,South West Garo Hills,Ampati,20.3,2026-03-30,00:00:00,99.0,2026-03-29,00:00:00,2026-03-30 00:09:10,21.75,Zone 3,39.0,Zone 5,22.0,Zone 3,31.9,Zone 4,27.0,Zone 4,37.8,Zone 5,32.4,Zone 4,53.0,Zone 5,39.0,Zone 5,60.4,Zone 5
Meghalaya,South West Khasi Hills,Mawkyrwat,14.1,2026-03-30,00:00:00,100.0,2026-03-29,00:00:00,2026-03-30 00:09:10,14.150000000000034,Zone 3,28.7,Zone 4,14.0,Zone 2,24.7,Zone 3,21.1,Zone 3,28.6,Zone 4,24.8,Zone 3,32.7,Zone 4,28.7,Zone 4,36.6,Zone 4
Meghalaya,West Garo Hills,Tura,21.1,2026-03-30,00:00:00,83.0,2026-03-29,00:00:00,2026-03-30 00:09:10,22.05000000000001,Zone 3,36.6,Zone 4,21.9,Zone 3,31.5,Zone 4,26.9,Zone 4,36.3,Zone 4,31.9,Zone 4,46.0,Zone 5,36.6,Zone 4,58.7,Zone 5
Meghalaya,West Khasi Hills,Nongstoin,15.5,2026-03-30,00:00:00,100.0,2026-03-29,00:00:00,2026-03-30 00:09:10,15.950000000000045,Zone 3,30.4,Zone 4,15.9,Zone 3,25.8,Zone 4,22.4,Zone 3,30.2,Zone 4,25.9,Zone 4,34.4,Zone 4,30.4,Zone 4,42.1,Zone 5
Mizoram,Aizawl,Mizoram University,21.8,2026-03-29,23:45:00,82.0,2026-03-29,23:45:00,2026-03-30 00:09:10,22.75,Zone 3,38.0,Zone 4,23.0,Zone 3,32.9,Zone 4,28.1,Zone 4,37.7,Zone 4,33.2,Zone 4,50.7,Zone 5,38.0,Zone 4,59.9,Zone 5
Mizoram,Champhai,Champhai Aws,14.8,2026-03-29,23:45:00,100.0,2026-03-29,23:45:00,2026-03-30 00:09:10,15.050000000000011,Zone 3,29.8,Zone 4,15.3,Zone 3,25.3,Zone 3,22.0,Zone 3,29.6,Zone 4,25.4,Zone 4,33.8,Zone 4,29.8,Zone 4,40.0,Zone 5
Mizoram,Hnathial,Hnathial,18.1,2026-03-30,00:00:00,100.0,2026-03-29,00:00:00,2026-03-30 00:09:10,19.150000000000034,Zone 3,33.6,Zone 4,19.1,Zone 3,28.6,Zone 4,24.4,Zone 3,33.3,Zone 4,28.9,Zone 4,40.2,Zone 5,33.6,Zone 4,53.7,Zone 5
Mizoram,Khawzawl,Khawzawl,15.0,2026-03-30,00:00:00,100.0,2026-03-29,00:00:00,2026-03-30 00:09:10,15.25,Zone 3,29.8,Zone 4,15.3,Zone 3,25.3,Zone 3,22.0,Zone 3,29.6,Zone 4,25.4,Zone 4,33.8,Zone 4,29.8,Zone 4,40.0,Zone 5
Mizoram,Kolasib,Kolasib,21.8,2026-03-30,00:00:00,92.0,2026-03-29,00:00:00,2026-03-30 00:09:10,23.150000000000034,Zone 3,43.3,Zone 5,23.4,Zone 3,33.7,Zone 4,28.7,Zone 4,41.9,Zone 5,34.2,Zone 4,56.9,Zone 5,43.3,Zone 5,61.3,Zone 5
Mizoram,Lawngtlai,Chawnhu,20.1,2026-03-30,00:00:00,65.0,2026-03-29,00:00:00,2026-03-30 00:09:10,19.950000000000045,Zone 3,33.7,Zone 4,19.8,Zone 3,29.4,Zone 4,25.1,Zone 3,33.6,Zone 4,29.5,Zone 4,37.6,Zone 4,33.7,Zone 4,44.8,Zone 5
Mizoram,Mamit,Lengpui Kvk,18.9,2026-03-30,00:00:00,100.0,2026-03-29,00:00:00,2026-03-30 00:09:10,20.150000000000034,Zone 3,35.1,Zone 4,20.3,Zone 3,29.9,Zone 4,25.1,Zone 3,34.8,Zone 4,30.2,Zone 4,45.3,Zone 5,35.1,Zone 4,58.2,Zone 5
Mizoram,Saiha,Saiha,19.3,2026-03-30,00:00:00,67.0,2026-03-29,00:00:00,2026-03-30 00:09:10,19.05000000000001,Zone 3,33.3,Zone 4,19.3,Zone 3,28.9,Zone 4,24.8,Zone 3,33.1,Zone 4,29.1,Zone 4,37.1,Zone 4,33.3,Zone 4,43.9,Zone 5
Mizoram,Serchhip,Serchhip,,,,16.0,2026-03-29,00:00:00,2026-03-30 00:09:10,,,,,,,,,,,,,,,,,,,,
Nagaland,Kiphire,Kiphire Aws400,14.1,2026-03-30,00:00:00,100.0,2026-03-29,00:00:00,2026-03-30 00:09:10,14.150000000000034,Zone 3,28.7,Zone 4,14.0,Zone 2,24.7,Zone 3,21.1,Zone 3,28.6,Zone 4,24.8,Zone 3,32.7,Zone 4,28.7,Zone 4,36.6,Zone 4
Nagaland,Kohima,Chiephobozou Nerhema,14.8,2026-03-29,23:45:00,100.0,2026-03-29,23:45:00,2026-03-30 00:09:10,15.050000000000011,Zone 3,29.8,Zone 4,15.3,Zone 3,25.3,Zone 3,22.0,Zone 3,29.6,Zone 4,25.4,Zone 4,33.8,Zone 4,29.8,Zone 4,40.0,Zone 5
Nagaland,Longleng,Sakshi,16.4,2026-03-30,00:00:00,100.0,2026-03-29,00:00:00,2026-03-30 00:09:10,17.05000000000001,Zone 3,31.6,Zone 4,17.2,Zone 3,26.9,Zone 4,23.2,Zone 3,31.4,Zone 4,27.0,Zone 4,35.7,Zone 4,31.6,Zone 4,46.6,Zone 5
Nagaland,Peren,Jalukie,18.6,2026-03-29,23:45:00,100.0,2026-03-29,23:45:00,2026-03-30 00:09:10,19.850000000000023,Zone 3,34.3,Zone 4,19.7,Zone 3,29.2,Zone 4,24.8,Zone 3,34.0,Zone 4,29.5,Zone 4,42.6,Zone 5,34.3,Zone 4,56.0,Zone 5
Nagaland,Tuensang,Thonoknyu,13.0,2026-03-30,00:00:00,100.0,2026-03-29,00:00:00,2026-03-30 00:09:10,13.050000000000011,Zone 2,27.6,Zone 4,13.0,Zone 2,24.1,Zone 3,20.3,Zone 3,27.6,Zone 4,24.2,Zone 3,31.6,Zone 4,27.6,Zone 4,35.4,Zone 4
Nagaland,Wokha,Wokha,16.6,2026-03-30,00:00:00,97.0,2026-03-29,00:00:00,2026-03-30 00:09:10,17.150000000000034,Zone 3,31.4,Zone 4,17.1,Zone 3,26.8,Zone 4,23.1,Zone 3,31.2,Zone 4,26.9,Zone 4,35.5,Zone 4,31.4,Zone 4,45.3,Zone 5
Odisha,Balangir,Bolangir,26.3,2026-03-30,00:00:00,100.0,2026-03-29,00:00:00,2026-03-30 00:09:10,30.850000000000023,Zone 4,64.1,Zone 5,31.3,Zone 4,60.2,Zone 5,47.0,Zone 5,63.7,Zone 5,60.8,Zone 5,66.2,Zone 5,64.1,Zone 5,68.0,Zone 5
Odisha,Balasore,Fm University,26.4,2026-03-30,00:00:00,100.0,2026-03-29,00:00:00,2026-03-30 00:09:10,31.05000000000001,Zone 4,64.1,Zone 5,31.3,Zone 4,60.2,Zone 5,47.0,Zone 5,63.7,Zone 5,60.8,Zone 5,66.2,Zone 5,64.1,Zone 5,68.0,Zone 5
Odisha,Cuttack,Cuttack Kvk,27.2,2026-03-30,00:00:00,,,,2026-03-30 00:09:10,,,,,,,,,,,,,,,,,,,,
Odisha,Ganjam,Benakuda Kvk,26.5,2026-03-30,00:00:00,78.0,2026-03-29,00:00:00,2026-03-30 00:09:10,28.75,Zone 4,59.3,Zone 5,28.8,Zone 4,41.4,Zone 5,35.0,Zone 4,58.7,Zone 5,43.5,Zone 5,62.1,Zone 5,59.3,Zone 5,64.5,Zone 5
Odisha,Jharsuguda,Jharsuguda,23.7,2026-03-29,23:45:00,100.0,2026-03-29,23:45:00,2026-03-30 00:09:10,25.650000000000034,Zone 4,58.9,Zone 5,25.3,Zone 3,39.9,Zone 5,31.9,Zone 4,57.4,Zone 5,42.0,Zone 5,61.8,Zone 5,58.9,Zone 5,64.2,Zone 5
Odisha,Jharsuguda,Likera,25.6,2026-03-30,00:00:00,,,,2026-03-30 00:09:10,,,,,,,,,,,,,,,,,,,,
Odisha,Kandhamal,Phulbani,23.2,2026-03-30,00:00:00,99.0,2026-03-29,00:00:00,2026-03-30 00:09:10,24.950000000000045,Zone 3,55.1,Zone 5,24.7,Zone 3,36.3,Zone 4,30.9,Zone 4,53.5,Zone 5,37.7,Zone 5,60.9,Zone 5,55.1,Zone 5,63.5,Zone 5
Odisha,Khurdha,Bhubaneshwar Airport,26.2,2026-03-30,00:00:00,89.0,2026-03-29,00:00:00,2026-03-30 00:09:10,29.25,Zone 4,60.9,Zone 5,28.9,Zone 4,48.9,Zone 5,35.7,Zone 4,60.5,Zone 5,51.3,Zone 5,63.5,Zone 5,60.9,Zone 5,65.7,Zone 5
Odisha,Mayurbhanj,Baripada,27.3,2026-03-30,00:00:00,100.0,2026-03-29,00:00:00,2026-03-30 00:09:10,33.55000000000001,Zone 4,65.8,Zone 5,34.1,Zone 4,62.3,Zone 5,57.3,Zone 5,65.4,Zone 5,62.9,Zone 5,67.7,Zone 5,65.8,Zone 5,69.3,Zone 5
Odisha,Puri,Janhukuda(Near Satapada),27.5,2026-03-30,00:00:00,100.0,2026-03-29,00:00:00,2026-03-30 00:09:10,34.150000000000034,Zone 4,65.8,Zone 5,34.1,Zone 4,62.3,Zone 5,57.3,Zone 5,65.4,Zone 5,62.9,Zone 5,67.7,Zone 5,65.8,Zone 5,69.3,Zone 5
Odisha,Puri,Puri Kvk,27.2,2026-03-30,00:00:00,51.0,2026-03-29,00:00:00,2026-03-30 00:09:10,27.650000000000034,Zone 4,41.4,Zone 4,27.4,Zone 4,36.7,Zone 4,32.4,Zone 4,41.1,Zone 4,37.0,Zone 4,52.2,Zone 5,41.4,Zone 4,60.2,Zone 5
Odisha,Rayagada,Gunupur Kvk,27.2,2026-03-30,00:00:00,100.0,2026-03-29,00:00:00,2026-03-30 00:09:10,33.25,Zone 4,65.0,Zone 5,32.7,Zone 4,61.3,Zone 5,52.3,Zone 5,64.6,Zone 5,61.8,Zone 5,66.9,Zone 5,65.0,Zone 5,68.7,Zone 5
Odisha,Sambalpur,Dhankauda,26.1,2026-03-30,00:00:00,64.0,2026-03-29,00:00:00,2026-03-30 00:09:10,27.05000000000001,Zone 4,44.5,Zone 5,26.9,Zone 4,37.0,Zone 4,32.3,Zone 4,43.1,Zone 5,37.4,Zone 4,58.0,Zone 5,44.5,Zone 5,61.5,Zone 5
Odisha,Sonepur,Sonepur,25.8,2026-03-30,00:00:00,62.0,2026-03-29,00:00:00,2026-03-30 00:09:10,26.55000000000001,Zone 4,42.7,Zone 5,26.8,Zone 4,36.7,Zone 4,32.1,Zone 4,41.4,Zone 5,37.1,Zone 4,56.5,Zone 5,42.7,Zone 5,61.2,Zone 5
Odisha,Subarnapur,Dungripalli,27.4,2026-03-30,00:00:00,68.0,2026-03-29,00:00:00,2026-03-30 00:09:10,29.350000000000023,Zone 4,57.3,Zone 5,29.5,Zone 4,40.2,Zone 4,35.3,Zone 4,55.8,Zone 5,40.8,Zone 4,61.4,Zone 5,57.3,Zone 5,63.9,Zone 5
Odisha,Sundergarh,Sundergarh,25.4,2026-03-30,00:00:00,60.0,2026-03-29,00:00:00,2026-03-30 00:09:10,25.950000000000045,Zone 4,40.6,Zone 4,26.0,Zone 4,35.7,Zone 4,31.2,Zone 4,40.3,Zone 4,36.1,Zone 4,52.6,Zone 5,40.6,Zone 4,60.3,Zone 5
Puducherry,Karaikal,Karaikal,27.3,2026-03-30,00:00:00,99.0,2026-03-29,00:00:00,2026-03-30 00:09:10,33.35000000000002,Zone 4,65.6,Zone 5,33.9,Zone 4,62.1,Zone 5,56.1,Zone 5,65.2,Zone 5,62.6,Zone 5,67.5,Zone 5,65.6,Zone 5,69.1,Zone 5
Puducherry,Puducherry,Puducherry,27.6,2026-03-29,23:15:00,,,,2026-03-30 00:09:10,,,,,,,,,,,,,,,,,,,,
Puducherry,Puducherry,Puducherry Kvk,26.8,2026-03-30,00:00:00,100.0,2026-03-29,00:00:00,2026-03-30 00:09:10,32.150000000000034,Zone 4,65.0,Zone 5,32.7,Zone 4,61.3,Zone 5,52.3,Zone 5,64.6,Zone 5,61.8,Zone 5,66.9,Zone 5,65.0,Zone 5,68.7,Zone 5
Punjab,Bathinda,Bhatinda Amfu,25.4,2026-03-29,23:45:00,,,,2026-03-30 00:09:10,,,,,,,,,,,,,,,,,,,,
Punjab,Fazilka,Fasc Abohar,21.9,2026-03-30,00:00:00,65.0,2026-03-29,00:00:00,2026-03-30 00:09:10,22.150000000000034,Zone 3,36.2,Zone 4,22.2,Zone 3,31.6,Zone 4,27.2,Zone 4,36.0,Zone 4,31.8,Zone 4,40.1,Zone 4,36.2,Zone 4,53.2,Zone 5
Punjab,Fazilka,Fazilka,20.6,2026-03-30,00:00:00,,,,2026-03-30 00:09:10,,,,,,,,,,,,,,,,,,,,
Punjab,Firozpur,Firozpur Kvk,20.4,2026-03-30,00:00:00,99.0,2026-03-29,00:00:00,2026-03-30 00:09:10,21.850000000000023,Zone 3,39.0,Zone 5,22.0,Zone 3,31.9,Zone 4,27.0,Zone 4,37.8,Zone 5,32.4,Zone 4,53.0,Zone 5,39.0,Zone 5,60.4,Zone 5
Punjab,Hoshiarpur,Hosiyarpur,19.1,2026-03-30,00:00:00,100.0,2026-03-29,00:00:00,2026-03-30 00:09:10,20.450000000000045,Zone 3,35.1,Zone 4,20.3,Zone 3,29.9,Zone 4,25.1,Zone 3,34.8,Zone 4,30.2,Zone 4,45.3,Zone 5,35.1,Zone 4,58.2,Zone 5
Punjab,Mohali,Mohali,22.4,2026-03-30,00:00:00,,,,2026-03-30 00:09:10,,,,,,,,,,,,,,,,,,,,
Punjab,Muktsar,Gidderbaha,23.1,2026-03-30,00:00:00,54.0,2026-03-29,00:00:00,2026-03-30 00:09:10,22.950000000000045,Zone 3,36.4,Zone 4,22.9,Zone 3,32.0,Zone 4,27.8,Zone 4,36.2,Zone 4,32.2,Zone 4,40.2,Zone 4,36.4,Zone 4,50.5,Zone 5
Punjab,Pathankot,Kvk Pathankot,20.4,2026-03-30,00:00:00,53.0,2026-03-29,00:00:00,2026-03-30 00:09:10,19.650000000000034,Zone 3,33.4,Zone 4,19.8,Zone 3,29.3,Zone 4,25.2,Zone 3,33.3,Zone 4,29.4,Zone 4,37.1,Zone 4,33.4,Zone 4,40.8,Zone 4
Punjab,Pathankot,Pathankot,20.7,2026-03-29,23:15:00,,,,2026-03-30 00:09:10,,,,,,,,,,,,,,,,,,,,
Punjab,Pathankot,Thein Dam,19.4,2026-03-30,00:00:00,96.0,2026-03-29,00:00:00,2026-03-30 00:09:10,20.55000000000001,Zone 3,35.5,Zone 4,20.7,Zone 3,30.3,Zone 4,25.5,Zone 4,35.2,Zone 4,30.7,Zone 4,45.8,Zone 5,35.5,Zone 4,58.5,Zone 5
Punjab,Rupnagar,Bhakra Dam Imdnagal,23.8,2026-03-30,00:00:00,54.0,2026-03-29,00:00:00,2026-03-30 00:09:10,23.75,Zone 3,37.6,Zone 4,24.0,Zone 3,33.2,Zone 4,28.9,Zone 4,37.4,Zone 4,33.4,Zone 4,41.5,Zone 4,37.6,Zone 4,54.5,Zone 5
Punjab,Rupnagar,Sri Anadpur Sahib Imdjindwadi,19.4,2026-03-30,00:00:00,100.0,2026-03-29,00:00:00,2026-03-30 00:09:10,20.75,Zone 3,35.9,Zone 4,20.9,Zone 3,30.6,Zone 4,25.7,Zone 4,35.5,Zone 4,30.9,Zone 4,48.0,Zone 5,35.9,Zone 4,59.4,Zone 5
Rajasthan,Ajmer,Ajmer,27.2,2026-03-30,00:00:00,49.0,2026-03-29,00:00:00,2026-03-30 00:09:10,27.55000000000001,Zone 4,41.0,Zone 4,27.3,Zone 4,36.4,Zone 4,32.2,Zone 4,40.7,Zone 4,36.7,Zone 4,50.4,Zone 5,41.0,Zone 4,59.9,Zone 5
Rajasthan,Ajmer,Central University Kishangarh,22.0,2026-03-30,00:00:00,59.0,2026-03-29,00:00:00,2026-03-30 00:09:10,21.950000000000045,Zone 3,35.6,Zone 4,21.9,Zone 3,31.2,Zone 4,26.9,Zone 4,35.4,Zone 4,31.4,Zone 4,39.5,Zone 4,35.6,Zone 4,49.6,Zone 5
Rajasthan,Baran,Anta-Baran Kvk,21.5,2026-03-30,00:00:00,,,,2026-03-30 00:09:10,,,,,,,,,,,,,,,,,,,,
Rajasthan,Barmer,Barmer,,,,45.0,2026-03-29,00:00:00,2026-03-30 00:09:10,,,,,,,,,,,,,,,,,,,,
Rajasthan,Bikaner,Bikaner Amfu,25.9,2026-03-30,00:00:00,41.0,2026-03-29,00:00:00,2026-03-30 00:09:10,25.55000000000001,Zone 4,38.5,Zone 4,25.7,Zone 4,34.3,Zone 4,30.3,Zone 4,38.3,Zone 4,34.5,Zone 4,42.1,Zone 4,38.5,Zone 4,53.0,Zone 5
Rajasthan,Bikaner,Chattargarh,22.9,2026-03-30,00:00:00,,,,2026-03-30 00:09:10,,,,,,,,,,,,,,,,,,,,
Rajasthan,Bikaner,Lunkarnsar,24.7,2026-03-30,00:00:00,42.0,2026-03-29,00:00:00,2026-03-30 00:09:10,24.25,Zone 3,36.9,Zone 4,24.0,Zone 3,32.8,Zone 4,28.7,Zone 4,36.7,Zone 4,32.9,Zone 4,40.5,Zone 4,36.9,Zone 4,48.1,Zone 5
Rajasthan,Chittaurgarh,Chittorgarh Kvk,25.8,2026-03-30,00:00:00,,,,2026-03-30 00:09:10,,,,,,,,,,,,,,,,,,,,
Rajasthan,Churu,Churu,24.9,2026-03-30,00:00:00,36.0,2026-03-29,00:00:00,2026-03-30 00:09:10,24.150000000000034,Zone 3,36.8,Zone 4,24.3,Zone 3,32.8,Zone 4,28.9,Zone 4,36.7,Zone 4,33.0,Zone 4,40.3,Zone 4,36.8,Zone 4,45.5,Zone 5
Rajasthan,Dausa,Khedali,28.6,2026-03-30,00:00:00,6.0,2026-03-29,00:00:00,2026-03-30 00:09:10,26.450000000000045,Zone 4,36.6,Zone 4,26.4,Zone 4,33.4,Zone 4,30.0,Zone 4,36.6,Zone 4,33.4,Zone 4,39.7,Zone 4,36.6,Zone 4,42.7,Zone 4
Rajasthan,Dungarpur,Dungarpur Kvk,26.9,2026-03-30,00:00:00,25.0,2026-03-29,00:00:00,2026-03-30 00:09:10,25.850000000000023,Zone 4,37.6,Zone 4,25.9,Zone 4,33.8,Zone 4,30.1,Zone 4,37.5,Zone 4,33.9,Zone 4,40.9,Zone 4,37.6,Zone 4,44.3,Zone 4
Rajasthan,Ganganagar,Ganganagar,37.2,2026-03-30,00:00:00,74.0,2026-03-29,00:00:00,2026-03-30 00:09:10,71.45000000000005,Zone 5,79.5,Zone 6,70.7,Zone 5,76.0,Zone 6,73.7,Zone 6,78.9,Zone 6,76.6,Zone 6,81.8,Zone 6,79.5,Zone 6,84.6,Zone 6
Rajasthan,Jaipur,Amity University,21.6,2026-03-30,00:00:00,42.0,2026-03-29,00:00:00,2026-03-30 00:09:10,20.55000000000001,Zone 3,33.7,Zone 4,20.4,Zone 3,29.8,Zone 4,25.8,Zone 4,33.6,Zone 4,29.9,Zone 4,37.3,Zone 4,33.7,Zone 4,40.8,Zone 4
Rajasthan,Jaisalmer,Jaisalmer,25.1,2026-03-30,00:00:00,45.0,2026-03-29,00:00:00,2026-03-30 00:09:10,24.850000000000023,Zone 3,37.8,Zone 4,24.7,Zone 3,33.6,Zone 4,29.5,Zone 4,37.6,Zone 4,33.8,Zone 4,41.5,Zone 4,37.8,Zone 4,52.2,Zone 5
Rajasthan,Jalore,Jalore Kvk,29.0,2026-03-30,00:00:00,43.0,2026-03-29,00:00:00,2026-03-30 00:09:10,29.25,Zone 4,42.8,Zone 4,29.3,Zone 4,38.2,Zone 4,34.1,Zone 4,42.5,Zone 4,38.6,Zone 4,53.9,Zone 5,42.8,Zone 4,60.6,Zone 5
Rajasthan,Jhunjhunu,Jhunjhunu(Aws),23.5,2026-03-30,00:00:00,32.0,2026-03-29,00:00:00,2026-03-30 00:09:10,22.25,Zone 3,34.9,Zone 4,22.2,Zone 3,31.1,Zone 4,27.2,Zone 4,34.8,Zone 4,31.2,Zone 4,38.3,Zone 4,34.9,Zone 4,41.7,Zone 4
Rajasthan,Jhunjhunu,Pilani,20.8,2026-03-30,00:00:00,25.0,2026-03-29,00:00:00,2026-03-30 00:09:10,18.450000000000045,Zone 3,32.1,Zone 4,18.7,Zone 3,28.6,Zone 4,24.8,Zone 3,32.1,Zone 4,28.6,Zone 4,35.5,Zone 4,32.1,Zone 4,38.7,Zone 4
Rajasthan,Jodhpur,Jodhpur,29.1,2026-03-30,00:00:00,54.0,2026-03-29,00:00:00,2026-03-30 00:09:10,30.450000000000045,Zone 4,51.8,Zone 5,30.3,Zone 4,40.2,Zone 4,35.7,Zone 4,50.3,Zone 5,40.6,Zone 4,60.2,Zone 5,51.8,Zone 5,62.9,Zone 5
Rajasthan,Karauli,Karauli Kvk,23.8,2026-03-30,00:00:00,,,,2026-03-30 00:09:10,,,,,,,,,,,,,,,,,,,,
Rajasthan,Nagaur,Krishi Vishwavidhyalaya,26.4,2026-03-29,23:15:00,,,,2026-03-30 00:09:10,,,,,,,,,,,,,,,,,,,,
Rajasthan,Pali,Pali,27.2,2026-03-30,00:00:00,59.0,2026-03-29,00:00:00,2026-03-30 00:09:10,28.25,Zone 4,45.5,Zone 5,28.0,Zone 4,37.8,Zone 4,33.3,Zone 4,44.1,Zone 5,38.2,Zone 4,58.7,Zone 5,45.5,Zone 5,61.7,Zone 5
Rajasthan,Pratapgarh,Pratapgarh,26.2,2026-03-30,00:00:00,50.0,2026-03-29,00:00:00,2026-03-30 00:09:10,26.350000000000023,Zone 4,39.8,Zone 4,26.1,Zone 4,35.2,Zone 4,31.0,Zone 4,39.5,Zone 4,35.5,Zone 4,46.7,Zone 5,39.8,Zone 4,59.1,Zone 5
Rajasthan,Sikar,Fatehpur Amfu,22.5,2026-03-30,00:00:00,45.0,2026-03-29,00:00:00,2026-03-30 00:09:10,21.75,Zone 3,35.0,Zone 4,21.8,Zone 3,30.9,Zone 4,26.9,Zone 4,34.8,Zone 4,31.0,Zone 4,38.6,Zone 4,35.0,Zone 4,42.8,Zone 5
Rajasthan,Sirohi,Mount Abu,19.6,2026-03-29,23:45:00,77.0,2026-03-29,23:45:00,2026-03-30 00:09:10,19.950000000000045,Zone 3,34.0,Zone 4,19.8,Zone 3,29.4,Zone 4,25.0,Zone 3,33.8,Zone 4,29.6,Zone 4,38.0,Zone 4,34.0,Zone 4,49.2,Zone 5
Rajasthan,Sirohi,Sirohi Kvk,21.9,2026-03-30,00:00:00,55.0,2026-03-29,00:00:00,2026-03-30 00:09:10,21.55000000000001,Zone 3,35.3,Zone 4,21.7,Zone 3,31.0,Zone 4,26.8,Zone 4,35.1,Zone 4,31.2,Zone 4,39.0,Zone 4,35.3,Zone 4,47.1,Zone 5
Sikkim,Gangtok,Gangtok,12.1,2026-03-29,23:15:00,,,,2026-03-30 00:09:10,,,,,,,,,,,,,,,,,,,,
Sikkim,Gangtok,Tadong,36.3,2026-03-30,00:00:00,80.0,2026-03-29,00:00:00,2026-03-30 00:09:10,72.05000000000001,Zone 6,81.6,Zone 6,72.8,Zone 6,78.0,Zone 6,75.7,Zone 6,80.9,Zone 6,78.7,Zone 6,83.8,Zone 6,81.6,Zone 6,86.7,Zone 6
Sikkim,Namchi,Namchi,13.4,2026-03-30,00:00:00,94.0,2026-03-29,00:00:00,2026-03-30 00:09:10,13.150000000000034,Zone 2,28.0,Zone 4,13.3,Zone 2,24.3,Zone 3,20.5,Zone 3,27.9,Zone 4,24.4,Zone 3,31.9,Zone 4,28.0,Zone 4,35.7,Zone 4
Sikkim,Soreng,Soreng,12.9,2026-03-29,23:45:00,86.0,2026-03-29,23:45:00,2026-03-30 00:09:10,12.450000000000045,Zone 2,27.3,Zone 4,12.5,Zone 2,24.0,Zone 3,19.9,Zone 3,27.2,Zone 4,24.0,Zone 3,31.1,Zone 4,27.3,Zone 4,34.8,Zone 4
Tamil Nadu,Ariyalur,Ariyalur,26.3,2026-03-29,23:45:00,87.0,2026-03-29,23:45:00,2026-03-30 00:09:10,29.25,Zone 4,61.3,Zone 5,29.7,Zone 4,50.9,Zone 5,36.5,Zone 4,60.9,Zone 5,53.2,Zone 5,63.8,Zone 5,61.3,Zone 5,66.0,Zone 5
Tamil Nadu,Chennai,Anna University,27.3,2026-03-29,23:45:00,87.0,2026-03-29,23:45:00,2026-03-30 00:09:10,31.350000000000023,Zone 4,63.0,Zone 5,31.8,Zone 4,58.5,Zone 5,40.6,Zone 5,62.6,Zone 5,59.4,Zone 5,65.2,Zone 5,63.0,Zone 5,67.2,Zone 5
Tamil Nadu,Chennai,Chennai,28.4,2026-03-30,00:00:00,95.0,2026-03-29,00:00:00,2026-03-30 00:09:10,35.75,Zone 4,66.5,Zone 5,36.1,Zone 4,63.1,Zone 5,59.5,Zone 5,66.1,Zone 5,63.6,Zone 5,68.2,Zone 5,66.5,Zone 5,69.8,Zone 5
Tamil Nadu,Chennai,Ennore Port,27.3,2026-03-29,23:45:00,81.0,2026-03-29,23:45:00,2026-03-30 00:09:10,30.55000000000001,Zone 4,61.6,Zone 5,30.9,Zone 4,52.2,Zone 5,37.7,Zone 4,61.2,Zone 5,54.5,Zone 5,64.0,Zone 5,61.6,Zone 5,66.2,Zone 5
Tamil Nadu,Chennai,Meenambakkam Isro,26.2,2026-03-29,23:45:00,86.0,2026-03-29,23:45:00,2026-03-30 00:09:10,28.950000000000045,Zone 4,60.3,Zone 5,28.6,Zone 4,45.8,Zone 5,35.2,Zone 4,59.9,Zone 5,48.1,Zone 5,62.9,Zone 5,60.3,Zone 5,65.2,Zone 5
Tamil Nadu,Chennai,Niot Pallikaranai,27.5,2026-03-29,23:45:00,82.0,2026-03-29,23:45:00,2026-03-30 00:09:10,31.05000000000001,Zone 4,61.8,Zone 5,31.1,Zone 4,53.3,Zone 5,37.9,Zone 4,61.4,Zone 5,55.6,Zone 5,64.2,Zone 5,61.8,Zone 5,66.3,Zone 5
Tamil Nadu,Coimbatore,Coimbatore Amfu,27.1,2026-03-29,23:45:00,66.0,2026-03-29,23:45:00,2026-03-30 00:09:10,28.650000000000034,Zone 4,52.5,Zone 5,28.5,Zone 4,38.9,Zone 4,34.2,Zone 4,50.9,Zone 5,39.4,Zone 4,60.4,Zone 5,52.5,Zone 5,63.0,Zone 5
Tamil Nadu,Coimbatore,Upasi Tea Research Foundation,17.7,2026-03-30,00:00:00,49.0,2026-03-29,00:00:00,2026-03-30 00:09:10,16.150000000000034,Zone 3,30.2,Zone 4,15.9,Zone 3,26.4,Zone 4,22.7,Zone 3,30.2,Zone 4,26.4,Zone 4,33.8,Zone 4,30.2,Zone 4,37.3,Zone 4
Tamil Nadu,Cuddalore,Lalpet,26.0,2026-03-29,23:45:00,94.0,2026-03-29,23:45:00,2026-03-30 00:09:10,29.450000000000045,Zone 4,62.0,Zone 5,29.4,Zone 4,54.1,Zone 5,36.6,Zone 4,61.6,Zone 5,56.3,Zone 5,64.4,Zone 5,62.0,Zone 5,66.5,Zone 5
Tamil Nadu,Cuddalore,Neyveli,25.1,2026-03-29,23:45:00,99.0,2026-03-29,23:45:00,2026-03-30 00:09:10,28.05000000000001,Zone 4,61.3,Zone 5,27.9,Zone 4,50.8,Zone 5,35.0,Zone 4,60.9,Zone 5,53.2,Zone 5,63.8,Zone 5,61.3,Zone 5,66.0,Zone 5
Tamil Nadu,Cuddalore,Vridha Chalam,26.6,2026-03-30,00:00:00,84.0,2026-03-29,00:00:00,2026-03-30 00:09:10,29.55000000000001,Zone 4,60.6,Zone 5,29.3,Zone 4,47.6,Zone 5,36.0,Zone 4,60.2,Zone 5,50.0,Zone 5,63.2,Zone 5,60.6,Zone 5,65.5,Zone 5
Tamil Nadu,Dharmapuri,Palacode,26.3,2026-03-30,00:00:00,61.0,2026-03-29,00:00:00,2026-03-30 00:09:10,27.150000000000034,Zone 4,44.6,Zone 5,27.4,Zone 4,37.3,Zone 4,32.8,Zone 4,43.2,Zone 5,37.7,Zone 4,58.0,Zone 5,44.6,Zone 5,61.6,Zone 5
Tamil Nadu,Dindigul,Natham Isro,25.1,2026-03-29,23:45:00,64.0,2026-03-29,23:45:00,2026-03-30 00:09:10,25.75,Zone 4,40.4,Zone 4,25.6,Zone 4,35.5,Zone 4,30.9,Zone 4,40.1,Zone 4,35.8,Zone 4,53.3,Zone 5,40.4,Zone 4,60.5,Zone 5
Tamil Nadu,Dindigul,Palani,25.5,2026-03-29,23:45:00,71.0,2026-03-29,23:45:00,2026-03-30 00:09:10,26.650000000000034,Zone 4,48.0,Zone 5,26.7,Zone 4,37.1,Zone 4,32.3,Zone 4,46.5,Zone 5,37.6,Zone 4,59.4,Zone 5,48.0,Zone 5,62.2,Zone 5
Tamil Nadu,Dindigul,Vedasandur,29.5,2026-03-30,00:00:00,57.0,2026-03-29,00:00:00,2026-03-30 00:09:10,31.450000000000045,Zone 4,57.7,Zone 5,31.5,Zone 4,41.7,Zone 4,37.0,Zone 4,56.3,Zone 5,42.2,Zone 4,61.5,Zone 5,57.7,Zone 5,64.0,Zone 5
Tamil Nadu,Erode,Erode Isro,29.6,2026-03-30,00:00:00,58.0,2026-03-29,00:00:00,2026-03-30 00:09:10,31.75,Zone 4,58.7,Zone 5,31.6,Zone 4,41.9,Zone 4,37.2,Zone 4,57.3,Zone 5,42.5,Zone 4,61.8,Zone 5,58.7,Zone 5,64.2,Zone 5
Tamil Nadu,Kallakurichi,Kallakurichi,33.9,2026-03-30,00:00:00,73.0,2026-03-29,00:00:00,2026-03-30 00:09:10,59.650000000000034,Zone 5,70.1,Zone 5,60.0,Zone 5,67.6,Zone 5,65.0,Zone 5,69.8,Zone 5,68.1,Zone 5,71.4,Zone 5,70.1,Zone 5,74.1,Zone 6
Tamil Nadu,Kallakurichi,Kallakurichi(Taluk Office),26.4,2026-03-30,00:00:00,79.0,2026-03-29,00:00:00,2026-03-30 00:09:10,28.650000000000034,Zone 4,59.5,Zone 5,28.9,Zone 4,42.4,Zone 5,35.1,Zone 4,59.1,Zone 5,44.6,Zone 5,62.3,Zone 5,59.5,Zone 5,64.6,Zone 5
Tamil Nadu,Kanchipuram,Chembarambakkam,26.5,2026-03-30,00:00:00,91.0,2026-03-29,00:00:00,2026-03-30 00:09:10,30.150000000000034,Zone 4,62.2,Zone 5,30.1,Zone 4,55.0,Zone 5,37.3,Zone 4,61.8,Zone 5,57.2,Zone 5,64.5,Zone 5,62.2,Zone 5,66.6,Zone 5
Tamil Nadu,Kanchipuram,Hindustan University,27.4,2026-03-30,00:00:00,89.0,2026-03-29,00:00:00,2026-03-30 00:09:10,31.850000000000023,Zone 4,63.4,Zone 5,32.1,Zone 4,59.4,Zone 5,43.1,Zone 5,63.0,Zone 5,60.0,Zone 5,65.6,Zone 5,63.4,Zone 5,67.5,Zone 5
Tamil Nadu,Kanchipuram,Lmois  Kolapakkam,28.1,2026-03-30,00:00:00,81.0,2026-03-29,00:00:00,2026-03-30 00:09:10,32.25,Zone 4,62.4,Zone 5,32.0,Zone 4,56.1,Zone 5,38.9,Zone 4,62.0,Zone 5,58.2,Zone 5,64.7,Zone 5,62.4,Zone 5,66.8,Zone 5
Tamil Nadu,Kanchipuram,Sathyabama  University,27.2,2026-03-30,00:00:00,91.0,2026-03-29,00:00:00,2026-03-30 00:09:10,31.650000000000034,Zone 4,63.0,Zone 5,31.2,Zone 4,58.7,Zone 5,40.9,Zone 5,62.6,Zone 5,59.5,Zone 5,65.2,Zone 5,63.0,Zone 5,67.2,Zone 5
Tamil Nadu,Kanyakumari,Nagercoil,22.4,2026-03-30,00:00:00,59.0,2026-03-29,00:00:00,2026-03-30 00:09:10,22.450000000000045,Zone 3,36.3,Zone 4,22.5,Zone 3,31.8,Zone 4,27.5,Zone 4,36.1,Zone 4,32.0,Zone 4,40.1,Zone 4,36.3,Zone 4,51.6,Zone 5
Tamil Nadu,Kanyakumari,Neyyoor,25.4,2026-03-30,00:00:00,80.0,2026-03-29,00:00:00,2026-03-30 00:09:10,27.150000000000034,Zone 4,56.0,Zone 5,27.3,Zone 4,38.5,Zone 4,33.4,Zone 4,54.5,Zone 5,39.0,Zone 4,61.1,Zone 5,56.0,Zone 5,63.6,Zone 5
Tamil Nadu,Kanyakumari,Thirupathisaram Amfu,26.0,2026-03-29,23:45:00,88.0,2026-03-29,23:45:00,2026-03-30 00:09:10,28.850000000000023,Zone 4,60.7,Zone 5,28.8,Zone 4,47.9,Zone 5,35.5,Zone 4,60.3,Zone 5,50.2,Zone 5,63.3,Zone 5,60.7,Zone 5,65.5,Zone 5
Tamil Nadu,Krishnagiri,Denkanikottai,22.1,2026-03-30,00:00:00,84.0,2026-03-29,00:00:00,2026-03-30 00:09:10,23.25,Zone 3,38.3,Zone 4,23.1,Zone 3,33.0,Zone 4,28.2,Zone 4,37.9,Zone 4,33.4,Zone 4,52.0,Zone 5,38.3,Zone 4,60.2,Zone 5
Tamil Nadu,Krishnagiri,Hosur,22.3,2026-03-30,00:00:00,91.0,2026-03-29,00:00:00,2026-03-30 00:09:10,23.75,Zone 3,45.7,Zone 5,23.9,Zone 3,34.5,Zone 4,29.4,Zone 4,44.2,Zone 5,34.9,Zone 4,58.8,Zone 5,45.7,Zone 5,61.8,Zone 5
Tamil Nadu,Mayiladuthurai,Mayiladuthurai,25.9,2026-03-30,00:00:00,,,,2026-03-30 00:09:10,,,,,,,,,,,,,,,,,,,,
Tamil Nadu,Nagapattinam,Mo Nagapattinam Campus,28.1,2026-03-29,23:30:00,93.0,2026-03-29,23:30:00,2026-03-30 00:09:10,34.450000000000045,Zone 4,65.1,Zone 5,34.1,Zone 4,61.5,Zone 5,53.5,Zone 5,64.8,Zone 5,62.1,Zone 5,67.1,Zone 5,65.1,Zone 5,68.8,Zone 5
Tamil Nadu,Nagapattinam,Vedharanyam,26.9,2026-03-29,23:15:00,,,,2026-03-30 00:09:10,,,,,,,,,,,,,,,,,,,,
Tamil Nadu,Nctpl Marg Ecr,New Chennai Township Private L,26.8,2026-03-30,00:00:00,90.0,2026-03-29,00:00:00,2026-03-30 00:09:10,30.650000000000034,Zone 4,62.8,Zone 5,31.1,Zone 4,57.8,Zone 5,39.7,Zone 5,62.4,Zone 5,59.2,Zone 5,65.1,Zone 5,62.8,Zone 5,67.1,Zone 5
Tamil Nadu,Perambalur,Perambalur,25.5,2026-03-30,00:00:00,86.0,2026-03-29,00:00:00,2026-03-30 00:09:10,27.75,Zone 4,59.5,Zone 5,27.7,Zone 4,42.1,Zone 5,34.2,Zone 4,59.1,Zone 5,44.2,Zone 5,62.2,Zone 5,59.5,Zone 5,64.6,Zone 5
Tamil Nadu,Pudukkottai,Vamban Kvk,23.8,2026-03-30,00:00:00,100.0,2026-03-29,00:00:00,2026-03-30 00:09:10,25.75,Zone 4,59.8,Zone 5,26.1,Zone 4,43.6,Zone 5,32.9,Zone 4,59.4,Zone 5,45.9,Zone 5,62.5,Zone 5,59.8,Zone 5,64.8,Zone 5
Tamil Nadu,Ramanathapuram,Ramnadu Kvk,25.5,2026-03-30,00:00:00,,,,2026-03-30 00:09:10,,,,,,,,,,,,,,,,,,,,
Tamil Nadu,Ranipet,Kalavai,26.1,2026-03-30,00:00:00,,,,2026-03-30 00:09:10,,,,,,,,,,,,,,,,,,,,
Tamil Nadu,Ranipet,Ranipet,26.2,2026-03-30,00:00:00,100.0,2026-03-29,00:00:00,2026-03-30 00:09:10,30.55000000000001,Zone 4,63.2,Zone 5,30.1,Zone 4,59.2,Zone 5,42.0,Zone 5,62.8,Zone 5,59.8,Zone 5,65.4,Zone 5,63.2,Zone 5,67.4,Zone 5
Tamil Nadu,Salem,Govt Hss Mettur,28.4,2026-03-30,00:00:00,65.0,2026-03-29,00:00:00,2026-03-30 00:09:10,30.650000000000034,Zone 4,59.3,Zone 5,30.8,Zone 4,41.6,Zone 4,36.7,Zone 4,58.6,Zone 5,43.4,Zone 5,62.1,Zone 5,59.3,Zone 5,64.5,Zone 5
Tamil Nadu,Salem,Sandhiyur Kvk,28.1,2026-03-30,00:00:00,66.0,2026-03-29,00:00:00,2026-03-30 00:09:10,30.25,Zone 4,58.2,Zone 5,30.1,Zone 4,40.8,Zone 4,35.9,Zone 4,56.8,Zone 5,41.3,Zone 4,61.6,Zone 5,58.2,Zone 5,64.1,Zone 5
Tamil Nadu,Sivaganga,Sethu Bhaskar Agri College Kar,24.8,2026-03-29,23:45:00,95.0,2026-03-29,23:45:00,2026-03-30 00:09:10,27.150000000000034,Zone 4,60.5,Zone 5,27.6,Zone 4,46.9,Zone 5,34.4,Zone 4,60.1,Zone 5,49.3,Zone 5,63.1,Zone 5,60.5,Zone 5,65.4,Zone 5
Tamil Nadu,Thanjavur,Adiramapattinam,26.7,2026-03-30,00:00:00,100.0,2026-03-29,00:00:00,2026-03-30 00:09:10,31.850000000000023,Zone 4,64.1,Zone 5,31.3,Zone 4,60.2,Zone 5,47.0,Zone 5,63.7,Zone 5,60.8,Zone 5,66.2,Zone 5,64.1,Zone 5,68.0,Zone 5
Tamil Nadu,The Nilgiris,Coonoor,16.8,2026-03-29,23:30:00,90.0,2026-03-29,23:30:00,2026-03-30 00:09:10,17.150000000000034,Zone 3,31.7,Zone 4,17.4,Zone 3,27.1,Zone 4,23.4,Zone 3,31.5,Zone 4,27.3,Zone 4,35.7,Zone 4,31.7,Zone 4,44.4,Zone 5
Tamil Nadu,Thiruninravur,Jaya Engineering Clg,27.6,2026-03-29,23:30:00,92.0,2026-03-29,23:30:00,2026-03-30 00:09:10,32.85000000000002,Zone 4,64.1,Zone 5,32.6,Zone 4,60.2,Zone 5,47.0,Zone 5,63.7,Zone 5,60.8,Zone 5,66.2,Zone 5,64.1,Zone 5,68.0,Zone 5
Tamil Nadu,Thoothukudi,Sattankulam,25.6,2026-03-30,00:00:00,88.0,2026-03-29,00:00:00,2026-03-30 00:09:10,28.05000000000001,Zone 4,59.9,Zone 5,27.9,Zone 4,44.0,Zone 5,34.5,Zone 4,59.5,Zone 5,46.3,Zone 5,62.6,Zone 5,59.9,Zone 5,64.9,Zone 5
Tamil Nadu,Thoothukudi,Tuticorin Railway Station,27.3,2026-03-29,23:45:00,81.0,2026-03-29,23:45:00,2026-03-30 00:09:10,30.55000000000001,Zone 4,61.6,Zone 5,30.9,Zone 4,52.2,Zone 5,37.7,Zone 4,61.2,Zone 5,54.5,Zone 5,64.0,Zone 5,61.6,Zone 5,66.2,Zone 5
Tamil Nadu,Tiruchirappalli,Thuvakudi Isro,27.5,2026-03-29,23:45:00,89.0,2026-03-29,23:45:00,2026-03-30 00:09:10,32.05000000000001,Zone 4,63.4,Zone 5,32.1,Zone 4,59.4,Zone 5,43.1,Zone 5,63.0,Zone 5,60.0,Zone 5,65.6,Zone 5,63.4,Zone 5,67.5,Zone 5
Tamil Nadu,Tirunelveli,Manimuthar Dam,27.9,2026-03-30,00:00:00,61.0,2026-03-29,00:00:00,2026-03-30 00:09:10,29.450000000000045,Zone 4,53.4,Zone 5,29.6,Zone 4,39.8,Zone 4,35.1,Zone 4,51.9,Zone 5,40.3,Zone 4,60.6,Zone 5,53.4,Zone 5,63.2,Zone 5
Tamil Nadu,Tirunelveli,Radhapuram,26.4,2026-03-30,00:00:00,79.0,2026-03-29,00:00:00,2026-03-30 00:09:10,28.650000000000034,Zone 4,59.5,Zone 5,28.9,Zone 4,42.4,Zone 5,35.1,Zone 4,59.1,Zone 5,44.6,Zone 5,62.3,Zone 5,59.5,Zone 5,64.6,Zone 5
Tamil Nadu,Tirunelveli,Tirunelveli,26.0,2026-03-30,00:00:00,86.0,2026-03-29,00:00:00,2026-03-30 00:09:10,28.650000000000034,Zone 4,60.3,Zone 5,28.6,Zone 4,45.8,Zone 5,35.2,Zone 4,59.9,Zone 5,48.1,Zone 5,62.9,Zone 5,60.3,Zone 5,65.2,Zone 5
Tamil Nadu,Tirupattur,Tirupattur Collectoroffice,27.6,2026-03-30,00:00:00,,,,2026-03-30 00:09:10,,,,,,,,,,,,,,,,,,,,
Tamil Nadu,Tiruppur,Tiruppur Collector Office,28.2,2026-03-30,00:00:00,61.0,2026-03-29,00:00:00,2026-03-30 00:09:10,29.850000000000023,Zone 4,53.4,Zone 5,29.6,Zone 4,39.8,Zone 4,35.1,Zone 4,51.9,Zone 5,40.3,Zone 4,60.6,Zone 5,53.4,Zone 5,63.2,Zone 5
Tamil Nadu,Tiruvallur,Good Will School Villivakkam,27.6,2026-03-30,00:00:00,81.0,2026-03-29,00:00:00,2026-03-30 00:09:10,31.150000000000034,Zone 4,61.6,Zone 5,30.9,Zone 4,52.2,Zone 5,37.7,Zone 4,61.2,Zone 5,54.5,Zone 5,64.0,Zone 5,61.6,Zone 5,66.2,Zone 5
Tamil Nadu,Tiruvallur,Poonamallee,26.2,2026-03-30,00:00:00,86.0,2026-03-29,00:00:00,2026-03-30 00:09:10,28.950000000000045,Zone 4,60.3,Zone 5,28.6,Zone 4,45.8,Zone 5,35.2,Zone 4,59.9,Zone 5,48.1,Zone 5,62.9,Zone 5,60.3,Zone 5,65.2,Zone 5
Tamil Nadu,Tiruvallur,R.K.Pet,26.6,2026-03-30,00:00:00,89.0,2026-03-29,00:00:00,2026-03-30 00:09:10,30.05000000000001,Zone 4,61.7,Zone 5,29.9,Zone 4,53.0,Zone 5,36.9,Zone 4,61.3,Zone 5,55.3,Zone 5,64.2,Zone 5,61.7,Zone 5,66.3,Zone 5
Tamil Nadu,Tiruvallur,Tirur Kvk,27.2,2026-03-30,00:00:00,,,,2026-03-30 00:09:10,,,,,,,,,,,,,,,,,,,,
Tamil Nadu,Tiruvannamalai,Cheyyar,27.0,2026-03-29,23:45:00,92.0,2026-03-29,23:45:00,2026-03-30 00:09:10,31.350000000000023,Zone 4,63.2,Zone 5,31.4,Zone 4,59.2,Zone 5,42.1,Zone 5,62.8,Zone 5,59.8,Zone 5,65.4,Zone 5,63.2,Zone 5,67.4,Zone 5
Tamil Nadu,Tiruvannamalai,Tiruvannamalai Isro,26.7,2026-03-30,00:00:00,70.0,2026-03-29,00:00:00,2026-03-30 00:09:10,28.350000000000023,Zone 4,53.2,Zone 5,28.1,Zone 4,38.7,Zone 4,33.9,Zone 4,51.7,Zone 5,39.2,Zone 4,60.5,Zone 5,53.2,Zone 5,63.1,Zone 5
Tamil Nadu,Tiruvarur,Tiruvarur,26.5,2026-03-29,23:15:00,,,,2026-03-30 00:09:10,,,,,,,,,,,,,,,,,,,,
Tamil Nadu,Vellore,Virinjipuram Kvk,27.3,2026-03-30,00:00:00,40.0,2026-03-29,00:00:00,2026-03-30 00:09:10,27.05000000000001,Zone 4,40.2,Zone 4,27.3,Zone 4,35.9,Zone 4,31.9,Zone 4,40.0,Zone 4,36.2,Zone 4,44.5,Zone 5,40.2,Zone 4,57.5,Zone 5
Tamil Nadu,Virudhunagar,Aruppukottai Kvk,26.4,2026-03-30,00:00:00,86.0,2026-03-29,00:00:00,2026-03-30 00:09:10,29.350000000000023,Zone 4,61.1,Zone 5,29.6,Zone 4,49.8,Zone 5,36.3,Zone 4,60.7,Zone 5,52.1,Zone 5,63.6,Zone 5,61.1,Zone 5,65.8,Zone 5
Telangana,Hanumakonda,Hanumakonda,28.0,2026-03-30,00:00:00,68.0,2026-03-29,00:00:00,2026-03-30 00:09:10,30.350000000000023,Zone 4,59.3,Zone 5,30.3,Zone 4,41.3,Zone 5,36.3,Zone 4,58.6,Zone 5,43.4,Zone 5,62.1,Zone 5,59.3,Zone 5,64.5,Zone 5
Telangana,Hyderabad,Golkonda,30.5,2026-03-29,23:45:00,63.0,2026-03-29,23:45:00,2026-03-30 00:09:10,34.150000000000034,Zone 4,61.8,Zone 5,34.2,Zone 4,53.1,Zone 5,40.3,Zone 4,61.4,Zone 5,55.3,Zone 5,64.2,Zone 5,61.8,Zone 5,66.3,Zone 5
Telangana,Hyderabad,Hyderabad,29.6,2026-03-29,23:45:00,56.0,2026-03-29,23:45:00,2026-03-30 00:09:10,31.450000000000045,Zone 4,56.7,Zone 5,31.3,Zone 4,41.5,Zone 4,36.8,Zone 4,55.3,Zone 5,42.0,Zone 4,61.3,Zone 5,56.7,Zone 5,63.8,Zone 5
Telangana,Jogulamba Gadwal,Jurala Cwc,27.1,2026-03-30,00:00:00,51.0,2026-03-29,00:00:00,2026-03-30 00:09:10,27.55000000000001,Zone 4,41.4,Zone 4,27.4,Zone 4,36.7,Zone 4,32.4,Zone 4,41.1,Zone 4,37.0,Zone 4,52.2,Zone 5,41.4,Zone 4,60.2,Zone 5
Telangana,Karimnagar,Karimnagar,27.9,2026-03-30,00:00:00,73.0,2026-03-29,00:00:00,2026-03-30 00:09:10,30.75,Zone 4,60.5,Zone 5,30.9,Zone 4,46.9,Zone 5,37.2,Zone 4,60.1,Zone 5,49.2,Zone 5,63.1,Zone 5,60.5,Zone 5,65.4,Zone 5
Telangana,Khammam,Khammam,27.2,2026-03-30,00:00:00,90.0,2026-03-29,00:00:00,2026-03-30 00:09:10,31.55000000000001,Zone 4,62.8,Zone 5,31.1,Zone 4,57.8,Zone 5,39.7,Zone 5,62.4,Zone 5,59.2,Zone 5,65.1,Zone 5,62.8,Zone 5,67.1,Zone 5
Telangana,Khammam,Wyra Kvk,26.1,2026-03-29,23:45:00,78.0,2026-03-29,23:45:00,2026-03-30 00:09:10,28.05000000000001,Zone 4,57.3,Zone 5,27.9,Zone 4,39.1,Zone 4,34.0,Zone 4,55.8,Zone 5,40.1,Zone 5,61.4,Zone 5,57.3,Zone 5,63.9,Zone 5
Telangana,Kumuram Bheem Asifabad ,Asifabad,27.0,2026-03-30,00:00:00,47.0,2026-03-29,00:00:00,2026-03-30 00:09:10,27.150000000000034,Zone 4,40.7,Zone 4,27.1,Zone 4,36.2,Zone 4,32.0,Zone 4,40.4,Zone 4,36.4,Zone 4,48.7,Zone 5,40.7,Zone 4,59.5,Zone 5
Telangana,Mahabubabad,Malyal Kvk,27.2,2026-03-30,00:00:00,100.0,2026-03-29,00:00:00,2026-03-30 00:09:10,33.25,Zone 4,65.0,Zone 5,32.7,Zone 4,61.3,Zone 5,52.3,Zone 5,64.6,Zone 5,61.8,Zone 5,66.9,Zone 5,65.0,Zone 5,68.7,Zone 5
Telangana,Mahbubnagar,Kodangal,,,,7.0,2026-03-29,00:00:00,2026-03-30 00:09:10,,,,,,,,,,,,,,,,,,,,
Telangana,Mahbubnagar,Mahbubnagar,29.3,2026-03-30,00:00:00,51.0,2026-03-29,00:00:00,2026-03-30 00:09:10,30.450000000000045,Zone 4,51.3,Zone 5,30.7,Zone 4,40.4,Zone 4,36.0,Zone 4,49.8,Zone 5,40.8,Zone 4,60.1,Zone 5,51.3,Zone 5,62.8,Zone 5
Telangana,Medak,Ars Basanthpur,29.0,2026-03-30,00:00:00,36.0,2026-03-29,00:00:00,2026-03-30 00:09:10,28.650000000000034,Zone 4,41.4,Zone 4,28.7,Zone 4,37.2,Zone 4,33.2,Zone 4,41.2,Zone 4,37.4,Zone 4,47.0,Zone 5,41.4,Zone 4,59.1,Zone 5
Telangana,Medak,Ars Narsapur,27.1,2026-03-30,00:00:00,62.0,2026-03-29,00:00:00,2026-03-30 00:09:10,28.350000000000023,Zone 4,48.5,Zone 5,28.2,Zone 4,38.3,Zone 4,33.6,Zone 4,47.0,Zone 5,38.7,Zone 4,59.5,Zone 5,48.5,Zone 5,62.3,Zone 5
Telangana,Medak,Medak,26.4,2026-03-30,00:00:00,62.0,2026-03-29,00:00:00,2026-03-30 00:09:10,27.350000000000023,Zone 4,45.5,Zone 5,27.5,Zone 4,37.5,Zone 4,32.9,Zone 4,44.1,Zone 5,37.9,Zone 4,58.7,Zone 5,45.5,Zone 5,61.7,Zone 5
Telangana,Medchal Malkajgiri,Cgwb Nagole,27.0,2026-03-29,23:45:00,62.0,2026-03-29,23:45:00,2026-03-30 00:09:10,28.150000000000034,Zone 4,48.5,Zone 5,28.2,Zone 4,38.3,Zone 4,33.6,Zone 4,47.0,Zone 5,38.7,Zone 4,59.5,Zone 5,48.5,Zone 5,62.3,Zone 5
Telangana,Medchal Malkajgiri,Kukatpally Jntu,29.5,2026-03-30,00:00:00,65.0,2026-03-29,00:00:00,2026-03-30 00:09:10,32.55000000000001,Zone 4,60.8,Zone 5,32.6,Zone 4,48.3,Zone 5,38.7,Zone 4,60.4,Zone 5,50.6,Zone 5,63.3,Zone 5,60.8,Zone 5,65.6,Zone 5
Telangana,Nalgonda,Devarakonda,30.8,2026-03-29,23:45:00,55.0,2026-03-29,23:45:00,2026-03-30 00:09:10,33.35000000000002,Zone 4,60.2,Zone 5,33.7,Zone 4,45.8,Zone 5,39.4,Zone 4,59.9,Zone 5,48.0,Zone 5,62.9,Zone 5,60.2,Zone 5,65.2,Zone 5
Telangana,Nirmal ,Bhainsa Arg,28.0,2026-03-30,00:00:00,53.0,2026-03-29,00:00:00,2026-03-30 00:09:10,28.850000000000023,Zone 4,45.0,Zone 5,28.8,Zone 4,38.4,Zone 4,34.0,Zone 4,43.6,Zone 5,38.8,Zone 4,58.4,Zone 5,45.0,Zone 5,61.6,Zone 5
Telangana,Peddapalli,Ars Peddapally,24.5,2026-03-29,23:30:00,,,,2026-03-30 00:09:10,,,,,,,,,,,,,,,,,,,,
Telangana,Peddapalli,Kunaram,28.3,2026-03-30,00:00:00,29.0,2026-03-29,00:00:00,2026-03-30 00:09:10,27.450000000000045,Zone 4,39.7,Zone 4,27.6,Zone 4,35.7,Zone 4,31.9,Zone 4,39.5,Zone 4,35.9,Zone 4,43.1,Zone 4,39.7,Zone 4,52.0,Zone 5
Telangana,Rajanna Sircilla,Sircilla,27.8,2026-03-30,00:00:00,63.0,2026-03-29,00:00:00,2026-03-30 00:09:10,29.450000000000045,Zone 4,55.4,Zone 5,29.8,Zone 4,40.2,Zone 4,35.4,Zone 4,53.9,Zone 5,40.7,Zone 4,61.0,Zone 5,55.4,Zone 5,63.5,Zone 5
Telangana,Ranga Reddy,Cbit Gandipet,28.3,2026-03-30,00:00:00,58.0,2026-03-29,00:00:00,2026-03-30 00:09:10,29.75,Zone 4,53.2,Zone 5,30.0,Zone 4,40.1,Zone 4,35.5,Zone 4,51.7,Zone 5,40.6,Zone 4,60.5,Zone 5,53.2,Zone 5,63.1,Zone 5
Telangana,Ranga Reddy,Dullapally,19.9,2026-03-30,00:00:00,67.0,2026-03-29,00:00:00,2026-03-30 00:09:10,19.850000000000023,Zone 3,33.9,Zone 4,19.9,Zone 3,29.5,Zone 4,25.1,Zone 3,33.7,Zone 4,29.6,Zone 4,37.7,Zone 4,33.9,Zone 4,45.9,Zone 5
Telangana,Ranga Reddy,Esci Gachibowli,26.9,2026-03-30,00:00:00,62.0,2026-03-29,00:00:00,2026-03-30 00:09:10,28.05000000000001,Zone 4,48.5,Zone 5,28.2,Zone 4,38.3,Zone 4,33.6,Zone 4,47.0,Zone 5,38.7,Zone 4,59.5,Zone 5,48.5,Zone 5,62.3,Zone 5
Telangana,Ranga Reddy,Ghatkesar,25.8,2026-03-30,00:00:00,75.0,2026-03-29,00:00:00,2026-03-30 00:09:10,27.350000000000023,Zone 4,54.7,Zone 5,27.7,Zone 4,38.6,Zone 4,33.6,Zone 4,53.2,Zone 5,39.2,Zone 4,60.9,Zone 5,54.7,Zone 5,63.4,Zone 5
Telangana,Ranga Reddy,Hayathnagar,27.8,2026-03-30,00:00:00,62.0,2026-03-29,00:00:00,2026-03-30 00:09:10,29.350000000000023,Zone 4,54.4,Zone 5,29.7,Zone 4,40.0,Zone 4,35.3,Zone 4,52.9,Zone 5,40.5,Zone 4,60.8,Zone 5,54.4,Zone 5,63.3,Zone 5
Telangana,Sangareddy,Kandi,28.0,2026-03-30,00:00:00,59.0,2026-03-29,00:00:00,2026-03-30 00:09:10,29.350000000000023,Zone 4,51.3,Zone 5,29.4,Zone 4,39.4,Zone 4,34.8,Zone 4,49.8,Zone 5,39.9,Zone 4,60.1,Zone 5,51.3,Zone 5,62.8,Zone 5
Telangana,Siddipet,Kaveri Siddipet,26.8,2026-03-30,00:00:00,68.0,2026-03-29,00:00:00,2026-03-30 00:09:10,28.350000000000023,Zone 4,54.4,Zone 5,28.7,Zone 4,39.3,Zone 4,34.4,Zone 4,52.8,Zone 5,39.8,Zone 4,60.8,Zone 5,54.4,Zone 5,63.3,Zone 5
Telangana,Suryapet,Suryapet Arg,28.1,2026-03-29,23:45:00,72.0,2026-03-29,23:45:00,2026-03-30 00:09:10,30.950000000000045,Zone 4,60.3,Zone 5,30.8,Zone 4,45.7,Zone 5,37.0,Zone 4,59.9,Zone 5,48.0,Zone 5,62.9,Zone 5,60.3,Zone 5,65.2,Zone 5
Telangana,Vikarabad,Tandur,26.8,2026-03-30,00:00:00,69.0,2026-03-29,00:00:00,2026-03-30 00:09:10,28.450000000000045,Zone 4,55.3,Zone 5,28.8,Zone 4,39.5,Zone 4,34.6,Zone 4,53.8,Zone 5,40.0,Zone 4,61.0,Zone 5,55.3,Zone 5,63.5,Zone 5
Telangana,Wanaparthy,Horticultural University Mojer,26.7,2026-03-30,00:00:00,65.0,2026-03-29,00:00:00,2026-03-30 00:09:10,27.950000000000045,Zone 4,48.4,Zone 5,27.7,Zone 4,37.9,Zone 4,33.2,Zone 4,46.9,Zone 5,38.4,Zone 4,59.5,Zone 5,48.4,Zone 5,62.3,Zone 5
Tripura,Dhalai,Gandachara,21.9,2026-03-30,00:00:00,100.0,2026-03-29,00:00:00,2026-03-30 00:09:10,23.650000000000034,Zone 3,49.1,Zone 5,23.7,Zone 3,34.5,Zone 4,29.3,Zone 4,47.5,Zone 5,35.0,Zone 4,59.7,Zone 5,49.1,Zone 5,62.4,Zone 5
Tripura,Khowai,Khowai,24.6,2026-03-30,00:00:00,,,,2026-03-30 00:09:10,,,,,,,,,,,,,,,,,,,,
Tripura,North Tripura,Ashapara,20.3,2026-03-30,00:00:00,100.0,2026-03-29,00:00:00,2026-03-30 00:09:10,21.850000000000023,Zone 3,39.6,Zone 5,22.0,Zone 3,32.0,Zone 4,27.0,Zone 4,38.4,Zone 5,32.4,Zone 4,53.6,Zone 5,39.6,Zone 5,60.6,Zone 5
Tripura,North Tripura,Eden Laouge,21.7,2026-03-29,23:15:00,,,,2026-03-30 00:09:10,,,,,,,,,,,,,,,,,,,,
Tripura,North Tripura,Kamalpur,20.7,2026-03-30,00:00:00,19.0,2026-03-29,00:00:00,2026-03-30 00:09:10,17.950000000000045,Zone 3,31.4,Zone 4,17.7,Zone 3,28.0,Zone 4,24.2,Zone 3,31.4,Zone 4,28.0,Zone 4,34.7,Zone 4,31.4,Zone 4,37.9,Zone 4
Tripura,Sipahijala,Cti,22.6,2026-03-30,00:00:00,100.0,2026-03-29,00:00:00,2026-03-30 00:09:10,24.350000000000023,Zone 3,52.5,Zone 5,24.3,Zone 3,35.4,Zone 4,30.1,Zone 4,50.9,Zone 5,36.0,Zone 4,60.4,Zone 5,52.5,Zone 5,63.0,Zone 5
Tripura,Sipahijala,Sipahijala,22.8,2026-03-30,00:00:00,98.0,2026-03-29,00:00:00,2026-03-30 00:09:10,24.450000000000045,Zone 3,54.3,Zone 5,24.7,Zone 3,36.2,Zone 4,30.8,Zone 4,52.8,Zone 5,37.0,Zone 5,60.8,Zone 5,54.3,Zone 5,63.3,Zone 5
Tripura,South Tripura,Gokulpur,24.8,2026-03-30,00:00:00,,,,2026-03-30 00:09:10,,,,,,,,,,,,,,,,,,,,
Tripura,South Tripura,Sabroom,22.1,2026-03-30,00:00:00,100.0,2026-03-29,00:00:00,2026-03-30 00:09:10,23.850000000000023,Zone 3,49.1,Zone 5,23.7,Zone 3,34.5,Zone 4,29.3,Zone 4,47.5,Zone 5,35.0,Zone 4,59.7,Zone 5,49.1,Zone 5,62.4,Zone 5
Tripura,Unakoti,Kailashahar,22.5,2026-03-30,00:00:00,100.0,2026-03-29,00:00:00,2026-03-30 00:09:10,24.25,Zone 3,52.5,Zone 5,24.3,Zone 3,35.4,Zone 4,30.1,Zone 4,50.9,Zone 5,36.0,Zone 4,60.4,Zone 5,52.5,Zone 5,63.0,Zone 5
Tripura,West Tripura,Agartala Airport,24.7,2026-03-30,00:00:00,94.0,2026-03-29,00:00:00,2026-03-30 00:09:10,26.950000000000045,Zone 4,59.5,Zone 5,26.6,Zone 4,42.1,Zone 5,33.2,Zone 4,59.1,Zone 5,44.3,Zone 5,62.2,Zone 5,59.5,Zone 5,64.6,Zone 5
Tripura,West Tripura,Dm Office West Agartala,24.4,2026-03-30,00:00:00,,,,2026-03-30 00:09:10,,,,,,,,,,,,,,,,,,,,
Tripura,West Tripura,Hrc Nagicherra,23.6,2026-03-30,00:00:00,,,,2026-03-30 00:09:10,,,,,,,,,,,,,,,,,,,,
Tripura,West Tripura,Khumluwang,23.3,2026-03-30,00:00:00,,,,2026-03-30 00:09:10,,,,,,,,,,,,,,,,,,,,
Tripura,West Tripura,Met Agartala,24.6,2026-03-30,00:00:00,,,,2026-03-30 00:09:10,,,,,,,,,,,,,,,,,,,,
Tripura,West Tripura,Secretariat,24.7,2026-03-30,00:00:00,,,,2026-03-30 00:09:10,,,,,,,,,,,,,,,,,,,,
Uttarakhand,Almora,Chaubatia Ranikhet,14.7,2026-03-30,00:00:00,63.0,2026-03-29,00:00:00,2026-03-30 00:09:10,13.350000000000023,Zone 2,28.0,Zone 4,13.1,Zone 2,24.5,Zone 3,20.6,Zone 3,28.0,Zone 4,24.5,Zone 3,31.7,Zone 4,28.0,Zone 4,35.2,Zone 4
Uttarakhand,Almora,Matela Kvk,12.5,2026-03-30,00:00:00,100.0,2026-03-29,00:00:00,2026-03-30 00:09:10,12.550000000000011,Zone 2,27.1,Zone 4,12.5,Zone 2,23.8,Zone 3,19.8,Zone 3,27.1,Zone 4,23.9,Zone 3,31.0,Zone 4,27.1,Zone 4,34.9,Zone 4
Uttarakhand,Bageshwar,Kapkote,,,,93.0,2026-03-29,00:00:00,2026-03-30 00:09:10,,,,,,,,,,,,,,,,,,,,
Uttarakhand,Chamoli,Chamoli,15.3,2026-03-30,00:00:00,85.0,2026-03-29,00:00:00,2026-03-30 00:09:10,14.950000000000045,Zone 3,29.7,Zone 4,15.2,Zone 3,25.5,Zone 4,22.0,Zone 3,29.6,Zone 4,25.5,Zone 4,33.7,Zone 4,29.7,Zone 4,37.5,Zone 4
Uttarakhand,Chamoli,Tharali,,,,12.0,2026-03-29,00:00:00,2026-03-30 00:09:10,,,,,,,,,,,,,,,,,,,,
Uttarakhand,Champawat,Champawat,15.8,2026-03-30,00:00:00,,,,2026-03-30 00:09:10,,,,,,,,,,,,,,,,,,,,
Uttarakhand,Dehradun,Dehradun,,,,68.0,2026-03-29,00:00:00,2026-03-30 00:09:10,,,,,,,,,,,,,,,,,,,,
Uttarakhand,Dehradun,Hatibharkala,18.3,2026-03-30,00:00:00,74.0,2026-03-29,00:00:00,2026-03-30 00:09:10,18.150000000000034,Zone 3,32.5,Zone 4,18.4,Zone 3,28.1,Zone 4,24.2,Zone 3,32.4,Zone 4,28.3,Zone 4,36.5,Zone 4,32.5,Zone 4,43.4,Zone 5
Uttarakhand,Dehradun,Jollygrant,19.2,2026-03-30,00:00:00,74.0,2026-03-29,00:00:00,2026-03-30 00:09:10,19.350000000000023,Zone 3,33.1,Zone 4,19.1,Zone 3,28.7,Zone 4,24.5,Zone 3,33.0,Zone 4,28.8,Zone 4,37.1,Zone 4,33.1,Zone 4,45.4,Zone 5
Uttarakhand,Dehradun,Massouri,13.7,2026-03-30,00:00:00,80.0,2026-03-29,00:00:00,2026-03-30 00:09:10,12.950000000000045,Zone 2,27.6,Zone 4,12.8,Zone 2,24.2,Zone 3,20.2,Zone 3,27.6,Zone 4,24.2,Zone 3,31.4,Zone 4,27.6,Zone 4,35.0,Zone 4
Uttarakhand,Dehradun,Mohakampur,19.1,2026-03-30,00:00:00,71.0,2026-03-29,00:00:00,2026-03-30 00:09:10,19.05000000000001,Zone 3,32.9,Zone 4,18.9,Zone 3,28.6,Zone 4,24.5,Zone 3,32.8,Zone 4,28.7,Zone 4,36.8,Zone 4,32.9,Zone 4,43.9,Zone 5
Uttarakhand,Dehradun,Rishikesh,,,,51.0,2026-03-29,00:00:00,2026-03-30 00:09:10,,,,,,,,,,,,,,,,,,,,
Uttarakhand,Haridwar,Roorkee Amfu,21.2,2026-03-30,00:00:00,95.0,2026-03-29,00:00:00,2026-03-30 00:09:10,22.650000000000034,Zone 3,39.4,Zone 5,22.4,Zone 3,32.4,Zone 4,27.4,Zone 4,38.2,Zone 5,32.8,Zone 4,53.4,Zone 5,39.4,Zone 5,60.5,Zone 5
Uttarakhand,Nainital,Mukteshwar,19.9,2026-03-30,00:00:00,,,,2026-03-30 00:09:10,,,,,,,,,,,,,,,,,,,,
Uttarakhand,Nainital,Nainital(Jeolikot) Kvk,17.5,2026-03-30,00:00:00,76.0,2026-03-29,00:00:00,2026-03-30 00:09:10,17.350000000000023,Zone 3,31.5,Zone 4,17.3,Zone 3,27.2,Zone 4,23.4,Zone 3,31.4,Zone 4,27.3,Zone 4,35.4,Zone 4,31.5,Zone 4,40.4,Zone 5
Uttarakhand,Nainital,Th Kosiyakutoli,17.0,2026-03-30,00:00:00,94.0,2026-03-29,00:00:00,2026-03-30 00:09:10,17.55000000000001,Zone 3,31.9,Zone 4,17.5,Zone 3,27.2,Zone 4,23.4,Zone 3,31.7,Zone 4,27.4,Zone 4,36.0,Zone 4,31.9,Zone 4,46.2,Zone 5
Uttarakhand,Pauri Garhwal,Bharsar,11.3,2026-03-29,23:45:00,75.0,2026-03-29,23:45:00,2026-03-30 00:09:10,10.450000000000045,Zone 2,25.7,Zone 4,10.7,Zone 2,22.9,Zone 3,18.3,Zone 3,25.7,Zone 4,22.9,Zone 3,29.4,Zone 4,25.7,Zone 4,32.9,Zone 4
Uttarakhand,Rudraprayag,Rudra Prayag,19.1,2026-03-30,00:00:00,87.0,2026-03-29,00:00:00,2026-03-30 00:09:10,19.850000000000023,Zone 3,34.0,Zone 4,19.7,Zone 3,29.2,Zone 4,24.8,Zone 3,33.8,Zone 4,29.5,Zone 4,38.6,Zone 5,34.0,Zone 4,52.1,Zone 5
Uttarakhand,Tehri Garhwal,Devprayag,19.5,2026-03-30,00:00:00,80.0,2026-03-29,00:00:00,2026-03-30 00:09:10,19.950000000000045,Zone 3,34.2,Zone 4,20.0,Zone 3,29.5,Zone 4,25.1,Zone 3,34.0,Zone 4,29.7,Zone 4,38.3,Zone 4,34.2,Zone 4,50.7,Zone 5
Uttarakhand,Tehri Garhwal,Rani Chawri,,,,82.0,2026-03-29,00:00:00,2026-03-30 00:09:10,,,,,,,,,,,,,,,,,,,,
Uttarakhand,Udham Singh Nagar,Kashipur Aws400,21.6,2026-03-30,00:00:00,91.0,2026-03-29,00:00:00,2026-03-30 00:09:10,22.950000000000045,Zone 3,39.7,Zone 5,22.8,Zone 3,32.9,Zone 4,27.9,Zone 4,38.5,Zone 5,33.3,Zone 4,53.7,Zone 5,39.7,Zone 5,60.6,Zone 5
Uttarakhand,Uttarkashi,Purola,11.6,2026-03-30,00:00:00,,,,2026-03-30 00:09:10,,,,,,,,,,,,,,,,,,,,
Uttar Pradesh,Agra,Hydrogen Factory Bindukatra,27.4,2026-03-29,23:45:00,64.0,2026-03-29,23:45:00,2026-03-30 00:09:10,28.950000000000045,Zone 4,53.5,Zone 5,29.1,Zone 4,39.5,Zone 4,34.7,Zone 4,51.9,Zone 5,40.0,Zone 4,60.6,Zone 5,53.5,Zone 5,63.2,Zone 5
Uttar Pradesh,Aligarh,Quarsi Farms Quarsi,29.1,2026-03-29,23:45:00,72.0,2026-03-29,23:45:00,2026-03-30 00:09:10,32.950000000000045,Zone 4,61.8,Zone 5,32.7,Zone 4,53.3,Zone 5,39.2,Zone 4,61.4,Zone 5,55.6,Zone 5,64.2,Zone 5,61.8,Zone 5,66.3,Zone 5
Uttar Pradesh,Ambedkar Nagar,Collectorate Office Akbarpur,24.5,2026-03-30,00:00:00,99.0,2026-03-29,00:00:00,2026-03-30 00:09:10,26.950000000000045,Zone 4,60.5,Zone 5,27.0,Zone 4,46.7,Zone 5,33.9,Zone 4,60.1,Zone 5,49.1,Zone 5,63.1,Zone 5,60.5,Zone 5,65.3,Zone 5
Uttar Pradesh,Amroha,Amroha 400Aws,22.9,2026-03-30,00:00:00,90.0,2026-03-29,00:00:00,2026-03-30 00:09:10,24.350000000000023,Zone 3,48.2,Zone 5,24.4,Zone 3,35.2,Zone 4,30.1,Zone 4,46.6,Zone 5,35.7,Zone 4,59.5,Zone 5,48.2,Zone 5,62.2,Zone 5
Uttar Pradesh,Ayodhya,Ayodhya 400Aws,25.5,2026-03-30,00:00:00,61.0,2026-03-29,00:00:00,2026-03-30 00:09:10,26.150000000000034,Zone 4,40.8,Zone 4,26.1,Zone 4,35.8,Zone 4,31.3,Zone 4,40.4,Zone 4,36.2,Zone 4,53.4,Zone 5,40.8,Zone 4,60.5,Zone 5
Uttar Pradesh,Ayodhya,Krishi Vigyan Kendra Kumarganj,,,,64.0,2026-03-29,00:00:00,2026-03-30 00:09:10,,,,,,,,,,,,,,,,,,,,
Uttar Pradesh,Azamgarh,Azamgarh Kvk,25.4,2026-03-30,00:00:00,35.0,2026-03-29,00:00:00,2026-03-30 00:09:10,24.75,Zone 3,37.2,Zone 4,24.8,Zone 3,33.2,Zone 4,29.3,Zone 4,37.1,Zone 4,33.4,Zone 4,40.7,Zone 4,37.2,Zone 4,46.5,Zone 5
Uttar Pradesh,Azamgarh,Lalganj Tehsil Office,24.7,2026-03-30,00:00:00,,,,2026-03-30 00:09:10,,,,,,,,,,,,,,,,,,,,
Uttar Pradesh,Bahraich,Bharaich Amfu,,,,76.0,2026-03-29,00:00:00,2026-03-30 00:09:10,,,,,,,,,,,,,,,,,,,,
Uttar Pradesh,Balrampur,Bcml Tulsipur Sugar Mill,24.9,2026-03-30,00:00:00,,,,2026-03-30 00:09:10,,,,,,,,,,,,,,,,,,,,
Uttar Pradesh,Banda,Banda 400Aws,25.6,2026-03-30,00:00:00,51.0,2026-03-29,00:00:00,2026-03-30 00:09:10,25.75,Zone 4,39.2,Zone 4,25.6,Zone 4,34.7,Zone 4,30.5,Zone 4,39.0,Zone 4,35.0,Zone 4,45.3,Zone 5,39.2,Zone 4,58.1,Zone 5
Uttar Pradesh,Barabanki,Barabanki 400Aws,25.0,2026-03-30,00:00:00,72.0,2026-03-29,00:00:00,2026-03-30 00:09:10,26.05000000000001,Zone 4,45.8,Zone 5,26.0,Zone 4,36.4,Zone 4,31.7,Zone 4,44.4,Zone 5,36.9,Zone 4,58.9,Zone 5,45.8,Zone 5,61.8,Zone 5
Uttar Pradesh,Bareilly,Bareilly Bilwa 400Aws,23.5,2026-03-30,00:00:00,81.0,2026-03-29,00:00:00,2026-03-30 00:09:10,24.650000000000034,Zone 3,44.2,Zone 5,24.6,Zone 3,35.1,Zone 4,30.2,Zone 4,42.8,Zone 5,35.5,Zone 4,57.7,Zone 5,44.2,Zone 5,61.5,Zone 5
Uttar Pradesh,Bijnor,Prithvipur 400Aws,20.2,2026-03-30,00:00:00,96.0,2026-03-29,00:00:00,2026-03-30 00:09:10,21.55000000000001,Zone 3,36.3,Zone 4,21.3,Zone 3,31.0,Zone 4,26.2,Zone 4,36.0,Zone 4,31.4,Zone 4,48.5,Zone 5,36.3,Zone 4,59.5,Zone 5
Uttar Pradesh,Bulandshahar,Bulandshahar Kvk,23.7,2026-03-30,00:00:00,59.0,2026-03-29,00:00:00,2026-03-30 00:09:10,23.950000000000045,Zone 3,37.6,Zone 4,23.7,Zone 3,33.0,Zone 4,28.6,Zone 4,37.3,Zone 4,33.2,Zone 4,42.3,Zone 5,37.6,Zone 4,55.7,Zone 5
Uttar Pradesh,Chitrakoot,Ganivan Kvk,24.9,2026-03-30,00:00:00,,,,2026-03-30 00:09:10,,,,,,,,,,,,,,,,,,,,
Uttar Pradesh,Etawah,Bbrau Agriculture College,30.0,2026-03-29,23:45:00,36.0,2026-03-29,23:45:00,2026-03-30 00:09:10,29.850000000000023,Zone 4,42.7,Zone 4,29.8,Zone 4,38.4,Zone 4,34.4,Zone 4,42.5,Zone 4,38.7,Zone 4,51.2,Zone 5,42.7,Zone 4,60.0,Zone 5
Uttar Pradesh,Fatehpur,Fatehpur Kvk,25.2,2026-03-30,00:00:00,,,,2026-03-30 00:09:10,,,,,,,,,,,,,,,,,,,,
Uttar Pradesh,Firozabad,Firozabad 400Aws,26.4,2026-03-30,00:00:00,49.0,2026-03-29,00:00:00,2026-03-30 00:09:10,26.55000000000001,Zone 4,40.3,Zone 4,26.7,Zone 4,35.8,Zone 4,31.5,Zone 4,40.0,Zone 4,36.0,Zone 4,48.1,Zone 5,40.3,Zone 4,59.4,Zone 5
Uttar Pradesh,Gautam Buddha Nagar,Kvk Chholas 400Aws,21.6,2026-03-30,00:00:00,55.0,2026-03-29,00:00:00,2026-03-30 00:09:10,21.25,Zone 3,34.7,Zone 4,21.1,Zone 3,30.4,Zone 4,26.3,Zone 4,34.5,Zone 4,30.6,Zone 4,38.4,Zone 4,34.7,Zone 4,45.1,Zone 5
Uttar Pradesh,Gautam Buddha Nagar,Ncmrwf,25.7,2026-03-30,00:00:00,50.0,2026-03-29,00:00:00,2026-03-30 00:09:10,25.75,Zone 4,39.1,Zone 4,25.5,Zone 4,34.6,Zone 4,30.4,Zone 4,38.9,Zone 4,34.9,Zone 4,44.5,Zone 5,39.1,Zone 4,57.5,Zone 5
Uttar Pradesh,Ghaziabad,Kv2 Airforce Hindon,22.1,2026-03-30,00:00:00,84.0,2026-03-29,00:00:00,2026-03-30 00:09:10,23.25,Zone 3,38.3,Zone 4,23.1,Zone 3,33.0,Zone 4,28.2,Zone 4,37.9,Zone 4,33.4,Zone 4,52.0,Zone 5,38.3,Zone 4,60.2,Zone 5
Uttar Pradesh,Ghaziabad,Kv Kamala Nehru Nagar,23.3,2026-03-30,00:00:00,74.0,2026-03-29,00:00:00,2026-03-30 00:09:10,24.150000000000034,Zone 3,39.5,Zone 4,24.3,Zone 3,34.3,Zone 4,29.6,Zone 4,39.1,Zone 4,34.7,Zone 4,53.1,Zone 5,39.5,Zone 4,60.4,Zone 5
Uttar Pradesh,Hamirpur,Hamirpur 400Aws,25.9,2026-03-30,00:00:00,50.0,2026-03-29,00:00:00,2026-03-30 00:09:10,26.05000000000001,Zone 4,39.8,Zone 4,26.1,Zone 4,35.2,Zone 4,31.0,Zone 4,39.5,Zone 4,35.5,Zone 4,46.7,Zone 5,39.8,Zone 4,59.1,Zone 5
Uttar Pradesh,Hapur,Hapur 400Aws,22.9,2026-03-30,00:00:00,81.0,2026-03-29,00:00:00,2026-03-30 00:09:10,23.950000000000045,Zone 3,41.3,Zone 5,24.1,Zone 3,34.3,Zone 4,29.4,Zone 4,40.0,Zone 5,34.7,Zone 4,55.3,Zone 5,41.3,Zone 5,60.9,Zone 5
Uttar Pradesh,Hardoi,Hardoi 400Aws,24.6,2026-03-30,00:00:00,10.0,2026-03-29,00:00:00,2026-03-30 00:09:10,22.150000000000034,Zone 3,34.0,Zone 4,22.1,Zone 3,30.7,Zone 4,27.1,Zone 4,34.0,Zone 4,30.6,Zone 4,37.1,Zone 4,34.0,Zone 4,40.2,Zone 4
Uttar Pradesh,Jalaun,Jalaun 400Aws,26.5,2026-03-29,23:45:00,52.0,2026-03-29,23:45:00,2026-03-30 00:09:10,26.850000000000023,Zone 4,40.8,Zone 4,26.8,Zone 4,36.1,Zone 4,31.8,Zone 4,40.5,Zone 4,36.4,Zone 4,50.7,Zone 5,40.8,Zone 4,59.9,Zone 5
Uttar Pradesh,Jaunpur,Mariahu Tehsil Office,26.3,2026-03-29,23:45:00,,,,2026-03-30 00:09:10,,,,,,,,,,,,,,,,,,,,
Uttar Pradesh,Kashganj,Kashganj 400Aws,25.3,2026-03-30,00:00:00,52.0,2026-03-29,00:00:00,2026-03-30 00:09:10,25.450000000000045,Zone 4,39.4,Zone 4,25.6,Zone 4,34.8,Zone 4,30.6,Zone 4,39.1,Zone 4,35.1,Zone 4,46.1,Zone 5,39.4,Zone 4,58.8,Zone 5
Uttar Pradesh,Kushinagar,Kushinagar Kvk,23.2,2026-03-30,00:00:00,100.0,2026-03-29,00:00:00,2026-03-30 00:09:10,24.950000000000045,Zone 3,55.8,Zone 5,24.8,Zone 3,36.7,Zone 5,31.0,Zone 4,54.3,Zone 5,38.5,Zone 5,61.1,Zone 5,55.8,Zone 5,63.6,Zone 5
Uttar Pradesh,Lucknow,Integral University,26.7,2026-03-30,00:00:00,,,,2026-03-30 00:09:10,,,,,,,,,,,,,,,,,,,,
Uttar Pradesh,Lucknow,Meteorological Centre Amausi,28.3,2026-03-30,00:00:00,50.0,2026-03-29,00:00:00,2026-03-30 00:09:10,28.950000000000045,Zone 4,44.6,Zone 5,29.2,Zone 4,38.7,Zone 4,34.3,Zone 4,43.2,Zone 5,39.0,Zone 4,58.0,Zone 5,44.6,Zone 5,61.6,Zone 5
Uttar Pradesh,Mainpuri,Mainpuri Kvk,26.6,2026-03-30,00:00:00,46.0,2026-03-29,00:00:00,2026-03-30 00:09:10,26.650000000000034,Zone 4,39.8,Zone 4,26.5,Zone 4,35.4,Zone 4,31.3,Zone 4,39.6,Zone 4,35.7,Zone 4,45.5,Zone 5,39.8,Zone 4,58.3,Zone 5
Uttar Pradesh,Mathura,Collectorate Office,26.4,2026-03-30,00:00:00,78.0,2026-03-29,00:00:00,2026-03-30 00:09:10,28.55000000000001,Zone 4,59.3,Zone 5,28.8,Zone 4,41.4,Zone 5,35.0,Zone 4,58.7,Zone 5,43.5,Zone 5,62.1,Zone 5,59.3,Zone 5,64.5,Zone 5
Uttar Pradesh,Mathura,Mathura 400Aws,22.2,2026-03-30,00:00:00,81.0,2026-03-29,00:00:00,2026-03-30 00:09:10,23.150000000000034,Zone 3,37.9,Zone 4,23.0,Zone 3,32.8,Zone 4,28.1,Zone 4,37.6,Zone 4,33.1,Zone 4,50.0,Zone 5,37.9,Zone 4,59.8,Zone 5
Uttar Pradesh,Meerut,Ccsu Campus,26.2,2026-03-30,00:00:00,86.0,2026-03-29,00:00:00,2026-03-30 00:09:10,28.950000000000045,Zone 4,60.3,Zone 5,28.6,Zone 4,45.8,Zone 5,35.2,Zone 4,59.9,Zone 5,48.1,Zone 5,62.9,Zone 5,60.3,Zone 5,65.2,Zone 5
Uttar Pradesh,Mirzapur,Dagmapur 400Aws,24.2,2026-03-29,23:45:00,64.0,2026-03-29,23:45:00,2026-03-30 00:09:10,24.650000000000034,Zone 3,38.9,Zone 4,24.5,Zone 3,34.1,Zone 4,29.6,Zone 4,38.6,Zone 4,34.4,Zone 4,48.3,Zone 5,38.9,Zone 4,59.4,Zone 5
Uttar Pradesh,Moradabad,Ucheti 400Aws,23.1,2026-03-30,00:00:00,83.0,2026-03-29,00:00:00,2026-03-30 00:09:10,24.25,Zone 3,42.8,Zone 5,24.2,Zone 3,34.5,Zone 4,29.6,Zone 4,41.4,Zone 5,34.9,Zone 4,56.5,Zone 5,42.8,Zone 5,61.2,Zone 5
Uttar Pradesh,Muzaffarnagar,Sohanjani Tajan 400Aws,22.4,2026-03-30,00:00:00,84.0,2026-03-29,00:00:00,2026-03-30 00:09:10,23.55000000000001,Zone 3,40.6,Zone 5,23.6,Zone 3,33.8,Zone 4,28.9,Zone 4,39.4,Zone 5,34.2,Zone 4,54.6,Zone 5,40.6,Zone 5,60.8,Zone 5
Uttar Pradesh,Pratapgarh,Pratapgarh 400Aws,27.4,2026-03-30,00:00:00,46.0,2026-03-29,00:00:00,2026-03-30 00:09:10,27.55000000000001,Zone 4,41.2,Zone 4,27.7,Zone 4,36.7,Zone 4,32.5,Zone 4,40.9,Zone 4,37.0,Zone 4,50.0,Zone 5,41.2,Zone 4,59.8,Zone 5
Uttar Pradesh,Raebareli,Airport Fursatganj,24.4,2026-03-29,23:45:00,100.0,2026-03-29,23:45:00,2026-03-30 00:09:10,26.850000000000023,Zone 4,60.7,Zone 5,27.0,Zone 4,47.6,Zone 5,34.0,Zone 4,60.2,Zone 5,50.0,Zone 5,63.2,Zone 5,60.7,Zone 5,65.5,Zone 5
Uttar Pradesh,Saharanpur,Saharanpur 400Aws,21.4,2026-03-30,00:00:00,66.0,2026-03-29,00:00:00,2026-03-30 00:09:10,21.55000000000001,Zone 3,35.6,Zone 4,21.7,Zone 3,31.1,Zone 4,26.7,Zone 4,35.4,Zone 4,31.3,Zone 4,39.6,Zone 4,35.6,Zone 4,51.7,Zone 5
Uttar Pradesh,Sambhal,Sambhal Paltha 400Aws,21.7,2026-03-30,00:00:00,,,,2026-03-30 00:09:10,,,,,,,,,,,,,,,,,,,,
Uttar Pradesh,Shahjahanpur,Shahjahanpur 400Aws,24.8,2026-03-30,00:00:00,,,,2026-03-30 00:09:10,,,,,,,,,,,,,,,,,,,,
Uttar Pradesh,Sitapur,Ramkot 400Aws,23.1,2026-03-30,00:00:00,,,,2026-03-30 00:09:10,,,,,,,,,,,,,,,,,,,,
Uttar Pradesh,Sultanpur,Krishi Vigyan Kendra Barasin,,,,71.0,2026-03-29,00:00:00,2026-03-30 00:09:10,,,,,,,,,,,,,,,,,,,,
West Bengal,Alipurduar,Jayanti,19.5,2026-03-30,00:00:00,100.0,2026-03-29,00:00:00,2026-03-30 00:09:10,20.850000000000023,Zone 3,35.9,Zone 4,20.9,Zone 3,30.6,Zone 4,25.7,Zone 4,35.5,Zone 4,30.9,Zone 4,48.0,Zone 5,35.9,Zone 4,59.4,Zone 5
West Bengal,Asansol,Imd Mo Assansol,25.0,2026-03-30,00:00:00,53.0,2026-03-29,00:00:00,2026-03-30 00:09:10,25.150000000000034,Zone 3,38.8,Zone 4,25.1,Zone 3,34.3,Zone 4,30.0,Zone 4,38.6,Zone 4,34.6,Zone 4,44.6,Zone 5,38.8,Zone 4,57.6,Zone 5
West Bengal,Cooch Behar,Dinhata Aws400,20.0,2026-03-30,00:00:00,100.0,2026-03-29,00:00:00,2026-03-30 00:09:10,21.450000000000045,Zone 3,36.9,Zone 5,21.5,Zone 3,31.3,Zone 4,26.3,Zone 4,36.3,Zone 4,31.7,Zone 4,50.8,Zone 5,36.9,Zone 5,60.0,Zone 5
West Bengal,Cooch Behar,Pundibari Amfu,22.0,2026-03-30,00:00:00,95.0,2026-03-29,00:00:00,2026-03-30 00:09:10,23.55000000000001,Zone 3,45.4,Zone 5,23.5,Zone 3,34.0,Zone 4,28.9,Zone 4,43.9,Zone 5,34.5,Zone 4,58.6,Zone 5,45.4,Zone 5,61.7,Zone 5
West Bengal,Darjeeling,Darjeeling Mo,11.5,2026-03-30,00:00:00,100.0,2026-03-29,00:00:00,2026-03-30 00:09:10,11.450000000000045,Zone 2,26.2,Zone 4,11.5,Zone 2,23.2,Zone 3,18.9,Zone 3,26.2,Zone 4,23.2,Zone 3,30.0,Zone 4,26.2,Zone 4,33.8,Zone 4
West Bengal,Darjeeling,Kharibari,20.6,2026-03-30,00:00:00,95.0,2026-03-29,00:00:00,2026-03-30 00:09:10,21.950000000000045,Zone 3,37.0,Zone 4,21.8,Zone 3,31.7,Zone 4,26.8,Zone 4,36.7,Zone 4,32.0,Zone 4,50.7,Zone 5,37.0,Zone 4,59.9,Zone 5
West Bengal,Howrah,Kvk Howrah Jagatballavapur,26.4,2026-03-30,00:00:00,,,,2026-03-30 00:09:10,,,,,,,,,,,,,,,,,,,,
West Bengal,Howrah,Ramsaday College Amta,26.6,2026-03-29,23:45:00,90.0,2026-03-29,23:45:00,2026-03-30 00:09:10,30.25,Zone 4,62.0,Zone 5,30.0,Zone 4,54.0,Zone 5,37.1,Zone 4,61.6,Zone 5,56.2,Zone 5,64.3,Zone 5,62.0,Zone 5,66.4,Zone 5
West Bengal,Howrah,Uluberia,28.3,2026-03-29,23:45:00,100.0,2026-03-29,23:45:00,2026-03-30 00:09:10,40.55000000000001,Zone 5,67.6,Zone 5,43.1,Zone 5,64.5,Zone 5,61.2,Zone 5,67.2,Zone 5,65.0,Zone 5,69.2,Zone 5,67.6,Zone 5,70.6,Zone 5
West Bengal,Jalpaiguri,Banarhat,20.1,2026-03-30,00:00:00,100.0,2026-03-29,00:00:00,2026-03-30 00:09:10,21.55000000000001,Zone 3,36.9,Zone 5,21.5,Zone 3,31.3,Zone 4,26.3,Zone 4,36.3,Zone 4,31.7,Zone 4,50.8,Zone 5,36.9,Zone 5,60.0,Zone 5
West Bengal,Jalpaiguri,Dhupguri,19.5,2026-03-30,00:00:00,100.0,2026-03-29,00:00:00,2026-03-30 00:09:10,20.850000000000023,Zone 3,35.9,Zone 4,20.9,Zone 3,30.6,Zone 4,25.7,Zone 4,35.5,Zone 4,30.9,Zone 4,48.0,Zone 5,35.9,Zone 4,59.4,Zone 5
West Bengal,Jalpaiguri,Mal,21.3,2026-03-29,23:30:00,99.0,2026-03-29,23:30:00,2026-03-30 00:09:10,22.950000000000045,Zone 3,45.0,Zone 5,23.1,Zone 3,33.5,Zone 4,28.4,Zone 4,43.6,Zone 5,34.0,Zone 4,58.3,Zone 5,45.0,Zone 5,61.6,Zone 5
West Bengal,Jalpaiguri,Ramshai Kvk,19.4,2026-03-30,00:00:00,,,,2026-03-30 00:09:10,,,,,,,,,,,,,,,,,,,,
West Bengal,Jhargram,Jhargram,26.4,2026-03-29,23:45:00,95.0,2026-03-29,23:45:00,2026-03-30 00:09:10,30.450000000000045,Zone 4,63.0,Zone 5,30.6,Zone 4,58.8,Zone 5,41.0,Zone 5,62.6,Zone 5,59.5,Zone 5,65.3,Zone 5,63.0,Zone 5,67.2,Zone 5
West Bengal,Kolkata,Kolkata Airport,26.4,2026-03-30,00:00:00,95.0,2026-03-29,00:00:00,2026-03-30 00:09:10,30.450000000000045,Zone 4,63.0,Zone 5,30.6,Zone 4,58.8,Zone 5,41.0,Zone 5,62.6,Zone 5,59.5,Zone 5,65.3,Zone 5,63.0,Zone 5,67.2,Zone 5
West Bengal,Malda,Malda,21.6,2026-03-30,00:00:00,,,,2026-03-30 00:09:10,,,,,,,,,,,,,,,,,,,,
West Bengal,Murshidabad,Berhampore,23.7,2026-03-30,00:00:00,97.0,2026-03-29,00:00:00,2026-03-30 00:09:10,25.450000000000045,Zone 4,56.8,Zone 5,25.2,Zone 3,37.7,Zone 5,31.6,Zone 4,55.3,Zone 5,39.5,Zone 5,61.3,Zone 5,56.8,Zone 5,63.8,Zone 5
West Bengal,Murshidabad,Murshidabad Kvk,22.5,2026-03-30,00:00:00,,,,2026-03-30 00:09:10,,,,,,,,,,,,,,,,,,,,
West Bengal,Nadia,Bijpur,24.0,2026-03-29,23:45:00,100.0,2026-03-29,23:45:00,2026-03-30 00:09:10,26.150000000000034,Zone 4,59.8,Zone 5,26.1,Zone 4,43.6,Zone 5,32.9,Zone 4,59.4,Zone 5,45.9,Zone 5,62.5,Zone 5,59.8,Zone 5,64.8,Zone 5
West Bengal,North Dinajpur,Raiganj,19.7,2026-03-29,23:45:00,99.0,2026-03-29,23:45:00,2026-03-30 00:09:10,21.05000000000001,Zone 3,35.8,Zone 4,20.8,Zone 3,30.5,Zone 4,25.6,Zone 4,35.5,Zone 4,30.8,Zone 4,47.5,Zone 5,35.8,Zone 4,59.2,Zone 5
West Bengal,North Twenty Four Parganas,Ashoknagar Kvk,25.8,2026-03-30,00:00:00,,,,2026-03-30 00:09:10,,,,,,,,,,,,,,,,,,,,
West Bengal,North Twenty Four Parganas,Barrackpore Aws400,26.9,2026-03-30,00:00:00,93.0,2026-03-29,00:00:00,2026-03-30 00:09:10,31.25,Zone 4,63.4,Zone 5,31.5,Zone 4,59.5,Zone 5,43.3,Zone 5,63.0,Zone 5,60.0,Zone 5,65.6,Zone 5,63.4,Zone 5,67.5,Zone 5
West Bengal,North Twenty Four Parganas,Jisu Agarpara,27.5,2026-03-30,00:00:00,89.0,2026-03-29,00:00:00,2026-03-30 00:09:10,32.05000000000001,Zone 4,63.4,Zone 5,32.1,Zone 4,59.4,Zone 5,43.1,Zone 5,63.0,Zone 5,60.0,Zone 5,65.6,Zone 5,63.4,Zone 5,67.5,Zone 5
West Bengal,Purba Mednipur,Imd Mo Digha,27.2,2026-03-29,23:15:00,,,,2026-03-30 00:09:10,,,,,,,,,,,,,,,,,,,,
West Bengal,Purulia,Purulia Kvk,26.3,2026-03-30,00:00:00,,,,2026-03-30 00:09:10,,,,,,,,,,,,,,,,,,,,
West Bengal,South Dinajpur,Majhian Amfu,21.1,2026-03-30,00:00:00,100.0,2026-03-29,00:00:00,2026-03-30 00:09:10,22.75,Zone 3,42.5,Zone 5,22.6,Zone 3,32.8,Zone 4,27.7,Zone 4,41.2,Zone 5,33.3,Zone 4,56.3,Zone 5,42.5,Zone 5,61.2,Zone 5
West Bengal,South Twenty Four Parganas,Alipore,27.2,2026-03-30,00:00:00,98.0,2026-03-29,00:00:00,2026-03-30 00:09:10,32.85000000000002,Zone 4,64.5,Zone 5,32.3,Zone 4,60.7,Zone 5,49.7,Zone 5,64.1,Zone 5,61.3,Zone 5,66.5,Zone 5,64.5,Zone 5,68.3,Zone 5
West Bengal,South Twenty Four Parganas,Gangasagar,27.1,2026-03-30,00:00:00,,,,2026-03-30 00:09:10,,,,,,,,,,,,,,,,,,,,
West Bengal,South Twenty Four Parganas,Ramkrishna Mission College,26.1,2026-03-29,23:15:00,,,,2026-03-30 00:09:10,,,,,,,,,,,,,,,,,,,,
,,,,,,,,,2026-03-30 00:09:10,,,,,,,,,,,,,,,,,,,,
,,,,,,,,,2026-03-30 00:09:10,,,,,,,,,,,,,,,,,,,,
,,,,,,,,,2026-03-30 00:09:10,,,,,,,,,,,,,,,,,,,,
,,,,,,,,,2026-03-30 00:09:10,,,,,,,,,,,,,,,,,,,,
