STATE,DISTRICT,STATION,TEMP,DATE_TEMP,TIME_TEMP,RH,DATE_RH,TIME_RH,LOGGED_AT (IST),EHI (in shade °C),Light Work Heat Stress Zone,EHI_350 (in shade °C),Hard Labor Heat Stress Zone,EHI_3_shade,Zone_3_shade,EHI_3_sun,Zone_3_sun,EHI_4_shade,Zone_4_shade,EHI_4_sun,Zone_4_sun,EHI_5_shade,Zone_5_shade,EHI_5_sun,Zone_5_sun,EHI_6_shade,Zone_6_shade,EHI_6_sun,Zone_6_sun
Andaman And Nicobar,Nicobar,Campbell Bay,24.9,2026-09-07,00:45:00,97.0,2026-09-06,00:45:00,2026-09-07 01:01:47,27.55000000000001,Zone 4,60.9,Zone 5,27.7,Zone 4,48.9,Zone 5,34.7,Zone 4,60.5,Zone 5,51.2,Zone 5,63.4,Zone 5,60.9,Zone 5,65.7,Zone 5
Andaman And Nicobar,Nicobar,Car Nicobar,26.3,2026-09-07,00:45:00,94.0,2026-09-06,00:45:00,2026-09-07 01:01:47,30.05000000000001,Zone 4,62.8,Zone 5,30.5,Zone 4,57.9,Zone 5,39.9,Zone 5,62.4,Zone 5,59.3,Zone 5,65.1,Zone 5,62.8,Zone 5,67.1,Zone 5
Andaman And Nicobar,Nicobar,Nancowry,40.2,2026-09-07,00:45:00,95.0,2026-09-06,00:45:00,2026-09-07 01:01:47,98.05000000000001,Zone 6,105.7,Zone 6,97.1,Zone 6,101.9,Zone 6,100.0,Zone 6,104.8,Zone 6,102.8,Zone 6,107.6,Zone 6,105.7,Zone 6,110.3,Zone 6
Andaman And Nicobar,N M Andaman,Mayabunder,25.7,2026-09-07,00:45:00,98.0,2026-09-06,00:45:00,2026-09-07 01:01:47,29.25,Zone 4,62.0,Zone 5,28.8,Zone 4,54.0,Zone 5,36.1,Zone 4,61.5,Zone 5,56.2,Zone 5,64.3,Zone 5,62.0,Zone 5,66.4,Zone 5
Andaman And Nicobar,South Andaman,Ferrargunj,25.5,2026-09-07,00:45:00,82.0,2026-09-06,00:45:00,2026-09-07 01:01:47,27.450000000000045,Zone 4,57.6,Zone 5,27.4,Zone 4,38.8,Zone 4,33.6,Zone 4,56.1,Zone 5,40.4,Zone 5,61.5,Zone 5,57.6,Zone 5,64.0,Zone 5
Andaman And Nicobar,South Andaman,Hut Bay,25.2,2026-09-07,00:45:00,99.0,2026-09-06,00:45:00,2026-09-07 01:01:47,28.25,Zone 4,61.3,Zone 5,27.9,Zone 4,50.8,Zone 5,35.0,Zone 4,60.9,Zone 5,53.2,Zone 5,63.8,Zone 5,61.3,Zone 5,66.0,Zone 5
Andaman And Nicobar,South Andaman,Shaheed Dweep,25.5,2026-09-07,00:45:00,96.0,2026-09-06,00:45:00,2026-09-07 01:01:47,28.650000000000034,Zone 4,61.5,Zone 5,28.6,Zone 4,52.0,Zone 5,35.7,Zone 4,61.1,Zone 5,54.3,Zone 5,64.0,Zone 5,61.5,Zone 5,66.1,Zone 5
Andaman And Nicobar,South Andaman,Sri Vijaya Puram Aws400,25.6,2026-09-07,00:45:00,96.0,2026-09-06,00:45:00,2026-09-07 01:01:47,28.850000000000023,Zone 4,61.5,Zone 5,28.6,Zone 4,52.0,Zone 5,35.7,Zone 4,61.1,Zone 5,54.3,Zone 5,64.0,Zone 5,61.5,Zone 5,66.1,Zone 5
Andaman And Nicobar,South Andaman,Swaraj Deep,25.0,2026-09-07,00:45:00,86.0,2026-09-06,00:45:00,2026-09-07 01:01:47,26.850000000000023,Zone 4,57.8,Zone 5,26.9,Zone 4,38.7,Zone 5,33.2,Zone 4,56.3,Zone 5,40.6,Zone 5,61.5,Zone 5,57.8,Zone 5,64.0,Zone 5
Andhra Pradesh,Alluri Sitharama Raju,Araku Valley,22.9,2026-09-07,00:45:00,94.0,2026-09-06,00:45:00,2026-09-07 01:01:47,24.450000000000045,Zone 3,51.3,Zone 5,24.6,Zone 3,35.7,Zone 4,30.5,Zone 4,49.7,Zone 5,36.2,Zone 4,60.1,Zone 5,51.3,Zone 5,62.8,Zone 5
Andhra Pradesh,Alluri Sitharama Raju,Chintapalli Amfu,20.9,2026-09-07,00:45:00,92.0,2026-09-06,00:45:00,2026-09-07 01:01:47,22.150000000000034,Zone 3,37.6,Zone 5,22.3,Zone 3,32.2,Zone 4,27.3,Zone 4,37.2,Zone 4,32.6,Zone 4,51.6,Zone 5,37.6,Zone 5,60.1,Zone 5
Andhra Pradesh,Alluri Sitharama Raju,Pandirimamidi Hrs,25.2,2026-09-07,00:30:00,88.0,2026-09-06,00:30:00,2026-09-07 01:01:47,27.350000000000023,Zone 4,59.1,Zone 5,27.0,Zone 4,40.4,Zone 5,33.5,Zone 4,57.8,Zone 5,42.4,Zone 5,61.9,Zone 5,59.1,Zone 5,64.3,Zone 5
Andhra Pradesh,Anakapalli,Yellamanchilli Vskp,25.7,2026-09-07,00:45:00,100.0,2026-09-06,00:45:00,2026-09-07 01:01:47,29.450000000000045,Zone 4,62.4,Zone 5,29.0,Zone 4,55.9,Zone 5,37.6,Zone 5,62.0,Zone 5,58.0,Zone 5,64.7,Zone 5,62.4,Zone 5,66.7,Zone 5
Andhra Pradesh,Anantapur,Kh Govtdegcollege Dharmavaram,28.1,2026-09-07,00:45:00,70.0,2026-09-06,00:45:00,2026-09-07 01:01:47,30.75,Zone 4,59.8,Zone 5,30.5,Zone 4,43.5,Zone 5,36.6,Zone 4,59.4,Zone 5,45.7,Zone 5,62.5,Zone 5,59.8,Zone 5,64.8,Zone 5
Andhra Pradesh,Bapatla,Bapatla Aws400,27.2,2026-09-07,00:45:00,94.0,2026-09-06,00:45:00,2026-09-07 01:01:47,32.150000000000034,Zone 4,63.7,Zone 5,31.7,Zone 4,59.7,Zone 5,44.5,Zone 5,63.3,Zone 5,60.3,Zone 5,65.8,Zone 5,63.7,Zone 5,67.7,Zone 5
Andhra Pradesh,Bapatla,Chirala,28.1,2026-09-07,00:45:00,72.0,2026-09-06,00:45:00,2026-09-07 01:01:47,30.950000000000045,Zone 4,60.3,Zone 5,30.8,Zone 4,45.7,Zone 5,37.0,Zone 4,59.9,Zone 5,48.0,Zone 5,62.9,Zone 5,60.3,Zone 5,65.2,Zone 5
Andhra Pradesh,Eluru,Vijayarai,25.7,2026-09-07,00:45:00,74.0,2026-09-06,00:45:00,2026-09-07 01:01:47,27.150000000000034,Zone 4,50.7,Zone 5,26.9,Zone 4,37.5,Zone 4,32.7,Zone 4,49.2,Zone 5,38.0,Zone 4,60.0,Zone 5,50.7,Zone 5,62.7,Zone 5
Andhra Pradesh,Kakinada,Kakinada,27.1,2026-09-07,00:45:00,88.0,2026-09-06,00:45:00,2026-09-07 01:01:47,31.05000000000001,Zone 4,62.4,Zone 5,30.8,Zone 4,55.8,Zone 5,37.9,Zone 4,61.9,Zone 5,58.0,Zone 5,64.7,Zone 5,62.4,Zone 5,66.7,Zone 5
Andhra Pradesh,Kakinada,Peddapuram,26.4,2026-09-07,00:45:00,99.0,2026-09-06,00:45:00,2026-09-07 01:01:47,30.950000000000045,Zone 4,63.9,Zone 5,31.2,Zone 4,60.0,Zone 5,45.8,Zone 5,63.5,Zone 5,60.5,Zone 5,66.0,Zone 5,63.9,Zone 5,67.9,Zone 5
Andhra Pradesh,Konaseema,Ambajipeta Arg,26.4,2026-09-07,00:45:00,100.0,2026-09-06,00:45:00,2026-09-07 01:01:47,31.05000000000001,Zone 4,64.1,Zone 5,31.3,Zone 4,60.2,Zone 5,47.0,Zone 5,63.7,Zone 5,60.8,Zone 5,66.2,Zone 5,64.1,Zone 5,68.0,Zone 5
Andhra Pradesh,Konaseema,Ambajipeta Aws,26.5,2026-09-07,00:45:00,100.0,2026-09-06,00:45:00,2026-09-07 01:01:47,31.350000000000023,Zone 4,64.1,Zone 5,31.3,Zone 4,60.2,Zone 5,47.0,Zone 5,63.7,Zone 5,60.8,Zone 5,66.2,Zone 5,64.1,Zone 5,68.0,Zone 5
Andhra Pradesh,Krishna,Kv Gopalnagar Machilipatnam,28.1,2026-09-07,00:45:00,97.0,2026-09-06,00:45:00,2026-09-07 01:01:47,35.35000000000002,Zone 4,66.0,Zone 5,35.0,Zone 4,62.6,Zone 5,58.5,Zone 5,65.7,Zone 5,63.1,Zone 5,67.8,Zone 5,66.0,Zone 5,69.5,Zone 5
Andhra Pradesh,Ntr,Mylavaram College Of  Engineer,25.7,2026-09-07,00:45:00,100.0,2026-09-06,00:45:00,2026-09-07 01:01:47,29.450000000000045,Zone 4,62.4,Zone 5,29.0,Zone 4,55.9,Zone 5,37.6,Zone 5,62.0,Zone 5,58.0,Zone 5,64.7,Zone 5,62.4,Zone 5,66.7,Zone 5
Andhra Pradesh,Prakasam,Cs Puram,29.1,2026-09-07,00:45:00,78.0,2026-09-06,00:45:00,2026-09-07 01:01:47,33.950000000000045,Zone 4,63.3,Zone 5,33.7,Zone 4,59.3,Zone 5,42.5,Zone 5,62.9,Zone 5,59.8,Zone 5,65.5,Zone 5,63.3,Zone 5,67.4,Zone 5
Andhra Pradesh,Srikakulam,Nagaralapeta Kalingapatnam,27.7,2026-09-07,00:45:00,99.0,2026-09-06,00:45:00,2026-09-07 01:01:47,34.55000000000001,Zone 4,65.6,Zone 5,33.9,Zone 4,62.1,Zone 5,56.1,Zone 5,65.2,Zone 5,62.6,Zone 5,67.5,Zone 5,65.6,Zone 5,69.1,Zone 5
Andhra Pradesh,Srikakulam,Ragolu,26.8,2026-09-07,00:45:00,94.0,2026-09-06,00:45:00,2026-09-07 01:01:47,31.150000000000034,Zone 4,63.7,Zone 5,31.7,Zone 4,59.7,Zone 5,44.5,Zone 5,63.3,Zone 5,60.3,Zone 5,65.8,Zone 5,63.7,Zone 5,67.7,Zone 5
Andhra Pradesh,Sri Potti Sriramulu Nellore,Podalakur,29.1,2026-09-07,00:30:00,,,,2026-09-07 01:01:47,,,,,,,,,,,,,,,,,,,,
Andhra Pradesh,Visakhapatnam,Anandapuram Arg,26.3,2026-09-07,00:45:00,82.0,2026-09-06,00:45:00,2026-09-07 01:01:47,28.75,Zone 4,60.2,Zone 5,29.1,Zone 4,45.5,Zone 5,35.6,Zone 4,59.8,Zone 5,47.8,Zone 5,62.9,Zone 5,60.2,Zone 5,65.1,Zone 5
Andhra Pradesh,Visakhapatnam,Gangavaram Port,27.8,2026-09-07,00:45:00,89.0,2026-09-06,00:45:00,2026-09-07 01:01:47,32.85000000000002,Zone 4,64.2,Zone 5,33.3,Zone 4,60.4,Zone 5,48.0,Zone 5,63.8,Zone 5,61.0,Zone 5,66.3,Zone 5,64.2,Zone 5,68.1,Zone 5
Andhra Pradesh,Visakhapatnam,Mehadrigadda Dam,39.9,2026-09-07,00:45:00,92.0,2026-09-06,00:45:00,2026-09-07 01:01:47,94.55000000000001,Zone 6,103.5,Zone 6,95.0,Zone 6,99.8,Zone 6,97.9,Zone 6,102.7,Zone 6,100.7,Zone 6,105.5,Zone 6,103.5,Zone 6,108.3,Zone 6
Andhra Pradesh,Vizianagaram,Bobbili,27.1,2026-09-07,00:45:00,92.0,2026-09-06,00:45:00,2026-09-07 01:01:47,31.650000000000034,Zone 4,63.2,Zone 5,31.4,Zone 4,59.2,Zone 5,42.1,Zone 5,62.8,Zone 5,59.8,Zone 5,65.4,Zone 5,63.2,Zone 5,67.4,Zone 5
Andhra Pradesh,Vizianagaram,Vizianagaram,27.1,2026-09-07,00:45:00,99.0,2026-09-06,00:45:00,2026-09-07 01:01:47,32.75,Zone 4,64.7,Zone 5,32.5,Zone 4,61.0,Zone 5,51.0,Zone 5,64.3,Zone 5,61.6,Zone 5,66.7,Zone 5,64.7,Zone 5,68.5,Zone 5
Andhra Pradesh,West Godavari,Bhimavaram,21.6,2026-09-07,00:45:00,99.0,2026-09-06,00:45:00,2026-09-07 01:01:47,23.25,Zone 3,45.0,Zone 5,23.1,Zone 3,33.5,Zone 4,28.4,Zone 4,43.6,Zone 5,34.0,Zone 4,58.3,Zone 5,45.0,Zone 5,61.6,Zone 5
Andhra Pradesh,West Godavari,Kv Gopannapalem Eluru,26.2,2026-09-07,00:45:00,56.0,2026-09-06,00:45:00,2026-09-07 01:01:47,26.75,Zone 4,40.7,Zone 4,26.5,Zone 4,35.9,Zone 4,31.5,Zone 4,40.4,Zone 4,36.3,Zone 4,51.8,Zone 5,40.7,Zone 4,60.1,Zone 5
Andhra Pradesh,West Godavari,Maruteru,28.6,2026-09-07,00:45:00,,,,2026-09-07 01:01:47,,,,,,,,,,,,,,,,,,,,
Andhra Pradesh,West Godavari,Narsapur,27.9,2026-09-07,00:45:00,,,,2026-09-07 01:01:47,,,,,,,,,,,,,,,,,,,,
Andhra Pradesh,Ysr Kadapa,Agricultural College  Badvel,29.1,2026-09-07,00:45:00,66.0,2026-09-06,00:45:00,2026-09-07 01:01:47,31.950000000000045,Zone 4,60.3,Zone 5,31.8,Zone 4,45.9,Zone 5,37.8,Zone 4,59.9,Zone 5,48.2,Zone 5,62.9,Zone 5,60.3,Zone 5,65.2,Zone 5
Arunachal Pradesh,Changlang,Miao,26.0,2026-09-07,00:45:00,100.0,2026-09-06,00:45:00,2026-09-07 01:01:47,30.150000000000034,Zone 4,63.2,Zone 5,30.1,Zone 4,59.2,Zone 5,42.0,Zone 5,62.8,Zone 5,59.8,Zone 5,65.4,Zone 5,63.2,Zone 5,67.4,Zone 5
Arunachal Pradesh,Dibang Valley,Anini,20.1,2026-09-07,00:45:00,99.0,2026-09-06,00:45:00,2026-09-07 01:01:47,21.55000000000001,Zone 3,36.6,Zone 4,21.4,Zone 3,31.2,Zone 4,26.3,Zone 4,36.2,Zone 4,31.6,Zone 4,50.3,Zone 5,36.6,Zone 4,59.8,Zone 5
Arunachal Pradesh,East Kameng,Seppa Pampoli,27.6,2026-09-07,00:45:00,92.0,2026-09-06,00:45:00,2026-09-07 01:01:47,32.85000000000002,Zone 4,64.1,Zone 5,32.6,Zone 4,60.2,Zone 5,47.0,Zone 5,63.7,Zone 5,60.8,Zone 5,66.2,Zone 5,64.1,Zone 5,68.0,Zone 5
Arunachal Pradesh,Kamle,Raga,22.7,2026-09-07,00:45:00,99.0,2026-09-06,00:45:00,2026-09-07 01:01:47,24.450000000000045,Zone 3,51.8,Zone 5,24.2,Zone 3,35.3,Zone 4,30.0,Zone 4,50.2,Zone 5,35.9,Zone 4,60.2,Zone 5,51.8,Zone 5,62.9,Zone 5
Arunachal Pradesh,Kurung Kumey,Koloraing,22.7,2026-09-07,00:45:00,100.0,2026-09-06,00:45:00,2026-09-07 01:01:47,24.450000000000045,Zone 3,52.5,Zone 5,24.3,Zone 3,35.4,Zone 4,30.1,Zone 4,50.9,Zone 5,36.0,Zone 4,60.4,Zone 5,52.5,Zone 5,63.0,Zone 5
Arunachal Pradesh,Kurung Kumey,Nyapin,23.6,2026-09-07,00:30:00,100.0,2026-09-06,00:45:00,2026-09-07 01:01:47,25.450000000000045,Zone 4,58.9,Zone 5,25.3,Zone 3,39.9,Zone 5,31.9,Zone 4,57.4,Zone 5,42.0,Zone 5,61.8,Zone 5,58.9,Zone 5,64.2,Zone 5
Arunachal Pradesh,Kurung Kumey,Nyapin,22.2,2026-09-07,00:45:00,100.0,2026-09-06,00:45:00,2026-09-07 01:01:47,23.950000000000045,Zone 3,49.1,Zone 5,23.7,Zone 3,34.5,Zone 4,29.3,Zone 4,47.5,Zone 5,35.0,Zone 4,59.7,Zone 5,49.1,Zone 5,62.4,Zone 5
Arunachal Pradesh,Leparada,Basar,22.2,2026-09-07,00:45:00,100.0,2026-09-06,00:45:00,2026-09-07 01:01:47,23.950000000000045,Zone 3,49.1,Zone 5,23.7,Zone 3,34.5,Zone 4,29.3,Zone 4,47.5,Zone 5,35.0,Zone 4,59.7,Zone 5,49.1,Zone 5,62.4,Zone 5
Arunachal Pradesh,Lohit,Wakro,25.4,2026-09-07,00:45:00,91.0,2026-09-06,00:45:00,2026-09-07 01:01:47,27.950000000000045,Zone 4,60.5,Zone 5,28.1,Zone 4,47.0,Zone 5,34.9,Zone 4,60.1,Zone 5,49.3,Zone 5,63.1,Zone 5,60.5,Zone 5,65.4,Zone 5
Arunachal Pradesh,Longding,Longding,26.6,2026-09-07,00:45:00,,,,2026-09-07 01:01:47,,,,,,,,,,,,,,,,,,,,
Arunachal Pradesh,Longding,Longding New,23.5,2026-09-07,00:45:00,100.0,2026-09-06,00:45:00,2026-09-07 01:01:47,25.25,Zone 3,58.9,Zone 5,25.3,Zone 3,39.9,Zone 5,31.9,Zone 4,57.4,Zone 5,42.0,Zone 5,61.8,Zone 5,58.9,Zone 5,64.2,Zone 5
Arunachal Pradesh,Lower Siang,Kangku,25.6,2026-09-07,00:45:00,100.0,2026-09-06,00:45:00,2026-09-07 01:01:47,29.25,Zone 4,62.4,Zone 5,29.0,Zone 4,55.9,Zone 5,37.6,Zone 5,62.0,Zone 5,58.0,Zone 5,64.7,Zone 5,62.4,Zone 5,66.7,Zone 5
Arunachal Pradesh,Lower Subansiri,Deed,22.1,2026-09-07,00:45:00,100.0,2026-09-06,00:45:00,2026-09-07 01:01:47,23.850000000000023,Zone 3,49.1,Zone 5,23.7,Zone 3,34.5,Zone 4,29.3,Zone 4,47.5,Zone 5,35.0,Zone 4,59.7,Zone 5,49.1,Zone 5,62.4,Zone 5
Arunachal Pradesh,Lower Subansiri,Yachuli,22.0,2026-09-07,00:45:00,,,,2026-09-07 01:01:47,,,,,,,,,,,,,,,,,,,,
Arunachal Pradesh,Lower Subansiri,Ziro Manipolyang,17.1,2026-09-07,00:45:00,100.0,2026-09-06,00:45:00,2026-09-07 01:01:47,17.950000000000045,Zone 3,32.2,Zone 4,17.8,Zone 3,27.4,Zone 4,23.6,Zone 3,32.0,Zone 4,27.6,Zone 4,36.4,Zone 4,32.2,Zone 4,48.9,Zone 5
Arunachal Pradesh,Namsai,Lekang,25.8,2026-09-07,00:45:00,94.0,2026-09-06,00:45:00,2026-09-07 01:01:47,29.05000000000001,Zone 4,62.0,Zone 5,29.4,Zone 4,54.1,Zone 5,36.6,Zone 4,61.6,Zone 5,56.3,Zone 5,64.4,Zone 5,62.0,Zone 5,66.5,Zone 5
Arunachal Pradesh,Namsai,Namsai Kvk,25.8,2026-09-07,00:45:00,100.0,2026-09-06,00:45:00,2026-09-07 01:01:47,29.650000000000034,Zone 4,63.2,Zone 5,30.1,Zone 4,59.2,Zone 5,42.0,Zone 5,62.8,Zone 5,59.8,Zone 5,65.4,Zone 5,63.2,Zone 5,67.4,Zone 5
Arunachal Pradesh,Papumpare,Itanagar,25.5,2026-09-07,00:45:00,100.0,2026-09-06,00:45:00,2026-09-07 01:01:47,29.05000000000001,Zone 4,62.4,Zone 5,29.0,Zone 4,55.9,Zone 5,37.6,Zone 5,62.0,Zone 5,58.0,Zone 5,64.7,Zone 5,62.4,Zone 5,66.7,Zone 5
Arunachal Pradesh,Papumpare,Yupia,26.7,2026-09-07,00:45:00,83.0,2026-09-06,00:45:00,2026-09-07 01:01:47,29.650000000000034,Zone 4,60.4,Zone 5,29.2,Zone 4,46.6,Zone 5,35.8,Zone 4,60.0,Zone 5,48.9,Zone 5,63.0,Zone 5,60.4,Zone 5,65.3,Zone 5
Arunachal Pradesh,Siang,Pangin Circle,25.0,2026-09-07,00:45:00,100.0,2026-09-06,00:45:00,2026-09-07 01:01:47,27.950000000000045,Zone 4,61.5,Zone 5,28.0,Zone 4,51.8,Zone 5,35.2,Zone 4,61.1,Zone 5,54.1,Zone 5,64.0,Zone 5,61.5,Zone 5,66.1,Zone 5
Arunachal Pradesh,Tirap,Deomali,25.7,2026-09-07,00:45:00,100.0,2026-09-06,00:45:00,2026-09-07 01:01:47,29.450000000000045,Zone 4,62.4,Zone 5,29.0,Zone 4,55.9,Zone 5,37.6,Zone 5,62.0,Zone 5,58.0,Zone 5,64.7,Zone 5,62.4,Zone 5,66.7,Zone 5
Arunachal Pradesh,Tirap,Longding,24.3,2026-09-07,00:45:00,,,,2026-09-07 01:01:47,,,,,,,,,,,,,,,,,,,,
Arunachal Pradesh,Upper Siang,Yingkiong,27.4,2026-09-07,00:45:00,6.0,2026-09-06,00:45:00,2026-09-07 01:01:47,25.450000000000045,Zone 4,35.9,Zone 4,25.5,Zone 4,32.7,Zone 4,29.3,Zone 4,35.9,Zone 4,32.7,Zone 4,39.0,Zone 4,35.9,Zone 4,41.9,Zone 4
Arunachal Pradesh,Upper Subhanseri,Daporijo,26.9,2026-09-07,00:45:00,94.0,2026-09-06,00:45:00,2026-09-07 01:01:47,31.450000000000045,Zone 4,63.7,Zone 5,31.7,Zone 4,59.7,Zone 5,44.5,Zone 5,63.3,Zone 5,60.3,Zone 5,65.8,Zone 5,63.7,Zone 5,67.7,Zone 5
Arunachal Pradesh,West Kameng,Dirang,23.2,2026-09-07,00:45:00,100.0,2026-09-06,00:45:00,2026-09-07 01:01:47,24.950000000000045,Zone 3,55.8,Zone 5,24.8,Zone 3,36.7,Zone 5,31.0,Zone 4,54.3,Zone 5,38.5,Zone 5,61.1,Zone 5,55.8,Zone 5,63.6,Zone 5
Arunachal Pradesh,West Kameng,Dirang,20.3,2026-09-07,00:45:00,100.0,2026-09-06,00:45:00,2026-09-07 01:01:47,21.850000000000023,Zone 3,39.6,Zone 5,22.0,Zone 3,32.0,Zone 4,27.0,Zone 4,38.4,Zone 5,32.4,Zone 4,53.6,Zone 5,39.6,Zone 5,60.6,Zone 5
Arunachal Pradesh,West Kameng,Kalaktang,20.3,2026-09-07,00:45:00,100.0,2026-09-06,00:45:00,2026-09-07 01:01:47,21.850000000000023,Zone 3,39.6,Zone 5,22.0,Zone 3,32.0,Zone 4,27.0,Zone 4,38.4,Zone 5,32.4,Zone 4,53.6,Zone 5,39.6,Zone 5,60.6,Zone 5
Arunachal Pradesh,West Siang,Along,27.0,2026-09-07,00:45:00,100.0,2026-09-06,00:45:00,2026-09-07 01:01:47,32.650000000000034,Zone 4,65.0,Zone 5,32.7,Zone 4,61.3,Zone 5,52.3,Zone 5,64.6,Zone 5,61.8,Zone 5,66.9,Zone 5,65.0,Zone 5,68.7,Zone 5
Arunachal Pradesh,West Siang,Yomcha,24.2,2026-09-07,00:45:00,100.0,2026-09-06,00:45:00,2026-09-07 01:01:47,26.450000000000045,Zone 4,59.8,Zone 5,26.1,Zone 4,43.6,Zone 5,32.9,Zone 4,59.4,Zone 5,45.9,Zone 5,62.5,Zone 5,59.8,Zone 5,64.8,Zone 5
Assam,Barpeta,Bajali University,26.9,2026-09-07,00:45:00,100.0,2026-09-06,00:45:00,2026-09-07 01:01:47,32.35000000000002,Zone 4,65.0,Zone 5,32.7,Zone 4,61.3,Zone 5,52.3,Zone 5,64.6,Zone 5,61.8,Zone 5,66.9,Zone 5,65.0,Zone 5,68.7,Zone 5
Assam,Barpeta,Barpeta,27.0,2026-09-07,00:45:00,96.0,2026-09-06,00:45:00,2026-09-07 01:01:47,31.950000000000045,Zone 4,64.1,Zone 5,32.0,Zone 4,60.2,Zone 5,47.1,Zone 5,63.7,Zone 5,60.8,Zone 5,66.2,Zone 5,64.1,Zone 5,68.0,Zone 5
Assam,Barpeta,Barpeta Kvk,27.2,2026-09-07,00:45:00,99.0,2026-09-06,00:45:00,2026-09-07 01:01:47,33.05000000000001,Zone 4,64.7,Zone 5,32.5,Zone 4,61.0,Zone 5,51.0,Zone 5,64.3,Zone 5,61.6,Zone 5,66.7,Zone 5,64.7,Zone 5,68.5,Zone 5
Assam,Cachar,Silchar,28.0,2026-09-07,00:45:00,,,,2026-09-07 01:01:47,,,,,,,,,,,,,,,,,,,,
Assam,Charaideo,Sonari Aegcl,,,,100.0,2026-09-06,00:45:00,2026-09-07 01:01:47,,,,,,,,,,,,,,,,,,,,
Assam,Chirang,Bijni,27.0,2026-09-07,00:45:00,97.0,2026-09-06,00:45:00,2026-09-07 01:01:47,32.150000000000034,Zone 4,64.3,Zone 5,32.1,Zone 4,60.5,Zone 5,48.4,Zone 5,63.9,Zone 5,61.1,Zone 5,66.4,Zone 5,64.3,Zone 5,68.2,Zone 5
Assam,Chirang,Chirang,27.1,2026-09-07,00:45:00,,,,2026-09-07 01:01:47,,,,,,,,,,,,,,,,,,,,
Assam,Chirang,Kajalgaon,26.6,2026-09-07,00:45:00,92.0,2026-09-06,00:45:00,2026-09-07 01:01:47,30.450000000000045,Zone 4,62.4,Zone 5,30.2,Zone 4,56.0,Zone 5,37.7,Zone 5,62.0,Zone 5,58.1,Zone 5,64.7,Zone 5,62.4,Zone 5,66.8,Zone 5
Assam,Darrang,Dalgaon,27.2,2026-09-07,00:45:00,87.0,2026-09-06,00:45:00,2026-09-07 01:01:47,31.150000000000034,Zone 4,62.1,Zone 5,30.7,Zone 4,54.8,Zone 5,37.7,Zone 4,61.7,Zone 5,57.0,Zone 5,64.5,Zone 5,62.1,Zone 5,66.6,Zone 5
Assam,Darrang,Garukhuti,27.6,2026-09-07,00:45:00,,,,2026-09-07 01:01:47,,,,,,,,,,,,,,,,,,,,
Assam,Darrang,Mangaldai,25.5,2026-09-07,00:45:00,87.0,2026-09-06,00:45:00,2026-09-07 01:01:47,27.850000000000023,Zone 4,59.7,Zone 5,27.8,Zone 4,43.0,Zone 5,34.3,Zone 4,59.3,Zone 5,45.2,Zone 5,62.4,Zone 5,59.7,Zone 5,64.8,Zone 5
Assam,Dhemaji,Silapathar Science College,26.7,2026-09-07,00:45:00,100.0,2026-09-06,00:45:00,2026-09-07 01:01:47,31.850000000000023,Zone 4,64.1,Zone 5,31.3,Zone 4,60.2,Zone 5,47.0,Zone 5,63.7,Zone 5,60.8,Zone 5,66.2,Zone 5,64.1,Zone 5,68.0,Zone 5
Assam,Dhubri,Agomani,27.1,2026-09-07,00:45:00,,,,2026-09-07 01:01:47,,,,,,,,,,,,,,,,,,,,
Assam,Dhubri,Bn College,27.5,2026-09-07,00:45:00,98.0,2026-09-06,00:45:00,2026-09-07 01:01:47,33.75,Zone 4,65.4,Zone 5,33.7,Zone 4,61.8,Zone 5,54.9,Zone 5,65.0,Zone 5,62.4,Zone 5,67.3,Zone 5,65.4,Zone 5,69.0,Zone 5
Assam,Dhubri,Gauripur Aegcl,27.0,2026-09-07,00:45:00,,,,2026-09-07 01:01:47,,,,,,,,,,,,,,,,,,,,
Assam,Dibrugarh,Bcpl Dibrugarh,,,,70.0,2026-09-06,00:45:00,2026-09-07 01:01:47,,,,,,,,,,,,,,,,,,,,
Assam,Dibrugarh,Lahowal,,,,15.0,2026-09-06,00:45:00,2026-09-07 01:01:47,,,,,,,,,,,,,,,,,,,,
Assam,Dima Hasao,Haflong Aegcl,24.4,2026-09-07,00:45:00,100.0,2026-09-06,00:45:00,2026-09-07 01:01:47,26.850000000000023,Zone 4,60.7,Zone 5,27.0,Zone 4,47.6,Zone 5,34.0,Zone 4,60.2,Zone 5,50.0,Zone 5,63.2,Zone 5,60.7,Zone 5,65.5,Zone 5
Assam,Dima Hasao,Lkhep,26.1,2026-09-07,00:45:00,100.0,2026-09-06,00:45:00,2026-09-07 01:01:47,30.350000000000023,Zone 4,63.2,Zone 5,30.1,Zone 4,59.2,Zone 5,42.0,Zone 5,62.8,Zone 5,59.8,Zone 5,65.4,Zone 5,63.2,Zone 5,67.4,Zone 5
Assam,Goalpara,Goalpara,27.0,2026-09-07,00:45:00,97.0,2026-09-06,00:45:00,2026-09-07 01:01:47,32.150000000000034,Zone 4,64.3,Zone 5,32.1,Zone 4,60.5,Zone 5,48.4,Zone 5,63.9,Zone 5,61.1,Zone 5,66.4,Zone 5,64.3,Zone 5,68.2,Zone 5
Assam,Golaghat,Cnb Collage Bokakhat,29.1,2026-09-07,00:45:00,100.0,2026-09-06,00:45:00,2026-09-07 01:01:47,51.450000000000045,Zone 5,68.5,Zone 5,50.0,Zone 5,65.5,Zone 5,62.5,Zone 5,68.1,Zone 5,66.1,Zone 5,69.9,Zone 5,68.5,Zone 5,71.3,Zone 5
Assam,Hailakandi,Algapur Circle,27.0,2026-09-07,00:45:00,100.0,2026-09-06,00:45:00,2026-09-07 01:01:47,32.650000000000034,Zone 4,65.0,Zone 5,32.7,Zone 4,61.3,Zone 5,52.3,Zone 5,64.6,Zone 5,61.8,Zone 5,66.9,Zone 5,65.0,Zone 5,68.7,Zone 5
Assam,Hailakandi,Panchgram Aegcl,26.7,2026-09-07,00:45:00,100.0,2026-09-06,00:45:00,2026-09-07 01:01:47,31.850000000000023,Zone 4,64.1,Zone 5,31.3,Zone 4,60.2,Zone 5,47.0,Zone 5,63.7,Zone 5,60.8,Zone 5,66.2,Zone 5,64.1,Zone 5,68.0,Zone 5
Assam,Hajoi,Lumding,27.0,2026-09-07,00:45:00,83.0,2026-09-06,00:45:00,2026-09-07 01:01:47,30.150000000000034,Zone 4,61.2,Zone 5,30.2,Zone 4,50.5,Zone 5,36.9,Zone 4,60.8,Zone 5,52.9,Zone 5,63.7,Zone 5,61.2,Zone 5,65.9,Zone 5
Assam,Jorhat,Mariyani Aegcl,27.6,2026-09-07,00:45:00,100.0,2026-09-06,00:45:00,2026-09-07 01:01:47,34.450000000000045,Zone 4,65.8,Zone 5,34.1,Zone 4,62.3,Zone 5,57.3,Zone 5,65.4,Zone 5,62.9,Zone 5,67.7,Zone 5,65.8,Zone 5,69.3,Zone 5
Assam,Kamrup,Boko Aegcl,26.8,2026-09-07,00:45:00,100.0,2026-09-06,00:45:00,2026-09-07 01:01:47,32.150000000000034,Zone 4,65.0,Zone 5,32.7,Zone 4,61.3,Zone 5,52.3,Zone 5,64.6,Zone 5,61.8,Zone 5,66.9,Zone 5,65.0,Zone 5,68.7,Zone 5
Assam,Kamrup,Chandubi,27.9,2026-09-07,00:45:00,,,,2026-09-07 01:01:47,,,,,,,,,,,,,,,,,,,,
Assam,Kamrup,Kukurmara Mirza Aegcl,27.2,2026-09-07,00:45:00,100.0,2026-09-06,00:45:00,2026-09-07 01:01:47,33.25,Zone 4,65.0,Zone 5,32.7,Zone 4,61.3,Zone 5,52.3,Zone 5,64.6,Zone 5,61.8,Zone 5,66.9,Zone 5,65.0,Zone 5,68.7,Zone 5
Assam,Kamrup Metropolitan,Aau Hrs,27.4,2026-09-07,00:45:00,100.0,2026-09-06,00:45:00,2026-09-07 01:01:47,33.85000000000002,Zone 4,65.8,Zone 5,34.1,Zone 4,62.3,Zone 5,57.3,Zone 5,65.4,Zone 5,62.9,Zone 5,67.7,Zone 5,65.8,Zone 5,69.3,Zone 5
Assam,Kamrup Metropolitan,Down Town University,27.2,2026-09-07,00:45:00,100.0,2026-09-06,00:45:00,2026-09-07 01:01:47,33.25,Zone 4,65.0,Zone 5,32.7,Zone 4,61.3,Zone 5,52.3,Zone 5,64.6,Zone 5,61.8,Zone 5,66.9,Zone 5,65.0,Zone 5,68.7,Zone 5
Assam,Kamrup Metropolitan,Gauhati University,27.6,2026-09-07,00:45:00,,,,2026-09-07 01:01:47,,,,,,,,,,,,,,,,,,,,
Assam,Kamrup Metropolitan,Guwahati,27.0,2026-09-07,00:45:00,91.0,2026-09-06,00:45:00,2026-09-07 01:01:47,31.25,Zone 4,63.0,Zone 5,31.2,Zone 4,58.7,Zone 5,40.9,Zone 5,62.6,Zone 5,59.5,Zone 5,65.2,Zone 5,63.0,Zone 5,67.2,Zone 5
Assam,Kamrup Metropolitan,Guwahati City,27.5,2026-09-07,00:45:00,100.0,2026-09-06,00:45:00,2026-09-07 01:01:47,34.150000000000034,Zone 4,65.8,Zone 5,34.1,Zone 4,62.3,Zone 5,57.3,Zone 5,65.4,Zone 5,62.9,Zone 5,67.7,Zone 5,65.8,Zone 5,69.3,Zone 5
Assam,Kamrup Metropolitan,Kalakshetra,28.1,2026-09-07,00:45:00,,,,2026-09-07 01:01:47,,,,,,,,,,,,,,,,,,,,
Assam,Kamrup Metropolitan,Kamakhya,27.3,2026-09-07,00:45:00,100.0,2026-09-06,00:45:00,2026-09-07 01:01:47,33.55000000000001,Zone 4,65.8,Zone 5,34.1,Zone 4,62.3,Zone 5,57.3,Zone 5,65.4,Zone 5,62.9,Zone 5,67.7,Zone 5,65.8,Zone 5,69.3,Zone 5
Assam,Kamrup Metropolitan,N Ght College,28.1,2026-09-07,00:45:00,100.0,2026-09-06,00:45:00,2026-09-07 01:01:47,38.25,Zone 5,66.7,Zone 5,37.1,Zone 5,63.4,Zone 5,59.8,Zone 5,66.3,Zone 5,63.9,Zone 5,68.4,Zone 5,66.7,Zone 5,70.0,Zone 5
Assam,Kamrup Metropolitan,Vcbc Rani,27.0,2026-09-07,00:45:00,100.0,2026-09-06,00:45:00,2026-09-07 01:01:47,32.650000000000034,Zone 4,65.0,Zone 5,32.7,Zone 4,61.3,Zone 5,52.3,Zone 5,64.6,Zone 5,61.8,Zone 5,66.9,Zone 5,65.0,Zone 5,68.7,Zone 5
Assam,Karbi Anglong(East),Bakulia,27.4,2026-09-07,00:45:00,86.0,2026-09-06,00:45:00,2026-09-07 01:01:47,31.450000000000045,Zone 4,62.7,Zone 5,31.6,Zone 4,57.5,Zone 5,39.4,Zone 5,62.3,Zone 5,59.2,Zone 5,65.0,Zone 5,62.7,Zone 5,67.0,Zone 5
Assam,Karbi Anglong(East),Diphu,26.9,2026-09-07,00:45:00,100.0,2026-09-06,00:45:00,2026-09-07 01:01:47,32.35000000000002,Zone 4,65.0,Zone 5,32.7,Zone 4,61.3,Zone 5,52.3,Zone 5,64.6,Zone 5,61.8,Zone 5,66.9,Zone 5,65.0,Zone 5,68.7,Zone 5
Assam,Karbi Anglong(West),Habang Circle,20.9,2026-09-07,00:45:00,99.0,2026-09-06,00:45:00,2026-09-07 01:01:47,22.450000000000045,Zone 3,41.9,Zone 5,22.6,Zone 3,32.7,Zone 4,27.7,Zone 4,40.6,Zone 5,33.2,Zone 4,55.8,Zone 5,41.9,Zone 5,61.0,Zone 5
Assam,Karbi Anglong(West),Kheronighat,27.0,2026-09-07,00:45:00,87.0,2026-09-06,00:45:00,2026-09-07 01:01:47,30.650000000000034,Zone 4,62.1,Zone 5,30.7,Zone 4,54.8,Zone 5,37.7,Zone 4,61.7,Zone 5,57.0,Zone 5,64.5,Zone 5,62.1,Zone 5,66.6,Zone 5
Assam,Karbi Anglong(West),Umlapher,22.3,2026-09-07,00:30:00,100.0,2026-09-06,00:30:00,2026-09-07 01:01:47,24.05000000000001,Zone 3,52.5,Zone 5,24.3,Zone 3,35.4,Zone 4,30.1,Zone 4,50.9,Zone 5,36.0,Zone 4,60.4,Zone 5,52.5,Zone 5,63.0,Zone 5
Assam,Karbi Anglong(West),Umpanai Apdcl,,,,27.0,2026-09-06,00:45:00,2026-09-07 01:01:47,,,,,,,,,,,,,,,,,,,,
Assam,Karimganj,Harinagar,,,,14.0,2026-09-06,00:45:00,2026-09-07 01:01:47,,,,,,,,,,,,,,,,,,,,
Assam,Kokrajhar,Salakati Aegcl,27.1,2026-09-07,00:45:00,100.0,2026-09-06,00:45:00,2026-09-07 01:01:47,32.950000000000045,Zone 4,65.0,Zone 5,32.7,Zone 4,61.3,Zone 5,52.3,Zone 5,64.6,Zone 5,61.8,Zone 5,66.9,Zone 5,65.0,Zone 5,68.7,Zone 5
Assam,Lakhimpur,Lakhimpur,26.5,2026-09-07,00:45:00,100.0,2026-09-06,00:45:00,2026-09-07 01:01:47,31.350000000000023,Zone 4,64.1,Zone 5,31.3,Zone 4,60.2,Zone 5,47.0,Zone 5,63.7,Zone 5,60.8,Zone 5,66.2,Zone 5,64.1,Zone 5,68.0,Zone 5
Assam,Majuli,Majuli,27.2,2026-09-07,00:45:00,100.0,2026-09-06,00:45:00,2026-09-07 01:01:47,33.25,Zone 4,65.0,Zone 5,32.7,Zone 4,61.3,Zone 5,52.3,Zone 5,64.6,Zone 5,61.8,Zone 5,66.9,Zone 5,65.0,Zone 5,68.7,Zone 5
Assam,Marigaon,Laharighat,28.0,2026-09-07,00:45:00,89.0,2026-09-06,00:45:00,2026-09-07 01:01:47,33.35000000000002,Zone 4,64.2,Zone 5,33.3,Zone 4,60.4,Zone 5,48.0,Zone 5,63.8,Zone 5,61.0,Zone 5,66.3,Zone 5,64.2,Zone 5,68.1,Zone 5
Assam,Marigaon,Marigaon,28.0,2026-09-07,00:45:00,100.0,2026-09-06,00:45:00,2026-09-07 01:01:47,37.150000000000034,Zone 5,66.7,Zone 5,37.1,Zone 5,63.4,Zone 5,59.8,Zone 5,66.3,Zone 5,63.9,Zone 5,68.4,Zone 5,66.7,Zone 5,70.0,Zone 5
Assam,Nagaon,Samaguri Aegcl,26.7,2026-09-07,00:45:00,100.0,2026-09-06,00:45:00,2026-09-07 01:01:47,31.850000000000023,Zone 4,64.1,Zone 5,31.3,Zone 4,60.2,Zone 5,47.0,Zone 5,63.7,Zone 5,60.8,Zone 5,66.2,Zone 5,64.1,Zone 5,68.0,Zone 5
Assam,Nalbari,Nalbari,31.8,2026-09-07,00:45:00,92.0,2026-09-06,00:45:00,2026-09-07 01:01:47,62.75,Zone 5,72.2,Zone 6,63.4,Zone 5,69.7,Zone 5,67.6,Zone 5,71.6,Zone 6,70.2,Zone 5,74.6,Zone 6,72.2,Zone 6,77.4,Zone 6
Assam,Nalbari,Nalbari Kvk,27.1,2026-09-07,00:45:00,99.0,2026-09-06,00:45:00,2026-09-07 01:01:47,32.75,Zone 4,64.7,Zone 5,32.5,Zone 4,61.0,Zone 5,51.0,Zone 5,64.3,Zone 5,61.6,Zone 5,66.7,Zone 5,64.7,Zone 5,68.5,Zone 5
Assam,Nalbari,Tihu,27.4,2026-09-07,00:45:00,87.0,2026-09-06,00:45:00,2026-09-07 01:01:47,31.55000000000001,Zone 4,63.0,Zone 5,31.8,Zone 4,58.5,Zone 5,40.6,Zone 5,62.6,Zone 5,59.4,Zone 5,65.2,Zone 5,63.0,Zone 5,67.2,Zone 5
Assam,Sivasagar,Sivsagar Aegcl,27.6,2026-09-07,00:45:00,100.0,2026-09-06,00:45:00,2026-09-07 01:01:47,34.450000000000045,Zone 4,65.8,Zone 5,34.1,Zone 4,62.3,Zone 5,57.3,Zone 5,65.4,Zone 5,62.9,Zone 5,67.7,Zone 5,65.8,Zone 5,69.3,Zone 5
Assam,Sonitpur,Dhekiajuli Aegcl,27.0,2026-09-07,00:45:00,100.0,2026-09-06,00:45:00,2026-09-07 01:01:47,32.650000000000034,Zone 4,65.0,Zone 5,32.7,Zone 4,61.3,Zone 5,52.3,Zone 5,64.6,Zone 5,61.8,Zone 5,66.9,Zone 5,65.0,Zone 5,68.7,Zone 5
Assam,Sonitpur,Ghoramara Aegcl,26.6,2026-09-07,00:45:00,100.0,2026-09-06,00:45:00,2026-09-07 01:01:47,31.55000000000001,Zone 4,64.1,Zone 5,31.3,Zone 4,60.2,Zone 5,47.0,Zone 5,63.7,Zone 5,60.8,Zone 5,66.2,Zone 5,64.1,Zone 5,68.0,Zone 5
Assam,Sonitpur,Neriwalam,27.3,2026-09-07,00:45:00,,,,2026-09-07 01:01:47,,,,,,,,,,,,,,,,,,,,
Assam,Tamulpur,Mushalpur,26.6,2026-09-07,00:45:00,97.0,2026-09-06,00:45:00,2026-09-07 01:01:47,31.150000000000034,Zone 4,63.5,Zone 5,30.9,Zone 4,59.5,Zone 5,43.3,Zone 5,63.0,Zone 5,60.0,Zone 5,65.6,Zone 5,63.5,Zone 5,67.5,Zone 5
Assam,Tinsukia,Margherita,26.0,2026-09-07,00:45:00,100.0,2026-09-06,00:45:00,2026-09-07 01:01:47,30.150000000000034,Zone 4,63.2,Zone 5,30.1,Zone 4,59.2,Zone 5,42.0,Zone 5,62.8,Zone 5,59.8,Zone 5,65.4,Zone 5,63.2,Zone 5,67.4,Zone 5
Assam,Tinsukia,Ntps Apdcl,25.9,2026-09-07,00:45:00,100.0,2026-09-06,00:45:00,2026-09-07 01:01:47,29.850000000000023,Zone 4,63.2,Zone 5,30.1,Zone 4,59.2,Zone 5,42.0,Zone 5,62.8,Zone 5,59.8,Zone 5,65.4,Zone 5,63.2,Zone 5,67.4,Zone 5
Assam,Tinsukia,Rupai Aegcl,26.9,2026-09-07,00:45:00,100.0,2026-09-06,00:45:00,2026-09-07 01:01:47,32.35000000000002,Zone 4,65.0,Zone 5,32.7,Zone 4,61.3,Zone 5,52.3,Zone 5,64.6,Zone 5,61.8,Zone 5,66.9,Zone 5,65.0,Zone 5,68.7,Zone 5
Assam,Tinsukia,Tinsukia,27.3,2026-09-07,00:45:00,92.0,2026-09-06,00:45:00,2026-09-07 01:01:47,32.05000000000001,Zone 4,64.1,Zone 5,32.6,Zone 4,60.2,Zone 5,47.0,Zone 5,63.7,Zone 5,60.8,Zone 5,66.2,Zone 5,64.1,Zone 5,68.0,Zone 5
Assam,Udalguri,Rowta Aegcl,27.1,2026-09-07,00:45:00,100.0,2026-09-06,00:45:00,2026-09-07 01:01:47,32.950000000000045,Zone 4,65.0,Zone 5,32.7,Zone 4,61.3,Zone 5,52.3,Zone 5,64.6,Zone 5,61.8,Zone 5,66.9,Zone 5,65.0,Zone 5,68.7,Zone 5
Assam,Udalguri,Tangla,27.0,2026-09-07,00:45:00,96.0,2026-09-06,00:45:00,2026-09-07 01:01:47,31.950000000000045,Zone 4,64.1,Zone 5,32.0,Zone 4,60.2,Zone 5,47.1,Zone 5,63.7,Zone 5,60.8,Zone 5,66.2,Zone 5,64.1,Zone 5,68.0,Zone 5
Assam,Udalguri,Udalguri,27.2,2026-09-07,00:45:00,97.0,2026-09-06,00:45:00,2026-09-07 01:01:47,32.650000000000034,Zone 4,64.3,Zone 5,32.1,Zone 4,60.5,Zone 5,48.4,Zone 5,63.9,Zone 5,61.1,Zone 5,66.4,Zone 5,64.3,Zone 5,68.2,Zone 5
Assam,Udalguri,Udi Kvk,27.1,2026-09-07,00:45:00,,,,2026-09-07 01:01:47,,,,,,,,,,,,,,,,,,,,
Bihar,Arwal,Arwal Aws400,26.9,2026-09-07,00:45:00,100.0,2026-09-06,00:45:00,2026-09-07 01:01:47,32.35000000000002,Zone 4,65.0,Zone 5,32.7,Zone 4,61.3,Zone 5,52.3,Zone 5,64.6,Zone 5,61.8,Zone 5,66.9,Zone 5,65.0,Zone 5,68.7,Zone 5
Bihar,Aurangabad,Aurangabad Kvk,27.8,2026-09-07,00:45:00,100.0,2026-09-06,00:45:00,2026-09-07 01:01:47,35.05000000000001,Zone 5,66.7,Zone 5,37.1,Zone 5,63.4,Zone 5,59.8,Zone 5,66.3,Zone 5,63.9,Zone 5,68.4,Zone 5,66.7,Zone 5,70.0,Zone 5
Bihar,Buxar,Dumaraon,26.4,2026-09-07,00:45:00,100.0,2026-09-06,00:45:00,2026-09-07 01:01:47,31.05000000000001,Zone 4,64.1,Zone 5,31.3,Zone 4,60.2,Zone 5,47.0,Zone 5,63.7,Zone 5,60.8,Zone 5,66.2,Zone 5,64.1,Zone 5,68.0,Zone 5
Bihar,Darbhanga,Darbhanga Aws400,27.2,2026-09-07,00:45:00,100.0,2026-09-06,00:45:00,2026-09-07 01:01:47,33.25,Zone 4,65.0,Zone 5,32.7,Zone 4,61.3,Zone 5,52.3,Zone 5,64.6,Zone 5,61.8,Zone 5,66.9,Zone 5,65.0,Zone 5,68.7,Zone 5
Bihar,Gaya,Bodhgaya,25.4,2026-09-07,00:45:00,100.0,2026-09-06,00:45:00,2026-09-07 01:01:47,28.75,Zone 4,62.4,Zone 5,29.0,Zone 4,55.9,Zone 5,37.6,Zone 5,62.0,Zone 5,58.0,Zone 5,64.7,Zone 5,62.4,Zone 5,66.7,Zone 5
Bihar,Jehanabad,Jehanabad,27.0,2026-09-07,00:45:00,100.0,2026-09-06,00:45:00,2026-09-07 01:01:47,32.650000000000034,Zone 4,65.0,Zone 5,32.7,Zone 4,61.3,Zone 5,52.3,Zone 5,64.6,Zone 5,61.8,Zone 5,66.9,Zone 5,65.0,Zone 5,68.7,Zone 5
Bihar,Kaimur,Bhabua,31.2,2026-09-07,00:45:00,93.0,2026-09-06,00:45:00,2026-09-07 01:01:47,61.05000000000001,Zone 5,70.3,Zone 5,60.4,Zone 5,67.9,Zone 5,65.3,Zone 5,70.0,Zone 5,68.3,Zone 5,71.6,Zone 6,70.3,Zone 5,74.5,Zone 6
Bihar,Madhepura,Madhepura,27.1,2026-09-07,00:45:00,100.0,2026-09-06,00:45:00,2026-09-07 01:01:47,32.950000000000045,Zone 4,65.0,Zone 5,32.7,Zone 4,61.3,Zone 5,52.3,Zone 5,64.6,Zone 5,61.8,Zone 5,66.9,Zone 5,65.0,Zone 5,68.7,Zone 5
Bihar,Madhubani,Chanpur Basaitha,27.9,2026-09-07,00:45:00,94.0,2026-09-06,00:45:00,2026-09-07 01:01:47,34.05000000000001,Zone 4,65.4,Zone 5,34.3,Zone 4,61.8,Zone 5,54.8,Zone 5,65.0,Zone 5,62.3,Zone 5,67.3,Zone 5,65.4,Zone 5,69.0,Zone 5
Bihar,Madhubani,Sukhet,26.7,2026-09-07,00:45:00,100.0,2026-09-06,00:45:00,2026-09-07 01:01:47,31.850000000000023,Zone 4,64.1,Zone 5,31.3,Zone 4,60.2,Zone 5,47.0,Zone 5,63.7,Zone 5,60.8,Zone 5,66.2,Zone 5,64.1,Zone 5,68.0,Zone 5
Bihar,Munger,Kvk Munger,26.5,2026-09-07,00:45:00,,,,2026-09-07 01:01:47,,,,,,,,,,,,,,,,,,,,
Bihar,Nalanda,Rajgir,24.9,2026-09-07,00:45:00,100.0,2026-09-06,00:45:00,2026-09-07 01:01:47,27.75,Zone 4,61.5,Zone 5,28.0,Zone 4,51.8,Zone 5,35.2,Zone 4,61.1,Zone 5,54.1,Zone 5,64.0,Zone 5,61.5,Zone 5,66.1,Zone 5
Bihar,Patna,Baldwin Academy,29.7,2026-09-07,00:45:00,93.0,2026-09-06,00:45:00,2026-09-07 01:01:47,46.950000000000045,Zone 5,67.7,Zone 5,44.2,Zone 5,64.6,Zone 5,61.4,Zone 5,67.4,Zone 5,65.2,Zone 5,69.3,Zone 5,67.7,Zone 5,70.7,Zone 5
Bihar,Patna,Iit Patna,24.3,2026-09-07,00:45:00,100.0,2026-09-06,00:45:00,2026-09-07 01:01:47,26.650000000000034,Zone 4,60.7,Zone 5,27.0,Zone 4,47.6,Zone 5,34.0,Zone 4,60.2,Zone 5,50.0,Zone 5,63.2,Zone 5,60.7,Zone 5,65.5,Zone 5
Bihar,Patna,Kvk Barh,27.6,2026-09-07,00:45:00,100.0,2026-09-06,00:45:00,2026-09-07 01:01:47,34.450000000000045,Zone 4,65.8,Zone 5,34.1,Zone 4,62.3,Zone 5,57.3,Zone 5,65.4,Zone 5,62.9,Zone 5,67.7,Zone 5,65.8,Zone 5,69.3,Zone 5
Bihar,Patna,Patna,30.8,2026-09-07,00:30:00,30.0,2026-09-06,00:30:00,2026-09-07 01:01:47,30.150000000000034,Zone 4,42.8,Zone 4,30.4,Zone 4,38.6,Zone 4,34.8,Zone 4,42.5,Zone 4,38.9,Zone 4,48.8,Zone 5,42.8,Zone 4,59.5,Zone 5
Bihar,Purnea,Purnea Imd,37.5,2026-09-07,00:15:00,,,,2026-09-07 01:01:47,,,,,,,,,,,,,,,,,,,,
Bihar,Rohtas,Dehri,30.1,2026-09-07,00:45:00,93.0,2026-09-06,00:45:00,2026-09-07 01:01:47,52.55000000000001,Zone 5,68.6,Zone 5,51.1,Zone 5,65.7,Zone 5,62.7,Zone 5,68.2,Zone 5,66.2,Zone 5,70.0,Zone 5,68.6,Zone 5,71.4,Zone 5
Bihar,Saharsa,Agwanpur Aws400,27.2,2026-09-07,00:45:00,100.0,2026-09-06,00:45:00,2026-09-07 01:01:47,33.25,Zone 4,65.0,Zone 5,32.7,Zone 4,61.3,Zone 5,52.3,Zone 5,64.6,Zone 5,61.8,Zone 5,66.9,Zone 5,65.0,Zone 5,68.7,Zone 5
Bihar,Samastipur,Pusa Aws400,26.6,2026-09-07,00:45:00,100.0,2026-09-06,00:45:00,2026-09-07 01:01:47,31.55000000000001,Zone 4,64.1,Zone 5,31.3,Zone 4,60.2,Zone 5,47.0,Zone 5,63.7,Zone 5,60.8,Zone 5,66.2,Zone 5,64.1,Zone 5,68.0,Zone 5
Bihar,Saran,Manjhi,28.1,2026-09-07,00:45:00,71.0,2026-09-06,00:45:00,2026-09-07 01:01:47,30.850000000000023,Zone 4,60.0,Zone 5,30.7,Zone 4,44.6,Zone 5,36.8,Zone 4,59.6,Zone 5,46.8,Zone 5,62.7,Zone 5,60.0,Zone 5,65.0,Zone 5
Bihar,Sheikpura,Sheikpura Kvk,26.4,2026-09-07,00:45:00,,,,2026-09-07 01:01:47,,,,,,,,,,,,,,,,,,,,
Bihar,Siwan,Ziradei,27.3,2026-09-07,00:45:00,100.0,2026-09-06,00:45:00,2026-09-07 01:01:47,33.55000000000001,Zone 4,65.8,Zone 5,34.1,Zone 4,62.3,Zone 5,57.3,Zone 5,65.4,Zone 5,62.9,Zone 5,67.7,Zone 5,65.8,Zone 5,69.3,Zone 5
Bihar,Supaul,Supaul Aws400,26.5,2026-09-07,00:45:00,100.0,2026-09-06,00:45:00,2026-09-07 01:01:47,31.350000000000023,Zone 4,64.1,Zone 5,31.3,Zone 4,60.2,Zone 5,47.0,Zone 5,63.7,Zone 5,60.8,Zone 5,66.2,Zone 5,64.1,Zone 5,68.0,Zone 5
Bihar,Vaishali,Vaishali,26.6,2026-09-07,00:45:00,100.0,2026-09-06,00:45:00,2026-09-07 01:01:47,31.55000000000001,Zone 4,64.1,Zone 5,31.3,Zone 4,60.2,Zone 5,47.0,Zone 5,63.7,Zone 5,60.8,Zone 5,66.2,Zone 5,64.1,Zone 5,68.0,Zone 5
Chandigarh,Chandigarh,Chandigarh,26.2,2026-09-07,00:45:00,,,,2026-09-07 01:01:47,,,,,,,,,,,,,,,,,,,,
Chandigarh,Chandigarh,Dav School,25.4,2026-09-07,00:45:00,90.0,2026-09-06,00:45:00,2026-09-07 01:01:47,27.850000000000023,Zone 4,60.3,Zone 5,28.1,Zone 4,46.0,Zone 5,34.8,Zone 4,59.9,Zone 5,48.3,Zone 5,62.9,Zone 5,60.3,Zone 5,65.2,Zone 5
Chhattisgarh,Balod,Balod Aws400,26.3,2026-09-07,00:30:00,94.0,2026-09-06,00:30:00,2026-09-07 01:01:47,30.05000000000001,Zone 4,62.8,Zone 5,30.5,Zone 4,57.9,Zone 5,39.9,Zone 5,62.4,Zone 5,59.3,Zone 5,65.1,Zone 5,62.8,Zone 5,67.1,Zone 5
Chhattisgarh,Balrampur,Balrampur,25.4,2026-09-07,00:30:00,92.0,2026-09-06,00:30:00,2026-09-07 01:01:47,28.05000000000001,Zone 4,60.7,Zone 5,28.2,Zone 4,48.0,Zone 5,35.1,Zone 4,60.3,Zone 5,50.3,Zone 5,63.3,Zone 5,60.7,Zone 5,65.5,Zone 5
Chhattisgarh,Balrampur,Balrampur Aws400,24.7,2026-09-07,00:45:00,100.0,2026-09-06,00:45:00,2026-09-07 01:01:47,27.350000000000023,Zone 4,60.7,Zone 5,27.0,Zone 4,47.6,Zone 5,34.0,Zone 4,60.2,Zone 5,50.0,Zone 5,63.2,Zone 5,60.7,Zone 5,65.5,Zone 5
Chhattisgarh,Bemetara,Bemetara,26.1,2026-09-07,00:45:00,100.0,2026-09-06,00:45:00,2026-09-07 01:01:47,30.350000000000023,Zone 4,63.2,Zone 5,30.1,Zone 4,59.2,Zone 5,42.0,Zone 5,62.8,Zone 5,59.8,Zone 5,65.4,Zone 5,63.2,Zone 5,67.4,Zone 5
Chhattisgarh,Bemetara,Bemetara Durg,27.6,2026-09-07,00:45:00,100.0,2026-09-06,00:45:00,2026-09-07 01:01:47,34.450000000000045,Zone 4,65.8,Zone 5,34.1,Zone 4,62.3,Zone 5,57.3,Zone 5,65.4,Zone 5,62.9,Zone 5,67.7,Zone 5,65.8,Zone 5,69.3,Zone 5
Chhattisgarh,Dhamtari,Nagri,,,,93.0,2026-09-06,00:45:00,2026-09-07 01:01:47,,,,,,,,,,,,,,,,,,,,
Chhattisgarh,Gariaband,Gariaband,26.3,2026-09-07,00:45:00,,,,2026-09-07 01:01:47,,,,,,,,,,,,,,,,,,,,
Chhattisgarh,Janjgir Champa,Sakti,26.2,2026-09-07,00:45:00,100.0,2026-09-06,00:45:00,2026-09-07 01:01:47,30.55000000000001,Zone 4,63.2,Zone 5,30.1,Zone 4,59.2,Zone 5,42.0,Zone 5,62.8,Zone 5,59.8,Zone 5,65.4,Zone 5,63.2,Zone 5,67.4,Zone 5
Chhattisgarh,Korba,Lakhanpur Kvk,25.9,2026-09-07,00:45:00,21.0,2026-09-06,00:45:00,2026-09-07 01:01:47,24.55000000000001,Zone 3,36.2,Zone 4,24.7,Zone 3,32.6,Zone 4,28.9,Zone 4,36.1,Zone 4,32.7,Zone 4,39.5,Zone 4,36.2,Zone 4,42.7,Zone 4
Chhattisgarh,Mahasamund,Pithora,25.3,2026-09-07,00:45:00,90.0,2026-09-06,00:45:00,2026-09-07 01:01:47,27.75,Zone 4,60.3,Zone 5,28.1,Zone 4,46.0,Zone 5,34.8,Zone 4,59.9,Zone 5,48.3,Zone 5,62.9,Zone 5,60.3,Zone 5,65.2,Zone 5
Chhattisgarh,Mungeli,Mungeli Aws400,26.8,2026-09-07,00:45:00,,,,2026-09-07 01:01:47,,,,,,,,,,,,,,,,,,,,
Chhattisgarh,Pendra Road,Pendra Road,24.3,2026-09-07,00:45:00,100.0,2026-09-06,00:45:00,2026-09-07 01:01:47,26.650000000000034,Zone 4,60.7,Zone 5,27.0,Zone 4,47.6,Zone 5,34.0,Zone 4,60.2,Zone 5,50.0,Zone 5,63.2,Zone 5,60.7,Zone 5,65.5,Zone 5
Chhattisgarh,Raipur,Naya Raipur,27.0,2026-09-07,00:45:00,,,,2026-09-07 01:01:47,,,,,,,,,,,,,,,,,,,,
Chhattisgarh,Raipur,Raipur,26.7,2026-09-07,00:45:00,,,,2026-09-07 01:01:47,,,,,,,,,,,,,,,,,,,,
Chhattisgarh,Raipur,Tilda,27.2,2026-09-07,00:30:00,97.0,2026-09-06,00:30:00,2026-09-07 01:01:47,32.650000000000034,Zone 4,64.3,Zone 5,32.1,Zone 4,60.5,Zone 5,48.4,Zone 5,63.9,Zone 5,61.1,Zone 5,66.4,Zone 5,64.3,Zone 5,68.2,Zone 5
Chhattisgarh,Rajnandgaon,Rajnandgaon,26.9,2026-09-07,00:45:00,87.0,2026-09-06,00:45:00,2026-09-07 01:01:47,30.450000000000045,Zone 4,62.1,Zone 5,30.7,Zone 4,54.8,Zone 5,37.7,Zone 4,61.7,Zone 5,57.0,Zone 5,64.5,Zone 5,62.1,Zone 5,66.6,Zone 5
Chhattisgarh,Sukma,Sukma,25.2,2026-09-07,00:45:00,100.0,2026-09-06,00:45:00,2026-09-07 01:01:47,28.350000000000023,Zone 4,61.5,Zone 5,28.0,Zone 4,51.8,Zone 5,35.2,Zone 4,61.1,Zone 5,54.1,Zone 5,64.0,Zone 5,61.5,Zone 5,66.1,Zone 5
Chhattisgarh,Surajpur,Surajpur Aws400,25.1,2026-09-07,00:45:00,94.0,2026-09-06,00:45:00,2026-09-07 01:01:47,27.650000000000034,Zone 4,60.3,Zone 5,27.5,Zone 4,45.9,Zone 5,34.3,Zone 4,59.9,Zone 5,48.3,Zone 5,62.9,Zone 5,60.3,Zone 5,65.2,Zone 5
Dadra And Nagar Haveli,Dadar Nagar,Silvassa,26.3,2026-09-07,00:45:00,100.0,2026-09-06,00:45:00,2026-09-07 01:01:47,30.850000000000023,Zone 4,64.1,Zone 5,31.3,Zone 4,60.2,Zone 5,47.0,Zone 5,63.7,Zone 5,60.8,Zone 5,66.2,Zone 5,64.1,Zone 5,68.0,Zone 5
Daman And Diu,Daman,Daman Aws,27.1,2026-09-07,00:45:00,100.0,2026-09-06,00:45:00,2026-09-07 01:01:47,32.950000000000045,Zone 4,65.0,Zone 5,32.7,Zone 4,61.3,Zone 5,52.3,Zone 5,64.6,Zone 5,61.8,Zone 5,66.9,Zone 5,65.0,Zone 5,68.7,Zone 5
Daman And Diu,Diu,Diu,26.7,2026-09-07,00:45:00,88.0,2026-09-06,00:45:00,2026-09-07 01:01:47,30.150000000000034,Zone 4,61.5,Zone 5,29.8,Zone 4,51.9,Zone 5,36.7,Zone 4,61.1,Zone 5,54.2,Zone 5,64.0,Zone 5,61.5,Zone 5,66.1,Zone 5
Delhi,East Delhi,Salwan Public School,24.4,2026-09-07,00:45:00,99.0,2026-09-06,00:45:00,2026-09-07 01:01:47,26.75,Zone 4,60.5,Zone 5,27.0,Zone 4,46.7,Zone 5,33.9,Zone 4,60.1,Zone 5,49.1,Zone 5,63.1,Zone 5,60.5,Zone 5,65.3,Zone 5
Delhi,New Delhi,Pragati Maidan,25.4,2026-09-07,00:45:00,74.0,2026-09-06,00:45:00,2026-09-07 01:01:47,26.75,Zone 4,50.7,Zone 5,26.9,Zone 4,37.5,Zone 4,32.7,Zone 4,49.2,Zone 5,38.0,Zone 4,60.0,Zone 5,50.7,Zone 5,62.7,Zone 5
Delhi,North West Delhi,Mungeshpur,33.6,2026-09-07,00:45:00,96.0,2026-09-06,00:45:00,2026-09-07 01:01:47,71.35000000000002,Zone 5,79.8,Zone 6,70.9,Zone 5,76.2,Zone 6,73.9,Zone 6,79.1,Zone 6,76.9,Zone 6,82.0,Zone 6,79.8,Zone 6,84.9,Zone 6
Delhi,North West Delhi,Pitampura,26.5,2026-09-07,00:45:00,,,,2026-09-07 01:01:47,,,,,,,,,,,,,,,,,,,,
Delhi,South Delhi,Lodi Road,25.8,2026-09-07,00:45:00,7.0,2026-09-06,00:45:00,2026-09-07 01:01:47,23.55000000000001,Zone 3,34.8,Zone 4,23.8,Zone 3,31.6,Zone 4,28.2,Zone 4,34.9,Zone 4,31.6,Zone 4,38.0,Zone 4,34.8,Zone 4,41.0,Zone 4
Delhi,South Delhi,Pharma Science And Research Un,24.5,2026-09-07,00:45:00,100.0,2026-09-06,00:45:00,2026-09-07 01:01:47,27.05000000000001,Zone 4,60.7,Zone 5,27.0,Zone 4,47.6,Zone 5,34.0,Zone 4,60.2,Zone 5,50.0,Zone 5,63.2,Zone 5,60.7,Zone 5,65.5,Zone 5
Delhi,South West Delhi,Ayanagar,23.3,2026-09-07,00:45:00,92.0,2026-09-06,00:45:00,2026-09-07 01:01:47,24.850000000000023,Zone 3,53.1,Zone 5,25.0,Zone 3,36.4,Zone 4,31.1,Zone 4,51.5,Zone 5,36.9,Zone 4,60.5,Zone 5,53.1,Zone 5,63.1,Zone 5
Delhi,South West Delhi,Ignou,24.0,2026-09-07,00:45:00,89.0,2026-09-06,00:45:00,2026-09-07 01:01:47,25.55000000000001,Zone 4,53.9,Zone 5,25.5,Zone 4,36.9,Zone 4,31.7,Zone 4,52.4,Zone 5,37.5,Zone 4,60.7,Zone 5,53.9,Zone 5,63.3,Zone 5
Delhi,South West Delhi,Jafarpur,24.6,2026-09-07,00:45:00,44.0,2026-09-06,00:45:00,2026-09-07 01:01:47,24.25,Zone 3,37.1,Zone 4,24.1,Zone 3,32.9,Zone 4,28.9,Zone 4,36.9,Zone 4,33.1,Zone 4,40.8,Zone 4,37.1,Zone 4,49.5,Zone 5
Delhi,South West Delhi,Kvk Crpf Campus,25.0,2026-09-07,00:45:00,100.0,2026-09-06,00:45:00,2026-09-07 01:01:47,27.950000000000045,Zone 4,61.5,Zone 5,28.0,Zone 4,51.8,Zone 5,35.2,Zone 4,61.1,Zone 5,54.1,Zone 5,64.0,Zone 5,61.5,Zone 5,66.1,Zone 5
Delhi,South West Delhi,Kv Narayna,23.8,2026-09-07,00:45:00,100.0,2026-09-06,00:45:00,2026-09-07 01:01:47,25.75,Zone 4,59.8,Zone 5,26.1,Zone 4,43.6,Zone 5,32.9,Zone 4,59.4,Zone 5,45.9,Zone 5,62.5,Zone 5,59.8,Zone 5,64.8,Zone 5
Delhi,South West Delhi,Najafgarh,25.1,2026-09-07,00:45:00,100.0,2026-09-06,00:45:00,2026-09-07 01:01:47,28.150000000000034,Zone 4,61.5,Zone 5,28.0,Zone 4,51.8,Zone 5,35.2,Zone 4,61.1,Zone 5,54.1,Zone 5,64.0,Zone 5,61.5,Zone 5,66.1,Zone 5
Delhi,West Delhi,Kv Janakpuri,25.5,2026-09-07,00:45:00,100.0,2026-09-06,00:45:00,2026-09-07 01:01:47,29.05000000000001,Zone 4,62.4,Zone 5,29.0,Zone 4,55.9,Zone 5,37.6,Zone 5,62.0,Zone 5,58.0,Zone 5,64.7,Zone 5,62.4,Zone 5,66.7,Zone 5
Goa,North Goa,Goa State Biodiversity Board,24.4,2026-09-07,00:45:00,99.0,2026-09-06,00:45:00,2026-09-07 01:01:47,26.75,Zone 4,60.5,Zone 5,27.0,Zone 4,46.7,Zone 5,33.9,Zone 4,60.1,Zone 5,49.1,Zone 5,63.1,Zone 5,60.5,Zone 5,65.3,Zone 5
Goa,North Goa,Mopa Airport,25.0,2026-09-07,00:45:00,100.0,2026-09-06,00:45:00,2026-09-07 01:01:47,27.950000000000045,Zone 4,61.5,Zone 5,28.0,Zone 4,51.8,Zone 5,35.2,Zone 4,61.1,Zone 5,54.1,Zone 5,64.0,Zone 5,61.5,Zone 5,66.1,Zone 5
Goa,North Goa,Pernem,24.6,2026-09-07,00:30:00,,,,2026-09-07 01:01:47,,,,,,,,,,,,,,,,,,,,
Goa,Panaji,Altinho Imdoffice,24.8,2026-09-07,00:45:00,81.0,2026-09-06,00:45:00,2026-09-07 01:01:47,26.25,Zone 4,53.7,Zone 5,26.6,Zone 4,37.7,Zone 4,32.6,Zone 4,52.2,Zone 5,38.2,Zone 4,60.6,Zone 5,53.7,Zone 5,63.2,Zone 5
Gujarat,Ahmedabad,Ahmedabad,28.7,2026-09-07,00:45:00,89.0,2026-09-06,00:45:00,2026-09-07 01:01:47,35.25,Zone 4,65.1,Zone 5,34.7,Zone 4,61.4,Zone 5,53.1,Zone 5,64.7,Zone 5,62.0,Zone 5,67.0,Zone 5,65.1,Zone 5,68.8,Zone 5
Gujarat,Ahmedabad,Dhorela,28.5,2026-09-07,00:30:00,77.0,2026-09-06,00:30:00,2026-09-07 01:01:47,32.450000000000045,Zone 4,62.2,Zone 5,32.5,Zone 4,55.4,Zone 5,39.2,Zone 4,61.8,Zone 5,57.5,Zone 5,64.6,Zone 5,62.2,Zone 5,66.7,Zone 5
Gujarat,Ahmedabad,Science City,27.3,2026-09-07,00:45:00,99.0,2026-09-06,00:45:00,2026-09-07 01:01:47,33.35000000000002,Zone 4,65.6,Zone 5,33.9,Zone 4,62.1,Zone 5,56.1,Zone 5,65.2,Zone 5,62.6,Zone 5,67.5,Zone 5,65.6,Zone 5,69.1,Zone 5
Gujarat,Amreli,Dhari Aws400,25.4,2026-09-07,00:45:00,100.0,2026-09-06,00:45:00,2026-09-07 01:01:47,28.75,Zone 4,62.4,Zone 5,29.0,Zone 4,55.9,Zone 5,37.6,Zone 5,62.0,Zone 5,58.0,Zone 5,64.7,Zone 5,62.4,Zone 5,66.7,Zone 5
Gujarat,Arawali,Modasa,26.9,2026-09-07,00:30:00,91.0,2026-09-06,00:30:00,2026-09-07 01:01:47,30.950000000000045,Zone 4,63.0,Zone 5,31.2,Zone 4,58.7,Zone 5,40.9,Zone 5,62.6,Zone 5,59.5,Zone 5,65.2,Zone 5,63.0,Zone 5,67.2,Zone 5
Gujarat,Banaskantha,Ambaji Temple,25.4,2026-09-07,00:45:00,98.0,2026-09-06,00:45:00,2026-09-07 01:01:47,28.55000000000001,Zone 4,62.0,Zone 5,28.8,Zone 4,54.0,Zone 5,36.1,Zone 4,61.5,Zone 5,56.2,Zone 5,64.3,Zone 5,62.0,Zone 5,66.4,Zone 5
Gujarat,Banaskantha,Tharad Aws400,27.2,2026-09-07,00:45:00,67.0,2026-09-06,00:45:00,2026-09-07 01:01:47,28.950000000000045,Zone 4,53.4,Zone 5,28.6,Zone 4,39.1,Zone 4,34.3,Zone 4,51.9,Zone 5,39.6,Zone 4,60.6,Zone 5,53.4,Zone 5,63.2,Zone 5
Gujarat,Bharuch,Hansot Aws400,28.1,2026-09-07,00:30:00,88.0,2026-09-06,00:30:00,2026-09-07 01:01:47,33.450000000000045,Zone 4,64.0,Zone 5,33.1,Zone 4,60.1,Zone 5,46.6,Zone 5,63.6,Zone 5,60.7,Zone 5,66.1,Zone 5,64.0,Zone 5,68.0,Zone 5
Gujarat,Bhavnagar,Bhavnagar,27.6,2026-09-07,00:45:00,75.0,2026-09-06,00:45:00,2026-09-07 01:01:47,30.350000000000023,Zone 4,60.2,Zone 5,30.2,Zone 4,45.4,Zone 5,36.5,Zone 4,59.8,Zone 5,47.7,Zone 5,62.8,Zone 5,60.2,Zone 5,65.1,Zone 5
Gujarat,Bhavnagar,Talaja Aws400,26.4,2026-09-07,00:45:00,86.0,2026-09-06,00:45:00,2026-09-07 01:01:47,29.350000000000023,Zone 4,61.1,Zone 5,29.6,Zone 4,49.8,Zone 5,36.3,Zone 4,60.7,Zone 5,52.1,Zone 5,63.6,Zone 5,61.1,Zone 5,65.8,Zone 5
Gujarat,Botad,Botad,27.0,2026-09-07,00:45:00,84.0,2026-09-06,00:45:00,2026-09-07 01:01:47,30.350000000000023,Zone 4,61.5,Zone 5,30.3,Zone 4,51.6,Zone 5,37.1,Zone 4,61.1,Zone 5,53.9,Zone 5,63.9,Zone 5,61.5,Zone 5,66.1,Zone 5
Gujarat,Dang,Dang Kvk,25.6,2026-09-07,00:45:00,99.0,2026-09-06,00:45:00,2026-09-07 01:01:47,29.150000000000034,Zone 4,62.2,Zone 5,28.9,Zone 4,54.9,Zone 5,36.7,Zone 5,61.7,Zone 5,57.1,Zone 5,64.5,Zone 5,62.2,Zone 5,66.6,Zone 5
Gujarat,Dwarka,Dwarka,27.2,2026-09-07,00:45:00,91.0,2026-09-06,00:45:00,2026-09-07 01:01:47,31.650000000000034,Zone 4,63.0,Zone 5,31.2,Zone 4,58.7,Zone 5,40.9,Zone 5,62.6,Zone 5,59.5,Zone 5,65.2,Zone 5,63.0,Zone 5,67.2,Zone 5
Gujarat,Gandhinagar,Gandhinagar,27.7,2026-09-07,00:45:00,69.0,2026-09-06,00:45:00,2026-09-07 01:01:47,29.950000000000045,Zone 4,58.1,Zone 5,29.6,Zone 4,40.4,Zone 4,35.5,Zone 4,56.7,Zone 5,41.1,Zone 5,61.6,Zone 5,58.1,Zone 5,64.1,Zone 5
Gujarat,Gir Somnath,Veraval   Aws400,27.3,2026-09-07,00:45:00,85.0,2026-09-06,00:45:00,2026-09-07 01:01:47,31.05000000000001,Zone 4,62.5,Zone 5,31.5,Zone 4,56.5,Zone 5,38.5,Zone 4,62.1,Zone 5,58.6,Zone 5,64.8,Zone 5,62.5,Zone 5,66.8,Zone 5
Gujarat,Kachchh,Bachau Amfu,27.1,2026-09-07,00:45:00,76.0,2026-09-06,00:45:00,2026-09-07 01:01:47,29.650000000000034,Zone 4,59.6,Zone 5,29.4,Zone 4,42.9,Zone 5,35.7,Zone 4,59.2,Zone 5,45.1,Zone 5,62.4,Zone 5,59.6,Zone 5,64.7,Zone 5
Gujarat,Kachchh,Kandla,27.6,2026-09-07,00:45:00,82.0,2026-09-06,00:45:00,2026-09-07 01:01:47,31.25,Zone 4,61.8,Zone 5,31.1,Zone 4,53.3,Zone 5,37.9,Zone 4,61.4,Zone 5,55.6,Zone 5,64.2,Zone 5,61.8,Zone 5,66.3,Zone 5
Gujarat,Kachchh,Mundra,27.8,2026-09-07,00:45:00,86.0,2026-09-06,00:45:00,2026-09-07 01:01:47,32.35000000000002,Zone 4,63.6,Zone 5,32.8,Zone 4,59.6,Zone 5,43.9,Zone 5,63.2,Zone 5,60.2,Zone 5,65.7,Zone 5,63.6,Zone 5,67.6,Zone 5
Gujarat,Kachchh,Rapar,26.8,2026-09-07,00:45:00,81.0,2026-09-06,00:45:00,2026-09-07 01:01:47,29.55000000000001,Zone 4,60.8,Zone 5,30.0,Zone 4,48.3,Zone 5,36.5,Zone 4,60.4,Zone 5,50.6,Zone 5,63.3,Zone 5,60.8,Zone 5,65.6,Zone 5
Gujarat,Mahesana,Jagudan,27.6,2026-09-07,00:45:00,77.0,2026-09-06,00:45:00,2026-09-07 01:01:47,30.650000000000034,Zone 4,60.7,Zone 5,30.5,Zone 4,47.7,Zone 5,36.9,Zone 4,60.3,Zone 5,50.0,Zone 5,63.2,Zone 5,60.7,Zone 5,65.5,Zone 5
Gujarat,Mahisagar,Lunavada,27.0,2026-09-07,00:45:00,100.0,2026-09-06,00:45:00,2026-09-07 01:01:47,32.650000000000034,Zone 4,65.0,Zone 5,32.7,Zone 4,61.3,Zone 5,52.3,Zone 5,64.6,Zone 5,61.8,Zone 5,66.9,Zone 5,65.0,Zone 5,68.7,Zone 5
Gujarat,Morbi,Halwad,27.2,2026-09-07,00:45:00,86.0,2026-09-06,00:45:00,2026-09-07 01:01:47,30.950000000000045,Zone 4,61.9,Zone 5,30.6,Zone 4,53.8,Zone 5,37.5,Zone 4,61.5,Zone 5,56.0,Zone 5,64.3,Zone 5,61.9,Zone 5,66.4,Zone 5
Gujarat,Patan,Patan,27.9,2026-09-07,00:45:00,74.0,2026-09-06,00:45:00,2026-09-07 01:01:47,30.850000000000023,Zone 4,60.7,Zone 5,31.0,Zone 4,48.1,Zone 5,37.4,Zone 4,60.3,Zone 5,50.4,Zone 5,63.3,Zone 5,60.7,Zone 5,65.5,Zone 5
Gujarat,Patan,Radhanpur,28.4,2026-09-07,00:45:00,76.0,2026-09-06,00:45:00,2026-09-07 01:01:47,32.05000000000001,Zone 4,62.0,Zone 5,32.3,Zone 4,54.3,Zone 5,38.9,Zone 4,61.6,Zone 5,56.5,Zone 5,64.4,Zone 5,62.0,Zone 5,66.5,Zone 5
Gujarat,Porbandar,Porbandar,,,,90.0,2026-09-06,00:45:00,2026-09-07 01:01:47,,,,,,,,,,,,,,,,,,,,
Gujarat,Sabarkantha,Bayad,27.5,2026-09-07,00:45:00,100.0,2026-09-06,00:45:00,2026-09-07 01:01:47,34.150000000000034,Zone 4,65.8,Zone 5,34.1,Zone 4,62.3,Zone 5,57.3,Zone 5,65.4,Zone 5,62.9,Zone 5,67.7,Zone 5,65.8,Zone 5,69.3,Zone 5
Gujarat,Sabarkantha,Himatnagar,,,,100.0,2026-09-06,00:45:00,2026-09-07 01:01:47,,,,,,,,,,,,,,,,,,,,
Gujarat,Surat,Surat,30.3,2026-09-07,00:45:00,88.0,2026-09-06,00:45:00,2026-09-07 01:01:47,45.650000000000034,Zone 5,68.3,Zone 5,48.3,Zone 5,65.3,Zone 5,62.2,Zone 5,67.9,Zone 5,65.8,Zone 5,69.7,Zone 5,68.3,Zone 5,71.1,Zone 5
Gujarat,Surat,Surat Kvk,28.6,2026-09-07,00:45:00,,,,2026-09-07 01:01:47,,,,,,,,,,,,,,,,,,,,
Gujarat,Surendranagar,Surendranagar,27.1,2026-09-07,00:45:00,99.0,2026-09-06,00:45:00,2026-09-07 01:01:47,32.75,Zone 4,64.7,Zone 5,32.5,Zone 4,61.0,Zone 5,51.0,Zone 5,64.3,Zone 5,61.6,Zone 5,66.7,Zone 5,64.7,Zone 5,68.5,Zone 5
Gujarat,Tapi,Vyara Aws400,26.1,2026-09-07,00:45:00,100.0,2026-09-06,00:45:00,2026-09-07 01:01:47,30.350000000000023,Zone 4,63.2,Zone 5,30.1,Zone 4,59.2,Zone 5,42.0,Zone 5,62.8,Zone 5,59.8,Zone 5,65.4,Zone 5,63.2,Zone 5,67.4,Zone 5
Gujarat,Vadodara,Vadodara Aws400,27.9,2026-09-07,00:45:00,75.0,2026-09-06,00:45:00,2026-09-07 01:01:47,30.950000000000045,Zone 4,61.0,Zone 5,31.2,Zone 4,49.2,Zone 5,37.6,Zone 4,60.6,Zone 5,51.6,Zone 5,63.5,Zone 5,61.0,Zone 5,65.7,Zone 5
Haryana,Charkhi Dadri,Revenue Office Aws400,26.8,2026-09-07,00:45:00,99.0,2026-09-06,00:45:00,2026-09-07 01:01:47,31.950000000000045,Zone 4,64.7,Zone 5,32.5,Zone 4,61.0,Zone 5,51.0,Zone 5,64.3,Zone 5,61.6,Zone 5,66.7,Zone 5,64.7,Zone 5,68.5,Zone 5
Haryana,Faridabad,Faridabad,25.6,2026-09-07,00:45:00,91.0,2026-09-06,00:45:00,2026-09-07 01:01:47,28.350000000000023,Zone 4,60.5,Zone 5,28.1,Zone 4,47.0,Zone 5,34.9,Zone 4,60.1,Zone 5,49.3,Zone 5,63.1,Zone 5,60.5,Zone 5,65.4,Zone 5
Haryana,Fatehabad,Fatehabad,26.2,2026-09-07,00:45:00,93.0,2026-09-06,00:45:00,2026-09-07 01:01:47,29.75,Zone 4,61.8,Zone 5,29.3,Zone 4,53.1,Zone 5,36.4,Zone 4,61.4,Zone 5,55.4,Zone 5,64.2,Zone 5,61.8,Zone 5,66.3,Zone 5
Haryana,Gurgaon,Gurgaon Kvk,24.7,2026-09-07,00:45:00,100.0,2026-09-06,00:45:00,2026-09-07 01:01:47,27.350000000000023,Zone 4,60.7,Zone 5,27.0,Zone 4,47.6,Zone 5,34.0,Zone 4,60.2,Zone 5,50.0,Zone 5,63.2,Zone 5,60.7,Zone 5,65.5,Zone 5
Haryana,Gurgaon,Northcap University,25.1,2026-09-07,00:45:00,99.0,2026-09-06,00:45:00,2026-09-07 01:01:47,28.05000000000001,Zone 4,61.3,Zone 5,27.9,Zone 4,50.8,Zone 5,35.0,Zone 4,60.9,Zone 5,53.2,Zone 5,63.8,Zone 5,61.3,Zone 5,66.0,Zone 5
Haryana,Hisar,Balasmand,26.3,2026-09-07,00:45:00,84.0,2026-09-06,00:45:00,2026-09-07 01:01:47,28.950000000000045,Zone 4,60.6,Zone 5,29.3,Zone 4,47.6,Zone 5,36.0,Zone 4,60.2,Zone 5,50.0,Zone 5,63.2,Zone 5,60.6,Zone 5,65.5,Zone 5
Haryana,Hisar,Sadalpur,27.1,2026-09-07,00:45:00,80.0,2026-09-06,00:45:00,2026-09-07 01:01:47,30.05000000000001,Zone 4,60.6,Zone 5,29.9,Zone 4,47.2,Zone 5,36.3,Zone 4,60.2,Zone 5,49.5,Zone 5,63.2,Zone 5,60.6,Zone 5,65.4,Zone 5
Haryana,Jhajjar,Jhajjar,24.4,2026-09-07,00:45:00,15.0,2026-09-06,00:45:00,2026-09-07 01:01:47,22.25,Zone 3,34.3,Zone 4,22.4,Zone 3,31.0,Zone 4,27.3,Zone 4,34.3,Zone 4,31.0,Zone 4,37.6,Zone 4,34.3,Zone 4,40.7,Zone 4
Haryana,Kaithal,Kaithal,25.8,2026-09-07,00:45:00,99.0,2026-09-06,00:45:00,2026-09-07 01:01:47,29.55000000000001,Zone 4,63.0,Zone 5,30.0,Zone 4,58.7,Zone 5,40.9,Zone 5,62.6,Zone 5,59.5,Zone 5,65.2,Zone 5,63.0,Zone 5,67.2,Zone 5
Haryana,Karnal,Indri Rest House,25.8,2026-09-07,00:45:00,,,,2026-09-07 01:01:47,,,,,,,,,,,,,,,,,,,,
Haryana,Karnal,Karnal,25.5,2026-09-07,00:45:00,,,,2026-09-07 01:01:47,,,,,,,,,,,,,,,,,,,,
Haryana,Karnal,Uchani,27.2,2026-09-07,00:45:00,,,,2026-09-07 01:01:47,,,,,,,,,,,,,,,,,,,,
Haryana,Kurukshetra,Kurukshetra,26.5,2026-09-07,00:45:00,100.0,2026-09-06,00:45:00,2026-09-07 01:01:47,31.350000000000023,Zone 4,64.1,Zone 5,31.3,Zone 4,60.2,Zone 5,47.0,Zone 5,63.7,Zone 5,60.8,Zone 5,66.2,Zone 5,64.1,Zone 5,68.0,Zone 5
Haryana,Kurukshetra,Kurukshetra Kvk,26.8,2026-09-07,00:45:00,,,,2026-09-07 01:01:47,,,,,,,,,,,,,,,,,,,,
Haryana,Kurukshetra,Pehowa,26.2,2026-09-07,00:45:00,,,,2026-09-07 01:01:47,,,,,,,,,,,,,,,,,,,,
Haryana,Mahendragarh,Mahendragarh Aws,24.3,2026-09-07,00:45:00,99.0,2026-09-06,00:45:00,2026-09-07 01:01:47,26.55000000000001,Zone 4,60.5,Zone 5,27.0,Zone 4,46.7,Zone 5,33.9,Zone 4,60.1,Zone 5,49.1,Zone 5,63.1,Zone 5,60.5,Zone 5,65.3,Zone 5
Haryana,Mewat,Mandkola,24.5,2026-09-07,00:45:00,21.0,2026-09-06,00:45:00,2026-09-07 01:01:47,22.75,Zone 3,34.9,Zone 4,22.8,Zone 3,31.3,Zone 4,27.6,Zone 4,34.8,Zone 4,31.3,Zone 4,38.2,Zone 4,34.9,Zone 4,41.4,Zone 4
Haryana,Mewat,Nuh,26.1,2026-09-07,00:45:00,,,,2026-09-07 01:01:47,,,,,,,,,,,,,,,,,,,,
Haryana,Palwal,Palwal Water Service Division,24.7,2026-09-07,00:45:00,96.0,2026-09-06,00:45:00,2026-09-07 01:01:47,27.05000000000001,Zone 4,59.9,Zone 5,26.7,Zone 4,43.9,Zone 5,33.5,Zone 4,59.5,Zone 5,46.2,Zone 5,62.6,Zone 5,59.9,Zone 5,64.9,Zone 5
Haryana,Panchkula,Panchkula,24.7,2026-09-07,00:45:00,100.0,2026-09-06,00:45:00,2026-09-07 01:01:47,27.350000000000023,Zone 4,60.7,Zone 5,27.0,Zone 4,47.6,Zone 5,34.0,Zone 4,60.2,Zone 5,50.0,Zone 5,63.2,Zone 5,60.7,Zone 5,65.5,Zone 5
Haryana,Panipat,Ujha,25.2,2026-09-07,00:45:00,95.0,2026-09-06,00:45:00,2026-09-07 01:01:47,27.950000000000045,Zone 4,60.5,Zone 5,27.6,Zone 4,46.9,Zone 5,34.4,Zone 4,60.1,Zone 5,49.3,Zone 5,63.1,Zone 5,60.5,Zone 5,65.4,Zone 5
Haryana,Rewari,Bawal,24.2,2026-09-07,00:45:00,99.0,2026-09-06,00:45:00,2026-09-07 01:01:47,26.450000000000045,Zone 4,59.6,Zone 5,26.1,Zone 4,42.7,Zone 5,32.8,Zone 4,59.2,Zone 5,45.0,Zone 5,62.3,Zone 5,59.6,Zone 5,64.7,Zone 5
Haryana,Rohtak,Canal Rest House,25.3,2026-09-07,00:45:00,95.0,2026-09-06,00:45:00,2026-09-07 01:01:47,28.150000000000034,Zone 4,61.3,Zone 5,28.5,Zone 4,51.0,Zone 5,35.6,Zone 4,60.9,Zone 5,53.4,Zone 5,63.8,Zone 5,61.3,Zone 5,66.0,Zone 5
Haryana,Rohtak,Rohtak,25.6,2026-09-07,00:45:00,99.0,2026-09-06,00:45:00,2026-09-07 01:01:47,29.150000000000034,Zone 4,62.2,Zone 5,28.9,Zone 4,54.9,Zone 5,36.7,Zone 5,61.7,Zone 5,57.1,Zone 5,64.5,Zone 5,62.2,Zone 5,66.6,Zone 5
Haryana,Sirsa,Canal Colony Village Ottu,27.6,2026-09-07,00:45:00,94.0,2026-09-06,00:45:00,2026-09-07 01:01:47,33.25,Zone 4,64.5,Zone 5,32.9,Zone 4,60.7,Zone 5,49.7,Zone 5,64.1,Zone 5,61.3,Zone 5,66.5,Zone 5,64.5,Zone 5,68.3,Zone 5
Haryana,Sirsa,Sirsa,28.0,2026-09-07,00:45:00,100.0,2026-09-06,00:45:00,2026-09-07 01:01:47,37.150000000000034,Zone 5,66.7,Zone 5,37.1,Zone 5,63.4,Zone 5,59.8,Zone 5,66.3,Zone 5,63.9,Zone 5,68.4,Zone 5,66.7,Zone 5,70.0,Zone 5
Haryana,Sonipat,Canal Resthouse Saragthal,,,,67.0,2026-09-06,00:45:00,2026-09-07 01:01:47,,,,,,,,,,,,,,,,,,,,
Haryana,Sonipat,Jagdishpur,24.1,2026-09-07,00:45:00,,,,2026-09-07 01:01:47,,,,,,,,,,,,,,,,,,,,
Haryana,Yamunanagar,Damla,24.6,2026-09-07,00:45:00,100.0,2026-09-06,00:45:00,2026-09-07 01:01:47,27.25,Zone 4,60.7,Zone 5,27.0,Zone 4,47.6,Zone 5,34.0,Zone 4,60.2,Zone 5,50.0,Zone 5,63.2,Zone 5,60.7,Zone 5,65.5,Zone 5
Haryana,Yamunanagar,Hathinkundberaj,24.7,2026-09-07,00:45:00,100.0,2026-09-06,00:45:00,2026-09-07 01:01:47,27.350000000000023,Zone 4,60.7,Zone 5,27.0,Zone 4,47.6,Zone 5,34.0,Zone 4,60.2,Zone 5,50.0,Zone 5,63.2,Zone 5,60.7,Zone 5,65.5,Zone 5
Himachal Pradesh,Bilaspur,Bilaspur Kvk,23.0,2026-09-07,00:45:00,100.0,2026-09-06,00:45:00,2026-09-07 01:01:47,24.75,Zone 3,55.8,Zone 5,24.8,Zone 3,36.7,Zone 5,31.0,Zone 4,54.3,Zone 5,38.5,Zone 5,61.1,Zone 5,55.8,Zone 5,63.6,Zone 5
Himachal Pradesh,Chamba,Udaipur,20.9,2026-09-07,00:30:00,,,,2026-09-07 01:01:47,,,,,,,,,,,,,,,,,,,,
Himachal Pradesh,Hamirpur,Hamirpur Neri,24.6,2026-09-07,00:45:00,100.0,2026-09-06,00:45:00,2026-09-07 01:01:47,27.25,Zone 4,60.7,Zone 5,27.0,Zone 4,47.6,Zone 5,34.0,Zone 4,60.2,Zone 5,50.0,Zone 5,63.2,Zone 5,60.7,Zone 5,65.5,Zone 5
Himachal Pradesh,Kangra,Malan,20.4,2026-09-07,00:45:00,,,,2026-09-07 01:01:47,,,,,,,,,,,,,,,,,,,,
Himachal Pradesh,Kangra,Palampur Amfu,19.1,2026-09-07,00:45:00,,,,2026-09-07 01:01:47,,,,,,,,,,,,,,,,,,,,
Himachal Pradesh,Kullu,Bajaura,21.5,2026-09-07,00:45:00,,,,2026-09-07 01:01:47,,,,,,,,,,,,,,,,,,,,
Himachal Pradesh,Kullu,Seobagh Amfu,,,,86.0,2026-09-06,00:45:00,2026-09-07 01:01:47,,,,,,,,,,,,,,,,,,,,
Himachal Pradesh,Lahaul And Spiti,Keylong,14.5,2026-09-07,00:30:00,99.0,2026-09-06,00:30:00,2026-09-07 01:01:47,14.550000000000011,Zone 3,29.2,Zone 4,14.6,Zone 3,25.0,Zone 3,21.5,Zone 3,29.1,Zone 4,25.0,Zone 3,33.2,Zone 4,29.2,Zone 4,37.8,Zone 5
Himachal Pradesh,Lahaul And Spiti,Tabo,16.1,2026-09-07,00:45:00,45.0,2026-09-06,00:45:00,2026-09-07 01:01:47,13.950000000000045,Zone 2,28.8,Zone 4,13.9,Zone 2,25.1,Zone 3,21.3,Zone 3,28.8,Zone 4,25.1,Zone 3,32.3,Zone 4,28.8,Zone 4,35.7,Zone 4
Himachal Pradesh,Mandi,Sundernagar Kvk,21.6,2026-09-07,00:45:00,100.0,2026-09-06,00:45:00,2026-09-07 01:01:47,23.25,Zone 3,45.7,Zone 5,23.2,Zone 3,33.6,Zone 4,28.5,Zone 4,44.3,Zone 5,34.1,Zone 4,58.9,Zone 5,45.7,Zone 5,61.8,Zone 5
Himachal Pradesh,Shimla,Shimala Cpri,16.6,2026-09-07,00:45:00,92.0,2026-09-06,00:45:00,2026-09-07 01:01:47,16.950000000000045,Zone 3,31.2,Zone 4,16.8,Zone 3,26.6,Zone 4,23.0,Zone 3,31.0,Zone 4,26.8,Zone 4,35.2,Zone 4,31.2,Zone 4,43.1,Zone 5
Himachal Pradesh,Solan,Majhouli,25.5,2026-09-07,00:45:00,90.0,2026-09-06,00:45:00,2026-09-07 01:01:47,28.05000000000001,Zone 4,60.3,Zone 5,28.1,Zone 4,46.0,Zone 5,34.8,Zone 4,59.9,Zone 5,48.3,Zone 5,62.9,Zone 5,60.3,Zone 5,65.2,Zone 5
Himachal Pradesh,Solan,Ramshar,21.6,2026-09-07,00:45:00,,,,2026-09-07 01:01:47,,,,,,,,,,,,,,,,,,,,
Jammu And Kashmir,Anantnag,Amarnath,7.4,2026-09-07,00:45:00,89.0,2026-09-06,00:45:00,2026-09-07 01:01:47,7.050000000000011,Zone 2,23.7,Zone 3,7.2,Zone 2,20.6,Zone 3,15.1,Zone 3,23.8,Zone 3,20.5,Zone 3,26.3,Zone 4,23.7,Zone 3,29.8,Zone 4
Jammu And Kashmir,Anantnag,Anantnag,16.1,2026-09-07,00:30:00,100.0,2026-09-06,00:30:00,2026-09-07 01:01:47,16.650000000000034,Zone 3,31.0,Zone 4,16.6,Zone 3,26.3,Zone 4,22.8,Zone 3,30.8,Zone 4,26.5,Zone 4,35.1,Zone 4,31.0,Zone 4,44.3,Zone 5
Jammu And Kashmir,Anantnag,Khudwani,16.5,2026-09-07,00:45:00,97.0,2026-09-06,00:45:00,2026-09-07 01:01:47,17.05000000000001,Zone 3,31.4,Zone 4,17.1,Zone 3,26.8,Zone 4,23.1,Zone 3,31.2,Zone 4,26.9,Zone 4,35.5,Zone 4,31.4,Zone 4,45.3,Zone 5
Jammu And Kashmir,Anantnag,Larnoo,12.4,2026-09-07,00:45:00,99.0,2026-09-06,00:45:00,2026-09-07 01:01:47,12.350000000000023,Zone 2,27.1,Zone 4,12.5,Zone 2,23.8,Zone 3,19.8,Zone 3,27.1,Zone 4,23.8,Zone 3,31.0,Zone 4,27.1,Zone 4,34.8,Zone 4
Jammu And Kashmir,Anantnag,Pahalgam,12.7,2026-09-07,00:15:00,,,,2026-09-07 01:01:47,,,,,,,,,,,,,,,,,,,,
Jammu And Kashmir,Anantnag,Panchtarni,6.4,2026-09-07,00:45:00,100.0,2026-09-06,00:45:00,2026-09-07 01:01:47,6.350000000000023,Zone 2,23.3,Zone 3,6.5,Zone 2,20.2,Zone 3,14.4,Zone 3,23.4,Zone 3,20.0,Zone 3,25.7,Zone 4,23.3,Zone 3,29.1,Zone 4
Jammu And Kashmir,Badgam,Harran,14.4,2026-09-07,00:30:00,98.0,2026-09-06,00:30:00,2026-09-07 01:01:47,14.450000000000045,Zone 3,29.1,Zone 4,14.6,Zone 3,25.0,Zone 3,21.5,Zone 3,29.0,Zone 4,25.0,Zone 3,33.1,Zone 4,29.1,Zone 4,37.4,Zone 5
Jammu And Kashmir,Bandipora,Bandipora,14.8,2026-09-07,00:30:00,100.0,2026-09-06,00:30:00,2026-09-07 01:01:47,15.050000000000011,Zone 3,29.8,Zone 4,15.3,Zone 3,25.3,Zone 3,22.0,Zone 3,29.6,Zone 4,25.4,Zone 4,33.8,Zone 4,29.8,Zone 4,40.0,Zone 5
Jammu And Kashmir,Baramulla,Baramulla Amfu,13.4,2026-09-07,00:45:00,100.0,2026-09-06,00:45:00,2026-09-07 01:01:47,13.450000000000045,Zone 2,28.1,Zone 4,13.5,Zone 2,24.4,Zone 3,20.7,Zone 3,28.1,Zone 4,24.5,Zone 3,32.1,Zone 4,28.1,Zone 4,36.0,Zone 4
Jammu And Kashmir,Baramulla,Baramulla Kvk,15.8,2026-09-07,00:45:00,84.0,2026-09-06,00:45:00,2026-09-07 01:01:47,15.550000000000011,Zone 3,30.2,Zone 4,15.8,Zone 3,25.9,Zone 4,22.4,Zone 3,30.1,Zone 4,26.0,Zone 4,34.2,Zone 4,30.2,Zone 4,38.0,Zone 4
Jammu And Kashmir,Baramulla,Gulmarg,11.8,2026-09-07,00:45:00,44.0,2026-09-06,00:45:00,2026-09-07 01:01:47,9.850000000000023,Zone 2,25.5,Zone 4,10.1,Zone 2,22.8,Zone 3,17.9,Zone 3,25.6,Zone 4,22.7,Zone 3,29.0,Zone 4,25.5,Zone 4,32.3,Zone 4
Jammu And Kashmir,Doda,Bhella,19.7,2026-09-07,00:30:00,83.0,2026-09-06,00:30:00,2026-09-07 01:01:47,20.350000000000023,Zone 3,34.4,Zone 4,20.1,Zone 3,29.6,Zone 4,25.1,Zone 3,34.2,Zone 4,29.9,Zone 4,38.8,Zone 5,34.4,Zone 4,52.3,Zone 5
Jammu And Kashmir,Ganderbal,Baltal,10.2,2026-09-07,00:45:00,95.0,2026-09-06,00:45:00,2026-09-07 01:01:47,10.050000000000011,Zone 2,25.0,Zone 3,9.8,Zone 2,22.3,Zone 3,17.5,Zone 3,25.0,Zone 3,22.2,Zone 3,28.5,Zone 4,25.0,Zone 3,32.1,Zone 4
Jammu And Kashmir,Ganderbal,Bararri,7.3,2026-09-07,00:45:00,81.0,2026-09-06,00:45:00,2026-09-07 01:01:47,6.75,Zone 2,23.6,Zone 3,7.0,Zone 2,20.5,Zone 3,14.9,Zone 3,23.7,Zone 3,20.4,Zone 3,26.2,Zone 4,23.6,Zone 3,29.6,Zone 4
Jammu And Kashmir,Ganderbal,Ganderbal,15.1,2026-09-07,00:45:00,77.0,2026-09-06,00:45:00,2026-09-07 01:01:47,14.350000000000023,Zone 3,28.9,Zone 4,14.2,Zone 3,25.0,Zone 3,21.4,Zone 3,28.9,Zone 4,25.0,Zone 3,32.7,Zone 4,28.9,Zone 4,36.5,Zone 4
Jammu And Kashmir,Ganderbal,Sonemarg,11.4,2026-09-07,00:45:00,96.0,2026-09-06,00:45:00,2026-09-07 01:01:47,11.25,Zone 2,26.1,Zone 4,11.4,Zone 2,23.2,Zone 3,18.9,Zone 3,26.1,Zone 4,23.2,Zone 3,29.9,Zone 4,26.1,Zone 4,33.6,Zone 4
Jammu And Kashmir,Jammu,Chatha Amfu,29.9,2026-09-07,00:45:00,94.0,2026-09-06,00:45:00,2026-09-07 01:01:47,51.650000000000034,Zone 5,68.8,Zone 5,53.0,Zone 5,66.0,Zone 5,63.0,Zone 5,68.5,Zone 5,66.5,Zone 5,70.2,Zone 5,68.8,Zone 5,71.6,Zone 6
Jammu And Kashmir,Kishtwar,Gulabgarh,11.3,2026-09-07,00:45:00,76.0,2026-09-06,00:45:00,2026-09-07 01:01:47,10.550000000000011,Zone 2,25.7,Zone 4,10.7,Zone 2,22.9,Zone 3,18.3,Zone 3,25.8,Zone 4,22.9,Zone 3,29.4,Zone 4,25.7,Zone 4,32.9,Zone 4
Jammu And Kashmir,Kishtwar,Kishtwar,18.5,2026-09-07,00:30:00,87.0,2026-09-06,00:30:00,2026-09-07 01:01:47,19.05000000000001,Zone 3,33.4,Zone 4,19.1,Zone 3,28.7,Zone 4,24.5,Zone 3,33.2,Zone 4,28.9,Zone 4,37.5,Zone 4,33.4,Zone 4,49.8,Zone 5
Jammu And Kashmir,Kulgam,Kulgam Amfu,15.8,2026-09-07,00:45:00,82.0,2026-09-06,00:45:00,2026-09-07 01:01:47,15.450000000000045,Zone 3,30.1,Zone 4,15.7,Zone 3,25.9,Zone 4,22.3,Zone 3,30.1,Zone 4,26.0,Zone 4,34.1,Zone 4,30.1,Zone 4,37.9,Zone 4
Jammu And Kashmir,Kupwara,Kupw Kvk,14.7,2026-09-07,00:45:00,95.0,2026-09-06,00:45:00,2026-09-07 01:01:47,14.650000000000034,Zone 3,29.0,Zone 4,14.4,Zone 3,24.9,Zone 3,21.4,Zone 3,28.9,Zone 4,25.0,Zone 3,33.0,Zone 4,29.0,Zone 4,36.9,Zone 4
Jammu And Kashmir,Poonch,Poonch,21.3,2026-09-07,00:45:00,74.0,2026-09-06,00:45:00,2026-09-07 01:01:47,21.850000000000023,Zone 3,36.4,Zone 4,22.1,Zone 3,31.6,Zone 4,27.1,Zone 4,36.1,Zone 4,31.9,Zone 4,42.9,Zone 5,36.4,Zone 4,56.2,Zone 5
Jammu And Kashmir,Poonch,Rajpura Mandi,16.2,2026-09-07,00:45:00,91.0,2026-09-06,00:45:00,2026-09-07 01:01:47,16.350000000000023,Zone 3,30.5,Zone 4,16.1,Zone 3,26.1,Zone 4,22.6,Zone 3,30.4,Zone 4,26.2,Zone 4,34.6,Zone 4,30.5,Zone 4,40.6,Zone 5
Jammu And Kashmir,Pulwama,Malangpura,13.8,2026-09-07,00:45:00,98.0,2026-09-06,00:45:00,2026-09-07 01:01:47,13.75,Zone 2,28.6,Zone 4,13.9,Zone 2,24.7,Zone 3,21.1,Zone 3,28.5,Zone 4,24.7,Zone 3,32.6,Zone 4,28.6,Zone 4,36.5,Zone 4
Jammu And Kashmir,Pulwama,Tral,15.7,2026-09-07,00:45:00,91.0,2026-09-06,00:45:00,2026-09-07 01:01:47,15.75,Zone 3,30.0,Zone 4,15.5,Zone 3,25.6,Zone 4,22.2,Zone 3,29.9,Zone 4,25.7,Zone 4,34.0,Zone 4,30.0,Zone 4,38.7,Zone 5
Jammu And Kashmir,Rajouri,Rajouri,20.8,2026-09-07,00:45:00,95.0,2026-09-06,00:45:00,2026-09-07 01:01:47,22.150000000000034,Zone 3,39.4,Zone 5,22.4,Zone 3,32.4,Zone 4,27.4,Zone 4,38.2,Zone 5,32.8,Zone 4,53.4,Zone 5,39.4,Zone 5,60.5,Zone 5
Jammu And Kashmir,Ramban,Govindpura,23.7,2026-09-07,00:45:00,89.0,2026-09-06,00:45:00,2026-09-07 01:01:47,25.150000000000034,Zone 3,50.7,Zone 5,24.9,Zone 3,36.0,Zone 4,30.9,Zone 4,49.1,Zone 5,36.5,Zone 4,60.0,Zone 5,50.7,Zone 5,62.7,Zone 5
Jammu And Kashmir,Reasi,Reasi Kvk,24.7,2026-09-07,00:45:00,100.0,2026-09-06,00:45:00,2026-09-07 01:01:47,27.350000000000023,Zone 4,60.7,Zone 5,27.0,Zone 4,47.6,Zone 5,34.0,Zone 4,60.2,Zone 5,50.0,Zone 5,63.2,Zone 5,60.7,Zone 5,65.5,Zone 5
Jammu And Kashmir,Samba,Samba,23.9,2026-09-07,00:45:00,100.0,2026-09-06,00:45:00,2026-09-07 01:01:47,25.950000000000045,Zone 4,59.8,Zone 5,26.1,Zone 4,43.6,Zone 5,32.9,Zone 4,59.4,Zone 5,45.9,Zone 5,62.5,Zone 5,59.8,Zone 5,64.8,Zone 5
Jammu And Kashmir,Shopian,Shopian,13.5,2026-09-07,00:45:00,88.0,2026-09-06,00:45:00,2026-09-07 01:01:47,13.050000000000011,Zone 2,27.8,Zone 4,13.1,Zone 2,24.3,Zone 3,20.4,Zone 3,27.8,Zone 4,24.3,Zone 3,31.7,Zone 4,27.8,Zone 4,35.4,Zone 4
Jammu And Kashmir,Shopian,Zainapora,14.0,2026-09-07,00:45:00,93.0,2026-09-06,00:45:00,2026-09-07 01:01:47,13.75,Zone 2,28.4,Zone 4,13.8,Zone 2,24.6,Zone 3,20.9,Zone 3,28.4,Zone 4,24.7,Zone 3,32.4,Zone 4,28.4,Zone 4,36.2,Zone 4
Jammu And Kashmir,Srinagar,Rambagh,18.3,2026-09-07,00:45:00,80.0,2026-09-06,00:45:00,2026-09-07 01:01:47,18.450000000000045,Zone 3,32.9,Zone 4,18.7,Zone 3,28.4,Zone 4,24.3,Zone 3,32.7,Zone 4,28.6,Zone 4,36.9,Zone 4,32.9,Zone 4,46.3,Zone 5
Jammu And Kashmir,Srinagar,Srinagar Amfu,14.8,2026-09-07,00:30:00,,,,2026-09-07 01:01:47,,,,,,,,,,,,,,,,,,,,
Jammu And Kashmir,Udhampur,Kawa,24.5,2026-09-07,00:45:00,100.0,2026-09-06,00:45:00,2026-09-07 01:01:47,27.05000000000001,Zone 4,60.7,Zone 5,27.0,Zone 4,47.6,Zone 5,34.0,Zone 4,60.2,Zone 5,50.0,Zone 5,63.2,Zone 5,60.7,Zone 5,65.5,Zone 5
Jharkhand,Bokaro,Kv Bokaro,26.9,2026-09-07,00:45:00,99.0,2026-09-06,00:45:00,2026-09-07 01:01:47,32.25,Zone 4,64.7,Zone 5,32.5,Zone 4,61.0,Zone 5,51.0,Zone 5,64.3,Zone 5,61.6,Zone 5,66.7,Zone 5,64.7,Zone 5,68.5,Zone 5
Jharkhand,Deoghar,Deoghar Aws400,25.6,2026-09-07,00:45:00,,,,2026-09-07 01:01:47,,,,,,,,,,,,,,,,,,,,
Jharkhand,East Singhbhum,Bahragora,27.2,2026-09-07,00:45:00,100.0,2026-09-06,00:45:00,2026-09-07 01:01:47,33.25,Zone 4,65.0,Zone 5,32.7,Zone 4,61.3,Zone 5,52.3,Zone 5,64.6,Zone 5,61.8,Zone 5,66.9,Zone 5,65.0,Zone 5,68.7,Zone 5
Jharkhand,Giridih,Giridih-Bengabad Kvk,,,,6.0,2026-09-06,00:45:00,2026-09-07 01:01:47,,,,,,,,,,,,,,,,,,,,
Jharkhand,Gumla,Gumla-Bishnupur Kvk,24.4,2026-09-07,00:45:00,100.0,2026-09-06,00:45:00,2026-09-07 01:01:47,26.850000000000023,Zone 4,60.7,Zone 5,27.0,Zone 4,47.6,Zone 5,34.0,Zone 4,60.2,Zone 5,50.0,Zone 5,63.2,Zone 5,60.7,Zone 5,65.5,Zone 5
Jharkhand,Hazaribagh,Barhi,25.6,2026-09-07,00:45:00,100.0,2026-09-06,00:45:00,2026-09-07 01:01:47,29.25,Zone 4,62.4,Zone 5,29.0,Zone 4,55.9,Zone 5,37.6,Zone 5,62.0,Zone 5,58.0,Zone 5,64.7,Zone 5,62.4,Zone 5,66.7,Zone 5
Jharkhand,Khunti,Diyakel-Khunti Kvk,25.5,2026-09-07,00:45:00,,,,2026-09-07 01:01:47,,,,,,,,,,,,,,,,,,,,
Jharkhand,Kodarma,Kodarma,24.2,2026-09-07,00:45:00,98.0,2026-09-06,00:45:00,2026-09-07 01:01:47,26.350000000000023,Zone 4,59.4,Zone 5,26.0,Zone 4,41.9,Zone 5,32.7,Zone 4,59.0,Zone 5,44.1,Zone 5,62.2,Zone 5,59.4,Zone 5,64.6,Zone 5
Jharkhand,Latehar,Netarhat,21.9,2026-09-07,00:45:00,100.0,2026-09-06,00:45:00,2026-09-07 01:01:47,23.650000000000034,Zone 3,49.1,Zone 5,23.7,Zone 3,34.5,Zone 4,29.3,Zone 4,47.5,Zone 5,35.0,Zone 4,59.7,Zone 5,49.1,Zone 5,62.4,Zone 5
Jharkhand,Lohardaga,Lohardaga Kvk,,,,8.0,2026-09-06,00:45:00,2026-09-07 01:01:47,,,,,,,,,,,,,,,,,,,,
Jharkhand,Pakur,Pakur Kvk,26.2,2026-09-07,00:45:00,,,,2026-09-07 01:01:47,,,,,,,,,,,,,,,,,,,,
Jharkhand,Ramgarh,Ramgarh Kvk,,,,100.0,2026-09-06,00:45:00,2026-09-07 01:01:47,,,,,,,,,,,,,,,,,,,,
Jharkhand,Ranchi,Mc Ranchi,24.7,2026-09-07,00:45:00,100.0,2026-09-06,00:45:00,2026-09-07 01:01:47,27.350000000000023,Zone 4,60.7,Zone 5,27.0,Zone 4,47.6,Zone 5,34.0,Zone 4,60.2,Zone 5,50.0,Zone 5,63.2,Zone 5,60.7,Zone 5,65.5,Zone 5
Jharkhand,Ranchi,Ranchi Amfu,23.4,2026-09-07,00:45:00,98.0,2026-09-06,00:45:00,2026-09-07 01:01:47,25.150000000000034,Zone 3,57.5,Zone 5,25.2,Zone 3,38.4,Zone 5,31.7,Zone 4,56.0,Zone 5,40.3,Zone 5,61.5,Zone 5,57.5,Zone 5,63.9,Zone 5
Jharkhand,Saraikela,Saraikela,26.3,2026-09-07,00:45:00,99.0,2026-09-06,00:45:00,2026-09-07 01:01:47,30.650000000000034,Zone 4,63.9,Zone 5,31.2,Zone 4,60.0,Zone 5,45.8,Zone 5,63.5,Zone 5,60.5,Zone 5,66.0,Zone 5,63.9,Zone 5,67.9,Zone 5
Jharkhand,Simdega,Bano-Simdega Kvk,25.6,2026-09-07,00:45:00,,,,2026-09-07 01:01:47,,,,,,,,,,,,,,,,,,,,
Jharkhand,Simdega,Simdega,25.7,2026-09-07,00:45:00,100.0,2026-09-06,00:45:00,2026-09-07 01:01:47,29.450000000000045,Zone 4,62.4,Zone 5,29.0,Zone 4,55.9,Zone 5,37.6,Zone 5,62.0,Zone 5,58.0,Zone 5,64.7,Zone 5,62.4,Zone 5,66.7,Zone 5
Jharkhand,West Singhbhum,Jagannathpur-Bau Kvk,24.9,2026-09-07,00:45:00,,,,2026-09-07 01:01:47,,,,,,,,,,,,,,,,,,,,
Karnataka,Bagalkot,Bagalkot Kvk,24.4,2026-09-07,00:45:00,87.0,2026-09-06,00:45:00,2026-09-07 01:01:47,26.05000000000001,Zone 4,55.5,Zone 5,26.2,Zone 4,37.6,Zone 4,32.4,Zone 4,54.0,Zone 5,38.2,Zone 4,61.0,Zone 5,55.5,Zone 5,63.6,Zone 5
Karnataka,Bangalore Rural,Doddaballapura,23.2,2026-09-07,00:45:00,84.0,2026-09-06,00:45:00,2026-09-07 01:01:47,24.450000000000045,Zone 3,43.5,Zone 5,24.2,Zone 3,34.6,Zone 4,29.7,Zone 4,42.1,Zone 5,35.0,Zone 4,57.1,Zone 5,43.5,Zone 5,61.3,Zone 5
Karnataka,Bangalore Urban,Bangalore,25.0,2026-09-07,00:45:00,77.0,2026-09-06,00:45:00,2026-09-07 01:01:47,26.350000000000023,Zone 4,50.3,Zone 5,26.3,Zone 4,37.1,Zone 4,32.2,Zone 4,48.7,Zone 5,37.6,Zone 4,59.9,Zone 5,50.3,Zone 5,62.6,Zone 5
Karnataka,Bangalore Urban,Gopal Nagar,23.9,2026-09-07,00:45:00,89.0,2026-09-06,00:45:00,2026-09-07 01:01:47,25.350000000000023,Zone 4,53.9,Zone 5,25.5,Zone 4,36.9,Zone 4,31.7,Zone 4,52.4,Zone 5,37.5,Zone 4,60.7,Zone 5,53.9,Zone 5,63.3,Zone 5
Karnataka,Bangalore Urban,Madhavara(Nice),24.4,2026-09-07,00:45:00,76.0,2026-09-06,00:45:00,2026-09-07 01:01:47,25.450000000000045,Zone 4,46.2,Zone 5,25.6,Zone 4,36.1,Zone 4,31.3,Zone 4,44.8,Zone 5,36.6,Zone 4,59.1,Zone 5,46.2,Zone 5,61.9,Zone 5
Karnataka,Bellary,Hagari Kvk,27.7,2026-09-07,00:45:00,65.0,2026-09-06,00:45:00,2026-09-07 01:01:47,29.450000000000045,Zone 4,54.5,Zone 5,29.2,Zone 4,39.6,Zone 4,34.9,Zone 4,52.9,Zone 5,40.2,Zone 4,60.8,Zone 5,54.5,Zone 5,63.4,Zone 5
Karnataka,Bijapur,Tidagundi Amfu,27.6,2026-09-07,00:45:00,83.0,2026-09-06,00:45:00,2026-09-07 01:01:47,31.450000000000045,Zone 4,62.0,Zone 5,31.2,Zone 4,54.4,Zone 5,38.1,Zone 4,61.6,Zone 5,56.6,Zone 5,64.4,Zone 5,62.0,Zone 5,66.5,Zone 5
Karnataka,Chikmagalur,Mudigere Kvk,20.2,2026-09-07,00:45:00,100.0,2026-09-06,00:45:00,2026-09-07 01:01:47,21.75,Zone 3,36.9,Zone 5,21.5,Zone 3,31.3,Zone 4,26.3,Zone 4,36.3,Zone 4,31.7,Zone 4,50.8,Zone 5,36.9,Zone 5,60.0,Zone 5
Karnataka,Chitradurga,Hiriyur,24.3,2026-09-07,00:45:00,84.0,2026-09-06,00:45:00,2026-09-07 01:01:47,25.650000000000034,Zone 4,53.1,Zone 5,26.0,Zone 4,37.2,Zone 4,32.1,Zone 4,51.5,Zone 5,37.7,Zone 4,60.5,Zone 5,53.1,Zone 5,63.1,Zone 5
Karnataka,Dakshina Kannada,Mangaluru,25.7,2026-09-07,00:45:00,100.0,2026-09-06,00:45:00,2026-09-07 01:01:47,29.450000000000045,Zone 4,62.4,Zone 5,29.0,Zone 4,55.9,Zone 5,37.6,Zone 5,62.0,Zone 5,58.0,Zone 5,64.7,Zone 5,62.4,Zone 5,66.7,Zone 5
Karnataka,Dharwad,Mugad,22.2,2026-09-07,00:45:00,95.0,2026-09-06,00:45:00,2026-09-07 01:01:47,23.75,Zone 3,45.4,Zone 5,23.5,Zone 3,34.0,Zone 4,28.9,Zone 4,43.9,Zone 5,34.5,Zone 4,58.6,Zone 5,45.4,Zone 5,61.7,Zone 5
Karnataka,Gulbarga,Raddewadgi,26.5,2026-09-07,00:45:00,70.0,2026-09-06,00:45:00,2026-09-07 01:01:47,28.05000000000001,Zone 4,53.2,Zone 5,28.1,Zone 4,38.7,Zone 4,33.9,Zone 4,51.7,Zone 5,39.2,Zone 4,60.5,Zone 5,53.2,Zone 5,63.1,Zone 5
Karnataka,Hassan,Hassan,20.8,2026-09-07,00:45:00,100.0,2026-09-06,00:45:00,2026-09-07 01:01:47,22.350000000000023,Zone 3,42.5,Zone 5,22.6,Zone 3,32.8,Zone 4,27.7,Zone 4,41.2,Zone 5,33.3,Zone 4,56.3,Zone 5,42.5,Zone 5,61.2,Zone 5
Karnataka,Mandya,Mandya Kvk,23.1,2026-09-07,00:45:00,80.0,2026-09-06,00:45:00,2026-09-07 01:01:47,24.150000000000034,Zone 3,40.6,Zone 5,24.0,Zone 3,34.2,Zone 4,29.4,Zone 4,39.3,Zone 5,34.6,Zone 4,54.6,Zone 5,40.6,Zone 5,60.8,Zone 5
Karnataka,Mysore,Suttur,,,,96.0,2026-09-06,00:45:00,2026-09-07 01:01:47,,,,,,,,,,,,,,,,,,,,
Karnataka,Ramanagara,Chandurayanghalli Kvk,22.6,2026-09-07,00:45:00,73.0,2026-09-06,00:45:00,2026-09-07 01:01:47,23.25,Zone 3,37.8,Zone 4,23.2,Zone 3,32.8,Zone 4,28.2,Zone 4,37.5,Zone 4,33.1,Zone 4,47.2,Zone 5,37.8,Zone 4,59.2,Zone 5
Karnataka,Shivamogga,Agumbe,23.1,2026-09-07,00:45:00,100.0,2026-09-06,00:45:00,2026-09-07 01:01:47,24.850000000000023,Zone 3,55.8,Zone 5,24.8,Zone 3,36.7,Zone 5,31.0,Zone 4,54.3,Zone 5,38.5,Zone 5,61.1,Zone 5,55.8,Zone 5,63.6,Zone 5
Karnataka,Tumkur,Chikkanakalli,,,,99.0,2026-09-06,00:45:00,2026-09-07 01:01:47,,,,,,,,,,,,,,,,,,,,
Kerala,Alappuzha,Kayamkulam,27.1,2026-09-07,00:45:00,100.0,2026-09-06,00:45:00,2026-09-07 01:01:47,32.950000000000045,Zone 4,65.0,Zone 5,32.7,Zone 4,61.3,Zone 5,52.3,Zone 5,64.6,Zone 5,61.8,Zone 5,66.9,Zone 5,65.0,Zone 5,68.7,Zone 5
Kerala,Alappuzha,Nooranad,25.6,2026-09-07,00:45:00,100.0,2026-09-06,00:45:00,2026-09-07 01:01:47,29.25,Zone 4,62.4,Zone 5,29.0,Zone 4,55.9,Zone 5,37.6,Zone 5,62.0,Zone 5,58.0,Zone 5,64.7,Zone 5,62.4,Zone 5,66.7,Zone 5
Kerala,Alappuzha,Thycattussery,26.1,2026-09-07,00:45:00,82.0,2026-09-06,00:45:00,2026-09-07 01:01:47,28.450000000000045,Zone 4,59.4,Zone 5,28.3,Zone 4,41.8,Zone 5,34.6,Zone 4,59.0,Zone 5,44.0,Zone 5,62.2,Zone 5,59.4,Zone 5,64.6,Zone 5
Kerala,Ernakulam,Aluva,26.7,2026-09-07,00:45:00,86.0,2026-09-06,00:45:00,2026-09-07 01:01:47,29.950000000000045,Zone 4,61.1,Zone 5,29.6,Zone 4,49.8,Zone 5,36.3,Zone 4,60.7,Zone 5,52.1,Zone 5,63.6,Zone 5,61.1,Zone 5,65.8,Zone 5
Kerala,Ernakulam,Choondi,25.6,2026-09-07,00:45:00,100.0,2026-09-06,00:45:00,2026-09-07 01:01:47,29.25,Zone 4,62.4,Zone 5,29.0,Zone 4,55.9,Zone 5,37.6,Zone 5,62.0,Zone 5,58.0,Zone 5,64.7,Zone 5,62.4,Zone 5,66.7,Zone 5
Kerala,Ernakulam,Dhground Kgov,27.4,2026-09-07,00:45:00,87.0,2026-09-06,00:45:00,2026-09-07 01:01:47,31.55000000000001,Zone 4,63.0,Zone 5,31.8,Zone 4,58.5,Zone 5,40.6,Zone 5,62.6,Zone 5,59.4,Zone 5,65.2,Zone 5,63.0,Zone 5,67.2,Zone 5
Kerala,Ernakulam,Kadavanthra Kgov,27.1,2026-09-07,00:45:00,89.0,2026-09-06,00:45:00,2026-09-07 01:01:47,31.150000000000034,Zone 4,62.6,Zone 5,31.0,Zone 4,56.8,Zone 5,38.6,Zone 5,62.2,Zone 5,58.9,Zone 5,64.9,Zone 5,62.6,Zone 5,66.9,Zone 5
Kerala,Ernakulam,Kalamassery,26.0,2026-09-07,00:45:00,100.0,2026-09-06,00:45:00,2026-09-07 01:01:47,30.150000000000034,Zone 4,63.2,Zone 5,30.1,Zone 4,59.2,Zone 5,42.0,Zone 5,62.8,Zone 5,59.8,Zone 5,65.4,Zone 5,63.2,Zone 5,67.4,Zone 5
Kerala,Ernakulam,Koothattukulam,24.6,2026-09-07,00:45:00,100.0,2026-09-06,00:45:00,2026-09-07 01:01:47,27.25,Zone 4,60.7,Zone 5,27.0,Zone 4,47.6,Zone 5,34.0,Zone 4,60.2,Zone 5,50.0,Zone 5,63.2,Zone 5,60.7,Zone 5,65.5,Zone 5
Kerala,Ernakulam,Odakkali,24.8,2026-09-07,00:45:00,100.0,2026-09-06,00:45:00,2026-09-07 01:01:47,27.55000000000001,Zone 4,61.5,Zone 5,28.0,Zone 4,51.8,Zone 5,35.2,Zone 4,61.1,Zone 5,54.1,Zone 5,64.0,Zone 5,61.5,Zone 5,66.1,Zone 5
Kerala,Ernakulam,Palluruthy,27.5,2026-09-07,00:45:00,100.0,2026-09-06,00:45:00,2026-09-07 01:01:47,34.150000000000034,Zone 4,65.8,Zone 5,34.1,Zone 4,62.3,Zone 5,57.3,Zone 5,65.4,Zone 5,62.9,Zone 5,67.7,Zone 5,65.8,Zone 5,69.3,Zone 5
Kerala,Idukki,Anayirankal Dam,19.0,2026-09-07,00:45:00,100.0,2026-09-06,00:45:00,2026-09-07 01:01:47,20.25,Zone 3,35.1,Zone 4,20.3,Zone 3,29.9,Zone 4,25.1,Zone 3,34.8,Zone 4,30.2,Zone 4,45.3,Zone 5,35.1,Zone 4,58.2,Zone 5
Kerala,Idukki,Ayyappankovil,20.8,2026-09-07,00:45:00,100.0,2026-09-06,00:45:00,2026-09-07 01:01:47,22.350000000000023,Zone 3,42.5,Zone 5,22.6,Zone 3,32.8,Zone 4,27.7,Zone 4,41.2,Zone 5,33.3,Zone 4,56.3,Zone 5,42.5,Zone 5,61.2,Zone 5
Kerala,Idukki,Cheruthoni,22.0,2026-09-07,00:45:00,100.0,2026-09-06,00:45:00,2026-09-07 01:01:47,23.75,Zone 3,49.1,Zone 5,23.7,Zone 3,34.5,Zone 4,29.3,Zone 4,47.5,Zone 5,35.0,Zone 4,59.7,Zone 5,49.1,Zone 5,62.4,Zone 5
Kerala,Idukki,Kovilkadavu,21.5,2026-09-07,00:45:00,72.0,2026-09-06,00:45:00,2026-09-07 01:01:47,21.950000000000045,Zone 3,36.2,Zone 4,22.0,Zone 3,31.5,Zone 4,27.0,Zone 4,36.0,Zone 4,31.7,Zone 4,41.7,Zone 5,36.2,Zone 4,55.1,Zone 5
Kerala,Idukki,Kundala Dam,13.7,2026-09-07,00:45:00,100.0,2026-09-06,00:45:00,2026-09-07 01:01:47,13.75,Zone 2,28.1,Zone 4,13.5,Zone 2,24.4,Zone 3,20.7,Zone 3,28.1,Zone 4,24.5,Zone 3,32.1,Zone 4,28.1,Zone 4,36.0,Zone 4
Kerala,Idukki,Munnar,15.3,2026-09-07,00:45:00,98.0,2026-09-06,00:45:00,2026-09-07 01:01:47,15.550000000000011,Zone 3,30.3,Zone 4,15.8,Zone 3,25.7,Zone 4,22.3,Zone 3,30.1,Zone 4,25.9,Zone 4,34.3,Zone 4,30.3,Zone 4,41.3,Zone 5
Kerala,Idukki,Pampadumpara,20.1,2026-09-07,00:45:00,100.0,2026-09-06,00:45:00,2026-09-07 01:01:47,21.55000000000001,Zone 3,36.9,Zone 5,21.5,Zone 3,31.3,Zone 4,26.3,Zone 4,36.3,Zone 4,31.7,Zone 4,50.8,Zone 5,36.9,Zone 5,60.0,Zone 5
Kerala,Idukki,Sengulam Dam,20.8,2026-09-07,00:45:00,100.0,2026-09-06,00:45:00,2026-09-07 01:01:47,22.350000000000023,Zone 3,42.5,Zone 5,22.6,Zone 3,32.8,Zone 4,27.7,Zone 4,41.2,Zone 5,33.3,Zone 4,56.3,Zone 5,42.5,Zone 5,61.2,Zone 5
Kerala,Idukki,Udumbannoor,24.1,2026-09-07,00:45:00,100.0,2026-09-06,00:45:00,2026-09-07 01:01:47,26.350000000000023,Zone 4,59.8,Zone 5,26.1,Zone 4,43.6,Zone 5,32.9,Zone 4,59.4,Zone 5,45.9,Zone 5,62.5,Zone 5,59.8,Zone 5,64.8,Zone 5
Kerala,Idukki,Vattavada,15.3,2026-09-07,00:45:00,87.0,2026-09-06,00:45:00,2026-09-07 01:01:47,15.050000000000011,Zone 3,29.8,Zone 4,15.3,Zone 3,25.5,Zone 4,22.1,Zone 3,29.7,Zone 4,25.6,Zone 4,33.8,Zone 4,29.8,Zone 4,37.6,Zone 4
Kerala,Idukki,Vellathooval,23.7,2026-09-07,00:45:00,100.0,2026-09-06,00:45:00,2026-09-07 01:01:47,25.650000000000034,Zone 4,58.9,Zone 5,25.3,Zone 3,39.9,Zone 5,31.9,Zone 4,57.4,Zone 5,42.0,Zone 5,61.8,Zone 5,58.9,Zone 5,64.2,Zone 5
Kerala,Kannur,Ayyankunnu,25.4,2026-09-07,00:45:00,100.0,2026-09-06,00:45:00,2026-09-07 01:01:47,28.75,Zone 4,62.4,Zone 5,29.0,Zone 4,55.9,Zone 5,37.6,Zone 5,62.0,Zone 5,58.0,Zone 5,64.7,Zone 5,62.4,Zone 5,66.7,Zone 5
Kerala,Kannur,Chemberi,24.8,2026-09-07,00:45:00,99.0,2026-09-06,00:45:00,2026-09-07 01:01:47,27.55000000000001,Zone 4,61.3,Zone 5,27.9,Zone 4,50.8,Zone 5,35.0,Zone 4,60.9,Zone 5,53.2,Zone 5,63.8,Zone 5,61.3,Zone 5,66.0,Zone 5
Kerala,Kannur,Cheruvanchery,25.4,2026-09-07,00:45:00,100.0,2026-09-06,00:45:00,2026-09-07 01:01:47,28.75,Zone 4,62.4,Zone 5,29.0,Zone 4,55.9,Zone 5,37.6,Zone 5,62.0,Zone 5,58.0,Zone 5,64.7,Zone 5,62.4,Zone 5,66.7,Zone 5
Kerala,Kannur,Kannur-Icar,26.3,2026-09-07,00:45:00,100.0,2026-09-06,00:45:00,2026-09-07 01:01:47,30.850000000000023,Zone 4,64.1,Zone 5,31.3,Zone 4,60.2,Zone 5,47.0,Zone 5,63.7,Zone 5,60.8,Zone 5,66.2,Zone 5,64.1,Zone 5,68.0,Zone 5
Kerala,Kannur,Peringome,24.8,2026-09-07,00:45:00,100.0,2026-09-06,00:45:00,2026-09-07 01:01:47,27.55000000000001,Zone 4,61.5,Zone 5,28.0,Zone 4,51.8,Zone 5,35.2,Zone 4,61.1,Zone 5,54.1,Zone 5,64.0,Zone 5,61.5,Zone 5,66.1,Zone 5
Kerala,Kannur,Pinarayi,26.0,2026-09-07,00:45:00,100.0,2026-09-06,00:45:00,2026-09-07 01:01:47,30.150000000000034,Zone 4,63.2,Zone 5,30.1,Zone 4,59.2,Zone 5,42.0,Zone 5,62.8,Zone 5,59.8,Zone 5,65.4,Zone 5,63.2,Zone 5,67.4,Zone 5
Kerala,Kasaragod,Erikkulam,25.6,2026-09-07,00:45:00,100.0,2026-09-06,00:45:00,2026-09-07 01:01:47,29.25,Zone 4,62.4,Zone 5,29.0,Zone 4,55.9,Zone 5,37.6,Zone 5,62.0,Zone 5,58.0,Zone 5,64.7,Zone 5,62.4,Zone 5,66.7,Zone 5
Kerala,Kasaragod,Kudlu Afmu,25.6,2026-09-07,00:45:00,100.0,2026-09-06,00:45:00,2026-09-07 01:01:47,29.25,Zone 4,62.4,Zone 5,29.0,Zone 4,55.9,Zone 5,37.6,Zone 5,62.0,Zone 5,58.0,Zone 5,64.7,Zone 5,62.4,Zone 5,66.7,Zone 5
Kerala,Kasaragod,Muliyar,25.2,2026-09-07,00:45:00,100.0,2026-09-06,00:45:00,2026-09-07 01:01:47,28.350000000000023,Zone 4,61.5,Zone 5,28.0,Zone 4,51.8,Zone 5,35.2,Zone 4,61.1,Zone 5,54.1,Zone 5,64.0,Zone 5,61.5,Zone 5,66.1,Zone 5
Kerala,Kasaragod,Padannakkad,25.5,2026-09-07,00:15:00,,,,2026-09-07 01:01:47,,,,,,,,,,,,,,,,,,,,
Kerala,Kasaragod,Panathur,25.0,2026-09-07,00:45:00,100.0,2026-09-06,00:45:00,2026-09-07 01:01:47,27.950000000000045,Zone 4,61.5,Zone 5,28.0,Zone 4,51.8,Zone 5,35.2,Zone 4,61.1,Zone 5,54.1,Zone 5,64.0,Zone 5,61.5,Zone 5,66.1,Zone 5
Kerala,Kollam,Chavara,27.4,2026-09-07,00:45:00,90.0,2026-09-06,00:45:00,2026-09-07 01:01:47,32.05000000000001,Zone 4,63.6,Zone 5,32.3,Zone 4,59.7,Zone 5,44.3,Zone 5,63.2,Zone 5,60.2,Zone 5,65.8,Zone 5,63.6,Zone 5,67.7,Zone 5
Kerala,Kollam,Karuvelil Tkmit,26.4,2026-09-07,00:45:00,96.0,2026-09-06,00:45:00,2026-09-07 01:01:47,30.55000000000001,Zone 4,63.2,Zone 5,30.8,Zone 4,59.2,Zone 5,42.1,Zone 5,62.8,Zone 5,59.8,Zone 5,65.4,Zone 5,63.2,Zone 5,67.4,Zone 5
Kerala,Kollam,Parippally,25.7,2026-09-07,00:45:00,100.0,2026-09-06,00:45:00,2026-09-07 01:01:47,29.450000000000045,Zone 4,62.4,Zone 5,29.0,Zone 4,55.9,Zone 5,37.6,Zone 5,62.0,Zone 5,58.0,Zone 5,64.7,Zone 5,62.4,Zone 5,66.7,Zone 5
Kerala,Kollam,Punalur,25.1,2026-09-07,00:45:00,100.0,2026-09-06,00:45:00,2026-09-07 01:01:47,28.150000000000034,Zone 4,61.5,Zone 5,28.0,Zone 4,51.8,Zone 5,35.2,Zone 4,61.1,Zone 5,54.1,Zone 5,64.0,Zone 5,61.5,Zone 5,66.1,Zone 5
Kerala,Kollam,Thenmala,25.8,2026-09-07,00:15:00,,,,2026-09-07 01:01:47,,,,,,,,,,,,,,,,,,,,
Kerala,Kottayam,Kottayam,26.2,2026-09-07,00:45:00,95.0,2026-09-06,00:45:00,2026-09-07 01:01:47,29.950000000000045,Zone 4,62.2,Zone 5,29.5,Zone 4,55.1,Zone 5,36.8,Zone 5,61.8,Zone 5,57.2,Zone 5,64.5,Zone 5,62.2,Zone 5,66.6,Zone 5
Kerala,Kottayam,Vadavathoor,26.0,2026-09-07,00:45:00,100.0,2026-09-06,00:45:00,2026-09-07 01:01:47,30.150000000000034,Zone 4,63.2,Zone 5,30.1,Zone 4,59.2,Zone 5,42.0,Zone 5,62.8,Zone 5,59.8,Zone 5,65.4,Zone 5,63.2,Zone 5,67.4,Zone 5
Kerala,Kottayam,Vaikkom,25.9,2026-09-07,00:45:00,96.0,2026-09-06,00:45:00,2026-09-07 01:01:47,29.450000000000045,Zone 4,62.4,Zone 5,29.6,Zone 4,56.0,Zone 5,37.8,Zone 5,62.0,Zone 5,58.2,Zone 5,64.7,Zone 5,62.4,Zone 5,66.8,Zone 5
Kerala,Kozhikode,Kunnamangalam,25.5,2026-09-07,00:45:00,100.0,2026-09-06,00:45:00,2026-09-07 01:01:47,29.05000000000001,Zone 4,62.4,Zone 5,29.0,Zone 4,55.9,Zone 5,37.6,Zone 5,62.0,Zone 5,58.0,Zone 5,64.7,Zone 5,62.4,Zone 5,66.7,Zone 5
Kerala,Kozhikode,Urumi,24.1,2026-09-07,00:45:00,100.0,2026-09-06,00:45:00,2026-09-07 01:01:47,26.350000000000023,Zone 4,59.8,Zone 5,26.1,Zone 4,43.6,Zone 5,32.9,Zone 4,59.4,Zone 5,45.9,Zone 5,62.5,Zone 5,59.8,Zone 5,64.8,Zone 5
Kerala,Kozhikode,Vadakara,26.2,2026-09-07,00:45:00,100.0,2026-09-06,00:45:00,2026-09-07 01:01:47,30.55000000000001,Zone 4,63.2,Zone 5,30.1,Zone 4,59.2,Zone 5,42.0,Zone 5,62.8,Zone 5,59.8,Zone 5,65.4,Zone 5,63.2,Zone 5,67.4,Zone 5
Kerala,Malappuram,Munderi,25.6,2026-09-07,00:45:00,100.0,2026-09-06,00:45:00,2026-09-07 01:01:47,29.25,Zone 4,62.4,Zone 5,29.0,Zone 4,55.9,Zone 5,37.6,Zone 5,62.0,Zone 5,58.0,Zone 5,64.7,Zone 5,62.4,Zone 5,66.7,Zone 5
Kerala,Malappuram,Nilambur,25.2,2026-09-07,00:45:00,100.0,2026-09-06,00:45:00,2026-09-07 01:01:47,28.350000000000023,Zone 4,61.5,Zone 5,28.0,Zone 4,51.8,Zone 5,35.2,Zone 4,61.1,Zone 5,54.1,Zone 5,64.0,Zone 5,61.5,Zone 5,66.1,Zone 5
Kerala,Malappuram,Palemad,26.1,2026-09-07,00:45:00,100.0,2026-09-06,00:45:00,2026-09-07 01:01:47,30.350000000000023,Zone 4,63.2,Zone 5,30.1,Zone 4,59.2,Zone 5,42.0,Zone 5,62.8,Zone 5,59.8,Zone 5,65.4,Zone 5,63.2,Zone 5,67.4,Zone 5
Kerala,Malappuram,Thavanur Kvk,26.4,2026-09-07,00:45:00,100.0,2026-09-06,00:45:00,2026-09-07 01:01:47,31.05000000000001,Zone 4,64.1,Zone 5,31.3,Zone 4,60.2,Zone 5,47.0,Zone 5,63.7,Zone 5,60.8,Zone 5,66.2,Zone 5,64.1,Zone 5,68.0,Zone 5
Kerala,Palakkad,Adakkaputhur,25.5,2026-09-07,00:45:00,98.0,2026-09-06,00:45:00,2026-09-07 01:01:47,28.850000000000023,Zone 4,62.0,Zone 5,28.8,Zone 4,54.0,Zone 5,36.1,Zone 4,61.5,Zone 5,56.2,Zone 5,64.3,Zone 5,62.0,Zone 5,66.4,Zone 5
Kerala,Palakkad,Mangalam Dam,25.3,2026-09-07,00:45:00,96.0,2026-09-06,00:45:00,2026-09-07 01:01:47,28.25,Zone 4,61.5,Zone 5,28.6,Zone 4,52.0,Zone 5,35.7,Zone 4,61.1,Zone 5,54.3,Zone 5,64.0,Zone 5,61.5,Zone 5,66.1,Zone 5
Kerala,Palakkad,Mankara,27.1,2026-09-07,00:45:00,72.0,2026-09-06,00:45:00,2026-09-07 01:01:47,29.25,Zone 4,57.9,Zone 5,29.0,Zone 4,40.0,Zone 4,35.0,Zone 4,56.5,Zone 5,40.9,Zone 5,61.6,Zone 5,57.9,Zone 5,64.0,Zone 5
Kerala,Palakkad,Mannarkkad,26.1,2026-09-07,00:45:00,100.0,2026-09-06,00:45:00,2026-09-07 01:01:47,30.350000000000023,Zone 4,63.2,Zone 5,30.1,Zone 4,59.2,Zone 5,42.0,Zone 5,62.8,Zone 5,59.8,Zone 5,65.4,Zone 5,63.2,Zone 5,67.4,Zone 5
Kerala,Palakkad,Ottapalam,25.5,2026-09-07,00:45:00,100.0,2026-09-06,00:45:00,2026-09-07 01:01:47,29.05000000000001,Zone 4,62.4,Zone 5,29.0,Zone 4,55.9,Zone 5,37.6,Zone 5,62.0,Zone 5,58.0,Zone 5,64.7,Zone 5,62.4,Zone 5,66.7,Zone 5
Kerala,Palakkad,Parambikulam,22.4,2026-09-07,00:45:00,100.0,2026-09-06,00:45:00,2026-09-07 01:01:47,24.150000000000034,Zone 3,52.5,Zone 5,24.3,Zone 3,35.4,Zone 4,30.1,Zone 4,50.9,Zone 5,36.0,Zone 4,60.4,Zone 5,52.5,Zone 5,63.0,Zone 5
Kerala,Palakkad,Pothundy Dam,24.5,2026-09-07,00:45:00,100.0,2026-09-06,00:45:00,2026-09-07 01:01:47,27.05000000000001,Zone 4,60.7,Zone 5,27.0,Zone 4,47.6,Zone 5,34.0,Zone 4,60.2,Zone 5,50.0,Zone 5,63.2,Zone 5,60.7,Zone 5,65.5,Zone 5
Kerala,Pathanamthitta,Konni,24.0,2026-09-07,00:45:00,98.0,2026-09-06,00:45:00,2026-09-07 01:01:47,26.05000000000001,Zone 4,59.4,Zone 5,26.0,Zone 4,41.9,Zone 5,32.7,Zone 4,59.0,Zone 5,44.1,Zone 5,62.2,Zone 5,59.4,Zone 5,64.6,Zone 5
Kerala,Pathanamthitta,Kunnamthanam,26.4,2026-09-07,00:45:00,100.0,2026-09-06,00:45:00,2026-09-07 01:01:47,31.05000000000001,Zone 4,64.1,Zone 5,31.3,Zone 4,60.2,Zone 5,47.0,Zone 5,63.7,Zone 5,60.8,Zone 5,66.2,Zone 5,64.1,Zone 5,68.0,Zone 5
Kerala,Pathanamthitta,Laha,24.1,2026-09-07,00:45:00,98.0,2026-09-06,00:45:00,2026-09-07 01:01:47,26.150000000000034,Zone 4,59.4,Zone 5,26.0,Zone 4,41.9,Zone 5,32.7,Zone 4,59.0,Zone 5,44.1,Zone 5,62.2,Zone 5,59.4,Zone 5,64.6,Zone 5
Kerala,Pathanamthitta,Ranni Chethackal,23.3,2026-09-07,00:45:00,100.0,2026-09-06,00:45:00,2026-09-07 01:01:47,25.05000000000001,Zone 3,58.9,Zone 5,25.3,Zone 3,39.9,Zone 5,31.9,Zone 4,57.4,Zone 5,42.0,Zone 5,61.8,Zone 5,58.9,Zone 5,64.2,Zone 5
Kerala,Pathanamthitta,Thiruvalla Kallunkal,29.4,2026-09-07,00:45:00,100.0,2026-09-06,00:45:00,2026-09-07 01:01:47,55.650000000000034,Zone 5,69.3,Zone 5,56.9,Zone 5,66.6,Zone 5,63.8,Zone 5,69.0,Zone 5,67.1,Zone 5,70.7,Zone 5,69.3,Zone 5,72.6,Zone 6
Kerala,Pathanamthitta,Ulanadu,26.4,2026-09-07,00:45:00,100.0,2026-09-06,00:45:00,2026-09-07 01:01:47,31.05000000000001,Zone 4,64.1,Zone 5,31.3,Zone 4,60.2,Zone 5,47.0,Zone 5,63.7,Zone 5,60.8,Zone 5,66.2,Zone 5,64.1,Zone 5,68.0,Zone 5
Kerala,Pathanamthitta,Venkurinji,24.6,2026-09-07,00:45:00,100.0,2026-09-06,00:45:00,2026-09-07 01:01:47,27.25,Zone 4,60.7,Zone 5,27.0,Zone 4,47.6,Zone 5,34.0,Zone 4,60.2,Zone 5,50.0,Zone 5,63.2,Zone 5,60.7,Zone 5,65.5,Zone 5
Kerala,Thiruvananthapuram,Palode,25.0,2026-09-07,00:45:00,87.0,2026-09-06,00:45:00,2026-09-07 01:01:47,26.950000000000045,Zone 4,58.5,Zone 5,27.0,Zone 4,39.5,Zone 5,33.3,Zone 4,57.1,Zone 5,41.5,Zone 5,61.7,Zone 5,58.5,Zone 5,64.1,Zone 5
Kerala,Thiruvananthapuram,Peppara,25.4,2026-09-07,00:15:00,,,,2026-09-07 01:01:47,,,,,,,,,,,,,,,,,,,,
Kerala,Thiruvananthapuram,Ponmudi,20.4,2026-09-07,00:45:00,100.0,2026-09-06,00:45:00,2026-09-07 01:01:47,21.950000000000045,Zone 3,39.6,Zone 5,22.0,Zone 3,32.0,Zone 4,27.0,Zone 4,38.4,Zone 5,32.4,Zone 4,53.6,Zone 5,39.6,Zone 5,60.6,Zone 5
Kerala,Thiruvananthapuram,Thattathumala,25.3,2026-09-07,00:45:00,77.0,2026-09-06,00:45:00,2026-09-07 01:01:47,26.75,Zone 4,53.4,Zone 5,27.1,Zone 4,38.0,Zone 4,33.0,Zone 4,51.9,Zone 5,38.5,Zone 4,60.6,Zone 5,53.4,Zone 5,63.2,Zone 5
Kerala,Thiruvananthapuram,Thiruvananthapuram,26.7,2026-09-07,00:45:00,80.0,2026-09-06,00:45:00,2026-09-07 01:01:47,29.350000000000023,Zone 4,59.8,Zone 5,28.9,Zone 4,43.4,Zone 5,35.3,Zone 4,59.4,Zone 5,45.7,Zone 5,62.5,Zone 5,59.8,Zone 5,64.8,Zone 5
Kerala,Thiruvananthapuram,Varkala,26.6,2026-09-07,00:45:00,100.0,2026-09-06,00:45:00,2026-09-07 01:01:47,31.55000000000001,Zone 4,64.1,Zone 5,31.3,Zone 4,60.2,Zone 5,47.0,Zone 5,63.7,Zone 5,60.8,Zone 5,66.2,Zone 5,64.1,Zone 5,68.0,Zone 5
Kerala,Thrissur,Kunnamkulam,26.7,2026-09-07,00:45:00,100.0,2026-09-06,00:45:00,2026-09-07 01:01:47,31.850000000000023,Zone 4,64.1,Zone 5,31.3,Zone 4,60.2,Zone 5,47.0,Zone 5,63.7,Zone 5,60.8,Zone 5,66.2,Zone 5,64.1,Zone 5,68.0,Zone 5
Kerala,Thrissur,Lower Sholayar,21.5,2026-09-07,00:45:00,100.0,2026-09-06,00:45:00,2026-09-07 01:01:47,23.150000000000034,Zone 3,45.7,Zone 5,23.2,Zone 3,33.6,Zone 4,28.5,Zone 4,44.3,Zone 5,34.1,Zone 4,58.9,Zone 5,45.7,Zone 5,61.8,Zone 5
Kerala,Thrissur,Munakkal,,,,14.0,2026-09-06,00:45:00,2026-09-07 01:01:47,,,,,,,,,,,,,,,,,,,,
Kerala,Thrissur,Peechi,25.3,2026-09-07,00:45:00,100.0,2026-09-06,00:45:00,2026-09-07 01:01:47,28.55000000000001,Zone 4,62.4,Zone 5,29.0,Zone 4,55.9,Zone 5,37.6,Zone 5,62.0,Zone 5,58.0,Zone 5,64.7,Zone 5,62.4,Zone 5,66.7,Zone 5
Kerala,Thrissur,Vilangankunnu,,,,96.0,2026-09-06,00:30:00,2026-09-07 01:01:47,,,,,,,,,,,,,,,,,,,,
Kerala,Wayanad,Kabanigiri,22.2,2026-09-07,00:45:00,100.0,2026-09-06,00:45:00,2026-09-07 01:01:47,23.950000000000045,Zone 3,49.1,Zone 5,23.7,Zone 3,34.5,Zone 4,29.3,Zone 4,47.5,Zone 5,35.0,Zone 4,59.7,Zone 5,49.1,Zone 5,62.4,Zone 5
Kerala,Wayanad,Karapuzha,21.7,2026-09-07,00:45:00,100.0,2026-09-06,00:45:00,2026-09-07 01:01:47,23.350000000000023,Zone 3,45.7,Zone 5,23.2,Zone 3,33.6,Zone 4,28.5,Zone 4,44.3,Zone 5,34.1,Zone 4,58.9,Zone 5,45.7,Zone 5,61.8,Zone 5
Kerala,Wayanad,Kuppadi,21.3,2026-09-07,00:45:00,100.0,2026-09-06,00:45:00,2026-09-07 01:01:47,22.950000000000045,Zone 3,45.7,Zone 5,23.2,Zone 3,33.6,Zone 4,28.5,Zone 4,44.3,Zone 5,34.1,Zone 4,58.9,Zone 5,45.7,Zone 5,61.8,Zone 5
Kerala,Wayanad,Meenangadi,21.6,2026-09-07,00:15:00,,,,2026-09-07 01:01:47,,,,,,,,,,,,,,,,,,,,
Kerala,Wayanad,Padamala,21.4,2026-09-07,00:45:00,100.0,2026-09-06,00:45:00,2026-09-07 01:01:47,23.05000000000001,Zone 3,45.7,Zone 5,23.2,Zone 3,33.6,Zone 4,28.5,Zone 4,44.3,Zone 5,34.1,Zone 4,58.9,Zone 5,45.7,Zone 5,61.8,Zone 5
Ladakh,Kargil,Dras,8.4,2026-09-07,00:45:00,78.0,2026-09-06,00:45:00,2026-09-07 01:01:47,7.75,Zone 2,24.1,Zone 3,7.9,Zone 2,21.1,Zone 3,15.7,Zone 3,24.2,Zone 3,21.0,Zone 3,27.0,Zone 4,24.1,Zone 3,30.4,Zone 4
Ladakh,Kargil,Garkon,20.1,2026-09-07,00:45:00,22.0,2026-09-06,00:45:00,2026-09-07 01:01:47,17.450000000000045,Zone 3,31.2,Zone 4,17.3,Zone 3,27.7,Zone 4,23.9,Zone 3,31.2,Zone 4,27.7,Zone 4,34.5,Zone 4,31.2,Zone 4,37.7,Zone 4
Ladakh,Kargil,Kargil,14.4,2026-09-07,00:45:00,29.0,2026-09-06,00:45:00,2026-09-07 01:01:47,11.75,Zone 2,27.1,Zone 4,11.8,Zone 2,24.0,Zone 3,19.6,Zone 3,27.2,Zone 4,23.9,Zone 3,30.5,Zone 4,27.1,Zone 4,33.7,Zone 4
Ladakh,Kargil,Padum Kvk,14.1,2026-09-07,00:45:00,35.0,2026-09-06,00:45:00,2026-09-07 01:01:47,11.650000000000034,Zone 2,26.9,Zone 4,11.6,Zone 2,23.8,Zone 3,19.3,Zone 3,27.0,Zone 4,23.7,Zone 3,30.3,Zone 4,26.9,Zone 4,33.6,Zone 4
Ladakh,Leh,Khaltse,19.8,2026-09-07,00:45:00,16.0,2026-09-06,00:45:00,2026-09-07 01:01:47,16.650000000000034,Zone 3,30.9,Zone 4,16.9,Zone 3,27.5,Zone 4,23.7,Zone 3,30.9,Zone 4,27.5,Zone 4,34.2,Zone 4,30.9,Zone 4,37.3,Zone 4
Ladakh,Leh,Mc Leh,13.3,2026-09-07,00:45:00,18.0,2026-09-06,00:45:00,2026-09-07 01:01:47,10.25,Zone 2,26.1,Zone 4,10.5,Zone 2,23.3,Zone 3,18.4,Zone 3,26.3,Zone 4,23.1,Zone 3,29.5,Zone 4,26.1,Zone 4,32.6,Zone 4
Ladakh,Leh,Nubra Hunder,14.9,2026-09-07,00:45:00,34.0,2026-09-06,00:45:00,2026-09-07 01:01:47,12.350000000000023,Zone 2,27.6,Zone 4,12.5,Zone 2,24.4,Zone 3,20.2,Zone 3,27.7,Zone 4,24.3,Zone 3,31.1,Zone 4,27.6,Zone 4,34.3,Zone 4
Ladakh,Leh,Nyoma Kvk,13.2,2026-09-07,00:45:00,26.0,2026-09-06,00:45:00,2026-09-07 01:01:47,10.550000000000011,Zone 2,25.9,Zone 4,10.3,Zone 2,23.1,Zone 3,18.2,Zone 3,26.1,Zone 4,23.0,Zone 3,29.3,Zone 4,25.9,Zone 4,32.5,Zone 4
Ladakh,Leh,Tangtse Durbuk,9.7,2026-09-07,00:45:00,33.0,2026-09-06,00:45:00,2026-09-07 01:01:47,7.550000000000011,Zone 2,24.1,Zone 3,7.4,Zone 2,21.1,Zone 3,15.5,Zone 3,24.2,Zone 3,20.9,Zone 3,27.0,Zone 4,24.1,Zone 3,30.1,Zone 4
Ladakh,Leh,Upshi,10.0,2026-09-07,00:45:00,52.0,2026-09-06,00:45:00,2026-09-07 01:01:47,8.450000000000045,Zone 2,24.6,Zone 3,8.5,Zone 2,21.7,Zone 3,16.4,Zone 3,24.6,Zone 3,21.6,Zone 3,27.7,Zone 4,24.6,Zone 3,31.0,Zone 4
Madhya Pradesh,Agar,Agar Malwa,23.0,2026-09-07,00:45:00,100.0,2026-09-06,00:45:00,2026-09-07 01:01:47,24.75,Zone 3,55.8,Zone 5,24.8,Zone 3,36.7,Zone 5,31.0,Zone 4,54.3,Zone 5,38.5,Zone 5,61.1,Zone 5,55.8,Zone 5,63.6,Zone 5
Madhya Pradesh,Alirajpur,Alirajpur,25.4,2026-09-07,00:45:00,80.0,2026-09-06,00:45:00,2026-09-07 01:01:47,27.150000000000034,Zone 4,56.0,Zone 5,27.3,Zone 4,38.5,Zone 4,33.4,Zone 4,54.5,Zone 5,39.0,Zone 4,61.1,Zone 5,56.0,Zone 5,63.6,Zone 5
Madhya Pradesh,Barwani,Talun Kvk,25.8,2026-09-07,00:45:00,86.0,2026-09-06,00:45:00,2026-09-07 01:01:47,28.25,Zone 4,60.3,Zone 5,28.6,Zone 4,45.8,Zone 5,35.2,Zone 4,59.9,Zone 5,48.1,Zone 5,62.9,Zone 5,60.3,Zone 5,65.2,Zone 5
Madhya Pradesh,Bhopal,Berasia,23.3,2026-09-07,00:45:00,100.0,2026-09-06,00:45:00,2026-09-07 01:01:47,25.05000000000001,Zone 3,58.9,Zone 5,25.3,Zone 3,39.9,Zone 5,31.9,Zone 4,57.4,Zone 5,42.0,Zone 5,61.8,Zone 5,58.9,Zone 5,64.2,Zone 5
Madhya Pradesh,Bhopal ,Bhopal,23.9,2026-09-07,00:45:00,100.0,2026-09-06,00:45:00,2026-09-07 01:01:47,25.950000000000045,Zone 4,59.8,Zone 5,26.1,Zone 4,43.6,Zone 5,32.9,Zone 4,59.4,Zone 5,45.9,Zone 5,62.5,Zone 5,59.8,Zone 5,64.8,Zone 5
Madhya Pradesh,Chhindwara,Amarwada,22.1,2026-09-07,00:45:00,94.0,2026-09-06,00:45:00,2026-09-07 01:01:47,23.650000000000034,Zone 3,44.7,Zone 5,23.5,Zone 3,33.9,Zone 4,28.8,Zone 4,43.3,Zone 5,34.4,Zone 4,58.1,Zone 5,44.7,Zone 5,61.6,Zone 5
Madhya Pradesh,Chhindwara,New Chhindwara,22.7,2026-09-07,00:45:00,100.0,2026-09-06,00:45:00,2026-09-07 01:01:47,24.450000000000045,Zone 3,52.5,Zone 5,24.3,Zone 3,35.4,Zone 4,30.1,Zone 4,50.9,Zone 5,36.0,Zone 4,60.4,Zone 5,52.5,Zone 5,63.0,Zone 5
Madhya Pradesh,Datia,Datia,25.9,2026-09-07,00:45:00,78.0,2026-09-06,00:45:00,2026-09-07 01:01:47,27.75,Zone 4,57.3,Zone 5,27.9,Zone 4,39.1,Zone 4,34.0,Zone 4,55.8,Zone 5,40.1,Zone 5,61.4,Zone 5,57.3,Zone 5,63.9,Zone 5
Madhya Pradesh,Dewas,Kannod,25.3,2026-09-07,00:30:00,98.0,2026-09-06,00:30:00,2026-09-07 01:01:47,28.350000000000023,Zone 4,62.0,Zone 5,28.8,Zone 4,54.0,Zone 5,36.1,Zone 4,61.5,Zone 5,56.2,Zone 5,64.3,Zone 5,62.0,Zone 5,66.4,Zone 5
Madhya Pradesh,Hoshangabad,Pachmarhi Aec,20.5,2026-09-07,00:45:00,99.0,2026-09-06,00:45:00,2026-09-07 01:01:47,22.05000000000001,Zone 3,39.0,Zone 5,22.0,Zone 3,31.9,Zone 4,27.0,Zone 4,37.8,Zone 5,32.4,Zone 4,53.0,Zone 5,39.0,Zone 5,60.4,Zone 5
Madhya Pradesh,Mandsaur,Mandsour,23.9,2026-09-07,00:45:00,92.0,2026-09-06,00:45:00,2026-09-07 01:01:47,25.55000000000001,Zone 4,56.3,Zone 5,25.7,Zone 4,37.3,Zone 4,32.0,Zone 4,54.7,Zone 5,38.9,Zone 5,61.2,Zone 5,56.3,Zone 5,63.7,Zone 5
Madhya Pradesh,Narsinghpur,Gadarwara,24.3,2026-09-07,00:45:00,96.0,2026-09-06,00:45:00,2026-09-07 01:01:47,26.350000000000023,Zone 4,59.9,Zone 5,26.7,Zone 4,43.9,Zone 5,33.5,Zone 4,59.5,Zone 5,46.2,Zone 5,62.6,Zone 5,59.9,Zone 5,64.9,Zone 5
Madhya Pradesh,Narsinghpur,Narsinghpur,24.5,2026-09-07,00:45:00,100.0,2026-09-06,00:45:00,2026-09-07 01:01:47,27.05000000000001,Zone 4,60.7,Zone 5,27.0,Zone 4,47.6,Zone 5,34.0,Zone 4,60.2,Zone 5,50.0,Zone 5,63.2,Zone 5,60.7,Zone 5,65.5,Zone 5
Madhya Pradesh,Sagar,Khurai,23.2,2026-09-07,00:45:00,99.0,2026-09-06,00:45:00,2026-09-07 01:01:47,24.950000000000045,Zone 3,55.1,Zone 5,24.7,Zone 3,36.3,Zone 4,30.9,Zone 4,53.5,Zone 5,37.7,Zone 5,60.9,Zone 5,55.1,Zone 5,63.5,Zone 5
Madhya Pradesh,Sagar,Sagar,20.7,2026-09-07,00:45:00,99.0,2026-09-06,00:45:00,2026-09-07 01:01:47,22.25,Zone 3,39.0,Zone 5,22.0,Zone 3,31.9,Zone 4,27.0,Zone 4,37.8,Zone 5,32.4,Zone 4,53.0,Zone 5,39.0,Zone 5,60.4,Zone 5
Madhya Pradesh,Satna,Gramoday Vv Chitrakoot,25.6,2026-09-07,00:45:00,100.0,2026-09-06,00:45:00,2026-09-07 01:01:47,29.25,Zone 4,62.4,Zone 5,29.0,Zone 4,55.9,Zone 5,37.6,Zone 5,62.0,Zone 5,58.0,Zone 5,64.7,Zone 5,62.4,Zone 5,66.7,Zone 5
Madhya Pradesh,Satna,Satna,24.1,2026-09-07,00:45:00,93.0,2026-09-06,00:45:00,2026-09-07 01:01:47,25.850000000000023,Zone 4,57.0,Zone 5,25.7,Zone 4,37.9,Zone 5,32.1,Zone 4,55.5,Zone 5,39.7,Zone 5,61.3,Zone 5,57.0,Zone 5,63.8,Zone 5
Madhya Pradesh,Sehore,Ahmadpur Iitm,21.2,2026-09-07,00:45:00,98.0,2026-09-06,00:45:00,2026-09-07 01:01:47,22.75,Zone 3,41.2,Zone 5,22.5,Zone 3,32.6,Zone 4,27.6,Zone 4,40.0,Zone 5,33.1,Zone 4,55.2,Zone 5,41.2,Zone 5,60.9,Zone 5
Madhya Pradesh,Sehore,Bhairunda,24.7,2026-09-07,00:30:00,,,,2026-09-07 01:01:47,,,,,,,,,,,,,,,,,,,,
Madhya Pradesh,Shajapur,Shajapur,23.3,2026-09-07,00:45:00,99.0,2026-09-06,00:45:00,2026-09-07 01:01:47,25.05000000000001,Zone 3,58.2,Zone 5,25.2,Zone 3,39.2,Zone 5,31.8,Zone 4,56.7,Zone 5,41.2,Zone 5,61.6,Zone 5,58.2,Zone 5,64.1,Zone 5
Madhya Pradesh,Sidhi,Sidhi,25.5,2026-09-07,00:45:00,90.0,2026-09-06,00:45:00,2026-09-07 01:01:47,28.05000000000001,Zone 4,60.3,Zone 5,28.1,Zone 4,46.0,Zone 5,34.8,Zone 4,59.9,Zone 5,48.3,Zone 5,62.9,Zone 5,60.3,Zone 5,65.2,Zone 5
Madhya Pradesh,Ujjain,Tarana,24.2,2026-09-07,00:15:00,,,,2026-09-07 01:01:47,,,,,,,,,,,,,,,,,,,,
Madhya Pradesh,Ujjain,Vikram Vv Ujjain,23.0,2026-09-07,00:45:00,100.0,2026-09-06,00:45:00,2026-09-07 01:01:47,24.75,Zone 3,55.8,Zone 5,24.8,Zone 3,36.7,Zone 5,31.0,Zone 4,54.3,Zone 5,38.5,Zone 5,61.1,Zone 5,55.8,Zone 5,63.6,Zone 5
Madhya Pradesh,Vidisha,Kurwai,23.6,2026-09-07,00:45:00,99.0,2026-09-06,00:45:00,2026-09-07 01:01:47,25.450000000000045,Zone 4,58.2,Zone 5,25.2,Zone 3,39.2,Zone 5,31.8,Zone 4,56.7,Zone 5,41.2,Zone 5,61.6,Zone 5,58.2,Zone 5,64.1,Zone 5
Maharashtra,Amravati,Morshi,25.5,2026-09-07,00:45:00,94.0,2026-09-06,00:45:00,2026-09-07 01:01:47,28.450000000000045,Zone 4,61.1,Zone 5,28.4,Zone 4,50.0,Zone 5,35.4,Zone 4,60.7,Zone 5,52.4,Zone 5,63.6,Zone 5,61.1,Zone 5,65.8,Zone 5
Maharashtra,Beed,Beed Pto,24.4,2026-09-07,00:45:00,90.0,2026-09-06,00:45:00,2026-09-07 01:01:47,26.150000000000034,Zone 4,57.8,Zone 5,26.3,Zone 4,38.7,Zone 5,32.7,Zone 4,56.3,Zone 5,40.7,Zone 5,61.5,Zone 5,57.8,Zone 5,64.0,Zone 5
Maharashtra,Buldhana,Hiwara,23.3,2026-09-07,00:45:00,87.0,2026-09-06,00:45:00,2026-09-07 01:01:47,24.650000000000034,Zone 3,49.1,Zone 5,24.8,Zone 3,35.7,Zone 4,30.7,Zone 4,47.5,Zone 5,36.2,Zone 4,59.7,Zone 5,49.1,Zone 5,62.4,Zone 5
Maharashtra,Chandrapur,Chandrapur Aws400,26.9,2026-09-07,00:45:00,100.0,2026-09-06,00:45:00,2026-09-07 01:01:47,32.35000000000002,Zone 4,65.0,Zone 5,32.7,Zone 4,61.3,Zone 5,52.3,Zone 5,64.6,Zone 5,61.8,Zone 5,66.9,Zone 5,65.0,Zone 5,68.7,Zone 5
Maharashtra,Hingoli,Tondapur Aws400,24.5,2026-09-07,00:45:00,88.0,2026-09-06,00:45:00,2026-09-07 01:01:47,26.25,Zone 4,56.3,Zone 5,26.2,Zone 4,37.8,Zone 4,32.5,Zone 4,54.8,Zone 5,39.0,Zone 5,61.2,Zone 5,56.3,Zone 5,63.7,Zone 5
Maharashtra,Kolhapur,Radhanagri Ars,23.5,2026-09-07,00:45:00,100.0,2026-09-06,00:45:00,2026-09-07 01:01:47,25.25,Zone 3,58.9,Zone 5,25.3,Zone 3,39.9,Zone 5,31.9,Zone 4,57.4,Zone 5,42.0,Zone 5,61.8,Zone 5,58.9,Zone 5,64.2,Zone 5
Maharashtra,Latur,Udgir Aws400,25.5,2026-09-07,00:45:00,89.0,2026-09-06,00:45:00,2026-09-07 01:01:47,27.950000000000045,Zone 4,60.1,Zone 5,28.0,Zone 4,45.0,Zone 5,34.6,Zone 4,59.7,Zone 5,47.3,Zone 5,62.8,Zone 5,60.1,Zone 5,65.1,Zone 5
Maharashtra,Mumbai Suburban,Bandra,26.8,2026-09-07,00:45:00,,,,2026-09-07 01:01:47,,,,,,,,,,,,,,,,,,,,
Maharashtra,Mumbai Suburban,Mumbai Airport,30.1,2026-09-07,00:45:00,,,,2026-09-07 01:01:47,,,,,,,,,,,,,,,,,,,,
Maharashtra,Mumbai Suburban,Ram Mandir,26.9,2026-09-07,00:45:00,,,,2026-09-07 01:01:47,,,,,,,,,,,,,,,,,,,,
Maharashtra,Mumbai Suburban,Vikhroli,27.2,2026-09-07,00:45:00,70.0,2026-09-06,00:45:00,2026-09-07 01:01:47,29.150000000000034,Zone 4,56.2,Zone 5,28.9,Zone 4,39.6,Zone 4,34.7,Zone 4,54.7,Zone 5,40.2,Zone 4,61.2,Zone 5,56.2,Zone 5,63.7,Zone 5
Maharashtra,Mumbai City,Byculla Mumbai,27.6,2026-09-07,00:45:00,100.0,2026-09-06,00:45:00,2026-09-07 01:01:47,34.450000000000045,Zone 4,65.8,Zone 5,34.1,Zone 4,62.3,Zone 5,57.3,Zone 5,65.4,Zone 5,62.9,Zone 5,67.7,Zone 5,65.8,Zone 5,69.3,Zone 5
Maharashtra,Mumbai City,Mahalaxmi,28.1,2026-09-07,00:45:00,,,,2026-09-07 01:01:47,,,,,,,,,,,,,,,,,,,,
Maharashtra,Mumbai City,Mumbai Santa Cruz,27.5,2026-09-07,00:45:00,,,,2026-09-07 01:01:47,,,,,,,,,,,,,,,,,,,,
Maharashtra,Nagpur,Nagpur,,,,82.0,2026-09-06,00:45:00,2026-09-07 01:01:47,,,,,,,,,,,,,,,,,,,,
Maharashtra,Nagpur,Nagpur Kvk,25.4,2026-09-07,00:45:00,92.0,2026-09-06,00:45:00,2026-09-07 01:01:47,28.05000000000001,Zone 4,60.7,Zone 5,28.2,Zone 4,48.0,Zone 5,35.1,Zone 4,60.3,Zone 5,50.3,Zone 5,63.3,Zone 5,60.7,Zone 5,65.5,Zone 5
Maharashtra,Nagpur,Ramtek Aws400,25.3,2026-09-07,00:45:00,100.0,2026-09-06,00:45:00,2026-09-07 01:01:47,28.55000000000001,Zone 4,62.4,Zone 5,29.0,Zone 4,55.9,Zone 5,37.6,Zone 5,62.0,Zone 5,58.0,Zone 5,64.7,Zone 5,62.4,Zone 5,66.7,Zone 5
Maharashtra,Nanded,Sagroli Kvk,25.3,2026-09-07,00:45:00,100.0,2026-09-06,00:45:00,2026-09-07 01:01:47,28.55000000000001,Zone 4,62.4,Zone 5,29.0,Zone 4,55.9,Zone 5,37.6,Zone 5,62.0,Zone 5,58.0,Zone 5,64.7,Zone 5,62.4,Zone 5,66.7,Zone 5
Maharashtra,Nandurbar,Shahada Aws400,26.4,2026-09-07,00:45:00,92.0,2026-09-06,00:45:00,2026-09-07 01:01:47,30.05000000000001,Zone 4,62.4,Zone 5,30.2,Zone 4,56.0,Zone 5,37.7,Zone 5,62.0,Zone 5,58.1,Zone 5,64.7,Zone 5,62.4,Zone 5,66.8,Zone 5
Maharashtra,Nashik,Malegaon,25.6,2026-09-07,00:45:00,80.0,2026-09-06,00:45:00,2026-09-07 01:01:47,27.450000000000045,Zone 4,56.0,Zone 5,27.3,Zone 4,38.5,Zone 4,33.4,Zone 4,54.5,Zone 5,39.0,Zone 4,61.1,Zone 5,56.0,Zone 5,63.6,Zone 5
Maharashtra,Nashik,Vilholi,21.7,2026-09-07,00:30:00,100.0,2026-09-06,00:30:00,2026-09-07 01:01:47,23.350000000000023,Zone 3,45.7,Zone 5,23.2,Zone 3,33.6,Zone 4,28.5,Zone 4,44.3,Zone 5,34.1,Zone 4,58.9,Zone 5,45.7,Zone 5,61.8,Zone 5
Maharashtra,Palghar,Palghar Aws400,26.1,2026-09-07,00:45:00,100.0,2026-09-06,00:45:00,2026-09-07 01:01:47,30.350000000000023,Zone 4,63.2,Zone 5,30.1,Zone 4,59.2,Zone 5,42.0,Zone 5,62.8,Zone 5,59.8,Zone 5,65.4,Zone 5,63.2,Zone 5,67.4,Zone 5
Maharashtra,Pune, Nimgiri Junnar,21.8,2026-09-07,00:45:00,,,,2026-09-07 01:01:47,,,,,,,,,,,,,,,,,,,,
Maharashtra,Pune,Blindschool Kp Pune,23.8,2026-09-07,00:45:00,91.0,2026-09-06,00:45:00,2026-09-07 01:01:47,25.25,Zone 3,55.5,Zone 5,25.6,Zone 4,37.2,Zone 4,31.9,Zone 4,54.0,Zone 5,38.1,Zone 5,61.0,Zone 5,55.5,Zone 5,63.5,Zone 5
Maharashtra,Pune,Chinchwad Pune,23.5,2026-09-07,00:45:00,96.0,2026-09-06,00:45:00,2026-09-07 01:01:47,25.150000000000034,Zone 3,56.1,Zone 5,25.1,Zone 3,36.9,Zone 5,31.5,Zone 4,54.6,Zone 5,38.8,Zone 5,61.1,Zone 5,56.1,Zone 5,63.7,Zone 5
Maharashtra,Pune,Cme Dapodi,22.9,2026-09-07,00:45:00,96.0,2026-09-06,00:45:00,2026-09-07 01:01:47,24.55000000000001,Zone 3,52.8,Zone 5,24.6,Zone 3,35.9,Zone 4,30.6,Zone 4,51.3,Zone 5,36.5,Zone 4,60.4,Zone 5,52.8,Zone 5,63.1,Zone 5
Maharashtra,Pune,Dps Hadapsar Pune,23.9,2026-09-07,00:45:00,93.0,2026-09-06,00:45:00,2026-09-07 01:01:47,25.55000000000001,Zone 4,57.0,Zone 5,25.7,Zone 4,37.9,Zone 5,32.1,Zone 4,55.5,Zone 5,39.7,Zone 5,61.3,Zone 5,57.0,Zone 5,63.8,Zone 5
Maharashtra,Pune,Girivan,22.0,2026-09-07,00:45:00,96.0,2026-09-06,00:45:00,2026-09-07 01:01:47,23.55000000000001,Zone 3,46.2,Zone 5,23.6,Zone 3,34.1,Zone 4,29.0,Zone 4,44.7,Zone 5,34.6,Zone 4,59.1,Zone 5,46.2,Zone 5,61.8,Zone 5
Maharashtra,Pune,Khadakwadi Ambegaon,22.3,2026-09-07,00:45:00,99.0,2026-09-06,00:45:00,2026-09-07 01:01:47,24.05000000000001,Zone 3,51.8,Zone 5,24.2,Zone 3,35.3,Zone 4,30.0,Zone 4,50.2,Zone 5,35.9,Zone 4,60.2,Zone 5,51.8,Zone 5,62.9,Zone 5
Maharashtra,Pune,Khutbav Daund,23.4,2026-09-07,00:45:00,88.0,2026-09-06,00:45:00,2026-09-07 01:01:47,24.75,Zone 3,49.9,Zone 5,24.9,Zone 3,35.9,Zone 4,30.8,Zone 4,48.3,Zone 5,36.4,Zone 4,59.8,Zone 5,49.9,Zone 5,62.5,Zone 5
Maharashtra,Pune,Lavale,22.0,2026-09-07,00:45:00,98.0,2026-09-06,00:45:00,2026-09-07 01:01:47,23.650000000000034,Zone 3,47.6,Zone 5,23.6,Zone 3,34.3,Zone 4,29.1,Zone 4,46.1,Zone 5,34.8,Zone 4,59.4,Zone 5,47.6,Zone 5,62.1,Zone 5
Maharashtra,Pune,Malin Ambegaon,21.3,2026-09-07,00:45:00,100.0,2026-09-06,00:45:00,2026-09-07 01:01:47,22.950000000000045,Zone 3,45.7,Zone 5,23.2,Zone 3,33.6,Zone 4,28.5,Zone 4,44.3,Zone 5,34.1,Zone 4,58.9,Zone 5,45.7,Zone 5,61.8,Zone 5
Maharashtra,Pune,Mti Pashan Pune,23.8,2026-09-07,00:45:00,98.0,2026-09-06,00:45:00,2026-09-07 01:01:47,25.650000000000034,Zone 4,59.4,Zone 5,26.0,Zone 4,41.9,Zone 5,32.7,Zone 4,59.0,Zone 5,44.1,Zone 5,62.2,Zone 5,59.4,Zone 5,64.6,Zone 5
Maharashtra,Pune,Narayangoan Krishi Kendra,20.7,2026-09-07,00:30:00,100.0,2026-09-06,00:30:00,2026-09-07 01:01:47,22.25,Zone 3,39.6,Zone 5,22.0,Zone 3,32.0,Zone 4,27.0,Zone 4,38.4,Zone 5,32.4,Zone 4,53.6,Zone 5,39.6,Zone 5,60.6,Zone 5
Maharashtra,Pune,Nda Pune,22.2,2026-09-07,00:45:00,96.0,2026-09-06,00:45:00,2026-09-07 01:01:47,23.75,Zone 3,46.2,Zone 5,23.6,Zone 3,34.1,Zone 4,29.0,Zone 4,44.7,Zone 5,34.6,Zone 4,59.1,Zone 5,46.2,Zone 5,61.8,Zone 5
Maharashtra,Pune,Niasm Baramati,23.8,2026-09-07,00:45:00,97.0,2026-09-06,00:45:00,2026-09-07 01:01:47,25.650000000000034,Zone 4,59.2,Zone 5,26.0,Zone 4,41.0,Zone 5,32.6,Zone 4,58.4,Zone 5,43.2,Zone 5,62.0,Zone 5,59.2,Zone 5,64.4,Zone 5
Maharashtra,Pune,Pabal Shirur,19.9,2026-09-07,00:45:00,99.0,2026-09-06,00:45:00,2026-09-07 01:01:47,21.350000000000023,Zone 3,36.6,Zone 4,21.4,Zone 3,31.2,Zone 4,26.3,Zone 4,36.2,Zone 4,31.6,Zone 4,50.3,Zone 5,36.6,Zone 4,59.8,Zone 5
Maharashtra,Pune,Pashan Aws Lab,22.2,2026-09-07,00:45:00,100.0,2026-09-06,00:45:00,2026-09-07 01:01:47,23.950000000000045,Zone 3,49.1,Zone 5,23.7,Zone 3,34.5,Zone 4,29.3,Zone 4,47.5,Zone 5,35.0,Zone 4,59.7,Zone 5,49.1,Zone 5,62.4,Zone 5
Maharashtra,Pune,Pashan Tdma Test,,,,56.0,2026-09-06,00:45:00,2026-09-07 01:01:47,,,,,,,,,,,,,,,,,,,,
Maharashtra,Pune,Rjspmcop Dudulgaon,23.8,2026-09-07,00:45:00,100.0,2026-09-06,00:45:00,2026-09-07 01:01:47,25.75,Zone 4,59.8,Zone 5,26.1,Zone 4,43.6,Zone 5,32.9,Zone 4,59.4,Zone 5,45.9,Zone 5,62.5,Zone 5,59.8,Zone 5,64.8,Zone 5
Maharashtra,Pune,Talegaon,21.6,2026-09-07,00:45:00,,,,2026-09-07 01:01:47,,,,,,,,,,,,,,,,,,,,
Maharashtra,Pune,Talegaon Dhamdhere,22.3,2026-09-07,00:45:00,99.0,2026-09-06,00:45:00,2026-09-07 01:01:47,24.05000000000001,Zone 3,51.8,Zone 5,24.2,Zone 3,35.3,Zone 4,30.0,Zone 4,50.2,Zone 5,35.9,Zone 4,60.2,Zone 5,51.8,Zone 5,62.9,Zone 5
Maharashtra,Pune,Wadgaonsheri Pune,23.8,2026-09-07,00:45:00,83.0,2026-09-06,00:45:00,2026-09-07 01:01:47,25.05000000000001,Zone 3,49.0,Zone 5,25.2,Zone 3,36.1,Zone 4,31.1,Zone 4,47.5,Zone 5,36.6,Zone 4,59.7,Zone 5,49.0,Zone 5,62.4,Zone 5
Maharashtra,Raigad,Iighq Newpanvel,26.0,2026-09-07,00:45:00,100.0,2026-09-06,00:45:00,2026-09-07 01:01:47,30.150000000000034,Zone 4,63.2,Zone 5,30.1,Zone 4,59.2,Zone 5,42.0,Zone 5,62.8,Zone 5,59.8,Zone 5,65.4,Zone 5,63.2,Zone 5,67.4,Zone 5
Maharashtra,Raigad,Iig Mo Alibag,27.7,2026-09-07,00:45:00,100.0,2026-09-06,00:45:00,2026-09-07 01:01:47,34.75,Zone 4,65.8,Zone 5,34.1,Zone 4,62.3,Zone 5,57.3,Zone 5,65.4,Zone 5,62.9,Zone 5,67.7,Zone 5,65.8,Zone 5,69.3,Zone 5
Maharashtra,Raigad,Karjat,25.6,2026-09-07,00:45:00,95.0,2026-09-06,00:45:00,2026-09-07 01:01:47,28.75,Zone 4,61.3,Zone 5,28.5,Zone 4,51.0,Zone 5,35.6,Zone 4,60.9,Zone 5,53.4,Zone 5,63.8,Zone 5,61.3,Zone 5,66.0,Zone 5
Maharashtra,Raigad,Matheran,21.9,2026-09-07,00:45:00,99.0,2026-09-06,00:45:00,2026-09-07 01:01:47,23.55000000000001,Zone 3,48.4,Zone 5,23.7,Zone 3,34.4,Zone 4,29.2,Zone 4,46.8,Zone 5,34.9,Zone 4,59.5,Zone 5,48.4,Zone 5,62.2,Zone 5
Maharashtra,Ratnagiri,Dapoli,25.5,2026-09-07,00:45:00,,,,2026-09-07 01:01:47,,,,,,,,,,,,,,,,,,,,
Maharashtra,Ratnagiri,Ratnagiri Aws400,25.2,2026-09-07,00:45:00,100.0,2026-09-06,00:45:00,2026-09-07 01:01:47,28.350000000000023,Zone 4,61.5,Zone 5,28.0,Zone 4,51.8,Zone 5,35.2,Zone 4,61.1,Zone 5,54.1,Zone 5,64.0,Zone 5,61.5,Zone 5,66.1,Zone 5
Maharashtra,Ratnagiri,Savarde(Golwane),24.5,2026-09-07,00:45:00,,,,2026-09-07 01:01:47,,,,,,,,,,,,,,,,,,,,
Maharashtra,Sangli,Sangli Kvk,23.0,2026-09-07,00:30:00,100.0,2026-09-06,00:30:00,2026-09-07 01:01:47,24.75,Zone 3,55.8,Zone 5,24.8,Zone 3,36.7,Zone 5,31.0,Zone 4,54.3,Zone 5,38.5,Zone 5,61.1,Zone 5,55.8,Zone 5,63.6,Zone 5
Maharashtra,Satara,Bgrl Karad,,,,63.0,2026-09-06,00:45:00,2026-09-07 01:01:47,,,,,,,,,,,,,,,,,,,,
Maharashtra,Satara,Mahabaleshwar,18.1,2026-09-07,00:45:00,,,,2026-09-07 01:01:47,,,,,,,,,,,,,,,,,,,,
Maharashtra,Solapur,Mohol Kvk,26.0,2026-09-07,00:45:00,66.0,2026-09-06,00:45:00,2026-09-07 01:01:47,27.05000000000001,Zone 4,46.4,Zone 5,27.1,Zone 4,37.2,Zone 4,32.6,Zone 4,44.9,Zone 5,37.7,Zone 4,59.1,Zone 5,46.4,Zone 5,61.9,Zone 5
Maharashtra,Solapur,Sangola Mahavidyalaya,24.5,2026-09-07,00:45:00,93.0,2026-09-06,00:45:00,2026-09-07 01:01:47,26.55000000000001,Zone 4,59.3,Zone 5,26.5,Zone 4,41.2,Zone 5,33.1,Zone 4,58.5,Zone 5,43.4,Zone 5,62.1,Zone 5,59.3,Zone 5,64.5,Zone 5
Maharashtra,Solapur,Solapur,26.3,2026-09-07,00:45:00,78.0,2026-09-06,00:45:00,2026-09-07 01:01:47,28.450000000000045,Zone 4,59.3,Zone 5,28.8,Zone 4,41.4,Zone 5,35.0,Zone 4,58.7,Zone 5,43.5,Zone 5,62.1,Zone 5,59.3,Zone 5,64.5,Zone 5
Maharashtra,Thane,Bhayander,25.9,2026-09-07,00:45:00,,,,2026-09-07 01:01:47,,,,,,,,,,,,,,,,,,,,
Maharashtra,Wardha,Wardha,25.8,2026-09-07,00:45:00,91.0,2026-09-06,00:45:00,2026-09-07 01:01:47,28.75,Zone 4,61.3,Zone 5,29.1,Zone 4,51.0,Zone 5,36.0,Zone 4,60.9,Zone 5,53.4,Zone 5,63.8,Zone 5,61.3,Zone 5,66.0,Zone 5
Maharashtra,Yavatmal,Pushad Aws400,24.5,2026-09-07,00:45:00,95.0,2026-09-06,00:45:00,2026-09-07 01:01:47,26.650000000000034,Zone 4,59.7,Zone 5,26.7,Zone 4,43.0,Zone 5,33.4,Zone 4,59.3,Zone 5,45.2,Zone 5,62.4,Zone 5,59.7,Zone 5,64.7,Zone 5
Maharashtra,Yavatmal,Yavatmal,23.7,2026-09-07,00:45:00,94.0,2026-09-06,00:45:00,2026-09-07 01:01:47,25.25,Zone 3,54.6,Zone 5,25.1,Zone 3,36.6,Zone 4,31.3,Zone 4,53.0,Zone 5,37.3,Zone 5,60.8,Zone 5,54.6,Zone 5,63.4,Zone 5
Manipur,Chandel,Chakpikarong,22.7,2026-09-07,00:45:00,100.0,2026-09-06,00:45:00,2026-09-07 01:01:47,24.450000000000045,Zone 3,52.5,Zone 5,24.3,Zone 3,35.4,Zone 4,30.1,Zone 4,50.9,Zone 5,36.0,Zone 4,60.4,Zone 5,52.5,Zone 5,63.0,Zone 5
Manipur,Chandel,Chandel Kvk,21.2,2026-09-07,00:45:00,100.0,2026-09-06,00:45:00,2026-09-07 01:01:47,22.850000000000023,Zone 3,42.5,Zone 5,22.6,Zone 3,32.8,Zone 4,27.7,Zone 4,41.2,Zone 5,33.3,Zone 4,56.3,Zone 5,42.5,Zone 5,61.2,Zone 5
Manipur,Imphal East,Jiribam,26.8,2026-09-07,00:45:00,99.0,2026-09-06,00:45:00,2026-09-07 01:01:47,31.950000000000045,Zone 4,64.7,Zone 5,32.5,Zone 4,61.0,Zone 5,51.0,Zone 5,64.3,Zone 5,61.6,Zone 5,66.7,Zone 5,64.7,Zone 5,68.5,Zone 5
Manipur,Imphal East,Porompat,24.1,2026-09-07,00:45:00,78.0,2026-09-06,00:45:00,2026-09-07 01:01:47,25.150000000000034,Zone 3,44.9,Zone 5,25.0,Zone 3,35.5,Zone 4,30.7,Zone 4,43.4,Zone 5,36.0,Zone 4,58.2,Zone 5,44.9,Zone 5,61.6,Zone 5
Manipur,Kamjong,Kamjong,17.0,2026-09-07,00:45:00,100.0,2026-09-06,00:45:00,2026-09-07 01:01:47,17.850000000000023,Zone 3,32.2,Zone 4,17.8,Zone 3,27.4,Zone 4,23.6,Zone 3,32.0,Zone 4,27.6,Zone 4,36.4,Zone 4,32.2,Zone 4,48.9,Zone 5
Manipur,Kangpokpi,Saikul,23.6,2026-09-07,00:45:00,100.0,2026-09-06,00:45:00,2026-09-07 01:01:47,25.450000000000045,Zone 4,58.9,Zone 5,25.3,Zone 3,39.9,Zone 5,31.9,Zone 4,57.4,Zone 5,42.0,Zone 5,61.8,Zone 5,58.9,Zone 5,64.2,Zone 5
Manipur,Kangpokpi,Tujangvaichong,22.8,2026-09-07,00:45:00,100.0,2026-09-06,00:45:00,2026-09-07 01:01:47,24.55000000000001,Zone 3,55.8,Zone 5,24.8,Zone 3,36.7,Zone 5,31.0,Zone 4,54.3,Zone 5,38.5,Zone 5,61.1,Zone 5,55.8,Zone 5,63.6,Zone 5
Manipur,Noney,Khoupum,24.6,2026-09-07,00:45:00,100.0,2026-09-06,00:45:00,2026-09-07 01:01:47,27.25,Zone 4,60.7,Zone 5,27.0,Zone 4,47.6,Zone 5,34.0,Zone 4,60.2,Zone 5,50.0,Zone 5,63.2,Zone 5,60.7,Zone 5,65.5,Zone 5
Manipur,Senapati,Mao,20.1,2026-09-07,00:45:00,100.0,2026-09-06,00:45:00,2026-09-07 01:01:47,21.55000000000001,Zone 3,36.9,Zone 5,21.5,Zone 3,31.3,Zone 4,26.3,Zone 4,36.3,Zone 4,31.7,Zone 4,50.8,Zone 5,36.9,Zone 5,60.0,Zone 5
Manipur,Tengnoupal,Adc Moreh,26.2,2026-09-07,00:45:00,100.0,2026-09-06,00:45:00,2026-09-07 01:01:47,30.55000000000001,Zone 4,63.2,Zone 5,30.1,Zone 4,59.2,Zone 5,42.0,Zone 5,62.8,Zone 5,59.8,Zone 5,65.4,Zone 5,63.2,Zone 5,67.4,Zone 5
Meghalaya,East Garo Hills,Williamnagar,27.3,2026-09-07,00:45:00,93.0,2026-09-06,00:45:00,2026-09-07 01:01:47,32.25,Zone 4,64.3,Zone 5,32.8,Zone 4,60.5,Zone 5,48.3,Zone 5,63.9,Zone 5,61.0,Zone 5,66.3,Zone 5,64.3,Zone 5,68.2,Zone 5
Meghalaya,East Jaintia Hills,Mynkre Substation,23.1,2026-09-07,00:30:00,100.0,2026-09-06,00:30:00,2026-09-07 01:01:47,24.850000000000023,Zone 3,55.8,Zone 5,24.8,Zone 3,36.7,Zone 5,31.0,Zone 4,54.3,Zone 5,38.5,Zone 5,61.1,Zone 5,55.8,Zone 5,63.6,Zone 5
Meghalaya,East Khasi Hills,Khatarshnong Laitkroh,17.9,2026-09-07,00:45:00,,,,2026-09-07 01:01:47,,,,,,,,,,,,,,,,,,,,
Meghalaya,East Khasi Hills,Laban,,,,91.0,2026-09-06,00:45:00,2026-09-07 01:01:47,,,,,,,,,,,,,,,,,,,,
Meghalaya,East Khasi Hills,Mawryngkneng,20.9,2026-09-07,00:45:00,,,,2026-09-07 01:01:47,,,,,,,,,,,,,,,,,,,,
Meghalaya,East Khasi Hills,Nehu,19.8,2026-09-07,00:45:00,99.0,2026-09-06,00:45:00,2026-09-07 01:01:47,21.150000000000034,Zone 3,36.6,Zone 4,21.4,Zone 3,31.2,Zone 4,26.3,Zone 4,36.2,Zone 4,31.6,Zone 4,50.3,Zone 5,36.6,Zone 4,59.8,Zone 5
Meghalaya,East Khasi Hills,Shillong,18.9,2026-09-07,00:45:00,96.0,2026-09-06,00:45:00,2026-09-07 01:01:47,19.950000000000045,Zone 3,34.7,Zone 4,20.1,Zone 3,29.7,Zone 4,25.0,Zone 3,34.5,Zone 4,30.0,Zone 4,43.1,Zone 5,34.7,Zone 4,56.4,Zone 5
Meghalaya,Jaintia Hills,Jowai,21.8,2026-09-07,00:45:00,,,,2026-09-07 01:01:47,,,,,,,,,,,,,,,,,,,,
Meghalaya,North Garo Hills,Resubelpara,26.7,2026-09-07,00:45:00,100.0,2026-09-06,00:45:00,2026-09-07 01:01:47,31.850000000000023,Zone 4,64.1,Zone 5,31.3,Zone 4,60.2,Zone 5,47.0,Zone 5,63.7,Zone 5,60.8,Zone 5,66.2,Zone 5,64.1,Zone 5,68.0,Zone 5
Meghalaya,Ri Bhoi,Umtrewdam,30.2,2026-09-07,00:45:00,,,,2026-09-07 01:01:47,,,,,,,,,,,,,,,,,,,,
Meghalaya,South West Garo Hills,Ampati,26.5,2026-09-07,00:45:00,100.0,2026-09-06,00:45:00,2026-09-07 01:01:47,31.350000000000023,Zone 4,64.1,Zone 5,31.3,Zone 4,60.2,Zone 5,47.0,Zone 5,63.7,Zone 5,60.8,Zone 5,66.2,Zone 5,64.1,Zone 5,68.0,Zone 5
Meghalaya,South West Khasi Hills,Mawkyrwat,18.5,2026-09-07,00:45:00,100.0,2026-09-06,00:45:00,2026-09-07 01:01:47,19.650000000000034,Zone 3,34.3,Zone 4,19.7,Zone 3,29.2,Zone 4,24.8,Zone 3,34.0,Zone 4,29.5,Zone 4,42.6,Zone 5,34.3,Zone 4,56.0,Zone 5
Meghalaya,West Garo Hills,Tura,26.2,2026-09-07,00:45:00,85.0,2026-09-06,00:45:00,2026-09-07 01:01:47,28.850000000000023,Zone 4,60.1,Zone 5,28.5,Zone 4,44.8,Zone 5,35.0,Zone 4,59.7,Zone 5,47.1,Zone 5,62.7,Zone 5,60.1,Zone 5,65.0,Zone 5
Meghalaya,West Khasi Hills,Nongstoin,19.9,2026-09-07,00:45:00,100.0,2026-09-06,00:45:00,2026-09-07 01:01:47,21.350000000000023,Zone 3,36.9,Zone 5,21.5,Zone 3,31.3,Zone 4,26.3,Zone 4,36.3,Zone 4,31.7,Zone 4,50.8,Zone 5,36.9,Zone 5,60.0,Zone 5
Mizoram,Aizawl,Lengpui,25.2,2026-09-07,00:45:00,100.0,2026-09-06,00:45:00,2026-09-07 01:01:47,28.350000000000023,Zone 4,61.5,Zone 5,28.0,Zone 4,51.8,Zone 5,35.2,Zone 4,61.1,Zone 5,54.1,Zone 5,64.0,Zone 5,61.5,Zone 5,66.1,Zone 5
Mizoram,Aizawl,Mizoram University,24.2,2026-09-07,00:45:00,99.0,2026-09-06,00:45:00,2026-09-07 01:01:47,26.450000000000045,Zone 4,59.6,Zone 5,26.1,Zone 4,42.7,Zone 5,32.8,Zone 4,59.2,Zone 5,45.0,Zone 5,62.3,Zone 5,59.6,Zone 5,64.7,Zone 5
Mizoram,Champhai,Champhai Aws,19.7,2026-09-07,00:45:00,100.0,2026-09-06,00:45:00,2026-09-07 01:01:47,21.150000000000034,Zone 3,35.9,Zone 4,20.9,Zone 3,30.6,Zone 4,25.7,Zone 4,35.5,Zone 4,30.9,Zone 4,48.0,Zone 5,35.9,Zone 4,59.4,Zone 5
Mizoram,Hnathial,Hnathial,22.9,2026-09-07,00:45:00,100.0,2026-09-06,00:45:00,2026-09-07 01:01:47,24.650000000000034,Zone 3,55.8,Zone 5,24.8,Zone 3,36.7,Zone 5,31.0,Zone 4,54.3,Zone 5,38.5,Zone 5,61.1,Zone 5,55.8,Zone 5,63.6,Zone 5
Mizoram,Khawzawl,Khawzawl,20.5,2026-09-07,00:45:00,100.0,2026-09-06,00:45:00,2026-09-07 01:01:47,22.05000000000001,Zone 3,39.6,Zone 5,22.0,Zone 3,32.0,Zone 4,27.0,Zone 4,38.4,Zone 5,32.4,Zone 4,53.6,Zone 5,39.6,Zone 5,60.6,Zone 5
Mizoram,Kolasib,Kolasib,23.6,2026-09-07,00:45:00,100.0,2026-09-06,00:45:00,2026-09-07 01:01:47,25.450000000000045,Zone 4,58.9,Zone 5,25.3,Zone 3,39.9,Zone 5,31.9,Zone 4,57.4,Zone 5,42.0,Zone 5,61.8,Zone 5,58.9,Zone 5,64.2,Zone 5
Mizoram,Lawngtlai,Chawnhu,21.2,2026-09-07,00:45:00,100.0,2026-09-06,00:45:00,2026-09-07 01:01:47,22.850000000000023,Zone 3,42.5,Zone 5,22.6,Zone 3,32.8,Zone 4,27.7,Zone 4,41.2,Zone 5,33.3,Zone 4,56.3,Zone 5,42.5,Zone 5,61.2,Zone 5
Mizoram,Mamit,Lengpui Kvk,24.5,2026-09-07,00:45:00,100.0,2026-09-06,00:45:00,2026-09-07 01:01:47,27.05000000000001,Zone 4,60.7,Zone 5,27.0,Zone 4,47.6,Zone 5,34.0,Zone 4,60.2,Zone 5,50.0,Zone 5,63.2,Zone 5,60.7,Zone 5,65.5,Zone 5
Mizoram,Saiha,Saiha,20.1,2026-09-07,00:45:00,100.0,2026-09-06,00:45:00,2026-09-07 01:01:47,21.55000000000001,Zone 3,36.9,Zone 5,21.5,Zone 3,31.3,Zone 4,26.3,Zone 4,36.3,Zone 4,31.7,Zone 4,50.8,Zone 5,36.9,Zone 5,60.0,Zone 5
Mizoram,Serchhip,Serchhip,22.1,2026-09-07,00:45:00,78.0,2026-09-06,00:45:00,2026-09-07 01:01:47,22.950000000000045,Zone 3,37.6,Zone 4,22.8,Zone 3,32.5,Zone 4,27.9,Zone 4,37.3,Zone 4,32.9,Zone 4,48.0,Zone 5,37.6,Zone 4,59.4,Zone 5
Nagaland,Dimapur,Dimapur,27.1,2026-09-07,00:45:00,99.0,2026-09-06,00:45:00,2026-09-07 01:01:47,32.75,Zone 4,64.7,Zone 5,32.5,Zone 4,61.0,Zone 5,51.0,Zone 5,64.3,Zone 5,61.6,Zone 5,66.7,Zone 5,64.7,Zone 5,68.5,Zone 5
Nagaland,Kiphire,Kiphire Aws400,21.8,2026-09-07,00:45:00,100.0,2026-09-06,00:45:00,2026-09-07 01:01:47,23.55000000000001,Zone 3,49.1,Zone 5,23.7,Zone 3,34.5,Zone 4,29.3,Zone 4,47.5,Zone 5,35.0,Zone 4,59.7,Zone 5,49.1,Zone 5,62.4,Zone 5
Nagaland,Kohima,Chiephobozou Nerhema,21.5,2026-09-07,00:45:00,100.0,2026-09-06,00:45:00,2026-09-07 01:01:47,23.150000000000034,Zone 3,45.7,Zone 5,23.2,Zone 3,33.6,Zone 4,28.5,Zone 4,44.3,Zone 5,34.1,Zone 4,58.9,Zone 5,45.7,Zone 5,61.8,Zone 5
Nagaland,Kohima,Kohima,21.4,2026-09-07,00:45:00,100.0,2026-09-06,00:45:00,2026-09-07 01:01:47,23.05000000000001,Zone 3,45.7,Zone 5,23.2,Zone 3,33.6,Zone 4,28.5,Zone 4,44.3,Zone 5,34.1,Zone 4,58.9,Zone 5,45.7,Zone 5,61.8,Zone 5
Nagaland,Kohima,Sechu,21.5,2026-09-07,00:45:00,99.0,2026-09-06,00:45:00,2026-09-07 01:01:47,23.150000000000034,Zone 3,45.0,Zone 5,23.1,Zone 3,33.5,Zone 4,28.4,Zone 4,43.6,Zone 5,34.0,Zone 4,58.3,Zone 5,45.0,Zone 5,61.6,Zone 5
Nagaland,Peren,Jalukie,25.0,2026-09-07,00:45:00,100.0,2026-09-06,00:45:00,2026-09-07 01:01:47,27.950000000000045,Zone 4,61.5,Zone 5,28.0,Zone 4,51.8,Zone 5,35.2,Zone 4,61.1,Zone 5,54.1,Zone 5,64.0,Zone 5,61.5,Zone 5,66.1,Zone 5
Nagaland,Tuensang,Thonoknyu,19.9,2026-09-07,00:45:00,100.0,2026-09-06,00:45:00,2026-09-07 01:01:47,21.350000000000023,Zone 3,36.9,Zone 5,21.5,Zone 3,31.3,Zone 4,26.3,Zone 4,36.3,Zone 4,31.7,Zone 4,50.8,Zone 5,36.9,Zone 5,60.0,Zone 5
Nagaland,Wokha,Wokha,21.4,2026-09-07,00:45:00,99.0,2026-09-06,00:45:00,2026-09-07 01:01:47,23.05000000000001,Zone 3,45.0,Zone 5,23.1,Zone 3,33.5,Zone 4,28.4,Zone 4,43.6,Zone 5,34.0,Zone 4,58.3,Zone 5,45.0,Zone 5,61.6,Zone 5
Odisha,Balangir,Bolangir,25.4,2026-09-07,00:45:00,100.0,2026-09-06,00:45:00,2026-09-07 01:01:47,28.75,Zone 4,62.4,Zone 5,29.0,Zone 4,55.9,Zone 5,37.6,Zone 5,62.0,Zone 5,58.0,Zone 5,64.7,Zone 5,62.4,Zone 5,66.7,Zone 5
Odisha,Balasore,Fm University,27.4,2026-09-07,00:45:00,100.0,2026-09-06,00:45:00,2026-09-07 01:01:47,33.85000000000002,Zone 4,65.8,Zone 5,34.1,Zone 4,62.3,Zone 5,57.3,Zone 5,65.4,Zone 5,62.9,Zone 5,67.7,Zone 5,65.8,Zone 5,69.3,Zone 5
Odisha,Cuttack,Cuttack Kvk,27.1,2026-09-07,00:45:00,,,,2026-09-07 01:01:47,,,,,,,,,,,,,,,,,,,,
Odisha,Ganjam,Benakuda Kvk,25.7,2026-09-07,00:45:00,97.0,2026-09-06,00:45:00,2026-09-07 01:01:47,29.150000000000034,Zone 4,61.8,Zone 5,28.7,Zone 4,53.0,Zone 5,35.9,Zone 4,61.3,Zone 5,55.3,Zone 5,64.2,Zone 5,61.8,Zone 5,66.3,Zone 5
Odisha,Jharsuguda,Jharsuguda,25.7,2026-09-07,00:45:00,100.0,2026-09-06,00:45:00,2026-09-07 01:01:47,29.450000000000045,Zone 4,62.4,Zone 5,29.0,Zone 4,55.9,Zone 5,37.6,Zone 5,62.0,Zone 5,58.0,Zone 5,64.7,Zone 5,62.4,Zone 5,66.7,Zone 5
Odisha,Jharsuguda,Likera,14.2,2026-09-07,00:30:00,,,,2026-09-07 01:01:47,,,,,,,,,,,,,,,,,,,,
Odisha,Kandhamal,Phulbani,24.2,2026-09-07,00:45:00,100.0,2026-09-06,00:45:00,2026-09-07 01:01:47,26.450000000000045,Zone 4,59.8,Zone 5,26.1,Zone 4,43.6,Zone 5,32.9,Zone 4,59.4,Zone 5,45.9,Zone 5,62.5,Zone 5,59.8,Zone 5,64.8,Zone 5
Odisha,Khurdha,Pitapalli,26.3,2026-09-07,00:45:00,100.0,2026-09-06,00:45:00,2026-09-07 01:01:47,30.850000000000023,Zone 4,64.1,Zone 5,31.3,Zone 4,60.2,Zone 5,47.0,Zone 5,63.7,Zone 5,60.8,Zone 5,66.2,Zone 5,64.1,Zone 5,68.0,Zone 5
Odisha,Mayurbhanj,Baripada,26.1,2026-09-07,00:30:00,100.0,2026-09-06,00:30:00,2026-09-07 01:01:47,30.350000000000023,Zone 4,63.2,Zone 5,30.1,Zone 4,59.2,Zone 5,42.0,Zone 5,62.8,Zone 5,59.8,Zone 5,65.4,Zone 5,63.2,Zone 5,67.4,Zone 5
Odisha,Puri,Janhukuda(Near Satapada),29.4,2026-09-07,00:45:00,100.0,2026-09-06,00:45:00,2026-09-07 01:01:47,55.650000000000034,Zone 5,69.3,Zone 5,56.9,Zone 5,66.6,Zone 5,63.8,Zone 5,69.0,Zone 5,67.1,Zone 5,70.7,Zone 5,69.3,Zone 5,72.6,Zone 6
Odisha,Puri,Puri Kvk,27.4,2026-09-07,00:45:00,,,,2026-09-07 01:01:47,,,,,,,,,,,,,,,,,,,,
Odisha,Sambalpur,Dhankauda,25.4,2026-09-07,00:45:00,79.0,2026-09-06,00:45:00,2026-09-07 01:01:47,27.05000000000001,Zone 4,55.1,Zone 5,27.2,Zone 4,38.3,Zone 4,33.3,Zone 4,53.6,Zone 5,38.9,Zone 4,60.9,Zone 5,55.1,Zone 5,63.5,Zone 5
Odisha,Sonepur,Sonepur,,,,33.0,2026-09-06,00:45:00,2026-09-07 01:01:47,,,,,,,,,,,,,,,,,,,,
Odisha,Subarnapur,Dungripalli,26.2,2026-09-07,00:45:00,,,,2026-09-07 01:01:47,,,,,,,,,,,,,,,,,,,,
Odisha,Sundergarh,Sundergarh,25.8,2026-09-07,00:45:00,100.0,2026-09-06,00:45:00,2026-09-07 01:01:47,29.650000000000034,Zone 4,63.2,Zone 5,30.1,Zone 4,59.2,Zone 5,42.0,Zone 5,62.8,Zone 5,59.8,Zone 5,65.4,Zone 5,63.2,Zone 5,67.4,Zone 5
Puducherry,Karaikal,Karaikal Dwr,28.3,2026-09-07,00:30:00,99.0,2026-09-06,00:30:00,2026-09-07 01:01:47,39.05000000000001,Zone 5,67.4,Zone 5,41.5,Zone 5,64.2,Zone 5,60.8,Zone 5,67.0,Zone 5,64.7,Zone 5,69.0,Zone 5,67.4,Zone 5,70.4,Zone 5
Puducherry,Mahe,Mahe Jnv,26.3,2026-09-07,00:45:00,99.0,2026-09-06,00:45:00,2026-09-07 01:01:47,30.650000000000034,Zone 4,63.9,Zone 5,31.2,Zone 4,60.0,Zone 5,45.8,Zone 5,63.5,Zone 5,60.5,Zone 5,66.0,Zone 5,63.9,Zone 5,67.9,Zone 5
Puducherry,Puducherry,Puducherry,27.3,2026-09-07,00:45:00,98.0,2026-09-06,00:45:00,2026-09-07 01:01:47,33.150000000000034,Zone 4,65.4,Zone 5,33.7,Zone 4,61.8,Zone 5,54.9,Zone 5,65.0,Zone 5,62.4,Zone 5,67.3,Zone 5,65.4,Zone 5,69.0,Zone 5
Puducherry,Puducherry,Puducherry Kvk,26.8,2026-09-07,00:45:00,100.0,2026-09-06,00:45:00,2026-09-07 01:01:47,32.150000000000034,Zone 4,65.0,Zone 5,32.7,Zone 4,61.3,Zone 5,52.3,Zone 5,64.6,Zone 5,61.8,Zone 5,66.9,Zone 5,65.0,Zone 5,68.7,Zone 5
Punjab,Barnala,Barnala,28.1,2026-09-07,00:45:00,90.0,2026-09-06,00:45:00,2026-09-07 01:01:47,33.75,Zone 4,64.5,Zone 5,33.5,Zone 4,60.7,Zone 5,49.4,Zone 5,64.1,Zone 5,61.3,Zone 5,66.5,Zone 5,64.5,Zone 5,68.3,Zone 5
Punjab,Bathinda,Bhatinda Amfu,27.4,2026-09-07,00:45:00,94.0,2026-09-06,00:45:00,2026-09-07 01:01:47,32.650000000000034,Zone 4,64.5,Zone 5,32.9,Zone 4,60.7,Zone 5,49.7,Zone 5,64.1,Zone 5,61.3,Zone 5,66.5,Zone 5,64.5,Zone 5,68.3,Zone 5
Punjab,Faridkot,Faridkot Amfu,28.2,2026-09-07,00:45:00,,,,2026-09-07 01:01:47,,,,,,,,,,,,,,,,,,,,
Punjab,Fatehgarh Sahib,Fatehgarh Sahib,24.3,2026-09-07,00:45:00,99.0,2026-09-06,00:45:00,2026-09-07 01:01:47,26.55000000000001,Zone 4,60.5,Zone 5,27.0,Zone 4,46.7,Zone 5,33.9,Zone 4,60.1,Zone 5,49.1,Zone 5,63.1,Zone 5,60.5,Zone 5,65.3,Zone 5
Punjab,Firozpur,Ferojpur,26.4,2026-09-07,00:30:00,97.0,2026-09-06,00:30:00,2026-09-07 01:01:47,30.650000000000034,Zone 4,63.5,Zone 5,30.9,Zone 4,59.5,Zone 5,43.3,Zone 5,63.0,Zone 5,60.0,Zone 5,65.6,Zone 5,63.5,Zone 5,67.5,Zone 5
Punjab,Firozpur,Firozpur Kvk,26.4,2026-09-07,00:45:00,98.0,2026-09-06,00:45:00,2026-09-07 01:01:47,30.75,Zone 4,63.7,Zone 5,31.0,Zone 4,59.7,Zone 5,44.5,Zone 5,63.3,Zone 5,60.3,Zone 5,65.8,Zone 5,63.7,Zone 5,67.7,Zone 5
Punjab,Gurdaspur,Gurdaspur Amfu,25.2,2026-09-07,00:45:00,97.0,2026-09-06,00:45:00,2026-09-07 01:01:47,28.150000000000034,Zone 4,60.9,Zone 5,27.7,Zone 4,48.9,Zone 5,34.7,Zone 4,60.5,Zone 5,51.2,Zone 5,63.4,Zone 5,60.9,Zone 5,65.7,Zone 5
Punjab,Hoshiarpur,Hosiyarpur,25.2,2026-09-07,00:45:00,100.0,2026-09-06,00:45:00,2026-09-07 01:01:47,28.350000000000023,Zone 4,61.5,Zone 5,28.0,Zone 4,51.8,Zone 5,35.2,Zone 4,61.1,Zone 5,54.1,Zone 5,64.0,Zone 5,61.5,Zone 5,66.1,Zone 5
Punjab,Hoshiarpur,Salern,24.3,2026-09-07,00:45:00,100.0,2026-09-06,00:45:00,2026-09-07 01:01:47,26.650000000000034,Zone 4,60.7,Zone 5,27.0,Zone 4,47.6,Zone 5,34.0,Zone 4,60.2,Zone 5,50.0,Zone 5,63.2,Zone 5,60.7,Zone 5,65.5,Zone 5
Punjab,Jalandhar,Jalandhar,25.6,2026-09-07,00:45:00,99.0,2026-09-06,00:45:00,2026-09-07 01:01:47,29.150000000000034,Zone 4,62.2,Zone 5,28.9,Zone 4,54.9,Zone 5,36.7,Zone 5,61.7,Zone 5,57.1,Zone 5,64.5,Zone 5,62.2,Zone 5,66.6,Zone 5
Punjab,Kapurthala,Kapurthala,25.3,2026-09-07,00:45:00,100.0,2026-09-06,00:45:00,2026-09-07 01:01:47,28.55000000000001,Zone 4,62.4,Zone 5,29.0,Zone 4,55.9,Zone 5,37.6,Zone 5,62.0,Zone 5,58.0,Zone 5,64.7,Zone 5,62.4,Zone 5,66.7,Zone 5
Punjab,Ludhiana,Ludhiyana Amfu,26.8,2026-09-07,00:45:00,99.0,2026-09-06,00:45:00,2026-09-07 01:01:47,31.950000000000045,Zone 4,64.7,Zone 5,32.5,Zone 4,61.0,Zone 5,51.0,Zone 5,64.3,Zone 5,61.6,Zone 5,66.7,Zone 5,64.7,Zone 5,68.5,Zone 5
Punjab,Ludhiana,Raikot,26.8,2026-09-07,00:45:00,,,,2026-09-07 01:01:47,,,,,,,,,,,,,,,,,,,,
Punjab,Mohali,Mohali,26.2,2026-09-07,00:45:00,78.0,2026-09-06,00:45:00,2026-09-07 01:01:47,28.25,Zone 4,57.3,Zone 5,27.9,Zone 4,39.1,Zone 4,34.0,Zone 4,55.8,Zone 5,40.1,Zone 5,61.4,Zone 5,57.3,Zone 5,63.9,Zone 5
Punjab,Pathankot,Kvk Pathankot,24.4,2026-09-07,00:45:00,,,,2026-09-07 01:01:47,,,,,,,,,,,,,,,,,,,,
Punjab,Pathankot,Thein Dam,23.3,2026-09-07,00:45:00,100.0,2026-09-06,00:45:00,2026-09-07 01:01:47,25.05000000000001,Zone 3,58.9,Zone 5,25.3,Zone 3,39.9,Zone 5,31.9,Zone 4,57.4,Zone 5,42.0,Zone 5,61.8,Zone 5,58.9,Zone 5,64.2,Zone 5
Punjab,Patiala,Rauni,26.3,2026-09-07,00:45:00,99.0,2026-09-06,00:45:00,2026-09-07 01:01:47,30.650000000000034,Zone 4,63.9,Zone 5,31.2,Zone 4,60.0,Zone 5,45.8,Zone 5,63.5,Zone 5,60.5,Zone 5,66.0,Zone 5,63.9,Zone 5,67.9,Zone 5
Punjab,Rupnagar,Bhakra Dam Imdnagal,24.7,2026-09-07,00:45:00,100.0,2026-09-06,00:45:00,2026-09-07 01:01:47,27.350000000000023,Zone 4,60.7,Zone 5,27.0,Zone 4,47.6,Zone 5,34.0,Zone 4,60.2,Zone 5,50.0,Zone 5,63.2,Zone 5,60.7,Zone 5,65.5,Zone 5
Punjab,Rupnagar,Sri Anadpur Sahib Imdjindwadi,23.3,2026-09-07,00:45:00,99.0,2026-09-06,00:45:00,2026-09-07 01:01:47,25.05000000000001,Zone 3,58.2,Zone 5,25.2,Zone 3,39.2,Zone 5,31.8,Zone 4,56.7,Zone 5,41.2,Zone 5,61.6,Zone 5,58.2,Zone 5,64.1,Zone 5
Punjab,Sangrur,Sangrur,26.4,2026-09-07,00:45:00,100.0,2026-09-06,00:45:00,2026-09-07 01:01:47,31.05000000000001,Zone 4,64.1,Zone 5,31.3,Zone 4,60.2,Zone 5,47.0,Zone 5,63.7,Zone 5,60.8,Zone 5,66.2,Zone 5,64.1,Zone 5,68.0,Zone 5
Rajasthan,Ajmer,Ajmer,28.3,2026-09-07,00:45:00,70.0,2026-09-06,00:45:00,2026-09-07 01:01:47,31.05000000000001,Zone 4,60.5,Zone 5,31.4,Zone 4,47.1,Zone 5,37.6,Zone 4,60.1,Zone 5,49.4,Zone 5,63.1,Zone 5,60.5,Zone 5,65.4,Zone 5
Rajasthan,Ajmer,Central University Kishangarh,24.4,2026-09-07,00:45:00,100.0,2026-09-06,00:45:00,2026-09-07 01:01:47,26.850000000000023,Zone 4,60.7,Zone 5,27.0,Zone 4,47.6,Zone 5,34.0,Zone 4,60.2,Zone 5,50.0,Zone 5,63.2,Zone 5,60.7,Zone 5,65.5,Zone 5
Rajasthan,Bikaner,Chattargarh,28.5,2026-09-07,00:45:00,61.0,2026-09-06,00:45:00,2026-09-07 01:01:47,30.350000000000023,Zone 4,56.3,Zone 5,30.3,Zone 4,40.7,Zone 4,36.0,Zone 4,54.8,Zone 5,41.2,Zone 4,61.2,Zone 5,56.3,Zone 5,63.7,Zone 5
Rajasthan,Chittaurgarh,Chittorgarh Kvk,24.4,2026-09-07,00:45:00,,,,2026-09-07 01:01:47,,,,,,,,,,,,,,,,,,,,
Rajasthan,Dungarpur,Dungarpur Kvk,25.7,2026-09-07,00:45:00,,,,2026-09-07 01:01:47,,,,,,,,,,,,,,,,,,,,
Rajasthan,Jaipur,Amity University,25.5,2026-09-07,00:45:00,100.0,2026-09-06,00:45:00,2026-09-07 01:01:47,29.05000000000001,Zone 4,62.4,Zone 5,29.0,Zone 4,55.9,Zone 5,37.6,Zone 5,62.0,Zone 5,58.0,Zone 5,64.7,Zone 5,62.4,Zone 5,66.7,Zone 5
Rajasthan,Jaisalmer,Jaisalmer,25.8,2026-09-07,00:45:00,73.0,2026-09-06,00:45:00,2026-09-07 01:01:47,27.25,Zone 4,52.9,Zone 5,27.5,Zone 4,38.3,Zone 4,33.4,Zone 4,51.4,Zone 5,38.8,Zone 4,60.5,Zone 5,52.9,Zone 5,63.1,Zone 5
Rajasthan,Jhunjhunu,Jhunjhunu(Aws),26.2,2026-09-07,00:45:00,100.0,2026-09-06,00:45:00,2026-09-07 01:01:47,30.55000000000001,Zone 4,63.2,Zone 5,30.1,Zone 4,59.2,Zone 5,42.0,Zone 5,62.8,Zone 5,59.8,Zone 5,65.4,Zone 5,63.2,Zone 5,67.4,Zone 5
Rajasthan,Jhunjhunu,Pilani,23.9,2026-09-07,00:45:00,56.0,2026-09-06,00:45:00,2026-09-07 01:01:47,24.05000000000001,Zone 3,37.9,Zone 4,24.1,Zone 3,33.3,Zone 4,29.1,Zone 4,37.6,Zone 4,33.6,Zone 4,42.4,Zone 5,37.9,Zone 4,55.8,Zone 5
Rajasthan,Jodhpur,Jodhpur,29.9,2026-09-07,00:45:00,67.0,2026-09-06,00:45:00,2026-09-07 01:01:47,33.650000000000034,Zone 4,62.1,Zone 5,33.9,Zone 4,54.6,Zone 5,40.3,Zone 4,61.7,Zone 5,56.8,Zone 5,64.5,Zone 5,62.1,Zone 5,66.5,Zone 5
Rajasthan,Nagaur,Krishi Vishwavidhyalaya,30.0,2026-09-07,00:45:00,56.0,2026-09-06,00:45:00,2026-09-07 01:01:47,32.150000000000034,Zone 4,59.1,Zone 5,32.1,Zone 4,42.4,Zone 4,37.7,Zone 4,57.9,Zone 5,42.9,Zone 4,61.9,Zone 5,59.1,Zone 5,64.3,Zone 5
Rajasthan,Pratapgarh,Pratapgarh,24.2,2026-09-07,00:45:00,100.0,2026-09-06,00:45:00,2026-09-07 01:01:47,26.450000000000045,Zone 4,59.8,Zone 5,26.1,Zone 4,43.6,Zone 5,32.9,Zone 4,59.4,Zone 5,45.9,Zone 5,62.5,Zone 5,59.8,Zone 5,64.8,Zone 5
Rajasthan,Sirohi,Mount Abu,19.6,2026-09-07,00:45:00,99.0,2026-09-06,00:45:00,2026-09-07 01:01:47,20.950000000000045,Zone 3,35.8,Zone 4,20.8,Zone 3,30.5,Zone 4,25.6,Zone 4,35.5,Zone 4,30.8,Zone 4,47.5,Zone 5,35.8,Zone 4,59.2,Zone 5
Rajasthan,Sirohi,Sirohi Kvk,21.8,2026-09-07,00:45:00,71.0,2026-09-06,00:45:00,2026-09-07 01:01:47,22.25,Zone 3,36.8,Zone 4,22.5,Zone 3,32.0,Zone 4,27.5,Zone 4,36.5,Zone 4,32.3,Zone 4,43.4,Zone 5,36.8,Zone 4,56.6,Zone 5
Sikkim,Gangtok,Gangtok,18.8,2026-09-07,00:45:00,100.0,2026-09-06,00:45:00,2026-09-07 01:01:47,20.05000000000001,Zone 3,35.1,Zone 4,20.3,Zone 3,29.9,Zone 4,25.1,Zone 3,34.8,Zone 4,30.2,Zone 4,45.3,Zone 5,35.1,Zone 4,58.2,Zone 5
Sikkim,Namchi,Namchi,20.3,2026-09-07,00:45:00,98.0,2026-09-06,00:45:00,2026-09-07 01:01:47,21.75,Zone 3,38.4,Zone 5,22.0,Zone 3,31.9,Zone 4,26.9,Zone 4,37.3,Zone 5,32.3,Zone 4,52.5,Zone 5,38.4,Zone 5,60.3,Zone 5
Sikkim,Soreng,Soreng,19.4,2026-09-07,00:45:00,100.0,2026-09-06,00:45:00,2026-09-07 01:01:47,20.75,Zone 3,35.9,Zone 4,20.9,Zone 3,30.6,Zone 4,25.7,Zone 4,35.5,Zone 4,30.9,Zone 4,48.0,Zone 5,35.9,Zone 4,59.4,Zone 5
Tamil Nadu,Ariyalur,Ariyalur,26.0,2026-09-07,00:45:00,90.0,2026-09-06,00:45:00,2026-09-07 01:01:47,29.05000000000001,Zone 4,61.1,Zone 5,29.0,Zone 4,50.0,Zone 5,35.9,Zone 4,60.7,Zone 5,52.3,Zone 5,63.6,Zone 5,61.1,Zone 5,65.8,Zone 5
Tamil Nadu,Chengalpattu,Mahabalipuram,23.3,2026-09-07,00:45:00,100.0,2026-09-06,00:45:00,2026-09-07 01:01:47,25.05000000000001,Zone 3,58.9,Zone 5,25.3,Zone 3,39.9,Zone 5,31.9,Zone 4,57.4,Zone 5,42.0,Zone 5,61.8,Zone 5,58.9,Zone 5,64.2,Zone 5
Tamil Nadu,Chengalpattu,New Chennai Township Private L,24.2,2026-09-07,00:45:00,100.0,2026-09-06,00:45:00,2026-09-07 01:01:47,26.450000000000045,Zone 4,59.8,Zone 5,26.1,Zone 4,43.6,Zone 5,32.9,Zone 4,59.4,Zone 5,45.9,Zone 5,62.5,Zone 5,59.8,Zone 5,64.8,Zone 5
Tamil Nadu,Chengalpattu,Vit Chennai,25.4,2026-09-07,00:45:00,83.0,2026-09-06,00:45:00,2026-09-07 01:01:47,27.350000000000023,Zone 4,58.4,Zone 5,27.5,Zone 4,39.4,Zone 5,33.8,Zone 4,56.9,Zone 5,41.3,Zone 5,61.7,Zone 5,58.4,Zone 5,64.1,Zone 5
Tamil Nadu,Chengalpattu,West Tambaram Sit,24.3,2026-09-07,00:45:00,,,,2026-09-07 01:01:47,,,,,,,,,,,,,,,,,,,,
Tamil Nadu,Chennai,Chennai,25.1,2026-09-07,00:45:00,100.0,2026-09-06,00:45:00,2026-09-07 01:01:47,28.150000000000034,Zone 4,61.5,Zone 5,28.0,Zone 4,51.8,Zone 5,35.2,Zone 4,61.1,Zone 5,54.1,Zone 5,64.0,Zone 5,61.5,Zone 5,66.1,Zone 5
Tamil Nadu,Chennai,Ennore Port,26.8,2026-09-07,00:45:00,73.0,2026-09-06,00:45:00,2026-09-07 01:01:47,28.850000000000023,Zone 4,58.8,Zone 5,29.1,Zone 4,40.2,Zone 4,35.2,Zone 4,57.4,Zone 5,41.9,Zone 5,61.8,Zone 5,58.8,Zone 5,64.2,Zone 5
Tamil Nadu,Chennai,Meenambakkam Isro,25.6,2026-09-07,00:45:00,81.0,2026-09-06,00:45:00,2026-09-07 01:01:47,27.55000000000001,Zone 4,56.8,Zone 5,27.4,Zone 4,38.6,Zone 4,33.5,Zone 4,55.3,Zone 5,39.5,Zone 5,61.3,Zone 5,56.8,Zone 5,63.8,Zone 5
Tamil Nadu,Chennai,Niot Pallikaranai,25.4,2026-09-07,00:45:00,72.0,2026-09-06,00:45:00,2026-09-07 01:01:47,26.55000000000001,Zone 4,48.9,Zone 5,26.7,Zone 4,37.3,Zone 4,32.4,Zone 4,47.4,Zone 5,37.7,Zone 4,59.6,Zone 5,48.9,Zone 5,62.3,Zone 5
Tamil Nadu,Coimbatore,Coimbatore Amfu,24.4,2026-09-07,00:45:00,80.0,2026-09-06,00:45:00,2026-09-07 01:01:47,25.650000000000034,Zone 4,49.7,Zone 5,25.8,Zone 4,36.6,Zone 4,31.7,Zone 4,48.1,Zone 5,37.1,Zone 4,59.8,Zone 5,49.7,Zone 5,62.5,Zone 5
Tamil Nadu,Coimbatore,P N Palayam,24.3,2026-09-07,00:45:00,81.0,2026-09-06,00:45:00,2026-09-07 01:01:47,25.55000000000001,Zone 4,50.5,Zone 5,25.8,Zone 4,36.8,Zone 4,31.8,Zone 4,49.0,Zone 5,37.3,Zone 4,60.0,Zone 5,50.5,Zone 5,62.6,Zone 5
Tamil Nadu,Coimbatore,Upasi Tea Research Foundation,18.3,2026-09-07,00:45:00,43.0,2026-09-06,00:45:00,2026-09-07 01:01:47,16.55000000000001,Zone 3,30.9,Zone 4,16.8,Zone 3,27.1,Zone 4,23.3,Zone 3,30.9,Zone 4,27.1,Zone 4,34.4,Zone 4,30.9,Zone 4,37.9,Zone 4
Tamil Nadu,Cuddalore,Neyveli,27.7,2026-09-07,00:45:00,99.0,2026-09-06,00:45:00,2026-09-07 01:01:47,34.55000000000001,Zone 4,65.6,Zone 5,33.9,Zone 4,62.1,Zone 5,56.1,Zone 5,65.2,Zone 5,62.6,Zone 5,67.5,Zone 5,65.6,Zone 5,69.1,Zone 5
Tamil Nadu,Cuddalore,Vridha Chalam,27.2,2026-09-07,00:45:00,77.0,2026-09-06,00:45:00,2026-09-07 01:01:47,29.850000000000023,Zone 4,59.9,Zone 5,29.5,Zone 4,43.9,Zone 5,35.8,Zone 4,59.5,Zone 5,46.2,Zone 5,62.6,Zone 5,59.9,Zone 5,64.9,Zone 5
Tamil Nadu,Dharmapuri,Palacode,26.7,2026-09-07,00:45:00,64.0,2026-09-06,00:45:00,2026-09-07 01:01:47,27.950000000000045,Zone 4,47.5,Zone 5,27.6,Zone 4,37.8,Zone 4,33.1,Zone 4,46.0,Zone 5,38.2,Zone 4,59.3,Zone 5,47.5,Zone 5,62.1,Zone 5
Tamil Nadu,Dindigul,Palani,25.5,2026-09-07,00:45:00,59.0,2026-09-06,00:45:00,2026-09-07 01:01:47,25.950000000000045,Zone 4,40.4,Zone 4,26.0,Zone 4,35.6,Zone 4,31.2,Zone 4,40.1,Zone 4,35.9,Zone 4,51.8,Zone 5,40.4,Zone 4,60.2,Zone 5
Tamil Nadu,Dindigul,Vedasandur,28.3,2026-09-07,00:45:00,50.0,2026-09-06,00:45:00,2026-09-07 01:01:47,28.950000000000045,Zone 4,44.6,Zone 5,29.2,Zone 4,38.7,Zone 4,34.3,Zone 4,43.2,Zone 5,39.0,Zone 4,58.0,Zone 5,44.6,Zone 5,61.6,Zone 5
Tamil Nadu,Kallakurichi,Kallakurichi,26.4,2026-09-07,00:45:00,85.0,2026-09-06,00:45:00,2026-09-07 01:01:47,29.25,Zone 4,60.9,Zone 5,29.5,Zone 4,48.7,Zone 5,36.1,Zone 4,60.5,Zone 5,51.1,Zone 5,63.4,Zone 5,60.9,Zone 5,65.6,Zone 5
Tamil Nadu,Kallakurichi,Kallakurichi(Taluk Office),24.6,2026-09-07,00:45:00,100.0,2026-09-06,00:45:00,2026-09-07 01:01:47,27.25,Zone 4,60.7,Zone 5,27.0,Zone 4,47.6,Zone 5,34.0,Zone 4,60.2,Zone 5,50.0,Zone 5,63.2,Zone 5,60.7,Zone 5,65.5,Zone 5
Tamil Nadu,Kallakurichi,Thirukoilur,27.1,2026-09-07,00:45:00,79.0,2026-09-06,00:45:00,2026-09-07 01:01:47,29.950000000000045,Zone 4,60.3,Zone 5,29.7,Zone 4,46.1,Zone 5,36.2,Zone 4,59.9,Zone 5,48.4,Zone 5,63.0,Zone 5,60.3,Zone 5,65.2,Zone 5
Tamil Nadu,Kanchipuram,Acs Medical College,26.0,2026-09-07,00:45:00,91.0,2026-09-06,00:45:00,2026-09-07 01:01:47,29.150000000000034,Zone 4,61.3,Zone 5,29.1,Zone 4,51.0,Zone 5,36.0,Zone 4,60.9,Zone 5,53.4,Zone 5,63.8,Zone 5,61.3,Zone 5,66.0,Zone 5
Tamil Nadu,Kanchipuram,Chembarambakkam,24.5,2026-09-07,00:30:00,97.0,2026-09-06,00:30:00,2026-09-07 01:01:47,26.850000000000023,Zone 4,60.1,Zone 5,26.8,Zone 4,44.8,Zone 5,33.6,Zone 4,59.7,Zone 5,47.1,Zone 5,62.7,Zone 5,60.1,Zone 5,65.0,Zone 5
Tamil Nadu,Kanchipuram,Hindustan University,25.4,2026-09-07,00:45:00,92.0,2026-09-06,00:45:00,2026-09-07 01:01:47,28.05000000000001,Zone 4,60.7,Zone 5,28.2,Zone 4,48.0,Zone 5,35.1,Zone 4,60.3,Zone 5,50.3,Zone 5,63.3,Zone 5,60.7,Zone 5,65.5,Zone 5
Tamil Nadu,Kanchipuram,Kanchipuram Isro,23.4,2026-09-07,00:45:00,58.0,2026-09-06,00:45:00,2026-09-07 01:01:47,23.55000000000001,Zone 3,37.4,Zone 4,23.6,Zone 3,32.9,Zone 4,28.6,Zone 4,37.2,Zone 4,33.1,Zone 4,41.6,Zone 5,37.4,Zone 4,55.1,Zone 5
Tamil Nadu,Kanchipuram,Lmois  Kolapakkam,27.6,2026-09-07,00:45:00,78.0,2026-09-06,00:45:00,2026-09-07 01:01:47,30.75,Zone 4,60.9,Zone 5,30.6,Zone 4,48.8,Zone 5,37.1,Zone 4,60.5,Zone 5,51.2,Zone 5,63.4,Zone 5,60.9,Zone 5,65.7,Zone 5
Tamil Nadu,Kanchipuram,Sathyabama  University,26.4,2026-09-07,00:45:00,88.0,2026-09-06,00:45:00,2026-09-07 01:01:47,29.55000000000001,Zone 4,61.5,Zone 5,29.8,Zone 4,51.9,Zone 5,36.7,Zone 4,61.1,Zone 5,54.2,Zone 5,64.0,Zone 5,61.5,Zone 5,66.1,Zone 5
Tamil Nadu,Kanyakumari,Lower Kothaiyar,24.3,2026-09-07,00:45:00,,,,2026-09-07 01:01:47,,,,,,,,,,,,,,,,,,,,
Tamil Nadu,Kanyakumari,Neyyoor,26.3,2026-09-07,00:30:00,99.0,2026-09-06,00:30:00,2026-09-07 01:01:47,30.650000000000034,Zone 4,63.9,Zone 5,31.2,Zone 4,60.0,Zone 5,45.8,Zone 5,63.5,Zone 5,60.5,Zone 5,66.0,Zone 5,63.9,Zone 5,67.9,Zone 5
Tamil Nadu,Kanyakumari,Thirupathisaram Amfu,26.2,2026-09-07,00:45:00,93.0,2026-09-06,00:45:00,2026-09-07 01:01:47,29.75,Zone 4,61.8,Zone 5,29.3,Zone 4,53.1,Zone 5,36.4,Zone 4,61.4,Zone 5,55.4,Zone 5,64.2,Zone 5,61.8,Zone 5,66.3,Zone 5
Tamil Nadu,Karur,Kadavur(Taluk Office),28.6,2026-09-07,00:30:00,59.0,2026-09-06,00:30:00,2026-09-07 01:01:47,30.25,Zone 4,54.3,Zone 5,30.1,Zone 4,40.3,Zone 4,35.6,Zone 4,52.7,Zone 5,40.8,Zone 4,60.8,Zone 5,54.3,Zone 5,63.3,Zone 5
Tamil Nadu,Krishnagiri,Denkanikottai,24.1,2026-09-07,00:45:00,62.0,2026-09-06,00:45:00,2026-09-07 01:01:47,24.450000000000045,Zone 3,38.6,Zone 4,24.4,Zone 3,33.9,Zone 4,29.5,Zone 4,38.3,Zone 4,34.2,Zone 4,46.8,Zone 5,38.6,Zone 4,59.1,Zone 5
Tamil Nadu,Krishnagiri,Hosur,23.9,2026-09-07,00:45:00,76.0,2026-09-06,00:45:00,2026-09-07 01:01:47,24.850000000000023,Zone 3,43.2,Zone 5,25.0,Zone 3,35.3,Zone 4,30.5,Zone 4,41.9,Zone 5,35.7,Zone 4,56.9,Zone 5,43.2,Zone 5,61.3,Zone 5
Tamil Nadu,Mayiladuthurai,Mayiladuthurai,28.0,2026-09-07,00:45:00,,,,2026-09-07 01:01:47,,,,,,,,,,,,,,,,,,,,
Tamil Nadu,Nagapattinam,Mo Nagapattinam Campus,28.7,2026-09-07,00:15:00,,,,2026-09-07 01:01:47,,,,,,,,,,,,,,,,,,,,
Tamil Nadu,Nagapattinam,Vedharanyam,27.9,2026-09-07,00:45:00,85.0,2026-09-06,00:45:00,2026-09-07 01:01:47,32.35000000000002,Zone 4,63.3,Zone 5,32.6,Zone 4,59.3,Zone 5,42.6,Zone 5,62.9,Zone 5,59.9,Zone 5,65.5,Zone 5,63.3,Zone 5,67.5,Zone 5
Tamil Nadu,Ramanathapuram,Ramnadu Kvk,28.4,2026-09-07,00:45:00,,,,2026-09-07 01:01:47,,,,,,,,,,,,,,,,,,,,
Tamil Nadu,Ranipet,Ranipet,24.3,2026-09-07,00:45:00,100.0,2026-09-06,00:45:00,2026-09-07 01:01:47,26.650000000000034,Zone 4,60.7,Zone 5,27.0,Zone 4,47.6,Zone 5,34.0,Zone 4,60.2,Zone 5,50.0,Zone 5,63.2,Zone 5,60.7,Zone 5,65.5,Zone 5
Tamil Nadu,Salem,Govt Hss Mettur,27.2,2026-09-07,00:45:00,84.0,2026-09-06,00:45:00,2026-09-07 01:01:47,30.75,Zone 4,61.5,Zone 5,30.3,Zone 4,51.6,Zone 5,37.1,Zone 4,61.1,Zone 5,53.9,Zone 5,63.9,Zone 5,61.5,Zone 5,66.1,Zone 5
Tamil Nadu,Salem,Sandhiyur Kvk,25.3,2026-09-07,00:45:00,94.0,2026-09-06,00:45:00,2026-09-07 01:01:47,28.05000000000001,Zone 4,61.1,Zone 5,28.4,Zone 4,50.0,Zone 5,35.4,Zone 4,60.7,Zone 5,52.4,Zone 5,63.6,Zone 5,61.1,Zone 5,65.8,Zone 5
Tamil Nadu,Salem,Vazhapadi,27.0,2026-09-07,00:45:00,,,,2026-09-07 01:01:47,,,,,,,,,,,,,,,,,,,,
Tamil Nadu,Sivaganga,Sethu Bhaskar Agri College Kar,28.3,2026-09-07,00:45:00,90.0,2026-09-06,00:45:00,2026-09-07 01:01:47,34.35000000000002,Zone 4,65.3,Zone 5,34.9,Zone 4,61.7,Zone 5,54.5,Zone 5,64.9,Zone 5,62.3,Zone 5,67.2,Zone 5,65.3,Zone 5,68.9,Zone 5
Tamil Nadu,Tenkasi,Tenkasi,27.3,2026-09-07,00:45:00,77.0,2026-09-06,00:45:00,2026-09-07 01:01:47,30.05000000000001,Zone 4,60.7,Zone 5,30.5,Zone 4,47.7,Zone 5,36.9,Zone 4,60.3,Zone 5,50.0,Zone 5,63.2,Zone 5,60.7,Zone 5,65.5,Zone 5
Tamil Nadu,The Nilgiris,Coonoor,15.9,2026-09-07,00:45:00,78.0,2026-09-06,00:45:00,2026-09-07 01:01:47,15.350000000000023,Zone 3,30.0,Zone 4,15.5,Zone 3,25.8,Zone 4,22.2,Zone 3,29.9,Zone 4,25.9,Zone 4,33.8,Zone 4,30.0,Zone 4,37.6,Zone 4
Tamil Nadu,Thoothukudi,Thiruchendur,27.3,2026-09-07,00:45:00,99.0,2026-09-06,00:45:00,2026-09-07 01:01:47,33.35000000000002,Zone 4,65.6,Zone 5,33.9,Zone 4,62.1,Zone 5,56.1,Zone 5,65.2,Zone 5,62.6,Zone 5,67.5,Zone 5,65.6,Zone 5,69.1,Zone 5
Tamil Nadu,Thoothukudi,Tuticorin Airport,28.5,2026-09-07,00:45:00,75.0,2026-09-06,00:45:00,2026-09-07 01:01:47,32.150000000000034,Zone 4,61.8,Zone 5,32.1,Zone 4,53.1,Zone 5,38.7,Zone 4,61.4,Zone 5,55.4,Zone 5,64.2,Zone 5,61.8,Zone 5,66.3,Zone 5
Tamil Nadu,Tiruchirappalli,Thuvakudi Isro,26.1,2026-09-07,00:45:00,94.0,2026-09-06,00:45:00,2026-09-07 01:01:47,29.650000000000034,Zone 4,62.0,Zone 5,29.4,Zone 4,54.1,Zone 5,36.6,Zone 4,61.6,Zone 5,56.3,Zone 5,64.4,Zone 5,62.0,Zone 5,66.5,Zone 5
Tamil Nadu,Tirunelveli,Radhapuram,28.4,2026-09-07,00:45:00,73.0,2026-09-06,00:45:00,2026-09-07 01:01:47,31.650000000000034,Zone 4,61.3,Zone 5,31.9,Zone 4,50.7,Zone 5,38.3,Zone 4,60.9,Zone 5,53.0,Zone 5,63.8,Zone 5,61.3,Zone 5,65.9,Zone 5
Tamil Nadu,Tirunelveli,Tirunelveli,27.5,2026-09-07,00:45:00,71.0,2026-09-06,00:45:00,2026-09-07 01:01:47,29.75,Zone 4,59.2,Zone 5,29.8,Zone 4,41.1,Zone 5,35.8,Zone 4,58.4,Zone 5,43.2,Zone 5,62.0,Zone 5,59.2,Zone 5,64.4,Zone 5
Tamil Nadu,Tirupattur,Tirupattur Collectoroffice,27.9,2026-09-07,00:45:00,,,,2026-09-07 01:01:47,,,,,,,,,,,,,,,,,,,,
Tamil Nadu,Tiruppur,Tiruppur Collector Office,26.4,2026-09-07,00:30:00,80.0,2026-09-06,00:30:00,2026-09-07 01:01:47,28.75,Zone 4,59.8,Zone 5,28.9,Zone 4,43.4,Zone 5,35.3,Zone 4,59.4,Zone 5,45.7,Zone 5,62.5,Zone 5,59.8,Zone 5,64.8,Zone 5
Tamil Nadu,Tiruvallur,Good Will School Villivakkam,26.4,2026-09-07,00:45:00,81.0,2026-09-06,00:45:00,2026-09-07 01:01:47,28.850000000000023,Zone 4,60.0,Zone 5,29.0,Zone 4,44.5,Zone 5,35.5,Zone 4,59.6,Zone 5,46.7,Zone 5,62.7,Zone 5,60.0,Zone 5,65.0,Zone 5
Tamil Nadu,Tiruvallur,Jaya Engineering Clg,26.1,2026-09-07,00:45:00,62.0,2026-09-06,00:45:00,2026-09-07 01:01:47,26.950000000000045,Zone 4,42.7,Zone 5,26.8,Zone 4,36.7,Zone 4,32.1,Zone 4,41.4,Zone 5,37.1,Zone 4,56.5,Zone 5,42.7,Zone 5,61.2,Zone 5
Tamil Nadu,Tiruvallur,Poonamallee,25.2,2026-09-07,00:45:00,91.0,2026-09-06,00:45:00,2026-09-07 01:01:47,27.650000000000034,Zone 4,59.7,Zone 5,27.3,Zone 4,43.1,Zone 5,33.8,Zone 4,59.3,Zone 5,45.3,Zone 5,62.4,Zone 5,59.7,Zone 5,64.8,Zone 5
Tamil Nadu,Tiruvallur,Puzhal,26.4,2026-09-07,00:45:00,,,,2026-09-07 01:01:47,,,,,,,,,,,,,,,,,,,,
Tamil Nadu,Tiruvallur,R.K.Pet,25.5,2026-09-07,00:45:00,84.0,2026-09-06,00:45:00,2026-09-07 01:01:47,27.55000000000001,Zone 4,59.0,Zone 5,27.6,Zone 4,40.2,Zone 5,33.9,Zone 4,57.7,Zone 5,42.3,Zone 5,61.9,Zone 5,59.0,Zone 5,64.3,Zone 5
Tamil Nadu,Tiruvallur,Tirur Kvk,25.9,2026-09-07,00:45:00,,,,2026-09-07 01:01:47,,,,,,,,,,,,,,,,,,,,
Tamil Nadu,Tiruvannamalai,Cheyyar,23.2,2026-09-07,00:45:00,99.0,2026-09-06,00:45:00,2026-09-07 01:01:47,24.950000000000045,Zone 3,55.1,Zone 5,24.7,Zone 3,36.3,Zone 4,30.9,Zone 4,53.5,Zone 5,37.7,Zone 5,60.9,Zone 5,55.1,Zone 5,63.5,Zone 5
Tamil Nadu,Tiruvannamalai,Tiruvannamalai Isro,27.2,2026-09-07,00:45:00,67.0,2026-09-06,00:45:00,2026-09-07 01:01:47,28.950000000000045,Zone 4,53.4,Zone 5,28.6,Zone 4,39.1,Zone 4,34.3,Zone 4,51.9,Zone 5,39.6,Zone 4,60.6,Zone 5,53.4,Zone 5,63.2,Zone 5
Tamil Nadu,Tiruvarur,Tiruvarur,29.0,2026-09-07,00:45:00,83.0,2026-09-06,00:45:00,2026-09-07 01:01:47,34.75,Zone 4,64.5,Zone 5,34.7,Zone 4,60.7,Zone 5,49.6,Zone 5,64.1,Zone 5,61.3,Zone 5,66.5,Zone 5,64.5,Zone 5,68.3,Zone 5
Tamil Nadu,Vellore,Virinjipuram Kvk,26.6,2026-09-07,00:45:00,20.0,2026-09-06,00:45:00,2026-09-07 01:01:47,25.350000000000023,Zone 4,36.5,Zone 4,25.3,Zone 3,33.0,Zone 4,29.3,Zone 4,36.5,Zone 4,33.0,Zone 4,39.8,Zone 4,36.5,Zone 4,43.0,Zone 4
Tamil Nadu,Viluppuram,Mailam,27.4,2026-09-07,00:45:00,90.0,2026-09-06,00:45:00,2026-09-07 01:01:47,32.05000000000001,Zone 4,63.6,Zone 5,32.3,Zone 4,59.7,Zone 5,44.3,Zone 5,63.2,Zone 5,60.2,Zone 5,65.8,Zone 5,63.6,Zone 5,67.7,Zone 5
Tamil Nadu,Virudhunagar,Aruppukottai Kvk,26.7,2026-09-07,00:45:00,95.0,2026-09-06,00:45:00,2026-09-07 01:01:47,31.05000000000001,Zone 4,63.0,Zone 5,30.6,Zone 4,58.8,Zone 5,41.0,Zone 5,62.6,Zone 5,59.5,Zone 5,65.3,Zone 5,63.0,Zone 5,67.2,Zone 5
Telangana,Adilabad,Adilabad Kvk,26.4,2026-09-07,00:15:00,,,,2026-09-07 01:01:47,,,,,,,,,,,,,,,,,,,,
Telangana,Hyderabad,Golkonda,28.3,2026-09-07,00:30:00,76.0,2026-09-06,00:30:00,2026-09-07 01:01:47,31.850000000000023,Zone 4,62.0,Zone 5,32.3,Zone 4,54.3,Zone 5,38.9,Zone 4,61.6,Zone 5,56.5,Zone 5,64.4,Zone 5,62.0,Zone 5,66.5,Zone 5
Telangana,Karimnagar,Karimnagar,26.4,2026-09-07,00:45:00,90.0,2026-09-06,00:45:00,2026-09-07 01:01:47,29.75,Zone 4,62.0,Zone 5,30.0,Zone 4,54.0,Zone 5,37.1,Zone 4,61.6,Zone 5,56.2,Zone 5,64.3,Zone 5,62.0,Zone 5,66.4,Zone 5
Telangana,Khammam,Wyra Kvk,26.3,2026-09-07,00:45:00,49.0,2026-09-06,00:45:00,2026-09-07 01:01:47,26.450000000000045,Zone 4,40.3,Zone 4,26.7,Zone 4,35.8,Zone 4,31.5,Zone 4,40.0,Zone 4,36.0,Zone 4,48.1,Zone 5,40.3,Zone 4,59.4,Zone 5
Telangana,Mahbubnagar,Mahbubnagar,27.0,2026-09-07,00:45:00,100.0,2026-09-06,00:45:00,2026-09-07 01:01:47,32.650000000000034,Zone 4,65.0,Zone 5,32.7,Zone 4,61.3,Zone 5,52.3,Zone 5,64.6,Zone 5,61.8,Zone 5,66.9,Zone 5,65.0,Zone 5,68.7,Zone 5
Telangana,Medak,Ars Narsapur,23.5,2026-09-07,00:30:00,100.0,2026-09-06,00:30:00,2026-09-07 01:01:47,25.25,Zone 3,58.9,Zone 5,25.3,Zone 3,39.9,Zone 5,31.9,Zone 4,57.4,Zone 5,42.0,Zone 5,61.8,Zone 5,58.9,Zone 5,64.2,Zone 5
Telangana,Medchal Malkajgiri,Cgwb Nagole,24.4,2026-09-07,00:45:00,93.0,2026-09-06,00:45:00,2026-09-07 01:01:47,26.350000000000023,Zone 4,59.3,Zone 5,26.5,Zone 4,41.2,Zone 5,33.1,Zone 4,58.5,Zone 5,43.4,Zone 5,62.1,Zone 5,59.3,Zone 5,64.5,Zone 5
Telangana,Medchal Malkajgiri,Kukatpally Jntu,25.7,2026-09-07,00:45:00,91.0,2026-09-06,00:45:00,2026-09-07 01:01:47,28.55000000000001,Zone 4,60.5,Zone 5,28.1,Zone 4,47.0,Zone 5,34.9,Zone 4,60.1,Zone 5,49.3,Zone 5,63.1,Zone 5,60.5,Zone 5,65.4,Zone 5
Telangana,Medchal Malkajgiri,Uppal,25.6,2026-09-07,00:45:00,89.0,2026-09-06,00:45:00,2026-09-07 01:01:47,28.150000000000034,Zone 4,60.1,Zone 5,28.0,Zone 4,45.0,Zone 5,34.6,Zone 4,59.7,Zone 5,47.3,Zone 5,62.8,Zone 5,60.1,Zone 5,65.1,Zone 5
Telangana,Nalgonda,Devarakonda,33.6,2026-09-07,00:45:00,75.0,2026-09-06,00:45:00,2026-09-07 01:01:47,59.75,Zone 5,69.9,Zone 5,59.5,Zone 5,67.3,Zone 5,64.6,Zone 5,69.5,Zone 5,67.8,Zone 5,71.1,Zone 5,69.9,Zone 5,73.6,Zone 6
Telangana,Nirmal ,Bhainsa Arg,26.1,2026-09-07,00:45:00,,,,2026-09-07 01:01:47,,,,,,,,,,,,,,,,,,,,
Telangana,Rajanna Sircilla,Sircilla,25.6,2026-09-07,00:45:00,99.0,2026-09-06,00:45:00,2026-09-07 01:01:47,29.150000000000034,Zone 4,62.2,Zone 5,28.9,Zone 4,54.9,Zone 5,36.7,Zone 5,61.7,Zone 5,57.1,Zone 5,64.5,Zone 5,62.2,Zone 5,66.6,Zone 5
Telangana,Ranga Reddy,Cbit Gandipet,24.5,2026-09-07,00:45:00,91.0,2026-09-06,00:45:00,2026-09-07 01:01:47,26.450000000000045,Zone 4,58.5,Zone 5,26.4,Zone 4,39.5,Zone 5,32.9,Zone 4,57.1,Zone 5,41.5,Zone 5,61.7,Zone 5,58.5,Zone 5,64.2,Zone 5
Telangana,Ranga Reddy,Chevella,25.4,2026-09-07,00:45:00,75.0,2026-09-06,00:45:00,2026-09-07 01:01:47,26.75,Zone 4,51.6,Zone 5,26.9,Zone 4,37.7,Zone 4,32.8,Zone 4,50.1,Zone 5,38.2,Zone 4,60.2,Zone 5,51.6,Zone 5,62.8,Zone 5
Telangana,Ranga Reddy,Daira,25.1,2026-09-07,00:45:00,86.0,2026-09-06,00:45:00,2026-09-07 01:01:47,27.05000000000001,Zone 4,57.8,Zone 5,26.9,Zone 4,38.7,Zone 5,33.2,Zone 4,56.3,Zone 5,40.6,Zone 5,61.5,Zone 5,57.8,Zone 5,64.0,Zone 5
Telangana,Ranga Reddy,Dullapally,,,,64.0,2026-09-06,00:45:00,2026-09-07 01:01:47,,,,,,,,,,,,,,,,,,,,
Telangana,Ranga Reddy,Esci Gachibowli,24.5,2026-09-07,00:45:00,92.0,2026-09-06,00:45:00,2026-09-07 01:01:47,26.450000000000045,Zone 4,59.1,Zone 5,26.5,Zone 4,40.4,Zone 5,33.0,Zone 4,57.8,Zone 5,42.4,Zone 5,61.9,Zone 5,59.1,Zone 5,64.3,Zone 5
Telangana,Ranga Reddy,Ghatkesar,23.9,2026-09-07,00:45:00,90.0,2026-09-06,00:45:00,2026-09-07 01:01:47,25.450000000000045,Zone 4,54.7,Zone 5,25.6,Zone 4,37.1,Zone 4,31.8,Zone 4,53.2,Zone 5,37.6,Zone 4,60.8,Zone 5,54.7,Zone 5,63.4,Zone 5
Telangana,Ranga Reddy,Ibrahimpatam,25.2,2026-09-07,00:45:00,100.0,2026-09-06,00:45:00,2026-09-07 01:01:47,28.350000000000023,Zone 4,61.5,Zone 5,28.0,Zone 4,51.8,Zone 5,35.2,Zone 4,61.1,Zone 5,54.1,Zone 5,64.0,Zone 5,61.5,Zone 5,66.1,Zone 5
Telangana,Sangareddy,Kandi,24.2,2026-09-07,00:45:00,97.0,2026-09-06,00:45:00,2026-09-07 01:01:47,26.25,Zone 4,59.2,Zone 5,26.0,Zone 4,41.0,Zone 5,32.6,Zone 4,58.4,Zone 5,43.2,Zone 5,62.0,Zone 5,59.2,Zone 5,64.4,Zone 5
Telangana,Siddipet,Kaveri Siddipet,24.4,2026-09-07,00:45:00,86.0,2026-09-06,00:45:00,2026-09-07 01:01:47,25.950000000000045,Zone 4,54.7,Zone 5,26.1,Zone 4,37.5,Zone 4,32.3,Zone 4,53.2,Zone 5,38.0,Zone 4,60.8,Zone 5,54.7,Zone 5,63.4,Zone 5
Telangana,Vikarabad,Tandur,24.2,2026-09-07,00:45:00,83.0,2026-09-06,00:45:00,2026-09-07 01:01:47,25.450000000000045,Zone 4,49.0,Zone 5,25.2,Zone 3,36.1,Zone 4,31.1,Zone 4,47.5,Zone 5,36.6,Zone 4,59.7,Zone 5,49.0,Zone 5,62.4,Zone 5
Telangana,Wanaparthy,Horticultural University Mojer,27.8,2026-09-07,00:45:00,75.0,2026-09-06,00:45:00,2026-09-07 01:01:47,30.75,Zone 4,61.0,Zone 5,31.2,Zone 4,49.2,Zone 5,37.6,Zone 4,60.6,Zone 5,51.6,Zone 5,63.5,Zone 5,61.0,Zone 5,65.7,Zone 5
Telangana,Warangal Rural,Siddhapur,25.4,2026-09-07,00:45:00,100.0,2026-09-06,00:45:00,2026-09-07 01:01:47,28.75,Zone 4,62.4,Zone 5,29.0,Zone 4,55.9,Zone 5,37.6,Zone 5,62.0,Zone 5,58.0,Zone 5,64.7,Zone 5,62.4,Zone 5,66.7,Zone 5
Tripura,Dhalai,Dholai Kvk,25.9,2026-09-07,00:45:00,99.0,2026-09-06,00:45:00,2026-09-07 01:01:47,29.75,Zone 4,63.0,Zone 5,30.0,Zone 4,58.7,Zone 5,40.9,Zone 5,62.6,Zone 5,59.5,Zone 5,65.2,Zone 5,63.0,Zone 5,67.2,Zone 5
Tripura,Dhalai,Gandachara,26.2,2026-09-07,00:45:00,99.0,2026-09-06,00:45:00,2026-09-07 01:01:47,30.450000000000045,Zone 4,63.0,Zone 5,30.0,Zone 4,58.7,Zone 5,40.9,Zone 5,62.6,Zone 5,59.5,Zone 5,65.2,Zone 5,63.0,Zone 5,67.2,Zone 5
Tripura,Dhalai,Kamalpur,,,,25.0,2026-09-06,00:45:00,2026-09-07 01:01:47,,,,,,,,,,,,,,,,,,,,
Tripura,Gomati,Gokulpur,28.1,2026-09-07,00:45:00,,,,2026-09-07 01:01:47,,,,,,,,,,,,,,,,,,,,
Tripura,Khowai,Khowai,27.2,2026-09-07,00:45:00,,,,2026-09-07 01:01:47,,,,,,,,,,,,,,,,,,,,
Tripura,Khowai,Teliamura,26.7,2026-09-07,00:45:00,100.0,2026-09-06,00:45:00,2026-09-07 01:01:47,31.850000000000023,Zone 4,64.1,Zone 5,31.3,Zone 4,60.2,Zone 5,47.0,Zone 5,63.7,Zone 5,60.8,Zone 5,66.2,Zone 5,64.1,Zone 5,68.0,Zone 5
Tripura,North Tripura,Ashapara,26.5,2026-09-07,00:45:00,100.0,2026-09-06,00:45:00,2026-09-07 01:01:47,31.350000000000023,Zone 4,64.1,Zone 5,31.3,Zone 4,60.2,Zone 5,47.0,Zone 5,63.7,Zone 5,60.8,Zone 5,66.2,Zone 5,64.1,Zone 5,68.0,Zone 5
Tripura,North Tripura,Eden Laouge,24.1,2026-09-07,00:15:00,,,,2026-09-07 01:01:47,,,,,,,,,,,,,,,,,,,,
Tripura,Sipahijala,Cti,27.0,2026-09-07,00:45:00,100.0,2026-09-06,00:45:00,2026-09-07 01:01:47,32.650000000000034,Zone 4,65.0,Zone 5,32.7,Zone 4,61.3,Zone 5,52.3,Zone 5,64.6,Zone 5,61.8,Zone 5,66.9,Zone 5,65.0,Zone 5,68.7,Zone 5
Tripura,Sipahijala,Sipahijala,26.8,2026-09-07,00:45:00,,,,2026-09-07 01:01:47,,,,,,,,,,,,,,,,,,,,
Tripura,Sipahijala,Sonamura,28.0,2026-09-07,00:45:00,100.0,2026-09-06,00:45:00,2026-09-07 01:01:47,37.150000000000034,Zone 5,66.7,Zone 5,37.1,Zone 5,63.4,Zone 5,59.8,Zone 5,66.3,Zone 5,63.9,Zone 5,68.4,Zone 5,66.7,Zone 5,70.0,Zone 5
Tripura,South Tripura,Sabroom,26.2,2026-09-07,00:45:00,100.0,2026-09-06,00:45:00,2026-09-07 01:01:47,30.55000000000001,Zone 4,63.2,Zone 5,30.1,Zone 4,59.2,Zone 5,42.0,Zone 5,62.8,Zone 5,59.8,Zone 5,65.4,Zone 5,63.2,Zone 5,67.4,Zone 5
Tripura,Unakoti,Kailashahar,26.7,2026-09-07,00:45:00,87.0,2026-09-06,00:45:00,2026-09-07 01:01:47,30.05000000000001,Zone 4,61.3,Zone 5,29.7,Zone 4,50.9,Zone 5,36.5,Zone 4,60.9,Zone 5,53.2,Zone 5,63.8,Zone 5,61.3,Zone 5,66.0,Zone 5
Tripura,West Tripura,Agartala Airport,27.2,2026-09-07,00:45:00,100.0,2026-09-06,00:45:00,2026-09-07 01:01:47,33.25,Zone 4,65.0,Zone 5,32.7,Zone 4,61.3,Zone 5,52.3,Zone 5,64.6,Zone 5,61.8,Zone 5,66.9,Zone 5,65.0,Zone 5,68.7,Zone 5
Tripura,West Tripura,Dm Office West Agartala,27.4,2026-09-07,00:45:00,,,,2026-09-07 01:01:47,,,,,,,,,,,,,,,,,,,,
Tripura,West Tripura,Hrc Nagicherra,26.7,2026-09-07,00:45:00,,,,2026-09-07 01:01:47,,,,,,,,,,,,,,,,,,,,
Tripura,West Tripura,Khumluwang,26.4,2026-09-07,00:45:00,,,,2026-09-07 01:01:47,,,,,,,,,,,,,,,,,,,,
Tripura,West Tripura,Met Agartala,26.7,2026-09-07,00:45:00,100.0,2026-09-06,00:45:00,2026-09-07 01:01:47,31.850000000000023,Zone 4,64.1,Zone 5,31.3,Zone 4,60.2,Zone 5,47.0,Zone 5,63.7,Zone 5,60.8,Zone 5,66.2,Zone 5,64.1,Zone 5,68.0,Zone 5
Tripura,West Tripura,Secretariat,27.6,2026-09-07,00:45:00,,,,2026-09-07 01:01:47,,,,,,,,,,,,,,,,,,,,
Uttarakhand,Almora,Chaubatia Ranikhet,15.6,2026-09-07,00:45:00,100.0,2026-09-06,00:45:00,2026-09-07 01:01:47,16.05000000000001,Zone 3,30.4,Zone 4,15.9,Zone 3,25.8,Zone 4,22.4,Zone 3,30.2,Zone 4,25.9,Zone 4,34.4,Zone 4,30.4,Zone 4,42.1,Zone 5
Uttarakhand,Almora,Matela Kvk,20.1,2026-09-07,00:45:00,100.0,2026-09-06,00:45:00,2026-09-07 01:01:47,21.55000000000001,Zone 3,36.9,Zone 5,21.5,Zone 3,31.3,Zone 4,26.3,Zone 4,36.3,Zone 4,31.7,Zone 4,50.8,Zone 5,36.9,Zone 5,60.0,Zone 5
Uttarakhand,Chamoli,Chamoli,20.3,2026-09-07,00:45:00,73.0,2026-09-06,00:45:00,2026-09-07 01:01:47,20.55000000000001,Zone 3,34.9,Zone 4,20.8,Zone 3,30.3,Zone 4,25.9,Zone 4,34.7,Zone 4,30.5,Zone 4,39.0,Zone 4,34.9,Zone 4,51.4,Zone 5
Uttarakhand,Chamoli,Tharali,,,,17.0,2026-09-06,00:45:00,2026-09-07 01:01:47,,,,,,,,,,,,,,,,,,,,
Uttarakhand,Champawat,Champawat,17.9,2026-09-07,00:45:00,,,,2026-09-07 01:01:47,,,,,,,,,,,,,,,,,,,,
Uttarakhand,Dehradun,Hatibharkala,23.2,2026-09-07,00:45:00,100.0,2026-09-06,00:45:00,2026-09-07 01:01:47,24.950000000000045,Zone 3,55.8,Zone 5,24.8,Zone 3,36.7,Zone 5,31.0,Zone 4,54.3,Zone 5,38.5,Zone 5,61.1,Zone 5,55.8,Zone 5,63.6,Zone 5
Uttarakhand,Dehradun,Jollygrant,28.9,2026-09-07,00:45:00,93.0,2026-09-06,00:45:00,2026-09-07 01:01:47,37.05000000000001,Zone 5,66.9,Zone 5,38.2,Zone 5,63.6,Zone 5,60.1,Zone 5,66.5,Zone 5,64.1,Zone 5,68.5,Zone 5,66.9,Zone 5,70.1,Zone 5
Uttarakhand,Dehradun,Maldevta,,,,100.0,2026-09-06,00:45:00,2026-09-07 01:01:47,,,,,,,,,,,,,,,,,,,,
Uttarakhand,Dehradun,Massouri,19.6,2026-09-07,00:45:00,15.0,2026-09-06,00:45:00,2026-09-07 01:01:47,16.350000000000023,Zone 3,30.4,Zone 4,16.2,Zone 3,27.1,Zone 4,23.3,Zone 3,30.5,Zone 4,27.0,Zone 4,33.7,Zone 4,30.4,Zone 4,36.8,Zone 4
Uttarakhand,Dehradun,Mohakampur,23.4,2026-09-07,00:45:00,99.0,2026-09-06,00:45:00,2026-09-07 01:01:47,25.150000000000034,Zone 3,58.2,Zone 5,25.2,Zone 3,39.2,Zone 5,31.8,Zone 4,56.7,Zone 5,41.2,Zone 5,61.6,Zone 5,58.2,Zone 5,64.1,Zone 5
Uttarakhand,Nainital,Th Kosiyakutoli,26.5,2026-09-07,00:45:00,100.0,2026-09-06,00:45:00,2026-09-07 01:01:47,31.350000000000023,Zone 4,64.1,Zone 5,31.3,Zone 4,60.2,Zone 5,47.0,Zone 5,63.7,Zone 5,60.8,Zone 5,66.2,Zone 5,64.1,Zone 5,68.0,Zone 5
Uttarakhand,Pauri Garhwal,Bharsar,15.5,2026-09-07,00:45:00,100.0,2026-09-06,00:45:00,2026-09-07 01:01:47,15.950000000000045,Zone 3,30.4,Zone 4,15.9,Zone 3,25.8,Zone 4,22.4,Zone 3,30.2,Zone 4,25.9,Zone 4,34.4,Zone 4,30.4,Zone 4,42.1,Zone 5
Uttarakhand,Pauri Garhwal,Srinagar Arg,24.6,2026-09-07,00:45:00,17.0,2026-09-06,00:45:00,2026-09-07 01:01:47,22.650000000000034,Zone 3,34.5,Zone 4,22.5,Zone 3,31.1,Zone 4,27.4,Zone 4,34.5,Zone 4,31.1,Zone 4,37.8,Zone 4,34.5,Zone 4,40.9,Zone 4
Uttarakhand,Rudraprayag,Rudra Prayag,23.4,2026-09-07,00:45:00,97.0,2026-09-06,00:45:00,2026-09-07 01:01:47,25.05000000000001,Zone 3,56.8,Zone 5,25.2,Zone 3,37.7,Zone 5,31.6,Zone 4,55.3,Zone 5,39.5,Zone 5,61.3,Zone 5,56.8,Zone 5,63.8,Zone 5
Uttarakhand,Tehri Garhwal,Devprayag,23.0,2026-09-07,00:45:00,95.0,2026-09-06,00:45:00,2026-09-07 01:01:47,24.650000000000034,Zone 3,52.1,Zone 5,24.6,Zone 3,35.8,Zone 4,30.5,Zone 4,50.5,Zone 5,36.3,Zone 4,60.3,Zone 5,52.1,Zone 5,62.9,Zone 5
Uttarakhand,Tehri Garhwal,Rani Chawri,,,,99.0,2026-09-06,00:45:00,2026-09-07 01:01:47,,,,,,,,,,,,,,,,,,,,
Uttarakhand,Udham Singh Nagar,Kashipur Aws400,25.3,2026-09-07,00:45:00,100.0,2026-09-06,00:45:00,2026-09-07 01:01:47,28.55000000000001,Zone 4,62.4,Zone 5,29.0,Zone 4,55.9,Zone 5,37.6,Zone 5,62.0,Zone 5,58.0,Zone 5,64.7,Zone 5,62.4,Zone 5,66.7,Zone 5
Uttarakhand,Uttarkashi,Purola,21.7,2026-09-07,00:45:00,,,,2026-09-07 01:01:47,,,,,,,,,,,,,,,,,,,,
Uttar Pradesh,Agra,Hydrogen Factory Bindukatra,26.0,2026-09-07,00:45:00,30.0,2026-09-06,00:45:00,2026-09-07 01:01:47,25.150000000000034,Zone 3,37.2,Zone 4,25.2,Zone 3,33.3,Zone 4,29.5,Zone 4,37.0,Zone 4,33.4,Zone 4,40.6,Zone 4,37.2,Zone 4,44.4,Zone 5
Uttar Pradesh,Aligarh,Quarsi Farms Quarsi,29.4,2026-09-07,00:45:00,52.0,2026-09-06,00:45:00,2026-09-07 01:01:47,30.75,Zone 4,52.4,Zone 5,30.9,Zone 4,40.6,Zone 4,36.1,Zone 4,50.9,Zone 5,41.1,Zone 4,60.4,Zone 5,52.4,Zone 5,63.0,Zone 5
Uttar Pradesh,Amethi,Tala Gram 400Aws,26.3,2026-09-07,00:45:00,100.0,2026-09-06,00:45:00,2026-09-07 01:01:47,30.850000000000023,Zone 4,64.1,Zone 5,31.3,Zone 4,60.2,Zone 5,47.0,Zone 5,63.7,Zone 5,60.8,Zone 5,66.2,Zone 5,64.1,Zone 5,68.0,Zone 5
Uttar Pradesh,Amroha,Amroha 400Aws,24.9,2026-09-07,00:45:00,100.0,2026-09-06,00:45:00,2026-09-07 01:01:47,27.75,Zone 4,61.5,Zone 5,28.0,Zone 4,51.8,Zone 5,35.2,Zone 4,61.1,Zone 5,54.1,Zone 5,64.0,Zone 5,61.5,Zone 5,66.1,Zone 5
Uttar Pradesh,Ayodhya,Ayodhya 400Aws,27.1,2026-09-07,00:45:00,100.0,2026-09-06,00:45:00,2026-09-07 01:01:47,32.950000000000045,Zone 4,65.0,Zone 5,32.7,Zone 4,61.3,Zone 5,52.3,Zone 5,64.6,Zone 5,61.8,Zone 5,66.9,Zone 5,65.0,Zone 5,68.7,Zone 5
Uttar Pradesh,Ballia,Ballia  400Aws,27.7,2026-09-07,00:45:00,24.0,2026-09-06,00:45:00,2026-09-07 01:01:47,26.55000000000001,Zone 4,37.9,Zone 4,26.4,Zone 4,34.2,Zone 4,30.5,Zone 4,37.8,Zone 4,34.3,Zone 4,41.3,Zone 4,37.9,Zone 4,44.6,Zone 4
Uttar Pradesh,Ballia,Sukhpura Inter College Ballia,27.9,2026-09-07,00:45:00,98.0,2026-09-06,00:45:00,2026-09-07 01:01:47,34.950000000000045,Zone 4,66.3,Zone 5,35.2,Zone 4,62.9,Zone 5,59.2,Zone 5,65.9,Zone 5,63.4,Zone 5,68.0,Zone 5,66.3,Zone 5,69.6,Zone 5
Uttar Pradesh,Balrampur,Bcml Tulsipur Sugar Mill,26.0,2026-09-07,00:45:00,100.0,2026-09-06,00:45:00,2026-09-07 01:01:47,30.150000000000034,Zone 4,63.2,Zone 5,30.1,Zone 4,59.2,Zone 5,42.0,Zone 5,62.8,Zone 5,59.8,Zone 5,65.4,Zone 5,63.2,Zone 5,67.4,Zone 5
Uttar Pradesh,Banda,Banda 400Aws,,,,100.0,2026-09-06,00:45:00,2026-09-07 01:01:47,,,,,,,,,,,,,,,,,,,,
Uttar Pradesh,Barabanki,Barabanki 400Aws,26.4,2026-09-07,00:45:00,100.0,2026-09-06,00:45:00,2026-09-07 01:01:47,31.05000000000001,Zone 4,64.1,Zone 5,31.3,Zone 4,60.2,Zone 5,47.0,Zone 5,63.7,Zone 5,60.8,Zone 5,66.2,Zone 5,64.1,Zone 5,68.0,Zone 5
Uttar Pradesh,Bareilly,Bareilly Bilwa 400Aws,25.4,2026-09-07,00:45:00,100.0,2026-09-06,00:45:00,2026-09-07 01:01:47,28.75,Zone 4,62.4,Zone 5,29.0,Zone 4,55.9,Zone 5,37.6,Zone 5,62.0,Zone 5,58.0,Zone 5,64.7,Zone 5,62.4,Zone 5,66.7,Zone 5
Uttar Pradesh,Bijnor,Prithvipur 400Aws,25.0,2026-09-07,00:45:00,,,,2026-09-07 01:01:47,,,,,,,,,,,,,,,,,,,,
Uttar Pradesh,Farrukhabad,Farrukhabad 400Aws,25.7,2026-09-07,00:45:00,93.0,2026-09-06,00:45:00,2026-09-07 01:01:47,28.75,Zone 4,60.9,Zone 5,28.3,Zone 4,49.0,Zone 5,35.2,Zone 4,60.5,Zone 5,51.4,Zone 5,63.5,Zone 5,60.9,Zone 5,65.7,Zone 5
Uttar Pradesh,Fatehpur,Fatehpur Kvk,27.0,2026-09-07,00:45:00,,,,2026-09-07 01:01:47,,,,,,,,,,,,,,,,,,,,
Uttar Pradesh,Firozabad,Firozabad 400Aws,25.5,2026-09-07,00:45:00,100.0,2026-09-06,00:45:00,2026-09-07 01:01:47,29.05000000000001,Zone 4,62.4,Zone 5,29.0,Zone 4,55.9,Zone 5,37.6,Zone 5,62.0,Zone 5,58.0,Zone 5,64.7,Zone 5,62.4,Zone 5,66.7,Zone 5
Uttar Pradesh,Gautam Buddha Nagar,Kvk Chholas 400Aws,24.7,2026-09-07,00:45:00,100.0,2026-09-06,00:45:00,2026-09-07 01:01:47,27.350000000000023,Zone 4,60.7,Zone 5,27.0,Zone 4,47.6,Zone 5,34.0,Zone 4,60.2,Zone 5,50.0,Zone 5,63.2,Zone 5,60.7,Zone 5,65.5,Zone 5
Uttar Pradesh,Ghaziabad,Kv2 Airforce Hindon,24.0,2026-09-07,00:45:00,100.0,2026-09-06,00:45:00,2026-09-07 01:01:47,26.150000000000034,Zone 4,59.8,Zone 5,26.1,Zone 4,43.6,Zone 5,32.9,Zone 4,59.4,Zone 5,45.9,Zone 5,62.5,Zone 5,59.8,Zone 5,64.8,Zone 5
Uttar Pradesh,Ghaziabad,Kv Kamala Nehru Nagar,24.5,2026-09-07,00:45:00,100.0,2026-09-06,00:45:00,2026-09-07 01:01:47,27.05000000000001,Zone 4,60.7,Zone 5,27.0,Zone 4,47.6,Zone 5,34.0,Zone 4,60.2,Zone 5,50.0,Zone 5,63.2,Zone 5,60.7,Zone 5,65.5,Zone 5
Uttar Pradesh,Gorakhpur,Met Office Singhariya,27.0,2026-09-07,00:45:00,100.0,2026-09-06,00:45:00,2026-09-07 01:01:47,32.650000000000034,Zone 4,65.0,Zone 5,32.7,Zone 4,61.3,Zone 5,52.3,Zone 5,64.6,Zone 5,61.8,Zone 5,66.9,Zone 5,65.0,Zone 5,68.7,Zone 5
Uttar Pradesh,Hamirpur,Hamirpur 400Aws,26.2,2026-09-07,00:45:00,100.0,2026-09-06,00:45:00,2026-09-07 01:01:47,30.55000000000001,Zone 4,63.2,Zone 5,30.1,Zone 4,59.2,Zone 5,42.0,Zone 5,62.8,Zone 5,59.8,Zone 5,65.4,Zone 5,63.2,Zone 5,67.4,Zone 5
Uttar Pradesh,Hapur,Hapur 400Aws,24.7,2026-09-07,00:45:00,100.0,2026-09-06,00:45:00,2026-09-07 01:01:47,27.350000000000023,Zone 4,60.7,Zone 5,27.0,Zone 4,47.6,Zone 5,34.0,Zone 4,60.2,Zone 5,50.0,Zone 5,63.2,Zone 5,60.7,Zone 5,65.5,Zone 5
Uttar Pradesh,Hardoi,Hardoi 400Aws,25.1,2026-09-07,00:45:00,100.0,2026-09-06,00:45:00,2026-09-07 01:01:47,28.150000000000034,Zone 4,61.5,Zone 5,28.0,Zone 4,51.8,Zone 5,35.2,Zone 4,61.1,Zone 5,54.1,Zone 5,64.0,Zone 5,61.5,Zone 5,66.1,Zone 5
Uttar Pradesh,Jalaun,Jalaun 400Aws,26.2,2026-09-07,00:45:00,100.0,2026-09-06,00:45:00,2026-09-07 01:01:47,30.55000000000001,Zone 4,63.2,Zone 5,30.1,Zone 4,59.2,Zone 5,42.0,Zone 5,62.8,Zone 5,59.8,Zone 5,65.4,Zone 5,63.2,Zone 5,67.4,Zone 5
Uttar Pradesh,Jhansi,Bhundelkhand University,23.1,2026-09-07,00:45:00,,,,2026-09-07 01:01:47,,,,,,,,,,,,,,,,,,,,
Uttar Pradesh,Kashganj,Kashganj 400Aws,25.5,2026-09-07,00:45:00,100.0,2026-09-06,00:45:00,2026-09-07 01:01:47,29.05000000000001,Zone 4,62.4,Zone 5,29.0,Zone 4,55.9,Zone 5,37.6,Zone 5,62.0,Zone 5,58.0,Zone 5,64.7,Zone 5,62.4,Zone 5,66.7,Zone 5
Uttar Pradesh,Kushinagar,Kushinagar Kvk,26.5,2026-09-07,00:45:00,100.0,2026-09-06,00:45:00,2026-09-07 01:01:47,31.350000000000023,Zone 4,64.1,Zone 5,31.3,Zone 4,60.2,Zone 5,47.0,Zone 5,63.7,Zone 5,60.8,Zone 5,66.2,Zone 5,64.1,Zone 5,68.0,Zone 5
Uttar Pradesh,Lucknow,Integral University,28.4,2026-09-07,00:45:00,70.0,2026-09-06,00:45:00,2026-09-07 01:01:47,31.25,Zone 4,60.5,Zone 5,31.4,Zone 4,47.1,Zone 5,37.6,Zone 4,60.1,Zone 5,49.4,Zone 5,63.1,Zone 5,60.5,Zone 5,65.4,Zone 5
Uttar Pradesh,Lucknow,Lucknow Lab,31.7,2026-09-07,00:45:00,69.0,2026-09-06,00:45:00,2026-09-07 01:01:47,38.450000000000045,Zone 4,65.0,Zone 5,37.9,Zone 4,61.3,Zone 5,52.3,Zone 5,64.6,Zone 5,61.8,Zone 5,66.9,Zone 5,65.0,Zone 5,68.7,Zone 5
Uttar Pradesh,Lucknow,Meteorological Centre Amausi,27.1,2026-09-07,00:45:00,100.0,2026-09-06,00:45:00,2026-09-07 01:01:47,32.950000000000045,Zone 4,65.0,Zone 5,32.7,Zone 4,61.3,Zone 5,52.3,Zone 5,64.6,Zone 5,61.8,Zone 5,66.9,Zone 5,65.0,Zone 5,68.7,Zone 5
Uttar Pradesh,Mainpuri,Mainpuri Kvk,25.5,2026-09-07,00:45:00,100.0,2026-09-06,00:45:00,2026-09-07 01:01:47,29.05000000000001,Zone 4,62.4,Zone 5,29.0,Zone 4,55.9,Zone 5,37.6,Zone 5,62.0,Zone 5,58.0,Zone 5,64.7,Zone 5,62.4,Zone 5,66.7,Zone 5
Uttar Pradesh,Mathura,Collectorate Office,26.3,2026-09-07,00:45:00,24.0,2026-09-06,00:45:00,2026-09-07 01:01:47,25.25,Zone 3,37.0,Zone 4,25.4,Zone 4,33.3,Zone 4,29.6,Zone 4,36.9,Zone 4,33.4,Zone 4,40.3,Zone 4,37.0,Zone 4,43.6,Zone 4
Uttar Pradesh,Mathura,Mathura 400Aws,24.9,2026-09-07,00:45:00,100.0,2026-09-06,00:45:00,2026-09-07 01:01:47,27.75,Zone 4,61.5,Zone 5,28.0,Zone 4,51.8,Zone 5,35.2,Zone 4,61.1,Zone 5,54.1,Zone 5,64.0,Zone 5,61.5,Zone 5,66.1,Zone 5
Uttar Pradesh,Mirzapur,Dagmapur 400Aws,27.3,2026-09-07,00:45:00,100.0,2026-09-06,00:45:00,2026-09-07 01:01:47,33.55000000000001,Zone 4,65.8,Zone 5,34.1,Zone 4,62.3,Zone 5,57.3,Zone 5,65.4,Zone 5,62.9,Zone 5,67.7,Zone 5,65.8,Zone 5,69.3,Zone 5
Uttar Pradesh,Moradabad,Ucheti 400Aws,25.2,2026-09-07,00:45:00,100.0,2026-09-06,00:45:00,2026-09-07 01:01:47,28.350000000000023,Zone 4,61.5,Zone 5,28.0,Zone 4,51.8,Zone 5,35.2,Zone 4,61.1,Zone 5,54.1,Zone 5,64.0,Zone 5,61.5,Zone 5,66.1,Zone 5
Uttar Pradesh,Muzaffarnagar,Sohanjani Tajan 400Aws,24.7,2026-09-07,00:45:00,100.0,2026-09-06,00:45:00,2026-09-07 01:01:47,27.350000000000023,Zone 4,60.7,Zone 5,27.0,Zone 4,47.6,Zone 5,34.0,Zone 4,60.2,Zone 5,50.0,Zone 5,63.2,Zone 5,60.7,Zone 5,65.5,Zone 5
Uttar Pradesh,Pratapgarh,Pratapgarh 400Aws,27.0,2026-09-07,00:45:00,100.0,2026-09-06,00:45:00,2026-09-07 01:01:47,32.650000000000034,Zone 4,65.0,Zone 5,32.7,Zone 4,61.3,Zone 5,52.3,Zone 5,64.6,Zone 5,61.8,Zone 5,66.9,Zone 5,65.0,Zone 5,68.7,Zone 5
Uttar Pradesh,Raebareli,Airport Fursatganj,26.3,2026-09-07,00:45:00,100.0,2026-09-06,00:45:00,2026-09-07 01:01:47,30.850000000000023,Zone 4,64.1,Zone 5,31.3,Zone 4,60.2,Zone 5,47.0,Zone 5,63.7,Zone 5,60.8,Zone 5,66.2,Zone 5,64.1,Zone 5,68.0,Zone 5
Uttar Pradesh,Saharanpur,Saharanpur 400Aws,26.0,2026-09-07,00:45:00,98.0,2026-09-06,00:45:00,2026-09-07 01:01:47,29.850000000000023,Zone 4,62.8,Zone 5,29.9,Zone 4,57.9,Zone 5,39.8,Zone 5,62.4,Zone 5,59.3,Zone 5,65.1,Zone 5,62.8,Zone 5,67.1,Zone 5
Uttar Pradesh,Sambhal,Sambhal Paltha 400Aws,24.9,2026-09-07,00:45:00,97.0,2026-09-06,00:45:00,2026-09-07 01:01:47,27.55000000000001,Zone 4,60.9,Zone 5,27.7,Zone 4,48.9,Zone 5,34.7,Zone 4,60.5,Zone 5,51.2,Zone 5,63.4,Zone 5,60.9,Zone 5,65.7,Zone 5
Uttar Pradesh,Shahjahanpur,Shahjahanpur 400Aws,26.4,2026-09-07,00:45:00,50.0,2026-09-06,00:45:00,2026-09-07 01:01:47,26.55000000000001,Zone 4,40.5,Zone 4,26.7,Zone 4,35.9,Zone 4,31.6,Zone 4,40.2,Zone 4,36.2,Zone 4,49.0,Zone 5,40.5,Zone 4,59.6,Zone 5
Uttar Pradesh,Shamli,Shamli 400Aws,25.2,2026-09-07,00:45:00,100.0,2026-09-06,00:45:00,2026-09-07 01:01:47,28.350000000000023,Zone 4,61.5,Zone 5,28.0,Zone 4,51.8,Zone 5,35.2,Zone 4,61.1,Zone 5,54.1,Zone 5,64.0,Zone 5,61.5,Zone 5,66.1,Zone 5
Uttar Pradesh,Sitapur,Ramkot 400Aws,26.6,2026-09-07,00:45:00,,,,2026-09-07 01:01:47,,,,,,,,,,,,,,,,,,,,
Uttar Pradesh,Sultanpur,Krishi Vigyan Kendra Barasin,,,,99.0,2026-09-06,00:45:00,2026-09-07 01:01:47,,,,,,,,,,,,,,,,,,,,
West Bengal,Asansol,Imd Mo Assansol,28.1,2026-09-07,00:45:00,19.0,2026-09-06,00:45:00,2026-09-07 01:01:47,26.650000000000034,Zone 4,37.8,Zone 4,26.6,Zone 4,34.2,Zone 4,30.6,Zone 4,37.7,Zone 4,34.3,Zone 4,41.0,Zone 4,37.8,Zone 4,44.3,Zone 4
West Bengal,Bankura,Bckv College,26.9,2026-09-07,00:45:00,99.0,2026-09-06,00:45:00,2026-09-07 01:01:47,32.25,Zone 4,64.7,Zone 5,32.5,Zone 4,61.0,Zone 5,51.0,Zone 5,64.3,Zone 5,61.6,Zone 5,66.7,Zone 5,64.7,Zone 5,68.5,Zone 5
West Bengal,Cooch Behar,Dinhata Aws400,27.5,2026-09-07,00:45:00,100.0,2026-09-06,00:45:00,2026-09-07 01:01:47,34.150000000000034,Zone 4,65.8,Zone 5,34.1,Zone 4,62.3,Zone 5,57.3,Zone 5,65.4,Zone 5,62.9,Zone 5,67.7,Zone 5,65.8,Zone 5,69.3,Zone 5
West Bengal,Darjeeling,Darjeeling Mo,17.8,2026-09-07,00:45:00,100.0,2026-09-06,00:45:00,2026-09-07 01:01:47,18.850000000000023,Zone 3,33.6,Zone 4,19.1,Zone 3,28.6,Zone 4,24.4,Zone 3,33.3,Zone 4,28.9,Zone 4,40.2,Zone 5,33.6,Zone 4,53.7,Zone 5
West Bengal,Darjeeling,Kharibari,27.2,2026-09-07,00:45:00,100.0,2026-09-06,00:45:00,2026-09-07 01:01:47,33.25,Zone 4,65.0,Zone 5,32.7,Zone 4,61.3,Zone 5,52.3,Zone 5,64.6,Zone 5,61.8,Zone 5,66.9,Zone 5,65.0,Zone 5,68.7,Zone 5
West Bengal,Durgapur,Kzi Airport,27.7,2026-09-07,00:45:00,89.0,2026-09-06,00:45:00,2026-09-07 01:01:47,32.55000000000001,Zone 4,63.4,Zone 5,32.1,Zone 4,59.4,Zone 5,43.1,Zone 5,63.0,Zone 5,60.0,Zone 5,65.6,Zone 5,63.4,Zone 5,67.5,Zone 5
West Bengal,East Burdwan,Kvk Burdwan Budbud,27.8,2026-09-07,00:30:00,,,,2026-09-07 01:01:47,,,,,,,,,,,,,,,,,,,,
West Bengal,Hooghly,Degree College Tarakeswar,,,,68.0,2026-09-06,00:45:00,2026-09-07 01:01:47,,,,,,,,,,,,,,,,,,,,
West Bengal,Howrah,Ramsaday College Amta,28.8,2026-09-07,00:45:00,86.0,2026-09-06,00:45:00,2026-09-07 01:01:47,34.85000000000002,Zone 4,65.2,Zone 5,35.4,Zone 4,61.6,Zone 5,53.9,Zone 5,64.8,Zone 5,62.2,Zone 5,67.1,Zone 5,65.2,Zone 5,68.9,Zone 5
West Bengal,Howrah,Uluberia,29.2,2026-09-07,00:45:00,97.0,2026-09-06,00:45:00,2026-09-07 01:01:47,47.35000000000002,Zone 5,67.8,Zone 5,44.6,Zone 5,64.7,Zone 5,61.5,Zone 5,67.4,Zone 5,65.2,Zone 5,69.3,Zone 5,67.8,Zone 5,70.8,Zone 5
West Bengal,Jalpaiguri,Banarhat,26.1,2026-09-07,00:45:00,86.0,2026-09-06,00:45:00,2026-09-07 01:01:47,28.75,Zone 4,60.3,Zone 5,28.6,Zone 4,45.8,Zone 5,35.2,Zone 4,59.9,Zone 5,48.1,Zone 5,62.9,Zone 5,60.3,Zone 5,65.2,Zone 5
West Bengal,Jalpaiguri,Mal,26.9,2026-09-07,00:15:00,,,,2026-09-07 01:01:47,,,,,,,,,,,,,,,,,,,,
West Bengal,Jalpaiguri,Ramshai Kvk,26.9,2026-09-07,00:45:00,,,,2026-09-07 01:01:47,,,,,,,,,,,,,,,,,,,,
West Bengal,Jalpaiguri,Tra Nagrakata,26.1,2026-09-07,00:45:00,96.0,2026-09-06,00:45:00,2026-09-07 01:01:47,29.850000000000023,Zone 4,62.4,Zone 5,29.6,Zone 4,56.0,Zone 5,37.8,Zone 5,62.0,Zone 5,58.2,Zone 5,64.7,Zone 5,62.4,Zone 5,66.8,Zone 5
West Bengal,Jhargram,Jhargram,26.8,2026-09-07,00:45:00,97.0,2026-09-06,00:45:00,2026-09-07 01:01:47,31.650000000000034,Zone 4,64.3,Zone 5,32.1,Zone 4,60.5,Zone 5,48.4,Zone 5,63.9,Zone 5,61.1,Zone 5,66.4,Zone 5,64.3,Zone 5,68.2,Zone 5
West Bengal,Kolkata,Kolkata Airport,28.8,2026-09-07,00:45:00,97.0,2026-09-06,00:45:00,2026-09-07 01:01:47,42.05000000000001,Zone 5,67.8,Zone 5,44.6,Zone 5,64.7,Zone 5,61.5,Zone 5,67.4,Zone 5,65.2,Zone 5,69.3,Zone 5,67.8,Zone 5,70.8,Zone 5
West Bengal,Kolkata,Ohr 15,27.6,2026-09-07,00:45:00,99.0,2026-09-06,00:45:00,2026-09-07 01:01:47,34.25,Zone 4,65.6,Zone 5,33.9,Zone 4,62.1,Zone 5,56.1,Zone 5,65.2,Zone 5,62.6,Zone 5,67.5,Zone 5,65.6,Zone 5,69.1,Zone 5
West Bengal,Malda,Malda,27.0,2026-09-07,00:45:00,,,,2026-09-07 01:01:47,,,,,,,,,,,,,,,,,,,,
West Bengal,Murshidabad,Murshidabad Kvk,26.5,2026-09-07,00:45:00,94.0,2026-09-06,00:45:00,2026-09-07 01:01:47,30.450000000000045,Zone 4,62.8,Zone 5,30.5,Zone 4,57.9,Zone 5,39.9,Zone 5,62.4,Zone 5,59.3,Zone 5,65.1,Zone 5,62.8,Zone 5,67.1,Zone 5
West Bengal,Nadia,Bijpur,27.7,2026-09-07,00:45:00,100.0,2026-09-06,00:45:00,2026-09-07 01:01:47,34.75,Zone 4,65.8,Zone 5,34.1,Zone 4,62.3,Zone 5,57.3,Zone 5,65.4,Zone 5,62.9,Zone 5,67.7,Zone 5,65.8,Zone 5,69.3,Zone 5
West Bengal,Nadia,Kalyani Amfu,28.2,2026-09-07,00:45:00,100.0,2026-09-06,00:45:00,2026-09-07 01:01:47,39.35000000000002,Zone 5,66.7,Zone 5,37.1,Zone 5,63.4,Zone 5,59.8,Zone 5,66.3,Zone 5,63.9,Zone 5,68.4,Zone 5,66.7,Zone 5,70.0,Zone 5
West Bengal,North Dinajpur,Raiganj,26.8,2026-09-07,00:30:00,99.0,2026-09-06,00:30:00,2026-09-07 01:01:47,31.950000000000045,Zone 4,64.7,Zone 5,32.5,Zone 4,61.0,Zone 5,51.0,Zone 5,64.3,Zone 5,61.6,Zone 5,66.7,Zone 5,64.7,Zone 5,68.5,Zone 5
West Bengal,North Twenty Four Parganas,Ashoknagar Kvk,28.6,2026-09-07,00:45:00,,,,2026-09-07 01:01:47,,,,,,,,,,,,,,,,,,,,
West Bengal,North Twenty Four Parganas,Barrackpore Aws400,28.3,2026-09-07,00:45:00,85.0,2026-09-06,00:45:00,2026-09-07 01:01:47,33.35000000000002,Zone 4,64.2,Zone 5,33.9,Zone 4,60.3,Zone 5,47.5,Zone 5,63.8,Zone 5,60.9,Zone 5,66.2,Zone 5,64.2,Zone 5,68.1,Zone 5
West Bengal,North Twenty Four Parganas,Basirhat,28.1,2026-09-07,00:45:00,96.0,2026-09-06,00:45:00,2026-09-07 01:01:47,35.05000000000001,Zone 4,65.8,Zone 5,34.8,Zone 4,62.3,Zone 5,57.3,Zone 5,65.4,Zone 5,62.9,Zone 5,67.6,Zone 5,65.8,Zone 5,69.3,Zone 5
West Bengal,North Twenty Four Parganas,Jisu Agarpara,29.6,2026-09-07,00:45:00,90.0,2026-09-06,00:45:00,2026-09-07 01:01:47,40.35000000000002,Zone 5,67.0,Zone 5,39.2,Zone 5,63.8,Zone 5,60.3,Zone 5,66.6,Zone 5,64.3,Zone 5,68.7,Zone 5,67.0,Zone 5,70.2,Zone 5
West Bengal,Purba Mednipur,Imd Mo Digha,29.1,2026-09-07,00:45:00,,,,2026-09-07 01:01:47,,,,,,,,,,,,,,,,,,,,
West Bengal,Purulia,Purulia Kvk,26.4,2026-09-07,00:45:00,,,,2026-09-07 01:01:47,,,,,,,,,,,,,,,,,,,,
West Bengal,South Dinajpur,Balurghat,27.2,2026-09-07,00:45:00,100.0,2026-09-06,00:45:00,2026-09-07 01:01:47,33.25,Zone 4,65.0,Zone 5,32.7,Zone 4,61.3,Zone 5,52.3,Zone 5,64.6,Zone 5,61.8,Zone 5,66.9,Zone 5,65.0,Zone 5,68.7,Zone 5
West Bengal,South Dinajpur,Majhian Amfu,27.2,2026-09-07,00:45:00,100.0,2026-09-06,00:45:00,2026-09-07 01:01:47,33.25,Zone 4,65.0,Zone 5,32.7,Zone 4,61.3,Zone 5,52.3,Zone 5,64.6,Zone 5,61.8,Zone 5,66.9,Zone 5,65.0,Zone 5,68.7,Zone 5
West Bengal,South Twenty Four Parganas,Gangasagar,29.1,2026-09-07,00:45:00,,,,2026-09-07 01:01:47,,,,,,,,,,,,,,,,,,,,
West Bengal,South Twenty Four Parganas,Nimpith,28.7,2026-09-07,00:45:00,100.0,2026-09-06,00:45:00,2026-09-07 01:01:47,45.75,Zone 5,67.6,Zone 5,43.1,Zone 5,64.5,Zone 5,61.2,Zone 5,67.2,Zone 5,65.0,Zone 5,69.2,Zone 5,67.6,Zone 5,70.6,Zone 5
West Bengal,South Twenty Four Parganas,Ramkrishna Mission College,28.1,2026-09-07,00:45:00,,,,2026-09-07 01:01:47,,,,,,,,,,,,,,,,,,,,
,,,,,,,,,2026-09-07 01:01:47,,,,,,,,,,,,,,,,,,,,
,,,,,,,,,2026-09-07 01:01:47,,,,,,,,,,,,,,,,,,,,
,,,,,,,,,2026-09-07 01:01:47,,,,,,,,,,,,,,,,,,,,
,,,,,,,,,2026-09-07 01:01:47,,,,,,,,,,,,,,,,,,,,
